date,venue_name,race_no,race_type,weather,wind_dir,wind_ms,wave_cm,rank,waku,reg_no,name,motor_no,boat_no,exhibition_time,course_enter,st_timing,race_time,won3,won3_pay,won3_pop,won2,won2_pay,won2_pop,trio,trio_pay,trio_pop,pair,pair_pay,pair_pop,lap_time,turn_time,straight_time,lap_rank,turn_rank,straight_rank,exhibition_eval
20250717,三国,1,みくにあさイ,雨,南東,5,5,1,1,4568,廣 瀬 真 也,29,19,6.72,1,0.09,1.51.8,1-5-2,3280,10,1-5,1450,4,1-2-5,720,4,1-5,1000,4,,,,,,,
20250717,三国,1,みくにあさイ,雨,南東,5,5,2,5,3889,須 藤 隆 雄,45,48,6.81,5,0.12,1.53.7,1-5-2,3280,10,1-5,1450,4,1-2-5,720,4,1-5,1000,4,,,,,,,
20250717,三国,1,みくにあさイ,雨,南東,5,5,3,2,3313,本 吉 正 樹,49,55,6.72,2,0.13,1.55.1,1-5-2,3280,10,1-5,1450,4,1-2-5,720,4,1-5,1000,4,,,,,,,
20250717,三国,1,みくにあさイ,雨,南東,5,5,4,4,4904,松 本 一 毅,69,35,6.80,4,0.26,1.56.4,1-5-2,3280,10,1-5,1450,4,1-2-5,720,4,1-5,1000,4,,,,,,,
20250717,三国,1,みくにあさイ,雨,南東,5,5,5,6,3891,谷 口 健 一,60,27,6.81,6,0.11,,1-5-2,3280,10,1-5,1450,4,1-2-5,720,4,1-5,1000,4,,,,,,,
20250717,三国,1,みくにあさイ,雨,南東,5,5,6,3,3616,中 村 真,34,58,6.80,3,0.16,,1-5-2,3280,10,1-5,1450,4,1-2-5,720,4,1-5,1000,4,,,,,,,
20250717,三国,2,みくにあさガ,曇り,南東,5,5,1,1,3822,平 尾 崇 典,13,38,6.63,1,0.14,1.52.1,1-4-2,570,2,1-4,410,2,1-2-4,180,1,1-4,230,2,,,,,,,
20250717,三国,2,みくにあさガ,曇り,南東,5,5,2,4,5280,廣 瀬 凜,11,12,6.73,4,0.20,1.53.4,1-4-2,570,2,1-4,410,2,1-2-4,180,1,1-4,230,2,,,,,,,
20250717,三国,2,みくにあさガ,曇り,南東,5,5,3,2,4254,川 島 圭 司,70,13,6.73,2,0.11,1.54.9,1-4-2,570,2,1-4,410,2,1-2-4,180,1,1-4,230,2,,,,,,,
20250717,三国,2,みくにあさガ,曇り,南東,5,5,4,3,3306,武 田 正 紀,51,50,6.74,3,0.15,1.56.0,1-4-2,570,2,1-4,410,2,1-2-4,180,1,1-4,230,2,,,,,,,
20250717,三国,2,みくにあさガ,曇り,南東,5,5,5,6,3459,中 野 和 裕,12,57,6.76,6,0.19,,1-4-2,570,2,1-4,410,2,1-2-4,180,1,1-4,230,2,,,,,,,
20250717,三国,2,みくにあさガ,曇り,南東,5,5,6,5,4866,橋 本 英 一,66,22,6.82,5,0.21,,1-4-2,570,2,1-4,410,2,1-2-4,180,1,1-4,230,2,,,,,,,
20250717,三国,3,みくにあさズ,曇り,南東,2,2,1,1,3562,山 下 和 彦,33,66,6.71,1,0.04,1.51.0,1-2-6,4920,13,1-2,590,3,1-2-6,2730,7,1-2,340,2,,,,,,,
20250717,三国,3,みくにあさズ,曇り,南東,2,2,2,2,3584,佐々木 英 樹,20,62,6.81,3,0.12,1.51.9,1-2-6,4920,13,1-2,590,3,1-2-6,2730,7,1-2,340,2,,,,,,,
20250717,三国,3,みくにあさズ,曇り,南東,2,2,3,6,3455,谷 本 幸 司,44,69,6.81,6,0.21,1.53.4,1-2-6,4920,13,1-2,590,3,1-2-6,2730,7,1-2,340,2,,,,,,,
20250717,三国,3,みくにあさズ,曇り,南東,2,2,4,3,5121,定 松 勇 樹,23,16,6.79,2,0.11,1.54.7,1-2-6,4920,13,1-2,590,3,1-2-6,2730,7,1-2,340,2,,,,,,,
20250717,三国,3,みくにあさズ,曇り,南東,2,2,5,4,3680,森 林 太,42,20,6.81,4,0.21,,1-2-6,4920,13,1-2,590,3,1-2-6,2730,7,1-2,340,2,,,,,,,
20250717,三国,3,みくにあさズ,曇り,南東,2,2,6,5,5263,花 田 凱 成,53,17,6.77,5,0.18,,1-2-6,4920,13,1-2,590,3,1-2-6,2730,7,1-2,340,2,,,,,,,
20250717,三国,4,みくにあさ推,曇り,南東,5,5,1,3,5321,一 色 颯 輝,36,18,6.75,3,0.19,1.52.5,3-6-4,6220,27,3-6,3070,12,3-4-6,860,5,3-6,1770,7,,,,,,,
20250717,三国,4,みくにあさ推,曇り,南東,5,5,2,6,3256,三 角 哲 男,56,71,6.75,6,0.27,1.53.2,3-6-4,6220,27,3-6,3070,12,3-4-6,860,5,3-6,1770,7,,,,,,,
20250717,三国,4,みくにあさ推,曇り,南東,5,5,3,4,4237,大 峯 豊,40,51,6.86,4,0.31,1.54.9,3-6-4,6220,27,3-6,3070,12,3-4-6,860,5,3-6,1770,7,,,,,,,
20250717,三国,4,みくにあさ推,曇り,南東,5,5,4,1,4247,齊 藤 優,18,34,6.70,1,0.16,1.56.1,3-6-4,6220,27,3-6,3070,12,3-4-6,860,5,3-6,1770,7,,,,,,,
20250717,三国,4,みくにあさ推,曇り,南東,5,5,5,2,5045,平 川 香 織,52,36,6.79,2,0.27,,3-6-4,6220,27,3-6,3070,12,3-4-6,860,5,3-6,1770,7,,,,,,,
20250717,三国,4,みくにあさ推,曇り,南東,5,5,6,5,4744,伊 藤 玲 奈,32,49,6.90,5,0.33,,3-6-4,6220,27,3-6,3070,12,3-4-6,860,5,3-6,1770,7,,,,,,,
20250717,三国,5,一般,曇り,南東,4,4,1,1,5033,藤 原 孝 斗,15,39,6.81,1,0.16,1.51.5,1-4-5,1120,4,1-4,460,2,1-4-5,200,1,1-4,280,2,,,,,,,
20250717,三国,5,一般,曇り,南東,4,4,2,4,4504,前 田 将 太,39,46,6.63,4,0.21,1.52.8,1-4-5,1120,4,1-4,460,2,1-4-5,200,1,1-4,280,2,,,,,,,
20250717,三国,5,一般,曇り,南東,4,4,3,5,4886,入 海 馨,26,60,6.73,5,0.22,1.53.9,1-4-5,1120,4,1-4,460,2,1-4-5,200,1,1-4,280,2,,,,,,,
20250717,三国,5,一般,曇り,南東,4,4,4,2,3989,熊 本 英 一,50,33,6.80,2,0.22,1.54.7,1-4-5,1120,4,1-4,460,2,1-4-5,200,1,1-4,280,2,,,,,,,
20250717,三国,5,一般,曇り,南東,4,4,5,3,4705,吉 川 勇 作,63,53,6.83,3,0.18,,1-4-5,1120,4,1-4,460,2,1-4-5,200,1,1-4,280,2,,,,,,,
20250717,三国,5,一般,曇り,南東,4,4,6,6,5380,野 田 亜 湖,41,54,6.77,6,0.59,,1-4-5,1120,4,1-4,460,2,1-4-5,200,1,1-4,280,2,,,,,,,
20250717,三国,6,一般,曇り,南東,4,4,1,6,4188,久 田 敏 之,43,26,6.77,2,0.12,1.51.4,6-1-4,430,1,6-1,320,1,1-4-6,150,1,1-6,220,1,,,,,,,
20250717,三国,6,一般,曇り,南東,4,4,2,1,4661,中 島 昂 章,22,42,6.79,1,0.11,1.53.4,6-1-4,430,1,6-1,320,1,1-4-6,150,1,1-6,220,1,,,,,,,
20250717,三国,6,一般,曇り,南東,4,4,3,4,4521,小 池 公 生,48,56,6.83,5,0.17,1.54.8,6-1-4,430,1,6-1,320,1,1-4-6,150,1,1-6,220,1,,,,,,,
20250717,三国,6,一般,曇り,南東,4,4,4,2,5331,佐 藤 永 梧,17,43,6.75,3,0.15,1.56.8,6-1-4,430,1,6-1,320,1,1-4-6,150,1,1-6,220,1,,,,,,,
20250717,三国,6,一般,曇り,南東,4,4,5,5,5324,畑 田 希 咲,38,63,6.80,6,0.16,,6-1-4,430,1,6-1,320,1,1-4-6,150,1,1-6,220,1,,,,,,,
20250717,三国,6,一般,曇り,南東,4,4,6,3,4714,喜多須 杏 奈,65,44,6.86,4,0.22,,6-1-4,430,1,6-1,320,1,1-4-6,150,1,1-6,220,1,,,,,,,
20250717,三国,7,一般,雨,南東,7,7,1,6,3576,白 水 勝 也,59,14,6.76,5,0.14,1.52.7,6-5-1,20770,52,6-5,6280,18,1-5-6,2780,9,5-6,4230,11,,,,,,,
20250717,三国,7,一般,雨,南東,7,7,2,5,5153,佐 藤 ほのか,25,64,6.74,6,0.27,1.54.9,6-5-1,20770,52,6-5,6280,18,1-5-6,2780,9,5-6,4230,11,,,,,,,
20250717,三国,7,一般,雨,南東,7,7,3,1,3503,堂 原 洋 史,14,21,6.71,1,0.21,1.55.1,6-5-1,20770,52,6-5,6280,18,1-5-6,2780,9,5-6,4230,11,,,,,,,
20250717,三国,7,一般,雨,南東,7,7,4,3,4904,松 本 一 毅,69,35,6.78,3,0.19,1.57.2,6-5-1,20770,52,6-5,6280,18,1-5-6,2780,9,5-6,4230,11,,,,,,,
20250717,三国,7,一般,雨,南東,7,7,5,2,5263,花 田 凱 成,53,17,6.74,2,0.24,,6-5-1,20770,52,6-5,6280,18,1-5-6,2780,9,5-6,4230,11,,,,,,,
20250717,三国,7,一般,雨,南東,7,7,6,4,3306,武 田 正 紀,51,50,6.78,4,0.14,,6-5-1,20770,52,6-5,6280,18,1-5-6,2780,9,5-6,4230,11,,,,,,,
20250717,三国,8,一般,雨,南東,8,8,1,1,3921,川 村 正 輝,21,65,6.82,1,0.07,1.52.5,1-2-5,1100,4,1-2,460,2,1-2-5,410,3,1-2,270,1,,,,,,,
20250717,三国,8,一般,雨,南東,8,8,2,2,4866,橋 本 英 一,66,22,6.90,2,0.08,1.54.0,1-2-5,1100,4,1-2,460,2,1-2-5,410,3,1-2,270,1,,,,,,,
20250717,三国,8,一般,雨,南東,8,8,3,5,5045,平 川 香 織,52,36,6.78,4,0.13,1.55.4,1-2-5,1100,4,1-2,460,2,1-2-5,410,3,1-2,270,1,,,,,,,
20250717,三国,8,一般,雨,南東,8,8,4,3,3680,森 林 太,42,20,6.85,3,0.06,1.57.8,1-2-5,1100,4,1-2,460,2,1-2-5,410,3,1-2,270,1,,,,,,,
20250717,三国,8,一般,雨,南東,8,8,5,6,5322,根 岸 真 優,28,61,6.70,5,0.08,,1-2-5,1100,4,1-2,460,2,1-2-5,410,3,1-2,270,1,,,,,,,
20250717,三国,9,一般,雨,南東,8,8,1,4,4442,松 竹 大 輔,61,45,6.78,4,0.11,1.15.0,4-6-1,1970,5,4-6,870,4,1-4-6,420,1,4-6,740,4,,,,,,,
20250717,三国,9,一般,雨,南東,8,8,2,6,4117,廣 中 智紗衣,64,40,6.78,6,0.24,1.15.4,4-6-1,1970,5,4-6,870,4,1-4-6,420,1,4-6,740,4,,,,,,,
20250717,三国,9,一般,雨,南東,8,8,3,1,3455,谷 本 幸 司,44,69,6.73,1,0.07,1.15.6,4-6-1,1970,5,4-6,870,4,1-4-6,420,1,4-6,740,4,,,,,,,
20250717,三国,9,一般,雨,南東,8,8,4,5,3989,熊 本 英 一,50,33,6.76,5,0.21,1.17.4,4-6-1,1970,5,4-6,870,4,1-4-6,420,1,4-6,740,4,,,,,,,
20250717,三国,9,一般,雨,南東,8,8,5,2,3889,須 藤 隆 雄,45,48,6.77,2,0.11,,4-6-1,1970,5,4-6,870,4,1-4-6,420,1,4-6,740,4,,,,,,,
20250717,三国,9,一般,雨,南東,8,8,6,3,4744,伊 藤 玲 奈,32,49,6.82,3,0.19,,4-6-1,1970,5,4-6,870,4,1-4-6,420,1,4-6,740,4,,,,,,,
20250717,三国,10,準優勝戦,雨,南,8,8,1,4,5121,定 松 勇 樹,23,16,6.80,4,0.16,1.13.3,4-2-1,4690,15,4-2,3020,7,1-2-4,230,1,2-4,1520,4,,,,,,,
20250717,三国,10,準優勝戦,雨,南,8,8,2,2,4886,入 海 馨,26,60,6.74,2,0.09,1.14.3,4-2-1,4690,15,4-2,3020,7,1-2-4,230,1,2-4,1520,4,,,,,,,
20250717,三国,10,準優勝戦,雨,南,8,8,3,1,3256,三 角 哲 男,56,71,6.71,1,0.12,1.14.6,4-2-1,4690,15,4-2,3020,7,1-2-4,230,1,2-4,1520,4,,,,,,,
20250717,三国,10,準優勝戦,雨,南,8,8,4,3,5280,廣 瀬 凜,11,12,6.78,3,0.14,1.15.2,4-2-1,4690,15,4-2,3020,7,1-2-4,230,1,2-4,1520,4,,,,,,,
20250717,三国,10,準優勝戦,雨,南,8,8,5,5,3313,本 吉 正 樹,49,55,6.77,5,0.24,,4-2-1,4690,15,4-2,3020,7,1-2-4,230,1,2-4,1520,4,,,,,,,
20250717,三国,10,準優勝戦,雨,南,8,8,6,6,4661,中 島 昂 章,22,42,6.75,6,0.34,,4-2-1,4690,15,4-2,3020,7,1-2-4,230,1,2-4,1520,4,,,,,,,
20250717,三国,11,準優勝戦,雨,南,6,6,1,1,4237,大 峯 豊,40,51,6.77,1,0.14,1.15.2,1-3-2,620,2,1-3,240,1,1-2-3,170,1,1-3,210,1,,,,,,,
20250717,三国,11,準優勝戦,雨,南,6,6,2,3,3822,平 尾 崇 典,13,38,6.73,3,0.13,1.16.2,1-3-2,620,2,1-3,240,1,1-2-3,170,1,1-3,210,1,,,,,,,
20250717,三国,11,準優勝戦,雨,南,6,6,3,2,4521,小 池 公 生,48,56,6.80,2,0.13,1.17.1,1-3-2,620,2,1-3,240,1,1-2-3,170,1,1-3,210,1,,,,,,,
20250717,三国,11,準優勝戦,雨,南,6,6,4,4,4568,廣 瀬 真 也,29,19,6.73,4,0.13,1.18.0,1-3-2,620,2,1-3,240,1,1-2-3,170,1,1-3,210,1,,,,,,,
20250717,三国,11,準優勝戦,雨,南,6,6,5,5,3584,佐々木 英 樹,20,62,6.87,5,0.17,,1-3-2,620,2,1-3,240,1,1-2-3,170,1,1-3,210,1,,,,,,,
20250717,三国,11,準優勝戦,雨,南,6,6,6,6,5033,藤 原 孝 斗,15,39,6.89,6,0.19,,1-3-2,620,2,1-3,240,1,1-2-3,170,1,1-3,210,1,,,,,,,
20250717,三国,12,準優勝戦,雨,南,3,3,1,2,4504,前 田 将 太,39,46,6.65,2,0.09,1.12.9,2-4-1,8300,15,2-4,4110,8,1-2-4,230,1,2-4,2040,5,,,,,,,
20250717,三国,12,準優勝戦,雨,南,3,3,2,4,3562,山 下 和 彦,33,66,6.72,4,0.11,1.13.8,2-4-1,8300,15,2-4,4110,8,1-2-4,230,1,2-4,2040,5,,,,,,,
20250717,三国,12,準優勝戦,雨,南,3,3,3,1,4188,久 田 敏 之,43,26,6.69,1,0.09,1.14.6,2-4-1,8300,15,2-4,4110,8,1-2-4,230,1,2-4,2040,5,,,,,,,
20250717,三国,12,準優勝戦,雨,南,3,3,4,5,4247,齊 藤 優,18,34,6.74,6,0.11,1.15.7,2-4-1,8300,15,2-4,4110,8,1-2-4,230,1,2-4,2040,5,,,,,,,
20250717,三国,12,準優勝戦,雨,南,3,3,5,6,3503,堂 原 洋 史,14,21,6.77,5,0.15,,2-4-1,8300,15,2-4,4110,8,1-2-4,230,1,2-4,2040,5,,,,,,,
20250717,三国,12,準優勝戦,雨,南,3,3,6,3,4254,川 島 圭 司,70,13,6.75,3,0.11,,2-4-1,8300,15,2-4,4110,8,1-2-4,230,1,2-4,2040,5,,,,,,,
20250717,下関,1,予選,晴,東,5,5,1,1,4890,石 川 諒,55,63,6.93,1,0.05,1.51.3,1-4-5,3220,9,1-4,450,2,1-4-5,1040,6,1-4,550,3,,,,,,,
20250717,下関,1,予選,晴,東,5,5,2,4,4813,宮 内 直 哉,31,70,6.88,4,0.31,1.53.0,1-4-5,3220,9,1-4,450,2,1-4-5,1040,6,1-4,550,3,,,,,,,
20250717,下関,1,予選,晴,東,5,5,3,5,3807,岡 部 哲,59,42,6.96,5,0.15,1.54.5,1-4-5,3220,9,1-4,450,2,1-4-5,1040,6,1-4,550,3,,,,,,,
20250717,下関,1,予選,晴,東,5,5,4,6,4121,富 永 修 一,56,48,6.95,6,0.12,1.55.3,1-4-5,3220,9,1-4,450,2,1-4-5,1040,6,1-4,550,3,,,,,,,
20250717,下関,1,予選,晴,東,5,5,5,3,4005,瀬 川 公 則,12,38,6.93,3,0.10,,1-4-5,3220,9,1-4,450,2,1-4-5,1040,6,1-4,550,3,,,,,,,
20250717,下関,1,予選,晴,東,5,5,6,2,4143,浦 田 晃 嗣,21,40,6.91,2,0.12,,1-4-5,3220,9,1-4,450,2,1-4-5,1040,6,1-4,550,3,,,,,,,
20250717,下関,2,予選,曇り,東,6,6,1,1,4425,大 井 清 貴,14,60,6.94,1,0.16,1.51.5,1-3-5,1760,7,1-3,440,1,1-3-5,590,2,1-3,410,2,,,,,,,
20250717,下関,2,予選,曇り,東,6,6,2,3,3805,高 橋 英 之,22,64,6.99,3,0.11,1.52.8,1-3-5,1760,7,1-3,440,1,1-3-5,590,2,1-3,410,2,,,,,,,
20250717,下関,2,予選,曇り,東,6,6,3,5,4367,山 口 修 路,71,27,6.91,5,0.21,1.53.8,1-3-5,1760,7,1-3,440,1,1-3-5,590,2,1-3,410,2,,,,,,,
20250717,下関,2,予選,曇り,東,6,6,4,6,3467,森 弘 行,19,73,6.94,6,0.22,1.56.2,1-3-5,1760,7,1-3,440,1,1-3-5,590,2,1-3,410,2,,,,,,,
20250717,下関,2,予選,曇り,東,6,6,5,4,5143,常 盤 海 心,24,17,6.98,4,0.17,,1-3-5,1760,7,1-3,440,1,1-3-5,590,2,1-3,410,2,,,,,,,
20250717,下関,2,予選,曇り,東,6,6,6,2,4981,牧 山 敦 也,36,12,6.98,2,0.16,,1-3-5,1760,7,1-3,440,1,1-3-5,590,2,1-3,410,2,,,,,,,
20250717,下関,3,予選,曇り,東,6,6,1,4,5218,山 田 理 央,48,25,6.89,4,0.15,1.50.9,4-3-6,18770,52,4-3,7570,20,3-4-6,1770,8,3-4,1960,8,,,,,,,
20250717,下関,3,予選,曇り,東,6,6,2,3,3928,林 恵 祐,23,18,6.96,3,0.17,1.52.8,4-3-6,18770,52,4-3,7570,20,3-4-6,1770,8,3-4,1960,8,,,,,,,
20250717,下関,3,予選,曇り,東,6,6,3,6,4734,安河内 将,73,54,7.03,5,0.23,1.53.8,4-3-6,18770,52,4-3,7570,20,3-4-6,1770,8,3-4,1960,8,,,,,,,
20250717,下関,3,予選,曇り,東,6,6,4,1,3315,広 瀬 聖 仁,11,59,6.91,1,0.25,1.55.0,4-3-6,18770,52,4-3,7570,20,3-4-6,1770,8,3-4,1960,8,,,,,,,
20250717,下関,3,予選,曇り,東,6,6,5,2,5066,鈴 木 孝 明,17,23,6.92,2,0.24,,4-3-6,18770,52,4-3,7570,20,3-4-6,1770,8,3-4,1960,8,,,,,,,
20250717,下関,3,予選,曇り,東,6,6,6,5,5397,寺 田 夢 生,40,50,6.89,6,0.36,,4-3-6,18770,52,4-3,7570,20,3-4-6,1770,8,3-4,1960,8,,,,,,,
20250717,下関,4,予選,曇り,東,5,5,1,2,4853,前 原 哉,62,55,6.88,2,0.03,1.51.5,2-1-5,1790,6,2-1,1230,6,1-2-5,220,1,1-2,530,2,,,,,,,
20250717,下関,4,予選,曇り,東,5,5,2,1,3574,大 神 康 司,54,43,6.96,1,0.01,1.52.0,2-1-5,1790,6,2-1,1230,6,1-2-5,220,1,1-2,530,2,,,,,,,
20250717,下関,4,予選,曇り,東,5,5,3,5,3554,仲 口 博 崇,35,33,6.89,3,0.12,1.53.9,2-1-5,1790,6,2-1,1230,6,1-2-5,220,1,1-2,530,2,,,,,,,
20250717,下関,4,予選,曇り,東,5,5,4,3,4251,川 崎 誠 志,43,66,6.92,4,0.14,1.54.7,2-1-5,1790,6,2-1,1230,6,1-2-5,220,1,1-2,530,2,,,,,,,
20250717,下関,4,予選,曇り,東,5,5,5,6,5367,赤 松 咲 香,57,30,6.85,6,0.13,,2-1-5,1790,6,2-1,1230,6,1-2-5,220,1,1-2,530,2,,,,,,,
20250717,下関,4,予選,曇り,東,5,5,6,4,5259,野 田 昇 吾,30,15,6.90,5,0.38,,2-1-5,1790,6,2-1,1230,6,1-2-5,220,1,1-2,530,2,,,,,,,
20250717,下関,5,シーモ戦,雨,東,5,5,1,1,4335,若 林 将,20,65,7.01,1,0.08,1.50.2,1-3-2,1520,7,1-3,400,2,1-2-3,740,4,1-3,430,3,,,,,,,
20250717,下関,5,シーモ戦,雨,東,5,5,2,3,3831,安 藤 裕 貴,51,22,7.01,3,0.04,1.52.3,1-3-2,1520,7,1-3,400,2,1-2-3,740,4,1-3,430,3,,,,,,,
20250717,下関,5,シーモ戦,雨,東,5,5,3,2,5146,野 田 彩 加,39,67,6.99,2,0.09,1.53.5,1-3-2,1520,7,1-3,400,2,1-2-3,740,4,1-3,430,3,,,,,,,
20250717,下関,5,シーモ戦,雨,東,5,5,4,4,4899,占 部 一 真,46,37,7.02,4,0.16,1.54.3,1-3-2,1520,7,1-3,400,2,1-2-3,740,4,1-3,430,3,,,,,,,
20250717,下関,5,シーモ戦,雨,東,5,5,5,6,4596,葛 原 大 陽,28,69,6.98,6,0.14,,1-3-2,1520,7,1-3,400,2,1-2-3,740,4,1-3,430,3,,,,,,,
20250717,下関,5,シーモ戦,雨,東,5,5,6,5,4302,西 野 翔 太,68,62,6.95,5,0.13,,1-3-2,1520,7,1-3,400,2,1-2-3,740,4,1-3,430,3,,,,,,,
20250717,下関,6,予選,雨,東,4,4,1,2,4367,山 口 修 路,71,27,6.92,2,0.15,1.50.2,2-1-5,25860,52,2-1,1780,6,1-2-5,4500,10,1-2,320,2,,,,,,,
20250717,下関,6,予選,雨,東,4,4,2,1,3939,渡 辺 真 至,66,58,6.88,1,0.17,1.52.1,2-1-5,25860,52,2-1,1780,6,1-2-5,4500,10,1-2,320,2,,,,,,,
20250717,下関,6,予選,雨,東,4,4,3,5,4005,瀬 川 公 則,12,38,6.97,5,0.25,1.53.8,2-1-5,25860,52,2-1,1780,6,1-2-5,4500,10,1-2,320,2,,,,,,,
20250717,下関,6,予選,雨,東,4,4,4,4,5087,佐 藤 航,33,45,6.88,4,0.18,1.53.9,2-1-5,25860,52,2-1,1780,6,1-2-5,4500,10,1-2,320,2,,,,,,,
20250717,下関,6,予選,雨,東,4,4,5,3,4009,小 林 一 樹,60,39,6.90,3,0.12,,2-1-5,25860,52,2-1,1780,6,1-2-5,4500,10,1-2,320,2,,,,,,,
20250717,下関,6,予選,雨,東,4,4,6,6,3434,松 尾 宣 邦,25,20,6.94,6,0.38,,2-1-5,25860,52,2-1,1780,6,1-2-5,4500,10,1-2,320,2,,,,,,,
20250717,下関,7,ふく～る特賞,雨,東,5,5,1,3,3952,中 澤 和 志,65,24,6.85,3,0.06,1.50.7,3-1-2,2200,10,3-1,390,2,1-2-3,590,3,1-3,190,1,,,,,,,
20250717,下関,7,ふく～る特賞,雨,東,5,5,2,1,4674,池 田 剛 規,34,52,6.89,1,0.11,1.52.1,3-1-2,2200,10,3-1,390,2,1-2-3,590,3,1-3,190,1,,,,,,,
20250717,下関,7,ふく～る特賞,雨,東,5,5,3,2,3863,海老澤 泰 行,45,47,6.97,2,0.11,1.53.5,3-1-2,2200,10,3-1,390,2,1-2-3,590,3,1-3,190,1,,,,,,,
20250717,下関,7,ふく～る特賞,雨,東,5,5,4,5,4890,石 川 諒,55,63,6.86,5,0.07,1.55.6,3-1-2,2200,10,3-1,390,2,1-2-3,590,3,1-3,190,1,,,,,,,
20250717,下関,7,ふく～る特賞,雨,東,5,5,5,6,5373,諏 訪 玲 奈,53,11,6.84,6,0.16,,3-1-2,2200,10,3-1,390,2,1-2-3,590,3,1-3,190,1,,,,,,,
20250717,下関,7,ふく～る特賞,雨,東,5,5,6,4,4951,新 田 洋 一,61,61,6.89,4,0.11,,3-1-2,2200,10,3-1,390,2,1-2-3,590,3,1-3,190,1,,,,,,,
20250717,下関,8,予選 進入固定,曇り,東,4,4,1,1,5015,高 橋 竜 矢,50,13,6.91,1,0.07,1.50.0,1-3-2,1090,6,1-3,250,1,1-2-3,590,3,1-3,260,2,,,,,,,
20250717,下関,8,予選 進入固定,曇り,東,4,4,2,3,3315,広 瀬 聖 仁,11,59,6.91,3,0.11,1.52.7,1-3-2,1090,6,1-3,250,1,1-2-3,590,3,1-3,260,2,,,,,,,
20250717,下関,8,予選 進入固定,曇り,東,4,4,3,2,3807,岡 部 哲,59,42,6.98,2,0.14,1.54.7,1-3-2,1090,6,1-3,250,1,1-2-3,590,3,1-3,260,2,,,,,,,
20250717,下関,8,予選 進入固定,曇り,東,4,4,4,6,4251,川 崎 誠 志,43,66,6.84,6,0.33,1.55.2,1-3-2,1090,6,1-3,250,1,1-2-3,590,3,1-3,260,2,,,,,,,
20250717,下関,8,予選 進入固定,曇り,東,4,4,5,5,4693,松 下 誉 士,27,68,6.85,5,0.29,,1-3-2,1090,6,1-3,250,1,1-2-3,590,3,1-3,260,2,,,,,,,
20250717,下関,8,予選 進入固定,曇り,東,4,4,6,4,4981,牧 山 敦 也,36,12,6.87,4,0.21,,1-3-2,1090,6,1-3,250,1,1-2-3,590,3,1-3,260,2,,,,,,,
20250717,下関,9,予選,曇り,東,4,4,1,1,3611,岩 崎 芳 美,37,51,6.84,1,0.13,1.50.8,1-2-3,750,2,1-2,310,1,1-2-3,290,1,1-2,270,2,,,,,,,
20250717,下関,9,予選,曇り,東,4,4,2,2,5189,藤 原 早 菜,42,46,6.84,2,0.18,1.51.9,1-2-3,750,2,1-2,310,1,1-2-3,290,1,1-2,270,2,,,,,,,
20250717,下関,9,予選,曇り,東,4,4,3,3,5146,野 田 彩 加,39,67,6.91,3,0.15,1.52.3,1-2-3,750,2,1-2,310,1,1-2-3,290,1,1-2,270,2,,,,,,,
20250717,下関,9,予選,曇り,東,4,4,4,5,4853,前 原 哉,62,55,6.91,4,0.19,1.53.5,1-2-3,750,2,1-2,310,1,1-2-3,290,1,1-2,270,2,,,,,,,
20250717,下関,9,予選,曇り,東,4,4,5,4,5291,三 嶌 こころ,44,49,6.92,5,0.19,,1-2-3,750,2,1-2,310,1,1-2-3,290,1,1-2,270,2,,,,,,,
20250717,下関,9,予選,曇り,東,4,4,6,6,5397,寺 田 夢 生,40,50,6.83,6,0.25,,1-2-3,750,2,1-2,310,1,1-2-3,290,1,1-2,270,2,,,,,,,
20250717,下関,10,予選特賞,曇り,東,4,4,1,6,5218,山 田 理 央,48,25,6.86,4,0.12,1.50.2,6-2-4,18730,43,6-2,2760,8,2-4-6,5380,12,2-6,2320,6,,,,,,,
20250717,下関,10,予選特賞,曇り,東,4,4,2,2,4596,葛 原 大 陽,28,69,6.99,2,0.19,1.52.0,6-2-4,18730,43,6-2,2760,8,2-4-6,5380,12,2-6,2320,6,,,,,,,
20250717,下関,10,予選特賞,曇り,東,4,4,3,4,4143,浦 田 晃 嗣,21,40,6.89,5,0.12,1.53.5,6-2-4,18730,43,6-2,2760,8,2-4-6,5380,12,2-6,2320,6,,,,,,,
20250717,下関,10,予選特賞,曇り,東,4,4,4,1,5087,佐 藤 航,33,45,6.86,1,0.19,1.53.6,6-2-4,18730,43,6-2,2760,8,2-4-6,5380,12,2-6,2320,6,,,,,,,
20250717,下関,10,予選特賞,曇り,東,4,4,5,5,4425,大 井 清 貴,14,60,6.96,6,0.24,,6-2-4,18730,43,6-2,2760,8,2-4-6,5380,12,2-6,2320,6,,,,,,,
20250717,下関,10,予選特賞,曇り,東,4,4,6,3,3574,大 神 康 司,54,43,6.96,3,0.29,,6-2-4,18730,43,6-2,2760,8,2-4-6,5380,12,2-6,2320,6,,,,,,,
20250717,下関,11,予選特選,曇り,東,3,3,1,1,4302,西 野 翔 太,68,62,6.86,1,0.14,1.50.5,1-3-2,1530,5,1-3,430,2,1-2-3,400,1,1-3,430,2,,,,,,,
20250717,下関,11,予選特選,曇り,東,3,3,2,3,3939,渡 辺 真 至,66,58,6.90,3,0.08,1.51.6,1-3-2,1530,5,1-3,430,2,1-2-3,400,1,1-3,430,2,,,,,,,
20250717,下関,11,予選特選,曇り,東,3,3,3,2,3805,高 橋 英 之,22,64,6.87,2,0.11,1.53.2,1-3-2,1530,5,1-3,430,2,1-2-3,400,1,1-3,430,2,,,,,,,
20250717,下関,11,予選特選,曇り,東,3,3,4,4,4121,富 永 修 一,56,48,6.91,4,0.07,1.54.5,1-3-2,1530,5,1-3,430,2,1-2-3,400,1,1-3,430,2,,,,,,,
20250717,下関,11,予選特選,曇り,東,3,3,5,5,5066,鈴 木 孝 明,17,23,6.88,6,0.15,,1-3-2,1530,5,1-3,430,2,1-2-3,400,1,1-3,430,2,,,,,,,
20250717,下関,11,予選特選,曇り,東,3,3,6,6,4951,新 田 洋 一,61,61,6.86,5,0.07,,1-3-2,1530,5,1-3,430,2,1-2-3,400,1,1-3,430,2,,,,,,,
20250717,下関,12,ドリーム戦,雨,南東,1,1,1,3,4335,若 林 将,20,65,6.90,3,0.21,1.49.5,3-1-4,4770,15,3-1,1510,5,1-3-4,420,2,1-3,210,1,,,,,,,
20250717,下関,12,ドリーム戦,雨,南東,1,1,2,1,3952,中 澤 和 志,65,24,6.81,1,0.26,1.51.3,3-1-4,4770,15,3-1,1510,5,1-3-4,420,2,1-3,210,1,,,,,,,
20250717,下関,12,ドリーム戦,雨,南東,1,1,3,4,4734,安河内 将,73,54,6.91,4,0.19,1.53.3,3-1-4,4770,15,3-1,1510,5,1-3-4,420,2,1-3,210,1,,,,,,,
20250717,下関,12,ドリーム戦,雨,南東,1,1,4,5,5015,高 橋 竜 矢,50,13,6.91,5,0.17,1.53.6,3-1-4,4770,15,3-1,1510,5,1-3-4,420,2,1-3,210,1,,,,,,,
20250717,下関,12,ドリーム戦,雨,南東,1,1,5,6,4009,小 林 一 樹,60,39,6.87,6,0.15,,3-1-4,4770,15,3-1,1510,5,1-3-4,420,2,1-3,210,1,,,,,,,
20250717,下関,12,ドリーム戦,雨,南東,1,1,6,2,3554,仲 口 博 崇,35,33,6.81,2,0.31,,3-1-4,4770,15,3-1,1510,5,1-3-4,420,2,1-3,210,1,,,,,,,
20250717,唐津,1,朝１戦,晴,南,4,4,1,1,3606,川 北 浩 貴,41,37,6.76,1,0.07,1.51.2,1-3-2,2280,12,1-3,570,2,1-2-3,610,4,1-3,370,1,,,,,,,
20250717,唐津,1,朝１戦,晴,南,4,4,2,3,3964,宮 地 博 士,46,57,6.80,3,0.09,1.52.5,1-3-2,2280,12,1-3,570,2,1-2-3,610,4,1-3,370,1,,,,,,,
20250717,唐津,1,朝１戦,晴,南,4,4,3,2,3922,菅 沼 佳 昭,31,38,6.74,2,0.11,1.54.7,1-3-2,2280,12,1-3,570,2,1-2-3,610,4,1-3,370,1,,,,,,,
20250717,唐津,1,朝１戦,晴,南,4,4,4,4,4213,重 富 伸 也,29,15,6.58,4,0.15,1.55.8,1-3-2,2280,12,1-3,570,2,1-2-3,610,4,1-3,370,1,,,,,,,
20250717,唐津,1,朝１戦,晴,南,4,4,5,5,3867,松 浦 勝,57,60,6.75,5,0.11,1.56.9,1-3-2,2280,12,1-3,570,2,1-2-3,610,4,1-3,370,1,,,,,,,
20250717,唐津,1,朝１戦,晴,南,4,4,6,6,5417,小 柳 勝 希,26,29,6.73,6,0.07,1.58.9,1-3-2,2280,12,1-3,570,2,1-2-3,610,4,1-3,370,1,,,,,,,
20250717,唐津,2,モー２ング戦,晴,南,4,4,1,1,4812,西 野 雄 貴,28,2,6.77,1,0.26,1.50.1,1-3-2,530,2,1-3,400,2,1-2-3,150,1,1-3,260,2,,,,,,,
20250717,唐津,2,モー２ング戦,晴,南,4,4,2,3,4871,菊 池 宏 志,54,10,6.76,3,0.13,1.52.2,1-3-2,530,2,1-3,400,2,1-2-3,150,1,1-3,260,2,,,,,,,
20250717,唐津,2,モー２ング戦,晴,南,4,4,3,2,4292,麻 生 慎 介,67,20,6.80,2,0.23,1.54.0,1-3-2,530,2,1-3,400,2,1-2-3,150,1,1-3,260,2,,,,,,,
20250717,唐津,2,モー２ング戦,晴,南,4,4,4,6,3273,石 田 豪,60,25,6.75,6,0.05,1.54.7,1-3-2,530,2,1-3,400,2,1-2-3,150,1,1-3,260,2,,,,,,,
20250717,唐津,2,モー２ング戦,晴,南,4,4,5,5,3953,志 道 吉 和,65,33,6.75,5,0.12,1.56.8,1-3-2,530,2,1-3,400,2,1-2-3,150,1,1-3,260,2,,,,,,,
20250717,唐津,2,モー２ング戦,晴,南,4,4,6,4,5312,川 辺 郭 人,17,6,6.76,4,0.11,1.59.4,1-3-2,530,2,1-3,400,2,1-2-3,150,1,1-3,260,2,,,,,,,
20250717,唐津,3,３ライズ戦,晴,南,5,5,1,3,4640,山ノ内 雅 人,55,43,6.74,3,0.15,1.50.7,3-1-5,2510,8,3-1,580,2,1-3-5,640,3,1-3,120,1,,,,,,,
20250717,唐津,3,３ライズ戦,晴,南,5,5,2,1,4879,山 崎 鉄 平,49,42,6.74,1,0.13,1.52.3,3-1-5,2510,8,3-1,580,2,1-3-5,640,3,1-3,120,1,,,,,,,
20250717,唐津,3,３ライズ戦,晴,南,5,5,3,5,3776,横 井 健 太,68,34,6.80,5,0.22,1.53.4,3-1-5,2510,8,3-1,580,2,1-3-5,640,3,1-3,120,1,,,,,,,
20250717,唐津,3,３ライズ戦,晴,南,5,5,4,6,3715,倉 尾 大 介,21,52,6.76,6,0.25,1.54.2,3-1-5,2510,8,3-1,580,2,1-3-5,640,3,1-3,120,1,,,,,,,
20250717,唐津,3,３ライズ戦,晴,南,5,5,5,2,4978,山 田 和 佐,16,21,6.75,2,0.21,1.55.6,3-1-5,2510,8,3-1,580,2,1-3-5,640,3,1-3,120,1,,,,,,,
20250717,唐津,3,３ライズ戦,晴,南,5,5,6,4,4007,榮 田 将 彦,53,28,6.77,4,0.09,1.58.0,3-1-5,2510,8,3-1,580,2,1-3-5,640,3,1-3,120,1,,,,,,,
20250717,唐津,4,おは４戦,晴,南,4,4,1,1,4111,奥 田 誠,48,12,6.74,1,0.11,1.50.3,1-5-2,1260,5,1-5,770,5,1-2-5,220,1,1-5,400,3,,,,,,,
20250717,唐津,4,おは４戦,晴,南,4,4,2,5,4448,青 木 玄 太,61,58,6.74,5,0.16,1.51.4,1-5-2,1260,5,1-5,770,5,1-2-5,220,1,1-5,400,3,,,,,,,
20250717,唐津,4,おは４戦,晴,南,4,4,3,2,4296,岡 崎 恭 裕,24,47,6.76,2,0.13,1.53.2,1-5-2,1260,5,1-5,770,5,1-2-5,220,1,1-5,400,3,,,,,,,
20250717,唐津,4,おは４戦,晴,南,4,4,4,6,4588,田 中 京 介,14,3,6.75,6,0.18,1.53.3,1-5-2,1260,5,1-5,770,5,1-2-5,220,1,1-5,400,3,,,,,,,
20250717,唐津,4,おは４戦,晴,南,4,4,5,3,4035,杉 江 浩 明,40,46,6.78,3,0.18,1.56.4,1-5-2,1260,5,1-5,770,5,1-2-5,220,1,1-5,400,3,,,,,,,
20250717,唐津,4,おは４戦,晴,南,4,4,6,4,5309,森 雄 利,42,24,6.73,4,0.26,1.57.1,1-5-2,1260,5,1-5,770,5,1-2-5,220,1,1-5,400,3,,,,,,,
20250717,唐津,5,レッツ５特賞,晴,南,4,4,1,1,4650,中 山 雄 太,44,51,6.75,1,0.12,1.51.4,1-2-6,2520,9,1-2,540,3,1-2-6,810,5,1-2,390,2,,,,,,,
20250717,唐津,5,レッツ５特賞,晴,南,4,4,2,2,5041,荒 牧 凪 沙,19,8,6.64,2,0.17,1.52.6,1-2-6,2520,9,1-2,540,3,1-2-6,810,5,1-2,390,2,,,,,,,
20250717,唐津,5,レッツ５特賞,晴,南,4,4,3,6,4213,重 富 伸 也,29,15,6.62,5,0.21,1.54.9,1-2-6,2520,9,1-2,540,3,1-2-6,810,5,1-2,390,2,,,,,,,
20250717,唐津,5,レッツ５特賞,晴,南,4,4,4,4,5199,垂 水 悠,66,5,6.77,4,0.19,1.55.2,1-2-6,2520,9,1-2,540,3,1-2-6,810,5,1-2,390,2,,,,,,,
20250717,唐津,5,レッツ５特賞,晴,南,4,4,5,3,3527,中 嶋 誠一郎,50,31,6.79,3,0.17,1.56.9,1-2-6,2520,9,1-2,540,3,1-2-6,810,5,1-2,390,2,,,,,,,
20250717,唐津,5,レッツ５特賞,晴,南,4,4,6,5,5348,小 林 甘 寧,38,35,6.79,6,0.26,1.57.6,1-2-6,2520,9,1-2,540,3,1-2-6,810,5,1-2,390,2,,,,,,,
20250717,唐津,6,予選,晴,南,4,4,1,3,4772,石 丸 海 渡,20,7,6.76,3,0.08,1.50.7,3-1-4,1210,1,3-1,490,2,1-3-4,420,1,1-3,280,1,,,,,,,
20250717,唐津,6,予選,晴,南,4,4,2,1,3953,志 道 吉 和,65,33,6.74,1,0.19,1.52.8,3-1-4,1210,1,3-1,490,2,1-3-4,420,1,1-3,280,1,,,,,,,
20250717,唐津,6,予選,晴,南,4,4,3,4,4873,蒲 原 健 太,34,48,6.86,4,0.19,1.53.4,3-1-4,1210,1,3-1,490,2,1-3-4,420,1,1-3,280,1,,,,,,,
20250717,唐津,6,予選,晴,南,4,4,4,2,3663,木 山 和 幸,25,55,6.76,2,0.09,1.55.3,3-1-4,1210,1,3-1,490,2,1-3-4,420,1,1-3,280,1,,,,,,,
20250717,唐津,6,予選,晴,南,4,4,5,6,4948,木 場 悠 介,52,30,6.72,6,0.18,1.56.2,3-1-4,1210,1,3-1,490,2,1-3-4,420,1,1-3,280,1,,,,,,,
20250717,唐津,6,予選,晴,南,4,4,6,5,3922,菅 沼 佳 昭,31,38,6.77,5,0.19,2.02.0,3-1-4,1210,1,3-1,490,2,1-3-4,420,1,1-3,280,1,,,,,,,
20250717,唐津,7,予選,晴,南,4,4,1,1,4007,榮 田 将 彦,53,28,6.75,1,0.12,1.50.9,1-2-3,1830,9,1-2,450,1,1-2-3,840,3,1-2,360,2,,,,,,,
20250717,唐津,7,予選,晴,南,4,4,2,2,4471,新 田 泰 章,64,16,6.77,2,0.14,1.53.7,1-2-3,1830,9,1-2,450,1,1-2-3,840,3,1-2,360,2,,,,,,,
20250717,唐津,7,予選,晴,南,4,4,3,3,3211,北 川 敏 弘,63,56,6.76,3,0.14,1.54.6,1-2-3,1830,9,1-2,450,1,1-2-3,840,3,1-2,360,2,,,,,,,
20250717,唐津,7,予選,晴,南,4,4,4,4,4475,末 永 祐 輝,32,53,6.75,4,0.23,1.54.6,1-2-3,1830,9,1-2,450,1,1-2-3,840,3,1-2,360,2,,,,,,,
20250717,唐津,7,予選,晴,南,4,4,5,6,4871,菊 池 宏 志,54,10,6.79,5,0.23,1.56.5,1-2-3,1830,9,1-2,450,1,1-2-3,840,3,1-2,360,2,,,,,,,
20250717,唐津,7,予選,晴,南,4,4,6,5,5417,小 柳 勝 希,26,29,6.79,6,0.27,1.59.7,1-2-3,1830,9,1-2,450,1,1-2-3,840,3,1-2,360,2,,,,,,,
20250717,唐津,8,８っぴータイ,晴,南,4,4,1,1,3867,松 浦 勝,57,60,6.79,1,0.21,1.51.8,1-2-4,5600,21,1-2,1400,6,1-2-4,2020,7,1-2,1110,5,,,,,,,
20250717,唐津,8,８っぴータイ,晴,南,4,4,2,2,3975,小野寺 智 洋,62,1,6.83,2,0.27,1.53.2,1-2-4,5600,21,1-2,1400,6,1-2-4,2020,7,1-2,1110,5,,,,,,,
20250717,唐津,8,８っぴータイ,晴,南,4,4,3,4,3776,横 井 健 太,68,34,6.85,4,0.26,1.54.0,1-2-4,5600,21,1-2,1400,6,1-2-4,2020,7,1-2,1110,5,,,,,,,
20250717,唐津,8,８っぴータイ,晴,南,4,4,4,6,5309,森 雄 利,42,24,6.71,6,0.19,1.55.0,1-2-4,5600,21,1-2,1400,6,1-2-4,2020,7,1-2,1110,5,,,,,,,
20250717,唐津,8,８っぴータイ,晴,南,4,4,5,3,4604,岩 瀬 裕 亮,18,19,6.74,3,0.26,1.56.0,1-2-4,5600,21,1-2,1400,6,1-2-4,2020,7,1-2,1110,5,,,,,,,
20250717,唐津,8,８っぴータイ,晴,南,4,4,6,5,3273,石 田 豪,60,25,6.82,5,0.25,1.57.9,1-2-4,5600,21,1-2,1400,6,1-2-4,2020,7,1-2,1110,5,,,,,,,
20250717,唐津,9,予選,晴,南,4,4,1,3,4111,奥 田 誠,48,12,6.81,3,0.15,1.50.8,3-4-2,4040,14,3-4,1370,6,2-3-4,1170,4,3-4,590,3,,,,,,,
20250717,唐津,9,予選,晴,南,4,4,2,4,4064,原 田 篤 志,47,45,6.82,4,0.16,1.52.7,3-4-2,4040,14,3-4,1370,6,2-3-4,1170,4,3-4,590,3,,,,,,,
20250717,唐津,9,予選,晴,南,4,4,3,2,3964,宮 地 博 士,46,57,6.77,2,0.30,1.54.4,3-4-2,4040,14,3-4,1370,6,2-3-4,1170,4,3-4,590,3,,,,,,,
20250717,唐津,9,予選,晴,南,4,4,4,5,5312,川 辺 郭 人,17,6,6.79,5,0.11,1.56.0,3-4-2,4040,14,3-4,1370,6,2-3-4,1170,4,3-4,590,3,,,,,,,
20250717,唐津,9,予選,晴,南,4,4,5,1,4978,山 田 和 佐,16,21,6.77,1,0.39,1.57.6,3-4-2,4040,14,3-4,1370,6,2-3-4,1170,4,3-4,590,3,,,,,,,
20250717,唐津,9,予選,晴,南,4,4,6,6,5348,小 林 甘 寧,38,35,6.76,6,0.15,1.58.9,3-4-2,4040,14,3-4,1370,6,2-3-4,1170,4,3-4,590,3,,,,,,,
20250717,唐津,10,予選特賞,晴,南,4,4,1,3,4296,岡 崎 恭 裕,24,47,6.72,3,0.18,1.51.2,3-2-6,3770,17,3-2,760,4,2-3-6,1780,9,2-3,490,2,,,,,,,
20250717,唐津,10,予選特賞,晴,南,4,4,2,2,4873,蒲 原 健 太,34,48,6.76,2,0.19,1.52.1,3-2-6,3770,17,3-2,760,4,2-3-6,1780,9,2-3,490,2,,,,,,,
20250717,唐津,10,予選特賞,晴,南,4,4,3,6,4292,麻 生 慎 介,67,20,6.82,6,0.18,1.53.7,3-2-6,3770,17,3-2,760,4,2-3-6,1780,9,2-3,490,2,,,,,,,
20250717,唐津,10,予選特賞,晴,南,4,4,4,1,4315,山 崎 昂 介,15,54,6.73,1,0.23,1.55.5,3-2-6,3770,17,3-2,760,4,2-3-6,1780,9,2-3,490,2,,,,,,,
20250717,唐津,10,予選特賞,晴,南,4,4,5,5,5041,荒 牧 凪 沙,19,8,6.64,5,0.18,1.56.4,3-2-6,3770,17,3-2,760,4,2-3-6,1780,9,2-3,490,2,,,,,,,
20250717,唐津,10,予選特賞,晴,南,4,4,6,4,3606,川 北 浩 貴,41,37,6.75,4,0.17,1.56.9,3-2-6,3770,17,3-2,760,4,2-3-6,1780,9,2-3,490,2,,,,,,,
20250717,唐津,11,宝当特選,晴,南,4,4,1,2,4448,青 木 玄 太,61,58,6.79,2,0.17,1.50.3,2-1-6,3200,11,2-1,350,1,1-2-6,1500,6,1-2,190,1,,,,,,,
20250717,唐津,11,宝当特選,晴,南,4,4,2,1,3527,中 嶋 誠一郎,50,31,6.78,1,0.19,1.52.2,2-1-6,3200,11,2-1,350,1,1-2-6,1500,6,1-2,190,1,,,,,,,
20250717,唐津,11,宝当特選,晴,南,4,4,3,6,3663,木 山 和 幸,25,55,6.78,5,0.11,1.53.6,2-1-6,3200,11,2-1,350,1,1-2-6,1500,6,1-2,190,1,,,,,,,
20250717,唐津,11,宝当特選,晴,南,4,4,4,5,4253,西 川 真 人,59,22,6.84,6,0.12,1.55.0,2-1-6,3200,11,2-1,350,1,1-2-6,1500,6,1-2,190,1,,,,,,,
20250717,唐津,11,宝当特選,晴,南,4,4,5,3,4879,山 崎 鉄 平,49,42,6.84,3,0.21,1.55.1,2-1-6,3200,11,2-1,350,1,1-2-6,1500,6,1-2,190,1,,,,,,,
20250717,唐津,11,宝当特選,晴,南,4,4,6,4,5330,安河内 鈴之介,13,44,6.73,4,0.24,1.57.4,2-1-6,3200,11,2-1,350,1,1-2-6,1500,6,1-2,190,1,,,,,,,
20250717,唐津,12,からっキー選,晴,南,5,5,1,1,4604,岩 瀬 裕 亮,18,19,6.71,1,0.13,1.50.0,1-4-2,1410,6,1-4,320,2,1-2-4,440,2,1-4,460,3,,,,,,,
20250717,唐津,12,からっキー選,晴,南,5,5,2,4,4812,西 野 雄 貴,28,2,6.84,2,0.15,1.51.1,1-4-2,1410,6,1-4,320,2,1-2-4,440,2,1-4,460,3,,,,,,,
20250717,唐津,12,からっキー選,晴,南,5,5,3,2,4588,田 中 京 介,14,3,6.81,3,0.15,1.53.2,1-4-2,1410,6,1-4,320,2,1-2-4,440,2,1-4,460,3,,,,,,,
20250717,唐津,12,からっキー選,晴,南,5,5,4,6,4640,山ノ内 雅 人,55,43,6.76,6,0.17,1.54.6,1-4-2,1410,6,1-4,320,2,1-2-4,440,2,1-4,460,3,,,,,,,
20250717,唐津,12,からっキー選,晴,南,5,5,5,3,4650,中 山 雄 太,44,51,6.79,4,0.15,1.55.7,1-4-2,1410,6,1-4,320,2,1-2-4,440,2,1-4,460,3,,,,,,,
20250717,唐津,12,からっキー選,晴,南,5,5,6,5,4475,末 永 祐 輝,32,53,6.87,5,0.21,1.55.9,1-4-2,1410,6,1-4,320,2,1-2-4,440,2,1-4,460,3,,,,,,,
20250717,多摩川,1,予選,晴,南,3,3,1,5,4519,清 水 沙 樹,61,55,6.68,5,0.14,1.50.4,5-1-6,1310,3,5-1,390,1,1-5-6,450,2,1-5,370,2,,,,,,,
20250717,多摩川,1,予選,晴,南,3,3,2,1,4893,渡 邉 真奈美,19,32,6.76,1,0.31,1.51.4,5-1-6,1310,3,5-1,390,1,1-5-6,450,2,1-5,370,2,,,,,,,
20250717,多摩川,1,予選,晴,南,3,3,3,6,4918,川 島 拓 郎,22,29,6.78,6,0.20,1.52.5,5-1-6,1310,3,5-1,390,1,1-5-6,450,2,1-5,370,2,,,,,,,
20250717,多摩川,1,予選,晴,南,3,3,4,2,3981,今 坂 晃 広,43,35,6.77,2,0.26,1.55.5,5-1-6,1310,3,5-1,390,1,1-5-6,450,2,1-5,370,2,,,,,,,
20250717,多摩川,1,予選,晴,南,3,3,5,4,5347,井 澤 聖 奈,70,45,6.77,4,0.28,,5-1-6,1310,3,5-1,390,1,1-5-6,450,2,1-5,370,2,,,,,,,
20250717,多摩川,1,予選,晴,南,3,3,6,3,3620,信 濃 由 行,16,75,6.84,3,0.23,,5-1-6,1310,3,5-1,390,1,1-5-6,450,2,1-5,370,2,,,,,,,
20250717,多摩川,2,予選,晴,南,6,3,1,2,3305,小 野 信 樹,55,38,6.71,2,0.31,1.50.7,2-3-5,22370,81,2-3,3430,15,2-3-5,6340,18,2-3,1480,9,,,,,,,
20250717,多摩川,2,予選,晴,南,6,3,2,3,3462,竹 上 真 司,31,52,6.71,3,0.31,1.51.5,2-3-5,22370,81,2-3,3430,15,2-3-5,6340,18,2-3,1480,9,,,,,,,
20250717,多摩川,2,予選,晴,南,6,3,3,5,3790,佐 口 達 也,58,36,6.78,6,0.32,1.53.5,2-3-5,22370,81,2-3,3430,15,2-3-5,6340,18,2-3,1480,9,,,,,,,
20250717,多摩川,2,予選,晴,南,6,3,4,6,3422,服 部 幸 男,46,73,6.72,4,0.31,1.54.4,2-3-5,22370,81,2-3,3430,15,2-3-5,6340,18,2-3,1480,9,,,,,,,
20250717,多摩川,2,予選,晴,南,6,3,5,4,4901,出 口 舞有子,53,65,6.72,5,0.30,,2-3-5,22370,81,2-3,3430,15,2-3-5,6340,18,2-3,1480,9,,,,,,,
20250717,多摩川,2,予選,晴,南,6,3,6,1,3346,宮 本 裕 之,60,85,6.75,1,0.44,,2-3-5,22370,81,2-3,3430,15,2-3-5,6340,18,2-3,1480,9,,,,,,,
20250717,多摩川,3,予選,晴,南,4,3,1,5,3482,金 子 猛 志,63,64,6.72,5,0.09,1.50.1,5-4-2,12930,37,5-4,4080,12,2-4-5,500,2,4-5,1390,5,,,,,,,
20250717,多摩川,3,予選,晴,南,4,3,2,4,3294,野 中 義 生,25,77,6.77,4,0.06,1.50.6,5-4-2,12930,37,5-4,4080,12,2-4-5,500,2,4-5,1390,5,,,,,,,
20250717,多摩川,3,予選,晴,南,4,3,3,2,4067,永 井 源,29,58,6.64,2,0.33,1.52.4,5-4-2,12930,37,5-4,4080,12,2-4-5,500,2,4-5,1390,5,,,,,,,
20250717,多摩川,3,予選,晴,南,4,3,4,6,5085,中 村 栄 治,27,63,6.73,6,0.08,1.54.3,5-4-2,12930,37,5-4,4080,12,2-4-5,500,2,4-5,1390,5,,,,,,,
20250717,多摩川,3,予選,晴,南,4,3,5,1,3652,森 下 勇,49,22,6.72,1,0.21,,5-4-2,12930,37,5-4,4080,12,2-4-5,500,2,4-5,1390,5,,,,,,,
20250717,多摩川,3,予選,晴,南,4,3,6,3,4110,小 澤 和 也,13,54,6.87,3,0.32,,5-4-2,12930,37,5-4,4080,12,2-4-5,500,2,4-5,1390,5,,,,,,,
20250717,多摩川,4,予選,晴,南,5,3,1,1,3748,小 黒 竜 吾,66,84,6.67,1,0.23,1.55.1,1-2-4,4330,15,1-2,1160,4,1-2-4,970,4,1-2,290,2,,,,,,,
20250717,多摩川,4,予選,晴,南,5,3,2,2,4042,丸 岡 正 典,26,41,6.64,2,0.27,1.57.1,1-2-4,4330,15,1-2,1160,4,1-2-4,970,4,1-2,290,2,,,,,,,
20250717,多摩川,4,予選,晴,南,5,3,3,4,3827,今 泉 徹,18,21,6.75,4,0.23,1.58.0,1-2-4,4330,15,1-2,1160,4,1-2-4,970,4,1-2,290,2,,,,,,,
20250717,多摩川,4,予選,晴,南,5,3,4,3,4076,杉 田 篤 光,11,31,6.72,3,0.26,2.00.6,1-2-4,4330,15,1-2,1160,4,1-2-4,970,4,1-2,290,2,,,,,,,
20250717,多摩川,4,予選,晴,南,5,3,5,6,4562,阪 本 勇 介,40,30,6.74,6,0.24,,1-2-4,4330,15,1-2,1160,4,1-2-4,970,4,1-2,290,2,,,,,,,
20250717,多摩川,5,予選,晴,南,4,2,1,1,4491,田 中 堅,33,74,6.66,1,0.19,1.49.3,1-2-4,1440,3,1-2,350,1,1-2-4,730,3,1-2,230,1,,,,,,,
20250717,多摩川,5,予選,晴,南,4,2,2,2,4293,鈴 木 智 啓,52,83,6.73,2,0.14,1.50.6,1-2-4,1440,3,1-2,350,1,1-2-4,730,3,1-2,230,1,,,,,,,
20250717,多摩川,5,予選,晴,南,4,2,3,4,5316,村 松 将 平,71,82,6.65,4,0.03,1.51.1,1-2-4,1440,3,1-2,350,1,1-2-4,730,3,1-2,230,1,,,,,,,
20250717,多摩川,5,予選,晴,南,4,2,4,3,3448,高 山 秀 雄,67,62,6.70,3,0.08,1.52.8,1-2-4,1440,3,1-2,350,1,1-2-4,730,3,1-2,230,1,,,,,,,
20250717,多摩川,5,予選,晴,南,4,2,5,6,3874,山 本 寛 久,62,81,6.68,6,0.12,,1-2-4,1440,3,1-2,350,1,1-2-4,730,3,1-2,230,1,,,,,,,
20250717,多摩川,5,予選,晴,南,4,2,6,5,4940,白 石 有 美,23,60,6.76,5,0.05,,1-2-4,1440,3,1-2,350,1,1-2-4,730,3,1-2,230,1,,,,,,,
20250717,多摩川,6,予選,晴,南,4,2,1,5,4144,石 塚 久 也,51,67,6.78,5,0.16,1.49.7,5-2-4,5400,26,5-2,2490,10,2-4-5,840,5,2-5,1200,6,,,,,,,
20250717,多摩川,6,予選,晴,南,4,2,2,2,3414,加 瀬 智 宏,14,27,6.88,2,0.17,1.51.4,5-2-4,5400,26,5-2,2490,10,2-4-5,840,5,2-5,1200,6,,,,,,,
20250717,多摩川,6,予選,晴,南,4,2,3,4,4903,吉 田 凌太朗,48,25,6.84,4,0.16,1.53.5,5-2-4,5400,26,5-2,2490,10,2-4-5,840,5,2-5,1200,6,,,,,,,
20250717,多摩川,6,予選,晴,南,4,2,4,3,3981,今 坂 晃 広,43,35,6.83,3,0.15,1.54.7,5-2-4,5400,26,5-2,2490,10,2-4-5,840,5,2-5,1200,6,,,,,,,
20250717,多摩川,6,予選,晴,南,4,2,5,1,4358,松 本 庸 平,64,40,6.80,1,0.22,,5-2-4,5400,26,5-2,2490,10,2-4-5,840,5,2-5,1200,6,,,,,,,
20250717,多摩川,6,予選,晴,南,4,2,6,6,5415,阿 部 未 侑,44,72,6.92,6,0.18,,5-2-4,5400,26,5-2,2490,10,2-4-5,840,5,2-5,1200,6,,,,,,,
20250717,多摩川,7,予選,晴,南東,4,2,1,1,4992,廣 瀬 篤 哉,24,47,6.79,1,0.11,1.50.5,1-2-3,970,1,1-2,460,1,1-2-3,300,1,1-2,300,2,,,,,,,
20250717,多摩川,7,予選,晴,南東,4,2,2,2,3993,永 井 聖 美,30,79,6.76,2,0.14,1.51.2,1-2-3,970,1,1-2,460,1,1-2-3,300,1,1-2,300,2,,,,,,,
20250717,多摩川,7,予選,晴,南東,4,2,3,3,4043,桐 本 康 臣,35,43,6.86,3,0.17,1.53.3,1-2-3,970,1,1-2,460,1,1-2-3,300,1,1-2,300,2,,,,,,,
20250717,多摩川,7,予選,晴,南東,4,2,4,6,3968,茶 谷 信 次,68,26,6.81,5,0.11,1.54.1,1-2-3,970,1,1-2,460,1,1-2-3,300,1,1-2,300,2,,,,,,,
20250717,多摩川,7,予選,晴,南東,4,2,5,4,3346,宮 本 裕 之,60,85,6.86,4,0.14,,1-2-3,970,1,1-2,460,1,1-2-3,300,1,1-2,300,2,,,,,,,
20250717,多摩川,7,予選,晴,南東,4,2,6,5,5347,井 澤 聖 奈,70,45,6.80,6,0.17,,1-2-3,970,1,1-2,460,1,1-2-3,300,1,1-2,300,2,,,,,,,
20250717,多摩川,8,予選,晴,南西,4,2,1,1,3951,石 川 吉 鎬,37,46,6.78,1,0.21,1.50.4,1-5-4,4020,12,1-5,470,2,1-4-5,690,3,1-5,460,2,,,,,,,
20250717,多摩川,8,予選,晴,南西,4,2,2,5,4460,後 藤 翔 之,17,28,6.72,5,0.28,1.51.9,1-5-4,4020,12,1-5,470,2,1-4-5,690,3,1-5,460,2,,,,,,,
20250717,多摩川,8,予選,晴,南西,4,2,3,4,3305,小 野 信 樹,55,38,6.73,4,0.27,1.53.6,1-5-4,4020,12,1-5,470,2,1-4-5,690,3,1-5,460,2,,,,,,,
20250717,多摩川,8,予選,晴,南西,4,2,4,2,4918,川 島 拓 郎,22,29,6.75,2,0.28,1.53.6,1-5-4,4020,12,1-5,470,2,1-4-5,690,3,1-5,460,2,,,,,,,
20250717,多摩川,8,予選,晴,南西,4,2,5,6,3827,今 泉 徹,18,21,6.76,6,0.37,,1-5-4,4020,12,1-5,470,2,1-4-5,690,3,1-5,460,2,,,,,,,
20250717,多摩川,8,予選,晴,南西,4,2,6,3,3294,野 中 義 生,25,77,6.77,3,0.17,,1-5-4,4020,12,1-5,470,2,1-4-5,690,3,1-5,460,2,,,,,,,
20250717,多摩川,9,予選特賞,晴,南西,3,2,1,5,4067,永 井 源,29,58,6.79,5,0.23,1.49.2,5-3-4,13030,37,5-3,1740,7,3-4-5,2150,8,3-5,610,4,,,,,,,
20250717,多摩川,9,予選特賞,晴,南西,3,2,2,3,3874,山 本 寛 久,62,81,6.76,3,0.29,1.51.5,5-3-4,13030,37,5-3,1740,7,3-4-5,2150,8,3-5,610,4,,,,,,,
20250717,多摩川,9,予選特賞,晴,南西,3,2,3,4,4893,渡 邉 真奈美,19,32,6.77,4,0.17,1.52.9,5-3-4,13030,37,5-3,1740,7,3-4-5,2150,8,3-5,610,4,,,,,,,
20250717,多摩川,9,予選特賞,晴,南西,3,2,4,1,4076,杉 田 篤 光,11,31,6.79,1,0.36,1.54.2,5-3-4,13030,37,5-3,1740,7,3-4-5,2150,8,3-5,610,4,,,,,,,
20250717,多摩川,9,予選特賞,晴,南西,3,2,5,6,4678,水 野 望 美,41,24,6.82,6,0.24,,5-3-4,13030,37,5-3,1740,7,3-4-5,2150,8,3-5,610,4,,,,,,,
20250717,多摩川,9,予選特賞,晴,南西,3,2,6,2,3462,竹 上 真 司,31,52,6.74,2,0.33,,5-3-4,13030,37,5-3,1740,7,3-4-5,2150,8,3-5,610,4,,,,,,,
20250717,多摩川,10,予選特賞,晴,南東,3,2,1,1,4903,吉 田 凌太朗,48,25,6.76,1,0.11,1.50.4,1-2-4,1800,6,1-2,800,3,1-2-4,660,2,1-2,750,3,,,,,,,
20250717,多摩川,10,予選特賞,晴,南東,3,2,2,2,5085,中 村 栄 治,27,63,6.73,2,0.13,1.51.7,1-2-4,1800,6,1-2,800,3,1-2-4,660,2,1-2,750,3,,,,,,,
20250717,多摩川,10,予選特賞,晴,南東,3,2,3,4,4042,丸 岡 正 典,26,41,6.74,4,0.16,1.52.8,1-2-4,1800,6,1-2,800,3,1-2-4,660,2,1-2,750,3,,,,,,,
20250717,多摩川,10,予選特賞,晴,南東,3,2,4,3,3745,橋 本 年 光,59,57,6.70,3,0.14,1.53.9,1-2-4,1800,6,1-2,800,3,1-2-4,660,2,1-2,750,3,,,,,,,
20250717,多摩川,10,予選特賞,晴,南東,3,2,5,5,3929,杢 野 誓 良,32,48,6.73,5,0.12,,1-2-4,1800,6,1-2,800,3,1-2-4,660,2,1-2,750,3,,,,,,,
20250717,多摩川,10,予選特賞,晴,南東,3,2,6,6,5316,村 松 将 平,71,82,6.69,6,0.13,,1-2-4,1800,6,1-2,800,3,1-2-4,660,2,1-2,750,3,,,,,,,
20250717,多摩川,11,予選特選,晴,南,3,2,1,1,4144,石 塚 久 也,51,67,6.76,1,0.25,1.50.2,1-2-3,510,2,1-2,150,1,1-2-3,240,1,1-2,130,1,,,,,,,
20250717,多摩川,11,予選特選,晴,南,3,2,2,2,3422,服 部 幸 男,46,73,6.83,2,0.22,1.52.2,1-2-3,510,2,1-2,150,1,1-2-3,240,1,1-2,130,1,,,,,,,
20250717,多摩川,11,予選特選,晴,南,3,2,3,3,3748,小 黒 竜 吾,66,84,6.81,3,0.20,1.53.1,1-2-3,510,2,1-2,150,1,1-2-3,240,1,1-2,130,1,,,,,,,
20250717,多摩川,11,予選特選,晴,南,3,2,4,6,4293,鈴 木 智 啓,52,83,6.83,6,0.13,1.54.2,1-2-3,510,2,1-2,150,1,1-2-3,240,1,1-2,130,1,,,,,,,
20250717,多摩川,11,予選特選,晴,南,3,2,5,5,3620,信 濃 由 行,16,75,6.83,5,0.15,,1-2-3,510,2,1-2,150,1,1-2-3,240,1,1-2,130,1,,,,,,,
20250717,多摩川,11,予選特選,晴,南,3,2,6,4,3652,森 下 勇,49,22,6.81,4,0.17,,1-2-3,510,2,1-2,150,1,1-2-3,240,1,1-2,130,1,,,,,,,
20250717,多摩川,12,記者選抜戦,晴,南東,2,2,1,1,4460,後 藤 翔 之,17,28,6.77,1,0.12,1.57.1,1-2-5,1320,4,1-2,170,1,1-2-5,850,3,1-2,120,1,,,,,,,
20250717,多摩川,12,記者選抜戦,晴,南東,2,2,2,2,4519,清 水 沙 樹,61,55,6.61,2,0.09,2.00.0,1-2-5,1320,4,1-2,170,1,1-2-5,850,3,1-2,120,1,,,,,,,
20250717,多摩川,12,記者選抜戦,晴,南東,2,2,3,5,4358,松 本 庸 平,64,40,6.75,5,0.19,2.02.7,1-2-5,1320,4,1-2,170,1,1-2-5,850,3,1-2,120,1,,,,,,,
20250717,多摩川,12,記者選抜戦,晴,南東,2,2,4,6,4043,桐 本 康 臣,35,43,6.77,6,0.17,2.07.4,1-2-5,1320,4,1-2,170,1,1-2-5,850,3,1-2,120,1,,,,,,,
20250717,多摩川,12,記者選抜戦,晴,南東,2,2,5,4,4110,小 澤 和 也,13,54,6.83,4,0.16,,1-2-5,1320,4,1-2,170,1,1-2-5,850,3,1-2,120,1,,,,,,,
20250717,大村,1,予選,晴,南,2,1,1,1,5017,澤 田 尚 也,74,57,6.91,1,0.12,1.49.7,1-3-6,1190,4,1-3,260,1,1-3-6,620,3,1-3,280,2,,,,,,,
20250717,大村,1,予選,晴,南,2,1,2,3,5055,眞 鳥 章 太,57,35,6.98,2,0.14,1.51.6,1-3-6,1190,4,1-3,260,1,1-3-6,620,3,1-3,280,2,,,,,,,
20250717,大村,1,予選,晴,南,2,1,3,6,5145,島 川 海 輝,32,55,6.91,5,0.11,1.53.2,1-3-6,1190,4,1-3,260,1,1-3-6,620,3,1-3,280,2,,,,,,,
20250717,大村,1,予選,晴,南,2,1,4,4,4189,川 上 剛,66,21,6.97,3,0.14,1.54.0,1-3-6,1190,4,1-3,260,1,1-3-6,620,3,1-3,280,2,,,,,,,
20250717,大村,1,予選,晴,南,2,1,5,2,4533,峰 重 侑 治,69,69,6.94,6,0.24,,1-3-6,1190,4,1-3,260,1,1-3-6,620,3,1-3,280,2,,,,,,,
20250717,大村,1,予選,晴,南,2,1,6,5,4645,上 村 純 一,31,31,7.02,4,0.14,,1-3-6,1190,4,1-3,260,1,1-3-6,620,3,1-3,280,2,,,,,,,
20250717,大村,2,予選,晴,南,1,1,1,2,4352,下 條 雄太郎,60,19,6.96,2,0.14,1.50.2,2-1-5,3420,11,2-1,740,3,1-2-5,920,3,1-2,250,1,,,,,,,
20250717,大村,2,予選,晴,南,1,1,2,1,4930,佐 藤 悠,73,48,6.92,1,0.13,1.51.4,2-1-5,3420,11,2-1,740,3,1-2-5,920,3,1-2,250,1,,,,,,,
20250717,大村,2,予選,晴,南,1,1,3,5,5226,藤 田 俊 祐,12,63,6.94,5,0.12,1.52.9,2-1-5,3420,11,2-1,740,3,1-2-5,920,3,1-2,250,1,,,,,,,
20250717,大村,2,予選,晴,南,1,1,4,6,4788,小 池 哲 也,13,13,6.99,6,0.16,1.53.2,2-1-5,3420,11,2-1,740,3,1-2-5,920,3,1-2,250,1,,,,,,,
20250717,大村,2,予選,晴,南,1,1,5,4,4816,村 松 修 二,54,15,7.01,4,0.08,,2-1-5,3420,11,2-1,740,3,1-2-5,920,3,1-2,250,1,,,,,,,
20250717,大村,2,予選,晴,南,1,1,6,3,4931,木 谷 賢 太,65,28,6.97,3,0.12,,2-1-5,3420,11,2-1,740,3,1-2-5,920,3,1-2,250,1,,,,,,,
20250717,大村,3,予選,晴,南,2,1,1,1,4298,宮 下 元 胤,24,46,6.89,1,0.14,1.50.2,1-4-6,3050,11,1-4,610,1,1-4-6,1370,8,1-4,390,1,,,,,,,
20250717,大村,3,予選,晴,南,2,1,2,4,3721,守 田 俊 介,50,61,7.06,4,0.21,1.51.8,1-4-6,3050,11,1-4,610,1,1-4-6,1370,8,1-4,390,1,,,,,,,
20250717,大村,3,予選,晴,南,2,1,3,6,4470,平 田 健之佑,21,51,6.92,6,0.15,1.53.4,1-4-6,3050,11,1-4,610,1,1-4-6,1370,8,1-4,390,1,,,,,,,
20250717,大村,3,予選,晴,南,2,1,4,2,4961,西 橋 奈 未,68,53,6.96,2,0.14,1.54.1,1-4-6,3050,11,1-4,610,1,1-4-6,1370,8,1-4,390,1,,,,,,,
20250717,大村,3,予選,晴,南,2,1,5,5,5034,若 林 義 人,58,65,6.90,5,0.16,,1-4-6,3050,11,1-4,610,1,1-4-6,1370,8,1-4,390,1,,,,,,,
20250717,大村,3,予選,晴,南,2,1,6,3,4072,森 永 淳,14,12,6.96,3,0.20,,1-4-6,3050,11,1-4,610,1,1-4-6,1370,8,1-4,390,1,,,,,,,
20250717,大村,4,予選,晴,南東,2,1,1,2,4985,井 本 昌 也,67,30,6.98,2,0.04,1.49.1,2-5-1,14760,53,2-5,5040,16,1-2-5,1260,5,2-5,2640,9,,,,,,,
20250717,大村,4,予選,晴,南東,2,1,2,5,4804,高 田 ひかる,30,59,6.92,5,0.05,1.50.5,2-5-1,14760,53,2-5,5040,16,1-2-5,1260,5,2-5,2640,9,,,,,,,
20250717,大村,4,予選,晴,南東,2,1,3,1,4441,末 永 由 楽,43,67,6.90,1,0.06,1.51.7,2-5-1,14760,53,2-5,5040,16,1-2-5,1260,5,2-5,2640,9,,,,,,,
20250717,大村,4,予選,晴,南東,2,1,4,3,5038,金 田 智 博,46,78,6.86,3,0.09,1.52.8,2-5-1,14760,53,2-5,5040,16,1-2-5,1260,5,2-5,2640,9,,,,,,,
20250717,大村,4,予選,晴,南東,2,1,5,4,3908,重 成 一 人,20,33,6.98,4,0.04,,2-5-1,14760,53,2-5,5040,16,1-2-5,1260,5,2-5,2640,9,,,,,,,
20250717,大村,4,予選,晴,南東,2,1,6,6,5161,登 玉 隼 百,39,45,6.97,6,0.04,,2-5-1,14760,53,2-5,5040,16,1-2-5,1260,5,2-5,2640,9,,,,,,,
20250717,大村,5,予選,雨,南,2,1,1,1,5224,西 岡 顕 心,61,44,7.04,1,0.16,1.50.4,1-4-6,4350,18,1-4,970,4,1-4-6,1680,8,1-4,1260,5,,,,,,,
20250717,大村,5,予選,雨,南,2,1,2,4,4553,坪 口 竜 也,38,56,6.96,4,0.15,1.51.7,1-4-6,4350,18,1-4,970,4,1-4-6,1680,8,1-4,1260,5,,,,,,,
20250717,大村,5,予選,雨,南,2,1,3,6,3978,齊 藤 仁,53,25,6.98,6,0.17,1.52.6,1-4-6,4350,18,1-4,970,4,1-4-6,1680,8,1-4,1260,5,,,,,,,
20250717,大村,5,予選,雨,南,2,1,4,2,4531,武 富 智 亮,40,62,6.93,2,0.17,1.54.2,1-4-6,4350,18,1-4,970,4,1-4-6,1680,8,1-4,1260,5,,,,,,,
20250717,大村,5,予選,雨,南,2,1,5,3,4787,椎 名 豊,27,75,6.92,3,0.19,,1-4-6,4350,18,1-4,970,4,1-4-6,1680,8,1-4,1260,5,,,,,,,
20250717,大村,5,予選,雨,南,2,1,6,5,5060,数 原 魁,36,58,6.93,5,0.16,,1-4-6,4350,18,1-4,970,4,1-4-6,1680,8,1-4,1260,5,,,,,,,
20250717,大村,6,予選,曇り,南東,1,1,1,1,4497,桑 原 悠,25,52,7.00,1,0.10,1.50.1,1-2-4,920,3,1-2,380,2,1-2-4,400,2,1-2,320,2,,,,,,,
20250717,大村,6,予選,曇り,南東,1,1,2,2,4294,古 賀 繁 輝,47,23,6.95,2,0.07,1.51.2,1-2-4,920,3,1-2,380,2,1-2-4,400,2,1-2,320,2,,,,,,,
20250717,大村,6,予選,曇り,南東,1,1,3,4,4075,中 野 次 郎,59,29,6.99,4,0.08,1.53.0,1-2-4,920,3,1-2,380,2,1-2-4,400,2,1-2,320,2,,,,,,,
20250717,大村,6,予選,曇り,南東,1,1,4,3,4824,松 井 洪 弥,52,26,6.97,3,0.08,1.53.8,1-2-4,920,3,1-2,380,2,1-2-4,400,2,1-2,320,2,,,,,,,
20250717,大村,6,予選,曇り,南東,1,1,5,6,4933,板 橋 侑 我,15,76,7.00,6,0.10,,1-2-4,920,3,1-2,380,2,1-2-4,400,2,1-2,320,2,,,,,,,
20250717,大村,6,予選,曇り,南東,1,1,6,5,4189,川 上 剛,66,21,6.98,5,0.10,,1-2-4,920,3,1-2,380,2,1-2-4,400,2,1-2,320,2,,,,,,,
20250717,大村,7,予選,晴,南東,1,1,1,1,5064,品 川 二千翔,29,17,6.94,1,0.04,1.49.2,1-2-3,1210,1,1-2,450,1,1-2-3,380,1,1-2,290,1,,,,,,,
20250717,大村,7,予選,晴,南東,1,1,2,2,3744,徳 増 秀 樹,33,77,6.88,2,0.08,1.50.4,1-2-3,1210,1,1-2,450,1,1-2-3,380,1,1-2,290,1,,,,,,,
20250717,大村,7,予選,晴,南東,1,1,3,3,5141,大 澤 風 葵,11,64,6.91,3,0.03,1.51.3,1-2-3,1210,1,1-2,450,1,1-2-3,380,1,1-2,290,1,,,,,,,
20250717,大村,7,予選,晴,南東,1,1,4,6,4914,吉 田 裕 平,44,27,6.91,6,0.03,1.51.8,1-2-3,1210,1,1-2,450,1,1-2-3,380,1,1-2,290,1,,,,,,,
20250717,大村,7,予選,晴,南東,1,1,5,4,5226,藤 田 俊 祐,12,63,6.89,4,0.04,,1-2-3,1210,1,1-2,450,1,1-2-3,380,1,1-2,290,1,,,,,,,
20250717,大村,7,予選,晴,南東,1,1,6,5,5055,眞 鳥 章 太,57,35,6.92,5,0.05,,1-2-3,1210,1,1-2,450,1,1-2-3,380,1,1-2,290,1,,,,,,,
20250717,大村,8,予選,晴,南東,1,1,1,1,5134,大 原 祥 昌,28,18,6.94,1,0.07,1.49.3,1-4-5,1020,1,1-4,430,1,1-4-5,390,2,1-4,240,1,,,,,,,
20250717,大村,8,予選,晴,南東,1,1,2,4,4352,下 條 雄太郎,60,19,6.98,3,0.08,1.50.9,1-4-5,1020,1,1-4,430,1,1-4-5,390,2,1-4,240,1,,,,,,,
20250717,大村,8,予選,晴,南東,1,1,3,5,4579,中 嶋 健一郎,35,40,6.91,4,0.19,1.52.4,1-4-5,1020,1,1-4,430,1,1-4-5,390,2,1-4,240,1,,,,,,,
20250717,大村,8,予選,晴,南東,1,1,4,2,4649,和 田 操 拓,49,41,6.96,2,0.07,1.53.8,1-4-5,1020,1,1-4,430,1,1-4-5,390,2,1-4,240,1,,,,,,,
20250717,大村,8,予選,晴,南東,1,1,5,3,4533,峰 重 侑 治,69,69,6.92,6,0.19,,1-4-5,1020,1,1-4,430,1,1-4-5,390,2,1-4,240,1,,,,,,,
20250717,大村,8,予選,晴,南東,1,1,6,6,4961,西 橋 奈 未,68,53,6.97,5,0.18,,1-4-5,1020,1,1-4,430,1,1-4-5,390,2,1-4,240,1,,,,,,,
20250717,大村,9,予選,晴,南東,1,1,1,4,4977,馬 野 耀,26,11,6.95,4,0.13,1.49.2,4-5-1,7000,27,4-5,2060,7,1-4-5,990,5,4-5,1080,6,,,,,,,
20250717,大村,9,予選,晴,南東,1,1,2,5,4477,篠 崎 仁 志,62,49,7.00,5,0.13,1.51.0,4-5-1,7000,27,4-5,2060,7,1-4-5,990,5,4-5,1080,6,,,,,,,
20250717,大村,9,予選,晴,南東,1,1,3,1,4804,高 田 ひかる,30,59,6.86,1,0.07,1.52.1,4-5-1,7000,27,4-5,2060,7,1-4-5,990,5,4-5,1080,6,,,,,,,
20250717,大村,9,予選,晴,南東,1,1,4,6,4278,藤 岡 俊 介,45,50,6.95,6,0.16,1.52.8,4-5-1,7000,27,4-5,2060,7,1-4-5,990,5,4-5,1080,6,,,,,,,
20250717,大村,9,予選,晴,南東,1,1,5,3,3946,赤 岩 善 生,22,66,6.96,2,0.14,,4-5-1,7000,27,4-5,2060,7,1-4-5,990,5,4-5,1080,6,,,,,,,
20250717,大村,9,予選,晴,南東,1,1,6,2,4645,上 村 純 一,31,31,6.93,3,0.14,,4-5-1,7000,27,4-5,2060,7,1-4-5,990,5,4-5,1080,6,,,,,,,
20250717,大村,10,予選,晴,南東,1,1,1,1,4825,倉 持 莉 々,17,43,6.93,1,0.12,1.48.5,1-3-4,2710,9,1-3,1090,4,1-3-4,670,2,1-3,890,5,,,,,,,
20250717,大村,10,予選,晴,南東,1,1,2,3,5145,島 川 海 輝,32,55,6.93,3,0.06,1.50.7,1-3-4,2710,9,1-3,1090,4,1-3-4,670,2,1-3,890,5,,,,,,,
20250717,大村,10,予選,晴,南東,1,1,3,4,3779,原 田 幸 哉,64,32,6.91,4,0.06,1.51.7,1-3-4,2710,9,1-3,1090,4,1-3-4,670,2,1-3,890,5,,,,,,,
20250717,大村,10,予選,晴,南東,1,1,4,2,5224,西 岡 顕 心,61,44,6.98,2,0.08,1.52.5,1-3-4,2710,9,1-3,1090,4,1-3-4,670,2,1-3,890,5,,,,,,,
20250717,大村,10,予選,晴,南東,1,1,5,6,3876,中 辻 崇 人,48,24,6.84,5,0.05,,1-3-4,2710,9,1-3,1090,4,1-3-4,670,2,1-3,890,5,,,,,,,
20250717,大村,10,予選,晴,南東,1,1,6,5,4930,佐 藤 悠,73,48,6.88,6,0.17,,1-3-4,2710,9,1-3,1090,4,1-3-4,670,2,1-3,890,5,,,,,,,
20250717,大村,11,予選,晴,南東,1,1,1,5,4985,井 本 昌 也,67,30,6.95,5,0.08,1.48.5,5-3-2,72360,101,5-3,11190,24,2-3-5,3820,12,3-5,4400,9,,,,,,,
20250717,大村,11,予選,晴,南東,1,1,2,3,5034,若 林 義 人,58,65,6.89,3,0.05,1.50.2,5-3-2,72360,101,5-3,11190,24,2-3-5,3820,12,3-5,4400,9,,,,,,,
20250717,大村,11,予選,晴,南東,1,1,3,2,4931,木 谷 賢 太,65,28,6.92,2,0.11,1.51.3,5-3-2,72360,101,5-3,11190,24,2-3-5,3820,12,3-5,4400,9,,,,,,,
20250717,大村,11,予選,晴,南東,1,1,4,1,4787,椎 名 豊,27,75,6.92,1,0.06,1.52.1,5-3-2,72360,101,5-3,11190,24,2-3-5,3820,12,3-5,4400,9,,,,,,,
20250717,大村,11,予選,晴,南東,1,1,5,6,4075,中 野 次 郎,59,29,6.98,6,0.08,,5-3-2,72360,101,5-3,11190,24,2-3-5,3820,12,3-5,4400,9,,,,,,,
20250717,大村,11,予選,晴,南東,1,1,6,4,5017,澤 田 尚 也,74,57,6.88,4,0.09,,5-3-2,72360,101,5-3,11190,24,2-3-5,3820,12,3-5,4400,9,,,,,,,
20250717,大村,12,予選,晴,南東,1,1,1,1,3908,重 成 一 人,20,33,6.96,1,0.11,1.48.7,1-3-4,800,2,1-3,250,1,1-3-4,380,2,1-3,230,1,,,,,,,
20250717,大村,12,予選,晴,南東,1,1,2,3,3721,守 田 俊 介,50,61,7.02,3,0.14,1.50.4,1-3-4,800,2,1-3,250,1,1-3-4,380,2,1-3,230,1,,,,,,,
20250717,大村,12,予選,晴,南東,1,1,3,4,5141,大 澤 風 葵,11,64,6.89,4,0.12,1.50.9,1-3-4,800,2,1-3,250,1,1-3-4,380,2,1-3,230,1,,,,,,,
20250717,大村,12,予選,晴,南東,1,1,4,5,3978,齊 藤 仁,53,25,6.89,5,0.15,1.52.2,1-3-4,800,2,1-3,250,1,1-3-4,380,2,1-3,230,1,,,,,,,
20250717,大村,12,予選,晴,南東,1,1,5,6,4824,松 井 洪 弥,52,26,6.94,6,0.21,,1-3-4,800,2,1-3,250,1,1-3-4,380,2,1-3,230,1,,,,,,,
20250717,大村,12,予選,晴,南東,1,1,6,2,4816,村 松 修 二,54,15,6.99,2,0.11,,1-3-4,800,2,1-3,250,1,1-3-4,380,2,1-3,230,1,,,,,,,
20250717,宮島,1,ファーストＢ,晴,南東,1,1,1,2,3430,角 浜 修,70,51,6.76,2,0.13,1.52.2,2-1-3,9070,30,2-1,3180,11,1-2-3,810,3,1-2,690,3,,,,,,,
20250717,宮島,1,ファーストＢ,晴,南東,1,1,2,1,4411,沢 田 昭 宏,29,12,6.80,1,0.21,1.53.4,2-1-3,9070,30,2-1,3180,11,1-2-3,810,3,1-2,690,3,,,,,,,
20250717,宮島,1,ファーストＢ,晴,南東,1,1,3,3,4092,岡 部 大 輔,82,78,6.76,3,0.11,1.54.5,2-1-3,9070,30,2-1,3180,11,1-2-3,810,3,1-2,690,3,,,,,,,
20250717,宮島,1,ファーストＢ,晴,南東,1,1,4,5,3853,岩 崎 正 哉,80,66,6.74,4,0.12,1.55.5,2-1-3,9070,30,2-1,3180,11,1-2-3,810,3,1-2,690,3,,,,,,,
20250717,宮島,1,ファーストＢ,晴,南東,1,1,5,4,4803,飯 田 庄 吾,15,17,6.78,5,0.06,1.56.5,2-1-3,9070,30,2-1,3180,11,1-2-3,810,3,1-2,690,3,,,,,,,
20250717,宮島,1,ファーストＢ,晴,南東,1,1,6,6,4979,中 野 夢 斗,74,29,6.69,6,0.02,1.58.6,2-1-3,9070,30,2-1,3180,11,1-2-3,810,3,1-2,690,3,,,,,,,
20250717,宮島,2,予選,晴,南,2,2,1,1,4784,向井田 真 紀,36,30,6.74,1,0.09,1.51.1,1-3-4,650,1,1-3,310,1,1-3-4,460,2,1-3,180,1,,,,,,,
20250717,宮島,2,予選,晴,南,2,2,2,3,4844,村 上 奈 穂,22,37,6.77,3,0.11,1.53.2,1-3-4,650,1,1-3,310,1,1-3-4,460,2,1-3,180,1,,,,,,,
20250717,宮島,2,予選,晴,南,2,2,3,4,5334,樫 葉 新 心,14,31,6.74,4,0.14,1.54.5,1-3-4,650,1,1-3,310,1,1-3-4,460,2,1-3,180,1,,,,,,,
20250717,宮島,2,予選,晴,南,2,2,4,6,3207,田 村 美 和,51,27,6.76,5,0.12,1.56.1,1-3-4,650,1,1-3,310,1,1-3-4,460,2,1-3,180,1,,,,,,,
20250717,宮島,2,予選,晴,南,2,2,5,5,5295,田 上 凜,58,62,6.73,6,0.19,1.56.7,1-3-4,650,1,1-3,310,1,1-3-4,460,2,1-3,180,1,,,,,,,
20250717,宮島,2,予選,晴,南,2,2,6,2,3355,橋谷田 佳 織,72,81,6.79,2,0.18,1.56.9,1-3-4,650,1,1-3,310,1,1-3-4,460,2,1-3,180,1,,,,,,,
20250717,宮島,3,予選,晴,南,3,3,1,3,4515,藤 田 浩 人,33,22,6.73,3,0.21,1.51.7,3-2-4,4930,28,3-2,3530,14,2-3-4,670,3,2-3,1130,7,,,,,,,
20250717,宮島,3,予選,晴,南,3,3,2,2,4053,芦 澤 望,26,15,6.75,2,0.19,1.52.7,3-2-4,4930,28,3-2,3530,14,2-3-4,670,3,2-3,1130,7,,,,,,,
20250717,宮島,3,予選,晴,南,3,3,3,4,4398,船 岡 洋一郎,78,21,6.69,4,0.18,1.53.1,3-2-4,4930,28,3-2,3530,14,2-3-4,670,3,2-3,1130,7,,,,,,,
20250717,宮島,3,予選,晴,南,3,3,4,1,3710,吉 永 泰 弘,56,34,6.77,1,0.18,1.55.4,3-2-4,4930,28,3-2,3530,14,2-3-4,670,3,2-3,1130,7,,,,,,,
20250717,宮島,3,予選,晴,南,3,3,5,6,4103,山 崎 善 庸,21,35,6.75,5,0.24,1.55.6,3-2-4,4930,28,3-2,3530,14,2-3-4,670,3,2-3,1130,7,,,,,,,
20250717,宮島,3,予選,晴,南,3,3,6,5,5311,小 林 京 平,66,65,6.70,6,0.24,1.56.9,3-2-4,4930,28,3-2,3530,14,2-3-4,670,3,2-3,1130,7,,,,,,,
20250717,宮島,4,ランチタイム,晴,南,3,3,1,1,4963,實 森 美 祐,60,28,6.72,1,0.14,1.51.5,1-6-4,2710,11,1-6,460,3,1-4-6,800,5,1-6,410,2,,,,,,,
20250717,宮島,4,ランチタイム,晴,南,3,3,2,6,3435,寺 田 千 恵,53,73,6.78,6,0.19,1.52.9,1-6-4,2710,11,1-6,460,3,1-4-6,800,5,1-6,410,2,,,,,,,
20250717,宮島,4,ランチタイム,晴,南,3,3,3,4,3509,池 千 夏,65,72,6.76,4,0.14,1.54.3,1-6-4,2710,11,1-6,460,3,1-4-6,800,5,1-6,410,2,,,,,,,
20250717,宮島,4,ランチタイム,晴,南,3,3,4,5,4720,西 澤 日花里,79,18,6.76,5,0.18,1.55.9,1-6-4,2710,11,1-6,460,3,1-4-6,800,5,1-6,410,2,,,,,,,
20250717,宮島,4,ランチタイム,晴,南,3,3,5,2,4775,千 葉 真 弥,23,38,6.75,2,0.20,1.57.8,1-6-4,2710,11,1-6,460,3,1-4-6,800,5,1-6,410,2,,,,,,,
20250717,宮島,4,ランチタイム,晴,南,3,3,6,3,4224,大 橋 栄里佳,61,25,6.78,3,0.24,1.59.4,1-6-4,2710,11,1-6,460,3,1-4-6,800,5,1-6,410,2,,,,,,,
20250717,宮島,5,予選,晴,東,3,3,1,1,4837,酒 井 陽 祐,16,61,6.75,1,0.08,1.50.8,1-2-5,4750,21,1-2,710,2,1-2-5,2090,9,1-2,540,3,,,,,,,
20250717,宮島,5,予選,晴,東,3,3,2,2,5125,高 井 雄 基,19,56,6.72,2,0.16,1.52.1,1-2-5,4750,21,1-2,710,2,1-2-5,2090,9,1-2,540,3,,,,,,,
20250717,宮島,5,予選,晴,東,3,3,3,5,4411,沢 田 昭 宏,29,12,6.81,5,0.18,1.54.4,1-2-5,4750,21,1-2,710,2,1-2-5,2090,9,1-2,540,3,,,,,,,
20250717,宮島,5,予選,晴,東,3,3,4,6,3684,清 水 攻 二,55,57,6.79,6,0.28,1.55.1,1-2-5,4750,21,1-2,710,2,1-2-5,2090,9,1-2,540,3,,,,,,,
20250717,宮島,5,予選,晴,東,3,3,5,4,4666,日 笠 勝 弘,32,16,6.79,4,0.17,1.57.2,1-2-5,4750,21,1-2,710,2,1-2-5,2090,9,1-2,540,3,,,,,,,
20250717,宮島,5,予選,晴,東,3,3,6,3,4939,宮之原 輝 紀,24,76,6.83,3,0.17,2.00.3,1-2-5,4750,21,1-2,710,2,1-2-5,2090,9,1-2,540,3,,,,,,,
20250717,宮島,6,予選,晴,東,2,2,1,1,4011,堀之内 紀代子,54,52,6.77,1,0.10,1.51.5,1-6-4,1480,5,1-6,630,3,1-4-6,390,3,1-6,600,3,,,,,,,
20250717,宮島,6,予選,晴,東,2,2,2,6,3999,大 瀧 明日香,28,54,6.90,6,0.12,1.53.2,1-6-4,1480,5,1-6,630,3,1-4-6,390,3,1-6,600,3,,,,,,,
20250717,宮島,6,予選,晴,東,2,2,3,4,3470,新 田 芳 美,63,14,6.83,4,0.09,1.54.0,1-6-4,1480,5,1-6,630,3,1-4-6,390,3,1-6,600,3,,,,,,,
20250717,宮島,6,予選,晴,東,2,2,4,2,4938,小 芦 るり華,17,26,6.81,2,0.11,1.55.2,1-6-4,1480,5,1-6,630,3,1-4-6,390,3,1-6,600,3,,,,,,,
20250717,宮島,6,予選,晴,東,2,2,5,5,5362,中 嶋 世 奈,34,23,6.80,5,0.08,1.57.3,1-6-4,1480,5,1-6,630,3,1-4-6,390,3,1-6,600,3,,,,,,,
20250717,宮島,6,予選,晴,東,2,2,6,3,4510,坂 本 奈 央,27,63,6.77,3,0.24,1.58.9,1-6-4,1480,5,1-6,630,3,1-4-6,390,3,1-6,600,3,,,,,,,
20250717,宮島,7,予選,曇り,南,3,3,1,1,3430,角 浜 修,70,51,6.84,1,0.19,1.52.1,1-4-2,2850,10,1-4,690,3,1-2-4,870,5,1-4,570,3,,,,,,,
20250717,宮島,7,予選,曇り,南,3,3,2,4,5311,小 林 京 平,66,65,6.81,4,0.17,1.53.7,1-4-2,2850,10,1-4,690,3,1-2-4,870,5,1-4,570,3,,,,,,,
20250717,宮島,7,予選,曇り,南,3,3,3,2,4465,大 西 賢,18,39,6.83,2,0.18,1.55.2,1-4-2,2850,10,1-4,690,3,1-2-4,870,5,1-4,570,3,,,,,,,
20250717,宮島,7,予選,曇り,南,3,3,4,6,3804,中 渡 修 作,37,32,6.89,6,0.19,1.55.9,1-4-2,2850,10,1-4,690,3,1-2-4,870,5,1-4,570,3,,,,,,,
20250717,宮島,7,予選,曇り,南,3,3,5,5,3710,吉 永 泰 弘,56,34,6.86,5,0.17,1.56.3,1-4-2,2850,10,1-4,690,3,1-2-4,870,5,1-4,570,3,,,,,,,
20250717,宮島,7,予選,曇り,南,3,3,6,3,3998,冨 成 謙 児,81,82,6.86,3,0.18,1.56.6,1-4-2,2850,10,1-4,690,3,1-2-4,870,5,1-4,570,3,,,,,,,
20250717,宮島,8,予選,雨,西,1,1,1,3,4963,實 森 美 祐,60,28,6.70,3,0.18,1.51.4,3-5-1,2500,12,3-5,290,1,1-3-5,730,4,3-5,390,2,,,,,,,
20250717,宮島,8,予選,雨,西,1,1,2,5,3334,角 ひとみ,68,53,6.79,5,0.21,1.53.8,3-5-1,2500,12,3-5,290,1,1-3-5,730,4,3-5,390,2,,,,,,,
20250717,宮島,8,予選,雨,西,1,1,3,1,5295,田 上 凜,58,62,6.79,1,0.21,1.54.8,3-5-1,2500,12,3-5,290,1,1-3-5,730,4,3-5,390,2,,,,,,,
20250717,宮島,8,予選,雨,西,1,1,4,6,5326,三 嶌 さらら,11,69,6.72,6,0.18,1.55.3,3-5-1,2500,12,3-5,290,1,1-3-5,730,4,3-5,390,2,,,,,,,
20250717,宮島,8,予選,雨,西,1,1,5,2,4408,仁 科 さやか,73,36,6.83,2,0.19,1.57.2,3-5-1,2500,12,3-5,290,1,1-3-5,730,4,3-5,390,2,,,,,,,
20250717,宮島,8,予選,雨,西,1,1,6,4,4720,西 澤 日花里,79,18,6.80,4,0.27,2.01.6,3-5-1,2500,12,3-5,290,1,1-3-5,730,4,3-5,390,2,,,,,,,
20250717,宮島,9,特賞,曇り,西,1,1,1,4,5222,津 田 陸 翔,62,67,6.74,4,0.18,1.51.2,4-1-5,1750,6,4-1,500,2,1-4-5,410,2,1-4,310,1,,,,,,,
20250717,宮島,9,特賞,曇り,西,1,1,2,1,3853,岩 崎 正 哉,80,66,6.79,1,0.21,1.53.2,4-1-5,1750,6,4-1,500,2,1-4-5,410,2,1-4,310,1,,,,,,,
20250717,宮島,9,特賞,曇り,西,1,1,3,5,4837,酒 井 陽 祐,16,61,6.76,5,0.20,1.54.6,4-1-5,1750,6,4-1,500,2,1-4-5,410,2,1-4,310,1,,,,,,,
20250717,宮島,9,特賞,曇り,西,1,1,4,6,4515,藤 田 浩 人,33,22,6.77,6,0.25,1.55.7,4-1-5,1750,6,4-1,500,2,1-4-5,410,2,1-4,310,1,,,,,,,
20250717,宮島,9,特賞,曇り,西,1,1,5,3,4803,飯 田 庄 吾,15,17,6.82,3,0.23,1.56.8,4-1-5,1750,6,4-1,500,2,1-4-5,410,2,1-4,310,1,,,,,,,
20250717,宮島,9,特賞,曇り,西,1,1,6,2,4103,山 崎 善 庸,21,35,6.79,2,0.32,2.02.2,4-1-5,1750,6,4-1,500,2,1-4-5,410,2,1-4,310,1,,,,,,,
20250717,宮島,10,特賞,雨,西,1,1,1,5,4938,小 芦 るり華,17,26,6.74,5,0.13,1.51.4,5-2-6,3470,13,5-2,1080,6,2-5-6,780,4,2-5,410,3,,,,,,,
20250717,宮島,10,特賞,雨,西,1,1,2,2,5088,高 憧 四 季,64,13,6.75,2,0.24,1.53.7,5-2-6,3470,13,5-2,1080,6,2-5-6,780,4,2-5,410,3,,,,,,,
20250717,宮島,10,特賞,雨,西,1,1,3,6,4844,村 上 奈 穂,22,37,6.75,6,0.08,1.54.7,5-2-6,3470,13,5-2,1080,6,2-5-6,780,4,2-5,410,3,,,,,,,
20250717,宮島,10,特賞,雨,西,1,1,4,3,3355,橋谷田 佳 織,72,81,6.81,3,0.39,1.56.6,5-2-6,3470,13,5-2,1080,6,2-5-6,780,4,2-5,410,3,,,,,,,
20250717,宮島,10,特賞,雨,西,1,1,5,1,3509,池 千 夏,65,72,6.74,1,0.27,1.57.6,5-2-6,3470,13,5-2,1080,6,2-5-6,780,4,2-5,410,3,,,,,,,
20250717,宮島,10,特賞,雨,西,1,1,6,4,5362,中 嶋 世 奈,34,23,6.79,4,0.15,1.58.6,5-2-6,3470,13,5-2,1080,6,2-5-6,780,4,2-5,410,3,,,,,,,
20250717,宮島,11,モミジ特選,雨,南東,3,3,1,1,3618,海 野 ゆかり,35,75,6.75,1,0.21,1.52.5,1-2-4,950,4,1-2,450,2,1-2-4,330,2,1-2,410,3,,,,,,,
20250717,宮島,11,モミジ特選,雨,南東,3,3,2,2,3470,新 田 芳 美,63,14,6.77,2,0.20,1.53.6,1-2-4,950,4,1-2,450,2,1-2-4,330,2,1-2,410,3,,,,,,,
20250717,宮島,11,モミジ特選,雨,南東,3,3,3,4,3435,寺 田 千 恵,53,73,6.79,4,0.09,1.54.4,1-2-4,950,4,1-2,450,2,1-2-4,330,2,1-2,410,3,,,,,,,
20250717,宮島,11,モミジ特選,雨,南東,3,3,4,3,4443,津 田 裕 絵,50,50,6.79,3,0.15,1.55.0,1-2-4,950,4,1-2,450,2,1-2-4,330,2,1-2,410,3,,,,,,,
20250717,宮島,11,モミジ特選,雨,南東,3,3,5,5,4784,向井田 真 紀,36,30,6.76,5,0.11,1.55.4,1-2-4,950,4,1-2,450,2,1-2-4,330,2,1-2,410,3,,,,,,,
20250717,宮島,11,モミジ特選,雨,南東,3,3,6,6,4224,大 橋 栄里佳,61,25,6.73,6,0.10,1.57.8,1-2-4,950,4,1-2,450,2,1-2-4,330,2,1-2,410,3,,,,,,,
20250717,宮島,12,モンタドリー,雨,無風,0,1,1,1,4398,船 岡 洋一郎,78,21,6.73,1,0.08,1.50.1,1-2-3,880,2,1-2,310,1,1-2-3,440,2,1-2,280,1,,,,,,,
20250717,宮島,12,モンタドリー,雨,無風,0,1,2,2,3679,飯 島 昌 弘,67,64,6.73,2,0.13,1.52.2,1-2-3,880,2,1-2,310,1,1-2-3,440,2,1-2,280,1,,,,,,,
20250717,宮島,12,モンタドリー,雨,無風,0,1,3,3,4136,江 夏 満,38,33,6.84,3,0.12,1.53.3,1-2-3,880,2,1-2,310,1,1-2-3,440,2,1-2,280,1,,,,,,,
20250717,宮島,12,モンタドリー,雨,無風,0,1,4,4,4776,竹 田 和 哉,77,77,6.79,4,0.23,1.54.6,1-2-3,880,2,1-2,310,1,1-2-3,440,2,1-2,280,1,,,,,,,
20250717,宮島,12,モンタドリー,雨,無風,0,1,5,6,5125,高 井 雄 基,19,56,6.71,6,0.21,1.56.7,1-2-3,880,2,1-2,310,1,1-2-3,440,2,1-2,280,1,,,,,,,
20250717,宮島,12,モンタドリー,雨,無風,0,1,6,5,4939,宮之原 輝 紀,24,76,6.74,5,0.19,1.57.9,1-2-3,880,2,1-2,310,1,1-2-3,440,2,1-2,280,1,,,,,,,
20250717,尼崎,1,朝からセンプ,雨,無風,0,0,1,1,4145,小 澤 学,49,31,6.83,1,0.27,1.50.0,1-3-6,3210,14,1-3,780,4,1-3-6,680,4,1-3,210,1,,,,,,,
20250717,尼崎,1,朝からセンプ,雨,無風,0,0,2,3,4953,尾 上 雅 也,6,73,6.83,3,0.18,1.51.0,1-3-6,3210,14,1-3,780,4,1-3-6,680,4,1-3,210,1,,,,,,,
20250717,尼崎,1,朝からセンプ,雨,無風,0,0,3,6,4404,岸 蔭 亮,44,62,6.88,5,0.17,1.51.9,1-3-6,3210,14,1-3,780,4,1-3-6,680,4,1-3,210,1,,,,,,,
20250717,尼崎,1,朝からセンプ,雨,無風,0,0,4,2,3722,西 村 秀 樹,37,28,6.84,2,0.21,1.53.7,1-3-6,3210,14,1-3,780,4,1-3-6,680,4,1-3,210,1,,,,,,,
20250717,尼崎,1,朝からセンプ,雨,無風,0,0,5,4,3615,横 田 茂,42,38,6.87,4,0.16,1.56.0,1-3-6,3210,14,1-3,780,4,1-3-6,680,4,1-3,210,1,,,,,,,
20250717,尼崎,1,朝からセンプ,雨,無風,0,0,6,5,5375,庄 島 潤 成,55,22,6.88,6,0.22,1.56.3,1-3-6,3210,14,1-3,780,4,1-3-6,680,4,1-3,210,1,,,,,,,
20250717,尼崎,2,予選,雨,東,2,0,1,4,4080,山 崎 哲 司,7,24,6.90,4,0.04,1.48.6,4-5-3,6800,31,4-5,930,4,3-4-5,2130,9,4-5,750,5,,,,,,,
20250717,尼崎,2,予選,雨,東,2,0,2,5,4264,長 尾 章 平,8,26,6.83,5,0.06,1.50.4,4-5-3,6800,31,4-5,930,4,3-4-5,2130,9,4-5,750,5,,,,,,,
20250717,尼崎,2,予選,雨,東,2,0,3,3,4346,前 田 健太郎,60,51,6.96,3,0.08,1.52.6,4-5-3,6800,31,4-5,930,4,3-4-5,2130,9,4-5,750,5,,,,,,,
20250717,尼崎,2,予選,雨,東,2,0,4,1,3072,西 田 靖,53,25,6.88,1,0.13,1.53.6,4-5-3,6800,31,4-5,930,4,3-4-5,2130,9,4-5,750,5,,,,,,,
20250717,尼崎,2,予選,雨,東,2,0,5,6,5403,藤 山 湧 太,47,49,6.88,6,0.25,1.56.8,4-5-3,6800,31,4-5,930,4,3-4-5,2130,9,4-5,750,5,,,,,,,
20250717,尼崎,2,予選,雨,東,2,0,6,2,4934,佐々木 翔 斗,35,52,6.86,2,0.07,1.59.5,4-5-3,6800,31,4-5,930,4,3-4-5,2130,9,4-5,750,5,,,,,,,
20250717,尼崎,3,予選,雨,無風,0,0,1,3,4583,古 田 祐 貴,11,54,6.91,3,0.08,1.49.9,3-4-2,22810,81,3-4,2370,12,2-3-4,3510,15,3-4,870,6,,,,,,,
20250717,尼崎,3,予選,雨,無風,0,0,2,4,3788,一 宮 稔 弘,48,56,6.89,4,0.08,1.50.6,3-4-2,22810,81,3-4,2370,12,2-3-4,3510,15,3-4,870,6,,,,,,,
20250717,尼崎,3,予選,雨,無風,0,0,3,2,5047,國 分 将太郎,39,65,6.94,2,0.16,1.51.0,3-4-2,22810,81,3-4,2370,12,2-3-4,3510,15,3-4,870,6,,,,,,,
20250717,尼崎,3,予選,雨,無風,0,0,4,6,4600,井 内 将太郎,31,29,6.90,5,0.12,1.52.8,3-4-2,22810,81,3-4,2370,12,2-3-4,3510,15,3-4,870,6,,,,,,,
20250717,尼崎,3,予選,雨,無風,0,0,5,5,5166,仲 道 大 輔,1,47,6.83,6,0.14,1.55.7,3-4-2,22810,81,3-4,2370,12,2-3-4,3510,15,3-4,870,6,,,,,,,
20250717,尼崎,3,予選,雨,無風,0,0,6,1,4329,小 松 卓 司,30,58,6.89,1,0.16,1.58.5,3-4-2,22810,81,3-4,2370,12,2-3-4,3510,15,3-4,870,6,,,,,,,
20250717,尼崎,4,予選,雨,北東,2,0,1,1,4544,松 田 大志郎,52,67,6.86,1,0.17,1.48.3,1-2-3,950,3,1-2,320,1,1-2-3,470,3,1-2,290,2,,,,,,,
20250717,尼崎,4,予選,雨,北東,2,0,2,2,3955,眞 田 英 二,32,50,6.95,2,0.18,1.51.7,1-2-3,950,3,1-2,320,1,1-2-3,470,3,1-2,290,2,,,,,,,
20250717,尼崎,4,予選,雨,北東,2,0,3,3,4615,板 倉 敦 史,15,36,6.92,3,0.19,1.52.5,1-2-3,950,3,1-2,320,1,1-2-3,470,3,1-2,290,2,,,,,,,
20250717,尼崎,4,予選,雨,北東,2,0,4,4,4656,大 崎 翔,24,61,6.95,4,0.09,1.53.7,1-2-3,950,3,1-2,320,1,1-2-3,470,3,1-2,290,2,,,,,,,
20250717,尼崎,4,予選,雨,北東,2,0,5,5,3931,黒 崎 竜 也,9,30,6.85,5,0.07,1.53.8,1-2-3,950,3,1-2,320,1,1-2-3,470,3,1-2,290,2,,,,,,,
20250717,尼崎,4,予選,雨,北東,2,0,6,6,5404,内 田 壮,26,46,6.87,6,0.08,1.57.5,1-2-3,950,3,1-2,320,1,1-2-3,470,3,1-2,290,2,,,,,,,
20250717,尼崎,5,予選,雨,北東,3,0,1,5,4983,前 田 篤 哉,40,17,6.83,3,0.17,1.50.4,5-1-2,1830,7,5-1,800,4,1-2-5,150,1,1-5,290,2,,,,,,,
20250717,尼崎,5,予選,雨,北東,3,0,2,1,4732,堀 本 和 也,18,43,6.92,1,0.12,1.50.8,5-1-2,1830,7,5-1,800,4,1-2-5,150,1,1-5,290,2,,,,,,,
20250717,尼崎,5,予選,雨,北東,3,0,3,2,4079,出 畑 孝 典,50,41,6.84,2,0.25,1.53.5,5-1-2,1830,7,5-1,800,4,1-2-5,150,1,1-5,290,2,,,,,,,
20250717,尼崎,5,予選,雨,北東,3,0,4,4,3392,小 森 信 雄,29,33,6.85,5,0.17,1.54.9,5-1-2,1830,7,5-1,800,4,1-2-5,150,1,1-5,290,2,,,,,,,
20250717,尼崎,5,予選,雨,北東,3,0,5,3,4945,上 村 宏 太,33,42,6.90,4,0.16,1.55.6,5-1-2,1830,7,5-1,800,4,1-2-5,150,1,1-5,290,2,,,,,,,
20250717,尼崎,5,予選,雨,北東,3,0,6,6,5375,庄 島 潤 成,55,22,6.87,6,0.16,1.56.8,5-1-2,1830,7,5-1,800,4,1-2-5,150,1,1-5,290,2,,,,,,,
20250717,尼崎,6,昼どきピンク,雨,南西,1,0,1,3,3350,藤 本 佳 史,2,16,7.00,3,0.14,1.50.5,3-4-1,7810,26,3-4,3710,10,1-3-4,410,3,3-4,2620,7,,,,,,,
20250717,尼崎,6,昼どきピンク,雨,南西,1,0,2,4,3792,田 中 豪,17,11,7.00,4,0.24,1.51.7,3-4-1,7810,26,3-4,3710,10,1-3-4,410,3,3-4,2620,7,,,,,,,
20250717,尼崎,6,昼どきピンク,雨,南西,1,0,3,1,3963,原 田 秀 弥,61,32,6.98,1,0.16,1.52.3,3-4-1,7810,26,3-4,3710,10,1-3-4,410,3,3-4,2620,7,,,,,,,
20250717,尼崎,6,昼どきピンク,雨,南西,1,0,4,5,3282,池 本 輝 明,14,12,6.97,5,0.31,1.54.3,3-4-1,7810,26,3-4,3710,10,1-3-4,410,3,3-4,2620,7,,,,,,,
20250717,尼崎,6,昼どきピンク,雨,南西,1,0,5,2,4404,岸 蔭 亮,44,62,6.97,2,0.19,1.56.1,3-4-1,7810,26,3-4,3710,10,1-3-4,410,3,3-4,2620,7,,,,,,,
20250717,尼崎,6,昼どきピンク,雨,南西,1,0,6,6,4346,前 田 健太郎,60,51,7.03,6,0.23,1.59.0,3-4-1,7810,26,3-4,3710,10,1-3-4,410,3,3-4,2620,7,,,,,,,
20250717,尼崎,7,予選,雨,無風,0,0,1,2,4839,四 宮 与 寛,10,57,6.92,2,0.19,1.50.0,2-6-1,3080,12,2-6,1080,6,1-2-6,330,2,2-6,430,2,,,,,,,
20250717,尼崎,7,予選,雨,無風,0,0,2,6,4066,東 本 勝 利,4,37,6.82,6,0.09,1.50.9,2-6-1,3080,12,2-6,1080,6,1-2-6,330,2,2-6,430,2,,,,,,,
20250717,尼崎,7,予選,雨,無風,0,0,3,1,3615,横 田 茂,42,38,6.91,1,0.22,1.53.2,2-6-1,3080,12,2-6,1080,6,1-2-6,330,2,2-6,430,2,,,,,,,
20250717,尼崎,7,予選,雨,無風,0,0,4,3,4718,北 川 太 一,22,64,6.86,3,0.18,1.53.5,2-6-1,3080,12,2-6,1080,6,1-2-6,330,2,2-6,430,2,,,,,,,
20250717,尼崎,7,予選,雨,無風,0,0,5,5,5336,瀬 川 大 地,46,45,6.90,5,0.14,1.54.8,2-6-1,3080,12,2-6,1080,6,1-2-6,330,2,2-6,430,2,,,,,,,
20250717,尼崎,7,予選,雨,無風,0,0,6,4,5047,國 分 将太郎,39,65,6.89,4,0.17,1.56.8,2-6-1,3080,12,2-6,1080,6,1-2-6,330,2,2-6,430,2,,,,,,,
20250717,尼崎,8,予選,雨,無風,0,0,1,2,4600,井 内 将太郎,31,29,6.87,2,0.13,1.48.9,2-1-4,3090,11,2-1,1050,4,1-2-4,420,2,1-2,280,1,,,,,,,
20250717,尼崎,8,予選,雨,無風,0,0,2,1,4973,栗 原 直 也,59,27,6.80,1,0.09,1.50.1,2-1-4,3090,11,2-1,1050,4,1-2-4,420,2,1-2,280,1,,,,,,,
20250717,尼崎,8,予選,雨,無風,0,0,3,4,4790,柳 内 敬 太,56,15,6.85,4,0.14,1.51.5,2-1-4,3090,11,2-1,1050,4,1-2-4,420,2,1-2,280,1,,,,,,,
20250717,尼崎,8,予選,雨,無風,0,0,4,6,3849,中 岡 正 彦,54,59,6.93,5,0.09,1.54.6,2-1-4,3090,11,2-1,1050,4,1-2-4,420,2,1-2,280,1,,,,,,,
20250717,尼崎,8,予選,雨,無風,0,0,5,3,3722,西 村 秀 樹,37,28,6.90,3,0.14,1.55.7,2-1-4,3090,11,2-1,1050,4,1-2-4,420,2,1-2,280,1,,,,,,,
20250717,尼崎,8,予選,雨,無風,0,0,6,5,5403,藤 山 湧 太,47,49,6.85,6,0.15,1.56.0,2-1-4,3090,11,2-1,1050,4,1-2-4,420,2,1-2,280,1,,,,,,,
20250717,尼崎,9,予選特賞,雨,無風,0,0,1,1,3788,一 宮 稔 弘,48,56,6.83,1,0.09,1.50.2,1-3-5,1880,7,1-3,590,3,1-3-5,600,3,1-3,830,4,,,,,,,
20250717,尼崎,9,予選特賞,雨,無風,0,0,2,3,4934,佐々木 翔 斗,35,52,6.84,3,0.12,1.51.3,1-3-5,1880,7,1-3,590,3,1-3-5,600,3,1-3,830,4,,,,,,,
20250717,尼崎,9,予選特賞,雨,無風,0,0,3,5,4544,松 田 大志郎,52,67,6.83,4,0.06,1.53.6,1-3-5,1880,7,1-3,590,3,1-3-5,600,3,1-3,830,4,,,,,,,
20250717,尼崎,9,予選特賞,雨,無風,0,0,4,2,4983,前 田 篤 哉,40,17,6.82,2,0.11,1.54.3,1-3-5,1880,7,1-3,590,3,1-3-5,600,3,1-3,830,4,,,,,,,
20250717,尼崎,9,予選特賞,雨,無風,0,0,5,6,5014,梶 山 涼 斗,3,35,6.85,6,0.11,1.55.5,1-3-5,1880,7,1-3,590,3,1-3-5,600,3,1-3,830,4,,,,,,,
20250717,尼崎,9,予選特賞,雨,無風,0,0,6,4,4145,小 澤 学,49,31,6.85,5,0.17,1.57.3,1-3-5,1880,7,1-3,590,3,1-3-5,600,3,1-3,830,4,,,,,,,
20250717,尼崎,10,予選特賞,曇り,東,2,0,1,1,4522,古 澤 光 紀,20,40,6.89,1,0.12,1.49.7,1-2-3,1000,3,1-2,230,1,1-2-3,720,3,1-2,190,1,,,,,,,
20250717,尼崎,10,予選特賞,曇り,東,2,0,2,2,4080,山 崎 哲 司,7,24,6.82,2,0.08,1.50.6,1-2-3,1000,3,1-2,230,1,1-2-3,720,3,1-2,190,1,,,,,,,
20250717,尼崎,10,予選特賞,曇り,東,2,0,3,3,3392,小 森 信 雄,29,33,6.82,3,0.11,1.52.3,1-2-3,1000,3,1-2,230,1,1-2-3,720,3,1-2,190,1,,,,,,,
20250717,尼崎,10,予選特賞,曇り,東,2,0,4,5,3792,田 中 豪,17,11,6.90,5,0.04,1.53.6,1-2-3,1000,3,1-2,230,1,1-2-3,720,3,1-2,190,1,,,,,,,
20250717,尼崎,10,予選特賞,曇り,東,2,0,5,6,5243,三 馬 崇 史,38,69,6.85,6,0.01,1.55.0,1-2-3,1000,3,1-2,230,1,1-2-3,720,3,1-2,190,1,,,,,,,
20250717,尼崎,10,予選特賞,曇り,東,2,0,6,4,4710,福 田 宗 平,45,66,6.89,4,0.06,1.56.0,1-2-3,1000,3,1-2,230,1,1-2-3,720,3,1-2,190,1,,,,,,,
20250717,尼崎,11,予選特選,曇り,東,2,0,1,1,4953,尾 上 雅 也,6,73,6.91,1,0.09,1.49.6,1-2-6,1320,2,1-2,290,1,1-2-6,620,2,1-2,260,1,,,,,,,
20250717,尼崎,11,予選特選,曇り,東,2,0,2,2,5166,仲 道 大 輔,1,47,7.03,3,0.19,1.51.7,1-2-6,1320,2,1-2,290,1,1-2-6,620,2,1-2,260,1,,,,,,,
20250717,尼崎,11,予選特選,曇り,東,2,0,3,6,4079,出 畑 孝 典,50,41,6.93,6,0.22,1.53.5,1-2-6,1320,2,1-2,290,1,1-2-6,620,2,1-2,260,1,,,,,,,
20250717,尼崎,11,予選特選,曇り,東,2,0,4,4,4718,北 川 太 一,22,64,6.85,5,0.21,1.54.5,1-2-6,1320,2,1-2,290,1,1-2-6,620,2,1-2,260,1,,,,,,,
20250717,尼崎,11,予選特選,曇り,東,2,0,5,3,4656,大 崎 翔,24,61,7.02,4,0.18,1.54.7,1-2-6,1320,2,1-2,290,1,1-2-6,620,2,1-2,260,1,,,,,,,
20250717,尼崎,11,予選特選,曇り,東,2,0,6,5,3072,西 田 靖,53,25,6.88,2,0.11,1.56.9,1-2-6,1320,2,1-2,290,1,1-2-6,620,2,1-2,260,1,,,,,,,
20250717,尼崎,12,予選特選,雨,北東,3,0,1,1,4264,長 尾 章 平,8,26,6.88,1,0.12,1.49.7,1-5-3,1610,8,1-5,560,3,1-3-5,460,3,1-5,630,3,,,,,,,
20250717,尼崎,12,予選特選,雨,北東,3,0,2,5,4732,堀 本 和 也,18,43,6.94,5,0.07,1.50.4,1-5-3,1610,8,1-5,560,3,1-3-5,460,3,1-5,630,3,,,,,,,
20250717,尼崎,12,予選特選,雨,北東,3,0,3,3,3931,黒 崎 竜 也,9,30,6.84,3,0.04,1.52.4,1-5-3,1610,8,1-5,560,3,1-3-5,460,3,1-5,630,3,,,,,,,
20250717,尼崎,12,予選特選,雨,北東,3,0,4,2,4790,柳 内 敬 太,56,15,6.91,2,0.12,1.53.6,1-5-3,1610,8,1-5,560,3,1-3-5,460,3,1-5,630,3,,,,,,,
20250717,尼崎,12,予選特選,雨,北東,3,0,5,4,3963,原 田 秀 弥,61,32,6.97,4,0.06,1.54.0,1-5-3,1610,8,1-5,560,3,1-3-5,460,3,1-5,630,3,,,,,,,
20250717,尼崎,12,予選特選,雨,北東,3,0,6,6,4583,古 田 祐 貴,11,54,6.95,6,0.08,1.57.0,1-5-3,1610,8,1-5,560,3,1-3-5,460,3,1-5,630,3,,,,,,,
20250717,常滑,1,朝トコ小判Ｒ,雨,南東,7,4,1,3,3828,明 石 正 之,2,73,6.84,3,0.24,1.51.2,3-1-2,6970,19,3-1,2090,5,1-2-3,380,1,1-3,200,1,,,,,,,
20250717,常滑,1,朝トコ小判Ｒ,雨,南東,7,4,2,1,4798,浜 先 真 範,59,36,6.87,1,0.12,1.52.8,3-1-2,6970,19,3-1,2090,5,1-2-3,380,1,1-3,200,1,,,,,,,
20250717,常滑,1,朝トコ小判Ｒ,雨,南東,7,4,3,2,4863,三 浦 裕 貴,50,37,6.88,2,0.14,1.54.4,3-1-2,6970,19,3-1,2090,5,1-2-3,380,1,1-3,200,1,,,,,,,
20250717,常滑,1,朝トコ小判Ｒ,雨,南東,7,4,4,4,5133,堀 越 雄 貴,38,62,6.82,4,0.10,1.55.4,3-1-2,6970,19,3-1,2090,5,1-2-3,380,1,1-3,200,1,,,,,,,
20250717,常滑,1,朝トコ小判Ｒ,雨,南東,7,4,5,5,4565,西 村 豪 洋,40,47,6.79,5,0.12,,3-1-2,6970,19,3-1,2090,5,1-2-3,380,1,1-3,200,1,,,,,,,
20250717,常滑,1,朝トコ小判Ｒ,雨,南東,7,4,6,6,4905,土 井 祥 伍,47,42,6.84,6,0.17,,3-1-2,6970,19,3-1,2090,5,1-2-3,380,1,1-3,200,1,,,,,,,
20250717,常滑,2,予選,雨,南東,6,4,1,3,3406,中 里 英 夫,45,55,6.86,3,0.21,1.51.2,3-1-4,11100,44,3-1,2490,9,1-3-4,1090,6,1-3,700,3,,,,,,,
20250717,常滑,2,予選,雨,南東,6,4,2,1,4840,鈴 木 秀 茉,4,23,6.84,1,0.15,1.52.4,3-1-4,11100,44,3-1,2490,9,1-3-4,1090,6,1-3,700,3,,,,,,,
20250717,常滑,2,予選,雨,南東,6,4,3,4,5009,大 賀 龍之介,53,66,6.88,4,0.22,1.53.7,3-1-4,11100,44,3-1,2490,9,1-3-4,1090,6,1-3,700,3,,,,,,,
20250717,常滑,2,予選,雨,南東,6,4,4,5,3888,山 本 英 志,36,70,6.84,5,0.24,1.54.3,3-1-4,11100,44,3-1,2490,9,1-3-4,1090,6,1-3,700,3,,,,,,,
20250717,常滑,2,予選,雨,南東,6,4,5,6,4483,北 野 輝 季,51,46,6.79,6,0.20,,3-1-4,11100,44,3-1,2490,9,1-3-4,1090,6,1-3,700,3,,,,,,,
20250717,常滑,2,予選,雨,南東,6,4,6,2,5276,大 島 隆乃介,25,63,6.85,2,0.23,,3-1-4,11100,44,3-1,2490,9,1-3-4,1090,6,1-3,700,3,,,,,,,
20250717,常滑,3,予選,雨,南東,6,4,1,1,3772,一 柳 和 孝,46,60,6.86,1,0.14,1.50.4,1-6-3,3930,14,1-6,1390,5,1-3-6,500,2,1-6,1110,5,,,,,,,
20250717,常滑,3,予選,雨,南東,6,4,2,6,4907,小 池 修 平,18,40,6.75,6,0.08,1.51.0,1-6-3,3930,14,1-6,1390,5,1-3-6,500,2,1-6,1110,5,,,,,,,
20250717,常滑,3,予選,雨,南東,6,4,3,3,4771,下 寺 秀 和,22,57,6.83,3,0.09,1.52.9,1-6-3,3930,14,1-6,1390,5,1-3-6,500,2,1-6,1110,5,,,,,,,
20250717,常滑,3,予選,雨,南東,6,4,4,2,4638,小 林 遼 太,6,19,6.80,2,0.13,1.54.5,1-6-3,3930,14,1-6,1390,5,1-3-6,500,2,1-6,1110,5,,,,,,,
20250717,常滑,3,予選,雨,南東,6,4,5,5,4040,廣 瀬 将 亨,60,31,6.82,5,0.12,,1-6-3,3930,14,1-6,1390,5,1-3-6,500,2,1-6,1110,5,,,,,,,
20250717,常滑,3,予選,雨,南東,6,4,6,4,3712,淺 香 文 武,26,30,6.90,4,0.19,,1-6-3,3930,14,1-6,1390,5,1-3-6,500,2,1-6,1110,5,,,,,,,
20250717,常滑,4,予選,雨,南東,5,3,1,2,4653,小 野 達 哉,21,69,6.90,2,0.16,1.51.0,2-4-1,22230,63,2-4,7130,20,1-2-4,1380,7,2-4,3400,12,,,,,,,
20250717,常滑,4,予選,雨,南東,5,3,2,4,4684,楠 原 翔 太,20,29,6.88,4,0.16,1.52.2,2-4-1,22230,63,2-4,7130,20,1-2-4,1380,7,2-4,3400,12,,,,,,,
20250717,常滑,4,予選,雨,南東,5,3,3,1,3703,鳥 飼 眞,48,35,6.82,1,0.15,1.53.3,2-4-1,22230,63,2-4,7130,20,1-2-4,1380,7,2-4,3400,12,,,,,,,
20250717,常滑,4,予選,雨,南東,5,3,4,6,4269,杉 山 裕 也,55,28,6.80,6,0.14,1.54.1,2-4-1,22230,63,2-4,7130,20,1-2-4,1380,7,2-4,3400,12,,,,,,,
20250717,常滑,4,予選,雨,南東,5,3,5,3,4723,寺 島 吉 彦,8,13,6.87,3,0.25,,2-4-1,22230,63,2-4,7130,20,1-2-4,1380,7,2-4,3400,12,,,,,,,
20250717,常滑,4,予選,雨,南東,5,3,6,5,4644,山 田 亮 太,12,71,6.91,5,0.19,,2-4-1,22230,63,2-4,7130,20,1-2-4,1380,7,2-4,3400,12,,,,,,,
20250717,常滑,5,予選,雨,南東,5,3,1,4,5051,松 本 純 平,33,39,6.80,4,0.06,1.50.6,4-5-3,2300,7,4-5,880,5,3-4-5,440,2,4-5,750,4,,,,,,,
20250717,常滑,5,予選,雨,南東,5,3,2,5,4402,乙 藤 智 史,5,67,6.82,5,0.03,1.51.5,4-5-3,2300,7,4-5,880,5,3-4-5,440,2,4-5,750,4,,,,,,,
20250717,常滑,5,予選,雨,南東,5,3,3,3,4369,丹 下 将,61,32,6.92,3,0.16,1.53.3,4-5-3,2300,7,4-5,880,5,3-4-5,440,2,4-5,750,4,,,,,,,
20250717,常滑,5,予選,雨,南東,5,3,4,1,4835,橋 本 明,27,50,6.86,1,0.07,1.54.0,4-5-3,2300,7,4-5,880,5,3-4-5,440,2,4-5,750,4,,,,,,,
20250717,常滑,5,予選,雨,南東,5,3,5,6,3381,滝 沢 芳 行,42,21,6.81,6,0.01,,4-5-3,2300,7,4-5,880,5,3-4-5,440,2,4-5,750,4,,,,,,,
20250717,常滑,5,予選,雨,南東,5,3,6,2,4565,西 村 豪 洋,40,47,6.81,2,0.12,,4-5-3,2300,7,4-5,880,5,3-4-5,440,2,4-5,750,4,,,,,,,
20250717,常滑,6,昼トコ小判Ｒ,曇り,南東,5,3,1,4,4637,中 田 友 也,17,54,6.91,4,0.07,1.51.7,4-1-2,16330,45,4-1,2570,9,1-2-4,1070,5,1-4,540,2,,,,,,,
20250717,常滑,6,昼トコ小判Ｒ,曇り,南東,5,3,2,1,4601,森 野 正 弘,23,58,6.90,1,0.13,1.52.8,4-1-2,16330,45,4-1,2570,9,1-2-4,1070,5,1-4,540,2,,,,,,,
20250717,常滑,6,昼トコ小判Ｒ,曇り,南東,5,3,3,2,4574,東 潤 樹,11,34,6.82,2,0.10,1.53.5,4-1-2,16330,45,4-1,2570,9,1-2-4,1070,5,1-4,540,2,,,,,,,
20250717,常滑,6,昼トコ小判Ｒ,曇り,南東,5,3,4,5,3653,品 川 賢 次,15,52,6.91,5,0.07,1.53.9,4-1-2,16330,45,4-1,2570,9,1-2-4,1070,5,1-4,540,2,,,,,,,
20250717,常滑,6,昼トコ小判Ｒ,曇り,南東,5,3,5,6,3848,川 上 聡 介,13,18,6.94,6,0.09,,4-1-2,16330,45,4-1,2570,9,1-2-4,1070,5,1-4,540,2,,,,,,,
20250717,常滑,6,昼トコ小判Ｒ,曇り,南東,5,3,6,3,4811,向井田 佑 紀,34,53,6.82,3,0.07,,4-1-2,16330,45,4-1,2570,9,1-2-4,1070,5,1-4,540,2,,,,,,,
20250717,常滑,7,予選,曇り,南東,6,3,1,5,4907,小 池 修 平,18,40,6.78,5,0.13,1.50.6,5-3-1,17950,66,5-3,3480,15,1-3-5,1450,7,3-5,2690,9,,,,,,,
20250717,常滑,7,予選,曇り,南東,6,3,2,3,4359,横 川 聖 志,37,51,6.92,3,0.11,1.51.1,5-3-1,17950,66,5-3,3480,15,1-3-5,1450,7,3-5,2690,9,,,,,,,
20250717,常滑,7,予選,曇り,南東,6,3,3,1,5276,大 島 隆乃介,25,63,6.86,1,0.15,1.52.6,5-3-1,17950,66,5-3,3480,15,1-3-5,1450,7,3-5,2690,9,,,,,,,
20250717,常滑,7,予選,曇り,南東,6,3,4,4,4798,浜 先 真 範,59,36,6.89,4,0.12,1.54.3,5-3-1,17950,66,5-3,3480,15,1-3-5,1450,7,3-5,2690,9,,,,,,,
20250717,常滑,7,予選,曇り,南東,6,3,5,6,4467,渡 邉 俊 介,19,25,6.83,6,0.17,,5-3-1,17950,66,5-3,3480,15,1-3-5,1450,7,3-5,2690,9,,,,,,,
20250717,常滑,7,予選,曇り,南東,6,3,6,2,4808,松 尾 拓,56,27,6.91,2,0.12,,5-3-1,17950,66,5-3,3480,15,1-3-5,1450,7,3-5,2690,9,,,,,,,
20250717,常滑,8,予選,雨,南東,6,3,1,1,4040,廣 瀬 将 亨,60,31,6.82,1,0.18,1.50.6,1-2-3,830,2,1-2,260,1,1-2-3,450,2,1-2,230,1,,,,,,,
20250717,常滑,8,予選,雨,南東,6,3,2,2,4757,山 田 祐 也,54,38,6.90,2,0.20,1.51.5,1-2-3,830,2,1-2,260,1,1-2-3,450,2,1-2,230,1,,,,,,,
20250717,常滑,8,予選,雨,南東,6,3,3,3,4840,鈴 木 秀 茉,4,23,6.84,3,0.18,1.53.7,1-2-3,830,2,1-2,260,1,1-2-3,450,2,1-2,230,1,,,,,,,
20250717,常滑,8,予選,雨,南東,6,3,4,5,4653,小 野 達 哉,21,69,6.82,5,0.17,1.54.2,1-2-3,830,2,1-2,260,1,1-2-3,450,2,1-2,230,1,,,,,,,
20250717,常滑,8,予選,雨,南東,6,3,5,4,5110,杉 山 喜 一,10,41,6.89,4,0.22,,1-2-3,830,2,1-2,260,1,1-2-3,450,2,1-2,230,1,,,,,,,
20250717,常滑,8,予選,雨,南東,6,3,6,6,4863,三 浦 裕 貴,50,37,6.86,6,0.22,,1-2-3,830,2,1-2,260,1,1-2-3,450,2,1-2,230,1,,,,,,,
20250717,常滑,9,予選,曇り,南東,5,3,1,2,4483,北 野 輝 季,51,46,6.84,1,0.09,1.49.6,2-4-3,1320,4,2-4,630,4,2-3-4,420,2,2-4,690,3,,,,,,,
20250717,常滑,9,予選,曇り,南東,5,3,2,4,4402,乙 藤 智 史,5,67,6.85,4,0.08,1.51.9,2-4-3,1320,4,2-4,630,4,2-3-4,420,2,2-4,690,3,,,,,,,
20250717,常滑,9,予選,曇り,南東,5,3,3,3,4610,佐 藤 大 佑,29,64,6.84,2,0.10,1.54.0,2-4-3,1320,4,2-4,630,4,2-3-4,420,2,2-4,690,3,,,,,,,
20250717,常滑,9,予選,曇り,南東,5,3,4,5,4062,後 藤 陽 介,41,56,6.84,5,0.07,1.54.9,2-4-3,1320,4,2-4,630,4,2-3-4,420,2,2-4,690,3,,,,,,,
20250717,常滑,9,予選,曇り,南東,5,3,5,6,3075,中 村 裕 将,35,75,6.89,6,0.16,,2-4-3,1320,4,2-4,630,4,2-3-4,420,2,2-4,690,3,,,,,,,
20250717,常滑,9,予選,曇り,南東,5,3,6,1,5133,堀 越 雄 貴,38,62,6.88,3,0.06,,2-4-3,1320,4,2-4,630,4,2-3-4,420,2,2-4,690,3,,,,,,,
20250717,常滑,10,予選特賞,曇り,南東,5,3,1,2,4369,丹 下 将,61,32,6.91,2,0.10,1.50.4,2-1-6,5000,16,2-1,640,3,1-2-6,1220,5,1-2,210,1,,,,,,,
20250717,常滑,10,予選特賞,曇り,南東,5,3,2,1,5044,渡 邉 健,58,17,6.87,1,0.03,1.51.6,2-1-6,5000,16,2-1,640,3,1-2-6,1220,5,1-2,210,1,,,,,,,
20250717,常滑,10,予選特賞,曇り,南東,5,3,3,6,4644,山 田 亮 太,12,71,6.93,4,0.11,1.52.4,2-1-6,5000,16,2-1,640,3,1-2-6,1220,5,1-2,210,1,,,,,,,
20250717,常滑,10,予選特賞,曇り,南東,5,3,4,5,3406,中 里 英 夫,45,55,6.90,6,0.10,1.54.1,2-1-6,5000,16,2-1,640,3,1-2-6,1220,5,1-2,210,1,,,,,,,
20250717,常滑,10,予選特賞,曇り,南東,5,3,5,3,4601,森 野 正 弘,23,58,6.90,3,0.07,,2-1-6,5000,16,2-1,640,3,1-2-6,1220,5,1-2,210,1,,,,,,,
20250717,常滑,10,予選特賞,曇り,南東,5,3,6,4,4905,土 井 祥 伍,47,42,6.85,5,0.07,,2-1-6,5000,16,2-1,640,3,1-2-6,1220,5,1-2,210,1,,,,,,,
20250717,常滑,11,予選特選,雨,南,1,0,1,5,3848,川 上 聡 介,13,18,6.97,5,0.18,1.49.6,5-3-1,26940,47,5-3,22520,23,1-3-5,700,3,3-5,2940,9,,,,,,,
20250717,常滑,11,予選特選,雨,南,1,0,2,3,4269,杉 山 裕 也,55,28,6.81,3,0.21,1.50.9,5-3-1,26940,47,5-3,22520,23,1-3-5,700,3,3-5,2940,9,,,,,,,
20250717,常滑,11,予選特選,雨,南,1,0,3,1,4703,森 永 隆,44,59,6.89,1,0.16,1.52.7,5-3-1,26940,47,5-3,22520,23,1-3-5,700,3,3-5,2940,9,,,,,,,
20250717,常滑,11,予選特選,雨,南,1,0,4,2,3772,一 柳 和 孝,46,60,6.92,2,0.22,1.54.4,5-3-1,26940,47,5-3,22520,23,1-3-5,700,3,3-5,2940,9,,,,,,,
20250717,常滑,11,予選特選,雨,南,1,0,5,4,4808,松 尾 拓,56,27,6.86,4,0.19,,5-3-1,26940,47,5-3,22520,23,1-3-5,700,3,3-5,2940,9,,,,,,,
20250717,常滑,11,予選特選,雨,南,1,0,6,6,5009,大 賀 龍之介,53,66,6.84,6,0.20,,5-3-1,26940,47,5-3,22520,23,1-3-5,700,3,3-5,2940,9,,,,,,,
20250717,常滑,12,予選特選,雨,南東,4,2,1,1,4757,山 田 祐 也,54,38,6.80,1,0.06,1.49.4,1-3-2,1460,7,1-3,390,1,1-2-3,550,2,1-3,240,1,,,,,,,
20250717,常滑,12,予選特選,雨,南東,4,2,2,3,4467,渡 邉 俊 介,19,25,6.81,3,0.03,1.50.5,1-3-2,1460,7,1-3,390,1,1-2-3,550,2,1-3,240,1,,,,,,,
20250717,常滑,12,予選特選,雨,南東,4,2,3,2,3888,山 本 英 志,36,70,6.85,2,0.06,1.52.7,1-3-2,1460,7,1-3,390,1,1-2-3,550,2,1-3,240,1,,,,,,,
20250717,常滑,12,予選特選,雨,南東,4,2,4,5,5051,松 本 純 平,33,39,6.75,5,0.08,1.54.5,1-3-2,1460,7,1-3,390,1,1-2-3,550,2,1-3,240,1,,,,,,,
20250717,常滑,12,予選特選,雨,南東,4,2,5,4,3703,鳥 飼 眞,48,35,6.78,4,0.13,,1-3-2,1460,7,1-3,390,1,1-2-3,550,2,1-3,240,1,,,,,,,
20250717,常滑,12,予選特選,雨,南東,4,2,6,6,4638,小 林 遼 太,6,19,6.73,6,0.10,,1-3-2,1460,7,1-3,390,1,1-2-3,550,2,1-3,240,1,,,,,,,
20250717,徳山,1,朝トク一般,晴,南,5,5,1,1,3349,吉 田 一 郎,13,25,7.04,1,0.18,1.53.2,1-3-4,1420,7,1-3,280,1,1-3-4,850,5,1-3,260,2,,,,,,,
20250717,徳山,1,朝トク一般,晴,南,5,5,2,3,5277,井 上 未 都,65,40,7.07,3,0.18,1.53.9,1-3-4,1420,7,1-3,280,1,1-3-4,850,5,1-3,260,2,,,,,,,
20250717,徳山,1,朝トク一般,晴,南,5,5,3,4,5003,来 田 衣 織,62,56,7.05,4,0.20,1.56.2,1-3-4,1420,7,1-3,280,1,1-3-4,850,5,1-3,260,2,,,,,,,
20250717,徳山,1,朝トク一般,晴,南,5,5,4,5,3741,松 尾 基 成,15,41,7.06,5,0.34,1.56.5,1-3-4,1420,7,1-3,280,1,1-3-4,850,5,1-3,260,2,,,,,,,
20250717,徳山,1,朝トク一般,晴,南,5,5,5,2,3839,川 合 理 司,18,49,7.16,2,0.21,,1-3-4,1420,7,1-3,280,1,1-3-4,850,5,1-3,260,2,,,,,,,
20250717,徳山,1,朝トク一般,晴,南,5,5,6,6,5315,浅 井 翼,32,74,7.08,6,0.35,,1-3-4,1420,7,1-3,280,1,1-3-4,850,5,1-3,260,2,,,,,,,
20250717,徳山,2,決めトク一般,晴,南,5,5,1,1,4509,平 見 真 彦,67,14,7.09,1,0.24,1.52.7,1-2-4,1050,3,1-2,390,3,1-2-4,530,3,1-2,500,3,,,,,,,
20250717,徳山,2,決めトク一般,晴,南,5,5,2,2,3587,武 田 信 一,52,27,7.16,2,0.19,1.54.9,1-2-4,1050,3,1-2,390,3,1-2-4,530,3,1-2,500,3,,,,,,,
20250717,徳山,2,決めトク一般,晴,南,5,5,3,4,3661,柳 瀬 興 志,60,20,7.09,4,0.30,1.56.8,1-2-4,1050,3,1-2,390,3,1-2-4,530,3,1-2,500,3,,,,,,,
20250717,徳山,2,決めトク一般,晴,南,5,5,4,3,4286,平 田 さやか,72,61,7.09,3,0.15,1.57.9,1-2-4,1050,3,1-2,390,3,1-2-4,530,3,1-2,500,3,,,,,,,
20250717,徳山,2,決めトク一般,晴,南,5,5,5,5,5230,石 原 凪 紗,11,59,7.00,5,0.31,,1-2-4,1050,3,1-2,390,3,1-2-4,530,3,1-2,500,3,,,,,,,
20250717,徳山,2,決めトク一般,晴,南,5,5,6,6,5173,谷 口 佳 蓮,75,70,7.10,6,0.29,,1-2-4,1050,3,1-2,390,3,1-2-4,530,3,1-2,500,3,,,,,,,
20250717,徳山,3,ガチトク一般,晴,南東,5,5,1,1,4566,塩 田 北 斗,35,43,7.08,1,0.21,1.53.7,1-2-4,410,1,1-2,190,1,1-2-4,330,2,1-2,140,1,,,,,,,
20250717,徳山,3,ガチトク一般,晴,南東,5,5,2,2,3484,芝 田 浩 治,46,33,7.09,2,0.23,1.55.0,1-2-4,410,1,1-2,190,1,1-2-4,330,2,1-2,140,1,,,,,,,
20250717,徳山,3,ガチトク一般,晴,南東,5,5,3,4,5071,野見山 拓 己,54,60,7.06,4,0.09,1.56.3,1-2-4,410,1,1-2,190,1,1-2-4,330,2,1-2,140,1,,,,,,,
20250717,徳山,3,ガチトク一般,晴,南東,5,5,4,5,5241,門 田 栞,20,11,7.05,5,0.12,1.56.7,1-2-4,410,1,1-2,190,1,1-2-4,330,2,1-2,140,1,,,,,,,
20250717,徳山,3,ガチトク一般,晴,南東,5,5,5,6,5106,山 崎 祥,36,13,7.02,6,0.19,,1-2-4,410,1,1-2,190,1,1-2-4,330,2,1-2,140,1,,,,,,,
20250717,徳山,3,ガチトク一般,晴,南東,5,5,6,3,3977,山 本 兼 士,29,21,7.12,3,0.21,,1-2-4,410,1,1-2,190,1,1-2-4,330,2,1-2,140,1,,,,,,,
20250717,徳山,4,買っトク一般,晴,南東,5,5,1,1,3333,丸 尾 義 孝,53,53,7.08,1,0.15,1.53.6,1-2-5,3080,10,1-2,430,2,1-2-5,1440,7,1-2,520,2,,,,,,,
20250717,徳山,4,買っトク一般,晴,南東,5,5,2,2,3175,渡 辺 千 草,44,12,7.06,2,0.14,1.54.3,1-2-5,3080,10,1-2,430,2,1-2-5,1440,7,1-2,520,2,,,,,,,
20250717,徳山,4,買っトク一般,晴,南東,5,5,3,5,3662,大 庭 元 明,22,73,7.09,5,0.14,1.56.4,1-2-5,3080,10,1-2,430,2,1-2-5,1440,7,1-2,520,2,,,,,,,
20250717,徳山,4,買っトク一般,晴,南東,5,5,4,6,4446,和 田 兼 輔,23,75,7.09,6,0.12,1.57.5,1-2-5,3080,10,1-2,430,2,1-2-5,1440,7,1-2,520,2,,,,,,,
20250717,徳山,4,買っトク一般,晴,南東,5,5,5,3,3907,村 越 篤,26,26,7.09,3,0.12,,1-2-5,3080,10,1-2,430,2,1-2-5,1440,7,1-2,520,2,,,,,,,
20250717,徳山,4,買っトク一般,晴,南東,5,5,6,4,4270,岸 本 雄 貴,55,71,7.14,4,0.12,,1-2-5,3080,10,1-2,430,2,1-2-5,1440,7,1-2,520,2,,,,,,,
20250717,徳山,5,一般,晴,南東,4,4,1,1,5277,井 上 未 都,65,40,7.11,1,0.16,1.53.1,1-4-2,2540,7,1-4,720,2,1-2-4,890,4,1-4,810,4,,,,,,,
20250717,徳山,5,一般,晴,南東,4,4,2,4,4409,坂 元 浩 仁,27,65,7.13,4,0.22,1.54.5,1-4-2,2540,7,1-4,720,2,1-2-4,890,4,1-4,810,4,,,,,,,
20250717,徳山,5,一般,晴,南東,4,4,3,2,3233,小 畑 実 成,49,31,7.13,2,0.17,1.55.7,1-4-2,2540,7,1-4,720,2,1-2-4,890,4,1-4,810,4,,,,,,,
20250717,徳山,5,一般,晴,南東,4,4,4,3,4623,中 北 将 史,69,68,7.11,3,0.17,1.57.1,1-4-2,2540,7,1-4,720,2,1-2-4,890,4,1-4,810,4,,,,,,,
20250717,徳山,5,一般,晴,南東,4,4,5,6,4055,吉 田 俊 彦,74,16,7.07,6,0.17,,1-4-2,2540,7,1-4,720,2,1-2-4,890,4,1-4,810,4,,,,,,,
20250717,徳山,5,一般,晴,南東,4,4,6,5,3784,中 島 友 和,50,46,7.08,5,0.17,,1-4-2,2540,7,1-4,720,2,1-2-4,890,4,1-4,810,4,,,,,,,
20250717,徳山,6,一般,晴,南東,4,4,1,4,4314,青 木 幸太郎,61,42,7.09,4,0.10,1.53.0,4-1-6,4570,20,4-1,1920,9,1-4-6,910,4,1-4,520,3,,,,,,,
20250717,徳山,6,一般,晴,南東,4,4,2,1,5230,石 原 凪 紗,11,59,7.00,1,0.05,1.54.3,4-1-6,4570,20,4-1,1920,9,1-4-6,910,4,1-4,520,3,,,,,,,
20250717,徳山,6,一般,晴,南東,4,4,3,6,3983,須 藤 博 倫,17,77,7.08,6,0.13,1.56.3,4-1-6,4570,20,4-1,1920,9,1-4-6,910,4,1-4,520,3,,,,,,,
20250717,徳山,6,一般,晴,南東,4,4,4,2,4015,前 野 竜 一,59,30,7.12,2,0.15,1.56.8,4-1-6,4570,20,4-1,1920,9,1-4-6,910,4,1-4,520,3,,,,,,,
20250717,徳山,6,一般,晴,南東,4,4,5,5,5003,来 田 衣 織,62,56,7.07,5,0.18,,4-1-6,4570,20,4-1,1920,9,1-4-6,910,4,1-4,520,3,,,,,,,
20250717,徳山,6,一般,晴,南東,4,4,6,3,3690,河 合 三 弘,45,15,7.15,3,0.15,,4-1-6,4570,20,4-1,1920,9,1-4-6,910,4,1-4,520,3,,,,,,,
20250717,徳山,7,一般,晴,南東,4,4,1,3,4950,高 岡 竜 也,41,22,7.10,3,0.21,1.53.4,3-4-1,4390,16,3-4,1540,5,1-3-4,430,1,3-4,1210,5,,,,,,,
20250717,徳山,7,一般,晴,南東,4,4,2,4,3563,堤 昇,21,67,7.11,4,0.13,1.53.8,3-4-1,4390,16,3-4,1540,5,1-3-4,430,1,3-4,1210,5,,,,,,,
20250717,徳山,7,一般,晴,南東,4,4,3,1,5241,門 田 栞,20,11,7.03,1,0.19,1.54.2,3-4-1,4390,16,3-4,1540,5,1-3-4,430,1,3-4,1210,5,,,,,,,
20250717,徳山,7,一般,晴,南東,4,4,4,6,5071,野見山 拓 己,54,60,7.10,6,0.05,1.56.5,3-4-1,4390,16,3-4,1540,5,1-3-4,430,1,3-4,1210,5,,,,,,,
20250717,徳山,7,一般,晴,南東,4,4,5,5,5173,谷 口 佳 蓮,75,70,7.08,5,0.09,,3-4-1,4390,16,3-4,1540,5,1-3-4,430,1,3-4,1210,5,,,,,,,
20250717,徳山,7,一般,晴,南東,4,4,6,2,3741,松 尾 基 成,15,41,7.09,2,0.23,,3-4-1,4390,16,3-4,1540,5,1-3-4,430,1,3-4,1210,5,,,,,,,
20250717,徳山,8,一般,晴,南,4,4,1,2,3662,大 庭 元 明,22,73,7.11,2,0.19,1.53.9,2-4-1,3420,11,2-4,700,1,1-2-4,730,3,2-4,400,2,,,,,,,
20250717,徳山,8,一般,晴,南,4,4,2,4,4286,平 田 さやか,72,61,7.08,4,0.09,1.56.4,2-4-1,3420,11,2-4,700,1,1-2-4,730,3,2-4,400,2,,,,,,,
20250717,徳山,8,一般,晴,南,4,4,3,1,5315,浅 井 翼,32,74,7.08,1,0.15,1.56.5,2-4-1,3420,11,2-4,700,1,1-2-4,730,3,2-4,400,2,,,,,,,
20250717,徳山,8,一般,晴,南,4,4,4,6,3327,野長瀬 正 孝,12,35,7.04,6,0.39,1.56.9,2-4-1,3420,11,2-4,700,1,1-2-4,730,3,2-4,400,2,,,,,,,
20250717,徳山,8,一般,晴,南,4,4,5,5,4270,岸 本 雄 貴,55,71,7.21,5,0.24,,2-4-1,3420,11,2-4,700,1,1-2-4,730,3,2-4,400,2,,,,,,,
20250717,徳山,8,一般,晴,南,4,4,6,3,3839,川 合 理 司,18,49,7.23,3,0.14,,2-4-1,3420,11,2-4,700,1,1-2-4,730,3,2-4,400,2,,,,,,,
20250717,徳山,9,トクっちゃ特,晴,南,5,5,1,1,4409,坂 元 浩 仁,27,65,7.13,1,0.23,1.53.7,1-2-4,1160,5,1-2,460,2,1-2-4,580,3,1-2,300,1,,,,,,,
20250717,徳山,9,トクっちゃ特,晴,南,5,5,2,2,3784,中 島 友 和,50,46,7.08,2,0.22,1.54.5,1-2-4,1160,5,1-2,460,2,1-2-4,580,3,1-2,300,1,,,,,,,
20250717,徳山,9,トクっちゃ特,晴,南,5,5,3,4,5106,山 崎 祥,36,13,7.09,4,0.19,1.55.0,1-2-4,1160,5,1-2,460,2,1-2-4,580,3,1-2,300,1,,,,,,,
20250717,徳山,9,トクっちゃ特,晴,南,5,5,4,3,3661,柳 瀬 興 志,60,20,7.11,3,0.18,1.57.4,1-2-4,1160,5,1-2,460,2,1-2-4,580,3,1-2,300,1,,,,,,,
20250717,徳山,9,トクっちゃ特,晴,南,5,5,5,6,5165,小 林 愛 実,63,17,7.11,6,0.21,,1-2-4,1160,5,1-2,460,2,1-2-4,580,3,1-2,300,1,,,,,,,
20250717,徳山,9,トクっちゃ特,晴,南,5,5,6,5,3484,芝 田 浩 治,46,33,7.15,5,0.19,,1-2-4,1160,5,1-2,460,2,1-2-4,580,3,1-2,300,1,,,,,,,
20250717,徳山,10,のんた選抜,晴,南,5,5,1,3,4314,青 木 幸太郎,61,42,7.14,3,0.13,1.52.9,3-1-5,8580,24,3-1,1790,7,1-3-5,1290,5,1-3,570,3,,,,,,,
20250717,徳山,10,のんた選抜,晴,南,5,5,2,1,4055,吉 田 俊 彦,74,16,7.15,1,0.15,1.54.3,3-1-5,8580,24,3-1,1790,7,1-3-5,1290,5,1-3,570,3,,,,,,,
20250717,徳山,10,のんた選抜,晴,南,5,5,3,5,4509,平 見 真 彦,67,14,7.15,5,0.17,1.54.9,3-1-5,8580,24,3-1,1790,7,1-3-5,1290,5,1-3,570,3,,,,,,,
20250717,徳山,10,のんた選抜,晴,南,5,5,4,2,3907,村 越 篤,26,26,7.14,2,0.15,1.56.7,3-1-5,8580,24,3-1,1790,7,1-3-5,1290,5,1-3,570,3,,,,,,,
20250717,徳山,10,のんた選抜,晴,南,5,5,5,6,3349,吉 田 一 郎,13,25,7.14,6,0.17,,3-1-5,8580,24,3-1,1790,7,1-3-5,1290,5,1-3,570,3,,,,,,,
20250717,徳山,10,のんた選抜,晴,南,5,5,6,4,3983,須 藤 博 倫,17,77,7.11,4,0.12,,3-1-5,8580,24,3-1,1790,7,1-3-5,1290,5,1-3,570,3,,,,,,,
20250717,徳山,11,それっちゃ選,晴,南東,5,5,1,1,4446,和 田 兼 輔,23,75,7.11,1,0.03,1.54.1,1-2-5,1360,5,1-2,290,2,1-2-5,980,4,1-2,310,2,,,,,,,
20250717,徳山,11,それっちゃ選,晴,南東,5,5,2,2,4623,中 北 将 史,69,68,7.15,2,0.01,1.55.1,1-2-5,1360,5,1-2,290,2,1-2-5,980,4,1-2,310,2,,,,,,,
20250717,徳山,11,それっちゃ選,晴,南東,5,5,3,5,4015,前 野 竜 一,59,30,7.20,5,0.07,1.55.8,1-2-5,1360,5,1-2,290,2,1-2-5,980,4,1-2,310,2,,,,,,,
20250717,徳山,11,それっちゃ選,晴,南東,5,5,4,4,4566,塩 田 北 斗,35,43,7.12,4,0.02,1.57.8,1-2-5,1360,5,1-2,290,2,1-2-5,980,4,1-2,310,2,,,,,,,
20250717,徳山,11,それっちゃ選,晴,南東,5,5,5,6,3333,丸 尾 義 孝,53,53,7.17,6,0.13,,1-2-5,1360,5,1-2,290,2,1-2-5,980,4,1-2,310,2,,,,,,,
20250717,徳山,12,優勝戦,晴,南東,7,7,1,5,3909,佐々木 康 幸,39,38,7.15,5,0.13,1.53.3,5-1-2,15200,31,5-1,3430,8,1-2-5,590,3,1-5,550,3,,,,,,,
20250717,徳山,12,優勝戦,晴,南東,7,7,2,1,4044,湯 川 浩 司,73,29,7.07,1,0.19,1.55.7,5-1-2,15200,31,5-1,3430,8,1-2-5,590,3,1-5,550,3,,,,,,,
20250717,徳山,12,優勝戦,晴,南東,7,7,3,2,5026,安河内 健,58,72,7.09,2,0.18,1.56.6,5-1-2,15200,31,5-1,3430,8,1-2-5,590,3,1-5,550,3,,,,,,,
20250717,徳山,12,優勝戦,晴,南東,7,7,4,6,4704,河 野 大,19,34,7.22,6,0.17,1.57.7,5-1-2,15200,31,5-1,3430,8,1-2-5,590,3,1-5,550,3,,,,,,,
20250717,徳山,12,優勝戦,晴,南東,7,7,5,3,4713,白 神 優,28,58,7.16,3,0.17,,5-1-2,15200,31,5-1,3430,8,1-2-5,590,3,1-5,550,3,,,,,,,
20250717,徳山,12,優勝戦,晴,南東,7,7,6,4,3478,嶋 田 貴 支,66,45,7.21,4,0.14,,5-1-2,15200,31,5-1,3430,8,1-2-5,590,3,1-5,550,3,,,,,,,
20250717,桐生,1,予選,晴,東,4,3,1,2,4437,中 田 元 泰,18,63,6.77,2,0.18,1.50.7,2-6-5,23260,58,2-6,5320,15,2-5-6,3420,13,2-6,4660,11,,,,,,,
20250717,桐生,1,予選,晴,東,4,3,2,6,4872,山 下 流 心,51,21,6.92,5,0.30,1.53.6,2-6-5,23260,58,2-6,5320,15,2-5-6,3420,13,2-6,4660,11,,,,,,,
20250717,桐生,1,予選,晴,東,4,3,3,5,3538,菊 池 峰 晴,56,48,6.79,6,0.35,1.54.6,2-6-5,23260,58,2-6,5320,15,2-5-6,3420,13,2-6,4660,11,,,,,,,
20250717,桐生,1,予選,晴,東,4,3,4,3,4022,待 鳥 雄 紀,34,19,6.86,3,0.27,1.56.1,2-6-5,23260,58,2-6,5320,15,2-5-6,3420,13,2-6,4660,11,,,,,,,
20250717,桐生,1,予選,晴,東,4,3,5,4,4469,土 山 卓 也,39,42,6.86,4,0.21,1.56.6,2-6-5,23260,58,2-6,5320,15,2-5-6,3420,13,2-6,4660,11,,,,,,,
20250717,桐生,1,予選,晴,東,4,3,6,1,5100,栗 原 一 馬,49,34,6.77,1,0.20,1.58.8,2-6-5,23260,58,2-6,5320,15,2-5-6,3420,13,2-6,4660,11,,,,,,,
20250717,桐生,2,予選,晴,東,4,3,1,1,3619,長谷川 充,62,69,6.75,1,0.28,1.50.7,1-4-3,3100,12,1-4,650,3,1-3-4,1050,5,1-4,450,1,,,,,,,
20250717,桐生,2,予選,晴,東,4,3,2,4,3251,平 石 和 男,32,28,6.85,4,0.25,1.51.8,1-4-3,3100,12,1-4,650,3,1-3-4,1050,5,1-4,450,1,,,,,,,
20250717,桐生,2,予選,晴,東,4,3,3,3,5107,松 本 真 広,28,57,6.91,3,0.29,1.53.7,1-4-3,3100,12,1-4,650,3,1-3-4,1050,5,1-4,450,1,,,,,,,
20250717,桐生,2,予選,晴,東,4,3,4,5,4434,田 中 辰 彦,66,62,6.82,5,0.23,1.55.2,1-4-3,3100,12,1-4,650,3,1-3-4,1050,5,1-4,450,1,,,,,,,
20250717,桐生,2,予選,晴,東,4,3,5,6,3583,齋 藤 智 裕,13,26,6.86,6,0.20,1.55.5,1-4-3,3100,12,1-4,650,3,1-3-4,1050,5,1-4,450,1,,,,,,,
20250717,桐生,2,予選,晴,東,4,3,6,2,4429,豊 田 泰 洋,20,18,6.81,2,0.26,1.58.5,1-4-3,3100,12,1-4,650,3,1-3-4,1050,5,1-4,450,1,,,,,,,
20250717,桐生,3,予選,晴,東,4,3,1,1,5223,森 清 友 翔,59,17,6.63,1,0.10,1.50.2,1-3-2,1690,5,1-3,950,5,1-2-3,310,1,1-3,620,4,,,,,,,
20250717,桐生,3,予選,晴,東,4,3,2,3,5012,加 倉 侑 征,19,70,6.69,3,0.12,1.51.6,1-3-2,1690,5,1-3,950,5,1-2-3,310,1,1-3,620,4,,,,,,,
20250717,桐生,3,予選,晴,東,4,3,3,2,4137,君 島 秀 三,71,66,6.80,2,0.14,1.53.8,1-3-2,1690,5,1-3,950,5,1-2-3,310,1,1-3,620,4,,,,,,,
20250717,桐生,3,予選,晴,東,4,3,4,5,3659,藤 生 雄 人,47,49,6.86,5,0.11,1.55.5,1-3-2,1690,5,1-3,950,5,1-2-3,310,1,1-3,620,4,,,,,,,
20250717,桐生,3,予選,晴,東,4,3,5,4,3569,増 田 進,57,64,6.78,4,0.12,1.56.3,1-3-2,1690,5,1-3,950,5,1-2-3,310,1,1-3,620,4,,,,,,,
20250717,桐生,3,予選,晴,東,4,3,6,6,5154,村 松 栄 太,44,22,6.77,6,0.14,1.58.3,1-3-2,1690,5,1-3,950,5,1-2-3,310,1,1-3,620,4,,,,,,,
20250717,桐生,4,予選,晴,北東,3,2,1,1,3699,富 永 正 人,45,30,6.87,1,0.11,1.51.4,1-5-3,11780,41,1-5,2230,12,1-3-5,3160,11,1-5,700,5,,,,,,,
20250717,桐生,4,予選,晴,北東,3,2,2,5,4748,渡 邉 雄 朗,12,14,6.91,4,0.11,1.52.8,1-5-3,11780,41,1-5,2230,12,1-3-5,3160,11,1-5,700,5,,,,,,,
20250717,桐生,4,予選,晴,北東,3,2,3,3,4343,村 岡 賢,64,50,6.93,5,0.19,1.54.4,1-5-3,11780,41,1-5,2230,12,1-3-5,3160,11,1-5,700,5,,,,,,,
20250717,桐生,4,予選,晴,北東,3,2,4,4,4131,原 豊 土,14,61,6.84,3,0.15,1.55.0,1-5-3,11780,41,1-5,2230,12,1-3-5,3160,11,1-5,700,5,,,,,,,
20250717,桐生,4,予選,晴,北東,3,2,5,6,5343,小 林 礼 央,23,73,6.88,6,0.21,1.55.6,1-5-3,11780,41,1-5,2230,12,1-3-5,3160,11,1-5,700,5,,,,,,,
20250717,桐生,4,予選,晴,北東,3,2,6,2,4630,岩 永 雅 人,30,74,6.72,2,0.14,1.56.4,1-5-3,11780,41,1-5,2230,12,1-3-5,3160,11,1-5,700,5,,,,,,,
20250717,桐生,5,予選,曇り,北東,3,2,1,4,4555,富 永 大 一,38,35,6.81,4,0.08,1.50.5,4-3-5,21670,80,4-3,4530,19,3-4-5,3970,15,3-4,1150,6,,,,,,,
20250717,桐生,5,予選,曇り,北東,3,2,2,3,4578,藤 山 雅 弘,65,29,6.83,3,0.09,1.51.6,4-3-5,21670,80,4-3,4530,19,3-4-5,3970,15,3-4,1150,6,,,,,,,
20250717,桐生,5,予選,曇り,北東,3,2,3,5,4651,佐 藤 大 騎,53,45,6.78,5,0.03,1.53.6,4-3-5,21670,80,4-3,4530,19,3-4-5,3970,15,3-4,1150,6,,,,,,,
20250717,桐生,5,予選,曇り,北東,3,2,4,1,4022,待 鳥 雄 紀,34,19,6.74,1,0.17,1.55.0,4-3-5,21670,80,4-3,4530,19,3-4-5,3970,15,3-4,1150,6,,,,,,,
20250717,桐生,5,予選,曇り,北東,3,2,5,2,4761,山 田 晃 大,33,20,6.90,2,0.10,1.56.6,4-3-5,21670,80,4-3,4530,19,3-4-5,3970,15,3-4,1150,6,,,,,,,
20250717,桐生,5,予選,曇り,北東,3,2,6,6,4786,佐 藤 博 亮,37,38,6.97,6,0.11,1.59.2,4-3-5,21670,80,4-3,4530,19,3-4-5,3970,15,3-4,1150,6,,,,,,,
20250717,桐生,6,ドラドキ目玉,曇り,東,4,3,1,1,3412,鈴 木 博,61,44,6.76,1,0.23,1.50.8,1-3-4,1100,4,1-3,340,2,1-3-4,500,3,1-3,330,2,,,,,,,
20250717,桐生,6,ドラドキ目玉,曇り,東,4,3,2,3,3860,松 本 浩 貴,24,23,6.88,3,0.21,1.52.8,1-3-4,1100,4,1-3,340,2,1-3-4,500,3,1-3,330,2,,,,,,,
20250717,桐生,6,ドラドキ目玉,曇り,東,4,3,3,4,5244,黒 田 剛,54,11,6.76,4,0.17,1.54.0,1-3-4,1100,4,1-3,340,2,1-3-4,500,3,1-3,330,2,,,,,,,
20250717,桐生,6,ドラドキ目玉,曇り,東,4,3,4,2,4405,南 野 利 騰,29,55,6.91,2,0.26,1.55.6,1-3-4,1100,4,1-3,340,2,1-3-4,500,3,1-3,330,2,,,,,,,
20250717,桐生,6,ドラドキ目玉,曇り,東,4,3,5,5,4197,渥 美 卓 郎,41,36,6.84,5,0.14,1.56.1,1-3-4,1100,4,1-3,340,2,1-3-4,500,3,1-3,330,2,,,,,,,
20250717,桐生,6,ドラドキ目玉,曇り,東,4,3,6,6,5304,井 田 涼 介,50,12,6.88,6,0.06,1.59.6,1-3-4,1100,4,1-3,340,2,1-3-4,500,3,1-3,330,2,,,,,,,
20250717,桐生,7,ドラドキ３,曇り,北東,2,1,1,1,3251,平 石 和 男,32,28,6.84,1,0.18,1.50.0,1-2-3,940,3,1-2,760,3,1-2-3,220,1,1-2,610,2,,,,,,,
20250717,桐生,7,ドラドキ３,曇り,北東,2,1,2,2,5212,西 川 拓 利,58,53,6.80,2,0.17,1.51.8,1-2-3,940,3,1-2,760,3,1-2-3,220,1,1-2,610,2,,,,,,,
20250717,桐生,7,ドラドキ３,曇り,北東,2,1,3,3,4437,中 田 元 泰,18,63,6.83,3,0.19,1.53.2,1-2-3,940,3,1-2,760,3,1-2-3,220,1,1-2,610,2,,,,,,,
20250717,桐生,7,ドラドキ３,曇り,北東,2,1,4,6,3569,増 田 進,57,64,6.88,6,0.24,1.55.3,1-2-3,940,3,1-2,760,3,1-2-3,220,1,1-2,610,2,,,,,,,
20250717,桐生,7,ドラドキ３,曇り,北東,2,1,5,4,2538,高 橋 二 朗,70,51,6.94,4,0.17,1.55.8,1-2-3,940,3,1-2,760,3,1-2-3,220,1,1-2,610,2,,,,,,,
20250717,桐生,7,ドラドキ３,曇り,北東,2,1,6,5,4766,石 井 孝 之,27,56,6.74,5,0.14,1.56.2,1-2-3,940,3,1-2,760,3,1-2-3,220,1,1-2,610,2,,,,,,,
20250717,桐生,8,ドラドキ５,曇り,北東,2,1,1,1,4131,原 豊 土,14,61,6.85,1,0.07,1.49.9,1-4-5,2980,11,1-4,1480,5,1-4-5,500,3,1-4,1310,4,,,,,,,
20250717,桐生,8,ドラドキ５,曇り,北東,2,1,2,4,5100,栗 原 一 馬,49,34,6.89,4,0.09,1.51.5,1-4-5,2980,11,1-4,1480,5,1-4-5,500,3,1-4,1310,4,,,,,,,
20250717,桐生,8,ドラドキ５,曇り,北東,2,1,3,5,4512,高 野 哲 史,11,13,6.84,5,0.09,1.53.0,1-4-5,2980,11,1-4,1480,5,1-4-5,500,3,1-4,1310,4,,,,,,,
20250717,桐生,8,ドラドキ５,曇り,北東,2,1,4,2,5107,松 本 真 広,28,57,6.94,2,0.10,1.54.5,1-4-5,2980,11,1-4,1480,5,1-4-5,500,3,1-4,1310,4,,,,,,,
20250717,桐生,8,ドラドキ５,曇り,北東,2,1,5,3,5154,村 松 栄 太,44,22,6.89,3,0.06,1.55.3,1-4-5,2980,11,1-4,1480,5,1-4-5,500,3,1-4,1310,4,,,,,,,
20250717,桐生,8,ドラドキ５,曇り,北東,2,1,6,6,5349,宮 崎 奏 磨,69,40,6.79,6,0.08,1.58.9,1-4-5,2980,11,1-4,1480,5,1-4-5,500,3,1-4,1310,4,,,,,,,
20250717,桐生,9,予選特賞,曇り,北東,3,2,1,1,4651,佐 藤 大 騎,53,45,6.71,1,0.16,1.50.6,1-4-5,14070,48,1-4,770,3,1-4-5,8220,17,1-4,680,4,,,,,,,
20250717,桐生,9,予選特賞,曇り,北東,3,2,2,4,3659,藤 生 雄 人,47,49,6.90,4,0.10,1.52.3,1-4-5,14070,48,1-4,770,3,1-4-5,8220,17,1-4,680,4,,,,,,,
20250717,桐生,9,予選特賞,曇り,北東,3,2,3,5,4429,豊 田 泰 洋,20,18,6.99,5,0.04,1.53.8,1-4-5,14070,48,1-4,770,3,1-4-5,8220,17,1-4,680,4,,,,,,,
20250717,桐生,9,予選特賞,曇り,北東,3,2,4,3,4748,渡 邉 雄 朗,12,14,6.90,3,0.13,1.54.3,1-4-5,14070,48,1-4,770,3,1-4-5,8220,17,1-4,680,4,,,,,,,
20250717,桐生,9,予選特賞,曇り,北東,3,2,5,6,4643,近 江 翔 吾,46,60,6.81,6,0.06,1.55.7,1-4-5,14070,48,1-4,770,3,1-4-5,8220,17,1-4,680,4,,,,,,,
20250717,桐生,9,予選特賞,曇り,北東,3,2,6,2,4872,山 下 流 心,51,21,6.97,2,0.18,1.59.4,1-4-5,14070,48,1-4,770,3,1-4-5,8220,17,1-4,680,4,,,,,,,
20250717,桐生,10,予選特賞,曇り,北,2,1,1,1,5012,加 倉 侑 征,19,70,6.75,1,0.07,1.49.9,1-4-2,1010,2,1-4,480,2,1-2-4,210,1,1-4,300,2,,,,,,,
20250717,桐生,10,予選特賞,曇り,北,2,1,2,4,3740,大 澤 普 司,55,24,6.85,4,0.21,1.51.4,1-4-2,1010,2,1-4,480,2,1-2-4,210,1,1-4,300,2,,,,,,,
20250717,桐生,10,予選特賞,曇り,北,2,1,3,2,4434,田 中 辰 彦,66,62,6.85,2,0.24,1.53.6,1-4-2,1010,2,1-4,480,2,1-2-4,210,1,1-4,300,2,,,,,,,
20250717,桐生,10,予選特賞,曇り,北,2,1,4,5,4555,富 永 大 一,38,35,6.83,5,0.27,1.53.6,1-4-2,1010,2,1-4,480,2,1-2-4,210,1,1-4,300,2,,,,,,,
20250717,桐生,10,予選特賞,曇り,北,2,1,5,3,4469,土 山 卓 也,39,42,6.91,3,0.26,1.56.8,1-4-2,1010,2,1-4,480,2,1-2-4,210,1,1-4,300,2,,,,,,,
20250717,桐生,10,予選特賞,曇り,北,2,1,6,6,4197,渥 美 卓 郎,41,36,6.91,6,0.32,1.58.8,1-4-2,1010,2,1-4,480,2,1-2-4,210,1,1-4,300,2,,,,,,,
20250717,桐生,11,予選特選,曇り,北東,2,1,1,4,5212,西 川 拓 利,58,53,6.72,4,0.12,1.50.3,4-1-5,6680,25,4-1,2190,8,1-4-5,1290,5,1-4,570,2,,,,,,,
20250717,桐生,11,予選特選,曇り,北東,2,1,2,1,4630,岩 永 雅 人,30,74,6.78,1,0.20,1.52.0,4-1-5,6680,25,4-1,2190,8,1-4-5,1290,5,1-4,570,2,,,,,,,
20250717,桐生,11,予選特選,曇り,北東,2,1,3,5,4228,吉 田 慎二郎,26,27,6.83,5,0.15,1.52.7,4-1-5,6680,25,4-1,2190,8,1-4-5,1290,5,1-4,570,2,,,,,,,
20250717,桐生,11,予選特選,曇り,北東,2,1,4,6,4578,藤 山 雅 弘,65,29,6.75,6,0.25,1.54.2,4-1-5,6680,25,4-1,2190,8,1-4-5,1290,5,1-4,570,2,,,,,,,
20250717,桐生,11,予選特選,曇り,北東,2,1,5,3,4137,君 島 秀 三,71,66,6.84,3,0.21,1.54.6,4-1-5,6680,25,4-1,2190,8,1-4-5,1290,5,1-4,570,2,,,,,,,
20250717,桐生,11,予選特選,曇り,北東,2,1,6,2,3860,松 本 浩 貴,24,23,6.86,2,0.26,1.57.4,4-1-5,6680,25,4-1,2190,8,1-4-5,1290,5,1-4,570,2,,,,,,,
20250717,桐生,12,桐生特選,曇り,北,1,1,1,1,4512,高 野 哲 史,11,13,6.80,1,0.20,1.49.8,1-3-4,1670,6,1-3,340,2,1-3-4,1010,4,1-3,240,2,,,,,,,
20250717,桐生,12,桐生特選,曇り,北,1,1,2,3,4430,永 田 秀 二,36,16,6.87,3,0.22,1.51.3,1-3-4,1670,6,1-3,340,2,1-3-4,1010,4,1-3,240,2,,,,,,,
20250717,桐生,12,桐生特選,曇り,北,1,1,3,4,4405,南 野 利 騰,29,55,6.87,4,0.19,1.53.0,1-3-4,1670,6,1-3,340,2,1-3-4,1010,4,1-3,240,2,,,,,,,
20250717,桐生,12,桐生特選,曇り,北,1,1,4,5,3699,富 永 正 人,45,30,6.84,5,0.18,1.53.2,1-3-4,1670,6,1-3,340,2,1-3-4,1010,4,1-3,240,2,,,,,,,
20250717,桐生,12,桐生特選,曇り,北,1,1,5,6,4761,山 田 晃 大,33,20,6.81,6,0.18,1.54.8,1-3-4,1670,6,1-3,340,2,1-3-4,1010,4,1-3,240,2,,,,,,,
20250717,桐生,12,桐生特選,曇り,北,1,1,6,2,5053,山 口 広 樹,74,33,6.80,2,0.19,1.56.6,1-3-4,1670,6,1-3,340,2,1-3-4,1010,4,1-3,240,2,,,,,,,
20250717,浜名湖,1,予選,曇り,南東,4,2,1,1,3718,伊 達 正 利,56,50,6.65,1,0.25,1.52.3,1-2-5,1270,4,1-2,330,1,1-2-5,720,4,1-2,260,1,,,,,,,
20250717,浜名湖,1,予選,曇り,南東,4,2,2,2,4332,村 上 彰 一,44,16,6.66,2,0.24,1.52.9,1-2-5,1270,4,1-2,330,1,1-2-5,720,4,1-2,260,1,,,,,,,
20250717,浜名湖,1,予選,曇り,南東,4,2,3,5,4031,飯 島 誠,61,75,6.70,5,0.23,1.54.7,1-2-5,1270,4,1-2,330,1,1-2-5,720,4,1-2,260,1,,,,,,,
20250717,浜名湖,1,予選,曇り,南東,4,2,4,6,4417,服 部 剛,9,33,6.71,6,0.33,1.55.3,1-2-5,1270,4,1-2,330,1,1-2-5,720,4,1-2,260,1,,,,,,,
20250717,浜名湖,1,予選,曇り,南東,4,2,5,4,4440,萩 原 知 哉,14,17,6.73,4,0.20,,1-2-5,1270,4,1-2,330,1,1-2-5,720,4,1-2,260,1,,,,,,,
20250717,浜名湖,1,予選,曇り,南東,4,2,6,3,3866,木 山 誠 一,58,15,6.71,3,0.12,,1-2-5,1270,4,1-2,330,1,1-2-5,720,4,1-2,260,1,,,,,,,
20250717,浜名湖,2,予選,曇り,南,4,2,1,1,3880,浅 見 宗 孝,55,55,6.62,1,0.18,1.52.0,1-4-5,2550,7,1-4,740,4,1-4-5,700,3,1-4,1330,8,,,,,,,
20250717,浜名湖,2,予選,曇り,南,4,2,2,4,4431,石 塚 裕 介,63,32,6.68,4,0.21,1.53.1,1-4-5,2550,7,1-4,740,4,1-4-5,700,3,1-4,1330,8,,,,,,,
20250717,浜名湖,2,予選,曇り,南,4,2,3,5,4877,鈴 谷 一 平,29,73,6.64,5,0.13,1.55.2,1-4-5,2550,7,1-4,740,4,1-4-5,700,3,1-4,1330,8,,,,,,,
20250717,浜名湖,2,予選,曇り,南,4,2,4,6,5169,堀 本 翔 太,31,30,6.65,6,0.15,1.56.4,1-4-5,2550,7,1-4,740,4,1-4-5,700,3,1-4,1330,8,,,,,,,
20250717,浜名湖,2,予選,曇り,南,4,2,5,3,4114,深 澤 達 徳,48,43,6.64,3,0.38,,1-4-5,2550,7,1-4,740,4,1-4-5,700,3,1-4,1330,8,,,,,,,
20250717,浜名湖,2,予選,曇り,南,4,2,6,2,4252,松 下 哲 也,15,53,6.65,2,0.30,,1-4-5,2550,7,1-4,740,4,1-4-5,700,3,1-4,1330,8,,,,,,,
20250717,浜名湖,3,予選,曇り,南,4,2,1,5,3542,清 水 紀 克,8,62,6.66,2,0.12,1.51.9,5-4-3,24640,51,5-4,9130,18,3-4-5,1860,8,4-5,3850,11,,,,,,,
20250717,浜名湖,3,予選,曇り,南,4,2,2,4,3454,井 川 大 作,6,25,6.70,5,0.07,1.53.2,5-4-3,24640,51,5-4,9130,18,3-4-5,1860,8,4-5,3850,11,,,,,,,
20250717,浜名湖,3,予選,曇り,南,4,2,3,3,4109,谷 津 幸 宏,39,19,6.69,4,0.19,1.54.4,5-4-3,24640,51,5-4,9130,18,3-4-5,1860,8,4-5,3850,11,,,,,,,
20250717,浜名湖,3,予選,曇り,南,4,2,4,2,3826,村 田 修 次,49,68,6.61,3,0.09,1.54.9,5-4-3,24640,51,5-4,9130,18,3-4-5,1860,8,4-5,3850,11,,,,,,,
20250717,浜名湖,3,予選,曇り,南,4,2,5,6,5383,中 村 楓,37,64,6.67,6,0.07,,5-4-3,24640,51,5-4,9130,18,3-4-5,1860,8,4-5,3850,11,,,,,,,
20250717,浜名湖,3,予選,曇り,南,4,2,6,1,5240,高 橋 龍 治,18,49,6.59,1,0.33,,5-4-3,24640,51,5-4,9130,18,3-4-5,1860,8,4-5,3850,11,,,,,,,
20250717,浜名湖,4,ランチタイム,曇り,南,4,2,1,1,5068,前 田 滉,23,11,6.61,1,0.16,1.51.4,1-5-2,1400,6,1-5,690,3,1-2-5,310,1,1-5,500,3,,,,,,,
20250717,浜名湖,4,ランチタイム,曇り,南,4,2,2,5,3643,米 田 隆 弘,36,23,6.77,5,0.14,1.53.0,1-5-2,1400,6,1-5,690,3,1-2-5,310,1,1-5,500,3,,,,,,,
20250717,浜名湖,4,ランチタイム,曇り,南,4,2,3,2,3911,鈴 木 猛,19,12,6.67,2,0.16,1.53.8,1-5-2,1400,6,1-5,690,3,1-2-5,310,1,1-5,500,3,,,,,,,
20250717,浜名湖,4,ランチタイム,曇り,南,4,2,4,4,4327,加 藤 翔,50,13,6.63,4,0.13,1.55.7,1-5-2,1400,6,1-5,690,3,1-2-5,310,1,1-5,500,3,,,,,,,
20250717,浜名湖,4,ランチタイム,曇り,南,4,2,5,6,4740,齋 藤 達 希,30,65,6.64,6,0.19,,1-5-2,1400,6,1-5,690,3,1-2-5,310,1,1-5,500,3,,,,,,,
20250717,浜名湖,4,ランチタイム,曇り,南,4,2,6,3,3851,森 田 昭 彦,64,41,6.70,3,0.20,,1-5-2,1400,6,1-5,690,3,1-2-5,310,1,1-5,500,3,,,,,,,
20250717,浜名湖,5,予選,曇り,南,4,2,1,5,4116,川 田 正 人,47,38,6.69,5,0.24,1.52.1,5-1-3,17320,52,5-1,3780,17,1-3-5,1550,8,1-5,1030,5,,,,,,,
20250717,浜名湖,5,予選,曇り,南,4,2,2,1,4676,後 藤 隼 之,62,36,6.67,1,0.25,1.53.6,5-1-3,17320,52,5-1,3780,17,1-3-5,1550,8,1-5,1030,5,,,,,,,
20250717,浜名湖,5,予選,曇り,南,4,2,3,3,4942,柴 田 朋 哉,7,46,6.63,3,0.39,1.54.5,5-1-3,17320,52,5-1,3780,17,1-3-5,1550,8,1-5,1030,5,,,,,,,
20250717,浜名湖,5,予選,曇り,南,4,2,4,4,4356,長 岡 良 也,57,48,6.63,4,0.29,1.56.1,5-1-3,17320,52,5-1,3780,17,1-3-5,1550,8,1-5,1030,5,,,,,,,
20250717,浜名湖,5,予選,曇り,南,4,2,5,2,4496,内 堀 学,45,28,6.69,2,0.40,,5-1-3,17320,52,5-1,3780,17,1-3-5,1550,8,1-5,1030,5,,,,,,,
20250717,浜名湖,5,予選,曇り,南,4,2,6,6,5405,竹 内 来,59,63,6.68,6,0.49,,5-1-3,17320,52,5-1,3780,17,1-3-5,1550,8,1-5,1030,5,,,,,,,
20250717,浜名湖,6,予選,曇り,南,4,2,1,2,4297,山 田 哲 也,32,58,6.63,2,0.13,1.50.3,2-4-1,1900,9,2-4,700,3,1-2-4,310,1,2-4,250,1,,,,,,,
20250717,浜名湖,6,予選,曇り,南,4,2,2,4,4989,石 原 翼,13,45,6.55,4,0.09,1.52.2,2-4-1,1900,9,2-4,700,3,1-2-4,310,1,2-4,250,1,,,,,,,
20250717,浜名湖,6,予選,曇り,南,4,2,3,1,3708,岡 部 貴 司,3,31,6.64,1,0.17,1.53.8,2-4-1,1900,9,2-4,700,3,1-2-4,310,1,2-4,250,1,,,,,,,
20250717,浜名湖,6,予選,曇り,南,4,2,4,5,4466,南 佑 典,25,39,6.65,5,0.09,1.55.1,2-4-1,1900,9,2-4,700,3,1-2-4,310,1,2-4,250,1,,,,,,,
20250717,浜名湖,6,予選,曇り,南,4,2,5,6,4252,松 下 哲 也,15,53,6.65,6,0.16,,2-4-1,1900,9,2-4,700,3,1-2-4,310,1,2-4,250,1,,,,,,,
20250717,浜名湖,6,予選,曇り,南,4,2,6,3,5242,高 山 弘 斗,16,67,6.72,3,0.16,,2-4-1,1900,9,2-4,700,3,1-2-4,310,1,2-4,250,1,,,,,,,
20250717,浜名湖,7,予選,曇り,南,4,2,1,6,3743,林 美 憲,27,44,6.65,2,0.09,1.51.7,6-2-4,2090,7,6-2,1340,5,2-4-6,880,4,2-6,1540,8,,,,,,,
20250717,浜名湖,7,予選,曇り,南,4,2,2,2,3866,木 山 誠 一,58,15,6.76,3,0.05,1.53.8,6-2-4,2090,7,6-2,1340,5,2-4-6,880,4,2-6,1540,8,,,,,,,
20250717,浜名湖,7,予選,曇り,南,4,2,3,4,4122,安 東 幸 治,53,34,6.66,5,0.12,1.54.4,6-2-4,2090,7,6-2,1340,5,2-4-6,880,4,2-6,1540,8,,,,,,,
20250717,浜名湖,7,予選,曇り,南,4,2,4,1,3463,乙 津 康 志,11,66,6.69,1,0.17,1.56.6,6-2-4,2090,7,6-2,1340,5,2-4-6,880,4,2-6,1540,8,,,,,,,
20250717,浜名湖,7,予選,曇り,南,4,2,5,5,5383,中 村 楓,37,64,6.62,6,0.11,,6-2-4,2090,7,6-2,1340,5,2-4-6,880,4,2-6,1540,8,,,,,,,
20250717,浜名湖,7,予選,曇り,南,4,2,6,3,4633,森 智 也,40,35,6.67,4,0.12,,6-2-4,2090,7,6-2,1340,5,2-4-6,880,4,2-6,1540,8,,,,,,,
20250717,浜名湖,8,ブレイクタイ,曇り,南,4,2,1,4,4207,松 下 一 也,65,27,6.68,4,0.07,1.51.9,4-5-2,2220,9,4-5,620,3,2-4-5,1230,5,4-5,790,3,,,,,,,
20250717,浜名湖,8,ブレイクタイ,曇り,南,4,2,2,5,3718,伊 達 正 利,56,50,6.68,5,0.11,1.52.6,4-5-2,2220,9,4-5,620,3,2-4-5,1230,5,4-5,790,3,,,,,,,
20250717,浜名湖,8,ブレイクタイ,曇り,南,4,2,3,2,5211,高 井 駿 弥,5,29,6.68,2,0.27,1.54.5,4-5-2,2220,9,4-5,620,3,2-4-5,1230,5,4-5,790,3,,,,,,,
20250717,浜名湖,8,ブレイクタイ,曇り,南,4,2,4,1,4114,深 澤 達 徳,48,43,6.66,1,0.33,1.55.8,4-5-2,2220,9,4-5,620,3,2-4-5,1230,5,4-5,790,3,,,,,,,
20250717,浜名湖,8,ブレイクタイ,曇り,南,4,2,5,3,5131,江 藤 敦 宏,24,61,6.61,3,0.19,,4-5-2,2220,9,4-5,620,3,2-4-5,1230,5,4-5,790,3,,,,,,,
20250717,浜名湖,8,ブレイクタイ,曇り,南,4,2,6,6,5419,櫻 井 隼,10,76,6.66,6,0.09,,4-5-2,2220,9,4-5,620,3,2-4-5,1230,5,4-5,790,3,,,,,,,
20250717,浜名湖,9,予選特賞,曇り,南,3,2,1,4,4363,大 野 芳 顕,43,54,6.61,4,0.13,1.51.0,4-5-1,1560,3,4-5,730,4,1-4-5,450,2,4-5,750,4,,,,,,,
20250717,浜名湖,9,予選特賞,曇り,南,3,2,2,5,3826,村 田 修 次,49,68,6.68,5,0.16,1.52.6,4-5-1,1560,3,4-5,730,4,1-4-5,450,2,4-5,750,4,,,,,,,
20250717,浜名湖,9,予選特賞,曇り,南,3,2,3,1,4431,石 塚 裕 介,63,32,6.67,1,0.21,1.54.0,4-5-1,1560,3,4-5,730,4,1-4-5,450,2,4-5,750,4,,,,,,,
20250717,浜名湖,9,予選特賞,曇り,南,3,2,4,6,3911,鈴 木 猛,19,12,6.69,6,0.21,1.55.0,4-5-1,1560,3,4-5,730,4,1-4-5,450,2,4-5,750,4,,,,,,,
20250717,浜名湖,9,予選特賞,曇り,南,3,2,5,2,4116,川 田 正 人,47,38,6.63,2,0.19,,4-5-1,1560,3,4-5,730,4,1-4-5,450,2,4-5,750,4,,,,,,,
20250717,浜名湖,9,予選特賞,曇り,南,3,2,6,3,4417,服 部 剛,9,33,6.71,3,0.22,,4-5-1,1560,3,4-5,730,4,1-4-5,450,2,4-5,750,4,,,,,,,
20250717,浜名湖,10,予選特賞,曇り,南,3,2,1,1,4150,山 田 雄 太,52,74,6.71,1,0.17,1.52.0,1-5-3,670,1,1-5,360,1,1-3-5,240,1,1-5,340,2,,,,,,,
20250717,浜名湖,10,予選特賞,曇り,南,3,2,2,5,4496,内 堀 学,45,28,6.71,5,0.23,1.52.7,1-5-3,670,1,1-5,360,1,1-3-5,240,1,1-5,340,2,,,,,,,
20250717,浜名湖,10,予選特賞,曇り,南,3,2,3,3,4466,南 佑 典,25,39,6.68,3,0.14,1.53.8,1-5-3,670,1,1-5,360,1,1-3-5,240,1,1-5,340,2,,,,,,,
20250717,浜名湖,10,予選特賞,曇り,南,3,2,4,6,4332,村 上 彰 一,44,16,6.70,6,0.26,1.55.9,1-5-3,670,1,1-5,360,1,1-3-5,240,1,1-5,340,2,,,,,,,
20250717,浜名湖,10,予選特賞,曇り,南,3,2,5,4,3851,森 田 昭 彦,64,41,6.68,4,0.18,,1-5-3,670,1,1-5,360,1,1-3-5,240,1,1-5,340,2,,,,,,,
20250717,浜名湖,10,予選特賞,曇り,南,3,2,6,2,5169,堀 本 翔 太,31,30,6.74,2,0.26,,1-5-3,670,1,1-5,360,1,1-3-5,240,1,1-5,340,2,,,,,,,
20250717,浜名湖,11,予選特選,曇り,南,3,2,1,3,4989,石 原 翼,13,45,6.61,3,0.09,1.51.1,3-1-6,1400,5,3-1,670,3,1-3-6,490,3,1-3,120,1,,,,,,,
20250717,浜名湖,11,予選特選,曇り,南,3,2,2,1,4877,鈴 谷 一 平,29,73,6.67,1,0.23,1.53.0,3-1-6,1400,5,3-1,670,3,1-3-6,490,3,1-3,120,1,,,,,,,
20250717,浜名湖,11,予選特選,曇り,南,3,2,3,6,4122,安 東 幸 治,53,34,6.64,6,0.17,1.53.6,3-1-6,1400,5,3-1,670,3,1-3-6,490,3,1-3,120,1,,,,,,,
20250717,浜名湖,11,予選特選,曇り,南,3,2,4,2,3643,米 田 隆 弘,36,23,6.69,2,0.20,1.54.1,3-1-6,1400,5,3-1,670,3,1-3-6,490,3,1-3,120,1,,,,,,,
20250717,浜名湖,11,予選特選,曇り,南,3,2,5,4,4676,後 藤 隼 之,62,36,6.74,4,0.18,,3-1-6,1400,5,3-1,670,3,1-3-6,490,3,1-3,120,1,,,,,,,
20250717,浜名湖,11,予選特選,曇り,南,3,2,6,5,5240,高 橋 龍 治,18,49,6.68,5,0.15,,3-1-6,1400,5,3-1,670,3,1-3-6,490,3,1-3,120,1,,,,,,,
20250717,浜名湖,12,ドリーム戦,曇り,南,3,2,1,1,4207,松 下 一 也,65,27,6.65,1,0.14,1.50.6,1-4-3,3710,14,1-4,610,3,1-3-4,1020,6,1-4,1000,4,,,,,,,
20250717,浜名湖,12,ドリーム戦,曇り,南,3,2,2,4,5068,前 田 滉,23,11,6.64,4,0.18,1.51.9,1-4-3,3710,14,1-4,610,3,1-3-4,1020,6,1-4,1000,4,,,,,,,
20250717,浜名湖,12,ドリーム戦,曇り,南,3,2,3,3,4356,長 岡 良 也,57,48,6.66,3,0.16,1.52.8,1-4-3,3710,14,1-4,610,3,1-3-4,1020,6,1-4,1000,4,,,,,,,
20250717,浜名湖,12,ドリーム戦,曇り,南,3,2,4,5,4297,山 田 哲 也,32,58,6.65,5,0.12,1.54.1,1-4-3,3710,14,1-4,610,3,1-3-4,1020,6,1-4,1000,4,,,,,,,
20250717,浜名湖,12,ドリーム戦,曇り,南,3,2,5,6,4109,谷 津 幸 宏,39,19,6.67,6,0.12,,1-4-3,3710,14,1-4,610,3,1-3-4,1020,6,1-4,1000,4,,,,,,,
20250717,浜名湖,12,ドリーム戦,曇り,南,3,2,6,2,3743,林 美 憲,27,44,6.65,2,0.18,,1-4-3,3710,14,1-4,610,3,1-3-4,1020,6,1-4,1000,4,,,,,,,
20250717,福岡,1,カタメン１一,晴,北,2,2,1,1,4627,藤 原 菜 希,38,102,6.94,1,0.18,1.52.1,1-2-3,540,2,1-2,230,1,1-2-3,280,1,1-2,210,1,,,,,,,
20250717,福岡,1,カタメン１一,晴,北,2,2,2,2,5195,北 村 寧 々,28,123,6.98,2,0.25,1.52.9,1-2-3,540,2,1-2,230,1,1-2-3,280,1,1-2,210,1,,,,,,,
20250717,福岡,1,カタメン１一,晴,北,2,2,3,3,5272,松 田 真 実,70,137,6.89,3,0.25,1.54.3,1-2-3,540,2,1-2,230,1,1-2-3,280,1,1-2,210,1,,,,,,,
20250717,福岡,1,カタメン１一,晴,北,2,2,4,4,3994,小 野 桜,73,168,6.93,4,0.25,1.54.4,1-2-3,540,2,1-2,230,1,1-2-3,280,1,1-2,210,1,,,,,,,
20250717,福岡,1,カタメン１一,晴,北,2,2,5,5,3704,本 部 めぐみ,33,135,6.95,5,0.29,,1-2-3,540,2,1-2,230,1,1-2-3,280,1,1-2,210,1,,,,,,,
20250717,福岡,1,カタメン１一,晴,北,2,2,6,6,5335,森 陽 多,47,119,6.92,6,0.27,,1-2-3,540,2,1-2,230,1,1-2-3,280,1,1-2,210,1,,,,,,,
20250717,福岡,2,一般戦,晴,北,2,2,1,3,4456,鎌 倉 涼,39,111,6.92,3,0.17,1.51.0,3-6-2,4970,21,3-6,970,4,2-3-6,1600,8,3-6,800,3,,,,,,,
20250717,福岡,2,一般戦,晴,北,2,2,2,6,4556,竹 井 奈 美,26,158,6.92,6,0.15,1.52.3,3-6-2,4970,21,3-6,970,4,2-3-6,1600,8,3-6,800,3,,,,,,,
20250717,福岡,2,一般戦,晴,北,2,2,3,2,5317,長 尾 萌 加,11,132,6.89,2,0.17,1.52.5,3-6-2,4970,21,3-6,970,4,2-3-6,1600,8,3-6,800,3,,,,,,,
20250717,福岡,2,一般戦,晴,北,2,2,4,1,5296,永 田 楽,49,162,6.85,1,0.11,1.53.8,3-6-2,4970,21,3-6,970,4,2-3-6,1600,8,3-6,800,3,,,,,,,
20250717,福岡,2,一般戦,晴,北,2,2,5,4,4349,犬 童 千 秋,48,138,6.86,4,0.19,,3-6-2,4970,21,3-6,970,4,2-3-6,1600,8,3-6,800,3,,,,,,,
20250717,福岡,2,一般戦,晴,北,2,2,6,5,5327,西 田 和 加,42,157,6.92,5,0.26,,3-6-2,4970,21,3-6,970,4,2-3-6,1600,8,3-6,800,3,,,,,,,
20250717,福岡,3,カタメン３一,晴,北,3,3,1,1,3579,中 里 優 子,60,128,6.95,1,0.25,1.52.3,1-3-2,1200,3,1-3,390,1,1-2-3,450,2,1-3,180,1,,,,,,,
20250717,福岡,3,カタメン３一,晴,北,3,3,2,3,4190,長 嶋 万 記,17,108,6.93,3,0.24,1.53.3,1-3-2,1200,3,1-3,390,1,1-2-3,450,2,1-3,180,1,,,,,,,
20250717,福岡,3,カタメン３一,晴,北,3,3,3,2,5250,嶋 田 有 里,40,172,6.93,2,0.21,1.54.8,1-3-2,1200,3,1-3,390,1,1-2-3,450,2,1-3,180,1,,,,,,,
20250717,福岡,3,カタメン３一,晴,北,3,3,4,5,3357,福 島 陽 子,67,129,6.94,5,0.26,1.56.1,1-3-2,1200,3,1-3,390,1,1-2-3,450,2,1-3,180,1,,,,,,,
20250717,福岡,3,カタメン３一,晴,北,3,3,5,4,5203,神 里 琴 音,29,155,6.98,4,0.18,,1-3-2,1200,3,1-3,390,1,1-2-3,450,2,1-3,180,1,,,,,,,
20250717,福岡,3,カタメン３一,晴,北,3,3,6,6,5264,登 みひ果,72,142,6.91,6,0.22,,1-3-2,1200,3,1-3,390,1,1-2-3,450,2,1-3,180,1,,,,,,,
20250717,福岡,4,一般戦,晴,北,2,2,1,2,4317,木 村 紗友希,53,101,6.93,2,0.07,1.57.3,2-3-6,42490,78,2-3,10000,21,2-3-6,4890,15,2-3,2930,10,,,,,,,
20250717,福岡,4,一般戦,晴,北,2,2,2,3,4240,今 井 裕 梨,32,130,6.96,3,0.09,2.00.7,2-3-6,42490,78,2-3,10000,21,2-3-6,4890,15,2-3,2930,10,,,,,,,
20250717,福岡,4,一般戦,晴,北,2,2,3,6,4447,深 川 麻奈美,44,136,6.94,6,0.22,2.03.5,2-3-6,42490,78,2-3,10000,21,2-3-6,4890,15,2-3,2930,10,,,,,,,
20250717,福岡,4,一般戦,晴,北,2,2,4,1,5281,井 上 遥 妃,43,167,6.94,1,0.14,2.06.8,2-3-6,42490,78,2-3,10000,21,2-3-6,4890,15,2-3,2930,10,,,,,,,
20250717,福岡,4,一般戦,晴,北,2,2,5,4,3518,倉 田 郁 美,61,152,6.94,4,0.12,,2-3-6,42490,78,2-3,10000,21,2-3-6,4890,15,2-3,2930,10,,,,,,,
20250717,福岡,5,一般戦,晴,北,2,2,1,6,4123,細 川 裕 子,64,143,6.96,6,0.13,2.01.2,6-1-5,7410,30,6-1,4170,14,1-5-6,410,2,1-6,660,4,,,,,,,
20250717,福岡,5,一般戦,晴,北,2,2,2,1,4014,片 岡 恵 里,34,114,6.87,1,0.07,2.04.1,6-1-5,7410,30,6-1,4170,14,1-5-6,410,2,1-6,660,4,,,,,,,
20250717,福岡,5,一般戦,晴,北,2,2,3,5,5193,米 丸 乃 絵,46,173,6.88,5,0.05,2.08.1,6-1-5,7410,30,6-1,4170,14,1-5-6,410,2,1-6,660,4,,,,,,,
20250717,福岡,5,一般戦,晴,北,2,2,4,2,5078,山 川 波 乙,18,141,6.89,2,0.11,2.11.7,6-1-5,7410,30,6-1,4170,14,1-5-6,410,2,1-6,660,4,,,,,,,
20250717,福岡,5,一般戦,晴,北,2,2,5,3,3994,小 野 桜,73,168,6.96,3,0.16,,6-1-5,7410,30,6-1,4170,14,1-5-6,410,2,1-6,660,4,,,,,,,
20250717,福岡,6,一般戦,晴,北,2,2,1,1,4045,佐々木 裕 美,22,110,6.88,1,0.15,1.50.8,1-4-5,800,1,1-4,410,1,1-4-5,230,1,1-4,240,1,,,,,,,
20250717,福岡,6,一般戦,晴,北,2,2,2,4,4530,小 野 生 奈,36,165,6.86,4,0.07,1.51.8,1-4-5,800,1,1-4,410,1,1-4-5,230,1,1-4,240,1,,,,,,,
20250717,福岡,6,一般戦,晴,北,2,2,3,5,5163,清 水 愛 海,50,160,6.84,5,0.09,1.53.8,1-4-5,800,1,1-4,410,1,1-4-5,230,1,1-4,240,1,,,,,,,
20250717,福岡,6,一般戦,晴,北,2,2,4,3,5195,北 村 寧 々,28,123,6.95,3,0.09,1.56.4,1-4-5,800,1,1-4,410,1,1-4-5,230,1,1-4,240,1,,,,,,,
20250717,福岡,6,一般戦,晴,北,2,2,5,2,4525,真 子 奈津実,63,105,6.91,2,0.17,,1-4-5,800,1,1-4,410,1,1-4-5,230,1,1-4,240,1,,,,,,,
20250717,福岡,6,一般戦,晴,北,2,2,6,6,5327,西 田 和 加,42,157,6.90,6,0.07,,1-4-5,800,1,1-4,410,1,1-4-5,230,1,1-4,240,1,,,,,,,
20250717,福岡,7,一般戦,晴,北,2,2,1,1,3845,中 谷 朋 子,13,169,6.93,1,0.26,1.52.2,1-4-3,810,1,1-4,330,1,1-3-4,300,1,1-4,220,1,,,,,,,
20250717,福岡,7,一般戦,晴,北,2,2,2,4,4225,土 屋 千 明,65,147,6.94,4,0.24,1.53.7,1-4-3,810,1,1-4,330,1,1-3-4,300,1,1-4,220,1,,,,,,,
20250717,福岡,7,一般戦,晴,北,2,2,3,3,5317,長 尾 萌 加,11,132,6.91,3,0.21,1.54.2,1-4-3,810,1,1-4,330,1,1-3-4,300,1,1-4,220,1,,,,,,,
20250717,福岡,7,一般戦,晴,北,2,2,4,2,4484,稲 生 夏 季,59,103,7.00,2,0.26,1.54.9,1-4-3,810,1,1-4,330,1,1-3-4,300,1,1-4,220,1,,,,,,,
20250717,福岡,7,一般戦,晴,北,2,2,5,6,5340,樋江井 舞,54,153,6.88,6,0.35,,1-4-3,810,1,1-4,330,1,1-3-4,300,1,1-4,220,1,,,,,,,
20250717,福岡,7,一般戦,晴,北,2,2,6,5,3551,藤 田 美 代,58,115,6.87,5,0.38,,1-4-3,810,1,1-4,330,1,1-3-4,300,1,1-4,220,1,,,,,,,
20250717,福岡,8,一般戦,晴,北,2,2,1,4,4433,川 野 芽 唯,23,171,6.93,4,0.30,1.51.8,4-5-2,13480,37,4-5,1580,6,2-4-5,7420,15,4-5,580,3,,,,,,,
20250717,福岡,8,一般戦,晴,北,2,2,2,5,4317,木 村 紗友希,53,101,6.96,5,0.29,1.53.9,4-5-2,13480,37,4-5,1580,6,2-4-5,7420,15,4-5,580,3,,,,,,,
20250717,福岡,8,一般戦,晴,北,2,2,3,2,3704,本 部 めぐみ,33,135,6.94,2,0.32,1.55.4,4-5-2,13480,37,4-5,1580,6,2-4-5,7420,15,4-5,580,3,,,,,,,
20250717,福岡,8,一般戦,晴,北,2,2,4,1,4478,櫻 本 あゆみ,24,164,7.00,1,0.20,1.55.7,4-5-2,13480,37,4-5,1580,6,2-4-5,7420,15,4-5,580,3,,,,,,,
20250717,福岡,8,一般戦,晴,北,2,2,5,6,4936,戸 敷 晃 美,30,107,6.94,6,0.30,,4-5-2,13480,37,4-5,1580,6,2-4-5,7420,15,4-5,580,3,,,,,,,
20250717,福岡,8,一般戦,晴,北,2,2,6,3,5250,嶋 田 有 里,40,172,6.93,3,0.29,,4-5-2,13480,37,4-5,1580,6,2-4-5,7420,15,4-5,580,3,,,,,,,
20250717,福岡,9,一般戦,晴,北,2,2,1,1,4773,中 川 り な,45,148,6.93,1,0.16,1.52.3,1-2-3,890,2,1-2,420,2,1-2-3,450,2,1-2,410,3,,,,,,,
20250717,福岡,9,一般戦,晴,北,2,2,2,2,5272,松 田 真 実,70,137,6.91,2,0.18,1.53.3,1-2-3,890,2,1-2,420,2,1-2-3,450,2,1-2,410,3,,,,,,,
20250717,福岡,9,一般戦,晴,北,2,2,3,3,5078,山 川 波 乙,18,141,6.94,3,0.18,1.55.0,1-2-3,890,2,1-2,420,2,1-2-3,450,2,1-2,410,3,,,,,,,
20250717,福岡,9,一般戦,晴,北,2,2,4,6,4456,鎌 倉 涼,39,111,6.95,6,0.26,1.55.9,1-2-3,890,2,1-2,420,2,1-2-3,450,2,1-2,410,3,,,,,,,
20250717,福岡,9,一般戦,晴,北,2,2,5,4,3357,福 島 陽 子,67,129,6.94,4,0.28,,1-2-3,890,2,1-2,420,2,1-2-3,450,2,1-2,410,3,,,,,,,
20250717,福岡,9,一般戦,晴,北,2,2,6,5,3518,倉 田 郁 美,61,152,6.95,5,0.27,,1-2-3,890,2,1-2,420,2,1-2-3,450,2,1-2,410,3,,,,,,,
20250717,福岡,10,準優勝戦,晴,北,2,2,1,1,4556,竹 井 奈 美,26,158,6.90,1,0.11,1.50.7,1-3-2,1200,4,1-3,530,3,1-2-3,230,1,1-3,520,2,,,,,,,
20250717,福岡,10,準優勝戦,晴,北,2,2,2,3,5203,神 里 琴 音,29,155,6.91,3,0.10,1.52.3,1-3-2,1200,4,1-3,530,3,1-2-3,230,1,1-3,520,2,,,,,,,
20250717,福岡,10,準優勝戦,晴,北,2,2,3,2,4530,小 野 生 奈,36,165,6.92,2,0.11,1.54.2,1-3-2,1200,4,1-3,530,3,1-2-3,230,1,1-3,520,2,,,,,,,
20250717,福岡,10,準優勝戦,晴,北,2,2,4,4,4014,片 岡 恵 里,34,114,6.91,4,0.17,1.55.4,1-3-2,1200,4,1-3,530,3,1-2-3,230,1,1-3,520,2,,,,,,,
20250717,福岡,10,準優勝戦,晴,北,2,2,5,5,4240,今 井 裕 梨,32,130,6.93,5,0.16,,1-3-2,1200,4,1-3,530,3,1-2-3,230,1,1-3,520,2,,,,,,,
20250717,福岡,10,準優勝戦,晴,北,2,2,6,6,4627,藤 原 菜 希,38,102,6.92,6,0.15,,1-3-2,1200,4,1-3,530,3,1-2-3,230,1,1-3,520,2,,,,,,,
20250717,福岡,11,準優勝戦,晴,北,2,2,1,1,5193,米 丸 乃 絵,46,173,6.90,1,0.01,1.51.3,1-4-2,1970,5,1-4,990,3,1-2-4,270,1,1-4,670,2,,,,,,,
20250717,福岡,11,準優勝戦,晴,北,2,2,2,4,5281,井 上 遥 妃,43,167,6.93,5,0.05,1.52.3,1-4-2,1970,5,1-4,990,3,1-2-4,270,1,1-4,670,2,,,,,,,
20250717,福岡,11,準優勝戦,晴,北,2,2,3,2,5163,清 水 愛 海,50,160,6.88,3,0.08,1.54.3,1-4-2,1970,5,1-4,990,3,1-2-4,270,1,1-4,670,2,,,,,,,
20250717,福岡,11,準優勝戦,晴,北,2,2,4,3,4349,犬 童 千 秋,48,138,6.91,4,0.06,1.54.7,1-4-2,1970,5,1-4,990,3,1-2-4,270,1,1-4,670,2,,,,,,,
20250717,福岡,11,準優勝戦,晴,北,2,2,5,5,4190,長 嶋 万 記,17,108,6.97,6,0.07,,1-4-2,1970,5,1-4,990,3,1-2-4,270,1,1-4,670,2,,,,,,,
20250717,福岡,12,準優勝戦,曇り,北西,2,2,1,2,4225,土 屋 千 明,65,147,6.94,2,0.19,1.50.5,2-1-4,6280,19,2-1,1220,5,1-2-4,740,3,1-2,260,2,,,,,,,
20250717,福岡,12,準優勝戦,曇り,北西,2,2,2,1,4447,深 川 麻奈美,44,136,6.93,1,0.15,1.51.8,2-1-4,6280,19,2-1,1220,5,1-2-4,740,3,1-2,260,2,,,,,,,
20250717,福岡,12,準優勝戦,曇り,北西,2,2,3,4,5296,永 田 楽,49,162,6.91,4,0.18,1.53.0,2-1-4,6280,19,2-1,1220,5,1-2-4,740,3,1-2,260,2,,,,,,,
20250717,福岡,12,準優勝戦,曇り,北西,2,2,4,6,3579,中 里 優 子,60,128,6.92,6,0.17,1.54.0,2-1-4,6280,19,2-1,1220,5,1-2-4,740,3,1-2,260,2,,,,,,,
20250717,福岡,12,準優勝戦,曇り,北西,2,2,5,3,4433,川 野 芽 唯,23,171,6.99,3,0.24,,2-1-4,6280,19,2-1,1220,5,1-2-4,740,3,1-2,260,2,,,,,,,
20250717,福岡,12,準優勝戦,曇り,北西,2,2,6,5,4045,佐々木 裕 美,22,110,6.93,5,0.14,,2-1-4,6280,19,2-1,1220,5,1-2-4,740,3,1-2,260,2,,,,,,,
20250717,若松,1,一般戦,晴,東,5,5,1,2,5138,村 本 大 成,23,27,6.94,2,0.20,1.52.7,2-1-4,6560,34,2-1,1810,9,1-2-4,840,5,1-2,600,4,,,,,,,
20250717,若松,1,一般戦,晴,東,5,5,2,1,5140,吉 田 彩 乃,25,40,6.92,1,0.17,1.53.8,2-1-4,6560,34,2-1,1810,9,1-2-4,840,5,1-2,600,4,,,,,,,
20250717,若松,1,一般戦,晴,東,5,5,3,4,3950,石 川 哲 秀,12,32,6.99,4,0.18,1.56.0,2-1-4,6560,34,2-1,1810,9,1-2-4,840,5,1-2,600,4,,,,,,,
20250717,若松,1,一般戦,晴,東,5,5,4,5,4498,宮 本 夏 樹,16,37,6.97,5,0.16,1.56.4,2-1-4,6560,34,2-1,1810,9,1-2-4,840,5,1-2,600,4,,,,,,,
20250717,若松,1,一般戦,晴,東,5,5,5,3,4632,長 尾 京志郎,50,41,6.98,3,0.19,,2-1-4,6560,34,2-1,1810,9,1-2-4,840,5,1-2,600,4,,,,,,,
20250717,若松,1,一般戦,晴,東,5,5,6,6,5412,久保田 凪 紗,31,25,7.01,6,0.19,,2-1-4,6560,34,2-1,1810,9,1-2-4,840,5,1-2,600,4,,,,,,,
20250717,若松,2,一般戦,晴,東,5,5,1,1,4529,嶋 義 信,4,33,6.96,1,0.17,1.53.4,1-3-2,570,1,1-3,340,1,1-2-3,260,1,1-3,290,1,,,,,,,
20250717,若松,2,一般戦,晴,東,5,5,2,3,3957,大 谷 直 弘,26,16,6.90,3,0.17,1.55.0,1-3-2,570,1,1-3,340,1,1-2-3,260,1,1-3,290,1,,,,,,,
20250717,若松,2,一般戦,晴,東,5,5,3,2,3277,齋 藤 勇,3,50,6.99,2,0.21,1.56.5,1-3-2,570,1,1-3,340,1,1-2-3,260,1,1-3,290,1,,,,,,,
20250717,若松,2,一般戦,晴,東,5,5,4,6,4004,山 本 浩 輔,20,44,7.09,5,0.19,1.57.4,1-3-2,570,1,1-3,340,1,1-2-3,260,1,1-3,290,1,,,,,,,
20250717,若松,2,一般戦,晴,東,5,5,5,5,4592,小 林 孝 弘,9,61,7.05,4,0.11,,1-3-2,570,1,1-3,340,1,1-2-3,260,1,1-3,290,1,,,,,,,
20250717,若松,2,一般戦,晴,東,5,5,6,4,5314,中 曽 瑠 華,39,64,7.04,6,0.21,,1-3-2,570,1,1-3,340,1,1-2-3,260,1,1-3,290,1,,,,,,,
20250717,若松,3,一般戦,晴,東,7,7,1,1,4728,山 口 亮,59,51,7.02,1,0.09,1.54.7,1-2-4,3450,10,1-2,1060,3,1-2-4,1860,10,1-2,850,4,,,,,,,
20250717,若松,3,一般戦,晴,東,7,7,2,2,3982,福 田 理,43,20,7.03,2,0.11,1.56.5,1-2-4,3450,10,1-2,1060,3,1-2-4,1860,10,1-2,850,4,,,,,,,
20250717,若松,3,一般戦,晴,東,7,7,3,4,4731,間 野 兼 礼,41,72,6.94,4,0.11,1.56.9,1-2-4,3450,10,1-2,1060,3,1-2-4,1860,10,1-2,850,4,,,,,,,
20250717,若松,3,一般戦,晴,東,7,7,4,3,4106,坂 井 康 嗣,40,62,6.97,3,0.13,1.57.4,1-2-4,3450,10,1-2,1060,3,1-2-4,1860,10,1-2,850,4,,,,,,,
20250717,若松,3,一般戦,晴,東,7,7,5,6,5084,末 永 和 也,29,42,6.95,6,0.18,,1-2-4,3450,10,1-2,1060,3,1-2-4,1860,10,1-2,850,4,,,,,,,
20250717,若松,3,一般戦,晴,東,7,7,6,5,4906,鈴 木 雅 希,49,66,6.97,5,0.18,,1-2-4,3450,10,1-2,1060,3,1-2-4,1860,10,1-2,850,4,,,,,,,
20250717,若松,4,一般戦,晴,東,6,6,1,3,3681,山 谷 央,38,14,7.32,3,0.11,1.53.7,3-2-5,17170,44,3-2,3770,12,2-3-5,5050,14,2-3,2110,7,,,,,,,
20250717,若松,4,一般戦,晴,東,6,6,2,2,4943,八 木 治 樹,61,54,7.18,2,0.11,1.54.7,3-2-5,17170,44,3-2,3770,12,2-3-5,5050,14,2-3,2110,7,,,,,,,
20250717,若松,4,一般戦,晴,東,6,6,3,5,3736,岡 本 猛,58,28,7.16,5,0.17,1.56.6,3-2-5,17170,44,3-2,3770,12,2-3-5,5050,14,2-3,2110,7,,,,,,,
20250717,若松,4,一般戦,晴,東,6,6,4,1,4214,林 祐 介,24,34,7.22,1,0.28,1.57.4,3-2-5,17170,44,3-2,3770,12,2-3-5,5050,14,2-3,2110,7,,,,,,,
20250717,若松,4,一般戦,晴,東,6,6,5,6,4220,深 川 和 仁,44,15,7.15,6,0.23,,3-2-5,17170,44,3-2,3770,12,2-3-5,5050,14,2-3,2110,7,,,,,,,
20250717,若松,4,一般戦,晴,東,6,6,6,4,3617,竹 田 広 樹,52,24,7.24,4,0.13,,3-2-5,17170,44,3-2,3770,12,2-3-5,5050,14,2-3,2110,7,,,,,,,
20250717,若松,5,進入固定戦隊 進入固定,晴,東,5,5,1,4,4570,前 田 聖 文,51,70,7.05,4,0.07,1.53.0,4-5-1,2550,9,4-5,950,4,1-4-5,500,2,4-5,530,3,,,,,,,
20250717,若松,5,進入固定戦隊 進入固定,晴,東,5,5,2,5,5063,大 塚 雅 治,10,52,7.07,5,0.14,1.54.8,4-5-1,2550,9,4-5,950,4,1-4-5,500,2,4-5,530,3,,,,,,,
20250717,若松,5,進入固定戦隊 進入固定,晴,東,5,5,3,1,4472,尾 嶋 一 広,62,38,7.13,1,0.16,1.55.8,4-5-1,2550,9,4-5,950,4,1-4-5,500,2,4-5,530,3,,,,,,,
20250717,若松,5,進入固定戦隊 進入固定,晴,東,5,5,4,6,5361,植 竹 玲 奈,32,26,7.13,6,0.15,1.57.5,4-5-1,2550,9,4-5,950,4,1-4-5,500,2,4-5,530,3,,,,,,,
20250717,若松,5,進入固定戦隊 進入固定,晴,東,5,5,5,3,5138,村 本 大 成,23,27,7.12,3,0.15,,4-5-1,2550,9,4-5,950,4,1-4-5,500,2,4-5,530,3,,,,,,,
20250717,若松,5,進入固定戦隊 進入固定,晴,東,5,5,6,2,4506,稗 田 聖 也,27,60,7.11,2,0.12,,4-5-1,2550,9,4-5,950,4,1-4-5,500,2,4-5,530,3,,,,,,,
20250717,若松,6,一般戦,晴,東,5,5,1,2,4994,山 本 梨 菜,5,19,7.05,2,0.13,1.52.5,2-4-1,1180,3,2-4,450,1,1-2-4,220,1,2-4,250,1,,,,,,,
20250717,若松,6,一般戦,晴,東,5,5,2,4,4347,魚 谷 香 織,14,56,7.03,4,0.16,1.54.3,2-4-1,1180,3,2-4,450,1,1-2-4,220,1,2-4,250,1,,,,,,,
20250717,若松,6,一般戦,晴,東,5,5,3,1,5162,松 尾 怜 実,57,65,7.01,1,0.09,1.54.8,2-4-1,1180,3,2-4,450,1,1-2-4,220,1,2-4,250,1,,,,,,,
20250717,若松,6,一般戦,晴,東,5,5,4,3,5140,吉 田 彩 乃,25,40,7.07,3,0.09,1.56.7,2-4-1,1180,3,2-4,450,1,1-2-4,220,1,2-4,250,1,,,,,,,
20250717,若松,6,一般戦,晴,東,5,5,5,5,5412,久保田 凪 紗,31,25,7.11,6,0.18,,2-4-1,1180,3,2-4,450,1,1-2-4,220,1,2-4,250,1,,,,,,,
20250717,若松,6,一般戦,晴,東,5,5,6,6,5314,中 曽 瑠 華,39,64,7.21,5,0.16,,2-4-1,1180,3,2-4,450,1,1-2-4,220,1,2-4,250,1,,,,,,,
20250717,若松,7,一般戦,晴,東,6,6,1,1,4451,松 崎 祐太郎,11,35,7.09,1,0.13,1.55.4,1-6-2,11250,30,1-6,4090,10,1-2-6,2030,7,1-6,3030,10,,,,,,,
20250717,若松,7,一般戦,晴,東,6,6,2,6,4632,長 尾 京志郎,50,41,7.17,6,0.20,1.56.3,1-6-2,11250,30,1-6,4090,10,1-2-6,2030,7,1-6,3030,10,,,,,,,
20250717,若松,7,一般戦,晴,東,6,6,3,2,4731,間 野 兼 礼,41,72,7.08,2,0.18,1.56.7,1-6-2,11250,30,1-6,4090,10,1-2-6,2030,7,1-6,3030,10,,,,,,,
20250717,若松,7,一般戦,晴,東,6,6,4,5,4925,森 悠 稀,33,12,7.00,5,0.14,1.57.8,1-6-2,11250,30,1-6,4090,10,1-2-6,2030,7,1-6,3030,10,,,,,,,
20250717,若松,7,一般戦,晴,東,6,6,5,3,3950,石 川 哲 秀,12,32,7.20,3,0.19,,1-6-2,11250,30,1-6,4090,10,1-2-6,2030,7,1-6,3030,10,,,,,,,
20250717,若松,7,一般戦,晴,東,6,6,6,4,4004,山 本 浩 輔,20,44,7.18,4,0.21,,1-6-2,11250,30,1-6,4090,10,1-2-6,2030,7,1-6,3030,10,,,,,,,
20250717,若松,8,エイトビート,曇り,東,6,6,1,1,4241,大 串 重 幸,7,45,7.18,1,0.05,1.52.8,1-2-3,760,4,1-2,230,1,1-2-3,260,2,1-2,150,1,,,,,,,
20250717,若松,8,エイトビート,曇り,東,6,6,2,2,5084,末 永 和 也,29,42,7.08,2,0.11,1.53.9,1-2-3,760,4,1-2,230,1,1-2-3,260,2,1-2,150,1,,,,,,,
20250717,若松,8,エイトビート,曇り,東,6,6,3,3,4592,小 林 孝 弘,9,61,7.18,3,0.08,1.55.7,1-2-3,760,4,1-2,230,1,1-2-3,260,2,1-2,150,1,,,,,,,
20250717,若松,8,エイトビート,曇り,東,6,6,4,4,3681,山 谷 央,38,14,7.16,4,0.07,1.57.9,1-2-3,760,4,1-2,230,1,1-2-3,260,2,1-2,150,1,,,,,,,
20250717,若松,8,エイトビート,曇り,東,6,6,5,5,3277,齋 藤 勇,3,50,7.19,5,0.11,,1-2-3,760,4,1-2,230,1,1-2-3,260,2,1-2,150,1,,,,,,,
20250717,若松,8,エイトビート,曇り,東,6,6,6,6,3617,竹 田 広 樹,52,24,7.24,6,0.25,,1-2-3,760,4,1-2,230,1,1-2-3,260,2,1-2,150,1,,,,,,,
20250717,若松,9,一般特選,雨,東,5,5,1,1,4906,鈴 木 雅 希,49,66,7.04,1,0.12,1.53.8,1-2-3,900,2,1-2,340,1,1-2-3,420,2,1-2,280,1,,,,,,,
20250717,若松,9,一般特選,雨,東,5,5,2,2,5063,大 塚 雅 治,10,52,7.06,2,0.15,1.54.7,1-2-3,900,2,1-2,340,1,1-2-3,420,2,1-2,280,1,,,,,,,
20250717,若松,9,一般特選,雨,東,5,5,3,3,4498,宮 本 夏 樹,16,37,7.12,3,0.14,1.55.7,1-2-3,900,2,1-2,340,1,1-2-3,420,2,1-2,280,1,,,,,,,
20250717,若松,9,一般特選,雨,東,5,5,4,6,4551,三 川 昂 暁,22,23,7.15,6,0.21,1.56.7,1-2-3,900,2,1-2,340,1,1-2-3,420,2,1-2,280,1,,,,,,,
20250717,若松,9,一般特選,雨,東,5,5,5,4,4529,嶋 義 信,4,33,7.06,4,0.11,,1-2-3,900,2,1-2,340,1,1-2-3,420,2,1-2,280,1,,,,,,,
20250717,若松,9,一般特選,雨,東,5,5,6,5,3982,福 田 理,43,20,7.15,5,0.14,,1-2-3,900,2,1-2,340,1,1-2-3,420,2,1-2,280,1,,,,,,,
20250717,若松,10,選抜戦,曇り,東,2,2,1,1,4220,深 川 和 仁,44,15,6.99,1,0.07,1.52.7,1-2-3,1360,4,1-2,700,3,1-2-3,390,2,1-2,750,4,,,,,,,
20250717,若松,10,選抜戦,曇り,東,2,2,2,2,3736,岡 本 猛,58,28,7.06,2,0.09,1.54.0,1-2-3,1360,4,1-2,700,3,1-2-3,390,2,1-2,750,4,,,,,,,
20250717,若松,10,選抜戦,曇り,東,2,2,3,3,4570,前 田 聖 文,51,70,7.01,3,0.07,1.55.2,1-2-3,1360,4,1-2,700,3,1-2-3,390,2,1-2,750,4,,,,,,,
20250717,若松,10,選抜戦,曇り,東,2,2,4,5,4994,山 本 梨 菜,5,19,6.99,5,0.16,1.56.0,1-2-3,1360,4,1-2,700,3,1-2-3,390,2,1-2,750,4,,,,,,,
20250717,若松,10,選抜戦,曇り,東,2,2,5,6,4728,山 口 亮,59,51,7.08,6,0.18,,1-2-3,1360,4,1-2,700,3,1-2-3,390,2,1-2,750,4,,,,,,,
20250717,若松,10,選抜戦,曇り,東,2,2,6,4,4472,尾 嶋 一 広,62,38,7.04,4,0.13,,1-2-3,1360,4,1-2,700,3,1-2-3,390,2,1-2,750,4,,,,,,,
20250717,若松,11,選抜戦,雨,東,4,4,1,4,4106,坂 井 康 嗣,40,62,7.05,4,0.11,1.52.9,4-2-1,49800,77,4-2,18660,25,1-2-4,1110,6,2-4,3980,10,,,,,,,
20250717,若松,11,選抜戦,雨,東,4,4,2,2,4347,魚 谷 香 織,14,56,6.95,2,0.15,1.53.4,4-2-1,49800,77,4-2,18660,25,1-2-4,1110,6,2-4,3980,10,,,,,,,
20250717,若松,11,選抜戦,雨,東,4,4,3,1,4925,森 悠 稀,33,12,6.98,1,0.19,1.55.3,4-2-1,49800,77,4-2,18660,25,1-2-4,1110,6,2-4,3980,10,,,,,,,
20250717,若松,11,選抜戦,雨,東,4,4,4,6,4451,松 崎 祐太郎,11,35,7.00,6,0.21,1.56.3,4-2-1,49800,77,4-2,18660,25,1-2-4,1110,6,2-4,3980,10,,,,,,,
20250717,若松,11,選抜戦,雨,東,4,4,5,5,4214,林 祐 介,24,34,7.04,5,0.23,,4-2-1,49800,77,4-2,18660,25,1-2-4,1110,6,2-4,3980,10,,,,,,,
20250717,若松,11,選抜戦,雨,東,4,4,6,3,4506,稗 田 聖 也,27,60,6.98,3,0.11,,4-2-1,49800,77,4-2,18660,25,1-2-4,1110,6,2-4,3980,10,,,,,,,
20250717,若松,12,優勝戦,曇り,東,3,3,1,1,3783,瓜 生 正 義,48,69,7.03,1,0.16,1.51.5,1-2-3,600,1,1-2,320,2,1-2-3,220,1,1-2,300,2,,,,,,,
20250717,若松,12,優勝戦,曇り,東,3,3,2,2,4361,柳 生 泰 二,36,53,6.97,2,0.15,1.52.5,1-2-3,600,1,1-2,320,2,1-2-3,220,1,1-2,300,2,,,,,,,
20250717,若松,12,優勝戦,曇り,東,3,3,3,3,4826,井 上 一 輝,30,73,6.95,3,0.15,1.54.0,1-2-3,600,1,1-2,320,2,1-2-3,220,1,1-2,300,2,,,,,,,
20250717,若松,12,優勝戦,曇り,東,3,3,4,4,4208,三 浦 永 理,35,74,7.02,4,0.17,1.55.3,1-2-3,600,1,1-2,320,2,1-2-3,220,1,1-2,300,2,,,,,,,
20250717,若松,12,優勝戦,曇り,東,3,3,5,6,4082,濱 崎 誠,1,47,7.02,6,0.09,,1-2-3,600,1,1-2,320,2,1-2-3,220,1,1-2,300,2,,,,,,,
20250717,若松,12,優勝戦,曇り,東,3,3,6,5,4834,浜 本 裕 己,56,55,6.99,5,0.09,,1-2-3,600,1,1-2,320,2,1-2-3,220,1,1-2,300,2,,,,,,,
