date,venue_name,race_no,race_type,weather,wind_dir,wind_ms,wave_cm,rank,waku,reg_no,name,motor_no,boat_no,exhibition_time,course_enter,st_timing,race_time,won3,won3_pay,won3_pop,won2,won2_pay,won2_pop,trio,trio_pay,trio_pop,pair,pair_pay,pair_pop,lap_time,turn_time,straight_time,lap_rank,turn_rank,straight_rank,exhibition_eval
20250616,びわこ,1,一般,晴,北東,3,3,1,1,4331,三 好 勇 人,53,53,6.66,1,0.17,1.50.5,1-2-4,1110,5,1-2,490,3,1-2-4,290,2,1-2,440,3,,,,,,,
20250616,びわこ,1,一般,晴,北東,3,3,2,2,5261,岡 暢 祐,70,65,6.78,2,0.19,1.52.2,1-2-4,1110,5,1-2,490,3,1-2-4,290,2,1-2,440,3,,,,,,,
20250616,びわこ,1,一般,晴,北東,3,3,3,4,4618,乃 村 康 友,65,31,6.75,4,0.17,1.53.4,1-2-4,1110,5,1-2,490,3,1-2-4,290,2,1-2,440,3,,,,,,,
20250616,びわこ,1,一般,晴,北東,3,3,4,5,4405,南 野 利 騰,18,21,6.74,5,0.16,1.54.1,1-2-4,1110,5,1-2,490,3,1-2-4,290,2,1-2,440,3,,,,,,,
20250616,びわこ,1,一般,晴,北東,3,3,5,3,4651,佐 藤 大 騎,62,34,6.76,3,0.13,,1-2-4,1110,5,1-2,490,3,1-2-4,290,2,1-2,440,3,,,,,,,
20250616,びわこ,1,一般,晴,北東,3,3,6,6,5396,近 藤 来 希,68,55,6.74,6,0.20,,1-2-4,1110,5,1-2,490,3,1-2-4,290,2,1-2,440,3,,,,,,,
20250616,びわこ,2,一般,晴,北東,2,2,1,1,4633,森 智 也,41,60,6.86,1,0.10,1.50.9,1-5-3,3530,12,1-5,1170,5,1-3-5,660,4,1-5,1210,5,,,,,,,
20250616,びわこ,2,一般,晴,北東,2,2,2,5,5316,村 松 将 平,21,20,6.83,5,0.19,1.52.1,1-5-3,3530,12,1-5,1170,5,1-3-5,660,4,1-5,1210,5,,,,,,,
20250616,びわこ,2,一般,晴,北東,2,2,3,3,4648,木 村 亮 太,51,63,6.78,3,0.13,1.53.7,1-5-3,3530,12,1-5,1170,5,1-3-5,660,4,1-5,1210,5,,,,,,,
20250616,びわこ,2,一般,晴,北東,2,2,4,4,3869,井 芹 大 志,71,33,6.75,4,0.14,1.53.9,1-5-3,3530,12,1-5,1170,5,1-3-5,660,4,1-5,1210,5,,,,,,,
20250616,びわこ,2,一般,晴,北東,2,2,5,6,3543,福 田 雅 一,26,56,6.75,6,0.21,,1-5-3,3530,12,1-5,1170,5,1-3-5,660,4,1-5,1210,5,,,,,,,
20250616,びわこ,2,一般,晴,北東,2,2,6,2,3906,飯 山 晃 三,55,46,6.91,2,0.15,,1-5-3,3530,12,1-5,1170,5,1-3-5,660,4,1-5,1210,5,,,,,,,
20250616,びわこ,3,一般,晴,北東,2,2,1,1,4258,関 根 彰 人,37,73,6.86,1,0.04,1.49.9,1-2-6,1130,3,1-2,440,1,1-2-6,740,5,1-2,320,1,,,,,,,
20250616,びわこ,3,一般,晴,北東,2,2,2,2,5067,山 田 真 聖,33,51,6.82,2,0.06,1.52.1,1-2-6,1130,3,1-2,440,1,1-2-6,740,5,1-2,320,1,,,,,,,
20250616,びわこ,3,一般,晴,北東,2,2,3,6,4958,溝 口 海義也,59,40,6.82,6,0.11,1.52.9,1-2-6,1130,3,1-2,440,1,1-2-6,740,5,1-2,320,1,,,,,,,
20250616,びわこ,3,一般,晴,北東,2,2,4,5,3967,鈴 木 茂 高,73,25,6.92,5,0.11,1.53.3,1-2-6,1130,3,1-2,440,1,1-2-6,740,5,1-2,320,1,,,,,,,
20250616,びわこ,3,一般,晴,北東,2,2,5,3,5048,眞 鳥 康 太,66,27,6.79,3,0.07,,1-2-6,1130,3,1-2,440,1,1-2-6,740,5,1-2,320,1,,,,,,,
20250616,びわこ,3,一般,晴,北東,2,2,6,4,4131,原 豊 土,52,36,6.94,4,0.10,,1-2-6,1130,3,1-2,440,1,1-2-6,740,5,1-2,320,1,,,,,,,
20250616,びわこ,4,一般,晴,北東,2,2,1,1,4056,小 西 英 輝,45,61,6.79,1,0.13,1.51.1,1-2-3,1790,4,1-2,740,2,1-2-3,630,2,1-2,480,2,,,,,,,
20250616,びわこ,4,一般,晴,北東,2,2,2,2,5273,山 下 拓 巳,16,29,6.78,2,0.11,1.52.1,1-2-3,1790,4,1-2,740,2,1-2-3,630,2,1-2,480,2,,,,,,,
20250616,びわこ,4,一般,晴,北東,2,2,3,3,4059,入 澤 友 治,56,47,6.79,3,0.15,1.53.0,1-2-3,1790,4,1-2,740,2,1-2-3,630,2,1-2,480,2,,,,,,,
20250616,びわこ,4,一般,晴,北東,2,2,4,6,4227,安 達 裕 樹,38,41,6.85,6,0.14,1.54.4,1-2-3,1790,4,1-2,740,2,1-2-3,630,2,1-2,480,2,,,,,,,
20250616,びわこ,4,一般,晴,北東,2,2,5,5,3921,川 村 正 輝,46,32,6.74,5,0.14,,1-2-3,1790,4,1-2,740,2,1-2-3,630,2,1-2,480,2,,,,,,,
20250616,びわこ,4,一般,晴,北東,2,2,6,4,4697,國 弘 翔 平,27,30,6.73,4,0.14,,1-2-3,1790,4,1-2,740,2,1-2-3,630,2,1-2,480,2,,,,,,,
20250616,びわこ,5,一般,晴,北東,2,2,1,1,4254,川 島 圭 司,69,69,6.72,1,0.12,1.50.8,1-2-4,490,1,1-2,190,1,1-2-4,250,1,1-2,140,1,,,,,,,
20250616,びわこ,5,一般,晴,北東,2,2,2,2,3663,木 山 和 幸,63,58,6.76,2,0.20,1.52.1,1-2-4,490,1,1-2,190,1,1-2-4,250,1,1-2,140,1,,,,,,,
20250616,びわこ,5,一般,晴,北東,2,2,3,4,3497,後 藤 浩,34,72,6.77,4,0.17,1.53.8,1-2-4,490,1,1-2,190,1,1-2-4,250,1,1-2,140,1,,,,,,,
20250616,びわこ,5,一般,晴,北東,2,2,4,5,3718,伊 達 正 利,43,59,6.76,5,0.20,1.54.9,1-2-4,490,1,1-2,190,1,1-2-4,250,1,1-2,140,1,,,,,,,
20250616,びわこ,5,一般,晴,北東,2,2,5,6,3797,岩 井 繁,60,62,6.73,6,0.21,,1-2-4,490,1,1-2,190,1,1-2-4,250,1,1-2,140,1,,,,,,,
20250616,びわこ,5,一般,晴,北東,2,2,6,3,5261,岡 暢 祐,70,65,6.74,3,0.28,,1-2-4,490,1,1-2,190,1,1-2-4,250,1,1-2,140,1,,,,,,,
20250616,びわこ,6,一般,晴,北東,4,4,1,1,4512,高 野 哲 史,20,45,6.76,1,0.14,1.50.3,1-3-4,520,2,1-3,200,1,1-3-4,290,2,1-3,130,1,,,,,,,
20250616,びわこ,6,一般,晴,北東,4,4,2,3,3746,岡 瀬 正 人,35,43,6.80,3,0.14,1.51.3,1-3-4,520,2,1-3,200,1,1-3-4,290,2,1-3,130,1,,,,,,,
20250616,びわこ,6,一般,晴,北東,4,4,3,4,3891,谷 口 健 一,67,52,6.73,4,0.15,1.54.2,1-3-4,520,2,1-3,200,1,1-3-4,290,2,1-3,130,1,,,,,,,
20250616,びわこ,6,一般,晴,北東,4,4,4,5,3462,竹 上 真 司,61,24,6.78,5,0.11,1.55.2,1-3-4,520,2,1-3,200,1,1-3-4,290,2,1-3,130,1,,,,,,,
20250616,びわこ,6,一般,晴,北東,4,4,5,6,5396,近 藤 来 希,68,55,6.82,6,0.11,,1-3-4,520,2,1-3,200,1,1-3-4,290,2,1-3,130,1,,,,,,,
20250616,びわこ,6,一般,晴,北東,4,4,6,2,3895,堀 本 裕 也,50,71,6.77,2,0.11,,1-3-4,520,2,1-3,200,1,1-3-4,290,2,1-3,130,1,,,,,,,
20250616,びわこ,7,一般,晴,南東,2,2,1,4,5316,村 松 将 平,21,20,6.77,4,0.10,1.51.6,4-5-1,18450,27,4-5,9610,14,1-4-5,1030,6,4-5,2410,6,,,,,,,
20250616,びわこ,7,一般,晴,南東,2,2,2,5,4651,佐 藤 大 騎,62,34,6.70,5,0.07,1.53.2,4-5-1,18450,27,4-5,9610,14,1-4-5,1030,6,4-5,2410,6,,,,,,,
20250616,びわこ,7,一般,晴,南東,2,2,3,1,4743,木 村 仁 紀,58,14,6.68,1,0.20,1.54.8,4-5-1,18450,27,4-5,9610,14,1-4-5,1030,6,4-5,2410,6,,,,,,,
20250616,びわこ,7,一般,晴,南東,2,2,4,3,5067,山 田 真 聖,33,51,6.80,3,0.21,1.56.8,4-5-1,18450,27,4-5,9610,14,1-4-5,1030,6,4-5,2410,6,,,,,,,
20250616,びわこ,7,一般,晴,南東,2,2,5,2,3869,井 芹 大 志,71,33,6.74,2,0.18,,4-5-1,18450,27,4-5,9610,14,1-4-5,1030,6,4-5,2410,6,,,,,,,
20250616,びわこ,7,一般,晴,南東,2,2,6,6,5393,藤 原 駿,54,17,6.83,6,0.13,,4-5-1,18450,27,4-5,9610,14,1-4-5,1030,6,4-5,2410,6,,,,,,,
20250616,びわこ,8,一般,晴,南,5,5,1,1,3967,鈴 木 茂 高,73,25,6.78,1,0.30,1.52.7,1-3-5,2680,5,1-3,760,2,1-3-5,930,4,1-3,450,2,,,,,,,
20250616,びわこ,8,一般,晴,南,5,5,2,3,3906,飯 山 晃 三,55,46,6.95,3,0.35,1.54.4,1-3-5,2680,5,1-3,760,2,1-3-5,930,4,1-3,450,2,,,,,,,
20250616,びわこ,8,一般,晴,南,5,5,3,5,5048,眞 鳥 康 太,66,27,6.78,5,0.34,1.55.7,1-3-5,2680,5,1-3,760,2,1-3-5,930,4,1-3,450,2,,,,,,,
20250616,びわこ,8,一般,晴,南,5,5,4,6,4059,入 澤 友 治,56,47,6.86,6,0.30,1.56.0,1-3-5,2680,5,1-3,760,2,1-3-5,930,4,1-3,450,2,,,,,,,
20250616,びわこ,8,一般,晴,南,5,5,5,4,5273,山 下 拓 巳,16,29,6.75,4,0.51,,1-3-5,2680,5,1-3,760,2,1-3-5,930,4,1-3,450,2,,,,,,,
20250616,びわこ,8,一般,晴,南,5,5,6,2,4405,南 野 利 騰,18,21,6.80,2,0.36,,1-3-5,2680,5,1-3,760,2,1-3-5,930,4,1-3,450,2,,,,,,,
20250616,びわこ,9,ビナちゃん特,晴,南西,6,5,1,3,3921,川 村 正 輝,46,32,6.69,3,0.13,1.52.9,3-1-5,12600,49,3-1,2470,9,1-3-5,1600,9,1-3,900,4,,,,,,,
20250616,びわこ,9,ビナちゃん特,晴,南西,6,5,2,1,3797,岩 井 繁,60,62,6.59,1,0.15,1.53.6,3-1-5,12600,49,3-1,2470,9,1-3-5,1600,9,1-3,900,4,,,,,,,
20250616,びわこ,9,ビナちゃん特,晴,南西,6,5,3,5,3497,後 藤 浩,34,72,6.63,5,0.16,1.53.8,3-1-5,12600,49,3-1,2470,9,1-3-5,1600,9,1-3,900,4,,,,,,,
20250616,びわこ,9,ビナちゃん特,晴,南西,6,5,4,6,4618,乃 村 康 友,65,31,6.70,6,0.16,1.55.3,3-1-5,12600,49,3-1,2470,9,1-3-5,1600,9,1-3,900,4,,,,,,,
20250616,びわこ,9,ビナちゃん特,晴,南西,6,5,5,2,4131,原 豊 土,52,36,6.67,2,0.17,,3-1-5,12600,49,3-1,2470,9,1-3-5,1600,9,1-3,900,4,,,,,,,
20250616,びわこ,9,ビナちゃん特,晴,南西,6,5,6,4,3543,福 田 雅 一,26,56,6.76,4,0.14,,3-1-5,12600,49,3-1,2470,9,1-3-5,1600,9,1-3,900,4,,,,,,,
20250616,びわこ,10,選抜戦,晴,南,6,5,1,1,4227,安 達 裕 樹,38,41,6.74,1,0.25,1.53.8,1-5-4,4750,14,1-5,1280,4,1-4-5,910,5,1-5,1200,4,,,,,,,
20250616,びわこ,10,選抜戦,晴,南,6,5,2,5,4648,木 村 亮 太,51,63,6.79,5,0.23,1.54.4,1-5-4,4750,14,1-5,1280,4,1-4-5,910,5,1-5,1200,4,,,,,,,
20250616,びわこ,10,選抜戦,晴,南,6,5,3,4,4512,高 野 哲 史,20,45,6.83,4,0.30,1.56.3,1-5-4,4750,14,1-5,1280,4,1-4-5,910,5,1-5,1200,4,,,,,,,
20250616,びわこ,10,選抜戦,晴,南,6,5,4,3,4258,関 根 彰 人,37,73,6.89,3,0.28,1.57.2,1-5-4,4750,14,1-5,1280,4,1-4-5,910,5,1-5,1200,4,,,,,,,
20250616,びわこ,10,選抜戦,晴,南,6,5,5,2,4331,三 好 勇 人,53,53,6.82,2,0.24,,1-5-4,4750,14,1-5,1280,4,1-4-5,910,5,1-5,1200,4,,,,,,,
20250616,びわこ,10,選抜戦,晴,南,6,5,6,6,3663,木 山 和 幸,63,58,6.76,6,0.23,,1-5-4,4750,14,1-5,1280,4,1-4-5,910,5,1-5,1200,4,,,,,,,
20250616,びわこ,11,選抜戦,晴,南西,6,6,1,1,4958,溝 口 海義也,59,40,6.71,1,0.12,1.52.8,1-2-4,1560,6,1-2,380,2,1-2-4,720,4,1-2,260,2,,,,,,,
20250616,びわこ,11,選抜戦,晴,南西,6,6,2,2,4633,森 智 也,41,60,6.75,2,0.12,1.53.5,1-2-4,1560,6,1-2,380,2,1-2-4,720,4,1-2,260,2,,,,,,,
20250616,びわこ,11,選抜戦,晴,南西,6,6,3,4,3746,岡 瀬 正 人,35,43,6.77,4,0.19,1.54.5,1-2-4,1560,6,1-2,380,2,1-2-4,720,4,1-2,260,2,,,,,,,
20250616,びわこ,11,選抜戦,晴,南西,6,6,4,3,4254,川 島 圭 司,69,69,6.72,3,0.12,1.55.0,1-2-4,1560,6,1-2,380,2,1-2-4,720,4,1-2,260,2,,,,,,,
20250616,びわこ,11,選抜戦,晴,南西,6,6,5,5,4743,木 村 仁 紀,58,14,6.85,5,0.21,,1-2-4,1560,6,1-2,380,2,1-2-4,720,4,1-2,260,2,,,,,,,
20250616,びわこ,11,選抜戦,晴,南西,6,6,6,6,4056,小 西 英 輝,45,61,6.78,6,0.37,,1-2-4,1560,6,1-2,380,2,1-2-4,720,4,1-2,260,2,,,,,,,
20250616,びわこ,12,優勝戦,晴,南,5,5,1,1,4427,秦 英 悟,64,66,6.84,1,0.22,1.53.0,1-5-2,3100,12,1-5,910,4,1-2-5,670,3,1-5,540,3,,,,,,,
20250616,びわこ,12,優勝戦,晴,南,5,5,2,5,4264,長 尾 章 平,32,39,6.90,5,0.22,1.54.1,1-5-2,3100,12,1-5,910,4,1-2-5,670,3,1-5,540,3,,,,,,,
20250616,びわこ,12,優勝戦,晴,南,5,5,3,2,4379,桑 島 和 宏,13,70,6.77,2,0.25,1.54.2,1-5-2,3100,12,1-5,910,4,1-2-5,670,3,1-5,540,3,,,,,,,
20250616,びわこ,12,優勝戦,晴,南,5,5,4,3,4003,表 憲 一,14,16,6.82,3,0.24,1.55.5,1-5-2,3100,12,1-5,910,4,1-2-5,670,3,1-5,540,3,,,,,,,
20250616,びわこ,12,優勝戦,晴,南,5,5,5,4,4522,古 澤 光 紀,31,11,6.82,4,0.21,,1-5-2,3100,12,1-5,910,4,1-2-5,670,3,1-5,540,3,,,,,,,
20250616,びわこ,12,優勝戦,晴,南,5,5,6,6,3412,鈴 木 博,47,68,6.75,6,0.22,,1-5-2,3100,12,1-5,910,4,1-2-5,670,3,1-5,540,3,,,,,,,
20250616,下関,1,一般,晴,西,7,7,1,2,3975,小野寺 智 洋,14,13,6.83,2,0.08,2.03.5,2-4-1,9900,25,2-4,4800,10,1-2-4,670,3,2-4,2150,7,,,,,,,
20250616,下関,1,一般,晴,西,7,7,2,4,5236,小 宮 涼 雅,42,25,6.83,4,0.13,2.06.5,2-4-1,9900,25,2-4,4800,10,1-2-4,670,3,2-4,2150,7,,,,,,,
20250616,下関,1,一般,晴,西,7,7,3,1,4835,橋 本 明,12,65,6.81,1,0.09,2.10.1,2-4-1,9900,25,2-4,4800,10,1-2-4,670,3,2-4,2150,7,,,,,,,
20250616,下関,1,一般,晴,西,7,7,4,3,3977,山 本 兼 士,15,67,6.84,3,0.04,2.13.1,2-4-1,9900,25,2-4,4800,10,1-2-4,670,3,2-4,2150,7,,,,,,,
20250616,下関,1,一般,晴,西,7,7,5,6,5406,小 畑 楓 夏,49,31,6.76,6,0.22,,2-4-1,9900,25,2-4,4800,10,1-2-4,670,3,2-4,2150,7,,,,,,,
20250616,下関,1,一般,晴,西,7,7,S0,5,5046,松 山 裕 基,46,22,6.83,5,0.21,,2-4-1,9900,25,2-4,4800,10,1-2-4,670,3,2-4,2150,7,,,,,,,
20250616,下関,2,一般,晴,西,6,6,1,1,3558,山 本 浩 次,72,52,6.67,1,0.09,1.51.6,1-5-2,5040,20,1-5,880,4,1-2-5,1370,5,1-5,1620,4,,,,,,,
20250616,下関,2,一般,晴,西,6,6,2,5,4615,板 倉 敦 史,37,68,6.77,5,0.26,1.52.8,1-5-2,5040,20,1-5,880,4,1-2-5,1370,5,1-5,1620,4,,,,,,,
20250616,下関,2,一般,晴,西,6,6,3,2,5144,中 尾 彩 香,36,12,6.70,2,0.19,1.54.0,1-5-2,5040,20,1-5,880,4,1-2-5,1370,5,1-5,1620,4,,,,,,,
20250616,下関,2,一般,晴,西,6,6,4,3,4574,東 潤 樹,11,70,6.71,3,0.19,1.54.7,1-5-2,5040,20,1-5,880,4,1-2-5,1370,5,1-5,1620,4,,,,,,,
20250616,下関,2,一般,晴,西,6,6,5,4,3282,池 本 輝 明,20,48,6.75,4,0.21,,1-5-2,5040,20,1-5,880,4,1-2-5,1370,5,1-5,1620,4,,,,,,,
20250616,下関,2,一般,晴,西,6,6,6,6,4578,藤 山 雅 弘,17,43,6.77,6,0.28,,1-5-2,5040,20,1-5,880,4,1-2-5,1370,5,1-5,1620,4,,,,,,,
20250616,下関,3,一般,晴,西,6,6,1,3,3265,今 村 暢 孝,70,14,6.78,2,0.21,1.51.6,3-2-1,4910,17,3-2,1390,6,1-2-3,410,2,2-3,610,2,,,,,,,
20250616,下関,3,一般,晴,西,6,6,2,2,5070,中 島 航,39,73,6.73,3,0.28,1.52.2,3-2-1,4910,17,3-2,1390,6,1-2-3,410,2,2-3,610,2,,,,,,,
20250616,下関,3,一般,晴,西,6,6,3,1,4556,竹 井 奈 美,40,47,6.81,1,0.31,1.53.2,3-2-1,4910,17,3-2,1390,6,1-2-3,410,2,2-3,610,2,,,,,,,
20250616,下関,3,一般,晴,西,6,6,4,6,4816,村 松 修 二,27,66,6.85,6,0.37,1.53.9,3-2-1,4910,17,3-2,1390,6,1-2-3,410,2,2-3,610,2,,,,,,,
20250616,下関,3,一般,晴,西,6,6,5,4,3277,齋 藤 勇,44,18,6.84,4,0.23,,3-2-1,4910,17,3-2,1390,6,1-2-3,410,2,2-3,610,2,,,,,,,
20250616,下関,3,一般,晴,西,6,6,6,5,3741,松 尾 基 成,25,60,6.83,5,0.26,,3-2-1,4910,17,3-2,1390,6,1-2-3,410,2,2-3,610,2,,,,,,,
20250616,下関,4,一般,晴,北西,3,3,1,1,4402,乙 藤 智 史,23,38,6.75,1,0.17,1.49.8,1-2-3,6590,27,1-2,1520,6,1-2-3,2440,10,1-2,850,3,,,,,,,
20250616,下関,4,一般,晴,北西,3,3,2,2,5295,田 上 凜,69,46,6.78,2,0.18,1.51.3,1-2-3,6590,27,1-2,1520,6,1-2-3,2440,10,1-2,850,3,,,,,,,
20250616,下関,4,一般,晴,北西,3,3,3,3,5335,森 陽 多,53,59,6.71,3,0.13,1.52.7,1-2-3,6590,27,1-2,1520,6,1-2-3,2440,10,1-2,850,3,,,,,,,
20250616,下関,4,一般,晴,北西,3,3,4,4,4292,麻 生 慎 介,50,23,6.83,4,0.14,1.53.7,1-2-3,6590,27,1-2,1520,6,1-2-3,2440,10,1-2,850,3,,,,,,,
20250616,下関,4,一般,晴,北西,3,3,5,5,4533,峰 重 侑 治,31,30,6.74,5,0.15,,1-2-3,6590,27,1-2,1520,6,1-2-3,2440,10,1-2,850,3,,,,,,,
20250616,下関,4,一般,晴,北西,3,3,6,6,5231,寺 田 空 詩,67,36,6.74,6,0.14,,1-2-3,6590,27,1-2,1520,6,1-2-3,2440,10,1-2,850,3,,,,,,,
20250616,下関,5,シーモ 戦,晴,西,3,3,1,2,4154,森 安 弘 雅,58,54,6.82,2,0.25,1.51.7,2-3-6,14990,51,2-3,3930,14,2-3-6,3630,13,2-3,3090,10,,,,,,,
20250616,下関,5,シーモ 戦,晴,西,3,3,2,3,4744,伊 藤 玲 奈,60,61,6.86,3,0.23,1.52.7,2-3-6,14990,51,2-3,3930,14,2-3-6,3630,13,2-3,3090,10,,,,,,,
20250616,下関,5,シーモ 戦,晴,西,3,3,3,6,4434,田 中 辰 彦,38,42,6.83,6,0.19,1.53.2,2-3-6,14990,51,2-3,3930,14,2-3-6,3630,13,2-3,3090,10,,,,,,,
20250616,下関,5,シーモ 戦,晴,西,3,3,4,1,3303,渡 辺 豊,21,64,6.85,1,0.25,1.53.8,2-3-6,14990,51,2-3,3930,14,2-3-6,3630,13,2-3,3090,10,,,,,,,
20250616,下関,5,シーモ 戦,晴,西,3,3,5,4,4738,清 埜 翔 子,54,16,6.80,4,0.21,,2-3-6,14990,51,2-3,3930,14,2-3-6,3630,13,2-3,3090,10,,,,,,,
20250616,下関,5,シーモ 戦,晴,西,3,3,6,5,4423,坂 口 貴 彦,28,21,6.91,5,0.18,,2-3-6,14990,51,2-3,3930,14,2-3-6,3630,13,2-3,3090,10,,,,,,,
20250616,下関,6,一般,晴,西,4,4,1,1,4889,後 藤 盛 也,48,44,6.79,1,0.10,1.49.8,1-2-4,710,3,1-2,400,2,1-2-4,260,2,1-2,410,2,,,,,,,
20250616,下関,6,一般,晴,西,4,4,2,2,3432,宮 迫 暢 彦,41,62,6.82,2,0.14,1.51.2,1-2-4,710,3,1-2,400,2,1-2-4,260,2,1-2,410,2,,,,,,,
20250616,下関,6,一般,晴,西,4,4,3,4,3997,北 村 征 嗣,66,72,6.80,4,0.24,1.52.7,1-2-4,710,3,1-2,400,2,1-2-4,260,2,1-2,410,2,,,,,,,
20250616,下関,6,一般,晴,西,4,4,4,6,5236,小 宮 涼 雅,42,25,6.81,5,0.24,1.53.9,1-2-4,710,3,1-2,400,2,1-2-4,260,2,1-2,410,2,,,,,,,
20250616,下関,6,一般,晴,西,4,4,5,3,3757,畑 和 宏,13,35,6.82,3,0.18,,1-2-4,710,3,1-2,400,2,1-2-4,260,2,1-2,410,2,,,,,,,
20250616,下関,6,一般,晴,西,4,4,6,5,5406,小 畑 楓 夏,49,31,6.81,6,0.27,,1-2-4,710,3,1-2,400,2,1-2-4,260,2,1-2,410,2,,,,,,,
20250616,下関,7,ふく～る 戦,晴,西,3,3,1,1,4826,井 上 一 輝,57,57,6.73,1,0.15,1.49.2,1-5-4,4850,19,1-5,1200,5,1-4-5,1480,7,1-5,970,5,,,,,,,
20250616,下関,7,ふく～る 戦,晴,西,3,3,2,5,5070,中 島 航,39,73,6.81,5,0.21,1.51.9,1-5-4,4850,19,1-5,1200,5,1-4-5,1480,7,1-5,970,5,,,,,,,
20250616,下関,7,ふく～る 戦,晴,西,3,3,3,4,5311,小 林 京 平,24,63,6.75,4,0.17,1.53.0,1-5-4,4850,19,1-5,1200,5,1-4-5,1480,7,1-5,970,5,,,,,,,
20250616,下関,7,ふく～る 戦,晴,西,3,3,4,3,3282,池 本 輝 明,20,48,6.83,3,0.16,1.54.5,1-5-4,4850,19,1-5,1200,5,1-4-5,1480,7,1-5,970,5,,,,,,,
20250616,下関,7,ふく～る 戦,晴,西,3,3,5,2,5046,松 山 裕 基,46,22,6.82,2,0.16,,1-5-4,4850,19,1-5,1200,5,1-4-5,1480,7,1-5,970,5,,,,,,,
20250616,下関,7,ふく～る 戦,晴,西,3,3,6,6,3352,小 川 晃 司,45,69,6.84,6,0.20,,1-5-4,4850,19,1-5,1200,5,1-4-5,1480,7,1-5,970,5,,,,,,,
20250616,下関,8,一般 進入固定,晴,西,2,2,1,6,5335,森 陽 多,53,59,6.69,6,0.09,1.50.2,6-1-4,24750,52,6-1,6580,15,1-4-6,1090,5,1-6,1890,8,,,,,,,
20250616,下関,8,一般 進入固定,晴,西,2,2,2,1,3265,今 村 暢 孝,70,14,6.84,1,0.14,1.50.4,6-1-4,24750,52,6-1,6580,15,1-4-6,1090,5,1-6,1890,8,,,,,,,
20250616,下関,8,一般 進入固定,晴,西,2,2,3,4,3977,山 本 兼 士,15,67,6.67,4,0.02,1.52.5,6-1-4,24750,52,6-1,6580,15,1-4-6,1090,5,1-6,1890,8,,,,,,,
20250616,下関,8,一般 進入固定,晴,西,2,2,4,3,4615,板 倉 敦 史,37,68,6.83,3,0.12,1.53.0,6-1-4,24750,52,6-1,6580,15,1-4-6,1090,5,1-6,1890,8,,,,,,,
20250616,下関,8,一般 進入固定,晴,西,2,2,5,5,5295,田 上 凜,69,46,6.73,5,0.09,,6-1-4,24750,52,6-1,6580,15,1-4-6,1090,5,1-6,1890,8,,,,,,,
20250616,下関,8,一般 進入固定,晴,西,2,2,6,2,3741,松 尾 基 成,25,60,6.87,2,0.20,,6-1-4,24750,52,6-1,6580,15,1-4-6,1090,5,1-6,1890,8,,,,,,,
20250616,下関,9,シーモ特選,晴,西,2,2,1,3,4871,菊 池 宏 志,30,24,6.79,3,0.24,1.50.5,3-2-4,11100,35,3-2,3660,13,2-3-4,2690,11,2-3,2940,10,,,,,,,
20250616,下関,9,シーモ特選,晴,西,2,2,2,2,4423,坂 口 貴 彦,28,21,6.84,2,0.20,1.51.8,3-2-4,11100,35,3-2,3660,13,2-3-4,2690,11,2-3,2940,10,,,,,,,
20250616,下関,9,シーモ特選,晴,西,2,2,3,4,4816,村 松 修 二,27,66,6.83,4,0.18,1.52.6,3-2-4,11100,35,3-2,3660,13,2-3-4,2690,11,2-3,2940,10,,,,,,,
20250616,下関,9,シーモ特選,晴,西,2,2,4,6,4738,清 埜 翔 子,54,16,6.80,6,0.17,1.53.1,3-2-4,11100,35,3-2,3660,13,2-3-4,2690,11,2-3,2940,10,,,,,,,
20250616,下関,9,シーモ特選,晴,西,2,2,5,1,4292,麻 生 慎 介,50,23,6.83,1,0.31,,3-2-4,11100,35,3-2,3660,13,2-3-4,2690,11,2-3,2940,10,,,,,,,
20250616,下関,9,シーモ特選,晴,西,2,2,6,5,5144,中 尾 彩 香,36,12,6.88,5,0.19,,3-2-4,11100,35,3-2,3660,13,2-3-4,2690,11,2-3,2940,10,,,,,,,
20250616,下関,10,選抜戦,晴,北西,1,1,1,1,5231,寺 田 空 詩,67,36,6.79,1,0.11,1.48.7,1-3-4,3320,11,1-3,740,2,1-3-4,1880,8,1-3,490,2,,,,,,,
20250616,下関,10,選抜戦,晴,北西,1,1,2,3,4889,後 藤 盛 也,48,44,6.82,3,0.06,1.51.2,1-3-4,3320,11,1-3,740,2,1-3-4,1880,8,1-3,490,2,,,,,,,
20250616,下関,10,選抜戦,晴,北西,1,1,3,4,4154,森 安 弘 雅,58,54,6.85,4,0.04,1.53.2,1-3-4,3320,11,1-3,740,2,1-3-4,1880,8,1-3,490,2,,,,,,,
20250616,下関,10,選抜戦,晴,北西,1,1,4,6,4556,竹 井 奈 美,40,47,6.86,6,0.09,1.53.5,1-3-4,3320,11,1-3,740,2,1-3-4,1880,8,1-3,490,2,,,,,,,
20250616,下関,10,選抜戦,晴,北西,1,1,5,5,3558,山 本 浩 次,72,52,6.80,5,0.02,,1-3-4,3320,11,1-3,740,2,1-3-4,1880,8,1-3,490,2,,,,,,,
20250616,下関,10,選抜戦,晴,北西,1,1,6,2,4402,乙 藤 智 史,23,38,6.80,2,0.08,,1-3-4,3320,11,1-3,740,2,1-3-4,1880,8,1-3,490,2,,,,,,,
20250616,下関,11,選抜戦,晴,西,2,2,1,2,3997,北 村 征 嗣,66,72,6.81,2,0.12,1.49.7,2-1-3,3330,10,2-1,1460,5,1-2-3,210,1,1-2,360,2,,,,,,,
20250616,下関,11,選抜戦,晴,西,2,2,2,1,4434,田 中 辰 彦,38,42,6.78,1,0.16,1.50.5,2-1-3,3330,10,2-1,1460,5,1-2-3,210,1,1-2,360,2,,,,,,,
20250616,下関,11,選抜戦,晴,西,2,2,3,3,4826,井 上 一 輝,57,57,6.75,3,0.11,1.52.3,2-1-3,3330,10,2-1,1460,5,1-2-3,210,1,1-2,360,2,,,,,,,
20250616,下関,11,選抜戦,晴,西,2,2,4,6,4835,橋 本 明,12,65,6.86,6,0.13,1.53.3,2-1-3,3330,10,2-1,1460,5,1-2-3,210,1,1-2,360,2,,,,,,,
20250616,下関,11,選抜戦,晴,西,2,2,5,4,4574,東 潤 樹,11,70,6.78,4,0.21,,2-1-3,3330,10,2-1,1460,5,1-2-3,210,1,1-2,360,2,,,,,,,
20250616,下関,11,選抜戦,晴,西,2,2,6,5,3975,小野寺 智 洋,14,13,6.77,5,0.15,,2-1-3,3330,10,2-1,1460,5,1-2-3,210,1,1-2,360,2,,,,,,,
20250616,下関,12,優勝戦,晴,北西,1,1,1,1,3897,白 井 英 治,43,49,6.71,1,0.02,1.49.0,1-4-2,1250,4,1-4,610,3,1-2-4,380,2,1-4,530,3,,,,,,,
20250616,下関,12,優勝戦,晴,北西,1,1,2,4,4288,永 田 啓 二,32,37,6.80,4,0.08,1.49.8,1-4-2,1250,4,1-4,610,3,1-2-4,380,2,1-4,530,3,,,,,,,
20250616,下関,12,優勝戦,晴,北西,1,1,3,2,4584,村 岡 賢 人,64,34,6.68,2,0.02,1.51.7,1-4-2,1250,4,1-4,610,3,1-2-4,380,2,1-4,530,3,,,,,,,
20250616,下関,12,優勝戦,晴,北西,1,1,4,3,4601,森 野 正 弘,56,20,6.72,3,0.12,1.52.9,1-4-2,1250,4,1-4,610,3,1-2-4,380,2,1-4,530,3,,,,,,,
20250616,下関,12,優勝戦,晴,北西,1,1,5,5,4746,大豆生田 蒼,62,56,6.68,5,0.08,,1-4-2,1250,4,1-4,610,3,1-2-4,380,2,1-4,530,3,,,,,,,
20250616,下関,12,優勝戦,晴,北西,1,1,6,6,4817,渡 邉 翼,59,51,6.75,6,0.25,,1-4-2,1250,4,1-4,610,3,1-2-4,380,2,1-4,530,3,,,,,,,
20250616,住之江,1,予選,晴,北東,2,1,1,3,5280,廣 瀬 凜,75,87,6.97,3,0.18,1.51.4,3-2-5,11370,37,3-2,4220,12,2-3-5,1760,7,2-3,1810,6,,,,,,,
20250616,住之江,1,予選,晴,北東,2,1,2,2,4495,森 晋太郎,26,74,6.95,2,0.18,1.52.5,3-2-5,11370,37,3-2,4220,12,2-3-5,1760,7,2-3,1810,6,,,,,,,
20250616,住之江,1,予選,晴,北東,2,1,3,5,3904,森 貴 洋,73,82,6.93,5,0.14,1.53.9,3-2-5,11370,37,3-2,4220,12,2-3-5,1760,7,2-3,1810,6,,,,,,,
20250616,住之江,1,予選,晴,北東,2,1,4,1,3807,岡 部 哲,51,35,6.98,1,0.20,1.55.4,3-2-5,11370,37,3-2,4220,12,2-3-5,1760,7,2-3,1810,6,,,,,,,
20250616,住之江,1,予選,晴,北東,2,1,5,4,3843,上 之 晃 弘,87,81,6.99,4,0.13,1.56.8,3-2-5,11370,37,3-2,4220,12,2-3-5,1760,7,2-3,1810,6,,,,,,,
20250616,住之江,1,予選,晴,北東,2,1,6,6,5282,中 本 大 樹,81,54,6.94,6,0.15,2.01.1,3-2-5,11370,37,3-2,4220,12,2-3-5,1760,7,2-3,1810,6,,,,,,,
20250616,住之江,2,予選,晴,無風,0,1,1,1,3304,烏 野 賢 太,83,57,7.00,1,0.16,1.51.4,1-2-3,1400,4,1-2,420,2,1-2-3,470,3,1-2,410,2,,,,,,,
20250616,住之江,2,予選,晴,無風,0,1,2,2,3889,須 藤 隆 雄,57,53,6.94,2,0.13,1.53.0,1-2-3,1400,4,1-2,420,2,1-2-3,470,3,1-2,410,2,,,,,,,
20250616,住之江,2,予選,晴,無風,0,1,3,3,4359,横 川 聖 志,88,19,7.04,3,0.14,1.54.4,1-2-3,1400,4,1-2,420,2,1-2-3,470,3,1-2,410,2,,,,,,,
20250616,住之江,2,予選,晴,無風,0,1,4,5,3834,細 川 明 人,16,92,6.97,5,0.18,1.55.5,1-2-3,1400,4,1-2,420,2,1-2-3,470,3,1-2,410,2,,,,,,,
20250616,住之江,2,予選,晴,無風,0,1,5,6,4460,後 藤 翔 之,27,76,6.95,6,0.21,1.56.0,1-2-3,1400,4,1-2,420,2,1-2-3,470,3,1-2,410,2,,,,,,,
20250616,住之江,2,予選,晴,無風,0,1,6,4,3584,佐々木 英 樹,90,95,6.98,4,0.16,1.56.2,1-2-3,1400,4,1-2,420,2,1-2-3,470,3,1-2,410,2,,,,,,,
20250616,住之江,3,予選,晴,北東,1,1,1,4,4163,山 崎 裕 司,72,63,6.91,4,0.16,1.50.9,4-3-6,6880,29,4-3,1240,7,3-4-6,1050,6,3-4,270,1,,,,,,,
20250616,住之江,3,予選,晴,北東,1,1,2,3,4269,杉 山 裕 也,17,88,6.92,3,0.14,1.51.7,4-3-6,6880,29,4-3,1240,7,3-4-6,1050,6,3-4,270,1,,,,,,,
20250616,住之江,3,予選,晴,北東,1,1,3,6,4693,松 下 誉 士,12,20,6.95,6,0.17,1.54.7,4-3-6,6880,29,4-3,1240,7,3-4-6,1050,6,3-4,270,1,,,,,,,
20250616,住之江,3,予選,晴,北東,1,1,4,1,4145,小 澤 学,80,69,6.95,1,0.23,1.55.9,4-3-6,6880,29,4-3,1240,7,3-4-6,1050,6,3-4,270,1,,,,,,,
20250616,住之江,3,予選,晴,北東,1,1,5,2,3564,桑 原 啓,56,37,6.99,2,0.19,1.56.4,4-3-6,6880,29,4-3,1240,7,3-4-6,1050,6,3-4,270,1,,,,,,,
20250616,住之江,3,予選,晴,北東,1,1,6,5,3990,芹 澤 克 彦,59,17,7.03,5,0.15,1.56.8,4-3-6,6880,29,4-3,1240,7,3-4-6,1050,6,3-4,270,1,,,,,,,
20250616,住之江,4,予選,晴,無風,0,1,1,4,4719,上 條 暢 嵩,24,65,6.95,4,0.09,1.50.8,4-6-1,930,3,4-6,390,2,1-4-6,270,1,4-6,380,2,,,,,,,
20250616,住之江,4,予選,晴,無風,0,1,2,6,3788,一 宮 稔 弘,79,80,6.98,5,0.05,1.52.3,4-6-1,930,3,4-6,390,2,1-4-6,270,1,4-6,380,2,,,,,,,
20250616,住之江,4,予選,晴,無風,0,1,3,1,3986,沖 島 広 和,22,11,6.92,1,0.14,1.54.3,4-6-1,930,3,4-6,390,2,1-4-6,270,1,4-6,380,2,,,,,,,
20250616,住之江,4,予選,晴,無風,0,1,4,3,5271,杉 山 太 陽,76,24,6.98,3,0.09,1.54.8,4-6-1,930,3,4-6,390,2,1-4-6,270,1,4-6,380,2,,,,,,,
20250616,住之江,4,予選,晴,無風,0,1,5,5,5331,佐 藤 永 梧,54,13,6.95,6,0.07,1.56.1,4-6-1,930,3,4-6,390,2,1-4-6,270,1,4-6,380,2,,,,,,,
20250616,住之江,4,予選,晴,無風,0,1,6,2,5300,横 田 海 人,14,77,6.94,2,0.12,1.56.3,4-6-1,930,3,4-6,390,2,1-4-6,270,1,4-6,380,2,,,,,,,
20250616,住之江,5,住之江ファイ,晴,南,4,2,1,3,3843,上 之 晃 弘,87,81,6.97,3,0.20,1.52.4,3-5-6,44330,62,3-5,9450,16,3-5-6,7320,12,3-5,5260,10,,,,,,,
20250616,住之江,5,住之江ファイ,晴,南,4,2,2,5,4077,品 田 直 樹,19,61,6.92,5,0.22,1.53.3,3-5-6,44330,62,3-5,9450,16,3-5-6,7320,12,3-5,5260,10,,,,,,,
20250616,住之江,5,住之江ファイ,晴,南,4,2,3,6,4523,中 村 辰 也,37,27,6.95,6,0.29,1.56.1,3-5-6,44330,62,3-5,9450,16,3-5-6,7320,12,3-5,5260,10,,,,,,,
20250616,住之江,5,住之江ファイ,晴,南,4,2,4,2,3948,大 町 利 克,15,23,6.96,2,0.21,1.57.1,3-5-6,44330,62,3-5,9450,16,3-5-6,7320,12,3-5,5260,10,,,,,,,
20250616,住之江,5,住之江ファイ,晴,南,4,2,5,4,4664,東 口 晃,70,71,6.93,4,0.20,1.58.1,3-5-6,44330,62,3-5,9450,16,3-5-6,7320,12,3-5,5260,10,,,,,,,
20250616,住之江,5,住之江ファイ,晴,南,4,2,6,1,5139,大 場 恒 季,78,14,6.93,1,0.21,2.00.9,3-5-6,44330,62,3-5,9450,16,3-5-6,7320,12,3-5,5260,10,,,,,,,
20250616,住之江,6,予選特別Ｂ戦,晴,南,4,2,1,2,4685,島 村 隆 幸,67,75,6.92,2,0.19,1.51.4,2-4-3,2420,7,2-4,360,1,2-3-4,1030,5,2-4,240,1,,,,,,,
20250616,住之江,6,予選特別Ｂ戦,晴,南,4,2,2,4,4710,福 田 宗 平,71,66,6.93,4,0.15,1.52.7,2-4-3,2420,7,2-4,360,1,2-3-4,1030,5,2-4,240,1,,,,,,,
20250616,住之江,6,予選特別Ｂ戦,晴,南,4,2,3,3,3981,今 坂 晃 広,68,15,7.00,3,0.17,1.55.1,2-4-3,2420,7,2-4,360,1,2-3-4,1030,5,2-4,240,1,,,,,,,
20250616,住之江,6,予選特別Ｂ戦,晴,南,4,2,4,1,3922,菅 沼 佳 昭,23,28,6.89,1,0.20,1.55.7,2-4-3,2420,7,2-4,360,1,2-3-4,1030,5,2-4,240,1,,,,,,,
20250616,住之江,6,予選特別Ｂ戦,晴,南,4,2,5,6,4529,嶋 義 信,58,50,6.97,6,0.16,1.57.5,2-4-3,2420,7,2-4,360,1,2-3-4,1030,5,2-4,240,1,,,,,,,
20250616,住之江,6,予選特別Ｂ戦,晴,南,4,2,6,5,4495,森 晋太郎,26,74,6.95,5,0.16,1.59.0,2-4-3,2420,7,2-4,360,1,2-3-4,1030,5,2-4,240,1,,,,,,,
20250616,住之江,7,予選,晴,南,5,2,1,2,4293,鈴 木 智 啓,32,83,7.03,2,0.26,1.52.4,2-3-4,24850,67,2-3,6670,17,2-3-4,3250,11,2-3,3940,11,,,,,,,
20250616,住之江,7,予選,晴,南,5,2,2,3,3834,細 川 明 人,16,92,6.98,3,0.25,1.54.4,2-3-4,24850,67,2-3,6670,17,2-3-4,3250,11,2-3,3940,11,,,,,,,
20250616,住之江,7,予選,晴,南,5,2,3,4,4679,植 田 太 一,33,70,6.91,4,0.22,1.55.3,2-3-4,24850,67,2-3,6670,17,2-3-4,3250,11,2-3,3940,11,,,,,,,
20250616,住之江,7,予選,晴,南,5,2,4,5,4095,福 来 剛,64,55,6.95,5,0.19,1.56.2,2-3-4,24850,67,2-3,6670,17,2-3-4,3250,11,2-3,3940,11,,,,,,,
20250616,住之江,7,予選,晴,南,5,2,5,1,3990,芹 澤 克 彦,59,17,6.93,1,0.31,1.56.6,2-3-4,24850,67,2-3,6670,17,2-3-4,3250,11,2-3,3940,11,,,,,,,
20250616,住之江,7,予選,晴,南,5,2,6,6,5280,廣 瀬 凜,75,87,6.93,6,0.26,1.58.7,2-3-4,24850,67,2-3,6670,17,2-3-4,3250,11,2-3,3940,11,,,,,,,
20250616,住之江,8,トワイライト,晴,南,5,2,1,1,4486,野 村 誠,63,89,6.96,1,0.11,1.51.5,1-4-3,4200,13,1-4,260,1,1-3-4,1300,5,1-4,220,1,,,,,,,
20250616,住之江,8,トワイライト,晴,南,5,2,2,4,4907,小 池 修 平,53,25,6.89,4,0.05,1.52.0,1-4-3,4200,13,1-4,260,1,1-3-4,1300,5,1-4,220,1,,,,,,,
20250616,住之江,8,トワイライト,晴,南,5,2,3,3,5300,横 田 海 人,14,77,6.94,3,0.05,1.54.4,1-4-3,4200,13,1-4,260,1,1-3-4,1300,5,1-4,220,1,,,,,,,
20250616,住之江,8,トワイライト,晴,南,5,2,4,2,3807,岡 部 哲,51,35,6.96,2,0.10,1.55.2,1-4-3,4200,13,1-4,260,1,1-3-4,1300,5,1-4,220,1,,,,,,,
20250616,住之江,8,トワイライト,晴,南,5,2,5,6,4163,山 崎 裕 司,72,63,6.91,6,0.15,1.56.5,1-4-3,4200,13,1-4,260,1,1-3-4,1300,5,1-4,220,1,,,,,,,
20250616,住之江,8,トワイライト,晴,南,5,2,6,5,5114,小 林 孝 彰,74,18,6.92,5,0.16,1.56.8,1-4-3,4200,13,1-4,260,1,1-3-4,1300,5,1-4,220,1,,,,,,,
20250616,住之江,9,予選,晴,北,3,1,1,5,4350,篠 崎 元 志,28,51,6.91,4,0.15,1.50.4,5-2-3,1710,5,5-2,630,2,2-3-5,400,2,2-5,270,1,,,,,,,
20250616,住之江,9,予選,晴,北,3,1,2,2,3918,深 井 利 寿,84,30,6.91,2,0.29,1.52.4,5-2-3,1710,5,5-2,630,2,2-3-5,400,2,2-5,270,1,,,,,,,
20250616,住之江,9,予選,晴,北,3,1,3,3,5050,木 下 雄 介,55,85,6.94,3,0.19,1.53.5,5-2-3,1710,5,5-2,630,2,2-3-5,400,2,2-5,270,1,,,,,,,
20250616,住之江,9,予選,晴,北,3,1,4,1,4077,品 田 直 樹,19,61,6.95,1,0.27,1.55.2,5-2-3,1710,5,5-2,630,2,2-3-5,400,2,2-5,270,1,,,,,,,
20250616,住之江,9,予選,晴,北,3,1,5,6,3584,佐々木 英 樹,90,95,6.96,6,0.21,1.56.7,5-2-3,1710,5,5-2,630,2,2-3-5,400,2,2-5,270,1,,,,,,,
20250616,住之江,9,予選,晴,北,3,1,6,4,3964,宮 地 博 士,65,94,6.97,5,0.23,1.57.7,5-2-3,1710,5,5-2,630,2,2-3-5,400,2,2-5,270,1,,,,,,,
20250616,住之江,10,予選特別Ｂ戦,晴,北,3,1,1,2,3304,烏 野 賢 太,83,57,7.08,2,0.23,1.58.4,2-1-4,15090,56,2-1,1430,7,1-2-4,2830,13,1-2,490,2,,,,,,,
20250616,住之江,10,予選特別Ｂ戦,晴,北,3,1,2,1,5298,水 谷 理 人,77,79,6.96,1,0.27,2.01.7,2-1-4,15090,56,2-1,1430,7,1-2-4,2830,13,1-2,490,2,,,,,,,
20250616,住之江,10,予選特別Ｂ戦,晴,北,3,1,3,4,3986,沖 島 広 和,22,11,7.02,4,0.19,2.03.3,2-1-4,15090,56,2-1,1430,7,1-2-4,2830,13,1-2,490,2,,,,,,,
20250616,住之江,10,予選特別Ｂ戦,晴,北,3,1,4,6,4269,杉 山 裕 也,17,88,6.96,5,0.14,2.06.0,2-1-4,15090,56,2-1,1430,7,1-2-4,2830,13,1-2,490,2,,,,,,,
20250616,住之江,10,予選特別Ｂ戦,晴,北,3,1,S0,3,4677,片 橋 幸 貴,69,29,7.05,3,0.19,,2-1-4,15090,56,2-1,1430,7,1-2-4,2830,13,1-2,490,2,,,,,,,
20250616,住之江,10,予選特別Ｂ戦,晴,北,3,1,S2,5,4710,福 田 宗 平,71,66,6.99,6,0.19,,2-1-4,15090,56,2-1,1430,7,1-2-4,2830,13,1-2,490,2,,,,,,,
20250616,住之江,11,予選特別Ａ戦,晴,北,2,1,1,3,4719,上 條 暢 嵩,24,65,6.96,3,0.17,1.51.3,3-1-5,1230,5,3-1,320,2,1-3-5,440,3,1-3,140,1,,,,,,,
20250616,住之江,11,予選特別Ａ戦,晴,北,2,1,2,1,4505,島 田 賢 人,86,21,6.99,1,0.14,1.52.7,3-1-5,1230,5,3-1,320,2,1-3-5,440,3,1-3,140,1,,,,,,,
20250616,住之江,11,予選特別Ａ戦,晴,北,2,1,3,5,4523,中 村 辰 也,37,27,7.07,5,0.17,1.54.3,3-1-5,1230,5,3-1,320,2,1-3-5,440,3,1-3,140,1,,,,,,,
20250616,住之江,11,予選特別Ａ戦,晴,北,2,1,4,4,3904,森 貴 洋,73,82,7.04,4,0.18,1.55.2,3-1-5,1230,5,3-1,320,2,1-3-5,440,3,1-3,140,1,,,,,,,
20250616,住之江,11,予選特別Ａ戦,晴,北,2,1,5,6,4359,横 川 聖 志,88,19,7.05,6,0.17,1.56.1,3-1-5,1230,5,3-1,320,2,1-3-5,440,3,1-3,140,1,,,,,,,
20250616,住之江,11,予選特別Ａ戦,晴,北,2,1,6,2,4529,嶋 義 信,58,50,7.02,2,0.21,1.58.5,3-1-5,1230,5,3-1,320,2,1-3-5,440,3,1-3,140,1,,,,,,,
20250616,住之江,12,予選特別Ａ戦,晴,無風,0,1,1,4,3788,一 宮 稔 弘,79,80,6.99,4,0.05,1.50.9,4-6-1,5390,24,4-6,2130,8,1-4-6,580,2,4-6,1470,6,,,,,,,
20250616,住之江,12,予選特別Ａ戦,晴,無風,0,1,2,6,4685,島 村 隆 幸,67,75,6.99,6,0.13,1.51.6,4-6-1,5390,24,4-6,2130,8,1-4-6,580,2,4-6,1470,6,,,,,,,
20250616,住之江,12,予選特別Ａ戦,晴,無風,0,1,3,1,4095,福 来 剛,64,93,6.92,1,0.15,1.53.3,4-6-1,5390,24,4-6,2130,8,1-4-6,580,2,4-6,1470,6,,,,,,,
20250616,住之江,12,予選特別Ａ戦,晴,無風,0,1,4,5,5139,大 場 恒 季,78,14,6.99,5,0.07,1.53.8,4-6-1,5390,24,4-6,2130,8,1-4-6,580,2,4-6,1470,6,,,,,,,
20250616,住之江,12,予選特別Ａ戦,晴,無風,0,1,5,3,5114,小 林 孝 彰,74,18,6.98,3,0.10,1.56.2,4-6-1,5390,24,4-6,2130,8,1-4-6,580,2,4-6,1470,6,,,,,,,
20250616,住之江,12,予選特別Ａ戦,晴,無風,0,1,6,2,4460,後 藤 翔 之,27,76,7.00,2,0.09,2.01.2,4-6-1,5390,24,4-6,2130,8,1-4-6,580,2,4-6,1470,6,,,,,,,
20250616,児島,1,予選,晴,南,2,3,1,1,3773,津 留 浩一郎,13,71,6.87,1,0.07,1.50.5,1-2-3,1050,2,1-2,380,2,1-2-3,440,1,1-2,450,3,,,,,,,
20250616,児島,1,予選,晴,南,2,3,2,2,4506,稗 田 聖 也,16,57,6.97,2,0.08,1.51.3,1-2-3,1050,2,1-2,380,2,1-2-3,440,1,1-2,450,3,,,,,,,
20250616,児島,1,予選,晴,南,2,3,3,3,4890,石 川 諒,64,26,6.88,3,0.09,1.53.3,1-2-3,1050,2,1-2,380,2,1-2-3,440,1,1-2,450,3,,,,,,,
20250616,児島,1,予選,晴,南,2,3,4,4,4376,藤 田 靖 弘,54,62,6.85,4,0.07,1.53.6,1-2-3,1050,2,1-2,380,2,1-2-3,440,1,1-2,450,3,,,,,,,
20250616,児島,1,予選,晴,南,2,3,5,6,4006,小 野 勇 作,22,42,6.98,6,0.19,,1-2-3,1050,2,1-2,380,2,1-2-3,440,1,1-2,450,3,,,,,,,
20250616,児島,1,予選,晴,南,2,3,6,5,4403,木 下 大 將,31,68,6.96,5,0.13,,1-2-3,1050,2,1-2,380,2,1-2-3,440,1,1-2,450,3,,,,,,,
20250616,児島,2,予選,晴,南西,2,3,1,3,5037,田 頭 虎 親,47,12,6.93,3,0.15,1.51.1,3-2-4,3070,7,3-2,1050,4,2-3-4,830,3,2-3,710,4,,,,,,,
20250616,児島,2,予選,晴,南西,2,3,2,2,4410,井 上 大 輔,57,44,6.90,2,0.13,1.52.4,3-2-4,3070,7,3-2,1050,4,2-3-4,830,3,2-3,710,4,,,,,,,
20250616,児島,2,予選,晴,南西,2,3,3,4,3712,淺 香 文 武,66,66,6.89,4,0.17,1.53.8,3-2-4,3070,7,3-2,1050,4,2-3-4,830,3,2-3,710,4,,,,,,,
20250616,児島,2,予選,晴,南西,2,3,4,6,4735,角 山 雄 哉,55,45,6.92,6,0.11,1.55.1,3-2-4,3070,7,3-2,1050,4,2-3-4,830,3,2-3,710,4,,,,,,,
20250616,児島,2,予選,晴,南西,2,3,5,1,5187,小 坂 風 太,26,55,6.94,1,0.18,,3-2-4,3070,7,3-2,1050,4,2-3-4,830,3,2-3,710,4,,,,,,,
20250616,児島,2,予選,晴,南西,2,3,6,5,3527,中 嶋 誠一郎,61,74,6.92,5,0.15,,3-2-4,3070,7,3-2,1050,4,2-3-4,830,3,2-3,710,4,,,,,,,
20250616,児島,3,予選,晴,南,3,3,1,5,3685,荒 井 輝 年,19,33,6.85,4,0.05,1.50.2,5-1-4,8200,32,5-1,3080,17,1-4-5,490,2,1-5,750,4,,,,,,,
20250616,児島,3,予選,晴,南,3,3,2,1,5081,篠 原 飛 翔,35,28,6.91,1,0.16,1.51.9,5-1-4,8200,32,5-1,3080,17,1-4-5,490,2,1-5,750,4,,,,,,,
20250616,児島,3,予選,晴,南,3,3,3,4,4824,松 井 洪 弥,62,69,6.94,3,0.06,1.52.9,5-1-4,8200,32,5-1,3080,17,1-4-5,490,2,1-5,750,4,,,,,,,
20250616,児島,3,予選,晴,南,3,3,4,6,3809,吉 田 光,65,63,7.04,5,0.03,1.54.6,5-1-4,8200,32,5-1,3080,17,1-4-5,490,2,1-5,750,4,,,,,,,
20250616,児島,3,予選,晴,南,3,3,5,3,4950,高 岡 竜 也,25,22,6.92,6,0.11,,5-1-4,8200,32,5-1,3080,17,1-4-5,490,2,1-5,750,4,,,,,,,
20250616,児島,3,予選,晴,南,3,3,6,2,3929,杢 野 誓 良,21,52,6.92,2,0.23,,5-1-4,8200,32,5-1,3080,17,1-4-5,490,2,1-5,750,4,,,,,,,
20250616,児島,4,予選,晴,南西,3,3,1,1,4625,渡 邊 裕 貴,36,32,6.85,1,0.08,1.50.9,1-5-3,8320,26,1-5,1750,7,1-3-5,2440,7,1-5,1020,5,,,,,,,
20250616,児島,4,予選,晴,南西,3,3,2,5,4259,真 庭 明 志,17,14,6.88,5,0.14,1.52.2,1-5-3,8320,26,1-5,1750,7,1-3-5,2440,7,1-5,1020,5,,,,,,,
20250616,児島,4,予選,晴,南西,3,3,3,3,4723,寺 島 吉 彦,28,70,6.87,3,0.26,1.53.9,1-5-3,8320,26,1-5,1750,7,1-3-5,2440,7,1-5,1020,5,,,,,,,
20250616,児島,4,予選,晴,南西,3,3,4,6,4253,西 川 真 人,59,73,7.04,6,0.18,1.54.2,1-5-3,8320,26,1-5,1750,7,1-3-5,2440,7,1-5,1020,5,,,,,,,
20250616,児島,4,予選,晴,南西,3,3,5,2,4397,西 村 拓 也,38,30,6.89,2,0.12,,1-5-3,8320,26,1-5,1750,7,1-3-5,2440,7,1-5,1020,5,,,,,,,
20250616,児島,4,予選,晴,南西,3,3,6,4,3315,広 瀬 聖 仁,30,17,6.92,4,0.11,,1-5-3,8320,26,1-5,1750,7,1-3-5,2440,7,1-5,1020,5,,,,,,,
20250616,児島,5,予選,晴,南西,2,3,1,1,5023,久 永 祥 平,51,27,6.96,1,0.11,1.50.4,1-4-3,7990,31,1-4,1130,5,1-3-4,2670,10,1-4,1010,5,,,,,,,
20250616,児島,5,予選,晴,南西,2,3,2,4,5150,坂 本 雄 紀,48,15,6.86,4,0.05,1.50.9,1-4-3,7990,31,1-4,1130,5,1-3-4,2670,10,1-4,1010,5,,,,,,,
20250616,児島,5,予選,晴,南西,2,3,3,3,4644,山 田 亮 太,34,65,6.99,3,0.13,1.53.0,1-4-3,7990,31,1-4,1130,5,1-3-4,2670,10,1-4,1010,5,,,,,,,
20250616,児島,5,予選,晴,南西,2,3,4,6,3941,池 田 浩 二,67,38,6.97,6,0.07,1.54.8,1-4-3,7990,31,1-4,1130,5,1-3-4,2670,10,1-4,1010,5,,,,,,,
20250616,児島,5,予選,晴,南西,2,3,5,5,4376,藤 田 靖 弘,54,62,6.89,5,0.06,,1-4-3,7990,31,1-4,1130,5,1-3-4,2670,10,1-4,1010,5,,,,,,,
20250616,児島,5,予選,晴,南西,2,3,6,2,4155,長 野 壮志郎,70,21,6.89,2,0.24,,1-4-3,7990,31,1-4,1130,5,1-3-4,2670,10,1-4,1010,5,,,,,,,
20250616,児島,6,予選,晴,南,2,3,1,4,4189,川 上 剛,39,39,6.86,4,0.19,1.51.2,4-1-6,9940,30,4-1,1920,6,1-4-6,1980,9,1-4,430,3,,,,,,,
20250616,児島,6,予選,晴,南,2,3,2,1,4640,山ノ内 雅 人,32,23,6.95,1,0.14,1.51.5,4-1-6,9940,30,4-1,1920,6,1-4-6,1980,9,1-4,430,3,,,,,,,
20250616,児島,6,予選,晴,南,2,3,3,6,4890,石 川 諒,64,26,6.91,6,0.11,1.53.5,4-1-6,9940,30,4-1,1920,6,1-4-6,1980,9,1-4,430,3,,,,,,,
20250616,児島,6,予選,晴,南,2,3,4,2,4603,谷 川 将 太,20,67,6.87,2,0.17,1.54.4,4-1-6,9940,30,4-1,1920,6,1-4-6,1980,9,1-4,430,3,,,,,,,
20250616,児島,6,予選,晴,南,2,3,5,3,3482,金 子 猛 志,24,31,6.94,3,0.23,,4-1-6,9940,30,4-1,1920,6,1-4-6,1980,9,1-4,430,3,,,,,,,
20250616,児島,6,予選,晴,南,2,3,6,5,4168,石 野 貴 之,23,13,6.96,5,0.13,,4-1-6,9940,30,4-1,1920,6,1-4-6,1980,9,1-4,430,3,,,,,,,
20250616,児島,7,予選,晴,北東,3,3,1,1,4133,高 橋 正 男,41,53,6.90,1,0.05,1.50.5,1-2-6,540,1,1-2,230,1,1-2-6,220,1,1-2,160,1,,,,,,,
20250616,児島,7,予選,晴,北東,3,3,2,2,4205,山 口 剛,40,54,6.97,2,0.09,1.51.6,1-2-6,540,1,1-2,230,1,1-2-6,220,1,1-2,160,1,,,,,,,
20250616,児島,7,予選,晴,北東,3,3,3,6,4500,山 田 康 二,11,50,6.93,5,0.08,1.54.0,1-2-6,540,1,1-2,230,1,1-2-6,220,1,1-2,160,1,,,,,,,
20250616,児島,7,予選,晴,北東,3,3,4,5,3880,浅 見 宗 孝,12,64,7.01,6,0.07,1.54.9,1-2-6,540,1,1-2,230,1,1-2-6,220,1,1-2,160,1,,,,,,,
20250616,児島,7,予選,晴,北東,3,3,5,3,4410,井 上 大 輔,57,44,7.03,3,0.07,,1-2-6,540,1,1-2,230,1,1-2-6,220,1,1-2,160,1,,,,,,,
20250616,児島,7,予選,晴,北東,3,3,6,4,4006,小 野 勇 作,22,42,6.95,4,0.10,,1-2-6,540,1,1-2,230,1,1-2-6,220,1,1-2,160,1,,,,,,,
20250616,児島,8,予選,晴,南東,1,1,1,1,3960,菊 地 孝 平,37,46,6.90,1,0.08,1.50.5,1-4-2,510,2,1-4,260,1,1-2-4,190,1,1-4,220,2,,,,,,,
20250616,児島,8,予選,晴,南東,1,1,2,4,4686,丸 野 一 樹,68,29,7.00,4,0.09,1.51.7,1-4-2,510,2,1-4,260,1,1-2-4,190,1,1-4,220,2,,,,,,,
20250616,児島,8,予選,晴,南東,1,1,3,2,4171,榎 幸 司,44,37,6.94,2,0.12,1.53.6,1-4-2,510,2,1-4,260,1,1-2-4,190,1,1-4,220,2,,,,,,,
20250616,児島,8,予選,晴,南東,1,1,4,3,4735,角 山 雄 哉,55,45,6.89,3,0.11,1.54.4,1-4-2,510,2,1-4,260,1,1-2-4,190,1,1-4,220,2,,,,,,,
20250616,児島,8,予選,晴,南東,1,1,5,5,4625,渡 邊 裕 貴,36,32,6.83,5,0.13,,1-4-2,510,2,1-4,260,1,1-2-4,190,1,1-4,220,2,,,,,,,
20250616,児島,8,予選,晴,南東,1,1,6,6,4416,三 宅 健 太,29,25,7.02,6,0.20,,1-4-2,510,2,1-4,260,1,1-2-4,190,1,1-4,220,2,,,,,,,
20250616,児島,9,予選,晴,南,4,3,1,5,4166,吉 田 拡 郎,56,35,6.90,5,0.19,1.50.5,5-3-2,8990,44,5-3,2200,11,2-3-5,1650,10,3-5,980,5,,,,,,,
20250616,児島,9,予選,晴,南,4,3,2,3,3712,淺 香 文 武,66,66,6.91,3,0.25,1.52.3,5-3-2,8990,44,5-3,2200,11,2-3-5,1650,10,3-5,980,5,,,,,,,
20250616,児島,9,予選,晴,南,4,3,3,2,5081,篠 原 飛 翔,35,28,6.84,2,0.34,1.53.9,5-3-2,8990,44,5-3,2200,11,2-3-5,1650,10,3-5,980,5,,,,,,,
20250616,児島,9,予選,晴,南,4,3,4,4,3773,津 留 浩一郎,13,71,7.01,4,0.30,1.55.2,5-3-2,8990,44,5-3,2200,11,2-3-5,1650,10,3-5,980,5,,,,,,,
20250616,児島,9,予選,晴,南,4,3,5,6,3961,谷 村 一 哉,42,34,6.96,6,0.24,,5-3-2,8990,44,5-3,2200,11,2-3-5,1650,10,3-5,980,5,,,,,,,
20250616,児島,9,予選,晴,南,4,3,6,1,4723,寺 島 吉 彦,28,70,6.89,1,0.31,,5-3-2,8990,44,5-3,2200,11,2-3-5,1650,10,3-5,980,5,,,,,,,
20250616,児島,10,予選特賞,晴,南西,2,3,1,4,4444,桐 生 順 平,53,56,6.85,4,0.10,1.50.7,4-6-5,4520,18,4-6,740,3,4-5-6,1700,8,4-6,1030,6,,,,,,,
20250616,児島,10,予選特賞,晴,南西,2,3,2,6,4189,川 上 剛,39,39,6.84,6,0.15,1.52.1,4-6-5,4520,18,4-6,740,3,4-5-6,1700,8,4-6,1030,6,,,,,,,
20250616,児島,10,予選特賞,晴,南西,2,3,3,5,4253,西 川 真 人,59,73,6.82,5,0.17,1.53.4,4-6-5,4520,18,4-6,740,3,4-5-6,1700,8,4-6,1030,6,,,,,,,
20250616,児島,10,予選特賞,晴,南西,2,3,4,1,4506,稗 田 聖 也,16,57,6.96,1,0.24,1.54.9,4-6-5,4520,18,4-6,740,3,4-5-6,1700,8,4-6,1030,6,,,,,,,
20250616,児島,10,予選特賞,晴,南西,2,3,5,2,5037,田 頭 虎 親,47,12,6.88,2,0.28,,4-6-5,4520,18,4-6,740,3,4-5-6,1700,8,4-6,1030,6,,,,,,,
20250616,児島,10,予選特賞,晴,南西,2,3,6,3,5150,坂 本 雄 紀,48,15,6.89,3,0.51,,4-6-5,4520,18,4-6,740,3,4-5-6,1700,8,4-6,1030,6,,,,,,,
20250616,児島,11,予選特選,晴,北西,1,1,1,1,4205,山 口 剛,40,54,7.09,1,0.17,1.49.1,1-3-2,1180,5,1-3,260,1,1-2-3,600,3,1-3,160,1,,,,,,,
20250616,児島,11,予選特選,晴,北西,1,1,2,3,4640,山ノ内 雅 人,32,23,6.90,3,0.21,1.51.9,1-3-2,1180,5,1-3,260,1,1-2-3,600,3,1-3,160,1,,,,,,,
20250616,児島,11,予選特選,晴,北西,1,1,3,2,3527,中 嶋 誠一郎,61,74,7.00,2,0.18,1.53.1,1-3-2,1180,5,1-3,260,1,1-2-3,600,3,1-3,160,1,,,,,,,
20250616,児島,11,予選特選,晴,北西,1,1,4,5,4950,高 岡 竜 也,25,22,6.86,5,0.25,1.54.3,1-3-2,1180,5,1-3,260,1,1-2-3,600,3,1-3,160,1,,,,,,,
20250616,児島,11,予選特選,晴,北西,1,1,5,4,4259,真 庭 明 志,17,14,6.89,4,0.27,,1-3-2,1180,5,1-3,260,1,1-2-3,600,3,1-3,160,1,,,,,,,
20250616,児島,11,予選特選,晴,北西,1,1,6,6,4155,長 野 壮志郎,70,21,6.92,6,0.31,,1-3-2,1180,5,1-3,260,1,1-2-3,600,3,1-3,160,1,,,,,,,
20250616,児島,12,記者選抜戦,曇り,南西,3,3,1,1,4168,石 野 貴 之,23,13,6.96,1,0.12,1.49.5,1-2-4,660,1,1-2,340,2,1-2-4,380,1,1-2,220,1,,,,,,,
20250616,児島,12,記者選抜戦,曇り,南西,3,3,2,2,4824,松 井 洪 弥,62,69,6.91,2,0.09,1.50.4,1-2-4,660,1,1-2,340,2,1-2-4,380,1,1-2,220,1,,,,,,,
20250616,児島,12,記者選抜戦,曇り,南西,3,3,3,4,3960,菊 地 孝 平,37,46,6.87,4,0.11,1.52.6,1-2-4,660,1,1-2,340,2,1-2-4,380,1,1-2,220,1,,,,,,,
20250616,児島,12,記者選抜戦,曇り,南西,3,3,4,3,4133,高 橋 正 男,41,53,6.98,3,0.12,1.53.3,1-2-4,660,1,1-2,340,2,1-2-4,380,1,1-2,220,1,,,,,,,
20250616,児島,12,記者選抜戦,曇り,南西,3,3,5,6,4397,西 村 拓 也,38,30,6.89,5,0.13,,1-2-4,660,1,1-2,340,2,1-2-4,380,1,1-2,220,1,,,,,,,
20250616,児島,12,記者選抜戦,曇り,南西,3,3,6,5,4644,山 田 亮 太,34,65,6.98,6,0.13,,1-2-4,660,1,1-2,340,2,1-2-4,380,1,1-2,220,1,,,,,,,
20250616,唐津,1,朝１戦,雨,南,6,6,1,3,4422,永 井 亮 次,48,38,6.79,3,0.15,1.52.8,3-4-6,22440,26,3-4,3380,7,3-4-6,5210,9,3-4,1510,4,,,,,,,
20250616,唐津,1,朝１戦,雨,南,6,6,2,4,3569,増 田 進,20,5,6.80,4,0.09,1.54.0,3-4-6,22440,26,3-4,3380,7,3-4-6,5210,9,3-4,1510,4,,,,,,,
20250616,唐津,1,朝１戦,雨,南,6,6,3,6,5417,小 柳 勝 希,39,15,6.76,6,0.01,1.55.4,3-4-6,22440,26,3-4,3380,7,3-4-6,5210,9,3-4,1510,4,,,,,,,
20250616,唐津,1,朝１戦,雨,南,6,6,4,2,5176,石 倉 拓 美,66,6,6.81,2,0.21,1.56.8,3-4-6,22440,26,3-4,3380,7,3-4-6,5210,9,3-4,1510,4,,,,,,,
20250616,唐津,1,朝１戦,雨,南,6,6,5,1,4531,武 富 智 亮,63,60,6.79,1,0.15,1.58.3,3-4-6,22440,26,3-4,3380,7,3-4-6,5210,9,3-4,1510,4,,,,,,,
20250616,唐津,1,朝１戦,雨,南,6,6,F,5,4976,金 山 立 樹,52,1,6.80,5,F0.03,,3-4-6,22440,26,3-4,3380,7,3-4-6,5210,9,3-4,1510,4,,,,,,,
20250616,唐津,2,モー２ング戦,雨,南,5,5,1,6,3784,中 島 友 和,50,10,6.81,6,0.08,1.52.2,6-2-1,24620,66,6-2,12180,27,1-2-6,1160,4,2-6,5970,12,,,,,,,
20250616,唐津,2,モー２ング戦,雨,南,5,5,2,2,4593,小 坂 宗 司,13,43,6.86,2,0.26,1.52.9,6-2-1,24620,66,6-2,12180,27,1-2-6,1160,4,2-6,5970,12,,,,,,,
20250616,唐津,2,モー２ング戦,雨,南,5,5,3,1,3381,滝 沢 芳 行,28,19,6.82,1,0.23,1.55.6,6-2-1,24620,66,6-2,12180,27,1-2-6,1160,4,2-6,5970,12,,,,,,,
20250616,唐津,2,モー２ング戦,雨,南,5,5,4,4,4367,山 口 修 路,24,54,6.80,4,0.37,1.56.1,6-2-1,24620,66,6-2,12180,27,1-2-6,1160,4,2-6,5970,12,,,,,,,
20250616,唐津,2,モー２ング戦,雨,南,5,5,5,3,3681,山 谷 央,31,44,6.76,3,0.23,1.57.2,6-2-1,24620,66,6-2,12180,27,1-2-6,1160,4,2-6,5970,12,,,,,,,
20250616,唐津,2,モー２ング戦,雨,南,5,5,6,5,4404,岸 蔭 亮,36,52,6.85,5,0.19,2.00.5,6-2-1,24620,66,6-2,12180,27,1-2-6,1160,4,2-6,5970,12,,,,,,,
20250616,唐津,3,３ライズ戦,曇り,南,6,6,1,5,4979,中 野 夢 斗,49,4,6.81,5,0.26,1.51.9,5-1-4,7330,24,5-1,3130,8,1-4-5,420,2,1-5,1020,4,,,,,,,
20250616,唐津,3,３ライズ戦,曇り,南,6,6,2,1,4043,桐 本 康 臣,15,22,6.80,1,0.20,1.53.4,5-1-4,7330,24,5-1,3130,8,1-4-5,420,2,1-5,1020,4,,,,,,,
20250616,唐津,3,３ライズ戦,曇り,南,6,6,3,4,3915,繁野谷 圭 介,23,32,6.80,4,0.31,1.54.2,5-1-4,7330,24,5-1,3130,8,1-4-5,420,2,1-5,1020,4,,,,,,,
20250616,唐津,3,３ライズ戦,曇り,南,6,6,4,3,3748,小 黒 竜 吾,30,14,6.79,3,0.19,1.56.0,5-1-4,7330,24,5-1,3130,8,1-4-5,420,2,1-5,1020,4,,,,,,,
20250616,唐津,3,３ライズ戦,曇り,南,6,6,5,6,5398,鐘ヶ江 真 司,67,16,6.84,6,0.29,1.57.0,5-1-4,7330,24,5-1,3130,8,1-4-5,420,2,1-5,1020,4,,,,,,,
20250616,唐津,3,３ライズ戦,曇り,南,6,6,6,2,4179,広 次 修,11,48,6.77,2,0.29,1.59.5,5-1-4,7330,24,5-1,3130,8,1-4-5,420,2,1-5,1020,4,,,,,,,
20250616,唐津,4,おは４戦,曇り,南,6,6,1,5,3572,安 田 政 彦,34,45,6.86,5,0.17,1.52.6,5-1-6,11340,48,5-1,4300,17,1-5-6,930,4,1-5,2280,11,,,,,,,
20250616,唐津,4,おは４戦,曇り,南,6,6,2,1,5020,宮 村 勇 哉,16,7,6.77,1,0.19,1.53.7,5-1-6,11340,48,5-1,4300,17,1-5-6,930,4,1-5,2280,11,,,,,,,
20250616,唐津,4,おは４戦,曇り,南,6,6,3,6,4504,前 田 将 太,27,41,6.80,6,0.21,1.54.4,5-1-6,11340,48,5-1,4300,17,1-5-6,930,4,1-5,2280,11,,,,,,,
20250616,唐津,4,おは４戦,曇り,南,6,6,4,3,4142,平 野 和 明,21,39,6.86,3,0.16,1.55.9,5-1-6,11340,48,5-1,4300,17,1-5-6,930,4,1-5,2280,11,,,,,,,
20250616,唐津,4,おは４戦,曇り,南,6,6,5,4,4009,小 林 一 樹,42,21,6.84,4,0.12,1.57.3,5-1-6,11340,48,5-1,4300,17,1-5-6,930,4,1-5,2280,11,,,,,,,
20250616,唐津,4,おは４戦,曇り,南,6,6,6,2,5177,松 井 貫 太,68,25,6.82,2,0.24,1.59.2,5-1-6,11340,48,5-1,4300,17,1-5-6,930,4,1-5,2280,11,,,,,,,
20250616,唐津,5,レッツ５戦,曇り,南,6,6,1,1,3848,川 上 聡 介,44,12,6.78,1,0.11,1.52.3,1-4-5,3420,11,1-4,1270,5,1-4-5,940,4,1-4,540,3,,,,,,,
20250616,唐津,5,レッツ５戦,曇り,南,6,6,2,4,5214,田 中 宏 典,19,57,6.80,4,0.09,1.53.4,1-4-5,3420,11,1-4,1270,5,1-4-5,940,4,1-4,540,3,,,,,,,
20250616,唐津,5,レッツ５戦,曇り,南,6,6,3,5,4575,戸 塚 邦 好,37,56,6.80,5,0.09,1.54.6,1-4-5,3420,11,1-4,1270,5,1-4-5,940,4,1-4,540,3,,,,,,,
20250616,唐津,5,レッツ５戦,曇り,南,6,6,4,2,3875,廣 中 良 一,61,37,6.74,2,0.25,1.54.7,1-4-5,3420,11,1-4,1270,5,1-4-5,940,4,1-4,540,3,,,,,,,
20250616,唐津,5,レッツ５戦,曇り,南,6,6,5,6,4441,末 永 由 楽,58,59,6.77,6,0.06,1.57.0,1-4-5,3420,11,1-4,1270,5,1-4-5,940,4,1-4,540,3,,,,,,,
20250616,唐津,5,レッツ５戦,曇り,南,6,6,6,3,4865,立 具 敬 司,65,34,6.80,3,0.21,2.01.7,1-4-5,3420,11,1-4,1270,5,1-4-5,940,4,1-4,540,3,,,,,,,
20250616,唐津,6,一般,雨,南,6,6,1,1,4424,松 尾 昂 明,57,35,6.70,1,0.17,1.52.0,1-2-6,680,1,1-2,330,1,1-2-6,210,1,1-2,210,1,,,,,,,
20250616,唐津,6,一般,雨,南,6,6,2,2,4842,山 下 昂 大,22,20,6.76,2,0.19,1.52.8,1-2-6,680,1,1-2,330,1,1-2-6,210,1,1-2,210,1,,,,,,,
20250616,唐津,6,一般,雨,南,6,6,3,6,4428,有 賀 達 也,38,49,6.82,5,0.25,1.54.1,1-2-6,680,1,1-2,330,1,1-2-6,210,1,1-2,210,1,,,,,,,
20250616,唐津,6,一般,雨,南,6,6,4,3,4593,小 坂 宗 司,13,43,6.81,3,0.21,1.54.4,1-2-6,680,1,1-2,330,1,1-2-6,210,1,1-2,210,1,,,,,,,
20250616,唐津,6,一般,雨,南,6,6,5,4,4358,松 本 庸 平,60,53,6.84,4,0.29,1.57.0,1-2-6,680,1,1-2,330,1,1-2-6,210,1,1-2,210,1,,,,,,,
20250616,唐津,6,一般,雨,南,6,6,6,5,5417,小 柳 勝 希,39,15,6.84,6,0.34,1.58.9,1-2-6,680,1,1-2,330,1,1-2-6,210,1,1-2,210,1,,,,,,,
20250616,唐津,7,一般,曇り,南,8,8,1,4,3748,小 黒 竜 吾,30,14,6.79,4,0.19,1.53.4,4-2-3,93010,120,4-2,11440,30,2-3-4,6130,18,2-4,2510,13,,,,,,,
20250616,唐津,7,一般,曇り,南,8,8,2,2,4404,岸 蔭 亮,36,52,6.77,2,0.31,1.55.0,4-2-3,93010,120,4-2,11440,30,2-3-4,6130,18,2-4,2510,13,,,,,,,
20250616,唐津,7,一般,曇り,南,8,8,3,3,3661,柳 瀬 興 志,64,55,6.78,3,0.24,1.55.7,4-2-3,93010,120,4-2,11440,30,2-3-4,6130,18,2-4,2510,13,,,,,,,
20250616,唐津,7,一般,曇り,南,8,8,4,6,4072,森 永 淳,47,29,6.77,6,0.31,1.57.5,4-2-3,93010,120,4-2,11440,30,2-3-4,6130,18,2-4,2510,13,,,,,,,
20250616,唐津,7,一般,曇り,南,8,8,5,5,4422,永 井 亮 次,48,38,6.80,5,0.29,1.59.4,4-2-3,93010,120,4-2,11440,30,2-3-4,6130,18,2-4,2510,13,,,,,,,
20250616,唐津,7,一般,曇り,南,8,8,6,1,3569,増 田 進,20,5,6.72,1,0.42,1.59.8,4-2-3,93010,120,4-2,11440,30,2-3-4,6130,18,2-4,2510,13,,,,,,,
20250616,多摩川,1,予選,晴,南東,2,2,1,1,5115,香 川 颯 太,68,70,6.72,1,0.22,1.49.8,1-6-5,11370,38,1-6,2350,11,1-5-6,3160,12,1-6,1400,6,,,,,,,
20250616,多摩川,1,予選,晴,南東,2,2,2,6,4961,西 橋 奈 未,23,36,6.78,6,0.29,1.51.6,1-6-5,11370,38,1-6,2350,11,1-5-6,3160,12,1-6,1400,6,,,,,,,
20250616,多摩川,1,予選,晴,南東,2,2,3,5,5057,上 田 紗 奈,72,76,6.73,5,0.29,1.53.4,1-6-5,11370,38,1-6,2350,11,1-5-6,3160,12,1-6,1400,6,,,,,,,
20250616,多摩川,1,予選,晴,南東,2,2,4,3,5112,砂 長 知 輝,50,79,6.79,3,0.24,1.55.5,1-6-5,11370,38,1-6,2350,11,1-5-6,3160,12,1-6,1400,6,,,,,,,
20250616,多摩川,1,予選,晴,南東,2,2,5,2,5213,湯 淺 紀 香,44,56,6.78,2,0.24,,1-6-5,11370,38,1-6,2350,11,1-5-6,3160,12,1-6,1400,6,,,,,,,
20250616,多摩川,1,予選,晴,南東,2,2,6,4,4967,中 村 魁 生,70,61,6.72,4,0.22,,1-6-5,11370,38,1-6,2350,11,1-5-6,3160,12,1-6,1400,6,,,,,,,
20250616,多摩川,2,予選,晴,南,3,2,1,2,4930,佐 藤 悠,33,78,6.71,2,0.20,1.50.4,2-3-5,2730,8,2-3,570,1,2-3-5,1340,5,2-3,340,1,,,,,,,
20250616,多摩川,2,予選,晴,南,3,2,2,3,5002,上 田 健 太,25,29,6.84,3,0.24,1.52.3,2-3-5,2730,8,2-3,570,1,2-3-5,1340,5,2-3,340,1,,,,,,,
20250616,多摩川,2,予選,晴,南,3,2,3,5,5066,鈴 木 孝 明,48,75,6.88,5,0.28,1.53.7,2-3-5,2730,8,2-3,570,1,2-3-5,1340,5,2-3,340,1,,,,,,,
20250616,多摩川,2,予選,晴,南,3,2,4,6,5004,河 野 主 樹,22,82,6.81,6,0.31,1.55.0,2-3-5,2730,8,2-3,570,1,2-3-5,1340,5,2-3,340,1,,,,,,,
20250616,多摩川,2,予選,晴,南,3,2,5,1,5036,福 田 翔 吾,28,39,6.87,1,0.23,,2-3-5,2730,8,2-3,570,1,2-3-5,1340,5,2-3,340,1,,,,,,,
20250616,多摩川,2,予選,晴,南,3,2,6,4,5197,中 野 仁 照,11,57,6.86,4,0.27,,2-3-5,2730,8,2-3,570,1,2-3-5,1340,5,2-3,340,1,,,,,,,
20250616,多摩川,3,予選,晴,南西,3,2,1,1,4910,中 村 泰 平,32,27,6.78,1,0.08,1.50.2,1-5-3,2120,8,1-5,610,3,1-3-5,730,3,1-5,450,3,,,,,,,
20250616,多摩川,3,予選,晴,南西,3,2,2,5,5034,若 林 義 人,38,52,6.74,5,0.08,1.51.4,1-5-3,2120,8,1-5,610,3,1-3-5,730,3,1-5,450,3,,,,,,,
20250616,多摩川,3,予選,晴,南西,3,2,3,3,4934,佐々木 翔 斗,63,26,6.81,3,0.14,1.53.0,1-5-3,2120,8,1-5,610,3,1-3-5,730,3,1-5,450,3,,,,,,,
20250616,多摩川,3,予選,晴,南西,3,2,4,2,5088,高 憧 四 季,17,22,6.79,2,0.11,1.54.3,1-5-3,2120,8,1-5,610,3,1-3-5,730,3,1-5,450,3,,,,,,,
20250616,多摩川,3,予選,晴,南西,3,2,5,4,5132,中 野 希 一,64,80,6.89,4,0.09,,1-5-3,2120,8,1-5,610,3,1-3-5,730,3,1-5,450,3,,,,,,,
20250616,多摩川,3,予選,晴,南西,3,2,6,6,4960,黒 野 元 基,20,37,6.79,6,0.12,,1-5-3,2120,8,1-5,610,3,1-3-5,730,3,1-5,450,3,,,,,,,
20250616,多摩川,4,予選,晴,南,1,2,1,1,5220,青 木 蓮,41,32,6.75,1,0.08,1.51.2,1-4-2,1650,7,1-4,700,4,1-2-4,320,1,1-4,550,3,,,,,,,
20250616,多摩川,4,予選,晴,南,1,2,2,4,5068,前 田 滉,59,69,6.75,4,0.13,1.52.3,1-4-2,1650,7,1-4,700,4,1-2-4,320,1,1-4,550,3,,,,,,,
20250616,多摩川,4,予選,晴,南,1,2,3,2,4989,石 原 翼,14,30,6.70,2,0.09,1.53.2,1-4-2,1650,7,1-4,700,4,1-2-4,320,1,1-4,550,3,,,,,,,
20250616,多摩川,4,予選,晴,南,1,2,4,3,5087,佐 藤 航,18,33,6.77,3,0.13,1.54.4,1-4-2,1650,7,1-4,700,4,1-2-4,320,1,1-4,550,3,,,,,,,
20250616,多摩川,4,予選,晴,南,1,2,5,6,5229,吉 川 晴 人,16,25,6.80,6,0.14,,1-4-2,1650,7,1-4,700,4,1-2-4,320,1,1-4,550,3,,,,,,,
20250616,多摩川,4,予選,晴,南,1,2,6,5,4984,森 下 愛 梨,57,44,6.86,5,0.17,,1-4-2,1650,7,1-4,700,4,1-2-4,320,1,1-4,550,3,,,,,,,
20250616,多摩川,5,予選,曇り,南,2,2,1,1,5267,石 本 裕 武,39,49,6.78,1,0.13,1.50.2,1-4-2,3240,10,1-4,1480,5,1-2-4,1120,4,1-4,1180,4,,,,,,,
20250616,多摩川,5,予選,曇り,南,2,2,2,4,5279,石 渡 翔一郎,62,66,6.83,4,0.18,1.51.3,1-4-2,3240,10,1-4,1480,5,1-2-4,1120,4,1-4,1180,4,,,,,,,
20250616,多摩川,5,予選,曇り,南,2,2,3,2,5038,金 田 智 博,66,42,6.78,2,0.17,1.52.4,1-4-2,3240,10,1-4,1480,5,1-2-4,1120,4,1-4,1180,4,,,,,,,
20250616,多摩川,5,予選,曇り,南,2,2,4,5,5213,湯 淺 紀 香,44,56,6.83,5,0.13,1.53.4,1-4-2,3240,10,1-4,1480,5,1-2-4,1120,4,1-4,1180,4,,,,,,,
20250616,多摩川,5,予選,曇り,南,2,2,5,6,5042,畑 田 汰 一,45,65,6.81,6,0.12,,1-4-2,3240,10,1-4,1480,5,1-2-4,1120,4,1-4,1180,4,,,,,,,
20250616,多摩川,5,予選,曇り,南,2,2,6,3,5010,宇留田 翔 平,42,34,6.83,3,0.11,,1-4-2,3240,10,1-4,1480,5,1-2-4,1120,4,1-4,1180,4,,,,,,,
20250616,多摩川,6,予選,曇り,南,1,2,1,1,4967,中 村 魁 生,70,61,6.74,1,0.15,1.49.8,1-3-4,1340,3,1-3,340,1,1-3-4,710,3,1-3,430,3,,,,,,,
20250616,多摩川,6,予選,曇り,南,1,2,2,3,5205,刑 部 亜里紗,51,31,6.73,3,0.15,1.50.7,1-3-4,1340,3,1-3,340,1,1-3-4,710,3,1-3,430,3,,,,,,,
20250616,多摩川,6,予選,曇り,南,1,2,3,4,5226,藤 田 俊 祐,36,59,6.78,4,0.12,1.52.6,1-3-4,1340,3,1-3,340,1,1-3-4,710,3,1-3,430,3,,,,,,,
20250616,多摩川,6,予選,曇り,南,1,2,4,2,4962,畑 竜 生,53,46,6.71,2,0.25,1.53.6,1-3-4,1340,3,1-3,340,1,1-3-4,710,3,1-3,430,3,,,,,,,
20250616,多摩川,6,予選,曇り,南,1,2,5,5,5137,川 原 涼,26,21,6.78,6,0.13,,1-3-4,1340,3,1-3,340,1,1-3-4,710,3,1-3,430,3,,,,,,,
20250616,多摩川,6,予選,曇り,南,1,2,6,6,4983,前 田 篤 哉,49,58,6.76,5,0.11,,1-3-4,1340,3,1-3,340,1,1-3-4,710,3,1-3,430,3,,,,,,,
20250616,多摩川,7,予選,曇り,南,1,2,1,4,4914,吉 田 裕 平,73,73,6.73,4,0.06,1.48.3,4-3-1,19450,54,4-3,4640,15,1-3-4,1530,7,3-4,2590,9,,,,,,,
20250616,多摩川,7,予選,曇り,南,1,2,2,3,5036,福 田 翔 吾,28,39,6.80,3,0.12,1.52.2,4-3-1,19450,54,4-3,4640,15,1-3-4,1530,7,3-4,2590,9,,,,,,,
20250616,多摩川,7,予選,曇り,南,1,2,3,1,5185,加 藤 優 弥,31,68,6.83,1,0.08,1.54.3,4-3-1,19450,54,4-3,4640,15,1-3-4,1530,7,3-4,2590,9,,,,,,,
20250616,多摩川,7,予選,曇り,南,1,2,4,2,5057,上 田 紗 奈,72,76,6.74,2,0.15,1.56.2,4-3-1,19450,54,4-3,4640,15,1-3-4,1530,7,3-4,2590,9,,,,,,,
20250616,多摩川,7,予選,曇り,南,1,2,5,5,5216,長谷川 晴 哉,12,67,6.90,5,0.11,,4-3-1,19450,54,4-3,4640,15,1-3-4,1530,7,3-4,2590,9,,,,,,,
20250616,多摩川,7,予選,曇り,南,1,2,6,6,5075,中 島 秀 治,55,28,6.77,6,0.13,,4-3-1,19450,54,4-3,4640,15,1-3-4,1530,7,3-4,2590,9,,,,,,,
20250616,多摩川,8,予選,曇り,無風,0,2,1,1,5069,山 崎 小葉音,69,72,6.78,1,0.12,1.49.9,1-5-4,10550,42,1-5,930,4,1-4-5,3600,12,1-5,750,4,,,,,,,
20250616,多摩川,8,予選,曇り,無風,0,2,2,5,4939,宮之原 輝 紀,35,48,6.82,5,0.11,1.51.7,1-5-4,10550,42,1-5,930,4,1-4-5,3600,12,1-5,750,4,,,,,,,
20250616,多摩川,8,予選,曇り,無風,0,2,3,4,4984,森 下 愛 梨,57,44,6.80,4,0.10,1.52.3,1-5-4,10550,42,1-5,930,4,1-4-5,3600,12,1-5,750,4,,,,,,,
20250616,多摩川,8,予選,曇り,無風,0,2,4,6,4934,佐々木 翔 斗,63,26,6.80,6,0.17,1.52.9,1-5-4,10550,42,1-5,930,4,1-4-5,3600,12,1-5,750,4,,,,,,,
20250616,多摩川,8,予選,曇り,無風,0,2,5,2,5066,鈴 木 孝 明,48,75,6.82,2,0.19,,1-5-4,10550,42,1-5,930,4,1-4-5,3600,12,1-5,750,4,,,,,,,
20250616,多摩川,8,予選,曇り,無風,0,2,6,3,4961,西 橋 奈 未,23,36,6.80,3,0.14,,1-5-4,10550,42,1-5,930,4,1-4-5,3600,12,1-5,750,4,,,,,,,
20250616,多摩川,9,予選,曇り,南,1,2,1,1,5197,中 野 仁 照,11,57,6.80,1,0.04,1.50.7,1-4-5,620,1,1-4,320,1,1-4-5,260,1,1-4,200,1,,,,,,,
20250616,多摩川,9,予選,曇り,南,1,2,2,4,5017,澤 田 尚 也,67,85,6.71,4,0.08,1.51.9,1-4-5,620,1,1-4,320,1,1-4-5,260,1,1-4,200,1,,,,,,,
20250616,多摩川,9,予選,曇り,南,1,2,3,5,5088,高 憧 四 季,17,22,6.71,5,0.07,1.52.3,1-4-5,620,1,1-4,320,1,1-4-5,260,1,1-4,200,1,,,,,,,
20250616,多摩川,9,予選,曇り,南,1,2,4,2,5125,高 井 雄 基,71,38,6.78,2,0.05,1.54.3,1-4-5,620,1,1-4,320,1,1-4-5,260,1,1-4,200,1,,,,,,,
20250616,多摩川,9,予選,曇り,南,1,2,5,6,5174,川 井 萌,24,50,6.78,6,0.12,,1-4-5,620,1,1-4,320,1,1-4-5,260,1,1-4,200,1,,,,,,,
20250616,多摩川,9,予選,曇り,南,1,2,F,3,5005,石 田 貴 洋,30,47,6.82,3,F0.01,,1-4-5,620,1,1-4,320,1,1-4-5,260,1,1-4,200,1,,,,,,,
20250616,多摩川,10,予選,曇り,無風,0,2,1,2,5068,前 田 滉,59,69,6.79,2,0.13,1.50.7,2-3-5,21580,68,2-3,5740,19,2-3-5,2870,13,2-3,2210,9,,,,,,,
20250616,多摩川,10,予選,曇り,無風,0,2,2,3,4960,黒 野 元 基,20,37,6.83,3,0.14,1.51.5,2-3-5,21580,68,2-3,5740,19,2-3-5,2870,13,2-3,2210,9,,,,,,,
20250616,多摩川,10,予選,曇り,無風,0,2,3,5,5267,石 本 裕 武,39,49,6.79,5,0.09,1.53.5,2-3-5,21580,68,2-3,5740,19,2-3-5,2870,13,2-3,2210,9,,,,,,,
20250616,多摩川,10,予選,曇り,無風,0,2,4,1,5191,飛 田 江 己,60,77,6.78,1,0.16,1.55.2,2-3-5,21580,68,2-3,5740,19,2-3-5,2870,13,2-3,2210,9,,,,,,,
20250616,多摩川,10,予選,曇り,無風,0,2,5,4,4930,佐 藤 悠,33,78,6.71,4,0.07,,2-3-5,21580,68,2-3,5740,19,2-3-5,2870,13,2-3,2210,9,,,,,,,
20250616,多摩川,10,予選,曇り,無風,0,2,S1,6,5112,砂 長 知 輝,50,79,6.84,6,0.18,,2-3-5,21580,68,2-3,5740,19,2-3-5,2870,13,2-3,2210,9,,,,,,,
20250616,多摩川,11,予選,晴,無風,0,2,1,1,4959,井 上 忠 政,43,43,6.72,1,0.10,1.49.4,1-3-6,2390,10,1-3,250,1,1-3-6,1270,6,1-3,230,1,,,,,,,
20250616,多摩川,11,予選,晴,無風,0,2,2,3,5034,若 林 義 人,38,52,6.74,3,0.09,1.50.5,1-3-6,2390,10,1-3,250,1,1-3-6,1270,6,1-3,230,1,,,,,,,
20250616,多摩川,11,予選,晴,無風,0,2,3,6,5087,佐 藤 航,18,33,6.83,6,0.05,1.52.9,1-3-6,2390,10,1-3,250,1,1-3-6,1270,6,1-3,230,1,,,,,,,
20250616,多摩川,11,予選,晴,無風,0,2,4,2,5256,中 山 翔 太,56,71,6.74,2,0.11,1.54.2,1-3-6,2390,10,1-3,250,1,1-3-6,1270,6,1-3,230,1,,,,,,,
20250616,多摩川,11,予選,晴,無風,0,2,5,5,5042,畑 田 汰 一,45,65,6.82,5,0.02,,1-3-6,2390,10,1-3,250,1,1-3-6,1270,6,1-3,230,1,,,,,,,
20250616,多摩川,11,予選,晴,無風,0,2,6,4,5002,上 田 健 太,25,29,6.84,4,0.07,,1-3-6,2390,10,1-3,250,1,1-3-6,1270,6,1-3,230,1,,,,,,,
20250616,多摩川,12,予選,晴,東,1,1,1,1,4856,豊 田 健士郎,54,35,6.76,1,0.09,1.49.6,1-4-2,900,3,1-4,400,3,1-2-4,340,1,1-4,310,2,,,,,,,
20250616,多摩川,12,予選,晴,東,1,1,2,4,4983,前 田 篤 哉,49,58,6.81,4,0.08,1.51.4,1-4-2,900,3,1-4,400,3,1-2-4,340,1,1-4,310,2,,,,,,,
20250616,多摩川,12,予選,晴,東,1,1,3,2,5075,中 島 秀 治,55,28,6.74,2,0.10,1.52.3,1-4-2,900,3,1-4,400,3,1-2-4,340,1,1-4,310,2,,,,,,,
20250616,多摩川,12,予選,晴,東,1,1,4,6,4989,石 原 翼,14,30,6.78,6,0.08,1.54.0,1-4-2,900,3,1-4,400,3,1-2-4,340,1,1-4,310,2,,,,,,,
20250616,多摩川,12,予選,晴,東,1,1,5,5,5091,為 本 智 也,29,51,6.81,5,0.09,,1-4-2,900,3,1-4,400,3,1-2-4,340,1,1-4,310,2,,,,,,,
20250616,多摩川,12,予選,晴,東,1,1,6,3,5132,中 野 希 一,64,80,6.82,3,0.08,,1-4-2,900,3,1-4,400,3,1-2-4,340,1,1-4,310,2,,,,,,,
20250616,戸田,1,一般戦,曇り,南東,5,3,1,4,5090,生 方 靖 亜,63,74,6.76,4,0.10,1.53.1,4-1-6,6120,26,4-1,1140,5,1-4-6,2620,12,1-4,520,1,,,,,,,
20250616,戸田,1,一般戦,曇り,南東,5,3,2,1,4035,杉 江 浩 明,45,69,6.64,1,0.17,1.54.4,4-1-6,6120,26,4-1,1140,5,1-4-6,2620,12,1-4,520,1,,,,,,,
20250616,戸田,1,一般戦,曇り,南東,5,3,3,6,3973,崎 利 仁,58,66,6.83,6,0.24,1.55.7,4-1-6,6120,26,4-1,1140,5,1-4-6,2620,12,1-4,520,1,,,,,,,
20250616,戸田,1,一般戦,曇り,南東,5,3,4,3,3175,渡 辺 千 草,5,47,6.69,3,0.28,1.56.1,4-1-6,6120,26,4-1,1140,5,1-4-6,2620,12,1-4,520,1,,,,,,,
20250616,戸田,1,一般戦,曇り,南東,5,3,5,5,4180,上 野 秀 和,10,73,6.80,5,0.23,,4-1-6,6120,26,4-1,1140,5,1-4-6,2620,12,1-4,520,1,,,,,,,
20250616,戸田,1,一般戦,曇り,南東,5,3,6,2,3528,笠 野 友紀恵,24,76,6.64,2,0.31,,4-1-6,6120,26,4-1,1140,5,1-4-6,2620,12,1-4,520,1,,,,,,,
20250616,戸田,2,一般戦,曇り,南東,5,3,1,1,4674,池 田 剛 規,18,77,6.71,1,0.28,1.52.4,1-6-3,2900,10,1-6,910,3,1-3-6,610,3,1-6,980,5,,,,,,,
20250616,戸田,2,一般戦,曇り,南東,5,3,2,6,3251,平 石 和 男,61,37,6.84,6,0.25,1.53.2,1-6-3,2900,10,1-6,910,3,1-3-6,610,3,1-6,980,5,,,,,,,
20250616,戸田,2,一般戦,曇り,南東,5,3,3,3,3156,金 子 良 昭,27,46,6.64,3,0.19,1.55.1,1-6-3,2900,10,1-6,910,3,1-3-6,610,3,1-6,980,5,,,,,,,
20250616,戸田,2,一般戦,曇り,南東,5,3,4,4,3548,室 田 泰 史,28,17,6.79,4,0.21,1.56.2,1-6-3,2900,10,1-6,910,3,1-3-6,610,3,1-6,980,5,,,,,,,
20250616,戸田,2,一般戦,曇り,南東,5,3,5,2,5085,中 村 栄 治,57,21,6.70,2,0.26,,1-6-3,2900,10,1-6,910,3,1-3-6,610,3,1-6,980,5,,,,,,,
20250616,戸田,2,一般戦,曇り,南東,5,3,6,5,3207,田 村 美 和,9,30,6.75,5,0.27,,1-6-3,2900,10,1-6,910,3,1-3-6,610,3,1-6,980,5,,,,,,,
20250616,戸田,3,一般戦,曇り,南東,2,1,1,4,5183,中 野 孝 二,60,43,6.77,4,0.13,1.52.1,4-1-5,27510,93,4-1,5850,23,1-4-5,3740,18,1-4,2490,12,,,,,,,
20250616,戸田,3,一般戦,曇り,南東,2,1,2,1,5254,羽 田 妃 希,48,29,6.63,1,0.17,1.52.9,4-1-5,27510,93,4-1,5850,23,1-4-5,3740,18,1-4,2490,12,,,,,,,
20250616,戸田,3,一般戦,曇り,南東,2,1,3,5,4281,大 澤 大 夢,16,13,6.72,5,0.13,1.54.2,4-1-5,27510,93,4-1,5850,23,1-4-5,3740,18,1-4,2490,12,,,,,,,
20250616,戸田,3,一般戦,曇り,南東,2,1,4,6,3826,村 田 修 次,40,33,6.74,6,0.12,1.54.6,4-1-5,27510,93,4-1,5850,23,1-4-5,3740,18,1-4,2490,12,,,,,,,
20250616,戸田,3,一般戦,曇り,南東,2,1,5,2,4286,平 田 さやか,30,28,6.67,2,0.14,,4-1-5,27510,93,4-1,5850,23,1-4-5,3740,18,1-4,2490,12,,,,,,,
20250616,戸田,3,一般戦,曇り,南東,2,1,6,3,3475,橋 本 久 和,23,48,6.76,3,0.21,,4-1-5,27510,93,4-1,5850,23,1-4-5,3740,18,1-4,2490,12,,,,,,,
20250616,戸田,4,一般戦,曇り,南東,3,3,1,3,4588,田 中 京 介,4,64,6.76,3,0.14,1.50.8,3-6-4,2030,6,3-6,850,4,3-4-6,530,3,3-6,670,3,,,,,,,
20250616,戸田,4,一般戦,曇り,南東,3,3,2,6,4401,小 林 泰,44,36,6.92,6,0.10,1.53.0,3-6-4,2030,6,3-6,850,4,3-4-6,530,3,3-6,670,3,,,,,,,
20250616,戸田,4,一般戦,曇り,南東,3,3,3,4,4209,藤 田 竜 弘,51,44,6.86,4,0.13,1.54.5,3-6-4,2030,6,3-6,850,4,3-4-6,530,3,3-6,670,3,,,,,,,
20250616,戸田,4,一般戦,曇り,南東,3,3,4,5,5317,長 尾 萌 加,26,49,6.81,5,0.11,1.56.0,3-6-4,2030,6,3-6,850,4,3-4-6,530,3,3-6,670,3,,,,,,,
20250616,戸田,4,一般戦,曇り,南東,3,3,5,1,3812,山 崎 聖 司,59,59,6.80,1,0.16,,3-6-4,2030,6,3-6,850,4,3-4-6,530,3,3-6,670,3,,,,,,,
20250616,戸田,4,一般戦,曇り,南東,3,3,6,2,5113,黒 明 花 夢,56,70,6.75,2,0.29,,3-6-4,2030,6,3-6,850,4,3-4-6,530,3,3-6,670,3,,,,,,,
20250616,戸田,5,ウインウイン,晴,南東,3,3,1,4,4761,山 田 晃 大,22,72,6.81,4,0.13,1.51.4,4-2-5,9680,29,4-2,2220,8,2-4-5,2150,9,2-4,1300,5,,,,,,,
20250616,戸田,5,ウインウイン,晴,南東,3,3,2,2,3339,泉 具 巳,64,34,6.74,2,0.18,1.52.5,4-2-5,9680,29,4-2,2220,8,2-4-5,2150,9,2-4,1300,5,,,,,,,
20250616,戸田,5,ウインウイン,晴,南東,3,3,3,5,3692,竹 腰 正 樹,41,23,6.78,5,0.23,1.54.5,4-2-5,9680,29,4-2,2220,8,2-4-5,2150,9,2-4,1300,5,,,,,,,
20250616,戸田,5,ウインウイン,晴,南東,3,3,4,1,4702,三 浦 敬 太,8,65,6.67,1,0.21,1.55.2,4-2-5,9680,29,4-2,2220,8,2-4-5,2150,9,2-4,1300,5,,,,,,,
20250616,戸田,5,ウインウイン,晴,南東,3,3,5,6,3630,黒 田 誠 司,7,51,6.89,6,0.25,,4-2-5,9680,29,4-2,2220,8,2-4-5,2150,9,2-4,1300,5,,,,,,,
20250616,戸田,5,ウインウイン,晴,南東,3,3,6,3,5090,生 方 靖 亜,63,74,6.77,3,0.27,,4-2-5,9680,29,4-2,2220,8,2-4-5,2150,9,2-4,1300,5,,,,,,,
20250616,戸田,6,一般戦,晴,南,1,1,1,1,3548,室 田 泰 史,28,17,6.79,1,0.11,1.51.9,1-5-3,1810,6,1-5,790,3,1-3-5,350,1,1-5,480,2,,,,,,,
20250616,戸田,6,一般戦,晴,南,1,1,2,5,3327,野長瀬 正 孝,21,55,6.78,4,0.19,1.53.8,1-5-3,1810,6,1-5,790,3,1-3-5,350,1,1-5,480,2,,,,,,,
20250616,戸田,6,一般戦,晴,南,1,1,3,3,4040,廣 瀬 将 亨,36,53,6.73,3,0.13,1.55.2,1-5-3,1810,6,1-5,790,3,1-3-5,350,1,1-5,480,2,,,,,,,
20250616,戸田,6,一般戦,晴,南,1,1,4,4,4457,神 田 達 也,53,57,6.83,5,0.25,1.55.4,1-5-3,1810,6,1-5,790,3,1-3-5,350,1,1-5,480,2,,,,,,,
20250616,戸田,6,一般戦,晴,南,1,1,5,2,3659,藤 生 雄 人,37,11,6.77,2,0.16,,1-5-3,1810,6,1-5,790,3,1-3-5,350,1,1-5,480,2,,,,,,,
20250616,戸田,6,一般戦,晴,南,1,1,6,6,3357,福 島 陽 子,62,14,6.85,6,0.37,,1-5-3,1810,6,1-5,790,3,1-3-5,350,1,1-5,480,2,,,,,,,
20250616,戸田,7,ウインウイン,曇り,南,3,3,1,1,3931,黒 崎 竜 也,6,50,6.70,1,0.23,1.50.1,1-4-3,2620,10,1-4,440,2,1-3-4,1070,7,1-4,360,2,,,,,,,
20250616,戸田,7,ウインウイン,曇り,南,3,3,2,4,4417,服 部 剛,49,35,6.75,4,0.31,1.52.6,1-4-3,2620,10,1-4,440,2,1-3-4,1070,7,1-4,360,2,,,,,,,
20250616,戸田,7,ウインウイン,曇り,南,3,3,3,3,3973,崎 利 仁,58,66,6.85,3,0.27,1.54.8,1-4-3,2620,10,1-4,440,2,1-3-4,1070,7,1-4,360,2,,,,,,,
20250616,戸田,7,ウインウイン,曇り,南,3,3,4,5,5085,中 村 栄 治,57,21,6.90,5,0.32,1.55.4,1-4-3,2620,10,1-4,440,2,1-3-4,1070,7,1-4,360,2,,,,,,,
20250616,戸田,7,ウインウイン,曇り,南,3,3,5,6,3306,武 田 正 紀,15,45,6.78,6,0.28,,1-4-3,2620,10,1-4,440,2,1-3-4,1070,7,1-4,360,2,,,,,,,
20250616,戸田,7,ウインウイン,曇り,南,3,3,6,2,4180,上 野 秀 和,10,73,6.72,2,0.28,,1-4-3,2620,10,1-4,440,2,1-3-4,1070,7,1-4,360,2,,,,,,,
20250616,戸田,8,一般戦,曇り,南西,5,3,1,3,3528,笠 野 友紀恵,24,76,6.76,3,0.08,1.51.4,3-6-2,62690,107,3-6,7240,24,2-3-6,5320,17,3-6,6890,15,,,,,,,
20250616,戸田,8,一般戦,曇り,南西,5,3,2,6,5317,長 尾 萌 加,26,49,6.78,6,0.25,1.53.2,3-6-2,62690,107,3-6,7240,24,2-3-6,5320,17,3-6,6890,15,,,,,,,
20250616,戸田,8,一般戦,曇り,南西,5,3,3,2,3207,田 村 美 和,9,30,6.74,2,0.13,1.54.7,3-6-2,62690,107,3-6,7240,24,2-3-6,5320,17,3-6,6890,15,,,,,,,
20250616,戸田,8,一般戦,曇り,南西,5,3,4,5,5254,羽 田 妃 希,48,29,6.79,5,0.09,1.55.6,3-6-2,62690,107,3-6,7240,24,2-3-6,5320,17,3-6,6890,15,,,,,,,
20250616,戸田,8,一般戦,曇り,南西,5,3,5,4,4286,平 田 さやか,30,28,6.74,4,0.07,,3-6-2,62690,107,3-6,7240,24,2-3-6,5320,17,3-6,6890,15,,,,,,,
20250616,戸田,8,一般戦,曇り,南西,5,3,6,1,3175,渡 辺 千 草,5,47,6.83,1,0.23,,3-6-2,62690,107,3-6,7240,24,2-3-6,5320,17,3-6,6890,15,,,,,,,
20250616,戸田,9,戸田特選,曇り,南西,5,3,1,1,4588,田 中 京 介,4,64,6.77,1,0.15,1.51.7,1-2-3,750,3,1-2,480,2,1-2-3,200,1,1-2,410,2,,,,,,,
20250616,戸田,9,戸田特選,曇り,南西,5,3,2,2,3692,竹 腰 正 樹,41,23,6.79,2,0.18,1.53.6,1-2-3,750,3,1-2,480,2,1-2-3,200,1,1-2,410,2,,,,,,,
20250616,戸田,9,戸田特選,曇り,南西,5,3,3,3,4702,三 浦 敬 太,8,65,6.76,3,0.25,1.54.6,1-2-3,750,3,1-2,480,2,1-2-3,200,1,1-2,410,2,,,,,,,
20250616,戸田,9,戸田特選,曇り,南西,5,3,4,5,4035,杉 江 浩 明,45,69,6.83,5,0.24,1.55.8,1-2-3,750,3,1-2,480,2,1-2-3,200,1,1-2,410,2,,,,,,,
20250616,戸田,9,戸田特選,曇り,南西,5,3,5,4,3156,金 子 良 昭,27,46,6.76,4,0.26,,1-2-3,750,3,1-2,480,2,1-2-3,200,1,1-2,410,2,,,,,,,
20250616,戸田,9,戸田特選,曇り,南西,5,3,6,6,5113,黒 明 花 夢,56,70,6.80,6,0.33,,1-2-3,750,3,1-2,480,2,1-2-3,200,1,1-2,410,2,,,,,,,
20250616,戸田,10,選抜戦,晴,南西,2,2,1,3,4761,山 田 晃 大,22,72,6.76,3,0.11,1.51.0,3-6-1,10120,33,3-6,3050,12,1-3-6,1030,4,3-6,2520,10,,,,,,,
20250616,戸田,10,選抜戦,晴,南西,2,2,2,6,4674,池 田 剛 規,18,77,6.76,6,0.10,1.52.3,3-6-1,10120,33,3-6,3050,12,1-3-6,1030,4,3-6,2520,10,,,,,,,
20250616,戸田,10,選抜戦,晴,南西,2,2,3,1,3251,平 石 和 男,61,37,6.76,1,0.22,1.53.9,3-6-1,10120,33,3-6,3050,12,1-3-6,1030,4,3-6,2520,10,,,,,,,
20250616,戸田,10,選抜戦,晴,南西,2,2,4,2,4281,大 澤 大 夢,16,13,6.78,2,0.16,1.56.6,3-6-1,10120,33,3-6,3050,12,1-3-6,1030,4,3-6,2520,10,,,,,,,
20250616,戸田,10,選抜戦,晴,南西,2,2,5,5,3339,泉 具 巳,64,34,6.80,5,0.10,,3-6-1,10120,33,3-6,3050,12,1-3-6,1030,4,3-6,2520,10,,,,,,,
20250616,戸田,10,選抜戦,晴,南西,2,2,6,4,4040,廣 瀬 将 亨,36,53,6.87,4,0.22,,3-6-1,10120,33,3-6,3050,12,1-3-6,1030,4,3-6,2520,10,,,,,,,
20250616,戸田,11,選抜戦,晴,南西,1,1,1,6,3931,黒 崎 竜 也,6,50,6.79,6,0.16,1.51.0,6-1-2,19430,52,6-1,6350,21,1-2-6,840,3,1-6,1300,4,,,,,,,
20250616,戸田,11,選抜戦,晴,南西,1,1,2,1,4401,小 林 泰,44,36,6.83,1,0.14,1.52.6,6-1-2,19430,52,6-1,6350,21,1-2-6,840,3,1-6,1300,4,,,,,,,
20250616,戸田,11,選抜戦,晴,南西,1,1,3,2,3327,野長瀬 正 孝,21,55,6.78,2,0.11,1.54.3,6-1-2,19430,52,6-1,6350,21,1-2-6,840,3,1-6,1300,4,,,,,,,
20250616,戸田,11,選抜戦,晴,南西,1,1,4,3,5183,中 野 孝 二,60,43,6.82,3,0.13,1.55.4,6-1-2,19430,52,6-1,6350,21,1-2-6,840,3,1-6,1300,4,,,,,,,
20250616,戸田,11,選抜戦,晴,南西,1,1,5,4,3475,橋 本 久 和,23,48,6.82,4,0.26,,6-1-2,19430,52,6-1,6350,21,1-2-6,840,3,1-6,1300,4,,,,,,,
20250616,戸田,11,選抜戦,晴,南西,1,1,6,5,3659,藤 生 雄 人,37,11,6.86,5,0.28,,6-1-2,19430,52,6-1,6350,21,1-2-6,840,3,1-6,1300,4,,,,,,,
20250616,戸田,12,優勝戦,晴,南東,1,1,1,5,4470,平 田 健之佑,33,75,6.79,4,0.15,1.51.1,5-4-3,12610,48,5-4,4340,17,3-4-5,850,4,4-5,1510,8,,,,,,,
20250616,戸田,12,優勝戦,晴,南東,1,1,2,4,4468,大 池 佑 来,29,39,6.90,5,0.14,1.52.3,5-4-3,12610,48,5-4,4340,17,3-4-5,850,4,4-5,1510,8,,,,,,,
20250616,戸田,12,優勝戦,晴,南東,1,1,3,3,4528,黒 井 達 矢,31,40,6.74,3,0.23,1.54.5,5-4-3,12610,48,5-4,4340,17,3-4-5,850,4,4-5,1510,8,,,,,,,
20250616,戸田,12,優勝戦,晴,南東,1,1,4,6,4110,小 澤 和 也,1,31,6.80,6,0.14,1.55.9,5-4-3,12610,48,5-4,4340,17,3-4-5,850,4,4-5,1510,8,,,,,,,
20250616,戸田,12,優勝戦,晴,南東,1,1,5,2,5207,高 山 敬 悟,20,25,6.82,2,0.23,,5-4-3,12610,48,5-4,4340,17,3-4-5,850,4,4-5,1510,8,,,,,,,
20250616,戸田,12,優勝戦,晴,南東,1,1,6,1,4210,松 村 康 太,13,62,6.80,1,0.21,,5-4-3,12610,48,5-4,4340,17,3-4-5,850,4,4-5,1510,8,,,,,,,
20250616,江戸川,1,予選,曇り,南西,6,10,1,3,4010,越 智 照 浩,33,28,7.07,3,0.13,1.56.7,3-1-6,5780,21,3-1,1770,7,1-3-6,750,3,1-3,390,2,,,,,,,
20250616,江戸川,1,予選,曇り,南西,6,10,2,1,4211,村 田 敦,54,68,6.91,1,0.11,1.57.8,3-1-6,5780,21,3-1,1770,7,1-3-6,750,3,1-3,390,2,,,,,,,
20250616,江戸川,1,予選,曇り,南西,6,10,3,6,5007,近 藤 雄一郎,47,15,6.89,6,0.15,1.59.0,3-1-6,5780,21,3-1,1770,7,1-3-6,750,3,1-3,390,2,,,,,,,
20250616,江戸川,1,予選,曇り,南西,6,10,4,5,4846,佐 藤 駿 介,64,27,6.86,5,0.17,2.00.0,3-1-6,5780,21,3-1,1770,7,1-3-6,750,3,1-3,390,2,,,,,,,
20250616,江戸川,1,予選,曇り,南西,6,10,5,2,5301,岩 下 巧 斗,27,39,6.94,2,0.17,,3-1-6,5780,21,3-1,1770,7,1-3-6,750,3,1-3,390,2,,,,,,,
20250616,江戸川,1,予選,曇り,南西,6,10,6,4,5266,石 田 勇 斗,23,55,6.92,4,0.19,,3-1-6,5780,21,3-1,1770,7,1-3-6,750,3,1-3,390,2,,,,,,,
20250616,江戸川,2,予選,曇り,南,6,15,1,3,4202,浮 田 圭 浩,41,49,6.95,3,0.14,1.55.2,3-1-2,18530,48,3-1,4050,14,1-2-3,1500,6,1-3,1940,7,,,,,,,
20250616,江戸川,2,予選,曇り,南,6,15,2,1,4508,野 間 大 樹,49,63,6.77,1,0.14,1.56.4,3-1-2,18530,48,3-1,4050,14,1-2-3,1500,6,1-3,1940,7,,,,,,,
20250616,江戸川,2,予選,曇り,南,6,15,3,2,5252,荒 木 颯 斗,63,34,6.78,2,0.09,1.56.6,3-1-2,18530,48,3-1,4050,14,1-2-3,1500,6,1-3,1940,7,,,,,,,
20250616,江戸川,2,予選,曇り,南,6,15,4,5,4337,平 本 真 之,51,60,6.87,5,0.09,1.58.8,3-1-2,18530,48,3-1,4050,14,1-2-3,1500,6,1-3,1940,7,,,,,,,
20250616,江戸川,2,予選,曇り,南,6,15,5,4,5286,坂 井 滉 哉,35,20,6.90,4,0.15,,3-1-2,18530,48,3-1,4050,14,1-2-3,1500,6,1-3,1940,7,,,,,,,
20250616,江戸川,2,予選,曇り,南,6,15,6,6,5349,宮 崎 奏 磨,38,18,6.89,6,0.17,,3-1-2,18530,48,3-1,4050,14,1-2-3,1500,6,1-3,1940,7,,,,,,,
20250616,江戸川,3,予選,晴,南,6,15,1,2,4411,沢 田 昭 宏,57,35,7.08,2,0.13,2.01.6,2-6-1,17940,48,2-6,4360,14,1-2-6,2170,9,2-6,3430,10,,,,,,,
20250616,江戸川,3,予選,晴,南,6,15,2,6,3911,鈴 木 猛,20,30,7.04,6,0.09,2.04.9,2-6-1,17940,48,2-6,4360,14,1-2-6,2170,9,2-6,3430,10,,,,,,,
20250616,江戸川,3,予選,晴,南,6,15,3,1,4896,花 本 剛,56,19,7.01,1,0.13,2.07.9,2-6-1,17940,48,2-6,4360,14,1-2-6,2170,9,2-6,3430,10,,,,,,,
20250616,江戸川,3,予選,晴,南,6,15,4,3,4361,柳 生 泰 二,59,22,7.05,3,0.07,2.09.6,2-6-1,17940,48,2-6,4360,14,1-2-6,2170,9,2-6,3430,10,,,,,,,
20250616,江戸川,3,予選,晴,南,6,15,5,5,4406,幸 野 史 明,58,57,7.01,5,0.08,,2-6-1,17940,48,2-6,4360,14,1-2-6,2170,9,2-6,3430,10,,,,,,,
20250616,江戸川,3,予選,晴,南,6,15,S0,4,5354,渡 邊 雄 斗,48,64,6.88,4,0.05,,2-6-1,17940,48,2-6,4360,14,1-2-6,2170,9,2-6,3430,10,,,,,,,
20250616,江戸川,4,予選,晴,南西,7,15,1,5,4363,大 野 芳 顕,40,62,7.07,5,0.17,1.56.8,5-3-6,7620,33,5-3,1350,7,3-5-6,940,5,3-5,220,1,,,,,,,
20250616,江戸川,4,予選,晴,南西,7,15,2,3,3716,石 渡 鉄 兵,61,69,6.96,3,0.18,1.58.0,5-3-6,7620,33,5-3,1350,7,3-5-6,940,5,3-5,220,1,,,,,,,
20250616,江戸川,4,予選,晴,南西,7,15,3,6,4637,中 田 友 也,26,47,6.91,6,0.23,1.59.7,5-3-6,7620,33,5-3,1350,7,3-5-6,940,5,3-5,220,1,,,,,,,
20250616,江戸川,4,予選,晴,南西,7,15,4,1,4626,伊 藤 紘 章,71,67,7.08,1,0.21,2.00.9,5-3-6,7620,33,5-3,1350,7,3-5-6,940,5,3-5,220,1,,,,,,,
20250616,江戸川,4,予選,晴,南西,7,15,5,2,3935,岩 津 徹 郎,32,33,7.02,2,0.20,,5-3-6,7620,33,5-3,1350,7,3-5-6,940,5,3-5,220,1,,,,,,,
20250616,江戸川,4,予選,晴,南西,7,15,6,4,3715,倉 尾 大 介,70,23,7.02,4,0.19,,5-3-6,7620,33,5-3,1350,7,3-5-6,940,5,3-5,220,1,,,,,,,
20250616,江戸川,5,予選,晴,南,7,20,1,2,4598,加 藤 政 彦,50,38,7.17,2,0.04,1.18.1,2-5-3,530,1,2-5,230,1,2-3-5,200,1,2-5,180,1,,,,,,,
20250616,江戸川,5,予選,晴,南,7,20,2,5,4086,寺 本 重 宣,37,17,6.88,5,0.11,1.18.3,2-5-3,530,1,2-5,230,1,2-3-5,200,1,2-5,180,1,,,,,,,
20250616,江戸川,5,予選,晴,南,7,20,3,3,3808,秋 田 健太郎,19,24,7.05,3,0.07,1.20.1,2-5-3,530,1,2-5,230,1,2-3-5,200,1,2-5,180,1,,,,,,,
20250616,江戸川,5,予選,晴,南,7,20,4,4,5169,堀 本 翔 太,21,59,7.06,4,0.18,1.20.8,2-5-3,530,1,2-5,230,1,2-3-5,200,1,2-5,180,1,,,,,,,
20250616,江戸川,5,予選,晴,南,7,20,5,6,3855,大 熊 辰 弥,53,66,7.20,6,0.17,,2-5-3,530,1,2-5,230,1,2-3-5,200,1,2-5,180,1,,,,,,,
20250616,江戸川,5,予選,晴,南,7,20,F,1,4846,佐 藤 駿 介,64,27,7.24,1,F0.03,,2-5-3,530,1,2-5,230,1,2-3-5,200,1,2-5,180,1,,,,,,,
20250616,江戸川,6,予選,晴,南,7,20,1,1,3839,川 合 理 司,39,41,7.27,1,0.19,1.18.1,1-4-3,4500,16,1-4,1290,7,1-3-4,940,4,1-4,690,3,,,,,,,
20250616,江戸川,6,予選,晴,南,7,20,2,4,4451,松 崎 祐太郎,62,43,7.13,4,0.24,1.18.6,1-4-3,4500,16,1-4,1290,7,1-3-4,940,4,1-4,690,3,,,,,,,
20250616,江戸川,6,予選,晴,南,7,20,3,3,3581,加 木 郁,22,16,7.09,3,0.21,1.19.6,1-4-3,4500,16,1-4,1290,7,1-3-4,940,4,1-4,690,3,,,,,,,
20250616,江戸川,6,予選,晴,南,7,20,4,2,4364,池 永 太,52,50,7.14,2,0.17,1.21.4,1-4-3,4500,16,1-4,1290,7,1-3-4,940,4,1-4,690,3,,,,,,,
20250616,江戸川,6,予選,晴,南,7,20,5,5,5349,宮 崎 奏 磨,38,18,7.02,5,0.23,,1-4-3,4500,16,1-4,1290,7,1-3-4,940,4,1-4,690,3,,,,,,,
20250616,江戸川,6,予選,晴,南,7,20,6,6,5345,牧 村 俊 輝,16,53,7.35,6,0.15,,1-4-3,4500,16,1-4,1290,7,1-3-4,940,4,1-4,690,3,,,,,,,
20250616,江戸川,7,予選,晴,南,7,20,1,5,4942,柴 田 朋 哉,55,21,7.09,5,0.06,1.17.4,5-4-1,8740,33,5-4,7230,17,1-4-5,480,2,4-5,840,4,,,,,,,
20250616,江戸川,7,予選,晴,南,7,20,2,4,4337,平 本 真 之,51,60,7.03,4,0.01,1.18.2,5-4-1,8740,33,5-4,7230,17,1-4-5,480,2,4-5,840,4,,,,,,,
20250616,江戸川,7,予選,晴,南,7,20,3,1,3655,本 橋 克 洋,25,26,7.10,1,0.26,1.19.7,5-4-1,8740,33,5-4,7230,17,1-4-5,480,2,4-5,840,4,,,,,,,
20250616,江戸川,7,予選,晴,南,7,20,4,6,4010,越 智 照 浩,33,28,7.22,6,0.14,1.19.8,5-4-1,8740,33,5-4,7230,17,1-4-5,480,2,4-5,840,4,,,,,,,
20250616,江戸川,7,予選,晴,南,7,20,5,2,4406,幸 野 史 明,58,57,7.21,2,0.11,,5-4-1,8740,33,5-4,7230,17,1-4-5,480,2,4-5,840,4,,,,,,,
20250616,江戸川,7,予選,晴,南,7,20,6,3,3629,浅 見 昌 克,29,61,7.15,3,0.05,,5-4-1,8740,33,5-4,7230,17,1-4-5,480,2,4-5,840,4,,,,,,,
20250616,江戸川,8,予選,晴,南,7,20,1,4,5252,荒 木 颯 斗,63,34,6.96,4,0.11,1.16.5,4-5-1,8630,35,4-5,2880,14,1-4-5,940,5,4-5,1990,10,,,,,,,
20250616,江戸川,8,予選,晴,南,7,20,2,5,5166,仲 道 大 輔,60,40,6.92,5,0.18,1.18.3,4-5-1,8630,35,4-5,2880,14,1-4-5,940,5,4-5,1990,10,,,,,,,
20250616,江戸川,8,予選,晴,南,7,20,3,1,3951,石 川 吉 鎬,69,46,7.34,1,0.19,1.19.0,4-5-1,8630,35,4-5,2880,14,1-4-5,940,5,4-5,1990,10,,,,,,,
20250616,江戸川,8,予選,晴,南,7,20,4,3,4211,村 田 敦,54,68,7.10,3,0.22,1.20.2,4-5-1,8630,35,4-5,2880,14,1-4-5,940,5,4-5,1990,10,,,,,,,
20250616,江戸川,8,予選,晴,南,7,20,5,2,4172,森 定 晃 史,10,54,7.20,2,0.22,,4-5-1,8630,35,4-5,2880,14,1-4-5,940,5,4-5,1990,10,,,,,,,
20250616,江戸川,8,予選,晴,南,7,20,6,6,5354,渡 邊 雄 斗,48,64,7.08,6,0.19,,4-5-1,8630,35,4-5,2880,14,1-4-5,940,5,4-5,1990,10,,,,,,,
20250616,江戸川,9,予選特賞,晴,南,7,20,1,2,5007,近 藤 雄一郎,47,15,6.98,2,0.12,1.18.5,2-1-6,5210,20,2-1,1370,6,1-2-6,1280,4,1-2,380,2,,,,,,,
20250616,江戸川,9,予選特賞,晴,南,7,20,2,1,3696,白 井 友 晴,65,65,7.06,1,0.14,1.18.7,2-1-6,5210,20,2-1,1370,6,1-2-6,1280,4,1-2,380,2,,,,,,,
20250616,江戸川,9,予選特賞,晴,南,7,20,3,6,5049,松 井 友 汰,15,70,7.39,6,0.23,1.19.5,2-1-6,5210,20,2-1,1370,6,1-2-6,1280,4,1-2,380,2,,,,,,,
20250616,江戸川,9,予選特賞,晴,南,7,20,4,5,3716,石 渡 鉄 兵,61,69,7.18,5,0.11,1.19.9,2-1-6,5210,20,2-1,1370,6,1-2-6,1280,4,1-2,380,2,,,,,,,
20250616,江戸川,9,予選特賞,晴,南,7,20,5,4,3855,大 熊 辰 弥,53,66,7.05,4,0.29,,2-1-6,5210,20,2-1,1370,6,1-2-6,1280,4,1-2,380,2,,,,,,,
20250616,江戸川,9,予選特賞,晴,南,7,20,6,3,5286,坂 井 滉 哉,35,20,6.99,3,0.17,,2-1-6,5210,20,2-1,1370,6,1-2-6,1280,4,1-2,380,2,,,,,,,
20250616,江戸川,10,予選特賞,晴,南,7,20,1,2,4202,浮 田 圭 浩,41,49,7.07,2,0.11,1.17.3,2-1-4,7760,25,2-1,4340,12,1-2-4,450,2,1-2,550,2,,,,,,,
20250616,江戸川,10,予選特賞,晴,南,7,20,2,1,4361,柳 生 泰 二,59,22,7.06,1,0.05,1.18.5,2-1-4,7760,25,2-1,4340,12,1-2-4,450,2,1-2,550,2,,,,,,,
20250616,江戸川,10,予選特賞,晴,南,7,20,3,4,4086,寺 本 重 宣,37,17,7.13,4,0.10,1.18.8,2-1-4,7760,25,2-1,4340,12,1-2-4,450,2,1-2,550,2,,,,,,,
20250616,江戸川,10,予選特賞,晴,南,7,20,4,3,3839,川 合 理 司,39,41,7.39,3,0.08,1.18.9,2-1-4,7760,25,2-1,4340,12,1-2-4,450,2,1-2,550,2,,,,,,,
20250616,江戸川,10,予選特賞,晴,南,7,20,5,5,4432,黄金井 力 良,68,51,7.19,5,0.18,,2-1-4,7760,25,2-1,4340,12,1-2-4,450,2,1-2,550,2,,,,,,,
20250616,江戸川,10,予選特賞,晴,南,7,20,6,6,3935,岩 津 徹 郎,32,33,7.04,6,0.17,,2-1-4,7760,25,2-1,4340,12,1-2-4,450,2,1-2,550,2,,,,,,,
20250616,江戸川,11,予選特選,晴,南,7,20,1,1,4364,池 永 太,52,50,7.16,1,0.12,1.17.0,1-5-4,6810,28,1-5,2040,10,1-4-5,1540,7,1-5,1390,7,,,,,,,
20250616,江戸川,11,予選特選,晴,南,7,20,2,5,4508,野 間 大 樹,49,63,7.01,5,0.19,1.17.2,1-5-4,6810,28,1-5,2040,10,1-4-5,1540,7,1-5,1390,7,,,,,,,
20250616,江戸川,11,予選特選,晴,南,7,20,3,4,4942,柴 田 朋 哉,55,21,7.05,4,0.13,1.17.4,1-5-4,6810,28,1-5,2040,10,1-4-5,1540,7,1-5,1390,7,,,,,,,
20250616,江戸川,11,予選特選,晴,南,7,20,4,3,4409,坂 元 浩 仁,67,58,7.18,3,0.15,1.18.8,1-5-4,6810,28,1-5,2040,10,1-4-5,1540,7,1-5,1390,7,,,,,,,
20250616,江戸川,11,予選特選,晴,南,7,20,5,6,4363,大 野 芳 顕,40,62,7.19,6,0.14,,1-5-4,6810,28,1-5,2040,10,1-4-5,1540,7,1-5,1390,7,,,,,,,
20250616,江戸川,11,予選特選,晴,南,7,20,6,2,4896,花 本 剛,56,19,7.26,2,0.19,,1-5-4,6810,28,1-5,2040,10,1-4-5,1540,7,1-5,1390,7,,,,,,,
20250616,江戸川,12,記者選抜戦,曇り,南,6,20,1,1,3959,坪 井 康 晴,18,37,7.20,1,0.13,1.15.3,1-3-2,950,2,1-3,320,1,1-2-3,310,1,1-3,130,1,,,,,,,
20250616,江戸川,12,記者選抜戦,曇り,南,6,20,2,3,5166,仲 道 大 輔,60,40,7.01,3,0.24,1.16.8,1-3-2,950,2,1-3,320,1,1-2-3,310,1,1-3,130,1,,,,,,,
20250616,江戸川,12,記者選抜戦,曇り,南,6,20,3,2,4451,松 崎 祐太郎,62,43,7.03,2,0.17,1.17.9,1-3-2,950,2,1-3,320,1,1-2-3,310,1,1-3,130,1,,,,,,,
20250616,江戸川,12,記者選抜戦,曇り,南,6,20,4,6,3629,浅 見 昌 克,29,61,7.17,6,0.19,1.18.8,1-3-2,950,2,1-3,320,1,1-2-3,310,1,1-3,130,1,,,,,,,
20250616,江戸川,12,記者選抜戦,曇り,南,6,20,5,5,4598,加 藤 政 彦,50,38,7.15,5,0.17,,1-3-2,950,2,1-3,320,1,1-2-3,310,1,1-3,130,1,,,,,,,
20250616,江戸川,12,記者選抜戦,曇り,南,6,20,6,4,4411,沢 田 昭 宏,57,35,7.21,4,0.21,,1-3-2,950,2,1-3,320,1,1-2-3,310,1,1-3,130,1,,,,,,,
20250616,浜名湖,1,予選,晴,南,4,2,1,6,4071,古 賀 千 晶,20,44,6.70,4,0.15,1.52.9,6-1-4,14860,42,6-1,5890,17,1-4-6,580,2,1-6,1350,6,,,,,,,
20250616,浜名湖,1,予選,晴,南,4,2,2,1,4246,喜 多 那由夏,23,32,6.71,1,0.19,1.54.3,6-1-4,14860,42,6-1,5890,17,1-4-6,580,2,1-6,1350,6,,,,,,,
20250616,浜名湖,1,予選,晴,南,4,2,3,4,4994,山 本 梨 菜,50,74,6.70,2,0.24,1.54.4,6-1-4,14860,42,6-1,5890,17,1-4-6,580,2,1-6,1350,6,,,,,,,
20250616,浜名湖,1,予選,晴,南,4,2,4,3,5156,坂 野 さくら,27,23,6.64,3,0.22,1.57.2,6-1-4,14860,42,6-1,5890,17,1-4-6,580,2,1-6,1350,6,,,,,,,
20250616,浜名湖,1,予選,晴,南,4,2,5,5,5362,中 嶋 世 奈,63,63,6.69,6,0.18,,6-1-4,14860,42,6-1,5890,17,1-4-6,580,2,1-6,1350,6,,,,,,,
20250616,浜名湖,1,予選,晴,南,4,2,6,2,5171,清 水 未 唯,51,50,6.77,5,0.17,,6-1-4,14860,42,6-1,5890,17,1-4-6,580,2,1-6,1350,6,,,,,,,
20250616,浜名湖,2,予選,晴,南,4,2,1,1,4775,千 葉 真 弥,46,13,6.66,1,0.01,1.51.4,1-2-4,1580,2,1-2,880,3,1-2-4,420,1,1-2,490,3,,,,,,,
20250616,浜名湖,2,予選,晴,南,4,2,2,2,4478,櫻 本 あゆみ,53,27,6.64,2,0.05,1.52.9,1-2-4,1580,2,1-2,880,3,1-2-4,420,1,1-2,490,3,,,,,,,
20250616,浜名湖,2,予選,晴,南,4,2,3,4,5193,米 丸 乃 絵,13,31,6.66,4,0.11,1.54.7,1-2-4,1580,2,1-2,880,3,1-2-4,420,1,1-2,490,3,,,,,,,
20250616,浜名湖,2,予選,晴,南,4,2,4,3,4642,松 尾 夏 海,66,41,6.69,3,0.11,1.54.9,1-2-4,1580,2,1-2,880,3,1-2-4,420,1,1-2,490,3,,,,,,,
20250616,浜名湖,2,予選,晴,南,4,2,5,6,4843,深 尾 巴 恵,28,45,6.63,6,0.04,,1-2-4,1580,2,1-2,880,3,1-2-4,420,1,1-2,490,3,,,,,,,
20250616,浜名湖,2,予選,晴,南,4,2,6,5,5346,中 村 紋夕梨,38,34,6.69,5,0.08,,1-2-4,1580,2,1-2,880,3,1-2-4,420,1,1-2,490,3,,,,,,,
20250616,浜名湖,3,予選,晴,南,4,2,1,2,4473,藤 堂 里 香,34,76,6.64,2,0.14,1.51.5,2-3-6,7290,30,2-3,540,1,2-3-6,2610,11,2-3,210,1,,,,,,,
20250616,浜名湖,3,予選,晴,南,4,2,2,3,4611,今 井 美 亜,54,46,6.67,3,0.09,1.53.3,2-3-6,7290,30,2-3,540,1,2-3-6,2610,11,2-3,210,1,,,,,,,
20250616,浜名湖,3,予選,晴,南,4,2,3,6,3509,池 千 夏,60,62,6.68,6,0.16,1.55.4,2-3-6,7290,30,2-3,540,1,2-3-6,2610,11,2-3,210,1,,,,,,,
20250616,浜名湖,3,予選,晴,南,4,2,4,4,5140,吉 田 彩 乃,44,36,6.68,4,0.13,1.56.3,2-3-6,7290,30,2-3,540,1,2-3-6,2610,11,2-3,210,1,,,,,,,
20250616,浜名湖,3,予選,晴,南,4,2,5,5,4689,豊 田 結,31,75,6.68,5,0.09,,2-3-6,7290,30,2-3,540,1,2-3-6,2610,11,2-3,210,1,,,,,,,
20250616,浜名湖,3,予選,晴,南,4,2,6,1,3778,安 達 美 帆,17,47,6.66,1,0.28,,2-3-6,7290,30,2-3,540,1,2-3-6,2610,11,2-3,210,1,,,,,,,
20250616,浜名湖,4,ランチタイム,晴,南,4,2,1,1,4117,廣 中 智紗衣,32,54,6.69,1,0.18,1.49.9,1-2-4,1240,4,1-2,240,1,1-2-4,800,3,1-2,220,1,,,,,,,
20250616,浜名湖,4,ランチタイム,晴,南,4,2,2,2,4464,山 下 友 貴,2,73,6.64,2,0.23,1.52.1,1-2-4,1240,4,1-2,240,1,1-2-4,800,3,1-2,220,1,,,,,,,
20250616,浜名湖,4,ランチタイム,晴,南,4,2,3,4,3580,水 口 由 紀,33,15,6.75,4,0.30,1.54.5,1-2-4,1240,4,1-2,240,1,1-2-4,800,3,1-2,220,1,,,,,,,
20250616,浜名湖,4,ランチタイム,晴,南,4,2,4,6,3802,森 岡 ま き,37,25,6.76,6,0.31,1.54.9,1-2-4,1240,4,1-2,240,1,1-2-4,800,3,1-2,220,1,,,,,,,
20250616,浜名湖,4,ランチタイム,晴,南,4,2,5,3,4730,土 屋 実沙希,19,30,6.71,3,0.24,,1-2-4,1240,4,1-2,240,1,1-2-4,800,3,1-2,220,1,,,,,,,
20250616,浜名湖,4,ランチタイム,晴,南,4,2,6,5,5327,西 田 和 加,65,68,6.67,5,0.42,,1-2-4,1240,4,1-2,240,1,1-2-4,800,3,1-2,220,1,,,,,,,
20250616,浜名湖,5,予選,晴,南,4,2,1,3,4289,落 合 直 子,30,22,6.61,2,0.41,1.51.5,3-4-5,1150,4,3-4,770,4,3-4-5,550,3,3-4,540,3,,,,,,,
20250616,浜名湖,5,予選,晴,南,4,2,2,4,5003,来 田 衣 織,55,12,6.68,4,0.19,1.53.0,3-4-5,1150,4,3-4,770,4,3-4-5,550,3,3-4,540,3,,,,,,,
20250616,浜名湖,5,予選,晴,南,4,2,3,5,3999,大 瀧 明日香,14,39,6.72,5,0.18,1.54.9,3-4-5,1150,4,3-4,770,4,3-4-5,550,3,3-4,540,3,,,,,,,
20250616,浜名湖,5,予選,晴,南,4,2,4,1,3518,倉 田 郁 美,7,38,6.67,1,0.33,1.56.5,3-4-5,1150,4,3-4,770,4,3-4-5,550,3,3-4,540,3,,,,,,,
20250616,浜名湖,5,予選,晴,南,4,2,5,6,5362,中 嶋 世 奈,63,63,6.68,6,0.18,,3-4-5,1150,4,3-4,770,4,3-4-5,550,3,3-4,540,3,,,,,,,
20250616,浜名湖,5,予選,晴,南,4,2,6,2,5305,伊 藤 栞,41,48,6.69,3,0.28,,3-4-5,1150,4,3-4,770,4,3-4-5,550,3,3-4,540,3,,,,,,,
20250616,浜名湖,6,予選,晴,南,4,2,1,2,4373,若 狭 奈美子,36,52,6.61,2,0.08,1.51.6,2-1-5,900,1,2-1,430,2,1-2-5,350,1,1-2,310,1,,,,,,,
20250616,浜名湖,6,予選,晴,南,4,2,2,1,5291,三 嶌 こころ,12,64,6.71,1,0.09,1.53.2,2-1-5,900,1,2-1,430,2,1-2-5,350,1,1-2,310,1,,,,,,,
20250616,浜名湖,6,予選,晴,南,4,2,3,5,4927,関 野 文,56,49,6.71,5,0.21,1.54.4,2-1-5,900,1,2-1,430,2,1-2-5,350,1,1-2,310,1,,,,,,,
20250616,浜名湖,6,予選,晴,南,4,2,4,3,5171,清 水 未 唯,51,50,6.76,3,0.14,1.56.2,2-1-5,900,1,2-1,430,2,1-2-5,350,1,1-2,310,1,,,,,,,
20250616,浜名湖,6,予選,晴,南,4,2,5,6,5346,中 村 紋夕梨,38,34,6.65,6,0.21,,2-1-5,900,1,2-1,430,2,1-2-5,350,1,1-2,310,1,,,,,,,
20250616,浜名湖,6,予選,晴,南,4,2,6,4,5296,永 田 楽,47,43,6.69,4,0.27,,2-1-5,900,1,2-1,430,2,1-2-5,350,1,1-2,310,1,,,,,,,
20250616,浜名湖,7,予選,晴,南,4,2,1,3,4183,宇 野 弥 生,18,11,6.65,3,0.12,1.51.6,3-5-1,4900,21,3-5,1560,8,1-3-5,540,2,3-5,1530,5,,,,,,,
20250616,浜名湖,7,予選,晴,南,4,2,2,5,4372,原 田 佑 実,39,16,6.67,6,0.19,1.53.0,3-5-1,4900,21,3-5,1560,8,1-3-5,540,2,3-5,1530,5,,,,,,,
20250616,浜名湖,7,予選,晴,南,4,2,3,1,4994,山 本 梨 菜,50,74,6.66,1,0.18,1.53.8,3-5-1,4900,21,3-5,1560,8,1-3-5,540,2,3-5,1530,5,,,,,,,
20250616,浜名湖,7,予選,晴,南,4,2,4,4,4244,鈴 木 成 美,5,55,6.66,4,0.12,1.54.8,3-5-1,4900,21,3-5,1560,8,1-3-5,540,2,3-5,1530,5,,,,,,,
20250616,浜名湖,7,予選,晴,南,4,2,5,2,4689,豊 田 結,31,75,6.65,2,0.17,,3-5-1,4900,21,3-5,1560,8,1-3-5,540,2,3-5,1530,5,,,,,,,
20250616,浜名湖,7,予選,晴,南,4,2,6,6,5334,樫 葉 新 心,1,60,6.69,5,0.17,,3-5-1,4900,21,3-5,1560,8,1-3-5,540,2,3-5,1530,5,,,,,,,
20250616,浜名湖,8,ブレイクタイ,晴,南,3,2,1,1,4642,松 尾 夏 海,66,41,6.63,1,0.21,1.52.0,1-2-4,680,1,1-2,340,2,1-2-4,260,1,1-2,210,1,,,,,,,
20250616,浜名湖,8,ブレイクタイ,晴,南,3,2,2,2,5140,吉 田 彩 乃,44,36,6.60,2,0.29,1.53.2,1-2-4,680,1,1-2,340,2,1-2-4,260,1,1-2,210,1,,,,,,,
20250616,浜名湖,8,ブレイクタイ,晴,南,3,2,3,4,4891,寺 島 美 里,8,29,6.65,4,0.07,1.54.3,1-2-4,680,1,1-2,340,2,1-2-4,260,1,1-2,210,1,,,,,,,
20250616,浜名湖,8,ブレイクタイ,晴,南,3,2,4,6,5151,山 下 奈 緒,21,53,6.68,6,0.08,1.54.4,1-2-4,680,1,1-2,340,2,1-2-4,260,1,1-2,210,1,,,,,,,
20250616,浜名湖,8,ブレイクタイ,晴,南,3,2,5,3,4246,喜 多 那由夏,23,32,6.67,3,0.21,,1-2-4,680,1,1-2,340,2,1-2-4,260,1,1-2,210,1,,,,,,,
20250616,浜名湖,8,ブレイクタイ,晴,南,3,2,6,5,5360,高 木 茉 白,11,67,6.66,5,0.04,,1-2-4,680,1,1-2,340,2,1-2-4,260,1,1-2,210,1,,,,,,,
20250616,浜名湖,9,予選,晴,南西,4,2,1,1,4464,山 下 友 貴,2,73,6.62,1,0.21,1.50.9,1-3-2,850,2,1-3,400,2,1-2-3,240,1,1-3,310,2,,,,,,,
20250616,浜名湖,9,予選,晴,南西,4,2,2,3,3999,大 瀧 明日香,14,39,6.72,3,0.20,1.52.6,1-3-2,850,2,1-3,400,2,1-2-3,240,1,1-3,310,2,,,,,,,
20250616,浜名湖,9,予選,晴,南西,4,2,3,2,4843,深 尾 巴 恵,28,45,6.66,2,0.20,1.55.0,1-3-2,850,2,1-3,400,2,1-2-3,240,1,1-3,310,2,,,,,,,
20250616,浜名湖,9,予選,晴,南西,4,2,4,6,3334,角 ひとみ,6,35,6.67,6,0.21,1.55.8,1-3-2,850,2,1-3,400,2,1-2-3,240,1,1-3,310,2,,,,,,,
20250616,浜名湖,9,予選,晴,南西,4,2,5,5,4443,津 田 裕 絵,26,58,6.67,5,0.26,,1-3-2,850,2,1-3,400,2,1-2-3,240,1,1-3,310,2,,,,,,,
20250616,浜名湖,9,予選,晴,南西,4,2,6,4,3778,安 達 美 帆,17,47,6.68,4,0.24,,1-3-2,850,2,1-3,400,2,1-2-3,240,1,1-3,310,2,,,,,,,
20250616,浜名湖,10,予選特賞,晴,南西,4,2,1,1,4289,落 合 直 子,30,22,6.61,1,0.17,1.50.1,1-5-3,3560,14,1-5,820,4,1-3-5,1100,6,1-5,670,4,,,,,,,
20250616,浜名湖,10,予選特賞,晴,南西,4,2,2,5,4611,今 井 美 亜,54,46,6.76,5,0.19,1.52.8,1-5-3,3560,14,1-5,820,4,1-3-5,1100,6,1-5,670,4,,,,,,,
20250616,浜名湖,10,予選特賞,晴,南西,4,2,3,3,4775,千 葉 真 弥,46,13,6.72,3,0.14,1.53.8,1-5-3,3560,14,1-5,820,4,1-3-5,1100,6,1-5,670,4,,,,,,,
20250616,浜名湖,10,予選特賞,晴,南西,4,2,4,4,4373,若 狭 奈美子,36,52,6.68,4,0.18,1.55.4,1-5-3,3560,14,1-5,820,4,1-3-5,1100,6,1-5,670,4,,,,,,,
20250616,浜名湖,10,予選特賞,晴,南西,4,2,5,6,3580,水 口 由 紀,33,15,6.73,6,0.23,,1-5-3,3560,14,1-5,820,4,1-3-5,1100,6,1-5,670,4,,,,,,,
20250616,浜名湖,10,予選特賞,晴,南西,4,2,6,2,4071,古 賀 千 晶,20,44,6.72,2,0.34,,1-5-3,3560,14,1-5,820,4,1-3-5,1100,6,1-5,670,4,,,,,,,
20250616,浜名湖,11,予選特選,晴,南西,5,3,1,3,4117,廣 中 智紗衣,32,54,6.64,3,0.14,1.50.7,3-6-4,8030,29,3-6,1250,4,3-4-6,1820,6,3-6,940,4,,,,,,,
20250616,浜名湖,11,予選特選,晴,南西,5,3,2,6,4478,櫻 本 あゆみ,53,27,6.67,6,0.26,1.53.2,3-6-4,8030,29,3-6,1250,4,3-4-6,1820,6,3-6,940,4,,,,,,,
20250616,浜名湖,11,予選特選,晴,南西,5,3,3,4,3932,池 田 浩 美,15,65,6.72,4,0.22,1.55.8,3-6-4,8030,29,3-6,1250,4,3-4-6,1820,6,3-6,940,4,,,,,,,
20250616,浜名湖,11,予選特選,晴,南西,5,3,4,1,3474,松 瀬 弘 美,16,28,6.68,1,0.12,1.56.4,3-6-4,8030,29,3-6,1250,4,3-4-6,1820,6,3-6,940,4,,,,,,,
20250616,浜名湖,11,予選特選,晴,南西,5,3,5,5,5291,三 嶌 こころ,12,64,6.69,5,0.14,,3-6-4,8030,29,3-6,1250,4,3-4-6,1820,6,3-6,940,4,,,,,,,
20250616,浜名湖,11,予選特選,晴,南西,5,3,6,2,5003,来 田 衣 織,55,12,6.63,2,0.13,,3-6-4,8030,29,3-6,1250,4,3-4-6,1820,6,3-6,940,4,,,,,,,
20250616,浜名湖,12,予選特選,晴,南西,5,3,1,1,4183,宇 野 弥 生,18,11,6.65,1,0.16,1.51.4,1-4-5,3430,13,1-4,650,3,1-4-5,1630,9,1-4,590,3,,,,,,,
20250616,浜名湖,12,予選特選,晴,南西,5,3,2,4,4927,関 野 文,56,49,6.69,4,0.19,1.52.8,1-4-5,3430,13,1-4,650,3,1-4-5,1630,9,1-4,590,3,,,,,,,
20250616,浜名湖,12,予選特選,晴,南西,5,3,3,5,4730,土 屋 実沙希,19,30,6.65,5,0.19,1.53.8,1-4-5,3430,13,1-4,650,3,1-4-5,1630,9,1-4,590,3,,,,,,,
20250616,浜名湖,12,予選特選,晴,南西,5,3,4,3,5193,米 丸 乃 絵,13,31,6.65,3,0.25,1.55.0,1-4-5,3430,13,1-4,650,3,1-4-5,1630,9,1-4,590,3,,,,,,,
20250616,浜名湖,12,予選特選,晴,南西,5,3,5,2,4891,寺 島 美 里,8,29,6.65,2,0.31,,1-4-5,3430,13,1-4,650,3,1-4-5,1630,9,1-4,590,3,,,,,,,
20250616,浜名湖,12,予選特選,晴,南西,5,3,6,6,4473,藤 堂 里 香,34,76,6.65,6,0.26,,1-4-5,3430,13,1-4,650,3,1-4-5,1630,9,1-4,590,3,,,,,,,
20250616,芦屋,1,予選,晴,南西,4,4,1,1,5058,前 原 大 道,55,133,6.95,1,0.11,1.48.9,1-5-2,1720,5,1-5,530,2,1-2-5,610,3,1-5,420,2,,,,,,,
20250616,芦屋,1,予選,晴,南西,4,4,2,5,5015,高 橋 竜 矢,7,140,6.97,5,0.13,1.50.4,1-5-2,1720,5,1-5,530,2,1-2-5,610,3,1-5,420,2,,,,,,,
20250616,芦屋,1,予選,晴,南西,4,4,3,2,5092,篠 原 晟 弥,58,167,6.94,2,0.17,1.52.8,1-5-2,1720,5,1-5,530,2,1-2-5,610,3,1-5,420,2,,,,,,,
20250616,芦屋,1,予選,晴,南西,4,4,4,6,5109,川 崎 智 稔,23,166,6.91,6,0.14,1.54.3,1-5-2,1720,5,1-5,530,2,1-2-5,610,3,1-5,420,2,,,,,,,
20250616,芦屋,1,予選,晴,南西,4,4,5,3,4938,小 芦 るり華,48,132,6.91,3,0.21,,1-5-2,1720,5,1-5,530,2,1-2-5,610,3,1-5,420,2,,,,,,,
20250616,芦屋,1,予選,晴,南西,4,4,6,4,5083,柳 瀬 幹 太,46,155,6.85,4,0.17,,1-5-2,1720,5,1-5,530,2,1-2-5,610,3,1-5,420,2,,,,,,,
20250616,芦屋,2,予選,晴,南西,4,4,1,1,5129,山 口 真喜子,2,147,6.95,1,0.15,1.50.7,1-3-2,4340,20,1-3,790,3,1-2-3,1520,6,1-3,510,2,,,,,,,
20250616,芦屋,2,予選,晴,南西,4,4,2,3,5027,重 冨 勇 哉,44,145,6.91,3,0.22,1.51.9,1-3-2,4340,20,1-3,790,3,1-2-3,1520,6,1-3,510,2,,,,,,,
20250616,芦屋,2,予選,晴,南西,4,4,3,2,5181,森 智 哉,56,169,6.97,2,0.19,1.53.0,1-3-2,4340,20,1-3,790,3,1-2-3,1520,6,1-3,510,2,,,,,,,
20250616,芦屋,2,予選,晴,南西,4,4,4,4,5224,西 岡 顕 心,28,131,6.91,4,0.33,1.54.0,1-3-2,4340,20,1-3,790,3,1-2-3,1520,6,1-3,510,2,,,,,,,
20250616,芦屋,2,予選,晴,南西,4,4,5,5,5032,谷 口 知 優,20,126,6.99,5,0.25,,1-3-2,4340,20,1-3,790,3,1-2-3,1520,6,1-3,510,2,,,,,,,
20250616,芦屋,2,予選,晴,南西,4,4,6,6,5161,登 玉 隼 百,41,148,6.94,6,0.16,,1-3-2,4340,20,1-3,790,3,1-2-3,1520,6,1-3,510,2,,,,,,,
20250616,芦屋,3,予選,晴,南西,4,4,1,1,4966,田 川 大 貴,42,152,6.95,1,0.15,1.51.6,1-4-2,2290,7,1-4,430,2,1-2-4,1200,6,1-4,410,2,,,,,,,
20250616,芦屋,3,予選,晴,南西,4,4,2,4,4963,實 森 美 祐,22,165,6.99,4,0.30,1.52.7,1-4-2,2290,7,1-4,430,2,1-2-4,1200,6,1-4,410,2,,,,,,,
20250616,芦屋,3,予選,晴,南西,4,4,3,2,5105,富 田 恕 生,29,127,7.04,2,0.16,1.53.8,1-4-2,2290,7,1-4,430,2,1-2-4,1200,6,1-4,410,2,,,,,,,
20250616,芦屋,3,予選,晴,南西,4,4,4,5,5134,大 原 祥 昌,54,116,6.93,5,0.11,1.54.3,1-4-2,2290,7,1-4,430,2,1-2-4,1200,6,1-4,410,2,,,,,,,
20250616,芦屋,3,予選,晴,南西,4,4,5,6,5014,梶 山 涼 斗,18,129,6.89,6,0.14,,1-4-2,2290,7,1-4,430,2,1-2-4,1200,6,1-4,410,2,,,,,,,
20250616,芦屋,3,予選,晴,南西,4,4,6,3,4857,加 藤 翔 馬,43,118,7.07,3,0.23,,1-4-2,2290,7,1-4,430,2,1-2-4,1200,6,1-4,410,2,,,,,,,
20250616,芦屋,4,予選,晴,南西,4,4,1,3,5142,常 住 蓮,24,141,6.93,3,0.07,1.50.4,3-1-2,2270,7,3-1,500,3,1-2-3,380,1,1-3,160,1,,,,,,,
20250616,芦屋,4,予選,晴,南西,4,4,2,1,5111,三 村 岳 人,26,123,6.89,1,0.11,1.51.4,3-1-2,2270,7,3-1,500,3,1-2-3,380,1,1-3,160,1,,,,,,,
20250616,芦屋,4,予選,晴,南西,4,4,3,2,5009,大 賀 龍之介,57,114,6.99,2,0.04,1.53.7,3-1-2,2270,7,3-1,500,3,1-2-3,380,1,1-3,160,1,,,,,,,
20250616,芦屋,4,予選,晴,南西,4,4,4,5,5145,島 川 海 輝,5,115,6.93,4,0.21,1.54.5,3-1-2,2270,7,3-1,500,3,1-2-3,380,1,1-3,160,1,,,,,,,
20250616,芦屋,4,予選,晴,南西,4,4,5,6,4981,牧 山 敦 也,6,125,6.98,5,0.16,,3-1-2,2270,7,3-1,500,3,1-2-3,380,1,1-3,160,1,,,,,,,
20250616,芦屋,4,予選,晴,南西,4,4,6,4,5241,門 田 栞,25,150,6.91,6,0.28,,3-1-2,2270,7,3-1,500,3,1-2-3,380,1,1-3,160,1,,,,,,,
20250616,芦屋,5,予選,晴,南西,5,5,1,5,5158,宮 脇 遼 太,9,139,6.89,5,0.19,1.50.8,5-6-4,7530,35,5-6,4350,20,4-5-6,680,3,5-6,2390,12,,,,,,,
20250616,芦屋,5,予選,晴,南西,5,5,2,6,4931,木 谷 賢 太,60,112,7.00,6,0.25,1.51.8,5-6-4,7530,35,5-6,4350,20,4-5-6,680,3,5-6,2390,12,,,,,,,
20250616,芦屋,5,予選,晴,南西,5,5,3,4,5015,高 橋 竜 矢,7,140,6.93,4,0.10,1.52.5,5-6-4,7530,35,5-6,4350,20,4-5-6,680,3,5-6,2390,12,,,,,,,
20250616,芦屋,5,予選,晴,南西,5,5,4,1,5222,津 田 陸 翔,45,124,6.91,1,0.15,1.54.9,5-6-4,7530,35,5-6,4350,20,4-5-6,680,3,5-6,2390,12,,,,,,,
20250616,芦屋,5,予選,晴,南西,5,5,5,2,5126,山 下 大 輝,30,119,6.88,2,0.16,,5-6-4,7530,35,5-6,4350,20,4-5-6,680,3,5-6,2390,12,,,,,,,
20250616,芦屋,5,予選,晴,南西,5,5,6,3,5188,武 井 莉里佳,11,146,6.87,3,0.17,,5-6-4,7530,35,5-6,4350,20,4-5-6,680,3,5-6,2390,12,,,,,,,
20250616,芦屋,6,予選,晴,南西,6,6,1,1,5092,篠 原 晟 弥,58,167,7.05,1,0.03,1.49.3,1-2-3,1550,1,1-2,630,2,1-2-3,470,1,1-2,280,1,,,,,,,
20250616,芦屋,6,予選,晴,南西,6,6,2,2,5257,西 丸 侑太朗,16,137,6.97,2,0.06,1.51.3,1-2-3,1550,1,1-2,630,2,1-2-3,470,1,1-2,280,1,,,,,,,
20250616,芦屋,6,予選,晴,南西,6,6,3,3,5029,中 亮 太,59,153,6.97,3,0.06,1.53.2,1-2-3,1550,1,1-2,630,2,1-2-3,470,1,1-2,280,1,,,,,,,
20250616,芦屋,6,予選,晴,南西,6,6,4,4,4985,井 本 昌 也,49,130,7.07,4,0.03,1.54.1,1-2-3,1550,1,1-2,630,2,1-2-3,470,1,1-2,280,1,,,,,,,
20250616,芦屋,6,予選,晴,南西,6,6,5,6,5163,清 水 愛 海,17,164,6.99,6,0.03,,1-2-3,1550,1,1-2,630,2,1-2-3,470,1,1-2,280,1,,,,,,,
20250616,芦屋,6,予選,晴,南西,6,6,6,5,5206,梅 原 祥 平,13,136,6.99,5,0.01,,1-2-3,1550,1,1-2,630,2,1-2-3,470,1,1-2,280,1,,,,,,,
20250616,芦屋,7,予選,晴,南西,6,6,1,1,5276,大 島 隆乃介,52,170,7.01,1,0.16,1.51.1,1-4-5,3640,12,1-4,1430,7,1-4-5,790,2,1-4,940,4,,,,,,,
20250616,芦屋,7,予選,晴,南西,6,6,2,4,4857,加 藤 翔 馬,43,118,7.05,4,0.31,1.51.6,1-4-5,3640,12,1-4,1430,7,1-4-5,790,2,1-4,940,4,,,,,,,
20250616,芦屋,7,予選,晴,南西,6,6,3,5,5043,中 村 日 向,1,156,6.91,5,0.25,1.54.7,1-4-5,3640,12,1-4,1430,7,1-4-5,790,2,1-4,940,4,,,,,,,
20250616,芦屋,7,予選,晴,南西,6,6,4,3,5093,浦 野 海,4,134,7.05,3,0.17,1.55.0,1-4-5,3640,12,1-4,1430,7,1-4-5,790,2,1-4,940,4,,,,,,,
20250616,芦屋,7,予選,晴,南西,6,6,5,2,4884,勝 浦 真 帆,8,111,7.00,2,0.12,,1-4-5,3640,12,1-4,1430,7,1-4-5,790,2,1-4,940,4,,,,,,,
20250616,芦屋,7,予選,晴,南西,6,6,6,6,5181,森 智 哉,56,169,7.06,6,0.36,,1-4-5,3640,12,1-4,1430,7,1-4-5,790,2,1-4,940,4,,,,,,,
20250616,芦屋,8,予選,晴,南西,6,6,1,2,5145,島 川 海 輝,5,115,6.95,3,0.24,1.51.2,2-5-6,13920,48,2-5,3900,12,2-5-6,2530,14,2-5,1710,9,,,,,,,
20250616,芦屋,8,予選,晴,南西,6,6,2,5,5104,山 田 丈,38,162,6.88,5,0.18,1.52.4,2-5-6,13920,48,2-5,3900,12,2-5-6,2530,14,2-5,1710,9,,,,,,,
20250616,芦屋,8,予選,晴,南西,6,6,3,6,4963,實 森 美 祐,22,165,6.98,6,0.17,1.53.3,2-5-6,13920,48,2-5,3900,12,2-5-6,2530,14,2-5,1710,9,,,,,,,
20250616,芦屋,8,予選,晴,南西,6,6,4,4,4991,宗 行 治 哉,31,143,7.03,4,0.26,1.55.3,2-5-6,13920,48,2-5,3900,12,2-5-6,2530,14,2-5,1710,9,,,,,,,
20250616,芦屋,8,予選,晴,南西,6,6,5,3,5172,田 村 慶,19,160,6.95,2,0.31,,2-5-6,13920,48,2-5,3900,12,2-5-6,2530,14,2-5,1710,9,,,,,,,
20250616,芦屋,8,予選,晴,南西,6,6,6,1,5053,山 口 広 樹,53,138,6.94,1,0.31,,2-5-6,13920,48,2-5,3900,12,2-5-6,2530,14,2-5,1710,9,,,,,,,
20250616,芦屋,9,予選,晴,南西,6,6,1,3,5126,山 下 大 輝,30,119,6.91,3,0.13,1.50.5,3-2-4,8850,29,3-2,1860,6,2-3-4,2120,7,2-3,770,3,,,,,,,
20250616,芦屋,9,予選,晴,南西,6,6,2,2,5224,西 岡 顕 心,28,131,6.97,2,0.11,1.51.4,3-2-4,8850,29,3-2,1860,6,2-3-4,2120,7,2-3,770,3,,,,,,,
20250616,芦屋,9,予選,晴,南西,6,6,3,4,5189,藤 原 早 菜,50,159,7.01,4,0.23,1.52.6,3-2-4,8850,29,3-2,1860,6,2-3-4,2120,7,2-3,770,3,,,,,,,
20250616,芦屋,9,予選,晴,南西,6,6,4,5,5055,眞 鳥 章 太,33,154,6.97,5,0.22,1.53.8,3-2-4,8850,29,3-2,1860,6,2-3-4,2120,7,2-3,770,3,,,,,,,
20250616,芦屋,9,予選,晴,南西,6,6,5,1,5012,加 倉 侑 征,37,135,7.01,1,0.11,,3-2-4,8850,29,3-2,1860,6,2-3-4,2120,7,2-3,770,3,,,,,,,
20250616,芦屋,9,予選,晴,南西,6,6,6,6,5009,大 賀 龍之介,57,114,7.01,6,0.24,,3-2-4,8850,29,3-2,1860,6,2-3-4,2120,7,2-3,770,3,,,,,,,
20250616,芦屋,10,予選,晴,南西,7,7,1,1,5018,竹 下 大 樹,36,121,6.85,1,0.10,1.52.4,1-4-2,3420,16,1-4,530,3,1-2-4,970,5,1-4,570,4,,,,,,,
20250616,芦屋,10,予選,晴,南西,7,7,2,4,5163,清 水 愛 海,17,164,6.91,4,0.18,1.54.3,1-4-2,3420,16,1-4,530,3,1-2-4,970,5,1-4,570,4,,,,,,,
20250616,芦屋,10,予選,晴,南西,7,7,3,2,5109,川 崎 智 稔,23,166,6.92,2,0.07,1.55.1,1-4-2,3420,16,1-4,530,3,1-2-4,970,5,1-4,570,4,,,,,,,
20250616,芦屋,10,予選,晴,南西,7,7,4,6,5142,常 住 蓮,24,141,6.94,6,0.15,1.55.8,1-4-2,3420,16,1-4,530,3,1-2-4,970,5,1-4,570,4,,,,,,,
20250616,芦屋,10,予選,晴,南西,7,7,5,5,5136,濱 野 斗 馬,32,144,6.87,5,0.15,,1-4-2,3420,16,1-4,530,3,1-2-4,970,5,1-4,570,4,,,,,,,
20250616,芦屋,10,予選,晴,南西,7,7,6,3,5060,数 原 魁,15,163,6.89,3,0.11,,1-4-2,3420,16,1-4,530,3,1-2-4,970,5,1-4,570,4,,,,,,,
20250616,芦屋,11,予選,雨,南西,7,7,1,1,4985,井 本 昌 也,49,130,7.14,1,0.05,1.51.0,1-2-4,1070,3,1-2,390,2,1-2-4,580,3,1-2,390,2,,,,,,,
20250616,芦屋,11,予選,雨,南西,7,7,2,2,5134,大 原 祥 昌,54,116,7.06,2,0.09,1.52.5,1-2-4,1070,3,1-2,390,2,1-2-4,580,3,1-2,390,2,,,,,,,
20250616,芦屋,11,予選,雨,南西,7,7,3,4,5016,宮 田 龍 馬,39,122,7.08,4,0.17,1.53.9,1-2-4,1070,3,1-2,390,2,1-2-4,580,3,1-2,390,2,,,,,,,
20250616,芦屋,11,予選,雨,南西,7,7,4,3,4931,木 谷 賢 太,60,112,7.14,3,0.09,1.54.3,1-2-4,1070,3,1-2,390,2,1-2-4,580,3,1-2,390,2,,,,,,,
20250616,芦屋,11,予選,雨,南西,7,7,5,5,5027,重 冨 勇 哉,44,145,7.19,5,0.25,,1-2-4,1070,3,1-2,390,2,1-2-4,580,3,1-2,390,2,,,,,,,
20250616,芦屋,11,予選,雨,南西,7,7,6,6,4884,勝 浦 真 帆,8,111,7.16,6,0.21,,1-2-4,1070,3,1-2,390,2,1-2-4,580,3,1-2,390,2,,,,,,,
20250616,芦屋,12,予選,雨,西,4,4,1,1,5043,中 村 日 向,1,156,7.05,1,0.17,1.49.2,1-3-2,2260,9,1-3,770,3,1-2-3,650,2,1-3,860,3,,,,,,,
20250616,芦屋,12,予選,雨,西,4,4,2,3,4981,牧 山 敦 也,6,125,7.29,3,0.21,1.51.0,1-3-2,2260,9,1-3,770,3,1-2-3,650,2,1-3,860,3,,,,,,,
20250616,芦屋,12,予選,雨,西,4,4,3,2,5158,宮 脇 遼 太,9,139,7.04,2,0.19,1.51.8,1-3-2,2260,9,1-3,770,3,1-2-3,650,2,1-3,860,3,,,,,,,
20250616,芦屋,12,予選,雨,西,4,4,4,6,5029,中 亮 太,59,153,7.19,5,0.16,1.54.1,1-3-2,2260,9,1-3,770,3,1-2-3,650,2,1-3,860,3,,,,,,,
20250616,芦屋,12,予選,雨,西,4,4,5,5,5161,登 玉 隼 百,41,148,7.15,6,0.13,,1-3-2,2260,9,1-3,770,3,1-2-3,650,2,1-3,860,3,,,,,,,
20250616,芦屋,12,予選,雨,西,4,4,6,4,4980,佐々木 完 太,34,149,7.19,4,0.13,,1-3-2,2260,9,1-3,770,3,1-2-3,650,2,1-3,860,3,,,,,,,
20250616,若松,1,一般戦,雨,南西,3,3,1,2,5268,山 本 幸 也,51,37,6.93,2,0.21,1.52.9,2-1-4,4110,13,2-1,1720,5,1-2-4,440,1,1-2,550,2,,,,,,,
20250616,若松,1,一般戦,雨,南西,3,3,2,1,3722,西 村 秀 樹,49,59,6.91,1,0.16,1.54.0,2-1-4,4110,13,2-1,1720,5,1-2-4,440,1,1-2,550,2,,,,,,,
20250616,若松,1,一般戦,雨,南西,3,3,3,4,3361,岡 部 浩,38,20,6.93,4,0.11,1.55.3,2-1-4,4110,13,2-1,1720,5,1-2-4,440,1,1-2,550,2,,,,,,,
20250616,若松,1,一般戦,雨,南西,3,3,4,6,3535,渡 修 平,61,58,6.85,6,0.11,1.57.2,2-1-4,4110,13,2-1,1720,5,1-2-4,440,1,1-2,550,2,,,,,,,
20250616,若松,1,一般戦,雨,南西,3,3,5,3,5235,岩 田 凌,54,40,6.95,3,0.13,,2-1-4,4110,13,2-1,1720,5,1-2-4,440,1,1-2,550,2,,,,,,,
20250616,若松,1,一般戦,雨,南西,3,3,6,5,5242,高 山 弘 斗,8,71,7.00,5,0.16,,2-1-4,4110,13,2-1,1720,5,1-2-4,440,1,1-2,550,2,,,,,,,
20250616,若松,2,一般戦,曇り,南西,3,3,1,3,4624,高 田 明,15,41,6.93,3,0.16,1.52.6,3-5-2,7070,32,3-5,2270,12,2-3-5,1180,5,3-5,2330,8,,,,,,,
20250616,若松,2,一般戦,曇り,南西,3,3,2,5,3293,宮 内 由紀英,41,62,6.96,5,0.14,1.53.2,3-5-2,7070,32,3-5,2270,12,2-3-5,1180,5,3-5,2330,8,,,,,,,
20250616,若松,2,一般戦,曇り,南西,3,3,3,2,5199,垂 水 悠,27,57,6.91,2,0.14,1.55.2,3-5-2,7070,32,3-5,2270,12,2-3-5,1180,5,3-5,2330,8,,,,,,,
20250616,若松,2,一般戦,曇り,南西,3,3,4,6,4229,市 川 美 宏,5,65,6.97,6,0.18,1.55.9,3-5-2,7070,32,3-5,2270,12,2-3-5,1180,5,3-5,2330,8,,,,,,,
20250616,若松,2,一般戦,曇り,南西,3,3,5,4,4039,村 上 功 祐,42,28,6.96,4,0.13,,3-5-2,7070,32,3-5,2270,12,2-3-5,1180,5,3-5,2330,8,,,,,,,
20250616,若松,2,一般戦,曇り,南西,3,3,6,1,4747,山 戸 信 二,17,61,6.92,1,0.19,,3-5-2,7070,32,3-5,2270,12,2-3-5,1180,5,3-5,2330,8,,,,,,,
20250616,若松,3,一般戦,雨,西,6,6,1,3,4051,清 水 敦 揮,3,47,7.01,3,0.22,1.53.2,3-1-6,1750,4,3-1,790,3,1-3-6,420,2,1-3,320,1,,,,,,,
20250616,若松,3,一般戦,雨,西,6,6,2,1,4112,大久保 信一郎,62,19,6.97,1,0.27,1.54.7,3-1-6,1750,4,3-1,790,3,1-3-6,420,2,1-3,320,1,,,,,,,
20250616,若松,3,一般戦,雨,西,6,6,3,6,4036,金 田 諭,16,26,6.92,5,0.26,1.56.5,3-1-6,1750,4,3-1,790,3,1-3-6,420,2,1-3,320,1,,,,,,,
20250616,若松,3,一般戦,雨,西,6,6,4,5,4076,杉 田 篤 光,33,42,6.95,6,0.32,1.56.9,3-1-6,1750,4,3-1,790,3,1-3-6,420,2,1-3,320,1,,,,,,,
20250616,若松,3,一般戦,雨,西,6,6,5,2,4195,前 川 守 嗣,2,22,6.93,2,0.22,,3-1-6,1750,4,3-1,790,3,1-3-6,420,2,1-3,320,1,,,,,,,
20250616,若松,3,一般戦,雨,西,6,6,6,4,3731,高 濱 芳 久,20,56,6.97,4,0.33,,3-1-6,1750,4,3-1,790,3,1-3-6,420,2,1-3,320,1,,,,,,,
20250616,若松,4,一般戦,曇り,西,4,4,1,2,3294,野 中 義 生,7,18,6.93,2,0.23,1.52.5,2-6-5,5160,20,2-6,2230,13,2-5-6,1000,5,2-6,1410,9,,,,,,,
20250616,若松,4,一般戦,曇り,西,4,4,2,6,4148,枝 尾 賢,37,75,6.83,6,0.28,1.54.1,2-6-5,5160,20,2-6,2230,13,2-5-6,1000,5,2-6,1410,9,,,,,,,
20250616,若松,4,一般戦,曇り,西,4,4,3,5,4384,鶴 本 崇 文,59,72,6.90,5,0.29,1.54.9,2-6-5,5160,20,2-6,2230,13,2-5-6,1000,5,2-6,1410,9,,,,,,,
20250616,若松,4,一般戦,曇り,西,4,4,4,1,3820,樫 葉 次 郎,44,30,6.90,1,0.25,1.55.7,2-6-5,5160,20,2-6,2230,13,2-5-6,1000,5,2-6,1410,9,,,,,,,
20250616,若松,4,一般戦,曇り,西,4,4,5,3,4200,早 川 尚 人,45,60,6.93,3,0.22,,2-6-5,5160,20,2-6,2230,13,2-5-6,1000,5,2-6,1410,9,,,,,,,
20250616,若松,4,一般戦,曇り,西,4,4,6,4,3212,亀 本 勇 樹,52,24,7.00,4,0.24,,2-6-5,5160,20,2-6,2230,13,2-5-6,1000,5,2-6,1410,9,,,,,,,
20250616,若松,5,進入固定戦隊 進入固定,曇り,西,4,4,1,6,4568,廣 瀬 真 也,30,39,6.80,6,0.17,1.52.7,6-1-2,19040,46,6-1,4870,12,1-2-6,1100,5,1-6,1310,4,,,,,,,
20250616,若松,5,進入固定戦隊 進入固定,曇り,西,4,4,2,1,4413,水 摩 敦,13,50,6.92,1,0.25,1.54.5,6-1-2,19040,46,6-1,4870,12,1-2-6,1100,5,1-6,1310,4,,,,,,,
20250616,若松,5,進入固定戦隊 進入固定,曇り,西,4,4,3,2,3502,渡 邉 英 児,4,64,6.93,2,0.25,1.55.9,6-1-2,19040,46,6-1,4870,12,1-2-6,1100,5,1-6,1310,4,,,,,,,
20250616,若松,5,進入固定戦隊 進入固定,曇り,西,4,4,4,4,4295,小 坂 尚 哉,18,49,6.85,4,0.26,1.56.4,6-1-2,19040,46,6-1,4870,12,1-2-6,1100,5,1-6,1310,4,,,,,,,
20250616,若松,5,進入固定戦隊 進入固定,曇り,西,4,4,5,3,4380,鈴 木 峻 佑,46,17,6.86,3,0.22,,6-1-2,19040,46,6-1,4870,12,1-2-6,1100,5,1-6,1310,4,,,,,,,
20250616,若松,5,進入固定戦隊 進入固定,曇り,西,4,4,6,5,4158,木 場 雄二郎,22,55,6.95,5,0.25,,6-1-2,19040,46,6-1,4870,12,1-2-6,1100,5,1-6,1310,4,,,,,,,
20250616,若松,6,一般戦,晴,南西,3,3,1,1,3907,村 越 篤,47,73,6.90,1,0.19,1.53.0,1-6-5,2130,7,1-6,640,4,1-5-6,520,2,1-6,770,3,,,,,,,
20250616,若松,6,一般戦,晴,南西,3,3,2,6,3873,別 府 昌 樹,19,31,6.98,6,0.28,1.53.8,1-6-5,2130,7,1-6,640,4,1-5-6,520,2,1-6,770,3,,,,,,,
20250616,若松,6,一般戦,晴,南西,3,3,3,5,3777,樋 口 亮,21,21,6.95,5,0.17,1.55.3,1-6-5,2130,7,1-6,640,4,1-5-6,520,2,1-6,770,3,,,,,,,
20250616,若松,6,一般戦,晴,南西,3,3,4,4,4747,山 戸 信 二,17,61,6.96,4,0.14,1.55.8,1-6-5,2130,7,1-6,640,4,1-5-6,520,2,1-6,770,3,,,,,,,
20250616,若松,6,一般戦,晴,南西,3,3,5,3,3722,西 村 秀 樹,49,59,6.90,3,0.18,,1-6-5,2130,7,1-6,640,4,1-5-6,520,2,1-6,770,3,,,,,,,
20250616,若松,6,一般戦,晴,南西,3,3,6,2,4449,中 嶋 達 也,60,27,6.97,2,0.18,,1-6-5,2130,7,1-6,640,4,1-5-6,520,2,1-6,770,3,,,,,,,
20250616,若松,7,一般戦,晴,西,3,3,1,6,4063,市 橋 卓 士,9,29,6.90,5,0.14,1.52.2,6-4-5,6530,25,6-4,1890,9,4-5-6,1370,7,4-6,940,4,,,,,,,
20250616,若松,7,一般戦,晴,西,3,3,2,4,5199,垂 水 悠,27,57,6.90,4,0.15,1.53.2,6-4-5,6530,25,6-4,1890,9,4-5-6,1370,7,4-6,940,4,,,,,,,
20250616,若松,7,一般戦,晴,西,3,3,3,5,4452,松 尾 祭,57,23,6.87,6,0.14,1.55.0,6-4-5,6530,25,6-4,1890,9,4-5-6,1370,7,4-6,940,4,,,,,,,
20250616,若松,7,一般戦,晴,西,3,3,4,1,4430,永 田 秀 二,36,32,6.88,1,0.25,1.56.3,6-4-5,6530,25,6-4,1890,9,4-5-6,1370,7,4-6,940,4,,,,,,,
20250616,若松,7,一般戦,晴,西,3,3,5,2,4866,橋 本 英 一,26,74,6.91,2,0.23,,6-4-5,6530,25,6-4,1890,9,4-5-6,1370,7,4-6,940,4,,,,,,,
20250616,若松,7,一般戦,晴,西,3,3,6,3,5242,高 山 弘 斗,8,71,7.00,3,0.29,,6-4-5,6530,25,6-4,1890,9,4-5-6,1370,7,4-6,940,4,,,,,,,
20250616,若松,8,エイトビート,晴,西,4,4,1,4,3294,野 中 義 生,7,18,6.92,4,0.19,1.51.8,4-1-2,8790,18,4-1,3520,8,1-2-4,310,2,1-4,660,3,,,,,,,
20250616,若松,8,エイトビート,晴,西,4,4,2,1,4239,竹 田 辰 也,1,16,6.90,1,0.12,1.53.5,4-1-2,8790,18,4-1,3520,8,1-2-4,310,2,1-4,660,3,,,,,,,
20250616,若松,8,エイトビート,晴,西,4,4,3,2,3256,三 角 哲 男,23,25,6.93,2,0.11,1.54.7,4-1-2,8790,18,4-1,3520,8,1-2-4,310,2,1-4,660,3,,,,,,,
20250616,若松,8,エイトビート,晴,西,4,4,4,3,3293,宮 内 由紀英,41,62,6.87,3,0.12,1.55.6,4-1-2,8790,18,4-1,3520,8,1-2-4,310,2,1-4,660,3,,,,,,,
20250616,若松,8,エイトビート,晴,西,4,4,5,6,3411,池 上 隆 行,31,52,6.90,5,0.19,,4-1-2,8790,18,4-1,3520,8,1-2-4,310,2,1-4,660,3,,,,,,,
20250616,若松,8,エイトビート,晴,西,4,4,6,5,5235,岩 田 凌,54,40,6.95,6,0.29,,4-1-2,8790,18,4-1,3520,8,1-2-4,310,2,1-4,660,3,,,,,,,
20250616,若松,9,準優勝戦,晴,西,5,5,1,1,4568,廣 瀬 真 也,30,39,6.77,1,0.19,1.52.1,1-2-3,820,2,1-2,400,1,1-2-3,370,2,1-2,230,1,,,,,,,
20250616,若松,9,準優勝戦,晴,西,5,5,2,2,4036,金 田 諭,16,26,6.87,2,0.24,1.53.3,1-2-3,820,2,1-2,400,1,1-2-3,370,2,1-2,230,1,,,,,,,
20250616,若松,9,準優勝戦,晴,西,5,5,3,3,4384,鶴 本 崇 文,59,72,6.92,3,0.22,1.54.5,1-2-3,820,2,1-2,400,1,1-2-3,370,2,1-2,230,1,,,,,,,
20250616,若松,9,準優勝戦,晴,西,5,5,4,4,4413,水 摩 敦,13,50,6.89,4,0.34,1.55.1,1-2-3,820,2,1-2,400,1,1-2-3,370,2,1-2,230,1,,,,,,,
20250616,若松,9,準優勝戦,晴,西,5,5,5,6,4051,清 水 敦 揮,3,47,6.94,6,0.25,,1-2-3,820,2,1-2,400,1,1-2-3,370,2,1-2,230,1,,,,,,,
20250616,若松,9,準優勝戦,晴,西,5,5,6,5,4200,早 川 尚 人,45,60,6.96,5,0.27,,1-2-3,820,2,1-2,400,1,1-2-3,370,2,1-2,230,1,,,,,,,
20250616,若松,10,準優勝戦,晴,西,5,5,1,4,4624,高 田 明,15,41,6.89,4,0.11,1.51.4,4-1-3,9950,28,4-1,2060,8,1-3-4,560,2,1-4,520,3,,,,,,,
20250616,若松,10,準優勝戦,晴,西,5,5,2,1,4148,枝 尾 賢,37,75,6.90,1,0.16,1.53.5,4-1-3,9950,28,4-1,2060,8,1-3-4,560,2,1-4,520,3,,,,,,,
20250616,若松,10,準優勝戦,晴,西,5,5,3,3,3502,渡 邉 英 児,4,64,6.95,3,0.08,1.55.1,4-1-3,9950,28,4-1,2060,8,1-3-4,560,2,1-4,520,3,,,,,,,
20250616,若松,10,準優勝戦,晴,西,5,5,4,6,3907,村 越 篤,47,73,6.88,6,0.13,1.56.4,4-1-3,9950,28,4-1,2060,8,1-3-4,560,2,1-4,520,3,,,,,,,
20250616,若松,10,準優勝戦,晴,西,5,5,5,2,3873,別 府 昌 樹,19,31,6.96,2,0.29,,4-1-3,9950,28,4-1,2060,8,1-3-4,560,2,1-4,520,3,,,,,,,
20250616,若松,10,準優勝戦,晴,西,5,5,6,5,4380,鈴 木 峻 佑,46,17,6.86,5,0.12,,4-1-3,9950,28,4-1,2060,8,1-3-4,560,2,1-4,520,3,,,,,,,
20250616,若松,11,準優勝戦,晴,西,3,3,1,1,4063,市 橋 卓 士,9,29,6.90,1,0.19,1.51.9,1-3-5,660,1,1-3,270,1,1-3-5,330,1,1-3,160,1,,,,,,,
20250616,若松,11,準優勝戦,晴,西,3,3,2,3,4295,小 坂 尚 哉,18,49,6.89,3,0.23,1.52.8,1-3-5,660,1,1-3,270,1,1-3-5,330,1,1-3,160,1,,,,,,,
20250616,若松,11,準優勝戦,晴,西,3,3,3,5,4239,竹 田 辰 也,1,16,6.91,5,0.21,1.53.7,1-3-5,660,1,1-3,270,1,1-3-5,330,1,1-3,160,1,,,,,,,
20250616,若松,11,準優勝戦,晴,西,3,3,4,2,4076,杉 田 篤 光,33,42,6.95,2,0.26,1.55.7,1-3-5,660,1,1-3,270,1,1-3-5,330,1,1-3,160,1,,,,,,,
20250616,若松,11,準優勝戦,晴,西,3,3,5,6,4430,永 田 秀 二,36,32,6.94,6,0.19,,1-3-5,660,1,1-3,270,1,1-3-5,330,1,1-3,160,1,,,,,,,
20250616,若松,11,準優勝戦,晴,西,3,3,6,4,4112,大久保 信一郎,62,19,7.01,4,0.22,,1-3-5,660,1,1-3,270,1,1-3-5,330,1,1-3,160,1,,,,,,,
20250616,若松,12,一般戦,晴,北西,1,1,1,1,3777,樋 口 亮,21,21,6.92,1,0.24,1.52.7,1-6-2,3620,15,1-6,1620,6,1-2-6,700,3,1-6,1090,5,,,,,,,
20250616,若松,12,一般戦,晴,北西,1,1,2,6,4452,松 尾 祭,57,23,6.81,6,0.27,1.53.5,1-6-2,3620,15,1-6,1620,6,1-2-6,700,3,1-6,1090,5,,,,,,,
20250616,若松,12,一般戦,晴,北西,1,1,3,2,4039,村 上 功 祐,42,28,6.98,2,0.24,1.55.1,1-6-2,3620,15,1-6,1620,6,1-2-6,700,3,1-6,1090,5,,,,,,,
20250616,若松,12,一般戦,晴,北西,1,1,4,5,3256,三 角 哲 男,23,25,6.96,5,0.22,1.55.5,1-6-2,3620,15,1-6,1620,6,1-2-6,700,3,1-6,1090,5,,,,,,,
20250616,若松,12,一般戦,晴,北西,1,1,5,3,3411,池 上 隆 行,31,52,7.00,3,0.24,,1-6-2,3620,15,1-6,1620,6,1-2-6,700,3,1-6,1090,5,,,,,,,
20250616,若松,12,一般戦,晴,北西,1,1,6,4,4195,前 川 守 嗣,2,22,6.96,4,0.26,,1-6-2,3620,15,1-6,1620,6,1-2-6,700,3,1-6,1090,5,,,,,,,
20250616,蒲郡,1,一般戦,晴,南西,3,1,1,2,3461,渡 邊 哲 也,56,35,6.76,2,0.19,1.51.7,2-1-4,8660,33,2-1,2740,10,1-2-4,550,1,1-2,550,2,,,,,,,
20250616,蒲郡,1,一般戦,晴,南西,3,1,2,1,4167,片 岡 秀 樹,55,66,6.71,1,0.16,1.53.1,2-1-4,8660,33,2-1,2740,10,1-2-4,550,1,1-2,550,2,,,,,,,
20250616,蒲郡,1,一般戦,晴,南西,3,1,3,4,4944,田 代 達 也,50,33,6.73,4,0.14,1.54.1,2-1-4,8660,33,2-1,2740,10,1-2-4,550,1,1-2,550,2,,,,,,,
20250616,蒲郡,1,一般戦,晴,南西,3,1,4,5,4636,赤 池 修 平,34,22,6.66,5,0.09,1.55.9,2-1-4,8660,33,2-1,2740,10,1-2-4,550,1,1-2,550,2,,,,,,,
20250616,蒲郡,1,一般戦,晴,南西,3,1,5,6,4724,吉 田 祐 貴,74,15,6.78,6,0.12,,2-1-4,8660,33,2-1,2740,10,1-2-4,550,1,1-2,550,2,,,,,,,
20250616,蒲郡,1,一般戦,晴,南西,3,1,6,3,5359,佐 藤 世 那,45,55,6.69,3,0.17,,2-1-4,8660,33,2-1,2740,10,1-2-4,550,1,1-2,550,2,,,,,,,
20250616,蒲郡,2,一般戦,晴,南西,1,1,1,1,3892,草 場 康 幸,19,54,6.66,1,0.09,1.50.4,1-3-4,810,1,1-3,220,1,1-3-4,350,1,1-3,290,1,,,,,,,
20250616,蒲郡,2,一般戦,晴,南西,1,1,2,3,5096,上 原 崚,18,76,6.73,3,0.08,1.51.0,1-3-4,810,1,1-3,220,1,1-3-4,350,1,1-3,290,1,,,,,,,
20250616,蒲郡,2,一般戦,晴,南西,1,1,3,4,4906,鈴 木 雅 希,14,30,6.72,4,0.06,1.52.3,1-3-4,810,1,1-3,220,1,1-3-4,350,1,1-3,290,1,,,,,,,
20250616,蒲郡,2,一般戦,晴,南西,1,1,4,2,4116,川 田 正 人,59,64,6.70,2,0.10,1.54.0,1-3-4,810,1,1-3,220,1,1-3-4,350,1,1-3,290,1,,,,,,,
20250616,蒲郡,2,一般戦,晴,南西,1,1,5,5,3664,鈴 木 賢 一,69,34,6.76,5,0.14,,1-3-4,810,1,1-3,220,1,1-3-4,350,1,1-3,290,1,,,,,,,
20250616,蒲郡,2,一般戦,晴,南西,1,1,6,6,3647,伊 藤 雄 二,26,37,6.76,6,0.19,,1-3-4,810,1,1-3,220,1,1-3-4,350,1,1-3,290,1,,,,,,,
20250616,蒲郡,3,一般戦,晴,北,1,1,1,1,5239,上 野 俊 樹,48,12,6.73,1,0.19,1.50.6,1-3-2,1060,3,1-3,400,2,1-2-3,500,3,1-3,290,2,,,,,,,
20250616,蒲郡,3,一般戦,晴,北,1,1,2,3,3730,塩 崎 優 司,63,16,6.83,3,0.21,1.52.4,1-3-2,1060,3,1-3,400,2,1-2-3,500,3,1-3,290,2,,,,,,,
20250616,蒲郡,3,一般戦,晴,北,1,1,3,2,5127,沼 田 大 都,47,60,6.75,2,0.23,1.53.3,1-3-2,1060,3,1-3,400,2,1-2-3,500,3,1-3,290,2,,,,,,,
20250616,蒲郡,3,一般戦,晴,北,1,1,4,5,4193,郷 原 章 平,61,61,6.81,5,0.23,1.54.0,1-3-2,1060,3,1-3,400,2,1-2-3,500,3,1-3,290,2,,,,,,,
20250616,蒲郡,3,一般戦,晴,北,1,1,5,4,3392,小 森 信 雄,71,11,6.77,4,0.25,,1-3-2,1060,3,1-3,400,2,1-2-3,500,3,1-3,290,2,,,,,,,
20250616,蒲郡,3,一般戦,晴,北,1,1,6,6,5411,木 下 虎之輔,49,32,6.77,6,0.21,,1-3-2,1060,3,1-3,400,2,1-2-3,500,3,1-3,290,2,,,,,,,
20250616,蒲郡,4,一般戦,晴,南西,4,2,1,1,5249,三 木 晴 斗,16,63,6.70,1,0.16,1.51.1,1-4-3,1080,2,1-4,410,2,1-3-4,400,1,1-4,330,1,,,,,,,
20250616,蒲郡,4,一般戦,晴,南西,4,2,2,4,3684,清 水 攻 二,25,27,6.78,4,0.23,1.52.7,1-4-3,1080,2,1-4,410,2,1-3-4,400,1,1-4,330,1,,,,,,,
20250616,蒲郡,4,一般戦,晴,南西,4,2,3,3,5245,倉 富 大 誠,43,67,6.76,3,0.22,1.53.5,1-4-3,1080,2,1-4,410,2,1-3-4,400,1,1-4,330,1,,,,,,,
20250616,蒲郡,4,一般戦,晴,南西,4,2,4,5,3796,長 野 道 臣,15,62,6.77,5,0.31,1.55.3,1-4-3,1080,2,1-4,410,2,1-3-4,400,1,1-4,330,1,,,,,,,
20250616,蒲郡,4,一般戦,晴,南西,4,2,5,2,4196,田 中 太一郎,27,52,6.81,2,0.22,,1-4-3,1080,2,1-4,410,2,1-3-4,400,1,1-4,330,1,,,,,,,
20250616,蒲郡,4,一般戦,晴,南西,4,2,6,6,4103,山 崎 善 庸,37,28,6.93,6,0.36,,1-4-3,1080,2,1-4,410,2,1-3-4,400,1,1-4,330,1,,,,,,,
20250616,蒲郡,5,一般戦,晴,南西,2,1,1,1,3284,渡 邊 伸太郎,11,65,6.66,1,0.15,1.59.1,1-6-4,1930,8,1-6,910,5,1-4-6,600,3,1-6,740,5,,,,,,,
20250616,蒲郡,5,一般戦,晴,南西,2,1,2,6,3161,古 場 輝 義,24,23,6.75,3,0.12,2.02.1,1-6-4,1930,8,1-6,910,5,1-4-6,600,3,1-6,740,5,,,,,,,
20250616,蒲郡,5,一般戦,晴,南西,2,1,3,4,4711,前 出 達 吉,32,72,6.66,5,0.15,2.03.4,1-6-4,1930,8,1-6,910,5,1-4-6,600,3,1-6,740,5,,,,,,,
20250616,蒲郡,5,一般戦,晴,南西,2,1,4,3,3842,星 野 太 郎,57,40,6.72,4,0.16,2.06.4,1-6-4,1930,8,1-6,910,5,1-4-6,600,3,1-6,740,5,,,,,,,
20250616,蒲郡,5,一般戦,晴,南西,2,1,5,2,5285,若 林 麗,13,71,6.75,2,0.15,,1-6-4,1930,8,1-6,910,5,1-4-6,600,3,1-6,740,5,,,,,,,
20250616,蒲郡,5,一般戦,晴,南西,2,1,S1,5,3461,渡 邊 哲 也,56,35,6.80,6,0.18,,1-6-4,1930,8,1-6,910,5,1-4-6,600,3,1-6,740,5,,,,,,,
20250616,蒲郡,6,一般戦,晴,南東,1,1,1,2,3664,鈴 木 賢 一,69,34,6.77,2,0.12,1.50.9,2-4-3,22360,41,2-4,2910,10,2-3-4,4740,11,2-4,1880,6,,,,,,,
20250616,蒲郡,6,一般戦,晴,南東,1,1,2,4,4442,松 竹 大 輔,77,29,6.74,4,0.11,1.52.1,2-4-3,22360,41,2-4,2910,10,2-3-4,4740,11,2-4,1880,6,,,,,,,
20250616,蒲郡,6,一般戦,晴,南東,1,1,3,3,3878,胡 本 悟 志,76,51,6.78,3,0.08,1.53.1,2-4-3,22360,41,2-4,2910,10,2-3-4,4740,11,2-4,1880,6,,,,,,,
20250616,蒲郡,6,一般戦,晴,南東,1,1,4,1,4475,末 永 祐 輝,70,39,6.76,1,0.09,1.54.2,2-4-3,22360,41,2-4,2910,10,2-3-4,4740,11,2-4,1880,6,,,,,,,
20250616,蒲郡,6,一般戦,晴,南東,1,1,5,5,3714,梶 原 正,36,13,6.80,5,0.11,,2-4-3,22360,41,2-4,2910,10,2-3-4,4740,11,2-4,1880,6,,,,,,,
20250616,蒲郡,6,一般戦,晴,南東,1,1,6,6,5359,佐 藤 世 那,45,55,6.70,6,0.10,,2-4-3,22360,41,2-4,2910,10,2-3-4,4740,11,2-4,1880,6,,,,,,,
20250616,蒲郡,7,一般戦 進入固定,晴,南,2,1,1,4,4415,下 出 卓 矢,35,20,6.63,4,0.13,1.51.5,4-1-5,1240,3,4-1,430,1,1-4-5,400,2,1-4,250,1,,,,,,,
20250616,蒲郡,7,一般戦 進入固定,晴,南,2,1,2,1,3988,古 川 誠 之,40,26,6.72,1,0.17,1.52.3,4-1-5,1240,3,4-1,430,1,1-4-5,400,2,1-4,250,1,,,,,,,
20250616,蒲郡,7,一般戦 進入固定,晴,南,2,1,3,5,5127,沼 田 大 都,47,60,6.63,5,0.17,1.54.1,4-1-5,1240,3,4-1,430,1,1-4-5,400,2,1-4,250,1,,,,,,,
20250616,蒲郡,7,一般戦 進入固定,晴,南,2,1,4,2,3392,小 森 信 雄,71,11,6.78,2,0.30,1.55.7,4-1-5,1240,3,4-1,430,1,1-4-5,400,2,1-4,250,1,,,,,,,
20250616,蒲郡,7,一般戦 進入固定,晴,南,2,1,5,6,5096,上 原 崚,18,76,6.78,6,0.12,,4-1-5,1240,3,4-1,430,1,1-4-5,400,2,1-4,250,1,,,,,,,
20250616,蒲郡,7,一般戦 進入固定,晴,南,2,1,6,3,4636,赤 池 修 平,34,22,6.63,3,0.25,,4-1-5,1240,3,4-1,430,1,1-4-5,400,2,1-4,250,1,,,,,,,
20250616,蒲郡,8,一般戦,晴,東,3,1,1,1,4653,小 野 達 哉,62,31,6.70,1,0.17,1.51.0,1-5-4,1970,10,1-5,670,4,1-4-5,570,4,1-5,600,4,,,,,,,
20250616,蒲郡,8,一般戦,晴,東,3,1,2,5,4196,田 中 太一郎,27,52,6.80,5,0.12,1.53.5,1-5-4,1970,10,1-5,670,4,1-4-5,570,4,1-5,600,4,,,,,,,
20250616,蒲郡,8,一般戦,晴,東,3,1,3,4,4116,川 田 正 人,59,64,6.78,4,0.15,1.55.2,1-5-4,1970,10,1-5,670,4,1-4-5,570,4,1-5,600,4,,,,,,,
20250616,蒲郡,8,一般戦,晴,東,3,1,4,3,4632,長 尾 京志郎,21,24,6.81,3,0.17,1.55.5,1-5-4,1970,10,1-5,670,4,1-4-5,570,4,1-5,600,4,,,,,,,
20250616,蒲郡,8,一般戦,晴,東,3,1,5,2,4724,吉 田 祐 貴,74,15,6.80,2,0.15,,1-5-4,1970,10,1-5,670,4,1-4-5,570,4,1-5,600,4,,,,,,,
20250616,蒲郡,8,一般戦,晴,東,3,1,6,6,5411,木 下 虎之輔,49,32,6.80,6,0.11,,1-5-4,1970,10,1-5,670,4,1-4-5,570,4,1-5,600,4,,,,,,,
20250616,蒲郡,9,一般特選,晴,東,2,1,1,2,4906,鈴 木 雅 希,14,30,6.74,2,0.14,1.50.2,2-1-3,1500,4,2-1,670,3,1-2-3,280,1,1-2,270,2,,,,,,,
20250616,蒲郡,9,一般特選,晴,東,2,1,2,1,3796,長 野 道 臣,15,62,6.76,1,0.17,1.51.9,2-1-3,1500,4,2-1,670,3,1-2-3,280,1,1-2,270,2,,,,,,,
20250616,蒲郡,9,一般特選,晴,東,2,1,3,3,4193,郷 原 章 平,61,61,6.76,3,0.14,1.53.0,2-1-3,1500,4,2-1,670,3,1-2-3,280,1,1-2,270,2,,,,,,,
20250616,蒲郡,9,一般特選,晴,東,2,1,4,5,4711,前 出 達 吉,32,72,6.71,5,0.15,1.54.6,2-1-3,1500,4,2-1,670,3,1-2-3,280,1,1-2,270,2,,,,,,,
20250616,蒲郡,9,一般特選,晴,東,2,1,5,4,5245,倉 富 大 誠,43,67,6.76,4,0.15,,2-1-3,1500,4,2-1,670,3,1-2-3,280,1,1-2,270,2,,,,,,,
20250616,蒲郡,9,一般特選,晴,東,2,1,6,6,4944,田 代 達 也,50,33,6.79,6,0.16,,2-1-3,1500,4,2-1,670,3,1-2-3,280,1,1-2,270,2,,,,,,,
20250616,蒲郡,10,選抜戦,晴,東,2,1,1,1,3684,清 水 攻 二,25,27,6.78,1,0.05,1.50.4,1-4-3,2030,8,1-4,700,3,1-3-4,800,5,1-4,610,3,,,,,,,
20250616,蒲郡,10,選抜戦,晴,東,2,1,2,4,3284,渡 邊 伸太郎,11,65,6.94,3,0.11,1.51.8,1-4-3,2030,8,1-4,700,3,1-3-4,800,5,1-4,610,3,,,,,,,
20250616,蒲郡,10,選抜戦,晴,東,2,1,3,3,4475,末 永 祐 輝,70,39,6.95,4,0.10,1.53.3,1-4-3,2030,8,1-4,700,3,1-3-4,800,5,1-4,610,3,,,,,,,
20250616,蒲郡,10,選抜戦,晴,東,2,1,4,2,4442,松 竹 大 輔,77,29,6.84,2,0.08,1.55.2,1-4-3,2030,8,1-4,700,3,1-3-4,800,5,1-4,610,3,,,,,,,
20250616,蒲郡,10,選抜戦,晴,東,2,1,5,6,3730,塩 崎 優 司,63,16,6.93,6,0.15,,1-4-3,2030,8,1-4,700,3,1-3-4,800,5,1-4,610,3,,,,,,,
20250616,蒲郡,10,選抜戦,晴,東,2,1,6,5,3892,草 場 康 幸,19,54,6.83,5,0.12,,1-4-3,2030,8,1-4,700,3,1-3-4,800,5,1-4,610,3,,,,,,,
20250616,蒲郡,11,選抜戦,晴,南東,3,1,1,1,4415,下 出 卓 矢,35,20,6.81,1,0.13,1.51.4,1-2-3,1070,4,1-2,290,1,1-2-3,580,3,1-2,330,2,,,,,,,
20250616,蒲郡,11,選抜戦,晴,南東,3,1,2,2,3988,古 川 誠 之,40,26,6.85,2,0.19,1.51.9,1-2-3,1070,4,1-2,290,1,1-2-3,580,3,1-2,330,2,,,,,,,
20250616,蒲郡,11,選抜戦,晴,南東,3,1,3,3,5239,上 野 俊 樹,48,12,6.86,3,0.12,1.52.8,1-2-3,1070,4,1-2,290,1,1-2-3,580,3,1-2,330,2,,,,,,,
20250616,蒲郡,11,選抜戦,晴,南東,3,1,4,6,3842,星 野 太 郎,57,40,6.90,5,0.17,1.54.6,1-2-3,1070,4,1-2,290,1,1-2-3,580,3,1-2,330,2,,,,,,,
20250616,蒲郡,11,選抜戦,晴,南東,3,1,5,5,5249,三 木 晴 斗,16,63,6.85,6,0.18,,1-2-3,1070,4,1-2,290,1,1-2-3,580,3,1-2,330,2,,,,,,,
20250616,蒲郡,11,選抜戦,晴,南東,3,1,6,4,4653,小 野 達 哉,62,31,6.81,4,0.15,,1-2-3,1070,4,1-2,290,1,1-2-3,580,3,1-2,330,2,,,,,,,
20250616,蒲郡,12,優勝戦,晴,南東,3,1,1,1,4074,柳 沢 一,75,36,6.85,1,0.09,1.50.7,1-3-4,880,3,1-3,270,2,1-3-4,450,2,1-3,350,2,,,,,,,
20250616,蒲郡,12,優勝戦,晴,南東,3,1,2,3,3946,赤 岩 善 生,20,74,6.82,2,0.15,1.51.1,1-3-4,880,3,1-3,270,2,1-3-4,450,2,1-3,350,2,,,,,,,
20250616,蒲郡,12,優勝戦,晴,南東,3,1,3,4,3811,石 田 章 央,39,75,6.86,4,0.20,1.52.7,1-3-4,880,3,1-3,270,2,1-3-4,450,2,1-3,350,2,,,,,,,
20250616,蒲郡,12,優勝戦,晴,南東,3,1,4,2,4704,河 野 大,54,21,6.87,3,0.14,1.53.7,1-3-4,880,3,1-3,270,2,1-3-4,450,2,1-3,350,2,,,,,,,
20250616,蒲郡,12,優勝戦,晴,南東,3,1,5,6,4134,杉 山 貴 博,60,70,6.89,6,0.28,,1-3-4,880,3,1-3,270,2,1-3-4,450,2,1-3,350,2,,,,,,,
20250616,蒲郡,12,優勝戦,晴,南東,3,1,6,5,3627,井 上 恵 一,64,69,6.80,5,0.21,,1-3-4,880,3,1-3,270,2,1-3-4,450,2,1-3,350,2,,,,,,,
20250616,鳴門,1,とるならなる,曇り,南東,3,3,1,1,4543,重 木 輝 彦,18,17,6.74,1,0.12,1.49.3,1-2-3,940,5,1-2,370,3,1-2-3,200,1,1-2,350,3,,,,,,,
20250616,鳴門,1,とるならなる,曇り,南東,3,3,2,2,3313,本 吉 正 樹,83,84,6.87,2,0.13,1.51.4,1-2-3,940,5,1-2,370,3,1-2-3,200,1,1-2,350,3,,,,,,,
20250616,鳴門,1,とるならなる,曇り,南東,3,3,3,3,4917,岩 橋 裕 馬,69,19,6.90,3,0.16,1.53.2,1-2-3,940,5,1-2,370,3,1-2-3,200,1,1-2,350,3,,,,,,,
20250616,鳴門,1,とるならなる,曇り,南東,3,3,4,5,5404,内 田 壮,10,21,6.91,6,0.21,1.55.2,1-2-3,940,5,1-2,370,3,1-2-3,200,1,1-2,350,3,,,,,,,
20250616,鳴門,1,とるならなる,曇り,南東,3,3,5,4,3226,浦 田 信 義,36,66,6.82,4,0.15,,1-2-3,940,5,1-2,370,3,1-2-3,200,1,1-2,350,3,,,,,,,
20250616,鳴門,1,とるならなる,曇り,南東,3,3,6,6,3761,山 本 光 雄,84,24,6.89,5,0.18,,1-2-3,940,5,1-2,370,3,1-2-3,200,1,1-2,350,3,,,,,,,
20250616,鳴門,2,どーなるなる,晴,南東,2,2,1,1,3372,加 藤 雅 之,16,52,6.78,1,0.18,1.50.8,1-2-5,10900,39,1-2,1660,8,1-2-5,2280,8,1-2,910,4,,,,,,,
20250616,鳴門,2,どーなるなる,晴,南東,2,2,2,2,4619,伏 田 裕 隆,29,80,6.81,2,0.16,1.52.2,1-2-5,10900,39,1-2,1660,8,1-2-5,2280,8,1-2,910,4,,,,,,,
20250616,鳴門,2,どーなるなる,晴,南東,2,2,3,5,4638,小 林 遼 太,80,75,6.78,5,0.32,1.53.9,1-2-5,10900,39,1-2,1660,8,1-2-5,2280,8,1-2,910,4,,,,,,,
20250616,鳴門,2,どーなるなる,晴,南東,2,2,4,3,4757,山 田 祐 也,70,64,6.92,3,0.16,1.54.0,1-2-5,10900,39,1-2,1660,8,1-2-5,2280,8,1-2,910,4,,,,,,,
20250616,鳴門,2,どーなるなる,晴,南東,2,2,5,4,3772,一 柳 和 孝,27,56,6.84,4,0.20,,1-2-5,10900,39,1-2,1660,8,1-2-5,2280,8,1-2,910,4,,,,,,,
20250616,鳴門,2,どーなるなる,晴,南東,2,2,6,6,5401,谷 海夏人,73,53,6.80,6,0.36,,1-2-5,10900,39,1-2,1660,8,1-2-5,2280,8,1-2,910,4,,,,,,,
20250616,鳴門,3,どきどきなる,晴,南東,3,3,1,1,3532,柴 田 光,77,60,6.84,1,0.14,1.48.6,1-5-6,6870,19,1-5,2140,5,1-5-6,2800,9,1-5,3150,8,,,,,,,
20250616,鳴門,3,どきどきなる,晴,南東,3,3,2,5,4232,笠 雅 雄,74,23,6.85,5,0.18,1.51.6,1-5-6,6870,19,1-5,2140,5,1-5-6,2800,9,1-5,3150,8,,,,,,,
20250616,鳴門,3,どきどきなる,晴,南東,3,3,3,6,4118,宇佐見 淳,66,61,6.77,6,0.18,1.52.9,1-5-6,6870,19,1-5,2140,5,1-5-6,2800,9,1-5,3150,8,,,,,,,
20250616,鳴門,3,どきどきなる,晴,南東,3,3,4,2,4676,後 藤 隼 之,22,31,6.80,2,0.19,1.53.4,1-5-6,6870,19,1-5,2140,5,1-5-6,2800,9,1-5,3150,8,,,,,,,
20250616,鳴門,3,どきどきなる,晴,南東,3,3,5,3,4474,渡 辺 崇,28,13,6.89,3,0.21,,1-5-6,6870,19,1-5,2140,5,1-5-6,2800,9,1-5,3150,8,,,,,,,
20250616,鳴門,3,どきどきなる,晴,南東,3,3,6,4,5000,岡 本 翔太郎,12,83,6.78,4,0.16,,1-5-6,6870,19,1-5,2140,5,1-5-6,2800,9,1-5,3150,8,,,,,,,
20250616,鳴門,4,とにかくなる,晴,東,4,4,1,4,4650,中 山 雄 太,72,65,6.83,4,0.09,1.49.6,4-5-6,3410,14,4-5,1470,5,4-5-6,2550,9,4-5,850,3,,,,,,,
20250616,鳴門,4,とにかくなる,晴,東,4,4,2,5,5006,久保原 秀 人,78,39,6.90,5,0.12,1.50.9,4-5-6,3410,14,4-5,1470,5,4-5-6,2550,9,4-5,850,3,,,,,,,
20250616,鳴門,4,とにかくなる,晴,東,4,4,3,6,4462,夏 山 亮 平,67,33,6.91,6,0.18,1.52.9,4-5-6,3410,14,4-5,1470,5,4-5-6,2550,9,4-5,850,3,,,,,,,
20250616,鳴門,4,とにかくなる,晴,東,4,4,4,1,3965,北 中 元 樹,30,78,6.82,1,0.25,1.53.7,4-5-6,3410,14,4-5,1470,5,4-5-6,2550,9,4-5,850,3,,,,,,,
20250616,鳴門,4,とにかくなる,晴,東,4,4,5,2,4020,川 上 清 人,23,16,6.85,2,0.21,,4-5-6,3410,14,4-5,1470,5,4-5-6,2550,9,4-5,850,3,,,,,,,
20250616,鳴門,4,とにかくなる,晴,東,4,4,6,3,4368,山 口 隆 史,55,30,6.87,3,0.17,,4-5-6,3410,14,4-5,1470,5,4-5-6,2550,9,4-5,850,3,,,,,,,
20250616,鳴門,5,予選,晴,東,4,4,1,2,4503,上 野 真之介,13,12,6.96,2,0.14,1.50.4,2-1-4,670,1,2-1,300,1,1-2-4,220,1,1-2,280,1,,,,,,,
20250616,鳴門,5,予選,晴,東,4,4,2,1,4511,中 岡 健 人,14,54,6.79,1,0.09,1.51.6,2-1-4,670,1,2-1,300,1,1-2-4,220,1,1-2,280,1,,,,,,,
20250616,鳴門,5,予選,晴,東,4,4,3,4,4121,富 永 修 一,79,71,6.90,4,0.05,1.52.5,2-1-4,670,1,2-1,300,1,1-2-4,220,1,1-2,280,1,,,,,,,
20250616,鳴門,5,予選,晴,東,4,4,4,5,3578,塩 田 雄 一,76,58,6.85,5,0.04,1.52.6,2-1-4,670,1,2-1,300,1,1-2-4,220,1,1-2,280,1,,,,,,,
20250616,鳴門,5,予選,晴,東,4,4,5,3,5332,村 松 遥 輝,17,73,6.92,3,0.11,,2-1-4,670,1,2-1,300,1,1-2-4,220,1,1-2,280,1,,,,,,,
20250616,鳴門,5,予選,晴,東,4,4,6,6,3313,本 吉 正 樹,83,84,6.85,6,0.12,,2-1-4,670,1,2-1,300,1,1-2-4,220,1,1-2,280,1,,,,,,,
20250616,鳴門,6,予選,晴,東,5,5,1,3,4394,永 嶋 裕 一,82,29,6.73,3,0.11,1.49.6,3-4-5,2620,4,3-4,1700,11,3-4-5,430,1,3-4,780,3,,,,,,,
20250616,鳴門,6,予選,晴,東,5,5,2,4,3442,宮 武 英 司,19,28,6.75,4,0.11,1.50.7,3-4-5,2620,4,3-4,1700,11,3-4-5,430,1,3-4,780,3,,,,,,,
20250616,鳴門,6,予選,晴,東,5,5,3,5,4459,片 岡 雅 裕,54,82,6.77,5,0.08,1.52.4,3-4-5,2620,4,3-4,1700,11,3-4-5,430,1,3-4,780,3,,,,,,,
20250616,鳴門,6,予選,晴,東,5,5,4,6,3882,新 田 智 彰,81,34,6.81,6,0.02,1.53.9,3-4-5,2620,4,3-4,1700,11,3-4-5,430,1,3-4,780,3,,,,,,,
20250616,鳴門,6,予選,晴,東,5,5,5,1,4031,飯 島 誠,61,38,6.85,1,0.18,,3-4-5,2620,4,3-4,1700,11,3-4-5,430,1,3-4,780,3,,,,,,,
20250616,鳴門,6,予選,晴,東,5,5,6,2,4638,小 林 遼 太,80,75,6.82,2,0.19,,3-4-5,2620,4,3-4,1700,11,3-4-5,430,1,3-4,780,3,,,,,,,
20250616,鳴門,7,予選,晴,東,5,5,1,3,3532,柴 田 光,77,60,6.76,3,0.07,1.48.1,3-4-5,1210,4,3-4,430,1,3-4-5,590,2,3-4,260,2,,,,,,,
20250616,鳴門,7,予選,晴,東,5,5,2,4,4216,星 栄 爾,75,35,6.88,4,0.15,1.50.8,3-4-5,1210,4,3-4,430,1,3-4-5,590,2,3-4,260,2,,,,,,,
20250616,鳴門,7,予選,晴,東,5,5,3,5,4619,伏 田 裕 隆,29,80,6.77,5,0.15,1.52.2,3-4-5,1210,4,3-4,430,1,3-4-5,590,2,3-4,260,2,,,,,,,
20250616,鳴門,7,予選,晴,東,5,5,4,6,4252,松 下 哲 也,20,67,6.74,6,0.23,1.53.7,3-4-5,1210,4,3-4,430,1,3-4-5,590,2,3-4,260,2,,,,,,,
20250616,鳴門,7,予選,晴,東,5,5,5,2,5157,市 川 健 太,25,59,6.86,2,0.24,,3-4-5,1210,4,3-4,430,1,3-4-5,590,2,3-4,260,2,,,,,,,
20250616,鳴門,7,予選,晴,東,5,5,6,1,4355,小 川 広 大,24,76,6.71,1,0.18,,3-4-5,1210,4,3-4,430,1,3-4-5,590,2,3-4,260,2,,,,,,,
20250616,鳴門,8,予選,晴,東,4,4,1,1,4917,岩 橋 裕 馬,69,19,6.80,1,0.19,1.49.5,1-3-2,2160,3,1-3,820,3,1-2-3,610,2,1-3,320,1,,,,,,,
20250616,鳴門,8,予選,晴,東,4,4,2,3,4371,西 山 貴 浩,21,69,6.93,3,0.17,1.50.2,1-3-2,2160,3,1-3,820,3,1-2-3,610,2,1-3,320,1,,,,,,,
20250616,鳴門,8,予選,晴,東,4,4,3,2,4462,夏 山 亮 平,67,33,6.82,2,0.19,1.51.8,1-3-2,2160,3,1-3,820,3,1-2-3,610,2,1-3,320,1,,,,,,,
20250616,鳴門,8,予選,晴,東,4,4,4,6,4356,長 岡 良 也,65,51,6.73,6,0.12,1.52.8,1-3-2,2160,3,1-3,820,3,1-2-3,610,2,1-3,320,1,,,,,,,
20250616,鳴門,8,予選,晴,東,4,4,5,5,4474,渡 辺 崇,28,13,6.85,5,0.12,,1-3-2,2160,3,1-3,820,3,1-2-3,610,2,1-3,320,1,,,,,,,
20250616,鳴門,8,予選,晴,東,4,4,6,4,3372,加 藤 雅 之,16,52,6.76,4,0.19,,1-3-2,2160,3,1-3,820,3,1-2-3,610,2,1-3,320,1,,,,,,,
20250616,鳴門,9,特賞,晴,東,4,4,1,4,3578,塩 田 雄 一,76,58,6.81,4,0.17,1.50.6,4-1-2,8090,32,4-1,3600,15,1-2-4,300,2,1-4,1070,6,,,,,,,
20250616,鳴門,9,特賞,晴,東,4,4,2,1,4368,山 口 隆 史,55,30,6.75,1,0.25,1.51.6,4-1-2,8090,32,4-1,3600,15,1-2-4,300,2,1-4,1070,6,,,,,,,
20250616,鳴門,9,特賞,晴,東,4,4,3,2,3333,丸 尾 義 孝,11,63,6.87,2,0.21,1.53.3,4-1-2,8090,32,4-1,3600,15,1-2-4,300,2,1-4,1070,6,,,,,,,
20250616,鳴門,9,特賞,晴,東,4,4,4,5,4883,岡 部 大 輝,15,50,6.81,5,0.16,1.54.6,4-1-2,8090,32,4-1,3600,15,1-2-4,300,2,1-4,1070,6,,,,,,,
20250616,鳴門,9,特賞,晴,東,4,4,5,6,5404,内 田 壮,10,21,6.81,6,0.24,,4-1-2,8090,32,4-1,3600,15,1-2-4,300,2,1-4,1070,6,,,,,,,
20250616,鳴門,9,特賞,晴,東,4,4,6,3,4232,笠 雅 雄,74,23,6.89,3,0.18,,4-1-2,8090,32,4-1,3600,15,1-2-4,300,2,1-4,1070,6,,,,,,,
20250616,鳴門,10,特賞,晴,東,4,4,1,4,4757,山 田 祐 也,70,64,6.90,4,0.04,1.49.7,4-3-6,6840,30,4-3,1570,8,3-4-6,2740,13,3-4,1610,9,,,,,,,
20250616,鳴門,10,特賞,晴,東,4,4,2,3,4390,松 本 弓 雄,71,11,6.88,3,0.08,1.50.8,4-3-6,6840,30,4-3,1570,8,3-4-6,2740,13,3-4,1610,9,,,,,,,
20250616,鳴門,10,特賞,晴,東,4,4,3,6,4394,永 嶋 裕 一,82,29,6.78,6,0.13,1.52.5,4-3-6,6840,30,4-3,1570,8,3-4-6,2740,13,3-4,1610,9,,,,,,,
20250616,鳴門,10,特賞,晴,東,4,4,4,5,4425,大 井 清 貴,26,68,6.83,5,0.07,1.54.1,4-3-6,6840,30,4-3,1570,8,3-4-6,2740,13,3-4,1610,9,,,,,,,
20250616,鳴門,10,特賞,晴,東,4,4,5,2,4121,富 永 修 一,79,71,6.81,2,0.14,,4-3-6,6840,30,4-3,1570,8,3-4-6,2740,13,3-4,1610,9,,,,,,,
20250616,鳴門,10,特賞,晴,東,4,4,6,1,3224,栗 山 繁 洋,68,81,6.87,1,0.13,,4-3-6,6840,30,4-3,1570,8,3-4-6,2740,13,3-4,1610,9,,,,,,,
20250616,鳴門,11,特選,晴,東,3,3,1,2,3882,新 田 智 彰,81,34,6.78,2,0.07,1.49.9,2-1-5,10540,40,2-1,1290,7,1-2-5,2020,10,1-2,340,2,,,,,,,
20250616,鳴門,11,特選,晴,東,3,3,2,1,3772,一 柳 和 孝,27,56,6.83,1,0.13,1.50.5,2-1-5,10540,40,2-1,1290,7,1-2-5,2020,10,1-2,340,2,,,,,,,
20250616,鳴門,11,特選,晴,東,3,3,3,5,4676,後 藤 隼 之,22,31,6.89,5,0.06,1.52.1,2-1-5,10540,40,2-1,1290,7,1-2-5,2020,10,1-2,340,2,,,,,,,
20250616,鳴門,11,特選,晴,東,3,3,4,3,3965,北 中 元 樹,30,78,6.84,3,0.06,1.53.4,2-1-5,10540,40,2-1,1290,7,1-2-5,2020,10,1-2,340,2,,,,,,,
20250616,鳴門,11,特選,晴,東,3,3,5,6,4503,上 野 真之介,13,12,6.90,6,0.06,,2-1-5,10540,40,2-1,1290,7,1-2-5,2020,10,1-2,340,2,,,,,,,
20250616,鳴門,11,特選,晴,東,3,3,6,4,4355,小 川 広 大,24,76,6.84,4,0.08,,2-1-5,10540,40,2-1,1290,7,1-2-5,2020,10,1-2,340,2,,,,,,,
20250616,鳴門,12,特選,晴,東,4,4,1,1,4459,片 岡 雅 裕,54,82,6.83,1,0.15,1.47.9,1-2-5,690,2,1-2,220,1,1-2-5,340,1,1-2,220,1,,,,,,,
20250616,鳴門,12,特選,晴,東,4,4,2,2,4356,長 岡 良 也,65,51,6.85,2,0.11,1.50.6,1-2-5,690,2,1-2,220,1,1-2-5,340,1,1-2,220,1,,,,,,,
20250616,鳴門,12,特選,晴,東,4,4,3,5,4543,重 木 輝 彦,18,17,6.80,5,0.13,1.52.2,1-2-5,690,2,1-2,220,1,1-2-5,340,1,1-2,220,1,,,,,,,
20250616,鳴門,12,特選,晴,東,4,4,4,3,4118,宇佐見 淳,66,61,6.84,3,0.11,1.53.3,1-2-5,690,2,1-2,220,1,1-2-5,340,1,1-2,220,1,,,,,,,
20250616,鳴門,12,特選,晴,東,4,4,5,4,4511,中 岡 健 人,14,54,6.89,4,0.17,,1-2-5,690,2,1-2,220,1,1-2-5,340,1,1-2,220,1,,,,,,,
20250616,鳴門,12,特選,晴,東,4,4,6,6,4216,星 栄 爾,75,35,6.77,6,0.15,,1-2-5,690,2,1-2,220,1,1-2-5,340,1,1-2,220,1,,,,,,,
