date,venue_name,race_no,race_type,weather,wind_dir,wind_ms,wave_cm,rank,waku,reg_no,name,motor_no,boat_no,exhibition_time,course_enter,st_timing,race_time,won3,won3_pay,won3_pop,won2,won2_pay,won2_pop,trio,trio_pay,trio_pop,pair,pair_pay,pair_pop,lap_time,turn_time,straight_time,lap_rank,turn_rank,straight_rank,exhibition_eval
20250718,びわこ,1,予選,曇り,南東,1,1,1,4,5238,笹 木 香 吾,52,40,6.94,4,0.12,1.50.4,4-1-3,8180,21,4-1,1590,6,1-3-4,710,4,1-4,240,1,,,,,,,
20250718,びわこ,1,予選,曇り,南東,1,1,2,1,4049,荒 川 健 太,45,38,6.84,1,0.18,1.51.8,4-1-3,8180,21,4-1,1590,6,1-3-4,710,4,1-4,240,1,,,,,,,
20250718,びわこ,1,予選,曇り,南東,1,1,3,3,4974,安 井 瑞 紀,39,63,6.83,3,0.20,1.52.9,4-1-3,8180,21,4-1,1590,6,1-3-4,710,4,1-4,240,1,,,,,,,
20250718,びわこ,1,予選,曇り,南東,1,1,4,2,4487,三 原 司,62,51,6.73,2,0.27,1.53.9,4-1-3,8180,21,4-1,1590,6,1-3-4,710,4,1-4,240,1,,,,,,,
20250718,びわこ,1,予選,曇り,南東,1,1,5,5,4365,盛 本 真 輔,66,60,6.79,5,0.21,,4-1-3,8180,21,4-1,1590,6,1-3-4,710,4,1-4,240,1,,,,,,,
20250718,びわこ,1,予選,曇り,南東,1,1,6,6,5293,眞 崎 武 蔵,60,13,6.77,6,0.26,,4-1-3,8180,21,4-1,1590,6,1-3-4,710,4,1-4,240,1,,,,,,,
20250718,びわこ,2,予選,曇り,南東,1,1,1,1,4889,後 藤 盛 也,16,62,6.72,1,0.12,1.49.2,1-5-3,2280,5,1-5,840,3,1-3-5,640,3,1-5,540,3,,,,,,,
20250718,びわこ,2,予選,曇り,南東,1,1,2,5,3257,田 頭 実,38,56,6.85,2,0.08,1.51.4,1-5-3,2280,5,1-5,840,3,1-3-5,640,3,1-5,540,3,,,,,,,
20250718,びわこ,2,予選,曇り,南東,1,1,3,3,4593,小 坂 宗 司,44,35,6.76,4,0.15,1.53.0,1-5-3,2280,5,1-5,840,3,1-3-5,640,3,1-5,540,3,,,,,,,
20250718,びわこ,2,予選,曇り,南東,1,1,4,6,4050,田 口 節 子,73,70,6.73,6,0.11,1.54.1,1-5-3,2280,5,1-5,840,3,1-3-5,640,3,1-5,540,3,,,,,,,
20250718,びわこ,2,予選,曇り,南東,1,1,5,4,5344,谷 口 丞,55,25,6.81,5,0.08,,1-5-3,2280,5,1-5,840,3,1-3-5,640,3,1-5,540,3,,,,,,,
20250718,びわこ,2,予選,曇り,南東,1,1,6,2,5192,中 尾 優 香,33,59,6.68,3,0.41,,1-5-3,2280,5,1-5,840,3,1-3-5,640,3,1-5,540,3,,,,,,,
20250718,びわこ,3,予選,曇り,南東,2,2,1,5,4688,永 井 彪 也,57,12,6.78,5,0.07,1.50.5,5-2-1,3130,16,5-2,1040,6,1-2-5,510,3,2-5,500,3,,,,,,,
20250718,びわこ,3,予選,曇り,南東,2,2,2,2,4589,塩 崎 桐 加,50,46,6.71,2,0.16,1.52.6,5-2-1,3130,16,5-2,1040,6,1-2-5,510,3,2-5,500,3,,,,,,,
20250718,びわこ,3,予選,曇り,南東,2,2,3,1,4747,山 戸 信 二,41,53,6.73,1,0.24,1.54.2,5-2-1,3130,16,5-2,1040,6,1-2-5,510,3,2-5,500,3,,,,,,,
20250718,びわこ,3,予選,曇り,南東,2,2,4,6,5294,豊 田 祥 生,49,71,6.84,6,0.13,1.55.5,5-2-1,3130,16,5-2,1040,6,1-2-5,510,3,2-5,500,3,,,,,,,
20250718,びわこ,3,予選,曇り,南東,2,2,5,4,4199,北 川 潤 二,18,48,6.86,4,0.12,,5-2-1,3130,16,5-2,1040,6,1-2-5,510,3,2-5,500,3,,,,,,,
20250718,びわこ,3,予選,曇り,南東,2,2,6,3,3370,坪 内 実,59,24,6.88,3,0.16,,5-2-1,3130,16,5-2,1040,6,1-2-5,510,3,2-5,500,3,,,,,,,
20250718,びわこ,4,予選,晴,南東,1,1,1,2,3918,深 井 利 寿,68,14,6.78,2,0.24,1.49.2,2-5-3,990,1,2-5,410,1,2-3-5,390,2,2-5,250,1,,,,,,,
20250718,びわこ,4,予選,晴,南東,1,1,2,5,5132,中 野 希 一,72,54,6.85,5,0.15,1.50.5,2-5-3,990,1,2-5,410,1,2-3-5,390,2,2-5,250,1,,,,,,,
20250718,びわこ,4,予選,晴,南東,1,1,3,3,5237,永 松 良 教,51,17,6.75,3,0.15,1.52.8,2-5-3,990,1,2-5,410,1,2-3-5,390,2,2-5,250,1,,,,,,,
20250718,びわこ,4,予選,晴,南東,1,1,4,4,3286,坂 東 満,29,65,6.84,4,0.15,1.55.1,2-5-3,990,1,2-5,410,1,2-3-5,390,2,2-5,250,1,,,,,,,
20250718,びわこ,4,予選,晴,南東,1,1,5,1,5079,大 石 真 央,14,22,6.74,1,0.21,,2-5-3,990,1,2-5,410,1,2-3-5,390,2,2-5,250,1,,,,,,,
20250718,びわこ,4,予選,晴,南東,1,1,6,6,5399,長 野 未 来,25,28,6.79,6,0.21,,2-5-3,990,1,2-5,410,1,2-3-5,390,2,2-5,250,1,,,,,,,
20250718,びわこ,5,予選,曇り,南東,2,2,1,2,4709,岡 村 将 也,65,26,6.73,2,0.08,1.49.0,2-4-3,20020,42,2-4,4570,12,2-3-4,5710,11,2-4,4080,9,,,,,,,
20250718,びわこ,5,予選,曇り,南東,2,2,2,4,3637,齋 藤 和 政,56,66,6.87,4,0.17,1.51.4,2-4-3,20020,42,2-4,4570,12,2-3-4,5710,11,2-4,4080,9,,,,,,,
20250718,びわこ,5,予選,曇り,南東,2,2,3,3,3202,三 品 隆 浩,37,19,6.76,3,0.13,1.52.8,2-4-3,20020,42,2-4,4570,12,2-3-4,5710,11,2-4,4080,9,,,,,,,
20250718,びわこ,5,予選,曇り,南東,2,2,4,5,3900,香 川 素 子,69,47,6.72,5,0.16,1.53.2,2-4-3,20020,42,2-4,4570,12,2-3-4,5710,11,2-4,4080,9,,,,,,,
20250718,びわこ,5,予選,曇り,南東,2,2,5,1,4276,鈴 木 勝 博,24,72,6.84,1,0.12,,2-4-3,20020,42,2-4,4570,12,2-3-4,5710,11,2-4,4080,9,,,,,,,
20250718,びわこ,5,予選,曇り,南東,2,2,6,6,4047,吉 永 浩 則,63,16,6.77,6,0.17,,2-4-3,20020,42,2-4,4570,12,2-3-4,5710,11,2-4,4080,9,,,,,,,
20250718,びわこ,6,予選,曇り,南東,1,1,1,1,3627,井 上 恵 一,22,34,6.73,1,0.17,1.51.2,1-3-5,10410,33,1-3,1030,5,1-3-5,5640,11,1-3,510,3,,,,,,,
20250718,びわこ,6,予選,曇り,南東,1,1,2,3,3793,高 橋 真 吾,67,21,6.92,3,0.19,1.52.9,1-3-5,10410,33,1-3,1030,5,1-3-5,5640,11,1-3,510,3,,,,,,,
20250718,びわこ,6,予選,曇り,南東,1,1,3,5,3539,金 子 順 一,61,58,6.89,5,0.19,1.54.5,1-3-5,10410,33,1-3,1030,5,1-3-5,5640,11,1-3,510,3,,,,,,,
20250718,びわこ,6,予選,曇り,南東,1,1,4,2,3838,伊 藤 啓 三,21,55,6.78,2,0.17,1.54.5,1-3-5,10410,33,1-3,1030,5,1-3-5,5640,11,1-3,510,3,,,,,,,
20250718,びわこ,6,予選,曇り,南東,1,1,5,4,4025,山 本 隆 幸,64,27,6.86,4,0.19,,1-3-5,10410,33,1-3,1030,5,1-3-5,5640,11,1-3,510,3,,,,,,,
20250718,びわこ,6,予選,曇り,南東,1,1,6,6,5344,谷 口 丞,55,25,6.89,6,0.22,,1-3-5,10410,33,1-3,1030,5,1-3-5,5640,11,1-3,510,3,,,,,,,
20250718,びわこ,7,予選,曇り,南東,2,2,1,2,4365,盛 本 真 輔,66,60,6.81,2,0.15,1.51.3,2-3-6,40970,66,2-3,6110,15,2-3-6,7690,17,2-3,4320,8,,,,,,,
20250718,びわこ,7,予選,曇り,南東,2,2,2,3,4120,柘 植 政 浩,19,29,6.79,3,0.11,1.52.7,2-3-6,40970,66,2-3,6110,15,2-3-6,7690,17,2-3,4320,8,,,,,,,
20250718,びわこ,7,予選,曇り,南東,2,2,3,6,3752,宇 土 泰 就,11,15,6.70,6,0.21,1.53.8,2-3-6,40970,66,2-3,6110,15,2-3-6,7690,17,2-3,4320,8,,,,,,,
20250718,びわこ,7,予選,曇り,南東,2,2,4,1,4856,豊 田 健士郎,54,57,6.89,1,0.19,1.55.6,2-3-6,40970,66,2-3,6110,15,2-3-6,7690,17,2-3,4320,8,,,,,,,
20250718,びわこ,7,予選,曇り,南東,2,2,5,4,4244,鈴 木 成 美,40,31,6.70,4,0.11,,2-3-6,40970,66,2-3,6110,15,2-3-6,7690,17,2-3,4320,8,,,,,,,
20250718,びわこ,7,予選,曇り,南東,2,2,6,5,4747,山 戸 信 二,41,53,6.83,5,0.17,,2-3-6,40970,66,2-3,6110,15,2-3-6,7690,17,2-3,4320,8,,,,,,,
20250718,びわこ,8,予選,晴,南東,2,2,1,1,4301,関 裕 也,26,30,6.76,1,0.10,1.51.3,1-4-2,1970,7,1-4,1550,5,1-2-4,220,1,1-4,1740,5,,,,,,,
20250718,びわこ,8,予選,晴,南東,2,2,2,4,4487,三 原 司,62,51,6.74,4,0.16,1.52.3,1-4-2,1970,7,1-4,1550,5,1-2-4,220,1,1-4,1740,5,,,,,,,
20250718,びわこ,8,予選,晴,南東,2,2,3,2,4759,今 泉 友 吾,46,44,6.81,2,0.10,1.52.9,1-4-2,1970,7,1-4,1550,5,1-2-4,220,1,1-4,1740,5,,,,,,,
20250718,びわこ,8,予選,晴,南東,2,2,4,6,4593,小 坂 宗 司,44,35,6.90,6,0.08,1.53.6,1-4-2,1970,7,1-4,1550,5,1-2-4,220,1,1-4,1740,5,,,,,,,
20250718,びわこ,8,予選,晴,南東,2,2,5,3,5300,横 田 海 人,17,64,6.76,3,0.10,,1-4-2,1970,7,1-4,1550,5,1-2-4,220,1,1-4,1740,5,,,,,,,
20250718,びわこ,8,予選,晴,南東,2,2,6,5,3370,坪 内 実,59,24,6.83,5,0.11,,1-4-2,1970,7,1-4,1550,5,1-2-4,220,1,1-4,1740,5,,,,,,,
20250718,びわこ,9,予選特賞,雨,東,3,2,1,4,3918,深 井 利 寿,68,14,6.83,4,0.13,1.50.1,4-3-5,6680,28,4-3,1890,7,3-4-5,1980,6,3-4,850,5,,,,,,,
20250718,びわこ,9,予選特賞,雨,東,3,2,2,3,3257,田 頭 実,38,56,6.82,3,0.13,1.51.3,4-3-5,6680,28,4-3,1890,7,3-4-5,1980,6,3-4,850,5,,,,,,,
20250718,びわこ,9,予選特賞,雨,東,3,2,3,5,3202,三 品 隆 浩,37,19,6.77,5,0.16,1.53.7,4-3-5,6680,28,4-3,1890,7,3-4-5,1980,6,3-4,850,5,,,,,,,
20250718,びわこ,9,予選特賞,雨,東,3,2,4,6,5238,笹 木 香 吾,52,40,6.93,6,0.17,1.55.2,4-3-5,6680,28,4-3,1890,7,3-4-5,1980,6,3-4,850,5,,,,,,,
20250718,びわこ,9,予選特賞,雨,東,3,2,5,2,4199,北 川 潤 二,18,48,6.88,2,0.21,,4-3-5,6680,28,4-3,1890,7,3-4-5,1980,6,3-4,850,5,,,,,,,
20250718,びわこ,9,予選特賞,雨,東,3,2,6,1,4919,吉 田 翔 悟,13,50,6.75,1,0.19,,4-3-5,6680,28,4-3,1890,7,3-4-5,1980,6,3-4,850,5,,,,,,,
20250718,びわこ,10,予選特賞,曇り,南東,6,4,1,1,3988,古 川 誠 之,28,67,6.75,1,0.25,1.52.6,1-2-3,2590,9,1-2,880,4,1-2-3,950,4,1-2,660,3,,,,,,,
20250718,びわこ,10,予選特賞,曇り,南東,6,4,2,2,3176,長谷川 巌,71,61,6.87,2,0.21,1.53.8,1-2-3,2590,9,1-2,880,4,1-2-3,950,4,1-2,660,3,,,,,,,
20250718,びわこ,10,予選特賞,曇り,南東,6,4,3,3,5132,中 野 希 一,72,54,6.79,3,0.33,1.54.2,1-2-3,2590,9,1-2,880,4,1-2-3,950,4,1-2,660,3,,,,,,,
20250718,びわこ,10,予選特賞,曇り,南東,6,4,4,5,3793,高 橋 真 吾,67,21,6.97,5,0.27,1.55.8,1-2-3,2590,9,1-2,880,4,1-2-3,950,4,1-2,660,3,,,,,,,
20250718,びわこ,10,予選特賞,曇り,南東,6,4,5,6,4709,岡 村 将 也,65,26,6.76,6,0.30,,1-2-3,2590,9,1-2,880,4,1-2-3,950,4,1-2,660,3,,,,,,,
20250718,びわこ,10,予選特賞,曇り,南東,6,4,6,4,4049,荒 川 健 太,45,38,6.83,4,0.44,,1-2-3,2590,9,1-2,880,4,1-2-3,950,4,1-2,660,3,,,,,,,
20250718,びわこ,11,予選特選,曇り,南,2,2,1,1,3900,香 川 素 子,69,47,6.79,1,0.07,1.51.5,1-4-3,1150,4,1-4,270,1,1-3-4,270,1,1-4,430,2,,,,,,,
20250718,びわこ,11,予選特選,曇り,南,2,2,2,4,4589,塩 崎 桐 加,50,46,6.67,4,0.09,1.52.6,1-4-3,1150,4,1-4,270,1,1-3-4,270,1,1-4,430,2,,,,,,,
20250718,びわこ,11,予選特選,曇り,南,2,2,3,3,5079,大 石 真 央,14,22,6.76,3,0.09,1.53.0,1-4-3,1150,4,1-4,270,1,1-3-4,270,1,1-4,430,2,,,,,,,
20250718,びわこ,11,予選特選,曇り,南,2,2,4,5,5192,中 尾 優 香,33,59,6.76,5,0.09,1.55.1,1-4-3,1150,4,1-4,270,1,1-3-4,270,1,1-4,430,2,,,,,,,
20250718,びわこ,11,予選特選,曇り,南,2,2,5,2,4244,鈴 木 成 美,40,31,6.71,2,0.07,,1-4-3,1150,4,1-4,270,1,1-3-4,270,1,1-4,430,2,,,,,,,
20250718,びわこ,11,予選特選,曇り,南,2,2,6,6,4974,安 井 瑞 紀,39,63,6.81,6,0.22,,1-4-3,1150,4,1-4,270,1,1-3-4,270,1,1-4,430,2,,,,,,,
20250718,びわこ,12,中スポＤＲ,曇り,南西,3,3,1,1,4688,永 井 彪 也,57,12,6.68,1,0.09,1.49.9,1-6-2,5680,18,1-6,1250,5,1-2-6,1710,8,1-6,1260,4,,,,,,,
20250718,びわこ,12,中スポＤＲ,曇り,南西,3,3,2,6,4759,今 泉 友 吾,46,44,6.83,5,0.13,1.51.3,1-6-2,5680,18,1-6,1250,5,1-2-6,1710,8,1-6,1260,4,,,,,,,
20250718,びわこ,12,中スポＤＲ,曇り,南西,3,3,3,2,4025,山 本 隆 幸,64,27,6.77,2,0.08,1.53.1,1-6-2,5680,18,1-6,1250,5,1-2-6,1710,8,1-6,1260,4,,,,,,,
20250718,びわこ,12,中スポＤＲ,曇り,南西,3,3,4,3,4050,田 口 節 子,73,70,6.68,3,0.09,1.54.1,1-6-2,5680,18,1-6,1250,5,1-2-6,1710,8,1-6,1260,4,,,,,,,
20250718,びわこ,12,中スポＤＲ,曇り,南西,3,3,5,4,4856,豊 田 健士郎,54,57,6.72,4,0.11,,1-6-2,5680,18,1-6,1250,5,1-2-6,1710,8,1-6,1260,4,,,,,,,
20250718,びわこ,12,中スポＤＲ,曇り,南西,3,3,6,5,4276,鈴 木 勝 博,24,72,6.76,6,0.23,,1-6-2,5680,18,1-6,1250,5,1-2-6,1710,8,1-6,1260,4,,,,,,,
20250718,三国,1,みくにあさイ,晴,南東,7,7,1,3,4744,伊 藤 玲 奈,32,49,6.83,3,0.11,1.51.9,3-1-4,17940,29,3-1,4430,7,1-3-4,560,3,1-3,300,2,,,,,,,
20250718,三国,1,みくにあさイ,晴,南東,7,7,2,1,4442,松 竹 大 輔,61,45,6.69,1,0.12,1.53.2,3-1-4,17940,29,3-1,4430,7,1-3-4,560,3,1-3,300,2,,,,,,,
20250718,三国,1,みくにあさイ,晴,南東,7,7,3,4,5331,佐 藤 永 梧,17,43,6.80,4,0.11,1.55.0,3-1-4,17940,29,3-1,4430,7,1-3-4,560,3,1-3,300,2,,,,,,,
20250718,三国,1,みくにあさイ,晴,南東,7,7,4,6,3891,谷 口 健 一,60,27,6.82,6,0.29,1.56.8,3-1-4,17940,29,3-1,4430,7,1-3-4,560,3,1-3,300,2,,,,,,,
20250718,三国,1,みくにあさイ,晴,南東,7,7,5,2,4705,吉 川 勇 作,63,53,6.75,2,0.31,,3-1-4,17940,29,3-1,4430,7,1-3-4,560,3,1-3,300,2,,,,,,,
20250718,三国,1,みくにあさイ,晴,南東,7,7,6,5,5322,根 岸 真 優,28,61,6.77,5,0.19,,3-1-4,17940,29,3-1,4430,7,1-3-4,560,3,1-3,300,2,,,,,,,
20250718,三国,2,みくにあさガ,晴,南東,8,8,1,1,4568,廣 瀬 真 也,29,19,6.71,1,0.12,1.52.8,1-3-2,540,2,1-3,510,2,1-2-3,230,1,1-3,200,1,,,,,,,
20250718,三国,2,みくにあさガ,晴,南東,8,8,2,3,3455,谷 本 幸 司,44,69,6.68,3,0.21,1.53.8,1-3-2,540,2,1-3,510,2,1-2-3,230,1,1-3,200,1,,,,,,,
20250718,三国,2,みくにあさガ,晴,南東,8,8,3,2,4247,齊 藤 優,18,34,6.72,2,0.19,1.55.9,1-3-2,540,2,1-3,510,2,1-2-3,230,1,1-3,200,1,,,,,,,
20250718,三国,2,みくにあさガ,晴,南東,8,8,4,4,4866,橋 本 英 一,66,22,6.83,4,0.17,1.57.2,1-3-2,540,2,1-3,510,2,1-2-3,230,1,1-3,200,1,,,,,,,
20250718,三国,2,みくにあさガ,晴,南東,8,8,5,6,5045,平 川 香 織,52,36,6.82,6,0.31,,1-3-2,540,2,1-3,510,2,1-2-3,230,1,1-3,200,1,,,,,,,
20250718,三国,2,みくにあさガ,晴,南東,8,8,6,5,4714,喜多須 杏 奈,65,44,6.74,5,0.30,,1-3-2,540,2,1-3,510,2,1-2-3,230,1,1-3,200,1,,,,,,,
20250718,三国,3,みくにあさズ,晴,南東,6,6,1,1,4254,川 島 圭 司,70,13,6.73,1,0.16,1.52.3,1-3-5,770,2,1-3,340,2,1-3-5,350,1,1-3,170,1,,,,,,,
20250718,三国,3,みくにあさズ,晴,南東,6,6,2,3,3256,三 角 哲 男,56,71,6.71,3,0.15,1.53.2,1-3-5,770,2,1-3,340,2,1-3-5,350,1,1-3,170,1,,,,,,,
20250718,三国,3,みくにあさズ,晴,南東,6,6,3,5,4904,松 本 一 毅,69,35,6.78,5,0.28,1.55.6,1-3-5,770,2,1-3,340,2,1-3-5,350,1,1-3,170,1,,,,,,,
20250718,三国,3,みくにあさズ,晴,南東,6,6,4,4,3989,熊 本 英 一,50,33,6.80,4,0.30,1.56.3,1-3-5,770,2,1-3,340,2,1-3-5,350,1,1-3,170,1,,,,,,,
20250718,三国,3,みくにあさズ,晴,南東,6,6,5,6,5321,一 色 颯 輝,36,18,6.76,6,0.24,,1-3-5,770,2,1-3,340,2,1-3-5,350,1,1-3,170,1,,,,,,,
20250718,三国,3,みくにあさズ,晴,南東,6,6,6,2,3680,森 林 太,42,20,6.70,2,0.19,,1-3-5,770,2,1-3,340,2,1-3-5,350,1,1-3,170,1,,,,,,,
20250718,三国,4,みくにあさ推,晴,南東,8,8,1,5,4188,久 田 敏 之,43,26,6.75,5,0.18,1.15.0,5-1-6,1030,3,5-1,520,2,1-5-6,360,2,1-5,200,1,,,,,,,
20250718,三国,4,みくにあさ推,晴,南東,8,8,2,1,4521,小 池 公 生,48,56,6.75,1,0.21,1.16.0,5-1-6,1030,3,5-1,520,2,1-5-6,360,2,1-5,200,1,,,,,,,
20250718,三国,4,みくにあさ推,晴,南東,8,8,3,6,4117,廣 中 智紗衣,64,40,6.75,6,0.36,1.17.2,5-1-6,1030,3,5-1,520,2,1-5-6,360,2,1-5,200,1,,,,,,,
20250718,三国,4,みくにあさ推,晴,南東,8,8,4,2,3921,川 村 正 輝,21,65,6.79,2,0.24,1.17.7,5-1-6,1030,3,5-1,520,2,1-5-6,360,2,1-5,200,1,,,,,,,
20250718,三国,4,みくにあさ推,晴,南東,8,8,5,4,5263,花 田 凱 成,53,17,6.79,4,0.22,,5-1-6,1030,3,5-1,520,2,1-5-6,360,2,1-5,200,1,,,,,,,
20250718,三国,4,みくにあさ推,晴,南東,8,8,6,3,5153,佐 藤 ほのか,25,64,6.73,3,0.25,,5-1-6,1030,3,5-1,520,2,1-5-6,360,2,1-5,200,1,,,,,,,
20250718,三国,5,一般,晴,南東,9,9,1,2,3503,堂 原 洋 史,14,21,6.66,2,0.06,1.15.4,2-1-6,3810,15,2-1,1220,6,1-2-6,550,2,1-2,410,1,,,,,,,
20250718,三国,5,一般,晴,南東,9,9,2,1,3584,佐々木 英 樹,20,62,6.83,1,0.14,1.15.8,2-1-6,3810,15,2-1,1220,6,1-2-6,550,2,1-2,410,1,,,,,,,
20250718,三国,5,一般,晴,南東,9,9,3,6,3576,白 水 勝 也,59,14,6.70,6,0.09,1.16.7,2-1-6,3810,15,2-1,1220,6,1-2-6,550,2,1-2,410,1,,,,,,,
20250718,三国,5,一般,晴,南東,9,9,4,5,5280,廣 瀬 凜,11,12,6.71,5,0.08,1.16.8,2-1-6,3810,15,2-1,1220,6,1-2-6,550,2,1-2,410,1,,,,,,,
20250718,三国,5,一般,晴,南東,9,9,5,3,3889,須 藤 隆 雄,45,48,6.74,3,0.08,,2-1-6,3810,15,2-1,1220,6,1-2-6,550,2,1-2,410,1,,,,,,,
20250718,三国,5,一般,晴,南東,9,9,6,4,5324,畑 田 希 咲,38,63,6.72,4,0.06,,2-1-6,3810,15,2-1,1220,6,1-2-6,550,2,1-2,410,1,,,,,,,
20250718,三国,6,一般,晴,南東,9,9,1,4,3455,谷 本 幸 司,44,69,6.64,4,0.18,1.15.4,4-1-5,1710,5,4-1,430,1,1-4-5,690,2,1-4,380,2,,,,,,,
20250718,三国,6,一般,晴,南東,9,9,2,1,3313,本 吉 正 樹,49,55,6.68,1,0.15,1.15.7,4-1-5,1710,5,4-1,430,1,1-4-5,690,2,1-4,380,2,,,,,,,
20250718,三国,6,一般,晴,南東,9,9,3,5,5331,佐 藤 永 梧,17,43,6.68,5,0.16,1.17.4,4-1-5,1710,5,4-1,430,1,1-4-5,690,2,1-4,380,2,,,,,,,
20250718,三国,6,一般,晴,南東,9,9,4,6,3459,中 野 和 裕,12,57,6.74,6,0.21,1.18.4,4-1-5,1710,5,4-1,430,1,1-4-5,690,2,1-4,380,2,,,,,,,
20250718,三国,6,一般,晴,南東,9,9,5,2,4661,中 島 昂 章,22,42,6.71,2,0.24,,4-1-5,1710,5,4-1,430,1,1-4-5,690,2,1-4,380,2,,,,,,,
20250718,三国,6,一般,晴,南東,9,9,6,3,5322,根 岸 真 優,28,61,6.71,3,0.19,,4-1-5,1710,5,4-1,430,1,1-4-5,690,2,1-4,380,2,,,,,,,
20250718,三国,7,一般,晴,南,7,7,1,3,4866,橋 本 英 一,66,22,6.68,3,0.08,1.14.2,3-1-2,4090,15,3-1,1760,9,1-2-3,300,1,1-3,700,3,,,,,,,
20250718,三国,7,一般,晴,南,7,7,2,1,3891,谷 口 健 一,60,27,6.64,1,0.01,1.15.2,3-1-2,4090,15,3-1,1760,9,1-2-3,300,1,1-3,700,3,,,,,,,
20250718,三国,7,一般,晴,南,7,7,3,2,5033,藤 原 孝 斗,15,39,6.60,2,0.04,1.15.3,3-1-2,4090,15,3-1,1760,9,1-2-3,300,1,1-3,700,3,,,,,,,
20250718,三国,7,一般,晴,南,7,7,4,4,4744,伊 藤 玲 奈,32,49,6.74,4,0.16,1.17.0,3-1-2,4090,15,3-1,1760,9,1-2-3,300,1,1-3,700,3,,,,,,,
20250718,三国,7,一般,晴,南,7,7,5,5,3680,森 林 太,42,20,6.74,5,0.21,,3-1-2,4090,15,3-1,1760,9,1-2-3,300,1,1-3,700,3,,,,,,,
20250718,三国,7,一般,晴,南,7,7,6,6,5380,野 田 亜 湖,41,54,6.71,6,0.33,,3-1-2,4090,15,3-1,1760,9,1-2-3,300,1,1-3,700,3,,,,,,,
20250718,三国,8,一般,晴,南,9,9,1,1,5321,一 色 颯 輝,36,18,6.77,1,0.17,1.14.7,1-3-4,2080,6,1-3,370,1,1-3-4,1060,6,1-3,320,1,,,,,,,
20250718,三国,8,一般,晴,南,9,9,2,3,3989,熊 本 英 一,50,33,6.81,3,0.21,1.15.8,1-3-4,2080,6,1-3,370,1,1-3-4,1060,6,1-3,320,1,,,,,,,
20250718,三国,8,一般,晴,南,9,9,3,4,5153,佐 藤 ほのか,25,64,6.71,4,0.24,1.16.7,1-3-4,2080,6,1-3,370,1,1-3-4,1060,6,1-3,320,1,,,,,,,
20250718,三国,8,一般,晴,南,9,9,4,5,4705,吉 川 勇 作,63,53,6.80,5,0.21,1.18.0,1-3-4,2080,6,1-3,370,1,1-3-4,1060,6,1-3,320,1,,,,,,,
20250718,三国,8,一般,晴,南,9,9,5,2,4714,喜多須 杏 奈,65,44,6.81,2,0.17,,1-3-4,2080,6,1-3,370,1,1-3-4,1060,6,1-3,320,1,,,,,,,
20250718,三国,8,一般,晴,南,9,9,6,6,3921,川 村 正 輝,21,65,6.77,6,0.31,,1-3-4,2080,6,1-3,370,1,1-3-4,1060,6,1-3,320,1,,,,,,,
20250718,三国,9,一般特選,晴,南,9,9,1,6,4442,松 竹 大 輔,61,45,6.60,6,0.01,1.15.0,6-1-3,4740,21,6-1,750,2,1-3-6,1260,6,1-6,490,2,,,,,,,
20250718,三国,9,一般特選,晴,南,9,9,2,1,5045,平 川 香 織,52,36,6.77,1,0.14,1.16.4,6-1-3,4740,21,6-1,750,2,1-3-6,1260,6,1-6,490,2,,,,,,,
20250718,三国,9,一般特選,晴,南,9,9,3,3,5263,花 田 凱 成,53,17,6.82,3,0.12,1.17.0,6-1-3,4740,21,6-1,750,2,1-3-6,1260,6,1-6,490,2,,,,,,,
20250718,三国,9,一般特選,晴,南,9,9,4,5,5324,畑 田 希 咲,38,63,6.75,5,0.13,1.17.3,6-1-3,4740,21,6-1,750,2,1-3-6,1260,6,1-6,490,2,,,,,,,
20250718,三国,9,一般特選,晴,南,9,9,5,2,4904,松 本 一 毅,69,35,6.87,2,0.14,,6-1-3,4740,21,6-1,750,2,1-3-6,1260,6,1-6,490,2,,,,,,,
20250718,三国,9,一般特選,晴,南,9,9,6,4,3889,須 藤 隆 雄,45,48,6.82,4,0.13,,6-1-3,4740,21,6-1,750,2,1-3-6,1260,6,1-6,490,2,,,,,,,
20250718,三国,10,選抜戦,晴,南,9,9,1,1,3256,三 角 哲 男,56,71,6.70,1,0.19,1.14.1,1-3-4,1600,6,1-3,330,2,1-3-4,1050,4,1-3,290,2,,,,,,,
20250718,三国,10,選抜戦,晴,南,9,9,2,3,4247,齊 藤 優,18,34,6.73,3,0.17,1.15.9,1-3-4,1600,6,1-3,330,2,1-3-4,1050,4,1-3,290,2,,,,,,,
20250718,三国,10,選抜戦,晴,南,9,9,3,4,3584,佐々木 英 樹,20,62,6.85,4,0.19,1.17.2,1-3-4,1600,6,1-3,330,2,1-3-4,1050,4,1-3,290,2,,,,,,,
20250718,三国,10,選抜戦,晴,南,9,9,4,6,4661,中 島 昂 章,22,42,6.73,6,0.29,1.17.3,1-3-4,1600,6,1-3,330,2,1-3-4,1050,4,1-3,290,2,,,,,,,
20250718,三国,10,選抜戦,晴,南,9,9,5,5,3503,堂 原 洋 史,14,21,6.74,5,0.19,,1-3-4,1600,6,1-3,330,2,1-3-4,1050,4,1-3,290,2,,,,,,,
20250718,三国,10,選抜戦,晴,南,9,9,6,2,4521,小 池 公 生,48,56,6.80,2,0.16,,1-3-4,1600,6,1-3,330,2,1-3-4,1050,4,1-3,290,2,,,,,,,
20250718,三国,11,選抜戦,晴,南,10,10,1,1,4188,久 田 敏 之,43,26,6.68,1,0.29,1.16.1,1-5-2,1950,8,1-5,550,3,1-2-5,600,3,1-5,590,3,,,,,,,
20250718,三国,11,選抜戦,晴,南,10,10,2,5,4254,川 島 圭 司,70,13,6.70,5,0.25,1.17.0,1-5-2,1950,8,1-5,550,3,1-2-5,600,3,1-5,590,3,,,,,,,
20250718,三国,11,選抜戦,晴,南,10,10,3,2,5280,廣 瀬 凜,11,12,6.73,2,0.24,1.17.6,1-5-2,1950,8,1-5,550,3,1-2-5,600,3,1-5,590,3,,,,,,,
20250718,三国,11,選抜戦,晴,南,10,10,4,4,3313,本 吉 正 樹,49,55,6.71,4,0.25,1.18.2,1-5-2,1950,8,1-5,550,3,1-2-5,600,3,1-5,590,3,,,,,,,
20250718,三国,11,選抜戦,晴,南,10,10,5,3,4568,廣 瀬 真 也,29,19,6.70,3,0.24,,1-5-2,1950,8,1-5,550,3,1-2-5,600,3,1-5,590,3,,,,,,,
20250718,三国,11,選抜戦,晴,南,10,10,6,6,5033,藤 原 孝 斗,15,39,6.70,6,0.29,,1-5-2,1950,8,1-5,550,3,1-2-5,600,3,1-5,590,3,,,,,,,
20250718,三国,12,優勝戦,晴,南,9,9,1,1,4237,大 峯 豊,40,51,6.76,1,0.22,1.20.2,1-4-3,2700,10,1-4,550,3,1-3-4,700,3,1-4,490,3,,,,,,,
20250718,三国,12,優勝戦,晴,南,9,9,2,4,4886,入 海 馨,26,60,6.72,4,0.19,1.22.5,1-4-3,2700,10,1-4,550,3,1-3-4,700,3,1-4,490,3,,,,,,,
20250718,三国,12,優勝戦,晴,南,9,9,3,3,5121,定 松 勇 樹,23,16,6.71,3,0.25,1.24.3,1-4-3,2700,10,1-4,550,3,1-3-4,700,3,1-4,490,3,,,,,,,
20250718,三国,12,優勝戦,晴,南,9,9,4,6,3562,山 下 和 彦,33,66,6.71,6,0.18,1.31.9,1-4-3,2700,10,1-4,550,3,1-3-4,700,3,1-4,490,3,,,,,,,
20250718,下関,1,予選,雨,南東,2,2,1,2,4899,占 部 一 真,46,37,6.89,2,0.06,1.50.7,2-3-6,8880,41,2-3,2800,14,2-3-6,1860,8,2-3,1470,8,,,,,,,
20250718,下関,1,予選,雨,南東,2,2,2,3,4981,牧 山 敦 也,36,12,6.83,3,0.06,1.51.8,2-3-6,8880,41,2-3,2800,14,2-3-6,1860,8,2-3,1470,8,,,,,,,
20250718,下関,1,予選,雨,南東,2,2,3,6,4674,池 田 剛 規,34,52,6.83,5,0.07,1.52.6,2-3-6,8880,41,2-3,2800,14,2-3-6,1860,8,2-3,1470,8,,,,,,,
20250718,下関,1,予選,雨,南東,2,2,4,5,3831,安 藤 裕 貴,51,22,6.83,4,0.12,1.54.7,2-3-6,8880,41,2-3,2800,14,2-3-6,1860,8,2-3,1470,8,,,,,,,
20250718,下関,1,予選,雨,南東,2,2,5,1,4005,瀬 川 公 則,12,38,6.81,1,0.18,,2-3-6,8880,41,2-3,2800,14,2-3-6,1860,8,2-3,1470,8,,,,,,,
20250718,下関,1,予選,雨,南東,2,2,6,4,4693,松 下 誉 士,27,68,6.83,6,0.13,,2-3-6,8880,41,2-3,2800,14,2-3-6,1860,8,2-3,1470,8,,,,,,,
20250718,下関,2,予選,雨,南東,3,3,1,1,4251,川 崎 誠 志,43,66,6.80,1,0.24,1.50.2,1-2-3,610,1,1-2,360,2,1-2-3,240,1,1-2,420,2,,,,,,,
20250718,下関,2,予選,雨,南東,3,3,2,2,5143,常 盤 海 心,24,17,6.85,2,0.21,1.51.1,1-2-3,610,1,1-2,360,2,1-2-3,240,1,1-2,420,2,,,,,,,
20250718,下関,2,予選,雨,南東,3,3,3,3,5066,鈴 木 孝 明,17,23,6.85,3,0.20,1.51.3,1-2-3,610,1,1-2,360,2,1-2-3,240,1,1-2,420,2,,,,,,,
20250718,下関,2,予選,雨,南東,3,3,4,5,3863,海老澤 泰 行,45,47,6.89,5,0.23,1.53.6,1-2-3,610,1,1-2,360,2,1-2-3,240,1,1-2,420,2,,,,,,,
20250718,下関,2,予選,雨,南東,3,3,5,6,3315,広 瀬 聖 仁,11,59,6.88,6,0.15,,1-2-3,610,1,1-2,360,2,1-2-3,240,1,1-2,420,2,,,,,,,
20250718,下関,2,予選,雨,南東,3,3,6,4,5373,諏 訪 玲 奈,53,11,6.88,4,0.35,,1-2-3,610,1,1-2,360,2,1-2-3,240,1,1-2,420,2,,,,,,,
20250718,下関,3,予選,曇り,南東,3,3,1,1,3434,松 尾 宣 邦,25,20,6.86,1,0.03,1.51.3,1-2-3,3650,16,1-2,1660,8,1-2-3,1050,6,1-2,1150,4,,,,,,,
20250718,下関,3,予選,曇り,南東,3,3,2,2,5259,野 田 昇 吾,30,15,6.85,2,0.01,1.51.8,1-2-3,3650,16,1-2,1660,8,1-2-3,1050,6,1-2,1150,4,,,,,,,
20250718,下関,3,予選,曇り,南東,3,3,3,3,4009,小 林 一 樹,60,39,6.85,3,0.09,1.52.8,1-2-3,3650,16,1-2,1660,8,1-2-3,1050,6,1-2,1150,4,,,,,,,
20250718,下関,3,予選,曇り,南東,3,3,4,5,5189,藤 原 早 菜,42,46,6.87,5,0.04,1.54.5,1-2-3,3650,16,1-2,1660,8,1-2-3,1050,6,1-2,1150,4,,,,,,,
20250718,下関,3,予選,曇り,南東,3,3,5,4,4890,石 川 諒,55,63,6.83,4,0.06,,1-2-3,3650,16,1-2,1660,8,1-2-3,1050,6,1-2,1150,4,,,,,,,
20250718,下関,3,予選,曇り,南東,3,3,6,6,5367,赤 松 咲 香,57,30,6.84,6,0.02,,1-2-3,3650,16,1-2,1660,8,1-2-3,1050,6,1-2,1150,4,,,,,,,
20250718,下関,4,予選,曇り,南東,3,3,1,3,3611,岩 崎 芳 美,37,51,6.82,3,0.13,1.50.4,3-5-1,14600,50,3-5,4250,14,1-3-5,2180,9,3-5,3670,9,,,,,,,
20250718,下関,4,予選,曇り,南東,3,3,2,5,4143,浦 田 晃 嗣,21,40,6.81,5,0.07,1.52.8,3-5-1,14600,50,3-5,4250,14,1-3-5,2180,9,3-5,3670,9,,,,,,,
20250718,下関,4,予選,曇り,南東,3,3,3,1,3467,森 弘 行,19,73,6.75,1,0.17,1.54.0,3-5-1,14600,50,3-5,4250,14,1-3-5,2180,9,3-5,3670,9,,,,,,,
20250718,下関,4,予選,曇り,南東,3,3,4,4,4367,山 口 修 路,71,27,6.81,4,0.15,1.54.1,3-5-1,14600,50,3-5,4250,14,1-3-5,2180,9,3-5,3670,9,,,,,,,
20250718,下関,4,予選,曇り,南東,3,3,5,6,5015,高 橋 竜 矢,50,13,6.90,6,0.11,,3-5-1,14600,50,3-5,4250,14,1-3-5,2180,9,3-5,3670,9,,,,,,,
20250718,下関,4,予選,曇り,南東,3,3,6,2,5291,三 嶌 こころ,44,49,6.80,2,0.20,,3-5-1,14600,50,3-5,4250,14,1-3-5,2180,9,3-5,3670,9,,,,,,,
20250718,下関,5,シーモ戦,雨,南東,3,3,1,1,4951,新 田 洋 一,61,61,6.88,1,0.16,1.50.2,1-2-3,2410,10,1-2,1400,8,1-2-3,850,4,1-2,810,5,,,,,,,
20250718,下関,5,シーモ戦,雨,南東,3,3,2,2,4813,宮 内 直 哉,31,70,6.82,2,0.15,1.51.8,1-2-3,2410,10,1-2,1400,8,1-2-3,850,4,1-2,810,5,,,,,,,
20250718,下関,5,シーモ戦,雨,南東,3,3,3,3,5087,佐 藤 航,33,45,6.84,3,0.16,1.52.7,1-2-3,2410,10,1-2,1400,8,1-2-3,850,4,1-2,810,5,,,,,,,
20250718,下関,5,シーモ戦,雨,南東,3,3,4,4,4335,若 林 将,20,65,6.94,4,0.13,1.53.3,1-2-3,2410,10,1-2,1400,8,1-2-3,850,4,1-2,810,5,,,,,,,
20250718,下関,5,シーモ戦,雨,南東,3,3,5,5,3928,林 恵 祐,23,18,6.96,5,0.13,,1-2-3,2410,10,1-2,1400,8,1-2-3,850,4,1-2,810,5,,,,,,,
20250718,下関,5,シーモ戦,雨,南東,3,3,6,6,5397,寺 田 夢 生,40,50,6.87,6,0.18,,1-2-3,2410,10,1-2,1400,8,1-2-3,850,4,1-2,810,5,,,,,,,
20250718,下関,6,予選,雨,南東,3,3,1,1,4121,富 永 修 一,56,48,6.83,1,0.16,1.49.9,1-6-4,4090,17,1-6,710,3,1-4-6,2290,8,1-6,520,3,,,,,,,
20250718,下関,6,予選,雨,南東,3,3,2,6,4302,西 野 翔 太,68,62,6.86,4,0.16,1.51.1,1-6-4,4090,17,1-6,710,3,1-4-6,2290,8,1-6,520,3,,,,,,,
20250718,下関,6,予選,雨,南東,3,3,3,4,4853,前 原 哉,62,55,6.82,3,0.19,1.51.7,1-6-4,4090,17,1-6,710,3,1-4-6,2290,8,1-6,520,3,,,,,,,
20250718,下関,6,予選,雨,南東,3,3,4,5,5146,野 田 彩 加,39,67,6.91,5,0.22,1.52.6,1-6-4,4090,17,1-6,710,3,1-4-6,2290,8,1-6,520,3,,,,,,,
20250718,下関,6,予選,雨,南東,3,3,5,3,4734,安河内 将,73,54,6.83,2,0.19,,1-6-4,4090,17,1-6,710,3,1-4-6,2290,8,1-6,520,3,,,,,,,
20250718,下関,6,予選,雨,南東,3,3,6,2,4693,松 下 誉 士,27,68,6.87,6,0.23,,1-6-4,4090,17,1-6,710,3,1-4-6,2290,8,1-6,520,3,,,,,,,
20250718,下関,7,ふく～る特賞,曇り,東,2,2,1,4,3952,中 澤 和 志,65,24,6.83,4,0.05,1.51.2,4-2-1,4100,16,4-2,1430,6,1-2-4,390,2,2-4,1230,5,,,,,,,
20250718,下関,7,ふく～る特賞,曇り,東,2,2,2,2,3831,安 藤 裕 貴,51,22,6.83,2,0.06,1.52.1,4-2-1,4100,16,4-2,1430,6,1-2-4,390,2,2-4,1230,5,,,,,,,
20250718,下関,7,ふく～る特賞,曇り,東,2,2,3,1,4596,葛 原 大 陽,28,69,6.94,1,0.02,1.53.2,4-2-1,4100,16,4-2,1430,6,1-2-4,390,2,2-4,1230,5,,,,,,,
20250718,下関,7,ふく～る特賞,曇り,東,2,2,4,6,3939,渡 辺 真 至,66,58,6.83,6,0.07,1.54.4,4-2-1,4100,16,4-2,1430,6,1-2-4,390,2,2-4,1230,5,,,,,,,
20250718,下関,7,ふく～る特賞,曇り,東,2,2,5,5,3805,高 橋 英 之,22,64,6.82,5,0.06,,4-2-1,4100,16,4-2,1430,6,1-2-4,390,2,2-4,1230,5,,,,,,,
20250718,下関,7,ふく～る特賞,曇り,東,2,2,6,3,5259,野 田 昇 吾,30,15,6.83,3,0.04,,4-2-1,4100,16,4-2,1430,6,1-2-4,390,2,2-4,1230,5,,,,,,,
20250718,下関,8,予選 進入固定,曇り,南東,3,3,1,1,3554,仲 口 博 崇,35,33,6.80,1,0.16,1.51.5,1-4-6,11680,19,1-4,380,3,1-4-6,5120,8,1-4,350,2,,,,,,,
20250718,下関,8,予選 進入固定,曇り,南東,3,3,2,4,4425,大 井 清 貴,14,60,6.87,4,0.10,1.52.7,1-4-6,11680,19,1-4,380,3,1-4-6,5120,8,1-4,350,2,,,,,,,
20250718,下関,8,予選 進入固定,曇り,南東,3,3,3,6,5373,諏 訪 玲 奈,53,11,6.80,6,0.12,1.53.5,1-4-6,11680,19,1-4,380,3,1-4-6,5120,8,1-4,350,2,,,,,,,
20250718,下関,8,予選 進入固定,曇り,南東,3,3,4,5,4899,占 部 一 真,46,37,6.95,5,0.08,1.53.9,1-4-6,11680,19,1-4,380,3,1-4-6,5120,8,1-4,350,2,,,,,,,
20250718,下関,8,予選 進入固定,曇り,南東,3,3,5,3,3434,松 尾 宣 邦,25,20,6.85,3,0.25,,1-4-6,11680,19,1-4,380,3,1-4-6,5120,8,1-4,350,2,,,,,,,
20250718,下関,8,予選 進入固定,曇り,南東,3,3,6,2,3467,森 弘 行,19,73,6.79,2,0.13,,1-4-6,11680,19,1-4,380,3,1-4-6,5120,8,1-4,350,2,,,,,,,
20250718,下関,9,予選,曇り,南東,3,3,1,3,3807,岡 部 哲,59,42,6.88,4,0.23,1.51.0,3-1-6,5030,16,3-1,2380,6,1-3-6,320,1,1-3,440,3,,,,,,,
20250718,下関,9,予選,曇り,南東,3,3,2,1,5218,山 田 理 央,48,25,6.79,1,0.23,1.53.1,3-1-6,5030,16,3-1,2380,6,1-3-6,320,1,1-3,440,3,,,,,,,
20250718,下関,9,予選,曇り,南東,3,3,3,6,3574,大 神 康 司,54,43,6.89,2,0.27,1.53.1,3-1-6,5030,16,3-1,2380,6,1-3-6,320,1,1-3,440,3,,,,,,,
20250718,下関,9,予選,曇り,南東,3,3,4,2,3928,林 恵 祐,23,18,6.86,3,0.19,1.55.5,3-1-6,5030,16,3-1,2380,6,1-3-6,320,1,1-3,440,3,,,,,,,
20250718,下関,9,予選,曇り,南東,3,3,5,4,5367,赤 松 咲 香,57,30,6.79,5,0.21,,3-1-6,5030,16,3-1,2380,6,1-3-6,320,1,1-3,440,3,,,,,,,
20250718,下関,9,予選,曇り,南東,3,3,6,5,5291,三 嶌 こころ,44,49,6.83,6,0.26,,3-1-6,5030,16,3-1,2380,6,1-3-6,320,1,1-3,440,3,,,,,,,
20250718,下関,10,予選特賞,曇り,南東,3,3,1,2,4302,西 野 翔 太,68,62,6.90,2,0.05,1.49.8,2-6-3,28810,70,2-6,3280,13,2-3-6,5950,17,2-6,1660,6,,,,,,,
20250718,下関,10,予選特賞,曇り,南東,3,3,2,6,3611,岩 崎 芳 美,37,51,6.88,6,0.12,1.51.9,2-6-3,28810,70,2-6,3280,13,2-3-6,5950,17,2-6,1660,6,,,,,,,
20250718,下関,10,予選特賞,曇り,南東,3,3,3,3,5143,常 盤 海 心,24,17,6.84,3,0.10,1.53.1,2-6-3,28810,70,2-6,3280,13,2-3-6,5950,17,2-6,1660,6,,,,,,,
20250718,下関,10,予選特賞,曇り,南東,3,3,4,5,4813,宮 内 直 哉,31,70,6.81,5,0.11,1.53.9,2-6-3,28810,70,2-6,3280,13,2-3-6,5950,17,2-6,1660,6,,,,,,,
20250718,下関,10,予選特賞,曇り,南東,3,3,5,1,4009,小 林 一 樹,60,39,6.84,1,0.07,,2-6-3,28810,70,2-6,3280,13,2-3-6,5950,17,2-6,1660,6,,,,,,,
20250718,下関,10,予選特賞,曇り,南東,3,3,6,4,4674,池 田 剛 規,34,52,6.85,4,0.04,,2-6-3,28810,70,2-6,3280,13,2-3-6,5950,17,2-6,1660,6,,,,,,,
20250718,下関,11,予選特選,曇り,南東,4,4,1,1,4734,安河内 将,73,54,6.83,1,0.15,1.49.8,1-6-5,4110,14,1-6,1020,3,1-5-6,1360,6,1-6,680,2,,,,,,,
20250718,下関,11,予選特選,曇り,南東,4,4,2,6,5087,佐 藤 航,33,45,6.78,6,0.05,1.51.5,1-6-5,4110,14,1-6,1020,3,1-5-6,1360,6,1-6,680,2,,,,,,,
20250718,下関,11,予選特選,曇り,南東,4,4,3,5,4596,葛 原 大 陽,28,69,6.92,5,0.07,1.52.9,1-6-5,4110,14,1-6,1020,3,1-5-6,1360,6,1-6,680,2,,,,,,,
20250718,下関,11,予選特選,曇り,南東,4,4,4,4,5189,藤 原 早 菜,42,46,6.82,4,0.14,1.53.5,1-6-5,4110,14,1-6,1020,3,1-5-6,1360,6,1-6,680,2,,,,,,,
20250718,下関,11,予選特選,曇り,南東,4,4,5,3,3863,海老澤 泰 行,45,47,6.92,3,0.21,,1-6-5,4110,14,1-6,1020,3,1-5-6,1360,6,1-6,680,2,,,,,,,
20250718,下関,11,予選特選,曇り,南東,4,4,6,2,5015,高 橋 竜 矢,50,13,6.86,2,0.17,,1-6-5,4110,14,1-6,1020,3,1-5-6,1360,6,1-6,680,2,,,,,,,
20250718,下関,12,一般シーボー,曇り,南東,3,3,1,1,3952,中 澤 和 志,65,24,6.79,1,0.09,1.49.9,1-2-6,1220,4,1-2,310,2,1-2-6,820,4,1-2,390,2,,,,,,,
20250718,下関,12,一般シーボー,曇り,南東,3,3,2,2,4890,石 川 諒,55,63,6.83,2,0.08,1.50.9,1-2-6,1220,4,1-2,310,2,1-2-6,820,4,1-2,390,2,,,,,,,
20250718,下関,12,一般シーボー,曇り,南東,3,3,3,6,4335,若 林 将,20,65,6.90,6,0.16,1.51.2,1-2-6,1220,4,1-2,310,2,1-2-6,820,4,1-2,390,2,,,,,,,
20250718,下関,12,一般シーボー,曇り,南東,3,3,4,5,4981,牧 山 敦 也,36,12,6.87,5,0.18,1.53.7,1-2-6,1220,4,1-2,310,2,1-2-6,820,4,1-2,390,2,,,,,,,
20250718,下関,12,一般シーボー,曇り,南東,3,3,5,3,3554,仲 口 博 崇,35,33,6.82,3,0.17,,1-2-6,1220,4,1-2,310,2,1-2-6,820,4,1-2,390,2,,,,,,,
20250718,下関,12,一般シーボー,曇り,南東,3,3,6,4,4251,川 崎 誠 志,43,66,6.89,4,0.23,,1-2-6,1220,4,1-2,310,2,1-2-6,820,4,1-2,390,2,,,,,,,
20250718,丸亀,1,予選,晴,西,4,4,1,5,3444,香 月 大 介,47,4,6.98,5,0.22,1.52.6,5-1-2,16090,50,5-1,3220,13,1-2-5,960,4,1-5,1400,7,,,,,,,
20250718,丸亀,1,予選,晴,西,4,4,2,1,4511,中 岡 健 人,1,20,6.91,1,0.31,1.53.5,5-1-2,16090,50,5-1,3220,13,1-2-5,960,4,1-5,1400,7,,,,,,,
20250718,丸亀,1,予選,晴,西,4,4,3,2,4664,東 口 晃,15,23,7.02,2,0.33,1.54.6,5-1-2,16090,50,5-1,3220,13,1-2-5,960,4,1-5,1400,7,,,,,,,
20250718,丸亀,1,予選,晴,西,4,4,4,3,4435,服 部 達 哉,40,24,6.97,3,0.42,1.55.5,5-1-2,16090,50,5-1,3220,13,1-2-5,960,4,1-5,1400,7,,,,,,,
20250718,丸亀,1,予選,晴,西,4,4,5,4,4782,浜 崎 準 也,20,6,6.92,4,0.29,1.56.9,5-1-2,16090,50,5-1,3220,13,1-2-5,960,4,1-5,1400,7,,,,,,,
20250718,丸亀,1,予選,晴,西,4,4,6,6,5363,山 本 凱 立,4,57,6.87,6,0.29,1.57.7,5-1-2,16090,50,5-1,3220,13,1-2-5,960,4,1-5,1400,7,,,,,,,
20250718,丸亀,2,予選,晴,西,1,1,1,1,3812,山 崎 聖 司,53,9,6.81,1,0.17,1.51.8,1-2-4,2420,6,1-2,480,2,1-2-4,800,4,1-2,200,1,,,,,,,
20250718,丸亀,2,予選,晴,西,1,1,2,2,3442,宮 武 英 司,64,55,6.78,2,0.19,1.52.4,1-2-4,2420,6,1-2,480,2,1-2-4,800,4,1-2,200,1,,,,,,,
20250718,丸亀,2,予選,晴,西,1,1,3,4,4355,小 川 広 大,5,60,6.89,4,0.21,1.54.1,1-2-4,2420,6,1-2,480,2,1-2-4,800,4,1-2,200,1,,,,,,,
20250718,丸亀,2,予選,晴,西,1,1,4,6,4842,山 下 昂 大,34,17,6.92,6,0.22,1.54.3,1-2-4,2420,6,1-2,480,2,1-2-4,800,4,1-2,200,1,,,,,,,
20250718,丸亀,2,予選,晴,西,1,1,5,5,4218,吉 川 喜 継,54,10,6.93,5,0.21,1.55.0,1-2-4,2420,6,1-2,480,2,1-2-4,800,4,1-2,200,1,,,,,,,
20250718,丸亀,2,予選,晴,西,1,1,6,3,3372,加 藤 雅 之,35,3,6.87,3,0.24,1.56.0,1-2-4,2420,6,1-2,480,2,1-2-4,800,4,1-2,200,1,,,,,,,
20250718,丸亀,3,予選,晴,北西,1,1,1,5,3992,関 口 智 久,59,21,6.86,5,0.06,1.51.3,5-6-3,13740,59,5-6,2730,12,3-5-6,2630,10,5-6,3090,14,,,,,,,
20250718,丸亀,3,予選,晴,北西,1,1,2,6,4295,小 坂 尚 哉,51,16,6.83,6,0.10,1.51.9,5-6-3,13740,59,5-6,2730,12,3-5-6,2630,10,5-6,3090,14,,,,,,,
20250718,丸亀,3,予選,晴,北西,1,1,3,3,5032,谷 口 知 優,55,56,6.90,3,0.09,1.54.1,5-6-3,13740,59,5-6,2730,12,3-5-6,2630,10,5-6,3090,14,,,,,,,
20250718,丸亀,3,予選,晴,北西,1,1,4,4,4204,柴 田 大 輔,14,66,6.72,4,0.04,1.55.8,5-6-3,13740,59,5-6,2730,12,3-5-6,2630,10,5-6,3090,14,,,,,,,
20250718,丸亀,3,予選,晴,北西,1,1,5,2,4108,吉 村 正 明,25,61,6.89,2,0.15,1.56.9,5-6-3,13740,59,5-6,2730,12,3-5-6,2630,10,5-6,3090,14,,,,,,,
20250718,丸亀,3,予選,晴,北西,1,1,6,1,3757,畑 和 宏,11,65,6.87,1,0.23,1.58.2,5-6-3,13740,59,5-6,2730,12,3-5-6,2630,10,5-6,3090,14,,,,,,,
20250718,丸亀,4,予選,晴,南,3,3,1,5,4105,松 下 直 也,56,50,6.88,5,0.11,1.51.3,5-4-6,9950,40,5-4,3970,17,4-5-6,2500,13,4-5,2260,10,,,,,,,
20250718,丸亀,4,予選,晴,南,3,3,2,4,3212,亀 本 勇 樹,9,53,6.92,4,0.12,1.52.3,5-4-6,9950,40,5-4,3970,17,4-5-6,2500,13,4-5,2260,10,,,,,,,
20250718,丸亀,4,予選,晴,南,3,3,3,6,4700,金 子 和 之,33,63,6.84,6,0.25,1.52.8,5-4-6,9950,40,5-4,3970,17,4-5-6,2500,13,4-5,2260,10,,,,,,,
20250718,丸亀,4,予選,晴,南,3,3,4,2,3461,渡 邊 哲 也,49,11,6.87,3,0.37,1.55.5,5-4-6,9950,40,5-4,3970,17,4-5-6,2500,13,4-5,2260,10,,,,,,,
20250718,丸亀,4,予選,晴,南,3,3,5,1,3523,寳 田 亮 治,18,19,6.89,1,0.19,1.56.0,5-4-6,9950,40,5-4,3970,17,4-5-6,2500,13,4-5,2260,10,,,,,,,
20250718,丸亀,4,予選,晴,南,3,3,6,3,3870,寺 嶋 雄,19,7,6.93,2,0.23,1.59.3,5-4-6,9950,40,5-4,3970,17,4-5-6,2500,13,4-5,2260,10,,,,,,,
20250718,丸亀,5,予選,曇り,南,3,3,1,2,4245,高 橋 直 哉,37,46,7.01,2,0.14,1.51.9,2-1-6,7150,33,2-1,1460,6,1-2-6,2230,15,1-2,720,2,,,,,,,
20250718,丸亀,5,予選,曇り,南,3,3,2,1,3714,梶 原 正,62,51,6.98,1,0.14,1.53.4,2-1-6,7150,33,2-1,1460,6,1-2-6,2230,15,1-2,720,2,,,,,,,
20250718,丸亀,5,予選,曇り,南,3,3,3,6,4850,野 中 一 平,29,48,6.94,6,0.11,1.54.2,2-1-6,7150,33,2-1,1460,6,1-2-6,2230,15,1-2,720,2,,,,,,,
20250718,丸亀,5,予選,曇り,南,3,3,4,4,3731,高 濱 芳 久,17,15,6.95,4,0.11,1.54.6,2-1-6,7150,33,2-1,1460,6,1-2-6,2230,15,1-2,720,2,,,,,,,
20250718,丸亀,5,予選,曇り,南,3,3,5,3,3558,山 本 浩 次,7,58,6.89,3,0.14,1.55.7,2-1-6,7150,33,2-1,1460,6,1-2-6,2230,15,1-2,720,2,,,,,,,
20250718,丸亀,5,予選,曇り,南,3,3,6,5,4239,竹 田 辰 也,46,8,6.95,5,0.09,1.55.8,2-1-6,7150,33,2-1,1460,6,1-2-6,2230,15,1-2,720,2,,,,,,,
20250718,丸亀,6,かけうどん６,曇り,南,3,3,1,2,4303,牧 原 崇,60,54,6.89,2,0.17,1.51.9,2-4-1,2870,10,2-4,1930,8,1-2-4,180,1,2-4,650,3,,,,,,,
20250718,丸亀,6,かけうどん６,曇り,南,3,3,2,4,3654,武 田 光 史,16,59,6.95,4,0.11,1.52.3,2-4-1,2870,10,2-4,1930,8,1-2-4,180,1,2-4,650,3,,,,,,,
20250718,丸亀,6,かけうどん６,曇り,南,3,3,3,1,4594,谷 川 祐 一,22,47,6.99,1,0.13,1.53.7,2-4-1,2870,10,2-4,1930,8,1-2-4,180,1,2-4,650,3,,,,,,,
20250718,丸亀,6,かけうどん６,曇り,南,3,3,4,6,3742,宮 地 秀 祈,39,49,6.98,6,0.13,1.55.5,2-4-1,2870,10,2-4,1930,8,1-2-4,180,1,2-4,650,3,,,,,,,
20250718,丸亀,6,かけうどん６,曇り,南,3,3,5,5,4896,花 本 剛,23,52,6.96,5,0.13,1.56.6,2-4-1,2870,10,2-4,1930,8,1-2-4,180,1,2-4,650,3,,,,,,,
20250718,丸亀,6,かけうどん６,曇り,南,3,3,6,3,3787,天 野 誠,61,14,6.94,3,0.13,1.58.1,2-4-1,2870,10,2-4,1930,8,1-2-4,180,1,2-4,650,3,,,,,,,
20250718,丸亀,7,ざるうどん７,曇り,南,4,4,1,1,3771,折 下 寛 法,28,2,7.01,1,0.16,1.51.2,1-3-2,1270,3,1-3,530,1,1-2-3,280,1,1-3,230,1,,,,,,,
20250718,丸亀,7,ざるうどん７,曇り,南,4,4,2,3,5043,中 村 日 向,10,18,6.95,3,0.15,1.52.0,1-3-2,1270,3,1-3,530,1,1-2-3,280,1,1-3,230,1,,,,,,,
20250718,丸亀,7,ざるうどん７,曇り,南,4,4,3,2,4513,河 野 真 也,41,13,6.95,2,0.25,1.54.6,1-3-2,1270,3,1-3,530,1,1-2-3,280,1,1-3,230,1,,,,,,,
20250718,丸亀,7,ざるうどん７,曇り,南,4,4,4,5,3833,中 辻 博 訓,8,12,7.07,5,0.10,1.55.4,1-3-2,1270,3,1-3,530,1,1-2-3,280,1,1-3,230,1,,,,,,,
20250718,丸亀,7,ざるうどん７,曇り,南,4,4,5,4,3642,大 塚 浩 二,13,25,6.99,4,0.20,1.57.1,1-3-2,1270,3,1-3,530,1,1-2-3,280,1,1-3,230,1,,,,,,,
20250718,丸亀,7,ざるうどん７,曇り,南,4,4,6,6,3372,加 藤 雅 之,35,3,7.00,6,0.16,1.58.8,1-3-2,1270,3,1-3,530,1,1-2-3,280,1,1-3,230,1,,,,,,,
20250718,丸亀,8,釜揚げ８ 進入固定,曇り,南,5,5,1,1,4828,松 山 将 吾,48,45,6.95,1,0.15,1.51.6,1-2-3,520,2,1-2,230,1,1-2-3,290,2,1-2,150,1,,,,,,,
20250718,丸亀,8,釜揚げ８ 進入固定,曇り,南,5,5,2,2,3992,関 口 智 久,59,21,6.92,2,0.25,1.53.7,1-2-3,520,2,1-2,230,1,1-2-3,290,2,1-2,150,1,,,,,,,
20250718,丸亀,8,釜揚げ８ 進入固定,曇り,南,5,5,3,3,4368,山 口 隆 史,50,64,6.92,3,0.14,1.55.0,1-2-3,520,2,1-2,230,1,1-2-3,290,2,1-2,150,1,,,,,,,
20250718,丸亀,8,釜揚げ８ 進入固定,曇り,南,5,5,4,6,3870,寺 嶋 雄,19,7,7.01,6,0.11,1.55.6,1-2-3,520,2,1-2,230,1,1-2-3,290,2,1-2,150,1,,,,,,,
20250718,丸亀,8,釜揚げ８ 進入固定,曇り,南,5,5,5,4,4842,山 下 昂 大,34,17,6.99,4,0.14,1.56.2,1-2-3,520,2,1-2,230,1,1-2-3,290,2,1-2,150,1,,,,,,,
20250718,丸亀,8,釜揚げ８ 進入固定,曇り,南,5,5,6,5,4511,中 岡 健 人,1,20,6.95,5,0.12,1.59.5,1-2-3,520,2,1-2,230,1,1-2-3,290,2,1-2,150,1,,,,,,,
20250718,丸亀,9,ウチまる特賞,曇り,南,4,4,1,1,3731,高 濱 芳 久,17,15,7.04,1,0.15,1.51.4,1-3-2,870,1,1-3,320,1,1-2-3,370,1,1-3,240,1,,,,,,,
20250718,丸亀,9,ウチまる特賞,曇り,南,4,4,2,3,4105,松 下 直 也,56,50,6.94,3,0.21,1.52.5,1-3-2,870,1,1-3,320,1,1-2-3,370,1,1-3,240,1,,,,,,,
20250718,丸亀,9,ウチまる特賞,曇り,南,4,4,3,2,4635,峰 重 力 也,43,62,7.00,2,0.13,1.54.1,1-3-2,870,1,1-3,320,1,1-2-3,370,1,1-3,240,1,,,,,,,
20250718,丸亀,9,ウチまる特賞,曇り,南,4,4,4,4,4435,服 部 達 哉,40,24,6.92,6,0.29,1.55.0,1-3-2,870,1,1-3,320,1,1-2-3,370,1,1-3,240,1,,,,,,,
20250718,丸亀,9,ウチまる特賞,曇り,南,4,4,5,6,3442,宮 武 英 司,64,55,6.94,4,0.25,1.55.4,1-3-2,870,1,1-3,320,1,1-2-3,370,1,1-3,240,1,,,,,,,
20250718,丸亀,9,ウチまる特賞,曇り,南,4,4,6,5,4108,吉 村 正 明,25,61,7.07,5,0.20,1.58.8,1-3-2,870,1,1-3,320,1,1-2-3,370,1,1-3,240,1,,,,,,,
20250718,丸亀,10,蒼月まるる特,曇り,南,3,3,1,1,4303,牧 原 崇,60,54,6.89,1,0.18,1.51.5,1-3-4,770,2,1-3,410,2,1-3-4,290,1,1-3,310,2,,,,,,,
20250718,丸亀,10,蒼月まるる特,曇り,南,3,3,2,3,4245,高 橋 直 哉,37,46,6.97,3,0.13,1.52.4,1-3-4,770,2,1-3,410,2,1-3-4,290,1,1-3,310,2,,,,,,,
20250718,丸亀,10,蒼月まるる特,曇り,南,3,3,3,4,4218,吉 川 喜 継,54,10,6.95,4,0.17,1.54.4,1-3-4,770,2,1-3,410,2,1-3-4,290,1,1-3,310,2,,,,,,,
20250718,丸亀,10,蒼月まるる特,曇り,南,3,3,4,2,3444,香 月 大 介,47,4,6.87,2,0.14,1.55.9,1-3-4,770,2,1-3,410,2,1-3-4,290,1,1-3,310,2,,,,,,,
20250718,丸亀,10,蒼月まるる特,曇り,南,3,3,5,6,3461,渡 邊 哲 也,49,11,6.95,6,0.19,1.56.7,1-3-4,770,2,1-3,410,2,1-3-4,290,1,1-3,310,2,,,,,,,
20250718,丸亀,10,蒼月まるる特,曇り,南,3,3,6,5,3757,畑 和 宏,11,65,7.03,5,0.16,1.58.8,1-3-4,770,2,1-3,410,2,1-3-4,290,1,1-3,310,2,,,,,,,
20250718,丸亀,11,予選選抜,曇り,南東,3,3,1,1,3833,中 辻 博 訓,8,12,6.87,1,0.13,1.50.9,1-3-2,710,2,1-3,360,2,1-2-3,190,1,1-3,270,2,,,,,,,
20250718,丸亀,11,予選選抜,曇り,南東,3,3,2,3,4594,谷 川 祐 一,22,47,6.91,3,0.12,1.51.8,1-3-2,710,2,1-3,360,2,1-2-3,190,1,1-3,270,2,,,,,,,
20250718,丸亀,11,予選選抜,曇り,南東,3,3,3,2,4850,野 中 一 平,29,48,6.84,2,0.08,1.53.8,1-3-2,710,2,1-3,360,2,1-2-3,190,1,1-3,270,2,,,,,,,
20250718,丸亀,11,予選選抜,曇り,南東,3,3,4,5,4782,浜 崎 準 也,20,6,6.81,5,0.21,1.55.0,1-3-2,710,2,1-3,360,2,1-2-3,190,1,1-3,270,2,,,,,,,
20250718,丸亀,11,予選選抜,曇り,南東,3,3,5,6,5032,谷 口 知 優,55,56,6.79,6,0.15,1.55.0,1-3-2,710,2,1-3,360,2,1-2-3,190,1,1-3,270,2,,,,,,,
20250718,丸亀,11,予選選抜,曇り,南東,3,3,6,4,3523,寳 田 亮 治,18,19,6.96,4,0.13,1.55.6,1-3-2,710,2,1-3,360,2,1-2-3,190,1,1-3,270,2,,,,,,,
20250718,丸亀,12,ドリーム,曇り,南東,3,3,1,2,3654,武 田 光 史,16,59,6.87,2,0.16,1.50.8,2-5-1,26950,56,2-5,10620,17,1-2-5,730,4,2-5,4590,10,,,,,,,
20250718,丸亀,12,ドリーム,曇り,南東,3,3,2,5,4828,松 山 将 吾,48,45,6.87,5,0.11,1.51.9,2-5-1,26950,56,2-5,10620,17,1-2-5,730,4,2-5,4590,10,,,,,,,
20250718,丸亀,12,ドリーム,曇り,南東,3,3,3,1,5043,中 村 日 向,10,18,6.92,1,0.11,1.53.0,2-5-1,26950,56,2-5,10620,17,1-2-5,730,4,2-5,4590,10,,,,,,,
20250718,丸亀,12,ドリーム,曇り,南東,3,3,4,4,4295,小 坂 尚 哉,51,16,6.77,4,0.15,1.53.6,2-5-1,26950,56,2-5,10620,17,1-2-5,730,4,2-5,4590,10,,,,,,,
20250718,丸亀,12,ドリーム,曇り,南東,3,3,5,3,4700,金 子 和 之,33,63,6.97,3,0.13,1.54.6,2-5-1,26950,56,2-5,10620,17,1-2-5,730,4,2-5,4590,10,,,,,,,
20250718,丸亀,12,ドリーム,曇り,南東,3,3,6,6,4239,竹 田 辰 也,46,8,6.94,6,0.14,1.57.1,2-5-1,26950,56,2-5,10620,17,1-2-5,730,4,2-5,4590,10,,,,,,,
20250718,児島,1,朝得ガァ～コ,晴,無風,0,1,1,1,4036,金 田 諭,59,36,6.82,1,0.17,1.50.0,1-2-3,570,2,1-2,290,1,1-2-3,320,1,1-2,220,1,,,,,,,
20250718,児島,1,朝得ガァ～コ,晴,無風,0,1,2,2,4271,川 崎 公 靖,34,74,6.88,2,0.21,1.51.1,1-2-3,570,2,1-2,290,1,1-2-3,320,1,1-2,220,1,,,,,,,
20250718,児島,1,朝得ガァ～コ,晴,無風,0,1,3,3,4636,赤 池 修 平,35,68,6.96,3,0.20,1.53.8,1-2-3,570,2,1-2,290,1,1-2-3,320,1,1-2,220,1,,,,,,,
20250718,児島,1,朝得ガァ～コ,晴,無風,0,1,4,5,4917,岩 橋 裕 馬,40,51,6.95,5,0.19,1.54.9,1-2-3,570,2,1-2,290,1,1-2-3,320,1,1-2,220,1,,,,,,,
20250718,児島,1,朝得ガァ～コ,晴,無風,0,1,5,4,4457,神 田 達 也,51,72,7.02,4,0.20,,1-2-3,570,2,1-2,290,1,1-2-3,320,1,1-2,220,1,,,,,,,
20250718,児島,1,朝得ガァ～コ,晴,無風,0,1,6,6,5392,安 武 一 也,28,66,6.91,6,0.30,,1-2-3,570,2,1-2,290,1,1-2-3,320,1,1-2,220,1,,,,,,,
20250718,児島,2,予選,晴,南西,1,1,1,1,3935,岩 津 徹 郎,33,33,7.00,1,0.17,1.51.4,1-2-3,610,1,1-2,440,2,1-2-3,260,1,1-2,370,2,,,,,,,
20250718,児島,2,予選,晴,南西,1,1,2,2,3477,近 藤 稔 也,26,38,6.88,2,0.15,1.52.9,1-2-3,610,1,1-2,440,2,1-2-3,260,1,1-2,370,2,,,,,,,
20250718,児島,2,予選,晴,南西,1,1,3,3,4020,川 上 清 人,70,71,6.91,3,0.14,1.53.6,1-2-3,610,1,1-2,440,2,1-2-3,260,1,1-2,370,2,,,,,,,
20250718,児島,2,予選,晴,南西,1,1,4,4,3411,池 上 隆 行,14,63,7.02,4,0.07,1.54.5,1-2-3,610,1,1-2,440,2,1-2-3,260,1,1-2,370,2,,,,,,,
20250718,児島,2,予選,晴,南西,1,1,5,5,4988,牟 田 奨 太,58,70,7.05,5,0.06,,1-2-3,610,1,1-2,440,2,1-2-3,260,1,1-2,370,2,,,,,,,
20250718,児島,2,予選,晴,南西,1,1,6,6,5408,中 山 鷹 輔,30,27,6.92,6,0.19,,1-2-3,610,1,1-2,440,2,1-2-3,260,1,1-2,370,2,,,,,,,
20250718,児島,3,予選,晴,南西,1,1,1,1,4691,水 原 慎,13,13,6.88,1,0.18,1.50.8,1-4-2,1890,6,1-4,500,3,1-2-4,850,3,1-4,670,2,,,,,,,
20250718,児島,3,予選,晴,南西,1,1,2,4,3746,岡 瀬 正 人,56,30,6.87,4,0.10,1.51.4,1-4-2,1890,6,1-4,500,3,1-2-4,850,3,1-4,670,2,,,,,,,
20250718,児島,3,予選,晴,南西,1,1,3,2,4564,山 本 景士郎,44,62,7.04,2,0.16,1.53.0,1-4-2,1890,6,1-4,500,3,1-2-4,850,3,1-4,670,2,,,,,,,
20250718,児島,3,予選,晴,南西,1,1,4,3,4949,横 田 貴 満,62,26,7.04,3,0.08,1.54.1,1-4-2,1890,6,1-4,500,3,1-2-4,850,3,1-4,670,2,,,,,,,
20250718,児島,3,予選,晴,南西,1,1,5,6,3656,伯 母 芳 恒,42,55,6.99,6,0.04,,1-4-2,1890,6,1-4,500,3,1-2-4,850,3,1-4,670,2,,,,,,,
20250718,児島,3,予選,晴,南西,1,1,6,5,5303,土 井 歩 夢,15,41,7.03,5,0.08,,1-4-2,1890,6,1-4,500,3,1-2-4,850,3,1-4,670,2,,,,,,,
20250718,児島,4,コジマだ４っ,晴,南,1,1,1,4,4033,伊 藤 将 吉,60,43,6.90,4,0.14,1.50.8,4-5-2,3650,15,4-5,1180,6,2-4-5,1770,8,4-5,1150,7,,,,,,,
20250718,児島,4,コジマだ４っ,晴,南,1,1,2,5,5288,尾 道 佳 諭,67,42,6.89,5,0.27,1.52.8,4-5-2,3650,15,4-5,1180,6,2-4-5,1770,8,4-5,1150,7,,,,,,,
20250718,児島,4,コジマだ４っ,晴,南,1,1,3,2,4257,古 川 健,46,67,6.91,2,0.21,1.54.2,4-5-2,3650,15,4-5,1180,6,2-4-5,1770,8,4-5,1150,7,,,,,,,
20250718,児島,4,コジマだ４っ,晴,南,1,1,4,1,3934,鋤 柄 貴 俊,19,14,7.07,1,0.27,1.54.9,4-5-2,3650,15,4-5,1180,6,2-4-5,1770,8,4-5,1150,7,,,,,,,
20250718,児島,4,コジマだ４っ,晴,南,1,1,5,3,4463,三 苫 晃 幸,43,37,6.98,3,0.20,,4-5-2,3650,15,4-5,1180,6,2-4-5,1770,8,4-5,1150,7,,,,,,,
20250718,児島,4,コジマだ４っ,晴,南,1,1,6,6,4200,早 川 尚 人,52,64,6.95,6,0.17,,4-5-2,3650,15,4-5,1180,6,2-4-5,1770,8,4-5,1150,7,,,,,,,
20250718,児島,5,日替艇食戦,晴,南,1,1,1,2,4876,梅 木 敬 太,65,57,6.92,3,0.09,1.50.6,2-4-6,3700,13,2-4,1300,5,2-4-6,530,3,2-4,300,1,,,,,,,
20250718,児島,5,日替艇食戦,晴,南,1,1,2,4,3024,西 島 義 則,37,22,7.02,2,0.11,1.53.0,2-4-6,3700,13,2-4,1300,5,2-4-6,530,3,2-4,300,1,,,,,,,
20250718,児島,5,日替艇食戦,晴,南,1,1,3,6,4518,大須賀 友,24,45,6.94,6,0.06,1.53.6,2-4-6,3700,13,2-4,1300,5,2-4-6,530,3,2-4,300,1,,,,,,,
20250718,児島,5,日替艇食戦,晴,南,1,1,4,1,3546,中 里 昌 志,48,28,6.99,1,0.17,1.53.9,2-4-6,3700,13,2-4,1300,5,2-4-6,530,3,2-4,300,1,,,,,,,
20250718,児島,5,日替艇食戦,晴,南,1,1,5,3,4449,中 嶋 達 也,20,48,6.92,4,0.07,,2-4-6,3700,13,2-4,1300,5,2-4-6,530,3,2-4,300,1,,,,,,,
20250718,児島,5,日替艇食戦,晴,南,1,1,6,5,5101,表 健 太,41,39,6.92,5,0.08,,2-4-6,3700,13,2-4,1300,5,2-4-6,530,3,2-4,300,1,,,,,,,
20250718,児島,6,昼得クラリス,晴,南,1,1,1,2,4793,金 子 萌,11,58,6.94,2,0.16,1.49.9,2-1-3,1320,5,2-1,460,3,1-2-3,180,1,1-2,150,1,,,,,,,
20250718,児島,6,昼得クラリス,晴,南,1,1,2,1,3612,馬 袋 義 則,54,73,7.00,1,0.18,1.52.6,2-1-3,1320,5,2-1,460,3,1-2-3,180,1,1-2,150,1,,,,,,,
20250718,児島,6,昼得クラリス,晴,南,1,1,3,3,4260,中 越 博 紀,25,69,7.08,3,0.19,1.53.1,2-1-3,1320,5,2-1,460,3,1-2-3,180,1,1-2,150,1,,,,,,,
20250718,児島,6,昼得クラリス,晴,南,1,1,4,5,4880,澤 崎 雄 哉,12,32,7.05,5,0.16,1.54.4,2-1-3,1320,5,2-1,460,3,1-2-3,180,1,1-2,150,1,,,,,,,
20250718,児島,6,昼得クラリス,晴,南,1,1,5,4,3974,深 山 祐 二,68,75,6.96,4,0.17,,2-1-3,1320,5,2-1,460,3,1-2-3,180,1,1-2,150,1,,,,,,,
20250718,児島,6,昼得クラリス,晴,南,1,1,6,6,5401,谷 海夏人,50,12,6.92,6,0.15,,2-1-3,1320,5,2-1,460,3,1-2-3,180,1,1-2,150,1,,,,,,,
20250718,児島,7,予選,晴,南西,1,1,1,3,4056,小 西 英 輝,64,56,6.97,3,0.09,1.50.8,3-4-6,26750,60,3-4,4060,14,3-4-6,8490,14,3-4,2360,7,,,,,,,
20250718,児島,7,予選,晴,南西,1,1,2,4,3556,田 中 信一郎,27,23,6.93,4,0.13,1.52.0,3-4-6,26750,60,3-4,4060,14,3-4-6,8490,14,3-4,2360,7,,,,,,,
20250718,児島,7,予選,晴,南西,1,1,3,6,4271,川 崎 公 靖,34,74,7.01,6,0.19,1.53.2,3-4-6,26750,60,3-4,4060,14,3-4-6,8490,14,3-4,2360,7,,,,,,,
20250718,児島,7,予選,晴,南西,1,1,4,2,4543,重 木 輝 彦,31,15,6.96,2,0.15,1.54.7,3-4-6,26750,60,3-4,4060,14,3-4-6,8490,14,3-4,2360,7,,,,,,,
20250718,児島,7,予選,晴,南西,1,1,5,1,3224,栗 山 繁 洋,17,54,6.91,1,0.18,,3-4-6,26750,60,3-4,4060,14,3-4-6,8490,14,3-4,2360,7,,,,,,,
20250718,児島,7,予選,晴,南西,1,1,6,5,4691,水 原 慎,13,13,6.98,5,0.14,,3-4-6,26750,60,3-4,4060,14,3-4-6,8490,14,3-4,2360,7,,,,,,,
20250718,児島,8,予選,晴,南西,2,3,1,4,5303,土 井 歩 夢,15,41,7.07,4,0.10,1.52.0,4-5-3,72220,92,4-5,7900,17,3-4-5,15480,19,4-5,7170,12,,,,,,,
20250718,児島,8,予選,晴,南西,2,3,2,5,3477,近 藤 稔 也,26,38,6.90,5,0.14,1.53.1,4-5-3,72220,92,4-5,7900,17,3-4-5,15480,19,4-5,7170,12,,,,,,,
20250718,児島,8,予選,晴,南西,2,3,3,3,3934,鋤 柄 貴 俊,19,14,7.14,3,0.18,1.54.4,4-5-3,72220,92,4-5,7900,17,3-4-5,15480,19,4-5,7170,12,,,,,,,
20250718,児島,8,予選,晴,南西,2,3,4,2,4762,藤 原 啓史朗,49,18,6.97,2,0.27,1.54.4,4-5-3,72220,92,4-5,7900,17,3-4-5,15480,19,4-5,7170,12,,,,,,,
20250718,児島,8,予選,晴,南西,2,3,5,1,4917,岩 橋 裕 馬,40,51,6.96,1,0.30,,4-5-3,72220,92,4-5,7900,17,3-4-5,15480,19,4-5,7170,12,,,,,,,
20250718,児島,8,予選,晴,南西,2,3,6,6,4711,前 出 達 吉,32,35,6.94,6,0.19,,4-5-3,72220,92,4-5,7900,17,3-4-5,15480,19,4-5,7170,12,,,,,,,
20250718,児島,9,予選特賞,晴,南東,1,1,1,1,3746,岡 瀬 正 人,56,30,6.92,1,0.14,1.50.2,1-4-2,760,1,1-4,310,1,1-2-4,330,1,1-4,240,1,,,,,,,
20250718,児島,9,予選特賞,晴,南東,1,1,2,4,4193,郷 原 章 平,66,21,6.88,4,0.12,1.51.6,1-4-2,760,1,1-4,310,1,1-2-4,330,1,1-4,240,1,,,,,,,
20250718,児島,9,予選特賞,晴,南東,1,1,3,2,4457,神 田 達 也,51,72,6.95,2,0.16,1.53.8,1-4-2,760,1,1-4,310,1,1-2-4,330,1,1-4,240,1,,,,,,,
20250718,児島,9,予選特賞,晴,南東,1,1,4,5,4257,古 川 健,46,67,6.94,5,0.18,1.55.1,1-4-2,760,1,1-4,310,1,1-2-4,330,1,1-4,240,1,,,,,,,
20250718,児島,9,予選特賞,晴,南東,1,1,5,6,4020,川 上 清 人,70,71,7.00,6,0.24,,1-4-2,760,1,1-4,310,1,1-2-4,330,1,1-4,240,1,,,,,,,
20250718,児島,9,予選特賞,晴,南東,1,1,6,3,3546,中 里 昌 志,48,28,6.97,3,0.23,,1-4-2,760,1,1-4,310,1,1-2-4,330,1,1-4,240,1,,,,,,,
20250718,児島,10,予選特賞,晴,南西,2,3,1,1,4260,中 越 博 紀,25,69,7.01,1,0.12,1.51.0,1-3-2,710,1,1-3,240,1,1-2-3,500,3,1-3,150,1,,,,,,,
20250718,児島,10,予選特賞,晴,南西,2,3,2,3,4518,大須賀 友,24,45,6.93,3,0.11,1.52.6,1-3-2,710,1,1-3,240,1,1-2-3,500,3,1-3,150,1,,,,,,,
20250718,児島,10,予選特賞,晴,南西,2,3,3,2,4200,早 川 尚 人,52,64,7.01,2,0.10,1.54.1,1-3-2,710,1,1-3,240,1,1-2-3,500,3,1-3,150,1,,,,,,,
20250718,児島,10,予選特賞,晴,南西,2,3,4,6,5096,上 原 崚,69,44,7.12,6,0.13,1.54.6,1-3-2,710,1,1-3,240,1,1-2-3,500,3,1-3,150,1,,,,,,,
20250718,児島,10,予選特賞,晴,南西,2,3,5,5,4564,山 本 景士郎,44,62,7.01,5,0.15,,1-3-2,710,1,1-3,240,1,1-2-3,500,3,1-3,150,1,,,,,,,
20250718,児島,10,予選特賞,晴,南西,2,3,6,4,4988,牟 田 奨 太,58,70,7.00,4,0.07,,1-3-2,710,1,1-3,240,1,1-2-3,500,3,1-3,150,1,,,,,,,
20250718,児島,11,予選特選,晴,南,5,5,1,1,4543,重 木 輝 彦,31,15,7.05,1,0.19,1.49.9,1-4-3,970,2,1-4,370,1,1-3-4,280,1,1-4,270,1,,,,,,,
20250718,児島,11,予選特選,晴,南,5,5,2,4,4036,金 田 諭,59,36,7.01,4,0.22,1.52.7,1-4-3,970,2,1-4,370,1,1-3-4,280,1,1-4,270,1,,,,,,,
20250718,児島,11,予選特選,晴,南,5,5,3,3,4793,金 子 萌,11,58,6.98,3,0.18,1.53.6,1-4-3,970,2,1-4,370,1,1-3-4,280,1,1-4,270,1,,,,,,,
20250718,児島,11,予選特選,晴,南,5,5,4,2,3935,岩 津 徹 郎,33,33,6.94,2,0.21,1.55.3,1-4-3,970,2,1-4,370,1,1-3-4,280,1,1-4,270,1,,,,,,,
20250718,児島,11,予選特選,晴,南,5,5,5,6,4463,三 苫 晃 幸,43,37,7.01,6,0.20,,1-4-3,970,2,1-4,370,1,1-3-4,280,1,1-4,270,1,,,,,,,
20250718,児島,11,予選特選,晴,南,5,5,6,5,4876,梅 木 敬 太,65,57,7.01,5,0.21,,1-4-3,970,2,1-4,370,1,1-3-4,280,1,1-4,270,1,,,,,,,
20250718,児島,12,さん太選抜,晴,南西,2,3,1,1,4762,藤 原 啓史朗,49,18,6.91,1,0.09,1.50.6,1-4-3,1610,7,1-4,570,3,1-3-4,530,2,1-4,560,3,,,,,,,
20250718,児島,12,さん太選抜,晴,南西,2,3,2,4,3612,馬 袋 義 則,54,73,6.97,4,0.11,1.51.6,1-4-3,1610,7,1-4,570,3,1-3-4,530,2,1-4,560,3,,,,,,,
20250718,児島,12,さん太選抜,晴,南西,2,3,3,3,3556,田 中 信一郎,27,23,6.90,3,0.07,1.52.5,1-4-3,1610,7,1-4,570,3,1-3-4,530,2,1-4,560,3,,,,,,,
20250718,児島,12,さん太選抜,晴,南西,2,3,4,6,4949,横 田 貴 満,62,26,6.92,6,0.16,1.54.2,1-4-3,1610,7,1-4,570,3,1-3-4,530,2,1-4,560,3,,,,,,,
20250718,児島,12,さん太選抜,晴,南西,2,3,5,5,4033,伊 藤 将 吉,60,43,6.99,5,0.12,,1-4-3,1610,7,1-4,570,3,1-3-4,530,2,1-4,560,3,,,,,,,
20250718,児島,12,さん太選抜,晴,南西,2,3,6,2,3024,西 島 義 則,37,22,7.08,2,0.11,,1-4-3,1610,7,1-4,570,3,1-3-4,530,2,1-4,560,3,,,,,,,
20250718,唐津,1,朝１戦,雨,南,6,6,1,3,4035,杉 江 浩 明,40,46,6.79,3,0.26,1.51.3,3-4-1,18910,43,3-4,8340,16,1-3-4,840,4,3-4,4880,8,,,,,,,
20250718,唐津,1,朝１戦,雨,南,6,6,2,4,3527,中 嶋 誠一郎,50,31,6.80,4,0.21,1.52.8,3-4-1,18910,43,3-4,8340,16,1-3-4,840,4,3-4,4880,8,,,,,,,
20250718,唐津,1,朝１戦,雨,南,6,6,3,1,4292,麻 生 慎 介,67,20,6.82,1,0.25,1.54.7,3-4-1,18910,43,3-4,8340,16,1-3-4,840,4,3-4,4880,8,,,,,,,
20250718,唐津,1,朝１戦,雨,南,6,6,4,6,3211,北 川 敏 弘,63,56,6.82,6,0.19,1.56.0,3-4-1,18910,43,3-4,8340,16,1-3-4,840,4,3-4,4880,8,,,,,,,
20250718,唐津,1,朝１戦,雨,南,6,6,5,5,4007,榮 田 将 彦,53,28,6.81,5,0.16,1.56.0,3-4-1,18910,43,3-4,8340,16,1-3-4,840,4,3-4,4880,8,,,,,,,
20250718,唐津,1,朝１戦,雨,南,6,6,6,2,4948,木 場 悠 介,52,30,6.83,2,0.36,1.57.0,3-4-1,18910,43,3-4,8340,16,1-3-4,840,4,3-4,4880,8,,,,,,,
20250718,唐津,2,モー２ング戦,雨,南,6,6,1,1,4640,山ノ内 雅 人,55,43,6.70,1,0.08,1.50.3,1-2-4,1070,4,1-2,400,2,1-2-4,730,3,1-2,230,2,,,,,,,
20250718,唐津,2,モー２ング戦,雨,南,6,6,2,2,5330,安河内 鈴之介,13,44,6.71,2,0.08,1.52.1,1-2-4,1070,4,1-2,400,2,1-2-4,730,3,1-2,230,2,,,,,,,
20250718,唐津,2,モー２ング戦,雨,南,6,6,3,4,4315,山 崎 昂 介,15,54,6.72,4,0.08,1.54.4,1-2-4,1070,4,1-2,400,2,1-2-4,730,3,1-2,230,2,,,,,,,
20250718,唐津,2,モー２ング戦,雨,南,6,6,4,3,4588,田 中 京 介,14,3,6.67,3,0.09,1.56.0,1-2-4,1070,4,1-2,400,2,1-2-4,730,3,1-2,230,2,,,,,,,
20250718,唐津,2,モー２ング戦,雨,南,6,6,5,6,4253,西 川 真 人,59,22,6.85,5,0.01,1.56.0,1-2-4,1070,4,1-2,400,2,1-2-4,730,3,1-2,230,2,,,,,,,
20250718,唐津,3,３ライズ戦,雨,南,6,6,1,1,4471,新 田 泰 章,64,16,6.78,1,0.15,1.51.2,1-3-6,10020,23,1-3,240,1,1-3-6,3970,8,1-3,360,3,,,,,,,
20250718,唐津,3,３ライズ戦,雨,南,6,6,2,3,3663,木 山 和 幸,25,55,6.74,3,0.18,1.51.9,1-3-6,10020,23,1-3,240,1,1-3-6,3970,8,1-3,360,3,,,,,,,
20250718,唐津,3,３ライズ戦,雨,南,6,6,3,6,5348,小 林 甘 寧,38,35,6.75,6,0.21,1.52.5,1-3-6,10020,23,1-3,240,1,1-3-6,3970,8,1-3,360,3,,,,,,,
20250718,唐津,3,３ライズ戦,雨,南,6,6,4,5,3964,宮 地 博 士,46,57,6.75,5,0.20,1.53.3,1-3-6,10020,23,1-3,240,1,1-3-6,3970,8,1-3,360,3,,,,,,,
20250718,唐津,3,３ライズ戦,雨,南,6,6,5,4,4879,山 崎 鉄 平,49,42,6.72,4,0.16,1.54.7,1-3-6,10020,23,1-3,240,1,1-3-6,3970,8,1-3,360,3,,,,,,,
20250718,唐津,3,３ライズ戦,雨,南,6,6,6,2,3953,志 道 吉 和,65,33,6.74,2,0.24,1.58.5,1-3-6,10020,23,1-3,240,1,1-3-6,3970,8,1-3,360,3,,,,,,,
20250718,唐津,4,おは４戦,雨,南,6,6,1,2,4812,西 野 雄 貴,28,2,6.80,2,0.19,1.50.5,2-4-5,1690,3,2-4,590,2,2-4-5,550,3,2-4,330,2,,,,,,,
20250718,唐津,4,おは４戦,雨,南,6,6,2,4,4604,岩 瀬 裕 亮,18,19,6.73,4,0.28,1.52.2,2-4-5,1690,3,2-4,590,2,2-4-5,550,3,2-4,330,2,,,,,,,
20250718,唐津,4,おは４戦,雨,南,6,6,3,5,4873,蒲 原 健 太,34,48,6.79,5,0.32,1.53.0,2-4-5,1690,3,2-4,590,2,2-4-5,550,3,2-4,330,2,,,,,,,
20250718,唐津,4,おは４戦,雨,南,6,6,4,3,5041,荒 牧 凪 沙,19,8,6.70,3,0.25,1.54.3,2-4-5,1690,3,2-4,590,2,2-4-5,550,3,2-4,330,2,,,,,,,
20250718,唐津,4,おは４戦,雨,南,6,6,5,1,3776,横 井 健 太,68,34,6.78,1,0.21,1.54.6,2-4-5,1690,3,2-4,590,2,2-4-5,550,3,2-4,330,2,,,,,,,
20250718,唐津,4,おは４戦,雨,南,6,6,6,6,5312,川 辺 郭 人,17,6,6.77,6,0.29,1.58.0,2-4-5,1690,3,2-4,590,2,2-4-5,550,3,2-4,330,2,,,,,,,
20250718,唐津,5,レッツ５特賞,雨,南,6,6,1,1,4475,末 永 祐 輝,32,53,6.79,1,0.05,1.51.3,1-2-6,7020,26,1-2,860,3,1-2-6,2190,7,1-2,570,2,,,,,,,
20250718,唐津,5,レッツ５特賞,雨,南,6,6,2,2,3715,倉 尾 大 介,21,52,6.69,2,0.08,1.52.2,1-2-6,7020,26,1-2,860,3,1-2-6,2190,7,1-2,570,2,,,,,,,
20250718,唐津,5,レッツ５特賞,雨,南,6,6,3,6,4213,重 富 伸 也,29,15,6.65,6,0.06,1.54.6,1-2-6,7020,26,1-2,860,3,1-2-6,2190,7,1-2,570,2,,,,,,,
20250718,唐津,5,レッツ５特賞,雨,南,6,6,4,3,4948,木 場 悠 介,52,30,6.72,3,0.06,1.55.0,1-2-6,7020,26,1-2,860,3,1-2-6,2190,7,1-2,570,2,,,,,,,
20250718,唐津,5,レッツ５特賞,雨,南,6,6,5,4,4296,岡 崎 恭 裕,24,47,6.76,4,0.09,1.56.9,1-2-6,7020,26,1-2,860,3,1-2-6,2190,7,1-2,570,2,,,,,,,
20250718,唐津,5,レッツ５特賞,雨,南,6,6,6,5,4978,山 田 和 佐,16,21,6.79,5,0.10,1.57.5,1-2-6,7020,26,1-2,860,3,1-2-6,2190,7,1-2,570,2,,,,,,,
20250718,唐津,6,予選,雨,南,6,6,1,1,5199,垂 水 悠,66,5,6.76,1,0.18,1.50.4,1-2-6,1780,5,1-2,510,2,1-2-6,590,3,1-2,180,1,,,,,,,
20250718,唐津,6,予選,雨,南,6,6,2,2,4064,原 田 篤 志,47,45,6.77,2,0.20,1.51.9,1-2-6,1780,5,1-2,510,2,1-2-6,590,3,1-2,180,1,,,,,,,
20250718,唐津,6,予選,雨,南,6,6,3,6,5330,安河内 鈴之介,13,44,6.68,6,0.15,1.53.0,1-2-6,1780,5,1-2,510,2,1-2-6,590,3,1-2,180,1,,,,,,,
20250718,唐津,6,予選,雨,南,6,6,4,3,3606,川 北 浩 貴,41,37,6.77,3,0.14,1.54.2,1-2-6,1780,5,1-2,510,2,1-2-6,590,3,1-2,180,1,,,,,,,
20250718,唐津,6,予選,雨,南,6,6,5,4,4111,奥 田 誠,48,12,6.77,5,0.17,1.55.4,1-2-6,1780,5,1-2,510,2,1-2-6,590,3,1-2,180,1,,,,,,,
20250718,唐津,6,予選,雨,南,6,6,6,5,3211,北 川 敏 弘,63,56,6.77,4,0.17,1.57.4,1-2-6,1780,5,1-2,510,2,1-2-6,590,3,1-2,180,1,,,,,,,
20250718,唐津,7,予選,雨,南,6,6,1,1,3663,木 山 和 幸,25,55,6.76,1,0.09,1.51.0,1-2-5,1030,4,1-2,200,1,1-2-5,410,2,1-2,130,1,,,,,,,
20250718,唐津,7,予選,雨,南,6,6,2,2,4650,中 山 雄 太,44,51,6.75,2,0.11,1.52.3,1-2-5,1030,4,1-2,200,1,1-2-5,410,2,1-2,130,1,,,,,,,
20250718,唐津,7,予選,雨,南,6,6,3,5,4035,杉 江 浩 明,40,46,6.74,5,0.14,1.53.8,1-2-5,1030,4,1-2,200,1,1-2-5,410,2,1-2,130,1,,,,,,,
20250718,唐津,7,予選,雨,南,6,6,4,6,5417,小 柳 勝 希,26,29,6.80,6,0.18,1.56.6,1-2-5,1030,4,1-2,200,1,1-2-5,410,2,1-2,130,1,,,,,,,
20250718,唐津,7,予選,雨,南,6,6,5,4,5309,森 雄 利,42,24,6.70,4,0.10,1.57.3,1-2-5,1030,4,1-2,200,1,1-2-5,410,2,1-2,130,1,,,,,,,
20250718,唐津,7,予選,雨,南,6,6,6,3,3975,小野寺 智 洋,62,1,6.84,3,0.17,1.58.9,1-2-5,1030,4,1-2,200,1,1-2-5,410,2,1-2,130,1,,,,,,,
20250718,唐津,8,８っぴータイ,雨,南,5,5,1,5,4772,石 丸 海 渡,20,7,6.74,5,0.09,1.50.9,5-6-2,4160,20,5-6,1680,8,2-5-6,1610,6,5-6,930,5,,,,,,,
20250718,唐津,8,８っぴータイ,雨,南,5,5,2,6,3867,松 浦 勝,57,60,6.77,6,0.16,1.52.9,5-6-2,4160,20,5-6,1680,8,2-5-6,1610,6,5-6,930,5,,,,,,,
20250718,唐津,8,８っぴータイ,雨,南,5,5,3,2,4007,榮 田 将 彦,53,28,6.77,2,0.12,1.54.1,5-6-2,4160,20,5-6,1680,8,2-5-6,1610,6,5-6,930,5,,,,,,,
20250718,唐津,8,８っぴータイ,雨,南,5,5,4,1,3964,宮 地 博 士,46,57,6.76,1,0.12,1.54.4,5-6-2,4160,20,5-6,1680,8,2-5-6,1610,6,5-6,930,5,,,,,,,
20250718,唐津,8,８っぴータイ,雨,南,5,5,5,3,4315,山 崎 昂 介,15,54,6.79,3,0.16,1.55.2,5-6-2,4160,20,5-6,1680,8,2-5-6,1610,6,5-6,930,5,,,,,,,
20250718,唐津,8,８っぴータイ,雨,南,5,5,6,4,5312,川 辺 郭 人,17,6,6.78,4,0.17,1.57.5,5-6-2,4160,20,5-6,1680,8,2-5-6,1610,6,5-6,930,5,,,,,,,
20250718,唐津,9,予選,雨,南,5,5,1,1,5041,荒 牧 凪 沙,19,8,6.69,1,0.18,1.50.7,1-5-4,1870,5,1-5,370,1,1-4-5,620,3,1-5,230,1,,,,,,,
20250718,唐津,9,予選,雨,南,5,5,2,5,4296,岡 崎 恭 裕,24,47,6.80,5,0.28,1.53.4,1-5-4,1870,5,1-5,370,1,1-4-5,620,3,1-5,230,1,,,,,,,
20250718,唐津,9,予選,雨,南,5,5,3,4,3922,菅 沼 佳 昭,31,38,6.76,4,0.27,1.55.3,1-5-4,1870,5,1-5,370,1,1-4-5,620,3,1-5,230,1,,,,,,,
20250718,唐津,9,予選,雨,南,5,5,4,6,3953,志 道 吉 和,65,33,6.77,6,0.29,1.55.8,1-5-4,1870,5,1-5,370,1,1-4-5,620,3,1-5,230,1,,,,,,,
20250718,唐津,9,予選,雨,南,5,5,5,3,4253,西 川 真 人,59,22,6.87,3,0.27,1.58.0,1-5-4,1870,5,1-5,370,1,1-4-5,620,3,1-5,230,1,,,,,,,
20250718,唐津,9,予選,雨,南,5,5,6,2,3273,石 田 豪,60,25,6.72,2,0.21,1.59.4,1-5-4,1870,5,1-5,370,1,1-4-5,620,3,1-5,230,1,,,,,,,
20250718,唐津,10,予選特賞,雨,南,5,5,1,3,4448,青 木 玄 太,61,58,6.72,3,0.07,1.50.1,3-4-6,5580,18,3-4,840,4,3-4-6,4090,10,3-4,490,2,,,,,,,
20250718,唐津,10,予選特賞,雨,南,5,5,2,4,4640,山ノ内 雅 人,55,43,6.77,4,0.21,1.51.3,3-4-6,5580,18,3-4,840,4,3-4-6,4090,10,3-4,490,2,,,,,,,
20250718,唐津,10,予選特賞,雨,南,5,5,3,6,3527,中 嶋 誠一郎,50,31,6.81,6,0.09,1.52.5,3-4-6,5580,18,3-4,840,4,3-4-6,4090,10,3-4,490,2,,,,,,,
20250718,唐津,10,予選特賞,雨,南,5,5,4,5,4812,西 野 雄 貴,28,2,6.80,5,0.07,1.52.7,3-4-6,5580,18,3-4,840,4,3-4-6,4090,10,3-4,490,2,,,,,,,
20250718,唐津,10,予選特賞,雨,南,5,5,5,1,3715,倉 尾 大 介,21,52,6.74,1,0.17,1.54.8,3-4-6,5580,18,3-4,840,4,3-4-6,4090,10,3-4,490,2,,,,,,,
20250718,唐津,10,予選特賞,雨,南,5,5,6,2,4111,奥 田 誠,48,12,6.76,2,0.12,1.56.8,3-4-6,5580,18,3-4,840,4,3-4-6,4090,10,3-4,490,2,,,,,,,
20250718,唐津,11,宝当特選,雨,南,5,5,1,3,4604,岩 瀬 裕 亮,18,19,6.73,2,0.21,1.49.3,3-4-5,3620,12,3-4,940,4,3-4-5,2230,5,3-4,800,3,,,,,,,
20250718,唐津,11,宝当特選,雨,南,5,5,2,4,4471,新 田 泰 章,64,16,6.85,4,0.17,1.51.3,3-4-5,3620,12,3-4,940,4,3-4-5,2230,5,3-4,800,3,,,,,,,
20250718,唐津,11,宝当特選,雨,南,5,5,3,5,5199,垂 水 悠,66,5,6.82,5,0.11,1.53.1,3-4-5,3620,12,3-4,940,4,3-4-5,2230,5,3-4,800,3,,,,,,,
20250718,唐津,11,宝当特選,雨,南,5,5,4,6,4978,山 田 和 佐,16,21,6.85,6,0.11,1.54.0,3-4-5,3620,12,3-4,940,4,3-4-5,2230,5,3-4,800,3,,,,,,,
20250718,唐津,11,宝当特選,雨,南,5,5,5,1,4588,田 中 京 介,14,3,6.77,1,0.25,1.55.5,3-4-5,3620,12,3-4,940,4,3-4-5,2230,5,3-4,800,3,,,,,,,
20250718,唐津,11,宝当特選,雨,南,5,5,6,2,4871,菊 池 宏 志,54,10,6.79,3,0.21,1.57.9,3-4-5,3620,12,3-4,940,4,3-4-5,2230,5,3-4,800,3,,,,,,,
20250718,唐津,12,からっキー選,雨,南,5,5,1,1,4772,石 丸 海 渡,20,7,6.74,1,0.05,1.50.0,1-2-3,530,1,1-2,280,2,1-2-3,250,1,1-2,270,2,,,,,,,
20250718,唐津,12,からっキー選,雨,南,5,5,2,2,4475,末 永 祐 輝,32,53,6.76,2,0.11,1.51.2,1-2-3,530,1,1-2,280,2,1-2-3,250,1,1-2,270,2,,,,,,,
20250718,唐津,12,からっキー選,雨,南,5,5,3,3,4064,原 田 篤 志,47,45,6.82,3,0.12,1.52.5,1-2-3,530,1,1-2,280,2,1-2-3,250,1,1-2,270,2,,,,,,,
20250718,唐津,12,からっキー選,雨,南,5,5,4,5,4879,山 崎 鉄 平,49,42,6.81,5,0.05,1.53.6,1-2-3,530,1,1-2,280,2,1-2-3,250,1,1-2,270,2,,,,,,,
20250718,唐津,12,からっキー選,雨,南,5,5,5,4,4292,麻 生 慎 介,67,20,6.85,4,0.08,1.55.4,1-2-3,530,1,1-2,280,2,1-2-3,250,1,1-2,270,2,,,,,,,
20250718,唐津,12,からっキー選,雨,南,5,5,6,6,3975,小野寺 智 洋,62,1,6.85,6,0.16,1.56.7,1-2-3,530,1,1-2,280,2,1-2-3,250,1,1-2,270,2,,,,,,,
20250718,多摩川,1,予選,晴,南,1,2,1,1,4956,齊 藤 大 将,69,53,6.78,1,0.19,1.50.6,1-4-3,3350,12,1-4,1650,8,1-3-4,600,3,1-4,1080,7,,,,,,,
20250718,多摩川,1,予選,晴,南,1,2,2,4,3620,信 濃 由 行,16,75,6.82,4,0.19,1.51.8,1-4-3,3350,12,1-4,1650,8,1-3-4,600,3,1-4,1080,7,,,,,,,
20250718,多摩川,1,予選,晴,南,1,2,3,3,3951,石 川 吉 鎬,37,46,6.78,3,0.12,1.52.9,1-4-3,3350,12,1-4,1650,8,1-3-4,600,3,1-4,1080,7,,,,,,,
20250718,多摩川,1,予選,晴,南,1,2,4,2,3652,森 下 勇,49,22,6.80,2,0.17,1.54.4,1-4-3,3350,12,1-4,1650,8,1-3-4,600,3,1-4,1080,7,,,,,,,
20250718,多摩川,1,予選,晴,南,1,2,5,5,4678,水 野 望 美,41,24,6.77,5,0.15,,1-4-3,3350,12,1-4,1650,8,1-3-4,600,3,1-4,1080,7,,,,,,,
20250718,多摩川,1,予選,晴,南,1,2,6,6,5415,阿 部 未 侑,44,72,6.79,6,0.22,,1-4-3,3350,12,1-4,1650,8,1-3-4,600,3,1-4,1080,7,,,,,,,
20250718,多摩川,2,予選,晴,南東,3,2,1,5,4918,川 島 拓 郎,22,29,6.75,5,0.05,1.49.8,5-3-2,8000,31,5-3,1600,8,2-3-5,1080,5,3-5,740,3,,,,,,,
20250718,多摩川,2,予選,晴,南東,3,2,2,3,3968,茶 谷 信 次,68,26,6.75,3,0.13,1.51.6,5-3-2,8000,31,5-3,1600,8,2-3-5,1080,5,3-5,740,3,,,,,,,
20250718,多摩川,2,予選,晴,南東,3,2,3,2,3790,佐 口 達 也,58,36,6.82,2,0.12,1.53.6,5-3-2,8000,31,5-3,1600,8,2-3-5,1080,5,3-5,740,3,,,,,,,
20250718,多摩川,2,予選,晴,南東,3,2,4,1,4562,阪 本 勇 介,40,30,6.76,1,0.21,1.55.2,5-3-2,8000,31,5-3,1600,8,2-3-5,1080,5,3-5,740,3,,,,,,,
20250718,多摩川,2,予選,晴,南東,3,2,5,6,3929,杢 野 誓 良,32,48,6.70,6,0.03,,5-3-2,8000,31,5-3,1600,8,2-3-5,1080,5,3-5,740,3,,,,,,,
20250718,多摩川,2,予選,晴,南東,3,2,6,4,5347,井 澤 聖 奈,70,45,6.73,4,0.17,,5-3-2,8000,31,5-3,1600,8,2-3-5,1080,5,3-5,740,3,,,,,,,
20250718,多摩川,3,予選,晴,南,2,2,1,2,4992,廣 瀬 篤 哉,24,47,6.79,2,0.13,1.51.3,2-1-4,14440,43,2-1,3160,12,1-2-4,4920,13,1-2,1020,5,,,,,,,
20250718,多摩川,3,予選,晴,南,2,2,2,1,4940,白 石 有 美,23,60,6.76,1,0.14,1.52.2,2-1-4,14440,43,2-1,3160,12,1-2-4,4920,13,1-2,1020,5,,,,,,,
20250718,多摩川,3,予選,晴,南,2,2,3,4,3748,小 黒 竜 吾,66,84,6.79,4,0.14,1.54.2,2-1-4,14440,43,2-1,3160,12,1-2-4,4920,13,1-2,1020,5,,,,,,,
20250718,多摩川,3,予選,晴,南,2,2,4,3,4460,後 藤 翔 之,17,28,6.76,3,0.14,1.54.2,2-1-4,14440,43,2-1,3160,12,1-2-4,4920,13,1-2,1020,5,,,,,,,
20250718,多摩川,3,予選,晴,南,2,2,5,6,3448,高 山 秀 雄,67,62,6.83,6,0.25,,2-1-4,14440,43,2-1,3160,12,1-2-4,4920,13,1-2,1020,5,,,,,,,
20250718,多摩川,3,予選,晴,南,2,2,6,5,5085,中 村 栄 治,27,63,6.82,5,0.21,,2-1-4,14440,43,2-1,3160,12,1-2-4,4920,13,1-2,1020,5,,,,,,,
20250718,多摩川,4,予選,晴,南,5,2,1,2,3482,金 子 猛 志,63,64,6.73,2,0.17,1.51.5,2-1-3,540,3,2-1,410,2,1-2-3,450,3,1-2,100,1,,,,,,,
20250718,多摩川,4,予選,晴,南,5,2,2,1,3993,永 井 聖 美,30,79,6.64,1,0.22,1.52.7,2-1-3,540,3,2-1,410,2,1-2-3,450,3,1-2,100,1,,,,,,,
20250718,多摩川,4,予選,晴,南,5,2,3,3,3346,宮 本 裕 之,60,85,6.80,3,0.11,1.55.7,2-1-3,540,3,2-1,410,2,1-2-3,450,3,1-2,100,1,,,,,,,
20250718,多摩川,5,予選,晴,南,3,2,1,4,3422,服 部 幸 男,46,73,6.80,4,0.14,1.50.1,4-5-6,1240,2,4-5,610,2,4-5-6,700,3,4-5,460,2,,,,,,,
20250718,多摩川,5,予選,晴,南,3,2,2,5,4903,吉 田 凌太朗,48,25,6.83,5,0.18,1.51.6,4-5-6,1240,2,4-5,610,2,4-5-6,700,3,4-5,460,2,,,,,,,
20250718,多摩川,5,予選,晴,南,3,2,3,6,4491,田 中 堅,33,74,6.78,6,0.24,1.52.4,4-5-6,1240,2,4-5,610,2,4-5-6,700,3,4-5,460,2,,,,,,,
20250718,多摩川,5,予選,晴,南,3,2,4,1,3414,加 瀬 智 宏,14,27,6.73,1,0.28,1.53.1,4-5-6,1240,2,4-5,610,2,4-5-6,700,3,4-5,460,2,,,,,,,
20250718,多摩川,5,予選,晴,南,3,2,5,3,4956,齊 藤 大 将,69,53,6.88,3,0.34,,4-5-6,1240,2,4-5,610,2,4-5-6,700,3,4-5,460,2,,,,,,,
20250718,多摩川,5,予選,晴,南,3,2,6,2,4901,出 口 舞有子,53,65,6.71,2,0.35,,4-5-6,1240,2,4-5,610,2,4-5-6,700,3,4-5,460,2,,,,,,,
20250718,多摩川,6,予選,晴,南,3,2,1,1,4918,川 島 拓 郎,22,29,6.73,1,0.09,1.49.3,1-3-5,2540,11,1-3,330,1,1-3-5,960,4,1-3,220,1,,,,,,,
20250718,多摩川,6,予選,晴,南,3,2,2,3,4067,永 井 源,29,58,6.67,3,0.22,1.50.8,1-3-5,2540,11,1-3,330,1,1-3-5,960,4,1-3,220,1,,,,,,,
20250718,多摩川,6,予選,晴,南,3,2,3,5,3305,小 野 信 樹,55,38,6.74,5,0.21,1.52.7,1-3-5,2540,11,1-3,330,1,1-3-5,960,4,1-3,220,1,,,,,,,
20250718,多摩川,6,予選,晴,南,3,2,4,2,4893,渡 邉 真奈美,19,32,6.71,2,0.12,1.53.6,1-3-5,2540,11,1-3,330,1,1-3-5,960,4,1-3,220,1,,,,,,,
20250718,多摩川,6,予選,晴,南,3,2,5,4,4043,桐 本 康 臣,35,43,6.78,4,0.25,,1-3-5,2540,11,1-3,330,1,1-3-5,960,4,1-3,220,1,,,,,,,
20250718,多摩川,6,予選,晴,南,3,2,6,6,5415,阿 部 未 侑,44,72,6.81,6,0.32,,1-3-5,2540,11,1-3,330,1,1-3-5,960,4,1-3,220,1,,,,,,,
20250718,多摩川,7,予選,晴,南,3,2,1,1,5085,中 村 栄 治,27,63,6.72,1,0.19,1.50.6,1-5-6,16070,42,1-5,820,4,1-5-6,6570,13,1-5,410,2,,,,,,,
20250718,多摩川,7,予選,晴,南,3,2,2,5,4293,鈴 木 智 啓,52,83,6.72,5,0.15,1.51.3,1-5-6,16070,42,1-5,820,4,1-5-6,6570,13,1-5,410,2,,,,,,,
20250718,多摩川,7,予選,晴,南,3,2,3,6,4110,小 澤 和 也,13,54,6.85,6,0.29,1.54.6,1-5-6,16070,42,1-5,820,4,1-5-6,6570,13,1-5,410,2,,,,,,,
20250718,多摩川,7,予選,晴,南,3,2,4,4,4562,阪 本 勇 介,40,30,6.73,4,0.18,1.54.9,1-5-6,16070,42,1-5,820,4,1-5-6,6570,13,1-5,410,2,,,,,,,
20250718,多摩川,7,予選,晴,南,3,2,5,3,4144,石 塚 久 也,51,67,6.73,3,0.17,,1-5-6,16070,42,1-5,820,4,1-5-6,6570,13,1-5,410,2,,,,,,,
20250718,多摩川,7,予選,晴,南,3,2,6,2,4358,松 本 庸 平,64,40,6.78,2,0.18,,1-5-6,16070,42,1-5,820,4,1-5-6,6570,13,1-5,410,2,,,,,,,
20250718,多摩川,8,予選,晴,南,3,2,1,4,3981,今 坂 晃 広,43,35,6.74,4,0.22,1.50.7,4-6-2,96820,101,4-6,10260,25,2-4-6,9870,19,4-6,4170,11,,,,,,,
20250718,多摩川,8,予選,晴,南,3,2,2,6,3790,佐 口 達 也,58,36,6.87,6,0.18,1.52.5,4-6-2,96820,101,4-6,10260,25,2-4-6,9870,19,4-6,4170,11,,,,,,,
20250718,多摩川,8,予選,晴,南,3,2,3,2,3745,橋 本 年 光,59,57,6.81,2,0.31,1.52.9,4-6-2,96820,101,4-6,10260,25,2-4-6,9870,19,4-6,4170,11,,,,,,,
20250718,多摩川,8,予選,晴,南,3,2,4,5,4992,廣 瀬 篤 哉,24,47,6.83,5,0.17,1.54.5,4-6-2,96820,101,4-6,10260,25,2-4-6,9870,19,4-6,4170,11,,,,,,,
20250718,多摩川,8,予選,晴,南,3,2,5,3,4042,丸 岡 正 典,26,41,6.74,3,0.35,,4-6-2,96820,101,4-6,10260,25,2-4-6,9870,19,4-6,4170,11,,,,,,,
20250718,多摩川,8,予選,晴,南,3,2,6,1,4678,水 野 望 美,41,56,6.75,1,0.24,,4-6-2,96820,101,4-6,10260,25,2-4-6,9870,19,4-6,4170,11,,,,,,,
20250718,多摩川,9,予選特賞,晴,南,2,2,1,4,4460,後 藤 翔 之,17,28,6.73,4,0.04,1.50.0,4-1-2,2460,6,4-1,860,4,1-2-4,220,1,1-4,270,2,,,,,,,
20250718,多摩川,9,予選特賞,晴,南,2,2,2,1,3968,茶 谷 信 次,68,26,6.77,1,0.24,1.51.1,4-1-2,2460,6,4-1,860,4,1-2-4,220,1,1-4,270,2,,,,,,,
20250718,多摩川,9,予選特賞,晴,南,2,2,3,2,4903,吉 田 凌太朗,48,25,6.76,2,0.13,1.54.1,4-1-2,2460,6,4-1,860,4,1-2-4,220,1,1-4,270,2,,,,,,,
20250718,多摩川,9,予選特賞,晴,南,2,2,4,5,3993,永 井 聖 美,30,79,6.69,5,0.08,1.54.8,4-1-2,2460,6,4-1,860,4,1-2-4,220,1,1-4,270,2,,,,,,,
20250718,多摩川,9,予選特賞,晴,南,2,2,5,3,3652,森 下 勇,49,22,6.78,3,0.15,,4-1-2,2460,6,4-1,860,4,1-2-4,220,1,1-4,270,2,,,,,,,
20250718,多摩川,9,予選特賞,晴,南,2,2,6,6,3294,野 中 義 生,25,77,6.83,6,0.04,,4-1-2,2460,6,4-1,860,4,1-2-4,220,1,1-4,270,2,,,,,,,
20250718,多摩川,10,予選特賞,晴,南,3,2,1,6,4067,永 井 源,29,58,6.68,6,0.08,1.49.6,6-1-4,5700,25,6-1,2520,9,1-4-6,290,1,1-6,620,3,,,,,,,
20250718,多摩川,10,予選特賞,晴,南,3,2,2,1,3874,山 本 寛 久,62,81,6.69,1,0.16,1.50.8,6-1-4,5700,25,6-1,2520,9,1-4-6,290,1,1-6,620,3,,,,,,,
20250718,多摩川,10,予選特賞,晴,南,3,2,3,4,4519,清 水 沙 樹,61,55,6.68,4,0.23,1.53.1,6-1-4,5700,25,6-1,2520,9,1-4-6,290,1,1-6,620,3,,,,,,,
20250718,多摩川,10,予選特賞,晴,南,3,2,4,2,3929,杢 野 誓 良,32,48,6.75,2,0.18,1.54.1,6-1-4,5700,25,6-1,2520,9,1-4-6,290,1,1-6,620,3,,,,,,,
20250718,多摩川,10,予選特賞,晴,南,3,2,5,3,3827,今 泉 徹,18,21,6.80,3,0.13,,6-1-4,5700,25,6-1,2520,9,1-4-6,290,1,1-6,620,3,,,,,,,
20250718,多摩川,10,予選特賞,晴,南,3,2,6,5,3414,加 瀬 智 宏,14,27,6.77,5,0.09,,6-1-4,5700,25,6-1,2520,9,1-4-6,290,1,1-6,620,3,,,,,,,
20250718,多摩川,11,予選特選,晴,南西,2,2,1,2,4144,石 塚 久 也,51,67,6.68,2,0.28,1.49.9,2-1-3,1740,6,2-1,670,3,1-2-3,230,1,1-2,190,1,,,,,,,
20250718,多摩川,11,予選特選,晴,南西,2,2,2,1,4043,桐 本 康 臣,35,43,6.80,1,0.23,1.51.9,2-1-3,1740,6,2-1,670,3,1-2-3,230,1,1-2,190,1,,,,,,,
20250718,多摩川,11,予選特選,晴,南西,2,2,3,3,4491,田 中 堅,33,74,6.72,3,0.19,1.52.4,2-1-3,1740,6,2-1,670,3,1-2-3,230,1,1-2,190,1,,,,,,,
20250718,多摩川,11,予選特選,晴,南西,2,2,4,5,3951,石 川 吉 鎬,37,46,6.81,5,0.16,1.53.3,2-1-3,1740,6,2-1,670,3,1-2-3,230,1,1-2,190,1,,,,,,,
20250718,多摩川,11,予選特選,晴,南西,2,2,5,4,5316,村 松 将 平,71,82,6.68,4,0.11,,2-1-3,1740,6,2-1,670,3,1-2-3,230,1,1-2,190,1,,,,,,,
20250718,多摩川,11,予選特選,晴,南西,2,2,6,6,3482,金 子 猛 志,63,64,6.81,6,0.17,,2-1-3,1740,6,2-1,670,3,1-2-3,230,1,1-2,190,1,,,,,,,
20250718,多摩川,12,記者選抜戦,晴,南東,2,2,1,1,3422,服 部 幸 男,46,73,6.74,1,0.18,1.50.2,1-5-4,1610,6,1-5,330,1,1-4-5,590,4,1-5,210,1,,,,,,,
20250718,多摩川,12,記者選抜戦,晴,南東,2,2,2,5,4042,丸 岡 正 典,26,41,6.78,5,0.22,1.51.0,1-5-4,1610,6,1-5,330,1,1-4-5,590,4,1-5,210,1,,,,,,,
20250718,多摩川,12,記者選抜戦,晴,南東,2,2,3,4,4358,松 本 庸 平,64,40,6.80,4,0.21,1.52.8,1-5-4,1610,6,1-5,330,1,1-4-5,590,4,1-5,210,1,,,,,,,
20250718,多摩川,12,記者選抜戦,晴,南東,2,2,4,2,3448,高 山 秀 雄,67,62,6.78,2,0.20,1.53.1,1-5-4,1610,6,1-5,330,1,1-4-5,590,4,1-5,210,1,,,,,,,
20250718,多摩川,12,記者選抜戦,晴,南東,2,2,5,6,4076,杉 田 篤 光,11,31,6.82,6,0.23,,1-5-4,1610,6,1-5,330,1,1-4-5,590,4,1-5,210,1,,,,,,,
20250718,多摩川,12,記者選抜戦,晴,南東,2,2,6,3,4893,渡 邉 真奈美,19,32,6.79,3,0.43,,1-5-4,1610,6,1-5,330,1,1-4-5,590,4,1-5,210,1,,,,,,,
20250718,大村,1,予選,雨,東,1,1,1,5,5064,品 川 二千翔,29,17,6.91,4,0.07,1.48.8,5-4-6,13730,41,5-4,4380,15,4-5-6,2820,12,4-5,990,5,,,,,,,
20250718,大村,1,予選,雨,東,1,1,2,4,4294,古 賀 繁 輝,47,23,6.86,3,0.02,1.50.7,5-4-6,13730,41,5-4,4380,15,4-5-6,2820,12,4-5,990,5,,,,,,,
20250718,大村,1,予選,雨,東,1,1,3,6,4645,上 村 純 一,31,31,6.91,5,0.05,1.52.4,5-4-6,13730,41,5-4,4380,15,4-5-6,2820,12,4-5,990,5,,,,,,,
20250718,大村,1,予選,雨,東,1,1,4,2,4553,坪 口 竜 也,38,56,6.88,1,0.12,1.53.9,5-4-6,13730,41,5-4,4380,15,4-5-6,2820,12,4-5,990,5,,,,,,,
20250718,大村,1,予選,雨,東,1,1,5,1,4533,峰 重 侑 治,69,69,6.89,6,0.15,,5-4-6,13730,41,5-4,4380,15,4-5-6,2820,12,4-5,990,5,,,,,,,
20250718,大村,1,予選,雨,東,1,1,6,3,5161,登 玉 隼 百,39,45,6.96,2,0.09,,5-4-6,13730,41,5-4,4380,15,4-5-6,2820,12,4-5,990,5,,,,,,,
20250718,大村,2,予選,雨,南東,1,1,1,4,4579,中 嶋 健一郎,35,40,6.93,4,0.16,1.50.7,4-2-1,12360,46,4-2,3570,12,1-2-4,350,1,2-4,830,2,,,,,,,
20250718,大村,2,予選,雨,南東,1,1,2,2,4497,桑 原 悠,25,52,6.86,2,0.17,1.51.7,4-2-1,12360,46,4-2,3570,12,1-2-4,350,1,2-4,830,2,,,,,,,
20250718,大村,2,予選,雨,南東,1,1,3,1,5060,数 原 魁,36,58,6.86,1,0.23,1.53.0,4-2-1,12360,46,4-2,3570,12,1-2-4,350,1,2-4,830,2,,,,,,,
20250718,大村,2,予選,雨,南東,1,1,4,6,4441,末 永 由 楽,43,67,6.86,6,0.14,1.54.3,4-2-1,12360,46,4-2,3570,12,1-2-4,350,1,2-4,830,2,,,,,,,
20250718,大村,2,予選,雨,南東,1,1,5,3,4189,川 上 剛,66,21,6.93,3,0.18,,4-2-1,12360,46,4-2,3570,12,1-2-4,350,1,2-4,830,2,,,,,,,
20250718,大村,2,予選,雨,南東,1,1,6,5,5141,大 澤 風 葵,11,64,6.90,5,0.16,,4-2-1,12360,46,4-2,3570,12,1-2-4,350,1,2-4,830,2,,,,,,,
20250718,大村,3,予選,雨,東,1,1,1,4,4933,板 橋 侑 我,15,76,6.92,5,0.09,1.50.3,4-5-2,6870,29,4-5,2460,10,2-4-5,1130,6,4-5,1240,6,,,,,,,
20250718,大村,3,予選,雨,東,1,1,2,5,3779,原 田 幸 哉,64,32,6.84,4,0.18,1.51.0,4-5-2,6870,29,4-5,2460,10,2-4-5,1130,6,4-5,1240,6,,,,,,,
20250718,大村,3,予選,雨,東,1,1,3,2,4278,藤 岡 俊 介,45,50,6.89,2,0.16,1.53.0,4-5-2,6870,29,4-5,2460,10,2-4-5,1130,6,4-5,1240,6,,,,,,,
20250718,大村,3,予選,雨,東,1,1,4,6,4531,武 富 智 亮,40,62,6.93,6,0.15,1.54.0,4-5-2,6870,29,4-5,2460,10,2-4-5,1130,6,4-5,1240,6,,,,,,,
20250718,大村,3,予選,雨,東,1,1,5,1,4977,馬 野 耀,26,11,6.88,1,0.18,,4-5-2,6870,29,4-5,2460,10,2-4-5,1130,6,4-5,1240,6,,,,,,,
20250718,大村,3,予選,雨,東,1,1,6,3,5134,大 原 祥 昌,28,18,6.89,3,0.13,,4-5-2,6870,29,4-5,2460,10,2-4-5,1130,6,4-5,1240,6,,,,,,,
20250718,大村,4,予選,雨,南東,1,1,1,1,4470,平 田 健之佑,21,51,6.83,1,0.01,1.48.7,1-3-6,1800,6,1-3,290,1,1-3-6,1000,4,1-3,170,1,,,,,,,
20250718,大村,4,予選,雨,南東,1,1,2,3,3946,赤 岩 善 生,22,66,6.93,2,0.02,1.49.9,1-3-6,1800,6,1-3,290,1,1-3-6,1000,4,1-3,170,1,,,,,,,
20250718,大村,4,予選,雨,南東,1,1,3,6,4825,倉 持 莉 々,17,43,6.90,6,0.01,1.51.7,1-3-6,1800,6,1-3,290,1,1-3-6,1000,4,1-3,170,1,,,,,,,
20250718,大村,4,予選,雨,南東,1,1,4,2,5038,金 田 智 博,46,78,6.80,4,0.02,1.53.3,1-3-6,1800,6,1-3,290,1,1-3-6,1000,4,1-3,170,1,,,,,,,
20250718,大村,4,予選,雨,南東,1,1,5,4,4649,和 田 操 拓,49,41,6.92,5,0.01,,1-3-6,1800,6,1-3,290,1,1-3-6,1000,4,1-3,170,1,,,,,,,
20250718,大村,5,予選,雨,南東,1,1,1,5,4914,吉 田 裕 平,44,27,6.89,5,0.08,1.49.1,5-1-2,5180,18,5-1,2380,7,1-2-5,350,1,1-5,670,3,,,,,,,
20250718,大村,5,予選,雨,南東,1,1,2,1,4072,森 永 淳,14,12,6.90,1,0.17,1.50.2,5-1-2,5180,18,5-1,2380,7,1-2-5,350,1,1-5,670,3,,,,,,,
20250718,大村,5,予選,雨,南東,1,1,3,2,4477,篠 崎 仁 志,62,49,6.90,2,0.07,1.51.8,5-1-2,5180,18,5-1,2380,7,1-2-5,350,1,1-5,670,3,,,,,,,
20250718,大村,5,予選,雨,南東,1,1,4,4,4824,松 井 洪 弥,52,26,6.88,4,0.05,1.52.4,5-1-2,5180,18,5-1,2380,7,1-2-5,350,1,1-5,670,3,,,,,,,
20250718,大村,5,予選,雨,南東,1,1,5,6,5017,澤 田 尚 也,74,57,6.89,6,0.11,,5-1-2,5180,18,5-1,2380,7,1-2-5,350,1,1-5,670,3,,,,,,,
20250718,大村,5,予選,雨,南東,1,1,6,3,5226,藤 田 俊 祐,12,63,6.84,3,0.05,,5-1-2,5180,18,5-1,2380,7,1-2-5,350,1,1-5,670,3,,,,,,,
20250718,大村,6,予選,雨,南東,1,1,1,3,3876,中 辻 崇 人,48,24,6.80,3,0.16,1.48.7,3-2-6,5370,18,3-2,1870,7,2-3-6,1730,9,2-3,800,4,,,,,,,
20250718,大村,6,予選,雨,南東,1,1,2,2,4804,高 田 ひかる,30,59,6.84,2,0.17,1.49.9,3-2-6,5370,18,3-2,1870,7,2-3-6,1730,9,2-3,800,4,,,,,,,
20250718,大村,6,予選,雨,南東,1,1,3,6,4787,椎 名 豊,27,75,6.83,6,0.17,1.51.6,3-2-6,5370,18,3-2,1870,7,2-3-6,1730,9,2-3,800,4,,,,,,,
20250718,大村,6,予選,雨,南東,1,1,4,4,4930,佐 藤 悠,73,48,6.84,4,0.16,1.52.5,3-2-6,5370,18,3-2,1870,7,2-3-6,1730,9,2-3,800,4,,,,,,,
20250718,大村,6,予選,雨,南東,1,1,5,1,4553,坪 口 竜 也,38,56,6.87,1,0.18,,3-2-6,5370,18,3-2,1870,7,2-3-6,1730,9,2-3,800,4,,,,,,,
20250718,大村,6,予選,雨,南東,1,1,6,5,4816,村 松 修 二,54,15,6.96,5,0.14,,3-2-6,5370,18,3-2,1870,7,2-3-6,1730,9,2-3,800,4,,,,,,,
20250718,大村,7,予選,雨,南東,1,1,1,2,5064,品 川 二千翔,29,17,6.89,2,0.08,1.48.9,2-6-1,6230,25,2-6,2720,9,1-2-6,570,1,2-6,1280,6,,,,,,,
20250718,大村,7,予選,雨,南東,1,1,2,6,4352,下 條 雄太郎,60,19,6.91,6,0.12,1.50.8,2-6-1,6230,25,2-6,2720,9,1-2-6,570,1,2-6,1280,6,,,,,,,
20250718,大村,7,予選,雨,南東,1,1,3,1,4788,小 池 哲 也,13,13,6.90,1,0.11,1.52.0,2-6-1,6230,25,2-6,2720,9,1-2-6,570,1,2-6,1280,6,,,,,,,
20250718,大村,7,予選,雨,南東,1,1,4,5,5224,西 岡 顕 心,61,44,6.90,5,0.31,1.53.2,2-6-1,6230,25,2-6,2720,9,1-2-6,570,1,2-6,1280,6,,,,,,,
20250718,大村,7,予選,雨,南東,1,1,5,4,4961,西 橋 奈 未,68,53,6.91,4,0.23,,2-6-1,6230,25,2-6,2720,9,1-2-6,570,1,2-6,1280,6,,,,,,,
20250718,大村,7,予選,雨,南東,1,1,6,3,5060,数 原 魁,36,58,6.88,3,0.19,,2-6-1,6230,25,2-6,2720,9,1-2-6,570,1,2-6,1280,6,,,,,,,
20250718,大村,8,予選,雨,東,2,1,1,1,5034,若 林 義 人,58,65,6.86,1,0.11,1.49.5,1-5-4,5700,21,1-5,1110,5,1-4-5,1950,9,1-5,840,5,,,,,,,
20250718,大村,8,予選,雨,東,2,1,2,5,5145,島 川 海 輝,32,55,6.88,5,0.11,1.50.5,1-5-4,5700,21,1-5,1110,5,1-4-5,1950,9,1-5,840,5,,,,,,,
20250718,大村,8,予選,雨,東,2,1,3,4,4278,藤 岡 俊 介,45,50,6.90,4,0.11,1.51.2,1-5-4,5700,21,1-5,1110,5,1-4-5,1950,9,1-5,840,5,,,,,,,
20250718,大村,8,予選,雨,東,2,1,4,3,3908,重 成 一 人,20,33,6.94,3,0.14,1.51.6,1-5-4,5700,21,1-5,1110,5,1-4-5,1950,9,1-5,840,5,,,,,,,
20250718,大村,8,予選,雨,東,2,1,5,6,4931,木 谷 賢 太,65,28,6.92,6,0.12,,1-5-4,5700,21,1-5,1110,5,1-4-5,1950,9,1-5,840,5,,,,,,,
20250718,大村,8,予選,雨,東,2,1,6,2,5055,眞 鳥 章 太,57,35,6.92,2,0.16,,1-5-4,5700,21,1-5,1110,5,1-4-5,1950,9,1-5,840,5,,,,,,,
20250718,大村,9,予選,雨,東,3,2,1,1,3721,守 田 俊 介,50,61,6.96,1,0.09,1.48.0,1-2-5,3400,13,1-2,570,2,1-2-5,2170,9,1-2,530,3,,,,,,,
20250718,大村,9,予選,雨,東,3,2,2,2,5134,大 原 祥 昌,28,18,6.87,2,0.15,1.49.8,1-2-5,3400,13,1-2,570,2,1-2-5,2170,9,1-2,530,3,,,,,,,
20250718,大村,9,予選,雨,東,3,2,3,5,5038,金 田 智 博,46,78,6.81,5,0.16,1.50.5,1-2-5,3400,13,1-2,570,2,1-2-5,2170,9,1-2,530,3,,,,,,,
20250718,大村,9,予選,雨,東,3,2,4,3,4075,中 野 次 郎,59,29,6.94,3,0.15,1.52.3,1-2-5,3400,13,1-2,570,2,1-2-5,2170,9,1-2,530,3,,,,,,,
20250718,大村,9,予選,雨,東,3,2,5,6,4985,井 本 昌 也,67,30,6.88,6,0.17,,1-2-5,3400,13,1-2,570,2,1-2-5,2170,9,1-2,530,3,,,,,,,
20250718,大村,9,予選,雨,東,3,2,6,4,4298,宮 下 元 胤,24,46,6.86,4,0.14,,1-2-5,3400,13,1-2,570,2,1-2-5,2170,9,1-2,530,3,,,,,,,
20250718,大村,10,予選,曇り,東,2,1,1,1,3978,齊 藤 仁,53,25,6.83,1,0.13,1.48.4,1-5-4,9070,25,1-5,1570,6,1-4-5,3580,11,1-5,1580,5,,,,,,,
20250718,大村,10,予選,曇り,東,2,1,2,5,5161,登 玉 隼 百,39,45,6.89,5,0.13,1.51.0,1-5-4,9070,25,1-5,1570,6,1-4-5,3580,11,1-5,1580,5,,,,,,,
20250718,大村,10,予選,曇り,東,2,1,3,4,4531,武 富 智 亮,40,62,6.94,4,0.17,1.51.8,1-5-4,9070,25,1-5,1570,6,1-4-5,3580,11,1-5,1580,5,,,,,,,
20250718,大村,10,予選,曇り,東,2,1,4,2,4579,中 嶋 健一郎,35,40,6.92,2,0.17,1.52.5,1-5-4,9070,25,1-5,1570,6,1-4-5,3580,11,1-5,1580,5,,,,,,,
20250718,大村,10,予選,曇り,東,2,1,5,6,4477,篠 崎 仁 志,62,49,6.92,6,0.18,,1-5-4,9070,25,1-5,1570,6,1-4-5,3580,11,1-5,1580,5,,,,,,,
20250718,大村,10,予選,曇り,東,2,1,6,3,3744,徳 増 秀 樹,33,77,6.85,3,0.17,,1-5-4,9070,25,1-5,1570,6,1-4-5,3580,11,1-5,1580,5,,,,,,,
20250718,大村,11,予選,曇り,東,2,1,1,4,3876,中 辻 崇 人,48,24,6.89,4,0.04,1.48.5,4-1-5,5320,18,4-1,1880,6,1-4-5,970,5,1-4,690,2,,,,,,,
20250718,大村,11,予選,曇り,東,2,1,2,1,4914,吉 田 裕 平,44,27,6.86,1,0.13,1.49.7,4-1-5,5320,18,4-1,1880,6,1-4-5,970,5,1-4,690,2,,,,,,,
20250718,大村,11,予選,曇り,東,2,1,3,5,4294,古 賀 繁 輝,47,23,6.91,5,0.09,1.52.2,4-1-5,5320,18,4-1,1880,6,1-4-5,970,5,1-4,690,2,,,,,,,
20250718,大村,11,予選,曇り,東,2,1,4,6,4649,和 田 操 拓,49,41,6.92,6,0.12,1.53.3,4-1-5,5320,18,4-1,1880,6,1-4-5,970,5,1-4,690,2,,,,,,,
20250718,大村,11,予選,曇り,東,2,1,5,3,3779,原 田 幸 哉,64,32,6.87,3,0.09,,4-1-5,5320,18,4-1,1880,6,1-4-5,970,5,1-4,690,2,,,,,,,
20250718,大村,11,予選,曇り,東,2,1,6,2,4441,末 永 由 楽,43,67,6.86,2,0.13,,4-1-5,5320,18,4-1,1880,6,1-4-5,970,5,1-4,690,2,,,,,,,
20250718,大村,12,一般,曇り,東,1,1,1,1,5141,大 澤 風 葵,11,64,6.84,1,0.11,1.48.7,1-4-6,3460,15,1-4,400,1,1-4-6,1960,7,1-4,350,1,,,,,,,
20250718,大村,12,一般,曇り,東,1,1,2,4,4787,椎 名 豊,27,75,6.86,4,0.09,1.50.2,1-4-6,3460,15,1-4,400,1,1-4-6,1960,7,1-4,350,1,,,,,,,
20250718,大村,12,一般,曇り,東,1,1,3,6,5226,藤 田 俊 祐,12,63,6.90,6,0.20,1.52.1,1-4-6,3460,15,1-4,400,1,1-4-6,1960,7,1-4,350,1,,,,,,,
20250718,大村,12,一般,曇り,東,1,1,4,5,4933,板 橋 侑 我,15,76,6.94,5,0.09,1.52.3,1-4-6,3460,15,1-4,400,1,1-4-6,1960,7,1-4,350,1,,,,,,,
20250718,大村,12,一般,曇り,東,1,1,5,2,4825,倉 持 莉 々,17,43,6.87,2,0.10,,1-4-6,3460,15,1-4,400,1,1-4-6,1960,7,1-4,350,1,,,,,,,
20250718,大村,12,一般,曇り,東,1,1,6,3,4788,小 池 哲 也,13,13,6.92,3,0.19,,1-4-6,3460,15,1-4,400,1,1-4-6,1960,7,1-4,350,1,,,,,,,
20250718,宮島,1,ファーストＢ,雨,南西,2,2,1,4,4979,中 野 夢 斗,74,29,6.69,4,0.04,1.50.5,4-6-1,6050,20,4-6,2670,8,1-4-6,720,4,4-6,1790,6,,,,,,,
20250718,宮島,1,ファーストＢ,雨,南西,2,2,2,6,4092,岡 部 大 輔,82,78,6.75,6,0.14,1.52.5,4-6-1,6050,20,4-6,2670,8,1-4-6,720,4,4-6,1790,6,,,,,,,
20250718,宮島,1,ファーストＢ,雨,南西,2,2,3,1,5222,津 田 陸 翔,62,67,6.69,1,0.15,1.53.4,4-6-1,6050,20,4-6,2670,8,1-4-6,720,4,4-6,1790,6,,,,,,,
20250718,宮島,1,ファーストＢ,雨,南西,2,2,4,2,4666,日 笠 勝 弘,32,16,6.73,2,0.13,1.55.2,4-6-1,6050,20,4-6,2670,8,1-4-6,720,4,4-6,1790,6,,,,,,,
20250718,宮島,1,ファーストＢ,雨,南西,2,2,5,5,3998,冨 成 謙 児,81,82,6.71,5,0.16,1.56.3,4-6-1,6050,20,4-6,2670,8,1-4-6,720,4,4-6,1790,6,,,,,,,
20250718,宮島,1,ファーストＢ,雨,南西,2,2,6,3,3710,吉 永 泰 弘,56,34,6.72,3,0.09,1.57.4,4-6-1,6050,20,4-6,2670,8,1-4-6,720,4,4-6,1790,6,,,,,,,
20250718,宮島,2,予選,曇り,南西,4,4,1,2,3618,海 野 ゆかり,35,75,6.65,2,0.16,1.51.6,2-5-1,3050,12,2-5,360,1,1-2-5,690,4,2-5,260,2,,,,,,,
20250718,宮島,2,予選,曇り,南西,4,4,2,5,3999,大 瀧 明日香,28,54,6.76,5,0.21,1.53.1,2-5-1,3050,12,2-5,360,1,1-2-5,690,4,2-5,260,2,,,,,,,
20250718,宮島,2,予選,曇り,南西,4,4,3,1,4510,坂 本 奈 央,27,63,6.68,1,0.29,1.55.0,2-5-1,3050,12,2-5,360,1,1-2-5,690,4,2-5,260,2,,,,,,,
20250718,宮島,2,予選,曇り,南西,4,4,4,3,4408,仁 科 さやか,73,36,6.69,3,0.17,1.55.7,2-5-1,3050,12,2-5,360,1,1-2-5,690,4,2-5,260,2,,,,,,,
20250718,宮島,2,予選,曇り,南西,4,4,5,6,3355,橋谷田 佳 織,72,81,6.77,6,0.25,1.58.2,2-5-1,3050,12,2-5,360,1,1-2-5,690,4,2-5,260,2,,,,,,,
20250718,宮島,2,予選,曇り,南西,4,4,6,4,4775,千 葉 真 弥,23,38,6.65,4,0.16,2.00.4,2-5-1,3050,12,2-5,360,1,1-2-5,690,4,2-5,260,2,,,,,,,
20250718,宮島,3,予選,曇り,南,3,3,1,3,3853,岩 崎 正 哉,80,66,6.74,3,0.07,1.51.0,3-1-6,3990,15,3-1,1730,6,1-3-6,880,4,1-3,550,3,,,,,,,
20250718,宮島,3,予選,曇り,南,3,3,2,1,4465,大 西 賢,18,39,6.66,1,0.11,1.52.5,3-1-6,3990,15,3-1,1730,6,1-3-6,880,4,1-3,550,3,,,,,,,
20250718,宮島,3,予選,曇り,南,3,3,3,6,4136,江 夏 満,38,33,6.73,6,0.10,1.53.7,3-1-6,3990,15,3-1,1730,6,1-3-6,880,4,1-3,550,3,,,,,,,
20250718,宮島,3,予選,曇り,南,3,3,4,2,4939,宮之原 輝 紀,24,76,6.82,2,0.12,1.53.9,3-1-6,3990,15,3-1,1730,6,1-3-6,880,4,1-3,550,3,,,,,,,
20250718,宮島,3,予選,曇り,南,3,3,5,5,4103,山 崎 善 庸,21,35,6.73,5,0.10,1.56.0,3-1-6,3990,15,3-1,1730,6,1-3-6,880,4,1-3,550,3,,,,,,,
20250718,宮島,3,予選,曇り,南,3,3,6,4,3430,角 浜 修,70,51,6.67,4,0.05,1.57.2,3-1-6,3990,15,3-1,1730,6,1-3-6,880,4,1-3,550,3,,,,,,,
20250718,宮島,4,ランチタイム,曇り,南西,3,3,1,1,4938,小 芦 るり華,17,26,6.66,1,0.09,1.50.4,1-5-3,1290,3,1-5,830,3,1-3-5,210,1,1-5,420,2,,,,,,,
20250718,宮島,4,ランチタイム,曇り,南西,3,3,2,5,4011,堀之内 紀代子,54,52,6.68,5,0.17,1.52.1,1-5-3,1290,3,1-5,830,3,1-3-5,210,1,1-5,420,2,,,,,,,
20250718,宮島,4,ランチタイム,曇り,南西,3,3,3,3,3435,寺 田 千 恵,53,73,6.72,3,0.12,1.53.9,1-5-3,1290,3,1-5,830,3,1-3-5,210,1,1-5,420,2,,,,,,,
20250718,宮島,4,ランチタイム,曇り,南西,3,3,4,2,4844,村 上 奈 穂,22,37,6.71,2,0.10,1.54.0,1-5-3,1290,3,1-5,830,3,1-3-5,210,1,1-5,420,2,,,,,,,
20250718,宮島,4,ランチタイム,曇り,南西,3,3,5,4,5326,三 嶌 さらら,11,69,6.64,4,0.19,1.54.9,1-5-3,1290,3,1-5,830,3,1-3-5,210,1,1-5,420,2,,,,,,,
20250718,宮島,4,ランチタイム,曇り,南西,3,3,6,6,4443,津 田 裕 絵,50,50,6.78,6,0.24,1.56.5,1-5-3,1290,3,1-5,830,3,1-3-5,210,1,1-5,420,2,,,,,,,
20250718,宮島,5,予選,曇り,南西,3,3,1,3,5125,高 井 雄 基,19,56,6.68,3,0.14,1.50.7,3-4-1,6140,18,3-4,3670,10,1-3-4,260,2,3-4,1320,4,,,,,,,
20250718,宮島,5,予選,曇り,南西,3,3,2,4,3684,清 水 攻 二,55,57,6.74,4,0.07,1.52.2,3-4-1,6140,18,3-4,3670,10,1-3-4,260,2,3-4,1320,4,,,,,,,
20250718,宮島,5,予選,曇り,南西,3,3,3,1,4776,竹 田 和 哉,77,77,6.71,1,0.16,1.53.9,3-4-1,6140,18,3-4,3670,10,1-3-4,260,2,3-4,1320,4,,,,,,,
20250718,宮島,5,予選,曇り,南西,3,3,4,2,4979,中 野 夢 斗,74,29,6.67,2,0.26,1.54.9,3-4-1,6140,18,3-4,3670,10,1-3-4,260,2,3-4,1320,4,,,,,,,
20250718,宮島,5,予選,曇り,南西,3,3,5,6,5311,小 林 京 平,66,65,6.71,6,0.03,1.55.8,3-4-1,6140,18,3-4,3670,10,1-3-4,260,2,3-4,1320,4,,,,,,,
20250718,宮島,5,予選,曇り,南西,3,3,6,5,3804,中 渡 修 作,37,32,6.75,5,0.05,1.58.2,3-4-1,6140,18,3-4,3670,10,1-3-4,260,2,3-4,1320,4,,,,,,,
20250718,宮島,6,予選,曇り,南西,2,2,1,3,3470,新 田 芳 美,63,14,6.74,3,0.14,1.51.4,3-2-5,20950,46,3-2,1150,6,2-3-5,7200,14,2-3,730,3,,,,,,,
20250718,宮島,6,予選,曇り,南西,2,2,2,2,3334,角 ひとみ,68,53,6.70,2,0.21,1.53.2,3-2-5,20950,46,3-2,1150,6,2-3-5,7200,14,2-3,730,3,,,,,,,
20250718,宮島,6,予選,曇り,南西,2,2,3,5,5362,中 嶋 世 奈,34,23,6.76,5,0.18,1.54.2,3-2-5,20950,46,3-2,1150,6,2-3-5,7200,14,2-3,730,3,,,,,,,
20250718,宮島,6,予選,曇り,南西,2,2,4,4,5088,高 憧 四 季,64,13,6.74,4,0.32,1.54.4,3-2-5,20950,46,3-2,1150,6,2-3-5,7200,14,2-3,730,3,,,,,,,
20250718,宮島,6,予選,曇り,南西,2,2,5,1,3207,田 村 美 和,51,27,6.77,1,0.15,1.55.8,3-2-5,20950,46,3-2,1150,6,2-3-5,7200,14,2-3,730,3,,,,,,,
20250718,宮島,6,予選,曇り,南西,2,2,6,6,5295,田 上 凜,58,62,6.72,6,0.16,1.58.6,3-2-5,20950,46,3-2,1150,6,2-3-5,7200,14,2-3,730,3,,,,,,,
20250718,宮島,7,予選,曇り,南西,2,2,1,2,4136,江 夏 満,38,33,6.77,2,0.14,1.51.1,2-1-5,1700,3,2-1,1040,6,1-2-5,460,2,1-2,400,1,,,,,,,
20250718,宮島,7,予選,曇り,南西,2,2,2,1,3998,冨 成 謙 児,81,82,6.70,1,0.14,1.52.7,2-1-5,1700,3,2-1,1040,6,1-2-5,460,2,1-2,400,1,,,,,,,
20250718,宮島,7,予選,曇り,南西,2,2,3,5,3679,飯 島 昌 弘,67,64,6.73,5,0.18,1.54.0,2-1-5,1700,3,2-1,1040,6,1-2-5,460,2,1-2,400,1,,,,,,,
20250718,宮島,7,予選,曇り,南西,2,2,4,4,4411,沢 田 昭 宏,29,12,6.76,4,0.17,1.55.2,2-1-5,1700,3,2-1,1040,6,1-2-5,460,2,1-2,400,1,,,,,,,
20250718,宮島,7,予選,曇り,南西,2,2,5,3,4053,芦 澤 望,26,15,6.71,3,0.16,1.55.3,2-1-5,1700,3,2-1,1040,6,1-2-5,460,2,1-2,400,1,,,,,,,
20250718,宮島,7,予選,曇り,南西,2,2,6,6,4803,飯 田 庄 吾,15,17,6.76,6,0.23,1.57.0,2-1-5,1700,3,2-1,1040,6,1-2-5,460,2,1-2,400,1,,,,,,,
20250718,宮島,8,予選,曇り,南西,2,2,1,2,4784,向井田 真 紀,36,30,6.75,2,0.07,1.50.7,2-5-6,8030,34,2-5,4410,17,2-5-6,870,4,2-5,3070,9,,,,,,,
20250718,宮島,8,予選,曇り,南西,2,2,2,5,5326,三 嶌 さらら,11,69,6.72,5,0.15,1.51.7,2-5-6,8030,34,2-5,4410,17,2-5-6,870,4,2-5,3070,9,,,,,,,
20250718,宮島,8,予選,曇り,南西,2,2,3,6,4963,實 森 美 祐,60,28,6.70,6,0.16,1.53.8,2-5-6,8030,34,2-5,4410,17,2-5-6,870,4,2-5,3070,9,,,,,,,
20250718,宮島,8,予選,曇り,南西,2,2,4,3,3509,池 千 夏,65,72,6.75,3,0.12,1.54.6,2-5-6,8030,34,2-5,4410,17,2-5-6,870,4,2-5,3070,9,,,,,,,
20250718,宮島,8,予選,曇り,南西,2,2,5,1,5334,樫 葉 新 心,14,31,6.73,1,0.11,1.55.1,2-5-6,8030,34,2-5,4410,17,2-5-6,870,4,2-5,3070,9,,,,,,,
20250718,宮島,8,予選,曇り,南西,2,2,6,4,4510,坂 本 奈 央,27,63,6.78,4,0.20,1.57.4,2-5-6,8030,34,2-5,4410,17,2-5-6,870,4,2-5,3070,9,,,,,,,
20250718,宮島,9,特賞,曇り,南西,2,2,1,1,3684,清 水 攻 二,55,57,6.74,1,0.19,1.51.0,1-3-6,900,1,1-3,450,2,1-3-6,380,2,1-3,440,3,,,,,,,
20250718,宮島,9,特賞,曇り,南西,2,2,2,3,4837,酒 井 陽 祐,16,61,6.71,3,0.23,1.53.1,1-3-6,900,1,1-3,450,2,1-3-6,380,2,1-3,440,3,,,,,,,
20250718,宮島,9,特賞,曇り,南西,2,2,3,6,4398,船 岡 洋一郎,78,21,6.72,6,0.27,1.54.8,1-3-6,900,1,1-3,450,2,1-3-6,380,2,1-3,440,3,,,,,,,
20250718,宮島,9,特賞,曇り,南西,2,2,4,4,4092,岡 部 大 輔,82,78,6.74,4,0.24,1.55.9,1-3-6,900,1,1-3,450,2,1-3-6,380,2,1-3,440,3,,,,,,,
20250718,宮島,9,特賞,曇り,南西,2,2,5,2,3804,中 渡 修 作,37,32,6.77,2,0.21,1.56.5,1-3-6,900,1,1-3,450,2,1-3-6,380,2,1-3,440,3,,,,,,,
20250718,宮島,9,特賞,曇り,南西,2,2,6,5,4465,大 西 賢,18,39,6.69,5,0.58,1.58.5,1-3-6,900,1,1-3,450,2,1-3-6,380,2,1-3,440,3,,,,,,,
20250718,宮島,10,特賞,曇り,南西,2,2,1,4,3618,海 野 ゆかり,35,75,6.70,4,0.04,1.51.4,4-2-3,4350,20,4-2,1900,8,2-3-4,370,2,2-4,970,5,,,,,,,
20250718,宮島,10,特賞,曇り,南西,2,2,2,2,4224,大 橋 栄里佳,61,25,6.70,2,0.12,1.52.7,4-2-3,4350,20,4-2,1900,8,2-3-4,370,2,2-4,970,5,,,,,,,
20250718,宮島,10,特賞,曇り,南西,2,2,3,3,4011,堀之内 紀代子,54,52,6.72,3,0.05,1.53.6,4-2-3,4350,20,4-2,1900,8,2-3-4,370,2,2-4,970,5,,,,,,,
20250718,宮島,10,特賞,曇り,南西,2,2,4,1,4720,西 澤 日花里,79,18,6.71,1,0.20,1.54.0,4-2-3,4350,20,4-2,1900,8,2-3-4,370,2,2-4,970,5,,,,,,,
20250718,宮島,10,特賞,曇り,南西,2,2,5,5,3207,田 村 美 和,51,27,6.76,5,0.07,1.56.4,4-2-3,4350,20,4-2,1900,8,2-3-4,370,2,2-4,970,5,,,,,,,
20250718,宮島,10,特賞,曇り,南西,2,2,6,6,4408,仁 科 さやか,73,36,6.81,6,0.09,1.58.6,4-2-3,4350,20,4-2,1900,8,2-3-4,370,2,2-4,970,5,,,,,,,
20250718,宮島,11,モンタ特選,曇り,南西,1,1,1,1,3679,飯 島 昌 弘,67,64,6.75,1,0.16,1.51.1,1-5-6,3480,15,1-5,690,3,1-5-6,1980,8,1-5,550,3,,,,,,,
20250718,宮島,11,モンタ特選,曇り,南西,1,1,2,5,4776,竹 田 和 哉,77,77,6.77,5,0.17,1.52.9,1-5-6,3480,15,1-5,690,3,1-5-6,1980,8,1-5,550,3,,,,,,,
20250718,宮島,11,モンタ特選,曇り,南西,1,1,3,6,4053,芦 澤 望,26,15,6.77,6,0.18,1.53.9,1-5-6,3480,15,1-5,690,3,1-5-6,1980,8,1-5,550,3,,,,,,,
20250718,宮島,11,モンタ特選,曇り,南西,1,1,4,2,5222,津 田 陸 翔,62,67,6.68,2,0.21,1.54.4,1-5-6,3480,15,1-5,690,3,1-5-6,1980,8,1-5,550,3,,,,,,,
20250718,宮島,11,モンタ特選,曇り,南西,1,1,5,4,4515,藤 田 浩 人,33,22,6.76,4,0.15,1.55.3,1-5-6,3480,15,1-5,690,3,1-5-6,1980,8,1-5,550,3,,,,,,,
20250718,宮島,11,モンタ特選,曇り,南西,1,1,6,3,4666,日 笠 勝 弘,32,16,6.79,3,0.20,1.57.7,1-5-6,3480,15,1-5,690,3,1-5-6,1980,8,1-5,550,3,,,,,,,
20250718,宮島,12,モミジ特選,雨,南西,2,2,1,3,4775,千 葉 真 弥,23,38,6.73,3,0.10,1.50.5,3-4-5,6810,24,3-4,2480,8,3-4-5,2750,10,3-4,1620,7,,,,,,,
20250718,宮島,12,モミジ特選,雨,南西,2,2,2,4,4443,津 田 裕 絵,50,50,6.76,4,0.19,1.52.1,3-4-5,6810,24,3-4,2480,8,3-4-5,2750,10,3-4,1620,7,,,,,,,
20250718,宮島,12,モミジ特選,雨,南西,2,2,3,5,5088,高 憧 四 季,64,13,6.68,5,0.17,1.53.2,3-4-5,6810,24,3-4,2480,8,3-4-5,2750,10,3-4,1620,7,,,,,,,
20250718,宮島,12,モミジ特選,雨,南西,2,2,4,2,5334,樫 葉 新 心,14,31,6.73,2,0.16,1.54.3,3-4-5,6810,24,3-4,2480,8,3-4-5,2750,10,3-4,1620,7,,,,,,,
20250718,宮島,12,モミジ特選,雨,南西,2,2,5,1,3999,大 瀧 明日香,28,54,6.72,1,0.13,1.55.4,3-4-5,6810,24,3-4,2480,8,3-4-5,2750,10,3-4,1620,7,,,,,,,
20250718,宮島,12,モミジ特選,雨,南西,2,2,6,6,3334,角 ひとみ,68,53,6.71,6,0.22,1.58.1,3-4-5,6810,24,3-4,2480,8,3-4-5,2750,10,3-4,1620,7,,,,,,,
20250718,尼崎,1,朝からセンプ,晴,西,4,0,1,3,4264,長 尾 章 平,8,26,6.81,3,0.30,1.50.5,3-1-2,640,1,3-1,330,1,1-2-3,210,1,1-3,190,1,,,,,,,
20250718,尼崎,1,朝からセンプ,晴,西,4,0,2,1,4656,大 崎 翔,24,61,6.87,1,0.11,1.51.6,3-1-2,640,1,3-1,330,1,1-2-3,210,1,1-3,190,1,,,,,,,
20250718,尼崎,1,朝からセンプ,晴,西,4,0,3,2,3282,池 本 輝 明,14,12,6.85,2,0.28,1.53.5,3-1-2,640,1,3-1,330,1,1-2-3,210,1,1-3,190,1,,,,,,,
20250718,尼崎,1,朝からセンプ,晴,西,4,0,4,5,4329,小 松 卓 司,30,58,6.85,5,0.23,1.54.4,3-1-2,640,1,3-1,330,1,1-2-3,210,1,1-3,190,1,,,,,,,
20250718,尼崎,1,朝からセンプ,晴,西,4,0,5,6,5403,藤 山 湧 太,47,49,6.82,6,0.21,1.55.3,3-1-2,640,1,3-1,330,1,1-2-3,210,1,1-3,190,1,,,,,,,
20250718,尼崎,1,朝からセンプ,晴,西,4,0,6,4,3722,西 村 秀 樹,37,28,6.89,4,0.29,1.55.7,3-1-2,640,1,3-1,330,1,1-2-3,210,1,1-3,190,1,,,,,,,
20250718,尼崎,2,予選,晴,西,2,0,1,3,4066,東 本 勝 利,4,37,6.80,3,0.12,1.49.3,3-1-5,1620,4,3-1,450,1,1-3-5,540,3,1-3,410,2,,,,,,,
20250718,尼崎,2,予選,晴,西,2,0,2,1,4615,板 倉 敦 史,15,36,6.85,1,0.11,1.50.7,3-1-5,1620,4,3-1,450,1,1-3-5,540,3,1-3,410,2,,,,,,,
20250718,尼崎,2,予選,晴,西,2,0,3,5,4583,古 田 祐 貴,11,54,6.88,5,0.13,1.52.7,3-1-5,1620,4,3-1,450,1,1-3-5,540,3,1-3,410,2,,,,,,,
20250718,尼崎,2,予選,晴,西,2,0,4,4,5243,三 馬 崇 史,38,69,6.79,4,0.13,1.52.9,3-1-5,1620,4,3-1,450,1,1-3-5,540,3,1-3,410,2,,,,,,,
20250718,尼崎,2,予選,晴,西,2,0,5,6,4934,佐々木 翔 斗,35,52,6.82,6,0.15,1.55.4,3-1-5,1620,4,3-1,450,1,1-3-5,540,3,1-3,410,2,,,,,,,
20250718,尼崎,2,予選,晴,西,2,0,6,2,5336,瀬 川 大 地,46,45,6.83,2,0.15,1.57.7,3-1-5,1620,4,3-1,450,1,1-3-5,540,3,1-3,410,2,,,,,,,
20250718,尼崎,3,予選,晴,西,3,0,1,4,4953,尾 上 雅 也,6,73,6.80,4,0.14,1.48.5,4-2-5,3300,14,4-2,1070,6,2-4-5,1500,6,2-4,610,3,,,,,,,
20250718,尼崎,3,予選,晴,西,3,0,2,2,4732,堀 本 和 也,18,43,6.84,2,0.18,1.51.8,4-2-5,3300,14,4-2,1070,6,2-4-5,1500,6,2-4,610,3,,,,,,,
20250718,尼崎,3,予選,晴,西,3,0,3,5,5014,梶 山 涼 斗,3,35,6.79,5,0.17,1.53.6,4-2-5,3300,14,4-2,1070,6,2-4-5,1500,6,2-4,610,3,,,,,,,
20250718,尼崎,3,予選,晴,西,3,0,4,6,5375,庄 島 潤 成,55,22,6.82,6,0.29,1.54.4,4-2-5,3300,14,4-2,1070,6,2-4-5,1500,6,2-4,610,3,,,,,,,
20250718,尼崎,3,予選,晴,西,3,0,5,1,3955,眞 田 英 二,32,50,6.84,1,0.22,1.55.5,4-2-5,3300,14,4-2,1070,6,2-4-5,1500,6,2-4,610,3,,,,,,,
20250718,尼崎,3,予選,晴,西,3,0,6,3,3963,原 田 秀 弥,61,32,6.89,3,0.21,1.56.2,4-2-5,3300,14,4-2,1070,6,2-4-5,1500,6,2-4,610,3,,,,,,,
20250718,尼崎,4,予選,晴,南西,5,3,1,5,3350,藤 本 佳 史,2,16,6.90,5,0.12,1.50.3,5-4-2,33620,44,5-4,4300,12,2-4-5,8470,12,4-5,1830,6,,,,,,,
20250718,尼崎,4,予選,晴,南西,5,3,2,4,4973,栗 原 直 也,59,27,6.83,4,0.13,1.50.9,5-4-2,33620,44,5-4,4300,12,2-4-5,8470,12,4-5,1830,6,,,,,,,
20250718,尼崎,4,予選,晴,南西,5,3,3,2,4346,前 田 健太郎,60,51,6.83,2,0.17,1.53.5,5-4-2,33620,44,5-4,4300,12,2-4-5,8470,12,4-5,1830,6,,,,,,,
20250718,尼崎,4,予選,晴,南西,5,3,4,6,4945,上 村 宏 太,33,42,6.85,6,0.13,1.54.0,5-4-2,33620,44,5-4,4300,12,2-4-5,8470,12,4-5,1830,6,,,,,,,
20250718,尼崎,4,予選,晴,南西,5,3,5,1,3849,中 岡 正 彦,54,59,6.86,1,0.17,1.55.0,5-4-2,33620,44,5-4,4300,12,2-4-5,8470,12,4-5,1830,6,,,,,,,
20250718,尼崎,4,予選,晴,南西,5,3,6,3,4145,小 澤 学,49,31,6.85,3,0.20,1.57.6,5-4-2,33620,44,5-4,4300,12,2-4-5,8470,12,4-5,1830,6,,,,,,,
20250718,尼崎,5,予選,晴,南西,4,0,1,1,4710,福 田 宗 平,45,66,6.85,1,0.15,1.49.8,1-4-3,1360,4,1-4,330,1,1-3-4,510,3,1-4,150,1,,,,,,,
20250718,尼崎,5,予選,晴,南西,4,0,2,4,4983,前 田 篤 哉,40,17,6.76,5,0.16,1.51.1,1-4-3,1360,4,1-4,330,1,1-3-4,510,3,1-4,150,1,,,,,,,
20250718,尼崎,5,予選,晴,南西,4,0,3,3,4404,岸 蔭 亮,44,62,6.87,4,0.17,1.53.5,1-4-3,1360,4,1-4,330,1,1-3-4,510,3,1-4,150,1,,,,,,,
20250718,尼崎,5,予選,晴,南西,4,0,4,2,3072,西 田 靖,53,25,6.87,2,0.17,1.54.2,1-4-3,1360,4,1-4,330,1,1-3-4,510,3,1-4,150,1,,,,,,,
20250718,尼崎,5,予選,晴,南西,4,0,5,5,4079,出 畑 孝 典,50,41,6.83,3,0.23,1.55.1,1-4-3,1360,4,1-4,330,1,1-3-4,510,3,1-4,150,1,,,,,,,
20250718,尼崎,5,予選,晴,南西,4,0,6,6,5404,内 田 壮,26,46,6.83,6,0.19,1.55.4,1-4-3,1360,4,1-4,330,1,1-3-4,510,3,1-4,150,1,,,,,,,
20250718,尼崎,6,昼どきピンク,晴,南西,4,0,1,1,5166,仲 道 大 輔,1,47,6.82,1,0.16,1.50.5,1-3-5,1290,4,1-3,300,1,1-3-5,950,4,1-3,320,2,,,,,,,
20250718,尼崎,6,昼どきピンク,晴,南西,4,0,2,3,3788,一 宮 稔 弘,48,56,6.78,3,0.14,1.52.4,1-3-5,1290,4,1-3,300,1,1-3-5,950,4,1-3,320,2,,,,,,,
20250718,尼崎,6,昼どきピンク,晴,南西,4,0,3,5,3392,小 森 信 雄,29,33,6.72,5,0.17,1.54.5,1-3-5,1290,4,1-3,300,1,1-3-5,950,4,1-3,320,2,,,,,,,
20250718,尼崎,6,昼どきピンク,晴,南西,4,0,4,4,4839,四 宮 与 寛,10,57,6.82,4,0.16,1.55.0,1-3-5,1290,4,1-3,300,1,1-3-5,950,4,1-3,320,2,,,,,,,
20250718,尼崎,6,昼どきピンク,晴,南西,4,0,5,2,4656,大 崎 翔,24,61,6.89,2,0.15,1.57.6,1-3-5,1290,4,1-3,300,1,1-3-5,950,4,1-3,320,2,,,,,,,
20250718,尼崎,6,昼どきピンク,晴,南西,4,0,6,6,5336,瀬 川 大 地,46,45,6.81,6,0.23,1.58.3,1-3-5,1290,4,1-3,300,1,1-3-5,950,4,1-3,320,2,,,,,,,
20250718,尼崎,7,予選,晴,西,8,6,1,2,4544,松 田 大志郎,52,67,6.77,2,0.20,1.52.6,2-5-6,860,1,2-5,390,1,2-5-6,310,1,2-5,230,1,,,,,,,
20250718,尼崎,7,予選,晴,西,8,6,2,5,4522,古 澤 光 紀,20,40,6.89,4,0.21,1.54.2,2-5-6,860,1,2-5,390,1,2-5-6,310,1,2-5,230,1,,,,,,,
20250718,尼崎,7,予選,晴,西,8,6,3,6,4790,柳 内 敬 太,56,15,6.85,5,0.17,1.55.7,2-5-6,860,1,2-5,390,1,2-5-6,310,1,2-5,230,1,,,,,,,
20250718,尼崎,7,予選,晴,西,8,6,4,4,5403,藤 山 湧 太,47,49,6.85,6,0.40,1.56.6,2-5-6,860,1,2-5,390,1,2-5-6,310,1,2-5,230,1,,,,,,,
20250718,尼崎,7,予選,晴,西,8,6,5,3,5014,梶 山 涼 斗,3,35,6.77,3,0.27,1.58.4,2-5-6,860,1,2-5,390,1,2-5-6,310,1,2-5,230,1,,,,,,,
20250718,尼崎,7,予選,晴,西,8,6,6,1,5047,國 分 将太郎,39,65,6.82,1,0.30,1.59.0,2-5-6,860,1,2-5,390,1,2-5-6,310,1,2-5,230,1,,,,,,,
20250718,尼崎,8,予選,曇り,西,5,3,1,1,4600,井 内 将太郎,31,29,6.82,1,0.17,1.50.6,1-6-5,4350,16,1-6,880,4,1-5-6,1400,6,1-6,260,1,,,,,,,
20250718,尼崎,8,予選,曇り,西,5,3,2,6,4264,長 尾 章 平,8,26,6.78,6,0.12,1.51.9,1-6-5,4350,16,1-6,880,4,1-5-6,1400,6,1-6,260,1,,,,,,,
20250718,尼崎,8,予選,曇り,西,5,3,3,5,4945,上 村 宏 太,33,42,6.82,5,0.53,1.53.5,1-6-5,4350,16,1-6,880,4,1-5-6,1400,6,1-6,260,1,,,,,,,
20250718,尼崎,8,予選,曇り,西,5,3,4,2,3963,原 田 秀 弥,61,32,6.90,2,0.21,1.53.9,1-6-5,4350,16,1-6,880,4,1-5-6,1400,6,1-6,260,1,,,,,,,
20250718,尼崎,8,予選,曇り,西,5,3,5,4,4934,佐々木 翔 斗,35,52,6.81,4,0.17,1.56.3,1-6-5,4350,16,1-6,880,4,1-5-6,1400,6,1-6,260,1,,,,,,,
20250718,尼崎,8,予選,曇り,西,5,3,6,3,3615,横 田 茂,42,38,6.93,3,0.18,1.59.2,1-6-5,4350,16,1-6,880,4,1-5-6,1400,6,1-6,260,1,,,,,,,
20250718,尼崎,9,予選特賞,雨,南西,4,0,1,1,4718,北 川 太 一,22,64,6.84,1,0.10,1.49.9,1-5-4,1840,5,1-5,440,2,1-4-5,560,3,1-5,260,1,,,,,,,
20250718,尼崎,9,予選特賞,雨,南西,4,0,2,5,4953,尾 上 雅 也,6,73,6.85,5,0.09,1.51.6,1-5-4,1840,5,1-5,440,2,1-4-5,560,3,1-5,260,1,,,,,,,
20250718,尼崎,9,予選特賞,雨,南西,4,0,3,4,4583,古 田 祐 貴,11,54,6.89,4,0.06,1.53.7,1-5-4,1840,5,1-5,440,2,1-4-5,560,3,1-5,260,1,,,,,,,
20250718,尼崎,9,予選特賞,雨,南西,4,0,4,3,4710,福 田 宗 平,45,66,6.86,3,0.09,1.54.4,1-5-4,1840,5,1-5,440,2,1-4-5,560,3,1-5,260,1,,,,,,,
20250718,尼崎,9,予選特賞,雨,南西,4,0,5,2,4145,小 澤 学,49,31,6.85,2,0.17,1.55.8,1-5-4,1840,5,1-5,440,2,1-4-5,560,3,1-5,260,1,,,,,,,
20250718,尼崎,9,予選特賞,雨,南西,4,0,6,6,4329,小 松 卓 司,30,58,6.86,6,0.18,1.57.8,1-5-4,1840,5,1-5,440,2,1-4-5,560,3,1-5,260,1,,,,,,,
20250718,尼崎,10,予選特賞,曇り,南西,4,0,1,1,4079,出 畑 孝 典,50,41,6.85,1,0.19,1.51.2,1-2-4,960,3,1-2,500,3,1-2-4,350,2,1-2,400,3,,,,,,,
20250718,尼崎,10,予選特賞,曇り,南西,4,0,2,2,3931,黒 崎 竜 也,9,30,6.81,2,0.20,1.52.0,1-2-4,960,3,1-2,500,3,1-2-4,350,2,1-2,400,3,,,,,,,
20250718,尼崎,10,予選特賞,曇り,南西,4,0,3,4,4732,堀 本 和 也,18,43,6.88,4,0.15,1.53.3,1-2-4,960,3,1-2,500,3,1-2-4,350,2,1-2,400,3,,,,,,,
20250718,尼崎,10,予選特賞,曇り,南西,4,0,4,6,3792,田 中 豪,17,11,6.93,6,0.17,1.55.3,1-2-4,960,3,1-2,500,3,1-2-4,350,2,1-2,400,3,,,,,,,
20250718,尼崎,10,予選特賞,曇り,南西,4,0,5,3,5166,仲 道 大 輔,1,47,6.90,3,0.19,1.56.5,1-2-4,960,3,1-2,500,3,1-2-4,350,2,1-2,400,3,,,,,,,
20250718,尼崎,10,予選特賞,曇り,南西,4,0,6,5,3722,西 村 秀 樹,37,28,6.88,5,0.14,1.57.6,1-2-4,960,3,1-2,500,3,1-2-4,350,2,1-2,400,3,,,,,,,
20250718,尼崎,11,予選特選,晴,南西,4,0,1,5,4080,山 崎 哲 司,7,24,6.87,5,0.08,1.49.2,5-2-1,12570,37,5-2,7300,14,1-2-5,430,2,2-5,1400,5,,,,,,,
20250718,尼崎,11,予選特選,晴,南西,4,0,2,2,5243,三 馬 崇 史,38,69,6.85,2,0.12,1.50.9,5-2-1,12570,37,5-2,7300,14,1-2-5,430,2,2-5,1400,5,,,,,,,
20250718,尼崎,11,予選特選,晴,南西,4,0,3,1,4839,四 宮 与 寛,10,57,6.86,1,0.09,1.51.4,5-2-1,12570,37,5-2,7300,14,1-2-5,430,2,2-5,1400,5,,,,,,,
20250718,尼崎,11,予選特選,晴,南西,4,0,4,3,3849,中 岡 正 彦,54,59,6.92,3,0.11,1.54.7,5-2-1,12570,37,5-2,7300,14,1-2-5,430,2,2-5,1400,5,,,,,,,
20250718,尼崎,11,予選特選,晴,南西,4,0,5,6,3282,池 本 輝 明,14,12,6.89,6,0.24,1.56.1,5-2-1,12570,37,5-2,7300,14,1-2-5,430,2,2-5,1400,5,,,,,,,
20250718,尼崎,11,予選特選,晴,南西,4,0,6,4,4404,岸 蔭 亮,44,62,6.91,4,0.13,1.58.8,5-2-1,12570,37,5-2,7300,14,1-2-5,430,2,2-5,1400,5,,,,,,,
20250718,尼崎,12,予選特選,晴,西,4,0,1,1,4066,東 本 勝 利,4,37,6.82,1,0.13,1.49.6,1-6-2,2320,9,1-6,770,3,1-2-6,780,4,1-6,440,3,,,,,,,
20250718,尼崎,12,予選特選,晴,西,4,0,2,6,4983,前 田 篤 哉,40,17,6.82,6,0.17,1.52.4,1-6-2,2320,9,1-6,770,3,1-2-6,780,4,1-6,440,3,,,,,,,
20250718,尼崎,12,予選特選,晴,西,4,0,3,2,4973,栗 原 直 也,59,27,6.84,2,0.19,1.53.5,1-6-2,2320,9,1-6,770,3,1-2-6,780,4,1-6,440,3,,,,,,,
20250718,尼崎,12,予選特選,晴,西,4,0,4,5,4600,井 内 将太郎,31,29,6.93,5,0.12,1.54.3,1-6-2,2320,9,1-6,770,3,1-2-6,780,4,1-6,440,3,,,,,,,
20250718,尼崎,12,予選特選,晴,西,4,0,5,4,3955,眞 田 英 二,32,50,6.96,4,0.14,1.54.5,1-6-2,2320,9,1-6,770,3,1-2-6,780,4,1-6,440,3,,,,,,,
20250718,尼崎,12,予選特選,晴,西,4,0,6,3,4522,古 澤 光 紀,20,40,6.93,3,0.24,1.59.1,1-6-2,2320,9,1-6,770,3,1-2-6,780,4,1-6,440,3,,,,,,,
20250718,常滑,1,朝トコ小判Ｒ,曇り,南東,5,2,1,3,3848,川 上 聡 介,13,18,6.85,3,0.12,1.50.9,3-1-6,6960,21,3-1,1150,4,1-3-6,930,6,1-3,200,1,,,,,,,
20250718,常滑,1,朝トコ小判Ｒ,曇り,南東,5,2,2,1,4610,佐 藤 大 佑,29,64,6.81,1,0.10,1.52.3,3-1-6,6960,21,3-1,1150,4,1-3-6,930,6,1-3,200,1,,,,,,,
20250718,常滑,1,朝トコ小判Ｒ,曇り,南東,5,2,3,6,3712,淺 香 文 武,26,30,6.84,6,0.20,1.53.8,3-1-6,6960,21,3-1,1150,4,1-3-6,930,6,1-3,200,1,,,,,,,
20250718,常滑,1,朝トコ小判Ｒ,曇り,南東,5,2,4,2,3381,滝 沢 芳 行,42,21,6.73,2,0.12,1.55.2,3-1-6,6960,21,3-1,1150,4,1-3-6,930,6,1-3,200,1,,,,,,,
20250718,常滑,1,朝トコ小判Ｒ,曇り,南東,5,2,5,5,4723,寺 島 吉 彦,8,13,6.81,5,0.13,,3-1-6,6960,21,3-1,1150,4,1-3-6,930,6,1-3,200,1,,,,,,,
20250718,常滑,1,朝トコ小判Ｒ,曇り,南東,5,2,6,4,3653,品 川 賢 次,15,52,6.88,4,0.22,,3-1-6,6960,21,3-1,1150,4,1-3-6,930,6,1-3,200,1,,,,,,,
20250718,常滑,2,予選,晴,南東,5,2,1,2,5051,松 本 純 平,33,39,6.79,2,0.05,1.50.5,2-1-4,1070,1,2-1,550,2,1-2-4,280,1,1-2,340,2,,,,,,,
20250718,常滑,2,予選,晴,南東,5,2,2,1,4863,三 浦 裕 貴,50,37,6.87,1,0.02,1.51.7,2-1-4,1070,1,2-1,550,2,1-2-4,280,1,1-2,340,2,,,,,,,
20250718,常滑,2,予選,晴,南東,5,2,3,4,4653,小 野 達 哉,21,69,6.87,4,0.12,1.54.8,2-1-4,1070,1,2-1,550,2,1-2-4,280,1,1-2,340,2,,,,,,,
20250718,常滑,2,予選,晴,南東,5,2,4,6,4835,橋 本 明,27,50,6.83,6,0.08,1.56.0,2-1-4,1070,1,2-1,550,2,1-2-4,280,1,1-2,340,2,,,,,,,
20250718,常滑,2,予選,晴,南東,5,2,5,3,5009,大 賀 龍之介,53,16,6.88,3,0.09,,2-1-4,1070,1,2-1,550,2,1-2-4,280,1,1-2,340,2,,,,,,,
20250718,常滑,2,予選,晴,南東,5,2,6,5,4684,楠 原 翔 太,20,29,6.88,5,0.18,,2-1-4,1070,1,2-1,550,2,1-2-4,280,1,1-2,340,2,,,,,,,
20250718,常滑,3,予選,晴,南東,5,2,1,4,4467,渡 邉 俊 介,19,25,6.82,4,0.09,1.50.5,4-2-5,5640,25,4-2,1860,10,2-4-5,540,2,2-4,800,4,,,,,,,
20250718,常滑,3,予選,晴,南東,5,2,2,2,4771,下 寺 秀 和,22,57,6.81,2,0.14,1.51.3,4-2-5,5640,25,4-2,1860,10,2-4-5,540,2,2-4,800,4,,,,,,,
20250718,常滑,3,予選,晴,南東,5,2,3,5,4483,北 野 輝 季,51,46,6.90,5,0.08,1.53.1,4-2-5,5640,25,4-2,1860,10,2-4-5,540,2,2-4,800,4,,,,,,,
20250718,常滑,3,予選,晴,南東,5,2,4,1,4574,東 潤 樹,11,34,6.83,1,0.14,1.54.2,4-2-5,5640,25,4-2,1860,10,2-4-5,540,2,2-4,800,4,,,,,,,
20250718,常滑,3,予選,晴,南東,5,2,5,6,3888,山 本 英 志,36,70,6.81,6,0.12,,4-2-5,5640,25,4-2,1860,10,2-4-5,540,2,2-4,800,4,,,,,,,
20250718,常滑,3,予選,晴,南東,5,2,6,3,4703,森 永 隆,44,59,6.92,3,0.24,,4-2-5,5640,25,4-2,1860,10,2-4-5,540,2,2-4,800,4,,,,,,,
20250718,常滑,4,予選,曇り,南東,6,3,1,3,3075,中 村 裕 将,35,75,6.92,4,0.09,1.50.6,3-2-1,20950,61,3-2,5550,15,1-2-3,1130,4,2-3,1560,6,,,,,,,
20250718,常滑,4,予選,曇り,南東,6,3,2,2,4040,廣 瀬 将 亨,60,31,6.87,3,0.15,1.50.8,3-2-1,20950,61,3-2,5550,15,1-2-3,1130,4,2-3,1560,6,,,,,,,
20250718,常滑,4,予選,曇り,南東,6,3,3,1,5110,杉 山 喜 一,10,41,6.90,1,0.13,1.53.6,3-2-1,20950,61,3-2,5550,15,1-2-3,1130,4,2-3,1560,6,,,,,,,
20250718,常滑,4,予選,曇り,南東,6,3,4,4,4369,丹 下 将,61,32,6.89,5,0.08,1.53.9,3-2-1,20950,61,3-2,5550,15,1-2-3,1130,4,2-3,1560,6,,,,,,,
20250718,常滑,4,予選,曇り,南東,6,3,5,5,3703,鳥 飼 眞,48,35,6.86,2,0.30,,3-2-1,20950,61,3-2,5550,15,1-2-3,1130,4,2-3,1560,6,,,,,,,
20250718,常滑,4,予選,曇り,南東,6,3,6,6,4811,向井田 佑 紀,34,53,6.85,6,0.21,,3-2-1,20950,61,3-2,5550,15,1-2-3,1130,4,2-3,1560,6,,,,,,,
20250718,常滑,5,予選,曇り,南東,5,2,1,6,4757,山 田 祐 也,54,38,6.90,6,0.17,1.50.5,6-2-5,48260,109,6-2,7320,25,2-5-6,7810,19,2-6,2290,10,,,,,,,
20250718,常滑,5,予選,曇り,南東,5,2,2,2,4062,後 藤 陽 介,41,56,6.82,2,0.14,1.52.1,6-2-5,48260,109,6-2,7320,25,2-5-6,7810,19,2-6,2290,10,,,,,,,
20250718,常滑,5,予選,曇り,南東,5,2,3,5,5276,大 島 隆乃介,25,63,6.84,5,0.11,1.52.8,6-2-5,48260,109,6-2,7320,25,2-5-6,7810,19,2-6,2290,10,,,,,,,
20250718,常滑,5,予選,曇り,南東,5,2,4,1,3828,明 石 正 之,2,73,6.89,1,0.11,1.54.4,6-2-5,48260,109,6-2,7320,25,2-5-6,7810,19,2-6,2290,10,,,,,,,
20250718,常滑,5,予選,曇り,南東,5,2,5,3,3712,淺 香 文 武,26,30,6.90,3,0.10,,6-2-5,48260,109,6-2,7320,25,2-5-6,7810,19,2-6,2290,10,,,,,,,
20250718,常滑,5,予選,曇り,南東,5,2,6,4,4402,乙 藤 智 史,5,67,6.87,4,0.16,,6-2-5,48260,109,6-2,7320,25,2-5-6,7810,19,2-6,2290,10,,,,,,,
20250718,常滑,6,昼トコ小判Ｒ,曇り,南東,5,2,1,1,4907,小 池 修 平,18,40,6.78,1,0.04,1.51.6,1-2-5,2430,11,1-2,460,3,1-2-5,1190,6,1-2,510,2,,,,,,,
20250718,常滑,6,昼トコ小判Ｒ,曇り,南東,5,2,2,2,5133,堀 越 雄 貴,38,62,6.84,2,0.12,1.52.7,1-2-5,2430,11,1-2,460,3,1-2-5,1190,6,1-2,510,2,,,,,,,
20250718,常滑,6,昼トコ小判Ｒ,曇り,南東,5,2,3,5,4840,鈴 木 秀 茉,4,23,6.85,5,0.17,1.54.1,1-2-5,2430,11,1-2,460,3,1-2-5,1190,6,1-2,510,2,,,,,,,
20250718,常滑,6,昼トコ小判Ｒ,曇り,南東,5,2,4,4,4638,小 林 遼 太,6,19,6.85,4,0.18,1.55.5,1-2-5,2430,11,1-2,460,3,1-2-5,1190,6,1-2,510,2,,,,,,,
20250718,常滑,6,昼トコ小判Ｒ,曇り,南東,5,2,5,6,4637,中 田 友 也,17,54,6.88,6,0.17,,1-2-5,2430,11,1-2,460,3,1-2-5,1190,6,1-2,510,2,,,,,,,
20250718,常滑,6,昼トコ小判Ｒ,曇り,南東,5,2,6,3,3381,滝 沢 芳 行,42,21,6.80,3,0.11,,1-2-5,2430,11,1-2,460,3,1-2-5,1190,6,1-2,510,2,,,,,,,
20250718,常滑,7,予選,晴,南東,5,2,1,1,4359,横 川 聖 志,37,51,6.89,1,0.01,1.50.5,1-4-5,580,2,1-4,220,1,1-4-5,280,2,1-4,190,1,,,,,,,
20250718,常滑,7,予選,晴,南東,5,2,2,4,5044,渡 邉 健,58,17,6.84,4,0.02,1.51.9,1-4-5,580,2,1-4,220,1,1-4-5,280,2,1-4,190,1,,,,,,,
20250718,常滑,7,予選,晴,南東,5,2,3,5,3772,一 柳 和 孝,46,60,6.83,5,0.06,1.53.1,1-4-5,580,2,1-4,220,1,1-4-5,280,2,1-4,190,1,,,,,,,
20250718,常滑,7,予選,晴,南東,5,2,4,6,4703,森 永 隆,44,59,6.84,6,0.10,1.53.9,1-4-5,580,2,1-4,220,1,1-4-5,280,2,1-4,190,1,,,,,,,
20250718,常滑,8,予選,晴,南東,5,2,1,5,4269,杉 山 裕 也,55,28,6.85,5,0.09,1.51.0,5-4-6,25110,54,5-4,5850,12,4-5-6,4350,10,4-5,1230,6,,,,,,,
20250718,常滑,8,予選,晴,南東,5,2,2,4,3075,中 村 裕 将,35,75,6.92,4,0.05,1.52.5,5-4-6,25110,54,5-4,5850,12,4-5-6,4350,10,4-5,1230,6,,,,,,,
20250718,常滑,8,予選,晴,南東,5,2,3,6,4723,寺 島 吉 彦,8,13,6.94,6,0.19,1.56.0,5-4-6,25110,54,5-4,5850,12,4-5-6,4350,10,4-5,1230,6,,,,,,,
20250718,常滑,8,予選,晴,南東,5,2,4,1,4808,松 尾 拓,56,27,6.91,1,0.11,1.56.2,5-4-6,25110,54,5-4,5850,12,4-5-6,4350,10,4-5,1230,6,,,,,,,
20250718,常滑,8,予選,晴,南東,5,2,5,2,4467,渡 邉 俊 介,19,25,6.82,2,0.10,,5-4-6,25110,54,5-4,5850,12,4-5-6,4350,10,4-5,1230,6,,,,,,,
20250718,常滑,8,予選,晴,南東,5,2,6,3,4835,橋 本 明,27,50,6.90,3,0.15,,5-4-6,25110,54,5-4,5850,12,4-5-6,4350,10,4-5,1230,6,,,,,,,
20250718,常滑,9,予選,晴,南東,5,2,1,4,4610,佐 藤 大 佑,29,64,6.80,4,0.12,1.50.3,4-5-1,2300,4,4-5,490,1,1-4-5,490,1,4-5,330,1,,,,,,,
20250718,常滑,9,予選,晴,南東,5,2,2,5,4757,山 田 祐 也,54,38,6.91,5,0.17,1.51.9,4-5-1,2300,4,4-5,490,1,1-4-5,490,1,4-5,330,1,,,,,,,
20250718,常滑,9,予選,晴,南東,5,2,3,1,4565,西 村 豪 洋,40,47,6.78,1,0.16,1.53.0,4-5-1,2300,4,4-5,490,1,1-4-5,490,1,4-5,330,1,,,,,,,
20250718,常滑,9,予選,晴,南東,5,2,4,6,3406,中 里 英 夫,45,55,6.90,6,0.20,1.55.3,4-5-1,2300,4,4-5,490,1,1-4-5,490,1,4-5,330,1,,,,,,,
20250718,常滑,9,予選,晴,南東,5,2,5,3,4684,楠 原 翔 太,20,22,6.88,3,0.17,,4-5-1,2300,4,4-5,490,1,1-4-5,490,1,4-5,330,1,,,,,,,
20250718,常滑,9,予選,晴,南東,5,2,6,2,5110,杉 山 喜 一,10,41,6.86,2,0.17,,4-5-1,2300,4,4-5,490,1,1-4-5,490,1,4-5,330,1,,,,,,,
20250718,常滑,10,予選特賞,晴,南東,5,2,1,5,5051,松 本 純 平,33,39,6.80,5,0.15,1.50.2,5-3-2,2570,5,5-3,820,3,2-3-5,430,1,3-5,310,1,,,,,,,
20250718,常滑,10,予選特賞,晴,南東,5,2,2,3,4369,丹 下 将,61,32,6.89,3,0.16,1.51.6,5-3-2,2570,5,5-3,820,3,2-3-5,430,1,3-5,310,1,,,,,,,
20250718,常滑,10,予選特賞,晴,南東,5,2,3,2,4644,山 田 亮 太,12,71,6.96,2,0.12,1.52.3,5-3-2,2570,5,5-3,820,3,2-3-5,430,1,3-5,310,1,,,,,,,
20250718,常滑,10,予選特賞,晴,南東,5,2,4,1,3653,品 川 賢 次,15,52,6.90,1,0.16,1.54.6,5-3-2,2570,5,5-3,820,3,2-3-5,430,1,3-5,310,1,,,,,,,
20250718,常滑,10,予選特賞,晴,南東,5,2,5,4,4574,東 潤 樹,11,34,6.84,4,0.21,,5-3-2,2570,5,5-3,820,3,2-3-5,430,1,3-5,310,1,,,,,,,
20250718,常滑,10,予選特賞,晴,南東,5,2,6,6,4062,後 藤 陽 介,41,56,6.84,6,0.16,,5-3-2,2570,5,5-3,820,3,2-3-5,430,1,3-5,310,1,,,,,,,
20250718,常滑,11,予選特選,晴,南東,4,2,1,5,4040,廣 瀬 将 亨,60,31,6.78,5,0.16,1.48.4,5-1-6,9330,22,5-1,3070,7,1-5-6,1280,8,1-5,450,2,,,,,,,
20250718,常滑,11,予選特選,晴,南東,4,2,2,1,4483,北 野 輝 季,51,46,6.82,1,0.14,1.50.5,5-1-6,9330,22,5-1,3070,7,1-5-6,1280,8,1-5,450,2,,,,,,,
20250718,常滑,11,予選特選,晴,南東,4,2,3,6,4653,小 野 達 哉,21,69,6.86,6,0.25,1.52.5,5-1-6,9330,22,5-1,3070,7,1-5-6,1280,8,1-5,450,2,,,,,,,
20250718,常滑,11,予選特選,晴,南東,4,2,4,4,4359,横 川 聖 志,37,51,6.87,4,0.16,1.53.6,5-1-6,9330,22,5-1,3070,7,1-5-6,1280,8,1-5,450,2,,,,,,,
20250718,常滑,11,予選特選,晴,南東,4,2,5,3,4637,中 田 友 也,17,54,6.90,3,0.13,,5-1-6,9330,22,5-1,3070,7,1-5-6,1280,8,1-5,450,2,,,,,,,
20250718,常滑,11,予選特選,晴,南東,4,2,6,2,4402,乙 藤 智 史,5,67,6.81,2,0.14,,5-1-6,9330,22,5-1,3070,7,1-5-6,1280,8,1-5,450,2,,,,,,,
20250718,常滑,12,予選特選,晴,南東,4,2,1,3,4907,小 池 修 平,18,40,6.72,3,0.06,1.50.8,3-2-1,14060,30,3-2,5810,14,1-2-3,410,2,2-3,4270,9,,,,,,,
20250718,常滑,12,予選特選,晴,南東,4,2,2,2,4811,向井田 佑 紀,34,53,6.82,2,0.15,1.51.8,3-2-1,14060,30,3-2,5810,14,1-2-3,410,2,2-3,4270,9,,,,,,,
20250718,常滑,12,予選特選,晴,南東,4,2,3,1,4269,杉 山 裕 也,55,28,6.79,1,0.16,1.52.4,3-2-1,14060,30,3-2,5810,14,1-2-3,410,2,2-3,4270,9,,,,,,,
20250718,常滑,12,予選特選,晴,南東,4,2,4,5,3828,明 石 正 之,2,73,6.81,5,0.13,1.54.3,3-2-1,14060,30,3-2,5810,14,1-2-3,410,2,2-3,4270,9,,,,,,,
20250718,常滑,12,予選特選,晴,南東,4,2,5,4,4771,下 寺 秀 和,22,57,6.78,4,0.07,,3-2-1,14060,30,3-2,5810,14,1-2-3,410,2,2-3,4270,9,,,,,,,
20250718,常滑,12,予選特選,晴,南東,4,2,6,6,5044,渡 邉 健,58,17,6.77,6,0.17,,3-2-1,14060,30,3-2,5810,14,1-2-3,410,2,2-3,4270,9,,,,,,,
20250718,桐生,1,予選,曇り,東,4,3,1,5,5012,加 倉 侑 征,19,70,6.80,5,0.13,1.50.8,5-6-2,16840,57,5-6,7790,22,2-5-6,1840,7,5-6,5000,13,,,,,,,
20250718,桐生,1,予選,曇り,東,4,3,2,6,3860,松 本 浩 貴,24,23,6.81,6,0.28,1.52.7,5-6-2,16840,57,5-6,7790,22,2-5-6,1840,7,5-6,5000,13,,,,,,,
20250718,桐生,1,予選,曇り,東,4,3,3,2,4748,渡 邉 雄 朗,12,14,6.67,2,0.28,1.54.2,5-6-2,16840,57,5-6,7790,22,2-5-6,1840,7,5-6,5000,13,,,,,,,
20250718,桐生,1,予選,曇り,東,4,3,4,3,5244,黒 田 剛,54,11,6.79,3,0.23,1.55.3,5-6-2,16840,57,5-6,7790,22,2-5-6,1840,7,5-6,5000,13,,,,,,,
20250718,桐生,1,予選,曇り,東,4,3,5,1,3583,齋 藤 智 裕,13,26,6.71,1,0.27,1.56.0,5-6-2,16840,57,5-6,7790,22,2-5-6,1840,7,5-6,5000,13,,,,,,,
20250718,桐生,1,予選,曇り,東,4,3,6,4,4872,山 下 流 心,51,21,6.83,4,0.23,2.00.2,5-6-2,16840,57,5-6,7790,22,2-5-6,1840,7,5-6,5000,13,,,,,,,
20250718,桐生,2,予選,曇り,東,3,2,1,4,4578,藤 山 雅 弘,65,29,6.82,4,0.12,1.50.7,4-2-5,5790,21,4-2,820,3,2-4-5,2000,5,2-4,310,1,,,,,,,
20250718,桐生,2,予選,曇り,東,3,2,2,2,4512,高 野 哲 史,11,13,6.76,2,0.18,1.51.6,4-2-5,5790,21,4-2,820,3,2-4-5,2000,5,2-4,310,1,,,,,,,
20250718,桐生,2,予選,曇り,東,3,2,3,5,5343,小 林 礼 央,23,73,6.85,6,0.26,1.53.7,4-2-5,5790,21,4-2,820,3,2-4-5,2000,5,2-4,310,1,,,,,,,
20250718,桐生,2,予選,曇り,東,3,2,4,1,3538,菊 池 峰 晴,56,48,6.71,1,0.23,1.56.0,4-2-5,5790,21,4-2,820,3,2-4-5,2000,5,2-4,310,1,,,,,,,
20250718,桐生,2,予選,曇り,東,3,2,5,6,2538,高 橋 二 朗,70,51,6.91,5,0.25,1.56.2,4-2-5,5790,21,4-2,820,3,2-4-5,2000,5,2-4,310,1,,,,,,,
20250718,桐生,2,予選,曇り,東,3,2,6,3,5223,森 清 友 翔,59,17,6.77,3,0.24,1.57.3,4-2-5,5790,21,4-2,820,3,2-4-5,2000,5,2-4,310,1,,,,,,,
20250718,桐生,3,予選,曇り,東,3,2,1,4,4643,近 江 翔 吾,46,60,6.72,4,0.08,1.49.8,4-6-3,2390,9,4-6,840,3,3-4-6,900,4,4-6,590,4,,,,,,,
20250718,桐生,3,予選,曇り,東,3,2,2,6,4228,吉 田 慎二郎,26,27,6.73,5,0.10,1.51.6,4-6-3,2390,9,4-6,840,3,3-4-6,900,4,4-6,590,4,,,,,,,
20250718,桐生,3,予選,曇り,東,3,2,3,3,3619,長谷川 充,62,69,6.86,2,0.18,1.52.9,4-6-3,2390,9,4-6,840,3,3-4-6,900,4,4-6,590,4,,,,,,,
20250718,桐生,3,予選,曇り,東,3,2,4,1,4555,富 永 大 一,38,35,6.74,1,0.22,1.53.7,4-6-3,2390,9,4-6,840,3,3-4-6,900,4,4-6,590,4,,,,,,,
20250718,桐生,3,予選,曇り,東,3,2,5,2,5154,村 松 栄 太,44,22,6.78,3,0.25,1.56.5,4-6-3,2390,9,4-6,840,3,3-4-6,900,4,4-6,590,4,,,,,,,
20250718,桐生,3,予選,曇り,東,3,2,6,5,5304,井 田 涼 介,50,12,6.77,6,0.11,2.00.3,4-6-3,2390,9,4-6,840,3,3-4-6,900,4,4-6,590,4,,,,,,,
20250718,桐生,4,予選,曇り,東,3,2,1,1,5212,西 川 拓 利,58,53,6.71,1,0.10,1.50.5,1-3-6,1340,4,1-3,490,2,1-3-6,930,5,1-3,360,1,,,,,,,
20250718,桐生,4,予選,曇り,東,3,2,2,3,3699,富 永 正 人,45,30,6.80,3,0.06,1.52.0,1-3-6,1340,4,1-3,490,2,1-3-6,930,5,1-3,360,1,,,,,,,
20250718,桐生,4,予選,曇り,東,3,2,3,6,4430,永 田 秀 二,36,16,6.79,5,0.08,1.53.6,1-3-6,1340,4,1-3,490,2,1-3-6,930,5,1-3,360,1,,,,,,,
20250718,桐生,4,予選,曇り,東,3,2,4,4,4786,佐 藤 博 亮,37,38,6.83,4,0.09,1.54.8,1-3-6,1340,4,1-3,490,2,1-3-6,930,5,1-3,360,1,,,,,,,
20250718,桐生,4,予選,曇り,東,3,2,5,2,3659,藤 生 雄 人,47,49,6.90,2,0.13,1.55.7,1-3-6,1340,4,1-3,490,2,1-3-6,930,5,1-3,360,1,,,,,,,
20250718,桐生,4,予選,曇り,東,3,2,6,5,5349,宮 崎 奏 磨,69,40,6.76,6,0.19,2.00.4,1-3-6,1340,4,1-3,490,2,1-3-6,930,5,1-3,360,1,,,,,,,
20250718,桐生,5,予選,曇り,東,2,1,1,2,4137,君 島 秀 三,71,66,6.70,2,0.06,1.51.0,2-6-4,1670,2,2-6,1020,4,2-4-6,280,1,2-6,590,2,,,,,,,
20250718,桐生,5,予選,曇り,東,2,1,2,6,3412,鈴 木 博,61,44,6.78,6,0.10,1.52.3,2-6-4,1670,2,2-6,1020,4,2-4-6,280,1,2-6,590,2,,,,,,,
20250718,桐生,5,予選,曇り,東,2,1,3,4,4434,田 中 辰 彦,66,62,6.77,4,0.10,1.53.7,2-6-4,1670,2,2-6,1020,4,2-4-6,280,1,2-6,590,2,,,,,,,
20250718,桐生,5,予選,曇り,東,2,1,4,1,4343,村 岡 賢,64,50,6.75,1,0.11,1.55.2,2-6-4,1670,2,2-6,1020,4,2-4-6,280,1,2-6,590,2,,,,,,,
20250718,桐生,5,予選,曇り,東,2,1,5,3,5100,栗 原 一 馬,49,34,6.76,3,0.11,1.57.4,2-6-4,1670,2,2-6,1020,4,2-4-6,280,1,2-6,590,2,,,,,,,
20250718,桐生,5,予選,曇り,東,2,1,6,5,5244,黒 田 剛,54,11,6.77,5,0.09,1.58.8,2-6-4,1670,2,2-6,1020,4,2-4-6,280,1,2-6,590,2,,,,,,,
20250718,桐生,6,ドラドキ目玉,曇り,東,2,1,1,1,3740,大 澤 普 司,55,24,6.72,1,0.04,1.50.4,1-4-3,2600,8,1-4,310,2,1-3-4,790,5,1-4,370,2,,,,,,,
20250718,桐生,6,ドラドキ目玉,曇り,東,2,1,2,4,4766,石 井 孝 之,27,56,6.75,4,0.09,1.53.3,1-4-3,2600,8,1-4,310,2,1-3-4,790,5,1-4,370,2,,,,,,,
20250718,桐生,6,ドラドキ目玉,曇り,東,2,1,3,3,3583,齋 藤 智 裕,13,26,6.81,3,0.18,1.54.7,1-4-3,2600,8,1-4,310,2,1-3-4,790,5,1-4,370,2,,,,,,,
20250718,桐生,6,ドラドキ目玉,曇り,東,2,1,4,5,2538,高 橋 二 朗,70,51,6.79,5,0.27,1.55.6,1-4-3,2600,8,1-4,310,2,1-3-4,790,5,1-4,370,2,,,,,,,
20250718,桐生,6,ドラドキ目玉,曇り,東,2,1,5,2,4651,佐 藤 大 騎,53,45,6.71,2,0.09,1.55.7,1-4-3,2600,8,1-4,310,2,1-3-4,790,5,1-4,370,2,,,,,,,
20250718,桐生,6,ドラドキ目玉,曇り,東,2,1,6,6,4405,南 野 利 騰,29,55,6.77,6,0.24,1.56.9,1-4-3,2600,8,1-4,310,2,1-3-4,790,5,1-4,370,2,,,,,,,
20250718,桐生,7,ドラドキ３,曇り,東,2,1,1,1,5053,山 口 広 樹,74,33,6.75,1,0.09,1.51.1,1-5-3,2420,7,1-5,1220,4,1-3-5,310,2,1-5,960,3,,,,,,,
20250718,桐生,7,ドラドキ３,曇り,東,2,1,2,5,3619,長谷川 充,62,69,6.87,5,0.18,1.51.9,1-5-3,2420,7,1-5,1220,4,1-3-5,310,2,1-5,960,3,,,,,,,
20250718,桐生,7,ドラドキ３,曇り,東,2,1,3,3,4630,岩 永 雅 人,30,74,6.77,3,0.12,1.54.0,1-5-3,2420,7,1-5,1220,4,1-3-5,310,2,1-5,960,3,,,,,,,
20250718,桐生,7,ドラドキ３,曇り,東,2,1,4,4,5107,松 本 真 広,28,57,6.85,4,0.15,1.55.9,1-5-3,2420,7,1-5,1220,4,1-3-5,310,2,1-5,960,3,,,,,,,
20250718,桐生,7,ドラドキ３,曇り,東,2,1,5,6,5343,小 林 礼 央,23,73,6.88,6,0.17,1.56.7,1-5-3,2420,7,1-5,1220,4,1-3-5,310,2,1-5,960,3,,,,,,,
20250718,桐生,7,ドラドキ３,曇り,東,2,1,6,2,4197,渥 美 卓 郎,41,36,6.72,2,0.19,2.01.1,1-5-3,2420,7,1-5,1220,4,1-3-5,310,2,1-5,960,3,,,,,,,
20250718,桐生,8,ドラドキ５,曇り,東,3,2,1,5,4761,山 田 晃 大,33,20,6.76,4,0.11,1.51.2,5-1-2,1430,6,5-1,580,3,1-2-5,370,2,1-5,240,1,,,,,,,
20250718,桐生,8,ドラドキ５,曇り,東,3,2,2,1,4469,土 山 卓 也,39,42,6.78,1,0.19,1.52.5,5-1-2,1430,6,5-1,580,3,1-2-5,370,2,1-5,240,1,,,,,,,
20250718,桐生,8,ドラドキ５,曇り,東,3,2,3,2,3569,増 田 進,57,64,6.79,2,0.22,1.53.7,5-1-2,1430,6,5-1,580,3,1-2-5,370,2,1-5,240,1,,,,,,,
20250718,桐生,8,ドラドキ５,曇り,東,3,2,4,3,3538,菊 池 峰 晴,56,48,6.88,3,0.21,1.56.1,5-1-2,1430,6,5-1,580,3,1-2-5,370,2,1-5,240,1,,,,,,,
20250718,桐生,8,ドラドキ５,曇り,東,3,2,5,6,5349,宮 崎 奏 磨,69,40,6.89,5,0.25,1.57.7,5-1-2,1430,6,5-1,580,3,1-2-5,370,2,1-5,240,1,,,,,,,
20250718,桐生,8,ドラドキ５,曇り,東,3,2,6,4,5304,井 田 涼 介,50,12,6.83,6,0.43,1.59.1,5-1-2,1430,6,5-1,580,3,1-2-5,370,2,1-5,240,1,,,,,,,
20250718,桐生,9,予選特賞,晴,東,3,2,1,1,4748,渡 邉 雄 朗,12,14,6.72,1,0.14,1.51.2,1-3-5,4210,14,1-3,210,1,1-3-5,2650,8,1-3,270,1,,,,,,,
20250718,桐生,9,予選特賞,晴,東,3,2,2,3,4512,高 野 哲 史,11,13,6.79,3,0.11,1.51.6,1-3-5,4210,14,1-3,210,1,1-3-5,2650,8,1-3,270,1,,,,,,,
20250718,桐生,9,予選特賞,晴,東,3,2,3,5,4343,村 岡 賢,64,50,6.85,5,0.13,1.54.4,1-3-5,4210,14,1-3,210,1,1-3-5,2650,8,1-3,270,1,,,,,,,
20250718,桐生,9,予選特賞,晴,東,3,2,4,4,4228,吉 田 慎二郎,26,27,6.82,4,0.15,1.54.9,1-3-5,4210,14,1-3,210,1,1-3-5,2650,8,1-3,270,1,,,,,,,
20250718,桐生,9,予選特賞,晴,東,3,2,5,6,3251,平 石 和 男,32,28,6.89,6,0.12,1.56.1,1-3-5,4210,14,1-3,210,1,1-3-5,2650,8,1-3,270,1,,,,,,,
20250718,桐生,9,予選特賞,晴,東,3,2,6,2,4022,待 鳥 雄 紀,34,19,6.72,2,0.07,1.57.5,1-3-5,4210,14,1-3,210,1,1-3-5,2650,8,1-3,270,1,,,,,,,
20250718,桐生,10,予選特賞,晴,東,3,2,1,4,4429,豊 田 泰 洋,20,18,6.83,4,0.07,1.50.9,4-2-3,113200,106,4-2,28790,30,2-3-4,6490,16,2-4,8270,14,,,,,,,
20250718,桐生,10,予選特賞,晴,東,3,2,2,2,4131,原 豊 土,14,61,6.77,2,0.23,1.51.3,4-2-3,113200,106,4-2,28790,30,2-3-4,6490,16,2-4,8270,14,,,,,,,
20250718,桐生,10,予選特賞,晴,東,3,2,3,3,3412,鈴 木 博,61,44,6.77,3,0.21,1.53.4,4-2-3,113200,106,4-2,28790,30,2-3-4,6490,16,2-4,8270,14,,,,,,,
20250718,桐生,10,予選特賞,晴,東,3,2,4,5,4437,中 田 元 泰,18,63,6.80,5,0.08,1.54.8,4-2-3,113200,106,4-2,28790,30,2-3-4,6490,16,2-4,8270,14,,,,,,,
20250718,桐生,10,予選特賞,晴,東,3,2,5,6,5223,森 清 友 翔,59,17,6.76,6,0.10,1.56.9,4-2-3,113200,106,4-2,28790,30,2-3-4,6490,16,2-4,8270,14,,,,,,,
20250718,桐生,10,予選特賞,晴,東,3,2,6,1,4786,佐 藤 博 亮,37,38,6.80,1,0.26,1.58.9,4-2-3,113200,106,4-2,28790,30,2-3-4,6490,16,2-4,8270,14,,,,,,,
20250718,桐生,11,一般特選,晴,北東,2,1,1,1,4137,君 島 秀 三,71,66,6.73,1,0.20,1.51.1,1-4-5,2530,10,1-4,930,4,1-4-5,840,5,1-4,730,4,,,,,,,
20250718,桐生,11,一般特選,晴,北東,2,1,2,4,5053,山 口 広 樹,74,33,6.73,4,0.15,1.51.7,1-4-5,2530,10,1-4,930,4,1-4-5,840,5,1-4,730,4,,,,,,,
20250718,桐生,11,一般特選,晴,北東,2,1,3,5,3740,大 澤 普 司,55,24,6.82,5,0.19,1.52.6,1-4-5,2530,10,1-4,930,4,1-4-5,840,5,1-4,730,4,,,,,,,
20250718,桐生,11,一般特選,晴,北東,2,1,4,3,4430,永 田 秀 二,36,16,6.79,3,0.23,1.53.9,1-4-5,2530,10,1-4,930,4,1-4-5,840,5,1-4,730,4,,,,,,,
20250718,桐生,11,一般特選,晴,北東,2,1,5,6,4872,山 下 流 心,51,21,6.91,6,0.21,1.55.2,1-4-5,2530,10,1-4,930,4,1-4-5,840,5,1-4,730,4,,,,,,,
20250718,桐生,11,一般特選,晴,北東,2,1,6,2,4555,富 永 大 一,38,35,6.66,2,0.41,1.55.7,1-4-5,2530,10,1-4,930,4,1-4-5,840,5,1-4,730,4,,,,,,,
20250718,桐生,12,一般桐生特選,晴,北東,1,1,1,1,4643,近 江 翔 吾,46,60,6.68,1,0.10,1.49.8,1-5-4,2900,11,1-5,950,4,1-4-5,760,5,1-5,730,4,,,,,,,
20250718,桐生,12,一般桐生特選,晴,北東,1,1,2,5,4578,藤 山 雅 弘,65,29,6.82,5,0.07,1.52.3,1-5-4,2900,11,1-5,950,4,1-4-5,760,5,1-5,730,4,,,,,,,
20250718,桐生,12,一般桐生特選,晴,北東,1,1,3,4,4761,山 田 晃 大,33,20,6.85,4,0.13,1.53.2,1-5-4,2900,11,1-5,950,4,1-4-5,760,5,1-5,730,4,,,,,,,
20250718,桐生,12,一般桐生特選,晴,北東,1,1,4,2,5012,加 倉 侑 征,19,70,6.80,2,0.08,1.53.5,1-5-4,2900,11,1-5,950,4,1-4-5,760,5,1-5,730,4,,,,,,,
20250718,桐生,12,一般桐生特選,晴,北東,1,1,5,6,4766,石 井 孝 之,27,56,6.82,6,0.11,1.55.7,1-5-4,2900,11,1-5,950,4,1-4-5,760,5,1-5,730,4,,,,,,,
20250718,桐生,12,一般桐生特選,晴,北東,1,1,6,3,5212,西 川 拓 利,58,53,6.65,3,0.09,1.58.4,1-5-4,2900,11,1-5,950,4,1-4-5,760,5,1-5,730,4,,,,,,,
20250718,津,1,ツッキーレー,曇り,南東,4,2,1,1,5257,西 丸 侑太朗,34,17,6.83,1,0.07,1.50.0,1-2-4,540,1,1-2,160,1,1-2-4,170,1,1-2,190,1,,,,,,,
20250718,津,1,ツッキーレー,曇り,南東,4,2,2,2,4407,鹿 島 敏 弘,46,54,6.92,2,0.13,1.51.8,1-2-4,540,1,1-2,160,1,1-2-4,170,1,1-2,190,1,,,,,,,
20250718,津,1,ツッキーレー,曇り,南東,4,2,3,4,3814,金 子 貴 志,23,11,6.90,4,0.17,1.54.6,1-2-4,540,1,1-2,160,1,1-2-4,170,1,1-2,190,1,,,,,,,
20250718,津,1,ツッキーレー,曇り,南東,4,2,4,3,4439,近 藤 友 宝,21,37,6.96,3,0.17,1.55.3,1-2-4,540,1,1-2,160,1,1-2-4,170,1,1-2,190,1,,,,,,,
20250718,津,1,ツッキーレー,曇り,南東,4,2,5,5,4669,井 上 茂,31,20,6.91,5,0.26,,1-2-4,540,1,1-2,160,1,1-2-4,170,1,1-2,190,1,,,,,,,
20250718,津,1,ツッキーレー,曇り,南東,4,2,6,6,5410,今 泉 澪,73,46,6.92,6,0.40,,1-2-4,540,1,1-2,160,1,1-2-4,170,1,1-2,190,1,,,,,,,
20250718,津,2,予選,雨,南東,4,2,1,4,4246,喜 多 那由夏,28,60,6.96,4,0.15,1.52.6,4-2-6,39670,79,4-2,10820,20,2-4-6,6540,13,2-4,2500,7,,,,,,,
20250718,津,2,予選,雨,南東,4,2,2,2,5177,松 井 貫 太,25,31,6.91,2,0.23,1.53.9,4-2-6,39670,79,4-2,10820,20,2-4-6,6540,13,2-4,2500,7,,,,,,,
20250718,津,2,予選,雨,南東,4,2,3,6,4520,高 倉 孝 太,70,53,6.82,6,0.05,1.55.3,4-2-6,39670,79,4-2,10820,20,2-4-6,6540,13,2-4,2500,7,,,,,,,
20250718,津,2,予選,雨,南東,4,2,4,1,3852,澤 大 介,64,66,6.96,1,0.23,1.55.8,4-2-6,39670,79,4-2,10820,20,2-4-6,6540,13,2-4,2500,7,,,,,,,
20250718,津,2,予選,雨,南東,4,2,5,3,3973,崎 利 仁,52,56,6.97,3,0.27,,4-2-6,39670,79,4-2,10820,20,2-4-6,6540,13,2-4,2500,7,,,,,,,
20250718,津,2,予選,雨,南東,4,2,6,5,4211,村 田 敦,60,45,7.05,5,0.07,,4-2-6,39670,79,4-2,10820,20,2-4-6,6540,13,2-4,2500,7,,,,,,,
20250718,津,3,予選,雨,南東,2,1,1,6,3473,石 川 真 二,41,21,6.93,1,0.14,1.49.9,6-5-3,8420,37,6-5,4680,13,3-5-6,800,3,5-6,2260,10,,,,,,,
20250718,津,3,予選,雨,南東,2,1,2,5,4976,金 山 立 樹,72,16,6.82,6,0.28,1.52.6,6-5-3,8420,37,6-5,4680,13,3-5-6,800,3,5-6,2260,10,,,,,,,
20250718,津,3,予選,雨,南東,2,1,3,3,3686,鳥居塚 孝 博,53,47,6.96,4,0.14,1.53.4,6-5-3,8420,37,6-5,4680,13,3-5-6,800,3,5-6,2260,10,,,,,,,
20250718,津,3,予選,雨,南東,2,1,4,1,4146,柳 橋 宏 紀,40,32,6.86,2,0.12,1.55.1,6-5-3,8420,37,6-5,4680,13,3-5-6,800,3,5-6,2260,10,,,,,,,
20250718,津,3,予選,雨,南東,2,1,5,2,5151,山 下 奈 緒,61,39,6.81,3,0.21,,6-5-3,8420,37,6-5,4680,13,3-5-6,800,3,5-6,2260,10,,,,,,,
20250718,津,3,予選,雨,南東,2,1,6,4,3692,竹 腰 正 樹,71,75,6.89,5,0.14,,6-5-3,8420,37,6-5,4680,13,3-5-6,800,3,5-6,2260,10,,,,,,,
20250718,津,4,予選,晴,南東,2,1,1,2,4926,吉 川 貴 仁,63,24,6.73,2,0.11,1.50.7,2-1-6,1140,3,2-1,340,1,1-2-6,750,2,1-2,140,1,,,,,,,
20250718,津,4,予選,晴,南東,2,1,2,1,4697,國 弘 翔 平,43,65,6.78,1,0.18,1.53.1,2-1-6,1140,3,2-1,340,1,1-2-6,750,2,1-2,140,1,,,,,,,
20250718,津,4,予選,晴,南東,2,1,3,6,4452,松 尾 祭,24,27,6.81,6,0.27,1.54.3,2-1-6,1140,3,2-1,340,1,1-2-6,750,2,1-2,140,1,,,,,,,
20250718,津,4,予選,晴,南東,2,1,4,4,5333,山 下 智 己,16,13,6.75,4,0.21,1.55.5,2-1-6,1140,3,2-1,340,1,1-2-6,750,2,1-2,140,1,,,,,,,
20250718,津,4,予選,晴,南東,2,1,5,5,3801,五反田 忍,69,12,6.80,5,0.21,,2-1-6,1140,3,2-1,340,1,1-2-6,750,2,1-2,140,1,,,,,,,
20250718,津,4,予選,晴,南東,2,1,6,3,3965,北 中 元 樹,22,22,6.87,3,0.32,,2-1-6,1140,3,2-1,340,1,1-2-6,750,2,1-2,140,1,,,,,,,
20250718,津,5,５ールドレー,晴,東,3,2,1,3,4730,土 屋 実沙希,37,48,6.86,3,0.15,1.50.5,3-1-2,7110,19,3-1,1560,5,1-2-3,170,1,1-3,220,1,,,,,,,
20250718,津,5,５ールドレー,晴,東,3,2,2,1,4002,古 結 宏,54,55,6.81,1,0.17,1.52.6,3-1-2,7110,19,3-1,1560,5,1-2-3,170,1,1-3,220,1,,,,,,,
20250718,津,5,５ールドレー,晴,東,3,2,3,2,3814,金 子 貴 志,23,11,6.87,2,0.16,1.54.5,3-1-2,7110,19,3-1,1560,5,1-2-3,170,1,1-3,220,1,,,,,,,
20250718,津,5,５ールドレー,晴,東,3,2,4,6,4306,畔 柳 俊 吾,50,36,6.78,6,0.20,1.55.8,3-1-2,7110,19,3-1,1560,5,1-2-3,170,1,1-3,220,1,,,,,,,
20250718,津,5,５ールドレー,晴,東,3,2,5,4,4268,和 合 俊 介,18,19,6.92,4,0.14,,3-1-2,7110,19,3-1,1560,5,1-2-3,170,1,1-3,220,1,,,,,,,
20250718,津,5,５ールドレー,晴,東,3,2,6,5,3976,内 田 圭,56,63,6.85,5,0.18,,3-1-2,7110,19,3-1,1560,5,1-2-3,170,1,1-3,220,1,,,,,,,
20250718,津,6,予選,晴,南東,5,3,1,3,4432,黄金井 力 良,39,26,6.79,3,0.06,1.51.7,3-4-1,4630,17,3-4,1550,8,1-3-4,810,4,3-4,1110,5,,,,,,,
20250718,津,6,予選,晴,南東,5,3,2,4,4407,鹿 島 敏 弘,46,54,6.88,4,0.09,1.52.4,3-4-1,4630,17,3-4,1550,8,1-3-4,810,4,3-4,1110,5,,,,,,,
20250718,津,6,予選,晴,南東,5,3,3,1,4113,木 村 浩 士,75,72,6.85,1,0.18,1.53.2,3-4-1,4630,17,3-4,1550,8,1-3-4,810,4,3-4,1110,5,,,,,,,
20250718,津,6,予選,晴,南東,5,3,4,5,3959,坪 井 康 晴,51,41,6.74,5,0.09,1.53.4,3-4-1,4630,17,3-4,1550,8,1-3-4,810,4,3-4,1110,5,,,,,,,
20250718,津,6,予選,晴,南東,5,3,5,6,5177,松 井 貫 太,25,31,6.82,6,0.12,,3-4-1,4630,17,3-4,1550,8,1-3-4,810,4,3-4,1110,5,,,,,,,
20250718,津,6,予選,晴,南東,5,3,6,2,5305,伊 藤 栞,59,34,6.91,2,0.13,,3-4-1,4630,17,3-4,1550,8,1-3-4,810,4,3-4,1110,5,,,,,,,
20250718,津,7,予選,晴,南東,5,3,1,1,4669,井 上 茂,31,20,6.88,1,0.13,1.50.5,1-2-3,1770,3,1-2,930,5,1-2-3,310,1,1-2,490,3,,,,,,,
20250718,津,7,予選,晴,南東,5,3,2,2,3961,谷 村 一 哉,47,29,6.89,2,0.17,1.52.9,1-2-3,1770,3,1-2,930,5,1-2-3,310,1,1-2,490,3,,,,,,,
20250718,津,7,予選,晴,南東,5,3,3,3,4415,下 出 卓 矢,30,18,6.82,3,0.17,1.54.4,1-2-3,1770,3,1-2,930,5,1-2-3,310,1,1-2,490,3,,,,,,,
20250718,津,7,予選,晴,南東,5,3,4,4,3832,下 田 哲 也,29,43,6.81,4,0.17,1.54.5,1-2-3,1770,3,1-2,930,5,1-2-3,310,1,1-2,490,3,,,,,,,
20250718,津,7,予選,晴,南東,5,3,5,5,3852,澤 大 介,64,66,6.92,5,0.16,,1-2-3,1770,3,1-2,930,5,1-2-3,310,1,1-2,490,3,,,,,,,
20250718,津,7,予選,晴,南東,5,3,6,6,4976,金 山 立 樹,72,16,6.84,6,0.24,,1-2-3,1770,3,1-2,930,5,1-2-3,310,1,1-2,490,3,,,,,,,
20250718,津,8,予選,曇り,南東,5,3,1,5,4618,乃 村 康 友,62,15,6.92,5,0.15,1.52.2,5-3-4,38390,66,5-3,24590,23,3-4-5,1990,9,3-5,5670,12,,,,,,,
20250718,津,8,予選,曇り,南東,5,3,2,3,4211,村 田 敦,60,45,6.93,3,0.13,1.53.4,5-3-4,38390,66,5-3,24590,23,3-4-5,1990,9,3-5,5670,12,,,,,,,
20250718,津,8,予選,曇り,南東,5,3,3,4,3960,菊 地 孝 平,15,30,6.83,4,0.11,1.54.2,5-3-4,38390,66,5-3,24590,23,3-4-5,1990,9,3-5,5670,12,,,,,,,
20250718,津,8,予選,曇り,南東,5,3,4,1,4439,近 藤 友 宝,21,37,6.94,1,0.15,1.55.9,5-3-4,38390,66,5-3,24590,23,3-4-5,1990,9,3-5,5670,12,,,,,,,
20250718,津,8,予選,曇り,南東,5,3,5,6,3686,鳥居塚 孝 博,53,47,6.96,6,0.12,,5-3-4,38390,66,5-3,24590,23,3-4-5,1990,9,3-5,5670,12,,,,,,,
20250718,津,8,予選,曇り,南東,5,3,6,2,5180,藤 本 紗弥香,35,51,6.92,2,0.37,,5-3-4,38390,66,5-3,24590,23,3-4-5,1990,9,3-5,5670,12,,,,,,,
20250718,津,9,予選特賞,晴,南東,1,1,1,1,4730,土 屋 実沙希,37,48,6.93,1,0.13,1.49.4,1-2-4,770,2,1-2,310,1,1-2-4,190,1,1-2,320,1,,,,,,,
20250718,津,9,予選特賞,晴,南東,1,1,2,2,3801,五反田 忍,69,12,6.91,2,0.12,1.52.5,1-2-4,770,2,1-2,310,1,1-2-4,190,1,1-2,320,1,,,,,,,
20250718,津,9,予選特賞,晴,南東,1,1,3,4,4071,古 賀 千 晶,45,69,6.94,4,0.14,1.53.9,1-2-4,770,2,1-2,310,1,1-2-4,190,1,1-2,320,1,,,,,,,
20250718,津,9,予選特賞,晴,南東,1,1,4,3,4246,喜 多 那由夏,28,60,6.91,3,0.16,1.53.9,1-2-4,770,2,1-2,310,1,1-2-4,190,1,1-2,320,1,,,,,,,
20250718,津,9,予選特賞,晴,南東,1,1,5,6,5151,山 下 奈 緒,61,39,6.92,5,0.28,,1-2-4,770,2,1-2,310,1,1-2-4,190,1,1-2,320,1,,,,,,,
20250718,津,9,予選特賞,晴,南東,1,1,6,5,5410,今 泉 澪,73,46,6.93,6,0.28,,1-2-4,770,2,1-2,310,1,1-2-4,190,1,1-2,320,1,,,,,,,
20250718,津,10,予選特賞,晴,南,1,1,1,4,5257,西 丸 侑太朗,34,17,6.81,4,0.20,1.49.8,4-1-3,8440,30,4-1,680,2,1-3-4,2280,9,1-4,220,1,,,,,,,
20250718,津,10,予選特賞,晴,南,1,1,2,1,3692,竹 腰 正 樹,71,75,6.87,1,0.19,1.53.4,4-1-3,8440,30,4-1,680,2,1-3-4,2280,9,1-4,220,1,,,,,,,
20250718,津,10,予選特賞,晴,南,1,1,3,3,3976,内 田 圭,56,63,6.89,3,0.21,1.54.9,4-1-3,8440,30,4-1,680,2,1-3-4,2280,9,1-4,220,1,,,,,,,
20250718,津,10,予選特賞,晴,南,1,1,4,2,4706,三 浦 洋次朗,12,35,6.90,2,0.21,1.55.1,4-1-3,8440,30,4-1,680,2,1-3-4,2280,9,1-4,220,1,,,,,,,
20250718,津,10,予選特賞,晴,南,1,1,5,6,3965,北 中 元 樹,22,22,6.80,6,0.22,,4-1-3,8440,30,4-1,680,2,1-3-4,2280,9,1-4,220,1,,,,,,,
20250718,津,10,予選特賞,晴,南,1,1,6,5,4113,木 村 浩 士,75,72,6.88,5,0.18,,4-1-3,8440,30,4-1,680,2,1-3-4,2280,9,1-4,220,1,,,,,,,
20250718,津,11,予選特選,曇り,南東,3,2,1,1,3489,大 場 敏,55,14,6.71,1,0.22,1.51.0,1-2-6,1700,6,1-2,200,1,1-2-6,1310,5,1-2,330,2,,,,,,,
20250718,津,11,予選特選,曇り,南東,3,2,2,2,4452,松 尾 祭,24,59,6.74,2,0.18,1.52.4,1-2-6,1700,6,1-2,200,1,1-2-6,1310,5,1-2,330,2,,,,,,,
20250718,津,11,予選特選,曇り,南東,3,2,3,6,4432,黄金井 力 良,39,26,6.72,6,0.14,1.53.9,1-2-6,1700,6,1-2,200,1,1-2-6,1310,5,1-2,330,2,,,,,,,
20250718,津,11,予選特選,曇り,南東,3,2,4,3,4306,畔 柳 俊 吾,50,36,6.78,3,0.15,1.54.1,1-2-6,1700,6,1-2,200,1,1-2-6,1310,5,1-2,330,2,,,,,,,
20250718,津,11,予選特選,曇り,南東,3,2,5,4,3961,谷 村 一 哉,47,29,6.79,4,0.12,,1-2-6,1700,6,1-2,200,1,1-2-6,1310,5,1-2,330,2,,,,,,,
20250718,津,11,予選特選,曇り,南東,3,2,6,5,4146,柳 橋 宏 紀,40,32,6.83,5,0.16,,1-2-6,1700,6,1-2,200,1,1-2-6,1310,5,1-2,330,2,,,,,,,
20250718,津,12,ドリーム戦,曇り,南東,3,2,1,3,3959,坪 井 康 晴,51,41,6.79,3,0.02,1.50.0,3-4-5,5920,20,3-4,2610,10,3-4-5,2920,15,3-4,1970,9,,,,,,,
20250718,津,12,ドリーム戦,曇り,南東,3,2,2,4,4002,古 結 宏,54,55,6.85,4,0.09,1.51.3,3-4-5,5920,20,3-4,2610,10,3-4-5,2920,15,3-4,1970,9,,,,,,,
20250718,津,12,ドリーム戦,曇り,南東,3,2,3,5,4415,下 出 卓 矢,30,18,6.81,5,0.08,1.52.8,3-4-5,5920,20,3-4,2610,10,3-4-5,2920,15,3-4,1970,9,,,,,,,
20250718,津,12,ドリーム戦,曇り,南東,3,2,4,2,3473,石 川 真 二,41,21,6.88,2,0.10,1.54.6,3-4-5,5920,20,3-4,2610,10,3-4-5,2920,15,3-4,1970,9,,,,,,,
20250718,津,12,ドリーム戦,曇り,南東,3,2,5,1,3960,菊 地 孝 平,15,30,6.84,1,0.03,,3-4-5,5920,20,3-4,2610,10,3-4-5,2920,15,3-4,1970,9,,,,,,,
20250718,津,12,ドリーム戦,曇り,南東,3,2,6,6,4926,吉 川 貴 仁,63,24,6.76,6,0.07,,3-4-5,5920,20,3-4,2610,10,3-4-5,2920,15,3-4,1970,9,,,,,,,
20250718,浜名湖,1,予選,晴,南東,4,2,1,3,4740,齋 藤 達 希,30,65,6.60,3,0.19,1.51.5,3-1-5,1480,5,3-1,680,3,1-3-5,310,1,1-3,200,1,,,,,,,
20250718,浜名湖,1,予選,晴,南東,4,2,2,1,4327,加 藤 翔,50,13,6.65,1,0.16,1.53.6,3-1-5,1480,5,3-1,680,3,1-3-5,310,1,1-3,200,1,,,,,,,
20250718,浜名湖,1,予選,晴,南東,4,2,3,5,3463,乙 津 康 志,11,66,6.71,5,0.21,1.54.4,3-1-5,1480,5,3-1,680,3,1-3-5,310,1,1-3,200,1,,,,,,,
20250718,浜名湖,1,予選,晴,南東,4,2,4,2,5242,高 山 弘 斗,16,67,6.71,2,0.19,1.55.7,3-1-5,1480,5,3-1,680,3,1-3-5,310,1,1-3,200,1,,,,,,,
20250718,浜名湖,1,予選,晴,南東,4,2,5,4,5169,堀 本 翔 太,31,30,6.67,4,0.18,,3-1-5,1480,5,3-1,680,3,1-3-5,310,1,1-3,200,1,,,,,,,
20250718,浜名湖,1,予選,晴,南東,4,2,6,6,5131,江 藤 敦 宏,24,61,6.63,6,0.15,,3-1-5,1480,5,3-1,680,3,1-3-5,310,1,1-3,200,1,,,,,,,
20250718,浜名湖,2,予選,晴,南東,4,2,1,2,4877,鈴 谷 一 平,29,73,6.62,3,0.20,1.52.0,2-5-3,2040,2,2-5,560,1,2-3-5,510,1,2-5,150,1,,,,,,,
20250718,浜名湖,2,予選,晴,南東,4,2,2,5,4363,大 野 芳 顕,43,54,6.60,5,0.05,1.52.9,2-5-3,2040,2,2-5,560,1,2-3-5,510,1,2-5,150,1,,,,,,,
20250718,浜名湖,2,予選,晴,南東,4,2,3,3,3542,清 水 紀 克,8,62,6.63,2,0.14,1.54.7,2-5-3,2040,2,2-5,560,1,2-3-5,510,1,2-5,150,1,,,,,,,
20250718,浜名湖,2,予選,晴,南東,4,2,4,6,3718,伊 達 正 利,56,50,6.65,6,0.07,1.55.8,2-5-3,2040,2,2-5,560,1,2-3-5,510,1,2-5,150,1,,,,,,,
20250718,浜名湖,2,予選,晴,南東,4,2,5,1,5211,高 井 駿 弥,5,29,6.65,1,0.47,,2-5-3,2040,2,2-5,560,1,2-3-5,510,1,2-5,150,1,,,,,,,
20250718,浜名湖,2,予選,晴,南東,4,2,6,4,4942,柴 田 朋 哉,7,46,6.61,4,0.04,,2-5-3,2040,2,2-5,560,1,2-3-5,510,1,2-5,150,1,,,,,,,
20250718,浜名湖,3,予選,晴,南東,4,2,1,6,4297,山 田 哲 也,32,58,6.68,5,0.12,1.51.0,6-1-3,3710,16,6-1,1000,4,1-3-6,750,4,1-6,630,3,,,,,,,
20250718,浜名湖,3,予選,晴,南東,4,2,2,1,4031,飯 島 誠,61,75,6.65,1,0.14,1.52.6,6-1-3,3710,16,6-1,1000,4,1-3-6,750,4,1-6,630,3,,,,,,,
20250718,浜名湖,3,予選,晴,南東,4,2,3,3,4440,萩 原 知 哉,14,17,6.67,3,0.14,1.54.2,6-1-3,3710,16,6-1,1000,4,1-3-6,750,4,1-6,630,3,,,,,,,
20250718,浜名湖,3,予選,晴,南東,4,2,4,5,5405,竹 内 来,59,63,6.67,6,0.38,1.56.5,6-1-3,3710,16,6-1,1000,4,1-3-6,750,4,1-6,630,3,,,,,,,
20250718,浜名湖,3,予選,晴,南東,4,2,5,4,4150,山 田 雄 太,52,74,6.71,4,0.15,,6-1-3,3710,16,6-1,1000,4,1-3-6,750,4,1-6,630,3,,,,,,,
20250718,浜名湖,3,予選,晴,南東,4,2,6,2,5240,高 橋 龍 治,18,49,6.65,2,0.13,,6-1-3,3710,16,6-1,1000,4,1-3-6,750,4,1-6,630,3,,,,,,,
20250718,浜名湖,4,ランチタイム,晴,南,4,2,1,1,4356,長 岡 良 也,57,48,6.65,1,0.15,1.51.2,1-2-3,1040,6,1-2,290,2,1-2-3,450,3,1-2,430,3,,,,,,,
20250718,浜名湖,4,ランチタイム,晴,南,4,2,2,2,4417,服 部 剛,9,33,6.66,2,0.19,1.52.8,1-2-3,1040,6,1-2,290,2,1-2-3,450,3,1-2,430,3,,,,,,,
20250718,浜名湖,4,ランチタイム,晴,南,4,2,3,3,3454,井 川 大 作,6,25,6.70,3,0.13,1.53.6,1-2-3,1040,6,1-2,290,2,1-2-3,450,3,1-2,430,3,,,,,,,
20250718,浜名湖,4,ランチタイム,晴,南,4,2,4,4,3708,岡 部 貴 司,3,31,6.67,4,0.15,1.55.1,1-2-3,1040,6,1-2,290,2,1-2-3,450,3,1-2,430,3,,,,,,,
20250718,浜名湖,4,ランチタイム,晴,南,4,2,5,5,4676,後 藤 隼 之,62,36,6.74,5,0.19,,1-2-3,1040,6,1-2,290,2,1-2-3,450,3,1-2,430,3,,,,,,,
20250718,浜名湖,4,ランチタイム,晴,南,4,2,6,6,5419,櫻 井 隼,10,76,6.68,6,0.18,,1-2-3,1040,6,1-2,290,2,1-2-3,450,3,1-2,430,3,,,,,,,
20250718,浜名湖,5,予選,晴,南東,4,2,1,4,4633,森 智 也,40,35,6.65,4,0.19,1.50.8,4-1-5,7930,35,4-1,2770,12,1-4-5,980,4,1-4,300,2,,,,,,,
20250718,浜名湖,5,予選,晴,南東,4,2,2,1,3911,鈴 木 猛,19,12,6.70,1,0.20,1.52.4,4-1-5,7930,35,4-1,2770,12,1-4-5,980,4,1-4,300,2,,,,,,,
20250718,浜名湖,5,予選,晴,南東,4,2,3,5,4207,松 下 一 也,65,27,6.72,5,0.11,1.54.2,4-1-5,7930,35,4-1,2770,12,1-4-5,980,4,1-4,300,2,,,,,,,
20250718,浜名湖,5,予選,晴,南東,4,2,4,3,3880,浅 見 宗 孝,55,55,6.70,3,0.32,1.56.0,4-1-5,7930,35,4-1,2770,12,1-4-5,980,4,1-4,300,2,,,,,,,
20250718,浜名湖,5,予選,晴,南東,4,2,5,2,4466,南 佑 典,25,39,6.69,2,0.17,,4-1-5,7930,35,4-1,2770,12,1-4-5,980,4,1-4,300,2,,,,,,,
20250718,浜名湖,5,予選,晴,南東,4,2,6,6,5383,中 村 楓,37,64,6.68,6,0.07,,4-1-5,7930,35,4-1,2770,12,1-4-5,980,4,1-4,300,2,,,,,,,
20250718,浜名湖,6,予選,晴,南東,4,2,1,3,4116,川 田 正 人,47,38,6.68,3,0.13,1.52.4,3-1-6,4070,18,3-1,1980,9,1-3-6,820,4,1-3,1050,5,,,,,,,
20250718,浜名湖,6,予選,晴,南東,4,2,2,1,3866,木 山 誠 一,58,15,6.73,1,0.09,1.53.3,3-1-6,4070,18,3-1,1980,9,1-3-6,820,4,1-3,1050,5,,,,,,,
20250718,浜名湖,6,予選,晴,南東,4,2,3,6,5068,前 田 滉,23,11,6.62,6,0.14,1.53.4,3-1-6,4070,18,3-1,1980,9,1-3-6,820,4,1-3,1050,5,,,,,,,
20250718,浜名湖,6,予選,晴,南東,4,2,4,4,5211,高 井 駿 弥,5,29,6.68,4,0.15,1.55.0,3-1-6,4070,18,3-1,1980,9,1-3-6,820,4,1-3,1050,5,,,,,,,
20250718,浜名湖,6,予選,晴,南東,4,2,5,5,4989,石 原 翼,13,45,6.61,5,0.11,,3-1-6,4070,18,3-1,1980,9,1-3-6,820,4,1-3,1050,5,,,,,,,
20250718,浜名湖,6,予選,晴,南東,4,2,6,2,3463,乙 津 康 志,11,66,6.71,2,0.19,,3-1-6,4070,18,3-1,1980,9,1-3-6,820,4,1-3,1050,5,,,,,,,
20250718,浜名湖,7,予選,晴,南東,4,2,1,3,4122,安 東 幸 治,53,34,6.67,3,0.18,1.50.7,3-4-1,7990,32,3-4,2390,9,1-3-4,690,3,3-4,1670,6,,,,,,,
20250718,浜名湖,7,予選,晴,南東,4,2,2,4,4496,内 堀 学,45,28,6.69,4,0.24,1.52.1,3-4-1,7990,32,3-4,2390,9,1-3-4,690,3,3-4,1670,6,,,,,,,
20250718,浜名湖,7,予選,晴,南東,4,2,3,1,3542,清 水 紀 克,8,62,6.59,1,0.13,1.54.0,3-4-1,7990,32,3-4,2390,9,1-3-4,690,3,3-4,1670,6,,,,,,,
20250718,浜名湖,7,予選,晴,南東,4,2,4,5,4332,村 上 彰 一,44,16,6.65,5,0.20,1.55.7,3-4-1,7990,32,3-4,2390,9,1-3-4,690,3,3-4,1670,6,,,,,,,
20250718,浜名湖,7,予選,晴,南東,4,2,5,2,4109,谷 津 幸 宏,39,19,6.67,2,0.39,,3-4-1,7990,32,3-4,2390,9,1-3-4,690,3,3-4,1670,6,,,,,,,
20250718,浜名湖,7,予選,晴,南東,4,2,6,6,4431,石 塚 裕 介,63,32,6.63,6,0.22,,3-4-1,7990,32,3-4,2390,9,1-3-4,690,3,3-4,1670,6,,,,,,,
20250718,浜名湖,8,ブレイクタイ,晴,南,4,2,1,5,4327,加 藤 翔,50,13,6.69,5,0.21,1.51.5,5-4-6,27310,49,5-4,2550,10,4-5-6,10710,12,4-5,650,2,,,,,,,
20250718,浜名湖,8,ブレイクタイ,晴,南,4,2,2,4,3743,林 美 憲,27,44,6.65,3,0.14,1.52.8,5-4-6,27310,49,5-4,2550,10,4-5-6,10710,12,4-5,650,2,,,,,,,
20250718,浜名湖,8,ブレイクタイ,晴,南,4,2,3,6,5405,竹 内 来,59,63,6.70,6,0.14,1.55.5,5-4-6,27310,49,5-4,2550,10,4-5-6,10710,12,4-5,650,2,,,,,,,
20250718,浜名湖,8,ブレイクタイ,晴,南,4,2,4,3,4252,松 下 哲 也,15,53,6.66,4,0.33,1.56.4,5-4-6,27310,49,5-4,2550,10,4-5-6,10710,12,4-5,650,2,,,,,,,
20250718,浜名湖,8,ブレイクタイ,晴,南,4,2,5,1,3826,村 田 修 次,49,68,6.70,1,0.18,,5-4-6,27310,49,5-4,2550,10,4-5-6,10710,12,4-5,650,2,,,,,,,
20250718,浜名湖,8,ブレイクタイ,晴,南,4,2,6,2,3851,森 田 昭 彦,64,41,6.74,2,0.17,,5-4-6,27310,49,5-4,2550,10,4-5-6,10710,12,4-5,650,2,,,,,,,
20250718,浜名湖,9,予選特賞,晴,南東,4,2,1,2,4633,森 智 也,40,35,6.67,2,0.25,1.51.0,2-4-1,20260,60,2-4,7980,21,1-2-4,1650,8,2-4,2170,8,,,,,,,
20250718,浜名湖,9,予選特賞,晴,南東,4,2,2,4,4740,齋 藤 達 希,30,65,6.60,4,0.23,1.52.4,2-4-1,20260,60,2-4,7980,21,1-2-4,1650,8,2-4,2170,8,,,,,,,
20250718,浜名湖,9,予選特賞,晴,南東,4,2,3,1,3643,米 田 隆 弘,36,23,6.72,1,0.27,1.54.3,2-4-1,20260,60,2-4,7980,21,1-2-4,1650,8,2-4,2170,8,,,,,,,
20250718,浜名湖,9,予選特賞,晴,南東,4,2,4,3,4297,山 田 哲 也,32,58,6.67,3,0.23,1.54.6,2-4-1,20260,60,2-4,7980,21,1-2-4,1650,8,2-4,2170,8,,,,,,,
20250718,浜名湖,9,予選特賞,晴,南東,4,2,5,5,4114,深 澤 達 徳,48,43,6.70,5,0.22,,2-4-1,20260,60,2-4,7980,21,1-2-4,1650,8,2-4,2170,8,,,,,,,
20250718,浜名湖,9,予選特賞,晴,南東,4,2,6,6,4877,鈴 谷 一 平,29,73,6.71,6,0.17,,2-4-1,20260,60,2-4,7980,21,1-2-4,1650,8,2-4,2170,8,,,,,,,
20250718,浜名湖,10,予選特賞,晴,南東,4,2,1,3,4207,松 下 一 也,65,27,6.69,3,0.15,1.50.9,3-1-5,1060,3,3-1,610,3,1-3-5,190,1,1-3,160,1,,,,,,,
20250718,浜名湖,10,予選特賞,晴,南東,4,2,2,1,4989,石 原 翼,13,45,6.61,1,0.18,1.52.6,3-1-5,1060,3,3-1,610,3,1-3-5,190,1,1-3,160,1,,,,,,,
20250718,浜名湖,10,予選特賞,晴,南東,4,2,3,5,4356,長 岡 良 也,57,48,6.69,5,0.36,1.53.8,3-1-5,1060,3,3-1,610,3,1-3-5,190,1,1-3,160,1,,,,,,,
20250718,浜名湖,10,予選特賞,晴,南東,4,2,4,4,5131,江 藤 敦 宏,24,61,6.62,4,0.36,1.54.8,3-1-5,1060,3,3-1,610,3,1-3-5,190,1,1-3,160,1,,,,,,,
20250718,浜名湖,10,予選特賞,晴,南東,4,2,5,2,4440,萩 原 知 哉,14,17,6.73,2,0.22,,3-1-5,1060,3,3-1,610,3,1-3-5,190,1,1-3,160,1,,,,,,,
20250718,浜名湖,11,予選特選,晴,南東,4,2,1,1,4496,内 堀 学,45,28,6.67,1,0.26,1.51.9,1-2-3,660,2,1-2,540,2,1-2-3,160,1,1-2,200,2,,,,,,,
20250718,浜名湖,11,予選特選,晴,南東,4,2,2,2,4363,大 野 芳 顕,43,54,6.68,2,0.19,1.52.6,1-2-3,660,2,1-2,540,2,1-2-3,160,1,1-2,200,2,,,,,,,
20250718,浜名湖,11,予選特選,晴,南東,4,2,3,3,5068,前 田 滉,23,11,6.69,3,0.15,1.54.2,1-2-3,660,2,1-2,540,2,1-2-3,160,1,1-2,200,2,,,,,,,
20250718,浜名湖,11,予選特選,晴,南東,4,2,4,5,3454,井 川 大 作,6,25,6.73,5,0.16,1.55.1,1-2-3,660,2,1-2,540,2,1-2-3,160,1,1-2,200,2,,,,,,,
20250718,浜名湖,11,予選特選,晴,南東,4,2,5,4,4031,飯 島 誠,61,75,6.71,4,0.18,,1-2-3,660,2,1-2,540,2,1-2-3,160,1,1-2,200,2,,,,,,,
20250718,浜名湖,11,予選特選,晴,南東,4,2,6,6,4466,南 佑 典,25,39,6.77,6,0.18,,1-2-3,660,2,1-2,540,2,1-2-3,160,1,1-2,200,2,,,,,,,
20250718,浜名湖,12,予選特選,晴,南東,4,2,1,1,3743,林 美 憲,27,44,6.70,1,0.12,1.52.2,1-3-2,1960,8,1-3,690,3,1-2-3,640,2,1-3,600,3,,,,,,,
20250718,浜名湖,12,予選特選,晴,南東,4,2,2,3,3708,岡 部 貴 司,3,31,6.75,3,0.16,1.52.9,1-3-2,1960,8,1-3,690,3,1-2-3,640,2,1-3,600,3,,,,,,,
20250718,浜名湖,12,予選特選,晴,南東,4,2,3,2,4150,山 田 雄 太,52,74,6.74,2,0.13,1.54.1,1-3-2,1960,8,1-3,690,3,1-2-3,640,2,1-3,600,3,,,,,,,
20250718,浜名湖,12,予選特選,晴,南東,4,2,4,4,4109,谷 津 幸 宏,39,19,6.71,4,0.16,1.55.1,1-3-2,1960,8,1-3,690,3,1-2-3,640,2,1-3,600,3,,,,,,,
20250718,浜名湖,12,予選特選,晴,南東,4,2,5,6,4116,川 田 正 人,47,38,6.71,6,0.25,,1-3-2,1960,8,1-3,690,3,1-2-3,640,2,1-3,600,3,,,,,,,
20250718,浜名湖,12,予選特選,晴,南東,4,2,6,5,3880,浅 見 宗 孝,55,55,6.69,5,0.31,,1-3-2,1960,8,1-3,690,3,1-2-3,640,2,1-3,600,3,,,,,,,
20250718,福岡,1,カタメン１一,雨,南,4,4,1,1,4433,川 野 芽 唯,23,171,6.88,1,0.16,1.50.6,1-5-6,6280,19,1-5,1010,5,1-5-6,2320,8,1-5,900,3,,,,,,,
20250718,福岡,1,カタメン１一,雨,南,4,4,2,5,4525,真 子 奈津実,63,105,6.94,5,0.17,1.52.9,1-5-6,6280,19,1-5,1010,5,1-5-6,2320,8,1-5,900,3,,,,,,,
20250718,福岡,1,カタメン１一,雨,南,4,4,3,6,5272,松 田 真 実,70,137,6.93,6,0.18,1.53.7,1-5-6,6280,19,1-5,1010,5,1-5-6,2320,8,1-5,900,3,,,,,,,
20250718,福岡,1,カタメン１一,雨,南,4,4,4,2,4765,野田部 宏 子,27,163,6.91,2,0.14,1.55.6,1-5-6,6280,19,1-5,1010,5,1-5-6,2320,8,1-5,900,3,,,,,,,
20250718,福岡,1,カタメン１一,雨,南,4,4,5,3,4484,稲 生 夏 季,59,103,7.00,3,0.19,,1-5-6,6280,19,1-5,1010,5,1-5-6,2320,8,1-5,900,3,,,,,,,
20250718,福岡,1,カタメン１一,雨,南,4,4,6,4,5250,嶋 田 有 里,40,172,6.94,4,0.34,,1-5-6,6280,19,1-5,1010,5,1-5-6,2320,8,1-5,900,3,,,,,,,
20250718,福岡,2,一般戦,雨,南,2,2,1,4,5163,清 水 愛 海,50,160,6.84,4,0.08,1.50.3,4-2-5,1580,3,4-2,680,3,2-4-5,570,3,2-4,350,2,,,,,,,
20250718,福岡,2,一般戦,雨,南,2,2,2,2,3551,藤 田 美 代,58,115,6.82,2,0.09,1.53.0,4-2-5,1580,3,4-2,680,3,2-4-5,570,3,2-4,350,2,,,,,,,
20250718,福岡,2,一般戦,雨,南,2,2,3,5,5195,北 村 寧 々,28,123,6.91,5,0.06,1.54.1,4-2-5,1580,3,4-2,680,3,2-4-5,570,3,2-4,350,2,,,,,,,
20250718,福岡,2,一般戦,雨,南,2,2,4,1,3518,倉 田 郁 美,61,152,6.92,1,0.10,1.54.7,4-2-5,1580,3,4-2,680,3,2-4-5,570,3,2-4,350,2,,,,,,,
20250718,福岡,2,一般戦,雨,南,2,2,5,3,4317,木 村 紗友希,53,101,6.92,3,0.08,,4-2-5,1580,3,4-2,680,3,2-4-5,570,3,2-4,350,2,,,,,,,
20250718,福岡,2,一般戦,雨,南,2,2,6,6,5335,森 陽 多,47,119,6.91,6,0.07,,4-2-5,1580,3,4-2,680,3,2-4-5,570,3,2-4,350,2,,,,,,,
20250718,福岡,3,カタメン３一,雨,南,2,2,1,1,4349,犬 童 千 秋,48,138,6.85,1,0.03,1.50.9,1-2-4,870,3,1-2,320,1,1-2-4,380,2,1-2,210,1,,,,,,,
20250718,福岡,3,カタメン３一,雨,南,2,2,2,2,3579,中 里 優 子,60,128,6.89,2,0.05,1.52.3,1-2-4,870,3,1-2,320,1,1-2-4,380,2,1-2,210,1,,,,,,,
20250718,福岡,3,カタメン３一,雨,南,2,2,3,4,5340,樋江井 舞,54,153,6.88,4,0.12,1.54.2,1-2-4,870,3,1-2,320,1,1-2-4,380,2,1-2,210,1,,,,,,,
20250718,福岡,3,カタメン３一,雨,南,2,2,4,3,4478,櫻 本 あゆみ,24,164,6.95,3,0.09,1.55.9,1-2-4,870,3,1-2,320,1,1-2-4,380,2,1-2,210,1,,,,,,,
20250718,福岡,3,カタメン３一,雨,南,2,2,5,5,5144,中 尾 彩 香,68,104,6.93,5,0.13,,1-2-4,870,3,1-2,320,1,1-2-4,380,2,1-2,210,1,,,,,,,
20250718,福岡,3,カタメン３一,雨,南,2,2,6,6,5327,西 田 和 加,42,157,6.95,6,0.10,,1-2-4,870,3,1-2,320,1,1-2-4,380,2,1-2,210,1,,,,,,,
20250718,福岡,4,一般戦,雨,南,2,2,1,3,5296,永 田 楽,49,162,6.84,3,0.30,1.59.6,3-2-1,3300,13,3-2,1030,4,1-2-3,470,2,2-3,650,4,,,,,,,
20250718,福岡,4,一般戦,雨,南,2,2,2,2,3994,小 野 桜,73,168,6.93,2,0.35,2.01.9,3-2-1,3300,13,3-2,1030,4,1-2-3,470,2,2-3,650,4,,,,,,,
20250718,福岡,4,一般戦,雨,南,2,2,3,1,3357,福 島 陽 子,67,129,6.85,1,0.35,2.03.6,3-2-1,3300,13,3-2,1030,4,1-2-3,470,2,2-3,650,4,,,,,,,
20250718,福岡,4,一般戦,雨,南,2,2,4,6,5317,長 尾 萌 加,11,132,6.86,6,0.26,2.05.3,3-2-1,3300,13,3-2,1030,4,1-2-3,470,2,2-3,650,4,,,,,,,
20250718,福岡,4,一般戦,雨,南,2,2,5,4,3704,本 部 めぐみ,33,135,6.90,4,0.38,,3-2-1,3300,13,3-2,1030,4,1-2-3,470,2,2-3,650,4,,,,,,,
20250718,福岡,5,一般戦,雨,南,3,3,1,1,4190,長 嶋 万 記,17,108,6.89,1,0.14,1.51.0,1-3-5,1040,3,1-3,250,1,1-3-5,680,4,1-3,280,2,,,,,,,
20250718,福岡,5,一般戦,雨,南,3,3,2,3,4773,中 川 り な,45,148,6.90,3,0.16,1.52.4,1-3-5,1040,3,1-3,250,1,1-3-5,680,4,1-3,280,2,,,,,,,
20250718,福岡,5,一般戦,雨,南,3,3,3,5,4936,戸 敷 晃 美,30,107,6.94,5,0.22,1.55.6,1-3-5,1040,3,1-3,250,1,1-3-5,680,4,1-3,280,2,,,,,,,
20250718,福岡,5,一般戦,雨,南,3,3,4,2,4045,佐々木 裕 美,22,110,6.89,2,0.15,1.56.0,1-3-5,1040,3,1-3,250,1,1-3-5,680,4,1-3,280,2,,,,,,,
20250718,福岡,5,一般戦,雨,南,3,3,5,6,5264,登 みひ果,72,142,6.83,6,0.26,,1-3-5,1040,3,1-3,250,1,1-3-5,680,4,1-3,280,2,,,,,,,
20250718,福岡,5,一般戦,雨,南,3,3,6,4,4765,野田部 宏 子,27,163,6.91,4,0.17,,1-3-5,1040,3,1-3,250,1,1-3-5,680,4,1-3,280,2,,,,,,,
20250718,福岡,6,一般戦,雨,南,3,3,1,1,4456,鎌 倉 涼,39,111,6.87,1,0.07,1.51.6,1-2-4,1000,3,1-2,260,1,1-2-4,650,2,1-2,230,1,,,,,,,
20250718,福岡,6,一般戦,雨,南,3,3,2,2,4627,藤 原 菜 希,38,102,6.91,2,0.06,1.52.8,1-2-4,1000,3,1-2,260,1,1-2-4,650,2,1-2,230,1,,,,,,,
20250718,福岡,6,一般戦,雨,南,3,3,3,4,4317,木 村 紗友希,53,101,6.94,4,0.16,1.54.2,1-2-4,1000,3,1-2,260,1,1-2-4,650,2,1-2,230,1,,,,,,,
20250718,福岡,6,一般戦,雨,南,3,3,4,6,4530,小 野 生 奈,36,165,6.85,6,0.18,1.54.9,1-2-4,1000,3,1-2,260,1,1-2-4,650,2,1-2,230,1,,,,,,,
20250718,福岡,6,一般戦,雨,南,3,3,5,5,4484,稲 生 夏 季,59,103,6.95,5,0.26,,1-2-4,1000,3,1-2,260,1,1-2-4,650,2,1-2,230,1,,,,,,,
20250718,福岡,6,一般戦,雨,南,3,3,6,3,5335,森 陽 多,47,119,6.91,3,0.11,,1-2-4,1000,3,1-2,260,1,1-2-4,650,2,1-2,230,1,,,,,,,
20250718,福岡,7,一般戦,雨,南,4,4,1,6,3845,中 谷 朋 子,13,169,7.00,2,0.45,1.54.3,6-1-3,5220,18,6-1,1050,5,1-3-6,620,4,1-6,330,1,,,,,,,
20250718,福岡,7,一般戦,雨,南,4,4,2,1,4240,今 井 裕 梨,32,130,6.90,1,0.35,1.57.1,6-1-3,5220,18,6-1,1050,5,1-3-6,620,4,1-6,330,1,,,,,,,
20250718,福岡,7,一般戦,雨,南,4,4,3,3,3518,倉 田 郁 美,61,152,6.93,4,0.45,1.58.4,6-1-3,5220,18,6-1,1050,5,1-3-6,620,4,1-6,330,1,,,,,,,
20250718,福岡,7,一般戦,雨,南,4,4,4,4,5272,松 田 真 実,70,137,6.90,5,0.44,2.01.7,6-1-3,5220,18,6-1,1050,5,1-3-6,620,4,1-6,330,1,,,,,,,
20250718,福岡,7,一般戦,雨,南,4,4,5,2,5144,中 尾 彩 香,68,104,6.93,3,0.41,,6-1-3,5220,18,6-1,1050,5,1-3-6,620,4,1-6,330,1,,,,,,,
20250718,福岡,8,一般戦,雨,南,3,3,1,1,3551,藤 田 美 代,58,115,6.86,1,0.33,1.50.9,1-4-3,5540,24,1-4,830,2,1-3-4,1760,7,1-4,620,4,,,,,,,
20250718,福岡,8,一般戦,雨,南,3,3,2,4,4525,真 子 奈津実,63,105,6.96,4,0.29,1.52.8,1-4-3,5540,24,1-4,830,2,1-3-4,1760,7,1-4,620,4,,,,,,,
20250718,福岡,8,一般戦,雨,南,3,3,3,3,3357,福 島 陽 子,67,129,6.94,3,0.30,1.54.5,1-4-3,5540,24,1-4,830,2,1-3-4,1760,7,1-4,620,4,,,,,,,
20250718,福岡,8,一般戦,雨,南,3,3,4,6,4123,細 川 裕 子,64,143,7.00,6,0.35,1.55.0,1-4-3,5540,24,1-4,830,2,1-3-4,1760,7,1-4,620,4,,,,,,,
20250718,福岡,8,一般戦,雨,南,3,3,5,5,4478,櫻 本 あゆみ,24,164,6.99,5,0.35,,1-4-3,5540,24,1-4,830,2,1-3-4,1760,7,1-4,620,4,,,,,,,
20250718,福岡,8,一般戦,雨,南,3,3,6,2,3704,本 部 めぐみ,33,135,6.93,2,0.35,,1-4-3,5540,24,1-4,830,2,1-3-4,1760,7,1-4,620,4,,,,,,,
20250718,福岡,9,ペラ美特選,雨,南東,3,3,1,1,4936,戸 敷 晃 美,30,107,6.87,1,0.08,1.49.3,1-4-3,2900,10,1-4,790,3,1-3-4,610,2,1-4,790,3,,,,,,,
20250718,福岡,9,ペラ美特選,雨,南東,3,3,2,4,5078,山 川 波 乙,18,141,6.84,4,0.10,1.51.7,1-4-3,2900,10,1-4,790,3,1-3-4,610,2,1-4,790,3,,,,,,,
20250718,福岡,9,ペラ美特選,雨,南東,3,3,3,3,5195,北 村 寧 々,28,123,6.90,3,0.11,1.53.6,1-4-3,2900,10,1-4,790,3,1-3-4,610,2,1-4,790,3,,,,,,,
20250718,福岡,9,ペラ美特選,雨,南東,3,3,4,5,5340,樋江井 舞,54,153,6.84,5,0.15,1.54.1,1-4-3,2900,10,1-4,790,3,1-3-4,610,2,1-4,790,3,,,,,,,
20250718,福岡,9,ペラ美特選,雨,南東,3,3,5,6,4773,中 川 り な,45,148,6.88,6,0.17,,1-4-3,2900,10,1-4,790,3,1-3-4,610,2,1-4,790,3,,,,,,,
20250718,福岡,9,ペラ美特選,雨,南東,3,3,6,2,5317,長 尾 萌 加,11,132,6.84,2,0.28,,1-4-3,2900,10,1-4,790,3,1-3-4,610,2,1-4,790,3,,,,,,,
20250718,福岡,10,選抜戦,雨,南東,3,3,1,1,5163,清 水 愛 海,50,160,6.79,1,0.26,1.50.6,1-5-2,8110,23,1-5,2240,6,1-2-5,2230,7,1-5,1780,4,,,,,,,
20250718,福岡,10,選抜戦,雨,南東,3,3,2,5,4045,佐々木 裕 美,22,110,6.84,5,0.15,1.52.5,1-5-2,8110,23,1-5,2240,6,1-2-5,2230,7,1-5,1780,4,,,,,,,
20250718,福岡,10,選抜戦,雨,南東,3,3,3,2,5296,永 田 楽,49,162,6.79,2,0.14,1.53.7,1-5-2,8110,23,1-5,2240,6,1-2-5,2230,7,1-5,1780,4,,,,,,,
20250718,福岡,10,選抜戦,雨,南東,3,3,4,3,3579,中 里 優 子,60,128,6.83,3,0.15,1.53.9,1-5-2,8110,23,1-5,2240,6,1-2-5,2230,7,1-5,1780,4,,,,,,,
20250718,福岡,10,選抜戦,雨,南東,3,3,5,4,4433,川 野 芽 唯,23,171,6.90,4,0.24,,1-5-2,8110,23,1-5,2240,6,1-2-5,2230,7,1-5,1780,4,,,,,,,
20250718,福岡,10,選抜戦,雨,南東,3,3,6,6,4627,藤 原 菜 希,38,102,6.85,6,0.23,,1-5-2,8110,23,1-5,2240,6,1-2-5,2230,7,1-5,1780,4,,,,,,,
20250718,福岡,11,選抜戦,雨,南,2,2,1,4,4190,長 嶋 万 記,17,108,6.90,4,0.24,1.50.2,4-1-5,13400,27,4-1,2820,8,1-4-5,1320,8,1-4,470,3,,,,,,,
20250718,福岡,11,選抜戦,雨,南,2,2,2,1,4530,小 野 生 奈,36,165,6.77,1,0.19,1.51.3,4-1-5,13400,27,4-1,2820,8,1-4-5,1320,8,1-4,470,3,,,,,,,
20250718,福岡,11,選抜戦,雨,南,2,2,3,5,4240,今 井 裕 梨,32,130,6.87,5,0.26,1.53.5,4-1-5,13400,27,4-1,2820,8,1-4-5,1320,8,1-4,470,3,,,,,,,
20250718,福岡,11,選抜戦,雨,南,2,2,4,2,4349,犬 童 千 秋,48,138,6.81,2,0.26,1.54.3,4-1-5,13400,27,4-1,2820,8,1-4-5,1320,8,1-4,470,3,,,,,,,
20250718,福岡,11,選抜戦,雨,南,2,2,5,3,4014,片 岡 恵 里,34,114,6.85,3,0.34,,4-1-5,13400,27,4-1,2820,8,1-4-5,1320,8,1-4,470,3,,,,,,,
20250718,福岡,11,選抜戦,雨,南,2,2,6,6,4456,鎌 倉 涼,39,111,6.84,6,0.29,,4-1-5,13400,27,4-1,2820,8,1-4-5,1320,8,1-4,470,3,,,,,,,
20250718,福岡,12,優勝戦,雨,南東,3,3,1,2,4556,竹 井 奈 美,26,158,6.83,2,0.11,1.49.1,2-1-3,1920,8,2-1,750,4,1-2-3,290,2,1-2,190,1,,,,,,,
20250718,福岡,12,優勝戦,雨,南東,3,3,2,1,5193,米 丸 乃 絵,46,173,6.82,1,0.01,1.50.6,2-1-3,1920,8,2-1,750,4,1-2-3,290,2,1-2,190,1,,,,,,,
20250718,福岡,12,優勝戦,雨,南東,3,3,3,3,4225,土 屋 千 明,65,147,6.89,3,0.05,1.52.1,2-1-3,1920,8,2-1,750,4,1-2-3,290,2,1-2,190,1,,,,,,,
20250718,福岡,12,優勝戦,雨,南東,3,3,4,4,4447,深 川 麻奈美,44,136,6.82,4,0.01,1.52.5,2-1-3,1920,8,2-1,750,4,1-2-3,290,2,1-2,190,1,,,,,,,
20250718,福岡,12,優勝戦,雨,南東,3,3,5,6,5281,井 上 遥 妃,43,167,6.84,6,0.00,,2-1-3,1920,8,2-1,750,4,1-2-3,290,2,1-2,190,1,,,,,,,
20250718,芦屋,1,サンライズＶ,雨,南,2,2,1,1,4536,喜 井 つかさ,41,143,6.84,1,0.05,1.49.5,1-2-5,460,1,1-2,170,1,1-2-5,300,2,1-2,220,1,,,,,,,
20250718,芦屋,1,サンライズＶ,雨,南,2,2,2,2,4874,池 田 奈津美,55,170,6.89,2,0.07,1.50.9,1-2-5,460,1,1-2,170,1,1-2-5,300,2,1-2,220,1,,,,,,,
20250718,芦屋,1,サンライズＶ,雨,南,2,2,3,5,5198,奥 村 明日香,9,136,6.75,5,0.11,1.51.4,1-2-5,460,1,1-2,170,1,1-2-5,300,2,1-2,220,1,,,,,,,
20250718,芦屋,1,サンライズＶ,雨,南,2,2,4,3,5200,筒 井 美 琴,59,161,6.82,3,0.09,1.52.7,1-2-5,460,1,1-2,170,1,1-2-5,300,2,1-2,220,1,,,,,,,
20250718,芦屋,1,サンライズＶ,雨,南,2,2,5,4,5123,福 山 恵里奈,38,152,6.86,4,0.04,,1-2-5,460,1,1-2,170,1,1-2-5,300,2,1-2,220,1,,,,,,,
20250718,芦屋,1,サンライズＶ,雨,南,2,2,6,6,5406,小 畑 楓 夏,5,142,6.89,6,0.33,,1-2-5,460,1,1-2,170,1,1-2-5,300,2,1-2,220,1,,,,,,,
20250718,芦屋,2,サンライズＷ,雨,南,2,2,1,1,4336,松 田 竜 馬,57,157,6.88,1,0.11,1.49.4,1-3-4,1020,3,1-3,640,2,1-3-4,320,2,1-3,370,2,,,,,,,
20250718,芦屋,2,サンライズＷ,雨,南,2,2,2,3,4527,高 野 心 吾,8,121,6.81,3,0.12,1.50.5,1-3-4,1020,3,1-3,640,2,1-3-4,320,2,1-3,370,2,,,,,,,
20250718,芦屋,2,サンライズＷ,雨,南,2,2,3,4,4174,赤 坂 俊 輔,50,126,6.87,4,0.14,1.51.7,1-3-4,1020,3,1-3,640,2,1-3-4,320,2,1-3,370,2,,,,,,,
20250718,芦屋,2,サンライズＷ,雨,南,2,2,4,6,4342,谷 野 錬 志,51,164,6.88,6,0.15,1.53.3,1-3-4,1020,3,1-3,640,2,1-3-4,320,2,1-3,370,2,,,,,,,
20250718,芦屋,2,サンライズＷ,雨,南,2,2,5,2,5310,土 屋 蘭,40,144,6.81,2,0.13,,1-3-4,1020,3,1-3,640,2,1-3-4,320,2,1-3,370,2,,,,,,,
20250718,芦屋,2,サンライズＷ,雨,南,2,2,6,5,3808,秋 田 健太郎,21,134,6.89,5,0.21,,1-3-4,1020,3,1-3,640,2,1-3-4,320,2,1-3,370,2,,,,,,,
20250718,芦屋,3,サンライズＸ,雨,南,1,1,1,3,3995,重 野 哲 之,48,169,6.86,3,0.09,1.49.2,3-1-5,1560,5,3-1,560,3,1-3-5,280,1,1-3,130,1,,,,,,,
20250718,芦屋,3,サンライズＸ,雨,南,1,1,2,1,3158,島 川 光 男,53,145,6.85,1,0.12,1.50.3,3-1-5,1560,5,3-1,560,3,1-3-5,280,1,1-3,130,1,,,,,,,
20250718,芦屋,3,サンライズＸ,雨,南,1,1,3,5,3629,浅 見 昌 克,44,139,6.85,5,0.08,1.52.1,3-1-5,1560,5,3-1,560,3,1-3-5,280,1,1-3,130,1,,,,,,,
20250718,芦屋,3,サンライズＸ,雨,南,1,1,4,6,4142,平 野 和 明,35,120,6.92,6,0.18,1.53.4,3-1-5,1560,5,3-1,560,3,1-3-5,280,1,1-3,130,1,,,,,,,
20250718,芦屋,3,サンライズＸ,雨,南,1,1,5,2,3773,津 留 浩一郎,1,124,6.83,2,0.25,,3-1-5,1560,5,3-1,560,3,1-3-5,280,1,1-3,130,1,,,,,,,
20250718,芦屋,3,サンライズＸ,雨,南,1,1,6,4,3920,正 木 聖 賢,43,128,6.85,4,0.14,,3-1-5,1560,5,3-1,560,3,1-3-5,280,1,1-3,130,1,,,,,,,
20250718,芦屋,4,サンライズＹ 進入固定,雨,南,1,1,1,4,4679,植 田 太 一,25,111,6.74,4,0.06,1.49.4,4-1-2,2360,10,4-1,790,4,1-2-4,200,1,1-4,210,1,,,,,,,
20250718,芦屋,4,サンライズＹ 進入固定,雨,南,1,1,2,1,3557,太 田 和 美,28,118,6.77,1,0.05,1.50.8,4-1-2,2360,10,4-1,790,4,1-2-4,200,1,1-4,210,1,,,,,,,
20250718,芦屋,4,サンライズＹ 進入固定,雨,南,1,1,3,2,3156,金 子 良 昭,39,156,6.81,2,0.06,1.53.0,4-1-2,2360,10,4-1,790,4,1-2-4,200,1,1-4,210,1,,,,,,,
20250718,芦屋,4,サンライズＹ 進入固定,雨,南,1,1,4,5,5356,長谷川 暖,26,158,6.81,5,0.06,1.54.0,4-1-2,2360,10,4-1,790,4,1-2-4,200,1,1-4,210,1,,,,,,,
20250718,芦屋,4,サンライズＹ 進入固定,雨,南,1,1,5,3,4226,村 田 浩 司,12,146,6.83,3,0.14,,4-1-2,2360,10,4-1,790,4,1-2-4,200,1,1-4,210,1,,,,,,,
20250718,芦屋,4,サンライズＹ 進入固定,雨,南,1,1,6,6,5413,宮 城 那 菜,4,122,6.84,6,0.12,,4-1-2,2360,10,4-1,790,4,1-2-4,200,1,1-4,210,1,,,,,,,
20250718,芦屋,5,サンライズＺ,曇り,南東,2,2,1,1,3304,烏 野 賢 太,6,127,6.84,1,0.21,1.49.7,1-3-6,960,4,1-3,240,1,1-3-6,610,3,1-3,250,1,,,,,,,
20250718,芦屋,5,サンライズＺ,曇り,南東,2,2,2,3,3711,江 本 真 治,42,125,6.85,3,0.17,1.50.8,1-3-6,960,4,1-3,240,1,1-3-6,610,3,1-3,250,1,,,,,,,
20250718,芦屋,5,サンライズＺ,曇り,南東,2,2,3,6,4822,百 武 翔,22,117,6.86,5,0.16,1.53.7,1-3-6,960,4,1-3,240,1,1-3-6,610,3,1-3,250,1,,,,,,,
20250718,芦屋,5,サンライズＺ,曇り,南東,2,2,4,2,5198,奥 村 明日香,9,136,6.73,2,0.43,1.55.3,1-3-6,960,4,1-3,240,1,1-3-6,610,3,1-3,250,1,,,,,,,
20250718,芦屋,5,サンライズＺ,曇り,南東,2,2,5,5,3796,長 野 道 臣,7,123,6.83,6,0.20,,1-3-6,960,4,1-3,240,1,1-3-6,610,3,1-3,250,1,,,,,,,
20250718,芦屋,5,サンライズＺ,曇り,南東,2,2,6,4,5039,倉 田 茂 将,29,141,6.95,4,0.14,,1-3-6,960,4,1-3,240,1,1-3-6,610,3,1-3,250,1,,,,,,,
20250718,芦屋,6,予選,曇り,南東,1,1,1,1,4778,堤 啓 輔,14,166,6.85,1,0.07,1.49.2,1-5-3,1500,1,1-5,790,2,1-3-5,280,1,1-5,300,1,,,,,,,
20250718,芦屋,6,予選,曇り,南東,1,1,2,5,3265,今 村 暢 孝,46,151,6.76,2,0.10,1.50.5,1-5-3,1500,1,1-5,790,2,1-3-5,280,1,1-5,300,1,,,,,,,
20250718,芦屋,6,予選,曇り,南東,1,1,3,3,4817,渡 邉 翼,3,159,6.84,5,0.11,1.51.8,1-5-3,1500,1,1-5,790,2,1-3-5,280,1,1-5,300,1,,,,,,,
20250718,芦屋,6,予選,曇り,南東,1,1,4,6,4874,池 田 奈津美,55,170,6.83,3,0.06,1.51.9,1-5-3,1500,1,1-5,790,2,1-3-5,280,1,1-5,300,1,,,,,,,
20250718,芦屋,6,予選,曇り,南東,1,1,5,2,4277,金 田 大 輔,58,162,6.79,4,0.11,,1-5-3,1500,1,1-5,790,2,1-3-5,280,1,1-5,300,1,,,,,,,
20250718,芦屋,6,予選,曇り,南東,1,1,6,4,4527,高 野 心 吾,8,121,6.77,6,0.16,,1-5-3,1500,1,1-5,790,2,1-3-5,280,1,1-5,300,1,,,,,,,
20250718,芦屋,7,予選 進入固定,曇り,南,1,1,1,1,3773,津 留 浩一郎,1,124,6.80,1,0.15,1.49.6,1-5-4,6030,19,1-5,570,4,1-4-5,2150,7,1-5,460,2,,,,,,,
20250718,芦屋,7,予選 進入固定,曇り,南,1,1,2,5,4360,庄 司 孝 輔,47,137,6.78,5,0.14,1.50.7,1-5-4,6030,19,1-5,570,4,1-4-5,2150,7,1-5,460,2,,,,,,,
20250718,芦屋,7,予選 進入固定,曇り,南,1,1,3,4,3808,秋 田 健太郎,21,134,6.93,4,0.14,1.52.7,1-5-4,6030,19,1-5,570,4,1-4-5,2150,7,1-5,460,2,,,,,,,
20250718,芦屋,7,予選 進入固定,曇り,南,1,1,4,2,3226,浦 田 信 義,45,113,6.82,2,0.12,1.53.7,1-5-4,6030,19,1-5,570,4,1-4-5,2150,7,1-5,460,2,,,,,,,
20250718,芦屋,7,予選 進入固定,曇り,南,1,1,5,3,3550,都 築 正 治,10,160,6.82,3,0.15,,1-5-4,6030,19,1-5,570,4,1-4-5,2150,7,1-5,460,2,,,,,,,
20250718,芦屋,7,予選 進入固定,曇り,南,1,1,6,6,5406,小 畑 楓 夏,5,142,6.85,6,0.50,,1-5-4,6030,19,1-5,570,4,1-4-5,2150,7,1-5,460,2,,,,,,,
20250718,芦屋,8,予選,雨,南西,3,3,1,2,4547,中 田 竜 太,49,150,6.88,4,0.22,1.49.2,2-1-4,1010,1,2-1,460,1,1-2-4,280,1,1-2,210,1,,,,,,,
20250718,芦屋,8,予選,雨,南西,3,3,2,1,3920,正 木 聖 賢,43,128,6.83,1,0.09,1.50.8,2-1-4,1010,1,2-1,460,1,1-2-4,280,1,1-2,210,1,,,,,,,
20250718,芦屋,8,予選,雨,南西,3,3,3,4,4336,松 田 竜 馬,57,157,6.86,5,0.13,1.52.7,2-1-4,1010,1,2-1,460,1,1-2-4,280,1,1-2,210,1,,,,,,,
20250718,芦屋,8,予選,雨,南西,3,3,4,5,3156,金 子 良 昭,39,156,6.82,2,0.24,1.54.3,2-1-4,1010,1,2-1,460,1,1-2-4,280,1,1-2,210,1,,,,,,,
20250718,芦屋,8,予選,雨,南西,3,3,5,6,4323,山 田 佑 樹,13,135,6.89,6,0.20,,2-1-4,1010,1,2-1,460,1,1-2-4,280,1,1-2,210,1,,,,,,,
20250718,芦屋,8,予選,雨,南西,3,3,6,3,5123,福 山 恵里奈,38,152,6.84,3,0.24,,2-1-4,1010,1,2-1,460,1,1-2-4,280,1,1-2,210,1,,,,,,,
20250718,芦屋,9,予選特賞,雨,東,2,2,1,1,3629,浅 見 昌 克,44,139,6.84,1,0.13,1.57.7,1-3-2,800,3,1-3,240,1,1-2-3,460,2,1-3,270,1,,,,,,,
20250718,芦屋,9,予選特賞,雨,東,2,2,2,3,4822,百 武 翔,22,117,6.86,3,0.19,2.00.6,1-3-2,800,3,1-3,240,1,1-2-3,460,2,1-3,270,1,,,,,,,
20250718,芦屋,9,予選特賞,雨,東,2,2,3,2,5249,三 木 晴 斗,17,116,6.82,2,0.22,2.03.4,1-3-2,800,3,1-3,240,1,1-2-3,460,2,1-3,270,1,,,,,,,
20250718,芦屋,9,予選特賞,雨,東,2,2,4,6,4516,野 口 勝 弘,60,147,6.80,6,0.21,2.07.1,1-3-2,800,3,1-3,240,1,1-2-3,460,2,1-3,270,1,,,,,,,
20250718,芦屋,9,予選特賞,雨,東,2,2,5,4,5310,土 屋 蘭,40,144,6.80,4,0.20,,1-3-2,800,3,1-3,240,1,1-2-3,460,2,1-3,270,1,,,,,,,
20250718,芦屋,10,予選特賞,雨,南,2,2,1,5,4679,植 田 太 一,25,111,6.72,5,0.19,1.49.6,5-4-3,11710,38,5-4,2390,9,3-4-5,2720,11,4-5,1080,5,,,,,,,
20250718,芦屋,10,予選特賞,雨,南,2,2,2,4,4342,谷 野 錬 志,51,164,6.84,4,0.12,1.50.9,5-4-3,11710,38,5-4,2390,9,3-4-5,2720,11,4-5,1080,5,,,,,,,
20250718,芦屋,10,予選特賞,雨,南,2,2,3,3,4142,平 野 和 明,35,120,6.84,3,0.19,1.52.4,5-4-3,11710,38,5-4,2390,9,3-4-5,2720,11,4-5,1080,5,,,,,,,
20250718,芦屋,10,予選特賞,雨,南,2,2,4,1,4538,笠 置 博 之,54,132,6.77,1,0.21,1.53.1,5-4-3,11710,38,5-4,2390,9,3-4-5,2720,11,4-5,1080,5,,,,,,,
20250718,芦屋,10,予選特賞,雨,南,2,2,5,2,3775,泉 啓 文,15,131,6.83,2,0.19,,5-4-3,11710,38,5-4,2390,9,3-4-5,2720,11,4-5,1080,5,,,,,,,
20250718,芦屋,10,予選特賞,雨,南,2,2,6,6,4817,渡 邉 翼,3,159,6.81,6,0.21,,5-4-3,11710,38,5-4,2390,9,3-4-5,2720,11,4-5,1080,5,,,,,,,
20250718,芦屋,11,予選特選,雨,南,1,1,1,4,4778,堤 啓 輔,14,166,6.89,4,0.15,1.50.0,4-6-3,82960,97,4-6,14030,24,3-4-6,6060,14,4-6,11640,14,,,,,,,
20250718,芦屋,11,予選特選,雨,南,1,1,2,6,4140,梶 野 学 志,18,112,6.82,6,0.18,1.51.4,4-6-3,82960,97,4-6,14030,24,3-4-6,6060,14,4-6,11640,14,,,,,,,
20250718,芦屋,11,予選特選,雨,南,1,1,3,3,3158,島 川 光 男,53,145,6.87,3,0.14,1.52.6,4-6-3,82960,97,4-6,14030,24,3-4-6,6060,14,4-6,11640,14,,,,,,,
20250718,芦屋,11,予選特選,雨,南,1,1,4,5,4536,喜 井 つかさ,41,143,6.84,5,0.20,1.53.4,4-6-3,82960,97,4-6,14030,24,3-4-6,6060,14,4-6,11640,14,,,,,,,
20250718,芦屋,11,予選特選,雨,南,1,1,5,2,3796,長 野 道 臣,7,123,6.81,2,0.20,,4-6-3,82960,97,4-6,14030,24,3-4-6,6060,14,4-6,11640,14,,,,,,,
20250718,芦屋,11,予選特選,雨,南,1,1,6,1,4118,宇佐見 淳,27,133,6.88,1,0.16,,4-6-3,82960,97,4-6,14030,24,3-4-6,6060,14,4-6,11640,14,,,,,,,
20250718,芦屋,12,ドリームレー,雨,東,2,2,1,1,3265,今 村 暢 孝,46,151,6.78,1,0.13,1.48.1,1-4-3,1730,4,1-4,790,2,1-3-4,320,1,1-4,430,2,,,,,,,
20250718,芦屋,12,ドリームレー,雨,東,2,2,2,4,3995,重 野 哲 之,48,169,6.82,4,0.10,1.49.9,1-4-3,1730,4,1-4,790,2,1-3-4,320,1,1-4,430,2,,,,,,,
20250718,芦屋,12,ドリームレー,雨,東,2,2,3,3,3557,太 田 和 美,28,118,6.74,3,0.13,1.51.1,1-4-3,1730,4,1-4,790,2,1-3-4,320,1,1-4,430,2,,,,,,,
20250718,芦屋,12,ドリームレー,雨,東,2,2,4,5,4174,赤 坂 俊 輔,50,126,6.83,5,0.16,1.52.3,1-4-3,1730,4,1-4,790,2,1-3-4,320,1,1-4,430,2,,,,,,,
20250718,芦屋,12,ドリームレー,雨,東,2,2,5,6,4547,中 田 竜 太,49,150,6.84,6,0.22,,1-4-3,1730,4,1-4,790,2,1-3-4,320,1,1-4,430,2,,,,,,,
20250718,芦屋,12,ドリームレー,雨,東,2,2,6,2,3304,烏 野 賢 太,6,127,6.81,2,0.20,,1-4-3,1730,4,1-4,790,2,1-3-4,320,1,1-4,430,2,,,,,,,
