date,venue_name,race_no,race_type,weather,wind_dir,wind_ms,wave_cm,rank,waku,reg_no,name,motor_no,boat_no,exhibition_time,course_enter,st_timing,race_time,won3,won3_pay,won3_pop,won2,won2_pay,won2_pop,trio,trio_pay,trio_pop,pair,pair_pay,pair_pop
20250709,大村,1,一般,雨,北東,5,4,1,5,3784,中 島 友 和,40,75,6.89,5,0.10,1.51.0,5-6-1,37780,98,5-6,8530,24,1-5-6,5060,18,5-6,5380,15
20250709,大村,1,一般,雨,北東,5,4,2,6,4948,木 場 悠 介,67,13,6.90,6,0.07,1.52.4,5-6-1,37780,98,5-6,8530,24,1-5-6,5060,18,5-6,5380,15
20250709,大村,1,一般,雨,北東,5,4,3,1,3211,北 川 敏 弘,69,23,6.98,1,0.17,1.54.2,5-6-1,37780,98,5-6,8530,24,1-5-6,5060,18,5-6,5380,15
20250709,大村,1,一般,雨,北東,5,4,4,4,3527,中 嶋 誠一郎,39,18,6.93,4,0.09,1.55.4,5-6-1,37780,98,5-6,8530,24,1-5-6,5060,18,5-6,5380,15
20250709,大村,1,一般,雨,北東,5,4,5,3,4252,松 下 哲 也,57,62,6.87,3,0.21,,5-6-1,37780,98,5-6,8530,24,1-5-6,5060,18,5-6,5380,15
20250709,大村,1,一般,雨,北東,5,4,6,2,3224,栗 山 繁 洋,36,72,6.93,2,0.16,,5-6-1,37780,98,5-6,8530,24,1-5-6,5060,18,5-6,5380,15
20250709,大村,2,一般,雨,東,2,1,1,1,4498,宮 本 夏 樹,54,58,6.90,1,0.32,1.52.1,1-2-3,670,2,1-2,390,2,1-2-3,300,1,1-2,370,2
20250709,大村,2,一般,雨,東,2,1,2,2,4268,和 合 俊 介,53,68,6.92,2,0.24,1.53.3,1-2-3,670,2,1-2,390,2,1-2-3,300,1,1-2,370,2
20250709,大村,2,一般,雨,東,2,1,3,3,4835,橋 本 明,45,70,6.94,3,0.18,1.54.0,1-2-3,670,2,1-2,390,2,1-2-3,300,1,1-2,370,2
20250709,大村,2,一般,雨,東,2,1,4,5,4837,酒 井 陽 祐,41,60,6.96,5,0.13,1.54.1,1-2-3,670,2,1-2,390,2,1-2-3,300,1,1-2,370,2
20250709,大村,2,一般,雨,東,2,1,5,4,3998,冨 成 謙 児,51,11,6.98,4,0.13,,1-2-3,670,2,1-2,390,2,1-2-3,300,1,1-2,370,2
20250709,大村,2,一般,雨,東,2,1,6,6,3414,加 瀬 智 宏,56,34,6.96,6,0.10,,1-2-3,670,2,1-2,390,2,1-2-3,300,1,1-2,370,2
20250709,大村,3,一般,雨,北東,3,2,1,1,3843,上 之 晃 弘,62,65,6.96,1,0.06,1.51.0,1-5-4,1420,5,1-5,530,2,1-4-5,400,2,1-5,260,1
20250709,大村,3,一般,雨,北東,3,2,2,5,4644,山 田 亮 太,12,66,6.99,5,0.10,1.52.0,1-5-4,1420,5,1-5,530,2,1-4-5,400,2,1-5,260,1
20250709,大村,3,一般,雨,北東,3,2,3,4,4956,齊 藤 大 将,63,73,6.99,4,0.17,1.53.5,1-5-4,1420,5,1-5,530,2,1-4-5,400,2,1-5,260,1
20250709,大村,3,一般,雨,北東,3,2,4,2,5032,谷 口 知 優,44,63,6.92,2,0.11,1.54.8,1-5-4,1420,5,1-5,530,2,1-4-5,400,2,1-5,260,1
20250709,大村,3,一般,雨,北東,3,2,5,3,3748,小 黒 竜 吾,37,69,7.03,3,0.16,,1-5-4,1420,5,1-5,530,2,1-4-5,400,2,1-5,260,1
20250709,大村,3,一般,雨,北東,3,2,6,6,5407,中 岡 駿,68,22,7.02,6,0.19,,1-5-4,1420,5,1-5,530,2,1-4-5,400,2,1-5,260,1
20250709,大村,4,一般,雨,南東,1,1,1,1,4684,楠 原 翔 太,74,59,6.97,1,0.09,1.51.6,1-4-6,3190,12,1-4,390,1,1-4-6,1570,8,1-4,340,2
20250709,大村,4,一般,雨,南東,1,1,2,4,3777,樋 口 亮,52,77,7.02,4,0.17,1.52.8,1-4-6,3190,12,1-4,390,1,1-4-6,1570,8,1-4,340,2
20250709,大村,4,一般,雨,南東,1,1,3,6,5044,渡 邉 健,71,61,7.03,6,0.14,1.54.7,1-4-6,3190,12,1-4,390,1,1-4-6,1570,8,1-4,340,2
20250709,大村,4,一般,雨,南東,1,1,4,2,3381,滝 沢 芳 行,72,74,6.93,2,0.15,1.55.6,1-4-6,3190,12,1-4,390,1,1-4-6,1570,8,1-4,340,2
20250709,大村,4,一般,雨,南東,1,1,5,5,4822,百 武 翔,75,14,7.01,5,0.11,,1-4-6,3190,12,1-4,390,1,1-4-6,1570,8,1-4,340,2
20250709,大村,4,一般,雨,南東,1,1,6,3,4327,加 藤 翔,43,28,6.99,3,0.11,,1-4-6,3190,12,1-4,390,1,1-4-6,1570,8,1-4,340,2
20250709,大村,5,一般,雨,南,1,1,1,1,3853,岩 崎 正 哉,11,20,6.93,1,0.26,1.49.8,1-5-6,12960,32,1-5,3280,9,1-5-6,4330,11,1-5,3310,8
20250709,大村,5,一般,雨,南,1,1,2,5,5307,富 永 夏哉人,50,33,6.95,5,0.21,1.51.5,1-5-6,12960,32,1-5,3280,9,1-5-6,4330,11,1-5,3310,8
20250709,大村,5,一般,雨,南,1,1,3,6,4776,竹 田 和 哉,48,19,6.96,6,0.20,1.52.8,1-5-6,12960,32,1-5,3280,9,1-5-6,4330,11,1-5,3310,8
20250709,大村,5,一般,雨,南,1,1,4,2,4362,土 屋 智 則,15,25,6.94,2,0.16,1.54.1,1-5-6,12960,32,1-5,3280,9,1-5-6,4330,11,1-5,3310,8
20250709,大村,5,一般,雨,南,1,1,5,4,4872,山 下 流 心,61,67,7.00,4,0.17,,1-5-6,12960,32,1-5,3280,9,1-5-6,4330,11,1-5,3310,8
20250709,大村,5,一般,雨,南,1,1,6,3,4006,小 野 勇 作,16,16,7.03,3,0.28,,1-5-6,12960,32,1-5,3280,9,1-5-6,4330,11,1-5,3310,8
20250709,大村,6,一般,曇り,南,1,1,1,4,4252,松 下 哲 也,57,62,6.99,4,0.14,1.51.6,4-2-1,28080,29,4-2,11390,16,1-2-4,390,2,2-4,3270,6
20250709,大村,6,一般,曇り,南,1,1,2,2,4600,井 内 将太郎,66,29,7.05,2,0.17,1.52.5,4-2-1,28080,29,4-2,11390,16,1-2-4,390,2,2-4,3270,6
20250709,大村,6,一般,曇り,南,1,1,3,1,3995,重 野 哲 之,46,64,7.00,1,0.22,1.54.1,4-2-1,28080,29,4-2,11390,16,1-2-4,390,2,2-4,3270,6
20250709,大村,6,一般,曇り,南,1,1,4,6,5309,森 雄 利,70,71,6.98,6,0.21,1.55.6,4-2-1,28080,29,4-2,11390,16,1-2-4,390,2,2-4,3270,6
20250709,大村,6,一般,曇り,南,1,1,5,5,3294,野 中 義 生,64,15,7.04,5,0.10,,4-2-1,28080,29,4-2,11390,16,1-2-4,390,2,2-4,3270,6
20250709,大村,6,一般,曇り,南,1,1,6,3,3784,中 島 友 和,40,75,7.04,3,0.19,,4-2-1,28080,29,4-2,11390,16,1-2-4,390,2,2-4,3270,6
20250709,大村,7,一般 進入固定,曇り,南東,1,1,1,1,4148,枝 尾 賢,14,35,7.00,1,0.08,1.51.8,1-5-3,8720,22,1-5,1530,5,1-3-5,2850,13,1-5,2130,6
20250709,大村,7,一般 進入固定,曇り,南東,1,1,2,5,3224,栗 山 繁 洋,36,72,7.03,5,0.05,1.53.3,1-5-3,8720,22,1-5,1530,5,1-3-5,2850,13,1-5,2130,6
20250709,大村,7,一般 進入固定,曇り,南東,1,1,3,3,4666,日 笠 勝 弘,55,27,7.07,3,0.02,1.54.2,1-5-3,8720,22,1-5,1530,5,1-3-5,2850,13,1-5,2130,6
20250709,大村,7,一般 進入固定,曇り,南東,1,1,4,6,4839,四 宮 与 寛,58,31,7.03,6,0.09,1.54.3,1-5-3,8720,22,1-5,1530,5,1-3-5,2850,13,1-5,2130,6
20250709,大村,7,一般 進入固定,曇り,南東,1,1,5,4,4268,和 合 俊 介,53,68,7.02,4,0.06,,1-5-3,8720,22,1-5,1530,5,1-3-5,2850,13,1-5,2130,6
20250709,大村,7,一般 進入固定,曇り,南東,1,1,6,2,3998,冨 成 謙 児,51,11,7.07,2,0.09,,1-5-3,8720,22,1-5,1530,5,1-3-5,2850,13,1-5,2130,6
20250709,大村,8,一般,曇り,北東,2,1,1,4,4327,加 藤 翔,43,28,6.95,4,0.09,1.51.8,4-1-3,9480,27,4-1,2220,8,1-3-4,390,2,1-4,510,3
20250709,大村,8,一般,曇り,北東,2,1,2,1,4116,川 田 正 人,49,24,6.96,1,0.25,1.52.6,4-1-3,9480,27,4-1,2220,8,1-3-4,390,2,1-4,510,3
20250709,大村,8,一般,曇り,北東,2,1,3,3,4837,酒 井 陽 祐,41,60,7.03,3,0.11,1.53.9,4-1-3,9480,27,4-1,2220,8,1-3-4,390,2,1-4,510,3
20250709,大村,8,一般,曇り,北東,2,1,4,5,4956,齊 藤 大 将,63,73,7.03,5,0.08,1.55.4,4-1-3,9480,27,4-1,2220,8,1-3-4,390,2,1-4,510,3
20250709,大村,8,一般,曇り,北東,2,1,5,6,3211,北 川 敏 弘,69,23,7.03,6,0.07,,4-1-3,9480,27,4-1,2220,8,1-3-4,390,2,1-4,510,3
20250709,大村,8,一般,曇り,北東,2,1,6,2,3748,小 黒 竜 吾,37,69,7.05,2,0.23,,4-1-3,9480,27,4-1,2220,8,1-3-4,390,2,1-4,510,3
20250709,大村,9,一般特選,曇り,北東,1,1,1,3,3527,中 嶋 誠一郎,39,18,7.02,3,0.11,1.51.3,3-1-5,8050,28,3-1,1950,7,1-3-5,880,4,1-3,410,2
20250709,大村,9,一般特選,曇り,北東,1,1,2,1,4948,木 場 悠 介,67,13,6.99,1,0.11,1.51.7,3-1-5,8050,28,3-1,1950,7,1-3-5,880,4,1-3,410,2
20250709,大村,9,一般特選,曇り,北東,1,1,3,5,4835,橋 本 明,45,70,7.00,5,0.13,1.52.9,3-1-5,8050,28,3-1,1950,7,1-3-5,880,4,1-3,410,2
20250709,大村,9,一般特選,曇り,北東,1,1,4,2,4822,百 武 翔,75,14,7.03,2,0.14,1.53.8,3-1-5,8050,28,3-1,1950,7,1-3-5,880,4,1-3,410,2
20250709,大村,9,一般特選,曇り,北東,1,1,5,6,3843,上 之 晃 弘,62,65,7.02,6,0.11,,3-1-5,8050,28,3-1,1950,7,1-3-5,880,4,1-3,410,2
20250709,大村,9,一般特選,曇り,北東,1,1,6,4,5044,渡 邉 健,71,61,7.02,4,0.11,,3-1-5,8050,28,3-1,1950,7,1-3-5,880,4,1-3,410,2
20250709,大村,10,特別選抜戦Ｂ,曇り,北東,1,1,1,1,4776,竹 田 和 哉,48,19,6.96,1,0.12,1.50.3,1-3-5,1420,5,1-3,700,4,1-3-5,720,4,1-3,600,4
20250709,大村,10,特別選抜戦Ｂ,曇り,北東,1,1,2,3,5032,谷 口 知 優,44,63,6.96,3,0.16,1.51.5,1-3-5,1420,5,1-3,700,4,1-3-5,720,4,1-3,600,4
20250709,大村,10,特別選抜戦Ｂ,曇り,北東,1,1,3,5,4362,土 屋 智 則,15,25,6.92,5,0.12,1.52.9,1-3-5,1420,5,1-3,700,4,1-3-5,720,4,1-3,600,4
20250709,大村,10,特別選抜戦Ｂ,曇り,北東,1,1,4,2,4684,楠 原 翔 太,74,59,6.96,2,0.17,1.53.9,1-3-5,1420,5,1-3,700,4,1-3-5,720,4,1-3,600,4
20250709,大村,10,特別選抜戦Ｂ,曇り,北東,1,1,5,4,3995,重 野 哲 之,46,64,6.96,4,0.13,,1-3-5,1420,5,1-3,700,4,1-3-5,720,4,1-3,600,4
20250709,大村,10,特別選抜戦Ｂ,曇り,北東,1,1,6,6,4498,宮 本 夏 樹,54,58,6.95,6,0.16,,1-3-5,1420,5,1-3,700,4,1-3-5,720,4,1-3,600,4
20250709,大村,11,優勝戦,曇り,北東,1,1,1,1,3422,服 部 幸 男,47,78,6.96,1,0.11,1.50.3,1-3-4,1800,6,1-3,600,2,1-3-4,820,4,1-3,480,2
20250709,大村,11,優勝戦,曇り,北東,1,1,2,3,4757,山 田 祐 也,73,17,7.00,3,0.08,1.51.5,1-3-4,1800,6,1-3,600,2,1-3-4,820,4,1-3,480,2
20250709,大村,11,優勝戦,曇り,北東,1,1,3,4,4826,井 上 一 輝,13,21,6.94,4,0.08,1.52.6,1-3-4,1800,6,1-3,600,2,1-3-4,820,4,1-3,480,2
20250709,大村,11,優勝戦,曇り,北東,1,1,4,2,5068,前 田 滉,65,12,6.88,2,0.07,1.53.2,1-3-4,1800,6,1-3,600,2,1-3-4,820,4,1-3,480,2
20250709,大村,11,優勝戦,曇り,北東,1,1,5,5,4688,永 井 彪 也,59,30,6.98,5,0.13,,1-3-4,1800,6,1-3,600,2,1-3-4,820,4,1-3,480,2
20250709,大村,11,優勝戦,曇り,北東,1,1,6,6,4879,山 崎 鉄 平,60,32,6.98,6,0.27,,1-3-4,1800,6,1-3,600,2,1-3-4,820,4,1-3,480,2
20250709,唐津,12,特別選抜戦Ａ,曇り,南東,1,1,1,1,4644,山 田 亮 太,12,66,6.99,1,0.18,1.50.4,1-3-5,2020,6,1-3,530,2,1-3-5,880,4,1-3,390,2
20250709,唐津,12,特別選抜戦Ａ,曇り,南東,1,1,2,3,3777,樋 口 亮,52,77,7.05,3,0.22,1.52.2,1-3-5,2020,6,1-3,530,2,1-3-5,880,4,1-3,390,2
20250709,唐津,12,特別選抜戦Ａ,曇り,南東,1,1,3,5,4600,井 内 将太郎,66,29,6.96,5,0.23,1.53.5,1-3-5,2020,6,1-3,530,2,1-3-5,880,4,1-3,390,2
20250709,唐津,12,特別選抜戦Ａ,曇り,南東,1,1,4,6,4148,枝 尾 賢,14,35,7.02,6,0.30,1.54.6,1-3-5,2020,6,1-3,530,2,1-3-5,880,4,1-3,390,2
20250709,唐津,12,特別選抜戦Ａ,曇り,南東,1,1,5,4,3381,滝 沢 芳 行,72,74,6.95,4,0.19,,1-3-5,2020,6,1-3,530,2,1-3-5,880,4,1-3,390,2
20250709,唐津,12,特別選抜戦Ａ,曇り,南東,1,1,6,2,3853,岩 崎 正 哉,11,20,7.01,2,0.23,,1-3-5,2020,6,1-3,530,2,1-3-5,880,4,1-3,390,2
20250709,唐津,1,予選,晴,西,2,2,1,1,4738,清 埜 翔 子,28,15,6.76,1,0.15,1.50.2,1-3-5,780,3,1-3,570,4,1-3-5,240,1,1-3,530,3
20250709,唐津,1,予選,晴,西,2,2,2,3,3604,武 藤 綾 子,62,59,6.83,3,0.21,1.54.0,1-3-5,780,3,1-3,570,4,1-3-5,240,1,1-3,530,3
20250709,唐津,1,予選,晴,西,2,2,3,5,4501,樋 口 由加里,39,13,6.81,5,0.16,1.54.3,1-3-5,780,3,1-3,570,4,1-3-5,240,1,1-3,530,3
20250709,唐津,1,予選,晴,西,2,2,4,4,4940,白 石 有 美,25,39,6.82,4,0.16,1.55.8,1-3-5,780,3,1-3,570,4,1-3-5,240,1,1-3,530,3
20250709,唐津,1,予選,晴,西,2,2,5,6,5367,赤 松 咲 香,49,23,6.77,6,0.16,1.59.0,1-3-5,780,3,1-3,570,4,1-3-5,240,1,1-3,530,3
20250709,唐津,1,予選,晴,西,2,2,6,2,5254,羽 田 妃 希,60,1,6.78,2,0.19,1.59.0,1-3-5,780,3,1-3,570,4,1-3-5,240,1,1-3,530,3
20250709,唐津,2,予選,晴,北,1,1,1,2,4893,渡 邉 真奈美,17,41,6.78,2,0.14,1.50.5,2-4-6,5230,20,2-4,2620,13,2-4-6,1110,7,2-4,1590,10
20250709,唐津,2,予選,晴,北,1,1,2,4,4891,寺 島 美 里,48,27,6.81,4,0.18,1.51.9,2-4-6,5230,20,2-4,2620,13,2-4-6,1110,7,2-4,1590,10
20250709,唐津,2,予選,晴,北,1,1,3,6,4823,中 村 桃 佳,29,40,6.75,6,0.11,1.53.4,2-4-6,5230,20,2-4,2620,13,2-4-6,1110,7,2-4,1590,10
20250709,唐津,2,予選,晴,北,1,1,4,1,5113,黒 明 花 夢,16,10,6.78,1,0.18,1.54.7,2-4-6,5230,20,2-4,2620,13,2-4-6,1110,7,2-4,1590,10
20250709,唐津,2,予選,晴,北,1,1,5,3,5192,中 尾 優 香,67,51,6.83,3,0.15,1.56.3,2-4-6,5230,20,2-4,2620,13,2-4-6,1110,7,2-4,1590,10
20250709,唐津,2,予選,晴,北,1,1,6,5,4275,菅 野 はやか,41,26,6.78,5,0.31,1.58.1,2-4-6,5230,20,2-4,2620,13,2-4-6,1110,7,2-4,1590,10
20250709,唐津,3,予選,晴,北,2,2,1,1,5118,野 田 なづき,23,7,6.78,1,0.23,1.51.2,1-4-2,19030,38,1-4,4660,11,1-2-4,3740,8,1-4,2260,6
20250709,唐津,3,予選,晴,北,2,2,2,4,5370,日 隈 茜,53,48,6.94,5,0.09,1.54.3,1-4-2,19030,38,1-4,4660,11,1-2-4,3740,8,1-4,2260,6
20250709,唐津,3,予選,晴,北,2,2,3,2,4990,田 中 博 子,11,30,6.80,2,0.19,1.55.0,1-4-2,19030,38,1-4,4660,11,1-2-4,3740,8,1-4,2260,6
20250709,唐津,3,予選,晴,北,2,2,4,3,4947,間 庭 菜 摘,19,58,6.82,3,0.24,1.55.2,1-4-2,19030,38,1-4,4660,11,1-2-4,3740,8,1-4,2260,6
20250709,唐津,3,予選,晴,北,2,2,5,6,5387,戸 田 海咲音,14,32,6.81,6,0.19,1.57.2,1-4-2,19030,38,1-4,4660,11,1-2-4,3740,8,1-4,2260,6
20250709,唐津,3,予選,晴,北,2,2,6,5,5198,奥 村 明日香,34,22,6.88,4,0.23,1.57.5,1-4-2,19030,38,1-4,4660,11,1-2-4,3740,8,1-4,2260,6
20250709,唐津,4,予選,晴,北,4,4,1,5,4011,堀之内 紀代子,52,12,6.79,5,0.07,1.49.7,5-1-3,2360,9,5-1,920,4,1-3-5,260,2,1-5,210,1
20250709,唐津,4,予選,晴,北,4,4,2,1,4642,松 尾 夏 海,56,33,6.81,1,0.14,1.51.3,5-1-3,2360,9,5-1,920,4,1-3-5,260,2,1-5,210,1
20250709,唐津,4,予選,晴,北,4,4,3,3,4720,西 澤 日花里,69,4,6.86,3,0.20,1.54.2,5-1-3,2360,9,5-1,920,4,1-3-5,260,2,1-5,210,1
20250709,唐津,4,予選,晴,北,4,4,4,2,4680,後 藤 美 翼,55,45,6.83,2,0.22,1.55.6,5-1-3,2360,9,5-1,920,4,1-3-5,260,2,1-5,210,1
20250709,唐津,4,予選,晴,北,4,4,5,6,5389,恵 良 琴 美,46,9,6.81,6,0.08,1.57.1,5-1-3,2360,9,5-1,920,4,1-3-5,260,2,1-5,210,1
20250709,唐津,4,予選,晴,北,4,4,6,4,4283,石 井 裕 美,58,43,6.92,4,0.14,1.58.1,5-1-3,2360,9,5-1,920,4,1-3-5,260,2,1-5,210,1
20250709,唐津,5,予選特賞,晴,北,4,4,1,1,4938,小 芦 るり華,70,57,6.83,1,0.17,1.50.4,1-3-4,1550,6,1-3,530,3,1-3-4,530,3,1-3,690,3
20250709,唐津,5,予選特賞,晴,北,4,4,2,3,5155,内 山 七 海,50,18,6.87,3,0.14,1.51.9,1-3-4,1550,6,1-3,530,3,1-3-4,530,3,1-3,690,3
20250709,唐津,5,予選特賞,晴,北,4,4,3,4,4791,黒 澤 めぐみ,24,24,6.85,4,0.14,1.53.3,1-3-4,1550,6,1-3,530,3,1-3-4,530,3,1-3,690,3
20250709,唐津,5,予選特賞,晴,北,4,4,4,2,4733,赤 井 睦,51,28,6.82,2,0.25,1.54.7,1-3-4,1550,6,1-3,530,3,1-3-4,530,3,1-3,690,3
20250709,唐津,5,予選特賞,晴,北,4,4,5,6,4924,中 北 涼,43,37,6.95,5,0.12,1.56.6,1-3-4,1550,6,1-3,530,3,1-3-4,530,3,1-3,690,3
20250709,唐津,5,予選特賞,晴,北,4,4,6,5,5367,赤 松 咲 香,49,23,6.84,6,0.13,1.57.9,1-3-4,1550,6,1-3,530,3,1-3-4,530,3,1-3,690,3
20250709,唐津,6,予選,晴,北,4,4,1,4,5019,柴 田 百 恵,42,34,6.86,4,0.09,1.51.1,4-1-2,12330,35,4-1,2620,10,1-2-4,1260,4,1-4,760,4
20250709,唐津,6,予選,晴,北,4,4,2,1,4893,渡 邉 真奈美,17,41,6.84,1,0.08,1.52.2,4-1-2,12330,35,4-1,2620,10,1-2-4,1260,4,1-4,760,4
20250709,唐津,6,予選,晴,北,4,4,3,2,4819,蜂 須 瑞 生,30,25,6.96,2,0.26,1.53.4,4-1-2,12330,35,4-1,2620,10,1-2-4,1260,4,1-4,760,4
20250709,唐津,6,予選,晴,北,4,4,4,3,3435,寺 田 千 恵,12,50,6.94,3,0.14,1.55.2,4-1-2,12330,35,4-1,2620,10,1-2-4,1260,4,1-4,760,4
20250709,唐津,6,予選,晴,北,4,4,5,5,3604,武 藤 綾 子,62,59,6.93,5,0.16,1.56.6,4-1-2,12330,35,4-1,2620,10,1-2-4,1260,4,1-4,760,4
20250709,唐津,6,予選,晴,北,4,4,6,6,4882,瀧 川 千 依,20,42,6.91,6,0.01,1.58.2,4-1-2,12330,35,4-1,2620,10,1-2-4,1260,4,1-4,760,4
20250709,唐津,7,予選,晴,北,4,4,1,2,5305,伊 藤 栞,18,11,6.96,2,0.11,1.51.0,2-5-1,21670,73,2-5,5080,20,1-2-5,2000,11,2-5,2410,12
20250709,唐津,7,予選,晴,北,4,4,2,5,4738,清 埜 翔 子,28,15,6.90,5,0.18,1.53.4,2-5-1,21670,73,2-5,5080,20,1-2-5,2000,11,2-5,2410,12
20250709,唐津,7,予選,晴,北,4,4,3,1,4990,田 中 博 子,11,30,6.88,1,0.18,1.54.2,2-5-1,21670,73,2-5,5080,20,1-2-5,2000,11,2-5,2410,12
20250709,唐津,7,予選,晴,北,4,4,4,4,4275,菅 野 はやか,41,26,6.93,4,0.13,1.55.8,2-5-1,21670,73,2-5,5080,20,1-2-5,2000,11,2-5,2410,12
20250709,唐津,7,予選,晴,北,4,4,5,6,5148,松 本 怜,27,14,6.86,6,0.18,1.55.8,2-5-1,21670,73,2-5,5080,20,1-2-5,2000,11,2-5,2410,12
20250709,唐津,7,予選,晴,北,4,4,6,3,5182,宮 崎 安 奈,68,38,6.93,3,0.09,1.59.0,2-5-1,21670,73,2-5,5080,20,1-2-5,2000,11,2-5,2410,12
20250709,唐津,8,予選,晴,北,4,4,1,3,5069,山 崎 小葉音,22,36,6.85,3,0.09,1.50.9,3-2-1,4830,20,3-2,820,4,1-2-3,880,4,2-3,450,2
20250709,唐津,8,予選,晴,北,4,4,2,2,5118,野 田 なづき,23,7,6.88,2,0.15,1.52.5,3-2-1,4830,20,3-2,820,4,1-2-3,880,4,2-3,450,2
20250709,唐津,8,予選,晴,北,4,4,3,1,5254,羽 田 妃 希,60,1,6.89,1,0.14,1.54.9,3-2-1,4830,20,3-2,820,4,1-2-3,880,4,2-3,450,2
20250709,唐津,8,予選,晴,北,4,4,4,4,3232,山 川 美由紀,63,17,6.98,4,0.17,1.56.0,3-2-1,4830,20,3-2,820,4,1-2-3,880,4,2-3,450,2
20250709,唐津,8,予選,晴,北,4,4,5,5,5192,中 尾 優 香,67,51,6.96,5,0.16,1.57.3,3-2-1,4830,20,3-2,820,4,1-2-3,880,4,2-3,450,2
20250709,唐津,8,予選,晴,北,4,4,6,6,4720,西 澤 日花里,69,4,6.95,6,0.26,2.00.2,3-2-1,4830,20,3-2,820,4,1-2-3,880,4,2-3,450,2
20250709,唐津,9,予選,晴,北,4,4,1,2,4823,中 村 桃 佳,29,40,6.85,2,0.09,1.50.9,2-4-6,2290,7,2-4,450,1,2-4-6,800,3,2-4,390,2
20250709,唐津,9,予選,晴,北,4,4,2,4,4373,若 狭 奈美子,40,52,6.83,4,0.09,1.51.7,2-4-6,2290,7,2-4,450,1,2-4-6,800,3,2-4,390,2
20250709,唐津,9,予選,晴,北,4,4,3,6,5155,内 山 七 海,50,18,6.84,6,0.17,1.53.2,2-4-6,2290,7,2-4,450,1,2-4-6,800,3,2-4,390,2
20250709,唐津,9,予選,晴,北,4,4,4,3,4071,古 賀 千 晶,61,49,6.84,3,0.11,1.54.4,2-4-6,2290,7,2-4,450,1,2-4-6,800,3,2-4,390,2
20250709,唐津,9,予選,晴,北,4,4,5,1,4940,白 石 有 美,25,39,6.90,1,0.11,1.56.9,2-4-6,2290,7,2-4,450,1,2-4-6,800,3,2-4,390,2
20250709,唐津,9,予選,晴,北,4,4,6,5,5370,日 隈 茜,53,48,6.87,5,0.15,1.59.1,2-4-6,2290,7,2-4,450,1,2-4-6,800,3,2-4,390,2
20250709,唐津,10,予選特賞,晴,北,4,4,1,1,4501,樋 口 由加里,39,13,6.89,1,0.08,1.51.4,1-2-3,1010,3,1-2,250,1,1-2-3,450,2,1-2,170,1
20250709,唐津,10,予選特賞,晴,北,4,4,2,2,4746,大豆生田 蒼,64,31,6.90,2,0.15,1.52.4,1-2-3,1010,3,1-2,250,1,1-2-3,450,2,1-2,170,1
20250709,唐津,10,予選特賞,晴,北,4,4,3,3,4882,瀧 川 千 依,20,42,6.88,3,0.17,1.54.2,1-2-3,1010,3,1-2,250,1,1-2-3,450,2,1-2,170,1
20250709,唐津,10,予選特賞,晴,北,4,4,4,6,4947,間 庭 菜 摘,19,58,6.91,6,0.16,1.55.6,1-2-3,1010,3,1-2,250,1,1-2-3,450,2,1-2,170,1
20250709,唐津,10,予選特賞,晴,北,4,4,5,5,4642,松 尾 夏 海,56,33,6.85,5,0.18,1.57.3,1-2-3,1010,3,1-2,250,1,1-2-3,450,2,1-2,170,1
20250709,唐津,10,予選特賞,晴,北,4,4,6,4,5113,黒 明 花 夢,16,10,6.91,4,0.23,2.01.0,1-2-3,1010,3,1-2,250,1,1-2-3,450,2,1-2,170,1
20250709,唐津,11,宝当特選,晴,北,4,4,1,1,4791,黒 澤 めぐみ,24,24,6.90,1,0.13,1.50.4,1-3-4,750,1,1-3,340,1,1-3-4,210,1,1-3,190,1
20250709,唐津,11,宝当特選,晴,北,4,4,2,3,5019,柴 田 百 恵,42,34,6.84,3,0.21,1.52.9,1-3-4,750,1,1-3,340,1,1-3-4,210,1,1-3,190,1
20250709,唐津,11,宝当特選,晴,北,4,4,3,4,5188,武 井 莉里佳,57,16,6.90,4,0.24,1.54.3,1-3-4,750,1,1-3,340,1,1-3-4,210,1,1-3,190,1
20250709,唐津,11,宝当特選,晴,北,4,4,4,6,4283,石 井 裕 美,58,43,6.93,6,0.15,1.55.1,1-3-4,750,1,1-3,340,1,1-3-4,210,1,1-3,190,1
20250709,唐津,11,宝当特選,晴,北,4,4,5,2,4891,寺 島 美 里,48,27,6.87,2,0.17,1.55.6,1-3-4,750,1,1-3,340,1,1-3-4,210,1,1-3,190,1
20250709,唐津,11,宝当特選,晴,北,4,4,6,5,5148,松 本 怜,27,14,6.89,5,0.35,1.56.2,1-3-4,750,1,1-3,340,1,1-3-4,210,1,1-3,190,1
20250709,若松,12,からっキー選,晴,北,5,5,1,1,3435,寺 田 千 恵,12,50,6.90,1,0.07,1.50.2,1-6-2,1600,4,1-6,700,2,1-2-6,470,1,1-6,450,2
20250709,若松,12,からっキー選,晴,北,5,5,2,6,4011,堀之内 紀代子,52,12,6.81,6,0.01,1.51.9,1-6-2,1600,4,1-6,700,2,1-2-6,470,1,1-6,450,2
20250709,若松,12,からっキー選,晴,北,5,5,3,2,5069,山 崎 小葉音,22,36,6.86,2,0.03,1.54.1,1-6-2,1600,4,1-6,700,2,1-2-6,470,1,1-6,450,2
20250709,若松,12,からっキー選,晴,北,5,5,4,5,4733,赤 井 睦,51,28,6.80,5,0.04,1.54.4,1-6-2,1600,4,1-6,700,2,1-2-6,470,1,1-6,450,2
20250709,若松,12,からっキー選,晴,北,5,5,5,3,5198,奥 村 明日香,34,22,6.93,3,0.07,1.56.6,1-6-2,1600,4,1-6,700,2,1-2-6,470,1,1-6,450,2
20250709,若松,12,からっキー選,晴,北,5,5,6,4,5182,宮 崎 安 奈,68,38,6.87,4,0.07,1.58.1,1-6-2,1600,4,1-6,700,2,1-2-6,470,1,1-6,450,2
20250709,若松,1,予選,晴,東,3,3,1,3,4495,森 晋太郎,52,11,6.95,3,0.20,1.53.2,3-1-2,3630,14,3-1,700,2,1-2-3,560,2,1-3,250,1
20250709,若松,1,予選,晴,東,3,3,2,1,3273,石 田 豪,59,67,6.99,1,0.19,1.54.3,3-1-2,3630,14,3-1,700,2,1-2-3,560,2,1-3,250,1
20250709,若松,1,予選,晴,東,3,3,3,2,3463,乙 津 康 志,50,23,7.02,2,0.18,1.55.5,3-1-2,3630,14,3-1,700,2,1-2-3,560,2,1-3,250,1
20250709,若松,1,予選,晴,東,3,3,4,6,3434,松 尾 宣 邦,11,66,6.97,6,0.12,1.56.2,3-1-2,3630,14,3-1,700,2,1-2-3,560,2,1-3,250,1
20250709,若松,1,予選,晴,東,3,3,5,4,3430,角 浜 修,2,37,6.94,4,0.14,,3-1-2,3630,14,3-1,700,2,1-2-3,560,2,1-3,250,1
20250709,若松,1,予選,晴,東,3,3,6,5,3804,中 渡 修 作,31,54,6.96,5,0.12,,3-1-2,3630,14,3-1,700,2,1-2-3,560,2,1-3,250,1
20250709,若松,2,予選,晴,東,3,3,1,3,4124,池 田 雄 一,12,39,6.84,3,0.19,1.52.5,3-1-6,1080,2,3-1,430,1,1-3-6,420,2,1-3,200,1
20250709,若松,2,予選,晴,東,3,3,2,1,3911,鈴 木 猛,39,34,6.94,1,0.21,1.54.3,3-1-6,1080,2,3-1,430,1,1-3-6,420,2,1-3,200,1
20250709,若松,2,予選,晴,東,3,3,3,6,4092,岡 部 大 輔,33,58,6.97,6,0.16,1.55.2,3-1-6,1080,2,3-1,430,1,1-3-6,420,2,1-3,200,1
20250709,若松,2,予選,晴,東,3,3,4,2,3454,井 川 大 作,46,33,6.99,2,0.26,1.56.4,3-1-6,1080,2,3-1,430,1,1-3-6,420,2,1-3,200,1
20250709,若松,2,予選,晴,東,3,3,5,5,3866,木 山 誠 一,35,61,7.02,5,0.10,,3-1-6,1080,2,3-1,430,1,1-3-6,420,2,1-3,200,1
20250709,若松,2,予選,晴,東,3,3,6,4,3718,伊 達 正 利,60,29,7.04,4,0.14,,3-1-6,1080,2,3-1,430,1,1-3-6,420,2,1-3,200,1
20250709,若松,3,予選,晴,東,4,4,1,4,4958,溝 口 海義也,54,45,6.94,4,0.05,1.54.3,4-2-6,8850,32,4-2,2700,10,2-4-6,2420,8,2-4,1120,5
20250709,若松,3,予選,晴,東,4,4,2,2,4978,山 田 和 佐,22,59,7.00,2,0.07,1.54.9,4-2-6,8850,32,4-2,2700,10,2-4-6,2420,8,2-4,1120,5
20250709,若松,3,予選,晴,東,4,4,3,6,3286,坂 東 満,6,56,6.96,6,0.13,1.56.0,4-2-6,8850,32,4-2,2700,10,2-4-6,2420,8,2-4,1120,5
20250709,若松,3,予選,晴,東,4,4,4,3,3442,宮 武 英 司,36,16,6.96,3,0.08,1.57.6,4-2-6,8850,32,4-2,2700,10,2-4-6,2420,8,2-4,1120,5
20250709,若松,3,予選,晴,東,4,4,5,1,4111,奥 田 誠,62,75,6.99,1,0.12,,4-2-6,8850,32,4-2,2700,10,2-4-6,2420,8,2-4,1120,5
20250709,若松,3,予選,晴,東,4,4,6,5,4010,越 智 照 浩,56,21,7.02,5,0.07,,4-2-6,8850,32,4-2,2700,10,2-4-6,2420,8,2-4,1120,5
20250709,若松,4,予選,晴,東,5,5,1,1,4022,待 鳥 雄 紀,42,70,6.96,1,0.05,1.52.8,1-2-4,580,1,1-2,290,1,1-2-4,250,1,1-2,240,2
20250709,若松,4,予選,晴,東,5,5,2,2,4083,福 島 勇 樹,19,69,7.03,2,0.13,1.54.1,1-2-4,580,1,1-2,290,1,1-2-4,250,1,1-2,240,2
20250709,若松,4,予選,晴,東,5,5,3,4,3826,村 田 修 次,28,25,6.97,4,0.12,1.55.3,1-2-4,580,1,1-2,290,1,1-2-4,250,1,1-2,240,2
20250709,若松,4,予選,晴,東,5,5,4,3,3305,小 野 信 樹,17,12,7.00,3,0.14,1.56.5,1-2-4,580,1,1-2,290,1,1-2-4,250,1,1-2,240,2
20250709,若松,4,予選,晴,東,5,5,5,5,3615,横 田 茂,24,17,6.96,5,0.10,,1-2-4,580,1,1-2,290,1,1-2-4,250,1,1-2,240,2
20250709,若松,4,予選,晴,東,5,5,6,6,5372,上 岡 巧 汰,15,57,6.90,6,0.04,,1-2-4,580,1,1-2,290,1,1-2-4,250,1,1-2,240,2
20250709,若松,5,進入固定戦隊 進入固定,晴,東,5,5,1,1,4650,中 山 雄 太,34,31,6.94,1,0.12,1.52.1,1-3-4,2750,10,1-3,1040,4,1-3-4,720,4,1-3,770,3
20250709,若松,5,進入固定戦隊 進入固定,晴,東,5,5,2,3,3273,石 田 豪,59,67,7.06,3,0.15,1.53.6,1-3-4,2750,10,1-3,1040,4,1-3-4,720,4,1-3,770,3
20250709,若松,5,進入固定戦隊 進入固定,晴,東,5,5,3,4,4679,植 田 太 一,30,43,6.93,4,0.16,1.55.5,1-3-4,2750,10,1-3,1040,4,1-3-4,720,4,1-3,770,3
20250709,若松,5,進入固定戦隊 進入固定,晴,東,5,5,4,2,4293,鈴 木 智 啓,38,51,7.10,2,0.14,1.56.9,1-3-4,2750,10,1-3,1040,4,1-3-4,720,4,1-3,770,3
20250709,若松,5,進入固定戦隊 進入固定,晴,東,5,5,5,6,5303,土 井 歩 夢,13,46,7.03,6,0.12,,1-3-4,2750,10,1-3,1040,4,1-3-4,720,4,1-3,770,3
20250709,若松,5,進入固定戦隊 進入固定,晴,東,5,5,6,5,3832,下 田 哲 也,20,63,7.03,5,0.15,,1-3-4,2750,10,1-3,1040,4,1-3-4,720,4,1-3,770,3
20250709,若松,6,予選,晴,東,6,6,1,1,3340,池 田 雷 太,61,64,7.00,1,0.17,1.53.1,1-4-3,7320,22,1-4,610,3,1-3-4,1680,6,1-4,260,1
20250709,若松,6,予選,晴,東,6,6,2,4,4296,岡 崎 恭 裕,18,30,6.95,4,0.08,1.54.6,1-4-3,7320,22,1-4,610,3,1-3-4,1680,6,1-4,260,1
20250709,若松,6,予選,晴,東,6,6,3,3,3855,大 熊 辰 弥,8,18,7.02,3,0.09,1.55.0,1-4-3,7320,22,1-4,610,3,1-3-4,1680,6,1-4,260,1
20250709,若松,6,予選,晴,東,6,6,4,6,3471,赤 峰 和 也,58,49,7.02,6,0.17,1.56.6,1-4-3,7320,22,1-4,610,3,1-3-4,1680,6,1-4,260,1
20250709,若松,6,予選,晴,東,6,6,5,2,3434,松 尾 宣 邦,11,66,6.97,2,0.12,,1-4-3,7320,22,1-4,610,3,1-3-4,1680,6,1-4,260,1
20250709,若松,6,予選,晴,東,6,6,6,5,3717,立 間 充 宏,55,40,7.07,5,0.12,,1-4-3,7320,22,1-4,610,3,1-3-4,1680,6,1-4,260,1
20250709,若松,7,予選特賞,晴,東,4,4,1,6,4734,安河内 将,37,44,7.00,5,0.02,1.51.3,6-2-1,1760,6,6-2,1150,6,1-2-6,160,1,2-6,680,3
20250709,若松,7,予選特賞,晴,東,4,4,2,2,4079,出 畑 孝 典,21,36,7.01,2,0.15,1.53.1,6-2-1,1760,6,6-2,1150,6,1-2-6,160,1,2-6,680,3
20250709,若松,7,予選特賞,晴,東,4,4,3,1,4960,黒 野 元 基,9,74,7.08,1,0.17,1.53.8,6-2-1,1760,6,6-2,1150,6,1-2-6,160,1,2-6,680,3
20250709,若松,7,予選特賞,晴,東,4,4,4,3,3804,中 渡 修 作,31,54,7.07,3,0.11,1.55.7,6-2-1,1760,6,6-2,1150,6,1-2-6,160,1,2-6,680,3
20250709,若松,7,予選特賞,晴,東,4,4,5,5,3461,渡 邊 哲 也,25,22,7.11,6,0.11,,6-2-1,1760,6,6-2,1150,6,1-2-6,160,1,2-6,680,3
20250709,若松,7,予選特賞,晴,東,4,4,6,4,4111,奥 田 誠,62,75,7.14,4,0.16,,6-2-1,1760,6,6-2,1150,6,1-2-6,160,1,2-6,680,3
20250709,若松,8,エイトビート,晴,東,4,4,1,1,3849,中 岡 正 彦,14,71,6.87,1,0.12,1.51.6,1-3-2,440,2,1-3,250,2,1-2-3,170,1,1-3,170,1
20250709,若松,8,エイトビート,晴,東,4,4,2,3,3300,川 崎 智 幸,47,41,7.05,3,0.12,1.52.8,1-3-2,440,2,1-3,250,2,1-2-3,170,1,1-3,170,1
20250709,若松,8,エイトビート,晴,東,4,4,3,2,4363,大 野 芳 顕,53,68,6.96,2,0.11,1.54.9,1-3-2,440,2,1-3,250,2,1-2-3,170,1,1-3,170,1
20250709,若松,8,エイトビート,晴,東,4,4,4,4,3911,鈴 木 猛,39,34,7.01,4,0.15,1.55.4,1-3-2,440,2,1-3,250,2,1-2-3,170,1,1-3,170,1
20250709,若松,8,エイトビート,晴,東,4,4,5,5,4978,山 田 和 佐,22,59,7.01,5,0.14,,1-3-2,440,2,1-3,250,2,1-2-3,170,1,1-3,170,1
20250709,若松,8,エイトビート,晴,東,4,4,6,6,5372,上 岡 巧 汰,15,57,6.93,6,0.13,,1-3-2,440,2,1-3,250,2,1-2-3,170,1,1-3,170,1
20250709,若松,9,予選,晴,東,3,3,1,1,4293,鈴 木 智 啓,38,51,7.00,1,0.17,1.51.9,1-3-2,1240,5,1-3,850,3,1-2-3,240,1,1-3,600,2
20250709,若松,9,予選,晴,東,3,3,2,3,3454,井 川 大 作,46,33,7.00,3,0.21,1.52.6,1-3-2,1240,5,1-3,850,3,1-2-3,240,1,1-3,600,2
20250709,若松,9,予選,晴,東,3,3,3,2,4042,丸 岡 正 典,7,24,6.91,2,0.18,1.53.8,1-3-2,1240,5,1-3,850,3,1-2-3,240,1,1-3,600,2
20250709,若松,9,予選,晴,東,3,3,4,6,3951,石 川 吉 鎬,43,48,7.00,6,0.21,1.55.3,1-3-2,1240,5,1-3,850,3,1-2-3,240,1,1-3,600,2
20250709,若松,9,予選,晴,東,3,3,5,4,4010,越 智 照 浩,56,21,6.98,4,0.28,,1-3-2,1240,5,1-3,850,3,1-2-3,240,1,1-3,600,2
20250709,若松,9,予選,晴,東,3,3,6,5,3305,小 野 信 樹,17,12,6.98,5,0.20,,1-3-2,1240,5,1-3,850,3,1-2-3,240,1,1-3,600,2
20250709,若松,10,予選特賞,晴,東,5,5,1,3,4650,中 山 雄 太,34,31,6.89,3,0.13,1.52.1,3-4-5,6970,20,3-4,2170,6,3-4-5,4600,10,3-4,1420,5
20250709,若松,10,予選特賞,晴,東,5,5,2,4,4092,岡 部 大 輔,33,58,6.96,4,0.18,1.55.2,3-4-5,6970,20,3-4,2170,6,3-4-5,4600,10,3-4,1420,5
20250709,若松,10,予選特賞,晴,東,5,5,3,5,3442,宮 武 英 司,36,16,6.98,6,0.19,1.55.7,3-4-5,6970,20,3-4,2170,6,3-4-5,4600,10,3-4,1420,5
20250709,若松,10,予選特賞,晴,東,5,5,4,1,4296,岡 崎 恭 裕,18,30,6.92,1,0.07,1.56.5,3-4-5,6970,20,3-4,2170,6,3-4-5,4600,10,3-4,1420,5
20250709,若松,10,予選特賞,晴,東,5,5,5,6,4083,福 島 勇 樹,19,69,7.07,5,0.18,,3-4-5,6970,20,3-4,2170,6,3-4-5,4600,10,3-4,1420,5
20250709,若松,10,予選特賞,晴,東,5,5,6,2,4495,森 晋太郎,52,11,6.98,2,0.14,,3-4-5,6970,20,3-4,2170,6,3-4-5,4600,10,3-4,1420,5
20250709,若松,11,一般特選,晴,東,4,4,1,3,4079,出 畑 孝 典,21,36,6.93,3,0.19,1.52.8,3-5-2,10560,28,3-5,3600,9,2-3-5,2440,6,3-5,840,3
20250709,若松,11,一般特選,晴,東,4,4,2,5,4679,植 田 太 一,30,43,6.87,5,0.22,1.53.7,3-5-2,10560,28,3-5,3600,9,2-3-5,2440,6,3-5,840,3
20250709,若松,11,一般特選,晴,東,4,4,3,2,3615,横 田 茂,24,17,6.95,2,0.21,1.55.8,3-5-2,10560,28,3-5,3600,9,2-3-5,2440,6,3-5,840,3
20250709,若松,11,一般特選,晴,東,4,4,4,4,3855,大 熊 辰 弥,8,18,7.04,4,0.23,1.56.5,3-5-2,10560,28,3-5,3600,9,2-3-5,2440,6,3-5,840,3
20250709,若松,11,一般特選,晴,東,4,4,5,1,4958,溝 口 海義也,54,45,6.97,1,0.19,,3-5-2,10560,28,3-5,3600,9,2-3-5,2440,6,3-5,840,3
20250709,若松,11,一般特選,晴,東,4,4,6,6,3718,伊 達 正 利,60,29,7.02,6,0.25,,3-5-2,10560,28,3-5,3600,9,2-3-5,2440,6,3-5,840,3
20250709,宮島,12,一般特選,晴,東,5,5,1,1,4124,池 田 雄 一,12,39,6.88,1,0.12,1.52.4,1-3-5,600,1,1-3,220,1,1-3-5,360,1,1-3,150,1
20250709,宮島,12,一般特選,晴,東,5,5,2,3,4363,大 野 芳 顕,53,68,6.99,3,0.13,1.53.3,1-3-5,600,1,1-3,220,1,1-3-5,360,1,1-3,150,1
20250709,宮島,12,一般特選,晴,東,5,5,3,5,3826,村 田 修 次,28,25,7.03,5,0.19,1.54.0,1-3-5,600,1,1-3,220,1,1-3-5,360,1,1-3,150,1
20250709,宮島,12,一般特選,晴,東,5,5,4,4,3717,立 間 充 宏,55,40,7.01,4,0.21,1.55.2,1-3-5,600,1,1-3,220,1,1-3-5,360,1,1-3,150,1
20250709,宮島,12,一般特選,晴,東,5,5,5,2,3286,坂 東 満,6,56,6.99,2,0.14,,1-3-5,600,1,1-3,220,1,1-3-5,360,1,1-3,150,1
20250709,宮島,12,一般特選,晴,東,5,5,6,6,3430,角 浜 修,2,37,7.05,6,0.22,,1-3-5,600,1,1-3,220,1,1-3-5,360,1,1-3,150,1
20250709,宮島,1,ファーストＢ,晴,東,1,1,1,3,4007,榮 田 将 彦,19,13,6.79,3,0.12,1.51.3,3-1-2,2270,8,3-1,1060,4,1-2-3,230,1,1-3,260,2
20250709,宮島,1,ファーストＢ,晴,東,1,1,2,1,4529,嶋 義 信,78,38,6.78,1,0.10,1.52.7,3-1-2,2270,8,3-1,1060,4,1-2-3,230,1,1-3,260,2
20250709,宮島,1,ファーストＢ,晴,東,1,1,3,2,3955,眞 田 英 二,36,77,6.86,2,0.09,1.54.4,3-1-2,2270,8,3-1,1060,4,1-2-3,230,1,1-3,260,2
20250709,宮島,1,ファーストＢ,晴,東,1,1,4,4,5154,村 松 栄 太,15,29,6.82,4,0.12,1.55.2,3-1-2,2270,8,3-1,1060,4,1-2-3,230,1,1-3,260,2
20250709,宮島,1,ファーストＢ,晴,東,1,1,5,5,3928,林 恵 祐,25,35,6.88,5,0.02,2.00.4,3-1-2,2270,8,3-1,1060,4,1-2-3,230,1,1-3,260,2
20250709,宮島,2,一般戦,晴,東,1,1,1,4,4264,長 尾 章 平,13,61,6.82,4,0.12,1.51.3,4-3-1,3870,13,4-3,660,1,1-3-4,560,3,3-4,240,1
20250709,宮島,2,一般戦,晴,東,1,1,2,3,3265,今 村 暢 孝,29,55,6.82,2,0.18,1.52.7,4-3-1,3870,13,4-3,660,1,1-3-4,560,3,3-4,240,1
20250709,宮島,2,一般戦,晴,東,1,1,3,1,4164,岩 永 節 也,79,82,6.75,1,0.16,1.54.4,4-3-1,3870,13,4-3,660,1,1-3-4,560,3,3-4,240,1
20250709,宮島,2,一般戦,晴,東,1,1,4,5,5134,大 原 祥 昌,54,27,6.83,5,0.10,1.55.4,4-3-1,3870,13,4-3,660,1,1-3-4,560,3,3-4,240,1
20250709,宮島,2,一般戦,晴,東,1,1,5,2,4062,後 藤 陽 介,71,69,6.81,3,0.22,1.56.7,4-3-1,3870,13,4-3,660,1,1-3-4,560,3,3-4,240,1
20250709,宮島,2,一般戦,晴,東,1,1,6,6,4180,上 野 秀 和,55,57,6.84,6,0.15,1.58.2,4-3-1,3870,13,4-3,660,1,1-3-4,560,3,3-4,240,1
20250709,宮島,3,一般戦,晴,東,2,2,1,1,5064,品 川 二千翔,14,75,6.80,1,0.07,1.51.0,1-3-5,2830,12,1-3,310,1,1-3-5,1860,7,1-3,290,1
20250709,宮島,3,一般戦,晴,東,2,2,2,3,5132,中 野 希 一,16,12,6.85,3,0.05,1.52.2,1-3-5,2830,12,1-3,310,1,1-3-5,1860,7,1-3,290,1
20250709,宮島,3,一般戦,晴,東,2,2,3,5,3950,石 川 哲 秀,68,67,6.82,5,0.05,1.54.4,1-3-5,2830,12,1-3,310,1,1-3-5,1860,7,1-3,290,1
20250709,宮島,3,一般戦,晴,東,2,2,4,6,4811,向井田 佑 紀,12,14,6.81,6,0.08,1.55.9,1-3-5,2830,12,1-3,310,1,1-3-5,1860,7,1-3,290,1
20250709,宮島,3,一般戦,晴,東,2,2,5,4,4703,森 永 隆,75,24,6.82,4,0.04,1.59.9,1-3-5,2830,12,1-3,310,1,1-3-5,1860,7,1-3,290,1
20250709,宮島,3,一般戦,晴,東,2,2,6,2,3834,細 川 明 人,30,32,6.90,2,0.19,2.02.3,1-3-5,2830,12,1-3,310,1,1-3-5,1860,7,1-3,290,1
20250709,宮島,4,一般戦,晴,南,1,1,1,1,5278,田 中 駿 兵,57,17,6.83,1,0.19,1.51.2,1-3-5,1120,3,1-3,600,3,1-3-5,400,2,1-3,910,3
20250709,宮島,4,一般戦,晴,南,1,1,2,3,3787,天 野 誠,27,28,6.79,3,0.18,1.52.8,1-3-5,1120,3,1-3,600,3,1-3-5,400,2,1-3,910,3
20250709,宮島,4,一般戦,晴,南,1,1,3,5,4445,宮 地 元 輝,69,70,6.77,5,0.19,1.54.3,1-3-5,1120,3,1-3,600,3,1-3-5,400,2,1-3,910,3
20250709,宮島,4,一般戦,晴,南,1,1,4,2,3176,長谷川 巌,33,53,6.87,2,0.22,1.55.8,1-3-5,1120,3,1-3,600,3,1-3-5,400,2,1-3,910,3
20250709,宮島,4,一般戦,晴,南,1,1,5,6,4204,柴 田 大 輔,20,54,6.72,6,0.28,1.56.3,1-3-5,1120,3,1-3,600,3,1-3-5,400,2,1-3,910,3
20250709,宮島,4,一般戦,晴,南,1,1,6,4,4260,中 越 博 紀,52,23,6.86,4,0.24,1.59.5,1-3-5,1120,3,1-3,600,3,1-3-5,400,2,1-3,910,3
20250709,宮島,5,ランチタイム,晴,南,2,2,1,4,4812,西 野 雄 貴,60,81,6.72,4,0.14,1.50.7,4-1-5,4660,15,4-1,2360,6,1-4-5,680,3,1-4,320,2
20250709,宮島,5,ランチタイム,晴,南,2,2,2,1,4434,田 中 辰 彦,53,50,6.77,1,0.10,1.52.4,4-1-5,4660,15,4-1,2360,6,1-4-5,680,3,1-4,320,2
20250709,宮島,5,ランチタイム,晴,南,2,2,3,5,4514,上 條 嘉 嗣,21,58,6.79,5,0.28,1.54.3,4-1-5,4660,15,4-1,2360,6,1-4-5,680,3,1-4,320,2
20250709,宮島,5,ランチタイム,晴,南,2,2,4,6,5037,田 頭 虎 親,77,56,6.71,6,0.30,1.55.6,4-1-5,4660,15,4-1,2360,6,1-4-5,680,3,1-4,320,2
20250709,宮島,5,ランチタイム,晴,南,2,2,5,3,4483,北 野 輝 季,76,80,6.78,3,0.15,1.57.3,4-1-5,4660,15,4-1,2360,6,1-4-5,680,3,1-4,320,2
20250709,宮島,5,ランチタイム,晴,南,2,2,6,2,3928,林 恵 祐,25,35,6.85,2,0.16,2.02.3,4-1-5,4660,15,4-1,2360,6,1-4-5,680,3,1-4,320,2
20250709,宮島,6,一般戦,晴,南西,3,3,1,1,4973,栗 原 直 也,34,21,6.76,1,0.06,1.50.8,1-6-3,3030,11,1-6,690,1,1-3-6,750,4,1-6,430,2
20250709,宮島,6,一般戦,晴,南西,3,3,2,6,4516,野 口 勝 弘,73,60,6.79,5,0.15,1.51.8,1-6-3,3030,11,1-6,690,1,1-3-6,750,4,1-6,430,2
20250709,宮島,6,一般戦,晴,南西,3,3,3,3,5014,梶 山 涼 斗,58,34,6.77,2,0.10,1.54.1,1-6-3,3030,11,1-6,690,1,1-3-6,750,4,1-6,430,2
20250709,宮島,6,一般戦,晴,南西,3,3,4,2,4601,森 野 正 弘,22,39,6.62,6,0.14,1.54.7,1-6-3,3030,11,1-6,690,1,1-3-6,750,4,1-6,430,2
20250709,宮島,6,一般戦,晴,南西,3,3,5,4,4213,重 富 伸 也,59,76,6.77,3,0.14,1.57.2,1-6-3,3030,11,1-6,690,1,1-3-6,750,4,1-6,430,2
20250709,宮島,6,一般戦,晴,南西,3,3,6,5,5011,高 木 圭 大,51,52,6.80,4,0.21,1.58.5,1-6-3,3030,11,1-6,690,1,1-3-6,750,4,1-6,430,2
20250709,宮島,7,一般戦,晴,南西,2,2,1,3,5041,荒 牧 凪 沙,11,63,6.73,3,0.18,1.50.9,3-6-4,10000,41,3-6,2910,16,3-4-6,1590,10,3-6,3360,10
20250709,宮島,7,一般戦,晴,南西,2,2,2,6,4096,石 橋 道 友,70,33,6.78,6,0.14,1.52.5,3-6-4,10000,41,3-6,2910,16,3-4-6,1590,10,3-6,3360,10
20250709,宮島,7,一般戦,晴,南西,2,2,3,4,5134,大 原 祥 昌,54,27,6.78,4,0.24,1.53.7,3-6-4,10000,41,3-6,2910,16,3-4-6,1590,10,3-6,3360,10
20250709,宮島,7,一般戦,晴,南西,2,2,4,1,4727,安 部 慎 一,64,51,6.83,1,0.20,1.55.7,3-6-4,10000,41,3-6,2910,16,3-4-6,1590,10,3-6,3360,10
20250709,宮島,7,一般戦,晴,南西,2,2,5,5,3834,細 川 明 人,30,62,6.78,5,0.18,1.56.4,3-6-4,10000,41,3-6,2910,16,3-4-6,1590,10,3-6,3360,10
20250709,宮島,7,一般戦,晴,南西,2,2,6,2,4007,榮 田 将 彦,19,13,6.72,2,0.14,1.59.2,3-6-4,10000,41,3-6,2910,16,3-4-6,1590,10,3-6,3360,10
20250709,宮島,8,一般戦,晴,南西,2,2,1,1,4873,蒲 原 健 太,38,37,6.75,1,0.23,1.50.7,1-5-2,1560,8,1-5,260,1,1-2-5,390,2,1-5,660,4
20250709,宮島,8,一般戦,晴,南西,2,2,2,5,5154,村 松 栄 太,15,29,6.85,5,0.30,1.52.5,1-5-2,1560,8,1-5,260,1,1-2-5,390,2,1-5,660,4
20250709,宮島,8,一般戦,晴,南西,2,2,3,2,3950,石 川 哲 秀,68,67,6.80,2,0.18,1.54.4,1-5-2,1560,8,1-5,260,1,1-2-5,390,2,1-5,660,4
20250709,宮島,8,一般戦,晴,南西,2,2,4,6,5417,小 柳 勝 希,39,66,6.79,6,0.26,1.56.3,1-5-2,1560,8,1-5,260,1,1-2-5,390,2,1-5,660,4
20250709,宮島,8,一般戦,晴,南西,2,2,5,3,3176,長谷川 巌,33,53,6.87,3,0.24,1.58.1,1-5-2,1560,8,1-5,260,1,1-2-5,390,2,1-5,660,4
20250709,宮島,8,一般戦,晴,南西,2,2,6,4,4062,後 藤 陽 介,71,69,6.80,4,0.27,1.59.2,1-5-2,1560,8,1-5,260,1,1-2-5,390,2,1-5,660,4
20250709,宮島,9,一般戦,晴,南西,3,3,1,1,4812,西 野 雄 貴,60,81,6.79,1,0.13,1.51.1,1-4-5,3110,10,1-4,330,2,1-4-5,1410,6,1-4,370,2
20250709,宮島,9,一般戦,晴,南西,3,3,2,4,5064,品 川 二千翔,14,75,6.84,4,0.09,1.52.9,1-4-5,3110,10,1-4,330,2,1-4-5,1410,6,1-4,370,2
20250709,宮島,9,一般戦,晴,南西,3,3,3,5,4143,浦 田 晃 嗣,24,73,6.85,5,0.09,1.54.0,1-4-5,3110,10,1-4,330,2,1-4-5,1410,6,1-4,370,2
20250709,宮島,9,一般戦,晴,南西,3,3,4,3,3955,眞 田 英 二,36,77,6.80,3,0.25,1.55.3,1-4-5,3110,10,1-4,330,2,1-4-5,1410,6,1-4,370,2
20250709,宮島,9,一般戦,晴,南西,3,3,5,2,4332,村 上 彰 一,63,15,6.80,2,0.27,1.55.6,1-4-5,3110,10,1-4,330,2,1-4-5,1410,6,1-4,370,2
20250709,宮島,9,一般戦,晴,南西,3,3,6,6,4260,中 越 博 紀,52,23,6.82,6,0.16,1.58.6,1-4-5,3110,10,1-4,330,2,1-4-5,1410,6,1-4,370,2
20250709,宮島,10,準優勝戦,晴,南西,2,2,1,3,4445,宮 地 元 輝,69,70,6.76,3,0.05,1.50.9,3-4-5,4940,15,3-4,1080,4,3-4-5,1750,8,3-4,950,3
20250709,宮島,10,準優勝戦,晴,南西,2,2,2,4,4483,北 野 輝 季,76,80,6.83,4,0.02,1.51.8,3-4-5,4940,15,3-4,1080,4,3-4-5,1750,8,3-4,950,3
20250709,宮島,10,準優勝戦,晴,南西,2,2,3,5,5278,田 中 駿 兵,57,17,6.83,5,0.01,1.54.4,3-4-5,4940,15,3-4,1080,4,3-4-5,1750,8,3-4,950,3
20250709,宮島,10,準優勝戦,晴,南西,2,2,4,6,4601,森 野 正 弘,22,39,6.64,6,0.04,1.55.2,3-4-5,4940,15,3-4,1080,4,3-4-5,1750,8,3-4,950,3
20250709,宮島,10,準優勝戦,晴,南西,2,2,5,2,4529,嶋 義 信,78,38,6.77,2,0.07,1.55.8,3-4-5,4940,15,3-4,1080,4,3-4-5,1750,8,3-4,950,3
20250709,宮島,10,準優勝戦,晴,南西,2,2,6,1,4811,向井田 佑 紀,12,14,6.79,1,0.09,1.57.8,3-4-5,4940,15,3-4,1080,4,3-4-5,1750,8,3-4,950,3
20250709,宮島,11,準優勝戦,晴,南西,3,3,1,6,3265,今 村 暢 孝,29,55,6.79,2,0.10,1.51.6,6-2-4,12350,46,6-2,2280,10,2-4-6,4410,14,2-6,1360,5
20250709,宮島,11,準優勝戦,晴,南西,3,3,2,2,4703,森 永 隆,75,24,6.82,3,0.09,1.52.3,6-2-4,12350,46,6-2,2280,10,2-4-6,4410,14,2-6,1360,5
20250709,宮島,11,準優勝戦,晴,南西,3,3,3,4,4973,栗 原 直 也,34,21,6.83,5,0.18,1.53.9,6-2-4,12350,46,6-2,2280,10,2-4-6,4410,14,2-6,1360,5
20250709,宮島,11,準優勝戦,晴,南西,3,3,4,1,4096,石 橋 道 友,70,33,6.81,1,0.14,1.55.1,6-2-4,12350,46,6-2,2280,10,2-4-6,4410,14,2-6,1360,5
20250709,宮島,11,準優勝戦,晴,南西,3,3,5,5,3787,天 野 誠,27,28,6.80,6,0.20,1.55.5,6-2-4,12350,46,6-2,2280,10,2-4-6,4410,14,2-6,1360,5
20250709,宮島,11,準優勝戦,晴,南西,3,3,6,3,4434,田 中 辰 彦,53,50,6.82,4,0.13,1.57.0,6-2-4,12350,46,6-2,2280,10,2-4-6,4410,14,2-6,1360,5
20250709,鳴門,12,準優勝戦,晴,南西,3,3,1,1,4516,野 口 勝 弘,73,60,6.77,1,0.16,1.50.7,1-2-3,560,1,1-2,320,1,1-2-3,240,1,1-2,270,2
20250709,鳴門,12,準優勝戦,晴,南西,3,3,2,2,4514,上 條 嘉 嗣,21,58,6.79,2,0.16,1.51.7,1-2-3,560,1,1-2,320,1,1-2-3,240,1,1-2,270,2
20250709,鳴門,12,準優勝戦,晴,南西,3,3,3,3,4264,長 尾 章 平,13,61,6.78,3,0.17,1.53.9,1-2-3,560,1,1-2,320,1,1-2-3,240,1,1-2,270,2
20250709,鳴門,12,準優勝戦,晴,南西,3,3,4,4,4873,蒲 原 健 太,38,37,6.77,4,0.14,1.55.2,1-2-3,560,1,1-2,320,1,1-2-3,240,1,1-2,270,2
20250709,鳴門,12,準優勝戦,晴,南西,3,3,5,5,5132,中 野 希 一,16,12,6.79,5,0.07,1.56.3,1-2-3,560,1,1-2,320,1,1-2-3,240,1,1-2,270,2
20250709,鳴門,12,準優勝戦,晴,南西,3,3,6,6,4727,安 部 慎 一,64,51,6.86,6,0.09,1.58.0,1-2-3,560,1,1-2,320,1,1-2-3,240,1,1-2,270,2
20250709,鳴門,1,とるならなる,晴,南東,2,2,1,1,4596,葛 原 大 陽,23,64,6.80,1,0.19,1.50.1,1-2-5,1200,6,1-2,390,2,1-2-5,660,4,1-2,450,3
20250709,鳴門,1,とるならなる,晴,南東,2,2,2,2,4965,福 岡 泉 水,30,29,6.77,2,0.26,1.51.1,1-2-5,1200,6,1-2,390,2,1-2-5,660,4,1-2,450,3
20250709,鳴門,1,とるならなる,晴,南東,2,2,3,5,4942,柴 田 朋 哉,15,14,6.82,5,0.18,1.52.1,1-2-5,1200,6,1-2,390,2,1-2-5,660,4,1-2,450,3
20250709,鳴門,1,とるならなる,晴,南東,2,2,4,6,5151,山 下 奈 緒,34,83,6.81,6,0.29,1.53.7,1-2-5,1200,6,1-2,390,2,1-2-5,660,4,1-2,450,3
20250709,鳴門,1,とるならなる,晴,南東,2,2,5,4,4081,樋 口 範 政,18,20,6.89,4,0.19,,1-2-5,1200,6,1-2,390,2,1-2-5,660,4,1-2,450,3
20250709,鳴門,1,とるならなる,晴,南東,2,2,6,3,5170,佐 藤 太 亮,55,56,6.83,3,0.34,,1-2-5,1200,6,1-2,390,2,1-2-5,660,4,1-2,450,3
20250709,鳴門,2,どーなるなる,晴,南東,3,3,1,4,4557,松 尾 光 広,10,28,6.75,4,0.14,1.50.2,4-1-5,4500,18,4-1,1720,6,1-4-5,470,2,1-4,950,4
20250709,鳴門,2,どーなるなる,晴,南東,3,3,2,1,4393,田 中 孝 明,36,78,6.75,1,0.11,1.51.7,4-1-5,4500,18,4-1,1720,6,1-4-5,470,2,1-4,950,4
20250709,鳴門,2,どーなるなる,晴,南東,3,3,3,5,4980,佐々木 完 太,79,21,6.77,5,0.12,1.53.2,4-1-5,4500,18,4-1,1720,6,1-4-5,470,2,1-4,950,4
20250709,鳴門,2,どーなるなる,晴,南東,3,3,4,2,4248,岡 本 大,29,13,6.87,2,0.13,1.53.6,4-1-5,4500,18,4-1,1720,6,1-4-5,470,2,1-4,950,4
20250709,鳴門,2,どーなるなる,晴,南東,3,3,5,6,4306,畔 柳 俊 吾,59,69,6.75,6,0.14,,4-1-5,4500,18,4-1,1720,6,1-4-5,470,2,1-4,950,4
20250709,鳴門,2,どーなるなる,晴,南東,3,3,6,3,4385,鈴 木 祐美子,26,23,6.75,3,0.20,,4-1-5,4500,18,4-1,1720,6,1-4-5,470,2,1-4,950,4
20250709,鳴門,3,どきどきなる,晴,南東,4,4,1,3,4173,岡 谷 健 吾,11,82,6.86,3,0.24,1.49.6,3-5-2,19320,54,3-5,6840,19,2-3-5,1850,6,3-5,8290,13
20250709,鳴門,3,どきどきなる,晴,南東,4,4,2,5,4377,濱 本 優 一,17,61,6.82,5,0.26,1.49.9,3-5-2,19320,54,3-5,6840,19,2-3-5,1850,6,3-5,8290,13
20250709,鳴門,3,どきどきなる,晴,南東,4,4,3,2,5257,西 丸 侑太朗,63,76,6.79,2,0.21,1.50.1,3-5-2,19320,54,3-5,6840,19,2-3-5,1850,6,3-5,8290,13
20250709,鳴門,3,どきどきなる,晴,南東,4,4,4,4,3444,香 月 大 介,31,66,6.81,4,0.37,1.53.3,3-5-2,19320,54,3-5,6840,19,2-3-5,1850,6,3-5,8290,13
20250709,鳴門,3,どきどきなる,晴,南東,4,4,5,1,4381,田 路 朋 史,57,11,6.76,1,0.28,,3-5-2,19320,54,3-5,6840,19,2-3-5,1850,6,3-5,8290,13
20250709,鳴門,3,どきどきなる,晴,南東,4,4,6,6,4251,川 崎 誠 志,62,33,6.81,6,0.32,,3-5-2,19320,54,3-5,6840,19,2-3-5,1850,6,3-5,8290,13
20250709,鳴門,4,とにかくなる,晴,東,3,3,1,2,4049,荒 川 健 太,35,53,6.83,2,0.12,1.50.2,2-1-5,5050,16,2-1,1610,5,1-2-5,430,2,1-2,180,1
20250709,鳴門,4,とにかくなる,晴,東,3,3,2,1,4218,吉 川 喜 継,38,72,6.77,1,0.16,1.50.6,2-1-5,5050,16,2-1,1610,5,1-2-5,430,2,1-2,180,1
20250709,鳴門,4,とにかくなる,晴,東,3,3,3,5,3284,渡 邊 伸太郎,33,84,6.81,5,0.07,1.53.1,2-1-5,5050,16,2-1,1610,5,1-2-5,430,2,1-2,180,1
20250709,鳴門,4,とにかくなる,晴,東,3,3,4,6,5287,滝 沢 織 寧,37,31,6.68,6,0.08,1.54.3,2-1-5,5050,16,2-1,1610,5,1-2-5,430,2,1-2,180,1
20250709,鳴門,4,とにかくなる,晴,東,3,3,5,3,4900,中 田 夕 貴,52,34,6.80,3,0.16,,2-1-5,5050,16,2-1,1610,5,1-2-5,430,2,1-2,180,1
20250709,鳴門,4,とにかくなる,晴,東,3,3,6,4,4636,赤 池 修 平,51,77,6.80,4,0.08,,2-1-5,5050,16,2-1,1610,5,1-2-5,430,2,1-2,180,1
20250709,鳴門,5,予選,晴,東,3,3,1,2,4926,吉 川 貴 仁,24,30,6.76,2,0.15,1.49.2,2-3-4,12260,43,2-3,3930,14,2-3-4,3750,13,2-3,3060,9
20250709,鳴門,5,予選,晴,東,3,3,2,3,4077,品 田 直 樹,28,12,6.83,3,0.16,1.50.8,2-3-4,12260,43,2-3,3930,14,2-3-4,3750,13,2-3,3060,9
20250709,鳴門,5,予選,晴,東,3,3,3,4,4919,吉 田 翔 悟,32,39,6.82,4,0.13,1.52.3,2-3-4,12260,43,2-3,3930,14,2-3-4,3750,13,2-3,3060,9
20250709,鳴門,5,予選,晴,東,3,3,4,6,4449,中 嶋 達 也,76,19,6.68,6,0.29,1.53.9,2-3-4,12260,43,2-3,3930,14,2-3-4,3750,13,2-3,3060,9
20250709,鳴門,5,予選,晴,東,3,3,5,5,4183,宇 野 弥 生,19,24,6.79,5,0.18,,2-3-4,12260,43,2-3,3930,14,2-3-4,3750,13,2-3,3060,9
20250709,鳴門,5,予選,晴,東,3,3,6,1,4463,三 苫 晃 幸,27,67,6.68,1,0.24,,2-3-4,12260,43,2-3,3930,14,2-3-4,3750,13,2-3,3060,9
20250709,鳴門,6,予選,晴,南東,4,4,1,2,4967,中 村 魁 生,81,32,6.74,2,0.11,1.48.5,2-6-1,1900,6,2-6,590,1,1-2-6,340,2,2-6,640,2
20250709,鳴門,6,予選,晴,南東,4,4,2,6,5015,高 橋 竜 矢,50,59,6.91,6,0.06,1.50.2,2-6-1,1900,6,2-6,590,1,1-2-6,340,2,2-6,640,2
20250709,鳴門,6,予選,晴,南東,4,4,3,1,4896,花 本 剛,72,73,6.81,1,0.15,1.51.2,2-6-1,1900,6,2-6,590,1,1-2-6,340,2,2-6,640,2
20250709,鳴門,6,予選,晴,南東,4,4,4,4,4981,牧 山 敦 也,67,65,6.84,4,0.07,1.52.3,2-6-1,1900,6,2-6,590,1,1-2-6,340,2,2-6,640,2
20250709,鳴門,6,予選,晴,南東,4,4,5,3,3467,森 弘 行,16,16,6.78,3,0.08,,2-6-1,1900,6,2-6,590,1,1-2-6,340,2,2-6,640,2
20250709,鳴門,6,予選,晴,南東,4,4,6,5,4385,鈴 木 祐美子,26,23,6.83,5,0.17,,2-6-1,1900,6,2-6,590,1,1-2-6,340,2,2-6,640,2
20250709,鳴門,7,予選,晴,東,3,3,1,6,4739,中 村 晃 朋,25,38,6.74,3,0.21,1.49.7,6-2-3,65670,113,6-2,6820,22,2-3-6,3240,15,2-6,8250,13
20250709,鳴門,7,予選,晴,東,3,3,2,2,5151,山 下 奈 緒,34,83,6.71,2,0.21,1.51.8,6-2-3,65670,113,6-2,6820,22,2-3-6,3240,15,2-6,8250,13
20250709,鳴門,7,予選,晴,東,3,3,3,3,5086,本 村 大,22,63,6.82,4,0.20,1.52.1,6-2-3,65670,113,6-2,6820,22,2-3-6,3240,15,2-6,8250,13
20250709,鳴門,7,予選,晴,東,3,3,4,4,4980,佐々木 完 太,79,21,6.73,5,0.19,1.52.9,6-2-3,65670,113,6-2,6820,22,2-3-6,3240,15,2-6,8250,13
20250709,鳴門,7,予選,晴,東,3,3,5,5,3812,山 崎 聖 司,39,68,6.78,6,0.14,,6-2-3,65670,113,6-2,6820,22,2-3-6,3240,15,2-6,8250,13
20250709,鳴門,7,予選,晴,東,3,3,6,1,3444,香 月 大 介,31,66,6.77,1,0.33,,6-2-3,65670,113,6-2,6820,22,2-3-6,3240,15,2-6,8250,13
20250709,鳴門,8,予選,晴,南東,5,5,1,5,4482,守 屋 美 穂,53,81,6.64,5,0.15,1.49.0,5-3-2,2680,8,5-3,640,2,2-3-5,700,3,3-5,300,1
20250709,鳴門,8,予選,晴,南東,5,5,2,3,3841,佐々木 和 伸,56,75,6.79,3,0.17,1.50.7,5-3-2,2680,8,5-3,640,2,2-3-5,700,3,3-5,300,1
20250709,鳴門,8,予選,晴,南東,5,5,3,2,4251,川 崎 誠 志,62,33,6.83,2,0.21,1.52.5,5-3-2,2680,8,5-3,640,2,2-3-5,700,3,3-5,300,1
20250709,鳴門,8,予選,晴,南東,5,5,4,4,4248,岡 本 大,29,13,6.82,4,0.16,1.53.7,5-3-2,2680,8,5-3,640,2,2-3-5,700,3,3-5,300,1
20250709,鳴門,8,予選,晴,南東,5,5,5,6,4081,樋 口 範 政,18,20,6.83,6,0.23,,5-3-2,2680,8,5-3,640,2,2-3-5,700,3,3-5,300,1
20250709,鳴門,8,予選,晴,南東,5,5,6,1,4636,赤 池 修 平,51,77,6.71,1,0.29,,5-3-2,2680,8,5-3,640,2,2-3-5,700,3,3-5,300,1
20250709,鳴門,9,特賞,晴,南東,3,3,1,6,3743,林 美 憲,21,54,6.81,3,0.19,1.49.1,6-3-5,3270,8,6-3,690,2,3-5-6,650,2,3-6,270,1
20250709,鳴門,9,特賞,晴,南東,3,3,2,3,4377,濱 本 優 一,17,61,6.81,5,0.11,1.49.5,6-3-5,3270,8,6-3,690,2,3-5-6,650,2,3-6,270,1
20250709,鳴門,9,特賞,晴,南東,3,3,3,5,4393,田 中 孝 明,36,78,6.84,2,0.22,1.53.4,6-3-5,3270,8,6-3,690,2,3-5-6,650,2,3-6,270,1
20250709,鳴門,9,特賞,晴,南東,3,3,4,4,5170,佐 藤 太 亮,55,56,6.77,6,0.17,1.54.6,6-3-5,3270,8,6-3,690,2,3-5-6,650,2,3-6,270,1
20250709,鳴門,9,特賞,晴,南東,3,3,5,1,4382,高 山 智 至,64,71,6.75,1,0.20,,6-3-5,3270,8,6-3,690,2,3-5-6,650,2,3-6,270,1
20250709,鳴門,9,特賞,晴,南東,3,3,6,2,5287,滝 沢 織 寧,37,31,6.71,4,0.16,,6-3-5,3270,8,6-3,690,2,3-5-6,650,2,3-6,270,1
20250709,鳴門,10,特賞,晴,東,4,4,1,4,4926,吉 川 貴 仁,24,30,6.75,4,0.09,1.50.4,4-5-1,3500,9,4-5,540,1,1-4-5,810,3,4-5,470,1
20250709,鳴門,10,特賞,晴,東,4,4,2,5,4302,西 野 翔 太,58,10,6.77,5,0.06,1.52.1,4-5-1,3500,9,4-5,540,1,1-4-5,810,3,4-5,470,1
20250709,鳴門,10,特賞,晴,東,4,4,3,1,3528,笠 野 友紀恵,60,51,6.68,1,0.17,1.53.1,4-5-1,3500,9,4-5,540,1,1-4-5,810,3,4-5,470,1
20250709,鳴門,10,特賞,晴,東,4,4,4,2,4098,赤 澤 文 香,12,17,6.71,2,0.18,1.53.7,4-5-1,3500,9,4-5,540,1,1-4-5,810,3,4-5,470,1
20250709,鳴門,10,特賞,晴,東,4,4,5,6,4557,松 尾 光 広,10,28,6.79,6,0.09,,4-5-1,3500,9,4-5,540,1,1-4-5,810,3,4-5,470,1
20250709,鳴門,10,特賞,晴,東,4,4,6,3,3284,渡 邊 伸太郎,33,84,6.78,3,0.16,,4-5-1,3500,9,4-5,540,1,1-4-5,810,3,4-5,470,1
20250709,鳴門,11,特選,晴,東,4,4,1,1,4049,荒 川 健 太,35,53,6.74,1,0.08,1.50.0,1-2-5,810,1,1-2,220,1,1-2-5,350,1,1-2,150,1
20250709,鳴門,11,特選,晴,東,4,4,2,2,5015,高 橋 竜 矢,50,59,6.77,2,0.10,1.50.7,1-2-5,810,1,1-2,220,1,1-2-5,350,1,1-2,150,1
20250709,鳴門,11,特選,晴,東,4,4,3,5,4596,葛 原 大 陽,23,64,6.81,5,0.14,1.52.2,1-2-5,810,1,1-2,220,1,1-2-5,350,1,1-2,150,1
20250709,鳴門,11,特選,晴,東,4,4,4,6,5257,西 丸 侑太朗,63,76,6.89,6,0.12,1.52.6,1-2-5,810,1,1-2,220,1,1-2-5,350,1,1-2,150,1
20250709,鳴門,11,特選,晴,東,4,4,5,3,4183,宇 野 弥 生,19,24,6.80,3,0.09,,1-2-5,810,1,1-2,220,1,1-2-5,350,1,1-2,150,1
20250709,鳴門,11,特選,晴,東,4,4,6,4,3812,山 崎 聖 司,39,68,6.80,4,0.12,,1-2-5,810,1,1-2,220,1,1-2-5,350,1,1-2,150,1
20250709,尼崎,12,特選,晴,南東,2,2,1,4,4463,三 苫 晃 幸,27,67,6.85,4,0.11,1.49.2,4-1-5,40300,52,4-1,7500,10,1-4-5,1570,7,1-4,870,4
20250709,尼崎,12,特選,晴,南東,2,2,2,1,4482,守 屋 美 穂,53,81,6.70,1,0.10,1.50.5,4-1-5,40300,52,4-1,7500,10,1-4-5,1570,7,1-4,870,4
20250709,尼崎,12,特選,晴,南東,2,2,3,5,4381,田 路 朋 史,57,11,6.80,5,0.04,1.52.0,4-1-5,40300,52,4-1,7500,10,1-4-5,1570,7,1-4,870,4
20250709,尼崎,12,特選,晴,南東,2,2,4,6,4967,中 村 魁 生,81,32,6.88,6,0.06,1.53.5,4-1-5,40300,52,4-1,7500,10,1-4-5,1570,7,1-4,870,4
20250709,尼崎,12,特選,晴,南東,2,2,5,3,4306,畔 柳 俊 吾,59,69,6.85,3,0.04,,4-1-5,40300,52,4-1,7500,10,1-4-5,1570,7,1-4,870,4
20250709,尼崎,12,特選,晴,南東,2,2,6,2,4739,中 村 晃 朋,25,38,6.82,2,0.15,,4-1-5,40300,52,4-1,7500,10,1-4-5,1570,7,1-4,870,4
20250709,尼崎,1,朝からセンプ,晴,西,2,0,1,2,3796,長 野 道 臣,27,38,6.81,2,0.20,1.50.7,2-3-1,2570,9,2-3,1390,6,1-2-3,220,1,2-3,670,3
20250709,尼崎,1,朝からセンプ,晴,西,2,0,2,3,3961,谷 村 一 哉,6,29,6.88,3,0.19,1.51.8,2-3-1,2570,9,2-3,1390,6,1-2-3,220,1,2-3,670,3
20250709,尼崎,1,朝からセンプ,晴,西,2,0,3,1,3852,澤 大 介,5,30,6.82,1,0.25,1.52.8,2-3-1,2570,9,2-3,1390,6,1-2-3,220,1,2-3,670,3
20250709,尼崎,1,朝からセンプ,晴,西,2,0,4,4,3246,星 野 政 彦,34,21,6.89,4,0.35,1.54.6,2-3-1,2570,9,2-3,1390,6,1-2-3,220,1,2-3,670,3
20250709,尼崎,1,朝からセンプ,晴,西,2,0,5,5,3411,池 上 隆 行,21,14,6.87,5,0.36,1.55.9,2-3-1,2570,9,2-3,1390,6,1-2-3,220,1,2-3,670,3
20250709,尼崎,1,朝からセンプ,晴,西,2,0,6,6,3600,玄 馬 徹,42,49,6.85,6,0.38,1.57.9,2-3-1,2570,9,2-3,1390,6,1-2-3,220,1,2-3,670,3
20250709,尼崎,2,予選,晴,南西,3,0,1,1,3514,山 一 鉄 也,29,63,6.81,1,0.22,1.50.7,1-3-5,480,1,1-3,250,1,1-3-5,230,1,1-3,120,1
20250709,尼崎,2,予選,晴,南西,3,0,2,3,3931,黒 崎 竜 也,12,35,6.78,3,0.21,1.51.6,1-3-5,480,1,1-3,250,1,1-3-5,230,1,1-3,120,1
20250709,尼崎,2,予選,晴,南西,3,0,3,5,4108,吉 村 正 明,35,43,6.84,5,0.16,1.54.1,1-3-5,480,1,1-3,250,1,1-3-5,230,1,1-3,120,1
20250709,尼崎,2,予選,晴,南西,3,0,4,4,3377,塚 田 修 二,22,19,6.83,4,0.19,1.55.5,1-3-5,480,1,1-3,250,1,1-3-5,230,1,1-3,120,1
20250709,尼崎,2,予選,晴,南西,3,0,5,6,3353,前 田 光 昭,53,69,6.91,6,0.26,1.56.0,1-3-5,480,1,1-3,250,1,1-3-5,230,1,1-3,120,1
20250709,尼崎,2,予選,晴,南西,3,0,6,2,3820,樫 葉 次 郎,26,17,6.88,2,0.36,1.56.6,1-3-5,480,1,1-3,250,1,1-3-5,230,1,1-3,120,1
20250709,尼崎,3,予選,晴,西,5,3,1,1,3339,泉 具 巳,28,36,6.86,1,0.16,1.50.8,1-3-4,7160,25,1-3,1420,6,1-3-4,1880,8,1-3,810,4
20250709,尼崎,3,予選,晴,西,5,3,2,3,3489,大 場 敏,44,34,6.91,3,0.18,1.51.9,1-3-4,7160,25,1-3,1420,6,1-3-4,1880,8,1-3,810,4
20250709,尼崎,3,予選,晴,西,5,3,3,4,3875,廣 中 良 一,13,66,6.83,4,0.19,1.53.1,1-3-4,7160,25,1-3,1420,6,1-3-4,1880,8,1-3,810,4
20250709,尼崎,3,予選,晴,西,5,3,4,2,4084,杉 山 正 樹,16,56,6.76,2,0.21,1.55.0,1-3-4,7160,25,1-3,1420,6,1-3-4,1880,8,1-3,810,4
20250709,尼崎,3,予選,晴,西,5,3,5,5,3714,梶 原 正,14,68,6.87,5,0.20,1.55.0,1-3-4,7160,25,1-3,1420,6,1-3-4,1880,8,1-3,810,4
20250709,尼崎,3,予選,晴,西,5,3,6,6,3915,繁野谷 圭 介,19,59,6.84,6,0.22,1.56.7,1-3-4,7160,25,1-3,1420,6,1-3-4,1880,8,1-3,810,4
20250709,尼崎,4,予選,晴,南西,4,0,1,1,3935,岩 津 徹 郎,8,37,6.79,1,0.07,1.50.2,1-4-2,1160,1,1-4,560,2,1-2-4,440,1,1-4,460,2
20250709,尼崎,4,予選,晴,南西,4,0,2,4,3473,石 川 真 二,52,53,6.89,2,0.09,1.51.7,1-4-2,1160,1,1-4,560,2,1-2-4,440,1,1-4,460,2
20250709,尼崎,4,予選,晴,南西,4,0,3,2,3988,古 川 誠 之,36,11,6.83,3,0.09,1.54.0,1-4-2,1160,1,1-4,560,2,1-2-4,440,1,1-4,460,2
20250709,尼崎,4,予選,晴,南西,4,0,4,3,3878,胡 本 悟 志,32,71,6.87,6,0.24,1.54.8,1-4-2,1160,1,1-4,560,2,1-2-4,440,1,1-4,460,2
20250709,尼崎,4,予選,晴,南西,4,0,5,6,3432,宮 迫 暢 彦,61,50,6.86,5,0.25,1.56.7,1-4-2,1160,1,1-4,560,2,1-2-4,440,1,1-4,460,2
20250709,尼崎,4,予選,晴,南西,4,0,6,5,3612,馬 袋 義 則,18,39,6.85,4,0.28,1.59.7,1-4-2,1160,1,1-4,560,2,1-2-4,440,1,1-4,460,2
20250709,尼崎,5,予選,晴,南西,6,4,1,2,3556,田 中 信一郎,49,22,6.83,2,0.23,1.50.9,2-5-4,7280,26,2-5,1200,7,2-4-5,2870,11,2-5,760,4
20250709,尼崎,5,予選,晴,南西,6,4,2,5,4025,山 本 隆 幸,15,61,6.83,5,0.28,1.52.2,2-5-4,7280,26,2-5,1200,7,2-4-5,2870,11,2-5,760,4
20250709,尼崎,5,予選,晴,南西,6,4,3,4,3226,浦 田 信 義,38,60,6.85,4,0.28,1.54.0,2-5-4,7280,26,2-5,1200,7,2-4-5,2870,11,2-5,760,4
20250709,尼崎,5,予選,晴,南西,6,4,4,3,3912,川 原 正 明,4,16,6.82,3,0.27,1.54.2,2-5-4,7280,26,2-5,1200,7,2-4-5,2870,11,2-5,760,4
20250709,尼崎,5,予選,晴,南西,6,4,5,1,3482,金 子 猛 志,40,55,6.87,1,0.27,1.54.8,2-5-4,7280,26,2-5,1200,7,2-4-5,2870,11,2-5,760,4
20250709,尼崎,5,予選,晴,南西,6,4,6,6,3497,後 藤 浩,60,32,6.85,6,0.30,1.57.6,2-5-4,7280,26,2-5,1200,7,2-4-5,2870,11,2-5,760,4
20250709,尼崎,6,昼どきピンク,晴,南西,5,3,1,1,3716,石 渡 鉄 兵,45,33,6.80,1,0.15,1.50.0,1-3-5,1050,3,1-3,240,1,1-3-5,880,4,1-3,210,1
20250709,尼崎,6,昼どきピンク,晴,南西,5,3,2,3,3257,田 頭 実,43,75,6.83,3,0.14,1.51.9,1-3-5,1050,3,1-3,240,1,1-3-5,880,4,1-3,210,1
20250709,尼崎,6,昼どきピンク,晴,南西,5,3,3,5,3850,小 川 知 行,2,15,6.81,5,0.12,1.53.3,1-3-5,1050,3,1-3,240,1,1-3-5,880,4,1-3,210,1
20250709,尼崎,6,昼どきピンク,晴,南西,5,3,4,6,3931,黒 崎 竜 也,12,35,6.78,6,0.14,1.54.0,1-3-5,1050,3,1-3,240,1,1-3-5,880,4,1-3,210,1
20250709,尼崎,6,昼どきピンク,晴,南西,5,3,5,4,3548,室 田 泰 史,58,31,6.91,4,0.13,1.56.2,1-3-5,1050,3,1-3,240,1,1-3-5,880,4,1-3,210,1
20250709,尼崎,6,昼どきピンク,晴,南西,5,3,6,2,3600,玄 馬 徹,42,49,6.84,2,0.17,1.57.8,1-3-5,1050,3,1-3,240,1,1-3-5,880,4,1-3,210,1
20250709,尼崎,7,予選,晴,西,6,4,1,1,3746,岡 瀬 正 人,57,48,6.82,1,0.20,1.50.6,1-5-3,1210,3,1-5,510,2,1-3-5,410,2,1-5,310,1
20250709,尼崎,7,予選,晴,西,6,4,2,5,4002,古 結 宏,55,70,6.81,5,0.16,1.52.5,1-5-3,1210,3,1-5,510,2,1-3-5,410,2,1-5,310,1
20250709,尼崎,7,予選,晴,西,6,4,3,3,3875,廣 中 良 一,13,66,6.85,3,0.18,1.53.9,1-5-3,1210,3,1-5,510,2,1-3-5,410,2,1-5,310,1
20250709,尼崎,7,予選,晴,西,6,4,4,4,3514,山 一 鉄 也,29,63,6.79,4,0.19,1.55.2,1-5-3,1210,3,1-5,510,2,1-3-5,410,2,1-5,310,1
20250709,尼崎,7,予選,晴,西,6,4,5,2,3411,池 上 隆 行,21,14,6.89,2,0.23,1.55.4,1-5-3,1210,3,1-5,510,2,1-3-5,410,2,1-5,310,1
20250709,尼崎,7,予選,晴,西,6,4,6,6,3686,鳥居塚 孝 博,23,25,6.85,6,0.18,1.56.3,1-5-3,1210,3,1-5,510,2,1-3-5,410,2,1-5,310,1
20250709,尼崎,8,予選,晴,南西,6,4,1,1,3158,島 川 光 男,51,40,6.83,1,0.14,1.50.9,1-4-6,2410,7,1-4,380,1,1-4-6,1180,5,1-4,250,1
20250709,尼崎,8,予選,晴,南西,6,4,2,4,3960,菊 地 孝 平,50,72,6.83,4,0.13,1.52.7,1-4-6,2410,7,1-4,380,1,1-4-6,1180,5,1-4,250,1
20250709,尼崎,8,予選,晴,南西,6,4,3,6,3352,小 川 晃 司,30,41,6.87,6,0.21,1.53.8,1-4-6,2410,7,1-4,380,1,1-4-6,1180,5,1-4,250,1
20250709,尼崎,8,予選,晴,南西,6,4,4,5,3852,澤 大 介,5,30,6.84,5,0.21,1.55.2,1-4-6,2410,7,1-4,380,1,1-4-6,1180,5,1-4,250,1
20250709,尼崎,8,予選,晴,南西,6,4,5,3,4108,吉 村 正 明,35,43,6.89,3,0.14,1.56.5,1-4-6,2410,7,1-4,380,1,1-4-6,1180,5,1-4,250,1
20250709,尼崎,8,予選,晴,南西,6,4,6,2,3517,高 橋 勲,33,44,6.88,2,0.11,1.57.1,1-4-6,2410,7,1-4,380,1,1-4-6,1180,5,1-4,250,1
20250709,尼崎,9,予選,晴,西,4,0,1,3,4102,益 田 啓 司,9,13,6.81,3,0.13,1.51.3,3-5-4,6610,20,3-5,1580,6,3-4-5,2350,8,3-5,640,4
20250709,尼崎,9,予選,晴,西,4,0,2,5,3813,佐 藤 大 介,41,18,6.87,5,0.19,1.52.0,3-5-4,6610,20,3-5,1580,6,3-4-5,2350,8,3-5,640,4
20250709,尼崎,9,予選,晴,西,4,0,3,4,3482,金 子 猛 志,40,55,6.82,4,0.18,1.53.8,3-5-4,6610,20,3-5,1580,6,3-4-5,2350,8,3-5,640,4
20250709,尼崎,9,予選,晴,西,4,0,4,6,3878,胡 本 悟 志,32,71,6.91,6,0.26,1.54.8,3-5-4,6610,20,3-5,1580,6,3-4-5,2350,8,3-5,640,4
20250709,尼崎,9,予選,晴,西,4,0,5,1,3654,武 田 光 史,25,74,6.82,1,0.23,1.56.3,3-5-4,6610,20,3-5,1580,6,3-4-5,2350,8,3-5,640,4
20250709,尼崎,9,予選,晴,西,4,0,6,2,3956,横 澤 剛 治,31,73,6.89,2,0.27,1.56.6,3-5-4,6610,20,3-5,1580,6,3-4-5,2350,8,3-5,640,4
20250709,尼崎,10,予選特賞,晴,南西,5,3,1,2,3612,馬 袋 義 則,18,39,6.86,2,0.20,1.51.2,2-1-6,5650,21,2-1,1320,6,1-2-6,730,4,1-2,210,1
20250709,尼崎,10,予選特賞,晴,南西,5,3,2,1,3304,烏 野 賢 太,37,23,6.87,1,0.25,1.52.3,2-1-6,5650,21,2-1,1320,6,1-2-6,730,4,1-2,210,1
20250709,尼崎,10,予選特賞,晴,南西,5,3,3,6,3961,谷 村 一 哉,6,29,6.80,6,0.22,1.52.8,2-1-6,5650,21,2-1,1320,6,1-2-6,730,4,1-2,210,1
20250709,尼崎,10,予選特賞,晴,南西,5,3,4,5,3912,川 原 正 明,4,16,6.78,5,0.15,1.53.2,2-1-6,5650,21,2-1,1320,6,1-2-6,730,4,1-2,210,1
20250709,尼崎,10,予選特賞,晴,南西,5,3,5,3,3850,小 川 知 行,2,15,6.80,3,0.20,1.56.4,2-1-6,5650,21,2-1,1320,6,1-2-6,730,4,1-2,210,1
20250709,尼崎,10,予選特賞,晴,南西,5,3,6,4,3489,大 場 敏,44,34,6.90,4,0.19,1.57.3,2-1-6,5650,21,2-1,1320,6,1-2-6,730,4,1-2,210,1
20250709,尼崎,11,予選特選,晴,西,4,0,1,1,4025,山 本 隆 幸,15,61,6.76,1,0.15,1.58.7,1-2-3,720,1,1-2,360,2,1-2-3,320,1,1-2,220,1
20250709,尼崎,11,予選特選,晴,西,4,0,2,2,3915,繁野谷 圭 介,19,59,6.82,2,0.19,2.03.9,1-2-3,720,1,1-2,360,2,1-2-3,320,1,1-2,220,1
20250709,尼崎,11,予選特選,晴,西,4,0,3,3,3548,室 田 泰 史,58,31,6.89,3,0.14,2.05.6,1-2-3,720,1,1-2,360,2,1-2-3,320,1,1-2,220,1
20250709,尼崎,11,予選特選,晴,西,4,0,4,6,3988,古 川 誠 之,36,11,6.79,6,0.20,2.09.6,1-2-3,720,1,1-2,360,2,1-2-3,320,1,1-2,220,1
20250709,尼崎,11,予選特選,晴,西,4,0,5,4,3796,長 野 道 臣,27,38,6.82,4,0.16,2.12.8,1-2-3,720,1,1-2,360,2,1-2-3,320,1,1-2,220,1
20250709,びわこ,12,ドリーム戦,晴,西,7,5,1,1,3960,菊 地 孝 平,50,72,6.84,1,0.14,1.50.5,1-3-2,1150,5,1-3,200,1,1-2-3,490,2,1-3,200,1
20250709,びわこ,12,ドリーム戦,晴,西,7,5,2,3,4002,古 結 宏,55,70,6.83,3,0.18,1.52.3,1-3-2,1150,5,1-3,200,1,1-2-3,490,2,1-3,200,1
20250709,びわこ,12,ドリーム戦,晴,西,7,5,3,2,3473,石 川 真 二,52,53,6.88,2,0.21,1.53.5,1-3-2,1150,5,1-3,200,1,1-2-3,490,2,1-3,200,1
20250709,びわこ,12,ドリーム戦,晴,西,7,5,4,4,3556,田 中 信一郎,49,22,6.81,4,0.14,1.54.3,1-3-2,1150,5,1-3,200,1,1-2-3,490,2,1-3,200,1
20250709,びわこ,12,ドリーム戦,晴,西,7,5,5,6,4084,杉 山 正 樹,16,56,6.80,6,0.13,1.54.6,1-3-2,1150,5,1-3,200,1,1-2-3,490,2,1-3,200,1
20250709,びわこ,12,ドリーム戦,晴,西,7,5,6,5,3716,石 渡 鉄 兵,45,33,6.85,5,0.12,1.56.6,1-3-2,1150,5,1-3,200,1,1-2-3,490,2,1-3,200,1
20250709,びわこ,1,予選,晴,北東,2,2,1,3,4532,秋 元 哲,37,70,6.82,3,0.05,1.49.0,3-1-4,2600,8,3-1,1180,4,1-3-4,270,1,1-3,390,2
20250709,びわこ,1,予選,晴,北東,2,2,2,1,4502,遠 藤 エ ミ,34,46,6.73,1,0.12,1.49.1,3-1-4,2600,8,3-1,1180,4,1-3-4,270,1,1-3,390,2
20250709,びわこ,1,予選,晴,北東,2,2,3,4,4573,佐 藤 翼,40,48,6.81,4,0.15,1.51.9,3-1-4,2600,8,3-1,1180,4,1-3-4,270,1,1-3,390,2
20250709,びわこ,1,予選,晴,北東,2,2,4,5,4503,上 野 真之介,49,56,6.84,5,0.17,1.54.4,3-1-4,2600,8,3-1,1180,4,1-3-4,270,1,1-3,390,2
20250709,びわこ,1,予選,晴,北東,2,2,5,2,4407,鹿 島 敏 弘,47,15,6.81,2,0.13,,3-1-4,2600,8,3-1,1180,4,1-3-4,270,1,1-3,390,2
20250709,びわこ,1,予選,晴,北東,2,2,6,6,4850,野 中 一 平,55,64,6.90,6,0.12,,3-1-4,2600,8,3-1,1180,4,1-3-4,270,1,1-3,390,2
20250709,びわこ,2,予選,晴,北東,2,2,1,4,3941,池 田 浩 二,16,37,6.82,4,0.10,1.49.9,4-1-5,5090,19,4-1,790,3,1-4-5,1380,6,1-4,330,2
20250709,びわこ,2,予選,晴,北東,2,2,2,1,4177,萬 正 嗣,53,36,6.65,1,0.17,1.52.2,4-1-5,5090,19,4-1,790,3,1-4-5,1380,6,1-4,330,2
20250709,びわこ,2,予選,晴,北東,2,2,3,5,4611,今 井 美 亜,22,47,6.83,5,0.11,1.53.3,4-1-5,5090,19,4-1,790,3,1-4-5,1380,6,1-4,330,2
20250709,びわこ,2,予選,晴,北東,2,2,4,6,4030,森 高 一 真,29,13,6.89,6,0.13,1.54.6,4-1-5,5090,19,4-1,790,3,1-4-5,1380,6,1-4,330,2
20250709,びわこ,2,予選,晴,北東,2,2,5,3,4245,高 橋 直 哉,43,67,6.80,3,0.17,,4-1-5,5090,19,4-1,790,3,1-4-5,1380,6,1-4,330,2
20250709,びわこ,2,予選,晴,北東,2,2,6,2,3942,寺 田 祥,18,49,6.77,2,0.20,,4-1-5,5090,19,4-1,790,3,1-4-5,1380,6,1-4,330,2
20250709,びわこ,3,予選,晴,北東,2,2,1,3,4584,村 岡 賢 人,58,41,6.84,4,0.09,1.50.2,3-1-6,3980,17,3-1,2240,11,1-3-6,490,2,1-3,650,3
20250709,びわこ,3,予選,晴,北東,2,2,2,1,4700,金 子 和 之,61,53,6.80,1,0.20,1.51.3,3-1-6,3980,17,3-1,2240,11,1-3-6,490,2,1-3,650,3
20250709,びわこ,3,予選,晴,北東,2,2,3,6,4262,馬 場 貴 也,45,11,6.74,6,0.10,1.52.8,3-1-6,3980,17,3-1,2240,11,1-3-6,490,2,1-3,650,3
20250709,びわこ,3,予選,晴,北東,2,2,4,2,4350,篠 崎 元 志,59,40,6.85,3,0.17,1.55.3,3-1-6,3980,17,3-1,2240,11,1-3-6,490,2,1-3,650,3
20250709,びわこ,3,予選,晴,北東,2,2,5,4,3024,西 島 義 則,14,43,6.95,2,0.30,,3-1-6,3980,17,3-1,2240,11,1-3-6,490,2,1-3,650,3
20250709,びわこ,3,予選,晴,北東,2,2,6,5,4169,多 田 有 佑,25,16,6.84,5,0.16,,3-1-6,3980,17,3-1,2240,11,1-3-6,490,2,1-3,650,3
20250709,びわこ,4,予選,晴,北東,2,2,1,1,4166,吉 田 拡 郎,50,66,6.70,1,0.11,1.48.8,1-3-5,680,1,1-3,270,1,1-3-5,250,1,1-3,240,1
20250709,びわこ,4,予選,晴,北東,2,2,2,3,4459,片 岡 雅 裕,60,51,6.80,3,0.11,1.50.3,1-3-5,680,1,1-3,270,1,1-3-5,250,1,1-3,240,1
20250709,びわこ,4,予選,晴,北東,2,2,3,5,4205,山 口 剛,62,29,6.67,5,0.10,1.51.9,1-3-5,680,1,1-3,270,1,1-3-5,250,1,1-3,240,1
20250709,びわこ,4,予選,晴,北東,2,2,4,2,3611,岩 崎 芳 美,63,71,6.78,2,0.13,1.53.6,1-3-5,680,1,1-3,270,1,1-3-5,250,1,1-3,240,1
20250709,びわこ,4,予選,晴,北東,2,2,5,6,4266,長 田 頼 宗,15,14,6.82,6,0.11,,1-3-5,680,1,1-3,270,1,1-3-5,250,1,1-3,240,1
20250709,びわこ,4,予選,晴,北東,2,2,6,4,5201,村 上 宗太郎,21,31,6.74,4,0.11,,1-3-5,680,1,1-3,270,1,1-3-5,250,1,1-3,240,1
20250709,びわこ,5,予選,晴,北東,3,3,1,3,3952,中 澤 和 志,46,39,6.94,3,0.12,1.50.6,3-1-6,3530,10,3-1,1510,7,1-3-6,510,3,1-3,450,2
20250709,びわこ,5,予選,晴,北東,3,3,2,1,4174,赤 坂 俊 輔,38,50,6.90,1,0.11,1.51.8,3-1-6,3530,10,3-1,1510,7,1-3-6,510,3,1-3,450,2
20250709,びわこ,5,予選,晴,北東,3,3,3,6,4320,峰 竜 太,28,20,6.69,6,0.10,1.53.1,3-1-6,3530,10,3-1,1510,7,1-3-6,510,3,1-3,450,2
20250709,びわこ,5,予選,晴,北東,3,3,4,5,4159,向 後 龍 一,30,45,6.83,5,0.11,1.54.0,3-1-6,3530,10,3-1,1510,7,1-3-6,510,3,1-3,450,2
20250709,びわこ,5,予選,晴,北東,3,3,5,4,4865,立 具 敬 司,56,22,6.80,4,0.07,,3-1-6,3530,10,3-1,1510,7,1-3-6,510,3,1-3,450,2
20250709,びわこ,5,予選,晴,北東,3,3,6,2,3590,濱野谷 憲 吾,23,21,6.83,2,0.14,,3-1-6,3530,10,3-1,1510,7,1-3-6,510,3,1-3,450,2
20250709,びわこ,6,予選,晴,北東,3,3,1,1,4013,中 島 孝 平,70,63,6.83,1,0.19,1.50.6,1-3-2,850,2,1-3,290,1,1-2-3,290,1,1-3,200,1
20250709,びわこ,6,予選,晴,北東,3,3,2,3,4444,桐 生 順 平,12,38,6.80,3,0.21,1.51.4,1-3-2,850,2,1-3,290,1,1-2-3,290,1,1-3,200,1
20250709,びわこ,6,予選,晴,北東,3,3,3,2,4364,池 永 太,35,52,6.82,2,0.21,1.52.7,1-3-2,850,2,1-3,290,1,1-2-3,290,1,1-3,200,1
20250709,びわこ,6,予選,晴,北東,3,3,4,6,4686,丸 野 一 樹,65,24,6.89,6,0.16,1.53.0,1-3-2,850,2,1-3,290,1,1-2-3,290,1,1-3,200,1
20250709,びわこ,6,予選,晴,北東,3,3,5,4,3940,飯 山 泰,39,59,6.82,4,0.25,,1-3-2,850,2,1-3,290,1,1-2-3,290,1,1-3,200,1
20250709,びわこ,6,予選,晴,北東,3,3,6,5,4407,鹿 島 敏 弘,47,15,6.87,5,0.24,,1-3-2,850,2,1-3,290,1,1-2-3,290,1,1-3,200,1
20250709,びわこ,7,予選,晴,南東,2,2,1,1,4336,松 田 竜 馬,32,18,6.84,1,0.14,1.50.6,1-3-5,6960,29,1-3,1180,6,1-3-5,1340,6,1-3,520,3
20250709,びわこ,7,予選,晴,南東,2,2,2,3,4571,菅 章 哉,26,65,6.67,3,0.17,1.51.8,1-3-5,6960,29,1-3,1180,6,1-3-5,1340,6,1-3,520,3
20250709,びわこ,7,予選,晴,南東,2,2,3,5,4450,平 高 奈 菜,31,19,6.88,5,0.17,1.53.3,1-3-5,6960,29,1-3,1180,6,1-3-5,1340,6,1-3,520,3
20250709,びわこ,7,予選,晴,南東,2,2,4,4,4245,高 橋 直 哉,43,67,6.88,4,0.21,1.54.1,1-3-5,6960,29,1-3,1180,6,1-3-5,1340,6,1-3,520,3
20250709,びわこ,7,予選,晴,南東,2,2,5,2,4573,佐 藤 翼,40,48,6.81,2,0.16,,1-3-5,6960,29,1-3,1180,6,1-3-5,1340,6,1-3,520,3
20250709,びわこ,7,予選,晴,南東,2,2,6,6,3557,太 田 和 美,33,17,6.81,6,0.28,,1-3-5,6960,29,1-3,1180,6,1-3-5,1340,6,1-3,520,3
20250709,びわこ,8,予選,晴,東,4,4,1,4,4851,関 浩 哉,17,61,6.74,4,0.12,1.50.4,4-3-5,5160,22,4-3,3020,16,3-4-5,910,6,3-4,1500,9
20250709,びわこ,8,予選,晴,東,4,4,2,3,4290,稲 田 浩 二,41,72,6.77,3,0.15,1.52.1,4-3-5,5160,22,4-3,3020,16,3-4-5,910,6,3-4,1500,9
20250709,びわこ,8,予選,晴,東,4,4,3,5,3941,池 田 浩 二,16,37,6.71,5,0.11,1.53.1,4-3-5,5160,22,4-3,3020,16,3-4-5,910,6,3-4,1500,9
20250709,びわこ,8,予選,晴,東,4,4,4,1,4401,小 林 泰,13,23,6.76,1,0.17,1.53.4,4-3-5,5160,22,4-3,3020,16,3-4-5,910,6,3-4,1500,9
20250709,びわこ,8,予選,晴,東,4,4,5,6,5096,上 原 崚,69,32,6.80,6,0.12,,4-3-5,5160,22,4-3,3020,16,3-4-5,910,6,3-4,1500,9
20250709,びわこ,8,予選,晴,東,4,4,6,2,4584,村 岡 賢 人,58,41,6.72,2,0.25,,4-3-5,5160,22,4-3,3020,16,3-4-5,910,6,3-4,1500,9
20250709,びわこ,9,予選,晴,北,3,3,1,1,4719,上 條 暢 嵩,57,60,6.77,1,0.02,1.50.3,1-3-6,2410,9,1-3,220,1,1-3-6,1270,5,1-3,200,1
20250709,びわこ,9,予選,晴,北,3,3,2,3,4262,馬 場 貴 也,45,11,6.75,3,0.04,1.50.7,1-3-6,2410,9,1-3,220,1,1-3-6,1270,5,1-3,200,1
20250709,びわこ,9,予選,晴,北,3,3,3,6,4335,若 林 将,36,62,6.96,6,0.11,1.53.2,1-3-6,2410,9,1-3,220,1,1-3-6,1270,5,1-3,200,1
20250709,びわこ,9,予選,晴,北,3,3,4,4,4177,萬 正 嗣,53,36,6.74,4,0.07,1.55.4,1-3-6,2410,9,1-3,220,1,1-3-6,1270,5,1-3,200,1
20250709,びわこ,9,予選,晴,北,3,3,5,5,4256,渡 辺 浩 司,11,73,6.84,5,0.12,,1-3-6,2410,9,1-3,220,1,1-3-6,1270,5,1-3,200,1
20250709,びわこ,9,予選,晴,北,3,3,6,2,4685,島 村 隆 幸,71,12,6.77,2,0.08,,1-3-6,2410,9,1-3,220,1,1-3-6,1270,5,1-3,200,1
20250709,びわこ,10,予選,晴,北東,4,3,1,4,3959,坪 井 康 晴,44,33,6.87,4,0.10,1.50.0,4-1-2,12240,35,4-1,5060,13,1-2-4,400,1,1-4,1340,3
20250709,びわこ,10,予選,晴,北東,4,3,2,1,4337,平 本 真 之,52,35,6.69,1,0.13,1.52.4,4-1-2,12240,35,4-1,5060,13,1-2-4,400,1,1-4,1340,3
20250709,びわこ,10,予選,晴,北東,4,3,3,2,4320,峰 竜 太,28,20,6.62,2,0.17,1.53.4,4-1-2,12240,35,4-1,5060,13,1-2-4,400,1,1-4,1340,3
20250709,びわこ,10,予選,晴,北東,4,3,4,5,4415,下 出 卓 矢,73,26,6.75,5,0.15,1.54.0,4-1-2,12240,35,4-1,5060,13,1-2-4,400,1,1-4,1340,3
20250709,びわこ,10,予選,晴,北東,4,3,5,6,4459,片 岡 雅 裕,60,51,6.79,6,0.19,,4-1-2,12240,35,4-1,5060,13,1-2-4,400,1,1-4,1340,3
20250709,びわこ,10,予選,晴,北東,4,3,6,3,4700,金 子 和 之,61,53,6.84,3,0.18,,4-1-2,12240,35,4-1,5060,13,1-2-4,400,1,1-4,1340,3
20250709,びわこ,11,予選,晴,北,3,3,1,1,4205,山 口 剛,62,29,6.78,1,0.12,1.50.3,1-2-3,620,1,1-2,300,1,1-2-3,310,1,1-2,250,2
20250709,びわこ,11,予選,晴,北,3,3,2,2,4532,秋 元 哲,37,70,6.88,2,0.15,1.51.1,1-2-3,620,1,1-2,300,1,1-2-3,310,1,1-2,250,2
20250709,びわこ,11,予選,晴,北,3,3,3,3,4013,中 島 孝 平,70,63,6.88,3,0.26,1.53.0,1-2-3,620,1,1-2,300,1,1-2-3,310,1,1-2,250,2
20250709,びわこ,11,予選,晴,北,3,3,4,4,4024,井 口 佳 典,67,28,6.89,4,0.22,1.54.9,1-2-3,620,1,1-2,300,1,1-2-3,310,1,1-2,250,2
20250709,びわこ,11,予選,晴,北,3,3,5,5,4174,赤 坂 俊 輔,38,50,6.92,5,0.24,,1-2-3,620,1,1-2,300,1,1-2-3,310,1,1-2,250,2
20250709,びわこ,11,予選,晴,北,3,3,6,6,3942,寺 田 祥,18,49,6.85,6,0.23,,1-2-3,620,1,1-2,300,1,1-2-3,310,1,1-2,250,2
20250709,三国,12,予選,晴,南西,1,1,1,1,4444,桐 生 順 平,12,38,6.75,1,0.16,1.50.0,1-3-4,1210,4,1-3,290,1,1-3-4,810,5,1-3,300,1
20250709,三国,12,予選,晴,南西,1,1,2,3,4266,長 田 頼 宗,15,14,6.85,3,0.16,1.50.9,1-3-4,1210,4,1-3,290,1,1-3-4,810,5,1-3,300,1
20250709,三国,12,予選,晴,南西,1,1,3,4,3557,太 田 和 美,33,17,6.79,4,0.23,1.52.7,1-3-4,1210,4,1-3,290,1,1-3-4,810,5,1-3,300,1
20250709,三国,12,予選,晴,南西,1,1,4,6,4524,深 谷 知 博,51,69,6.81,6,0.21,1.52.9,1-3-4,1210,4,1-3,290,1,1-3-4,810,5,1-3,300,1
20250709,三国,12,予選,晴,南西,1,1,5,5,3590,濱野谷 憲 吾,23,21,6.75,5,0.34,,1-3-4,1210,4,1-3,290,1,1-3-4,810,5,1-3,300,1
20250709,三国,12,予選,晴,南西,1,1,6,2,4030,森 高 一 真,29,13,6.81,2,0.16,,1-3-4,1210,4,1-3,290,1,1-3-4,810,5,1-3,300,1
20250709,三国,1,みくにあさイ,曇り,北西,1,1,1,1,4469,土 山 卓 也,67,28,6.85,1,0.13,1.50.1,1-4-5,3280,11,1-4,460,2,1-4-5,1510,6,1-4,420,3
20250709,三国,1,みくにあさイ,曇り,北西,1,1,2,4,3535,渡 修 平,43,37,6.79,4,0.13,1.52.4,1-4-5,3280,11,1-4,460,2,1-4-5,1510,6,1-4,420,3
20250709,三国,1,みくにあさイ,曇り,北西,1,1,3,5,3392,小 森 信 雄,61,67,6.87,5,0.14,1.53.4,1-4-5,3280,11,1-4,460,2,1-4-5,1510,6,1-4,420,3
20250709,三国,1,みくにあさイ,曇り,北西,1,1,4,2,4950,高 岡 竜 也,28,61,6.86,2,0.11,1.53.5,1-4-5,3280,11,1-4,460,2,1-4-5,1510,6,1-4,420,3
20250709,三国,1,みくにあさイ,曇り,北西,1,1,5,3,4167,片 岡 秀 樹,44,18,6.88,3,0.09,,1-4-5,3280,11,1-4,460,2,1-4-5,1510,6,1-4,420,3
20250709,三国,1,みくにあさイ,曇り,北西,1,1,6,6,4405,南 野 利 騰,11,47,6.82,6,0.13,,1-4-5,3280,11,1-4,460,2,1-4-5,1510,6,1-4,420,3
20250709,三国,2,みくにあさガ,曇り,北,1,1,1,1,4983,前 田 篤 哉,58,29,6.81,1,0.11,1.50.7,1-5-4,2260,6,1-5,410,2,1-4-5,1170,4,1-5,340,2
20250709,三国,2,みくにあさガ,曇り,北,1,1,2,5,5065,伊久間 陽 優,70,52,6.90,5,0.02,1.51.8,1-5-4,2260,6,1-5,410,2,1-4-5,1170,4,1-5,340,2
20250709,三国,2,みくにあさガ,曇り,北,1,1,3,4,3361,岡 部 浩,37,68,6.87,4,0.03,1.53.6,1-5-4,2260,6,1-5,410,2,1-4-5,1170,4,1-5,340,2
20250709,三国,2,みくにあさガ,曇り,北,1,1,4,3,5302,秋 末 秦 悟,53,42,6.87,3,0.10,1.53.7,1-5-4,2260,6,1-5,410,2,1-4-5,1170,4,1-5,340,2
20250709,三国,2,みくにあさガ,曇り,北,1,1,5,2,4298,宮 下 元 胤,27,23,6.81,2,0.13,,1-5-4,2260,6,1-5,410,2,1-4-5,1170,4,1-5,340,2
20250709,三国,2,みくにあさガ,曇り,北,1,1,6,6,5375,庄 島 潤 成,69,12,6.87,6,0.08,,1-5-4,2260,6,1-5,410,2,1-4-5,1170,4,1-5,340,2
20250709,三国,3,みくにあさズ,曇り,北,1,1,1,1,4384,鶴 本 崇 文,57,54,6.88,1,0.09,1.51.8,1-3-6,750,3,1-3,290,1,1-3-6,360,2,1-3,250,1
20250709,三国,3,みくにあさズ,曇り,北,1,1,2,3,4674,池 田 剛 規,24,22,6.84,3,0.06,1.52.5,1-3-6,750,3,1-3,290,1,1-3-6,360,2,1-3,250,1
20250709,三国,3,みくにあさズ,曇り,北,1,1,3,6,3982,福 田 理,13,50,6.87,5,0.04,1.54.0,1-3-6,750,3,1-3,290,1,1-3-6,360,2,1-3,250,1
20250709,三国,3,みくにあさズ,曇り,北,1,1,4,2,3710,吉 永 泰 弘,55,63,6.85,2,0.12,1.54.3,1-3-6,750,3,1-3,290,1,1-3-6,360,2,1-3,250,1
20250709,三国,3,みくにあさズ,曇り,北,1,1,5,5,3350,藤 本 佳 史,34,21,6.96,4,0.11,,1-3-6,750,3,1-3,290,1,1-3-6,360,2,1-3,250,1
20250709,三国,3,みくにあさズ,曇り,北,1,1,6,4,5383,中 村 楓,51,58,6.82,6,0.22,,1-3-6,750,3,1-3,290,1,1-3-6,360,2,1-3,250,1
20250709,三国,4,みくにあさ推,曇り,北西,2,2,1,2,3643,米 田 隆 弘,29,70,6.85,2,0.18,1.50.9,2-4-1,10710,37,2-4,4140,14,1-2-4,410,1,2-4,1230,7
20250709,三国,4,みくにあさ推,曇り,北西,2,2,2,4,3532,柴 田 光,22,15,6.72,3,0.15,1.51.1,2-4-1,10710,37,2-4,4140,14,1-2-4,410,1,2-4,1230,7
20250709,三国,4,みくにあさ推,曇り,北西,2,2,3,1,4156,浜 野 孝 志,68,35,6.87,1,0.21,1.53.7,2-4-1,10710,37,2-4,4140,14,1-2-4,410,1,2-4,1230,7
20250709,三国,4,みくにあさ推,曇り,北西,2,2,4,6,4934,佐々木 翔 斗,18,53,6.82,6,0.10,1.54.7,2-4-1,10710,37,2-4,4140,14,1-2-4,410,1,2-4,1230,7
20250709,三国,4,みくにあさ推,曇り,北西,2,2,5,3,3975,小野寺 智 洋,48,46,6.83,4,0.15,,2-4-1,10710,37,2-4,4140,14,1-2-4,410,1,2-4,1230,7
20250709,三国,4,みくにあさ推,曇り,北西,2,2,6,5,5143,常 盤 海 心,19,32,6.83,5,0.15,,2-4-1,10710,37,2-4,4140,14,1-2-4,410,1,2-4,1230,7
20250709,三国,5,一般,晴,北西,3,3,1,3,4535,北 山 康 介,54,40,6.77,3,0.17,1.50.6,3-1-5,2220,8,3-1,600,2,1-3-5,490,3,1-3,150,1
20250709,三国,5,一般,晴,北西,3,3,2,1,3606,川 北 浩 貴,39,45,6.82,1,0.19,1.53.2,3-1-5,2220,8,3-1,600,2,1-3-5,490,3,1-3,150,1
20250709,三国,5,一般,晴,北西,3,3,3,5,4950,高 岡 竜 也,28,61,6.87,5,0.19,1.54.1,3-1-5,2220,8,3-1,600,2,1-3-5,490,3,1-3,150,1
20250709,三国,5,一般,晴,北西,3,3,4,2,3825,宮 嵜 隆太郎,56,62,6.85,2,0.17,1.54.6,3-1-5,2220,8,3-1,600,2,1-3-5,490,3,1-3,150,1
20250709,三国,5,一般,晴,北西,3,3,5,6,5229,吉 川 晴 人,62,25,6.82,6,0.24,,3-1-5,2220,8,3-1,600,2,1-3-5,490,3,1-3,150,1
20250709,三国,5,一般,晴,北西,3,3,6,4,4723,寺 島 吉 彦,30,43,6.79,4,0.18,,3-1-5,2220,8,3-1,600,2,1-3-5,490,3,1-3,150,1
20250709,三国,6,一般,晴,北西,3,3,1,1,4346,前 田 健太郎,46,66,6.85,1,0.13,1.51.7,1-4-3,1820,4,1-4,820,2,1-3-4,580,1,1-4,660,3
20250709,三国,6,一般,晴,北西,3,3,2,4,4863,三 浦 裕 貴,31,26,6.89,6,0.09,1.52.6,1-4-3,1820,4,1-4,820,2,1-3-4,580,1,1-4,660,3
20250709,三国,6,一般,晴,北西,3,3,3,3,4405,南 野 利 騰,11,47,6.86,3,0.12,1.53.8,1-4-3,1820,4,1-4,820,2,1-3-4,580,1,1-4,660,3
20250709,三国,6,一般,晴,北西,3,3,4,5,3558,山 本 浩 次,42,44,6.90,4,0.08,1.54.4,1-4-3,1820,4,1-4,820,2,1-3-4,580,1,1-4,660,3
20250709,三国,6,一般,晴,北西,3,3,5,6,4359,横 川 聖 志,32,33,6.99,5,0.05,,1-4-3,1820,4,1-4,820,2,1-3-4,580,1,1-4,660,3
20250709,三国,6,一般,晴,北西,3,3,6,2,4404,岸 蔭 亮,65,13,6.97,2,0.15,,1-4-3,1820,4,1-4,820,2,1-3-4,580,1,1-4,660,3
20250709,三国,7,一般,晴,北西,4,4,1,1,3788,一 宮 稔 弘,26,11,6.86,1,0.09,1.51.6,1-2-5,510,2,1-2,180,1,1-2-5,210,1,1-2,220,1
20250709,三国,7,一般,晴,北西,4,4,2,2,5065,伊久間 陽 優,70,52,6.89,2,0.08,1.52.4,1-2-5,510,2,1-2,180,1,1-2-5,210,1,1-2,220,1
20250709,三国,7,一般,晴,北西,4,4,3,5,3710,吉 永 泰 弘,55,63,6.88,5,0.17,1.53.2,1-2-5,510,2,1-2,180,1,1-2-5,210,1,1-2,220,1
20250709,三国,7,一般,晴,北西,4,4,4,4,4167,片 岡 秀 樹,44,18,6.85,4,0.14,1.55.0,1-2-5,510,2,1-2,180,1,1-2-5,210,1,1-2,220,1
20250709,三国,7,一般,晴,北西,4,4,5,3,5355,萩 原 丈太朗,41,57,6.91,3,0.10,,1-2-5,510,2,1-2,180,1,1-2-5,210,1,1-2,220,1
20250709,三国,7,一般,晴,北西,4,4,6,6,5383,中 村 楓,51,58,6.79,6,0.21,,1-2-5,510,2,1-2,180,1,1-2-5,210,1,1-2,220,1
20250709,三国,8,一般,晴,北西,3,3,1,1,3957,大 谷 直 弘,35,20,6.89,1,0.17,1.51.0,1-2-5,990,1,1-2,390,1,1-2-5,480,1,1-2,230,1
20250709,三国,8,一般,晴,北西,3,3,2,2,3350,藤 本 佳 史,34,21,6.99,2,0.16,1.52.2,1-2-5,990,1,1-2,390,1,1-2-5,480,1,1-2,230,1
20250709,三国,8,一般,晴,北西,3,3,3,5,4469,土 山 卓 也,67,28,6.94,5,0.16,1.53.8,1-2-5,990,1,1-2,390,1,1-2-5,480,1,1-2,230,1
20250709,三国,8,一般,晴,北西,3,3,4,3,3361,岡 部 浩,37,68,6.92,3,0.21,1.55.1,1-2-5,990,1,1-2,390,1,1-2-5,480,1,1-2,230,1
20250709,三国,8,一般,晴,北西,3,3,5,4,5143,常 盤 海 心,19,32,6.89,4,0.17,,1-2-5,990,1,1-2,390,1,1-2-5,480,1,1-2,230,1
20250709,三国,8,一般,晴,北西,3,3,6,6,4156,浜 野 孝 志,68,35,6.88,6,0.29,,1-2-5,990,1,1-2,390,1,1-2-5,480,1,1-2,230,1
20250709,三国,9,一般特選,晴,北,3,3,1,1,4934,佐々木 翔 斗,18,53,6.85,1,0.10,1.51.9,1-2-4,990,3,1-2,430,3,1-2-4,440,1,1-2,320,1
20250709,三国,9,一般特選,晴,北,3,3,2,2,3392,小 森 信 雄,61,67,6.86,2,0.17,1.52.9,1-2-4,990,3,1-2,430,3,1-2-4,440,1,1-2,320,1
20250709,三国,9,一般特選,晴,北,3,3,3,4,3975,小野寺 智 洋,48,46,6.94,4,0.11,1.54.5,1-2-4,990,3,1-2,430,3,1-2-4,440,1,1-2,320,1
20250709,三国,9,一般特選,晴,北,3,3,4,3,4723,寺 島 吉 彦,30,43,6.85,3,0.15,1.55.6,1-2-4,990,3,1-2,430,3,1-2-4,440,1,1-2,320,1
20250709,三国,9,一般特選,晴,北,3,3,5,5,5302,秋 末 秦 悟,53,42,6.91,5,0.16,,1-2-4,990,3,1-2,430,3,1-2-4,440,1,1-2,320,1
20250709,三国,9,一般特選,晴,北,3,3,6,6,3606,川 北 浩 貴,39,45,6.86,6,0.22,,1-2-4,990,3,1-2,430,3,1-2-4,440,1,1-2,320,1
20250709,三国,10,選抜戦,晴,北,3,3,1,1,4359,横 川 聖 志,32,33,6.94,1,0.16,1.51.7,1-2-3,840,2,1-2,220,1,1-2-3,370,2,1-2,140,1
20250709,三国,10,選抜戦,晴,北,3,3,2,2,4535,北 山 康 介,54,40,6.91,2,0.21,1.53.0,1-2-3,840,2,1-2,220,1,1-2-3,370,2,1-2,140,1
20250709,三国,10,選抜戦,晴,北,3,3,3,3,3535,渡 修 平,43,37,6.79,3,0.18,1.54.7,1-2-3,840,2,1-2,220,1,1-2-3,370,2,1-2,140,1
20250709,三国,10,選抜戦,晴,北,3,3,4,4,4384,鶴 本 崇 文,57,54,6.93,4,0.20,1.55.0,1-2-3,840,2,1-2,220,1,1-2-3,370,2,1-2,140,1
20250709,三国,10,選抜戦,晴,北,3,3,5,5,4298,宮 下 元 胤,27,23,6.91,5,0.13,,1-2-3,840,2,1-2,220,1,1-2-3,370,2,1-2,140,1
20250709,三国,10,選抜戦,晴,北,3,3,6,6,4346,前 田 健太郎,46,66,6.91,6,0.13,,1-2-3,840,2,1-2,220,1,1-2-3,370,2,1-2,140,1
20250709,三国,11,選抜戦,晴,北西,4,4,1,1,5229,吉 川 晴 人,62,25,6.90,1,0.05,1.51.1,1-2-5,3280,10,1-2,320,2,1-2-5,1770,7,1-2,300,2
20250709,三国,11,選抜戦,晴,北西,4,4,2,2,4674,池 田 剛 規,24,22,6.87,2,0.06,1.53.1,1-2-5,3280,10,1-2,320,2,1-2-5,1770,7,1-2,300,2
20250709,三国,11,選抜戦,晴,北西,4,4,3,5,3643,米 田 隆 弘,29,70,6.90,5,0.08,1.55.5,1-2-5,3280,10,1-2,320,2,1-2-5,1770,7,1-2,300,2
20250709,三国,11,選抜戦,晴,北西,4,4,4,3,3532,柴 田 光,22,15,6.84,3,0.07,1.55.5,1-2-5,3280,10,1-2,320,2,1-2-5,1770,7,1-2,300,2
20250709,三国,11,選抜戦,晴,北西,4,4,5,4,4983,前 田 篤 哉,58,29,6.87,4,0.07,,1-2-5,3280,10,1-2,320,2,1-2-5,1770,7,1-2,300,2
20250709,三国,11,選抜戦,晴,北西,4,4,6,6,3788,一 宮 稔 弘,26,11,6.84,6,0.08,,1-2-5,3280,10,1-2,320,2,1-2-5,1770,7,1-2,300,2
20250709,常滑,12,優勝戦,晴,北西,3,3,1,3,4877,鈴 谷 一 平,66,51,6.83,3,0.10,1.50.4,3-4-5,59900,40,3-4,11110,11,3-4-5,19270,14,3-4,3550,6
20250709,常滑,12,優勝戦,晴,北西,3,3,2,4,3978,齊 藤 仁,12,69,6.81,4,0.11,1.51.4,3-4-5,59900,40,3-4,11110,11,3-4-5,19270,14,3-4,3550,6
20250709,常滑,12,優勝戦,晴,北西,3,3,3,5,5066,鈴 木 孝 明,16,55,6.86,5,0.13,1.52.9,3-4-5,59900,40,3-4,11110,11,3-4-5,19270,14,3-4,3550,6
20250709,常滑,12,優勝戦,晴,北西,3,3,4,2,4230,濱 崎 直 矢,23,72,6.83,2,0.13,1.53.7,3-4-5,59900,40,3-4,11110,11,3-4-5,19270,14,3-4,3550,6
20250709,常滑,12,優勝戦,晴,北西,3,3,5,1,4418,茅 原 悠 紀,33,39,6.75,1,0.13,,3-4-5,59900,40,3-4,11110,11,3-4-5,19270,14,3-4,3550,6
20250709,常滑,12,優勝戦,晴,北西,3,3,6,6,4175,川 尻 泰 輔,20,19,6.92,6,0.13,,3-4-5,59900,40,3-4,11110,11,3-4-5,19270,14,3-4,3550,6
20250709,常滑,1,朝トコ小判Ｒ,晴,南,2,0,1,1,4470,平 田 健之佑,54,69,6.86,1,0.08,1.50.2,1-2-3,1080,5,1-2,380,1,1-2-3,820,4,1-2,270,1
20250709,常滑,1,朝トコ小判Ｒ,晴,南,2,0,2,2,5085,中 村 栄 治,22,39,6.82,2,0.12,1.52.1,1-2-3,1080,5,1-2,380,1,1-2-3,820,4,1-2,270,1
20250709,常滑,1,朝トコ小判Ｒ,晴,南,2,0,3,3,5047,國 分 将太郎,45,73,6.83,3,0.16,1.53.6,1-2-3,1080,5,1-2,380,1,1-2-3,820,4,1-2,270,1
20250709,常滑,1,朝トコ小判Ｒ,晴,南,2,0,4,4,4289,落 合 直 子,52,15,6.78,4,0.09,1.54.6,1-2-3,1080,5,1-2,380,1,1-2-3,820,4,1-2,270,1
20250709,常滑,1,朝トコ小判Ｒ,晴,南,2,0,5,6,4618,乃 村 康 友,14,61,6.89,6,0.14,,1-2-3,1080,5,1-2,380,1,1-2-3,820,4,1-2,270,1
20250709,常滑,1,朝トコ小判Ｒ,晴,南,2,0,6,5,4301,関 裕 也,16,33,6.93,5,0.11,,1-2-3,1080,5,1-2,380,1,1-2-3,820,4,1-2,270,1
20250709,常滑,2,予選,晴,南西,1,0,1,2,4121,富 永 修 一,59,35,6.82,3,0.18,1.51.1,2-5-6,2910,10,2-5,1500,8,2-5-6,670,3,2-5,760,4
20250709,常滑,2,予選,晴,南西,1,0,2,5,3542,清 水 紀 克,1,56,6.88,2,0.12,1.52.0,2-5-6,2910,10,2-5,1500,8,2-5-6,670,3,2-5,760,4
20250709,常滑,2,予選,晴,南西,1,0,3,6,4598,加 藤 政 彦,44,38,6.87,5,0.21,1.53.5,2-5-6,2910,10,2-5,1500,8,2-5-6,670,3,2-5,760,4
20250709,常滑,2,予選,晴,南西,1,0,4,3,4766,石 井 孝 之,55,25,6.81,4,0.15,1.54.7,2-5-6,2910,10,2-5,1500,8,2-5-6,670,3,2-5,760,4
20250709,常滑,2,予選,晴,南西,1,0,5,1,5153,佐 藤 ほのか,17,12,6.79,1,0.27,,2-5-6,2910,10,2-5,1500,8,2-5-6,670,3,2-5,760,4
20250709,常滑,2,予選,晴,南西,1,0,6,4,5380,野 田 亜 湖,10,40,6.82,6,0.25,,2-5-6,2910,10,2-5,1500,8,2-5-6,670,3,2-5,760,4
20250709,常滑,3,予選,晴,南西,2,0,1,1,4358,松 本 庸 平,6,44,6.75,1,0.19,1.51.0,1-2-5,610,1,1-2,370,2,1-2-5,230,1,1-2,260,2
20250709,常滑,3,予選,晴,南西,2,0,2,2,4053,芦 澤 望,12,37,6.81,2,0.18,1.52.7,1-2-5,610,1,1-2,370,2,1-2-5,230,1,1-2,260,2
20250709,常滑,3,予選,晴,南西,2,0,3,5,4817,渡 邉 翼,15,75,6.82,5,0.37,1.54.0,1-2-5,610,1,1-2,370,2,1-2-5,230,1,1-2,260,2
20250709,常滑,3,予選,晴,南西,2,0,4,3,4803,飯 田 庄 吾,3,67,6.80,4,0.26,1.55.5,1-2-5,610,1,1-2,370,2,1-2-5,230,1,1-2,260,2
20250709,常滑,3,予選,晴,南西,2,0,5,4,3870,寺 嶋 雄,47,36,6.89,3,0.23,,1-2-5,610,1,1-2,370,2,1-2-5,230,1,1-2,260,2
20250709,常滑,3,予選,晴,南西,2,0,6,6,5362,中 嶋 世 奈,61,24,6.86,6,0.30,,1-2-5,610,1,1-2,370,2,1-2-5,230,1,1-2,260,2
20250709,常滑,4,予選,晴,南西,2,0,1,1,4329,小 松 卓 司,19,41,6.74,1,0.12,1.51.3,1-2-5,780,1,1-2,310,1,1-2-5,240,1,1-2,160,1
20250709,常滑,4,予選,晴,南西,2,0,2,2,4448,青 木 玄 太,5,68,6.81,2,0.12,1.51.9,1-2-5,780,1,1-2,310,1,1-2-5,240,1,1-2,160,1
20250709,常滑,4,予選,晴,南西,2,0,3,5,4076,杉 田 篤 光,56,11,6.82,5,0.21,1.54.1,1-2-5,780,1,1-2,310,1,1-2-5,240,1,1-2,160,1
20250709,常滑,4,予選,晴,南西,2,0,4,3,4253,西 川 真 人,35,46,6.83,3,0.14,1.55.4,1-2-5,780,1,1-2,310,1,1-2-5,240,1,1-2,160,1
20250709,常滑,4,予選,晴,南西,2,0,5,4,4367,山 口 修 路,28,42,6.84,4,0.27,,1-2-5,780,1,1-2,310,1,1-2-5,240,1,1-2,160,1
20250709,常滑,4,予選,晴,南西,2,0,6,6,3776,横 井 健 太,30,34,6.86,6,0.23,,1-2-5,780,1,1-2,310,1,1-2-5,240,1,1-2,160,1
20250709,常滑,5,予選,曇り,南,2,0,1,1,4876,梅 木 敬 太,31,26,6.79,1,0.17,1.50.2,1-2-5,830,2,1-2,620,3,1-2-5,230,1,1-2,490,3
20250709,常滑,5,予選,曇り,南,2,0,2,2,4931,木 谷 賢 太,58,54,6.81,2,0.15,1.51.0,1-2-5,830,2,1-2,620,3,1-2-5,230,1,1-2,490,3
20250709,常滑,5,予選,曇り,南,2,0,3,5,4427,秦 英 悟,53,14,6.75,5,0.16,1.53.9,1-2-5,830,2,1-2,620,3,1-2-5,230,1,1-2,490,3
20250709,常滑,5,予選,曇り,南,2,0,4,6,3539,金 子 順 一,9,20,6.84,6,0.13,1.55.4,1-2-5,830,2,1-2,620,3,1-2-5,230,1,1-2,490,3
20250709,常滑,5,予選,曇り,南,2,0,5,3,4618,乃 村 康 友,14,61,6.83,3,0.13,,1-2-5,830,2,1-2,620,3,1-2-5,230,1,1-2,490,3
20250709,常滑,5,予選,曇り,南,2,0,6,4,3652,森 下 勇,32,18,6.87,4,0.13,,1-2-5,830,2,1-2,620,3,1-2-5,230,1,1-2,490,3
20250709,常滑,6,昼トコ小判Ｒ,晴,南,3,1,1,1,3999,大 瀧 明日香,27,48,6.82,1,0.15,1.50.9,1-4-3,1500,5,1-4,620,3,1-3-4,420,2,1-4,570,3
20250709,常滑,6,昼トコ小判Ｒ,晴,南,3,1,2,4,4878,西 岡 育 未,33,60,6.80,4,0.14,1.52.1,1-4-3,1500,5,1-4,620,3,1-3-4,420,2,1-4,570,3
20250709,常滑,6,昼トコ小判Ｒ,晴,南,3,1,3,3,5218,山 田 理 央,48,59,6.77,3,0.13,1.52.6,1-4-3,1500,5,1-4,620,3,1-3-4,420,2,1-4,570,3
20250709,常滑,6,昼トコ小判Ｒ,晴,南,3,1,4,6,4289,落 合 直 子,52,15,6.80,5,0.15,1.53.2,1-4-3,1500,5,1-4,620,3,1-3-4,420,2,1-4,570,3
20250709,常滑,6,昼トコ小判Ｒ,晴,南,3,1,5,2,5153,佐 藤 ほのか,17,12,6.81,2,0.25,,1-4-3,1500,5,1-4,620,3,1-3-4,420,2,1-4,570,3
20250709,常滑,6,昼トコ小判Ｒ,晴,南,3,1,6,5,5357,田 中 瀬里奈,57,49,6.81,6,0.21,,1-4-3,1500,5,1-4,620,3,1-3-4,420,2,1-4,570,3
20250709,常滑,7,予選,晴,南西,3,1,1,5,4470,平 田 健之佑,54,69,6.83,1,0.06,1.51.3,5-4-2,2730,6,5-4,1500,7,2-4-5,280,2,4-5,930,3
20250709,常滑,7,予選,晴,南西,3,1,2,4,3663,木 山 和 幸,18,53,6.84,5,0.20,1.52.7,5-4-2,2730,6,5-4,1500,7,2-4-5,280,2,4-5,930,3
20250709,常滑,7,予選,晴,南西,3,1,3,2,4951,新 田 洋 一,24,19,6.86,4,0.20,1.54.8,5-4-2,2730,6,5-4,1500,7,2-4-5,280,2,4-5,930,3
20250709,常滑,7,予選,晴,南西,3,1,4,1,4803,飯 田 庄 吾,3,67,6.84,2,0.35,1.55.3,5-4-2,2730,6,5-4,1500,7,2-4-5,280,2,4-5,930,3
20250709,常滑,7,予選,晴,南西,3,1,5,3,4957,竹之内 極,29,22,6.83,3,0.39,,5-4-2,2730,6,5-4,1500,7,2-4-5,280,2,4-5,930,3
20250709,常滑,7,予選,晴,南西,3,1,6,6,5380,野 田 亜 湖,10,40,6.81,6,0.27,,5-4-2,2730,6,5-4,1500,7,2-4-5,280,2,4-5,930,3
20250709,常滑,8,予選,晴,南西,3,1,1,2,3613,角 谷 健 吾,20,70,6.80,2,0.17,1.51.5,2-1-5,1980,6,2-1,1330,6,1-2-5,210,1,1-2,340,2
20250709,常滑,8,予選,晴,南西,3,1,2,1,4766,石 井 孝 之,55,25,6.79,1,0.18,1.52.4,2-1-5,1980,6,2-1,1330,6,1-2-5,210,1,1-2,340,2
20250709,常滑,8,予選,晴,南西,3,1,3,5,3946,赤 岩 善 生,23,65,6.83,3,0.23,1.53.6,2-1-5,1980,6,2-1,1330,6,1-2-5,210,1,1-2,340,2
20250709,常滑,8,予選,晴,南西,3,1,4,4,4380,鈴 木 峻 佑,62,16,6.79,5,0.20,1.55.7,2-1-5,1980,6,2-1,1330,6,1-2-5,210,1,1-2,340,2
20250709,常滑,8,予選,晴,南西,3,1,5,6,4253,西 川 真 人,35,46,6.85,6,0.33,,2-1-5,1980,6,2-1,1330,6,1-2-5,210,1,1-2,340,2
20250709,常滑,8,予選,晴,南西,3,1,6,3,3870,寺 嶋 雄,47,36,6.83,4,0.18,,2-1-5,1980,6,2-1,1330,6,1-2-5,210,1,1-2,340,2
20250709,常滑,9,予選特賞,晴,南,3,1,1,1,4076,杉 田 篤 光,56,11,6.86,1,0.20,1.51.4,1-2-5,660,1,1-2,400,2,1-2-5,250,1,1-2,310,2
20250709,常滑,9,予選特賞,晴,南,3,1,2,2,4358,松 本 庸 平,6,44,6.80,2,0.23,1.52.8,1-2-5,660,1,1-2,400,2,1-2-5,250,1,1-2,310,2
20250709,常滑,9,予選特賞,晴,南,3,1,3,5,4598,加 藤 政 彦,44,38,6.87,5,0.19,1.54.0,1-2-5,660,1,1-2,400,2,1-2-5,250,1,1-2,310,2
20250709,常滑,9,予選特賞,晴,南,3,1,4,3,4158,木 場 雄二郎,25,43,6.85,3,0.19,1.55.4,1-2-5,660,1,1-2,400,2,1-2-5,250,1,1-2,310,2
20250709,常滑,9,予選特賞,晴,南,3,1,5,4,5283,植 木 美 帆,21,27,6.87,4,0.16,,1-2-5,660,1,1-2,400,2,1-2-5,250,1,1-2,310,2
20250709,常滑,9,予選特賞,晴,南,3,1,6,6,5085,中 村 栄 治,22,39,6.84,6,0.18,,1-2-5,660,1,1-2,400,2,1-2-5,250,1,1-2,310,2
20250709,常滑,10,予選特賞,晴,南,3,1,1,1,4427,秦 英 悟,53,14,6.76,1,0.05,1.49.5,1-4-6,2270,12,1-4,730,4,1-4-6,1700,8,1-4,820,4
20250709,常滑,10,予選特賞,晴,南,3,1,2,4,4329,小 松 卓 司,19,41,6.84,4,0.14,1.51.6,1-4-6,2270,12,1-4,730,4,1-4-6,1700,8,1-4,820,4
20250709,常滑,10,予選特賞,晴,南,3,1,3,6,4053,芦 澤 望,12,37,6.84,6,0.19,1.53.5,1-4-6,2270,12,1-4,730,4,1-4-6,1700,8,1-4,820,4
20250709,常滑,10,予選特賞,晴,南,3,1,4,5,4593,小 坂 宗 司,42,74,6.81,5,0.15,1.53.5,1-4-6,2270,12,1-4,730,4,1-4-6,1700,8,1-4,820,4
20250709,常滑,10,予選特賞,晴,南,3,1,5,2,4301,関 裕 也,16,33,6.88,2,0.14,,1-4-6,2270,12,1-4,730,4,1-4-6,1700,8,1-4,820,4
20250709,常滑,10,予選特賞,晴,南,3,1,6,3,3542,清 水 紀 克,1,56,6.88,3,0.12,,1-4-6,2270,12,1-4,730,4,1-4-6,1700,8,1-4,820,4
20250709,常滑,11,予選特選,晴,南,3,1,1,1,4448,青 木 玄 太,5,68,6.80,1,0.13,1.50.0,1-2-4,600,1,1-2,190,1,1-2-4,350,1,1-2,170,1
20250709,常滑,11,予選特選,晴,南,3,1,2,2,4817,渡 邉 翼,15,75,6.79,2,0.14,1.52.1,1-2-4,600,1,1-2,190,1,1-2-4,350,1,1-2,170,1
20250709,常滑,11,予選特選,晴,南,3,1,3,4,4931,木 谷 賢 太,58,54,6.87,4,0.14,1.53.2,1-2-4,600,1,1-2,190,1,1-2-4,350,1,1-2,170,1
20250709,常滑,11,予選特選,晴,南,3,1,4,6,5047,國 分 将太郎,45,73,6.88,6,0.19,1.54.8,1-2-4,600,1,1-2,190,1,1-2-4,350,1,1-2,170,1
20250709,常滑,11,予選特選,晴,南,3,1,5,3,4951,新 田 洋 一,24,19,6.89,3,0.15,,1-2-4,600,1,1-2,190,1,1-2-4,350,1,1-2,170,1
20250709,常滑,11,予選特選,晴,南,3,1,6,5,3999,大 瀧 明日香,27,48,6.83,5,0.11,,1-2-4,600,1,1-2,190,1,1-2-4,350,1,1-2,170,1
20250709,蒲郡,12,予選特選,晴,南,3,1,1,3,4824,松 井 洪 弥,34,66,6.78,3,0.04,1.49.7,3-1-6,3680,12,3-1,950,4,1-3-6,700,4,1-3,150,1
20250709,蒲郡,12,予選特選,晴,南,3,1,2,1,3946,赤 岩 善 生,23,65,6.79,1,0.05,1.51.0,3-1-6,3680,12,3-1,950,4,1-3-6,700,4,1-3,150,1
20250709,蒲郡,12,予選特選,晴,南,3,1,3,6,5218,山 田 理 央,48,59,6.78,6,0.03,1.52.9,3-1-6,3680,12,3-1,950,4,1-3-6,700,4,1-3,150,1
20250709,蒲郡,12,予選特選,晴,南,3,1,4,5,4121,富 永 修 一,59,35,6.81,5,0.04,1.54.6,3-1-6,3680,12,3-1,950,4,1-3-6,700,4,1-3,150,1
20250709,蒲郡,12,予選特選,晴,南,3,1,5,4,4583,古 田 祐 貴,39,28,6.82,4,0.03,,3-1-6,3680,12,3-1,950,4,1-3-6,700,4,1-3,150,1
20250709,蒲郡,12,予選特選,晴,南,3,1,6,2,3539,金 子 順 一,9,20,6.86,2,0.06,,3-1-6,3680,12,3-1,950,4,1-3-6,700,4,1-3,150,1
20250709,蒲郡,1,予選,晴,南西,3,1,1,3,4778,堤 啓 輔,13,33,6.74,3,0.17,1.51.7,3-5-1,9610,32,3-5,3140,13,1-3-5,590,4,3-5,1750,8
20250709,蒲郡,1,予選,晴,南西,3,1,2,5,4003,表 憲 一,74,15,6.66,5,0.19,1.52.8,3-5-1,9610,32,3-5,3140,13,1-3-5,590,4,3-5,1750,8
20250709,蒲郡,1,予選,晴,南西,3,1,3,1,3687,花 田 和 明,75,30,6.63,1,0.16,1.54.5,3-5-1,9610,32,3-5,3140,13,1-3-5,590,4,3-5,1750,8
20250709,蒲郡,1,予選,晴,南西,3,1,4,4,3614,谷 勝 幸,26,36,6.74,4,0.19,1.56.0,3-5-1,9610,32,3-5,3140,13,1-3-5,590,4,3-5,1750,8
20250709,蒲郡,1,予選,晴,南西,3,1,5,2,4152,深 水 慎一郎,15,72,6.74,2,0.21,,3-5-1,9610,32,3-5,3140,13,1-3-5,590,4,3-5,1750,8
20250709,蒲郡,1,予選,晴,南西,3,1,6,6,5354,渡 邊 雄 斗,40,34,6.75,6,0.24,,3-5-1,9610,32,3-5,3140,13,1-3-5,590,4,3-5,1750,8
20250709,蒲郡,2,予選,晴,南西,3,1,1,1,4458,抹 香 雄 三,50,49,6.64,1,0.11,1.51.4,1-2-6,2970,10,1-2,400,2,1-2-6,1780,9,1-2,440,1
20250709,蒲郡,2,予選,晴,南西,3,1,2,2,2878,富 山 弘 幸,55,29,6.75,2,0.13,1.52.6,1-2-6,2970,10,1-2,400,2,1-2-6,1780,9,1-2,440,1
20250709,蒲郡,2,予選,晴,南西,3,1,3,6,4594,谷 川 祐 一,70,73,6.69,6,0.04,1.53.5,1-2-6,2970,10,1-2,400,2,1-2-6,1780,9,1-2,440,1
20250709,蒲郡,2,予選,晴,南西,3,1,4,3,3838,伊 藤 啓 三,54,38,6.71,3,0.13,1.54.1,1-2-6,2970,10,1-2,400,2,1-2-6,1780,9,1-2,440,1
20250709,蒲郡,2,予選,晴,南西,3,1,5,5,3685,荒 井 輝 年,24,62,6.72,5,0.05,,1-2-6,2970,10,1-2,400,2,1-2-6,1780,9,1-2,440,1
20250709,蒲郡,2,予選,晴,南西,3,1,6,4,5039,倉 田 茂 将,60,57,6.76,4,0.05,,1-2-6,2970,10,1-2,400,2,1-2-6,1780,9,1-2,440,1
20250709,蒲郡,3,予選,晴,南西,3,1,1,1,3771,折 下 寛 法,48,28,6.66,1,0.20,1.50.3,1-3-6,1530,4,1-3,600,2,1-3-6,550,2,1-3,550,3
20250709,蒲郡,3,予選,晴,南西,3,1,2,3,4435,服 部 達 哉,21,54,6.76,3,0.17,1.51.6,1-3-6,1530,4,1-3,600,2,1-3-6,550,2,1-3,550,3
20250709,蒲郡,3,予選,晴,南西,3,1,3,6,3833,中 辻 博 訓,72,64,6.66,5,0.09,1.53.8,1-3-6,1530,4,1-3,600,2,1-3-6,550,2,1-3,550,3
20250709,蒲郡,3,予選,晴,南西,3,1,4,5,5353,草 川 壮 良,14,71,6.72,6,0.15,1.55.9,1-3-6,1530,4,1-3,600,2,1-3-6,550,2,1-3,550,3
20250709,蒲郡,3,予選,晴,南西,3,1,5,2,4888,金 児 隆 太,73,52,6.68,2,0.19,,1-3-6,1530,4,1-3,600,2,1-3-6,550,2,1-3,550,3
20250709,蒲郡,3,予選,晴,南西,3,1,6,4,4648,木 村 亮 太,29,74,6.68,4,0.12,,1-3-6,1530,4,1-3,600,2,1-3-6,550,2,1-3,550,3
20250709,蒲郡,4,予選,晴,南東,3,1,1,1,4257,古 川 健,16,75,6.67,1,0.11,1.50.3,1-4-5,3590,13,1-4,610,3,1-4-5,1220,5,1-4,620,2
20250709,蒲郡,4,予選,晴,南東,3,1,2,4,3502,渡 邉 英 児,59,69,6.68,4,0.15,1.51.7,1-4-5,3590,13,1-4,610,3,1-4-5,1220,5,1-4,620,2
20250709,蒲郡,4,予選,晴,南東,3,1,3,5,4842,山 下 昂 大,27,12,6.71,5,0.15,1.53.0,1-4-5,3590,13,1-4,610,3,1-4-5,1220,5,1-4,620,2
20250709,蒲郡,4,予選,晴,南東,3,1,4,2,3966,作 間 章,64,39,6.68,2,0.27,1.53.9,1-4-5,3590,13,1-4,610,3,1-4-5,1220,5,1-4,620,2
20250709,蒲郡,4,予選,晴,南東,3,1,5,6,4039,村 上 功 祐,63,55,6.70,6,0.18,,1-4-5,3590,13,1-4,610,3,1-4-5,1220,5,1-4,620,2
20250709,蒲郡,4,予選,晴,南東,3,1,6,3,4142,平 野 和 明,39,37,6.69,3,0.19,,1-4-5,3590,13,1-4,610,3,1-4-5,1220,5,1-4,620,2
20250709,蒲郡,5,予選,晴,南東,3,1,1,3,3550,都 築 正 治,34,70,6.70,3,0.14,1.50.6,3-6-1,2550,11,3-6,820,3,1-3-6,400,2,3-6,490,2
20250709,蒲郡,5,予選,晴,南東,3,1,2,6,4760,山 崎 郡,35,24,6.71,4,0.18,1.51.9,3-6-1,2550,11,3-6,820,3,1-3-6,400,2,3-6,490,2
20250709,蒲郡,5,予選,晴,南東,3,1,3,1,4782,浜 崎 準 也,25,21,6.76,1,0.11,1.53.3,3-6-1,2550,11,3-6,820,3,1-3-6,400,2,3-6,490,2
20250709,蒲郡,5,予選,晴,南東,3,1,4,5,3920,正 木 聖 賢,49,66,6.77,2,0.09,1.53.8,3-6-1,2550,11,3-6,820,3,1-3-6,400,2,3-6,490,2
20250709,蒲郡,5,予選,晴,南東,3,1,5,2,4552,杉 山 勝 匡,22,61,6.78,5,0.13,,3-6-1,2550,11,3-6,820,3,1-3-6,400,2,3-6,490,2
20250709,蒲郡,5,予選,晴,南東,3,1,6,4,5381,有 山 望,32,13,6.70,6,0.15,,3-6-1,2550,11,3-6,820,3,1-3-6,400,2,3-6,490,2
20250709,蒲郡,6,予選,晴,南東,2,1,1,1,4342,谷 野 錬 志,62,22,6.75,1,0.18,1.50.0,1-5-2,1630,6,1-5,990,5,1-2-5,390,3,1-5,720,4
20250709,蒲郡,6,予選,晴,南東,2,1,2,5,4587,木 田 峰由季,19,68,6.82,4,0.15,1.53.0,1-5-2,1630,6,1-5,990,5,1-2-5,390,3,1-5,720,4
20250709,蒲郡,6,予選,晴,南東,2,1,3,2,4794,和 田 拓 也,76,58,6.74,2,0.26,1.54.5,1-5-2,1630,6,1-5,990,5,1-2-5,390,3,1-5,720,4
20250709,蒲郡,6,予選,晴,南東,2,1,4,3,4277,金 田 大 輔,43,25,6.78,3,0.22,1.56.2,1-5-2,1630,6,1-5,990,5,1-2-5,390,3,1-5,720,4
20250709,蒲郡,6,予選,晴,南東,2,1,5,4,4540,相 原 利 章,36,77,6.77,5,0.13,,1-5-2,1630,6,1-5,990,5,1-2-5,390,3,1-5,720,4
20250709,蒲郡,6,予選,晴,南東,2,1,6,6,5354,渡 邊 雄 斗,40,34,6.86,6,0.19,,1-5-2,1630,6,1-5,990,5,1-2-5,390,3,1-5,720,4
20250709,蒲郡,7,予選 進入固定,晴,南東,2,1,1,1,4276,鈴 木 勝 博,45,27,6.69,1,0.11,1.50.6,1-4-3,650,1,1-4,360,3,1-3-4,280,1,1-4,220,1
20250709,蒲郡,7,予選 進入固定,晴,南東,2,1,2,4,4036,金 田 諭,18,63,6.72,4,0.11,1.53.0,1-4-3,650,1,1-4,360,3,1-3-4,280,1,1-4,220,1
20250709,蒲郡,7,予選 進入固定,晴,南東,2,1,3,3,4003,表 憲 一,74,15,6.68,3,0.09,1.54.0,1-4-3,650,1,1-4,360,3,1-3-4,280,1,1-4,220,1
20250709,蒲郡,7,予選 進入固定,晴,南東,2,1,4,6,5353,草 川 壮 良,14,71,6.68,6,0.17,1.54.9,1-4-3,650,1,1-4,360,3,1-3-4,280,1,1-4,220,1
20250709,蒲郡,7,予選 進入固定,晴,南東,2,1,5,2,3268,森 竜 也,23,51,6.69,2,0.16,,1-4-3,650,1,1-4,360,3,1-3-4,280,1,1-4,220,1
20250709,蒲郡,7,予選 進入固定,晴,南東,2,1,6,5,4458,抹 香 雄 三,50,49,6.70,5,0.15,,1-4-3,650,1,1-4,360,3,1-3-4,280,1,1-4,220,1
20250709,蒲郡,8,予選,晴,南東,2,1,1,3,3614,谷 勝 幸,26,36,6.77,3,0.10,1.50.6,3-2-4,26730,54,3-2,6930,15,2-3-4,1920,6,2-3,760,3
20250709,蒲郡,8,予選,晴,南東,2,1,2,2,4500,山 田 康 二,37,23,6.69,2,0.11,1.50.9,3-2-4,26730,54,3-2,6930,15,2-3-4,1920,6,2-3,760,3
20250709,蒲郡,8,予選,晴,南東,2,1,3,4,4988,牟 田 奨 太,61,67,6.80,4,0.09,1.54.1,3-2-4,26730,54,3-2,6930,15,2-3-4,1920,6,2-3,760,3
20250709,蒲郡,8,予選,晴,南東,2,1,4,5,3838,伊 藤 啓 三,54,38,6.78,5,0.17,1.54.3,3-2-4,26730,54,3-2,6930,15,2-3-4,1920,6,2-3,760,3
20250709,蒲郡,8,予選,晴,南東,2,1,5,1,4648,木 村 亮 太,29,60,6.71,1,0.15,,3-2-4,26730,54,3-2,6930,15,2-3-4,1920,6,2-3,760,3
20250709,蒲郡,8,予選,晴,南東,2,1,6,6,4563,齋 藤 真 之,77,76,6.75,6,0.20,,3-2-4,26730,54,3-2,6930,15,2-3-4,1920,6,2-3,760,3
20250709,蒲郡,9,予選特賞,晴,南東,2,1,1,1,4706,三 浦 洋次朗,57,32,6.71,1,0.22,1.51.1,1-3-2,1180,2,1-3,330,1,1-2-3,470,2,1-3,300,1
20250709,蒲郡,9,予選特賞,晴,南東,2,1,2,3,3655,本 橋 克 洋,69,20,6.77,3,0.20,1.51.8,1-3-2,1180,2,1-3,330,1,1-2-3,470,2,1-3,300,1
20250709,蒲郡,9,予選特賞,晴,南東,2,1,3,2,3685,荒 井 輝 年,24,62,6.70,2,0.20,1.53.8,1-3-2,1180,2,1-3,330,1,1-2-3,470,2,1-3,300,1
20250709,蒲郡,9,予選特賞,晴,南東,2,1,4,6,4152,深 水 慎一郎,15,72,6.73,6,0.27,1.54.6,1-3-2,1180,2,1-3,330,1,1-2-3,470,2,1-3,300,1
20250709,蒲郡,9,予選特賞,晴,南東,2,1,5,5,3965,北 中 元 樹,20,11,6.81,5,0.22,,1-3-2,1180,2,1-3,330,1,1-2-3,470,2,1-3,300,1
20250709,蒲郡,9,予選特賞,晴,南東,2,1,6,4,4257,古 川 健,16,75,6.74,4,0.20,,1-3-2,1180,2,1-3,330,1,1-2-3,470,2,1-3,300,1
20250709,蒲郡,10,予選特賞,晴,南東,2,1,1,1,3362,間 嶋 仁 志,11,26,6.84,1,0.08,1.50.5,1-2-5,920,2,1-2,360,1,1-2-5,380,2,1-2,240,1
20250709,蒲郡,10,予選特賞,晴,南東,2,1,2,2,4842,山 下 昂 大,27,12,6.84,2,0.11,1.51.9,1-2-5,920,2,1-2,360,1,1-2-5,380,2,1-2,240,1
20250709,蒲郡,10,予選特賞,晴,南東,2,1,3,5,4888,金 児 隆 太,73,52,6.74,5,0.21,1.53.5,1-2-5,920,2,1-2,360,1,1-2-5,380,2,1-2,240,1
20250709,蒲郡,10,予選特賞,晴,南東,2,1,4,3,4540,相 原 利 章,36,77,6.83,3,0.10,1.55.0,1-2-5,920,2,1-2,360,1,1-2-5,380,2,1-2,240,1
20250709,蒲郡,10,予選特賞,晴,南東,2,1,5,4,3687,花 田 和 明,75,30,6.84,4,0.11,,1-2-5,920,2,1-2,360,1,1-2-5,380,2,1-2,240,1
20250709,蒲郡,10,予選特賞,晴,南東,2,1,6,6,2878,富 山 弘 幸,55,29,6.80,6,0.15,,1-2-5,920,2,1-2,360,1,1-2-5,380,2,1-2,240,1
20250709,蒲郡,11,予選特選,晴,南東,2,1,1,1,4036,金 田 諭,18,63,6.80,1,0.16,1.50.8,1-5-4,4830,15,1-5,1450,5,1-4-5,1290,5,1-5,1660,5
20250709,蒲郡,11,予選特選,晴,南東,2,1,2,5,4435,服 部 達 哉,21,54,6.86,5,0.23,1.51.7,1-5-4,4830,15,1-5,1450,5,1-4-5,1290,5,1-5,1660,5
20250709,蒲郡,11,予選特選,晴,南東,2,1,3,4,4594,谷 川 祐 一,70,73,6.89,4,0.20,1.53.1,1-5-4,4830,15,1-5,1450,5,1-4-5,1290,5,1-5,1660,5
20250709,蒲郡,11,予選特選,晴,南東,2,1,4,3,3502,渡 邉 英 児,59,69,6.77,3,0.15,1.54.3,1-5-4,4830,15,1-5,1450,5,1-4-5,1290,5,1-5,1660,5
20250709,蒲郡,11,予選特選,晴,南東,2,1,5,2,4587,木 田 峰由季,19,68,6.83,2,0.14,,1-5-4,4830,15,1-5,1450,5,1-4-5,1290,5,1-5,1660,5
20250709,蒲郡,11,予選特選,晴,南東,2,1,6,6,4552,杉 山 勝 匡,22,61,6.72,6,0.26,,1-5-4,4830,15,1-5,1450,5,1-4-5,1290,5,1-5,1660,5
20250709,多摩川,12,ドリーム戦,晴,南東,2,1,1,4,4276,鈴 木 勝 博,45,27,6.84,4,0.13,1.49.2,4-1-6,18210,35,4-1,2630,8,1-4-6,1950,9,1-4,460,3
20250709,多摩川,12,ドリーム戦,晴,南東,2,1,2,1,4500,山 田 康 二,37,23,6.79,1,0.18,1.51.3,4-1-6,18210,35,4-1,2630,8,1-4-6,1950,9,1-4,460,3
20250709,多摩川,12,ドリーム戦,晴,南東,2,1,3,6,4794,和 田 拓 也,76,58,6.76,6,0.12,1.53.8,4-1-6,18210,35,4-1,2630,8,1-4-6,1950,9,1-4,460,3
20250709,多摩川,12,ドリーム戦,晴,南東,2,1,4,3,4760,山 崎 郡,35,24,6.79,3,0.18,1.54.4,4-1-6,18210,35,4-1,2630,8,1-4-6,1950,9,1-4,460,3
20250709,多摩川,12,ドリーム戦,晴,南東,2,1,5,2,3833,中 辻 博 訓,72,64,6.85,2,0.20,,4-1-6,18210,35,4-1,2630,8,1-4-6,1950,9,1-4,460,3
20250709,多摩川,12,ドリーム戦,晴,南東,2,1,6,5,3966,作 間 章,64,39,6.82,5,0.25,,4-1-6,18210,35,4-1,2630,8,1-4-6,1950,9,1-4,460,3
20250709,多摩川,1,予選,晴,南東,2,2,1,2,5054,佐々木 大 河,19,38,6.81,2,0.22,1.50.5,2-1-5,2170,7,2-1,870,4,1-2-5,370,1,1-2,280,1
20250709,多摩川,1,予選,晴,南東,2,2,2,1,4676,後 藤 隼 之,42,67,6.85,1,0.18,1.52.8,2-1-5,2170,7,2-1,870,4,1-2-5,370,1,1-2,280,1
20250709,多摩川,1,予選,晴,南東,2,2,3,5,4114,深 澤 達 徳,35,66,6.81,5,0.24,1.53.5,2-1-5,2170,7,2-1,870,4,1-2-5,370,1,1-2,280,1
20250709,多摩川,1,予選,晴,南東,2,2,4,6,4432,黄金井 力 良,46,40,6.86,6,0.21,1.53.9,2-1-5,2170,7,2-1,870,4,1-2-5,370,1,1-2,280,1
20250709,多摩川,1,予選,晴,南東,2,2,5,3,4672,守 屋 大 地,39,60,6.86,3,0.27,,2-1-5,2170,7,2-1,870,4,1-2-5,370,1,1-2,280,1
20250709,多摩川,1,予選,晴,南東,2,2,6,4,5344,谷 口 丞,21,27,6.90,4,0.23,,2-1-5,2170,7,2-1,870,4,1-2-5,370,1,1-2,280,1
20250709,多摩川,2,予選,晴,南東,2,2,1,3,4140,梶 野 学 志,18,36,6.78,3,0.23,1.50.9,3-2-1,2360,5,3-2,580,1,1-2-3,570,2,2-3,450,2
20250709,多摩川,2,予選,晴,南東,2,2,2,2,4664,東 口 晃,73,82,6.77,2,0.25,1.52.0,3-2-1,2360,5,3-2,580,1,1-2-3,570,2,2-3,450,2
20250709,多摩川,2,予選,晴,南東,2,2,3,1,3630,黒 田 誠 司,15,39,6.78,1,0.16,1.54.0,3-2-1,2360,5,3-2,580,1,1-2-3,570,2,2-3,450,2
20250709,多摩川,2,予選,晴,南東,2,2,4,6,4210,松 村 康 太,60,62,6.80,6,0.22,1.54.1,3-2-1,2360,5,3-2,580,1,1-2-3,570,2,2-3,450,2
20250709,多摩川,2,予選,晴,南東,2,2,5,4,5070,中 島 航,63,45,6.82,4,0.26,,3-2-1,2360,5,3-2,580,1,1-2-3,570,2,2-3,450,2
20250709,多摩川,2,予選,晴,南東,2,2,6,5,4031,飯 島 誠,23,53,6.82,5,0.21,,3-2-1,2360,5,3-2,580,1,1-2-3,570,2,2-3,450,2
20250709,多摩川,3,予選,晴,南西,2,2,1,5,4109,谷 津 幸 宏,30,22,6.77,5,0.07,1.49.8,5-3-6,8460,31,5-3,2130,8,3-5-6,1970,11,3-5,1130,4
20250709,多摩川,3,予選,晴,南西,2,2,2,3,4538,笠 置 博 之,37,33,6.81,3,0.14,1.51.4,5-3-6,8460,31,5-3,2130,8,3-5-6,1970,11,3-5,1130,4
20250709,多摩川,3,予選,晴,南西,2,2,3,6,5023,久 永 祥 平,29,81,6.77,6,0.09,1.53.0,5-3-6,8460,31,5-3,2130,8,3-5-6,1970,11,3-5,1130,4
20250709,多摩川,3,予選,晴,南西,2,2,4,1,5082,一 色 凌 雅,59,37,6.72,1,0.21,1.54.1,5-3-6,8460,31,5-3,2130,8,3-5-6,1970,11,3-5,1130,4
20250709,多摩川,3,予選,晴,南西,2,2,5,2,4633,森 智 也,25,70,6.79,2,0.18,,5-3-6,8460,31,5-3,2130,8,3-5-6,1970,11,3-5,1130,4
20250709,多摩川,3,予選,晴,南西,2,2,6,4,5371,早 川 颯 太,33,63,6.75,4,0.19,,5-3-6,8460,31,5-3,2130,8,3-5-6,1970,11,3-5,1130,4
20250709,多摩川,4,予選,晴,南東,2,2,1,4,3692,竹 腰 正 樹,36,68,6.82,5,0.14,1.51.6,4-6-2,11900,45,4-6,4700,20,2-4-6,3330,11,4-6,2840,10
20250709,多摩川,4,予選,晴,南東,2,2,2,6,5211,高 井 駿 弥,32,71,6.85,6,0.15,1.52.4,4-6-2,11900,45,4-6,4700,20,2-4-6,3330,11,4-6,2840,10
20250709,多摩川,4,予選,晴,南東,2,2,3,2,4356,長 岡 良 也,68,42,6.79,2,0.22,1.53.0,4-6-2,11900,45,4-6,4700,20,2-4-6,3330,11,4-6,2840,10
20250709,多摩川,4,予選,晴,南東,2,2,4,1,3708,岡 部 貴 司,12,24,6.85,1,0.21,1.54.8,4-6-2,11900,45,4-6,4700,20,2-4-6,3330,11,4-6,2840,10
20250709,多摩川,4,予選,晴,南東,2,2,5,3,4105,松 下 直 也,28,73,6.84,3,0.27,,4-6-2,11900,45,4-6,4700,20,2-4-6,3330,11,4-6,2840,10
20250709,多摩川,4,予選,晴,南東,2,2,6,5,3554,仲 口 博 崇,40,83,6.86,4,0.34,,4-6-2,11900,45,4-6,4700,20,2-4-6,3330,11,4-6,2840,10
20250709,多摩川,5,予選,晴,南,3,2,1,5,4391,松 田 祐 季,13,84,6.87,5,0.18,1.51.2,5-3-2,17520,62,5-3,3210,16,2-3-5,1760,9,3-5,1690,8
20250709,多摩川,5,予選,晴,南,3,2,2,3,4676,後 藤 隼 之,42,67,6.83,3,0.12,1.52.7,5-3-2,17520,62,5-3,3210,16,2-3-5,1760,9,3-5,1690,8
20250709,多摩川,5,予選,晴,南,3,2,3,2,4635,峰 重 力 也,45,28,6.84,2,0.11,1.54.3,5-3-2,17520,62,5-3,3210,16,2-3-5,1760,9,3-5,1690,8
20250709,多摩川,5,予選,晴,南,3,2,4,6,3831,安 藤 裕 貴,38,57,6.79,6,0.18,1.54.9,5-3-2,17520,62,5-3,3210,16,2-3-5,1760,9,3-5,1690,8
20250709,多摩川,5,予選,晴,南,3,2,5,4,4207,松 下 一 也,31,77,6.78,4,0.12,,5-3-2,17520,62,5-3,3210,16,2-3-5,1760,9,3-5,1690,8
20250709,多摩川,5,予選,晴,南,3,2,6,1,5300,横 田 海 人,65,26,6.85,1,0.25,,5-3-2,17520,62,5-3,3210,16,2-3-5,1760,9,3-5,1690,8
20250709,多摩川,6,予選,晴,南東,3,2,1,2,4828,松 山 将 吾,20,32,6.81,2,0.12,1.50.2,2-6-3,5000,19,2-6,1010,5,2-3-6,990,6,2-6,930,5
20250709,多摩川,6,予選,晴,南東,3,2,2,6,4051,清 水 敦 揮,58,54,6.86,6,0.26,1.51.3,2-6-3,5000,19,2-6,1010,5,2-3-6,990,6,2-6,930,5
20250709,多摩川,6,予選,晴,南東,3,2,3,3,4664,東 口 晃,73,82,6.79,3,0.10,1.52.8,2-6-3,5000,19,2-6,1010,5,2-3-6,990,6,2-6,930,5
20250709,多摩川,6,予選,晴,南東,3,2,4,4,3713,伊 藤 誠 二,27,41,6.79,4,0.11,1.54.0,2-6-3,5000,19,2-6,1010,5,2-3-6,990,6,2-6,930,5
20250709,多摩川,6,予選,晴,南東,3,2,5,1,3775,泉 啓 文,47,64,6.85,1,0.25,,2-6-3,5000,19,2-6,1010,5,2-3-6,990,6,2-6,930,5
20250709,多摩川,6,予選,晴,南東,3,2,6,5,5344,谷 口 丞,21,27,6.85,5,0.19,,2-6-3,5000,19,2-6,1010,5,2-3-6,990,6,2-6,930,5
20250709,多摩川,7,予選,晴,南東,3,2,1,1,4140,梶 野 学 志,18,36,6.85,1,0.13,2.02.1,1-3-5,1440,4,1-3,130,1,1-3-5,780,3,1-3,170,1
20250709,多摩川,7,予選,晴,南東,3,2,2,3,4199,北 川 潤 二,52,47,6.77,3,0.08,2.04.2,1-3-5,1440,4,1-3,130,1,1-3-5,780,3,1-3,170,1
20250709,多摩川,7,予選,晴,南東,3,2,3,5,4672,守 屋 大 地,39,60,6.90,5,0.11,2.07.6,1-3-5,1440,4,1-3,130,1,1-3-5,780,3,1-3,170,1
20250709,多摩川,7,予選,晴,南東,3,2,4,6,4113,木 村 浩 士,54,44,6.84,6,0.09,2.11.3,1-3-5,1440,4,1-3,130,1,1-3-5,780,3,1-3,170,1
20250709,多摩川,8,予選,晴,南,3,2,1,1,4086,寺 本 重 宣,64,55,6.74,1,0.16,1.49.8,1-2-4,860,3,1-2,290,1,1-2-4,670,3,1-2,260,1
20250709,多摩川,8,予選,晴,南,3,2,2,2,3692,竹 腰 正 樹,36,68,6.74,2,0.08,1.51.8,1-2-4,860,3,1-2,290,1,1-2-4,670,3,1-2,260,1
20250709,多摩川,8,予選,晴,南,3,2,3,4,4633,森 智 也,25,70,6.84,4,0.15,1.53.3,1-2-4,860,3,1-2,290,1,1-2-4,670,3,1-2,260,1
20250709,多摩川,8,予選,晴,南,3,2,4,3,3630,黒 田 誠 司,15,39,6.83,3,0.05,1.53.9,1-2-4,860,3,1-2,290,1,1-2-4,670,3,1-2,260,1
20250709,多摩川,8,予選,晴,南,3,2,5,6,4397,西 村 拓 也,41,34,6.85,6,0.08,,1-2-4,860,3,1-2,290,1,1-2-4,670,3,1-2,260,1
20250709,多摩川,8,予選,晴,南,3,2,6,5,4211,村 田 敦,34,52,6.92,5,0.08,,1-2-4,860,3,1-2,290,1,1-2-4,670,3,1-2,260,1
20250709,多摩川,9,予選特賞,晴,南,3,2,1,4,3554,仲 口 博 崇,40,83,6.82,4,0.19,1.51.1,4-6-3,22700,44,4-6,3260,7,3-4-6,5260,13,4-6,3080,8
20250709,多摩川,9,予選特賞,晴,南,3,2,2,6,4114,深 澤 達 徳,35,66,6.85,6,0.24,1.52.3,4-6-3,22700,44,4-6,3260,7,3-4-6,5260,13,4-6,3080,8
20250709,多摩川,9,予選特賞,晴,南,3,2,3,3,5070,中 島 航,63,45,6.79,3,0.21,1.54.0,4-6-3,22700,44,4-6,3260,7,3-4-6,5260,13,4-6,3080,8
20250709,多摩川,9,予選特賞,晴,南,3,2,4,2,3793,高 橋 真 吾,72,76,6.82,2,0.23,1.54.2,4-6-3,22700,44,4-6,3260,7,3-4-6,5260,13,4-6,3080,8
20250709,多摩川,9,予選特賞,晴,南,3,2,5,5,5300,横 田 海 人,65,26,6.88,5,0.22,,4-6-3,22700,44,4-6,3260,7,3-4-6,5260,13,4-6,3080,8
20250709,多摩川,9,予選特賞,晴,南,3,2,6,1,4793,金 子 萌,61,59,6.79,1,0.24,,4-6-3,22700,44,4-6,3260,7,3-4-6,5260,13,4-6,3080,8
20250709,多摩川,10,予選特賞,晴,南,2,2,1,1,4207,松 下 一 也,31,77,6.71,1,0.12,1.50.8,1-2-5,15720,33,1-2,640,4,1-2-5,7480,13,1-2,450,3
20250709,多摩川,10,予選特賞,晴,南,2,2,2,2,5175,島 崎 丈一朗,50,48,6.78,2,0.20,1.52.6,1-2-5,15720,33,1-2,640,4,1-2-5,7480,13,1-2,450,3
20250709,多摩川,10,予選特賞,晴,南,2,2,3,5,5371,早 川 颯 太,33,63,6.73,6,0.18,1.53.2,1-2-5,15720,33,1-2,640,4,1-2-5,7480,13,1-2,450,3
20250709,多摩川,10,予選特賞,晴,南,2,2,4,3,3992,関 口 智 久,66,74,6.79,3,0.18,1.55.1,1-2-5,15720,33,1-2,640,4,1-2-5,7480,13,1-2,450,3
20250709,多摩川,10,予選特賞,晴,南,2,2,5,6,4420,津久井 拓 也,51,78,6.72,5,0.15,,1-2-5,15720,33,1-2,640,4,1-2-5,7480,13,1-2,450,3
20250709,多摩川,10,予選特賞,晴,南,2,2,6,4,5211,高 井 駿 弥,32,71,6.75,4,0.15,,1-2-5,15720,33,1-2,640,4,1-2-5,7480,13,1-2,450,3
20250709,多摩川,11,予選特選,晴,南,2,2,1,1,4109,谷 津 幸 宏,30,22,6.72,1,0.13,1.50.3,1-3-2,810,3,1-3,310,2,1-2-3,330,2,1-3,330,2
20250709,多摩川,11,予選特選,晴,南,2,2,2,3,4635,峰 重 力 也,45,28,6.77,3,0.14,1.51.9,1-3-2,810,3,1-3,310,2,1-2-3,330,2,1-3,330,2
20250709,多摩川,11,予選特選,晴,南,2,2,3,2,4210,松 村 康 太,60,62,6.77,2,0.21,1.53.9,1-3-2,810,3,1-3,310,2,1-2-3,330,2,1-3,330,2
20250709,多摩川,11,予選特選,晴,南,2,2,4,4,4432,黄金井 力 良,46,40,6.76,4,0.16,1.54.0,1-3-2,810,3,1-3,310,2,1-2-3,330,2,1-3,330,2
20250709,多摩川,11,予選特選,晴,南,2,2,5,5,3708,岡 部 貴 司,12,24,6.79,5,0.17,,1-3-2,810,3,1-3,310,2,1-2-3,330,2,1-3,330,2
20250709,多摩川,11,予選特選,晴,南,2,2,6,6,4625,渡 邊 裕 貴,11,56,6.72,6,0.19,,1-3-2,810,3,1-3,310,2,1-2-3,330,2,1-3,330,2
20250709,江戸川,12,ドリーム２ｎ,晴,南,2,2,1,2,4086,寺 本 重 宣,64,55,6.78,2,0.15,1.49.6,2-3-6,31060,76,2-3,6180,19,2-3-6,6720,19,2-3,3570,11
20250709,江戸川,12,ドリーム２ｎ,晴,南,2,2,2,3,4051,清 水 敦 揮,58,54,6.84,3,0.11,1.50.8,2-3-6,31060,76,2-3,6180,19,2-3-6,6720,19,2-3,3570,11
20250709,江戸川,12,ドリーム２ｎ,晴,南,2,2,3,6,4356,長 岡 良 也,68,42,6.79,6,0.02,1.52.1,2-3-6,31060,76,2-3,6180,19,2-3-6,6720,19,2-3,3570,11
20250709,江戸川,12,ドリーム２ｎ,晴,南,2,2,4,5,4199,北 川 潤 二,52,47,6.83,4,0.06,1.53.9,2-3-6,31060,76,2-3,6180,19,2-3-6,6720,19,2-3,3570,11
20250709,江戸川,12,ドリーム２ｎ,晴,南,2,2,5,4,4150,山 田 雄 太,14,51,6.87,5,0.07,,2-3-6,31060,76,2-3,6180,19,2-3-6,6720,19,2-3,3570,11
20250709,江戸川,12,ドリーム２ｎ,晴,南,2,2,6,1,4391,松 田 祐 季,13,84,6.82,1,0.26,,2-3-6,31060,76,2-3,6180,19,2-3-6,6720,19,2-3,3570,11
20250709,江戸川,1,一般,晴,南,9,20,1,2,4979,中 野 夢 斗,61,30,7.34,2,0.26,1.18.1,2-3-1,3960,14,2-3,1550,8,1-2-3,450,2,2-3,770,4
20250709,江戸川,1,一般,晴,南,9,20,2,3,4440,萩 原 知 哉,56,54,7.57,3,0.22,1.19.9,2-3-1,3960,14,2-3,1550,8,1-2-3,450,2,2-3,770,4
20250709,江戸川,1,一般,晴,南,9,20,3,1,4813,宮 内 直 哉,32,40,7.41,1,0.11,1.20.3,2-3-1,3960,14,2-3,1550,8,1-2-3,450,2,2-3,770,4
20250709,江戸川,1,一般,晴,南,9,20,4,4,4821,妻 鳥 晋 也,47,53,7.28,4,0.26,1.21.9,2-3-1,3960,14,2-3,1550,8,1-2-3,450,2,2-3,770,4
20250709,江戸川,1,一般,晴,南,9,20,5,6,5377,鳥居塚 嶺 王,68,22,7.44,6,0.32,,2-3-1,3960,14,2-3,1550,8,1-2-3,450,2,2-3,770,4
20250709,江戸川,1,一般,晴,南,9,20,6,5,3591,後 藤 孝 義,18,21,7.47,5,0.29,,2-3-1,3960,14,2-3,1550,8,1-2-3,450,2,2-3,770,4
20250709,江戸川,2,一般,晴,南,8,20,1,1,4411,沢 田 昭 宏,16,23,7.50,1,0.12,1.17.5,1-2-3,850,2,1-2,960,3,1-2-3,200,1,1-2,610,2
20250709,江戸川,2,一般,晴,南,8,20,2,2,4396,大 田 直 弥,40,17,7.65,2,0.19,1.19.0,1-2-3,850,2,1-2,960,3,1-2-3,200,1,1-2,610,2
20250709,江戸川,2,一般,晴,南,8,20,3,3,4604,岩 瀬 裕 亮,15,61,7.28,3,0.20,1.19.6,1-2-3,850,2,1-2,960,3,1-2-3,200,1,1-2,610,2
20250709,江戸川,2,一般,晴,南,8,20,4,5,3653,品 川 賢 次,19,65,7.38,5,0.25,1.19.8,1-2-3,850,2,1-2,960,3,1-2-3,200,1,1-2,610,2
20250709,江戸川,2,一般,晴,南,8,20,5,4,4197,渥 美 卓 郎,25,71,7.43,4,0.25,,1-2-3,850,2,1-2,960,3,1-2-3,200,1,1-2,610,2
20250709,江戸川,2,一般,晴,南,8,20,6,6,5364,金 子 怜 央,60,60,7.17,6,0.27,,1-2-3,850,2,1-2,960,3,1-2-3,200,1,1-2,610,2
20250709,江戸川,3,一般,晴,南,7,20,1,1,5043,中 村 日 向,34,47,7.11,1,0.11,1.16.9,1-6-4,5260,16,1-6,630,3,1-4-6,2610,9,1-6,570,3
20250709,江戸川,3,一般,晴,南,7,20,2,6,4118,宇佐見 淳,48,33,7.30,6,0.22,1.17.9,1-6-4,5260,16,1-6,630,3,1-4-6,2610,9,1-6,570,3
20250709,江戸川,3,一般,晴,南,7,20,3,4,3370,坪 内 実,64,20,7.28,4,0.11,1.18.1,1-6-4,5260,16,1-6,630,3,1-4-6,2610,9,1-6,570,3
20250709,江戸川,3,一般,晴,南,7,20,4,2,5249,三 木 晴 斗,67,14,7.27,2,0.18,1.19.9,1-6-4,5260,16,1-6,630,3,1-4-6,2610,9,1-6,570,3
20250709,江戸川,3,一般,晴,南,7,20,5,5,4669,井 上 茂,54,10,7.13,5,0.23,,1-6-4,5260,16,1-6,630,3,1-4-6,2610,9,1-6,570,3
20250709,江戸川,3,一般,晴,南,7,20,6,3,4430,永 田 秀 二,57,59,7.25,3,0.18,,1-6-4,5260,16,1-6,630,3,1-4-6,2610,9,1-6,570,3
20250709,江戸川,4,一般,晴,南,8,20,1,1,3848,川 上 聡 介,38,66,7.24,1,0.13,1.18.4,1-3-2,760,2,1-3,390,2,1-2-3,210,1,1-3,230,1
20250709,江戸川,4,一般,晴,南,8,20,2,3,4475,末 永 祐 輝,69,34,7.16,3,0.20,1.19.6,1-3-2,760,2,1-3,390,2,1-2-3,210,1,1-3,230,1
20250709,江戸川,4,一般,晴,南,8,20,3,2,5110,杉 山 喜 一,37,55,7.24,2,0.16,1.19.9,1-3-2,760,2,1-3,390,2,1-2-3,210,1,1-3,230,1
20250709,江戸川,4,一般,晴,南,8,20,4,4,3790,佐 口 達 也,59,16,7.31,4,0.16,1.20.2,1-3-2,760,2,1-3,390,2,1-2-3,210,1,1-3,230,1
20250709,江戸川,4,一般,晴,南,8,20,5,6,5341,山 道 諄 也,12,35,7.23,6,0.46,,1-3-2,760,2,1-3,390,2,1-2-3,210,1,1-3,230,1
20250709,江戸川,4,一般,晴,南,8,20,6,5,5273,山 下 拓 巳,53,68,7.45,5,0.15,,1-3-2,760,2,1-3,390,2,1-2-3,210,1,1-3,230,1
20250709,江戸川,5,一般,晴,南,7,15,1,4,4020,川 上 清 人,71,45,7.25,4,0.15,1.55.6,4-1-5,22350,73,4-1,3650,14,1-4-5,3950,16,1-4,2470,6
20250709,江戸川,5,一般,晴,南,7,15,2,1,4465,大 西 賢,70,36,7.03,1,0.08,1.56.9,4-1-5,22350,73,4-1,3650,14,1-4-5,3950,16,1-4,2470,6
20250709,江戸川,5,一般,晴,南,7,15,3,5,4440,萩 原 知 哉,56,54,7.15,5,0.20,1.58.7,4-1-5,22350,73,4-1,3650,14,1-4-5,3950,16,1-4,2470,6
20250709,江戸川,5,一般,晴,南,7,15,4,3,4028,田 村 隆 信,46,39,7.32,3,0.13,1.59.6,4-1-5,22350,73,4-1,3650,14,1-4-5,3950,16,1-4,2470,6
20250709,江戸川,5,一般,晴,南,7,15,5,2,3564,桑 原 啓,52,70,7.10,2,0.18,,4-1-5,22350,73,4-1,3650,14,1-4-5,3950,16,1-4,2470,6
20250709,江戸川,5,一般,晴,南,7,15,6,6,5002,上 田 健 太,63,67,7.29,6,0.34,,4-1-5,22350,73,4-1,3650,14,1-4-5,3950,16,1-4,2470,6
20250709,江戸川,6,一般,晴,南,7,15,1,4,4082,濱 崎 誠,26,13,7.13,4,0.05,1.56.1,4-1-5,5660,30,4-1,2100,13,1-4-5,1050,6,1-4,980,5
20250709,江戸川,6,一般,晴,南,7,15,2,1,4425,大 井 清 貴,35,69,7.10,1,0.13,1.56.9,4-1-5,5660,30,4-1,2100,13,1-4-5,1050,6,1-4,980,5
20250709,江戸川,6,一般,晴,南,7,15,3,5,4748,渡 邉 雄 朗,39,51,7.08,5,0.16,1.58.7,4-1-5,5660,30,4-1,2100,13,1-4-5,1050,6,1-4,980,5
20250709,江戸川,6,一般,晴,南,7,15,4,3,3740,大 澤 普 司,58,56,7.22,3,0.07,1.59.9,4-1-5,5660,30,4-1,2100,13,1-4-5,1050,6,1-4,980,5
20250709,江戸川,6,一般,晴,南,7,15,5,2,3202,三 品 隆 浩,23,28,7.27,2,0.11,,4-1-5,5660,30,4-1,2100,13,1-4-5,1050,6,1-4,980,5
20250709,江戸川,6,一般,晴,南,7,15,6,6,5378,鈴 木 結平太,29,11,7.20,6,0.30,,4-1-5,5660,30,4-1,2100,13,1-4-5,1050,6,1-4,980,5
20250709,江戸川,7,一般,晴,南,8,15,1,3,4543,重 木 輝 彦,33,19,7.03,3,0.06,2.04.9,3-1-2,3350,13,3-1,500,2,1-2-3,910,2,1-3,220,1
20250709,江戸川,7,一般,晴,南,8,15,2,1,4943,八 木 治 樹,10,52,7.01,1,0.11,2.07.7,3-1-2,3350,13,3-1,500,2,1-2-3,910,2,1-3,220,1
20250709,江戸川,7,一般,晴,南,8,15,3,2,3976,内 田 圭,11,24,7.26,2,0.11,2.09.5,3-1-2,3350,13,3-1,500,2,1-2-3,910,2,1-3,220,1
20250709,江戸川,7,一般,晴,南,8,15,4,6,5377,鳥居塚 嶺 王,68,22,7.20,6,0.03,2.12.6,3-1-2,3350,13,3-1,500,2,1-2-3,910,2,1-3,220,1
20250709,江戸川,8,一般,晴,南,8,15,1,1,4475,末 永 祐 輝,69,34,7.12,1,0.18,1.56.5,1-4-2,820,2,1-4,270,1,1-2-4,290,1,1-4,280,2
20250709,江戸川,8,一般,晴,南,8,15,2,4,4452,松 尾 祭,31,50,7.18,4,0.23,1.57.5,1-4-2,820,2,1-4,270,1,1-2-4,290,1,1-4,280,2
20250709,江戸川,8,一般,晴,南,8,15,3,2,4693,松 下 誉 士,27,37,7.09,2,0.26,1.59.0,1-4-2,820,2,1-4,270,1,1-2-4,290,1,1-4,280,2
20250709,江戸川,8,一般,晴,南,8,15,4,6,4976,金 山 立 樹,49,48,7.16,6,0.30,1.59.3,1-4-2,820,2,1-4,270,1,1-2-4,290,1,1-4,280,2
20250709,江戸川,8,一般,晴,南,8,15,5,5,3370,坪 内 実,64,20,7.39,5,0.22,,1-4-2,820,2,1-4,270,1,1-2-4,290,1,1-4,280,2
20250709,江戸川,8,一般,晴,南,8,15,6,3,4821,妻 鳥 晋 也,47,53,7.16,3,0.26,,1-4-2,820,2,1-4,270,1,1-2-4,290,1,1-4,280,2
20250709,江戸川,9,一般特賞,晴,南,7,15,1,2,4028,田 村 隆 信,46,39,7.35,2,0.22,1.57.3,2-1-4,1600,5,2-1,590,2,1-2-4,370,2,1-2,150,1
20250709,江戸川,9,一般特賞,晴,南,7,15,2,1,4979,中 野 夢 斗,61,30,7.18,1,0.19,1.57.8,2-1-4,1600,5,2-1,590,2,1-2-4,370,2,1-2,150,1
20250709,江戸川,9,一般特賞,晴,南,7,15,3,4,5249,三 木 晴 斗,67,14,7.13,4,0.24,1.59.3,2-1-4,1600,5,2-1,590,2,1-2-4,370,2,1-2,150,1
20250709,江戸川,9,一般特賞,晴,南,7,15,4,5,4122,安 東 幸 治,41,38,7.39,5,0.21,1.59.6,2-1-4,1600,5,2-1,590,2,1-2-4,370,2,1-2,150,1
20250709,江戸川,9,一般特賞,晴,南,7,15,5,6,5364,金 子 怜 央,60,60,7.08,6,0.24,,2-1-4,1600,5,2-1,590,2,1-2-4,370,2,1-2,150,1
20250709,江戸川,9,一般特賞,晴,南,7,15,6,3,5273,山 下 拓 巳,53,68,7.19,3,0.22,,2-1-4,1600,5,2-1,590,2,1-2-4,370,2,1-2,150,1
20250709,江戸川,10,一般特賞,晴,南,8,15,1,3,3790,佐 口 達 也,59,16,7.19,3,0.14,1.55.1,3-1-5,16860,38,3-1,2660,7,1-3-5,1380,5,1-3,770,2
20250709,江戸川,10,一般特賞,晴,南,8,15,2,1,4430,永 田 秀 二,57,59,7.12,1,0.15,1.56.1,3-1-5,16860,38,3-1,2660,7,1-3-5,1380,5,1-3,770,2
20250709,江戸川,10,一般特賞,晴,南,8,15,3,5,3564,桑 原 啓,52,70,7.12,5,0.36,1.57.9,3-1-5,16860,38,3-1,2660,7,1-3-5,1380,5,1-3,770,2
20250709,江戸川,10,一般特賞,晴,南,8,15,4,2,3740,大 澤 普 司,58,56,7.30,2,0.16,1.59.4,3-1-5,16860,38,3-1,2660,7,1-3-5,1380,5,1-3,770,2
20250709,江戸川,10,一般特賞,晴,南,8,15,5,4,3934,鋤 柄 貴 俊,24,63,7.33,4,0.17,,3-1-5,16860,38,3-1,2660,7,1-3-5,1380,5,1-3,770,2
20250709,江戸川,10,一般特賞,晴,南,8,15,6,6,5388,佐 野 優 都,20,15,7.20,6,0.21,,3-1-5,16860,38,3-1,2660,7,1-3-5,1380,5,1-3,770,2
20250709,江戸川,11,準優勝戦,晴,南,8,15,1,1,4118,宇佐見 淳,48,33,7.31,1,0.11,1.56.1,1-2-4,710,1,1-2,340,1,1-2-4,320,1,1-2,210,1
20250709,江戸川,11,準優勝戦,晴,南,8,15,2,2,4748,渡 邉 雄 朗,39,51,7.15,2,0.13,1.57.9,1-2-4,710,1,1-2,340,1,1-2-4,320,1,1-2,210,1
20250709,江戸川,11,準優勝戦,晴,南,8,15,3,4,4543,重 木 輝 彦,33,19,7.25,4,0.18,1.59.0,1-2-4,710,1,1-2,340,1,1-2-4,320,1,1-2,210,1
20250709,江戸川,11,準優勝戦,晴,南,8,15,4,6,4411,沢 田 昭 宏,16,23,7.52,6,0.15,1.59.6,1-2-4,710,1,1-2,340,1,1-2-4,320,1,1-2,210,1
20250709,江戸川,11,準優勝戦,晴,南,8,15,5,3,4020,川 上 清 人,71,45,7.26,3,0.17,,1-2-4,710,1,1-2,340,1,1-2-4,320,1,1-2,210,1
20250709,江戸川,11,準優勝戦,晴,南,8,15,5,5,5110,杉 山 喜 一,37,55,7.21,5,0.17,,1-2-4,710,1,1-2,340,1,1-2-4,320,1,1-2,210,1
20250709,桐生,12,準優勝戦,晴,南,9,15,1,1,5002,上 田 健 太,63,67,7.10,1,0.27,1.56.8,1-3-2,1930,7,1-3,640,3,1-2-3,660,3,1-3,640,3
20250709,桐生,12,準優勝戦,晴,南,9,15,2,3,4452,松 尾 祭,31,50,7.16,3,0.32,1.58.7,1-3-2,1930,7,1-3,640,3,1-2-3,660,3,1-3,640,3
20250709,桐生,12,準優勝戦,晴,南,9,15,3,2,4471,新 田 泰 章,17,31,7.26,2,0.32,1.59.8,1-3-2,1930,7,1-3,640,3,1-2-3,660,3,1-3,640,3
20250709,桐生,12,準優勝戦,晴,南,9,15,4,4,4604,岩 瀬 裕 亮,15,61,7.10,4,0.31,2.00.7,1-3-2,1930,7,1-3,640,3,1-2-3,660,3,1-3,640,3
20250709,桐生,12,準優勝戦,晴,南,9,15,5,5,3202,三 品 隆 浩,23,28,7.33,5,0.32,,1-3-2,1930,7,1-3,640,3,1-2-3,660,3,1-3,640,3
20250709,桐生,12,準優勝戦,晴,南,9,15,6,6,5043,中 村 日 向,34,47,7.17,6,0.35,,1-3-2,1930,7,1-3,640,3,1-2-3,660,3,1-3,640,3
20250709,桐生,1,一般,晴,東,3,2,1,6,4825,倉 持 莉 々,15,46,6.84,5,0.18,1.51.9,6-4-2,2830,10,6-4,980,5,2-4-6,670,4,4-6,500,3
20250709,桐生,1,一般,晴,東,3,2,2,4,3922,菅 沼 佳 昭,26,49,6.85,4,0.19,1.53.1,6-4-2,2830,10,6-4,980,5,2-4-6,670,4,4-6,500,3
20250709,桐生,1,一般,晴,東,3,2,3,2,3981,今 坂 晃 広,31,36,6.88,2,0.22,1.55.1,6-4-2,2830,10,6-4,980,5,2-4-6,670,4,4-6,500,3
20250709,桐生,1,一般,晴,東,3,2,4,3,4414,大 澤 真 菜,60,69,6.95,3,0.22,1.56.2,6-4-2,2830,10,6-4,980,5,2-4-6,670,4,4-6,500,3
20250709,桐生,1,一般,晴,東,3,2,5,1,3448,高 山 秀 雄,73,35,6.86,1,0.35,1.57.6,6-4-2,2830,10,6-4,980,5,2-4-6,670,4,4-6,500,3
20250709,桐生,1,一般,晴,東,3,2,6,5,5373,諏 訪 玲 奈,67,73,6.90,6,0.26,1.58.0,6-4-2,2830,10,6-4,980,5,2-4-6,670,4,4-6,500,3
20250709,桐生,2,一般,晴,東,4,3,1,1,3546,中 里 昌 志,63,66,6.86,1,0.30,1.52.2,1-2-4,3640,18,1-2,1340,8,1-2-4,540,3,1-2,400,2
20250709,桐生,2,一般,晴,東,4,3,2,2,5213,湯 淺 紀 香,58,25,6.79,2,0.27,1.53.8,1-2-4,3640,18,1-2,1340,8,1-2-4,540,3,1-2,400,2
20250709,桐生,2,一般,晴,東,4,3,3,4,4899,占 部 一 真,56,42,6.91,4,0.24,1.55.2,1-2-4,3640,18,1-2,1340,8,1-2-4,540,3,1-2,400,2
20250709,桐生,2,一般,晴,東,4,3,4,5,4369,丹 下 将,52,11,6.80,5,0.25,1.56.1,1-2-4,3640,18,1-2,1340,8,1-2-4,540,3,1-2,400,2
20250709,桐生,2,一般,晴,東,4,3,5,3,4035,杉 江 浩 明,37,16,6.89,3,0.36,1.56.9,1-2-4,3640,18,1-2,1340,8,1-2-4,540,3,1-2,400,2
20250709,桐生,2,一般,晴,東,4,3,6,6,5365,石 村 日奈那,29,56,6.87,6,0.30,1.58.3,1-2-4,3640,18,1-2,1340,8,1-2-4,540,3,1-2,400,2
20250709,桐生,3,一般,晴,東,4,3,1,3,4040,廣 瀬 将 亨,69,31,6.86,3,0.15,1.51.5,3-4-1,1440,2,3-4,720,1,1-3-4,240,1,3-4,330,1
20250709,桐生,3,一般,晴,東,4,3,2,4,5089,前 田 翔,11,53,6.83,4,0.23,1.52.8,3-4-1,1440,2,3-4,720,1,1-3-4,240,1,3-4,330,1
20250709,桐生,3,一般,晴,東,4,3,3,1,4417,服 部 剛,27,41,6.92,1,0.22,1.54.5,3-4-1,1440,2,3-4,720,1,1-3-4,240,1,3-4,330,1
20250709,桐生,3,一般,晴,東,4,3,4,2,4110,小 澤 和 也,50,18,6.89,2,0.17,1.56.2,3-4-1,1440,2,3-4,720,1,1-3-4,240,1,3-4,330,1
20250709,桐生,3,一般,晴,東,4,3,5,6,5390,高 橋 涼 夏,21,13,6.88,6,0.10,1.57.5,3-4-1,1440,2,3-4,720,1,1-3-4,240,1,3-4,330,1
20250709,桐生,3,一般,晴,東,4,3,6,5,4527,高 野 心 吾,25,72,6.86,5,0.22,1.58.0,3-4-1,1440,2,3-4,720,1,1-3-4,240,1,3-4,330,1
20250709,桐生,4,一般,晴,東,3,2,1,1,3747,國 崎 良 春,19,60,6.76,1,0.10,1.59.7,1-3-4,670,1,1-3,370,1,1-3-4,440,2,1-3,300,1
20250709,桐生,4,一般,晴,東,3,2,2,3,5216,長谷川 晴 哉,72,67,6.82,3,0.16,2.02.9,1-3-4,670,1,1-3,370,1,1-3-4,440,2,1-3,300,1
20250709,桐生,4,一般,晴,東,3,2,3,4,3712,淺 香 文 武,54,58,6.77,4,0.13,2.05.7,1-3-4,670,1,1-3,370,1,1-3-4,440,2,1-3,300,1
20250709,桐生,4,一般,晴,東,3,2,4,6,4579,中 嶋 健一郎,35,65,6.87,6,0.15,2.07.3,1-3-4,670,1,1-3,370,1,1-3-4,440,2,1-3,300,1
20250709,桐生,4,一般,晴,東,3,2,5,2,4945,上 村 宏 太,40,54,6.85,2,0.14,2.16.2,1-3-4,670,1,1-3,370,1,1-3-4,440,2,1-3,300,1
20250709,桐生,5,一般,晴,東,4,3,1,1,3807,岡 部 哲,48,33,6.82,1,0.14,1.51.5,1-6-5,13870,51,1-6,3600,16,1-5-6,2200,9,1-6,2470,11
20250709,桐生,5,一般,晴,東,4,3,2,6,4962,畑 竜 生,43,34,6.79,6,0.08,1.53.1,1-6-5,13870,51,1-6,3600,16,1-5-6,2200,9,1-6,2470,11
20250709,桐生,5,一般,晴,東,4,3,3,5,5088,高 憧 四 季,23,59,6.78,4,0.10,1.53.6,1-6-5,13870,51,1-6,3600,16,1-5-6,2200,9,1-6,2470,11
20250709,桐生,5,一般,晴,東,4,3,4,3,3715,倉 尾 大 介,16,68,6.77,3,0.12,1.55.3,1-6-5,13870,51,1-6,3600,16,1-5-6,2200,9,1-6,2470,11
20250709,桐生,5,一般,晴,東,4,3,5,4,3406,中 里 英 夫,68,44,6.80,5,0.09,1.56.3,1-6-5,13870,51,1-6,3600,16,1-5-6,2200,9,1-6,2470,11
20250709,桐生,5,一般,晴,東,4,3,6,2,5310,土 屋 蘭,42,70,6.81,2,0.19,1.57.6,1-6-5,13870,51,1-6,3600,16,1-5-6,2200,9,1-6,2470,11
20250709,桐生,6,ドラドキ目玉,曇り,東,3,2,1,1,4460,後 藤 翔 之,57,48,6.85,1,0.09,1.51.4,1-2-3,560,2,1-2,340,2,1-2-3,230,1,1-2,260,2
20250709,桐生,6,ドラドキ目玉,曇り,東,3,2,2,2,4457,神 田 達 也,38,74,6.93,2,0.18,1.53.7,1-2-3,560,2,1-2,340,2,1-2-3,230,1,1-2,260,2
20250709,桐生,6,ドラドキ目玉,曇り,東,3,2,3,3,4389,伊 藤 喜 智,70,22,6.81,3,0.15,1.54.7,1-2-3,560,2,1-2,340,2,1-2-3,230,1,1-2,260,2
20250709,桐生,6,ドラドキ目玉,曇り,東,3,2,4,4,3448,高 山 秀 雄,73,35,6.84,4,0.14,1.57.0,1-2-3,560,2,1-2,340,2,1-2-3,230,1,1-2,260,2
20250709,桐生,6,ドラドキ目玉,曇り,東,3,2,5,5,5365,石 村 日奈那,29,56,6.95,5,0.15,1.57.7,1-2-3,560,2,1-2,340,2,1-2-3,230,1,1-2,260,2
20250709,桐生,6,ドラドキ目玉,曇り,東,3,2,6,6,5266,石 田 勇 斗,13,37,6.88,6,0.16,1.58.8,1-2-3,560,2,1-2,340,2,1-2-3,230,1,1-2,260,2
20250709,桐生,7,ドラドキ３,曇り,東,3,2,1,1,4472,尾 嶋 一 広,44,15,6.77,1,0.19,1.51.0,1-3-4,340,1,1-3,140,1,1-3-4,190,1,1-3,120,1
20250709,桐生,7,ドラドキ３,曇り,東,3,2,2,3,4369,丹 下 将,52,11,6.80,3,0.17,1.51.8,1-3-4,340,1,1-3,140,1,1-3-4,190,1,1-3,120,1
20250709,桐生,7,ドラドキ３,曇り,東,3,2,3,4,3921,川 村 正 輝,74,57,6.90,4,0.25,1.54.5,1-3-4,340,1,1-3,140,1,1-3-4,190,1,1-3,120,1
20250709,桐生,7,ドラドキ３,曇り,東,3,2,4,2,4414,大 澤 真 菜,60,69,6.78,2,0.13,1.55.5,1-3-4,340,1,1-3,140,1,1-3-4,190,1,1-3,120,1
20250709,桐生,7,ドラドキ３,曇り,東,3,2,5,6,5373,諏 訪 玲 奈,67,73,6.85,6,0.27,1.57.3,1-3-4,340,1,1-3,140,1,1-3-4,190,1,1-3,120,1
20250709,桐生,7,ドラドキ３,曇り,東,3,2,6,5,4035,杉 江 浩 明,37,16,6.89,5,0.26,1.57.7,1-3-4,340,1,1-3,140,1,1-3-4,190,1,1-3,120,1
20250709,桐生,8,ドラドキ５,曇り,東,3,2,1,5,5089,前 田 翔,11,53,6.73,4,0.16,1.51.2,5-1-6,2050,7,5-1,650,4,1-5-6,600,3,1-5,180,1
20250709,桐生,8,ドラドキ５,曇り,東,3,2,2,1,5216,長谷川 晴 哉,72,67,6.80,1,0.12,1.52.8,5-1-6,2050,7,5-1,650,4,1-5-6,600,3,1-5,180,1
20250709,桐生,8,ドラドキ５,曇り,東,3,2,3,6,4431,石 塚 裕 介,64,24,6.78,5,0.15,1.54.2,5-1-6,2050,7,5-1,650,4,1-5-6,600,3,1-5,180,1
20250709,桐生,8,ドラドキ５,曇り,東,3,2,4,3,4899,占 部 一 真,56,42,6.78,3,0.08,1.55.5,5-1-6,2050,7,5-1,650,4,1-5-6,600,3,1-5,180,1
20250709,桐生,8,ドラドキ５,曇り,東,3,2,5,4,3981,今 坂 晃 広,31,36,6.87,6,0.20,1.56.5,5-1-6,2050,7,5-1,650,4,1-5-6,600,3,1-5,180,1
20250709,桐生,8,ドラドキ５,曇り,東,3,2,6,2,3922,菅 沼 佳 昭,26,49,6.75,2,0.19,1.58.3,5-1-6,2050,7,5-1,650,4,1-5-6,600,3,1-5,180,1
20250709,桐生,9,ＤＫ特選,曇り,東,3,2,1,6,4930,佐 藤 悠,53,43,6.68,5,0.00,1.50.7,6-2-1,2890,13,6-2,1350,6,1-2-6,420,2,2-6,1010,6
20250709,桐生,9,ＤＫ特選,曇り,東,3,2,2,2,3546,中 里 昌 志,63,66,6.79,2,0.17,1.53.7,6-2-1,2890,13,6-2,1350,6,1-2-6,420,2,2-6,1010,6
20250709,桐生,9,ＤＫ特選,曇り,東,3,2,3,1,3805,高 橋 英 之,47,12,6.83,1,0.13,1.55.0,6-2-1,2890,13,6-2,1350,6,1-2-6,420,2,2-6,1010,6
20250709,桐生,9,ＤＫ特選,曇り,東,3,2,4,3,4945,上 村 宏 太,40,38,6.86,3,0.12,1.56.1,6-2-1,2890,13,6-2,1350,6,1-2-6,420,2,2-6,1010,6
20250709,桐生,9,ＤＫ特選,曇り,東,3,2,5,4,4110,小 澤 和 也,50,18,6.87,4,0.10,1.56.2,6-2-1,2890,13,6-2,1350,6,1-2-6,420,2,2-6,1010,6
20250709,桐生,9,ＤＫ特選,曇り,東,3,2,6,5,5390,高 橋 涼 夏,21,13,6.84,6,0.04,1.59.3,6-2-1,2890,13,6-2,1350,6,1-2-6,420,2,2-6,1010,6
20250709,桐生,10,選抜戦,曇り,東,3,2,1,2,5088,高 憧 四 季,23,59,6.85,2,0.13,1.50.5,2-4-3,15400,39,2-4,3320,11,2-3-4,5220,12,2-4,730,5
20250709,桐生,10,選抜戦,曇り,東,3,2,2,4,3715,倉 尾 大 介,16,68,6.81,4,0.11,1.52.6,2-4-3,15400,39,2-4,3320,11,2-3-4,5220,12,2-4,730,5
20250709,桐生,10,選抜戦,曇り,東,3,2,3,3,3712,淺 香 文 武,54,58,6.80,3,0.07,1.53.4,2-4-3,15400,39,2-4,3320,11,2-3-4,5220,12,2-4,730,5
20250709,桐生,10,選抜戦,曇り,東,3,2,4,5,5213,湯 淺 紀 香,58,25,6.75,5,0.14,1.54.8,2-4-3,15400,39,2-4,3320,11,2-3-4,5220,12,2-4,730,5
20250709,桐生,10,選抜戦,曇り,東,3,2,5,1,4825,倉 持 莉 々,15,46,6.82,1,0.18,1.55.7,2-4-3,15400,39,2-4,3320,11,2-3-4,5220,12,2-4,730,5
20250709,桐生,10,選抜戦,曇り,東,3,2,6,6,4460,後 藤 翔 之,57,48,6.82,6,0.15,1.56.9,2-4-3,15400,39,2-4,3320,11,2-3-4,5220,12,2-4,730,5
20250709,桐生,11,選抜戦,曇り,東,2,1,1,1,4579,中 嶋 健一郎,35,65,6.81,1,0.18,1.51.3,1-4-3,1540,6,1-4,540,3,1-3-4,460,3,1-4,370,2
20250709,桐生,11,選抜戦,曇り,東,2,1,2,4,4040,廣 瀬 将 亨,69,31,6.78,4,0.15,1.52.5,1-4-3,1540,6,1-4,540,3,1-3-4,460,3,1-4,370,2
20250709,桐生,11,選抜戦,曇り,東,2,1,3,3,3406,中 里 英 夫,68,44,6.82,3,0.21,1.53.7,1-4-3,1540,6,1-4,540,3,1-3-4,460,3,1-4,370,2
20250709,桐生,11,選抜戦,曇り,東,2,1,4,5,4472,尾 嶋 一 広,44,15,6.79,5,0.19,1.54.6,1-4-3,1540,6,1-4,540,3,1-3-4,460,3,1-4,370,2
20250709,桐生,11,選抜戦,曇り,東,2,1,5,2,3620,信 濃 由 行,39,30,6.90,2,0.26,1.54.9,1-4-3,1540,6,1-4,540,3,1-3-4,460,3,1-4,370,2
20250709,桐生,11,選抜戦,曇り,東,2,1,6,6,4417,服 部 剛,27,41,6.94,6,0.24,1.55.4,1-4-3,1540,6,1-4,540,3,1-3-4,460,3,1-4,370,2
20250709,桐生,12,優勝戦,曇り,北東,1,1,1,1,4907,小 池 修 平,41,19,6.72,1,0.15,1.49.9,1-3-4,500,1,1-3,220,1,1-3-4,260,1,1-3,170,1
20250709,桐生,12,優勝戦,曇り,北東,1,1,2,3,4468,大 池 佑 来,18,71,6.73,3,0.14,1.50.6,1-3-4,500,1,1-3,220,1,1-3-4,260,1,1-3,170,1
20250709,桐生,12,優勝戦,曇り,北東,1,1,3,4,4376,藤 田 靖 弘,46,52,6.78,4,0.12,1.53.5,1-3-4,500,1,1-3,220,1,1-3-4,260,1,1-3,170,1
20250709,桐生,12,優勝戦,曇り,北東,1,1,4,5,4731,間 野 兼 礼,49,47,6.76,5,0.13,1.54.4,1-3-4,500,1,1-3,220,1,1-3-4,260,1,1-3,170,1
20250709,桐生,12,優勝戦,曇り,北東,1,1,5,6,4834,浜 本 裕 己,34,55,6.82,6,0.10,1.54.9,1-3-4,500,1,1-3,220,1,1-3-4,260,1,1-3,170,1
20250709,桐生,12,優勝戦,曇り,北東,1,1,6,2,3801,五反田 忍,66,61,6.70,2,0.17,1.57.5,1-3-4,500,1,1-3,220,1,1-3-4,260,1,1-3,170,1
