date,venue_name,race_no,race_type,weather,wind_dir,wind_ms,wave_cm,rank,waku,reg_no,name,motor_no,boat_no,exhibition_time,course_enter,st_timing,race_time,won3,won3_pay,won3_pop,won2,won2_pay,won2_pop,trio,trio_pay,trio_pop,pair,pair_pay,pair_pop
20251230,,1,Ｓ戦一般戦,晴,北西,2,1,1,3,4536,喜 井 つかさ,70,71,6.86,3,0.15,1.48.7,3-5-1,6530,22,3-5,2460,8,1-3-5,500,3,3-5,1250,5
20251230,,1,Ｓ戦一般戦,晴,北西,2,1,2,5,5281,井 上 遥 妃,30,43,6.83,5,0.15,1.49.4,3-5-1,6530,22,3-5,2460,8,1-3-5,500,3,3-5,1250,5
20251230,,1,Ｓ戦一般戦,晴,北西,2,1,3,1,3334,角 ひとみ,53,57,6.82,1,0.18,1.52.2,3-5-1,6530,22,3-5,2460,8,1-3-5,500,3,3-5,1250,5
20251230,,1,Ｓ戦一般戦,晴,北西,2,1,4,2,4443,津 田 裕 絵,52,24,6.97,2,0.17,1.53.0,3-5-1,6530,22,3-5,2460,8,1-3-5,500,3,3-5,1250,5
20251230,,1,Ｓ戦一般戦,晴,北西,2,1,5,6,4764,小 池 礼 乃,33,29,6.79,6,0.26,,3-5-1,6530,22,3-5,2460,8,1-3-5,500,3,3-5,1250,5
20251230,,1,Ｓ戦一般戦,晴,北西,2,1,6,4,4286,平 田 さやか,28,77,6.84,4,0.18,,3-5-1,6530,22,3-5,2460,8,1-3-5,500,3,3-5,1250,5
20251230,,2,Ｓ戦一般戦,晴,北西,2,1,1,1,4758,富 樫 麗 加,25,68,6.85,1,0.09,1.48.0,1-2-4,1330,5,1-2,360,1,1-2-4,580,4,1-2,320,2
20251230,,2,Ｓ戦一般戦,晴,北西,2,1,2,2,5188,武 井 莉里佳,27,69,6.74,2,0.21,1.50.2,1-2-4,1330,5,1-2,360,1,1-2-4,580,4,1-2,320,2
20251230,,2,Ｓ戦一般戦,晴,北西,2,1,3,4,4773,中 川 り な,31,36,6.81,4,0.14,1.51.0,1-2-4,1330,5,1-2,360,1,1-2-4,580,4,1-2,320,2
20251230,,2,Ｓ戦一般戦,晴,北西,2,1,4,5,4845,前 田 紗 希,32,74,6.86,5,0.16,1.52.3,1-2-4,1330,5,1-2,360,1,1-2-4,580,4,1-2,320,2
20251230,,2,Ｓ戦一般戦,晴,北西,2,1,5,3,4791,黒 澤 めぐみ,46,60,6.85,3,0.23,,1-2-4,1330,5,1-2,360,1,1-2-4,580,4,1-2,320,2
20251230,,2,Ｓ戦一般戦,晴,北西,2,1,6,6,4891,寺 島 美 里,72,40,6.82,6,0.22,,1-2-4,1330,5,1-2,360,1,1-2-4,580,4,1-2,320,2
20251230,,3,Ｓ戦一般戦,晴,北,3,2,1,1,5013,山 下 夏 鈴,59,15,6.70,1,0.07,1.49.5,1-3-2,1070,3,1-3,380,1,1-2-3,350,1,1-3,370,2
20251230,,3,Ｓ戦一般戦,晴,北,3,2,2,3,4243,西 村 歩,34,17,6.80,3,0.11,1.50.3,1-3-2,1070,3,1-3,380,1,1-2-3,350,1,1-3,370,2
20251230,,3,Ｓ戦一般戦,晴,北,3,2,3,2,4519,清 水 沙 樹,50,64,6.79,2,0.08,1.52.5,1-3-2,1070,3,1-3,380,1,1-2-3,350,1,1-3,370,2
20251230,,3,Ｓ戦一般戦,晴,北,3,2,4,5,5213,湯 淺 紀 香,67,37,6.81,5,0.09,1.53.5,1-3-2,1070,3,1-3,380,1,1-2-3,350,1,1-3,370,2
20251230,,3,Ｓ戦一般戦,晴,北,3,2,5,6,3611,岩 崎 芳 美,57,20,6.83,6,0.05,,1-3-2,1070,3,1-3,380,1,1-2-3,350,1,1-3,370,2
20251230,,3,Ｓ戦一般戦,晴,北,3,2,6,4,4183,宇 野 弥 生,49,23,6.77,4,0.09,,1-3-2,1070,3,1-3,380,1,1-2-3,350,1,1-3,370,2
20251230,,4,Ｓ戦一般戦,晴,北,3,2,1,1,5281,井 上 遥 妃,30,43,6.72,1,0.06,1.48.1,1-2-5,3330,13,1-2,530,3,1-2-5,1870,7,1-2,530,3
20251230,,4,Ｓ戦一般戦,晴,北,3,2,2,2,4501,樋 口 由加里,39,12,6.75,2,0.04,1.50.1,1-2-5,3330,13,1-2,530,3,1-2-5,1870,7,1-2,530,3
20251230,,4,Ｓ戦一般戦,晴,北,3,2,3,5,4286,平 田 さやか,28,77,6.76,5,0.07,1.51.3,1-2-5,3330,13,1-2,530,3,1-2-5,1870,7,1-2,530,3
20251230,,4,Ｓ戦一般戦,晴,北,3,2,4,3,5218,山 田 理 央,16,35,6.71,3,0.01,1.52.1,1-2-5,3330,13,1-2,530,3,1-2-5,1870,7,1-2,530,3
20251230,,4,Ｓ戦一般戦,晴,北,3,2,5,4,4884,勝 浦 真 帆,36,53,6.69,4,0.12,,1-2-5,3330,13,1-2,530,3,1-2-5,1870,7,1-2,530,3
20251230,,4,Ｓ戦一般戦,晴,北,3,2,6,6,4240,今 井 裕 梨,12,19,6.78,6,0.11,,1-2-5,3330,13,1-2,530,3,1-2-5,1870,7,1-2,530,3
20251230,,5,Ｓ戦一般戦,晴,北,3,2,1,1,4536,喜 井 つかさ,70,71,6.71,1,0.10,1.49.4,1-6-4,7410,21,1-6,2610,7,1-4-6,1340,7,1-6,2260,5
20251230,,5,Ｓ戦一般戦,晴,北,3,2,2,6,4927,関 野 文,38,56,6.82,6,0.23,1.51.0,1-6-4,7410,21,1-6,2610,7,1-4-6,1340,7,1-6,2260,5
20251230,,5,Ｓ戦一般戦,晴,北,3,2,3,4,4758,富 樫 麗 加,25,68,6.78,4,0.14,1.51.4,1-6-4,7410,21,1-6,2610,7,1-4-6,1340,7,1-6,2260,5
20251230,,5,Ｓ戦一般戦,晴,北,3,2,4,5,4773,中 川 り な,31,36,6.79,5,0.17,1.52.5,1-6-4,7410,21,1-6,2610,7,1-4-6,1340,7,1-6,2260,5
20251230,,5,Ｓ戦一般戦,晴,北,3,2,5,2,4764,小 池 礼 乃,33,29,6.74,2,0.15,,1-6-4,7410,21,1-6,2610,7,1-4-6,1340,7,1-6,2260,5
20251230,,5,Ｓ戦一般戦,晴,北,3,2,6,3,4443,津 田 裕 絵,52,24,6.84,3,0.26,,1-6-4,7410,21,1-6,2610,7,1-4-6,1340,7,1-6,2260,5
20251230,,6,Ｓ戦一般戦,晴,北,4,3,1,3,4845,前 田 紗 希,32,74,6.78,3,0.04,1.48.8,3-1-2,7330,25,3-1,970,4,1-2-3,700,4,1-3,260,1
20251230,,6,Ｓ戦一般戦,晴,北,4,3,2,1,4243,西 村 歩,34,17,6.77,1,0.05,1.49.5,3-1-2,7330,25,3-1,970,4,1-2-3,700,4,1-3,260,1
20251230,,6,Ｓ戦一般戦,晴,北,4,3,3,2,4891,寺 島 美 里,72,40,6.76,2,0.07,1.51.7,3-1-2,7330,25,3-1,970,4,1-2-3,700,4,1-3,260,1
20251230,,6,Ｓ戦一般戦,晴,北,4,3,4,6,5188,武 井 莉里佳,27,69,6.72,6,0.11,1.52.7,3-1-2,7330,25,3-1,970,4,1-2-3,700,4,1-3,260,1
20251230,,6,Ｓ戦一般戦,晴,北,4,3,5,4,3334,角 ひとみ,53,57,6.75,4,0.12,,3-1-2,7330,25,3-1,970,4,1-2-3,700,4,1-3,260,1
20251230,,6,Ｓ戦一般戦,晴,北,4,3,6,5,4183,宇 野 弥 生,49,23,6.76,5,0.09,,3-1-2,7330,25,3-1,970,4,1-2-3,700,4,1-3,260,1
20251230,,7,Ｓ戦一般戦,晴,北,5,4,1,1,5218,山 田 理 央,16,35,6.66,1,0.09,1.48.1,1-2-3,1730,5,1-2,490,2,1-2-3,710,4,1-2,420,2
20251230,,7,Ｓ戦一般戦,晴,北,5,4,2,2,4791,黒 澤 めぐみ,46,60,6.77,2,0.13,1.49.3,1-2-3,1730,5,1-2,490,2,1-2-3,710,4,1-2,420,2
20251230,,7,Ｓ戦一般戦,晴,北,5,4,3,3,5213,湯 淺 紀 香,67,37,6.72,3,0.15,1.50.7,1-2-3,1730,5,1-2,490,2,1-2-3,710,4,1-2,420,2
20251230,,7,Ｓ戦一般戦,晴,北,5,4,4,5,4501,樋 口 由加里,39,12,6.76,5,0.21,1.52.4,1-2-3,1730,5,1-2,490,2,1-2-3,710,4,1-2,420,2
20251230,,7,Ｓ戦一般戦,晴,北,5,4,5,4,5013,山 下 夏 鈴,59,15,6.66,4,0.43,,1-2-3,1730,5,1-2,490,2,1-2-3,710,4,1-2,420,2
20251230,,7,Ｓ戦一般戦,晴,北,5,4,6,6,4519,清 水 沙 樹,50,64,6.72,6,0.27,,1-2-3,1730,5,1-2,490,2,1-2-3,710,4,1-2,420,2
20251230,,8,Ｓ戦準優勝戦,晴,北,4,3,1,1,4017,向 井 美 鈴,35,58,6.71,1,0.05,1.52.9,1-3-5,1290,4,1-3,490,2,1-3-5,660,4,1-3,410,2
20251230,,8,Ｓ戦準優勝戦,晴,北,4,3,2,3,3618,海 野 ゆかり,76,63,6.78,3,0.09,1.55.7,1-3-5,1290,4,1-3,490,2,1-3-5,660,4,1-3,410,2
20251230,,8,Ｓ戦準優勝戦,晴,北,4,3,3,5,4938,小 芦 るり華,13,65,6.69,5,0.08,1.57.3,1-3-5,1290,4,1-3,490,2,1-3-5,660,4,1-3,410,2
20251230,,8,Ｓ戦準優勝戦,晴,北,4,3,4,4,5193,米 丸 乃 絵,26,75,6.77,4,0.13,2.01.1,1-3-5,1290,4,1-3,490,2,1-3-5,660,4,1-3,410,2
20251230,,8,Ｓ戦準優勝戦,晴,北,4,3,5,6,5129,山 口 真喜子,17,11,6.74,6,0.13,,1-3-5,1290,4,1-3,490,2,1-3-5,660,4,1-3,410,2
20251230,,9,Ｓ戦準優勝戦,晴,北,3,2,1,1,4208,三 浦 永 理,56,67,6.75,1,0.21,1.47.9,1-2-3,630,1,1-2,290,2,1-2-3,280,1,1-2,200,1
20251230,,9,Ｓ戦準優勝戦,晴,北,3,2,2,2,4900,中 田 夕 貴,24,26,6.65,2,0.22,1.48.7,1-2-3,630,1,1-2,290,2,1-2-3,280,1,1-2,200,1
20251230,,9,Ｓ戦準優勝戦,晴,北,3,2,3,3,4478,櫻 本 あゆみ,44,25,6.71,3,0.21,1.51.1,1-2-3,630,1,1-2,290,2,1-2-3,280,1,1-2,200,1
20251230,,9,Ｓ戦準優勝戦,晴,北,3,2,4,6,4123,細 川 裕 子,22,31,6.74,6,0.19,1.51.6,1-2-3,630,1,1-2,290,2,1-2-3,280,1,1-2,200,1
20251230,,9,Ｓ戦準優勝戦,晴,北,3,2,5,4,4289,落 合 直 子,18,47,6.75,4,0.18,,1-2-3,630,1,1-2,290,2,1-2-3,280,1,1-2,200,1
20251230,,9,Ｓ戦準優勝戦,晴,北,3,2,6,5,3999,大 瀧 明日香,15,13,6.79,5,0.16,,1-2-3,630,1,1-2,290,2,1-2-3,280,1,1-2,200,1
20251230,,10,Ｓ戦準優勝戦,晴,北,2,1,1,1,4373,若 狭 奈美子,48,38,6.74,1,0.06,1.47.7,1-2-3,810,1,1-2,280,1,1-2-3,380,1,1-2,240,1
20251230,,10,Ｓ戦準優勝戦,晴,北,2,1,2,2,4011,堀之内 紀代子,73,62,6.73,2,0.05,1.48.9,1-2-3,810,1,1-2,280,1,1-2-3,380,1,1-2,240,1
20251230,,10,Ｓ戦準優勝戦,晴,北,2,1,3,3,5045,平 川 香 織,14,41,6.77,3,0.09,1.50.5,1-2-3,810,1,1-2,280,1,1-2-3,380,1,1-2,240,1
20251230,,10,Ｓ戦準優勝戦,晴,北,2,1,4,5,4627,藤 原 菜 希,51,55,6.73,5,0.04,1.51.7,1-2-3,810,1,1-2,280,1,1-2-3,380,1,1-2,240,1
20251230,,10,Ｓ戦準優勝戦,晴,北,2,1,5,6,5205,刑 部 亜里紗,47,59,6.72,6,0.06,,1-2-3,810,1,1-2,280,1,1-2-3,380,1,1-2,240,1
20251230,,10,Ｓ戦準優勝戦,晴,北,2,1,6,4,4447,深 川 麻奈美,69,50,6.79,4,0.10,,1-2-3,810,1,1-2,280,1,1-2-3,380,1,1-2,240,1
20251230,,11,トライアル,晴,北東,1,1,1,1,4456,鎌 倉 涼,43,51,6.70,1,0.07,1.47.1,1-6-3,7770,22,1-6,2760,8,1-3-6,750,4,1-6,2650,8
20251230,,11,トライアル,晴,北東,1,1,2,6,4530,小 野 生 奈,21,32,6.75,6,0.11,1.47.9,1-6-3,7770,22,1-6,2760,8,1-3-6,750,4,1-6,2650,8
20251230,,11,トライアル,晴,北東,1,1,3,3,4502,遠 藤 エ ミ,11,27,6.72,3,0.09,1.48.7,1-6-3,7770,22,1-6,2760,8,1-3-6,750,4,1-6,2650,8
20251230,,11,トライアル,晴,北東,1,1,4,2,4961,西 橋 奈 未,65,61,6.74,2,0.12,1.50.9,1-6-3,7770,22,1-6,2760,8,1-3-6,750,4,1-6,2650,8
20251230,,11,トライアル,晴,北東,1,1,5,5,4433,川 野 芽 唯,74,52,6.80,5,0.20,,1-6-3,7770,22,1-6,2760,8,1-3-6,750,4,1-6,2650,8
20251230,,11,トライアル,晴,北東,1,1,6,4,4482,守 屋 美 穂,64,33,6.72,4,0.11,,1-6-3,7770,22,1-6,2760,8,1-3-6,750,4,1-6,2650,8
20251230,,12,トライアル,晴,北東,1,1,1,1,4546,浜 田 亜理沙,62,66,6.75,1,0.15,1.48.2,1-6-5,12310,44,1-6,4030,15,1-5-6,2470,11,1-6,2660,10
20251230,,12,トライアル,晴,北東,1,1,2,6,4450,平 高 奈 菜,23,78,6.74,6,0.23,1.49.3,1-6-5,12310,44,1-6,4030,15,1-5-6,2470,11,1-6,2660,10
20251230,,12,トライアル,晴,北東,1,1,3,5,4590,渡 邉 優 美,29,72,6.73,5,0.15,1.50.5,1-6-5,12310,44,1-6,4030,15,1-5-6,2470,11,1-6,2660,10
20251230,,12,トライアル,晴,北東,1,1,4,2,4963,實 森 美 祐,60,21,6.77,2,0.13,1.50.9,1-6-5,12310,44,1-6,4030,15,1-5-6,2470,11,1-6,2660,10
20251230,,12,トライアル,晴,北東,1,1,5,3,4387,平 山 智 加,58,45,6.73,3,0.13,,1-6-5,12310,44,1-6,4030,15,1-5-6,2470,11,1-6,2660,10
20251230,,12,トライアル,晴,北東,1,1,6,4,5088,高 憧 四 季,20,18,6.70,4,0.16,,1-6-5,12310,44,1-6,4030,15,1-5-6,2470,11,1-6,2660,10
20251230,,1,朝１戦,曇り,無風,0,1,1,1,4445,宮 地 元 輝,32,42,6.61,1,0.13,1.48.1,1-3-5,660,2,1-3,180,1,1-3-5,460,2,1-3,150,1
20251230,,1,朝１戦,曇り,無風,0,1,2,3,3514,山 一 鉄 也,3,13,6.72,3,0.11,1.50.1,1-3-5,660,2,1-3,180,1,1-3-5,460,2,1-3,150,1
20251230,,1,朝１戦,曇り,無風,0,1,3,5,3974,深 山 祐 二,18,19,6.71,5,0.08,1.51.5,1-3-5,660,2,1-3,180,1,1-3-5,460,2,1-3,150,1
20251230,,1,朝１戦,曇り,無風,0,1,4,6,4092,岡 部 大 輔,43,9,6.74,6,0.13,1.52.9,1-3-5,660,2,1-3,180,1,1-3-5,460,2,1-3,150,1
20251230,,1,朝１戦,曇り,無風,0,1,5,4,4232,笠 雅 雄,23,18,6.76,4,0.09,1.53.1,1-3-5,660,2,1-3,180,1,1-3-5,460,2,1-3,150,1
20251230,,1,朝１戦,曇り,無風,0,1,6,2,3211,北 川 敏 弘,17,26,6.77,2,0.28,1.54.6,1-3-5,660,2,1-3,180,1,1-3-5,460,2,1-3,150,1
20251230,,2,モー２ング戦,曇り,南,1,1,1,1,5084,末 永 和 也,15,60,6.62,1,0.08,1.46.9,1-2-3,840,3,1-2,130,1,1-2-3,600,4,1-2,140,1
20251230,,2,モー２ング戦,曇り,南,1,1,2,2,5121,定 松 勇 樹,57,7,6.69,2,0.11,1.47.9,1-2-3,840,3,1-2,130,1,1-2-3,600,4,1-2,140,1
20251230,,2,モー２ング戦,曇り,南,1,1,3,3,3741,松 尾 基 成,19,33,6.70,3,0.18,1.51.1,1-2-3,840,3,1-2,130,1,1-2-3,600,4,1-2,140,1
20251230,,2,モー２ング戦,曇り,南,1,1,4,4,4196,田 中 太一郎,49,58,6.71,4,0.18,1.52.6,1-2-3,840,3,1-2,130,1,1-2-3,600,4,1-2,140,1
20251230,,2,モー２ング戦,曇り,南,1,1,5,6,4213,重 富 伸 也,1,16,6.57,6,0.17,1.54.0,1-2-3,840,3,1-2,130,1,1-2-3,600,4,1-2,140,1
20251230,,2,モー２ング戦,曇り,南,1,1,6,5,5307,富 永 夏哉人,27,35,6.67,5,0.21,1.54.9,1-2-3,840,3,1-2,130,1,1-2-3,600,4,1-2,140,1
20251230,,3,３ライズ戦,晴,無風,0,1,1,1,3623,深 川 真 二,8,47,6.70,1,0.11,1.48.9,1-3-2,450,2,1-3,140,1,1-2-3,170,1,1-3,140,1
20251230,,3,３ライズ戦,晴,無風,0,1,2,3,4531,武 富 智 亮,25,2,6.73,3,0.11,1.49.8,1-3-2,450,2,1-3,140,1,1-2-3,170,1,1-3,140,1
20251230,,3,３ライズ戦,晴,無風,0,1,3,2,5270,小 玉 啓 太,29,11,6.70,2,0.18,1.52.0,1-3-2,450,2,1-3,140,1,1-2-3,170,1,1-3,140,1
20251230,,3,３ライズ戦,晴,無風,0,1,4,5,5395,日 高 龍之介,44,52,6.74,5,0.12,1.52.3,1-3-2,450,2,1-3,140,1,1-2-3,170,1,1-3,140,1
20251230,,3,３ライズ戦,晴,無風,0,1,5,6,3459,中 野 和 裕,41,46,6.71,6,0.16,1.52.6,1-3-2,450,2,1-3,140,1,1-2-3,170,1,1-3,140,1
20251230,,3,３ライズ戦,晴,無風,0,1,6,4,4143,浦 田 晃 嗣,2,49,6.75,4,0.09,1.55.5,1-3-2,450,2,1-3,140,1,1-2-3,170,1,1-3,140,1
20251230,,4,おは４戦,晴,北,2,2,1,1,3508,久 富 政 弘,59,10,6.72,1,0.15,1.48.2,1-2-4,3750,23,1-2,1830,9,1-2-4,460,3,1-2,1020,5
20251230,,4,おは４戦,晴,北,2,2,2,2,4652,酒 見 峻 介,35,43,6.71,2,0.11,1.50.4,1-2-4,3750,23,1-2,1830,9,1-2-4,460,3,1-2,1020,5
20251230,,4,おは４戦,晴,北,2,2,3,4,4500,山 田 康 二,50,55,6.66,4,0.14,1.51.3,1-2-4,3750,23,1-2,1830,9,1-2-4,460,3,1-2,1020,5
20251230,,4,おは４戦,晴,北,2,2,4,6,3471,赤 峰 和 也,9,8,6.79,5,0.27,1.53.0,1-2-4,3750,23,1-2,1830,9,1-2-4,460,3,1-2,1020,5
20251230,,4,おは４戦,晴,北,2,2,5,3,4718,北 川 太 一,42,59,6.72,3,0.10,1.54.0,1-2-4,3750,23,1-2,1830,9,1-2-4,460,3,1-2,1020,5
20251230,,4,おは４戦,晴,北,2,2,6,5,5429,吉 川 颯 汰,12,22,6.75,6,0.19,1.56.9,1-2-4,3750,23,1-2,1830,9,1-2-4,460,3,1-2,1020,5
20251230,,5,レッツ５戦,晴,北,3,3,1,1,4515,藤 田 浩 人,33,57,6.74,1,0.08,1.48.2,1-4-2,1040,4,1-4,320,2,1-2-4,400,2,1-4,150,1
20251230,,5,レッツ５戦,晴,北,3,3,2,4,4320,峰 竜 太,16,41,6.65,3,0.08,1.48.3,1-4-2,1040,4,1-4,320,2,1-2-4,400,2,1-4,150,1
20251230,,5,レッツ５戦,晴,北,3,3,3,2,3809,吉 田 光,24,56,6.76,2,0.05,1.51.4,1-4-2,1040,4,1-4,320,2,1-2-4,400,2,1-4,150,1
20251230,,5,レッツ５戦,晴,北,3,3,4,5,4949,横 田 貴 満,5,44,6.72,5,0.16,1.52.8,1-4-2,1040,4,1-4,320,2,1-2-4,400,2,1-4,150,1
20251230,,5,レッツ５戦,晴,北,3,3,5,3,5214,田 中 宏 典,37,6,6.72,4,0.11,1.53.4,1-4-2,1040,4,1-4,320,2,1-2-4,400,2,1-4,150,1
20251230,,5,レッツ５戦,晴,北,3,3,6,6,5417,小 柳 勝 希,14,28,6.72,6,0.09,1.55.8,1-4-2,1040,4,1-4,320,2,1-2-4,400,2,1-4,150,1
20251230,,6,予選,晴,北,3,3,1,2,4072,森 永 淳,54,5,6.63,2,0.12,1.48.6,2-4-3,670,1,2-4,270,1,2-3-4,300,1,2-4,220,1
20251230,,6,予選,晴,北,3,3,2,4,5026,安河内 健,22,12,6.76,4,0.17,1.50.7,2-4-3,670,1,2-4,270,1,2-3-4,300,1,2-4,220,1
20251230,,6,予選,晴,北,3,3,3,3,3843,上 之 晃 弘,7,17,6.74,3,0.17,1.52.0,2-4-3,670,1,2-4,270,1,2-3-4,300,1,2-4,220,1
20251230,,6,予選,晴,北,3,3,4,5,4213,重 富 伸 也,1,16,6.68,6,0.28,1.54.2,2-4-3,670,1,2-4,270,1,2-3-4,300,1,2-4,220,1
20251230,,6,予選,晴,北,3,3,5,6,3617,竹 田 広 樹,20,45,6.72,5,0.23,1.54.7,2-4-3,670,1,2-4,270,1,2-3-4,300,1,2-4,220,1
20251230,,6,予選,晴,北,3,3,6,1,3211,北 川 敏 弘,17,26,6.84,1,0.21,1.55.2,2-4-3,670,1,2-4,270,1,2-3-4,300,1,2-4,220,1
20251230,,7,予選,晴,北,5,5,1,4,4503,上 野 真之介,28,24,6.76,4,0.04,1.48.9,4-6-3,9660,35,4-6,2100,10,3-4-6,2450,9,4-6,3060,7
20251230,,7,予選,晴,北,5,5,2,6,5395,日 高 龍之介,44,52,6.81,6,0.15,1.50.1,4-6-3,9660,35,4-6,2100,10,3-4-6,2450,9,4-6,3060,7
20251230,,7,予選,晴,北,5,5,3,3,4006,小 野 勇 作,10,3,6.78,3,0.09,1.51.8,4-6-3,9660,35,4-6,2100,10,3-4-6,2450,9,4-6,3060,7
20251230,,7,予選,晴,北,5,5,4,5,4232,笠 雅 雄,23,18,6.83,5,0.14,1.53.9,4-6-3,9660,35,4-6,2100,10,3-4-6,2450,9,4-6,3060,7
20251230,,7,予選,晴,北,5,5,5,2,4695,尾 崎 雄 二,38,1,6.76,2,0.15,1.54.1,4-6-3,9660,35,4-6,2100,10,3-4-6,2450,9,4-6,3060,7
20251230,,7,予選,晴,北,5,5,6,1,3741,松 尾 基 成,19,33,6.84,1,0.11,1.56.3,4-6-3,9660,35,4-6,2100,10,3-4-6,2450,9,4-6,3060,7
20251230,,8,８っぴータイ,晴,北,5,5,1,3,5121,定 松 勇 樹,57,7,6.74,3,0.15,1.48.0,3-1-4,1520,7,3-1,300,1,1-3-4,630,4,1-3,120,1
20251230,,8,８っぴータイ,晴,北,5,5,2,1,3998,冨 成 謙 児,58,34,6.74,1,0.05,1.50.0,3-1-4,1520,7,3-1,300,1,1-3-4,630,4,1-3,120,1
20251230,,8,８っぴータイ,晴,北,5,5,3,4,3459,中 野 和 裕,41,46,6.76,4,0.16,1.51.6,3-1-4,1520,7,3-1,300,1,1-3-4,630,4,1-3,120,1
20251230,,8,８っぴータイ,晴,北,5,5,4,2,3471,赤 峰 和 也,9,8,6.88,2,0.05,1.53.2,3-1-4,1520,7,3-1,300,1,1-3-4,630,4,1-3,120,1
20251230,,8,８っぴータイ,晴,北,5,5,5,5,3514,山 一 鉄 也,3,13,6.80,5,0.29,1.54.2,3-1-4,1520,7,3-1,300,1,1-3-4,630,4,1-3,120,1
20251230,,8,８っぴータイ,晴,北,5,5,6,6,4778,堤 啓 輔,13,36,6.83,6,0.18,1.54.6,3-1-4,1520,7,3-1,300,1,1-3-4,630,4,1-3,120,1
20251230,,9,予選,晴,北,5,5,1,2,5214,田 中 宏 典,37,6,6.74,2,0.14,1.48.9,2-1-3,2240,8,2-1,1150,4,1-2-3,230,1,1-2,340,2
20251230,,9,予選,晴,北,5,5,2,1,5270,小 玉 啓 太,29,11,6.74,1,0.11,1.50.4,2-1-3,2240,8,2-1,1150,4,1-2-3,230,1,1-2,340,2
20251230,,9,予選,晴,北,5,5,3,3,4027,松 江 秀 徳,51,38,6.79,3,0.15,1.54.3,2-1-3,2240,8,2-1,1150,4,1-2-3,230,1,1-2,340,2
20251230,,9,予選,晴,北,5,5,4,5,4196,田 中 太一郎,49,58,6.78,5,0.19,1.55.2,2-1-3,2240,8,2-1,1150,4,1-2-3,230,1,1-2,340,2
20251230,,9,予選,晴,北,5,5,5,6,5429,吉 川 颯 汰,12,22,6.87,6,0.13,1.56.1,2-1-3,2240,8,2-1,1150,4,1-2-3,230,1,1-2,340,2
20251230,,9,予選,晴,北,5,5,6,4,3974,深 山 祐 二,18,19,6.80,4,0.15,2.00.1,2-1-3,2240,8,2-1,1150,4,1-2-3,230,1,1-2,340,2
20251230,,10,予選特賞,晴,北,5,5,1,2,4500,山 田 康 二,50,55,6.75,2,0.19,1.48.5,2-6-4,4600,15,2-6,2510,7,2-4-6,510,2,2-6,1430,4
20251230,,10,予選特賞,晴,北,5,5,2,6,4294,古 賀 繁 輝,26,4,6.79,5,0.09,1.50.2,2-6-4,4600,15,2-6,2510,7,2-4-6,510,2,2-6,1430,4
20251230,,10,予選特賞,晴,北,5,5,3,4,5084,末 永 和 也,15,60,6.73,3,0.19,1.51.4,2-6-4,4600,15,2-6,2510,7,2-4-6,510,2,2-6,1430,4
20251230,,10,予選特賞,晴,北,5,5,4,5,3809,吉 田 光,24,56,6.86,4,0.12,1.52.9,2-6-4,4600,15,2-6,2510,7,2-4-6,510,2,2-6,1430,4
20251230,,10,予選特賞,晴,北,5,5,5,1,4981,牧 山 敦 也,40,40,6.82,1,0.23,1.55.2,2-6-4,4600,15,2-6,2510,7,2-4-6,510,2,2-6,1430,4
20251230,,10,予選特賞,晴,北,5,5,6,3,4552,杉 山 勝 匡,48,27,6.69,6,0.04,2.00.5,2-6-4,4600,15,2-6,2510,7,2-4-6,510,2,2-6,1430,4
20251230,,11,宝当特選,晴,北,5,5,1,1,4320,峰 竜 太,16,41,6.68,1,0.17,1.48.2,1-2-3,340,2,1-2,140,1,1-2-3,220,1,1-2,140,1
20251230,,11,宝当特選,晴,北,5,5,2,2,5142,常 住 蓮,4,14,6.71,2,0.19,1.49.6,1-2-3,340,2,1-2,140,1,1-2-3,220,1,1-2,140,1
20251230,,11,宝当特選,晴,北,5,5,3,3,3715,倉 尾 大 介,47,29,6.85,3,0.23,1.51.1,1-2-3,340,2,1-2,140,1,1-2-3,220,1,1-2,140,1
20251230,,11,宝当特選,晴,北,5,5,4,6,4143,浦 田 晃 嗣,2,49,6.90,6,0.17,1.52.7,1-2-3,340,2,1-2,140,1,1-2-3,220,1,1-2,140,1
20251230,,11,宝当特選,晴,北,5,5,5,5,5026,安河内 健,22,12,6.82,5,0.22,1.53.6,1-2-3,340,2,1-2,140,1,1-2-3,220,1,1-2,140,1
20251230,,11,宝当特選,晴,北,5,5,6,4,5312,川 辺 郭 人,55,31,6.87,4,0.33,1.54.4,1-2-3,340,2,1-2,140,1,1-2-3,220,1,1-2,140,1
20251230,,12,からっキー選,晴,北,5,5,1,1,4503,上 野 真之介,28,24,6.67,1,0.06,1.48.2,1-5-4,2410,10,1-5,820,4,1-4-5,810,5,1-5,480,3
20251230,,12,からっキー選,晴,北,5,5,2,5,4072,森 永 淳,54,5,6.69,5,0.15,1.48.8,1-5-4,2410,10,1-5,820,4,1-4-5,810,5,1-5,480,3
20251230,,12,からっキー選,晴,北,5,5,3,4,4445,宮 地 元 輝,32,42,6.70,4,0.15,1.50.6,1-5-4,2410,10,1-5,820,4,1-4-5,810,5,1-5,480,3
20251230,,12,からっキー選,晴,北,5,5,4,3,3623,深 川 真 二,8,47,6.79,3,0.11,1.51.3,1-5-4,2410,10,1-5,820,4,1-4-5,810,5,1-5,480,3
20251230,,12,からっキー選,晴,北,5,5,5,6,4652,酒 見 峻 介,35,43,6.79,6,0.19,1.53.1,1-5-4,2410,10,1-5,820,4,1-4-5,810,5,1-5,480,3
20251230,,12,からっキー選,晴,北,5,5,6,2,4949,横 田 貴 満,5,44,6.81,2,0.11,1.55.6,1-5-4,2410,10,1-5,820,4,1-4-5,810,5,1-5,480,3
20251230,,1,カタメン１一,晴,北,3,3,1,1,4822,百 武 翔,70,147,6.78,1,0.07,1.50.1,1-2-3,900,3,1-2,300,1,1-2-3,350,1,1-2,270,1
20251230,,1,カタメン１一,晴,北,3,3,2,2,5268,山 本 幸 也,18,160,6.87,2,0.14,1.51.6,1-2-3,900,3,1-2,300,1,1-2-3,350,1,1-2,270,1
20251230,,1,カタメン１一,晴,北,3,3,3,3,5250,嶋 田 有 里,30,153,6.92,3,0.16,1.53.2,1-2-3,900,3,1-2,300,1,1-2-3,350,1,1-2,270,1
20251230,,1,カタメン１一,晴,北,3,3,4,5,5131,江 藤 敦 宏,16,159,6.77,5,0.08,1.53.9,1-2-3,900,3,1-2,300,1,1-2-3,350,1,1-2,270,1
20251230,,1,カタメン１一,晴,北,3,3,5,6,5443,西 村 仁 吾,21,122,6.82,6,0.16,,1-2-3,900,3,1-2,300,1,1-2-3,350,1,1-2,270,1
20251230,,2,一般戦,晴,北,4,4,1,2,4525,真 子 奈津実,27,134,6.82,2,0.11,1.50.4,2-6-4,59790,74,2-6,13040,17,2-4-6,6320,11,2-6,7230,11
20251230,,2,一般戦,晴,北,4,4,2,6,5337,出 畑 孝 成,25,120,6.84,6,0.22,1.52.1,2-6-4,59790,74,2-6,13040,17,2-4-6,6320,11,2-6,7230,11
20251230,,2,一般戦,晴,北,4,4,3,4,5138,村 本 大 成,61,121,6.73,4,0.13,1.53.9,2-6-4,59790,74,2-6,13040,17,2-4-6,6320,11,2-6,7230,11
20251230,,2,一般戦,晴,北,4,4,4,5,4268,和 合 俊 介,44,152,6.89,5,0.24,1.55.2,2-6-4,59790,74,2-6,13040,17,2-4-6,6320,11,2-6,7230,11
20251230,,2,一般戦,晴,北,4,4,5,3,4275,菅 野 はやか,41,114,6.83,3,0.17,,2-6-4,59790,74,2-6,13040,17,2-4-6,6320,11,2-6,7230,11
20251230,,2,一般戦,晴,北,4,4,6,1,4709,岡 村 将 也,46,149,6.86,1,0.24,,2-6-4,59790,74,2-6,13040,17,2-4-6,6320,11,2-6,7230,11
20251230,,3,カタメン３一,晴,北東,4,4,1,3,4311,岡 村 仁,26,173,6.84,3,0.10,1.50.0,3-4-5,6630,23,3-4,1450,7,3-4-5,4200,11,3-4,1070,4
20251230,,3,カタメン３一,晴,北東,4,4,2,4,5144,中 尾 彩 香,65,170,6.86,5,0.09,1.51.1,3-4-5,6630,23,3-4,1450,7,3-4-5,4200,11,3-4,1070,4
20251230,,3,カタメン３一,晴,北東,4,4,3,5,3773,津 留 浩一郎,15,118,6.90,4,0.11,1.53.2,3-4-5,6630,23,3-4,1450,7,3-4-5,4200,11,3-4,1070,4
20251230,,3,カタメン３一,晴,北東,4,4,4,1,3726,桂 林 寛,13,108,6.82,1,0.26,1.55.5,3-4-5,6630,23,3-4,1450,7,3-4-5,4200,11,3-4,1070,4
20251230,,3,カタメン３一,晴,北東,4,4,5,2,5289,佃 來 紀,57,135,6.82,2,0.26,,3-4-5,6630,23,3-4,1450,7,3-4-5,4200,11,3-4,1070,4
20251230,,3,カタメン３一,晴,北東,4,4,6,6,5198,奥 村 明日香,38,168,6.81,6,0.09,,3-4-5,6630,23,3-4,1450,7,3-4-5,4200,11,3-4,1070,4
20251230,,4,一般戦,晴,北東,4,4,1,1,4674,池 田 剛 規,20,151,6.79,1,0.17,1.50.0,1-2-4,1400,4,1-2,260,1,1-2-4,990,5,1-2,300,2
20251230,,4,一般戦,晴,北東,4,4,2,2,4592,小 林 孝 弘,42,164,6.84,2,0.18,1.51.0,1-2-4,1400,4,1-2,260,1,1-2-4,990,5,1-2,300,2
20251230,,4,一般戦,晴,北東,4,4,3,4,5124,上 瀧 絢 也,71,146,6.86,4,0.12,1.53.4,1-2-4,1400,4,1-2,260,1,1-2-4,990,5,1-2,300,2
20251230,,4,一般戦,晴,北東,4,4,4,3,5195,北 村 寧 々,48,162,6.82,3,0.19,1.54.5,1-2-4,1400,4,1-2,260,1,1-2-4,990,5,1-2,300,2
20251230,,4,一般戦,晴,北東,4,4,5,6,4495,森 晋太郎,64,157,6.91,6,0.11,,1-2-4,1400,4,1-2,260,1,1-2-4,990,5,1-2,300,2
20251230,,4,一般戦,晴,北東,4,4,6,5,5240,高 橋 龍 治,33,106,6.84,5,0.16,,1-2-4,1400,4,1-2,260,1,1-2-4,990,5,1-2,300,2
20251230,,5,一般戦,晴,北東,4,4,1,1,4832,権 藤 俊 光,68,172,6.82,1,0.17,1.49.5,1-3-4,770,3,1-3,370,2,1-3-4,450,3,1-3,320,3
20251230,,5,一般戦,晴,北東,4,4,2,3,4866,橋 本 英 一,24,115,6.82,3,0.20,1.51.1,1-3-4,770,3,1-3,370,2,1-3-4,450,3,1-3,320,3
20251230,,5,一般戦,晴,北東,4,4,3,4,3784,中 島 友 和,63,143,6.80,4,0.22,1.52.8,1-3-4,770,3,1-3,370,2,1-3-4,450,3,1-3,320,3
20251230,,5,一般戦,晴,北東,4,4,4,2,4329,小 松 卓 司,45,167,6.81,2,0.19,1.54.2,1-3-4,770,3,1-3,370,2,1-3-4,450,3,1-3,320,3
20251230,,5,一般戦,晴,北東,4,4,5,6,3757,畑 和 宏,35,113,6.86,5,0.37,,1-3-4,770,3,1-3,370,2,1-3-4,450,3,1-3,320,3
20251230,,5,一般戦,晴,北東,4,4,6,5,5443,西 村 仁 吾,21,122,6.80,6,0.28,,1-3-4,770,3,1-3,370,2,1-3-4,450,3,1-3,320,3
20251230,,6,一般戦,晴,北東,4,4,1,1,4549,小 林 文 彦,28,161,6.83,1,0.15,1.51.3,1-5-4,2300,10,1-5,1070,4,1-4-5,650,4,1-5,720,4
20251230,,6,一般戦,晴,北東,4,4,2,5,5138,村 本 大 成,61,121,6.77,5,0.17,1.51.9,1-5-4,2300,10,1-5,1070,4,1-4-5,650,4,1-5,720,4
20251230,,6,一般戦,晴,北東,4,4,3,4,3989,熊 本 英 一,40,136,6.88,4,0.18,1.53.0,1-5-4,2300,10,1-5,1070,4,1-4-5,650,4,1-5,720,4
20251230,,6,一般戦,晴,北東,4,4,4,3,5131,江 藤 敦 宏,16,159,6.83,3,0.15,1.53.3,1-5-4,2300,10,1-5,1070,4,1-4-5,650,4,1-5,720,4
20251230,,6,一般戦,晴,北東,4,4,5,2,4268,和 合 俊 介,44,152,6.89,2,0.10,,1-5-4,2300,10,1-5,1070,4,1-4-5,650,4,1-5,720,4
20251230,,6,一般戦,晴,北東,4,4,6,6,5250,嶋 田 有 里,30,153,6.92,6,0.14,,1-5-4,2300,10,1-5,1070,4,1-4-5,650,4,1-5,720,4
20251230,,7,一般戦,晴,北東,4,4,1,3,5144,中 尾 彩 香,65,170,6.91,3,0.14,1.49.8,3-4-2,19770,62,3-4,4050,18,2-3-4,1710,8,3-4,4120,10
20251230,,7,一般戦,晴,北東,4,4,2,4,5337,出 畑 孝 成,25,120,6.82,4,0.14,1.51.6,3-4-2,19770,62,3-4,4050,18,2-3-4,1710,8,3-4,4120,10
20251230,,7,一般戦,晴,北東,4,4,3,2,5203,神 里 琴 音,11,129,6.86,2,0.17,1.52.5,3-4-2,19770,62,3-4,4050,18,2-3-4,1710,8,3-4,4120,10
20251230,,7,一般戦,晴,北東,4,4,4,6,4653,小 野 達 哉,66,128,6.84,6,0.14,1.52.7,3-4-2,19770,62,3-4,4050,18,2-3-4,1710,8,3-4,4120,10
20251230,,7,一般戦,晴,北東,4,4,5,5,5011,高 木 圭 大,75,139,6.95,5,0.16,,3-4-2,19770,62,3-4,4050,18,2-3-4,1710,8,3-4,4120,10
20251230,,7,一般戦,晴,北東,4,4,6,1,3773,津 留 浩一郎,15,118,6.87,1,0.09,,3-4-2,19770,62,3-4,4050,18,2-3-4,1710,8,3-4,4120,10
20251230,,8,一般戦,晴,北東,4,4,1,4,4592,小 林 孝 弘,42,164,6.88,4,0.07,1.49.5,4-3-2,40570,52,4-3,6250,12,2-3-4,4380,11,3-4,3220,7
20251230,,8,一般戦,晴,北東,4,4,2,3,5198,奥 村 明日香,38,168,6.88,3,0.09,1.51.4,4-3-2,40570,52,4-3,6250,12,2-3-4,4380,11,3-4,3220,7
20251230,,8,一般戦,晴,北東,4,4,3,2,4275,菅 野 はやか,41,114,6.83,2,0.22,1.52.0,4-3-2,40570,52,4-3,6250,12,2-3-4,4380,11,3-4,3220,7
20251230,,8,一般戦,晴,北東,4,4,4,5,5124,上 瀧 絢 也,71,146,6.89,5,0.06,1.54.0,4-3-2,40570,52,4-3,6250,12,2-3-4,4380,11,3-4,3220,7
20251230,,8,一般戦,晴,北東,4,4,5,1,3473,石 川 真 二,43,104,6.86,1,0.10,,4-3-2,40570,52,4-3,6250,12,2-3-4,4380,11,3-4,3220,7
20251230,,8,一般戦,晴,北東,4,4,6,6,5268,山 本 幸 也,18,160,6.88,6,0.11,,4-3-2,40570,52,4-3,6250,12,2-3-4,4380,11,3-4,3220,7
20251230,,9,ペラ坊特選,晴,北東,4,4,1,3,5240,高 橋 龍 治,33,106,6.86,3,0.14,1.50.7,3-4-6,23110,60,3-4,3850,12,3-4-6,7380,20,3-4,1720,7
20251230,,9,ペラ坊特選,晴,北東,4,4,2,4,3726,桂 林 寛,13,108,6.87,4,0.20,1.53.7,3-4-6,23110,60,3-4,3850,12,3-4-6,7380,20,3-4,1720,7
20251230,,9,ペラ坊特選,晴,北東,4,4,3,6,4674,池 田 剛 規,20,151,6.87,6,0.19,1.54.6,3-4-6,23110,60,3-4,3850,12,3-4-6,7380,20,3-4,1720,7
20251230,,9,ペラ坊特選,晴,北東,4,4,4,5,4525,真 子 奈津実,27,134,6.78,5,0.20,1.54.9,3-4-6,23110,60,3-4,3850,12,3-4-6,7380,20,3-4,1720,7
20251230,,9,ペラ坊特選,晴,北東,4,4,5,2,4866,橋 本 英 一,24,115,6.82,2,0.14,,3-4-6,23110,60,3-4,3850,12,3-4-6,7380,20,3-4,1720,7
20251230,,9,ペラ坊特選,晴,北東,4,4,6,1,3784,中 島 友 和,63,143,6.82,1,0.13,,3-4-6,23110,60,3-4,3850,12,3-4-6,7380,20,3-4,1720,7
20251230,,10,選抜戦,晴,北東,4,4,1,2,5195,北 村 寧 々,48,162,6.81,2,0.23,2.02.1,2-3-1,6030,30,2-3,1630,9,1-2-3,820,4,2-3,1000,7
20251230,,10,選抜戦,晴,北東,4,4,2,3,4709,岡 村 将 也,46,149,6.86,3,0.22,2.04.0,2-3-1,6030,30,2-3,1630,9,1-2-3,820,4,2-3,1000,7
20251230,,10,選抜戦,晴,北東,4,4,3,1,3989,熊 本 英 一,40,136,6.85,1,0.28,2.06.7,2-3-1,6030,30,2-3,1630,9,1-2-3,820,4,2-3,1000,7
20251230,,10,選抜戦,晴,北東,4,4,4,6,4329,小 松 卓 司,45,167,6.85,6,0.09,2.11.0,2-3-1,6030,30,2-3,1630,9,1-2-3,820,4,2-3,1000,7
20251230,,10,選抜戦,晴,北東,4,4,5,5,5289,佃 來 紀,57,135,6.76,5,0.06,,2-3-1,6030,30,2-3,1630,9,1-2-3,820,4,2-3,1000,7
20251230,,11,選抜戦,晴,北東,4,4,1,1,4653,小 野 達 哉,66,128,6.78,1,0.10,1.49.9,1-3-2,600,1,1-3,260,1,1-2-3,250,1,1-3,210,1
20251230,,11,選抜戦,晴,北東,4,4,2,3,4832,権 藤 俊 光,68,172,6.82,3,0.16,1.51.1,1-3-2,600,1,1-3,260,1,1-2-3,250,1,1-3,210,1
20251230,,11,選抜戦,晴,北東,4,4,3,2,3473,石 川 真 二,43,104,6.85,2,0.18,1.52.8,1-3-2,600,1,1-3,260,1,1-2-3,250,1,1-3,210,1
20251230,,11,選抜戦,晴,北東,4,4,4,4,4549,小 林 文 彦,28,161,6.84,4,0.20,1.53.7,1-3-2,600,1,1-3,260,1,1-2-3,250,1,1-3,210,1
20251230,,11,選抜戦,晴,北東,4,4,5,5,5203,神 里 琴 音,11,129,6.84,5,0.18,,1-3-2,600,1,1-3,260,1,1-2-3,250,1,1-3,210,1
20251230,,11,選抜戦,晴,北東,4,4,6,6,4311,岡 村 仁,26,173,6.83,6,0.15,,1-3-2,600,1,1-3,260,1,1-2-3,250,1,1-3,210,1
20251230,,12,優勝戦,晴,北東,4,4,1,1,4760,山 崎 郡,51,154,6.76,1,0.17,1.49.5,1-4-2,1230,5,1-4,510,3,1-2-4,330,1,1-4,460,3
20251230,,12,優勝戦,晴,北東,4,4,2,4,4044,湯 川 浩 司,39,125,6.74,4,0.16,1.51.2,1-4-2,1230,5,1-4,510,3,1-2-4,330,1,1-4,460,3
20251230,,12,優勝戦,晴,北東,4,4,3,2,4715,村 上 遼,50,123,6.78,3,0.14,1.51.8,1-4-2,1230,5,1-4,510,3,1-2-4,330,1,1-4,460,3
20251230,,12,優勝戦,晴,北東,4,4,4,6,4603,谷 川 将 太,49,140,6.76,6,0.08,1.52.4,1-4-2,1230,5,1-4,510,3,1-2-4,330,1,1-4,460,3
20251230,,12,優勝戦,晴,北東,4,4,5,3,3257,田 頭 実,56,116,6.82,2,0.09,,1-4-2,1230,5,1-4,510,3,1-2-4,330,1,1-4,460,3
20251230,,12,優勝戦,晴,北東,4,4,6,5,4553,坪 口 竜 也,47,109,6.81,5,0.12,,1-4-2,1230,5,1-4,510,3,1-2-4,330,1,1-4,460,3
20251230,,1,サンライズＶ,晴,南,1,1,1,1,4189,川 上 剛,5,144,6.81,1,0.26,1.49.1,1-2-4,960,3,1-2,430,2,1-2-4,350,1,1-2,310,2
20251230,,1,サンライズＶ,晴,南,1,1,2,2,5219,森 口 和 紀,6,156,6.79,2,0.27,1.49.4,1-2-4,960,3,1-2,430,2,1-2-4,350,1,1-2,310,2
20251230,,1,サンライズＶ,晴,南,1,1,3,4,5107,松 本 真 広,46,119,6.70,4,0.23,1.50.4,1-2-4,960,3,1-2,430,2,1-2-4,350,1,1-2,310,2
20251230,,1,サンライズＶ,晴,南,1,1,4,6,5409,宮 本 琉 正,28,149,6.87,6,0.23,1.52.4,1-2-4,960,3,1-2,430,2,1-2-4,350,1,1-2,310,2
20251230,,1,サンライズＶ,晴,南,1,1,5,5,5286,坂 井 滉 哉,36,134,6.80,5,0.18,,1-2-4,960,3,1-2,430,2,1-2-4,350,1,1-2,310,2
20251230,,1,サンライズＶ,晴,南,1,1,6,3,5328,井 上 慧 人,21,148,6.77,3,0.29,,1-2-4,960,3,1-2,430,2,1-2-4,350,1,1-2,310,2
20251230,,2,サンライズＷ,晴,北西,2,2,1,1,4122,安 東 幸 治,8,125,6.76,1,0.15,1.48.1,1-3-5,1980,5,1-3,520,2,1-3-5,1200,5,1-3,310,1
20251230,,2,サンライズＷ,晴,北西,2,2,2,3,5330,安河内 鈴之介,52,132,6.72,2,0.20,1.48.7,1-3-5,1980,5,1-3,520,2,1-3-5,1200,5,1-3,310,1
20251230,,2,サンライズＷ,晴,北西,2,2,3,5,3747,國 崎 良 春,25,145,6.76,5,0.14,1.50.8,1-3-5,1980,5,1-3,520,2,1-3-5,1200,5,1-3,310,1
20251230,,2,サンライズＷ,晴,北西,2,2,4,6,3352,小 川 晃 司,11,123,6.79,6,0.12,1.51.7,1-3-5,1980,5,1-3,520,2,1-3-5,1200,5,1-3,310,1
20251230,,2,サンライズＷ,晴,北西,2,2,5,4,4451,松 崎 祐太郎,19,116,6.76,3,0.15,,1-3-5,1980,5,1-3,520,2,1-3-5,1200,5,1-3,310,1
20251230,,2,サンライズＷ,晴,北西,2,2,6,2,5258,仲 本 舜,60,128,6.80,4,0.19,,1-3-5,1980,5,1-3,520,2,1-3-5,1200,5,1-3,310,1
20251230,,3,サンライズＸ,晴,北西,2,2,1,1,4363,大 野 芳 顕,39,158,6.75,1,0.12,1.47.5,1-3-5,580,1,1-3,220,1,1-3-5,240,1,1-3,170,1
20251230,,3,サンライズＸ,晴,北西,2,2,2,3,4848,仲 谷 颯 仁,13,159,6.76,3,0.17,1.49.2,1-3-5,580,1,1-3,220,1,1-3-5,240,1,1-3,170,1
20251230,,3,サンライズＸ,晴,北西,2,2,3,5,4463,三 苫 晃 幸,58,160,6.73,5,0.12,1.51.7,1-3-5,580,1,1-3,220,1,1-3-5,240,1,1-3,170,1
20251230,,3,サンライズＸ,晴,北西,2,2,4,6,5073,上 原 健次郎,10,147,6.76,6,0.13,1.52.1,1-3-5,580,1,1-3,220,1,1-3-5,240,1,1-3,170,1
20251230,,3,サンライズＸ,晴,北西,2,2,5,4,5382,山 下 心 一,35,164,6.69,4,0.05,,1-3-5,580,1,1-3,220,1,1-3-5,240,1,1-3,170,1
20251230,,3,サンライズＸ,晴,北西,2,2,6,2,5351,齊 藤 廉,22,130,6.76,2,0.13,,1-3-5,580,1,1-3,220,1,1-3-5,240,1,1-3,170,1
20251230,,4,サンライズＹ 進入固定,晴,北,4,4,1,1,4296,岡 崎 恭 裕,42,113,6.83,1,0.21,1.49.2,1-4-3,570,2,1-4,270,2,1-3-4,220,1,1-4,200,1
20251230,,4,サンライズＹ 進入固定,晴,北,4,4,2,4,5104,山 田 丈,55,165,6.75,4,0.31,1.50.0,1-4-3,570,2,1-4,270,2,1-3-4,220,1,1-4,200,1
20251230,,4,サンライズＹ 進入固定,晴,北,4,4,3,3,5239,上 野 俊 樹,44,124,6.81,3,0.27,1.50.7,1-4-3,570,2,1-4,270,2,1-3-4,220,1,1-4,200,1
20251230,,4,サンライズＹ 進入固定,晴,北,4,4,4,6,4892,柴 田 直 哉,48,167,6.77,6,0.51,1.53.9,1-4-3,570,2,1-4,270,2,1-3-4,220,1,1-4,200,1
20251230,,4,サンライズＹ 進入固定,晴,北,4,4,5,5,5338,香 月 大 輝,17,135,6.77,5,0.46,,1-4-3,570,2,1-4,270,2,1-3-4,220,1,1-4,200,1
20251230,,4,サンライズＹ 進入固定,晴,北,4,4,6,2,5209,小 野 京 平,38,168,6.80,2,0.28,,1-4-3,570,2,1-4,270,2,1-3-4,220,1,1-4,200,1
20251230,,5,サンライズＺ,晴,北,3,3,1,2,5158,宮 脇 遼 太,1,120,6.73,2,0.16,1.47.3,2-1-5,4850,14,2-1,1420,6,1-2-5,280,1,1-2,260,1
20251230,,5,サンライズＺ,晴,北,3,3,2,1,4737,竹 井 貴 史,49,127,6.73,1,0.20,1.48.8,2-1-5,4850,14,2-1,1420,6,1-2-5,280,1,1-2,260,1
20251230,,5,サンライズＺ,晴,北,3,3,3,5,5028,原 田 才一郎,2,137,6.63,5,0.22,1.50.9,2-1-5,4850,14,2-1,1420,6,1-2-5,280,1,1-2,260,1
20251230,,5,サンライズＺ,晴,北,3,3,4,4,4180,上 野 秀 和,43,161,6.79,4,0.16,1.51.0,2-1-5,4850,14,2-1,1420,6,1-2-5,280,1,1-2,260,1
20251230,,5,サンライズＺ,晴,北,3,3,5,3,5276,大 島 隆乃介,30,140,6.70,3,0.13,,2-1-5,4850,14,2-1,1420,6,1-2-5,280,1,1-2,260,1
20251230,,5,サンライズＺ,晴,北,3,3,6,6,5219,森 口 和 紀,6,156,6.75,6,0.25,,2-1-5,4850,14,2-1,1420,6,1-2-5,280,1,1-2,260,1
20251230,,6,予選,晴,北,3,3,1,6,4831,羽 野 直 也,45,129,6.71,5,0.15,2.07.7,6-1-2,5620,24,6-1,2110,12,1-2-6,470,3,1-6,640,5
20251230,,6,予選,晴,北,3,3,2,1,4899,占 部 一 真,56,117,6.76,1,0.14,2.12.3,6-1-2,5620,24,6-1,2110,12,1-2-6,470,3,1-6,640,5
20251230,,6,予選,晴,北,3,3,3,2,4351,里 岡 右 貴,24,122,6.79,2,0.19,2.15.1,6-1-2,5620,24,6-1,2110,12,1-2-6,470,3,1-6,640,5
20251230,,7,予選 進入固定,晴,北東,3,3,1,5,4864,小 川 日紀太,15,151,6.66,5,0.15,1.47.3,5-2-1,9690,25,5-2,4800,12,1-2-5,480,2,2-5,1140,4
20251230,,7,予選 進入固定,晴,北東,3,3,2,2,5107,松 本 真 広,46,119,6.66,2,0.11,1.48.9,5-2-1,9690,25,5-2,4800,12,1-2-5,480,2,2-5,1140,4
20251230,,7,予選 進入固定,晴,北東,3,3,3,1,3747,國 崎 良 春,25,145,6.71,1,0.17,1.51.2,5-2-1,9690,25,5-2,4800,12,1-2-5,480,2,2-5,1140,4
20251230,,7,予選 進入固定,晴,北東,3,3,4,6,5212,西 川 拓 利,57,139,6.77,6,0.17,1.52.6,5-2-1,9690,25,5-2,4800,12,1-2-5,480,2,2-5,1140,4
20251230,,7,予選 進入固定,晴,北東,3,3,5,3,5073,上 原 健次郎,10,147,6.72,3,0.22,,5-2-1,9690,25,5-2,4800,12,1-2-5,480,2,2-5,1140,4
20251230,,7,予選 進入固定,晴,北東,3,3,6,4,5392,安 武 一 也,9,157,6.68,4,0.23,,5-2-1,9690,25,5-2,4800,12,1-2-5,480,2,2-5,1140,4
20251230,,8,予選,晴,北,3,3,1,2,4288,永 田 啓 二,18,142,6.73,2,0.01,1.48.1,2-4-5,4980,18,2-4,550,2,2-4-5,1860,7,2-4,450,2
20251230,,8,予選,晴,北,3,3,2,4,4640,山ノ内 雅 人,33,131,6.72,4,0.11,1.48.9,2-4-5,4980,18,2-4,550,2,2-4-5,1860,7,2-4,450,2
20251230,,8,予選,晴,北,3,3,3,5,5328,井 上 慧 人,21,148,6.72,6,0.11,1.50.6,2-4-5,4980,18,2-4,550,2,2-4-5,1860,7,2-4,450,2
20251230,,8,予選,晴,北,3,3,4,3,5093,浦 野 海,14,118,6.79,3,0.01,1.50.9,2-4-5,4980,18,2-4,550,2,2-4-5,1860,7,2-4,450,2
20251230,,8,予選,晴,北,3,3,5,6,4193,郷 原 章 平,37,133,6.71,5,0.04,,2-4-5,4980,18,2-4,550,2,2-4-5,1860,7,2-4,450,2
20251230,,9,予選,晴,北,3,3,1,1,5104,山 田 丈,55,165,6.73,1,0.10,1.46.7,1-3-6,540,1,1-3,310,1,1-3-6,250,1,1-3,180,1
20251230,,9,予選,晴,北,3,3,2,3,4737,竹 井 貴 史,49,127,6.80,3,0.13,1.48.9,1-3-6,540,1,1-3,310,1,1-3-6,250,1,1-3,180,1
20251230,,9,予選,晴,北,3,3,3,6,4932,新 開 航,54,166,6.75,6,0.15,1.50.3,1-3-6,540,1,1-3,310,1,1-3-6,250,1,1-3,180,1
20251230,,9,予選,晴,北,3,3,4,5,5382,山 下 心 一,35,164,6.70,5,0.15,1.51.6,1-3-6,540,1,1-3,310,1,1-3-6,250,1,1-3,180,1
20251230,,9,予選,晴,北,3,3,5,4,4079,出 畑 孝 典,16,163,6.75,4,0.18,,1-3-6,540,1,1-3,310,1,1-3-6,250,1,1-3,180,1
20251230,,9,予選,晴,北,3,3,6,2,5286,坂 井 滉 哉,36,134,6.79,2,0.12,,1-3-6,540,1,1-3,310,1,1-3-6,250,1,1-3,180,1
20251230,,10,予選,晴,北,4,4,1,1,4463,三 苫 晃 幸,58,160,6.72,1,0.21,1.48.0,1-4-5,9280,29,1-4,2300,7,1-4-5,2140,6,1-4,1260,5
20251230,,10,予選,晴,北,4,4,2,4,3523,寳 田 亮 治,32,112,6.84,4,0.19,1.48.8,1-4-5,9280,29,1-4,2300,7,1-4-5,2140,6,1-4,1260,5
20251230,,10,予選,晴,北,4,4,3,5,4296,岡 崎 恭 裕,42,113,6.83,5,0.17,1.51.1,1-4-5,9280,29,1-4,2300,7,1-4-5,2140,6,1-4,1260,5
20251230,,10,予選,晴,北,4,4,4,2,4122,安 東 幸 治,8,125,6.75,2,0.29,1.51.7,1-4-5,9280,29,1-4,2300,7,1-4-5,2140,6,1-4,1260,5
20251230,,10,予選,晴,北,4,4,5,3,4180,上 野 秀 和,43,161,6.80,3,0.29,,1-4-5,9280,29,1-4,2300,7,1-4-5,2140,6,1-4,1260,5
20251230,,10,予選,晴,北,4,4,6,6,4551,三 川 昂 暁,26,153,6.71,6,0.21,,1-4-5,9280,29,1-4,2300,7,1-4-5,2140,6,1-4,1260,5
20251230,,11,予選特選,晴,北,3,3,1,1,5028,原 田 才一郎,2,137,6.62,1,0.24,1.48.4,1-5-3,3710,13,1-5,1260,5,1-3-5,860,6,1-5,950,3
20251230,,11,予選特選,晴,北,3,3,2,5,4189,川 上 剛,5,144,6.78,5,0.09,1.50.6,1-5-3,3710,13,1-5,1260,5,1-3-5,860,6,1-5,950,3
20251230,,11,予選特選,晴,北,3,3,3,3,4363,大 野 芳 顕,39,158,6.73,3,0.21,1.51.7,1-5-3,3710,13,1-5,1260,5,1-3-5,860,6,1-5,950,3
20251230,,11,予選特選,晴,北,3,3,4,2,5330,安河内 鈴之介,52,132,6.67,2,0.20,1.53.0,1-5-3,3710,13,1-5,1260,5,1-3-5,860,6,1-5,950,3
20251230,,11,予選特選,晴,北,3,3,5,6,4351,里 岡 右 貴,24,122,6.81,6,0.07,,1-5-3,3710,13,1-5,1260,5,1-3-5,860,6,1-5,950,3
20251230,,11,予選特選,晴,北,3,3,6,4,5212,西 川 拓 利,57,139,6.76,4,0.06,,1-5-3,3710,13,1-5,1260,5,1-3-5,860,6,1-5,950,3
20251230,,12,あしや特選,晴,北,3,3,1,1,4848,仲 谷 颯 仁,13,159,6.75,1,0.24,1.46.9,1-6-4,3860,14,1-6,940,4,1-4-6,790,4,1-6,940,4
20251230,,12,あしや特選,晴,北,3,3,2,6,4288,永 田 啓 二,18,142,6.77,5,0.25,1.48.9,1-6-4,3860,14,1-6,940,4,1-4-6,790,4,1-6,940,4
20251230,,12,あしや特選,晴,北,3,3,3,4,5158,宮 脇 遼 太,1,120,6.67,6,0.24,1.49.7,1-6-4,3860,14,1-6,940,4,1-4-6,790,4,1-6,940,4
20251230,,12,あしや特選,晴,北,3,3,4,3,4451,松 崎 祐太郎,19,116,6.78,3,0.29,1.49.7,1-6-4,3860,14,1-6,940,4,1-4-6,790,4,1-6,940,4
20251230,,12,あしや特選,晴,北,3,3,5,5,4513,河 野 真 也,59,126,6.76,4,0.28,,1-6-4,3860,14,1-6,940,4,1-4-6,790,4,1-6,940,4
20251230,,12,あしや特選,晴,北,3,3,6,2,5239,上 野 俊 樹,44,124,6.77,2,0.29,,1-6-4,3860,14,1-6,940,4,1-4-6,790,4,1-6,940,4
20251230,,1,予選,晴,北東,3,3,1,1,5336,瀬 川 大 地,23,20,6.75,1,0.13,1.48.8,1-5-2,2270,8,1-5,1650,11,1-2-5,340,1,1-5,590,4
20251230,,1,予選,晴,北東,3,3,2,5,3661,柳 瀬 興 志,44,19,6.81,4,0.14,1.50.9,1-5-2,2270,8,1-5,1650,11,1-2-5,340,1,1-5,590,4
20251230,,1,予選,晴,北東,3,3,3,2,3305,小 野 信 樹,30,27,6.77,2,0.16,1.52.5,1-5-2,2270,8,1-5,1650,11,1-2-5,340,1,1-5,590,4
20251230,,1,予選,晴,北東,3,3,4,3,4343,村 岡 賢,52,29,6.78,3,0.16,1.53.6,1-5-2,2270,8,1-5,1650,11,1-2-5,340,1,1-5,590,4
20251230,,1,予選,晴,北東,3,3,5,4,5375,庄 島 潤 成,47,11,6.80,5,0.41,,1-5-2,2270,8,1-5,1650,11,1-2-5,340,1,1-5,590,4
20251230,,1,予選,晴,北東,3,3,6,6,5397,寺 田 夢 生,48,70,6.78,6,0.33,,1-5-2,2270,8,1-5,1650,11,1-2-5,340,1,1-5,590,4
20251230,,2,予選,晴,北,3,3,1,1,4574,東 潤 樹,65,53,6.69,1,0.19,2.02.3,1-3-5,900,2,1-3,250,1,1-3-5,420,2,1-3,290,1
20251230,,2,予選,晴,北,3,3,2,3,5152,丸 山 祐 也,38,17,6.81,3,0.14,2.05.8,1-3-5,900,2,1-3,250,1,1-3-5,420,2,1-3,290,1
20251230,,2,予選,晴,北,3,3,3,5,4097,貫地谷 直 人,32,23,6.91,5,0.15,2.08.3,1-3-5,900,2,1-3,250,1,1-3-5,420,2,1-3,290,1
20251230,,2,予選,晴,北,3,3,4,6,4332,村 上 彰 一,67,68,6.79,6,0.09,2.09.7,1-3-5,900,2,1-3,250,1,1-3-5,420,2,1-3,290,1
20251230,,2,予選,晴,北,3,3,5,4,5342,原 村 百 那,59,60,6.84,4,0.14,,1-3-5,900,2,1-3,250,1,1-3-5,420,2,1-3,290,1
20251230,,3,予選,晴,北,3,3,1,5,4158,木 場 雄二郎,11,42,6.80,6,0.14,1.48.6,5-4-1,12780,57,5-4,1910,9,1-4-5,840,4,4-5,430,1
20251230,,3,予選,晴,北,3,3,2,4,5064,品 川 二千翔,72,62,6.76,4,0.16,1.50.3,5-4-1,12780,57,5-4,1910,9,1-4-5,840,4,4-5,430,1
20251230,,3,予選,晴,北,3,3,3,1,5117,冨名腰 桃 奈,20,64,6.81,1,0.11,1.52.0,5-4-1,12780,57,5-4,1910,9,1-4-5,840,4,4-5,430,1
20251230,,3,予選,晴,北,3,3,4,3,4251,川 崎 誠 志,43,36,6.79,3,0.17,1.53.1,5-4-1,12780,57,5-4,1910,9,1-4-5,840,4,4-5,430,1
20251230,,3,予選,晴,北,3,3,5,2,5310,土 屋 蘭,25,56,6.77,2,0.12,,5-4-1,12780,57,5-4,1910,9,1-4-5,840,4,4-5,430,1
20251230,,3,予選,晴,北,3,3,6,6,4873,蒲 原 健 太,12,31,6.86,5,0.16,,5-4-1,12780,57,5-4,1910,9,1-4-5,840,4,4-5,430,1
20251230,,4,予選,晴,北,3,3,1,6,4237,大 峯 豊,57,24,6.77,6,0.12,1.49.9,6-5-4,3960,16,6-5,590,1,4-5-6,1090,6,5-6,570,2
20251230,,4,予選,晴,北,3,3,2,5,3574,大 神 康 司,42,46,6.88,3,0.15,1.50.9,6-5-4,3960,16,6-5,590,1,4-5-6,1090,6,5-6,570,2
20251230,,4,予選,晴,北,3,3,3,4,4425,大 井 清 貴,28,50,6.90,5,0.22,1.52.0,6-5-4,3960,16,6-5,590,1,4-5-6,1090,6,5-6,570,2
20251230,,4,予選,晴,北,3,3,4,3,5231,寺 田 空 詩,45,38,6.85,4,0.17,1.53.1,6-5-4,3960,16,6-5,590,1,4-5-6,1090,6,5-6,570,2
20251230,,4,予選,晴,北,3,3,5,2,3224,栗 山 繁 洋,62,30,6.82,2,0.24,,6-5-4,3960,16,6-5,590,1,4-5-6,1090,6,5-6,570,2
20251230,,4,予選,晴,北,3,3,6,1,5192,中 尾 優 香,63,25,6.81,1,0.25,,6-5-4,3960,16,6-5,590,1,4-5-6,1090,6,5-6,570,2
20251230,,5,長州ファイブ,晴,北,2,2,1,3,4980,佐々木 完 太,71,39,6.75,3,0.09,1.47.2,3-1-2,1130,4,3-1,320,1,1-2-3,280,1,1-3,180,1
20251230,,5,長州ファイブ,晴,北,2,2,2,1,3853,岩 崎 正 哉,22,35,6.78,1,0.07,1.50.3,3-1-2,1130,4,3-1,320,1,1-2-3,280,1,1-3,180,1
20251230,,5,長州ファイブ,晴,北,2,2,3,2,5146,野 田 彩 加,31,51,6.82,2,0.06,1.51.5,3-1-2,1130,4,3-1,320,1,1-2-3,280,1,1-3,180,1
20251230,,5,長州ファイブ,晴,北,2,2,4,5,5391,出 穂 和 鼓,26,21,6.73,6,0.19,1.51.5,3-1-2,1130,4,3-1,320,1,1-2-3,280,1,1-3,180,1
20251230,,5,長州ファイブ,晴,北,2,2,5,4,3284,渡 邊 伸太郎,39,15,6.85,4,0.09,,3-1-2,1130,4,3-1,320,1,1-2-3,280,1,1-3,180,1
20251230,,5,長州ファイブ,晴,北,2,2,6,6,4151,下 河 誉 史,70,43,6.88,5,0.18,,3-1-2,1130,4,3-1,320,1,1-2-3,280,1,1-3,180,1
20251230,,6,予選,晴,北東,1,1,1,4,3942,寺 田 祥,56,71,6.79,4,0.11,1.48.0,4-5-3,840,3,4-5,340,1,3-4-5,280,1,4-5,200,1
20251230,,6,予選,晴,北東,1,1,2,5,3711,江 本 真 治,34,72,6.85,5,0.16,1.49.4,4-5-3,840,3,4-5,340,1,3-4-5,280,1,4-5,200,1
20251230,,6,予選,晴,北東,1,1,3,3,4817,渡 邉 翼,53,45,6.73,3,0.12,1.50.7,4-5-3,840,3,4-5,340,1,3-4-5,280,1,4-5,200,1
20251230,,6,予選,晴,北東,1,1,4,2,5152,丸 山 祐 也,38,17,6.76,2,0.21,1.53.4,4-5-3,840,3,4-5,340,1,3-4-5,280,1,4-5,200,1
20251230,,6,予選,晴,北東,1,1,5,1,4990,田 中 博 子,16,13,6.74,1,0.15,,4-5-3,840,3,4-5,340,1,3-4-5,280,1,4-5,200,1
20251230,,6,予選,晴,北東,1,1,6,6,5406,小 畑 楓 夏,29,58,6.73,6,0.24,,4-5-3,840,3,4-5,340,1,3-4-5,280,1,4-5,200,1
20251230,,7,ふく～る戦,晴,北,2,2,1,4,4324,海 野 康志郎,64,57,6.77,1,0.08,1.49.1,4-2-3,2200,9,4-2,410,2,2-3-4,1820,6,2-4,280,1
20251230,,7,ふく～る戦,晴,北,2,2,2,2,5067,山 田 真 聖,13,61,6.75,3,0.10,1.50.1,4-2-3,2200,9,4-2,410,2,2-3-4,1820,6,2-4,280,1
20251230,,7,ふく～る戦,晴,北,2,2,3,3,5277,井 上 未 都,61,54,6.81,4,0.12,1.51.9,4-2-3,2200,9,4-2,410,2,2-3-4,1820,6,2-4,280,1
20251230,,7,ふく～る戦,晴,北,2,2,4,5,4239,竹 田 辰 也,36,26,6.79,5,0.14,1.52.0,4-2-3,2200,9,4-2,410,2,2-3-4,1820,6,2-4,280,1
20251230,,7,ふく～る戦,晴,北,2,2,5,1,4097,貫地谷 直 人,32,23,6.81,2,0.14,,4-2-3,2200,9,4-2,410,2,2-3-4,1820,6,2-4,280,1
20251230,,7,ふく～る戦,晴,北,2,2,6,6,5375,庄 島 潤 成,47,11,6.80,6,0.15,,4-2-3,2200,9,4-2,410,2,2-3-4,1820,6,2-4,280,1
20251230,,8,予選 進入固定,晴,北,2,2,1,1,4009,小 林 一 樹,19,34,6.75,1,0.18,1.48.9,1-3-4,510,2,1-3,160,1,1-3-4,390,2,1-3,120,1
20251230,,8,予選 進入固定,晴,北,2,2,2,3,4475,末 永 祐 輝,55,41,6.75,3,0.16,1.50.4,1-3-4,510,2,1-3,160,1,1-3-4,390,2,1-3,120,1
20251230,,8,予選 進入固定,晴,北,2,2,3,4,5192,中 尾 優 香,63,25,6.75,4,0.21,1.51.8,1-3-4,510,2,1-3,160,1,1-3-4,390,2,1-3,120,1
20251230,,8,予選 進入固定,晴,北,2,2,4,6,5387,戸 田 海咲音,51,47,6.78,6,0.16,1.52.2,1-3-4,510,2,1-3,160,1,1-3-4,390,2,1-3,120,1
20251230,,8,予選 進入固定,晴,北,2,2,5,5,5310,土 屋 蘭,25,56,6.75,5,0.17,,1-3-4,510,2,1-3,160,1,1-3-4,390,2,1-3,120,1
20251230,,8,予選 進入固定,晴,北,2,2,6,2,4343,村 岡 賢,52,29,6.77,2,0.17,,1-3-4,510,2,1-3,160,1,1-3-4,390,2,1-3,120,1
20251230,,9,予選,晴,北西,2,2,1,6,4361,柳 生 泰 二,49,49,6.73,3,0.08,1.47.8,6-2-3,8720,24,6-2,1450,5,2-3-6,5920,9,2-6,780,3
20251230,,9,予選,晴,北西,2,2,2,2,3284,渡 邊 伸太郎,39,15,6.72,2,0.17,1.49.8,6-2-3,8720,24,6-2,1450,5,2-3-6,5920,9,2-6,780,3
20251230,,9,予選,晴,北西,2,2,3,3,5336,瀬 川 大 地,23,20,6.75,4,0.14,1.51.1,6-2-3,8720,24,6-2,1450,5,2-3-6,5920,9,2-6,780,3
20251230,,9,予選,晴,北西,2,2,4,4,4251,川 崎 誠 志,43,36,6.76,5,0.22,1.52.5,6-2-3,8720,24,6-2,1450,5,2-3-6,5920,9,2-6,780,3
20251230,,9,予選,晴,北西,2,2,5,1,4263,武 重 雄 介,37,40,6.79,1,0.22,,6-2-3,8720,24,6-2,1450,5,2-3-6,5920,9,2-6,780,3
20251230,,9,予選,晴,北西,2,2,6,5,5342,原 村 百 那,59,60,6.75,6,0.21,,6-2-3,8720,24,6-2,1450,5,2-3-6,5920,9,2-6,780,3
20251230,,10,予選,晴,北東,2,2,1,1,3574,大 神 康 司,42,46,6.80,1,0.19,1.48.4,1-2-4,940,4,1-2,260,2,1-2-4,350,2,1-2,180,1
20251230,,10,予選,晴,北東,2,2,2,2,4980,佐々木 完 太,71,39,6.65,2,0.15,1.50.1,1-2-4,940,4,1-2,260,2,1-2-4,350,2,1-2,180,1
20251230,,10,予選,晴,北東,2,2,3,4,4332,村 上 彰 一,67,68,6.73,4,0.13,1.50.8,1-2-4,940,4,1-2,260,2,1-2-4,350,2,1-2,180,1
20251230,,10,予選,晴,北東,2,2,4,6,3305,小 野 信 樹,30,27,6.79,6,0.10,1.52.9,1-2-4,940,4,1-2,260,2,1-2-4,350,2,1-2,180,1
20251230,,10,予選,晴,北東,2,2,5,5,4990,田 中 博 子,16,13,6.74,5,0.14,,1-2-4,940,4,1-2,260,2,1-2-4,350,2,1-2,180,1
20251230,,10,予選,晴,北東,2,2,6,3,4873,蒲 原 健 太,12,31,6.75,3,0.24,,1-2-4,940,4,1-2,260,2,1-2-4,350,2,1-2,180,1
20251230,,11,予選特選,晴,北東,2,2,1,1,4324,海 野 康志郎,64,57,6.73,1,0.14,1.48.1,1-6-5,1970,7,1-6,270,2,1-5-6,1160,4,1-6,210,1
20251230,,11,予選特選,晴,北東,2,2,2,6,4817,渡 邉 翼,53,45,6.74,6,0.10,1.48.7,1-6-5,1970,7,1-6,270,2,1-5-6,1160,4,1-6,210,1
20251230,,11,予選特選,晴,北東,2,2,3,5,5231,寺 田 空 詩,45,38,6.79,5,0.11,1.50.6,1-6-5,1970,7,1-6,270,2,1-5-6,1160,4,1-6,210,1
20251230,,11,予選特選,晴,北東,2,2,4,3,3853,岩 崎 正 哉,22,35,6.78,3,0.26,1.52.7,1-6-5,1970,7,1-6,270,2,1-5-6,1160,4,1-6,210,1
20251230,,11,予選特選,晴,北東,2,2,5,2,3661,柳 瀬 興 志,44,19,6.81,2,0.26,,1-6-5,1970,7,1-6,270,2,1-5-6,1160,4,1-6,210,1
20251230,,11,予選特選,晴,北東,2,2,6,4,5180,藤 本 紗弥香,60,22,6.76,4,0.27,,1-6-5,1970,7,1-6,270,2,1-5-6,1160,4,1-6,210,1
20251230,,12,お正月特選,晴,北東,2,2,1,1,3942,寺 田 祥,56,71,6.74,1,0.10,1.48.2,1-5-2,2270,11,1-5,560,4,1-2-5,870,5,1-5,490,4
20251230,,12,お正月特選,晴,北東,2,2,2,5,5064,品 川 二千翔,72,62,6.73,5,0.14,1.49.5,1-5-2,2270,11,1-5,560,4,1-2-5,870,5,1-5,490,4
20251230,,12,お正月特選,晴,北東,2,2,3,2,4151,下 河 誉 史,70,43,6.82,2,0.14,1.50.8,1-5-2,2270,11,1-5,560,4,1-2-5,870,5,1-5,490,4
20251230,,12,お正月特選,晴,北東,2,2,4,3,4009,小 林 一 樹,19,34,6.78,3,0.10,1.51.5,1-5-2,2270,11,1-5,560,4,1-2-5,870,5,1-5,490,4
20251230,,12,お正月特選,晴,北東,2,2,5,4,4574,東 潤 樹,65,53,6.67,4,0.14,,1-5-2,2270,11,1-5,560,4,1-2-5,870,5,1-5,490,4
20251230,,12,お正月特選,晴,北東,2,2,6,6,5277,井 上 未 都,61,54,6.83,6,0.12,,1-5-2,2270,11,1-5,560,4,1-2-5,870,5,1-5,490,4
20251230,,1,ファーストＢ,晴,北東,2,2,1,3,4271,川 崎 公 靖,39,69,6.75,3,0.00,1.49.5,3-1-6,11150,11,3-1,1790,4,1-3-6,1120,3,1-3,180,2
20251230,,1,ファーストＢ,晴,北東,2,2,2,1,4951,新 田 洋 一,66,51,6.66,1,0.04,1.51.0,3-1-6,11150,11,3-1,1790,4,1-3-6,1120,3,1-3,180,2
20251230,,1,ファーストＢ,晴,北東,2,2,3,6,5372,上 岡 巧 汰,68,19,6.68,6,0.02,1.53.8,3-1-6,11150,11,3-1,1790,4,1-3-6,1120,3,1-3,180,2
20251230,,1,ファーストＢ,晴,北東,2,2,4,2,3614,谷 勝 幸,55,54,6.71,2,0.09,1.54.4,3-1-6,11150,11,3-1,1790,4,1-3-6,1120,3,1-3,180,2
20251230,,2,予選,曇り,東,2,2,1,2,4798,浜 先 真 範,15,31,6.70,2,0.23,1.49.1,2-3-1,1390,5,2-3,660,3,1-2-3,220,1,2-3,410,2
20251230,,2,予選,曇り,東,2,2,2,3,4173,岡 谷 健 吾,62,76,6.75,3,0.30,1.51.6,2-3-1,1390,5,2-3,660,3,1-2-3,220,1,2-3,410,2
20251230,,2,予選,曇り,東,2,2,3,1,5154,村 松 栄 太,70,82,6.72,1,0.21,1.52.9,2-3-1,1390,5,2-3,660,3,1-2-3,220,1,2-3,410,2
20251230,,2,予選,曇り,東,2,2,4,4,4872,山 下 流 心,63,21,6.80,4,0.29,1.54.9,2-3-1,1390,5,2-3,660,3,1-2-3,220,1,2-3,410,2
20251230,,2,予選,曇り,東,2,2,5,6,3054,北 川 幸 典,58,71,6.78,5,0.32,1.55.8,2-3-1,1390,5,2-3,660,3,1-2-3,220,1,2-3,410,2
20251230,,2,予選,曇り,東,2,2,6,5,5442,池 田 美 優,36,62,6.75,6,0.30,1.57.4,2-3-1,1390,5,2-3,660,3,1-2-3,220,1,2-3,410,2
20251230,,3,予選,晴,東,1,1,1,1,4111,奥 田 誠,57,16,6.70,1,0.12,1.49.4,1-4-2,950,3,1-4,760,4,1-2-4,180,1,1-4,740,3
20251230,,3,予選,晴,東,1,1,2,4,4600,井 内 将太郎,32,17,6.67,4,0.13,1.50.1,1-4-2,950,3,1-4,760,4,1-2-4,180,1,1-4,740,3
20251230,,3,予選,晴,東,1,1,3,2,4471,新 田 泰 章,18,78,6.73,2,0.14,1.52.3,1-4-2,950,3,1-4,760,4,1-2-4,180,1,1-4,740,3
20251230,,3,予選,晴,東,1,1,4,3,4844,村 上 奈 穂,81,30,6.66,3,0.14,1.53.9,1-4-2,950,3,1-4,760,4,1-2-4,180,1,1-4,740,3
20251230,,3,予選,晴,東,1,1,5,6,5431,得 山 大 輝,53,12,6.66,6,0.33,1.55.7,1-4-2,950,3,1-4,760,4,1-2-4,180,1,1-4,740,3
20251230,,3,予選,晴,東,1,1,6,5,3430,角 浜 修,65,77,6.78,5,0.18,1.55.8,1-4-2,950,3,1-4,760,4,1-2-4,180,1,1-4,740,3
20251230,,4,予選,晴,北東,1,1,1,3,4163,山 崎 裕 司,16,53,6.66,3,0.11,1.49.7,3-1-4,6730,21,3-1,1680,5,1-3-4,1610,4,1-3,280,2
20251230,,4,予選,晴,北東,1,1,2,1,3615,横 田 茂,51,13,6.65,1,0.08,1.50.7,3-1-4,6730,21,3-1,1680,5,1-3-4,1610,4,1-3,280,2
20251230,,4,予選,晴,北東,1,1,3,4,4882,瀧 川 千 依,50,33,6.73,4,0.14,1.51.5,3-1-4,6730,21,3-1,1680,5,1-3-4,1610,4,1-3,280,2
20251230,,4,予選,晴,北東,1,1,4,2,4434,田 中 辰 彦,59,73,6.75,2,0.10,1.52.7,3-1-4,6730,21,3-1,1680,5,1-3-4,1610,4,1-3,280,2
20251230,,4,予選,晴,北東,1,1,5,5,4708,半 田 尚 也,82,68,6.74,5,0.15,1.54.1,3-1-4,6730,21,3-1,1680,5,1-3-4,1610,4,1-3,280,2
20251230,,4,予選,晴,北東,1,1,6,6,5348,小 林 甘 寧,33,39,6.73,6,0.12,1.54.6,3-1-4,6730,21,3-1,1680,5,1-3-4,1610,4,1-3,280,2
20251230,,5,予選,晴,北東,1,1,1,2,3499,市 川 哲 也,30,26,6.75,2,0.12,1.56.7,2-1-3,1120,3,2-1,760,6,1-2-3,200,1,1-2,360,2
20251230,,5,予選,晴,北東,1,1,2,1,4564,山 本 景士郎,37,80,6.73,1,0.14,1.59.0,2-1-3,1120,3,2-1,760,6,1-2-3,200,1,1-2,360,2
20251230,,5,予選,晴,北東,1,1,3,3,4302,西 野 翔 太,38,29,6.63,3,0.09,2.01.8,2-1-3,1120,3,2-1,760,6,1-2-3,200,1,1-2,360,2
20251230,,5,予選,晴,北東,1,1,4,5,4811,向井田 佑 紀,35,35,6.72,5,0.21,2.04.7,2-1-3,1120,3,2-1,760,6,1-2-3,200,1,1-2,360,2
20251230,,5,予選,晴,北東,1,1,5,4,5343,小 林 礼 央,19,37,6.69,4,0.19,2.07.0,2-1-3,1120,3,2-1,760,6,1-2-3,200,1,1-2,360,2
20251230,,6,ランチタイム,晴,無風,0,1,1,1,4398,船 岡 洋一郎,52,67,6.72,1,0.07,1.48.6,1-6-3,1850,9,1-6,770,4,1-3-6,490,2,1-6,430,3
20251230,,6,ランチタイム,晴,無風,0,1,2,6,4292,麻 生 慎 介,72,63,6.78,6,0.12,1.50.3,1-6-3,1850,9,1-6,770,4,1-3-6,490,2,1-6,430,3
20251230,,6,ランチタイム,晴,無風,0,1,3,3,3663,木 山 和 幸,23,72,6.71,3,0.11,1.52.1,1-6-3,1850,9,1-6,770,4,1-3-6,490,2,1-6,430,3
20251230,,6,ランチタイム,晴,無風,0,1,4,2,3584,佐々木 英 樹,25,55,6.79,2,0.12,1.52.3,1-6-3,1850,9,1-6,770,4,1-3-6,490,2,1-6,430,3
20251230,,6,ランチタイム,晴,無風,0,1,5,5,5243,三 馬 崇 史,67,56,6.76,5,0.06,1.53.6,1-6-3,1850,9,1-6,770,4,1-3-6,490,2,1-6,430,3
20251230,,6,ランチタイム,晴,無風,0,1,6,4,4784,向井田 真 紀,79,24,6.70,4,0.30,1.55.3,1-6-3,1850,9,1-6,770,4,1-3-6,490,2,1-6,430,3
20251230,,7,予選,晴,無風,0,1,1,4,4205,山 口 剛,78,22,6.65,4,0.06,1.47.3,4-2-5,4770,15,4-2,1910,6,2-4-5,1720,5,2-4,1110,4
20251230,,7,予選,晴,無風,0,1,2,2,4458,抹 香 雄 三,61,36,6.70,2,0.14,1.50.1,4-2-5,4770,15,4-2,1910,6,2-4-5,1720,5,2-4,1110,4
20251230,,7,予選,晴,無風,0,1,3,5,4978,山 田 和 佐,77,32,6.66,5,0.11,1.51.4,4-2-5,4770,15,4-2,1910,6,2-4-5,1720,5,2-4,1110,4
20251230,,7,予選,晴,無風,0,1,4,3,4219,本 岡 勝 利,60,61,6.78,3,0.23,1.53.0,4-2-5,4770,15,4-2,1910,6,2-4-5,1720,5,2-4,1110,4
20251230,,7,予選,晴,無風,0,1,5,1,5222,津 田 陸 翔,21,64,6.61,1,0.15,1.54.4,4-2-5,4770,15,4-2,1910,6,2-4-5,1720,5,2-4,1110,4
20251230,,7,予選,晴,無風,0,1,6,6,5442,池 田 美 優,36,62,6.70,6,0.18,1.55.8,4-2-5,4770,15,4-2,1910,6,2-4-5,1720,5,2-4,1110,4
20251230,,8,予選,晴,北東,2,2,1,1,4872,山 下 流 心,63,21,6.83,1,0.03,1.55.5,1-4-3,2020,7,1-4,980,4,1-3-4,290,1,1-4,710,2
20251230,,8,予選,晴,北東,2,2,2,4,4374,永 田 義 紘,12,57,6.74,4,0.12,1.56.7,1-4-3,2020,7,1-4,980,4,1-3-4,290,1,1-4,710,2
20251230,,8,予選,晴,北東,2,2,3,3,5134,大 原 祥 昌,31,59,6.72,3,0.06,1.57.5,1-4-3,2020,7,1-4,980,4,1-3-4,290,1,1-4,710,2
20251230,,8,予選,晴,北東,2,2,4,2,3411,池 上 隆 行,20,58,6.72,2,0.04,1.59.2,1-4-3,2020,7,1-4,980,4,1-3-4,290,1,1-4,710,2
20251230,,8,予選,晴,北東,2,2,5,6,3614,谷 勝 幸,55,54,6.70,5,0.13,2.01.9,1-4-3,2020,7,1-4,980,4,1-3-4,290,1,1-4,710,2
20251230,,9,予選,晴,東,2,2,1,3,4991,宗 行 治 哉,17,28,6.80,3,0.14,1.49.7,3-2-1,4110,15,3-2,1660,6,1-2-3,330,2,2-3,830,4
20251230,,9,予選,晴,東,2,2,2,2,4708,半 田 尚 也,82,68,6.82,2,0.27,1.51.9,3-2-1,4110,15,3-2,1660,6,1-2-3,330,2,2-3,830,4
20251230,,9,予選,晴,東,2,2,3,1,4844,村 上 奈 穂,81,30,6.73,1,0.30,1.52.7,3-2-1,4110,15,3-2,1660,6,1-2-3,330,2,2-3,830,4
20251230,,9,予選,晴,東,2,2,4,4,5154,村 松 栄 太,70,82,6.80,4,0.19,1.53.0,3-2-1,4110,15,3-2,1660,6,1-2-3,330,2,2-3,830,4
20251230,,9,予選,晴,東,2,2,5,6,3797,岩 井 繁,14,74,6.87,5,0.16,1.54.8,3-2-1,4110,15,3-2,1660,6,1-2-3,330,2,2-3,830,4
20251230,,9,予選,晴,東,2,2,6,5,5372,上 岡 巧 汰,68,19,6.79,6,0.09,1.56.5,3-2-1,4110,15,3-2,1660,6,1-2-3,330,2,2-3,830,4
20251230,,10,予選,晴,北東,3,3,1,1,4163,山 崎 裕 司,16,53,6.72,1,0.09,1.56.2,1-5-2,2420,12,1-5,830,4,1-2-5,1080,5,1-5,630,4
20251230,,10,予選,晴,北東,3,3,2,5,5343,小 林 礼 央,19,37,6.78,5,0.12,1.58.0,1-5-2,2420,12,1-5,830,4,1-2-5,1080,5,1-5,630,4
20251230,,10,予選,晴,北東,3,3,3,2,3054,北 川 幸 典,58,71,6.80,2,0.14,2.01.6,1-5-2,2420,12,1-5,830,4,1-2-5,1080,5,1-5,630,4
20251230,,10,予選,晴,北東,3,3,4,3,3430,角 浜 修,65,77,6.74,3,0.16,2.03.6,1-5-2,2420,12,1-5,830,4,1-2-5,1080,5,1-5,630,4
20251230,,10,予選,晴,北東,3,3,5,6,5401,谷 海夏人,80,27,6.77,6,0.14,2.08.1,1-5-2,2420,12,1-5,830,4,1-2-5,1080,5,1-5,630,4
20251230,,11,特選,晴,北東,2,2,1,1,3499,市 川 哲 也,30,26,6.73,1,0.12,1.49.4,1-2-3,1100,5,1-2,580,3,1-2-3,390,2,1-2,280,2
20251230,,11,特選,晴,北東,2,2,2,2,3615,横 田 茂,51,13,6.74,2,0.13,1.51.1,1-2-3,1100,5,1-2,580,3,1-2-3,390,2,1-2,280,2
20251230,,11,特選,晴,北東,2,2,3,3,4292,麻 生 慎 介,72,63,6.79,3,0.14,1.51.5,1-2-3,1100,5,1-2,580,3,1-2-3,390,2,1-2,280,2
20251230,,11,特選,晴,北東,2,2,4,6,4600,井 内 将太郎,32,17,6.74,6,0.11,1.52.6,1-2-3,1100,5,1-2,580,3,1-2-3,390,2,1-2,280,2
20251230,,11,特選,晴,北東,2,2,5,4,4173,岡 谷 健 吾,62,76,6.77,4,0.19,1.54.4,1-2-3,1100,5,1-2,580,3,1-2-3,390,2,1-2,280,2
20251230,,11,特選,晴,北東,2,2,6,5,4951,新 田 洋 一,66,51,6.74,5,0.13,1.55.0,1-2-3,1100,5,1-2,580,3,1-2-3,390,2,1-2,280,2
20251230,,12,ニッカンＤＲ,晴,北,2,2,1,1,4205,山 口 剛,78,22,6.67,1,0.03,1.47.0,1-2-3,500,1,1-2,230,1,1-2-3,340,1,1-2,240,2
20251230,,12,ニッカンＤＲ,晴,北,2,2,2,2,4302,西 野 翔 太,38,29,6.70,2,0.06,1.49.9,1-2-3,500,1,1-2,230,1,1-2-3,340,1,1-2,240,2
20251230,,12,ニッカンＤＲ,晴,北,2,2,3,3,4398,船 岡 洋一郎,52,67,6.73,3,0.10,1.51.4,1-2-3,500,1,1-2,230,1,1-2-3,340,1,1-2,240,2
20251230,,12,ニッカンＤＲ,晴,北,2,2,4,5,4471,新 田 泰 章,18,78,6.78,5,0.10,1.52.0,1-2-3,500,1,1-2,230,1,1-2-3,340,1,1-2,240,2
20251230,,12,ニッカンＤＲ,晴,北,2,2,5,6,4798,浜 先 真 範,15,31,6.72,6,0.14,1.53.7,1-2-3,500,1,1-2,230,1,1-2-3,340,1,1-2,240,2
20251230,,12,ニッカンＤＲ,晴,北,2,2,6,4,4434,田 中 辰 彦,59,73,6.78,4,0.13,1.54.5,1-2-3,500,1,1-2,230,1,1-2-3,340,1,1-2,240,2
20251230,,1,予選,晴,北,2,3,1,3,4635,峰 重 力 也,36,14,6.90,3,0.03,1.48.7,3-1-6,2840,9,3-1,800,4,1-3-6,950,4,1-3,390,2
20251230,,1,予選,晴,北,2,3,2,1,4562,阪 本 勇 介,14,17,6.82,1,0.04,1.50.1,3-1-6,2840,9,3-1,800,4,1-3-6,950,4,1-3,390,2
20251230,,1,予選,晴,北,2,3,3,6,4323,山 田 佑 樹,44,61,6.88,6,0.12,1.52.2,3-1-6,2840,9,3-1,800,4,1-3-6,950,4,1-3,390,2
20251230,,1,予選,晴,北,2,3,4,4,5109,川 崎 智 稔,52,46,6.83,4,0.03,1.53.0,3-1-6,2840,9,3-1,800,4,1-3-6,950,4,1-3,390,2
20251230,,1,予選,晴,北,2,3,5,5,4054,福 嶋 智 之,28,60,6.95,5,0.08,,3-1-6,2840,9,3-1,800,4,1-3-6,950,4,1-3,390,2
20251230,,1,予選,晴,北,2,3,6,2,5170,佐 藤 太 亮,22,23,6.93,2,0.09,,3-1-6,2840,9,3-1,800,4,1-3-6,950,4,1-3,390,2
20251230,,2,予選,晴,北西,1,1,1,1,4853,前 原 哉,70,11,6.88,1,0.14,1.48.6,1-2-5,1460,1,1-2,540,1,1-2-5,540,1,1-2,470,1
20251230,,2,予選,晴,北西,1,1,2,2,3935,岩 津 徹 郎,55,35,6.90,2,0.14,1.49.2,1-2-5,1460,1,1-2,540,1,1-2-5,540,1,1-2,470,1
20251230,,2,予選,晴,北西,1,1,3,5,4172,森 定 晃 史,67,62,6.86,5,0.11,1.50.8,1-2-5,1460,1,1-2,540,1,1-2-5,540,1,1-2,470,1
20251230,,2,予選,晴,北西,1,1,4,4,5317,長 尾 萌 加,64,16,6.83,4,0.14,1.51.9,1-2-5,1460,1,1-2,540,1,1-2-5,540,1,1-2,470,1
20251230,,2,予選,晴,北西,1,1,5,6,3685,荒 井 輝 年,62,30,6.75,6,0.10,,1-2-5,1460,1,1-2,540,1,1-2-5,540,1,1-2,470,1
20251230,,2,予選,晴,北西,1,1,6,3,5181,森 智 哉,48,26,6.79,3,0.16,,1-2-5,1460,1,1-2,540,1,1-2-5,540,1,1-2,470,1
20251230,,3,予選,晴,北西,2,3,1,1,4533,峰 重 侑 治,63,58,6.92,1,0.08,1.48.5,1-3-2,1280,5,1-3,310,1,1-2-3,330,2,1-3,190,1
20251230,,3,予選,晴,北西,2,3,2,3,4762,藤 原 啓史朗,27,38,6.81,3,0.11,1.50.6,1-3-2,1280,5,1-3,310,1,1-2-3,330,2,1-3,190,1
20251230,,3,予選,晴,北西,2,3,3,2,4277,金 田 大 輔,59,33,6.76,2,0.11,1.51.3,1-3-2,1280,5,1-3,310,1,1-2-3,330,2,1-3,190,1
20251230,,3,予選,晴,北西,2,3,4,5,5111,三 村 岳 人,50,28,6.80,5,0.14,1.52.6,1-3-2,1280,5,1-3,310,1,1-2-3,330,2,1-3,190,1
20251230,,3,予選,晴,北西,2,3,5,6,4563,齋 藤 真 之,38,44,6.85,6,0.12,,1-3-2,1280,5,1-3,310,1,1-2-3,330,2,1-3,190,1
20251230,,3,予選,晴,北西,2,3,6,4,3933,山 地 正 樹,31,39,6.86,4,0.15,,1-3-2,1280,5,1-3,310,1,1-2-3,330,2,1-3,190,1
20251230,,4,予選,晴,北東,2,3,1,5,4089,妹 尾 忠 幸,39,75,6.95,1,0.01,1.48.0,5-1-4,16590,41,5-1,6970,15,1-4-5,710,3,1-5,1320,5
20251230,,4,予選,晴,北東,2,3,2,1,4964,土 屋 南,51,57,6.85,3,0.10,1.49.3,5-1-4,16590,41,5-1,6970,15,1-4-5,710,3,1-5,1320,5
20251230,,4,予選,晴,北東,2,3,3,4,5058,前 原 大 道,60,45,6.86,5,0.06,1.50.5,5-1-4,16590,41,5-1,6970,15,1-4-5,710,3,1-5,1320,5
20251230,,4,予選,晴,北東,2,3,4,2,3746,岡 瀬 正 人,42,56,6.87,4,0.08,1.52.5,5-1-4,16590,41,5-1,6970,15,1-4-5,710,3,1-5,1320,5
20251230,,4,予選,晴,北東,2,3,5,3,3436,柏 野 幸 二,17,74,6.85,2,0.07,,5-1-4,16590,41,5-1,6970,15,1-4-5,710,3,1-5,1320,5
20251230,,4,予選,晴,北東,2,3,6,6,3357,福 島 陽 子,11,47,6.82,6,0.09,,5-1-4,16590,41,5-1,6970,15,1-4-5,710,3,1-5,1320,5
20251230,,5,予選,晴,北西,2,3,1,1,4069,山 本 修 一,35,66,6.83,1,0.10,1.58.8,1-3-5,690,2,1-3,210,1,1-3-5,310,1,1-3,160,1
20251230,,5,予選,晴,北西,2,3,2,3,4713,白 神 優,25,73,6.83,3,0.09,2.01.3,1-3-5,690,2,1-3,210,1,1-3-5,310,1,1-3,160,1
20251230,,5,予選,晴,北西,2,3,3,5,4580,長谷川 雅 和,61,15,6.84,5,0.10,2.04.7,1-3-5,690,2,1-3,210,1,1-3-5,310,1,1-3,160,1
20251230,,5,予選,晴,北西,2,3,4,2,5356,長谷川 暖,21,72,6.80,2,0.09,2.06.5,1-3-5,690,2,1-3,210,1,1-3-5,310,1,1-3,160,1
20251230,,5,予選,晴,北西,2,3,5,6,5374,木 山 大 聖,40,70,6.79,6,0.15,,1-3-5,690,2,1-3,210,1,1-3-5,310,1,1-3,160,1
20251230,,6,予選,晴,北西,1,1,1,2,5189,藤 原 早 菜,68,68,6.89,2,0.12,1.47.6,2-4-3,17310,50,2-4,7930,19,2-3-4,1140,5,2-4,3720,11
20251230,,6,予選,晴,北西,1,1,2,4,4214,林 祐 介,41,37,6.77,4,0.11,1.49.9,2-4-3,17310,50,2-4,7930,19,2-3-4,1140,5,2-4,3720,11
20251230,,6,予選,晴,北西,1,1,3,3,3822,平 尾 崇 典,57,65,6.76,3,0.08,1.50.7,2-4-3,17310,50,2-4,7930,19,2-3-4,1140,5,2-4,3720,11
20251230,,6,予選,晴,北西,1,1,4,1,4410,井 上 大 輔,54,19,6.88,1,0.11,1.52.1,2-4-3,17310,50,2-4,7930,19,2-3-4,1140,5,2-4,3720,11
20251230,,6,予選,晴,北西,1,1,5,6,3300,川 崎 智 幸,26,43,6.84,6,0.09,,2-4-3,17310,50,2-4,7930,19,2-3-4,1140,5,2-4,3720,11
20251230,,6,予選,晴,北西,1,1,6,5,4635,峰 重 力 也,36,14,6.77,5,0.10,,2-4-3,17310,50,2-4,7930,19,2-3-4,1140,5,2-4,3720,11
20251230,,7,予選,晴,北東,1,1,1,1,5165,小 林 愛 実,13,31,6.76,1,0.09,1.47.9,1-3-4,1120,2,1-3,610,4,1-3-4,350,1,1-3,260,1
20251230,,7,予選,晴,北東,1,1,2,3,4166,吉 田 拡 郎,24,24,6.78,3,0.07,1.49.9,1-3-4,1120,2,1-3,610,4,1-3-4,350,1,1-3,260,1
20251230,,7,予選,晴,北東,1,1,3,4,3935,岩 津 徹 郎,55,35,6.76,4,0.10,1.51.4,1-3-4,1120,2,1-3,610,4,1-3-4,350,1,1-3,260,1
20251230,,7,予選,晴,北東,1,1,4,6,4202,浮 田 圭 浩,65,41,6.87,6,0.12,1.52.6,1-3-4,1120,2,1-3,610,4,1-3-4,350,1,1-3,260,1
20251230,,7,予選,晴,北東,1,1,5,2,4054,福 嶋 智 之,28,60,6.86,2,0.11,,1-3-4,1120,2,1-3,610,4,1-3-4,350,1,1-3,260,1
20251230,,7,予選,晴,北東,1,1,6,5,3874,山 本 寛 久,46,59,6.87,5,0.13,,1-3-4,1120,2,1-3,610,4,1-3-4,350,1,1-3,260,1
20251230,,8,予選,晴,北西,1,1,1,2,4537,渡 邉 和 将,56,64,6.79,2,0.12,1.47.9,2-4-6,1650,6,2-4,820,4,2-4-6,770,4,2-4,520,2
20251230,,8,予選,晴,北西,1,1,2,4,3746,岡 瀬 正 人,42,56,6.97,4,0.14,1.50.5,2-4-6,1650,6,2-4,820,4,2-4-6,770,4,2-4,520,2
20251230,,8,予選,晴,北西,1,1,3,6,4584,村 岡 賢 人,47,54,6.85,6,0.10,1.50.9,2-4-6,1650,6,2-4,820,4,2-4-6,770,4,2-4,520,2
20251230,,8,予選,晴,北西,1,1,4,1,3933,山 地 正 樹,31,39,6.91,1,0.10,1.52.5,2-4-6,1650,6,2-4,820,4,2-4-6,770,4,2-4,520,2
20251230,,8,予選,晴,北西,1,1,5,5,3982,福 田 理,58,69,6.86,5,0.11,,2-4-6,1650,6,2-4,820,4,2-4-6,770,4,2-4,520,2
20251230,,8,予選,晴,北西,1,1,6,3,5170,佐 藤 太 亮,22,23,6.87,3,0.16,,2-4-6,1650,6,2-4,820,4,2-4-6,770,4,2-4,520,2
20251230,,9,予選,晴,北西,2,3,1,1,3436,柏 野 幸 二,17,74,6.86,1,0.11,1.49.3,1-3-2,1660,3,1-3,370,1,1-2-3,740,2,1-3,220,1
20251230,,9,予選,晴,北西,2,3,2,3,4172,森 定 晃 史,67,62,6.86,3,0.16,1.49.9,1-3-2,1660,3,1-3,370,1,1-2-3,740,2,1-3,220,1
20251230,,9,予選,晴,北西,2,3,3,2,5109,川 崎 智 稔,52,46,6.90,2,0.13,1.51.4,1-3-2,1660,3,1-3,370,1,1-2-3,740,2,1-3,220,1
20251230,,9,予選,晴,北西,2,3,4,5,4370,山 口 達 也,37,71,6.93,5,0.25,1.53.4,1-3-2,1660,3,1-3,370,1,1-2-3,740,2,1-3,220,1
20251230,,9,予選,晴,北西,2,3,5,6,4974,安 井 瑞 紀,34,67,6.89,6,0.22,,1-3-2,1660,3,1-3,370,1,1-2-3,740,2,1-3,220,1
20251230,,9,予選,晴,北西,2,3,6,4,4065,金 田 幸 子,66,55,7.05,4,0.24,,1-3-2,1660,3,1-3,370,1,1-2-3,740,2,1-3,220,1
20251230,,10,予選,晴,北西,1,1,1,3,5058,前 原 大 道,60,45,6.88,3,0.14,1.47.6,3-1-4,1830,6,3-1,670,3,1-3-4,350,2,1-3,210,1
20251230,,10,予選,晴,北西,1,1,2,1,4580,長谷川 雅 和,61,15,6.82,1,0.06,1.49.9,3-1-4,1830,6,3-1,670,3,1-3-4,350,2,1-3,210,1
20251230,,10,予選,晴,北西,1,1,3,4,4533,峰 重 侑 治,63,58,6.81,4,0.07,1.51.3,3-1-4,1830,6,3-1,670,3,1-3-4,350,2,1-3,210,1
20251230,,10,予選,晴,北西,1,1,4,5,4672,守 屋 大 地,69,49,6.88,5,0.10,1.52.5,3-1-4,1830,6,3-1,670,3,1-3-4,350,2,1-3,210,1
20251230,,10,予選,晴,北西,1,1,5,6,5181,森 智 哉,48,26,6.87,6,0.14,,3-1-4,1830,6,3-1,670,3,1-3-4,350,2,1-3,210,1
20251230,,10,予選,晴,北西,1,1,6,2,4323,山 田 佑 樹,44,61,6.84,2,0.17,,3-1-4,1830,6,3-1,670,3,1-3-4,350,2,1-3,210,1
20251230,,11,鷲羽選抜,晴,北西,1,1,1,1,4762,藤 原 啓史朗,27,38,6.75,1,0.12,1.48.0,1-2-4,720,1,1-2,330,2,1-2-4,290,1,1-2,220,1
20251230,,11,鷲羽選抜,晴,北西,1,1,2,2,3685,荒 井 輝 年,62,30,6.81,2,0.15,1.48.9,1-2-4,720,1,1-2,330,2,1-2-4,290,1,1-2,220,1
20251230,,11,鷲羽選抜,晴,北西,1,1,3,4,4713,白 神 優,25,73,6.88,4,0.11,1.50.5,1-2-4,720,1,1-2,330,2,1-2-4,290,1,1-2,220,1
20251230,,11,鷲羽選抜,晴,北西,1,1,4,5,4410,井 上 大 輔,54,19,6.89,5,0.13,1.52.0,1-2-4,720,1,1-2,330,2,1-2-4,290,1,1-2,220,1
20251230,,11,鷲羽選抜,晴,北西,1,1,5,6,4089,妹 尾 忠 幸,39,75,7.01,6,0.14,,1-2-4,720,1,1-2,330,2,1-2-4,290,1,1-2,220,1
20251230,,11,鷲羽選抜,晴,北西,1,1,6,3,3874,山 本 寛 久,46,59,6.93,3,0.17,,1-2-4,720,1,1-2,330,2,1-2-4,290,1,1-2,220,1
20251230,,12,くらしき選抜,晴,北西,1,1,1,1,4537,渡 邉 和 将,56,64,6.87,1,0.09,1.47.1,1-4-2,1050,3,1-4,310,1,1-2-4,440,2,1-4,200,1
20251230,,12,くらしき選抜,晴,北西,1,1,2,4,4166,吉 田 拡 郎,24,24,6.87,4,0.06,1.49.2,1-4-2,1050,3,1-4,310,1,1-2-4,440,2,1-4,200,1
20251230,,12,くらしき選抜,晴,北西,1,1,3,2,5111,三 村 岳 人,50,28,6.81,2,0.07,1.50.6,1-4-2,1050,3,1-4,310,1,1-2-4,440,2,1-4,200,1
20251230,,12,くらしき選抜,晴,北西,1,1,4,3,4069,山 本 修 一,35,66,6.84,3,0.06,1.51.6,1-4-2,1050,3,1-4,310,1,1-2-4,440,2,1-4,200,1
20251230,,12,くらしき選抜,晴,北西,1,1,5,5,4964,土 屋 南,51,57,6.81,5,0.05,,1-4-2,1050,3,1-4,310,1,1-2-4,440,2,1-4,200,1
20251230,,12,くらしき選抜,晴,北西,1,1,6,6,4214,林 祐 介,41,37,6.93,6,0.11,,1-4-2,1050,3,1-4,310,1,1-2-4,440,2,1-4,200,1
20251230,,1,朝からセンプ,晴,南西,2,0,1,3,3918,深 井 利 寿,17,19,6.80,3,0.19,1.49.1,3-1-2,1790,6,3-1,600,2,1-2-3,280,1,1-3,180,1
20251230,,1,朝からセンプ,晴,南西,2,0,2,1,5027,重 冨 勇 哉,21,65,6.75,1,0.16,1.50.5,3-1-2,1790,6,3-1,600,2,1-2-3,280,1,1-3,180,1
20251230,,1,朝からセンプ,晴,南西,2,0,3,2,5008,羽 野 諒,20,59,6.81,2,0.18,1.52.4,3-1-2,1790,6,3-1,600,2,1-2-3,280,1,1-3,180,1
20251230,,1,朝からセンプ,晴,南西,2,0,4,5,4393,田 中 孝 明,14,68,6.83,5,0.23,1.53.7,3-1-2,1790,6,3-1,600,2,1-2-3,280,1,1-3,180,1
20251230,,1,朝からセンプ,晴,南西,2,0,5,4,4004,山 本 浩 輔,46,55,6.78,4,0.19,1.54.5,3-1-2,1790,6,3-1,600,2,1-2-3,280,1,1-3,180,1
20251230,,1,朝からセンプ,晴,南西,2,0,6,6,4244,鈴 木 成 美,43,48,6.79,6,0.21,1.54.6,3-1-2,1790,6,3-1,600,2,1-2-3,280,1,1-3,180,1
20251230,,2,一般,晴,南西,2,0,1,2,4639,雑 賀 勇 貴,7,18,6.78,2,0.33,1.49.1,2-4-5,3030,12,2-4,770,3,2-4-5,1370,9,2-4,770,2
20251230,,2,一般,晴,南西,2,0,2,4,4632,長 尾 京志郎,34,13,6.88,4,0.23,1.49.8,2-4-5,3030,12,2-4,770,3,2-4-5,1370,9,2-4,770,2
20251230,,2,一般,晴,南西,2,0,3,5,4947,間 庭 菜 摘,52,70,6.72,5,0.21,1.52.3,2-4-5,3030,12,2-4,770,3,2-4-5,1370,9,2-4,770,2
20251230,,2,一般,晴,南西,2,0,4,3,4404,岸 蔭 亮,44,60,6.80,3,0.32,1.52.3,2-4-5,3030,12,2-4,770,3,2-4-5,1370,9,2-4,770,2
20251230,,2,一般,晴,南西,2,0,5,6,4245,高 橋 直 哉,10,42,6.86,6,0.24,1.54.7,2-4-5,3030,12,2-4,770,3,2-4-5,1370,9,2-4,770,2
20251230,,3,一般,晴,南西,2,0,1,1,4555,富 永 大 一,56,57,6.75,1,0.18,1.48.6,1-6-2,11090,31,1-6,4240,9,1-2-6,1540,6,1-6,2890,9
20251230,,3,一般,晴,南西,2,0,2,6,4422,永 井 亮 次,23,35,6.79,6,0.23,1.50.4,1-6-2,11090,31,1-6,4240,9,1-2-6,1540,6,1-6,2890,9
20251230,,3,一般,晴,南西,2,0,3,2,3882,新 田 智 彰,8,33,6.76,2,0.17,1.51.1,1-6-2,11090,31,1-6,4240,9,1-2-6,1540,6,1-6,2890,9
20251230,,3,一般,晴,南西,2,0,4,3,4484,稲 生 夏 季,13,71,6.79,3,0.18,1.52.2,1-6-2,11090,31,1-6,4240,9,1-2-6,1540,6,1-6,2890,9
20251230,,3,一般,晴,南西,2,0,5,4,3581,加 木 郁,6,23,6.74,4,0.19,1.53.6,1-6-2,11090,31,1-6,4240,9,1-2-6,1540,6,1-6,2890,9
20251230,,3,一般,晴,南西,2,0,6,5,3662,大 庭 元 明,33,14,6.82,5,0.24,1.53.7,1-6-2,11090,31,1-6,4240,9,1-2-6,1540,6,1-6,2890,9
20251230,,4,一般,晴,南西,1,0,1,1,4896,花 本 剛,19,54,6.81,1,0.24,1.50.0,1-2-3,980,1,1-2,360,1,1-2-3,380,2,1-2,370,1
20251230,,4,一般,晴,南西,1,0,2,2,4000,松 本 博 昭,36,47,6.74,2,0.20,1.50.5,1-2-3,980,1,1-2,360,1,1-2-3,380,2,1-2,370,1
20251230,,4,一般,晴,南西,1,0,3,3,5118,野 田 なづき,41,56,6.78,3,0.14,1.52.0,1-2-3,980,1,1-2,360,1,1-2-3,380,2,1-2,370,1
20251230,,4,一般,晴,南西,1,0,4,5,4693,松 下 誉 士,29,21,6.81,5,0.12,1.52.2,1-2-3,980,1,1-2,360,1,1-2-3,380,2,1-2,370,1
20251230,,4,一般,晴,南西,1,0,5,6,5221,竹 間 隆 晟,25,74,6.73,6,0.09,1.54.2,1-2-3,980,1,1-2,360,1,1-2-3,380,2,1-2,370,1
20251230,,4,一般,晴,南西,1,0,6,4,5358,増 本 杏 珠,32,72,6.81,4,0.14,1.55.3,1-2-3,980,1,1-2,360,1,1-2-3,380,2,1-2,370,1
20251230,,5,一般,曇り,南西,2,0,1,5,4904,松 本 一 毅,15,11,6.83,5,0.11,1.49.3,5-4-1,53580,68,5-4,10930,20,1-4-5,2290,7,4-5,11850,12
20251230,,5,一般,曇り,南西,2,0,2,4,4234,野 相 弘 司,11,31,6.84,4,0.12,1.51.2,5-4-1,53580,68,5-4,10930,20,1-4-5,2290,7,4-5,11850,12
20251230,,5,一般,曇り,南西,2,0,3,1,5071,野見山 拓 己,58,39,6.84,1,0.18,1.52.5,5-4-1,53580,68,5-4,10930,20,1-4-5,2290,7,4-5,11850,12
20251230,,5,一般,曇り,南西,2,0,4,6,3873,別 府 昌 樹,47,12,6.90,6,0.23,1.53.5,5-4-1,53580,68,5-4,10930,20,1-4-5,2290,7,4-5,11850,12
20251230,,5,一般,曇り,南西,2,0,5,2,4411,沢 田 昭 宏,31,46,6.82,2,0.22,1.54.1,5-4-1,53580,68,5-4,10930,20,1-4-5,2290,7,4-5,11850,12
20251230,,5,一般,曇り,南西,2,0,6,3,5182,宮 崎 安 奈,45,17,6.80,3,0.19,1.55.0,5-4-1,53580,68,5-4,10930,20,1-4-5,2290,7,4-5,11850,12
20251230,,6,昼どきピンク,曇り,南,1,0,1,4,4174,赤 坂 俊 輔,3,45,6.82,4,0.07,1.48.6,4-1-5,2330,8,4-1,860,4,1-4-5,540,3,1-4,170,1
20251230,,6,昼どきピンク,曇り,南,1,0,2,1,4743,木 村 仁 紀,30,51,6.78,1,0.15,1.51.2,4-1-5,2330,8,4-1,860,4,1-4-5,540,3,1-4,170,1
20251230,,6,昼どきピンク,曇り,南,1,0,3,5,3631,田 添 康 介,4,36,6.77,5,0.19,1.52.3,4-1-5,2330,8,4-1,860,4,1-4-5,540,3,1-4,170,1
20251230,,6,昼どきピンク,曇り,南,1,0,4,3,4393,田 中 孝 明,14,68,6.76,3,0.14,1.52.6,4-1-5,2330,8,4-1,860,4,1-4-5,540,3,1-4,170,1
20251230,,6,昼どきピンク,曇り,南,1,0,5,6,5271,杉 山 太 陽,61,44,6.81,6,0.29,1.52.8,4-1-5,2330,8,4-1,860,4,1-4-5,540,3,1-4,170,1
20251230,,6,昼どきピンク,曇り,南,1,0,6,2,3467,森 弘 行,48,58,6.76,2,0.17,1.54.8,4-1-5,2330,8,4-1,860,4,1-4-5,540,3,1-4,170,1
20251230,,7,一般,曇り,南西,2,0,1,1,3535,渡 修 平,49,25,6.71,1,0.22,1.56.4,1-5-3,2960,12,1-5,990,5,1-3-5,1020,5,1-5,730,4
20251230,,7,一般,曇り,南西,2,0,2,5,5027,重 冨 勇 哉,21,65,6.77,5,0.25,1.59.7,1-5-3,2960,12,1-5,990,5,1-3-5,1020,5,1-5,730,4
20251230,,7,一般,曇り,南西,2,0,3,3,4245,高 橋 直 哉,10,42,6.82,3,0.24,2.00.8,1-5-3,2960,12,1-5,990,5,1-3-5,1020,5,1-5,730,4
20251230,,7,一般,曇り,南西,2,0,4,2,3662,大 庭 元 明,33,14,6.84,2,0.21,2.02.6,1-5-3,2960,12,1-5,990,5,1-3-5,1020,5,1-5,730,4
20251230,,8,一般,曇り,南西,2,0,1,1,4004,山 本 浩 輔,46,55,6.74,1,0.20,1.49.3,1-2-5,1190,1,1-2,470,2,1-2-5,430,1,1-2,420,2
20251230,,8,一般,曇り,南西,2,0,2,2,4947,間 庭 菜 摘,52,70,6.73,2,0.21,1.49.6,1-2-5,1190,1,1-2,470,2,1-2-5,430,1,1-2,420,2
20251230,,8,一般,曇り,南西,2,0,3,5,4000,松 本 博 昭,36,47,6.81,5,0.19,1.51.9,1-2-5,1190,1,1-2,470,2,1-2-5,430,1,1-2,420,2
20251230,,8,一般,曇り,南西,2,0,4,4,3812,山 崎 聖 司,18,43,6.77,4,0.24,1.53.0,1-2-5,1190,1,1-2,470,2,1-2-5,430,1,1-2,420,2
20251230,,8,一般,曇り,南西,2,0,5,3,4246,喜 多 那由夏,50,75,6.79,3,0.16,1.53.5,1-2-5,1190,1,1-2,470,2,1-2-5,430,1,1-2,420,2
20251230,,8,一般,曇り,南西,2,0,6,6,4555,富 永 大 一,56,57,6.76,6,0.19,1.55.3,1-2-5,1190,1,1-2,470,2,1-2-5,430,1,1-2,420,2
20251230,,9,一般特選,曇り,西,2,0,1,4,4896,花 本 剛,19,54,6.80,4,0.12,1.49.8,4-5-1,18480,31,4-5,6960,10,1-4-5,1220,6,4-5,3460,7
20251230,,9,一般特選,曇り,西,2,0,2,5,3882,新 田 智 彰,8,33,6.83,5,0.11,1.50.1,4-5-1,18480,31,4-5,6960,10,1-4-5,1220,6,4-5,3460,7
20251230,,9,一般特選,曇り,西,2,0,3,1,3918,深 井 利 寿,17,19,6.75,1,0.24,1.50.7,4-5-1,18480,31,4-5,6960,10,1-4-5,1220,6,4-5,3460,7
20251230,,9,一般特選,曇り,西,2,0,4,3,4632,長 尾 京志郎,34,13,6.80,3,0.23,1.53.7,4-5-1,18480,31,4-5,6960,10,1-4-5,1220,6,4-5,3460,7
20251230,,9,一般特選,曇り,西,2,0,5,6,5071,野見山 拓 己,58,39,6.79,6,0.13,1.56.3,4-5-1,18480,31,4-5,6960,10,1-4-5,1220,6,4-5,3460,7
20251230,,9,一般特選,曇り,西,2,0,6,2,4904,松 本 一 毅,15,11,6.82,2,0.27,1.58.0,4-5-1,18480,31,4-5,6960,10,1-4-5,1220,6,4-5,3460,7
20251230,,10,選抜戦,曇り,南西,3,0,1,1,4404,岸 蔭 亮,44,60,6.76,1,0.23,1.49.6,1-3-4,980,3,1-3,340,1,1-3-4,450,2,1-3,200,1
20251230,,10,選抜戦,曇り,南西,3,0,2,3,4743,木 村 仁 紀,30,51,6.80,2,0.14,1.50.5,1-3-4,980,3,1-3,340,1,1-3-4,450,2,1-3,200,1
20251230,,10,選抜戦,曇り,南西,3,0,3,4,5118,野 田 なづき,41,56,6.79,4,0.11,1.50.7,1-3-4,980,3,1-3,340,1,1-3-4,450,2,1-3,200,1
20251230,,10,選抜戦,曇り,南西,3,0,4,6,5008,羽 野 諒,20,59,6.78,6,0.06,1.53.0,1-3-4,980,3,1-3,340,1,1-3-4,450,2,1-3,200,1
20251230,,10,選抜戦,曇り,南西,3,0,5,2,4422,永 井 亮 次,23,35,6.80,3,0.13,1.54.1,1-3-4,980,3,1-3,340,1,1-3-4,450,2,1-3,200,1
20251230,,10,選抜戦,曇り,南西,3,0,6,5,5182,宮 崎 安 奈,45,17,6.76,5,0.04,1.55.5,1-3-4,980,3,1-3,340,1,1-3-4,450,2,1-3,200,1
20251230,,11,選抜戦,晴,南西,1,0,1,1,5221,竹 間 隆 晟,25,74,6.74,1,0.18,1.48.8,1-4-2,990,3,1-4,370,2,1-2-4,280,1,1-4,510,2
20251230,,11,選抜戦,晴,南西,1,0,2,4,4411,沢 田 昭 宏,31,46,6.77,4,0.27,1.50.4,1-4-2,990,3,1-4,370,2,1-2-4,280,1,1-4,510,2
20251230,,11,選抜戦,晴,南西,1,0,3,2,4174,赤 坂 俊 輔,3,45,6.74,2,0.22,1.52.1,1-4-2,990,3,1-4,370,2,1-2-4,280,1,1-4,510,2
20251230,,11,選抜戦,晴,南西,1,0,4,3,3581,加 木 郁,6,23,6.75,3,0.25,1.53.0,1-4-2,990,3,1-4,370,2,1-2-4,280,1,1-4,510,2
20251230,,11,選抜戦,晴,南西,1,0,5,6,4639,雑 賀 勇 貴,7,18,6.76,6,0.27,1.54.4,1-4-2,990,3,1-4,370,2,1-2-4,280,1,1-4,510,2
20251230,,11,選抜戦,晴,南西,1,0,6,5,3535,渡 修 平,49,25,6.70,5,0.29,1.54.6,1-4-2,990,3,1-4,370,2,1-2-4,280,1,1-4,510,2
20251230,住之江,12,優勝戦,晴,南西,1,0,1,1,4290,稲 田 浩 二,24,27,6.74,1,0.16,1.48.4,1-2-4,600,1,1-2,240,1,1-2-4,350,1,1-2,160,1
20251230,住之江,12,優勝戦,晴,南西,1,0,2,2,4771,下 寺 秀 和,12,66,6.72,2,0.14,1.50.1,1-2-4,600,1,1-2,240,1,1-2-4,350,1,1-2,160,1
20251230,住之江,12,優勝戦,晴,南西,1,0,3,4,4560,庄 司 樹良々,55,37,6.74,4,0.15,1.51.0,1-2-4,600,1,1-2,240,1,1-2-4,350,1,1-2,160,1
20251230,住之江,12,優勝戦,晴,南西,1,0,4,5,4099,吉 永 則 雄,26,24,6.75,5,0.22,1.52.6,1-2-4,600,1,1-2,240,1,1-2-4,350,1,1-2,160,1
20251230,住之江,12,優勝戦,晴,南西,1,0,5,6,3680,森 林 太,38,67,6.78,6,0.25,1.53.4,1-2-4,600,1,1-2,240,1,1-2-4,350,1,1-2,160,1
20251230,住之江,12,優勝戦,晴,南西,1,0,6,3,4057,松 井 賢 治,59,26,6.75,3,0.17,1.56.8,1-2-4,600,1,1-2,240,1,1-2-4,350,1,1-2,160,1
20251230,住之江,1,一般戦,曇り,南東,2,1,1,1,4113,木 村 浩 士,78,63,6.92,1,0.22,1.50.2,1-2-5,1620,5,1-2,300,1,1-2-5,750,2,1-2,200,1
20251230,住之江,1,一般戦,曇り,南東,2,1,2,2,4890,石 川 諒,33,71,6.81,2,0.22,1.50.9,1-2-5,1620,5,1-2,300,1,1-2-5,750,2,1-2,200,1
20251230,住之江,1,一般戦,曇り,南東,2,1,3,5,4301,関 裕 也,55,53,6.89,5,0.18,1.52.4,1-2-5,1620,5,1-2,300,1,1-2-5,750,2,1-2,200,1
20251230,住之江,1,一般戦,曇り,南東,2,1,4,3,4779,伊 倉 光,89,68,6.87,3,0.27,1.53.4,1-2-5,1620,5,1-2,300,1,1-2-5,750,2,1-2,200,1
20251230,住之江,1,一般戦,曇り,南東,2,1,5,6,4039,村 上 功 祐,84,85,6.89,6,0.16,1.54.8,1-2-5,1620,5,1-2,300,1,1-2-5,750,2,1-2,200,1
20251230,住之江,1,一般戦,曇り,南東,2,1,6,4,4094,中 島 真 二,66,77,6.87,4,0.20,1.57.4,1-2-5,1620,5,1-2,300,1,1-2-5,750,2,1-2,200,1
20251230,住之江,2,一般戦,曇り,南,2,1,1,1,4047,吉 永 浩 則,69,75,6.83,1,0.21,1.54.8,1-3-5,3690,11,1-3,590,2,1-3-5,1890,8,1-3,600,2
20251230,住之江,2,一般戦,曇り,南,2,1,2,3,5041,荒 牧 凪 沙,28,21,6.80,3,0.21,1.58.6,1-3-5,3690,11,1-3,590,2,1-3-5,1890,8,1-3,600,2
20251230,住之江,2,一般戦,曇り,南,2,1,3,5,3478,嶋 田 貴 支,21,38,6.89,5,0.14,2.00.4,1-3-5,3690,11,1-3,590,2,1-3-5,1890,8,1-3,600,2
20251230,住之江,2,一般戦,曇り,南,2,1,4,2,4876,梅 木 敬 太,25,82,6.92,2,0.19,2.03.1,1-3-5,3690,11,1-3,590,2,1-3-5,1890,8,1-3,600,2
20251230,住之江,2,一般戦,曇り,南,2,1,5,4,3656,伯 母 芳 恒,59,57,6.90,4,0.14,2.07.0,1-3-5,3690,11,1-3,590,2,1-3-5,1890,8,1-3,600,2
20251230,住之江,3,一般戦,曇り,南,1,1,1,1,4753,森 照 夫,85,73,6.78,1,0.11,1.49.7,1-3-5,2660,12,1-3,560,2,1-3-5,1380,7,1-3,450,2
20251230,住之江,3,一般戦,曇り,南,1,1,2,3,5263,花 田 凱 成,38,67,6.89,3,0.15,1.51.3,1-3-5,2660,12,1-3,560,2,1-3-5,1380,7,1-3,450,2
20251230,住之江,3,一般戦,曇り,南,1,1,3,5,4511,中 岡 健 人,75,76,6.87,5,0.12,1.53.2,1-3-5,2660,12,1-3,560,2,1-3-5,1380,7,1-3,450,2
20251230,住之江,3,一般戦,曇り,南,1,1,4,4,4179,広 次 修,19,90,6.84,4,0.10,1.54.1,1-3-5,2660,12,1-3,560,2,1-3-5,1380,7,1-3,450,2
20251230,住之江,3,一般戦,曇り,南,1,1,5,2,4368,山 口 隆 史,82,69,6.87,2,0.16,1.54.3,1-3-5,2660,12,1-3,560,2,1-3-5,1380,7,1-3,450,2
20251230,住之江,3,一般戦,曇り,南,1,1,6,6,5060,数 原 魁,77,36,6.80,6,0.18,1.57.4,1-3-5,2660,12,1-3,560,2,1-3-5,1380,7,1-3,450,2
20251230,住之江,4,一般戦,曇り,南,1,1,1,1,3814,金 子 貴 志,64,20,6.81,1,0.17,1.48.8,1-4-6,1320,3,1-4,440,2,1-4-6,490,2,1-4,390,2
20251230,住之江,4,一般戦,曇り,南,1,1,2,4,4204,柴 田 大 輔,23,81,6.76,4,0.11,1.50.3,1-4-6,1320,3,1-4,440,2,1-4-6,490,2,1-4,390,2
20251230,住之江,4,一般戦,曇り,南,1,1,3,6,4105,松 下 直 也,57,24,6.84,6,0.24,1.51.8,1-4-6,1320,3,1-4,440,2,1-4-6,490,2,1-4,390,2
20251230,住之江,4,一般戦,曇り,南,1,1,4,5,3503,堂 原 洋 史,71,61,6.95,5,0.09,1.53.9,1-4-6,1320,3,1-4,440,2,1-4-6,490,2,1-4,390,2
20251230,住之江,4,一般戦,曇り,南,1,1,5,2,4169,多 田 有 佑,13,54,6.86,2,0.19,1.54.6,1-4-6,1320,3,1-4,440,2,1-4-6,490,2,1-4,390,2
20251230,住之江,4,一般戦,曇り,南,1,1,6,3,4615,板 倉 敦 史,35,35,6.89,3,0.14,1.56.0,1-4-6,1320,3,1-4,440,2,1-4-6,490,2,1-4,390,2
20251230,住之江,5,住之江ファイ,曇り,無風,0,1,1,6,4012,中 村 有 裕,80,74,6.88,6,0.17,1.50.0,6-2-1,26280,39,6-2,10910,18,1-2-6,360,1,2-6,4820,8
20251230,住之江,5,住之江ファイ,曇り,無風,0,1,2,2,5082,一 色 凌 雅,68,55,6.85,2,0.25,1.51.2,6-2-1,26280,39,6-2,10910,18,1-2-6,360,1,2-6,4820,8
20251230,住之江,5,住之江ファイ,曇り,無風,0,1,3,1,4654,篠 田 優 也,61,31,6.78,1,0.21,1.52.9,6-2-1,26280,39,6-2,10910,18,1-2-6,360,1,2-6,4820,8
20251230,住之江,5,住之江ファイ,曇り,無風,0,1,4,4,4041,小 林 基 樹,63,70,6.81,4,0.25,1.53.8,6-2-1,26280,39,6-2,10910,18,1-2-6,360,1,2-6,4820,8
20251230,住之江,5,住之江ファイ,曇り,無風,0,1,5,5,4315,山 崎 昂 介,32,14,6.82,5,0.29,1.54.2,6-2-1,26280,39,6-2,10910,18,1-2-6,360,1,2-6,4820,8
20251230,住之江,5,住之江ファイ,曇り,無風,0,1,6,3,4491,田 中 堅,65,13,6.90,3,0.27,1.55.8,6-2-1,26280,39,6-2,10910,18,1-2-6,360,1,2-6,4820,8
20251230,住之江,6,一般戦,曇り,南,1,1,1,1,3478,嶋 田 貴 支,21,38,6.94,1,0.11,1.48.9,1-2-4,760,1,1-2,340,1,1-2-4,310,1,1-2,160,1
20251230,住之江,6,一般戦,曇り,南,1,1,2,2,4505,島 田 賢 人,73,52,6.86,2,0.17,1.50.8,1-2-4,760,1,1-2,340,1,1-2-4,310,1,1-2,160,1
20251230,住之江,6,一般戦,曇り,南,1,1,3,4,4195,前 川 守 嗣,83,28,6.86,4,0.12,1.52.0,1-2-4,760,1,1-2,340,1,1-2-4,310,1,1-2,160,1
20251230,住之江,6,一般戦,曇り,南,1,1,4,3,4128,川 口 貴 久,88,92,6.98,3,0.17,1.54.0,1-2-4,760,1,1-2,340,1,1-2-4,310,1,1-2,160,1
20251230,住之江,6,一般戦,曇り,南,1,1,5,6,3888,山 本 英 志,86,51,6.84,6,0.10,1.54.5,1-2-4,760,1,1-2,340,1,1-2-4,310,1,1-2,160,1
20251230,住之江,6,一般戦,曇り,南,1,1,6,5,4992,廣 瀬 篤 哉,34,37,6.94,5,0.08,1.56.1,1-2-4,760,1,1-2,340,1,1-2-4,310,1,1-2,160,1
20251230,住之江,7,一般戦,曇り,南東,1,1,1,4,4876,梅 木 敬 太,25,82,6.79,4,0.10,1.49.0,4-6-5,7210,24,4-6,2500,9,4-5-6,1550,9,4-6,1890,7
20251230,住之江,7,一般戦,曇り,南東,1,1,2,6,4593,小 坂 宗 司,76,72,6.87,6,0.07,1.49.9,4-6-5,7210,24,4-6,2500,9,4-5-6,1550,9,4-6,1890,7
20251230,住之江,7,一般戦,曇り,南東,1,1,3,5,4890,石 川 諒,33,71,6.80,5,0.06,1.52.6,4-6-5,7210,24,4-6,2500,9,4-5-6,1550,9,4-6,1890,7
20251230,住之江,7,一般戦,曇り,南東,1,1,4,1,3869,井 芹 大 志,37,66,6.81,1,0.18,1.52.8,4-6-5,7210,24,4-6,2500,9,4-5-6,1550,9,4-6,1890,7
20251230,住之江,7,一般戦,曇り,南東,1,1,5,3,3656,伯 母 芳 恒,59,57,6.89,3,0.20,1.54.8,4-6-5,7210,24,4-6,2500,9,4-5-6,1550,9,4-6,1890,7
20251230,住之江,7,一般戦,曇り,南東,1,1,6,2,3825,宮 嵜 隆太郎,79,62,6.90,2,0.25,1.56.0,4-6-5,7210,24,4-6,2500,9,4-5-6,1550,9,4-6,1890,7
20251230,住之江,8,一般戦,曇り,北,4,2,1,2,4179,広 次 修,19,90,6.79,2,0.12,1.50.0,2-4-1,3930,13,2-4,1570,6,1-2-4,330,1,2-4,830,4
20251230,住之江,8,一般戦,曇り,北,4,2,2,4,4779,伊 倉 光,89,68,6.86,4,0.16,1.51.0,2-4-1,3930,13,2-4,1570,6,1-2-4,330,1,2-4,830,4
20251230,住之江,8,一般戦,曇り,北,4,2,3,1,4039,村 上 功 祐,84,85,6.89,1,0.16,1.53.0,2-4-1,3930,13,2-4,1570,6,1-2-4,330,1,2-4,830,4
20251230,住之江,8,一般戦,曇り,北,4,2,4,6,5041,荒 牧 凪 沙,28,21,6.74,6,0.34,1.54.1,2-4-1,3930,13,2-4,1570,6,1-2-4,330,1,2-4,830,4
20251230,住之江,8,一般戦,曇り,北,4,2,5,5,3921,川 村 正 輝,26,88,6.90,5,0.28,1.55.6,2-4-1,3930,13,2-4,1570,6,1-2-4,330,1,2-4,830,4
20251230,住之江,8,一般戦,曇り,北,4,2,6,3,5186,遠 藤 圭 吾,30,17,6.88,3,0.11,1.57.4,2-4-1,3930,13,2-4,1570,6,1-2-4,330,1,2-4,830,4
20251230,住之江,9,住之江選抜,曇り,北,4,2,1,1,4161,黒 柳 浩 孝,60,64,6.82,1,0.16,1.50.4,1-4-5,1820,9,1-4,640,4,1-4-5,790,5,1-4,550,4
20251230,住之江,9,住之江選抜,曇り,北,4,2,2,4,5263,花 田 凱 成,38,67,6.92,4,0.14,1.52.0,1-4-5,1820,9,1-4,640,4,1-4-5,790,5,1-4,550,4
20251230,住之江,9,住之江選抜,曇り,北,4,2,3,5,5082,一 色 凌 雅,68,55,6.95,5,0.19,1.52.7,1-4-5,1820,9,1-4,640,4,1-4-5,790,5,1-4,550,4
20251230,住之江,9,住之江選抜,曇り,北,4,2,4,2,4301,関 裕 也,55,53,7.03,2,0.18,1.54.8,1-4-5,1820,9,1-4,640,4,1-4-5,790,5,1-4,550,4
20251230,住之江,9,住之江選抜,曇り,北,4,2,5,6,4047,吉 永 浩 則,69,75,6.98,6,0.22,1.56.7,1-4-5,1820,9,1-4,640,4,1-4-5,790,5,1-4,550,4
20251230,住之江,9,住之江選抜,曇り,北,4,2,6,3,4094,中 島 真 二,66,77,6.93,3,0.14,1.58.3,1-4-5,1820,9,1-4,640,4,1-4-5,790,5,1-4,550,4
20251230,住之江,10,選抜戦,曇り,北,4,2,1,1,4204,柴 田 大 輔,23,81,6.79,1,0.30,1.57.6,1-4-2,1720,6,1-4,700,3,1-2-4,460,3,1-4,390,3
20251230,住之江,10,選抜戦,曇り,北,4,2,2,4,4505,島 田 賢 人,73,52,6.96,4,0.14,2.01.2,1-4-2,1720,6,1-4,700,3,1-2-4,460,3,1-4,390,3
20251230,住之江,10,選抜戦,曇り,北,4,2,3,2,4105,松 下 直 也,57,24,6.90,2,0.23,2.02.7,1-4-2,1720,6,1-4,700,3,1-2-4,460,3,1-4,390,3
20251230,住之江,10,選抜戦,曇り,北,4,2,4,3,4012,中 村 有 裕,80,74,6.87,3,0.28,2.04.7,1-4-2,1720,6,1-4,700,3,1-2-4,460,3,1-4,390,3
20251230,住之江,10,選抜戦,曇り,北,4,2,5,6,4113,木 村 浩 士,78,63,7.04,6,0.21,2.09.0,1-4-2,1720,6,1-4,700,3,1-2-4,460,3,1-4,390,3
20251230,住之江,11,選抜戦,曇り,北,3,1,1,1,3888,山 本 英 志,86,51,6.88,1,0.26,1.49.0,1-2-3,600,1,1-2,270,1,1-2-3,230,1,1-2,220,1
20251230,住之江,11,選抜戦,曇り,北,3,1,2,2,5060,数 原 魁,77,36,6.80,2,0.27,1.49.9,1-2-3,600,1,1-2,270,1,1-2-3,230,1,1-2,220,1
20251230,住之江,11,選抜戦,曇り,北,3,1,3,3,4654,篠 田 優 也,61,31,6.90,3,0.21,1.52.0,1-2-3,600,1,1-2,270,1,1-2-3,230,1,1-2,220,1
20251230,住之江,11,選抜戦,曇り,北,3,1,4,6,3814,金 子 貴 志,64,20,6.90,6,0.15,1.53.1,1-2-3,600,1,1-2,270,1,1-2-3,230,1,1-2,220,1
20251230,住之江,11,選抜戦,曇り,北,3,1,5,5,3869,井 芹 大 志,37,66,6.92,5,0.18,1.54.6,1-2-3,600,1,1-2,270,1,1-2-3,230,1,1-2,220,1
20251230,住之江,11,選抜戦,曇り,北,3,1,6,4,4593,小 坂 宗 司,76,72,6.98,4,0.25,1.54.6,1-2-3,600,1,1-2,270,1,1-2-3,230,1,1-2,220,1
20251230,住之江,12,優勝戦,曇り,北,4,2,1,1,4330,奈 須 啓 太,72,19,6.87,1,0.08,1.48.7,1-3-2,740,2,1-3,310,2,1-2-3,180,1,1-3,300,2
20251230,住之江,12,優勝戦,曇り,北,4,2,2,3,4256,渡 辺 浩 司,50,50,6.89,3,0.11,1.50.3,1-3-2,740,2,1-3,310,2,1-2-3,180,1,1-3,300,2
20251230,住之江,12,優勝戦,曇り,北,4,2,3,2,4545,岡 村 慶 太,31,30,6.86,2,0.12,1.52.1,1-3-2,740,2,1-3,310,2,1-2-3,180,1,1-3,300,2
20251230,住之江,12,優勝戦,曇り,北,4,2,4,4,4523,中 村 辰 也,20,11,6.86,4,0.17,1.52.1,1-3-2,740,2,1-3,310,2,1-2-3,180,1,1-3,300,2
20251230,住之江,12,優勝戦,曇り,北,4,2,5,5,5055,眞 鳥 章 太,81,22,6.92,5,0.18,1.55.0,1-3-2,740,2,1-3,310,2,1-2-3,180,1,1-3,300,2
20251230,住之江,12,優勝戦,曇り,北,4,2,6,6,3769,佐 竹 恒 彦,51,27,6.95,6,0.23,1.59.9,1-3-2,740,2,1-3,310,2,1-2-3,180,1,1-3,300,2
20251230,住之江,1,みくにあさイ,曇り,南東,2,2,1,4,5185,加 藤 優 弥,66,70,6.72,4,0.06,1.49.2,4-1-6,4820,18,4-1,1730,6,1-4-6,580,2,1-4,360,2
20251230,住之江,1,みくにあさイ,曇り,南東,2,2,2,1,4415,下 出 卓 矢,40,55,6.68,1,0.08,1.51.0,4-1-6,4820,18,4-1,1730,6,1-4-6,580,2,1-4,360,2
20251230,住之江,1,みくにあさイ,曇り,南東,2,2,3,6,4520,高 倉 孝 太,26,27,6.69,6,0.09,1.52.3,4-1-6,4820,18,4-1,1730,6,1-4-6,580,2,1-4,360,2
20251230,住之江,1,みくにあさイ,曇り,南東,2,2,4,2,4003,表 憲 一,27,26,6.77,2,0.15,1.53.3,4-1-6,4820,18,4-1,1730,6,1-4-6,580,2,1-4,360,2
20251230,住之江,1,みくにあさイ,曇り,南東,2,2,5,5,3870,寺 嶋 雄,67,34,6.74,5,0.07,,4-1-6,4820,18,4-1,1730,6,1-4-6,580,2,1-4,360,2
20251230,住之江,1,みくにあさイ,曇り,南東,2,2,6,3,3891,谷 口 健 一,11,47,6.76,3,0.09,,4-1-6,4820,18,4-1,1730,6,1-4-6,580,2,1-4,360,2
20251230,住之江,2,みくにあさガ,曇り,南東,3,3,1,1,4977,馬 野 耀,18,50,6.61,1,0.12,1.48.8,1-3-2,1020,3,1-3,590,3,1-2-3,220,1,1-3,390,2
20251230,住之江,2,みくにあさガ,曇り,南東,3,3,2,3,4785,木 幡 純 也,38,42,6.67,3,0.18,1.50.9,1-3-2,1020,3,1-3,590,3,1-2-3,220,1,1-3,390,2
20251230,住之江,2,みくにあさガ,曇り,南東,3,3,3,2,4930,佐 藤 悠,13,67,6.60,2,0.15,1.52.3,1-3-2,1020,3,1-3,590,3,1-2-3,220,1,1-3,390,2
20251230,住之江,2,みくにあさガ,曇り,南東,3,3,4,5,4138,中 井 俊 祐,12,14,6.66,5,0.17,1.52.4,1-3-2,1020,3,1-3,590,3,1-2-3,220,1,1-3,390,2
20251230,住之江,2,みくにあさガ,曇り,南東,3,3,5,6,3577,向 所 浩 二,17,18,6.65,6,0.22,,1-3-2,1020,3,1-3,590,3,1-2-3,220,1,1-3,390,2
20251230,住之江,2,みくにあさガ,曇り,南東,3,3,6,4,4253,西 川 真 人,29,44,6.72,4,0.19,,1-3-2,1020,3,1-3,590,3,1-2-3,220,1,1-3,390,2
20251230,住之江,3,みくにあさズ,曇り,南東,5,5,1,1,3548,室 田 泰 史,37,28,6.62,1,0.09,1.48.9,1-3-4,630,3,1-3,180,1,1-3-4,310,2,1-3,140,1
20251230,住之江,3,みくにあさズ,曇り,南東,5,5,2,3,4356,長 岡 良 也,69,22,6.65,3,0.18,1.50.6,1-3-4,630,3,1-3,180,1,1-3-4,310,2,1-3,140,1
20251230,住之江,3,みくにあさズ,曇り,南東,5,5,3,4,4665,加 藤 啓 太,56,52,6.64,4,0.18,1.52.5,1-3-4,630,3,1-3,180,1,1-3-4,310,2,1-3,140,1
20251230,住之江,3,みくにあさズ,曇り,南東,5,5,4,2,4675,井 手 良 太,43,30,6.64,2,0.12,1.53.0,1-3-4,630,3,1-3,180,1,1-3-4,310,2,1-3,140,1
20251230,住之江,3,みくにあさズ,曇り,南東,5,5,5,6,5366,塩 嶋 泰 空,57,59,6.69,6,0.25,,1-3-4,630,3,1-3,180,1,1-3-4,310,2,1-3,140,1
20251230,住之江,3,みくにあさズ,曇り,南東,5,5,6,5,4176,樋 口 喜 彦,44,72,6.69,5,0.32,,1-3-4,630,3,1-3,180,1,1-3-4,310,2,1-3,140,1
20251230,住之江,4,みくにあさ推,曇り,南東,5,5,1,1,4061,萩 原 秀 人,49,11,6.65,1,0.12,1.47.9,1-2-3,520,1,1-2,240,1,1-2-3,290,1,1-2,140,1
20251230,住之江,4,みくにあさ推,曇り,南東,5,5,2,2,4210,松 村 康 太,55,20,6.64,2,0.17,1.50.4,1-2-3,520,1,1-2,240,1,1-2-3,290,1,1-2,140,1
20251230,住之江,4,みくにあさ推,曇り,南東,5,5,3,3,5085,中 村 栄 治,19,36,6.56,3,0.20,1.52.3,1-2-3,520,1,1-2,240,1,1-2-3,290,1,1-2,140,1
20251230,住之江,4,みくにあさ推,曇り,南東,5,5,4,6,4436,渋 谷 明 憲,16,41,6.62,6,0.19,1.53.0,1-2-3,520,1,1-2,240,1,1-2-3,290,1,1-2,140,1
20251230,住之江,4,みくにあさ推,曇り,南東,5,5,5,5,4182,吉 田 和 仁,31,54,6.70,5,0.22,,1-2-3,520,1,1-2,240,1,1-2-3,290,1,1-2,140,1
20251230,住之江,4,みくにあさ推,曇り,南東,5,5,6,4,4035,杉 江 浩 明,59,45,6.65,4,0.22,,1-2-3,520,1,1-2,240,1,1-2-3,290,1,1-2,140,1
20251230,住之江,5,予選,晴,南東,4,4,1,1,4925,森 悠 稀,61,68,6.61,1,0.16,1.50.2,1-3-5,3260,11,1-3,350,1,1-3-5,1950,8,1-3,290,1
20251230,住之江,5,予選,晴,南東,4,4,2,3,4133,高 橋 正 男,41,69,6.69,3,0.17,1.50.8,1-3-5,3260,11,1-3,350,1,1-3-5,1950,8,1-3,290,1
20251230,住之江,5,予選,晴,南東,4,4,3,5,5282,中 本 大 樹,50,38,6.62,4,0.27,1.52.4,1-3-5,3260,11,1-3,350,1,1-3-5,1950,8,1-3,290,1
20251230,住之江,5,予選,晴,南東,4,4,4,6,3654,武 田 光 史,64,65,6.65,6,0.26,1.53.3,1-3-5,3260,11,1-3,350,1,1-3-5,1950,8,1-3,290,1
20251230,住之江,5,予選,晴,南東,4,4,5,4,4711,前 出 達 吉,39,15,6.63,5,0.27,,1-3-5,3260,11,1-3,350,1,1-3-5,1950,8,1-3,290,1
20251230,住之江,5,予選,晴,南東,4,4,6,2,3922,菅 沼 佳 昭,33,48,6.57,2,0.18,,1-3-5,3260,11,1-3,350,1,1-3-5,1950,8,1-3,290,1
20251230,住之江,6,予選,晴,南東,5,5,1,3,5185,加 藤 優 弥,66,70,6.65,3,0.11,1.49.6,3-5-4,4490,20,3-5,1930,12,3-4-5,900,5,3-5,1130,9
20251230,住之江,6,予選,晴,南東,5,5,2,5,4013,中 島 孝 平,58,53,6.72,5,0.18,1.50.9,3-5-4,4490,20,3-5,1930,12,3-4-5,900,5,3-5,1130,9
20251230,住之江,6,予選,晴,南東,5,5,3,4,4578,藤 山 雅 弘,46,43,6.66,4,0.27,1.52.3,3-5-4,4490,20,3-5,1930,12,3-4-5,900,5,3-5,1130,9
20251230,住之江,6,予選,晴,南東,5,5,4,2,5114,小 林 孝 彰,25,19,6.61,2,0.15,1.53.6,3-5-4,4490,20,3-5,1930,12,3-4-5,900,5,3-5,1130,9
20251230,住之江,6,予選,晴,南東,5,5,5,1,4339,平 瀬 城 啓,62,51,6.66,1,0.17,,3-5-4,4490,20,3-5,1930,12,3-4-5,900,5,3-5,1130,9
20251230,住之江,6,予選,晴,南東,5,5,6,6,5247,大 森 翼,48,29,6.68,6,0.27,,3-5-4,4490,20,3-5,1930,12,3-4-5,900,5,3-5,1130,9
20251230,住之江,7,予選,曇り,西,1,1,1,3,5091,為 本 智 也,21,71,6.63,3,0.15,1.49.6,3-6-5,7680,31,3-6,980,4,3-5-6,2060,12,3-6,950,5
20251230,住之江,7,予選,曇り,西,1,1,2,6,3833,中 辻 博 訓,47,49,6.83,6,0.10,1.50.9,3-6-5,7680,31,3-6,980,4,3-5-6,2060,12,3-6,950,5
20251230,住之江,7,予選,曇り,西,1,1,3,5,4675,井 手 良 太,43,30,6.65,5,0.06,1.52.1,3-6-5,7680,31,3-6,980,4,3-5-6,2060,12,3-6,950,5
20251230,住之江,7,予選,曇り,西,1,1,4,2,3577,向 所 浩 二,17,18,6.72,2,0.21,1.53.7,3-6-5,7680,31,3-6,980,4,3-5-6,2060,12,3-6,950,5
20251230,住之江,7,予選,曇り,西,1,1,5,1,3870,寺 嶋 雄,67,34,6.70,1,0.18,,3-6-5,7680,31,3-6,980,4,3-5-6,2060,12,3-6,950,5
20251230,住之江,7,予選,曇り,西,1,1,6,4,4469,土 山 卓 也,15,25,6.70,4,0.13,,3-6-5,7680,31,3-6,980,4,3-5-6,2060,12,3-6,950,5
20251230,住之江,8,予選,雨,無風,0,0,1,3,3635,石 田 政 吾,24,40,6.80,3,0.17,1.53.7,3-1-4,7530,32,3-1,990,5,1-3-4,2080,10,1-3,260,1
20251230,住之江,8,予選,雨,無風,0,0,2,1,4665,加 藤 啓 太,56,52,6.72,1,0.20,1.55.5,3-1-4,7530,32,3-1,990,5,1-3-4,2080,10,1-3,260,1
20251230,住之江,8,予選,雨,無風,0,0,3,4,5344,谷 口 丞,22,60,6.81,4,0.17,2.00.2,3-1-4,7530,32,3-1,990,5,1-3-4,2080,10,1-3,260,1
20251230,住之江,8,予選,雨,無風,0,0,4,2,4138,中 井 俊 祐,12,14,6.81,2,0.25,2.02.9,3-1-4,7530,32,3-1,990,5,1-3-4,2080,10,1-3,260,1
20251230,住之江,8,予選,雨,無風,0,0,5,6,4587,木 田 峰由季,53,39,6.82,5,0.23,,3-1-4,7530,32,3-1,990,5,1-3-4,2080,10,1-3,260,1
20251230,住之江,9,予選,曇り,南東,2,2,1,5,3548,室 田 泰 史,37,28,6.82,5,0.13,1.48.7,5-4-1,12170,47,5-4,2520,13,1-4-5,990,3,4-5,850,4
20251230,住之江,9,予選,曇り,南東,2,2,2,4,4133,高 橋 正 男,41,69,6.77,4,0.11,1.49.9,5-4-1,12170,47,5-4,2520,13,1-4-5,990,3,4-5,850,4
20251230,住之江,9,予選,曇り,南東,2,2,3,1,4405,南 野 利 騰,63,37,6.76,1,0.11,1.51.3,5-4-1,12170,47,5-4,2520,13,1-4-5,990,3,4-5,850,4
20251230,住之江,9,予選,曇り,南東,2,2,4,6,4210,松 村 康 太,55,20,6.75,6,0.24,1.53.3,5-4-1,12170,47,5-4,2520,13,1-4-5,990,3,4-5,850,4
20251230,住之江,9,予選,曇り,南東,2,2,5,2,3872,岡 田 憲 行,70,56,6.79,2,0.29,,5-4-1,12170,47,5-4,2520,13,1-4-5,990,3,4-5,850,4
20251230,住之江,9,予選,曇り,南東,2,2,6,3,4253,西 川 真 人,29,44,6.81,3,0.26,,5-4-1,12170,47,5-4,2520,13,1-4-5,990,3,4-5,850,4
20251230,住之江,10,予選特賞,曇り,西,1,1,1,1,4182,吉 田 和 仁,31,54,6.69,1,0.14,1.49.3,1-2-5,2320,4,1-2,660,1,1-2-5,730,3,1-2,320,1
20251230,住之江,10,予選特賞,曇り,西,1,1,2,2,4934,佐々木 翔 斗,54,23,6.75,2,0.18,1.49.7,1-2-5,2320,4,1-2,660,1,1-2-5,730,3,1-2,320,1
20251230,住之江,10,予選特賞,曇り,西,1,1,3,5,4977,馬 野 耀,18,50,6.67,5,0.17,1.50.4,1-2-5,2320,4,1-2,660,1,1-2-5,730,3,1-2,320,1
20251230,住之江,10,予選特賞,曇り,西,1,1,4,4,4925,森 悠 稀,61,68,6.72,4,0.15,1.51.7,1-2-5,2320,4,1-2,660,1,1-2-5,730,3,1-2,320,1
20251230,住之江,10,予選特賞,曇り,西,1,1,5,3,4520,高 倉 孝 太,26,27,6.69,3,0.17,,1-2-5,2320,4,1-2,660,1,1-2-5,730,3,1-2,320,1
20251230,住之江,10,予選特賞,曇り,西,1,1,6,6,5114,小 林 孝 彰,25,19,6.65,6,0.20,,1-2-5,2320,4,1-2,660,1,1-2-5,730,3,1-2,320,1
20251230,住之江,11,記者特選,曇り,西,2,2,1,3,4578,藤 山 雅 弘,46,43,6.77,3,0.25,1.49.6,3-4-2,36980,72,3-4,6500,17,2-3-4,2830,11,3-4,4040,13
20251230,住之江,11,記者特選,曇り,西,2,2,2,4,4785,木 幡 純 也,38,42,6.75,4,0.25,1.50.9,3-4-2,36980,72,3-4,6500,17,2-3-4,2830,11,3-4,4040,13
20251230,住之江,11,記者特選,曇り,西,2,2,3,2,4436,渋 谷 明 憲,16,41,6.72,2,0.19,1.52.6,3-4-2,36980,72,3-4,6500,17,2-3-4,2830,11,3-4,4040,13
20251230,住之江,11,記者特選,曇り,西,2,2,4,5,4003,表 憲 一,27,26,6.70,5,0.24,1.53.6,3-4-2,36980,72,3-4,6500,17,2-3-4,2830,11,3-4,4040,13
20251230,住之江,11,記者特選,曇り,西,2,2,5,6,4356,長 岡 良 也,69,22,6.70,6,0.29,,3-4-2,36980,72,3-4,6500,17,2-3-4,2830,11,3-4,4040,13
20251230,住之江,11,記者特選,曇り,西,2,2,6,1,4711,前 出 達 吉,39,15,6.78,1,0.19,,3-4-2,36980,72,3-4,6500,17,2-3-4,2830,11,3-4,4040,13
20251230,住之江,12,ドリーム戦,曇り,西,3,3,1,1,4013,中 島 孝 平,58,53,6.83,1,0.13,1.48.9,1-3-4,1070,2,1-3,410,2,1-3-4,490,2,1-3,450,3
20251230,住之江,12,ドリーム戦,曇り,西,3,3,2,3,3833,中 辻 博 訓,47,49,6.87,3,0.15,1.49.8,1-3-4,1070,2,1-3,410,2,1-3-4,490,2,1-3,450,3
20251230,住之江,12,ドリーム戦,曇り,西,3,3,3,4,4061,萩 原 秀 人,49,11,6.78,4,0.15,1.50.5,1-3-4,1070,2,1-3,410,2,1-3-4,490,2,1-3,450,3
20251230,住之江,12,ドリーム戦,曇り,西,3,3,4,2,3654,武 田 光 史,64,65,6.77,2,0.15,1.52.5,1-3-4,1070,2,1-3,410,2,1-3-4,490,2,1-3,450,3
20251230,住之江,12,ドリーム戦,曇り,西,3,3,5,6,4930,佐 藤 悠,13,67,6.66,6,0.22,,1-3-4,1070,2,1-3,410,2,1-3-4,490,2,1-3,450,3
20251230,住之江,12,ドリーム戦,曇り,西,3,3,6,5,4415,下 出 卓 矢,40,55,6.68,5,0.19,,1-3-4,1070,2,1-3,410,2,1-3-4,490,2,1-3,450,3
20251230,住之江,1,ツッキーレー,晴,東,2,1,1,1,4579,中 嶋 健一郎,53,67,6.91,1,0.13,1.49.7,1-2-4,390,1,1-2,230,1,1-2-4,250,1,1-2,130,1
20251230,住之江,1,ツッキーレー,晴,東,2,1,2,2,4840,鈴 木 秀 茉,14,57,6.86,2,0.14,1.51.8,1-2-4,390,1,1-2,230,1,1-2-4,250,1,1-2,130,1
20251230,住之江,1,ツッキーレー,晴,東,2,1,3,4,5130,上 野 拓 馬,45,68,6.88,4,0.13,1.53.1,1-2-4,390,1,1-2,230,1,1-2-4,250,1,1-2,130,1
20251230,住之江,1,ツッキーレー,晴,東,2,1,4,3,4270,岸 本 雄 貴,33,41,7.01,3,0.11,1.53.8,1-2-4,390,1,1-2,230,1,1-2-4,250,1,1-2,130,1
20251230,住之江,1,ツッキーレー,晴,東,2,1,5,6,5425,西 山 育,20,12,6.86,6,0.12,,1-2-4,390,1,1-2,230,1,1-2-4,250,1,1-2,130,1
20251230,住之江,1,ツッキーレー,晴,東,2,1,6,5,3801,五反田 忍,66,51,6.89,5,0.45,,1-2-4,390,1,1-2,230,1,1-2-4,250,1,1-2,130,1
20251230,住之江,2,予選,晴,東,1,1,1,1,3268,森 竜 也,13,15,6.96,1,0.13,1.50.5,1-2-5,870,1,1-2,330,1,1-2-5,230,1,1-2,360,1
20251230,住之江,2,予選,晴,東,1,1,2,2,5078,山 川 波 乙,24,24,6.83,2,0.09,1.50.6,1-2-5,870,1,1-2,330,1,1-2-5,230,1,1-2,360,1
20251230,住之江,2,予選,晴,東,1,1,3,5,4466,南 佑 典,31,16,6.86,4,0.09,1.53.6,1-2-5,870,1,1-2,330,1,1-2-5,230,1,1-2,360,1
20251230,住之江,2,予選,晴,東,1,1,4,6,5383,中 村 楓,51,21,6.80,5,0.11,1.54.4,1-2-5,870,1,1-2,330,1,1-2-5,230,1,1-2,360,1
20251230,住之江,2,予選,晴,東,1,1,5,4,5295,田 上 凜,49,46,6.61,6,0.15,,1-2-5,870,1,1-2,330,1,1-2-5,230,1,1-2,360,1
20251230,住之江,2,予選,晴,東,1,1,6,3,5020,宮 村 勇 哉,57,11,6.91,3,0.08,,1-2-5,870,1,1-2,330,1,1-2-5,230,1,1-2,360,1
20251230,住之江,3,予選,晴,東,1,1,1,4,3951,石 川 吉 鎬,62,49,6.81,4,0.10,1.49.3,4-2-6,7490,29,4-2,3400,14,2-4-6,930,4,2-4,1080,5
20251230,住之江,3,予選,晴,東,1,1,2,2,3912,川 原 正 明,43,63,6.77,2,0.12,1.50.0,4-2-6,7490,29,4-2,3400,14,2-4-6,930,4,2-4,1080,5
20251230,住之江,3,予選,晴,東,1,1,3,6,4261,岡 祐 臣,21,17,6.78,5,0.07,1.52.8,4-2-6,7490,29,4-2,3400,14,2-4-6,930,4,2-4,1080,5
20251230,住之江,3,予選,晴,東,1,1,4,1,3156,金 子 良 昭,52,14,6.76,1,0.23,1.54.4,4-2-6,7490,29,4-2,3400,14,2-4-6,930,4,2-4,1080,5
20251230,住之江,3,予選,晴,東,1,1,5,5,5399,長 野 未 来,25,64,6.81,6,0.08,,4-2-6,7490,29,4-2,3400,14,2-4-6,930,4,2-4,1080,5
20251230,住之江,3,予選,晴,東,1,1,6,3,4865,立 具 敬 司,55,65,6.88,3,0.15,,4-2-6,7490,29,4-2,3400,14,2-4-6,930,4,2-4,1080,5
20251230,住之江,4,予選,晴,東,2,1,1,5,4804,高 田 ひかる,58,75,6.68,5,0.04,1.48.2,5-2-6,14740,61,5-2,1860,9,2-5-6,7640,14,2-5,870,6
20251230,住之江,4,予選,晴,東,2,1,2,2,4209,藤 田 竜 弘,67,72,6.85,2,0.17,1.52.4,5-2-6,14740,61,5-2,1860,9,2-5-6,7640,14,2-5,870,6
20251230,住之江,4,予選,晴,東,2,1,3,6,5430,鳥 本 智 史,19,43,6.82,6,0.04,1.53.6,5-2-6,14740,61,5-2,1860,9,2-5-6,7640,14,2-5,870,6
20251230,住之江,4,予選,晴,東,2,1,4,4,4808,松 尾 拓,26,56,6.86,4,0.19,1.53.8,5-2-6,14740,61,5-2,1860,9,2-5-6,7640,14,2-5,870,6
20251230,住之江,4,予選,晴,東,2,1,5,3,3931,黒 崎 竜 也,54,66,6.83,3,0.19,,5-2-6,14740,61,5-2,1860,9,2-5-6,7640,14,2-5,870,6
20251230,住之江,4,予選,晴,東,2,1,6,1,3945,橋 口 真 樹,34,52,6.88,1,0.20,,5-2-6,14740,61,5-2,1860,9,2-5-6,7640,14,2-5,870,6
20251230,住之江,5,５ールドレー,晴,東,1,1,1,1,3984,坂 口 周,35,13,6.79,1,0.13,1.49.4,1-5-3,3800,11,1-5,830,4,1-3-5,1050,5,1-5,1430,4
20251230,住之江,5,５ールドレー,晴,東,1,1,2,5,5183,中 野 孝 二,48,59,6.86,5,0.15,1.51.2,1-5-3,3800,11,1-5,830,4,1-3-5,1050,5,1-5,1430,4
20251230,住之江,5,５ールドレー,晴,東,1,1,3,3,4623,中 北 将 史,11,38,6.80,3,0.08,1.52.4,1-5-3,3800,11,1-5,830,4,1-3-5,1050,5,1-5,1430,4
20251230,住之江,5,５ールドレー,晴,東,1,1,4,4,3605,中 村 守 成,36,39,6.91,4,0.16,1.53.9,1-5-3,3800,11,1-5,830,4,1-3-5,1050,5,1-5,1430,4
20251230,住之江,5,５ールドレー,晴,東,1,1,5,2,4731,間 野 兼 礼,22,54,6.80,2,0.17,,1-5-3,3800,11,1-5,830,4,1-3-5,1050,5,1-5,1430,4
20251230,住之江,5,５ールドレー,晴,東,1,1,6,6,5416,龍 田 真 白,63,47,6.84,6,0.10,,1-5-3,3800,11,1-5,830,4,1-3-5,1050,5,1-5,1430,4
20251230,住之江,6,予選,晴,東,2,1,1,5,4344,新 田 雄 史,38,22,6.93,5,0.21,1.49.7,5-1-2,1400,4,5-1,750,4,1-2-5,190,1,1-5,310,2
20251230,住之江,6,予選,晴,東,2,1,2,1,4692,酒 井 俊 弘,15,58,6.89,1,0.18,1.51.6,5-1-2,1400,4,5-1,750,4,1-2-5,190,1,1-5,310,2
20251230,住之江,6,予選,晴,東,2,1,3,2,4962,畑 竜 生,23,73,6.85,2,0.19,1.53.3,5-1-2,1400,4,5-1,750,4,1-2-5,190,1,1-5,310,2
20251230,住之江,6,予選,晴,東,2,1,4,6,5020,宮 村 勇 哉,57,11,7.02,6,0.25,1.54.3,5-1-2,1400,4,5-1,750,4,1-2-5,190,1,1-5,310,2
20251230,住之江,6,予選,晴,東,2,1,5,4,5354,渡 邊 雄 斗,12,55,6.84,4,0.19,,5-1-2,1400,4,5-1,750,4,1-2-5,190,1,1-5,310,2
20251230,住之江,6,予選,晴,東,2,1,6,3,5130,上 野 拓 馬,45,68,6.89,3,0.17,,5-1-2,1400,4,5-1,750,4,1-2-5,190,1,1-5,310,2
20251230,住之江,7,予選,曇り,東,3,2,1,1,5275,松 田 淳 平,65,48,6.87,1,0.09,1.49.3,1-2-3,980,3,1-2,710,3,1-2-3,270,1,1-2,380,2
20251230,住之江,7,予選,曇り,東,3,2,2,2,3951,石 川 吉 鎬,62,49,6.91,2,0.16,1.50.6,1-2-3,980,3,1-2,710,3,1-2-3,270,1,1-2,380,2
20251230,住之江,7,予選,曇り,東,3,2,3,3,5010,宇留田 翔 平,47,20,6.82,3,0.14,1.52.3,1-2-3,980,3,1-2,710,3,1-2-3,270,1,1-2,380,2
20251230,住之江,7,予選,曇り,東,3,2,4,6,4227,安 達 裕 樹,59,62,6.91,5,0.27,1.53.2,1-2-3,980,3,1-2,710,3,1-2-3,270,1,1-2,380,2
20251230,住之江,7,予選,曇り,東,3,2,5,4,3268,森 竜 也,13,15,6.98,4,0.21,,1-2-3,980,3,1-2,710,3,1-2-3,270,1,1-2,380,2
20251230,住之江,7,予選,曇り,東,3,2,6,5,5425,西 山 育,20,12,6.90,6,0.20,,1-2-3,980,3,1-2,710,3,1-2-3,270,1,1-2,380,2
20251230,住之江,8,予選,曇り,東,2,1,1,1,4156,浜 野 孝 志,61,44,6.85,1,0.22,1.49.6,1-3-2,550,2,1-3,320,2,1-2-3,160,1,1-3,190,1
20251230,住之江,8,予選,曇り,東,2,1,2,3,4470,平 田 健之佑,17,69,6.80,3,0.10,1.50.7,1-3-2,550,2,1-3,320,2,1-2-3,160,1,1-3,190,1
20251230,住之江,8,予選,曇り,東,2,1,3,2,5256,中 山 翔 太,37,74,6.83,2,0.13,1.52.5,1-3-2,550,2,1-3,320,2,1-2-3,160,1,1-3,190,1
20251230,住之江,8,予選,曇り,東,2,1,4,6,4209,藤 田 竜 弘,67,72,6.94,6,0.16,1.53.4,1-3-2,550,2,1-3,320,2,1-2-3,160,1,1-3,190,1
20251230,住之江,8,予選,曇り,東,2,1,5,5,4270,岸 本 雄 貴,33,41,6.96,5,0.15,,1-3-2,550,2,1-3,320,2,1-2-3,160,1,1-3,190,1
20251230,住之江,8,予選,曇り,東,2,1,6,4,5383,中 村 楓,51,21,6.89,4,0.11,,1-3-2,550,2,1-3,320,2,1-2-3,160,1,1-3,190,1
20251230,住之江,9,予選,曇り,東,2,1,1,1,4804,高 田 ひかる,58,75,6.67,1,0.22,1.49.0,1-2-3,850,2,1-2,380,2,1-2-3,320,1,1-2,370,2
20251230,住之江,9,予選,曇り,東,2,1,2,2,3801,五反田 忍,66,51,6.90,2,0.14,1.52.1,1-2-3,850,2,1-2,380,2,1-2-3,320,1,1-2,370,2
20251230,住之江,9,予選,曇り,東,2,1,3,3,5151,山 下 奈 緒,39,45,6.81,3,0.17,1.53.0,1-2-3,850,2,1-2,380,2,1-2-3,320,1,1-2,370,2
20251230,住之江,9,予選,曇り,東,2,1,4,4,5156,坂 野 さくら,70,60,6.84,4,0.29,1.54.3,1-2-3,850,2,1-2,380,2,1-2-3,320,1,1-2,370,2
20251230,住之江,9,予選,曇り,東,2,1,5,6,5399,長 野 未 来,25,64,6.83,6,0.26,,1-2-3,850,2,1-2,380,2,1-2-3,320,1,1-2,370,2
20251230,住之江,9,予選,曇り,東,2,1,6,5,5078,山 川 波 乙,24,24,6.86,5,0.22,,1-2-3,850,2,1-2,380,2,1-2-3,320,1,1-2,370,2
20251230,住之江,10,予選,曇り,東,2,1,1,1,3915,繁野谷 圭 介,56,19,6.77,1,0.29,1.49.7,1-3-4,1330,4,1-3,660,3,1-3-4,740,3,1-3,710,3
20251230,住之江,10,予選,曇り,東,2,1,2,3,5183,中 野 孝 二,48,59,6.88,3,0.16,1.51.3,1-3-4,1330,4,1-3,660,3,1-3-4,740,3,1-3,710,3
20251230,住之江,10,予選,曇り,東,2,1,3,4,4261,岡 祐 臣,21,17,6.77,4,0.14,1.51.6,1-3-4,1330,4,1-3,660,3,1-3-4,740,3,1-3,710,3
20251230,住之江,10,予選,曇り,東,2,1,4,2,4466,南 佑 典,31,16,6.88,2,0.18,1.54.2,1-3-4,1330,4,1-3,660,3,1-3-4,740,3,1-3,710,3
20251230,住之江,10,予選,曇り,東,2,1,5,6,4962,畑 竜 生,23,73,6.88,6,0.13,,1-3-4,1330,4,1-3,660,3,1-3-4,740,3,1-3,710,3
20251230,住之江,10,予選,曇り,東,2,1,6,5,3931,黒 崎 竜 也,54,66,6.88,5,0.08,,1-3-4,1330,4,1-3,660,3,1-3-4,740,3,1-3,710,3
20251230,住之江,11,新春特選,曇り,東,1,1,1,1,4049,荒 川 健 太,32,76,6.82,1,0.14,1.49.8,1-2-4,1400,5,1-2,380,2,1-2-4,920,4,1-2,260,1
20251230,住之江,11,新春特選,曇り,東,1,1,2,2,4808,松 尾 拓,26,56,6.86,2,0.17,1.51.4,1-2-4,1400,5,1-2,380,2,1-2-4,920,4,1-2,260,1
20251230,住之江,11,新春特選,曇り,東,1,1,3,4,4731,間 野 兼 礼,22,54,6.82,4,0.13,1.52.2,1-2-4,1400,5,1-2,380,2,1-2-4,920,4,1-2,260,1
20251230,住之江,11,新春特選,曇り,東,1,1,4,5,3912,川 原 正 明,43,63,6.78,5,0.08,1.53.5,1-2-4,1400,5,1-2,380,2,1-2-4,920,4,1-2,260,1
20251230,住之江,11,新春特選,曇り,東,1,1,5,6,4840,鈴 木 秀 茉,14,57,6.83,6,0.18,,1-2-4,1400,5,1-2,380,2,1-2-4,920,4,1-2,260,1
20251230,住之江,11,新春特選,曇り,東,1,1,6,3,4788,小 池 哲 也,64,18,6.78,3,0.15,,1-2-4,1400,5,1-2,380,2,1-2-4,920,4,1-2,260,1
20251230,住之江,12,三重選抜ＤＲ,曇り,無風,0,0,1,2,4856,豊 田 健士郎,69,70,6.84,2,0.13,1.48.9,2-1-6,11850,25,2-1,1420,5,1-2-6,1160,6,1-2,190,1
20251230,住之江,12,三重選抜ＤＲ,曇り,無風,0,0,2,1,4344,新 田 雄 史,38,22,6.88,1,0.16,1.50.6,2-1-6,11850,25,2-1,1420,5,1-2-6,1160,6,1-2,190,1
20251230,住之江,12,三重選抜ＤＲ,曇り,無風,0,0,3,6,5256,中 山 翔 太,37,74,6.81,6,0.06,1.51.3,2-1-6,11850,25,2-1,1420,5,1-2-6,1160,6,1-2,190,1
20251230,住之江,12,三重選抜ＤＲ,曇り,無風,0,0,4,4,3984,坂 口 周,35,13,6.79,4,0.09,1.52.1,2-1-6,11850,25,2-1,1420,5,1-2-6,1160,6,1-2,190,1
20251230,住之江,12,三重選抜ＤＲ,曇り,無風,0,0,5,3,4227,安 達 裕 樹,59,62,6.91,3,0.10,,2-1-6,11850,25,2-1,1420,5,1-2-6,1160,6,1-2,190,1
20251230,住之江,12,三重選抜ＤＲ,曇り,無風,0,0,6,5,4579,中 嶋 健一郎,53,67,6.90,5,0.08,,2-1-6,11850,25,2-1,1420,5,1-2-6,1160,6,1-2,190,1
20251230,住之江,1,朝トコ小判Ｒ,晴,西,1,1,1,1,5002,上 田 健 太,22,30,6.69,1,0.21,1.48.4,1-2-5,1270,6,1-2,210,1,1-2-5,750,4,1-2,250,2
20251230,住之江,1,朝トコ小判Ｒ,晴,西,1,1,2,2,3687,花 田 和 明,26,20,6.70,2,0.18,1.51.3,1-2-5,1270,6,1-2,210,1,1-2-5,750,4,1-2,250,2
20251230,住之江,1,朝トコ小判Ｒ,晴,西,1,1,3,5,4062,後 藤 陽 介,20,40,6.86,5,0.17,1.52.6,1-2-5,1270,6,1-2,210,1,1-2-5,750,4,1-2,250,2
20251230,住之江,1,朝トコ小判Ｒ,晴,西,1,1,4,3,3542,清 水 紀 克,36,18,6.79,3,0.17,1.53.3,1-2-5,1270,6,1-2,210,1,1-2-5,750,4,1-2,250,2
20251230,住之江,1,朝トコ小判Ｒ,晴,西,1,1,5,4,5252,荒 木 颯 斗,45,64,6.74,4,0.16,,1-2-5,1270,6,1-2,210,1,1-2-5,750,4,1-2,250,2
20251230,住之江,1,朝トコ小判Ｒ,晴,西,1,1,6,6,5441,鈴 木 雄 登,24,41,6.79,6,0.14,,1-2-5,1270,6,1-2,210,1,1-2-5,750,4,1-2,250,2
20251230,住之江,2,予選,晴,無風,0,0,1,1,4518,大須賀 友,54,26,6.66,1,0.17,1.47.8,1-3-6,1150,4,1-3,260,2,1-3-6,980,5,1-3,290,2
20251230,住之江,2,予選,晴,無風,0,0,2,3,3621,天 野 晶 夫,29,63,6.74,3,0.19,1.49.2,1-3-6,1150,4,1-3,260,2,1-3-6,980,5,1-3,290,2
20251230,住之江,2,予選,晴,無風,0,0,3,6,4308,河 村 了,52,67,6.71,4,0.20,1.51.1,1-3-6,1150,4,1-3,260,2,1-3-6,980,5,1-3,290,2
20251230,住之江,2,予選,晴,無風,0,0,4,5,4604,岩 瀬 裕 亮,32,55,6.71,5,0.17,1.52.1,1-3-6,1150,4,1-3,260,2,1-3-6,980,5,1-3,290,2
20251230,住之江,2,予選,晴,無風,0,0,5,4,5127,沼 田 大 都,58,53,6.76,6,0.18,,1-3-6,1150,4,1-3,260,2,1-3-6,980,5,1-3,290,2
20251230,住之江,2,予選,晴,無風,0,0,6,2,5098,大 江 純,51,11,6.76,2,0.28,,1-3-6,1150,4,1-3,260,2,1-3-6,980,5,1-3,290,2
20251230,住之江,3,予選,晴,南,1,0,1,1,4435,服 部 達 哉,12,14,6.73,1,0.07,1.49.4,1-5-2,7860,23,1-5,3390,9,1-2-5,660,2,1-5,2040,7
20251230,住之江,3,予選,晴,南,1,0,2,5,3713,伊 藤 誠 二,38,25,6.79,4,0.07,1.50.3,1-5-2,7860,23,1-5,3390,9,1-2-5,660,2,1-5,2040,7
20251230,住之江,3,予選,晴,南,1,0,3,2,4269,杉 山 裕 也,1,44,6.71,2,0.09,1.51.4,1-5-2,7860,23,1-5,3390,9,1-2-5,660,2,1-5,2040,7
20251230,住之江,3,予選,晴,南,1,0,4,3,4118,宇佐見 淳,25,54,6.75,3,0.09,1.52.9,1-5-2,7860,23,1-5,3390,9,1-2-5,660,2,1-5,2040,7
20251230,住之江,3,予選,晴,南,1,0,5,6,4509,平 見 真 彦,56,23,6.77,5,0.12,,1-5-2,7860,23,1-5,3390,9,1-2-5,660,2,1-5,2040,7
20251230,住之江,3,予選,晴,南,1,0,6,4,5345,牧 村 俊 輝,60,21,6.77,6,0.15,,1-5-2,7860,23,1-5,3390,9,1-2-5,660,2,1-5,2040,7
20251230,住之江,4,予選,晴,西,2,1,1,2,5196,鰐 部 太空海,9,38,6.67,2,0.30,1.48.5,2-3-6,2100,5,2-3,330,1,2-3-6,1110,5,2-3,290,2
20251230,住之江,4,予選,晴,西,2,1,2,3,4914,吉 田 裕 平,14,32,6.73,3,0.20,1.50.8,2-3-6,2100,5,2-3,330,1,2-3-6,1110,5,2-3,290,2
20251230,住之江,4,予選,晴,西,2,1,3,6,5321,一 色 颯 輝,47,16,6.78,6,0.23,1.52.1,2-3-6,2100,5,2-3,330,1,2-3-6,1110,5,2-3,290,2
20251230,住之江,4,予選,晴,西,2,1,4,5,4199,北 川 潤 二,19,51,6.86,4,0.22,1.52.3,2-3-6,2100,5,2-3,330,1,2-3-6,1110,5,2-3,290,2
20251230,住之江,4,予選,晴,西,2,1,5,1,4273,佐 藤 旭,8,69,6.81,1,0.39,,2-3-6,2100,5,2-3,330,1,2-3-6,1110,5,2-3,290,2
20251230,住之江,4,予選,晴,西,2,1,6,4,4293,鈴 木 智 啓,31,70,6.86,5,0.26,,2-3-6,2100,5,2-3,330,1,2-3-6,1110,5,2-3,290,2
20251230,住之江,5,予選,晴,西,2,1,1,3,5252,荒 木 颯 斗,45,64,6.75,3,0.12,1.49.1,3-4-6,19390,51,3-4,5950,15,3-4-6,6600,18,3-4,1310,9
20251230,住之江,5,予選,晴,西,2,1,2,4,4960,黒 野 元 基,15,47,6.74,4,0.13,1.50.8,3-4-6,19390,51,3-4,5950,15,3-4-6,6600,18,3-4,1310,9
20251230,住之江,5,予選,晴,西,2,1,3,6,4067,永 井 源,11,73,6.73,6,0.27,1.52.5,3-4-6,19390,51,3-4,5950,15,3-4-6,6600,18,3-4,1310,9
20251230,住之江,5,予選,晴,西,2,1,4,2,4483,北 野 輝 季,35,56,6.73,2,0.19,1.53.0,3-4-6,19390,51,3-4,5950,15,3-4-6,6600,18,3-4,1310,9
20251230,住之江,5,予選,晴,西,2,1,5,1,3895,堀 本 裕 也,41,71,6.77,1,0.14,,3-4-6,19390,51,3-4,5950,15,3-4-6,6600,18,3-4,1310,9
20251230,住之江,5,予選,晴,西,2,1,6,5,4442,松 竹 大 輔,40,52,6.77,5,0.19,,3-4-6,19390,51,3-4,5950,15,3-4-6,6600,18,3-4,1310,9
20251230,住之江,6,昼トコ小判Ｒ,晴,南,1,0,1,1,3554,仲 口 博 崇,7,12,6.76,1,0.13,1.49.1,1-2-4,7120,19,1-2,1090,4,1-2-4,1940,7,1-2,1240,3
20251230,住之江,6,昼トコ小判Ｒ,晴,南,1,0,2,2,3690,河 合 三 弘,30,29,6.77,2,0.14,1.50.2,1-2-4,7120,19,1-2,1090,4,1-2-4,1940,7,1-2,1240,3
20251230,住之江,6,昼トコ小判Ｒ,晴,南,1,0,3,4,3718,伊 達 正 利,46,15,6.79,4,0.19,1.51.8,1-2-4,7120,19,1-2,1090,4,1-2-4,1940,7,1-2,1240,3
20251230,住之江,6,昼トコ小判Ｒ,晴,南,1,0,4,5,5002,上 田 健 太,22,30,6.68,5,0.23,1.52.5,1-2-4,7120,19,1-2,1090,4,1-2-4,1940,7,1-2,1240,3
20251230,住之江,6,昼トコ小判Ｒ,晴,南,1,0,5,3,4526,池 田 雄 祐,16,65,6.67,3,0.12,,1-2-4,7120,19,1-2,1090,4,1-2-4,1940,7,1-2,1240,3
20251230,住之江,6,昼トコ小判Ｒ,晴,南,1,0,6,6,5127,沼 田 大 都,58,53,6.76,6,0.26,,1-2-4,7120,19,1-2,1090,4,1-2-4,1940,7,1-2,1240,3
20251230,住之江,7,予選,晴,東,1,0,1,2,3941,池 田 浩 二,3,36,6.77,3,0.09,1.47.8,2-1-5,950,2,2-1,380,2,1-2-5,400,2,1-2,270,1
20251230,住之江,7,予選,晴,東,1,0,2,1,5110,杉 山 喜 一,53,62,6.77,1,0.09,1.49.4,2-1-5,950,2,2-1,380,2,1-2-5,400,2,1-2,270,1
20251230,住之江,7,予選,晴,東,1,0,3,5,4518,大須賀 友,54,26,6.76,4,0.17,1.50.6,2-1-5,950,2,2-1,380,2,1-2-5,400,2,1-2,270,1
20251230,住之江,7,予選,晴,東,1,0,4,3,4850,野 中 一 平,42,66,6.74,5,0.13,1.52.9,2-1-5,950,2,2-1,380,2,1-2-5,400,2,1-2,270,1
20251230,住之江,7,予選,晴,東,1,0,5,6,3542,清 水 紀 克,36,18,6.73,2,0.07,,2-1-5,950,2,2-1,380,2,1-2-5,400,2,1-2,270,1
20251230,住之江,7,予選,晴,東,1,0,6,4,5405,竹 内 来,34,57,6.83,6,0.19,,2-1-5,950,2,2-1,380,2,1-2-5,400,2,1-2,270,1
20251230,住之江,8,予選,晴,北東,1,0,1,5,5441,鈴 木 雄 登,24,41,6.79,6,0.11,1.47.3,5-6-1,96540,96,5-6,17730,25,1-5-6,5050,14,5-6,4850,8
20251230,住之江,8,予選,晴,北東,1,0,2,6,4269,杉 山 裕 也,1,44,6.76,4,0.08,1.49.8,5-6-1,96540,96,5-6,17730,25,1-5-6,5050,14,5-6,4850,8
20251230,住之江,8,予選,晴,北東,1,0,3,1,4142,平 野 和 明,6,45,6.78,1,0.12,1.51.8,5-6-1,96540,96,5-6,17730,25,1-5-6,5050,14,5-6,4850,8
20251230,住之江,8,予選,晴,北東,1,0,4,2,4786,佐 藤 博 亮,5,48,6.79,2,0.13,1.52.7,5-6-1,96540,96,5-6,17730,25,1-5-6,5050,14,5-6,4850,8
20251230,住之江,8,予選,晴,北東,1,0,5,3,4228,吉 田 慎二郎,39,35,6.79,3,0.08,,5-6-1,96540,96,5-6,17730,25,1-5-6,5050,14,5-6,4850,8
20251230,住之江,8,予選,晴,北東,1,0,6,4,5098,大 江 純,51,11,6.77,5,0.15,,5-6-1,96540,96,5-6,17730,25,1-5-6,5050,14,5-6,4850,8
20251230,住之江,9,予選,曇り,南,1,0,1,1,4604,岩 瀬 裕 亮,32,55,6.73,1,0.04,1.48.0,1-3-6,2180,9,1-3,900,3,1-3-6,620,2,1-3,700,4
20251230,住之江,9,予選,曇り,南,1,0,2,3,3929,杢 野 誓 良,59,17,6.77,3,0.08,1.50.6,1-3-6,2180,9,1-3,900,3,1-3-6,620,2,1-3,700,4
20251230,住之江,9,予選,曇り,南,1,0,3,6,4199,北 川 潤 二,19,51,6.81,4,0.16,1.51.5,1-3-6,2180,9,1-3,900,3,1-3-6,620,2,1-3,700,4
20251230,住之江,9,予選,曇り,南,1,0,4,4,4062,後 藤 陽 介,20,40,6.79,5,0.25,1.52.4,1-3-6,2180,9,1-3,900,3,1-3-6,620,2,1-3,700,4
20251230,住之江,9,予選,曇り,南,1,0,5,2,4442,松 竹 大 輔,40,52,6.77,2,0.04,,1-3-6,2180,9,1-3,900,3,1-3-6,620,2,1-3,700,4
20251230,住之江,9,予選,曇り,南,1,0,6,5,5345,牧 村 俊 輝,60,21,6.77,6,0.29,,1-3-6,2180,9,1-3,900,3,1-3-6,620,2,1-3,700,4
20251230,住之江,10,予選,曇り,南東,1,0,1,1,4914,吉 田 裕 平,14,32,6.69,1,0.12,1.47.9,1-3-2,1240,4,1-3,370,2,1-2-3,540,2,1-3,330,2
20251230,住之江,10,予選,曇り,南東,1,0,2,3,3713,伊 藤 誠 二,38,25,6.74,4,0.12,1.49.9,1-3-2,1240,4,1-3,370,2,1-2-3,540,2,1-3,330,2
20251230,住之江,10,予選,曇り,南東,1,0,3,2,4067,永 井 源,11,73,6.72,3,0.08,1.51.6,1-3-2,1240,4,1-3,370,2,1-2-3,540,2,1-3,330,2
20251230,住之江,10,予選,曇り,南東,1,0,4,6,5089,前 田 翔,49,28,6.74,6,0.14,1.52.3,1-3-2,1240,4,1-3,370,2,1-2-3,540,2,1-3,330,2
20251230,住之江,10,予選,曇り,南東,1,0,5,4,4526,池 田 雄 祐,16,65,6.73,5,0.11,,1-3-2,1240,4,1-3,370,2,1-2-3,540,2,1-3,330,2
20251230,住之江,10,予選,曇り,南東,1,0,6,5,3687,花 田 和 明,26,20,6.77,2,0.17,,1-3-2,1240,4,1-3,370,2,1-2-3,540,2,1-3,330,2
20251230,住之江,11,予選,曇り,北,2,1,1,4,3941,池 田 浩 二,3,36,6.74,4,0.13,1.57.6,4-2-5,1890,7,4-2,1170,5,2-4-5,700,3,2-4,500,3
20251230,住之江,11,予選,曇り,北,2,1,2,2,4435,服 部 達 哉,12,14,6.67,2,0.28,1.59.8,4-2-5,1890,7,4-2,1170,5,2-4-5,700,3,2-4,500,3
20251230,住之江,11,予選,曇り,北,2,1,3,5,3621,天 野 晶 夫,29,63,6.74,5,0.12,2.01.1,4-2-5,1890,7,4-2,1170,5,2-4-5,700,3,2-4,500,3
20251230,住之江,11,予選,曇り,北,2,1,4,6,4293,鈴 木 智 啓,31,70,6.84,6,0.21,2.03.9,4-2-5,1890,7,4-2,1170,5,2-4-5,700,3,2-4,500,3
20251230,住之江,11,予選,曇り,北,2,1,5,3,3893,汐 崎 正 則,21,19,6.84,3,0.17,,4-2-5,1890,7,4-2,1170,5,2-4-5,700,3,2-4,500,3
20251230,住之江,12,予選トコタン,曇り,北,1,0,1,1,4483,北 野 輝 季,35,56,6.74,1,0.11,1.48.3,1-6-4,3330,13,1-6,840,4,1-4-6,1190,7,1-6,700,4
20251230,住之江,12,予選トコタン,曇り,北,1,0,2,6,5196,鰐 部 太空海,9,38,6.71,6,0.11,1.50.1,1-6-4,3330,13,1-6,840,4,1-4-6,1190,7,1-6,700,4
20251230,住之江,12,予選トコタン,曇り,北,1,0,3,4,4786,佐 藤 博 亮,5,48,6.76,4,0.11,1.51.2,1-6-4,3330,13,1-6,840,4,1-4-6,1190,7,1-6,700,4
20251230,住之江,12,予選トコタン,曇り,北,1,0,4,2,4308,河 村 了,52,67,6.75,2,0.19,1.52.0,1-6-4,3330,13,1-6,840,4,1-4-6,1190,7,1-6,700,4
20251230,住之江,12,予選トコタン,曇り,北,1,0,5,3,3554,仲 口 博 崇,7,12,6.75,3,0.17,,1-6-4,3330,13,1-6,840,4,1-4-6,1190,7,1-6,700,4
20251230,住之江,12,予選トコタン,曇り,北,1,0,6,5,4118,宇佐見 淳,25,54,6.77,5,0.10,,1-6-4,3330,13,1-6,840,4,1-4-6,1190,7,1-6,700,4
20251230,住之江,1,予選,晴,北西,2,1,1,3,4903,吉 田 凌太朗,24,31,6.67,3,0.12,1.48.9,3-5-1,1310,3,3-5,570,3,1-3-5,290,1,3-5,910,2
20251230,住之江,1,予選,晴,北西,2,1,2,5,3811,石 田 章 央,55,16,6.63,5,0.18,1.49.7,3-5-1,1310,3,3-5,570,3,1-3-5,290,1,3-5,910,2
20251230,住之江,1,予選,晴,北西,2,1,3,1,3867,松 浦 勝,46,51,6.63,1,0.22,1.52.0,3-5-1,1310,3,3-5,570,3,1-3-5,290,1,3-5,910,2
20251230,住之江,1,予選,晴,北西,2,1,4,2,5211,高 井 駿 弥,38,36,6.65,2,0.14,1.52.7,3-5-1,1310,3,3-5,570,3,1-3-5,290,1,3-5,910,2
20251230,住之江,1,予選,晴,北西,2,1,5,4,3591,後 藤 孝 義,21,25,6.66,4,0.21,,3-5-1,1310,3,3-5,570,3,1-3-5,290,1,3-5,910,2
20251230,住之江,1,予選,晴,北西,2,1,6,6,5439,志 賀 美 優,39,30,6.66,6,0.16,,3-5-1,1310,3,3-5,570,3,1-3-5,290,1,3-5,910,2
20251230,住之江,2,予選,晴,北西,1,0,1,1,5139,大 場 恒 季,71,45,6.61,1,0.12,1.48.1,1-4-3,2700,11,1-4,340,2,1-3-4,1200,7,1-4,420,3
20251230,住之江,2,予選,晴,北西,1,0,2,4,4983,前 田 篤 哉,28,37,6.59,4,0.13,1.50.7,1-4-3,2700,11,1-4,340,2,1-3-4,1200,7,1-4,420,3
20251230,住之江,2,予選,晴,北西,1,0,3,3,3839,川 合 理 司,31,71,6.70,3,0.12,1.51.6,1-4-3,2700,11,1-4,340,2,1-3-4,1200,7,1-4,420,3
20251230,住之江,2,予選,晴,北西,1,0,4,5,4457,神 田 達 也,29,50,6.69,5,0.13,1.51.9,1-4-3,2700,11,1-4,340,2,1-3-4,1200,7,1-4,420,3
20251230,住之江,2,予選,晴,北西,1,0,5,6,5444,林 風 音,62,46,6.65,6,0.21,,1-4-3,2700,11,1-4,340,2,1-3-4,1200,7,1-4,420,3
20251230,住之江,2,予選,晴,北西,1,0,6,2,4570,前 田 聖 文,70,12,6.58,2,0.15,,1-4-3,2700,11,1-4,340,2,1-3-4,1200,7,1-4,420,3
20251230,住之江,3,予選,晴,北西,2,1,1,1,4068,幸 田 智 裕,26,33,6.63,1,0.11,1.48.9,1-2-5,760,1,1-2,460,2,1-2-5,200,1,1-2,270,1
20251230,住之江,3,予選,晴,北西,2,1,2,2,4910,中 村 泰 平,49,17,6.62,2,0.07,1.50.2,1-2-5,760,1,1-2,460,2,1-2-5,200,1,1-2,270,1
20251230,住之江,3,予選,晴,北西,2,1,3,5,4276,鈴 木 勝 博,22,60,6.54,5,0.17,1.51.6,1-2-5,760,1,1-2,460,2,1-2-5,200,1,1-2,270,1
20251230,住之江,3,予選,晴,北西,2,1,4,3,5340,樋江井 舞,27,55,6.55,3,0.13,1.52.5,1-2-5,760,1,1-2,460,2,1-2-5,200,1,1-2,270,1
20251230,住之江,3,予選,晴,北西,2,1,5,4,5266,石 田 勇 斗,56,38,6.65,4,0.15,,1-2-5,760,1,1-2,460,2,1-2-5,200,1,1-2,270,1
20251230,住之江,3,予選,晴,北西,2,1,6,6,5245,倉 富 大 誠,35,26,6.60,6,0.18,,1-2-5,760,1,1-2,460,2,1-2-5,200,1,1-2,270,1
20251230,住之江,4,予選,晴,北,1,0,1,6,4586,磯 部 誠,13,53,6.60,5,0.18,1.49.4,6-4-1,3380,13,6-4,1490,6,1-4-6,470,2,4-6,670,4
20251230,住之江,4,予選,晴,北,1,0,2,4,4901,出 口 舞有子,18,11,6.57,4,0.16,1.50.3,6-4-1,3380,13,6-4,1490,6,1-4-6,470,2,4-6,670,4
20251230,住之江,4,予選,晴,北,1,0,3,1,4231,鈴 木 裕 隆,36,35,6.53,1,0.17,1.51.8,6-4-1,3380,13,6-4,1490,6,1-4-6,470,2,4-6,670,4
20251230,住之江,4,予選,晴,北,1,0,4,3,3642,大 塚 浩 二,17,54,6.65,3,0.23,1.53.2,6-4-1,3380,13,6-4,1490,6,1-4-6,470,2,4-6,670,4
20251230,住之江,4,予選,晴,北,1,0,5,2,4630,岩 永 雅 人,16,22,6.56,2,0.22,,6-4-1,3380,13,6-4,1490,6,1-4-6,470,2,4-6,670,4
20251230,住之江,4,予選,晴,北,1,0,6,5,5410,今 泉 澪,30,77,6.54,6,0.24,,6-4-1,3380,13,6-4,1490,6,1-4-6,470,2,4-6,670,4
20251230,住之江,5,予選,晴,北西,2,1,1,3,4989,石 原 翼,64,14,6.63,3,0.10,1.48.9,3-2-5,3870,14,3-2,1880,7,2-3-5,520,3,2-3,330,2
20251230,住之江,5,予選,晴,北西,2,1,2,2,4084,杉 山 正 樹,40,39,6.61,2,0.12,1.50.0,3-2-5,3870,14,3-2,1880,7,2-3-5,520,3,2-3,330,2
20251230,住之江,5,予選,晴,北西,2,1,3,5,4409,坂 元 浩 仁,43,49,6.74,5,0.15,1.51.9,3-2-5,3870,14,3-2,1880,7,2-3-5,520,3,2-3,330,2
20251230,住之江,5,予選,晴,北西,2,1,4,1,5232,樅 山 拓 馬,60,15,6.67,1,0.17,1.52.6,3-2-5,3870,14,3-2,1880,7,2-3-5,520,3,2-3,330,2
20251230,住之江,5,予選,晴,北西,2,1,5,6,5211,高 井 駿 弥,38,36,6.69,6,0.16,,3-2-5,3870,14,3-2,1880,7,2-3-5,520,3,2-3,330,2
20251230,住之江,5,予選,晴,北西,2,1,6,4,3302,谷 川 里 江,76,65,6.64,4,0.11,,3-2-5,3870,14,3-2,1880,7,2-3-5,520,3,2-3,330,2
20251230,住之江,6,予選,晴,北西,2,1,1,1,4376,藤 田 靖 弘,65,72,6.55,1,0.14,1.48.1,1-2-6,710,2,1-2,450,3,1-2-6,170,1,1-2,330,2
20251230,住之江,6,予選,晴,北西,2,1,2,2,4467,渡 邉 俊 介,33,61,6.57,3,0.17,1.49.9,1-2-6,710,2,1-2,450,3,1-2-6,170,1,1-2,330,2
20251230,住之江,6,予選,晴,北西,2,1,3,6,3946,赤 岩 善 生,58,75,6.64,2,0.20,1.51.8,1-2-6,710,2,1-2,450,3,1-2-6,170,1,1-2,330,2
20251230,住之江,6,予選,晴,北西,2,1,4,3,4197,渥 美 卓 郎,34,27,6.63,4,0.21,1.53.5,1-2-6,710,2,1-2,450,3,1-2-6,170,1,1-2,330,2
20251230,住之江,6,予選,晴,北西,2,1,5,4,5347,井 澤 聖 奈,41,48,6.64,5,0.23,,1-2-6,710,2,1-2,450,3,1-2-6,170,1,1-2,330,2
20251230,住之江,6,予選,晴,北西,2,1,6,5,5305,伊 藤 栞,63,34,6.67,6,0.25,,1-2-6,710,2,1-2,450,3,1-2-6,170,1,1-2,330,2
20251230,住之江,7,予選 進入固定,晴,北西,1,0,1,1,5068,前 田 滉,77,19,6.53,1,0.26,1.47.6,1-3-4,290,1,1-3,200,1,1-3-4,190,1,1-3,140,1
20251230,住之江,7,予選 進入固定,晴,北西,1,0,2,3,4516,野 口 勝 弘,59,47,6.60,3,0.21,1.49.1,1-3-4,290,1,1-3,200,1,1-3-4,190,1,1-3,140,1
20251230,住之江,7,予選 進入固定,晴,北西,1,0,3,4,5137,川 原 涼,32,66,6.52,4,0.17,1.51.6,1-3-4,290,1,1-3,200,1,1-3-4,190,1,1-3,140,1
20251230,住之江,7,予選 進入固定,晴,北西,1,0,4,5,5169,堀 本 翔 太,72,74,6.61,5,0.23,1.52.7,1-3-4,290,1,1-3,200,1,1-3-4,190,1,1-3,140,1
20251230,住之江,7,予選 進入固定,晴,北西,1,0,5,2,3591,後 藤 孝 義,21,25,6.66,2,0.28,,1-3-4,290,1,1-3,200,1,1-3-4,190,1,1-3,140,1
20251230,住之江,7,予選 進入固定,晴,北西,1,0,6,6,5340,樋江井 舞,27,55,6.59,6,0.17,,1-3-4,290,1,1-3,200,1,1-3-4,190,1,1-3,140,1
20251230,住之江,8,予選,晴,北西,2,1,1,1,4215,吉 島 祥 之,61,32,6.63,1,0.18,1.48.5,1-6-2,1900,7,1-6,840,4,1-2-6,230,1,1-6,700,4
20251230,住之江,8,予選,晴,北西,2,1,2,6,4903,吉 田 凌太朗,24,31,6.72,5,0.13,1.50.8,1-6-2,1900,7,1-6,840,4,1-2-6,230,1,1-6,700,4
20251230,住之江,8,予選,晴,北西,2,1,3,2,4337,平 本 真 之,52,20,6.68,2,0.19,1.52.0,1-6-2,1900,7,1-6,840,4,1-2-6,230,1,1-6,700,4
20251230,住之江,8,予選,晴,北西,2,1,4,3,4457,神 田 達 也,29,50,6.72,3,0.18,1.53.1,1-6-2,1900,7,1-6,840,4,1-2-6,230,1,1-6,700,4
20251230,住之江,8,予選,晴,北西,2,1,5,4,3642,大 塚 浩 二,17,54,6.74,6,0.09,,1-6-2,1900,7,1-6,840,4,1-2-6,230,1,1-6,700,4
20251230,住之江,8,予選,晴,北西,2,1,6,5,3528,笠 野 友紀恵,19,13,6.69,4,0.19,,1-6-2,1900,7,1-6,840,4,1-2-6,230,1,1-6,700,4
20251230,住之江,9,予選,晴,北西,2,1,1,3,5139,大 場 恒 季,71,45,6.69,3,0.07,1.48.8,3-1-5,3250,10,3-1,1400,5,1-3-5,590,3,1-3,330,2
20251230,住之江,9,予選,晴,北西,2,1,2,1,4369,丹 下 将,53,24,6.64,1,0.11,1.50.6,3-1-5,3250,10,3-1,1400,5,1-3-5,590,3,1-3,330,2
20251230,住之江,9,予選,晴,北西,2,1,3,5,4989,石 原 翼,64,14,6.65,5,0.01,1.51.5,3-1-5,3250,10,3-1,1400,5,1-3-5,590,3,1-3,330,2
20251230,住之江,9,予選,晴,北西,2,1,4,2,4276,鈴 木 勝 博,22,60,6.62,2,0.09,1.53.5,3-1-5,3250,10,3-1,1400,5,1-3-5,590,3,1-3,330,2
20251230,住之江,9,予選,晴,北西,2,1,5,4,3867,松 浦 勝,46,51,6.71,4,0.02,,3-1-5,3250,10,3-1,1400,5,1-3-5,590,3,1-3,330,2
20251230,住之江,9,予選,晴,北西,2,1,6,6,4901,出 口 舞有子,18,11,6.65,6,0.01,,3-1-5,3250,10,3-1,1400,5,1-3-5,590,3,1-3,330,2
20251230,住之江,10,予選,晴,北西,2,1,1,1,4080,山 崎 哲 司,54,40,6.60,1,0.19,1.47.5,1-3-5,650,1,1-3,200,1,1-3-5,300,1,1-3,220,1
20251230,住之江,10,予選,晴,北西,2,1,2,3,3811,石 田 章 央,55,16,6.65,3,0.22,1.48.9,1-3-5,650,1,1-3,200,1,1-3-5,300,1,1-3,220,1
20251230,住之江,10,予選,晴,北西,2,1,3,5,4467,渡 邉 俊 介,33,61,6.68,5,0.12,1.50.6,1-3-5,650,1,1-3,200,1,1-3-5,300,1,1-3,220,1
20251230,住之江,10,予選,晴,北西,2,1,4,2,3302,谷 川 里 江,76,65,6.66,2,0.26,1.52.6,1-3-5,650,1,1-3,200,1,1-3-5,300,1,1-3,220,1
20251230,住之江,10,予選,晴,北西,2,1,5,6,4570,前 田 聖 文,70,12,6.64,6,0.14,,1-3-5,650,1,1-3,200,1,1-3-5,300,1,1-3,220,1
20251230,住之江,10,予選,晴,北西,2,1,6,4,4979,中 野 夢 斗,57,68,6.63,4,0.16,,1-3-5,650,1,1-3,200,1,1-3-5,300,1,1-3,220,1
20251230,住之江,11,予選特賞,晴,南西,2,1,1,1,4983,前 田 篤 哉,28,37,6.61,1,0.15,1.49.1,1-3-4,2480,8,1-3,580,3,1-3-4,1430,6,1-3,660,3
20251230,住之江,11,予選特賞,晴,南西,2,1,2,3,5245,倉 富 大 誠,35,26,6.63,3,0.16,1.50.1,1-3-4,2480,8,1-3,580,3,1-3-4,1430,6,1-3,660,3
20251230,住之江,11,予選特賞,晴,南西,2,1,3,4,4630,岩 永 雅 人,16,22,6.64,4,0.19,1.51.6,1-3-4,2480,8,1-3,580,3,1-3-4,1430,6,1-3,660,3
20251230,住之江,11,予選特賞,晴,南西,2,1,4,5,4197,渥 美 卓 郎,34,27,6.62,5,0.09,1.51.7,1-3-4,2480,8,1-3,580,3,1-3-4,1430,6,1-3,660,3
20251230,住之江,11,予選特賞,晴,南西,2,1,5,2,4409,坂 元 浩 仁,43,49,6.67,2,0.21,,1-3-4,2480,8,1-3,580,3,1-3-4,1430,6,1-3,660,3
20251230,住之江,11,予選特賞,晴,南西,2,1,6,6,5137,川 原 涼,32,66,6.61,6,0.11,,1-3-4,2480,8,1-3,580,3,1-3-4,1430,6,1-3,660,3
20251230,浜名湖,12,ドリーム戦,晴,北西,3,1,1,1,4337,平 本 真 之,52,20,6.66,1,0.14,1.48.2,1-5-2,2390,11,1-5,750,4,1-2-5,1000,6,1-5,480,3
20251230,浜名湖,12,ドリーム戦,晴,北西,3,1,2,5,5068,前 田 滉,77,19,6.54,5,0.13,1.49.4,1-5-2,2390,11,1-5,750,4,1-2-5,1000,6,1-5,480,3
20251230,浜名湖,12,ドリーム戦,晴,北西,3,1,3,2,3946,赤 岩 善 生,58,75,6.70,2,0.11,1.51.3,1-5-2,2390,11,1-5,750,4,1-2-5,1000,6,1-5,480,3
20251230,浜名湖,12,ドリーム戦,晴,北西,3,1,4,4,4084,杉 山 正 樹,40,39,6.64,4,0.06,1.52.4,1-5-2,2390,11,1-5,750,4,1-2-5,1000,6,1-5,480,3
20251230,浜名湖,12,ドリーム戦,晴,北西,3,1,5,6,4910,中 村 泰 平,49,17,6.63,6,0.09,,1-5-2,2390,11,1-5,750,4,1-2-5,1000,6,1-5,480,3
20251230,浜名湖,12,ドリーム戦,晴,北西,3,1,6,3,4586,磯 部 誠,13,53,6.64,3,0.09,,1-5-2,2390,11,1-5,750,4,1-2-5,1000,6,1-5,480,3
20251230,浜名湖,1,予選,晴,北西,3,2,1,1,3294,野 中 義 生,26,26,6.77,1,0.17,1.49.0,1-3-2,6270,34,1-3,1020,4,1-2-3,830,5,1-3,480,2
20251230,浜名湖,1,予選,晴,北西,3,2,2,3,4625,渡 邊 裕 貴,56,12,6.60,6,0.21,1.50.7,1-3-2,6270,34,1-3,1020,4,1-2-3,830,5,1-3,480,2
20251230,浜名湖,1,予選,晴,北西,3,2,3,2,5248,本 田 愛,47,34,6.75,2,0.31,1.51.9,1-3-2,6270,34,1-3,1020,4,1-2-3,830,5,1-3,480,2
20251230,浜名湖,1,予選,晴,北西,3,2,4,4,4360,庄 司 孝 輔,37,25,6.76,3,0.30,1.53.1,1-3-2,6270,34,1-3,1020,4,1-2-3,830,5,1-3,480,2
20251230,浜名湖,1,予選,晴,北西,3,2,5,5,4918,川 島 拓 郎,53,70,6.77,4,0.24,,1-3-2,6270,34,1-3,1020,4,1-2-3,830,5,1-3,480,2
20251230,浜名湖,1,予選,晴,北西,3,2,6,6,5378,鈴 木 結平太,17,60,6.82,5,0.21,,1-3-2,6270,34,1-3,1020,4,1-2-3,830,5,1-3,480,2
20251230,浜名湖,2,予選,晴,北西,2,1,1,1,4740,齋 藤 達 希,27,47,6.66,1,0.15,1.49.2,1-3-4,1100,4,1-3,550,2,1-3-4,410,3,1-3,330,2
20251230,浜名湖,2,予選,晴,北西,2,1,2,3,4076,杉 田 篤 光,18,55,6.69,3,0.11,1.50.4,1-3-4,1100,4,1-3,550,2,1-3-4,410,3,1-3,330,2
20251230,浜名湖,2,予選,晴,北西,2,1,3,4,4216,星 栄 爾,30,37,6.82,4,0.11,1.52.2,1-3-4,1100,4,1-3,550,2,1-3-4,410,3,1-3,330,2
20251230,浜名湖,2,予選,晴,北西,2,1,4,2,3956,横 澤 剛 治,6,54,6.72,2,0.13,1.53.2,1-3-4,1100,4,1-3,550,2,1-3-4,410,3,1-3,330,2
20251230,浜名湖,2,予選,晴,北西,2,1,5,5,3932,池 田 浩 美,45,45,6.74,5,0.14,,1-3-4,1100,4,1-3,550,2,1-3-4,410,3,1-3,330,2
20251230,浜名湖,2,予選,晴,北西,2,1,6,6,3474,松 瀬 弘 美,50,68,6.72,6,0.23,,1-3-4,1100,4,1-3,550,2,1-3-4,410,3,1-3,330,2
20251230,浜名湖,3,予選,晴,北西,2,1,1,6,4494,河 合 佑 樹,12,32,6.62,5,0.09,1.48.6,6-1-3,6800,27,6-1,3370,12,1-3-6,950,4,1-6,950,5
20251230,浜名湖,3,予選,晴,北西,2,1,2,1,4317,木 村 紗友希,49,15,6.60,1,0.09,1.50.0,6-1-3,6800,27,6-1,3370,12,1-3-6,950,4,1-6,950,5
20251230,浜名湖,3,予選,晴,北西,2,1,3,3,4058,野 末 智 一,46,19,6.59,3,0.15,1.51.8,6-1-3,6800,27,6-1,3370,12,1-3-6,950,4,1-6,950,5
20251230,浜名湖,3,予選,晴,北西,2,1,4,4,5332,村 松 遥 輝,62,29,6.63,4,0.10,1.53.4,6-1-3,6800,27,6-1,3370,12,1-3-6,950,4,1-6,950,5
20251230,浜名湖,3,予選,晴,北西,2,1,5,5,5434,藤 田 康 生,8,51,6.67,6,0.17,,6-1-3,6800,27,6-1,3370,12,1-3-6,950,4,1-6,950,5
20251230,浜名湖,3,予選,晴,北西,2,1,6,2,3744,徳 増 秀 樹,60,69,6.63,2,0.11,,6-1-3,6800,27,6-1,3370,12,1-3-6,950,4,1-6,950,5
20251230,浜名湖,4,予選,晴,北西,3,2,1,5,3909,佐々木 康 幸,19,30,6.65,5,0.15,1.49.3,5-2-1,6710,28,5-2,2480,10,1-2-5,350,1,2-5,940,5
20251230,浜名湖,4,予選,晴,北西,3,2,2,2,4342,谷 野 錬 志,2,22,6.59,2,0.35,1.50.6,5-2-1,6710,28,5-2,2480,10,1-2-5,350,1,2-5,940,5
20251230,浜名湖,4,予選,晴,北西,3,2,3,1,4417,服 部 剛,41,18,6.62,1,0.29,1.52.0,5-2-1,6710,28,5-2,2480,10,1-2-5,350,1,2-5,940,5
20251230,浜名湖,4,予選,晴,北西,3,2,4,6,4933,板 橋 侑 我,66,44,6.76,6,0.17,1.53.0,5-2-1,6710,28,5-2,2480,10,1-2-5,350,1,2-5,940,5
20251230,浜名湖,4,予選,晴,北西,3,2,5,3,3990,芹 澤 克 彦,22,73,6.67,3,0.24,,5-2-1,6710,28,5-2,2480,10,1-2-5,350,1,2-5,940,5
20251230,浜名湖,4,予選,晴,北西,3,2,6,4,5349,宮 崎 奏 磨,36,46,6.67,4,0.18,,5-2-1,6710,28,5-2,2480,10,1-2-5,350,1,2-5,940,5
20251230,浜名湖,5,予選,晴,北西,3,2,1,6,3489,大 場 敏,24,41,6.70,5,0.20,1.48.8,6-2-1,27840,52,6-2,5710,16,1-2-6,800,4,2-6,1600,4
20251230,浜名湖,5,予選,晴,北西,3,2,2,2,4124,池 田 雄 一,39,65,6.75,2,0.35,1.50.5,6-2-1,27840,52,6-2,5710,16,1-2-6,800,4,2-6,1600,4
20251230,浜名湖,5,予選,晴,北西,3,2,3,1,4843,深 尾 巴 恵,32,53,6.67,1,0.29,1.52.1,6-2-1,27840,52,6-2,5710,16,1-2-6,800,4,2-6,1600,4
20251230,浜名湖,5,予選,晴,北西,3,2,4,3,3987,後 藤 正 宗,25,24,6.71,3,0.24,1.53.6,6-2-1,27840,52,6-2,5710,16,1-2-6,800,4,2-6,1600,4
20251230,浜名湖,5,予選,晴,北西,3,2,5,4,5378,鈴 木 結平太,17,60,6.80,6,0.23,,6-2-1,27840,52,6-2,5710,16,1-2-6,800,4,2-6,1600,4
20251230,浜名湖,5,予選,晴,北西,3,2,6,5,4730,土 屋 実沙希,10,72,6.72,4,0.24,,6-2-1,27840,52,6-2,5710,16,1-2-6,800,4,2-6,1600,4
20251230,浜名湖,6,ランチタイム,晴,北西,1,1,1,1,5034,若 林 義 人,48,76,6.73,1,0.06,1.49.0,1-2-3,610,2,1-2,230,1,1-2-3,370,2,1-2,220,1
20251230,浜名湖,6,ランチタイム,晴,北西,1,1,2,2,3563,堤 昇,11,71,6.70,2,0.14,1.50.8,1-2-3,610,2,1-2,230,1,1-2-3,370,2,1-2,220,1
20251230,浜名湖,6,ランチタイム,晴,北西,1,1,3,3,4984,森 下 愛 梨,14,39,6.67,3,0.13,1.51.9,1-2-3,610,2,1-2,230,1,1-2-3,370,2,1-2,220,1
20251230,浜名湖,6,ランチタイム,晴,北西,1,1,4,5,3294,野 中 義 生,26,26,6.68,5,0.07,1.53.1,1-2-3,610,2,1-2,230,1,1-2-3,370,2,1-2,220,1
20251230,浜名湖,6,ランチタイム,晴,北西,1,1,5,4,4740,齋 藤 達 希,27,47,6.72,4,0.13,,1-2-3,610,2,1-2,230,1,1-2-3,370,2,1-2,220,1
20251230,浜名湖,6,ランチタイム,晴,北西,1,1,6,6,5385,鈴 木 柊 介,3,64,6.69,6,0.25,,1-2-3,610,2,1-2,230,1,1-2-3,370,2,1-2,220,1
20251230,浜名湖,7,予選,晴,北西,1,1,1,1,4216,星 栄 爾,30,37,6.74,1,0.06,1.49.7,1-2-3,3530,14,1-2,450,2,1-2-3,1170,5,1-2,310,2
20251230,浜名湖,7,予選,晴,北西,1,1,2,2,4033,伊 藤 将 吉,34,74,6.68,2,0.17,1.50.3,1-2-3,3530,14,1-2,450,2,1-2-3,1170,5,1-2,310,2
20251230,浜名湖,7,予選,晴,北西,1,1,3,3,5248,本 田 愛,47,34,6.77,3,0.15,1.51.8,1-2-3,3530,14,1-2,450,2,1-2-3,1170,5,1-2,310,2
20251230,浜名湖,7,予選,晴,北西,1,1,4,5,3502,渡 邉 英 児,31,58,6.66,5,0.17,1.52.8,1-2-3,3530,14,1-2,450,2,1-2-3,1170,5,1-2,310,2
20251230,浜名湖,7,予選,晴,北西,1,1,5,6,5434,藤 田 康 生,8,51,6.68,6,0.25,,1-2-3,3530,14,1-2,450,2,1-2-3,1170,5,1-2,310,2
20251230,浜名湖,7,予選,晴,北西,1,1,6,4,4524,深 谷 知 博,9,21,6.67,4,0.14,,1-2-3,3530,14,1-2,450,2,1-2-3,1170,5,1-2,310,2
20251230,浜名湖,8,予選,晴,北西,4,2,1,3,4207,松 下 一 也,65,66,6.68,3,0.15,1.49.5,3-5-1,4780,13,3-5,2420,7,1-3-5,270,2,3-5,1040,6
20251230,浜名湖,8,予選,晴,北西,4,2,2,5,3959,坪 井 康 晴,7,67,6.57,5,0.20,1.50.3,3-5-1,4780,13,3-5,2420,7,1-3-5,270,2,3-5,1040,6
20251230,浜名湖,8,予選,晴,北西,4,2,3,1,4342,谷 野 錬 志,2,22,6.65,1,0.09,1.52.4,3-5-1,4780,13,3-5,2420,7,1-3-5,270,2,3-5,1040,6
20251230,浜名湖,8,予選,晴,北西,4,2,4,4,3932,池 田 浩 美,45,45,6.80,4,0.22,1.54.4,3-5-1,4780,13,3-5,2420,7,1-3-5,270,2,3-5,1040,6
20251230,浜名湖,8,予選,晴,北西,4,2,5,2,4150,山 田 雄 太,44,57,6.76,2,0.16,,3-5-1,4780,13,3-5,2420,7,1-3-5,270,2,3-5,1040,6
20251230,浜名湖,8,予選,晴,北西,4,2,6,6,5432,安 藤 瑠 希,4,23,6.66,6,0.17,,3-5-1,4780,13,3-5,2420,7,1-3-5,270,2,3-5,1040,6
20251230,浜名湖,9,予選,晴,北西,3,2,1,1,3744,徳 増 秀 樹,60,69,6.75,1,0.15,1.49.0,1-2-3,530,1,1-2,240,1,1-2-3,270,1,1-2,210,1
20251230,浜名湖,9,予選,晴,北西,3,2,2,2,3489,大 場 敏,24,41,6.71,2,0.13,1.49.9,1-2-3,530,1,1-2,240,1,1-2-3,270,1,1-2,210,1
20251230,浜名湖,9,予選,晴,北西,3,2,3,3,4073,大 橋 純一郎,13,49,6.76,3,0.10,1.51.4,1-2-3,530,1,1-2,240,1,1-2-3,270,1,1-2,210,1
20251230,浜名湖,9,予選,晴,北西,3,2,4,4,4417,服 部 剛,41,18,6.71,4,0.14,1.52.8,1-2-3,530,1,1-2,240,1,1-2-3,270,1,1-2,210,1
20251230,浜名湖,9,予選,晴,北西,3,2,5,6,5269,山 口 晃 朋,43,50,6.65,5,0.13,,1-2-3,530,1,1-2,240,1,1-2-3,270,1,1-2,210,1
20251230,浜名湖,9,予選,晴,北西,3,2,6,5,4581,吉 村 誠,40,61,6.76,6,0.18,,1-2-3,530,1,1-2,240,1,1-2-3,270,1,1-2,210,1
20251230,浜名湖,10,ブレイクタイ,晴,北西,3,2,1,5,5332,村 松 遥 輝,62,29,6.70,5,0.12,1.48.9,5-1-3,29550,45,5-1,2930,10,1-3-5,1060,5,1-5,840,4
20251230,浜名湖,10,ブレイクタイ,晴,北西,3,2,2,1,3422,服 部 幸 男,28,48,6.71,1,0.14,1.51.1,5-1-3,29550,45,5-1,2930,10,1-3-5,1060,5,1-5,840,4
20251230,浜名湖,10,ブレイクタイ,晴,北西,3,2,3,3,4360,庄 司 孝 輔,37,25,6.78,3,0.14,1.52.3,5-1-3,29550,45,5-1,2930,10,1-3-5,1060,5,1-5,840,4
20251230,浜名湖,10,ブレイクタイ,晴,北西,3,2,4,6,3990,芹 澤 克 彦,22,73,6.71,6,0.19,1.53.0,5-1-3,29550,45,5-1,2930,10,1-3-5,1060,5,1-5,840,4
20251230,浜名湖,10,ブレイクタイ,晴,北西,3,2,5,2,4730,土 屋 実沙希,10,72,6.71,2,0.09,,5-1-3,29550,45,5-1,2930,10,1-3-5,1060,5,1-5,840,4
20251230,浜名湖,10,ブレイクタイ,晴,北西,3,2,6,4,4076,杉 田 篤 光,18,55,6.70,4,0.21,,5-1-3,29550,45,5-1,2930,10,1-3-5,1060,5,1-5,840,4
20251230,浜名湖,11,静岡新聞社特,晴,北西,3,2,1,1,3909,佐々木 康 幸,19,30,6.74,1,0.13,1.49.5,1-2-3,1070,3,1-2,310,1,1-2-3,490,3,1-2,340,2
20251230,浜名湖,11,静岡新聞社特,晴,北西,3,2,2,2,3987,後 藤 正 宗,25,24,6.78,2,0.13,1.50.8,1-2-3,1070,3,1-2,310,1,1-2-3,490,3,1-2,340,2
20251230,浜名湖,11,静岡新聞社特,晴,北西,3,2,3,3,3502,渡 邉 英 児,31,58,6.72,3,0.15,1.52.4,1-2-3,1070,3,1-2,310,1,1-2-3,490,3,1-2,340,2
20251230,浜名湖,11,静岡新聞社特,晴,北西,3,2,4,6,4058,野 末 智 一,46,19,6.71,4,0.17,1.53.2,1-2-3,1070,3,1-2,310,1,1-2-3,490,3,1-2,340,2
20251230,浜名湖,11,静岡新聞社特,晴,北西,3,2,5,4,5019,柴 田 百 恵,55,40,6.79,5,0.20,,1-2-3,1070,3,1-2,310,1,1-2-3,490,3,1-2,340,2
20251230,浜名湖,11,静岡新聞社特,晴,北西,3,2,6,5,5034,若 林 義 人,48,76,6.70,6,0.23,,1-2-3,1070,3,1-2,310,1,1-2-3,490,3,1-2,340,2
20251230,多摩川,12,静岡放送ＤＲ,晴,北西,2,1,1,1,3959,坪 井 康 晴,7,67,6.67,1,0.13,1.47.9,1-3-2,730,2,1-3,430,2,1-2-3,230,1,1-3,300,2
20251230,多摩川,12,静岡放送ＤＲ,晴,北西,2,1,2,3,4933,板 橋 侑 我,66,44,6.62,3,0.12,1.49.4,1-3-2,730,2,1-3,430,2,1-2-3,230,1,1-3,300,2
20251230,多摩川,12,静岡放送ＤＲ,晴,北西,2,1,3,2,4494,河 合 佑 樹,12,32,6.68,2,0.15,1.51.3,1-3-2,730,2,1-3,430,2,1-2-3,230,1,1-3,300,2
20251230,多摩川,12,静岡放送ＤＲ,晴,北西,2,1,4,6,3956,横 澤 剛 治,6,54,6.74,6,0.13,1.51.9,1-3-2,730,2,1-3,430,2,1-2-3,230,1,1-3,300,2
20251230,多摩川,12,静岡放送ＤＲ,晴,北西,2,1,5,4,4033,伊 藤 将 吉,34,74,6.75,4,0.09,,1-3-2,730,2,1-3,430,2,1-2-3,230,1,1-3,300,2
20251230,多摩川,12,静岡放送ＤＲ,晴,北西,2,1,6,5,4124,池 田 雄 一,39,65,6.73,5,0.11,,1-3-2,730,2,1-3,430,2,1-2-3,230,1,1-3,300,2
20251230,多摩川,1,一般,晴,南,1,2,1,1,4093,吉 田 宗 弘,62,55,6.75,1,0.16,1.49.5,1-3-2,840,1,1-3,380,1,1-2-3,240,1,1-3,230,1
20251230,多摩川,1,一般,晴,南,1,2,2,3,4375,照 屋 厚 仁,58,78,6.74,3,0.09,1.49.8,1-3-2,840,1,1-3,380,1,1-2-3,240,1,1-3,230,1
20251230,多摩川,1,一般,晴,南,1,2,3,2,3748,小 黒 竜 吾,13,72,6.74,2,0.12,1.52.2,1-3-2,840,1,1-3,380,1,1-2-3,240,1,1-3,230,1
20251230,多摩川,1,一般,晴,南,1,2,4,5,3306,武 田 正 紀,72,58,6.72,5,0.12,1.53.5,1-3-2,840,1,1-3,380,1,1-2-3,240,1,1-3,230,1
20251230,多摩川,1,一般,晴,南,1,2,5,4,3831,安 藤 裕 貴,20,28,6.83,4,0.09,,1-3-2,840,1,1-3,380,1,1-2-3,240,1,1-3,230,1
20251230,多摩川,1,一般,晴,南,1,2,6,6,5253,藤 井 太 雅,56,48,6.74,6,0.39,,1-3-2,840,1,1-3,380,1,1-2-3,240,1,1-3,230,1
20251230,多摩川,2,一般,晴,東,1,1,1,1,4200,早 川 尚 人,21,82,6.69,1,0.11,1.49.7,1-2-5,4610,16,1-2,570,2,1-2-5,1790,8,1-2,390,2
20251230,多摩川,2,一般,晴,東,1,1,2,2,3857,阿 波 勝 哉,35,44,6.77,2,0.14,1.50.6,1-2-5,4610,16,1-2,570,2,1-2-5,1790,8,1-2,390,2
20251230,多摩川,2,一般,晴,東,1,1,3,5,4973,栗 原 直 也,29,56,6.79,5,0.07,1.51.5,1-2-5,4610,16,1-2,570,2,1-2-5,1790,8,1-2,390,2
20251230,多摩川,2,一般,晴,東,1,1,4,3,3679,飯 島 昌 弘,37,51,6.79,3,0.13,1.53.3,1-2-5,4610,16,1-2,570,2,1-2-5,1790,8,1-2,390,2
20251230,多摩川,2,一般,晴,東,1,1,5,4,5329,金 子 龍 斗,48,38,6.77,4,0.29,,1-2-5,4610,16,1-2,570,2,1-2-5,1790,8,1-2,390,2
20251230,多摩川,2,一般,晴,東,1,1,6,6,4081,樋 口 範 政,60,39,6.75,6,0.17,,1-2-5,4610,16,1-2,570,2,1-2-5,1790,8,1-2,390,2
20251230,多摩川,3,一般,晴,北,1,2,1,1,5246,楠 将太郎,46,31,6.80,1,0.20,1.48.2,1-6-2,3570,16,1-6,460,1,1-2-6,1230,5,1-6,190,1
20251230,多摩川,3,一般,晴,北,1,2,2,6,3854,吉 川 元 浩,40,61,6.77,4,0.14,1.49.8,1-6-2,3570,16,1-6,460,1,1-2-6,1230,5,1-6,190,1
20251230,多摩川,3,一般,晴,北,1,2,3,2,5077,滝 沢 崚,28,81,6.71,2,0.21,1.52.4,1-6-2,3570,16,1-6,460,1,1-2-6,1230,5,1-6,190,1
20251230,多摩川,3,一般,晴,北,1,2,4,3,3455,谷 本 幸 司,26,42,6.84,3,0.18,1.53.6,1-6-2,3570,16,1-6,460,1,1-2-6,1230,5,1-6,190,1
20251230,多摩川,3,一般,晴,北,1,2,5,5,5294,豊 田 祥 生,44,53,6.83,6,0.23,,1-6-2,3570,16,1-6,460,1,1-2-6,1230,5,1-6,190,1
20251230,多摩川,3,一般,晴,北,1,2,6,4,3385,渡 邉 睦 広,53,27,6.68,5,0.35,,1-6-2,3570,16,1-6,460,1,1-2-6,1230,5,1-6,190,1
20251230,多摩川,4,一般,晴,東,2,2,1,4,3977,山 本 兼 士,59,24,6.72,4,0.16,1.49.1,4-2-5,18590,43,4-2,5330,15,2-4-5,1900,7,2-4,3060,7
20251230,多摩川,4,一般,晴,東,2,2,2,2,4895,門 間 雄 大,64,76,6.75,2,0.13,1.50.4,4-2-5,18590,43,4-2,5330,15,2-4-5,1900,7,2-4,3060,7
20251230,多摩川,4,一般,晴,東,2,2,3,5,4191,赤 羽 克 也,70,45,6.72,5,0.13,1.51.4,4-2-5,18590,43,4-2,5330,15,2-4-5,1900,7,2-4,3060,7
20251230,多摩川,4,一般,晴,東,2,2,4,1,4706,三 浦 洋次朗,39,46,6.75,1,0.11,1.52.9,4-2-5,18590,43,4-2,5330,15,2-4-5,1900,7,2-4,3060,7
20251230,多摩川,4,一般,晴,東,2,2,5,3,5179,藤 本 元 輝,61,35,6.77,3,0.17,,4-2-5,18590,43,4-2,5330,15,2-4-5,1900,7,2-4,3060,7
20251230,多摩川,4,一般,晴,東,2,2,6,6,5377,鳥居塚 嶺 王,27,60,6.67,6,0.21,,4-2-5,18590,43,4-2,5330,15,2-4-5,1900,7,2-4,3060,7
20251230,多摩川,5,一般,晴,南,1,2,1,5,4188,久 田 敏 之,11,65,6.76,4,0.08,1.48.5,5-3-1,8260,22,5-3,3470,9,1-3-5,460,2,3-5,1410,4
20251230,多摩川,5,一般,晴,南,1,2,2,3,5122,相 馬 翔,19,83,6.75,3,0.11,1.50.3,5-3-1,8260,22,5-3,3470,9,1-3-5,460,2,3-5,1410,4
20251230,多摩川,5,一般,晴,南,1,2,3,1,5191,飛 田 江 己,12,37,6.69,1,0.16,1.52.0,5-3-1,8260,22,5-3,3470,9,1-3-5,460,2,3-5,1410,4
20251230,多摩川,5,一般,晴,南,1,2,4,2,3828,明 石 正 之,22,64,6.71,2,0.23,1.53.5,5-3-1,8260,22,5-3,3470,9,1-3-5,460,2,3-5,1410,4
20251230,多摩川,5,一般,晴,南,1,2,5,6,3831,安 藤 裕 貴,20,28,6.88,5,0.13,,5-3-1,8260,22,5-3,3470,9,1-3-5,460,2,3-5,1410,4
20251230,多摩川,5,一般,晴,南,1,2,6,4,5318,河 内 一 馬,55,85,6.71,6,0.19,,5-3-1,8260,22,5-3,3470,9,1-3-5,460,2,3-5,1410,4
20251230,多摩川,6,一般,晴,東,1,2,1,1,4388,是 澤 孝 宏,42,41,6.73,1,0.14,1.48.7,1-6-3,1520,4,1-6,840,4,1-3-6,290,1,1-6,300,2
20251230,多摩川,6,一般,晴,東,1,2,2,6,5065,伊久間 陽 優,71,59,6.68,6,0.11,1.50.3,1-6-3,1520,4,1-6,840,4,1-3-6,290,1,1-6,300,2
20251230,多摩川,6,一般,晴,東,1,2,3,3,4847,佐 藤 隆太郎,36,33,6.71,3,0.11,1.51.7,1-6-3,1520,4,1-6,840,4,1-3-6,290,1,1-6,300,2
20251230,多摩川,6,一般,晴,東,1,2,4,2,3306,武 田 正 紀,72,58,6.67,2,0.15,1.52.1,1-6-3,1520,4,1-6,840,4,1-3-6,290,1,1-6,300,2
20251230,多摩川,6,一般,晴,東,1,2,5,5,3748,小 黒 竜 吾,13,72,6.71,5,0.18,,1-6-3,1520,4,1-6,840,4,1-3-6,290,1,1-6,300,2
20251230,多摩川,6,一般,晴,東,1,2,6,4,5047,國 分 将太郎,47,69,6.81,4,0.19,,1-6-3,1520,4,1-6,840,4,1-3-6,290,1,1-6,300,2
20251230,多摩川,7,一般,晴,北,1,2,1,1,3327,野長瀬 正 孝,31,80,6.77,1,0.17,1.55.8,1-6-5,1510,3,1-6,460,2,1-5-6,420,1,1-6,600,3
20251230,多摩川,7,一般,晴,北,1,2,2,6,3072,西 田 靖,50,57,6.78,2,0.20,1.59.1,1-6-5,1510,3,1-6,460,2,1-5-6,420,1,1-6,600,3
20251230,多摩川,7,一般,晴,北,1,2,3,5,3730,塩 崎 優 司,67,34,6.79,6,0.32,2.00.7,1-6-5,1510,3,1-6,460,2,1-5-6,420,1,1-6,600,3
20251230,多摩川,7,一般,晴,北,1,2,4,4,4093,吉 田 宗 弘,62,55,6.77,4,0.29,2.03.9,1-6-5,1510,3,1-6,460,2,1-5-6,420,1,1-6,600,3
20251230,多摩川,7,一般,晴,北,1,2,5,2,5294,豊 田 祥 生,44,53,6.77,3,0.21,,1-6-5,1510,3,1-6,460,2,1-5-6,420,1,1-6,600,3
20251230,多摩川,8,一般,晴,北東,1,2,1,1,3977,山 本 兼 士,59,24,6.67,1,0.23,1.49.0,1-2-6,4660,18,1-2,1400,6,1-2-6,460,3,1-2,1150,6
20251230,多摩川,8,一般,晴,北東,1,2,2,2,4973,栗 原 直 也,29,56,6.70,2,0.23,1.49.5,1-2-6,4660,18,1-2,1400,6,1-2-6,460,3,1-2,1150,6
20251230,多摩川,8,一般,晴,北東,1,2,3,6,4238,毒 島 誠,66,52,6.70,4,0.20,1.51.2,1-2-6,4660,18,1-2,1400,6,1-2-6,460,3,1-2,1150,6
20251230,多摩川,8,一般,晴,北東,1,2,4,5,5115,香 川 颯 太,52,50,6.65,6,0.19,1.51.4,1-2-6,4660,18,1-2,1400,6,1-2-6,460,3,1-2,1150,6
20251230,多摩川,8,一般,晴,北東,1,2,5,3,4438,森 作 雄 大,63,43,6.75,3,0.24,,1-2-6,4660,18,1-2,1400,6,1-2-6,460,3,1-2,1150,6
20251230,多摩川,8,一般,晴,北東,1,2,6,4,5179,藤 本 元 輝,61,35,6.68,5,0.16,,1-2-6,4660,18,1-2,1400,6,1-2-6,460,3,1-2,1150,6
20251230,多摩川,9,一般,晴,北東,1,2,1,2,4152,深 水 慎一郎,49,75,6.74,2,0.17,1.49.8,2-1-5,3040,13,2-1,690,3,1-2-5,680,4,1-2,280,1
20251230,多摩川,9,一般,晴,北東,1,2,2,1,3303,渡 辺 豊,24,67,6.76,1,0.23,1.51.1,2-1-5,3040,13,2-1,690,3,1-2-5,680,4,1-2,280,1
20251230,多摩川,9,一般,晴,北東,1,2,3,5,5077,滝 沢 崚,28,81,6.69,5,0.15,1.52.9,2-1-5,3040,13,2-1,690,3,1-2-5,680,4,1-2,280,1
20251230,多摩川,9,一般,晴,北東,1,2,4,4,4200,早 川 尚 人,21,82,6.68,4,0.24,1.53.5,2-1-5,3040,13,2-1,690,3,1-2-5,680,4,1-2,280,1
20251230,多摩川,9,一般,晴,北東,1,2,5,3,3950,石 川 哲 秀,43,54,6.81,3,0.13,,2-1-5,3040,13,2-1,690,3,1-2-5,680,4,1-2,280,1
20251230,多摩川,9,一般,晴,北東,1,2,6,6,5288,尾 道 佳 諭,16,73,6.75,6,0.22,,2-1-5,3040,13,2-1,690,3,1-2-5,680,4,1-2,280,1
20251230,多摩川,10,準優勝戦,晴,東,2,2,1,1,5065,伊久間 陽 優,71,59,6.74,1,0.06,1.48.4,1-5-3,8640,23,1-5,1900,5,1-3-5,1700,6,1-5,1780,5
20251230,多摩川,10,準優勝戦,晴,東,2,2,2,5,3828,明 石 正 之,22,64,6.76,5,0.09,1.49.4,1-5-3,8640,23,1-5,1900,5,1-3-5,1700,6,1-5,1780,5
20251230,多摩川,10,準優勝戦,晴,東,2,2,3,3,3385,渡 邉 睦 広,53,27,6.75,3,0.06,1.51.4,1-5-3,8640,23,1-5,1900,5,1-3-5,1700,6,1-5,1780,5
20251230,多摩川,10,準優勝戦,晴,東,2,2,4,4,3679,飯 島 昌 弘,37,51,6.82,4,0.06,1.52.7,1-5-3,8640,23,1-5,1900,5,1-3-5,1700,6,1-5,1780,5
20251230,多摩川,10,準優勝戦,晴,東,2,2,5,6,4388,是 澤 孝 宏,42,41,6.82,6,0.13,,1-5-3,8640,23,1-5,1900,5,1-3-5,1700,6,1-5,1780,5
20251230,多摩川,10,準優勝戦,晴,東,2,2,6,2,4191,赤 羽 克 也,70,45,6.70,2,0.09,,1-5-3,8640,23,1-5,1900,5,1-3-5,1700,6,1-5,1780,5
20251230,多摩川,11,準優勝戦,晴,北東,1,2,1,3,4188,久 田 敏 之,11,65,6.76,3,0.09,1.52.0,3-1-6,6170,18,3-1,750,4,1-3-6,1290,5,1-3,220,1
20251230,多摩川,11,準優勝戦,晴,北東,1,2,2,1,3854,吉 川 元 浩,40,61,6.70,1,0.17,1.57.1,3-1-6,6170,18,3-1,750,4,1-3-6,1290,5,1-3,220,1
20251230,多摩川,11,準優勝戦,晴,北東,1,2,3,6,5246,楠 将太郎,46,31,6.78,6,0.10,1.59.5,3-1-6,6170,18,3-1,750,4,1-3-6,1290,5,1-3,220,1
20251230,多摩川,11,準優勝戦,晴,北東,1,2,4,2,3730,塩 崎 優 司,67,34,6.72,2,0.16,2.02.3,3-1-6,6170,18,3-1,750,4,1-3-6,1290,5,1-3,220,1
20251230,多摩川,11,準優勝戦,晴,北東,1,2,5,5,3857,阿 波 勝 哉,35,44,6.81,5,0.14,,3-1-6,6170,18,3-1,750,4,1-3-6,1290,5,1-3,220,1
20251230,平和島,12,準優勝戦,晴,東,1,1,1,1,4238,毒 島 誠,66,52,6.75,1,0.06,1.47.2,1-5-2,1470,6,1-5,690,4,1-2-5,440,2,1-5,570,3
20251230,平和島,12,準優勝戦,晴,東,1,1,2,5,4895,門 間 雄 大,64,76,6.74,5,0.11,1.50.0,1-5-2,1470,6,1-5,690,4,1-2-5,440,2,1-5,570,3
20251230,平和島,12,準優勝戦,晴,東,1,1,3,2,5115,香 川 颯 太,52,50,6.71,2,0.08,1.51.7,1-5-2,1470,6,1-5,690,4,1-2-5,440,2,1-5,570,3
20251230,平和島,12,準優勝戦,晴,東,1,1,4,4,3455,谷 本 幸 司,26,42,6.83,4,0.16,1.52.9,1-5-2,1470,6,1-5,690,4,1-2-5,440,2,1-5,570,3
20251230,平和島,12,準優勝戦,晴,東,1,1,5,6,4706,三 浦 洋次朗,39,46,6.81,6,0.19,,1-5-2,1470,6,1-5,690,4,1-2-5,440,2,1-5,570,3
20251230,平和島,12,準優勝戦,晴,東,1,1,6,3,5329,金 子 龍 斗,48,38,6.78,3,0.07,,1-5-2,1470,6,1-5,690,4,1-2-5,440,2,1-5,570,3
20251230,平和島,1,一般,晴,無風,0,3,1,1,4229,市 川 美 宏,40,50,6.75,1,0.15,1.50.4,1-3-2,1260,2,1-3,510,2,1-2-3,270,1,1-3,500,2
20251230,平和島,1,一般,晴,無風,0,3,2,3,3441,土 屋 太 朗,64,19,6.81,3,0.19,1.51.9,1-3-2,1260,2,1-3,510,2,1-2-3,270,1,1-3,500,2
20251230,平和島,1,一般,晴,無風,0,3,3,2,3992,関 口 智 久,59,56,6.80,2,0.19,1.53.0,1-3-2,1260,2,1-3,510,2,1-2-3,270,1,1-3,500,2
20251230,平和島,1,一般,晴,無風,0,3,4,4,3790,佐 口 達 也,74,58,6.79,4,0.20,1.54.7,1-3-2,1260,2,1-3,510,2,1-2-3,270,1,1-3,500,2
20251230,平和島,1,一般,晴,無風,0,3,5,6,3107,平 岡 重 典,29,51,6.70,5,0.17,,1-3-2,1260,2,1-3,510,2,1-2-3,270,1,1-3,500,2
20251230,平和島,1,一般,晴,無風,0,3,6,5,5419,櫻 井 隼,35,46,6.75,6,0.23,,1-3-2,1260,2,1-3,510,2,1-2-3,270,1,1-3,500,2
20251230,平和島,2,一般,晴,無風,0,3,1,4,3965,北 中 元 樹,18,25,6.71,4,0.16,1.50.5,4-1-5,4060,17,4-1,1020,5,1-4-5,1280,7,1-4,290,1
20251230,平和島,2,一般,晴,無風,0,3,2,1,4274,長 畑 友 輔,36,41,6.74,1,0.14,1.51.5,4-1-5,4060,17,4-1,1020,5,1-4-5,1280,7,1-4,290,1
20251230,平和島,2,一般,晴,無風,0,3,3,5,3315,広 瀬 聖 仁,12,47,6.79,5,0.22,1.53.0,4-1-5,4060,17,4-1,1020,5,1-4-5,1280,7,1-4,290,1
20251230,平和島,2,一般,晴,無風,0,3,4,2,4432,黄金井 力 良,46,43,6.78,2,0.16,1.54.2,4-1-5,4060,17,4-1,1020,5,1-4-5,1280,7,1-4,290,1
20251230,平和島,2,一般,晴,無風,0,3,5,3,4175,川 尻 泰 輔,49,48,6.81,3,0.18,,4-1-5,4060,17,4-1,1020,5,1-4-5,1280,7,1-4,290,1
20251230,平和島,2,一般,晴,無風,0,3,6,6,5411,木 下 虎之輔,13,45,6.84,6,0.26,,4-1-5,4060,17,4-1,1020,5,1-4-5,1280,7,1-4,290,1
20251230,平和島,3,一般,晴,北,1,3,1,1,4085,荻 野 裕 介,17,49,6.80,1,0.11,1.58.5,1-3-2,7880,37,1-3,1710,8,1-2-3,2410,10,1-3,1380,6
20251230,平和島,3,一般,晴,北,1,3,2,3,4982,中 村 将 隆,38,26,6.81,3,0.12,2.01.9,1-3-2,7880,37,1-3,1710,8,1-2-3,2410,10,1-3,1380,6
20251230,平和島,3,一般,晴,北,1,3,3,2,3381,滝 沢 芳 行,72,35,6.76,2,0.13,2.04.5,1-3-2,7880,37,1-3,1710,8,1-2-3,2410,10,1-3,1380,6
20251230,平和島,3,一般,晴,北,1,3,4,6,3647,伊 藤 雄 二,39,29,6.69,6,0.15,2.07.3,1-3-2,7880,37,1-3,1710,8,1-2-3,2410,10,1-3,1380,6
20251230,平和島,3,一般,晴,北,1,3,5,4,4095,福 来 剛,10,60,6.77,4,0.11,,1-3-2,7880,37,1-3,1710,8,1-2-3,2410,10,1-3,1380,6
20251230,平和島,4,一般,晴,東,1,3,1,3,5331,佐 藤 永 梧,51,63,6.80,3,0.08,1.49.3,3-4-5,53350,84,3-4,8650,21,3-4-5,7470,16,3-4,3990,11
20251230,平和島,4,一般,晴,東,1,3,2,4,5004,河 野 主 樹,56,61,6.69,4,0.19,1.50.7,3-4-5,53350,84,3-4,8650,21,3-4-5,7470,16,3-4,3990,11
20251230,平和島,4,一般,晴,東,1,3,3,5,4648,木 村 亮 太,69,23,6.72,5,0.27,1.52.4,3-4-5,53350,84,3-4,8650,21,3-4-5,7470,16,3-4,3990,11
20251230,平和島,4,一般,晴,東,1,3,4,2,5132,中 野 希 一,48,27,6.79,2,0.06,1.53.1,3-4-5,53350,84,3-4,8650,21,3-4-5,7470,16,3-4,3990,11
20251230,平和島,4,一般,晴,東,1,3,5,6,5427,港 理 樹,75,20,6.70,6,0.27,,3-4-5,53350,84,3-4,8650,21,3-4-5,7470,16,3-4,3990,11
20251230,平和島,4,一般,晴,東,1,3,6,1,4365,盛 本 真 輔,28,34,6.66,1,0.11,,3-4-5,53350,84,3-4,8650,21,3-4-5,7470,16,3-4,3990,11
20251230,平和島,5,一般,晴,北,1,3,1,1,4787,椎 名 豊,37,52,6.82,1,0.14,1.49.6,1-5-2,1440,7,1-5,280,1,1-2-5,530,3,1-5,340,1
20251230,平和島,5,一般,晴,北,1,3,2,5,4305,金 子 拓 矢,67,62,6.79,5,0.11,1.50.2,1-5-2,1440,7,1-5,280,1,1-2-5,530,3,1-5,340,1
20251230,平和島,5,一般,晴,北,1,3,3,2,3507,藤 井 徹,19,54,6.75,2,0.17,1.51.6,1-5-2,1440,7,1-5,280,1,1-2-5,530,3,1-5,340,1
20251230,平和島,5,一般,晴,北,1,3,4,3,5066,鈴 木 孝 明,11,31,6.70,3,0.12,1.53.3,1-5-2,1440,7,1-5,280,1,1-2-5,530,3,1-5,340,1
20251230,平和島,5,一般,晴,北,1,3,5,4,4059,入 澤 友 治,47,36,6.76,4,0.11,,1-5-2,1440,7,1-5,280,1,1-2-5,530,3,1-5,340,1
20251230,平和島,5,一般,晴,北,1,3,6,6,5419,櫻 井 隼,35,46,6.76,6,0.13,,1-5-2,1440,7,1-5,280,1,1-2-5,530,3,1-5,340,1
20251230,平和島,6,一般,晴,北,1,3,1,1,3981,今 坂 晃 広,57,24,6.75,1,0.20,1.49.7,1-2-3,1280,3,1-2,690,3,1-2-3,290,1,1-2,530,2
20251230,平和島,6,一般,晴,北,1,3,2,2,5359,佐 藤 世 那,22,30,6.64,2,0.22,1.51.2,1-2-3,1280,3,1-2,690,3,1-2-3,290,1,1-2,530,2
20251230,平和島,6,一般,晴,北,1,3,3,3,4025,山 本 隆 幸,53,22,6.75,3,0.26,1.52.8,1-2-3,1280,3,1-2,690,3,1-2-3,290,1,1-2,530,2
20251230,平和島,6,一般,晴,北,1,3,4,5,5411,木 下 虎之輔,13,45,6.78,6,0.19,1.53.7,1-2-3,1280,3,1-2,690,3,1-2-3,290,1,1-2,530,2
20251230,平和島,6,一般,晴,北,1,3,5,4,3441,土 屋 太 朗,64,19,6.79,4,0.26,,1-2-3,1280,3,1-2,690,3,1-2-3,290,1,1-2,530,2
20251230,平和島,6,一般,晴,北,1,3,6,6,4633,森 智 也,58,55,6.83,5,0.27,,1-2-3,1280,3,1-2,690,3,1-2-3,290,1,1-2,530,2
20251230,平和島,7,一般,晴,北,1,3,1,5,4748,渡 邉 雄 朗,27,32,6.63,5,0.05,1.50.2,5-1-4,2610,7,5-1,940,4,1-4-5,470,2,1-5,460,2
20251230,平和島,7,一般,晴,北,1,3,2,1,4110,小 澤 和 也,70,28,6.79,1,0.21,1.52.1,5-1-4,2610,7,5-1,940,4,1-4-5,470,2,1-5,460,2
20251230,平和島,7,一般,晴,北,1,3,3,4,3659,藤 生 雄 人,24,21,6.79,4,0.15,1.53.3,5-1-4,2610,7,5-1,940,4,1-4-5,470,2,1-5,460,2
20251230,平和島,7,一般,晴,北,1,3,4,2,3315,広 瀬 聖 仁,12,47,6.78,2,0.25,1.54.2,5-1-4,2610,7,5-1,940,4,1-4-5,470,2,1-5,460,2
20251230,平和島,7,一般,晴,北,1,3,5,3,4229,市 川 美 宏,40,50,6.78,3,0.22,,5-1-4,2610,7,5-1,940,4,1-4-5,470,2,1-5,460,2
20251230,平和島,7,一般,晴,北,1,3,6,6,5422,真 田 聖 也,55,40,6.73,6,0.05,,5-1-4,2610,7,5-1,940,4,1-4-5,470,2,1-5,460,2
20251230,平和島,8,一般,晴,無風,0,3,1,2,4085,荻 野 裕 介,17,49,6.78,2,0.04,1.49.6,2-1-4,2620,9,2-1,1280,6,1-2-4,380,1,1-2,490,2
20251230,平和島,8,一般,晴,無風,0,3,2,1,4139,丹 下 健,45,38,6.71,1,0.05,1.51.2,2-1-4,2620,9,2-1,1280,6,1-2-4,380,1,1-2,490,2
20251230,平和島,8,一般,晴,無風,0,3,3,4,3885,久 田 武,33,53,6.80,4,0.12,1.53.0,2-1-4,2620,9,2-1,1280,6,1-2-4,380,1,1-2,490,2
20251230,平和島,8,一般,晴,無風,0,3,4,3,3075,中 村 裕 将,73,37,6.80,3,0.02,1.53.4,2-1-4,2620,9,2-1,1280,6,1-2-4,380,1,1-2,490,2
20251230,平和島,8,一般,晴,無風,0,3,5,5,3992,関 口 智 久,59,56,6.78,5,0.10,,2-1-4,2620,9,2-1,1280,6,1-2-4,380,1,1-2,490,2
20251230,平和島,8,一般,晴,無風,0,3,6,6,5331,佐 藤 永 梧,51,63,6.78,6,0.13,,2-1-4,2620,9,2-1,1280,6,1-2-4,380,1,1-2,490,2
20251230,平和島,9,一般特賞,晴,北,1,3,1,5,3507,藤 井 徹,19,54,6.80,5,0.17,1.51.0,5-2-1,26240,63,5-2,13550,23,1-2-5,1100,6,2-5,2890,10
20251230,平和島,9,一般特賞,晴,北,1,3,2,2,4648,木 村 亮 太,69,23,6.70,2,0.20,1.52.8,5-2-1,26240,63,5-2,13550,23,1-2-5,1100,6,2-5,2890,10
20251230,平和島,9,一般特賞,晴,北,1,3,3,1,4432,黄金井 力 良,46,43,6.76,1,0.20,1.54.0,5-2-1,26240,63,5-2,13550,23,1-2-5,1100,6,2-5,2890,10
20251230,平和島,9,一般特賞,晴,北,1,3,4,4,4016,西 川 新太郎,21,39,6.75,4,0.17,1.54.9,5-2-1,26240,63,5-2,13550,23,1-2-5,1100,6,2-5,2890,10
20251230,平和島,9,一般特賞,晴,北,1,3,5,6,3790,佐 口 達 也,74,58,6.81,6,0.19,,5-2-1,26240,63,5-2,13550,23,1-2-5,1100,6,2-5,2890,10
20251230,平和島,9,一般特賞,晴,北,1,3,6,3,3647,伊 藤 雄 二,39,29,6.71,3,0.25,,5-2-1,26240,63,5-2,13550,23,1-2-5,1100,6,2-5,2890,10
20251230,平和島,10,準優勝戦,晴,無風,0,3,1,1,4305,金 子 拓 矢,67,62,6.76,1,0.11,1.49.9,1-4-2,2480,9,1-4,930,4,1-2-4,380,2,1-4,700,3
20251230,平和島,10,準優勝戦,晴,無風,0,3,2,4,4175,川 尻 泰 輔,49,48,6.75,4,0.05,1.50.5,1-4-2,2480,9,1-4,930,4,1-2-4,380,2,1-4,700,3
20251230,平和島,10,準優勝戦,晴,無風,0,3,3,2,4095,福 来 剛,10,60,6.71,2,0.16,1.51.6,1-4-2,2480,9,1-4,930,4,1-2-4,380,2,1-4,700,3
20251230,平和島,10,準優勝戦,晴,無風,0,3,4,3,5004,河 野 主 樹,56,61,6.66,3,0.12,1.53.6,1-4-2,2480,9,1-4,930,4,1-2-4,380,2,1-4,700,3
20251230,平和島,10,準優勝戦,晴,無風,0,3,5,6,4274,長 畑 友 輔,36,41,6.75,6,0.11,,1-4-2,2480,9,1-4,930,4,1-2-4,380,2,1-4,700,3
20251230,平和島,10,準優勝戦,晴,無風,0,3,6,5,5359,佐 藤 世 那,22,30,6.64,5,0.07,,1-4-2,2480,9,1-4,930,4,1-2-4,380,2,1-4,700,3
20251230,平和島,11,準優勝戦,晴,無風,0,3,1,5,5132,中 野 希 一,48,27,6.77,5,0.24,1.49.8,5-4-2,18590,43,5-4,2570,8,2-4-5,2180,8,4-5,1330,6
20251230,平和島,11,準優勝戦,晴,無風,0,3,2,4,4025,山 本 隆 幸,53,22,6.74,4,0.25,1.50.8,5-4-2,18590,43,5-4,2570,8,2-4-5,2180,8,4-5,1330,6
20251230,平和島,11,準優勝戦,晴,無風,0,3,3,2,3965,北 中 元 樹,18,25,6.73,2,0.16,1.51.9,5-4-2,18590,43,5-4,2570,8,2-4-5,2180,8,4-5,1330,6
20251230,平和島,11,準優勝戦,晴,無風,0,3,4,1,4254,川 島 圭 司,23,59,6.64,1,0.14,1.53.7,5-4-2,18590,43,5-4,2570,8,2-4-5,2180,8,4-5,1330,6
20251230,平和島,11,準優勝戦,晴,無風,0,3,5,3,4059,入 澤 友 治,47,36,6.79,3,0.20,,5-4-2,18590,43,5-4,2570,8,2-4-5,2180,8,4-5,1330,6
20251230,平和島,11,準優勝戦,晴,無風,0,3,6,6,3981,今 坂 晃 広,57,24,6.72,6,0.34,,5-4-2,18590,43,5-4,2570,8,2-4-5,2180,8,4-5,1330,6
20251230,平和島,12,準優勝戦,晴,北,1,3,1,1,4748,渡 邉 雄 朗,27,32,6.60,1,0.11,1.49.5,1-5-6,5410,17,1-5,1970,5,1-5-6,1450,7,1-5,1700,5
20251230,平和島,12,準優勝戦,晴,北,1,3,2,5,3381,滝 沢 芳 行,72,35,6.72,5,0.11,1.51.0,1-5-6,5410,17,1-5,1970,5,1-5-6,1450,7,1-5,1700,5
20251230,平和島,12,準優勝戦,晴,北,1,3,3,6,4787,椎 名 豊,37,52,6.80,6,0.14,1.51.8,1-5-6,5410,17,1-5,1970,5,1-5-6,1450,7,1-5,1700,5
20251230,平和島,12,準優勝戦,晴,北,1,3,4,2,3885,久 田 武,33,53,6.73,2,0.12,1.52.8,1-5-6,5410,17,1-5,1970,5,1-5-6,1450,7,1-5,1700,5
20251230,平和島,12,準優勝戦,晴,北,1,3,5,3,3659,藤 生 雄 人,24,21,6.70,3,0.18,,1-5-6,5410,17,1-5,1970,5,1-5-6,1450,7,1-5,1700,5
20251230,平和島,12,準優勝戦,晴,北,1,3,6,4,4982,中 村 将 隆,38,26,6.68,4,0.15,,1-5-6,5410,17,1-5,1970,5,1-5-6,1450,7,1-5,1700,5
20251230,平和島,1,一般戦,晴,無風,0,0,1,2,4569,中 澤 宏 奈,4,27,6.72,2,0.12,1.49.7,2-1-4,3630,13,2-1,1130,5,1-2-4,660,4,1-2,420,2
20251230,平和島,1,一般戦,晴,無風,0,0,2,1,5147,田 中 勇 輔,14,11,6.74,1,0.10,1.51.2,2-1-4,3630,13,2-1,1130,5,1-2-4,660,4,1-2,420,2
20251230,平和島,1,一般戦,晴,無風,0,0,3,4,3863,海老澤 泰 行,63,54,6.75,4,0.18,1.51.4,2-1-4,3630,13,2-1,1130,5,1-2-4,660,4,1-2,420,2
20251230,平和島,1,一般戦,晴,無風,0,0,4,6,4637,中 田 友 也,31,69,6.78,6,0.16,1.53.4,2-1-4,3630,13,2-1,1130,5,1-2-4,660,4,1-2,420,2
20251230,平和島,1,一般戦,晴,無風,0,0,5,3,4325,新 出 浩 司,3,72,6.73,3,0.13,,2-1-4,3630,13,2-1,1130,5,1-2-4,660,4,1-2,420,2
20251230,平和島,1,一般戦,晴,無風,0,0,6,5,5365,石 村 日奈那,16,31,6.78,5,0.16,,2-1-4,3630,13,2-1,1130,5,1-2-4,660,4,1-2,420,2
20251230,平和島,2,一般戦,晴,無風,0,0,1,1,5190,大 月 遊 雅,64,46,6.74,1,0.16,1.49.7,1-3-4,4110,18,1-3,2140,11,1-3-4,860,6,1-3,1230,7
20251230,平和島,2,一般戦,晴,無風,0,0,2,3,4880,澤 崎 雄 哉,2,12,6.76,3,0.12,1.50.4,1-3-4,4110,18,1-3,2140,11,1-3-4,860,6,1-3,1230,7
20251230,平和島,2,一般戦,晴,無風,0,0,3,4,5220,青 木 蓮,20,25,6.64,4,0.11,1.53.1,1-3-4,4110,18,1-3,2140,11,1-3-4,860,6,1-3,1230,7
20251230,平和島,2,一般戦,晴,無風,0,0,4,2,3852,澤 大 介,24,66,6.71,2,0.14,1.54.0,1-3-4,4110,18,1-3,2140,11,1-3-4,860,6,1-3,1230,7
20251230,平和島,2,一般戦,晴,無風,0,0,5,6,4610,佐 藤 大 佑,5,15,6.77,6,0.12,,1-3-4,4110,18,1-3,2140,11,1-3-4,860,6,1-3,1230,7
20251230,平和島,2,一般戦,晴,無風,0,0,6,5,5072,吉 田 杏 美,26,48,6.71,5,0.31,,1-3-4,4110,18,1-3,2140,11,1-3-4,860,6,1-3,1230,7
20251230,平和島,3,一般戦,晴,無風,0,0,1,4,5141,大 澤 風 葵,12,52,6.70,4,0.09,1.49.4,4-2-1,4840,23,4-2,1590,8,1-2-4,500,2,2-4,590,4
20251230,平和島,3,一般戦,晴,無風,0,0,2,2,4303,牧 原 崇,8,57,6.84,2,0.16,1.51.1,4-2-1,4840,23,4-2,1590,8,1-2-4,500,2,2-4,590,4
20251230,平和島,3,一般戦,晴,無風,0,0,3,1,5319,近 藤 颯 斗,17,44,6.74,1,0.15,1.53.2,4-2-1,4840,23,4-2,1590,8,1-2-4,500,2,2-4,590,4
20251230,平和島,3,一般戦,晴,無風,0,0,4,6,3377,塚 田 修 二,34,45,6.87,6,0.22,1.54.3,4-2-1,4840,23,4-2,1590,8,1-2-4,500,2,2-4,590,4
20251230,平和島,3,一般戦,晴,無風,0,0,5,5,4883,岡 部 大 輝,13,19,6.75,5,0.08,,4-2-1,4840,23,4-2,1590,8,1-2-4,500,2,2-4,590,4
20251230,平和島,3,一般戦,晴,無風,0,0,6,3,4815,伏 島 祐 介,61,63,6.67,3,0.16,,4-2-1,4840,23,4-2,1590,8,1-2-4,500,2,2-4,590,4
20251230,平和島,4,一般戦,晴,無風,0,0,1,2,3772,一 柳 和 孝,37,17,6.72,2,0.18,1.48.8,2-4-3,5580,25,2-4,2040,10,2-3-4,680,2,2-4,1110,7
20251230,平和島,4,一般戦,晴,無風,0,0,2,4,3712,淺 香 文 武,23,53,6.70,4,0.19,1.50.7,2-4-3,5580,25,2-4,2040,10,2-3-4,680,2,2-4,1110,7
20251230,平和島,4,一般戦,晴,無風,0,0,3,3,4769,馬 場 剛,35,35,6.69,3,0.12,1.52.2,2-4-3,5580,25,2-4,2040,10,2-3-4,680,2,2-4,1110,7
20251230,平和島,4,一般戦,晴,無風,0,0,4,5,3826,村 田 修 次,29,30,6.72,5,0.21,1.53.5,2-4-3,5580,25,2-4,2040,10,2-3-4,680,2,2-4,1110,7
20251230,平和島,4,一般戦,晴,無風,0,0,5,1,4145,小 澤 学,59,14,6.74,1,0.31,,2-4-3,5580,25,2-4,2040,10,2-3-4,680,2,2-4,1110,7
20251230,平和島,4,一般戦,晴,無風,0,0,6,6,3808,秋 田 健太郎,10,38,6.78,6,0.26,,2-4-3,5580,25,2-4,2040,10,2-3-4,680,2,2-4,1110,7
20251230,平和島,5,一般戦,晴,無風,0,0,1,4,4797,中 山 将,6,65,6.71,3,0.14,1.48.9,4-5-2,940,1,4-5,320,1,2-4-5,260,1,4-5,230,1
20251230,平和島,5,一般戦,晴,無風,0,0,2,5,4851,関 浩 哉,65,68,6.75,4,0.38,1.49.8,4-5-2,940,1,4-5,320,1,2-4-5,260,1,4-5,230,1
20251230,平和島,5,一般戦,晴,無風,0,0,3,2,3863,海老澤 泰 行,63,54,6.68,2,0.13,1.51.6,4-5-2,940,1,4-5,320,1,2-4-5,260,1,4-5,230,1
20251230,平和島,5,一般戦,晴,無風,0,0,4,3,3652,森 下 勇,21,40,6.74,6,0.42,1.53.4,4-5-2,940,1,4-5,320,1,2-4-5,260,1,4-5,230,1
20251230,平和島,5,一般戦,晴,無風,0,0,5,1,5052,赤 井 星璃菜,33,61,6.71,1,0.14,,4-5-2,940,1,4-5,320,1,2-4-5,260,1,4-5,230,1
20251230,平和島,5,一般戦,晴,無風,0,0,6,6,4162,竹 本 太 樹,36,32,6.76,5,0.41,,4-5-2,940,1,4-5,320,1,2-4-5,260,1,4-5,230,1
20251230,平和島,6,一般戦,晴,無風,0,0,1,1,4380,鈴 木 峻 佑,62,22,6.61,1,0.11,1.48.7,1-2-3,710,1,1-2,340,1,1-2-3,250,1,1-2,200,1
20251230,平和島,6,一般戦,晴,無風,0,0,2,2,4366,前 沢 丈 史,22,50,6.69,2,0.13,1.50.2,1-2-3,710,1,1-2,340,1,1-2-3,250,1,1-2,200,1
20251230,平和島,6,一般戦,晴,無風,0,0,3,3,3845,中 谷 朋 子,1,21,6.70,3,0.17,1.51.8,1-2-3,710,1,1-2,340,1,1-2-3,250,1,1-2,200,1
20251230,平和島,6,一般戦,晴,無風,0,0,4,5,5003,来 田 衣 織,39,51,6.64,4,0.22,1.53.6,1-2-3,710,1,1-2,340,1,1-2-3,250,1,1-2,200,1
20251230,平和島,6,一般戦,晴,無風,0,0,5,4,3852,澤 大 介,24,66,6.71,5,0.14,,1-2-3,710,1,1-2,340,1,1-2-3,250,1,1-2,200,1
20251230,平和島,7,一般戦,晴,無風,0,0,1,1,4815,伏 島 祐 介,61,63,6.66,1,0.20,1.48.9,1-3-2,1140,4,1-3,650,4,1-2-3,180,1,1-3,390,3
20251230,平和島,7,一般戦,晴,無風,0,0,2,3,4083,福 島 勇 樹,27,47,6.77,3,0.16,1.50.1,1-3-2,1140,4,1-3,650,4,1-2-3,180,1,1-3,390,3
20251230,平和島,7,一般戦,晴,無風,0,0,3,2,4295,小 坂 尚 哉,25,74,6.70,2,0.18,1.52.0,1-3-2,1140,4,1-3,650,4,1-2-3,180,1,1-3,390,3
20251230,平和島,7,一般戦,晴,無風,0,0,4,5,4565,西 村 豪 洋,50,43,6.75,5,0.39,1.52.5,1-3-2,1140,4,1-3,650,4,1-2-3,180,1,1-3,390,3
20251230,平和島,7,一般戦,晴,無風,0,0,5,4,4325,新 出 浩 司,3,72,6.74,4,0.20,,1-3-2,1140,4,1-3,650,4,1-2-3,180,1,1-3,390,3
20251230,平和島,7,一般戦,晴,無風,0,0,6,6,5365,石 村 日奈那,16,31,6.80,6,0.26,,1-3-2,1140,4,1-3,650,4,1-2-3,180,1,1-3,390,3
20251230,平和島,8,一般戦,晴,無風,0,0,1,4,5319,近 藤 颯 斗,17,44,6.70,4,0.05,1.49.8,4-2-3,49890,77,4-2,5170,13,2-3-4,5840,15,2-4,3370,9
20251230,平和島,8,一般戦,晴,無風,0,0,2,2,4637,中 田 友 也,31,69,6.70,2,0.13,1.51.6,4-2-3,49890,77,4-2,5170,13,2-3-4,5840,15,2-4,3370,9
20251230,平和島,8,一般戦,晴,無風,0,0,3,3,5190,大 月 遊 雅,64,46,6.75,3,0.13,1.52.8,4-2-3,49890,77,4-2,5170,13,2-3-4,5840,15,2-4,3370,9
20251230,平和島,8,一般戦,晴,無風,0,0,4,6,4053,芦 澤 望,53,56,6.68,6,0.09,1.54.5,4-2-3,49890,77,4-2,5170,13,2-3-4,5840,15,2-4,3370,9
20251230,平和島,8,一般戦,晴,無風,0,0,5,1,3940,飯 山 泰,19,42,6.70,1,0.16,,4-2-3,49890,77,4-2,5170,13,2-3-4,5840,15,2-4,3370,9
20251230,平和島,8,一般戦,晴,無風,0,0,6,5,3712,淺 香 文 武,23,53,6.73,5,0.09,,4-2-3,49890,77,4-2,5170,13,2-3-4,5840,15,2-4,3370,9
20251230,平和島,9,戸田特賞,晴,無風,0,0,1,2,4883,岡 部 大 輝,13,19,6.77,2,0.13,1.48.1,2-1-4,6470,29,2-1,840,2,1-2-4,2120,11,1-2,370,1
20251230,平和島,9,戸田特賞,晴,無風,0,0,2,1,3652,森 下 勇,21,40,6.72,1,0.12,1.50.8,2-1-4,6470,29,2-1,840,2,1-2-4,2120,11,1-2,370,1
20251230,平和島,9,戸田特賞,晴,無風,0,0,3,4,4145,小 澤 学,59,14,6.77,4,0.18,1.52.4,2-1-4,6470,29,2-1,840,2,1-2-4,2120,11,1-2,370,1
20251230,平和島,9,戸田特賞,晴,無風,0,0,4,6,5220,青 木 蓮,20,25,6.62,6,0.14,1.52.4,2-1-4,6470,29,2-1,840,2,1-2-4,2120,11,1-2,370,1
20251230,平和島,9,戸田特賞,晴,無風,0,0,5,5,4449,中 嶋 達 也,38,23,6.72,5,0.08,,2-1-4,6470,29,2-1,840,2,1-2-4,2120,11,1-2,370,1
20251230,平和島,9,戸田特賞,晴,無風,0,0,6,3,4569,中 澤 宏 奈,4,27,6.72,3,0.09,,2-1-4,6470,29,2-1,840,2,1-2-4,2120,11,1-2,370,1
20251230,平和島,10,戸田特賞,晴,東,1,1,1,1,3845,中 谷 朋 子,1,21,6.73,1,0.22,1.49.7,1-3-4,3580,10,1-3,980,4,1-3-4,1320,6,1-3,790,4
20251230,平和島,10,戸田特賞,晴,東,1,1,2,3,5003,来 田 衣 織,39,51,6.69,3,0.23,1.51.4,1-3-4,3580,10,1-3,980,4,1-3-4,1320,6,1-3,790,4
20251230,平和島,10,戸田特賞,晴,東,1,1,3,4,4303,牧 原 崇,8,57,6.73,4,0.25,1.52.9,1-3-4,3580,10,1-3,980,4,1-3-4,1320,6,1-3,790,4
20251230,平和島,10,戸田特賞,晴,東,1,1,4,6,3772,一 柳 和 孝,37,17,6.74,6,0.28,1.53.3,1-3-4,3580,10,1-3,980,4,1-3-4,1320,6,1-3,790,4
20251230,平和島,10,戸田特賞,晴,東,1,1,5,2,4880,澤 崎 雄 哉,2,12,6.74,2,0.22,,1-3-4,3580,10,1-3,980,4,1-3-4,1320,6,1-3,790,4
20251230,平和島,10,戸田特賞,晴,東,1,1,6,5,5147,田 中 勇 輔,14,11,6.73,5,0.21,,1-3-4,3580,10,1-3,980,4,1-3-4,1320,6,1-3,790,4
20251230,平和島,11,準優勝戦,晴,東,1,1,1,1,4610,佐 藤 大 佑,5,15,6.64,1,0.06,1.49.8,1-4-2,2290,7,1-4,790,3,1-2-4,580,2,1-4,650,3
20251230,平和島,11,準優勝戦,晴,東,1,1,2,4,4769,馬 場 剛,35,35,6.76,4,0.07,1.51.4,1-4-2,2290,7,1-4,790,3,1-2-4,580,2,1-4,650,3
20251230,平和島,11,準優勝戦,晴,東,1,1,3,2,3826,村 田 修 次,29,30,6.68,2,0.08,1.52.0,1-4-2,2290,7,1-4,790,3,1-2-4,580,2,1-4,650,3
20251230,平和島,11,準優勝戦,晴,東,1,1,4,5,4295,小 坂 尚 哉,25,74,6.71,5,0.11,1.52.7,1-4-2,2290,7,1-4,790,3,1-2-4,580,2,1-4,650,3
20251230,平和島,11,準優勝戦,晴,東,1,1,5,6,4380,鈴 木 峻 佑,62,22,6.72,6,0.16,,1-4-2,2290,7,1-4,790,3,1-2-4,580,2,1-4,650,3
20251230,平和島,11,準優勝戦,晴,東,1,1,6,3,4797,中 山 将,6,65,6.73,3,0.09,,1-4-2,2290,7,1-4,790,3,1-2-4,580,2,1-4,650,3
20251230,平和島,12,準優勝戦,晴,無風,0,0,1,1,4053,芦 澤 望,53,56,6.66,1,0.08,1.48.8,1-2-4,1130,3,1-2,350,1,1-2-4,480,2,1-2,210,1
20251230,平和島,12,準優勝戦,晴,無風,0,0,2,2,4851,関 浩 哉,65,68,6.68,2,0.05,1.50.1,1-2-4,1130,3,1-2,350,1,1-2-4,480,2,1-2,210,1
20251230,平和島,12,準優勝戦,晴,無風,0,0,3,4,4083,福 島 勇 樹,27,47,6.69,4,0.08,1.51.0,1-2-4,1130,3,1-2,350,1,1-2-4,480,2,1-2,210,1
20251230,平和島,12,準優勝戦,晴,無風,0,0,4,5,4366,前 沢 丈 史,22,50,6.68,5,0.09,1.52.2,1-2-4,1130,3,1-2,350,1,1-2-4,480,2,1-2,210,1
20251230,平和島,12,準優勝戦,晴,無風,0,0,5,3,5141,大 澤 風 葵,12,52,6.68,3,0.09,,1-2-4,1130,3,1-2,350,1,1-2-4,480,2,1-2,210,1
20251230,平和島,12,準優勝戦,晴,無風,0,0,6,6,3940,飯 山 泰,19,42,6.75,6,0.14,,1-2-4,1130,3,1-2,350,1,1-2-4,480,2,1-2,210,1
20251230,平和島,1,一般,晴,北西,2,1,1,3,4944,田 代 達 也,52,66,6.77,3,0.13,1.50.4,3-2-4,1480,2,3-2,900,4,2-3-4,280,1,2-3,290,1
20251230,平和島,1,一般,晴,北西,2,1,2,2,4956,齊 藤 大 将,53,14,6.72,2,0.16,1.51.7,3-2-4,1480,2,3-2,900,4,2-3-4,280,1,2-3,290,1
20251230,平和島,1,一般,晴,北西,2,1,3,4,4666,日 笠 勝 弘,45,43,6.61,4,0.14,1.53.6,3-2-4,1480,2,3-2,900,4,2-3-4,280,1,2-3,290,1
20251230,平和島,1,一般,晴,北西,2,1,4,6,5433,米 本 圭 佑,43,26,6.76,6,0.15,1.54.7,3-2-4,1480,2,3-2,900,4,2-3-4,280,1,2-3,290,1
20251230,平和島,1,一般,晴,北西,2,1,5,1,5304,井 田 涼 介,19,30,6.60,1,0.22,1.56.0,3-2-4,1480,2,3-2,900,4,2-3-4,280,1,2-3,290,1
20251230,平和島,1,一般,晴,北西,2,1,6,5,5364,金 子 怜 央,37,65,6.68,5,0.15,1.57.1,3-2-4,1480,2,3-2,900,4,2-3-4,280,1,2-3,290,1
20251230,平和島,2,一般,晴,北西,1,1,1,4,4818,伏 見 俊 介,25,44,6.82,4,0.07,1.50.2,4-5-6,3160,5,4-5,1670,7,4-5-6,850,2,4-5,940,4
20251230,平和島,2,一般,晴,北西,1,1,2,5,4104,木 下 陽 介,11,19,6.79,5,0.11,1.51.0,4-5-6,3160,5,4-5,1670,7,4-5-6,850,2,4-5,940,4
20251230,平和島,2,一般,晴,北西,1,1,3,6,5005,石 田 貴 洋,38,45,6.86,6,0.18,1.52.8,4-5-6,3160,5,4-5,1670,7,4-5-6,850,2,4-5,940,4
20251230,平和島,2,一般,晴,北西,1,1,4,1,3293,宮 内 由紀英,27,56,6.73,1,0.16,1.53.0,4-5-6,3160,5,4-5,1670,7,4-5-6,850,2,4-5,940,4
20251230,平和島,2,一般,晴,北西,1,1,5,2,4906,鈴 木 雅 希,40,15,6.90,2,0.18,1.53.5,4-5-6,3160,5,4-5,1670,7,4-5-6,850,2,4-5,940,4
20251230,平和島,2,一般,晴,北西,1,1,6,3,4129,宇 野 博 之,49,18,6.86,3,0.19,1.55.8,4-5-6,3160,5,4-5,1670,7,4-5-6,850,2,4-5,940,4
20251230,平和島,3,一般,晴,北西,2,1,1,3,5234,塚 越 海 斗,26,31,6.70,3,0.09,1.49.3,3-1-6,3120,11,3-1,580,2,1-3-6,1520,6,1-3,520,2
20251230,平和島,3,一般,晴,北西,2,1,2,1,5262,鈴 木 章 司,51,62,6.72,1,0.16,1.51.7,3-1-6,3120,11,3-1,580,2,1-3-6,1520,6,1-3,520,2
20251230,平和島,3,一般,晴,北西,2,1,3,6,4036,金 田 諭,54,41,6.89,6,0.20,1.53.5,3-1-6,3120,11,3-1,580,2,1-3-6,1520,6,1-3,520,2
20251230,平和島,3,一般,晴,北西,2,1,4,4,4496,内 堀 学,21,72,6.89,4,0.14,1.54.2,3-1-6,3120,11,3-1,580,2,1-3-6,1520,6,1-3,520,2
20251230,平和島,3,一般,晴,北西,2,1,5,5,5167,小 川 竜太朗,13,74,6.73,5,0.12,1.54.5,3-1-6,3120,11,3-1,580,2,1-3-6,1520,6,1-3,520,2
20251230,平和島,3,一般,晴,北西,2,1,6,2,4439,近 藤 友 宝,39,53,6.87,2,0.14,1.56.2,3-1-6,3120,11,3-1,580,2,1-3-6,1520,6,1-3,520,2
20251230,平和島,4,一般,晴,北西,2,1,1,1,4863,三 浦 裕 貴,28,40,6.73,1,0.11,1.49.0,1-5-2,3410,13,1-5,650,1,1-2-5,860,6,1-5,480,1
20251230,平和島,4,一般,晴,北西,2,1,2,5,3505,山 田 竜 一,44,37,6.82,4,0.02,1.49.5,1-5-2,3410,13,1-5,650,1,1-2-5,860,6,1-5,480,1
20251230,平和島,4,一般,晴,北西,2,1,3,2,3699,富 永 正 人,42,73,6.77,2,0.08,1.51.7,1-5-2,3410,13,1-5,650,1,1-2-5,860,6,1-5,480,1
20251230,平和島,4,一般,晴,北西,2,1,4,6,4384,鶴 本 崇 文,17,28,6.82,5,0.05,1.53.4,1-5-2,3410,13,1-5,650,1,1-2-5,860,6,1-5,480,1
20251230,平和島,4,一般,晴,北西,2,1,5,3,3850,小 川 知 行,12,63,6.71,3,0.07,1.54.5,1-5-2,3410,13,1-5,650,1,1-2-5,860,6,1-5,480,1
20251230,平和島,4,一般,晴,北西,2,1,6,4,5315,浅 井 翼,22,25,6.85,6,0.07,1.56.2,1-5-2,3410,13,1-5,650,1,1-2-5,860,6,1-5,480,1
20251230,平和島,5,一般,晴,北西,2,1,1,4,4538,笠 置 博 之,30,60,6.82,4,0.07,1.49.0,4-6-5,5320,25,4-6,470,1,4-5-6,3130,11,4-6,470,2
20251230,平和島,5,一般,晴,北西,2,1,2,6,4488,小 山 勉,15,46,6.76,5,0.13,1.51.0,4-6-5,5320,25,4-6,470,1,4-5-6,3130,11,4-6,470,2
20251230,平和島,5,一般,晴,北西,2,1,3,5,5433,米 本 圭 佑,43,26,6.94,6,0.17,1.52.9,4-6-5,5320,25,4-6,470,1,4-5-6,3130,11,4-6,470,2
20251230,平和島,5,一般,晴,北西,2,1,4,3,4281,大 澤 大 夢,18,68,6.90,3,0.11,1.54.6,4-6-5,5320,25,4-6,470,1,4-5-6,3130,11,4-6,470,2
20251230,平和島,5,一般,晴,北西,2,1,5,1,5175,島 崎 丈一朗,23,69,6.93,1,0.18,1.55.6,4-6-5,5320,25,4-6,470,1,4-5-6,3130,11,4-6,470,2
20251230,平和島,5,一般,晴,北西,2,1,6,2,5100,栗 原 一 馬,50,71,6.76,2,0.12,1.57.7,4-6-5,5320,25,4-6,470,1,4-5-6,3130,11,4-6,470,2
20251230,平和島,6,ドラドキ目玉,晴,北西,2,1,1,6,5103,芝 田 京 介,34,39,6.98,6,0.13,1.50.5,6-2-1,69720,86,6-2,8850,19,1-2-6,1260,5,2-6,5520,13
20251230,平和島,6,ドラドキ目玉,晴,北西,2,1,2,2,4905,土 井 祥 伍,41,61,6.92,2,0.16,1.50.9,6-2-1,69720,86,6-2,8850,19,1-2-6,1260,5,2-6,5520,13
20251230,平和島,6,ドラドキ目玉,晴,北西,2,1,3,1,5095,小 原 聡 将,47,52,6.91,1,0.17,1.53.2,6-2-1,69720,86,6-2,8850,19,1-2-6,1260,5,2-6,5520,13
20251230,平和島,6,ドラドキ目玉,晴,北西,2,1,4,3,3681,山 谷 央,35,24,6.82,3,0.15,1.54.3,6-2-1,69720,86,6-2,8850,19,1-2-6,1260,5,2-6,5520,13
20251230,平和島,6,ドラドキ目玉,晴,北西,2,1,5,4,5304,井 田 涼 介,19,30,6.83,5,0.19,1.55.2,6-2-1,69720,86,6-2,8850,19,1-2-6,1260,5,2-6,5520,13
20251230,平和島,6,ドラドキ目玉,晴,北西,2,1,6,5,3889,須 藤 隆 雄,48,11,6.97,4,0.18,1.58.0,6-2-1,69720,86,6-2,8850,19,1-2-6,1260,5,2-6,5520,13
20251230,平和島,7,ドラドキ３,晴,北西,2,1,1,1,4460,後 藤 翔 之,31,21,6.80,1,0.08,1.49.0,1-3-2,590,1,1-3,240,1,1-2-3,290,1,1-3,160,1
20251230,平和島,7,ドラドキ３,晴,北西,2,1,2,3,5096,上 原 崚,14,23,6.73,3,0.06,1.50.0,1-3-2,590,1,1-3,240,1,1-2-3,290,1,1-3,160,1
20251230,平和島,7,ドラドキ３,晴,北西,2,1,3,2,3546,中 里 昌 志,24,75,6.76,2,0.11,1.53.4,1-3-2,590,1,1-3,240,1,1-2-3,290,1,1-3,160,1
20251230,平和島,7,ドラドキ３,晴,北西,2,1,4,4,5033,藤 原 孝 斗,33,16,6.85,4,0.12,1.54.1,1-3-2,590,1,1-3,240,1,1-2-3,290,1,1-3,160,1
20251230,平和島,7,ドラドキ３,晴,北西,2,1,5,5,4956,齊 藤 大 将,53,14,6.91,5,0.20,1.55.1,1-3-2,590,1,1-3,240,1,1-2-3,290,1,1-3,160,1
20251230,平和島,7,ドラドキ３,晴,北西,2,1,6,6,5364,金 子 怜 央,37,65,6.88,6,0.29,1.56.6,1-3-2,590,1,1-3,240,1,1-2-3,290,1,1-3,160,1
20251230,平和島,8,一般,晴,西,3,2,1,1,5301,岩 下 巧 斗,36,70,6.78,1,0.10,1.49.9,1-2-5,2150,8,1-2,430,1,1-2-5,880,5,1-2,290,1
20251230,平和島,8,一般,晴,西,3,2,2,2,5090,生 方 靖 亜,29,47,6.82,2,0.04,1.51.0,1-2-5,2150,8,1-2,430,1,1-2-5,880,5,1-2,290,1
20251230,平和島,8,一般,晴,西,3,2,3,5,4666,日 笠 勝 弘,45,43,6.92,5,0.01,1.51.9,1-2-5,2150,8,1-2,430,1,1-2-5,880,5,1-2,290,1
20251230,平和島,8,一般,晴,西,3,2,4,3,4750,井 上 尚 悟,16,58,6.84,3,0.08,1.54.2,1-2-5,2150,8,1-2,430,1,1-2-5,880,5,1-2,290,1
20251230,平和島,8,一般,晴,西,3,2,5,6,5315,浅 井 翼,22,25,6.76,6,0.02,1.54.9,1-2-5,2150,8,1-2,430,1,1-2-5,880,5,1-2,290,1
20251230,平和島,8,一般,晴,西,3,2,6,4,3948,大 町 利 克,46,67,6.89,4,0.08,1.58.6,1-2-5,2150,8,1-2,430,1,1-2-5,880,5,1-2,290,1
20251230,平和島,9,準優勝戦,晴,北西,2,1,1,1,4488,小 山 勉,15,46,6.78,1,0.11,1.49.7,1-4-6,1360,4,1-4,240,2,1-4-6,770,2,1-4,150,1
20251230,平和島,9,準優勝戦,晴,北西,2,1,2,4,5234,塚 越 海 斗,26,31,6.66,3,0.05,1.50.9,1-4-6,1360,4,1-4,240,2,1-4-6,770,2,1-4,150,1
20251230,平和島,9,準優勝戦,晴,北西,2,1,3,6,4863,三 浦 裕 貴,28,40,6.78,6,0.03,1.52.3,1-4-6,1360,4,1-4,240,2,1-4-6,770,2,1-4,150,1
20251230,平和島,9,準優勝戦,晴,北西,2,1,4,2,3505,山 田 竜 一,44,37,6.76,2,0.12,1.55.4,1-4-6,1360,4,1-4,240,2,1-4-6,770,2,1-4,150,1
20251230,平和島,10,準優勝戦,晴,西,2,1,1,3,4538,笠 置 博 之,30,60,6.84,3,0.15,1.55.3,3-1-5,1750,5,3-1,620,3,1-3-5,400,1,1-3,190,1
20251230,平和島,10,準優勝戦,晴,西,2,1,2,1,5005,石 田 貴 洋,38,45,6.77,1,0.18,1.58.1,3-1-5,1750,5,3-1,620,3,1-3-5,400,1,1-3,190,1
20251230,平和島,10,準優勝戦,晴,西,2,1,3,5,5095,小 原 聡 将,47,52,6.89,5,0.14,2.00.5,3-1-5,1750,5,3-1,620,3,1-3-5,400,1,1-3,190,1
20251230,平和島,10,準優勝戦,晴,西,2,1,4,4,3681,山 谷 央,35,24,6.78,4,0.24,2.04.8,3-1-5,1750,5,3-1,620,3,1-3-5,400,1,1-3,190,1
20251230,平和島,10,準優勝戦,晴,西,2,1,5,6,5175,島 崎 丈一朗,23,69,6.86,6,0.13,2.07.7,3-1-5,1750,5,3-1,620,3,1-3-5,400,1,1-3,190,1
20251230,平和島,11,準優勝戦,晴,西,1,1,1,5,4460,後 藤 翔 之,31,21,6.63,5,0.29,1.49.0,5-3-2,24610,46,5-3,3690,8,2-3-5,4040,10,3-5,1310,5
20251230,平和島,11,準優勝戦,晴,西,1,1,2,3,4496,内 堀 学,21,27,6.67,3,0.14,1.50.8,5-3-2,24610,46,5-3,3690,8,2-3-5,4040,10,3-5,1310,5
20251230,平和島,11,準優勝戦,晴,西,1,1,3,2,4104,木 下 陽 介,11,19,6.83,2,0.15,1.52.6,5-3-2,24610,46,5-3,3690,8,2-3-5,4040,10,3-5,1310,5
20251230,平和島,11,準優勝戦,晴,西,1,1,4,6,3293,宮 内 由紀英,27,56,6.76,6,0.35,1.53.8,5-3-2,24610,46,5-3,3690,8,2-3-5,4040,10,3-5,1310,5
20251230,平和島,11,準優勝戦,晴,西,1,1,5,1,4384,鶴 本 崇 文,17,28,6.71,1,0.18,1.54.4,5-3-2,24610,46,5-3,3690,8,2-3-5,4040,10,3-5,1310,5
20251230,平和島,11,準優勝戦,晴,西,1,1,6,4,3850,小 川 知 行,12,63,6.80,4,0.30,1.54.8,5-3-2,24610,46,5-3,3690,8,2-3-5,4040,10,3-5,1310,5
20251230,平和島,12,一般特賞,晴,西,3,2,1,6,5033,藤 原 孝 斗,33,16,6.78,6,0.23,1.55.4,6-1-3,38900,91,6-1,6670,22,1-3-6,1160,4,1-6,2320,8
20251230,平和島,12,一般特賞,晴,西,3,2,2,1,4944,田 代 達 也,52,66,6.84,1,0.15,1.59.0,6-1-3,38900,91,6-1,6670,22,1-3-6,1160,4,1-6,2320,8
20251230,平和島,12,一般特賞,晴,西,3,2,3,3,3699,富 永 正 人,42,73,6.69,3,0.13,2.00.6,6-1-3,38900,91,6-1,6670,22,1-3-6,1160,4,1-6,2320,8
20251230,平和島,12,一般特賞,晴,西,3,2,4,2,4129,宇 野 博 之,49,18,6.80,2,0.14,2.03.6,6-1-3,38900,91,6-1,6670,22,1-3-6,1160,4,1-6,2320,8
20251230,平和島,12,一般特賞,晴,西,3,2,5,5,5100,栗 原 一 馬,50,71,6.68,5,0.15,2.05.7,6-1-3,38900,91,6-1,6670,22,1-3-6,1160,4,1-6,2320,8
