date,venue_name,race_no,race_type,weather,wind_dir,wind_ms,wave_cm,rank,waku,reg_no,name,motor_no,boat_no,exhibition_time,course_enter,st_timing,race_time,won3,won3_pay,won3_pop,won2,won2_pay,won2_pop,trio,trio_pay,trio_pop,pair,pair_pay,pair_pop
20250625,大村,1,一般,曇り,西,2,1,1,1,3933,山 地 正 樹,40,23,6.89,1,0.18,1.50.8,1-4-2,2640,11,1-4,380,1,1-2-4,620,2,1-4,420,1
20250625,大村,1,一般,曇り,西,2,1,2,4,4104,木 下 陽 介,31,44,6.95,4,0.17,1.52.1,1-4-2,2640,11,1-4,380,1,1-2-4,620,2,1-4,420,1
20250625,大村,1,一般,曇り,西,2,1,3,2,3851,森 田 昭 彦,34,20,6.96,2,0.29,1.54.4,1-4-2,2640,11,1-4,380,1,1-2-4,620,2,1-4,420,1
20250625,大村,1,一般,曇り,西,2,1,4,5,3730,塩 崎 優 司,54,12,7.01,5,0.17,1.55.5,1-4-2,2640,11,1-4,380,1,1-2-4,620,2,1-4,420,1
20250625,大村,1,一般,曇り,西,2,1,5,6,4683,向井田 直 弥,25,39,6.95,6,0.11,,1-4-2,2640,11,1-4,380,1,1-2-4,620,2,1-4,420,1
20250625,大村,1,一般,曇り,西,2,1,6,3,4035,杉 江 浩 明,56,32,6.97,3,0.20,,1-4-2,2640,11,1-4,380,1,1-2-4,620,2,1-4,420,1
20250625,大村,2,一般,雨,北,4,3,1,1,3982,福 田 理,39,43,7.00,1,0.02,1.49.9,1-2-4,550,1,1-2,170,1,1-2-4,210,1,1-2,180,1
20250625,大村,2,一般,雨,北,4,3,2,2,3339,泉 具 巳,30,27,6.93,2,0.07,1.51.4,1-2-4,550,1,1-2,170,1,1-2-4,210,1,1-2,180,1
20250625,大村,2,一般,雨,北,4,3,3,4,3757,畑 和 宏,21,51,7.06,4,0.18,1.53.3,1-2-4,550,1,1-2,170,1,1-2-4,210,1,1-2,180,1
20250625,大村,2,一般,雨,北,4,3,4,3,4563,齋 藤 真 之,41,36,7.02,3,0.13,1.53.8,1-2-4,550,1,1-2,170,1,1-2-4,210,1,1-2,180,1
20250625,大村,2,一般,雨,北,4,3,5,5,4567,上 村 慎太郎,32,35,6.95,5,0.21,,1-2-4,550,1,1-2,170,1,1-2-4,210,1,1-2,180,1
20250625,大村,2,一般,雨,北,4,3,6,6,5420,吉 原 快 誓,13,16,6.95,6,0.25,,1-2-4,550,1,1-2,170,1,1-2-4,210,1,1-2,180,1
20250625,大村,3,一般,雨,北,2,1,1,3,4982,中 村 将 隆,38,45,6.82,3,0.27,1.49.0,3-2-5,4530,18,3-2,1340,5,2-3-5,1640,6,2-3,760,3
20250625,大村,3,一般,雨,北,2,1,2,2,3497,後 藤 浩,14,17,6.89,2,0.31,1.51.6,3-2-5,4530,18,3-2,1340,5,2-3-5,1640,6,2-3,760,3
20250625,大村,3,一般,雨,北,2,1,3,5,3523,寳 田 亮 治,28,25,6.90,5,0.41,1.52.8,3-2-5,4530,18,3-2,1340,5,2-3-5,1640,6,2-3,760,3
20250625,大村,3,一般,雨,北,2,1,4,4,3508,久 富 政 弘,37,28,6.93,4,0.42,1.53.7,3-2-5,4530,18,3-2,1340,5,2-3-5,1640,6,2-3,760,3
20250625,大村,3,一般,雨,北,2,1,5,1,3878,胡 本 悟 志,19,14,6.90,1,0.26,,3-2-5,4530,18,3-2,1340,5,2-3-5,1640,6,2-3,760,3
20250625,大村,3,一般,雨,北,2,1,6,6,4896,花 本 剛,16,34,6.84,6,0.45,,3-2-5,4530,18,3-2,1340,5,2-3-5,1640,6,2-3,760,3
20250625,大村,4,一般,曇り,北,2,1,1,3,3629,浅 見 昌 克,52,33,6.92,3,0.11,1.49.5,3-4-2,12390,45,3-4,6410,18,2-3-4,850,5,3-4,2660,9
20250625,大村,4,一般,曇り,北,2,1,2,4,5206,梅 原 祥 平,12,21,6.85,5,0.12,1.50.7,3-4-2,12390,45,3-4,6410,18,2-3-4,850,5,3-4,2660,9
20250625,大村,4,一般,曇り,北,2,1,3,2,4063,市 橋 卓 士,24,46,6.84,2,0.18,1.52.3,3-4-2,12390,45,3-4,6410,18,2-3-4,850,5,3-4,2660,9
20250625,大村,4,一般,曇り,北,2,1,4,1,3859,多羅尾 達 之,45,38,6.89,1,0.14,1.53.3,3-4-2,12390,45,3-4,6410,18,2-3-4,850,5,3-4,2660,9
20250625,大村,4,一般,曇り,北,2,1,5,6,3349,吉 田 一 郎,20,22,6.88,4,0.28,,3-4-2,12390,45,3-4,6410,18,2-3-4,850,5,3-4,2660,9
20250625,大村,4,一般,曇り,北,2,1,6,5,4393,田 中 孝 明,51,19,6.93,6,0.15,,3-4-2,12390,45,3-4,6410,18,2-3-4,850,5,3-4,2660,9
20250625,大村,5,一般,曇り,北西,1,1,1,1,4395,下 河 雅 史,46,54,6.91,1,0.13,1.48.6,1-2-5,650,2,1-2,320,1,1-2-5,350,2,1-2,210,1
20250625,大村,5,一般,曇り,北西,1,1,2,2,3939,渡 辺 真 至,17,56,6.90,2,0.16,1.50.4,1-2-5,650,2,1-2,320,1,1-2-5,350,2,1-2,210,1
20250625,大村,5,一般,曇り,北西,1,1,3,5,3872,岡 田 憲 行,47,31,6.90,5,0.23,1.52.4,1-2-5,650,2,1-2,320,1,1-2-5,350,2,1-2,210,1
20250625,大村,5,一般,曇り,北西,1,1,4,3,3892,草 場 康 幸,55,11,6.93,3,0.15,1.53.4,1-2-5,650,2,1-2,320,1,1-2-5,350,2,1-2,210,1
20250625,大村,5,一般,曇り,北西,1,1,5,4,3851,森 田 昭 彦,34,20,6.93,4,0.28,,1-2-5,650,2,1-2,320,1,1-2-5,350,2,1-2,210,1
20250625,大村,5,一般,曇り,北西,1,1,6,6,5369,岡 崎 凪 汰,48,40,6.85,6,0.27,,1-2-5,650,2,1-2,320,1,1-2-5,350,2,1-2,210,1
20250625,大村,6,一般,曇り,北西,1,1,1,5,3876,中 辻 崇 人,49,26,6.87,5,0.08,1.49.3,5-6-1,3240,13,5-6,1400,5,1-5-6,590,3,5-6,1570,5
20250625,大村,6,一般,曇り,北西,1,1,2,6,3982,福 田 理,39,43,6.97,6,0.12,1.50.5,5-6-1,3240,13,5-6,1400,5,1-5-6,590,3,5-6,1570,5
20250625,大村,6,一般,曇り,北西,1,1,3,1,3257,田 頭 実,27,52,6.92,1,0.25,1.52.8,5-6-1,3240,13,5-6,1400,5,1-5-6,590,3,5-6,1570,5
20250625,大村,6,一般,曇り,北西,1,1,4,3,4567,上 村 慎太郎,32,35,6.93,3,0.22,1.54.4,5-6-1,3240,13,5-6,1400,5,1-5-6,590,3,5-6,1570,5
20250625,大村,6,一般,曇り,北西,1,1,5,2,3730,塩 崎 優 司,54,12,7.04,2,0.26,,5-6-1,3240,13,5-6,1400,5,1-5-6,590,3,5-6,1570,5
20250625,大村,6,一般,曇り,北西,1,1,6,4,3933,山 地 正 樹,40,23,6.92,4,0.14,,5-6-1,3240,13,5-6,1400,5,1-5-6,590,3,5-6,1570,5
20250625,大村,7,一般 進入固定,雨,北西,1,1,1,3,4036,金 田 諭,29,55,6.95,3,0.21,1.50.3,3-1-4,2360,9,3-1,480,2,1-3-4,430,3,1-3,130,1
20250625,大村,7,一般 進入固定,雨,北西,1,1,2,1,4241,大 串 重 幸,22,15,6.93,1,0.16,1.51.0,3-1-4,2360,9,3-1,480,2,1-3-4,430,3,1-3,130,1
20250625,大村,7,一般 進入固定,雨,北西,1,1,3,4,4035,杉 江 浩 明,56,32,6.98,4,0.27,1.52.4,3-1-4,2360,9,3-1,480,2,1-3-4,430,3,1-3,130,1
20250625,大村,7,一般 進入固定,雨,北西,1,1,4,6,4565,西 村 豪 洋,44,30,6.89,6,0.26,1.53.2,3-1-4,2360,9,3-1,480,2,1-3-4,430,3,1-3,130,1
20250625,大村,7,一般 進入固定,雨,北西,1,1,5,5,4563,齋 藤 真 之,41,36,6.93,5,0.22,,3-1-4,2360,9,3-1,480,2,1-3-4,430,3,1-3,130,1
20250625,大村,7,一般 進入固定,雨,北西,1,1,6,2,3508,久 富 政 弘,37,28,7.00,2,0.24,,3-1-4,2360,9,3-1,480,2,1-3-4,430,3,1-3,130,1
20250625,大村,8,一般,曇り,北,2,1,1,1,3412,鈴 木 博,18,49,6.92,1,0.14,1.49.4,1-3-6,2110,10,1-3,310,2,1-3-6,1240,7,1-3,340,2
20250625,大村,8,一般,曇り,北,2,1,2,3,4104,木 下 陽 介,31,44,6.95,3,0.14,1.51.0,1-3-6,2110,10,1-3,310,2,1-3-6,1240,7,1-3,340,2
20250625,大村,8,一般,曇り,北,2,1,3,6,3463,乙 津 康 志,23,47,6.92,6,0.25,1.52.5,1-3-6,2110,10,1-3,310,2,1-3-6,1240,7,1-3,340,2
20250625,大村,8,一般,曇り,北,2,1,4,5,3757,畑 和 宏,21,51,6.99,5,0.16,1.52.8,1-3-6,2110,10,1-3,310,2,1-3-6,1240,7,1-3,340,2
20250625,大村,8,一般,曇り,北,2,1,5,4,3859,多羅尾 達 之,45,38,6.98,4,0.18,,1-3-6,2110,10,1-3,310,2,1-3-6,1240,7,1-3,340,2
20250625,大村,8,一般,曇り,北,2,1,6,2,3523,寳 田 亮 治,28,25,6.94,2,0.24,,1-3-6,2110,10,1-3,310,2,1-3-6,1240,7,1-3,340,2
20250625,大村,9,一般特選,曇り,北東,2,1,1,1,3349,吉 田 一 郎,20,22,6.91,1,0.04,1.49.4,1-3-2,760,3,1-3,270,1,1-2-3,230,1,1-3,300,2
20250625,大村,9,一般特選,曇り,北東,2,1,2,3,3939,渡 辺 真 至,17,56,6.93,3,0.08,1.50.6,1-3-2,760,3,1-3,270,1,1-2-3,230,1,1-3,300,2
20250625,大村,9,一般特選,曇り,北東,2,1,3,2,4053,芦 澤 望,43,13,6.95,2,0.09,1.52.1,1-3-2,760,3,1-3,270,1,1-2-3,230,1,1-3,300,2
20250625,大村,9,一般特選,曇り,北東,2,1,4,4,4395,下 河 雅 史,46,54,6.95,4,0.18,1.52.7,1-3-2,760,3,1-3,270,1,1-2-3,230,1,1-3,300,2
20250625,大村,9,一般特選,曇り,北東,2,1,5,6,4059,入 澤 友 治,15,29,6.94,6,0.21,,1-3-2,760,3,1-3,270,1,1-2-3,230,1,1-3,300,2
20250625,大村,9,一般特選,曇り,北東,2,1,6,5,4093,吉 田 宗 弘,50,37,6.92,5,0.16,,1-3-2,760,3,1-3,270,1,1-2-3,230,1,1-3,300,2
20250625,大村,10,特別選抜戦,雨,北,2,1,1,4,3872,岡 田 憲 行,47,31,6.90,5,0.14,1.49.1,4-1-6,42300,88,4-1,7320,20,1-4-6,4570,16,1-4,800,4
20250625,大村,10,特別選抜戦,雨,北,2,1,2,1,4063,市 橋 卓 士,24,46,6.91,1,0.08,1.50.7,4-1-6,42300,88,4-1,7320,20,1-4-6,4570,16,1-4,800,4
20250625,大村,10,特別選抜戦,雨,北,2,1,3,6,4982,中 村 将 隆,38,45,6.87,6,0.14,1.51.8,4-1-6,42300,88,4-1,7320,20,1-4-6,4570,16,1-4,800,4
20250625,大村,10,特別選抜戦,雨,北,2,1,4,5,3257,田 頭 実,27,52,6.94,2,0.06,1.52.7,4-1-6,42300,88,4-1,7320,20,1-4-6,4570,16,1-4,800,4
20250625,大村,10,特別選抜戦,雨,北,2,1,5,2,3629,浅 見 昌 克,52,33,6.97,3,0.11,,4-1-6,42300,88,4-1,7320,20,1-4-6,4570,16,1-4,800,4
20250625,大村,10,特別選抜戦,雨,北,2,1,6,3,3876,中 辻 崇 人,49,26,6.84,4,0.11,,4-1-6,42300,88,4-1,7320,20,1-4-6,4570,16,1-4,800,4
20250625,大村,11,特別選抜戦,雨,東,4,3,1,5,4036,金 田 諭,29,55,6.90,5,0.23,1.49.1,5-1-3,8650,26,5-1,3390,11,1-3-5,410,2,1-5,690,3
20250625,大村,11,特別選抜戦,雨,東,4,3,2,1,5206,梅 原 祥 平,12,21,6.88,1,0.10,1.50.2,5-1-3,8650,26,5-1,3390,11,1-3-5,410,2,1-5,690,3
20250625,大村,11,特別選抜戦,雨,東,4,3,3,3,3412,鈴 木 博,18,49,6.96,3,0.17,1.52.2,5-1-3,8650,26,5-1,3390,11,1-3-5,410,2,1-5,690,3
20250625,大村,11,特別選抜戦,雨,東,4,3,4,4,3892,草 場 康 幸,55,11,6.91,4,0.22,1.54.1,5-1-3,8650,26,5-1,3390,11,1-3-5,410,2,1-5,690,3
20250625,大村,11,特別選抜戦,雨,東,4,3,5,2,4241,大 串 重 幸,22,15,6.93,2,0.24,,5-1-3,8650,26,5-1,3390,11,1-3-5,410,2,1-5,690,3
20250625,大村,11,特別選抜戦,雨,東,4,3,6,6,3497,後 藤 浩,14,17,6.92,6,0.24,,5-1-3,8650,26,5-1,3390,11,1-3-5,410,2,1-5,690,3
20250625,唐津,12,優勝戦,雨,北,3,2,1,6,3874,山 本 寛 久,53,24,6.84,6,0.09,1.47.6,6-1-4,72950,90,6-1,14030,25,1-4-6,1350,8,1-6,2480,7
20250625,唐津,12,優勝戦,雨,北,3,2,2,1,3737,上 平 真 二,11,48,6.84,1,0.09,1.49.1,6-1-4,72950,90,6-1,14030,25,1-4-6,1350,8,1-6,2480,7
20250625,唐津,12,優勝戦,雨,北,3,2,3,4,4570,前 田 聖 文,35,18,6.90,4,0.20,1.51.4,6-1-4,72950,90,6-1,14030,25,1-4-6,1350,8,1-6,2480,7
20250625,唐津,12,優勝戦,雨,北,3,2,4,2,4571,菅 章 哉,26,50,6.79,2,0.17,1.52.9,6-1-4,72950,90,6-1,14030,25,1-4-6,1350,8,1-6,2480,7
20250625,唐津,12,優勝戦,雨,北,3,2,5,5,4653,小 野 達 哉,33,53,6.86,5,0.16,,6-1-4,72950,90,6-1,14030,25,1-4-6,1350,8,1-6,2480,7
20250625,唐津,12,優勝戦,雨,北,3,2,6,3,4451,松 崎 祐太郎,36,41,6.92,3,0.14,,6-1-4,72950,90,6-1,14030,25,1-4-6,1350,8,1-6,2480,7
20250625,唐津,1,朝１戦,雨,南,4,4,1,1,3543,福 田 雅 一,12,24,6.78,1,0.17,1.50.9,1-4-2,910,4,1-4,410,3,1-2-4,480,2,1-4,370,2
20250625,唐津,1,朝１戦,雨,南,4,4,2,4,3977,山 本 兼 士,57,2,6.85,4,0.16,1.52.4,1-4-2,910,4,1-4,410,3,1-2-4,480,2,1-4,370,2
20250625,唐津,1,朝１戦,雨,南,4,4,3,2,4248,岡 本 大,34,25,6.81,2,0.19,1.54.3,1-4-2,910,4,1-4,410,3,1-2-4,480,2,1-4,370,2
20250625,唐津,1,朝１戦,雨,南,4,4,4,5,5338,香 月 大 輝,13,46,6.81,6,0.21,1.55.2,1-4-2,910,4,1-4,410,3,1-2-4,480,2,1-4,370,2
20250625,唐津,1,朝１戦,雨,南,4,4,5,3,3617,竹 田 広 樹,26,8,6.78,3,0.17,1.55.9,1-4-2,910,4,1-4,410,3,1-2-4,480,2,1-4,370,2
20250625,唐津,1,朝１戦,雨,南,4,4,6,6,2538,高 橋 二 朗,41,60,6.81,5,0.27,1.56.1,1-4-2,910,4,1-4,410,3,1-2-4,480,2,1-4,370,2
20250625,唐津,2,モー２ング戦,雨,北,1,1,1,1,4069,山 本 修 一,70,26,6.78,1,0.07,1.50.2,1-4-6,2760,9,1-4,490,3,1-4-6,1390,6,1-4,530,3
20250625,唐津,2,モー２ング戦,雨,北,1,1,2,4,3718,伊 達 正 利,46,48,6.83,4,0.11,1.51.9,1-4-6,2760,9,1-4,490,3,1-4-6,1390,6,1-4,530,3
20250625,唐津,2,モー２ング戦,雨,北,1,1,3,6,4782,浜 崎 準 也,19,42,6.81,5,0.11,1.53.2,1-4-6,2760,9,1-4,490,3,1-4-6,1390,6,1-4,530,3
20250625,唐津,2,モー２ング戦,雨,北,1,1,4,3,5067,山 田 真 聖,60,22,6.83,3,0.09,1.53.8,1-4-6,2760,9,1-4,490,3,1-4-6,1390,6,1-4,530,3
20250625,唐津,2,モー２ング戦,雨,北,1,1,5,2,4375,照 屋 厚 仁,33,44,6.84,2,0.12,1.55.4,1-4-6,2760,9,1-4,490,3,1-4-6,1390,6,1-4,530,3
20250625,唐津,2,モー２ング戦,雨,北,1,1,6,5,5312,川 辺 郭 人,15,29,6.87,6,0.11,1.56.4,1-4-6,2760,9,1-4,490,3,1-4-6,1390,6,1-4,530,3
20250625,唐津,3,３ライズ戦,雨,北,1,1,1,1,4151,下 河 誉 史,51,36,6.74,1,0.15,1.51.4,1-4-3,1110,5,1-4,530,3,1-3-4,240,2,1-4,450,3
20250625,唐津,3,３ライズ戦,雨,北,1,1,2,4,4902,山 川 雄 大,29,17,6.79,4,0.17,1.52.4,1-4-3,1110,5,1-4,530,3,1-3-4,240,2,1-4,450,3
20250625,唐津,3,３ライズ戦,雨,北,1,1,3,3,4050,田 口 節 子,48,53,6.87,3,0.21,1.53.7,1-4-3,1110,5,1-4,530,3,1-3-4,240,2,1-4,450,3
20250625,唐津,3,３ライズ戦,雨,北,1,1,4,6,4724,吉 田 祐 貴,58,45,6.82,5,0.22,1.54.0,1-4-3,1110,5,1-4,530,3,1-3-4,240,2,1-4,450,3
20250625,唐津,3,３ライズ戦,雨,北,1,1,5,2,4274,長 畑 友 輔,25,43,6.84,2,0.17,1.57.1,1-4-3,1110,5,1-4,530,3,1-3-4,240,2,1-4,450,3
20250625,唐津,3,３ライズ戦,雨,北,1,1,6,5,5413,宮 城 那 菜,31,52,6.80,6,0.15,1.59.9,1-4-3,1110,5,1-4,530,3,1-3-4,240,2,1-4,450,3
20250625,唐津,4,おは４戦,雨,北,1,1,1,4,4974,安 井 瑞 紀,42,58,6.87,4,0.09,1.48.9,4-5-3,31170,65,4-5,1320,6,3-4-5,6440,15,4-5,730,4
20250625,唐津,4,おは４戦,雨,北,1,1,2,5,4522,古 澤 光 紀,49,9,6.86,5,0.12,1.51.6,4-5-3,31170,65,4-5,1320,6,3-4-5,6440,15,4-5,730,4
20250625,唐津,4,おは４戦,雨,北,1,1,3,3,4479,矢 野 真梨菜,28,55,6.84,3,0.17,1.53.1,4-5-3,31170,65,4-5,1320,6,3-4-5,6440,15,4-5,730,4
20250625,唐津,4,おは４戦,雨,北,1,1,4,2,5086,本 村 大,11,3,6.76,2,0.14,1.53.4,4-5-3,31170,65,4-5,1320,6,3-4-5,6440,15,4-5,730,4
20250625,唐津,4,おは４戦,雨,北,1,1,5,1,3161,古 場 輝 義,67,34,6.83,1,0.16,1.54.7,4-5-3,31170,65,4-5,1320,6,3-4-5,6440,15,4-5,730,4
20250625,唐津,4,おは４戦,雨,北,1,1,6,6,4134,杉 山 貴 博,17,11,6.88,6,0.13,1.57.9,4-5-3,31170,65,4-5,1320,6,3-4-5,6440,15,4-5,730,4
20250625,唐津,5,レッツ５戦,雨,西,1,1,1,1,3837,秋 山 広 一,47,23,6.79,1,0.06,1.49.6,1-2-5,570,1,1-2,270,1,1-2-5,340,1,1-2,290,1
20250625,唐津,5,レッツ５戦,雨,西,1,1,2,2,3627,井 上 恵 一,61,1,6.72,2,0.12,1.51.1,1-2-5,570,1,1-2,270,1,1-2-5,340,1,1-2,290,1
20250625,唐津,5,レッツ５戦,雨,西,1,1,3,5,4033,伊 藤 将 吉,18,7,6.79,5,0.06,1.53.2,1-2-5,570,1,1-2,270,1,1-2-5,340,1,1-2,290,1
20250625,唐津,5,レッツ５戦,雨,西,1,1,4,3,3977,山 本 兼 士,57,2,6.86,3,0.13,1.54.2,1-2-5,570,1,1-2,270,1,1-2-5,340,1,1-2,290,1
20250625,唐津,5,レッツ５戦,雨,西,1,1,5,4,3656,伯 母 芳 恒,50,20,6.86,4,0.05,1.55.5,1-2-5,570,1,1-2,270,1,1-2-5,340,1,1-2,290,1
20250625,唐津,5,レッツ５戦,雨,西,1,1,6,6,4220,深 川 和 仁,40,30,6.81,6,0.07,1.56.0,1-2-5,570,1,1-2,270,1,1-2-5,340,1,1-2,290,1
20250625,唐津,6,一般,雨,南,2,2,1,4,3617,竹 田 広 樹,26,8,6.77,4,0.02,1.51.0,4-1-6,1920,6,4-1,600,3,1-4-6,680,2,1-4,250,1
20250625,唐津,6,一般,雨,南,2,2,2,1,4672,守 屋 大 地,62,50,6.82,1,0.24,1.52.2,4-1-6,1920,6,4-1,600,3,1-4-6,680,2,1-4,250,1
20250625,唐津,6,一般,雨,南,2,2,3,6,3600,玄 馬 徹,24,18,6.80,6,0.19,1.53.8,4-1-6,1920,6,4-1,600,3,1-4-6,680,2,1-4,250,1
20250625,唐津,6,一般,雨,南,2,2,4,5,3714,梶 原 正,53,39,6.87,5,0.08,1.56.0,4-1-6,1920,6,4-1,600,3,1-4-6,680,2,1-4,250,1
20250625,唐津,6,一般,雨,南,2,2,5,3,5312,川 辺 郭 人,15,29,6.85,3,0.17,1.57.3,4-1-6,1920,6,4-1,600,3,1-4-6,680,2,1-4,250,1
20250625,唐津,6,一般,雨,南,2,2,6,2,3704,本 部 めぐみ,68,13,6.82,2,0.17,1.59.3,4-1-6,1920,6,4-1,600,3,1-4-6,680,2,1-4,250,1
20250625,唐津,7,一般,雨,南,2,2,1,1,3811,石 田 章 央,39,56,6.75,1,0.19,1.50.0,1-5-3,1010,3,1-5,420,3,1-3-5,400,3,1-5,360,2
20250625,唐津,7,一般,雨,南,2,2,2,5,4804,高 田 ひかる,23,59,6.77,4,0.11,1.51.0,1-5-3,1010,3,1-5,420,3,1-3-5,400,3,1-5,360,2
20250625,唐津,7,一般,雨,南,2,2,3,3,4274,長 畑 友 輔,25,43,6.76,6,0.07,1.54.1,1-5-3,1010,3,1-5,420,3,1-3-5,400,3,1-5,360,2
20250625,唐津,7,一般,雨,南,2,2,4,4,4248,岡 本 大,34,25,6.84,3,0.16,1.56.3,1-5-3,1010,3,1-5,420,3,1-3-5,400,3,1-5,360,2
20250625,唐津,7,一般,雨,南,2,2,5,6,4234,野 相 弘 司,43,12,6.84,5,0.08,1.56.9,1-5-3,1010,3,1-5,420,3,1-3-5,400,3,1-5,360,2
20250625,唐津,7,一般,雨,南,2,2,6,2,5067,山 田 真 聖,60,22,6.83,2,0.17,1.59.0,1-5-3,1010,3,1-5,420,3,1-3-5,400,3,1-5,360,2
20250625,唐津,8,８っぴータイ,曇り,南,2,2,1,1,4974,安 井 瑞 紀,42,58,6.81,1,0.21,1.49.9,1-3-5,1070,4,1-3,570,3,1-3-5,400,2,1-3,500,3
20250625,唐津,8,８っぴータイ,曇り,南,2,2,2,3,3718,伊 達 正 利,46,48,6.88,3,0.24,1.52.3,1-3-5,1070,4,1-3,570,3,1-3-5,400,2,1-3,500,3
20250625,唐津,8,８っぴータイ,曇り,南,2,2,3,5,4151,下 河 誉 史,51,36,6.79,4,0.21,1.54.0,1-3-5,1070,4,1-3,570,3,1-3-5,400,2,1-3,500,3
20250625,唐津,8,８っぴータイ,曇り,南,2,2,4,2,4902,山 川 雄 大,29,17,6.76,2,0.22,1.54.9,1-3-5,1070,4,1-3,570,3,1-3-5,400,2,1-3,500,3
20250625,唐津,8,８っぴータイ,曇り,南,2,2,5,4,5338,香 月 大 輝,13,46,6.81,5,0.16,1.55.1,1-3-5,1070,4,1-3,570,3,1-3-5,400,2,1-3,500,3
20250625,唐津,8,８っぴータイ,曇り,南,2,2,6,6,5397,寺 田 夢 生,32,6,6.80,6,0.16,1.57.4,1-3-5,1070,4,1-3,570,3,1-3-5,400,2,1-3,500,3
20250625,唐津,9,一般特選,曇り,南,2,2,1,3,4134,杉 山 貴 博,17,11,6.79,3,0.20,1.50.5,3-4-5,3920,16,3-4,3090,9,3-4-5,940,5,3-4,1710,4
20250625,唐津,9,一般特選,曇り,南,2,2,2,4,4479,矢 野 真梨菜,28,55,6.79,4,0.25,1.52.2,3-4-5,3920,16,3-4,3090,9,3-4-5,940,5,3-4,1710,4
20250625,唐津,9,一般特選,曇り,南,2,2,3,5,4069,山 本 修 一,70,26,6.83,5,0.24,1.52.7,3-4-5,3920,16,3-4,3090,9,3-4-5,940,5,3-4,1710,4
20250625,唐津,9,一般特選,曇り,南,2,2,4,1,3656,伯 母 芳 恒,50,20,6.81,1,0.27,1.54.5,3-4-5,3920,16,3-4,3090,9,3-4-5,940,5,3-4,1710,4
20250625,唐津,9,一般特選,曇り,南,2,2,5,2,2538,高 橋 二 朗,41,60,6.82,2,0.22,1.55.9,3-4-5,3920,16,3-4,3090,9,3-4-5,940,5,3-4,1710,4
20250625,唐津,9,一般特選,曇り,南,2,2,6,6,5413,宮 城 那 菜,31,52,6.76,6,0.27,1.57.4,3-4-5,3920,16,3-4,3090,9,3-4-5,940,5,3-4,1710,4
20250625,唐津,10,選抜戦,雨,南,2,2,1,2,3837,秋 山 広 一,47,23,6.79,2,0.15,1.50.0,2-3-4,23910,32,2-3,4400,9,2-3-4,6340,10,2-3,1670,5
20250625,唐津,10,選抜戦,雨,南,2,2,2,3,4522,古 澤 光 紀,49,9,6.80,3,0.14,1.51.4,2-3-4,23910,32,2-3,4400,9,2-3-4,6340,10,2-3,1670,5
20250625,唐津,10,選抜戦,雨,南,2,2,3,4,3161,古 場 輝 義,67,34,6.84,4,0.20,1.53.4,2-3-4,23910,32,2-3,4400,9,2-3-4,6340,10,2-3,1670,5
20250625,唐津,10,選抜戦,雨,南,2,2,4,5,3543,福 田 雅 一,12,24,6.79,5,0.23,1.53.8,2-3-4,23910,32,2-3,4400,9,2-3-4,6340,10,2-3,1670,5
20250625,唐津,10,選抜戦,雨,南,2,2,5,1,4033,伊 藤 将 吉,18,7,6.72,1,0.26,1.55.6,2-3-4,23910,32,2-3,4400,9,2-3-4,6340,10,2-3,1670,5
20250625,唐津,10,選抜戦,雨,南,2,2,6,6,4672,守 屋 大 地,62,50,6.84,6,0.21,1.56.2,2-3-4,23910,32,2-3,4400,9,2-3-4,6340,10,2-3,1670,5
20250625,唐津,11,選抜戦,曇り,西,2,2,1,1,4804,高 田 ひかる,23,59,6.72,1,0.17,1.49.6,1-2-3,730,1,1-2,350,1,1-2-3,330,1,1-2,200,1
20250625,唐津,11,選抜戦,曇り,西,2,2,2,2,3811,石 田 章 央,39,56,6.79,2,0.16,1.51.2,1-2-3,730,1,1-2,350,1,1-2-3,330,1,1-2,200,1
20250625,唐津,11,選抜戦,曇り,西,2,2,3,3,3627,井 上 恵 一,61,1,6.69,3,0.18,1.52.6,1-2-3,730,1,1-2,350,1,1-2-3,330,1,1-2,200,1
20250625,唐津,11,選抜戦,曇り,西,2,2,4,5,5086,本 村 大,11,3,6.77,5,0.22,1.53.9,1-2-3,730,1,1-2,350,1,1-2-3,330,1,1-2,200,1
20250625,唐津,11,選抜戦,曇り,西,2,2,5,6,4050,田 口 節 子,48,53,6.84,6,0.24,1.54.5,1-2-3,730,1,1-2,350,1,1-2-3,330,1,1-2,200,1
20250625,唐津,11,選抜戦,曇り,西,2,2,6,4,4375,照 屋 厚 仁,33,44,6.80,4,0.17,1.56.5,1-2-3,730,1,1-2,350,1,1-2-3,330,1,1-2,200,1
20250625,下関,12,優勝戦,曇り,西,2,2,1,2,4715,村 上 遼,56,57,6.78,2,0.11,1.48.7,2-1-4,3450,10,2-1,800,3,1-2-4,670,2,1-2,310,2
20250625,下関,12,優勝戦,曇り,西,2,2,2,1,4027,松 江 秀 徳,69,41,6.74,1,0.09,1.50.2,2-1-4,3450,10,2-1,800,3,1-2-4,670,2,1-2,310,2
20250625,下関,12,優勝戦,曇り,西,2,2,3,4,4468,大 池 佑 来,63,49,6.81,4,0.09,1.51.9,2-1-4,3450,10,2-1,800,3,1-2-4,670,2,1-2,310,2
20250625,下関,12,優勝戦,曇り,西,2,2,4,3,4826,井 上 一 輝,14,33,6.72,3,0.07,1.52.0,2-1-4,3450,10,2-1,800,3,1-2-4,670,2,1-2,310,2
20250625,下関,12,優勝戦,曇り,西,2,2,5,6,4324,海 野 康志郎,20,21,6.81,5,0.11,1.54.0,2-1-4,3450,10,2-1,800,3,1-2-4,670,2,1-2,310,2
20250625,下関,12,優勝戦,曇り,西,2,2,6,5,4515,藤 田 浩 人,55,14,6.76,6,0.16,1.55.7,2-1-4,3450,10,2-1,800,3,1-2-4,670,2,1-2,310,2
20250625,下関,1,予選,曇り,西,6,6,1,5,4714,喜多須 杏 奈,46,44,6.77,5,0.19,1.50.7,5-3-2,37040,78,5-3,10630,23,2-3-5,1580,7,3-5,2070,9
20250625,下関,1,予選,曇り,西,6,6,2,3,3284,渡 邊 伸太郎,52,37,6.79,3,0.22,1.51.9,5-3-2,37040,78,5-3,10630,23,2-3-5,1580,7,3-5,2070,9
20250625,下関,1,予選,曇り,西,6,6,3,2,5276,大 島 隆乃介,13,62,6.73,2,0.26,1.53.4,5-3-2,37040,78,5-3,10630,23,2-3-5,1580,7,3-5,2070,9
20250625,下関,1,予選,曇り,西,6,6,4,1,3868,尾 形 栄 治,23,72,6.75,1,0.23,1.54.3,5-3-2,37040,78,5-3,10630,23,2-3-5,1580,7,3-5,2070,9
20250625,下関,1,予選,曇り,西,6,6,5,6,4171,榎 幸 司,42,38,6.78,6,0.24,,5-3-2,37040,78,5-3,10630,23,2-3-5,1580,7,3-5,2070,9
20250625,下関,1,予選,曇り,西,6,6,6,4,5310,土 屋 蘭,25,29,6.76,4,0.25,,5-3-2,37040,78,5-3,10630,23,2-3-5,1580,7,3-5,2070,9
20250625,下関,2,予選,曇り,西,5,5,1,2,3581,加 木 郁,29,41,6.73,2,0.14,1.51.0,2-1-6,5220,19,2-1,1330,3,1-2-6,840,3,1-2,490,2
20250625,下関,2,予選,曇り,西,5,5,2,1,3569,増 田 進,53,19,6.65,1,0.21,1.52.0,2-1-6,5220,19,2-1,1330,3,1-2-6,840,3,1-2,490,2
20250625,下関,2,予選,曇り,西,5,5,3,6,4410,井 上 大 輔,62,28,6.68,6,0.16,1.53.4,2-1-6,5220,19,2-1,1330,3,1-2-6,840,3,1-2,490,2
20250625,下関,2,予選,曇り,西,5,5,4,3,4731,間 野 兼 礼,73,15,6.72,3,0.11,1.54.4,2-1-6,5220,19,2-1,1330,3,1-2-6,840,3,1-2,490,2
20250625,下関,2,予選,曇り,西,5,5,5,5,3990,芹 澤 克 彦,35,39,6.74,5,0.11,,2-1-6,5220,19,2-1,1330,3,1-2-6,840,3,1-2,490,2
20250625,下関,2,予選,曇り,西,5,5,6,4,5326,三 嶌 さらら,64,22,6.69,4,0.15,,2-1-6,5220,19,2-1,1330,3,1-2-6,840,3,1-2,490,2
20250625,下関,3,予選,雨,西,4,4,1,2,4823,中 村 桃 佳,12,23,6.68,2,0.20,1.50.8,2-4-1,3090,8,2-4,1090,4,1-2-4,610,2,2-4,1140,7
20250625,下関,3,予選,雨,西,4,4,2,4,3655,本 橋 克 洋,63,53,6.76,4,0.17,1.53.3,2-4-1,3090,8,2-4,1090,4,1-2-4,610,2,2-4,1140,7
20250625,下関,3,予選,雨,西,4,4,3,1,3802,森 岡 ま き,41,12,6.72,1,0.24,1.53.4,2-4-1,3090,8,2-4,1090,4,1-2-4,610,2,2-4,1140,7
20250625,下関,3,予選,雨,西,4,4,4,3,4747,山 戸 信 二,24,45,6.68,3,0.16,1.54.3,2-4-1,3090,8,2-4,1090,4,1-2-4,610,2,2-4,1140,7
20250625,下関,3,予選,雨,西,4,4,5,5,3616,中 村 真,47,30,6.70,5,0.12,,2-4-1,3090,8,2-4,1090,4,1-2-4,610,2,2-4,1140,7
20250625,下関,3,予選,雨,西,4,4,6,6,3880,浅 見 宗 孝,22,42,6.72,6,0.12,,2-4-1,3090,8,2-4,1090,4,1-2-4,610,2,2-4,1140,7
20250625,下関,4,予選,雨,西,3,3,1,3,3744,徳 増 秀 樹,66,40,6.78,4,0.07,1.50.4,3-5-6,13210,33,3-5,4850,14,3-5-6,3770,11,3-5,2000,7
20250625,下関,4,予選,雨,西,3,3,2,5,5155,内 山 七 海,60,73,6.80,5,0.16,1.51.2,3-5-6,13210,33,3-5,4850,14,3-5-6,3770,11,3-5,2000,7
20250625,下関,4,予選,雨,西,3,3,3,6,3929,杢 野 誓 良,65,14,6.71,6,0.16,1.53.7,3-5-6,13210,33,3-5,4850,14,3-5-6,3770,11,3-5,2000,7
20250625,下関,4,予選,雨,西,3,3,4,2,4457,神 田 達 也,18,13,6.78,3,0.15,1.54.8,3-5-6,13210,33,3-5,4850,14,3-5-6,3770,11,3-5,2000,7
20250625,下関,4,予選,雨,西,3,3,5,4,4475,末 永 祐 輝,67,33,6.77,2,0.23,,3-5-6,13210,33,3-5,4850,14,3-5-6,3770,11,3-5,2000,7
20250625,下関,4,予選,雨,西,3,3,6,1,4506,稗 田 聖 也,55,70,6.71,1,0.14,,3-5-6,13210,33,3-5,4850,14,3-5-6,3770,11,3-5,2000,7
20250625,下関,5,シーモ戦,雨,南東,1,1,1,1,4228,吉 田 慎二郎,30,58,6.77,1,0.15,1.49.7,1-6-5,1030,3,1-6,420,2,1-5-6,280,1,1-6,400,3
20250625,下関,5,シーモ戦,雨,南東,1,1,2,6,4428,有 賀 達 也,14,31,6.74,5,0.09,1.50.4,1-6-5,1030,3,1-6,420,2,1-5-6,280,1,1-6,400,3
20250625,下関,5,シーモ戦,雨,南東,1,1,3,5,4233,亀 山 雅 幸,37,55,6.76,4,0.16,1.52.6,1-6-5,1030,3,1-6,420,2,1-5-6,280,1,1-6,400,3
20250625,下関,5,シーモ戦,雨,南東,1,1,4,2,4878,西 岡 育 未,16,51,6.79,2,0.18,1.53.7,1-6-5,1030,3,1-6,420,2,1-5-6,280,1,1-6,400,3
20250625,下関,5,シーモ戦,雨,南東,1,1,5,3,5308,藤 森 拓 海,48,56,6.82,3,0.16,,1-6-5,1030,3,1-6,420,2,1-5-6,280,1,1-6,400,3
20250625,下関,5,シーモ戦,雨,南東,1,1,6,4,5370,日 隈 茜,40,26,6.74,6,0.10,,1-6-5,1030,3,1-6,420,2,1-5-6,280,1,1-6,400,3
20250625,下関,6,予選,雨,南,2,2,1,1,4714,喜多須 杏 奈,46,44,6.77,1,0.11,1.49.6,1-4-3,3640,17,1-4,380,1,1-3-4,1440,7,1-4,320,1
20250625,下関,6,予選,雨,南,2,2,2,4,4064,原 田 篤 志,68,47,6.84,4,0.13,1.50.5,1-4-3,3640,17,1-4,380,1,1-3-4,1440,7,1-4,320,1
20250625,下関,6,予選,雨,南,2,2,3,3,3808,秋 田 健太郎,50,64,6.82,3,0.05,1.52.2,1-4-3,3640,17,1-4,380,1,1-3-4,1440,7,1-4,320,1
20250625,下関,6,予選,雨,南,2,2,4,5,3251,平 石 和 男,61,27,6.81,5,0.14,1.53.0,1-4-3,3640,17,1-4,380,1,1-3-4,1440,7,1-4,320,1
20250625,下関,6,予選,雨,南,2,2,5,6,5010,宇留田 翔 平,28,17,6.87,6,0.15,,1-4-3,3640,17,1-4,380,1,1-3-4,1440,7,1-4,320,1
20250625,下関,6,予選,雨,南,2,2,6,2,3990,芹 澤 克 彦,35,39,6.81,2,0.09,,1-4-3,3640,17,1-4,380,1,1-3-4,1440,7,1-4,320,1
20250625,下関,7,ふく～る特賞,雨,西,2,2,1,1,4531,武 富 智 亮,44,50,6.83,1,0.20,1.49.3,1-3-5,520,1,1-3,310,1,1-3-5,290,1,1-3,140,1
20250625,下関,7,ふく～る特賞,雨,西,2,2,2,3,4387,平 山 智 加,34,11,6.80,3,0.19,1.50.0,1-3-5,520,1,1-3,310,1,1-3-5,290,1,1-3,140,1
20250625,下関,7,ふく～る特賞,雨,西,2,2,3,5,3826,村 田 修 次,33,60,6.83,5,0.27,1.52.3,1-3-5,520,1,1-3,310,1,1-3-5,290,1,1-3,140,1
20250625,下関,7,ふく～る特賞,雨,西,2,2,4,4,3581,加 木 郁,29,41,6.88,4,0.23,1.53.9,1-3-5,520,1,1-3,310,1,1-3-5,290,1,1-3,140,1
20250625,下関,7,ふく～る特賞,雨,西,2,2,5,6,3850,小 川 知 行,70,32,6.87,6,0.37,,1-3-5,520,1,1-3,310,1,1-3-5,290,1,1-3,140,1
20250625,下関,7,ふく～る特賞,雨,西,2,2,6,2,3802,森 岡 ま き,41,12,6.89,2,0.24,,1-3-5,520,1,1-3,310,1,1-3-5,290,1,1-3,140,1
20250625,下関,8,予選 進入固定,雨,南西,2,2,1,1,3621,天 野 晶 夫,72,49,6.84,1,0.16,1.50.7,1-3-4,1230,9,1-3,650,4,1-3-4,410,3,1-3,590,2
20250625,下関,8,予選 進入固定,雨,南西,2,2,2,3,3868,尾 形 栄 治,23,72,6.81,3,0.20,1.51.5,1-3-4,1230,9,1-3,650,4,1-3-4,410,3,1-3,590,2
20250625,下関,8,予選 進入固定,雨,南西,2,2,3,4,5017,澤 田 尚 也,26,71,6.85,4,0.20,1.52.5,1-3-4,1230,9,1-3,650,4,1-3-4,410,3,1-3,590,2
20250625,下関,8,予選 進入固定,雨,南西,2,2,3,5,4006,小 野 勇 作,51,52,6.83,5,0.19,1.52.5,1-3-4,1230,9,1-3,650,4,1-3-4,410,3,1-3,590,2
20250625,下関,8,予選 進入固定,雨,南西,2,2,5,6,4457,神 田 達 也,18,13,6.90,6,0.12,,1-3-4,1230,9,1-3,650,4,1-3-4,410,3,1-3,590,2
20250625,下関,8,予選 進入固定,雨,南西,2,2,6,2,3880,浅 見 宗 孝,22,42,6.84,2,0.18,,1-3-4,1230,9,1-3,650,4,1-3-4,410,3,1-3,590,2
20250625,下関,9,予選,雨,南東,1,1,1,1,4754,松 尾 充,17,20,6.71,1,0.02,1.49.0,1-2-6,4690,16,1-2,1050,4,1-2-6,2590,11,1-2,890,5
20250625,下関,9,予選,雨,南東,1,1,2,2,3569,増 田 進,53,19,6.72,2,0.02,1.51.0,1-2-6,4690,16,1-2,1050,4,1-2-6,2590,11,1-2,890,5
20250625,下関,9,予選,雨,南東,1,1,3,6,3918,深 井 利 寿,71,66,6.83,6,0.17,1.52.3,1-2-6,4690,16,1-2,1050,4,1-2-6,2590,11,1-2,890,5
20250625,下関,9,予選,雨,南東,1,1,4,3,4441,末 永 由 楽,27,16,6.78,3,0.03,1.52.6,1-2-6,4690,16,1-2,1050,4,1-2-6,2590,11,1-2,890,5
20250625,下関,9,予選,雨,南東,1,1,5,5,4506,稗 田 聖 也,55,70,6.75,5,0.17,,1-2-6,4690,16,1-2,1050,4,1-2-6,2590,11,1-2,890,5
20250625,下関,9,予選,雨,南東,1,1,6,4,3284,渡 邊 伸太郎,52,37,6.81,4,0.14,,1-2-6,4690,16,1-2,1050,4,1-2-6,2590,11,1-2,890,5
20250625,下関,10,一般特賞,雨,南,1,1,1,1,3744,徳 増 秀 樹,66,40,6.75,1,0.15,1.49.9,1-3-4,720,3,1-3,320,2,1-3-4,450,3,1-3,520,3
20250625,下関,10,一般特賞,雨,南,1,1,2,3,3251,平 石 和 男,61,27,6.73,3,0.16,1.50.8,1-3-4,720,3,1-3,320,2,1-3-4,450,3,1-3,520,3
20250625,下関,10,一般特賞,雨,南,1,1,3,4,4228,吉 田 慎二郎,30,58,6.76,4,0.14,1.51.8,1-3-4,720,3,1-3,320,2,1-3-4,450,3,1-3,520,3
20250625,下関,10,一般特賞,雨,南,1,1,4,5,5276,大 島 隆乃介,13,62,6.76,5,0.14,1.52.9,1-3-4,720,3,1-3,320,2,1-3-4,450,3,1-3,520,3
20250625,下関,10,一般特賞,雨,南,1,1,5,6,4731,間 野 兼 礼,73,15,6.78,6,0.14,,1-3-4,720,3,1-3,320,2,1-3-4,450,3,1-3,520,3
20250625,下関,10,一般特賞,雨,南,1,1,6,2,3655,本 橋 克 洋,63,53,6.83,2,0.15,,1-3-4,720,3,1-3,320,2,1-3-4,450,3,1-3,520,3
20250625,下関,11,一般特選,雨,南西,2,2,1,1,4064,原 田 篤 志,68,47,6.79,1,0.22,1.49.1,1-3-4,830,1,1-3,260,1,1-3-4,410,1,1-3,330,2
20250625,下関,11,一般特選,雨,南西,2,2,2,3,3616,中 村 真,47,30,6.77,3,0.14,1.50.3,1-3-4,830,1,1-3,260,1,1-3-4,410,1,1-3,330,2
20250625,下関,11,一般特選,雨,南西,2,2,3,4,4233,亀 山 雅 幸,37,55,6.76,4,0.14,1.52.2,1-3-4,830,1,1-3,260,1,1-3-4,410,1,1-3,330,2
20250625,下関,11,一般特選,雨,南西,2,2,4,5,4531,武 富 智 亮,44,50,6.84,5,0.11,1.53.6,1-3-4,830,1,1-3,260,1,1-3-4,410,1,1-3,330,2
20250625,下関,11,一般特選,雨,南西,2,2,5,2,4171,榎 幸 司,42,38,6.83,2,0.21,,1-3-4,830,1,1-3,260,1,1-3-4,410,1,1-3,330,2
20250625,下関,11,一般特選,雨,南西,2,2,6,6,4475,末 永 祐 輝,67,33,6.79,6,0.09,,1-3-4,830,1,1-3,260,1,1-3-4,410,1,1-3,330,2
20250625,徳山,12,一般シーボー,雨,南,2,2,1,2,4387,平 山 智 加,34,11,6.72,2,0.17,1.48.9,2-1-3,2810,9,2-1,400,2,1-2-3,670,3,1-2,180,1
20250625,徳山,12,一般シーボー,雨,南,2,2,2,1,4823,中 村 桃 佳,12,23,6.77,1,0.22,1.51.0,2-1-3,2810,9,2-1,400,2,1-2-3,670,3,1-2,180,1
20250625,徳山,12,一般シーボー,雨,南,2,2,3,3,5310,土 屋 蘭,25,29,6.77,3,0.17,1.52.5,2-1-3,2810,9,2-1,400,2,1-2-3,670,3,1-2,180,1
20250625,徳山,12,一般シーボー,雨,南,2,2,4,4,5155,内 山 七 海,60,73,6.73,4,0.17,1.57.1,2-1-3,2810,9,2-1,400,2,1-2-3,670,3,1-2,180,1
20250625,徳山,12,一般シーボー,雨,南,2,2,5,6,4878,西 岡 育 未,16,51,6.81,6,0.14,,2-1-3,2810,9,2-1,400,2,1-2-3,670,3,1-2,180,1
20250625,徳山,12,一般シーボー,雨,南,2,2,6,5,5326,三 嶌 さらら,64,22,6.71,5,0.16,,2-1-3,2810,9,2-1,400,2,1-2-3,670,3,1-2,180,1
20250625,徳山,1,朝トク一般,曇り,南西,1,1,1,1,4424,松 尾 昂 明,14,31,6.88,1,0.14,1.53.3,1-2-3,450,1,1-2,230,1,1-2-3,210,1,1-2,280,2
20250625,徳山,1,朝トク一般,曇り,南西,1,1,2,2,4871,菊 池 宏 志,38,71,6.93,2,0.23,1.54.3,1-2-3,450,1,1-2,230,1,1-2-3,210,1,1-2,280,2
20250625,徳山,1,朝トク一般,曇り,南西,1,1,3,3,4674,池 田 剛 規,22,22,6.98,3,0.26,1.54.7,1-2-3,450,1,1-2,230,1,1-2-3,210,1,1-2,280,2
20250625,徳山,1,朝トク一般,曇り,南西,1,1,4,6,4835,橋 本 明,40,62,6.97,6,0.14,1.55.2,1-2-3,450,1,1-2,230,1,1-2-3,210,1,1-2,280,2
20250625,徳山,1,朝トク一般,曇り,南西,1,1,5,4,4103,山 崎 善 庸,30,17,6.97,4,0.23,,1-2-3,450,1,1-2,230,1,1-2-3,210,1,1-2,280,2
20250625,徳山,1,朝トク一般,曇り,南西,1,1,6,5,3797,岩 井 繁,42,28,7.02,5,0.19,,1-2-3,450,1,1-2,230,1,1-2-3,210,1,1-2,280,2
20250625,徳山,2,決めトク一般,曇り,南,1,1,1,1,3562,山 下 和 彦,31,56,6.99,1,0.11,1.53.3,1-2-4,510,1,1-2,310,2,1-2-4,210,1,1-2,250,1
20250625,徳山,2,決めトク一般,曇り,南,1,1,2,2,4271,川 崎 公 靖,71,23,7.01,2,0.16,1.55.2,1-2-4,510,1,1-2,310,2,1-2-4,210,1,1-2,250,1
20250625,徳山,2,決めトク一般,曇り,南,1,1,3,4,4154,森 安 弘 雅,70,53,7.03,4,0.21,1.56.0,1-2-4,510,1,1-2,310,2,1-2-4,210,1,1-2,250,1
20250625,徳山,2,決めトク一般,曇り,南,1,1,4,5,4487,三 原 司,23,46,7.00,5,0.25,1.56.7,1-2-4,510,1,1-2,310,2,1-2-4,210,1,1-2,250,1
20250625,徳山,2,決めトク一般,曇り,南,1,1,5,3,3459,中 野 和 裕,20,51,7.00,3,0.45,,1-2-4,510,1,1-2,310,2,1-2-4,210,1,1-2,250,1
20250625,徳山,2,決めトク一般,曇り,南,1,1,6,6,5396,近 藤 来 希,13,11,6.99,6,0.23,,1-2-4,510,1,1-2,310,2,1-2-4,210,1,1-2,250,1
20250625,徳山,3,ガチトク一般,曇り,南,2,2,1,1,4512,高 野 哲 史,25,64,7.00,1,0.09,1.52.3,1-2-5,650,4,1-2,170,1,1-2-5,440,3,1-2,220,2
20250625,徳山,3,ガチトク一般,曇り,南,2,2,2,2,4661,中 島 昂 章,35,19,7.05,2,0.14,1.54.0,1-2-5,650,4,1-2,170,1,1-2-5,440,3,1-2,220,2
20250625,徳山,3,ガチトク一般,曇り,南,2,2,3,5,3406,中 里 英 夫,45,59,6.99,5,0.17,1.54.6,1-2-5,650,4,1-2,170,1,1-2-5,440,3,1-2,220,2
20250625,徳山,3,ガチトク一般,曇り,南,2,2,4,3,4094,中 島 真 二,66,20,6.98,3,0.12,1.56.6,1-2-5,650,4,1-2,170,1,1-2-5,440,3,1-2,220,2
20250625,徳山,3,ガチトク一般,曇り,南,2,2,5,4,3928,林 恵 祐,67,18,7.07,4,0.18,,1-2-5,650,4,1-2,170,1,1-2-5,440,3,1-2,220,2
20250625,徳山,3,ガチトク一般,曇り,南,2,2,6,6,5176,石 倉 拓 美,21,55,7.03,6,0.19,,1-2-5,650,4,1-2,170,1,1-2-5,440,3,1-2,220,2
20250625,徳山,4,買っトク一般,曇り,南東,2,2,1,3,4423,坂 口 貴 彦,44,50,7.05,4,0.12,1.53.1,3-1-6,8240,23,3-1,4200,12,1-3-6,260,1,1-3,700,3
20250625,徳山,4,買っトク一般,曇り,南東,2,2,2,1,5166,仲 道 大 輔,18,57,6.96,1,0.10,1.55.5,3-1-6,8240,23,3-1,4200,12,1-3-6,260,1,1-3,700,3
20250625,徳山,4,買っトク一般,曇り,南東,2,2,3,6,3159,江 口 晃 生,68,58,6.96,2,0.21,1.56.7,3-1-6,8240,23,3-1,4200,12,1-3-6,260,1,1-3,700,3
20250625,徳山,4,買っトク一般,曇り,南東,2,2,4,2,3891,谷 口 健 一,15,77,7.04,3,0.11,1.57.9,3-1-6,8240,23,3-1,4200,12,1-3-6,260,1,1-3,700,3
20250625,徳山,4,買っトク一般,曇り,南東,2,2,5,4,4110,小 澤 和 也,75,65,7.08,5,0.09,,3-1-6,8240,23,3-1,4200,12,1-3-6,260,1,1-3,700,3
20250625,徳山,4,買っトク一般,曇り,南東,2,2,6,5,5273,山 下 拓 巳,11,21,7.02,6,0.09,,3-1-6,8240,23,3-1,4200,12,1-3-6,260,1,1-3,700,3
20250625,徳山,5,一般,曇り,南,3,3,1,1,4415,下 出 卓 矢,69,30,6.94,1,0.19,1.53.5,1-4-6,1280,4,1-4,560,3,1-4-6,770,4,1-4,460,3
20250625,徳山,5,一般,曇り,南,3,3,2,4,4866,橋 本 英 一,37,36,7.00,4,0.16,1.54.9,1-4-6,1280,4,1-4,560,3,1-4-6,770,4,1-4,460,3
20250625,徳山,5,一般,曇り,南,3,3,3,6,4239,竹 田 辰 也,39,75,7.03,6,0.17,1.55.7,1-4-6,1280,4,1-4,560,3,1-4-6,770,4,1-4,460,3
20250625,徳山,5,一般,曇り,南,3,3,4,2,3974,深 山 祐 二,73,61,6.99,2,0.26,1.57.3,1-4-6,1280,4,1-4,560,3,1-4-6,770,4,1-4,460,3
20250625,徳山,5,一般,曇り,南,3,3,5,5,4785,木 幡 純 也,33,14,7.03,5,0.18,,1-4-6,1280,4,1-4,560,3,1-4-6,770,4,1-4,460,3
20250625,徳山,5,一般,曇り,南,3,3,6,3,4103,山 崎 善 庸,30,17,7.02,3,0.30,,1-4-6,1280,4,1-4,560,3,1-4-6,770,4,1-4,460,3
20250625,徳山,6,一般,曇り,南東,2,2,1,1,3462,竹 上 真 司,26,16,6.98,1,0.10,1.51.8,1-3-2,980,2,1-3,480,2,1-2-3,240,1,1-3,280,2
20250625,徳山,6,一般,曇り,南東,2,2,2,3,4835,橋 本 明,40,62,7.05,3,0.10,1.52.5,1-3-2,980,2,1-3,480,2,1-2-3,240,1,1-3,280,2
20250625,徳山,6,一般,曇り,南東,2,2,3,2,4056,小 西 英 輝,36,43,7.02,2,0.12,1.54.8,1-3-2,980,2,1-3,480,2,1-2-3,240,1,1-3,280,2
20250625,徳山,6,一般,曇り,南東,2,2,4,6,3713,伊 藤 誠 二,17,76,7.07,6,0.01,1.56.7,1-3-2,980,2,1-3,480,2,1-2-3,240,1,1-3,280,2
20250625,徳山,6,一般,曇り,南東,2,2,5,4,4113,木 村 浩 士,24,68,7.14,4,0.06,,1-3-2,980,2,1-3,480,2,1-2-3,240,1,1-3,280,2
20250625,徳山,6,一般,曇り,南東,2,2,6,5,4271,川 崎 公 靖,71,23,7.04,5,0.00,,1-3-2,980,2,1-3,480,2,1-2-3,240,1,1-3,280,2
20250625,徳山,7,一般,曇り,南西,1,1,1,1,3797,岩 井 繁,42,28,7.06,1,0.18,1.53.6,1-3-2,1120,3,1-3,360,1,1-2-3,410,2,1-3,310,2
20250625,徳山,7,一般,曇り,南西,1,1,2,3,3998,冨 成 謙 児,41,32,7.03,3,0.16,1.54.3,1-3-2,1120,3,1-3,360,1,1-2-3,410,2,1-3,310,2
20250625,徳山,7,一般,曇り,南西,1,1,3,2,3928,林 恵 祐,67,18,7.11,2,0.21,1.55.7,1-3-2,1120,3,1-3,360,1,1-2-3,410,2,1-3,310,2
20250625,徳山,7,一般,曇り,南西,1,1,4,4,3459,中 野 和 裕,20,51,7.01,4,0.13,1.56.4,1-3-2,1120,3,1-3,360,1,1-2-3,410,2,1-3,310,2
20250625,徳山,7,一般,曇り,南西,1,1,5,5,4094,中 島 真 二,66,20,7.01,5,0.13,,1-3-2,1120,3,1-3,360,1,1-2-3,410,2,1-3,310,2
20250625,徳山,7,一般,曇り,南西,1,1,6,6,5336,瀬 川 大 地,32,60,7.01,6,0.14,,1-3-2,1120,3,1-3,360,1,1-2-3,410,2,1-3,310,2
20250625,徳山,8,一般,曇り,南西,1,1,1,1,5273,山 下 拓 巳,11,21,7.01,1,0.16,1.52.0,1-2-4,850,2,1-2,370,1,1-2-4,390,2,1-2,240,1
20250625,徳山,8,一般,曇り,南西,1,1,2,2,4674,池 田 剛 規,22,22,7.04,2,0.17,1.53.7,1-2-4,850,2,1-2,370,1,1-2-4,390,2,1-2,240,1
20250625,徳山,8,一般,曇り,南西,1,1,3,4,4003,表 憲 一,43,37,7.06,4,0.10,1.55.2,1-2-4,850,2,1-2,370,1,1-2-4,390,2,1-2,240,1
20250625,徳山,8,一般,曇り,南西,1,1,4,3,4487,三 原 司,23,46,6.98,3,0.15,1.56.5,1-2-4,850,2,1-2,370,1,1-2-4,390,2,1-2,240,1
20250625,徳山,8,一般,曇り,南西,1,1,5,5,4423,坂 口 貴 彦,44,50,7.05,5,0.13,,1-2-4,850,2,1-2,370,1,1-2-4,390,2,1-2,240,1
20250625,徳山,8,一般,曇り,南西,1,1,6,6,5396,近 藤 来 希,13,11,7.02,6,0.16,,1-2-4,850,2,1-2,370,1,1-2-4,390,2,1-2,240,1
20250625,徳山,9,トクっちゃ特,曇り,南東,1,1,1,1,4661,中 島 昂 章,35,19,7.06,1,0.17,1.52.5,1-3-4,860,3,1-3,200,1,1-3-4,590,3,1-3,300,2
20250625,徳山,9,トクっちゃ特,曇り,南東,1,1,2,3,3406,中 里 英 夫,45,59,6.93,3,0.18,1.53.2,1-3-4,860,3,1-3,200,1,1-3-4,590,3,1-3,300,2
20250625,徳山,9,トクっちゃ特,曇り,南東,1,1,3,4,3891,谷 口 健 一,15,77,7.06,4,0.12,1.56.0,1-3-4,860,3,1-3,200,1,1-3-4,590,3,1-3,300,2
20250625,徳山,9,トクっちゃ特,曇り,南東,1,1,4,2,4785,木 幡 純 也,33,14,7.04,2,0.18,1.56.2,1-3-4,860,3,1-3,200,1,1-3-4,590,3,1-3,300,2
20250625,徳山,9,トクっちゃ特,曇り,南東,1,1,5,6,4866,橋 本 英 一,37,36,7.02,6,0.17,,1-3-4,860,3,1-3,200,1,1-3-4,590,3,1-3,300,2
20250625,徳山,9,トクっちゃ特,曇り,南東,1,1,6,5,4871,菊 池 宏 志,38,71,7.01,5,0.15,,1-3-4,860,3,1-3,200,1,1-3-4,590,3,1-3,300,2
20250625,徳山,10,のんた選抜,曇り,南,2,2,1,1,3713,伊 藤 誠 二,17,76,6.99,1,0.08,1.52.3,1-4-3,1170,5,1-4,390,3,1-3-4,290,2,1-4,400,3
20250625,徳山,10,のんた選抜,曇り,南,2,2,2,4,4512,高 野 哲 史,25,64,7.05,4,0.16,1.53.5,1-4-3,1170,5,1-4,390,3,1-3-4,290,2,1-4,400,3
20250625,徳山,10,のんた選抜,曇り,南,2,2,3,3,4239,竹 田 辰 也,39,75,7.05,3,0.14,1.54.9,1-4-3,1170,5,1-4,390,3,1-3-4,290,2,1-4,400,3
20250625,徳山,10,のんた選抜,曇り,南,2,2,4,2,5166,仲 道 大 輔,18,57,7.01,2,0.12,1.56.1,1-4-3,1170,5,1-4,390,3,1-3-4,290,2,1-4,400,3
20250625,徳山,10,のんた選抜,曇り,南,2,2,5,5,3974,深 山 祐 二,73,61,7.00,5,0.15,,1-4-3,1170,5,1-4,390,3,1-3-4,290,2,1-4,400,3
20250625,徳山,10,のんた選抜,曇り,南,2,2,6,6,4056,小 西 英 輝,36,43,7.02,6,0.15,,1-4-3,1170,5,1-4,390,3,1-3-4,290,2,1-4,400,3
20250625,徳山,11,それっちゃ選,曇り,南,2,2,1,1,3159,江 口 晃 生,68,58,6.98,1,0.11,1.52.5,1-4-6,9750,18,1-4,470,2,1-4-6,5960,10,1-4,320,2
20250625,徳山,11,それっちゃ選,曇り,南,2,2,2,4,3562,山 下 和 彦,31,56,7.06,4,0.06,1.53.3,1-4-6,9750,18,1-4,470,2,1-4-6,5960,10,1-4,320,2
20250625,徳山,11,それっちゃ選,曇り,南,2,2,3,6,3462,竹 上 真 司,26,16,7.02,6,0.09,1.55.1,1-4-6,9750,18,1-4,470,2,1-4-6,5960,10,1-4,320,2
20250625,徳山,11,それっちゃ選,曇り,南,2,2,4,5,4424,松 尾 昂 明,14,31,6.98,5,0.13,1.56.1,1-4-6,9750,18,1-4,470,2,1-4-6,5960,10,1-4,320,2
20250625,徳山,11,それっちゃ選,曇り,南,2,2,5,3,4154,森 安 弘 雅,70,53,7.05,3,0.09,,1-4-6,9750,18,1-4,470,2,1-4-6,5960,10,1-4,320,2
20250625,徳山,11,それっちゃ選,曇り,南,2,2,6,2,4415,下 出 卓 矢,69,30,7.02,2,0.13,,1-4-6,9750,18,1-4,470,2,1-4-6,5960,10,1-4,320,2
20250625,児島,12,優勝戦,曇り,南,2,2,1,6,4539,金 子 賢 志,19,33,6.92,6,0.11,1.51.4,6-5-2,97220,103,6-5,28300,28,2-5-6,6510,14,5-6,4370,12
20250625,児島,12,優勝戦,曇り,南,2,2,2,5,4288,永 田 啓 二,12,38,7.01,5,0.04,1.51.9,6-5-2,97220,103,6-5,28300,28,2-5-6,6510,14,5-6,4370,12
20250625,児島,12,優勝戦,曇り,南,2,2,3,2,4237,大 峯 豊,34,26,6.94,2,0.14,1.55.4,6-5-2,97220,103,6-5,28300,28,2-5-6,6510,14,5-6,4370,12
20250625,児島,12,優勝戦,曇り,南,2,2,4,4,4348,宮 崎 奨,29,63,7.05,4,0.16,1.56.1,6-5-2,97220,103,6-5,28300,28,2-5-6,6510,14,5-6,4370,12
20250625,児島,12,優勝戦,曇り,南,2,2,5,1,4009,小 林 一 樹,74,15,6.94,1,0.14,,6-5-2,97220,103,6-5,28300,28,2-5-6,6510,14,5-6,4370,12
20250625,児島,12,優勝戦,曇り,南,2,2,6,3,4794,和 田 拓 也,28,27,7.00,3,0.10,,6-5-2,97220,103,6-5,28300,28,2-5-6,6510,14,5-6,4370,12
20250625,児島,1,朝得ガァ～コ,晴,南,3,3,1,1,4258,関 根 彰 人,61,42,7.00,1,0.15,1.51.1,1-3-4,1370,4,1-3,340,2,1-3-4,780,4,1-3,500,2
20250625,児島,1,朝得ガァ～コ,晴,南,3,3,2,3,4562,阪 本 勇 介,58,31,6.87,3,0.12,1.52.7,1-3-4,1370,4,1-3,340,2,1-3-4,780,4,1-3,500,2
20250625,児島,1,朝得ガァ～コ,晴,南,3,3,3,4,4299,中 島 浩 哉,28,58,6.99,4,0.11,1.54.4,1-3-4,1370,4,1-3,340,2,1-3-4,780,4,1-3,500,2
20250625,児島,1,朝得ガァ～コ,晴,南,3,3,4,6,3893,汐 崎 正 則,46,36,6.86,6,0.09,1.55.4,1-3-4,1370,4,1-3,340,2,1-3-4,780,4,1-3,500,2
20250625,児島,1,朝得ガァ～コ,晴,南,3,3,5,5,4406,幸 野 史 明,48,18,6.87,5,0.08,,1-3-4,1370,4,1-3,340,2,1-3-4,780,4,1-3,500,2
20250625,児島,1,朝得ガァ～コ,晴,南,3,3,6,2,5048,眞 鳥 康 太,14,75,6.83,2,0.23,,1-3-4,1370,4,1-3,340,2,1-3-4,780,4,1-3,500,2
20250625,児島,2,予選,晴,南,3,3,1,1,3964,宮 地 博 士,68,37,6.81,1,0.19,1.51.0,1-3-4,1280,3,1-3,800,3,1-3-4,580,3,1-3,430,2
20250625,児島,2,予選,晴,南,3,3,2,3,3860,松 本 浩 貴,37,41,7.00,3,0.20,1.52.4,1-3-4,1280,3,1-3,800,3,1-3-4,580,3,1-3,430,2
20250625,児島,2,予選,晴,南,3,3,3,4,4004,山 本 浩 輔,49,71,6.82,4,0.19,1.54.0,1-3-4,1280,3,1-3,800,3,1-3-4,580,3,1-3,430,2
20250625,児島,2,予選,晴,南,3,3,4,2,4106,坂 井 康 嗣,47,25,6.96,2,0.18,1.55.3,1-3-4,1280,3,1-3,800,3,1-3-4,580,3,1-3,430,2
20250625,児島,2,予選,晴,南,3,3,5,5,3866,木 山 誠 一,50,26,6.95,5,0.16,,1-3-4,1280,3,1-3,800,3,1-3-4,580,3,1-3,430,2
20250625,児島,2,予選,晴,南,3,3,6,6,4846,佐 藤 駿 介,27,23,6.92,6,0.19,,1-3-4,1280,3,1-3,800,3,1-3-4,580,3,1-3,430,2
20250625,児島,3,予選,晴,南,3,3,1,3,5012,加 倉 侑 征,43,49,6.86,3,0.23,1.51.0,3-5-2,6730,30,3-5,1980,10,2-3-5,1030,6,3-5,1230,9
20250625,児島,3,予選,晴,南,3,3,2,5,5115,香 川 颯 太,45,43,6.92,5,0.17,1.52.6,3-5-2,6730,30,3-5,1980,10,2-3-5,1030,6,3-5,1230,9
20250625,児島,3,予選,晴,南,3,3,3,2,3885,久 田 武,26,40,6.83,2,0.22,1.53.5,3-5-2,6730,30,3-5,1980,10,2-3-5,1030,6,3-5,1230,9
20250625,児島,3,予選,晴,南,3,3,4,4,3873,別 府 昌 樹,21,19,6.94,4,0.16,1.55.1,3-5-2,6730,30,3-5,1980,10,2-3-5,1030,6,3-5,1230,9
20250625,児島,3,予選,晴,南,3,3,5,1,5266,石 田 勇 斗,22,67,6.95,1,0.31,,3-5-2,6730,30,3-5,1980,10,2-3-5,1030,6,3-5,1230,9
20250625,児島,3,予選,晴,南,3,3,6,6,3869,井 芹 大 志,60,64,6.93,6,0.23,,3-5-2,6730,30,3-5,1980,10,2-3-5,1030,6,3-5,1230,9
20250625,児島,4,コジマだ４っ,晴,南,3,3,1,4,4748,渡 邉 雄 朗,29,15,6.83,4,0.06,1.51.3,4-3-5,10940,33,4-3,3130,12,3-4-5,2570,9,3-4,1580,5
20250625,児島,4,コジマだ４っ,晴,南,3,3,2,3,4979,中 野 夢 斗,67,53,6.90,3,0.10,1.52.1,4-3-5,10940,33,4-3,3130,12,3-4-5,2570,9,3-4,1580,5
20250625,児島,4,コジマだ４っ,晴,南,3,3,3,5,4163,山 崎 裕 司,16,57,6.93,5,0.12,1.53.2,4-3-5,10940,33,4-3,3130,12,3-4-5,2570,9,3-4,1580,5
20250625,児島,4,コジマだ４っ,晴,南,3,3,4,2,4179,広 次 修,33,63,6.89,2,0.20,1.54.3,4-3-5,10940,33,4-3,3130,12,3-4-5,2570,9,3-4,1580,5
20250625,児島,4,コジマだ４っ,晴,南,3,3,5,1,4302,西 野 翔 太,63,20,6.89,1,0.17,,4-3-5,10940,33,4-3,3130,12,3-4-5,2570,9,3-4,1580,5
20250625,児島,4,コジマだ４っ,晴,南,3,3,6,6,5379,廣 部 大 明,57,39,6.81,6,0.15,,4-3-5,10940,33,4-3,3130,12,3-4-5,2570,9,3-4,1580,5
20250625,児島,5,日替艇食戦,晴,南西,3,3,1,2,4710,福 田 宗 平,32,44,6.84,2,0.12,1.50.1,2-1-3,1960,5,2-1,1190,6,1-2-3,410,2,1-2,420,2
20250625,児島,5,日替艇食戦,晴,南西,3,3,2,1,5237,永 松 良 教,18,48,6.95,1,0.11,1.51.8,2-1-3,1960,5,2-1,1190,6,1-2-3,410,2,1-2,420,2
20250625,児島,5,日替艇食戦,晴,南西,3,3,3,3,4452,松 尾 祭,34,56,6.85,3,0.15,1.53.5,2-1-3,1960,5,2-1,1190,6,1-2-3,410,2,1-2,420,2
20250625,児島,5,日替艇食戦,晴,南西,3,3,4,5,4161,黒 柳 浩 孝,39,70,6.87,5,0.16,1.56.0,2-1-3,1960,5,2-1,1190,6,1-2-3,410,2,1-2,420,2
20250625,児島,5,日替艇食戦,晴,南西,3,3,5,4,3825,宮 嵜 隆太郎,69,60,6.94,4,0.19,,2-1-3,1960,5,2-1,1190,6,1-2-3,410,2,1-2,420,2
20250625,児島,5,日替艇食戦,晴,南西,3,3,6,6,5372,上 岡 巧 汰,52,61,6.98,6,0.15,,2-1-3,1960,5,2-1,1190,6,1-2-3,410,2,1-2,420,2
20250625,児島,6,昼得クラリス,晴,南,3,3,1,2,4695,尾 崎 雄 二,59,21,6.82,2,0.12,1.49.4,2-1-3,2820,9,2-1,1380,5,1-2-3,190,1,1-2,130,1
20250625,児島,6,昼得クラリス,晴,南,3,3,2,1,4702,三 浦 敬 太,65,24,6.87,1,0.13,1.50.3,2-1-3,2820,9,2-1,1380,5,1-2-3,190,1,1-2,130,1
20250625,児島,6,昼得クラリス,晴,南,3,3,3,3,3975,小野寺 智 洋,15,51,6.80,3,0.14,1.53.1,2-1-3,2820,9,2-1,1380,5,1-2-3,190,1,1-2,130,1
20250625,児島,6,昼得クラリス,晴,南,3,3,4,5,4299,中 島 浩 哉,28,58,6.95,5,0.14,1.53.6,2-1-3,2820,9,2-1,1380,5,1-2-3,190,1,1-2,130,1
20250625,児島,6,昼得クラリス,晴,南,3,3,5,6,4106,坂 井 康 嗣,47,25,6.89,6,0.12,,2-1-3,2820,9,2-1,1380,5,1-2-3,190,1,1-2,130,1
20250625,児島,6,昼得クラリス,晴,南,3,3,6,4,4779,伊 倉 光,12,16,6.81,4,0.27,,2-1-3,2820,9,2-1,1380,5,1-2-3,190,1,1-2,130,1
20250625,児島,7,予選,晴,南,4,3,1,1,3875,廣 中 良 一,70,74,6.87,1,0.12,1.50.5,1-5-2,3520,11,1-5,520,1,1-2-5,1420,6,1-5,520,2
20250625,児島,7,予選,晴,南,4,3,2,5,4172,森 定 晃 史,53,55,6.93,5,0.17,1.51.4,1-5-2,3520,11,1-5,520,1,1-2-5,1420,6,1-5,520,2
20250625,児島,7,予選,晴,南,4,3,3,2,5242,高 山 弘 斗,66,11,6.83,2,0.07,1.52.1,1-5-2,3520,11,1-5,520,1,1-2-5,1420,6,1-5,520,2
20250625,児島,7,予選,晴,南,4,3,4,6,4873,蒲 原 健 太,38,69,6.71,6,0.17,1.53.6,1-5-2,3520,11,1-5,520,1,1-2-5,1420,6,1-5,520,2
20250625,児島,7,予選,晴,南,4,3,5,3,3885,久 田 武,26,40,6.80,3,0.13,,1-5-2,3520,11,1-5,520,1,1-2-5,1420,6,1-5,520,2
20250625,児島,7,予選,晴,南,4,3,6,4,4846,佐 藤 駿 介,27,23,6.78,4,0.18,,1-5-2,3520,11,1-5,520,1,1-2-5,1420,6,1-5,520,2
20250625,児島,8,予選,晴,南,2,3,1,3,4850,野 中 一 平,55,28,6.86,3,0.06,1.50.1,3-4-1,1090,1,3-4,380,1,1-3-4,250,1,3-4,290,1
20250625,児島,8,予選,晴,南,2,3,2,4,4967,中 村 魁 生,13,27,6.74,4,0.03,1.50.9,3-4-1,1090,1,3-4,380,1,1-3-4,250,1,3-4,290,1
20250625,児島,8,予選,晴,南,2,3,3,1,4004,山 本 浩 輔,49,71,6.95,1,0.13,1.53.4,3-4-1,1090,1,3-4,380,1,1-3-4,250,1,3-4,290,1
20250625,児島,8,予選,晴,南,2,3,4,6,5012,加 倉 侑 征,43,49,6.87,6,0.11,1.53.6,3-4-1,1090,1,3-4,380,1,1-3-4,250,1,3-4,290,1
20250625,児島,8,予選,晴,南,2,3,5,5,3722,西 村 秀 樹,51,35,6.86,5,0.09,,3-4-1,1090,1,3-4,380,1,1-3-4,250,1,3-4,290,1
20250625,児島,8,予選,晴,南,2,3,6,2,3893,汐 崎 正 則,46,36,6.86,2,0.08,,3-4-1,1090,1,3-4,380,1,1-3-4,250,1,3-4,290,1
20250625,児島,9,予選特賞,晴,南,3,3,1,5,4959,井 上 忠 政,24,47,6.78,5,0.19,1.50.6,5-2-1,4090,18,5-2,880,3,1-2-5,580,2,2-5,470,1
20250625,児島,9,予選特賞,晴,南,3,3,2,2,4979,中 野 夢 斗,67,53,6.91,2,0.19,1.51.6,5-2-1,4090,18,5-2,880,3,1-2-5,580,2,2-5,470,1
20250625,児島,9,予選特賞,晴,南,3,3,3,1,3860,松 本 浩 貴,37,41,6.97,1,0.18,1.53.0,5-2-1,4090,18,5-2,880,3,1-2-5,580,2,2-5,470,1
20250625,児島,9,予選特賞,晴,南,3,3,4,6,4452,松 尾 祭,34,56,6.85,6,0.20,1.53.6,5-2-1,4090,18,5-2,880,3,1-2-5,580,2,2-5,470,1
20250625,児島,9,予選特賞,晴,南,3,3,5,4,5048,眞 鳥 康 太,14,75,6.82,4,0.16,,5-2-1,4090,18,5-2,880,3,1-2-5,580,2,2-5,470,1
20250625,児島,9,予選特賞,晴,南,3,3,6,3,4697,國 弘 翔 平,20,62,6.78,3,0.13,,5-2-1,4090,18,5-2,880,3,1-2-5,580,2,2-5,470,1
20250625,児島,10,予選特賞,晴,南,3,3,1,1,4695,尾 崎 雄 二,59,21,6.82,1,0.15,1.50.2,1-2-5,1730,5,1-2,900,4,1-2-5,630,2,1-2,570,3
20250625,児島,10,予選特賞,晴,南,3,3,2,2,4406,幸 野 史 明,48,18,6.74,2,0.16,1.51.3,1-2-5,1730,5,1-2,900,4,1-2-5,630,2,1-2,570,3
20250625,児島,10,予選特賞,晴,南,3,3,3,5,4703,森 永 隆,36,52,6.74,5,0.13,1.52.4,1-2-5,1730,5,1-2,900,4,1-2-5,630,2,1-2,570,3
20250625,児島,10,予選特賞,晴,南,3,3,4,3,3873,別 府 昌 樹,21,19,6.88,3,0.18,1.53.3,1-2-5,1730,5,1-2,900,4,1-2-5,630,2,1-2,570,3
20250625,児島,10,予選特賞,晴,南,3,3,5,6,4179,広 次 修,33,63,6.74,6,0.16,,1-2-5,1730,5,1-2,900,4,1-2-5,630,2,1-2,570,3
20250625,児島,10,予選特賞,晴,南,3,3,6,4,3964,宮 地 博 士,68,37,6.76,4,0.16,,1-2-5,1730,5,1-2,900,4,1-2-5,630,2,1-2,570,3
20250625,児島,11,予選特選,晴,南,3,3,1,1,4161,黒 柳 浩 孝,39,70,6.82,1,0.15,1.50.5,1-3-2,890,3,1-3,370,2,1-2-3,160,1,1-3,290,2
20250625,児島,11,予選特選,晴,南,3,3,2,3,4873,蒲 原 健 太,38,69,6.84,3,0.13,1.51.0,1-3-2,890,3,1-3,370,2,1-2-3,160,1,1-3,290,2
20250625,児島,11,予選特選,晴,南,3,3,3,2,4748,渡 邉 雄 朗,29,15,6.80,2,0.17,1.53.7,1-3-2,890,3,1-3,370,2,1-2-3,160,1,1-3,290,2
20250625,児島,11,予選特選,晴,南,3,3,4,5,3869,井 芹 大 志,60,64,6.89,5,0.13,1.54.5,1-3-2,890,3,1-3,370,2,1-2-3,160,1,1-3,290,2
20250625,児島,11,予選特選,晴,南,3,3,5,6,3975,小野寺 智 洋,15,51,6.84,6,0.15,,1-3-2,890,3,1-3,370,2,1-2-3,160,1,1-3,290,2
20250625,児島,11,予選特選,晴,南,3,3,6,4,4562,阪 本 勇 介,58,31,6.79,4,0.12,,1-3-2,890,3,1-3,370,2,1-2-3,160,1,1-3,290,2
20250625,丸亀,12,記者選抜戦,曇り,南,2,3,1,1,4850,野 中 一 平,55,28,6.80,1,0.04,1.49.1,1-3-2,1420,6,1-3,410,2,1-2-3,640,4,1-3,400,3
20250625,丸亀,12,記者選抜戦,曇り,南,2,3,2,3,4710,福 田 宗 平,32,44,6.84,3,0.11,1.50.4,1-3-2,1420,6,1-3,410,2,1-2-3,640,4,1-3,400,3
20250625,丸亀,12,記者選抜戦,曇り,南,2,3,3,2,4163,山 崎 裕 司,16,57,6.80,2,0.09,1.51.9,1-3-2,1420,6,1-3,410,2,1-2-3,640,4,1-3,400,3
20250625,丸亀,12,記者選抜戦,曇り,南,2,3,4,5,4702,三 浦 敬 太,65,24,6.84,5,0.13,1.52.6,1-3-2,1420,6,1-3,410,2,1-2-3,640,4,1-3,400,3
20250625,丸亀,12,記者選抜戦,曇り,南,2,3,5,4,4172,森 定 晃 史,53,55,6.86,4,0.09,,1-3-2,1420,6,1-3,410,2,1-2-3,640,4,1-3,400,3
20250625,丸亀,12,記者選抜戦,曇り,南,2,3,6,6,5115,香 川 颯 太,45,43,6.82,6,0.10,,1-3-2,1420,6,1-3,410,2,1-2-3,640,4,1-3,400,3
20250625,丸亀,1,予選,曇り,北,3,3,1,3,4533,峰 重 侑 治,62,50,6.93,4,0.23,1.50.6,3-2-1,5120,16,3-2,1180,5,1-2-3,730,2,2-3,420,1
20250625,丸亀,1,予選,曇り,北,3,3,2,2,5199,垂 水 悠,39,61,6.93,3,0.21,1.53.0,3-2-1,5120,16,3-2,1180,5,1-2-3,730,2,2-3,420,1
20250625,丸亀,1,予選,曇り,北,3,3,3,1,3736,岡 本 猛,30,38,6.94,1,0.15,1.54.2,3-2-1,5120,16,3-2,1180,5,1-2-3,730,2,2-3,420,1
20250625,丸亀,1,予選,曇り,北,3,3,4,5,3362,間 嶋 仁 志,18,4,7.00,2,0.21,1.54.8,3-2-1,5120,16,3-2,1180,5,1-2-3,730,2,2-3,420,1
20250625,丸亀,1,予選,曇り,北,3,3,5,4,5135,仲 航 太,10,52,6.93,5,0.27,1.55.7,3-2-1,5120,16,3-2,1180,5,1-2-3,730,2,2-3,420,1
20250625,丸亀,1,予選,曇り,北,3,3,6,6,3986,沖 島 広 和,11,15,6.94,6,0.28,1.55.7,3-2-1,5120,16,3-2,1180,5,1-2-3,730,2,2-3,420,1
20250625,丸亀,2,予選,晴,北,2,2,1,4,4583,古 田 祐 貴,28,54,6.87,4,0.27,1.51.4,4-1-6,3400,9,4-1,1620,9,1-4-6,640,1,1-4,630,2
20250625,丸亀,2,予選,晴,北,2,2,2,1,5106,山 崎 祥,8,16,6.89,1,0.32,1.52.5,4-1-6,3400,9,4-1,1620,9,1-4-6,640,1,1-4,630,2
20250625,丸亀,2,予選,晴,北,2,2,3,6,4269,杉 山 裕 也,5,14,6.86,6,0.31,1.53.2,4-1-6,3400,9,4-1,1620,9,1-4-6,640,1,1-4,630,2
20250625,丸亀,2,予選,晴,北,2,2,4,2,4167,片 岡 秀 樹,37,37,6.88,2,0.24,1.55.2,4-1-6,3400,9,4-1,1620,9,1-4-6,640,1,1-4,630,2
20250625,丸亀,2,予選,晴,北,2,2,5,5,3696,白 井 友 晴,43,33,6.91,5,0.31,1.56.6,4-1-6,3400,9,4-1,1620,9,1-4-6,640,1,1-4,630,2
20250625,丸亀,2,予選,晴,北,2,2,6,3,3843,上 之 晃 弘,41,24,6.92,3,0.26,1.57.6,4-1-6,3400,9,4-1,1620,9,1-4-6,640,1,1-4,630,2
20250625,丸亀,3,予選,晴,北,3,3,1,1,5229,吉 川 晴 人,31,21,6.82,1,0.16,1.50.2,1-2-5,1370,3,1-2,330,1,1-2-5,600,2,1-2,280,1
20250625,丸亀,3,予選,晴,北,3,3,2,2,4976,金 山 立 樹,57,59,6.79,2,0.19,1.52.7,1-2-5,1370,3,1-2,330,1,1-2-5,600,2,1-2,280,1
20250625,丸亀,3,予選,晴,北,3,3,3,5,4578,藤 山 雅 弘,65,56,6.91,5,0.24,1.53.6,1-2-5,1370,3,1-2,330,1,1-2-5,600,2,1-2,280,1
20250625,丸亀,3,予選,晴,北,3,3,4,3,4369,丹 下 将,17,11,6.89,3,0.22,1.54.3,1-2-5,1370,3,1-2,330,1,1-2-5,600,2,1-2,280,1
20250625,丸亀,3,予選,晴,北,3,3,5,6,4931,木 谷 賢 太,13,51,6.91,6,0.24,1.54.8,1-2-5,1370,3,1-2,330,1,1-2-5,600,2,1-2,280,1
20250625,丸亀,3,予選,晴,北,3,3,6,4,3852,澤 大 介,29,19,6.94,4,0.31,1.56.9,1-2-5,1370,3,1-2,330,1,1-2-5,600,2,1-2,280,1
20250625,丸亀,4,予選,晴,北,3,3,1,2,5020,宮 村 勇 哉,1,43,6.87,2,0.18,1.55.4,2-1-4,10650,40,2-1,3180,10,1-2-4,1220,7,1-2,700,3
20250625,丸亀,4,予選,晴,北,3,3,2,1,4495,森 晋太郎,52,35,6.80,1,0.17,1.58.3,2-1-4,10650,40,2-1,3180,10,1-2-4,1220,7,1-2,700,3
20250625,丸亀,4,予選,晴,北,3,3,3,4,5096,上 原 崚,58,23,6.86,4,0.14,2.01.3,2-1-4,10650,40,2-1,3180,10,1-2-4,1220,7,1-2,700,3
20250625,丸亀,4,予選,晴,北,3,3,4,5,4331,三 好 勇 人,21,10,6.91,5,0.21,2.02.9,2-1-4,10650,40,2-1,3180,10,1-2-4,1220,7,1-2,700,3
20250625,丸亀,4,予選,晴,北,3,3,5,6,3956,横 澤 剛 治,59,26,6.89,6,0.16,2.04.5,2-1-4,10650,40,2-1,3180,10,1-2-4,1220,7,1-2,700,3
20250625,丸亀,5,予選,曇り,北,2,2,1,1,4906,鈴 木 雅 希,36,46,6.83,1,0.28,1.51.4,1-5-3,2350,10,1-5,600,4,1-3-5,840,6,1-5,510,3
20250625,丸亀,5,予選,曇り,北,2,2,2,5,4980,佐々木 完 太,56,25,6.91,5,0.19,1.52.6,1-5-3,2350,10,1-5,600,4,1-3-5,840,6,1-5,510,3
20250625,丸亀,5,予選,曇り,北,2,2,3,3,4254,川 島 圭 司,16,36,6.81,3,0.29,1.53.7,1-5-3,2350,10,1-5,600,4,1-3-5,840,6,1-5,510,3
20250625,丸亀,5,予選,曇り,北,2,2,4,4,3304,烏 野 賢 太,45,34,6.92,4,0.25,1.54.5,1-5-3,2350,10,1-5,600,4,1-3-5,840,6,1-5,510,3
20250625,丸亀,5,予選,曇り,北,2,2,5,2,4593,小 坂 宗 司,66,32,6.80,2,0.28,1.55.3,1-5-3,2350,10,1-5,600,4,1-3-5,840,6,1-5,510,3
20250625,丸亀,5,予選,曇り,北,2,2,6,6,3747,國 崎 良 春,53,5,6.91,6,0.15,1.55.8,1-5-3,2350,10,1-5,600,4,1-3-5,840,6,1-5,510,3
20250625,丸亀,6,カチ勝ち６,曇り,北,2,2,1,4,4739,中 村 晃 朋,47,53,6.87,3,0.13,1.50.4,4-1-3,1920,5,4-1,940,5,1-3-4,180,1,1-4,270,2
20250625,丸亀,6,カチ勝ち６,曇り,北,2,2,2,1,4889,後 藤 盛 也,46,64,6.95,1,0.11,1.52.2,4-1-3,1920,5,4-1,940,5,1-3-4,180,1,1-4,270,2
20250625,丸亀,6,カチ勝ち６,曇り,北,2,2,3,3,4757,山 田 祐 也,12,45,7.08,4,0.14,1.52.9,4-1-3,1920,5,4-1,940,5,1-3-4,180,1,1-4,270,2
20250625,丸亀,6,カチ勝ち６,曇り,北,2,2,4,6,3935,岩 津 徹 郎,23,49,7.04,6,0.26,1.54.6,4-1-3,1920,5,4-1,940,5,1-3-4,180,1,1-4,270,2
20250625,丸亀,6,カチ勝ち６,曇り,北,2,2,5,2,3807,岡 部 哲,22,18,7.01,2,0.34,1.56.1,4-1-3,1920,5,4-1,940,5,1-3-4,180,1,1-4,270,2
20250625,丸亀,6,カチ勝ち６,曇り,北,2,2,6,5,3736,岡 本 猛,30,38,6.94,5,0.14,1.59.8,4-1-3,1920,5,4-1,940,5,1-3-4,180,1,1-4,270,2
20250625,丸亀,7,穴ガチ７,曇り,北,3,3,1,2,5049,松 井 友 汰,9,48,6.89,2,0.08,1.50.2,2-3-6,4080,18,2-3,1860,7,2-3-6,700,4,2-3,660,4
20250625,丸亀,7,穴ガチ７,曇り,北,3,3,2,3,3960,菊 地 孝 平,49,31,6.85,3,0.12,1.51.3,2-3-6,4080,18,2-3,1860,7,2-3-6,700,4,2-3,660,4
20250625,丸亀,7,穴ガチ７,曇り,北,3,3,3,6,4584,村 岡 賢 人,19,58,6.96,5,0.09,1.52.7,2-3-6,4080,18,2-3,1860,7,2-3-6,700,4,2-3,660,4
20250625,丸亀,7,穴ガチ７,曇り,北,3,3,4,5,5106,山 崎 祥,8,16,6.84,6,0.16,1.53.0,2-3-6,4080,18,2-3,1860,7,2-3-6,700,4,2-3,660,4
20250625,丸亀,7,穴ガチ７,曇り,北,3,3,5,4,4976,金 山 立 樹,57,59,6.90,4,0.12,1.55.3,2-3-6,4080,18,2-3,1860,7,2-3-6,700,4,2-3,660,4
20250625,丸亀,7,穴ガチ７,曇り,北,3,3,6,1,3362,間 嶋 仁 志,18,4,6.90,1,0.29,1.58.0,2-3-6,4080,18,2-3,1860,7,2-3-6,700,4,2-3,660,4
20250625,丸亀,8,ガチ勝゛ち８ 進入固定,晴,北,1,1,1,1,5197,中 野 仁 照,40,60,6.88,1,0.01,1.50.4,1-2-3,1350,6,1-2,360,2,1-2-3,950,4,1-2,400,2
20250625,丸亀,8,ガチ勝゛ち８ 進入固定,晴,北,1,1,2,2,4966,田 川 大 貴,7,7,6.92,2,0.06,1.51.8,1-2-3,1350,6,1-2,360,2,1-2-3,950,4,1-2,400,2
20250625,丸亀,8,ガチ勝゛ち８ 進入固定,晴,北,1,1,3,3,3852,澤 大 介,29,19,6.95,3,0.10,1.53.4,1-2-3,1350,6,1-2,360,2,1-2-3,950,4,1-2,400,2
20250625,丸亀,8,ガチ勝゛ち８ 進入固定,晴,北,1,1,4,4,3961,谷 村 一 哉,54,41,6.98,4,0.08,1.54.1,1-2-3,1350,6,1-2,360,2,1-2-3,950,4,1-2,400,2
20250625,丸亀,8,ガチ勝゛ち８ 進入固定,晴,北,1,1,5,5,4583,古 田 祐 貴,28,54,7.06,5,0.07,1.54.5,1-2-3,1350,6,1-2,360,2,1-2-3,950,4,1-2,400,2
20250625,丸亀,8,ガチ勝゛ち８ 進入固定,晴,北,1,1,6,6,5199,垂 水 悠,39,61,6.94,6,0.08,1.55.5,1-2-3,1350,6,1-2,360,2,1-2-3,950,4,1-2,400,2
20250625,丸亀,9,予選,曇り,北,1,1,1,2,5224,西 岡 顕 心,50,63,6.91,2,0.19,1.49.6,2-1-6,2130,7,2-1,330,2,1-2-6,740,3,1-2,200,1
20250625,丸亀,9,予選,曇り,北,1,1,2,1,4369,丹 下 将,17,11,7.03,1,0.19,1.52.3,2-1-6,2130,7,2-1,330,2,1-2-6,740,3,1-2,200,1
20250625,丸亀,9,予選,曇り,北,1,1,3,6,4505,島 田 賢 人,20,2,6.94,5,0.17,1.53.7,2-1-6,2130,7,2-1,330,2,1-2-6,740,3,1-2,200,1
20250625,丸亀,9,予選,曇り,北,1,1,4,5,4533,峰 重 侑 治,62,50,6.97,4,0.16,1.54.2,2-1-6,2130,7,2-1,330,2,1-2-6,740,3,1-2,200,1
20250625,丸亀,9,予選,曇り,北,1,1,5,4,3777,樋 口 亮,60,27,6.94,6,0.16,1.55.1,2-1-6,2130,7,2-1,330,2,1-2-6,740,3,1-2,200,1
20250625,丸亀,9,予選,曇り,北,1,1,6,3,5096,上 原 崚,58,23,6.93,3,0.16,1.55.6,2-1-6,2130,7,2-1,330,2,1-2-6,740,3,1-2,200,1
20250625,丸亀,10,まるがめ特賞,曇り,北,1,1,1,3,4856,豊 田 健士郎,61,29,6.85,3,0.11,1.50.9,3-2-4,10340,28,3-2,2690,8,2-3-4,3430,9,2-3,1600,7
20250625,丸亀,10,まるがめ特賞,曇り,北,1,1,2,2,3986,沖 島 広 和,11,15,6.92,2,0.10,1.51.6,3-2-4,10340,28,3-2,2690,8,2-3-4,3430,9,2-3,1600,7
20250625,丸亀,10,まるがめ特賞,曇り,北,1,1,3,4,4889,後 藤 盛 也,46,64,6.88,4,0.08,1.53.8,3-2-4,10340,28,3-2,2690,8,2-3-4,3430,9,2-3,1600,7
20250625,丸亀,10,まるがめ特賞,曇り,北,1,1,4,6,4167,片 岡 秀 樹,37,37,7.02,6,0.16,1.54.6,3-2-4,10340,28,3-2,2690,8,2-3-4,3430,9,2-3,1600,7
20250625,丸亀,10,まるがめ特賞,曇り,北,1,1,5,5,3956,横 澤 剛 治,59,26,6.93,5,0.18,1.54.7,3-2-4,10340,28,3-2,2690,8,2-3-4,3430,9,2-3,1600,7
20250625,丸亀,10,まるがめ特賞,曇り,北,1,1,6,1,4593,小 坂 宗 司,66,32,6.85,1,0.15,1.55.0,3-2-4,10340,28,3-2,2690,8,2-3-4,3430,9,2-3,1600,7
20250625,丸亀,11,予選選抜,曇り,西,1,1,1,2,4584,村 岡 賢 人,19,58,6.80,2,0.13,1.50.0,2-1-3,1500,5,2-1,750,4,1-2-3,220,1,1-2,210,1
20250625,丸亀,11,予選選抜,曇り,西,1,1,2,1,4757,山 田 祐 也,12,45,6.90,1,0.12,1.51.9,2-1-3,1500,5,2-1,750,4,1-2-3,220,1,1-2,210,1
20250625,丸亀,11,予選選抜,曇り,西,1,1,3,3,4269,杉 山 裕 也,5,14,6.81,3,0.14,1.53.7,2-1-3,1500,5,2-1,750,4,1-2-3,220,1,1-2,210,1
20250625,丸亀,11,予選選抜,曇り,西,1,1,4,6,4254,川 島 圭 司,16,36,6.90,6,0.11,1.54.7,2-1-3,1500,5,2-1,750,4,1-2-3,220,1,1-2,210,1
20250625,丸亀,11,予選選抜,曇り,西,1,1,5,4,4931,木 谷 賢 太,13,51,7.00,4,0.17,1.55.4,2-1-3,1500,5,2-1,750,4,1-2-3,220,1,1-2,210,1
20250625,丸亀,11,予選選抜,曇り,西,1,1,6,5,3684,清 水 攻 二,25,13,6.97,5,0.16,1.57.9,2-1-3,1500,5,2-1,750,4,1-2-3,220,1,1-2,210,1
20250625,尼崎,12,予選選抜,曇り,南西,1,1,1,1,4739,中 村 晃 朋,47,53,6.90,1,0.24,1.50.6,1-5-2,1400,5,1-5,820,3,1-2-5,260,1,1-5,530,2
20250625,尼崎,12,予選選抜,曇り,南西,1,1,2,5,5197,中 野 仁 照,40,60,6.86,5,0.19,1.51.8,1-5-2,1400,5,1-5,820,3,1-2-5,260,1,1-5,530,2
20250625,尼崎,12,予選選抜,曇り,南西,1,1,3,2,3960,菊 地 孝 平,49,31,6.83,2,0.19,1.53.5,1-5-2,1400,5,1-5,820,3,1-2-5,260,1,1-5,530,2
20250625,尼崎,12,予選選抜,曇り,南西,1,1,4,3,4331,三 好 勇 人,21,10,7.00,3,0.22,1.54.0,1-5-2,1400,5,1-5,820,3,1-2-5,260,1,1-5,530,2
20250625,尼崎,12,予選選抜,曇り,南西,1,1,5,6,4980,佐々木 完 太,56,25,6.99,6,0.23,1.56.3,1-5-2,1400,5,1-5,820,3,1-2-5,260,1,1-5,530,2
20250625,尼崎,12,予選選抜,曇り,南西,1,1,6,4,3696,白 井 友 晴,43,33,6.96,4,0.26,1.56.9,1-5-2,1400,5,1-5,820,3,1-2-5,260,1,1-5,530,2
20250625,尼崎,1,朝からセンプ,晴,南,3,0,1,1,3075,中 村 裕 将,42,13,6.88,1,0.12,1.50.2,1-3-2,960,2,1-3,410,1,1-2-3,380,2,1-3,370,2
20250625,尼崎,1,朝からセンプ,晴,南,3,0,2,3,4857,加 藤 翔 馬,59,49,6.86,3,0.08,1.51.3,1-3-2,960,2,1-3,410,1,1-2-3,380,2,1-3,370,2
20250625,尼崎,1,朝からセンプ,晴,南,3,0,3,2,4511,中 岡 健 人,60,52,6.87,2,0.10,1.53.5,1-3-2,960,2,1-3,410,1,1-2-3,380,2,1-3,370,2
20250625,尼崎,1,朝からセンプ,晴,南,3,0,4,4,3773,津 留 浩一郎,5,65,6.86,4,0.09,1.54.7,1-3-2,960,2,1-3,410,1,1-2-3,380,2,1-3,370,2
20250625,尼崎,1,朝からセンプ,晴,南,3,0,5,5,4158,木 場 雄二郎,53,57,6.89,5,0.16,1.54.8,1-3-2,960,2,1-3,410,1,1-2-3,380,2,1-3,370,2
20250625,尼崎,1,朝からセンプ,晴,南,3,0,6,6,5374,木 山 大 聖,48,23,6.84,6,0.15,1.56.8,1-3-2,960,2,1-3,410,1,1-2-3,380,2,1-3,370,2
20250625,尼崎,2,予選,晴,北西,3,0,1,1,3901,松 田 憲 幸,31,41,6.87,1,0.18,1.50.1,1-3-4,1460,3,1-3,340,1,1-3-4,650,3,1-3,320,1
20250625,尼崎,2,予選,晴,北西,3,0,2,3,3613,角 谷 健 吾,19,75,6.87,3,0.14,1.51.6,1-3-4,1460,3,1-3,340,1,1-3-4,650,3,1-3,320,1
20250625,尼崎,2,予選,晴,北西,3,0,3,4,3527,中 嶋 誠一郎,18,50,6.88,4,0.17,1.52.8,1-3-4,1460,3,1-3,340,1,1-3-4,650,3,1-3,320,1
20250625,尼崎,2,予選,晴,北西,3,0,4,2,5036,福 田 翔 吾,22,46,6.82,2,0.18,1.54.3,1-3-4,1460,3,1-3,340,1,1-3-4,650,3,1-3,320,1
20250625,尼崎,2,予選,晴,北西,3,0,5,6,4772,石 丸 海 渡,21,34,6.84,6,0.12,1.56.1,1-3-4,1460,3,1-3,340,1,1-3-4,650,3,1-3,320,1
20250625,尼崎,2,予選,晴,北西,3,0,6,5,5353,草 川 壮 良,10,54,6.84,5,0.16,1.56.7,1-3-4,1460,3,1-3,340,1,1-3-4,650,3,1-3,320,1
20250625,尼崎,3,予選,晴,西,2,0,1,5,3853,岩 崎 正 哉,11,71,6.87,5,0.17,1.49.9,5-2-1,7670,24,5-2,3040,9,1-2-5,360,2,2-5,770,4
20250625,尼崎,3,予選,晴,西,2,0,2,2,4488,小 山 勉,16,39,6.81,2,0.15,1.50.3,5-2-1,7670,24,5-2,3040,9,1-2-5,360,2,2-5,770,4
20250625,尼崎,3,予選,晴,西,2,0,3,1,3535,渡 修 平,1,19,6.82,1,0.16,1.53.7,5-2-1,7670,24,5-2,3040,9,1-2-5,360,2,2-5,770,4
20250625,尼崎,3,予選,晴,西,2,0,4,3,4431,石 塚 裕 介,54,63,6.89,3,0.13,1.55.6,5-2-1,7670,24,5-2,3040,9,1-2-5,360,2,2-5,770,4
20250625,尼崎,3,予選,晴,西,2,0,5,4,3313,本 吉 正 樹,51,73,6.88,4,0.10,1.57.4,5-2-1,7670,24,5-2,3040,9,1-2-5,360,2,2-5,770,4
20250625,尼崎,3,予選,晴,西,2,0,6,6,5401,谷 海夏人,41,45,6.78,6,0.11,1.59.0,5-2-1,7670,24,5-2,3040,9,1-2-5,360,2,2-5,770,4
20250625,尼崎,4,予選,晴,西,4,0,1,5,4543,重 木 輝 彦,9,22,6.76,5,0.13,2.04.9,5-4-1,16000,69,5-4,3110,15,1-4-5,1610,7,4-5,2160,7
20250625,尼崎,4,予選,晴,西,4,0,2,4,3715,倉 尾 大 介,14,58,6.87,4,0.18,2.08.7,5-4-1,16000,69,5-4,3110,15,1-4-5,1610,7,4-5,2160,7
20250625,尼崎,4,予選,晴,西,4,0,3,1,3922,菅 沼 佳 昭,45,25,6.80,1,0.29,2.11.4,5-4-1,16000,69,5-4,3110,15,1-4-5,1610,7,4-5,2160,7
20250625,尼崎,4,予選,晴,西,4,0,4,6,5032,谷 口 知 優,2,33,6.80,6,0.12,2.14.6,5-4-1,16000,69,5-4,3110,15,1-4-5,1610,7,4-5,2160,7
20250625,尼崎,5,予選,晴,西,4,0,1,6,5220,青 木 蓮,4,38,6.81,5,0.19,1.50.2,6-3-2,42490,61,6-3,6640,13,2-3-6,6750,12,3-6,1260,5
20250625,尼崎,5,予選,晴,西,4,0,2,3,3606,川 北 浩 貴,12,69,6.82,3,0.23,1.53.2,6-3-2,42490,61,6-3,6640,13,2-3-6,6750,12,3-6,1260,5
20250625,尼崎,5,予選,晴,西,4,0,3,2,3442,宮 武 英 司,27,31,6.86,2,0.33,1.54.2,6-3-2,42490,61,6-3,6640,13,2-3-6,6750,12,3-6,1260,5
20250625,尼崎,5,予選,晴,西,4,0,4,1,4051,清 水 敦 揮,36,67,6.84,1,0.49,1.55.2,6-3-2,42490,61,6-3,6640,13,2-3-6,6750,12,3-6,1260,5
20250625,尼崎,5,予選,晴,西,4,0,5,5,3906,飯 山 晃 三,57,12,6.86,6,0.35,1.56.6,6-3-2,42490,61,6-3,6640,13,2-3-6,6750,12,3-6,1260,5
20250625,尼崎,5,予選,晴,西,4,0,6,4,3712,淺 香 文 武,23,43,6.88,4,0.24,1.58.7,6-3-2,42490,61,6-3,6640,13,2-3-6,6750,12,3-6,1260,5
20250625,尼崎,6,昼どきピンク,晴,西,5,3,1,1,4604,岩 瀬 裕 亮,35,53,6.75,1,0.15,1.49.7,1-3-4,510,1,1-3,310,2,1-3-4,300,1,1-3,420,3
20250625,尼崎,6,昼どきピンク,晴,西,5,3,2,3,4529,嶋 義 信,13,74,6.86,3,0.15,1.51.7,1-3-4,510,1,1-3,310,2,1-3-4,300,1,1-3,420,3
20250625,尼崎,6,昼どきピンク,晴,西,5,3,3,4,4553,坪 口 竜 也,28,55,6.84,4,0.23,1.53.2,1-3-4,510,1,1-3,310,2,1-3-4,300,1,1-3,420,3
20250625,尼崎,6,昼どきピンク,晴,西,5,3,4,5,4425,大 井 清 貴,32,62,6.88,5,0.22,1.55.3,1-3-4,510,1,1-3,310,2,1-3-4,300,1,1-3,420,3
20250625,尼崎,6,昼どきピンク,晴,西,5,3,5,2,3663,木 山 和 幸,17,60,6.84,2,0.20,1.57.3,1-3-4,510,1,1-3,310,2,1-3-4,300,1,1-3,420,3
20250625,尼崎,6,昼どきピンク,晴,西,5,3,6,6,5353,草 川 壮 良,10,54,6.86,6,0.41,1.58.1,1-3-4,510,1,1-3,310,2,1-3-4,300,1,1-3,420,3
20250625,尼崎,7,予選,晴,南西,6,4,1,1,4158,木 場 雄二郎,53,57,6.87,1,0.19,1.51.2,1-3-6,2460,9,1-3,430,2,1-3-6,820,4,1-3,150,1
20250625,尼崎,7,予選,晴,南西,6,4,2,3,3721,守 田 俊 介,6,68,6.89,3,0.19,1.51.9,1-3-6,2460,9,1-3,430,2,1-3-6,820,4,1-3,150,1
20250625,尼崎,7,予選,晴,南西,6,4,3,6,4118,宇佐見 淳,20,26,6.88,6,0.26,1.53.3,1-3-6,2460,9,1-3,430,2,1-3-6,820,4,1-3,150,1
20250625,尼崎,7,予選,晴,南西,6,4,4,5,5023,久 永 祥 平,55,61,6.83,5,0.29,1.54.4,1-3-6,2460,9,1-3,430,2,1-3-6,820,4,1-3,150,1
20250625,尼崎,7,予選,晴,南西,6,4,5,4,3951,石 川 吉 鎬,61,27,6.90,4,0.29,1.56.4,1-3-6,2460,9,1-3,430,2,1-3-6,820,4,1-3,150,1
20250625,尼崎,7,予選,晴,南西,6,4,6,2,4020,川 上 清 人,34,51,6.91,2,0.33,1.59.8,1-3-6,2460,9,1-3,430,2,1-3-6,820,4,1-3,150,1
20250625,尼崎,8,予選,晴,西,4,0,1,3,5000,岡 本 翔太郎,46,44,6.75,3,0.17,1.51.3,3-2-4,8450,29,3-2,4020,15,2-3-4,1440,7,2-3,1800,8
20250625,尼崎,8,予選,晴,西,4,0,2,2,3853,岩 崎 正 哉,11,71,6.84,2,0.22,1.52.7,3-2-4,8450,29,3-2,4020,15,2-3-4,1440,7,2-3,1800,8
20250625,尼崎,8,予選,晴,西,4,0,3,4,3907,村 越 篤,25,35,6.78,4,0.16,1.54.5,3-2-4,8450,29,3-2,4020,15,2-3-4,1440,7,2-3,1800,8
20250625,尼崎,8,予選,晴,西,4,0,4,6,3613,角 谷 健 吾,19,75,6.83,6,0.16,1.55.9,3-2-4,8450,29,3-2,4020,15,2-3-4,1440,7,2-3,1800,8
20250625,尼崎,8,予選,晴,西,4,0,5,5,3922,菅 沼 佳 昭,45,25,6.82,5,0.17,1.57.3,3-2-4,8450,29,3-2,4020,15,2-3-4,1440,7,2-3,1800,8
20250625,尼崎,8,予選,晴,西,4,0,6,1,3731,高 濱 芳 久,7,66,6.85,1,0.29,1.59.7,3-2-4,8450,29,3-2,4020,15,2-3-4,1440,7,2-3,1800,8
20250625,尼崎,9,予選特賞,晴,西,7,5,1,3,3715,倉 尾 大 介,14,58,6.81,3,0.19,1.50.6,3-5-4,16410,42,3-5,8250,17,3-4-5,2860,8,3-5,3500,7
20250625,尼崎,9,予選特賞,晴,西,7,5,2,5,4776,竹 田 和 哉,15,14,6.82,5,0.17,1.52.5,3-5-4,16410,42,3-5,8250,17,3-4-5,2860,8,3-5,3500,7
20250625,尼崎,9,予選特賞,晴,西,7,5,3,4,4040,廣 瀬 将 亨,50,42,6.82,4,0.17,1.53.5,3-5-4,16410,42,3-5,8250,17,3-4-5,2860,8,3-5,3500,7
20250625,尼崎,9,予選特賞,晴,西,7,5,4,1,3606,川 北 浩 貴,12,69,6.81,1,0.28,1.54.7,3-5-4,16410,42,3-5,8250,17,3-4-5,2860,8,3-5,3500,7
20250625,尼崎,9,予選特賞,晴,西,7,5,5,6,5036,福 田 翔 吾,22,46,6.80,6,0.18,1.56.9,3-5-4,16410,42,3-5,8250,17,3-4-5,2860,8,3-5,3500,7
20250625,尼崎,9,予選特賞,晴,西,7,5,6,2,3773,津 留 浩一郎,5,65,6.86,2,0.13,1.58.1,3-5-4,16410,42,3-5,8250,17,3-4-5,2860,8,3-5,3500,7
20250625,尼崎,10,予選特賞,晴,南,4,0,1,1,4857,加 藤 翔 馬,59,49,6.80,1,0.20,1.49.9,1-6-3,4600,16,1-6,3100,8,1-3-6,780,3,1-6,1370,6
20250625,尼崎,10,予選特賞,晴,南,4,0,2,6,4431,石 塚 裕 介,54,63,6.85,5,0.19,1.51.8,1-6-3,4600,16,1-6,3100,8,1-3-6,780,3,1-6,1370,6
20250625,尼崎,10,予選特賞,晴,南,4,0,3,3,5220,青 木 蓮,4,38,6.72,3,0.25,1.52.9,1-6-3,4600,16,1-6,3100,8,1-3-6,780,3,1-6,1370,6
20250625,尼崎,10,予選特賞,晴,南,4,0,4,2,3527,中 嶋 誠一郎,18,50,6.85,2,0.18,1.53.4,1-6-3,4600,16,1-6,3100,8,1-3-6,780,3,1-6,1370,6
20250625,尼崎,10,予選特賞,晴,南,4,0,5,4,4529,嶋 義 信,13,74,6.87,4,0.14,1.53.6,1-6-3,4600,16,1-6,3100,8,1-3-6,780,3,1-6,1370,6
20250625,尼崎,11,予選特選,晴,南西,3,0,1,1,4553,坪 口 竜 也,28,55,6.83,1,0.11,1.50.3,1-3-2,1350,4,1-3,1180,3,1-2-3,460,2,1-3,730,3
20250625,尼崎,11,予選特選,晴,南西,3,0,2,3,3712,淺 香 文 武,23,43,6.88,3,0.07,1.51.3,1-3-2,1350,4,1-3,1180,3,1-2-3,460,2,1-3,730,3
20250625,尼崎,11,予選特選,晴,南西,3,0,3,2,4118,宇佐見 淳,20,26,6.85,2,0.11,1.53.0,1-3-2,1350,4,1-3,1180,3,1-2-3,460,2,1-3,730,3
20250625,尼崎,11,予選特選,晴,南西,3,0,4,4,4598,加 藤 政 彦,52,64,6.84,4,0.09,1.54.4,1-3-2,1350,4,1-3,1180,3,1-2-3,460,2,1-3,730,3
20250625,尼崎,11,予選特選,晴,南西,3,0,5,6,4511,中 岡 健 人,60,52,6.84,6,0.08,1.54.8,1-3-2,1350,4,1-3,1180,3,1-2-3,460,2,1-3,730,3
20250625,尼崎,11,予選特選,晴,南西,3,0,6,5,3901,松 田 憲 幸,31,41,6.89,5,0.08,1.55.4,1-3-2,1350,4,1-3,1180,3,1-2-3,460,2,1-3,730,3
20250625,住之江,12,サンスポ選抜,晴,南西,3,0,1,1,3721,守 田 俊 介,6,68,6.90,1,0.12,1.49.3,1-3-5,1440,7,1-3,260,1,1-3-5,930,4,1-3,190,1
20250625,住之江,12,サンスポ選抜,晴,南西,3,0,2,3,4543,重 木 輝 彦,9,22,6.81,3,0.15,1.51.1,1-3-5,1440,7,1-3,260,1,1-3-5,930,4,1-3,190,1
20250625,住之江,12,サンスポ選抜,晴,南西,3,0,3,5,4051,清 水 敦 揮,36,67,6.84,5,0.16,1.51.9,1-3-5,1440,7,1-3,260,1,1-3-5,930,4,1-3,190,1
20250625,住之江,12,サンスポ選抜,晴,南西,3,0,4,4,4604,岩 瀬 裕 亮,35,53,6.82,4,0.15,1.53.8,1-3-5,1440,7,1-3,260,1,1-3-5,930,4,1-3,190,1
20250625,住之江,12,サンスポ選抜,晴,南西,3,0,5,6,4488,小 山 勉,16,39,6.84,6,0.24,1.55.1,1-3-5,1440,7,1-3,260,1,1-3-5,930,4,1-3,190,1
20250625,住之江,12,サンスポ選抜,晴,南西,3,0,6,2,4772,石 丸 海 渡,21,34,6.86,2,0.14,1.56.6,1-3-5,1440,7,1-3,260,1,1-3-5,930,4,1-3,190,1
20250625,住之江,1,予選,晴,南東,2,1,1,4,4317,木 村 紗友希,34,93,6.88,4,0.09,1.51.4,4-1-3,12810,33,4-1,1840,7,1-3-4,1180,6,1-4,630,3
20250625,住之江,1,予選,晴,南東,2,1,2,1,5019,柴 田 百 恵,81,37,6.83,1,0.22,1.53.4,4-1-3,12810,33,4-1,1840,7,1-3-4,1180,6,1-4,630,3
20250625,住之江,1,予選,晴,南東,2,1,3,3,3289,高 橋 淳 美,76,67,6.99,3,0.21,1.54.8,4-1-3,12810,33,4-1,1840,7,1-3-4,1180,6,1-4,630,3
20250625,住之江,1,予選,晴,南東,2,1,4,5,4909,薮 内 瑞 希,74,61,6.88,5,0.08,1.56.4,4-1-3,12810,33,4-1,1840,7,1-3-4,1180,6,1-4,630,3
20250625,住之江,1,予選,晴,南東,2,1,5,2,4784,向井田 真 紀,89,36,6.89,2,0.13,1.57.9,4-1-3,12810,33,4-1,1840,7,1-3-4,1180,6,1-4,630,3
20250625,住之江,1,予選,晴,南東,2,1,6,6,5387,戸 田 海咲音,50,16,6.87,6,0.12,1.59.2,4-1-3,12810,33,4-1,1840,7,1-3-4,1180,6,1-4,630,3
20250625,住之江,2,予選,晴,南東,2,1,1,4,5088,高 憧 四 季,25,91,6.86,4,0.04,1.49.9,4-2-1,1140,2,4-2,490,2,1-2-4,180,1,2-4,410,2
20250625,住之江,2,予選,晴,南東,2,1,2,2,5189,藤 原 早 菜,20,18,6.90,2,0.13,1.52.9,4-2-1,1140,2,4-2,490,2,1-2-4,180,1,2-4,410,2
20250625,住之江,2,予選,晴,南東,2,1,3,1,4781,西 舘 果 里,63,31,6.91,1,0.04,1.55.2,4-2-1,1140,2,4-2,490,2,1-2-4,180,1,2-4,410,2
20250625,住之江,2,予選,晴,南東,2,1,4,3,5297,南 彩 寧,32,35,6.87,3,0.10,1.56.1,4-2-1,1140,2,4-2,490,2,1-2-4,180,1,2-4,410,2
20250625,住之江,2,予選,晴,南東,2,1,5,6,3509,池 千 夏,79,78,7.02,6,0.10,1.57.2,4-2-1,1140,2,4-2,490,2,1-2-4,180,1,2-4,410,2
20250625,住之江,2,予選,晴,南東,2,1,6,5,5367,赤 松 咲 香,85,22,7.12,5,0.15,2.00.3,4-2-1,1140,2,4-2,490,2,1-2-4,180,1,2-4,410,2
20250625,住之江,3,予選,晴,南,1,1,1,6,4501,樋 口 由加里,31,56,6.87,6,0.13,1.50.6,6-3-2,19910,57,6-3,3900,14,2-3-6,2320,7,3-6,720,3
20250625,住之江,3,予選,晴,南,1,1,2,3,5057,上 田 紗 奈,12,19,6.89,2,0.19,1.52.5,6-3-2,19910,57,6-3,3900,14,2-3-6,2320,7,3-6,720,3
20250625,住之江,3,予選,晴,南,1,1,3,2,5295,田 上 凜,70,76,6.87,3,0.25,1.53.9,6-3-2,19910,57,6-3,3900,14,2-3-6,2320,7,3-6,720,3
20250625,住之江,3,予選,晴,南,1,1,4,4,5272,松 田 真 実,35,94,6.88,4,0.19,1.54.7,6-3-2,19910,57,6-3,3900,14,2-3-6,2320,7,3-6,720,3
20250625,住之江,3,予選,晴,南,1,1,5,1,3175,渡 辺 千 草,18,27,6.87,1,0.26,1.56.5,6-3-2,19910,57,6-3,3900,14,2-3-6,2320,7,3-6,720,3
20250625,住之江,3,予選,晴,南,1,1,6,5,5164,森 田 梨 湖,61,38,6.90,5,0.30,1.58.0,6-3-2,19910,57,6-3,3900,14,2-3-6,2320,7,3-6,720,3
20250625,住之江,4,予選,晴,北,2,1,1,3,5165,小 林 愛 実,15,12,6.99,3,0.10,1.50.1,3-2-4,3530,21,3-2,1810,11,2-3-4,380,1,2-3,1050,6
20250625,住之江,4,予選,晴,北,2,1,2,2,5079,大 石 真 央,54,60,6.96,2,0.09,1.52.7,3-2-4,3530,21,3-2,1810,11,2-3-4,380,1,2-3,1050,6
20250625,住之江,4,予選,晴,北,2,1,3,4,4289,落 合 直 子,86,39,6.95,4,0.21,1.54.2,3-2-4,3530,21,3-2,1810,11,2-3-4,380,1,2-3,1050,6
20250625,住之江,4,予選,晴,北,2,1,4,1,5291,三 嶌 こころ,37,21,6.93,1,0.13,1.56.3,3-2-4,3530,21,3-2,1810,11,2-3-4,380,1,2-3,1050,6
20250625,住之江,4,予選,晴,北,2,1,5,6,5335,森 陽 多,11,85,6.93,5,0.19,1.56.4,3-2-4,3530,21,3-2,1810,11,2-3-4,380,1,2-3,1050,6
20250625,住之江,4,予選,晴,北,2,1,6,5,5357,田 中 瀬里奈,82,64,7.04,6,0.58,1.59.2,3-2-4,3530,21,3-2,1810,11,2-3-4,380,1,2-3,1050,6
20250625,住之江,5,住之江ファイ,晴,無風,0,1,1,5,5140,吉 田 彩 乃,62,50,6.90,5,0.14,1.50.7,5-6-1,27390,57,5-6,11280,21,1-5-6,1950,9,5-6,6940,14
20250625,住之江,5,住之江ファイ,晴,無風,0,1,2,6,4746,大豆生田 蒼,57,74,6.94,6,0.12,1.52.3,5-6-1,27390,57,5-6,11280,21,1-5-6,1950,9,5-6,6940,14
20250625,住之江,5,住之江ファイ,晴,無風,0,1,3,1,4373,若 狭 奈美子,69,24,6.99,1,0.16,1.53.7,5-6-1,27390,57,5-6,11280,21,1-5-6,1950,9,5-6,6940,14
20250625,住之江,5,住之江ファイ,晴,無風,0,1,4,2,5151,山 下 奈 緒,29,92,6.89,2,0.38,1.55.6,5-6-1,27390,57,5-6,11280,21,1-5-6,1950,9,5-6,6940,14
20250625,住之江,5,住之江ファイ,晴,無風,0,1,5,3,4853,前 原 哉,38,52,6.92,3,0.26,1.55.9,5-6-1,27390,57,5-6,11280,21,1-5-6,1950,9,5-6,6940,14
20250625,住之江,5,住之江ファイ,晴,無風,0,1,6,4,4784,向井田 真 紀,89,36,7.00,4,0.22,1.59.5,5-6-1,27390,57,5-6,11280,21,1-5-6,1950,9,5-6,6940,14
20250625,住之江,6,予選特別Ｂ戦,晴,無風,0,1,1,1,4556,竹 井 奈 美,58,17,6.96,1,0.11,1.50.5,1-2-4,3900,15,1-2,1070,4,1-2-4,1900,8,1-2,760,4
20250625,住之江,6,予選特別Ｂ戦,晴,無風,0,1,2,2,4317,木 村 紗友希,34,93,6.94,2,0.16,1.52.1,1-2-4,3900,15,1-2,1070,4,1-2-4,1900,8,1-2,760,4
20250625,住之江,6,予選特別Ｂ戦,晴,無風,0,1,3,4,4720,西 澤 日花里,39,33,6.97,4,0.18,1.53.1,1-2-4,3900,15,1-2,1070,4,1-2-4,1900,8,1-2,760,4
20250625,住之江,6,予選特別Ｂ戦,晴,無風,0,1,4,3,5174,川 井 萌,60,90,6.90,3,0.12,1.53.3,1-2-4,3900,15,1-2,1070,4,1-2-4,1900,8,1-2,760,4
20250625,住之江,6,予選特別Ｂ戦,晴,無風,0,1,5,5,5188,武 井 莉里佳,88,32,6.90,5,0.12,1.56.0,1-2-4,3900,15,1-2,1070,4,1-2-4,1900,8,1-2,760,4
20250625,住之江,6,予選特別Ｂ戦,晴,無風,0,1,6,6,5367,赤 松 咲 香,85,22,7.04,6,0.14,1.59.2,1-2-4,3900,15,1-2,1070,4,1-2-4,1900,8,1-2,760,4
20250625,住之江,7,予選,晴,無風,0,1,1,2,4791,黒 澤 めぐみ,14,34,6.91,2,0.13,1.50.8,2-1-5,2670,13,2-1,680,3,1-2-5,910,5,1-2,350,1
20250625,住之江,7,予選,晴,無風,0,1,2,1,3289,高 橋 淳 美,76,67,6.99,1,0.15,1.52.7,2-1-5,2670,13,2-1,680,3,1-2-5,910,5,1-2,350,1
20250625,住之江,7,予選,晴,無風,0,1,3,5,3175,渡 辺 千 草,18,27,6.94,5,0.14,1.54.8,2-1-5,2670,13,2-1,680,3,1-2-5,910,5,1-2,350,1
20250625,住之江,7,予選,晴,無風,0,1,4,4,5213,湯 淺 紀 香,26,73,6.88,4,0.22,1.55.2,2-1-5,2670,13,2-1,680,3,1-2-5,910,5,1-2,350,1
20250625,住之江,7,予選,晴,無風,0,1,5,3,3509,池 千 夏,79,78,6.98,3,0.13,1.56.5,2-1-5,2670,13,2-1,680,3,1-2-5,910,5,1-2,350,1
20250625,住之江,7,予選,晴,無風,0,1,6,6,5389,恵 良 琴 美,71,53,6.89,6,0.17,1.59.1,2-1-5,2670,13,2-1,680,3,1-2-5,910,5,1-2,350,1
20250625,住之江,8,トワイライト,晴,無風,0,1,1,1,5057,上 田 紗 奈,12,19,6.88,1,0.10,1.50.5,1-3-6,1320,6,1-3,360,2,1-3-6,880,5,1-3,250,2
20250625,住之江,8,トワイライト,晴,無風,0,1,2,3,4781,西 舘 果 里,63,31,6.95,3,0.09,1.52.7,1-3-6,1320,6,1-3,360,2,1-3-6,880,5,1-3,250,2
20250625,住之江,8,トワイライト,晴,無風,0,1,3,6,5230,石 原 凪 紗,66,72,6.86,5,0.18,1.55.2,1-3-6,1320,6,1-3,360,2,1-3-6,880,5,1-3,250,2
20250625,住之江,8,トワイライト,晴,無風,0,1,4,2,5291,三 嶌 こころ,37,21,6.98,2,0.16,1.55.3,1-3-6,1320,6,1-3,360,2,1-3-6,880,5,1-3,250,2
20250625,住之江,8,トワイライト,晴,無風,0,1,5,4,4891,寺 島 美 里,36,83,6.98,4,0.19,1.56.4,1-3-6,1320,6,1-3,360,2,1-3-6,880,5,1-3,250,2
20250625,住之江,8,トワイライト,晴,無風,0,1,6,5,5387,戸 田 海咲音,50,16,6.91,6,0.30,1.59.0,1-3-6,1320,6,1-3,360,2,1-3-6,880,5,1-3,250,2
20250625,住之江,9,予選,晴,無風,0,1,1,1,5088,高 憧 四 季,25,91,6.85,1,0.17,1.49.6,1-3-2,560,2,1-3,240,1,1-2-3,210,1,1-3,200,1
20250625,住之江,9,予選,晴,無風,0,1,2,3,4373,若 狭 奈美子,69,24,6.98,3,0.40,1.52.3,1-3-2,560,2,1-3,240,1,1-2-3,210,1,1-3,200,1
20250625,住之江,9,予選,晴,無風,0,1,3,2,4984,森 下 愛 梨,75,77,6.91,2,0.16,1.53.5,1-3-2,560,2,1-3,240,1,1-2-3,210,1,1-3,200,1
20250625,住之江,9,予選,晴,無風,0,1,4,6,5272,松 田 真 実,35,94,6.90,5,0.15,1.54.4,1-3-2,560,2,1-3,240,1,1-2-3,210,1,1-3,200,1
20250625,住之江,9,予選,晴,無風,0,1,5,5,5019,柴 田 百 恵,81,37,6.93,4,0.14,1.56.2,1-3-2,560,2,1-3,240,1,1-2-3,210,1,1-3,200,1
20250625,住之江,9,予選,晴,無風,0,1,6,4,5357,田 中 瀬里奈,82,64,7.03,6,0.17,1.57.8,1-3-2,560,2,1-3,240,1,1-2-3,210,1,1-3,200,1
20250625,住之江,10,予選特別Ｂ戦,晴,無風,0,1,1,1,4909,薮 内 瑞 希,74,61,6.92,1,0.08,1.50.6,1-2-3,560,1,1-2,290,1,1-2-3,220,1,1-2,230,1
20250625,住之江,10,予選特別Ｂ戦,晴,無風,0,1,2,2,4746,大豆生田 蒼,57,74,6.96,2,0.11,1.51.7,1-2-3,560,1,1-2,290,1,1-2-3,220,1,1-2,230,1
20250625,住之江,10,予選特別Ｂ戦,晴,無風,0,1,3,3,4556,竹 井 奈 美,58,17,7.01,3,0.13,1.54.1,1-2-3,560,1,1-2,290,1,1-2-3,220,1,1-2,230,1
20250625,住之江,10,予選特別Ｂ戦,晴,無風,0,1,4,5,4730,土 屋 実沙希,68,26,6.98,5,0.20,1.55.3,1-2-3,560,1,1-2,290,1,1-2-3,220,1,1-2,230,1
20250625,住之江,10,予選特別Ｂ戦,晴,無風,0,1,5,6,5164,森 田 梨 湖,61,38,6.97,6,0.22,1.55.6,1-2-3,560,1,1-2,290,1,1-2-3,220,1,1-2,230,1
20250625,住之江,10,予選特別Ｂ戦,晴,無風,0,1,6,4,5079,大 石 真 央,54,60,6.99,4,0.14,1.55.8,1-2-3,560,1,1-2,290,1,1-2-3,220,1,1-2,230,1
20250625,住之江,11,予選特別Ａ戦,晴,無風,0,1,1,1,4289,落 合 直 子,86,39,6.90,1,0.13,1.50.4,1-3-4,730,1,1-3,320,1,1-3-4,290,1,1-3,350,3
20250625,住之江,11,予選特別Ａ戦,晴,無風,0,1,2,3,4501,樋 口 由加里,31,56,6.97,4,0.18,1.51.5,1-3-4,730,1,1-3,320,1,1-3-4,290,1,1-3,350,3
20250625,住之江,11,予選特別Ａ戦,晴,無風,0,1,3,4,5174,川 井 萌,60,90,6.94,3,0.33,1.53.7,1-3-4,730,1,1-3,320,1,1-3-4,290,1,1-3,350,3
20250625,住之江,11,予選特別Ａ戦,晴,無風,0,1,4,5,4744,伊 藤 玲 奈,52,23,7.05,5,0.20,1.54.7,1-3-4,730,1,1-3,320,1,1-3-4,290,1,1-3,350,3
20250625,住之江,11,予選特別Ａ戦,晴,無風,0,1,5,2,5281,井 上 遥 妃,17,87,6.93,2,0.13,1.55.0,1-3-4,730,1,1-3,320,1,1-3-4,290,1,1-3,350,3
20250625,住之江,11,予選特別Ａ戦,晴,無風,0,1,6,6,5140,吉 田 彩 乃,62,50,6.92,6,0.26,1.55.6,1-3-4,730,1,1-3,320,1,1-3-4,290,1,1-3,350,3
20250625,びわこ,12,レディスＤＲ,晴,無風,0,1,1,2,4478,櫻 本 あゆみ,13,58,6.92,2,0.11,1.51.0,2-1-5,2340,10,2-1,680,3,1-2-5,540,3,1-2,220,1
20250625,びわこ,12,レディスＤＲ,晴,無風,0,1,2,1,4927,関 野 文,83,84,6.96,1,0.10,1.52.2,2-1-5,2340,10,2-1,680,3,1-2-5,540,3,1-2,220,1
20250625,びわこ,12,レディスＤＲ,晴,無風,0,1,3,5,4443,津 田 裕 絵,21,62,6.91,5,0.12,1.53.7,2-1-5,2340,10,2-1,680,3,1-2-5,540,3,1-2,220,1
20250625,びわこ,12,レディスＤＲ,晴,無風,0,1,4,4,4372,原 田 佑 実,55,95,6.93,4,0.14,1.53.9,2-1-5,2340,10,2-1,680,3,1-2-5,540,3,1-2,220,1
20250625,びわこ,12,レディスＤＲ,晴,無風,0,1,5,3,4589,塩 崎 桐 加,65,86,6.91,3,0.08,1.55.6,2-1-5,2340,10,2-1,680,3,1-2-5,540,3,1-2,220,1
20250625,びわこ,12,レディスＤＲ,晴,無風,0,1,6,6,5069,山 崎 小葉音,30,15,6.89,6,0.10,1.57.2,2-1-5,2340,10,2-1,680,3,1-2-5,540,3,1-2,220,1
20250625,びわこ,1,一般,晴,北東,2,2,1,1,4325,新 出 浩 司,21,49,6.84,1,0.17,1.50.4,1-2-5,1930,3,1-2,500,1,1-2-5,750,3,1-2,530,2
20250625,びわこ,1,一般,晴,北東,2,2,2,2,4978,山 田 和 佐,16,46,6.74,2,0.19,1.51.7,1-2-5,1930,3,1-2,500,1,1-2-5,750,3,1-2,530,2
20250625,びわこ,1,一般,晴,北東,2,2,3,5,5090,生 方 靖 亜,11,35,6.74,5,0.25,1.52.8,1-2-5,1930,3,1-2,500,1,1-2-5,750,3,1-2,530,2
20250625,びわこ,1,一般,晴,北東,2,2,4,3,5323,香 川 陽 太,44,43,6.82,3,0.17,1.54.0,1-2-5,1930,3,1-2,500,1,1-2-5,750,3,1-2,530,2
20250625,びわこ,1,一般,晴,北東,2,2,5,4,3664,鈴 木 賢 一,13,45,6.74,4,0.18,,1-2-5,1930,3,1-2,500,1,1-2-5,750,3,1-2,530,2
20250625,びわこ,1,一般,晴,北東,2,2,6,6,5339,石 井 伸 長,35,58,6.74,6,0.14,,1-2-5,1930,3,1-2,500,1,1-2-5,750,3,1-2,530,2
20250625,びわこ,2,一般,曇り,北東,3,3,1,5,4090,中 村 尊,73,15,6.74,5,0.09,1.50.2,5-1-4,5170,19,5-1,1060,4,1-4-5,1140,5,1-5,210,1
20250625,びわこ,2,一般,曇り,北東,3,3,2,1,3305,小 野 信 樹,34,16,6.68,1,0.23,1.51.4,5-1-4,5170,19,5-1,1060,4,1-4-5,1140,5,1-5,210,1
20250625,びわこ,2,一般,曇り,北東,3,3,3,4,3973,崎 利 仁,15,34,6.84,4,0.13,1.53.8,5-1-4,5170,19,5-1,1060,4,1-4-5,1140,5,1-5,210,1
20250625,びわこ,2,一般,曇り,北東,3,3,4,2,3591,後 藤 孝 義,14,72,6.75,2,0.08,1.55.1,5-1-4,5170,19,5-1,1060,4,1-4-5,1140,5,1-5,210,1
20250625,びわこ,2,一般,曇り,北東,3,3,5,6,3708,岡 部 貴 司,59,22,6.88,6,0.11,,5-1-4,5170,19,5-1,1060,4,1-4-5,1140,5,1-5,210,1
20250625,びわこ,2,一般,曇り,北東,3,3,6,3,3596,河 上 年 昭,64,27,6.84,3,0.10,,5-1-4,5170,19,5-1,1060,4,1-4-5,1140,5,1-5,210,1
20250625,びわこ,3,一般,晴,北東,2,2,1,2,4458,抹 香 雄 三,28,20,6.75,2,0.17,1.49.9,2-1-3,1080,3,2-1,730,4,1-2-3,160,1,1-2,160,1
20250625,びわこ,3,一般,晴,北東,2,2,2,1,3619,長谷川 充,57,38,6.76,1,0.17,1.51.4,2-1-3,1080,3,2-1,730,4,1-2-3,160,1,1-2,160,1
20250625,びわこ,3,一般,晴,北東,2,2,3,3,4308,河 村 了,24,50,6.83,3,0.17,1.53.5,2-1-3,1080,3,2-1,730,4,1-2-3,160,1,1-2,160,1
20250625,びわこ,3,一般,晴,北東,2,2,4,4,5313,鈴 木 唯 央,58,60,6.74,4,0.16,1.54.6,2-1-3,1080,3,2-1,730,4,1-2-3,160,1,1-2,160,1
20250625,びわこ,3,一般,晴,北東,2,2,5,5,3605,中 村 守 成,69,40,6.91,5,0.18,,2-1-3,1080,3,2-1,730,4,1-2-3,160,1,1-2,160,1
20250625,びわこ,3,一般,晴,北東,2,2,6,6,5400,高 村 諒,48,21,6.82,6,0.22,,2-1-3,1080,3,2-1,730,4,1-2-3,160,1,1-2,160,1
20250625,びわこ,4,一般,晴,北,2,2,1,1,3432,宮 迫 暢 彦,68,41,6.70,1,0.05,1.50.8,1-2-3,1140,3,1-2,640,2,1-2-3,440,2,1-2,980,4
20250625,びわこ,4,一般,晴,北,2,2,2,2,4872,山 下 流 心,37,11,6.78,2,0.09,1.52.5,1-2-3,1140,3,1-2,640,2,1-2-3,440,2,1-2,980,4
20250625,びわこ,4,一般,晴,北,2,2,3,3,4649,和 田 操 拓,32,51,6.78,3,0.06,1.54.0,1-2-3,1140,3,1-2,640,2,1-2-3,440,2,1-2,980,4
20250625,びわこ,4,一般,晴,北,2,2,4,5,3454,井 川 大 作,18,65,6.78,5,0.15,1.55.2,1-2-3,1140,3,1-2,640,2,1-2-3,440,2,1-2,980,4
20250625,びわこ,4,一般,晴,北,2,2,5,4,3499,市 川 哲 也,27,52,6.90,4,0.12,,1-2-3,1140,3,1-2,640,2,1-2-3,440,2,1-2,980,4
20250625,びわこ,4,一般,晴,北,2,2,6,6,4226,村 田 浩 司,39,18,6.74,6,0.15,,1-2-3,1140,3,1-2,640,2,1-2-3,440,2,1-2,980,4
20250625,びわこ,5,一般,晴,北東,3,2,1,4,4925,森 悠 稀,54,59,6.76,4,0.11,1.51.2,4-2-1,4130,13,4-2,2050,7,1-2-4,250,1,2-4,630,2
20250625,びわこ,5,一般,晴,北東,3,2,2,2,4470,平 田 健之佑,12,54,6.80,2,0.15,1.52.3,4-2-1,4130,13,4-2,2050,7,1-2-4,250,1,2-4,630,2
20250625,びわこ,5,一般,晴,北東,3,2,3,1,3538,菊 池 峰 晴,30,62,6.80,1,0.13,1.53.9,4-2-1,4130,13,4-2,2050,7,1-2-4,250,1,2-4,630,2
20250625,びわこ,5,一般,晴,北東,3,2,4,5,3653,品 川 賢 次,61,44,6.85,5,0.21,1.54.0,4-2-1,4130,13,4-2,2050,7,1-2-4,250,1,2-4,630,2
20250625,びわこ,5,一般,晴,北東,3,2,5,6,5343,小 林 礼 央,17,66,6.77,6,0.23,,4-2-1,4130,13,4-2,2050,7,1-2-4,250,1,2-4,630,2
20250625,びわこ,5,一般,晴,北東,3,2,6,3,4978,山 田 和 佐,16,46,6.77,3,0.17,,4-2-1,4130,13,4-2,2050,7,1-2-4,250,1,2-4,630,2
20250625,びわこ,6,一般,晴,北東,2,2,1,1,4388,是 澤 孝 宏,36,29,6.74,1,0.14,1.58.8,1-2-3,1360,4,1-2,850,4,1-2-3,350,2,1-2,730,3
20250625,びわこ,6,一般,晴,北東,2,2,2,2,4429,豊 田 泰 洋,20,13,6.89,2,0.19,2.01.4,1-2-3,1360,4,1-2,850,4,1-2-3,350,2,1-2,730,3
20250625,びわこ,6,一般,晴,北東,2,2,3,3,4466,南 佑 典,23,47,6.79,3,0.14,2.02.5,1-2-3,1360,4,1-2,850,4,1-2-3,350,2,1-2,730,3
20250625,びわこ,6,一般,晴,北東,2,2,4,5,3910,松 下 知 幸,67,26,6.89,5,0.23,2.06.7,1-2-3,1360,4,1-2,850,4,1-2-3,350,2,1-2,730,3
20250625,びわこ,6,一般,晴,北東,2,2,5,6,3973,崎 利 仁,15,34,6.89,6,0.23,,1-2-3,1360,4,1-2,850,4,1-2-3,350,2,1-2,730,3
20250625,びわこ,7,一般,晴,北東,2,2,1,2,3664,鈴 木 賢 一,13,45,6.81,2,0.14,1.51.4,2-1-4,1400,3,2-1,940,4,1-2-4,230,1,1-2,310,2
20250625,びわこ,7,一般,晴,北東,2,2,2,1,3615,横 田 茂,19,68,6.80,1,0.11,1.53.0,2-1-4,1400,3,2-1,940,4,1-2-4,230,1,1-2,310,2
20250625,びわこ,7,一般,晴,北東,2,2,3,4,4442,松 竹 大 輔,70,64,6.75,4,0.12,1.53.4,2-1-4,1400,3,2-1,940,4,1-2-4,230,1,1-2,310,2
20250625,びわこ,7,一般,晴,北東,2,2,4,5,3591,後 藤 孝 義,14,72,6.82,5,0.15,1.55.3,2-1-4,1400,3,2-1,940,4,1-2-4,230,1,1-2,310,2
20250625,びわこ,7,一般,晴,北東,2,2,5,3,4005,瀬 川 公 則,63,23,6.79,3,0.10,,2-1-4,1400,3,2-1,940,4,1-2-4,230,1,1-2,310,2
20250625,びわこ,7,一般,晴,北東,2,2,6,6,5400,高 村 諒,48,21,6.86,6,0.22,,2-1-4,1400,3,2-1,940,4,1-2-4,230,1,1-2,310,2
20250625,びわこ,8,一般,晴,北東,3,3,1,3,4872,山 下 流 心,37,11,6.76,3,0.05,1.51.2,3-1-4,1500,3,3-1,1150,5,1-3-4,260,1,1-3,360,1
20250625,びわこ,8,一般,晴,北東,3,3,2,1,3306,武 田 正 紀,40,69,6.78,1,0.08,1.52.3,3-1-4,1500,3,3-1,1150,5,1-3-4,260,1,1-3,360,1
20250625,びわこ,8,一般,晴,北東,3,3,3,4,3708,岡 部 貴 司,59,22,6.78,4,0.09,1.54.0,3-1-4,1500,3,3-1,1150,5,1-3-4,260,1,1-3,360,1
20250625,びわこ,8,一般,晴,北東,3,3,4,2,5323,香 川 陽 太,44,43,6.81,2,0.11,1.54.3,3-1-4,1500,3,3-1,1150,5,1-3-4,260,1,1-3,360,1
20250625,びわこ,8,一般,晴,北東,3,3,5,5,3156,金 子 良 昭,31,73,6.81,5,0.22,,3-1-4,1500,3,3-1,1150,5,1-3-4,260,1,1-3,360,1
20250625,びわこ,8,一般,晴,北東,3,3,6,6,5313,鈴 木 唯 央,58,60,6.82,6,0.24,,3-1-4,1500,3,3-1,1150,5,1-3-4,260,1,1-3,360,1
20250625,びわこ,9,ビナちゃん特,晴,北東,3,3,1,4,3605,中 村 守 成,69,40,6.92,4,0.17,1.51.7,4-2-1,42410,106,4-2,5000,23,1-2-4,2110,9,2-4,2530,11
20250625,びわこ,9,ビナちゃん特,晴,北東,3,3,2,2,3653,品 川 賢 次,61,44,6.89,2,0.11,1.52.8,4-2-1,42410,106,4-2,5000,23,1-2-4,2110,9,2-4,2530,11
20250625,びわこ,9,ビナちゃん特,晴,北東,3,3,3,1,4226,村 田 浩 司,39,18,6.75,1,0.14,1.54.2,4-2-1,42410,106,4-2,5000,23,1-2-4,2110,9,2-4,2530,11
20250625,びわこ,9,ビナちゃん特,晴,北東,3,3,4,5,4925,森 悠 稀,54,59,6.79,5,0.10,1.54.6,4-2-1,42410,106,4-2,5000,23,1-2-4,2110,9,2-4,2530,11
20250625,びわこ,9,ビナちゃん特,晴,北東,3,3,5,3,3499,市 川 哲 也,27,52,6.92,3,0.07,,4-2-1,42410,106,4-2,5000,23,1-2-4,2110,9,2-4,2530,11
20250625,びわこ,9,ビナちゃん特,晴,北東,3,3,6,6,4458,抹 香 雄 三,28,20,6.82,6,0.12,,4-2-1,42410,106,4-2,5000,23,1-2-4,2110,9,2-4,2530,11
20250625,びわこ,10,選抜戦,晴,北東,3,3,1,1,4466,南 佑 典,23,47,6.80,1,0.09,1.50.9,1-3-5,800,1,1-3,330,1,1-3-5,370,2,1-3,230,1
20250625,びわこ,10,選抜戦,晴,北東,3,3,2,3,4090,中 村 尊,73,15,6.81,3,0.10,1.51.4,1-3-5,800,1,1-3,330,1,1-3-5,370,2,1-3,230,1
20250625,びわこ,10,選抜戦,晴,北東,3,3,3,5,4470,平 田 健之佑,12,54,6.86,5,0.12,1.53.1,1-3-5,800,1,1-3,330,1,1-3-5,370,2,1-3,230,1
20250625,びわこ,10,選抜戦,晴,北東,3,3,4,4,3432,宮 迫 暢 彦,68,41,6.83,4,0.13,1.53.6,1-3-5,800,1,1-3,330,1,1-3-5,370,2,1-3,230,1
20250625,びわこ,10,選抜戦,晴,北東,3,3,5,2,5090,生 方 靖 亜,11,35,6.77,2,0.07,,1-3-5,800,1,1-3,330,1,1-3-5,370,2,1-3,230,1
20250625,びわこ,10,選抜戦,晴,北東,3,3,6,6,3619,長谷川 充,57,38,6.87,6,0.17,,1-3-5,800,1,1-3,330,1,1-3-5,370,2,1-3,230,1
20250625,びわこ,11,選抜戦,晴,北東,3,3,1,1,4649,和 田 操 拓,32,51,6.81,1,0.13,1.50.6,1-3-4,1100,4,1-3,270,1,1-3-4,500,2,1-3,280,1
20250625,びわこ,11,選抜戦,晴,北東,3,3,2,3,4388,是 澤 孝 宏,36,29,6.79,3,0.15,1.52.0,1-3-4,1100,4,1-3,270,1,1-3-4,500,2,1-3,280,1
20250625,びわこ,11,選抜戦,晴,北東,3,3,3,4,3538,菊 池 峰 晴,30,62,6.84,4,0.14,1.52.9,1-3-4,1100,4,1-3,270,1,1-3-4,500,2,1-3,280,1
20250625,びわこ,11,選抜戦,晴,北東,3,3,4,2,4442,松 竹 大 輔,70,64,6.75,2,0.12,1.53.8,1-3-4,1100,4,1-3,270,1,1-3-4,500,2,1-3,280,1
20250625,びわこ,11,選抜戦,晴,北東,3,3,5,5,4308,河 村 了,24,50,6.80,5,0.22,,1-3-4,1100,4,1-3,270,1,1-3-4,500,2,1-3,280,1
20250625,びわこ,11,選抜戦,晴,北東,3,3,6,6,4325,新 出 浩 司,21,49,6.84,6,0.18,,1-3-4,1100,4,1-3,270,1,1-3-4,500,2,1-3,280,1
20250625,三国,12,優勝戦,晴,北東,2,2,1,1,4645,上 村 純 一,60,19,6.75,1,0.17,1.49.7,1-2-4,740,2,1-2,290,1,1-2-4,420,3,1-2,270,1
20250625,三国,12,優勝戦,晴,北東,2,2,2,2,4796,春 園 功 太,47,67,6.70,2,0.13,1.50.5,1-2-4,740,2,1-2,290,1,1-2-4,420,3,1-2,270,1
20250625,三国,12,優勝戦,晴,北東,2,2,3,4,4305,金 子 拓 矢,53,57,6.85,4,0.26,1.51.4,1-2-4,740,2,1-2,290,1,1-2-4,420,3,1-2,270,1
20250625,三国,12,優勝戦,晴,北東,2,2,4,3,4137,君 島 秀 三,43,12,6.76,3,0.22,1.52.8,1-2-4,740,2,1-2,290,1,1-2-4,420,3,1-2,270,1
20250625,三国,12,優勝戦,晴,北東,2,2,5,6,4977,馬 野 耀,51,37,6.75,6,0.24,,1-2-4,740,2,1-2,290,1,1-2-4,420,3,1-2,270,1
20250625,三国,12,優勝戦,晴,北東,2,2,6,5,4514,上 條 嘉 嗣,50,71,6.83,5,0.34,,1-2-4,740,2,1-2,290,1,1-2-4,420,3,1-2,270,1
20250625,三国,1,予選,曇り,南,1,1,1,3,3470,新 田 芳 美,19,35,6.78,3,0.24,1.51.5,3-2-4,28410,64,3-2,6200,17,2-3-4,8280,16,2-3,4380,12
20250625,三国,1,予選,曇り,南,1,1,2,2,4548,篠 木 亜衣花,62,60,6.84,2,0.25,1.52.3,3-2-4,28410,64,3-2,6200,17,2-3-4,8280,16,2-3,4380,12
20250625,三国,1,予選,曇り,南,1,1,3,4,3207,田 村 美 和,21,36,6.78,4,0.19,1.53.6,3-2-4,28410,64,3-2,6200,17,2-3-4,8280,16,2-3,4380,12
20250625,三国,1,予選,曇り,南,1,1,4,1,3474,松 瀬 弘 美,50,16,6.79,1,0.22,1.54.5,3-2-4,28410,64,3-2,6200,17,2-3-4,8280,16,2-3,4380,12
20250625,三国,1,予選,曇り,南,1,1,5,5,5156,坂 野 さくら,68,25,6.79,5,0.18,,3-2-4,28410,64,3-2,6200,17,2-3-4,8280,16,2-3,4380,12
20250625,三国,1,予選,曇り,南,1,1,6,6,3302,谷 川 里 江,14,72,6.76,6,0.22,,3-2-4,28410,64,3-2,6200,17,2-3-4,8280,16,2-3,4380,12
20250625,三国,2,予選,曇り,南東,1,1,1,5,4962,畑 竜 生,39,65,6.69,5,0.15,1.50.1,5-3-6,23110,44,5-3,2340,7,3-5-6,3880,10,3-5,720,3
20250625,三国,2,予選,曇り,南東,1,1,2,3,3556,田 中 信一郎,56,27,6.73,3,0.11,1.51.8,5-3-6,23110,44,5-3,2340,7,3-5-6,3880,10,3-5,720,3
20250625,三国,2,予選,曇り,南東,1,1,3,6,3839,川 合 理 司,26,67,6.81,6,0.19,1.52.6,5-3-6,23110,44,5-3,2340,7,3-5-6,3880,10,3-5,720,3
20250625,三国,2,予選,曇り,南東,1,1,4,2,3828,明 石 正 之,40,47,6.76,2,0.16,1.54.0,5-3-6,23110,44,5-3,2340,7,3-5-6,3880,10,3-5,720,3
20250625,三国,2,予選,曇り,南東,1,1,5,4,4664,東 口 晃,29,57,6.79,4,0.21,,5-3-6,23110,44,5-3,2340,7,3-5-6,3880,10,3-5,720,3
20250625,三国,2,予選,曇り,南東,1,1,6,1,4043,桐 本 康 臣,63,12,6.80,1,0.20,,5-3-6,23110,44,5-3,2340,7,3-5-6,3880,10,3-5,720,3
20250625,三国,3,予選,曇り,無風,0,0,1,2,4961,西 橋 奈 未,54,54,6.72,2,0.08,1.50.1,2-3-4,2210,8,2-3,370,2,2-3-4,1280,5,2-3,370,3
20250625,三国,3,予選,曇り,無風,0,0,2,3,4775,千 葉 真 弥,65,62,6.77,3,0.09,1.51.9,2-3-4,2210,8,2-3,370,2,2-3-4,1280,5,2-3,370,3
20250625,三国,3,予選,曇り,無風,0,0,3,4,5334,樫 葉 新 心,17,44,6.79,4,0.14,1.54.1,2-3-4,2210,8,2-3,370,2,2-3-4,1280,5,2-3,370,3
20250625,三国,3,予選,曇り,無風,0,0,4,1,3355,橋谷田 佳 織,43,46,6.78,1,0.13,1.54.4,2-3-4,2210,8,2-3,370,2,2-3-4,1280,5,2-3,370,3
20250625,三国,3,予選,曇り,無風,0,0,5,5,4183,宇 野 弥 生,30,37,6.80,5,0.14,,2-3-4,2210,8,2-3,370,2,2-3-4,1280,5,2-3,370,3
20250625,三国,3,予選,曇り,無風,0,0,6,6,3604,武 藤 綾 子,55,66,6.77,6,0.18,,2-3-4,2210,8,2-3,370,2,2-3-4,1280,5,2-3,370,3
20250625,三国,4,予選,曇り,南東,1,1,1,2,4930,佐 藤 悠,49,45,6.80,2,0.08,1.50.2,2-3-5,2330,6,2-3,1100,5,2-3-5,510,2,2-3,900,5
20250625,三国,4,予選,曇り,南東,1,1,2,3,4131,原 豊 土,52,14,6.87,3,0.15,1.51.5,2-3-5,2330,6,2-3,1100,5,2-3-5,510,2,2-3,900,5
20250625,三国,4,予選,曇り,南東,1,1,3,5,4002,古 結 宏,12,41,6.81,5,0.09,1.53.9,2-3-5,2330,6,2-3,1100,5,2-3-5,510,2,2-3,900,5
20250625,三国,4,予選,曇り,南東,1,1,4,4,3381,滝 沢 芳 行,27,15,6.77,4,0.14,1.55.1,2-3-5,2330,6,2-3,1100,5,2-3-5,510,2,2-3,900,5
20250625,三国,4,予選,曇り,南東,1,1,5,1,5332,村 松 遥 輝,51,61,6.82,1,0.12,,2-3-5,2330,6,2-3,1100,5,2-3-5,510,2,2-3,900,5
20250625,三国,4,予選,曇り,南東,1,1,6,6,3564,桑 原 啓,48,32,6.89,6,0.19,,2-3-5,2330,6,2-3,1100,5,2-3-5,510,2,2-3,900,5
20250625,三国,5,予選,曇り,南東,1,1,1,2,4611,今 井 美 亜,25,59,6.78,2,0.18,1.50.4,2-3-1,4790,19,2-3,1470,8,1-2-3,540,3,2-3,890,5
20250625,三国,5,予選,曇り,南東,1,1,2,3,4244,鈴 木 成 美,41,38,6.82,3,0.13,1.53.2,2-3-1,4790,19,2-3,1470,8,1-2-3,540,3,2-3,890,5
20250625,三国,5,予選,曇り,南東,1,1,3,1,4965,福 岡 泉 水,47,63,6.74,1,0.21,1.53.4,2-3-1,4790,19,2-3,1470,8,1-2-3,540,3,2-3,890,5
20250625,三国,5,予選,曇り,南東,1,1,4,4,4825,倉 持 莉 々,38,42,6.76,4,0.12,1.54.2,2-3-1,4790,19,2-3,1470,8,1-2-3,540,3,2-3,890,5
20250625,三国,5,予選,曇り,南東,1,1,5,6,4548,篠 木 亜衣花,62,60,6.91,6,0.32,,2-3-1,4790,19,2-3,1470,8,1-2-3,540,3,2-3,890,5
20250625,三国,5,予選,曇り,南東,1,1,6,5,5340,樋江井 舞,66,34,6.80,5,0.18,,2-3-1,4790,19,2-3,1470,8,1-2-3,540,3,2-3,890,5
20250625,三国,6,予選,曇り,南東,2,2,1,2,3839,川 合 理 司,26,67,6.90,2,0.15,1.50.8,2-1-6,31790,91,2-1,4870,19,1-2-6,3730,14,1-2,1010,4
20250625,三国,6,予選,曇り,南東,2,2,2,1,3867,松 浦 勝,45,11,6.83,1,0.16,1.53.4,2-1-6,31790,91,2-1,4870,19,1-2-6,3730,14,1-2,1010,4
20250625,三国,6,予選,曇り,南東,2,2,3,6,3548,室 田 泰 史,64,58,6.84,4,0.14,1.53.9,2-1-6,31790,91,2-1,4870,19,1-2-6,3730,14,1-2,1010,4
20250625,三国,6,予選,曇り,南東,2,2,4,4,5085,中 村 栄 治,13,56,6.82,6,0.14,1.54.8,2-1-6,31790,91,2-1,4870,19,1-2-6,3730,14,1-2,1010,4
20250625,三国,6,予選,曇り,南東,2,2,5,5,4960,黒 野 元 基,37,71,6.82,3,0.15,,2-1-6,31790,91,2-1,4870,19,1-2-6,3730,14,1-2,1010,4
20250625,三国,6,予選,曇り,南東,2,2,6,3,5226,藤 田 俊 祐,36,29,6.81,5,0.18,,2-1-6,31790,91,2-1,4870,19,1-2-6,3730,14,1-2,1010,4
20250625,三国,7,予選,曇り,南東,1,1,1,5,4679,植 田 太 一,44,55,6.70,5,0.15,1.50.7,5-2-1,17380,83,5-2,4130,21,1-2-5,1340,5,2-5,1150,6
20250625,三国,7,予選,曇り,南東,1,1,2,2,3796,長 野 道 臣,15,17,6.78,2,0.07,1.52.2,5-2-1,17380,83,5-2,4130,21,1-2-5,1340,5,2-5,1150,6
20250625,三国,7,予選,曇り,南東,1,1,3,1,4664,東 口 晃,29,57,6.80,1,0.05,1.53.6,5-2-1,17380,83,5-2,4130,21,1-2-5,1340,5,2-5,1150,6
20250625,三国,7,予選,曇り,南東,1,1,4,6,3556,田 中 信一郎,56,27,6.76,6,0.21,1.54.0,5-2-1,17380,83,5-2,4130,21,1-2-5,1340,5,2-5,1150,6
20250625,三国,7,予選,曇り,南東,1,1,5,3,4281,大 澤 大 夢,60,30,6.83,3,0.03,,5-2-1,17380,83,5-2,4130,21,1-2-5,1340,5,2-5,1150,6
20250625,三国,7,予選,曇り,南東,1,1,6,4,5044,渡 邉 健,24,23,6.81,4,0.02,,5-2-1,17380,83,5-2,4130,21,1-2-5,1340,5,2-5,1150,6
20250625,三国,8,予選,曇り,北西,1,1,1,6,4961,西 橋 奈 未,54,54,6.81,6,0.12,1.50.5,6-5-2,22110,81,6-5,4640,23,2-5-6,2770,12,5-6,2310,11
20250625,三国,8,予選,曇り,北西,1,1,2,5,5192,中 尾 優 香,33,48,6.82,5,0.14,1.52.5,6-5-2,22110,81,6-5,4640,23,2-5-6,2770,12,5-6,2310,11
20250625,三国,8,予選,曇り,北西,1,1,3,2,3334,角 ひとみ,31,49,6.82,2,0.21,1.54.8,6-5-2,22110,81,6-5,4640,23,2-5-6,2770,12,5-6,2310,11
20250625,三国,8,予選,曇り,北西,1,1,4,3,3474,松 瀬 弘 美,50,16,6.78,3,0.13,1.55.5,6-5-2,22110,81,6-5,4640,23,2-5-6,2770,12,5-6,2310,11
20250625,三国,8,予選,曇り,北西,1,1,5,4,3801,五反田 忍,58,13,6.85,4,0.28,,6-5-2,22110,81,6-5,4640,23,2-5-6,2770,12,5-6,2310,11
20250625,三国,8,予選,曇り,北西,1,1,6,1,5334,樫 葉 新 心,17,44,6.78,1,0.15,,6-5-2,22110,81,6-5,4640,23,2-5-6,2770,12,5-6,2310,11
20250625,三国,9,特賞,晴,西,1,1,1,3,5156,坂 野 さくら,68,25,6.85,3,0.14,1.50.1,3-4-1,3800,17,3-4,690,2,1-3-4,440,1,3-4,380,2
20250625,三国,9,特賞,晴,西,1,1,2,4,4963,實 森 美 祐,46,28,6.85,4,0.14,1.50.3,3-4-1,3800,17,3-4,690,2,1-3-4,440,1,3-4,380,2
20250625,三国,9,特賞,晴,西,1,1,3,1,4534,坂 咲友理,16,64,6.81,1,0.54,1.54.2,3-4-1,3800,17,3-4,690,2,1-3-4,440,1,3-4,380,2
20250625,三国,9,特賞,晴,西,1,1,4,2,3604,武 藤 綾 子,55,66,6.84,2,0.29,1.55.9,3-4-1,3800,17,3-4,690,2,1-3-4,440,1,3-4,380,2
20250625,三国,9,特賞,晴,西,1,1,5,5,4244,鈴 木 成 美,41,38,6.88,5,0.19,,3-4-1,3800,17,3-4,690,2,1-3-4,440,1,3-4,380,2
20250625,三国,9,特賞,晴,西,1,1,6,6,4300,加 藤 綾,67,68,6.84,6,0.26,,3-4-1,3800,17,3-4,690,2,1-3-4,440,1,3-4,380,2
20250625,三国,10,特賞,晴,西,1,1,1,5,4043,桐 本 康 臣,63,12,6.92,5,0.10,1.50.3,5-2-3,12000,38,5-2,3260,12,2-3-5,980,4,2-5,2620,6
20250625,三国,10,特賞,晴,西,1,1,2,2,3548,室 田 泰 史,64,58,6.82,2,0.06,1.51.4,5-2-3,12000,38,5-2,3260,12,2-3-5,980,4,2-5,2620,6
20250625,三国,10,特賞,晴,西,1,1,3,3,4824,松 井 洪 弥,59,26,6.83,3,0.03,1.51.7,5-2-3,12000,38,5-2,3260,12,2-3-5,980,4,2-5,2620,6
20250625,三国,10,特賞,晴,西,1,1,4,1,3381,滝 沢 芳 行,27,15,6.77,1,0.08,1.54.5,5-2-3,12000,38,5-2,3260,12,2-3-5,980,4,2-5,2620,6
20250625,三国,10,特賞,晴,西,1,1,5,6,3870,寺 嶋 雄,28,52,6.88,6,0.17,,5-2-3,12000,38,5-2,3260,12,2-3-5,980,4,2-5,2620,6
20250625,三国,10,特賞,晴,西,1,1,6,4,3564,桑 原 啓,48,32,6.86,4,0.17,,5-2-3,12000,38,5-2,3260,12,2-3-5,980,4,2-5,2620,6
20250625,三国,11,記者特選,曇り,北西,2,2,1,1,4002,古 結 宏,12,41,6.87,1,0.19,1.51.7,1-4-3,2600,10,1-4,630,3,1-3-4,480,1,1-4,810,5
20250625,三国,11,記者特選,曇り,北西,2,2,2,4,3796,長 野 道 臣,15,17,6.86,4,0.17,1.52.9,1-4-3,2600,10,1-4,630,3,1-3-4,480,1,1-4,810,5
20250625,三国,11,記者特選,曇り,北西,2,2,3,3,3828,明 石 正 之,40,47,6.88,3,0.18,1.53.8,1-4-3,2600,10,1-4,630,3,1-3-4,480,1,1-4,810,5
20250625,三国,11,記者特選,曇り,北西,2,2,4,2,5085,中 村 栄 治,13,56,6.87,2,0.21,1.54.1,1-4-3,2600,10,1-4,630,3,1-3-4,480,1,1-4,810,5
20250625,三国,11,記者特選,曇り,北西,2,2,5,6,4930,佐 藤 悠,49,45,6.71,6,0.11,,1-4-3,2600,10,1-4,630,3,1-3-4,480,1,1-4,810,5
20250625,三国,11,記者特選,曇り,北西,2,2,6,5,5226,藤 田 俊 祐,36,29,6.86,5,0.13,,1-4-3,2600,10,1-4,630,3,1-3-4,480,1,1-4,810,5
20250625,津,12,記者特選,曇り,西,2,2,1,1,4825,倉 持 莉 々,38,42,6.80,1,0.15,1.51.0,1-4-6,6190,18,1-4,710,3,1-4-6,3720,11,1-4,570,3
20250625,津,12,記者特選,曇り,西,2,2,2,4,4775,千 葉 真 弥,65,62,6.87,4,0.11,1.52.0,1-4-6,6190,18,1-4,710,3,1-4-6,3720,11,1-4,570,3
20250625,津,12,記者特選,曇り,西,2,2,3,6,3801,五反田 忍,58,13,6.93,6,0.11,1.54.4,1-4-6,6190,18,1-4,710,3,1-4-6,3720,11,1-4,570,3
20250625,津,12,記者特選,曇り,西,2,2,4,2,3302,谷 川 里 江,14,72,6.81,2,0.18,1.55.1,1-4-6,6190,18,1-4,710,3,1-4-6,3720,11,1-4,570,3
20250625,津,12,記者特選,曇り,西,2,2,5,5,3470,新 田 芳 美,19,35,6.89,5,0.12,,1-4-6,6190,18,1-4,710,3,1-4-6,3720,11,1-4,570,3
20250625,津,12,記者特選,曇り,西,2,2,6,3,4611,今 井 美 亜,25,59,6.84,3,0.16,,1-4-6,6190,18,1-4,710,3,1-4-6,3720,11,1-4,570,3
20250625,津,1,ツッキーレー,曇り,南東,2,1,1,3,5249,三 木 晴 斗,17,16,6.83,3,0.17,1.50.3,3-1-2,3490,12,3-1,1750,8,1-2-3,290,1,1-3,360,2
20250625,津,1,ツッキーレー,曇り,南東,2,1,2,1,3842,星 野 太 郎,70,24,6.88,1,0.35,1.51.9,3-1-2,3490,12,3-1,1750,8,1-2-3,290,1,1-3,360,2
20250625,津,1,ツッキーレー,曇り,南東,2,1,3,2,4574,東 潤 樹,48,47,6.90,2,0.23,1.53.6,3-1-2,3490,12,3-1,1750,8,1-2-3,290,1,1-3,360,2
20250625,津,1,ツッキーレー,曇り,南東,2,1,4,5,3921,川 村 正 輝,44,75,6.96,5,0.26,1.54.8,3-1-2,3490,12,3-1,1750,8,1-2-3,290,1,1-3,360,2
20250625,津,1,ツッキーレー,曇り,南東,2,1,5,4,3105,内 山 文 典,53,73,6.94,4,0.20,,3-1-2,3490,12,3-1,1750,8,1-2-3,290,1,1-3,360,2
20250625,津,1,ツッキーレー,曇り,南東,2,1,6,6,5378,鈴 木 結平太,57,52,6.87,6,0.37,,3-1-2,3490,12,3-1,1750,8,1-2-3,290,1,1-3,360,2
20250625,津,2,予選,曇り,南東,2,1,1,3,4735,角 山 雄 哉,41,74,6.81,3,0.03,1.51.0,3-2-5,5490,21,3-2,1660,7,2-3-5,1990,7,2-3,540,3
20250625,津,2,予選,曇り,南東,2,1,2,2,3340,池 田 雷 太,59,66,6.83,2,0.09,1.52.8,3-2-5,5490,21,3-2,1660,7,2-3-5,1990,7,2-3,540,3
20250625,津,2,予選,曇り,南東,2,1,3,5,5143,常 盤 海 心,46,72,6.80,4,0.05,1.53.6,3-2-5,5490,21,3-2,1660,7,2-3-5,1990,7,2-3,540,3
20250625,津,2,予選,曇り,南東,2,1,4,1,4527,高 野 心 吾,71,15,6.84,1,0.16,1.54.4,3-2-5,5490,21,3-2,1660,7,2-3-5,1990,7,2-3,540,3
20250625,津,2,予選,曇り,南東,2,1,5,6,5066,鈴 木 孝 明,38,23,6.73,5,0.06,,3-2-5,5490,21,3-2,1660,7,2-3-5,1990,7,2-3,540,3
20250625,津,3,予選,曇り,南東,3,2,1,5,4116,川 田 正 人,20,61,6.84,4,0.17,1.51.5,5-2-1,10010,28,5-2,3110,8,1-2-5,840,4,2-5,930,2
20250625,津,3,予選,曇り,南東,3,2,2,2,4579,中 嶋 健一郎,18,57,6.83,2,0.26,1.53.0,5-2-1,10010,28,5-2,3110,8,1-2-5,840,4,2-5,930,2
20250625,津,3,予選,曇り,南東,3,2,3,1,3855,大 熊 辰 弥,31,55,6.84,1,0.21,1.54.2,5-2-1,10010,28,5-2,3110,8,1-2-5,840,4,2-5,930,2
20250625,津,3,予選,曇り,南東,3,2,4,4,4417,服 部 剛,55,44,6.83,3,0.26,1.54.5,5-2-1,10010,28,5-2,3110,8,1-2-5,840,4,2-5,930,2
20250625,津,3,予選,曇り,南東,3,2,5,6,3740,大 澤 普 司,50,45,6.89,6,0.24,,5-2-1,10010,28,5-2,3110,8,1-2-5,840,4,2-5,930,2
20250625,津,3,予選,曇り,南東,3,2,6,3,4693,松 下 誉 士,15,31,6.82,5,0.19,,5-2-1,10010,28,5-2,3110,8,1-2-5,840,4,2-5,930,2
20250625,津,4,予選,曇り,南東,3,2,1,4,3327,野長瀬 正 孝,56,70,6.88,4,0.11,1.51.3,4-1-6,8730,31,4-1,1540,5,1-4-6,1170,7,1-4,600,3
20250625,津,4,予選,曇り,南東,3,2,2,1,4416,三 宅 健 太,49,27,6.91,1,0.19,1.52.6,4-1-6,8730,31,4-1,1540,5,1-4-6,1170,7,1-4,600,3
20250625,津,4,予選,曇り,南東,3,2,3,6,4121,富 永 修 一,63,35,6.86,6,0.13,1.53.3,4-1-6,8730,31,4-1,1540,5,1-4-6,1170,7,1-4,600,3
20250625,津,4,予選,曇り,南東,3,2,4,2,3361,岡 部 浩,65,21,6.86,2,0.21,1.55.6,4-1-6,8730,31,4-1,1540,5,1-4-6,1170,7,1-4,600,3
20250625,津,4,予選,曇り,南東,3,2,5,5,4890,石 川 諒,58,58,6.93,5,0.11,,4-1-6,8730,31,4-1,1540,5,1-4-6,1170,7,1-4,600,3
20250625,津,4,予選,曇り,南東,3,2,6,3,4437,中 田 元 泰,25,25,6.94,3,0.29,,4-1-6,8730,31,4-1,1540,5,1-4-6,1170,7,1-4,600,3
20250625,津,5,５ールドレー,曇り,南東,3,2,1,1,4230,濱 崎 直 矢,36,46,6.86,1,0.01,1.50.7,1-2-5,650,2,1-2,140,1,1-2-5,380,2,1-2,130,1
20250625,津,5,５ールドレー,曇り,南東,3,2,2,2,4910,中 村 泰 平,74,26,6.84,2,0.06,1.52.1,1-2-5,650,2,1-2,140,1,1-2-5,380,2,1-2,130,1
20250625,津,5,５ールドレー,曇り,南東,3,2,3,5,4156,浜 野 孝 志,66,67,6.92,5,0.10,1.54.4,1-2-5,650,2,1-2,140,1,1-2-5,380,2,1-2,130,1
20250625,津,5,５ールドレー,曇り,南東,3,2,4,3,5063,大 塚 雅 治,45,32,6.85,3,0.07,1.55.7,1-2-5,650,2,1-2,140,1,1-2-5,380,2,1-2,130,1
20250625,津,5,５ールドレー,曇り,南東,3,2,5,6,4376,藤 田 靖 弘,60,17,6.83,6,0.05,,1-2-5,650,2,1-2,140,1,1-2-5,380,2,1-2,130,1
20250625,津,5,５ールドレー,曇り,南東,3,2,6,4,4899,占 部 一 真,54,14,6.92,4,0.10,,1-2-5,650,2,1-2,140,1,1-2-5,380,2,1-2,130,1
20250625,津,6,予選,曇り,南東,3,2,1,4,4438,森 作 雄 大,32,48,6.90,4,0.12,1.50.8,4-1-2,4080,22,4-1,1730,11,1-2-4,560,3,1-4,650,5
20250625,津,6,予選,曇り,南東,3,2,2,1,3921,川 村 正 輝,44,75,6.90,1,0.15,1.52.5,4-1-2,4080,22,4-1,1730,11,1-2-4,560,3,1-4,650,5
20250625,津,6,予選,曇り,南東,3,2,3,2,4817,渡 邉 翼,24,13,6.90,2,0.06,1.53.5,4-1-2,4080,22,4-1,1730,11,1-2-4,560,3,1-4,650,5
20250625,津,6,予選,曇り,南東,3,2,4,3,4010,越 智 照 浩,27,18,6.91,3,0.17,1.55.4,4-1-2,4080,22,4-1,1730,11,1-2-4,560,3,1-4,650,5
20250625,津,6,予選,曇り,南東,3,2,5,6,4650,中 山 雄 太,13,41,6.83,5,0.15,,4-1-2,4080,22,4-1,1730,11,1-2-4,560,3,1-4,650,5
20250625,津,6,予選,曇り,南東,3,2,6,5,5366,塩 嶋 泰 空,34,68,6.94,6,0.18,,4-1-2,4080,22,4-1,1730,11,1-2-4,560,3,1-4,650,5
20250625,津,7,予選,曇り,南東,3,2,1,3,4175,川 尻 泰 輔,61,28,6.95,3,0.09,1.51.0,3-2-6,1560,1,3-2,940,1,2-3-6,510,1,2-3,620,2
20250625,津,7,予選,曇り,南東,3,2,2,2,3350,藤 本 佳 史,23,20,6.85,2,0.08,1.52.1,3-2-6,1560,1,3-2,940,1,2-3-6,510,1,2-3,620,2
20250625,津,7,予選,曇り,南東,3,2,3,6,4682,大 上 卓 人,12,71,6.89,6,0.09,1.53.5,3-2-6,1560,1,3-2,940,1,2-3-6,510,1,2-3,620,2
20250625,津,7,予選,曇り,南東,3,2,4,4,5249,三 木 晴 斗,17,16,6.84,4,0.07,1.55.4,3-2-6,1560,1,3-2,940,1,2-3-6,510,1,2-3,620,2
20250625,津,7,予選,曇り,南東,3,2,5,5,3340,池 田 雷 太,59,66,6.92,5,0.23,,3-2-6,1560,1,3-2,940,1,2-3-6,510,1,2-3,620,2
20250625,津,7,予選,曇り,南東,3,2,6,1,4145,小 澤 学,40,51,6.82,1,0.21,,3-2-6,1560,1,3-2,940,1,2-3-6,510,1,2-3,620,2
20250625,津,8,予選,曇り,東,2,1,1,3,5143,常 盤 海 心,46,72,6.87,3,0.16,1.51.0,3-2-4,11760,38,3-2,4510,13,2-3-4,910,4,2-3,2020,7
20250625,津,8,予選,曇り,東,2,1,2,2,3740,大 澤 普 司,50,45,6.96,2,0.21,1.51.8,3-2-4,11760,38,3-2,4510,13,2-3-4,910,4,2-3,2020,7
20250625,津,8,予選,曇り,東,2,1,3,4,4907,小 池 修 平,64,33,6.79,4,0.11,1.53.2,3-2-4,11760,38,3-2,4510,13,2-3-4,910,4,2-3,2020,7
20250625,津,8,予選,曇り,東,2,1,4,6,4574,東 潤 樹,48,47,6.90,6,0.12,1.54.6,3-2-4,11760,38,3-2,4510,13,2-3-4,910,4,2-3,2020,7
20250625,津,8,予選,曇り,東,2,1,5,5,3848,川 上 聡 介,11,36,6.95,5,0.07,,3-2-4,11760,38,3-2,4510,13,2-3-4,910,4,2-3,2020,7
20250625,津,8,予選,曇り,東,2,1,6,1,5007,近 藤 雄一郎,14,19,6.96,1,0.16,,3-2-4,11760,38,3-2,4510,13,2-3-4,910,4,2-3,2020,7
20250625,津,9,予選特賞,曇り,東,2,1,1,6,3327,野長瀬 正 孝,56,70,6.90,4,0.12,1.51.3,6-2-4,16950,43,6-2,4090,10,2-4-6,2680,8,2-6,1070,4
20250625,津,9,予選特賞,曇り,東,2,1,2,2,3915,繁野谷 圭 介,39,37,6.87,2,0.14,1.52.6,6-2-4,16950,43,6-2,4090,10,2-4-6,2680,8,2-6,1070,4
20250625,津,9,予選特賞,曇り,東,2,1,3,4,4693,松 下 誉 士,15,31,6.80,5,0.17,1.53.6,6-2-4,16950,43,6-2,4090,10,2-4-6,2680,8,2-6,1070,4
20250625,津,9,予選特賞,曇り,東,2,1,4,5,4527,高 野 心 吾,71,15,6.90,6,0.17,1.54.9,6-2-4,16950,43,6-2,4090,10,2-4-6,2680,8,2-6,1070,4
20250625,津,9,予選特賞,曇り,東,2,1,5,1,3805,高 橋 英 之,72,39,6.88,1,0.11,,6-2-4,16950,43,6-2,4090,10,2-4-6,2680,8,2-6,1070,4
20250625,津,9,予選特賞,曇り,東,2,1,6,3,3105,内 山 文 典,53,73,6.93,3,0.22,,6-2-4,16950,43,6-2,4090,10,2-4-6,2680,8,2-6,1070,4
20250625,津,10,予選特賞,曇り,東,2,1,1,4,5043,中 村 日 向,21,50,6.86,4,0.14,1.50.6,4-2-3,6900,28,4-2,1320,7,2-3-4,610,3,2-4,1860,6
20250625,津,10,予選特賞,曇り,東,2,1,2,2,4376,藤 田 靖 弘,60,17,6.86,2,0.16,1.51.7,4-2-3,6900,28,4-2,1320,7,2-3-4,610,3,2-4,1860,6
20250625,津,10,予選特賞,曇り,東,2,1,3,3,4438,森 作 雄 大,32,48,6.81,3,0.09,1.53.6,4-2-3,6900,28,4-2,1320,7,2-3-4,610,3,2-4,1860,6
20250625,津,10,予選特賞,曇り,東,2,1,4,5,4735,角 山 雄 哉,41,74,6.88,5,0.12,1.55.0,4-2-3,6900,28,4-2,1320,7,2-3-4,610,3,2-4,1860,6
20250625,津,10,予選特賞,曇り,東,2,1,5,6,4417,服 部 剛,55,44,6.88,6,0.18,,4-2-3,6900,28,4-2,1320,7,2-3-4,610,3,2-4,1860,6
20250625,津,10,予選特賞,曇り,東,2,1,6,1,4177,萬 正 嗣,22,30,6.86,1,0.19,,4-2-3,6900,28,4-2,1320,7,2-3-4,610,3,2-4,1860,6
20250625,津,11,予選特選,曇り,東,2,1,1,2,4121,富 永 修 一,63,35,6.83,2,0.11,1.50.0,2-1-5,6180,18,2-1,850,3,1-2-5,880,4,1-2,200,1
20250625,津,11,予選特選,曇り,東,2,1,2,1,3745,橋 本 年 光,33,22,6.82,1,0.13,1.52.1,2-1-5,6180,18,2-1,850,3,1-2-5,880,4,1-2,200,1
20250625,津,11,予選特選,曇り,東,2,1,3,5,3842,星 野 太 郎,70,24,6.85,5,0.08,1.53.0,2-1-5,6180,18,2-1,850,3,1-2-5,880,4,1-2,200,1
20250625,津,11,予選特選,曇り,東,2,1,4,6,4910,中 村 泰 平,74,26,6.80,6,0.08,1.54.5,2-1-5,6180,18,2-1,850,3,1-2-5,880,4,1-2,200,1
20250625,津,11,予選特選,曇り,東,2,1,5,3,4116,川 田 正 人,20,61,6.83,3,0.09,,2-1-5,6180,18,2-1,850,3,1-2-5,880,4,1-2,200,1
20250625,津,11,予選特選,曇り,東,2,1,6,4,4817,渡 邉 翼,24,13,6.86,4,0.15,,2-1-5,6180,18,2-1,850,3,1-2-5,880,4,1-2,200,1
20250625,平和島,12,ドリーム戦,雨,東,2,1,1,1,4907,小 池 修 平,64,33,6.77,1,0.10,1.49.6,1-2-5,810,2,1-2,210,1,1-2-5,470,2,1-2,190,1
20250625,平和島,12,ドリーム戦,雨,東,2,1,2,2,4682,大 上 卓 人,12,71,6.85,2,0.12,1.50.5,1-2-5,810,2,1-2,210,1,1-2-5,470,2,1-2,190,1
20250625,平和島,12,ドリーム戦,雨,東,2,1,3,5,4230,濱 崎 直 矢,36,46,6.87,5,0.11,1.52.5,1-2-5,810,2,1-2,210,1,1-2-5,470,2,1-2,190,1
20250625,平和島,12,ドリーム戦,雨,東,2,1,4,3,4650,中 山 雄 太,13,41,6.82,3,0.07,1.53.4,1-2-5,810,2,1-2,210,1,1-2-5,470,2,1-2,190,1
20250625,平和島,12,ドリーム戦,雨,東,2,1,5,6,4579,中 嶋 健一郎,18,57,6.80,6,0.13,,1-2-5,810,2,1-2,210,1,1-2-5,470,2,1-2,190,1
20250625,平和島,12,ドリーム戦,雨,東,2,1,6,4,4437,中 田 元 泰,25,25,6.89,4,0.08,,1-2-5,810,2,1-2,210,1,1-2-5,470,2,1-2,190,1
20250625,平和島,1,予選,曇り,南,3,3,1,1,4085,荻 野 裕 介,41,44,7.15,1,0.13,1.51.0,1-2-3,760,1,1-2,330,1,1-2-3,250,1,1-2,230,1
20250625,平和島,1,予選,曇り,南,3,3,2,2,4148,枝 尾 賢,24,18,7.07,2,0.13,1.52.3,1-2-3,760,1,1-2,330,1,1-2-3,250,1,1-2,230,1
20250625,平和島,1,予選,曇り,南,3,3,3,3,5133,堀 越 雄 貴,32,63,6.96,3,0.14,1.54.3,1-2-3,760,1,1-2,330,1,1-2-3,250,1,1-2,230,1
20250625,平和島,1,予選,曇り,南,3,3,4,6,4651,佐 藤 大 騎,33,52,7.03,5,0.10,1.56.7,1-2-3,760,1,1-2,330,1,1-2-3,250,1,1-2,230,1
20250625,平和島,1,予選,曇り,南,3,3,5,4,3748,小 黒 竜 吾,17,68,7.05,4,0.17,,1-2-3,760,1,1-2,330,1,1-2-3,250,1,1-2,230,1
20250625,平和島,1,予選,曇り,南,3,3,6,5,5410,今 泉 澪,70,34,7.04,6,0.17,,1-2-3,760,1,1-2,330,1,1-2-3,250,1,1-2,230,1
20250625,平和島,2,東京ベイラン,曇り,南,3,3,1,6,3352,小 川 晃 司,13,69,7.04,6,0.09,1.51.7,6-1-3,10520,24,6-1,4090,9,1-3-6,640,4,1-6,900,3
20250625,平和島,2,東京ベイラン,曇り,南,3,3,2,1,4086,寺 本 重 宣,15,50,7.00,1,0.07,1.53.3,6-1-3,10520,24,6-1,4090,9,1-3-6,640,4,1-6,900,3
20250625,平和島,2,東京ベイラン,曇り,南,3,3,3,3,3584,佐々木 英 樹,31,49,7.01,3,0.14,1.55.1,6-1-3,10520,24,6-1,4090,9,1-3-6,640,4,1-6,900,3
20250625,平和島,2,東京ベイラン,曇り,南,3,3,4,4,4987,島 倉 都,30,74,6.97,4,0.13,1.55.5,6-1-3,10520,24,6-1,4090,9,1-3-6,640,4,1-6,900,3
20250625,平和島,2,東京ベイラン,曇り,南,3,3,5,2,5243,三 馬 崇 史,20,55,6.99,2,0.15,,6-1-3,10520,24,6-1,4090,9,1-3-6,640,4,1-6,900,3
20250625,平和島,2,東京ベイラン,曇り,南,3,3,6,5,5346,中 村 紋夕梨,21,60,7.01,5,0.05,,6-1-3,10520,24,6-1,4090,9,1-3-6,640,4,1-6,900,3
20250625,平和島,3,予選,雨,南,2,3,1,4,3752,宇 土 泰 就,73,61,7.01,4,0.07,1.51.4,4-5-2,23880,66,4-5,4290,14,2-4-5,2650,12,4-5,3660,13
20250625,平和島,3,予選,雨,南,2,3,2,5,3988,古 川 誠 之,52,56,7.03,5,0.11,1.52.4,4-5-2,23880,66,4-5,4290,14,2-4-5,2650,12,4-5,3660,13
20250625,平和島,3,予選,雨,南,2,3,3,2,4409,坂 元 浩 仁,40,33,6.97,2,0.09,1.53.8,4-5-2,23880,66,4-5,4290,14,2-4-5,2650,12,4-5,3660,13
20250625,平和島,3,予選,雨,南,2,3,4,3,4432,黄金井 力 良,27,54,6.97,3,0.05,1.54.5,4-5-2,23880,66,4-5,4290,14,2-4-5,2650,12,4-5,3660,13
20250625,平和島,3,予選,雨,南,2,3,5,6,4904,松 本 一 毅,36,67,6.97,6,0.19,,4-5-2,23880,66,4-5,4290,14,2-4-5,2650,12,4-5,3660,13
20250625,平和島,3,予選,雨,南,2,3,6,1,3346,宮 本 裕 之,71,53,6.99,1,0.14,,4-5-2,23880,66,4-5,4290,14,2-4-5,2650,12,4-5,3660,13
20250625,平和島,4,予選,曇り,南,2,3,1,5,4588,田 中 京 介,44,37,6.92,5,0.12,1.51.8,5-2-4,2150,4,5-2,980,4,2-4-5,280,1,2-5,480,2
20250625,平和島,4,予選,曇り,南,2,3,2,2,3999,大 瀧 明日香,25,57,6.94,2,0.07,1.53.3,5-2-4,2150,4,5-2,980,4,2-4-5,280,1,2-5,480,2
20250625,平和島,4,予選,曇り,南,2,3,3,4,4142,平 野 和 明,10,66,6.93,4,0.11,1.54.8,5-2-4,2150,4,5-2,980,4,2-4-5,280,1,2-5,480,2
20250625,平和島,4,予選,曇り,南,2,3,4,1,3411,池 上 隆 行,51,41,7.03,1,0.06,1.54.9,5-2-4,2150,4,5-2,980,4,2-4-5,280,1,2-5,480,2
20250625,平和島,4,予選,曇り,南,2,3,5,3,3273,石 田 豪,54,47,6.93,3,0.06,,5-2-4,2150,4,5-2,980,4,2-4-5,280,1,2-5,480,2
20250625,平和島,4,予選,曇り,南,2,3,6,6,5390,高 橋 涼 夏,47,65,7.01,6,0.09,,5-2-4,2150,4,5-2,980,4,2-4-5,280,1,2-5,480,2
20250625,平和島,5,予選,曇り,南,3,3,1,2,3681,山 谷 央,69,70,6.89,2,0.16,1.51.6,2-5-3,11730,46,2-5,3770,16,2-3-5,1380,7,2-5,3060,10
20250625,平和島,5,予選,曇り,南,3,3,2,5,4319,三 宅 潤,37,10,6.94,5,0.20,1.52.9,2-5-3,11730,46,2-5,3770,16,2-3-5,1380,7,2-5,3060,10
20250625,平和島,5,予選,曇り,南,3,3,3,3,4430,永 田 秀 二,74,39,7.00,3,0.19,1.54.2,2-5-3,11730,46,2-5,3770,16,2-3-5,1380,7,2-5,3060,10
20250625,平和島,5,予選,曇り,南,3,3,4,1,4648,木 村 亮 太,65,58,7.00,1,0.16,1.55.0,2-5-3,11730,46,2-5,3770,16,2-3-5,1380,7,2-5,3060,10
20250625,平和島,5,予選,曇り,南,3,3,5,4,4057,松 井 賢 治,38,31,6.89,4,0.19,,2-5-3,11730,46,2-5,3770,16,2-3-5,1380,7,2-5,3060,10
20250625,平和島,5,予選,曇り,南,3,3,6,6,5410,今 泉 澪,70,34,6.99,6,0.20,,2-5-3,11730,46,2-5,3770,16,2-3-5,1380,7,2-5,3060,10
20250625,平和島,6,予選,曇り,南,5,3,1,2,4295,小 坂 尚 哉,45,62,6.87,2,0.09,1.51.8,2-3-1,900,3,2-3,290,1,1-2-3,290,1,2-3,190,1
20250625,平和島,6,予選,曇り,南,5,3,2,3,4402,乙 藤 智 史,12,71,7.06,3,0.14,1.53.2,2-3-1,900,3,2-3,290,1,1-2-3,290,1,2-3,190,1
20250625,平和島,6,予選,曇り,南,5,3,3,1,3293,宮 内 由紀英,64,12,7.01,1,0.20,1.54.9,2-3-1,900,3,2-3,290,1,1-2-3,290,1,2-3,190,1
20250625,平和島,6,予選,曇り,南,5,3,4,4,5296,永 田 楽,18,32,6.91,4,0.11,1.55.6,2-3-1,900,3,2-3,290,1,1-2-3,290,1,2-3,190,1
20250625,平和島,6,予選,曇り,南,5,3,5,5,3303,渡 辺 豊,60,48,7.02,5,0.18,,2-3-1,900,3,2-3,290,1,1-2-3,290,1,2-3,190,1
20250625,平和島,6,予選,曇り,南,5,3,6,6,5414,中 澤 英 里,35,46,6.97,6,0.19,,2-3-1,900,3,2-3,290,1,1-2-3,290,1,2-3,190,1
20250625,平和島,7,予選,曇り,南,3,3,1,1,4434,田 中 辰 彦,61,35,6.92,1,0.09,1.50.9,1-3-4,1470,3,1-3,470,2,1-3-4,580,3,1-3,420,2
20250625,平和島,7,予選,曇り,南,3,3,2,3,4086,寺 本 重 宣,15,50,7.00,3,0.07,1.52.9,1-3-4,1470,3,1-3,470,2,1-3-4,580,3,1-3,420,2
20250625,平和島,7,予選,曇り,南,3,3,3,4,4568,廣 瀬 真 也,49,59,6.90,4,0.14,1.53.7,1-3-4,1470,3,1-3,470,2,1-3-4,580,3,1-3,420,2
20250625,平和島,7,予選,曇り,南,3,3,4,5,4738,清 埜 翔 子,50,64,6.98,5,0.12,1.54.3,1-3-4,1470,3,1-3,470,2,1-3-4,580,3,1-3,420,2
20250625,平和島,7,予選,曇り,南,3,3,5,2,4403,木 下 大 將,62,51,6.88,2,0.13,,1-3-4,1470,3,1-3,470,2,1-3-4,580,3,1-3,420,2
20250625,平和島,7,予選,曇り,南,3,3,6,6,4656,大 崎 翔,48,11,7.01,6,0.09,,1-3-4,1470,3,1-3,470,2,1-3-4,580,3,1-3,420,2
20250625,平和島,8,ベイブレイク,曇り,南,2,3,1,2,5133,堀 越 雄 貴,32,63,6.91,2,0.14,1.51.5,2-1-4,3570,14,2-1,1870,7,1-2-4,260,1,1-2,560,2
20250625,平和島,8,ベイブレイク,曇り,南,2,3,2,1,4432,黄金井 力 良,27,54,6.93,1,0.13,1.52.5,2-1-4,3570,14,2-1,1870,7,1-2-4,260,1,1-2,560,2
20250625,平和島,8,ベイブレイク,曇り,南,2,3,3,4,5034,若 林 義 人,56,38,6.82,4,0.09,1.53.3,2-1-4,3570,14,2-1,1870,7,1-2-4,260,1,1-2,560,2
20250625,平和島,8,ベイブレイク,曇り,南,2,3,4,5,5390,高 橋 涼 夏,47,65,6.98,6,0.11,1.55.2,2-1-4,3570,14,2-1,1870,7,1-2-4,260,1,1-2,560,2
20250625,平和島,8,ベイブレイク,曇り,南,2,3,5,6,3981,今 坂 晃 広,29,73,7.02,5,0.12,,2-1-4,3570,14,2-1,1870,7,1-2-4,260,1,1-2,560,2
20250625,平和島,8,ベイブレイク,曇り,南,2,3,6,3,4956,齊 藤 大 将,67,36,6.98,3,0.16,,2-1-4,3570,14,2-1,1870,7,1-2-4,260,1,1-2,560,2
20250625,平和島,9,予選特賞,雨,南,1,3,1,1,3988,古 川 誠 之,52,56,7.00,1,0.17,1.51.8,1-3-5,1470,1,1-3,550,2,1-3-5,490,2,1-3,420,1
20250625,平和島,9,予選特賞,雨,南,1,3,2,3,5005,石 田 貴 洋,26,72,6.90,3,0.14,1.52.9,1-3-5,1470,1,1-3,550,2,1-3-5,490,2,1-3,420,1
20250625,平和島,9,予選特賞,雨,南,1,3,3,5,4148,枝 尾 賢,24,18,6.93,5,0.07,1.54.5,1-3-5,1470,1,1-3,550,2,1-3-5,490,2,1-3,420,1
20250625,平和島,9,予選特賞,雨,南,1,3,4,6,5243,三 馬 崇 史,20,55,6.93,6,0.08,1.55.4,1-3-5,1470,1,1-3,550,2,1-3-5,490,2,1-3,420,1
20250625,平和島,9,予選特賞,雨,南,1,3,5,4,5008,羽 野 諒,23,43,6.96,4,0.10,,1-3-5,1470,1,1-3,550,2,1-3-5,490,2,1-3,420,1
20250625,平和島,9,予選特賞,雨,南,1,3,6,2,3273,石 田 豪,54,47,7.01,2,0.13,,1-3-5,1470,1,1-3,550,2,1-3-5,490,2,1-3,420,1
20250625,平和島,10,予選特賞,曇り,南,1,3,1,2,4155,長 野 壮志郎,75,75,6.89,2,0.10,1.51.2,2-6-1,6680,21,2-6,2820,11,1-2-6,410,3,2-6,1790,7
20250625,平和島,10,予選特賞,曇り,南,1,3,2,6,4588,田 中 京 介,44,37,6.91,6,0.18,1.53.4,2-6-1,6680,21,2-6,2820,11,1-2-6,410,3,2-6,1790,7
20250625,平和島,10,予選特賞,曇り,南,1,3,3,1,4319,三 宅 潤,37,10,6.84,1,0.13,1.54.6,2-6-1,6680,21,2-6,2820,11,1-2-6,410,3,2-6,1790,7
20250625,平和島,10,予選特賞,曇り,南,1,3,4,3,4085,荻 野 裕 介,41,44,6.95,3,0.19,1.55.2,2-6-1,6680,21,2-6,2820,11,1-2-6,410,3,2-6,1790,7
20250625,平和島,10,予選特賞,曇り,南,1,3,5,4,4904,松 本 一 毅,36,67,6.89,4,0.12,,2-6-1,6680,21,2-6,2820,11,1-2-6,410,3,2-6,1790,7
20250625,平和島,10,予選特賞,曇り,南,1,3,6,5,4987,島 倉 都,30,74,6.90,5,0.13,,2-6-1,6680,21,2-6,2820,11,1-2-6,410,3,2-6,1790,7
20250625,平和島,11,予選特選,曇り,南,3,3,1,2,4057,松 井 賢 治,38,31,6.92,2,0.11,1.52.3,2-3-4,47810,65,2-3,6880,11,2-3-4,9990,16,2-3,3390,7
20250625,平和島,11,予選特選,曇り,南,3,3,2,3,4651,佐 藤 大 騎,33,52,6.97,3,0.08,1.53.8,2-3-4,47810,65,2-3,6880,11,2-3-4,9990,16,2-3,3390,7
20250625,平和島,11,予選特選,曇り,南,3,3,3,4,3584,佐々木 英 樹,31,49,7.05,4,0.11,1.54.9,2-3-4,47810,65,2-3,6880,11,2-3-4,9990,16,2-3,3390,7
20250625,平和島,11,予選特選,曇り,南,3,3,4,1,4409,坂 元 浩 仁,40,33,6.94,1,0.17,1.55.8,2-3-4,47810,65,2-3,6880,11,2-3-4,9990,16,2-3,3390,7
20250625,平和島,11,予選特選,曇り,南,3,3,5,5,4142,平 野 和 明,10,66,6.98,5,0.15,,2-3-4,47810,65,2-3,6880,11,2-3-4,9990,16,2-3,3390,7
20250625,平和島,11,予選特選,曇り,南,3,3,6,6,4402,乙 藤 智 史,12,71,6.99,6,0.17,,2-3-4,47810,65,2-3,6880,11,2-3-4,9990,16,2-3,3390,7
20250625,江戸川,12,記者選抜,曇り,南,2,3,1,1,5034,若 林 義 人,56,38,6.83,1,0.11,1.50.6,1-4-2,1750,6,1-4,650,3,1-2-4,440,1,1-4,650,3
20250625,江戸川,12,記者選抜,曇り,南,2,3,2,4,3303,渡 辺 豊,60,48,6.93,4,0.19,1.53.3,1-4-2,1750,6,1-4,650,3,1-2-4,440,1,1-4,650,3
20250625,江戸川,12,記者選抜,曇り,南,2,3,3,2,4738,清 埜 翔 子,50,64,6.88,2,0.11,1.53.5,1-4-2,1750,6,1-4,650,3,1-2-4,440,1,1-4,650,3
20250625,江戸川,12,記者選抜,曇り,南,2,3,4,6,3999,大 瀧 明日香,25,57,6.98,6,0.19,1.54.1,1-4-2,1750,6,1-4,650,3,1-2-4,440,1,1-4,650,3
20250625,江戸川,12,記者選抜,曇り,南,2,3,5,3,3748,小 黒 竜 吾,17,68,6.98,3,0.13,,1-4-2,1750,6,1-4,650,3,1-2-4,440,1,1-4,650,3
20250625,江戸川,12,記者選抜,曇り,南,2,3,6,5,3752,宇 土 泰 就,73,61,6.94,5,0.16,,1-4-2,1750,6,1-4,650,3,1-2-4,440,1,1-4,650,3
20250625,江戸川,1,予選,雨,南,4,5,1,1,5294,豊 田 祥 生,21,13,6.65,1,0.03,1.54.1,1-3-5,4850,18,1-3,810,3,1-3-5,2150,8,1-3,470,2
20250625,江戸川,1,予選,雨,南,4,5,2,3,5255,藤 原 仙 二,13,50,6.72,3,0.12,1.55.3,1-3-5,4850,18,1-3,810,3,1-3-5,2150,8,1-3,470,2
20250625,江戸川,1,予選,雨,南,4,5,3,5,5325,澁 川 夏,14,40,6.70,5,0.15,1.56.9,1-3-5,4850,18,1-3,810,3,1-3-5,2150,8,1-3,470,2
20250625,江戸川,1,予選,雨,南,4,5,4,2,3233,小 畑 実 成,60,31,6.71,2,0.08,1.58.6,1-3-5,4850,18,1-3,810,3,1-3-5,2150,8,1-3,470,2
20250625,江戸川,1,予選,雨,南,4,5,5,6,4969,町 田 洸 希,28,61,6.74,6,0.11,,1-3-5,4850,18,1-3,810,3,1-3-5,2150,8,1-3,470,2
20250625,江戸川,1,予選,雨,南,4,5,6,4,4100,松 田 隆 司,68,10,6.70,4,0.09,,1-3-5,4850,18,1-3,810,3,1-3-5,2150,8,1-3,470,2
20250625,江戸川,2,予選,雨,南,5,5,1,1,3630,黒 田 誠 司,62,25,6.80,1,0.09,1.53.2,1-2-5,8170,31,1-2,1370,6,1-2-5,2060,5,1-2,640,2
20250625,江戸川,2,予選,雨,南,5,5,2,2,4074,柳 沢 一,26,27,6.69,2,0.10,1.54.6,1-2-5,8170,31,1-2,1370,6,1-2-5,2060,5,1-2,640,2
20250625,江戸川,2,予選,雨,南,5,5,3,5,4875,大 塚 康 雅,12,32,6.61,5,0.14,1.55.2,1-2-5,8170,31,1-2,1370,6,1-2-5,2060,5,1-2,640,2
20250625,江戸川,2,予選,雨,南,5,5,4,3,4227,安 達 裕 樹,17,51,6.70,3,0.18,1.56.3,1-2-5,8170,31,1-2,1370,6,1-2-5,2060,5,1-2,640,2
20250625,江戸川,2,予選,雨,南,5,5,5,6,5316,村 松 将 平,66,36,6.71,6,0.16,,1-2-5,8170,31,1-2,1370,6,1-2-5,2060,5,1-2,640,2
20250625,江戸川,2,予選,雨,南,5,5,6,4,4176,樋 口 喜 彦,55,46,6.74,4,0.12,,1-2-5,8170,31,1-2,1370,6,1-2-5,2060,5,1-2,640,2
20250625,江戸川,3,予選,曇り,南,3,5,1,1,5187,小 坂 風 太,30,33,6.64,1,0.07,1.52.9,1-2-3,1530,5,1-2,970,4,1-2-3,260,1,1-2,490,3
20250625,江戸川,3,予選,曇り,南,3,5,2,2,4705,吉 川 勇 作,33,35,6.76,2,0.12,1.54.2,1-2-3,1530,5,1-2,970,4,1-2-3,260,1,1-2,490,3
20250625,江戸川,3,予選,曇り,南,3,5,3,3,3997,北 村 征 嗣,69,41,6.65,3,0.17,1.56.0,1-2-3,1530,5,1-2,970,4,1-2-3,260,1,1-2,490,3
20250625,江戸川,3,予選,曇り,南,3,5,4,4,5177,松 井 貫 太,32,24,6.73,4,0.16,1.57.5,1-2-3,1530,5,1-2,970,4,1-2-3,260,1,1-2,490,3
20250625,江戸川,3,予選,曇り,南,3,5,5,5,5011,高 木 圭 大,11,53,6.73,5,0.18,,1-2-3,1530,5,1-2,970,4,1-2-3,260,1,1-2,490,3
20250625,江戸川,3,予選,曇り,南,3,5,6,6,5061,中 村 駿 平,22,39,6.75,6,0.23,,1-2-3,1530,5,1-2,970,4,1-2-3,260,1,1-2,490,3
20250625,江戸川,4,予選,曇り,南,7,5,1,1,5288,尾 道 佳 諭,45,29,6.74,1,0.03,2.00.2,1-4-2,7000,22,1-4,3180,10,1-2-4,550,3,1-4,1640,7
20250625,江戸川,4,予選,曇り,南,7,5,2,4,4352,下 條 雄太郎,58,22,6.81,4,0.11,2.04.1,1-4-2,7000,22,1-4,3180,10,1-2-4,550,3,1-4,1640,7
20250625,江戸川,4,予選,曇り,南,7,5,3,2,4761,山 田 晃 大,65,23,6.74,2,0.04,2.05.3,1-4-2,7000,22,1-4,3180,10,1-2-4,550,3,1-4,1640,7
20250625,江戸川,4,予選,曇り,南,7,5,4,5,5186,遠 藤 圭 吾,23,20,6.71,5,0.13,2.28.4,1-4-2,7000,22,1-4,3180,10,1-2-4,550,3,1-4,1640,7
20250625,江戸川,5,予選,雨,南,3,5,1,1,5038,金 田 智 博,35,11,6.70,1,0.25,1.53.8,1-6-2,3830,10,1-6,3020,8,1-2-6,520,3,1-6,1790,6
20250625,江戸川,5,予選,雨,南,3,5,2,6,5074,大 澤 誠 也,71,26,6.89,6,0.19,1.54.6,1-6-2,3830,10,1-6,3020,8,1-2-6,520,3,1-6,1790,6
20250625,江戸川,5,予選,雨,南,3,5,3,2,4808,松 尾 拓,67,21,6.84,2,0.23,1.56.2,1-6-2,3830,10,1-6,3020,8,1-2-6,520,3,1-6,1790,6
20250625,江戸川,5,予選,雨,南,3,5,4,3,4728,山 口 亮,27,45,6.85,3,0.33,1.57.8,1-6-2,3830,10,1-6,3020,8,1-2-6,520,3,1-6,1790,6
20250625,江戸川,5,予選,雨,南,3,5,5,5,5359,佐 藤 世 那,64,67,6.88,5,0.26,,1-6-2,3830,10,1-6,3020,8,1-2-6,520,3,1-6,1790,6
20250625,江戸川,5,予選,雨,南,3,5,6,4,5325,澁 川 夏,14,40,6.80,4,0.24,,1-6-2,3830,10,1-6,3020,8,1-2-6,520,3,1-6,1790,6
20250625,江戸川,6,予選,雨,南,3,5,1,1,3822,平 尾 崇 典,41,56,6.88,1,0.11,1.53.3,1-5-3,2570,12,1-5,630,4,1-3-5,710,3,1-5,600,4
20250625,江戸川,6,予選,雨,南,3,5,2,5,4405,南 野 利 騰,63,62,7.00,5,0.17,1.54.6,1-5-3,2570,12,1-5,630,4,1-3-5,710,3,1-5,600,4
20250625,江戸川,6,予選,雨,南,3,5,3,3,4176,樋 口 喜 彦,55,46,6.96,3,0.14,1.55.9,1-5-3,2570,12,1-5,630,4,1-3-5,710,3,1-5,600,4
20250625,江戸川,6,予選,雨,南,3,5,4,6,4374,永 田 義 紘,24,49,7.05,6,0.22,1.57.7,1-5-3,2570,12,1-5,630,4,1-3-5,710,3,1-5,600,4
20250625,江戸川,6,予選,雨,南,3,5,5,4,5280,廣 瀬 凜,51,54,6.94,4,0.17,,1-5-3,2570,12,1-5,630,4,1-3-5,710,3,1-5,600,4
20250625,江戸川,6,予選,雨,南,3,5,6,2,5294,豊 田 祥 生,21,13,6.94,2,0.14,,1-5-3,2570,12,1-5,630,4,1-3-5,710,3,1-5,600,4
20250625,江戸川,7,予選,雨,南,4,5,1,1,4089,妹 尾 忠 幸,54,65,6.91,1,0.13,1.53.5,1-3-5,720,2,1-3,420,2,1-3-5,260,1,1-3,500,2
20250625,江戸川,7,予選,雨,南,4,5,2,3,4875,大 塚 康 雅,12,32,7.02,3,0.11,1.55.3,1-3-5,720,2,1-3,420,2,1-3-5,260,1,1-3,500,2
20250625,江戸川,7,予選,雨,南,4,5,3,5,4848,仲 谷 颯 仁,18,66,6.90,5,0.19,1.56.4,1-3-5,720,2,1-3,420,2,1-3-5,260,1,1-3,500,2
20250625,江戸川,7,予選,雨,南,4,5,4,2,5061,中 村 駿 平,22,39,6.93,2,0.12,1.57.5,1-3-5,720,2,1-3,420,2,1-3-5,260,1,1-3,500,2
20250625,江戸川,7,予選,雨,南,4,5,5,4,3233,小 畑 実 成,60,31,6.92,4,0.10,,1-3-5,720,2,1-3,420,2,1-3-5,260,1,1-3,500,2
20250625,江戸川,7,予選,雨,南,4,5,6,6,3647,伊 藤 雄 二,43,58,6.94,6,0.22,,1-3-5,720,2,1-3,420,2,1-3-5,260,1,1-3,500,2
20250625,江戸川,8,予選,雨,南,3,5,1,3,4074,柳 沢 一,26,27,6.98,3,0.11,1.53.1,3-1-4,1220,3,3-1,720,3,1-3-4,190,1,1-3,240,1
20250625,江戸川,8,予選,雨,南,3,5,2,1,3482,金 子 猛 志,34,71,6.98,1,0.13,1.53.9,3-1-4,1220,3,3-1,720,3,1-3-4,190,1,1-3,240,1
20250625,江戸川,8,予選,雨,南,3,5,3,4,4798,浜 先 真 範,38,38,6.80,4,0.13,1.54.2,3-1-4,1220,3,3-1,720,3,1-3-4,190,1,1-3,240,1
20250625,江戸川,8,予選,雨,南,3,5,4,6,5070,中 島 航,36,43,7.00,6,0.19,1.57.8,3-1-4,1220,3,3-1,720,3,1-3-4,190,1,1-3,240,1
20250625,江戸川,8,予選,雨,南,3,5,5,2,5186,遠 藤 圭 吾,23,57,6.95,2,0.13,,3-1-4,1220,3,3-1,720,3,1-3-4,190,1,1-3,240,1
20250625,江戸川,8,予選,雨,南,3,5,6,5,5344,谷 口 丞,31,48,6.81,5,0.11,,3-1-4,1220,3,3-1,720,3,1-3-4,190,1,1-3,240,1
20250625,江戸川,9,予選特賞,雨,南,5,5,1,2,4100,松 田 隆 司,68,10,7.01,2,0.11,1.53.4,2-1-4,4480,16,2-1,2950,8,1-2-4,280,1,1-2,280,2
20250625,江戸川,9,予選特賞,雨,南,5,5,2,1,4352,下 條 雄太郎,58,22,6.94,1,0.08,1.54.4,2-1-4,4480,16,2-1,2950,8,1-2-4,280,1,1-2,280,2
20250625,江戸川,9,予選特賞,雨,南,5,5,3,4,4379,桑 島 和 宏,46,52,7.06,4,0.19,1.56.5,2-1-4,4480,16,2-1,2950,8,1-2-4,280,1,1-2,280,2
20250625,江戸川,9,予選特賞,雨,南,5,5,4,6,3643,米 田 隆 弘,37,12,7.04,6,0.27,1.57.6,2-1-4,4480,16,2-1,2950,8,1-2-4,280,1,1-2,280,2
20250625,江戸川,9,予選特賞,雨,南,5,5,5,5,5316,村 松 将 平,66,36,6.95,5,0.42,,2-1-4,4480,16,2-1,2950,8,1-2-4,280,1,1-2,280,2
20250625,江戸川,9,予選特賞,雨,南,5,5,6,3,5359,佐 藤 世 那,64,67,7.01,3,0.20,,2-1-4,4480,16,2-1,2950,8,1-2-4,280,1,1-2,280,2
20250625,江戸川,10,予選特賞,曇り,南東,4,5,1,1,3997,北 村 征 嗣,69,41,6.85,1,0.03,1.53.0,1-3-4,950,2,1-3,400,2,1-3-4,350,1,1-3,340,2
20250625,江戸川,10,予選特賞,曇り,南東,4,5,2,3,4405,南 野 利 騰,63,62,6.94,3,0.07,1.53.8,1-3-4,950,2,1-3,400,2,1-3-4,350,1,1-3,340,2
20250625,江戸川,10,予選特賞,曇り,南東,4,5,3,4,4227,安 達 裕 樹,17,51,6.91,4,0.07,1.55.6,1-3-4,950,2,1-3,400,2,1-3-4,350,1,1-3,340,2
20250625,江戸川,10,予選特賞,曇り,南東,4,5,4,5,5074,大 澤 誠 也,71,26,6.94,5,0.09,1.55.7,1-3-4,950,2,1-3,400,2,1-3-4,350,1,1-3,340,2
20250625,江戸川,10,予選特賞,曇り,南東,4,5,5,6,3931,黒 崎 竜 也,39,37,6.94,6,0.14,,1-3-4,950,2,1-3,400,2,1-3-4,350,1,1-3,340,2
20250625,江戸川,10,予選特賞,曇り,南東,4,5,6,2,5255,藤 原 仙 二,13,50,6.99,2,0.11,,1-3-4,950,2,1-3,400,2,1-3-4,350,1,1-3,340,2
20250625,江戸川,11,予選特選,曇り,南,4,5,1,1,4848,仲 谷 颯 仁,18,66,6.88,1,0.26,1.53.4,1-3-6,620,1,1-3,240,1,1-3-6,330,1,1-3,210,1
20250625,江戸川,11,予選特選,曇り,南,4,5,2,3,4808,松 尾 拓,67,21,7.08,3,0.27,1.54.7,1-3-6,620,1,1-3,240,1,1-3-6,330,1,1-3,210,1
20250625,江戸川,11,予選特選,曇り,南,4,5,3,6,4761,山 田 晃 大,65,23,7.01,6,0.22,1.56.4,1-3-6,620,1,1-3,240,1,1-3-6,330,1,1-3,210,1
20250625,江戸川,11,予選特選,曇り,南,4,5,4,5,4374,永 田 義 紘,24,49,7.04,5,0.23,1.58.2,1-3-6,620,1,1-3,240,1,1-3-6,330,1,1-3,210,1
20250625,江戸川,11,予選特選,曇り,南,4,5,5,2,5011,高 木 圭 大,11,53,7.06,2,0.29,,1-3-6,620,1,1-3,240,1,1-3-6,330,1,1-3,210,1
20250625,江戸川,11,予選特選,曇り,南,4,5,6,4,4969,町 田 洸 希,28,61,6.97,4,0.25,,1-3-6,620,1,1-3,240,1,1-3-6,330,1,1-3,210,1
20250625,戸田,12,記者選抜戦,晴,南東,4,5,1,2,3630,黒 田 誠 司,62,25,7.09,2,0.11,1.53.4,2-1-5,16120,33,2-1,3990,9,1-2-5,1170,5,1-2,1060,4
20250625,戸田,12,記者選抜戦,晴,南東,4,5,2,1,4335,若 林 将,48,64,7.08,1,0.09,1.55.3,2-1-5,16120,33,2-1,3990,9,1-2-5,1170,5,1-2,1060,4
20250625,戸田,12,記者選抜戦,晴,南東,4,5,3,5,4089,妹 尾 忠 幸,54,65,7.10,4,0.23,1.56.9,2-1-5,16120,33,2-1,3990,9,1-2-5,1170,5,1-2,1060,4
20250625,戸田,12,記者選抜戦,晴,南東,4,5,4,6,4728,山 口 亮,27,45,6.93,5,0.23,1.58.4,2-1-5,16120,33,2-1,3990,9,1-2-5,1170,5,1-2,1060,4
20250625,戸田,12,記者選抜戦,晴,南東,4,5,5,3,4159,向 後 龍 一,50,69,7.01,3,0.10,,2-1-5,16120,33,2-1,3990,9,1-2-5,1170,5,1-2,1060,4
20250625,戸田,1,予選,雨,無風,0,0,1,4,4914,吉 田 裕 平,45,63,6.72,4,0.09,1.49.9,4-2-1,10630,46,4-2,3040,13,1-2-4,480,2,2-4,830,4
20250625,戸田,1,予選,雨,無風,0,0,2,2,4851,関 浩 哉,14,42,6.69,2,0.11,1.51.1,4-2-1,10630,46,4-2,3040,13,1-2-4,480,2,2-4,830,4
20250625,戸田,1,予選,雨,無風,0,0,3,1,4566,塩 田 北 斗,20,27,6.73,1,0.05,1.53.3,4-2-1,10630,46,4-2,3040,13,1-2-4,480,2,2-4,830,4
20250625,戸田,1,予選,雨,無風,0,0,4,3,4500,山 田 康 二,7,52,6.75,3,0.10,1.54.2,4-2-1,10630,46,4-2,3040,13,1-2-4,480,2,2-4,830,4
20250625,戸田,1,予選,雨,無風,0,0,5,6,4344,新 田 雄 史,48,35,6.71,6,0.13,,4-2-1,10630,46,4-2,3040,13,1-2-4,480,2,2-4,830,4
20250625,戸田,1,予選,雨,無風,0,0,6,5,3854,吉 川 元 浩,5,17,6.78,5,0.07,,4-2-1,10630,46,4-2,3040,13,1-2-4,480,2,2-4,830,4
20250625,戸田,2,予選,雨,無風,0,0,1,1,4573,佐 藤 翼,39,40,6.67,1,0.14,1.49.9,1-5-4,2670,12,1-5,500,4,1-4-5,820,6,1-5,420,2
20250625,戸田,2,予選,雨,無風,0,0,2,5,4939,宮之原 輝 紀,33,77,6.73,5,0.11,1.51.1,1-5-4,2670,12,1-5,500,4,1-4-5,820,6,1-5,420,2
20250625,戸田,2,予選,雨,無風,0,0,3,4,3897,白 井 英 治,24,26,6.81,4,0.10,1.53.0,1-5-4,2670,12,1-5,500,4,1-4-5,820,6,1-5,420,2
20250625,戸田,2,予選,雨,無風,0,0,4,2,3415,松 井 繁,28,24,6.77,2,0.14,1.53.0,1-5-4,2670,12,1-5,500,4,1-4-5,820,6,1-5,420,2
20250625,戸田,2,予選,雨,無風,0,0,5,3,4787,椎 名 豊,10,69,6.73,3,0.14,,1-5-4,2670,12,1-5,500,4,1-4-5,820,6,1-5,420,2
20250625,戸田,2,予選,雨,無風,0,0,6,6,4262,馬 場 貴 也,63,47,6.80,6,0.14,,1-5-4,2670,12,1-5,500,4,1-4-5,820,6,1-5,420,2
20250625,戸田,3,予選,雨,無風,0,0,1,1,4503,上 野 真之介,21,16,6.77,1,0.09,1.50.0,1-4-2,2110,6,1-4,550,3,1-2-4,770,3,1-4,370,2
20250625,戸田,3,予選,雨,無風,0,0,2,4,4686,丸 野 一 樹,65,14,6.75,4,0.13,1.50.9,1-4-2,2110,6,1-4,550,3,1-2-4,770,3,1-4,370,2
20250625,戸田,3,予選,雨,無風,0,0,3,2,4760,山 崎 郡,58,30,6.69,2,0.15,1.52.3,1-4-2,2110,6,1-4,550,3,1-2-4,770,3,1-4,370,2
20250625,戸田,3,予選,雨,無風,0,0,4,6,4847,佐 藤 隆太郎,29,73,6.73,6,0.12,1.53.4,1-4-2,2110,6,1-4,550,3,1-2-4,770,3,1-4,370,2
20250625,戸田,3,予選,雨,無風,0,0,5,3,4350,篠 崎 元 志,44,55,6.85,3,0.18,,1-4-2,2110,6,1-4,550,3,1-2-4,770,3,1-4,370,2
20250625,戸田,3,予選,雨,無風,0,0,6,5,4238,毒 島 誠,46,54,6.83,5,0.17,,1-4-2,2110,6,1-4,550,3,1-2-4,770,3,1-4,370,2
20250625,戸田,4,予選,雨,無風,0,0,1,4,4266,長 田 頼 宗,53,68,6.66,4,0.08,1.49.7,4-6-1,9210,40,4-6,2620,11,1-4-6,930,3,4-6,2350,9
20250625,戸田,4,予選,雨,無風,0,0,2,6,3941,池 田 浩 二,8,53,6.72,6,0.13,1.50.4,4-6-1,9210,40,4-6,2620,11,1-4-6,930,3,4-6,2350,9
20250625,戸田,4,予選,雨,無風,0,0,3,1,3959,坪 井 康 晴,37,38,6.61,1,0.11,1.52.7,4-6-1,9210,40,4-6,2620,11,1-4-6,930,3,4-6,2350,9
20250625,戸田,4,予選,雨,無風,0,0,4,3,4362,土 屋 智 則,9,32,6.73,3,0.15,1.53.6,4-6-1,9210,40,4-6,2620,11,1-4-6,930,3,4-6,2350,9
20250625,戸田,4,予選,雨,無風,0,0,5,2,4762,藤 原 啓史朗,11,64,6.64,2,0.10,,4-6-1,9210,40,4-6,2620,11,1-4-6,930,3,4-6,2350,9
20250625,戸田,4,予選,雨,無風,0,0,6,5,4831,羽 野 直 也,2,44,6.74,5,0.12,,4-6-1,9210,40,4-6,2620,11,1-4-6,930,3,4-6,2350,9
20250625,戸田,5,予選,曇り,無風,0,0,1,2,4586,磯 部 誠,1,36,6.71,2,0.12,1.50.3,2-3-5,3200,10,2-3,1030,4,2-3-5,1090,6,2-3,640,3
20250625,戸田,5,予選,曇り,無風,0,0,2,3,4524,深 谷 知 博,41,12,6.72,3,0.11,1.51.3,2-3-5,3200,10,2-3,1030,4,2-3-5,1090,6,2-3,640,3
20250625,戸田,5,予選,曇り,無風,0,0,3,5,4445,宮 地 元 輝,13,20,6.80,5,0.07,1.53.6,2-3-5,3200,10,2-3,1030,4,2-3-5,1090,6,2-3,640,3
20250625,戸田,5,予選,曇り,無風,0,0,4,4,4397,西 村 拓 也,62,71,6.78,4,0.09,1.54.3,2-3-5,3200,10,2-3,1030,4,2-3-5,1090,6,2-3,640,3
20250625,戸田,5,予選,曇り,無風,0,0,5,6,3942,寺 田 祥,54,45,6.81,6,0.07,,2-3-5,3200,10,2-3,1030,4,2-3-5,1090,6,2-3,640,3
20250625,戸田,5,予選,曇り,無風,0,0,6,1,3978,齊 藤 仁,27,41,6.72,1,0.15,,2-3-5,3200,10,2-3,1030,4,2-3-5,1090,6,2-3,640,3
20250625,戸田,6,予選,雨,南西,2,1,1,1,3946,赤 岩 善 生,30,57,6.66,1,0.18,1.49.8,1-4-2,2200,2,1-4,540,1,1-2-4,610,2,1-4,320,1
20250625,戸田,6,予選,雨,南西,2,1,2,4,4320,峰 竜 太,22,60,6.64,4,0.20,1.50.4,1-4-2,2200,2,1-4,540,1,1-2-4,610,2,1-4,320,1
20250625,戸田,6,予選,雨,南西,2,1,3,2,4044,湯 川 浩 司,26,75,6.60,2,0.21,1.52.9,1-4-2,2200,2,1-4,540,1,1-2-4,610,2,1-4,320,1
20250625,戸田,6,予選,雨,南西,2,1,4,6,4371,西 山 貴 浩,15,58,6.86,6,0.19,1.54.3,1-4-2,2200,2,1-4,540,1,1-2-4,610,2,1-4,320,1
20250625,戸田,6,予選,雨,南西,2,1,5,3,3854,吉 川 元 浩,5,17,6.74,3,0.26,,1-4-2,2200,2,1-4,540,1,1-2-4,610,2,1-4,320,1
20250625,戸田,6,予選,雨,南西,2,1,6,5,4205,山 口 剛,38,46,6.73,5,0.14,,1-4-2,2200,2,1-4,540,1,1-2-4,610,2,1-4,320,1
20250625,戸田,7,予選,雨,南西,2,2,1,2,4719,上 條 暢 嵩,56,15,6.78,2,0.11,1.49.7,2-4-5,8540,32,2-4,2350,9,2-4-5,1160,6,2-4,770,3
20250625,戸田,7,予選,雨,南西,2,2,2,4,4851,関 浩 哉,14,42,6.77,4,0.15,1.50.6,2-4-5,8540,32,2-4,2350,9,2-4-5,1160,6,2-4,770,3
20250625,戸田,7,予選,雨,南西,2,2,3,5,4024,井 口 佳 典,61,25,6.81,5,0.16,1.53.0,2-4-5,8540,32,2-4,2350,9,2-4-5,1160,6,2-4,770,3
20250625,戸田,7,予選,雨,南西,2,2,4,1,4013,中 島 孝 平,23,31,6.83,1,0.12,1.53.2,2-4-5,8540,32,2-4,2350,9,2-4-5,1160,6,2-4,770,3
20250625,戸田,7,予選,雨,南西,2,2,5,3,4502,遠 藤 エ ミ,35,23,6.85,3,0.10,,2-4-5,8540,32,2-4,2350,9,2-4-5,1160,6,2-4,770,3
20250625,戸田,7,予選,雨,南西,2,2,6,6,3716,石 渡 鉄 兵,55,37,6.83,6,0.21,,2-4-5,8540,32,2-4,2350,9,2-4-5,1160,6,2-4,770,3
20250625,戸田,8,予選,曇り,無風,0,0,1,6,4444,桐 生 順 平,64,65,6.76,6,0.15,1.50.1,6-5-1,33930,81,6-5,9330,25,1-5-6,1180,7,5-6,2750,9
20250625,戸田,8,予選,曇り,無風,0,0,2,5,4168,石 野 貴 之,49,43,6.76,5,0.14,1.50.9,6-5-1,33930,81,6-5,9330,25,1-5-6,1180,7,5-6,2750,9
20250625,戸田,8,予選,曇り,無風,0,0,3,1,3897,白 井 英 治,24,26,6.72,1,0.10,1.52.1,6-5-1,33930,81,6-5,9330,25,1-5-6,1180,7,5-6,2750,9
20250625,戸田,8,予選,曇り,無風,0,0,4,2,4500,山 田 康 二,7,52,6.81,2,0.13,1.53.5,6-5-1,33930,81,6-5,9330,25,1-5-6,1180,7,5-6,2750,9
20250625,戸田,8,予選,曇り,無風,0,0,5,3,4238,毒 島 誠,46,54,6.81,4,0.38,,6-5-1,33930,81,6-5,9330,25,1-5-6,1180,7,5-6,2750,9
20250625,戸田,8,予選,曇り,無風,0,0,6,4,3783,瓜 生 正 義,43,34,6.87,3,0.15,,6-5-1,33930,81,6-5,9330,25,1-5-6,1180,7,5-6,2750,9
20250625,戸田,9,予選,曇り,無風,0,0,1,1,3415,松 井 繁,28,24,6.64,1,0.20,1.49.7,1-3-4,1260,2,1-3,430,1,1-3-4,490,2,1-3,320,1
20250625,戸田,9,予選,曇り,無風,0,0,2,3,3941,池 田 浩 二,8,53,6.69,3,0.12,1.50.9,1-3-4,1260,2,1-3,430,1,1-3-4,490,2,1-3,320,1
20250625,戸田,9,予選,曇り,無風,0,0,3,4,4166,吉 田 拡 郎,25,21,6.73,4,0.17,1.52.7,1-3-4,1260,2,1-3,430,1,1-3-4,490,2,1-3,320,1
20250625,戸田,9,予選,曇り,無風,0,0,4,5,4566,塩 田 北 斗,20,27,6.80,5,0.21,1.54.2,1-3-4,1260,2,1-3,430,1,1-3-4,490,2,1-3,320,1
20250625,戸田,9,予選,曇り,無風,0,0,5,6,4686,丸 野 一 樹,65,14,6.81,6,0.20,,1-3-4,1260,2,1-3,430,1,1-3-4,490,2,1-3,320,1
20250625,戸田,9,予選,曇り,無風,0,0,6,2,4494,河 合 佑 樹,18,56,6.66,2,0.14,,1-3-4,1260,2,1-3,430,1,1-3-4,490,2,1-3,320,1
20250625,戸田,10,予選,雨,東,3,1,1,1,4337,平 本 真 之,3,49,6.78,1,0.14,1.51.3,1-5-4,3400,13,1-5,1130,5,1-4-5,850,5,1-5,950,4
20250625,戸田,10,予選,雨,東,3,1,2,5,4503,上 野 真之介,21,16,6.75,5,0.11,1.52.3,1-5-4,3400,13,1-5,1130,5,1-4-5,850,5,1-5,950,4
20250625,戸田,10,予選,雨,東,3,1,3,4,4504,前 田 将 太,12,28,6.78,4,0.16,1.53.0,1-5-4,3400,13,1-5,1130,5,1-4-5,850,5,1-5,950,4
20250625,戸田,10,予選,雨,東,3,1,4,6,4030,森 高 一 真,16,50,6.81,6,0.19,1.54.0,1-5-4,3400,13,1-5,1130,5,1-4-5,850,5,1-5,950,4
20250625,戸田,10,予選,雨,東,3,1,5,2,4262,馬 場 貴 也,63,47,6.70,2,0.22,,1-5-4,3400,13,1-5,1130,5,1-4-5,850,5,1-5,950,4
20250625,戸田,10,予選,雨,東,3,1,6,3,4397,西 村 拓 也,62,71,6.77,3,0.20,,1-5-4,3400,13,1-5,1130,5,1-4-5,850,5,1-5,950,4
20250625,戸田,11,予選,曇り,南東,2,2,1,3,3779,原 田 幸 哉,47,61,6.60,4,0.10,1.50.5,3-1-2,2600,8,3-1,720,3,1-2-3,410,1,1-3,250,1
20250625,戸田,11,予選,曇り,南東,2,2,2,1,4445,宮 地 元 輝,13,20,6.66,2,0.06,1.51.7,3-1-2,2600,8,3-1,720,3,1-2-3,410,1,1-3,250,1
20250625,戸田,11,予選,曇り,南東,2,2,3,2,4266,長 田 頼 宗,53,68,6.69,3,0.07,1.53.1,3-1-2,2600,8,3-1,720,3,1-2-3,410,1,1-3,250,1
20250625,戸田,11,予選,曇り,南東,2,2,4,5,4459,片 岡 雅 裕,42,62,6.72,5,0.11,1.53.9,3-1-2,2600,8,3-1,720,3,1-2-3,410,1,1-3,250,1
20250625,戸田,11,予選,曇り,南東,2,2,5,6,4350,篠 崎 元 志,44,55,6.79,6,0.26,,3-1-2,2600,8,3-1,720,3,1-2-3,410,1,1-3,250,1
20250625,戸田,11,予選,曇り,南東,2,2,6,4,3946,赤 岩 善 生,30,57,6.70,1,0.16,,3-1-2,2600,8,3-1,720,3,1-2-3,410,1,1-3,250,1
20250625,戸田,12,予選,雨,南東,2,2,1,1,4320,峰 竜 太,22,60,6.62,1,0.12,1.49.6,1-5-4,1590,7,1-5,630,3,1-4-5,430,2,1-5,400,3
20250625,戸田,12,予選,雨,南東,2,2,2,5,4547,中 田 竜 太,19,13,6.79,5,0.10,1.50.6,1-5-4,1590,7,1-5,630,3,1-4-5,430,2,1-5,400,3
20250625,戸田,12,予選,雨,南東,2,2,3,4,4418,茅 原 悠 紀,52,39,6.71,4,0.07,1.52.3,1-5-4,1590,7,1-5,630,3,1-4-5,430,2,1-5,400,3
20250625,戸田,12,予選,雨,南東,2,2,4,2,4524,深 谷 知 博,41,12,6.62,2,0.10,1.54.2,1-5-4,1590,7,1-5,630,3,1-4-5,430,2,1-5,400,3
20250625,戸田,12,予選,雨,南東,2,2,5,6,4502,遠 藤 エ ミ,35,23,6.83,6,0.12,,1-5-4,1590,7,1-5,630,3,1-4-5,430,2,1-5,400,3
20250625,戸田,12,予選,雨,南東,2,2,6,3,4831,羽 野 直 也,2,44,6.73,3,0.11,,1-5-4,1590,7,1-5,630,3,1-4-5,430,2,1-5,400,3
