date,venue_name,race_no,race_type,weather,wind_dir,wind_ms,wave_cm,rank,waku,reg_no,name,motor_no,boat_no,exhibition_time,course_enter,st_timing,race_time,won3,won3_pay,won3_pop,won2,won2_pay,won2_pop,trio,trio_pay,trio_pop,pair,pair_pay,pair_pop,lap_time,turn_time,straight_time,lap_rank,turn_rank,straight_rank,exhibition_eval
20251223,下関,1,一般,曇り,南東,3,3,1,1,3442,宮 武 英 司,13,58,6.70,1,0.17,1.49.3,1-3-5,1230,5,1-3,310,1,1-3-5,880,3,1-3,240,1,,,,,,,
20251223,下関,1,一般,曇り,南東,3,3,2,3,3956,横 澤 剛 治,30,67,6.77,3,0.13,1.50.5,1-3-5,1230,5,1-3,310,1,1-3-5,880,3,1-3,240,1,,,,,,,
20251223,下関,1,一般,曇り,南東,3,3,3,5,4844,村 上 奈 穂,64,41,6.70,5,0.12,1.51.3,1-3-5,1230,5,1-3,310,1,1-3-5,880,3,1-3,240,1,,,,,,,
20251223,下関,1,一般,曇り,南東,3,3,4,4,4950,高 岡 竜 也,37,17,6.80,4,0.12,1.52.5,1-3-5,1230,5,1-3,310,1,1-3-5,880,3,1-3,240,1,,,,,,,
20251223,下関,1,一般,曇り,南東,3,3,5,2,5211,高 井 駿 弥,63,16,6.84,2,0.18,,1-3-5,1230,5,1-3,310,1,1-3-5,880,3,1-3,240,1,,,,,,,
20251223,下関,1,一般,曇り,南東,3,3,6,6,5435,中 西 月 輝,15,54,6.75,6,0.05,,1-3-5,1230,5,1-3,310,1,1-3-5,880,3,1-3,240,1,,,,,,,
20251223,下関,2,一般,曇り,東,2,2,1,2,5106,山 崎 祥,56,33,6.67,2,0.15,1.48.1,2-4-1,4790,14,2-4,2550,8,1-2-4,250,1,2-4,530,4,,,,,,,
20251223,下関,2,一般,曇り,東,2,2,2,4,4892,柴 田 直 哉,32,49,6.73,4,0.25,1.49.4,2-4-1,4790,14,2-4,2550,8,1-2-4,250,1,2-4,530,4,,,,,,,
20251223,下関,2,一般,曇り,東,2,2,3,1,4108,吉 村 正 明,21,31,6.76,1,0.12,1.51.1,2-4-1,4790,14,2-4,2550,8,1-2-4,250,1,2-4,530,4,,,,,,,
20251223,下関,2,一般,曇り,東,2,2,4,3,3589,西 村 勝,33,24,6.75,3,0.13,1.53.0,2-4-1,4790,14,2-4,2550,8,1-2-4,250,1,2-4,530,4,,,,,,,
20251223,下関,2,一般,曇り,東,2,2,5,5,4173,岡 谷 健 吾,66,13,6.78,5,0.21,,2-4-1,4790,14,2-4,2550,8,1-2-4,250,1,2-4,530,4,,,,,,,
20251223,下関,2,一般,曇り,東,2,2,6,6,5442,池 田 美 優,28,39,6.75,6,0.15,,2-4-1,4790,14,2-4,2550,8,1-2-4,250,1,2-4,530,4,,,,,,,
20251223,下関,3,一般,曇り,東,3,3,1,1,4819,蜂 須 瑞 生,44,66,6.76,1,0.19,1.48.4,1-5-2,1030,3,1-5,510,2,1-2-5,360,1,1-5,600,3,,,,,,,
20251223,下関,3,一般,曇り,東,3,3,2,5,4398,船 岡 洋一郎,27,55,6.76,5,0.12,1.50.5,1-5-2,1030,3,1-5,510,2,1-2-5,360,1,1-5,600,3,,,,,,,
20251223,下関,3,一般,曇り,東,3,3,3,2,4225,土 屋 千 明,11,63,6.76,2,0.13,1.51.4,1-5-2,1030,3,1-5,510,2,1-2-5,360,1,1-5,600,3,,,,,,,
20251223,下関,3,一般,曇り,東,3,3,4,4,4846,佐 藤 駿 介,46,35,6.77,4,0.14,1.53.2,1-5-2,1030,3,1-5,510,2,1-2-5,360,1,1-5,600,3,,,,,,,
20251223,下関,3,一般,曇り,東,3,3,5,6,3872,岡 田 憲 行,24,69,6.87,6,0.17,,1-5-2,1030,3,1-5,510,2,1-2-5,360,1,1-5,600,3,,,,,,,
20251223,下関,3,一般,曇り,東,3,3,6,3,4811,向井田 佑 紀,17,46,6.74,3,0.18,,1-5-2,1030,3,1-5,510,2,1-2-5,360,1,1-5,600,3,,,,,,,
20251223,下関,4,一般,曇り,東,3,3,1,1,4638,小 林 遼 太,67,32,6.71,1,0.09,1.49.3,1-4-6,2060,7,1-4,550,2,1-4-6,750,5,1-4,340,1,,,,,,,
20251223,下関,4,一般,曇り,東,3,3,2,4,4171,榎 幸 司,72,19,6.87,4,0.17,1.50.4,1-4-6,2060,7,1-4,550,2,1-4-6,750,5,1-4,340,1,,,,,,,
20251223,下関,4,一般,曇り,東,3,3,3,6,3944,山 口 裕 二,41,23,6.79,6,0.19,1.51.5,1-4-6,2060,7,1-4,550,2,1-4-6,750,5,1-4,340,1,,,,,,,
20251223,下関,4,一般,曇り,東,3,3,4,2,4518,大須賀 友,25,48,6.74,2,0.13,1.53.1,1-4-6,2060,7,1-4,550,2,1-4-6,750,5,1-4,340,1,,,,,,,
20251223,下関,4,一般,曇り,東,3,3,5,3,3458,東 健 介,45,59,6.80,3,0.11,,1-4-6,2060,7,1-4,550,2,1-4-6,750,5,1-4,340,1,,,,,,,
20251223,下関,4,一般,曇り,東,3,3,6,5,3357,福 島 陽 子,35,53,6.79,5,0.20,,1-4-6,2060,7,1-4,550,2,1-4-6,750,5,1-4,340,1,,,,,,,
20251223,下関,5,シーモ 戦,曇り,東,3,3,1,1,4193,郷 原 章 平,57,62,6.82,1,0.07,1.49.1,1-2-5,3690,14,1-2,510,2,1-2-5,2000,9,1-2,520,2,,,,,,,
20251223,下関,5,シーモ 戦,曇り,東,3,3,2,2,5317,長 尾 萌 加,54,14,6.83,2,0.12,1.49.8,1-2-5,3690,14,1-2,510,2,1-2-5,2000,9,1-2,520,2,,,,,,,
20251223,下関,5,シーモ 戦,曇り,東,3,3,3,5,4068,幸 田 智 裕,20,47,6.82,5,0.23,1.51.5,1-2-5,3690,14,1-2,510,2,1-2-5,2000,9,1-2,520,2,,,,,,,
20251223,下関,5,シーモ 戦,曇り,東,3,3,4,3,4594,谷 川 祐 一,16,56,6.88,3,0.14,1.52.7,1-2-5,3690,14,1-2,510,2,1-2-5,2000,9,1-2,520,2,,,,,,,
20251223,下関,5,シーモ 戦,曇り,東,3,3,5,4,4035,杉 江 浩 明,53,18,6.79,4,0.23,,1-2-5,3690,14,1-2,510,2,1-2-5,2000,9,1-2,520,2,,,,,,,
20251223,下関,5,シーモ 戦,曇り,東,3,3,6,6,5145,島 川 海 輝,49,26,6.79,6,0.20,,1-2-5,3690,14,1-2,510,2,1-2-5,2000,9,1-2,520,2,,,,,,,
20251223,下関,6,一般,曇り,東,2,2,1,4,5035,櫻 井 優,48,52,6.83,4,0.17,1.49.4,4-1-3,21080,46,4-1,5840,14,1-3-4,1110,5,1-4,1220,4,,,,,,,
20251223,下関,6,一般,曇り,東,2,2,2,1,3621,天 野 晶 夫,40,28,6.81,1,0.16,1.50.5,4-1-3,21080,46,4-1,5840,14,1-3-4,1110,5,1-4,1220,4,,,,,,,
20251223,下関,6,一般,曇り,東,2,2,3,3,4076,杉 田 篤 光,60,37,6.86,3,0.19,1.51.8,4-1-3,21080,46,4-1,5840,14,1-3-4,1110,5,1-4,1220,4,,,,,,,
20251223,下関,6,一般,曇り,東,2,2,4,2,4522,古 澤 光 紀,73,12,6.83,2,0.18,1.53.1,4-1-3,21080,46,4-1,5840,14,1-3-4,1110,5,1-4,1220,4,,,,,,,
20251223,下関,6,一般,曇り,東,2,2,5,5,3945,橋 口 真 樹,68,68,6.75,5,0.13,,4-1-3,21080,46,4-1,5840,14,1-3-4,1110,5,1-4,1220,4,,,,,,,
20251223,下関,6,一般,曇り,東,2,2,6,6,4050,田 口 節 子,38,64,6.74,6,0.19,,4-1-3,21080,46,4-1,5840,14,1-3-4,1110,5,1-4,1220,4,,,,,,,
20251223,下関,7,ふく～る 戦,曇り,東,2,2,1,5,4080,山 崎 哲 司,12,20,6.71,5,0.06,1.47.8,5-4-2,7320,30,5-4,1600,7,2-4-5,1370,4,4-5,850,4,,,,,,,
20251223,下関,7,ふく～る 戦,曇り,東,2,2,2,4,4601,森 野 正 弘,58,72,6.74,4,0.09,1.49.9,5-4-2,7320,30,5-4,1600,7,2-4-5,1370,4,4-5,850,4,,,,,,,
20251223,下関,7,ふく～る 戦,曇り,東,2,2,3,2,4331,三 好 勇 人,18,21,6.79,2,0.15,1.51.6,5-4-2,7320,30,5-4,1600,7,2-4-5,1370,4,4-5,850,4,,,,,,,
20251223,下関,7,ふく～る 戦,曇り,東,2,2,4,1,3746,岡 瀬 正 人,22,71,6.80,1,0.24,1.52.8,5-4-2,7320,30,5-4,1600,7,2-4-5,1370,4,4-5,850,4,,,,,,,
20251223,下関,7,ふく～る 戦,曇り,東,2,2,5,6,5157,市 川 健 太,70,73,6.76,6,0.10,,5-4-2,7320,30,5-4,1600,7,2-4-5,1370,4,4-5,850,4,,,,,,,
20251223,下関,7,ふく～る 戦,曇り,東,2,2,6,3,4846,佐 藤 駿 介,46,35,6.78,3,0.16,,5-4-2,7320,30,5-4,1600,7,2-4-5,1370,4,4-5,850,4,,,,,,,
20251223,下関,8,一般 進入固定,曇り,北東,2,2,1,1,4058,野 末 智 一,39,65,6.70,1,0.19,1.48.0,1-2-3,440,1,1-2,220,1,1-2-3,190,1,1-2,230,1,,,,,,,
20251223,下関,8,一般 進入固定,曇り,北東,2,2,2,2,3963,原 田 秀 弥,36,34,6.77,2,0.14,1.50.2,1-2-3,440,1,1-2,220,1,1-2-3,190,1,1-2,230,1,,,,,,,
20251223,下関,8,一般 進入固定,曇り,北東,2,2,3,3,3442,宮 武 英 司,13,58,6.77,3,0.17,1.51.6,1-2-3,440,1,1-2,220,1,1-2-3,190,1,1-2,230,1,,,,,,,
20251223,下関,8,一般 進入固定,曇り,北東,2,2,4,6,5045,平 川 香 織,62,29,6.80,6,0.18,1.52.7,1-2-3,440,1,1-2,220,1,1-2-3,190,1,1-2,230,1,,,,,,,
20251223,下関,8,一般 進入固定,曇り,北東,2,2,5,5,4952,吉 武 真 也,69,44,6.80,5,0.21,,1-2-3,440,1,1-2,220,1,1-2-3,190,1,1-2,230,1,,,,,,,
20251223,下関,8,一般 進入固定,曇り,北東,2,2,6,4,4062,後 藤 陽 介,50,42,6.78,4,0.23,,1-2-3,440,1,1-2,220,1,1-2-3,190,1,1-2,230,1,,,,,,,
20251223,下関,9,準優勝戦,曇り,北,1,1,1,1,5145,島 川 海 輝,49,26,6.75,1,0.16,1.48.9,1-2-3,620,2,1-2,230,1,1-2-3,350,2,1-2,190,1,,,,,,,
20251223,下関,9,準優勝戦,曇り,北,1,1,2,2,4171,榎 幸 司,72,19,6.87,2,0.18,1.49.8,1-2-3,620,2,1-2,230,1,1-2-3,350,2,1-2,190,1,,,,,,,
20251223,下関,9,準優勝戦,曇り,北,1,1,3,3,3872,岡 田 憲 行,24,69,6.91,3,0.13,1.51.2,1-2-3,620,2,1-2,230,1,1-2-3,350,2,1-2,190,1,,,,,,,
20251223,下関,9,準優勝戦,曇り,北,1,1,4,4,3956,横 澤 剛 治,30,67,6.81,4,0.12,1.51.5,1-2-3,620,2,1-2,230,1,1-2-3,350,2,1-2,190,1,,,,,,,
20251223,下関,9,準優勝戦,曇り,北,1,1,5,6,4225,土 屋 千 明,11,63,6.82,6,0.16,,1-2-3,620,2,1-2,230,1,1-2-3,350,2,1-2,190,1,,,,,,,
20251223,下関,9,準優勝戦,曇り,北,1,1,6,5,4594,谷 川 祐 一,16,56,6.82,5,0.19,,1-2-3,620,2,1-2,230,1,1-2-3,350,2,1-2,190,1,,,,,,,
20251223,下関,10,準優勝戦,曇り,北東,2,2,1,1,4398,船 岡 洋一郎,27,55,6.83,1,0.07,1.48.8,1-2-4,890,4,1-2,300,2,1-2-4,420,3,1-2,260,2,,,,,,,
20251223,下関,10,準優勝戦,曇り,北東,2,2,2,2,3944,山 口 裕 二,41,23,6.73,2,0.09,1.49.8,1-2-4,890,4,1-2,300,2,1-2-4,420,3,1-2,260,2,,,,,,,
20251223,下関,10,準優勝戦,曇り,北東,2,2,3,4,4193,郷 原 章 平,57,62,6.74,4,0.11,1.51.3,1-2-4,890,4,1-2,300,2,1-2-4,420,3,1-2,260,2,,,,,,,
20251223,下関,10,準優勝戦,曇り,北東,2,2,4,5,4076,杉 田 篤 光,60,37,6.85,5,0.17,1.52.6,1-2-4,890,4,1-2,300,2,1-2-4,420,3,1-2,260,2,,,,,,,
20251223,下関,10,準優勝戦,曇り,北東,2,2,5,6,3621,天 野 晶 夫,40,28,6.80,6,0.17,,1-2-4,890,4,1-2,300,2,1-2-4,420,3,1-2,260,2,,,,,,,
20251223,下関,10,準優勝戦,曇り,北東,2,2,6,3,4518,大須賀 友,25,48,6.73,3,0.10,,1-2-4,890,4,1-2,300,2,1-2-4,420,3,1-2,260,2,,,,,,,
20251223,下関,11,準優勝戦,曇り,北東,2,2,1,1,4080,山 崎 哲 司,12,20,6.75,1,0.15,1.48.1,1-3-2,630,1,1-3,200,1,1-2-3,270,1,1-3,180,1,,,,,,,
20251223,下関,11,準優勝戦,曇り,北東,2,2,2,3,4050,田 口 節 子,38,64,6.78,3,0.14,1.49.1,1-3-2,630,1,1-3,200,1,1-2-3,270,1,1-3,180,1,,,,,,,
20251223,下関,11,準優勝戦,曇り,北東,2,2,3,2,3746,岡 瀬 正 人,22,71,6.81,2,0.19,1.51.2,1-3-2,630,1,1-3,200,1,1-2-3,270,1,1-3,180,1,,,,,,,
20251223,下関,11,準優勝戦,曇り,北東,2,2,4,5,5106,山 崎 祥,56,33,6.77,5,0.18,1.51.9,1-3-2,630,1,1-3,200,1,1-2-3,270,1,1-3,180,1,,,,,,,
20251223,下関,11,準優勝戦,曇り,北東,2,2,5,4,4638,小 林 遼 太,67,32,6.76,4,0.19,,1-3-2,630,1,1-3,200,1,1-2-3,270,1,1-3,180,1,,,,,,,
20251223,下関,11,準優勝戦,曇り,北東,2,2,6,6,4522,古 澤 光 紀,73,12,6.84,6,0.18,,1-3-2,630,1,1-3,200,1,1-2-3,270,1,1-3,180,1,,,,,,,
20251223,下関,12,一般,曇り,東,2,2,1,1,3963,原 田 秀 弥,36,34,6.78,1,0.17,1.48.0,1-3-2,740,3,1-3,220,1,1-2-3,290,1,1-3,110,1,,,,,,,
20251223,下関,12,一般,曇り,東,2,2,2,3,4058,野 末 智 一,39,65,6.74,3,0.12,1.49.4,1-3-2,740,3,1-3,220,1,1-2-3,290,1,1-3,110,1,,,,,,,
20251223,下関,12,一般,曇り,東,2,2,3,2,4108,吉 村 正 明,21,31,6.81,2,0.12,1.50.6,1-3-2,740,3,1-3,220,1,1-2-3,290,1,1-3,110,1,,,,,,,
20251223,下関,12,一般,曇り,東,2,2,4,4,4331,三 好 勇 人,18,21,6.82,4,0.12,1.52.8,1-3-2,740,3,1-3,220,1,1-2-3,290,1,1-3,110,1,,,,,,,
20251223,下関,12,一般,曇り,東,2,2,5,6,4819,蜂 須 瑞 生,44,66,6.83,6,0.11,,1-3-2,740,3,1-3,220,1,1-2-3,290,1,1-3,110,1,,,,,,,
20251223,下関,12,一般,曇り,東,2,2,6,5,5317,長 尾 萌 加,54,14,6.80,5,0.11,,1-3-2,740,3,1-3,220,1,1-2-3,290,1,1-3,110,1,,,,,,,
20251223,丸亀,1,予選,晴,北西,3,3,1,1,3907,村 越 篤,35,2,6.68,1,0.15,1.50.1,1-6-3,4150,13,1-6,3100,6,1-3-6,680,4,1-6,1040,4,,,,,,,
20251223,丸亀,1,予選,晴,北西,3,3,2,6,3986,沖 島 広 和,6,17,6.75,5,0.23,1.51.7,1-6-3,4150,13,1-6,3100,6,1-3-6,680,4,1-6,1040,4,,,,,,,
20251223,丸亀,1,予選,晴,北西,3,3,3,3,4945,上 村 宏 太,11,32,6.68,3,0.19,1.52.7,1-6-3,4150,13,1-6,3100,6,1-3-6,680,4,1-6,1040,4,,,,,,,
20251223,丸亀,1,予選,晴,北西,3,3,4,4,4034,西 原 明 生,44,57,6.78,4,0.22,1.54.1,1-6-3,4150,13,1-6,3100,6,1-3-6,680,4,1-6,1040,4,,,,,,,
20251223,丸亀,1,予選,晴,北西,3,3,5,2,4359,横 川 聖 志,15,63,6.75,2,0.16,1.54.7,1-6-3,4150,13,1-6,3100,6,1-3-6,680,4,1-6,1040,4,,,,,,,
20251223,丸亀,1,予選,晴,北西,3,3,6,5,5370,日 隈 茜,56,60,6.71,6,0.20,1.57.2,1-6-3,4150,13,1-6,3100,6,1-3-6,680,4,1-6,1040,4,,,,,,,
20251223,丸亀,2,予選,晴,北,3,3,1,5,3543,福 田 雅 一,59,5,6.58,5,0.09,1.54.7,5-6-1,6290,26,5-6,1560,7,1-5-6,1140,4,5-6,980,5,,,,,,,
20251223,丸亀,2,予選,晴,北,3,3,2,6,4109,谷 津 幸 宏,50,1,6.82,6,0.12,1.56.7,5-6-1,6290,26,5-6,1560,7,1-5-6,1140,4,5-6,980,5,,,,,,,
20251223,丸亀,2,予選,晴,北,3,3,3,1,5162,松 尾 怜 実,63,43,6.72,1,0.10,2.01.2,5-6-1,6290,26,5-6,1560,7,1-5-6,1140,4,5-6,980,5,,,,,,,
20251223,丸亀,2,予選,晴,北,3,3,4,4,4474,渡 辺 崇,16,19,6.68,4,0.11,2.04.3,5-6-1,6290,26,5-6,1560,7,1-5-6,1140,4,5-6,980,5,,,,,,,
20251223,丸亀,2,予選,晴,北,3,3,5,3,3579,中 里 優 子,62,26,6.77,3,0.15,2.06.8,5-6-1,6290,26,5-6,1560,7,1-5-6,1140,4,5-6,980,5,,,,,,,
20251223,丸亀,2,予選,晴,北,3,3,S1,2,3820,樫 葉 次 郎,25,39,6.76,2,0.04,,5-6-1,6290,26,5-6,1560,7,1-5-6,1140,4,5-6,980,5,,,,,,,
20251223,丸亀,3,予選,晴,北,3,3,1,1,3953,志 道 吉 和,23,35,6.70,1,0.16,1.49.4,1-5-2,1980,7,1-5,1180,5,1-2-5,260,1,1-5,320,1,,,,,,,
20251223,丸亀,3,予選,晴,北,3,3,2,5,4543,重 木 輝 彦,33,48,6.71,4,0.29,1.50.5,1-5-2,1980,7,1-5,1180,5,1-2-5,260,1,1-5,320,1,,,,,,,
20251223,丸亀,3,予選,晴,北,3,3,3,2,4529,嶋 義 信,30,49,6.70,2,0.19,1.51.1,1-5-2,1980,7,1-5,1180,5,1-2-5,260,1,1-5,320,1,,,,,,,
20251223,丸亀,3,予選,晴,北,3,3,4,4,5007,近 藤 雄一郎,53,66,6.63,3,0.21,1.52.8,1-5-2,1980,7,1-5,1180,5,1-2-5,260,1,1-5,320,1,,,,,,,
20251223,丸亀,3,予選,晴,北,3,3,5,6,3516,吉 原 聖 人,37,65,6.66,5,0.31,1.54.7,1-5-2,1980,7,1-5,1180,5,1-2-5,260,1,1-5,320,1,,,,,,,
20251223,丸亀,3,予選,晴,北,3,3,K0,3,4765,野田部 宏 子,4,18 K,,,,,1-5-2,1980,7,1-5,1180,5,1-2-5,260,1,1-5,320,1,,,,,,,
20251223,丸亀,4,予選,晴,北東,2,2,1,2,4596,葛 原 大 陽,18,51,6.75,2,0.19,1.49.0,2-6-1,5170,21,2-6,1360,6,1-2-6,920,5,2-6,750,4,,,,,,,
20251223,丸亀,4,予選,晴,北東,2,2,2,6,4816,村 松 修 二,27,56,6.79,6,0.14,1.50.3,2-6-1,5170,21,2-6,1360,6,1-2-6,920,5,2-6,750,4,,,,,,,
20251223,丸亀,4,予選,晴,北東,2,2,3,1,4465,大 西 賢,51,12,6.72,1,0.09,1.52.0,2-6-1,5170,21,2-6,1360,6,1-2-6,920,5,2-6,750,4,,,,,,,
20251223,丸亀,4,予選,晴,北東,2,2,4,5,4121,富 永 修 一,65,54,6.78,5,0.14,1.53.4,2-6-1,5170,21,2-6,1360,6,1-2-6,920,5,2-6,750,4,,,,,,,
20251223,丸亀,4,予選,晴,北東,2,2,5,4,5032,谷 口 知 優,64,11,6.83,4,0.11,1.53.5,2-6-1,5170,21,2-6,1360,6,1-2-6,920,5,2-6,750,4,,,,,,,
20251223,丸亀,4,予選,晴,北東,2,2,6,3,5327,西 田 和 加,13,22,6.70,3,0.15,1.54.1,2-6-1,5170,21,2-6,1360,6,1-2-6,920,5,2-6,750,4,,,,,,,
20251223,丸亀,5,予選,晴,東,1,1,1,5,3898,平 田 忠 則,58,45,6.78,5,0.15,1.48.2,5-1-6,3610,12,5-1,1560,10,1-5-6,680,3,1-5,610,3,,,,,,,
20251223,丸亀,5,予選,晴,東,1,1,2,1,4735,角 山 雄 哉,40,29,6.75,1,0.18,1.50.2,5-1-6,3610,12,5-1,1560,10,1-5-6,680,3,1-5,610,3,,,,,,,
20251223,丸亀,5,予選,晴,東,1,1,3,6,4812,西 野 雄 貴,14,23,6.77,6,0.15,1.52.0,5-1-6,3610,12,5-1,1560,10,1-5-6,680,3,1-5,610,3,,,,,,,
20251223,丸亀,5,予選,晴,東,1,1,4,2,3202,三 品 隆 浩,8,10,6.71,2,0.24,1.52.9,5-1-6,3610,12,5-1,1560,10,1-5-6,680,3,1-5,610,3,,,,,,,
20251223,丸亀,5,予選,晴,東,1,1,5,3,4077,品 田 直 樹,41,24,6.78,3,0.16,1.53.8,5-1-6,3610,12,5-1,1560,10,1-5-6,680,3,1-5,610,3,,,,,,,
20251223,丸亀,5,予選,晴,東,1,1,6,4,5264,登 みひ果,43,3,6.71,4,0.13,1.54.4,5-1-6,3610,12,5-1,1560,10,1-5-6,680,3,1-5,610,3,,,,,,,
20251223,丸亀,6,かけうどん６,曇り,東,1,1,1,1,3930,岸 本 隆,49,46,6.77,1,0.12,1.48.8,1-6-3,1880,7,1-6,1050,5,1-3-6,390,1,1-6,690,4,,,,,,,
20251223,丸亀,6,かけうどん６,曇り,東,1,1,2,6,4704,河 野 大,2,47,6.82,6,0.11,1.49.4,1-6-3,1880,7,1-6,1050,5,1-3-6,390,1,1-6,690,4,,,,,,,
20251223,丸亀,6,かけうどん６,曇り,東,1,1,3,3,5081,篠 原 飛 翔,19,7,6.77,3,0.23,1.51.6,1-6-3,1880,7,1-6,1050,5,1-3-6,390,1,1-6,690,4,,,,,,,
20251223,丸亀,6,かけうどん６,曇り,東,1,1,4,2,4034,西 原 明 生,44,57,6.77,2,0.23,1.52.7,1-6-3,1880,7,1-6,1050,5,1-3-6,390,1,1-6,690,4,,,,,,,
20251223,丸亀,6,かけうどん６,曇り,東,1,1,5,4,3319,山 崎 義 明,66,8,6.84,4,0.21,1.53.0,1-6-3,1880,7,1-6,1050,5,1-3-6,390,1,1-6,690,4,,,,,,,
20251223,丸亀,6,かけうどん６,曇り,東,1,1,6,5,5162,松 尾 怜 実,63,43,6.82,5,0.17,1.56.4,1-6-3,1880,7,1-6,1050,5,1-3-6,390,1,1-6,690,4,,,,,,,
20251223,丸亀,7,ざるうどん７,曇り,南東,1,1,1,6,4575,戸 塚 邦 好,22,36,6.76,6,0.11,1.47.9,6-2-5,69070,89,6-2,8890,18,2-5-6,4800,14,2-6,1830,7,,,,,,,
20251223,丸亀,7,ざるうどん７,曇り,南東,1,1,2,2,4364,池 永 太,38,34,6.79,2,0.18,1.50.7,6-2-5,69070,89,6-2,8890,18,2-5-6,4800,14,2-6,1830,7,,,,,,,
20251223,丸亀,7,ざるうどん７,曇り,南東,1,1,3,5,4359,横 川 聖 志,15,63,6.89,5,0.09,1.52.1,6-2-5,69070,89,6-2,8890,18,2-5-6,4800,14,2-6,1830,7,,,,,,,
20251223,丸亀,7,ざるうどん７,曇り,南東,1,1,4,3,3454,井 川 大 作,1,9,6.75,3,0.17,1.52.3,6-2-5,69070,89,6-2,8890,18,2-5-6,4800,14,2-6,1830,7,,,,,,,
20251223,丸亀,7,ざるうどん７,曇り,南東,1,1,5,1,4861,田 中 宏 樹,26,44,6.62,1,0.12,1.54.4,6-2-5,69070,89,6-2,8890,18,2-5-6,4800,14,2-6,1830,7,,,,,,,
20251223,丸亀,7,ざるうどん７,曇り,南東,1,1,6,4,3543,福 田 雅 一,59,5,6.66,4,0.11,1.54.7,6-2-5,69070,89,6-2,8890,18,2-5-6,4800,14,2-6,1830,7,,,,,,,
20251223,丸亀,8,釜揚げ８ 進入固定,曇り,南東,3,3,1,1,5018,竹 下 大 樹,47,6,6.77,1,0.02,1.57.7,1-2-4,420,1,1-2,200,1,1-2-4,250,1,1-2,190,1,,,,,,,
20251223,丸亀,8,釜揚げ８ 進入固定,曇り,南東,3,3,2,2,4816,村 松 修 二,27,56,6.80,2,0.04,1.59.2,1-2-4,420,1,1-2,200,1,1-2-4,250,1,1-2,190,1,,,,,,,
20251223,丸亀,8,釜揚げ８ 進入固定,曇り,南東,3,3,3,4,3900,香 川 素 子,5,31,6.75,4,0.33,2.01.8,1-2-4,420,1,1-2,200,1,1-2-4,250,1,1-2,190,1,,,,,,,
20251223,丸亀,8,釜揚げ８ 進入固定,曇り,南東,3,3,4,5,3986,沖 島 広 和,6,17,6.87,5,0.33,2.04.4,1-2-4,420,1,1-2,200,1,1-2-4,250,1,1-2,190,1,,,,,,,
20251223,丸亀,8,釜揚げ８ 進入固定,曇り,南東,3,3,5,6,5007,近 藤 雄一郎,53,66,6.80,6,0.32,2.07.0,1-2-4,420,1,1-2,200,1,1-2-4,250,1,1-2,190,1,,,,,,,
20251223,丸亀,8,釜揚げ８ 進入固定,曇り,南東,3,3,S0,3,3820,樫 葉 次 郎,25,39,6.80,3,0.08,,1-2-4,420,1,1-2,200,1,1-2-4,250,1,1-2,190,1,,,,,,,
20251223,丸亀,9,ウチまる特賞,曇り,南東,2,2,1,6,3849,中 岡 正 彦,55,16,6.72,2,0.19,1.48.4,6-4-3,22340,52,6-4,7090,16,3-4-6,2060,7,4-6,8070,13,,,,,,,
20251223,丸亀,9,ウチまる特賞,曇り,南東,2,2,2,4,3579,中 里 優 子,62,52,6.84,5,0.26,1.50.5,6-4-3,22340,52,6-4,7090,16,3-4-6,2060,7,4-6,8070,13,,,,,,,
20251223,丸亀,9,ウチまる特賞,曇り,南東,2,2,3,3,4052,興 津 藍,21,13,6.74,4,0.22,1.50.7,6-4-3,22340,52,6-4,7090,16,3-4-6,2060,7,4-6,8070,13,,,,,,,
20251223,丸亀,9,ウチまる特賞,曇り,南東,2,2,4,2,4945,上 村 宏 太,11,32,6.77,3,0.28,1.52.6,6-4-3,22340,52,6-4,7090,16,3-4-6,2060,7,4-6,8070,13,,,,,,,
20251223,丸亀,9,ウチまる特賞,曇り,南東,2,2,5,5,3953,志 道 吉 和,23,35,6.87,6,0.26,1.54.0,6-4-3,22340,52,6-4,7090,16,3-4-6,2060,7,4-6,8070,13,,,,,,,
20251223,丸亀,9,ウチまる特賞,曇り,南東,2,2,6,1,4121,富 永 修 一,65,54,6.72,1,0.25,1.54.4,6-4-3,22340,52,6-4,7090,16,3-4-6,2060,7,4-6,8070,13,,,,,,,
20251223,丸亀,10,蒼月まるる特,曇り,南東,2,2,1,2,4288,永 田 啓 二,36,40,6.79,2,0.15,1.48.0,2-3-1,2040,7,2-3,1250,4,1-2-3,200,1,2-3,610,3,,,,,,,
20251223,丸亀,10,蒼月まるる特,曇り,南東,2,2,2,3,3304,烏 野 賢 太,45,62,6.79,3,0.16,1.49.5,2-3-1,2040,7,2-3,1250,4,1-2-3,200,1,2-3,610,3,,,,,,,
20251223,丸亀,10,蒼月まるる特,曇り,南東,2,2,3,1,5081,篠 原 飛 翔,19,7,6.78,1,0.17,1.51.5,2-3-1,2040,7,2-3,1250,4,1-2-3,200,1,2-3,610,3,,,,,,,
20251223,丸亀,10,蒼月まるる特,曇り,南東,2,2,4,6,4529,嶋 義 信,30,49,6.80,5,0.11,1.51.6,2-3-1,2040,7,2-3,1250,4,1-2-3,200,1,2-3,610,3,,,,,,,
20251223,丸亀,10,蒼月まるる特,曇り,南東,2,2,5,4,3202,三 品 隆 浩,8,10,6.91,4,0.15,1.53.9,2-3-1,2040,7,2-3,1250,4,1-2-3,200,1,2-3,610,3,,,,,,,
20251223,丸亀,10,蒼月まるる特,曇り,南東,2,2,6,5,5327,西 田 和 加,13,22,6.74,6,0.09,1.56.6,2-3-1,2040,7,2-3,1250,4,1-2-3,200,1,2-3,610,3,,,,,,,
20251223,丸亀,11,予選選抜,曇り,南東,2,2,1,1,3898,平 田 忠 則,58,45,6.72,1,0.06,1.47.5,1-3-2,650,2,1-3,230,1,1-2-3,260,1,1-3,200,1,,,,,,,
20251223,丸亀,11,予選選抜,曇り,南東,2,2,2,3,4596,葛 原 大 陽,18,51,6.80,3,0.11,1.49.2,1-3-2,650,2,1-3,230,1,1-2-3,260,1,1-3,200,1,,,,,,,
20251223,丸亀,11,予選選抜,曇り,南東,2,2,3,2,4109,谷 津 幸 宏,50,1,6.77,2,0.07,1.50.9,1-3-2,650,2,1-3,230,1,1-2-3,260,1,1-3,200,1,,,,,,,
20251223,丸亀,11,予選選抜,曇り,南東,2,2,4,4,4575,戸 塚 邦 好,22,36,6.80,4,0.15,1.51.4,1-3-2,650,2,1-3,230,1,1-2-3,260,1,1-3,200,1,,,,,,,
20251223,丸亀,11,予選選抜,曇り,南東,2,2,5,5,3930,岸 本 隆,49,46,6.77,5,0.14,1.54.4,1-3-2,650,2,1-3,230,1,1-2-3,260,1,1-3,200,1,,,,,,,
20251223,丸亀,11,予選選抜,曇り,南東,2,2,K0,6,4765,野田部 宏 子,4,18 K,,,,,1-3-2,650,2,1-3,230,1,1-2-3,260,1,1-3,200,1,,,,,,,
20251223,丸亀,12,予選選抜,曇り,東,1,1,1,1,4364,池 永 太,38,34,6.67,1,0.12,1.48.3,1-5-6,9000,22,1-5,940,4,1-5-6,5090,10,1-5,570,3,,,,,,,
20251223,丸亀,12,予選選抜,曇り,東,1,1,2,5,4704,河 野 大,2,47,6.70,5,0.08,1.48.9,1-5-6,9000,22,1-5,940,4,1-5-6,5090,10,1-5,570,3,,,,,,,
20251223,丸亀,12,予選選抜,曇り,東,1,1,3,6,5032,谷 口 知 優,64,11,6.78,6,0.03,1.50.7,1-5-6,9000,22,1-5,940,4,1-5-6,5090,10,1-5,570,3,,,,,,,
20251223,丸亀,12,予選選抜,曇り,東,1,1,4,2,4543,重 木 輝 彦,33,48,6.68,2,0.10,1.51.3,1-5-6,9000,22,1-5,940,4,1-5-6,5090,10,1-5,570,3,,,,,,,
20251223,丸亀,12,予選選抜,曇り,東,1,1,5,3,4812,西 野 雄 貴,14,23,6.71,3,0.14,1.52.4,1-5-6,9000,22,1-5,940,4,1-5-6,5090,10,1-5,570,3,,,,,,,
20251223,丸亀,12,予選選抜,曇り,東,1,1,6,4,5018,竹 下 大 樹,47,6,6.78,4,0.11,1.54.8,1-5-6,9000,22,1-5,940,4,1-5-6,5090,10,1-5,570,3,,,,,,,
20251223,児島,1,予選,晴,北東,3,3,1,1,3834,細 川 明 人,63,22,6.92,1,0.06,1.49.3,1-2-5,1230,1,1-2,600,2,1-2-5,390,1,1-2,430,2,,,,,,,
20251223,児島,1,予選,晴,北東,3,3,2,2,4226,村 田 浩 司,53,58,6.90,2,0.07,1.50.3,1-2-5,1230,1,1-2,600,2,1-2-5,390,1,1-2,430,2,,,,,,,
20251223,児島,1,予選,晴,北東,3,3,3,5,4210,松 村 康 太,59,73,6.77,5,0.22,1.51.1,1-2-5,1230,1,1-2,600,2,1-2-5,390,1,1-2,430,2,,,,,,,
20251223,児島,1,予選,晴,北東,3,3,4,6,3684,清 水 攻 二,17,54,6.80,6,0.24,1.51.5,1-2-5,1230,1,1-2,600,2,1-2-5,390,1,1-2,430,2,,,,,,,
20251223,児島,1,予選,晴,北東,3,3,5,3,3361,岡 部 浩,54,13,6.86,3,0.13,,1-2-5,1230,1,1-2,600,2,1-2-5,390,1,1-2,430,2,,,,,,,
20251223,児島,1,予選,晴,北東,3,3,6,4,5113,黒 明 花 夢,11,41,6.82,4,0.18,,1-2-5,1230,1,1-2,600,2,1-2-5,390,1,1-2,430,2,,,,,,,
20251223,児島,2,予選,晴,北,3,3,1,1,4640,山ノ内 雅 人,45,40,6.83,1,0.08,1.49.6,1-6-4,830,2,1-6,260,1,1-4-6,430,3,1-6,170,1,,,,,,,
20251223,児島,2,予選,晴,北,3,3,2,6,4302,西 野 翔 太,49,27,6.82,2,0.09,1.50.6,1-6-4,830,2,1-6,260,1,1-4-6,430,3,1-6,170,1,,,,,,,
20251223,児島,2,予選,晴,北,3,3,3,4,5236,小 宮 涼 雅,67,72,6.86,4,0.14,1.51.6,1-6-4,830,2,1-6,260,1,1-4-6,430,3,1-6,170,1,,,,,,,
20251223,児島,2,予選,晴,北,3,3,4,5,5019,柴 田 百 恵,66,51,6.81,5,0.15,1.52.2,1-6-4,830,2,1-6,260,1,1-4-6,430,3,1-6,170,1,,,,,,,
20251223,児島,2,予選,晴,北,3,3,5,3,4636,赤 池 修 平,25,57,6.64,6,0.23,,1-6-4,830,2,1-6,260,1,1-4-6,430,3,1-6,170,1,,,,,,,
20251223,児島,2,予選,晴,北,3,3,6,2,5164,森 田 梨 湖,21,65,6.86,3,0.12,,1-6-4,830,2,1-6,260,1,1-4-6,430,3,1-6,170,1,,,,,,,
20251223,児島,3,予選,晴,南東,3,3,1,1,4079,出 畑 孝 典,64,68,6.83,1,0.24,1.48.0,1-3-6,1150,3,1-3,290,1,1-3-6,740,3,1-3,270,1,,,,,,,
20251223,児島,3,予選,晴,南東,3,3,2,3,4163,山 崎 裕 司,23,21,6.79,3,0.19,1.50.8,1-3-6,1150,3,1-3,290,1,1-3-6,740,3,1-3,270,1,,,,,,,
20251223,児島,3,予選,晴,南東,3,3,3,6,3352,小 川 晃 司,47,55,6.93,6,0.13,1.52.3,1-3-6,1150,3,1-3,290,1,1-3-6,740,3,1-3,270,1,,,,,,,
20251223,児島,3,予選,晴,南東,3,3,4,4,4434,田 中 辰 彦,56,48,6.86,4,0.15,1.53.0,1-3-6,1150,3,1-3,290,1,1-3-6,740,3,1-3,270,1,,,,,,,
20251223,児島,3,予選,晴,南東,3,3,5,2,5176,石 倉 拓 美,38,25,6.83,2,0.26,,1-3-6,1150,3,1-3,290,1,1-3-6,740,3,1-3,270,1,,,,,,,
20251223,児島,3,予選,晴,南東,3,3,6,5,5367,赤 松 咲 香,13,74,6.84,5,0.18,,1-3-6,1150,3,1-3,290,1,1-3-6,740,3,1-3,270,1,,,,,,,
20251223,児島,4,予選,晴,南東,3,3,1,4,5010,宇留田 翔 平,33,61,6.69,4,0.12,1.48.8,4-5-6,1340,1,4-5,960,5,4-5-6,930,4,4-5,670,3,,,,,,,
20251223,児島,4,予選,晴,南東,3,3,2,5,4276,鈴 木 勝 博,58,70,6.73,6,0.14,1.50.3,4-5-6,1340,1,4-5,960,5,4-5-6,930,4,4-5,670,3,,,,,,,
20251223,児島,4,予選,晴,南東,3,3,3,6,4931,木 谷 賢 太,62,69,6.79,5,0.35,1.51.4,4-5-6,1340,1,4-5,960,5,4-5-6,930,4,4-5,670,3,,,,,,,
20251223,児島,4,予選,晴,南東,3,3,4,1,5125,高 井 雄 基,32,42,6.87,1,0.16,1.52.7,4-5-6,1340,1,4-5,960,5,4-5-6,930,4,4-5,670,3,,,,,,,
20251223,児島,4,予選,晴,南東,3,3,5,3,5037,田 頭 虎 親,18,60,6.80,3,0.17,,4-5-6,1340,1,4-5,960,5,4-5-6,930,4,4-5,670,3,,,,,,,
20251223,児島,4,予選,晴,南東,3,3,6,2,5031,渡 辺 空 依,61,53,6.76,2,0.13,,4-5-6,1340,1,4-5,960,5,4-5-6,930,4,4-5,670,3,,,,,,,
20251223,児島,5,予選,晴,南東,3,3,1,1,5015,高 橋 竜 矢,19,52,6.75,1,0.15,1.48.2,1-6-4,57490,73,1-6,8140,16,1-4-6,15890,18,1-6,4480,9,,,,,,,
20251223,児島,5,予選,晴,南東,3,3,2,6,5248,本 田 愛,14,75,6.78,6,0.27,1.50.2,1-6-4,57490,73,1-6,8140,16,1-4-6,15890,18,1-6,4480,9,,,,,,,
20251223,児島,5,予選,晴,南東,3,3,3,4,3775,泉 啓 文,34,12,6.85,4,0.26,1.51.9,1-6-4,57490,73,1-6,8140,16,1-4-6,15890,18,1-6,4480,9,,,,,,,
20251223,児島,5,予選,晴,南東,3,3,4,5,4885,大 山 千 広,69,32,6.77,5,0.22,1.52.6,1-6-4,57490,73,1-6,8140,16,1-4-6,15890,18,1-6,4480,9,,,,,,,
20251223,児島,5,予選,晴,南東,3,3,5,3,4804,高 田 ひかる,15,59,6.63,3,0.19,,1-6-4,57490,73,1-6,8140,16,1-4-6,15890,18,1-6,4480,9,,,,,,,
20251223,児島,5,予選,晴,南東,3,3,6,2,4951,新 田 洋 一,65,66,6.85,2,0.18,,1-6-4,57490,73,1-6,8140,16,1-4-6,15890,18,1-6,4480,9,,,,,,,
20251223,児島,6,予選,晴,南東,2,3,1,1,4650,中 山 雄 太,30,29,6.74,1,0.21,1.49.2,1-2-3,1070,3,1-2,290,1,1-2-3,640,3,1-2,210,1,,,,,,,
20251223,児島,6,予選,晴,南東,2,3,2,2,4587,木 田 峰由季,43,18,6.86,2,0.14,1.50.1,1-2-3,1070,3,1-2,290,1,1-2-3,640,3,1-2,210,1,,,,,,,
20251223,児島,6,予選,晴,南東,2,3,3,3,4273,佐 藤 旭,40,67,6.78,3,0.17,1.51.2,1-2-3,1070,3,1-2,290,1,1-2-3,640,3,1-2,210,1,,,,,,,
20251223,児島,6,予選,晴,南東,2,3,4,6,4909,薮 内 瑞 希,57,56,6.75,6,0.11,1.53.4,1-2-3,1070,3,1-2,290,1,1-2-3,640,3,1-2,210,1,,,,,,,
20251223,児島,6,予選,晴,南東,2,3,5,5,4296,岡 崎 恭 裕,68,33,6.81,5,0.12,,1-2-3,1070,3,1-2,290,1,1-2-3,640,3,1-2,210,1,,,,,,,
20251223,児島,6,予選,晴,南東,2,3,6,4,3361,岡 部 浩,54,13,6.83,4,0.21,,1-2-3,1070,3,1-2,290,1,1-2-3,640,3,1-2,210,1,,,,,,,
20251223,児島,7,予選,晴,南東,2,3,1,1,4793,金 子 萌,60,34,6.86,1,0.17,1.47.9,1-2-3,390,1,1-2,270,1,1-2-3,160,1,1-2,210,1,,,,,,,
20251223,児島,7,予選,晴,南東,2,3,2,2,4739,中 村 晃 朋,29,64,6.81,2,0.19,1.49.8,1-2-3,390,1,1-2,270,1,1-2-3,160,1,1-2,210,1,,,,,,,
20251223,児島,7,予選,晴,南東,2,3,3,3,4711,前 出 達 吉,48,20,6.77,3,0.19,1.51.3,1-2-3,390,1,1-2,270,1,1-2-3,160,1,1-2,210,1,,,,,,,
20251223,児島,7,予選,晴,南東,2,3,4,6,3834,細 川 明 人,63,22,6.89,6,0.27,1.53.8,1-2-3,390,1,1-2,270,1,1-2-3,160,1,1-2,210,1,,,,,,,
20251223,児島,7,予選,晴,南東,2,3,5,4,5367,赤 松 咲 香,13,74,6.83,4,0.24,,1-2-3,390,1,1-2,270,1,1-2-3,160,1,1-2,210,1,,,,,,,
20251223,児島,7,予選,晴,南東,2,3,6,5,4636,赤 池 修 平,25,57,6.74,5,0.25,,1-2-3,390,1,1-2,270,1,1-2-3,160,1,1-2,210,1,,,,,,,
20251223,児島,8,予選,晴,北東,2,3,1,5,5232,樅 山 拓 馬,12,63,6.81,5,0.13,1.47.9,5-4-1,34220,65,5-4,11150,20,1-4-5,1580,5,4-5,2510,9,,,,,,,
20251223,児島,8,予選,晴,北東,2,3,2,4,3554,仲 口 博 崇,16,71,6.79,4,0.17,1.50.1,5-4-1,34220,65,5-4,11150,20,1-4-5,1580,5,4-5,2510,9,,,,,,,
20251223,児島,8,予選,晴,北東,2,3,3,1,4210,松 村 康 太,59,73,6.76,1,0.20,1.52.4,5-4-1,34220,65,5-4,11150,20,1-4-5,1580,5,4-5,2510,9,,,,,,,
20251223,児島,8,予選,晴,北東,2,3,4,6,5010,宇留田 翔 平,33,61,6.70,6,0.12,1.52.7,5-4-1,34220,65,5-4,11150,20,1-4-5,1580,5,4-5,2510,9,,,,,,,
20251223,児島,8,予選,晴,北東,2,3,5,2,4079,出 畑 孝 典,64,68,6.73,2,0.24,,5-4-1,34220,65,5-4,11150,20,1-4-5,1580,5,4-5,2510,9,,,,,,,
20251223,児島,8,予選,晴,北東,2,3,6,3,5164,森 田 梨 湖,21,65,6.82,3,0.26,,5-4-1,34220,65,5-4,11150,20,1-4-5,1580,5,4-5,2510,9,,,,,,,
20251223,児島,9,予選特賞,晴,南東,1,1,1,1,4842,山 下 昂 大,70,62,6.92,1,0.07,1.48.6,1-4-3,1250,4,1-4,400,2,1-3-4,450,2,1-4,250,1,,,,,,,
20251223,児島,9,予選特賞,晴,南東,1,1,2,4,3684,清 水 攻 二,17,54,6.95,4,0.18,1.49.3,1-4-3,1250,4,1-4,400,2,1-3-4,450,2,1-4,250,1,,,,,,,
20251223,児島,9,予選特賞,晴,南東,1,1,3,3,4327,加 藤 翔,55,30,6.81,3,0.17,1.51.5,1-4-3,1250,4,1-4,400,2,1-3-4,450,2,1-4,250,1,,,,,,,
20251223,児島,9,予選特賞,晴,南東,1,1,4,2,5236,小 宮 涼 雅,67,72,6.87,2,0.14,1.52.2,1-4-3,1250,4,1-4,400,2,1-3-4,450,2,1-4,250,1,,,,,,,
20251223,児島,9,予選特賞,晴,南東,1,1,5,5,5031,渡 辺 空 依,61,53,6.83,5,0.21,,1-4-3,1250,4,1-4,400,2,1-3-4,450,2,1-4,250,1,,,,,,,
20251223,児島,9,予選特賞,晴,南東,1,1,6,6,4434,田 中 辰 彦,56,48,6.88,6,0.19,,1-4-3,1250,4,1-4,400,2,1-3-4,450,2,1-4,250,1,,,,,,,
20251223,児島,10,予選特賞,晴,南東,1,1,1,3,4276,鈴 木 勝 博,58,70,6.79,3,0.14,1.49.3,3-1-6,5850,22,3-1,850,4,1-3-6,1020,5,1-3,200,1,,,,,,,
20251223,児島,10,予選特賞,晴,南東,1,1,2,1,4804,高 田 ひかる,15,59,6.64,1,0.29,1.50.7,3-1-6,5850,22,3-1,850,4,1-3-6,1020,5,1-3,200,1,,,,,,,
20251223,児島,10,予選特賞,晴,南東,1,1,3,6,4587,木 田 峰由季,43,18,6.97,6,0.19,1.52.0,3-1-6,5850,22,3-1,850,4,1-3-6,1020,5,1-3,200,1,,,,,,,
20251223,児島,10,予選特賞,晴,南東,1,1,4,5,4358,松 本 庸 平,20,36,6.71,5,0.21,1.52.7,3-1-6,5850,22,3-1,850,4,1-3-6,1020,5,1-3,200,1,,,,,,,
20251223,児島,10,予選特賞,晴,南東,1,1,5,4,4302,西 野 翔 太,49,27,6.81,4,0.16,,3-1-6,5850,22,3-1,850,4,1-3-6,1020,5,1-3,200,1,,,,,,,
20251223,児島,10,予選特賞,晴,南東,1,1,6,2,5113,黒 明 花 夢,11,41,6.79,2,0.23,,3-1-6,5850,22,3-1,850,4,1-3-6,1020,5,1-3,200,1,,,,,,,
20251223,児島,11,予選特選,晴,南東,3,3,1,1,4739,中 村 晃 朋,29,64,6.80,1,0.03,1.47.5,1-4-3,950,2,1-4,400,2,1-3-4,290,1,1-4,350,2,,,,,,,
20251223,児島,11,予選特選,晴,南東,3,3,2,4,5015,高 橋 竜 矢,19,52,6.81,4,0.10,1.48.9,1-4-3,950,2,1-4,400,2,1-3-4,290,1,1-4,350,2,,,,,,,
20251223,児島,11,予選特選,晴,南東,3,3,3,3,4931,木 谷 賢 太,62,69,6.73,3,0.05,1.50.4,1-4-3,950,2,1-4,400,2,1-3-4,290,1,1-4,350,2,,,,,,,
20251223,児島,11,予選特選,晴,南東,3,3,4,6,4650,中 山 雄 太,30,29,6.67,6,0.06,1.51.4,1-4-3,950,2,1-4,400,2,1-3-4,290,1,1-4,350,2,,,,,,,
20251223,児島,11,予選特選,晴,南東,3,3,5,5,4163,山 崎 裕 司,23,21,6.78,5,0.11,,1-4-3,950,2,1-4,400,2,1-3-4,290,1,1-4,350,2,,,,,,,
20251223,児島,11,予選特選,晴,南東,3,3,6,2,5019,柴 田 百 恵,66,51,6.72,2,0.07,,1-4-3,950,2,1-4,400,2,1-3-4,290,1,1-4,350,2,,,,,,,
20251223,児島,12,記者選抜戦,晴,南,2,3,1,1,3554,仲 口 博 崇,16,71,6.82,1,0.22,1.50.8,1-5-6,880,4,1-5,310,2,1-5-6,290,1,1-5,370,2,,,,,,,
20251223,児島,12,記者選抜戦,晴,南,2,3,2,5,4951,新 田 洋 一,65,66,6.82,4,0.15,1.53.8,1-5-6,880,4,1-5,310,2,1-5-6,290,1,1-5,370,2,,,,,,,
20251223,児島,12,記者選抜戦,晴,南,2,3,3,6,4711,前 出 達 吉,48,20,6.81,5,0.17,1.54.7,1-5-6,880,4,1-5,310,2,1-5-6,290,1,1-5,370,2,,,,,,,
20251223,児島,12,記者選抜戦,晴,南,2,3,4,3,5176,石 倉 拓 美,38,25,6.77,3,0.29,1.59.2,1-5-6,880,4,1-5,310,2,1-5-6,290,1,1-5,370,2,,,,,,,
20251223,児島,12,記者選抜戦,晴,南,2,3,S1,2,5125,高 井 雄 基,32,42,6.81,2,0.25,,1-5-6,880,4,1-5,310,2,1-5-6,290,1,1-5,370,2,,,,,,,
20251223,児島,12,記者選抜戦,晴,南,2,3,K1,4,4296,岡 崎 恭 裕,68,33 K,,,,,1-5-6,880,4,1-5,310,2,1-5-6,290,1,1-5,370,2,,,,,,,
20251223,唐津,1,朝１戦,晴,南,2,2,1,1,3826,村 田 修 次,17,8,6.65,1,0.18,1.48.8,1-4-2,4060,13,1-4,1460,4,1-2-4,600,5,1-4,880,4,,,,,,,
20251223,唐津,1,朝１戦,晴,南,2,2,2,4,3948,大 町 利 克,40,15,6.67,4,0.32,1.49.9,1-4-2,4060,13,1-4,1460,4,1-2-4,600,5,1-4,880,4,,,,,,,
20251223,唐津,1,朝１戦,晴,南,2,2,3,2,2878,富 山 弘 幸,5,37,6.69,2,0.21,1.50.4,1-4-2,4060,13,1-4,1460,4,1-2-4,600,5,1-4,880,4,,,,,,,
20251223,唐津,1,朝１戦,晴,南,2,2,4,3,4396,大 田 直 弥,39,43,6.68,3,0.24,1.51.3,1-4-2,4060,13,1-4,1460,4,1-2-4,600,5,1-4,880,4,,,,,,,
20251223,唐津,1,朝１戦,晴,南,2,2,5,5,3685,荒 井 輝 年,24,54,6.63,5,0.24,1.52.9,1-4-2,4060,13,1-4,1460,4,1-2-4,600,5,1-4,880,4,,,,,,,
20251223,唐津,1,朝１戦,晴,南,2,2,6,6,4251,川 崎 誠 志,9,23,6.64,6,0.29,1.55.1,1-4-2,4060,13,1-4,1460,4,1-2-4,600,5,1-4,880,4,,,,,,,
20251223,唐津,2,モー２ング戦,晴,南,1,1,1,4,3699,富 永 正 人,14,6,6.67,4,0.09,1.47.8,4-2-1,9530,26,4-2,4920,10,1-2-4,730,5,2-4,4610,9,,,,,,,
20251223,唐津,2,モー２ング戦,晴,南,1,1,2,2,3474,松 瀬 弘 美,21,12,6.67,2,0.15,1.49.2,4-2-1,9530,26,4-2,4920,10,1-2-4,730,5,2-4,4610,9,,,,,,,
20251223,唐津,2,モー２ング戦,晴,南,1,1,3,1,4015,前 野 竜 一,11,47,6.68,1,0.09,1.49.8,4-2-1,9530,26,4-2,4920,10,1-2-4,730,5,2-4,4610,9,,,,,,,
20251223,唐津,2,モー２ング戦,晴,南,1,1,4,5,4678,水 野 望 美,19,2,6.69,5,0.11,1.51.3,4-2-1,9530,26,4-2,4920,10,1-2-4,730,5,2-4,4610,9,,,,,,,
20251223,唐津,2,モー２ング戦,晴,南,1,1,5,6,5382,山 下 心 一,28,19,6.65,6,0.08,1.52.8,4-2-1,9530,26,4-2,4920,10,1-2-4,730,5,2-4,4610,9,,,,,,,
20251223,唐津,2,モー２ング戦,晴,南,1,1,6,3,3853,岩 崎 正 哉,49,36,6.73,3,0.16,1.56.2,4-2-1,9530,26,4-2,4920,10,1-2-4,730,5,2-4,4610,9,,,,,,,
20251223,唐津,3,３ライズ戦,晴,南,1,1,1,1,3505,山 田 竜 一,26,50,6.72,1,0.19,1.48.8,1-3-6,420,1,1-3,260,1,1-3-6,240,1,1-3,120,1,,,,,,,
20251223,唐津,3,３ライズ戦,晴,南,1,1,2,3,3300,川 崎 智 幸,54,9,6.76,3,0.17,1.51.1,1-3-6,420,1,1-3,260,1,1-3-6,240,1,1-3,120,1,,,,,,,
20251223,唐津,3,３ライズ戦,晴,南,1,1,3,6,4564,山 本 景士郎,2,20,6.71,6,0.19,1.53.3,1-3-6,420,1,1-3,260,1,1-3-6,240,1,1-3,120,1,,,,,,,
20251223,唐津,3,３ライズ戦,晴,南,1,1,4,4,5391,出 穂 和 鼓,36,39,6.71,4,0.43,1.53.4,1-3-6,420,1,1-3,260,1,1-3-6,240,1,1-3,120,1,,,,,,,
20251223,唐津,3,３ライズ戦,晴,南,1,1,5,5,5392,安 武 一 也,23,34,6.68,5,0.51,1.55.3,1-3-6,420,1,1-3,260,1,1-3-6,240,1,1-3,120,1,,,,,,,
20251223,唐津,3,３ライズ戦,晴,南,1,1,6,2,3778,安 達 美 帆,59,3,6.68,2,0.25,2.00.9,1-3-6,420,1,1-3,260,1,1-3-6,240,1,1-3,120,1,,,,,,,
20251223,唐津,4,おは４戦,晴,無風,0,1,1,1,5272,松 田 真 実,45,48,6.69,1,0.16,1.48.0,1-4-5,2170,5,1-4,870,3,1-4-5,520,2,1-4,750,2,,,,,,,
20251223,唐津,4,おは４戦,晴,無風,0,1,2,4,3983,須 藤 博 倫,30,18,6.75,4,0.18,1.50.2,1-4-5,2170,5,1-4,870,3,1-4-5,520,2,1-4,750,2,,,,,,,
20251223,唐津,4,おは４戦,晴,無風,0,1,3,5,4475,末 永 祐 輝,10,14,6.65,5,0.18,1.51.4,1-4-5,2170,5,1-4,870,3,1-4-5,520,2,1-4,750,2,,,,,,,
20251223,唐津,4,おは４戦,晴,無風,0,1,4,3,3949,今 出 晋 二,6,56,6.72,3,0.19,1.52.3,1-4-5,2170,5,1-4,870,3,1-4-5,520,2,1-4,750,2,,,,,,,
20251223,唐津,4,おは４戦,晴,無風,0,1,5,6,4873,蒲 原 健 太,12,30,6.81,6,0.23,1.52.8,1-4-5,2170,5,1-4,870,3,1-4-5,520,2,1-4,750,2,,,,,,,
20251223,唐津,4,おは４戦,晴,無風,0,1,6,2,4479,矢 野 真梨菜,13,26,6.72,2,0.15,1.55.3,1-4-5,2170,5,1-4,870,3,1-4-5,520,2,1-4,750,2,,,,,,,
20251223,唐津,5,レッツ５戦,晴,北東,2,2,1,1,4083,福 島 勇 樹,7,46,6.68,1,0.05,1.46.8,1-5-2,2380,10,1-5,660,4,1-2-5,650,5,1-5,420,3,,,,,,,
20251223,唐津,5,レッツ５戦,晴,北東,2,2,2,5,2878,富 山 弘 幸,5,37,6.87,5,0.13,1.50.4,1-5-2,2380,10,1-5,660,4,1-2-5,650,5,1-5,420,3,,,,,,,
20251223,唐津,5,レッツ５戦,晴,北東,2,2,3,2,4410,井 上 大 輔,46,53,6.81,2,0.12,1.51.6,1-5-2,2380,10,1-5,660,4,1-2-5,650,5,1-5,420,3,,,,,,,
20251223,唐津,5,レッツ５戦,晴,北東,2,2,4,3,4251,川 崎 誠 志,9,23,6.76,3,0.16,1.52.6,1-5-2,2380,10,1-5,660,4,1-2-5,650,5,1-5,420,3,,,,,,,
20251223,唐津,5,レッツ５戦,晴,北東,2,2,5,6,5086,本 村 大,57,21,6.80,6,0.21,1.54.0,1-5-2,2380,10,1-5,660,4,1-2-5,650,5,1-5,420,3,,,,,,,
20251223,唐津,5,レッツ５戦,晴,北東,2,2,6,4,3932,池 田 浩 美,56,40,6.82,4,0.14,1.56.2,1-5-2,2380,10,1-5,660,4,1-2-5,650,5,1-5,420,3,,,,,,,
20251223,唐津,6,一般,晴,北東,2,2,1,1,4396,大 田 直 弥,39,43,6.81,1,0.16,1.48.9,1-4-3,3150,9,1-4,430,2,1-3-4,990,4,1-4,940,2,,,,,,,
20251223,唐津,6,一般,晴,北東,2,2,2,4,3788,一 宮 稔 弘,16,45,6.79,4,0.15,1.50.5,1-4-3,3150,9,1-4,430,2,1-3-4,990,4,1-4,940,2,,,,,,,
20251223,唐津,6,一般,晴,北東,2,2,3,3,5326,三 嶌 さらら,48,35,6.71,3,0.12,1.51.7,1-4-3,3150,9,1-4,430,2,1-3-4,990,4,1-4,940,2,,,,,,,
20251223,唐津,6,一般,晴,北東,2,2,4,2,3892,草 場 康 幸,33,55,6.83,2,0.14,1.52.6,1-4-3,3150,9,1-4,430,2,1-3-4,990,4,1-4,940,2,,,,,,,
20251223,唐津,6,一般,晴,北東,2,2,5,6,3054,北 川 幸 典,1,59,6.79,6,0.26,1.53.5,1-4-3,3150,9,1-4,430,2,1-3-4,990,4,1-4,940,2,,,,,,,
20251223,唐津,6,一般,晴,北東,2,2,6,5,3474,松 瀬 弘 美,21,12,6.80,5,0.21,1.59.9,1-4-3,3150,9,1-4,430,2,1-3-4,990,4,1-4,940,2,,,,,,,
20251223,唐津,7,一般,晴,南,1,1,1,1,3948,大 町 利 克,40,15,6.78,1,0.09,1.48.4,1-6-4,2900,5,1-6,860,2,1-4-6,900,3,1-6,480,1,,,,,,,
20251223,唐津,7,一般,晴,南,1,1,2,6,4199,北 川 潤 二,15,25,6.81,3,0.10,1.50.1,1-6-4,2900,5,1-6,860,2,1-4-6,900,3,1-6,480,1,,,,,,,
20251223,唐津,7,一般,晴,南,1,1,3,4,4488,小 山 勉,53,51,6.86,4,0.21,1.51.9,1-6-4,2900,5,1-6,860,2,1-4-6,900,3,1-6,480,1,,,,,,,
20251223,唐津,7,一般,晴,南,1,1,4,5,4015,前 野 竜 一,11,47,6.83,5,0.16,1.52.8,1-6-4,2900,5,1-6,860,2,1-4-6,900,3,1-6,480,1,,,,,,,
20251223,唐津,7,一般,晴,南,1,1,5,3,3699,富 永 正 人,14,6,6.80,2,0.09,1.54.4,1-6-4,2900,5,1-6,860,2,1-4-6,900,3,1-6,480,1,,,,,,,
20251223,唐津,7,一般,晴,南,1,1,6,2,4619,伏 田 裕 隆,34,17,6.63,6,0.15,1.55.9,1-6-4,2900,5,1-6,860,2,1-4-6,900,3,1-6,480,1,,,,,,,
20251223,唐津,8,８っぴータイ,晴,南,1,1,1,1,3839,川 合 理 司,60,44,6.76,1,0.05,1.49.6,1-3-2,1280,3,1-3,340,1,1-2-3,460,2,1-3,320,1,,,,,,,
20251223,唐津,8,８っぴータイ,晴,南,1,1,2,3,3685,荒 井 輝 年,24,54,6.73,3,0.13,1.51.0,1-3-2,1280,3,1-3,340,1,1-2-3,460,2,1-3,320,1,,,,,,,
20251223,唐津,8,８っぴータイ,晴,南,1,1,3,2,3949,今 出 晋 二,6,56,6.71,2,0.06,1.51.7,1-3-2,1280,3,1-3,340,1,1-2-3,460,2,1-3,320,1,,,,,,,
20251223,唐津,8,８っぴータイ,晴,南,1,1,4,5,3505,山 田 竜 一,26,50,6.81,5,0.10,1.52.5,1-3-2,1280,3,1-3,340,1,1-2-3,460,2,1-3,320,1,,,,,,,
20251223,唐津,8,８っぴータイ,晴,南,1,1,5,4,5382,山 下 心 一,28,19,6.74,4,0.07,1.53.9,1-3-2,1280,3,1-3,340,1,1-2-3,460,2,1-3,320,1,,,,,,,
20251223,唐津,8,８っぴータイ,晴,南,1,1,6,6,5392,安 武 一 也,23,34,6.78,6,0.08,1.56.2,1-3-2,1280,3,1-3,340,1,1-2-3,460,2,1-3,320,1,,,,,,,
20251223,唐津,9,一般特選,晴,南西,2,2,1,1,3932,池 田 浩 美,56,40,6.78,1,0.21,1.49.4,1-2-5,1300,4,1-2,330,1,1-2-5,640,2,1-2,210,1,,,,,,,
20251223,唐津,9,一般特選,晴,南西,2,2,2,2,4678,水 野 望 美,19,2,6.70,2,0.21,1.50.2,1-2-5,1300,4,1-2,330,1,1-2-5,640,2,1-2,210,1,,,,,,,
20251223,唐津,9,一般特選,晴,南西,2,2,3,5,4479,矢 野 真梨菜,13,26,6.73,5,0.31,1.52.6,1-2-5,1300,4,1-2,330,1,1-2-5,640,2,1-2,210,1,,,,,,,
20251223,唐津,9,一般特選,晴,南西,2,2,4,6,5391,出 穂 和 鼓,36,28,6.74,6,0.25,1.53.8,1-2-5,1300,4,1-2,330,1,1-2-5,640,2,1-2,210,1,,,,,,,
20251223,唐津,9,一般特選,晴,南西,2,2,5,3,5272,松 田 真 実,45,48,6.72,3,0.26,1.54.0,1-2-5,1300,4,1-2,330,1,1-2-5,640,2,1-2,210,1,,,,,,,
20251223,唐津,9,一般特選,晴,南西,2,2,6,4,3778,安 達 美 帆,59,3,6.76,4,0.36,1.56.8,1-2-5,1300,4,1-2,330,1,1-2-5,640,2,1-2,210,1,,,,,,,
20251223,唐津,10,選抜戦,晴,南,3,3,1,4,4083,福 島 勇 樹,7,46,6.66,4,0.20,1.48.9,4-2-3,4230,21,4-2,790,3,2-3-4,1390,8,2-4,540,4,,,,,,,
20251223,唐津,10,選抜戦,晴,南,3,3,2,2,4873,蒲 原 健 太,12,30,6.71,2,0.22,1.51.2,4-2-3,4230,21,4-2,790,3,2-3-4,1390,8,2-4,540,4,,,,,,,
20251223,唐津,10,選抜戦,晴,南,3,3,3,3,4564,山 本 景士郎,2,20,6.72,3,0.21,1.52.5,4-2-3,4230,21,4-2,790,3,2-3-4,1390,8,2-4,540,4,,,,,,,
20251223,唐津,10,選抜戦,晴,南,3,3,4,6,3826,村 田 修 次,17,8,6.70,6,0.19,1.52.8,4-2-3,4230,21,4-2,790,3,2-3-4,1390,8,2-4,540,4,,,,,,,
20251223,唐津,10,選抜戦,晴,南,3,3,5,1,3054,北 川 幸 典,1,59,6.68,1,0.24,1.54.8,4-2-3,4230,21,4-2,790,3,2-3-4,1390,8,2-4,540,4,,,,,,,
20251223,唐津,10,選抜戦,晴,南,3,3,6,5,3892,草 場 康 幸,33,55,6.70,5,0.27,1.56.8,4-2-3,4230,21,4-2,790,3,2-3-4,1390,8,2-4,540,4,,,,,,,
20251223,唐津,11,選抜戦,晴,南,3,3,1,1,4199,北 川 潤 二,15,25,6.70,1,0.15,1.49.1,1-5-3,4210,16,1-5,1050,5,1-3-5,910,4,1-5,1440,4,,,,,,,
20251223,唐津,11,選抜戦,晴,南,3,3,2,5,3300,川 崎 智 幸,54,9,6.76,5,0.19,1.50.1,1-5-3,4210,16,1-5,1050,5,1-3-5,910,4,1-5,1440,4,,,,,,,
20251223,唐津,11,選抜戦,晴,南,3,3,3,3,3983,須 藤 博 倫,30,18,6.79,3,0.15,1.51.5,1-5-3,4210,16,1-5,1050,5,1-3-5,910,4,1-5,1440,4,,,,,,,
20251223,唐津,11,選抜戦,晴,南,3,3,4,4,3853,岩 崎 正 哉,49,36,6.76,4,0.22,1.52.2,1-5-3,4210,16,1-5,1050,5,1-3-5,910,4,1-5,1440,4,,,,,,,
20251223,唐津,11,選抜戦,晴,南,3,3,5,2,4475,末 永 祐 輝,10,14,6.67,2,0.16,1.52.3,1-5-3,4210,16,1-5,1050,5,1-3-5,910,4,1-5,1440,4,,,,,,,
20251223,唐津,11,選抜戦,晴,南,3,3,6,6,4488,小 山 勉,53,51,6.75,6,0.19,1.54.9,1-5-3,4210,16,1-5,1050,5,1-3-5,910,4,1-5,1440,4,,,,,,,
20251223,唐津,12,優勝戦,晴,南,2,2,1,1,3909,佐々木 康 幸,58,13,6.62,1,0.07,1.48.3,1-4-3,1170,5,1-4,420,2,1-3-4,440,3,1-4,340,2,,,,,,,
20251223,唐津,12,優勝戦,晴,南,2,2,2,4,4547,中 田 竜 太,37,24,6.61,4,0.15,1.49.2,1-4-3,1170,5,1-4,420,2,1-3-4,440,3,1-4,340,2,,,,,,,
20251223,唐津,12,優勝戦,晴,南,2,2,3,3,4036,金 田 諭,44,4,6.66,3,0.17,1.50.6,1-4-3,1170,5,1-4,420,2,1-3-4,440,3,1-4,340,2,,,,,,,
20251223,唐津,12,優勝戦,晴,南,2,2,4,5,4028,田 村 隆 信,35,22,6.75,5,0.22,1.51.7,1-4-3,1170,5,1-4,420,2,1-3-4,440,3,1-4,340,2,,,,,,,
20251223,唐津,12,優勝戦,晴,南,2,2,5,6,4112,大久保 信一郎,55,32,6.76,6,0.26,1.53.4,1-4-3,1170,5,1-4,420,2,1-3-4,440,3,1-4,340,2,,,,,,,
20251223,唐津,12,優勝戦,晴,南,2,2,6,2,5028,原 田 才一郎,4,42,6.61,2,0.21,1.54.5,1-4-3,1170,5,1-4,420,2,1-3-4,440,3,1-4,340,2,,,,,,,
20251223,宮島,1,ファーストＢ,晴,北東,3,4,1,3,4821,妻 鳥 晋 也,21,73,6.72,3,0.18,1.48.2,3-1-2,8160,18,3-1,2370,6,1-2-3,350,2,1-3,260,2,,,,,,,
20251223,宮島,1,ファーストＢ,晴,北東,3,4,2,1,5017,澤 田 尚 也,39,66,6.66,1,0.14,1.49.8,3-1-2,8160,18,3-1,2370,6,1-2-3,350,2,1-3,260,2,,,,,,,
20251223,宮島,1,ファーストＢ,晴,北東,3,4,3,2,4429,豊 田 泰 洋,50,77,6.79,2,0.07,1.50.9,3-1-2,8160,18,3-1,2370,6,1-2-3,350,2,1-3,260,2,,,,,,,
20251223,宮島,1,ファーストＢ,晴,北東,3,4,4,5,5160,藤 森 陸 斗,25,69,6.67,5,0.10,1.53.3,3-1-2,8160,18,3-1,2370,6,1-2-3,350,2,1-3,260,2,,,,,,,
20251223,宮島,1,ファーストＢ,晴,北東,3,4,5,4,5400,高 村 諒,38,21,6.66,4,0.10,1.54.2,3-1-2,8160,18,3-1,2370,6,1-2-3,350,2,1-3,260,2,,,,,,,
20251223,宮島,1,ファーストＢ,晴,北東,3,4,6,6,5290,坂 本 一 真,53,82,6.68,6,0.10,1.55.5,3-1-2,8160,18,3-1,2370,6,1-2-3,350,2,1-3,260,2,,,,,,,
20251223,宮島,2,予選,晴,北東,3,4,1,5,4463,三 苫 晃 幸,52,24,6.67,5,0.08,1.49.1,5-1-6,39830,79,5-1,4620,13,1-5-6,5740,15,1-5,1700,6,,,,,,,
20251223,宮島,2,予選,晴,北東,3,4,2,1,3463,乙 津 康 志,54,75,6.71,1,0.15,1.50.9,5-1-6,39830,79,5-1,4620,13,1-5-6,5740,15,1-5,1700,6,,,,,,,
20251223,宮島,2,予選,晴,北東,3,4,3,6,5351,齊 藤 廉,16,55,6.66,6,0.08,1.52.1,5-1-6,39830,79,5-1,4620,13,1-5-6,5740,15,1-5,1700,6,,,,,,,
20251223,宮島,2,予選,晴,北東,3,4,4,3,4948,木 場 悠 介,28,63,6.69,3,0.11,1.52.6,5-1-6,39830,79,5-1,4620,13,1-5-6,5740,15,1-5,1700,6,,,,,,,
20251223,宮島,2,予選,晴,北東,3,4,5,2,4269,杉 山 裕 也,61,62,6.65,2,0.13,1.55.1,5-1-6,39830,79,5-1,4620,13,1-5-6,5740,15,1-5,1700,6,,,,,,,
20251223,宮島,2,予選,晴,北東,3,4,6,4,3796,長 野 道 臣,34,79,6.63,4,0.08,1.56.7,5-1-6,39830,79,5-1,4620,13,1-5-6,5740,15,1-5,1700,6,,,,,,,
20251223,宮島,3,予選,晴,北東,2,2,1,4,4676,後 藤 隼 之,22,20,6.73,5,0.13,1.49.8,4-1-6,44030,74,4-1,5570,15,1-4-6,5440,16,1-4,1440,6,,,,,,,
20251223,宮島,3,予選,晴,北東,2,2,2,1,3959,坪 井 康 晴,23,74,6.60,1,0.08,1.50.8,4-1-6,44030,74,4-1,5570,15,1-4-6,5440,16,1-4,1440,6,,,,,,,
20251223,宮島,3,予選,晴,北東,2,2,3,6,4272,大 場 広 孝,31,19,6.72,3,0.10,1.51.8,4-1-6,44030,74,4-1,5570,15,1-4-6,5440,16,1-4,1440,6,,,,,,,
20251223,宮島,3,予選,晴,北東,2,2,4,2,4469,土 山 卓 也,32,72,6.63,2,0.10,1.52.7,4-1-6,44030,74,4-1,5570,15,1-4-6,5440,16,1-4,1440,6,,,,,,,
20251223,宮島,3,予選,晴,北東,2,2,5,5,5134,大 原 祥 昌,56,30,6.67,6,0.12,1.53.1,4-1-6,44030,74,4-1,5570,15,1-4-6,5440,16,1-4,1440,6,,,,,,,
20251223,宮島,3,予選,晴,北東,2,2,6,3,4692,酒 井 俊 弘,55,31,6.57,4,0.09,1.58.2,4-1-6,44030,74,4-1,5570,15,1-4-6,5440,16,1-4,1440,6,,,,,,,
20251223,宮島,4,予選,晴,南東,1,1,1,1,3519,冨 田 秀 幸,59,14,6.71,1,0.11,1.50.1,1-2-4,4420,21,1-2,670,2,1-2-4,1470,5,1-2,340,1,,,,,,,
20251223,宮島,4,予選,晴,南東,1,1,2,2,3717,立 間 充 宏,51,78,6.66,2,0.16,1.51.0,1-2-4,4420,21,1-2,670,2,1-2-4,1470,5,1-2,340,1,,,,,,,
20251223,宮島,4,予選,晴,南東,1,1,3,4,3859,多羅尾 達 之,68,17,6.71,4,0.13,1.52.3,1-2-4,4420,21,1-2,670,2,1-2-4,1470,5,1-2,340,1,,,,,,,
20251223,宮島,4,予選,晴,南東,1,1,4,3,4578,藤 山 雅 弘,69,54,6.67,3,0.15,1.54.1,1-2-4,4420,21,1-2,670,2,1-2-4,1470,5,1-2,340,1,,,,,,,
20251223,宮島,4,予選,晴,南東,1,1,5,6,5379,廣 部 大 明,26,53,6.68,6,0.14,1.54.9,1-2-4,4420,21,1-2,670,2,1-2-4,1470,5,1-2,340,1,,,,,,,
20251223,宮島,4,予選,晴,南東,1,1,6,5,4257,古 川 健,30,58,6.64,5,0.14,1.55.2,1-2-4,4420,21,1-2,670,2,1-2-4,1470,5,1-2,340,1,,,,,,,
20251223,宮島,5,予選,晴,東,1,1,1,2,5104,山 田 丈,33,37,6.63,2,0.08,1.49.2,2-5-1,3740,12,2-5,1820,7,1-2-5,250,1,2-5,1310,5,,,,,,,
20251223,宮島,5,予選,晴,東,1,1,2,5,4264,長 尾 章 平,65,68,6.66,5,0.24,1.50.7,2-5-1,3740,12,2-5,1820,7,1-2-5,250,1,2-5,1310,5,,,,,,,
20251223,宮島,5,予選,晴,東,1,1,3,1,4452,松 尾 祭,18,64,6.66,1,0.14,1.51.3,2-5-1,3740,12,2-5,1820,7,1-2-5,250,1,2-5,1310,5,,,,,,,
20251223,宮島,5,予選,晴,東,1,1,4,4,5353,草 川 壮 良,17,60,6.67,4,0.07,1.52.6,2-5-1,3740,12,2-5,1820,7,1-2-5,250,1,2-5,1310,5,,,,,,,
20251223,宮島,5,予選,晴,東,1,1,5,6,4020,川 上 清 人,63,15,6.70,6,0.11,1.54.4,2-5-1,3740,12,2-5,1820,7,1-2-5,250,1,2-5,1310,5,,,,,,,
20251223,宮島,5,予選,晴,東,1,1,6,3,4259,真 庭 明 志,27,18,6.64,3,0.06,1.55.7,2-5-1,3740,12,2-5,1820,7,1-2-5,250,1,2-5,1310,5,,,,,,,
20251223,宮島,6,ランチ特賞,晴,南東,1,1,1,1,4976,金 山 立 樹,60,61,6.63,1,0.12,1.48.9,1-2-4,1540,4,1-2,680,3,1-2-4,380,2,1-2,660,4,,,,,,,
20251223,宮島,6,ランチ特賞,晴,南東,1,1,2,2,4731,間 野 兼 礼,62,59,6.65,2,0.05,1.50.0,1-2-4,1540,4,1-2,680,3,1-2-4,380,2,1-2,660,4,,,,,,,
20251223,宮島,6,ランチ特賞,晴,南東,1,1,3,4,4335,若 林 将,57,22,6.68,4,0.10,1.51.2,1-2-4,1540,4,1-2,680,3,1-2-4,380,2,1-2,660,4,,,,,,,
20251223,宮島,6,ランチ特賞,晴,南東,1,1,4,5,4918,川 島 拓 郎,66,39,6.62,5,0.13,1.52.3,1-2-4,1540,4,1-2,680,3,1-2-4,380,2,1-2,660,4,,,,,,,
20251223,宮島,6,ランチ特賞,晴,南東,1,1,5,3,4865,立 具 敬 司,67,81,6.63,3,0.10,1.52.8,1-2-4,1540,4,1-2,680,3,1-2-4,380,2,1-2,660,4,,,,,,,
20251223,宮島,6,ランチ特賞,晴,南東,1,1,6,6,4429,豊 田 泰 洋,50,77,6.68,6,0.20,1.55.7,1-2-4,1540,4,1-2,680,3,1-2-4,380,2,1-2,660,4,,,,,,,
20251223,宮島,7,予選,晴,東,1,1,1,4,5029,中 亮 太,35,67,6.61,4,0.04,1.48.0,4-3-5,4200,19,4-3,1770,6,3-4-5,1370,5,3-4,840,3,,,,,,,
20251223,宮島,7,予選,晴,東,1,1,2,3,3804,中 渡 修 作,77,11,6.65,3,0.01,1.49.9,4-3-5,4200,19,4-3,1770,6,3-4-5,1370,5,3-4,840,3,,,,,,,
20251223,宮島,7,予選,晴,東,1,1,3,5,4948,木 場 悠 介,28,63,6.69,5,0.06,1.52.1,4-3-5,4200,19,4-3,1770,6,3-4-5,1370,5,3-4,840,3,,,,,,,
20251223,宮島,7,予選,晴,東,1,1,4,6,5400,高 村 諒,38,21,6.63,6,0.07,1.54.1,4-3-5,4200,19,4-3,1770,6,3-4-5,1370,5,3-4,840,3,,,,,,,
20251223,宮島,7,予選,晴,東,1,1,5,2,4437,中 田 元 泰,37,65,6.69,2,0.10,1.56.8,4-3-5,4200,19,4-3,1770,6,3-4-5,1370,5,3-4,840,3,,,,,,,
20251223,宮島,7,予選,晴,東,1,1,F,1,3787,天 野 誠,20,51,6.71,1,F0.02,,4-3-5,4200,19,4-3,1770,6,3-4-5,1370,5,3-4,840,3,,,,,,,
20251223,宮島,8,予選,晴,北東,1,1,1,3,3915,繁野谷 圭 介,36,38,6.70,2,0.17,1.49.7,3-1-4,4890,21,3-1,1510,7,1-3-4,770,4,1-3,380,1,,,,,,,
20251223,宮島,8,予選,晴,北東,1,1,2,1,4692,酒 井 俊 弘,55,31,6.69,1,0.11,1.50.6,3-1-4,4890,21,3-1,1510,7,1-3-4,770,4,1-3,380,1,,,,,,,
20251223,宮島,8,予選,晴,北東,1,1,3,4,5160,藤 森 陸 斗,25,69,6.62,5,0.15,1.51.8,3-1-4,4890,21,3-1,1510,7,1-3-4,770,4,1-3,380,1,,,,,,,
20251223,宮島,8,予選,晴,北東,1,1,4,6,3908,重 成 一 人,24,13,6.73,3,0.13,1.52.9,3-1-4,4890,21,3-1,1510,7,1-3-4,770,4,1-3,380,1,,,,,,,
20251223,宮島,8,予選,晴,北東,1,1,5,2,5379,廣 部 大 明,26,53,6.69,4,0.16,1.53.1,3-1-4,4890,21,3-1,1510,7,1-3-4,770,4,1-3,380,1,,,,,,,
20251223,宮島,8,予選,晴,北東,1,1,6,5,3796,長 野 道 臣,34,79,6.69,6,0.19,1.55.3,3-1-4,4890,21,3-1,1510,7,1-3-4,770,4,1-3,380,1,,,,,,,
20251223,宮島,9,予選,晴,東,2,2,1,2,5134,大 原 祥 昌,56,30,6.67,2,0.08,1.48.6,2-5-3,2840,12,2-5,1430,7,2-3-5,470,2,2-5,710,4,,,,,,,
20251223,宮島,9,予選,晴,東,2,2,2,5,4821,妻 鳥 晋 也,21,73,6.68,5,0.19,1.50.4,2-5-3,2840,12,2-5,1430,7,2-3-5,470,2,2-5,710,4,,,,,,,
20251223,宮島,9,予選,晴,東,2,2,3,3,4452,松 尾 祭,18,64,6.74,3,0.15,1.51.2,2-5-3,2840,12,2-5,1430,7,2-3-5,470,2,2-5,710,4,,,,,,,
20251223,宮島,9,予選,晴,東,2,2,4,4,3463,乙 津 康 志,54,75,6.71,4,0.17,1.53.1,2-5-3,2840,12,2-5,1430,7,2-3-5,470,2,2-5,710,4,,,,,,,
20251223,宮島,9,予選,晴,東,2,2,5,1,4665,加 藤 啓 太,64,80,6.67,1,0.06,1.54.9,2-5-3,2840,12,2-5,1430,7,2-3-5,470,2,2-5,710,4,,,,,,,
20251223,宮島,9,予選,晴,東,2,2,5,6,3859,多羅尾 達 之,68,17,6.78,6,0.16,1.54.9,2-5-3,2840,12,2-5,1430,7,2-3-5,470,2,2-5,710,4,,,,,,,
20251223,宮島,10,特賞,晴,南東,1,1,1,1,5290,坂 本 一 真,53,82,6.68,1,0.20,1.49.4,1-4-3,5190,20,1-4,1070,2,1-3-4,1260,6,1-4,660,2,,,,,,,
20251223,宮島,10,特賞,晴,南東,1,1,2,4,4976,金 山 立 樹,60,61,6.69,4,0.22,1.50.4,1-4-3,5190,20,1-4,1070,2,1-3-4,1260,6,1-4,660,2,,,,,,,
20251223,宮島,10,特賞,晴,南東,1,1,3,3,3519,冨 田 秀 幸,59,14,6.77,3,0.16,1.51.9,1-4-3,5190,20,1-4,1070,2,1-3-4,1260,6,1-4,660,2,,,,,,,
20251223,宮島,10,特賞,晴,南東,1,1,4,6,4259,真 庭 明 志,27,18,6.67,6,0.22,1.53.1,1-4-3,5190,20,1-4,1070,2,1-3-4,1260,6,1-4,660,2,,,,,,,
20251223,宮島,10,特賞,晴,南東,1,1,5,5,4469,土 山 卓 也,32,72,6.70,5,0.24,1.53.6,1-4-3,5190,20,1-4,1070,2,1-3-4,1260,6,1-4,660,2,,,,,,,
20251223,宮島,10,特賞,晴,南東,1,1,6,2,5351,齊 藤 廉,16,55,6.69,2,0.21,1.53.7,1-4-3,5190,20,1-4,1070,2,1-3-4,1260,6,1-4,660,2,,,,,,,
20251223,宮島,11,特選,晴,南東,1,1,1,1,4264,長 尾 章 平,65,68,6.71,1,0.12,1.48.9,1-2-4,1460,7,1-2,570,3,1-2-4,580,3,1-2,710,4,,,,,,,
20251223,宮島,11,特選,晴,南東,1,1,2,2,4272,大 場 広 孝,31,19,6.68,2,0.13,1.49.7,1-2-4,1460,7,1-2,570,3,1-2-4,580,3,1-2,710,4,,,,,,,
20251223,宮島,11,特選,晴,南東,1,1,3,4,5017,澤 田 尚 也,39,66,6.67,4,0.08,1.50.4,1-2-4,1460,7,1-2,570,3,1-2-4,580,3,1-2,710,4,,,,,,,
20251223,宮島,11,特選,晴,南東,1,1,4,5,4269,杉 山 裕 也,61,62,6.63,5,0.12,1.52.2,1-2-4,1460,7,1-2,570,3,1-2-4,580,3,1-2,710,4,,,,,,,
20251223,宮島,11,特選,晴,南東,1,1,5,6,3717,立 間 充 宏,51,78,6.66,6,0.22,1.53.7,1-2-4,1460,7,1-2,570,3,1-2-4,580,3,1-2,710,4,,,,,,,
20251223,宮島,11,特選,晴,南東,1,1,6,3,4918,川 島 拓 郎,66,39,6.66,3,0.13,1.56.1,1-2-4,1460,7,1-2,570,3,1-2-4,580,3,1-2,710,4,,,,,,,
20251223,宮島,12,モンタ特選,晴,無風,0,1,1,1,4335,若 林 将,57,22,6.70,1,0.11,1.48.1,1-4-3,1990,6,1-4,1070,5,1-3-4,530,3,1-4,1000,4,,,,,,,
20251223,宮島,12,モンタ特選,晴,無風,0,1,2,4,5104,山 田 丈,33,37,6.67,4,0.15,1.49.2,1-4-3,1990,6,1-4,1070,5,1-3-4,530,3,1-4,1000,4,,,,,,,
20251223,宮島,12,モンタ特選,晴,無風,0,1,3,3,3959,坪 井 康 晴,23,74,6.62,3,0.09,1.51.0,1-4-3,1990,6,1-4,1070,5,1-3-4,530,3,1-4,1000,4,,,,,,,
20251223,宮島,12,モンタ特選,晴,無風,0,1,4,2,4463,三 苫 晃 幸,52,24,6.66,2,0.17,1.51.3,1-4-3,1990,6,1-4,1070,5,1-3-4,530,3,1-4,1000,4,,,,,,,
20251223,宮島,12,モンタ特選,晴,無風,0,1,5,5,4437,中 田 元 泰,37,65,6.69,5,0.12,1.51.7,1-4-3,1990,6,1-4,1070,5,1-3-4,530,3,1-4,1000,4,,,,,,,
20251223,宮島,12,モンタ特選,晴,無風,0,1,6,6,4578,藤 山 雅 弘,69,54,6.67,6,0.11,1.55.3,1-4-3,1990,6,1-4,1070,5,1-3-4,530,3,1-4,1000,4,,,,,,,
20251223,常滑,1,朝トコ小判Ｒ,曇り,北,1,0,1,2,3911,鈴 木 猛,32,55,6.76,2,0.10,1.50.1,2-3-4,39020,47,2-3,10050,11,2-3-4,5710,12,2-3,5180,11,,,,,,,
20251223,常滑,1,朝トコ小判Ｒ,曇り,北,1,0,2,3,3583,齋 藤 智 裕,45,65,6.75,3,0.11,1.51.2,2-3-4,39020,47,2-3,10050,11,2-3-4,5710,12,2-3,5180,11,,,,,,,
20251223,常滑,1,朝トコ小判Ｒ,曇り,北,1,0,3,4,3696,白 井 友 晴,43,60,6.77,4,0.18,1.52.4,2-3-4,39020,47,2-3,10050,11,2-3-4,5710,12,2-3,5180,11,,,,,,,
20251223,常滑,1,朝トコ小判Ｒ,曇り,北,1,0,4,6,4407,鹿 島 敏 弘,37,74,6.72,6,0.12,1.55.8,2-3-4,39020,47,2-3,10050,11,2-3-4,5710,12,2-3,5180,11,,,,,,,
20251223,常滑,1,朝トコ小判Ｒ,曇り,北,1,0,5,1,3499,市 川 哲 也,16,71,6.79,1,0.07,,2-3-4,39020,47,2-3,10050,11,2-3-4,5710,12,2-3,5180,11,,,,,,,
20251223,常滑,1,朝トコ小判Ｒ,曇り,北,1,0,6,5,4988,牟 田 奨 太,17,39,6.81,5,0.14,,2-3-4,39020,47,2-3,10050,11,2-3-4,5710,12,2-3,5180,11,,,,,,,
20251223,常滑,2,予選,曇り,南西,2,1,1,4,3641,一 瀬 明,47,31,6.78,4,0.15,1.48.2,4-5-6,8250,41,4-5,1400,7,4-5-6,2480,11,4-5,980,7,,,,,,,
20251223,常滑,2,予選,曇り,南西,2,1,2,5,4514,上 條 嘉 嗣,15,27,6.71,5,0.13,1.50.7,4-5-6,8250,41,4-5,1400,7,4-5-6,2480,11,4-5,980,7,,,,,,,
20251223,常滑,2,予選,曇り,南西,2,1,3,6,3848,川 上 聡 介,28,63,6.77,6,0.12,1.51.9,4-5-6,8250,41,4-5,1400,7,4-5-6,2480,11,4-5,980,7,,,,,,,
20251223,常滑,2,予選,曇り,南西,2,1,4,2,4031,飯 島 誠,36,43,6.73,2,0.23,1.53.4,4-5-6,8250,41,4-5,1400,7,4-5-6,2480,11,4-5,980,7,,,,,,,
20251223,常滑,2,予選,曇り,南西,2,1,5,1,3860,松 本 浩 貴,3,21,6.71,1,0.21,,4-5-6,8250,41,4-5,1400,7,4-5-6,2480,11,4-5,980,7,,,,,,,
20251223,常滑,2,予選,曇り,南西,2,1,6,3,4710,福 田 宗 平,13,22,6.74,3,0.19,,4-5-6,8250,41,4-5,1400,7,4-5-6,2480,11,4-5,980,7,,,,,,,
20251223,常滑,3,予選,曇り,南西,2,1,1,4,4427,秦 英 悟,48,34,6.73,4,0.05,1.47.4,4-5-6,5170,22,4-5,1600,8,4-5-6,3120,12,4-5,1230,7,,,,,,,
20251223,常滑,3,予選,曇り,南西,2,1,2,5,3841,佐々木 和 伸,4,33,6.72,5,0.07,1.49.1,4-5-6,5170,22,4-5,1600,8,4-5-6,3120,12,4-5,1230,7,,,,,,,
20251223,常滑,3,予選,曇り,南西,2,1,3,6,4727,安 部 慎 一,55,62,6.79,6,0.07,1.51.6,4-5-6,5170,22,4-5,1600,8,4-5-6,3120,12,4-5,1230,7,,,,,,,
20251223,常滑,3,予選,曇り,南西,2,1,4,3,3957,大 谷 直 弘,27,59,6.71,3,0.24,1.52.8,4-5-6,5170,22,4-5,1600,8,4-5-6,3120,12,4-5,1230,7,,,,,,,
20251223,常滑,3,予選,曇り,南西,2,1,5,2,3811,石 田 章 央,38,47,6.71,2,0.22,,4-5-6,5170,22,4-5,1600,8,4-5-6,3120,12,4-5,1230,7,,,,,,,
20251223,常滑,3,予選,曇り,南西,2,1,6,1,3922,菅 沼 佳 昭,25,51,6.67,1,0.21,,4-5-6,5170,22,4-5,1600,8,4-5-6,3120,12,4-5,1230,7,,,,,,,
20251223,常滑,4,予選,曇り,南西,2,1,1,1,4100,松 田 隆 司,9,52,6.72,1,0.14,1.48.6,1-2-6,1620,4,1-2,320,1,1-2-6,1030,4,1-2,100,1,,,,,,,
20251223,常滑,4,予選,曇り,南西,2,1,2,2,4458,抹 香 雄 三,26,73,6.72,2,0.18,1.49.6,1-2-6,1620,4,1-2,320,1,1-2-6,1030,4,1-2,100,1,,,,,,,
20251223,常滑,4,予選,曇り,南西,2,1,3,6,3931,黒 崎 竜 也,2,37,6.74,6,0.07,1.51.0,1-2-6,1620,4,1-2,320,1,1-2-6,1030,4,1-2,100,1,,,,,,,
20251223,常滑,4,予選,曇り,南西,2,1,4,5,4369,丹 下 将,44,44,6.80,5,0.08,1.51.3,1-2-6,1620,4,1-2,320,1,1-2-6,1030,4,1-2,100,1,,,,,,,
20251223,常滑,4,予選,曇り,南西,2,1,5,4,5053,山 口 広 樹,22,17,6.76,4,0.08,,1-2-6,1620,4,1-2,320,1,1-2-6,1030,4,1-2,100,1,,,,,,,
20251223,常滑,4,予選,曇り,南西,2,1,6,3,3430,角 浜 修,41,61,6.72,3,0.13,,1-2-6,1620,4,1-2,320,1,1-2-6,1030,4,1-2,100,1,,,,,,,
20251223,常滑,5,予選,曇り,南西,2,1,1,1,5266,石 田 勇 斗,12,75,6.67,1,0.06,1.48.8,1-3-4,6510,23,1-3,2890,8,1-3-4,2050,7,1-3,1860,6,,,,,,,
20251223,常滑,5,予選,曇り,南西,2,1,2,3,3896,上 田 洋 平,18,36,6.64,3,0.14,1.49.9,1-3-4,6510,23,1-3,2890,8,1-3-4,2050,7,1-3,1860,6,,,,,,,
20251223,常滑,5,予選,曇り,南西,2,1,3,4,3905,天 野 友 和,11,30,6.67,4,0.11,1.51.7,1-3-4,6510,23,1-3,2890,8,1-3-4,2050,7,1-3,1860,6,,,,,,,
20251223,常滑,5,予選,曇り,南西,2,1,4,5,3911,鈴 木 猛,32,55,6.66,5,0.14,1.53.1,1-3-4,6510,23,1-3,2890,8,1-3-4,2050,7,1-3,1860,6,,,,,,,
20251223,常滑,5,予選,曇り,南西,2,1,5,2,4357,田 中 和 也,10,57,6.71,2,0.18,,1-3-4,6510,23,1-3,2890,8,1-3-4,2050,7,1-3,1860,6,,,,,,,
20251223,常滑,5,予選,曇り,南西,2,1,6,6,4626,伊 藤 紘 章,23,66,6.75,6,0.15,,1-3-4,6510,23,1-3,2890,8,1-3-4,2050,7,1-3,1860,6,,,,,,,
20251223,常滑,6,昼トコ小判Ｒ,曇り,南西,2,1,1,3,4732,堀 本 和 也,56,49,6.66,3,0.15,1.48.2,3-2-1,8820,24,3-2,3240,8,1-2-3,480,2,2-3,2570,9,,,,,,,
20251223,常滑,6,昼トコ小判Ｒ,曇り,南西,2,1,2,2,4436,渋 谷 明 憲,57,72,6.77,2,0.14,1.49.2,3-2-1,8820,24,3-2,3240,8,1-2-3,480,2,2-3,2570,9,,,,,,,
20251223,常滑,6,昼トコ小判Ｒ,曇り,南西,2,1,3,1,4710,福 田 宗 平,13,22,6.74,1,0.12,1.51.0,3-2-1,8820,24,3-2,3240,8,1-2-3,480,2,2-3,2570,9,,,,,,,
20251223,常滑,6,昼トコ小判Ｒ,曇り,南西,2,1,4,5,3583,齋 藤 智 裕,45,65,6.73,5,0.18,1.53.0,3-2-1,8820,24,3-2,3240,8,1-2-3,480,2,2-3,2570,9,,,,,,,
20251223,常滑,6,昼トコ小判Ｒ,曇り,南西,2,1,5,6,4736,高 倉 和 士,53,28,6.67,6,0.19,,3-2-1,8820,24,3-2,3240,8,1-2-3,480,2,2-3,2570,9,,,,,,,
20251223,常滑,6,昼トコ小判Ｒ,曇り,南西,2,1,6,4,3434,松 尾 宣 邦,29,26,6.74,4,0.20,,3-2-1,8820,24,3-2,3240,8,1-2-3,480,2,2-3,2570,9,,,,,,,
20251223,常滑,7,予選,晴,南西,2,1,1,1,4911,片 岡 大 地,46,56,6.81,1,0.14,1.48.3,1-6-2,1570,5,1-6,1080,6,1-2-6,150,1,1-6,350,2,,,,,,,
20251223,常滑,7,予選,晴,南西,2,1,2,6,3721,守 田 俊 介,8,64,6.83,4,0.17,1.50.0,1-6-2,1570,5,1-6,1080,6,1-2-6,150,1,1-6,350,2,,,,,,,
20251223,常滑,7,予選,晴,南西,2,1,3,2,4903,吉 田 凌太朗,50,45,6.72,2,0.19,1.52.0,1-6-2,1570,5,1-6,1080,6,1-2-6,150,1,1-6,350,2,,,,,,,
20251223,常滑,7,予選,晴,南西,2,1,4,3,3696,白 井 友 晴,43,60,6.77,3,0.22,1.52.8,1-6-2,1570,5,1-6,1080,6,1-2-6,150,1,1-6,350,2,,,,,,,
20251223,常滑,7,予選,晴,南西,2,1,5,5,4416,三 宅 健 太,19,42,6.71,6,0.20,,1-6-2,1570,5,1-6,1080,6,1-2-6,150,1,1-6,350,2,,,,,,,
20251223,常滑,7,予選,晴,南西,2,1,6,4,3848,川 上 聡 介,28,63,6.80,5,0.36,,1-6-2,1570,5,1-6,1080,6,1-2-6,150,1,1-6,350,2,,,,,,,
20251223,常滑,8,予選,晴,南西,2,1,1,1,4023,柴 田 友 和,33,25,6.76,1,0.18,1.50.1,1-2-3,2250,9,1-2,1260,6,1-2-3,360,1,1-2,630,3,,,,,,,
20251223,常滑,8,予選,晴,南西,2,1,2,2,3499,市 川 哲 也,16,71,6.72,2,0.21,1.50.8,1-2-3,2250,9,1-2,1260,6,1-2-3,360,1,1-2,630,3,,,,,,,
20251223,常滑,8,予選,晴,南西,2,1,3,3,4514,上 條 嘉 嗣,15,27,6.73,3,0.18,1.52.8,1-2-3,2250,9,1-2,1260,6,1-2-3,360,1,1-2,630,3,,,,,,,
20251223,常滑,8,予選,晴,南西,2,1,4,5,3827,今 泉 徹,34,14,6.74,5,0.21,1.53.4,1-2-3,2250,9,1-2,1260,6,1-2-3,360,1,1-2,630,3,,,,,,,
20251223,常滑,8,予選,晴,南西,2,1,5,6,4227,安 達 裕 樹,30,46,6.70,6,0.16,,1-2-3,2250,9,1-2,1260,6,1-2-3,360,1,1-2,630,3,,,,,,,
20251223,常滑,8,予選,晴,南西,2,1,6,4,3430,角 浜 修,41,61,6.74,4,0.25,,1-2-3,2250,9,1-2,1260,6,1-2-3,360,1,1-2,630,3,,,,,,,
20251223,常滑,9,予選特賞,晴,南西,2,1,1,1,3641,一 瀬 明,47,31,6.74,1,0.19,1.57.1,1-3-6,4090,18,1-3,1280,6,1-3-6,1590,8,1-3,1320,6,,,,,,,
20251223,常滑,9,予選特賞,晴,南西,2,1,2,3,3544,豊 田 訓 靖,14,54,6.69,3,0.20,2.00.6,1-3-6,4090,18,1-3,1280,6,1-3-6,1590,8,1-3,1320,6,,,,,,,
20251223,常滑,9,予選特賞,晴,南西,2,1,3,6,4357,田 中 和 也,10,57,6.72,6,0.23,2.02.4,1-3-6,4090,18,1-3,1280,6,1-3-6,1590,8,1-3,1320,6,,,,,,,
20251223,常滑,9,予選特賞,晴,南西,2,1,4,5,4458,抹 香 雄 三,26,73,6.73,5,0.21,2.06.9,1-3-6,4090,18,1-3,1280,6,1-3-6,1590,8,1-3,1320,6,,,,,,,
20251223,常滑,9,予選特賞,晴,南西,2,1,5,2,4407,鹿 島 敏 弘,37,74,6.77,2,0.20,,1-3-6,4090,18,1-3,1280,6,1-3-6,1590,8,1-3,1320,6,,,,,,,
20251223,常滑,9,予選特賞,晴,南西,2,1,S1,4,3841,佐々木 和 伸,4,33,6.79,4,0.24,,1-3-6,4090,18,1-3,1280,6,1-3-6,1590,8,1-3,1320,6,,,,,,,
20251223,常滑,10,予選特賞,晴,南西,2,1,1,1,4732,堀 本 和 也,56,49,6.71,1,0.18,1.48.0,1-4-6,4430,13,1-4,510,2,1-4-6,3100,8,1-4,470,2,,,,,,,
20251223,常滑,10,予選特賞,晴,南西,2,1,2,4,3860,松 本 浩 貴,3,21,6.69,4,0.22,1.51.5,1-4-6,4430,13,1-4,510,2,1-4-6,3100,8,1-4,470,2,,,,,,,
20251223,常滑,10,予選特賞,晴,南西,2,1,3,6,3957,大 谷 直 弘,27,59,6.76,5,0.25,1.52.6,1-4-6,4430,13,1-4,510,2,1-4-6,3100,8,1-4,470,2,,,,,,,
20251223,常滑,10,予選特賞,晴,南西,2,1,4,2,3905,天 野 友 和,11,30,6.73,2,0.18,1.53.5,1-4-6,4430,13,1-4,510,2,1-4-6,3100,8,1-4,470,2,,,,,,,
20251223,常滑,10,予選特賞,晴,南西,2,1,5,5,5053,山 口 広 樹,22,17,6.74,6,0.22,,1-4-6,4430,13,1-4,510,2,1-4-6,3100,8,1-4,470,2,,,,,,,
20251223,常滑,10,予選特賞,晴,南西,2,1,6,3,4988,牟 田 奨 太,17,39,6.79,3,0.20,,1-4-6,4430,13,1-4,510,2,1-4-6,3100,8,1-4,470,2,,,,,,,
20251223,常滑,11,予選特選,晴,南西,2,1,1,4,3721,守 田 俊 介,8,64,6.86,4,0.10,1.48.9,4-2-1,8060,35,4-2,1820,9,1-2-4,740,4,2-4,1180,6,,,,,,,
20251223,常滑,11,予選特選,晴,南西,2,1,2,2,5285,若 林 麗,39,12,6.69,2,0.10,1.50.9,4-2-1,8060,35,4-2,1820,9,1-2-4,740,4,2-4,1180,6,,,,,,,
20251223,常滑,11,予選特選,晴,南西,2,1,3,1,4369,丹 下 将,44,44,6.83,1,0.16,1.51.8,4-2-1,8060,35,4-2,1820,9,1-2-4,740,4,2-4,1180,6,,,,,,,
20251223,常滑,11,予選特選,晴,南西,2,1,4,6,4436,渋 谷 明 憲,57,72,6.75,6,0.12,1.52.5,4-2-1,8060,35,4-2,1820,9,1-2-4,740,4,2-4,1180,6,,,,,,,
20251223,常滑,11,予選特選,晴,南西,2,1,5,5,3811,石 田 章 央,38,47,6.76,5,0.11,,4-2-1,8060,35,4-2,1820,9,1-2-4,740,4,2-4,1180,6,,,,,,,
20251223,常滑,11,予選特選,晴,南西,2,1,6,3,5266,石 田 勇 斗,12,75,6.77,3,0.10,,4-2-1,8060,35,4-2,1820,9,1-2-4,740,4,2-4,1180,6,,,,,,,
20251223,常滑,12,予選特選,晴,南西,1,0,1,1,4427,秦 英 悟,48,34,6.73,1,0.20,1.48.7,1-2-3,1630,9,1-2,480,3,1-2-3,910,5,1-2,310,2,,,,,,,
20251223,常滑,12,予選特選,晴,南西,1,0,2,2,3931,黒 崎 竜 也,2,37,6.71,2,0.19,1.50.0,1-2-3,1630,9,1-2,480,3,1-2-3,910,5,1-2,310,2,,,,,,,
20251223,常滑,12,予選特選,晴,南西,1,0,3,3,3434,松 尾 宣 邦,29,26,6.75,3,0.26,1.51.6,1-2-3,1630,9,1-2,480,3,1-2-3,910,5,1-2,310,2,,,,,,,
20251223,常滑,12,予選特選,晴,南西,1,0,4,4,4227,安 達 裕 樹,30,46,6.74,4,0.27,1.51.9,1-2-3,1630,9,1-2,480,3,1-2-3,910,5,1-2,310,2,,,,,,,
20251223,常滑,12,予選特選,晴,南西,1,0,5,6,4903,吉 田 凌太朗,50,45,6.73,6,0.23,,1-2-3,1630,9,1-2,480,3,1-2-3,910,5,1-2,310,2,,,,,,,
20251223,常滑,12,予選特選,晴,南西,1,0,6,5,4031,飯 島 誠,36,43,6.72,5,0.29,,1-2-3,1630,9,1-2,480,3,1-2-3,910,5,1-2,310,2,,,,,,,
20251223,戸田,1,一般戦,晴,無風,0,0,1,1,4186,小 川 時 光,18,29,6.67,1,0.14,1.48.3,1-5-6,36810,68,1-5,1950,11,1-5-6,14050,18,1-5,1020,6,,,,,,,
20251223,戸田,1,一般戦,晴,無風,0,0,2,5,5329,金 子 龍 斗,37,54,6.76,5,0.15,1.49.9,1-5-6,36810,68,1-5,1950,11,1-5-6,14050,18,1-5,1020,6,,,,,,,
20251223,戸田,1,一般戦,晴,無風,0,0,3,6,5341,山 道 諄 也,55,73,6.82,6,0.10,1.52.0,1-5-6,36810,68,1-5,1950,11,1-5-6,14050,18,1-5,1020,6,,,,,,,
20251223,戸田,1,一般戦,晴,無風,0,0,4,4,3497,後 藤 浩,61,76,6.73,4,0.15,1.52.8,1-5-6,36810,68,1-5,1950,11,1-5-6,14050,18,1-5,1020,6,,,,,,,
20251223,戸田,1,一般戦,晴,無風,0,0,5,3,3982,福 田 理,57,72,6.71,3,0.12,,1-5-6,36810,68,1-5,1950,11,1-5-6,14050,18,1-5,1020,6,,,,,,,
20251223,戸田,1,一般戦,晴,無風,0,0,6,2,3558,山 本 浩 次,19,36,6.79,2,0.11,,1-5-6,36810,68,1-5,1950,11,1-5-6,14050,18,1-5,1020,6,,,,,,,
20251223,戸田,2,一般戦,晴,北,1,1,1,2,4630,岩 永 雅 人,58,33,6.63,2,0.11,1.48.4,2-1-3,2150,8,2-1,410,2,1-2-3,730,4,1-2,180,1,,,,,,,
20251223,戸田,2,一般戦,晴,北,1,1,2,1,4142,平 野 和 明,23,34,6.72,1,0.15,1.49.1,2-1-3,2150,8,2-1,410,2,1-2-3,730,4,1-2,180,1,,,,,,,
20251223,戸田,2,一般戦,晴,北,1,1,3,3,5292,佐 藤 右 京,36,35,6.68,3,0.11,1.50.5,2-1-3,2150,8,2-1,410,2,1-2-3,730,4,1-2,180,1,,,,,,,
20251223,戸田,2,一般戦,晴,北,1,1,4,6,3596,河 上 年 昭,29,47,6.73,6,0.13,1.51.7,2-1-3,2150,8,2-1,410,2,1-2-3,730,4,1-2,180,1,,,,,,,
20251223,戸田,2,一般戦,晴,北,1,1,5,4,3268,森 竜 也,44,55,6.79,4,0.13,,2-1-3,2150,8,2-1,410,2,1-2-3,730,4,1-2,180,1,,,,,,,
20251223,戸田,2,一般戦,晴,北,1,1,6,5,3800,牧 宏 次,32,63,6.83,5,0.09,,2-1-3,2150,8,2-1,410,2,1-2-3,730,4,1-2,180,1,,,,,,,
20251223,戸田,3,一般戦,晴,無風,0,0,1,1,5023,久 永 祥 平,27,56,6.88,1,0.12,1.48.6,1-3-2,2000,6,1-3,610,2,1-2-3,390,1,1-3,450,3,,,,,,,
20251223,戸田,3,一般戦,晴,無風,0,0,2,3,4887,富 澤 祐 作,28,65,6.73,3,0.17,1.49.7,1-3-2,2000,6,1-3,610,2,1-2-3,390,1,1-3,450,3,,,,,,,
20251223,戸田,3,一般戦,晴,無風,0,0,3,2,5269,山 口 晃 朋,45,24,6.62,2,0.15,1.50.5,1-3-2,2000,6,1-3,610,2,1-2-3,390,1,1-3,450,3,,,,,,,
20251223,戸田,3,一般戦,晴,無風,0,0,4,4,4339,平 瀬 城 啓,31,32,6.67,4,0.22,1.52.9,1-3-2,2000,6,1-3,610,2,1-2-3,390,1,1-3,450,3,,,,,,,
20251223,戸田,3,一般戦,晴,無風,0,0,5,5,4406,幸 野 史 明,25,43,6.62,6,0.26,,1-3-2,2000,6,1-3,610,2,1-2-3,390,1,1-3,450,3,,,,,,,
20251223,戸田,3,一般戦,晴,無風,0,0,6,6,4700,金 子 和 之,49,39,6.61,5,0.22,,1-3-2,2000,6,1-3,610,2,1-2-3,390,1,1-3,450,3,,,,,,,
20251223,戸田,4,一般戦,晴,北,1,1,1,4,3870,寺 嶋 雄,41,25,6.63,4,0.15,1.48.6,4-6-2,20560,84,4-6,4560,20,2-4-6,3260,15,4-6,3340,15,,,,,,,
20251223,戸田,4,一般戦,晴,北,1,1,2,6,4064,原 田 篤 志,52,70,6.72,6,0.20,1.49.7,4-6-2,20560,84,4-6,4560,20,2-4-6,3260,15,4-6,3340,15,,,,,,,
20251223,戸田,4,一般戦,晴,北,1,1,3,2,4957,竹之内 極,11,21,6.76,2,0.22,1.51.1,4-6-2,20560,84,4-6,4560,20,2-4-6,3260,15,4-6,3340,15,,,,,,,
20251223,戸田,4,一般戦,晴,北,1,1,4,3,5064,品 川 二千翔,33,67,6.74,3,0.23,1.52.8,4-6-2,20560,84,4-6,4560,20,2-4-6,3260,15,4-6,3340,15,,,,,,,
20251223,戸田,4,一般戦,晴,北,1,1,5,1,5178,成 貞 琳 平,59,40,6.68,1,0.18,,4-6-2,20560,84,4-6,4560,20,2-4-6,3260,15,4-6,3340,15,,,,,,,
20251223,戸田,4,一般戦,晴,北,1,1,6,5,4376,藤 田 靖 弘,9,26,6.69,5,0.19,,4-6-2,20560,84,4-6,4560,20,2-4-6,3260,15,4-6,3340,15,,,,,,,
20251223,戸田,5,一般戦,晴,無風,0,0,1,1,3661,柳 瀬 興 志,26,53,6.65,1,0.16,1.48.6,1-4-2,7030,26,1-4,3560,13,1-2-4,1290,5,1-4,2650,7,,,,,,,
20251223,戸田,5,一般戦,晴,無風,0,0,2,4,5282,中 本 大 樹,47,37,6.74,4,0.18,1.49.5,1-4-2,7030,26,1-4,3560,13,1-2-4,1290,5,1-4,2650,7,,,,,,,
20251223,戸田,5,一般戦,晴,無風,0,0,3,2,4415,下 出 卓 矢,20,58,6.74,2,0.12,1.50.6,1-4-2,7030,26,1-4,3560,13,1-2-4,1290,5,1-4,2650,7,,,,,,,
20251223,戸田,5,一般戦,晴,無風,0,0,4,3,4417,服 部 剛,54,17,6.67,3,0.23,1.51.2,1-4-2,7030,26,1-4,3560,13,1-2-4,1290,5,1-4,2650,7,,,,,,,
20251223,戸田,5,一般戦,晴,無風,0,0,5,5,4122,安 東 幸 治,53,49,6.70,5,0.16,,1-4-2,7030,26,1-4,3560,13,1-2-4,1290,5,1-4,2650,7,,,,,,,
20251223,戸田,5,一般戦,晴,無風,0,0,6,6,5424,熊 倉 幹 太,56,27,6.82,6,0.17,,1-4-2,7030,26,1-4,3560,13,1-2-4,1290,5,1-4,2650,7,,,,,,,
20251223,戸田,6,一般戦,晴,無風,0,0,1,1,4351,里 岡 右 貴,43,71,6.79,1,0.11,1.48.3,1-3-4,620,2,1-3,450,2,1-3-4,160,1,1-3,360,2,,,,,,,
20251223,戸田,6,一般戦,晴,無風,0,0,2,3,4133,高 橋 正 男,42,28,6.70,3,0.16,1.48.9,1-3-4,620,2,1-3,450,2,1-3-4,160,1,1-3,360,2,,,,,,,
20251223,戸田,6,一般戦,晴,無風,0,0,3,4,3737,上 平 真 二,40,12,6.68,4,0.21,1.50.3,1-3-4,620,2,1-3,450,2,1-3-4,160,1,1-3,360,2,,,,,,,
20251223,戸田,6,一般戦,晴,無風,0,0,4,2,4697,國 弘 翔 平,22,41,6.74,2,0.16,1.52.3,1-3-4,620,2,1-3,450,2,1-3-4,160,1,1-3,360,2,,,,,,,
20251223,戸田,6,一般戦,晴,無風,0,0,5,6,4186,小 川 時 光,18,29,6.67,6,0.27,,1-3-4,620,2,1-3,450,2,1-3-4,160,1,1-3,360,2,,,,,,,
20251223,戸田,6,一般戦,晴,無風,0,0,6,5,3558,山 本 浩 次,19,36,6.71,5,0.22,,1-3-4,620,2,1-3,450,2,1-3-4,160,1,1-3,360,2,,,,,,,
20251223,戸田,7,一般戦,晴,無風,0,0,1,1,4292,麻 生 慎 介,50,75,6.75,1,0.15,1.47.2,1-5-3,15330,45,1-5,3130,11,1-3-5,3090,11,1-5,1800,8,,,,,,,
20251223,戸田,7,一般戦,晴,無風,0,0,2,5,3596,河 上 年 昭,29,47,6.78,5,0.12,1.48.9,1-5-3,15330,45,1-5,3130,11,1-3-5,3090,11,1-5,1800,8,,,,,,,
20251223,戸田,7,一般戦,晴,無風,0,0,3,3,4142,平 野 和 明,23,34,6.68,3,0.17,1.50.6,1-5-3,15330,45,1-5,3130,11,1-3-5,3090,11,1-5,1800,8,,,,,,,
20251223,戸田,7,一般戦,晴,無風,0,0,4,4,4086,寺 本 重 宣,51,44,6.70,4,0.16,1.51.6,1-5-3,15330,45,1-5,3130,11,1-3-5,3090,11,1-5,1800,8,,,,,,,
20251223,戸田,7,一般戦,晴,無風,0,0,5,6,4471,新 田 泰 章,24,16,6.71,6,0.13,,1-5-3,15330,45,1-5,3130,11,1-3-5,3090,11,1-5,1800,8,,,,,,,
20251223,戸田,7,一般戦,晴,無風,0,0,6,2,4572,渡 部 悟,21,45,6.60,2,0.16,,1-5-3,15330,45,1-5,3130,11,1-3-5,3090,11,1-5,1800,8,,,,,,,
20251223,戸田,8,一般戦,晴,無風,0,0,1,1,4584,村 岡 賢 人,46,62,6.64,1,0.03,1.47.2,1-5-2,1000,4,1-5,390,2,1-2-5,400,2,1-5,390,3,,,,,,,
20251223,戸田,8,一般戦,晴,無風,0,0,2,5,4384,鶴 本 崇 文,15,57,6.69,5,0.12,1.49.7,1-5-2,1000,4,1-5,390,2,1-2-5,400,2,1-5,390,3,,,,,,,
20251223,戸田,8,一般戦,晴,無風,0,0,3,2,3800,牧 宏 次,32,63,6.78,2,0.07,1.51.0,1-5-2,1000,4,1-5,390,2,1-2-5,400,2,1-5,390,3,,,,,,,
20251223,戸田,8,一般戦,晴,無風,0,0,4,4,5023,久 永 祥 平,27,56,6.75,4,0.11,1.51.4,1-5-2,1000,4,1-5,390,2,1-2-5,400,2,1-5,390,3,,,,,,,
20251223,戸田,8,一般戦,晴,無風,0,0,5,6,5432,安 藤 瑠 希,39,77,6.74,6,0.15,,1-5-2,1000,4,1-5,390,2,1-2-5,400,2,1-5,390,3,,,,,,,
20251223,戸田,8,一般戦,晴,無風,0,0,6,3,3411,池 上 隆 行,60,68,6.77,3,0.09,,1-5-2,1000,4,1-5,390,2,1-2-5,400,2,1-5,390,3,,,,,,,
20251223,戸田,9,一般戦,晴,無風,0,0,1,2,4406,幸 野 史 明,25,43,6.55,2,0.25,1.49.1,2-1-4,4790,16,2-1,1630,7,1-2-4,550,2,1-2,450,1,,,,,,,
20251223,戸田,9,一般戦,晴,無風,0,0,2,1,5064,品 川 二千翔,33,67,6.70,1,0.22,1.49.4,2-1-4,4790,16,2-1,1630,7,1-2-4,550,2,1-2,450,1,,,,,,,
20251223,戸田,9,一般戦,晴,無風,0,0,3,4,3661,柳 瀬 興 志,26,53,6.67,4,0.27,1.51.7,2-1-4,4790,16,2-1,1630,7,1-2-4,550,2,1-2,450,1,,,,,,,
20251223,戸田,9,一般戦,晴,無風,0,0,4,6,4630,岩 永 雅 人,58,33,6.72,6,0.23,1.52.8,2-1-4,4790,16,2-1,1630,7,1-2-4,550,2,1-2,450,1,,,,,,,
20251223,戸田,9,一般戦,晴,無風,0,0,5,3,5178,成 貞 琳 平,59,40,6.72,3,0.26,,2-1-4,4790,16,2-1,1630,7,1-2-4,550,2,1-2,450,1,,,,,,,
20251223,戸田,9,一般戦,晴,無風,0,0,6,5,5343,小 林 礼 央,38,64,6.65,5,0.27,,2-1-4,4790,16,2-1,1630,7,1-2-4,550,2,1-2,450,1,,,,,,,
20251223,戸田,10,準優勝戦,晴,無風,0,0,1,5,4415,下 出 卓 矢,20,58,6.63,5,0.06,1.47.9,5-2-6,21520,65,5-2,5430,18,2-5-6,8010,19,2-5,2880,9,,,,,,,
20251223,戸田,10,準優勝戦,晴,無風,0,0,2,2,4122,安 東 幸 治,53,49,6.65,2,0.10,1.49.3,5-2-6,21520,65,5-2,5430,18,2-5-6,8010,19,2-5,2880,9,,,,,,,
20251223,戸田,10,準優勝戦,晴,無風,0,0,3,6,4351,里 岡 右 貴,43,71,6.70,6,0.07,1.50.4,5-2-6,21520,65,5-2,5430,18,2-5-6,8010,19,2-5,2880,9,,,,,,,
20251223,戸田,10,準優勝戦,晴,無風,0,0,4,1,4064,原 田 篤 志,52,70,6.67,1,0.07,1.51.3,5-2-6,21520,65,5-2,5430,18,2-5-6,8010,19,2-5,2880,9,,,,,,,
20251223,戸田,10,準優勝戦,晴,無風,0,0,5,3,3737,上 平 真 二,40,12,6.76,3,0.11,,5-2-6,21520,65,5-2,5430,18,2-5-6,8010,19,2-5,2880,9,,,,,,,
20251223,戸田,10,準優勝戦,晴,無風,0,0,6,4,4887,富 澤 祐 作,28,65,6.67,4,0.08,,5-2-6,21520,65,5-2,5430,18,2-5-6,8010,19,2-5,2880,9,,,,,,,
20251223,戸田,11,準優勝戦,晴,無風,0,0,1,6,4292,麻 生 慎 介,50,75,6.74,5,0.20,1.55.6,6-2-5,80940,106,6-2,8540,17,2-5-6,5170,16,2-6,2820,10,,,,,,,
20251223,戸田,11,準優勝戦,晴,無風,0,0,2,2,4376,藤 田 靖 弘,9,26,6.60,2,0.19,1.59.5,6-2-5,80940,106,6-2,8540,17,2-5-6,5170,16,2-6,2820,10,,,,,,,
20251223,戸田,11,準優勝戦,晴,無風,0,0,3,5,5269,山 口 晃 朋,45,24,6.81,6,0.18,2.01.8,6-2-5,80940,106,6-2,8540,17,2-5-6,5170,16,2-6,2820,10,,,,,,,
20251223,戸田,11,準優勝戦,晴,無風,0,0,4,1,4700,金 子 和 之,49,39,6.68,1,0.17,2.05.9,6-2-5,80940,106,6-2,8540,17,2-5-6,5170,16,2-6,2820,10,,,,,,,
20251223,戸田,11,準優勝戦,晴,無風,0,0,5,4,4133,高 橋 正 男,42,28,6.78,4,0.20,,6-2-5,80940,106,6-2,8540,17,2-5-6,5170,16,2-6,2820,10,,,,,,,
20251223,戸田,11,準優勝戦,晴,無風,0,0,S0,3,4086,寺 本 重 宣,51,44,6.68,3,0.22,,6-2-5,80940,106,6-2,8540,17,2-5-6,5170,16,2-6,2820,10,,,,,,,
20251223,戸田,12,準優勝戦,晴,無風,0,0,1,3,3497,後 藤 浩,61,76,6.67,3,0.13,1.48.1,3-2-1,18150,43,3-2,5440,14,1-2-3,450,1,2-3,1940,7,,,,,,,
20251223,戸田,12,準優勝戦,晴,無風,0,0,2,2,4384,鶴 本 崇 文,15,57,6.69,2,0.13,1.49.5,3-2-1,18150,43,3-2,5440,14,1-2-3,450,1,2-3,1940,7,,,,,,,
20251223,戸田,12,準優勝戦,晴,無風,0,0,3,1,4471,新 田 泰 章,24,16,6.72,1,0.07,1.50.7,3-2-1,18150,43,3-2,5440,14,1-2-3,450,1,2-3,1940,7,,,,,,,
20251223,戸田,12,準優勝戦,晴,無風,0,0,4,5,4957,竹之内 極,11,21,6.61,6,0.23,1.52.2,3-2-1,18150,43,3-2,5440,14,1-2-3,450,1,2-3,1940,7,,,,,,,
20251223,戸田,12,準優勝戦,晴,無風,0,0,5,6,4584,村 岡 賢 人,46,62,6.74,5,0.25,,3-2-1,18150,43,3-2,5440,14,1-2-3,450,1,2-3,1940,7,,,,,,,
20251223,戸田,12,準優勝戦,晴,無風,0,0,6,4,4417,服 部 剛,54,17,6.68,4,0.27,,3-2-1,18150,43,3-2,5440,14,1-2-3,450,1,2-3,1940,7,,,,,,,
20251223,津,1,ツッキーレー,曇り,無風,0,0,1,1,5136,濱 野 斗 馬,27,61,6.80,1,0.14,1.49.2,1-2-6,580,2,1-2,200,1,1-2-6,490,3,1-2,120,1,,,,,,,
20251223,津,1,ツッキーレー,曇り,無風,0,0,2,2,4729,佐 藤 謙史朗,21,66,6.83,2,0.20,1.50.8,1-2-6,580,2,1-2,200,1,1-2-6,490,3,1-2,120,1,,,,,,,
20251223,津,1,ツッキーレー,曇り,無風,0,0,3,6,4720,西 澤 日花里,40,62,6.81,6,0.26,1.52.1,1-2-6,580,2,1-2,200,1,1-2-6,490,3,1-2,120,1,,,,,,,
20251223,津,1,ツッキーレー,曇り,無風,0,0,4,3,3704,本 部 めぐみ,19,43,6.85,3,0.19,1.54.3,1-2-6,580,2,1-2,200,1,1-2-6,490,3,1-2,120,1,,,,,,,
20251223,津,1,ツッキーレー,曇り,無風,0,0,5,4,5314,中 曽 瑠 華,69,59,6.92,4,0.38,,1-2-6,580,2,1-2,200,1,1-2-6,490,3,1-2,120,1,,,,,,,
20251223,津,1,ツッキーレー,曇り,無風,0,0,6,5,3591,後 藤 孝 義,63,20,6.92,5,0.34,,1-2-6,580,2,1-2,200,1,1-2-6,490,3,1-2,120,1,,,,,,,
20251223,津,2,予選,曇り,無風,0,0,1,1,4461,安 田 吉 宏,72,63,6.85,1,0.09,1.49.9,1-6-5,9910,31,1-6,2540,9,1-5-6,1410,8,1-6,2550,7,,,,,,,
20251223,津,2,予選,曇り,無風,0,0,2,6,4224,大 橋 栄里佳,37,38,6.80,6,0.16,1.50.5,1-6-5,9910,31,1-6,2540,9,1-5-6,1410,8,1-6,2550,7,,,,,,,
20251223,津,2,予選,曇り,無風,0,0,3,5,4489,岩 川 仁 士,73,55,6.82,5,0.18,1.52.5,1-6-5,9910,31,1-6,2540,9,1-5-6,1410,8,1-6,2550,7,,,,,,,
20251223,津,2,予選,曇り,無風,0,0,4,4,3630,黒 田 誠 司,17,31,6.87,4,0.13,1.53.0,1-6-5,9910,31,1-6,2540,9,1-5-6,1410,8,1-6,2550,7,,,,,,,
20251223,津,2,予選,曇り,無風,0,0,5,3,4924,中 北 涼,70,22,6.88,3,0.10,,1-6-5,9910,31,1-6,2540,9,1-5-6,1410,8,1-6,2550,7,,,,,,,
20251223,津,2,予選,曇り,無風,0,0,6,2,4694,高 田 綾,26,19,6.78,2,0.20,,1-6-5,9910,31,1-6,2540,9,1-5-6,1410,8,1-6,2550,7,,,,,,,
20251223,津,3,予選,曇り,無風,0,0,1,2,3997,北 村 征 嗣,30,50,6.82,2,0.10,1.49.1,2-1-4,2630,9,2-1,660,2,1-2-4,830,4,1-2,180,1,,,,,,,
20251223,津,3,予選,曇り,無風,0,0,2,1,3692,竹 腰 正 樹,41,23,6.73,1,0.11,1.50.5,2-1-4,2630,9,2-1,660,2,1-2-4,830,4,1-2,180,1,,,,,,,
20251223,津,3,予選,曇り,無風,0,0,3,4,3475,橋 本 久 和,16,45,6.89,4,0.08,1.51.6,2-1-4,2630,9,2-1,660,2,1-2-4,830,4,1-2,180,1,,,,,,,
20251223,津,3,予選,曇り,無風,0,0,4,5,4532,秋 元 哲,61,60,6.98,5,0.07,1.52.7,2-1-4,2630,9,2-1,660,2,1-2-4,830,4,1-2,180,1,,,,,,,
20251223,津,3,予選,曇り,無風,0,0,5,3,3484,芝 田 浩 治,24,44,6.80,3,0.06,,2-1-4,2630,9,2-1,660,2,1-2-4,830,4,1-2,180,1,,,,,,,
20251223,津,3,予選,曇り,無風,0,0,6,6,4568,廣 瀬 真 也,28,30,6.83,6,0.08,,2-1-4,2630,9,2-1,660,2,1-2-4,830,4,1-2,180,1,,,,,,,
20251223,津,4,予選,曇り,無風,0,0,1,1,3444,香 月 大 介,43,65,6.82,1,0.04,1.48.7,1-3-4,4220,15,1-3,1280,6,1-3-4,1010,6,1-3,1040,5,,,,,,,
20251223,津,4,予選,曇り,無風,0,0,2,3,4144,石 塚 久 也,51,28,6.80,3,0.05,1.49.9,1-3-4,4220,15,1-3,1280,6,1-3-4,1010,6,1-3,1040,5,,,,,,,
20251223,津,4,予選,曇り,無風,0,0,3,4,4824,松 井 洪 弥,47,54,6.88,4,0.07,1.50.3,1-3-4,4220,15,1-3,1280,6,1-3-4,1010,6,1-3,1040,5,,,,,,,
20251223,津,4,予選,曇り,無風,0,0,4,5,3557,太 田 和 美,39,47,6.82,5,0.09,1.52.4,1-3-4,4220,15,1-3,1280,6,1-3-4,1010,6,1-3,1040,5,,,,,,,
20251223,津,4,予選,曇り,無風,0,0,5,2,5049,松 井 友 汰,67,51,6.84,2,0.02,,1-3-4,4220,15,1-3,1280,6,1-3-4,1010,6,1-3,1040,5,,,,,,,
20251223,津,4,予選,曇り,無風,0,0,6,6,4345,西 舘 健,49,24,6.81,6,0.12,,1-3-4,4220,15,1-3,1280,6,1-3-4,1010,6,1-3,1040,5,,,,,,,
20251223,津,5,５ールドレー,曇り,南東,1,1,1,1,4570,前 田 聖 文,52,34,6.81,1,0.13,1.48.4,1-4-2,520,2,1-4,350,2,1-2-4,160,1,1-4,370,2,,,,,,,
20251223,津,5,５ールドレー,曇り,南東,1,1,2,4,5298,水 谷 理 人,71,56,6.83,4,0.14,1.50.0,1-4-2,520,2,1-4,350,2,1-2-4,160,1,1-4,370,2,,,,,,,
20251223,津,5,５ールドレー,曇り,南東,1,1,3,2,3333,丸 尾 義 孝,46,39,6.85,2,0.12,1.52.4,1-4-2,520,2,1-4,350,2,1-2-4,160,1,1-4,370,2,,,,,,,
20251223,津,5,５ールドレー,曇り,南東,1,1,4,3,5297,南 彩 寧,22,40,6.73,3,0.09,1.52.6,1-4-2,520,2,1-4,350,2,1-2-4,160,1,1-4,370,2,,,,,,,
20251223,津,5,５ールドレー,曇り,南東,1,1,5,6,3591,後 藤 孝 義,63,20,6.87,6,0.21,,1-4-2,520,2,1-4,350,2,1-2-4,160,1,1-4,370,2,,,,,,,
20251223,津,5,５ールドレー,曇り,南東,1,1,6,5,3313,本 吉 正 樹,68,25,6.86,5,0.17,,1-4-2,520,2,1-4,350,2,1-2-4,160,1,1-4,370,2,,,,,,,
20251223,津,6,予選,曇り,南東,1,1,1,2,4685,島 村 隆 幸,38,52,6.84,2,0.09,1.48.4,2-4-5,870,1,2-4,440,1,2-4-5,240,1,2-4,180,1,,,,,,,
20251223,津,6,予選,曇り,南東,1,1,2,4,3613,角 谷 健 吾,44,49,6.91,4,0.16,1.50.2,2-4-5,870,1,2-4,440,1,2-4-5,240,1,2-4,180,1,,,,,,,
20251223,津,6,予選,曇り,南東,1,1,3,5,4446,和 田 兼 輔,60,67,6.79,5,0.15,1.51.7,2-4-5,870,1,2-4,440,1,2-4-5,240,1,2-4,180,1,,,,,,,
20251223,津,6,予選,曇り,南東,1,1,4,1,4897,深 見 亜由美,65,41,6.88,1,0.06,1.53.4,2-4-5,870,1,2-4,440,1,2-4-5,240,1,2-4,180,1,,,,,,,
20251223,津,6,予選,曇り,南東,1,1,5,6,4489,岩 川 仁 士,73,55,6.85,6,0.19,,2-4-5,870,1,2-4,440,1,2-4-5,240,1,2-4,180,1,,,,,,,
20251223,津,6,予選,曇り,南東,1,1,6,3,5314,中 曽 瑠 華,69,59,6.98,3,0.11,,2-4-5,870,1,2-4,440,1,2-4-5,240,1,2-4,180,1,,,,,,,
20251223,津,7,予選,曇り,南東,1,1,1,1,4409,坂 元 浩 仁,18,48,6.81,1,0.12,1.48.4,1-5-4,970,3,1-5,830,4,1-4-5,280,1,1-5,390,1,,,,,,,
20251223,津,7,予選,曇り,南東,1,1,2,5,4772,石 丸 海 渡,20,32,6.80,5,0.13,1.50.0,1-5-4,970,3,1-5,830,4,1-4-5,280,1,1-5,390,1,,,,,,,
20251223,津,7,予選,曇り,南東,1,1,3,4,3997,北 村 征 嗣,30,50,6.84,4,0.20,1.52.3,1-5-4,970,3,1-5,830,4,1-4-5,280,1,1-5,390,1,,,,,,,
20251223,津,7,予選,曇り,南東,1,1,4,3,4925,森 悠 稀,50,64,6.80,3,0.13,1.54.3,1-5-4,970,3,1-5,830,4,1-4-5,280,1,1-5,390,1,,,,,,,
20251223,津,7,予選,曇り,南東,1,1,5,6,4924,中 北 涼,70,22,6.85,6,0.19,,1-5-4,970,3,1-5,830,4,1-4-5,280,1,1-5,390,1,,,,,,,
20251223,津,7,予選,曇り,南東,1,1,6,2,3704,本 部 めぐみ,19,43,6.88,2,0.13,,1-5-4,970,3,1-5,830,4,1-4-5,280,1,1-5,390,1,,,,,,,
20251223,津,8,予選,曇り,南東,1,1,1,1,4424,松 尾 昂 明,59,57,6.75,1,0.11,1.49.1,1-4-2,1460,4,1-4,660,3,1-2-4,300,1,1-4,570,2,,,,,,,
20251223,津,8,予選,曇り,南東,1,1,2,4,4345,西 舘 健,49,24,6.84,4,0.15,1.50.5,1-4-2,1460,4,1-4,660,3,1-2-4,300,1,1-4,570,2,,,,,,,
20251223,津,8,予選,曇り,南東,1,1,3,2,4934,佐々木 翔 斗,29,33,6.80,2,0.19,1.52.0,1-4-2,1460,4,1-4,660,3,1-2-4,300,1,1-4,570,2,,,,,,,
20251223,津,8,予選,曇り,南東,1,1,4,3,4729,佐 藤 謙史朗,21,66,6.84,3,0.18,1.53.2,1-4-2,1460,4,1-4,660,3,1-2-4,300,1,1-4,570,2,,,,,,,
20251223,津,8,予選,曇り,南東,1,1,5,6,4694,高 田 綾,26,19,6.83,6,0.14,,1-4-2,1460,4,1-4,660,3,1-2-4,300,1,1-4,570,2,,,,,,,
20251223,津,8,予選,曇り,南東,1,1,6,5,4568,廣 瀬 真 也,28,30,6.82,5,0.14,,1-4-2,1460,4,1-4,660,3,1-2-4,300,1,1-4,570,2,,,,,,,
20251223,津,9,予選特賞,曇り,無風,0,0,1,1,4588,田 中 京 介,62,35,6.86,1,0.07,1.49.1,1-4-3,970,3,1-4,620,3,1-3-4,160,1,1-4,620,2,,,,,,,
20251223,津,9,予選特賞,曇り,無風,0,0,2,4,4570,前 田 聖 文,52,34,6.91,4,0.14,1.50.2,1-4-3,970,3,1-4,620,3,1-3-4,160,1,1-4,620,2,,,,,,,
20251223,津,9,予選特賞,曇り,無風,0,0,3,3,3557,太 田 和 美,39,47,6.75,3,0.09,1.50.7,1-4-3,970,3,1-4,620,3,1-3-4,160,1,1-4,620,2,,,,,,,
20251223,津,9,予選特賞,曇り,無風,0,0,4,5,4224,大 橋 栄里佳,37,38,6.81,5,0.11,1.51.3,1-4-3,970,3,1-4,620,3,1-3-4,160,1,1-4,620,2,,,,,,,
20251223,津,9,予選特賞,曇り,無風,0,0,5,6,3484,芝 田 浩 治,24,44,6.81,6,0.12,,1-4-3,970,3,1-4,620,3,1-3-4,160,1,1-4,620,2,,,,,,,
20251223,津,9,予選特賞,曇り,無風,0,0,6,2,4897,深 見 亜由美,65,41,6.89,2,0.12,,1-4-3,970,3,1-4,620,3,1-3-4,160,1,1-4,620,2,,,,,,,
20251223,津,10,予選特賞,曇り,無風,0,0,1,1,3613,角 谷 健 吾,44,49,6.90,1,0.14,1.48.6,1-2-4,700,1,1-2,300,1,1-2-4,290,1,1-2,320,1,,,,,,,
20251223,津,10,予選特賞,曇り,無風,0,0,2,2,5298,水 谷 理 人,71,56,6.80,2,0.14,1.49.5,1-2-4,700,1,1-2,300,1,1-2-4,290,1,1-2,320,1,,,,,,,
20251223,津,10,予選特賞,曇り,無風,0,0,3,4,4532,秋 元 哲,61,60,7.02,4,0.13,1.51.3,1-2-4,700,1,1-2,300,1,1-2-4,290,1,1-2,320,1,,,,,,,
20251223,津,10,予選特賞,曇り,無風,0,0,4,3,4720,西 澤 日花里,40,62,6.84,3,0.14,1.52.1,1-2-4,700,1,1-2,300,1,1-2-4,290,1,1-2,320,1,,,,,,,
20251223,津,10,予選特賞,曇り,無風,0,0,5,6,4144,石 塚 久 也,51,28,6.83,6,0.17,,1-2-4,700,1,1-2,300,1,1-2-4,290,1,1-2,320,1,,,,,,,
20251223,津,10,予選特賞,曇り,無風,0,0,6,5,4461,安 田 吉 宏,72,63,6.88,5,0.15,,1-2-4,700,1,1-2,300,1,1-2-4,290,1,1-2,320,1,,,,,,,
20251223,津,11,予選特選,曇り,無風,0,0,1,1,4446,和 田 兼 輔,60,67,6.75,1,0.18,1.49.7,1-4-5,6740,17,1-4,970,3,1-4-5,3510,9,1-4,1480,5,,,,,,,
20251223,津,11,予選特選,曇り,無風,0,0,2,4,3692,竹 腰 正 樹,41,23,6.76,4,0.13,1.50.4,1-4-5,6740,17,1-4,970,3,1-4-5,3510,9,1-4,1480,5,,,,,,,
20251223,津,11,予選特選,曇り,無風,0,0,3,5,4925,森 悠 稀,50,64,6.79,5,0.12,1.51.6,1-4-5,6740,17,1-4,970,3,1-4-5,3510,9,1-4,1480,5,,,,,,,
20251223,津,11,予選特選,曇り,無風,0,0,4,2,4824,松 井 洪 弥,47,54,6.85,2,0.25,1.51.6,1-4-5,6740,17,1-4,970,3,1-4-5,3510,9,1-4,1480,5,,,,,,,
20251223,津,11,予選特選,曇り,無風,0,0,5,6,3333,丸 尾 義 孝,46,39,6.88,6,0.13,,1-4-5,6740,17,1-4,970,3,1-4-5,3510,9,1-4,1480,5,,,,,,,
20251223,津,11,予選特選,曇り,無風,0,0,6,3,5136,濱 野 斗 馬,27,61,6.79,3,0.24,,1-4-5,6740,17,1-4,970,3,1-4-5,3510,9,1-4,1480,5,,,,,,,
20251223,津,12,ツッキー選抜,曇り,無風,0,0,1,1,4685,島 村 隆 幸,38,52,6.82,1,0.13,1.49.3,1-2-5,810,2,1-2,170,1,1-2-5,360,2,1-2,160,1,,,,,,,
20251223,津,12,ツッキー選抜,曇り,無風,0,0,2,2,4772,石 丸 海 渡,20,32,6.74,2,0.10,1.50.6,1-2-5,810,2,1-2,170,1,1-2-5,360,2,1-2,160,1,,,,,,,
20251223,津,12,ツッキー選抜,曇り,無風,0,0,3,5,3475,橋 本 久 和,16,45,6.83,5,0.19,1.51.9,1-2-5,810,2,1-2,170,1,1-2-5,360,2,1-2,160,1,,,,,,,
20251223,津,12,ツッキー選抜,曇り,無風,0,0,4,3,5049,松 井 友 汰,67,51,6.85,3,0.20,1.53.5,1-2-5,810,2,1-2,170,1,1-2-5,360,2,1-2,160,1,,,,,,,
20251223,津,12,ツッキー選抜,曇り,無風,0,0,5,6,4934,佐々木 翔 斗,29,33,6.84,6,0.21,,1-2-5,810,2,1-2,170,1,1-2-5,360,2,1-2,160,1,,,,,,,
20251223,津,12,ツッキー選抜,曇り,無風,0,0,6,4,3313,本 吉 正 樹,68,25,6.89,4,0.23,,1-2-5,810,2,1-2,170,1,1-2-5,360,2,1-2,160,1,,,,,,,
20251223,浜名湖,1,一般,晴,北東,1,1,1,1,4197,渥 美 卓 郎,52,46,6.62,1,0.08,1.49.3,1-6-3,8250,31,1-6,1200,5,1-3-6,2550,14,1-6,1460,5,,,,,,,
20251223,浜名湖,1,一般,晴,北東,1,1,2,6,4954,内 山 峻 輔,47,71,6.75,6,0.11,1.50.4,1-6-3,8250,31,1-6,1200,5,1-3-6,2550,14,1-6,1460,5,,,,,,,
20251223,浜名湖,1,一般,晴,北東,1,1,3,3,4355,小 川 広 大,63,75,6.61,3,0.11,1.52.8,1-6-3,8250,31,1-6,1200,5,1-3-6,2550,14,1-6,1460,5,,,,,,,
20251223,浜名湖,1,一般,晴,北東,1,1,4,2,4421,森 作 広 大,61,36,6.68,2,0.11,1.53.0,1-6-3,8250,31,1-6,1200,5,1-3-6,2550,14,1-6,1460,5,,,,,,,
20251223,浜名湖,1,一般,晴,北東,1,1,5,4,3619,長谷川 充,62,40,6.67,4,0.18,,1-6-3,8250,31,1-6,1200,5,1-3-6,2550,14,1-6,1460,5,,,,,,,
20251223,浜名湖,1,一般,晴,北東,1,1,6,5,3690,河 合 三 弘,58,38,6.74,5,0.14,,1-6-3,8250,31,1-6,1200,5,1-3-6,2550,14,1-6,1460,5,,,,,,,
20251223,浜名湖,2,一般,晴,北東,1,1,1,1,4232,笠 雅 雄,65,41,6.68,1,0.13,1.49.2,1-5-4,4840,18,1-5,1210,6,1-4-5,1040,4,1-5,810,6,,,,,,,
20251223,浜名湖,2,一般,晴,北東,1,1,2,5,4239,竹 田 辰 也,53,58,6.62,5,0.24,1.50.1,1-5-4,4840,18,1-5,1210,6,1-4-5,1040,4,1-5,810,6,,,,,,,
20251223,浜名湖,2,一般,晴,北東,1,1,3,4,3627,井 上 恵 一,10,55,6.65,4,0.21,1.52.7,1-5-4,4840,18,1-5,1210,6,1-4-5,1040,4,1-5,810,6,,,,,,,
20251223,浜名湖,2,一般,晴,北東,1,1,4,6,5235,岩 田 凌,43,73,6.62,6,0.27,1.53.6,1-5-4,4840,18,1-5,1210,6,1-4-5,1040,4,1-5,810,6,,,,,,,
20251223,浜名湖,2,一般,晴,北東,1,1,5,2,5161,登 玉 隼 百,41,52,6.65,2,0.21,,1-5-4,4840,18,1-5,1210,6,1-4-5,1040,4,1-5,810,6,,,,,,,
20251223,浜名湖,2,一般,晴,北東,1,1,6,3,5334,樫 葉 新 心,21,30,6.63,3,0.25,,1-5-4,4840,18,1-5,1210,6,1-4-5,1040,4,1-5,810,6,,,,,,,
20251223,浜名湖,3,一般,晴,東,1,0,1,5,4889,後 藤 盛 也,35,37,6.69,5,0.10,1.47.6,5-1-6,17370,49,5-1,5980,16,1-5-6,1560,6,1-5,1290,6,,,,,,,
20251223,浜名湖,3,一般,晴,東,1,0,2,1,5137,川 原 涼,38,39,6.63,1,0.15,1.48.7,5-1-6,17370,49,5-1,5980,16,1-5-6,1560,6,1-5,1290,6,,,,,,,
20251223,浜名湖,3,一般,晴,東,1,0,3,6,4809,外 崎 悟,28,59,6.63,6,0.17,1.50.5,5-1-6,17370,49,5-1,5980,16,1-5-6,1560,6,1-5,1290,6,,,,,,,
20251223,浜名湖,3,一般,晴,東,1,0,4,4,3952,中 澤 和 志,29,32,6.71,4,0.10,1.51.8,5-1-6,17370,49,5-1,5980,16,1-5-6,1560,6,1-5,1290,6,,,,,,,
20251223,浜名湖,3,一般,晴,東,1,0,5,3,3577,向 所 浩 二,13,63,6.71,3,0.16,,5-1-6,17370,49,5-1,5980,16,1-5-6,1560,6,1-5,1290,6,,,,,,,
20251223,浜名湖,3,一般,晴,東,1,0,6,2,4569,中 澤 宏 奈,2,25,6.68,2,0.20,,5-1-6,17370,49,5-1,5980,16,1-5-6,1560,6,1-5,1290,6,,,,,,,
20251223,浜名湖,4,一般,晴,東,1,1,1,6,3792,田 中 豪,32,70,6.55,3,0.16,1.48.7,6-3-1,3880,20,6-3,1250,7,1-3-6,450,2,3-6,850,6,,,,,,,
20251223,浜名湖,4,一般,晴,東,1,1,2,3,4985,井 本 昌 也,9,57,6.63,4,0.17,1.49.6,6-3-1,3880,20,6-3,1250,7,1-3-6,450,2,3-6,850,6,,,,,,,
20251223,浜名湖,4,一般,晴,東,1,1,3,1,4372,原 田 佑 実,8,26,6.53,1,0.19,1.50.2,6-3-1,3880,20,6-3,1250,7,1-3-6,450,2,3-6,850,6,,,,,,,
20251223,浜名湖,4,一般,晴,東,1,1,4,5,4430,永 田 秀 二,44,64,6.63,2,0.18,1.51.7,6-3-1,3880,20,6-3,1250,7,1-3-6,450,2,3-6,850,6,,,,,,,
20251223,浜名湖,4,一般,晴,東,1,1,5,4,5388,佐 野 優 都,25,67,6.65,6,0.24,,6-3-1,3880,20,6-3,1250,7,1-3-6,450,2,3-6,850,6,,,,,,,
20251223,浜名湖,4,一般,晴,東,1,1,6,2,5254,羽 田 妃 希,19,33,6.55,5,0.22,,6-3-1,3880,20,6-3,1250,7,1-3-6,450,2,3-6,850,6,,,,,,,
20251223,浜名湖,5,一般,晴,南,1,1,1,3,4689,豊 田 結,30,61,6.59,3,0.15,1.47.8,3-1-5,2620,8,3-1,1390,6,1-3-5,410,1,1-3,400,1,,,,,,,
20251223,浜名湖,5,一般,晴,南,1,1,2,1,3619,長谷川 充,62,40,6.60,1,0.16,1.49.0,3-1-5,2620,8,3-1,1390,6,1-3-5,410,1,1-3,400,1,,,,,,,
20251223,浜名湖,5,一般,晴,南,1,1,3,5,4483,北 野 輝 季,14,43,6.64,5,0.15,1.51.1,3-1-5,2620,8,3-1,1390,6,1-3-5,410,1,1-3,400,1,,,,,,,
20251223,浜名湖,5,一般,晴,南,1,1,4,4,3654,武 田 光 史,15,12,6.67,4,0.13,1.52.2,3-1-5,2620,8,3-1,1390,6,1-3-5,410,1,1-3,400,1,,,,,,,
20251223,浜名湖,5,一般,晴,南,1,1,5,2,4270,岸 本 雄 貴,66,49,6.62,2,0.16,,3-1-5,2620,8,3-1,1390,6,1-3-5,410,1,1-3,400,1,,,,,,,
20251223,浜名湖,5,一般,晴,南,1,1,6,6,5355,萩 原 丈太朗,16,31,6.68,6,0.15,,3-1-5,2620,8,3-1,1390,6,1-3-5,410,1,1-3,400,1,,,,,,,
20251223,浜名湖,6,ランチタイム,晴,東,1,0,1,1,4516,野 口 勝 弘,50,47,6.60,1,0.12,1.49.2,1-2-5,830,3,1-2,270,1,1-2-5,480,2,1-2,230,1,,,,,,,
20251223,浜名湖,6,ランチタイム,晴,東,1,0,2,2,5140,吉 田 彩 乃,34,20,6.57,2,0.15,1.50.4,1-2-5,830,3,1-2,270,1,1-2-5,480,2,1-2,230,1,,,,,,,
20251223,浜名湖,6,ランチタイム,晴,東,1,0,3,5,4785,木 幡 純 也,54,28,6.69,5,0.05,1.51.7,1-2-5,830,3,1-2,270,1,1-2-5,480,2,1-2,230,1,,,,,,,
20251223,浜名湖,6,ランチタイム,晴,東,1,0,4,3,4232,笠 雅 雄,65,41,6.63,3,0.19,1.52.7,1-2-5,830,3,1-2,270,1,1-2-5,480,2,1-2,230,1,,,,,,,
20251223,浜名湖,6,ランチタイム,晴,東,1,0,5,4,5320,岩 崎 麗 子,1,16,6.63,4,0.04,,1-2-5,830,3,1-2,270,1,1-2-5,480,2,1-2,230,1,,,,,,,
20251223,浜名湖,6,ランチタイム,晴,東,1,0,6,6,3642,大 塚 浩 二,26,14,6.67,6,0.08,,1-2-5,830,3,1-2,270,1,1-2-5,480,2,1-2,230,1,,,,,,,
20251223,浜名湖,7,一般,晴,東,1,1,1,3,4049,荒 川 健 太,27,45,6.55,2,0.19,1.48.9,3-1-6,1700,5,3-1,990,7,1-3-6,240,1,1-3,410,3,,,,,,,
20251223,浜名湖,7,一般,晴,東,1,1,2,1,4209,藤 田 竜 弘,46,22,6.68,1,0.16,1.50.4,3-1-6,1700,5,3-1,990,7,1-3-6,240,1,1-3,410,3,,,,,,,
20251223,浜名湖,7,一般,晴,東,1,1,3,6,3743,林 美 憲,49,72,6.58,3,0.14,1.51.4,3-1-6,1700,5,3-1,990,7,1-3-6,240,1,1-3,410,3,,,,,,,
20251223,浜名湖,7,一般,晴,東,1,1,4,5,4954,内 山 峻 輔,47,71,6.65,6,0.23,1.52.6,3-1-6,1700,5,3-1,990,7,1-3-6,240,1,1-3,410,3,,,,,,,
20251223,浜名湖,7,一般,晴,東,1,1,5,4,5177,松 井 貫 太,5,56,6.65,5,0.24,,3-1-6,1700,5,3-1,990,7,1-3-6,240,1,1-3,410,3,,,,,,,
20251223,浜名湖,7,一般,晴,東,1,1,6,2,3577,向 所 浩 二,13,63,6.67,4,0.17,,3-1-6,1700,5,3-1,990,7,1-3-6,240,1,1-3,410,3,,,,,,,
20251223,浜名湖,8,一般,晴,東,1,0,1,1,4336,松 田 竜 馬,57,65,6.73,1,0.09,1.49.5,1-3-4,1360,5,1-3,470,3,1-3-4,440,2,1-3,420,3,,,,,,,
20251223,浜名湖,8,一般,晴,東,1,0,2,3,4457,神 田 達 也,64,27,6.80,3,0.08,1.51.0,1-3-4,1360,5,1-3,470,3,1-3-4,440,2,1-3,420,3,,,,,,,
20251223,浜名湖,8,一般,晴,東,1,0,3,4,4215,吉 島 祥 之,33,48,6.69,4,0.08,1.52.3,1-3-4,1360,5,1-3,470,3,1-3-4,440,2,1-3,420,3,,,,,,,
20251223,浜名湖,8,一般,晴,東,1,0,4,2,4889,後 藤 盛 也,35,37,6.65,2,0.06,1.54.0,1-3-4,1360,5,1-3,470,3,1-3-4,440,2,1-3,420,3,,,,,,,
20251223,浜名湖,8,一般,晴,東,1,0,5,6,5388,佐 野 優 都,25,67,6.71,6,0.15,,1-3-4,1360,5,1-3,470,3,1-3-4,440,2,1-3,420,3,,,,,,,
20251223,浜名湖,8,一般,晴,東,1,0,6,5,4421,森 作 広 大,61,36,6.64,5,0.11,,1-3-4,1360,5,1-3,470,3,1-3-4,440,2,1-3,420,3,,,,,,,
20251223,浜名湖,9,一般,晴,北東,1,0,1,1,4151,下 河 誉 史,20,68,6.60,1,0.13,1.49.3,1-5-2,4440,16,1-5,1570,6,1-2-5,1140,4,1-5,1440,7,,,,,,,
20251223,浜名湖,9,一般,晴,北東,1,0,2,5,4569,中 澤 宏 奈,2,25,6.70,5,0.19,1.50.6,1-5-2,4440,16,1-5,1570,6,1-2-5,1140,4,1-5,1440,7,,,,,,,
20251223,浜名湖,9,一般,晴,北東,1,0,3,2,3690,河 合 三 弘,58,38,6.74,2,0.20,1.52.2,1-5-2,4440,16,1-5,1570,6,1-2-5,1140,4,1-5,1440,7,,,,,,,
20251223,浜名湖,9,一般,晴,北東,1,0,4,6,5334,樫 葉 新 心,21,30,6.67,6,0.19,1.53.2,1-5-2,4440,16,1-5,1570,6,1-2-5,1140,4,1-5,1440,7,,,,,,,
20251223,浜名湖,9,一般,晴,北東,1,0,5,3,5355,萩 原 丈太朗,16,31,6.65,3,0.13,,1-5-2,4440,16,1-5,1570,6,1-2-5,1140,4,1-5,1440,7,,,,,,,
20251223,浜名湖,9,一般,晴,北東,1,0,6,4,4631,新 井 英 孝,23,60,6.70,4,0.25,,1-5-2,4440,16,1-5,1570,6,1-2-5,1140,4,1-5,1440,7,,,,,,,
20251223,浜名湖,10,準優勝戦,晴,東,1,0,1,1,4809,外 崎 悟,28,59,6.63,1,0.03,1.48.6,1-4-2,1260,5,1-4,510,2,1-2-4,390,1,1-4,300,2,,,,,,,
20251223,浜名湖,10,準優勝戦,晴,東,1,0,2,4,4985,井 本 昌 也,9,57,6.78,4,0.10,1.49.4,1-4-2,1260,5,1-4,510,2,1-2-4,390,1,1-4,300,2,,,,,,,
20251223,浜名湖,10,準優勝戦,晴,東,1,0,3,2,4430,永 田 秀 二,44,64,6.70,2,0.08,1.50.8,1-4-2,1260,5,1-4,510,2,1-2-4,390,1,1-4,300,2,,,,,,,
20251223,浜名湖,10,準優勝戦,晴,東,1,0,4,6,5140,吉 田 彩 乃,34,20,6.66,6,0.12,1.52.9,1-4-2,1260,5,1-4,510,2,1-2-4,390,1,1-4,300,2,,,,,,,
20251223,浜名湖,10,準優勝戦,晴,東,1,0,5,5,5161,登 玉 隼 百,41,52,6.65,5,0.08,,1-4-2,1260,5,1-4,510,2,1-2-4,390,1,1-4,300,2,,,,,,,
20251223,浜名湖,10,準優勝戦,晴,東,1,0,6,3,3654,武 田 光 史,15,12,6.74,3,0.11,,1-4-2,1260,5,1-4,510,2,1-2-4,390,1,1-4,300,2,,,,,,,
20251223,浜名湖,11,準優勝戦,晴,東,1,0,1,1,3792,田 中 豪,32,70,6.62,1,0.08,1.49.6,1-3-2,1660,5,1-3,1030,5,1-2-3,670,3,1-3,1070,4,,,,,,,
20251223,浜名湖,11,準優勝戦,晴,東,1,0,2,3,3627,井 上 恵 一,10,55,6.61,3,0.09,1.50.5,1-3-2,1660,5,1-3,1030,5,1-2-3,670,3,1-3,1070,4,,,,,,,
20251223,浜名湖,11,準優勝戦,晴,東,1,0,3,2,4483,北 野 輝 季,14,43,6.69,2,0.11,1.51.6,1-3-2,1660,5,1-3,1030,5,1-2-3,670,3,1-3,1070,4,,,,,,,
20251223,浜名湖,11,準優勝戦,晴,東,1,0,4,4,4049,荒 川 健 太,27,45,6.61,4,0.13,1.52.4,1-3-2,1660,5,1-3,1030,5,1-2-3,670,3,1-3,1070,4,,,,,,,
20251223,浜名湖,11,準優勝戦,晴,東,1,0,5,6,4516,野 口 勝 弘,50,47,6.66,6,0.20,,1-3-2,1660,5,1-3,1030,5,1-2-3,670,3,1-3,1070,4,,,,,,,
20251223,浜名湖,11,準優勝戦,晴,東,1,0,6,5,5137,川 原 涼,38,39,6.55,5,0.16,,1-3-2,1660,5,1-3,1030,5,1-2-3,670,3,1-3,1070,4,,,,,,,
20251223,浜名湖,12,準優勝戦,晴,東,1,0,1,1,3743,林 美 憲,49,72,6.58,1,0.11,1.48.7,1-2-3,490,1,1-2,250,1,1-2-3,230,1,1-2,270,2,,,,,,,
20251223,浜名湖,12,準優勝戦,晴,東,1,0,2,2,4239,竹 田 辰 也,53,58,6.64,2,0.16,1.49.6,1-2-3,490,1,1-2,250,1,1-2-3,230,1,1-2,270,2,,,,,,,
20251223,浜名湖,12,準優勝戦,晴,東,1,0,3,3,3952,中 澤 和 志,29,32,6.68,3,0.16,1.51.3,1-2-3,490,1,1-2,250,1,1-2-3,230,1,1-2,270,2,,,,,,,
20251223,浜名湖,12,準優勝戦,晴,東,1,0,4,5,4209,藤 田 竜 弘,46,22,6.70,5,0.20,1.53.0,1-2-3,490,1,1-2,250,1,1-2-3,230,1,1-2,270,2,,,,,,,
20251223,浜名湖,12,準優勝戦,晴,東,1,0,5,6,4336,松 田 竜 馬,57,65,6.72,6,0.19,,1-2-3,490,1,1-2,250,1,1-2-3,230,1,1-2,270,2,,,,,,,
20251223,浜名湖,12,準優勝戦,晴,東,1,0,6,4,4689,豊 田 結,30,61,6.62,4,0.20,,1-2-3,490,1,1-2,250,1,1-2-3,230,1,1-2,270,2,,,,,,,
20251223,芦屋,1,サンライズＶ,晴,南,1,1,1,4,5234,塚 越 海 斗,4,122,6.73,4,0.08,1.57.6,4-5-1,4030,14,4-5,2550,7,1-4-5,250,1,4-5,1180,5,,,,,,,
20251223,芦屋,1,サンライズＶ,晴,南,1,1,2,5,5313,鈴 木 唯 央,40,137,6.68,5,0.07,1.59.4,4-5-1,4030,14,4-5,2550,7,1-4-5,250,1,4-5,1180,5,,,,,,,
20251223,芦屋,1,サンライズＶ,晴,南,1,1,3,1,5220,青 木 蓮,24,165,6.72,1,0.21,2.06.6,4-5-1,4030,14,4-5,2550,7,1-4-5,250,1,4-5,1180,5,,,,,,,
20251223,芦屋,1,サンライズＶ,晴,南,1,1,4,6,5384,八 戸 琉 楓,51,136,6.78,6,0.16,2.09.0,4-5-1,4030,14,4-5,2550,7,1-4-5,250,1,4-5,1180,5,,,,,,,
20251223,芦屋,1,サンライズＶ,晴,南,1,1,5,3,5293,眞 崎 武 蔵,27,167,6.70,3,0.19,,4-5-1,4030,14,4-5,2550,7,1-4-5,250,1,4-5,1180,5,,,,,,,
20251223,芦屋,1,サンライズＶ,晴,南,1,1,S0,2,5398,鐘ヶ江 真 司,7,130,6.77,2,0.25,,4-5-1,4030,14,4-5,2550,7,1-4-5,250,1,4-5,1180,5,,,,,,,
20251223,芦屋,2,サンライズＷ,晴,東,1,1,1,4,5141,大 澤 風 葵,2,129,6.65,3,0.12,1.50.6,4-2-3,11600,32,4-2,1760,6,2-3-4,3230,9,2-4,1620,6,,,,,,,
20251223,芦屋,2,サンライズＷ,晴,東,1,1,2,2,5350,網 代 良 芽,52,146,6.66,4,0.14,1.54.2,4-2-3,11600,32,4-2,1760,6,2-3-4,3230,9,2-4,1620,6,,,,,,,
20251223,芦屋,2,サンライズＷ,晴,東,1,1,3,3,5243,三 馬 崇 史,53,132,6.77,2,0.18,1.57.9,4-2-3,11600,32,4-2,1760,6,2-3-4,3230,9,2-4,1620,6,,,,,,,
20251223,芦屋,2,サンライズＷ,晴,東,1,1,4,5,5207,高 山 敬 悟,3,133,6.73,5,0.13,1.59.7,4-2-3,11600,32,4-2,1760,6,2-3-4,3230,9,2-4,1620,6,,,,,,,
20251223,芦屋,2,サンライズＷ,晴,東,1,1,5,1,5114,小 林 孝 彰,55,159,6.67,1,0.17,,4-2-3,11600,32,4-2,1760,6,2-3-4,3230,9,2-4,1620,6,,,,,,,
20251223,芦屋,2,サンライズＷ,晴,東,1,1,S0,6,5369,岡 崎 凪 汰,57,123,6.69,6,0.20,,4-2-3,11600,32,4-2,1760,6,2-3-4,3230,9,2-4,1620,6,,,,,,,
20251223,芦屋,3,サンライズＸ,晴,南,1,1,1,1,5228,若 林 樹 蘭,21,112,6.68,1,0.12,1.46.3,1-3-5,670,2,1-3,240,1,1-3-5,350,2,1-3,220,1,,,,,,,
20251223,芦屋,3,サンライズＸ,晴,南,1,1,2,3,4910,中 村 泰 平,34,113,6.74,3,0.15,1.48.5,1-3-5,670,2,1-3,240,1,1-3-5,350,2,1-3,220,1,,,,,,,
20251223,芦屋,3,サンライズＸ,晴,南,1,1,3,5,5229,吉 川 晴 人,43,114,6.72,5,0.09,1.50.9,1-3-5,670,2,1-3,240,1,1-3-5,350,2,1-3,220,1,,,,,,,
20251223,芦屋,3,サンライズＸ,晴,南,1,1,4,4,5274,城 間 盛 渚,38,126,6.76,4,0.17,1.51.0,1-3-5,670,2,1-3,240,1,1-3-5,350,2,1-3,220,1,,,,,,,
20251223,芦屋,3,サンライズＸ,晴,南,1,1,5,2,5092,篠 原 晟 弥,31,161,6.74,2,0.11,,1-3-5,670,2,1-3,240,1,1-3-5,350,2,1-3,220,1,,,,,,,
20251223,芦屋,3,サンライズＸ,晴,南,1,1,6,6,5247,大 森 翼,25,111,6.74,6,0.17,,1-3-5,670,2,1-3,240,1,1-3-5,350,2,1-3,220,1,,,,,,,
20251223,芦屋,4,サンライズＹ 進入固定,晴,南,1,1,1,5,5107,松 本 真 広,8,158,6.60,5,0.09,1.47.8,5-1-3,5720,27,5-1,1230,5,1-3-5,770,4,1-5,400,1,,,,,,,
20251223,芦屋,4,サンライズＹ 進入固定,晴,南,1,1,2,1,5034,若 林 義 人,5,117,6.74,1,0.10,1.49.1,5-1-3,5720,27,5-1,1230,5,1-3-5,770,4,1-5,400,1,,,,,,,
20251223,芦屋,4,サンライズＹ 進入固定,晴,南,1,1,3,3,5083,柳 瀬 幹 太,41,124,6.78,3,0.16,1.50.4,5-1-3,5720,27,5-1,1230,5,1-3-5,770,4,1-5,400,1,,,,,,,
20251223,芦屋,4,サンライズＹ 進入固定,晴,南,1,1,4,2,5170,佐 藤 太 亮,12,166,6.74,2,0.16,1.51.6,5-1-3,5720,27,5-1,1230,5,1-3-5,770,4,1-5,400,1,,,,,,,
20251223,芦屋,4,サンライズＹ 進入固定,晴,南,1,1,5,6,5237,永 松 良 教,45,142,6.68,6,0.09,,5-1-3,5720,27,5-1,1230,5,1-3-5,770,4,1-5,400,1,,,,,,,
20251223,芦屋,4,サンライズＹ 進入固定,晴,南,1,1,6,4,5147,田 中 勇 輔,39,134,6.69,4,0.17,,5-1-3,5720,27,5-1,1230,5,1-3-5,770,4,1-5,400,1,,,,,,,
20251223,芦屋,5,サンライズＺ,晴,南,2,2,1,1,5278,田 中 駿 兵,42,141,6.74,1,0.01,1.47.2,1-4-3,670,2,1-4,370,2,1-3-4,230,1,1-4,300,2,,,,,,,
20251223,芦屋,5,サンライズＺ,晴,南,2,2,2,4,5356,長谷川 暖,18,127,6.72,4,0.14,1.48.2,1-4-3,670,2,1-4,370,2,1-3-4,230,1,1-4,300,2,,,,,,,
20251223,芦屋,5,サンライズＺ,晴,南,2,2,3,3,5139,大 場 恒 季,50,169,6.78,3,0.07,1.49.7,1-4-3,670,2,1-4,370,2,1-3-4,230,1,1-4,300,2,,,,,,,
20251223,芦屋,5,サンライズＺ,晴,南,2,2,4,2,5249,三 木 晴 斗,20,153,6.74,2,0.07,1.51.2,1-4-3,670,2,1-4,370,2,1-3-4,230,1,1-4,300,2,,,,,,,
20251223,芦屋,5,サンライズＺ,晴,南,2,2,5,6,5303,土 井 歩 夢,36,128,6.90,5,0.18,,1-4-3,670,2,1-4,370,2,1-3-4,230,1,1-4,300,2,,,,,,,
20251223,芦屋,5,サンライズＺ,晴,南,2,2,6,5,5384,八 戸 琉 楓,51,136,6.75,6,0.18,,1-4-3,670,2,1-4,370,2,1-3-4,230,1,1-4,300,2,,,,,,,
20251223,芦屋,6,一般,晴,南,1,1,1,3,5158,宮 脇 遼 太,15,120,6.67,3,0.15,1.47.7,3-4-2,6830,25,3-4,1210,4,2-3-4,1790,9,3-4,590,3,,,,,,,
20251223,芦屋,6,一般,晴,南,1,1,2,4,5210,藤 井 公 人,49,155,6.76,4,0.13,1.48.9,3-4-2,6830,25,3-4,1210,4,2-3-4,1790,9,3-4,590,3,,,,,,,
20251223,芦屋,6,一般,晴,南,1,1,3,2,5154,村 松 栄 太,30,152,6.68,2,0.20,1.50.6,3-4-2,6830,25,3-4,1210,4,2-3-4,1790,9,3-4,590,3,,,,,,,
20251223,芦屋,6,一般,晴,南,1,1,4,1,5243,三 馬 崇 史,53,132,6.72,1,0.16,1.51.1,3-4-2,6830,25,3-4,1210,4,2-3-4,1790,9,3-4,590,3,,,,,,,
20251223,芦屋,6,一般,晴,南,1,1,5,6,5114,小 林 孝 彰,55,159,6.67,6,0.21,,3-4-2,6830,25,3-4,1210,4,2-3-4,1790,9,3-4,590,3,,,,,,,
20251223,芦屋,6,一般,晴,南,1,1,6,5,5234,塚 越 海 斗,4,122,6.74,5,0.21,,3-4-2,6830,25,3-4,1210,4,2-3-4,1790,9,3-4,590,3,,,,,,,
20251223,芦屋,7,一般 進入固定,晴,東,1,1,1,1,5207,高 山 敬 悟,3,133,6.68,1,0.18,1.47.5,1-5-2,3010,9,1-5,830,3,1-2-5,790,4,1-5,520,2,,,,,,,
20251223,芦屋,7,一般 進入固定,晴,東,1,1,2,5,5350,網 代 良 芽,52,146,6.66,5,0.25,1.49.0,1-5-2,3010,9,1-5,830,3,1-2-5,790,4,1-5,520,2,,,,,,,
20251223,芦屋,7,一般 進入固定,晴,東,1,1,3,2,5181,森 智 哉,23,156,6.70,2,0.21,1.50.7,1-5-2,3010,9,1-5,830,3,1-2-5,790,4,1-5,520,2,,,,,,,
20251223,芦屋,7,一般 進入固定,晴,東,1,1,4,3,5105,富 田 恕 生,1,125,6.67,3,0.18,1.52.4,1-5-2,3010,9,1-5,830,3,1-2-5,790,4,1-5,520,2,,,,,,,
20251223,芦屋,7,一般 進入固定,晴,東,1,1,5,4,5133,堀 越 雄 貴,16,143,6.70,4,0.35,,1-5-2,3010,9,1-5,830,3,1-2-5,790,4,1-5,520,2,,,,,,,
20251223,芦屋,7,一般 進入固定,晴,東,1,1,6,6,5085,中 村 栄 治,47,139,6.73,6,0.38,,1-5-2,3010,9,1-5,830,3,1-2-5,790,4,1-5,520,2,,,,,,,
20251223,芦屋,8,一般,晴,東,2,2,1,2,4910,中 村 泰 平,34,113,6.70,2,0.13,1.47.8,2-1-4,1620,3,2-1,690,3,1-2-4,250,1,1-2,410,2,,,,,,,
20251223,芦屋,8,一般,晴,東,2,2,2,1,5147,田 中 勇 輔,39,134,6.74,1,0.11,1.48.9,2-1-4,1620,3,2-1,690,3,1-2-4,250,1,1-2,410,2,,,,,,,
20251223,芦屋,8,一般,晴,東,2,2,3,4,5107,松 本 真 広,8,158,6.61,3,0.26,1.50.7,2-1-4,1620,3,2-1,690,3,1-2-4,250,1,1-2,410,2,,,,,,,
20251223,芦屋,8,一般,晴,東,2,2,4,3,5274,城 間 盛 渚,38,126,6.73,4,0.29,1.50.9,2-1-4,1620,3,2-1,690,3,1-2-4,250,1,1-2,410,2,,,,,,,
20251223,芦屋,8,一般,晴,東,2,2,5,6,5398,鐘ヶ江 真 司,7,130,6.71,6,0.19,,2-1-4,1620,3,2-1,690,3,1-2-4,250,1,1-2,410,2,,,,,,,
20251223,芦屋,8,一般,晴,東,2,2,6,5,5293,眞 崎 武 蔵,27,167,6.71,5,0.27,,2-1-4,1620,3,2-1,690,3,1-2-4,250,1,1-2,410,2,,,,,,,
20251223,芦屋,9,アシ夢特選,晴,東,1,1,1,1,5141,大 澤 風 葵,2,129,6.66,1,0.10,1.58.5,1-4-3,1750,8,1-4,470,2,1-3-4,740,4,1-4,550,4,,,,,,,
20251223,芦屋,9,アシ夢特選,晴,東,1,1,2,4,5083,柳 瀬 幹 太,41,124,6.77,3,0.17,2.02.8,1-4-3,1750,8,1-4,470,2,1-3-4,740,4,1-4,550,4,,,,,,,
20251223,芦屋,9,アシ夢特選,晴,東,1,1,3,3,5249,三 木 晴 斗,20,153,6.70,4,0.09,2.04.4,1-4-3,1750,8,1-4,470,2,1-3-4,740,4,1-4,550,4,,,,,,,
20251223,芦屋,9,アシ夢特選,晴,東,1,1,4,6,5313,鈴 木 唯 央,40,137,6.62,6,0.18,2.08.3,1-4-3,1750,8,1-4,470,2,1-3-4,740,4,1-4,550,4,,,,,,,
20251223,芦屋,9,アシ夢特選,晴,東,1,1,5,2,5369,岡 崎 凪 汰,57,123,6.70,2,0.15,,1-4-3,1750,8,1-4,470,2,1-3-4,740,4,1-4,550,4,,,,,,,
20251223,芦屋,9,アシ夢特選,晴,東,1,1,S1,5,5356,長谷川 暖,18,127,6.72,5,0.13,,1-4-3,1750,8,1-4,470,2,1-3-4,740,4,1-4,550,4,,,,,,,
20251223,芦屋,10,選抜戦,晴,南,1,1,1,1,5139,大 場 恒 季,50,169,6.74,1,0.12,1.47.0,1-4-3,1820,7,1-4,550,2,1-3-4,700,3,1-4,420,3,,,,,,,
20251223,芦屋,10,選抜戦,晴,南,1,1,2,4,5220,青 木 蓮,24,165,6.76,4,0.11,1.50.0,1-4-3,1820,7,1-4,550,2,1-3-4,700,3,1-4,420,3,,,,,,,
20251223,芦屋,10,選抜戦,晴,南,1,1,3,3,5210,藤 井 公 人,49,155,6.82,3,0.14,1.50.9,1-4-3,1820,7,1-4,550,2,1-3-4,700,3,1-4,420,3,,,,,,,
20251223,芦屋,10,選抜戦,晴,南,1,1,4,2,5228,若 林 樹 蘭,21,112,6.73,2,0.17,1.52.0,1-4-3,1820,7,1-4,550,2,1-3-4,700,3,1-4,420,3,,,,,,,
20251223,芦屋,10,選抜戦,晴,南,1,1,5,5,5154,村 松 栄 太,30,152,6.71,5,0.10,,1-4-3,1820,7,1-4,550,2,1-3-4,700,3,1-4,420,3,,,,,,,
20251223,芦屋,10,選抜戦,晴,南,1,1,6,6,5170,佐 藤 太 亮,12,166,6.72,6,0.12,,1-4-3,1820,7,1-4,550,2,1-3-4,700,3,1-4,420,3,,,,,,,
20251223,芦屋,11,選抜戦,晴,東,2,2,1,3,5034,若 林 義 人,5,117,6.71,3,0.15,1.47.4,3-4-6,17120,42,3-4,2490,7,3-4-6,6650,16,3-4,1070,5,,,,,,,
20251223,芦屋,11,選抜戦,晴,東,2,2,2,4,5278,田 中 駿 兵,42,141,6.69,4,0.03,1.48.2,3-4-6,17120,42,3-4,2490,7,3-4-6,6650,16,3-4,1070,5,,,,,,,
20251223,芦屋,11,選抜戦,晴,東,2,2,3,6,5181,森 智 哉,23,156,6.69,6,0.13,1.49.3,3-4-6,17120,42,3-4,2490,7,3-4-6,6650,16,3-4,1070,5,,,,,,,
20251223,芦屋,11,選抜戦,晴,東,2,2,4,5,5158,宮 脇 遼 太,15,120,6.68,5,0.12,1.49.6,3-4-6,17120,42,3-4,2490,7,3-4-6,6650,16,3-4,1070,5,,,,,,,
20251223,芦屋,11,選抜戦,晴,東,2,2,5,2,5105,富 田 恕 生,1,125,6.77,2,0.17,,3-4-6,17120,42,3-4,2490,7,3-4-6,6650,16,3-4,1070,5,,,,,,,
20251223,芦屋,11,選抜戦,晴,東,2,2,6,1,5092,篠 原 晟 弥,31,161,6.76,1,0.08,,3-4-6,17120,42,3-4,2490,7,3-4-6,6650,16,3-4,1070,5,,,,,,,
20251223,芦屋,12,優勝戦,晴,東,2,2,1,4,5256,中 山 翔 太,35,154,6.69,4,0.11,1.47.2,4-3-2,30630,60,4-3,4650,11,2-3-4,2850,10,3-4,1560,6,,,,,,,
20251223,芦屋,12,優勝戦,晴,東,2,2,2,3,4980,佐々木 完 太,37,150,6.72,3,0.21,1.49.0,4-3-2,30630,60,4-3,4650,11,2-3-4,2850,10,3-4,1560,6,,,,,,,
20251223,芦屋,12,優勝戦,晴,東,2,2,3,2,5126,山 下 大 輝,14,163,6.73,2,0.17,1.50.1,4-3-2,30630,60,4-3,4650,11,2-3-4,2850,10,3-4,1560,6,,,,,,,
20251223,芦屋,12,優勝戦,晴,東,2,2,4,1,5058,前 原 大 道,48,138,6.71,1,0.21,1.51.2,4-3-2,30630,60,4-3,4650,11,2-3-4,2850,10,3-4,1560,6,,,,,,,
20251223,芦屋,12,優勝戦,晴,東,2,2,5,6,5255,藤 原 仙 二,19,145,6.74,6,0.24,,4-3-2,30630,60,4-3,4650,11,2-3-4,2850,10,3-4,1560,6,,,,,,,
20251223,芦屋,12,優勝戦,晴,東,2,2,6,5,5226,藤 田 俊 祐,10,162,6.74,5,0.30,,4-3-2,30630,60,4-3,4650,11,2-3-4,2850,10,3-4,1560,6,,,,,,,
20251223,若松,1,予選☆,晴,東,5,5,1,1,5299,西 丸 敦 基,16,25,7.07,1,0.19,1.52.3,1-2-4,1190,1,1-2,410,2,1-2-4,550,2,1-2,280,1,,,,,,,
20251223,若松,1,予選☆,晴,東,5,5,2,2,5308,藤 森 拓 海,1,63,7.04,2,0.13,1.53.2,1-2-4,1190,1,1-2,410,2,1-2-4,550,2,1-2,280,1,,,,,,,
20251223,若松,1,予選☆,晴,東,5,5,3,4,5348,小 林 甘 寧,31,23,6.93,4,0.15,1.54.8,1-2-4,1190,1,1-2,410,2,1-2-4,550,2,1-2,280,1,,,,,,,
20251223,若松,1,予選☆,晴,東,5,5,4,5,2538,高 橋 二 朗,48,46,7.01,5,0.31,1.56.3,1-2-4,1190,1,1-2,410,2,1-2-4,550,2,1-2,280,1,,,,,,,
20251223,若松,1,予選☆,晴,東,5,5,5,3,4253,西 川 真 人,45,65,7.07,3,0.14,,1-2-4,1190,1,1-2,410,2,1-2-4,550,2,1-2,280,1,,,,,,,
20251223,若松,1,予選☆,晴,東,5,5,6,6,4106,坂 井 康 嗣,37,48,7.04,6,0.15,,1-2-4,1190,1,1-2,410,2,1-2-4,550,2,1-2,280,1,,,,,,,
20251223,若松,2,予選☆,晴,東,5,5,1,5,4360,庄 司 孝 輔,34,67,6.92,4,0.12,1.51.2,5-2-1,7710,28,5-2,2980,11,1-2-5,710,3,2-5,1680,8,,,,,,,
20251223,若松,2,予選☆,晴,東,5,5,2,2,4346,前 田 健太郎,55,45,7.05,2,0.18,1.53.1,5-2-1,7710,28,5-2,2980,11,1-2-5,710,3,2-5,1680,8,,,,,,,
20251223,若松,2,予選☆,晴,東,5,5,3,1,3964,宮 地 博 士,5,66,6.89,1,0.10,1.53.6,5-2-1,7710,28,5-2,2980,11,1-2-5,710,3,2-5,1680,8,,,,,,,
20251223,若松,2,予選☆,晴,東,5,5,4,3,4150,山 田 雄 太,38,42,6.99,3,0.14,1.55.3,5-2-1,7710,28,5-2,2980,11,1-2-5,710,3,2-5,1680,8,,,,,,,
20251223,若松,2,予選☆,晴,東,5,5,5,6,3615,横 田 茂,62,35,7.03,5,0.09,,5-2-1,7710,28,5-2,2980,11,1-2-5,710,3,2-5,1680,8,,,,,,,
20251223,若松,2,予選☆,晴,東,5,5,6,4,5426,甲 斐 貴 大,27,40,7.03,6,0.07,,5-2-1,7710,28,5-2,2980,11,1-2-5,710,3,2-5,1680,8,,,,,,,
20251223,若松,3,予選☆,晴,東,5,5,1,4,4579,中 嶋 健一郎,14,28,7.07,4,0.14,1.51.5,4-5-6,1570,1,4-5,720,2,4-5-6,620,2,4-5,450,2,,,,,,,
20251223,若松,3,予選☆,晴,東,5,5,2,5,4977,馬 野 耀,28,52,7.04,5,0.21,1.52.8,4-5-6,1570,1,4-5,720,2,4-5-6,620,2,4-5,450,2,,,,,,,
20251223,若松,3,予選☆,晴,東,5,5,3,6,4618,乃 村 康 友,32,37,7.02,6,0.19,1.53.6,4-5-6,1570,1,4-5,720,2,4-5-6,620,2,4-5,450,2,,,,,,,
20251223,若松,3,予選☆,晴,東,5,5,4,1,4724,吉 田 祐 貴,59,59,7.00,1,0.22,1.54.0,4-5-6,1570,1,4-5,720,2,4-5-6,620,2,4-5,450,2,,,,,,,
20251223,若松,3,予選☆,晴,東,5,5,5,3,3880,浅 見 宗 孝,26,30,7.04,3,0.16,,4-5-6,1570,1,4-5,720,2,4-5-6,620,2,4-5,450,2,,,,,,,
20251223,若松,3,予選☆,晴,東,5,5,6,2,5309,森 雄 利,13,13,6.96,2,0.23,,4-5-6,1570,1,4-5,720,2,4-5-6,620,2,4-5,450,2,,,,,,,
20251223,若松,4,予選☆,晴,東,5,5,1,2,4467,渡 邉 俊 介,46,38,7.04,2,0.12,1.51.0,2-1-4,1510,5,2-1,830,3,1-2-4,250,1,1-2,370,2,,,,,,,
20251223,若松,4,予選☆,晴,東,5,5,2,1,3637,齋 藤 和 政,20,12,7.06,1,0.16,1.52.8,2-1-4,1510,5,2-1,830,3,1-2-4,250,1,1-2,370,2,,,,,,,
20251223,若松,4,予選☆,晴,東,5,5,3,4,5051,松 本 純 平,42,31,6.98,4,0.21,1.53.5,2-1-4,1510,5,2-1,830,3,1-2-4,250,1,1-2,370,2,,,,,,,
20251223,若松,4,予選☆,晴,東,5,5,4,6,3566,川 添 英 正,53,16,7.00,6,0.34,1.55.0,2-1-4,1510,5,2-1,830,3,1-2-4,250,1,1-2,370,2,,,,,,,
20251223,若松,4,予選☆,晴,東,5,5,5,3,3660,長谷川 親 王,18,58,7.06,3,0.18,,2-1-4,1510,5,2-1,830,3,1-2-4,250,1,1-2,370,2,,,,,,,
20251223,若松,4,予選☆,晴,東,5,5,6,5,3910,松 下 知 幸,56,68,7.06,5,0.26,,2-1-4,1510,5,2-1,830,3,1-2-4,250,1,1-2,370,2,,,,,,,
20251223,若松,5,進入固定戦隊 進入固定,晴,東,5,5,1,1,4659,木 下 翔 太,8,74,7.09,1,0.23,1.51.5,1-3-4,2840,9,1-3,570,3,1-3-4,1570,5,1-3,360,2,,,,,,,
20251223,若松,5,進入固定戦隊 進入固定,晴,東,5,5,2,3,4111,奥 田 誠,10,44,7.10,3,0.21,1.52.9,1-3-4,2840,9,1-3,570,3,1-3-4,1570,5,1-3,360,2,,,,,,,
20251223,若松,5,進入固定戦隊 進入固定,晴,東,5,5,3,4,4521,小 池 公 生,17,56,7.04,4,0.24,1.53.5,1-3-4,2840,9,1-3,570,3,1-3-4,1570,5,1-3,360,2,,,,,,,
20251223,若松,5,進入固定戦隊 進入固定,晴,東,5,5,4,2,5002,上 田 健 太,12,60,7.01,2,0.19,1.54.7,1-3-4,2840,9,1-3,570,3,1-3-4,1570,5,1-3,360,2,,,,,,,
20251223,若松,5,進入固定戦隊 進入固定,晴,東,5,5,5,5,4440,萩 原 知 哉,40,24,7.00,5,0.21,,1-3-4,2840,9,1-3,570,3,1-3-4,1570,5,1-3,360,2,,,,,,,
20251223,若松,5,進入固定戦隊 進入固定,晴,東,5,5,6,6,5348,小 林 甘 寧,31,23,6.99,6,0.21,,1-3-4,2840,9,1-3,570,3,1-3-4,1570,5,1-3,360,2,,,,,,,
20251223,若松,6,予選☆,晴,北東,4,4,1,4,4983,前 田 篤 哉,29,27,6.97,4,0.24,1.50.5,4-1-3,1400,5,4-1,510,3,1-3-4,200,1,1-4,260,1,,,,,,,
20251223,若松,6,予選☆,晴,北東,4,4,2,1,4363,大 野 芳 顕,60,49,6.98,1,0.18,1.51.7,4-1-3,1400,5,4-1,510,3,1-3-4,200,1,1-4,260,1,,,,,,,
20251223,若松,6,予選☆,晴,北東,4,4,3,3,3606,川 北 浩 貴,4,69,7.01,3,0.21,1.53.5,4-1-3,1400,5,4-1,510,3,1-3-4,200,1,1-4,260,1,,,,,,,
20251223,若松,6,予選☆,晴,北東,4,4,4,5,4540,相 原 利 章,23,47,7.01,5,0.26,1.54.6,4-1-3,1400,5,4-1,510,3,1-3-4,200,1,1-4,260,1,,,,,,,
20251223,若松,6,予選☆,晴,北東,4,4,5,2,2538,高 橋 二 朗,48,46,7.04,2,0.25,,4-1-3,1400,5,4-1,510,3,1-3-4,200,1,1-4,260,1,,,,,,,
20251223,若松,6,予選☆,晴,北東,4,4,6,6,5426,甲 斐 貴 大,27,40,7.05,6,0.44,,4-1-3,1400,5,4-1,510,3,1-3-4,200,1,1-4,260,1,,,,,,,
20251223,若松,7,予選特賞☆,晴,北東,4,4,1,1,5093,浦 野 海,6,21,7.01,1,0.14,1.50.6,1-3-6,1100,4,1-3,260,1,1-3-6,480,2,1-3,170,1,,,,,,,
20251223,若松,7,予選特賞☆,晴,北東,4,4,2,3,4084,杉 山 正 樹,49,55,6.98,3,0.22,1.52.3,1-3-6,1100,4,1-3,260,1,1-3-6,480,2,1-3,170,1,,,,,,,
20251223,若松,7,予選特賞☆,晴,北東,4,4,3,6,4150,山 田 雄 太,38,42,7.01,6,0.17,1.54.1,1-3-6,1100,4,1-3,260,1,1-3-6,480,2,1-3,170,1,,,,,,,
20251223,若松,7,予選特賞☆,晴,北東,4,4,4,5,5309,森 雄 利,13,13,6.90,5,0.15,1.56.1,1-3-6,1100,4,1-3,260,1,1-3-6,480,2,1-3,170,1,,,,,,,
20251223,若松,7,予選特賞☆,晴,北東,4,4,5,4,3761,山 本 光 雄,11,39,6.95,4,0.31,,1-3-6,1100,4,1-3,260,1,1-3-6,480,2,1-3,170,1,,,,,,,
20251223,若松,7,予選特賞☆,晴,北東,4,4,6,2,4106,坂 井 康 嗣,37,48,7.03,2,0.35,,1-3-6,1100,4,1-3,260,1,1-3-6,480,2,1-3,170,1,,,,,,,
20251223,若松,8,エイトビート,晴,北東,5,5,1,1,4933,板 橋 侑 我,52,33,7.00,1,0.12,1.50.8,1-3-5,780,4,1-3,180,1,1-3-5,410,3,1-3,200,1,,,,,,,
20251223,若松,8,エイトビート,晴,北東,5,5,2,3,4228,吉 田 慎二郎,43,20,6.95,3,0.17,1.52.5,1-3-5,780,4,1-3,180,1,1-3-5,410,3,1-3,200,1,,,,,,,
20251223,若松,8,エイトビート,晴,北東,5,5,3,5,4271,川 崎 公 靖,39,73,6.98,5,0.16,1.54.3,1-3-5,780,4,1-3,180,1,1-3-5,410,3,1-3,200,1,,,,,,,
20251223,若松,8,エイトビート,晴,北東,5,5,4,2,3489,大 場 敏,24,41,7.04,2,0.18,1.55.6,1-3-5,780,4,1-3,180,1,1-3-5,410,3,1-3,200,1,,,,,,,
20251223,若松,8,エイトビート,晴,北東,5,5,5,4,3401,上 田 隆 章,15,26,7.06,4,0.25,,1-3-5,780,4,1-3,180,1,1-3-5,410,3,1-3,200,1,,,,,,,
20251223,若松,8,エイトビート,晴,北東,5,5,6,6,5407,中 岡 駿,41,34,6.99,6,0.17,,1-3-5,780,4,1-3,180,1,1-3-5,410,3,1-3,200,1,,,,,,,
20251223,若松,9,予選☆,晴,北東,4,4,1,1,4579,中 嶋 健一郎,14,28,7.03,1,0.09,1.51.0,1-4-3,500,1,1-4,320,1,1-3-4,200,1,1-4,140,1,,,,,,,
20251223,若松,9,予選☆,晴,北東,4,4,2,4,4168,石 野 貴 之,47,70,7.03,3,0.09,1.52.8,1-4-3,500,1,1-4,320,1,1-3-4,200,1,1-4,140,1,,,,,,,
20251223,若松,9,予選☆,晴,北東,4,4,3,3,4989,石 原 翼,44,14,6.97,4,0.11,1.53.7,1-4-3,500,1,1-4,320,1,1-3-4,200,1,1-4,140,1,,,,,,,
20251223,若松,9,予選☆,晴,北東,4,4,4,5,5299,西 丸 敦 基,16,25,7.06,5,0.09,1.53.9,1-4-3,500,1,1-4,320,1,1-3-4,200,1,1-4,140,1,,,,,,,
20251223,若松,9,予選☆,晴,北東,4,4,5,2,3910,松 下 知 幸,56,68,7.09,2,0.07,,1-4-3,500,1,1-4,320,1,1-3-4,200,1,1-4,140,1,,,,,,,
20251223,若松,9,予選☆,晴,北東,4,4,6,6,4111,奥 田 誠,10,44,7.09,6,0.14,,1-4-3,500,1,1-4,320,1,1-3-4,200,1,1-4,140,1,,,,,,,
20251223,若松,10,予選特賞☆,晴,北東,4,4,1,1,5051,松 本 純 平,42,31,6.93,1,0.16,1.50.5,1-3-4,540,2,1-3,330,2,1-3-4,190,1,1-3,290,2,,,,,,,
20251223,若松,10,予選特賞☆,晴,北東,4,4,2,3,4521,小 池 公 生,17,56,6.99,3,0.21,1.52.2,1-3-4,540,2,1-3,330,2,1-3-4,190,1,1-3,290,2,,,,,,,
20251223,若松,10,予選特賞☆,晴,北東,4,4,3,4,4363,大 野 芳 顕,60,49,6.97,4,0.18,1.53.7,1-3-4,540,2,1-3,330,2,1-3-4,190,1,1-3,290,2,,,,,,,
20251223,若松,10,予選特賞☆,晴,北東,4,4,4,6,3880,浅 見 宗 孝,26,30,7.00,6,0.26,1.54.9,1-3-4,540,2,1-3,330,2,1-3-4,190,1,1-3,290,2,,,,,,,
20251223,若松,10,予選特賞☆,晴,北東,4,4,5,5,4346,前 田 健太郎,55,45,7.11,5,0.18,,1-3-4,540,2,1-3,330,2,1-3-4,190,1,1-3,290,2,,,,,,,
20251223,若松,10,予選特賞☆,晴,北東,4,4,6,2,4253,西 川 真 人,45,71,7.09,2,0.20,,1-3-4,540,2,1-3,330,2,1-3-4,190,1,1-3,290,2,,,,,,,
20251223,若松,11,一般特選☆,晴,北東,4,4,1,4,4084,杉 山 正 樹,49,55,6.97,4,0.21,1.51.2,4-2-5,20660,45,4-2,5500,16,2-4-5,4750,10,2-4,3490,8,,,,,,,
20251223,若松,11,一般特選☆,晴,北東,4,4,2,2,4618,乃 村 康 友,32,37,7.02,2,0.17,1.52.3,4-2-5,20660,45,4-2,5500,16,2-4-5,4750,10,2-4,3490,8,,,,,,,
20251223,若松,11,一般特選☆,晴,北東,4,4,3,5,5002,上 田 健 太,12,60,7.00,5,0.20,1.53.8,4-2-5,20660,45,4-2,5500,16,2-4-5,4750,10,2-4,3490,8,,,,,,,
20251223,若松,11,一般特選☆,晴,北東,4,4,4,1,3606,川 北 浩 貴,4,69,6.95,1,0.16,1.54.6,4-2-5,20660,45,4-2,5500,16,2-4-5,4750,10,2-4,3490,8,,,,,,,
20251223,若松,11,一般特選☆,晴,北東,4,4,5,3,4467,渡 邉 俊 介,46,38,6.95,3,0.17,,4-2-5,20660,45,4-2,5500,16,2-4-5,4750,10,2-4,3490,8,,,,,,,
20251223,若松,11,一般特選☆,晴,北東,4,4,6,6,5308,藤 森 拓 海,1,63,7.07,6,0.26,,4-2-5,20660,45,4-2,5500,16,2-4-5,4750,10,2-4,3490,8,,,,,,,
20251223,若松,12,一般特選☆,晴,北東,4,4,1,1,4977,馬 野 耀,28,52,7.03,1,0.16,1.51.1,1-2-4,1250,3,1-2,250,1,1-2-4,520,2,1-2,210,1,,,,,,,
20251223,若松,12,一般特選☆,晴,北東,4,4,2,2,4659,木 下 翔 太,8,74,6.99,2,0.16,1.52.3,1-2-4,1250,3,1-2,250,1,1-2-4,520,2,1-2,210,1,,,,,,,
20251223,若松,12,一般特選☆,晴,北東,4,4,3,4,4360,庄 司 孝 輔,34,67,6.92,4,0.22,1.53.4,1-2-4,1250,3,1-2,250,1,1-2-4,520,2,1-2,210,1,,,,,,,
20251223,若松,12,一般特選☆,晴,北東,4,4,4,6,4983,前 田 篤 哉,29,27,7.02,6,0.26,1.55.2,1-2-4,1250,3,1-2,250,1,1-2-4,520,2,1-2,210,1,,,,,,,
20251223,若松,12,一般特選☆,晴,北東,4,4,5,5,5093,浦 野 海,6,21,7.08,5,0.24,,1-2-4,1250,3,1-2,250,1,1-2-4,520,2,1-2,210,1,,,,,,,
20251223,若松,12,一般特選☆,晴,北東,4,4,6,3,3566,川 添 英 正,53,16,6.98,3,0.21,,1-2-4,1250,3,1-2,250,1,1-2-4,520,2,1-2,210,1,,,,,,,
20251223,蒲郡,1,予選,晴,南西,2,1,1,1,3934,鋤 柄 貴 俊,60,30,6.65,1,0.16,1.48.5,1-4-3,1750,6,1-4,740,4,1-3-4,420,2,1-4,680,3,,,,,,,
20251223,蒲郡,1,予選,晴,南西,2,1,2,4,3277,齋 藤 勇,18,19,6.62,4,0.10,1.49.9,1-4-3,1750,6,1-4,740,4,1-3-4,420,2,1-4,680,3,,,,,,,
20251223,蒲郡,1,予選,晴,南西,2,1,3,3,3161,古 場 輝 義,26,20,6.58,3,0.12,1.50.8,1-4-3,1750,6,1-4,740,4,1-3-4,420,2,1-4,680,3,,,,,,,
20251223,蒲郡,1,予選,晴,南西,2,1,4,5,3807,岡 部 哲,57,25,6.60,5,0.11,1.52.6,1-4-3,1750,6,1-4,740,4,1-3-4,420,2,1-4,680,3,,,,,,,
20251223,蒲郡,1,予選,晴,南西,2,1,5,2,5208,屋 良 龍 紀,54,76,6.59,2,0.12,,1-4-3,1750,6,1-4,740,4,1-3-4,420,2,1-4,680,3,,,,,,,
20251223,蒲郡,1,予選,晴,南西,2,1,6,6,5415,阿 部 未 侑,47,59,6.68,6,0.18,,1-4-3,1750,6,1-4,740,4,1-3-4,420,2,1-4,680,3,,,,,,,
20251223,蒲郡,2,予選,晴,南西,2,1,1,1,5079,大 石 真 央,70,34,6.53,1,0.20,1.48.1,1-2-5,990,1,1-2,470,1,1-2-5,260,1,1-2,230,1,,,,,,,
20251223,蒲郡,2,予選,晴,南西,2,1,2,2,4506,稗 田 聖 也,31,16,6.52,2,0.13,1.49.4,1-2-5,990,1,1-2,470,1,1-2-5,260,1,1-2,230,1,,,,,,,
20251223,蒲郡,2,予選,晴,南西,2,1,3,5,4649,和 田 操 拓,71,27,6.62,5,0.14,1.51.1,1-2-5,990,1,1-2,470,1,1-2-5,260,1,1-2,230,1,,,,,,,
20251223,蒲郡,2,予選,晴,南西,2,1,4,3,3564,桑 原 啓,41,63,6.54,3,0.23,1.52.1,1-2-5,990,1,1-2,470,1,1-2-5,260,1,1-2,230,1,,,,,,,
20251223,蒲郡,2,予選,晴,南西,2,1,5,4,5396,近 藤 来 希,61,69,6.52,4,0.17,,1-2-5,990,1,1-2,470,1,1-2-5,260,1,1-2,230,1,,,,,,,
20251223,蒲郡,2,予選,晴,南西,2,1,6,6,4103,山 崎 善 庸,76,28,6.56,6,0.23,,1-2-5,990,1,1-2,470,1,1-2-5,260,1,1-2,230,1,,,,,,,
20251223,蒲郡,3,予選,曇り,南西,2,1,1,1,3616,中 村 真,33,18,6.57,1,0.20,1.48.0,1-3-2,1480,7,1-3,480,3,1-2-3,540,4,1-3,440,3,,,,,,,
20251223,蒲郡,3,予選,曇り,南西,2,1,2,3,3105,内 山 文 典,20,66,6.57,3,0.25,1.50.1,1-3-2,1480,7,1-3,480,3,1-2-3,540,4,1-3,440,3,,,,,,,
20251223,蒲郡,3,予選,曇り,南西,2,1,3,2,3655,本 橋 克 洋,39,33,6.63,2,0.27,1.50.6,1-3-2,1480,7,1-3,480,3,1-2-3,540,4,1-3,440,3,,,,,,,
20251223,蒲郡,3,予選,曇り,南西,2,1,4,5,4306,畔 柳 俊 吾,22,56,6.56,5,0.30,1.51.9,1-3-2,1480,7,1-3,480,3,1-2-3,540,4,1-3,440,3,,,,,,,
20251223,蒲郡,3,予選,曇り,南西,2,1,5,4,3362,間 嶋 仁 志,43,21,6.65,4,0.29,,1-3-2,1480,7,1-3,480,3,1-2-3,540,4,1-3,440,3,,,,,,,
20251223,蒲郡,3,予選,曇り,南西,2,1,6,6,5436,市 川 瑚 幸,16,13,6.62,6,0.34,,1-3-2,1480,7,1-3,480,3,1-2-3,540,4,1-3,440,3,,,,,,,
20251223,蒲郡,4,予選,曇り,南西,1,1,1,1,4550,石 岡 将 太,27,73,6.55,1,0.14,1.47.2,1-3-2,1450,5,1-3,340,1,1-2-3,480,3,1-3,190,1,,,,,,,
20251223,蒲郡,4,予選,曇り,南西,1,1,2,3,3349,吉 田 一 郎,21,14,6.65,3,0.17,1.48.6,1-3-2,1450,5,1-3,340,1,1-2-3,480,3,1-3,190,1,,,,,,,
20251223,蒲郡,4,予選,曇り,南西,1,1,3,2,4389,伊 藤 喜 智,46,11,6.57,2,0.20,1.50.5,1-3-2,1450,5,1-3,340,1,1-2-3,480,3,1-3,190,1,,,,,,,
20251223,蒲郡,4,予選,曇り,南西,1,1,4,5,4677,片 橋 幸 貴,40,22,6.56,5,0.16,1.51.5,1-3-2,1450,5,1-3,340,1,1-2-3,480,3,1-3,190,1,,,,,,,
20251223,蒲郡,4,予選,曇り,南西,1,1,5,6,3392,小 森 信 雄,38,77,6.65,6,0.17,,1-3-2,1450,5,1-3,340,1,1-2-3,480,3,1-3,190,1,,,,,,,
20251223,蒲郡,4,予選,曇り,南西,1,1,6,4,5361,植 竹 玲 奈,65,29,6.64,4,0.12,,1-3-2,1450,5,1-3,340,1,1-2-3,480,3,1-3,190,1,,,,,,,
20251223,蒲郡,5,予選,雨,南西,1,1,1,2,4090,中 村 尊,34,26,6.63,2,0.10,1.47.8,2-1-5,2380,6,2-1,730,3,1-2-5,660,3,1-2,470,2,,,,,,,
20251223,蒲郡,5,予選,雨,南西,1,1,2,1,3928,林 恵 祐,55,67,6.68,1,0.09,1.49.0,2-1-5,2380,6,2-1,730,3,1-2-5,660,3,1-2,470,2,,,,,,,
20251223,蒲郡,5,予選,雨,南西,1,1,3,5,4043,桐 本 康 臣,17,24,6.65,5,0.06,1.50.5,2-1-5,2380,6,2-1,730,3,1-2-5,660,3,1-2,470,2,,,,,,,
20251223,蒲郡,5,予選,雨,南西,1,1,4,6,4836,大 谷 健 太,77,60,6.55,6,0.04,1.51.2,2-1-5,2380,6,2-1,730,3,1-2-5,660,3,1-2,470,2,,,,,,,
20251223,蒲郡,5,予選,雨,南西,1,1,5,3,3934,鋤 柄 貴 俊,60,30,6.69,3,0.13,,2-1-5,2380,6,2-1,730,3,1-2-5,660,3,1-2,470,2,,,,,,,
20251223,蒲郡,5,予選,雨,南西,1,1,6,4,4060,島 田 一 生,64,58,6.59,4,0.14,,2-1-5,2380,6,2-1,730,3,1-2-5,660,3,1-2,470,2,,,,,,,
20251223,蒲郡,6,予選,雨,南西,1,1,1,4,4644,山 田 亮 太,63,23,6.65,5,0.11,1.52.5,4-6-2,15500,60,4-6,2230,11,2-4-6,3180,13,4-6,2020,9,,,,,,,
20251223,蒲郡,6,予選,雨,南西,1,1,2,6,4218,吉 川 喜 継,35,61,6.63,2,0.11,1.55.1,4-6-2,15500,60,4-6,2230,11,2-4-6,3180,13,4-6,2020,9,,,,,,,
20251223,蒲郡,6,予選,雨,南西,1,1,3,2,3807,岡 部 哲,57,25,6.60,3,0.14,1.57.3,4-6-2,15500,60,4-6,2230,11,2-4-6,3180,13,4-6,2020,9,,,,,,,
20251223,蒲郡,6,予選,雨,南西,1,1,4,1,3564,桑 原 啓,41,63,6.53,1,0.14,1.58.3,4-6-2,15500,60,4-6,2230,11,2-4-6,3180,13,4-6,2020,9,,,,,,,
20251223,蒲郡,6,予選,雨,南西,1,1,5,5,5208,屋 良 龍 紀,54,76,6.63,6,0.12,,4-6-2,15500,60,4-6,2230,11,2-4-6,3180,13,4-6,2020,9,,,,,,,
20251223,蒲郡,6,予選,雨,南西,1,1,S1,3,4298,宮 下 元 胤,59,15,6.54,4,0.13,,4-6-2,15500,60,4-6,2230,11,2-4-6,3180,13,4-6,2020,9,,,,,,,
20251223,蒲郡,7,予選 進入固定,雨,北東,1,1,1,1,3988,古 川 誠 之,52,75,6.57,1,0.05,1.48.3,1-3-4,380,1,1-3,190,1,1-3-4,180,1,1-3,200,1,,,,,,,
20251223,蒲郡,7,予選 進入固定,雨,北東,1,1,2,3,4134,杉 山 貴 博,24,31,6.73,3,0.12,1.49.3,1-3-4,380,1,1-3,190,1,1-3-4,180,1,1-3,200,1,,,,,,,
20251223,蒲郡,7,予選 進入固定,雨,北東,1,1,3,4,4319,三 宅 潤,32,74,6.61,4,0.11,1.51.5,1-3-4,380,1,1-3,190,1,1-3-4,180,1,1-3,200,1,,,,,,,
20251223,蒲郡,7,予選 進入固定,雨,北東,1,1,4,5,4837,酒 井 陽 祐,62,17,6.68,5,0.12,1.52.2,1-3-4,380,1,1-3,190,1,1-3-4,180,1,1-3,200,1,,,,,,,
20251223,蒲郡,7,予選 進入固定,雨,北東,1,1,5,2,3518,倉 田 郁 美,15,57,6.62,2,0.12,,1-3-4,380,1,1-3,190,1,1-3-4,180,1,1-3,200,1,,,,,,,
20251223,蒲郡,7,予選 進入固定,雨,北東,1,1,6,6,5436,市 川 瑚 幸,16,13,6.66,6,0.11,,1-3-4,380,1,1-3,190,1,1-3-4,180,1,1-3,200,1,,,,,,,
20251223,蒲郡,8,予選,曇り,北東,1,1,1,2,4512,高 野 哲 史,72,65,6.59,2,0.09,1.47.0,2-5-1,1980,7,2-5,800,3,1-2-5,280,2,2-5,1170,2,,,,,,,
20251223,蒲郡,8,予選,曇り,北東,1,1,2,5,4318,桑 原 将 光,29,64,6.70,5,0.16,1.49.4,2-5-1,1980,7,2-5,800,3,1-2-5,280,2,2-5,1170,2,,,,,,,
20251223,蒲郡,8,予選,曇り,北東,1,1,3,1,3406,中 里 英 夫,19,72,6.72,1,0.13,1.50.8,2-5-1,1980,7,2-5,800,3,1-2-5,280,2,2-5,1170,2,,,,,,,
20251223,蒲郡,8,予選,曇り,北東,1,1,4,3,3392,小 森 信 雄,38,46,6.71,3,0.17,1.51.2,2-5-1,1980,7,2-5,800,3,1-2-5,280,2,2-5,1170,2,,,,,,,
20251223,蒲郡,8,予選,曇り,北東,1,1,5,4,3105,内 山 文 典,20,66,6.70,4,0.17,,2-5-1,1980,7,2-5,800,3,1-2-5,280,2,2-5,1170,2,,,,,,,
20251223,蒲郡,8,予選,曇り,北東,1,1,6,6,4300,加 藤 綾,56,62,6.70,6,0.20,,2-5-1,1980,7,2-5,800,3,1-2-5,280,2,2-5,1170,2,,,,,,,
20251223,蒲郡,9,予選特賞,雨,北東,1,1,1,1,4649,和 田 操 拓,71,27,6.65,1,0.09,1.48.2,1-3-6,5130,19,1-3,2270,9,1-3-6,1200,5,1-3,2170,7,,,,,,,
20251223,蒲郡,9,予選特賞,雨,北東,1,1,2,3,3928,林 恵 祐,55,67,6.72,3,0.10,1.49.2,1-3-6,5130,19,1-3,2270,9,1-3-6,1200,5,1-3,2170,7,,,,,,,
20251223,蒲郡,9,予選特賞,雨,北東,1,1,3,6,4908,上 田 龍 星,36,12,6.61,5,0.18,1.49.8,1-3-6,5130,19,1-3,2270,9,1-3-6,1200,5,1-3,2170,7,,,,,,,
20251223,蒲郡,9,予選特賞,雨,北東,1,1,4,4,4306,畔 柳 俊 吾,22,56,6.66,4,0.12,1.51.4,1-3-6,5130,19,1-3,2270,9,1-3-6,1200,5,1-3,2170,7,,,,,,,
20251223,蒲郡,9,予選特賞,雨,北東,1,1,5,2,3349,吉 田 一 郎,21,14,6.68,2,0.06,,1-3-6,5130,19,1-3,2270,9,1-3-6,1200,5,1-3,2170,7,,,,,,,
20251223,蒲郡,9,予選特賞,雨,北東,1,1,6,5,5415,阿 部 未 侑,47,59,6.68,6,0.04,,1-3-6,5130,19,1-3,2270,9,1-3-6,1200,5,1-3,2170,7,,,,,,,
20251223,蒲郡,10,予選特賞,雨,北西,1,1,1,1,4877,鈴 谷 一 平,58,71,6.61,1,0.26,1.48.3,1-3-4,950,3,1-3,440,2,1-3-4,330,1,1-3,360,2,,,,,,,
20251223,蒲郡,10,予選特賞,雨,北西,1,1,2,3,3277,齋 藤 勇,18,19,6.64,3,0.15,1.50.4,1-3-4,950,3,1-3,440,2,1-3-4,330,1,1-3,360,2,,,,,,,
20251223,蒲郡,10,予選特賞,雨,北西,1,1,3,4,4298,宮 下 元 胤,59,15,6.53,4,0.18,1.51.5,1-3-4,950,3,1-3,440,2,1-3-4,330,1,1-3,360,2,,,,,,,
20251223,蒲郡,10,予選特賞,雨,北西,1,1,4,5,4389,伊 藤 喜 智,46,11,6.64,5,0.17,1.52.5,1-3-4,950,3,1-3,440,2,1-3-4,330,1,1-3,360,2,,,,,,,
20251223,蒲郡,10,予選特賞,雨,北西,1,1,5,6,4395,下 河 雅 史,28,32,6.70,6,0.16,,1-3-4,950,3,1-3,440,2,1-3-4,330,1,1-3,360,2,,,,,,,
20251223,蒲郡,10,予選特賞,雨,北西,1,1,6,2,4103,山 崎 善 庸,76,28,6.70,2,0.25,,1-3-4,950,3,1-3,440,2,1-3-4,330,1,1-3,360,2,,,,,,,
20251223,蒲郡,11,予選特選,雨,北東,1,1,1,1,4134,杉 山 貴 博,24,31,6.63,1,0.23,1.47.8,1-2-4,1170,4,1-2,570,3,1-2-4,410,2,1-2,400,3,,,,,,,
20251223,蒲郡,11,予選特選,雨,北東,1,1,2,2,3161,古 場 輝 義,26,20,6.64,2,0.19,1.49.8,1-2-4,1170,4,1-2,570,3,1-2-4,410,2,1-2,400,3,,,,,,,
20251223,蒲郡,11,予選特選,雨,北東,1,1,3,4,4677,片 橋 幸 貴,40,22,6.62,4,0.16,1.50.6,1-2-4,1170,4,1-2,570,3,1-2-4,410,2,1-2,400,3,,,,,,,
20251223,蒲郡,11,予選特選,雨,北東,1,1,4,3,4644,山 田 亮 太,63,23,6.76,3,0.14,1.53.0,1-2-4,1170,4,1-2,570,3,1-2-4,410,2,1-2,400,3,,,,,,,
20251223,蒲郡,11,予選特選,雨,北東,1,1,5,6,4060,島 田 一 生,64,58,6.63,6,0.19,,1-2-4,1170,4,1-2,570,3,1-2-4,410,2,1-2,400,3,,,,,,,
20251223,蒲郡,11,予選特選,雨,北東,1,1,6,5,3655,本 橋 克 洋,39,33,6.68,5,0.27,,1-2-4,1170,4,1-2,570,3,1-2-4,410,2,1-2,400,3,,,,,,,
20251223,蒲郡,12,予選記者特選,曇り,北西,1,1,1,1,4512,高 野 哲 史,72,65,6.56,1,0.17,1.47.1,1-4-6,1240,4,1-4,310,1,1-4-6,720,2,1-4,270,2,,,,,,,
20251223,蒲郡,12,予選記者特選,曇り,北西,1,1,2,4,4043,桐 本 康 臣,17,24,6.73,4,0.18,1.49.2,1-4-6,1240,4,1-4,310,1,1-4-6,720,2,1-4,270,2,,,,,,,
20251223,蒲郡,12,予選記者特選,曇り,北西,1,1,3,6,4506,稗 田 聖 也,31,16,6.59,6,0.11,1.50.6,1-4-6,1240,4,1-4,310,1,1-4-6,720,2,1-4,270,2,,,,,,,
20251223,蒲郡,12,予選記者特選,曇り,北西,1,1,4,5,3988,古 川 誠 之,52,75,6.63,5,0.17,1.51.5,1-4-6,1240,4,1-4,310,1,1-4-6,720,2,1-4,270,2,,,,,,,
20251223,蒲郡,12,予選記者特選,曇り,北西,1,1,5,3,4550,石 岡 将 太,27,73,6.63,3,0.18,,1-4-6,1240,4,1-4,310,1,1-4-6,720,2,1-4,270,2,,,,,,,
20251223,蒲郡,12,予選記者特選,曇り,北西,1,1,6,2,3362,間 嶋 仁 志,43,21,6.73,2,0.16,,1-4-6,1240,4,1-4,310,1,1-4-6,720,2,1-4,270,2,,,,,,,
20251223,鳴門,1,とるならなる,晴,北西,1,1,1,1,4055,吉 田 俊 彦,74,26,6.78,1,0.20,1.46.0,1-2-4,1300,6,1-2,270,1,1-2-4,870,5,1-2,300,2,,,,,,,
20251223,鳴門,1,とるならなる,晴,北西,1,1,2,2,3550,都 築 正 治,64,35,6.83,2,0.22,1.49.7,1-2-4,1300,6,1-2,270,1,1-2-4,870,5,1-2,300,2,,,,,,,
20251223,鳴門,1,とるならなる,晴,北西,1,1,3,4,4167,片 岡 秀 樹,82,31,6.89,4,0.16,1.50.5,1-2-4,1300,6,1-2,270,1,1-2-4,870,5,1-2,300,2,,,,,,,
20251223,鳴門,1,とるならなる,晴,北西,1,1,4,3,4423,坂 口 貴 彦,30,58,6.77,3,0.18,1.51.0,1-2-4,1300,6,1-2,270,1,1-2-4,870,5,1-2,300,2,,,,,,,
20251223,鳴門,1,とるならなる,晴,北西,1,1,5,6,3584,佐々木 英 樹,53,75,6.91,6,0.14,,1-2-4,1300,6,1-2,270,1,1-2-4,870,5,1-2,300,2,,,,,,,
20251223,鳴門,1,とるならなる,晴,北西,1,1,6,5,4231,鈴 木 裕 隆,23,36,6.78,5,0.12,,1-2-4,1300,6,1-2,270,1,1-2-4,870,5,1-2,300,2,,,,,,,
20251223,鳴門,2,どーなるなる,晴,北東,1,1,1,2,4146,柳 橋 宏 紀,22,28,6.77,2,0.12,1.47.3,2-4-6,4370,17,2-4,2370,10,2-4-6,950,6,2-4,1070,5,,,,,,,
20251223,鳴門,2,どーなるなる,晴,北東,1,1,2,4,4383,竹 田 吉 行,80,16,6.79,4,0.22,1.48.6,2-4-6,4370,17,2-4,2370,10,2-4-6,950,6,2-4,1070,5,,,,,,,
20251223,鳴門,2,どーなるなる,晴,北東,1,1,3,6,4448,青 木 玄 太,55,77,6.76,6,0.23,1.49.6,2-4-6,4370,17,2-4,2370,10,2-4-6,950,6,2-4,1070,5,,,,,,,
20251223,鳴門,2,どーなるなる,晴,北東,1,1,4,1,4813,宮 内 直 哉,73,64,6.71,1,0.17,1.51.7,2-4-6,4370,17,2-4,2370,10,2-4-6,950,6,2-4,1070,5,,,,,,,
20251223,鳴門,2,どーなるなる,晴,北東,1,1,5,3,3933,山 地 正 樹,58,71,6.74,3,0.15,,2-4-6,4370,17,2-4,2370,10,2-4-6,950,6,2-4,1070,5,,,,,,,
20251223,鳴門,2,どーなるなる,晴,北東,1,1,6,5,4894,原 村 拓 也,21,22,6.74,5,0.24,,2-4-6,4370,17,2-4,2370,10,2-4-6,950,6,2-4,1070,5,,,,,,,
20251223,鳴門,3,どきどきなる,晴,無風,0,1,1,1,4189,川 上 剛,18,80,6.74,1,0.10,1.48.7,1-2-4,980,3,1-2,650,3,1-2-4,340,2,1-2,460,2,,,,,,,
20251223,鳴門,3,どきどきなる,晴,無風,0,1,2,2,4840,鈴 木 秀 茉,79,57,6.77,2,0.17,1.49.5,1-2-4,980,3,1-2,650,3,1-2-4,340,2,1-2,460,2,,,,,,,
20251223,鳴門,3,どきどきなる,晴,無風,0,1,3,4,4019,笠 原 亮,57,39,6.76,4,0.18,1.50.9,1-2-4,980,3,1-2,650,3,1-2-4,340,2,1-2,460,2,,,,,,,
20251223,鳴門,3,どきどきなる,晴,無風,0,1,4,3,4485,楠 原 正 剛,32,83,6.78,3,0.16,1.51.4,1-2-4,980,3,1-2,650,3,1-2-4,340,2,1-2,460,2,,,,,,,
20251223,鳴門,3,どきどきなる,晴,無風,0,1,5,6,4691,水 原 慎,10,12,6.83,6,0.13,,1-2-4,980,3,1-2,650,3,1-2-4,340,2,1-2,460,2,,,,,,,
20251223,鳴門,3,どきどきなる,晴,無風,0,1,6,5,3868,尾 形 栄 治,15,23,6.89,5,0.19,,1-2-4,980,3,1-2,650,3,1-2-4,340,2,1-2,460,2,,,,,,,
20251223,鳴門,4,とにかくなる,晴,無風,0,1,1,1,4926,吉 川 貴 仁,31,38,6.72,1,0.11,1.46.3,1-4-3,3390,13,1-4,530,2,1-3-4,1110,5,1-4,440,2,,,,,,,
20251223,鳴門,4,とにかくなる,晴,無風,0,1,2,4,3614,谷 勝 幸,76,62,6.67,4,0.18,1.48.6,1-4-3,3390,13,1-4,530,2,1-3-4,1110,5,1-4,440,2,,,,,,,
20251223,鳴門,4,とにかくなる,晴,無風,0,1,3,3,4180,上 野 秀 和,60,54,6.78,3,0.22,1.49.7,1-4-3,3390,13,1-4,530,2,1-3-4,1110,5,1-4,440,2,,,,,,,
20251223,鳴門,4,とにかくなる,晴,無風,0,1,4,6,4451,松 崎 祐太郎,33,14,6.80,6,0.21,1.50.3,1-4-3,3390,13,1-4,530,2,1-3-4,1110,5,1-4,440,2,,,,,,,
20251223,鳴門,4,とにかくなる,晴,無風,0,1,5,2,5280,廣 瀬 凜,29,56,6.77,2,0.17,,1-4-3,3390,13,1-4,530,2,1-3-4,1110,5,1-4,440,2,,,,,,,
20251223,鳴門,4,とにかくなる,晴,無風,0,1,6,5,4651,佐 藤 大 騎,11,51,6.67,5,0.21,,1-4-3,3390,13,1-4,530,2,1-3-4,1110,5,1-4,440,2,,,,,,,
20251223,鳴門,5,一般,晴,東,2,2,1,3,4580,長谷川 雅 和,72,13,6.86,3,0.17,1.50.1,3-5-6,21090,50,3-5,2370,8,3-5-6,5890,14,3-5,1370,6,,,,,,,
20251223,鳴門,5,一般,晴,東,2,2,2,5,4509,平 見 真 彦,63,59,6.80,5,0.23,1.51.7,3-5-6,21090,50,3-5,2370,8,3-5-6,5890,14,3-5,1370,6,,,,,,,
20251223,鳴門,5,一般,晴,東,2,2,3,6,3176,長谷川 巌,37,11,6.87,6,0.23,1.54.3,3-5-6,21090,50,3-5,2370,8,3-5-6,5890,14,3-5,1370,6,,,,,,,
20251223,鳴門,5,一般,晴,東,2,2,4,4,4435,服 部 達 哉,16,67,6.78,4,0.18,1.56.9,3-5-6,21090,50,3-5,2370,8,3-5-6,5890,14,3-5,1370,6,,,,,,,
20251223,鳴門,5,一般,晴,東,2,2,5,1,5276,大 島 隆乃介,77,17,6.77,1,0.19,,3-5-6,21090,50,3-5,2370,8,3-5-6,5890,14,3-5,1370,6,,,,,,,
20251223,鳴門,5,一般,晴,東,2,2,S1,2,4728,山 口 亮,26,84,6.80,2,0.19,,3-5-6,21090,50,3-5,2370,8,3-5-6,5890,14,3-5,1370,6,,,,,,,
20251223,鳴門,6,一般,晴,無風,0,1,1,1,4871,菊 池 宏 志,35,34,6.75,1,0.06,1.47.1,1-2-6,1880,3,1-2,620,1,1-2-6,760,3,1-2,440,1,,,,,,,
20251223,鳴門,6,一般,晴,無風,0,1,2,2,4342,谷 野 錬 志,78,50,6.84,2,0.11,1.48.0,1-2-6,1880,3,1-2,620,1,1-2-6,760,3,1-2,440,1,,,,,,,
20251223,鳴門,6,一般,晴,無風,0,1,3,6,4757,山 田 祐 也,68,69,6.82,5,0.14,1.49.0,1-2-6,1880,3,1-2,620,1,1-2-6,760,3,1-2,440,1,,,,,,,
20251223,鳴門,6,一般,晴,無風,0,1,4,3,4520,高 倉 孝 太,56,61,6.67,3,0.09,1.49.3,1-2-6,1880,3,1-2,620,1,1-2-6,760,3,1-2,440,1,,,,,,,
20251223,鳴門,6,一般,晴,無風,0,1,5,4,4600,井 内 将太郎,27,63,6.80,4,0.08,,1-2-6,1880,3,1-2,620,1,1-2-6,760,3,1-2,440,1,,,,,,,
20251223,鳴門,6,一般,晴,無風,0,1,6,5,4423,坂 口 貴 彦,30,58,6.81,6,0.18,,1-2-6,1880,3,1-2,620,1,1-2-6,760,3,1-2,440,1,,,,,,,
20251223,鳴門,7,一般,晴,北西,1,1,1,6,3744,徳 増 秀 樹,62,19,6.65,6,0.11,1.47.4,6-1-3,3200,4,6-1,900,2,1-3-6,520,1,1-6,490,1,,,,,,,
20251223,鳴門,7,一般,晴,北西,1,1,2,1,3584,佐々木 英 樹,53,75,6.90,1,0.18,1.48.0,6-1-3,3200,4,6-1,900,2,1-3-6,520,1,1-6,490,1,,,,,,,
20251223,鳴門,7,一般,晴,北西,1,1,3,3,3747,國 崎 良 春,70,81,6.75,3,0.16,1.49.1,6-1-3,3200,4,6-1,900,2,1-3-6,520,1,1-6,490,1,,,,,,,
20251223,鳴門,7,一般,晴,北西,1,1,4,4,3777,樋 口 亮,67,73,6.73,4,0.16,1.50.2,6-1-3,3200,4,6-1,900,2,1-3-6,520,1,1-6,490,1,,,,,,,
20251223,鳴門,7,一般,晴,北西,1,1,5,5,4485,楠 原 正 剛,32,83,6.76,5,0.26,,6-1-3,3200,4,6-1,900,2,1-3-6,520,1,1-6,490,1,,,,,,,
20251223,鳴門,7,一般,晴,北西,1,1,6,2,3933,山 地 正 樹,58,71,6.80,2,0.15,,6-1-3,3200,4,6-1,900,2,1-3-6,520,1,1-6,490,1,,,,,,,
20251223,鳴門,8,一般,晴,北西,2,2,1,1,4691,水 原 慎,10,12,6.82,1,0.07,1.47.1,1-3-4,1060,1,1-3,480,1,1-3-4,380,1,1-3,170,1,,,,,,,
20251223,鳴門,8,一般,晴,北西,2,2,2,3,4808,松 尾 拓,14,78,6.84,3,0.09,1.48.3,1-3-4,1060,1,1-3,480,1,1-3-4,380,1,1-3,170,1,,,,,,,
20251223,鳴門,8,一般,晴,北西,2,2,3,4,4040,廣 瀬 将 亨,12,53,6.82,4,0.08,1.49.6,1-3-4,1060,1,1-3,480,1,1-3-4,380,1,1-3,170,1,,,,,,,
20251223,鳴門,8,一般,晴,北西,2,2,4,2,4651,佐 藤 大 騎,11,51,6.83,2,0.14,1.51.0,1-3-4,1060,1,1-3,480,1,1-3-4,380,1,1-3,170,1,,,,,,,
20251223,鳴門,8,一般,晴,北西,2,2,5,6,4962,畑 竜 生,17,32,6.81,6,0.25,,1-3-4,1060,1,1-3,480,1,1-3-4,380,1,1-3,170,1,,,,,,,
20251223,鳴門,8,一般,晴,北西,2,2,6,5,3550,都 築 正 治,64,35,6.83,5,0.22,,1-3-4,1060,1,1-3,480,1,1-3-4,380,1,1-3,170,1,,,,,,,
20251223,鳴門,9,一般,晴,北西,1,1,1,4,4840,鈴 木 秀 茉,79,57,6.78,4,0.20,1.47.1,4-3-2,25100,76,4-3,4090,14,2-3-4,1590,8,3-4,870,4,,,,,,,
20251223,鳴門,9,一般,晴,北西,1,1,2,3,4713,白 神 優,25,37,6.83,3,0.27,1.48.3,4-3-2,25100,76,4-3,4090,14,2-3-4,1590,8,3-4,870,4,,,,,,,
20251223,鳴門,9,一般,晴,北西,1,1,3,2,4231,鈴 木 裕 隆,23,36,6.82,2,0.23,1.49.8,4-3-2,25100,76,4-3,4090,14,2-3-4,1590,8,3-4,870,4,,,,,,,
20251223,鳴門,9,一般,晴,北西,1,1,4,6,4352,下 條 雄太郎,75,82,6.79,6,0.21,1.51.0,4-3-2,25100,76,4-3,4090,14,2-3-4,1590,8,3-4,870,4,,,,,,,
20251223,鳴門,9,一般,晴,北西,1,1,5,5,4180,上 野 秀 和,60,54,6.77,5,0.22,,4-3-2,25100,76,4-3,4090,14,2-3-4,1590,8,3-4,870,4,,,,,,,
20251223,鳴門,9,一般,晴,北西,1,1,6,1,3176,長谷川 巌,37,11,6.89,1,0.20,,4-3-2,25100,76,4-3,4090,14,2-3-4,1590,8,3-4,870,4,,,,,,,
20251223,鳴門,10,準優勝戦,晴,北西,2,2,1,1,4451,松 崎 祐太郎,33,14,6.79,1,0.12,1.47.5,1-4-6,6360,19,1-4,800,4,1-4-6,3520,11,1-4,680,3,,,,,,,
20251223,鳴門,10,準優勝戦,晴,北西,2,2,2,4,4580,長谷川 雅 和,72,13,6.85,4,0.11,1.48.8,1-4-6,6360,19,1-4,800,4,1-4-6,3520,11,1-4,680,3,,,,,,,
20251223,鳴門,10,準優勝戦,晴,北西,2,2,3,6,5276,大 島 隆乃介,77,17,6.73,6,0.15,1.49.7,1-4-6,6360,19,1-4,800,4,1-4-6,3520,11,1-4,680,3,,,,,,,
20251223,鳴門,10,準優勝戦,晴,北西,2,2,4,2,4448,青 木 玄 太,55,77,6.77,2,0.13,1.50.6,1-4-6,6360,19,1-4,800,4,1-4-6,3520,11,1-4,680,3,,,,,,,
20251223,鳴門,10,準優勝戦,晴,北西,2,2,5,5,4055,吉 田 俊 彦,74,26,6.82,5,0.11,,1-4-6,6360,19,1-4,800,4,1-4-6,3520,11,1-4,680,3,,,,,,,
20251223,鳴門,10,準優勝戦,晴,北西,2,2,6,3,4600,井 内 将太郎,27,63,6.75,3,0.09,,1-4-6,6360,19,1-4,800,4,1-4-6,3520,11,1-4,680,3,,,,,,,
20251223,鳴門,11,準優勝戦,晴,北西,2,2,1,1,4757,山 田 祐 也,68,69,6.82,1,0.20,1.46.7,1-3-4,1370,6,1-3,590,3,1-3-4,680,3,1-3,420,2,,,,,,,
20251223,鳴門,11,準優勝戦,晴,北西,2,2,2,3,3614,谷 勝 幸,76,62,6.74,3,0.22,1.48.1,1-3-4,1370,6,1-3,590,3,1-3-4,680,3,1-3,420,2,,,,,,,
20251223,鳴門,11,準優勝戦,晴,北西,2,2,3,4,3747,國 崎 良 春,70,81,6.76,4,0.17,1.49.8,1-3-4,1370,6,1-3,590,3,1-3-4,680,3,1-3,420,2,,,,,,,
20251223,鳴門,11,準優勝戦,晴,北西,2,2,4,2,4509,平 見 真 彦,63,59,6.69,2,0.17,1.50.1,1-3-4,1370,6,1-3,590,3,1-3-4,680,3,1-3,420,2,,,,,,,
20251223,鳴門,11,準優勝戦,晴,北西,2,2,5,5,4146,柳 橋 宏 紀,22,28,6.83,5,0.09,,1-3-4,1370,6,1-3,590,3,1-3-4,680,3,1-3,420,2,,,,,,,
20251223,鳴門,11,準優勝戦,晴,北西,2,2,6,6,4813,宮 内 直 哉,73,64,6.83,6,0.11,,1-3-4,1370,6,1-3,590,3,1-3-4,680,3,1-3,420,2,,,,,,,
20251223,鳴門,12,準優勝戦,晴,無風,0,1,1,1,3744,徳 増 秀 樹,62,19,6.65,1,0.11,1.47.1,1-5-2,1510,5,1-5,840,4,1-2-5,360,2,1-5,630,4,,,,,,,
20251223,鳴門,12,準優勝戦,晴,無風,0,1,2,5,5280,廣 瀬 凜,29,56,6.90,5,0.11,1.48.9,1-5-2,1510,5,1-5,840,4,1-2-5,360,2,1-5,630,4,,,,,,,
20251223,鳴門,12,準優勝戦,晴,無風,0,1,3,2,4019,笠 原 亮,57,39,6.79,2,0.08,1.50.6,1-5-2,1510,5,1-5,840,4,1-2-5,360,2,1-5,630,4,,,,,,,
20251223,鳴門,12,準優勝戦,晴,無風,0,1,4,3,4435,服 部 達 哉,16,67,6.72,3,0.11,1.51.1,1-5-2,1510,5,1-5,840,4,1-2-5,360,2,1-5,630,4,,,,,,,
20251223,鳴門,12,準優勝戦,晴,無風,0,1,5,4,4520,高 倉 孝 太,56,61,6.77,4,0.10,,1-5-2,1510,5,1-5,840,4,1-2-5,360,2,1-5,630,4,,,,,,,
20251223,鳴門,12,準優勝戦,晴,無風,0,1,6,6,4871,菊 池 宏 志,35,34,6.79,6,0.14,,1-5-2,1510,5,1-5,840,4,1-2-5,360,2,1-5,630,4,,,,,,,
