date,venue_name,race_no,race_type,weather,wind_dir,wind_ms,wave_cm,rank,waku,reg_no,name,motor_no,boat_no,exhibition_time,course_enter,st_timing,race_time,won3,won3_pay,won3_pop,won2,won2_pay,won2_pop,trio,trio_pay,trio_pop,pair,pair_pay,pair_pop,lap_time,turn_time,straight_time,lap_rank,turn_rank,straight_rank,exhibition_eval
20250820,びわこ,1,予選,晴,南西,2,2,1,1,4817,渡 邉 翼,48,46,6.66,1,0.09,1.51.1,1-4-5,2650,11,1-4,1380,6,1-4-5,730,5,1-4,720,4,,,,,,,
20250820,びわこ,1,予選,晴,南西,2,2,2,4,4204,柴 田 大 輔,52,21,6.66,4,0.08,1.51.8,1-4-5,2650,11,1-4,1380,6,1-4-5,730,5,1-4,720,4,,,,,,,
20250820,びわこ,1,予選,晴,南西,2,2,3,5,4230,濱 崎 直 矢,61,25,6.68,5,0.13,1.52.9,1-4-5,2650,11,1-4,1380,6,1-4-5,730,5,1-4,720,4,,,,,,,
20250820,びわこ,1,予選,晴,南西,2,2,4,3,4789,古 賀 智 之,59,48,6.77,3,0.08,1.54.5,1-4-5,2650,11,1-4,1380,6,1-4-5,730,5,1-4,720,4,,,,,,,
20250820,びわこ,1,予選,晴,南西,2,2,5,2,5252,荒 木 颯 斗,51,69,6.58,2,0.13,,1-4-5,2650,11,1-4,1380,6,1-4-5,730,5,1-4,720,4,,,,,,,
20250820,びわこ,1,予選,晴,南西,2,2,6,6,5396,近 藤 来 希,19,20,6.76,6,0.24,,1-4-5,2650,11,1-4,1380,6,1-4-5,730,5,1-4,720,4,,,,,,,
20250820,びわこ,2,予選,晴,南,3,3,1,1,5014,梶 山 涼 斗,53,33,6.62,1,0.14,1.50.0,1-6-3,5500,26,1-6,890,3,1-3-6,1560,8,1-6,820,5,,,,,,,
20250820,びわこ,2,予選,晴,南,3,3,2,6,4980,佐々木 完 太,55,24,6.72,6,0.16,1.52.2,1-6-3,5500,26,1-6,890,3,1-3-6,1560,8,1-6,820,5,,,,,,,
20250820,びわこ,2,予選,晴,南,3,3,3,3,5245,倉 富 大 誠,26,52,6.78,3,0.09,1.53.8,1-6-3,5500,26,1-6,890,3,1-3-6,1560,8,1-6,820,5,,,,,,,
20250820,びわこ,2,予選,晴,南,3,3,4,2,3843,上 之 晃 弘,12,31,6.74,2,0.11,1.54.5,1-6-3,5500,26,1-6,890,3,1-3-6,1560,8,1-6,820,5,,,,,,,
20250820,びわこ,2,予選,晴,南,3,3,5,4,5166,仲 道 大 輔,43,19,6.75,4,0.24,,1-6-3,5500,26,1-6,890,3,1-3-6,1560,8,1-6,820,5,,,,,,,
20250820,びわこ,2,予選,晴,南,3,3,6,5,4254,川 島 圭 司,18,71,6.78,5,0.16,,1-6-3,5500,26,1-6,890,3,1-3-6,1560,8,1-6,820,5,,,,,,,
20250820,びわこ,3,予選,晴,南東,1,1,1,1,3679,飯 島 昌 弘,69,45,6.75,1,0.19,1.50.3,1-4-3,390,1,1-4,270,1,1-3-4,210,1,1-4,150,1,,,,,,,
20250820,びわこ,3,予選,晴,南東,1,1,2,4,3946,赤 岩 善 生,49,36,6.82,3,0.19,1.51.4,1-4-3,390,1,1-4,270,1,1-3-4,210,1,1-4,150,1,,,,,,,
20250820,びわこ,3,予選,晴,南東,1,1,3,3,5232,樅 山 拓 馬,45,73,6.74,2,0.18,1.53.6,1-4-3,390,1,1-4,270,1,1-3-4,210,1,1-4,150,1,,,,,,,
20250820,びわこ,3,予選,晴,南東,1,1,4,5,5345,牧 村 俊 輝,34,70,6.82,5,0.17,1.54.8,1-4-3,390,1,1-4,270,1,1-3-4,210,1,1-4,150,1,,,,,,,
20250820,びわこ,3,予選,晴,南東,1,1,5,2,5031,渡 辺 空 依,22,41,6.81,4,0.20,,1-4-3,390,1,1-4,270,1,1-3-4,210,1,1-4,150,1,,,,,,,
20250820,びわこ,3,予選,晴,南東,1,1,6,6,5353,草 川 壮 良,58,51,6.78,6,0.14,,1-4-3,390,1,1-4,270,1,1-3-4,210,1,1-4,150,1,,,,,,,
20250820,びわこ,4,予選,晴,南,3,3,1,2,4652,酒 見 峻 介,41,44,6.75,2,0.17,1.50.3,2-1-4,1780,5,2-1,1150,4,1-2-4,210,1,1-2,160,1,,,,,,,
20250820,びわこ,4,予選,晴,南,3,3,2,1,3304,烏 野 賢 太,15,67,6.76,1,0.20,1.51.6,2-1-4,1780,5,2-1,1150,4,1-2-4,210,1,1-2,160,1,,,,,,,
20250820,びわこ,4,予選,晴,南,3,3,3,4,4704,河 野 大,56,37,6.76,4,0.32,1.52.0,2-1-4,1780,5,2-1,1150,4,1-2-4,210,1,1-2,160,1,,,,,,,
20250820,びわこ,4,予選,晴,南,3,3,4,6,3527,中 嶋 誠一郎,17,57,6.72,6,0.15,1.53.8,2-1-4,1780,5,2-1,1150,4,1-2-4,210,1,1-2,160,1,,,,,,,
20250820,びわこ,4,予選,晴,南,3,3,5,5,4332,村 上 彰 一,11,58,6.79,5,0.17,,2-1-4,1780,5,2-1,1150,4,1-2-4,210,1,1-2,160,1,,,,,,,
20250820,びわこ,4,予選,晴,南,3,3,6,3,5290,坂 本 一 真,38,38,6.72,3,0.32,,2-1-4,1780,5,2-1,1150,4,1-2-4,210,1,1-2,160,1,,,,,,,
20250820,びわこ,5,予選,晴,北東,1,1,1,1,4594,谷 川 祐 一,32,68,6.71,1,0.09,1.58.7,1-4-3,920,3,1-4,230,1,1-3-4,300,1,1-4,190,1,,,,,,,
20250820,びわこ,5,予選,晴,北東,1,1,2,4,4543,重 木 輝 彦,68,49,6.62,4,0.20,2.01.6,1-4-3,920,3,1-4,230,1,1-3-4,300,1,1-4,190,1,,,,,,,
20250820,びわこ,5,予選,晴,北東,1,1,3,3,4872,山 下 流 心,16,61,6.62,3,0.14,2.03.4,1-4-3,920,3,1-4,230,1,1-3-4,300,1,1-4,190,1,,,,,,,
20250820,びわこ,5,予選,晴,北東,1,1,4,2,4390,松 本 弓 雄,71,28,6.68,2,0.35,2.07.1,1-4-3,920,3,1-4,230,1,1-3-4,300,1,1-4,190,1,,,,,,,
20250820,びわこ,5,予選,晴,北東,1,1,5,6,5396,近 藤 来 希,19,20,6.70,6,0.23,,1-4-3,920,3,1-4,230,1,1-3-4,300,1,1-4,190,1,,,,,,,
20250820,びわこ,5,予選,晴,北東,1,1,S1,5,4575,戸 塚 邦 好,72,39,6.66,5,0.21,,1-4-3,920,3,1-4,230,1,1-3-4,300,1,1-4,190,1,,,,,,,
20250820,びわこ,6,予選,晴,北東,2,2,1,1,4230,濱 崎 直 矢,61,25,6.83,1,0.12,1.51.0,1-5-4,6530,22,1-5,550,2,1-4-5,2460,11,1-5,820,2,,,,,,,
20250820,びわこ,6,予選,晴,北東,2,2,2,5,5280,廣 瀬 凜,46,15,6.84,5,0.12,1.52.6,1-5-4,6530,22,1-5,550,2,1-4-5,2460,11,1-5,820,2,,,,,,,
20250820,びわこ,6,予選,晴,北東,2,2,3,4,3843,上 之 晃 弘,12,31,6.84,4,0.10,1.53.9,1-5-4,6530,22,1-5,550,2,1-4-5,2460,11,1-5,820,2,,,,,,,
20250820,びわこ,6,予選,晴,北東,2,2,4,6,4294,古 賀 繁 輝,14,26,6.77,6,0.15,1.54.0,1-5-4,6530,22,1-5,550,2,1-4-5,2460,11,1-5,820,2,,,,,,,
20250820,びわこ,6,予選,晴,北東,2,2,5,3,4835,橋 本 明,13,50,6.88,3,0.11,,1-5-4,6530,22,1-5,550,2,1-4-5,2460,11,1-5,820,2,,,,,,,
20250820,びわこ,6,予選,晴,北東,2,2,6,2,3333,丸 尾 義 孝,27,65,6.86,2,0.14,,1-5-4,6530,22,1-5,550,2,1-4-5,2460,11,1-5,820,2,,,,,,,
20250820,びわこ,7,予選,晴,北東,2,2,1,3,4914,吉 田 裕 平,30,13,6.80,3,0.12,1.49.6,3-1-2,590,2,3-1,230,1,1-2-3,180,1,1-3,130,1,,,,,,,
20250820,びわこ,7,予選,晴,北東,2,2,2,1,5166,仲 道 大 輔,43,19,6.80,1,0.09,1.52.7,3-1-2,590,2,3-1,230,1,1-2-3,180,1,1-3,130,1,,,,,,,
20250820,びわこ,7,予選,晴,北東,2,2,3,2,3587,武 田 信 一,60,59,6.81,2,0.14,1.54.4,3-1-2,590,2,3-1,230,1,1-2-3,180,1,1-3,130,1,,,,,,,
20250820,びわこ,7,予選,晴,北東,2,2,4,4,5345,牧 村 俊 輝,34,70,6.88,4,0.19,1.55.0,3-1-2,590,2,3-1,230,1,1-2-3,180,1,1-3,130,1,,,,,,,
20250820,びわこ,7,予選,晴,北東,2,2,5,5,3444,香 月 大 介,57,55,6.74,5,0.24,,3-1-2,590,2,3-1,230,1,1-2-3,180,1,1-3,130,1,,,,,,,
20250820,びわこ,7,予選,晴,北東,2,2,6,6,4257,古 川 健,29,56,6.86,6,0.23,,3-1-2,590,2,3-1,230,1,1-2-3,180,1,1-3,130,1,,,,,,,
20250820,びわこ,8,予選,晴,南東,1,1,1,3,5197,中 野 仁 照,73,40,6.76,3,0.16,1.50.0,3-4-2,6250,21,3-4,1060,5,2-3-4,1750,8,3-4,590,2,,,,,,,
20250820,びわこ,8,予選,晴,南東,1,1,2,4,4817,渡 邉 翼,48,46,6.72,4,0.13,1.52.6,3-4-2,6250,21,3-4,1060,5,2-3-4,1750,8,3-4,590,2,,,,,,,
20250820,びわこ,8,予選,晴,南東,1,1,3,2,4725,佐 竹 太 一,63,18,6.74,2,0.32,1.53.4,3-4-2,6250,21,3-4,1060,5,2-3-4,1750,8,3-4,590,2,,,,,,,
20250820,びわこ,8,予選,晴,南東,1,1,4,5,3304,烏 野 賢 太,15,67,6.86,5,0.09,1.54.4,3-4-2,6250,21,3-4,1060,5,2-3-4,1750,8,3-4,590,2,,,,,,,
20250820,びわこ,8,予選,晴,南東,1,1,5,1,4695,尾 崎 雄 二,65,47,6.75,1,0.22,,3-4-2,6250,21,3-4,1060,5,2-3-4,1750,8,3-4,590,2,,,,,,,
20250820,びわこ,8,予選,晴,南東,1,1,6,6,5353,草 川 壮 良,58,51,6.74,6,0.08,,3-4-2,6250,21,3-4,1060,5,2-3-4,1750,8,3-4,590,2,,,,,,,
20250820,びわこ,9,予選特賞,晴,南西,3,3,1,2,4980,佐々木 完 太,55,24,6.75,2,0.25,1.51.0,2-1-4,5080,19,2-1,500,2,1-2-4,2070,8,1-2,210,1,,,,,,,
20250820,びわこ,9,予選特賞,晴,南西,3,3,2,1,3773,津 留 浩一郎,33,72,6.72,1,0.21,1.52.5,2-1-4,5080,19,2-1,500,2,1-2-4,2070,8,1-2,210,1,,,,,,,
20250820,びわこ,9,予選特賞,晴,南西,3,3,3,4,4390,松 本 弓 雄,71,28,6.75,4,0.25,1.53.9,2-1-4,5080,19,2-1,500,2,1-2-4,2070,8,1-2,210,1,,,,,,,
20250820,びわこ,9,予選特賞,晴,南西,3,3,4,5,3679,飯 島 昌 弘,69,45,6.78,5,0.17,1.54.5,2-1-4,5080,19,2-1,500,2,1-2-4,2070,8,1-2,210,1,,,,,,,
20250820,びわこ,9,予選特賞,晴,南西,3,3,5,3,4952,吉 武 真 也,20,27,6.67,3,0.24,,2-1-4,5080,19,2-1,500,2,1-2-4,2070,8,1-2,210,1,,,,,,,
20250820,びわこ,9,予選特賞,晴,南西,3,3,6,6,4704,河 野 大,56,37,6.67,6,0.22,,2-1-4,5080,19,2-1,500,2,1-2-4,2070,8,1-2,210,1,,,,,,,
20250820,びわこ,10,予選特賞,晴,南,4,4,1,1,4575,戸 塚 邦 好,72,39,6.75,1,0.13,1.58.0,1-2-3,560,1,1-2,270,1,1-2-3,420,2,1-2,200,1,,,,,,,
20250820,びわこ,10,予選特賞,晴,南,4,4,2,2,3946,赤 岩 善 生,49,36,6.76,2,0.18,2.01.1,1-2-3,560,1,1-2,270,1,1-2-3,420,2,1-2,200,1,,,,,,,
20250820,びわこ,10,予選特賞,晴,南,4,4,3,3,4396,大 田 直 弥,62,30,6.75,3,0.22,2.03.5,1-2-3,560,1,1-2,270,1,1-2-3,420,2,1-2,200,1,,,,,,,
20250820,びわこ,10,予選特賞,晴,南,4,4,4,6,3333,丸 尾 義 孝,27,65,6.77,6,0.20,2.04.3,1-2-3,560,1,1-2,270,1,1-2-3,420,2,1-2,200,1,,,,,,,
20250820,びわこ,10,予選特賞,晴,南,4,4,5,4,5290,坂 本 一 真,38,38,6.73,4,0.26,,1-2-3,560,1,1-2,270,1,1-2-3,420,2,1-2,200,1,,,,,,,
20250820,びわこ,10,予選特賞,晴,南,4,4,S0,5,5252,荒 木 颯 斗,51,69,6.60,5,0.22,,1-2-3,560,1,1-2,270,1,1-2-3,420,2,1-2,200,1,,,,,,,
20250820,びわこ,11,予選特選,晴,南,2,2,1,5,5232,樅 山 拓 馬,45,73,6.82,5,0.28,1.50.7,5-1-6,17920,39,5-1,5800,14,1-5-6,1230,5,1-5,1310,5,,,,,,,
20250820,びわこ,11,予選特選,晴,南,2,2,2,1,4543,重 木 輝 彦,68,49,6.75,1,0.24,1.52.3,5-1-6,17920,39,5-1,5800,14,1-5-6,1230,5,1-5,1310,5,,,,,,,
20250820,びわこ,11,予選特選,晴,南,2,2,3,6,4652,酒 見 峻 介,41,44,6.71,6,0.35,1.52.8,5-1-6,17920,39,5-1,5800,14,1-5-6,1230,5,1-5,1310,5,,,,,,,
20250820,びわこ,11,予選特選,晴,南,2,2,4,3,4254,川 島 圭 司,18,71,6.73,3,0.27,1.54.9,5-1-6,17920,39,5-1,5800,14,1-5-6,1230,5,1-5,1310,5,,,,,,,
20250820,びわこ,11,予選特選,晴,南,2,2,5,2,4789,古 賀 智 之,59,48,6.82,2,0.25,,5-1-6,17920,39,5-1,5800,14,1-5-6,1230,5,1-5,1310,5,,,,,,,
20250820,びわこ,11,予選特選,晴,南,2,2,6,4,3587,武 田 信 一,60,59,6.76,4,0.38,,5-1-6,17920,39,5-1,5800,14,1-5-6,1230,5,1-5,1310,5,,,,,,,
20250820,びわこ,12,予選特選,晴,南,1,1,1,6,4914,吉 田 裕 平,30,13,6.58,6,0.08,1.48.6,6-1-4,2560,7,6-1,1040,4,1-4-6,290,1,1-6,190,1,,,,,,,
20250820,びわこ,12,予選特選,晴,南,1,1,2,1,5197,中 野 仁 照,73,40,6.65,1,0.11,1.51.4,6-1-4,2560,7,6-1,1040,4,1-4-6,290,1,1-6,190,1,,,,,,,
20250820,びわこ,12,予選特選,晴,南,1,1,3,4,4594,谷 川 祐 一,32,68,6.65,4,0.12,1.52.6,6-1-4,2560,7,6-1,1040,4,1-4-6,290,1,1-6,190,1,,,,,,,
20250820,びわこ,12,予選特選,晴,南,1,1,4,2,4294,古 賀 繁 輝,14,26,6.63,2,0.11,1.54.8,6-1-4,2560,7,6-1,1040,4,1-4-6,290,1,1-6,190,1,,,,,,,
20250820,びわこ,12,予選特選,晴,南,1,1,5,3,4204,柴 田 大 輔,52,21,6.66,3,0.15,,6-1-4,2560,7,6-1,1040,4,1-4-6,290,1,1-6,190,1,,,,,,,
20250820,びわこ,12,予選特選,晴,南,1,1,6,5,5031,渡 辺 空 依,22,41,6.73,5,0.16,,6-1-4,2560,7,6-1,1040,4,1-4-6,290,1,1-6,190,1,,,,,,,
20250820,丸亀,1,予選,晴,西,4,4,1,1,3568,木 村 光 宏,16,46,6.88,1,0.25,1.51.1,1-5-6,2300,7,1-5,880,4,1-5-6,750,4,1-5,650,4,,,,,,,
20250820,丸亀,1,予選,晴,西,4,4,2,5,5352,西 岡 蒼 志,31,60,6.88,5,0.23,1.51.3,1-5-6,2300,7,1-5,880,4,1-5-6,750,4,1-5,650,4,,,,,,,
20250820,丸亀,1,予選,晴,西,4,4,3,6,4823,中 村 桃 佳,46,1,6.87,6,0.25,1.53.3,1-5-6,2300,7,1-5,880,4,1-5-6,750,4,1-5,650,4,,,,,,,
20250820,丸亀,1,予選,晴,西,4,4,4,2,4821,妻 鳥 晋 也,15,5,6.90,2,0.39,1.55.5,1-5-6,2300,7,1-5,880,4,1-5-6,750,4,1-5,650,4,,,,,,,
20250820,丸亀,1,予選,晴,西,4,4,5,3,5173,谷 口 佳 蓮,49,38,6.95,3,0.28,1.56.2,1-5-6,2300,7,1-5,880,4,1-5-6,750,4,1-5,650,4,,,,,,,
20250820,丸亀,1,予選,晴,西,4,4,6,4,5291,三 嶌 こころ,37,52,6.90,4,0.32,1.56.5,1-5-6,2300,7,1-5,880,4,1-5-6,750,4,1-5,650,4,,,,,,,
20250820,丸亀,2,予選,晴,南西,4,4,1,3,4739,中 村 晃 朋,52,34,6.82,3,0.09,1.53.5,3-4-6,8490,22,3-4,580,3,3-4-6,5810,9,3-4,370,2,,,,,,,
20250820,丸亀,2,予選,晴,南西,4,4,2,4,3837,秋 山 広 一,47,55,6.84,4,0.10,1.56.2,3-4-6,8490,22,3-4,580,3,3-4-6,5810,9,3-4,370,2,,,,,,,
20250820,丸亀,2,予選,晴,南西,4,4,3,6,4010,越 智 照 浩,14,29,6.93,6,0.19,1.58.8,3-4-6,8490,22,3-4,580,3,3-4-6,5810,9,3-4,370,2,,,,,,,
20250820,丸亀,2,予選,晴,南西,4,4,4,5,3910,松 下 知 幸,51,33,6.89,5,0.16,2.01.4,3-4-6,8490,22,3-4,580,3,3-4-6,5810,9,3-4,370,2,,,,,,,
20250820,丸亀,2,予選,晴,南西,4,4,5,2,3578,塩 田 雄 一,13,49,6.89,2,0.18,2.03.7,3-4-6,8490,22,3-4,580,3,3-4-6,5810,9,3-4,370,2,,,,,,,
20250820,丸亀,2,予選,晴,南西,4,4,S1,1,5298,水 谷 理 人,20,66,6.87,1,0.11,,3-4-6,8490,22,3-4,580,3,3-4-6,5810,9,3-4,370,2,,,,,,,
20250820,丸亀,3,予選,晴,南西,3,3,1,3,5257,西 丸 侑太朗,56,31,6.83,3,0.16,2.00.3,3-5-1,6070,26,3-5,1850,8,1-3-5,1310,6,3-5,800,4,,,,,,,
20250820,丸亀,3,予選,晴,南西,3,3,2,5,3401,上 田 隆 章,59,12,6.94,4,0.24,2.02.8,3-5-1,6070,26,3-5,1850,8,1-3-5,1310,6,3-5,800,4,,,,,,,
20250820,丸亀,3,予選,晴,南西,3,3,3,1,5265,大 廣 咲 季,41,37,6.92,1,0.11,2.09.1,3-5-1,6070,26,3-5,1850,8,1-3-5,1310,6,3-5,800,4,,,,,,,
20250820,丸亀,3,予選,晴,南西,3,3,4,4,5326,三 嶌 さらら,4,57,6.96,6,0.05,2.14.2,3-5-1,6070,26,3-5,1850,8,1-3-5,1310,6,3-5,800,4,,,,,,,
20250820,丸亀,3,予選,晴,南西,3,3,S0,2,4511,中 岡 健 人,36,45,6.95,2,0.11,,3-5-1,6070,26,3-5,1850,8,1-3-5,1310,6,3-5,800,4,,,,,,,
20250820,丸亀,3,予選,晴,南西,3,3,S2,6,4450,平 高 奈 菜,57,2,6.82,5,0.05,,3-5-1,6070,26,3-5,1850,8,1-3-5,1310,6,3-5,800,4,,,,,,,
20250820,丸亀,4,予選,晴,南西,3,3,1,3,3849,中 岡 正 彦,18,26,6.91,3,0.09,1.51.3,3-6-5,3690,12,3-6,1250,5,3-5-6,720,3,3-6,860,4,,,,,,,
20250820,丸亀,4,予選,晴,南西,3,3,2,6,3442,宮 武 英 司,58,62,6.92,6,0.16,1.53.1,3-6-5,3690,12,3-6,1250,5,3-5-6,720,3,3-6,860,4,,,,,,,
20250820,丸亀,4,予選,晴,南西,3,3,3,5,3541,三 嶌 誠 司,43,17,6.98,5,0.15,1.55.0,3-6-5,3690,12,3-6,1250,5,3-5-6,720,3,3-6,860,4,,,,,,,
20250820,丸亀,4,予選,晴,南西,3,3,4,2,4894,原 村 拓 也,25,28,6.91,2,0.17,1.56.6,3-6-5,3690,12,3-6,1250,5,3-5-6,720,3,3-6,860,4,,,,,,,
20250820,丸亀,4,予選,晴,南西,3,3,5,4,3478,嶋 田 貴 支,1,4,7.01,4,0.14,1.57.9,3-6-5,3690,12,3-6,1250,5,3-5-6,720,3,3-6,860,4,,,,,,,
20250820,丸亀,4,予選,晴,南西,3,3,6,1,4020,川 上 清 人,11,19,6.88,1,0.23,2.01.8,3-6-5,3690,12,3-6,1250,5,3-5-6,720,3,3-6,860,4,,,,,,,
20250820,丸亀,5,予選,晴,西,3,3,1,3,4324,海 野 康志郎,55,64,6.98,3,0.15,1.51.9,3-1-5,2350,10,3-1,740,3,1-3-5,730,4,1-3,330,2,,,,,,,
20250820,丸亀,5,予選,晴,西,3,3,2,1,3832,下 田 哲 也,9,22,6.87,1,0.16,1.52.9,3-1-5,2350,10,3-1,740,3,1-3-5,730,4,1-3,330,2,,,,,,,
20250820,丸亀,5,予選,晴,西,3,3,3,5,4348,宮 崎 奨,8,24,7.04,4,0.41,1.54.2,3-1-5,2350,10,3-1,740,3,1-3-5,730,4,1-3,330,2,,,,,,,
20250820,丸亀,5,予選,晴,西,3,3,4,4,4821,妻 鳥 晋 也,15,5,7.01,6,0.31,1.56.1,3-1-5,2350,10,3-1,740,3,1-3-5,730,4,1-3,330,2,,,,,,,
20250820,丸亀,5,予選,晴,西,3,3,5,6,3701,大 西 隆 洋,10,6,7.04,5,0.29,1.56.7,3-1-5,2350,10,3-1,740,3,1-3-5,730,4,1-3,330,2,,,,,,,
20250820,丸亀,5,予選,晴,西,3,3,6,2,4437,中 田 元 泰,60,32,6.94,2,0.12,1.57.1,3-1-5,2350,10,3-1,740,3,1-3-5,730,4,1-3,330,2,,,,,,,
20250820,丸亀,6,かけうどん６,晴,南西,3,3,1,1,4452,松 尾 祭,66,58,6.92,1,0.05,1.50.9,1-2-4,1720,5,1-2,640,3,1-2-4,570,3,1-2,360,2,,,,,,,
20250820,丸亀,6,かけうどん６,晴,南西,3,3,2,2,5037,田 頭 虎 親,21,35,6.92,2,0.06,1.52.3,1-2-4,1720,5,1-2,640,3,1-2-4,570,3,1-2,360,2,,,,,,,
20250820,丸亀,6,かけうどん６,晴,南西,3,3,3,4,4852,川 原 祐 明,19,47,6.86,4,0.16,1.52.7,1-2-4,1720,5,1-2,640,3,1-2-4,570,3,1-2,360,2,,,,,,,
20250820,丸亀,6,かけうどん６,晴,南西,3,3,4,6,3908,重 成 一 人,39,65,7.02,6,0.21,1.54.0,1-2-4,1720,5,1-2,640,3,1-2-4,570,3,1-2,360,2,,,,,,,
20250820,丸亀,6,かけうどん６,晴,南西,3,3,5,3,5241,門 田 栞,27,25,6.88,3,0.06,1.54.4,1-2-4,1720,5,1-2,640,3,1-2-4,570,3,1-2,360,2,,,,,,,
20250820,丸亀,6,かけうどん６,晴,南西,3,3,6,5,5291,三 嶌 こころ,37,52,6.98,5,0.22,1.56.5,1-2-4,1720,5,1-2,640,3,1-2-4,570,3,1-2,360,2,,,,,,,
20250820,丸亀,7,ざるうどん７,晴,南西,3,3,1,4,4643,近 江 翔 吾,45,7,6.93,4,0.08,1.51.1,4-2-6,13280,50,4-2,2670,13,2-4-6,5630,17,2-4,1460,9,,,,,,,
20250820,丸亀,7,ざるうどん７,晴,南西,3,3,2,2,3401,上 田 隆 章,59,12,7.02,2,0.15,1.52.3,4-2-6,13280,50,4-2,2670,13,2-4-6,5630,17,2-4,1460,9,,,,,,,
20250820,丸亀,7,ざるうどん７,晴,南西,3,3,3,6,4583,古 田 祐 貴,62,39,6.98,6,0.18,1.53.0,4-2-6,13280,50,4-2,2670,13,2-4-6,5630,17,2-4,1460,9,,,,,,,
20250820,丸亀,7,ざるうどん７,晴,南西,3,3,4,3,4823,中 村 桃 佳,46,1,6.96,3,0.08,1.53.6,4-2-6,13280,50,4-2,2670,13,2-4-6,5630,17,2-4,1460,9,,,,,,,
20250820,丸亀,7,ざるうどん７,晴,南西,3,3,5,5,5224,西 岡 顕 心,53,18,6.98,5,0.15,1.54.5,4-2-6,13280,50,4-2,2670,13,2-4-6,5630,17,2-4,1460,9,,,,,,,
20250820,丸亀,7,ざるうどん７,晴,南西,3,3,6,1,3578,塩 田 雄 一,13,49,7.00,1,0.19,1.57.0,4-2-6,13280,50,4-2,2670,13,2-4-6,5630,17,2-4,1460,9,,,,,,,
20250820,丸亀,8,釜揚げ８ 進入固定,晴,南西,3,3,1,1,4459,片 岡 雅 裕,40,3,6.94,1,0.08,1.50.8,1-2-4,530,1,1-2,210,1,1-2-4,310,1,1-2,140,1,,,,,,,
20250820,丸亀,8,釜揚げ８ 進入固定,晴,南西,3,3,2,2,4529,嶋 義 信,65,43,6.93,2,0.09,1.52.5,1-2-4,530,1,1-2,210,1,1-2-4,310,1,1-2,140,1,,,,,,,
20250820,丸亀,8,釜揚げ８ 進入固定,晴,南西,3,3,3,4,5218,山 田 理 央,6,44,6.88,4,0.07,1.53.2,1-2-4,530,1,1-2,210,1,1-2-4,310,1,1-2,140,1,,,,,,,
20250820,丸亀,8,釜揚げ８ 進入固定,晴,南西,3,3,4,3,3710,吉 永 泰 弘,17,59,6.84,3,0.11,1.54.0,1-2-4,530,1,1-2,210,1,1-2-4,310,1,1-2,140,1,,,,,,,
20250820,丸亀,8,釜揚げ８ 進入固定,晴,南西,3,3,5,6,5352,西 岡 蒼 志,31,60,6.96,6,0.10,1.54.9,1-2-4,530,1,1-2,210,1,1-2-4,310,1,1-2,140,1,,,,,,,
20250820,丸亀,8,釜揚げ８ 進入固定,晴,南西,3,3,6,5,5298,水 谷 理 人,20,66,6.90,5,0.12,1.57.1,1-2-4,530,1,1-2,210,1,1-2-4,310,1,1-2,140,1,,,,,,,
20250820,丸亀,9,予選,晴,南,1,1,1,1,4931,木 谷 賢 太,7,63,7.02,1,0.03,1.50.6,1-2-4,3740,12,1-2,300,1,1-2-4,2310,6,1-2,250,2,,,,,,,
20250820,丸亀,9,予選,晴,南,1,1,2,2,4450,平 高 奈 菜,57,2,6.90,2,0.12,1.52.7,1-2-4,3740,12,1-2,300,1,1-2-4,2310,6,1-2,250,2,,,,,,,
20250820,丸亀,9,予選,晴,南,1,1,3,4,3701,大 西 隆 洋,10,6,7.07,4,0.13,1.54.3,1-2-4,3740,12,1-2,300,1,1-2-4,2310,6,1-2,250,2,,,,,,,
20250820,丸亀,9,予選,晴,南,1,1,4,3,4776,竹 田 和 哉,23,56,7.07,3,0.03,1.54.7,1-2-4,3740,12,1-2,300,1,1-2-4,2310,6,1-2,250,2,,,,,,,
20250820,丸亀,9,予選,晴,南,1,1,5,5,3849,中 岡 正 彦,18,26,7.02,5,0.12,1.55.7,1-2-4,3740,12,1-2,300,1,1-2-4,2310,6,1-2,250,2,,,,,,,
20250820,丸亀,9,予選,晴,南,1,1,6,6,3910,松 下 知 幸,51,33,6.99,6,0.16,1.57.7,1-2-4,3740,12,1-2,300,1,1-2-4,2310,6,1-2,250,2,,,,,,,
20250820,丸亀,10,予選,晴,南西,3,3,1,5,3908,重 成 一 人,39,65,6.88,5,0.06,1.50.3,5-1-3,3200,10,5-1,1620,6,1-3-5,240,1,1-5,400,3,,,,,,,
20250820,丸亀,10,予選,晴,南西,3,3,2,1,4030,森 高 一 真,29,61,6.97,1,0.09,1.52.5,5-1-3,3200,10,5-1,1620,6,1-3-5,240,1,1-5,400,3,,,,,,,
20250820,丸亀,10,予選,晴,南西,3,3,3,3,4772,石 丸 海 渡,61,11,6.90,3,0.07,1.53.6,5-1-3,3200,10,5-1,1620,6,1-3-5,240,1,1-5,400,3,,,,,,,
20250820,丸亀,10,予選,晴,南西,3,3,4,4,4010,越 智 照 浩,14,29,6.98,4,0.08,1.54.0,5-1-3,3200,10,5-1,1620,6,1-3-5,240,1,1-5,400,3,,,,,,,
20250820,丸亀,10,予選,晴,南西,3,3,5,2,4348,宮 崎 奨,8,24,6.97,2,0.13,1.57.1,5-1-3,3200,10,5-1,1620,6,1-3-5,240,1,1-5,400,3,,,,,,,
20250820,丸亀,10,予選,晴,南西,3,3,6,6,3478,嶋 田 貴 支,1,4,7.04,6,0.13,1.59.1,5-1-3,3200,10,5-1,1620,6,1-3-5,240,1,1-5,400,3,,,,,,,
20250820,丸亀,11,一般選抜,晴,南西,3,3,1,1,4739,中 村 晃 朋,52,34,6.91,1,0.14,1.50.3,1-2-6,2710,9,1-2,450,2,1-2-6,1660,5,1-2,230,1,,,,,,,
20250820,丸亀,11,一般選抜,晴,南西,3,3,2,2,5257,西 丸 侑太朗,56,48,6.91,2,0.17,1.50.6,1-2-6,2710,9,1-2,450,2,1-2-6,1660,5,1-2,230,1,,,,,,,
20250820,丸亀,11,一般選抜,晴,南西,3,3,3,6,4324,海 野 康志郎,55,64,6.96,6,0.18,1.53.5,1-2-6,2710,9,1-2,450,2,1-2-6,1660,5,1-2,230,1,,,,,,,
20250820,丸亀,11,一般選抜,晴,南西,3,3,4,3,4643,近 江 翔 吾,45,7,6.93,3,0.16,1.54.1,1-2-6,2710,9,1-2,450,2,1-2-6,1660,5,1-2,230,1,,,,,,,
20250820,丸亀,11,一般選抜,晴,南西,3,3,5,5,4852,川 原 祐 明,19,47,6.96,5,0.25,1.55.2,1-2-6,2710,9,1-2,450,2,1-2-6,1660,5,1-2,230,1,,,,,,,
20250820,丸亀,11,一般選抜,晴,南西,3,3,6,4,4894,原 村 拓 也,25,28,7.01,4,0.25,1.57.6,1-2-6,2710,9,1-2,450,2,1-2-6,1660,5,1-2,230,1,,,,,,,
20250820,丸亀,12,一般選抜,晴,南,2,2,1,1,5224,西 岡 顕 心,53,18,6.95,1,0.14,1.49.7,1-4-5,1110,3,1-4,310,1,1-4-5,570,2,1-4,260,1,,,,,,,
20250820,丸亀,12,一般選抜,晴,南,2,2,2,4,4459,片 岡 雅 裕,40,3,6.95,4,0.09,1.50.7,1-4-5,1110,3,1-4,310,1,1-4-5,570,2,1-4,260,1,,,,,,,
20250820,丸亀,12,一般選抜,晴,南,2,2,3,5,3837,秋 山 広 一,47,55,6.96,5,0.11,1.53.2,1-4-5,1110,3,1-4,310,1,1-4-5,570,2,1-4,260,1,,,,,,,
20250820,丸亀,12,一般選抜,晴,南,2,2,4,3,4452,松 尾 祭,66,58,6.99,3,0.16,1.53.6,1-4-5,1110,3,1-4,310,1,1-4-5,570,2,1-4,260,1,,,,,,,
20250820,丸亀,12,一般選抜,晴,南,2,2,5,2,3541,三 嶌 誠 司,43,17,6.96,2,0.21,1.55.6,1-4-5,1110,3,1-4,310,1,1-4-5,570,2,1-4,260,1,,,,,,,
20250820,丸亀,12,一般選抜,晴,南,2,2,6,6,4437,中 田 元 泰,60,32,6.94,6,0.17,1.58.2,1-4-5,1110,3,1-4,310,1,1-4-5,570,2,1-4,260,1,,,,,,,
20250820,児島,1,一般,晴,南東,2,3,1,1,3933,山 地 正 樹,31,35,6.85,1,0.14,1.50.9,1-2-4,700,1,1-2,370,1,1-2-4,330,1,1-2,380,3,,,,,,,
20250820,児島,1,一般,晴,南東,2,3,2,2,5181,森 智 哉,68,65,6.93,2,0.18,1.52.4,1-2-4,700,1,1-2,370,1,1-2-4,330,1,1-2,380,3,,,,,,,
20250820,児島,1,一般,晴,南東,2,3,3,4,3685,荒 井 輝 年,58,45,6.94,4,0.16,1.53.4,1-2-4,700,1,1-2,370,1,1-2-4,330,1,1-2,380,3,,,,,,,
20250820,児島,1,一般,晴,南東,2,3,4,3,3935,岩 津 徹 郎,22,32,6.94,3,0.11,1.54.1,1-2-4,700,1,1-2,370,1,1-2-4,330,1,1-2,380,3,,,,,,,
20250820,児島,1,一般,晴,南東,2,3,5,5,3949,今 出 晋 二,30,40,6.95,5,0.17,,1-2-4,700,1,1-2,370,1,1-2-4,330,1,1-2,380,3,,,,,,,
20250820,児島,1,一般,晴,南東,2,3,6,6,5373,諏 訪 玲 奈,37,54,6.94,6,0.19,,1-2-4,700,1,1-2,370,1,1-2-4,330,1,1-2,380,3,,,,,,,
20250820,児島,2,一般,晴,南東,2,3,1,1,4370,山 口 達 也,47,63,6.90,1,0.12,1.49.2,1-3-5,1200,5,1-3,230,1,1-3-5,950,7,1-3,320,2,,,,,,,
20250820,児島,2,一般,晴,南東,2,3,2,3,3975,小野寺 智 洋,41,71,6.88,3,0.13,1.51.7,1-3-5,1200,5,1-3,230,1,1-3-5,950,7,1-3,320,2,,,,,,,
20250820,児島,2,一般,晴,南東,2,3,3,5,3454,井 川 大 作,60,74,6.90,5,0.15,1.52.7,1-3-5,1200,5,1-3,230,1,1-3-5,950,7,1-3,320,2,,,,,,,
20250820,児島,2,一般,晴,南東,2,3,4,4,4054,福 嶋 智 之,26,41,6.91,4,0.27,1.54.2,1-3-5,1200,5,1-3,230,1,1-3-5,950,7,1-3,320,2,,,,,,,
20250820,児島,2,一般,晴,南東,2,3,5,2,4202,浮 田 圭 浩,33,60,6.99,2,0.11,,1-3-5,1200,5,1-3,230,1,1-3-5,950,7,1-3,320,2,,,,,,,
20250820,児島,2,一般,晴,南東,2,3,6,6,4842,山 下 昂 大,65,34,6.85,6,0.24,,1-3-5,1200,5,1-3,230,1,1-3-5,950,7,1-3,320,2,,,,,,,
20250820,児島,3,一般,晴,北西,1,1,1,1,4441,末 永 由 楽,12,46,6.81,1,0.11,1.50.0,1-3-6,660,1,1-3,210,1,1-3-6,400,2,1-3,390,2,,,,,,,
20250820,児島,3,一般,晴,北西,1,1,2,3,5109,川 崎 智 稔,59,12,6.78,3,0.15,1.51.2,1-3-6,660,1,1-3,210,1,1-3-6,400,2,1-3,390,2,,,,,,,
20250820,児島,3,一般,晴,北西,1,1,3,6,4166,吉 田 拡 郎,43,38,6.83,6,0.16,1.52.2,1-3-6,660,1,1-3,210,1,1-3-6,400,2,1-3,390,2,,,,,,,
20250820,児島,3,一般,晴,北西,1,1,4,2,4423,坂 口 貴 彦,51,33,6.79,2,0.21,1.54.3,1-3-6,660,1,1-3,210,1,1-3-6,400,2,1-3,390,2,,,,,,,
20250820,児島,3,一般,晴,北西,1,1,5,5,3982,福 田 理,52,66,6.91,5,0.20,,1-3-6,660,1,1-3,210,1,1-3-6,400,2,1-3,390,2,,,,,,,
20250820,児島,3,一般,晴,北西,1,1,6,4,3775,泉 啓 文,28,21,6.85,4,0.18,,1-3-6,660,1,1-3,210,1,1-3-6,400,2,1-3,390,2,,,,,,,
20250820,児島,4,一般,晴,南西,3,3,1,6,3874,山 本 寛 久,35,49,6.81,6,0.07,1.50.0,6-1-5,8940,25,6-1,5420,11,1-5-6,270,1,1-6,710,4,,,,,,,
20250820,児島,4,一般,晴,南西,3,3,2,1,4584,村 岡 賢 人,54,36,6.84,1,0.12,1.51.3,6-1-5,8940,25,6-1,5420,11,1-5-6,270,1,1-6,710,4,,,,,,,
20250820,児島,4,一般,晴,南西,3,3,3,5,4418,茅 原 悠 紀,16,43,6.84,5,0.07,1.51.8,6-1-5,8940,25,6-1,5420,11,1-5-6,270,1,1-6,710,4,,,,,,,
20250820,児島,4,一般,晴,南西,3,3,4,2,5299,西 丸 敦 基,36,53,6.89,2,0.16,1.54.5,6-1-5,8940,25,6-1,5420,11,1-5-6,270,1,1-6,710,4,,,,,,,
20250820,児島,4,一般,晴,南西,3,3,5,3,4323,山 田 佑 樹,56,42,6.86,3,0.18,,6-1-5,8940,25,6-1,5420,11,1-5-6,270,1,1-6,710,4,,,,,,,
20250820,児島,4,一般,晴,南西,3,3,6,4,3660,長谷川 親 王,66,39,6.85,4,0.12,,6-1-5,8940,25,6-1,5420,11,1-5-6,270,1,1-6,710,4,,,,,,,
20250820,児島,5,一般,晴,南東,1,1,1,1,4884,勝 浦 真 帆,70,24,6.78,1,0.06,1.49.7,1-3-4,1840,9,1-3,520,3,1-3-4,760,5,1-3,410,3,,,,,,,
20250820,児島,5,一般,晴,南東,1,1,2,3,4065,金 田 幸 子,64,47,6.89,3,0.16,1.50.8,1-3-4,1840,9,1-3,520,3,1-3-4,760,5,1-3,410,3,,,,,,,
20250820,児島,5,一般,晴,南東,1,1,3,4,5317,長 尾 萌 加,40,69,6.80,4,0.18,1.52.1,1-3-4,1840,9,1-3,520,3,1-3-4,760,5,1-3,410,3,,,,,,,
20250820,児島,5,一般,晴,南東,1,1,4,6,4482,守 屋 美 穂,24,73,6.90,6,0.19,1.52.4,1-3-4,1840,9,1-3,520,3,1-3-4,760,5,1-3,410,3,,,,,,,
20250820,児島,5,一般,晴,南東,1,1,5,2,5165,小 林 愛 実,20,29,6.77,2,0.13,,1-3-4,1840,9,1-3,520,3,1-3-4,760,5,1-3,410,3,,,,,,,
20250820,児島,5,一般,晴,南東,1,1,6,5,5373,諏 訪 玲 奈,37,54,6.94,5,0.20,,1-3-4,1840,9,1-3,520,3,1-3-4,760,5,1-3,410,3,,,,,,,
20250820,児島,6,一般,晴,北西,2,3,1,1,3746,岡 瀬 正 人,32,30,6.92,1,0.06,1.50.2,1-2-5,610,1,1-2,260,1,1-2-5,250,1,1-2,250,2,,,,,,,
20250820,児島,6,一般,晴,北西,2,3,2,2,3907,村 越 篤,53,56,6.81,2,0.05,1.50.9,1-2-5,610,1,1-2,260,1,1-2-5,250,1,1-2,250,2,,,,,,,
20250820,児島,6,一般,晴,北西,2,3,3,5,4537,渡 邉 和 将,39,20,6.86,5,0.18,1.53.2,1-2-5,610,1,1-2,260,1,1-2-5,250,1,1-2,250,2,,,,,,,
20250820,児島,6,一般,晴,北西,2,3,4,3,3685,荒 井 輝 年,58,45,6.91,3,0.09,1.54.4,1-2-5,610,1,1-2,260,1,1-2-5,250,1,1-2,250,2,,,,,,,
20250820,児島,6,一般,晴,北西,2,3,5,6,4562,阪 本 勇 介,11,15,6.83,6,0.19,,1-2-5,610,1,1-2,260,1,1-2-5,250,1,1-2,250,2,,,,,,,
20250820,児島,6,一般,晴,北西,2,3,6,4,5374,木 山 大 聖,55,22,6.91,4,0.09,,1-2-5,610,1,1-2,260,1,1-2-5,250,1,1-2,250,2,,,,,,,
20250820,児島,7,一般,晴,北,2,3,1,2,3949,今 出 晋 二,30,40,6.90,2,0.01,1.50.8,2-6-5,207530,111,2-6,23400,21,2-5-6,14800,19,2-6,2450,9,,,,,,,
20250820,児島,7,一般,晴,北,2,3,2,6,4762,藤 原 啓史朗,17,23,6.84,6,0.13,1.51.6,2-6-5,207530,111,2-6,23400,21,2-5-6,14800,19,2-6,2450,9,,,,,,,
20250820,児島,7,一般,晴,北,2,3,3,5,3975,小野寺 智 洋,41,71,6.84,5,0.08,1.52.8,2-6-5,207530,111,2-6,23400,21,2-5-6,14800,19,2-6,2450,9,,,,,,,
20250820,児島,7,一般,晴,北,2,3,4,3,3866,木 山 誠 一,13,13,7.01,3,0.05,1.54.8,2-6-5,207530,111,2-6,23400,21,2-5-6,14800,19,2-6,2450,9,,,,,,,
20250820,児島,7,一般,晴,北,2,3,5,1,3822,平 尾 崇 典,38,50,6.79,1,0.06,,2-6-5,207530,111,2-6,23400,21,2-5-6,14800,19,2-6,2450,9,,,,,,,
20250820,児島,7,一般,晴,北,2,3,S1,4,5109,川 崎 智 稔,59,12,6.87,4,0.07,,2-6-5,207530,111,2-6,23400,21,2-5-6,14800,19,2-6,2450,9,,,,,,,
20250820,児島,8,一般,晴,南西,3,3,1,1,4172,森 定 晃 史,67,27,6.86,1,0.05,1.50.9,1-3-6,2290,9,1-3,650,3,1-3-6,1420,9,1-3,370,2,,,,,,,
20250820,児島,8,一般,晴,南西,3,3,2,3,3775,泉 啓 文,28,21,6.93,3,0.12,1.51.7,1-3-6,2290,9,1-3,650,3,1-3-6,1420,9,1-3,370,2,,,,,,,
20250820,児島,8,一般,晴,南西,3,3,3,6,4580,長谷川 雅 和,45,61,6.89,6,0.22,1.53.7,1-3-6,2290,9,1-3,650,3,1-3-6,1420,9,1-3,370,2,,,,,,,
20250820,児島,8,一般,晴,南西,3,3,4,5,3233,小 畑 実 成,34,31,7.01,5,0.19,1.54.6,1-3-6,2290,9,1-3,650,3,1-3-6,1420,9,1-3,370,2,,,,,,,
20250820,児島,8,一般,晴,南西,3,3,5,2,3454,井 川 大 作,60,74,6.92,2,0.10,,1-3-6,2290,9,1-3,650,3,1-3-6,1420,9,1-3,370,2,,,,,,,
20250820,児島,8,一般,晴,南西,3,3,6,4,3935,岩 津 徹 郎,22,32,6.92,4,0.18,,1-3-6,2290,9,1-3,650,3,1-3-6,1420,9,1-3,370,2,,,,,,,
20250820,児島,9,一般,晴,南西,3,3,1,1,3300,川 崎 智 幸,27,37,6.86,1,0.15,1.50.9,1-4-2,1640,4,1-4,460,2,1-2-4,510,2,1-4,300,1,,,,,,,
20250820,児島,9,一般,晴,南西,3,3,2,4,4323,山 田 佑 樹,56,42,6.75,4,0.11,1.52.1,1-4-2,1640,4,1-4,460,2,1-2-4,510,2,1-4,300,1,,,,,,,
20250820,児島,9,一般,晴,南西,3,3,3,2,3982,福 田 理,52,66,6.80,2,0.16,1.54.7,1-4-2,1640,4,1-4,460,2,1-2-4,510,2,1-4,300,1,,,,,,,
20250820,児島,9,一般,晴,南西,3,3,4,3,4054,福 嶋 智 之,26,41,6.84,3,0.17,1.54.9,1-4-2,1640,4,1-4,460,2,1-2-4,510,2,1-4,300,1,,,,,,,
20250820,児島,9,一般,晴,南西,3,3,5,6,5058,前 原 大 道,23,26,6.84,6,0.15,,1-4-2,1640,4,1-4,460,2,1-2-4,510,2,1-4,300,1,,,,,,,
20250820,児島,9,一般,晴,南西,3,3,6,5,5181,森 智 哉,68,65,6.80,5,0.14,,1-4-2,1640,4,1-4,460,2,1-2-4,510,2,1-4,300,1,,,,,,,
20250820,児島,10,準優勝戦,晴,南,3,3,1,1,4166,吉 田 拡 郎,43,38,6.85,1,0.15,1.49.8,1-2-5,1530,5,1-2,200,1,1-2-5,800,4,1-2,160,1,,,,,,,
20250820,児島,10,準優勝戦,晴,南,3,3,2,2,4584,村 岡 賢 人,54,36,6.81,2,0.08,1.51.4,1-2-5,1530,5,1-2,200,1,1-2-5,800,4,1-2,160,1,,,,,,,
20250820,児島,10,準優勝戦,晴,南,3,3,3,5,4423,坂 口 貴 彦,51,33,6.89,5,0.14,1.53.4,1-2-5,1530,5,1-2,200,1,1-2-5,800,4,1-2,160,1,,,,,,,
20250820,児島,10,準優勝戦,晴,南,3,3,4,6,4202,浮 田 圭 浩,33,60,7.00,6,0.16,1.54.4,1-2-5,1530,5,1-2,200,1,1-2-5,800,4,1-2,160,1,,,,,,,
20250820,児島,10,準優勝戦,晴,南,3,3,5,3,5317,長 尾 萌 加,40,69,6.82,3,0.07,,1-2-5,1530,5,1-2,200,1,1-2-5,800,4,1-2,160,1,,,,,,,
20250820,児島,10,準優勝戦,晴,南,3,3,6,4,4482,守 屋 美 穂,24,73,6.81,4,0.10,,1-2-5,1530,5,1-2,200,1,1-2-5,800,4,1-2,160,1,,,,,,,
20250820,児島,11,準優勝戦,晴,南東,2,3,1,1,3874,山 本 寛 久,35,49,6.79,1,0.04,1.50.2,1-2-3,660,1,1-2,260,1,1-2-3,350,1,1-2,220,1,,,,,,,
20250820,児島,11,準優勝戦,晴,南東,2,3,2,2,3822,平 尾 崇 典,38,50,6.81,2,0.07,1.51.0,1-2-3,660,1,1-2,260,1,1-2-3,350,1,1-2,220,1,,,,,,,
20250820,児島,11,準優勝戦,晴,南東,2,3,3,3,4370,山 口 達 也,47,63,6.86,3,0.06,1.52.2,1-2-3,660,1,1-2,260,1,1-2-3,350,1,1-2,220,1,,,,,,,
20250820,児島,11,準優勝戦,晴,南東,2,3,4,6,3933,山 地 正 樹,31,35,6.84,4,0.10,1.53.1,1-2-3,660,1,1-2,260,1,1-2-3,350,1,1-2,220,1,,,,,,,
20250820,児島,11,準優勝戦,晴,南東,2,3,5,5,3907,村 越 篤,53,56,6.84,6,0.13,,1-2-3,660,1,1-2,260,1,1-2-3,350,1,1-2,220,1,,,,,,,
20250820,児島,11,準優勝戦,晴,南東,2,3,6,4,4441,末 永 由 楽,12,46,6.85,5,0.09,,1-2-3,660,1,1-2,260,1,1-2-3,350,1,1-2,220,1,,,,,,,
20250820,児島,12,準優勝戦,晴,南東,3,3,1,1,4762,藤 原 啓史朗,17,23,6.80,1,0.13,1.49.5,1-3-2,450,1,1-3,170,1,1-2-3,150,1,1-3,190,1,,,,,,,
20250820,児島,12,準優勝戦,晴,南東,3,3,2,3,4418,茅 原 悠 紀,16,43,6.81,3,0.16,1.50.4,1-3-2,450,1,1-3,170,1,1-2-3,150,1,1-3,190,1,,,,,,,
20250820,児島,12,準優勝戦,晴,南東,3,3,3,2,4537,渡 邉 和 将,39,20,6.82,2,0.11,1.52.6,1-3-2,450,1,1-3,170,1,1-2-3,150,1,1-3,190,1,,,,,,,
20250820,児島,12,準優勝戦,晴,南東,3,3,4,6,4172,森 定 晃 史,67,27,6.88,6,0.18,1.53.4,1-3-2,450,1,1-3,170,1,1-2-3,150,1,1-3,190,1,,,,,,,
20250820,児島,12,準優勝戦,晴,南東,3,3,5,4,3746,岡 瀬 正 人,32,30,6.85,4,0.20,,1-3-2,450,1,1-3,170,1,1-2-3,150,1,1-3,190,1,,,,,,,
20250820,児島,12,準優勝戦,晴,南東,3,3,6,5,4884,勝 浦 真 帆,70,24,6.75,5,0.16,,1-3-2,450,1,1-3,170,1,1-2-3,150,1,1-3,190,1,,,,,,,
20250820,唐津,1,朝１戦,晴,南西,4,4,1,1,5089,前 田 翔,55,9,6.74,1,0.16,1.50.1,1-3-5,1130,5,1-3,200,1,1-3-5,630,3,1-3,140,1,,,,,,,
20250820,唐津,1,朝１戦,晴,南西,4,4,2,3,5082,一 色 凌 雅,64,6,6.83,3,0.21,1.51.4,1-3-5,1130,5,1-3,200,1,1-3-5,630,3,1-3,140,1,,,,,,,
20250820,唐津,1,朝１戦,晴,南西,4,4,3,5,3507,藤 井 徹,32,27,6.80,5,0.26,1.54.0,1-3-5,1130,5,1-3,200,1,1-3-5,630,3,1-3,140,1,,,,,,,
20250820,唐津,1,朝１戦,晴,南西,4,4,4,6,4301,関 裕 也,50,30,6.79,6,0.18,1.55.0,1-3-5,1130,5,1-3,200,1,1-3-5,630,3,1-3,140,1,,,,,,,
20250820,唐津,1,朝１戦,晴,南西,4,4,5,2,4197,渥 美 卓 郎,57,15,6.85,2,0.19,1.55.4,1-3-5,1130,5,1-3,200,1,1-3-5,630,3,1-3,140,1,,,,,,,
20250820,唐津,1,朝１戦,晴,南西,4,4,6,4,4106,坂 井 康 嗣,18,1,6.72,4,0.28,2.00.7,1-3-5,1130,5,1-3,200,1,1-3-5,630,3,1-3,140,1,,,,,,,
20250820,唐津,2,モー２ング戦,晴,南,4,4,1,3,4822,百 武 翔,31,24,6.80,3,0.26,1.49.9,3-1-5,2830,9,3-1,770,5,1-3-5,290,2,1-3,200,1,,,,,,,
20250820,唐津,2,モー２ング戦,晴,南,4,4,2,1,4352,下 條 雄太郎,68,47,6.76,1,0.26,1.51.1,3-1-5,2830,9,3-1,770,5,1-3-5,290,2,1-3,200,1,,,,,,,
20250820,唐津,2,モー２ング戦,晴,南,4,4,3,5,4425,大 井 清 貴,51,12,6.81,5,0.21,1.53.3,3-1-5,2830,9,3-1,770,5,1-3-5,290,2,1-3,200,1,,,,,,,
20250820,唐津,2,モー２ング戦,晴,南,4,4,4,4,4299,中 島 浩 哉,34,39,6.86,4,0.26,1.54.9,3-1-5,2830,9,3-1,770,5,1-3-5,290,2,1-3,200,1,,,,,,,
20250820,唐津,2,モー２ング戦,晴,南,4,4,5,2,3211,北 川 敏 弘,49,37,6.77,2,0.29,1.56.6,3-1-5,2830,9,3-1,770,5,1-3-5,290,2,1-3,200,1,,,,,,,
20250820,唐津,2,モー２ング戦,晴,南,4,4,6,6,5201,村 上 宗太郎,38,21,6.79,6,0.26,1.57.5,3-1-5,2830,9,3-1,770,5,1-3-5,290,2,1-3,200,1,,,,,,,
20250820,唐津,3,３ライズ戦,晴,南西,3,3,1,1,4703,森 永 隆,46,53,6.75,1,0.01,1.49.5,1-3-2,420,1,1-3,220,1,1-2-3,230,1,1-3,150,1,,,,,,,
20250820,唐津,3,３ライズ戦,晴,南西,3,3,2,3,4063,市 橋 卓 士,20,13,6.77,3,0.09,1.52.0,1-3-2,420,1,1-3,220,1,1-2-3,230,1,1-3,150,1,,,,,,,
20250820,唐津,3,３ライズ戦,晴,南西,3,3,3,2,3784,中 島 友 和,42,56,6.78,2,0.03,1.53.6,1-3-2,420,1,1-3,220,1,1-2-3,230,1,1-3,150,1,,,,,,,
20250820,唐津,3,３ライズ戦,晴,南西,3,3,4,4,5339,石 井 伸 長,47,4,6.72,4,0.22,1.53.8,1-3-2,420,1,1-3,220,1,1-2-3,230,1,1-3,150,1,,,,,,,
20250820,唐津,3,３ライズ戦,晴,南西,3,3,5,6,3869,井 芹 大 志,52,11,6.73,6,0.34,1.55.3,1-3-2,420,1,1-3,220,1,1-2-3,230,1,1-3,150,1,,,,,,,
20250820,唐津,3,３ライズ戦,晴,南西,3,3,6,5,5382,山 下 心 一,69,10,6.71,5,0.38,1.58.0,1-3-2,420,1,1-3,220,1,1-2-3,230,1,1-3,150,1,,,,,,,
20250820,唐津,4,おは４戦,晴,南,4,4,1,1,4625,渡 邊 裕 貴,27,7,6.51,5,0.24,1.50.9,1-2-3,2010,5,1-2,980,4,1-2-3,430,1,1-2,510,2,,,,,,,
20250820,唐津,4,おは４戦,晴,南,4,4,2,2,3997,北 村 征 嗣,61,17,6.73,1,0.25,1.51.9,1-2-3,2010,5,1-2,980,4,1-2-3,430,1,1-2,510,2,,,,,,,
20250820,唐津,4,おは４戦,晴,南,4,4,3,3,5043,中 村 日 向,62,29,6.75,2,0.23,1.54.2,1-2-3,2010,5,1-2,980,4,1-2-3,430,1,1-2,510,2,,,,,,,
20250820,唐津,4,おは４戦,晴,南,4,4,4,5,3550,都 築 正 治,11,58,6.70,4,0.23,1.55.6,1-2-3,2010,5,1-2,980,4,1-2-3,430,1,1-2,510,2,,,,,,,
20250820,唐津,4,おは４戦,晴,南,4,4,5,6,5404,内 田 壮,70,54,6.76,6,0.36,1.56.7,1-2-3,2010,5,1-2,980,4,1-2-3,430,1,1-2,510,2,,,,,,,
20250820,唐津,4,おは４戦,晴,南,4,4,6,4,4260,中 越 博 紀,43,40,6.79,3,0.26,2.00.6,1-2-3,2010,5,1-2,980,4,1-2-3,430,1,1-2,510,2,,,,,,,
20250820,唐津,5,レッツ５特賞,晴,南西,4,4,1,1,4910,中 村 泰 平,24,20,6.71,1,0.18,1.49.7,1-3-2,1710,5,1-3,250,1,1-2-3,670,3,1-3,180,1,,,,,,,
20250820,唐津,5,レッツ５特賞,晴,南西,4,4,2,3,4171,榎 幸 司,67,33,6.79,3,0.21,1.52.4,1-3-2,1710,5,1-3,250,1,1-2-3,670,3,1-3,180,1,,,,,,,
20250820,唐津,5,レッツ５特賞,晴,南西,4,4,3,2,3507,藤 井 徹,32,27,6.83,2,0.22,1.53.4,1-3-2,1710,5,1-3,250,1,1-2-3,670,3,1-3,180,1,,,,,,,
20250820,唐津,5,レッツ５特賞,晴,南西,4,4,4,5,4133,高 橋 正 男,41,44,6.78,5,0.19,1.54.1,1-3-2,1710,5,1-3,250,1,1-2-3,670,3,1-3,180,1,,,,,,,
20250820,唐津,5,レッツ５特賞,晴,南西,4,4,5,4,4383,竹 田 吉 行,25,23,6.75,4,0.17,1.57.3,1-3-2,1710,5,1-3,250,1,1-2-3,670,3,1-3,180,1,,,,,,,
20250820,唐津,5,レッツ５特賞,晴,南西,4,4,6,6,5407,中 岡 駿,39,5,6.71,6,0.21,1.59.4,1-3-2,1710,5,1-3,250,1,1-2-3,670,3,1-3,180,1,,,,,,,
20250820,唐津,6,予選,晴,南西,4,4,1,2,3841,佐々木 和 伸,16,35,6.77,2,0.22,1.50.4,2-1-3,1490,6,2-1,590,3,1-2-3,290,1,1-2,190,1,,,,,,,
20250820,唐津,6,予選,晴,南西,4,4,2,1,4241,大 串 重 幸,40,45,6.80,1,0.23,1.52.6,2-1-3,1490,6,2-1,590,3,1-2-3,290,1,1-2,190,1,,,,,,,
20250820,唐津,6,予選,晴,南西,4,4,3,3,3690,河 合 三 弘,54,32,6.73,3,0.19,1.53.7,2-1-3,1490,6,2-1,590,3,1-2-3,290,1,1-2,190,1,,,,,,,
20250820,唐津,6,予選,晴,南西,4,4,4,5,4839,四 宮 与 寛,17,28,6.83,5,0.21,1.54.7,2-1-3,1490,6,2-1,590,3,1-2-3,290,1,1-2,190,1,,,,,,,
20250820,唐津,6,予選,晴,南西,4,4,5,4,3346,宮 本 裕 之,23,50,6.80,4,0.21,1.55.2,2-1-3,1490,6,2-1,590,3,1-2-3,290,1,1-2,190,1,,,,,,,
20250820,唐津,6,予選,晴,南西,4,4,6,6,4106,坂 井 康 嗣,18,1,6.80,6,0.24,1.59.8,2-1-3,1490,6,2-1,590,3,1-2-3,290,1,1-2,190,1,,,,,,,
20250820,唐津,7,予選,晴,南西,4,4,1,2,3349,吉 田 一 郎,21,57,6.80,2,0.16,1.51.2,2-3-5,1310,2,2-3,600,1,2-3-5,360,2,2-3,320,2,,,,,,,
20250820,唐津,7,予選,晴,南西,4,4,2,3,4535,北 山 康 介,48,14,6.85,3,0.13,1.52.4,2-3-5,1310,2,2-3,600,1,2-3-5,360,2,2-3,320,2,,,,,,,
20250820,唐津,7,予選,晴,南西,4,4,3,5,5161,登 玉 隼 百,19,3,6.75,5,0.17,1.53.8,2-3-5,1310,2,2-3,600,1,2-3-5,360,2,2-3,320,2,,,,,,,
20250820,唐津,7,予選,晴,南西,4,4,4,6,3211,北 川 敏 弘,49,37,6.81,6,0.18,1.55.9,2-3-5,1310,2,2-3,600,1,2-3-5,360,2,2-3,320,2,,,,,,,
20250820,唐津,7,予選,晴,南西,4,4,5,1,4785,木 幡 純 也,60,25,6.75,1,0.32,1.56.0,2-3-5,1310,2,2-3,600,1,2-3-5,360,2,2-3,320,2,,,,,,,
20250820,唐津,7,予選,晴,南西,4,4,6,4,5382,山 下 心 一,69,10,6.79,4,0.30,1.56.5,2-3-5,1310,2,2-3,600,1,2-3-5,360,2,2-3,320,2,,,,,,,
20250820,唐津,8,予選,晴,南,4,4,1,4,4877,鈴 谷 一 平,29,42,6.83,4,0.15,1.51.5,4-3-1,2550,9,4-3,530,2,1-3-4,420,3,3-4,140,1,,,,,,,
20250820,唐津,8,予選,晴,南,4,4,2,3,5089,前 田 翔,55,9,6.73,3,0.13,1.52.7,4-3-1,2550,9,4-3,530,2,1-3-4,420,3,3-4,140,1,,,,,,,
20250820,唐津,8,予選,晴,南,4,4,3,1,5312,川 辺 郭 人,28,22,6.74,1,0.17,1.54.6,4-3-1,2550,9,4-3,530,2,1-3-4,420,3,3-4,140,1,,,,,,,
20250820,唐津,8,予選,晴,南,4,4,4,5,5404,内 田 壮,70,54,6.67,6,0.29,1.56.2,4-3-1,2550,9,4-3,530,2,1-3-4,420,3,3-4,140,1,,,,,,,
20250820,唐津,8,予選,晴,南,4,4,5,6,4299,中 島 浩 哉,34,39,6.85,5,0.36,1.57.0,4-3-1,2550,9,4-3,530,2,1-3-4,420,3,3-4,140,1,,,,,,,
20250820,唐津,8,予選,晴,南,4,4,6,2,3869,井 芹 大 志,52,11,6.81,2,0.17,1.57.6,4-3-1,2550,9,4-3,530,2,1-3-4,420,3,3-4,140,1,,,,,,,
20250820,唐津,9,予選,晴,南,6,6,1,1,4425,大 井 清 貴,51,12,6.75,1,0.26,1.51.2,1-6-2,12170,42,1-6,3560,15,1-2-6,1160,4,1-6,3980,13,,,,,,,
20250820,唐津,9,予選,晴,南,6,6,2,6,4260,中 越 博 紀,43,40,6.76,6,0.17,1.52.9,1-6-2,12170,42,1-6,3560,15,1-2-6,1160,4,1-6,3980,13,,,,,,,
20250820,唐津,9,予選,晴,南,6,6,3,2,4171,榎 幸 司,67,33,6.71,2,0.29,1.54.4,1-6-2,12170,42,1-6,3560,15,1-2-6,1160,4,1-6,3980,13,,,,,,,
20250820,唐津,9,予選,晴,南,6,6,4,4,4303,牧 原 崇,26,34,6.72,4,0.18,1.55.3,1-6-2,12170,42,1-6,3560,15,1-2-6,1160,4,1-6,3980,13,,,,,,,
20250820,唐津,9,予選,晴,南,6,6,5,5,5082,一 色 凌 雅,64,6,6.78,5,0.15,1.56.5,1-6-2,12170,42,1-6,3560,15,1-2-6,1160,4,1-6,3980,13,,,,,,,
20250820,唐津,9,予選,晴,南,6,6,6,3,4047,吉 永 浩 則,14,51,6.75,3,0.21,1.59.9,1-6-2,12170,42,1-6,3560,15,1-2-6,1160,4,1-6,3980,13,,,,,,,
20250820,唐津,10,予選特賞,晴,南,4,4,1,2,4063,市 橋 卓 士,20,13,6.82,1,0.03,1.50.6,2-1-3,3220,11,2-1,1100,4,1-2-3,370,1,1-2,270,1,,,,,,,
20250820,唐津,10,予選特賞,晴,南,4,4,2,1,4133,高 橋 正 男,41,44,6.73,2,0.09,1.52.0,2-1-3,3220,11,2-1,1100,4,1-2-3,370,1,1-2,270,1,,,,,,,
20250820,唐津,10,予選特賞,晴,南,4,4,3,3,3841,佐々木 和 伸,16,35,6.76,3,0.16,1.53.3,2-1-3,3220,11,2-1,1100,4,1-2-3,370,1,1-2,270,1,,,,,,,
20250820,唐津,10,予選特賞,晴,南,4,4,4,5,4269,杉 山 裕 也,56,48,6.74,5,0.19,1.54.6,2-1-3,3220,11,2-1,1100,4,1-2-3,370,1,1-2,270,1,,,,,,,
20250820,唐津,10,予選特賞,晴,南,4,4,5,4,4301,関 裕 也,50,30,6.77,4,0.15,1.55.5,2-1-3,3220,11,2-1,1100,4,1-2-3,370,1,1-2,270,1,,,,,,,
20250820,唐津,10,予選特賞,晴,南,4,4,6,6,4989,石 原 翼,12,41,6.69,6,0.19,1.56.5,2-1-3,3220,11,2-1,1100,4,1-2-3,370,1,1-2,270,1,,,,,,,
20250820,唐津,11,宝当特選,晴,南,3,3,1,1,5161,登 玉 隼 百,19,3,6.71,1,0.09,1.50.2,1-6-5,12650,50,1-6,1250,5,1-5-6,3520,15,1-6,1700,9,,,,,,,
20250820,唐津,11,宝当特選,晴,南,3,3,2,6,5278,田 中 駿 兵,13,8,6.72,6,0.14,1.52.5,1-6-5,12650,50,1-6,1250,5,1-5-6,3520,15,1-6,1700,9,,,,,,,
20250820,唐津,11,宝当特選,晴,南,3,3,3,5,3574,大 神 康 司,15,46,6.76,2,0.06,1.53.3,1-6-5,12650,50,1-6,1250,5,1-5-6,3520,15,1-6,1700,9,,,,,,,
20250820,唐津,11,宝当特選,晴,南,3,3,4,4,4352,下 條 雄太郎,68,47,6.76,5,0.13,1.53.3,1-6-5,12650,50,1-6,1250,5,1-5-6,3520,15,1-6,1700,9,,,,,,,
20250820,唐津,11,宝当特選,晴,南,3,3,5,3,3784,中 島 友 和,42,56,6.79,4,0.08,1.55.2,1-6-5,12650,50,1-6,1250,5,1-5-6,3520,15,1-6,1700,9,,,,,,,
20250820,唐津,11,宝当特選,晴,南,3,3,6,2,4241,大 串 重 幸,40,45,6.79,3,0.12,1.58.6,1-6-5,12650,50,1-6,1250,5,1-5-6,3520,15,1-6,1700,9,,,,,,,
20250820,唐津,12,からっキー選,晴,南,4,4,1,1,4877,鈴 谷 一 平,29,42,6.76,1,0.09,1.50.7,1-2-5,1400,6,1-2,290,1,1-2-5,710,6,1-2,230,1,,,,,,,
20250820,唐津,12,からっキー選,晴,南,4,4,2,2,4839,四 宮 与 寛,17,28,6.80,2,0.10,1.51.7,1-2-5,1400,6,1-2,290,1,1-2-5,710,6,1-2,230,1,,,,,,,
20250820,唐津,12,からっキー選,晴,南,4,4,3,5,3997,北 村 征 嗣,61,17,6.75,5,0.08,1.53.2,1-2-5,1400,6,1-2,290,1,1-2-5,710,6,1-2,230,1,,,,,,,
20250820,唐津,12,からっキー選,晴,南,4,4,4,4,4703,森 永 隆,46,53,6.83,4,0.08,1.54.1,1-2-5,1400,6,1-2,290,1,1-2-5,710,6,1-2,230,1,,,,,,,
20250820,唐津,12,からっキー選,晴,南,4,4,5,3,3349,吉 田 一 郎,21,57,6.79,3,0.08,1.54.4,1-2-5,1400,6,1-2,290,1,1-2-5,710,6,1-2,230,1,,,,,,,
20250820,唐津,12,からっキー選,晴,南,4,4,6,6,4822,百 武 翔,31,24,6.82,6,0.16,1.55.8,1-2-5,1400,6,1-2,290,1,1-2-5,710,6,1-2,230,1,,,,,,,
20250820,多摩川,1,予選,晴,東,2,2,1,1,3771,折 下 寛 法,57,74,6.78,1,0.17,1.51.0,1-5-2,1280,2,1-5,470,2,1-2-5,390,1,1-5,410,3,,,,,,,
20250820,多摩川,1,予選,晴,東,2,2,2,5,4308,河 村 了,43,42,6.78,4,0.23,1.52.5,1-5-2,1280,2,1-5,470,2,1-2-5,390,1,1-5,410,3,,,,,,,
20250820,多摩川,1,予選,晴,東,2,2,3,2,3850,小 川 知 行,12,67,6.72,2,0.14,1.54.5,1-5-2,1280,2,1-5,470,2,1-2-5,390,1,1-5,410,3,,,,,,,
20250820,多摩川,1,予選,晴,東,2,2,4,3,3655,本 橋 克 洋,34,30,6.92,3,0.24,1.55.7,1-5-2,1280,2,1-5,470,2,1-2-5,390,1,1-5,410,3,,,,,,,
20250820,多摩川,1,予選,晴,東,2,2,5,4,4788,小 池 哲 也,28,68,6.92,5,0.22,,1-5-2,1280,2,1-5,470,2,1-2-5,390,1,1-5,410,3,,,,,,,
20250820,多摩川,1,予選,晴,東,2,2,6,6,5410,今 泉 澪,22,76,6.75,6,0.19,,1-5-2,1280,2,1-5,470,2,1-2-5,390,1,1-5,410,3,,,,,,,
20250820,多摩川,2,予選,晴,南東,3,2,1,1,3642,大 塚 浩 二,16,69,6.77,1,0.17,1.51.7,1-4-3,2650,8,1-4,540,1,1-3-4,620,4,1-4,540,3,,,,,,,
20250820,多摩川,2,予選,晴,南東,3,2,2,4,3612,馬 袋 義 則,66,57,6.89,4,0.09,1.52.7,1-4-3,2650,8,1-4,540,1,1-3-4,620,4,1-4,540,3,,,,,,,
20250820,多摩川,2,予選,晴,南東,3,2,3,3,4319,三 宅 潤,44,83,6.81,3,0.15,1.53.5,1-4-3,2650,8,1-4,540,1,1-3-4,620,4,1-4,540,3,,,,,,,
20250820,多摩川,2,予選,晴,南東,3,2,4,2,3439,大 平 誉史明,17,46,6.79,2,0.18,1.54.0,1-4-3,2650,8,1-4,540,1,1-3-4,620,4,1-4,540,3,,,,,,,
20250820,多摩川,2,予選,晴,南東,3,2,5,5,4375,照 屋 厚 仁,65,50,6.85,5,0.14,,1-4-3,2650,8,1-4,540,1,1-3-4,620,4,1-4,540,3,,,,,,,
20250820,多摩川,2,予選,晴,南東,3,2,6,6,5365,石 村 日奈那,72,82,6.73,6,0.13,,1-4-3,2650,8,1-4,540,1,1-3-4,620,4,1-4,540,3,,,,,,,
20250820,多摩川,3,予選,晴,南西,2,2,1,3,3435,寺 田 千 恵,55,55,6.74,3,0.13,1.50.0,3-1-4,1030,4,3-1,390,2,1-3-4,330,2,1-3,180,1,,,,,,,
20250820,多摩川,3,予選,晴,南西,2,2,2,1,4283,石 井 裕 美,73,45,6.73,1,0.20,1.52.5,3-1-4,1030,4,3-1,390,2,1-3-4,330,2,1-3,180,1,,,,,,,
20250820,多摩川,3,予選,晴,南西,2,2,3,4,4414,大 澤 真 菜,60,37,6.80,4,0.11,1.55.0,3-1-4,1030,4,3-1,390,2,1-3-4,330,2,1-3,180,1,,,,,,,
20250820,多摩川,3,予選,晴,南西,2,2,4,6,5254,羽 田 妃 希,56,23,6.76,6,0.15,1.56.0,3-1-4,1030,4,3-1,390,2,1-3-4,330,2,1-3,180,1,,,,,,,
20250820,多摩川,3,予選,晴,南西,2,2,5,5,5310,土 屋 蘭,47,64,6.82,5,0.16,,3-1-4,1030,4,3-1,390,2,1-3-4,330,2,1-3,180,1,,,,,,,
20250820,多摩川,3,予選,晴,南西,2,2,6,2,3357,福 島 陽 子,21,48,6.76,2,0.23,,3-1-4,1030,4,3-1,390,2,1-3-4,330,2,1-3,180,1,,,,,,,
20250820,多摩川,4,予選,晴,南,2,2,1,1,3370,坪 内 実,24,27,6.70,1,0.22,1.50.5,1-6-2,6130,26,1-6,2450,10,1-2-6,1230,7,1-6,1460,5,,,,,,,
20250820,多摩川,4,予選,晴,南,2,2,2,6,4278,藤 岡 俊 介,59,72,6.76,6,0.21,1.52.3,1-6-2,6130,26,1-6,2450,10,1-2-6,1230,7,1-6,1460,5,,,,,,,
20250820,多摩川,4,予選,晴,南,2,2,3,2,4306,畔 柳 俊 吾,39,34,6.72,2,0.26,1.53.5,1-6-2,6130,26,1-6,2450,10,1-2-6,1230,7,1-6,1460,5,,,,,,,
20250820,多摩川,4,予選,晴,南,2,2,4,5,3606,川 北 浩 貴,20,80,6.82,5,0.21,1.55.3,1-6-2,6130,26,1-6,2450,10,1-2-6,1230,7,1-6,1460,5,,,,,,,
20250820,多摩川,4,予選,晴,南,2,2,5,4,4439,近 藤 友 宝,71,70,6.82,4,0.25,,1-6-2,6130,26,1-6,2450,10,1-2-6,1230,7,1-6,1460,5,,,,,,,
20250820,多摩川,4,予選,晴,南,2,2,6,3,3811,石 田 章 央,52,26,6.71,3,0.19,,1-6-2,6130,26,1-6,2450,10,1-2-6,1230,7,1-6,1460,5,,,,,,,
20250820,多摩川,5,予選,晴,南,4,2,1,4,4650,中 山 雄 太,19,66,6.75,4,0.19,1.50.9,4-5-6,6240,23,4-5,1240,7,4-5-6,2890,11,4-5,990,5,,,,,,,
20250820,多摩川,5,予選,晴,南,4,2,2,5,4055,吉 田 俊 彦,26,49,6.84,5,0.25,1.53.1,4-5-6,6240,23,4-5,1240,7,4-5-6,2890,11,4-5,990,5,,,,,,,
20250820,多摩川,5,予選,晴,南,4,2,3,6,5122,相 馬 翔,32,39,6.80,6,0.30,1.53.9,4-5-6,6240,23,4-5,1240,7,4-5-6,2890,11,4-5,990,5,,,,,,,
20250820,多摩川,5,予選,晴,南,4,2,4,3,4081,樋 口 範 政,38,40,6.83,3,0.28,1.54.5,4-5-6,6240,23,4-5,1240,7,4-5-6,2890,11,4-5,990,5,,,,,,,
20250820,多摩川,5,予選,晴,南,4,2,5,2,4305,金 子 拓 矢,61,78,6.79,2,0.31,,4-5-6,6240,23,4-5,1240,7,4-5-6,2890,11,4-5,990,5,,,,,,,
20250820,多摩川,5,予選,晴,南,4,2,6,1,3502,渡 邉 英 児,15,56,6.77,1,0.33,,4-5-6,6240,23,4-5,1240,7,4-5-6,2890,11,4-5,990,5,,,,,,,
20250820,多摩川,6,予選,晴,南西,2,2,1,1,3905,天 野 友 和,62,84,6.76,1,0.17,1.51.2,1-4-5,5860,16,1-4,1130,4,1-4-5,1670,6,1-4,1160,5,,,,,,,
20250820,多摩川,6,予選,晴,南西,2,2,2,4,3718,伊 達 正 利,64,61,6.86,4,0.20,1.52.2,1-4-5,5860,16,1-4,1130,4,1-4-5,1670,6,1-4,1160,5,,,,,,,
20250820,多摩川,6,予選,晴,南西,2,2,3,5,4140,梶 野 学 志,37,33,6.86,5,0.15,1.52.8,1-4-5,5860,16,1-4,1130,4,1-4-5,1670,6,1-4,1160,5,,,,,,,
20250820,多摩川,6,予選,晴,南西,2,2,4,2,4467,渡 邉 俊 介,50,24,6.83,2,0.18,1.54.9,1-4-5,5860,16,1-4,1130,4,1-4-5,1670,6,1-4,1160,5,,,,,,,
20250820,多摩川,6,予選,晴,南西,2,2,5,3,3771,折 下 寛 法,57,74,6.88,3,0.21,,1-4-5,5860,16,1-4,1130,4,1-4-5,1670,6,1-4,1160,5,,,,,,,
20250820,多摩川,6,予選,晴,南西,2,2,6,6,4766,石 井 孝 之,33,60,6.74,6,0.17,,1-4-5,5860,16,1-4,1130,4,1-4-5,1670,6,1-4,1160,5,,,,,,,
20250820,多摩川,7,予選,晴,南,1,2,1,1,4366,前 沢 丈 史,48,77,6.85,1,0.25,1.49.9,1-4-5,1140,3,1-4,570,3,1-4-5,410,2,1-4,460,3,,,,,,,
20250820,多摩川,7,予選,晴,南,1,2,2,4,3439,大 平 誉史明,17,46,6.84,4,0.20,1.51.7,1-4-5,1140,3,1-4,570,3,1-4-5,410,2,1-4,460,3,,,,,,,
20250820,多摩川,7,予選,晴,南,1,2,3,5,4645,上 村 純 一,31,36,6.78,5,0.15,1.52.8,1-4-5,1140,3,1-4,570,3,1-4-5,410,2,1-4,460,3,,,,,,,
20250820,多摩川,7,予選,晴,南,1,2,4,3,3889,須 藤 隆 雄,70,62,6.87,3,0.22,1.54.7,1-4-5,1140,3,1-4,570,3,1-4-5,410,2,1-4,460,3,,,,,,,
20250820,多摩川,7,予選,晴,南,1,2,5,2,4411,沢 田 昭 宏,13,71,6.92,2,0.26,,1-4-5,1140,3,1-4,570,3,1-4-5,410,2,1-4,460,3,,,,,,,
20250820,多摩川,7,予選,晴,南,1,2,6,6,4182,吉 田 和 仁,58,44,6.83,6,0.35,,1-4-5,1140,3,1-4,570,3,1-4-5,410,2,1-4,460,3,,,,,,,
20250820,多摩川,8,予選,晴,南,3,2,1,4,4488,小 山 勉,46,54,6.86,3,0.31,1.51.3,4-1-3,3010,10,4-1,820,3,1-3-4,400,2,1-4,310,1,,,,,,,
20250820,多摩川,8,予選,晴,南,3,2,2,1,3655,本 橋 克 洋,34,30,6.88,1,0.37,1.53.0,4-1-3,3010,10,4-1,820,3,1-3-4,400,2,1-4,310,1,,,,,,,
20250820,多摩川,8,予選,晴,南,3,2,3,3,4283,石 井 裕 美,73,45,6.77,4,0.30,1.53.3,4-1-3,3010,10,4-1,820,3,1-3-4,400,2,1-4,310,1,,,,,,,
20250820,多摩川,8,予選,晴,南,3,2,4,2,4375,照 屋 厚 仁,65,50,6.89,2,0.30,1.54.2,4-1-3,3010,10,4-1,820,3,1-3-4,400,2,1-4,310,1,,,,,,,
20250820,多摩川,8,予選,晴,南,3,2,5,6,3544,豊 田 訓 靖,35,63,6.90,6,0.29,,4-1-3,3010,10,4-1,820,3,1-3-4,400,2,1-4,310,1,,,,,,,
20250820,多摩川,8,予選,晴,南,3,2,6,5,3863,海老澤 泰 行,40,51,6.91,5,0.28,,4-1-3,3010,10,4-1,820,3,1-3-4,400,2,1-4,310,1,,,,,,,
20250820,多摩川,9,予選特賞,晴,南,2,2,1,1,4055,吉 田 俊 彦,26,49,6.78,1,0.12,1.50.6,1-4-5,350,1,1-4,330,2,1-4-5,180,1,1-4,200,1,,,,,,,
20250820,多摩川,9,予選特賞,晴,南,2,2,2,4,4306,畔 柳 俊 吾,39,34,6.72,3,0.16,1.51.6,1-4-5,350,1,1-4,330,2,1-4-5,180,1,1-4,200,1,,,,,,,
20250820,多摩川,9,予選特賞,晴,南,2,2,3,5,4319,三 宅 潤,44,83,6.74,4,0.18,1.53.2,1-4-5,350,1,1-4,330,2,1-4-5,180,1,1-4,200,1,,,,,,,
20250820,多摩川,9,予選特賞,晴,南,2,2,4,6,4380,鈴 木 峻 佑,45,41,6.77,5,0.17,1.55.1,1-4-5,350,1,1-4,330,2,1-4-5,180,1,1-4,200,1,,,,,,,
20250820,多摩川,9,予選特賞,晴,南,2,2,5,3,4414,大 澤 真 菜,60,37,6.82,2,0.19,,1-4-5,350,1,1-4,330,2,1-4-5,180,1,1-4,200,1,,,,,,,
20250820,多摩川,9,予選特賞,晴,南,2,2,K0,2,4788,小 池 哲 也,28,68 K,,,,,1-4-5,350,1,1-4,330,2,1-4-5,180,1,1-4,200,1,,,,,,,
20250820,多摩川,10,予選特賞,晴,西,3,3,1,1,3612,馬 袋 義 則,66,57,6.86,1,0.05,1.50.5,1-5-2,1630,5,1-5,880,4,1-2-5,390,2,1-5,730,3,,,,,,,
20250820,多摩川,10,予選特賞,晴,西,3,3,2,5,3811,石 田 章 央,52,26,6.76,5,0.02,1.51.0,1-5-2,1630,5,1-5,880,4,1-2-5,390,2,1-5,730,3,,,,,,,
20250820,多摩川,10,予選特賞,晴,西,3,3,3,2,4308,河 村 了,43,42,6.79,2,0.09,1.52.2,1-5-2,1630,5,1-5,880,4,1-2-5,390,2,1-5,730,3,,,,,,,
20250820,多摩川,10,予選特賞,晴,西,3,3,4,3,3905,天 野 友 和,62,84,6.86,3,0.08,1.53.7,1-5-2,1630,5,1-5,880,4,1-2-5,390,2,1-5,730,3,,,,,,,
20250820,多摩川,10,予選特賞,晴,西,3,3,5,4,3502,渡 邉 英 児,15,56,6.87,4,0.03,,1-5-2,1630,5,1-5,880,4,1-2-5,390,2,1-5,730,3,,,,,,,
20250820,多摩川,10,予選特賞,晴,西,3,3,6,6,5273,山 下 拓 巳,69,59,6.75,6,0.04,,1-5-2,1630,5,1-5,880,4,1-2-5,390,2,1-5,730,3,,,,,,,
20250820,多摩川,11,予選特選,晴,西,2,2,1,1,4650,中 山 雄 太,19,66,6.65,1,0.20,1.49.9,1-4-2,1270,4,1-4,1010,3,1-2-4,410,2,1-4,500,3,,,,,,,
20250820,多摩川,11,予選特選,晴,西,2,2,2,4,3850,小 川 知 行,12,67,6.76,4,0.18,1.51.9,1-4-2,1270,4,1-4,1010,3,1-2-4,410,2,1-4,500,3,,,,,,,
20250820,多摩川,11,予選特選,晴,西,2,2,3,2,4645,上 村 純 一,31,36,6.73,2,0.18,1.52.7,1-4-2,1270,4,1-4,1010,3,1-2-4,410,2,1-4,500,3,,,,,,,
20250820,多摩川,11,予選特選,晴,西,2,2,4,5,4467,渡 邉 俊 介,50,24,6.74,5,0.15,1.54.5,1-4-2,1270,4,1-4,1010,3,1-2-4,410,2,1-4,500,3,,,,,,,
20250820,多摩川,11,予選特選,晴,西,2,2,5,6,3606,川 北 浩 貴,20,80,6.78,6,0.23,,1-4-2,1270,4,1-4,1010,3,1-2-4,410,2,1-4,500,3,,,,,,,
20250820,多摩川,11,予選特選,晴,西,2,2,6,3,3357,福 島 陽 子,21,48,6.79,3,0.18,,1-4-2,1270,4,1-4,1010,3,1-2-4,410,2,1-4,500,3,,,,,,,
20250820,多摩川,12,ドリーム戦,晴,南西,3,2,1,3,4278,藤 岡 俊 介,59,72,6.74,3,0.07,1.50.0,3-5-4,16950,49,3-5,4690,14,3-4-5,2780,10,3-5,3500,9,,,,,,,
20250820,多摩川,12,ドリーム戦,晴,南西,3,2,2,5,4366,前 沢 丈 史,48,77,6.80,5,0.08,1.51.0,3-5-4,16950,49,3-5,4690,14,3-4-5,2780,10,3-5,3500,9,,,,,,,
20250820,多摩川,12,ドリーム戦,晴,南西,3,2,3,4,4305,金 子 拓 矢,61,78,6.73,4,0.06,1.52.6,3-5-4,16950,49,3-5,4690,14,3-4-5,2780,10,3-5,3500,9,,,,,,,
20250820,多摩川,12,ドリーム戦,晴,南西,3,2,4,2,4140,梶 野 学 志,37,33,6.72,2,0.15,1.53.5,3-5-4,16950,49,3-5,4690,14,3-4-5,2780,10,3-5,3500,9,,,,,,,
20250820,多摩川,12,ドリーム戦,晴,南西,3,2,5,6,4488,小 山 勉,46,54,6.82,6,0.13,,3-5-4,16950,49,3-5,4690,14,3-4-5,2780,10,3-5,3500,9,,,,,,,
20250820,多摩川,12,ドリーム戦,晴,南西,3,2,6,1,3435,寺 田 千 恵,55,55,6.66,1,0.17,,3-5-4,16950,49,3-5,4690,14,3-4-5,2780,10,3-5,3500,9,,,,,,,
20250820,大村,1,予選,晴,南東,2,1,1,1,3957,大 谷 直 弘,13,71,6.93,1,0.17,1.50.0,1-3-6,1800,5,1-3,390,2,1-3-6,1180,5,1-3,490,2,,,,,,,
20250820,大村,1,予選,晴,南東,2,1,2,3,4158,木 場 雄二郎,62,25,6.91,3,0.20,1.51.4,1-3-6,1800,5,1-3,390,2,1-3-6,1180,5,1-3,490,2,,,,,,,
20250820,大村,1,予選,晴,南東,2,1,3,6,4709,岡 村 将 也,41,57,6.97,6,0.24,1.53.0,1-3-6,1800,5,1-3,390,2,1-3-6,1180,5,1-3,490,2,,,,,,,
20250820,大村,1,予選,晴,南東,2,1,4,4,3458,東 健 介,61,48,6.95,4,0.25,1.53.1,1-3-6,1800,5,1-3,390,2,1-3-6,1180,5,1-3,490,2,,,,,,,
20250820,大村,1,予選,晴,南東,2,1,5,2,4919,吉 田 翔 悟,72,30,6.89,2,0.14,,1-3-6,1800,5,1-3,390,2,1-3-6,1180,5,1-3,490,2,,,,,,,
20250820,大村,1,予選,晴,南東,2,1,6,5,4735,角 山 雄 哉,75,29,6.96,5,0.22,,1-3-6,1800,5,1-3,390,2,1-3-6,1180,5,1-3,490,2,,,,,,,
20250820,大村,2,予選,晴,南,1,1,1,1,3558,山 本 浩 次,26,76,6.87,1,0.15,1.50.4,1-4-2,880,1,1-4,330,1,1-2-4,310,1,1-4,250,1,,,,,,,
20250820,大村,2,予選,晴,南,1,1,2,4,4276,鈴 木 勝 博,20,18,6.91,4,0.21,1.51.5,1-4-2,880,1,1-4,330,1,1-2-4,310,1,1-4,250,1,,,,,,,
20250820,大村,2,予選,晴,南,1,1,3,2,4325,新 出 浩 司,31,36,6.90,2,0.17,1.52.6,1-4-2,880,1,1-4,330,1,1-2-4,310,1,1-4,250,1,,,,,,,
20250820,大村,2,予選,晴,南,1,1,4,3,4661,中 島 昂 章,37,55,6.98,3,0.20,1.53.7,1-4-2,880,1,1-4,330,1,1-2-4,310,1,1-4,250,1,,,,,,,
20250820,大村,2,予選,晴,南,1,1,5,5,3535,渡 修 平,24,15,6.89,5,0.23,,1-4-2,880,1,1-4,330,1,1-2-4,310,1,1-4,250,1,,,,,,,
20250820,大村,2,予選,晴,南,1,1,6,6,4079,出 畑 孝 典,69,33,6.91,6,0.31,,1-4-2,880,1,1-4,330,1,1-2-4,310,1,1-4,250,1,,,,,,,
20250820,大村,3,予選,晴,南,1,1,1,1,5321,一 色 颯 輝,70,60,6.92,1,0.19,1.49.8,1-2-4,1270,4,1-2,260,1,1-2-4,460,2,1-2,270,1,,,,,,,
20250820,大村,3,予選,晴,南,1,1,2,2,3944,山 口 裕 二,33,44,6.97,2,0.14,1.51.4,1-2-4,1270,4,1-2,260,1,1-2-4,460,2,1-2,270,1,,,,,,,
20250820,大村,3,予選,晴,南,1,1,3,4,5071,野見山 拓 己,21,43,6.94,4,0.13,1.52.3,1-2-4,1270,4,1-2,260,1,1-2-4,460,2,1-2,270,1,,,,,,,
20250820,大村,3,予選,晴,南,1,1,4,6,5011,高 木 圭 大,38,62,6.92,5,0.16,1.53.9,1-2-4,1270,4,1-2,260,1,1-2-4,460,2,1-2,270,1,,,,,,,
20250820,大村,3,予選,晴,南,1,1,5,3,4925,森 悠 稀,27,67,6.94,3,0.11,,1-2-4,1270,4,1-2,260,1,1-2-4,460,2,1-2,270,1,,,,,,,
20250820,大村,3,予選,晴,南,1,1,6,5,5417,小 柳 勝 希,28,74,6.97,6,0.22,,1-2-4,1270,4,1-2,260,1,1-2-4,460,2,1-2,270,1,,,,,,,
20250820,大村,4,予選,晴,南東,1,1,1,3,5196,鰐 部 太空海,58,59,6.84,3,0.14,1.49.1,3-1-5,1390,5,3-1,590,2,1-3-5,300,1,1-3,160,1,,,,,,,
20250820,大村,4,予選,晴,南東,1,1,2,1,3436,柏 野 幸 二,32,27,6.91,1,0.07,1.50.7,3-1-5,1390,5,3-1,590,2,1-3-5,300,1,1-3,160,1,,,,,,,
20250820,大村,4,予選,晴,南東,1,1,3,5,4025,山 本 隆 幸,35,32,6.92,5,0.18,1.52.2,3-1-5,1390,5,3-1,590,2,1-3-5,300,1,1-3,160,1,,,,,,,
20250820,大村,4,予選,晴,南東,1,1,4,6,4200,早 川 尚 人,73,56,6.90,6,0.21,1.53.2,3-1-5,1390,5,3-1,590,2,1-3-5,300,1,1-3,160,1,,,,,,,
20250820,大村,4,予選,晴,南東,1,1,5,4,4981,牧 山 敦 也,14,17,6.97,4,0.17,,3-1-5,1390,5,3-1,590,2,1-3-5,300,1,1-3,160,1,,,,,,,
20250820,大村,4,予選,晴,南東,1,1,6,2,3752,宇 土 泰 就,50,41,6.91,2,0.26,,3-1-5,1390,5,3-1,590,2,1-3-5,300,1,1-3,160,1,,,,,,,
20250820,大村,5,予選,晴,南,2,1,1,5,3963,原 田 秀 弥,63,47,7.01,5,0.12,1.49.7,5-4-2,18070,47,5-4,4220,12,2-4-5,1300,7,4-5,500,2,,,,,,,
20250820,大村,5,予選,晴,南,2,1,2,4,4544,松 田 大志郎,48,31,6.85,4,0.08,1.50.8,5-4-2,18070,47,5-4,4220,12,2-4-5,1300,7,4-5,500,2,,,,,,,
20250820,大村,5,予選,晴,南,2,1,3,2,5127,沼 田 大 都,16,51,6.89,2,0.11,1.52.6,5-4-2,18070,47,5-4,4220,12,2-4-5,1300,7,4-5,500,2,,,,,,,
20250820,大村,5,予選,晴,南,2,1,4,3,4656,大 崎 翔,15,37,6.96,3,0.07,1.54.0,5-4-2,18070,47,5-4,4220,12,2-4-5,1300,7,4-5,500,2,,,,,,,
20250820,大村,5,予選,晴,南,2,1,5,6,4196,田 中 太一郎,30,14,6.92,6,0.19,,5-4-2,18070,47,5-4,4220,12,2-4-5,1300,7,4-5,500,2,,,,,,,
20250820,大村,5,予選,晴,南,2,1,6,1,3070,山 室 展 弘,68,39,6.96,1,0.02,,5-4-2,18070,47,5-4,4220,12,2-4-5,1300,7,4-5,500,2,,,,,,,
20250820,大村,6,予選,晴,南,2,1,1,2,4028,田 村 隆 信,11,21,6.93,2,0.21,1.49.8,2-1-5,550,1,2-1,260,1,1-2-5,190,1,1-2,170,1,,,,,,,
20250820,大村,6,予選,晴,南,2,1,2,1,3848,川 上 聡 介,29,12,7.02,1,0.21,1.51.2,2-1-5,550,1,2-1,260,1,1-2-5,190,1,1-2,170,1,,,,,,,
20250820,大村,6,予選,晴,南,2,1,3,5,4601,森 野 正 弘,18,38,6.90,5,0.17,1.52.4,2-1-5,550,1,2-1,260,1,1-2-5,190,1,1-2,170,1,,,,,,,
20250820,大村,6,予選,晴,南,2,1,4,6,3458,東 健 介,61,48,6.99,6,0.23,1.54.4,2-1-5,550,1,2-1,260,1,1-2-5,190,1,1-2,170,1,,,,,,,
20250820,大村,6,予選,晴,南,2,1,5,4,5351,齊 藤 廉,36,73,6.90,4,0.15,,2-1-5,550,1,2-1,260,1,1-2-5,190,1,1-2,170,1,,,,,,,
20250820,大村,6,予選,晴,南,2,1,6,3,3107,平 岡 重 典,54,46,6.96,3,0.26,,2-1-5,550,1,2-1,260,1,1-2-5,190,1,1-2,170,1,,,,,,,
20250820,大村,7,予選 進入固定,晴,南東,2,1,1,1,3711,江 本 真 治,25,34,6.91,1,0.14,1.50.4,1-3-2,660,3,1-3,220,1,1-2-3,360,2,1-3,140,1,,,,,,,
20250820,大村,7,予選 進入固定,晴,南東,2,1,2,3,4659,木 下 翔 太,19,54,7.00,3,0.18,1.51.5,1-3-2,660,3,1-3,220,1,1-2-3,360,2,1-3,140,1,,,,,,,
20250820,大村,7,予選 進入固定,晴,南東,2,1,3,2,3535,渡 修 平,24,15,6.93,2,0.22,1.51.7,1-3-2,660,3,1-3,220,1,1-2-3,360,2,1-3,140,1,,,,,,,
20250820,大村,7,予選 進入固定,晴,南東,2,1,4,4,3957,大 谷 直 弘,13,71,6.96,4,0.28,1.54.1,1-3-2,660,3,1-3,220,1,1-2-3,360,2,1-3,140,1,,,,,,,
20250820,大村,7,予選 進入固定,晴,南東,2,1,5,5,3566,川 添 英 正,23,40,6.93,5,0.21,,1-3-2,660,3,1-3,220,1,1-2-3,360,2,1-3,140,1,,,,,,,
20250820,大村,7,予選 進入固定,晴,南東,2,1,6,6,5417,小 柳 勝 希,28,74,7.02,6,0.19,,1-3-2,660,3,1-3,220,1,1-2-3,360,2,1-3,140,1,,,,,,,
20250820,大村,8,予選,晴,南東,2,1,1,1,3988,古 川 誠 之,45,72,6.93,1,0.07,1.50.1,1-4-3,1500,5,1-4,300,1,1-3-4,660,3,1-4,230,1,,,,,,,
20250820,大村,8,予選,晴,南東,2,1,2,4,4873,蒲 原 健 太,17,70,6.90,4,0.22,1.50.8,1-4-3,1500,5,1-4,300,1,1-3-4,660,3,1-4,230,1,,,,,,,
20250820,大村,8,予選,晴,南東,2,1,3,3,5011,高 木 圭 大,38,62,6.90,3,0.17,1.52.6,1-4-3,1500,5,1-4,300,1,1-3-4,660,3,1-4,230,1,,,,,,,
20250820,大村,8,予選,晴,南東,2,1,4,6,4263,武 重 雄 介,51,49,6.97,6,0.21,1.52.8,1-4-3,1500,5,1-4,300,1,1-3-4,660,3,1-4,230,1,,,,,,,
20250820,大村,8,予選,晴,南東,2,1,5,2,4735,角 山 雄 哉,75,29,6.95,2,0.14,,1-4-3,1500,5,1-4,300,1,1-3-4,660,3,1-4,230,1,,,,,,,
20250820,大村,8,予選,晴,南東,2,1,6,5,4325,新 出 浩 司,31,36,6.97,5,0.18,,1-4-3,1500,5,1-4,300,1,1-3-4,660,3,1-4,230,1,,,,,,,
20250820,大村,9,予選特賞,晴,東,1,1,1,1,5126,山 下 大 輝,12,52,6.91,1,0.16,1.49.7,1-2-6,9130,28,1-2,340,1,1-2-6,5150,11,1-2,230,1,,,,,,,
20250820,大村,9,予選特賞,晴,東,1,1,2,2,3081,岡 本 慎 治,65,45,6.88,2,0.11,1.50.7,1-2-6,9130,28,1-2,340,1,1-2-6,5150,11,1-2,230,1,,,,,,,
20250820,大村,9,予選特賞,晴,東,1,1,3,6,4661,中 島 昂 章,37,55,6.96,6,0.07,1.52.7,1-2-6,9130,28,1-2,340,1,1-2-6,5150,11,1-2,230,1,,,,,,,
20250820,大村,9,予選特賞,晴,東,1,1,4,3,3436,柏 野 幸 二,32,27,6.90,3,0.08,1.53.7,1-2-6,9130,28,1-2,340,1,1-2-6,5150,11,1-2,230,1,,,,,,,
20250820,大村,9,予選特賞,晴,東,1,1,5,5,5321,一 色 颯 輝,70,60,6.97,5,0.03,,1-2-6,9130,28,1-2,340,1,1-2-6,5150,11,1-2,230,1,,,,,,,
20250820,大村,9,予選特賞,晴,東,1,1,6,4,4596,葛 原 大 陽,22,68,6.98,4,0.11,,1-2-6,9130,28,1-2,340,1,1-2-6,5150,11,1-2,230,1,,,,,,,
20250820,大村,10,予選特賞,晴,南東,1,1,1,1,4369,丹 下 将,43,24,6.90,1,0.01,1.50.4,1-2-5,340,1,1-2,180,1,1-2-5,190,1,1-2,120,1,,,,,,,
20250820,大村,10,予選特賞,晴,南東,1,1,2,2,4040,廣 瀬 将 亨,76,23,6.93,2,0.05,1.51.2,1-2-5,340,1,1-2,180,1,1-2-5,190,1,1-2,120,1,,,,,,,
20250820,大村,10,予選特賞,晴,南東,1,1,3,5,4718,北 川 太 一,34,53,6.87,5,0.06,1.52.8,1-2-5,340,1,1-2,180,1,1-2-5,190,1,1-2,120,1,,,,,,,
20250820,大村,10,予選特賞,晴,南東,1,1,4,6,3752,宇 土 泰 就,50,41,6.86,6,0.09,1.54.6,1-2-5,340,1,1-2,180,1,1-2-5,190,1,1-2,120,1,,,,,,,
20250820,大村,10,予選特賞,晴,南東,1,1,5,4,4158,木 場 雄二郎,62,25,6.92,4,0.05,,1-2-5,340,1,1-2,180,1,1-2-5,190,1,1-2,120,1,,,,,,,
20250820,大村,10,予選特賞,晴,南東,1,1,F,3,3558,山 本 浩 次,26,76,6.89,3,F0.01,,1-2-5,340,1,1-2,180,1,1-2-5,190,1,1-2,120,1,,,,,,,
20250820,大村,11,予選特選,晴,南東,1,1,1,2,4079,出 畑 孝 典,69,33,6.88,2,0.11,1.48.8,2-1-5,11030,25,2-1,1960,6,1-2-5,860,4,1-2,230,1,,,,,,,
20250820,大村,11,予選特選,晴,南東,1,1,2,1,4601,森 野 正 弘,18,38,6.85,1,0.16,1.50.5,2-1-5,11030,25,2-1,1960,6,1-2-5,860,4,1-2,230,1,,,,,,,
20250820,大村,11,予選特選,晴,南東,1,1,3,5,4925,森 悠 稀,27,67,6.93,5,0.11,1.52.2,2-1-5,11030,25,2-1,1960,6,1-2-5,860,4,1-2,230,1,,,,,,,
20250820,大村,11,予選特選,晴,南東,1,1,4,3,3963,原 田 秀 弥,63,47,6.96,3,0.08,1.53.2,2-1-5,11030,25,2-1,1960,6,1-2-5,860,4,1-2,230,1,,,,,,,
20250820,大村,11,予選特選,晴,南東,1,1,5,4,4709,岡 村 将 也,41,57,6.93,4,0.10,,2-1-5,11030,25,2-1,1960,6,1-2-5,860,4,1-2,230,1,,,,,,,
20250820,大村,11,予選特選,晴,南東,1,1,6,6,5196,鰐 部 太空海,58,59,6.88,6,0.13,,2-1-5,11030,25,2-1,1960,6,1-2-5,860,4,1-2,230,1,,,,,,,
20250820,大村,12,発祥地選抜,晴,南東,1,1,1,1,4544,松 田 大志郎,48,31,6.84,1,0.16,1.49.3,1-2-4,980,3,1-2,280,1,1-2-4,470,2,1-2,300,3,,,,,,,
20250820,大村,12,発祥地選抜,晴,南東,1,1,2,2,4025,山 本 隆 幸,35,32,6.90,2,0.13,1.50.5,1-2-4,980,3,1-2,280,1,1-2-4,470,2,1-2,300,3,,,,,,,
20250820,大村,12,発祥地選抜,晴,南東,1,1,3,4,4028,田 村 隆 信,11,21,6.89,4,0.28,1.51.3,1-2-4,980,3,1-2,280,1,1-2-4,470,2,1-2,300,3,,,,,,,
20250820,大村,12,発祥地選抜,晴,南東,1,1,4,3,4276,鈴 木 勝 博,20,18,6.91,3,0.12,1.52.3,1-2-4,980,3,1-2,280,1,1-2-4,470,2,1-2,300,3,,,,,,,
20250820,大村,12,発祥地選抜,晴,南東,1,1,5,5,3944,山 口 裕 二,33,44,6.91,5,0.19,,1-2-4,980,3,1-2,280,1,1-2-4,470,2,1-2,300,3,,,,,,,
20250820,大村,12,発祥地選抜,晴,南東,1,1,6,6,4659,木 下 翔 太,19,54,6.93,6,0.15,,1-2-4,980,3,1-2,280,1,1-2-4,470,2,1-2,300,3,,,,,,,
20250820,常滑,1,朝トコ小判Ｒ,晴,南西,3,1,1,2,4372,原 田 佑 実,35,30,6.78,2,0.14,1.51.0,2-1-4,2060,8,2-1,650,2,1-2-4,380,2,1-2,160,1,,,,,,,
20250820,常滑,1,朝トコ小判Ｒ,晴,南西,3,1,2,1,5188,武 井 莉里佳,48,51,6.77,1,0.15,1.51.9,2-1-4,2060,8,2-1,650,2,1-2-4,380,2,1-2,160,1,,,,,,,
20250820,常滑,1,朝トコ小判Ｒ,晴,南西,3,1,3,4,4947,間 庭 菜 摘,3,25,6.76,4,0.21,1.54.2,2-1-4,2060,8,2-1,650,2,1-2-4,380,2,1-2,160,1,,,,,,,
20250820,常滑,1,朝トコ小判Ｒ,晴,南西,3,1,4,5,4984,森 下 愛 梨,28,23,6.79,5,0.15,1.55.2,2-1-4,2060,8,2-1,650,2,1-2-4,380,2,1-2,160,1,,,,,,,
20250820,常滑,1,朝トコ小判Ｒ,晴,南西,3,1,5,6,5416,龍 田 真 白,44,61,6.79,6,0.26,,2-1-4,2060,8,2-1,650,2,1-2-4,380,2,1-2,160,1,,,,,,,
20250820,常滑,1,朝トコ小判Ｒ,晴,南西,3,1,6,3,4897,深 見 亜由美,39,35,6.82,3,0.29,,2-1-4,2060,8,2-1,650,2,1-2-4,380,2,1-2,160,1,,,,,,,
20250820,常滑,2,予選,晴,西,3,1,1,3,4536,喜 井 つかさ,23,38,6.79,3,0.24,1.50.8,3-6-2,4700,20,3-6,1080,5,2-3-6,1100,6,3-6,980,5,,,,,,,
20250820,常滑,2,予選,晴,西,3,1,2,6,5264,登 みひ果,62,62,6.79,6,0.21,1.52.8,3-6-2,4700,20,3-6,1080,5,2-3-6,1100,6,3-6,980,5,,,,,,,
20250820,常滑,2,予選,晴,西,3,1,3,2,4385,鈴 木 祐美子,10,18,6.77,2,0.36,1.55.4,3-6-2,4700,20,3-6,1080,5,2-3-6,1100,6,3-6,980,5,,,,,,,
20250820,常滑,2,予選,晴,西,3,1,4,1,5198,奥 村 明日香,8,39,6.82,1,0.25,1.56.1,3-6-2,4700,20,3-6,1080,5,2-3-6,1100,6,3-6,980,5,,,,,,,
20250820,常滑,2,予選,晴,西,3,1,5,5,5003,来 田 衣 織,21,67,6.86,5,0.24,,3-6-2,4700,20,3-6,1080,5,2-3-6,1100,6,3-6,980,5,,,,,,,
20250820,常滑,2,予選,晴,西,3,1,6,4,5347,井 澤 聖 奈,25,40,6.82,4,0.30,,3-6-2,4700,20,3-6,1080,5,2-3-6,1100,6,3-6,980,5,,,,,,,
20250820,常滑,3,予選,晴,南,3,1,1,1,4680,後 藤 美 翼,52,13,6.77,1,0.19,1.51.2,1-4-2,4490,16,1-4,1110,4,1-2-4,1730,6,1-4,750,3,,,,,,,
20250820,常滑,3,予選,晴,南,3,1,2,4,4775,千 葉 真 弥,55,33,6.78,4,0.16,1.53.1,1-4-2,4490,16,1-4,1110,4,1-2-4,1730,6,1-4,750,3,,,,,,,
20250820,常滑,3,予選,晴,南,3,1,3,2,5162,松 尾 怜 実,61,72,6.76,2,0.20,1.54.1,1-4-2,4490,16,1-4,1110,4,1-2-4,1730,6,1-4,750,3,,,,,,,
20250820,常滑,3,予選,晴,南,3,1,4,3,4611,今 井 美 亜,54,15,6.79,3,0.19,1.55.0,1-4-2,4490,16,1-4,1110,4,1-2-4,1730,6,1-4,750,3,,,,,,,
20250820,常滑,3,予選,晴,南,3,1,5,6,5340,樋江井 舞,42,44,6.79,6,0.14,,1-4-2,4490,16,1-4,1110,4,1-2-4,1730,6,1-4,750,3,,,,,,,
20250820,常滑,3,予選,晴,南,3,1,6,5,5171,清 水 未 唯,11,12,6.81,5,0.13,,1-4-2,4490,16,1-4,1110,4,1-2-4,1730,6,1-4,750,3,,,,,,,
20250820,常滑,4,予選,晴,南,3,1,1,1,4400,加 藤 奈 月,40,17,6.81,1,0.08,1.51.6,1-3-2,7980,28,1-3,2350,7,1-2-3,1080,5,1-3,2480,7,,,,,,,
20250820,常滑,4,予選,晴,南,3,1,2,3,4997,濱 崎 寿里矢,33,27,6.87,3,0.09,1.52.3,1-3-2,7980,28,1-3,2350,7,1-2-3,1080,5,1-3,2480,7,,,,,,,
20250820,常滑,4,予選,晴,南,3,1,3,2,4994,山 本 梨 菜,4,63,6.80,2,0.17,1.53.9,1-3-2,7980,28,1-3,2350,7,1-2-3,1080,5,1-3,2480,7,,,,,,,
20250820,常滑,4,予選,晴,南,3,1,4,5,4961,西 橋 奈 未,20,53,6.76,5,0.20,1.54.0,1-3-2,7980,28,1-3,2350,7,1-2-3,1080,5,1-3,2480,7,,,,,,,
20250820,常滑,4,予選,晴,南,3,1,5,4,5335,森 陽 多,36,70,6.81,4,0.19,,1-3-2,7980,28,1-3,2350,7,1-2-3,1080,5,1-3,2480,7,,,,,,,
20250820,常滑,4,予選,晴,南,3,1,6,6,5370,日 隈 茜,2,47,6.77,6,0.21,,1-3-2,7980,28,1-3,2350,7,1-2-3,1080,5,1-3,2480,7,,,,,,,
20250820,常滑,5,予選,晴,南,3,1,1,2,4900,中 田 夕 貴,41,37,6.79,1,0.18,1.49.1,2-3-6,15750,36,2-3,8300,14,2-3-6,2480,7,2-3,3300,8,,,,,,,
20250820,常滑,5,予選,晴,南,3,1,2,3,5305,伊 藤 栞,5,19,6.85,3,0.20,1.52.9,2-3-6,15750,36,2-3,8300,14,2-3-6,2480,7,2-3,3300,8,,,,,,,
20250820,常滑,5,予選,晴,南,3,1,3,6,4123,細 川 裕 子,60,20,6.78,5,0.23,1.53.8,2-3-6,15750,36,2-3,8300,14,2-3-6,2480,7,2-3,3300,8,,,,,,,
20250820,常滑,5,予選,晴,南,3,1,4,4,5156,坂 野 さくら,16,31,6.84,4,0.20,1.55.4,2-3-6,15750,36,2-3,8300,14,2-3-6,2480,7,2-3,3300,8,,,,,,,
20250820,常滑,5,予選,晴,南,3,1,5,1,4694,高 田 綾,29,59,6.78,2,0.23,,2-3-6,15750,36,2-3,8300,14,2-3-6,2480,7,2-3,3300,8,,,,,,,
20250820,常滑,5,予選,晴,南,3,1,6,5,5416,龍 田 真 白,44,61,6.81,6,0.18,,2-3-6,15750,36,2-3,8300,14,2-3-6,2480,7,2-3,3300,8,,,,,,,
20250820,常滑,6,昼トコ小判Ｒ,晴,南,3,1,1,3,5019,柴 田 百 恵,1,43,6.76,3,0.19,1.51.7,3-5-2,23250,38,3-5,4030,10,2-3-5,3610,9,3-5,2740,7,,,,,,,
20250820,常滑,6,昼トコ小判Ｒ,晴,南,3,1,2,5,4781,西 舘 果 里,17,66,6.79,5,0.13,1.53.0,3-5-2,23250,38,3-5,4030,10,2-3-5,3610,9,3-5,2740,7,,,,,,,
20250820,常滑,6,昼トコ小判Ｒ,晴,南,3,1,3,2,4720,西 澤 日花里,24,50,6.78,2,0.18,1.53.7,3-5-2,23250,38,3-5,4030,10,2-3-5,3610,9,3-5,2740,7,,,,,,,
20250820,常滑,6,昼トコ小判Ｒ,晴,南,3,1,4,6,3528,笠 野 友紀恵,58,45,6.73,6,0.19,1.54.1,3-5-2,23250,38,3-5,4030,10,2-3-5,3610,9,3-5,2740,7,,,,,,,
20250820,常滑,6,昼トコ小判Ｒ,晴,南,3,1,5,4,4897,深 見 亜由美,39,35,6.84,4,0.18,,3-5-2,23250,38,3-5,4030,10,2-3-5,3610,9,3-5,2740,7,,,,,,,
20250820,常滑,6,昼トコ小判Ｒ,晴,南,3,1,6,1,4240,今 井 裕 梨,47,22,6.71,1,0.21,,3-5-2,23250,38,3-5,4030,10,2-3-5,3610,9,3-5,2740,7,,,,,,,
20250820,常滑,7,予選,晴,南,3,1,1,4,5088,高 憧 四 季,27,71,6.72,4,0.11,1.49.7,4-2-5,1690,6,4-2,570,2,2-4-5,680,4,2-4,270,1,,,,,,,
20250820,常滑,7,予選,晴,南,3,1,2,2,3999,大 瀧 明日香,51,55,6.75,2,0.12,1.52.4,4-2-5,1690,6,4-2,570,2,2-4-5,680,4,2-4,270,1,,,,,,,
20250820,常滑,7,予選,晴,南,3,1,3,5,5144,中 尾 彩 香,49,21,6.78,5,0.09,1.53.6,4-2-5,1690,6,4-2,570,2,2-4-5,680,4,2-4,270,1,,,,,,,
20250820,常滑,7,予選,晴,南,3,1,4,1,4947,間 庭 菜 摘,3,25,6.72,1,0.11,1.54.3,4-2-5,1690,6,4-2,570,2,2-4-5,680,4,2-4,270,1,,,,,,,
20250820,常滑,7,予選,晴,南,3,1,5,3,5264,登 みひ果,62,62,6.79,3,0.14,,4-2-5,1690,6,4-2,570,2,2-4-5,680,4,2-4,270,1,,,,,,,
20250820,常滑,7,予選,晴,南,3,1,6,6,5314,中 曽 瑠 華,31,52,6.89,6,0.09,,4-2-5,1690,6,4-2,570,2,2-4-5,680,4,2-4,270,1,,,,,,,
20250820,常滑,8,予選,晴,南,3,1,1,2,5198,奥 村 明日香,8,39,6.83,2,0.36,1.51.3,2-3-6,7230,29,2-3,2170,8,2-3-6,1620,8,2-3,430,3,,,,,,,
20250820,常滑,8,予選,晴,南,3,1,2,3,4546,浜 田 亜理沙,56,16,6.79,3,0.31,1.52.0,2-3-6,7230,29,2-3,2170,8,2-3-6,1620,8,2-3,430,3,,,,,,,
20250820,常滑,8,予選,晴,南,3,1,3,6,4984,森 下 愛 梨,28,60,6.80,6,0.29,1.53.9,2-3-6,7230,29,2-3,2170,8,2-3-6,1620,8,2-3,430,3,,,,,,,
20250820,常滑,8,予選,晴,南,3,1,4,4,3845,中 谷 朋 子,13,46,6.80,4,0.31,1.54.5,2-3-6,7230,29,2-3,2170,8,2-3-6,1620,8,2-3,430,3,,,,,,,
20250820,常滑,8,予選,晴,南,3,1,5,5,5340,樋江井 舞,42,44,6.81,5,0.32,,2-3-6,7230,29,2-3,2170,8,2-3-6,1620,8,2-3,430,3,,,,,,,
20250820,常滑,8,予選,晴,南,3,1,6,1,4882,瀧 川 千 依,50,11,6.79,1,0.54,,2-3-6,7230,29,2-3,2170,8,2-3-6,1620,8,2-3,430,3,,,,,,,
20250820,常滑,9,予選特賞,晴,南,3,1,1,1,4611,今 井 美 亜,54,15,6.73,1,0.22,1.50.9,1-5-3,1060,4,1-5,310,2,1-3-5,490,2,1-5,260,2,,,,,,,
20250820,常滑,9,予選特賞,晴,南,3,1,2,5,5188,武 井 莉里佳,48,51,6.77,4,0.32,1.53.6,1-5-3,1060,4,1-5,310,2,1-3-5,490,2,1-5,260,2,,,,,,,
20250820,常滑,9,予選特賞,晴,南,3,1,3,3,4385,鈴 木 祐美子,10,18,6.79,3,0.25,1.56.0,1-5-3,1060,4,1-5,310,2,1-3-5,490,2,1-5,260,2,,,,,,,
20250820,常滑,9,予選特賞,晴,南,3,1,4,2,5117,冨名腰 桃 奈,53,29,6.73,2,0.25,1.56.6,1-5-3,1060,4,1-5,310,2,1-3-5,490,2,1-5,260,2,,,,,,,
20250820,常滑,9,予選特賞,晴,南,3,1,5,6,5305,伊 藤 栞,5,19,6.79,5,0.27,,1-5-3,1060,4,1-5,310,2,1-3-5,490,2,1-5,260,2,,,,,,,
20250820,常滑,9,予選特賞,晴,南,3,1,6,4,5370,日 隈 茜,2,47,6.77,6,0.34,,1-5-3,1060,4,1-5,310,2,1-3-5,490,2,1-5,260,2,,,,,,,
20250820,常滑,10,予選特賞,晴,南,3,1,1,1,4994,山 本 梨 菜,4,63,6.79,1,0.28,1.52.0,1-4-6,810,1,1-4,300,1,1-4-6,420,1,1-4,180,1,,,,,,,
20250820,常滑,10,予選特賞,晴,南,3,1,2,4,4123,細 川 裕 子,60,20,6.84,4,0.22,1.53.2,1-4-6,810,1,1-4,300,1,1-4-6,420,1,1-4,180,1,,,,,,,
20250820,常滑,10,予選特賞,晴,南,3,1,3,6,4372,原 田 佑 実,35,30,6.79,6,0.17,1.55.3,1-4-6,810,1,1-4,300,1,1-4-6,420,1,1-4,180,1,,,,,,,
20250820,常滑,10,予選特賞,晴,南,3,1,4,3,5171,清 水 未 唯,11,12,6.81,3,0.23,1.56.5,1-4-6,810,1,1-4,300,1,1-4-6,420,1,1-4,180,1,,,,,,,
20250820,常滑,10,予選特賞,晴,南,3,1,5,5,4720,西 澤 日花里,24,50,6.79,5,0.19,,1-4-6,810,1,1-4,300,1,1-4-6,420,1,1-4,180,1,,,,,,,
20250820,常滑,10,予選特賞,晴,南,3,1,6,2,5003,来 田 衣 織,21,67,6.80,2,0.21,,1-4-6,810,1,1-4,300,1,1-4-6,420,1,1-4,180,1,,,,,,,
20250820,常滑,11,予選特選,晴,南,3,1,1,1,3999,大 瀧 明日香,51,55,6.77,1,0.05,1.50.3,1-3-4,570,1,1-3,250,1,1-3-4,260,1,1-3,220,1,,,,,,,
20250820,常滑,11,予選特選,晴,南,3,1,2,3,4961,西 橋 奈 未,20,53,6.78,3,0.08,1.51.6,1-3-4,570,1,1-3,250,1,1-3-4,260,1,1-3,220,1,,,,,,,
20250820,常滑,11,予選特選,晴,南,3,1,3,4,4536,喜 井 つかさ,23,38,6.76,4,0.09,1.53.7,1-3-4,570,1,1-3,250,1,1-3-4,260,1,1-3,220,1,,,,,,,
20250820,常滑,11,予選特選,晴,南,3,1,4,6,4775,千 葉 真 弥,55,33,6.73,6,0.14,1.55.5,1-3-4,570,1,1-3,250,1,1-3-4,260,1,1-3,220,1,,,,,,,
20250820,常滑,11,予選特選,晴,南,3,1,5,2,4781,西 舘 果 里,17,66,6.77,2,0.05,,1-3-4,570,1,1-3,250,1,1-3-4,260,1,1-3,220,1,,,,,,,
20250820,常滑,11,予選特選,晴,南,3,1,6,5,4694,高 田 綾,29,59,6.79,5,0.13,,1-3-4,570,1,1-3,250,1,1-3-4,260,1,1-3,220,1,,,,,,,
20250820,常滑,12,２ｎｄドリー,晴,南,3,1,1,1,4546,浜 田 亜理沙,56,16,6.81,1,0.15,1.50.3,1-2-5,4480,18,1-2,650,3,1-2-5,2860,13,1-2,620,3,,,,,,,
20250820,常滑,12,２ｎｄドリー,晴,南,3,1,2,2,4240,今 井 裕 梨,47,22,6.80,2,0.12,1.51.6,1-2-5,4480,18,1-2,650,3,1-2-5,2860,13,1-2,620,3,,,,,,,
20250820,常滑,12,２ｎｄドリー,晴,南,3,1,3,5,4900,中 田 夕 貴,41,37,6.79,5,0.22,1.51.9,1-2-5,4480,18,1-2,650,3,1-2-5,2860,13,1-2,620,3,,,,,,,
20250820,常滑,12,２ｎｄドリー,晴,南,3,1,4,3,4183,宇 野 弥 生,38,74,6.82,3,0.12,1.54.3,1-2-5,4480,18,1-2,650,3,1-2-5,2860,13,1-2,620,3,,,,,,,
20250820,常滑,12,２ｎｄドリー,晴,南,3,1,5,6,5088,高 憧 四 季,27,71,6.79,6,0.24,,1-2-5,4480,18,1-2,650,3,1-2-5,2860,13,1-2,620,3,,,,,,,
20250820,常滑,12,２ｎｄドリー,晴,南,3,1,6,4,4804,高 田 ひかる,6,54,6.78,4,0.26,,1-2-5,4480,18,1-2,650,3,1-2-5,2860,13,1-2,620,3,,,,,,,
20250820,平和島,1,一般,晴,南,4,3,1,1,3656,伯 母 芳 恒,62,20,6.94,1,0.13,1.51.1,1-3-4,2320,7,1-3,1250,6,1-3-4,890,4,1-3,760,4,,,,,,,
20250820,平和島,1,一般,晴,南,4,3,2,3,4891,寺 島 美 里,32,25,7.03,3,0.14,1.53.0,1-3-4,2320,7,1-3,1250,6,1-3-4,890,4,1-3,760,4,,,,,,,
20250820,平和島,1,一般,晴,南,4,3,3,4,3505,山 田 竜 一,54,13,6.98,4,0.09,1.54.0,1-3-4,2320,7,1-3,1250,6,1-3-4,890,4,1-3,760,4,,,,,,,
20250820,平和島,1,一般,晴,南,4,3,4,5,3385,渡 邉 睦 広,29,15,7.05,5,0.11,1.54.2,1-3-4,2320,7,1-3,1250,6,1-3-4,890,4,1-3,760,4,,,,,,,
20250820,平和島,1,一般,晴,南,4,3,5,2,4863,三 浦 裕 貴,53,73,6.98,2,0.14,,1-3-4,2320,7,1-3,1250,6,1-3-4,890,4,1-3,760,4,,,,,,,
20250820,平和島,1,一般,晴,南,4,3,6,6,5415,阿 部 未 侑,49,16,6.99,6,0.21,,1-3-4,2320,7,1-3,1250,6,1-3-4,890,4,1-3,760,4,,,,,,,
20250820,平和島,2,一般,晴,南,5,3,1,2,4676,後 藤 隼 之,10,18,6.96,2,0.09,1.53.7,2-3-1,6460,30,2-3,1530,8,1-2-3,790,4,2-3,1130,8,,,,,,,
20250820,平和島,2,一般,晴,南,5,3,2,3,4103,山 崎 善 庸,26,69,7.00,3,0.14,1.54.3,2-3-1,6460,30,2-3,1530,8,1-2-3,790,4,2-3,1130,8,,,,,,,
20250820,平和島,2,一般,晴,南,5,3,3,1,4854,大 橋 由 珠,19,65,6.90,1,0.13,1.55.8,2-3-1,6460,30,2-3,1530,8,1-2-3,790,4,2-3,1130,8,,,,,,,
20250820,平和島,2,一般,晴,南,5,3,4,6,4940,白 石 有 美,51,54,6.95,6,0.23,1.56.6,2-3-1,6460,30,2-3,1530,8,1-2-3,790,4,2-3,1130,8,,,,,,,
20250820,平和島,2,一般,晴,南,5,3,5,4,3800,牧 宏 次,20,58,6.98,4,0.14,,2-3-1,6460,30,2-3,1530,8,1-2-3,790,4,2-3,1130,8,,,,,,,
20250820,平和島,2,一般,晴,南,5,3,6,5,3377,塚 田 修 二,40,12,6.87,5,0.11,,2-3-1,6460,30,2-3,1530,8,1-2-3,790,4,2-3,1130,8,,,,,,,
20250820,平和島,3,一般,晴,南東,3,3,1,6,4688,永 井 彪 也,68,21,6.95,6,0.04,1.50.8,6-2-4,43990,82,6-2,5370,18,2-4-6,3710,12,2-6,2950,11,,,,,,,
20250820,平和島,3,一般,晴,南東,3,3,2,2,4758,富 樫 麗 加,44,64,6.94,2,0.05,1.51.7,6-2-4,43990,82,6-2,5370,18,2-4-6,3710,12,2-6,2950,11,,,,,,,
20250820,平和島,3,一般,晴,南東,3,3,3,4,5035,櫻 井 優,59,50,6.89,4,0.04,1.54.3,6-2-4,43990,82,6-2,5370,18,2-4-6,3710,12,2-6,2950,11,,,,,,,
20250820,平和島,3,一般,晴,南東,3,3,4,1,4702,三 浦 敬 太,31,61,6.92,1,0.06,1.55.4,6-2-4,43990,82,6-2,5370,18,2-4-6,3710,12,2-6,2950,11,,,,,,,
20250820,平和島,3,一般,晴,南東,3,3,5,5,3596,河 上 年 昭,66,59,6.93,5,0.05,,6-2-4,43990,82,6-2,5370,18,2-4-6,3710,12,2-6,2950,11,,,,,,,
20250820,平和島,3,一般,晴,南東,3,3,6,3,5044,渡 邉 健,41,17,6.99,3,0.03,,6-2-4,43990,82,6-2,5370,18,2-4-6,3710,12,2-6,2950,11,,,,,,,
20250820,平和島,4,一般,晴,南東,4,3,1,1,4286,平 田 さやか,58,70,6.88,1,0.06,1.51.3,1-3-2,1500,4,1-3,560,2,1-2-3,430,2,1-3,420,3,,,,,,,
20250820,平和島,4,一般,晴,南東,4,3,2,3,4608,荒 井 翔 伍,55,57,6.93,3,0.11,1.53.0,1-3-2,1500,4,1-3,560,2,1-2-3,430,2,1-3,420,3,,,,,,,
20250820,平和島,4,一般,晴,南東,4,3,3,2,4825,倉 持 莉 々,46,60,6.96,2,0.07,1.54.5,1-3-2,1500,4,1-3,560,2,1-2-3,430,2,1-3,420,3,,,,,,,
20250820,平和島,4,一般,晴,南東,4,3,4,6,5047,國 分 将太郎,37,24,6.93,6,0.20,1.55.1,1-3-2,1500,4,1-3,560,2,1-2-3,430,2,1-3,420,3,,,,,,,
20250820,平和島,4,一般,晴,南東,4,3,5,5,4939,宮之原 輝 紀,12,29,6.96,5,0.12,,1-3-2,1500,4,1-3,560,2,1-2-3,430,2,1-3,420,3,,,,,,,
20250820,平和島,4,一般,晴,南東,4,3,6,4,4128,川 口 貴 久,14,63,7.03,4,0.16,,1-3-2,1500,4,1-3,560,2,1-2-3,430,2,1-3,420,3,,,,,,,
20250820,平和島,5,一般,晴,南,5,3,1,3,5135,仲 航 太,45,14,7.02,3,0.11,1.52.2,3-6-5,5530,18,3-6,1890,8,3-5-6,1040,4,3-6,1300,6,,,,,,,
20250820,平和島,5,一般,晴,南,5,3,2,6,3966,作 間 章,34,26,7.09,6,0.14,1.53.2,3-6-5,5530,18,3-6,1890,8,3-5-6,1040,4,3-6,1300,6,,,,,,,
20250820,平和島,5,一般,晴,南,5,3,3,5,4769,馬 場 剛,23,56,7.00,5,0.11,1.54.2,3-6-5,5530,18,3-6,1890,8,3-5-6,1040,4,3-6,1300,6,,,,,,,
20250820,平和島,5,一般,晴,南,5,3,4,4,4297,山 田 哲 也,63,19,6.84,4,0.11,1.55.1,3-6-5,5530,18,3-6,1890,8,3-5-6,1040,4,3-6,1300,6,,,,,,,
20250820,平和島,5,一般,晴,南,5,3,5,1,3207,田 村 美 和,33,62,6.96,1,0.16,,3-6-5,5530,18,3-6,1890,8,3-5-6,1040,4,3-6,1300,6,,,,,,,
20250820,平和島,5,一般,晴,南,5,3,6,2,4895,門 間 雄 大,56,23,7.03,2,0.10,,3-6-5,5530,18,3-6,1890,8,3-5-6,1040,4,3-6,1300,6,,,,,,,
20250820,平和島,6,一般,晴,南,5,3,1,2,5133,堀 越 雄 貴,36,67,6.92,2,0.07,1.51.6,2-4-5,7730,31,2-4,1330,7,2-4-5,1650,6,2-4,650,4,,,,,,,
20250820,平和島,6,一般,晴,南,5,3,2,4,4505,島 田 賢 人,43,11,6.94,4,0.12,1.54.0,2-4-5,7730,31,2-4,1330,7,2-4-5,1650,6,2-4,650,4,,,,,,,
20250820,平和島,6,一般,晴,南,5,3,3,5,3880,浅 見 宗 孝,39,10,6.94,5,0.22,1.54.9,2-4-5,7730,31,2-4,1330,7,2-4-5,1650,6,2-4,650,4,,,,,,,
20250820,平和島,6,一般,晴,南,5,3,4,6,3792,田 中 豪,60,71,6.91,6,0.14,1.56.9,2-4-5,7730,31,2-4,1330,7,2-4-5,1650,6,2-4,650,4,,,,,,,
20250820,平和島,6,一般,晴,南,5,3,5,3,2538,高 橋 二 朗,15,75,6.88,3,0.06,,2-4-5,7730,31,2-4,1330,7,2-4-5,1650,6,2-4,650,4,,,,,,,
20250820,平和島,6,一般,晴,南,5,3,6,1,4104,木 下 陽 介,65,51,6.95,1,0.20,,2-4-5,7730,31,2-4,1330,7,2-4-5,1650,6,2-4,650,4,,,,,,,
20250820,平和島,7,一般,晴,南,5,3,1,1,3859,多羅尾 達 之,38,74,6.91,1,0.11,1.52.6,1-3-4,3860,16,1-3,1980,10,1-3-4,800,3,1-3,1490,9,,,,,,,
20250820,平和島,7,一般,晴,南,5,3,2,3,3656,伯 母 芳 恒,62,20,6.96,3,0.10,1.53.3,1-3-4,3860,16,1-3,1980,10,1-3-4,800,3,1-3,1490,9,,,,,,,
20250820,平和島,7,一般,晴,南,5,3,3,4,4759,今 泉 友 吾,24,22,6.81,4,0.09,1.54.2,1-3-4,3860,16,1-3,1980,10,1-3-4,800,3,1-3,1490,9,,,,,,,
20250820,平和島,7,一般,晴,南,5,3,4,2,3072,西 田 靖,73,28,6.93,2,0.10,1.55.5,1-3-4,3860,16,1-3,1980,10,1-3-4,800,3,1-3,1490,9,,,,,,,
20250820,平和島,7,一般,晴,南,5,3,5,5,3940,飯 山 泰,27,66,6.95,5,0.07,,1-3-4,3860,16,1-3,1980,10,1-3-4,800,3,1-3,1490,9,,,,,,,
20250820,平和島,7,一般,晴,南,5,3,6,6,4169,多 田 有 佑,28,72,6.94,6,0.14,,1-3-4,3860,16,1-3,1980,10,1-3-4,800,3,1-3,1490,9,,,,,,,
20250820,平和島,8,一般,晴,南,5,3,1,1,3800,牧 宏 次,20,58,6.98,1,0.02,1.51.6,1-5-6,6940,24,1-5,970,5,1-5-6,2490,9,1-5,780,4,,,,,,,
20250820,平和島,8,一般,晴,南,5,3,2,5,4863,三 浦 裕 貴,53,73,6.96,5,0.13,1.53.2,1-5-6,6940,24,1-5,970,5,1-5-6,2490,9,1-5,780,4,,,,,,,
20250820,平和島,8,一般,晴,南,5,3,3,6,4944,田 代 達 也,25,55,6.92,6,0.11,1.54.7,1-5-6,6940,24,1-5,970,5,1-5-6,2490,9,1-5,780,4,,,,,,,
20250820,平和島,8,一般,晴,南,5,3,4,2,3596,河 上 年 昭,66,59,7.01,2,0.11,1.56.1,1-5-6,6940,24,1-5,970,5,1-5-6,2490,9,1-5,780,4,,,,,,,
20250820,平和島,8,一般,晴,南,5,3,5,4,4560,庄 司 樹良々,57,68,6.95,4,0.11,,1-5-6,6940,24,1-5,970,5,1-5-6,2490,9,1-5,780,4,,,,,,,
20250820,平和島,8,一般,晴,南,5,3,6,3,3808,秋 田 健太郎,67,52,7.01,3,0.08,,1-5-6,6940,24,1-5,970,5,1-5-6,2490,9,1-5,780,4,,,,,,,
20250820,平和島,9,一般,晴,南,3,3,1,2,4883,岡 部 大 輝,75,53,6.91,2,0.20,1.51.7,2-3-4,11790,40,2-3,3190,14,2-3-4,1610,8,2-3,1440,7,,,,,,,
20250820,平和島,9,一般,晴,南,3,3,2,3,5035,櫻 井 優,59,50,6.83,3,0.15,1.52.6,2-3-4,11790,40,2-3,3190,14,2-3-4,1610,8,2-3,1440,7,,,,,,,
20250820,平和島,9,一般,晴,南,3,3,3,4,5047,國 分 将太郎,37,24,6.90,4,0.14,1.54.9,2-3-4,11790,40,2-3,3190,14,2-3-4,1610,8,2-3,1440,7,,,,,,,
20250820,平和島,9,一般,晴,南,3,3,4,6,3467,森 弘 行,74,27,7.01,6,0.17,1.56.0,2-3-4,11790,40,2-3,3190,14,2-3-4,1610,8,2-3,1440,7,,,,,,,
20250820,平和島,9,一般,晴,南,3,3,5,5,4676,後 藤 隼 之,10,18,6.96,5,0.14,,2-3-4,11790,40,2-3,3190,14,2-3-4,1610,8,2-3,1440,7,,,,,,,
20250820,平和島,9,一般,晴,南,3,3,6,1,3505,山 田 竜 一,54,13,7.06,1,0.12,,2-3-4,11790,40,2-3,3190,14,2-3-4,1610,8,2-3,1440,7,,,,,,,
20250820,平和島,10,準優勝戦,晴,南,4,3,1,5,4758,富 樫 麗 加,44,64,6.93,5,0.17,1.50.7,5-1-2,34840,70,5-1,5570,15,1-2-5,1440,6,1-5,1300,5,,,,,,,
20250820,平和島,10,準優勝戦,晴,南,4,3,2,1,3966,作 間 章,34,26,6.82,1,0.09,1.52.4,5-1-2,34840,70,5-1,5570,15,1-2-5,1440,6,1-5,1300,5,,,,,,,
20250820,平和島,10,準優勝戦,晴,南,4,3,3,2,4939,宮之原 輝 紀,12,29,6.94,2,0.10,1.53.9,5-1-2,34840,70,5-1,5570,15,1-2-5,1440,6,1-5,1300,5,,,,,,,
20250820,平和島,10,準優勝戦,晴,南,4,3,4,4,4608,荒 井 翔 伍,55,57,6.89,4,0.13,1.55.3,5-1-2,34840,70,5-1,5570,15,1-2-5,1440,6,1-5,1300,5,,,,,,,
20250820,平和島,10,準優勝戦,晴,南,4,3,5,6,4702,三 浦 敬 太,31,61,6.91,6,0.12,,5-1-2,34840,70,5-1,5570,15,1-2-5,1440,6,1-5,1300,5,,,,,,,
20250820,平和島,10,準優勝戦,晴,南,4,3,6,3,4297,山 田 哲 也,63,19,6.87,3,0.24,,5-1-2,34840,70,5-1,5570,15,1-2-5,1440,6,1-5,1300,5,,,,,,,
20250820,平和島,11,準優勝戦,晴,南,3,3,1,1,4688,永 井 彪 也,68,21,6.87,1,0.12,1.50.2,1-2-3,620,1,1-2,320,2,1-2-3,270,1,1-2,200,1,,,,,,,
20250820,平和島,11,準優勝戦,晴,南,3,3,2,2,4769,馬 場 剛,23,56,6.94,2,0.13,1.52.0,1-2-3,620,1,1-2,320,2,1-2-3,270,1,1-2,200,1,,,,,,,
20250820,平和島,11,準優勝戦,晴,南,3,3,3,3,4505,島 田 賢 人,43,11,6.89,3,0.15,1.54.3,1-2-3,620,1,1-2,320,2,1-2-3,270,1,1-2,200,1,,,,,,,
20250820,平和島,11,準優勝戦,晴,南,3,3,4,5,5133,堀 越 雄 貴,36,67,6.94,5,0.16,1.55.8,1-2-3,620,1,1-2,320,2,1-2-3,270,1,1-2,200,1,,,,,,,
20250820,平和島,11,準優勝戦,晴,南,3,3,5,6,4286,平 田 さやか,58,70,6.89,6,0.15,,1-2-3,620,1,1-2,320,2,1-2-3,270,1,1-2,200,1,,,,,,,
20250820,平和島,11,準優勝戦,晴,南,3,3,6,4,5135,仲 航 太,45,14,6.95,4,0.13,,1-2-3,620,1,1-2,320,2,1-2-3,270,1,1-2,200,1,,,,,,,
20250820,平和島,12,準優勝戦,晴,南,4,3,1,1,3792,田 中 豪,60,71,6.97,1,0.09,1.51.0,1-4-3,3270,11,1-4,810,4,1-3-4,830,4,1-4,650,3,,,,,,,
20250820,平和島,12,準優勝戦,晴,南,4,3,2,4,5044,渡 邉 健,41,17,7.00,4,0.11,1.53.8,1-4-3,3270,11,1-4,810,4,1-3-4,830,4,1-4,650,3,,,,,,,
20250820,平和島,12,準優勝戦,晴,南,4,3,3,3,4759,今 泉 友 吾,24,22,6.90,3,0.13,1.54.6,1-4-3,3270,11,1-4,810,4,1-3-4,830,4,1-4,650,3,,,,,,,
20250820,平和島,12,準優勝戦,晴,南,4,3,4,2,3940,飯 山 泰,27,66,6.87,2,0.10,1.55.8,1-4-3,3270,11,1-4,810,4,1-3-4,830,4,1-4,650,3,,,,,,,
20250820,平和島,12,準優勝戦,晴,南,4,3,5,5,4825,倉 持 莉 々,46,60,6.99,5,0.16,,1-4-3,3270,11,1-4,810,4,1-3-4,830,4,1-4,650,3,,,,,,,
20250820,平和島,12,準優勝戦,晴,南,4,3,6,6,4104,木 下 陽 介,65,51,6.98,6,0.16,,1-4-3,3270,11,1-4,810,4,1-3-4,830,4,1-4,650,3,,,,,,,
20250820,江戸川,1,予選,晴,南,6,5,1,1,4245,高 橋 直 哉,27,10,6.83,1,0.09,1.55.7,1-2-6,7680,29,1-2,520,2,1-2-6,2300,11,1-2,430,2,,,,,,,
20250820,江戸川,1,予選,晴,南,6,5,2,2,3602,奥 平 拓 也,36,48,6.94,2,0.05,1.57.2,1-2-6,7680,29,1-2,520,2,1-2-6,2300,11,1-2,430,2,,,,,,,
20250820,江戸川,1,予選,晴,南,6,5,3,6,3812,山 崎 聖 司,16,66,6.87,6,0.18,1.59.2,1-2-6,7680,29,1-2,520,2,1-2-6,2300,11,1-2,430,2,,,,,,,
20250820,江戸川,1,予選,晴,南,6,5,4,5,4815,伏 島 祐 介,19,56,6.81,5,0.18,2.00.0,1-2-6,7680,29,1-2,520,2,1-2-6,2300,11,1-2,430,2,,,,,,,
20250820,江戸川,1,予選,晴,南,6,5,5,3,5007,近 藤 雄一郎,32,24,6.85,3,0.13,,1-2-6,7680,29,1-2,520,2,1-2-6,2300,11,1-2,430,2,,,,,,,
20250820,江戸川,1,予選,晴,南,6,5,6,4,4644,山 田 亮 太,45,58,6.89,4,0.17,,1-2-6,7680,29,1-2,520,2,1-2-6,2300,11,1-2,430,2,,,,,,,
20250820,江戸川,2,予選,晴,南,6,5,1,2,4468,大 池 佑 来,11,22,6.91,2,0.04,1.54.3,2-1-4,780,2,2-1,340,1,1-2-4,270,1,1-2,200,1,,,,,,,
20250820,江戸川,2,予選,晴,南,6,5,2,1,3911,鈴 木 猛,67,39,6.90,1,0.04,1.55.7,2-1-4,780,2,2-1,340,1,1-2-4,270,1,1-2,200,1,,,,,,,
20250820,江戸川,2,予選,晴,南,6,5,3,4,3105,内 山 文 典,40,49,6.92,4,0.12,1.57.2,2-1-4,780,2,2-1,340,1,1-2-4,270,1,1-2,200,1,,,,,,,
20250820,江戸川,2,予選,晴,南,6,5,4,3,5285,若 林 麗,71,67,7.00,3,0.02,1.59.3,2-1-4,780,2,2-1,340,1,1-2-4,270,1,1-2,200,1,,,,,,,
20250820,江戸川,2,予選,晴,南,6,5,5,6,3226,浦 田 信 義,57,16,6.93,6,0.16,,2-1-4,780,2,2-1,340,1,1-2-4,270,1,1-2,200,1,,,,,,,
20250820,江戸川,2,予選,晴,南,6,5,6,5,4318,桑 原 将 光,23,61,6.92,5,0.08,,2-1-4,780,2,2-1,340,1,1-2-4,270,1,1-2,200,1,,,,,,,
20250820,江戸川,3,予選,晴,南,7,5,1,2,5279,石 渡 翔一郎,43,21,6.92,2,0.06,1.54.2,2-5-1,4890,23,2-5,1790,12,1-2-5,600,4,2-5,750,5,,,,,,,
20250820,江戸川,3,予選,晴,南,7,5,2,5,4266,長 田 頼 宗,18,17,6.98,5,0.18,1.55.6,2-5-1,4890,23,2-5,1790,12,1-2-5,600,4,2-5,750,5,,,,,,,
20250820,江戸川,3,予選,晴,南,7,5,3,1,4440,萩 原 知 哉,31,20,6.86,1,0.17,1.56.4,2-5-1,4890,23,2-5,1790,12,1-2-5,600,4,2-5,750,5,,,,,,,
20250820,江戸川,3,予選,晴,南,7,5,4,6,4945,上 村 宏 太,24,19,6.86,6,0.18,1.58.0,2-5-1,4890,23,2-5,1790,12,1-2-5,600,4,2-5,750,5,,,,,,,
20250820,江戸川,3,予選,晴,南,7,5,5,3,4598,加 藤 政 彦,15,35,6.91,3,0.06,,2-5-1,4890,23,2-5,1790,12,1-2-5,600,4,2-5,750,5,,,,,,,
20250820,江戸川,3,予選,晴,南,7,5,6,4,5371,早 川 颯 太,37,40,6.92,4,0.15,,2-5-1,4890,23,2-5,1790,12,1-2-5,600,4,2-5,750,5,,,,,,,
20250820,江戸川,4,予選,晴,南,7,5,1,1,4995,田 邉 亮 蔵,63,69,6.79,1,0.17,1.54.5,1-2-3,1280,2,1-2,770,5,1-2-3,240,1,1-2,370,3,,,,,,,
20250820,江戸川,4,予選,晴,南,7,5,2,2,4610,佐 藤 大 佑,33,27,6.83,2,0.19,1.56.2,1-2-3,1280,2,1-2,770,5,1-2-3,240,1,1-2,370,3,,,,,,,
20250820,江戸川,4,予選,晴,南,7,5,3,3,4748,渡 邉 雄 朗,21,41,6.79,3,0.24,1.58.3,1-2-3,1280,2,1-2,770,5,1-2-3,240,1,1-2,370,3,,,,,,,
20250820,江戸川,4,予選,晴,南,7,5,4,5,3569,増 田 進,66,54,6.99,5,0.28,1.59.2,1-2-3,1280,2,1-2,770,5,1-2-3,240,1,1-2,370,3,,,,,,,
20250820,江戸川,4,予選,晴,南,7,5,5,6,4615,板 倉 敦 史,30,36,6.84,6,0.29,,1-2-3,1280,2,1-2,770,5,1-2-3,240,1,1-2,370,3,,,,,,,
20250820,江戸川,4,予選,晴,南,7,5,6,4,3340,池 田 雷 太,28,25,6.91,4,0.21,,1-2-3,1280,2,1-2,770,5,1-2-3,240,1,1-2,370,3,,,,,,,
20250820,江戸川,5,予選,晴,南,7,5,1,1,3303,渡 辺 豊,26,14,6.91,1,0.09,1.55.6,1-2-6,2020,5,1-2,350,1,1-2-6,740,4,1-2,270,1,,,,,,,
20250820,江戸川,5,予選,晴,南,7,5,2,2,4086,寺 本 重 宣,12,50,6.94,2,0.08,1.57.1,1-2-6,2020,5,1-2,350,1,1-2-6,740,4,1-2,270,1,,,,,,,
20250820,江戸川,5,予選,晴,南,7,5,3,6,4880,澤 崎 雄 哉,22,33,6.88,6,0.11,1.58.9,1-2-6,2020,5,1-2,350,1,1-2-6,740,4,1-2,270,1,,,,,,,
20250820,江戸川,5,予選,晴,南,7,5,4,3,5063,大 塚 雅 治,47,26,6.86,3,0.15,2.00.3,1-2-6,2020,5,1-2,350,1,1-2-6,740,4,1-2,270,1,,,,,,,
20250820,江戸川,5,予選,晴,南,7,5,5,4,3812,山 崎 聖 司,16,66,6.98,4,0.14,,1-2-6,2020,5,1-2,350,1,1-2-6,740,4,1-2,270,1,,,,,,,
20250820,江戸川,5,予選,晴,南,7,5,6,5,4401,小 林 泰,14,53,6.92,5,0.06,,1-2-6,2020,5,1-2,350,1,1-2-6,740,4,1-2,270,1,,,,,,,
20250820,江戸川,6,予選,晴,南,8,5,1,1,3978,齊 藤 仁,65,23,6.94,1,0.17,1.56.1,1-4-3,1270,4,1-4,530,3,1-3-4,400,2,1-4,240,2,,,,,,,
20250820,江戸川,6,予選,晴,南,8,5,2,4,4438,森 作 雄 大,41,68,7.08,4,0.20,1.58.1,1-4-3,1270,4,1-4,530,3,1-3-4,400,2,1-4,240,2,,,,,,,
20250820,江戸川,6,予選,晴,南,8,5,3,3,5226,藤 田 俊 祐,17,63,7.00,3,0.24,1.58.5,1-4-3,1270,4,1-4,530,3,1-3-4,400,2,1-4,240,2,,,,,,,
20250820,江戸川,6,予選,晴,南,8,5,4,5,3868,尾 形 栄 治,68,32,7.20,5,0.43,2.00.7,1-4-3,1270,4,1-4,530,3,1-3-4,400,2,1-4,240,2,,,,,,,
20250820,江戸川,6,予選,晴,南,8,5,5,6,3277,齋 藤 勇,61,45,7.08,6,0.19,,1-4-3,1270,4,1-4,530,3,1-3-4,400,2,1-4,240,2,,,,,,,
20250820,江戸川,6,予選,晴,南,8,5,6,2,5007,近 藤 雄一郎,32,24,6.95,2,0.21,,1-4-3,1270,4,1-4,530,3,1-3-4,400,2,1-4,240,2,,,,,,,
20250820,江戸川,7,予選,晴,南,8,5,1,5,3716,石 渡 鉄 兵,70,60,6.88,5,0.11,1.54.9,5-2-4,2840,10,5-2,540,1,2-4-5,710,3,2-5,220,1,,,,,,,
20250820,江戸川,7,予選,晴,南,8,5,2,2,4598,加 藤 政 彦,15,35,7.07,2,0.07,1.56.5,5-2-4,2840,10,5-2,540,1,2-4-5,710,3,2-5,220,1,,,,,,,
20250820,江戸川,7,予選,晴,南,8,5,3,4,4815,伏 島 祐 介,19,56,7.00,4,0.12,1.58.4,5-2-4,2840,10,5-2,540,1,2-4-5,710,3,2-5,220,1,,,,,,,
20250820,江戸川,7,予選,晴,南,8,5,4,3,3105,内 山 文 典,40,49,6.95,3,0.11,1.59.2,5-2-4,2840,10,5-2,540,1,2-4-5,710,3,2-5,220,1,,,,,,,
20250820,江戸川,7,予選,晴,南,8,5,5,6,5253,藤 井 太 雅,55,37,6.98,6,0.19,,5-2-4,2840,10,5-2,540,1,2-4-5,710,3,2-5,220,1,,,,,,,
20250820,江戸川,7,予選,晴,南,8,5,6,1,4077,品 田 直 樹,50,59,7.06,1,0.13,,5-2-4,2840,10,5-2,540,1,2-4-5,710,3,2-5,220,1,,,,,,,
20250820,江戸川,8,予選,晴,南,8,5,1,4,4095,福 来 剛,69,12,6.99,4,0.06,1.55.4,4-3-2,2840,10,4-3,2280,8,2-3-4,180,1,3-4,900,4,,,,,,,
20250820,江戸川,8,予選,晴,南,8,5,2,3,4610,佐 藤 大 佑,33,27,6.86,3,0.09,1.57.8,4-3-2,2840,10,4-3,2280,8,2-3-4,180,1,3-4,900,4,,,,,,,
20250820,江戸川,8,予選,晴,南,8,5,3,2,4847,佐 藤 隆太郎,29,64,6.82,2,0.11,1.58.8,4-3-2,2840,10,4-3,2280,8,2-3-4,180,1,3-4,900,4,,,,,,,
20250820,江戸川,8,予選,晴,南,8,5,4,1,5190,大 月 遊 雅,53,52,7.02,1,0.18,2.00.3,4-3-2,2840,10,4-3,2280,8,2-3-4,180,1,3-4,900,4,,,,,,,
20250820,江戸川,8,予選,晴,南,8,5,5,6,3602,奥 平 拓 也,36,48,7.02,6,0.16,,4-3-2,2840,10,4-3,2280,8,2-3-4,180,1,3-4,900,4,,,,,,,
20250820,江戸川,8,予選,晴,南,8,5,6,5,5371,早 川 颯 太,37,40,6.97,5,0.10,,4-3-2,2840,10,4-3,2280,8,2-3-4,180,1,3-4,900,4,,,,,,,
20250820,江戸川,9,予選,晴,南,10,5,1,2,4318,桑 原 将 光,23,61,6.97,2,0.09,1.58.1,2-1-4,6400,25,2-1,1050,4,1-2-4,970,4,1-2,290,2,,,,,,,
20250820,江戸川,9,予選,晴,南,10,5,2,1,4086,寺 本 重 宣,12,50,6.95,1,0.07,1.59.4,2-1-4,6400,25,2-1,1050,4,1-2-4,970,4,1-2,290,2,,,,,,,
20250820,江戸川,9,予選,晴,南,10,5,3,4,4945,上 村 宏 太,24,19,7.09,4,0.19,2.00.4,2-1-4,6400,25,2-1,1050,4,1-2-4,970,4,1-2,290,2,,,,,,,
20250820,江戸川,9,予選,晴,南,10,5,4,5,4245,高 橋 直 哉,27,10,7.03,5,0.23,2.01.7,2-1-4,6400,25,2-1,1050,4,1-2-4,970,4,1-2,290,2,,,,,,,
20250820,江戸川,9,予選,晴,南,10,5,5,3,4335,若 林 将,58,38,7.12,3,0.07,,2-1-4,6400,25,2-1,1050,4,1-2-4,970,4,1-2,290,2,,,,,,,
20250820,江戸川,9,予選,晴,南,10,5,6,6,3340,池 田 雷 太,28,25,6.97,6,0.38,,2-1-4,6400,25,2-1,1050,4,1-2-4,970,4,1-2,290,2,,,,,,,
20250820,江戸川,10,予選ラリー選,晴,南,9,15,1,1,4266,長 田 頼 宗,18,17,7.16,1,0.15,1.57.1,1-5-3,760,2,1-5,430,2,1-3-5,290,1,1-5,420,3,,,,,,,
20250820,江戸川,10,予選ラリー選,晴,南,9,15,2,5,4379,桑 島 和 宏,56,18,7.18,5,0.09,1.58.0,1-5-3,760,2,1-5,430,2,1-3-5,290,1,1-5,420,3,,,,,,,
20250820,江戸川,10,予選ラリー選,晴,南,9,15,3,3,3888,山 本 英 志,60,31,7.09,3,0.09,1.59.9,1-5-3,760,2,1-5,430,2,1-3-5,290,1,1-5,420,3,,,,,,,
20250820,江戸川,10,予選ラリー選,晴,南,9,15,4,6,4644,山 田 亮 太,45,58,6.99,6,0.09,2.00.1,1-5-3,760,2,1-5,430,2,1-3-5,290,1,1-5,420,3,,,,,,,
20250820,江戸川,10,予選ラリー選,晴,南,9,15,5,4,5285,若 林 麗,71,67,7.07,4,0.07,,1-5-3,760,2,1-5,430,2,1-3-5,290,1,1-5,420,3,,,,,,,
20250820,江戸川,10,予選ラリー選,晴,南,9,15,6,2,3303,渡 辺 豊,26,14,7.05,2,0.13,,1-5-3,760,2,1-5,430,2,1-3-5,290,1,1-5,420,3,,,,,,,
20250820,江戸川,11,予選バディ選,晴,南,8,15,1,1,4468,大 池 佑 来,11,22,7.32,1,0.11,1.56.5,1-2-4,2500,10,1-2,610,3,1-2-4,1060,7,1-2,500,3,,,,,,,
20250820,江戸川,11,予選バディ選,晴,南,8,15,2,2,4440,萩 原 知 哉,31,20,6.91,2,0.24,1.57.8,1-2-4,2500,10,1-2,610,3,1-2-4,1060,7,1-2,500,3,,,,,,,
20250820,江戸川,11,予選バディ選,晴,南,8,15,3,4,4615,板 倉 敦 史,30,36,7.16,4,0.23,2.00.1,1-2-4,2500,10,1-2,610,3,1-2-4,1060,7,1-2,500,3,,,,,,,
20250820,江戸川,11,予選バディ選,晴,南,8,15,4,5,5096,上 原 崚,54,70,7.07,5,0.20,2.00.4,1-2-4,2500,10,1-2,610,3,1-2-4,1060,7,1-2,500,3,,,,,,,
20250820,江戸川,11,予選バディ選,晴,南,8,15,5,3,4401,小 林 泰,14,53,7.04,3,0.39,,1-2-4,2500,10,1-2,610,3,1-2-4,1060,7,1-2,500,3,,,,,,,
20250820,江戸川,11,予選バディ選,晴,南,8,15,6,6,4438,森 作 雄 大,41,68,7.28,6,0.14,,1-2-4,2500,10,1-2,610,3,1-2-4,1060,7,1-2,500,3,,,,,,,
20250820,江戸川,12,予選特別選抜,晴,南,8,15,1,1,4847,佐 藤 隆太郎,29,64,7.01,1,0.11,1.55.8,1-3-6,3500,15,1-3,450,2,1-3-6,1950,9,1-3,520,2,,,,,,,
20250820,江戸川,12,予選特別選抜,晴,南,8,15,2,3,5279,石 渡 翔一郎,43,21,7.06,3,0.14,1.58.2,1-3-6,3500,15,1-3,450,2,1-3-6,1950,9,1-3,520,2,,,,,,,
20250820,江戸川,12,予選特別選抜,晴,南,8,15,3,6,5226,藤 田 俊 祐,17,63,7.35,6,0.21,1.59.7,1-3-6,3500,15,1-3,450,2,1-3-6,1950,9,1-3,520,2,,,,,,,
20250820,江戸川,12,予選特別選抜,晴,南,8,15,4,5,4345,西 舘 健,64,57,7.39,5,0.15,2.01.3,1-3-6,3500,15,1-3,450,2,1-3-6,1950,9,1-3,520,2,,,,,,,
20250820,江戸川,12,予選特別選抜,晴,南,8,15,5,2,4748,渡 邉 雄 朗,21,41,6.95,2,0.18,,1-3-6,3500,15,1-3,450,2,1-3-6,1950,9,1-3,520,2,,,,,,,
20250820,江戸川,12,予選特別選抜,晴,南,8,15,6,4,4880,澤 崎 雄 哉,22,33,7.11,4,0.15,,1-3-6,3500,15,1-3,450,2,1-3-6,1950,9,1-3,520,2,,,,,,,
20250820,浜名湖,1,一般,晴,南,6,3,1,2,3744,徳 増 秀 樹,18,67,6.75,2,0.10,1.53.4,2-3-6,1050,1,2-3,420,1,2-3-6,400,2,2-3,190,1,,,,,,,
20250820,浜名湖,1,一般,晴,南,6,3,2,3,4190,長 嶋 万 記,26,55,6.67,3,0.12,1.54.3,2-3-6,1050,1,2-3,420,1,2-3-6,400,2,2-3,190,1,,,,,,,
20250820,浜名湖,1,一般,晴,南,6,3,3,6,4058,野 末 智 一,50,58,6.76,4,0.11,1.56.4,2-3-6,1050,1,2-3,420,1,2-3-6,400,2,2-3,190,1,,,,,,,
20250820,浜名湖,1,一般,晴,南,6,3,4,5,3294,野 中 義 生,54,68,6.74,6,0.09,1.57.3,2-3-6,1050,1,2-3,420,1,2-3-6,400,2,2-3,190,1,,,,,,,
20250820,浜名湖,1,一般,晴,南,6,3,5,1,3932,池 田 浩 美,61,65,6.73,1,0.28,,2-3-6,1050,1,2-3,420,1,2-3-6,400,2,2-3,190,1,,,,,,,
20250820,浜名湖,1,一般,晴,南,6,3,6,4,5385,鈴 木 柊 介,20,19,6.76,5,0.08,,2-3-6,1050,1,2-3,420,1,2-3-6,400,2,2-3,190,1,,,,,,,
20250820,浜名湖,2,一般,晴,南,6,3,1,3,4131,原 豊 土,4,22,6.76,3,0.23,1.53.6,3-1-2,8190,32,3-1,820,3,1-2-3,1230,6,1-3,510,3,,,,,,,
20250820,浜名湖,2,一般,晴,南,6,3,2,1,4216,星 栄 爾,46,47,6.79,1,0.22,1.55.7,3-1-2,8190,32,3-1,820,3,1-2-3,1230,6,1-3,510,3,,,,,,,
20250820,浜名湖,2,一般,晴,南,6,3,3,2,3518,倉 田 郁 美,5,52,6.68,2,0.25,1.56.8,3-1-2,8190,32,3-1,820,3,1-2-3,1230,6,1-3,510,3,,,,,,,
20250820,浜名湖,2,一般,晴,南,6,3,4,5,5110,杉 山 喜 一,30,20,6.71,5,0.14,1.56.9,3-1-2,8190,32,3-1,820,3,1-2-3,1230,6,1-3,510,3,,,,,,,
20250820,浜名湖,2,一般,晴,南,6,3,5,4,5362,中 嶋 世 奈,56,33,6.71,4,0.18,,3-1-2,8190,32,3-1,820,3,1-2-3,1230,6,1-3,510,3,,,,,,,
20250820,浜名湖,2,一般,晴,南,6,3,6,6,3960,菊 地 孝 平,31,60,6.75,6,0.11,,3-1-2,8190,32,3-1,820,3,1-2-3,1230,6,1-3,510,3,,,,,,,
20250820,浜名湖,3,一般,晴,南,6,3,1,1,3796,長 野 道 臣,2,11,6.71,1,0.10,1.53.6,1-4-2,21870,63,1-4,2410,11,1-2-4,3620,11,1-4,2530,11,,,,,,,
20250820,浜名湖,3,一般,晴,南,6,3,2,4,5248,本 田 愛,52,73,6.76,4,0.20,1.54.9,1-4-2,21870,63,1-4,2410,11,1-2-4,3620,11,1-4,2530,11,,,,,,,
20250820,浜名湖,3,一般,晴,南,6,3,3,2,3909,佐々木 康 幸,45,35,6.77,2,0.09,1.56.3,1-4-2,21870,63,1-4,2410,11,1-2-4,3620,11,1-4,2530,11,,,,,,,
20250820,浜名湖,3,一般,晴,南,6,3,4,6,4033,伊 藤 将 吉,21,32,6.75,6,0.19,1.57.0,1-4-2,21870,63,1-4,2410,11,1-2-4,3620,11,1-4,2530,11,,,,,,,
20250820,浜名湖,3,一般,晴,南,6,3,5,5,5316,村 松 将 平,8,12,6.69,5,0.21,,1-4-2,21870,63,1-4,2410,11,1-2-4,3620,11,1-4,2530,11,,,,,,,
20250820,浜名湖,3,一般,晴,南,6,3,6,3,4207,松 下 一 也,34,49,6.75,3,0.12,,1-4-2,21870,63,1-4,2410,11,1-2-4,3620,11,1-4,2530,11,,,,,,,
20250820,浜名湖,4,ランチタイム,晴,南,7,4,1,1,3995,重 野 哲 之,60,13,6.75,1,0.07,1.54.1,1-2-4,970,3,1-2,340,1,1-2-4,410,2,1-2,250,1,,,,,,,
20250820,浜名湖,4,ランチタイム,晴,南,7,4,2,2,3474,松 瀬 弘 美,11,30,6.68,2,0.12,1.54.7,1-2-4,970,3,1-2,340,1,1-2-4,410,2,1-2,250,1,,,,,,,
20250820,浜名湖,4,ランチタイム,晴,南,7,4,3,4,4918,川 島 拓 郎,48,26,6.78,5,0.25,1.56.8,1-2-4,970,3,1-2,340,1,1-2-4,410,2,1-2,250,1,,,,,,,
20250820,浜名湖,4,ランチタイム,晴,南,7,4,4,6,4360,庄 司 孝 輔,39,37,6.69,3,0.17,1.57.7,1-2-4,970,3,1-2,340,1,1-2-4,410,2,1-2,250,1,,,,,,,
20250820,浜名湖,4,ランチタイム,晴,南,7,4,5,3,5332,村 松 遥 輝,44,28,6.69,4,0.42,,1-2-4,970,3,1-2,340,1,1-2-4,410,2,1-2,250,1,,,,,,,
20250820,浜名湖,4,ランチタイム,晴,南,7,4,6,5,5349,宮 崎 奏 磨,16,23,6.74,6,0.24,,1-2-4,970,3,1-2,340,1,1-2-4,410,2,1-2,250,1,,,,,,,
20250820,浜名湖,5,一般,晴,南,7,4,1,1,4209,藤 田 竜 弘,47,36,6.75,1,0.17,1.15.9,1-6-4,1250,2,1-6,510,1,1-4-6,450,1,1-6,360,1,,,,,,,
20250820,浜名湖,5,一般,晴,南,7,4,2,6,5034,若 林 義 人,37,16,6.76,2,0.01,1.16.3,1-6-4,1250,2,1-6,510,1,1-4-6,450,1,1-6,360,1,,,,,,,
20250820,浜名湖,5,一般,晴,南,7,4,3,4,4073,大 橋 純一郎,63,21,6.70,5,0.12,1.17.4,1-6-4,1250,2,1-6,510,1,1-4-6,450,1,1-6,360,1,,,,,,,
20250820,浜名湖,5,一般,晴,南,7,4,4,2,4076,杉 田 篤 光,19,38,6.63,3,0.04,1.17.6,1-6-4,1250,2,1-6,510,1,1-4-6,450,1,1-6,360,1,,,,,,,
20250820,浜名湖,5,一般,晴,南,7,4,5,3,4068,幸 田 智 裕,38,71,6.72,4,0.09,,1-6-4,1250,2,1-6,510,1,1-4-6,450,1,1-6,360,1,,,,,,,
20250820,浜名湖,5,一般,晴,南,7,4,6,5,5385,鈴 木 柊 介,20,19,6.75,6,0.13,,1-6-4,1250,2,1-6,510,1,1-4-6,450,1,1-6,360,1,,,,,,,
20250820,浜名湖,6,一般,晴,南,7,4,1,1,5205,刑 部 亜里紗,43,59,6.60,1,0.33,1.15.5,1-3-2,2330,9,1-3,990,4,1-2-3,750,4,1-3,960,3,,,,,,,
20250820,浜名湖,6,一般,晴,南,7,4,2,3,3518,倉 田 郁 美,5,52,6.63,3,0.29,1.16.8,1-3-2,2330,9,1-3,990,4,1-2-3,750,4,1-3,960,3,,,,,,,
20250820,浜名湖,6,一般,晴,南,7,4,3,2,4464,山 下 友 貴,7,45,6.70,2,0.31,1.17.9,1-3-2,2330,9,1-3,990,4,1-2-3,750,4,1-3,960,3,,,,,,,
20250820,浜名湖,6,一般,晴,南,7,4,4,6,5362,中 嶋 世 奈,56,33,6.74,6,0.28,1.19.4,1-3-2,2330,9,1-3,990,4,1-2-3,750,4,1-3,960,3,,,,,,,
20250820,浜名湖,6,一般,晴,南,7,4,5,4,4208,三 浦 永 理,36,15,6.78,4,0.23,,1-3-2,2330,9,1-3,990,4,1-2-3,750,4,1-3,960,3,,,,,,,
20250820,浜名湖,6,一般,晴,南,7,4,6,5,3932,池 田 浩 美,61,65,6.70,5,0.29,,1-3-2,2330,9,1-3,990,4,1-2-3,750,4,1-3,960,3,,,,,,,
20250820,浜名湖,7,一般,晴,南,7,4,1,1,3489,大 場 敏,32,29,6.67,1,0.15,1.14.9,1-4-3,2710,10,1-4,890,4,1-3-4,600,4,1-4,830,3,,,,,,,
20250820,浜名湖,7,一般,晴,南,7,4,2,4,5316,村 松 将 平,8,12,6.71,4,0.07,1.16.3,1-4-3,2710,10,1-4,890,4,1-3-4,600,4,1-4,830,3,,,,,,,
20250820,浜名湖,7,一般,晴,南,7,4,3,3,4124,池 田 雄 一,55,25,6.76,3,0.14,1.17.7,1-4-3,2710,10,1-4,890,4,1-3-4,600,4,1-4,830,3,,,,,,,
20250820,浜名湖,7,一般,晴,南,7,4,4,2,3294,野 中 義 生,54,68,6.69,2,0.15,1.18.1,1-4-3,2710,10,1-4,890,4,1-3-4,600,4,1-4,830,3,,,,,,,
20250820,浜名湖,7,一般,晴,南,7,4,5,6,4150,山 田 雄 太,12,69,6.85,6,0.12,,1-4-3,2710,10,1-4,890,4,1-3-4,600,4,1-4,830,3,,,,,,,
20250820,浜名湖,7,一般,晴,南,7,4,6,5,4216,星 栄 爾,46,47,6.81,5,0.12,,1-4-3,2710,10,1-4,890,4,1-3-4,600,4,1-4,830,3,,,,,,,
20250820,浜名湖,8,ブレイクタイ,晴,南,7,4,1,4,3744,徳 増 秀 樹,18,67,6.70,4,0.13,1.16.7,4-3-1,3030,12,4-3,1280,7,1-3-4,170,1,3-4,830,4,,,,,,,
20250820,浜名湖,8,ブレイクタイ,晴,南,7,4,2,3,5269,山 口 晃 朋,24,61,6.63,3,0.15,1.17.4,4-3-1,3030,12,4-3,1280,7,1-3-4,170,1,3-4,830,4,,,,,,,
20250820,浜名湖,8,ブレイクタイ,晴,南,7,4,3,1,4581,吉 村 誠,62,76,6.67,1,0.16,1.18.0,4-3-1,3030,12,4-3,1280,7,1-3-4,170,1,3-4,830,4,,,,,,,
20250820,浜名湖,8,ブレイクタイ,晴,南,7,4,4,2,5294,豊 田 祥 生,23,63,6.72,2,0.22,1.19.4,4-3-1,3030,12,4-3,1280,7,1-3-4,170,1,3-4,830,4,,,,,,,
20250820,浜名湖,8,ブレイクタイ,晴,南,7,4,5,6,5248,本 田 愛,52,73,6.73,6,0.14,,4-3-1,3030,12,4-3,1280,7,1-3-4,170,1,3-4,830,4,,,,,,,
20250820,浜名湖,8,ブレイクタイ,晴,南,7,4,6,5,5332,村 松 遥 輝,44,28,6.73,5,0.17,,4-3-1,3030,12,4-3,1280,7,1-3-4,170,1,3-4,830,4,,,,,,,
20250820,浜名湖,9,一般,晴,南,7,4,1,4,3796,長 野 道 臣,2,11,6.76,4,0.19,1.15.3,4-2-3,28110,56,4-2,8920,20,2-3-4,2290,9,2-4,1960,7,,,,,,,
20250820,浜名湖,9,一般,晴,南,7,4,2,2,3956,横 澤 剛 治,13,34,6.76,2,0.18,1.16.1,4-2-3,28110,56,4-2,8920,20,2-3-4,2290,9,2-4,1960,7,,,,,,,
20250820,浜名湖,9,一般,晴,南,7,4,3,3,3995,重 野 哲 之,60,13,6.69,3,0.20,1.17.2,4-2-3,28110,56,4-2,8920,20,2-3-4,2290,9,2-4,1960,7,,,,,,,
20250820,浜名湖,9,一般,晴,南,7,4,4,1,5110,杉 山 喜 一,30,20,6.64,1,0.16,1.17.6,4-2-3,28110,56,4-2,8920,20,2-3-4,2290,9,2-4,1960,7,,,,,,,
20250820,浜名湖,9,一般,晴,南,7,4,5,5,3474,松 瀬 弘 美,11,30,6.80,5,0.25,,4-2-3,28110,56,4-2,8920,20,2-3-4,2290,9,2-4,1960,7,,,,,,,
20250820,浜名湖,9,一般,晴,南,7,4,6,6,4207,松 下 一 也,34,49,6.72,6,0.25,,4-2-3,28110,56,4-2,8920,20,2-3-4,2290,9,2-4,1960,7,,,,,,,
20250820,浜名湖,10,特別選抜戦,晴,南,7,4,1,3,3909,佐々木 康 幸,45,35,6.81,3,0.09,1.15.3,3-1-4,8610,30,3-1,2860,10,1-3-4,1010,4,1-3,660,3,,,,,,,
20250820,浜名湖,10,特別選抜戦,晴,南,7,4,2,1,4131,原 豊 土,4,22,6.71,1,0.15,1.15.5,3-1-4,8610,30,3-1,2860,10,1-3-4,1010,4,1-3,660,3,,,,,,,
20250820,浜名湖,10,特別選抜戦,晴,南,7,4,3,4,5205,刑 部 亜里紗,43,59,6.71,4,0.21,1.17.7,3-1-4,8610,30,3-1,2860,10,1-3-4,1010,4,1-3,660,3,,,,,,,
20250820,浜名湖,10,特別選抜戦,晴,南,7,4,4,6,4208,三 浦 永 理,36,15,6.77,6,0.11,1.17.9,3-1-4,8610,30,3-1,2860,10,1-3-4,1010,4,1-3,660,3,,,,,,,
20250820,浜名湖,10,特別選抜戦,晴,南,7,4,5,5,4190,長 嶋 万 記,26,55,6.76,5,0.07,,3-1-4,8610,30,3-1,2860,10,1-3-4,1010,4,1-3,660,3,,,,,,,
20250820,浜名湖,10,特別選抜戦,晴,南,7,4,6,2,5034,若 林 義 人,37,16,6.71,2,0.14,,3-1-4,8610,30,3-1,2860,10,1-3-4,1010,4,1-3,660,3,,,,,,,
20250820,浜名湖,11,特別選抜戦,晴,南,7,4,1,2,4033,伊 藤 将 吉,21,32,6.70,2,0.05,1.15.4,2-3-6,7150,27,2-3,770,5,2-3-6,2780,10,2-3,420,2,,,,,,,
20250820,浜名湖,11,特別選抜戦,晴,南,7,4,2,3,3960,菊 地 孝 平,31,60,6.73,3,0.09,1.16.5,2-3-6,7150,27,2-3,770,5,2-3-6,2780,10,2-3,420,2,,,,,,,
20250820,浜名湖,11,特別選抜戦,晴,南,7,4,3,6,4073,大 橋 純一郎,63,21,6.66,6,0.24,1.17.6,2-3-6,7150,27,2-3,770,5,2-3-6,2780,10,2-3,420,2,,,,,,,
20250820,浜名湖,11,特別選抜戦,晴,南,7,4,4,4,4464,山 下 友 貴,7,45,6.69,4,0.14,1.18.1,2-3-6,7150,27,2-3,770,5,2-3-6,2780,10,2-3,420,2,,,,,,,
20250820,浜名湖,11,特別選抜戦,晴,南,7,4,5,5,4124,池 田 雄 一,55,25,6.67,5,0.13,,2-3-6,7150,27,2-3,770,5,2-3-6,2780,10,2-3,420,2,,,,,,,
20250820,浜名湖,11,特別選抜戦,晴,南,7,4,6,1,4360,庄 司 孝 輔,39,37,6.68,1,0.09,,2-3-6,7150,27,2-3,770,5,2-3-6,2780,10,2-3,420,2,,,,,,,
20250820,浜名湖,12,優勝戦,晴,南,7,4,1,1,4342,谷 野 錬 志,22,53,6.71,1,0.06,1.15.4,1-4-5,1350,3,1-4,420,1,1-4-5,510,2,1-4,350,1,,,,,,,
20250820,浜名湖,12,優勝戦,晴,南,7,4,2,4,4524,深 谷 知 博,27,48,6.67,4,0.05,1.16.1,1-4-5,1350,3,1-4,420,1,1-4-5,510,2,1-4,350,1,,,,,,,
20250820,浜名湖,12,優勝戦,晴,南,7,4,3,5,3959,坪 井 康 晴,53,31,6.64,5,0.10,1.16.4,1-4-5,1350,3,1-4,420,1,1-4-5,510,2,1-4,350,1,,,,,,,
20250820,浜名湖,12,優勝戦,晴,南,7,4,4,3,4933,板 橋 侑 我,6,64,6.76,3,0.03,1.16.4,1-4-5,1350,3,1-4,420,1,1-4-5,510,2,1-4,350,1,,,,,,,
20250820,浜名湖,12,優勝戦,晴,南,7,4,5,6,4273,佐 藤 旭,41,66,6.71,6,0.13,,1-4-5,1350,3,1-4,420,1,1-4-5,510,2,1-4,350,1,,,,,,,
20250820,浜名湖,12,優勝戦,晴,南,7,4,6,2,3422,服 部 幸 男,65,43,6.69,2,0.05,,1-4-5,1350,3,1-4,420,1,1-4-5,510,2,1-4,350,1,,,,,,,
20250820,芦屋,1,サンライズＶ,晴,南,1,1,1,3,4474,渡 辺 崇,39,114,6.81,3,0.16,1.48.9,3-1-2,10430,28,3-1,4330,11,1-2-3,270,1,1-3,410,2,,,,,,,
20250820,芦屋,1,サンライズＶ,晴,南,1,1,2,1,3662,大 庭 元 明,25,127,6.79,1,0.18,1.50.4,3-1-2,10430,28,3-1,4330,11,1-2-3,270,1,1-3,410,2,,,,,,,
20250820,芦屋,1,サンライズＶ,晴,南,1,1,3,2,4394,永 嶋 裕 一,17,164,6.74,2,0.14,1.51.5,3-1-2,10430,28,3-1,4330,11,1-2-3,270,1,1-3,410,2,,,,,,,
20250820,芦屋,1,サンライズＶ,晴,南,1,1,4,5,3514,山 一 鉄 也,1,111,6.81,5,0.15,1.52.1,3-1-2,10430,28,3-1,4330,11,1-2-3,270,1,1-3,410,2,,,,,,,
20250820,芦屋,1,サンライズＶ,晴,南,1,1,5,6,5219,森 口 和 紀,37,129,6.79,6,0.13,,3-1-2,10430,28,3-1,4330,11,1-2-3,270,1,1-3,410,2,,,,,,,
20250820,芦屋,1,サンライズＶ,晴,南,1,1,6,4,5105,富 田 恕 生,34,159,6.84,4,0.24,,3-1-2,10430,28,3-1,4330,11,1-2-3,270,1,1-3,410,2,,,,,,,
20250820,芦屋,2,サンライズＷ,晴,南,1,1,1,4,4236,松 村 敏,54,145,6.74,4,0.09,1.49.6,4-1-5,2150,10,4-1,450,2,1-4-5,890,4,1-4,170,1,,,,,,,
20250820,芦屋,2,サンライズＷ,晴,南,1,1,2,1,4640,山ノ内 雅 人,28,130,6.75,1,0.13,1.51.3,4-1-5,2150,10,4-1,450,2,1-4-5,890,4,1-4,170,1,,,,,,,
20250820,芦屋,2,サンライズＷ,晴,南,1,1,3,5,4367,山 口 修 路,41,125,6.81,5,0.15,1.52.4,4-1-5,2150,10,4-1,450,2,1-4-5,890,4,1-4,170,1,,,,,,,
20250820,芦屋,2,サンライズＷ,晴,南,1,1,4,2,4957,竹之内 極,8,135,6.80,2,0.28,1.53.5,4-1-5,2150,10,4-1,450,2,1-4-5,890,4,1-4,170,1,,,,,,,
20250820,芦屋,2,サンライズＷ,晴,南,1,1,5,6,3352,小 川 晃 司,43,169,6.86,6,0.12,,4-1-5,2150,10,4-1,450,2,1-4-5,890,4,1-4,170,1,,,,,,,
20250820,芦屋,2,サンライズＷ,晴,南,1,1,6,3,4638,小 林 遼 太,52,141,6.77,3,0.17,,4-1-5,2150,10,4-1,450,2,1-4-5,890,4,1-4,170,1,,,,,,,
20250820,芦屋,3,サンライズＸ,晴,東,2,2,1,1,4736,高 倉 和 士,36,124,6.82,1,0.21,1.49.4,1-4-6,21680,34,1-4,1080,3,1-4-6,10950,12,1-4,810,2,,,,,,,
20250820,芦屋,3,サンライズＸ,晴,東,2,2,2,4,3804,中 渡 修 作,2,133,6.81,4,0.16,1.50.3,1-4-6,21680,34,1-4,1080,3,1-4-6,10950,12,1-4,810,2,,,,,,,
20250820,芦屋,3,サンライズＸ,晴,東,2,2,3,6,5328,井 上 慧 人,26,116,6.80,6,0.19,1.53.2,1-4-6,21680,34,1-4,1080,3,1-4-6,10950,12,1-4,810,2,,,,,,,
20250820,芦屋,3,サンライズＸ,晴,東,2,2,4,3,3783,瓜 生 正 義,13,150,6.80,3,0.27,1.53.9,1-4-6,21680,34,1-4,1080,3,1-4-6,10950,12,1-4,810,2,,,,,,,
20250820,芦屋,3,サンライズＸ,晴,東,2,2,5,2,5041,荒 牧 凪 沙,58,153,6.83,2,0.26,,1-4-6,21680,34,1-4,1080,3,1-4-6,10950,12,1-4,810,2,,,,,,,
20250820,芦屋,3,サンライズＸ,晴,東,2,2,6,5,5053,山 口 広 樹,19,139,6.81,5,0.11,,1-4-6,21680,34,1-4,1080,3,1-4-6,10950,12,1-4,810,2,,,,,,,
20250820,芦屋,4,サンライズＹ 進入固定,晴,南東,1,1,1,1,4364,池 永 太,44,170,6.73,1,0.16,1.50.0,1-5-3,2050,6,1-5,810,3,1-3-5,480,3,1-5,830,3,,,,,,,
20250820,芦屋,4,サンライズＹ 進入固定,晴,南東,1,1,2,5,4424,松 尾 昂 明,49,136,6.75,5,0.07,1.51.4,1-5-3,2050,6,1-5,810,3,1-3-5,480,3,1-5,830,3,,,,,,,
20250820,芦屋,4,サンライズＹ 進入固定,晴,南東,1,1,3,3,4189,川 上 剛,4,166,6.78,3,0.18,1.54.0,1-5-3,2050,6,1-5,810,3,1-3-5,480,3,1-5,830,3,,,,,,,
20250820,芦屋,4,サンライズＹ 進入固定,晴,南東,1,1,4,6,5207,高 山 敬 悟,33,120,6.79,6,0.10,1.55.4,1-5-3,2050,6,1-5,810,3,1-3-5,480,3,1-5,830,3,,,,,,,
20250820,芦屋,4,サンライズＹ 進入固定,晴,南東,1,1,5,2,3741,松 尾 基 成,42,122,6.85,2,0.20,,1-5-3,2050,6,1-5,810,3,1-3-5,480,3,1-5,830,3,,,,,,,
20250820,芦屋,4,サンライズＹ 進入固定,晴,南東,1,1,6,4,4296,岡 崎 恭 裕,45,160,6.78,4,0.13,,1-5-3,2050,6,1-5,810,3,1-3-5,480,3,1-5,830,3,,,,,,,
20250820,芦屋,5,サンライズＺ,晴,北,2,2,1,1,4136,江 夏 満,46,165,6.74,1,0.11,1.48.9,1-3-5,6800,19,1-3,390,2,1-3-5,4520,8,1-3,360,2,,,,,,,
20250820,芦屋,5,サンライズＺ,晴,北,2,2,2,3,5219,森 口 和 紀,37,129,6.76,3,0.11,1.50.2,1-3-5,6800,19,1-3,390,2,1-3-5,4520,8,1-3,360,2,,,,,,,
20250820,芦屋,5,サンライズＺ,晴,北,2,2,3,5,4329,小 松 卓 司,7,152,6.81,5,0.11,1.52.7,1-3-5,6800,19,1-3,390,2,1-3-5,4520,8,1-3,360,2,,,,,,,
20250820,芦屋,5,サンライズＺ,晴,北,2,2,4,2,4094,中 島 真 二,60,140,6.83,2,0.12,1.52.9,1-3-5,6800,19,1-3,390,2,1-3-5,4520,8,1-3,360,2,,,,,,,
20250820,芦屋,5,サンライズＺ,晴,北,2,2,5,4,4288,永 田 啓 二,57,151,6.83,4,0.19,,1-3-5,6800,19,1-3,390,2,1-3-5,4520,8,1-3,360,2,,,,,,,
20250820,芦屋,5,サンライズＺ,晴,北,2,2,6,6,4551,三 川 昂 暁,16,123,6.78,6,0.11,,1-3-5,6800,19,1-3,390,2,1-3-5,4520,8,1-3,360,2,,,,,,,
20250820,芦屋,6,一般,晴,北西,3,3,1,1,5276,大 島 隆乃介,5,149,6.81,1,0.15,1.49.7,1-4-3,830,2,1-4,490,2,1-3-4,260,1,1-4,290,2,,,,,,,
20250820,芦屋,6,一般,晴,北西,3,3,2,4,4477,篠 崎 仁 志,55,154,6.82,4,0.11,1.51.6,1-4-3,830,2,1-4,490,2,1-3-4,260,1,1-4,290,2,,,,,,,
20250820,芦屋,6,一般,晴,北西,3,3,3,3,4451,松 崎 祐太郎,29,143,6.82,3,0.14,1.52.9,1-4-3,830,2,1-4,490,2,1-3-4,260,1,1-4,290,2,,,,,,,
20250820,芦屋,6,一般,晴,北西,3,3,4,2,4367,山 口 修 路,41,125,6.79,2,0.27,1.54.5,1-4-3,830,2,1-4,490,2,1-3-4,260,1,1-4,290,2,,,,,,,
20250820,芦屋,6,一般,晴,北西,3,3,5,5,4485,楠 原 正 剛,15,148,6.84,5,0.08,,1-4-3,830,2,1-4,490,2,1-3-4,260,1,1-4,290,2,,,,,,,
20250820,芦屋,6,一般,晴,北西,3,3,6,6,4195,前 川 守 嗣,6,137,6.87,6,0.11,,1-4-3,830,2,1-4,490,2,1-3-4,260,1,1-4,290,2,,,,,,,
20250820,芦屋,7,一般 進入固定,晴,北西,2,2,1,1,5330,安河内 鈴之介,9,167,6.73,1,0.09,1.49.4,1-3-4,3310,11,1-3,950,4,1-3-4,1580,6,1-3,630,4,,,,,,,
20250820,芦屋,7,一般 進入固定,晴,北西,2,2,2,3,3928,林 恵 祐,38,147,6.87,3,0.11,1.50.7,1-3-4,3310,11,1-3,950,4,1-3-4,1580,6,1-3,630,4,,,,,,,
20250820,芦屋,7,一般 進入固定,晴,北西,2,2,3,4,5328,井 上 慧 人,26,116,6.78,4,0.16,1.52.5,1-3-4,3310,11,1-3,950,4,1-3-4,1580,6,1-3,630,4,,,,,,,
20250820,芦屋,7,一般 進入固定,晴,北西,2,2,4,5,4638,小 林 遼 太,52,141,6.78,5,0.17,1.53.4,1-3-4,3310,11,1-3,950,4,1-3-4,1580,6,1-3,630,4,,,,,,,
20250820,芦屋,7,一般 進入固定,晴,北西,2,2,5,2,3514,山 一 鉄 也,1,111,6.83,2,0.13,,1-3-4,3310,11,1-3,950,4,1-3-4,1580,6,1-3,630,4,,,,,,,
20250820,芦屋,7,一般 進入固定,晴,北西,2,2,6,6,5209,小 野 京 平,59,144,6.87,6,0.16,,1-3-4,3310,11,1-3,950,4,1-3-4,1580,6,1-3,630,4,,,,,,,
20250820,芦屋,8,一般,晴,北西,2,2,1,1,5105,富 田 恕 生,34,159,6.83,1,0.14,1.50.3,1-2-3,610,1,1-2,260,1,1-2-3,230,1,1-2,140,1,,,,,,,
20250820,芦屋,8,一般,晴,北西,2,2,2,2,4831,羽 野 直 也,24,146,6.92,2,0.09,1.51.2,1-2-3,610,1,1-2,260,1,1-2-3,230,1,1-2,140,1,,,,,,,
20250820,芦屋,8,一般,晴,北西,2,2,3,3,4957,竹之内 極,8,135,6.82,3,0.16,1.53.2,1-2-3,610,1,1-2,260,1,1-2-3,230,1,1-2,140,1,,,,,,,
20250820,芦屋,8,一般,晴,北西,2,2,4,5,3804,中 渡 修 作,2,133,6.81,5,0.14,1.53.7,1-2-3,610,1,1-2,260,1,1-2-3,230,1,1-2,140,1,,,,,,,
20250820,芦屋,8,一般,晴,北西,2,2,5,6,4395,下 河 雅 史,11,119,6.82,6,0.18,,1-2-3,610,1,1-2,260,1,1-2-3,230,1,1-2,140,1,,,,,,,
20250820,芦屋,8,一般,晴,北西,2,2,6,4,3741,松 尾 基 成,42,122,6.91,4,0.17,,1-2-3,610,1,1-2,260,1,1-2-3,230,1,1-2,140,1,,,,,,,
20250820,芦屋,9,一般,晴,北西,4,4,1,2,5028,原 田 才一郎,22,161,6.71,2,0.09,1.49.1,2-1-3,2710,9,2-1,440,1,1-2-3,990,5,1-2,220,1,,,,,,,
20250820,芦屋,9,一般,晴,北西,4,4,2,1,5286,坂 井 滉 哉,48,115,6.82,1,0.05,1.50.8,2-1-3,2710,9,2-1,440,1,1-2-3,990,5,1-2,220,1,,,,,,,
20250820,芦屋,9,一般,晴,北西,4,4,3,3,3825,宮 嵜 隆太郎,30,132,6.84,3,0.11,1.53.3,2-1-3,2710,9,2-1,440,1,1-2-3,990,5,1-2,220,1,,,,,,,
20250820,芦屋,9,一般,晴,北西,4,4,4,6,4193,郷 原 章 平,35,138,6.84,6,0.09,1.53.7,2-1-3,2710,9,2-1,440,1,1-2-3,990,5,1-2,220,1,,,,,,,
20250820,芦屋,9,一般,晴,北西,4,4,5,4,5093,浦 野 海,18,118,6.86,4,0.12,,2-1-3,2710,9,2-1,440,1,1-2-3,990,5,1-2,220,1,,,,,,,
20250820,芦屋,9,一般,晴,北西,4,4,6,5,4474,渡 辺 崇,39,114,6.80,5,0.09,,2-1-3,2710,9,2-1,440,1,1-2-3,990,5,1-2,220,1,,,,,,,
20250820,芦屋,10,準優勝戦,晴,北西,4,4,1,1,4477,篠 崎 仁 志,55,154,6.85,1,0.11,1.49.8,1-2-3,470,2,1-2,220,1,1-2-3,310,2,1-2,160,1,,,,,,,
20250820,芦屋,10,準優勝戦,晴,北西,4,4,2,2,4136,江 夏 満,46,165,6.81,2,0.14,1.50.5,1-2-3,470,2,1-2,220,1,1-2-3,310,2,1-2,160,1,,,,,,,
20250820,芦屋,10,準優勝戦,晴,北西,4,4,3,3,4394,永 嶋 裕 一,17,164,6.83,3,0.14,1.52.0,1-2-3,470,2,1-2,220,1,1-2-3,310,2,1-2,160,1,,,,,,,
20250820,芦屋,10,準優勝戦,晴,北西,4,4,4,6,4640,山ノ内 雅 人,28,130,6.84,5,0.12,1.52.7,1-2-3,470,2,1-2,220,1,1-2-3,310,2,1-2,160,1,,,,,,,
20250820,芦屋,10,準優勝戦,晴,北西,4,4,5,4,4736,高 倉 和 士,36,124,6.86,4,0.12,,1-2-3,470,2,1-2,220,1,1-2-3,310,2,1-2,160,1,,,,,,,
20250820,芦屋,10,準優勝戦,晴,北西,4,4,6,5,3352,小 川 晃 司,43,169,6.91,6,0.16,,1-2-3,470,2,1-2,220,1,1-2-3,310,2,1-2,160,1,,,,,,,
20250820,芦屋,11,準優勝戦,晴,北,2,2,1,1,4236,松 村 敏,54,145,6.81,1,0.13,1.48.4,1-2-5,1130,5,1-2,210,1,1-2-5,820,5,1-2,210,1,,,,,,,
20250820,芦屋,11,準優勝戦,晴,北,2,2,2,2,5330,安河内 鈴之介,9,167,6.74,2,0.13,1.49.7,1-2-5,1130,5,1-2,210,1,1-2-5,820,5,1-2,210,1,,,,,,,
20250820,芦屋,11,準優勝戦,晴,北,2,2,3,5,4189,川 上 剛,4,166,6.89,5,0.13,1.52.6,1-2-5,1130,5,1-2,210,1,1-2-5,820,5,1-2,210,1,,,,,,,
20250820,芦屋,11,準優勝戦,晴,北,2,2,4,3,4296,岡 崎 恭 裕,45,160,6.91,3,0.15,1.54.1,1-2-5,1130,5,1-2,210,1,1-2-5,820,5,1-2,210,1,,,,,,,
20250820,芦屋,11,準優勝戦,晴,北,2,2,5,4,3662,大 庭 元 明,25,127,6.86,4,0.16,,1-2-5,1130,5,1-2,210,1,1-2-5,820,5,1-2,210,1,,,,,,,
20250820,芦屋,11,準優勝戦,晴,北,2,2,6,6,4094,中 島 真 二,60,140,6.90,6,0.14,,1-2-5,1130,5,1-2,210,1,1-2-5,820,5,1-2,210,1,,,,,,,
20250820,芦屋,12,準優勝戦,晴,北西,3,3,1,1,3783,瓜 生 正 義,13,150,6.77,1,0.25,1.48.3,1-2-4,590,2,1-2,240,1,1-2-4,350,2,1-2,170,1,,,,,,,
20250820,芦屋,12,準優勝戦,晴,北西,3,3,2,2,4364,池 永 太,44,170,6.78,2,0.32,1.50.8,1-2-4,590,2,1-2,240,1,1-2-4,350,2,1-2,170,1,,,,,,,
20250820,芦屋,12,準優勝戦,晴,北西,3,3,3,4,4831,羽 野 直 也,24,146,6.93,4,0.28,1.52.6,1-2-4,590,2,1-2,240,1,1-2-4,350,2,1-2,170,1,,,,,,,
20250820,芦屋,12,準優勝戦,晴,北西,3,3,4,5,4451,松 崎 祐太郎,29,143,6.90,5,0.26,1.53.6,1-2-4,590,2,1-2,240,1,1-2-4,350,2,1-2,170,1,,,,,,,
20250820,芦屋,12,準優勝戦,晴,北西,3,3,5,6,5276,大 島 隆乃介,5,149,6.84,6,0.23,,1-2-4,590,2,1-2,240,1,1-2-4,350,2,1-2,170,1,,,,,,,
20250820,芦屋,12,準優勝戦,晴,北西,3,3,6,3,4288,永 田 啓 二,57,151,6.82,3,0.26,,1-2-4,590,2,1-2,240,1,1-2-4,350,2,1-2,170,1,,,,,,,
20250820,若松,1,一般戦,晴,北東,3,3,1,5,5158,宮 脇 遼 太,53,75,6.92,5,0.14,1.52.6,5-6-2,10490,53,5-6,2000,9,2-5-6,2920,14,5-6,2220,11,,,,,,,
20250820,若松,1,一般戦,晴,北東,3,3,2,6,3564,桑 原 啓,50,30,6.87,6,0.14,1.54.6,5-6-2,10490,53,5-6,2000,9,2-5-6,2920,14,5-6,2220,11,,,,,,,
20250820,若松,1,一般戦,晴,北東,3,3,3,2,5268,山 本 幸 也,21,62,6.93,2,0.18,1.55.0,5-6-2,10490,53,5-6,2000,9,2-5-6,2920,14,5-6,2220,11,,,,,,,
20250820,若松,1,一般戦,晴,北東,3,3,4,1,3953,志 道 吉 和,8,19,6.94,1,0.13,1.56.2,5-6-2,10490,53,5-6,2000,9,2-5-6,2920,14,5-6,2220,11,,,,,,,
20250820,若松,1,一般戦,晴,北東,3,3,5,4,4764,小 池 礼 乃,31,69,6.88,4,0.09,,5-6-2,10490,53,5-6,2000,9,2-5-6,2920,14,5-6,2220,11,,,,,,,
20250820,若松,1,一般戦,晴,北東,3,3,6,3,5148,松 本 怜,49,72,6.93,3,0.15,,5-6-2,10490,53,5-6,2000,9,2-5-6,2920,14,5-6,2220,11,,,,,,,
20250820,若松,2,一般戦,雨,北東,3,3,1,3,3616,中 村 真,34,38,6.95,3,0.12,1.50.7,3-1-6,3660,14,3-1,1520,6,1-3-6,500,1,1-3,350,1,,,,,,,
20250820,若松,2,一般戦,雨,北東,3,3,2,1,4402,乙 藤 智 史,5,65,7.00,1,0.12,1.52.4,3-1-6,3660,14,3-1,1520,6,1-3-6,500,1,1-3,350,1,,,,,,,
20250820,若松,2,一般戦,雨,北東,3,3,3,6,4545,岡 村 慶 太,17,60,7.00,6,0.14,1.53.9,3-1-6,3660,14,3-1,1520,6,1-3-6,500,1,1-3,350,1,,,,,,,
20250820,若松,2,一般戦,雨,北東,3,3,4,2,4148,枝 尾 賢,38,32,6.97,2,0.19,1.55.8,3-1-6,3660,14,3-1,1520,6,1-3-6,500,1,1-3,350,1,,,,,,,
20250820,若松,2,一般戦,雨,北東,3,3,5,5,5193,米 丸 乃 絵,19,54,6.93,5,0.10,,3-1-6,3660,14,3-1,1520,6,1-3-6,500,1,1-3,350,1,,,,,,,
20250820,若松,2,一般戦,雨,北東,3,3,6,4,5008,羽 野 諒,4,71,6.94,4,0.08,,3-1-6,3660,14,3-1,1520,6,1-3-6,500,1,1-3,350,1,,,,,,,
20250820,若松,3,一般戦,曇り,北東,3,3,1,1,4314,青 木 幸太郎,43,27,7.00,1,0.09,1.52.1,1-4-3,660,1,1-4,380,2,1-3-4,340,2,1-4,150,1,,,,,,,
20250820,若松,3,一般戦,曇り,北東,3,3,2,4,5104,山 田 丈,48,34,6.99,2,0.11,1.53.5,1-4-3,660,1,1-4,380,2,1-3-4,340,2,1-4,150,1,,,,,,,
20250820,若松,3,一般戦,曇り,北東,3,3,3,3,4697,國 弘 翔 平,15,46,6.96,4,0.17,1.54.4,1-4-3,660,1,1-4,380,2,1-3-4,340,2,1-4,150,1,,,,,,,
20250820,若松,3,一般戦,曇り,北東,3,3,4,2,4861,田 中 宏 樹,52,36,6.96,3,0.15,1.55.7,1-4-3,660,1,1-4,380,2,1-3-4,340,2,1-4,150,1,,,,,,,
20250820,若松,3,一般戦,曇り,北東,3,3,5,6,5210,藤 井 公 人,22,52,7.07,5,0.13,,1-4-3,660,1,1-4,380,2,1-3-4,340,2,1-4,150,1,,,,,,,
20250820,若松,3,一般戦,曇り,北東,3,3,6,5,5263,花 田 凱 成,59,25,7.03,6,0.16,,1-4-3,660,1,1-4,380,2,1-3-4,340,2,1-4,150,1,,,,,,,
20250820,若松,4,一般戦,雨,北西,1,1,1,1,4958,溝 口 海義也,62,56,6.85,1,0.10,1.51.7,1-4-6,27720,61,1-4,2370,9,1-4-6,8160,15,1-4,1700,5,,,,,,,
20250820,若松,4,一般戦,雨,北西,1,1,2,4,5303,土 井 歩 夢,2,29,6.85,5,0.09,1.52.8,1-4-6,27720,61,1-4,2370,9,1-4-6,8160,15,1-4,1700,5,,,,,,,
20250820,若松,4,一般戦,雨,北西,1,1,3,6,5398,鐘ヶ江 真 司,36,26,6.80,6,0.07,1.53.8,1-4-6,27720,61,1-4,2370,9,1-4-6,8160,15,1-4,1700,5,,,,,,,
20250820,若松,4,一般戦,雨,北西,1,1,4,5,3257,田 頭 実,27,63,6.86,2,0.08,1.55.3,1-4-6,27720,61,1-4,2370,9,1-4-6,8160,15,1-4,1700,5,,,,,,,
20250820,若松,4,一般戦,雨,北西,1,1,5,3,4737,竹 井 貴 史,55,47,6.81,4,0.13,,1-4-6,27720,61,1-4,2370,9,1-4-6,8160,15,1-4,1700,5,,,,,,,
20250820,若松,4,一般戦,雨,北西,1,1,6,2,4899,占 部 一 真,47,50,6.89,3,0.14,,1-4-6,27720,61,1-4,2370,9,1-4-6,8160,15,1-4,1700,5,,,,,,,
20250820,若松,5,進入固定戦隊 進入固定,曇り,南西,1,1,1,1,4371,西 山 貴 浩,60,37,6.86,1,0.14,1.51.4,1-3-4,1610,6,1-3,550,2,1-3-4,980,4,1-3,320,2,,,,,,,
20250820,若松,5,進入固定戦隊 進入固定,曇り,南西,1,1,2,3,4727,安 部 慎 一,39,18,6.82,3,0.07,1.52.0,1-3-4,1610,6,1-3,550,2,1-3-4,980,4,1-3,320,2,,,,,,,
20250820,若松,5,進入固定戦隊 進入固定,曇り,南西,1,1,3,4,4151,下 河 誉 史,45,21,6.83,4,0.13,1.53.4,1-3-4,1610,6,1-3,550,2,1-3-4,980,4,1-3,320,2,,,,,,,
20250820,若松,5,進入固定戦隊 進入固定,曇り,南西,1,1,4,5,5022,伊 藤 尚 汰,40,74,6.83,5,0.11,1.53.9,1-3-4,1610,6,1-3,550,2,1-3-4,980,4,1-3,320,2,,,,,,,
20250820,若松,5,進入固定戦隊 進入固定,曇り,南西,1,1,5,2,4363,大 野 芳 顕,23,17,6.76,2,0.18,,1-3-4,1610,6,1-3,550,2,1-3-4,980,4,1-3,320,2,,,,,,,
20250820,若松,5,進入固定戦隊 進入固定,曇り,南西,1,1,6,6,5268,山 本 幸 也,21,62,6.83,6,0.23,,1-3-4,1610,6,1-3,550,2,1-3-4,980,4,1-3,320,2,,,,,,,
20250820,若松,6,一般戦,曇り,西,1,1,1,1,4936,戸 敷 晃 美,54,41,6.81,1,0.17,1.49.5,1-4-5,2750,7,1-4,1140,6,1-4-5,700,4,1-4,880,5,,,,,,,
20250820,若松,6,一般戦,曇り,西,1,1,2,4,4447,深 川 麻奈美,16,13,6.81,4,0.15,1.52.1,1-4-5,2750,7,1-4,1140,6,1-4-5,700,4,1-4,880,5,,,,,,,
20250820,若松,6,一般戦,曇り,西,1,1,3,5,4590,渡 邉 優 美,1,31,6.79,5,0.19,1.52.4,1-4-5,2750,7,1-4,1140,6,1-4-5,700,4,1-4,880,5,,,,,,,
20250820,若松,6,一般戦,曇り,西,1,1,4,2,4556,竹 井 奈 美,56,24,6.81,2,0.16,1.53.5,1-4-5,2750,7,1-4,1140,6,1-4-5,700,4,1-4,880,5,,,,,,,
20250820,若松,6,一般戦,曇り,西,1,1,5,3,4764,小 池 礼 乃,31,69,6.82,3,0.19,,1-4-5,2750,7,1-4,1140,6,1-4-5,700,4,1-4,880,5,,,,,,,
20250820,若松,6,一般戦,曇り,西,1,1,6,6,5148,松 本 怜,49,72,6.86,6,0.22,,1-4-5,2750,7,1-4,1140,6,1-4-5,700,4,1-4,880,5,,,,,,,
20250820,若松,7,一般戦,曇り,無風,0,0,1,4,4413,水 摩 敦,26,59,6.89,2,0.12,1.51.4,4-1-2,4110,13,4-1,1550,5,1-2-4,260,1,1-4,310,2,,,,,,,
20250820,若松,7,一般戦,曇り,無風,0,0,2,1,4330,奈 須 啓 太,24,73,6.81,1,0.07,1.52.2,4-1-2,4110,13,4-1,1550,5,1-2-4,260,1,1-4,310,2,,,,,,,
20250820,若松,7,一般戦,曇り,無風,0,0,3,2,3616,中 村 真,34,38,6.79,3,0.11,1.53.1,4-1-2,4110,13,4-1,1550,5,1-2-4,260,1,1-4,310,2,,,,,,,
20250820,若松,7,一般戦,曇り,無風,0,0,4,6,4521,小 池 公 生,29,51,6.85,6,0.33,1.54.5,4-1-2,4110,13,4-1,1550,5,1-2-4,260,1,1-4,310,2,,,,,,,
20250820,若松,7,一般戦,曇り,無風,0,0,5,5,3953,志 道 吉 和,8,19,6.91,5,0.25,,4-1-2,4110,13,4-1,1550,5,1-2-4,260,1,1-4,310,2,,,,,,,
20250820,若松,7,一般戦,曇り,無風,0,0,6,3,4148,枝 尾 賢,38,32,6.86,4,0.21,,4-1-2,4110,13,4-1,1550,5,1-2-4,260,1,1-4,310,2,,,,,,,
20250820,若松,8,エイトビート,曇り,無風,0,0,1,1,5102,原 田 雄 次,13,64,6.98,1,0.21,2.01.0,1-6-4,39920,86,1-6,10960,23,1-4-6,7480,17,1-6,2580,9,,,,,,,
20250820,若松,8,エイトビート,曇り,無風,0,0,2,6,4697,國 弘 翔 平,15,46,6.92,6,0.26,2.03.9,1-6-4,39920,86,1-6,10960,23,1-4-6,7480,17,1-6,2580,9,,,,,,,
20250820,若松,8,エイトビート,曇り,無風,0,0,3,4,3564,桑 原 啓,50,30,6.85,3,0.24,2.06.4,1-6-4,39920,86,1-6,10960,23,1-4-6,7480,17,1-6,2580,9,,,,,,,
20250820,若松,8,エイトビート,曇り,無風,0,0,4,2,5193,米 丸 乃 絵,19,54,6.90,2,0.24,2.10.6,1-6-4,39920,86,1-6,10960,23,1-4-6,7480,17,1-6,2580,9,,,,,,,
20250820,若松,8,エイトビート,曇り,無風,0,0,S0,3,5158,宮 脇 遼 太,53,75,6.90,4,0.23,,1-6-4,39920,86,1-6,10960,23,1-4-6,7480,17,1-6,2580,9,,,,,,,
20250820,若松,8,エイトビート,曇り,無風,0,0,S2,5,5008,羽 野 諒,4,71,6.85,5,0.15,,1-6-4,39920,86,1-6,10960,23,1-4-6,7480,17,1-6,2580,9,,,,,,,
20250820,若松,9,一般戦,曇り,北,1,1,1,1,3898,平 田 忠 則,9,68,6.84,1,0.17,1.52.0,1-3-4,740,1,1-3,290,1,1-3-4,480,3,1-3,270,2,,,,,,,
20250820,若松,9,一般戦,曇り,北,1,1,2,3,4899,占 部 一 真,47,50,6.94,3,0.18,1.54.0,1-3-4,740,1,1-3,290,1,1-3-4,480,3,1-3,270,2,,,,,,,
20250820,若松,9,一般戦,曇り,北,1,1,3,4,4861,田 中 宏 樹,52,36,6.90,4,0.21,1.54.8,1-3-4,740,1,1-3,290,1,1-3-4,480,3,1-3,270,2,,,,,,,
20250820,若松,9,一般戦,曇り,北,1,1,4,6,5239,上 野 俊 樹,37,61,6.88,6,0.19,1.56.0,1-3-4,740,1,1-3,290,1,1-3-4,480,3,1-3,270,2,,,,,,,
20250820,若松,9,一般戦,曇り,北,1,1,5,5,5398,鐘ヶ江 真 司,36,26,6.83,5,0.14,,1-3-4,740,1,1-3,290,1,1-3-4,480,3,1-3,270,2,,,,,,,
20250820,若松,9,一般戦,曇り,北,1,1,6,2,5263,花 田 凱 成,59,25,6.87,2,0.25,,1-3-4,740,1,1-3,290,1,1-3-4,480,3,1-3,270,2,,,,,,,
20250820,若松,10,特別選抜戦,曇り,無風,0,0,1,3,4447,深 川 麻奈美,16,13,6.90,4,0.14,1.51.3,3-2-1,17340,47,3-2,5130,13,1-2-3,530,2,2-3,2390,8,,,,,,,
20250820,若松,10,特別選抜戦,曇り,無風,0,0,2,2,4151,下 河 誉 史,45,21,6.89,3,0.12,1.52.9,3-2-1,17340,47,3-2,5130,13,1-2-3,530,2,2-3,2390,8,,,,,,,
20250820,若松,10,特別選抜戦,曇り,無風,0,0,3,1,4590,渡 邉 優 美,1,31,6.84,1,0.12,1.53.2,3-2-1,17340,47,3-2,5130,13,1-2-3,530,2,2-3,2390,8,,,,,,,
20250820,若松,10,特別選抜戦,曇り,無風,0,0,4,5,4314,青 木 幸太郎,43,27,6.93,5,0.17,1.55.5,3-2-1,17340,47,3-2,5130,13,1-2-3,530,2,2-3,2390,8,,,,,,,
20250820,若松,10,特別選抜戦,曇り,無風,0,0,5,4,3257,田 頭 実,27,63,6.85,2,0.08,,3-2-1,17340,47,3-2,5130,13,1-2-3,530,2,2-3,2390,8,,,,,,,
20250820,若松,10,特別選抜戦,曇り,無風,0,0,6,6,4402,乙 藤 智 史,5,65,6.88,6,0.24,,3-2-1,17340,47,3-2,5130,13,1-2-3,530,2,2-3,2390,8,,,,,,,
20250820,若松,11,特別選抜戦,曇り,北,1,1,1,1,4545,岡 村 慶 太,17,60,6.85,1,0.13,1.50.5,1-2-5,1260,5,1-2,380,2,1-2-5,660,4,1-2,280,1,,,,,,,
20250820,若松,11,特別選抜戦,曇り,北,1,1,2,2,5104,山 田 丈,48,34,6.85,2,0.15,1.51.4,1-2-5,1260,5,1-2,380,2,1-2-5,660,4,1-2,280,1,,,,,,,
20250820,若松,11,特別選抜戦,曇り,北,1,1,3,5,4737,竹 井 貴 史,55,47,6.84,5,0.14,1.52.0,1-2-5,1260,5,1-2,380,2,1-2-5,660,4,1-2,280,1,,,,,,,
20250820,若松,11,特別選抜戦,曇り,北,1,1,4,6,4363,大 野 芳 顕,23,17,6.86,6,0.15,1.54.3,1-2-5,1260,5,1-2,380,2,1-2-5,660,4,1-2,280,1,,,,,,,
20250820,若松,11,特別選抜戦,曇り,北,1,1,5,4,4958,溝 口 海義也,62,56,6.87,4,0.13,,1-2-5,1260,5,1-2,380,2,1-2-5,660,4,1-2,280,1,,,,,,,
20250820,若松,11,特別選抜戦,曇り,北,1,1,6,3,4371,西 山 貴 浩,60,37,6.96,3,0.24,,1-2-5,1260,5,1-2,380,2,1-2-5,660,4,1-2,280,1,,,,,,,
20250820,若松,12,優勝戦,曇り,北,1,1,1,2,4848,仲 谷 颯 仁,7,45,6.90,2,0.16,1.50.6,2-1-3,3510,11,2-1,1090,4,1-2-3,360,1,1-2,240,1,,,,,,,
20250820,若松,12,優勝戦,曇り,北,1,1,2,1,4433,川 野 芽 唯,44,49,6.82,1,0.16,1.52.5,2-1-3,3510,11,2-1,1090,4,1-2-3,360,1,1-2,240,1,,,,,,,
20250820,若松,12,優勝戦,曇り,北,1,1,3,3,4155,長 野 壮志郎,42,55,6.86,3,0.16,1.54.1,2-1-3,3510,11,2-1,1090,4,1-2-3,360,1,1-2,240,1,,,,,,,
20250820,若松,12,優勝戦,曇り,北,1,1,4,6,4932,新 開 航,51,33,6.86,6,0.19,1.54.6,2-1-3,3510,11,2-1,1090,4,1-2-3,360,1,1-2,240,1,,,,,,,
20250820,若松,12,優勝戦,曇り,北,1,1,5,4,4566,塩 田 北 斗,3,22,6.83,4,0.16,,2-1-3,3510,11,2-1,1090,4,1-2-3,360,1,1-2,240,1,,,,,,,
20250820,若松,12,優勝戦,曇り,北,1,1,6,5,4607,鶴 田 勇 雄,20,58,6.88,5,0.18,,2-1-3,3510,11,2-1,1090,4,1-2-3,360,1,1-2,240,1,,,,,,,
