date,venue_name,race_no,race_type,weather,wind_dir,wind_ms,wave_cm,rank,waku,reg_no,name,motor_no,boat_no,exhibition_time,course_enter,st_timing,race_time,won3,won3_pay,won3_pop,won2,won2_pay,won2_pop,trio,trio_pay,trio_pop,pair,pair_pay,pair_pop,lap_time,turn_time,straight_time,lap_rank,turn_rank,straight_rank,exhibition_eval
20250819,びわこ,1,予選,晴,無風,0,1,1,1,4254,川 島 圭 司,18,71,6.75,1,0.09,1.50.2,1-3-2,660,2,1-3,340,2,1-2-3,320,1,1-3,150,1,,,,,,,
20250819,びわこ,1,予選,晴,無風,0,1,2,3,3773,津 留 浩一郎,33,72,6.67,3,0.23,1.51.4,1-3-2,660,2,1-3,340,2,1-2-3,320,1,1-3,150,1,,,,,,,
20250819,びわこ,1,予選,晴,無風,0,1,3,2,4332,村 上 彰 一,11,58,6.66,2,0.18,1.53.5,1-3-2,660,2,1-3,340,2,1-2-3,320,1,1-3,150,1,,,,,,,
20250819,びわこ,1,予選,晴,無風,0,1,4,6,5014,梶 山 涼 斗,53,33,6.68,6,0.20,1.54.2,1-3-2,660,2,1-3,340,2,1-2-3,320,1,1-3,150,1,,,,,,,
20250819,びわこ,1,予選,晴,無風,0,1,5,4,5345,牧 村 俊 輝,34,70,6.67,4,0.27,,1-3-2,660,2,1-3,340,2,1-2-3,320,1,1-3,150,1,,,,,,,
20250819,びわこ,1,予選,晴,無風,0,1,6,5,4952,吉 武 真 也,20,27,6.68,5,0.22,,1-3-2,660,2,1-3,340,2,1-2-3,320,1,1-3,150,1,,,,,,,
20250819,びわこ,2,予選,晴,南西,2,2,1,1,5280,廣 瀬 凜,46,15,6.75,1,0.17,1.50.4,1-6-5,2400,5,1-6,1190,5,1-5-6,540,1,1-6,600,5,,,,,,,
20250819,びわこ,2,予選,晴,南西,2,2,2,6,4543,重 木 輝 彦,68,49,6.62,6,0.16,1.51.4,1-6-5,2400,5,1-6,1190,5,1-5-6,540,1,1-6,600,5,,,,,,,
20250819,びわこ,2,予選,晴,南西,2,2,3,5,4652,酒 見 峻 介,41,44,6.67,5,0.14,1.53.1,1-6-5,2400,5,1-6,1190,5,1-5-6,540,1,1-6,600,5,,,,,,,
20250819,びわこ,2,予選,晴,南西,2,2,4,2,4396,大 田 直 弥,62,30,6.67,2,0.14,1.53.7,1-6-5,2400,5,1-6,1190,5,1-5-6,540,1,1-6,600,5,,,,,,,
20250819,びわこ,2,予選,晴,南西,2,2,5,3,3843,上 之 晃 弘,12,31,6.74,3,0.14,,1-6-5,2400,5,1-6,1190,5,1-5-6,540,1,1-6,600,5,,,,,,,
20250819,びわこ,2,予選,晴,南西,2,2,6,4,3444,香 月 大 介,57,55,6.75,4,0.13,,1-6-5,2400,5,1-6,1190,5,1-5-6,540,1,1-6,600,5,,,,,,,
20250819,びわこ,3,予選,晴,南西,3,3,1,2,4594,谷 川 祐 一,32,68,6.59,2,0.12,1.50.3,2-5-6,24240,72,2-5,4120,18,2-5-6,8300,18,2-5,5890,14,,,,,,,
20250819,びわこ,3,予選,晴,南西,3,3,2,5,4725,佐 竹 太 一,63,18,6.68,5,0.30,1.51.5,2-5-6,24240,72,2-5,4120,18,2-5-6,8300,18,2-5,5890,14,,,,,,,
20250819,びわこ,3,予選,晴,南西,3,3,3,6,5166,仲 道 大 輔,43,19,6.65,6,0.30,1.53.7,2-5-6,24240,72,2-5,4120,18,2-5-6,8300,18,2-5,5890,14,,,,,,,
20250819,びわこ,3,予選,晴,南西,3,3,4,3,4704,河 野 大,56,37,6.65,3,0.25,1.54.4,2-5-6,24240,72,2-5,4120,18,2-5-6,8300,18,2-5,5890,14,,,,,,,
20250819,びわこ,3,予選,晴,南西,3,3,5,4,5252,荒 木 颯 斗,51,69,6.58,4,0.28,,2-5-6,24240,72,2-5,4120,18,2-5-6,8300,18,2-5,5890,14,,,,,,,
20250819,びわこ,3,予選,晴,南西,3,3,6,1,4257,古 川 健,29,56,6.64,1,0.23,,2-5-6,24240,72,2-5,4120,18,2-5-6,8300,18,2-5,5890,14,,,,,,,
20250819,びわこ,4,予選,晴,南,3,3,1,4,5197,中 野 仁 照,73,40,6.63,4,0.09,1.49.6,4-5-1,12120,55,4-5,2720,14,1-4-5,3090,12,4-5,4140,13,,,,,,,
20250819,びわこ,4,予選,晴,南,3,3,2,5,4789,古 賀 智 之,59,48,6.79,5,0.15,1.52.4,4-5-1,12120,55,4-5,2720,14,1-4-5,3090,12,4-5,4140,13,,,,,,,
20250819,びわこ,4,予選,晴,南,3,3,3,1,3527,中 嶋 誠一郎,17,57,6.78,1,0.19,1.54.1,4-5-1,12120,55,4-5,2720,14,1-4-5,3090,12,4-5,4140,13,,,,,,,
20250819,びわこ,4,予選,晴,南,3,3,4,3,4817,渡 邉 翼,48,46,6.72,3,0.16,1.54.1,4-5-1,12120,55,4-5,2720,14,1-4-5,3090,12,4-5,4140,13,,,,,,,
20250819,びわこ,4,予選,晴,南,3,3,5,6,3679,飯 島 昌 弘,69,45,6.66,6,0.15,,4-5-1,12120,55,4-5,2720,14,1-4-5,3090,12,4-5,4140,13,,,,,,,
20250819,びわこ,4,予選,晴,南,3,3,6,2,5245,倉 富 大 誠,26,54,6.66,2,0.17,,4-5-1,12120,55,4-5,2720,14,1-4-5,3090,12,4-5,4140,13,,,,,,,
20250819,びわこ,5,予選,晴,南西,4,3,1,5,4294,古 賀 繁 輝,14,26,6.63,5,0.20,1.50.6,5-1-2,6730,16,5-1,2010,5,1-2-5,550,2,1-5,360,3,,,,,,,
20250819,びわこ,5,予選,晴,南西,4,3,2,1,4980,佐々木 完 太,55,24,6.67,1,0.14,1.52.1,5-1-2,6730,16,5-1,2010,5,1-2-5,550,2,1-5,360,3,,,,,,,
20250819,びわこ,5,予選,晴,南西,4,3,3,2,4204,柴 田 大 輔,52,21,6.53,2,0.11,1.52.9,5-1-2,6730,16,5-1,2010,5,1-2-5,550,2,1-5,360,3,,,,,,,
20250819,びわこ,5,予選,晴,南西,4,3,4,3,4695,尾 崎 雄 二,65,47,6.62,3,0.14,1.53.9,5-1-2,6730,16,5-1,2010,5,1-2-5,550,2,1-5,360,3,,,,,,,
20250819,びわこ,5,予選,晴,南西,4,3,5,6,5345,牧 村 俊 輝,34,70,6.58,6,0.22,,5-1-2,6730,16,5-1,2010,5,1-2-5,550,2,1-5,360,3,,,,,,,
20250819,びわこ,5,予選,晴,南西,4,3,6,4,3304,烏 野 賢 太,15,67,6.66,4,0.18,,5-1-2,6730,16,5-1,2010,5,1-2-5,550,2,1-5,360,3,,,,,,,
20250819,びわこ,6,予選,晴,南東,2,2,1,2,4575,戸 塚 邦 好,72,39,6.66,3,0.13,1.49.9,2-1-4,4050,16,2-1,1450,6,1-2-4,910,4,1-2,610,3,,,,,,,
20250819,びわこ,6,予選,晴,南東,2,2,2,1,3703,鳥 飼 眞,25,62,6.73,1,0.15,1.52.5,2-1-4,4050,16,2-1,1450,6,1-2-4,910,4,1-2,610,3,,,,,,,
20250819,びわこ,6,予選,晴,南東,2,2,3,4,4332,村 上 彰 一,11,58,6.69,5,0.24,1.52.9,2-1-4,4050,16,2-1,1450,6,1-2-4,910,4,1-2,610,3,,,,,,,
20250819,びわこ,6,予選,晴,南東,2,2,4,5,3946,赤 岩 善 生,49,36,6.80,2,0.12,1.54.6,2-1-4,4050,16,2-1,1450,6,1-2-4,910,4,1-2,610,3,,,,,,,
20250819,びわこ,6,予選,晴,南東,2,2,5,3,3587,武 田 信 一,60,59,6.70,4,0.22,,2-1-4,4050,16,2-1,1450,6,1-2-4,910,4,1-2,610,3,,,,,,,
20250819,びわこ,6,予選,晴,南東,2,2,6,6,5396,近 藤 来 希,19,20,6.62,6,0.25,,2-1-4,4050,16,2-1,1450,6,1-2-4,910,4,1-2,610,3,,,,,,,
20250819,びわこ,7,予選,晴,南西,3,3,1,4,4254,川 島 圭 司,18,71,6.64,4,0.13,1.50.2,4-1-5,6340,25,4-1,1500,5,1-4-5,1440,7,1-4,310,1,,,,,,,
20250819,びわこ,7,予選,晴,南西,3,3,2,1,3333,丸 尾 義 孝,27,65,6.73,1,0.06,1.52.6,4-1-5,6340,25,4-1,1500,5,1-4-5,1440,7,1-4,310,1,,,,,,,
20250819,びわこ,7,予選,晴,南西,3,3,3,5,4396,大 田 直 弥,62,30,6.63,5,0.25,1.53.6,4-1-5,6340,25,4-1,1500,5,1-4-5,1440,7,1-4,310,1,,,,,,,
20250819,びわこ,7,予選,晴,南西,3,3,4,2,5232,樅 山 拓 馬,45,73,6.65,2,0.09,1.53.9,4-1-5,6340,25,4-1,1500,5,1-4-5,1440,7,1-4,310,1,,,,,,,
20250819,びわこ,7,予選,晴,南西,3,3,5,6,4230,濱 崎 直 矢,61,25,6.61,6,0.09,,4-1-5,6340,25,4-1,1500,5,1-4-5,1440,7,1-4,310,1,,,,,,,
20250819,びわこ,7,予選,晴,南西,3,3,6,3,4725,佐 竹 太 一,63,18,6.65,3,0.21,,4-1-5,6340,25,4-1,1500,5,1-4-5,1440,7,1-4,310,1,,,,,,,
20250819,びわこ,8,予選,晴,南西,2,2,1,1,4914,吉 田 裕 平,30,13,6.66,1,0.12,1.48.7,1-4-6,2030,7,1-4,330,2,1-4-6,970,5,1-4,370,2,,,,,,,
20250819,びわこ,8,予選,晴,南西,2,2,2,4,5280,廣 瀬 凜,46,15,6.75,4,0.22,1.51.5,1-4-6,2030,7,1-4,330,2,1-4-6,970,5,1-4,370,2,,,,,,,
20250819,びわこ,8,予選,晴,南西,2,2,3,6,4817,渡 邉 翼,48,46,6.67,6,0.24,1.53.3,1-4-6,2030,7,1-4,330,2,1-4-6,970,5,1-4,370,2,,,,,,,
20250819,びわこ,8,予選,晴,南西,2,2,4,3,5166,仲 道 大 輔,43,19,6.62,3,0.15,1.55.7,1-4-6,2030,7,1-4,330,2,1-4-6,970,5,1-4,370,2,,,,,,,
20250819,びわこ,8,予選,晴,南西,2,2,5,2,4952,吉 武 真 也,20,27,6.72,2,0.19,,1-4-6,2030,7,1-4,330,2,1-4-6,970,5,1-4,370,2,,,,,,,
20250819,びわこ,8,予選,晴,南西,2,2,6,5,5290,坂 本 一 真,38,38,6.67,5,0.36,,1-4-6,2030,7,1-4,330,2,1-4-6,970,5,1-4,370,2,,,,,,,
20250819,びわこ,9,予選特賞,晴,南,2,2,1,5,4594,谷 川 祐 一,32,68,6.64,5,0.12,1.51.0,5-1-4,2910,9,5-1,1070,4,1-4-5,300,1,1-5,360,3,,,,,,,
20250819,びわこ,9,予選特賞,晴,南,2,2,2,1,4294,古 賀 繁 輝,14,26,6.73,1,0.17,1.52.3,5-1-4,2910,9,5-1,1070,4,1-4-5,300,1,1-5,360,3,,,,,,,
20250819,びわこ,9,予選特賞,晴,南,2,2,3,4,3527,中 嶋 誠一郎,17,57,6.76,4,0.19,1.53.5,5-1-4,2910,9,5-1,1070,4,1-4-5,300,1,1-5,360,3,,,,,,,
20250819,びわこ,9,予選特賞,晴,南,2,2,4,2,3444,香 月 大 介,57,55,6.67,2,0.23,1.55.5,5-1-4,2910,9,5-1,1070,4,1-4-5,300,1,1-5,360,3,,,,,,,
20250819,びわこ,9,予選特賞,晴,南,2,2,5,3,4390,松 本 弓 雄,71,28,6.62,3,0.26,,5-1-4,2910,9,5-1,1070,4,1-4-5,300,1,1-5,360,3,,,,,,,
20250819,びわこ,9,予選特賞,晴,南,2,2,6,6,3773,津 留 浩一郎,33,72,6.69,6,0.13,,5-1-4,2910,9,5-1,1070,4,1-4-5,300,1,1-5,360,3,,,,,,,
20250819,びわこ,10,予選特賞,晴,南,3,3,1,2,3304,烏 野 賢 太,15,67,6.65,2,0.22,1.50.5,2-1-6,1730,4,2-1,780,2,1-2-6,350,1,1-2,150,1,,,,,,,
20250819,びわこ,10,予選特賞,晴,南,3,3,2,1,4652,酒 見 峻 介,41,44,6.63,1,0.25,1.52.0,2-1-6,1730,4,2-1,780,2,1-2-6,350,1,1-2,150,1,,,,,,,
20250819,びわこ,10,予選特賞,晴,南,3,3,3,6,4575,戸 塚 邦 好,72,39,6.67,6,0.25,1.53.3,2-1-6,1730,4,2-1,780,2,1-2-6,350,1,1-2,150,1,,,,,,,
20250819,びわこ,10,予選特賞,晴,南,3,3,4,5,5245,倉 富 大 誠,26,54,6.70,5,0.18,1.55.2,2-1-6,1730,4,2-1,780,2,1-2-6,350,1,1-2,150,1,,,,,,,
20250819,びわこ,10,予選特賞,晴,南,3,3,5,4,5031,渡 辺 空 依,22,41,6.69,4,0.20,,2-1-6,1730,4,2-1,780,2,1-2-6,350,1,1-2,150,1,,,,,,,
20250819,びわこ,10,予選特賞,晴,南,3,3,6,3,4257,古 川 健,29,56,6.71,3,0.24,,2-1-6,1730,4,2-1,780,2,1-2-6,350,1,1-2,150,1,,,,,,,
20250819,びわこ,11,予選特選,晴,南西,3,3,1,1,4704,河 野 大,56,37,6.61,1,0.16,1.49.7,1-4-2,1620,5,1-4,940,4,1-2-4,370,2,1-4,580,3,,,,,,,
20250819,びわこ,11,予選特選,晴,南西,3,3,2,4,5014,梶 山 涼 斗,53,33,6.54,4,0.18,1.52.1,1-4-2,1620,5,1-4,940,4,1-2-4,370,2,1-4,580,3,,,,,,,
20250819,びわこ,11,予選特選,晴,南西,3,3,3,2,3679,飯 島 昌 弘,69,45,6.63,2,0.21,1.53.8,1-4-2,1620,5,1-4,940,4,1-2-4,370,2,1-4,580,3,,,,,,,
20250819,びわこ,11,予選特選,晴,南西,3,3,4,6,4695,尾 崎 雄 二,65,47,6.65,6,0.18,1.54.3,1-4-2,1620,5,1-4,940,4,1-2-4,370,2,1-4,580,3,,,,,,,
20250819,びわこ,11,予選特選,晴,南西,3,3,5,3,3703,鳥 飼 眞,25,62,6.70,3,0.25,,1-4-2,1620,5,1-4,940,4,1-2-4,370,2,1-4,580,3,,,,,,,
20250819,びわこ,11,予選特選,晴,南西,3,3,6,5,3333,丸 尾 義 孝,27,65,6.69,5,0.20,,1-4-2,1620,5,1-4,940,4,1-2-4,370,2,1-4,580,3,,,,,,,
20250819,びわこ,12,デイリーＤＲ,晴,南,2,2,1,4,4914,吉 田 裕 平,30,13,6.68,4,0.02,1.48.9,4-5-1,6090,21,4-5,1170,5,1-4-5,960,4,4-5,1440,7,,,,,,,
20250819,びわこ,12,デイリーＤＲ,晴,南,2,2,2,5,4980,佐々木 完 太,55,24,6.73,5,0.07,1.51.3,4-5-1,6090,21,4-5,1170,5,1-4-5,960,4,4-5,1440,7,,,,,,,
20250819,びわこ,12,デイリーＤＲ,晴,南,2,2,3,1,3946,赤 岩 善 生,49,36,6.72,1,0.11,1.52.7,4-5-1,6090,21,4-5,1170,5,1-4-5,960,4,4-5,1440,7,,,,,,,
20250819,びわこ,12,デイリーＤＲ,晴,南,2,2,4,6,5197,中 野 仁 照,73,40,6.67,6,0.08,1.54.8,4-5-1,6090,21,4-5,1170,5,1-4-5,960,4,4-5,1440,7,,,,,,,
20250819,びわこ,12,デイリーＤＲ,晴,南,2,2,5,2,4230,濱 崎 直 矢,61,25,6.60,2,0.14,,4-5-1,6090,21,4-5,1170,5,1-4-5,960,4,4-5,1440,7,,,,,,,
20250819,びわこ,12,デイリーＤＲ,晴,南,2,2,6,3,4543,重 木 輝 彦,68,49,6.71,3,0.11,,4-5-1,6090,21,4-5,1170,5,1-4-5,960,4,4-5,1440,7,,,,,,,
20250819,三国,1,一般,晴,南東,4,4,1,4,3577,向 所 浩 二,37,21,6.65,4,0.16,1.51.4,4-5-3,11950,25,4-5,1360,5,3-4-5,5350,10,4-5,1680,5,,,,,,,
20250819,三国,1,一般,晴,南東,4,4,2,5,3922,菅 沼 佳 昭,55,70,6.78,5,0.19,1.53.0,4-5-3,11950,25,4-5,1360,5,3-4-5,5350,10,4-5,1680,5,,,,,,,
20250819,三国,1,一般,晴,南東,4,4,3,3,5282,中 本 大 樹,66,27,6.64,3,0.15,1.56.5,4-5-3,11950,25,4-5,1360,5,3-4-5,5350,10,4-5,1680,5,,,,,,,
20250819,三国,1,一般,晴,南東,4,4,4,1,5115,香 川 颯 太,62,40,6.73,1,0.23,1.56.5,4-5-3,11950,25,4-5,1360,5,3-4-5,5350,10,4-5,1680,5,,,,,,,
20250819,三国,1,一般,晴,南東,4,4,5,2,3776,横 井 健 太,39,43,6.69,2,0.28,,4-5-3,11950,25,4-5,1360,5,3-4-5,5350,10,4-5,1680,5,,,,,,,
20250819,三国,1,一般,晴,南東,4,4,6,6,5366,塩 嶋 泰 空,38,35,6.73,6,0.23,,4-5-3,11950,25,4-5,1360,5,3-4-5,5350,10,4-5,1680,5,,,,,,,
20250819,三国,2,一般,晴,南東,5,5,1,6,4066,東 本 勝 利,13,22,6.76,6,0.13,1.50.5,6-1-2,2100,6,6-1,1310,5,1-2-6,240,1,1-6,370,2,,,,,,,
20250819,三国,2,一般,晴,南東,5,5,2,1,3572,安 田 政 彦,19,57,6.76,1,0.20,1.53.2,6-1-2,2100,6,6-1,1310,5,1-2-6,240,1,1-6,370,2,,,,,,,
20250819,三国,2,一般,晴,南東,5,5,3,2,3635,石 田 政 吾,60,30,6.69,2,0.11,1.54.8,6-1-2,2100,6,6-1,1310,5,1-2-6,240,1,1-6,370,2,,,,,,,
20250819,三国,2,一般,晴,南東,5,5,4,5,3692,竹 腰 正 樹,33,69,6.73,5,0.02,1.55.3,6-1-2,2100,6,6-1,1310,5,1-2-6,240,1,1-6,370,2,,,,,,,
20250819,三国,2,一般,晴,南東,5,5,5,4,5300,横 田 海 人,61,62,6.75,4,0.09,,6-1-2,2100,6,6-1,1310,5,1-2-6,240,1,1-6,370,2,,,,,,,
20250819,三国,2,一般,晴,南東,5,5,6,3,5355,萩 原 丈太朗,68,42,6.79,3,0.24,,6-1-2,2100,6,6-1,1310,5,1-2-6,240,1,1-6,370,2,,,,,,,
20250819,三国,3,一般,晴,南東,4,4,1,1,4930,佐 藤 悠,59,11,6.72,1,0.14,1.50.9,1-5-6,6350,25,1-5,1440,5,1-5-6,1960,9,1-5,1120,4,,,,,,,
20250819,三国,3,一般,晴,南東,4,4,2,5,5114,小 林 孝 彰,57,72,6.69,6,0.19,1.52.4,1-5-6,6350,25,1-5,1440,5,1-5-6,1960,9,1-5,1120,4,,,,,,,
20250819,三国,3,一般,晴,南東,4,4,3,6,3885,久 田 武,46,58,6.74,5,0.17,1.53.6,1-5-6,6350,25,1-5,1440,5,1-5-6,1960,9,1-5,1120,4,,,,,,,
20250819,三国,3,一般,晴,南東,4,4,4,2,3814,金 子 貴 志,35,61,6.80,2,0.21,1.53.8,1-5-6,6350,25,1-5,1440,5,1-5-6,1960,9,1-5,1120,4,,,,,,,
20250819,三国,3,一般,晴,南東,4,4,5,3,3388,今 垣 光太郎,11,65,6.74,3,0.21,,1-5-6,6350,25,1-5,1440,5,1-5-6,1960,9,1-5,1120,4,,,,,,,
20250819,三国,3,一般,晴,南東,4,4,6,4,5187,小 坂 風 太,48,13,6.82,4,0.19,,1-5-6,6350,25,1-5,1440,5,1-5-6,1960,9,1-5,1120,4,,,,,,,
20250819,三国,4,一般,晴,南西,2,2,1,4,4692,酒 井 俊 弘,21,39,6.70,5,0.05,1.50.8,4-1-6,3210,11,4-1,1450,7,1-4-6,510,2,1-4,430,2,,,,,,,
20250819,三国,4,一般,晴,南西,2,2,2,1,3582,吉 川 昭 男,27,64,6.73,1,0.15,1.51.0,4-1-6,3210,11,4-1,1450,7,1-4-6,510,2,1-4,430,2,,,,,,,
20250819,三国,4,一般,晴,南西,2,2,3,6,4391,松 田 祐 季,24,46,6.73,6,0.09,1.54.0,4-1-6,3210,11,4-1,1450,7,1-4-6,510,2,1-4,430,2,,,,,,,
20250819,三国,4,一般,晴,南西,2,2,4,5,4593,小 坂 宗 司,16,37,6.84,4,0.16,1.54.8,4-1-6,3210,11,4-1,1450,7,1-4-6,510,2,1-4,430,2,,,,,,,
20250819,三国,4,一般,晴,南西,2,2,5,3,3915,繁野谷 圭 介,34,32,6.79,3,0.23,,4-1-6,3210,11,4-1,1450,7,1-4-6,510,2,1-4,430,2,,,,,,,
20250819,三国,4,一般,晴,南西,2,2,6,2,3870,寺 嶋 雄,47,16,6.81,2,0.13,,4-1-6,3210,11,4-1,1450,7,1-4-6,510,2,1-4,430,2,,,,,,,
20250819,三国,5,一般,晴,南西,2,2,1,1,4587,木 田 峰由季,17,55,6.77,1,0.09,1.51.6,1-5-4,3640,15,1-5,1420,8,1-4-5,530,2,1-5,880,5,,,,,,,
20250819,三国,5,一般,晴,南西,2,2,2,5,4797,中 山 将,67,25,6.79,5,0.07,1.52.2,1-5-4,3640,15,1-5,1420,8,1-4-5,530,2,1-5,880,5,,,,,,,
20250819,三国,5,一般,晴,南西,2,2,3,4,5091,為 本 智 也,49,51,6.79,4,0.06,1.53.6,1-5-4,3640,15,1-5,1420,8,1-4-5,530,2,1-5,880,5,,,,,,,
20250819,三国,5,一般,晴,南西,2,2,4,6,4415,下 出 卓 矢,69,41,6.70,6,0.07,1.54.2,1-5-4,3640,15,1-5,1420,8,1-4-5,530,2,1-5,880,5,,,,,,,
20250819,三国,5,一般,晴,南西,2,2,5,2,5157,市 川 健 太,45,23,6.74,2,0.08,,1-5-4,3640,15,1-5,1420,8,1-4-5,530,2,1-5,880,5,,,,,,,
20250819,三国,5,一般,晴,南西,2,2,6,3,4664,東 口 晃,51,50,6.78,3,0.09,,1-5-4,3640,15,1-5,1420,8,1-4-5,530,2,1-5,880,5,,,,,,,
20250819,三国,6,一般,晴,西,1,1,1,1,4469,土 山 卓 也,30,54,6.83,1,0.16,1.51.1,1-3-4,690,2,1-3,210,1,1-3-4,490,2,1-3,110,1,,,,,,,
20250819,三国,6,一般,晴,西,1,1,2,3,3984,坂 口 周,25,34,6.79,3,0.17,1.52.1,1-3-4,690,2,1-3,210,1,1-3-4,490,2,1-3,110,1,,,,,,,
20250819,三国,6,一般,晴,西,1,1,3,4,4339,平 瀬 城 啓,40,47,6.80,4,0.17,1.53.4,1-3-4,690,2,1-3,210,1,1-3-4,490,2,1-3,110,1,,,,,,,
20250819,三国,6,一般,晴,西,1,1,4,5,3548,室 田 泰 史,29,38,6.80,5,0.13,1.54.5,1-3-4,690,2,1-3,210,1,1-3-4,490,2,1-3,110,1,,,,,,,
20250819,三国,6,一般,晴,西,1,1,5,2,3922,菅 沼 佳 昭,55,70,6.80,2,0.27,,1-3-4,690,2,1-3,210,1,1-3-4,490,2,1-3,110,1,,,,,,,
20250819,三国,6,一般,晴,西,1,1,6,6,5300,横 田 海 人,61,62,6.79,6,0.15,,1-3-4,690,2,1-3,210,1,1-3-4,490,2,1-3,110,1,,,,,,,
20250819,三国,7,一般,晴,北西,2,2,1,2,4520,高 倉 孝 太,43,33,6.73,2,0.01,1.51.6,2-4-1,3470,11,2-4,1570,6,1-2-4,470,2,2-4,830,4,,,,,,,
20250819,三国,7,一般,晴,北西,2,2,2,4,5282,中 本 大 樹,66,27,6.77,4,0.02,1.53.0,2-4-1,3470,11,2-4,1570,6,1-2-4,470,2,2-4,830,4,,,,,,,
20250819,三国,7,一般,晴,北西,2,2,3,1,5187,小 坂 風 太,48,13,6.83,1,0.04,1.54.1,2-4-1,3470,11,2-4,1570,6,1-2-4,470,2,2-4,830,4,,,,,,,
20250819,三国,7,一般,晴,北西,2,2,4,5,4003,表 憲 一,64,49,6.82,5,0.14,1.55.2,2-4-1,3470,11,2-4,1570,6,1-2-4,470,2,2-4,830,4,,,,,,,
20250819,三国,7,一般,晴,北西,2,2,5,6,5355,萩 原 丈太朗,68,42,6.82,6,0.14,,2-4-1,3470,11,2-4,1570,6,1-2-4,470,2,2-4,830,4,,,,,,,
20250819,三国,8,一般,晴,南西,1,1,1,3,5114,小 林 孝 彰,57,72,6.82,3,0.15,1.50.1,3-1-2,1820,5,3-1,660,3,1-2-3,180,1,1-3,190,1,,,,,,,
20250819,三国,8,一般,晴,南西,1,1,2,1,4066,東 本 勝 利,13,22,6.85,1,0.13,1.51.2,3-1-2,1820,5,3-1,660,3,1-2-3,180,1,1-3,190,1,,,,,,,
20250819,三国,8,一般,晴,南西,1,1,3,2,3915,繁野谷 圭 介,34,32,6.88,2,0.17,1.53.2,3-1-2,1820,5,3-1,660,3,1-2-3,180,1,1-3,190,1,,,,,,,
20250819,三国,8,一般,晴,南西,1,1,4,6,4902,山 川 雄 大,50,44,6.76,5,0.09,1.55.3,3-1-2,1820,5,3-1,660,3,1-2-3,180,1,1-3,190,1,,,,,,,
20250819,三国,8,一般,晴,南西,1,1,5,5,3776,横 井 健 太,39,20,6.85,4,0.11,,3-1-2,1820,5,3-1,660,3,1-2-3,180,1,1-3,190,1,,,,,,,
20250819,三国,8,一般,晴,南西,1,1,6,4,5366,塩 嶋 泰 空,38,35,6.87,6,0.11,,3-1-2,1820,5,3-1,660,3,1-2-3,180,1,1-3,190,1,,,,,,,
20250819,三国,9,一般,晴,西,1,1,1,1,3885,久 田 武,46,58,6.84,1,0.22,1.51.2,1-2-3,1000,3,1-2,450,2,1-2-3,340,1,1-2,450,2,,,,,,,
20250819,三国,9,一般,晴,西,1,1,2,2,4876,梅 木 敬 太,63,67,6.83,2,0.21,1.52.4,1-2-3,1000,3,1-2,450,2,1-2-3,340,1,1-2,450,2,,,,,,,
20250819,三国,9,一般,晴,西,1,1,3,3,4797,中 山 将,67,25,6.82,3,0.20,1.54.0,1-2-3,1000,3,1-2,450,2,1-2-3,340,1,1-2,450,2,,,,,,,
20250819,三国,9,一般,晴,西,1,1,4,4,5157,市 川 健 太,45,23,6.76,4,0.23,1.55.4,1-2-3,1000,3,1-2,450,2,1-2-3,340,1,1-2,450,2,,,,,,,
20250819,三国,9,一般,晴,西,1,1,5,5,3870,寺 嶋 雄,47,16,6.86,5,0.21,,1-2-3,1000,3,1-2,450,2,1-2-3,340,1,1-2,450,2,,,,,,,
20250819,三国,9,一般,晴,西,1,1,6,6,5115,香 川 颯 太,62,40,6.85,6,0.21,,1-2-3,1000,3,1-2,450,2,1-2-3,340,1,1-2,450,2,,,,,,,
20250819,三国,10,特別選抜戦,晴,西,3,3,1,1,4391,松 田 祐 季,24,46,6.78,1,0.15,1.50.8,1-2-3,690,2,1-2,340,2,1-2-3,350,2,1-2,310,2,,,,,,,
20250819,三国,10,特別選抜戦,晴,西,3,3,2,2,3548,室 田 泰 史,29,38,6.81,2,0.13,1.51.7,1-2-3,690,2,1-2,340,2,1-2-3,350,2,1-2,310,2,,,,,,,
20250819,三国,10,特別選抜戦,晴,西,3,3,3,3,5091,為 本 智 也,49,51,6.79,3,0.19,1.53.4,1-2-3,690,2,1-2,340,2,1-2-3,350,2,1-2,310,2,,,,,,,
20250819,三国,10,特別選抜戦,晴,西,3,3,4,4,3984,坂 口 周,25,34,6.78,4,0.24,1.54.6,1-2-3,690,2,1-2,340,2,1-2-3,350,2,1-2,310,2,,,,,,,
20250819,三国,10,特別選抜戦,晴,西,3,3,5,6,3572,安 田 政 彦,19,57,6.85,6,0.27,,1-2-3,690,2,1-2,340,2,1-2-3,350,2,1-2,310,2,,,,,,,
20250819,三国,10,特別選抜戦,晴,西,3,3,6,5,3814,金 子 貴 志,35,61,6.89,5,0.28,,1-2-3,690,2,1-2,340,2,1-2-3,350,2,1-2,310,2,,,,,,,
20250819,三国,11,特別選抜戦,晴,西,3,3,1,1,4415,下 出 卓 矢,69,41,6.79,1,0.13,1.51.5,1-5-3,3010,12,1-5,1110,4,1-3-5,1180,6,1-5,900,4,,,,,,,
20250819,三国,11,特別選抜戦,晴,西,3,3,2,5,4469,土 山 卓 也,30,54,6.90,5,0.21,1.52.3,1-5-3,3010,12,1-5,1110,4,1-3-5,1180,6,1-5,900,4,,,,,,,
20250819,三国,11,特別選抜戦,晴,西,3,3,3,3,3577,向 所 浩 二,37,21,6.82,3,0.11,1.53.0,1-5-3,3010,12,1-5,1110,4,1-3-5,1180,6,1-5,900,4,,,,,,,
20250819,三国,11,特別選抜戦,晴,西,3,3,4,2,4593,小 坂 宗 司,16,37,6.89,2,0.12,1.53.9,1-5-3,3010,12,1-5,1110,4,1-3-5,1180,6,1-5,900,4,,,,,,,
20250819,三国,11,特別選抜戦,晴,西,3,3,5,4,3388,今 垣 光太郎,11,65,6.90,4,0.21,,1-5-3,3010,12,1-5,1110,4,1-3-5,1180,6,1-5,900,4,,,,,,,
20250819,三国,11,特別選抜戦,晴,西,3,3,6,6,3635,石 田 政 吾,60,30,6.93,6,0.23,,1-5-3,3010,12,1-5,1110,4,1-3-5,1180,6,1-5,900,4,,,,,,,
20250819,三国,12,優勝戦,晴,西,2,2,1,1,4013,中 島 孝 平,20,19,6.91,1,0.06,1.55.1,1-3-2,1130,5,1-3,340,2,1-2-3,500,3,1-3,460,2,,,,,,,
20250819,三国,12,優勝戦,晴,西,2,2,2,3,3654,武 田 光 史,54,28,6.86,3,0.07,1.56.7,1-3-2,1130,5,1-3,340,2,1-2-3,500,3,1-3,460,2,,,,,,,
20250819,三国,12,優勝戦,晴,西,2,2,3,2,3833,中 辻 博 訓,23,71,6.91,2,0.08,2.01.1,1-3-2,1130,5,1-3,340,2,1-2-3,500,3,1-3,460,2,,,,,,,
20250819,三国,12,優勝戦,晴,西,2,2,4,6,4711,前 出 達 吉,42,45,6.84,6,0.12,2.02.1,1-3-2,1130,5,1-3,340,2,1-2-3,500,3,1-3,460,2,,,,,,,
20250819,丸亀,1,予選,晴,南西,2,2,1,1,3478,嶋 田 貴 支,1,4,6.95,1,0.16,1.50.7,1-2-4,910,1,1-2,480,1,1-2-4,310,1,1-2,370,2,,,,,,,
20250819,丸亀,1,予選,晴,南西,2,2,2,2,5241,門 田 栞,27,25,6.91,2,0.11,1.51.0,1-2-4,910,1,1-2,480,1,1-2-4,310,1,1-2,370,2,,,,,,,
20250819,丸亀,1,予選,晴,南西,2,2,3,4,5352,西 岡 蒼 志,31,60,6.91,4,0.12,1.52.3,1-2-4,910,1,1-2,480,1,1-2-4,310,1,1-2,370,2,,,,,,,
20250819,丸亀,1,予選,晴,南西,2,2,4,6,3832,下 田 哲 也,9,22,6.99,6,0.18,1.54.7,1-2-4,910,1,1-2,480,1,1-2-4,310,1,1-2,370,2,,,,,,,
20250819,丸亀,1,予選,晴,南西,2,2,5,5,4894,原 村 拓 也,25,28,6.97,5,0.19,1.55.0,1-2-4,910,1,1-2,480,1,1-2-4,310,1,1-2,370,2,,,,,,,
20250819,丸亀,1,予選,晴,南西,2,2,6,3,5265,大 廣 咲 季,41,37,6.95,3,0.08,1.55.3,1-2-4,910,1,1-2,480,1,1-2-4,310,1,1-2,370,2,,,,,,,
20250819,丸亀,2,予選,晴,西,2,2,1,1,3710,吉 永 泰 弘,17,59,6.87,1,0.12,1.50.4,1-6-2,18340,60,1-6,5080,17,1-2-6,1590,6,1-6,3820,11,,,,,,,
20250819,丸亀,2,予選,晴,西,2,2,2,6,5298,水 谷 理 人,20,66,6.93,6,0.07,1.51.8,1-6-2,18340,60,1-6,5080,17,1-2-6,1590,6,1-6,3820,11,,,,,,,
20250819,丸亀,2,予選,晴,西,2,2,3,2,5257,西 丸 侑太朗,56,31,6.84,2,0.15,1.53.0,1-6-2,18340,60,1-6,5080,17,1-2-6,1590,6,1-6,3820,11,,,,,,,
20250819,丸亀,2,予選,晴,西,2,2,4,4,4776,竹 田 和 哉,23,56,6.96,4,0.09,1.53.2,1-6-2,18340,60,1-6,5080,17,1-2-6,1590,6,1-6,3820,11,,,,,,,
20250819,丸亀,2,予選,晴,西,2,2,5,5,4511,中 岡 健 人,36,45,6.93,5,0.13,1.55.5,1-6-2,18340,60,1-6,5080,17,1-2-6,1590,6,1-6,3820,11,,,,,,,
20250819,丸亀,2,予選,晴,西,2,2,6,3,5037,田 頭 虎 親,21,35,6.93,3,0.12,1.56.7,1-6-2,18340,60,1-6,5080,17,1-2-6,1590,6,1-6,3820,11,,,,,,,
20250819,丸亀,3,予選,晴,西,3,3,1,4,3849,中 岡 正 彦,18,26,6.85,4,0.05,1.50.3,4-3-5,1660,4,4-3,650,2,3-4-5,510,2,3-4,260,1,,,,,,,
20250819,丸亀,3,予選,晴,西,3,3,2,3,4931,木 谷 賢 太,7,63,6.84,3,0.12,1.51.7,4-3-5,1660,4,4-3,650,2,3-4-5,510,2,3-4,260,1,,,,,,,
20250819,丸亀,3,予選,晴,西,3,3,3,5,3442,宮 武 英 司,58,62,6.94,5,0.10,1.53.6,4-3-5,1660,4,4-3,650,2,3-4-5,510,2,3-4,260,1,,,,,,,
20250819,丸亀,3,予選,晴,西,3,3,4,6,5326,三 嶌 さらら,4,57,6.82,6,0.15,1.55.4,4-3-5,1660,4,4-3,650,2,3-4-5,510,2,3-4,260,1,,,,,,,
20250819,丸亀,3,予選,晴,西,3,3,5,2,5173,谷 口 佳 蓮,49,38,6.88,2,0.17,1.55.7,4-3-5,1660,4,4-3,650,2,3-4-5,510,2,3-4,260,1,,,,,,,
20250819,丸亀,3,予選,晴,西,3,3,6,1,4010,越 智 照 浩,14,29,6.92,1,0.25,1.55.7,4-3-5,1660,4,4-3,650,2,3-4-5,510,2,3-4,260,1,,,,,,,
20250819,丸亀,4,予選,晴,西,3,3,1,3,4643,近 江 翔 吾,45,7,6.84,3,0.14,1.49.9,3-6-5,2240,7,3-6,1050,5,3-5-6,630,3,3-6,550,3,,,,,,,
20250819,丸亀,4,予選,晴,西,3,3,2,6,4529,嶋 義 信,65,43,6.90,5,0.19,1.52.4,3-6-5,2240,7,3-6,1050,5,3-5-6,630,3,3-6,550,3,,,,,,,
20250819,丸亀,4,予選,晴,西,3,3,3,5,5218,山 田 理 央,6,44,6.86,4,0.15,1.54.1,3-6-5,2240,7,3-6,1050,5,3-5-6,630,3,3-6,550,3,,,,,,,
20250819,丸亀,4,予選,晴,西,3,3,4,4,4020,川 上 清 人,11,19,6.91,6,0.21,1.55.6,3-6-5,2240,7,3-6,1050,5,3-5-6,630,3,3-6,550,3,,,,,,,
20250819,丸亀,4,予選,晴,西,3,3,5,1,3701,大 西 隆 洋,10,6,6.95,1,0.21,1.56.7,3-6-5,2240,7,3-6,1050,5,3-5-6,630,3,3-6,550,3,,,,,,,
20250819,丸亀,4,予選,晴,西,3,3,6,2,3910,松 下 知 幸,51,33,6.89,2,0.24,1.59.2,3-6-5,2240,7,3-6,1050,5,3-5-6,630,3,3-6,550,3,,,,,,,
20250819,丸亀,5,予選,晴,西,3,3,1,5,4772,石 丸 海 渡,61,11,6.92,5,0.09,1.51.1,5-6-2,8820,30,5-6,1190,5,2-5-6,2230,10,5-6,1050,5,,,,,,,
20250819,丸亀,5,予選,晴,西,3,3,2,6,4459,片 岡 雅 裕,40,3,6.83,6,0.12,1.51.9,5-6-2,8820,30,5-6,1190,5,2-5-6,2230,10,5-6,1050,5,,,,,,,
20250819,丸亀,5,予選,晴,西,3,3,3,2,3568,木 村 光 宏,16,46,6.90,2,0.17,1.53.7,5-6-2,8820,30,5-6,1190,5,2-5-6,2230,10,5-6,1050,5,,,,,,,
20250819,丸亀,5,予選,晴,西,3,3,4,1,4823,中 村 桃 佳,46,1,6.86,1,0.12,1.54.0,5-6-2,8820,30,5-6,1190,5,2-5-6,2230,10,5-6,1050,5,,,,,,,
20250819,丸亀,5,予選,晴,西,3,3,5,3,4452,松 尾 祭,66,58,6.98,3,0.08,1.55.5,5-6-2,8820,30,5-6,1190,5,2-5-6,2230,10,5-6,1050,5,,,,,,,
20250819,丸亀,5,予選,晴,西,3,3,6,4,3401,上 田 隆 章,59,12,6.91,4,0.18,1.59.1,5-6-2,8820,30,5-6,1190,5,2-5-6,2230,10,5-6,1050,5,,,,,,,
20250819,丸亀,6,かけうどん６,晴,西,2,2,1,5,5241,門 田 栞,27,25,6.86,5,0.02,1.50.3,5-1-4,16240,40,5-1,9090,15,1-4-5,750,2,1-5,1700,5,,,,,,,
20250819,丸亀,6,かけうどん６,晴,西,2,2,2,1,4583,古 田 祐 貴,62,39,6.88,1,0.04,1.51.2,5-1-4,16240,40,5-1,9090,15,1-4-5,750,2,1-5,1700,5,,,,,,,
20250819,丸亀,6,かけうどん６,晴,西,2,2,3,4,4030,森 高 一 真,29,61,6.81,4,0.07,1.52.6,5-1-4,16240,40,5-1,9090,15,1-4-5,750,2,1-5,1700,5,,,,,,,
20250819,丸亀,6,かけうどん６,晴,西,2,2,4,3,5291,三 嶌 こころ,37,52,6.92,3,0.08,1.53.8,5-1-4,16240,40,5-1,9090,15,1-4-5,750,2,1-5,1700,5,,,,,,,
20250819,丸亀,6,かけうどん６,晴,西,2,2,5,2,4450,平 高 奈 菜,57,2,6.82,2,0.08,1.55.1,5-1-4,16240,40,5-1,9090,15,1-4-5,750,2,1-5,1700,5,,,,,,,
20250819,丸亀,6,かけうどん６,晴,西,2,2,6,6,3578,塩 田 雄 一,13,49,6.93,6,0.09,1.56.2,5-1-4,16240,40,5-1,9090,15,1-4-5,750,2,1-5,1700,5,,,,,,,
20250819,丸亀,7,ざるうどん７,晴,南西,2,2,1,6,4739,中 村 晃 朋,52,34,6.86,5,0.07,1.51.3,6-2-3,8750,26,6-2,2510,10,2-3-6,1270,4,2-6,870,4,,,,,,,
20250819,丸亀,7,ざるうどん７,晴,南西,2,2,2,2,3908,重 成 一 人,39,65,7.03,2,0.16,1.52.8,6-2-3,8750,26,6-2,2510,10,2-3-6,1270,4,2-6,870,4,,,,,,,
20250819,丸亀,7,ざるうどん７,晴,南西,2,2,3,3,4821,妻 鳥 晋 也,15,5,7.03,3,0.18,1.55.2,6-2-3,8750,26,6-2,2510,10,2-3-6,1270,4,2-6,870,4,,,,,,,
20250819,丸亀,7,ざるうどん７,晴,南西,2,2,4,1,5257,西 丸 侑太朗,56,31,6.93,1,0.13,1.55.7,6-2-3,8750,26,6-2,2510,10,2-3-6,1270,4,2-6,870,4,,,,,,,
20250819,丸亀,7,ざるうどん７,晴,南西,2,2,5,4,3832,下 田 哲 也,9,22,6.99,4,0.17,1.56.2,6-2-3,8750,26,6-2,2510,10,2-3-6,1270,4,2-6,870,4,,,,,,,
20250819,丸亀,7,ざるうどん７,晴,南西,2,2,6,5,5326,三 嶌 さらら,4,57,6.89,6,0.08,2.00.4,6-2-3,8750,26,6-2,2510,10,2-3-6,1270,4,2-6,870,4,,,,,,,
20250819,丸亀,8,釜揚げ８ 進入固定,晴,南西,2,2,1,1,4437,中 田 元 泰,60,32,6.92,1,0.09,1.51.7,1-4-2,790,3,1-4,420,2,1-2-4,200,1,1-4,660,2,,,,,,,
20250819,丸亀,8,釜揚げ８ 進入固定,晴,南西,2,2,2,4,4348,宮 崎 奨,8,24,6.90,4,0.16,1.52.9,1-4-2,790,3,1-4,420,2,1-2-4,200,1,1-4,660,2,,,,,,,
20250819,丸亀,8,釜揚げ８ 進入固定,晴,南西,2,2,3,2,3837,秋 山 広 一,47,55,6.93,2,0.12,1.53.0,1-4-2,790,3,1-4,420,2,1-2-4,200,1,1-4,660,2,,,,,,,
20250819,丸亀,8,釜揚げ８ 進入固定,晴,南西,2,2,4,3,4511,中 岡 健 人,36,45,6.89,3,0.13,1.55.2,1-4-2,790,3,1-4,420,2,1-2-4,200,1,1-4,660,2,,,,,,,
20250819,丸亀,8,釜揚げ８ 進入固定,晴,南西,2,2,5,5,5173,谷 口 佳 蓮,49,38,6.90,5,0.15,1.57.2,1-4-2,790,3,1-4,420,2,1-2-4,200,1,1-4,660,2,,,,,,,
20250819,丸亀,8,釜揚げ８ 進入固定,晴,南西,2,2,6,6,5265,大 廣 咲 季,41,37,6.96,6,0.12,1.58.0,1-4-2,790,3,1-4,420,2,1-2-4,200,1,1-4,660,2,,,,,,,
20250819,丸亀,9,予選,晴,南西,2,2,1,1,3541,三 嶌 誠 司,43,17,6.87,1,0.06,1.50.8,1-3-5,760,1,1-3,260,1,1-3-5,370,1,1-3,160,1,,,,,,,
20250819,丸亀,9,予選,晴,南西,2,2,2,3,5224,西 岡 顕 心,53,18,6.86,3,0.12,1.51.4,1-3-5,760,1,1-3,260,1,1-3-5,370,1,1-3,160,1,,,,,,,
20250819,丸亀,9,予選,晴,南西,2,2,3,5,4529,嶋 義 信,65,43,6.89,5,0.09,1.53.4,1-3-5,760,1,1-3,260,1,1-3-5,370,1,1-3,160,1,,,,,,,
20250819,丸亀,9,予選,晴,南西,2,2,4,2,3710,吉 永 泰 弘,17,59,6.93,2,0.12,1.54.3,1-3-5,760,1,1-3,260,1,1-3-5,370,1,1-3,160,1,,,,,,,
20250819,丸亀,9,予選,晴,南西,2,2,5,6,4852,川 原 祐 明,19,47,6.91,6,0.13,1.54.8,1-3-5,760,1,1-3,260,1,1-3-5,370,1,1-3,160,1,,,,,,,
20250819,丸亀,9,予選,晴,南西,2,2,6,4,3568,木 村 光 宏,16,46,6.89,4,0.15,1.56.6,1-3-5,760,1,1-3,260,1,1-3-5,370,1,1-3,160,1,,,,,,,
20250819,丸亀,10,予選,晴,南,2,2,1,1,4776,竹 田 和 哉,23,56,6.92,1,0.10,1.51.0,1-3-2,1550,6,1-3,660,3,1-2-3,450,2,1-3,840,4,,,,,,,
20250819,丸亀,10,予選,晴,南,2,2,2,3,3442,宮 武 英 司,58,62,7.01,3,0.14,1.52.2,1-3-2,1550,6,1-3,660,3,1-2-3,450,2,1-3,840,4,,,,,,,
20250819,丸亀,10,予選,晴,南,2,2,3,2,4030,森 高 一 真,29,61,7.00,2,0.12,1.53.6,1-3-2,1550,6,1-3,660,3,1-2-3,450,2,1-3,840,4,,,,,,,
20250819,丸亀,10,予選,晴,南,2,2,4,4,4324,海 野 康志郎,55,64,6.92,4,0.15,1.54.9,1-3-2,1550,6,1-3,660,3,1-2-3,450,2,1-3,840,4,,,,,,,
20250819,丸亀,10,予選,晴,南,2,2,5,5,4452,松 尾 祭,66,58,6.97,5,0.26,1.55.5,1-3-2,1550,6,1-3,660,3,1-2-3,450,2,1-3,840,4,,,,,,,
20250819,丸亀,10,予選,晴,南,2,2,6,6,4020,川 上 清 人,11,19,6.98,6,0.25,1.59.8,1-3-2,1550,6,1-3,660,3,1-2-3,450,2,1-3,840,4,,,,,,,
20250819,丸亀,11,予選選抜,晴,南,2,2,1,1,4643,近 江 翔 吾,45,7,6.88,1,0.07,1.50.1,1-3-2,580,2,1-3,280,1,1-2-3,230,1,1-3,280,2,,,,,,,
20250819,丸亀,11,予選選抜,晴,南,2,2,2,3,4459,片 岡 雅 裕,40,3,6.99,3,0.11,1.51.4,1-3-2,580,2,1-3,280,1,1-2-3,230,1,1-3,280,2,,,,,,,
20250819,丸亀,11,予選選抜,晴,南,2,2,3,2,4739,中 村 晃 朋,52,34,6.92,2,0.15,1.52.7,1-3-2,580,2,1-3,280,1,1-2-3,230,1,1-3,280,2,,,,,,,
20250819,丸亀,11,予選選抜,晴,南,2,2,4,4,4450,平 高 奈 菜,57,2,6.94,4,0.15,1.53.8,1-3-2,580,2,1-3,280,1,1-2-3,230,1,1-3,280,2,,,,,,,
20250819,丸亀,11,予選選抜,晴,南,2,2,5,5,5037,田 頭 虎 親,21,35,6.97,5,0.17,1.55.0,1-3-2,580,2,1-3,280,1,1-2-3,230,1,1-3,280,2,,,,,,,
20250819,丸亀,11,予選選抜,晴,南,2,2,6,6,4931,木 谷 賢 太,7,63,6.94,6,0.18,1.55.5,1-3-2,580,2,1-3,280,1,1-2-3,230,1,1-3,280,2,,,,,,,
20250819,丸亀,12,予選選抜,晴,南,2,2,1,3,4772,石 丸 海 渡,61,11,6.92,5,0.09,1.50.9,3-2-1,13760,35,3-2,4890,11,1-2-3,540,3,2-3,3490,8,,,,,,,
20250819,丸亀,12,予選選抜,晴,南,2,2,2,2,5218,山 田 理 央,6,44,6.93,2,0.15,1.52.1,3-2-1,13760,35,3-2,4890,11,1-2-3,540,3,2-3,3490,8,,,,,,,
20250819,丸亀,12,予選選抜,晴,南,2,2,3,1,3908,重 成 一 人,39,65,6.91,1,0.08,1.52.9,3-2-1,13760,35,3-2,4890,11,1-2-3,540,3,2-3,3490,8,,,,,,,
20250819,丸亀,12,予選選抜,晴,南,2,2,4,4,4437,中 田 元 泰,60,32,6.98,6,0.17,1.54.4,3-2-1,13760,35,3-2,4890,11,1-2-3,540,3,2-3,3490,8,,,,,,,
20250819,丸亀,12,予選選抜,晴,南,2,2,5,5,4583,古 田 祐 貴,62,39,6.95,3,0.19,1.54.5,3-2-1,13760,35,3-2,4890,11,1-2-3,540,3,2-3,3490,8,,,,,,,
20250819,丸亀,12,予選選抜,晴,南,2,2,6,6,3849,中 岡 正 彦,18,26,6.99,4,0.20,1.57.7,3-2-1,13760,35,3-2,4890,11,1-2-3,540,3,2-3,3490,8,,,,,,,
20250819,住之江,1,一般戦,晴,南東,1,1,1,3,4977,馬 野 耀,87,52,6.93,4,0.08,1.50.9,3-5-1,18640,30,3-5,7370,12,1-3-5,810,4,3-5,3490,8,,,,,,,
20250819,住之江,1,一般戦,晴,南東,1,1,2,5,4422,永 井 亮 次,71,92,6.93,5,0.14,1.52.9,3-5-1,18640,30,3-5,7370,12,1-3-5,810,4,3-5,3490,8,,,,,,,
20250819,住之江,1,一般戦,晴,南東,1,1,3,1,4436,渋 谷 明 憲,18,73,6.90,1,0.22,1.54.1,3-5-1,18640,30,3-5,7370,12,1-3-5,810,4,3-5,3490,8,,,,,,,
20250819,住之江,1,一般戦,晴,南東,1,1,4,4,2878,富 山 弘 幸,24,65,6.91,2,0.20,1.55.3,3-5-1,18640,30,3-5,7370,12,1-3-5,810,4,3-5,3490,8,,,,,,,
20250819,住之江,1,一般戦,晴,南東,1,1,5,6,5302,秋 末 秦 悟,72,38,6.88,6,0.17,1.56.2,3-5-1,18640,30,3-5,7370,12,1-3-5,810,4,3-5,3490,8,,,,,,,
20250819,住之江,1,一般戦,晴,南東,1,1,6,2,4651,佐 藤 大 騎,32,50,6.90,3,0.17,1.56.8,3-5-1,18640,30,3-5,7370,12,1-3-5,810,4,3-5,3490,8,,,,,,,
20250819,住之江,2,一般戦,晴,南東,1,1,1,1,4967,中 村 魁 生,13,35,6.87,1,0.09,1.50.6,1-5-3,840,2,1-5,320,1,1-3-5,330,1,1-5,280,1,,,,,,,
20250819,住之江,2,一般戦,晴,南東,1,1,2,5,4168,石 野 貴 之,51,20,6.83,5,0.26,1.52.1,1-5-3,840,2,1-5,320,1,1-3-5,330,1,1-5,280,1,,,,,,,
20250819,住之江,2,一般戦,晴,南東,1,1,3,3,3882,新 田 智 彰,11,72,6.91,3,0.17,1.53.8,1-5-3,840,2,1-5,320,1,1-3-5,330,1,1-5,280,1,,,,,,,
20250819,住之江,2,一般戦,晴,南東,1,1,4,4,4834,浜 本 裕 己,63,88,6.85,4,0.13,1.54.8,1-5-3,840,2,1-5,320,1,1-3-5,330,1,1-5,280,1,,,,,,,
20250819,住之江,2,一般戦,晴,南東,1,1,5,2,5046,松 山 裕 基,57,78,6.91,2,0.11,1.55.8,1-5-3,840,2,1-5,320,1,1-3-5,330,1,1-5,280,1,,,,,,,
20250819,住之江,2,一般戦,晴,南東,1,1,6,6,4631,新 井 英 孝,22,31,6.90,6,0.16,1.58.7,1-5-3,840,2,1-5,320,1,1-3-5,330,1,1-5,280,1,,,,,,,
20250819,住之江,3,一般戦,晴,南,2,1,1,1,4578,藤 山 雅 弘,60,70,6.85,1,0.13,1.51.0,1-3-2,1840,6,1-3,990,4,1-2-3,580,2,1-3,890,4,,,,,,,
20250819,住之江,3,一般戦,晴,南,2,1,2,3,5036,福 田 翔 吾,28,28,6.87,3,0.20,1.52.5,1-3-2,1840,6,1-3,990,4,1-2-3,580,2,1-3,890,4,,,,,,,
20250819,住之江,3,一般戦,晴,南,2,1,3,2,4384,鶴 本 崇 文,33,36,6.94,2,0.18,1.53.7,1-3-2,1840,6,1-3,990,4,1-2-3,580,2,1-3,890,4,,,,,,,
20250819,住之江,3,一般戦,晴,南,2,1,4,6,4760,山 崎 郡,21,58,6.85,5,0.09,1.55.1,1-3-2,1840,6,1-3,990,4,1-2-3,580,2,1-3,890,4,,,,,,,
20250819,住之江,3,一般戦,晴,南,2,1,5,4,4489,岩 川 仁 士,30,74,6.92,4,0.13,1.56.5,1-3-2,1840,6,1-3,990,4,1-2-3,580,2,1-3,890,4,,,,,,,
20250819,住之江,3,一般戦,晴,南,2,1,6,5,5235,岩 田 凌,34,23,6.89,6,0.12,1.58.4,1-3-2,1840,6,1-3,990,4,1-2-3,580,2,1-3,890,4,,,,,,,
20250819,住之江,4,一般戦,晴,南,1,1,1,1,4907,小 池 修 平,69,53,6.91,1,0.11,1.50.7,1-4-6,2280,8,1-4,400,2,1-4-6,1150,5,1-4,400,2,,,,,,,
20250819,住之江,4,一般戦,晴,南,1,1,2,4,4377,濱 本 優 一,86,56,6.89,4,0.04,1.51.8,1-4-6,2280,8,1-4,400,2,1-4-6,1150,5,1-4,400,2,,,,,,,
20250819,住之江,4,一般戦,晴,南,1,1,3,6,4934,佐々木 翔 斗,53,80,6.83,6,0.12,1.53.5,1-4-6,2280,8,1-4,400,2,1-4-6,1150,5,1-4,400,2,,,,,,,
20250819,住之江,4,一般戦,晴,南,1,1,4,3,4653,小 野 達 哉,38,83,6.89,3,0.09,1.53.7,1-4-6,2280,8,1-4,400,2,1-4-6,1150,5,1-4,400,2,,,,,,,
20250819,住之江,4,一般戦,晴,南,1,1,5,2,4905,土 井 祥 伍,66,24,6.93,2,0.13,1.55.5,1-4-6,2280,8,1-4,400,2,1-4-6,1150,5,1-4,400,2,,,,,,,
20250819,住之江,4,一般戦,晴,南,1,1,6,5,5054,佐々木 大 河,26,19,6.85,5,0.08,1.57.6,1-4-6,2280,8,1-4,400,2,1-4-6,1150,5,1-4,400,2,,,,,,,
20250819,住之江,5,住之江ファイ,晴,南東,2,1,1,4,5289,佃 來 紀,29,14,6.90,4,0.10,1.50.0,4-5-6,28850,49,4-5,20740,25,4-5-6,7020,14,4-5,8910,14,,,,,,,
20250819,住之江,5,住之江ファイ,晴,南東,2,1,2,5,4508,野 間 大 樹,27,84,6.83,5,0.13,1.52.2,4-5-6,28850,49,4-5,20740,25,4-5-6,7020,14,4-5,8910,14,,,,,,,
20250819,住之江,5,住之江ファイ,晴,南東,2,1,3,6,4719,上 條 暢 嵩,65,30,6.85,6,0.13,1.53.8,4-5-6,28850,49,4-5,20740,25,4-5-6,7020,14,4-5,8910,14,,,,,,,
20250819,住之江,5,住之江ファイ,晴,南東,2,1,4,2,4389,伊 藤 喜 智,36,87,6.89,2,0.18,1.55.0,4-5-6,28850,49,4-5,20740,25,4-5-6,7020,14,4-5,8910,14,,,,,,,
20250819,住之江,5,住之江ファイ,晴,南東,2,1,5,1,3415,松 井 繁,62,51,6.88,1,0.15,1.55.4,4-5-6,28850,49,4-5,20740,25,4-5-6,7020,14,4-5,8910,14,,,,,,,
20250819,住之江,5,住之江ファイ,晴,南東,2,1,6,3,4462,夏 山 亮 平,39,25,6.94,3,0.18,1.56.3,4-5-6,28850,49,4-5,20740,25,4-5-6,7020,14,4-5,8910,14,,,,,,,
20250819,住之江,6,一般戦,晴,無風,0,1,1,1,4311,岡 村 仁,12,90,6.91,1,0.13,1.50.8,1-4-2,970,2,1-4,460,2,1-2-4,230,1,1-4,290,2,,,,,,,
20250819,住之江,6,一般戦,晴,無風,0,1,2,4,4561,藤 山 翔 大,67,95,6.79,4,0.17,1.52.0,1-4-2,970,2,1-4,460,2,1-2-4,230,1,1-4,290,2,,,,,,,
20250819,住之江,6,一般戦,晴,無風,0,1,3,2,5221,竹 間 隆 晟,14,55,6.87,2,0.17,1.52.5,1-4-2,970,2,1-4,460,2,1-2-4,230,1,1-4,290,2,,,,,,,
20250819,住之江,6,一般戦,晴,無風,0,1,4,3,2878,富 山 弘 幸,24,65,6.93,3,0.19,1.54.8,1-4-2,970,2,1-4,460,2,1-2-4,230,1,1-4,290,2,,,,,,,
20250819,住之江,6,一般戦,晴,無風,0,1,5,5,4651,佐 藤 大 騎,32,50,6.91,5,0.17,1.56.0,1-4-2,970,2,1-4,460,2,1-2-4,230,1,1-4,290,2,,,,,,,
20250819,住之江,6,一般戦,晴,無風,0,1,6,6,3882,新 田 智 彰,11,72,6.96,6,0.21,1.57.5,1-4-2,970,2,1-4,460,2,1-2-4,230,1,1-4,290,2,,,,,,,
20250819,住之江,7,一般戦,晴,南東,2,1,1,1,4427,秦 英 悟,83,93,6.83,1,0.09,1.51.1,1-3-2,1800,12,1-3,330,1,1-2-3,1160,7,1-3,390,2,,,,,,,
20250819,住之江,7,一般戦,晴,南東,2,1,2,3,4834,浜 本 裕 己,63,88,6.89,3,0.11,1.52.2,1-3-2,1800,12,1-3,330,1,1-2-3,1160,7,1-3,390,2,,,,,,,
20250819,住之江,7,一般戦,晴,南東,2,1,3,2,4422,永 井 亮 次,71,92,6.93,2,0.13,1.54.0,1-3-2,1800,12,1-3,330,1,1-2-3,1160,7,1-3,390,2,,,,,,,
20250819,住之江,7,一般戦,晴,南東,2,1,4,6,3557,太 田 和 美,54,13,6.91,6,0.12,1.55.0,1-3-2,1800,12,1-3,330,1,1-2-3,1160,7,1-3,390,2,,,,,,,
20250819,住之江,7,一般戦,晴,南東,2,1,5,5,5036,福 田 翔 吾,28,28,6.87,5,0.14,1.56.4,1-3-2,1800,12,1-3,330,1,1-2-3,1160,7,1-3,390,2,,,,,,,
20250819,住之江,7,一般戦,晴,南東,2,1,6,4,4904,松 本 一 毅,16,12,6.89,4,0.14,1.57.0,1-3-2,1800,12,1-3,330,1,1-2-3,1160,7,1-3,390,2,,,,,,,
20250819,住之江,8,一般戦,晴,南,3,1,1,1,4538,笠 置 博 之,31,27,6.88,1,0.13,1.50.2,1-4-2,990,3,1-4,520,3,1-2-4,140,1,1-4,420,2,,,,,,,
20250819,住之江,8,一般戦,晴,南,3,1,2,4,4653,小 野 達 哉,38,83,6.89,4,0.10,1.51.0,1-4-2,990,3,1-4,520,3,1-2-4,140,1,1-4,420,2,,,,,,,
20250819,住之江,8,一般戦,晴,南,3,1,3,2,4168,石 野 貴 之,51,20,6.91,2,0.10,1.53.7,1-4-2,990,3,1-4,520,3,1-2-4,140,1,1-4,420,2,,,,,,,
20250819,住之江,8,一般戦,晴,南,3,1,4,6,4436,渋 谷 明 憲,18,73,6.93,5,0.12,1.54.4,1-4-2,990,3,1-4,520,3,1-2-4,140,1,1-4,420,2,,,,,,,
20250819,住之江,8,一般戦,晴,南,3,1,5,3,4489,岩 川 仁 士,30,74,6.95,3,0.06,1.55.3,1-4-2,990,3,1-4,520,3,1-2-4,140,1,1-4,420,2,,,,,,,
20250819,住之江,8,一般戦,晴,南,3,1,6,5,4905,土 井 祥 伍,66,24,6.93,6,0.16,1.55.4,1-4-2,990,3,1-4,520,3,1-2-4,140,1,1-4,420,2,,,,,,,
20250819,住之江,9,住之江選抜,晴,南,2,1,1,3,4042,丸 岡 正 典,88,17,6.88,3,0.15,1.50.5,3-1-2,4910,18,3-1,1170,5,1-2-3,380,1,1-3,200,1,,,,,,,
20250819,住之江,9,住之江選抜,晴,南,2,1,2,1,4934,佐々木 翔 斗,53,80,6.88,1,0.13,1.51.9,3-1-2,4910,18,3-1,1170,5,1-2-3,380,1,1-3,200,1,,,,,,,
20250819,住之江,9,住之江選抜,晴,南,2,1,3,2,4508,野 間 大 樹,27,84,6.82,2,0.18,1.52.7,3-1-2,4910,18,3-1,1170,5,1-2-3,380,1,1-3,200,1,,,,,,,
20250819,住之江,9,住之江選抜,晴,南,2,1,4,6,4967,中 村 魁 生,13,35,6.84,6,0.11,1.53.7,3-1-2,4910,18,3-1,1170,5,1-2-3,380,1,1-3,200,1,,,,,,,
20250819,住之江,9,住之江選抜,晴,南,2,1,5,4,5046,松 山 裕 基,57,78,6.90,4,0.19,1.54.8,3-1-2,4910,18,3-1,1170,5,1-2-3,380,1,1-3,200,1,,,,,,,
20250819,住之江,9,住之江選抜,晴,南,2,1,6,5,4977,馬 野 耀,87,52,6.91,5,0.16,1.55.3,3-1-2,4910,18,3-1,1170,5,1-2-3,380,1,1-3,200,1,,,,,,,
20250819,住之江,10,特別選抜戦,晴,無風,0,1,1,1,4377,濱 本 優 一,86,56,6.89,1,0.09,1.50.4,1-4-5,3060,7,1-4,600,2,1-4-5,1310,5,1-4,440,2,,,,,,,
20250819,住之江,10,特別選抜戦,晴,無風,0,1,2,4,4719,上 條 暢 嵩,65,30,6.88,4,0.10,1.51.4,1-4-5,3060,7,1-4,600,2,1-4-5,1310,5,1-4,440,2,,,,,,,
20250819,住之江,10,特別選抜戦,晴,無風,0,1,3,5,4384,鶴 本 崇 文,33,36,6.94,5,0.10,1.52.4,1-4-5,3060,7,1-4,600,2,1-4-5,1310,5,1-4,440,2,,,,,,,
20250819,住之江,10,特別選抜戦,晴,無風,0,1,4,6,4907,小 池 修 平,69,53,6.88,6,0.12,1.54.2,1-4-5,3060,7,1-4,600,2,1-4-5,1310,5,1-4,440,2,,,,,,,
20250819,住之江,10,特別選抜戦,晴,無風,0,1,5,3,4561,藤 山 翔 大,67,95,6.80,2,0.12,1.55.3,1-4-5,3060,7,1-4,600,2,1-4-5,1310,5,1-4,440,2,,,,,,,
20250819,住之江,10,特別選抜戦,晴,無風,0,1,6,2,4311,岡 村 仁,12,90,6.87,3,0.11,1.56.3,1-4-5,3060,7,1-4,600,2,1-4-5,1310,5,1-4,440,2,,,,,,,
20250819,住之江,11,特別選抜戦,晴,無風,0,1,1,1,5221,竹 間 隆 晟,14,55,6.85,1,0.05,1.48.7,1-2-3,1130,2,1-2,360,1,1-2-3,500,2,1-2,320,2,,,,,,,
20250819,住之江,11,特別選抜戦,晴,無風,0,1,2,2,4427,秦 英 悟,83,93,6.87,2,0.09,1.50.9,1-2-3,1130,2,1-2,360,1,1-2-3,500,2,1-2,320,2,,,,,,,
20250819,住之江,11,特別選抜戦,晴,無風,0,1,3,3,3557,太 田 和 美,54,13,6.90,3,0.10,1.51.9,1-2-3,1130,2,1-2,360,1,1-2-3,500,2,1-2,320,2,,,,,,,
20250819,住之江,11,特別選抜戦,晴,無風,0,1,4,5,4578,藤 山 雅 弘,60,70,6.84,6,0.07,1.53.3,1-2-3,1130,2,1-2,360,1,1-2-3,500,2,1-2,320,2,,,,,,,
20250819,住之江,11,特別選抜戦,晴,無風,0,1,5,6,3415,松 井 繁,62,51,6.88,5,0.12,1.54.2,1-2-3,1130,2,1-2,360,1,1-2-3,500,2,1-2,320,2,,,,,,,
20250819,住之江,11,特別選抜戦,晴,無風,0,1,6,4,4760,山 崎 郡,21,58,6.84,4,0.10,1.56.3,1-2-3,1130,2,1-2,360,1,1-2-3,500,2,1-2,320,2,,,,,,,
20250819,住之江,12,優勝戦,晴,無風,0,1,1,1,4908,上 田 龍 星,50,33,6.87,1,0.12,1.49.1,1-4-3,1080,3,1-4,380,2,1-3-4,310,1,1-4,360,2,,,,,,,
20250819,住之江,12,優勝戦,晴,無風,0,1,2,4,4397,西 村 拓 也,58,60,6.86,4,0.11,1.51.0,1-4-3,1080,3,1-4,380,2,1-3-4,310,1,1-4,360,2,,,,,,,
20250819,住之江,12,優勝戦,晴,無風,0,1,3,3,4826,井 上 一 輝,25,57,6.85,3,0.09,1.52.0,1-4-3,1080,3,1-4,380,2,1-3-4,310,1,1-4,360,2,,,,,,,
20250819,住之江,12,優勝戦,晴,無風,0,1,4,6,4959,井 上 忠 政,74,32,6.83,6,0.17,1.53.7,1-4-3,1080,3,1-4,380,2,1-3-4,310,1,1-4,360,2,,,,,,,
20250819,住之江,12,優勝戦,晴,無風,0,1,5,5,3556,田 中 信一郎,84,15,6.88,5,0.18,1.55.9,1-4-3,1080,3,1-4,380,2,1-3-4,310,1,1-4,360,2,,,,,,,
20250819,住之江,12,優勝戦,晴,無風,0,1,6,2,5004,河 野 主 樹,77,34,6.84,2,0.11,1.57.7,1-4-3,1080,3,1-4,380,2,1-3-4,310,1,1-4,360,2,,,,,,,
20250819,児島,1,予選,晴,北西,1,1,1,4,4423,坂 口 貴 彦,51,33,6.77,4,0.22,1.50.6,4-1-2,5570,23,4-1,2090,8,1-2-4,320,1,1-4,920,4,,,,,,,
20250819,児島,1,予選,晴,北西,1,1,2,1,3866,木 山 誠 一,13,13,6.95,1,0.11,1.51.6,4-1-2,5570,23,4-1,2090,8,1-2-4,320,1,1-4,920,4,,,,,,,
20250819,児島,1,予選,晴,北西,1,1,3,2,4172,森 定 晃 史,67,27,6.88,2,0.23,1.52.1,4-1-2,5570,23,4-1,2090,8,1-2-4,320,1,1-4,920,4,,,,,,,
20250819,児島,1,予選,晴,北西,1,1,4,6,3775,泉 啓 文,28,21,6.80,6,0.25,1.54.4,4-1-2,5570,23,4-1,2090,8,1-2-4,320,1,1-4,920,4,,,,,,,
20250819,児島,1,予選,晴,北西,1,1,5,5,3949,今 出 晋 二,30,40,6.88,5,0.24,,4-1-2,5570,23,4-1,2090,8,1-2-4,320,1,1-4,920,4,,,,,,,
20250819,児島,1,予選,晴,北西,1,1,6,3,5165,小 林 愛 実,20,29,6.87,3,0.39,,4-1-2,5570,23,4-1,2090,8,1-2-4,320,1,1-4,920,4,,,,,,,
20250819,児島,2,予選,晴,南東,2,3,1,1,4054,福 嶋 智 之,26,41,6.85,1,0.23,1.50.6,1-3-5,2780,10,1-3,520,1,1-3-5,1260,5,1-3,230,1,,,,,,,
20250819,児島,2,予選,晴,南東,2,3,2,3,3746,岡 瀬 正 人,32,30,6.94,3,0.13,1.51.5,1-3-5,2780,10,1-3,520,1,1-3-5,1260,5,1-3,230,1,,,,,,,
20250819,児島,2,予選,晴,南東,2,3,3,5,5374,木 山 大 聖,55,22,6.90,5,0.14,1.52.5,1-3-5,2780,10,1-3,520,1,1-3-5,1260,5,1-3,230,1,,,,,,,
20250819,児島,2,予選,晴,南東,2,3,4,6,4562,阪 本 勇 介,11,15,6.91,6,0.18,1.53.2,1-3-5,2780,10,1-3,520,1,1-3-5,1260,5,1-3,230,1,,,,,,,
20250819,児島,2,予選,晴,南東,2,3,5,4,4580,長谷川 雅 和,45,61,6.95,4,0.17,,1-3-5,2780,10,1-3,520,1,1-3-5,1260,5,1-3,230,1,,,,,,,
20250819,児島,2,予選,晴,南東,2,3,6,2,4065,金 田 幸 子,64,47,6.86,2,0.28,,1-3-5,2780,10,1-3,520,1,1-3-5,1260,5,1-3,230,1,,,,,,,
20250819,児島,3,予選,晴,南西,4,3,1,1,5317,長 尾 萌 加,40,69,6.85,1,0.37,1.50.4,1-3-6,1990,7,1-3,480,2,1-3-6,950,4,1-3,330,3,,,,,,,
20250819,児島,3,予選,晴,南西,4,3,2,3,5058,前 原 大 道,23,26,6.95,3,0.34,1.51.8,1-3-6,1990,7,1-3,480,2,1-3-6,950,4,1-3,330,3,,,,,,,
20250819,児島,3,予選,晴,南西,4,3,3,6,3300,川 崎 智 幸,27,37,6.95,6,0.23,1.53.5,1-3-6,1990,7,1-3,480,2,1-3-6,950,4,1-3,330,3,,,,,,,
20250819,児島,3,予選,晴,南西,4,3,4,2,4441,末 永 由 楽,12,46,6.90,2,0.29,1.53.7,1-3-6,1990,7,1-3,480,2,1-3-6,950,4,1-3,330,3,,,,,,,
20250819,児島,3,予選,晴,南西,4,3,5,4,3660,長谷川 親 王,66,39,6.85,4,0.31,,1-3-6,1990,7,1-3,480,2,1-3-6,950,4,1-3,330,3,,,,,,,
20250819,児島,3,予選,晴,南西,4,3,6,5,5373,諏 訪 玲 奈,37,54,6.89,5,0.32,,1-3-6,1990,7,1-3,480,2,1-3-6,950,4,1-3,330,3,,,,,,,
20250819,児島,4,予選,晴,南,3,3,1,1,4166,吉 田 拡 郎,43,38,6.82,1,0.18,1.49.7,1-3-5,940,1,1-3,550,4,1-3-5,410,1,1-3,290,1,,,,,,,
20250819,児島,4,予選,晴,南,3,3,2,3,3907,村 越 篤,53,56,6.83,4,0.15,1.51.1,1-3-5,940,1,1-3,550,4,1-3-5,410,1,1-3,290,1,,,,,,,
20250819,児島,4,予選,晴,南,3,3,3,5,3874,山 本 寛 久,35,49,6.84,5,0.26,1.52.5,1-3-5,940,1,1-3,550,4,1-3-5,410,1,1-3,290,1,,,,,,,
20250819,児島,4,予選,晴,南,3,3,4,2,5109,川 崎 智 稔,59,12,6.85,2,0.16,1.53.7,1-3-5,940,1,1-3,550,4,1-3-5,410,1,1-3,290,1,,,,,,,
20250819,児島,4,予選,晴,南,3,3,5,4,4089,妹 尾 忠 幸,29,19,6.91,3,0.17,,1-3-5,940,1,1-3,550,4,1-3-5,410,1,1-3,290,1,,,,,,,
20250819,児島,4,予選,晴,南,3,3,6,6,3454,井 川 大 作,60,74,6.89,6,0.27,,1-3-5,940,1,1-3,550,4,1-3-5,410,1,1-3,290,1,,,,,,,
20250819,児島,5,予選,晴,南西,2,3,1,1,4482,守 屋 美 穂,24,73,6.77,1,0.20,1.49.4,1-2-3,340,1,1-2,160,1,1-2-3,200,1,1-2,150,1,,,,,,,
20250819,児島,5,予選,晴,南西,2,3,2,2,3822,平 尾 崇 典,38,50,6.70,2,0.20,1.51.5,1-2-3,340,1,1-2,160,1,1-2-3,200,1,1-2,150,1,,,,,,,
20250819,児島,5,予選,晴,南西,2,3,3,3,4884,勝 浦 真 帆,70,24,6.82,3,0.22,1.53.1,1-2-3,340,1,1-2,160,1,1-2-3,200,1,1-2,150,1,,,,,,,
20250819,児島,5,予選,晴,南西,2,3,4,4,4202,浮 田 圭 浩,33,60,6.96,4,0.29,1.54.6,1-2-3,340,1,1-2,160,1,1-2-3,200,1,1-2,150,1,,,,,,,
20250819,児島,5,予選,晴,南西,2,3,5,6,5299,西 丸 敦 基,36,53,6.85,6,0.28,,1-2-3,340,1,1-2,160,1,1-2-3,200,1,1-2,150,1,,,,,,,
20250819,児島,5,予選,晴,南西,2,3,6,5,3935,岩 津 徹 郎,22,32,6.82,5,0.24,,1-2-3,340,1,1-2,160,1,1-2-3,200,1,1-2,150,1,,,,,,,
20250819,児島,6,予選,晴,南,2,3,1,4,4370,山 口 達 也,47,63,6.92,1,0.14,1.50.9,4-5-3,1730,3,4-5,980,3,3-4-5,410,1,4-5,530,2,,,,,,,
20250819,児島,6,予選,晴,南,2,3,2,5,3933,山 地 正 樹,31,35,6.79,2,0.14,1.51.8,4-5-3,1730,3,4-5,980,3,3-4-5,410,1,4-5,530,2,,,,,,,
20250819,児島,6,予選,晴,南,2,3,3,3,4537,渡 邉 和 将,39,20,6.83,4,0.23,1.52.8,4-5-3,1730,3,4-5,980,3,3-4-5,410,1,4-5,530,2,,,,,,,
20250819,児島,6,予選,晴,南,2,3,4,1,5165,小 林 愛 実,20,29,6.93,3,0.17,1.53.8,4-5-3,1730,3,4-5,980,3,3-4-5,410,1,4-5,530,2,,,,,,,
20250819,児島,6,予選,晴,南,2,3,5,6,3233,小 畑 実 成,34,31,6.79,6,0.21,,4-5-3,1730,3,4-5,980,3,3-4-5,410,1,4-5,530,2,,,,,,,
20250819,児島,6,予選,晴,南,2,3,6,2,3975,小野寺 智 洋,41,71,6.83,5,0.18,,4-5-3,1730,3,4-5,980,3,3-4-5,410,1,4-5,530,2,,,,,,,
20250819,児島,7,予選,晴,南,3,3,1,1,4842,山 下 昂 大,65,34,6.85,1,0.09,1.49.8,1-5-3,940,1,1-5,410,1,1-3-5,300,1,1-5,250,1,,,,,,,
20250819,児島,7,予選,晴,南,3,3,2,5,4418,茅 原 悠 紀,16,43,6.77,5,0.08,1.50.8,1-5-3,940,1,1-5,410,1,1-3-5,300,1,1-5,250,1,,,,,,,
20250819,児島,7,予選,晴,南,3,3,3,3,5317,長 尾 萌 加,40,69,6.90,3,0.10,1.52.8,1-5-3,940,1,1-5,410,1,1-3-5,300,1,1-5,250,1,,,,,,,
20250819,児島,7,予選,晴,南,3,3,4,2,3866,木 山 誠 一,13,13,7.02,2,0.06,1.54.1,1-5-3,940,1,1-5,410,1,1-3-5,300,1,1-5,250,1,,,,,,,
20250819,児島,7,予選,晴,南,3,3,5,6,3982,福 田 理,52,66,6.87,6,0.11,,1-5-3,940,1,1-5,410,1,1-3-5,300,1,1-5,250,1,,,,,,,
20250819,児島,7,予選,晴,南,3,3,6,4,4065,金 田 幸 子,64,47,6.93,4,0.09,,1-5-3,940,1,1-5,410,1,1-3-5,300,1,1-5,250,1,,,,,,,
20250819,児島,8,予選,晴,南西,3,3,1,1,4580,長谷川 雅 和,45,61,6.97,1,0.15,1.50.8,1-3-2,740,2,1-3,250,1,1-2-3,260,1,1-3,210,1,,,,,,,
20250819,児島,8,予選,晴,南西,3,3,2,3,4584,村 岡 賢 人,54,36,6.85,3,0.14,1.51.5,1-3-2,740,2,1-3,250,1,1-2-3,260,1,1-3,210,1,,,,,,,
20250819,児島,8,予選,晴,南西,3,3,3,2,3454,井 川 大 作,60,74,6.87,2,0.11,1.52.3,1-3-2,740,2,1-3,250,1,1-2-3,260,1,1-3,210,1,,,,,,,
20250819,児島,8,予選,晴,南西,3,3,4,4,3685,荒 井 輝 年,58,45,6.88,4,0.19,1.54.4,1-3-2,740,2,1-3,250,1,1-2-3,260,1,1-3,210,1,,,,,,,
20250819,児島,8,予選,晴,南西,3,3,5,6,3949,今 出 晋 二,30,40,6.87,6,0.22,,1-3-2,740,2,1-3,250,1,1-2-3,260,1,1-3,210,1,,,,,,,
20250819,児島,8,予選,晴,南西,3,3,6,5,3660,長谷川 親 王,66,39,6.88,5,0.24,,1-3-2,740,2,1-3,250,1,1-2-3,260,1,1-3,210,1,,,,,,,
20250819,児島,9,予選,晴,北西,1,1,1,1,4050,田 口 節 子,62,17,6.84,1,0.12,1.49.9,1-3-4,1830,6,1-3,820,5,1-3-4,670,3,1-3,970,4,,,,,,,
20250819,児島,9,予選,晴,北西,1,1,2,3,3775,泉 啓 文,28,21,6.91,3,0.13,1.52.1,1-3-4,1830,6,1-3,820,5,1-3-4,670,3,1-3,970,4,,,,,,,
20250819,児島,9,予選,晴,北西,1,1,3,4,5058,前 原 大 道,23,26,6.85,4,0.12,1.53.1,1-3-4,1830,6,1-3,820,5,1-3-4,670,3,1-3,970,4,,,,,,,
20250819,児島,9,予選,晴,北西,1,1,4,2,5299,西 丸 敦 基,36,53,6.90,2,0.21,1.53.1,1-3-4,1830,6,1-3,820,5,1-3-4,670,3,1-3,970,4,,,,,,,
20250819,児島,9,予選,晴,北西,1,1,5,6,5374,木 山 大 聖,55,22,6.79,6,0.11,,1-3-4,1830,6,1-3,820,5,1-3-4,670,3,1-3,970,4,,,,,,,
20250819,児島,9,予選,晴,北西,1,1,6,5,4323,山 田 佑 樹,56,42,6.81,5,0.31,,1-3-4,1830,6,1-3,820,5,1-3-4,670,3,1-3,970,4,,,,,,,
20250819,児島,10,予選,晴,南西,1,1,1,1,4762,藤 原 啓史朗,17,23,6.82,1,0.18,1.50.5,1-3-2,480,2,1-3,160,1,1-2-3,340,2,1-3,120,1,,,,,,,
20250819,児島,10,予選,晴,南西,1,1,2,3,3822,平 尾 崇 典,38,50,6.84,3,0.14,1.51.5,1-3-2,480,2,1-3,160,1,1-2-3,340,2,1-3,120,1,,,,,,,
20250819,児島,10,予選,晴,南西,1,1,3,2,3233,小 畑 実 成,34,31,6.94,2,0.16,1.53.4,1-3-2,480,2,1-3,160,1,1-2-3,340,2,1-3,120,1,,,,,,,
20250819,児島,10,予選,晴,南西,1,1,4,5,4089,妹 尾 忠 幸,29,19,6.88,5,0.24,1.55.3,1-3-2,480,2,1-3,160,1,1-2-3,340,2,1-3,120,1,,,,,,,
20250819,児島,10,予選,晴,南西,1,1,5,4,4562,阪 本 勇 介,11,15,6.81,4,0.26,,1-3-2,480,2,1-3,160,1,1-2-3,340,2,1-3,120,1,,,,,,,
20250819,児島,10,予選,晴,南西,1,1,6,6,5181,森 智 哉,68,65,6.96,6,0.28,,1-3-2,480,2,1-3,160,1,1-2-3,340,2,1-3,120,1,,,,,,,
20250819,児島,11,鷲羽選抜,晴,南西,4,3,1,1,4537,渡 邉 和 将,39,20,6.81,1,0.18,1.50.3,1-3-2,1040,3,1-3,550,3,1-2-3,240,1,1-3,540,2,,,,,,,
20250819,児島,11,鷲羽選抜,晴,南西,4,3,2,3,4441,末 永 由 楽,12,46,6.88,3,0.13,1.51.5,1-3-2,1040,3,1-3,550,3,1-2-3,240,1,1-3,540,2,,,,,,,
20250819,児島,11,鷲羽選抜,晴,南西,4,3,3,2,3874,山 本 寛 久,35,49,6.80,2,0.16,1.52.8,1-3-2,1040,3,1-3,550,3,1-2-3,240,1,1-3,540,2,,,,,,,
20250819,児島,11,鷲羽選抜,晴,南西,4,3,4,6,3746,岡 瀬 正 人,32,30,6.91,6,0.21,1.53.4,1-3-2,1040,3,1-3,550,3,1-2-3,240,1,1-3,540,2,,,,,,,
20250819,児島,11,鷲羽選抜,晴,南西,4,3,5,5,4482,守 屋 美 穂,24,73,6.85,5,0.18,,1-3-2,1040,3,1-3,550,3,1-2-3,240,1,1-3,540,2,,,,,,,
20250819,児島,11,鷲羽選抜,晴,南西,4,3,6,4,4842,山 下 昂 大,65,34,6.82,4,0.18,,1-3-2,1040,3,1-3,550,3,1-2-3,240,1,1-3,540,2,,,,,,,
20250819,児島,12,くらしき選抜,晴,南西,1,1,1,1,4418,茅 原 悠 紀,16,43,6.88,1,0.09,1.48.8,1-2-4,540,1,1-2,310,2,1-2-4,290,1,1-2,160,1,,,,,,,
20250819,児島,12,くらしき選抜,晴,南西,1,1,2,2,4370,山 口 達 也,47,63,6.88,2,0.11,1.50.8,1-2-4,540,1,1-2,310,2,1-2-4,290,1,1-2,160,1,,,,,,,
20250819,児島,12,くらしき選抜,晴,南西,1,1,3,4,4166,吉 田 拡 郎,43,38,6.82,4,0.08,1.52.0,1-2-4,540,1,1-2,310,2,1-2-4,290,1,1-2,160,1,,,,,,,
20250819,児島,12,くらしき選抜,晴,南西,1,1,4,5,4172,森 定 晃 史,67,27,6.78,5,0.09,1.53.1,1-2-4,540,1,1-2,310,2,1-2-4,290,1,1-2,160,1,,,,,,,
20250819,児島,12,くらしき選抜,晴,南西,1,1,5,3,3300,川 崎 智 幸,27,37,6.95,3,0.12,,1-2-4,540,1,1-2,310,2,1-2-4,290,1,1-2,160,1,,,,,,,
20250819,児島,12,くらしき選抜,晴,南西,1,1,6,6,4884,勝 浦 真 帆,70,24,6.85,6,0.13,,1-2-4,540,1,1-2,310,2,1-2-4,290,1,1-2,160,1,,,,,,,
20250819,唐津,1,朝１戦,晴,南西,2,2,1,2,3550,都 築 正 治,11,58,6.72,2,0.09,1.50.8,2-1-5,5780,21,2-1,1390,6,1-2-5,590,3,1-2,170,1,,,,,,,
20250819,唐津,1,朝１戦,晴,南西,2,2,2,1,4383,竹 田 吉 行,25,23,6.71,1,0.15,1.53.2,2-1-5,5780,21,2-1,1390,6,1-2-5,590,3,1-2,170,1,,,,,,,
20250819,唐津,1,朝１戦,晴,南西,2,2,3,5,4047,吉 永 浩 則,14,51,6.78,5,0.12,1.54.5,2-1-5,5780,21,2-1,1390,6,1-2-5,590,3,1-2,170,1,,,,,,,
20250819,唐津,1,朝１戦,晴,南西,2,2,4,6,4625,渡 邊 裕 貴,27,7,6.57,6,0.28,1.55.6,2-1-5,5780,21,2-1,1390,6,1-2-5,590,3,1-2,170,1,,,,,,,
20250819,唐津,1,朝１戦,晴,南西,2,2,5,3,5312,川 辺 郭 人,28,22,6.82,3,0.09,1.57.1,2-1-5,5780,21,2-1,1390,6,1-2-5,590,3,1-2,170,1,,,,,,,
20250819,唐津,1,朝１戦,晴,南西,2,2,6,4,3869,井 芹 大 志,52,11,6.76,4,0.09,1.58.9,2-1-5,5780,21,2-1,1390,6,1-2-5,590,3,1-2,170,1,,,,,,,
20250819,唐津,2,モー２ング戦,晴,南西,3,3,1,1,5278,田 中 駿 兵,13,8,6.76,1,0.23,1.50.7,1-2-3,380,1,1-2,180,1,1-2-3,310,3,1-2,160,1,,,,,,,
20250819,唐津,2,モー２ング戦,晴,南西,3,3,2,2,4269,杉 山 裕 也,56,48,6.70,2,0.24,1.51.8,1-2-3,380,1,1-2,180,1,1-2-3,310,3,1-2,160,1,,,,,,,
20250819,唐津,2,モー２ング戦,晴,南西,3,3,3,3,4785,木 幡 純 也,60,25,6.84,3,0.29,1.54.2,1-2-3,380,1,1-2,180,1,1-2-3,310,3,1-2,160,1,,,,,,,
20250819,唐津,2,モー２ング戦,晴,南西,3,3,4,4,3211,北 川 敏 弘,49,37,6.84,4,0.24,1.56.1,1-2-3,380,1,1-2,180,1,1-2-3,310,3,1-2,160,1,,,,,,,
20250819,唐津,2,モー２ング戦,晴,南西,3,3,5,6,5407,中 岡 駿,39,5,6.76,6,0.24,1.57.0,1-2-3,380,1,1-2,180,1,1-2-3,310,3,1-2,160,1,,,,,,,
20250819,唐津,2,モー２ング戦,晴,南西,3,3,6,5,3346,宮 本 裕 之,23,50,6.80,5,0.24,1.57.8,1-2-3,380,1,1-2,180,1,1-2-3,310,3,1-2,160,1,,,,,,,
20250819,唐津,3,３ライズ戦,晴,南西,3,3,1,4,3690,河 合 三 弘,54,32,6.72,4,0.18,1.50.5,4-1-3,7470,18,4-1,1710,6,1-3-4,300,1,1-4,610,3,,,,,,,
20250819,唐津,3,３ライズ戦,晴,南西,3,3,2,1,4171,榎 幸 司,67,33,6.78,1,0.23,1.52.3,4-1-3,7470,18,4-1,1710,6,1-3-4,300,1,1-4,610,3,,,,,,,
20250819,唐津,3,３ライズ戦,晴,南西,3,3,3,3,4822,百 武 翔,31,24,6.75,3,0.26,1.53.9,4-1-3,7470,18,4-1,1710,6,1-3-4,300,1,1-4,610,3,,,,,,,
20250819,唐津,3,３ライズ戦,晴,南西,3,3,4,2,4106,坂 井 康 嗣,18,1,6.77,2,0.24,1.55.1,4-1-3,7470,18,4-1,1710,6,1-3-4,300,1,1-4,610,3,,,,,,,
20250819,唐津,3,３ライズ戦,晴,南西,3,3,5,5,4197,渥 美 卓 郎,57,15,6.82,5,0.16,1.55.6,4-1-3,7470,18,4-1,1710,6,1-3-4,300,1,1-4,610,3,,,,,,,
20250819,唐津,3,３ライズ戦,晴,南西,3,3,6,6,5201,村 上 宗太郎,38,21,6.81,6,0.49,1.58.7,4-1-3,7470,18,4-1,1710,6,1-3-4,300,1,1-4,610,3,,,,,,,
20250819,唐津,4,おは４戦,晴,南西,4,4,1,5,4535,北 山 康 介,48,14,6.79,5,0.12,1.50.2,5-4-1,5590,25,5-4,1980,9,1-4-5,570,2,4-5,690,4,,,,,,,
20250819,唐津,4,おは４戦,晴,南西,4,4,2,4,3784,中 島 友 和,42,56,6.74,4,0.11,1.52.4,5-4-1,5590,25,5-4,1980,9,1-4-5,570,2,4-5,690,4,,,,,,,
20250819,唐津,4,おは４戦,晴,南西,4,4,3,1,5082,一 色 凌 雅,64,6,6.77,1,0.19,1.53.9,5-4-1,5590,25,5-4,1980,9,1-4-5,570,2,4-5,690,4,,,,,,,
20250819,唐津,4,おは４戦,晴,南西,4,4,4,6,4303,牧 原 崇,26,34,6.79,6,0.17,1.54.4,5-4-1,5590,25,5-4,1980,9,1-4-5,570,2,4-5,690,4,,,,,,,
20250819,唐津,4,おは４戦,晴,南西,4,4,5,2,4301,関 裕 也,50,30,6.80,2,0.17,1.56.4,5-4-1,5590,25,5-4,1980,9,1-4-5,570,2,4-5,690,4,,,,,,,
20250819,唐津,4,おは４戦,晴,南西,4,4,6,3,3574,大 神 康 司,15,46,6.78,3,0.21,1.58.7,5-4-1,5590,25,5-4,1980,9,1-4-5,570,2,4-5,690,4,,,,,,,
20250819,唐津,5,レッツ５特賞,晴,南,3,3,1,1,3841,佐々木 和 伸,16,35,6.74,1,0.04,1.50.2,1-3-2,1660,6,1-3,580,3,1-2-3,450,3,1-3,250,2,,,,,,,
20250819,唐津,5,レッツ５特賞,晴,南,3,3,2,3,4989,石 原 翼,12,41,6.66,3,0.06,1.51.4,1-3-2,1660,6,1-3,580,3,1-2-3,450,3,1-3,250,2,,,,,,,
20250819,唐津,5,レッツ５特賞,晴,南,3,3,3,2,4877,鈴 谷 一 平,29,42,6.73,2,0.06,1.53.6,1-3-2,1660,6,1-3,580,3,1-2-3,450,3,1-3,250,2,,,,,,,
20250819,唐津,5,レッツ５特賞,晴,南,3,3,4,4,3997,北 村 征 嗣,61,17,6.72,4,0.16,1.53.9,1-3-2,1660,6,1-3,580,3,1-2-3,450,3,1-3,250,2,,,,,,,
20250819,唐津,5,レッツ５特賞,晴,南,3,3,5,5,5339,石 井 伸 長,47,4,6.73,5,0.21,1.54.9,1-3-2,1660,6,1-3,580,3,1-2-3,450,3,1-3,250,2,,,,,,,
20250819,唐津,5,レッツ５特賞,晴,南,3,3,6,6,5312,川 辺 郭 人,28,22,6.79,6,0.20,1.54.9,1-3-2,1660,6,1-3,580,3,1-2-3,450,3,1-3,250,2,,,,,,,
20250819,唐津,6,予選,晴,南,2,2,1,1,3550,都 築 正 治,11,58,6.64,1,0.21,1.50.6,1-2-5,16680,29,1-2,290,1,1-2-5,4680,8,1-2,170,1,,,,,,,
20250819,唐津,6,予選,晴,南,2,2,2,2,4910,中 村 泰 平,24,20,6.78,2,0.21,1.51.7,1-2-5,16680,29,1-2,290,1,1-2-5,4680,8,1-2,170,1,,,,,,,
20250819,唐津,6,予選,晴,南,2,2,3,5,5407,中 岡 駿,39,5,6.76,6,0.15,1.53.1,1-2-5,16680,29,1-2,290,1,1-2-5,4680,8,1-2,170,1,,,,,,,
20250819,唐津,6,予選,晴,南,2,2,4,3,4352,下 條 雄太郎,68,47,6.77,3,0.21,1.54.5,1-2-5,16680,29,1-2,290,1,1-2-5,4680,8,1-2,170,1,,,,,,,
20250819,唐津,6,予選,晴,南,2,2,5,6,4241,大 串 重 幸,40,45,6.80,5,0.17,1.55.5,1-2-5,16680,29,1-2,290,1,1-2-5,4680,8,1-2,170,1,,,,,,,
20250819,唐津,6,予選,晴,南,2,2,6,4,5382,山 下 心 一,69,10,6.74,4,0.23,1.57.6,1-2-5,16680,29,1-2,290,1,1-2-5,4680,8,1-2,170,1,,,,,,,
20250819,唐津,7,予選,晴,南,4,4,1,1,4260,中 越 博 紀,43,40,6.82,1,0.16,1.49.9,1-2-3,5090,20,1-2,1260,7,1-2-3,600,3,1-2,700,4,,,,,,,
20250819,唐津,7,予選,晴,南,4,4,2,2,4625,渡 邊 裕 貴,27,7,6.59,6,0.12,1.51.4,1-2-3,5090,20,1-2,1260,7,1-2-3,600,3,1-2,700,4,,,,,,,
20250819,唐津,7,予選,晴,南,4,4,3,3,4703,森 永 隆,46,53,6.81,2,0.17,1.52.1,1-2-3,5090,20,1-2,1260,7,1-2-3,600,3,1-2,700,4,,,,,,,
20250819,唐津,7,予選,晴,南,4,4,4,5,5089,前 田 翔,55,9,6.71,4,0.18,1.53.4,1-2-3,5090,20,1-2,1260,7,1-2-3,600,3,1-2,700,4,,,,,,,
20250819,唐津,7,予選,晴,南,4,4,5,6,4785,木 幡 純 也,60,25,6.80,5,0.18,1.55.0,1-2-3,5090,20,1-2,1260,7,1-2-3,600,3,1-2,700,4,,,,,,,
20250819,唐津,7,予選,晴,南,4,4,6,4,4197,渥 美 卓 郎,57,15,6.86,3,0.19,1.55.1,1-2-3,5090,20,1-2,1260,7,1-2-3,600,3,1-2,700,4,,,,,,,
20250819,唐津,8,予選,晴,南西,3,3,1,1,4047,吉 永 浩 則,14,51,6.78,1,0.08,1.50.8,1-2-4,630,1,1-2,430,1,1-2-4,200,1,1-2,220,1,,,,,,,
20250819,唐津,8,予選,晴,南西,3,3,2,2,4133,高 橋 正 男,41,44,6.74,2,0.09,1.51.0,1-2-4,630,1,1-2,430,1,1-2-4,200,1,1-2,220,1,,,,,,,
20250819,唐津,8,予選,晴,南西,3,3,3,4,5043,中 村 日 向,62,29,6.78,4,0.19,1.53.2,1-2-4,630,1,1-2,430,1,1-2-4,200,1,1-2,220,1,,,,,,,
20250819,唐津,8,予選,晴,南西,3,3,4,3,3346,宮 本 裕 之,23,50,6.81,3,0.13,1.53.8,1-2-4,630,1,1-2,430,1,1-2-4,200,1,1-2,220,1,,,,,,,
20250819,唐津,8,予選,晴,南西,3,3,5,6,5404,内 田 壮,70,54,6.71,5,0.32,1.56.2,1-2-4,630,1,1-2,430,1,1-2-4,200,1,1-2,220,1,,,,,,,
20250819,唐津,8,予選,晴,南西,3,3,6,5,5201,村 上 宗太郎,38,21,6.80,6,0.36,1.56.9,1-2-4,630,1,1-2,430,1,1-2-4,200,1,1-2,220,1,,,,,,,
20250819,唐津,9,予選,晴,北,2,2,1,4,4269,杉 山 裕 也,56,48,6.75,4,0.11,1.49.3,4-6-1,7710,29,4-6,1950,9,1-4-6,1410,6,4-6,1660,8,,,,,,,
20250819,唐津,9,予選,晴,北,2,2,2,6,5339,石 井 伸 長,47,4,6.82,6,0.11,1.51.2,4-6-1,7710,29,4-6,1950,9,1-4-6,1410,6,4-6,1660,8,,,,,,,
20250819,唐津,9,予選,晴,北,2,2,3,1,3690,河 合 三 弘,54,32,6.74,1,0.16,1.52.9,4-6-1,7710,29,4-6,1950,9,1-4-6,1410,6,4-6,1660,8,,,,,,,
20250819,唐津,9,予選,晴,北,2,2,4,5,4839,四 宮 与 寛,17,28,6.89,5,0.11,1.54.3,4-6-1,7710,29,4-6,1950,9,1-4-6,1410,6,4-6,1660,8,,,,,,,
20250819,唐津,9,予選,晴,北,2,2,5,2,5161,登 玉 隼 百,19,3,6.70,2,0.17,1.55.6,4-6-1,7710,29,4-6,1950,9,1-4-6,1410,6,4-6,1660,8,,,,,,,
20250819,唐津,9,予選,晴,北,2,2,6,3,4299,中 島 浩 哉,34,39,6.79,3,0.21,1.58.2,4-6-1,7710,29,4-6,1950,9,1-4-6,1410,6,4-6,1660,8,,,,,,,
20250819,唐津,10,予選特賞,晴,北,5,5,1,2,4989,石 原 翼,12,41,6.82,2,0.18,1.51.3,2-1-5,1660,5,2-1,660,3,1-2-5,450,3,1-2,370,1,,,,,,,
20250819,唐津,10,予選特賞,晴,北,5,5,2,1,3349,吉 田 一 郎,21,57,6.89,1,0.09,1.52.0,2-1-5,1660,5,2-1,660,3,1-2-5,450,3,1-2,370,1,,,,,,,
20250819,唐津,10,予選特賞,晴,北,5,5,3,5,5278,田 中 駿 兵,13,8,6.85,6,0.21,1.54.5,2-1-5,1660,5,2-1,660,3,1-2-5,450,3,1-2,370,1,,,,,,,
20250819,唐津,10,予選特賞,晴,北,5,5,4,3,4303,牧 原 崇,26,34,6.93,3,0.20,1.55.2,2-1-5,1660,5,2-1,660,3,1-2-5,450,3,1-2,370,1,,,,,,,
20250819,唐津,10,予選特賞,晴,北,5,5,5,4,4383,竹 田 吉 行,25,23,6.89,4,0.20,1.56.3,2-1-5,1660,5,2-1,660,3,1-2-5,450,3,1-2,370,1,,,,,,,
20250819,唐津,10,予選特賞,晴,北,5,5,6,6,3507,藤 井 徹,32,27,6.95,5,0.22,1.58.0,2-1-5,1660,5,2-1,660,3,1-2-5,450,3,1-2,370,1,,,,,,,
20250819,唐津,11,宝当特選,晴,北,4,4,1,1,4063,市 橋 卓 士,20,13,6.88,1,0.11,1.50.7,1-2-3,720,1,1-2,330,1,1-2-3,240,1,1-2,190,1,,,,,,,
20250819,唐津,11,宝当特選,晴,北,4,4,2,2,5089,前 田 翔,55,9,6.87,3,0.13,1.51.6,1-2-3,720,1,1-2,330,1,1-2-3,240,1,1-2,190,1,,,,,,,
20250819,唐津,11,宝当特選,晴,北,4,4,3,3,3997,北 村 征 嗣,61,17,6.85,4,0.14,1.53.4,1-2-3,720,1,1-2,330,1,1-2-3,240,1,1-2,190,1,,,,,,,
20250819,唐津,11,宝当特選,晴,北,4,4,4,5,4910,中 村 泰 平,24,20,6.92,6,0.17,1.55.0,1-2-3,720,1,1-2,330,1,1-2-3,240,1,1-2,190,1,,,,,,,
20250819,唐津,11,宝当特選,晴,北,4,4,5,6,3574,大 神 康 司,15,46,7.07,2,0.16,1.56.2,1-2-3,720,1,1-2,330,1,1-2-3,240,1,1-2,190,1,,,,,,,
20250819,唐津,11,宝当特選,晴,北,4,4,6,4,4425,大 井 清 貴,51,12,6.93,5,0.16,1.57.5,1-2-3,720,1,1-2,330,1,1-2-3,240,1,1-2,190,1,,,,,,,
20250819,唐津,12,ドリーム,晴,北東,4,4,1,3,4877,鈴 谷 一 平,29,42,6.86,3,0.05,1.50.7,3-4-5,16130,36,3-4,3170,9,3-4-5,4220,12,3-4,1630,5,,,,,,,
20250819,唐津,12,ドリーム,晴,北東,4,4,2,4,4171,榎 幸 司,67,33,6.95,4,0.06,1.52.2,3-4-5,16130,36,3-4,3170,9,3-4-5,4220,12,3-4,1630,5,,,,,,,
20250819,唐津,12,ドリーム,晴,北東,4,4,3,5,4352,下 條 雄太郎,68,47,6.89,5,0.05,1.52.7,3-4-5,16130,36,3-4,3170,9,3-4-5,4220,12,3-4,1630,5,,,,,,,
20250819,唐津,12,ドリーム,晴,北東,4,4,4,6,4703,森 永 隆,46,53,6.93,6,0.05,1.53.7,3-4-5,16130,36,3-4,3170,9,3-4-5,4220,12,3-4,1630,5,,,,,,,
20250819,唐津,12,ドリーム,晴,北東,4,4,5,1,5043,中 村 日 向,62,29,6.87,1,0.12,1.55.3,3-4-5,16130,36,3-4,3170,9,3-4-5,4220,12,3-4,1630,5,,,,,,,
20250819,唐津,12,ドリーム,晴,北東,4,4,6,2,4535,北 山 康 介,48,14,6.91,2,0.15,1.56.7,3-4-5,16130,36,3-4,3170,9,3-4-5,4220,12,3-4,1630,5,,,,,,,
20250819,尼崎,1,朝からセンプ,晴,南,4,0,1,1,5333,山 下 智 己,15,73,6.84,1,0.14,1.50.3,1-2-5,2840,11,1-2,530,2,1-2-5,1450,7,1-2,480,3,,,,,,,
20250819,尼崎,1,朝からセンプ,晴,南,4,0,2,2,4623,中 北 将 史,38,53,6.80,2,0.15,1.51.3,1-2-5,2840,11,1-2,530,2,1-2-5,1450,7,1-2,480,3,,,,,,,
20250819,尼崎,1,朝からセンプ,晴,南,4,0,3,5,4416,三 宅 健 太,39,24,6.84,5,0.25,1.53.9,1-2-5,2840,11,1-2,530,2,1-2-5,1450,7,1-2,480,3,,,,,,,
20250819,尼崎,1,朝からセンプ,晴,南,4,0,4,3,4603,谷 川 将 太,7,52,6.84,3,0.21,1.54.9,1-2-5,2840,11,1-2,530,2,1-2-5,1450,7,1-2,480,3,,,,,,,
20250819,尼崎,1,朝からセンプ,晴,南,4,0,5,4,5057,上 田 紗 奈,40,25,6.80,4,0.26,1.55.9,1-2-5,2840,11,1-2,530,2,1-2-5,1450,7,1-2,480,3,,,,,,,
20250819,尼崎,1,朝からセンプ,晴,南,4,0,6,6,5338,香 月 大 輝,58,11,6.84,6,0.21,1.57.4,1-2-5,2840,11,1-2,530,2,1-2-5,1450,7,1-2,480,3,,,,,,,
20250819,尼崎,2,一般,晴,西,4,0,1,3,3713,伊 藤 誠 二,1,64,6.85,3,0.26,1.50.6,3-2-4,5150,21,3-2,1320,6,2-3-4,900,5,2-3,500,2,,,,,,,
20250819,尼崎,2,一般,晴,西,4,0,2,2,3362,間 嶋 仁 志,36,35,6.79,2,0.24,1.52.5,3-2-4,5150,21,3-2,1320,6,2-3-4,900,5,2-3,500,2,,,,,,,
20250819,尼崎,2,一般,晴,西,4,0,3,4,3224,栗 山 繁 洋,52,41,6.85,4,0.18,1.55.1,3-2-4,5150,21,3-2,1320,6,2-3-4,900,5,2-3,500,2,,,,,,,
20250819,尼崎,2,一般,晴,西,4,0,4,6,5342,原 村 百 那,31,22,6.86,6,0.12,1.56.3,3-2-4,5150,21,3-2,1320,6,2-3-4,900,5,2-3,500,2,,,,,,,
20250819,尼崎,2,一般,晴,西,4,0,5,1,4317,木 村 紗友希,35,13,6.86,1,0.21,1.56.6,3-2-4,5150,21,3-2,1320,6,2-3-4,900,5,2-3,500,2,,,,,,,
20250819,尼崎,2,一般,晴,西,4,0,6,5,4116,川 田 正 人,42,29,6.83,5,0.18,1.57.5,3-2-4,5150,21,3-2,1320,6,2-3-4,900,5,2-3,500,2,,,,,,,
20250819,尼崎,3,一般,晴,南西,5,3,1,3,5055,眞 鳥 章 太,17,27,6.91,3,0.22,1.52.0,3-2-5,6720,30,3-2,3110,17,2-3-5,1520,10,2-3,1140,7,,,,,,,
20250819,尼崎,3,一般,晴,南西,5,3,2,2,3176,長谷川 巌,21,63,6.87,2,0.25,1.52.5,3-2-5,6720,30,3-2,3110,17,2-3-5,1520,10,2-3,1140,7,,,,,,,
20250819,尼崎,3,一般,晴,南西,5,3,3,5,3900,香 川 素 子,12,51,6.82,5,0.19,1.53.5,3-2-5,6720,30,3-2,3110,17,2-3-5,1520,10,2-3,1140,7,,,,,,,
20250819,尼崎,3,一般,晴,南西,5,3,4,6,5185,加 藤 優 弥,34,15,6.84,6,0.21,1.54.1,3-2-5,6720,30,3-2,3110,17,2-3-5,1520,10,2-3,1140,7,,,,,,,
20250819,尼崎,3,一般,晴,南西,5,3,5,4,4113,木 村 浩 士,16,49,6.86,4,0.21,1.55.6,3-2-5,6720,30,3-2,3110,17,2-3-5,1520,10,2-3,1140,7,,,,,,,
20250819,尼崎,3,一般,晴,南西,5,3,6,1,5271,杉 山 太 陽,32,72,6.83,1,0.36,1.57.3,3-2-5,6720,30,3-2,3110,17,2-3-5,1520,10,2-3,1140,7,,,,,,,
20250819,尼崎,4,一般,晴,南西,3,0,1,5,4812,西 野 雄 貴,14,36,6.81,5,0.12,1.49.6,5-4-1,9830,37,5-4,2230,10,1-4-5,1160,5,4-5,1280,6,,,,,,,
20250819,尼崎,4,一般,晴,南西,3,0,2,4,3629,浅 見 昌 克,24,46,6.88,4,0.11,1.51.8,5-4-1,9830,37,5-4,2230,10,1-4-5,1160,5,4-5,1280,6,,,,,,,
20250819,尼崎,4,一般,晴,南西,3,0,3,1,5155,内 山 七 海,53,38,6.80,1,0.21,1.52.7,5-4-1,9830,37,5-4,2230,10,1-4-5,1160,5,4-5,1280,6,,,,,,,
20250819,尼崎,4,一般,晴,南西,3,0,4,6,3872,岡 田 憲 行,55,66,6.91,6,0.17,1.52.8,5-4-1,9830,37,5-4,2230,10,1-4-5,1160,5,4-5,1280,6,,,,,,,
20250819,尼崎,4,一般,晴,南西,3,0,5,3,3412,鈴 木 博,22,62,6.82,3,0.21,1.56.5,5-4-1,9830,37,5-4,2230,10,1-4-5,1160,5,4-5,1280,6,,,,,,,
20250819,尼崎,4,一般,晴,南西,3,0,6,2,4846,佐 藤 駿 介,56,57,6.91,2,0.20,1.58.8,5-4-1,9830,37,5-4,2230,10,1-4-5,1160,5,4-5,1280,6,,,,,,,
20250819,尼崎,5,一般,晴,南西,3,0,1,3,4017,向 井 美 鈴,46,42,6.89,3,0.16,1.50.2,3-4-1,15630,49,3-4,5410,19,1-3-4,860,5,3-4,3250,10,,,,,,,
20250819,尼崎,5,一般,晴,南西,3,0,2,4,4449,中 嶋 達 也,28,74,6.87,4,0.05,1.51.7,3-4-1,15630,49,3-4,5410,19,1-3-4,860,5,3-4,3250,10,,,,,,,
20250819,尼崎,5,一般,晴,南西,3,0,3,1,3327,野長瀬 正 孝,33,69,6.87,1,0.18,1.53.4,3-4-1,15630,49,3-4,5410,19,1-3-4,860,5,3-4,3250,10,,,,,,,
20250819,尼崎,5,一般,晴,南西,3,0,4,2,4056,小 西 英 輝,2,56,6.86,2,0.14,1.54.3,3-4-1,15630,49,3-4,5410,19,1-3-4,860,5,3-4,3250,10,,,,,,,
20250819,尼崎,5,一般,晴,南西,3,0,5,6,5076,石 原 光,23,70,6.96,6,0.11,1.55.3,3-4-1,15630,49,3-4,5410,19,1-3-4,860,5,3-4,3250,10,,,,,,,
20250819,尼崎,5,一般,晴,南西,3,0,6,5,5038,金 田 智 博,30,17,6.82,5,0.15,1.57.0,3-4-1,15630,49,3-4,5410,19,1-3-4,860,5,3-4,3250,10,,,,,,,
20250819,尼崎,6,昼どきピンク,晴,南西,2,0,1,1,4888,金 児 隆 太,49,23,6.76,1,0.27,1.51.3,1-2-5,3590,13,1-2,470,2,1-2-5,1870,5,1-2,530,2,,,,,,,
20250819,尼崎,6,昼どきピンク,晴,南西,2,0,2,2,4416,三 宅 健 太,39,24,6.83,2,0.23,1.52.6,1-2-5,3590,13,1-2,470,2,1-2-5,1870,5,1-2,530,2,,,,,,,
20250819,尼崎,6,昼どきピンク,晴,南西,2,0,3,5,5338,香 月 大 輝,58,11,6.80,5,0.33,1.54.2,1-2-5,3590,13,1-2,470,2,1-2-5,1870,5,1-2,530,2,,,,,,,
20250819,尼崎,6,昼どきピンク,晴,南西,2,0,4,3,3224,栗 山 繁 洋,52,41,6.85,4,0.30,1.55.5,1-2-5,3590,13,1-2,470,2,1-2-5,1870,5,1-2,530,2,,,,,,,
20250819,尼崎,6,昼どきピンク,晴,南西,2,0,5,4,4357,田 中 和 也,45,55,6.84,3,0.28,1.58.3,1-2-5,3590,13,1-2,470,2,1-2-5,1870,5,1-2,530,2,,,,,,,
20250819,尼崎,6,昼どきピンク,晴,南西,2,0,6,6,5418,堀 内 亜 海,60,60,6.82,6,0.28,2.00.4,1-2-5,3590,13,1-2,470,2,1-2-5,1870,5,1-2,530,2,,,,,,,
20250819,尼崎,7,一般,晴,西,5,3,1,1,4502,遠 藤 エ ミ,8,30,6.77,1,0.23,1.49.4,1-2-3,290,1,1-2,230,1,1-2-3,180,1,1-2,130,1,,,,,,,
20250819,尼崎,7,一般,晴,西,5,3,2,2,3900,香 川 素 子,12,51,6.84,2,0.18,1.51.1,1-2-3,290,1,1-2,230,1,1-2-3,180,1,1-2,130,1,,,,,,,
20250819,尼崎,7,一般,晴,西,5,3,3,3,5057,上 田 紗 奈,40,25,6.80,3,0.18,1.52.2,1-2-3,290,1,1-2,230,1,1-2-3,180,1,1-2,130,1,,,,,,,
20250819,尼崎,7,一般,晴,西,5,3,4,6,4317,木 村 紗友希,35,13,6.83,6,0.15,1.54.3,1-2-3,290,1,1-2,230,1,1-2-3,180,1,1-2,130,1,,,,,,,
20250819,尼崎,7,一般,晴,西,5,3,5,4,5342,原 村 百 那,31,22,6.85,4,0.23,1.56.5,1-2-3,290,1,1-2,230,1,1-2-3,180,1,1-2,130,1,,,,,,,
20250819,尼崎,7,一般,晴,西,5,3,6,5,5118,野 田 なづき,47,19,6.86,5,0.22,1.59.3,1-2-3,290,1,1-2,230,1,1-2-3,180,1,1-2,130,1,,,,,,,
20250819,尼崎,8,一般,晴,南,2,0,1,1,3629,浅 見 昌 克,24,46,6.83,1,0.05,1.51.7,1-2-3,920,3,1-2,270,1,1-2-3,430,2,1-2,290,2,,,,,,,
20250819,尼崎,8,一般,晴,南,2,0,2,2,4116,川 田 正 人,42,29,6.79,2,0.10,1.52.4,1-2-3,920,3,1-2,270,1,1-2-3,430,2,1-2,290,2,,,,,,,
20250819,尼崎,8,一般,晴,南,2,0,3,3,5333,山 下 智 己,15,73,6.83,3,0.11,1.53.2,1-2-3,920,3,1-2,270,1,1-2-3,430,2,1-2,290,2,,,,,,,
20250819,尼崎,8,一般,晴,南,2,0,4,4,5055,眞 鳥 章 太,17,27,6.86,4,0.06,1.54.4,1-2-3,920,3,1-2,270,1,1-2-3,430,2,1-2,290,2,,,,,,,
20250819,尼崎,8,一般,晴,南,2,0,5,6,5271,杉 山 太 陽,32,72,6.88,6,0.13,1.54.4,1-2-3,920,3,1-2,270,1,1-2-3,430,2,1-2,290,2,,,,,,,
20250819,尼崎,8,一般,晴,南,2,0,6,5,4846,佐 藤 駿 介,56,57,6.88,5,0.09,1.57.0,1-2-3,920,3,1-2,270,1,1-2-3,430,2,1-2,290,2,,,,,,,
20250819,尼崎,9,一般特選,晴,南西,5,3,1,1,3412,鈴 木 博,22,62,6.82,1,0.19,1.50.7,1-3-4,580,1,1-3,240,1,1-3-4,350,1,1-3,210,1,,,,,,,
20250819,尼崎,9,一般特選,晴,南西,5,3,2,3,4812,西 野 雄 貴,14,36,6.81,3,0.08,1.51.7,1-3-4,580,1,1-3,240,1,1-3-4,350,1,1-3,210,1,,,,,,,
20250819,尼崎,9,一般特選,晴,南西,5,3,3,4,3327,野長瀬 正 孝,33,69,6.82,4,0.11,1.53.0,1-3-4,580,1,1-3,240,1,1-3-4,350,1,1-3,210,1,,,,,,,
20250819,尼崎,9,一般特選,晴,南西,5,3,4,2,5185,加 藤 優 弥,34,15,6.81,2,0.18,1.54.5,1-3-4,580,1,1-3,240,1,1-3-4,350,1,1-3,210,1,,,,,,,
20250819,尼崎,9,一般特選,晴,南西,5,3,5,6,3713,伊 藤 誠 二,1,64,6.83,6,0.13,1.55.3,1-3-4,580,1,1-3,240,1,1-3-4,350,1,1-3,210,1,,,,,,,
20250819,尼崎,9,一般特選,晴,南西,5,3,6,5,4017,向 井 美 鈴,46,42,6.86,5,0.15,1.59.2,1-3-4,580,1,1-3,240,1,1-3-4,350,1,1-3,210,1,,,,,,,
20250819,尼崎,10,選抜戦,晴,西,5,3,1,3,3362,間 嶋 仁 志,36,35,6.86,3,0.22,1.50.5,3-1-4,4910,14,3-1,1240,4,1-3-4,340,2,1-3,280,2,,,,,,,
20250819,尼崎,10,選抜戦,晴,西,5,3,2,1,4357,田 中 和 也,45,55,6.84,1,0.18,1.52.3,3-1-4,4910,14,3-1,1240,4,1-3-4,340,2,1-3,280,2,,,,,,,
20250819,尼崎,10,選抜戦,晴,西,5,3,3,4,4623,中 北 将 史,38,53,6.83,4,0.19,1.53.6,3-1-4,4910,14,3-1,1240,4,1-3-4,340,2,1-3,280,2,,,,,,,
20250819,尼崎,10,選抜戦,晴,西,5,3,4,5,3176,長谷川 巌,21,63,6.85,5,0.23,1.54.3,3-1-4,4910,14,3-1,1240,4,1-3-4,340,2,1-3,280,2,,,,,,,
20250819,尼崎,10,選抜戦,晴,西,5,3,5,2,4449,中 嶋 達 也,28,74,6.84,2,0.18,1.55.5,3-1-4,4910,14,3-1,1240,4,1-3-4,340,2,1-3,280,2,,,,,,,
20250819,尼崎,10,選抜戦,晴,西,5,3,6,6,5155,内 山 七 海,53,38,6.83,6,0.18,1.56.8,3-1-4,4910,14,3-1,1240,4,1-3-4,340,2,1-3,280,2,,,,,,,
20250819,尼崎,11,選抜戦,晴,南西,5,3,1,1,5038,金 田 智 博,30,17,6.78,1,0.25,1.51.3,1-2-3,1260,4,1-2,640,3,1-2-3,400,2,1-2,480,2,,,,,,,
20250819,尼崎,11,選抜戦,晴,南西,5,3,2,2,4113,木 村 浩 士,16,49,6.81,2,0.25,1.51.8,1-2-3,1260,4,1-2,640,3,1-2-3,400,2,1-2,480,2,,,,,,,
20250819,尼崎,11,選抜戦,晴,南西,5,3,3,3,4502,遠 藤 エ ミ,8,30,6.76,3,0.21,1.52.4,1-2-3,1260,4,1-2,640,3,1-2-3,400,2,1-2,480,2,,,,,,,
20250819,尼崎,11,選抜戦,晴,南西,5,3,4,4,4603,谷 川 将 太,7,52,6.84,4,0.29,1.54.9,1-2-3,1260,4,1-2,640,3,1-2-3,400,2,1-2,480,2,,,,,,,
20250819,尼崎,11,選抜戦,晴,南西,5,3,5,5,4056,小 西 英 輝,2,56,6.81,5,0.31,1.56.1,1-2-3,1260,4,1-2,640,3,1-2-3,400,2,1-2,480,2,,,,,,,
20250819,尼崎,11,選抜戦,晴,南西,5,3,6,6,4888,金 児 隆 太,49,23,6.79,6,0.27,1.56.9,1-2-3,1260,4,1-2,640,3,1-2-3,400,2,1-2,480,2,,,,,,,
20250819,尼崎,12,優勝戦,晴,南西,4,0,1,1,4794,和 田 拓 也,9,58,6.75,1,0.14,1.50.4,1-4-2,1120,3,1-4,580,2,1-2-4,390,1,1-4,520,3,,,,,,,
20250819,尼崎,12,優勝戦,晴,南西,4,0,2,4,3024,西 島 義 則,43,21,6.81,2,0.13,1.51.5,1-4-2,1120,3,1-4,580,2,1-2-4,390,1,1-4,520,3,,,,,,,
20250819,尼崎,12,優勝戦,晴,南西,4,0,3,2,4798,浜 先 真 範,41,61,6.79,3,0.18,1.53.7,1-4-2,1120,3,1-4,580,2,1-2-4,390,1,1-4,520,3,,,,,,,
20250819,尼崎,12,優勝戦,晴,南西,4,0,4,5,4816,村 松 修 二,3,43,6.91,5,0.25,1.54.5,1-4-2,1120,3,1-4,580,2,1-2-4,390,1,1-4,520,3,,,,,,,
20250819,尼崎,12,優勝戦,晴,南西,4,0,5,3,4624,高 田 明,59,26,6.80,4,0.25,1.54.5,1-4-2,1120,3,1-4,580,2,1-2-4,390,1,1-4,520,3,,,,,,,
20250819,尼崎,12,優勝戦,晴,南西,4,0,6,6,4177,萬 正 嗣,6,44,6.88,6,0.28,1.57.4,1-4-2,1120,3,1-4,580,2,1-2-4,390,1,1-4,520,3,,,,,,,
20250819,常滑,1,朝トコ小判Ｒ,晴,南西,2,1,1,1,4183,宇 野 弥 生,38,74,6.75,1,0.21,1.51.7,1-2-3,530,1,1-2,220,1,1-2-3,300,1,1-2,190,1,,,,,,,
20250819,常滑,1,朝トコ小判Ｒ,晴,南西,2,1,2,2,5019,柴 田 百 恵,1,43,6.71,2,0.25,1.52.8,1-2-3,530,1,1-2,220,1,1-2-3,300,1,1-2,190,1,,,,,,,
20250819,常滑,1,朝トコ小判Ｒ,晴,南西,2,1,3,3,5198,奥 村 明日香,8,39,6.77,3,0.26,1.54.2,1-2-3,530,1,1-2,220,1,1-2-3,300,1,1-2,190,1,,,,,,,
20250819,常滑,1,朝トコ小判Ｒ,晴,南西,2,1,4,6,4720,西 澤 日花里,24,50,6.77,6,0.21,1.55.0,1-2-3,530,1,1-2,220,1,1-2-3,300,1,1-2,190,1,,,,,,,
20250819,常滑,1,朝トコ小判Ｒ,晴,南西,2,1,5,5,5305,伊 藤 栞,5,19,6.76,5,0.19,,1-2-3,530,1,1-2,220,1,1-2-3,300,1,1-2,190,1,,,,,,,
20250819,常滑,1,朝トコ小判Ｒ,晴,南西,2,1,6,4,4882,瀧 川 千 依,50,11,6.78,4,0.23,,1-2-3,530,1,1-2,220,1,1-2-3,300,1,1-2,190,1,,,,,,,
20250819,常滑,2,予選,晴,南西,2,1,1,2,4694,高 田 綾,29,59,6.76,2,0.11,1.51.4,2-5-1,12630,50,2-5,4870,18,1-2-5,2470,10,2-5,3250,10,,,,,,,
20250819,常滑,2,予選,晴,南西,2,1,2,5,4775,千 葉 真 弥,55,33,6.74,5,0.08,1.52.4,2-5-1,12630,50,2-5,4870,18,1-2-5,2470,10,2-5,3250,10,,,,,,,
20250819,常滑,2,予選,晴,南西,2,1,3,1,3528,笠 野 友紀恵,58,45,6.73,1,0.16,1.53.8,2-5-1,12630,50,2-5,4870,18,1-2-5,2470,10,2-5,3250,10,,,,,,,
20250819,常滑,2,予選,晴,南西,2,1,4,4,5188,武 井 莉里佳,48,51,6.74,4,0.07,1.54.8,2-5-1,12630,50,2-5,4870,18,1-2-5,2470,10,2-5,3250,10,,,,,,,
20250819,常滑,2,予選,晴,南西,2,1,5,3,4240,今 井 裕 梨,47,22,6.70,3,0.07,,2-5-1,12630,50,2-5,4870,18,1-2-5,2470,10,2-5,3250,10,,,,,,,
20250819,常滑,2,予選,晴,南西,2,1,6,6,5347,井 澤 聖 奈,25,40,6.79,6,0.11,,2-5-1,12630,50,2-5,4870,18,1-2-5,2470,10,2-5,3250,10,,,,,,,
20250819,常滑,3,予選,晴,南西,2,1,1,2,4546,浜 田 亜理沙,56,16,6.74,1,0.12,1.49.2,2-4-1,1560,4,2-4,460,2,1-2-4,430,1,2-4,430,2,,,,,,,
20250819,常滑,3,予選,晴,南西,2,1,2,4,4781,西 舘 果 里,17,66,6.78,4,0.16,1.52.7,2-4-1,1560,4,2-4,460,2,1-2-4,430,1,2-4,430,2,,,,,,,
20250819,常滑,3,予選,晴,南西,2,1,3,1,5171,清 水 未 唯,11,12,6.78,2,0.09,1.54.0,2-4-1,1560,4,2-4,460,2,1-2-4,430,1,2-4,430,2,,,,,,,
20250819,常滑,3,予選,晴,南西,2,1,4,5,5117,冨名腰 桃 奈,53,29,6.73,5,0.12,1.54.7,2-4-1,1560,4,2-4,460,2,1-2-4,430,1,2-4,430,2,,,,,,,
20250819,常滑,3,予選,晴,南西,2,1,5,3,5335,森 陽 多,36,70,6.75,3,0.12,,2-4-1,1560,4,2-4,460,2,1-2-4,430,1,2-4,430,2,,,,,,,
20250819,常滑,3,予選,晴,南西,2,1,6,6,4897,深 見 亜由美,39,35,6.76,6,0.08,,2-4-1,1560,4,2-4,460,2,1-2-4,430,1,2-4,430,2,,,,,,,
20250819,常滑,4,予選,晴,南西,2,1,1,2,5088,高 憧 四 季,27,71,6.72,2,0.10,1.49.8,2-3-4,1510,4,2-3,830,5,2-3-4,550,3,2-3,540,3,,,,,,,
20250819,常滑,4,予選,晴,南西,2,1,2,3,4680,後 藤 美 翼,52,13,6.75,3,0.09,1.52.7,2-3-4,1510,4,2-3,830,5,2-3-4,550,3,2-3,540,3,,,,,,,
20250819,常滑,4,予選,晴,南西,2,1,3,4,4372,原 田 佑 実,35,30,6.78,4,0.11,1.53.9,2-3-4,1510,4,2-3,830,5,2-3-4,550,3,2-3,540,3,,,,,,,
20250819,常滑,4,予選,晴,南西,2,1,4,5,4536,喜 井 つかさ,23,38,6.79,5,0.12,1.54.6,2-3-4,1510,4,2-3,830,5,2-3-4,550,3,2-3,540,3,,,,,,,
20250819,常滑,4,予選,晴,南西,2,1,5,1,5156,坂 野 さくら,16,31,6.81,1,0.15,,2-3-4,1510,4,2-3,830,5,2-3-4,550,3,2-3,540,3,,,,,,,
20250819,常滑,4,予選,晴,南西,2,1,6,6,5416,龍 田 真 白,44,61,6.79,6,0.16,,2-3-4,1510,4,2-3,830,5,2-3-4,550,3,2-3,540,3,,,,,,,
20250819,常滑,5,予選,晴,南西,2,1,1,2,4804,高 田 ひかる,6,54,6.70,3,0.16,1.59.8,2-1-3,2660,11,2-1,990,5,1-2-3,750,5,1-2,410,3,,,,,,,
20250819,常滑,5,予選,晴,南西,2,1,2,1,5003,来 田 衣 織,21,67,6.84,1,0.11,2.03.4,2-1-3,2660,11,2-1,990,5,1-2-3,750,5,1-2,410,3,,,,,,,
20250819,常滑,5,予選,晴,南西,2,1,3,3,5144,中 尾 彩 香,49,21,6.82,4,0.15,2.08.0,2-1-3,2660,11,2-1,990,5,1-2-3,750,5,1-2,410,3,,,,,,,
20250819,常滑,5,予選,晴,南西,2,1,4,6,3845,中 谷 朋 子,13,32,6.84,2,0.29,2.11.1,2-1-3,2660,11,2-1,990,5,1-2-3,750,5,1-2,410,3,,,,,,,
20250819,常滑,5,予選,晴,南西,2,1,5,4,5340,樋江井 舞,42,44,6.80,5,0.20,,2-1-3,2660,11,2-1,990,5,1-2-3,750,5,1-2,410,3,,,,,,,
20250819,常滑,6,昼トコ小判Ｒ,晴,南,3,1,1,1,4961,西 橋 奈 未,20,53,6.74,1,0.24,1.50.6,1-3-5,1200,5,1-3,490,2,1-3-5,740,4,1-3,370,2,,,,,,,
20250819,常滑,6,昼トコ小判Ｒ,晴,南,3,1,2,3,4400,加 藤 奈 月,40,17,6.86,3,0.22,1.53.3,1-3-5,1200,5,1-3,490,2,1-3-5,740,4,1-3,370,2,,,,,,,
20250819,常滑,6,昼トコ小判Ｒ,晴,南,3,1,3,5,5019,柴 田 百 恵,1,43,6.83,5,0.18,1.54.7,1-3-5,1200,5,1-3,490,2,1-3-5,740,4,1-3,370,2,,,,,,,
20250819,常滑,6,昼トコ小判Ｒ,晴,南,3,1,4,2,4984,森 下 愛 梨,28,23,6.77,2,0.25,1.56.2,1-3-5,1200,5,1-3,490,2,1-3-5,740,4,1-3,370,2,,,,,,,
20250819,常滑,6,昼トコ小判Ｒ,晴,南,3,1,5,6,4385,鈴 木 祐美子,10,18,6.76,6,0.18,,1-3-5,1200,5,1-3,490,2,1-3-5,740,4,1-3,370,2,,,,,,,
20250819,常滑,6,昼トコ小判Ｒ,晴,南,3,1,6,4,5314,中 曽 瑠 華,31,52,6.90,4,0.22,,1-3-5,1200,5,1-3,490,2,1-3-5,740,4,1-3,370,2,,,,,,,
20250819,常滑,7,予選,晴,南,3,1,1,4,4240,今 井 裕 梨,47,22,6.76,4,0.19,1.50.8,4-1-3,5930,29,4-1,1150,4,1-3-4,1010,5,1-4,560,2,,,,,,,
20250819,常滑,7,予選,晴,南,3,1,2,1,5162,松 尾 怜 実,61,72,6.79,1,0.23,1.53.1,4-1-3,5930,29,4-1,1150,4,1-3-4,1010,5,1-4,560,2,,,,,,,
20250819,常滑,7,予選,晴,南,3,1,3,3,4720,西 澤 日花里,24,50,6.82,3,0.31,1.53.7,4-1-3,5930,29,4-1,1150,4,1-3-4,1010,5,1-4,560,2,,,,,,,
20250819,常滑,7,予選,晴,南,3,1,4,6,3999,大 瀧 明日香,51,55,6.80,5,0.17,1.54.9,4-1-3,5930,29,4-1,1150,4,1-3-4,1010,5,1-4,560,2,,,,,,,
20250819,常滑,7,予選,晴,南,3,1,5,2,5264,登 みひ果,62,62,6.78,2,0.25,,4-1-3,5930,29,4-1,1150,4,1-3-4,1010,5,1-4,560,2,,,,,,,
20250819,常滑,7,予選,晴,南,3,1,6,5,5370,日 隈 茜,2,47,6.72,6,0.17,,4-1-3,5930,29,4-1,1150,4,1-3-4,1010,5,1-4,560,2,,,,,,,
20250819,常滑,8,予選,晴,南,4,2,1,1,4900,中 田 夕 貴,41,37,6.76,1,0.18,1.49.1,1-3-2,750,2,1-3,240,1,1-2-3,350,2,1-3,180,1,,,,,,,
20250819,常滑,8,予選,晴,南,4,2,2,3,4123,細 川 裕 子,60,58,6.80,3,0.30,1.52.0,1-3-2,750,2,1-3,240,1,1-2-3,350,2,1-3,180,1,,,,,,,
20250819,常滑,8,予選,晴,南,4,2,3,2,4882,瀧 川 千 依,50,11,6.81,2,0.36,1.54.2,1-3-2,750,2,1-3,240,1,1-2-3,350,2,1-3,180,1,,,,,,,
20250819,常滑,8,予選,晴,南,4,2,4,4,4680,後 藤 美 翼,52,13,6.82,4,0.31,1.54.8,1-3-2,750,2,1-3,240,1,1-2-3,350,2,1-3,180,1,,,,,,,
20250819,常滑,8,予選,晴,南,4,2,5,5,5347,井 澤 聖 奈,25,40,6.81,5,0.31,,1-3-2,750,2,1-3,240,1,1-2-3,350,2,1-3,180,1,,,,,,,
20250819,常滑,8,予選,晴,南,4,2,6,6,5335,森 陽 多,36,70,6.79,6,0.22,,1-3-2,750,2,1-3,240,1,1-2-3,350,2,1-3,180,1,,,,,,,
20250819,常滑,9,予選特賞,晴,南,4,2,1,4,4183,宇 野 弥 生,38,74,6.81,4,0.22,1.51.7,4-1-5,1150,2,4-1,430,2,1-4-5,430,2,1-4,180,1,,,,,,,
20250819,常滑,9,予選特賞,晴,南,4,2,2,1,4536,喜 井 つかさ,23,38,6.78,1,0.23,1.52.3,4-1-5,1150,2,4-1,430,2,1-4-5,430,2,1-4,180,1,,,,,,,
20250819,常滑,9,予選特賞,晴,南,4,2,3,5,3528,笠 野 友紀恵,58,45,6.80,5,0.23,1.54.5,4-1-5,1150,2,4-1,430,2,1-4-5,430,2,1-4,180,1,,,,,,,
20250819,常滑,9,予選特賞,晴,南,4,2,4,2,4997,濱 崎 寿里矢,33,27,6.81,2,0.28,1.56.6,4-1-5,1150,2,4-1,430,2,1-4-5,430,2,1-4,180,1,,,,,,,
20250819,常滑,9,予選特賞,晴,南,4,2,5,6,4781,西 舘 果 里,17,66,6.80,6,0.27,,4-1-5,1150,2,4-1,430,2,1-4-5,430,2,1-4,180,1,,,,,,,
20250819,常滑,9,予選特賞,晴,南,4,2,6,3,4947,間 庭 菜 摘,3,25,6.81,3,0.34,,4-1-5,1150,2,4-1,430,2,1-4-5,430,2,1-4,180,1,,,,,,,
20250819,常滑,10,予選特賞,晴,南,4,2,1,6,4804,高 田 ひかる,6,54,6.72,6,0.11,1.50.8,6-2-1,1310,3,6-2,710,4,1-2-6,280,1,2-6,450,3,,,,,,,
20250819,常滑,10,予選特賞,晴,南,4,2,2,2,4775,千 葉 真 弥,55,33,6.78,2,0.17,1.53.3,6-2-1,1310,3,6-2,710,4,1-2-6,280,1,2-6,450,3,,,,,,,
20250819,常滑,10,予選特賞,晴,南,4,2,3,1,5117,冨名腰 桃 奈,53,29,6.77,1,0.09,1.54.7,6-2-1,1310,3,6-2,710,4,1-2-6,280,1,2-6,450,3,,,,,,,
20250819,常滑,10,予選特賞,晴,南,4,2,4,3,5156,坂 野 さくら,16,31,6.81,3,0.18,1.56.0,6-2-1,1310,3,6-2,710,4,1-2-6,280,1,2-6,450,3,,,,,,,
20250819,常滑,10,予選特賞,晴,南,4,2,5,5,5314,中 曽 瑠 華,31,52,6.88,5,0.16,,6-2-1,1310,3,6-2,710,4,1-2-6,280,1,2-6,450,3,,,,,,,
20250819,常滑,10,予選特賞,晴,南,4,2,6,4,5198,奥 村 明日香,8,39,6.81,4,0.33,,6-2-1,1310,3,6-2,710,4,1-2-6,280,1,2-6,450,3,,,,,,,
20250819,常滑,11,予選特選,晴,南,3,1,1,2,5188,武 井 莉里佳,48,51,6.75,2,0.14,1.51.4,2-1-5,2460,10,2-1,1140,4,1-2-5,170,1,1-2,210,1,,,,,,,
20250819,常滑,11,予選特選,晴,南,3,1,2,1,5088,高 憧 四 季,27,71,6.78,1,0.26,1.52.1,2-1-5,2460,10,2-1,1140,4,1-2-5,170,1,1-2,210,1,,,,,,,
20250819,常滑,11,予選特選,晴,南,3,1,3,5,4546,浜 田 亜理沙,56,16,6.80,5,0.13,1.54.1,2-1-5,2460,10,2-1,1140,4,1-2-5,170,1,1-2,210,1,,,,,,,
20250819,常滑,11,予選特選,晴,南,3,1,4,4,4400,加 藤 奈 月,40,17,6.86,4,0.16,1.56.1,2-1-5,2460,10,2-1,1140,4,1-2-5,170,1,1-2,210,1,,,,,,,
20250819,常滑,11,予選特選,晴,南,3,1,5,6,5144,中 尾 彩 香,49,21,6.81,6,0.23,,2-1-5,2460,10,2-1,1140,4,1-2-5,170,1,1-2,210,1,,,,,,,
20250819,常滑,11,予選特選,晴,南,3,1,6,3,5162,松 尾 怜 実,61,72,6.82,3,0.13,,2-1-5,2460,10,2-1,1140,4,1-2-5,170,1,1-2,210,1,,,,,,,
20250819,常滑,12,１ｓｔドリー,晴,南,3,1,1,6,4611,今 井 美 亜,54,15,6.83,6,0.11,1.50.1,6-2-3,177670,117,6-2,23500,29,2-3-6,9650,19,2-6,5170,14,,,,,,,
20250819,常滑,12,１ｓｔドリー,晴,南,3,1,2,2,3845,中 谷 朋 子,13,46,6.82,2,0.32,1.52.8,6-2-3,177670,117,6-2,23500,29,2-3-6,9650,19,2-6,5170,14,,,,,,,
20250819,常滑,12,１ｓｔドリー,晴,南,3,1,3,3,3999,大 瀧 明日香,51,55,6.82,3,0.25,1.54.2,6-2-3,177670,117,6-2,23500,29,2-3-6,9650,19,2-6,5170,14,,,,,,,
20250819,常滑,12,１ｓｔドリー,晴,南,3,1,4,5,4994,山 本 梨 菜,4,63,6.81,5,0.16,1.54.8,6-2-3,177670,117,6-2,23500,29,2-3-6,9650,19,2-6,5170,14,,,,,,,
20250819,常滑,12,１ｓｔドリー,晴,南,3,1,5,1,4123,細 川 裕 子,60,58,6.83,1,0.34,,6-2-3,177670,117,6-2,23500,29,2-3-6,9650,19,2-6,5170,14,,,,,,,
20250819,常滑,12,１ｓｔドリー,晴,南,3,1,6,4,4961,西 橋 奈 未,20,53,6.80,4,0.18,,6-2-3,177670,117,6-2,23500,29,2-3-6,9650,19,2-6,5170,14,,,,,,,
20250819,平和島,1,予選,晴,南,5,3,1,2,3808,秋 田 健太郎,67,52,7.03,2,0.06,1.52.0,2-5-3,4430,16,2-5,2480,11,2-3-5,340,2,2-5,1090,5,,,,,,,
20250819,平和島,1,予選,晴,南,5,3,2,5,4297,山 田 哲 也,63,19,6.84,5,0.07,1.53.2,2-5-3,4430,16,2-5,2480,11,2-3-5,340,2,2-5,1090,5,,,,,,,
20250819,平和島,1,予選,晴,南,5,3,3,3,4608,荒 井 翔 伍,55,57,6.94,3,0.09,1.54.5,2-5-3,4430,16,2-5,2480,11,2-3-5,340,2,2-5,1090,5,,,,,,,
20250819,平和島,1,予選,晴,南,5,3,4,1,4854,大 橋 由 珠,19,65,6.91,1,0.11,1.56.0,2-5-3,4430,16,2-5,2480,11,2-3-5,340,2,2-5,1090,5,,,,,,,
20250819,平和島,1,予選,晴,南,5,3,5,4,3207,田 村 美 和,33,62,6.98,4,0.15,,2-5-3,4430,16,2-5,2480,11,2-3-5,340,2,2-5,1090,5,,,,,,,
20250819,平和島,1,予選,晴,南,5,3,6,6,5415,阿 部 未 侑,49,16,6.99,6,0.09,,2-5-3,4430,16,2-5,2480,11,2-3-5,340,2,2-5,1090,5,,,,,,,
20250819,平和島,2,東京ベイラン,晴,南,4,3,1,1,4688,永 井 彪 也,68,21,6.81,1,0.17,1.51.7,1-3-6,640,1,1-3,150,1,1-3-6,370,1,1-3,280,1,,,,,,,
20250819,平和島,2,東京ベイラン,晴,南,4,3,2,3,4676,後 藤 隼 之,10,18,6.85,3,0.08,1.53.6,1-3-6,640,1,1-3,150,1,1-3-6,370,1,1-3,280,1,,,,,,,
20250819,平和島,2,東京ベイラン,晴,南,4,3,3,6,5035,櫻 井 優,59,50,6.84,6,0.15,1.54.3,1-3-6,640,1,1-3,150,1,1-3-6,370,1,1-3,280,1,,,,,,,
20250819,平和島,2,東京ベイラン,晴,南,4,3,4,2,4891,寺 島 美 里,32,25,6.93,2,0.19,1.59.5,1-3-6,640,1,1-3,150,1,1-3-6,370,1,1-3,280,1,,,,,,,
20250819,平和島,2,東京ベイラン,晴,南,4,3,5,4,4169,多 田 有 佑,28,72,6.98,4,0.18,,1-3-6,640,1,1-3,150,1,1-3-6,370,1,1-3,280,1,,,,,,,
20250819,平和島,2,東京ベイラン,晴,南,4,3,6,5,3859,多羅尾 達 之,38,74,6.96,5,0.09,,1-3-6,640,1,1-3,150,1,1-3-6,370,1,1-3,280,1,,,,,,,
20250819,平和島,3,予選,晴,南,3,3,1,2,3966,作 間 章,34,26,6.93,3,0.14,1.51.9,2-4-6,980,1,2-4,350,1,2-4-6,430,1,2-4,360,1,,,,,,,
20250819,平和島,3,予選,晴,南,3,3,2,4,5135,仲 航 太,45,14,6.94,4,0.10,1.53.7,2-4-6,980,1,2-4,350,1,2-4-6,430,1,2-4,360,1,,,,,,,
20250819,平和島,3,予選,晴,南,3,3,3,6,4505,島 田 賢 人,43,11,6.91,6,0.16,1.55.7,2-4-6,980,1,2-4,350,1,2-4-6,430,1,2-4,360,1,,,,,,,
20250819,平和島,3,予選,晴,南,3,3,4,3,3072,西 田 靖,73,28,6.99,1,0.15,1.57.5,2-4-6,980,1,2-4,350,1,2-4-6,430,1,2-4,360,1,,,,,,,
20250819,平和島,3,予選,晴,南,3,3,5,1,4883,岡 部 大 輝,75,53,6.88,2,0.23,,2-4-6,980,1,2-4,350,1,2-4-6,430,1,2-4,360,1,,,,,,,
20250819,平和島,3,予選,晴,南,3,3,6,5,4104,木 下 陽 介,65,51,6.90,5,0.12,,2-4-6,980,1,2-4,350,1,2-4-6,430,1,2-4,360,1,,,,,,,
20250819,平和島,4,予選,晴,南,5,3,1,4,5044,渡 邉 健,41,17,7.01,4,0.09,1.52.9,4-1-2,3480,14,4-1,1830,9,1-2-4,470,2,1-4,760,4,,,,,,,
20250819,平和島,4,予選,晴,南,5,3,2,1,3467,森 弘 行,74,27,6.93,1,0.15,1.53.9,4-1-2,3480,14,4-1,1830,9,1-2-4,470,2,1-4,760,4,,,,,,,
20250819,平和島,4,予選,晴,南,5,3,3,2,4560,庄 司 樹良々,57,68,6.92,2,0.14,1.54.5,4-1-2,3480,14,4-1,1830,9,1-2-4,470,2,1-4,760,4,,,,,,,
20250819,平和島,4,予選,晴,南,5,3,4,5,4286,平 田 さやか,58,70,6.87,5,0.13,1.56.2,4-1-2,3480,14,4-1,1830,9,1-2-4,470,2,1-4,760,4,,,,,,,
20250819,平和島,4,予選,晴,南,5,3,5,6,4940,白 石 有 美,51,54,7.01,6,0.17,,4-1-2,3480,14,4-1,1830,9,1-2-4,470,2,1-4,760,4,,,,,,,
20250819,平和島,4,予選,晴,南,5,3,6,3,4128,川 口 貴 久,14,63,6.98,3,0.13,,4-1-2,3480,14,4-1,1830,9,1-2-4,470,2,1-4,760,4,,,,,,,
20250819,平和島,5,予選,晴,南,6,3,1,4,4769,馬 場 剛,23,56,7.06,4,0.09,1.51.9,4-5-2,1810,3,4-5,780,3,2-4-5,700,4,4-5,490,3,,,,,,,
20250819,平和島,5,予選,晴,南,6,3,2,5,3792,田 中 豪,60,71,7.04,5,0.16,1.52.9,4-5-2,1810,3,4-5,780,3,2-4-5,700,4,4-5,490,3,,,,,,,
20250819,平和島,5,予選,晴,南,6,3,3,2,3800,牧 宏 次,20,58,6.98,2,0.14,1.55.2,4-5-2,1810,3,4-5,780,3,2-4-5,700,4,4-5,490,3,,,,,,,
20250819,平和島,5,予選,晴,南,6,3,4,6,4103,山 崎 善 庸,26,69,7.04,6,0.18,1.56.3,4-5-2,1810,3,4-5,780,3,2-4-5,700,4,4-5,490,3,,,,,,,
20250819,平和島,5,予選,晴,南,6,3,5,1,3656,伯 母 芳 恒,62,20,6.88,1,0.16,,4-5-2,1810,3,4-5,780,3,2-4-5,700,4,4-5,490,3,,,,,,,
20250819,平和島,5,予選,晴,南,6,3,6,3,3596,河 上 年 昭,66,59,6.96,3,0.19,,4-5-2,1810,3,4-5,780,3,2-4-5,700,4,4-5,490,3,,,,,,,
20250819,平和島,6,予選,晴,南,5,3,1,4,4863,三 浦 裕 貴,53,73,7.13,4,0.12,1.51.8,4-6-2,11760,37,4-6,4140,13,2-4-6,960,5,4-6,3520,10,,,,,,,
20250819,平和島,6,予選,晴,南,5,3,2,6,3880,浅 見 宗 孝,39,10,6.96,5,0.11,1.52.8,4-6-2,11760,37,4-6,4140,13,2-4-6,960,5,4-6,3520,10,,,,,,,
20250819,平和島,6,予選,晴,南,5,3,3,2,4759,今 泉 友 吾,24,22,6.90,2,0.10,1.54.0,4-6-2,11760,37,4-6,4140,13,2-4-6,960,5,4-6,3520,10,,,,,,,
20250819,平和島,6,予選,晴,南,5,3,4,3,5047,國 分 将太郎,37,24,6.87,3,0.20,1.55.3,4-6-2,11760,37,4-6,4140,13,2-4-6,960,5,4-6,3520,10,,,,,,,
20250819,平和島,6,予選,晴,南,5,3,5,1,2538,高 橋 二 朗,15,75,6.88,1,0.09,,4-6-2,11760,37,4-6,4140,13,2-4-6,960,5,4-6,3520,10,,,,,,,
20250819,平和島,6,予選,晴,南,5,3,6,5,5415,阿 部 未 侑,49,16,6.94,6,0.14,,4-6-2,11760,37,4-6,4140,13,2-4-6,960,5,4-6,3520,10,,,,,,,
20250819,平和島,7,予選,晴,南,5,3,1,1,4758,富 樫 麗 加,44,64,6.83,1,0.13,1.50.8,1-5-2,3190,12,1-5,620,1,1-2-5,300,1,1-5,350,1,,,,,,,
20250819,平和島,7,予選,晴,南,5,3,2,5,4939,宮之原 輝 紀,12,29,6.92,5,0.14,1.52.7,1-5-2,3190,12,1-5,620,1,1-2-5,300,1,1-5,350,1,,,,,,,
20250819,平和島,7,予選,晴,南,5,3,3,2,4854,大 橋 由 珠,19,65,6.94,2,0.12,1.54.3,1-5-2,3190,12,1-5,620,1,1-2-5,300,1,1-5,350,1,,,,,,,
20250819,平和島,7,予選,晴,南,5,3,4,3,4944,田 代 達 也,25,55,6.90,3,0.11,1.55.3,1-5-2,3190,12,1-5,620,1,1-2-5,300,1,1-5,350,1,,,,,,,
20250819,平和島,7,予選,晴,南,5,3,5,6,4169,多 田 有 佑,28,72,6.94,6,0.21,,1-5-2,3190,12,1-5,620,1,1-2-5,300,1,1-5,350,1,,,,,,,
20250819,平和島,7,予選,晴,南,5,3,6,4,5133,堀 越 雄 貴,36,67,6.97,4,0.15,,1-5-2,3190,12,1-5,620,1,1-2-5,300,1,1-5,350,1,,,,,,,
20250819,平和島,8,ベイブレイク,晴,南,5,3,1,1,4825,倉 持 莉 々,46,60,6.89,1,0.09,1.50.7,1-3-4,660,2,1-3,580,3,1-3-4,200,1,1-3,430,2,,,,,,,
20250819,平和島,8,ベイブレイク,晴,南,5,3,2,3,3385,渡 邉 睦 広,29,15,6.90,3,0.14,1.52.2,1-3-4,660,2,1-3,580,3,1-3-4,200,1,1-3,430,2,,,,,,,
20250819,平和島,8,ベイブレイク,晴,南,5,3,3,4,3966,作 間 章,34,26,6.90,4,0.16,1.54.2,1-3-4,660,2,1-3,580,3,1-3-4,200,1,1-3,430,2,,,,,,,
20250819,平和島,8,ベイブレイク,晴,南,5,3,4,5,3377,塚 田 修 二,40,12,6.85,5,0.08,1.56.1,1-3-4,660,2,1-3,580,3,1-3-4,200,1,1-3,430,2,,,,,,,
20250819,平和島,8,ベイブレイク,晴,南,5,3,5,2,3207,田 村 美 和,33,62,6.90,2,0.15,,1-3-4,660,2,1-3,580,3,1-3-4,200,1,1-3,430,2,,,,,,,
20250819,平和島,8,ベイブレイク,晴,南,5,3,6,6,4891,寺 島 美 里,32,25,6.97,6,0.13,,1-3-4,660,2,1-3,580,3,1-3-4,200,1,1-3,430,2,,,,,,,
20250819,平和島,9,予選,晴,南,5,3,1,2,3940,飯 山 泰,27,66,6.80,2,0.11,1.51.5,2-3-4,2990,12,2-3,350,1,2-3-4,1090,4,2-3,270,2,,,,,,,
20250819,平和島,9,予選,晴,南,5,3,2,3,4702,三 浦 敬 太,31,61,6.94,3,0.16,1.53.3,2-3-4,2990,12,2-3,350,1,2-3-4,1090,4,2-3,270,2,,,,,,,
20250819,平和島,9,予選,晴,南,5,3,3,4,3859,多羅尾 達 之,38,74,6.98,4,0.18,1.54.6,2-3-4,2990,12,2-3,350,1,2-3-4,1090,4,2-3,270,2,,,,,,,
20250819,平和島,9,予選,晴,南,5,3,4,1,3808,秋 田 健太郎,67,52,6.99,1,0.12,1.55.4,2-3-4,2990,12,2-3,350,1,2-3-4,1090,4,2-3,270,2,,,,,,,
20250819,平和島,9,予選,晴,南,5,3,5,6,3505,山 田 竜 一,54,13,6.87,6,0.17,,2-3-4,2990,12,2-3,350,1,2-3-4,1090,4,2-3,270,2,,,,,,,
20250819,平和島,9,予選,晴,南,5,3,6,5,3467,森 弘 行,74,27,6.95,5,0.22,,2-3-4,2990,12,2-3,350,1,2-3-4,1090,4,2-3,270,2,,,,,,,
20250819,平和島,10,予選特別,晴,南,5,3,1,1,4608,荒 井 翔 伍,55,57,6.80,1,0.04,2.00.8,1-3-5,600,1,1-3,330,1,1-3-5,200,1,1-3,220,1,,,,,,,
20250819,平和島,10,予選特別,晴,南,5,3,2,3,3792,田 中 豪,60,71,6.96,3,0.11,2.02.6,1-3-5,600,1,1-3,330,1,1-3-5,200,1,1-3,220,1,,,,,,,
20250819,平和島,10,予選特別,晴,南,5,3,3,5,4688,永 井 彪 也,68,21,6.87,5,0.14,2.06.4,1-3-5,600,1,1-3,330,1,1-3-5,200,1,1-3,220,1,,,,,,,
20250819,平和島,10,予選特別,晴,南,5,3,4,4,4895,門 間 雄 大,56,23,6.91,4,0.12,2.07.9,1-3-5,600,1,1-3,330,1,1-3-5,200,1,1-3,220,1,,,,,,,
20250819,平和島,10,予選特別,晴,南,5,3,5,2,3072,西 田 靖,73,28,6.89,2,0.07,,1-3-5,600,1,1-3,330,1,1-3-5,200,1,1-3,220,1,,,,,,,
20250819,平和島,11,予選特別,晴,南,5,3,1,1,4297,山 田 哲 也,63,19,6.80,1,0.16,1.52.0,1-2-4,2070,8,1-2,480,2,1-2-4,1410,6,1-2,270,2,,,,,,,
20250819,平和島,11,予選特別,晴,南,5,3,2,2,5035,櫻 井 優,59,50,6.80,2,0.21,1.53.4,1-2-4,2070,8,1-2,480,2,1-2-4,1410,6,1-2,270,2,,,,,,,
20250819,平和島,11,予選特別,晴,南,5,3,3,4,4883,岡 部 大 輝,75,53,6.80,4,0.18,1.55.0,1-2-4,2070,8,1-2,480,2,1-2-4,1410,6,1-2,270,2,,,,,,,
20250819,平和島,11,予選特別,晴,南,5,3,4,6,4769,馬 場 剛,23,56,6.89,6,0.14,1.55.7,1-2-4,2070,8,1-2,480,2,1-2-4,1410,6,1-2,270,2,,,,,,,
20250819,平和島,11,予選特別,晴,南,5,3,5,3,4560,庄 司 樹良々,57,68,6.82,3,0.21,,1-2-4,2070,8,1-2,480,2,1-2-4,1410,6,1-2,270,2,,,,,,,
20250819,平和島,11,予選特別,晴,南,5,3,6,5,2538,高 橋 二 朗,15,75,6.93,5,0.19,,1-2-4,2070,8,1-2,480,2,1-2-4,1410,6,1-2,270,2,,,,,,,
20250819,平和島,12,記者選抜,晴,南,3,3,1,1,4939,宮之原 輝 紀,12,29,6.81,1,0.12,1.51.4,1-4-2,920,2,1-4,290,1,1-2-4,430,2,1-4,250,1,,,,,,,
20250819,平和島,12,記者選抜,晴,南,3,3,2,4,4505,島 田 賢 人,43,11,6.93,4,0.08,1.53.1,1-4-2,920,2,1-4,290,1,1-2-4,430,2,1-4,250,1,,,,,,,
20250819,平和島,12,記者選抜,晴,南,3,3,3,2,4676,後 藤 隼 之,10,18,6.97,2,0.13,1.54.8,1-4-2,920,2,1-4,290,1,1-2-4,430,2,1-4,250,1,,,,,,,
20250819,平和島,12,記者選抜,晴,南,3,3,4,5,3880,浅 見 宗 孝,39,10,6.92,5,0.14,1.55.9,1-4-2,920,2,1-4,290,1,1-2-4,430,2,1-4,250,1,,,,,,,
20250819,平和島,12,記者選抜,晴,南,3,3,5,6,5044,渡 邉 健,41,17,7.05,6,0.14,,1-4-2,920,2,1-4,290,1,1-2-4,430,2,1-4,250,1,,,,,,,
20250819,平和島,12,記者選抜,晴,南,3,3,6,3,3800,牧 宏 次,20,58,6.98,3,0.12,,1-4-2,920,2,1-4,290,1,1-2-4,430,2,1-4,250,1,,,,,,,
20250819,戸田,1,一般戦,晴,南東,1,1,1,2,3075,中 村 裕 将,29,28,6.86,2,0.13,1.51.2,2-1-5,3980,17,2-1,1400,5,1-2-5,570,3,1-2,400,2,,,,,,,
20250819,戸田,1,一般戦,晴,南東,1,1,2,1,3546,中 里 昌 志,3,73,6.76,1,0.14,1.53.1,2-1-5,3980,17,2-1,1400,5,1-2-5,570,3,1-2,400,2,,,,,,,
20250819,戸田,1,一般戦,晴,南東,1,1,3,5,3696,白 井 友 晴,59,13,6.81,5,0.12,1.53.7,2-1-5,3980,17,2-1,1400,5,1-2-5,570,3,1-2,400,2,,,,,,,
20250819,戸田,1,一般戦,晴,南東,1,1,4,6,5419,櫻 井 隼,20,21,6.84,6,0.19,1.53.9,2-1-5,3980,17,2-1,1400,5,1-2-5,570,3,1-2,400,2,,,,,,,
20250819,戸田,1,一般戦,晴,南東,1,1,5,3,3647,伊 藤 雄 二,14,70,6.80,3,0.16,,2-1-5,3980,17,2-1,1400,5,1-2-5,570,3,1-2,400,2,,,,,,,
20250819,戸田,1,一般戦,晴,南東,1,1,6,4,3497,後 藤 浩,24,58,6.79,4,0.23,,2-1-5,3980,17,2-1,1400,5,1-2-5,570,3,1-2,400,2,,,,,,,
20250819,戸田,2,一般戦,晴,無風,0,0,1,2,5112,砂 長 知 輝,5,38,6.79,2,0.21,1.50.4,2-4-3,10710,30,2-4,2860,9,2-3-4,1320,4,2-4,1950,6,,,,,,,
20250819,戸田,2,一般戦,晴,無風,0,0,2,4,5242,高 山 弘 斗,56,65,6.83,4,0.18,1.51.7,2-4-3,10710,30,2-4,2860,9,2-3-4,1320,4,2-4,1950,6,,,,,,,
20250819,戸田,2,一般戦,晴,無風,0,0,3,3,4191,赤 羽 克 也,49,18,6.81,3,0.24,1.53.2,2-4-3,10710,30,2-4,2860,9,2-3-4,1320,4,2-4,1950,6,,,,,,,
20250819,戸田,2,一般戦,晴,無風,0,0,4,6,3860,松 本 浩 貴,53,37,6.81,6,0.27,1.54.2,2-4-3,10710,30,2-4,2860,9,2-3-4,1320,4,2-4,1950,6,,,,,,,
20250819,戸田,2,一般戦,晴,無風,0,0,5,5,4201,佐 竹 友 樹,58,34,6.80,5,0.21,,2-4-3,10710,30,2-4,2860,9,2-3-4,1320,4,2-4,1950,6,,,,,,,
20250819,戸田,2,一般戦,晴,無風,0,0,6,1,4031,飯 島 誠,13,26,6.79,1,0.24,,2-4-3,10710,30,2-4,2860,9,2-3-4,1320,4,2-4,1950,6,,,,,,,
20250819,戸田,3,一般戦,晴,無風,0,0,1,1,4836,大 谷 健 太,9,16,6.70,1,0.19,1.50.4,1-4-2,1210,2,1-4,840,4,1-2-4,270,1,1-4,490,3,,,,,,,
20250819,戸田,3,一般戦,晴,無風,0,0,2,4,4547,中 田 竜 太,2,15,6.75,4,0.18,1.51.1,1-4-2,1210,2,1-4,840,4,1-2-4,270,1,1-4,490,3,,,,,,,
20250819,戸田,3,一般戦,晴,無風,0,0,3,2,5087,佐 藤 航,47,71,6.79,2,0.15,1.53.1,1-4-2,1210,2,1-4,840,4,1-2-4,270,1,1-4,490,3,,,,,,,
20250819,戸田,3,一般戦,晴,無風,0,0,4,6,5246,楠 将太郎,55,35,6.82,6,0.17,1.54.0,1-4-2,1210,2,1-4,840,4,1-2-4,270,1,1-4,490,3,,,,,,,
20250819,戸田,3,一般戦,晴,無風,0,0,5,5,3807,岡 部 哲,28,67,6.90,5,0.16,,1-4-2,1210,2,1-4,840,4,1-2-4,270,1,1-4,490,3,,,,,,,
20250819,戸田,3,一般戦,晴,無風,0,0,6,3,5103,芝 田 京 介,54,36,6.82,3,0.14,,1-4-2,1210,2,1-4,840,4,1-2-4,270,1,1-4,490,3,,,,,,,
20250819,戸田,4,一般戦,晴,無風,0,0,1,1,4573,佐 藤 翼,27,29,6.75,1,0.17,1.50.7,1-2-3,430,1,1-2,270,2,1-2-3,180,1,1-2,190,1,,,,,,,
20250819,戸田,4,一般戦,晴,無風,0,0,2,2,4144,石 塚 久 也,50,76,6.72,2,0.22,1.51.3,1-2-3,430,1,1-2,270,2,1-2-3,180,1,1-2,190,1,,,,,,,
20250819,戸田,4,一般戦,晴,無風,0,0,3,3,5051,松 本 純 平,65,75,6.79,3,0.18,1.53.0,1-2-3,430,1,1-2,270,2,1-2-3,180,1,1-2,190,1,,,,,,,
20250819,戸田,4,一般戦,晴,無風,0,0,4,5,3589,西 村 勝,63,30,6.80,5,0.18,1.54.3,1-2-3,430,1,1-2,270,2,1-2-3,180,1,1-2,190,1,,,,,,,
20250819,戸田,4,一般戦,晴,無風,0,0,5,6,5394,福 西 広太郎,6,60,6.76,6,0.23,,1-2-3,430,1,1-2,270,2,1-2-3,180,1,1-2,190,1,,,,,,,
20250819,戸田,4,一般戦,晴,無風,0,0,6,4,3319,山 崎 義 明,57,63,6.77,4,0.18,,1-2-3,430,1,1-2,270,2,1-2-3,180,1,1-2,190,1,,,,,,,
20250819,戸田,5,ウインウイン,晴,無風,0,0,1,1,4090,中 村 尊,52,61,6.77,1,0.10,1.50.6,1-4-3,1040,2,1-4,300,1,1-3-4,410,1,1-4,140,1,,,,,,,
20250819,戸田,5,ウインウイン,晴,無風,0,0,2,4,5191,飛 田 江 己,7,74,6.68,4,0.22,1.51.9,1-4-3,1040,2,1-4,300,1,1-3-4,410,1,1-4,140,1,,,,,,,
20250819,戸田,5,ウインウイン,晴,無風,0,0,3,3,5259,野 田 昇 吾,21,77,6.73,3,0.18,1.54.3,1-4-3,1040,2,1-4,300,1,1-3-4,410,1,1-4,140,1,,,,,,,
20250819,戸田,5,ウインウイン,晴,無風,0,0,4,6,3664,鈴 木 賢 一,64,20,6.79,6,0.26,1.55.2,1-4-3,1040,2,1-4,300,1,1-3-4,410,1,1-4,140,1,,,,,,,
20250819,戸田,5,ウインウイン,晴,無風,0,0,5,2,3748,小 黒 竜 吾,22,14,6.81,2,0.19,,1-4-3,1040,2,1-4,300,1,1-3-4,410,1,1-4,140,1,,,,,,,
20250819,戸田,5,ウインウイン,晴,無風,0,0,6,5,3793,高 橋 真 吾,51,66,6.79,5,0.41,,1-4-3,1040,2,1-4,300,1,1-3-4,410,1,1-4,140,1,,,,,,,
20250819,戸田,6,一般戦,晴,無風,0,0,1,2,4953,尾 上 雅 也,11,22,6.80,2,0.15,1.50.1,2-4-5,3140,11,2-4,500,1,2-4-5,1020,4,2-4,250,1,,,,,,,
20250819,戸田,6,一般戦,晴,無風,0,0,2,4,4444,桐 生 順 平,26,33,6.85,4,0.11,1.52.1,2-4-5,3140,11,2-4,500,1,2-4-5,1020,4,2-4,250,1,,,,,,,
20250819,戸田,6,一般戦,晴,無風,0,0,3,5,3075,中 村 裕 将,29,28,6.93,5,0.12,1.53.8,2-4-5,3140,11,2-4,500,1,2-4-5,1020,4,2-4,250,1,,,,,,,
20250819,戸田,6,一般戦,晴,無風,0,0,4,6,4428,有 賀 達 也,17,57,6.85,6,0.11,1.55.0,2-4-5,3140,11,2-4,500,1,2-4-5,1020,4,2-4,250,1,,,,,,,
20250819,戸田,6,一般戦,晴,無風,0,0,5,3,3503,堂 原 洋 史,1,25,6.88,3,0.15,,2-4-5,3140,11,2-4,500,1,2-4-5,1020,4,2-4,250,1,,,,,,,
20250819,戸田,6,一般戦,晴,無風,0,0,6,1,3696,白 井 友 晴,59,13,6.81,1,0.19,,2-4-5,3140,11,2-4,500,1,2-4-5,1020,4,2-4,250,1,,,,,,,
20250819,戸田,7,ウインウイン,晴,南西,1,1,1,1,5132,中 野 希 一,23,32,6.73,1,0.12,1.51.1,1-4-2,2420,10,1-4,460,2,1-2-4,870,5,1-4,390,2,,,,,,,
20250819,戸田,7,ウインウイン,晴,南西,1,1,2,4,3381,滝 沢 芳 行,19,40,6.86,4,0.08,1.52.4,1-4-2,2420,10,1-4,460,2,1-2-4,870,5,1-4,390,2,,,,,,,
20250819,戸田,7,ウインウイン,晴,南西,1,1,3,2,5242,高 山 弘 斗,56,65,6.88,2,0.16,1.53.5,1-4-2,2420,10,1-4,460,2,1-2-4,870,5,1-4,390,2,,,,,,,
20250819,戸田,7,ウインウイン,晴,南西,1,1,4,5,3647,伊 藤 雄 二,14,70,6.83,5,0.13,1.55.6,1-4-2,2420,10,1-4,460,2,1-2-4,870,5,1-4,390,2,,,,,,,
20250819,戸田,7,ウインウイン,晴,南西,1,1,5,6,4258,関 根 彰 人,48,19,6.85,6,0.17,,1-4-2,2420,10,1-4,460,2,1-2-4,870,5,1-4,390,2,,,,,,,
20250819,戸田,7,ウインウイン,晴,南西,1,1,6,3,3860,松 本 浩 貴,53,37,6.78,3,0.16,,1-4-2,2420,10,1-4,460,2,1-2-4,870,5,1-4,390,2,,,,,,,
20250819,戸田,8,一般戦,晴,南,1,1,1,1,3251,平 石 和 男,12,17,6.69,1,0.15,1.49.6,1-3-2,1330,3,1-3,320,1,1-2-3,600,3,1-3,220,1,,,,,,,
20250819,戸田,8,一般戦,晴,南,1,1,2,3,4109,谷 津 幸 宏,10,24,6.81,3,0.12,1.51.3,1-3-2,1330,3,1-3,320,1,1-2-3,600,3,1-3,220,1,,,,,,,
20250819,戸田,8,一般戦,晴,南,1,1,3,2,3807,岡 部 哲,28,67,6.77,2,0.14,1.53.4,1-3-2,1330,3,1-3,320,1,1-2-3,600,3,1-3,220,1,,,,,,,
20250819,戸田,8,一般戦,晴,南,1,1,4,4,4201,佐 竹 友 樹,58,34,6.89,4,0.11,1.54.2,1-3-2,1330,3,1-3,320,1,1-2-3,600,3,1-3,220,1,,,,,,,
20250819,戸田,8,一般戦,晴,南,1,1,5,5,3497,後 藤 浩,24,58,6.77,5,0.11,,1-3-2,1330,3,1-3,320,1,1-2-3,600,3,1-3,220,1,,,,,,,
20250819,戸田,8,一般戦,晴,南,1,1,6,6,4159,向 後 龍 一,15,62,6.74,6,0.16,,1-3-2,1330,3,1-3,320,1,1-2-3,600,3,1-3,220,1,,,,,,,
20250819,戸田,9,一般戦,晴,南,3,3,1,1,4700,金 子 和 之,8,72,6.72,1,0.15,1.59.2,1-5-3,3200,11,1-5,2060,5,1-3-5,380,2,1-5,1430,5,,,,,,,
20250819,戸田,9,一般戦,晴,南,3,3,2,5,5103,芝 田 京 介,54,36,6.78,5,0.15,2.01.6,1-5-3,3200,11,1-5,2060,5,1-3-5,380,2,1-5,1430,5,,,,,,,
20250819,戸田,9,一般戦,晴,南,3,3,3,3,4547,中 田 竜 太,2,15,6.74,3,0.22,2.03.4,1-5-3,3200,11,1-5,2060,5,1-3-5,380,2,1-5,1430,5,,,,,,,
20250819,戸田,9,一般戦,晴,南,3,3,4,2,5259,野 田 昇 吾,21,77,6.85,2,0.12,2.04.8,1-5-3,3200,11,1-5,2060,5,1-3-5,380,2,1-5,1430,5,,,,,,,
20250819,戸田,9,一般戦,晴,南,3,3,5,4,5288,尾 道 佳 諭,25,59,6.81,4,0.18,,1-5-3,3200,11,1-5,2060,5,1-3-5,380,2,1-5,1430,5,,,,,,,
20250819,戸田,10,特別選抜戦,晴,南,3,2,1,3,5112,砂 長 知 輝,5,38,6.75,3,0.09,1.49.8,3-1-4,3220,13,3-1,830,4,1-3-4,620,2,1-3,260,1,,,,,,,
20250819,戸田,10,特別選抜戦,晴,南,3,2,2,1,5191,飛 田 江 己,7,74,6.74,1,0.09,1.50.6,3-1-4,3220,13,3-1,830,4,1-3-4,620,2,1-3,260,1,,,,,,,
20250819,戸田,10,特別選抜戦,晴,南,3,2,3,4,5087,佐 藤 航,47,71,6.77,4,0.05,1.52.6,3-1-4,3220,13,3-1,830,4,1-3-4,620,2,1-3,260,1,,,,,,,
20250819,戸田,10,特別選抜戦,晴,南,3,2,4,5,4573,佐 藤 翼,27,29,6.74,5,0.13,1.54.5,3-1-4,3220,13,3-1,830,4,1-3-4,620,2,1-3,260,1,,,,,,,
20250819,戸田,10,特別選抜戦,晴,南,3,2,5,6,4836,大 谷 健 太,9,16,6.80,6,0.13,,3-1-4,3220,13,3-1,830,4,1-3-4,620,2,1-3,260,1,,,,,,,
20250819,戸田,10,特別選抜戦,晴,南,3,2,6,2,4191,赤 羽 克 也,49,18,6.92,2,0.11,,3-1-4,3220,13,3-1,830,4,1-3-4,620,2,1-3,260,1,,,,,,,
20250819,戸田,11,特別選抜戦,晴,南西,3,3,1,1,4444,桐 生 順 平,26,33,6.62,1,0.08,1.50.3,1-2-3,560,2,1-2,270,2,1-2-3,220,1,1-2,270,2,,,,,,,
20250819,戸田,11,特別選抜戦,晴,南西,3,3,2,2,5051,松 本 純 平,65,75,6.75,2,0.10,1.51.8,1-2-3,560,2,1-2,270,2,1-2-3,220,1,1-2,270,2,,,,,,,
20250819,戸田,11,特別選抜戦,晴,南西,3,3,3,3,4953,尾 上 雅 也,11,22,6.74,3,0.09,1.52.7,1-2-3,560,2,1-2,270,2,1-2-3,220,1,1-2,270,2,,,,,,,
20250819,戸田,11,特別選抜戦,晴,南西,3,3,4,4,4144,石 塚 久 也,50,76,6.77,4,0.20,1.54.3,1-2-3,560,2,1-2,270,2,1-2-3,220,1,1-2,270,2,,,,,,,
20250819,戸田,11,特別選抜戦,晴,南西,3,3,5,5,4031,飯 島 誠,13,26,6.82,5,0.08,,1-2-3,560,2,1-2,270,2,1-2-3,220,1,1-2,270,2,,,,,,,
20250819,戸田,11,特別選抜戦,晴,南西,3,3,6,6,4090,中 村 尊,52,61,6.79,6,0.13,,1-2-3,560,2,1-2,270,2,1-2-3,220,1,1-2,270,2,,,,,,,
20250819,戸田,12,優勝戦,晴,南東,1,1,1,1,4532,秋 元 哲,16,27,6.79,1,0.10,1.50.0,1-5-4,3610,15,1-5,910,5,1-4-5,700,4,1-5,690,4,,,,,,,
20250819,戸田,12,優勝戦,晴,南東,1,1,2,5,5042,畑 田 汰 一,60,69,6.79,5,0.14,1.50.7,1-5-4,3610,15,1-5,910,5,1-4-5,700,4,1-5,690,4,,,,,,,
20250819,戸田,12,優勝戦,晴,南東,1,1,3,4,3952,中 澤 和 志,18,11,6.77,4,0.19,1.52.5,1-5-4,3610,15,1-5,910,5,1-4-5,700,4,1-5,690,4,,,,,,,
20250819,戸田,12,優勝戦,晴,南東,1,1,4,2,4528,黒 井 達 矢,4,68,6.68,2,0.18,1.54.4,1-5-4,3610,15,1-5,910,5,1-4-5,700,4,1-5,690,4,,,,,,,
20250819,戸田,12,優勝戦,晴,南東,1,1,5,6,4110,小 澤 和 也,61,64,6.80,6,0.23,,1-5-4,3610,15,1-5,910,5,1-4-5,700,4,1-5,690,4,,,,,,,
20250819,戸田,12,優勝戦,晴,南東,1,1,6,3,3983,須 藤 博 倫,62,23,6.76,3,0.16,,1-5-4,3610,15,1-5,910,5,1-4-5,700,4,1-5,690,4,,,,,,,
20250819,江戸川,1,予選,晴,南,7,5,1,1,3569,増 田 進,66,54,6.99,1,0.15,1.55.3,1-4-3,3570,13,1-4,1220,5,1-3-4,1000,5,1-4,1010,4,,,,,,,
20250819,江戸川,1,予選,晴,南,7,5,2,4,5063,大 塚 雅 治,47,26,6.91,4,0.28,1.56.8,1-4-3,3570,13,1-4,1220,5,1-3-4,1000,5,1-4,1010,4,,,,,,,
20250819,江戸川,1,予選,晴,南,7,5,3,3,3911,鈴 木 猛,67,39,6.90,3,0.18,1.58.2,1-4-3,3570,13,1-4,1220,5,1-3-4,1000,5,1-4,1010,4,,,,,,,
20250819,江戸川,1,予選,晴,南,7,5,4,6,3868,尾 形 栄 治,68,32,7.34,6,0.25,2.00.5,1-4-3,3570,13,1-4,1220,5,1-3-4,1000,5,1-4,1010,4,,,,,,,
20250819,江戸川,1,予選,晴,南,7,5,5,5,3812,山 崎 聖 司,16,66,7.06,5,0.19,,1-4-3,3570,13,1-4,1220,5,1-3-4,1000,5,1-4,1010,4,,,,,,,
20250819,江戸川,1,予選,晴,南,7,5,6,2,3226,浦 田 信 義,57,16,6.89,2,0.18,,1-4-3,3570,13,1-4,1220,5,1-3-4,1000,5,1-4,1010,4,,,,,,,
20250819,江戸川,2,予選,晴,南,7,5,1,1,4880,澤 崎 雄 哉,22,33,7.09,1,0.10,1.56.4,1-2-6,5850,23,1-2,1120,4,1-2-6,2550,16,1-2,590,3,,,,,,,
20250819,江戸川,2,予選,晴,南,7,5,2,2,4401,小 林 泰,14,53,7.12,2,0.11,1.57.8,1-2-6,5850,23,1-2,1120,4,1-2-6,2550,16,1-2,590,3,,,,,,,
20250819,江戸川,2,予選,晴,南,7,5,3,6,3888,山 本 英 志,60,31,6.99,6,0.18,1.58.8,1-2-6,5850,23,1-2,1120,4,1-2-6,2550,16,1-2,590,3,,,,,,,
20250819,江戸川,2,予選,晴,南,7,5,4,3,4815,伏 島 祐 介,19,56,7.14,3,0.14,1.58.9,1-2-6,5850,23,1-2,1120,4,1-2-6,2550,16,1-2,590,3,,,,,,,
20250819,江戸川,2,予選,晴,南,7,5,5,4,5096,上 原 崚,54,70,7.07,4,0.18,,1-2-6,5850,23,1-2,1120,4,1-2-6,2550,16,1-2,590,3,,,,,,,
20250819,江戸川,2,予選,晴,南,7,5,6,5,4335,若 林 将,58,38,7.15,5,0.14,,1-2-6,5850,23,1-2,1120,4,1-2-6,2550,16,1-2,590,3,,,,,,,
20250819,江戸川,3,予選,晴,南,8,5,1,4,4345,西 舘 健,64,57,7.22,4,0.17,1.55.1,4-6-3,8600,35,4-6,4400,18,3-4-6,840,4,4-6,2250,9,,,,,,,
20250819,江戸川,3,予選,晴,南,8,5,2,6,4468,大 池 佑 来,11,22,7.31,6,0.13,1.56.1,4-6-3,8600,35,4-6,4400,18,3-4-6,840,4,4-6,2250,9,,,,,,,
20250819,江戸川,3,予選,晴,南,8,5,3,3,4086,寺 本 重 宣,12,50,7.06,3,0.10,1.57.9,4-6-3,8600,35,4-6,4400,18,3-4-6,840,4,4-6,2250,9,,,,,,,
20250819,江戸川,3,予選,晴,南,8,5,4,1,4945,上 村 宏 太,24,19,7.02,1,0.09,1.58.4,4-6-3,8600,35,4-6,4400,18,3-4-6,840,4,4-6,2250,9,,,,,,,
20250819,江戸川,3,予選,晴,南,8,5,5,2,4077,品 田 直 樹,50,59,7.18,2,0.16,,4-6-3,8600,35,4-6,4400,18,3-4-6,840,4,4-6,2250,9,,,,,,,
20250819,江戸川,3,予選,晴,南,8,5,6,5,3277,齋 藤 勇,61,45,7.32,5,0.09,,4-6-3,8600,35,4-6,4400,18,3-4-6,840,4,4-6,2250,9,,,,,,,
20250819,江戸川,4,予選,晴,南,7,10,1,2,3716,石 渡 鉄 兵,70,60,7.13,2,0.11,1.55.3,2-4-5,2850,10,2-4,920,5,2-4-5,920,4,2-4,770,5,,,,,,,
20250819,江戸川,4,予選,晴,南,7,10,2,4,4245,高 橋 直 哉,27,10,7.30,4,0.16,1.57.2,2-4-5,2850,10,2-4,920,5,2-4-5,920,4,2-4,770,5,,,,,,,
20250819,江戸川,4,予選,晴,南,7,10,3,5,5226,藤 田 俊 祐,17,63,7.40,5,0.21,1.58.8,2-4-5,2850,10,2-4,920,5,2-4-5,920,4,2-4,770,5,,,,,,,
20250819,江戸川,4,予選,晴,南,7,10,4,1,5285,若 林 麗,71,67,7.06,1,0.19,1.59.6,2-4-5,2850,10,2-4,920,5,2-4-5,920,4,2-4,770,5,,,,,,,
20250819,江戸川,4,予選,晴,南,7,10,5,6,4598,加 藤 政 彦,15,35,7.21,6,0.26,,2-4-5,2850,10,2-4,920,5,2-4-5,920,4,2-4,770,5,,,,,,,
20250819,江戸川,4,予選,晴,南,7,10,6,3,4438,森 作 雄 大,41,68,7.23,3,0.11,,2-4-5,2850,10,2-4,920,5,2-4-5,920,4,2-4,770,5,,,,,,,
20250819,江戸川,5,予選,晴,南,8,10,1,2,4095,福 来 剛,69,12,7.12,2,0.13,1.59.9,2-3-4,1710,6,2-3,740,5,2-3-4,620,2,2-3,250,2,,,,,,,
20250819,江戸川,5,予選,晴,南,8,10,2,3,4266,長 田 頼 宗,18,17,7.39,3,0.13,2.03.3,2-3-4,1710,6,2-3,740,5,2-3-4,620,2,2-3,250,2,,,,,,,
20250819,江戸川,5,予選,晴,南,8,10,3,4,5007,近 藤 雄一郎,32,24,7.27,4,0.11,2.05.9,2-3-4,1710,6,2-3,740,5,2-3-4,620,2,2-3,250,2,,,,,,,
20250819,江戸川,5,予選,晴,南,8,10,4,6,5253,藤 井 太 雅,55,37,7.10,6,0.26,2.09.4,2-3-4,1710,6,2-3,740,5,2-3-4,620,2,2-3,250,2,,,,,,,
20250819,江戸川,5,予選,晴,南,8,10,5,1,4644,山 田 亮 太,45,34,7.14,1,0.48,,2-3-4,1710,6,2-3,740,5,2-3-4,620,2,2-3,250,2,,,,,,,
20250819,江戸川,6,予選,晴,南,8,10,1,1,4748,渡 邉 雄 朗,21,41,7.00,1,0.22,1.56.6,1-4-5,1610,5,1-4,660,4,1-4-5,700,3,1-4,840,4,,,,,,,
20250819,江戸川,6,予選,晴,南,8,10,2,4,4995,田 邉 亮 蔵,63,69,7.30,4,0.18,1.57.4,1-4-5,1610,5,1-4,660,4,1-4-5,700,3,1-4,840,4,,,,,,,
20250819,江戸川,6,予選,晴,南,8,10,3,5,3978,齊 藤 仁,65,23,7.30,5,0.13,1.58.7,1-4-5,1610,5,1-4,660,4,1-4-5,700,3,1-4,840,4,,,,,,,
20250819,江戸川,6,予選,晴,南,8,10,4,6,3105,内 山 文 典,40,49,7.24,6,0.24,1.59.7,1-4-5,1610,5,1-4,660,4,1-4-5,700,3,1-4,840,4,,,,,,,
20250819,江戸川,6,予選,晴,南,8,10,5,3,3602,奥 平 拓 也,36,48,7.34,3,0.36,,1-4-5,1610,5,1-4,660,4,1-4-5,700,3,1-4,840,4,,,,,,,
20250819,江戸川,6,予選,晴,南,8,10,6,2,3868,尾 形 栄 治,68,32,7.56,2,0.21,,1-4-5,1610,5,1-4,660,4,1-4-5,700,3,1-4,840,4,,,,,,,
20250819,江戸川,7,予選,晴,南,8,10,1,1,4815,伏 島 祐 介,19,56,7.27,1,0.11,1.56.9,1-2-4,4190,18,1-2,680,4,1-2-4,760,3,1-2,350,2,,,,,,,
20250819,江戸川,7,予選,晴,南,8,10,2,2,4379,桑 島 和 宏,56,18,7.20,2,0.10,1.58.5,1-2-4,4190,18,1-2,680,4,1-2-4,760,3,1-2,350,2,,,,,,,
20250819,江戸川,7,予選,晴,南,8,10,3,4,4440,萩 原 知 哉,31,20,7.14,4,0.12,2.00.1,1-2-4,4190,18,1-2,680,4,1-2-4,760,3,1-2,350,2,,,,,,,
20250819,江戸川,7,予選,晴,南,8,10,4,5,4847,佐 藤 隆太郎,29,64,7.25,5,0.12,2.01.0,1-2-4,4190,18,1-2,680,4,1-2-4,760,3,1-2,350,2,,,,,,,
20250819,江戸川,7,予選,晴,南,8,10,5,3,3226,浦 田 信 義,57,16,7.27,3,0.12,,1-2-4,4190,18,1-2,680,4,1-2-4,760,3,1-2,350,2,,,,,,,
20250819,江戸川,7,予選,晴,南,8,10,6,6,5371,早 川 颯 太,37,40,7.31,6,0.33,,1-2-4,4190,18,1-2,680,4,1-2-4,760,3,1-2,350,2,,,,,,,
20250819,江戸川,8,予選,晴,南,8,15,1,1,4401,小 林 泰,14,53,7.35,1,0.16,1.58.3,1-4-6,1490,4,1-4,360,1,1-4-6,810,4,1-4,210,1,,,,,,,
20250819,江戸川,8,予選,晴,南,8,15,2,4,4468,大 池 佑 来,11,22,7.50,4,0.18,1.59.2,1-4-6,1490,4,1-4,360,1,1-4-6,810,4,1-4,210,1,,,,,,,
20250819,江戸川,8,予選,晴,南,8,15,3,6,5063,大 塚 雅 治,47,26,7.30,6,0.23,1.59.9,1-4-6,1490,4,1-4,360,1,1-4-6,810,4,1-4,210,1,,,,,,,
20250819,江戸川,8,予選,晴,南,8,15,4,3,3340,池 田 雷 太,28,25,7.38,3,0.21,2.01.4,1-4-6,1490,4,1-4,360,1,1-4-6,810,4,1-4,210,1,,,,,,,
20250819,江戸川,8,予選,晴,南,8,15,5,5,3303,渡 辺 豊,26,14,7.58,5,0.25,,1-4-6,1490,4,1-4,360,1,1-4-6,810,4,1-4,210,1,,,,,,,
20250819,江戸川,8,予選,晴,南,8,15,6,2,5285,若 林 麗,71,67,7.26,2,0.22,,1-4-6,1490,4,1-4,360,1,1-4-6,810,4,1-4,210,1,,,,,,,
20250819,江戸川,9,予選,晴,南,9,15,1,3,3277,齋 藤 勇,61,45,7.37,3,0.11,1.58.9,3-4-1,13830,41,3-4,8040,16,1-3-4,460,3,3-4,2760,7,,,,,,,
20250819,江戸川,9,予選,晴,南,9,15,2,4,4335,若 林 将,58,38,7.44,4,0.12,1.59.6,3-4-1,13830,41,3-4,8040,16,1-3-4,460,3,3-4,2760,7,,,,,,,
20250819,江戸川,9,予選,晴,南,9,15,3,1,5226,藤 田 俊 祐,17,63,7.11,1,0.22,1.59.7,3-4-1,13830,41,3-4,8040,16,1-3-4,460,3,3-4,2760,7,,,,,,,
20250819,江戸川,9,予選,晴,南,9,15,4,5,5279,石 渡 翔一郎,43,21,7.37,5,0.05,1.59.9,3-4-1,13830,41,3-4,8040,16,1-3-4,460,3,3-4,2760,7,,,,,,,
20250819,江戸川,9,予選,晴,南,9,15,5,2,3812,山 崎 聖 司,16,66,7.37,2,0.18,,3-4-1,13830,41,3-4,8040,16,1-3-4,460,3,3-4,2760,7,,,,,,,
20250819,江戸川,9,予選,晴,南,9,15,6,6,5253,藤 井 太 雅,55,37,7.05,6,0.18,,3-4-1,13830,41,3-4,8040,16,1-3-4,460,3,3-4,2760,7,,,,,,,
20250819,江戸川,10,予選ラリー選,晴,南,9,20,1,1,4266,長 田 頼 宗,18,17,7.44,1,0.19,1.18.2,1-6-4,5010,18,1-6,2020,7,1-4-6,720,5,1-6,1770,5,,,,,,,
20250819,江戸川,10,予選ラリー選,晴,南,9,20,2,6,4318,桑 原 将 光,23,61,7.40,6,0.13,1.19.2,1-6-4,5010,18,1-6,2020,7,1-4-6,720,5,1-6,1770,5,,,,,,,
20250819,江戸川,10,予選ラリー選,晴,南,9,20,3,4,4598,加 藤 政 彦,15,35,7.20,4,0.15,1.20.0,1-6-4,5010,18,1-6,2020,7,1-4-6,720,5,1-6,1770,5,,,,,,,
20250819,江戸川,10,予選ラリー選,晴,南,9,20,4,5,4077,品 田 直 樹,50,59,7.30,5,0.17,1.20.2,1-6-4,5010,18,1-6,2020,7,1-4-6,720,5,1-6,1770,5,,,,,,,
20250819,江戸川,10,予選ラリー選,晴,南,9,20,5,3,4615,板 倉 敦 史,30,36,7.17,3,0.16,,1-6-4,5010,18,1-6,2020,7,1-4-6,720,5,1-6,1770,5,,,,,,,
20250819,江戸川,10,予選ラリー選,晴,南,9,20,6,2,3569,増 田 進,66,54,7.35,2,0.16,,1-6-4,5010,18,1-6,2020,7,1-4-6,720,5,1-6,1770,5,,,,,,,
20250819,江戸川,11,予選バディ選,晴,南,8,20,1,1,3978,齊 藤 仁,65,23,7.16,1,0.08,1.18.4,1-3-2,790,1,1-3,360,2,1-2-3,300,1,1-3,210,1,,,,,,,
20250819,江戸川,11,予選バディ選,晴,南,8,20,2,3,4095,福 来 剛,69,12,7.21,3,0.11,1.18.8,1-3-2,790,1,1-3,360,2,1-2-3,300,1,1-3,210,1,,,,,,,
20250819,江戸川,11,予選バディ選,晴,南,8,20,3,2,3888,山 本 英 志,60,31,7.24,2,0.29,1.20.6,1-3-2,790,1,1-3,360,2,1-2-3,300,1,1-3,210,1,,,,,,,
20250819,江戸川,11,予選バディ選,晴,南,8,20,4,5,4086,寺 本 重 宣,12,50,7.28,5,0.19,1.21.2,1-3-2,790,1,1-3,360,2,1-2-3,300,1,1-3,210,1,,,,,,,
20250819,江戸川,11,予選バディ選,晴,南,8,20,5,4,3911,鈴 木 猛,67,39,7.28,4,0.13,,1-3-2,790,1,1-3,360,2,1-2-3,300,1,1-3,210,1,,,,,,,
20250819,江戸川,11,予選バディ選,晴,南,8,20,6,6,4610,佐 藤 大 佑,33,27,7.28,6,0.13,,1-3-2,790,1,1-3,360,2,1-2-3,300,1,1-3,210,1,,,,,,,
20250819,江戸川,12,予選特別選抜,晴,南,7,20,1,1,3716,石 渡 鉄 兵,70,60,7.34,1,0.17,1.17.9,1-3-6,910,3,1-3,280,1,1-3-6,550,2,1-3,160,1,,,,,,,
20250819,江戸川,12,予選特別選抜,晴,南,7,20,2,3,4379,桑 島 和 宏,56,18,7.36,3,0.14,1.19.2,1-3-6,910,3,1-3,280,1,1-3-6,550,2,1-3,160,1,,,,,,,
20250819,江戸川,12,予選特別選抜,晴,南,7,20,3,6,5096,上 原 崚,54,70,7.46,6,0.28,1.20.4,1-3-6,910,3,1-3,280,1,1-3-6,550,2,1-3,160,1,,,,,,,
20250819,江戸川,12,予選特別選抜,晴,南,7,20,4,2,4345,西 舘 健,64,57,7.67,2,0.19,1.21.3,1-3-6,910,3,1-3,280,1,1-3-6,550,2,1-3,160,1,,,,,,,
20250819,江戸川,12,予選特別選抜,晴,南,7,20,5,4,5190,大 月 遊 雅,53,52,8.20,4,0.32,,1-3-6,910,3,1-3,280,1,1-3-6,550,2,1-3,160,1,,,,,,,
20250819,江戸川,12,予選特別選抜,晴,南,7,20,6,5,4995,田 邉 亮 蔵,63,69,7.57,5,0.24,,1-3-6,910,3,1-3,280,1,1-3-6,550,2,1-3,160,1,,,,,,,
20250819,浜名湖,1,一般,晴,南,4,2,1,2,4208,三 浦 永 理,36,15,6.68,2,0.11,1.50.8,2-1-3,1050,3,2-1,590,2,1-2-3,270,1,1-2,180,1,,,,,,,
20250819,浜名湖,1,一般,晴,南,4,2,2,1,4273,佐 藤 旭,41,66,6.70,1,0.12,1.52.4,2-1-3,1050,3,2-1,590,2,1-2-3,270,1,1-2,180,1,,,,,,,
20250819,浜名湖,1,一般,晴,南,4,2,3,3,4150,山 田 雄 太,12,69,6.80,3,0.15,1.54.0,2-1-3,1050,3,2-1,590,2,1-2-3,270,1,1-2,180,1,,,,,,,
20250819,浜名湖,1,一般,晴,南,4,2,4,5,4076,杉 田 篤 光,19,38,6.73,5,0.19,1.54.9,2-1-3,1050,3,2-1,590,2,1-2-3,270,1,1-2,180,1,,,,,,,
20250819,浜名湖,1,一般,晴,南,4,2,5,6,5349,宮 崎 奏 磨,16,23,6.69,6,0.13,,2-1-3,1050,3,2-1,590,2,1-2-3,270,1,1-2,180,1,,,,,,,
20250819,浜名湖,1,一般,晴,南,4,2,6,4,5294,豊 田 祥 生,23,63,6.68,4,0.14,,2-1-3,1050,3,2-1,590,2,1-2-3,270,1,1-2,180,1,,,,,,,
20250819,浜名湖,2,一般,晴,南,5,2,1,1,3909,佐々木 康 幸,45,35,6.72,1,0.14,1.52.3,1-2-4,3160,11,1-2,2190,8,1-2-4,510,3,1-2,1600,5,,,,,,,
20250819,浜名湖,2,一般,晴,南,5,2,2,2,4918,川 島 拓 郎,48,26,6.72,2,0.14,1.53.1,1-2-4,3160,11,1-2,2190,8,1-2-4,510,3,1-2,1600,5,,,,,,,
20250819,浜名湖,2,一般,晴,南,5,2,3,4,3960,菊 地 孝 平,31,60,6.62,4,0.20,1.54.4,1-2-4,3160,11,1-2,2190,8,1-2-4,510,3,1-2,1600,5,,,,,,,
20250819,浜名湖,2,一般,晴,南,5,2,4,3,3489,大 場 敏,32,29,6.63,3,0.13,1.55.6,1-2-4,3160,11,1-2,2190,8,1-2-4,510,3,1-2,1600,5,,,,,,,
20250819,浜名湖,2,一般,晴,南,5,2,5,6,4190,長 嶋 万 記,26,55,6.66,5,0.13,,1-2-4,3160,11,1-2,2190,8,1-2-4,510,3,1-2,1600,5,,,,,,,
20250819,浜名湖,2,一般,晴,南,5,2,6,5,5385,鈴 木 柊 介,20,19,6.69,6,0.20,,1-2-4,3160,11,1-2,2190,8,1-2-4,510,3,1-2,1600,5,,,,,,,
20250819,浜名湖,3,一般,晴,南,6,3,1,3,3932,池 田 浩 美,61,65,6.67,3,0.14,1.52.3,3-1-6,54880,97,3-1,7150,22,1-3-6,6000,18,1-3,1700,8,,,,,,,
20250819,浜名湖,3,一般,晴,南,6,3,2,1,4058,野 末 智 一,50,58,6.67,1,0.16,1.53.3,3-1-6,54880,97,3-1,7150,22,1-3-6,6000,18,1-3,1700,8,,,,,,,
20250819,浜名湖,3,一般,晴,南,6,3,3,6,4933,板 橋 侑 我,6,64,6.66,6,0.25,1.54.4,3-1-6,54880,97,3-1,7150,22,1-3-6,6000,18,1-3,1700,8,,,,,,,
20250819,浜名湖,3,一般,晴,南,6,3,4,2,4209,藤 田 竜 弘,47,36,6.72,2,0.17,1.54.9,3-1-6,54880,97,3-1,7150,22,1-3-6,6000,18,1-3,1700,8,,,,,,,
20250819,浜名湖,3,一般,晴,南,6,3,5,5,4524,深 谷 知 博,27,48,6.61,5,0.12,,3-1-6,54880,97,3-1,7150,22,1-3-6,6000,18,1-3,1700,8,,,,,,,
20250819,浜名湖,3,一般,晴,南,6,3,6,4,4342,谷 野 錬 志,22,53,6.67,4,0.14,,3-1-6,54880,97,3-1,7150,22,1-3-6,6000,18,1-3,1700,8,,,,,,,
20250819,浜名湖,4,ランチタイム,晴,南,5,3,1,1,4124,池 田 雄 一,55,25,6.56,1,0.26,1.51.8,1-3-2,780,3,1-3,380,2,1-2-3,260,1,1-3,370,2,,,,,,,
20250819,浜名湖,4,ランチタイム,晴,南,5,3,2,3,4464,山 下 友 貴,7,45,6.60,3,0.29,1.52.6,1-3-2,780,3,1-3,380,2,1-2-3,260,1,1-3,370,2,,,,,,,
20250819,浜名湖,4,ランチタイム,晴,南,5,3,3,2,4360,庄 司 孝 輔,39,37,6.62,2,0.28,1.54.3,1-3-2,780,3,1-3,380,2,1-2-3,260,1,1-3,370,2,,,,,,,
20250819,浜名湖,4,ランチタイム,晴,南,5,3,4,6,5316,村 松 将 平,8,12,6.71,5,0.30,1.56.3,1-3-2,780,3,1-3,380,2,1-2-3,260,1,1-3,370,2,,,,,,,
20250819,浜名湖,4,ランチタイム,晴,南,5,3,5,4,4068,幸 田 智 裕,38,71,6.62,4,0.30,,1-3-2,780,3,1-3,380,2,1-2-3,260,1,1-3,370,2,,,,,,,
20250819,浜名湖,4,ランチタイム,晴,南,5,3,6,5,3518,倉 田 郁 美,5,52,6.63,6,0.34,,1-3-2,780,3,1-3,380,2,1-2-3,260,1,1-3,370,2,,,,,,,
20250819,浜名湖,5,一般,晴,南,6,3,1,1,5034,若 林 義 人,37,16,6.67,1,0.09,1.51.4,1-5-2,2860,10,1-5,650,3,1-2-5,1550,6,1-5,590,3,,,,,,,
20250819,浜名湖,5,一般,晴,南,6,3,2,5,5205,刑 部 亜里紗,43,59,6.66,5,0.18,1.53.1,1-5-2,2860,10,1-5,650,3,1-2-5,1550,6,1-5,590,3,,,,,,,
20250819,浜名湖,5,一般,晴,南,6,3,3,2,3474,松 瀬 弘 美,11,30,6.64,2,0.15,1.54.5,1-5-2,2860,10,1-5,650,3,1-2-5,1550,6,1-5,590,3,,,,,,,
20250819,浜名湖,5,一般,晴,南,6,3,4,3,5110,杉 山 喜 一,30,20,6.60,3,0.08,1.55.4,1-5-2,2860,10,1-5,650,3,1-2-5,1550,6,1-5,590,3,,,,,,,
20250819,浜名湖,5,一般,晴,南,6,3,5,4,3294,野 中 義 生,54,68,6.74,6,0.13,,1-5-2,2860,10,1-5,650,3,1-2-5,1550,6,1-5,590,3,,,,,,,
20250819,浜名湖,5,一般,晴,南,6,3,6,6,3422,服 部 幸 男,65,43,6.71,4,0.12,,1-5-2,2860,10,1-5,650,3,1-2-5,1550,6,1-5,590,3,,,,,,,
20250819,浜名湖,6,一般,晴,南,7,4,1,1,4150,山 田 雄 太,12,69,6.72,1,0.16,1.53.7,1-3-2,1730,6,1-3,760,4,1-2-3,470,2,1-3,610,3,,,,,,,
20250819,浜名湖,6,一般,晴,南,7,4,2,3,4216,星 栄 爾,46,47,6.68,4,0.13,1.54.4,1-3-2,1730,6,1-3,760,4,1-2-3,470,2,1-3,610,3,,,,,,,
20250819,浜名湖,6,一般,晴,南,7,4,3,2,4131,原 豊 土,4,22,6.63,2,0.13,1.55.2,1-3-2,1730,6,1-3,760,4,1-2-3,470,2,1-3,610,3,,,,,,,
20250819,浜名湖,6,一般,晴,南,7,4,4,5,4033,伊 藤 将 吉,21,32,6.66,3,0.11,1.55.7,1-3-2,1730,6,1-3,760,4,1-2-3,470,2,1-3,610,3,,,,,,,
20250819,浜名湖,6,一般,晴,南,7,4,5,4,5332,村 松 遥 輝,44,28,6.68,5,0.13,,1-3-2,1730,6,1-3,760,4,1-2-3,470,2,1-3,610,3,,,,,,,
20250819,浜名湖,6,一般,晴,南,7,4,6,6,5248,本 田 愛,52,73,6.71,6,0.12,,1-3-2,1730,6,1-3,760,4,1-2-3,470,2,1-3,610,3,,,,,,,
20250819,浜名湖,7,一般,晴,南,7,4,1,3,4918,川 島 拓 郎,48,26,6.79,3,0.19,1.53.4,3-4-6,12870,47,3-4,4140,13,3-4-6,2690,13,3-4,2390,10,,,,,,,
20250819,浜名湖,7,一般,晴,南,7,4,2,4,3489,大 場 敏,32,29,6.71,1,0.25,1.54.3,3-4-6,12870,47,3-4,4140,13,3-4-6,2690,13,3-4,2390,10,,,,,,,
20250819,浜名湖,7,一般,晴,南,7,4,3,6,3959,坪 井 康 晴,53,31,6.65,5,0.23,1.55.6,3-4-6,12870,47,3-4,4140,13,3-4-6,2690,13,3-4,2390,10,,,,,,,
20250819,浜名湖,7,一般,晴,南,7,4,4,2,3796,長 野 道 臣,2,11,6.73,6,0.35,1.56.8,3-4-6,12870,47,3-4,4140,13,3-4-6,2690,13,3-4,2390,10,,,,,,,
20250819,浜名湖,7,一般,晴,南,7,4,5,5,4073,大 橋 純一郎,63,21,6.82,4,0.25,,3-4-6,12870,47,3-4,4140,13,3-4-6,2690,13,3-4,2390,10,,,,,,,
20250819,浜名湖,7,一般,晴,南,7,4,6,1,4076,杉 田 篤 光,19,38,6.76,2,0.26,,3-4-6,12870,47,3-4,4140,13,3-4-6,2690,13,3-4,2390,10,,,,,,,
20250819,浜名湖,8,ブレイクタイ,晴,南,7,4,1,1,4207,松 下 一 也,34,49,6.72,1,0.12,1.54.7,1-2-4,1040,1,1-2,460,2,1-2-4,390,1,1-2,480,3,,,,,,,
20250819,浜名湖,8,ブレイクタイ,晴,南,7,4,2,2,4068,幸 田 智 裕,38,71,6.77,2,0.11,1.55.6,1-2-4,1040,1,1-2,460,2,1-2-4,390,1,1-2,480,3,,,,,,,
20250819,浜名湖,8,ブレイクタイ,晴,南,7,4,3,4,4058,野 末 智 一,50,58,6.79,4,0.15,1.57.0,1-2-4,1040,1,1-2,460,2,1-2-4,390,1,1-2,480,3,,,,,,,
20250819,浜名湖,8,ブレイクタイ,晴,南,7,4,4,5,5269,山 口 晃 朋,24,61,6.69,5,0.20,1.57.4,1-2-4,1040,1,1-2,460,2,1-2-4,390,1,1-2,480,3,,,,,,,
20250819,浜名湖,8,ブレイクタイ,晴,南,7,4,5,3,5294,豊 田 祥 生,23,63,6.73,3,0.05,,1-2-4,1040,1,1-2,460,2,1-2-4,390,1,1-2,480,3,,,,,,,
20250819,浜名湖,8,ブレイクタイ,晴,南,7,4,6,6,5362,中 嶋 世 奈,56,33,6.73,6,0.11,,1-2-4,1040,1,1-2,460,2,1-2-4,390,1,1-2,480,3,,,,,,,
20250819,浜名湖,9,一般,晴,南,7,4,1,6,3744,徳 増 秀 樹,18,67,6.70,5,0.11,1.53.9,6-2-1,17320,44,6-2,8660,21,1-2-6,610,2,2-6,3950,10,,,,,,,
20250819,浜名湖,9,一般,晴,南,7,4,2,2,4581,吉 村 誠,62,76,6.70,2,0.09,1.55.1,6-2-1,17320,44,6-2,8660,21,1-2-6,610,2,2-6,3950,10,,,,,,,
20250819,浜名湖,9,一般,晴,南,7,4,3,1,3956,横 澤 剛 治,13,34,6.69,1,0.13,1.56.0,6-2-1,17320,44,6-2,8660,21,1-2-6,610,2,2-6,3950,10,,,,,,,
20250819,浜名湖,9,一般,晴,南,7,4,4,3,4209,藤 田 竜 弘,47,36,6.78,3,0.22,1.58.2,6-2-1,17320,44,6-2,8660,21,1-2-6,610,2,2-6,3950,10,,,,,,,
20250819,浜名湖,9,一般,晴,南,7,4,5,5,5349,宮 崎 奏 磨,16,23,6.75,6,0.21,,6-2-1,17320,44,6-2,8660,21,1-2-6,610,2,2-6,3950,10,,,,,,,
20250819,浜名湖,9,一般,晴,南,7,4,6,4,3995,重 野 哲 之,60,13,6.77,4,0.07,,6-2-1,17320,44,6-2,8660,21,1-2-6,610,2,2-6,3950,10,,,,,,,
20250819,浜名湖,10,準優勝戦,晴,南,7,4,1,1,4933,板 橋 侑 我,6,64,6.72,1,0.02,1.15.0,1-6-4,25500,60,1-6,4470,11,1-4-6,4820,12,1-6,2530,8,,,,,,,
20250819,浜名湖,10,準優勝戦,晴,南,7,4,2,6,4273,佐 藤 旭,41,66,6.77,6,0.14,1.16.3,1-6-4,25500,60,1-6,4470,11,1-4-6,4820,12,1-6,2530,8,,,,,,,
20250819,浜名湖,10,準優勝戦,晴,南,7,4,3,4,4360,庄 司 孝 輔,39,37,6.75,4,0.07,1.16.5,1-6-4,25500,60,1-6,4470,11,1-4-6,4820,12,1-6,2530,8,,,,,,,
20250819,浜名湖,10,準優勝戦,晴,南,7,4,4,5,3909,佐々木 康 幸,45,35,6.78,5,0.07,1.17.7,1-6-4,25500,60,1-6,4470,11,1-4-6,4820,12,1-6,2530,8,,,,,,,
20250819,浜名湖,10,準優勝戦,晴,南,7,4,5,3,5205,刑 部 亜里紗,43,59,6.73,3,0.09,,1-6-4,25500,60,1-6,4470,11,1-4-6,4820,12,1-6,2530,8,,,,,,,
20250819,浜名湖,10,準優勝戦,晴,南,7,4,6,2,4190,長 嶋 万 記,26,55,6.69,2,0.09,,1-6-4,25500,60,1-6,4470,11,1-4-6,4820,12,1-6,2530,8,,,,,,,
20250819,浜名湖,11,準優勝戦,晴,南,7,4,1,1,3422,服 部 幸 男,65,43,6.71,1,0.01,1.15.6,1-2-4,1500,4,1-2,270,1,1-2-4,830,2,1-2,240,1,,,,,,,
20250819,浜名湖,11,準優勝戦,晴,南,7,4,2,2,4524,深 谷 知 博,27,48,6.64,2,0.03,1.16.0,1-2-4,1500,4,1-2,270,1,1-2-4,830,2,1-2,240,1,,,,,,,
20250819,浜名湖,11,準優勝戦,晴,南,7,4,3,4,4131,原 豊 土,4,22,6.85,4,0.02,1.17.1,1-2-4,1500,4,1-2,270,1,1-2-4,830,2,1-2,240,1,,,,,,,
20250819,浜名湖,11,準優勝戦,晴,南,7,4,4,3,3960,菊 地 孝 平,31,60,6.68,3,0.01,1.17.2,1-2-4,1500,4,1-2,270,1,1-2-4,830,2,1-2,240,1,,,,,,,
20250819,浜名湖,11,準優勝戦,晴,南,7,4,5,6,4124,池 田 雄 一,55,25,6.74,6,0.06,,1-2-4,1500,4,1-2,270,1,1-2-4,830,2,1-2,240,1,,,,,,,
20250819,浜名湖,11,準優勝戦,晴,南,7,4,6,5,4208,三 浦 永 理,36,15,6.82,5,0.03,,1-2-4,1500,4,1-2,270,1,1-2-4,830,2,1-2,240,1,,,,,,,
20250819,浜名湖,12,準優勝戦,晴,南,7,4,1,1,4342,谷 野 錬 志,22,53,6.72,1,0.17,1.15.0,1-2-5,1030,2,1-2,340,1,1-2-5,550,2,1-2,230,1,,,,,,,
20250819,浜名湖,12,準優勝戦,晴,南,7,4,2,2,3959,坪 井 康 晴,53,31,6.62,2,0.13,1.15.7,1-2-5,1030,2,1-2,340,1,1-2-5,550,2,1-2,230,1,,,,,,,
20250819,浜名湖,12,準優勝戦,晴,南,7,4,3,5,5034,若 林 義 人,37,16,6.77,5,0.17,1.16.6,1-2-5,1030,2,1-2,340,1,1-2-5,550,2,1-2,230,1,,,,,,,
20250819,浜名湖,12,準優勝戦,晴,南,7,4,4,3,4033,伊 藤 将 吉,21,32,6.73,3,0.11,1.17.2,1-2-5,1030,2,1-2,340,1,1-2-5,550,2,1-2,230,1,,,,,,,
20250819,浜名湖,12,準優勝戦,晴,南,7,4,5,4,4464,山 下 友 貴,7,45,6.71,4,0.29,,1-2-5,1030,2,1-2,340,1,1-2-5,550,2,1-2,230,1,,,,,,,
20250819,浜名湖,12,準優勝戦,晴,南,7,4,6,6,4073,大 橋 純一郎,63,21,6.76,6,0.24,,1-2-5,1030,2,1-2,340,1,1-2-5,550,2,1-2,230,1,,,,,,,
20250819,芦屋,1,サンライズＶ,晴,南,1,1,1,1,4551,三 川 昂 暁,16,123,6.78,1,0.20,1.49.7,1-3-5,670,1,1-3,250,1,1-3-5,390,2,1-3,220,1,,,,,,,
20250819,芦屋,1,サンライズＶ,晴,南,1,1,2,3,3514,山 一 鉄 也,1,111,6.75,3,0.21,1.50.9,1-3-5,670,1,1-3,250,1,1-3-5,390,2,1-3,220,1,,,,,,,
20250819,芦屋,1,サンライズＶ,晴,南,1,1,3,5,5105,富 田 恕 生,34,159,6.84,5,0.15,1.52.1,1-3-5,670,1,1-3,250,1,1-3-5,390,2,1-3,220,1,,,,,,,
20250819,芦屋,1,サンライズＶ,晴,南,1,1,4,4,4329,小 松 卓 司,7,152,6.81,4,0.19,1.53.1,1-3-5,670,1,1-3,250,1,1-3-5,390,2,1-3,220,1,,,,,,,
20250819,芦屋,1,サンライズＶ,晴,南,1,1,5,2,5207,高 山 敬 悟,33,120,6.82,2,0.18,,1-3-5,670,1,1-3,250,1,1-3-5,390,2,1-3,220,1,,,,,,,
20250819,芦屋,1,サンライズＶ,晴,南,1,1,6,6,3928,林 恵 祐,38,147,6.83,6,0.21,,1-3-5,670,1,1-3,250,1,1-3-5,390,2,1-3,220,1,,,,,,,
20250819,芦屋,2,サンライズＷ,晴,南,1,1,1,5,4638,小 林 遼 太,52,141,6.78,5,0.17,1.49.0,5-1-3,37900,60,5-1,4140,14,1-3-5,3540,8,1-5,1230,5,,,,,,,
20250819,芦屋,2,サンライズＷ,晴,南,1,1,2,1,5053,山 口 広 樹,19,139,6.78,1,0.11,1.50.2,5-1-3,37900,60,5-1,4140,14,1-3-5,3540,8,1-5,1230,5,,,,,,,
20250819,芦屋,2,サンライズＷ,晴,南,1,1,3,3,4367,山 口 修 路,41,125,6.79,3,0.11,1.52.4,5-1-3,37900,60,5-1,4140,14,1-3-5,3540,8,1-5,1230,5,,,,,,,
20250819,芦屋,2,サンライズＷ,晴,南,1,1,4,4,4296,岡 崎 恭 裕,45,160,6.78,4,0.13,1.54.0,5-1-3,37900,60,5-1,4140,14,1-3-5,3540,8,1-5,1230,5,,,,,,,
20250819,芦屋,2,サンライズＷ,晴,南,1,1,5,2,5286,坂 井 滉 哉,48,115,6.84,2,0.12,,5-1-3,37900,60,5-1,4140,14,1-3-5,3540,8,1-5,1230,5,,,,,,,
20250819,芦屋,2,サンライズＷ,晴,南,1,1,6,6,4485,楠 原 正 剛,15,148,6.81,6,0.28,,5-1-3,37900,60,5-1,4140,14,1-3-5,3540,8,1-5,1230,5,,,,,,,
20250819,芦屋,3,サンライズＸ,晴,南,1,1,1,1,4288,永 田 啓 二,57,151,6.80,1,0.13,1.48.3,1-5-3,620,2,1-5,370,2,1-3-5,190,1,1-5,190,1,,,,,,,
20250819,芦屋,3,サンライズＸ,晴,南,1,1,2,5,4364,池 永 太,44,170,6.81,5,0.12,1.51.0,1-5-3,620,2,1-5,370,2,1-3-5,190,1,1-5,190,1,,,,,,,
20250819,芦屋,3,サンライズＸ,晴,南,1,1,3,3,4189,川 上 剛,4,166,6.82,3,0.12,1.52.7,1-5-3,620,2,1-5,370,2,1-3-5,190,1,1-5,190,1,,,,,,,
20250819,芦屋,3,サンライズＸ,晴,南,1,1,4,2,3825,宮 嵜 隆太郎,30,132,6.80,2,0.21,1.53.7,1-5-3,620,2,1-5,370,2,1-3-5,190,1,1-5,190,1,,,,,,,
20250819,芦屋,3,サンライズＸ,晴,南,1,1,5,6,4094,中 島 真 二,60,140,6.84,6,0.30,,1-5-3,620,2,1-5,370,2,1-3-5,190,1,1-5,190,1,,,,,,,
20250819,芦屋,3,サンライズＸ,晴,南,1,1,6,4,5041,荒 牧 凪 沙,58,153,6.83,4,0.19,,1-5-3,620,2,1-5,370,2,1-3-5,190,1,1-5,190,1,,,,,,,
20250819,芦屋,4,サンライズＹ 進入固定,晴,南,1,1,1,1,4236,松 村 敏,54,145,6.74,1,0.13,1.49.3,1-2-4,280,1,1-2,150,1,1-2-4,180,1,1-2,140,1,,,,,,,
20250819,芦屋,4,サンライズＹ 進入固定,晴,南,1,1,2,2,4736,高 倉 和 士,36,124,6.80,2,0.09,1.50.8,1-2-4,280,1,1-2,150,1,1-2-4,180,1,1-2,140,1,,,,,,,
20250819,芦屋,4,サンライズＹ 進入固定,晴,南,1,1,3,4,4451,松 崎 祐太郎,29,143,6.87,4,0.16,1.52.0,1-2-4,280,1,1-2,150,1,1-2-4,180,1,1-2,140,1,,,,,,,
20250819,芦屋,4,サンライズＹ 進入固定,晴,南,1,1,4,5,5209,小 野 京 平,59,144,6.84,5,0.11,1.53.4,1-2-4,280,1,1-2,150,1,1-2-4,180,1,1-2,140,1,,,,,,,
20250819,芦屋,4,サンライズＹ 進入固定,晴,南,1,1,5,6,5276,大 島 隆乃介,5,149,6.85,6,0.06,,1-2-4,280,1,1-2,150,1,1-2-4,180,1,1-2,140,1,,,,,,,
20250819,芦屋,4,サンライズＹ 進入固定,晴,南,1,1,6,3,4395,下 河 雅 史,11,119,6.88,3,0.14,,1-2-4,280,1,1-2,150,1,1-2-4,180,1,1-2,140,1,,,,,,,
20250819,芦屋,5,サンライズＺ,晴,北西,1,1,1,1,4831,羽 野 直 也,24,146,6.87,1,0.15,1.49.0,1-2-3,1250,5,1-2,290,1,1-2-3,650,3,1-2,250,1,,,,,,,
20250819,芦屋,5,サンライズＺ,晴,北西,1,1,2,2,4424,松 尾 昂 明,49,136,6.74,2,0.11,1.50.3,1-2-3,1250,5,1-2,290,1,1-2-3,650,3,1-2,250,1,,,,,,,
20250819,芦屋,5,サンライズＺ,晴,北西,1,1,3,3,5207,高 山 敬 悟,33,120,6.82,3,0.13,1.52.6,1-2-3,1250,5,1-2,290,1,1-2-3,650,3,1-2,250,1,,,,,,,
20250819,芦屋,5,サンライズＺ,晴,北西,1,1,4,4,4195,前 川 守 嗣,6,137,6.85,4,0.12,1.53.8,1-2-3,1250,5,1-2,290,1,1-2-3,650,3,1-2,250,1,,,,,,,
20250819,芦屋,5,サンライズＺ,晴,北西,1,1,5,6,3662,大 庭 元 明,25,127,6.81,6,0.11,,1-2-3,1250,5,1-2,290,1,1-2-3,650,3,1-2,250,1,,,,,,,
20250819,芦屋,5,サンライズＺ,晴,北西,1,1,6,5,4957,竹之内 極,8,135,6.82,5,0.11,,1-2-3,1250,5,1-2,290,1,1-2-3,650,3,1-2,250,1,,,,,,,
20250819,芦屋,6,予選,晴,北西,2,2,1,2,3783,瓜 生 正 義,13,150,6.78,2,0.07,1.49.2,2-4-5,1790,8,2-4,990,5,2-4-5,850,5,2-4,640,3,,,,,,,
20250819,芦屋,6,予選,晴,北西,2,2,2,4,4640,山ノ内 雅 人,28,130,6.81,4,0.11,1.50.3,2-4-5,1790,8,2-4,990,5,2-4-5,850,5,2-4,640,3,,,,,,,
20250819,芦屋,6,予選,晴,北西,2,2,3,5,4136,江 夏 満,46,165,6.78,5,0.15,1.51.5,2-4-5,1790,8,2-4,990,5,2-4-5,850,5,2-4,640,3,,,,,,,
20250819,芦屋,6,予選,晴,北西,2,2,4,1,4474,渡 辺 崇,39,114,6.79,1,0.09,1.52.4,2-4-5,1790,8,2-4,990,5,2-4-5,850,5,2-4,640,3,,,,,,,
20250819,芦屋,6,予選,晴,北西,2,2,5,6,5328,井 上 慧 人,26,116,6.75,6,0.23,,2-4-5,1790,8,2-4,990,5,2-4-5,850,5,2-4,640,3,,,,,,,
20250819,芦屋,6,予選,晴,北西,2,2,6,3,5093,浦 野 海,18,118,6.81,3,0.08,,2-4-5,1790,8,2-4,990,5,2-4-5,850,5,2-4,640,3,,,,,,,
20250819,芦屋,7,予選 進入固定,晴,北西,2,2,1,2,3804,中 渡 修 作,2,133,6.81,2,0.16,1.49.7,2-6-1,10260,43,2-6,3820,15,1-2-6,970,4,2-6,1210,7,,,,,,,
20250819,芦屋,7,予選 進入固定,晴,北西,2,2,2,6,3352,小 川 晃 司,43,169,6.91,6,0.08,1.52.1,2-6-1,10260,43,2-6,3820,15,1-2-6,970,4,2-6,1210,7,,,,,,,
20250819,芦屋,7,予選 進入固定,晴,北西,2,2,3,1,3825,宮 嵜 隆太郎,30,132,6.83,1,0.25,1.53.2,2-6-1,10260,43,2-6,3820,15,1-2-6,970,4,2-6,1210,7,,,,,,,
20250819,芦屋,7,予選 進入固定,晴,北西,2,2,4,5,5219,森 口 和 紀,37,129,6.80,5,0.15,1.53.5,2-6-1,10260,43,2-6,3820,15,1-2-6,970,4,2-6,1210,7,,,,,,,
20250819,芦屋,7,予選 進入固定,晴,北西,2,2,5,4,4485,楠 原 正 剛,15,148,6.85,4,0.10,,2-6-1,10260,43,2-6,3820,15,1-2-6,970,4,2-6,1210,7,,,,,,,
20250819,芦屋,7,予選 進入固定,晴,北西,2,2,6,3,4329,小 松 卓 司,7,152,6.86,3,0.11,,2-6-1,10260,43,2-6,3820,15,1-2-6,970,4,2-6,1210,7,,,,,,,
20250819,芦屋,8,予選,晴,北西,4,4,1,4,4394,永 嶋 裕 一,17,164,6.79,4,0.17,1.49.8,4-2-6,16000,48,4-2,4510,14,2-4-6,2440,13,2-4,1180,4,,,,,,,
20250819,芦屋,8,予選,晴,北西,4,4,2,2,4364,池 永 太,44,170,6.84,2,0.24,1.50.9,4-2-6,16000,48,4-2,4510,14,2-4-6,2440,13,2-4,1180,4,,,,,,,
20250819,芦屋,8,予選,晴,北西,4,4,3,6,5330,安河内 鈴之介,9,167,6.74,6,0.18,1.52.4,4-2-6,16000,48,4-2,4510,14,2-4-6,2440,13,2-4,1180,4,,,,,,,
20250819,芦屋,8,予選,晴,北西,4,4,4,5,4551,三 川 昂 暁,16,123,6.88,5,0.19,1.53.9,4-2-6,16000,48,4-2,4510,14,2-4-6,2440,13,2-4,1180,4,,,,,,,
20250819,芦屋,8,予選,晴,北西,4,4,5,3,5028,原 田 才一郎,22,161,6.75,3,0.26,,4-2-6,16000,48,4-2,4510,14,2-4-6,2440,13,2-4,1180,4,,,,,,,
20250819,芦屋,8,予選,晴,北西,4,4,6,1,4638,小 林 遼 太,52,141,6.79,1,0.33,,4-2-6,16000,48,4-2,4510,14,2-4-6,2440,13,2-4,1180,4,,,,,,,
20250819,芦屋,9,予選,晴,北西,3,3,1,3,3662,大 庭 元 明,25,127,6.83,3,0.11,1.50.2,3-1-2,6100,19,3-1,2810,9,1-2-3,240,1,1-3,540,3,,,,,,,
20250819,芦屋,9,予選,晴,北西,3,3,2,1,5041,荒 牧 凪 沙,58,153,6.87,1,0.16,1.51.1,3-1-2,6100,19,3-1,2810,9,1-2-3,240,1,1-3,540,3,,,,,,,
20250819,芦屋,9,予選,晴,北西,3,3,3,2,4477,篠 崎 仁 志,55,154,6.84,2,0.11,1.52.0,3-1-2,6100,19,3-1,2810,9,1-2-3,240,1,1-3,540,3,,,,,,,
20250819,芦屋,9,予選,晴,北西,3,3,4,4,4395,下 河 雅 史,11,119,6.87,4,0.16,1.52.5,3-1-2,6100,19,3-1,2810,9,1-2-3,240,1,1-3,540,3,,,,,,,
20250819,芦屋,9,予選,晴,北西,3,3,5,6,3514,山 一 鉄 也,1,111,6.85,6,0.18,,3-1-2,6100,19,3-1,2810,9,1-2-3,240,1,1-3,540,3,,,,,,,
20250819,芦屋,9,予選,晴,北西,3,3,6,5,3741,松 尾 基 成,42,122,6.95,5,0.17,,3-1-2,6100,19,3-1,2810,9,1-2-3,240,1,1-3,540,3,,,,,,,
20250819,芦屋,10,予選,晴,北西,4,4,1,5,4236,松 村 敏,54,145,6.77,5,0.14,1.49.1,5-2-1,1680,6,5-2,740,5,1-2-5,200,1,2-5,610,3,,,,,,,
20250819,芦屋,10,予選,晴,北西,4,4,2,2,4136,江 夏 満,46,165,6.79,2,0.25,1.50.0,5-2-1,1680,6,5-2,740,5,1-2-5,200,1,2-5,610,3,,,,,,,
20250819,芦屋,10,予選,晴,北西,4,4,3,1,4424,松 尾 昂 明,49,136,6.77,1,0.32,1.53.0,5-2-1,1680,6,5-2,740,5,1-2-5,200,1,2-5,610,3,,,,,,,
20250819,芦屋,10,予選,晴,北西,4,4,4,3,4193,郷 原 章 平,35,138,6.87,3,0.24,1.54.1,5-2-1,1680,6,5-2,740,5,1-2-5,200,1,2-5,610,3,,,,,,,
20250819,芦屋,10,予選,晴,北西,4,4,5,6,5286,坂 井 滉 哉,48,115,6.82,6,0.27,,5-2-1,1680,6,5-2,740,5,1-2-5,200,1,2-5,610,3,,,,,,,
20250819,芦屋,10,予選,晴,北西,4,4,6,4,3928,林 恵 祐,38,147,6.92,4,0.19,,5-2-1,1680,6,5-2,740,5,1-2-5,200,1,2-5,610,3,,,,,,,
20250819,芦屋,11,予選特選,晴,北西,3,3,1,1,4451,松 崎 祐太郎,29,143,6.86,1,0.09,1.49.1,1-3-5,1210,4,1-3,210,1,1-3-5,540,4,1-3,160,1,,,,,,,
20250819,芦屋,11,予選特選,晴,北西,3,3,2,3,3783,瓜 生 正 義,13,150,6.81,3,0.11,1.49.8,1-3-5,1210,4,1-3,210,1,1-3-5,540,4,1-3,160,1,,,,,,,
20250819,芦屋,11,予選特選,晴,北西,3,3,3,5,3352,小 川 晃 司,43,169,6.88,6,0.05,1.52.6,1-3-5,1210,4,1-3,210,1,1-3-5,540,4,1-3,160,1,,,,,,,
20250819,芦屋,11,予選特選,晴,北西,3,3,4,4,5053,山 口 広 樹,19,139,6.79,4,0.07,1.53.4,1-3-5,1210,4,1-3,210,1,1-3-5,540,4,1-3,160,1,,,,,,,
20250819,芦屋,11,予選特選,晴,北西,3,3,5,6,4189,川 上 剛,4,166,6.84,5,0.04,,1-3-5,1210,4,1-3,210,1,1-3-5,540,4,1-3,160,1,,,,,,,
20250819,芦屋,11,予選特選,晴,北西,3,3,6,2,5105,富 田 恕 生,34,159,6.82,2,0.11,,1-3-5,1210,4,1-3,210,1,1-3-5,540,4,1-3,160,1,,,,,,,
20250819,芦屋,12,あしや特選,晴,北西,3,3,1,1,4296,岡 崎 恭 裕,45,160,6.84,1,0.14,1.49.9,1-2-3,650,2,1-2,240,1,1-2-3,410,2,1-2,160,1,,,,,,,
20250819,芦屋,12,あしや特選,晴,北西,3,3,2,2,4288,永 田 啓 二,57,151,6.89,2,0.11,1.50.9,1-2-3,650,2,1-2,240,1,1-2-3,410,2,1-2,160,1,,,,,,,
20250819,芦屋,12,あしや特選,晴,北西,3,3,3,3,4640,山ノ内 雅 人,28,130,6.84,3,0.14,1.52.3,1-2-3,650,2,1-2,240,1,1-2-3,410,2,1-2,160,1,,,,,,,
20250819,芦屋,12,あしや特選,晴,北西,3,3,4,4,4736,高 倉 和 士,36,124,6.89,4,0.18,1.53.2,1-2-3,650,2,1-2,240,1,1-2-3,410,2,1-2,160,1,,,,,,,
20250819,芦屋,12,あしや特選,晴,北西,3,3,5,5,4195,前 川 守 嗣,6,137,6.86,5,0.09,,1-2-3,650,2,1-2,240,1,1-2-3,410,2,1-2,160,1,,,,,,,
20250819,芦屋,12,あしや特選,晴,北西,3,3,6,6,5028,原 田 才一郎,22,161,6.78,6,0.10,,1-2-3,650,2,1-2,240,1,1-2-3,410,2,1-2,160,1,,,,,,,
20250819,若松,1,一般戦,晴,北,2,2,1,1,4697,國 弘 翔 平,15,46,6.92,1,0.12,1.52.0,1-3-4,3190,10,1-3,910,3,1-3-4,1320,6,1-3,490,2,,,,,,,
20250819,若松,1,一般戦,晴,北,2,2,2,3,5268,山 本 幸 也,21,62,6.93,3,0.18,1.53.3,1-3-4,3190,10,1-3,910,3,1-3-4,1320,6,1-3,490,2,,,,,,,
20250819,若松,1,一般戦,晴,北,2,2,3,4,5263,花 田 凱 成,59,25,6.96,4,0.22,1.54.4,1-3-4,3190,10,1-3,910,3,1-3-4,1320,6,1-3,490,2,,,,,,,
20250819,若松,1,一般戦,晴,北,2,2,4,6,5398,鐘ヶ江 真 司,36,26,6.89,6,0.22,1.54.8,1-3-4,3190,10,1-3,910,3,1-3-4,1320,6,1-3,490,2,,,,,,,
20250819,若松,1,一般戦,晴,北,2,2,5,5,4936,戸 敷 晃 美,54,41,6.90,5,0.28,,1-3-4,3190,10,1-3,910,3,1-3-4,1320,6,1-3,490,2,,,,,,,
20250819,若松,1,一般戦,晴,北,2,2,6,2,3564,桑 原 啓,50,30,6.88,2,0.17,,1-3-4,3190,10,1-3,910,3,1-3-4,1320,6,1-3,490,2,,,,,,,
20250819,若松,2,一般戦,晴,北,2,2,1,1,4363,大 野 芳 顕,23,17,6.83,1,0.06,1.50.8,1-2-3,900,1,1-2,390,1,1-2-3,290,1,1-2,230,1,,,,,,,
20250819,若松,2,一般戦,晴,北,2,2,2,2,4590,渡 邉 優 美,1,31,6.89,3,0.19,1.52.2,1-2-3,900,1,1-2,390,1,1-2-3,290,1,1-2,230,1,,,,,,,
20250819,若松,2,一般戦,晴,北,2,2,3,3,3257,田 頭 実,27,63,6.90,2,0.11,1.53.8,1-2-3,900,1,1-2,390,1,1-2-3,290,1,1-2,230,1,,,,,,,
20250819,若松,2,一般戦,晴,北,2,2,4,6,4521,小 池 公 生,29,51,6.90,6,0.33,1.54.8,1-2-3,900,1,1-2,390,1,1-2-3,290,1,1-2,230,1,,,,,,,
20250819,若松,2,一般戦,晴,北,2,2,5,5,4314,青 木 幸太郎,43,27,6.89,5,0.24,,1-2-3,900,1,1-2,390,1,1-2-3,290,1,1-2,230,1,,,,,,,
20250819,若松,2,一般戦,晴,北,2,2,6,4,5022,伊 藤 尚 汰,40,74,6.87,4,0.22,,1-2-3,900,1,1-2,390,1,1-2-3,290,1,1-2,230,1,,,,,,,
20250819,若松,3,一般戦,晴,北,2,2,1,1,4737,竹 井 貴 史,55,47,6.86,1,0.08,1.50.8,1-2-6,1110,2,1-2,330,2,1-2-6,680,2,1-2,440,3,,,,,,,
20250819,若松,3,一般戦,晴,北,2,2,2,2,5303,土 井 歩 夢,2,29,6.90,2,0.06,1.52.8,1-2-6,1110,2,1-2,330,2,1-2-6,680,2,1-2,440,3,,,,,,,
20250819,若松,3,一般戦,晴,北,2,2,3,6,4566,塩 田 北 斗,3,22,6.89,6,0.11,1.54.2,1-2-6,1110,2,1-2,330,2,1-2-6,680,2,1-2,440,3,,,,,,,
20250819,若松,3,一般戦,晴,北,2,2,4,4,5104,山 田 丈,48,34,6.95,4,0.08,1.54.3,1-2-6,1110,2,1-2,330,2,1-2-6,680,2,1-2,440,3,,,,,,,
20250819,若松,3,一般戦,晴,北,2,2,5,3,4727,安 部 慎 一,39,18,6.93,3,0.09,,1-2-6,1110,2,1-2,330,2,1-2-6,680,2,1-2,440,3,,,,,,,
20250819,若松,3,一般戦,晴,北,2,2,6,5,4402,乙 藤 智 史,5,65,6.93,5,0.10,,1-2-6,1110,2,1-2,330,2,1-2-6,680,2,1-2,440,3,,,,,,,
20250819,若松,4,一般戦,晴,北,2,2,1,5,4155,長 野 壮志郎,42,55,6.84,5,0.09,1.50.8,5-6-3,16650,49,5-6,8110,17,3-5-6,2360,10,5-6,3520,10,,,,,,,
20250819,若松,4,一般戦,晴,北,2,2,2,6,4848,仲 谷 颯 仁,7,45,6.87,6,0.07,1.51.9,5-6-3,16650,49,5-6,8110,17,3-5-6,2360,10,5-6,3520,10,,,,,,,
20250819,若松,4,一般戦,晴,北,2,2,3,3,4371,西 山 貴 浩,60,37,6.96,3,0.15,1.53.6,5-6-3,16650,49,5-6,8110,17,3-5-6,2360,10,5-6,3520,10,,,,,,,
20250819,若松,4,一般戦,晴,北,2,2,4,2,4932,新 開 航,51,33,6.82,2,0.21,1.54.1,5-6-3,16650,49,5-6,8110,17,3-5-6,2360,10,5-6,3520,10,,,,,,,
20250819,若松,4,一般戦,晴,北,2,2,5,1,4447,深 川 麻奈美,16,13,6.85,1,0.16,,5-6-3,16650,49,5-6,8110,17,3-5-6,2360,10,5-6,3520,10,,,,,,,
20250819,若松,4,一般戦,晴,北,2,2,6,4,5148,松 本 怜,49,72,6.88,4,0.18,,5-6-3,16650,49,5-6,8110,17,3-5-6,2360,10,5-6,3520,10,,,,,,,
20250819,若松,5,進入固定戦隊 進入固定,晴,北,1,1,1,1,4545,岡 村 慶 太,17,60,6.82,1,0.08,1.50.8,1-3-4,690,4,1-3,240,2,1-3-4,430,3,1-3,300,2,,,,,,,
20250819,若松,5,進入固定戦隊 進入固定,晴,北,1,1,2,3,4556,竹 井 奈 美,56,24,6.85,3,0.11,1.51.8,1-3-4,690,4,1-3,240,2,1-3-4,430,3,1-3,300,2,,,,,,,
20250819,若松,5,進入固定戦隊 進入固定,晴,北,1,1,3,4,4607,鶴 田 勇 雄,20,58,6.85,4,0.08,1.53.7,1-3-4,690,4,1-3,240,2,1-3-4,430,3,1-3,300,2,,,,,,,
20250819,若松,5,進入固定戦隊 進入固定,晴,北,1,1,4,5,4861,田 中 宏 樹,52,36,6.87,5,0.12,1.55.4,1-3-4,690,4,1-3,240,2,1-3-4,430,3,1-3,300,2,,,,,,,
20250819,若松,5,進入固定戦隊 進入固定,晴,北,1,1,5,6,5210,藤 井 公 人,22,52,6.99,6,0.12,,1-3-4,690,4,1-3,240,2,1-3-4,430,3,1-3,300,2,,,,,,,
20250819,若松,5,進入固定戦隊 進入固定,晴,北,1,1,6,2,4958,溝 口 海義也,62,56,6.84,2,0.07,,1-3-4,690,4,1-3,240,2,1-3-4,430,3,1-3,300,2,,,,,,,
20250819,若松,6,一般戦,晴,北,1,1,1,2,5008,羽 野 諒,4,71,6.82,2,0.14,1.51.6,2-3-6,16300,48,2-3,4290,17,2-3-6,3950,14,2-3,2400,9,,,,,,,
20250819,若松,6,一般戦,晴,北,1,1,2,3,3898,平 田 忠 則,9,68,6.91,3,0.11,1.52.6,2-3-6,16300,48,2-3,4290,17,2-3-6,3950,14,2-3,2400,9,,,,,,,
20250819,若松,6,一般戦,晴,北,1,1,3,6,4433,川 野 芽 唯,44,49,6.83,6,0.26,1.54.2,2-3-6,16300,48,2-3,4290,17,2-3-6,3950,14,2-3,2400,9,,,,,,,
20250819,若松,6,一般戦,晴,北,1,1,4,4,4148,枝 尾 賢,38,32,6.93,4,0.18,1.54.5,2-3-6,16300,48,2-3,4290,17,2-3-6,3950,14,2-3,2400,9,,,,,,,
20250819,若松,6,一般戦,晴,北,1,1,5,5,4330,奈 須 啓 太,24,73,6.85,5,0.15,,2-3-6,16300,48,2-3,4290,17,2-3-6,3950,14,2-3,2400,9,,,,,,,
20250819,若松,6,一般戦,晴,北,1,1,6,1,4151,下 河 誉 史,45,21,6.84,1,0.21,,2-3-6,16300,48,2-3,4290,17,2-3-6,3950,14,2-3,2400,9,,,,,,,
20250819,若松,7,一般戦,晴,北,1,1,1,1,5158,宮 脇 遼 太,53,75,6.90,1,0.11,1.51.4,1-2-3,780,3,1-2,510,2,1-2-3,290,1,1-2,440,2,,,,,,,
20250819,若松,7,一般戦,晴,北,1,1,2,2,5022,伊 藤 尚 汰,40,74,6.88,2,0.08,1.52.4,1-2-3,780,3,1-2,510,2,1-2-3,290,1,1-2,440,2,,,,,,,
20250819,若松,7,一般戦,晴,北,1,1,3,3,4413,水 摩 敦,26,59,6.87,3,0.08,1.54.2,1-2-3,780,3,1-2,510,2,1-2-3,290,1,1-2,440,2,,,,,,,
20250819,若松,7,一般戦,晴,北,1,1,4,5,4899,占 部 一 真,47,50,6.99,5,0.03,1.54.8,1-2-3,780,3,1-2,510,2,1-2-3,290,1,1-2,440,2,,,,,,,
20250819,若松,7,一般戦,晴,北,1,1,5,4,5102,原 田 雄 次,13,64,6.90,4,0.08,,1-2-3,780,3,1-2,510,2,1-2-3,290,1,1-2,440,2,,,,,,,
20250819,若松,7,一般戦,晴,北,1,1,6,6,5239,上 野 俊 樹,37,61,6.92,6,0.14,,1-2-3,780,3,1-2,510,2,1-2-3,290,1,1-2,440,2,,,,,,,
20250819,若松,8,エイトビート,晴,北西,1,1,1,3,5193,米 丸 乃 絵,19,54,6.87,3,0.15,1.50.6,3-4-2,3500,14,3-4,890,5,2-3-4,1090,6,3-4,780,4,,,,,,,
20250819,若松,8,エイトビート,晴,北西,1,1,2,4,3616,中 村 真,34,38,6.86,4,0.17,1.52.0,3-4-2,3500,14,3-4,890,5,2-3-4,1090,6,3-4,780,4,,,,,,,
20250819,若松,8,エイトビート,晴,北西,1,1,3,2,4936,戸 敷 晃 美,54,41,6.89,2,0.15,1.54.0,3-4-2,3500,14,3-4,890,5,2-3-4,1090,6,3-4,780,4,,,,,,,
20250819,若松,8,エイトビート,晴,北西,1,1,4,5,5303,土 井 歩 夢,2,29,6.87,5,0.14,1.54.2,3-4-2,3500,14,3-4,890,5,2-3-4,1090,6,3-4,780,4,,,,,,,
20250819,若松,8,エイトビート,晴,北西,1,1,5,1,4764,小 池 礼 乃,31,69,6.83,1,0.12,,3-4-2,3500,14,3-4,890,5,2-3-4,1090,6,3-4,780,4,,,,,,,
20250819,若松,8,エイトビート,晴,北西,1,1,6,6,3953,志 道 吉 和,8,19,6.94,6,0.31,,3-4-2,3500,14,3-4,890,5,2-3-4,1090,6,3-4,780,4,,,,,,,
20250819,若松,9,準優勝戦,晴,北,1,1,1,3,4155,長 野 壮志郎,42,55,6.87,3,0.09,1.50.1,3-1-5,3880,17,3-1,1450,5,1-3-5,480,2,1-3,240,1,,,,,,,
20250819,若松,9,準優勝戦,晴,北,1,1,2,1,4566,塩 田 北 斗,3,22,6.81,1,0.17,1.51.8,3-1-5,3880,17,3-1,1450,5,1-3-5,480,2,1-3,240,1,,,,,,,
20250819,若松,9,準優勝戦,晴,北,1,1,3,5,4590,渡 邉 優 美,1,31,6.88,5,0.15,1.52.6,3-1-5,3880,17,3-1,1450,5,1-3-5,480,2,1-3,240,1,,,,,,,
20250819,若松,9,準優勝戦,晴,北,1,1,4,4,4371,西 山 貴 浩,60,37,6.97,4,0.12,1.53.8,3-1-5,3880,17,3-1,1450,5,1-3-5,480,2,1-3,240,1,,,,,,,
20250819,若松,9,準優勝戦,晴,北,1,1,5,6,4737,竹 井 貴 史,55,47,6.85,6,0.15,,3-1-5,3880,17,3-1,1450,5,1-3-5,480,2,1-3,240,1,,,,,,,
20250819,若松,9,準優勝戦,晴,北,1,1,6,2,4314,青 木 幸太郎,43,27,6.91,2,0.09,,3-1-5,3880,17,3-1,1450,5,1-3-5,480,2,1-3,240,1,,,,,,,
20250819,若松,10,準優勝戦,晴,北,1,1,1,1,4848,仲 谷 颯 仁,7,45,6.85,1,0.09,1.51.1,1-6-2,3220,12,1-6,1250,5,1-2-6,580,3,1-6,1440,5,,,,,,,
20250819,若松,10,準優勝戦,晴,北,1,1,2,6,4932,新 開 航,51,33,6.86,6,0.13,1.52.3,1-6-2,3220,12,1-6,1250,5,1-2-6,580,3,1-6,1440,5,,,,,,,
20250819,若松,10,準優勝戦,晴,北,1,1,3,2,4545,岡 村 慶 太,17,60,6.88,2,0.12,1.53.1,1-6-2,3220,12,1-6,1250,5,1-2-6,580,3,1-6,1440,5,,,,,,,
20250819,若松,10,準優勝戦,晴,北,1,1,4,3,5104,山 田 丈,48,34,6.87,3,0.09,1.54.9,1-6-2,3220,12,1-6,1250,5,1-2-6,580,3,1-6,1440,5,,,,,,,
20250819,若松,10,準優勝戦,晴,北,1,1,5,5,4958,溝 口 海義也,62,56,6.88,5,0.15,,1-6-2,3220,12,1-6,1250,5,1-2-6,580,3,1-6,1440,5,,,,,,,
20250819,若松,10,準優勝戦,晴,北,1,1,6,4,4363,大 野 芳 顕,23,17,6.82,4,0.13,,1-6-2,3220,12,1-6,1250,5,1-2-6,580,3,1-6,1440,5,,,,,,,
20250819,若松,11,準優勝戦,晴,無風,0,0,1,1,4433,川 野 芽 唯,44,49,6.88,1,0.17,1.50.4,1-3-6,4550,15,1-3,790,4,1-3-6,1720,9,1-3,920,4,,,,,,,
20250819,若松,11,準優勝戦,晴,無風,0,0,2,3,4607,鶴 田 勇 雄,20,58,6.88,5,0.13,1.52.9,1-3-6,4550,15,1-3,790,4,1-3-6,1720,9,1-3,920,4,,,,,,,
20250819,若松,11,準優勝戦,晴,無風,0,0,3,6,4151,下 河 誉 史,45,21,6.85,4,0.27,1.53.9,1-3-6,4550,15,1-3,790,4,1-3-6,1720,9,1-3,920,4,,,,,,,
20250819,若松,11,準優勝戦,晴,無風,0,0,4,5,4447,深 川 麻奈美,16,13,6.88,6,0.13,1.54.3,1-3-6,4550,15,1-3,790,4,1-3-6,1720,9,1-3,920,4,,,,,,,
20250819,若松,11,準優勝戦,晴,無風,0,0,5,4,3257,田 頭 実,27,63,6.91,3,0.17,,1-3-6,4550,15,1-3,790,4,1-3-6,1720,9,1-3,920,4,,,,,,,
20250819,若松,11,準優勝戦,晴,無風,0,0,6,2,4402,乙 藤 智 史,5,65,6.94,2,0.19,,1-3-6,4550,15,1-3,790,4,1-3-6,1720,9,1-3,920,4,,,,,,,
20250819,若松,12,一般戦,晴,北西,1,1,1,1,4413,水 摩 敦,26,59,6.89,1,0.15,1.51.4,1-2-6,1400,4,1-2,310,1,1-2-6,570,2,1-2,240,1,,,,,,,
20250819,若松,12,一般戦,晴,北西,1,1,2,2,4330,奈 須 啓 太,24,73,6.87,2,0.11,1.52.8,1-2-6,1400,4,1-2,310,1,1-2-6,570,2,1-2,240,1,,,,,,,
20250819,若松,12,一般戦,晴,北西,1,1,3,6,3898,平 田 忠 則,9,68,6.86,6,0.09,1.53.9,1-2-6,1400,4,1-2,310,1,1-2-6,570,2,1-2,240,1,,,,,,,
20250819,若松,12,一般戦,晴,北西,1,1,4,4,4556,竹 井 奈 美,56,24,6.89,4,0.16,1.54.9,1-2-6,1400,4,1-2,310,1,1-2-6,570,2,1-2,240,1,,,,,,,
20250819,若松,12,一般戦,晴,北西,1,1,5,3,5102,原 田 雄 次,13,64,6.93,3,0.12,,1-2-6,1400,4,1-2,310,1,1-2-6,570,2,1-2,240,1,,,,,,,
20250819,若松,12,一般戦,晴,北西,1,1,6,5,4727,安 部 慎 一,39,18,6.93,5,0.10,,1-2-6,1400,4,1-2,310,1,1-2-6,570,2,1-2,240,1,,,,,,,
