date,venue_name,race_no,race_type,weather,wind_dir,wind_ms,wave_cm,rank,waku,reg_no,name,motor_no,boat_no,exhibition_time,course_enter,st_timing,race_time,won3,won3_pay,won3_pop,won2,won2_pay,won2_pop,trio,trio_pay,trio_pop,pair,pair_pay,pair_pop
20250619,福岡,1,予選,晴,北東,3,3,1,1,4245,高 橋 直 哉,21,135,6.85,1,0.22,1.51.8,1-2-3,2020,6,1-2,520,2,1-2-3,480,2,1-2,860,4
20250619,福岡,1,予選,晴,北東,3,3,2,2,3370,坪 内 実,61,114,6.83,2,0.20,1.52.7,1-2-3,2020,6,1-2,520,2,1-2-3,480,2,1-2,860,4
20250619,福岡,1,予選,晴,北東,3,3,3,3,4022,待 鳥 雄 紀,63,104,6.87,3,0.24,1.54.3,1-2-3,2020,6,1-2,520,2,1-2-3,480,2,1-2,860,4
20250619,福岡,1,予選,晴,北東,3,3,4,4,4540,相 原 利 章,49,124,6.86,4,0.25,1.55.6,1-2-3,2020,6,1-2,520,2,1-2-3,480,2,1-2,860,4
20250619,福岡,1,予選,晴,北東,3,3,5,6,5041,荒 牧 凪 沙,14,115,6.81,6,0.20,,1-2-3,2020,6,1-2,520,2,1-2-3,480,2,1-2,860,4
20250619,福岡,1,予選,晴,北東,3,3,6,5,5302,秋 末 秦 悟,17,128,6.88,5,0.28,,1-2-3,2020,6,1-2,520,2,1-2-3,480,2,1-2,860,4
20250619,福岡,2,予選,晴,北,3,3,1,3,4608,荒 井 翔 伍,70,168,6.90,3,0.19,1.52.2,3-4-6,15280,40,3-4,1730,7,3-4-6,8420,13,3-4,1100,5
20250619,福岡,2,予選,晴,北,3,3,2,4,4750,井 上 尚 悟,65,129,6.85,4,0.17,1.53.4,3-4-6,15280,40,3-4,1730,7,3-4-6,8420,13,3-4,1100,5
20250619,福岡,2,予選,晴,北,3,3,3,6,4995,田 邉 亮 蔵,38,140,6.90,6,0.21,1.54.4,3-4-6,15280,40,3-4,1730,7,3-4-6,8420,13,3-4,1100,5
20250619,福岡,2,予選,晴,北,3,3,4,2,4729,佐 藤 謙史朗,30,133,6.84,2,0.22,1.54.6,3-4-6,15280,40,3-4,1730,7,3-4-6,8420,13,3-4,1100,5
20250619,福岡,2,予選,晴,北,3,3,5,1,4389,伊 藤 喜 智,39,138,6.85,1,0.27,,3-4-6,15280,40,3-4,1730,7,3-4-6,8420,13,3-4,1100,5
20250619,福岡,2,予選,晴,北,3,3,6,5,5286,坂 井 滉 哉,68,137,6.84,5,0.19,,3-4-6,15280,40,3-4,1730,7,3-4-6,8420,13,3-4,1100,5
20250619,福岡,3,予選,晴,北東,3,3,1,4,4330,奈 須 啓 太,60,120,6.79,4,0.08,1.51.5,4-5-6,8390,32,4-5,1960,8,4-5-6,4190,12,4-5,1240,4
20250619,福岡,3,予選,晴,北東,3,3,2,5,3771,折 下 寛 法,13,165,6.92,5,0.14,1.52.5,4-5-6,8390,32,4-5,1960,8,4-5-6,4190,12,4-5,1240,4
20250619,福岡,3,予選,晴,北東,3,3,3,6,5289,佃 來 紀,72,143,6.85,6,0.10,1.53.4,4-5-6,8390,32,4-5,1960,8,4-5-6,4190,12,4-5,1240,4
20250619,福岡,3,予選,晴,北東,3,3,4,2,4688,永 井 彪 也,56,119,6.88,2,0.18,1.54.1,4-5-6,8390,32,4-5,1960,8,4-5-6,4190,12,4-5,1240,4
20250619,福岡,3,予選,晴,北東,3,3,5,1,5274,城 間 盛 渚,64,134,6.77,1,0.28,,4-5-6,8390,32,4-5,1960,8,4-5-6,4190,12,4-5,1240,4
20250619,福岡,3,予選,晴,北東,3,3,6,3,5046,松 山 裕 基,54,109,6.83,3,0.17,,4-5-6,8390,32,4-5,1960,8,4-5-6,4190,12,4-5,1240,4
20250619,福岡,4,予選,晴,北,3,3,1,4,4560,庄 司 樹良々,44,113,6.89,4,0.16,1.50.3,4-3-5,4250,21,4-3,1280,7,3-4-5,630,4,3-4,680,3
20250619,福岡,4,予選,晴,北,3,3,2,3,3898,平 田 忠 則,74,136,6.90,3,0.18,1.51.7,4-3-5,4250,21,4-3,1280,7,3-4-5,630,4,3-4,680,3
20250619,福岡,4,予選,晴,北,3,3,3,5,4377,濱 本 優 一,67,123,6.84,5,0.25,1.53.4,4-3-5,4250,21,4-3,1280,7,3-4-5,630,4,3-4,680,3
20250619,福岡,4,予選,晴,北,3,3,4,2,4411,沢 田 昭 宏,11,101,6.85,2,0.21,1.54.1,4-3-5,4250,21,4-3,1280,7,3-4-5,630,4,3-4,680,3
20250619,福岡,4,予選,晴,北,3,3,5,6,5152,丸 山 祐 也,58,171,6.84,6,0.28,,4-3-5,4250,21,4-3,1280,7,3-4-5,630,4,3-4,680,3
20250619,福岡,4,予選,晴,北,3,3,6,1,3202,三 品 隆 浩,47,174,6.91,1,0.21,,4-3-5,4250,21,4-3,1280,7,3-4-5,630,4,3-4,680,3
20250619,福岡,5,予選,晴,北東,3,3,1,2,4607,鶴 田 勇 雄,42,151,6.87,2,0.25,1.51.1,2-1-3,2920,11,2-1,720,3,1-2-3,620,2,1-2,390,2
20250619,福岡,5,予選,晴,北東,3,3,2,1,3107,平 岡 重 典,45,127,6.90,1,0.24,1.53.1,2-1-3,2920,11,2-1,720,3,1-2-3,620,2,1-2,390,2
20250619,福岡,5,予選,晴,北東,3,3,3,3,4169,多 田 有 佑,36,163,6.90,3,0.26,1.54.0,2-1-3,2920,11,2-1,720,3,1-2-3,620,2,1-2,390,2
20250619,福岡,5,予選,晴,北東,3,3,4,6,4075,中 野 次 郎,50,148,6.87,6,0.24,1.55.6,2-1-3,2920,11,2-1,720,3,1-2-3,620,2,1-2,390,2
20250619,福岡,5,予選,晴,北東,3,3,5,5,5138,村 本 大 成,18,155,6.91,5,0.24,,2-1-3,2920,11,2-1,720,3,1-2-3,620,2,1-2,390,2
20250619,福岡,5,予選,晴,北東,3,3,6,4,3370,坪 内 実,61,114,6.94,4,0.23,,2-1-3,2920,11,2-1,720,3,1-2-3,620,2,1-2,390,2
20250619,福岡,6,予選,晴,北東,3,3,1,3,4832,権 藤 俊 光,73,169,6.86,3,0.18,1.55.4,3-1-2,4200,18,3-1,760,3,1-2-3,990,6,1-3,580,3
20250619,福岡,6,予選,晴,北東,3,3,2,1,4204,柴 田 大 輔,43,112,6.77,1,0.20,1.57.6,3-1-2,4200,18,3-1,760,3,1-2-3,990,6,1-3,580,3
20250619,福岡,6,予選,晴,北東,3,3,3,2,4995,田 邉 亮 蔵,38,140,6.88,2,0.24,2.02.3,3-1-2,4200,18,3-1,760,3,1-2-3,990,6,1-3,580,3
20250619,福岡,6,予選,晴,北東,3,3,4,5,4911,片 岡 大 地,59,158,6.91,6,0.19,2.06.5,3-1-2,4200,18,3-1,760,3,1-2-3,990,6,1-3,580,3
20250619,福岡,6,予選,晴,北東,3,3,5,6,4561,藤 山 翔 大,25,150,6.73,4,0.62,,3-1-2,4200,18,3-1,760,3,1-2-3,990,6,1-3,580,3
20250619,福岡,7,予選,晴,北東,3,3,1,1,3385,渡 邉 睦 広,26,149,6.88,1,0.16,1.50.9,1-3-5,2150,6,1-3,920,3,1-3-5,670,3,1-3,940,3
20250619,福岡,7,予選,晴,北東,3,3,2,3,5286,坂 井 滉 哉,68,137,6.89,3,0.18,1.52.8,1-3-5,2150,6,1-3,920,3,1-3-5,670,3,1-3,940,3
20250619,福岡,7,予選,晴,北東,3,3,3,5,4357,田 中 和 也,37,173,6.90,5,0.19,1.54.4,1-3-5,2150,6,1-3,920,3,1-3-5,670,3,1-3,940,3
20250619,福岡,7,予選,晴,北東,3,3,4,4,4245,高 橋 直 哉,21,135,6.91,4,0.21,1.55.2,1-3-5,2150,6,1-3,920,3,1-3-5,670,3,1-3,940,3
20250619,福岡,7,予選,晴,北東,3,3,5,6,4555,富 永 大 一,51,122,6.78,6,0.22,,1-3-5,2150,6,1-3,920,3,1-3-5,670,3,1-3,940,3
20250619,福岡,7,予選,晴,北東,3,3,6,2,4489,岩 川 仁 士,40,121,6.87,2,0.17,,1-3-5,2150,6,1-3,920,3,1-3-5,670,3,1-3,940,3
20250619,福岡,8,予選,晴,北,3,3,1,2,4236,松 村 敏,27,161,6.89,2,0.07,1.50.6,2-1-5,1060,4,2-1,310,1,1-2-5,550,3,1-2,200,1
20250619,福岡,8,予選,晴,北,3,3,2,1,2878,富 山 弘 幸,52,110,6.90,1,0.08,1.52.7,2-1-5,1060,4,2-1,310,1,1-2-5,550,3,1-2,200,1
20250619,福岡,8,予選,晴,北,3,3,3,5,4729,佐 藤 謙史朗,30,133,6.85,5,0.17,1.54.0,2-1-5,1060,4,2-1,310,1,1-2-5,550,3,1-2,200,1
20250619,福岡,8,予選,晴,北,3,3,4,3,4641,磯 村 匠,22,156,6.89,3,0.15,1.56.2,2-1-5,1060,4,2-1,310,1,1-2-5,550,3,1-2,200,1
20250619,福岡,8,予選,晴,北,3,3,5,4,5046,松 山 裕 基,54,109,6.84,4,0.17,,2-1-5,1060,4,2-1,310,1,1-2-5,550,3,1-2,200,1
20250619,福岡,8,予選,晴,北,3,3,6,6,5285,若 林 麗,71,142,6.87,6,0.22,,2-1-5,1060,4,2-1,310,1,1-2-5,550,3,1-2,200,1
20250619,福岡,9,予選特賞,晴,北,2,2,1,1,4463,三 苫 晃 幸,29,108,6.81,1,0.10,1.51.5,1-3-6,5500,18,1-3,310,1,1-3-6,3650,12,1-3,300,1
20250619,福岡,9,予選特賞,晴,北,2,2,2,3,4538,笠 置 博 之,23,139,6.90,3,0.21,1.52.8,1-3-6,5500,18,1-3,310,1,1-3-6,3650,12,1-3,300,1
20250619,福岡,9,予選特賞,晴,北,2,2,3,6,4411,沢 田 昭 宏,11,101,6.86,6,0.24,1.54.1,1-3-6,5500,18,1-3,310,1,1-3-6,3650,12,1-3,300,1
20250619,福岡,9,予選特賞,晴,北,2,2,4,4,5274,城 間 盛 渚,64,134,6.80,4,0.15,1.55.0,1-3-6,5500,18,1-3,310,1,1-3-6,3650,12,1-3,300,1
20250619,福岡,9,予選特賞,晴,北,2,2,5,2,4540,相 原 利 章,49,124,6.86,2,0.09,,1-3-6,5500,18,1-3,310,1,1-3-6,3650,12,1-3,300,1
20250619,福岡,9,予選特賞,晴,北,2,2,6,5,4608,荒 井 翔 伍,70,168,6.88,5,0.17,,1-3-6,5500,18,1-3,310,1,1-3-6,3650,12,1-3,300,1
20250619,福岡,10,予選特賞,晴,北,2,2,1,3,4330,奈 須 啓 太,60,120,6.86,3,0.14,1.51.4,3-2-5,8270,26,3-2,1780,6,2-3-5,5600,13,2-3,1230,5
20250619,福岡,10,予選特賞,晴,北,2,2,2,2,4377,濱 本 優 一,67,123,6.92,2,0.17,1.51.8,3-2-5,8270,26,3-2,1780,6,2-3-5,5600,13,2-3,1230,5
20250619,福岡,10,予選特賞,晴,北,2,2,3,5,4389,伊 藤 喜 智,39,138,6.92,5,0.29,1.54.3,3-2-5,8270,26,3-2,1780,6,2-3-5,5600,13,2-3,1230,5
20250619,福岡,10,予選特賞,晴,北,2,2,4,4,3888,山 本 英 志,46,154,6.90,4,0.34,1.55.5,3-2-5,8270,26,3-2,1780,6,2-3-5,5600,13,2-3,1230,5
20250619,福岡,10,予選特賞,晴,北,2,2,5,6,4022,待 鳥 雄 紀,63,104,6.92,6,0.29,,3-2-5,8270,26,3-2,1780,6,2-3-5,5600,13,2-3,1230,5
20250619,福岡,10,予選特賞,晴,北,2,2,6,1,4083,福 島 勇 樹,33,157,6.87,1,0.28,,3-2-5,8270,26,3-2,1780,6,2-3-5,5600,13,2-3,1230,5
20250619,福岡,11,予選特選,晴,北,2,2,1,4,4561,藤 山 翔 大,25,150,6.75,4,0.18,1.50.6,4-6-1,8210,35,4-6,2310,12,1-4-6,1980,11,4-6,2150,10
20250619,福岡,11,予選特選,晴,北,2,2,2,6,4560,庄 司 樹良々,44,113,6.89,6,0.17,1.51.8,4-6-1,8210,35,4-6,2310,12,1-4-6,1980,11,4-6,2150,10
20250619,福岡,11,予選特選,晴,北,2,2,3,1,4119,泥 谷 一 毅,31,160,6.86,1,0.19,1.53.7,4-6-1,8210,35,4-6,2310,12,1-4-6,1980,11,4-6,2150,10
20250619,福岡,11,予選特選,晴,北,2,2,4,5,4607,鶴 田 勇 雄,42,151,6.83,5,0.17,1.54.4,4-6-1,8210,35,4-6,2310,12,1-4-6,1980,11,4-6,2150,10
20250619,福岡,11,予選特選,晴,北,2,2,5,3,3771,折 下 寛 法,13,165,6.93,3,0.19,,4-6-1,8210,35,4-6,2310,12,1-4-6,1980,11,4-6,2150,10
20250619,福岡,11,予選特選,晴,北,2,2,6,2,4287,今 井 貴 士,12,145,6.88,2,0.17,,4-6-1,8210,35,4-6,2310,12,1-4-6,1980,11,4-6,2150,10
20250619,芦屋,12,ドリームレー,晴,北,2,2,1,4,4236,松 村 敏,27,161,6.85,4,0.07,1.49.1,4-1-2,4250,15,4-1,1110,4,1-2-4,440,1,1-4,440,2
20250619,芦屋,12,ドリームレー,晴,北,2,2,2,1,3898,平 田 忠 則,74,136,6.87,1,0.06,1.50.6,4-1-2,4250,15,4-1,1110,4,1-2-4,440,1,1-4,440,2
20250619,芦屋,12,ドリームレー,晴,北,2,2,3,2,4075,中 野 次 郎,50,148,6.87,2,0.06,1.52.4,4-1-2,4250,15,4-1,1110,4,1-2-4,440,1,1-4,440,2
20250619,芦屋,12,ドリームレー,晴,北,2,2,4,6,4832,権 藤 俊 光,73,169,6.83,6,0.12,1.53.1,4-1-2,4250,15,4-1,1110,4,1-2-4,440,1,1-4,440,2
20250619,芦屋,12,ドリームレー,晴,北,2,2,5,3,4357,田 中 和 也,37,173,6.89,3,0.11,,4-1-2,4250,15,4-1,1110,4,1-2-4,440,1,1-4,440,2
20250619,芦屋,12,ドリームレー,晴,北,2,2,6,5,4688,永 井 彪 也,56,119,6.92,5,0.10,,4-1-2,4250,15,4-1,1110,4,1-2-4,440,1,1-4,440,2
20250619,芦屋,1,一般,晴,無風,0,1,1,5,5083,柳 瀬 幹 太,46,155,6.76,5,0.06,1.47.9,5-1-2,24110,46,5-1,7900,15,1-2-5,1230,6,1-5,1160,4
20250619,芦屋,1,一般,晴,無風,0,1,2,1,5018,竹 下 大 樹,36,121,6.75,1,0.18,1.48.6,5-1-2,24110,46,5-1,7900,15,1-2-5,1230,6,1-5,1160,4
20250619,芦屋,1,一般,晴,無風,0,1,3,2,5093,浦 野 海,4,134,6.82,2,0.14,1.52.0,5-1-2,24110,46,5-1,7900,15,1-2-5,1230,6,1-5,1160,4
20250619,芦屋,1,一般,晴,無風,0,1,4,6,5241,門 田 栞,25,150,6.76,6,0.11,1.53.6,5-1-2,24110,46,5-1,7900,15,1-2-5,1230,6,1-5,1160,4
20250619,芦屋,1,一般,晴,無風,0,1,5,4,4884,勝 浦 真 帆,8,111,6.79,4,0.21,,5-1-2,24110,46,5-1,7900,15,1-2-5,1230,6,1-5,1160,4
20250619,芦屋,1,一般,晴,無風,0,1,6,3,5109,川 崎 智 稔,23,166,6.82,3,0.13,,5-1-2,24110,46,5-1,7900,15,1-2-5,1230,6,1-5,1160,4
20250619,芦屋,2,一般,晴,東,1,1,1,4,5145,島 川 海 輝,5,115,6.76,4,0.16,1.49.4,4-2-6,34000,71,4-2,7200,16,2-4-6,7700,15,2-4,5090,10
20250619,芦屋,2,一般,晴,東,1,1,2,2,5105,富 田 恕 生,29,127,6.89,2,0.27,1.49.8,4-2-6,34000,71,4-2,7200,16,2-4-6,7700,15,2-4,5090,10
20250619,芦屋,2,一般,晴,東,1,1,3,6,5222,津 田 陸 翔,45,124,6.74,6,0.21,1.50.0,4-2-6,34000,71,4-2,7200,16,2-4-6,7700,15,2-4,5090,10
20250619,芦屋,2,一般,晴,東,1,1,4,5,5172,田 村 慶,19,160,6.78,5,0.11,1.52.1,4-2-6,34000,71,4-2,7200,16,2-4-6,7700,15,2-4,5090,10
20250619,芦屋,2,一般,晴,東,1,1,5,1,5104,山 田 丈,38,162,6.76,1,0.32,,4-2-6,34000,71,4-2,7200,16,2-4-6,7700,15,2-4,5090,10
20250619,芦屋,2,一般,晴,東,1,1,6,3,4991,宗 行 治 哉,31,143,6.86,3,0.22,,4-2-6,34000,71,4-2,7200,16,2-4-6,7700,15,2-4,5090,10
20250619,芦屋,3,一般,晴,北西,3,3,1,5,5126,山 下 大 輝,30,119,6.76,5,0.15,1.54.3,5-4-1,6030,23,5-4,4180,10,1-4-5,510,2,4-5,1560,5
20250619,芦屋,3,一般,晴,北西,3,3,2,4,4963,實 森 美 祐,22,165,6.83,4,0.15,1.57.3,5-4-1,6030,23,5-4,4180,10,1-4-5,510,2,4-5,1560,5
20250619,芦屋,3,一般,晴,北西,3,3,3,1,4966,田 川 大 貴,42,152,6.82,1,0.17,2.00.0,5-4-1,6030,23,5-4,4180,10,1-4-5,510,2,4-5,1560,5
20250619,芦屋,3,一般,晴,北西,3,3,4,3,5012,加 倉 侑 征,37,135,6.88,3,0.16,2.03.0,5-4-1,6030,23,5-4,4180,10,1-4-5,510,2,4-5,1560,5
20250619,芦屋,3,一般,晴,北西,3,3,5,6,5189,藤 原 早 菜,50,159,6.76,6,0.25,,5-4-1,6030,23,5-4,4180,10,1-4-5,510,2,4-5,1560,5
20250619,芦屋,4,一般,晴,北西,2,2,1,3,4938,小 芦 るり華,48,132,6.81,3,0.11,1.49.2,3-2-1,23680,48,3-2,11470,19,1-2-3,530,2,2-3,3320,9
20250619,芦屋,4,一般,晴,北西,2,2,2,2,5055,眞 鳥 章 太,33,154,6.91,2,0.20,1.51.3,3-2-1,23680,48,3-2,11470,19,1-2-3,530,2,2-3,3320,9
20250619,芦屋,4,一般,晴,北西,2,2,3,1,4980,佐々木 完 太,34,149,6.83,1,0.18,1.53.0,3-2-1,23680,48,3-2,11470,19,1-2-3,530,2,2-3,3320,9
20250619,芦屋,4,一般,晴,北西,2,2,4,6,5136,濱 野 斗 馬,32,144,6.86,6,0.19,1.53.4,3-2-1,23680,48,3-2,11470,19,1-2-3,530,2,2-3,3320,9
20250619,芦屋,4,一般,晴,北西,2,2,5,5,5053,山 口 広 樹,53,138,6.82,5,0.09,,3-2-1,23680,48,3-2,11470,19,1-2-3,530,2,2-3,3320,9
20250619,芦屋,4,一般,晴,北西,2,2,6,4,5161,登 玉 隼 百,41,148,6.84,4,0.09,,3-2-1,23680,48,3-2,11470,19,1-2-3,530,2,2-3,3320,9
20250619,芦屋,5,一般,晴,北西,4,4,1,4,5257,西 丸 侑太朗,16,137,6.80,4,0.04,1.48.3,4-5-1,12790,39,4-5,5510,15,1-4-5,1760,7,4-5,2890,9
20250619,芦屋,5,一般,晴,北西,4,4,2,5,5188,武 井 莉里佳,11,146,6.77,5,0.06,1.50.5,4-5-1,12790,39,4-5,5510,15,1-4-5,1760,7,4-5,2890,9
20250619,芦屋,5,一般,晴,北西,4,4,3,1,4931,木 谷 賢 太,60,112,6.83,1,0.09,1.51.2,4-5-1,12790,39,4-5,5510,15,1-4-5,1760,7,4-5,2890,9
20250619,芦屋,5,一般,晴,北西,4,4,4,2,5083,柳 瀬 幹 太,46,155,6.77,2,0.07,1.52.6,4-5-1,12790,39,4-5,5510,15,1-4-5,1760,7,4-5,2890,9
20250619,芦屋,5,一般,晴,北西,4,4,5,6,5134,大 原 祥 昌,54,116,6.74,6,0.11,,4-5-1,12790,39,4-5,5510,15,1-4-5,1760,7,4-5,2890,9
20250619,芦屋,5,一般,晴,北西,4,4,6,3,4884,勝 浦 真 帆,8,111,6.80,3,0.08,,4-5-1,12790,39,4-5,5510,15,1-4-5,1760,7,4-5,2890,9
20250619,芦屋,6,一般,晴,北西,3,3,1,2,5222,津 田 陸 翔,45,124,6.82,2,0.15,1.47.9,2-1-3,5780,21,2-1,1590,5,1-2-3,580,3,1-2,440,2
20250619,芦屋,6,一般,晴,北西,3,3,2,1,5163,清 水 愛 海,17,164,6.84,1,0.13,1.49.3,2-1-3,5780,21,2-1,1590,5,1-2-3,580,3,1-2,440,2
20250619,芦屋,6,一般,晴,北西,3,3,3,3,5014,梶 山 涼 斗,18,129,6.76,3,0.12,1.51.8,2-1-3,5780,21,2-1,1590,5,1-2-3,580,3,1-2,440,2
20250619,芦屋,6,一般,晴,北西,3,3,4,4,5018,竹 下 大 樹,36,121,6.77,4,0.17,1.53.4,2-1-3,5780,21,2-1,1590,5,1-2-3,580,3,1-2,440,2
20250619,芦屋,6,一般,晴,北西,3,3,5,5,5093,浦 野 海,4,134,6.86,5,0.25,,2-1-3,5780,21,2-1,1590,5,1-2-3,580,3,1-2,440,2
20250619,芦屋,6,一般,晴,北西,3,3,6,6,5111,三 村 岳 人,26,123,6.82,6,0.28,,2-1-3,5780,21,2-1,1590,5,1-2-3,580,3,1-2,440,2
20250619,芦屋,7,一般,晴,北西,4,4,1,3,5126,山 下 大 輝,30,119,6.77,3,0.04,1.49.1,3-5-1,6640,31,3-5,1690,9,1-3-5,890,4,3-5,1370,8
20250619,芦屋,7,一般,晴,北西,4,4,2,5,5060,数 原 魁,15,163,6.80,5,0.11,1.50.1,3-5-1,6640,31,3-5,1690,9,1-3-5,890,4,3-5,1370,8
20250619,芦屋,7,一般,晴,北西,4,4,3,1,4991,宗 行 治 哉,31,143,6.91,1,0.11,1.51.9,3-5-1,6640,31,3-5,1690,9,1-3-5,890,4,3-5,1370,8
20250619,芦屋,7,一般,晴,北西,4,4,4,2,5012,加 倉 侑 征,37,135,6.86,2,0.10,1.52.7,3-5-1,6640,31,3-5,1690,9,1-3-5,890,4,3-5,1370,8
20250619,芦屋,7,一般,晴,北西,4,4,5,6,5145,島 川 海 輝,5,115,6.83,6,0.18,,3-5-1,6640,31,3-5,1690,9,1-3-5,890,4,3-5,1370,8
20250619,芦屋,7,一般,晴,北西,4,4,6,4,5109,川 崎 智 稔,23,166,6.83,4,0.09,,3-5-1,6640,31,3-5,1690,9,1-3-5,890,4,3-5,1370,8
20250619,芦屋,8,一般,晴,北西,3,3,1,1,5161,登 玉 隼 百,41,148,6.82,1,0.06,1.48.5,1-6-4,5910,20,1-6,2150,10,1-4-6,660,2,1-6,1090,4
20250619,芦屋,8,一般,晴,北西,3,3,2,6,4963,實 森 美 祐,22,165,6.84,6,0.17,1.50.3,1-6-4,5910,20,1-6,2150,10,1-4-6,660,2,1-6,1090,4
20250619,芦屋,8,一般,晴,北西,3,3,3,4,4980,佐々木 完 太,34,149,6.85,2,0.09,1.51.6,1-6-4,5910,20,1-6,2150,10,1-4-6,660,2,1-6,1090,4
20250619,芦屋,8,一般,晴,北西,3,3,4,5,5105,富 田 恕 生,29,127,6.86,5,0.04,1.52.0,1-6-4,5910,20,1-6,2150,10,1-4-6,660,2,1-6,1090,4
20250619,芦屋,8,一般,晴,北西,3,3,5,3,4966,田 川 大 貴,42,152,6.85,3,0.09,,1-6-4,5910,20,1-6,2150,10,1-4-6,660,2,1-6,1090,4
20250619,芦屋,8,一般,晴,北西,3,3,6,2,5241,門 田 栞,25,150,6.77,4,0.04,,1-6-4,5910,20,1-6,2150,10,1-4-6,660,2,1-6,1090,4
20250619,芦屋,9,一般,晴,北西,2,2,1,4,5104,山 田 丈,38,162,6.81,4,0.09,1.48.0,4-1-5,6010,22,4-1,1640,6,1-4-5,1240,5,1-4,680,3
20250619,芦屋,9,一般,晴,北西,2,2,2,1,5257,西 丸 侑太朗,16,137,6.79,1,0.15,1.48.9,4-1-5,6010,22,4-1,1640,6,1-4-5,1240,5,1-4,680,3
20250619,芦屋,9,一般,晴,北西,2,2,3,5,5055,眞 鳥 章 太,33,154,6.92,5,0.12,1.52.4,4-1-5,6010,22,4-1,1640,6,1-4-5,1240,5,1-4,680,3
20250619,芦屋,9,一般,晴,北西,2,2,4,3,4931,木 谷 賢 太,60,112,6.86,3,0.13,1.52.9,4-1-5,6010,22,4-1,1640,6,1-4-5,1240,5,1-4,680,3
20250619,芦屋,9,一般,晴,北西,2,2,5,2,5053,山 口 広 樹,53,138,6.82,2,0.15,,4-1-5,6010,22,4-1,1640,6,1-4-5,1240,5,1-4,680,3
20250619,芦屋,9,一般,晴,北西,2,2,6,6,5206,梅 原 祥 平,13,136,6.79,6,0.07,,4-1-5,6010,22,4-1,1640,6,1-4-5,1240,5,1-4,680,3
20250619,芦屋,10,準優勝戦,晴,北西,3,3,1,2,5043,中 村 日 向,1,156,6.76,2,0.16,1.47.9,2-1-4,2950,11,2-1,550,3,1-2-4,430,2,1-2,310,1
20250619,芦屋,10,準優勝戦,晴,北西,3,3,2,1,5158,宮 脇 遼 太,9,139,6.78,1,0.24,1.49.6,2-1-4,2950,11,2-1,550,3,1-2-4,430,2,1-2,310,1
20250619,芦屋,10,準優勝戦,晴,北西,3,3,3,4,5276,大 島 隆乃介,52,170,6.83,4,0.11,1.51.2,2-1-4,2950,11,2-1,550,3,1-2-4,430,2,1-2,310,1
20250619,芦屋,10,準優勝戦,晴,北西,3,3,4,3,4857,加 藤 翔 馬,43,118,6.84,3,0.15,1.52.6,2-1-4,2950,11,2-1,550,3,1-2-4,430,2,1-2,310,1
20250619,芦屋,10,準優勝戦,晴,北西,3,3,5,6,5016,宮 田 龍 馬,39,122,6.81,6,0.17,,2-1-4,2950,11,2-1,550,3,1-2-4,430,2,1-2,310,1
20250619,芦屋,10,準優勝戦,晴,北西,3,3,6,5,5027,重 冨 勇 哉,44,145,6.81,5,0.18,,2-1-4,2950,11,2-1,550,3,1-2-4,430,2,1-2,310,1
20250619,芦屋,11,準優勝戦,晴,北西,3,3,1,1,5142,常 住 蓮,24,141,6.80,1,0.08,1.48.3,1-4-2,870,3,1-4,410,2,1-2-4,360,1,1-4,450,2
20250619,芦屋,11,準優勝戦,晴,北西,3,3,2,4,5029,中 亮 太,59,153,6.69,4,0.06,1.49.7,1-4-2,870,3,1-4,410,2,1-2-4,360,1,1-4,450,2
20250619,芦屋,11,準優勝戦,晴,北西,3,3,3,2,5058,前 原 大 道,55,133,6.83,2,0.16,1.50.0,1-4-2,870,3,1-4,410,2,1-2-4,360,1,1-4,450,2
20250619,芦屋,11,準優勝戦,晴,北西,3,3,4,3,4981,牧 山 敦 也,6,125,6.79,3,0.11,1.51.9,1-4-2,870,3,1-4,410,2,1-2-4,360,1,1-4,450,2
20250619,芦屋,11,準優勝戦,晴,北西,3,3,5,5,5032,谷 口 知 優,20,126,6.82,5,0.04,,1-4-2,870,3,1-4,410,2,1-2-4,360,1,1-4,450,2
20250619,芦屋,11,準優勝戦,晴,北西,3,3,6,6,5129,山 口 真喜子,2,147,6.82,6,0.07,,1-4-2,870,3,1-4,410,2,1-2-4,360,1,1-4,450,2
20250619,若松,12,準優勝戦,晴,北西,3,3,1,1,5224,西 岡 顕 心,28,131,6.79,1,0.08,1.48.8,1-4-5,3490,14,1-4,560,2,1-4-5,1660,6,1-4,880,4
20250619,若松,12,準優勝戦,晴,北西,3,3,2,4,5181,森 智 哉,56,169,6.81,4,0.16,1.50.0,1-4-5,3490,14,1-4,560,2,1-4-5,1660,6,1-4,880,4
20250619,若松,12,準優勝戦,晴,北西,3,3,3,5,4985,井 本 昌 也,49,130,6.86,5,0.15,1.51.8,1-4-5,3490,14,1-4,560,2,1-4-5,1660,6,1-4,880,4
20250619,若松,12,準優勝戦,晴,北西,3,3,4,6,5009,大 賀 龍之介,57,114,6.83,6,0.18,1.52.3,1-4-5,3490,14,1-4,560,2,1-4-5,1660,6,1-4,880,4
20250619,若松,12,準優勝戦,晴,北西,3,3,5,3,5015,高 橋 竜 矢,7,140,6.88,3,0.11,,1-4-5,3490,14,1-4,560,2,1-4-5,1660,6,1-4,880,4
20250619,若松,12,準優勝戦,晴,北西,3,3,6,2,5092,篠 原 晟 弥,58,167,6.84,2,0.06,,1-4-5,3490,14,1-4,560,2,1-4-5,1660,6,1-4,880,4
20250619,若松,1,予選,晴,北西,3,3,1,5,4484,稲 生 夏 季,57,12,6.90,5,0.19,1.50.9,5-1-2,9330,29,5-1,3900,12,1-2-5,380,2,1-5,790,4
20250619,若松,1,予選,晴,北西,3,3,2,1,4349,犬 童 千 秋,62,24,6.89,1,0.29,1.51.6,5-1-2,9330,29,5-1,3900,12,1-2-5,380,2,1-5,790,4
20250619,若松,1,予選,晴,北西,3,3,3,2,5277,井 上 未 都,53,66,6.93,2,0.26,1.53.9,5-1-2,9330,29,5-1,3900,12,1-2-5,380,2,1-5,790,4
20250619,若松,1,予選,晴,北西,3,3,4,6,4385,鈴 木 祐美子,14,45,6.80,6,0.21,1.56.0,5-1-2,9330,29,5-1,3900,12,1-2-5,380,2,1-5,790,4
20250619,若松,1,予選,晴,北西,3,3,5,4,5283,植 木 美 帆,32,41,6.92,4,0.21,,5-1-2,9330,29,5-1,3900,12,1-2-5,380,2,1-5,790,4
20250619,若松,1,予選,晴,北西,3,3,6,3,4408,仁 科 さやか,55,72,6.92,3,0.26,,5-1-2,9330,29,5-1,3900,12,1-2-5,380,2,1-5,790,4
20250619,若松,2,予選,晴,北西,4,4,1,2,4065,金 田 幸 子,12,38,6.85,2,0.25,1.51.2,2-6-3,9720,38,2-6,3050,14,2-3-6,1400,7,2-6,2460,7
20250619,若松,2,予選,晴,北西,4,4,2,6,3993,永 井 聖 美,58,69,6.83,6,0.28,1.52.5,2-6-3,9720,38,2-6,3050,14,2-3-6,1400,7,2-6,2460,7
20250619,若松,2,予選,晴,北西,4,4,3,3,5153,佐 藤 ほのか,34,68,6.71,3,0.26,1.53.7,2-6-3,9720,38,2-6,3050,14,2-3-6,1400,7,2-6,2460,7
20250619,若松,2,予選,晴,北西,4,4,4,5,3845,中 谷 朋 子,27,25,6.87,5,0.30,1.56.4,2-6-3,9720,38,2-6,3050,14,2-3-6,1400,7,2-6,2460,7
20250619,若松,2,予選,晴,北西,4,4,5,4,4990,田 中 博 子,19,36,6.90,4,0.31,,2-6-3,9720,38,2-6,3050,14,2-3-6,1400,7,2-6,2460,7
20250619,若松,2,予選,晴,北西,4,4,6,1,5180,藤 本 紗弥香,6,22,6.82,1,0.21,,2-6-3,9720,38,2-6,3050,14,2-3-6,1400,7,2-6,2460,7
20250619,若松,3,予選,晴,北西,3,3,1,5,4530,小 野 生 奈,25,65,6.80,5,0.23,1.50.6,5-2-4,4120,17,5-2,850,2,2-4-5,620,3,2-5,340,1
20250619,若松,3,予選,晴,北西,3,3,2,2,3232,山 川 美由紀,61,42,6.85,2,0.28,1.52.3,5-2-4,4120,17,5-2,850,2,2-4-5,620,3,2-5,340,1
20250619,若松,3,予選,晴,北西,3,3,3,4,4901,出 口 舞有子,10,43,6.72,4,0.27,1.54.2,5-2-4,4120,17,5-2,850,2,2-4-5,620,3,2-5,340,1
20250619,若松,3,予選,晴,北西,3,3,4,3,4947,間 庭 菜 摘,24,15,6.80,3,0.29,1.55.7,5-2-4,4120,17,5-2,850,2,2-4-5,620,3,2-5,340,1
20250619,若松,3,予選,晴,北西,3,3,5,6,4893,渡 邉 真奈美,16,74,6.85,6,0.26,,5-2-4,4120,17,5-2,850,2,2-4-5,620,3,2-5,340,1
20250619,若松,3,予選,晴,北西,3,3,6,1,4844,村 上 奈 穂,23,37,6.81,1,0.29,,5-2-4,4120,17,5-2,850,2,2-4-5,620,3,2-5,340,1
20250619,若松,4,予選,晴,北西,3,3,1,1,4525,真 子 奈津実,40,53,6.79,1,0.05,1.50.8,1-2-4,830,1,1-2,430,1,1-2-4,280,1,1-2,310,1
20250619,若松,4,予選,晴,北西,3,3,2,2,4447,深 川 麻奈美,36,73,6.80,3,0.08,1.51.9,1-2-4,830,1,1-2,430,1,1-2-4,280,1,1-2,310,1
20250619,若松,4,予選,晴,北西,3,3,3,4,4045,佐々木 裕 美,49,26,6.77,2,0.07,1.53.6,1-2-4,830,1,1-2,430,1,1-2-4,280,1,1-2,310,1
20250619,若松,4,予選,晴,北西,3,3,4,5,5195,北 村 寧 々,59,35,6.84,4,0.09,1.54.6,1-2-4,830,1,1-2,430,1,1-2-4,280,1,1-2,310,1
20250619,若松,4,予選,晴,北西,3,3,5,6,4819,蜂 須 瑞 生,17,56,6.81,5,0.19,,1-2-4,830,1,1-2,430,1,1-2-4,280,1,1-2,310,1
20250619,若松,4,予選,晴,北西,3,3,6,3,4940,白 石 有 美,35,59,6.94,6,0.13,,1-2-4,830,1,1-2,430,1,1-2-4,280,1,1-2,310,1
20250619,若松,5,進入固定戦隊 進入固定,晴,北西,3,3,1,1,3435,寺 田 千 恵,54,54,6.77,1,0.17,1.50.8,1-3-6,3430,11,1-3,580,3,1-3-6,1620,8,1-3,860,3
20250619,若松,5,進入固定戦隊 進入固定,晴,北西,3,3,2,3,4098,赤 澤 文 香,11,23,6.81,3,0.11,1.52.4,1-3-6,3430,11,1-3,580,3,1-3-6,1620,8,1-3,860,3
20250619,若松,5,進入固定戦隊 進入固定,晴,北西,3,3,3,6,5277,井 上 未 都,53,66,6.83,6,0.08,1.54.5,1-3-6,3430,11,1-3,580,3,1-3-6,1620,8,1-3,860,3
20250619,若松,5,進入固定戦隊 進入固定,晴,北西,3,3,4,2,4286,平 田 さやか,29,11,6.80,2,0.12,1.54.6,1-3-6,3430,11,1-3,580,3,1-3-6,1620,8,1-3,860,3
20250619,若松,5,進入固定戦隊 進入固定,晴,北西,3,3,5,5,4924,中 北 涼,9,40,6.88,5,0.11,,1-3-6,3430,11,1-3,580,3,1-3-6,1620,8,1-3,860,3
20250619,若松,5,進入固定戦隊 進入固定,晴,北西,3,3,6,4,4936,戸 敷 晃 美,1,33,6.82,4,0.07,,1-3-6,3430,11,1-3,580,3,1-3-6,1620,8,1-3,860,3
20250619,若松,6,予選,晴,北西,1,1,1,2,4011,堀之内 紀代子,45,44,6.86,2,0.18,1.49.8,2-6-3,2870,11,2-6,1040,5,2-3-6,560,2,2-6,550,3
20250619,若松,6,予選,晴,北西,1,1,2,6,4845,前 田 紗 希,7,21,6.92,6,0.20,1.53.1,2-6-3,2870,11,2-6,1040,5,2-3-6,560,2,2-6,550,3
20250619,若松,6,予選,晴,北西,1,1,3,3,4014,片 岡 恵 里,43,57,6.89,3,0.22,1.53.6,2-6-3,2870,11,2-6,1040,5,2-3-6,560,2,2-6,550,3
20250619,若松,6,予選,晴,北西,1,1,4,5,4224,大 橋 栄里佳,26,46,6.90,5,0.21,1.55.6,2-6-3,2870,11,2-6,1040,5,2-3-6,560,2,2-6,550,3
20250619,若松,6,予選,晴,北西,1,1,5,1,4283,石 井 裕 美,42,39,6.88,1,0.18,,2-6-3,2870,11,2-6,1040,5,2-3-6,560,2,2-6,550,3
20250619,若松,6,予選,晴,北西,1,1,6,4,4510,坂 本 奈 央,51,48,6.95,4,0.41,,2-6-3,2870,11,2-6,1040,5,2-3-6,560,2,2-6,550,3
20250619,若松,7,予選,晴,北西,2,2,1,2,4433,川 野 芽 唯,46,70,6.92,2,0.23,1.49.6,2-6-1,1740,6,2-6,850,3,1-2-6,230,1,2-6,740,3
20250619,若松,7,予選,晴,北西,2,2,2,6,4123,細 川 裕 子,41,55,6.86,5,0.21,1.51.5,2-6-1,1740,6,2-6,850,3,1-2-6,230,1,2-6,740,3
20250619,若松,7,予選,晴,北西,2,2,3,1,3994,小 野 桜,48,13,6.87,1,0.25,1.54.1,2-6-1,1740,6,2-6,850,3,1-2-6,230,1,2-6,740,3
20250619,若松,7,予選,晴,北西,2,2,4,4,4408,仁 科 さやか,55,72,6.87,4,0.23,1.55.4,2-6-1,1740,6,2-6,850,3,1-2-6,230,1,2-6,740,3
20250619,若松,7,予選,晴,北西,2,2,5,3,4893,渡 邉 真奈美,16,74,6.86,3,0.18,,2-6-1,1740,6,2-6,850,3,1-2-6,230,1,2-6,740,3
20250619,若松,7,予選,晴,北西,2,2,6,5,5148,松 本 怜,18,14,6.90,6,0.29,,2-6-1,1740,6,2-6,850,3,1-2-6,230,1,2-6,740,3
20250619,若松,8,エイトビート,晴,北,1,1,1,1,4773,中 川 り な,5,71,6.79,1,0.22,1.50.9,1-3-2,850,2,1-3,540,2,1-2-3,170,1,1-3,310,2
20250619,若松,8,エイトビート,晴,北,1,1,2,3,4819,蜂 須 瑞 生,17,56,6.82,3,0.22,1.52.0,1-3-2,850,2,1-3,540,2,1-2-3,170,1,1-3,310,2
20250619,若松,8,エイトビート,晴,北,1,1,3,2,4536,喜 井 つかさ,3,58,6.85,2,0.25,1.53.7,1-3-2,850,2,1-3,540,2,1-2-3,170,1,1-3,310,2
20250619,若松,8,エイトビート,晴,北,1,1,4,5,5250,嶋 田 有 里,30,67,6.82,5,0.22,1.54.7,1-3-2,850,2,1-3,540,2,1-2-3,170,1,1-3,310,2
20250619,若松,8,エイトビート,晴,北,1,1,5,4,5180,藤 本 紗弥香,6,22,6.76,4,0.22,,1-3-2,850,2,1-3,540,2,1-2-3,170,1,1-3,310,2
20250619,若松,8,エイトビート,晴,北,1,1,6,6,4414,大 澤 真 菜,39,32,6.90,6,0.29,,1-3-2,850,2,1-3,540,2,1-2-3,170,1,1-3,310,2
20250619,若松,9,予選,晴,北西,2,2,1,3,4901,出 口 舞有子,10,43,6.84,3,0.12,1.50.2,3-1-2,16400,48,3-1,2070,9,1-2-3,1470,7,1-3,500,3
20250619,若松,9,予選,晴,北西,2,2,2,1,4045,佐々木 裕 美,49,26,6.78,1,0.17,1.52.2,3-1-2,16400,48,3-1,2070,9,1-2-3,1470,7,1-3,500,3
20250619,若松,9,予選,晴,北西,2,2,3,2,4924,中 北 涼,9,40,6.90,2,0.11,1.54.4,3-1-2,16400,48,3-1,2070,9,1-2-3,1470,7,1-3,500,3
20250619,若松,9,予選,晴,北西,2,2,4,6,4065,金 田 幸 子,12,38,6.82,6,0.21,1.54.9,3-1-2,16400,48,3-1,2070,9,1-2-3,1470,7,1-3,500,3
20250619,若松,9,予選,晴,北西,2,2,5,5,4764,小 池 礼 乃,60,75,6.85,5,0.22,,3-1-2,16400,48,3-1,2070,9,1-2-3,1470,7,1-3,500,3
20250619,若松,9,予選,晴,北西,2,2,6,4,4627,藤 原 菜 希,28,34,6.84,4,0.23,,3-1-2,16400,48,3-1,2070,9,1-2-3,1470,7,1-3,500,3
20250619,若松,10,予選特賞,晴,北西,1,1,1,2,4484,稲 生 夏 季,57,12,6.84,2,0.18,1.50.9,2-1-5,9550,28,2-1,1550,5,1-2-5,1460,5,1-2,410,2
20250619,若松,10,予選特賞,晴,北西,1,1,2,1,3845,中 谷 朋 子,27,25,6.87,1,0.17,1.52.6,2-1-5,9550,28,2-1,1550,5,1-2-5,1460,5,1-2,410,2
20250619,若松,10,予選特賞,晴,北西,1,1,3,5,4844,村 上 奈 穂,23,37,6.87,5,0.08,1.54.2,2-1-5,9550,28,2-1,1550,5,1-2-5,1460,5,1-2,410,2
20250619,若松,10,予選特賞,晴,北西,1,1,4,4,4940,白 石 有 美,35,59,6.93,4,0.11,1.55.2,2-1-5,9550,28,2-1,1550,5,1-2-5,1460,5,1-2,410,2
20250619,若松,10,予選特賞,晴,北西,1,1,5,6,4014,片 岡 恵 里,43,57,6.85,6,0.11,,2-1-5,9550,28,2-1,1550,5,1-2-5,1460,5,1-2,410,2
20250619,若松,10,予選特賞,晴,北西,1,1,6,3,4936,戸 敷 晃 美,1,33,6.84,3,0.18,,2-1-5,9550,28,2-1,1550,5,1-2-5,1460,5,1-2,410,2
20250619,若松,11,予選特選,晴,無風,0,0,1,1,4011,堀之内 紀代子,45,44,6.82,1,0.09,1.49.6,1-2-3,1350,4,1-2,570,2,1-2-3,380,1,1-2,620,2
20250619,若松,11,予選特選,晴,無風,0,0,2,2,5195,北 村 寧 々,59,35,6.85,2,0.07,1.51.4,1-2-3,1350,4,1-2,570,2,1-2-3,380,1,1-2,620,2
20250619,若松,11,予選特選,晴,無風,0,0,3,3,4123,細 川 裕 子,41,55,6.86,3,0.12,1.53.6,1-2-3,1350,4,1-2,570,2,1-2-3,380,1,1-2,620,2
20250619,若松,11,予選特選,晴,無風,0,0,4,5,4286,平 田 さやか,29,11,6.80,5,0.16,1.54.6,1-2-3,1350,4,1-2,570,2,1-2-3,380,1,1-2,620,2
20250619,若松,11,予選特選,晴,無風,0,0,5,4,5153,佐 藤 ほのか,34,68,6.80,4,0.16,,1-2-3,1350,4,1-2,570,2,1-2-3,380,1,1-2,620,2
20250619,若松,11,予選特選,晴,無風,0,0,6,6,4947,間 庭 菜 摘,24,15,6.85,6,0.14,,1-2-3,1350,4,1-2,570,2,1-2-3,380,1,1-2,620,2
20250619,児島,12,１ｓｔドリー,晴,無風,0,0,1,1,4433,川 野 芽 唯,46,70,6.83,1,0.16,1.49.7,1-3-2,810,2,1-3,310,2,1-2-3,260,1,1-3,310,2
20250619,児島,12,１ｓｔドリー,晴,無風,0,0,2,3,4845,前 田 紗 希,7,21,6.84,3,0.14,1.51.5,1-3-2,810,2,1-3,310,2,1-2-3,260,1,1-3,310,2
20250619,児島,12,１ｓｔドリー,晴,無風,0,0,3,2,3435,寺 田 千 恵,54,54,6.83,2,0.14,1.53.4,1-3-2,810,2,1-3,310,2,1-2-3,260,1,1-3,310,2
20250619,児島,12,１ｓｔドリー,晴,無風,0,0,4,6,4447,深 川 麻奈美,36,73,6.80,6,0.17,1.54.3,1-3-2,810,2,1-3,310,2,1-2-3,260,1,1-3,310,2
20250619,児島,12,１ｓｔドリー,晴,無風,0,0,5,4,3232,山 川 美由紀,61,42,6.86,4,0.19,,1-3-2,810,2,1-3,310,2,1-2-3,260,1,1-3,310,2
20250619,児島,12,１ｓｔドリー,晴,無風,0,0,6,5,4773,中 川 り な,5,71,6.84,5,0.19,,1-3-2,810,2,1-3,310,2,1-2-3,260,1,1-3,310,2
20250619,児島,1,一般,晴,南東,2,3,1,1,4644,山 田 亮 太,34,65,6.90,1,0.08,1.49.7,1-2-4,1270,5,1-2,340,2,1-2-4,310,1,1-2,220,1
20250619,児島,1,一般,晴,南東,2,3,2,2,3482,金 子 猛 志,24,31,6.88,2,0.09,1.51.2,1-2-4,1270,5,1-2,340,2,1-2-4,310,1,1-2,220,1
20250619,児島,1,一般,晴,南東,2,3,3,4,5187,小 坂 風 太,26,55,6.79,4,0.07,1.52.5,1-2-4,1270,5,1-2,340,2,1-2-4,310,1,1-2,220,1
20250619,児島,1,一般,晴,南東,2,3,4,3,4376,藤 田 靖 弘,54,62,6.85,3,0.13,1.53.5,1-2-4,1270,5,1-2,340,2,1-2-4,310,1,1-2,220,1
20250619,児島,1,一般,晴,南東,2,3,5,5,3315,広 瀬 聖 仁,30,17,6.87,5,0.12,,1-2-4,1270,5,1-2,340,2,1-2-4,310,1,1-2,220,1
20250619,児島,1,一般,晴,南東,2,3,6,6,3929,杢 野 誓 良,21,52,6.91,6,0.17,,1-2-4,1270,5,1-2,340,2,1-2-4,310,1,1-2,220,1
20250619,児島,2,一般,晴,南西,2,3,1,4,4735,角 山 雄 哉,55,45,6.75,4,0.09,1.51.0,4-5-3,50170,81,4-5,5470,14,3-4-5,7970,18,4-5,3490,11
20250619,児島,2,一般,晴,南西,2,3,2,5,3880,浅 見 宗 孝,12,64,6.87,5,0.11,1.52.4,4-5-3,50170,81,4-5,5470,14,3-4-5,7970,18,4-5,3490,11
20250619,児島,2,一般,晴,南西,2,3,3,3,4006,小 野 勇 作,22,42,6.90,3,0.16,1.53.3,4-5-3,50170,81,4-5,5470,14,3-4-5,7970,18,4-5,3490,11
20250619,児島,2,一般,晴,南西,2,3,4,6,4603,谷 川 将 太,20,67,6.72,6,0.09,1.53.7,4-5-3,50170,81,4-5,5470,14,3-4-5,7970,18,4-5,3490,11
20250619,児島,2,一般,晴,南西,2,3,5,2,4723,寺 島 吉 彦,28,70,6.66,2,0.17,,4-5-3,50170,81,4-5,5470,14,3-4-5,7970,18,4-5,3490,11
20250619,児島,2,一般,晴,南西,2,3,6,1,4950,高 岡 竜 也,25,22,6.83,1,0.18,,4-5-3,50170,81,4-5,5470,14,3-4-5,7970,18,4-5,3490,11
20250619,児島,3,一般,晴,南西,4,3,1,1,4253,西 川 真 人,59,73,6.91,1,0.19,1.50.8,1-2-3,1970,3,1-2,540,1,1-2-3,770,2,1-2,400,1
20250619,児島,3,一般,晴,南西,4,3,2,2,4403,木 下 大 將,31,68,6.94,2,0.15,1.52.1,1-2-3,1970,3,1-2,540,1,1-2-3,770,2,1-2,400,1
20250619,児島,3,一般,晴,南西,4,3,3,3,3809,吉 田 光,65,63,6.88,3,0.14,1.53.3,1-2-3,1970,3,1-2,540,1,1-2-3,770,2,1-2,400,1
20250619,児島,3,一般,晴,南西,4,3,4,5,4133,高 橋 正 男,41,53,6.79,5,0.16,1.53.7,1-2-3,1970,3,1-2,540,1,1-2-3,770,2,1-2,400,1
20250619,児島,3,一般,晴,南西,4,3,5,4,5023,久 永 祥 平,51,27,6.82,4,0.12,,1-2-3,1970,3,1-2,540,1,1-2-3,770,2,1-2,400,1
20250619,児島,3,一般,晴,南西,4,3,6,6,3685,荒 井 輝 年,19,33,6.81,6,0.23,,1-2-3,1970,3,1-2,540,1,1-2-3,770,2,1-2,400,1
20250619,児島,4,一般,晴,南西,4,3,1,1,4824,松 井 洪 弥,62,69,6.76,1,0.17,1.50.1,1-5-6,1100,3,1-5,350,2,1-5-6,570,3,1-5,220,1
20250619,児島,4,一般,晴,南西,4,3,2,5,3960,菊 地 孝 平,37,46,6.76,5,0.17,1.51.0,1-5-6,1100,3,1-5,350,2,1-5-6,570,3,1-5,220,1
20250619,児島,4,一般,晴,南西,4,3,3,6,5150,坂 本 雄 紀,48,15,6.80,6,0.13,1.52.9,1-5-6,1100,3,1-5,350,2,1-5-6,570,3,1-5,220,1
20250619,児島,4,一般,晴,南西,4,3,4,2,4410,井 上 大 輔,57,44,6.79,2,0.21,1.54.2,1-5-6,1100,3,1-5,350,2,1-5-6,570,3,1-5,220,1
20250619,児島,4,一般,晴,南西,4,3,5,3,4171,榎 幸 司,44,37,6.88,3,0.20,,1-5-6,1100,3,1-5,350,2,1-5-6,570,3,1-5,220,1
20250619,児島,4,一般,晴,南西,4,3,6,4,4625,渡 邊 裕 貴,36,32,6.84,4,0.18,,1-5-6,1100,3,1-5,350,2,1-5-6,570,3,1-5,220,1
20250619,児島,5,一般,晴,南,4,3,1,1,5037,田 頭 虎 親,47,12,6.97,1,0.23,1.50.0,1-2-3,980,1,1-2,290,1,1-2-3,410,1,1-2,330,1
20250619,児島,5,一般,晴,南,4,3,2,2,3961,谷 村 一 哉,42,34,6.81,2,0.23,1.51.0,1-2-3,980,1,1-2,290,1,1-2-3,410,1,1-2,330,1
20250619,児島,5,一般,晴,南,4,3,3,3,4640,山ノ内 雅 人,32,23,6.88,3,0.19,1.53.2,1-2-3,980,1,1-2,290,1,1-2-3,410,1,1-2,330,1
20250619,児島,5,一般,晴,南,4,3,4,4,4506,稗 田 聖 也,16,57,6.93,4,0.22,1.54.2,1-2-3,980,1,1-2,290,1,1-2-3,410,1,1-2,330,1
20250619,児島,5,一般,晴,南,4,3,5,6,4168,石 野 貴 之,23,13,6.80,6,0.17,,1-2-3,980,1,1-2,290,1,1-2-3,410,1,1-2,330,1
20250619,児島,5,一般,晴,南,4,3,6,5,3482,金 子 猛 志,24,31,6.90,5,0.15,,1-2-3,980,1,1-2,290,1,1-2-3,410,1,1-2,330,1
20250619,児島,6,一般,晴,南東,2,3,1,1,4189,川 上 剛,39,39,6.87,1,0.22,1.49.4,1-3-6,1120,4,1-3,460,3,1-3-6,550,3,1-3,440,3
20250619,児島,6,一般,晴,南東,2,3,2,3,5081,篠 原 飛 翔,35,28,6.84,3,0.17,1.50.8,1-3-6,1120,4,1-3,460,3,1-3-6,550,3,1-3,440,3
20250619,児島,6,一般,晴,南東,2,3,3,6,4686,丸 野 一 樹,68,29,6.73,6,0.13,1.51.8,1-3-6,1120,4,1-3,460,3,1-3-6,550,3,1-3,440,3
20250619,児島,6,一般,晴,南東,2,3,4,2,4259,真 庭 明 志,17,14,6.87,2,0.20,1.52.6,1-3-6,1120,4,1-3,460,3,1-3-6,550,3,1-3,440,3
20250619,児島,6,一般,晴,南東,2,3,5,5,5187,小 坂 風 太,26,55,6.82,5,0.16,,1-3-6,1120,4,1-3,460,3,1-3-6,550,3,1-3,440,3
20250619,児島,6,一般,晴,南東,2,3,6,4,4006,小 野 勇 作,22,42,6.83,4,0.19,,1-3-6,1120,4,1-3,460,3,1-3-6,550,3,1-3,440,3
20250619,児島,7,一般,晴,南,5,5,1,1,4397,西 村 拓 也,38,30,6.84,1,0.09,1.48.7,1-3-2,1380,7,1-3,310,2,1-2-3,650,3,1-3,350,3
20250619,児島,7,一般,晴,南,5,5,2,3,3773,津 留 浩一郎,13,71,6.83,3,0.12,1.51.0,1-3-2,1380,7,1-3,310,2,1-2-3,650,3,1-3,350,3
20250619,児島,7,一般,晴,南,5,5,3,2,3315,広 瀬 聖 仁,30,17,6.88,2,0.11,1.52.6,1-3-2,1380,7,1-3,310,2,1-2-3,650,3,1-3,350,3
20250619,児島,7,一般,晴,南,5,5,4,6,4403,木 下 大 將,31,68,6.92,6,0.17,1.53.4,1-3-2,1380,7,1-3,310,2,1-2-3,650,3,1-3,350,3
20250619,児島,7,一般,晴,南,5,5,5,4,4603,谷 川 将 太,20,67,6.77,4,0.16,,1-3-2,1380,7,1-3,310,2,1-2-3,650,3,1-3,350,3
20250619,児島,7,一般,晴,南,5,5,6,5,5023,久 永 祥 平,51,27,6.82,5,0.14,,1-3-2,1380,7,1-3,310,2,1-2-3,650,3,1-3,350,3
20250619,児島,8,一般,晴,南,4,3,1,1,5150,坂 本 雄 紀,48,15,6.82,1,0.15,1.49.9,1-6-4,7530,22,1-6,1450,5,1-4-6,1680,8,1-6,1600,6
20250619,児島,8,一般,晴,南,4,3,2,6,4644,山 田 亮 太,34,65,6.81,5,0.18,1.50.7,1-6-4,7530,22,1-6,1450,5,1-4-6,1680,8,1-6,1600,6
20250619,児島,8,一般,晴,南,4,3,3,4,3809,吉 田 光,65,63,6.87,4,0.09,1.53.1,1-6-4,7530,22,1-6,1450,5,1-4-6,1680,8,1-6,1600,6
20250619,児島,8,一般,晴,南,4,3,4,2,3527,中 嶋 誠一郎,61,74,6.77,2,0.09,1.53.9,1-6-4,7530,22,1-6,1450,5,1-4-6,1680,8,1-6,1600,6
20250619,児島,8,一般,晴,南,4,3,5,5,4410,井 上 大 輔,57,44,6.96,6,0.17,,1-6-4,7530,22,1-6,1450,5,1-4-6,1680,8,1-6,1600,6
20250619,児島,8,一般,晴,南,4,3,6,3,4723,寺 島 吉 彦,28,70,6.83,3,0.08,,1-6-4,7530,22,1-6,1450,5,1-4-6,1680,8,1-6,1600,6
20250619,児島,9,一般,晴,南東,3,3,1,1,4171,榎 幸 司,44,37,6.92,1,0.18,1.54.6,1-4-6,2050,9,1-4,420,2,1-4-6,1140,6,1-4,390,2
20250619,児島,9,一般,晴,南東,3,3,2,4,4890,石 川 諒,64,26,6.85,4,0.08,1.57.5,1-4-6,2050,9,1-4,420,2,1-4-6,1140,6,1-4,390,2
20250619,児島,9,一般,晴,南東,3,3,3,6,5037,田 頭 虎 親,47,12,6.90,6,0.15,2.00.7,1-4-6,2050,9,1-4,420,2,1-4-6,1140,6,1-4,390,2
20250619,児島,9,一般,晴,南東,3,3,4,3,3685,荒 井 輝 年,19,33,6.86,3,0.20,2.04.0,1-4-6,2050,9,1-4,420,2,1-4-6,1140,6,1-4,390,2
20250619,児島,9,一般,晴,南東,3,3,5,2,3880,浅 見 宗 孝,12,64,6.82,2,0.24,,1-4-6,2050,9,1-4,420,2,1-4-6,1140,6,1-4,390,2
20250619,児島,10,選抜戦,晴,南西,2,3,1,1,4168,石 野 貴 之,23,13,6.94,1,0.19,1.49.2,1-3-4,1950,8,1-3,430,2,1-3-4,1340,4,1-3,610,3
20250619,児島,10,選抜戦,晴,南西,2,3,2,3,4133,高 橋 正 男,41,53,6.85,3,0.14,1.50.8,1-3-4,1950,8,1-3,430,2,1-3-4,1340,4,1-3,610,3
20250619,児島,10,選抜戦,晴,南西,2,3,3,4,4189,川 上 剛,39,39,6.93,4,0.12,1.52.7,1-3-4,1950,8,1-3,430,2,1-3-4,1340,4,1-3,610,3
20250619,児島,10,選抜戦,晴,南西,2,3,4,2,3960,菊 地 孝 平,37,46,6.84,2,0.13,1.53.4,1-3-4,1950,8,1-3,430,2,1-3-4,1340,4,1-3,610,3
20250619,児島,10,選抜戦,晴,南西,2,3,5,5,4950,高 岡 竜 也,25,22,6.88,5,0.17,,1-3-4,1950,8,1-3,430,2,1-3-4,1340,4,1-3,610,3
20250619,児島,10,選抜戦,晴,南西,2,3,6,6,4259,真 庭 明 志,17,14,7.00,6,0.13,,1-3-4,1950,8,1-3,430,2,1-3-4,1340,4,1-3,610,3
20250619,児島,11,選抜戦,晴,南西,3,3,1,2,4397,西 村 拓 也,38,30,6.89,2,0.14,1.49.2,2-1-3,1970,7,2-1,750,3,1-2-3,230,1,1-2,210,1
20250619,児島,11,選抜戦,晴,南西,3,3,2,1,4686,丸 野 一 樹,68,29,6.95,1,0.11,1.50.6,2-1-3,1970,7,2-1,750,3,1-2-3,230,1,1-2,210,1
20250619,児島,11,選抜戦,晴,南西,3,3,3,3,4824,松 井 洪 弥,62,69,6.93,3,0.10,1.51.2,2-1-3,1970,7,2-1,750,3,1-2-3,230,1,1-2,210,1
20250619,児島,11,選抜戦,晴,南西,3,3,4,5,3961,谷 村 一 哉,42,34,6.86,5,0.13,1.53.2,2-1-3,1970,7,2-1,750,3,1-2-3,230,1,1-2,210,1
20250619,児島,11,選抜戦,晴,南西,3,3,5,6,4253,西 川 真 人,59,73,6.92,6,0.10,,2-1-3,1970,7,2-1,750,3,1-2-3,230,1,1-2,210,1
20250619,児島,11,選抜戦,晴,南西,3,3,6,4,5081,篠 原 飛 翔,35,28,6.84,4,0.16,,2-1-3,1970,7,2-1,750,3,1-2-3,230,1,1-2,210,1
20250619,丸亀,12,優勝戦,晴,無風,0,1,1,1,4166,吉 田 拡 郎,56,35,6.94,1,0.08,1.49.1,1-2-6,8210,20,1-2,260,1,1-2-6,5170,10,1-2,230,1
20250619,丸亀,12,優勝戦,晴,無風,0,1,2,2,3941,池 田 浩 二,67,38,6.92,2,0.24,1.50.5,1-2-6,8210,20,1-2,260,1,1-2-6,5170,10,1-2,230,1
20250619,丸亀,12,優勝戦,晴,無風,0,1,3,6,3712,淺 香 文 武,66,66,6.88,6,0.13,1.51.9,1-2-6,8210,20,1-2,260,1,1-2-6,5170,10,1-2,230,1
20250619,丸亀,12,優勝戦,晴,無風,0,1,4,4,4500,山 田 康 二,11,50,6.85,4,0.12,1.53.1,1-2-6,8210,20,1-2,260,1,1-2-6,5170,10,1-2,230,1
20250619,丸亀,12,優勝戦,晴,無風,0,1,5,3,4444,桐 生 順 平,53,56,6.93,3,0.13,,1-2-6,8210,20,1-2,260,1,1-2-6,5170,10,1-2,230,1
20250619,丸亀,12,優勝戦,晴,無風,0,1,6,5,4205,山 口 剛,40,54,6.86,5,0.10,,1-2-6,8210,20,1-2,260,1,1-2-6,5170,10,1-2,230,1
20250619,丸亀,1,予選,晴,北西,2,2,1,4,5338,香 月 大 輝,64,7,6.90,4,0.01,1.51.1,4-5-1,15920,52,4-5,4750,15,1-4-5,1990,10,4-5,3930,11
20250619,丸亀,1,予選,晴,北西,2,2,2,5,4895,門 間 雄 大,41,19,6.95,5,0.11,1.53.0,4-5-1,15920,52,4-5,4750,15,1-4-5,1990,10,4-5,3930,11
20250619,丸亀,1,予選,晴,北西,2,2,3,1,4034,西 原 明 生,35,14,6.88,1,0.16,1.54.0,4-5-1,15920,52,4-5,4750,15,1-4-5,1990,10,4-5,3930,11
20250619,丸亀,1,予選,晴,北西,2,2,4,6,3660,長谷川 親 王,1,22,6.95,6,0.16,1.55.5,4-5-1,15920,52,4-5,4750,15,1-4-5,1990,10,4-5,3930,11
20250619,丸亀,1,予選,晴,北西,2,2,5,3,5212,西 川 拓 利,56,64,6.91,3,0.09,1.56.1,4-5-1,15920,52,4-5,4750,15,1-4-5,1990,10,4-5,3930,11
20250619,丸亀,1,予選,晴,北西,2,2,6,2,4837,酒 井 陽 祐,61,40,7.00,2,0.22,1.56.4,4-5-1,15920,52,4-5,4750,15,1-4-5,1990,10,4-5,3930,11
20250619,丸亀,2,予選,晴,北西,2,2,1,6,4294,古 賀 繁 輝,62,50,6.96,2,0.11,1.50.7,6-3-1,2350,3,6-3,670,2,1-3-6,450,1,3-6,1030,4
20250619,丸亀,2,予選,晴,北西,2,2,2,3,4821,妻 鳥 晋 也,15,53,6.93,4,0.17,1.52.4,6-3-1,2350,3,6-3,670,2,1-3-6,450,1,3-6,1030,4
20250619,丸亀,2,予選,晴,北西,2,2,3,1,3441,土 屋 太 朗,55,37,6.91,1,0.15,1.54.7,6-3-1,2350,3,6-3,670,2,1-3-6,450,1,3-6,1030,4
20250619,丸亀,2,予選,晴,北西,2,2,4,2,4708,半 田 尚 也,20,38,7.04,3,0.14,1.55.4,6-3-1,2350,3,6-3,670,2,1-3-6,450,1,3-6,1030,4
20250619,丸亀,2,予選,晴,北西,2,2,5,5,4888,金 児 隆 太,7,57,6.91,6,0.22,1.55.7,6-3-1,2350,3,6-3,670,2,1-3-6,450,1,3-6,1030,4
20250619,丸亀,2,予選,晴,北西,2,2,6,4,3631,田 添 康 介,6,28,6.93,5,0.18,1.57.8,6-3-1,2350,3,6-3,670,2,1-3-6,450,1,3-6,1030,4
20250619,丸亀,3,予選,晴,西,2,2,1,4,4861,田 中 宏 樹,46,30,6.82,4,0.11,1.51.0,4-5-6,1850,2,4-5,1130,2,4-5-6,330,1,4-5,910,4
20250619,丸亀,3,予選,晴,西,2,2,2,5,4839,四 宮 与 寛,51,24,7.00,5,0.10,1.52.2,4-5-6,1850,2,4-5,1130,2,4-5-6,330,1,4-5,910,4
20250619,丸亀,3,予選,晴,西,2,2,3,6,4734,安河内 将,10,1,7.00,6,0.12,1.53.8,4-5-6,1850,2,4-5,1130,2,4-5-6,330,1,4-5,910,4
20250619,丸亀,3,予選,晴,西,2,2,4,1,3680,森 林 太,18,8,6.96,1,0.18,1.55.0,4-5-6,1850,2,4-5,1130,2,4-5-6,330,1,4-5,910,4
20250619,丸亀,3,予選,晴,西,2,2,5,3,4060,島 田 一 生,43,36,6.91,3,0.28,1.55.4,4-5-6,1850,2,4-5,1130,2,4-5-6,330,1,4-5,910,4
20250619,丸亀,3,予選,晴,西,2,2,6,2,3989,熊 本 英 一,39,16,6.99,2,0.23,1.58.0,4-5-6,1850,2,4-5,1130,2,4-5-6,330,1,4-5,910,4
20250619,丸亀,4,予選,晴,北西,2,2,1,2,4257,古 川 健,28,55,6.91,2,0.11,1.51.0,2-4-5,6940,34,2-4,1230,9,2-4-5,2420,10,2-4,690,4
20250619,丸亀,4,予選,晴,北西,2,2,2,4,4532,秋 元 哲,12,43,7.03,4,0.16,1.52.3,2-4-5,6940,34,2-4,1230,9,2-4-5,2420,10,2-4,690,4
20250619,丸亀,4,予選,晴,北西,2,2,3,5,4461,安 田 吉 宏,22,34,6.99,5,0.15,1.54.2,2-4-5,6940,34,2-4,1230,9,2-4-5,2420,10,2-4,690,4
20250619,丸亀,4,予選,晴,北西,2,2,4,1,3448,高 山 秀 雄,27,62,6.91,1,0.13,1.55.2,2-4-5,6940,34,2-4,1230,9,2-4-5,2420,10,2-4,690,4
20250619,丸亀,4,予選,晴,北西,2,2,5,3,4336,松 田 竜 馬,13,11,6.95,3,0.12,1.56.8,2-4-5,6940,34,2-4,1230,9,2-4-5,2420,10,2-4,690,4
20250619,丸亀,4,予選,晴,北西,2,2,6,6,3587,武 田 信 一,58,44,7.03,6,0.09,1.58.5,2-4-5,6940,34,2-4,1230,9,2-4-5,2420,10,2-4,690,4
20250619,丸亀,5,予選,晴,北西,2,2,1,2,4247,齊 藤 優,16,6,6.91,2,0.17,1.52.1,2-1-3,1890,3,2-1,1040,5,1-2-3,310,1,1-2,870,5
20250619,丸亀,5,予選,晴,北西,2,2,2,1,3414,加 瀬 智 宏,8,56,6.97,1,0.12,1.52.8,2-1-3,1890,3,2-1,1040,5,1-2-3,310,1,1-2,870,5
20250619,丸亀,5,予選,晴,北西,2,2,3,3,4776,竹 田 和 哉,29,41,6.96,3,0.14,1.54.5,2-1-3,1890,3,2-1,1040,5,1-2-3,310,1,1-2,870,5
20250619,丸亀,5,予選,晴,北西,2,2,4,4,4552,杉 山 勝 匡,66,31,6.96,4,0.13,1.54.9,2-1-3,1890,3,2-1,1040,5,1-2-3,310,1,1-2,870,5
20250619,丸亀,5,予選,晴,北西,2,2,5,6,3838,伊 藤 啓 三,5,18,7.00,6,0.14,1.56.2,2-1-3,1890,3,2-1,1040,5,1-2-3,310,1,1-2,870,5
20250619,丸亀,5,予選,晴,北西,2,2,6,5,5309,森 雄 利,47,65,6.86,5,0.12,1.58.3,2-1-3,1890,3,2-1,1040,5,1-2-3,310,1,1-2,870,5
20250619,丸亀,6,カチ勝ち６,晴,北西,1,1,1,1,4553,坪 口 竜 也,14,13,6.98,1,0.05,1.51.4,1-3-4,550,1,1-3,330,1,1-3-4,180,1,1-3,240,1
20250619,丸亀,6,カチ勝ち６,晴,北西,1,1,2,3,4025,山 本 隆 幸,34,46,6.97,3,0.03,1.52.3,1-3-4,550,1,1-3,330,1,1-3-4,180,1,1-3,240,1
20250619,丸亀,6,カチ勝ち６,晴,北西,1,1,3,4,4256,渡 辺 浩 司,50,12,6.96,4,0.08,1.53.4,1-3-4,550,1,1-3,330,1,1-3-4,180,1,1-3,240,1
20250619,丸亀,6,カチ勝ち６,晴,北西,1,1,4,5,4752,西 尾 亮 輔,49,58,6.89,5,0.07,1.54.8,1-3-4,550,1,1-3,330,1,1-3-4,180,1,1-3,240,1
20250619,丸亀,6,カチ勝ち６,晴,北西,1,1,5,2,4270,岸 本 雄 貴,65,52,7.05,2,0.09,1.56.2,1-3-4,550,1,1-3,330,1,1-3-4,180,1,1-3,240,1
20250619,丸亀,6,カチ勝ち６,晴,北西,1,1,6,6,3631,田 添 康 介,6,28,6.98,6,0.06,1.57.7,1-3-4,550,1,1-3,330,1,1-3-4,180,1,1-3,240,1
20250619,丸亀,7,穴ガチ７,晴,北,2,2,1,4,4772,石 丸 海 渡,17,66,6.98,4,0.16,1.51.8,4-2-1,6420,22,4-2,2580,9,1-2-4,220,1,2-4,1710,8
20250619,丸亀,7,穴ガチ７,晴,北,2,2,2,2,4060,島 田 一 生,43,36,6.95,2,0.31,1.52.7,4-2-1,6420,22,4-2,2580,9,1-2-4,220,1,2-4,1710,8
20250619,丸亀,7,穴ガチ７,晴,北,2,2,3,1,4230,濱 崎 直 矢,48,21,6.95,1,0.20,1.53.4,4-2-1,6420,22,4-2,2580,9,1-2-4,220,1,2-4,1710,8
20250619,丸亀,7,穴ガチ７,晴,北,2,2,4,3,3660,長谷川 親 王,1,22,7.01,3,0.23,1.54.5,4-2-1,6420,22,4-2,2580,9,1-2-4,220,1,2-4,1710,8
20250619,丸亀,7,穴ガチ７,晴,北,2,2,5,6,3955,眞 田 英 二,30,26,7.07,6,0.19,1.55.3,4-2-1,6420,22,4-2,2580,9,1-2-4,220,1,2-4,1710,8
20250619,丸亀,7,穴ガチ７,晴,北,2,2,6,5,4708,半 田 尚 也,20,38,7.04,5,0.19,1.57.5,4-2-1,6420,22,4-2,2580,9,1-2-4,220,1,2-4,1710,8
20250619,丸亀,8,ガチ勝゛ち８ 進入固定,晴,北東,1,1,1,1,4096,石 橋 道 友,60,27,6.88,1,0.11,1.50.8,1-2-5,1810,7,1-2,260,1,1-2-5,990,5,1-2,190,1
20250619,丸亀,8,ガチ勝゛ち８ 進入固定,晴,北東,1,1,2,2,4365,盛 本 真 輔,19,3,6.89,2,0.09,1.52.7,1-2-5,1810,7,1-2,260,1,1-2-5,990,5,1-2,190,1
20250619,丸亀,8,ガチ勝゛ち８ 進入固定,晴,北東,1,1,3,5,5253,藤 井 太 雅,4,10,6.99,5,0.09,1.53.2,1-2-5,1810,7,1-2,260,1,1-2-5,990,5,1-2,190,1
20250619,丸亀,8,ガチ勝゛ち８ 進入固定,晴,北東,1,1,4,4,4839,四 宮 与 寛,51,24,6.96,4,0.06,1.54.2,1-2-5,1810,7,1-2,260,1,1-2-5,990,5,1-2,190,1
20250619,丸亀,8,ガチ勝゛ち８ 進入固定,晴,北東,1,1,5,3,3441,土 屋 太 朗,55,37,6.94,3,0.21,1.55.4,1-2-5,1810,7,1-2,260,1,1-2-5,990,5,1-2,190,1
20250619,丸亀,8,ガチ勝゛ち８ 進入固定,晴,北東,1,1,6,6,5338,香 月 大 輝,64,7,6.91,6,0.13,1.56.0,1-2-5,1810,7,1-2,260,1,1-2-5,990,5,1-2,190,1
20250619,丸亀,9,ウチまる特賞,晴,西,1,1,1,1,4532,秋 元 哲,12,43,7.02,1,0.12,1.51.0,1-3-2,500,1,1-3,220,1,1-2-3,220,1,1-3,200,1
20250619,丸亀,9,ウチまる特賞,晴,西,1,1,2,3,4122,安 東 幸 治,57,4,6.98,3,0.09,1.52.3,1-3-2,500,1,1-3,220,1,1-2-3,220,1,1-3,200,1
20250619,丸亀,9,ウチまる特賞,晴,西,1,1,3,2,4888,金 児 隆 太,7,57,6.94,2,0.18,1.53.6,1-3-2,500,1,1-3,220,1,1-2-3,220,1,1-3,200,1
20250619,丸亀,9,ウチまる特賞,晴,西,1,1,4,6,3377,塚 田 修 二,33,32,6.92,6,0.11,1.54.7,1-3-2,500,1,1-3,220,1,1-2-3,220,1,1-3,200,1
20250619,丸亀,9,ウチまる特賞,晴,西,1,1,5,4,3680,森 林 太,18,8,7.01,4,0.09,1.54.7,1-3-2,500,1,1-3,220,1,1-2-3,220,1,1-3,200,1
20250619,丸亀,9,ウチまる特賞,晴,西,1,1,6,5,4837,酒 井 陽 祐,61,40,6.95,5,0.12,1.56.6,1-3-2,500,1,1-3,220,1,1-2-3,220,1,1-3,200,1
20250619,丸亀,10,まるがめ特賞,晴,南西,1,1,1,1,4256,渡 辺 浩 司,50,12,6.92,1,0.15,1.49.8,1-2-3,610,2,1-2,190,1,1-2-3,300,2,1-2,140,1
20250619,丸亀,10,まるがめ特賞,晴,南西,1,1,2,2,4734,安河内 将,10,1,6.94,2,0.17,1.51.3,1-2-3,610,2,1-2,190,1,1-2-3,300,2,1-2,140,1
20250619,丸亀,10,まるがめ特賞,晴,南西,1,1,3,3,4461,安 田 吉 宏,22,34,6.85,3,0.16,1.53.3,1-2-3,610,2,1-2,190,1,1-2-3,300,2,1-2,140,1
20250619,丸亀,10,まるがめ特賞,晴,南西,1,1,4,6,4821,妻 鳥 晋 也,15,53,6.96,6,0.15,1.55.4,1-2-3,610,2,1-2,190,1,1-2-3,300,2,1-2,140,1
20250619,丸亀,10,まるがめ特賞,晴,南西,1,1,5,5,5212,西 川 拓 利,56,64,6.92,5,0.09,1.56.0,1-2-3,610,2,1-2,190,1,1-2-3,300,2,1-2,140,1
20250619,丸亀,10,まるがめ特賞,晴,南西,1,1,6,4,3838,伊 藤 啓 三,5,18,6.94,4,0.12,1.57.5,1-2-3,610,2,1-2,190,1,1-2-3,300,2,1-2,140,1
20250619,丸亀,11,一般選抜,晴,南西,1,1,1,1,4336,松 田 竜 馬,13,11,7.00,1,0.19,1.50.6,1-2-5,1260,3,1-2,340,1,1-2-5,380,1,1-2,150,1
20250619,丸亀,11,一般選抜,晴,南西,1,1,2,2,4294,古 賀 繁 輝,62,50,6.86,2,0.18,1.51.3,1-2-5,1260,3,1-2,340,1,1-2-5,380,1,1-2,150,1
20250619,丸亀,11,一般選抜,晴,南西,1,1,3,5,4553,坪 口 竜 也,14,13,6.92,5,0.14,1.53.2,1-2-5,1260,3,1-2,340,1,1-2-5,380,1,1-2,150,1
20250619,丸亀,11,一般選抜,晴,南西,1,1,4,3,4247,齊 藤 優,16,6,6.97,3,0.19,1.54.2,1-2-5,1260,3,1-2,340,1,1-2-5,380,1,1-2,150,1
20250619,丸亀,11,一般選抜,晴,南西,1,1,5,6,4772,石 丸 海 渡,17,66,6.95,6,0.12,1.56.0,1-2-5,1260,3,1-2,340,1,1-2-5,380,1,1-2,150,1
20250619,丸亀,11,一般選抜,晴,南西,1,1,6,4,4895,門 間 雄 大,41,19,7.00,4,0.16,1.58.8,1-2-5,1260,3,1-2,340,1,1-2-5,380,1,1-2,150,1
20250619,鳴門,12,一般選抜,晴,南,2,2,1,5,4230,濱 崎 直 矢,48,21,6.97,4,0.13,1.50.7,5-6-2,9840,38,5-6,3580,12,2-5-6,2330,12,5-6,2060,9
20250619,鳴門,12,一般選抜,晴,南,2,2,2,6,4776,竹 田 和 哉,29,41,7.01,5,0.11,1.52.1,5-6-2,9840,38,5-6,3580,12,2-5-6,2330,12,5-6,2060,9
20250619,鳴門,12,一般選抜,晴,南,2,2,3,2,4096,石 橋 道 友,60,27,6.85,2,0.18,1.52.8,5-6-2,9840,38,5-6,3580,12,2-5-6,2330,12,5-6,2060,9
20250619,鳴門,12,一般選抜,晴,南,2,2,4,1,4025,山 本 隆 幸,34,46,6.84,1,0.21,1.54.7,5-6-2,9840,38,5-6,3580,12,2-5-6,2330,12,5-6,2060,9
20250619,鳴門,12,一般選抜,晴,南,2,2,5,3,4861,田 中 宏 樹,46,30,6.78,6,0.12,1.54.8,5-6-2,9840,38,5-6,3580,12,2-5-6,2330,12,5-6,2060,9
20250619,鳴門,12,一般選抜,晴,南,2,2,6,4,4257,古 川 健,28,55,6.96,3,0.18,1.56.8,5-6-2,9840,38,5-6,3580,12,2-5-6,2330,12,5-6,2060,9
20250619,鳴門,1,とるならなる,晴,北西,2,2,1,4,4020,川 上 清 人,23,16,6.91,4,0.10,1.48.9,4-6-1,15300,36,4-6,4160,11,1-4-6,740,4,4-6,5220,12
20250619,鳴門,1,とるならなる,晴,北西,2,2,2,6,3442,宮 武 英 司,19,28,6.96,6,0.10,1.51.3,4-6-1,15300,36,4-6,4160,11,1-4-6,740,4,4-6,5220,12
20250619,鳴門,1,とるならなる,晴,北西,2,2,3,1,4121,富 永 修 一,79,71,6.90,1,0.08,1.51.6,4-6-1,15300,36,4-6,4160,11,1-4-6,740,4,4-6,5220,12
20250619,鳴門,1,とるならなる,晴,北西,2,2,4,5,5157,市 川 健 太,25,59,6.88,5,0.08,1.53.9,4-6-1,15300,36,4-6,4160,11,1-4-6,740,4,4-6,5220,12
20250619,鳴門,1,とるならなる,晴,北西,2,2,5,3,3372,加 藤 雅 之,16,52,6.89,3,0.11,,4-6-1,15300,36,4-6,4160,11,1-4-6,740,4,4-6,5220,12
20250619,鳴門,1,とるならなる,晴,北西,2,2,6,2,3224,栗 山 繁 洋,68,81,6.86,2,0.20,,4-6-1,15300,36,4-6,4160,11,1-4-6,740,4,4-6,5220,12
20250619,鳴門,2,どーなるなる,晴,西,1,1,1,1,3772,一 柳 和 孝,27,56,6.88,1,0.16,1.49.2,1-3-6,960,1,1-3,410,2,1-3-6,340,1,1-3,440,2
20250619,鳴門,2,どーなるなる,晴,西,1,1,2,3,3578,塩 田 雄 一,76,58,6.83,3,0.15,1.50.1,1-3-6,960,1,1-3,410,2,1-3-6,340,1,1-3,440,2
20250619,鳴門,2,どーなるなる,晴,西,1,1,3,6,4459,片 岡 雅 裕,54,82,6.88,6,0.12,1.51.0,1-3-6,960,1,1-3,410,2,1-3-6,340,1,1-3,440,2
20250619,鳴門,2,どーなるなる,晴,西,1,1,4,2,4638,小 林 遼 太,80,75,6.88,2,0.18,1.53.7,1-3-6,960,1,1-3,410,2,1-3-6,340,1,1-3,440,2
20250619,鳴門,2,どーなるなる,晴,西,1,1,5,4,4425,大 井 清 貴,26,68,6.94,4,0.19,,1-3-6,960,1,1-3,410,2,1-3-6,340,1,1-3,440,2
20250619,鳴門,2,どーなるなる,晴,西,1,1,6,5,4252,松 下 哲 也,20,67,6.87,5,0.18,,1-3-6,960,1,1-3,410,2,1-3-6,340,1,1-3,440,2
20250619,鳴門,3,どきどきなる,晴,北西,2,2,1,2,4619,伏 田 裕 隆,29,80,6.75,6,0.12,1.49.6,2-1-3,5940,23,2-1,1630,6,1-2-3,900,4,1-2,1090,4
20250619,鳴門,3,どきどきなる,晴,北西,2,2,2,1,4216,星 栄 爾,75,35,6.86,1,0.04,1.50.5,2-1-3,5940,23,2-1,1630,6,1-2-3,900,4,1-2,1090,4
20250619,鳴門,3,どきどきなる,晴,北西,2,2,3,3,4394,永 嶋 裕 一,82,29,6.82,2,0.11,1.51.8,2-1-3,5940,23,2-1,1630,6,1-2-3,900,4,1-2,1090,4
20250619,鳴門,3,どきどきなる,晴,北西,2,2,4,6,4757,山 田 祐 也,70,64,6.87,5,0.17,1.53.0,2-1-3,5940,23,2-1,1630,6,1-2-3,900,4,1-2,1090,4
20250619,鳴門,3,どきどきなる,晴,北西,2,2,5,4,3761,山 本 光 雄,84,24,6.86,3,0.10,,2-1-3,5940,23,2-1,1630,6,1-2-3,900,4,1-2,1090,4
20250619,鳴門,3,どきどきなる,晴,北西,2,2,6,5,5006,久保原 秀 人,78,39,6.93,4,0.15,,2-1-3,5940,23,2-1,1630,6,1-2-3,900,4,1-2,1090,4
20250619,鳴門,4,とにかくなる,晴,北,1,1,1,2,5000,岡 本 翔太郎,12,83,6.77,2,0.11,1.49.2,2-5-1,4370,16,2-5,2760,7,1-2-5,230,1,2-5,1140,5
20250619,鳴門,4,とにかくなる,晴,北,1,1,2,5,4356,長 岡 良 也,65,51,6.90,5,0.16,1.50.1,2-5-1,4370,16,2-5,2760,7,1-2-5,230,1,2-5,1140,5
20250619,鳴門,4,とにかくなる,晴,北,1,1,3,1,3333,丸 尾 義 孝,11,63,6.87,1,0.10,1.52.3,2-5-1,4370,16,2-5,2760,7,1-2-5,230,1,2-5,1140,5
20250619,鳴門,4,とにかくなる,晴,北,1,1,4,3,3313,本 吉 正 樹,83,84,6.96,3,0.12,1.53.2,2-5-1,4370,16,2-5,2760,7,1-2-5,230,1,2-5,1140,5
20250619,鳴門,4,とにかくなる,晴,北,1,1,5,4,4368,山 口 隆 史,55,30,6.84,4,0.18,,2-5-1,4370,16,2-5,2760,7,1-2-5,230,1,2-5,1140,5
20250619,鳴門,4,とにかくなる,晴,北,1,1,6,6,5332,村 松 遥 輝,17,73,6.89,6,0.14,,2-5-1,4370,16,2-5,2760,7,1-2-5,230,1,2-5,1140,5
20250619,鳴門,5,一般,晴,無風,0,1,1,1,4474,渡 辺 崇,28,13,6.88,1,0.17,1.48.5,1-5-3,810,2,1-5,460,1,1-3-5,220,1,1-5,250,1
20250619,鳴門,5,一般,晴,無風,0,1,2,5,4650,中 山 雄 太,72,65,6.82,5,0.14,1.49.5,1-5-3,810,2,1-5,460,1,1-3-5,220,1,1-5,250,1
20250619,鳴門,5,一般,晴,無風,0,1,3,3,4883,岡 部 大 輝,15,50,6.85,3,0.14,1.51.4,1-5-3,810,2,1-5,460,1,1-3-5,220,1,1-5,250,1
20250619,鳴門,5,一般,晴,無風,0,1,4,2,4355,小 川 広 大,24,76,6.91,2,0.23,1.53.0,1-5-3,810,2,1-5,460,1,1-3-5,220,1,1-5,250,1
20250619,鳴門,5,一般,晴,無風,0,1,5,4,4917,岩 橋 裕 馬,69,19,6.96,4,0.12,,1-5-3,810,2,1-5,460,1,1-3-5,220,1,1-5,250,1
20250619,鳴門,5,一般,晴,無風,0,1,6,6,5401,谷 海夏人,73,53,6.95,6,0.34,,1-5-3,810,2,1-5,460,1,1-3-5,220,1,1-5,250,1
20250619,鳴門,6,一般,晴,北西,2,2,1,1,4462,夏 山 亮 平,67,33,6.81,1,0.08,1.49.8,1-3-4,9500,37,1-3,1150,5,1-3-4,2520,9,1-3,870,5
20250619,鳴門,6,一般,晴,北西,2,2,2,3,4252,松 下 哲 也,20,67,6.84,3,0.15,1.50.7,1-3-4,9500,37,1-3,1150,5,1-3-4,2520,9,1-3,870,5
20250619,鳴門,6,一般,晴,北西,2,2,3,4,4676,後 藤 隼 之,22,31,6.83,4,0.13,1.51.8,1-3-4,9500,37,1-3,1150,5,1-3-4,2520,9,1-3,870,5
20250619,鳴門,6,一般,晴,北西,2,2,4,5,4503,上 野 真之介,13,12,6.86,5,0.17,1.52.8,1-3-4,9500,37,1-3,1150,5,1-3-4,2520,9,1-3,870,5
20250619,鳴門,6,一般,晴,北西,2,2,5,6,4543,重 木 輝 彦,18,17,6.84,6,0.19,,1-3-4,9500,37,1-3,1150,5,1-3-4,2520,9,1-3,870,5
20250619,鳴門,6,一般,晴,北西,2,2,6,2,4232,笠 雅 雄,74,23,6.80,2,0.16,,1-3-4,9500,37,1-3,1150,5,1-3-4,2520,9,1-3,870,5
20250619,鳴門,7,一般,晴,西,1,1,1,3,3442,宮 武 英 司,19,28,6.81,3,0.19,1.49.2,3-2-6,8220,33,3-2,4020,21,2-3-6,1540,10,2-3,1520,9
20250619,鳴門,7,一般,晴,西,1,1,2,2,3761,山 本 光 雄,84,24,6.87,2,0.18,1.50.4,3-2-6,8220,33,3-2,4020,21,2-3-6,1540,10,2-3,1520,9
20250619,鳴門,7,一般,晴,西,1,1,3,6,4371,西 山 貴 浩,21,69,6.89,5,0.18,1.51.7,3-2-6,8220,33,3-2,4020,21,2-3-6,1540,10,2-3,1520,9
20250619,鳴門,7,一般,晴,西,1,1,4,5,4118,宇佐見 淳,66,61,6.89,4,0.20,1.52.6,3-2-6,8220,33,3-2,4020,21,2-3-6,1540,10,2-3,1520,9
20250619,鳴門,7,一般,晴,西,1,1,5,1,4390,松 本 弓 雄,71,11,6.81,1,0.28,,3-2-6,8220,33,3-2,4020,21,2-3-6,1540,10,2-3,1520,9
20250619,鳴門,7,一般,晴,西,1,1,6,4,4511,中 岡 健 人,14,54,6.92,6,0.14,,3-2-6,8220,33,3-2,4020,21,2-3-6,1540,10,2-3,1520,9
20250619,鳴門,8,一般,晴,北,1,1,1,2,4368,山 口 隆 史,55,30,6.90,2,0.07,1.49.1,2-1-4,9320,29,2-1,4730,14,1-2-4,350,2,1-2,770,4
20250619,鳴門,8,一般,晴,北,1,1,2,1,3965,北 中 元 樹,30,78,6.85,1,0.02,1.51.1,2-1-4,9320,29,2-1,4730,14,1-2-4,350,2,1-2,770,4
20250619,鳴門,8,一般,晴,北,1,1,3,4,3532,柴 田 光,77,60,6.89,4,0.19,1.52.0,2-1-4,9320,29,2-1,4730,14,1-2-4,350,2,1-2,770,4
20250619,鳴門,8,一般,晴,北,1,1,4,5,4619,伏 田 裕 隆,29,80,6.88,5,0.09,1.54.1,2-1-4,9320,29,2-1,4730,14,1-2-4,350,2,1-2,770,4
20250619,鳴門,8,一般,晴,北,1,1,5,6,5404,内 田 壮,10,21,6.93,6,0.17,,2-1-4,9320,29,2-1,4730,14,1-2-4,350,2,1-2,770,4
20250619,鳴門,8,一般,晴,北,1,1,6,3,4031,飯 島 誠,61,38,6.99,3,0.06,,2-1-4,9320,29,2-1,4730,14,1-2-4,350,2,1-2,770,4
20250619,鳴門,9,一般,晴,北東,1,1,1,3,5006,久保原 秀 人,78,39,6.83,3,0.16,1.49.4,3-5-2,17830,37,3-5,6090,14,2-3-5,3620,10,3-5,2200,8
20250619,鳴門,9,一般,晴,北東,1,1,2,5,3578,塩 田 雄 一,76,58,6.82,5,0.13,1.50.8,3-5-2,17830,37,3-5,6090,14,2-3-5,3620,10,3-5,2200,8
20250619,鳴門,9,一般,晴,北東,1,1,3,2,4917,岩 橋 裕 馬,69,19,6.81,2,0.21,1.52.9,3-5-2,17830,37,3-5,6090,14,2-3-5,3620,10,3-5,2200,8
20250619,鳴門,9,一般,晴,北東,1,1,4,6,3313,本 吉 正 樹,83,84,6.85,6,0.17,1.54.2,3-5-2,17830,37,3-5,6090,14,2-3-5,3620,10,3-5,2200,8
20250619,鳴門,9,一般,晴,北東,1,1,5,1,3882,新 田 智 彰,81,34,6.82,1,0.18,,3-5-2,17830,37,3-5,6090,14,2-3-5,3620,10,3-5,2200,8
20250619,鳴門,9,一般,晴,北東,1,1,6,4,3226,浦 田 信 義,36,66,6.90,4,0.19,,3-5-2,17830,37,3-5,6090,14,2-3-5,3620,10,3-5,2200,8
20250619,鳴門,10,準優勝戦,晴,西,1,1,1,1,4650,中 山 雄 太,72,65,6.77,1,0.07,1.48.3,1-2-5,780,2,1-2,210,1,1-2-5,660,3,1-2,170,1
20250619,鳴門,10,準優勝戦,晴,西,1,1,2,2,4459,片 岡 雅 裕,54,82,6.90,2,0.07,1.49.2,1-2-5,780,2,1-2,210,1,1-2-5,660,3,1-2,170,1
20250619,鳴門,10,準優勝戦,晴,西,1,1,3,5,4121,富 永 修 一,79,71,6.82,5,0.15,1.51.1,1-2-5,780,2,1-2,210,1,1-2-5,660,3,1-2,170,1
20250619,鳴門,10,準優勝戦,晴,西,1,1,4,3,4356,長 岡 良 也,65,51,6.88,3,0.10,1.51.7,1-2-5,780,2,1-2,210,1,1-2-5,660,3,1-2,170,1
20250619,鳴門,10,準優勝戦,晴,西,1,1,5,4,4394,永 嶋 裕 一,82,29,6.88,4,0.16,,1-2-5,780,2,1-2,210,1,1-2-5,660,3,1-2,170,1
20250619,鳴門,10,準優勝戦,晴,西,1,1,6,6,4462,夏 山 亮 平,67,33,6.85,6,0.19,,1-2-5,780,2,1-2,210,1,1-2-5,660,3,1-2,170,1
20250619,鳴門,11,準優勝戦,晴,北,2,2,1,1,4503,上 野 真之介,13,12,6.96,1,0.06,1.48.4,1-2-3,380,1,1-2,160,1,1-2-3,240,1,1-2,170,1
20250619,鳴門,11,準優勝戦,晴,北,2,2,2,2,4757,山 田 祐 也,70,64,6.89,2,0.09,1.49.3,1-2-3,380,1,1-2,160,1,1-2-3,240,1,1-2,170,1
20250619,鳴門,11,準優勝戦,晴,北,2,2,3,3,4118,宇佐見 淳,66,61,6.86,3,0.06,1.51.2,1-2-3,380,1,1-2,160,1,1-2-3,240,1,1-2,170,1
20250619,鳴門,11,準優勝戦,晴,北,2,2,4,5,3333,丸 尾 義 孝,11,63,6.88,5,0.11,1.52.5,1-2-3,380,1,1-2,160,1,1-2-3,240,1,1-2,170,1
20250619,鳴門,11,準優勝戦,晴,北,2,2,5,6,3772,一 柳 和 孝,27,56,6.82,6,0.11,,1-2-3,380,1,1-2,160,1,1-2-3,240,1,1-2,170,1
20250619,鳴門,11,準優勝戦,晴,北,2,2,6,4,4216,星 栄 爾,75,35,6.93,4,0.07,,1-2-3,380,1,1-2,160,1,1-2-3,240,1,1-2,170,1
20250619,尼崎,12,準優勝戦,晴,西,2,2,1,1,3532,柴 田 光,77,60,6.79,1,0.18,1.47.5,1-3-2,460,1,1-3,230,1,1-2-3,170,1,1-3,210,1
20250619,尼崎,12,準優勝戦,晴,西,2,2,2,3,4371,西 山 貴 浩,21,69,6.90,3,0.22,1.50.5,1-3-2,460,1,1-3,230,1,1-2-3,170,1,1-3,210,1
20250619,尼崎,12,準優勝戦,晴,西,2,2,3,2,4543,重 木 輝 彦,18,17,6.80,2,0.22,1.51.7,1-3-2,460,1,1-3,230,1,1-2-3,170,1,1-3,210,1
20250619,尼崎,12,準優勝戦,晴,西,2,2,4,4,3965,北 中 元 樹,30,78,6.95,4,0.22,1.53.3,1-3-2,460,1,1-3,230,1,1-2-3,170,1,1-3,210,1
20250619,尼崎,12,準優勝戦,晴,西,2,2,5,6,4474,渡 辺 崇,28,13,6.82,6,0.46,,1-3-2,460,1,1-3,230,1,1-2-3,170,1,1-3,210,1
20250619,尼崎,12,準優勝戦,晴,西,2,2,6,5,4390,松 本 弓 雄,71,11,6.89,5,0.35,,1-3-2,460,1,1-3,230,1,1-2-3,170,1,1-3,210,1
20250619,尼崎,1,朝からセンプ,晴,南西,5,3,1,1,4811,向井田 佑 紀,53,37,6.75,1,0.18,1.50.3,1-2-5,2650,12,1-2,490,3,1-2-5,1430,6,1-2,440,2
20250619,尼崎,1,朝からセンプ,晴,南西,5,3,2,2,4521,小 池 公 生,45,30,6.82,2,0.11,1.51.2,1-2-5,2650,12,1-2,490,3,1-2-5,1430,6,1-2,440,2
20250619,尼崎,1,朝からセンプ,晴,南西,5,3,3,5,5240,高 橋 龍 治,59,19,6.80,5,0.07,1.52.8,1-2-5,2650,12,1-2,490,3,1-2-5,1430,6,1-2,440,2
20250619,尼崎,1,朝からセンプ,晴,南西,5,3,4,3,4713,白 神 優,24,48,6.85,3,0.08,1.53.4,1-2-5,2650,12,1-2,490,3,1-2-5,1430,6,1-2,440,2
20250619,尼崎,1,朝からセンプ,晴,南西,5,3,5,4,4557,松 尾 光 広,26,47,6.88,4,0.09,1.55.7,1-2-5,2650,12,1-2,490,3,1-2-5,1430,6,1-2,440,2
20250619,尼崎,1,朝からセンプ,晴,南西,5,3,6,6,5418,堀 内 亜 海,15,32,6.81,6,0.21,1.59.0,1-2-5,2650,12,1-2,490,3,1-2-5,1430,6,1-2,440,2
20250619,尼崎,2,予選,晴,西,5,3,1,1,4834,浜 本 裕 己,18,72,6.80,1,0.15,1.50.2,1-2-3,2610,11,1-2,910,4,1-2-3,1180,6,1-2,660,3
20250619,尼崎,2,予選,晴,西,5,3,2,2,4918,川 島 拓 郎,21,41,6.83,2,0.23,1.51.1,1-2-3,2610,11,1-2,910,4,1-2-3,1180,6,1-2,660,3
20250619,尼崎,2,予選,晴,西,5,3,3,3,4943,八 木 治 樹,47,63,6.84,3,0.11,1.52.3,1-2-3,2610,11,1-2,910,4,1-2-3,1180,6,1-2,660,3
20250619,尼崎,2,予選,晴,西,5,3,4,4,4551,三 川 昂 暁,31,53,6.81,4,0.21,1.52.9,1-2-3,2610,11,1-2,910,4,1-2-3,1180,6,1-2,660,3
20250619,尼崎,2,予選,晴,西,5,3,5,5,4055,吉 田 俊 彦,58,59,6.84,5,0.19,1.54.5,1-2-3,2610,11,1-2,910,4,1-2-3,1180,6,1-2,660,3
20250619,尼崎,2,予選,晴,西,5,3,6,6,5416,龍 田 真 白,34,70,6.81,6,0.24,1.58.3,1-2-3,2610,11,1-2,910,4,1-2-3,1180,6,1-2,660,3
20250619,尼崎,3,予選,晴,西,4,0,1,3,5203,神 里 琴 音,9,23,6.83,3,0.17,1.50.4,3-2-4,26900,86,3-2,7200,25,2-3-4,3750,17,2-3,3560,11
20250619,尼崎,3,予選,晴,西,4,0,2,2,4000,松 本 博 昭,48,51,6.81,2,0.19,1.52.2,3-2-4,26900,86,3-2,7200,25,2-3-4,3750,17,2-3,3560,11
20250619,尼崎,3,予選,晴,西,4,0,3,4,4277,金 田 大 輔,41,15,6.75,4,0.14,1.54.2,3-2-4,26900,86,3-2,7200,25,2-3-4,3750,17,2-3,3560,11
20250619,尼崎,3,予選,晴,西,4,0,4,1,3934,鋤 柄 貴 俊,43,71,6.82,1,0.27,1.55.1,3-2-4,26900,86,3-2,7200,25,2-3-4,3750,17,2-3,3560,11
20250619,尼崎,3,予選,晴,西,4,0,5,6,4472,尾 嶋 一 広,36,34,6.73,6,0.15,1.55.7,3-2-4,26900,86,3-2,7200,25,2-3-4,3750,17,2-3,3560,11
20250619,尼崎,3,予選,晴,西,4,0,6,5,5223,森 清 友 翔,35,57,6.84,5,0.17,1.58.7,3-2-4,26900,86,3-2,7200,25,2-3-4,3750,17,2-3,3560,11
20250619,尼崎,4,予選,晴,南西,2,0,1,2,4111,奥 田 誠,6,31,6.80,2,0.18,1.49.3,2-3-1,4630,22,2-3,1160,7,1-2-3,510,3,2-3,620,3
20250619,尼崎,4,予選,晴,南西,2,0,2,3,4019,笠 原 亮,49,43,6.82,3,0.18,1.50.8,2-3-1,4630,22,2-3,1160,7,1-2-3,510,3,2-3,620,3
20250619,尼崎,4,予選,晴,南西,2,0,3,1,4440,萩 原 知 哉,57,25,6.79,1,0.18,1.52.0,2-3-1,4630,22,2-3,1160,7,1-2-3,510,3,2-3,620,3
20250619,尼崎,4,予選,晴,南西,2,0,4,5,4733,赤 井 睦,42,18,6.75,5,0.12,1.52.5,2-3-1,4630,22,2-3,1160,7,1-2-3,510,3,2-3,620,3
20250619,尼崎,4,予選,晴,南西,2,0,5,4,4516,野 口 勝 弘,40,55,6.78,4,0.14,1.53.3,2-3-1,4630,22,2-3,1160,7,1-2-3,510,3,2-3,620,3
20250619,尼崎,4,予選,晴,南西,2,0,6,6,5399,長 野 未 来,50,14,6.80,6,0.18,1.58.9,2-3-1,4630,22,2-3,1160,7,1-2-3,510,3,2-3,620,3
20250619,尼崎,5,予選,晴,西,4,0,1,1,4483,北 野 輝 季,1,13,6.82,1,0.14,1.48.8,1-4-2,990,2,1-4,230,1,1-2-4,480,2,1-4,250,1
20250619,尼崎,5,予選,晴,西,4,0,2,4,4342,谷 野 錬 志,38,27,6.79,4,0.17,1.51.0,1-4-2,990,2,1-4,230,1,1-2-4,480,2,1-4,250,1
20250619,尼崎,5,予選,晴,西,4,0,3,2,5240,高 橋 龍 治,59,19,6.84,2,0.17,1.52.8,1-4-2,990,2,1-4,230,1,1-2-4,480,2,1-4,250,1
20250619,尼崎,5,予選,晴,西,4,0,4,3,4243,西 村 歩,60,73,6.82,3,0.09,1.52.9,1-4-2,990,2,1-4,230,1,1-2-4,480,2,1-4,250,1
20250619,尼崎,5,予選,晴,西,4,0,5,6,4278,藤 岡 俊 介,51,40,6.83,6,0.11,1.54.3,1-4-2,990,2,1-4,230,1,1-2-4,480,2,1-4,250,1
20250619,尼崎,5,予選,晴,西,4,0,6,5,4058,野 末 智 一,56,39,6.83,5,0.20,1.56.2,1-4-2,990,2,1-4,230,1,1-2-4,480,2,1-4,250,1
20250619,尼崎,6,昼どきピンク,晴,南,3,0,1,1,4477,篠 崎 仁 志,29,28,6.81,1,0.22,1.51.1,1-3-4,520,1,1-3,260,2,1-3-4,260,1,1-3,250,1
20250619,尼崎,6,昼どきピンク,晴,南,3,0,2,3,4139,丹 下 健,37,38,6.78,3,0.27,1.51.6,1-3-4,520,1,1-3,260,2,1-3-4,260,1,1-3,250,1
20250619,尼崎,6,昼どきピンク,晴,南,3,0,3,4,3841,佐々木 和 伸,4,11,6.83,4,0.25,1.52.9,1-3-4,520,1,1-3,260,2,1-3-4,260,1,1-3,250,1
20250619,尼崎,6,昼どきピンク,晴,南,3,0,4,5,4918,川 島 拓 郎,21,41,6.80,5,0.23,1.54.1,1-3-4,520,1,1-3,260,2,1-3-4,260,1,1-3,250,1
20250619,尼崎,6,昼どきピンク,晴,南,3,0,5,2,3070,山 室 展 弘,3,29,6.84,2,0.23,1.55.3,1-3-4,520,1,1-3,260,2,1-3-4,260,1,1-3,250,1
20250619,尼崎,6,昼どきピンク,晴,南,3,0,6,6,5418,堀 内 亜 海,15,32,6.81,6,0.25,1.57.9,1-3-4,520,1,1-3,260,2,1-3-4,260,1,1-3,250,1
20250619,尼崎,7,予選,晴,南西,4,0,1,6,3590,濱野谷 憲 吾,61,64,6.85,6,0.08,1.49.6,6-1-2,6150,22,6-1,2500,9,1-2-6,350,1,1-6,1420,5
20250619,尼崎,7,予選,晴,南西,4,0,2,1,4557,松 尾 光 広,26,47,6.85,1,0.13,1.51.1,6-1-2,6150,22,6-1,2500,9,1-2-6,350,1,1-6,1420,5
20250619,尼崎,7,予選,晴,南西,4,0,3,2,4055,吉 田 俊 彦,58,59,6.88,2,0.14,1.53.3,6-1-2,6150,22,6-1,2500,9,1-2-6,350,1,1-6,1420,5
20250619,尼崎,7,予選,晴,南西,4,0,4,5,3687,花 田 和 明,27,69,6.79,4,0.34,1.54.0,6-1-2,6150,22,6-1,2500,9,1-2-6,350,1,1-6,1420,5
20250619,尼崎,7,予選,晴,南西,4,0,5,4,4000,松 本 博 昭,48,51,6.86,3,0.17,1.54.7,6-1-2,6150,22,6-1,2500,9,1-2-6,350,1,1-6,1420,5
20250619,尼崎,7,予選,晴,南西,4,0,6,3,5178,成 貞 琳 平,22,17,6.89,5,0.13,1.56.9,6-1-2,6150,22,6-1,2500,9,1-2-6,350,1,1-6,1420,5
20250619,尼崎,8,予選,晴,南西,4,0,1,3,4811,向井田 佑 紀,53,37,6.78,3,0.11,1.50.5,3-6-5,9970,35,3-6,3340,13,3-5-6,1350,7,3-6,1980,8
20250619,尼崎,8,予選,晴,南西,4,0,2,6,4886,入 海 馨,8,68,6.74,6,0.12,1.51.3,3-6-5,9970,35,3-6,3340,13,3-5-6,1350,7,3-6,1980,8
20250619,尼崎,8,予選,晴,南西,4,0,3,5,4928,栗 城 匠,33,16,6.85,5,0.17,1.51.8,3-6-5,9970,35,3-6,3340,13,3-5-6,1350,7,3-6,1980,8
20250619,尼崎,8,予選,晴,南西,4,0,4,2,4277,金 田 大 輔,41,15,6.79,2,0.17,1.53.0,3-6-5,9970,35,3-6,3340,13,3-5-6,1350,7,3-6,1980,8
20250619,尼崎,8,予選,晴,南西,4,0,5,1,4383,竹 田 吉 行,14,56,6.86,1,0.19,1.53.7,3-6-5,9970,35,3-6,3340,13,3-5-6,1350,7,3-6,1980,8
20250619,尼崎,8,予選,晴,南西,4,0,6,4,3434,松 尾 宣 邦,10,26,6.91,4,0.22,1.56.2,3-6-5,9970,35,3-6,3340,13,3-5-6,1350,7,3-6,1980,8
20250619,尼崎,9,予選特賞,晴,南,3,0,1,4,4243,西 村 歩,60,73,6.83,4,0.06,1.49.4,4-1-5,3590,13,4-1,1540,5,1-4-5,480,3,1-4,340,2
20250619,尼崎,9,予選特賞,晴,南,3,0,2,1,4733,赤 井 睦,42,18,6.77,1,0.16,1.50.9,4-1-5,3590,13,4-1,1540,5,1-4-5,480,3,1-4,340,2
20250619,尼崎,9,予選特賞,晴,南,3,0,3,5,5203,神 里 琴 音,9,23,6.83,5,0.06,1.53.0,4-1-5,3590,13,4-1,1540,5,1-4-5,480,3,1-4,340,2
20250619,尼崎,9,予選特賞,晴,南,3,0,4,3,5264,登 みひ果,39,21,6.83,3,0.22,1.53.5,4-1-5,3590,13,4-1,1540,5,1-4-5,480,3,1-4,340,2
20250619,尼崎,9,予選特賞,晴,南,3,0,5,2,3551,藤 田 美 代,30,65,6.87,2,0.16,1.55.4,4-1-5,3590,13,4-1,1540,5,1-4-5,480,3,1-4,340,2
20250619,尼崎,9,予選特賞,晴,南,3,0,6,6,5416,龍 田 真 白,34,70,6.83,6,0.08,1.56.3,4-1-5,3590,13,4-1,1540,5,1-4-5,480,3,1-4,340,2
20250619,尼崎,10,予選特賞,晴,南西,4,0,1,1,4342,谷 野 錬 志,38,27,6.76,1,0.18,1.49.3,1-5-3,1850,8,1-5,640,3,1-3-5,820,4,1-5,770,3
20250619,尼崎,10,予選特賞,晴,南西,4,0,2,5,4099,吉 永 則 雄,44,24,6.85,5,0.11,1.50.9,1-5-3,1850,8,1-5,640,3,1-3-5,820,4,1-5,770,3
20250619,尼崎,10,予選特賞,晴,南西,4,0,3,3,4516,野 口 勝 弘,40,55,6.79,3,0.19,1.52.5,1-5-3,1850,8,1-5,640,3,1-3-5,820,4,1-5,770,3
20250619,尼崎,10,予選特賞,晴,南西,4,0,4,4,4521,小 池 公 生,45,30,6.89,4,0.22,1.53.7,1-5-3,1850,8,1-5,640,3,1-3-5,820,4,1-5,770,3
20250619,尼崎,10,予選特賞,晴,南西,4,0,5,2,4472,尾 嶋 一 広,36,34,6.73,2,0.24,1.55.3,1-5-3,1850,8,1-5,640,3,1-3-5,820,4,1-5,770,3
20250619,尼崎,10,予選特賞,晴,南西,4,0,6,6,4943,八 木 治 樹,47,63,6.83,6,0.15,1.55.9,1-5-3,1850,8,1-5,640,3,1-3-5,820,4,1-5,770,3
20250619,尼崎,11,予選特選,晴,南西,5,3,1,2,4278,藤 岡 俊 介,51,40,6.82,2,0.08,1.49.7,2-1-6,5760,17,2-1,680,2,1-2-6,750,4,1-2,130,1
20250619,尼崎,11,予選特選,晴,南西,5,3,2,1,4713,白 神 優,24,48,6.82,1,0.14,1.51.4,2-1-6,5760,17,2-1,680,2,1-2-6,750,4,1-2,130,1
20250619,尼崎,11,予選特選,晴,南西,5,3,3,6,4551,三 川 昂 暁,31,53,6.84,6,0.18,1.52.8,2-1-6,5760,17,2-1,680,2,1-2-6,750,4,1-2,130,1
20250619,尼崎,11,予選特選,晴,南西,5,3,4,3,3934,鋤 柄 貴 俊,43,71,6.81,3,0.09,1.54.0,2-1-6,5760,17,2-1,680,2,1-2-6,750,4,1-2,130,1
20250619,尼崎,11,予選特選,晴,南西,5,3,5,4,4111,奥 田 誠,6,31,6.83,4,0.23,1.55.7,2-1-6,5760,17,2-1,680,2,1-2-6,750,4,1-2,130,1
20250619,尼崎,11,予選特選,晴,南西,5,3,6,5,3841,佐々木 和 伸,4,11,6.79,5,0.19,2.00.8,2-1-6,5760,17,2-1,680,2,1-2-6,750,4,1-2,130,1
20250619,住之江,12,予選特選,晴,南西,5,3,1,3,4886,入 海 馨,8,68,6.79,4,0.07,1.49.2,3-5-1,6490,18,3-5,5380,8,1-3-5,250,1,3-5,2570,5
20250619,住之江,12,予選特選,晴,南西,5,3,2,5,4483,北 野 輝 季,1,13,6.79,5,0.09,1.51.2,3-5-1,6490,18,3-5,5380,8,1-3-5,250,1,3-5,2570,5
20250619,住之江,12,予選特選,晴,南西,5,3,3,1,4019,笠 原 亮,49,43,6.78,1,0.22,1.52.7,3-5-1,6490,18,3-5,5380,8,1-3-5,250,1,3-5,2570,5
20250619,住之江,12,予選特選,晴,南西,5,3,4,6,5223,森 清 友 翔,35,57,6.78,6,0.06,1.53.2,3-5-1,6490,18,3-5,5380,8,1-3-5,250,1,3-5,2570,5
20250619,住之江,12,予選特選,晴,南西,5,3,5,4,4834,浜 本 裕 己,18,72,6.85,3,0.19,1.55.3,3-5-1,6490,18,3-5,5380,8,1-3-5,250,1,3-5,2570,5
20250619,住之江,12,予選特選,晴,南西,5,3,6,2,4105,松 下 直 也,32,49,6.81,2,0.14,1.57.0,3-5-1,6490,18,3-5,5380,8,1-3-5,250,1,3-5,2570,5
20250619,住之江,1,一般戦,晴,無風,0,1,1,1,5280,廣 瀬 凜,75,87,6.86,1,0.24,1.51.0,1-2-5,1330,4,1-2,420,1,1-2-5,500,2,1-2,290,1
20250619,住之江,1,一般戦,晴,無風,0,1,2,2,3807,岡 部 哲,51,35,6.91,2,0.31,1.52.7,1-2-5,1330,4,1-2,420,1,1-2-5,500,2,1-2,290,1
20250619,住之江,1,一般戦,晴,無風,0,1,3,5,5282,中 本 大 樹,81,54,6.81,5,0.15,1.53.4,1-2-5,1330,4,1-2,420,1,1-2-5,500,2,1-2,290,1
20250619,住之江,1,一般戦,晴,無風,0,1,4,4,3889,須 藤 隆 雄,57,53,6.95,4,0.20,1.55.1,1-2-5,1330,4,1-2,420,1,1-2-5,500,2,1-2,290,1
20250619,住之江,1,一般戦,晴,無風,0,1,5,3,3981,今 坂 晃 広,68,15,6.96,3,0.22,1.57.7,1-2-5,1330,4,1-2,420,1,1-2-5,500,2,1-2,290,1
20250619,住之江,1,一般戦,晴,無風,0,1,6,6,4664,東 口 晃,70,71,6.92,6,0.24,1.58.8,1-2-5,1330,4,1-2,420,1,1-2-5,500,2,1-2,290,1
20250619,住之江,2,一般戦,晴,南東,1,1,1,6,4460,後 藤 翔 之,27,68,6.95,6,0.06,1.50.2,6-4-5,24940,71,6-4,4030,18,4-5-6,3560,12,4-6,2940,9
20250619,住之江,2,一般戦,晴,南東,1,1,2,4,3964,宮 地 博 士,65,94,6.85,4,0.19,1.52.9,6-4-5,24940,71,6-4,4030,18,4-5-6,3560,12,4-6,2940,9
20250619,住之江,2,一般戦,晴,南東,1,1,3,5,4145,小 澤 学,80,69,7.05,5,0.15,1.54.0,6-4-5,24940,71,6-4,4030,18,4-5-6,3560,12,4-6,2940,9
20250619,住之江,2,一般戦,晴,南東,1,1,4,2,3584,佐々木 英 樹,90,95,6.91,2,0.20,1.54.7,6-4-5,24940,71,6-4,4030,18,4-5-6,3560,12,4-6,2940,9
20250619,住之江,2,一般戦,晴,南東,1,1,5,1,3948,大 町 利 克,15,23,6.93,1,0.21,1.55.0,6-4-5,24940,71,6-4,4030,18,4-5-6,3560,12,4-6,2940,9
20250619,住之江,2,一般戦,晴,南東,1,1,6,3,5300,横 田 海 人,14,77,6.85,3,0.15,1.57.1,6-4-5,24940,71,6-4,4030,18,4-5-6,3560,12,4-6,2940,9
20250619,住之江,3,一般戦,晴,無風,0,1,1,1,3304,烏 野 賢 太,83,57,6.95,1,0.08,1.50.1,1-4-2,1520,4,1-4,610,2,1-2-4,460,2,1-4,550,2
20250619,住之江,3,一般戦,晴,無風,0,1,2,4,3986,沖 島 広 和,22,11,6.94,4,0.07,1.51.2,1-4-2,1520,4,1-4,610,2,1-2-4,460,2,1-4,550,2
20250619,住之江,3,一般戦,晴,無風,0,1,3,2,4163,山 崎 裕 司,72,63,6.88,2,0.11,1.53.3,1-4-2,1520,4,1-4,610,2,1-2-4,460,2,1-4,550,2
20250619,住之江,3,一般戦,晴,無風,0,1,4,6,4293,鈴 木 智 啓,32,83,7.00,6,0.06,1.54.3,1-4-2,1520,4,1-4,610,2,1-2-4,460,2,1-4,550,2
20250619,住之江,3,一般戦,晴,無風,0,1,5,3,3843,上 之 晃 弘,87,81,6.98,3,0.15,1.58.5,1-4-2,1520,4,1-4,610,2,1-2-4,460,2,1-4,550,2
20250619,住之江,3,一般戦,晴,無風,0,1,6,5,5331,佐 藤 永 梧,54,13,6.92,5,0.05,2.00.8,1-4-2,1520,4,1-4,610,2,1-2-4,460,2,1-4,550,2
20250619,住之江,4,一般戦,晴,南東,1,1,1,3,3904,森 貴 洋,73,82,6.91,4,0.12,1.50.0,3-6-4,4290,13,3-6,1820,8,3-4-6,850,3,3-6,830,4
20250619,住之江,4,一般戦,晴,南東,1,1,2,6,3788,一 宮 稔 弘,79,80,6.87,3,0.09,1.51.6,3-6-4,4290,13,3-6,1820,8,3-4-6,850,3,3-6,830,4
20250619,住之江,4,一般戦,晴,南東,1,1,3,4,5114,小 林 孝 彰,74,18,6.91,5,0.11,1.52.5,3-6-4,4290,13,3-6,1820,8,3-4-6,850,3,3-6,830,4
20250619,住之江,4,一般戦,晴,南東,1,1,4,1,4077,品 田 直 樹,19,61,6.91,1,0.16,1.53.7,3-6-4,4290,13,3-6,1820,8,3-4-6,850,3,3-6,830,4
20250619,住之江,4,一般戦,晴,南東,1,1,5,5,3834,細 川 明 人,16,92,6.93,6,0.08,1.55.3,3-6-4,4290,13,3-6,1820,8,3-4-6,850,3,3-6,830,4
20250619,住之江,4,一般戦,晴,南東,1,1,6,2,5271,杉 山 太 陽,76,24,6.91,2,0.16,1.56.8,3-6-4,4290,13,3-6,1820,8,3-4-6,850,3,3-6,830,4
20250619,住之江,5,住之江ファイ,晴,南東,1,1,1,4,4495,森 晋太郎,26,74,6.86,4,0.15,1.49.6,4-1-6,7420,23,4-1,2820,7,1-4-6,590,3,1-4,390,3
20250619,住之江,5,住之江ファイ,晴,南東,1,1,2,1,5139,大 場 恒 季,78,14,6.87,1,0.21,1.51.5,4-1-6,7420,23,4-1,2820,7,1-4-6,590,3,1-4,390,3
20250619,住之江,5,住之江ファイ,晴,南東,1,1,3,6,4505,島 田 賢 人,86,21,6.88,6,0.21,1.53.9,4-1-6,7420,23,4-1,2820,7,1-4-6,590,3,1-4,390,3
20250619,住之江,5,住之江ファイ,晴,南東,1,1,4,3,5282,中 本 大 樹,81,54,6.88,3,0.24,1.54.9,4-1-6,7420,23,4-1,2820,7,1-4-6,590,3,1-4,390,3
20250619,住之江,5,住之江ファイ,晴,南東,1,1,5,5,3922,菅 沼 佳 昭,23,28,6.81,5,0.14,1.54.9,4-1-6,7420,23,4-1,2820,7,1-4-6,590,3,1-4,390,3
20250619,住之江,5,住之江ファイ,晴,南東,1,1,6,2,4359,横 川 聖 志,88,19,6.94,2,0.18,1.57.3,4-1-6,7420,23,4-1,2820,7,1-4-6,590,3,1-4,390,3
20250619,住之江,6,一般戦,晴,無風,0,1,1,1,4486,野 村 誠,63,89,6.87,1,0.11,1.50.3,1-2-6,740,2,1-2,380,2,1-2-6,320,1,1-2,270,1
20250619,住之江,6,一般戦,晴,無風,0,1,2,2,4693,松 下 誉 士,12,20,6.85,2,0.14,1.51.8,1-2-6,740,2,1-2,380,2,1-2-6,320,1,1-2,270,1
20250619,住之江,6,一般戦,晴,無風,0,1,3,6,3918,深 井 利 寿,84,30,6.94,6,0.16,1.52.7,1-2-6,740,2,1-2,380,2,1-2-6,320,1,1-2,270,1
20250619,住之江,6,一般戦,晴,無風,0,1,4,4,3990,芹 澤 克 彦,59,17,6.89,4,0.07,1.54.3,1-2-6,740,2,1-2,380,2,1-2-6,320,1,1-2,270,1
20250619,住之江,6,一般戦,晴,無風,0,1,5,3,3889,須 藤 隆 雄,57,53,6.94,3,0.12,1.55.6,1-2-6,740,2,1-2,380,2,1-2-6,320,1,1-2,270,1
20250619,住之江,6,一般戦,晴,無風,0,1,6,5,5300,横 田 海 人,14,77,6.87,5,0.09,1.56.2,1-2-6,740,2,1-2,380,2,1-2-6,320,1,1-2,270,1
20250619,住之江,7,一般戦,晴,南東,1,1,1,1,4523,中 村 辰 也,37,27,6.88,1,0.19,1.50.7,1-6-4,1530,6,1-6,380,1,1-4-6,510,3,1-6,290,2
20250619,住之江,7,一般戦,晴,南東,1,1,2,6,4095,福 来 剛,64,93,6.87,6,0.13,1.52.0,1-6-4,1530,6,1-6,380,1,1-4-6,510,3,1-6,290,2
20250619,住之江,7,一般戦,晴,南東,1,1,3,4,3843,上 之 晃 弘,87,81,6.98,4,0.23,1.54.1,1-6-4,1530,6,1-6,380,1,1-4-6,510,3,1-6,290,2
20250619,住之江,7,一般戦,晴,南東,1,1,4,5,3981,今 坂 晃 広,68,15,6.98,5,0.17,1.54.8,1-6-4,1530,6,1-6,380,1,1-4-6,510,3,1-6,290,2
20250619,住之江,7,一般戦,晴,南東,1,1,5,3,3584,佐々木 英 樹,90,95,6.94,3,0.18,1.55.4,1-6-4,1530,6,1-6,380,1,1-4-6,510,3,1-6,290,2
20250619,住之江,7,一般戦,晴,南東,1,1,6,2,4664,東 口 晃,70,71,6.89,2,0.18,1.56.3,1-6-4,1530,6,1-6,380,1,1-4-6,510,3,1-6,290,2
20250619,住之江,8,一般戦,晴,無風,0,1,1,4,5050,木 下 雄 介,55,85,6.87,4,0.17,1.50.2,4-5-2,7560,31,4-5,1130,6,2-4-5,4440,15,4-5,1050,5
20250619,住之江,8,一般戦,晴,無風,0,1,2,5,3807,岡 部 哲,51,35,6.91,5,0.17,1.51.5,4-5-2,7560,31,4-5,1130,6,2-4-5,4440,15,4-5,1050,5
20250619,住之江,8,一般戦,晴,無風,0,1,3,2,4145,小 澤 学,80,69,6.91,2,0.30,1.53.1,4-5-2,7560,31,4-5,1130,6,2-4-5,4440,15,4-5,1050,5
20250619,住之江,8,一般戦,晴,無風,0,1,4,3,3964,宮 地 博 士,65,94,6.90,3,0.34,1.54.1,4-5-2,7560,31,4-5,1130,6,2-4-5,4440,15,4-5,1050,5
20250619,住之江,8,一般戦,晴,無風,0,1,5,6,3904,森 貴 洋,73,82,6.90,6,0.21,1.54.9,4-5-2,7560,31,4-5,1130,6,2-4-5,4440,15,4-5,1050,5
20250619,住之江,8,一般戦,晴,無風,0,1,6,1,3564,桑 原 啓,56,37,6.84,1,0.29,1.56.9,4-5-2,7560,31,4-5,1130,6,2-4-5,4440,15,4-5,1050,5
20250619,住之江,9,住之江選抜,晴,無風,0,1,1,4,4269,杉 山 裕 也,17,88,6.86,1,0.12,1.50.3,4-1-6,1150,4,4-1,510,2,1-4-6,360,2,1-4,150,1
20250619,住之江,9,住之江選抜,晴,無風,0,1,2,1,4460,後 藤 翔 之,27,68,6.85,2,0.08,1.51.2,4-1-6,1150,4,4-1,510,2,1-4-6,360,2,1-4,150,1
20250619,住之江,9,住之江選抜,晴,無風,0,1,3,6,5280,廣 瀬 凜,75,87,6.88,5,0.16,1.52.5,4-1-6,1150,4,4-1,510,2,1-4-6,360,2,1-4,150,1
20250619,住之江,9,住之江選抜,晴,無風,0,1,4,5,5271,杉 山 太 陽,76,24,6.93,4,0.07,1.53.9,4-1-6,1150,4,4-1,510,2,1-4-6,360,2,1-4,150,1
20250619,住之江,9,住之江選抜,晴,無風,0,1,5,2,3922,菅 沼 佳 昭,23,28,6.83,3,0.10,1.54.8,4-1-6,1150,4,4-1,510,2,1-4-6,360,2,1-4,150,1
20250619,住之江,9,住之江選抜,晴,無風,0,1,6,3,5331,佐 藤 永 梧,54,13,6.87,6,0.13,1.57.5,4-1-6,1150,4,4-1,510,2,1-4-6,360,2,1-4,150,1
20250619,住之江,10,選抜戦,晴,無風,0,1,1,2,5139,大 場 恒 季,78,14,6.87,3,0.18,1.49.6,2-1-4,3470,11,2-1,840,3,1-2-4,730,4,1-2,270,1
20250619,住之江,10,選抜戦,晴,無風,0,1,2,1,3788,一 宮 稔 弘,79,80,6.83,1,0.19,1.51.6,2-1-4,3470,11,2-1,840,3,1-2-4,730,4,1-2,270,1
20250619,住之江,10,選抜戦,晴,無風,0,1,3,4,4359,横 川 聖 志,88,19,6.94,5,0.10,1.52.7,2-1-4,3470,11,2-1,840,3,1-2-4,730,4,1-2,270,1
20250619,住之江,10,選抜戦,晴,無風,0,1,4,3,3304,烏 野 賢 太,83,57,6.95,4,0.13,1.54.8,2-1-4,3470,11,2-1,840,3,1-2-4,730,4,1-2,270,1
20250619,住之江,10,選抜戦,晴,無風,0,1,5,5,4486,野 村 誠,63,89,6.89,6,0.11,1.55.8,2-1-4,3470,11,2-1,840,3,1-2-4,730,4,1-2,270,1
20250619,住之江,10,選抜戦,晴,無風,0,1,6,6,4163,山 崎 裕 司,72,63,6.84,2,0.26,1.57.4,2-1-4,3470,11,2-1,840,3,1-2-4,730,4,1-2,270,1
20250619,住之江,11,選抜戦,晴,無風,0,1,1,1,4293,鈴 木 智 啓,32,83,6.94,1,0.12,1.49.5,1-3-4,860,2,1-3,300,1,1-3-4,440,3,1-3,260,1
20250619,住之江,11,選抜戦,晴,無風,0,1,2,3,4095,福 来 剛,64,93,6.87,3,0.09,1.50.9,1-3-4,860,2,1-3,300,1,1-3-4,440,3,1-3,260,1
20250619,住之江,11,選抜戦,晴,無風,0,1,3,4,3918,深 井 利 寿,84,30,6.91,4,0.10,1.52.8,1-3-4,860,2,1-3,300,1,1-3-4,440,3,1-3,260,1
20250619,住之江,11,選抜戦,晴,無風,0,1,4,5,4523,中 村 辰 也,37,27,6.88,5,0.06,1.53.7,1-3-4,860,2,1-3,300,1,1-3-4,440,3,1-3,260,1
20250619,住之江,11,選抜戦,晴,無風,0,1,5,6,4077,品 田 直 樹,19,61,6.92,6,0.12,1.54.3,1-3-4,860,2,1-3,300,1,1-3-4,440,3,1-3,260,1
20250619,住之江,11,選抜戦,晴,無風,0,1,6,2,4505,島 田 賢 人,86,21,6.89,2,0.15,1.56.6,1-3-4,860,2,1-3,300,1,1-3-4,440,3,1-3,260,1
20250619,三国,12,優勝戦,晴,南,2,1,1,3,4679,植 田 太 一,33,70,6.83,3,0.19,1.49.4,3-5-2,115450,83,3-5,17480,18,2-3-5,15360,15,3-5,8670,12
20250619,三国,12,優勝戦,晴,南,2,1,2,5,4907,小 池 修 平,53,25,6.87,5,0.15,1.51.2,3-5-2,115450,83,3-5,17480,18,2-3-5,15360,15,3-5,8670,12
20250619,三国,12,優勝戦,晴,南,2,1,3,2,4685,島 村 隆 幸,67,75,6.94,2,0.21,1.51.9,3-5-2,115450,83,3-5,17480,18,2-3-5,15360,15,3-5,8670,12
20250619,三国,12,優勝戦,晴,南,2,1,4,6,5298,水 谷 理 人,77,79,6.84,6,0.17,1.53.1,3-5-2,115450,83,3-5,17480,18,2-3-5,15360,15,3-5,8670,12
20250619,三国,12,優勝戦,晴,南,2,1,5,1,4719,上 條 暢 嵩,24,65,6.82,1,0.16,1.54.0,3-5-2,115450,83,3-5,17480,18,2-3-5,15360,15,3-5,8670,12
20250619,三国,12,優勝戦,晴,南,2,1,6,4,4350,篠 崎 元 志,28,51,6.83,4,0.16,1.54.5,3-5-2,115450,83,3-5,17480,18,2-3-5,15360,15,3-5,8670,12
20250619,三国,1,みくにあさイ,晴,北西,2,2,1,4,5275,松 田 淳 平,38,50,6.82,4,0.07,1.49.7,4-3-1,34750,34,4-3,15120,13,1-3-4,350,2,3-4,5960,5
20250619,三国,1,みくにあさイ,晴,北西,2,2,2,3,4978,山 田 和 佐,50,17,6.80,3,0.08,1.51.2,4-3-1,34750,34,4-3,15120,13,1-3-4,350,2,3-4,5960,5
20250619,三国,1,みくにあさイ,晴,北西,2,2,3,1,4682,大 上 卓 人,39,54,6.82,1,0.12,1.52.7,4-3-1,34750,34,4-3,15120,13,1-3-4,350,2,3-4,5960,5
20250619,三国,1,みくにあさイ,晴,北西,2,2,4,6,3589,西 村 勝,53,46,6.85,5,0.03,1.54.0,4-3-1,34750,34,4-3,15120,13,1-3-4,350,2,3-4,5960,5
20250619,三国,1,みくにあさイ,晴,北西,2,2,5,2,4692,酒 井 俊 弘,67,29,6.92,2,0.15,,4-3-1,34750,34,4-3,15120,13,1-3-4,350,2,3-4,5960,5
20250619,三国,1,みくにあさイ,晴,北西,2,2,6,5,5405,竹 内 来,15,11,6.88,6,0.11,,4-3-1,34750,34,4-3,15120,13,1-3-4,350,2,3-4,5960,5
20250619,三国,2,みくにあさガ,晴,北西,3,3,1,1,4760,山 崎 郡,45,37,6.72,1,0.12,1.50.1,1-5-2,1860,6,1-5,850,3,1-2-5,360,2,1-5,750,3
20250619,三国,2,みくにあさガ,晴,北西,3,3,2,5,4143,浦 田 晃 嗣,65,57,6.80,5,0.04,1.52.7,1-5-2,1860,6,1-5,850,3,1-2-5,360,2,1-5,750,3
20250619,三国,2,みくにあさガ,晴,北西,3,3,3,2,4822,百 武 翔,34,30,6.82,2,0.06,1.53.8,1-5-2,1860,6,1-5,850,3,1-2-5,360,2,1-5,750,3
20250619,三国,2,みくにあさガ,晴,北西,3,3,4,6,4623,中 北 将 史,11,26,6.77,6,0.02,1.54.4,1-5-2,1860,6,1-5,850,3,1-2-5,360,2,1-5,750,3
20250619,三国,2,みくにあさガ,晴,北西,3,3,5,4,5319,近 藤 颯 斗,37,22,6.78,4,0.01,,1-5-2,1860,6,1-5,850,3,1-2-5,360,2,1-5,750,3
20250619,三国,3,みくにあさズ,晴,北西,3,3,1,1,3779,原 田 幸 哉,31,20,6.75,1,0.06,1.49.5,1-3-4,360,1,1-3,170,1,1-3-4,250,2,1-3,110,1
20250619,三国,3,みくにあさズ,晴,北西,3,3,2,3,4604,岩 瀬 裕 亮,41,33,6.81,3,0.12,1.50.9,1-3-4,360,1,1-3,170,1,1-3-4,250,2,1-3,110,1
20250619,三国,3,みくにあさズ,晴,北西,3,3,3,4,4872,山 下 流 心,61,48,6.85,4,0.09,1.53.5,1-3-4,360,1,1-3,170,1,1-3-4,250,2,1-3,110,1
20250619,三国,3,みくにあさズ,晴,北西,3,3,4,6,4879,山 崎 鉄 平,55,25,6.84,6,0.10,1.53.9,1-3-4,360,1,1-3,170,1,1-3-4,250,2,1-3,110,1
20250619,三国,3,みくにあさズ,晴,北西,3,3,5,5,5208,屋 良 龍 紀,66,68,6.84,5,0.09,,1-3-4,360,1,1-3,170,1,1-3-4,250,2,1-3,110,1
20250619,三国,3,みくにあさズ,晴,北西,3,3,6,2,3776,横 井 健 太,62,58,6.76,2,0.15,,1-3-4,360,1,1-3,170,1,1-3-4,250,2,1-3,110,1
20250619,三国,4,みくにあさ推,晴,北西,2,2,1,1,4067,永 井 源,47,38,6.77,1,0.12,1.49.8,1-3-5,4600,14,1-3,2080,4,1-3-5,2060,5,1-3,880,3
20250619,三国,4,みくにあさ推,晴,北西,2,2,2,3,3211,北 川 敏 弘,16,69,6.84,3,0.07,1.51.9,1-3-5,4600,14,1-3,2080,4,1-3-5,2060,5,1-3,880,3
20250619,三国,4,みくにあさ推,晴,北西,2,2,3,5,4581,吉 村 誠,30,53,6.83,4,0.11,1.52.7,1-3-5,4600,14,1-3,2080,4,1-3-5,2060,5,1-3,880,3
20250619,三国,4,みくにあさ推,晴,北西,2,2,4,2,4290,稲 田 浩 二,18,19,6.74,2,0.15,1.54.1,1-3-5,4600,14,1-3,2080,4,1-3-5,2060,5,1-3,880,3
20250619,三国,4,みくにあさ推,晴,北西,2,2,5,4,5128,坪 井 爽 佑,69,64,6.82,5,0.09,,1-3-5,4600,14,1-3,2080,4,1-3-5,2060,5,1-3,880,3
20250619,三国,4,みくにあさ推,晴,北西,2,2,6,6,4327,加 藤 翔,32,63,6.80,6,0.10,,1-3-5,4600,14,1-3,2080,4,1-3-5,2060,5,1-3,880,3
20250619,三国,5,予選,晴,北西,1,1,1,2,5275,松 田 淳 平,38,50,6.78,2,0.22,1.50.6,2-6-3,24420,65,2-6,7450,20,2-3-6,2480,10,2-6,4630,13
20250619,三国,5,予選,晴,北西,1,1,2,6,4013,中 島 孝 平,52,34,6.89,6,0.12,1.51.2,2-6-3,24420,65,2-6,7450,20,2-3-6,2480,10,2-6,4630,13
20250619,三国,5,予選,晴,北西,1,1,3,3,3940,飯 山 泰,46,21,6.77,3,0.17,1.53.8,2-6-3,24420,65,2-6,7450,20,2-3-6,2480,10,2-6,4630,13
20250619,三国,5,予選,晴,北西,1,1,4,5,4887,富 澤 祐 作,25,43,6.78,5,0.18,1.55.3,2-6-3,24420,65,2-6,7450,20,2-3-6,2480,10,2-6,4630,13
20250619,三国,5,予選,晴,北西,1,1,5,4,4919,吉 田 翔 悟,23,60,6.81,4,0.15,,2-6-3,24420,65,2-6,7450,20,2-3-6,2480,10,2-6,4630,13
20250619,三国,5,予選,晴,北西,1,1,6,1,5110,杉 山 喜 一,14,55,6.83,1,0.11,,2-6-3,24420,65,2-6,7450,20,2-3-6,2480,10,2-6,4630,13
20250619,三国,6,予選,晴,北西,3,3,1,6,3388,今 垣 光太郎,20,51,6.93,4,0.08,1.51.0,6-3-2,4870,21,6-3,1910,8,2-3-6,500,3,3-6,1650,8
20250619,三国,6,予選,晴,北西,3,3,2,3,4092,岡 部 大 輔,58,32,6.82,3,0.07,1.52.1,6-3-2,4870,21,6-3,1910,8,2-3-6,500,3,3-6,1650,8
20250619,三国,6,予選,晴,北西,3,3,3,2,4276,鈴 木 勝 博,22,36,6.79,2,0.24,1.53.6,6-3-2,4870,21,6-3,1910,8,2-3-6,500,3,3-6,1650,8
20250619,三国,6,予選,晴,北西,3,3,4,1,4219,本 岡 勝 利,70,70,6.82,1,0.14,1.54.8,6-3-2,4870,21,6-3,1910,8,2-3-6,500,3,3-6,1650,8
20250619,三国,6,予選,晴,北西,3,3,5,5,3987,後 藤 正 宗,27,71,6.89,5,0.08,,6-3-2,4870,21,6-3,1910,8,2-3-6,500,3,3-6,1650,8
20250619,三国,6,予選,晴,北西,3,3,6,4,5405,竹 内 来,15,11,6.84,6,0.08,,6-3-2,4870,21,6-3,1910,8,2-3-6,500,3,3-6,1650,8
20250619,三国,7,予選,晴,北西,3,3,1,5,4760,山 崎 郡,45,37,6.81,5,0.15,1.49.8,5-2-6,2560,8,5-2,950,4,2-5-6,850,5,2-5,180,1
20250619,三国,7,予選,晴,北西,3,3,2,2,4978,山 田 和 佐,50,17,6.89,2,0.14,1.51.1,5-2-6,2560,8,5-2,950,4,2-5-6,850,5,2-5,180,1
20250619,三国,7,予選,晴,北西,3,3,3,6,3158,島 川 光 男,57,61,6.87,6,0.19,1.52.3,5-2-6,2560,8,5-2,950,4,2-5-6,850,5,2-5,180,1
20250619,三国,7,予選,晴,北西,3,3,4,3,4988,牟 田 奨 太,17,39,6.99,3,0.19,1.55.5,5-2-6,2560,8,5-2,950,4,2-5-6,850,5,2-5,180,1
20250619,三国,7,予選,晴,北西,3,3,5,4,4813,宮 内 直 哉,42,45,6.92,4,0.61,,5-2-6,2560,8,5-2,950,4,2-5-6,850,5,2-5,180,1
20250619,三国,7,予選,晴,北西,3,3,6,1,4047,吉 永 浩 則,12,41,6.93,1,0.20,,5-2-6,2560,8,5-2,950,4,2-5-6,850,5,2-5,180,1
20250619,三国,8,予選,晴,北西,4,4,1,5,4445,宮 地 元 輝,43,66,6.81,5,0.13,1.50.2,5-1-2,3720,17,5-1,1290,6,1-2-5,610,3,1-5,560,3
20250619,三国,8,予選,晴,北西,4,4,2,1,3699,富 永 正 人,24,18,6.95,1,0.23,1.52.1,5-1-2,3720,17,5-1,1290,6,1-2-5,610,3,1-5,560,3
20250619,三国,8,予選,晴,北西,4,4,3,2,4581,吉 村 誠,30,53,6.87,2,0.26,1.52.6,5-1-2,3720,17,5-1,1290,6,1-2-5,610,3,1-5,560,3
20250619,三国,8,予選,晴,北西,4,4,4,6,4604,岩 瀬 裕 亮,41,33,6.80,6,0.19,1.53.8,5-1-2,3720,17,5-1,1290,6,1-2-5,610,3,1-5,560,3
20250619,三国,8,予選,晴,北西,4,4,5,4,5318,河 内 一 馬,35,12,6.89,4,0.18,,5-1-2,3720,17,5-1,1290,6,1-2-5,610,3,1-5,560,3
20250619,三国,8,予選,晴,北西,4,4,6,3,4692,酒 井 俊 弘,67,29,6.93,3,0.26,,5-1-2,3720,17,5-1,1290,6,1-2-5,610,3,1-5,560,3
20250619,三国,9,予選特賞,晴,北西,4,4,1,1,4919,吉 田 翔 悟,23,60,6.88,1,0.12,1.49.9,1-3-6,940,2,1-3,500,2,1-3-6,350,1,1-3,280,1
20250619,三国,9,予選特賞,晴,北西,4,4,2,3,4682,大 上 卓 人,39,54,6.89,3,0.15,1.50.1,1-3-6,940,2,1-3,500,2,1-3-6,350,1,1-3,280,1
20250619,三国,9,予選特賞,晴,北西,4,4,3,6,4290,稲 田 浩 二,18,19,6.86,6,0.06,1.53.0,1-3-6,940,2,1-3,500,2,1-3-6,350,1,1-3,280,1
20250619,三国,9,予選特賞,晴,北西,4,4,4,4,3776,横 井 健 太,62,58,6.89,4,0.12,1.54.9,1-3-6,940,2,1-3,500,2,1-3-6,350,1,1-3,280,1
20250619,三国,9,予選特賞,晴,北西,4,4,5,5,3992,関 口 智 久,60,49,6.92,5,0.05,,1-3-6,940,2,1-3,500,2,1-3-6,350,1,1-3,280,1
20250619,三国,9,予選特賞,晴,北西,4,4,6,2,4143,浦 田 晃 嗣,65,57,6.91,2,0.13,,1-3-6,940,2,1-3,500,2,1-3-6,350,1,1-3,280,1
20250619,三国,10,予選特賞,晴,北西,2,2,1,1,4092,岡 部 大 輔,58,32,6.86,1,0.12,1.50.3,1-2-4,540,1,1-2,290,1,1-2-4,200,1,1-2,120,1
20250619,三国,10,予選特賞,晴,北西,2,2,2,2,4013,中 島 孝 平,52,34,6.90,2,0.21,1.51.6,1-2-4,540,1,1-2,290,1,1-2-4,200,1,1-2,120,1
20250619,三国,10,予選特賞,晴,北西,2,2,3,4,4067,永 井 源,47,38,6.83,4,0.19,1.53.5,1-2-4,540,1,1-2,290,1,1-2-4,200,1,1-2,120,1
20250619,三国,10,予選特賞,晴,北西,2,2,4,6,4465,大 西 賢,28,27,6.93,6,0.23,1.54.0,1-2-4,540,1,1-2,290,1,1-2-4,200,1,1-2,120,1
20250619,三国,10,予選特賞,晴,北西,2,2,5,5,4822,百 武 翔,34,30,7.01,5,0.21,,1-2-4,540,1,1-2,290,1,1-2-4,200,1,1-2,120,1
20250619,三国,10,予選特賞,晴,北西,2,2,6,3,3589,西 村 勝,53,46,6.98,3,0.24,,1-2-4,540,1,1-2,290,1,1-2-4,200,1,1-2,120,1
20250619,三国,11,記者特選,晴,北西,2,2,1,3,3158,島 川 光 男,57,61,6.88,3,0.23,1.50.5,3-1-2,8620,30,3-1,4200,11,1-2-3,410,1,1-3,3170,10
20250619,三国,11,記者特選,晴,北西,2,2,2,1,3211,北 川 敏 弘,16,69,6.91,1,0.22,1.52.7,3-1-2,8620,30,3-1,4200,11,1-2-3,410,1,1-3,3170,10
20250619,三国,11,記者特選,晴,北西,2,2,3,2,3388,今 垣 光太郎,20,51,6.97,2,0.23,1.52.8,3-1-2,8620,30,3-1,4200,11,1-2-3,410,1,1-3,3170,10
20250619,三国,11,記者特選,晴,北西,2,2,4,4,4887,富 澤 祐 作,25,43,6.83,4,0.16,1.54.2,3-1-2,8620,30,3-1,4200,11,1-2-3,410,1,1-3,3170,10
20250619,三国,11,記者特選,晴,北西,2,2,5,5,5319,近 藤 颯 斗,37,22,6.84,6,0.19,,3-1-2,8620,30,3-1,4200,11,1-2-3,410,1,1-3,3170,10
20250619,三国,11,記者特選,晴,北西,2,2,6,6,4872,山 下 流 心,61,48,6.91,5,0.20,,3-1-2,8620,30,3-1,4200,11,1-2-3,410,1,1-3,3170,10
20250619,津,12,カニ坊選抜,晴,北西,4,4,1,1,4445,宮 地 元 輝,43,66,6.80,1,0.06,1.49.9,1-4-2,380,1,1-4,200,1,1-2-4,160,1,1-4,160,1
20250619,津,12,カニ坊選抜,晴,北西,4,4,2,4,3779,原 田 幸 哉,31,20,6.83,4,0.08,1.50.5,1-4-2,380,1,1-4,200,1,1-2-4,160,1,1-4,160,1
20250619,津,12,カニ坊選抜,晴,北西,4,4,3,2,3987,後 藤 正 宗,27,71,6.91,2,0.04,1.52.6,1-4-2,380,1,1-4,200,1,1-2-4,160,1,1-4,160,1
20250619,津,12,カニ坊選抜,晴,北西,4,4,4,6,4988,牟 田 奨 太,17,39,6.95,6,0.11,1.54.5,1-4-2,380,1,1-4,200,1,1-2-4,160,1,1-4,160,1
20250619,津,12,カニ坊選抜,晴,北西,4,4,5,5,5247,大 森 翼,33,23,6.82,5,0.12,,1-4-2,380,1,1-4,200,1,1-2-4,160,1,1-4,160,1
20250619,津,12,カニ坊選抜,晴,北西,4,4,6,3,4078,渡 辺 史 之,51,28,6.96,3,0.08,,1-4-2,380,1,1-4,200,1,1-2-4,160,1,1-4,160,1
20250619,津,1,ツッキーレー,晴,東,3,2,1,2,3963,原 田 秀 弥,22,20,6.90,2,0.08,1.49.8,2-1-3,3730,13,2-1,1270,5,1-2-3,330,1,1-2,210,1
20250619,津,1,ツッキーレー,晴,東,3,2,2,1,4207,松 下 一 也,15,73,6.80,1,0.05,1.51.8,2-1-3,3730,13,2-1,1270,5,1-2-3,330,1,1-2,210,1
20250619,津,1,ツッキーレー,晴,東,3,2,3,3,4876,梅 木 敬 太,62,76,6.92,3,0.13,1.53.8,2-1-3,3730,13,2-1,1270,5,1-2-3,330,1,1-2,210,1
20250619,津,1,ツッキーレー,晴,東,3,2,4,4,4181,花 本 夏 樹,47,47,6.89,4,0.13,1.54.6,2-1-3,3730,13,2-1,1270,5,1-2-3,330,1,1-2,210,1
20250619,津,1,ツッキーレー,晴,東,3,2,5,6,4491,田 中 堅,50,38,6.89,6,0.20,,2-1-3,3730,13,2-1,1270,5,1-2-3,330,1,1-2,210,1
20250619,津,1,ツッキーレー,晴,東,3,2,6,5,5330,安河内 鈴之介,17,74,6.82,5,0.13,,2-1-3,3730,13,2-1,1270,5,1-2-3,330,1,1-2,210,1
20250619,津,2,予選,晴,東,3,2,1,1,5130,上 野 拓 馬,20,57,6.78,1,0.14,1.51.2,1-2-5,880,3,1-2,300,1,1-2-5,390,3,1-2,230,1
20250619,津,2,予選,晴,東,3,2,2,2,5065,伊久間 陽 優,64,40,6.81,2,0.18,1.52.4,1-2-5,880,3,1-2,300,1,1-2-5,390,3,1-2,230,1
20250619,津,2,予選,晴,東,3,2,3,5,5100,栗 原 一 馬,70,18,6.85,5,0.23,1.54.5,1-2-5,880,3,1-2,300,1,1-2-5,390,3,1-2,230,1
20250619,津,2,予選,晴,東,3,2,4,4,4164,岩 永 節 也,63,35,6.80,4,0.23,1.55.4,1-2-5,880,3,1-2,300,1,1-2-5,390,3,1-2,230,1
20250619,津,2,予選,晴,東,3,2,5,3,3583,齋 藤 智 裕,38,19,6.83,3,0.26,,1-2-5,880,3,1-2,300,1,1-2-5,390,3,1-2,230,1
20250619,津,2,予選,晴,東,3,2,6,6,5419,櫻 井 隼,35,44,6.73,6,0.17,,1-2-5,880,3,1-2,300,1,1-2-5,390,3,1-2,230,1
20250619,津,3,予選,晴,東,3,2,1,3,5217,藤 原 碧 生,11,14,6.79,3,0.13,1.50.1,3-6-2,2160,9,3-6,660,3,2-3-6,880,4,3-6,470,3
20250619,津,3,予選,晴,東,3,2,2,6,4485,楠 原 正 剛,29,46,6.82,5,0.06,1.51.2,3-6-2,2160,9,3-6,660,3,2-3-6,880,4,3-6,470,3
20250619,津,3,予選,晴,東,3,2,3,2,4339,平 瀬 城 啓,59,75,6.83,2,0.07,1.53.8,3-6-2,2160,9,3-6,660,3,2-3-6,880,4,3-6,470,3
20250619,津,3,予選,晴,東,3,2,4,1,4727,安 部 慎 一,33,55,6.83,1,0.09,1.54.4,3-6-2,2160,9,3-6,660,3,2-3-6,880,4,3-6,470,3
20250619,津,3,予選,晴,東,3,2,5,4,4186,小 川 時 光,31,13,6.84,4,0.08,,3-6-2,2160,9,3-6,660,3,2-3-6,880,4,3-6,470,3
20250619,津,3,予選,晴,東,3,2,6,5,5402,塚 越 陸 斗,74,15,6.87,6,0.13,,3-6-2,2160,9,3-6,660,3,2-3-6,880,4,3-6,470,3
20250619,津,4,予選,晴,東,3,2,1,1,4068,幸 田 智 裕,60,39,6.83,1,0.09,1.51.1,1-2-5,2430,7,1-2,360,2,1-2-5,860,3,1-2,260,1
20250619,津,4,予選,晴,東,3,2,2,2,4596,葛 原 大 陽,66,23,6.94,2,0.11,1.51.9,1-2-5,2430,7,1-2,360,2,1-2-5,860,3,1-2,260,1
20250619,津,4,予選,晴,東,3,2,3,5,4263,武 重 雄 介,26,63,6.89,5,0.17,1.53.5,1-2-5,2430,7,1-2,360,2,1-2-5,860,3,1-2,260,1
20250619,津,4,予選,晴,東,3,2,4,3,3576,白 水 勝 也,34,31,6.77,3,0.13,1.54.4,1-2-5,2430,7,1-2,360,2,1-2-5,860,3,1-2,260,1
20250619,津,4,予選,晴,東,3,2,5,6,4203,小 倉 康 典,69,50,6.86,6,0.16,,1-2-5,2430,7,1-2,360,2,1-2-5,860,3,1-2,260,1
20250619,津,4,予選,晴,東,3,2,6,4,3652,森 下 勇,16,17,6.92,4,0.18,,1-2-5,2430,7,1-2,360,2,1-2-5,860,3,1-2,260,1
20250619,津,5,５ールドレー,晴,東,3,2,1,1,4188,久 田 敏 之,71,21,6.80,1,0.12,1.49.3,1-2-5,3000,11,1-2,250,1,1-2-5,2080,7,1-2,220,1
20250619,津,5,５ールドレー,晴,東,3,2,2,2,5127,沼 田 大 都,55,67,6.82,2,0.22,1.52.9,1-2-5,3000,11,1-2,250,1,1-2-5,2080,7,1-2,220,1
20250619,津,5,５ールドレー,晴,東,3,2,3,5,5259,野 田 昇 吾,76,36,6.79,6,0.14,1.53.9,1-2-5,3000,11,1-2,250,1,1-2-5,2080,7,1-2,220,1
20250619,津,5,５ールドレー,晴,東,3,2,4,4,4332,村 上 彰 一,56,58,6.88,4,0.15,1.54.2,1-2-5,3000,11,1-2,250,1,1-2-5,2080,7,1-2,220,1
20250619,津,5,５ールドレー,晴,東,3,2,5,3,4691,水 原 慎,43,43,6.84,3,0.15,,1-2-5,3000,11,1-2,250,1,1-2-5,2080,7,1-2,220,1
20250619,津,5,５ールドレー,晴,東,3,2,6,6,4213,重 富 伸 也,51,26,6.71,5,0.17,,1-2-5,3000,11,1-2,250,1,1-2-5,2080,7,1-2,220,1
20250619,津,6,予選,晴,東,3,2,1,2,4815,伏 島 祐 介,68,72,6.85,2,0.25,1.50.3,2-4-3,13440,44,2-4,2400,12,2-3-4,2180,9,2-4,880,5
20250619,津,6,予選,晴,東,3,2,2,4,4436,渋 谷 明 憲,37,65,6.85,4,0.13,1.52.1,2-4-3,13440,44,2-4,2400,12,2-3-4,2180,9,2-4,880,5
20250619,津,6,予選,晴,東,3,2,3,3,4491,田 中 堅,50,38,6.89,3,0.19,1.53.2,2-4-3,13440,44,2-4,2400,12,2-3-4,2180,9,2-4,880,5
20250619,津,6,予選,晴,東,3,2,4,6,3995,重 野 哲 之,32,29,6.83,5,0.09,1.54.6,2-4-3,13440,44,2-4,2400,12,2-3-4,2180,9,2-4,880,5
20250619,津,6,予選,晴,東,3,2,5,5,5419,櫻 井 隼,35,44,6.83,6,0.15,,2-4-3,13440,44,2-4,2400,12,2-3-4,2180,9,2-4,880,5
20250619,津,6,予選,晴,東,3,2,6,1,4251,川 崎 誠 志,23,53,6.84,1,0.34,,2-4-3,13440,44,2-4,2400,12,2-3-4,2180,9,2-4,880,5
20250619,津,7,予選,晴,東,3,2,1,6,4109,谷 津 幸 宏,39,12,6.90,6,0.16,1.50.7,6-1-2,105290,116,6-1,13810,27,1-2-6,4890,18,1-6,5190,13
20250619,津,7,予選,晴,東,3,2,2,1,3542,清 水 紀 克,75,11,6.87,1,0.24,1.52.8,6-1-2,105290,116,6-1,13810,27,1-2-6,4890,18,1-6,5190,13
20250619,津,7,予選,晴,東,3,2,3,2,5130,上 野 拓 馬,20,57,6.85,2,0.16,1.54.3,6-1-2,105290,116,6-1,13810,27,1-2-6,4890,18,1-6,5190,13
20250619,津,7,予選,晴,東,3,2,4,3,4545,岡 村 慶 太,24,49,6.86,3,0.18,1.54.9,6-1-2,105290,116,6-1,13810,27,1-2-6,4890,18,1-6,5190,13
20250619,津,7,予選,晴,東,3,2,5,5,5095,小 原 聡 将,19,32,6.79,5,0.19,,6-1-2,105290,116,6-1,13810,27,1-2-6,4890,18,1-6,5190,13
20250619,津,7,予選,晴,東,3,2,6,4,5330,安河内 鈴之介,17,74,6.84,4,0.21,,6-1-2,105290,116,6-1,13810,27,1-2-6,4890,18,1-6,5190,13
20250619,津,8,予選,晴,東,3,2,1,4,5065,伊久間 陽 優,64,40,6.84,4,0.04,1.50.5,4-1-2,21060,58,4-1,2030,10,1-2-4,2310,9,1-4,1140,6
20250619,津,8,予選,晴,東,3,2,2,1,4592,小 林 孝 弘,28,60,6.82,1,0.07,1.51.1,4-1-2,21060,58,4-1,2030,10,1-2-4,2310,9,1-4,1140,6
20250619,津,8,予選,晴,東,3,2,3,2,4876,梅 木 敬 太,62,76,6.88,2,0.10,1.54.0,4-1-2,21060,58,4-1,2030,10,1-2-4,2310,9,1-4,1140,6
20250619,津,8,予選,晴,東,3,2,4,3,4066,東 本 勝 利,41,45,6.85,3,0.07,1.54.4,4-1-2,21060,58,4-1,2030,10,1-2-4,2310,9,1-4,1140,6
20250619,津,8,予選,晴,東,3,2,5,6,4596,葛 原 大 陽,66,23,6.92,6,0.08,,4-1-2,21060,58,4-1,2030,10,1-2-4,2310,9,1-4,1140,6
20250619,津,8,予選,晴,東,3,2,6,5,4339,平 瀬 城 啓,59,75,6.91,5,0.09,,4-1-2,21060,58,4-1,2030,10,1-2-4,2310,9,1-4,1140,6
20250619,津,9,予選特賞,晴,東,4,2,1,1,4263,武 重 雄 介,26,63,6.94,1,0.09,1.50.4,1-2-5,490,1,1-2,310,1,1-2-5,160,1,1-2,170,1
20250619,津,9,予選特賞,晴,東,4,2,2,2,3422,服 部 幸 男,52,37,6.88,2,0.11,1.51.4,1-2-5,490,1,1-2,310,1,1-2-5,160,1,1-2,170,1
20250619,津,9,予選特賞,晴,東,4,2,3,5,4953,尾 上 雅 也,48,27,6.85,5,0.11,1.52.7,1-2-5,490,1,1-2,310,1,1-2-5,160,1,1-2,170,1
20250619,津,9,予選特賞,晴,東,4,2,4,3,4332,村 上 彰 一,56,58,6.84,3,0.18,1.54.4,1-2-5,490,1,1-2,310,1,1-2-5,160,1,1-2,170,1
20250619,津,9,予選特賞,晴,東,4,2,5,6,5402,塚 越 陸 斗,74,15,6.93,6,0.16,,1-2-5,490,1,1-2,310,1,1-2-5,160,1,1-2,170,1
20250619,津,9,予選特賞,晴,東,4,2,6,4,5100,栗 原 一 馬,70,18,6.95,4,0.16,,1-2-5,490,1,1-2,310,1,1-2-5,160,1,1-2,170,1
20250619,津,10,予選特賞,晴,東,4,2,1,1,4933,板 橋 侑 我,53,24,6.88,1,0.10,1.49.8,1-2-3,1580,5,1-2,300,1,1-2-3,830,4,1-2,240,1
20250619,津,10,予選特賞,晴,東,4,2,2,2,4610,佐 藤 大 佑,73,66,6.82,2,0.15,1.53.0,1-2-3,1580,5,1-2,300,1,1-2-3,830,4,1-2,240,1
20250619,津,10,予選特賞,晴,東,4,2,3,3,5127,沼 田 大 都,55,67,6.83,3,0.08,1.54.8,1-2-3,1580,5,1-2,300,1,1-2-3,830,4,1-2,240,1
20250619,津,10,予選特賞,晴,東,4,2,4,4,3995,重 野 哲 之,32,29,6.83,4,0.05,1.55.1,1-2-3,1580,5,1-2,300,1,1-2-3,830,4,1-2,240,1
20250619,津,10,予選特賞,晴,東,4,2,5,6,3576,白 水 勝 也,34,31,6.78,6,0.08,,1-2-3,1580,5,1-2,300,1,1-2-3,830,4,1-2,240,1
20250619,津,10,予選特賞,晴,東,4,2,6,5,3583,齋 藤 智 裕,38,19,6.90,5,0.09,,1-2-3,1580,5,1-2,300,1,1-2-3,830,4,1-2,240,1
20250619,津,11,予選特選,晴,東,4,2,1,5,4109,谷 津 幸 宏,39,12,6.90,5,0.06,1.49.6,5-4-1,16100,35,5-4,7340,12,1-4-5,380,2,4-5,3060,7
20250619,津,11,予選特選,晴,東,4,2,2,4,4188,久 田 敏 之,71,21,6.84,4,0.08,1.50.8,5-4-1,16100,35,5-4,7340,12,1-4-5,380,2,4-5,3060,7
20250619,津,11,予選特選,晴,東,4,2,3,1,4370,山 口 達 也,30,30,6.83,1,0.13,1.52.0,5-4-1,16100,35,5-4,7340,12,1-4-5,380,2,4-5,3060,7
20250619,津,11,予選特選,晴,東,4,2,4,6,3963,原 田 秀 弥,22,20,6.90,6,0.11,1.54.5,5-4-1,16100,35,5-4,7340,12,1-4-5,380,2,4-5,3060,7
20250619,津,11,予選特選,晴,東,4,2,5,2,4485,楠 原 正 剛,29,46,6.93,2,0.13,,5-4-1,16100,35,5-4,7340,12,1-4-5,380,2,4-5,3060,7
20250619,津,11,予選特選,晴,東,4,2,6,3,4068,幸 田 智 裕,60,39,6.84,3,0.13,,5-4-1,16100,35,5-4,7340,12,1-4-5,380,2,4-5,3060,7
20250619,常滑,12,ツッキー選抜,晴,東,4,2,1,4,4207,松 下 一 也,15,73,6.80,4,0.06,1.51.2,4-5-2,64000,103,4-5,12090,25,2-4-5,14710,19,4-5,3600,10
20250619,常滑,12,ツッキー選抜,晴,東,4,2,2,5,4213,重 富 伸 也,51,26,6.72,6,0.13,1.51.9,4-5-2,64000,103,4-5,12090,25,2-4-5,14710,19,4-5,3600,10
20250619,常滑,12,ツッキー選抜,晴,東,4,2,3,2,4436,渋 谷 明 憲,37,65,6.88,2,0.17,1.53.5,4-5-2,64000,103,4-5,12090,25,2-4-5,14710,19,4-5,3600,10
20250619,常滑,12,ツッキー選抜,晴,東,4,2,4,3,5095,小 原 聡 将,19,32,6.79,3,0.10,1.53.9,4-5-2,64000,103,4-5,12090,25,2-4-5,14710,19,4-5,3600,10
20250619,常滑,12,ツッキー選抜,晴,東,4,2,5,6,5217,藤 原 碧 生,11,14,6.76,5,0.10,,4-5-2,64000,103,4-5,12090,25,2-4-5,14710,19,4-5,3600,10
20250619,常滑,12,ツッキー選抜,晴,東,4,2,6,1,4066,東 本 勝 利,41,45,6.81,1,0.12,,4-5-2,64000,103,4-5,12090,25,2-4-5,14710,19,4-5,3600,10
20250619,常滑,1,予選,晴,西,3,1,1,5,3582,吉 川 昭 男,37,56,6.84,4,0.21,1.51.0,5-1-6,4450,14,5-1,1430,5,1-5-6,700,4,1-5,370,2
20250619,常滑,1,予選,晴,西,3,1,2,1,3489,大 場 敏,19,42,6.76,1,0.16,1.52.2,5-1-6,4450,14,5-1,1430,5,1-5-6,700,4,1-5,370,2
20250619,常滑,1,予選,晴,西,3,1,3,6,3920,正 木 聖 賢,44,18,6.83,5,0.33,1.53.9,5-1-6,4450,14,5-1,1430,5,1-5-6,700,4,1-5,370,2
20250619,常滑,1,予選,晴,西,3,1,4,3,3662,大 庭 元 明,28,70,6.81,3,0.11,1.55.0,5-1-6,4450,14,5-1,1430,5,1-5-6,700,4,1-5,370,2
20250619,常滑,1,予選,晴,西,3,1,5,4,3945,橋 口 真 樹,45,51,6.88,6,0.19,,5-1-6,4450,14,5-1,1430,5,1-5-6,700,4,1-5,370,2
20250619,常滑,1,予選,晴,西,3,1,6,2,3176,長谷川 巌,18,25,6.84,2,0.22,,5-1-6,4450,14,5-1,1430,5,1-5-6,700,4,1-5,370,2
20250619,常滑,2,予選,晴,西,3,1,1,6,3909,佐々木 康 幸,2,74,6.79,3,0.05,1.50.0,6-2-5,15090,52,6-2,1460,5,2-5-6,4300,10,2-6,430,2
20250619,常滑,2,予選,晴,西,3,1,2,2,4061,萩 原 秀 人,36,59,6.82,2,0.08,1.51.1,6-2-5,15090,52,6-2,1460,5,2-5-6,4300,10,2-6,430,2
20250619,常滑,2,予選,晴,西,3,1,3,5,3467,森 弘 行,34,47,6.79,6,0.20,1.53.7,6-2-5,15090,52,6-2,1460,5,2-5-6,4300,10,2-6,430,2
20250619,常滑,2,予選,晴,西,3,1,4,3,3769,佐 竹 恒 彦,60,45,6.79,4,0.14,1.54.7,6-2-5,15090,52,6-2,1460,5,2-5-6,4300,10,2-6,430,2
20250619,常滑,2,予選,晴,西,3,1,5,4,3930,岸 本 隆,33,54,6.79,5,0.10,,6-2-5,15090,52,6-2,1460,5,2-5-6,4300,10,2-6,430,2
20250619,常滑,2,予選,晴,西,3,1,6,1,3663,木 山 和 幸,29,28,6.78,1,0.12,,6-2-5,15090,52,6-2,1460,5,2-5-6,4300,10,2-6,430,2
20250619,常滑,3,予選,晴,南西,1,0,1,1,4007,榮 田 将 彦,23,22,6.81,1,0.02,1.50.6,1-3-2,5810,21,1-3,1250,5,1-2-3,1400,6,1-3,630,2
20250619,常滑,3,予選,晴,南西,1,0,2,3,3635,石 田 政 吾,31,17,6.76,3,0.04,1.51.5,1-3-2,5810,21,1-3,1250,5,1-2-3,1400,6,1-3,630,2
20250619,常滑,3,予選,晴,南西,1,0,3,2,3519,冨 田 秀 幸,61,38,6.81,2,0.06,1.52.3,1-3-2,5810,21,1-3,1250,5,1-2-3,1400,6,1-3,630,2
20250619,常滑,3,予選,晴,南西,1,0,4,4,3516,吉 原 聖 人,41,20,6.81,4,0.09,1.54.2,1-3-2,5810,21,1-3,1250,5,1-2-3,1400,6,1-3,630,2
20250619,常滑,3,予選,晴,南西,1,0,5,6,3297,藤 丸 光 一,15,57,6.74,5,0.05,,1-3-2,5810,21,1-3,1250,5,1-2-3,1400,6,1-3,630,2
20250619,常滑,3,予選,晴,南西,1,0,6,5,3952,中 澤 和 志,6,29,6.74,6,0.15,,1-3-2,5810,21,1-3,1250,5,1-2-3,1400,6,1-3,630,2
20250619,常滑,4,予選,晴,西,3,1,1,6,3517,高 橋 勲,13,64,6.79,5,0.21,1.51.6,6-4-3,9340,46,6-4,3200,15,3-4-6,1110,5,4-6,1120,6
20250619,常滑,4,予選,晴,西,3,1,2,4,3719,辻 栄 蔵,53,13,6.81,4,0.22,1.53.0,6-4-3,9340,46,6-4,3200,15,3-4-6,1110,5,4-6,1120,6
20250619,常滑,4,予選,晴,西,3,1,3,3,3966,作 間 章,46,24,6.85,3,0.29,1.54.6,6-4-3,9340,46,6-4,3200,15,3-4-6,1110,5,4-6,1120,6
20250619,常滑,4,予選,晴,西,3,1,4,5,3566,川 添 英 正,3,58,6.80,6,0.25,1.55.7,6-4-3,9340,46,6-4,3200,15,3-4-6,1110,5,4-6,1120,6
20250619,常滑,4,予選,晴,西,3,1,5,1,4023,柴 田 友 和,14,49,6.79,1,0.24,,6-4-3,9340,46,6-4,3200,15,3-4-6,1110,5,4-6,1120,6
20250619,常滑,4,予選,晴,西,3,1,6,2,3711,江 本 真 治,35,66,6.83,2,0.34,,6-4-3,9340,46,6-4,3200,15,3-4-6,1110,5,4-6,1120,6
20250619,常滑,5,予選,晴,西,3,1,1,1,4082,濱 崎 誠,10,46,6.83,1,0.04,1.50.9,1-6-2,2040,5,1-6,720,3,1-2-6,500,3,1-6,480,3
20250619,常滑,5,予選,晴,西,3,1,2,6,3554,仲 口 博 崇,51,69,6.83,3,0.14,1.52.9,1-6-2,2040,5,1-6,720,3,1-2-6,500,3,1-6,480,3
20250619,常滑,5,予選,晴,西,3,1,3,2,3563,堤 昇,24,43,6.87,2,0.13,1.54.3,1-6-2,2040,5,1-6,720,3,1-2-6,500,3,1-6,480,3
20250619,常滑,5,予選,晴,西,3,1,4,4,3503,堂 原 洋 史,54,75,6.78,5,0.10,1.54.6,1-6-2,2040,5,1-6,720,3,1-2-6,500,3,1-6,480,3
20250619,常滑,5,予選,晴,西,3,1,5,5,3701,大 西 隆 洋,4,55,6.89,6,0.16,,1-6-2,2040,5,1-6,720,3,1-2-6,500,3,1-6,480,3
20250619,常滑,5,予選,晴,西,3,1,6,3,4102,益 田 啓 司,48,50,6.81,4,0.09,,1-6-2,2040,5,1-6,720,3,1-2-6,500,3,1-6,480,3
20250619,常滑,6,予選,晴,西,2,1,1,6,3582,吉 川 昭 男,37,56,6.78,3,0.22,1.51.8,6-2-5,13420,33,6-2,3440,11,2-5-6,2220,9,2-6,1800,6
20250619,常滑,6,予選,晴,西,2,1,2,2,3832,下 田 哲 也,22,35,6.77,5,0.17,1.53.2,6-2-5,13420,33,6-2,3440,11,2-5-6,2220,9,2-6,1800,6
20250619,常滑,6,予選,晴,西,2,1,3,5,3436,柏 野 幸 二,25,16,6.81,2,0.27,1.55.2,6-2-5,13420,33,6-2,3440,11,2-5-6,2220,9,2-6,1800,6
20250619,常滑,6,予選,晴,西,2,1,4,3,3567,吉 岡 誠,57,48,6.82,6,0.21,1.56.0,6-2-5,13420,33,6-2,3440,11,2-5-6,2220,9,2-6,1800,6
20250619,常滑,6,予選,晴,西,2,1,5,4,3568,木 村 光 宏,27,52,6.82,4,0.28,,6-2-5,13420,33,6-2,3440,11,2-5-6,2220,9,2-6,1800,6
20250619,常滑,6,予選,晴,西,2,1,6,1,3557,太 田 和 美,16,63,6.75,1,0.21,,6-2-5,13420,33,6-2,3440,11,2-5-6,2220,9,2-6,1800,6
20250619,常滑,7,予選,晴,西,2,1,1,1,4084,杉 山 正 樹,26,36,6.81,1,0.19,1.51.6,1-5-3,830,2,1-5,350,2,1-3-5,280,1,1-5,270,1
20250619,常滑,7,予選,晴,西,2,1,2,5,3983,須 藤 博 倫,56,11,6.79,5,0.11,1.52.6,1-5-3,830,2,1-5,350,2,1-3-5,280,1,1-5,270,1
20250619,常滑,7,予選,晴,西,2,1,3,3,3912,川 原 正 明,5,19,6.77,3,0.17,1.54.3,1-5-3,830,2,1-5,350,2,1-3-5,280,1,1-5,270,1
20250619,常滑,7,予選,晴,西,2,1,4,4,3467,森 弘 行,34,47,6.77,4,0.16,1.55.6,1-5-3,830,2,1-5,350,2,1-3-5,280,1,1-5,270,1
20250619,常滑,7,予選,晴,西,2,1,5,2,3920,正 木 聖 賢,44,18,6.80,2,0.19,,1-5-3,830,2,1-5,350,2,1-3-5,280,1,1-5,270,1
20250619,常滑,7,予選,晴,西,2,1,6,6,3775,泉 啓 文,17,26,6.83,6,0.12,,1-5-3,830,2,1-5,350,2,1-3-5,280,1,1-5,270,1
20250619,常滑,8,予選,晴,南,4,1,1,4,3966,作 間 章,46,24,6.87,4,0.13,1.51.3,4-1-2,3100,11,4-1,1100,4,1-2-4,350,1,1-4,410,2
20250619,常滑,8,予選,晴,南,4,1,2,1,3445,加 藤 高 史,11,40,6.77,1,0.18,1.52.7,4-1-2,3100,11,4-1,1100,4,1-2-4,350,1,1-4,410,2
20250619,常滑,8,予選,晴,南,4,1,3,2,3505,山 田 竜 一,52,44,6.81,2,0.18,1.53.6,4-1-2,3100,11,4-1,1100,4,1-2-4,350,1,1-4,410,2
20250619,常滑,8,予選,晴,南,4,1,4,5,3769,佐 竹 恒 彦,60,45,6.78,5,0.19,1.55.4,4-1-2,3100,11,4-1,1100,4,1-2-4,350,1,1-4,410,2
20250619,常滑,8,予選,晴,南,4,1,5,3,4007,榮 田 将 彦,23,22,6.80,3,0.15,,4-1-2,3100,11,4-1,1100,4,1-2-4,350,1,1-4,410,2
20250619,常滑,8,予選,晴,南,4,1,6,6,3945,橋 口 真 樹,45,51,6.80,6,0.16,,4-1-2,3100,11,4-1,1100,4,1-2-4,350,1,1-4,410,2
20250619,常滑,9,予選,晴,南,4,1,1,4,3909,佐々木 康 幸,2,74,6.81,4,0.09,1.51.3,4-3-6,8200,35,4-3,4700,16,3-4-6,1860,7,3-4,2130,9
20250619,常滑,9,予選,晴,南,4,1,2,3,3503,堂 原 洋 史,54,75,6.79,3,0.07,1.52.0,4-3-6,8200,35,4-3,4700,16,3-4-6,1860,7,3-4,2130,9
20250619,常滑,9,予選,晴,南,4,1,3,6,3719,辻 栄 蔵,53,13,6.75,6,0.07,1.53.4,4-3-6,8200,35,4-3,4700,16,3-4-6,1860,7,3-4,2130,9
20250619,常滑,9,予選,晴,南,4,1,4,2,3717,立 間 充 宏,20,62,6.83,2,0.12,1.54.4,4-3-6,8200,35,4-3,4700,16,3-4-6,1860,7,3-4,2130,9
20250619,常滑,9,予選,晴,南,4,1,5,1,3176,長谷川 巌,18,25,6.78,1,0.14,,4-3-6,8200,35,4-3,4700,16,3-4-6,1860,7,3-4,2130,9
20250619,常滑,9,予選,晴,南,4,1,6,5,3519,冨 田 秀 幸,61,38,6.85,5,0.10,,4-3-6,8200,35,4-3,4700,16,3-4-6,1860,7,3-4,2130,9
20250619,常滑,10,予選特賞,晴,南,4,1,1,1,3662,大 庭 元 明,28,70,6.83,1,0.16,1.51.6,1-3-6,1910,4,1-3,390,2,1-3-6,820,3,1-3,170,1
20250619,常滑,10,予選特賞,晴,南,4,1,2,3,3554,仲 口 博 崇,51,69,6.80,2,0.22,1.52.2,1-3-6,1910,4,1-3,390,2,1-3-6,820,3,1-3,170,1
20250619,常滑,10,予選特賞,晴,南,4,1,3,6,3439,大 平 誉史明,59,39,6.85,6,0.10,1.54.6,1-3-6,1910,4,1-3,390,2,1-3-6,820,3,1-3,170,1
20250619,常滑,10,予選特賞,晴,南,4,1,4,5,3072,西 田 靖,58,32,6.81,3,0.18,1.55.0,1-3-6,1910,4,1-3,390,2,1-3-6,820,3,1-3,170,1
20250619,常滑,10,予選特賞,晴,南,4,1,5,4,3635,石 田 政 吾,31,17,6.81,5,0.10,,1-3-6,1910,4,1-3,390,2,1-3-6,820,3,1-3,170,1
20250619,常滑,10,予選特賞,晴,南,4,1,6,2,4023,柴 田 友 和,14,49,6.82,4,0.15,,1-3-6,1910,4,1-3,390,2,1-3-6,820,3,1-3,170,1
20250619,常滑,11,予選特選,晴,南,4,1,1,1,4102,益 田 啓 司,48,50,6.81,1,0.20,1.51.8,1-3-2,2560,10,1-3,910,4,1-2-3,780,4,1-3,690,4
20250619,常滑,11,予選特選,晴,南,4,1,2,3,3663,木 山 和 幸,29,28,6.81,3,0.25,1.52.5,1-3-2,2560,10,1-3,910,4,1-2-3,780,4,1-3,690,4
20250619,常滑,11,予選特選,晴,南,4,1,3,2,3489,大 場 敏,19,42,6.81,2,0.21,1.54.1,1-3-2,2560,10,1-3,910,4,1-2-3,780,4,1-3,690,4
20250619,常滑,11,予選特選,晴,南,4,1,4,6,3952,中 澤 和 志,6,29,6.78,6,0.16,1.55.2,1-3-2,2560,10,1-3,910,4,1-2-3,780,4,1-3,690,4
20250619,常滑,11,予選特選,晴,南,4,1,5,4,4084,杉 山 正 樹,26,36,6.85,4,0.23,,1-3-2,2560,10,1-3,910,4,1-2-3,780,4,1-3,690,4
20250619,常滑,11,予選特選,晴,南,4,1,6,5,3568,木 村 光 宏,27,52,6.79,5,0.22,,1-3-2,2560,10,1-3,910,4,1-2-3,780,4,1-3,690,4
20250619,多摩川,12,予選特選,晴,南,4,2,1,1,4061,萩 原 秀 人,36,59,6.78,1,0.18,1.50.4,1-4-6,1710,6,1-4,250,1,1-4-6,1140,5,1-4,210,1
20250619,多摩川,12,予選特選,晴,南,4,2,2,4,3557,太 田 和 美,16,63,6.79,4,0.17,1.52.1,1-4-6,1710,6,1-4,250,1,1-4-6,1140,5,1-4,210,1
20250619,多摩川,12,予選特選,晴,南,4,2,3,6,3711,江 本 真 治,35,66,6.87,6,0.18,1.54.1,1-4-6,1710,6,1-4,250,1,1-4-6,1140,5,1-4,210,1
20250619,多摩川,12,予選特選,晴,南,4,2,4,5,3912,川 原 正 明,5,19,6.81,5,0.11,1.55.3,1-4-6,1710,6,1-4,250,1,1-4-6,1140,5,1-4,210,1
20250619,多摩川,12,予選特選,晴,南,4,2,5,2,3297,藤 丸 光 一,15,57,6.81,2,0.22,,1-4-6,1710,6,1-4,250,1,1-4-6,1140,5,1-4,210,1
20250619,多摩川,12,予選特選,晴,南,4,2,6,3,3445,加 藤 高 史,11,40,6.80,3,0.29,,1-4-6,1710,6,1-4,250,1,1-4-6,1140,5,1-4,210,1
20250619,多摩川,1,一般,晴,南,2,2,1,3,5229,吉 川 晴 人,16,25,6.78,3,0.24,1.49.1,3-1-2,5280,17,3-1,1210,5,1-2-3,520,3,1-3,300,1
20250619,多摩川,1,一般,晴,南,2,2,2,1,5088,高 憧 四 季,17,22,6.69,1,0.24,1.50.5,3-1-2,5280,17,3-1,1210,5,1-2-3,520,3,1-3,300,1
20250619,多摩川,1,一般,晴,南,2,2,3,2,4984,森 下 愛 梨,57,44,6.71,2,0.31,1.52.3,3-1-2,5280,17,3-1,1210,5,1-2-3,520,3,1-3,300,1
20250619,多摩川,1,一般,晴,南,2,2,4,6,5205,刑 部 亜里紗,51,31,6.67,6,0.32,1.53.2,3-1-2,5280,17,3-1,1210,5,1-2-3,520,3,1-3,300,1
20250619,多摩川,1,一般,晴,南,2,2,5,5,5213,湯 淺 紀 香,44,56,6.81,5,0.26,,3-1-2,5280,17,3-1,1210,5,1-2-3,520,3,1-3,300,1
20250619,多摩川,1,一般,晴,南,2,2,6,4,5357,田 中 瀬里奈,37,63,6.74,4,0.28,,3-1-2,5280,17,3-1,1210,5,1-2-3,520,3,1-3,300,1
20250619,多摩川,2,一般,晴,南,2,2,1,2,5256,中 山 翔 太,56,71,6.73,2,0.11,1.50.8,2-3-5,13220,46,2-3,1190,6,2-3-5,4130,16,2-3,930,5
20250619,多摩川,2,一般,晴,南,2,2,2,3,5115,香 川 颯 太,68,70,6.74,3,0.09,1.51.8,2-3-5,13220,46,2-3,1190,6,2-3-5,4130,16,2-3,930,5
20250619,多摩川,2,一般,晴,南,2,2,3,5,5004,河 野 主 樹,22,82,6.82,5,0.27,1.53.1,2-3-5,13220,46,2-3,1190,6,2-3-5,4130,16,2-3,930,5
20250619,多摩川,2,一般,晴,南,2,2,4,1,5137,川 原 涼,26,21,6.78,1,0.12,1.54.0,2-3-5,13220,46,2-3,1190,6,2-3-5,4130,16,2-3,930,5
20250619,多摩川,2,一般,晴,南,2,2,5,4,5002,上 田 健 太,25,29,6.78,4,0.13,,2-3-5,13220,46,2-3,1190,6,2-3-5,4130,16,2-3,930,5
20250619,多摩川,2,一般,晴,南,2,2,6,6,4967,中 村 魁 生,70,61,6.85,6,0.09,,2-3-5,13220,46,2-3,1190,6,2-3-5,4130,16,2-3,930,5
20250619,多摩川,3,一般,晴,東,4,2,1,2,5226,藤 田 俊 祐,36,59,6.77,2,0.11,1.49.7,2-3-4,1540,4,2-3,670,2,2-3-4,520,2,2-3,280,1
20250619,多摩川,3,一般,晴,東,4,2,2,3,4983,前 田 篤 哉,49,58,6.70,3,0.07,1.51.7,2-3-4,1540,4,2-3,670,2,2-3-4,520,2,2-3,280,1
20250619,多摩川,3,一般,晴,東,4,2,3,4,5038,金 田 智 博,66,42,6.72,4,0.03,1.52.9,2-3-4,1540,4,2-3,670,2,2-3-4,520,2,2-3,280,1
20250619,多摩川,3,一般,晴,東,4,2,4,1,5279,石 渡 翔一郎,62,66,6.76,1,0.15,1.53.3,2-3-4,1540,4,2-3,670,2,2-3-4,520,2,2-3,280,1
20250619,多摩川,3,一般,晴,東,4,2,5,6,5010,宇留田 翔 平,42,34,6.78,6,0.08,,2-3-4,1540,4,2-3,670,2,2-3-4,520,2,2-3,280,1
20250619,多摩川,3,一般,晴,東,4,2,6,5,5066,鈴 木 孝 明,48,75,6.78,5,0.04,,2-3-4,1540,4,2-3,670,2,2-3-4,520,2,2-3,280,1
20250619,多摩川,4,一般,晴,南,2,2,1,2,4989,石 原 翼,14,30,6.77,2,0.24,1.50.4,2-5-4,13780,56,2-5,2980,13,2-4-5,2530,13,2-5,1680,8
20250619,多摩川,4,一般,晴,南,2,2,2,5,5068,前 田 滉,59,69,6.79,4,0.20,1.51.9,2-5-4,13780,56,2-5,2980,13,2-4-5,2530,13,2-5,1680,8
20250619,多摩川,4,一般,晴,南,2,2,3,4,4934,佐々木 翔 斗,63,26,6.79,6,0.26,1.52.8,2-5-4,13780,56,2-5,2980,13,2-4-5,2530,13,2-5,1680,8
20250619,多摩川,4,一般,晴,南,2,2,4,6,5132,中 野 希 一,64,80,6.82,5,0.22,1.55.3,2-5-4,13780,56,2-5,2980,13,2-4-5,2530,13,2-5,1680,8
20250619,多摩川,4,一般,晴,南,2,2,5,1,5091,為 本 智 也,29,51,6.78,1,0.33,,2-5-4,13780,56,2-5,2980,13,2-4-5,2530,13,2-5,1680,8
20250619,多摩川,4,一般,晴,南,2,2,6,3,5075,中 島 秀 治,55,28,6.79,3,0.31,,2-5-4,13780,56,2-5,2980,13,2-4-5,2530,13,2-5,1680,8
20250619,多摩川,5,一般,晴,南西,3,2,1,2,5087,佐 藤 航,18,33,6.82,2,0.07,1.49.2,2-1-3,2620,8,2-1,1270,5,1-2-3,370,1,1-2,520,2
20250619,多摩川,5,一般,晴,南西,3,2,2,1,5220,青 木 蓮,41,32,6.78,1,0.03,1.49.7,2-1-3,2620,8,2-1,1270,5,1-2-3,370,1,1-2,520,2
20250619,多摩川,5,一般,晴,南西,3,2,3,3,5197,中 野 仁 照,11,57,6.83,3,0.09,1.52.6,2-1-3,2620,8,2-1,1270,5,1-2-3,370,1,1-2,520,2
20250619,多摩川,5,一般,晴,南西,3,2,4,4,5229,吉 川 晴 人,16,25,6.86,4,0.04,1.53.4,2-1-3,2620,8,2-1,1270,5,1-2-3,370,1,1-2,520,2
20250619,多摩川,5,一般,晴,南西,3,2,5,5,5185,加 藤 優 弥,31,68,6.77,5,0.09,,2-1-3,2620,8,2-1,1270,5,1-2-3,370,1,1-2,520,2
20250619,多摩川,5,一般,晴,南西,3,2,6,6,4960,黒 野 元 基,20,37,6.82,6,0.12,,2-1-3,2620,8,2-1,1270,5,1-2-3,370,1,1-2,520,2
20250619,多摩川,6,一般,晴,南,2,2,1,4,5256,中 山 翔 太,56,71,6.70,4,0.11,1.50.6,4-5-6,25310,71,4-5,9600,24,4-5-6,5970,17,4-5,6560,14
20250619,多摩川,6,一般,晴,南,2,2,2,5,4984,森 下 愛 梨,57,44,6.73,5,0.28,1.50.8,4-5-6,25310,71,4-5,9600,24,4-5-6,5970,17,4-5,6560,14
20250619,多摩川,6,一般,晴,南,2,2,3,6,5115,香 川 颯 太,68,70,6.68,6,0.21,1.52.9,4-5-6,25310,71,4-5,9600,24,4-5-6,5970,17,4-5,6560,14
20250619,多摩川,6,一般,晴,南,2,2,4,1,5213,湯 淺 紀 香,44,56,6.70,1,0.27,1.54.0,4-5-6,25310,71,4-5,9600,24,4-5-6,5970,17,4-5,6560,14
20250619,多摩川,6,一般,晴,南,2,2,5,3,4930,佐 藤 悠,33,78,6.62,3,0.26,,4-5-6,25310,71,4-5,9600,24,4-5-6,5970,17,4-5,6560,14
20250619,多摩川,6,一般,晴,南,2,2,6,2,5267,石 本 裕 武,39,49,6.74,2,0.26,,4-5-6,25310,71,4-5,9600,24,4-5-6,5970,17,4-5,6560,14
20250619,多摩川,7,一般,晴,南西,1,2,1,1,4959,井 上 忠 政,43,43,6.69,1,0.17,1.49.7,1-6-2,1800,12,1-6,580,4,1-2-6,700,6,1-6,670,4
20250619,多摩川,7,一般,晴,南西,1,2,2,6,4910,中 村 泰 平,32,27,6.81,5,0.15,1.50.4,1-6-2,1800,12,1-6,580,4,1-2-6,700,6,1-6,670,4
20250619,多摩川,7,一般,晴,南西,1,2,3,2,5004,河 野 主 樹,22,82,6.76,2,0.15,1.52.2,1-6-2,1800,12,1-6,580,4,1-2-6,700,6,1-6,670,4
20250619,多摩川,7,一般,晴,南西,1,2,4,4,5042,畑 田 汰 一,45,65,6.77,4,0.12,1.52.8,1-6-2,1800,12,1-6,580,4,1-2-6,700,6,1-6,670,4
20250619,多摩川,7,一般,晴,南西,1,2,5,3,5038,金 田 智 博,66,42,6.74,3,0.12,,1-6-2,1800,12,1-6,580,4,1-2-6,700,6,1-6,670,4
20250619,多摩川,7,一般,晴,南西,1,2,6,5,5357,田 中 瀬里奈,37,63,6.75,6,0.21,,1-6-2,1800,12,1-6,580,4,1-2-6,700,6,1-6,670,4
20250619,多摩川,8,一般,晴,南,2,1,1,1,5066,鈴 木 孝 明,48,75,6.70,1,0.16,1.50.4,1-6-2,7820,33,1-6,1500,7,1-2-6,1580,8,1-6,1160,4
20250619,多摩川,8,一般,晴,南,2,1,2,6,5005,石 田 貴 洋,30,47,6.71,6,0.10,1.51.7,1-6-2,7820,33,1-6,1500,7,1-2-6,1580,8,1-6,1160,4
20250619,多摩川,8,一般,晴,南,2,1,3,2,5216,長谷川 晴 哉,12,54,6.77,2,0.18,1.52.7,1-6-2,7820,33,1-6,1500,7,1-2-6,1580,8,1-6,1160,4
20250619,多摩川,8,一般,晴,南,2,1,4,3,5010,宇留田 翔 平,42,34,6.74,3,0.13,1.53.0,1-6-2,7820,33,1-6,1500,7,1-2-6,1580,8,1-6,1160,4
20250619,多摩川,8,一般,晴,南,2,1,5,5,4989,石 原 翼,14,30,6.72,5,0.08,,1-6-2,7820,33,1-6,1500,7,1-2-6,1580,8,1-6,1160,4
20250619,多摩川,8,一般,晴,南,2,1,6,4,5036,福 田 翔 吾,28,39,6.75,4,0.14,,1-6-2,7820,33,1-6,1500,7,1-2-6,1580,8,1-6,1160,4
20250619,多摩川,9,静波まつり選,晴,南,2,2,1,1,5132,中 野 希 一,64,80,6.73,1,0.15,1.49.8,1-3-5,2000,7,1-3,460,1,1-3-5,980,5,1-3,300,2
20250619,多摩川,9,静波まつり選,晴,南,2,2,2,3,4960,黒 野 元 基,20,37,6.81,3,0.16,1.50.5,1-3-5,2000,7,1-3,460,1,1-3-5,980,5,1-3,300,2
20250619,多摩川,9,静波まつり選,晴,南,2,2,3,5,5075,中 島 秀 治,55,28,6.75,5,0.19,1.51.3,1-3-5,2000,7,1-3,460,1,1-3-5,980,5,1-3,300,2
20250619,多摩川,9,静波まつり選,晴,南,2,2,4,6,5226,藤 田 俊 祐,36,59,6.76,6,0.12,1.53.3,1-3-5,2000,7,1-3,460,1,1-3-5,980,5,1-3,300,2
20250619,多摩川,9,静波まつり選,晴,南,2,2,5,2,4967,中 村 魁 生,70,61,6.71,2,0.17,,1-3-5,2000,7,1-3,460,1,1-3-5,980,5,1-3,300,2
20250619,多摩川,9,静波まつり選,晴,南,2,2,6,4,5197,中 野 仁 照,11,57,6.75,4,0.14,,1-3-5,2000,7,1-3,460,1,1-3-5,980,5,1-3,300,2
20250619,多摩川,10,特別選抜戦,晴,南西,1,2,1,1,5205,刑 部 亜里紗,51,31,6.74,1,0.12,1.48.7,1-4-2,2140,4,1-4,780,3,1-2-4,390,1,1-4,810,3
20250619,多摩川,10,特別選抜戦,晴,南西,1,2,2,4,4930,佐 藤 悠,33,78,6.74,4,0.09,1.49.1,1-4-2,2140,4,1-4,780,3,1-2-4,390,1,1-4,810,3
20250619,多摩川,10,特別選抜戦,晴,南西,1,2,3,2,5068,前 田 滉,59,69,6.75,2,0.12,1.51.3,1-4-2,2140,4,1-4,780,3,1-2-4,390,1,1-4,810,3
20250619,多摩川,10,特別選抜戦,晴,南西,1,2,4,5,5087,佐 藤 航,18,33,6.83,5,0.07,1.53.2,1-4-2,2140,4,1-4,780,3,1-2-4,390,1,1-4,810,3
20250619,多摩川,10,特別選抜戦,晴,南西,1,2,5,3,4934,佐々木 翔 斗,63,26,6.81,3,0.19,,1-4-2,2140,4,1-4,780,3,1-2-4,390,1,1-4,810,3
20250619,多摩川,10,特別選抜戦,晴,南西,1,2,6,6,5088,高 憧 四 季,17,22,6.79,6,0.04,,1-4-2,2140,4,1-4,780,3,1-2-4,390,1,1-4,810,3
20250619,多摩川,11,特別選抜戦,晴,南,1,2,1,1,4910,中 村 泰 平,32,27,6.70,1,0.14,1.49.1,1-6-2,5230,19,1-6,1400,5,1-2-6,1500,9,1-6,1130,5
20250619,多摩川,11,特別選抜戦,晴,南,1,2,2,6,4959,井 上 忠 政,43,43,6.77,6,0.22,1.50.0,1-6-2,5230,19,1-6,1400,5,1-2-6,1500,9,1-6,1130,5
20250619,多摩川,11,特別選抜戦,晴,南,1,2,3,2,5185,加 藤 優 弥,31,68,6.76,2,0.12,1.51.7,1-6-2,5230,19,1-6,1400,5,1-2-6,1500,9,1-6,1130,5
20250619,多摩川,11,特別選抜戦,晴,南,1,2,4,3,5002,上 田 健 太,25,29,6.74,3,0.13,1.53.4,1-6-2,5230,19,1-6,1400,5,1-2-6,1500,9,1-6,1130,5
20250619,多摩川,11,特別選抜戦,晴,南,1,2,5,5,5267,石 本 裕 武,39,49,6.74,5,0.15,,1-6-2,5230,19,1-6,1400,5,1-2-6,1500,9,1-6,1130,5
20250619,多摩川,11,特別選抜戦,晴,南,1,2,6,4,4983,前 田 篤 哉,49,58,6.71,4,0.17,,1-6-2,5230,19,1-6,1400,5,1-2-6,1500,9,1-6,1130,5
20250619,平和島,12,優勝戦,晴,南,1,2,1,1,4939,宮之原 輝 紀,35,48,6.73,1,0.08,1.47.8,1-4-2,820,2,1-4,310,1,1-2-4,340,1,1-4,270,1
20250619,平和島,12,優勝戦,晴,南,1,2,2,4,4914,吉 田 裕 平,73,73,6.67,4,0.05,1.49.1,1-4-2,820,2,1-4,310,1,1-2-4,340,1,1-4,270,1
20250619,平和島,12,優勝戦,晴,南,1,2,3,2,5017,澤 田 尚 也,67,85,6.68,2,0.08,1.50.3,1-4-2,820,2,1-4,310,1,1-2-4,340,1,1-4,270,1
20250619,平和島,12,優勝戦,晴,南,1,2,4,3,5034,若 林 義 人,38,52,6.75,3,0.04,1.52.3,1-4-2,820,2,1-4,310,1,1-2-4,340,1,1-4,270,1
20250619,平和島,12,優勝戦,晴,南,1,2,5,6,4962,畑 竜 生,53,46,6.66,6,0.01,,1-4-2,820,2,1-4,310,1,1-2-4,340,1,1-4,270,1
20250619,平和島,12,優勝戦,晴,南,1,2,6,5,4856,豊 田 健士郎,54,35,6.74,5,0.04,,1-4-2,820,2,1-4,310,1,1-2-4,340,1,1-4,270,1
20250619,平和島,1,予選,晴,南東,2,3,1,2,4152,深 水 慎一郎,57,65,6.92,2,0.14,1.51.3,2-1-6,3000,12,2-1,1420,11,1-2-6,510,2,1-2,520,2
20250619,平和島,1,予選,晴,南東,2,3,2,1,4382,高 山 智 至,68,21,6.86,1,0.13,1.52.5,2-1-6,3000,12,2-1,1420,11,1-2-6,510,2,1-2,520,2
20250619,平和島,1,予選,晴,南東,2,3,3,6,4262,馬 場 貴 也,16,13,6.89,5,0.20,1.52.7,2-1-6,3000,12,2-1,1420,11,1-2-6,510,2,1-2,520,2
20250619,平和島,1,予選,晴,南東,2,3,4,3,3105,内 山 文 典,33,64,6.99,3,0.17,1.53.4,2-1-6,3000,12,2-1,1420,11,1-2-6,510,2,1-2,520,2
20250619,平和島,1,予選,晴,南東,2,3,5,4,4467,渡 邉 俊 介,63,62,6.86,4,0.20,,2-1-6,3000,12,2-1,1420,11,1-2-6,510,2,1-2,520,2
20250619,平和島,1,予選,晴,南東,2,3,6,5,5394,福 西 広太郎,71,24,7.01,6,0.31,,2-1-6,3000,12,2-1,1420,11,1-2-6,510,2,1-2,520,2
20250619,平和島,2,東京ベイラン,晴,南東,2,3,1,1,3783,瓜 生 正 義,11,11,6.88,1,0.14,1.50.5,1-6-2,9290,24,1-6,2550,8,1-2-6,2260,9,1-6,1650,5
20250619,平和島,2,東京ベイラン,晴,南東,2,3,2,6,3075,中 村 裕 将,52,17,7.02,6,0.04,1.53.6,1-6-2,9290,24,1-6,2550,8,1-2-6,2260,9,1-6,1650,5
20250619,平和島,2,東京ベイラン,晴,南東,2,3,3,2,4558,宮 野 仁,45,28,6.89,2,0.23,1.54.9,1-6-2,9290,24,1-6,2550,8,1-2-6,2260,9,1-6,1650,5
20250619,平和島,2,東京ベイラン,晴,南東,2,3,4,4,5073,上 原 健次郎,62,16,6.88,4,0.10,1.55.6,1-6-2,9290,24,1-6,2550,8,1-2-6,2260,9,1-6,1650,5
20250619,平和島,2,東京ベイラン,晴,南東,2,3,5,5,5044,渡 邉 健,24,69,6.96,5,0.07,,1-6-2,9290,24,1-6,2550,8,1-2-6,2260,9,1-6,1650,5
20250619,平和島,2,東京ベイラン,晴,南東,2,3,6,3,4898,菊 地 敬 介,69,12,6.95,3,0.11,,1-6-2,9290,24,1-6,2550,8,1-2-6,2260,9,1-6,1650,5
20250619,平和島,3,予選,晴,南東,1,3,1,3,4418,茅 原 悠 紀,43,15,6.85,3,0.19,1.51.1,3-1-2,1360,3,3-1,560,2,1-2-3,300,1,1-3,530,3
20250619,平和島,3,予選,晴,南東,1,3,2,1,4666,日 笠 勝 弘,14,25,6.88,1,0.21,1.52.4,3-1-2,1360,3,3-1,560,2,1-2-3,300,1,1-3,530,3
20250619,平和島,3,予選,晴,南東,1,3,3,2,3942,寺 田 祥,15,58,7.04,2,0.22,1.54.7,3-1-2,1360,3,3-1,560,2,1-2-3,300,1,1-3,530,3
20250619,平和島,3,予選,晴,南東,1,3,4,5,4684,楠 原 翔 太,40,26,6.94,5,0.19,1.55.6,3-1-2,1360,3,3-1,560,2,1-2-3,300,1,1-3,530,3
20250619,平和島,3,予選,晴,南東,1,3,5,4,4396,大 田 直 弥,74,75,6.90,4,0.21,,3-1-2,1360,3,3-1,560,2,1-2-3,300,1,1-3,530,3
20250619,平和島,3,予選,晴,南東,1,3,6,6,5076,石 原 光,72,68,6.92,6,0.16,,3-1-2,1360,3,3-1,560,2,1-2-3,300,1,1-3,530,3
20250619,平和島,4,予選,晴,南東,2,3,1,3,4266,長 田 頼 宗,55,61,6.75,3,0.09,1.51.0,3-5-4,1270,3,3-5,400,1,3-4-5,510,2,3-5,280,1
20250619,平和島,4,予選,晴,南東,2,3,2,5,3686,鳥居塚 孝 博,46,14,6.93,5,0.13,1.52.8,3-5-4,1270,3,3-5,400,1,3-4-5,510,2,3-5,280,1
20250619,平和島,4,予選,晴,南東,2,3,3,4,5244,黒 田 剛,67,10,6.92,4,0.10,1.54.6,3-5-4,1270,3,3-5,400,1,3-4-5,510,2,3-5,280,1
20250619,平和島,4,予選,晴,南東,2,3,4,2,4840,鈴 木 秀 茉,61,29,6.83,2,0.09,1.55.5,3-5-4,1270,3,3-5,400,1,3-4-5,510,2,3-5,280,1
20250619,平和島,4,予選,晴,南東,2,3,5,1,5175,島 崎 丈一朗,65,23,6.95,1,0.19,,3-5-4,1270,3,3-5,400,1,3-4-5,510,2,3-5,280,1
20250619,平和島,4,予選,晴,南東,2,3,6,6,3790,佐 口 達 也,70,72,6.96,6,0.25,,3-5-4,1270,3,3-5,400,1,3-4-5,510,2,3-5,280,1
20250619,平和島,5,予選,晴,南東,1,3,1,1,4329,小 松 卓 司,56,73,6.90,1,0.12,1.50.7,1-3-2,1640,6,1-3,980,6,1-2-3,170,1,1-3,470,3
20250619,平和島,5,予選,晴,南東,1,3,2,3,4362,土 屋 智 則,66,66,6.96,3,0.15,1.52.5,1-3-2,1640,6,1-3,980,6,1-2-3,170,1,1-3,470,3
20250619,平和島,5,予選,晴,南東,1,3,3,2,3415,松 井 繁,35,59,6.92,2,0.15,1.55.1,1-3-2,1640,6,1-3,980,6,1-2-3,170,1,1-3,470,3
20250619,平和島,5,予選,晴,南東,1,3,4,6,4438,森 作 雄 大,13,74,6.95,6,0.14,1.56.0,1-3-2,1640,6,1-3,980,6,1-2-3,170,1,1-3,470,3
20250619,平和島,5,予選,晴,南東,1,3,5,4,3642,大 塚 浩 二,64,27,6.97,4,0.15,,1-3-2,1640,6,1-3,980,6,1-2-3,170,1,1-3,470,3
20250619,平和島,5,予選,晴,南東,1,3,6,5,4382,高 山 智 至,68,21,6.97,5,0.13,,1-3-2,1640,6,1-3,980,6,1-2-3,170,1,1-3,470,3
20250619,平和島,6,予選,晴,南,4,3,1,3,5234,塚 越 海 斗,58,63,6.90,3,0.11,1.50.9,3-2-1,3760,16,3-2,1230,5,1-2-3,360,2,2-3,300,1
20250619,平和島,6,予選,晴,南,4,3,2,2,4262,馬 場 貴 也,16,13,6.83,2,0.10,1.52.1,3-2-1,3760,16,3-2,1230,5,1-2-3,360,2,2-3,300,1
20250619,平和島,6,予選,晴,南,4,3,3,1,4558,宮 野 仁,45,28,6.88,1,0.14,1.53.6,3-2-1,3760,16,3-2,1230,5,1-2-3,360,2,2-3,300,1
20250619,平和島,6,予選,晴,南,4,3,4,4,3956,横 澤 剛 治,22,71,7.08,4,0.09,1.54.3,3-2-1,3760,16,3-2,1230,5,1-2-3,360,2,2-3,300,1
20250619,平和島,6,予選,晴,南,4,3,5,5,4669,井 上 茂,59,20,6.95,5,0.10,,3-2-1,3760,16,3-2,1230,5,1-2-3,360,2,2-3,300,1
20250619,平和島,6,予選,晴,南,4,3,6,6,5341,山 道 諄 也,50,60,6.90,6,0.15,,3-2-1,3760,16,3-2,1230,5,1-2-3,360,2,2-3,300,1
20250619,平和島,7,予選,晴,南東,3,3,1,2,3105,内 山 文 典,33,64,6.98,2,0.15,1.51.0,2-4-6,10650,51,2-4,5930,25,2-4-6,2240,11,2-4,2700,12
20250619,平和島,7,予選,晴,南東,3,3,2,4,5076,石 原 光,72,68,7.04,4,0.14,1.52.4,2-4-6,10650,51,2-4,5930,25,2-4-6,2240,11,2-4,2700,12
20250619,平和島,7,予選,晴,南東,3,3,3,6,4524,深 谷 知 博,19,57,7.04,6,0.04,1.53.0,2-4-6,10650,51,2-4,5930,25,2-4-6,2240,11,2-4,2700,12
20250619,平和島,7,予選,晴,南東,3,3,4,5,4435,服 部 達 哉,75,19,6.95,5,0.11,1.55.5,2-4-6,10650,51,2-4,5930,25,2-4-6,2240,11,2-4,2700,12
20250619,平和島,7,予選,晴,南東,3,3,5,3,3075,中 村 裕 将,52,17,7.04,3,0.14,,2-4-6,10650,51,2-4,5930,25,2-4-6,2240,11,2-4,2700,12
20250619,平和島,7,予選,晴,南東,3,3,6,1,3901,松 田 憲 幸,73,56,7.05,1,0.23,,2-4-6,10650,51,2-4,5930,25,2-4-6,2240,11,2-4,2700,12
20250619,平和島,8,ベイブレイク,晴,東,1,3,1,4,4851,関 浩 哉,28,70,6.94,4,0.21,1.49.1,4-5-1,1440,6,4-5,910,3,1-4-5,220,1,4-5,580,2
20250619,平和島,8,ベイブレイク,晴,東,1,3,2,5,5201,村 上 宗太郎,39,55,6.97,5,0.28,1.51.8,4-5-1,1440,6,4-5,910,3,1-4-5,220,1,4-5,580,2
20250619,平和島,8,ベイブレイク,晴,東,1,3,3,1,3686,鳥居塚 孝 博,46,14,6.92,1,0.14,1.54.3,4-5-1,1440,6,4-5,910,3,1-4-5,220,1,4-5,580,2
20250619,平和島,8,ベイブレイク,晴,東,1,3,4,2,4898,菊 地 敬 介,69,12,6.99,2,0.15,1.55.8,4-5-1,1440,6,4-5,910,3,1-4-5,220,1,4-5,580,2
20250619,平和島,8,ベイブレイク,晴,東,1,3,5,3,4666,日 笠 勝 弘,14,25,6.99,3,0.22,,4-5-1,1440,6,4-5,910,3,1-4-5,220,1,4-5,580,2
20250619,平和島,8,ベイブレイク,晴,東,1,3,6,6,5394,福 西 広太郎,71,24,6.99,6,0.27,,4-5-1,1440,6,4-5,910,3,1-4-5,220,1,4-5,580,2
20250619,平和島,9,予選特賞,晴,東,1,3,1,1,4467,渡 邉 俊 介,63,62,6.89,1,0.10,1.50.2,1-6-2,1240,4,1-6,760,4,1-2-6,210,1,1-6,530,3
20250619,平和島,9,予選特賞,晴,東,1,3,2,6,4418,茅 原 悠 紀,43,15,6.87,5,0.17,1.51.9,1-6-2,1240,4,1-6,760,4,1-2-6,210,1,1-6,530,3
20250619,平和島,9,予選特賞,晴,東,1,3,3,2,4362,土 屋 智 則,66,66,6.89,2,0.07,1.54.0,1-6-2,1240,4,1-6,760,4,1-2-6,210,1,1-6,530,3
20250619,平和島,9,予選特賞,晴,東,1,3,4,4,5321,一 色 颯 輝,60,30,6.95,4,0.20,1.54.6,1-6-2,1240,4,1-6,760,4,1-2-6,210,1,1-6,530,3
20250619,平和島,9,予選特賞,晴,東,1,3,5,3,5044,渡 邉 健,24,69,6.87,3,0.07,,1-6-2,1240,4,1-6,760,4,1-2-6,210,1,1-6,530,3
20250619,平和島,9,予選特賞,晴,東,1,3,6,5,5175,島 崎 丈一朗,65,23,7.01,6,0.24,,1-6-2,1240,4,1-6,760,4,1-2-6,210,1,1-6,530,3
20250619,平和島,10,予選特賞,晴,南東,1,3,1,5,3783,瓜 生 正 義,11,11,6.90,5,0.09,1.50.3,5-1-6,1800,5,5-1,920,3,1-5-6,550,2,1-5,140,1
20250619,平和島,10,予選特賞,晴,南東,1,3,2,1,3942,寺 田 祥,15,58,6.94,1,0.09,1.51.7,5-1-6,1800,5,5-1,920,3,1-5-6,550,2,1-5,140,1
20250619,平和島,10,予選特賞,晴,南東,1,3,3,6,5269,山 口 晃 朋,34,67,6.89,6,0.06,1.52.4,5-1-6,1800,5,5-1,920,3,1-5-6,550,2,1-5,140,1
20250619,平和島,10,予選特賞,晴,南東,1,3,4,2,5234,塚 越 海 斗,58,63,6.95,2,0.09,1.54.3,5-1-6,1800,5,5-1,920,3,1-5-6,550,2,1-5,140,1
20250619,平和島,10,予選特賞,晴,南東,1,3,5,3,3642,大 塚 浩 二,64,27,6.95,3,0.07,,5-1-6,1800,5,5-1,920,3,1-5-6,550,2,1-5,140,1
20250619,平和島,10,予選特賞,晴,南東,1,3,6,4,3790,佐 口 達 也,70,72,7.01,4,0.09,,5-1-6,1800,5,5-1,920,3,1-5-6,550,2,1-5,140,1
20250619,平和島,11,予選特選,晴,南東,1,3,1,5,3415,松 井 繁,35,59,6.96,2,0.20,1.50.9,5-1-4,5280,17,5-1,780,3,1-4-5,740,3,1-5,200,1
20250619,平和島,11,予選特選,晴,南東,1,3,2,1,4266,長 田 頼 宗,55,61,6.80,1,0.20,1.52.6,5-1-4,5280,17,5-1,780,3,1-4-5,740,3,1-5,200,1
20250619,平和島,11,予選特選,晴,南東,1,3,3,4,4684,楠 原 翔 太,40,26,6.97,5,0.16,1.53.1,5-1-4,5280,17,5-1,780,3,1-4-5,740,3,1-5,200,1
20250619,平和島,11,予選特選,晴,南東,1,3,4,3,4152,深 水 慎一郎,57,65,6.96,4,0.16,1.53.9,5-1-4,5280,17,5-1,780,3,1-4-5,740,3,1-5,200,1
20250619,平和島,11,予選特選,晴,南東,1,3,5,2,3901,松 田 憲 幸,73,56,7.05,3,0.21,,5-1-4,5280,17,5-1,780,3,1-4-5,740,3,1-5,200,1
20250619,平和島,11,予選特選,晴,南東,1,3,6,6,4669,井 上 茂,59,20,6.81,6,0.16,,5-1-4,5280,17,5-1,780,3,1-4-5,740,3,1-5,200,1
20250619,桐生,12,記者選抜,晴,南東,2,3,1,1,4851,関 浩 哉,28,70,6.83,1,0.11,1.49.9,1-4-6,680,2,1-4,220,1,1-4-6,320,1,1-4,180,1
20250619,桐生,12,記者選抜,晴,南東,2,3,2,4,4524,深 谷 知 博,19,57,6.89,4,0.08,1.51.6,1-4-6,680,2,1-4,220,1,1-4-6,320,1,1-4,180,1
20250619,桐生,12,記者選抜,晴,南東,2,3,3,6,3956,横 澤 剛 治,22,71,6.95,6,0.09,1.54.0,1-4-6,680,2,1-4,220,1,1-4-6,320,1,1-4,180,1
20250619,桐生,12,記者選抜,晴,南東,2,3,4,5,5244,黒 田 剛,67,10,6.85,5,0.08,1.54.9,1-4-6,680,2,1-4,220,1,1-4-6,320,1,1-4,180,1
20250619,桐生,12,記者選抜,晴,南東,2,3,5,2,4329,小 松 卓 司,56,73,6.95,2,0.12,,1-4-6,680,2,1-4,220,1,1-4-6,320,1,1-4,180,1
20250619,桐生,12,記者選抜,晴,南東,2,3,6,3,4396,大 田 直 弥,74,75,7.02,3,0.13,,1-4-6,680,2,1-4,220,1,1-4-6,320,1,1-4,180,1
20250619,桐生,1,予選,晴,東,4,3,1,3,3550,都 築 正 治,58,22,6.77,3,0.15,1.52.6,3-6-1,6410,32,3-6,1510,7,1-3-6,1010,5,3-6,1150,8
20250619,桐生,1,予選,晴,東,4,3,2,6,4136,江 夏 満,74,74,6.85,6,0.14,1.53.4,3-6-1,6410,32,3-6,1510,7,1-3-6,1010,5,3-6,1150,8
20250619,桐生,1,予選,晴,東,4,3,3,1,3947,寺 本 昇 平,72,46,6.91,1,0.23,1.54.4,3-6-1,6410,32,3-6,1510,7,1-3-6,1010,5,3-6,1150,8
20250619,桐生,1,予選,晴,東,4,3,4,4,4360,庄 司 孝 輔,32,15,6.72,4,0.13,1.55.6,3-6-1,6410,32,3-6,1510,7,1-3-6,1010,5,3-6,1150,8
20250619,桐生,1,予選,晴,東,4,3,5,5,5182,宮 崎 安 奈,65,29,6.79,5,0.08,1.56.8,3-6-1,6410,32,3-6,1510,7,1-3-6,1010,5,3-6,1150,8
20250619,桐生,1,予選,晴,東,4,3,6,2,4520,高 倉 孝 太,39,48,6.82,2,0.16,1.58.4,3-6-1,6410,32,3-6,1510,7,1-3-6,1010,5,3-6,1150,8
20250619,桐生,2,予選,晴,東,4,3,1,1,4407,鹿 島 敏 弘,35,41,6.74,1,0.19,1.51.4,1-2-5,1030,2,1-2,250,1,1-2-5,420,2,1-2,200,1
20250619,桐生,2,予選,晴,東,4,3,2,2,5051,松 本 純 平,27,38,6.82,2,0.15,1.52.0,1-2-5,1030,2,1-2,250,1,1-2-5,420,2,1-2,200,1
20250619,桐生,2,予選,晴,東,4,3,3,5,4725,佐 竹 太 一,40,71,6.80,5,0.16,1.53.3,1-2-5,1030,2,1-2,250,1,1-2-5,420,2,1-2,200,1
20250619,桐生,2,予選,晴,東,4,3,4,4,4549,小 林 文 彦,56,23,6.83,4,0.20,1.54.7,1-2-5,1030,2,1-2,250,1,1-2-5,420,2,1-2,200,1
20250619,桐生,2,予選,晴,東,4,3,5,3,5131,江 藤 敦 宏,45,39,6.90,3,0.18,1.56.8,1-2-5,1030,2,1-2,250,1,1-2-5,420,2,1-2,200,1
20250619,桐生,2,予選,晴,東,4,3,6,6,5415,阿 部 未 侑,21,66,6.90,6,0.23,1.58.4,1-2-5,1030,2,1-2,250,1,1-2-5,420,2,1-2,200,1
20250619,桐生,3,予選,晴,東,4,3,1,3,4391,松 田 祐 季,13,44,6.86,4,0.18,1.51.3,3-5-1,1260,1,3-5,340,1,1-3-5,440,1,3-5,410,2
20250619,桐生,3,予選,晴,東,4,3,2,5,4381,田 路 朋 史,67,11,6.81,5,0.17,1.52.8,3-5-1,1260,1,3-5,340,1,1-3-5,440,1,3-5,410,2
20250619,桐生,3,予選,晴,東,4,3,3,1,5071,野見山 拓 己,49,63,6.70,1,0.24,1.53.9,3-5-1,1260,1,3-5,340,1,1-3-5,440,1,3-5,410,2
20250619,桐生,3,予選,晴,東,4,3,4,6,3579,中 里 優 子,64,13,6.84,6,0.24,1.55.3,3-5-1,1260,1,3-5,340,1,1-3-5,440,1,3-5,410,2
20250619,桐生,3,予選,晴,東,4,3,5,4,4874,池 田 奈津美,53,56,6.74,3,0.18,1.55.9,3-5-1,1260,1,3-5,340,1,1-3-5,440,1,3-5,410,2
20250619,桐生,3,予選,晴,東,4,3,6,2,4905,土 井 祥 伍,22,21,6.83,2,0.20,2.02.0,3-5-1,1260,1,3-5,340,1,1-3-5,440,1,3-5,410,2
20250619,桐生,4,予選,晴,東,4,3,1,4,4201,佐 竹 友 樹,29,33,6.82,4,0.07,1.50.1,4-2-5,3290,10,4-2,1600,6,2-4-5,370,1,2-4,440,1
20250619,桐生,4,予選,晴,東,4,3,2,2,5141,大 澤 風 葵,18,30,6.84,2,0.14,1.51.5,4-2-5,3290,10,4-2,1600,6,2-4-5,370,1,2-4,440,1
20250619,桐生,4,予選,晴,東,4,3,3,5,4114,深 澤 達 徳,54,53,6.74,5,0.06,1.53.2,4-2-5,3290,10,4-2,1600,6,2-4-5,370,1,2-4,440,1
20250619,桐生,4,予選,晴,東,4,3,4,3,5098,大 江 純,41,19,6.93,3,0.11,1.55.4,4-2-5,3290,10,4-2,1600,6,2-4-5,370,1,2-4,440,1
20250619,桐生,4,予選,晴,東,4,3,5,1,5167,小 川 竜太朗,44,50,6.75,1,0.17,1.56.9,4-2-5,3290,10,4-2,1600,6,2-4-5,370,1,2-4,440,1
20250619,桐生,4,予選,晴,東,4,3,6,6,4694,高 田 綾,34,16,6.75,6,0.06,1.58.7,4-2-5,3290,10,4-2,1600,6,2-4-5,370,1,2-4,440,1
20250619,桐生,5,予選,晴,東,4,3,1,1,3957,大 谷 直 弘,50,72,6.83,1,0.28,1.50.9,1-3-2,3020,10,1-3,1360,6,1-2-3,250,1,1-3,750,3
20250619,桐生,5,予選,晴,東,4,3,2,3,4700,金 子 和 之,68,25,6.80,3,0.29,1.52.4,1-3-2,3020,10,1-3,1360,6,1-2-3,250,1,1-3,750,3
20250619,桐生,5,予選,晴,東,4,3,3,2,4908,上 田 龍 星,59,47,6.74,2,0.30,1.53.5,1-3-2,3020,10,1-3,1360,6,1-2-3,250,1,1-3,750,3
20250619,桐生,5,予選,晴,東,4,3,4,6,4124,池 田 雄 一,23,70,6.80,6,0.28,1.54.1,1-3-2,3020,10,1-3,1360,6,1-2-3,250,1,1-3,750,3
20250619,桐生,5,予選,晴,東,4,3,5,4,3827,今 泉 徹,25,40,6.82,4,0.25,1.54.9,1-3-2,3020,10,1-3,1360,6,1-2-3,250,1,1-3,750,3
20250619,桐生,5,予選,晴,東,4,3,6,5,5333,山 下 智 己,62,60,6.78,5,0.26,1.55.5,1-3-2,3020,10,1-3,1360,6,1-2-3,250,1,1-3,750,3
20250619,桐生,6,ドラドキ目玉,晴,東,4,3,1,1,4659,木 下 翔 太,61,31,6.70,1,0.19,1.56.8,1-3-6,3510,12,1-3,630,3,1-3-6,2170,7,1-3,390,3
20250619,桐生,6,ドラドキ目玉,晴,東,4,3,2,3,4740,齋 藤 達 希,15,32,6.82,3,0.18,2.00.1,1-3-6,3510,12,1-3,630,3,1-3-6,2170,7,1-3,390,3
20250619,桐生,6,ドラドキ目玉,晴,東,4,3,3,6,4680,後 藤 美 翼,17,14,6.79,5,0.20,2.02.4,1-3-6,3510,12,1-3,630,3,1-3-6,2170,7,1-3,390,3
20250619,桐生,6,ドラドキ目玉,晴,東,4,3,4,5,5258,仲 本 舜,48,49,6.91,6,0.21,2.06.7,1-3-6,3510,12,1-3,630,3,1-3-6,2170,7,1-3,390,3
20250619,桐生,6,ドラドキ目玉,晴,東,4,3,5,4,5035,櫻 井 優,38,26,6.79,4,0.22,2.15.2,1-3-6,3510,12,1-3,630,3,1-3-6,2170,7,1-3,390,3
20250619,桐生,7,ドラドキ３,晴,北東,3,2,1,1,4240,今 井 裕 梨,31,62,6.81,1,0.07,1.49.9,1-4-2,4140,17,1-4,1150,4,1-2-4,2380,9,1-4,1350,4
20250619,桐生,7,ドラドキ３,晴,北東,3,2,2,4,5071,野見山 拓 己,49,63,6.84,4,0.07,1.51.8,1-4-2,4140,17,1-4,1150,4,1-2-4,2380,9,1-4,1350,4
20250619,桐生,7,ドラドキ３,晴,北東,3,2,3,2,5182,宮 崎 安 奈,65,29,6.79,2,0.06,1.54.6,1-4-2,4140,17,1-4,1150,4,1-2-4,2380,9,1-4,1350,4
20250619,桐生,7,ドラドキ３,晴,北東,3,2,4,3,4654,篠 田 優 也,42,68,6.87,3,0.09,1.55.4,1-4-2,4140,17,1-4,1150,4,1-2-4,2380,9,1-4,1350,4
20250619,桐生,7,ドラドキ３,晴,北東,3,2,5,5,4550,石 岡 将 太,37,59,6.79,5,0.13,1.56.7,1-4-2,4140,17,1-4,1150,4,1-2-4,2380,9,1-4,1350,4
20250619,桐生,7,ドラドキ３,晴,北東,3,2,6,6,4973,栗 原 直 也,63,73,6.96,6,0.11,1.56.9,1-4-2,4140,17,1-4,1150,4,1-2-4,2380,9,1-4,1350,4
20250619,桐生,8,ドラドキ５,晴,北東,3,2,1,4,3579,中 里 優 子,64,13,6.91,4,0.15,1.56.3,4-5-1,13380,31,4-5,3780,10,1-4-5,770,3,4-5,2680,7
20250619,桐生,8,ドラドキ５,晴,北東,3,2,2,5,4544,松 田 大志郎,69,12,6.81,5,0.17,1.59.3,4-5-1,13380,31,4-5,3780,10,1-4-5,770,3,4-5,2680,7
20250619,桐生,8,ドラドキ５,晴,北東,3,2,3,1,4594,谷 川 祐 一,12,43,6.82,1,0.27,2.03.0,4-5-1,13380,31,4-5,3780,10,1-4-5,770,3,4-5,2680,7
20250619,桐生,8,ドラドキ５,晴,北東,3,2,4,3,4407,鹿 島 敏 弘,35,41,6.84,3,0.21,2.06.1,4-5-1,13380,31,4-5,3780,10,1-4-5,770,3,4-5,2680,7
20250619,桐生,8,ドラドキ５,晴,北東,3,2,5,2,4201,佐 竹 友 樹,29,33,6.88,2,0.22,2.09.6,4-5-1,13380,31,4-5,3780,10,1-4-5,770,3,4-5,2680,7
20250619,桐生,9,予選特賞,晴,北東,2,1,1,5,4549,小 林 文 彦,56,23,6.89,5,0.25,1.50.5,5-3-2,76030,117,5-3,25410,30,2-3-5,4020,16,3-5,5210,15
20250619,桐生,9,予選特賞,晴,北東,2,1,2,3,3957,大 谷 直 弘,50,72,6.81,3,0.20,1.52.1,5-3-2,76030,117,5-3,25410,30,2-3-5,4020,16,3-5,5210,15
20250619,桐生,9,予選特賞,晴,北東,2,1,3,2,4218,吉 川 喜 継,19,75,6.87,2,0.21,1.52.9,5-3-2,76030,117,5-3,25410,30,2-3-5,4020,16,3-5,5210,15
20250619,桐生,9,予選特賞,晴,北東,2,1,4,1,4360,庄 司 孝 輔,32,15,6.73,1,0.23,1.53.8,5-3-2,76030,117,5-3,25410,30,2-3-5,4020,16,3-5,5210,15
20250619,桐生,9,予選特賞,晴,北東,2,1,5,6,4391,松 田 祐 季,13,44,6.87,6,0.24,1.55.2,5-3-2,76030,117,5-3,25410,30,2-3-5,4020,16,3-5,5210,15
20250619,桐生,9,予選特賞,晴,北東,2,1,6,4,5098,大 江 純,41,19,6.86,4,0.22,1.58.3,5-3-2,76030,117,5-3,25410,30,2-3-5,4020,16,3-5,5210,15
20250619,桐生,10,予選特賞,晴,北東,3,2,1,5,4694,高 田 綾,34,16,6.83,5,0.22,1.50.7,5-3-2,65460,104,5-3,15870,30,2-3-5,3250,12,3-5,3410,14
20250619,桐生,10,予選特賞,晴,北東,3,2,2,3,4120,柘 植 政 浩,11,64,6.91,3,0.19,1.52.3,5-3-2,65460,104,5-3,15870,30,2-3-5,3250,12,3-5,3410,14
20250619,桐生,10,予選特賞,晴,北東,3,2,3,2,4136,江 夏 満,74,74,6.93,2,0.24,1.52.9,5-3-2,65460,104,5-3,15870,30,2-3-5,3250,12,3-5,3410,14
20250619,桐生,10,予選特賞,晴,北東,3,2,4,1,4905,土 井 祥 伍,22,21,6.79,1,0.26,1.54.5,5-3-2,65460,104,5-3,15870,30,2-3-5,3250,12,3-5,3410,14
20250619,桐生,10,予選特賞,晴,北東,3,2,5,4,5051,松 本 純 平,27,38,6.81,4,0.23,1.55.8,5-3-2,65460,104,5-3,15870,30,2-3-5,3250,12,3-5,3410,14
20250619,桐生,10,予選特賞,晴,北東,3,2,6,6,5333,山 下 智 己,62,58,6.73,6,0.25,1.57.2,5-3-2,65460,104,5-3,15870,30,2-3-5,3250,12,3-5,3410,14
20250619,桐生,11,予選特選,晴,北東,3,2,1,1,4700,金 子 和 之,68,25,6.78,1,0.24,1.50.8,1-3-5,1210,4,1-3,250,1,1-3-5,550,3,1-3,160,1
20250619,桐生,11,予選特選,晴,北東,3,2,2,3,4659,木 下 翔 太,61,31,6.78,3,0.23,1.52.7,1-3-5,1210,4,1-3,250,1,1-3-5,550,3,1-3,160,1
20250619,桐生,11,予選特選,晴,北東,3,2,3,5,3550,都 築 正 治,58,22,6.83,5,0.20,1.54.4,1-3-5,1210,4,1-3,250,1,1-3-5,550,3,1-3,160,1
20250619,桐生,11,予選特選,晴,北東,3,2,4,2,4114,深 澤 達 徳,54,53,6.75,2,0.32,1.54.8,1-3-5,1210,4,1-3,250,1,1-3-5,550,3,1-3,160,1
20250619,桐生,11,予選特選,晴,北東,3,2,5,6,4381,田 路 朋 史,67,11,6.83,6,0.15,1.56.1,1-3-5,1210,4,1-3,250,1,1-3-5,550,3,1-3,160,1
20250619,桐生,11,予選特選,晴,北東,3,2,6,4,4973,栗 原 直 也,63,73,6.86,4,0.21,1.56.3,1-3-5,1210,4,1-3,250,1,1-3-5,550,3,1-3,160,1
20250619,桐生,12,桐生特選,晴,北東,2,1,1,1,4544,松 田 大志郎,69,12,6.81,1,0.10,1.49.3,1-2-3,700,2,1-2,300,1,1-2-3,330,1,1-2,200,1
20250619,桐生,12,桐生特選,晴,北東,2,1,2,2,4124,池 田 雄 一,23,70,6.76,2,0.12,1.51.2,1-2-3,700,2,1-2,300,1,1-2-3,330,1,1-2,200,1
20250619,桐生,12,桐生特選,晴,北東,2,1,3,3,5035,櫻 井 優,38,26,6.74,3,0.15,1.53.0,1-2-3,700,2,1-2,300,1,1-2-3,330,1,1-2,200,1
20250619,桐生,12,桐生特選,晴,北東,2,1,4,4,4225,土 屋 千 明,70,28,6.75,4,0.09,1.53.9,1-2-3,700,2,1-2,300,1,1-2-3,330,1,1-2,200,1
20250619,桐生,12,桐生特選,晴,北東,2,1,5,6,4420,津久井 拓 也,43,65,6.86,6,0.16,1.54.6,1-2-3,700,2,1-2,300,1,1-2-3,330,1,1-2,200,1
20250619,桐生,12,桐生特選,晴,北東,2,1,6,5,5131,江 藤 敦 宏,45,39,6.81,5,0.12,1.57.9,1-2-3,700,2,1-2,300,1,1-2-3,330,1,1-2,200,1
