date,venue_name,race_no,race_type,weather,wind_dir,wind_ms,wave_cm,rank,waku,reg_no,name,motor_no,boat_no,exhibition_time,course_enter,st_timing,race_time,won3,won3_pay,won3_pop,won2,won2_pay,won2_pop,trio,trio_pay,trio_pop,pair,pair_pay,pair_pop,lap_time,turn_time,straight_time,lap_rank,turn_rank,straight_rank,exhibition_eval
20250831,びわこ,1,一般,晴,北東,1,1,1,1,4624,高 田 明,35,52,6.66,1,0.10,1.49.9,1-2-5,580,1,1-2,210,1,1-2-5,310,2,1-2,190,1,,,,,,,
20250831,びわこ,1,一般,晴,北東,1,1,2,2,3455,谷 本 幸 司,41,13,6.69,2,0.15,1.50.9,1-2-5,580,1,1-2,210,1,1-2-5,310,2,1-2,190,1,,,,,,,
20250831,びわこ,1,一般,晴,北東,1,1,3,5,5289,佃 來 紀,17,24,6.84,5,0.14,1.51.6,1-2-5,580,1,1-2,210,1,1-2-5,310,2,1-2,190,1,,,,,,,
20250831,びわこ,1,一般,晴,北東,1,1,4,3,3075,中 村 裕 将,71,34,6.78,3,0.09,1.54.9,1-2-5,580,1,1-2,210,1,1-2-5,310,2,1-2,190,1,,,,,,,
20250831,びわこ,1,一般,晴,北東,1,1,5,4,4417,服 部 剛,44,23,6.86,4,0.21,,1-2-5,580,1,1-2,210,1,1-2-5,310,2,1-2,190,1,,,,,,,
20250831,びわこ,1,一般,晴,北東,1,1,6,6,4277,金 田 大 輔,14,73,6.78,6,0.16,,1-2-5,580,1,1-2,210,1,1-2-5,310,2,1-2,190,1,,,,,,,
20250831,びわこ,2,一般,晴,北東,1,1,1,1,4765,野田部 宏 子,62,32,6.67,1,0.11,1.49.7,1-5-4,1440,4,1-5,250,1,1-4-5,450,2,1-5,220,1,,,,,,,
20250831,びわこ,2,一般,晴,北東,1,1,2,5,5221,竹 間 隆 晟,63,26,6.72,5,0.13,1.51.2,1-5-4,1440,4,1-5,250,1,1-4-5,450,2,1-5,220,1,,,,,,,
20250831,びわこ,2,一般,晴,北東,1,1,3,4,4128,川 口 貴 久,23,70,6.82,4,0.11,1.53.9,1-5-4,1440,4,1-5,250,1,1-4-5,450,2,1-5,220,1,,,,,,,
20250831,びわこ,2,一般,晴,北東,1,1,4,2,5302,秋 末 秦 悟,72,41,6.74,2,0.18,1.54.0,1-5-4,1440,4,1-5,250,1,1-4-5,450,2,1-5,220,1,,,,,,,
20250831,びわこ,2,一般,晴,北東,1,1,5,3,3430,角 浜 修,34,11,6.84,3,0.12,,1-5-4,1440,4,1-5,250,1,1-4-5,450,2,1-5,220,1,,,,,,,
20250831,びわこ,2,一般,晴,北東,1,1,6,6,4213,重 富 伸 也,21,62,6.66,6,0.14,,1-5-4,1440,4,1-5,250,1,1-4-5,450,2,1-5,220,1,,,,,,,
20250831,びわこ,3,一般,晴,東,1,1,1,1,5157,市 川 健 太,53,19,6.70,1,0.11,1.49.6,1-5-3,2600,9,1-5,980,5,1-3-5,720,3,1-5,440,2,,,,,,,
20250831,びわこ,3,一般,晴,東,1,1,2,5,4513,河 野 真 也,58,33,6.69,5,0.16,1.50.6,1-5-3,2600,9,1-5,980,5,1-3-5,720,3,1-5,440,2,,,,,,,
20250831,びわこ,3,一般,晴,東,1,1,3,3,3848,川 上 聡 介,43,72,6.79,3,0.10,1.52.8,1-5-3,2600,9,1-5,980,5,1-3-5,720,3,1-5,440,2,,,,,,,
20250831,びわこ,3,一般,晴,東,1,1,4,2,4218,吉 川 喜 継,61,16,6.71,2,0.12,1.53.7,1-5-3,2600,9,1-5,980,5,1-3-5,720,3,1-5,440,2,,,,,,,
20250831,びわこ,3,一般,晴,東,1,1,5,4,3932,池 田 浩 美,68,71,6.77,4,0.21,,1-5-3,2600,9,1-5,980,5,1-3-5,720,3,1-5,440,2,,,,,,,
20250831,びわこ,3,一般,晴,東,1,1,6,6,5418,堀 内 亜 海,60,18,6.73,6,0.14,,1-5-3,2600,9,1-5,980,5,1-3-5,720,3,1-5,440,2,,,,,,,
20250831,びわこ,4,一般,晴,東,2,2,1,1,3976,内 田 圭,65,67,6.67,1,0.05,1.50.2,1-2-5,860,3,1-2,180,1,1-2-5,610,3,1-2,140,1,,,,,,,
20250831,びわこ,4,一般,晴,東,2,2,2,2,4216,星 栄 爾,67,66,6.79,2,0.09,1.51.5,1-2-5,860,3,1-2,180,1,1-2-5,610,3,1-2,140,1,,,,,,,
20250831,びわこ,4,一般,晴,東,2,2,3,5,5325,澁 川 夏,48,38,6.72,5,0.09,1.52.3,1-2-5,860,3,1-2,180,1,1-2-5,610,3,1-2,140,1,,,,,,,
20250831,びわこ,4,一般,晴,東,2,2,4,3,5311,小 林 京 平,73,39,6.69,3,0.11,1.54.2,1-2-5,860,3,1-2,180,1,1-2-5,610,3,1-2,140,1,,,,,,,
20250831,びわこ,4,一般,晴,東,2,2,5,4,5270,小 玉 啓 太,47,57,6.81,4,0.11,,1-2-5,860,3,1-2,180,1,1-2-5,610,3,1-2,140,1,,,,,,,
20250831,びわこ,4,一般,晴,東,2,2,6,6,5343,小 林 礼 央,15,46,6.73,6,0.04,,1-2-5,860,3,1-2,180,1,1-2-5,610,3,1-2,140,1,,,,,,,
20250831,びわこ,5,一般,晴,北東,2,2,1,5,5191,飛 田 江 己,30,35,6.71,5,0.12,1.50.9,5-1-6,4020,15,5-1,700,3,1-5-6,950,5,1-5,240,1,,,,,,,
20250831,びわこ,5,一般,晴,北東,2,2,2,1,5081,篠 原 飛 翔,31,61,6.77,1,0.19,1.51.8,5-1-6,4020,15,5-1,700,3,1-5-6,950,5,1-5,240,1,,,,,,,
20250831,びわこ,5,一般,晴,北東,2,2,3,6,4017,向 井 美 鈴,54,53,6.84,6,0.25,1.53.6,5-1-6,4020,15,5-1,700,3,1-5-6,950,5,1-5,240,1,,,,,,,
20250831,びわこ,5,一般,晴,北東,2,2,4,4,4277,金 田 大 輔,14,73,6.68,4,0.11,1.54.6,5-1-6,4020,15,5-1,700,3,1-5-6,950,5,1-5,240,1,,,,,,,
20250831,びわこ,5,一般,晴,北東,2,2,5,2,3303,渡 辺 豊,70,44,6.72,2,0.17,,5-1-6,4020,15,5-1,700,3,1-5-6,950,5,1-5,240,1,,,,,,,
20250831,びわこ,5,一般,晴,北東,2,2,6,3,4146,柳 橋 宏 紀,55,31,6.71,3,0.12,,5-1-6,4020,15,5-1,700,3,1-5-6,950,5,1-5,240,1,,,,,,,
20250831,びわこ,6,一般,晴,北東,4,3,1,2,5289,佃 來 紀,17,24,6.74,2,0.02,1.49.3,2-1-3,4040,12,2-1,870,4,1-2-3,410,2,1-2,120,1,,,,,,,
20250831,びわこ,6,一般,晴,北東,4,3,2,1,4728,山 口 亮,37,64,6.72,1,0.03,1.50.3,2-1-3,4040,12,2-1,870,4,1-2-3,410,2,1-2,120,1,,,,,,,
20250831,びわこ,6,一般,晴,北東,4,3,3,3,4349,犬 童 千 秋,12,59,6.78,3,0.02,1.53.2,2-1-3,4040,12,2-1,870,4,1-2-3,410,2,1-2,120,1,,,,,,,
20250831,びわこ,6,一般,晴,北東,4,3,4,4,3455,谷 本 幸 司,41,13,6.78,4,0.13,1.53.7,2-1-3,4040,12,2-1,870,4,1-2-3,410,2,1-2,120,1,,,,,,,
20250831,びわこ,6,一般,晴,北東,4,3,5,5,3430,角 浜 修,34,11,6.71,5,0.17,,2-1-3,4040,12,2-1,870,4,1-2-3,410,2,1-2,120,1,,,,,,,
20250831,びわこ,6,一般,晴,北東,4,3,6,6,3827,今 泉 徹,13,21,6.83,6,0.21,,2-1-3,4040,12,2-1,870,4,1-2-3,410,2,1-2,120,1,,,,,,,
20250831,びわこ,7,一般,晴,北,3,3,1,3,4218,吉 川 喜 継,61,16,6.89,3,0.13,1.51.6,3-1-5,4670,17,3-1,440,2,1-3-5,1020,4,1-3,200,1,,,,,,,
20250831,びわこ,7,一般,晴,北,3,3,2,1,4580,長谷川 雅 和,16,50,6.87,1,0.12,1.52.9,3-1-5,4670,17,3-1,440,2,1-3-5,1020,4,1-3,200,1,,,,,,,
20250831,びわこ,7,一般,晴,北,3,3,3,5,5302,秋 末 秦 悟,72,41,6.88,5,0.27,1.54.2,3-1-5,4670,17,3-1,440,2,1-3-5,1020,4,1-3,200,1,,,,,,,
20250831,びわこ,7,一般,晴,北,3,3,4,4,4213,重 富 伸 也,21,62,6.70,4,0.14,1.54.8,3-1-5,4670,17,3-1,440,2,1-3-5,1020,4,1-3,200,1,,,,,,,
20250831,びわこ,7,一般,晴,北,3,3,5,2,4417,服 部 剛,44,23,6.85,2,0.28,,3-1-5,4670,17,3-1,440,2,1-3-5,1020,4,1-3,200,1,,,,,,,
20250831,びわこ,7,一般,晴,北,3,3,6,6,5418,堀 内 亜 海,60,18,6.87,6,0.22,,3-1-5,4670,17,3-1,440,2,1-3-5,1020,4,1-3,200,1,,,,,,,
20250831,びわこ,8,一般,晴,北東,3,3,1,1,4146,柳 橋 宏 紀,55,31,6.87,1,0.14,1.51.3,1-5-2,13660,44,1-5,2870,12,1-2-5,2090,7,1-5,2620,8,,,,,,,
20250831,びわこ,8,一般,晴,北東,3,3,2,5,5343,小 林 礼 央,15,46,6.82,6,0.13,1.52.5,1-5-2,13660,44,1-5,2870,12,1-2-5,2090,7,1-5,2620,8,,,,,,,
20250831,びわこ,8,一般,晴,北東,3,3,3,2,3848,川 上 聡 介,43,72,6.90,2,0.20,1.54.3,1-5-2,13660,44,1-5,2870,12,1-2-5,2090,7,1-5,2620,8,,,,,,,
20250831,びわこ,8,一般,晴,北東,3,3,4,3,4128,川 口 貴 久,23,70,6.95,3,0.21,1.55.5,1-5-2,13660,44,1-5,2870,12,1-2-5,2090,7,1-5,2620,8,,,,,,,
20250831,びわこ,8,一般,晴,北東,3,3,5,4,3075,中 村 裕 将,71,34,6.90,4,0.07,,1-5-2,13660,44,1-5,2870,12,1-2-5,2090,7,1-5,2620,8,,,,,,,
20250831,びわこ,8,一般,晴,北東,3,3,6,6,5325,澁 川 夏,48,38,6.84,5,0.12,,1-5-2,13660,44,1-5,2870,12,1-2-5,2090,7,1-5,2620,8,,,,,,,
20250831,びわこ,9,ビナちゃん特,晴,北東,4,3,1,3,4017,向 井 美 鈴,54,53,6.98,3,0.20,1.51.6,3-4-5,9270,36,3-4,2420,8,3-4-5,2920,16,3-4,1490,6,,,,,,,
20250831,びわこ,9,ビナちゃん特,晴,北東,4,3,2,4,3827,今 泉 徹,13,21,6.85,4,0.14,1.53.0,3-4-5,9270,36,3-4,2420,8,3-4-5,2920,16,3-4,1490,6,,,,,,,
20250831,びわこ,9,ビナちゃん特,晴,北東,4,3,3,5,5270,小 玉 啓 太,47,57,6.82,5,0.17,1.54.8,3-4-5,9270,36,3-4,2420,8,3-4-5,2920,16,3-4,1490,6,,,,,,,
20250831,びわこ,9,ビナちゃん特,晴,北東,4,3,4,6,3303,渡 辺 豊,70,29,6.93,6,0.23,1.56.0,3-4-5,9270,36,3-4,2420,8,3-4-5,2920,16,3-4,1490,6,,,,,,,
20250831,びわこ,9,ビナちゃん特,晴,北東,4,3,5,2,5311,小 林 京 平,73,39,6.84,2,0.21,,3-4-5,9270,36,3-4,2420,8,3-4-5,2920,16,3-4,1490,6,,,,,,,
20250831,びわこ,9,ビナちゃん特,晴,北東,4,3,6,1,3932,池 田 浩 美,68,71,6.87,1,0.26,,3-4-5,9270,36,3-4,2420,8,3-4-5,2920,16,3-4,1490,6,,,,,,,
20250831,びわこ,10,選抜戦,晴,北東,4,4,1,1,5221,竹 間 隆 晟,63,26,6.84,1,0.18,1.49.3,1-2-3,410,1,1-2,210,1,1-2-3,230,1,1-2,130,1,,,,,,,
20250831,びわこ,10,選抜戦,晴,北東,4,4,2,2,4624,高 田 明,35,52,6.80,2,0.20,1.51.4,1-2-3,410,1,1-2,210,1,1-2-3,230,1,1-2,130,1,,,,,,,
20250831,びわこ,10,選抜戦,晴,北東,4,4,3,3,5157,市 川 健 太,53,19,6.81,3,0.18,1.52.7,1-2-3,410,1,1-2,210,1,1-2-3,230,1,1-2,130,1,,,,,,,
20250831,びわこ,10,選抜戦,晴,北東,4,4,4,4,4349,犬 童 千 秋,12,59,6.82,4,0.19,1.54.3,1-2-3,410,1,1-2,210,1,1-2-3,230,1,1-2,130,1,,,,,,,
20250831,びわこ,10,選抜戦,晴,北東,4,4,5,5,3976,内 田 圭,65,67,6.81,5,0.22,,1-2-3,410,1,1-2,210,1,1-2-3,230,1,1-2,130,1,,,,,,,
20250831,びわこ,10,選抜戦,晴,北東,4,4,6,6,5081,篠 原 飛 翔,31,61,6.88,6,0.22,,1-2-3,410,1,1-2,210,1,1-2-3,230,1,1-2,130,1,,,,,,,
20250831,びわこ,11,選抜戦,晴,北東,3,3,1,3,4728,山 口 亮,37,64,6.79,3,0.08,1.50.4,3-1-2,6800,21,3-1,3750,11,1-2-3,300,1,1-3,530,2,,,,,,,
20250831,びわこ,11,選抜戦,晴,北東,3,3,2,1,4513,河 野 真 也,58,33,6.76,1,0.16,1.51.7,3-1-2,6800,21,3-1,3750,11,1-2-3,300,1,1-3,530,2,,,,,,,
20250831,びわこ,11,選抜戦,晴,北東,3,3,3,2,5191,飛 田 江 己,30,35,6.89,2,0.12,1.52.8,3-1-2,6800,21,3-1,3750,11,1-2-3,300,1,1-3,530,2,,,,,,,
20250831,びわこ,11,選抜戦,晴,北東,3,3,4,4,4580,長谷川 雅 和,16,50,6.85,4,0.10,1.54.2,3-1-2,6800,21,3-1,3750,11,1-2-3,300,1,1-3,530,2,,,,,,,
20250831,びわこ,11,選抜戦,晴,北東,3,3,5,5,4765,野田部 宏 子,62,32,6.77,5,0.08,,3-1-2,6800,21,3-1,3750,11,1-2-3,300,1,1-3,530,2,,,,,,,
20250831,びわこ,11,選抜戦,晴,北東,3,3,6,6,4216,星 栄 爾,67,66,6.82,6,0.16,,3-1-2,6800,21,3-1,3750,11,1-2-3,300,1,1-3,530,2,,,,,,,
20250831,びわこ,12,優勝戦,晴,北,3,3,1,1,5084,末 永 和 也,18,43,6.86,1,0.05,1.49.9,1-4-6,3190,12,1-4,520,3,1-4-6,1730,8,1-4,440,2,,,,,,,
20250831,びわこ,12,優勝戦,晴,北,3,3,2,4,4437,中 田 元 泰,49,48,6.73,4,0.09,1.51.1,1-4-6,3190,12,1-4,520,3,1-4-6,1730,8,1-4,440,2,,,,,,,
20250831,びわこ,12,優勝戦,晴,北,3,3,3,6,4136,江 夏 満,28,17,6.75,6,0.15,1.52.8,1-4-6,3190,12,1-4,520,3,1-4-6,1730,8,1-4,440,2,,,,,,,
20250831,びわこ,12,優勝戦,晴,北,3,3,4,2,3874,山 本 寛 久,32,55,6.74,2,0.09,1.53.5,1-4-6,3190,12,1-4,520,3,1-4-6,1730,8,1-4,440,2,,,,,,,
20250831,びわこ,12,優勝戦,晴,北,3,3,5,5,4739,中 村 晃 朋,36,54,6.77,5,0.10,,1-4-6,3190,12,1-4,520,3,1-4-6,1730,8,1-4,440,2,,,,,,,
20250831,びわこ,12,優勝戦,晴,北,3,3,6,3,5255,藤 原 仙 二,24,60,6.77,3,0.12,,1-4-6,3190,12,1-4,520,3,1-4-6,1730,8,1-4,440,2,,,,,,,
20250831,下関,1,予選,雨,南西,2,2,1,1,3875,廣 中 良 一,52,46,6.81,1,0.10,1.50.3,1-3-4,6850,35,1-3,600,1,1-3-4,1010,7,1-3,330,1,,,,,,,
20250831,下関,1,予選,雨,南西,2,2,2,3,5054,佐々木 大 河,50,43,6.79,2,0.10,1.52.1,1-3-4,6850,35,1-3,600,1,1-3-4,1010,7,1-3,330,1,,,,,,,
20250831,下関,1,予選,雨,南西,2,2,3,4,5314,中 曽 瑠 華,15,20,6.83,3,0.09,1.53.3,1-3-4,6850,35,1-3,600,1,1-3-4,1010,7,1-3,330,1,,,,,,,
20250831,下関,1,予選,雨,南西,2,2,4,6,4363,大 野 芳 顕,61,13,6.78,5,0.18,1.54.6,1-3-4,6850,35,1-3,600,1,1-3-4,1010,7,1-3,330,1,,,,,,,
20250831,下関,1,予選,雨,南西,2,2,5,2,4565,西 村 豪 洋,38,50,6.63,6,0.21,,1-3-4,6850,35,1-3,600,1,1-3-4,1010,7,1-3,330,1,,,,,,,
20250831,下関,1,予選,雨,南西,2,2,6,5,4108,吉 村 正 明,55,48,6.80,4,0.16,,1-3-4,6850,35,1-3,600,1,1-3-4,1010,7,1-3,330,1,,,,,,,
20250831,下関,2,予選,雨,南西,2,2,1,1,3963,原 田 秀 弥,66,53,6.78,1,0.12,1.51.4,1-4-6,1460,3,1-4,400,2,1-4-6,540,1,1-4,480,2,,,,,,,
20250831,下関,2,予選,雨,南西,2,2,2,4,4872,山 下 流 心,11,61,6.74,4,0.14,1.52.2,1-4-6,1460,3,1-4,400,2,1-4-6,540,1,1-4,480,2,,,,,,,
20250831,下関,2,予選,雨,南西,2,2,3,6,4703,森 永 隆,16,52,6.82,6,0.17,1.52.9,1-4-6,1460,3,1-4,400,2,1-4-6,540,1,1-4,480,2,,,,,,,
20250831,下関,2,予選,雨,南西,2,2,4,2,5265,大 廣 咲 季,70,37,6.73,2,0.24,1.54.3,1-4-6,1460,3,1-4,400,2,1-4-6,540,1,1-4,480,2,,,,,,,
20250831,下関,2,予選,雨,南西,2,2,5,3,4863,三 浦 裕 貴,43,38,6.79,3,0.13,,1-4-6,1460,3,1-4,400,2,1-4-6,540,1,1-4,480,2,,,,,,,
20250831,下関,2,予選,雨,南西,2,2,6,5,4054,福 嶋 智 之,13,14,6.71,5,0.16,,1-4-6,1460,3,1-4,400,2,1-4-6,540,1,1-4,480,2,,,,,,,
20250831,下関,3,予選,雨,南西,1,1,1,1,4395,下 河 雅 史,24,15,6.72,1,0.12,1.50.4,1-3-2,1290,2,1-3,330,1,1-2-3,320,1,1-3,250,1,,,,,,,
20250831,下関,3,予選,雨,南西,1,1,2,3,4230,濱 崎 直 矢,32,59,6.73,3,0.05,1.51.2,1-3-2,1290,2,1-3,330,1,1-2-3,320,1,1-3,250,1,,,,,,,
20250831,下関,3,予選,雨,南西,1,1,3,2,5106,山 崎 祥,58,23,6.69,2,0.13,1.53.3,1-3-2,1290,2,1-3,330,1,1-2-3,320,1,1-3,250,1,,,,,,,
20250831,下関,3,予選,雨,南西,1,1,4,4,4204,柴 田 大 輔,49,58,6.70,4,0.32,1.54.0,1-3-2,1290,2,1-3,330,1,1-2-3,320,1,1-3,250,1,,,,,,,
20250831,下関,3,予選,雨,南西,1,1,5,6,4260,中 越 博 紀,35,19,6.78,6,0.32,,1-3-2,1290,2,1-3,330,1,1-2-3,320,1,1-3,250,1,,,,,,,
20250831,下関,3,予選,雨,南西,1,1,6,5,4169,多 田 有 佑,60,51,6.79,5,0.38,,1-3-2,1290,2,1-3,330,1,1-2-3,320,1,1-3,250,1,,,,,,,
20250831,下関,4,予選,雨,南西,2,2,1,1,4776,竹 田 和 哉,57,41,6.82,1,0.11,1.50.0,1-3-2,770,2,1-3,260,1,1-2-3,480,2,1-3,360,1,,,,,,,
20250831,下関,4,予選,雨,南西,2,2,2,3,3505,山 田 竜 一,53,31,6.85,2,0.09,1.51.5,1-3-2,770,2,1-3,260,1,1-2-3,480,2,1-3,360,1,,,,,,,
20250831,下関,4,予選,雨,南西,2,2,3,2,4744,伊 藤 玲 奈,46,32,6.83,3,0.16,1.52.6,1-3-2,770,2,1-3,260,1,1-2-3,480,2,1-3,360,1,,,,,,,
20250831,下関,4,予選,雨,南西,2,2,4,5,3232,山 川 美由紀,17,57,6.81,5,0.15,1.54.4,1-3-2,770,2,1-3,260,1,1-2-3,480,2,1-3,360,1,,,,,,,
20250831,下関,4,予選,雨,南西,2,2,5,6,4364,池 永 太,54,67,6.81,6,0.13,,1-3-2,770,2,1-3,260,1,1-2-3,480,2,1-3,360,1,,,,,,,
20250831,下関,4,予選,雨,南西,2,2,6,4,5359,佐 藤 世 那,29,11,6.80,4,0.17,,1-3-2,770,2,1-3,260,1,1-2-3,480,2,1-3,360,1,,,,,,,
20250831,下関,5,シーモ戦,雨,南西,1,1,1,1,3940,飯 山 泰,18,17,6.75,1,0.21,1.51.2,1-2-4,1680,7,1-2,420,2,1-2-4,800,5,1-2,660,3,,,,,,,
20250831,下関,5,シーモ戦,雨,南西,1,1,2,2,3860,松 本 浩 貴,12,34,6.83,2,0.18,1.52.7,1-2-4,1680,7,1-2,420,2,1-2-4,800,5,1-2,660,3,,,,,,,
20250831,下関,5,シーモ戦,雨,南西,1,1,3,4,4882,瀧 川 千 依,34,27,6.77,4,0.19,1.54.3,1-2-4,1680,7,1-2,420,2,1-2-4,800,5,1-2,660,3,,,,,,,
20250831,下関,5,シーモ戦,雨,南西,1,1,4,3,4062,後 藤 陽 介,40,71,6.80,3,0.23,1.54.5,1-2-4,1680,7,1-2,420,2,1-2-4,800,5,1-2,660,3,,,,,,,
20250831,下関,5,シーモ戦,雨,南西,1,1,5,5,3411,池 上 隆 行,59,69,6.78,5,0.17,,1-2-4,1680,7,1-2,420,2,1-2-4,800,5,1-2,660,3,,,,,,,
20250831,下関,5,シーモ戦,雨,南西,1,1,6,6,4366,前 沢 丈 史,68,36,6.85,6,0.16,,1-2-4,1680,7,1-2,420,2,1-2-4,800,5,1-2,660,3,,,,,,,
20250831,下関,6,予選,晴,南,3,3,1,2,4236,松 村 敏,56,68,6.80,2,0.14,1.49.8,2-4-1,3570,11,2-4,1120,5,1-2-4,300,2,2-4,1150,5,,,,,,,
20250831,下関,6,予選,晴,南,3,3,2,4,4054,福 嶋 智 之,13,14,6.79,4,0.17,1.51.8,2-4-1,3570,11,2-4,1120,5,1-2-4,300,2,2-4,1150,5,,,,,,,
20250831,下関,6,予選,晴,南,3,3,3,1,4193,郷 原 章 平,48,16,6.84,1,0.27,1.53.8,2-4-1,3570,11,2-4,1120,5,1-2-4,300,2,2-4,1150,5,,,,,,,
20250831,下関,6,予選,晴,南,3,3,4,3,4226,村 田 浩 司,71,21,6.86,3,0.19,1.54.3,2-4-1,3570,11,2-4,1120,5,1-2-4,300,2,2-4,1150,5,,,,,,,
20250831,下関,6,予選,晴,南,3,3,5,5,5314,中 曽 瑠 華,15,20,6.93,5,0.16,,2-4-1,3570,11,2-4,1120,5,1-2-4,300,2,2-4,1150,5,,,,,,,
20250831,下関,6,予選,晴,南,3,3,6,6,4179,広 次 修,28,18,6.80,6,0.17,,2-4-1,3570,11,2-4,1120,5,1-2-4,300,2,2-4,1150,5,,,,,,,
20250831,下関,7,ふく～る特賞,曇り,南,1,1,1,1,4771,下 寺 秀 和,69,72,6.81,1,0.16,1.50.3,1-2-4,1410,7,1-2,520,3,1-2-4,760,6,1-2,450,4,,,,,,,
20250831,下関,7,ふく～る特賞,曇り,南,1,1,2,2,5144,中 尾 彩 香,31,44,6.79,2,0.16,1.51.6,1-2-4,1410,7,1-2,520,3,1-2-4,760,6,1-2,450,4,,,,,,,
20250831,下関,7,ふく～る特賞,曇り,南,1,1,3,4,4260,中 越 博 紀,35,19,6.92,4,0.11,1.53.4,1-2-4,1410,7,1-2,520,3,1-2-4,760,6,1-2,450,4,,,,,,,
20250831,下関,7,ふく～る特賞,曇り,南,1,1,4,3,4108,吉 村 正 明,55,48,6.88,3,0.15,1.55.2,1-2-4,1410,7,1-2,520,3,1-2-4,760,6,1-2,450,4,,,,,,,
20250831,下関,7,ふく～る特賞,曇り,南,1,1,5,6,3822,平 尾 崇 典,27,33,6.80,5,0.10,,1-2-4,1410,7,1-2,520,3,1-2-4,760,6,1-2,450,4,,,,,,,
20250831,下関,8,予選 進入固定,曇り,南西,2,2,1,1,4817,渡 邉 翼,65,49,6.75,1,0.04,1.51.0,1-2-6,1000,4,1-2,260,1,1-2-6,700,4,1-2,220,1,,,,,,,
20250831,下関,8,予選 進入固定,曇り,南西,2,2,2,2,4204,柴 田 大 輔,49,58,6.74,2,0.11,1.52.2,1-2-6,1000,4,1-2,260,1,1-2-6,700,4,1-2,220,1,,,,,,,
20250831,下関,8,予選 進入固定,曇り,南西,2,2,3,6,4443,津 田 裕 絵,14,35,6.85,6,0.19,1.54.2,1-2-6,1000,4,1-2,260,1,1-2-6,700,4,1-2,220,1,,,,,,,
20250831,下関,8,予選 進入固定,曇り,南西,2,2,4,3,5359,佐 藤 世 那,29,11,6.84,3,0.03,1.55.3,1-2-6,1000,4,1-2,260,1,1-2-6,700,4,1-2,220,1,,,,,,,
20250831,下関,8,予選 進入固定,曇り,南西,2,2,5,4,4487,三 原 司,39,64,6.85,4,0.13,,1-2-6,1000,4,1-2,260,1,1-2-6,700,4,1-2,220,1,,,,,,,
20250831,下関,8,予選 進入固定,曇り,南西,2,2,6,5,5265,大 廣 咲 季,70,37,6.82,5,0.12,,1-2-6,1000,4,1-2,260,1,1-2-6,700,4,1-2,220,1,,,,,,,
20250831,下関,9,予選,曇り,東,1,1,1,1,4114,深 澤 達 徳,22,39,6.82,1,0.10,1.49.8,1-3-5,4230,15,1-3,1590,6,1-3-5,620,4,1-3,990,4,,,,,,,
20250831,下関,9,予選,曇り,東,1,1,2,3,4565,西 村 豪 洋,38,50,6.70,6,0.14,1.52.0,1-3-5,4230,15,1-3,1590,6,1-3-5,620,4,1-3,990,4,,,,,,,
20250831,下関,9,予選,曇り,東,1,1,3,5,4776,竹 田 和 哉,57,41,6.83,4,0.08,1.52.9,1-3-5,4230,15,1-3,1590,6,1-3-5,620,4,1-3,990,4,,,,,,,
20250831,下関,9,予選,曇り,東,1,1,4,2,4169,多 田 有 佑,60,51,6.89,2,0.16,1.53.0,1-3-5,4230,15,1-3,1590,6,1-3-5,620,4,1-3,990,4,,,,,,,
20250831,下関,9,予選,曇り,東,1,1,5,4,5277,井 上 未 都,37,70,6.80,3,0.12,,1-3-5,4230,15,1-3,1590,6,1-3-5,620,4,1-3,990,4,,,,,,,
20250831,下関,9,予選,曇り,東,1,1,6,6,4062,後 藤 陽 介,40,71,6.85,5,0.16,,1-3-5,4230,15,1-3,1590,6,1-3-5,620,4,1-3,990,4,,,,,,,
20250831,下関,10,予選特賞,曇り,南東,1,1,1,2,4872,山 下 流 心,11,61,6.84,2,0.11,1.50.3,2-1-4,7920,23,2-1,3060,7,1-2-4,360,1,1-2,330,2,,,,,,,
20250831,下関,10,予選特賞,曇り,南東,1,1,2,1,4230,濱 崎 直 矢,32,59,6.83,1,0.14,1.51.1,2-1-4,7920,23,2-1,3060,7,1-2-4,360,1,1-2,330,2,,,,,,,
20250831,下関,10,予選特賞,曇り,南東,1,1,3,4,4363,大 野 芳 顕,61,13,6.81,4,0.10,1.52.8,2-1-4,7920,23,2-1,3060,7,1-2-4,360,1,1-2,330,2,,,,,,,
20250831,下関,10,予選特賞,曇り,南東,1,1,4,5,4882,瀧 川 千 依,34,27,6.87,5,0.13,1.54.1,2-1-4,7920,23,2-1,3060,7,1-2-4,360,1,1-2,330,2,,,,,,,
20250831,下関,10,予選特賞,曇り,南東,1,1,5,3,4179,広 次 修,28,18,6.86,3,0.09,,2-1-4,7920,23,2-1,3060,7,1-2-4,360,1,1-2,330,2,,,,,,,
20250831,下関,10,予選特賞,曇り,南東,1,1,6,6,3505,山 田 竜 一,53,31,6.85,6,0.12,,2-1-4,7920,23,2-1,3060,7,1-2-4,360,1,1-2,330,2,,,,,,,
20250831,下関,11,一般特選,曇り,北東,3,3,1,1,4703,森 永 隆,16,52,6.88,1,0.18,1.50.1,1-2-4,1900,5,1-2,270,1,1-2-4,950,3,1-2,210,1,,,,,,,
20250831,下関,11,一般特選,曇り,北東,3,3,2,2,4771,下 寺 秀 和,69,72,6.85,2,0.17,1.52.3,1-2-4,1900,5,1-2,270,1,1-2-4,950,3,1-2,210,1,,,,,,,
20250831,下関,11,一般特選,曇り,北東,3,3,3,4,3875,廣 中 良 一,52,46,6.97,4,0.17,1.52.8,1-2-4,1900,5,1-2,270,1,1-2-4,950,3,1-2,210,1,,,,,,,
20250831,下関,11,一般特選,曇り,北東,3,3,4,3,4395,下 河 雅 史,24,15,6.89,3,0.21,1.54.0,1-2-4,1900,5,1-2,270,1,1-2-4,950,3,1-2,210,1,,,,,,,
20250831,下関,11,一般特選,曇り,北東,3,3,5,5,3940,飯 山 泰,18,17,6.87,5,0.16,,1-2-4,1900,5,1-2,270,1,1-2-4,950,3,1-2,210,1,,,,,,,
20250831,下関,11,一般特選,曇り,北東,3,3,6,6,4226,村 田 浩 司,71,21,6.91,6,0.12,,1-2-4,1900,5,1-2,270,1,1-2-4,950,3,1-2,210,1,,,,,,,
20250831,下関,12,一般シーボー,曇り,北東,3,3,1,1,3822,平 尾 崇 典,27,33,6.83,1,0.15,1.50.8,1-5-6,3190,15,1-5,1660,8,1-5-6,880,5,1-5,1500,6,,,,,,,
20250831,下関,12,一般シーボー,曇り,北東,3,3,2,5,5054,佐々木 大 河,50,43,6.83,4,0.11,1.51.3,1-5-6,3190,15,1-5,1660,8,1-5-6,880,5,1-5,1500,6,,,,,,,
20250831,下関,12,一般シーボー,曇り,北東,3,3,3,6,4236,松 村 敏,56,68,6.79,5,0.08,1.52.0,1-5-6,3190,15,1-5,1660,8,1-5-6,880,5,1-5,1500,6,,,,,,,
20250831,下関,12,一般シーボー,曇り,北東,3,3,4,3,4364,池 永 太,54,67,6.87,3,0.11,1.53.1,1-5-6,3190,15,1-5,1660,8,1-5-6,880,5,1-5,1500,6,,,,,,,
20250831,下関,12,一般シーボー,曇り,北東,3,3,5,2,3963,原 田 秀 弥,66,53,6.91,2,0.16,,1-5-6,3190,15,1-5,1660,8,1-5-6,880,5,1-5,1500,6,,,,,,,
20250831,児島,1,予選,晴,南西,4,3,1,3,3662,大 庭 元 明,48,32,6.91,3,0.18,1.51.8,3-1-5,2750,9,3-1,1260,5,1-3-5,390,1,1-3,360,1,,,,,,,
20250831,児島,1,予選,晴,南西,4,3,2,1,3614,谷 勝 幸,35,26,6.79,1,0.25,1.52.5,3-1-5,2750,9,3-1,1260,5,1-3-5,390,1,1-3,360,1,,,,,,,
20250831,児島,1,予選,晴,南西,4,3,3,5,3304,烏 野 賢 太,11,73,6.82,5,0.16,1.54.2,3-1-5,2750,9,3-1,1260,5,1-3-5,390,1,1-3,360,1,,,,,,,
20250831,児島,1,予選,晴,南西,4,3,4,4,3339,泉 具 巳,50,74,6.75,4,0.15,1.55.8,3-1-5,2750,9,3-1,1260,5,1-3-5,390,1,1-3,360,1,,,,,,,
20250831,児島,1,予選,晴,南西,4,3,5,6,3519,冨 田 秀 幸,41,39,6.79,6,0.23,,3-1-5,2750,9,3-1,1260,5,1-3-5,390,1,1-3,360,1,,,,,,,
20250831,児島,1,予選,晴,南西,4,3,6,2,4077,品 田 直 樹,17,38,6.81,2,0.28,,3-1-5,2750,9,3-1,1260,5,1-3-5,390,1,1-3,360,1,,,,,,,
20250831,児島,2,予選,晴,南,2,3,1,2,3568,木 村 光 宏,60,18,6.79,2,0.21,1.51.3,2-4-6,10000,38,2-4,5120,15,2-4-6,2230,8,2-4,2000,9,,,,,,,
20250831,児島,2,予選,晴,南,2,3,2,4,3701,大 西 隆 洋,45,53,6.93,4,0.17,1.52.3,2-4-6,10000,38,2-4,5120,15,2-4-6,2230,8,2-4,2000,9,,,,,,,
20250831,児島,2,予選,晴,南,2,3,3,6,3966,作 間 章,39,66,6.84,6,0.24,1.53.7,2-4-6,10000,38,2-4,5120,15,2-4-6,2230,8,2-4,2000,9,,,,,,,
20250831,児島,2,予選,晴,南,2,3,4,3,3158,島 川 光 男,22,50,6.83,3,0.17,1.54.2,2-4-6,10000,38,2-4,5120,15,2-4-6,2230,8,2-4,2000,9,,,,,,,
20250831,児島,2,予選,晴,南,2,3,5,1,3340,池 田 雷 太,26,56,6.83,1,0.18,,2-4-6,10000,38,2-4,5120,15,2-4-6,2230,8,2-4,2000,9,,,,,,,
20250831,児島,2,予選,晴,南,2,3,6,5,3315,広 瀬 聖 仁,47,43,6.99,5,0.23,,2-4-6,10000,38,2-4,5120,15,2-4-6,2230,8,2-4,2000,9,,,,,,,
20250831,児島,3,予選,晴,南東,2,3,1,2,4025,山 本 隆 幸,32,25,6.74,3,0.08,1.50.8,2-4-3,5830,24,2-4,760,3,2-3-4,2000,8,2-4,980,3,,,,,,,
20250831,児島,3,予選,晴,南東,2,3,2,4,3448,高 山 秀 雄,52,23,6.70,4,0.04,1.52.2,2-4-3,5830,24,2-4,760,3,2-3-4,2000,8,2-4,980,3,,,,,,,
20250831,児島,3,予選,晴,南東,2,3,3,3,3542,清 水 紀 克,13,30,6.80,2,0.20,1.54.0,2-4-3,5830,24,2-4,760,3,2-3-4,2000,8,2-4,980,3,,,,,,,
20250831,児島,3,予選,晴,南東,2,3,4,5,3615,横 田 茂,31,36,6.77,5,0.09,1.55.3,2-4-3,5830,24,2-4,760,3,2-3-4,2000,8,2-4,980,3,,,,,,,
20250831,児島,3,予選,晴,南東,2,3,5,1,4007,榮 田 将 彦,65,27,6.75,1,0.16,,2-4-3,5830,24,2-4,760,3,2-3-4,2000,8,2-4,980,3,,,,,,,
20250831,児島,3,予選,晴,南東,2,3,6,6,3333,丸 尾 義 孝,29,41,6.82,6,0.10,,2-4-3,5830,24,2-4,760,3,2-3-4,2000,8,2-4,980,3,,,,,,,
20250831,児島,4,予選,晴,南東,3,3,1,5,3627,井 上 恵 一,64,42,6.85,4,0.13,1.50.5,5-3-4,36050,67,5-3,7220,17,3-4-5,1260,6,3-5,2220,7,,,,,,,
20250831,児島,4,予選,晴,南東,3,3,2,3,4064,原 田 篤 志,27,14,6.81,3,0.23,1.52.0,5-3-4,36050,67,5-3,7220,17,3-4-5,1260,6,3-5,2220,7,,,,,,,
20250831,児島,4,予選,晴,南東,3,3,3,4,4076,杉 田 篤 光,12,33,6.83,5,0.18,1.53.6,5-3-4,36050,67,5-3,7220,17,3-4-5,1260,6,3-5,2220,7,,,,,,,
20250831,児島,4,予選,晴,南東,3,3,4,1,3527,中 嶋 誠一郎,36,31,6.82,1,0.20,1.54.7,5-3-4,36050,67,5-3,7220,17,3-4-5,1260,6,3-5,2220,7,,,,,,,
20250831,児島,4,予選,晴,南東,3,3,5,6,3934,鋤 柄 貴 俊,43,13,6.90,6,0.22,,5-3-4,36050,67,5-3,7220,17,3-4-5,1260,6,3-5,2220,7,,,,,,,
20250831,児島,4,予選,晴,南東,3,3,6,2,3226,浦 田 信 義,25,12,6.85,2,0.19,,5-3-4,36050,67,5-3,7220,17,3-4-5,1260,6,3-5,2220,7,,,,,,,
20250831,児島,5,予選,晴,南東,3,3,1,6,3473,石 川 真 二,37,24,7.00,2,0.15,1.51.7,6-3-2,53920,94,6-3,6320,21,2-3-6,3480,16,3-6,1980,7,,,,,,,
20250831,児島,5,予選,晴,南東,3,3,2,3,3478,嶋 田 貴 支,53,35,6.88,4,0.27,1.52.2,6-3-2,53920,94,6-3,6320,21,2-3-6,3480,16,3-6,1980,7,,,,,,,
20250831,児島,5,予選,晴,南東,3,3,3,2,3929,杢 野 誓 良,30,20,6.83,3,0.21,1.53.9,6-3-2,53920,94,6-3,6320,21,2-3-6,3480,16,3-6,1980,7,,,,,,,
20250831,児島,5,予選,晴,南東,3,3,4,1,3349,吉 田 一 郎,70,45,6.85,1,0.32,1.54.6,6-3-2,53920,94,6-3,6320,21,2-3-6,3480,16,3-6,1980,7,,,,,,,
20250831,児島,5,予選,晴,南東,3,3,5,5,3775,泉 啓 文,66,63,6.93,6,0.26,,6-3-2,53920,94,6-3,6320,21,2-3-6,3480,16,3-6,1980,7,,,,,,,
20250831,児島,5,予選,晴,南東,3,3,6,4,3541,三 嶌 誠 司,51,40,6.80,5,0.27,,6-3-2,53920,94,6-3,6320,21,2-3-6,3480,16,3-6,1980,7,,,,,,,
20250831,児島,6,予選,晴,南,3,3,1,5,3740,大 澤 普 司,59,37,6.84,5,0.18,1.50.4,5-1-6,3810,14,5-1,1180,4,1-5-6,790,4,1-5,300,1,,,,,,,
20250831,児島,6,予選,晴,南,3,3,2,1,4042,丸 岡 正 典,34,47,6.78,1,0.16,1.52.1,5-1-6,3810,14,5-1,1180,4,1-5-6,790,4,1-5,300,1,,,,,,,
20250831,児島,6,予選,晴,南,3,3,3,6,3773,津 留 浩一郎,67,21,6.73,6,0.11,1.54.3,5-1-6,3810,14,5-1,1180,4,1-5-6,790,4,1-5,300,1,,,,,,,
20250831,児島,6,予選,晴,南,3,3,4,4,3442,宮 武 英 司,69,22,6.93,4,0.09,1.55.6,5-1-6,3810,14,5-1,1180,4,1-5-6,790,4,1-5,300,1,,,,,,,
20250831,児島,6,予選,晴,南,3,3,5,3,3406,中 里 英 夫,16,34,6.97,3,0.17,,5-1-6,3810,14,5-1,1180,4,1-5-6,790,4,1-5,300,1,,,,,,,
20250831,児島,6,予選,晴,南,3,3,6,2,3614,谷 勝 幸,35,26,6.96,2,0.15,,5-1-6,3810,14,5-1,1180,4,1-5-6,790,4,1-5,300,1,,,,,,,
20250831,児島,7,予選,晴,北西,1,1,1,1,3713,伊 藤 誠 二,46,69,6.86,1,0.15,1.50.9,1-5-4,7470,27,1-5,1400,5,1-4-5,2250,11,1-5,1230,5,,,,,,,
20250831,児島,7,予選,晴,北西,1,1,2,5,3888,山 本 英 志,54,29,6.76,5,0.14,1.51.9,1-5-4,7470,27,1-5,1400,5,1-4-5,2250,11,1-5,1230,5,,,,,,,
20250831,児島,7,予選,晴,北西,1,1,3,4,3482,金 子 猛 志,56,15,6.90,4,0.13,1.53.2,1-5-4,7470,27,1-5,1400,5,1-4-5,2250,11,1-5,1230,5,,,,,,,
20250831,児島,7,予選,晴,北西,1,1,4,3,3519,冨 田 秀 幸,41,39,6.88,3,0.15,1.54.8,1-5-4,7470,27,1-5,1400,5,1-4-5,2250,11,1-5,1230,5,,,,,,,
20250831,児島,7,予選,晴,北西,1,1,5,6,4028,田 村 隆 信,55,49,6.82,6,0.17,,1-5-4,7470,27,1-5,1400,5,1-4-5,2250,11,1-5,1230,5,,,,,,,
20250831,児島,7,予選,晴,北西,1,1,6,2,3966,作 間 章,39,66,6.79,2,0.18,,1-5-4,7470,27,1-5,1400,5,1-4-5,2250,11,1-5,1230,5,,,,,,,
20250831,児島,8,予選,晴,南,4,3,1,2,3557,太 田 和 美,38,55,6.77,3,0.19,1.50.9,2-5-1,1170,4,2-5,410,1,1-2-5,370,1,2-5,360,2,,,,,,,
20250831,児島,8,予選,晴,南,4,3,2,5,3300,川 崎 智 幸,24,17,6.96,5,0.14,1.52.8,2-5-1,1170,4,2-5,410,1,1-2-5,370,1,2-5,360,2,,,,,,,
20250831,児島,8,予選,晴,南,4,3,3,1,4077,品 田 直 樹,17,38,6.87,1,0.14,1.54.6,2-5-1,1170,4,2-5,410,1,1-2-5,370,1,2-5,360,2,,,,,,,
20250831,児島,8,予選,晴,南,4,3,4,6,3868,尾 形 栄 治,49,60,6.93,6,0.16,1.55.7,2-5-1,1170,4,2-5,410,1,1-2-5,370,1,2-5,360,2,,,,,,,
20250831,児島,8,予選,晴,南,4,3,5,3,3701,大 西 隆 洋,45,53,6.99,4,0.16,,2-5-1,1170,4,2-5,410,1,1-2-5,370,1,2-5,360,2,,,,,,,
20250831,児島,8,予選,晴,南,4,3,6,4,3542,清 水 紀 克,13,30,6.99,2,0.11,,2-5-1,1170,4,2-5,410,1,1-2-5,370,1,2-5,360,2,,,,,,,
20250831,児島,9,予選,晴,南西,3,3,1,1,3304,烏 野 賢 太,11,73,6.81,1,0.19,1.51.3,1-2-5,570,2,1-2,210,1,1-2-5,280,2,1-2,160,1,,,,,,,
20250831,児島,9,予選,晴,南西,3,3,2,2,3908,重 成 一 人,20,46,6.93,2,0.18,1.52.0,1-2-5,570,2,1-2,210,1,1-2-5,280,2,1-2,160,1,,,,,,,
20250831,児島,9,予選,晴,南西,3,3,3,5,3499,市 川 哲 也,33,61,7.04,5,0.15,1.54.2,1-2-5,570,2,1-2,210,1,1-2-5,280,2,1-2,160,1,,,,,,,
20250831,児島,9,予選,晴,南西,3,3,4,3,3934,鋤 柄 貴 俊,43,13,6.90,3,0.15,1.55.4,1-2-5,570,2,1-2,210,1,1-2-5,280,2,1-2,160,1,,,,,,,
20250831,児島,9,予選,晴,南西,3,3,5,4,3340,池 田 雷 太,26,56,6.98,4,0.13,,1-2-5,570,2,1-2,210,1,1-2-5,280,2,1-2,160,1,,,,,,,
20250831,児島,9,予選,晴,南西,3,3,6,6,3615,横 田 茂,31,36,6.93,6,0.18,,1-2-5,570,2,1-2,210,1,1-2-5,280,2,1-2,160,1,,,,,,,
20250831,児島,10,予選特賞,晴,北西,1,1,1,1,3158,島 川 光 男,22,50,7.00,1,0.16,1.50.5,1-2-6,1760,5,1-2,740,5,1-2-6,510,2,1-2,460,3,,,,,,,
20250831,児島,10,予選特賞,晴,北西,1,1,2,2,4007,榮 田 将 彦,65,27,6.89,2,0.21,1.51.3,1-2-6,1760,5,1-2,740,5,1-2-6,510,2,1-2,460,3,,,,,,,
20250831,児島,10,予選特賞,晴,北西,1,1,3,6,3959,坪 井 康 晴,40,54,6.86,6,0.15,1.53.2,1-2-6,1760,5,1-2,740,5,1-2-6,510,2,1-2,460,3,,,,,,,
20250831,児島,10,予選特賞,晴,北西,1,1,4,4,3621,天 野 晶 夫,68,19,6.91,4,0.16,1.53.6,1-2-6,1760,5,1-2,740,5,1-2-6,510,2,1-2,460,3,,,,,,,
20250831,児島,10,予選特賞,晴,北西,1,1,5,5,3226,浦 田 信 義,25,12,6.99,5,0.14,,1-2-6,1760,5,1-2,740,5,1-2-6,510,2,1-2,460,3,,,,,,,
20250831,児島,10,予選特賞,晴,北西,1,1,6,3,3339,泉 具 巳,50,74,6.87,3,0.17,,1-2-6,1760,5,1-2,740,5,1-2-6,510,2,1-2,460,3,,,,,,,
20250831,児島,11,予選特選,晴,南西,3,3,1,3,4025,山 本 隆 幸,32,25,6.87,3,0.17,1.50.7,3-1-4,1860,5,3-1,1050,5,1-3-4,320,1,1-3,260,1,,,,,,,
20250831,児島,11,予選特選,晴,南西,3,3,2,1,3541,三 嶌 誠 司,51,40,6.86,1,0.21,1.51.8,3-1-4,1860,5,3-1,1050,5,1-3-4,320,1,1-3,260,1,,,,,,,
20250831,児島,11,予選特選,晴,南西,3,3,3,4,4042,丸 岡 正 典,34,47,6.90,4,0.16,1.53.5,3-1-4,1860,5,3-1,1050,5,1-3-4,320,1,1-3,260,1,,,,,,,
20250831,児島,11,予選特選,晴,南西,3,3,4,6,4076,杉 田 篤 光,12,33,6.81,6,0.24,1.55.1,3-1-4,1860,5,3-1,1050,5,1-3-4,320,1,1-3,260,1,,,,,,,
20250831,児島,11,予選特選,晴,南西,3,3,5,5,3568,木 村 光 宏,60,18,6.89,5,0.19,,3-1-4,1860,5,3-1,1050,5,1-3-4,320,1,1-3,260,1,,,,,,,
20250831,児島,11,予選特選,晴,南西,3,3,6,2,3662,大 庭 元 明,48,32,6.96,2,0.18,,3-1-4,1860,5,3-1,1050,5,1-3-4,320,1,1-3,260,1,,,,,,,
20250831,児島,12,記者選抜戦,晴,南,3,3,1,1,3557,太 田 和 美,38,55,6.84,1,0.28,1.49.7,1-4-3,800,2,1-4,420,3,1-3-4,270,1,1-4,330,2,,,,,,,
20250831,児島,12,記者選抜戦,晴,南,3,3,2,4,4064,原 田 篤 志,27,14,6.89,4,0.18,1.52.0,1-4-3,800,2,1-4,420,3,1-3-4,270,1,1-4,330,2,,,,,,,
20250831,児島,12,記者選抜戦,晴,南,3,3,3,3,4028,田 村 隆 信,55,49,6.85,3,0.18,1.54.0,1-4-3,800,2,1-4,420,3,1-3-4,270,1,1-4,330,2,,,,,,,
20250831,児島,12,記者選抜戦,晴,南,3,3,4,6,3448,高 山 秀 雄,52,23,6.89,6,0.22,1.55.1,1-4-3,800,2,1-4,420,3,1-3-4,270,1,1-4,330,2,,,,,,,
20250831,児島,12,記者選抜戦,晴,南,3,3,5,2,3349,吉 田 一 郎,70,45,6.85,2,0.24,,1-4-3,800,2,1-4,420,3,1-3-4,270,1,1-4,330,2,,,,,,,
20250831,児島,12,記者選抜戦,晴,南,3,3,6,5,3406,中 里 英 夫,16,34,6.89,5,0.17,,1-4-3,800,2,1-4,420,3,1-3-4,270,1,1-4,330,2,,,,,,,
20250831,多摩川,1,一般,晴,南,1,2,1,3,5120,山 本 稔太朗,17,32,6.81,3,0.21,1.50.9,3-2-1,14200,41,3-2,3180,10,1-2-3,410,1,2-3,2030,6,,,,,,,
20250831,多摩川,1,一般,晴,南,1,2,2,2,5133,堀 越 雄 貴,35,73,6.78,2,0.30,1.52.4,3-2-1,14200,41,3-2,3180,10,1-2-3,410,1,2-3,2030,6,,,,,,,
20250831,多摩川,1,一般,晴,南,1,2,3,1,5070,中 島 航,54,58,6.79,1,0.46,1.52.9,3-2-1,14200,41,3-2,3180,10,1-2-3,410,1,2-3,2030,6,,,,,,,
20250831,多摩川,1,一般,晴,南,1,2,4,4,5130,上 野 拓 馬,70,64,6.77,4,0.20,1.54.5,3-2-1,14200,41,3-2,3180,10,1-2-3,410,1,2-3,2030,6,,,,,,,
20250831,多摩川,1,一般,晴,南,1,2,5,6,5206,梅 原 祥 平,24,25,6.84,6,0.21,,3-2-1,14200,41,3-2,3180,10,1-2-3,410,1,2-3,2030,6,,,,,,,
20250831,多摩川,1,一般,晴,南,1,2,6,5,5110,杉 山 喜 一,23,68,6.87,5,0.20,,3-2-1,14200,41,3-2,3180,10,1-2-3,410,1,2-3,2030,6,,,,,,,
20250831,多摩川,2,一般,晴,南,1,2,1,1,5090,生 方 靖 亜,62,81,6.75,1,0.18,1.51.0,1-3-5,2410,7,1-3,270,1,1-3-5,1310,5,1-3,170,1,,,,,,,
20250831,多摩川,2,一般,晴,南,1,2,2,3,5075,中 島 秀 治,67,84,6.73,3,0.19,1.51.7,1-3-5,2410,7,1-3,270,1,1-3-5,1310,5,1-3,170,1,,,,,,,
20250831,多摩川,2,一般,晴,南,1,2,3,5,5329,金 子 龍 斗,59,50,6.73,5,0.16,1.52.1,1-3-5,2410,7,1-3,270,1,1-3-5,1310,5,1-3,170,1,,,,,,,
20250831,多摩川,2,一般,晴,南,1,2,4,6,5112,砂 長 知 輝,27,75,6.71,6,0.20,1.54.5,1-3-5,2410,7,1-3,270,1,1-3-5,1310,5,1-3,170,1,,,,,,,
20250831,多摩川,2,一般,晴,南,1,2,5,2,5100,栗 原 一 馬,66,40,6.79,2,0.22,,1-3-5,2410,7,1-3,270,1,1-3-5,1310,5,1-3,170,1,,,,,,,
20250831,多摩川,2,一般,晴,南,1,2,6,4,5178,成 貞 琳 平,31,23,6.78,4,0.29,,1-3-5,2410,7,1-3,270,1,1-3-5,1310,5,1-3,170,1,,,,,,,
20250831,多摩川,3,一般,晴,南,1,2,1,1,5319,近 藤 颯 斗,63,34,6.76,1,0.18,1.55.7,1-6-5,4400,17,1-6,930,5,1-5-6,1270,5,1-6,750,4,,,,,,,
20250831,多摩川,3,一般,晴,南,1,2,2,6,5132,中 野 希 一,69,66,6.80,6,0.15,1.56.6,1-6-5,4400,17,1-6,930,5,1-5-6,1270,5,1-6,750,4,,,,,,,
20250831,多摩川,3,一般,晴,南,1,2,3,5,5167,小 川 竜太朗,14,22,6.75,5,0.17,1.59.2,1-6-5,4400,17,1-6,930,5,1-5-6,1270,5,1-6,750,4,,,,,,,
20250831,多摩川,3,一般,晴,南,1,2,4,4,5229,吉 川 晴 人,73,31,6.72,4,0.14,2.01.3,1-6-5,4400,17,1-6,930,5,1-5-6,1270,5,1-6,750,4,,,,,,,
20250831,多摩川,3,一般,晴,南,1,2,5,3,5285,若 林 麗,11,61,6.78,3,0.09,,1-6-5,4400,17,1-6,930,5,1-5-6,1270,5,1-6,750,4,,,,,,,
20250831,多摩川,4,一般,晴,南,2,2,1,4,5234,塚 越 海 斗,30,76,6.73,4,0.30,1.50.1,4-1-5,5670,22,4-1,1940,10,1-4-5,920,2,1-4,760,2,,,,,,,
20250831,多摩川,4,一般,晴,南,2,2,2,1,5179,藤 本 元 輝,39,53,6.80,1,0.28,1.52.8,4-1-5,5670,22,4-1,1940,10,1-4-5,920,2,1-4,760,2,,,,,,,
20250831,多摩川,4,一般,晴,南,2,2,3,5,5166,仲 道 大 輔,19,78,6.71,5,0.37,1.53.6,4-1-5,5670,22,4-1,1940,10,1-4-5,920,2,1-4,760,2,,,,,,,
20250831,多摩川,4,一般,晴,南,2,2,4,2,5190,大 月 遊 雅,51,52,6.70,2,0.29,1.54.3,4-1-5,5670,22,4-1,1940,10,1-4-5,920,2,1-4,760,2,,,,,,,
20250831,多摩川,4,一般,晴,南,2,2,5,3,5076,石 原 光,38,30,6.80,3,0.29,,4-1-5,5670,22,4-1,1940,10,1-4-5,920,2,1-4,760,2,,,,,,,
20250831,多摩川,4,一般,晴,南,2,2,6,6,5087,佐 藤 航,64,38,6.78,6,0.36,,4-1-5,5670,22,4-1,1940,10,1-4-5,920,2,1-4,760,2,,,,,,,
20250831,多摩川,5,一般,晴,南,1,2,1,1,5135,仲 航 太,41,33,6.77,1,0.07,1.49.8,1-6-3,2880,10,1-6,510,2,1-3-6,1170,6,1-6,400,2,,,,,,,
20250831,多摩川,5,一般,晴,南,1,2,2,6,5058,前 原 大 道,68,46,6.68,4,0.15,1.50.5,1-6-3,2880,10,1-6,510,2,1-3-6,1170,6,1-6,400,2,,,,,,,
20250831,多摩川,5,一般,晴,南,1,2,3,3,5242,高 山 弘 斗,29,71,6.77,3,0.17,1.53.3,1-6-3,2880,10,1-6,510,2,1-3-6,1170,6,1-6,400,2,,,,,,,
20250831,多摩川,5,一般,晴,南,1,2,4,2,5226,藤 田 俊 祐,44,59,6.75,2,0.25,1.53.5,1-6-3,2880,10,1-6,510,2,1-3-6,1170,6,1-6,400,2,,,,,,,
20250831,多摩川,5,一般,晴,南,1,2,5,5,5236,小 宮 涼 雅,50,67,6.76,6,0.13,,1-6-3,2880,10,1-6,510,2,1-3-6,1170,6,1-6,400,2,,,,,,,
20250831,多摩川,5,一般,晴,南,1,2,6,4,5294,豊 田 祥 生,49,35,6.80,5,0.14,,1-6-3,2880,10,1-6,510,2,1-3-6,1170,6,1-6,400,2,,,,,,,
20250831,多摩川,6,一般,晴,南,1,2,1,3,5279,石 渡 翔一郎,43,21,6.75,3,0.10,1.49.3,3-1-2,6530,29,3-1,1340,5,1-2-3,940,4,1-3,590,3,,,,,,,
20250831,多摩川,6,一般,晴,南,1,2,2,1,5130,上 野 拓 馬,70,64,6.71,1,0.11,1.51.7,3-1-2,6530,29,3-1,1340,5,1-2-3,940,4,1-3,590,3,,,,,,,
20250831,多摩川,6,一般,晴,南,1,2,3,2,5125,高 井 雄 基,46,42,6.89,2,0.11,1.52.3,3-1-2,6530,29,3-1,1340,5,1-2-3,940,4,1-3,590,3,,,,,,,
20250831,多摩川,6,一般,晴,南,1,2,4,4,5256,中 山 翔 太,57,29,6.72,4,0.11,1.54.0,3-1-2,6530,29,3-1,1340,5,1-2-3,940,4,1-3,590,3,,,,,,,
20250831,多摩川,6,一般,晴,南,1,2,5,5,5090,生 方 靖 亜,62,81,6.72,5,0.20,,3-1-2,6530,29,3-1,1340,5,1-2-3,940,4,1-3,590,3,,,,,,,
20250831,多摩川,6,一般,晴,南,1,2,6,6,5044,渡 邉 健,12,49,6.78,6,0.27,,3-1-2,6530,29,3-1,1340,5,1-2-3,940,4,1-3,590,3,,,,,,,
20250831,多摩川,7,一般,晴,南,4,2,1,1,5216,長谷川 晴 哉,26,77,6.71,1,0.23,1.50.4,1-4-2,870,2,1-4,300,1,1-2-4,360,2,1-4,170,1,,,,,,,
20250831,多摩川,7,一般,晴,南,4,2,2,4,4930,佐 藤 悠,55,57,6.65,4,0.26,1.51.9,1-4-2,870,2,1-4,300,1,1-2-4,360,2,1-4,170,1,,,,,,,
20250831,多摩川,7,一般,晴,南,4,2,3,2,5282,中 本 大 樹,61,37,6.73,2,0.30,1.54.5,1-4-2,870,2,1-4,300,1,1-2-4,360,2,1-4,170,1,,,,,,,
20250831,多摩川,7,一般,晴,南,4,2,4,3,5350,網 代 良 芽,47,69,6.70,3,0.28,1.55.3,1-4-2,870,2,1-4,300,1,1-2-4,360,2,1-4,170,1,,,,,,,
20250831,多摩川,7,一般,晴,南,4,2,5,5,5333,山 下 智 己,36,28,6.75,5,0.29,,1-4-2,870,2,1-4,300,1,1-2-4,360,2,1-4,170,1,,,,,,,
20250831,多摩川,7,一般,晴,南,4,2,6,6,5349,宮 崎 奏 磨,25,54,6.86,6,0.31,,1-4-2,870,2,1-4,300,1,1-2-4,360,2,1-4,170,1,,,,,,,
20250831,多摩川,8,一般,晴,南,2,2,1,6,5034,若 林 義 人,42,43,6.73,3,0.06,1.49.4,6-1-2,2230,6,6-1,1170,6,1-2-6,220,1,1-6,440,2,,,,,,,
20250831,多摩川,8,一般,晴,南,2,2,2,1,5167,小 川 竜太朗,14,22,6.70,1,0.12,1.50.9,6-1-2,2230,6,6-1,1170,6,1-2-6,220,1,1-6,440,2,,,,,,,
20250831,多摩川,8,一般,晴,南,2,2,3,2,5114,小 林 孝 彰,18,70,6.68,2,0.09,1.52.4,6-1-2,2230,6,6-1,1170,6,1-2-6,220,1,1-6,440,2,,,,,,,
20250831,多摩川,8,一般,晴,南,2,2,4,4,5120,山 本 稔太朗,17,32,6.78,4,0.08,1.53.4,6-1-2,2230,6,6-1,1170,6,1-2-6,220,1,1-6,440,2,,,,,,,
20250831,多摩川,8,一般,晴,南,2,2,5,5,5179,藤 本 元 輝,39,53,6.76,5,0.05,,6-1-2,2230,6,6-1,1170,6,1-2-6,220,1,1-6,440,2,,,,,,,
20250831,多摩川,8,一般,晴,南,2,2,6,3,5304,井 田 涼 介,37,80,6.79,6,0.15,,6-1-2,2230,6,6-1,1170,6,1-2-6,220,1,1-6,440,2,,,,,,,
20250831,多摩川,9,一般,晴,南,2,2,1,3,5294,豊 田 祥 生,49,35,6.76,3,0.21,1.51.3,3-5-6,7180,30,3-5,2090,9,3-5-6,2190,11,3-5,1870,8,,,,,,,
20250831,多摩川,9,一般,晴,南,2,2,2,5,5096,上 原 崚,32,26,6.74,5,0.12,1.52.1,3-5-6,7180,30,3-5,2090,9,3-5-6,2190,11,3-5,1870,8,,,,,,,
20250831,多摩川,9,一般,晴,南,2,2,3,6,5197,中 野 仁 照,53,47,6.75,6,0.31,1.53.7,3-5-6,7180,30,3-5,2090,9,3-5-6,2190,11,3-5,1870,8,,,,,,,
20250831,多摩川,9,一般,晴,南,2,2,4,4,5070,中 島 航,54,58,6.75,4,0.15,1.54.4,3-5-6,7180,30,3-5,2090,9,3-5-6,2190,11,3-5,1870,8,,,,,,,
20250831,多摩川,9,一般,晴,南,2,2,5,1,5110,杉 山 喜 一,23,68,6.83,1,0.24,,3-5-6,7180,30,3-5,2090,9,3-5-6,2190,11,3-5,1870,8,,,,,,,
20250831,多摩川,9,一般,晴,南,2,2,6,2,5074,大 澤 誠 也,20,79,6.77,2,0.27,,3-5-6,7180,30,3-5,2090,9,3-5-6,2190,11,3-5,1870,8,,,,,,,
20250831,多摩川,10,準優勝戦,晴,南,2,2,1,1,5044,渡 邉 健,12,49,6.74,1,0.13,1.50.5,1-4-3,5020,19,1-4,1270,5,1-3-4,1510,4,1-4,1190,5,,,,,,,
20250831,多摩川,10,準優勝戦,晴,南,2,2,2,4,5076,石 原 光,38,30,6.81,4,0.18,1.51.2,1-4-3,5020,19,1-4,1270,5,1-3-4,1510,4,1-4,1190,5,,,,,,,
20250831,多摩川,10,準優勝戦,晴,南,2,2,3,3,5256,中 山 翔 太,57,29,6.72,3,0.22,1.53.5,1-4-3,5020,19,1-4,1270,5,1-3-4,1510,4,1-4,1190,5,,,,,,,
20250831,多摩川,10,準優勝戦,晴,南,2,2,4,2,5112,砂 長 知 輝,27,75,6.65,2,0.13,1.53.9,1-4-3,5020,19,1-4,1270,5,1-3-4,1510,4,1-4,1190,5,,,,,,,
20250831,多摩川,10,準優勝戦,晴,南,2,2,5,6,5319,近 藤 颯 斗,63,34,6.67,6,0.34,,1-4-3,5020,19,1-4,1270,5,1-3-4,1510,4,1-4,1190,5,,,,,,,
20250831,多摩川,10,準優勝戦,晴,南,2,2,6,5,5190,大 月 遊 雅,51,52,6.71,5,0.28,,1-4-3,5020,19,1-4,1270,5,1-3-4,1510,4,1-4,1190,5,,,,,,,
20250831,多摩川,11,準優勝戦,晴,南,2,2,1,1,5132,中 野 希 一,69,66,6.71,1,0.19,1.49.8,1-2-4,960,3,1-2,330,2,1-2-4,480,3,1-2,240,1,,,,,,,
20250831,多摩川,11,準優勝戦,晴,南,2,2,2,2,5166,仲 道 大 輔,19,78,6.74,2,0.21,1.51.6,1-2-4,960,3,1-2,330,2,1-2-4,480,3,1-2,240,1,,,,,,,
20250831,多摩川,11,準優勝戦,晴,南,2,2,3,4,5075,中 島 秀 治,67,84,6.76,4,0.17,1.52.0,1-2-4,960,3,1-2,330,2,1-2-4,480,3,1-2,240,1,,,,,,,
20250831,多摩川,11,準優勝戦,晴,南,2,2,4,3,5229,吉 川 晴 人,73,31,6.68,3,0.18,1.53.2,1-2-4,960,3,1-2,330,2,1-2-4,480,3,1-2,240,1,,,,,,,
20250831,多摩川,11,準優勝戦,晴,南,2,2,5,6,5216,長谷川 晴 哉,26,77,6.75,6,0.19,,1-2-4,960,3,1-2,330,2,1-2-4,480,3,1-2,240,1,,,,,,,
20250831,多摩川,11,準優勝戦,晴,南,2,2,6,5,5226,藤 田 俊 祐,44,72,6.76,5,0.21,,1-2-4,960,3,1-2,330,2,1-2-4,480,3,1-2,240,1,,,,,,,
20250831,多摩川,12,準優勝戦,晴,南,1,2,1,1,5034,若 林 義 人,42,43,6.71,1,0.11,1.48.9,1-2-3,500,1,1-2,200,1,1-2-3,300,1,1-2,190,1,,,,,,,
20250831,多摩川,12,準優勝戦,晴,南,1,2,2,2,5058,前 原 大 道,68,46,6.71,2,0.12,1.50.5,1-2-3,500,1,1-2,200,1,1-2-3,300,1,1-2,190,1,,,,,,,
20250831,多摩川,12,準優勝戦,晴,南,1,2,3,3,5234,塚 越 海 斗,30,76,6.72,3,0.14,1.52.3,1-2-3,500,1,1-2,200,1,1-2-3,300,1,1-2,190,1,,,,,,,
20250831,多摩川,12,準優勝戦,晴,南,1,2,4,5,5114,小 林 孝 彰,18,70,6.75,5,0.23,1.53.8,1-2-3,500,1,1-2,200,1,1-2-3,300,1,1-2,190,1,,,,,,,
20250831,多摩川,12,準優勝戦,晴,南,1,2,5,6,5135,仲 航 太,41,33,6.80,6,0.25,,1-2-3,500,1,1-2,200,1,1-2-3,300,1,1-2,190,1,,,,,,,
20250831,多摩川,12,準優勝戦,晴,南,1,2,6,4,5279,石 渡 翔一郎,43,21,6.78,4,0.31,,1-2-3,500,1,1-2,200,1,1-2-3,300,1,1-2,190,1,,,,,,,
20250831,大村,1,予選,曇り,北西,1,1,1,1,4909,薮 内 瑞 希,68,78,6.95,1,0.12,1.50.2,1-3-2,2020,7,1-3,360,1,1-2-3,830,5,1-3,220,1,,,,,,,
20250831,大村,1,予選,曇り,北西,1,1,2,3,4934,佐々木 翔 斗,58,25,6.93,3,0.16,1.51.7,1-3-2,2020,7,1-3,360,1,1-2-3,830,5,1-3,220,1,,,,,,,
20250831,大村,1,予選,曇り,北西,1,1,3,2,5237,永 松 良 教,67,53,6.99,2,0.16,1.53.2,1-3-2,2020,7,1-3,360,1,1-2-3,830,5,1-3,220,1,,,,,,,
20250831,大村,1,予選,曇り,北西,1,1,4,4,3539,金 子 順 一,47,38,6.93,4,0.21,1.54.0,1-3-2,2020,7,1-3,360,1,1-2-3,830,5,1-3,220,1,,,,,,,
20250831,大村,1,予選,曇り,北西,1,1,5,5,3489,大 場 敏,36,15,6.97,5,0.19,,1-3-2,2020,7,1-3,360,1,1-2-3,830,5,1-3,220,1,,,,,,,
20250831,大村,1,予選,曇り,北西,1,1,6,6,4314,青 木 幸太郎,75,34,6.93,6,0.29,,1-3-2,2020,7,1-3,360,1,1-2-3,830,5,1-3,220,1,,,,,,,
20250831,大村,2,予選,曇り,北西,1,1,1,4,4352,下 條 雄太郎,66,35,6.92,4,0.11,1.49.9,4-2-5,1420,6,4-2,560,3,2-4-5,520,2,2-4,270,1,,,,,,,
20250831,大村,2,予選,曇り,北西,1,1,2,2,4581,吉 村 誠,25,52,6.89,2,0.15,1.51.8,4-2-5,1420,6,4-2,560,3,2-4-5,520,2,2-4,270,1,,,,,,,
20250831,大村,2,予選,曇り,北西,1,1,3,5,4180,上 野 秀 和,15,54,6.94,5,0.15,1.53.4,4-2-5,1420,6,4-2,560,3,2-4-5,520,2,2-4,270,1,,,,,,,
20250831,大村,2,予選,曇り,北西,1,1,4,1,5165,小 林 愛 実,45,70,6.94,1,0.18,1.53.9,4-2-5,1420,6,4-2,560,3,2-4-5,520,2,2-4,270,1,,,,,,,
20250831,大村,2,予選,曇り,北西,1,1,5,3,3503,堂 原 洋 史,40,17,6.91,3,0.13,,4-2-5,1420,6,4-2,560,3,2-4-5,520,2,2-4,270,1,,,,,,,
20250831,大村,2,予選,曇り,北西,1,1,6,6,4234,野 相 弘 司,71,56,6.99,6,0.16,,4-2-5,1420,6,4-2,560,3,2-4-5,520,2,2-4,270,1,,,,,,,
20250831,大村,3,予選,曇り,南東,1,1,1,1,4948,木 場 悠 介,39,24,6.92,1,0.17,1.50.2,1-4-3,1010,2,1-4,280,1,1-3-4,380,2,1-4,240,1,,,,,,,
20250831,大村,3,予選,曇り,南東,1,1,2,4,4702,三 浦 敬 太,64,50,6.94,4,0.20,1.51.8,1-4-3,1010,2,1-4,280,1,1-3-4,380,2,1-4,240,1,,,,,,,
20250831,大村,3,予選,曇り,南東,1,1,3,3,4866,橋 本 英 一,30,39,6.93,3,0.17,1.53.0,1-4-3,1010,2,1-4,280,1,1-3-4,380,2,1-4,240,1,,,,,,,
20250831,大村,3,予選,曇り,南東,1,1,4,6,4159,向 後 龍 一,60,77,6.98,6,0.24,1.53.7,1-4-3,1010,2,1-4,280,1,1-3-4,380,2,1-4,240,1,,,,,,,
20250831,大村,3,予選,曇り,南東,1,1,5,2,5292,佐 藤 右 京,35,27,6.95,2,0.27,,1-4-3,1010,2,1-4,280,1,1-3-4,380,2,1-4,240,1,,,,,,,
20250831,大村,3,予選,曇り,南東,1,1,6,5,4390,松 本 弓 雄,33,48,7.00,5,0.27,,1-4-3,1010,2,1-4,280,1,1-3-4,380,2,1-4,240,1,,,,,,,
20250831,大村,4,予選,曇り,南東,4,3,1,1,4950,高 岡 竜 也,17,61,6.96,1,0.17,1.53.0,1-2-3,1970,6,1-2,330,1,1-2-3,960,4,1-2,240,1,,,,,,,
20250831,大村,4,予選,曇り,南東,4,3,2,2,4537,渡 邉 和 将,46,33,6.89,2,0.16,1.54.6,1-2-3,1970,6,1-2,330,1,1-2-3,960,4,1-2,240,1,,,,,,,
20250831,大村,4,予選,曇り,南東,4,3,3,3,3602,奥 平 拓 也,59,47,7.04,3,0.21,1.55.8,1-2-3,1970,6,1-2,330,1,1-2-3,960,4,1-2,240,1,,,,,,,
20250831,大村,4,予選,曇り,南東,4,3,4,6,4547,中 田 竜 太,31,60,6.93,6,0.23,1.57.9,1-2-3,1970,6,1-2,330,1,1-2-3,960,4,1-2,240,1,,,,,,,
20250831,大村,4,予選,曇り,南東,4,3,5,4,3915,繁野谷 圭 介,23,71,6.94,4,0.21,,1-2-3,1970,6,1-2,330,1,1-2-3,960,4,1-2,240,1,,,,,,,
20250831,大村,5,予選,曇り,南東,4,3,1,5,4700,金 子 和 之,52,69,7.00,5,0.06,1.49.1,5-3-6,62710,90,5-3,4090,14,3-5-6,12570,19,3-5,6570,10,,,,,,,
20250831,大村,5,予選,曇り,南東,4,3,2,3,3546,中 里 昌 志,18,40,7.02,3,0.07,1.51.9,5-3-6,62710,90,5-3,4090,14,3-5-6,12570,19,3-5,6570,10,,,,,,,
20250831,大村,5,予選,曇り,南東,4,3,3,6,4112,大久保 信一郎,63,68,6.98,6,0.11,1.52.3,5-3-6,62710,90,5-3,4090,14,3-5-6,12570,19,3-5,6570,10,,,,,,,
20250831,大村,5,予選,曇り,南東,4,3,4,2,4598,加 藤 政 彦,65,12,6.94,2,0.09,1.53.0,5-3-6,62710,90,5-3,4090,14,3-5-6,12570,19,3-5,6570,10,,,,,,,
20250831,大村,5,予選,曇り,南東,4,3,5,1,3432,宮 迫 暢 彦,53,20,6.94,1,0.05,,5-3-6,62710,90,5-3,4090,14,3-5-6,12570,19,3-5,6570,10,,,,,,,
20250831,大村,5,予選,曇り,南東,4,3,6,4,5055,眞 鳥 章 太,32,23,6.99,4,0.04,,5-3-6,62710,90,5-3,4090,14,3-5-6,12570,19,3-5,6570,10,,,,,,,
20250831,大村,6,予選,曇り,南東,2,1,1,1,4812,西 野 雄 貴,73,73,6.92,1,0.04,1.49.5,1-3-4,750,2,1-3,270,1,1-3-4,420,2,1-3,170,1,,,,,,,
20250831,大村,6,予選,曇り,南東,2,1,2,3,3898,平 田 忠 則,74,32,6.96,3,0.02,1.50.8,1-3-4,750,2,1-3,270,1,1-3-4,420,2,1-3,170,1,,,,,,,
20250831,大村,6,予選,曇り,南東,2,1,3,4,5027,重 冨 勇 哉,56,66,6.93,4,0.12,1.51.8,1-3-4,750,2,1-3,270,1,1-3-4,420,2,1-3,170,1,,,,,,,
20250831,大村,6,予選,曇り,南東,2,1,4,5,4682,大 上 卓 人,54,28,6.98,5,0.07,1.52.7,1-3-4,750,2,1-3,270,1,1-3-4,420,2,1-3,170,1,,,,,,,
20250831,大村,6,予選,曇り,南東,2,1,5,2,3808,秋 田 健太郎,44,36,7.00,2,0.04,,1-3-4,750,2,1-3,270,1,1-3-4,420,2,1-3,170,1,,,,,,,
20250831,大村,6,予選,曇り,南東,2,1,6,6,3539,金 子 順 一,47,38,7.00,6,0.14,,1-3-4,750,2,1-3,270,1,1-3-4,420,2,1-3,170,1,,,,,,,
20250831,大村,7,予選 進入固定,曇り,南東,1,1,1,2,4352,下 條 雄太郎,66,35,6.88,2,0.26,1.50.2,2-1-4,970,4,2-1,320,2,1-2-4,340,2,1-2,130,1,,,,,,,
20250831,大村,7,予選 進入固定,曇り,南東,1,1,2,1,3489,大 場 敏,36,15,6.89,1,0.25,1.50.9,2-1-4,970,4,2-1,320,2,1-2-4,340,2,1-2,130,1,,,,,,,
20250831,大村,7,予選 進入固定,曇り,南東,1,1,3,4,4866,橋 本 英 一,30,39,6.93,4,0.27,1.52.3,2-1-4,970,4,2-1,320,2,1-2-4,340,2,1-2,130,1,,,,,,,
20250831,大村,7,予選 進入固定,曇り,南東,1,1,4,3,4423,坂 口 貴 彦,34,63,6.91,3,0.31,1.53.9,2-1-4,970,4,2-1,320,2,1-2-4,340,2,1-2,130,1,,,,,,,
20250831,大村,7,予選 進入固定,曇り,南東,1,1,5,6,5117,冨名腰 桃 奈,55,51,6.98,6,0.33,,2-1-4,970,4,2-1,320,2,1-2-4,340,2,1-2,130,1,,,,,,,
20250831,大村,7,予選 進入固定,曇り,南東,1,1,6,5,4031,飯 島 誠,14,16,6.95,5,0.29,,2-1-4,970,4,2-1,320,2,1-2-4,340,2,1-2,130,1,,,,,,,
20250831,大村,8,予選,曇り,南東,3,2,1,4,4320,峰 竜 太,27,45,6.88,4,0.12,1.49.4,4-2-1,1830,7,4-2,630,3,1-2-4,500,3,2-4,550,3,,,,,,,
20250831,大村,8,予選,曇り,南東,3,2,2,2,3503,堂 原 洋 史,40,17,6.88,2,0.07,1.51.6,4-2-1,1830,7,4-2,630,3,1-2-4,500,3,2-4,550,3,,,,,,,
20250831,大村,8,予選,曇り,南東,3,2,3,1,3797,岩 井 繁,22,37,6.95,1,0.14,1.53.2,4-2-1,1830,7,4-2,630,3,1-2-4,500,3,2-4,550,3,,,,,,,
20250831,大村,8,予選,曇り,南東,3,2,4,5,4501,樋 口 由加里,57,22,6.92,5,0.16,1.54.0,4-2-1,1830,7,4-2,630,3,1-2-4,500,3,2-4,550,3,,,,,,,
20250831,大村,8,予選,曇り,南東,3,2,5,3,4390,松 本 弓 雄,33,48,6.94,3,0.24,,4-2-1,1830,7,4-2,630,3,1-2-4,500,3,2-4,550,3,,,,,,,
20250831,大村,8,予選,曇り,南東,3,2,6,6,5230,石 原 凪 紗,16,64,6.87,6,0.22,,4-2-1,1830,7,4-2,630,3,1-2-4,500,3,2-4,550,3,,,,,,,
20250831,大村,9,予選特賞,曇り,南東,1,1,1,5,4566,塩 田 北 斗,24,13,6.85,5,0.04,1.49.8,5-2-6,26170,34,5-2,3330,8,2-5-6,10910,14,2-5,2100,4,,,,,,,
20250831,大村,9,予選特賞,曇り,南東,1,1,2,2,4950,高 岡 竜 也,17,61,6.88,2,0.09,1.50.9,5-2-6,26170,34,5-2,3330,8,2-5-6,10910,14,2-5,2100,4,,,,,,,
20250831,大村,9,予選特賞,曇り,南東,1,1,3,6,5237,永 松 良 教,67,53,6.94,6,0.12,1.51.7,5-2-6,26170,34,5-2,3330,8,2-5-6,10910,14,2-5,2100,4,,,,,,,
20250831,大村,9,予選特賞,曇り,南東,1,1,4,1,4760,山 崎 郡,38,19,6.89,1,0.09,1.53.3,5-2-6,26170,34,5-2,3330,8,2-5-6,10910,14,2-5,2100,4,,,,,,,
20250831,大村,9,予選特賞,曇り,南東,1,1,5,3,4180,上 野 秀 和,15,54,6.95,3,0.10,,5-2-6,26170,34,5-2,3330,8,2-5-6,10910,14,2-5,2100,4,,,,,,,
20250831,大村,9,予選特賞,曇り,南東,1,1,6,4,5292,佐 藤 右 京,35,27,6.91,4,0.16,,5-2-6,26170,34,5-2,3330,8,2-5-6,10910,14,2-5,2100,4,,,,,,,
20250831,大村,10,予選特選,曇り,南東,1,1,1,4,4959,井 上 忠 政,28,58,6.86,4,0.04,1.49.8,4-1-2,3980,12,4-1,890,4,1-2-4,390,1,1-4,240,1,,,,,,,
20250831,大村,10,予選特選,曇り,南東,1,1,2,1,4700,金 子 和 之,52,69,6.94,1,0.11,1.50.8,4-1-2,3980,12,4-1,890,4,1-2-4,390,1,1-4,240,1,,,,,,,
20250831,大村,10,予選特選,曇り,南東,1,1,3,2,4314,青 木 幸太郎,75,34,6.98,2,0.08,1.52.3,4-1-2,3980,12,4-1,890,4,1-2-4,390,1,1-4,240,1,,,,,,,
20250831,大村,10,予選特選,曇り,南東,1,1,4,3,4994,山 本 梨 菜,76,11,6.95,3,0.14,1.53.4,4-1-2,3980,12,4-1,890,4,1-2-4,390,1,1-4,240,1,,,,,,,
20250831,大村,10,予選特選,曇り,南東,1,1,5,6,4682,大 上 卓 人,54,28,6.95,6,0.11,,4-1-2,3980,12,4-1,890,4,1-2-4,390,1,1-4,240,1,,,,,,,
20250831,大村,10,予選特選,曇り,南東,1,1,6,5,4948,木 場 悠 介,39,24,6.94,5,0.09,,4-1-2,3980,12,4-1,890,4,1-2-4,390,1,1-4,240,1,,,,,,,
20250831,大村,11,予選特選,曇り,南東,1,1,1,1,3898,平 田 忠 則,74,32,6.87,1,0.04,1.49.2,1-4-3,1190,5,1-4,320,1,1-3-4,510,3,1-4,200,1,,,,,,,
20250831,大村,11,予選特選,曇り,南東,1,1,2,4,4547,中 田 竜 太,31,60,6.91,4,0.15,1.50.1,1-4-3,1190,5,1-4,320,1,1-3-4,510,3,1-4,200,1,,,,,,,
20250831,大村,11,予選特選,曇り,南東,1,1,3,3,5055,眞 鳥 章 太,32,23,6.93,3,0.07,1.51.7,1-4-3,1190,5,1-4,320,1,1-3-4,510,3,1-4,200,1,,,,,,,
20250831,大村,11,予選特選,曇り,南東,1,1,4,5,4934,佐々木 翔 斗,58,25,6.93,5,0.14,1.52.2,1-4-3,1190,5,1-4,320,1,1-3-4,510,3,1-4,200,1,,,,,,,
20250831,大村,11,予選特選,曇り,南東,1,1,5,2,4159,向 後 龍 一,60,77,6.93,2,0.02,,1-4-3,1190,5,1-4,320,1,1-3-4,510,3,1-4,200,1,,,,,,,
20250831,大村,11,予選特選,曇り,南東,1,1,6,6,4581,吉 村 誠,25,52,6.92,6,0.07,,1-4-3,1190,5,1-4,320,1,1-3-4,510,3,1-4,200,1,,,,,,,
20250831,大村,12,一般特賞,曇り,南東,1,1,1,3,4320,峰 竜 太,27,45,6.86,3,0.03,1.48.6,3-1-6,700,2,3-1,200,1,1-3-6,290,1,1-3,110,1,,,,,,,
20250831,大村,12,一般特賞,曇り,南東,1,1,2,1,4702,三 浦 敬 太,64,50,6.91,1,0.06,1.50.4,3-1-6,700,2,3-1,200,1,1-3-6,290,1,1-3,110,1,,,,,,,
20250831,大村,12,一般特賞,曇り,南東,1,1,3,6,4598,加 藤 政 彦,65,12,6.91,5,0.19,1.52.7,3-1-6,700,2,3-1,200,1,1-3-6,290,1,1-3,110,1,,,,,,,
20250831,大村,12,一般特賞,曇り,南東,1,1,4,5,5027,重 冨 勇 哉,56,66,6.92,6,0.23,1.54.4,3-1-6,700,2,3-1,200,1,1-3-6,290,1,1-3,110,1,,,,,,,
20250831,大村,12,一般特賞,曇り,南東,1,1,5,2,4031,飯 島 誠,14,16,6.96,2,0.02,,3-1-6,700,2,3-1,200,1,1-3-6,290,1,1-3,110,1,,,,,,,
20250831,大村,12,一般特賞,曇り,南東,1,1,6,4,5272,松 田 真 実,50,26,6.92,4,0.16,,3-1-6,700,2,3-1,200,1,1-3-6,290,1,1-3,110,1,,,,,,,
20250831,宮島,1,ファーストＢ,晴,北東,2,2,1,1,3992,関 口 智 久,38,67,6.76,1,0.08,1.52.0,1-5-2,4730,15,1-5,690,3,1-2-5,1300,6,1-5,560,3,,,,,,,
20250831,宮島,1,ファーストＢ,晴,北東,2,2,2,5,4506,稗 田 聖 也,34,15,6.78,5,0.14,1.52.9,1-5-2,4730,15,1-5,690,3,1-2-5,1300,6,1-5,560,3,,,,,,,
20250831,宮島,1,ファーストＢ,晴,北東,2,2,3,2,4992,廣 瀬 篤 哉,82,23,6.79,2,0.10,1.55.0,1-5-2,4730,15,1-5,690,3,1-2-5,1300,6,1-5,560,3,,,,,,,
20250831,宮島,1,ファーストＢ,晴,北東,2,2,4,3,4403,木 下 大 將,74,31,6.80,3,0.10,1.55.6,1-5-2,4730,15,1-5,690,3,1-2-5,1300,6,1-5,560,3,,,,,,,
20250831,宮島,1,ファーストＢ,晴,北東,2,2,5,4,4520,高 倉 孝 太,65,56,6.76,4,0.13,1.56.7,1-5-2,4730,15,1-5,690,3,1-2-5,1300,6,1-5,560,3,,,,,,,
20250831,宮島,1,ファーストＢ,晴,北東,2,2,6,6,4651,佐 藤 大 騎,56,51,6.72,6,0.11,1.59.4,1-5-2,4730,15,1-5,690,3,1-2-5,1300,6,1-5,560,3,,,,,,,
20250831,宮島,2,一般戦,晴,無風,0,1,1,2,3664,鈴 木 賢 一,55,19,6.84,2,0.18,1.51.9,2-1-5,4800,17,2-1,1100,5,1-2-5,970,5,1-2,310,2,,,,,,,
20250831,宮島,2,一般戦,晴,無風,0,1,2,1,3582,吉 川 昭 男,26,66,6.80,1,0.09,1.52.3,2-1-5,4800,17,2-1,1100,5,1-2-5,970,5,1-2,310,2,,,,,,,
20250831,宮島,2,一般戦,晴,無風,0,1,3,5,4273,佐 藤 旭,19,54,6.82,5,0.17,1.53.2,2-1-5,4800,17,2-1,1100,5,1-2-5,970,5,1-2,310,2,,,,,,,
20250831,宮島,2,一般戦,晴,無風,0,1,4,4,4410,井 上 大 輔,70,33,6.92,4,0.14,1.55.1,2-1-5,4800,17,2-1,1100,5,1-2-5,970,5,1-2,310,2,,,,,,,
20250831,宮島,2,一般戦,晴,無風,0,1,5,3,4151,下 河 誉 史,35,59,6.80,3,0.18,1.56.4,2-1-5,4800,17,2-1,1100,5,1-2-5,970,5,1-2,310,2,,,,,,,
20250831,宮島,2,一般戦,晴,無風,0,1,6,6,4695,尾 崎 雄 二,68,38,6.80,6,0.17,1.59.2,2-1-5,4800,17,2-1,1100,5,1-2-5,970,5,1-2,310,2,,,,,,,
20250831,宮島,3,一般戦,晴,無風,0,1,1,2,3990,芹 澤 克 彦,62,69,6.85,2,0.09,1.58.3,2-5-6,53260,94,2-5,8760,23,2-5-6,5030,16,2-5,2290,9,,,,,,,
20250831,宮島,3,一般戦,晴,無風,0,1,2,5,4052,興 津 藍,71,16,6.77,5,0.13,2.01.9,2-5-6,53260,94,2-5,8760,23,2-5-6,5030,16,2-5,2290,9,,,,,,,
20250831,宮島,3,一般戦,晴,無風,0,1,3,6,5298,水 谷 理 人,79,14,6.72,6,0.09,2.04.2,2-5-6,53260,94,2-5,8760,23,2-5-6,5030,16,2-5,2290,9,,,,,,,
20250831,宮島,3,一般戦,晴,無風,0,1,4,4,4711,前 出 達 吉,29,79,6.78,4,0.10,2.05.7,2-5-6,53260,94,2-5,8760,23,2-5-6,5030,16,2-5,2290,9,,,,,,,
20250831,宮島,3,一般戦,晴,無風,0,1,5,3,5039,倉 田 茂 将,31,29,6.79,3,0.08,2.10.9,2-5-6,53260,94,2-5,8760,23,2-5-6,5030,16,2-5,2290,9,,,,,,,
20250831,宮島,4,一般戦,晴,南西,3,3,1,1,4302,西 野 翔 太,58,30,6.72,1,0.21,1.51.8,1-2-5,2670,14,1-2,540,2,1-2-5,1120,8,1-2,310,2,,,,,,,
20250831,宮島,4,一般戦,晴,南西,3,3,2,2,3687,花 田 和 明,18,20,6.76,2,0.17,1.53.5,1-2-5,2670,14,1-2,540,2,1-2-5,1120,8,1-2,310,2,,,,,,,
20250831,宮島,4,一般戦,晴,南西,3,3,3,5,4022,待 鳥 雄 紀,16,73,6.74,5,0.13,1.54.0,1-2-5,2670,14,1-2,540,2,1-2-5,1120,8,1-2,310,2,,,,,,,
20250831,宮島,4,一般戦,晴,南西,3,3,4,4,3297,藤 丸 光 一,66,76,6.73,3,0.15,1.54.2,1-2-5,2670,14,1-2,540,2,1-2-5,1120,8,1-2,310,2,,,,,,,
20250831,宮島,4,一般戦,晴,南西,3,3,5,6,3952,中 澤 和 志,11,27,6.82,6,0.17,1.55.8,1-2-5,2670,14,1-2,540,2,1-2-5,1120,8,1-2,310,2,,,,,,,
20250831,宮島,4,一般戦,晴,南西,3,3,6,3,4318,桑 原 将 光,50,17,6.79,4,0.15,2.00.5,1-2-5,2670,14,1-2,540,2,1-2-5,1120,8,1-2,310,2,,,,,,,
20250831,宮島,5,ランチタイム,晴,南西,3,3,1,1,4172,森 定 晃 史,67,37,6.73,1,0.14,1.51.7,1-2-3,460,1,1-2,260,1,1-2-3,280,1,1-2,140,1,,,,,,,
20250831,宮島,5,ランチタイム,晴,南西,3,3,2,2,4593,小 坂 宗 司,69,36,6.76,2,0.18,1.52.2,1-2-3,460,1,1-2,260,1,1-2-3,280,1,1-2,140,1,,,,,,,
20250831,宮島,5,ランチタイム,晴,南西,3,3,3,3,4821,妻 鳥 晋 也,59,11,6.75,3,0.22,1.54.7,1-2-3,460,1,1-2,260,1,1-2-3,280,1,1-2,140,1,,,,,,,
20250831,宮島,5,ランチタイム,晴,南西,3,3,4,5,3828,明 石 正 之,22,32,6.73,5,0.29,1.55.8,1-2-3,460,1,1-2,260,1,1-2-3,280,1,1-2,140,1,,,,,,,
20250831,宮島,5,ランチタイム,晴,南西,3,3,5,6,4416,三 宅 健 太,37,57,6.75,6,0.24,1.57.2,1-2-3,460,1,1-2,260,1,1-2-3,280,1,1-2,140,1,,,,,,,
20250831,宮島,5,ランチタイム,晴,南西,3,3,6,4,4992,廣 瀬 篤 哉,82,23,6.75,4,0.25,1.57.5,1-2-3,460,1,1-2,260,1,1-2-3,280,1,1-2,140,1,,,,,,,
20250831,宮島,6,一般戦,晴,南,2,2,1,2,4506,稗 田 聖 也,34,15,6.73,3,0.07,1.51.4,2-3-6,6580,25,2-3,1960,8,2-3-6,1220,6,2-3,1430,6,,,,,,,
20250831,宮島,6,一般戦,晴,南,2,2,2,3,4520,高 倉 孝 太,65,56,6.78,4,0.20,1.52.9,2-3-6,6580,25,2-3,1960,8,2-3-6,1220,6,2-3,1430,6,,,,,,,
20250831,宮島,6,一般戦,晴,南,2,2,3,6,3024,西 島 義 則,30,74,6.80,2,0.17,1.54.3,2-3-6,6580,25,2-3,1960,8,2-3-6,1220,6,2-3,1430,6,,,,,,,
20250831,宮島,6,一般戦,晴,南,2,2,4,4,4523,中 村 辰 也,51,82,6.81,5,0.15,1.55.1,2-3-6,6580,25,2-3,1960,8,2-3-6,1220,6,2-3,1430,6,,,,,,,
20250831,宮島,6,一般戦,晴,南,2,2,5,1,5115,香 川 颯 太,15,28,6.68,1,0.20,1.55.4,2-3-6,6580,25,2-3,1960,8,2-3-6,1220,6,2-3,1430,6,,,,,,,
20250831,宮島,6,一般戦,晴,南,2,2,6,5,4410,井 上 大 輔,70,33,6.71,6,0.10,1.58.2,2-3-6,6580,25,2-3,1960,8,2-3-6,1220,6,2-3,1430,6,,,,,,,
20250831,宮島,7,一般戦,晴,南西,3,3,1,1,4748,渡 邉 雄 朗,77,53,6.75,1,0.15,1.52.4,1-2-3,1250,7,1-2,460,3,1-2-3,760,5,1-2,460,3,,,,,,,
20250831,宮島,7,一般戦,晴,南西,3,3,2,2,5286,坂 井 滉 哉,21,62,6.77,2,0.24,1.52.8,1-2-3,1250,7,1-2,460,3,1-2-3,760,5,1-2,460,3,,,,,,,
20250831,宮島,7,一般戦,晴,南西,3,3,3,3,4695,尾 崎 雄 二,68,38,6.79,3,0.17,1.54.1,1-2-3,1250,7,1-2,460,3,1-2-3,760,5,1-2,460,3,,,,,,,
20250831,宮島,7,一般戦,晴,南西,3,3,4,4,4151,下 河 誉 史,35,59,6.84,4,0.33,1.55.0,1-2-3,1250,7,1-2,460,3,1-2-3,760,5,1-2,460,3,,,,,,,
20250831,宮島,7,一般戦,晴,南西,3,3,5,5,3990,芹 澤 克 彦,62,69,6.76,5,0.27,1.56.5,1-2-3,1250,7,1-2,460,3,1-2-3,760,5,1-2,460,3,,,,,,,
20250831,宮島,7,一般戦,晴,南西,3,3,6,6,3054,北 川 幸 典,36,18,6.82,6,0.32,1.58.1,1-2-3,1250,7,1-2,460,3,1-2-3,760,5,1-2,460,3,,,,,,,
20250831,宮島,8,一般戦,晴,南,1,1,1,2,4318,桑 原 将 光,50,17,6.83,2,0.22,1.52.2,2-1-3,3280,10,2-1,1640,4,1-2-3,260,1,1-2,340,2,,,,,,,
20250831,宮島,8,一般戦,晴,南,1,1,2,1,5172,田 村 慶,63,13,6.74,1,0.35,1.53.4,2-1-3,3280,10,2-1,1640,4,1-2-3,260,1,1-2,340,2,,,,,,,
20250831,宮島,8,一般戦,晴,南,1,1,3,3,4711,前 出 達 吉,29,79,6.77,3,0.29,1.54.7,2-1-3,3280,10,2-1,1640,4,1-2-3,260,1,1-2,340,2,,,,,,,
20250831,宮島,8,一般戦,晴,南,1,1,4,5,3687,花 田 和 明,18,20,6.76,4,0.28,1.55.6,2-1-3,3280,10,2-1,1640,4,1-2-3,260,1,1-2,340,2,,,,,,,
20250831,宮島,8,一般戦,晴,南,1,1,5,6,3352,小 川 晃 司,25,52,6.84,6,0.31,1.55.8,2-1-3,3280,10,2-1,1640,4,1-2-3,260,1,1-2,340,2,,,,,,,
20250831,宮島,8,一般戦,晴,南,1,1,6,4,4651,佐 藤 大 騎,56,51,6.72,5,0.21,2.00.6,2-1-3,3280,10,2-1,1640,4,1-2-3,260,1,1-2,340,2,,,,,,,
20250831,宮島,9,宮島特選,晴,南西,2,2,1,1,4052,興 津 藍,71,16,6.78,1,0.19,1.52.0,1-5-2,2230,10,1-5,880,4,1-2-5,760,4,1-5,700,3,,,,,,,
20250831,宮島,9,宮島特選,晴,南西,2,2,2,5,4403,木 下 大 將,74,31,6.75,5,0.16,1.53.2,1-5-2,2230,10,1-5,880,4,1-2-5,760,4,1-5,700,3,,,,,,,
20250831,宮島,9,宮島特選,晴,南西,2,2,3,2,4022,待 鳥 雄 紀,16,73,6.80,2,0.22,1.54.5,1-5-2,2230,10,1-5,880,4,1-2-5,760,4,1-5,700,3,,,,,,,
20250831,宮島,9,宮島特選,晴,南西,2,2,4,6,4593,小 坂 宗 司,69,36,6.84,6,0.22,1.55.3,1-5-2,2230,10,1-5,880,4,1-2-5,760,4,1-5,700,3,,,,,,,
20250831,宮島,9,宮島特選,晴,南西,2,2,5,4,3685,荒 井 輝 年,13,77,6.82,4,0.14,1.56.0,1-5-2,2230,10,1-5,880,4,1-2-5,760,4,1-5,700,3,,,,,,,
20250831,宮島,9,宮島特選,晴,南西,2,2,6,3,4273,佐 藤 旭,19,54,6.76,3,0.20,1.56.5,1-5-2,2230,10,1-5,880,4,1-2-5,760,4,1-5,700,3,,,,,,,
20250831,宮島,10,選抜戦,晴,南西,1,1,1,5,4821,妻 鳥 晋 也,59,11,6.85,5,0.12,1.51.6,5-6-2,29410,79,5-6,9130,25,2-5-6,2390,13,5-6,5360,14,,,,,,,
20250831,宮島,10,選抜戦,晴,南西,1,1,2,6,5115,香 川 颯 太,15,28,6.77,6,0.17,1.52.8,5-6-2,29410,79,5-6,9130,25,2-5-6,2390,13,5-6,5360,14,,,,,,,
20250831,宮島,10,選抜戦,晴,南西,1,1,3,2,4302,西 野 翔 太,58,30,6.80,3,0.22,1.55.0,5-6-2,29410,79,5-6,9130,25,2-5-6,2390,13,5-6,5360,14,,,,,,,
20250831,宮島,10,選抜戦,晴,南西,1,1,4,1,5298,水 谷 理 人,79,14,6.83,1,0.39,1.55.1,5-6-2,29410,79,5-6,9130,25,2-5-6,2390,13,5-6,5360,14,,,,,,,
20250831,宮島,10,選抜戦,晴,南西,1,1,5,3,3992,関 口 智 久,38,67,6.80,4,0.22,1.56.5,5-6-2,29410,79,5-6,9130,25,2-5-6,2390,13,5-6,5360,14,,,,,,,
20250831,宮島,10,選抜戦,晴,南西,1,1,6,4,3582,吉 川 昭 男,26,66,6.77,2,0.32,1.58.3,5-6-2,29410,79,5-6,9130,25,2-5-6,2390,13,5-6,5360,14,,,,,,,
20250831,宮島,11,選抜戦,晴,南西,1,1,1,6,3664,鈴 木 賢 一,55,19,6.83,3,0.08,1.51.6,6-3-1,40000,75,6-3,13030,26,1-3-6,2520,10,3-6,6110,11,,,,,,,
20250831,宮島,11,選抜戦,晴,南西,1,1,2,3,4172,森 定 晃 史,67,37,6.82,5,0.10,1.52.9,6-3-1,40000,75,6-3,13030,26,1-3-6,2520,10,3-6,6110,11,,,,,,,
20250831,宮島,11,選抜戦,晴,南西,1,1,3,1,3024,西 島 義 則,30,74,6.83,1,0.10,1.54.6,6-3-1,40000,75,6-3,13030,26,1-3-6,2520,10,3-6,6110,11,,,,,,,
20250831,宮島,11,選抜戦,晴,南西,1,1,4,5,5039,倉 田 茂 将,31,29,6.84,2,0.11,1.55.3,6-3-1,40000,75,6-3,13030,26,1-3-6,2520,10,3-6,6110,11,,,,,,,
20250831,宮島,11,選抜戦,晴,南西,1,1,5,4,5172,田 村 慶,63,13,6.79,6,0.15,1.55.8,6-3-1,40000,75,6-3,13030,26,1-3-6,2520,10,3-6,6110,11,,,,,,,
20250831,宮島,11,選抜戦,晴,南西,1,1,6,2,4748,渡 邉 雄 朗,77,53,6.73,4,0.05,1.57.9,6-3-1,40000,75,6-3,13030,26,1-3-6,2520,10,3-6,6110,11,,,,,,,
20250831,宮島,12,優勝戦,晴,南,3,3,1,2,4356,長 岡 良 也,60,58,6.77,2,0.00,1.50.3,2-4-6,57530,89,2-4,7470,19,2-4-6,8140,18,2-4,2200,8,,,,,,,
20250831,宮島,12,優勝戦,晴,南,3,3,2,4,4294,古 賀 繁 輝,53,60,6.84,5,0.07,1.52.1,2-4-6,57530,89,2-4,7470,19,2-4-6,8140,18,2-4,2200,8,,,,,,,
20250831,宮島,12,優勝戦,晴,南,3,3,3,6,4118,宇佐見 淳,73,64,6.85,6,0.16,1.53.1,2-4-6,57530,89,2-4,7470,19,2-4-6,8140,18,2-4,2200,8,,,,,,,
20250831,宮島,12,優勝戦,晴,南,3,3,4,3,3920,正 木 聖 賢,28,81,6.84,3,0.11,1.54.4,2-4-6,57530,89,2-4,7470,19,2-4-6,8140,18,2-4,2200,8,,,,,,,
20250831,宮島,12,優勝戦,晴,南,3,3,5,5,3960,菊 地 孝 平,27,21,6.77,4,0.05,1.54.8,2-4-6,57530,89,2-4,7470,19,2-4-6,8140,18,2-4,2200,8,,,,,,,
20250831,宮島,12,優勝戦,晴,南,3,3,6,1,4715,村 上 遼,78,39,6.78,1,0.02,1.56.7,2-4-6,57530,89,2-4,7470,19,2-4-6,8140,18,2-4,2200,8,,,,,,,
20250831,常滑,1,朝トコ小判Ｒ,晴,南西,3,1,1,1,4311,岡 村 仁,8,31,6.83,1,0.07,1.49.7,1-2-3,1390,7,1-2,430,3,1-2-3,520,2,1-2,370,3,,,,,,,
20250831,常滑,1,朝トコ小判Ｒ,晴,南西,3,1,2,2,3790,佐 口 達 也,41,34,6.84,2,0.11,1.52.2,1-2-3,1390,7,1-2,430,3,1-2-3,520,2,1-2,370,3,,,,,,,
20250831,常滑,1,朝トコ小判Ｒ,晴,南西,3,1,3,3,5254,羽 田 妃 希,22,65,6.81,3,0.16,1.53.0,1-2-3,1390,7,1-2,430,3,1-2-3,520,2,1-2,370,3,,,,,,,
20250831,常滑,1,朝トコ小判Ｒ,晴,南西,3,1,4,5,4449,中 嶋 達 也,15,62,6.82,5,0.08,1.55.0,1-2-3,1390,7,1-2,430,3,1-2-3,520,2,1-2,370,3,,,,,,,
20250831,常滑,1,朝トコ小判Ｒ,晴,南西,3,1,5,4,4527,高 野 心 吾,61,14,6.79,4,0.12,,1-2-3,1390,7,1-2,430,3,1-2-3,520,2,1-2,370,3,,,,,,,
20250831,常滑,1,朝トコ小判Ｒ,晴,南西,3,1,6,6,5337,出 畑 孝 成,21,17,6.86,6,0.21,,1-2-3,1390,7,1-2,430,3,1-2-3,520,2,1-2,370,3,,,,,,,
20250831,常滑,2,予選,晴,南西,3,1,1,1,4594,谷 川 祐 一,53,27,6.77,1,0.07,1.50.6,1-2-5,1930,6,1-2,830,3,1-2-5,540,3,1-2,1010,3,,,,,,,
20250831,常滑,2,予選,晴,南西,3,1,2,2,4331,三 好 勇 人,46,19,6.80,3,0.15,1.52.2,1-2-5,1930,6,1-2,830,3,1-2-5,540,3,1-2,1010,3,,,,,,,
20250831,常滑,2,予選,晴,南西,3,1,3,5,4561,藤 山 翔 大,27,74,6.66,2,0.14,1.53.9,1-2-5,1930,6,1-2,830,3,1-2-5,540,3,1-2,1010,3,,,,,,,
20250831,常滑,2,予選,晴,南西,3,1,4,3,3872,岡 田 憲 行,26,41,6.80,4,0.18,1.54.4,1-2-5,1930,6,1-2,830,3,1-2-5,540,3,1-2,1010,3,,,,,,,
20250831,常滑,2,予選,晴,南西,3,1,5,4,4965,福 岡 泉 水,51,40,6.81,5,0.11,,1-2-5,1930,6,1-2,830,3,1-2-5,540,3,1-2,1010,3,,,,,,,
20250831,常滑,2,予選,晴,南西,3,1,6,6,4071,古 賀 千 晶,10,45,6.75,6,0.19,,1-2-5,1930,6,1-2,830,3,1-2-5,540,3,1-2,1010,3,,,,,,,
20250831,常滑,3,予選,晴,南西,3,1,1,3,4208,三 浦 永 理,56,38,6.68,3,0.25,1.50.1,3-4-1,5640,22,3-4,1590,7,1-3-4,1380,5,3-4,1050,4,,,,,,,
20250831,常滑,3,予選,晴,南西,3,1,2,4,3947,寺 本 昇 平,36,29,6.77,4,0.25,1.51.9,3-4-1,5640,22,3-4,1590,7,1-3-4,1380,5,3-4,1050,4,,,,,,,
20250831,常滑,3,予選,晴,南西,3,1,3,1,3748,小 黒 竜 吾,58,22,6.74,1,0.31,1.53.8,3-4-1,5640,22,3-4,1590,7,1-3-4,1380,5,3-4,1050,4,,,,,,,
20250831,常滑,3,予選,晴,南西,3,1,4,5,4224,大 橋 栄里佳,1,33,6.75,5,0.23,1.54.6,3-4-1,5640,22,3-4,1590,7,1-3-4,1380,5,3-4,1050,4,,,,,,,
20250831,常滑,3,予選,晴,南西,3,1,5,6,3839,川 合 理 司,33,11,6.83,6,0.24,,3-4-1,5640,22,3-4,1590,7,1-3-4,1380,5,3-4,1050,4,,,,,,,
20250831,常滑,3,予選,晴,南西,3,1,6,2,3813,佐 藤 大 介,29,21,6.77,2,0.35,,3-4-1,5640,22,3-4,1590,7,1-3-4,1380,5,3-4,1050,4,,,,,,,
20250831,常滑,4,予選,晴,南西,3,1,1,4,4737,竹 井 貴 史,45,46,6.82,4,0.15,1.50.5,4-5-6,3110,12,4-5,1090,6,4-5-6,850,4,4-5,400,2,,,,,,,
20250831,常滑,4,予選,晴,南西,3,1,2,5,5269,山 口 晃 朋,34,60,6.68,5,0.12,1.51.3,4-5-6,3110,12,4-5,1090,6,4-5-6,850,4,4-5,400,2,,,,,,,
20250831,常滑,4,予選,晴,南西,3,1,3,6,5046,松 山 裕 基,12,42,6.78,6,0.19,1.53.3,4-5-6,3110,12,4-5,1090,6,4-5-6,850,4,4-5,400,2,,,,,,,
20250831,常滑,4,予選,晴,南西,3,1,4,1,3647,伊 藤 雄 二,23,36,6.79,1,0.15,1.55.0,4-5-6,3110,12,4-5,1090,6,4-5-6,850,4,4-5,400,2,,,,,,,
20250831,常滑,4,予選,晴,南西,3,1,5,2,3412,鈴 木 博,57,23,6.79,2,0.19,,4-5-6,3110,12,4-5,1090,6,4-5-6,850,4,4-5,400,2,,,,,,,
20250831,常滑,4,予選,晴,南西,3,1,6,3,4626,伊 藤 紘 章,40,71,6.86,3,0.19,,4-5-6,3110,12,4-5,1090,6,4-5-6,850,4,4-5,400,2,,,,,,,
20250831,常滑,5,予選,晴,南,2,1,1,1,4790,柳 内 敬 太,20,58,6.77,1,0.15,1.50.3,1-2-3,520,2,1-2,260,1,1-2-3,180,1,1-2,240,2,,,,,,,
20250831,常滑,5,予選,晴,南,2,1,2,2,4384,鶴 本 崇 文,19,57,6.75,2,0.20,1.51.7,1-2-3,520,2,1-2,260,1,1-2-3,180,1,1-2,240,2,,,,,,,
20250831,常滑,5,予選,晴,南,2,1,3,3,4296,岡 崎 恭 裕,59,75,6.74,3,0.19,1.54.0,1-2-3,520,2,1-2,260,1,1-2-3,180,1,1-2,240,2,,,,,,,
20250831,常滑,5,予選,晴,南,2,1,4,6,4529,嶋 義 信,60,15,6.83,6,0.24,1.54.7,1-2-3,520,2,1-2,260,1,1-2-3,180,1,1-2,240,2,,,,,,,
20250831,常滑,5,予選,晴,南,2,1,5,5,3790,佐 口 達 也,41,34,6.80,5,0.24,,1-2-3,520,2,1-2,260,1,1-2-3,180,1,1-2,240,2,,,,,,,
20250831,常滑,5,予選,晴,南,2,1,6,4,4393,田 中 孝 明,55,69,6.83,4,0.29,,1-2-3,520,2,1-2,260,1,1-2-3,180,1,1-2,240,2,,,,,,,
20250831,常滑,6,昼トコ小判Ｒ,晴,南,3,1,1,5,4652,酒 見 峻 介,37,32,6.75,4,0.15,1.51.3,5-6-1,5110,17,5-6,3220,8,1-5-6,720,3,5-6,1380,6,,,,,,,
20250831,常滑,6,昼トコ小判Ｒ,晴,南,3,1,2,6,3880,浅 見 宗 孝,47,48,6.81,5,0.13,1.52.1,5-6-1,5110,17,5-6,3220,8,1-5-6,720,3,5-6,1380,6,,,,,,,
20250831,常滑,6,昼トコ小判Ｒ,晴,南,3,1,3,1,4685,島 村 隆 幸,42,51,6.78,1,0.23,1.54.0,5-6-1,5110,17,5-6,3220,8,1-5-6,720,3,5-6,1380,6,,,,,,,
20250831,常滑,6,昼トコ小判Ｒ,晴,南,3,1,4,3,4254,川 島 圭 司,52,70,6.79,3,0.26,1.55.6,5-6-1,5110,17,5-6,3220,8,1-5-6,720,3,5-6,1380,6,,,,,,,
20250831,常滑,6,昼トコ小判Ｒ,晴,南,3,1,5,4,5337,出 畑 孝 成,21,17,6.82,6,0.12,,5-6-1,5110,17,5-6,3220,8,1-5-6,720,3,5-6,1380,6,,,,,,,
20250831,常滑,6,昼トコ小判Ｒ,晴,南,3,1,6,2,4360,庄 司 孝 輔,17,28,6.74,2,0.25,,5-6-1,5110,17,5-6,3220,8,1-5-6,720,3,5-6,1380,6,,,,,,,
20250831,常滑,7,予選,晴,南,3,1,1,1,3872,岡 田 憲 行,26,41,6.82,1,0.21,1.51.4,1-2-3,670,1,1-2,290,1,1-2-3,190,1,1-2,270,2,,,,,,,
20250831,常滑,7,予選,晴,南,3,1,2,2,4903,吉 田 凌太朗,4,24,6.84,2,0.18,1.52.1,1-2-3,670,1,1-2,290,1,1-2-3,190,1,1-2,270,2,,,,,,,
20250831,常滑,7,予選,晴,南,3,1,3,3,3956,横 澤 剛 治,18,56,6.75,3,0.21,1.53.4,1-2-3,670,1,1-2,290,1,1-2-3,190,1,1-2,270,2,,,,,,,
20250831,常滑,7,予選,晴,南,3,1,4,6,5254,羽 田 妃 希,22,65,6.76,6,0.21,1.54.7,1-2-3,670,1,1-2,290,1,1-2-3,190,1,1-2,270,2,,,,,,,
20250831,常滑,7,予選,晴,南,3,1,5,5,3841,佐々木 和 伸,16,18,6.80,5,0.16,,1-2-3,670,1,1-2,290,1,1-2-3,190,1,1-2,270,2,,,,,,,
20250831,常滑,7,予選,晴,南,3,1,6,4,3839,川 合 理 司,33,11,6.82,4,0.18,,1-2-3,670,1,1-2,290,1,1-2-3,190,1,1-2,270,2,,,,,,,
20250831,常滑,8,予選,晴,南,3,1,1,2,4737,竹 井 貴 史,45,46,6.76,1,0.39,1.51.3,2-4-3,400,1,2-4,150,1,2-3-4,150,1,2-4,100,1,,,,,,,
20250831,常滑,8,予選,晴,南,3,1,2,4,3946,赤 岩 善 生,28,39,6.82,2,0.31,1.52.1,2-4-3,400,1,2-4,150,1,2-3-4,150,1,2-4,100,1,,,,,,,
20250831,常滑,8,予選,晴,南,3,1,3,3,4071,古 賀 千 晶,10,45,6.79,3,0.28,1.55.3,2-4-3,400,1,2-4,150,1,2-3-4,150,1,2-4,100,1,,,,,,,
20250831,常滑,8,予選,晴,南,3,1,4,5,3587,武 田 信 一,14,37,6.89,4,0.22,1.57.1,2-4-3,400,1,2-4,150,1,2-3-4,150,1,2-4,100,1,,,,,,,
20250831,常滑,8,予選,晴,南,3,1,5,6,4449,中 嶋 達 也,15,62,6.71,5,0.38,,2-4-3,400,1,2-4,150,1,2-3-4,150,1,2-4,100,1,,,,,,,
20250831,常滑,9,予選特賞,晴,南,3,1,1,1,4626,伊 藤 紘 章,40,71,6.84,1,0.18,1.51.2,1-2-5,930,1,1-2,680,2,1-2-5,250,1,1-2,330,2,,,,,,,
20250831,常滑,9,予選特賞,晴,南,3,1,2,2,4822,百 武 翔,6,54,6.80,2,0.19,1.51.7,1-2-5,930,1,1-2,680,2,1-2-5,250,1,1-2,330,2,,,,,,,
20250831,常滑,9,予選特賞,晴,南,3,1,3,5,4296,岡 崎 恭 裕,59,75,6.77,5,0.08,1.54.0,1-2-5,930,1,1-2,680,2,1-2-5,250,1,1-2,330,2,,,,,,,
20250831,常滑,9,予選特賞,晴,南,3,1,4,4,4224,大 橋 栄里佳,1,33,6.76,4,0.14,1.54.5,1-2-5,930,1,1-2,680,2,1-2-5,250,1,1-2,330,2,,,,,,,
20250831,常滑,9,予選特賞,晴,南,3,1,5,3,3748,小 黒 竜 吾,58,22,6.76,3,0.22,,1-2-5,930,1,1-2,680,2,1-2-5,250,1,1-2,330,2,,,,,,,
20250831,常滑,9,予選特賞,晴,南,3,1,6,6,4965,福 岡 泉 水,51,40,6.79,6,0.06,,1-2-5,930,1,1-2,680,2,1-2-5,250,1,1-2,330,2,,,,,,,
20250831,常滑,10,予選特賞,晴,南,3,1,1,2,4594,谷 川 祐 一,53,27,6.77,2,0.14,1.51.1,2-1-4,2690,8,2-1,1490,10,1-2-4,760,4,1-2,650,3,,,,,,,
20250831,常滑,10,予選特賞,晴,南,3,1,2,1,4527,高 野 心 吾,61,14,6.77,1,0.11,1.51.8,2-1-4,2690,8,2-1,1490,10,1-2-4,760,4,1-2,650,3,,,,,,,
20250831,常滑,10,予選特賞,晴,南,3,1,3,4,5269,山 口 晃 朋,34,60,6.80,4,0.15,1.53.8,2-1-4,2690,8,2-1,1490,10,1-2-4,760,4,1-2,650,3,,,,,,,
20250831,常滑,10,予選特賞,晴,南,3,1,4,3,4790,柳 内 敬 太,20,58,6.80,3,0.17,1.54.4,2-1-4,2690,8,2-1,1490,10,1-2-4,760,4,1-2,650,3,,,,,,,
20250831,常滑,10,予選特賞,晴,南,3,1,5,5,4685,島 村 隆 幸,42,51,6.79,5,0.22,,2-1-4,2690,8,2-1,1490,10,1-2-4,760,4,1-2,650,3,,,,,,,
20250831,常滑,10,予選特賞,晴,南,3,1,6,6,4360,庄 司 孝 輔,17,28,6.82,6,0.35,,2-1-4,2690,8,2-1,1490,10,1-2-4,760,4,1-2,650,3,,,,,,,
20250831,常滑,11,予選特選,晴,南,3,1,1,1,4561,藤 山 翔 大,27,74,6.74,1,0.20,1.51.1,1-5-3,2530,9,1-5,570,2,1-3-5,820,4,1-5,510,3,,,,,,,
20250831,常滑,11,予選特選,晴,南,3,1,2,5,4311,岡 村 仁,8,31,6.84,5,0.12,1.51.4,1-5-3,2530,9,1-5,570,2,1-3-5,820,4,1-5,510,3,,,,,,,
20250831,常滑,11,予選特選,晴,南,3,1,3,3,3947,寺 本 昇 平,36,29,6.81,3,0.12,1.53.1,1-5-3,2530,9,1-5,570,2,1-3-5,820,4,1-5,510,3,,,,,,,
20250831,常滑,11,予選特選,晴,南,3,1,4,4,3412,鈴 木 博,57,23,6.83,4,0.14,1.55.1,1-5-3,2530,9,1-5,570,2,1-3-5,820,4,1-5,510,3,,,,,,,
20250831,常滑,11,予選特選,晴,南,3,1,5,6,4254,川 島 圭 司,52,70,6.82,6,0.18,,1-5-3,2530,9,1-5,570,2,1-3-5,820,4,1-5,510,3,,,,,,,
20250831,常滑,11,予選特選,晴,南,3,1,6,2,4393,田 中 孝 明,55,69,6.85,2,0.10,,1-5-3,2530,9,1-5,570,2,1-3-5,820,4,1-5,510,3,,,,,,,
20250831,常滑,12,予選特選,晴,南,4,2,1,1,3946,赤 岩 善 生,28,39,6.86,1,0.16,1.51.1,1-2-3,1210,2,1-2,260,1,1-2-3,740,3,1-2,230,1,,,,,,,
20250831,常滑,12,予選特選,晴,南,4,2,2,2,3956,横 澤 剛 治,18,56,6.84,2,0.16,1.52.2,1-2-3,1210,2,1-2,260,1,1-2-3,740,3,1-2,230,1,,,,,,,
20250831,常滑,12,予選特選,晴,南,4,2,3,3,5046,松 山 裕 基,12,42,6.87,3,0.20,1.53.9,1-2-3,1210,2,1-2,260,1,1-2-3,740,3,1-2,230,1,,,,,,,
20250831,常滑,12,予選特選,晴,南,4,2,4,5,4208,三 浦 永 理,56,38,6.81,5,0.21,1.54.8,1-2-3,1210,2,1-2,260,1,1-2-3,740,3,1-2,230,1,,,,,,,
20250831,常滑,12,予選特選,晴,南,4,2,5,6,4384,鶴 本 崇 文,19,57,6.83,6,0.29,,1-2-3,1210,2,1-2,260,1,1-2-3,740,3,1-2,230,1,,,,,,,
20250831,常滑,12,予選特選,晴,南,4,2,6,4,4652,酒 見 峻 介,37,32,6.90,4,0.30,,1-2-3,1210,2,1-2,260,1,1-2-3,740,3,1-2,230,1,,,,,,,
20250831,戸田,1,一般戦,晴,南東,2,1,1,3,4846,佐 藤 駿 介,25,25,6.78,3,0.15,1.50.8,3-6-4,19240,78,3-6,4500,20,3-4-6,2840,15,3-6,2310,11,,,,,,,
20250831,戸田,1,一般戦,晴,南東,2,1,2,6,5316,村 松 将 平,33,17,6.84,6,0.07,1.51.3,3-6-4,19240,78,3-6,4500,20,3-4-6,2840,15,3-6,2310,11,,,,,,,
20250831,戸田,1,一般戦,晴,南東,2,1,3,4,5186,遠 藤 圭 吾,42,53,6.84,4,0.12,1.53.5,3-6-4,19240,78,3-6,4500,20,3-4-6,2840,15,3-6,2310,11,,,,,,,
20250831,戸田,1,一般戦,晴,南東,2,1,4,1,4563,齋 藤 真 之,22,49,6.81,1,0.13,1.55.4,3-6-4,19240,78,3-6,4500,20,3-4-6,2840,15,3-6,2310,11,,,,,,,
20250831,戸田,1,一般戦,晴,南東,2,1,5,2,4864,小 川 日紀太,24,69,6.85,2,0.10,,3-6-4,19240,78,3-6,4500,20,3-4-6,2840,15,3-6,2310,11,,,,,,,
20250831,戸田,1,一般戦,晴,南東,2,1,6,5,4176,樋 口 喜 彦,8,37,6.91,5,0.11,,3-6-4,19240,78,3-6,4500,20,3-4-6,2840,15,3-6,2310,11,,,,,,,
20250831,戸田,2,一般戦,晴,南東,3,2,1,1,4142,平 野 和 明,43,38,6.95,1,0.19,1.50.7,1-2-4,990,1,1-2,440,2,1-2-4,360,1,1-2,270,1,,,,,,,
20250831,戸田,2,一般戦,晴,南東,3,2,2,2,4436,渋 谷 明 憲,12,34,6.83,2,0.18,1.52.2,1-2-4,990,1,1-2,440,2,1-2-4,360,1,1-2,270,1,,,,,,,
20250831,戸田,2,一般戦,晴,南東,3,2,3,4,4148,枝 尾 賢,36,55,6.87,4,0.18,1.54.1,1-2-4,990,1,1-2,440,2,1-2-4,360,1,1-2,270,1,,,,,,,
20250831,戸田,2,一般戦,晴,南東,3,2,4,6,3620,信 濃 由 行,26,48,6.91,6,0.14,1.55.4,1-2-4,990,1,1-2,440,2,1-2-4,360,1,1-2,270,1,,,,,,,
20250831,戸田,2,一般戦,晴,南東,3,2,5,5,4640,山ノ内 雅 人,50,19,6.82,5,0.18,,1-2-4,990,1,1-2,440,2,1-2-4,360,1,1-2,270,1,,,,,,,
20250831,戸田,2,一般戦,晴,南東,3,2,6,3,5315,浅 井 翼,40,47,6.84,3,0.33,,1-2-4,990,1,1-2,440,2,1-2-4,360,1,1-2,270,1,,,,,,,
20250831,戸田,3,一般戦,晴,南東,5,3,1,1,5278,田 中 駿 兵,34,59,6.87,1,0.15,1.50.4,1-6-4,12190,33,1-6,2660,9,1-4-6,2410,7,1-6,1510,7,,,,,,,
20250831,戸田,3,一般戦,晴,南東,5,3,2,6,3377,塚 田 修 二,23,45,6.83,5,0.16,1.52.7,1-6-4,12190,33,1-6,2660,9,1-4-6,2410,7,1-6,1510,7,,,,,,,
20250831,戸田,3,一般戦,晴,南東,5,3,3,4,4116,川 田 正 人,49,50,6.85,4,0.35,1.54.7,1-6-4,12190,33,1-6,2660,9,1-4-6,2410,7,1-6,1510,7,,,,,,,
20250831,戸田,3,一般戦,晴,南東,5,3,4,3,4424,松 尾 昂 明,17,28,6.78,3,0.20,1.55.0,1-6-4,12190,33,1-6,2660,9,1-4-6,2410,7,1-6,1510,7,,,,,,,
20250831,戸田,3,一般戦,晴,南東,5,3,5,5,5268,山 本 幸 也,11,57,6.97,6,0.21,,1-6-4,12190,33,1-6,2660,9,1-4-6,2410,7,1-6,1510,7,,,,,,,
20250831,戸田,3,一般戦,晴,南東,5,3,6,2,4281,大 澤 大 夢,41,41,6.81,2,0.14,,1-6-4,12190,33,1-6,2660,9,1-4-6,2410,7,1-6,1510,7,,,,,,,
20250831,戸田,4,一般戦,晴,南,4,3,1,4,4796,春 園 功 太,35,42,6.86,4,0.10,1.50.3,4-5-2,9740,41,4-5,3970,17,2-4-5,1440,8,4-5,1420,9,,,,,,,
20250831,戸田,4,一般戦,晴,南,4,3,2,5,4631,新 井 英 孝,38,20,6.81,5,0.13,1.51.6,4-5-2,9740,41,4-5,3970,17,2-4-5,1440,8,4-5,1420,9,,,,,,,
20250831,戸田,4,一般戦,晴,南,4,3,3,2,4140,梶 野 学 志,28,36,6.86,2,0.14,1.53.6,4-5-2,9740,41,4-5,3970,17,2-4-5,1440,8,4-5,1420,9,,,,,,,
20250831,戸田,4,一般戦,晴,南,4,3,4,3,3747,國 崎 良 春,7,54,6.77,3,0.17,1.54.4,4-5-2,9740,41,4-5,3970,17,2-4-5,1440,8,4-5,1420,9,,,,,,,
20250831,戸田,4,一般戦,晴,南,4,3,5,6,5020,宮 村 勇 哉,46,51,6.87,6,0.14,,4-5-2,9740,41,4-5,3970,17,2-4-5,1440,8,4-5,1420,9,,,,,,,
20250831,戸田,4,一般戦,晴,南,4,3,6,1,4809,外 崎 悟,48,26,6.84,1,0.15,,4-5-2,9740,41,4-5,3970,17,2-4-5,1440,8,4-5,1420,9,,,,,,,
20250831,戸田,5,ウインウイン,晴,南東,4,3,1,1,4133,高 橋 正 男,45,35,6.84,1,0.19,1.50.1,1-3-4,1480,7,1-3,860,3,1-3-4,320,1,1-3,730,2,,,,,,,
20250831,戸田,5,ウインウイン,晴,南東,4,3,2,3,5186,遠 藤 圭 吾,42,53,6.86,3,0.19,1.52.4,1-3-4,1480,7,1-3,860,3,1-3-4,320,1,1-3,730,2,,,,,,,
20250831,戸田,5,ウインウイン,晴,南東,4,3,3,4,3744,徳 増 秀 樹,15,39,6.76,4,0.20,1.53.7,1-3-4,1480,7,1-3,860,3,1-3-4,320,1,1-3,730,2,,,,,,,
20250831,戸田,5,ウインウイン,晴,南東,4,3,4,6,3477,近 藤 稔 也,18,40,6.77,6,0.24,1.55.5,1-3-4,1480,7,1-3,860,3,1-3-4,320,1,1-3,730,2,,,,,,,
20250831,戸田,5,ウインウイン,晴,南東,4,3,5,5,5344,谷 口 丞,30,21,6.88,5,0.23,,1-3-4,1480,7,1-3,860,3,1-3-4,320,1,1-3,730,2,,,,,,,
20250831,戸田,5,ウインウイン,晴,南東,4,3,6,2,4421,森 作 広 大,44,44,6.84,2,0.25,,1-3-4,1480,7,1-3,860,3,1-3-4,320,1,1-3,730,2,,,,,,,
20250831,戸田,6,一般戦,晴,南東,3,2,1,3,4148,枝 尾 賢,36,55,6.84,3,0.13,1.51.2,3-1-4,4440,16,3-1,1960,8,1-3-4,360,1,1-3,550,2,,,,,,,
20250831,戸田,6,一般戦,晴,南東,3,2,2,1,4134,杉 山 貴 博,16,29,6.77,1,0.19,1.51.7,3-1-4,4440,16,3-1,1960,8,1-3-4,360,1,1-3,550,2,,,,,,,
20250831,戸田,6,一般戦,晴,南東,3,2,3,4,3995,重 野 哲 之,37,58,6.67,4,0.13,1.53.2,3-1-4,4440,16,3-1,1960,8,1-3-4,360,1,1-3,550,2,,,,,,,
20250831,戸田,6,一般戦,晴,南東,3,2,4,6,4086,寺 本 重 宣,20,31,6.87,6,0.18,1.54.8,3-1-4,4440,16,3-1,1960,8,1-3-4,360,1,1-3,550,2,,,,,,,
20250831,戸田,6,一般戦,晴,南東,3,2,5,5,4563,齋 藤 真 之,22,49,6.83,5,0.14,,3-1-4,4440,16,3-1,1960,8,1-3-4,360,1,1-3,550,2,,,,,,,
20250831,戸田,6,一般戦,晴,南東,3,2,6,2,3901,松 田 憲 幸,13,27,6.90,2,0.21,,3-1-4,4440,16,3-1,1960,8,1-3-4,360,1,1-3,550,2,,,,,,,
20250831,戸田,7,ウインウイン,晴,南東,4,3,1,1,3721,守 田 俊 介,27,16,6.89,1,0.17,1.50.8,1-4-5,1450,6,1-4,410,2,1-4-5,720,4,1-4,490,2,,,,,,,
20250831,戸田,7,ウインウイン,晴,南東,4,3,2,4,5316,村 松 将 平,33,17,6.77,4,0.14,1.52.1,1-4-5,1450,6,1-4,410,2,1-4-5,720,4,1-4,490,2,,,,,,,
20250831,戸田,7,ウインウイン,晴,南東,4,3,3,5,4864,小 川 日紀太,24,69,6.74,5,0.10,1.53.8,1-4-5,1450,6,1-4,410,2,1-4-5,720,4,1-4,490,2,,,,,,,
20250831,戸田,7,ウインウイン,晴,南東,4,3,4,2,3620,信 濃 由 行,26,48,6.84,2,0.23,1.56.1,1-4-5,1450,6,1-4,410,2,1-4-5,720,4,1-4,490,2,,,,,,,
20250831,戸田,7,ウインウイン,晴,南東,4,3,5,6,5268,山 本 幸 也,11,57,6.80,6,0.35,,1-4-5,1450,6,1-4,410,2,1-4-5,720,4,1-4,490,2,,,,,,,
20250831,戸田,7,ウインウイン,晴,南東,4,3,6,3,4177,萬 正 嗣,47,18,6.83,3,0.21,,1-4-5,1450,6,1-4,410,2,1-4-5,720,4,1-4,490,2,,,,,,,
20250831,戸田,8,一般戦,晴,南東,5,4,1,1,4640,山ノ内 雅 人,50,19,6.82,1,0.20,1.56.7,1-2-3,2240,8,1-2,710,3,1-2-3,690,3,1-2,700,3,,,,,,,
20250831,戸田,8,一般戦,晴,南東,5,4,2,2,5020,宮 村 勇 哉,46,51,6.87,2,0.18,2.00.4,1-2-3,2240,8,1-2,710,3,1-2-3,690,3,1-2,700,3,,,,,,,
20250831,戸田,8,一般戦,晴,南東,5,4,3,3,4796,春 園 功 太,35,42,6.88,3,0.17,2.02.6,1-2-3,2240,8,1-2,710,3,1-2-3,690,3,1-2,700,3,,,,,,,
20250831,戸田,8,一般戦,晴,南東,5,4,4,6,5377,鳥居塚 嶺 王,29,24,6.79,6,0.17,2.05.1,1-2-3,2240,8,1-2,710,3,1-2-3,690,3,1-2,700,3,,,,,,,
20250831,戸田,8,一般戦,晴,南東,5,4,5,4,4846,佐 藤 駿 介,25,25,6.94,4,0.22,,1-2-3,2240,8,1-2,710,3,1-2-3,690,3,1-2,700,3,,,,,,,
20250831,戸田,9,戸田特選,晴,南東,5,4,1,1,4631,新 井 英 孝,38,20,6.79,1,0.19,1.51.7,1-5-2,13120,41,1-5,4100,14,1-2-5,1670,6,1-5,1780,7,,,,,,,
20250831,戸田,9,戸田特選,晴,南東,5,4,2,5,4421,森 作 広 大,44,44,6.84,5,0.20,1.53.3,1-5-2,13120,41,1-5,4100,14,1-2-5,1670,6,1-5,1780,7,,,,,,,
20250831,戸田,9,戸田特選,晴,南東,5,4,3,2,4424,松 尾 昂 明,17,28,6.76,2,0.16,1.54.0,1-5-2,13120,41,1-5,4100,14,1-2-5,1670,6,1-5,1780,7,,,,,,,
20250831,戸田,9,戸田特選,晴,南東,5,4,4,3,4116,川 田 正 人,49,50,6.83,3,0.21,1.54.6,1-5-2,13120,41,1-5,4100,14,1-2-5,1670,6,1-5,1780,7,,,,,,,
20250831,戸田,9,戸田特選,晴,南東,5,4,5,4,4809,外 崎 悟,48,26,6.85,4,0.13,,1-5-2,13120,41,1-5,4100,14,1-2-5,1670,6,1-5,1780,7,,,,,,,
20250831,戸田,9,戸田特選,晴,南東,5,4,6,6,5344,谷 口 丞,30,21,6.87,6,0.14,,1-5-2,13120,41,1-5,4100,14,1-2-5,1670,6,1-5,1780,7,,,,,,,
20250831,戸田,10,選抜戦,晴,南東,4,3,1,1,3995,重 野 哲 之,37,58,6.79,1,0.09,1.51.1,1-2-6,2300,8,1-2,530,2,1-2-6,890,4,1-2,480,2,,,,,,,
20250831,戸田,10,選抜戦,晴,南東,4,3,2,2,3747,國 崎 良 春,7,54,6.76,2,0.12,1.52.8,1-2-6,2300,8,1-2,530,2,1-2-6,890,4,1-2,480,2,,,,,,,
20250831,戸田,10,選抜戦,晴,南東,4,3,3,6,4134,杉 山 貴 博,16,29,6.85,6,0.15,1.53.6,1-2-6,2300,8,1-2,530,2,1-2-6,890,4,1-2,480,2,,,,,,,
20250831,戸田,10,選抜戦,晴,南東,4,3,4,5,4142,平 野 和 明,43,38,6.82,5,0.18,1.55.2,1-2-6,2300,8,1-2,530,2,1-2-6,890,4,1-2,480,2,,,,,,,
20250831,戸田,10,選抜戦,晴,南東,4,3,5,3,4281,大 澤 大 夢,41,41,6.92,3,0.15,,1-2-6,2300,8,1-2,530,2,1-2-6,890,4,1-2,480,2,,,,,,,
20250831,戸田,10,選抜戦,晴,南東,4,3,6,4,4436,渋 谷 明 憲,12,34,6.71,4,0.16,,1-2-6,2300,8,1-2,530,2,1-2-6,890,4,1-2,480,2,,,,,,,
20250831,戸田,11,選抜戦,晴,南東,4,3,1,1,3744,徳 増 秀 樹,15,39,6.76,1,0.19,1.49.9,1-6-5,1890,5,1-6,420,2,1-5-6,780,4,1-6,350,1,,,,,,,
20250831,戸田,11,選抜戦,晴,南東,4,3,2,6,3721,守 田 俊 介,27,16,6.91,4,0.29,1.52.3,1-6-5,1890,5,1-6,420,2,1-5-6,780,4,1-6,350,1,,,,,,,
20250831,戸田,11,選抜戦,晴,南東,4,3,3,5,4133,高 橋 正 男,45,35,6.84,6,0.20,1.53.4,1-6-5,1890,5,1-6,420,2,1-5-6,780,4,1-6,350,1,,,,,,,
20250831,戸田,11,選抜戦,晴,南東,4,3,4,2,4177,萬 正 嗣,47,18,6.71,2,0.16,1.55.0,1-6-5,1890,5,1-6,420,2,1-5-6,780,4,1-6,350,1,,,,,,,
20250831,戸田,11,選抜戦,晴,南東,4,3,5,4,3901,松 田 憲 幸,13,27,6.88,5,0.23,,1-6-5,1890,5,1-6,420,2,1-5-6,780,4,1-6,350,1,,,,,,,
20250831,戸田,11,選抜戦,晴,南東,4,3,6,3,4140,梶 野 学 志,28,36,6.85,3,0.18,,1-6-5,1890,5,1-6,420,2,1-5-6,780,4,1-6,350,1,,,,,,,
20250831,戸田,12,優勝戦,晴,南,4,3,1,1,4427,秦 英 悟,9,43,6.80,1,0.19,1.49.2,1-4-2,1050,3,1-4,500,3,1-2-4,410,1,1-4,360,2,,,,,,,
20250831,戸田,12,優勝戦,晴,南,4,3,2,4,4066,東 本 勝 利,10,23,6.82,4,0.16,1.50.7,1-4-2,1050,3,1-4,500,3,1-2-4,410,1,1-4,360,2,,,,,,,
20250831,戸田,12,優勝戦,晴,南,4,3,3,2,4166,吉 田 拡 郎,14,56,6.84,2,0.21,1.52.4,1-4-2,1050,3,1-4,500,3,1-2-4,410,1,1-4,360,2,,,,,,,
20250831,戸田,12,優勝戦,晴,南,4,3,4,6,4980,佐々木 完 太,19,30,6.90,6,0.22,1.53.6,1-4-2,1050,3,1-4,500,3,1-2-4,410,1,1-4,360,2,,,,,,,
20250831,戸田,12,優勝戦,晴,南,4,3,5,3,4910,中 村 泰 平,31,22,6.84,3,0.17,,1-4-2,1050,3,1-4,500,3,1-2-4,410,1,1-4,360,2,,,,,,,
20250831,戸田,12,優勝戦,晴,南,4,3,6,5,3679,飯 島 昌 弘,32,32,6.92,5,0.18,,1-4-2,1050,3,1-4,500,3,1-2-4,410,1,1-4,360,2,,,,,,,
20250831,津,1,ツッキーレー,晴,南東,3,2,1,1,4063,市 橋 卓 士,64,51,6.85,1,0.14,1.51.1,1-5-3,480,2,1-5,180,1,1-3-5,200,1,1-5,200,1,,,,,,,
20250831,津,1,ツッキーレー,晴,南東,3,2,2,5,5276,大 島 隆乃介,41,61,6.84,4,0.16,1.52.1,1-5-3,480,2,1-5,180,1,1-3-5,200,1,1-5,200,1,,,,,,,
20250831,津,1,ツッキーレー,晴,南東,3,2,3,3,3294,野 中 義 生,12,33,6.87,3,0.11,1.54.9,1-5-3,480,2,1-5,180,1,1-3-5,200,1,1-5,200,1,,,,,,,
20250831,津,1,ツッキーレー,晴,南東,3,2,4,2,5288,尾 道 佳 諭,60,27,6.78,2,0.17,1.56.8,1-5-3,480,2,1-5,180,1,1-3-5,200,1,1-5,200,1,,,,,,,
20250831,津,1,ツッキーレー,晴,南東,3,2,5,4,3722,西 村 秀 樹,67,12,6.83,5,0.27,,1-5-3,480,2,1-5,180,1,1-3-5,200,1,1-5,200,1,,,,,,,
20250831,津,1,ツッキーレー,晴,南東,3,2,6,6,3859,多羅尾 達 之,14,25,6.97,6,0.21,,1-5-3,480,2,1-5,180,1,1-3-5,200,1,1-5,200,1,,,,,,,
20250831,津,2,予選,晴,東,3,2,1,4,4957,竹之内 極,28,23,6.85,4,0.11,1.58.3,4-2-3,5820,21,4-2,1840,9,2-3-4,1360,6,2-4,1320,5,,,,,,,
20250831,津,2,予選,晴,東,3,2,2,2,3467,森 弘 行,59,31,6.86,2,0.08,2.01.4,4-2-3,5820,21,4-2,1840,9,2-3-4,1360,6,2-4,1320,5,,,,,,,
20250831,津,2,予選,晴,東,3,2,3,3,3454,井 川 大 作,23,20,6.90,3,0.07,2.03.5,4-2-3,5820,21,4-2,1840,9,2-3-4,1360,6,2-4,1320,5,,,,,,,
20250831,津,2,予選,晴,東,3,2,4,5,5169,堀 本 翔 太,76,75,6.82,5,0.10,2.05.1,4-2-3,5820,21,4-2,1840,9,2-3-4,1360,6,2-4,1320,5,,,,,,,
20250831,津,2,予選,晴,東,3,2,5,1,3776,横 井 健 太,24,69,6.87,1,0.18,,4-2-3,5820,21,4-2,1840,9,2-3-4,1360,6,2-4,1320,5,,,,,,,
20250831,津,3,予選,晴,東,3,2,1,2,4335,若 林 将,68,18,6.93,2,0.09,1.51.1,2-6-5,5990,24,2-6,1330,6,2-5-6,1100,6,2-6,2810,10,,,,,,,
20250831,津,3,予選,晴,東,3,2,2,6,4521,小 池 公 生,51,14,6.94,6,0.20,1.52.4,2-6-5,5990,24,2-6,1330,6,2-5-6,1100,6,2-6,2810,10,,,,,,,
20250831,津,3,予選,晴,東,3,2,3,5,4049,荒 川 健 太,34,16,6.95,5,0.18,1.53.8,2-6-5,5990,24,2-6,1330,6,2-5-6,1100,6,2-6,2810,10,,,,,,,
20250831,津,3,予選,晴,東,3,2,4,4,4059,入 澤 友 治,46,44,6.88,4,0.16,1.55.2,2-6-5,5990,24,2-6,1330,6,2-5-6,1100,6,2-6,2810,10,,,,,,,
20250831,津,3,予選,晴,東,3,2,5,3,3957,大 谷 直 弘,72,22,6.88,3,0.14,,2-6-5,5990,24,2-6,1330,6,2-5-6,1100,6,2-6,2810,10,,,,,,,
20250831,津,3,予選,晴,東,3,2,6,1,5266,石 田 勇 斗,32,40,6.89,1,0.13,,2-6-5,5990,24,2-6,1330,6,2-5-6,1100,6,2-6,2810,10,,,,,,,
20250831,津,4,予選,晴,東,3,2,1,1,3812,山 崎 聖 司,63,70,6.86,1,0.08,1.51.8,1-4-3,9100,33,1-4,2260,10,1-3-4,1390,6,1-4,3060,9,,,,,,,
20250831,津,4,予選,晴,東,3,2,2,4,3596,河 上 年 昭,61,37,6.85,4,0.10,1.52.5,1-4-3,9100,33,1-4,2260,10,1-3-4,1390,6,1-4,3060,9,,,,,,,
20250831,津,4,予選,晴,東,3,2,3,3,4516,野 口 勝 弘,58,71,6.86,3,0.06,1.52.7,1-4-3,9100,33,1-4,2260,10,1-3-4,1390,6,1-4,3060,9,,,,,,,
20250831,津,4,予選,晴,東,3,2,4,2,4852,川 原 祐 明,62,49,6.89,2,0.05,1.54.7,1-4-3,9100,33,1-4,2260,10,1-3-4,1390,6,1-4,3060,9,,,,,,,
20250831,津,4,予選,晴,東,3,2,5,6,2878,富 山 弘 幸,48,74,6.90,6,0.11,,1-4-3,9100,33,1-4,2260,10,1-3-4,1390,6,1-4,3060,9,,,,,,,
20250831,津,4,予選,晴,東,3,2,6,5,3655,本 橋 克 洋,39,60,7.04,5,0.08,,1-4-3,9100,33,1-4,2260,10,1-3-4,1390,6,1-4,3060,9,,,,,,,
20250831,津,5,５ールドレー,晴,東,3,2,1,2,4558,宮 野 仁,21,45,6.86,2,0.25,1.51.4,2-3-1,15640,29,2-3,7350,13,1-2-3,280,2,2-3,3570,6,,,,,,,
20250831,津,5,５ールドレー,晴,東,3,2,2,3,3613,角 谷 健 吾,15,68,6.84,3,0.20,1.52.5,2-3-1,15640,29,2-3,7350,13,1-2-3,280,2,2-3,3570,6,,,,,,,
20250831,津,5,５ールドレー,晴,東,3,2,3,1,4477,篠 崎 仁 志,44,62,6.89,1,0.21,1.53.4,2-3-1,15640,29,2-3,7350,13,1-2-3,280,2,2-3,3570,6,,,,,,,
20250831,津,5,５ールドレー,晴,東,3,2,4,4,4231,鈴 木 裕 隆,73,39,6.93,4,0.20,1.54.9,2-3-1,15640,29,2-3,7350,13,1-2-3,280,2,2-3,3570,6,,,,,,,
20250831,津,5,５ールドレー,晴,東,3,2,5,6,5147,田 中 勇 輔,47,24,6.98,6,0.22,,2-3-1,15640,29,2-3,7350,13,1-2-3,280,2,2-3,3570,6,,,,,,,
20250831,津,5,５ールドレー,晴,東,3,2,6,5,3712,淺 香 文 武,20,57,6.89,5,0.15,,2-3-1,15640,29,2-3,7350,13,1-2-3,280,2,2-3,3570,6,,,,,,,
20250831,津,6,予選,晴,南東,3,2,1,2,4305,金 子 拓 矢,30,35,6.84,2,0.14,1.50.5,2-3-5,1610,5,2-3,780,3,2-3-5,670,4,2-3,460,2,,,,,,,
20250831,津,6,予選,晴,南東,3,2,2,3,4195,前 川 守 嗣,56,32,6.92,3,0.11,1.52.2,2-3-5,1610,5,2-3,780,3,2-3-5,670,4,2-3,460,2,,,,,,,
20250831,津,6,予選,晴,南東,3,2,3,5,4797,中 山 将,75,17,6.85,5,0.10,1.53.2,2-3-5,1610,5,2-3,780,3,2-3-5,670,4,2-3,460,2,,,,,,,
20250831,津,6,予選,晴,南東,3,2,4,1,3796,長 野 道 臣,38,13,6.86,1,0.15,1.54.7,2-3-5,1610,5,2-3,780,3,2-3-5,670,4,2-3,460,2,,,,,,,
20250831,津,6,予選,晴,南東,3,2,5,6,5288,尾 道 佳 諭,60,27,6.86,6,0.22,,2-3-5,1610,5,2-3,780,3,2-3-5,670,4,2-3,460,2,,,,,,,
20250831,津,6,予選,晴,南東,3,2,6,4,5036,福 田 翔 吾,45,65,6.90,4,0.21,,2-3-5,1610,5,2-3,780,3,2-3-5,670,4,2-3,460,2,,,,,,,
20250831,津,7,予選,晴,南東,3,2,1,2,5169,堀 本 翔 太,76,75,6.86,2,0.14,1.52.0,2-3-1,10320,30,2-3,1360,6,1-2-3,1140,5,2-3,980,4,,,,,,,
20250831,津,7,予選,晴,南東,3,2,2,3,4826,井 上 一 輝,50,41,6.85,3,0.14,1.53.5,2-3-1,10320,30,2-3,1360,6,1-2-3,1140,5,2-3,980,4,,,,,,,
20250831,津,7,予選,晴,南東,3,2,3,1,3722,西 村 秀 樹,67,12,6.86,1,0.16,1.55.1,2-3-1,10320,30,2-3,1360,6,1-2-3,1140,5,2-3,980,4,,,,,,,
20250831,津,7,予選,晴,南東,3,2,4,4,4348,宮 崎 奨,53,72,6.91,4,0.16,1.55.5,2-3-1,10320,30,2-3,1360,6,1-2-3,1140,5,2-3,980,4,,,,,,,
20250831,津,7,予選,晴,南東,3,2,5,5,5266,石 田 勇 斗,32,40,6.92,5,0.13,,2-3-1,10320,30,2-3,1360,6,1-2-3,1140,5,2-3,980,4,,,,,,,
20250831,津,7,予選,晴,南東,3,2,6,6,4925,森 悠 稀,11,54,6.87,6,0.10,,2-3-1,10320,30,2-3,1360,6,1-2-3,1140,5,2-3,980,4,,,,,,,
20250831,津,8,予選,晴,南東,3,2,1,1,5210,藤 井 公 人,71,73,6.89,1,0.14,1.51.8,1-3-4,670,1,1-3,350,1,1-3-4,210,1,1-3,260,1,,,,,,,
20250831,津,8,予選,晴,南東,3,2,2,3,4877,鈴 谷 一 平,35,59,6.92,2,0.11,1.53.4,1-3-4,670,1,1-3,350,1,1-3-4,210,1,1-3,260,1,,,,,,,
20250831,津,8,予選,晴,南東,3,2,3,4,4063,市 橋 卓 士,64,51,6.90,3,0.15,1.55.2,1-3-4,670,1,1-3,350,1,1-3-4,210,1,1-3,260,1,,,,,,,
20250831,津,8,予選,晴,南東,3,2,4,5,3578,塩 田 雄 一,13,63,6.93,4,0.22,1.55.6,1-3-4,670,1,1-3,350,1,1-3-4,210,1,1-3,260,1,,,,,,,
20250831,津,8,予選,晴,南東,3,2,5,6,4977,馬 野 耀,17,53,6.99,5,0.30,,1-3-4,670,1,1-3,350,1,1-3-4,210,1,1-3,260,1,,,,,,,
20250831,津,9,予選特賞,晴,南東,3,2,1,2,4379,桑 島 和 宏,52,34,6.99,2,0.16,1.51.0,2-1-5,7840,33,2-1,1240,4,1-2-5,1590,5,1-2,330,2,,,,,,,
20250831,津,9,予選特賞,晴,南東,3,2,2,1,4957,竹之内 極,28,23,6.90,1,0.16,1.52.6,2-1-5,7840,33,2-1,1240,4,1-2-5,1590,5,1-2,330,2,,,,,,,
20250831,津,9,予選特賞,晴,南東,3,2,3,5,3596,河 上 年 昭,61,37,6.90,5,0.20,1.53.4,2-1-5,7840,33,2-1,1240,4,1-2-5,1590,5,1-2,330,2,,,,,,,
20250831,津,9,予選特賞,晴,南東,3,2,4,6,4604,岩 瀬 裕 亮,69,58,6.94,6,0.16,1.54.6,2-1-5,7840,33,2-1,1240,4,1-2-5,1590,5,1-2,330,2,,,,,,,
20250831,津,9,予選特賞,晴,南東,3,2,5,3,3859,多羅尾 達 之,14,25,7.02,3,0.14,,2-1-5,7840,33,2-1,1240,4,1-2-5,1590,5,1-2,330,2,,,,,,,
20250831,津,9,予選特賞,晴,南東,3,2,6,4,4049,荒 川 健 太,34,16,6.97,4,0.19,,2-1-5,7840,33,2-1,1240,4,1-2-5,1590,5,1-2,330,2,,,,,,,
20250831,津,10,予選特賞,晴,南東,3,2,1,1,4842,山 下 昂 大,25,19,6.96,1,0.13,1.51.3,1-2-3,3270,9,1-2,370,2,1-2-3,1630,6,1-2,400,2,,,,,,,
20250831,津,10,予選特賞,晴,南東,3,2,2,2,4105,松 下 直 也,18,64,6.91,2,0.15,1.52.7,1-2-3,3270,9,1-2,370,2,1-2-3,1630,6,1-2,400,2,,,,,,,
20250831,津,10,予選特賞,晴,南東,3,2,3,3,3776,横 井 健 太,24,69,6.93,3,0.14,1.54.1,1-2-3,3270,9,1-2,370,2,1-2-3,1630,6,1-2,400,2,,,,,,,
20250831,津,10,予選特賞,晴,南東,3,2,4,4,4477,篠 崎 仁 志,44,62,6.91,4,0.16,1.55.0,1-2-3,3270,9,1-2,370,2,1-2-3,1630,6,1-2,400,2,,,,,,,
20250831,津,10,予選特賞,晴,南東,3,2,5,5,4059,入 澤 友 治,46,44,6.88,5,0.12,,1-2-3,3270,9,1-2,370,2,1-2-3,1630,6,1-2,400,2,,,,,,,
20250831,津,10,予選特賞,晴,南東,3,2,6,6,4852,川 原 祐 明,62,49,6.96,6,0.15,,1-2-3,3270,9,1-2,370,2,1-2-3,1630,6,1-2,400,2,,,,,,,
20250831,津,11,予選特選,晴,東,3,2,1,1,4797,中 山 将,75,17,6.84,1,0.17,1.50.6,1-3-2,700,2,1-3,410,2,1-2-3,280,1,1-3,210,1,,,,,,,
20250831,津,11,予選特選,晴,東,3,2,2,3,4335,若 林 将,68,18,7.00,3,0.17,1.51.7,1-3-2,700,2,1-3,410,2,1-2-3,280,1,1-3,210,1,,,,,,,
20250831,津,11,予選特選,晴,東,3,2,3,2,4348,宮 崎 奨,53,72,6.94,2,0.25,1.53.8,1-3-2,700,2,1-3,410,2,1-2-3,280,1,1-3,210,1,,,,,,,
20250831,津,11,予選特選,晴,東,3,2,4,4,3294,野 中 義 生,12,33,6.94,4,0.12,1.54.1,1-3-2,700,2,1-3,410,2,1-2-3,280,1,1-3,210,1,,,,,,,
20250831,津,11,予選特選,晴,東,3,2,5,5,4516,野 口 勝 弘,58,71,6.92,5,0.16,,1-3-2,700,2,1-3,410,2,1-2-3,280,1,1-3,210,1,,,,,,,
20250831,津,11,予選特選,晴,東,3,2,6,6,4231,鈴 木 裕 隆,73,39,6.97,6,0.18,,1-3-2,700,2,1-3,410,2,1-2-3,280,1,1-3,210,1,,,,,,,
20250831,津,12,ツッキー選抜,晴,南東,3,2,1,1,4826,井 上 一 輝,50,41,6.88,1,0.09,1.51.5,1-2-4,1280,4,1-2,400,2,1-2-4,400,1,1-2,630,3,,,,,,,
20250831,津,12,ツッキー選抜,晴,南東,3,2,2,2,3655,本 橋 克 洋,39,60,6.96,2,0.10,1.51.9,1-2-4,1280,4,1-2,400,2,1-2-4,400,1,1-2,630,3,,,,,,,
20250831,津,12,ツッキー選抜,晴,南東,3,2,3,4,4305,金 子 拓 矢,30,35,6.88,4,0.08,1.53.4,1-2-4,1280,4,1-2,400,2,1-2-4,400,1,1-2,630,3,,,,,,,
20250831,津,12,ツッキー選抜,晴,南東,3,2,4,5,3613,角 谷 健 吾,15,68,6.92,5,0.05,1.55.1,1-2-4,1280,4,1-2,400,2,1-2-4,400,1,1-2,630,3,,,,,,,
20250831,津,12,ツッキー選抜,晴,南東,3,2,5,6,5276,大 島 隆乃介,41,61,6.86,6,0.12,,1-2-4,1280,4,1-2,400,2,1-2-4,400,1,1-2,630,3,,,,,,,
20250831,津,12,ツッキー選抜,晴,南東,3,2,6,3,4521,小 池 公 生,51,14,6.95,3,0.13,,1-2-4,1280,4,1-2,400,2,1-2-4,400,1,1-2,630,3,,,,,,,
20250831,浜名湖,1,予選,晴,南,4,2,1,1,4988,牟 田 奨 太,55,76,6.68,1,0.18,1.52.8,1-5-6,9540,35,1-5,1380,6,1-5-6,2740,12,1-5,1100,4,,,,,,,
20250831,浜名湖,1,予選,晴,南,4,2,2,5,3850,小 川 知 行,30,61,6.65,5,0.15,1.53.8,1-5-6,9540,35,1-5,1380,6,1-5-6,2740,12,1-5,1100,4,,,,,,,
20250831,浜名湖,1,予選,晴,南,4,2,3,6,4461,安 田 吉 宏,9,67,6.68,6,0.22,1.54.7,1-5-6,9540,35,1-5,1380,6,1-5-6,2740,12,1-5,1100,4,,,,,,,
20250831,浜名湖,1,予選,晴,南,4,2,4,2,4003,表 憲 一,35,41,6.71,2,0.21,1.56.7,1-5-6,9540,35,1-5,1380,6,1-5-6,2740,12,1-5,1100,4,,,,,,,
20250831,浜名湖,1,予選,晴,南,4,2,5,3,3692,竹 腰 正 樹,49,53,6.69,3,0.20,,1-5-6,9540,35,1-5,1380,6,1-5-6,2740,12,1-5,1100,4,,,,,,,
20250831,浜名湖,1,予選,晴,南,4,2,6,4,5105,富 田 恕 生,4,16,6.67,4,0.12,,1-5-6,9540,35,1-5,1380,6,1-5-6,2740,12,1-5,1100,4,,,,,,,
20250831,浜名湖,2,予選,晴,南,5,3,1,2,4560,庄 司 樹良々,54,35,6.70,2,0.15,1.51.4,2-3-4,5340,22,2-3,840,4,2-3-4,1290,5,2-3,380,2,,,,,,,
20250831,浜名湖,2,予選,晴,南,5,3,2,3,4907,小 池 修 平,28,50,6.65,3,0.15,1.52.5,2-3-4,5340,22,2-3,840,4,2-3-4,1290,5,2-3,380,2,,,,,,,
20250831,浜名湖,2,予選,晴,南,5,3,3,4,3564,桑 原 啓,36,27,6.66,4,0.18,1.54.5,2-3-4,5340,22,2-3,840,4,2-3-4,1290,5,2-3,380,2,,,,,,,
20250831,浜名湖,2,予選,晴,南,5,3,4,1,3933,山 地 正 樹,52,30,6.70,1,0.22,1.55.1,2-3-4,5340,22,2-3,840,4,2-3-4,1290,5,2-3,380,2,,,,,,,
20250831,浜名湖,2,予選,晴,南,5,3,5,6,3811,石 田 章 央,25,43,6.67,5,0.12,,2-3-4,5340,22,2-3,840,4,2-3-4,1290,5,2-3,380,2,,,,,,,
20250831,浜名湖,2,予選,晴,南,5,3,6,5,5383,中 村 楓,3,59,6.63,6,0.26,,2-3-4,5340,22,2-3,840,4,2-3-4,1290,5,2-3,380,2,,,,,,,
20250831,浜名湖,3,予選,晴,南,5,3,1,1,3319,山 崎 義 明,2,13,6.65,1,0.17,1.51.5,1-2-4,3080,9,1-2,680,3,1-2-4,1430,8,1-2,310,1,,,,,,,
20250831,浜名湖,3,予選,晴,南,5,3,2,2,4579,中 嶋 健一郎,58,11,6.70,2,0.16,1.53.6,1-2-4,3080,9,1-2,680,3,1-2-4,1430,8,1-2,310,1,,,,,,,
20250831,浜名湖,3,予選,晴,南,5,3,3,4,3911,鈴 木 猛,44,62,6.62,4,0.15,1.54.3,1-2-4,3080,9,1-2,680,3,1-2-4,1430,8,1-2,310,1,,,,,,,
20250831,浜名湖,3,予選,晴,南,5,3,4,3,4958,溝 口 海義也,21,36,6.63,3,0.16,1.55.4,1-2-4,3080,9,1-2,680,3,1-2-4,1430,8,1-2,310,1,,,,,,,
20250831,浜名湖,3,予選,晴,南,5,3,5,6,4288,永 田 啓 二,64,64,6.66,6,0.09,,1-2-4,3080,9,1-2,680,3,1-2-4,1430,8,1-2,310,1,,,,,,,
20250831,浜名湖,3,予選,晴,南,5,3,6,5,3606,川 北 浩 貴,10,46,6.65,5,0.16,,1-2-4,3080,9,1-2,680,3,1-2-4,1430,8,1-2,310,1,,,,,,,
20250831,浜名湖,4,ランチタイム,晴,南,4,2,1,1,4786,佐 藤 博 亮,47,73,6.57,1,0.14,1.50.6,1-2-6,2450,8,1-2,280,1,1-2-6,1060,5,1-2,210,1,,,,,,,
20250831,浜名湖,4,ランチタイム,晴,南,4,2,2,2,3761,山 本 光 雄,43,49,6.62,2,0.20,1.52.8,1-2-6,2450,8,1-2,280,1,1-2-6,1060,5,1-2,210,1,,,,,,,
20250831,浜名湖,4,ランチタイム,晴,南,4,2,3,6,4697,國 弘 翔 平,51,60,6.65,5,0.24,1.54.6,1-2-6,2450,8,1-2,280,1,1-2-6,1060,5,1-2,210,1,,,,,,,
20250831,浜名湖,4,ランチタイム,晴,南,4,2,4,3,4422,永 井 亮 次,56,38,6.66,3,0.30,1.55.6,1-2-6,2450,8,1-2,280,1,1-2-6,1060,5,1-2,210,1,,,,,,,
20250831,浜名湖,4,ランチタイム,晴,南,4,2,5,5,5355,萩 原 丈太朗,32,15,6.69,6,0.27,,1-2-6,2450,8,1-2,280,1,1-2-6,1060,5,1-2,210,1,,,,,,,
20250831,浜名湖,4,ランチタイム,晴,南,4,2,6,4,4918,川 島 拓 郎,18,12,6.69,4,0.26,,1-2-6,2450,8,1-2,280,1,1-2-6,1060,5,1-2,210,1,,,,,,,
20250831,浜名湖,5,予選,晴,南,5,3,1,1,3392,小 森 信 雄,62,31,6.66,1,0.18,1.52.1,1-2-4,7190,27,1-2,1550,6,1-2-4,2710,10,1-2,780,4,,,,,,,
20250831,浜名湖,5,予選,晴,南,5,3,2,2,4887,富 澤 祐 作,29,75,6.73,2,0.13,1.53.4,1-2-4,7190,27,1-2,1550,6,1-2-4,2710,10,1-2,780,4,,,,,,,
20250831,浜名湖,5,予選,晴,南,5,3,3,4,5102,原 田 雄 次,48,33,6.76,4,0.29,1.54.7,1-2-4,7190,27,1-2,1550,6,1-2-4,2710,10,1-2,780,4,,,,,,,
20250831,浜名湖,5,予選,晴,南,5,3,4,3,4939,宮之原 輝 紀,5,63,6.67,3,0.16,1.56.4,1-2-4,7190,27,1-2,1550,6,1-2-4,2710,10,1-2,780,4,,,,,,,
20250831,浜名湖,5,予選,晴,南,5,3,5,5,4232,笠 雅 雄,50,54,6.76,5,0.28,,1-2-4,7190,27,1-2,1550,6,1-2-4,2710,10,1-2,780,4,,,,,,,
20250831,浜名湖,5,予選,晴,南,5,3,6,6,3944,山 口 裕 二,34,48,6.68,6,0.30,,1-2-4,7190,27,1-2,1550,6,1-2-4,2710,10,1-2,780,4,,,,,,,
20250831,浜名湖,6,予選,晴,南,5,3,1,1,4967,中 村 魁 生,60,58,6.66,1,0.12,1.51.3,1-4-2,710,2,1-4,460,2,1-2-4,220,1,1-4,320,2,,,,,,,
20250831,浜名湖,6,予選,晴,南,5,3,2,4,4171,榎 幸 司,31,40,6.63,4,0.15,1.52.7,1-4-2,710,2,1-4,460,2,1-2-4,220,1,1-4,320,2,,,,,,,
20250831,浜名湖,6,予選,晴,南,5,3,3,2,3811,石 田 章 央,25,43,6.70,2,0.12,1.53.5,1-4-2,710,2,1-4,460,2,1-2-4,220,1,1-4,320,2,,,,,,,
20250831,浜名湖,6,予選,晴,南,5,3,4,3,4003,表 憲 一,35,41,6.73,3,0.11,1.55.3,1-4-2,710,2,1-4,460,2,1-2-4,220,1,1-4,320,2,,,,,,,
20250831,浜名湖,6,予選,晴,南,5,3,5,5,4608,荒 井 翔 伍,15,65,6.68,5,0.18,,1-4-2,710,2,1-4,460,2,1-2-4,220,1,1-4,320,2,,,,,,,
20250831,浜名湖,6,予選,晴,南,5,3,6,6,5098,大 江 純,13,74,6.64,6,0.14,,1-4-2,710,2,1-4,460,2,1-2-4,220,1,1-4,320,2,,,,,,,
20250831,浜名湖,7,予選,晴,南,5,3,1,3,4055,吉 田 俊 彦,66,44,6.78,3,0.06,1.52.0,3-4-1,2290,8,3-4,790,4,1-3-4,340,1,3-4,510,2,,,,,,,
20250831,浜名湖,7,予選,晴,南,5,3,2,4,3792,田 中 豪,23,34,6.77,4,0.08,1.52.8,3-4-1,2290,8,3-4,790,4,1-3-4,340,1,3-4,510,2,,,,,,,
20250831,浜名湖,7,予選,晴,南,5,3,3,1,4551,三 川 昂 暁,57,45,6.69,1,0.14,1.54.2,3-4-1,2290,8,3-4,790,4,1-3-4,340,1,3-4,510,2,,,,,,,
20250831,浜名湖,7,予選,晴,南,5,3,4,2,4035,杉 江 浩 明,63,47,6.67,2,0.16,1.54.9,3-4-1,2290,8,3-4,790,4,1-3-4,340,1,3-4,510,2,,,,,,,
20250831,浜名湖,7,予選,晴,南,5,3,5,5,4288,永 田 啓 二,64,64,6.78,5,0.07,,3-4-1,2290,8,3-4,790,4,1-3-4,340,1,3-4,510,2,,,,,,,
20250831,浜名湖,7,予選,晴,南,5,3,6,6,5383,中 村 楓,3,59,6.68,6,0.11,,3-4-1,2290,8,3-4,790,4,1-3-4,340,1,3-4,510,2,,,,,,,
20250831,浜名湖,8,ブレイクタイ,晴,南,5,3,1,2,4918,川 島 拓 郎,18,12,6.68,2,0.13,1.51.3,2-4-6,11650,42,2-4,2920,10,2-4-6,1750,9,2-4,1240,7,,,,,,,
20250831,浜名湖,8,ブレイクタイ,晴,南,5,3,2,4,4370,山 口 達 也,14,68,6.62,4,0.12,1.52.7,2-4-6,11650,42,2-4,2920,10,2-4-6,1750,9,2-4,1240,7,,,,,,,
20250831,浜名湖,8,ブレイクタイ,晴,南,5,3,3,6,4902,山 川 雄 大,12,55,6.68,6,0.14,1.54.8,2-4-6,11650,42,2-4,2920,10,2-4-6,1750,9,2-4,1240,7,,,,,,,
20250831,浜名湖,8,ブレイクタイ,晴,南,5,3,4,3,3850,小 川 知 行,30,61,6.65,3,0.12,1.56.1,2-4-6,11650,42,2-4,2920,10,2-4-6,1750,9,2-4,1240,7,,,,,,,
20250831,浜名湖,8,ブレイクタイ,晴,南,5,3,5,5,4731,間 野 兼 礼,59,21,6.77,5,0.07,,2-4-6,11650,42,2-4,2920,10,2-4-6,1750,9,2-4,1240,7,,,,,,,
20250831,浜名湖,8,ブレイクタイ,晴,南,5,3,6,1,3606,川 北 浩 貴,10,46,6.69,1,0.22,,2-4-6,11650,42,2-4,2920,10,2-4-6,1750,9,2-4,1240,7,,,,,,,
20250831,浜名湖,9,予選特賞,晴,南,4,2,1,1,4989,石 原 翼,19,32,6.70,1,0.19,1.51.7,1-3-2,1660,5,1-3,910,3,1-2-3,410,2,1-3,770,2,,,,,,,
20250831,浜名湖,9,予選特賞,晴,南,4,2,2,3,3564,桑 原 啓,36,27,6.69,3,0.22,1.53.3,1-3-2,1660,5,1-3,910,3,1-2-3,410,2,1-3,770,2,,,,,,,
20250831,浜名湖,9,予選特賞,晴,南,4,2,3,2,5051,松 本 純 平,20,22,6.65,2,0.21,1.55.7,1-3-2,1660,5,1-3,910,3,1-2-3,410,2,1-3,770,2,,,,,,,
20250831,浜名湖,9,予選特賞,晴,南,4,2,4,5,5102,原 田 雄 次,48,33,6.73,5,0.37,1.56.3,1-3-2,1660,5,1-3,910,3,1-2-3,410,2,1-3,770,2,,,,,,,
20250831,浜名湖,9,予選特賞,晴,南,4,2,5,6,4579,中 嶋 健一郎,58,11,6.74,6,0.27,,1-3-2,1660,5,1-3,910,3,1-2-3,410,2,1-3,770,2,,,,,,,
20250831,浜名湖,9,予選特賞,晴,南,4,2,6,4,3692,竹 腰 正 樹,49,53,6.74,4,0.29,,1-3-2,1660,5,1-3,910,3,1-2-3,410,2,1-3,770,2,,,,,,,
20250831,浜名湖,10,予選特賞,晴,南,4,2,1,3,3319,山 崎 義 明,2,13,6.70,3,0.13,1.51.2,3-2-6,31470,64,3-2,3850,12,2-3-6,3940,11,2-3,680,3,,,,,,,
20250831,浜名湖,10,予選特賞,晴,南,4,2,2,2,4907,小 池 修 平,28,50,6.63,2,0.16,1.52.0,3-2-6,31470,64,3-2,3850,12,2-3-6,3940,11,2-3,680,3,,,,,,,
20250831,浜名湖,10,予選特賞,晴,南,4,2,3,6,5105,富 田 恕 生,4,16,6.70,6,0.09,1.54.3,3-2-6,31470,64,3-2,3850,12,2-3-6,3940,11,2-3,680,3,,,,,,,
20250831,浜名湖,10,予選特賞,晴,南,4,2,4,4,4887,富 澤 祐 作,29,75,6.76,4,0.13,1.54.8,3-2-6,31470,64,3-2,3850,12,2-3-6,3940,11,2-3,680,3,,,,,,,
20250831,浜名湖,10,予選特賞,晴,南,4,2,5,1,4608,荒 井 翔 伍,15,65,6.71,1,0.20,,3-2-6,31470,64,3-2,3850,12,2-3-6,3940,11,2-3,680,3,,,,,,,
20250831,浜名湖,10,予選特賞,晴,南,4,2,6,5,4786,佐 藤 博 亮,47,73,6.64,5,0.10,,3-2-6,31470,64,3-2,3850,12,2-3-6,3940,11,2-3,680,3,,,,,,,
20250831,浜名湖,11,予選特選,晴,南,4,2,1,1,3792,田 中 豪,23,34,6.72,1,0.01,1.50.9,1-5-4,3530,13,1-5,410,1,1-4-5,1130,6,1-5,310,2,,,,,,,
20250831,浜名湖,11,予選特選,晴,南,4,2,2,5,4939,宮之原 輝 紀,5,63,6.70,5,0.12,1.52.2,1-5-4,3530,13,1-5,410,1,1-4-5,1130,6,1-5,310,2,,,,,,,
20250831,浜名湖,11,予選特選,晴,南,4,2,3,4,3933,山 地 正 樹,52,30,6.73,4,0.16,1.54.1,1-5-4,3530,13,1-5,410,1,1-4-5,1130,6,1-5,310,2,,,,,,,
20250831,浜名湖,11,予選特選,晴,南,4,2,4,2,3905,天 野 友 和,33,29,6.70,2,0.08,1.55.3,1-5-4,3530,13,1-5,410,1,1-4-5,1130,6,1-5,310,2,,,,,,,
20250831,浜名湖,11,予選特選,晴,南,4,2,5,6,4958,溝 口 海義也,21,36,6.68,6,0.11,,1-5-4,3530,13,1-5,410,1,1-4-5,1130,6,1-5,310,2,,,,,,,
20250831,浜名湖,11,予選特選,晴,南,4,2,6,3,4697,國 弘 翔 平,51,60,6.69,3,0.13,,1-5-4,3530,13,1-5,410,1,1-4-5,1130,6,1-5,310,2,,,,,,,
20250831,浜名湖,12,予選特選,晴,南,3,2,1,2,4055,吉 田 俊 彦,66,44,6.69,2,0.14,1.51.8,2-3-4,16480,32,2-3,2780,7,2-3-4,3290,10,2-3,1820,4,,,,,,,
20250831,浜名湖,12,予選特選,晴,南,3,2,2,3,4967,中 村 魁 生,60,58,6.69,3,0.12,1.52.9,2-3-4,16480,32,2-3,2780,7,2-3-4,3290,10,2-3,1820,4,,,,,,,
20250831,浜名湖,12,予選特選,晴,南,3,2,3,4,3761,山 本 光 雄,43,49,6.65,4,0.24,1.54.2,2-3-4,16480,32,2-3,2780,7,2-3-4,3290,10,2-3,1820,4,,,,,,,
20250831,浜名湖,12,予選特選,晴,南,3,2,4,1,4370,山 口 達 也,14,68,6.68,1,0.30,1.54.9,2-3-4,16480,32,2-3,2780,7,2-3-4,3290,10,2-3,1820,4,,,,,,,
20250831,浜名湖,12,予選特選,晴,南,3,2,5,5,3911,鈴 木 猛,44,62,6.71,5,0.20,,2-3-4,16480,32,2-3,2780,7,2-3-4,3290,10,2-3,1820,4,,,,,,,
20250831,浜名湖,12,予選特選,晴,南,3,2,6,6,4560,庄 司 樹良々,54,35,6.67,6,0.22,,2-3-4,16480,32,2-3,2780,7,2-3-4,3290,10,2-3,1820,4,,,,,,,
20250831,芦屋,1,サンライズＶ,晴,南,1,1,1,1,4330,奈 須 啓 太,43,133,6.82,1,0.14,1.49.0,1-3-2,1030,3,1-3,330,2,1-2-3,470,1,1-3,570,2,,,,,,,
20250831,芦屋,1,サンライズＶ,晴,南,1,1,2,3,3910,松 下 知 幸,29,144,6.87,3,0.22,1.51.3,1-3-2,1030,3,1-3,330,2,1-2-3,470,1,1-3,570,2,,,,,,,
20250831,芦屋,1,サンライズＶ,晴,南,1,1,3,2,3807,岡 部 哲,16,150,6.86,2,0.20,1.53.3,1-3-2,1030,3,1-3,330,2,1-2-3,470,1,1-3,570,2,,,,,,,
20250831,芦屋,1,サンライズＶ,晴,南,1,1,4,4,4803,飯 田 庄 吾,30,170,6.81,4,0.26,1.53.6,1-3-2,1030,3,1-3,330,2,1-2-3,470,1,1-3,570,2,,,,,,,
20250831,芦屋,1,サンライズＶ,晴,南,1,1,5,6,3523,寳 田 亮 治,48,135,6.78,6,0.22,,1-3-2,1030,3,1-3,330,2,1-2-3,470,1,1-3,570,2,,,,,,,
20250831,芦屋,1,サンライズＶ,晴,南,1,1,6,5,3401,上 田 隆 章,17,153,6.84,5,0.28,,1-3-2,1030,3,1-3,330,2,1-2-3,470,1,1-3,570,2,,,,,,,
20250831,芦屋,2,サンライズＷ,晴,南,1,1,1,5,5107,松 本 真 広,26,143,6.72,5,0.12,1.49.8,5-1-4,13110,30,5-1,5130,13,1-4-5,420,3,1-5,1320,5,,,,,,,
20250831,芦屋,2,サンライズＷ,晴,南,1,1,2,1,4089,妹 尾 忠 幸,56,149,6.82,1,0.17,1.51.5,5-1-4,13110,30,5-1,5130,13,1-4-5,420,3,1-5,1320,5,,,,,,,
20250831,芦屋,2,サンライズＷ,晴,南,1,1,3,4,4643,近 江 翔 吾,19,118,6.78,4,0.17,1.52.1,5-1-4,13110,30,5-1,5130,13,1-4-5,420,3,1-5,1320,5,,,,,,,
20250831,芦屋,2,サンライズＷ,晴,南,1,1,4,2,4883,岡 部 大 輝,15,141,6.79,2,0.24,1.53.9,5-1-4,13110,30,5-1,5130,13,1-4-5,420,3,1-5,1320,5,,,,,,,
20250831,芦屋,2,サンライズＷ,晴,南,1,1,5,3,5022,伊 藤 尚 汰,59,134,6.75,3,0.14,,5-1-4,13110,30,5-1,5130,13,1-4-5,420,3,1-5,1320,5,,,,,,,
20250831,芦屋,2,サンライズＷ,晴,南,1,1,6,6,5395,日 高 龍之介,53,112,6.81,6,0.19,,5-1-4,13110,30,5-1,5130,13,1-4-5,420,3,1-5,1320,5,,,,,,,
20250831,芦屋,3,サンライズＸ,晴,東,1,1,1,1,5068,前 田 滉,8,159,6.72,1,0.22,1.49.2,1-3-6,3310,11,1-3,290,2,1-3-6,2010,7,1-3,330,3,,,,,,,
20250831,芦屋,3,サンライズＸ,晴,東,1,1,2,3,5158,宮 脇 遼 太,9,146,6.76,3,0.24,1.51.0,1-3-6,3310,11,1-3,290,2,1-3-6,2010,7,1-3,330,3,,,,,,,
20250831,芦屋,3,サンライズＸ,晴,東,1,1,3,6,4676,後 藤 隼 之,55,152,6.82,6,0.19,1.52.9,1-3-6,3310,11,1-3,290,2,1-3-6,2010,7,1-3,330,3,,,,,,,
20250831,芦屋,3,サンライズＸ,晴,東,1,1,4,5,4787,椎 名 豊,31,166,6.77,5,0.19,1.54.3,1-3-6,3310,11,1-3,290,2,1-3-6,2010,7,1-3,330,3,,,,,,,
20250831,芦屋,3,サンライズＸ,晴,東,1,1,5,2,4251,川 崎 誠 志,35,137,6.79,2,0.31,,1-3-6,3310,11,1-3,290,2,1-3-6,2010,7,1-3,330,3,,,,,,,
20250831,芦屋,3,サンライズＸ,晴,東,1,1,6,4,3953,志 道 吉 和,23,128,6.82,4,0.23,,1-3-6,3310,11,1-3,290,2,1-3-6,2010,7,1-3,330,3,,,,,,,
20250831,芦屋,4,サンライズＹ 進入固定,晴,東,2,2,1,3,4298,宮 下 元 胤,32,157,6.70,3,0.18,1.49.7,3-1-2,6680,23,3-1,1140,4,1-2-3,550,3,1-3,220,1,,,,,,,
20250831,芦屋,4,サンライズＹ 進入固定,晴,東,2,2,2,1,4264,長 尾 章 平,20,123,6.81,1,0.15,1.51.2,3-1-2,6680,23,3-1,1140,4,1-2-3,550,3,1-3,220,1,,,,,,,
20250831,芦屋,4,サンライズＹ 進入固定,晴,東,2,2,3,2,3882,新 田 智 彰,37,139,6.82,2,0.13,1.52.3,3-1-2,6680,23,3-1,1140,4,1-2-3,550,3,1-3,220,1,,,,,,,
20250831,芦屋,4,サンライズＹ 進入固定,晴,東,2,2,4,5,4654,篠 田 優 也,12,131,6.79,5,0.17,1.53.4,3-1-2,6680,23,3-1,1140,4,1-2-3,550,3,1-3,220,1,,,,,,,
20250831,芦屋,4,サンライズＹ 進入固定,晴,東,2,2,5,4,4861,田 中 宏 樹,50,117,6.69,4,0.21,,3-1-2,6680,23,3-1,1140,4,1-2-3,550,3,1-3,220,1,,,,,,,
20250831,芦屋,4,サンライズＹ 進入固定,晴,東,2,2,6,6,4898,菊 地 敬 介,49,111,6.85,6,0.23,,3-1-2,6680,23,3-1,1140,4,1-2-3,550,3,1-3,220,1,,,,,,,
20250831,芦屋,5,サンライズＺ,晴,南,1,1,1,1,5121,定 松 勇 樹,36,163,6.81,1,0.09,1.57.9,1-3-5,620,1,1-3,310,2,1-3-5,260,1,1-3,280,2,,,,,,,
20250831,芦屋,5,サンライズＺ,晴,南,1,1,2,3,4610,佐 藤 大 佑,27,115,6.79,2,0.04,2.01.9,1-3-5,620,1,1-3,310,2,1-3-5,260,1,1-3,280,2,,,,,,,
20250831,芦屋,5,サンライズＺ,晴,南,1,1,3,5,4543,重 木 輝 彦,21,122,6.77,4,0.11,2.04.6,1-3-5,620,1,1-3,310,2,1-3-5,260,1,1-3,280,2,,,,,,,
20250831,芦屋,5,サンライズＺ,晴,南,1,1,4,2,3523,寳 田 亮 治,48,135,6.75,5,0.29,2.06.7,1-3-5,620,1,1-3,310,2,1-3-5,260,1,1-3,280,2,,,,,,,
20250831,芦屋,5,サンライズＺ,晴,南,1,1,5,6,5369,岡 崎 凪 汰,14,125,6.83,6,0.05,,1-3-5,620,1,1-3,310,2,1-3-5,260,1,1-3,280,2,,,,,,,
20250831,芦屋,6,予選,晴,東,2,2,1,1,4082,濱 崎 誠,13,119,6.82,1,0.13,1.49.8,1-4-6,1390,3,1-4,600,2,1-4-6,430,2,1-4,470,2,,,,,,,
20250831,芦屋,6,予選,晴,東,2,2,2,4,4645,上 村 純 一,54,124,6.75,4,0.17,1.50.6,1-4-6,1390,3,1-4,600,2,1-4-6,430,2,1-4,470,2,,,,,,,
20250831,芦屋,6,予選,晴,東,2,2,3,6,4544,松 田 大志郎,25,155,6.80,6,0.24,1.52.3,1-4-6,1390,3,1-4,600,2,1-4-6,430,2,1-4,470,2,,,,,,,
20250831,芦屋,6,予選,晴,東,2,2,4,3,3909,佐々木 康 幸,40,130,6.82,3,0.12,1.53.6,1-4-6,1390,3,1-4,600,2,1-4-6,430,2,1-4,470,2,,,,,,,
20250831,芦屋,6,予選,晴,東,2,2,5,2,4442,松 竹 大 輔,47,161,6.78,2,0.14,,1-4-6,1390,3,1-4,600,2,1-4-6,430,2,1-4,470,2,,,,,,,
20250831,芦屋,6,予選,晴,東,2,2,6,5,3637,齋 藤 和 政,41,116,6.84,5,0.29,,1-4-6,1390,3,1-4,600,2,1-4-6,430,2,1-4,470,2,,,,,,,
20250831,芦屋,7,予選 進入固定,晴,北西,3,3,1,1,3953,志 道 吉 和,23,128,6.80,1,0.26,1.50.8,1-2-3,1400,3,1-2,680,3,1-2-3,330,1,1-2,360,2,,,,,,,
20250831,芦屋,7,予選 進入固定,晴,北西,3,3,2,2,3401,上 田 隆 章,17,153,6.82,2,0.25,1.51.9,1-2-3,1400,3,1-2,680,3,1-2-3,330,1,1-2,360,2,,,,,,,
20250831,芦屋,7,予選 進入固定,晴,北西,3,3,3,3,5160,藤 森 陸 斗,3,120,6.78,3,0.25,1.53.5,1-2-3,1400,3,1-2,680,3,1-2-3,330,1,1-2,360,2,,,,,,,
20250831,芦屋,7,予選 進入固定,晴,北西,3,3,4,4,4895,門 間 雄 大,52,169,6.78,4,0.27,1.54.4,1-2-3,1400,3,1-2,680,3,1-2-3,330,1,1-2,360,2,,,,,,,
20250831,芦屋,7,予選 進入固定,晴,北西,3,3,5,6,5395,日 高 龍之介,53,112,6.78,6,0.28,,1-2-3,1400,3,1-2,680,3,1-2-3,330,1,1-2,360,2,,,,,,,
20250831,芦屋,7,予選 進入固定,晴,北西,3,3,6,5,5263,花 田 凱 成,11,140,6.72,5,0.29,,1-2-3,1400,3,1-2,680,3,1-2-3,330,1,1-2,360,2,,,,,,,
20250831,芦屋,8,予選,曇り,北西,2,2,1,2,4027,松 江 秀 徳,10,147,6.93,2,0.10,1.49.5,2-3-1,5990,21,2-3,1980,7,1-2-3,490,2,2-3,580,2,,,,,,,
20250831,芦屋,8,予選,曇り,北西,2,2,2,3,5068,前 田 滉,8,159,6.84,3,0.10,1.50.8,2-3-1,5990,21,2-3,1980,7,1-2-3,490,2,2-3,580,2,,,,,,,
20250831,芦屋,8,予選,曇り,北西,2,2,3,1,4396,大 田 直 弥,24,160,6.98,1,0.11,1.52.8,2-3-1,5990,21,2-3,1980,7,1-2-3,490,2,2-3,580,2,,,,,,,
20250831,芦屋,8,予選,曇り,北西,2,2,4,5,3910,松 下 知 幸,29,144,6.97,5,0.11,1.55.6,2-3-1,5990,21,2-3,1980,7,1-2-3,490,2,2-3,580,2,,,,,,,
20250831,芦屋,8,予選,曇り,北西,2,2,5,4,5107,松 本 真 広,26,143,6.84,4,0.09,,2-3-1,5990,21,2-3,1980,7,1-2-3,490,2,2-3,580,2,,,,,,,
20250831,芦屋,8,予選,曇り,北西,2,2,6,6,4630,岩 永 雅 人,58,114,6.82,6,0.12,,2-3-1,5990,21,2-3,1980,7,1-2-3,490,2,2-3,580,2,,,,,,,
20250831,芦屋,9,予選特賞,雨,北,1,1,1,6,4643,近 江 翔 吾,19,118,6.82,5,0.28,1.54.4,6-5-1,28740,54,6-5,10720,18,1-5-6,1270,6,5-6,4060,9,,,,,,,
20250831,芦屋,9,予選特賞,雨,北,1,1,2,5,4330,奈 須 啓 太,43,133,6.87,4,0.29,1.57.1,6-5-1,28740,54,6-5,10720,18,1-5-6,1270,6,5-6,4060,9,,,,,,,
20250831,芦屋,9,予選特賞,雨,北,1,1,3,1,4298,宮 下 元 胤,32,157,6.78,1,0.20,1.59.1,6-5-1,28740,54,6-5,10720,18,1-5-6,1270,6,5-6,4060,9,,,,,,,
20250831,芦屋,9,予選特賞,雨,北,1,1,4,3,4904,松 本 一 毅,57,162,6.87,3,0.26,2.01.5,6-5-1,28740,54,6-5,10720,18,1-5-6,1270,6,5-6,4060,9,,,,,,,
20250831,芦屋,9,予選特賞,雨,北,1,1,5,4,4251,川 崎 誠 志,35,137,6.83,6,0.37,,6-5-1,28740,54,6-5,10720,18,1-5-6,1270,6,5-6,4060,9,,,,,,,
20250831,芦屋,10,予選特賞,雨,北西,3,3,1,4,3909,佐々木 康 幸,40,130,6.81,4,0.10,1.49.9,4-1-2,3140,10,4-1,980,3,1-2-4,350,1,1-4,270,1,,,,,,,
20250831,芦屋,10,予選特賞,雨,北西,3,3,2,1,4543,重 木 輝 彦,21,122,6.81,1,0.16,1.50.4,4-1-2,3140,10,4-1,980,3,1-2-4,350,1,1-4,270,1,,,,,,,
20250831,芦屋,10,予選特賞,雨,北西,3,3,3,2,4073,大 橋 純一郎,2,121,6.82,2,0.15,1.52.2,4-1-2,3140,10,4-1,980,3,1-2-4,350,1,1-4,270,1,,,,,,,
20250831,芦屋,10,予選特賞,雨,北西,3,3,4,6,4545,岡 村 慶 太,33,167,6.81,6,0.16,1.52.8,4-1-2,3140,10,4-1,980,3,1-2-4,350,1,1-4,270,1,,,,,,,
20250831,芦屋,10,予選特賞,雨,北西,3,3,5,5,4883,岡 部 大 輝,15,141,6.85,5,0.13,,4-1-2,3140,10,4-1,980,3,1-2-4,350,1,1-4,270,1,,,,,,,
20250831,芦屋,10,予選特賞,雨,北西,3,3,6,3,4803,飯 田 庄 吾,30,170,6.82,3,0.17,,4-1-2,3140,10,4-1,980,3,1-2-4,350,1,1-4,270,1,,,,,,,
20250831,芦屋,11,予選特選,晴,北,2,2,1,1,4654,篠 田 優 也,12,131,6.84,1,0.16,1.49.4,1-4-3,7090,24,1-4,3470,12,1-3-4,640,4,1-4,2790,9,,,,,,,
20250831,芦屋,11,予選特選,晴,北,2,2,2,4,3807,岡 部 哲,16,150,6.93,4,0.13,1.51.1,1-4-3,7090,24,1-4,3470,12,1-3-4,640,4,1-4,2790,9,,,,,,,
20250831,芦屋,11,予選特選,晴,北,2,2,3,3,4544,松 田 大志郎,25,155,6.80,3,0.15,1.52.0,1-4-3,7090,24,1-4,3470,12,1-3-4,640,4,1-4,2790,9,,,,,,,
20250831,芦屋,11,予選特選,晴,北,2,2,4,6,5158,宮 脇 遼 太,9,146,6.73,6,0.11,1.53.2,1-4-3,7090,24,1-4,3470,12,1-3-4,640,4,1-4,2790,9,,,,,,,
20250831,芦屋,11,予選特選,晴,北,2,2,5,5,4553,坪 口 竜 也,51,151,6.89,5,0.15,,1-4-3,7090,24,1-4,3470,12,1-3-4,640,4,1-4,2790,9,,,,,,,
20250831,芦屋,11,予選特選,晴,北,2,2,6,2,5160,藤 森 陸 斗,3,120,6.83,2,0.17,,1-4-3,7090,24,1-4,3470,12,1-3-4,640,4,1-4,2790,9,,,,,,,
20250831,芦屋,12,予選特選,晴,北,2,2,1,5,4089,妹 尾 忠 幸,56,149,6.84,5,0.21,1.49.8,5-6-4,84950,90,5-6,9500,14,4-5-6,4100,11,5-6,3770,10,,,,,,,
20250831,芦屋,12,予選特選,晴,北,2,2,2,6,4645,上 村 純 一,54,124,6.77,6,0.16,1.50.6,5-6-4,84950,90,5-6,9500,14,4-5-6,4100,11,5-6,3770,10,,,,,,,
20250831,芦屋,12,予選特選,晴,北,2,2,3,4,4264,長 尾 章 平,20,123,6.90,4,0.19,1.52.6,5-6-4,84950,90,5-6,9500,14,4-5-6,4100,11,5-6,3770,10,,,,,,,
20250831,芦屋,12,予選特選,晴,北,2,2,4,2,4610,佐 藤 大 佑,27,115,6.83,2,0.35,1.53.2,5-6-4,84950,90,5-6,9500,14,4-5-6,4100,11,5-6,3770,10,,,,,,,
20250831,芦屋,12,予選特選,晴,北,2,2,5,1,4787,椎 名 豊,31,166,6.80,1,0.25,,5-6-4,84950,90,5-6,9500,14,4-5-6,4100,11,5-6,3770,10,,,,,,,
20250831,芦屋,12,予選特選,晴,北,2,2,6,3,4630,岩 永 雅 人,58,114,6.84,3,0.39,,5-6-4,84950,90,5-6,9500,14,4-5-6,4100,11,5-6,3770,10,,,,,,,
20250831,若松,1,一般戦,曇り,東,5,5,1,3,4573,佐 藤 翼,47,67,6.97,3,0.08,1.50.7,3-1-2,4570,14,3-1,1580,6,1-2-3,280,1,1-3,330,2,,,,,,,
20250831,若松,1,一般戦,曇り,東,5,5,2,1,4024,井 口 佳 典,9,56,6.95,1,0.14,1.52.5,3-1-2,4570,14,3-1,1580,6,1-2-3,280,1,1-3,330,2,,,,,,,
20250831,若松,1,一般戦,曇り,東,5,5,3,2,4482,守 屋 美 穂,41,68,6.92,2,0.13,1.53.5,3-1-2,4570,14,3-1,1580,6,1-2-3,280,1,1-3,330,2,,,,,,,
20250831,若松,1,一般戦,曇り,東,5,5,4,5,4324,海 野 康志郎,35,11,7.06,5,0.08,1.54.6,3-1-2,4570,14,3-1,1580,6,1-2-3,280,1,1-3,330,2,,,,,,,
20250831,若松,1,一般戦,曇り,東,5,5,5,4,3388,今 垣 光太郎,37,63,7.11,4,0.06,,3-1-2,4570,14,3-1,1580,6,1-2-3,280,1,1-3,330,2,,,,,,,
20250831,若松,1,一般戦,曇り,東,5,5,6,6,4497,桑 原 悠,20,43,7.04,6,0.08,,3-1-2,4570,14,3-1,1580,6,1-2-3,280,1,1-3,330,2,,,,,,,
20250831,若松,2,一般戦,曇り,東,5,5,1,1,4686,丸 野 一 樹,25,45,6.99,1,0.08,1.50.3,1-2-3,1250,3,1-2,350,2,1-2-3,500,1,1-2,330,2,,,,,,,
20250831,若松,2,一般戦,曇り,東,5,5,2,2,4502,遠 藤 エ ミ,59,65,7.04,2,0.06,1.51.7,1-2-3,1250,3,1-2,350,2,1-2-3,500,1,1-2,330,2,,,,,,,
20250831,若松,2,一般戦,曇り,東,5,5,3,3,4266,長 田 頼 宗,2,62,7.01,3,0.03,1.53.4,1-2-3,1250,3,1-2,350,2,1-2-3,500,1,1-2,330,2,,,,,,,
20250831,若松,2,一般戦,曇り,東,5,5,4,4,4932,新 開 航,58,30,6.94,4,0.07,1.54.0,1-2-3,1250,3,1-2,350,2,1-2-3,500,1,1-2,330,2,,,,,,,
20250831,若松,2,一般戦,曇り,東,5,5,5,6,4500,山 田 康 二,39,25,6.94,6,0.08,,1-2-3,1250,3,1-2,350,2,1-2-3,500,1,1-2,330,2,,,,,,,
20250831,若松,2,一般戦,曇り,東,5,5,6,5,4362,土 屋 智 則,17,54,7.06,5,0.03,,1-2-3,1250,3,1-2,350,2,1-2-3,500,1,1-2,330,2,,,,,,,
20250831,若松,3,一般戦,曇り,東,3,3,1,1,3415,松 井 繁,45,64,6.98,1,0.07,1.51.4,1-3-4,1620,5,1-3,480,2,1-3-4,800,3,1-3,430,2,,,,,,,
20250831,若松,3,一般戦,曇り,東,3,3,2,3,3978,齊 藤 仁,26,14,6.99,3,0.10,1.52.1,1-3-4,1620,5,1-3,480,2,1-3-4,800,3,1-3,430,2,,,,,,,
20250831,若松,3,一般戦,曇り,東,3,3,3,4,4444,桐 生 順 平,51,31,7.01,4,0.09,1.52.6,1-3-4,1620,5,1-3,480,2,1-3-4,800,3,1-3,430,2,,,,,,,
20250831,若松,3,一般戦,曇り,東,3,3,4,5,4168,石 野 貴 之,29,12,6.97,5,0.07,1.54.2,1-3-4,1620,5,1-3,480,2,1-3-4,800,3,1-3,430,2,,,,,,,
20250831,若松,3,一般戦,曇り,東,3,3,5,6,4205,山 口 剛,33,70,7.01,6,0.12,,1-3-4,1620,5,1-3,480,2,1-3-4,800,3,1-3,430,2,,,,,,,
20250831,若松,3,一般戦,曇り,東,3,3,6,2,4061,萩 原 秀 人,4,59,6.90,2,0.11,,1-3-4,1620,5,1-3,480,2,1-3-4,800,3,1-3,430,2,,,,,,,
20250831,若松,4,一般戦,曇り,東,3,3,1,1,4371,西 山 貴 浩,7,75,7.05,1,0.03,1.50.3,1-3-4,1000,3,1-3,290,1,1-3-4,520,2,1-3,260,1,,,,,,,
20250831,若松,4,一般戦,曇り,東,3,3,2,3,4350,篠 崎 元 志,32,48,6.97,3,0.09,1.51.7,1-3-4,1000,3,1-3,290,1,1-3-4,520,2,1-3,260,1,,,,,,,
20250831,若松,4,一般戦,曇り,東,3,3,3,4,4504,前 田 将 太,53,13,7.05,4,0.13,1.53.3,1-3-4,1000,3,1-3,290,1,1-3-4,520,2,1-3,260,1,,,,,,,
20250831,若松,4,一般戦,曇り,東,3,3,4,2,4688,永 井 彪 也,55,58,7.00,2,0.07,1.54.1,1-3-4,1000,3,1-3,290,1,1-3-4,520,2,1-3,260,1,,,,,,,
20250831,若松,4,一般戦,曇り,東,3,3,5,6,4494,河 合 佑 樹,40,29,7.03,6,0.12,,1-3-4,1000,3,1-3,290,1,1-3-4,520,2,1-3,260,1,,,,,,,
20250831,若松,4,一般戦,曇り,東,3,3,6,5,4757,山 田 祐 也,18,42,7.01,5,0.07,,1-3-4,1000,3,1-3,290,1,1-3-4,520,2,1-3,260,1,,,,,,,
20250831,若松,5,一般戦,曇り,東,5,5,1,2,4030,森 高 一 真,10,39,6.98,2,0.08,1.51.2,2-5-6,34150,69,2-5,8550,21,2-5-6,6250,15,2-5,5000,13,,,,,,,
20250831,若松,5,一般戦,曇り,東,5,5,2,5,4851,関 浩 哉,11,46,6.89,5,0.14,1.52.1,2-5-6,34150,69,2-5,8550,21,2-5-6,6250,15,2-5,5000,13,,,,,,,
20250831,若松,5,一般戦,曇り,東,5,5,3,6,4013,中 島 孝 平,46,38,6.97,6,0.13,1.53.6,2-5-6,34150,69,2-5,8550,21,2-5-6,6250,15,2-5,5000,13,,,,,,,
20250831,若松,5,一般戦,曇り,東,5,5,4,4,3779,原 田 幸 哉,5,66,6.92,4,0.11,1.54.9,2-5-6,34150,69,2-5,8550,21,2-5-6,6250,15,2-5,5000,13,,,,,,,
20250831,若松,5,一般戦,曇り,東,5,5,5,1,3719,辻 栄 蔵,48,35,6.98,1,0.12,,2-5-6,34150,69,2-5,8550,21,2-5-6,6250,15,2-5,5000,13,,,,,,,
20250831,若松,5,一般戦,曇り,東,5,5,6,3,4719,上 條 暢 嵩,49,20,6.93,3,0.07,,2-5-6,34150,69,2-5,8550,21,2-5-6,6250,15,2-5,5000,13,,,,,,,
20250831,若松,6,一般戦,晴,東,5,5,1,1,4831,羽 野 直 也,43,16,6.97,1,0.11,1.51.4,1-3-6,1380,2,1-3,340,1,1-3-6,890,4,1-3,210,1,,,,,,,
20250831,若松,6,一般戦,晴,東,5,5,2,3,3590,濱野谷 憲 吾,34,36,6.94,3,0.11,1.52.3,1-3-6,1380,2,1-3,340,1,1-3-6,890,4,1-3,210,1,,,,,,,
20250831,若松,6,一般戦,晴,東,5,5,3,6,3941,池 田 浩 二,24,17,6.95,6,0.16,1.53.9,1-3-6,1380,2,1-3,340,1,1-3-6,890,4,1-3,210,1,,,,,,,
20250831,若松,6,一般戦,晴,東,5,5,4,4,3854,吉 川 元 浩,54,15,6.92,4,0.11,1.54.4,1-3-6,1380,2,1-3,340,1,1-3-6,890,4,1-3,210,1,,,,,,,
20250831,若松,6,一般戦,晴,東,5,5,5,5,4573,佐 藤 翼,47,67,6.90,5,0.17,,1-3-6,1380,2,1-3,340,1,1-3-6,890,4,1-3,210,1,,,,,,,
20250831,若松,6,一般戦,晴,東,5,5,6,2,4847,佐 藤 隆太郎,27,60,6.93,2,0.11,,1-3-6,1380,2,1-3,340,1,1-3-6,890,4,1-3,210,1,,,,,,,
20250831,若松,7,一般戦,晴,北東,3,3,1,1,4524,深 谷 知 博,30,18,6.93,1,0.04,1.49.1,1-6-3,10170,25,1-6,1660,5,1-3-6,1640,9,1-6,1610,5,,,,,,,
20250831,若松,7,一般戦,晴,北東,3,3,2,6,4337,平 本 真 之,23,69,6.96,5,0.04,1.51.8,1-6-3,10170,25,1-6,1660,5,1-3-6,1640,9,1-6,1610,5,,,,,,,
20250831,若松,7,一般戦,晴,北東,3,3,3,3,4459,片 岡 雅 裕,28,37,7.11,3,0.06,1.53.1,1-6-3,10170,25,1-6,1660,5,1-3-6,1640,9,1-6,1610,5,,,,,,,
20250831,若松,7,一般戦,晴,北東,3,3,4,4,4362,土 屋 智 則,17,54,7.04,4,0.03,1.53.8,1-6-3,10170,25,1-6,1660,5,1-3-6,1640,9,1-6,1610,5,,,,,,,
20250831,若松,7,一般戦,晴,北東,3,3,5,5,4445,宮 地 元 輝,61,21,6.96,6,0.01,,1-6-3,10170,25,1-6,1660,5,1-3-6,1640,9,1-6,1610,5,,,,,,,
20250831,若松,7,一般戦,晴,北東,3,3,6,2,4324,海 野 康志郎,35,11,6.97,2,0.06,,1-6-3,10170,25,1-6,1660,5,1-3-6,1640,9,1-6,1610,5,,,,,,,
20250831,若松,8,一般戦,晴,北東,2,2,1,1,4571,菅 章 哉,3,49,6.88,1,0.06,1.50.5,1-2-6,1130,1,1-2,350,1,1-2-6,590,2,1-2,290,1,,,,,,,
20250831,若松,8,一般戦,晴,北東,2,2,2,2,4500,山 田 康 二,39,25,6.92,2,0.11,1.51.8,1-2-6,1130,1,1-2,350,1,1-2-6,590,2,1-2,290,1,,,,,,,
20250831,若松,8,一般戦,晴,北東,2,2,3,6,4418,茅 原 悠 紀,16,50,6.99,6,0.19,1.53.4,1-2-6,1130,1,1-2,350,1,1-2-6,590,2,1-2,290,1,,,,,,,
20250831,若松,8,一般戦,晴,北東,2,2,4,4,4371,西 山 貴 浩,7,75,7.04,3,0.13,1.54.1,1-2-6,1130,1,1-2,350,1,1-2-6,590,2,1-2,290,1,,,,,,,
20250831,若松,8,一般戦,晴,北東,2,2,5,3,3388,今 垣 光太郎,37,63,7.01,4,0.14,,1-2-6,1130,1,1-2,350,1,1-2-6,590,2,1-2,290,1,,,,,,,
20250831,若松,8,一般戦,晴,北東,2,2,6,5,4504,前 田 将 太,53,13,7.06,5,0.14,,1-2-6,1130,1,1-2,350,1,1-2-6,590,2,1-2,290,1,,,,,,,
20250831,若松,9,パイナップル,晴,東,5,5,1,1,4262,馬 場 貴 也,44,33,6.93,1,0.11,1.51.0,1-4-3,1510,7,1-4,430,3,1-3-4,570,3,1-4,420,3,,,,,,,
20250831,若松,9,パイナップル,晴,東,5,5,2,4,4205,山 口 剛,33,70,6.96,4,0.06,1.52.1,1-4-3,1510,7,1-4,430,3,1-3-4,570,3,1-4,420,3,,,,,,,
20250831,若松,9,パイナップル,晴,東,5,5,3,3,4290,稲 田 浩 二,38,44,6.94,3,0.08,1.53.2,1-4-3,1510,7,1-4,430,3,1-3-4,570,3,1-4,420,3,,,,,,,
20250831,若松,9,パイナップル,晴,東,5,5,4,2,3942,寺 田 祥,1,34,6.93,2,0.11,1.54.3,1-4-3,1510,7,1-4,430,3,1-3-4,570,3,1-4,420,3,,,,,,,
20250831,若松,9,パイナップル,晴,東,5,5,5,6,4586,磯 部 誠,36,57,6.92,5,0.11,,1-4-3,1510,7,1-4,430,3,1-3-4,570,3,1-4,420,3,,,,,,,
20250831,若松,9,パイナップル,晴,東,5,5,6,5,3716,石 渡 鉄 兵,56,47,6.96,6,0.19,,1-4-3,1510,7,1-4,430,3,1-3-4,570,3,1-4,420,3,,,,,,,
20250831,若松,10,特別選抜戦,晴,東,4,4,1,1,3941,池 田 浩 二,24,17,6.94,1,0.13,1.50.1,1-5-6,5430,16,1-5,1050,4,1-5-6,3110,10,1-5,860,4,,,,,,,
20250831,若松,10,特別選抜戦,晴,東,4,4,2,5,4030,森 高 一 真,10,39,6.99,5,0.11,1.51.9,1-5-6,5430,16,1-5,1050,4,1-5-6,3110,10,1-5,860,4,,,,,,,
20250831,若松,10,特別選抜戦,晴,東,4,4,3,6,4831,羽 野 直 也,43,16,6.99,6,0.08,1.53.6,1-5-6,5430,16,1-5,1050,4,1-5-6,3110,10,1-5,860,4,,,,,,,
20250831,若松,10,特別選抜戦,晴,東,4,4,4,3,3415,松 井 繁,45,64,6.95,3,0.16,1.53.8,1-5-6,5430,16,1-5,1050,4,1-5-6,3110,10,1-5,860,4,,,,,,,
20250831,若松,10,特別選抜戦,晴,東,4,4,5,4,4350,篠 崎 元 志,32,48,6.95,4,0.09,,1-5-6,5430,16,1-5,1050,4,1-5-6,3110,10,1-5,860,4,,,,,,,
20250831,若松,10,特別選抜戦,晴,東,4,4,6,2,3719,辻 栄 蔵,48,35,6.99,2,0.15,,1-5-6,5430,16,1-5,1050,4,1-5-6,3110,10,1-5,860,4,,,,,,,
20250831,若松,11,特別選抜戦,晴,東,4,4,1,1,4013,中 島 孝 平,46,38,6.97,1,0.11,1.50.4,1-3-5,880,1,1-3,330,1,1-3-5,450,1,1-3,310,1,,,,,,,
20250831,若松,11,特別選抜戦,晴,東,4,4,2,3,3854,吉 川 元 浩,54,15,6.96,3,0.08,1.51.0,1-3-5,880,1,1-3,330,1,1-3-5,450,1,1-3,310,1,,,,,,,
20250831,若松,11,特別選抜戦,晴,東,4,4,3,5,4524,深 谷 知 博,30,18,6.90,5,0.08,1.52.2,1-3-5,880,1,1-3,330,1,1-3-5,450,1,1-3,310,1,,,,,,,
20250831,若松,11,特別選抜戦,晴,東,4,4,4,6,4686,丸 野 一 樹,25,45,6.99,6,0.08,1.54.5,1-3-5,880,1,1-3,330,1,1-3-5,450,1,1-3,310,1,,,,,,,
20250831,若松,11,特別選抜戦,晴,東,4,4,5,2,4445,宮 地 元 輝,61,21,6.96,2,0.09,,1-3-5,880,1,1-3,330,1,1-3-5,450,1,1-3,310,1,,,,,,,
20250831,若松,11,特別選抜戦,晴,東,4,4,6,4,4688,永 井 彪 也,55,58,6.97,4,0.11,,1-3-5,880,1,1-3,330,1,1-3-5,450,1,1-3,310,1,,,,,,,
20250831,若松,12,優勝戦,晴,東,4,4,1,2,3897,白 井 英 治,57,71,6.88,2,0.16,1.50.4,2-1-3,3450,12,2-1,910,4,1-2-3,430,2,1-2,190,1,,,,,,,
20250831,若松,12,優勝戦,晴,東,4,4,2,1,3783,瓜 生 正 義,14,52,6.87,1,0.15,1.52.2,2-1-3,3450,12,2-1,910,4,1-2-3,430,2,1-2,190,1,,,,,,,
20250831,若松,12,優勝戦,晴,東,4,4,3,3,4237,大 峯 豊,42,53,6.88,3,0.15,1.53.3,2-1-3,3450,12,2-1,910,4,1-2-3,430,2,1-2,190,1,,,,,,,
20250831,若松,12,優勝戦,晴,東,4,4,4,4,4344,新 田 雄 史,6,55,6.90,4,0.12,1.53.5,2-1-3,3450,12,2-1,910,4,1-2-3,430,2,1-2,190,1,,,,,,,
20250831,若松,12,優勝戦,晴,東,4,4,5,6,4848,仲 谷 颯 仁,12,28,6.92,6,0.18,,2-1-3,3450,12,2-1,910,4,1-2-3,430,2,1-2,190,1,,,,,,,
20250831,若松,12,優勝戦,晴,東,4,4,6,5,4914,吉 田 裕 平,21,73,6.91,5,0.13,,2-1-3,3450,12,2-1,910,4,1-2-3,430,2,1-2,190,1,,,,,,,
20250831,鳴門,1,予選,晴,東,1,1,1,1,4788,小 池 哲 也,11,63,6.86,1,0.14,1.49.3,1-5-2,1340,5,1-5,720,3,1-2-5,410,3,1-5,510,3,,,,,,,
20250831,鳴門,1,予選,晴,東,1,1,2,5,4835,橋 本 明,37,62,6.82,5,0.13,1.50.9,1-5-2,1340,5,1-5,720,3,1-2-5,410,3,1-5,510,3,,,,,,,
20250831,鳴門,1,予選,晴,東,1,1,3,2,4202,浮 田 圭 浩,67,59,6.90,2,0.16,1.52.2,1-5-2,1340,5,1-5,720,3,1-2-5,410,3,1-5,510,3,,,,,,,
20250831,鳴門,1,予選,晴,東,1,1,4,4,4691,水 原 慎,54,57,6.74,4,0.16,1.53.8,1-5-2,1340,5,1-5,720,3,1-2-5,410,3,1-5,510,3,,,,,,,
20250831,鳴門,1,予選,晴,東,1,1,5,3,3660,長谷川 親 王,61,77,6.89,3,0.26,,1-5-2,1340,5,1-5,720,3,1-2-5,410,3,1-5,510,3,,,,,,,
20250831,鳴門,1,予選,晴,東,1,1,6,6,5408,中 山 鷹 輔,81,66,6.98,6,0.12,,1-5-2,1340,5,1-5,720,3,1-2-5,410,3,1-5,510,3,,,,,,,
20250831,鳴門,2,予選,晴,南東,2,2,1,6,3907,村 越 篤,22,18,6.82,5,0.12,1.50.4,6-3-2,18380,56,6-3,5090,19,2-3-6,1330,8,3-6,1700,9,,,,,,,
20250831,鳴門,2,予選,晴,南東,2,2,2,3,4000,松 本 博 昭,56,67,6.87,3,0.10,1.51.5,6-3-2,18380,56,6-3,5090,19,2-3-6,1330,8,3-6,1700,9,,,,,,,
20250831,鳴門,2,予選,晴,南東,2,2,3,2,5060,数 原 魁,63,51,6.85,2,0.14,1.52.1,6-3-2,18380,56,6-3,5090,19,2-3-6,1330,8,3-6,1700,9,,,,,,,
20250831,鳴門,2,予選,晴,南東,2,2,4,1,3793,高 橋 真 吾,75,17,6.81,1,0.10,1.52.7,6-3-2,18380,56,6-3,5090,19,2-3-6,1330,8,3-6,1700,9,,,,,,,
20250831,鳴門,2,予選,晴,南東,2,2,5,4,4451,松 崎 祐太郎,50,55,6.92,4,0.11,,6-3-2,18380,56,6-3,5090,19,2-3-6,1330,8,3-6,1700,9,,,,,,,
20250831,鳴門,2,予選,晴,南東,2,2,6,5,5400,高 村 諒,60,21,6.87,6,0.13,,6-3-2,18380,56,6-3,5090,19,2-3-6,1330,8,3-6,1700,9,,,,,,,
20250831,鳴門,3,予選,晴,南東,3,3,1,2,4736,高 倉 和 士,29,19,6.72,2,0.12,1.49.7,2-1-3,960,3,2-1,370,2,1-2-3,310,1,1-2,160,1,,,,,,,
20250831,鳴門,3,予選,晴,南東,3,3,2,1,4401,小 林 泰,13,20,6.88,1,0.11,1.50.9,2-1-3,960,3,2-1,370,2,1-2-3,310,1,1-2,160,1,,,,,,,
20250831,鳴門,3,予選,晴,南東,3,3,3,3,3935,岩 津 徹 郎,55,80,6.86,3,0.19,1.52.5,2-1-3,960,3,2-1,370,2,1-2-3,310,1,1-2,160,1,,,,,,,
20250831,鳴門,3,予選,晴,南東,3,3,4,5,4429,豊 田 泰 洋,62,22,6.89,5,0.21,1.53.1,2-1-3,960,3,2-1,370,2,1-2-3,310,1,1-2,160,1,,,,,,,
20250831,鳴門,3,予選,晴,南東,3,3,5,6,4488,小 山 勉,18,31,6.91,6,0.19,,2-1-3,960,3,2-1,370,2,1-2-3,310,1,1-2,160,1,,,,,,,
20250831,鳴門,3,予選,晴,南東,3,3,6,4,4905,土 井 祥 伍,21,23,6.86,4,0.25,,2-1-3,960,3,2-1,370,2,1-2-3,310,1,1-2,160,1,,,,,,,
20250831,鳴門,4,予選,晴,南東,2,2,1,1,4269,杉 山 裕 也,17,70,6.75,1,0.09,1.49.4,1-3-4,720,1,1-3,270,1,1-3-4,340,1,1-3,230,1,,,,,,,
20250831,鳴門,4,予選,晴,南東,2,2,2,3,4220,深 川 和 仁,14,58,6.85,3,0.16,1.51.4,1-3-4,720,1,1-3,270,1,1-3-4,340,1,1-3,230,1,,,,,,,
20250831,鳴門,4,予選,晴,南東,2,2,3,4,4383,竹 田 吉 行,73,50,6.85,4,0.13,1.52.6,1-3-4,720,1,1-3,270,1,1-3-4,340,1,1-3,230,1,,,,,,,
20250831,鳴門,4,予選,晴,南東,2,2,4,5,4725,佐 竹 太 一,51,53,6.79,5,0.14,1.53.9,1-3-4,720,1,1-3,270,1,1-3-4,340,1,1-3,230,1,,,,,,,
20250831,鳴門,4,予選,晴,南東,2,2,5,2,4564,山 本 景士郎,84,72,6.81,2,0.19,,1-3-4,720,1,1-3,270,1,1-3-4,340,1,1-3,230,1,,,,,,,
20250831,鳴門,4,予選,晴,南東,2,2,6,6,3825,宮 嵜 隆太郎,16,84,6.89,6,0.11,,1-3-4,720,1,1-3,270,1,1-3-4,340,1,1-3,230,1,,,,,,,
20250831,鳴門,5,予選,晴,南東,2,2,1,1,4596,葛 原 大 陽,78,60,6.78,1,0.06,1.49.7,1-3-4,490,1,1-3,260,1,1-3-4,170,1,1-3,180,1,,,,,,,
20250831,鳴門,5,予選,晴,南東,2,2,2,3,4069,山 本 修 一,65,30,6.76,3,0.12,1.51.2,1-3-4,490,1,1-3,260,1,1-3-4,170,1,1-3,180,1,,,,,,,
20250831,鳴門,5,予選,晴,南東,2,2,3,4,5196,鰐 部 太空海,71,75,6.70,4,0.23,1.52.2,1-3-4,490,1,1-3,260,1,1-3-4,170,1,1-3,180,1,,,,,,,
20250831,鳴門,5,予選,晴,南東,2,2,4,5,5338,香 月 大 輝,64,29,6.89,5,0.16,1.53.9,1-3-4,490,1,1-3,260,1,1-3-4,170,1,1-3,180,1,,,,,,,
20250831,鳴門,5,予選,晴,南東,2,2,5,6,4182,吉 田 和 仁,26,54,6.89,6,0.27,,1-3-4,490,1,1-3,260,1,1-3-4,170,1,1-3,180,1,,,,,,,
20250831,鳴門,5,予選,晴,南東,2,2,6,2,5299,西 丸 敦 基,80,71,6.83,2,0.09,,1-3-4,490,1,1-3,260,1,1-3-4,170,1,1-3,180,1,,,,,,,
20250831,鳴門,6,予選,晴,南東,3,3,1,2,5267,石 本 裕 武,58,76,6.85,2,0.14,1.49.7,2-1-5,4430,16,2-1,560,2,1-2-5,1900,6,1-2,170,1,,,,,,,
20250831,鳴門,6,予選,晴,南東,3,3,2,1,4152,深 水 慎一郎,74,33,6.83,1,0.12,1.51.9,2-1-5,4430,16,2-1,560,2,1-2-5,1900,6,1-2,170,1,,,,,,,
20250831,鳴門,6,予選,晴,南東,3,3,3,5,4202,浮 田 圭 浩,67,59,6.78,5,0.16,1.52.5,2-1-5,4430,16,2-1,560,2,1-2-5,1900,6,1-2,170,1,,,,,,,
20250831,鳴門,6,予選,晴,南東,3,3,4,4,5029,中 亮 太,68,34,6.84,4,0.18,1.53.7,2-1-5,4430,16,2-1,560,2,1-2-5,1900,6,1-2,170,1,,,,,,,
20250831,鳴門,6,予選,晴,南東,3,3,5,3,4583,古 田 祐 貴,79,37,6.79,3,0.12,,2-1-5,4430,16,2-1,560,2,1-2-5,1900,6,1-2,170,1,,,,,,,
20250831,鳴門,6,予選,晴,南東,3,3,6,6,5353,草 川 壮 良,66,24,6.86,6,0.14,,2-1-5,4430,16,2-1,560,2,1-2-5,1900,6,1-2,170,1,,,,,,,
20250831,鳴門,7,予選,晴,南東,2,2,1,3,5035,櫻 井 優,12,25,6.80,3,0.21,1.54.7,3-6-4,10810,45,3-6,3890,15,3-4-6,1300,5,3-6,2710,11,,,,,,,
20250831,鳴門,7,予選,晴,南東,2,2,2,6,4000,松 本 博 昭,56,67,6.73,6,0.18,1.57.7,3-6-4,10810,45,3-6,3890,15,3-4-6,1300,5,3-6,2710,11,,,,,,,
20250831,鳴門,7,予選,晴,南東,2,2,3,4,4095,福 来 剛,72,52,6.90,4,0.17,2.00.3,3-6-4,10810,45,3-6,3890,15,3-4-6,1300,5,3-6,2710,11,,,,,,,
20250831,鳴門,7,予選,晴,南東,2,2,4,1,3660,長谷川 親 王,61,77,6.81,1,0.20,2.04.5,3-6-4,10810,45,3-6,3890,15,3-4-6,1300,5,3-6,2710,11,,,,,,,
20250831,鳴門,7,予選,晴,南東,2,2,5,5,4905,土 井 祥 伍,21,23,6.82,5,0.22,,3-6-4,10810,45,3-6,3890,15,3-4-6,1300,5,3-6,2710,11,,,,,,,
20250831,鳴門,8,予選,晴,南東,2,2,1,5,4297,山 田 哲 也,27,79,6.80,5,0.06,1.50.2,5-6-3,2230,5,5-6,560,1,3-5-6,490,1,5-6,690,3,,,,,,,
20250831,鳴門,8,予選,晴,南東,2,2,2,6,4736,高 倉 和 士,29,19,6.85,6,0.08,1.50.5,5-6-3,2230,5,5-6,560,1,3-5-6,490,1,5-6,690,3,,,,,,,
20250831,鳴門,8,予選,晴,南東,2,2,3,3,3907,村 越 篤,22,18,6.78,3,0.12,1.52.6,5-6-3,2230,5,5-6,560,1,3-5-6,490,1,5-6,690,3,,,,,,,
20250831,鳴門,8,予選,晴,南東,2,2,4,1,4691,水 原 慎,54,57,6.83,1,0.17,1.54.2,5-6-3,2230,5,5-6,560,1,3-5-6,490,1,5-6,690,3,,,,,,,
20250831,鳴門,8,予選,晴,南東,2,2,5,4,5280,廣 瀬 凜,30,32,6.92,4,0.11,,5-6-3,2230,5,5-6,560,1,3-5-6,490,1,5-6,690,3,,,,,,,
20250831,鳴門,8,予選,晴,南東,2,2,6,2,4562,阪 本 勇 介,20,12,6.80,2,0.17,,5-6-3,2230,5,5-6,560,1,3-5-6,490,1,5-6,690,3,,,,,,,
20250831,鳴門,9,特賞,晴,南東,2,2,1,1,4432,黄金井 力 良,33,35,6.80,1,0.23,1.50.4,1-4-3,1940,9,1-4,470,2,1-3-4,740,5,1-4,300,1,,,,,,,
20250831,鳴門,9,特賞,晴,南東,2,2,2,4,5053,山 口 広 樹,15,14,6.82,4,0.16,1.52.3,1-4-3,1940,9,1-4,470,2,1-3-4,740,5,1-4,300,1,,,,,,,
20250831,鳴門,9,特賞,晴,南東,2,2,3,3,4429,豊 田 泰 洋,62,22,6.88,3,0.17,1.52.9,1-4-3,1940,9,1-4,470,2,1-3-4,740,5,1-4,300,1,,,,,,,
20250831,鳴門,9,特賞,晴,南東,2,2,4,5,4069,山 本 修 一,65,30,6.87,5,0.23,1.53.6,1-4-3,1940,9,1-4,470,2,1-3-4,740,5,1-4,300,1,,,,,,,
20250831,鳴門,9,特賞,晴,南東,2,2,5,2,4725,佐 竹 太 一,51,53,6.86,2,0.22,,1-4-3,1940,9,1-4,470,2,1-3-4,740,5,1-4,300,1,,,,,,,
20250831,鳴門,9,特賞,晴,南東,2,2,6,6,5400,高 村 諒,60,21,6.87,6,0.23,,1-4-3,1940,9,1-4,470,2,1-3-4,740,5,1-4,300,1,,,,,,,
20250831,鳴門,10,特賞,晴,南東,2,2,1,1,4220,深 川 和 仁,14,58,6.80,1,0.15,1.50.1,1-5-3,3660,14,1-5,650,3,1-3-5,1080,4,1-5,570,2,,,,,,,
20250831,鳴門,10,特賞,晴,南東,2,2,2,5,4788,小 池 哲 也,11,63,6.91,5,0.21,1.51.4,1-5-3,3660,14,1-5,650,3,1-3-5,1080,4,1-5,570,2,,,,,,,
20250831,鳴門,10,特賞,晴,南東,2,2,3,3,3793,高 橋 真 吾,75,17,6.90,3,0.19,1.52.7,1-5-3,3660,14,1-5,650,3,1-3-5,1080,4,1-5,570,2,,,,,,,
20250831,鳴門,10,特賞,晴,南東,2,2,4,6,3935,岩 津 徹 郎,55,80,6.82,6,0.20,1.52.9,1-5-3,3660,14,1-5,650,3,1-3-5,1080,4,1-5,570,2,,,,,,,
20250831,鳴門,10,特賞,晴,南東,2,2,5,4,5338,香 月 大 輝,64,29,6.84,4,0.16,,1-5-3,3660,14,1-5,650,3,1-3-5,1080,4,1-5,570,2,,,,,,,
20250831,鳴門,10,特賞,晴,南東,2,2,6,2,5029,中 亮 太,68,34,6.80,2,0.17,,1-5-3,3660,14,1-5,650,3,1-3-5,1080,4,1-5,570,2,,,,,,,
20250831,鳴門,11,特選,晴,東,2,2,1,2,5196,鰐 部 太空海,71,75,6.71,2,0.15,1.49.3,2-1-4,2630,11,2-1,780,4,1-2-4,420,2,1-2,190,1,,,,,,,
20250831,鳴門,11,特選,晴,東,2,2,2,1,4451,松 崎 祐太郎,50,55,6.75,1,0.14,1.50.2,2-1-4,2630,11,2-1,780,4,1-2-4,420,2,1-2,190,1,,,,,,,
20250831,鳴門,11,特選,晴,東,2,2,3,4,4401,小 林 泰,13,20,6.88,4,0.18,1.51.9,2-1-4,2630,11,2-1,780,4,1-2-4,420,2,1-2,190,1,,,,,,,
20250831,鳴門,11,特選,晴,東,2,2,4,6,4583,古 田 祐 貴,79,37,6.81,5,0.25,1.53.5,2-1-4,2630,11,2-1,780,4,1-2-4,420,2,1-2,190,1,,,,,,,
20250831,鳴門,11,特選,晴,東,2,2,5,3,4383,竹 田 吉 行,73,50,6.87,3,0.16,,2-1-4,2630,11,2-1,780,4,1-2-4,420,2,1-2,190,1,,,,,,,
20250831,鳴門,12,ドリーム戦,晴,南東,2,2,1,4,4297,山 田 哲 也,27,79,6.79,4,0.12,1.49.6,4-1-5,4540,14,4-1,1570,7,1-4-5,980,4,1-4,420,2,,,,,,,
20250831,鳴門,12,ドリーム戦,晴,南東,2,2,2,1,4095,福 来 剛,72,52,6.83,1,0.17,1.50.5,4-1-5,4540,14,4-1,1570,7,1-4-5,980,4,1-4,420,2,,,,,,,
20250831,鳴門,12,ドリーム戦,晴,南東,2,2,3,5,4596,葛 原 大 陽,78,60,6.85,5,0.19,1.51.9,4-1-5,4540,14,4-1,1570,7,1-4-5,980,4,1-4,420,2,,,,,,,
20250831,鳴門,12,ドリーム戦,晴,南東,2,2,4,2,4488,小 山 勉,18,31,6.83,2,0.17,1.53.4,4-1-5,4540,14,4-1,1570,7,1-4-5,980,4,1-4,420,2,,,,,,,
20250831,鳴門,12,ドリーム戦,晴,南東,2,2,5,3,4269,杉 山 裕 也,17,70,6.77,3,0.18,,4-1-5,4540,14,4-1,1570,7,1-4-5,980,4,1-4,420,2,,,,,,,
20250831,鳴門,12,ドリーム戦,晴,南東,2,2,6,6,5267,石 本 裕 武,58,76,6.80,6,0.23,,4-1-5,4540,14,4-1,1570,7,1-4-5,980,4,1-4,420,2,,,,,,,
