date,venue_name,race_no,race_type,weather,wind_dir,wind_ms,wave_cm,rank,waku,reg_no,name,motor_no,boat_no,exhibition_time,course_enter,st_timing,race_time,won3,won3_pay,won3_pop,won2,won2_pay,won2_pop,trio,trio_pay,trio_pop,pair,pair_pay,pair_pop,lap_time,turn_time,straight_time,lap_rank,turn_rank,straight_rank,exhibition_eval
20250613,びわこ,1,予選,晴,東,1,1,1,1,4379,桑 島 和 宏,13,70,6.66,1,0.16,1.49.8,1-4-3,1330,4,1-4,620,3,1-3-4,410,2,1-4,270,2,,,,,,,
20250613,びわこ,1,予選,晴,東,1,1,2,4,3797,岩 井 繁,60,62,6.66,4,0.19,1.51.1,1-4-3,1330,4,1-4,620,3,1-3-4,410,2,1-4,270,2,,,,,,,
20250613,びわこ,1,予選,晴,東,1,1,3,3,4648,木 村 亮 太,51,63,6.72,3,0.17,1.52.1,1-4-3,1330,4,1-4,620,3,1-3-4,410,2,1-4,270,2,,,,,,,
20250613,びわこ,1,予選,晴,東,1,1,4,5,4331,三 好 勇 人,53,53,6.73,5,0.14,1.53.7,1-4-3,1330,4,1-4,620,3,1-3-4,410,2,1-4,270,2,,,,,,,
20250613,びわこ,1,予選,晴,東,1,1,5,2,3895,堀 本 裕 也,50,71,6.77,2,0.15,,1-4-3,1330,4,1-4,620,3,1-3-4,410,2,1-4,270,2,,,,,,,
20250613,びわこ,1,予選,晴,東,1,1,6,6,5396,近 藤 来 希,68,55,6.73,6,0.22,,1-4-3,1330,4,1-4,620,3,1-3-4,410,2,1-4,270,2,,,,,,,
20250613,びわこ,2,予選,晴,北東,1,2,1,1,3497,後 藤 浩,34,72,6.64,1,0.14,1.49.5,1-3-2,1020,2,1-3,290,1,1-2-3,440,2,1-3,210,1,,,,,,,
20250613,びわこ,2,予選,晴,北東,1,2,2,3,4227,安 達 裕 樹,38,41,6.75,3,0.16,1.50.7,1-3-2,1020,2,1-3,290,1,1-2-3,440,2,1-3,210,1,,,,,,,
20250613,びわこ,2,予選,晴,北東,1,2,3,2,5048,眞 鳥 康 太,66,27,6.68,2,0.14,1.52.1,1-3-2,1020,2,1-3,290,1,1-2-3,440,2,1-3,210,1,,,,,,,
20250613,びわこ,2,予選,晴,北東,1,2,4,4,4651,佐 藤 大 騎,62,34,6.68,4,0.29,1.53.3,1-3-2,1020,2,1-3,290,1,1-2-3,440,2,1-3,210,1,,,,,,,
20250613,びわこ,2,予選,晴,北東,1,2,5,6,4697,國 弘 翔 平,27,30,6.71,6,0.13,,1-3-2,1020,2,1-3,290,1,1-2-3,440,2,1-3,210,1,,,,,,,
20250613,びわこ,2,予選,晴,北東,1,2,6,5,4059,入 澤 友 治,56,47,6.73,5,0.19,,1-3-2,1020,2,1-3,290,1,1-2-3,440,2,1-3,210,1,,,,,,,
20250613,びわこ,3,予選,晴,北東,1,1,1,1,4258,関 根 彰 人,37,73,6.68,1,0.11,1.48.9,1-2-3,2790,11,1-2,600,3,1-2-3,1440,6,1-2,490,3,,,,,,,
20250613,びわこ,3,予選,晴,北東,1,1,2,2,4056,小 西 英 輝,45,61,6.68,2,0.18,1.50.7,1-2-3,2790,11,1-2,600,3,1-2-3,1440,6,1-2,490,3,,,,,,,
20250613,びわこ,3,予選,晴,北東,1,1,3,3,3967,鈴 木 茂 高,73,25,6.86,3,0.19,1.53.0,1-2-3,2790,11,1-2,600,3,1-2-3,1440,6,1-2,490,3,,,,,,,
20250613,びわこ,3,予選,晴,北東,1,1,4,4,4743,木 村 仁 紀,58,14,6.75,4,0.15,1.53.0,1-2-3,2790,11,1-2,600,3,1-2-3,1440,6,1-2,490,3,,,,,,,
20250613,びわこ,3,予選,晴,北東,1,1,5,5,4618,乃 村 康 友,65,31,6.70,5,0.15,,1-2-3,2790,11,1-2,600,3,1-2-3,1440,6,1-2,490,3,,,,,,,
20250613,びわこ,3,予選,晴,北東,1,1,6,6,4131,原 豊 土,52,36,6.72,6,0.17,,1-2-3,2790,11,1-2,600,3,1-2-3,1440,6,1-2,490,3,,,,,,,
20250613,びわこ,4,予選,晴,北東,2,2,1,5,3412,鈴 木 博,47,68,6.70,5,0.18,1.51.1,5-1-4,11710,44,5-1,2520,13,1-4-5,1300,6,1-5,700,5,,,,,,,
20250613,びわこ,4,予選,晴,北東,2,2,2,1,3891,谷 口 健 一,67,52,6.70,1,0.15,1.51.8,5-1-4,11710,44,5-1,2520,13,1-4-5,1300,6,1-5,700,5,,,,,,,
20250613,びわこ,4,予選,晴,北東,2,2,3,4,4633,森 智 也,41,60,6.79,4,0.16,1.52.2,5-1-4,11710,44,5-1,2520,13,1-4-5,1300,6,1-5,700,5,,,,,,,
20250613,びわこ,4,予選,晴,北東,2,2,4,3,4003,表 憲 一,14,16,6.61,3,0.14,1.52.9,5-1-4,11710,44,5-1,2520,13,1-4-5,1300,6,1-5,700,5,,,,,,,
20250613,びわこ,4,予選,晴,北東,2,2,5,2,4271,川 崎 公 靖,22,64,6.72,2,0.16,,5-1-4,11710,44,5-1,2520,13,1-4-5,1300,6,1-5,700,5,,,,,,,
20250613,びわこ,4,予選,晴,北東,2,2,6,6,5393,藤 原 駿,54,17,6.86,6,0.16,,5-1-4,11710,44,5-1,2520,13,1-4-5,1300,6,1-5,700,5,,,,,,,
20250613,びわこ,5,予選,晴,北東,1,1,1,1,4522,古 澤 光 紀,31,11,6.64,1,0.14,1.50.5,1-5-3,2600,10,1-5,1060,4,1-3-5,670,4,1-5,950,4,,,,,,,
20250613,びわこ,5,予選,晴,北東,1,1,2,5,3869,井 芹 大 志,71,33,6.72,5,0.08,1.51.1,1-5-3,2600,10,1-5,1060,4,1-3-5,670,4,1-5,950,4,,,,,,,
20250613,びわこ,5,予選,晴,北東,1,1,3,3,5067,山 田 真 聖,33,51,6.70,3,0.08,1.52.7,1-5-3,2600,10,1-5,1060,4,1-3-5,670,4,1-5,950,4,,,,,,,
20250613,びわこ,5,予選,晴,北東,1,1,4,2,4182,吉 田 和 仁,29,54,6.83,2,0.10,1.53.3,1-5-3,2600,10,1-5,1060,4,1-3-5,670,4,1-5,950,4,,,,,,,
20250613,びわこ,5,予選,晴,北東,1,1,5,4,3543,福 田 雅 一,26,56,6.75,4,0.08,,1-5-3,2600,10,1-5,1060,4,1-3-5,670,4,1-5,950,4,,,,,,,
20250613,びわこ,5,予選,晴,北東,1,1,6,6,5273,山 下 拓 巳,16,29,6.76,6,0.08,,1-5-3,2600,10,1-5,1060,4,1-3-5,670,4,1-5,950,4,,,,,,,
20250613,びわこ,6,予選,晴,北東,3,3,1,3,4427,秦 英 悟,64,66,6.74,3,0.12,1.49.8,3-2-4,1760,6,3-2,460,3,2-3-4,790,5,2-3,450,3,,,,,,,
20250613,びわこ,6,予選,晴,北東,3,3,2,2,3921,川 村 正 輝,46,32,6.66,2,0.12,1.51.6,3-2-4,1760,6,3-2,460,3,2-3-4,790,5,2-3,450,3,,,,,,,
20250613,びわこ,6,予選,晴,北東,3,3,3,4,3663,木 山 和 幸,63,58,6.70,4,0.13,1.52.2,3-2-4,1760,6,3-2,460,3,2-3-4,790,5,2-3,450,3,,,,,,,
20250613,びわこ,6,予選,晴,北東,3,3,4,5,3746,岡 瀬 正 人,35,43,6.69,5,0.15,1.53.8,3-2-4,1760,6,3-2,460,3,2-3-4,790,5,2-3,450,3,,,,,,,
20250613,びわこ,6,予選,晴,北東,3,3,5,1,3950,石 川 哲 秀,49,57,6.75,1,0.15,,3-2-4,1760,6,3-2,460,3,2-3-4,790,5,2-3,450,3,,,,,,,
20250613,びわこ,6,予選,晴,北東,3,3,6,6,5396,近 藤 来 希,68,55,6.79,6,0.41,,3-2-4,1760,6,3-2,460,3,2-3-4,790,5,2-3,450,3,,,,,,,
20250613,びわこ,7,予選,晴,北東,3,3,1,2,4618,乃 村 康 友,65,31,6.74,2,0.09,1.49.9,2-4-1,9380,40,2-4,2710,14,1-2-4,1250,8,2-4,1950,9,,,,,,,
20250613,びわこ,7,予選,晴,北東,3,3,2,4,3497,後 藤 浩,34,72,6.80,4,0.15,1.51.3,2-4-1,9380,40,2-4,2710,14,1-2-4,1250,8,2-4,1950,9,,,,,,,
20250613,びわこ,7,予選,晴,北東,3,3,3,1,3797,岩 井 繁,60,62,6.68,1,0.09,1.52.9,2-4-1,9380,40,2-4,2710,14,1-2-4,1250,8,2-4,1950,9,,,,,,,
20250613,びわこ,7,予選,晴,北東,3,3,4,3,4254,川 島 圭 司,69,69,6.81,3,0.08,1.53.4,2-4-1,9380,40,2-4,2710,14,1-2-4,1250,8,2-4,1950,9,,,,,,,
20250613,びわこ,7,予選,晴,北東,3,3,5,5,3718,伊 達 正 利,43,59,6.83,5,0.20,,2-4-1,9380,40,2-4,2710,14,1-2-4,1250,8,2-4,1950,9,,,,,,,
20250613,びわこ,7,予選,晴,北東,3,3,6,6,4264,長 尾 章 平,32,39,6.73,6,0.19,,2-4-1,9380,40,2-4,2710,14,1-2-4,1250,8,2-4,1950,9,,,,,,,
20250613,びわこ,8,予選,晴,北東,3,3,1,1,4633,森 智 也,41,60,6.77,1,0.03,1.49.7,1-2-4,1020,3,1-2,570,3,1-2-4,370,2,1-2,490,3,,,,,,,
20250613,びわこ,8,予選,晴,北東,3,3,2,2,4131,原 豊 土,52,36,6.83,2,0.07,1.51.3,1-2-4,1020,3,1-2,570,3,1-2-4,370,2,1-2,490,3,,,,,,,
20250613,びわこ,8,予選,晴,北東,3,3,3,4,4958,溝 口 海義也,59,40,6.79,4,0.14,1.52.9,1-2-4,1020,3,1-2,570,3,1-2-4,370,2,1-2,490,3,,,,,,,
20250613,びわこ,8,予選,晴,北東,3,3,4,3,4331,三 好 勇 人,53,53,6.77,3,0.06,1.53.6,1-2-4,1020,3,1-2,570,3,1-2-4,370,2,1-2,490,3,,,,,,,
20250613,びわこ,8,予選,晴,北東,3,3,5,6,5048,眞 鳥 康 太,66,27,6.80,6,0.15,,1-2-4,1020,3,1-2,570,3,1-2-4,370,2,1-2,490,3,,,,,,,
20250613,びわこ,8,予選,晴,北東,3,3,6,5,3462,竹 上 真 司,61,24,6.75,5,0.13,,1-2-4,1020,3,1-2,570,3,1-2-4,370,2,1-2,490,3,,,,,,,
20250613,びわこ,9,予選特賞,晴,北東,3,3,1,5,3906,飯 山 晃 三,55,46,6.79,5,0.12,1.50.9,5-2-1,75560,116,5-2,18280,28,1-2-5,5710,16,2-5,7370,14,,,,,,,
20250613,びわこ,9,予選特賞,晴,北東,3,3,2,2,3967,鈴 木 茂 高,73,25,6.84,2,0.19,1.52.3,5-2-1,75560,116,5-2,18280,28,1-2-5,5710,16,2-5,7370,14,,,,,,,
20250613,びわこ,9,予選特賞,晴,北東,3,3,3,1,4651,佐 藤 大 騎,62,34,6.64,1,0.26,1.53.1,5-2-1,75560,116,5-2,18280,28,1-2-5,5710,16,2-5,7370,14,,,,,,,
20250613,びわこ,9,予選特賞,晴,北東,3,3,4,6,4033,伊 藤 将 吉,25,37,6.76,6,0.09,1.53.8,5-2-1,75560,116,5-2,18280,28,1-2-5,5710,16,2-5,7370,14,,,,,,,
20250613,びわこ,9,予選特賞,晴,北東,3,3,5,4,4512,高 野 哲 史,20,45,6.84,4,0.12,,5-2-1,75560,116,5-2,18280,28,1-2-5,5710,16,2-5,7370,14,,,,,,,
20250613,びわこ,9,予選特賞,晴,北東,3,3,6,3,3891,谷 口 健 一,67,52,6.70,3,0.20,,5-2-1,75560,116,5-2,18280,28,1-2-5,5710,16,2-5,7370,14,,,,,,,
20250613,びわこ,10,予選特賞,晴,北東,3,3,1,5,4379,桑 島 和 宏,13,70,6.78,5,0.19,1.50.6,5-1-4,3850,16,5-1,1890,7,1-4-5,320,1,1-5,500,3,,,,,,,
20250613,びわこ,10,予選特賞,晴,北東,3,3,2,1,3543,福 田 雅 一,26,56,6.76,1,0.20,1.51.9,5-1-4,3850,16,5-1,1890,7,1-4-5,320,1,1-5,500,3,,,,,,,
20250613,びわこ,10,予選特賞,晴,北東,3,3,3,4,4003,表 憲 一,14,16,6.73,4,0.18,1.52.7,5-1-4,3850,16,5-1,1890,7,1-4-5,320,1,1-5,500,3,,,,,,,
20250613,びわこ,10,予選特賞,晴,北東,3,3,4,2,4697,國 弘 翔 平,27,30,6.70,2,0.15,1.54.1,5-1-4,3850,16,5-1,1890,7,1-4-5,320,1,1-5,500,3,,,,,,,
20250613,びわこ,10,予選特賞,晴,北東,3,3,5,3,5261,岡 暢 祐,70,65,6.71,3,0.18,,5-1-4,3850,16,5-1,1890,7,1-4-5,320,1,1-5,500,3,,,,,,,
20250613,びわこ,10,予選特賞,晴,北東,3,3,6,6,3921,川 村 正 輝,46,32,6.84,6,0.23,,5-1-4,3850,16,5-1,1890,7,1-4-5,320,1,1-5,500,3,,,,,,,
20250613,びわこ,11,予選特選,晴,北,3,3,1,1,3412,鈴 木 博,47,68,6.73,1,0.13,1.49.9,1-2-5,590,1,1-2,250,1,1-2-5,300,1,1-2,180,1,,,,,,,
20250613,びわこ,11,予選特選,晴,北,3,3,2,2,3746,岡 瀬 正 人,35,43,6.78,2,0.18,1.51.3,1-2-5,590,1,1-2,250,1,1-2-5,300,1,1-2,180,1,,,,,,,
20250613,びわこ,11,予選特選,晴,北,3,3,3,5,4522,古 澤 光 紀,31,11,6.75,5,0.16,1.52.9,1-2-5,590,1,1-2,250,1,1-2-5,300,1,1-2,180,1,,,,,,,
20250613,びわこ,11,予選特選,晴,北,3,3,4,6,4648,木 村 亮 太,51,63,6.79,6,0.21,1.54.2,1-2-5,590,1,1-2,250,1,1-2-5,300,1,1-2,180,1,,,,,,,
20250613,びわこ,11,予選特選,晴,北,3,3,5,4,4059,入 澤 友 治,56,47,6.81,4,0.11,,1-2-5,590,1,1-2,250,1,1-2-5,300,1,1-2,180,1,,,,,,,
20250613,びわこ,11,予選特選,晴,北,3,3,6,3,4056,小 西 英 輝,45,61,6.83,3,0.18,,1-2-5,590,1,1-2,250,1,1-2-5,300,1,1-2,180,1,,,,,,,
20250613,びわこ,12,予選特選,晴,北,3,3,1,5,4227,安 達 裕 樹,38,41,6.81,5,0.11,1.51.3,5-2-4,17960,33,5-2,6310,9,2-4-5,3040,8,2-5,2280,5,,,,,,,
20250613,びわこ,12,予選特選,晴,北,3,3,2,2,4264,長 尾 章 平,32,39,6.85,2,0.15,1.52.5,5-2-4,17960,33,5-2,6310,9,2-4-5,3040,8,2-5,2280,5,,,,,,,
20250613,びわこ,12,予選特選,晴,北,3,3,3,4,4258,関 根 彰 人,37,73,6.86,4,0.11,1.53.6,5-2-4,17960,33,5-2,6310,9,2-4-5,3040,8,2-5,2280,5,,,,,,,
20250613,びわこ,12,予選特選,晴,北,3,3,4,6,3663,木 山 和 幸,63,58,6.84,6,0.09,1.54.5,5-2-4,17960,33,5-2,6310,9,2-4-5,3040,8,2-5,2280,5,,,,,,,
20250613,びわこ,12,予選特選,晴,北,3,3,5,1,4958,溝 口 海義也,59,40,6.78,1,0.15,,5-2-4,17960,33,5-2,6310,9,2-4-5,3040,8,2-5,2280,5,,,,,,,
20250613,びわこ,12,予選特選,晴,北,3,3,6,3,3869,井 芹 大 志,71,33,6.87,3,0.15,,5-2-4,17960,33,5-2,6310,9,2-4-5,3040,8,2-5,2280,5,,,,,,,
20250613,三国,1,みくにあさイ,晴,南西,1,1,1,1,4514,上 條 嘉 嗣,27,47,6.65,1,0.19,1.50.5,1-3-4,700,3,1-3,170,1,1-3-4,430,3,1-3,200,1,,,,,,,
20250613,三国,1,みくにあさイ,晴,南西,1,1,2,3,4753,森 照 夫,63,56,6.65,3,0.22,1.51.9,1-3-4,700,3,1-3,170,1,1-3-4,430,3,1-3,200,1,,,,,,,
20250613,三国,1,みくにあさイ,晴,南西,1,1,3,4,4226,村 田 浩 司,46,57,6.78,4,0.16,1.53.3,1-3-4,700,3,1-3,170,1,1-3-4,430,3,1-3,200,1,,,,,,,
20250613,三国,1,みくにあさイ,晴,南西,1,1,4,6,4197,渥 美 卓 郎,32,70,6.65,6,0.17,1.54.1,1-3-4,700,3,1-3,170,1,1-3-4,430,3,1-3,200,1,,,,,,,
20250613,三国,1,みくにあさイ,晴,南西,1,1,5,2,4837,酒 井 陽 祐,22,32,6.74,2,0.20,,1-3-4,700,3,1-3,170,1,1-3-4,430,3,1-3,200,1,,,,,,,
20250613,三国,1,みくにあさイ,晴,南西,1,1,6,5,4023,柴 田 友 和,57,23,6.71,5,0.16,,1-3-4,700,3,1-3,170,1,1-3-4,430,3,1-3,200,1,,,,,,,
20250613,三国,2,みくにあさガ,晴,南西,1,1,1,2,4688,永 井 彪 也,50,53,6.74,2,0.18,1.50.1,2-3-5,12540,23,2-3,2060,5,2-3-5,4410,9,2-3,1400,4,,,,,,,
20250613,三国,2,みくにあさガ,晴,南西,1,1,2,3,3619,長谷川 充,26,16,6.75,3,0.21,1.51.4,2-3-5,12540,23,2-3,2060,5,2-3-5,4410,9,2-3,1400,4,,,,,,,
20250613,三国,2,みくにあさガ,晴,南西,1,1,3,5,4339,平 瀬 城 啓,65,41,6.73,5,0.21,1.52.5,2-3-5,12540,23,2-3,2060,5,2-3-5,4410,9,2-3,1400,4,,,,,,,
20250613,三国,2,みくにあさガ,晴,南西,1,1,4,6,3701,大 西 隆 洋,47,68,6.77,6,0.15,1.53.4,2-3-5,12540,23,2-3,2060,5,2-3-5,4410,9,2-3,1400,4,,,,,,,
20250613,三国,2,みくにあさガ,晴,南西,1,1,5,1,3505,山 田 竜 一,21,43,6.64,1,0.17,,2-3-5,12540,23,2-3,2060,5,2-3-5,4410,9,2-3,1400,4,,,,,,,
20250613,三国,2,みくにあさガ,晴,南西,1,1,6,4,5061,中 村 駿 平,58,28,6.70,4,0.21,,2-3-5,12540,23,2-3,2060,5,2-3-5,4410,9,2-3,1400,4,,,,,,,
20250613,三国,3,みくにあさズ,晴,北西,2,2,1,2,4876,梅 木 敬 太,64,52,6.73,2,0.21,1.49.3,2-1-3,4110,12,2-1,1590,5,1-2-3,210,1,1-2,250,2,,,,,,,
20250613,三国,3,みくにあさズ,晴,北西,2,2,2,1,4926,吉 川 貴 仁,35,61,6.69,1,0.12,1.51.2,2-1-3,4110,12,2-1,1590,5,1-2-3,210,1,1-2,250,2,,,,,,,
20250613,三国,3,みくにあさズ,晴,北西,2,2,3,3,4754,松 尾 充,68,22,6.74,3,0.19,1.52.3,2-1-3,4110,12,2-1,1590,5,1-2-3,210,1,1-2,250,2,,,,,,,
20250613,三国,3,みくにあさズ,晴,北西,2,2,4,4,4639,雑 賀 勇 貴,33,55,6.70,4,0.15,1.54.2,2-1-3,4110,12,2-1,1590,5,1-2-3,210,1,1-2,250,2,,,,,,,
20250613,三国,3,みくにあさズ,晴,北西,2,2,5,5,3945,橋 口 真 樹,18,13,6.69,5,0.14,,2-1-3,4110,12,2-1,1590,5,1-2-3,210,1,1-2,250,2,,,,,,,
20250613,三国,3,みくにあさズ,晴,北西,2,2,6,6,3620,信 濃 由 行,37,11,6.77,6,0.18,,2-1-3,4110,12,2-1,1590,5,1-2-3,210,1,1-2,250,2,,,,,,,
20250613,三国,4,みくにあさ推,晴,北西,2,2,1,5,4137,君 島 秀 三,29,15,6.79,5,0.09,1.50.2,5-1-3,9340,41,5-1,670,3,1-3-5,820,3,1-5,360,1,,,,,,,
20250613,三国,4,みくにあさ推,晴,北西,2,2,2,1,3853,岩 崎 正 哉,24,36,6.80,1,0.16,1.51.2,5-1-3,9340,41,5-1,670,3,1-3-5,820,3,1-5,360,1,,,,,,,
20250613,三国,4,みくにあさ推,晴,北西,2,2,3,3,3445,加 藤 高 史,70,51,6.77,3,0.13,1.53.1,5-1-3,9340,41,5-1,670,3,1-3-5,820,3,1-5,360,1,,,,,,,
20250613,三国,4,みくにあさ推,晴,北西,2,2,4,4,5232,樅 山 拓 馬,36,35,6.75,4,0.07,1.53.6,5-1-3,9340,41,5-1,670,3,1-3-5,820,3,1-5,360,1,,,,,,,
20250613,三国,4,みくにあさ推,晴,北西,2,2,5,2,3072,西 田 靖,25,54,6.76,2,0.14,,5-1-3,9340,41,5-1,670,3,1-3-5,820,3,1-5,360,1,,,,,,,
20250613,三国,4,みくにあさ推,晴,北西,2,2,6,6,4610,佐 藤 大 佑,56,34,6.68,6,0.13,,5-1-3,9340,41,5-1,670,3,1-3-5,820,3,1-5,360,1,,,,,,,
20250613,三国,5,一般,晴,北西,3,3,1,6,3849,中 岡 正 彦,40,14,6.77,5,0.09,1.49.1,6-5-1,10810,62,6-5,2150,11,1-5-6,1140,5,5-6,730,4,,,,,,,
20250613,三国,5,一般,晴,北西,3,3,2,5,3654,武 田 光 史,59,62,6.80,4,0.05,1.50.1,6-5-1,10810,62,6-5,2150,11,1-5-6,1140,5,5-6,730,4,,,,,,,
20250613,三国,5,一般,晴,北西,3,3,3,1,4226,村 田 浩 司,46,57,6.79,1,0.13,1.52.4,6-5-1,10810,62,6-5,2150,11,1-5-6,1140,5,5-6,730,4,,,,,,,
20250613,三国,5,一般,晴,北西,3,3,4,2,3852,澤 大 介,17,40,6.80,2,0.14,1.53.6,6-5-1,10810,62,6-5,2150,11,1-5-6,1140,5,5-6,730,4,,,,,,,
20250613,三国,5,一般,晴,北西,3,3,5,4,3711,江 本 真 治,16,25,6.86,6,0.16,,6-5-1,10810,62,6-5,2150,11,1-5-6,1140,5,5-6,730,4,,,,,,,
20250613,三国,5,一般,晴,北西,3,3,6,3,4491,田 中 堅,43,65,6.76,3,0.13,,6-5-1,10810,62,6-5,2150,11,1-5-6,1140,5,5-6,730,4,,,,,,,
20250613,三国,6,一般,晴,北西,3,3,1,1,4060,島 田 一 生,53,45,6.76,1,0.16,1.49.9,1-6-2,13600,53,1-6,3250,14,1-2-6,2680,12,1-6,1900,8,,,,,,,
20250613,三国,6,一般,晴,北西,3,3,2,6,4471,新 田 泰 章,19,46,6.78,6,0.19,1.50.8,1-6-2,13600,53,1-6,3250,14,1-2-6,2680,12,1-6,1900,8,,,,,,,
20250613,三国,6,一般,晴,北西,3,3,3,2,5255,藤 原 仙 二,62,12,6.79,2,0.18,1.51.0,1-6-2,13600,53,1-6,3250,14,1-2-6,2680,12,1-6,1900,8,,,,,,,
20250613,三国,6,一般,晴,北西,3,3,4,5,4090,中 村 尊,13,20,6.79,5,0.18,1.52.5,1-6-2,13600,53,1-6,3250,14,1-2-6,2680,12,1-6,1900,8,,,,,,,
20250613,三国,6,一般,晴,北西,3,3,5,4,3737,上 平 真 二,61,66,6.78,4,0.19,,1-6-2,13600,53,1-6,3250,14,1-2-6,2680,12,1-6,1900,8,,,,,,,
20250613,三国,6,一般,晴,北西,3,3,6,3,3814,金 子 貴 志,49,19,6.86,3,0.16,,1-6-2,13600,53,1-6,3250,14,1-2-6,2680,12,1-6,1900,8,,,,,,,
20250613,三国,7,一般,晴,北西,3,3,1,1,4339,平 瀬 城 啓,65,41,6.85,1,0.19,1.50.6,1-2-5,3020,10,1-2,570,2,1-2-5,1130,6,1-2,310,1,,,,,,,
20250613,三国,7,一般,晴,北西,3,3,2,2,4895,門 間 雄 大,34,39,6.82,2,0.17,1.52.3,1-2-5,3020,10,1-2,570,2,1-2-5,1130,6,1-2,310,1,,,,,,,
20250613,三国,7,一般,晴,北西,3,3,3,5,4837,酒 井 陽 祐,22,32,6.81,5,0.19,1.53.5,1-2-5,3020,10,1-2,570,2,1-2-5,1130,6,1-2,310,1,,,,,,,
20250613,三国,7,一般,晴,北西,3,3,4,3,3340,池 田 雷 太,52,69,6.84,3,0.19,1.55.5,1-2-5,3020,10,1-2,570,2,1-2-5,1130,6,1-2,310,1,,,,,,,
20250613,三国,7,一般,晴,北西,3,3,5,4,3620,信 濃 由 行,37,11,6.88,4,0.21,,1-2-5,3020,10,1-2,570,2,1-2-5,1130,6,1-2,310,1,,,,,,,
20250613,三国,7,一般,晴,北西,3,3,6,6,5378,鈴 木 結平太,48,64,6.81,6,0.18,,1-2-5,3020,10,1-2,570,2,1-2-5,1130,6,1-2,310,1,,,,,,,
20250613,三国,8,一般,晴,北西,3,3,1,2,4023,柴 田 友 和,57,23,6.87,3,0.16,1.51.4,2-3-6,8840,41,2-3,2350,12,2-3-6,1760,13,2-3,1990,15,,,,,,,
20250613,三国,8,一般,晴,北西,3,3,2,3,4639,雑 賀 勇 貴,33,55,6.80,4,0.16,1.52.3,2-3-6,8840,41,2-3,2350,12,2-3-6,1760,13,2-3,1990,15,,,,,,,
20250613,三国,8,一般,晴,北西,3,3,3,6,4888,金 児 隆 太,54,21,6.81,6,0.27,1.53.3,2-3-6,8840,41,2-3,2350,12,2-3-6,1760,13,2-3,1990,15,,,,,,,
20250613,三国,8,一般,晴,北西,3,3,4,4,4085,荻 野 裕 介,14,29,6.85,5,0.27,1.54.1,2-3-6,8840,41,2-3,2350,12,2-3-6,1760,13,2-3,1990,15,,,,,,,
20250613,三国,8,一般,晴,北西,3,3,5,5,3072,西 田 靖,25,54,6.87,2,0.16,,2-3-6,8840,41,2-3,2350,12,2-3-6,1760,13,2-3,1990,15,,,,,,,
20250613,三国,8,一般,晴,北西,3,3,6,1,3701,大 西 隆 洋,47,68,6.93,1,0.25,,2-3-6,8840,41,2-3,2350,12,2-3-6,1760,13,2-3,1990,15,,,,,,,
20250613,三国,9,一般,晴,北西,2,2,1,1,4197,渥 美 卓 郎,32,70,6.83,1,0.18,1.50.9,1-5-4,4960,23,1-5,1770,8,1-4-5,870,4,1-5,1060,6,,,,,,,
20250613,三国,9,一般,晴,北西,2,2,2,5,3939,渡 辺 真 至,45,71,6.78,5,0.16,1.52.0,1-5-4,4960,23,1-5,1770,8,1-4-5,870,4,1-5,1060,6,,,,,,,
20250613,三国,9,一般,晴,北西,2,2,3,4,2878,富 山 弘 幸,23,33,6.83,4,0.21,1.52.4,1-5-4,4960,23,1-5,1770,8,1-4-5,870,4,1-5,1060,6,,,,,,,
20250613,三国,9,一般,晴,北西,2,2,4,3,3945,橋 口 真 樹,18,13,6.81,3,0.21,1.53.8,1-5-4,4960,23,1-5,1770,8,1-4-5,870,4,1-5,1060,6,,,,,,,
20250613,三国,9,一般,晴,北西,2,2,5,2,3968,茶 谷 信 次,30,37,6.86,2,0.15,,1-5-4,4960,23,1-5,1770,8,1-4-5,870,4,1-5,1060,6,,,,,,,
20250613,三国,9,一般,晴,北西,2,2,6,6,5400,高 村 諒,60,50,6.91,6,0.17,,1-5-4,4960,23,1-5,1770,8,1-4-5,870,4,1-5,1060,6,,,,,,,
20250613,三国,10,準優勝戦,晴,北西,2,2,1,5,3505,山 田 竜 一,21,43,6.72,5,0.06,1.49.7,5-4-2,25200,49,5-4,6440,16,2-4-5,4680,9,4-5,2460,5,,,,,,,
20250613,三国,10,準優勝戦,晴,北西,2,2,2,4,4753,森 照 夫,63,56,6.78,4,0.01,1.52.4,5-4-2,25200,49,5-4,6440,16,2-4-5,4680,9,4-5,2460,5,,,,,,,
20250613,三国,10,準優勝戦,晴,北西,2,2,3,2,4137,君 島 秀 三,29,15,6.81,2,0.07,1.52.7,5-4-2,25200,49,5-4,6440,16,2-4-5,4680,9,4-5,2460,5,,,,,,,
20250613,三国,10,準優勝戦,晴,北西,2,2,4,6,4876,梅 木 敬 太,64,52,6.81,6,0.15,1.54.4,5-4-2,25200,49,5-4,6440,16,2-4-5,4680,9,4-5,2460,5,,,,,,,
20250613,三国,10,準優勝戦,晴,北西,2,2,5,1,4471,新 田 泰 章,19,46,6.77,1,0.06,,5-4-2,25200,49,5-4,6440,16,2-4-5,4680,9,4-5,2460,5,,,,,,,
20250613,三国,10,準優勝戦,晴,北西,2,2,6,3,3711,江 本 真 治,16,25,6.86,3,0.09,,5-4-2,25200,49,5-4,6440,16,2-4-5,4680,9,4-5,2460,5,,,,,,,
20250613,三国,11,準優勝戦,晴,北西,3,3,1,2,3654,武 田 光 史,59,62,6.78,1,0.12,1.49.2,2-1-3,1260,5,2-1,710,3,1-2-3,210,1,1-2,220,1,,,,,,,
20250613,三国,11,準優勝戦,晴,北西,3,3,2,1,4610,佐 藤 大 佑,56,34,6.72,6,0.12,1.50.7,2-1-3,1260,5,2-1,710,3,1-2-3,210,1,1-2,220,1,,,,,,,
20250613,三国,11,準優勝戦,晴,北西,3,3,3,3,3737,上 平 真 二,61,66,6.74,2,0.13,1.52.2,2-1-3,1260,5,2-1,710,3,1-2-3,210,1,1-2,220,1,,,,,,,
20250613,三国,11,準優勝戦,晴,北西,3,3,4,6,3619,長谷川 充,26,16,6.85,5,0.16,1.53.4,2-1-3,1260,5,2-1,710,3,1-2-3,210,1,1-2,220,1,,,,,,,
20250613,三国,11,準優勝戦,晴,北西,3,3,5,4,4514,上 條 嘉 嗣,27,47,6.84,3,0.18,,2-1-3,1260,5,2-1,710,3,1-2-3,210,1,1-2,220,1,,,,,,,
20250613,三国,11,準優勝戦,晴,北西,3,3,6,5,4060,島 田 一 生,53,45,6.73,4,0.18,,2-1-3,1260,5,2-1,710,3,1-2-3,210,1,1-2,220,1,,,,,,,
20250613,三国,12,準優勝戦,晴,北西,3,3,1,1,3849,中 岡 正 彦,40,14,6.80,1,0.14,1.49.6,1-2-6,4970,16,1-2,400,2,1-2-6,2080,7,1-2,290,2,,,,,,,
20250613,三国,12,準優勝戦,晴,北西,3,3,2,2,4090,中 村 尊,13,20,6.87,2,0.08,1.50.9,1-2-6,4970,16,1-2,400,2,1-2-6,2080,7,1-2,290,2,,,,,,,
20250613,三国,12,準優勝戦,晴,北西,3,3,3,6,3852,澤 大 介,17,40,6.70,6,0.17,1.52.9,1-2-6,4970,16,1-2,400,2,1-2-6,2080,7,1-2,290,2,,,,,,,
20250613,三国,12,準優勝戦,晴,北西,3,3,4,3,4688,永 井 彪 也,50,53,6.85,3,0.15,1.53.6,1-2-6,4970,16,1-2,400,2,1-2-6,2080,7,1-2,290,2,,,,,,,
20250613,三国,12,準優勝戦,晴,北西,3,3,5,4,3853,岩 崎 正 哉,24,36,6.79,4,0.21,,1-2-6,4970,16,1-2,400,2,1-2-6,2080,7,1-2,290,2,,,,,,,
20250613,三国,12,準優勝戦,晴,北西,3,3,6,5,4926,吉 川 貴 仁,35,61,6.79,5,0.24,,1-2-6,4970,16,1-2,400,2,1-2-6,2080,7,1-2,290,2,,,,,,,
20250613,下関,1,予選,雨,南東,1,1,1,1,5231,寺 田 空 詩,67,36,6.71,1,0.11,1.48.9,1-3-4,1410,2,1-3,830,2,1-3-4,330,1,1-3,350,2,,,,,,,
20250613,下関,1,予選,雨,南東,1,1,2,3,3558,山 本 浩 次,72,52,6.69,3,0.09,1.50.7,1-3-4,1410,2,1-3,830,2,1-3-4,330,1,1-3,350,2,,,,,,,
20250613,下関,1,予選,雨,南東,1,1,3,4,4817,渡 邉 翼,59,51,6.73,4,0.07,1.52.0,1-3-4,1410,2,1-3,830,2,1-3-4,330,1,1-3,350,2,,,,,,,
20250613,下関,1,予選,雨,南東,1,1,4,6,3352,小 川 晃 司,45,69,6.78,6,0.16,1.52.9,1-3-4,1410,2,1-3,830,2,1-3-4,330,1,1-3,350,2,,,,,,,
20250613,下関,1,予選,雨,南東,1,1,5,5,4423,坂 口 貴 彦,28,21,6.76,5,0.13,,1-3-4,1410,2,1-3,830,2,1-3-4,330,1,1-3,350,2,,,,,,,
20250613,下関,1,予選,雨,南東,1,1,6,2,5070,中 島 航,39,73,6.71,2,0.18,,1-3-4,1410,2,1-3,830,2,1-3-4,330,1,1-3,350,2,,,,,,,
20250613,下関,2,予選,雨,南東,1,1,1,1,4871,菊 池 宏 志,30,24,6.72,1,0.12,1.48.6,1-2-4,1970,6,1-2,280,1,1-2-4,860,4,1-2,280,1,,,,,,,
20250613,下関,2,予選,雨,南東,1,1,2,2,4574,東 潤 樹,11,70,6.71,2,0.15,1.49.7,1-2-4,1970,6,1-2,280,1,1-2-4,860,4,1-2,280,1,,,,,,,
20250613,下関,2,予選,雨,南東,1,1,3,4,5311,小 林 京 平,24,63,6.76,4,0.11,1.51.9,1-2-4,1970,6,1-2,280,1,1-2-4,860,4,1-2,280,1,,,,,,,
20250613,下関,2,予選,雨,南東,1,1,4,5,4533,峰 重 侑 治,31,30,6.77,5,0.12,1.52.9,1-2-4,1970,6,1-2,280,1,1-2-4,860,4,1-2,280,1,,,,,,,
20250613,下関,2,予選,雨,南東,1,1,5,3,3977,山 本 兼 士,15,67,6.78,3,0.12,,1-2-4,1970,6,1-2,280,1,1-2-4,860,4,1-2,280,1,,,,,,,
20250613,下関,2,予選,雨,南東,1,1,6,6,3282,池 本 輝 明,20,48,6.82,6,0.21,,1-2-4,1970,6,1-2,280,1,1-2-4,860,4,1-2,280,1,,,,,,,
20250613,下関,3,予選,曇り,南東,1,1,1,4,4556,竹 井 奈 美,40,47,6.80,4,0.14,1.49.4,4-2-3,20540,53,4-2,6510,16,2-3-4,1540,6,2-4,2480,10,,,,,,,
20250613,下関,3,予選,曇り,南東,1,1,2,2,4154,森 安 弘 雅,58,54,6.77,2,0.15,1.50.7,4-2-3,20540,53,4-2,6510,16,2-3-4,1540,6,2-4,2480,10,,,,,,,
20250613,下関,3,予選,曇り,南東,1,1,3,3,4601,森 野 正 弘,56,20,6.74,3,0.12,1.51.4,4-2-3,20540,53,4-2,6510,16,2-3-4,1540,6,2-4,2480,10,,,,,,,
20250613,下関,3,予選,曇り,南東,1,1,4,1,3432,宮 迫 暢 彦,41,62,6.72,1,0.31,1.53.6,4-2-3,20540,53,4-2,6510,16,2-3-4,1540,6,2-4,2480,10,,,,,,,
20250613,下関,3,予選,曇り,南東,1,1,5,5,3757,畑 和 宏,13,35,6.80,5,0.13,,4-2-3,20540,53,4-2,6510,16,2-3-4,1540,6,2-4,2480,10,,,,,,,
20250613,下関,3,予選,曇り,南東,1,1,6,6,3975,小野寺 智 洋,14,13,6.73,6,0.14,,4-2-3,20540,53,4-2,6510,16,2-3-4,1540,6,2-4,2480,10,,,,,,,
20250613,下関,4,予選,曇り,南,1,1,1,3,4835,橋 本 明,12,65,6.81,4,0.19,1.48.9,3-5-6,14970,57,3-5,6770,21,3-5-6,2070,9,3-5,2020,10,,,,,,,
20250613,下関,4,予選,曇り,南,1,1,2,5,3265,今 村 暢 孝,70,14,6.80,1,0.11,1.50.4,3-5-6,14970,57,3-5,6770,21,3-5-6,2070,9,3-5,2020,10,,,,,,,
20250613,下関,4,予選,曇り,南,1,1,3,6,4584,村 岡 賢 人,64,34,6.70,6,0.16,1.52.3,3-5-6,14970,57,3-5,6770,21,3-5-6,2070,9,3-5,2020,10,,,,,,,
20250613,下関,4,予選,曇り,南,1,1,4,1,4889,後 藤 盛 也,48,44,6.72,2,0.12,1.52.9,3-5-6,14970,57,3-5,6770,21,3-5-6,2070,9,3-5,2020,10,,,,,,,
20250613,下関,4,予選,曇り,南,1,1,5,4,5144,中 尾 彩 香,36,12,6.71,5,0.15,,3-5-6,14970,57,3-5,6770,21,3-5-6,2070,9,3-5,2020,10,,,,,,,
20250613,下関,4,予選,曇り,南,1,1,6,2,4578,藤 山 雅 弘,17,43,6.73,3,0.33,,3-5-6,14970,57,3-5,6770,21,3-5-6,2070,9,3-5,2020,10,,,,,,,
20250613,下関,5,シーモ戦,曇り,南東,1,1,1,3,4434,田 中 辰 彦,38,42,6.80,3,0.06,1.49.3,3-1-6,1090,2,3-1,530,2,1-3-6,260,1,1-3,240,1,,,,,,,
20250613,下関,5,シーモ戦,曇り,南東,1,1,2,1,4816,村 松 修 二,27,66,6.84,1,0.06,1.50.5,3-1-6,1090,2,3-1,530,2,1-3-6,260,1,1-3,240,1,,,,,,,
20250613,下関,5,シーモ戦,曇り,南東,1,1,3,6,4288,永 田 啓 二,32,37,6.85,5,0.05,1.52.3,3-1-6,1090,2,3-1,530,2,1-3-6,260,1,1-3,240,1,,,,,,,
20250613,下関,5,シーモ戦,曇り,南東,1,1,4,2,3277,齋 藤 勇,44,18,6.85,2,0.09,1.53.5,3-1-6,1090,2,3-1,530,2,1-3-6,260,1,1-3,240,1,,,,,,,
20250613,下関,5,シーモ戦,曇り,南東,1,1,5,5,5236,小 宮 涼 雅,42,25,6.75,6,0.14,,3-1-6,1090,2,3-1,530,2,1-3-6,260,1,1-3,240,1,,,,,,,
20250613,下関,5,シーモ戦,曇り,南東,1,1,6,4,5046,松 山 裕 基,46,22,6.80,4,0.06,,3-1-6,1090,2,3-1,530,2,1-3-6,260,1,1-3,240,1,,,,,,,
20250613,下関,6,予選,曇り,東,1,1,1,3,4402,乙 藤 智 史,23,38,6.78,3,0.07,1.49.9,3-6-4,24770,54,3-6,7540,18,3-4-6,3810,10,3-6,4880,12,,,,,,,
20250613,下関,6,予選,曇り,東,1,1,2,6,3558,山 本 浩 次,72,52,6.80,5,0.08,1.51.0,3-6-4,24770,54,3-6,7540,18,3-4-6,3810,10,3-6,4880,12,,,,,,,
20250613,下関,6,予選,曇り,東,1,1,3,4,4826,井 上 一 輝,57,57,6.76,4,0.07,1.52.0,3-6-4,24770,54,3-6,7540,18,3-4-6,3810,10,3-6,4880,12,,,,,,,
20250613,下関,6,予選,曇り,東,1,1,4,2,4533,峰 重 侑 治,31,30,6.73,2,0.22,1.52.9,3-6-4,24770,54,3-6,7540,18,3-4-6,3810,10,3-6,4880,12,,,,,,,
20250613,下関,6,予選,曇り,東,1,1,5,1,4292,麻 生 慎 介,50,23,6.79,1,0.17,,3-6-4,24770,54,3-6,7540,18,3-4-6,3810,10,3-6,4880,12,,,,,,,
20250613,下関,6,予選,曇り,東,1,1,6,5,5335,森 陽 多,53,59,6.76,6,0.05,,3-6-4,24770,54,3-6,7540,18,3-4-6,3810,10,3-6,4880,12,,,,,,,
20250613,下関,7,ふく～る特賞,曇り,東,1,1,1,2,3897,白 井 英 治,43,49,6.79,2,0.15,1.50.1,2-5-1,5860,24,2-5,1620,7,1-2-5,720,4,2-5,1160,5,,,,,,,
20250613,下関,7,ふく～る特賞,曇り,東,1,1,2,5,3352,小 川 晃 司,45,69,6.85,6,0.16,1.51.4,2-5-1,5860,24,2-5,1620,7,1-2-5,720,4,2-5,1160,5,,,,,,,
20250613,下関,7,ふく～る特賞,曇り,東,1,1,3,1,3303,渡 辺 豊,21,64,6.84,1,0.18,1.52.8,2-5-1,5860,24,2-5,1620,7,1-2-5,720,4,2-5,1160,5,,,,,,,
20250613,下関,7,ふく～る特賞,曇り,東,1,1,4,4,4615,板 倉 敦 史,37,68,6.85,4,0.21,1.53.9,2-5-1,5860,24,2-5,1620,7,1-2-5,720,4,2-5,1160,5,,,,,,,
20250613,下関,7,ふく～る特賞,曇り,東,1,1,5,6,4746,大豆生田 蒼,62,56,6.71,5,0.18,,2-5-1,5860,24,2-5,1620,7,1-2-5,720,4,2-5,1160,5,,,,,,,
20250613,下関,7,ふく～る特賞,曇り,東,1,1,6,3,3282,池 本 輝 明,20,48,6.80,3,0.18,,2-5-1,5860,24,2-5,1620,7,1-2-5,720,4,2-5,1160,5,,,,,,,
20250613,下関,8,予選 進入固定,曇り,東,2,2,1,1,3997,北 村 征 嗣,66,72,6.76,1,0.12,1.49.2,1-3-6,1310,6,1-3,240,1,1-3-6,730,4,1-3,260,1,,,,,,,
20250613,下関,8,予選 進入固定,曇り,東,2,2,2,3,3432,宮 迫 暢 彦,41,62,6.78,3,0.10,1.51.1,1-3-6,1310,6,1-3,240,1,1-3-6,730,4,1-3,260,1,,,,,,,
20250613,下関,8,予選 進入固定,曇り,東,2,2,3,6,5311,小 林 京 平,24,63,6.76,6,0.04,1.52.4,1-3-6,1310,6,1-3,240,1,1-3-6,730,4,1-3,260,1,,,,,,,
20250613,下関,8,予選 進入固定,曇り,東,2,2,4,5,4744,伊 藤 玲 奈,60,61,6.85,5,0.07,1.52.7,1-3-6,1310,6,1-3,240,1,1-3-6,730,4,1-3,260,1,,,,,,,
20250613,下関,8,予選 進入固定,曇り,東,2,2,5,2,3741,松 尾 基 成,25,60,6.83,2,0.09,,1-3-6,1310,6,1-3,240,1,1-3-6,730,4,1-3,260,1,,,,,,,
20250613,下関,8,予選 進入固定,曇り,東,2,2,6,4,5070,中 島 航,39,73,6.77,4,0.07,,1-3-6,1310,6,1-3,240,1,1-3-6,730,4,1-3,260,1,,,,,,,
20250613,下関,9,予選,曇り,東,3,3,1,1,4738,清 埜 翔 子,54,16,6.77,1,0.12,1.48.5,1-2-3,1770,8,1-2,530,2,1-2-3,700,4,1-2,570,2,,,,,,,
20250613,下関,9,予選,曇り,東,3,3,2,2,5144,中 尾 彩 香,36,12,6.79,2,0.17,1.50.5,1-2-3,1770,8,1-2,530,2,1-2-3,700,4,1-2,570,2,,,,,,,
20250613,下関,9,予選,曇り,東,3,3,3,3,5231,寺 田 空 詩,67,36,6.82,3,0.17,1.50.9,1-2-3,1770,8,1-2,530,2,1-2-3,700,4,1-2,570,2,,,,,,,
20250613,下関,9,予選,曇り,東,3,3,4,5,4556,竹 井 奈 美,40,47,6.85,4,0.18,1.52.5,1-2-3,1770,8,1-2,530,2,1-2-3,700,4,1-2,570,2,,,,,,,
20250613,下関,9,予選,曇り,東,3,3,5,4,5295,田 上 凜,69,46,6.69,5,0.16,,1-2-3,1770,8,1-2,530,2,1-2-3,700,4,1-2,570,2,,,,,,,
20250613,下関,9,予選,曇り,東,3,3,6,6,5406,小 畑 楓 夏,49,31,6.77,6,0.25,,1-2-3,1770,8,1-2,530,2,1-2-3,700,4,1-2,570,2,,,,,,,
20250613,下関,10,予選特賞,曇り,東,2,2,1,1,4434,田 中 辰 彦,38,42,6.80,1,0.26,1.49.5,1-3-2,1340,3,1-3,260,1,1-2-3,720,3,1-3,250,1,,,,,,,
20250613,下関,10,予選特賞,曇り,東,2,2,2,3,3975,小野寺 智 洋,14,13,6.77,3,0.26,1.50.5,1-3-2,1340,3,1-3,260,1,1-2-3,720,3,1-3,250,1,,,,,,,
20250613,下関,10,予選特賞,曇り,東,2,2,3,2,4423,坂 口 貴 彦,28,21,6.86,2,0.25,1.51.9,1-3-2,1340,3,1-3,260,1,1-2-3,720,3,1-3,250,1,,,,,,,
20250613,下関,10,予選特賞,曇り,東,2,2,4,5,4871,菊 池 宏 志,30,24,6.80,5,0.28,1.53.0,1-3-2,1340,3,1-3,260,1,1-2-3,720,3,1-3,250,1,,,,,,,
20250613,下関,10,予選特賞,曇り,東,2,2,5,6,4402,乙 藤 智 史,23,38,6.77,6,0.31,,1-3-2,1340,3,1-3,260,1,1-2-3,720,3,1-3,250,1,,,,,,,
20250613,下関,10,予選特賞,曇り,東,2,2,6,4,4578,藤 山 雅 弘,17,43,6.80,4,0.29,,1-3-2,1340,3,1-3,260,1,1-2-3,720,3,1-3,250,1,,,,,,,
20250613,下関,11,予選特選,曇り,東,1,1,1,1,4826,井 上 一 輝,57,57,6.79,1,0.19,1.48.4,1-4-5,2150,10,1-4,460,2,1-4-5,1270,7,1-4,360,2,,,,,,,
20250613,下関,11,予選特選,曇り,東,1,1,2,4,4746,大豆生田 蒼,62,56,6.75,4,0.10,1.49.2,1-4-5,2150,10,1-4,460,2,1-4-5,1270,7,1-4,360,2,,,,,,,
20250613,下関,11,予選特選,曇り,東,1,1,3,5,4574,東 潤 樹,11,70,6.79,5,0.14,1.51.7,1-4-5,2150,10,1-4,460,2,1-4-5,1270,7,1-4,360,2,,,,,,,
20250613,下関,11,予選特選,曇り,東,1,1,4,2,3265,今 村 暢 孝,70,14,6.86,2,0.12,1.53.0,1-4-5,2150,10,1-4,460,2,1-4-5,1270,7,1-4,360,2,,,,,,,
20250613,下関,11,予選特選,曇り,東,1,1,5,6,4817,渡 邉 翼,59,51,6.81,6,0.13,,1-4-5,2150,10,1-4,460,2,1-4-5,1270,7,1-4,360,2,,,,,,,
20250613,下関,11,予選特選,曇り,東,1,1,6,3,4154,森 安 弘 雅,58,54,6.84,3,0.21,,1-4-5,2150,10,1-4,460,2,1-4-5,1270,7,1-4,360,2,,,,,,,
20250613,下関,12,ドリーム戦,曇り,東,1,1,1,1,3897,白 井 英 治,43,49,6.78,1,0.09,1.48.9,1-4-6,1490,7,1-4,420,3,1-4-6,1070,5,1-4,380,2,,,,,,,
20250613,下関,12,ドリーム戦,曇り,東,1,1,2,4,4584,村 岡 賢 人,64,34,6.78,4,0.04,1.49.5,1-4-6,1490,7,1-4,420,3,1-4-6,1070,5,1-4,380,2,,,,,,,
20250613,下関,12,ドリーム戦,曇り,東,1,1,3,6,4601,森 野 正 弘,56,20,6.77,6,0.13,1.51.4,1-4-6,1490,7,1-4,420,3,1-4-6,1070,5,1-4,380,2,,,,,,,
20250613,下関,12,ドリーム戦,曇り,東,1,1,4,5,4292,麻 生 慎 介,50,23,6.83,5,0.06,1.52.2,1-4-6,1490,7,1-4,420,3,1-4-6,1070,5,1-4,380,2,,,,,,,
20250613,下関,12,ドリーム戦,曇り,東,1,1,5,3,4288,永 田 啓 二,32,37,6.88,3,0.09,,1-4-6,1490,7,1-4,420,3,1-4-6,1070,5,1-4,380,2,,,,,,,
20250613,下関,12,ドリーム戦,曇り,東,1,1,6,2,3997,北 村 征 嗣,66,72,6.75,2,0.23,,1-4-6,1490,7,1-4,420,3,1-4-6,1070,5,1-4,380,2,,,,,,,
20250613,丸亀,1,一般,曇り,北,1,1,1,1,3538,菊 池 峰 晴,15,52,6.71,1,0.11,1.50.8,1-4-2,3260,10,1-4,750,2,1-2-4,970,6,1-4,490,2,,,,,,,
20250613,丸亀,1,一般,曇り,北,1,1,2,4,3406,中 里 英 夫,58,53,6.75,4,0.16,1.51.3,1-4-2,3260,10,1-4,750,2,1-2-4,970,6,1-4,490,2,,,,,,,
20250613,丸亀,1,一般,曇り,北,1,1,3,2,3477,近 藤 稔 也,54,6,6.72,2,0.19,1.53.4,1-4-2,3260,10,1-4,750,2,1-2-4,970,6,1-4,490,2,,,,,,,
20250613,丸亀,1,一般,曇り,北,1,1,4,6,4492,本 多 宏 和,11,51,6.76,6,0.15,1.53.4,1-4-2,3260,10,1-4,750,2,1-2-4,970,6,1-4,490,2,,,,,,,
20250613,丸亀,1,一般,曇り,北,1,1,5,5,4769,馬 場 剛,40,1,6.74,5,0.14,1.56.1,1-4-2,3260,10,1-4,750,2,1-2-4,970,6,1-4,490,2,,,,,,,
20250613,丸亀,1,一般,曇り,北,1,1,6,3,3471,赤 峰 和 也,23,46,6.77,3,0.18,1.58.8,1-4-2,3260,10,1-4,750,2,1-2-4,970,6,1-4,490,2,,,,,,,
20250613,丸亀,2,一般,曇り,北西,1,1,1,1,4421,森 作 広 大,47,49,6.68,1,0.08,1.50.4,1-6-3,2210,7,1-6,700,3,1-3-6,330,1,1-6,530,3,,,,,,,
20250613,丸亀,2,一般,曇り,北西,1,1,2,6,4357,田 中 和 也,57,31,6.70,6,0.17,1.51.7,1-6-3,2210,7,1-6,700,3,1-3-6,330,1,1-6,530,3,,,,,,,
20250613,丸亀,2,一般,曇り,北西,1,1,3,3,4052,興 津 藍,34,45,6.75,3,0.17,1.52.7,1-6-3,2210,7,1-6,700,3,1-3-6,330,1,1-6,530,3,,,,,,,
20250613,丸亀,2,一般,曇り,北西,1,1,4,2,4241,大 串 重 幸,18,12,6.78,2,0.12,1.54.1,1-6-3,2210,7,1-6,700,3,1-3-6,330,1,1-6,530,3,,,,,,,
20250613,丸亀,2,一般,曇り,北西,1,1,5,4,4097,貫地谷 直 人,29,2,6.88,4,0.27,1.56.0,1-6-3,2210,7,1-6,700,3,1-3-6,330,1,1-6,530,3,,,,,,,
20250613,丸亀,2,一般,曇り,北西,1,1,6,5,3081,岡 本 慎 治,50,3,6.79,5,0.23,1.57.0,1-6-3,2210,7,1-6,700,3,1-3-6,330,1,1-6,530,3,,,,,,,
20250613,丸亀,3,一般,曇り,北西,2,2,1,4,5339,石 井 伸 長,53,28,6.69,5,0.12,1.49.9,4-6-1,7200,29,4-6,1340,7,1-4-6,720,4,4-6,410,2,,,,,,,
20250613,丸亀,3,一般,曇り,北西,2,2,2,6,4324,海 野 康志郎,45,60,6.78,2,0.19,1.52.7,4-6-1,7200,29,4-6,1340,7,1-4-6,720,4,4-6,410,2,,,,,,,
20250613,丸亀,3,一般,曇り,北西,2,2,3,1,3539,金 子 順 一,9,40,6.77,1,0.18,1.53.4,4-6-1,7200,29,4-6,1340,7,1-4-6,720,4,4-6,410,2,,,,,,,
20250613,丸亀,3,一般,曇り,北西,2,2,4,2,4173,岡 谷 健 吾,6,20,6.80,3,0.22,1.55.2,4-6-1,7200,29,4-6,1340,7,1-4-6,720,4,4-6,410,2,,,,,,,
20250613,丸亀,3,一般,曇り,北西,2,2,5,3,4233,亀 山 雅 幸,35,17,6.74,4,0.22,1.56.4,4-6-1,7200,29,4-6,1340,7,1-4-6,720,4,4-6,410,2,,,,,,,
20250613,丸亀,3,一般,曇り,北西,2,2,6,5,4268,和 合 俊 介,55,15,6.78,6,0.18,1.57.1,4-6-1,7200,29,4-6,1340,7,1-4-6,720,4,4-6,410,2,,,,,,,
20250613,丸亀,4,一般,曇り,北西,2,2,1,1,4220,深 川 和 仁,66,27,6.70,1,0.22,1.49.3,1-2-3,500,1,1-2,220,1,1-2-3,180,1,1-2,270,1,,,,,,,
20250613,丸亀,4,一般,曇り,北西,2,2,2,2,3874,山 本 寛 久,8,29,6.70,2,0.19,1.50.6,1-2-3,500,1,1-2,220,1,1-2-3,180,1,1-2,270,1,,,,,,,
20250613,丸亀,4,一般,曇り,北西,2,2,3,3,3933,山 地 正 樹,43,56,6.65,3,0.21,1.52.5,1-2-3,500,1,1-2,220,1,1-2-3,180,1,1-2,270,1,,,,,,,
20250613,丸亀,4,一般,曇り,北西,2,2,4,4,4215,吉 島 祥 之,25,5,6.81,4,0.18,1.54.2,1-2-3,500,1,1-2,220,1,1-2-3,180,1,1-2,270,1,,,,,,,
20250613,丸亀,4,一般,曇り,北西,2,2,5,5,3478,嶋 田 貴 支,59,63,6.77,5,0.23,1.55.7,1-2-3,500,1,1-2,220,1,1-2-3,180,1,1-2,270,1,,,,,,,
20250613,丸亀,4,一般,曇り,北西,2,2,6,6,5409,宮 本 琉 正,41,57,6.81,6,0.26,1.59.0,1-2-3,500,1,1-2,220,1,1-2-3,180,1,1-2,270,1,,,,,,,
20250613,丸亀,5,一般,曇り,北西,2,2,1,2,4948,木 場 悠 介,31,65,6.72,2,0.14,1.49.8,2-1-6,3500,12,2-1,1760,6,1-2-6,710,4,1-2,290,1,,,,,,,
20250613,丸亀,5,一般,曇り,北西,2,2,2,1,4515,藤 田 浩 人,51,54,6.75,1,0.15,1.50.9,2-1-6,3500,12,2-1,1760,6,1-2-6,710,4,1-2,290,1,,,,,,,
20250613,丸亀,5,一般,曇り,北西,2,2,3,6,4643,近 江 翔 吾,21,10,6.68,6,0.17,1.51.7,2-1-6,3500,12,2-1,1760,6,1-2-6,710,4,1-2,290,1,,,,,,,
20250613,丸亀,5,一般,曇り,北西,2,2,4,4,4750,井 上 尚 悟,65,64,6.75,4,0.29,1.53.2,2-1-6,3500,12,2-1,1760,6,1-2-6,710,4,1-2,290,1,,,,,,,
20250613,丸亀,5,一般,曇り,北西,2,2,5,3,4302,西 野 翔 太,27,9,6.76,3,0.16,1.55.1,2-1-6,3500,12,2-1,1760,6,1-2-6,710,4,1-2,290,1,,,,,,,
20250613,丸亀,5,一般,曇り,北西,2,2,6,5,5337,出 畑 孝 成,33,26,6.76,5,0.28,1.56.5,2-1-6,3500,12,2-1,1760,6,1-2-6,710,4,1-2,290,1,,,,,,,
20250613,丸亀,6,カチ勝ち６,曇り,西,1,1,1,1,4351,里 岡 右 貴,37,48,6.76,1,0.17,1.50.0,1-2-4,1100,5,1-2,750,3,1-2-4,390,2,1-2,650,3,,,,,,,
20250613,丸亀,6,カチ勝ち６,曇り,西,1,1,2,2,3998,冨 成 謙 児,22,33,6.81,2,0.19,1.51.0,1-2-4,1100,5,1-2,750,3,1-2-4,390,2,1-2,650,3,,,,,,,
20250613,丸亀,6,カチ勝ち６,曇り,西,1,1,3,4,3679,飯 島 昌 弘,36,41,6.73,4,0.20,1.52.2,1-2-4,1100,5,1-2,750,3,1-2-4,390,2,1-2,650,3,,,,,,,
20250613,丸亀,6,カチ勝ち６,曇り,西,1,1,4,3,4053,芦 澤 望,62,38,6.71,3,0.17,1.53.9,1-2-4,1100,5,1-2,750,3,1-2-4,390,2,1-2,650,3,,,,,,,
20250613,丸亀,6,カチ勝ち６,曇り,西,1,1,5,5,5011,高 木 圭 大,48,59,6.73,5,0.19,1.55.8,1-2-4,1100,5,1-2,750,3,1-2-4,390,2,1-2,650,3,,,,,,,
20250613,丸亀,6,カチ勝ち６,曇り,西,1,1,6,6,5395,日 高 龍之介,14,7,6.78,6,0.21,1.56.8,1-2-4,1100,5,1-2,750,3,1-2-4,390,2,1-2,650,3,,,,,,,
20250613,丸亀,7,穴ガチ７,曇り,北西,1,1,1,5,4191,赤 羽 克 也,5,18,6.83,5,0.11,1.50.5,5-6-1,16220,44,5-6,6660,20,1-5-6,1120,7,5-6,3300,10,,,,,,,
20250613,丸亀,7,穴ガチ７,曇り,北西,1,1,2,6,4335,若 林 将,52,13,6.83,6,0.11,1.51.6,5-6-1,16220,44,5-6,6660,20,1-5-6,1120,7,5-6,3300,10,,,,,,,
20250613,丸亀,7,穴ガチ７,曇り,北西,1,1,3,1,3872,岡 田 憲 行,16,25,6.84,1,0.16,1.52.6,5-6-1,16220,44,5-6,6660,20,1-5-6,1120,7,5-6,3300,10,,,,,,,
20250613,丸亀,7,穴ガチ７,曇り,北西,1,1,4,4,4016,西 川 新太郎,10,16,6.85,4,0.09,1.53.4,5-6-1,16220,44,5-6,6660,20,1-5-6,1120,7,5-6,3300,10,,,,,,,
20250613,丸亀,7,穴ガチ７,曇り,北西,1,1,5,3,3653,品 川 賢 次,19,8,6.77,3,0.19,1.55.2,5-6-1,16220,44,5-6,6660,20,1-5-6,1120,7,5-6,3300,10,,,,,,,
20250613,丸亀,7,穴ガチ７,曇り,北西,1,1,6,2,3458,東 健 介,20,61,6.81,2,0.15,1.56.6,5-6-1,16220,44,5-6,6660,20,1-5-6,1120,7,5-6,3300,10,,,,,,,
20250613,丸亀,8,準優進出戦,曇り,北西,2,2,1,1,4357,田 中 和 也,57,31,6.67,1,0.16,1.49.9,1-3-4,1860,7,1-3,400,2,1-3-4,1040,4,1-3,440,2,,,,,,,
20250613,丸亀,8,準優進出戦,曇り,北西,2,2,2,3,3406,中 里 英 夫,58,53,6.74,3,0.15,1.51.0,1-3-4,1860,7,1-3,400,2,1-3-4,1040,4,1-3,440,2,,,,,,,
20250613,丸亀,8,準優進出戦,曇り,北西,2,2,3,4,3933,山 地 正 樹,43,56,6.70,4,0.18,1.52.4,1-3-4,1860,7,1-3,400,2,1-3-4,1040,4,1-3,440,2,,,,,,,
20250613,丸亀,8,準優進出戦,曇り,北西,2,2,4,6,5339,石 井 伸 長,53,28,6.74,6,0.10,1.53.5,1-3-4,1860,7,1-3,400,2,1-3-4,1040,4,1-3,440,2,,,,,,,
20250613,丸亀,8,準優進出戦,曇り,北西,2,2,5,2,4769,馬 場 剛,40,1,6.70,2,0.15,1.53.9,1-3-4,1860,7,1-3,400,2,1-3-4,1040,4,1-3,440,2,,,,,,,
20250613,丸亀,8,準優進出戦,曇り,北西,2,2,6,5,4233,亀 山 雅 幸,35,17,6.72,5,0.15,1.55.6,1-3-4,1860,7,1-3,400,2,1-3-4,1040,4,1-3,440,2,,,,,,,
20250613,丸亀,9,準優進出戦,曇り,北西,1,1,1,1,4324,海 野 康志郎,45,60,6.74,1,0.06,1.50.4,1-2-3,330,1,1-2,160,1,1-2-3,200,1,1-2,140,1,,,,,,,
20250613,丸亀,9,準優進出戦,曇り,北西,1,1,2,2,4643,近 江 翔 吾,21,10,6.75,2,0.07,1.50.9,1-2-3,330,1,1-2,160,1,1-2-3,200,1,1-2,140,1,,,,,,,
20250613,丸亀,9,準優進出戦,曇り,北西,1,1,3,3,4750,井 上 尚 悟,65,64,6.70,3,0.07,1.52.7,1-2-3,330,1,1-2,160,1,1-2-3,200,1,1-2,140,1,,,,,,,
20250613,丸亀,9,準優進出戦,曇り,北西,1,1,4,6,3538,菊 池 峰 晴,15,52,6.77,6,0.19,1.53.7,1-2-3,330,1,1-2,160,1,1-2-3,200,1,1-2,140,1,,,,,,,
20250613,丸亀,9,準優進出戦,曇り,北西,1,1,5,5,4241,大 串 重 幸,18,12,6.77,5,0.11,1.54.0,1-2-3,330,1,1-2,160,1,1-2-3,200,1,1-2,140,1,,,,,,,
20250613,丸亀,9,準優進出戦,曇り,北西,1,1,6,4,3478,嶋 田 貴 支,59,63,6.76,4,0.11,1.56.0,1-2-3,330,1,1-2,160,1,1-2-3,200,1,1-2,140,1,,,,,,,
20250613,丸亀,10,準優進出戦,曇り,南西,1,1,1,2,4351,里 岡 右 貴,37,48,6.80,2,0.09,1.49.5,2-1-3,1680,6,2-1,750,4,1-2-3,250,1,1-2,180,1,,,,,,,
20250613,丸亀,10,準優進出戦,曇り,南西,1,1,2,1,4492,本 多 宏 和,11,51,6.74,1,0.17,1.51.0,2-1-3,1680,6,2-1,750,4,1-2-3,250,1,1-2,180,1,,,,,,,
20250613,丸亀,10,準優進出戦,曇り,南西,1,1,3,3,3874,山 本 寛 久,8,29,6.82,3,0.15,1.51.2,2-1-3,1680,6,2-1,750,4,1-2-3,250,1,1-2,180,1,,,,,,,
20250613,丸亀,10,準優進出戦,曇り,南西,1,1,4,4,4052,興 津 藍,34,45,6.75,4,0.16,1.51.5,2-1-3,1680,6,2-1,750,4,1-2-3,250,1,1-2,180,1,,,,,,,
20250613,丸亀,10,準優進出戦,曇り,南西,1,1,5,5,4173,岡 谷 健 吾,6,20,6.75,5,0.24,1.54.6,2-1-3,1680,6,2-1,750,4,1-2-3,250,1,1-2,180,1,,,,,,,
20250613,丸亀,10,準優進出戦,曇り,南西,1,1,6,6,4515,藤 田 浩 人,51,54,6.95,6,0.24,1.56.1,2-1-3,1680,6,2-1,750,4,1-2-3,250,1,1-2,180,1,,,,,,,
20250613,丸亀,11,準優進出戦,曇り,南西,1,1,1,1,4335,若 林 将,52,13,6.76,1,0.08,1.49.7,1-3-4,740,3,1-3,280,2,1-3-4,420,2,1-3,190,1,,,,,,,
20250613,丸亀,11,準優進出戦,曇り,南西,1,1,2,3,3679,飯 島 昌 弘,36,41,6.82,3,0.13,1.51.0,1-3-4,740,3,1-3,280,2,1-3-4,420,2,1-3,190,1,,,,,,,
20250613,丸亀,11,準優進出戦,曇り,南西,1,1,3,4,4302,西 野 翔 太,27,9,6.74,4,0.15,1.52.8,1-3-4,740,3,1-3,280,2,1-3-4,420,2,1-3,190,1,,,,,,,
20250613,丸亀,11,準優進出戦,曇り,南西,1,1,4,2,4053,芦 澤 望,62,38,6.73,2,0.11,1.54.1,1-3-4,740,3,1-3,280,2,1-3-4,420,2,1-3,190,1,,,,,,,
20250613,丸亀,11,準優進出戦,曇り,南西,1,1,5,6,4220,深 川 和 仁,66,27,6.79,5,0.19,1.55.0,1-3-4,740,3,1-3,280,2,1-3-4,420,2,1-3,190,1,,,,,,,
20250613,丸亀,11,準優進出戦,曇り,南西,1,1,6,5,3872,岡 田 憲 行,16,25,6.87,6,0.27,1.56.4,1-3-4,740,3,1-3,280,2,1-3-4,420,2,1-3,190,1,,,,,,,
20250613,丸亀,12,一般,曇り,北西,1,1,1,1,4191,赤 羽 克 也,5,18,6.82,1,0.29,1.50.3,1-4-5,1780,7,1-4,400,2,1-4-5,780,4,1-4,290,1,,,,,,,
20250613,丸亀,12,一般,曇り,北西,1,1,2,4,4458,抹 香 雄 三,17,50,6.76,4,0.28,1.51.9,1-4-5,1780,7,1-4,400,2,1-4-5,780,4,1-4,290,1,,,,,,,
20250613,丸亀,12,一般,曇り,北西,1,1,3,5,3998,冨 成 謙 児,22,33,6.82,5,0.29,1.53.6,1-4-5,1780,7,1-4,400,2,1-4-5,780,4,1-4,290,1,,,,,,,
20250613,丸亀,12,一般,曇り,北西,1,1,4,2,3081,岡 本 慎 治,50,3,6.79,2,0.26,1.54.9,1-4-5,1780,7,1-4,400,2,1-4-5,780,4,1-4,290,1,,,,,,,
20250613,丸亀,12,一般,曇り,北西,1,1,5,6,3859,多羅尾 達 之,13,55,6.77,6,0.31,1.58.6,1-4-5,1780,7,1-4,400,2,1-4-5,780,4,1-4,290,1,,,,,,,
20250613,丸亀,12,一般,曇り,北西,1,1,6,3,4215,吉 島 祥 之,25,5,6.80,3,0.26,2.01.1,1-4-5,1780,7,1-4,400,2,1-4-5,780,4,1-4,290,1,,,,,,,
20250613,宮島,1,ファーストＢ,曇り,東,1,1,1,1,3837,秋 山 広 一,63,31,6.80,1,0.11,1.49.2,1-3-2,1720,7,1-3,700,3,1-2-3,570,3,1-3,700,3,,,,,,,
20250613,宮島,1,ファーストＢ,曇り,東,1,1,2,3,4785,木 幡 純 也,18,16,6.81,3,0.04,1.51.7,1-3-2,1720,7,1-3,700,3,1-2-3,570,3,1-3,700,3,,,,,,,
20250613,宮島,1,ファーストＢ,曇り,東,1,1,3,2,4880,澤 崎 雄 哉,77,28,6.78,2,0.06,1.52.8,1-3-2,1720,7,1-3,700,3,1-2-3,570,3,1-3,700,3,,,,,,,
20250613,宮島,1,ファーストＢ,曇り,東,1,1,4,4,3690,河 合 三 弘,16,64,6.73,4,0.09,1.53.6,1-3-2,1720,7,1-3,700,3,1-2-3,570,3,1-3,700,3,,,,,,,
20250613,宮島,1,ファーストＢ,曇り,東,1,1,5,6,3562,山 下 和 彦,32,62,6.79,5,0.06,1.54.0,1-3-2,1720,7,1-3,700,3,1-2-3,570,3,1-3,700,3,,,,,,,
20250613,宮島,1,ファーストＢ,曇り,東,1,1,6,5,5392,安 武 一 也,81,63,6.77,6,0.08,1.57.9,1-3-2,1720,7,1-3,700,3,1-2-3,570,3,1-3,700,3,,,,,,,
20250613,宮島,2,予選,曇り,無風,0,1,1,1,4429,豊 田 泰 洋,24,33,6.81,1,0.14,1.51.7,1-3-4,990,3,1-3,450,2,1-3-4,540,3,1-3,510,2,,,,,,,
20250613,宮島,2,予選,曇り,無風,0,1,2,3,3430,角 浜 修,13,38,6.77,3,0.20,1.52.2,1-3-4,990,3,1-3,450,2,1-3-4,540,3,1-3,510,2,,,,,,,
20250613,宮島,2,予選,曇り,無風,0,1,3,4,5308,藤 森 拓 海,11,15,6.76,4,0.16,1.54.1,1-3-4,990,3,1-3,450,2,1-3-4,540,3,1-3,510,2,,,,,,,
20250613,宮島,2,予選,曇り,無風,0,1,4,5,5302,秋 末 秦 悟,62,75,6.73,5,0.17,1.54.2,1-3-4,990,3,1-3,450,2,1-3-4,540,3,1-3,510,2,,,,,,,
20250613,宮島,2,予選,曇り,無風,0,1,5,6,4176,樋 口 喜 彦,61,24,6.81,6,0.20,1.56.0,1-3-4,990,3,1-3,450,2,1-3-4,540,3,1-3,510,2,,,,,,,
20250613,宮島,2,予選,曇り,無風,0,1,6,2,4992,廣 瀬 篤 哉,17,37,6.77,2,0.17,1.56.3,1-3-4,990,3,1-3,450,2,1-3-4,540,3,1-3,510,2,,,,,,,
20250613,宮島,3,予選,曇り,無風,0,1,1,3,3910,松 下 知 幸,19,59,6.70,3,0.08,1.50.2,3-2-1,10690,30,3-2,3850,10,1-2-3,370,2,2-3,2050,7,,,,,,,
20250613,宮島,3,予選,曇り,無風,0,1,2,2,3556,田 中 信一郎,54,71,6.72,2,0.10,1.51.4,3-2-1,10690,30,3-2,3850,10,1-2-3,370,2,2-3,2050,7,,,,,,,
20250613,宮島,3,予選,曇り,無風,0,1,3,1,4630,岩 永 雅 人,26,67,6.74,1,0.21,1.52.9,3-2-1,10690,30,3-2,3850,10,1-2-3,370,2,2-3,2050,7,,,,,,,
20250613,宮島,3,予選,曇り,無風,0,1,4,4,3613,角 谷 健 吾,58,60,6.74,4,0.13,1.54.5,3-2-1,10690,30,3-2,3850,10,1-2-3,370,2,2-3,2050,7,,,,,,,
20250613,宮島,3,予選,曇り,無風,0,1,5,5,5325,澁 川 夏,56,66,6.74,5,0.16,1.55.4,3-2-1,10690,30,3-2,3850,10,1-2-3,370,2,2-3,2050,7,,,,,,,
20250613,宮島,3,予選,曇り,無風,0,1,6,6,4100,松 田 隆 司,15,73,6.75,6,0.21,1.56.1,3-2-1,10690,30,3-2,3850,10,1-2-3,370,2,2-3,2050,7,,,,,,,
20250613,宮島,4,ランチ特賞,曇り,南,1,1,1,2,3828,明 石 正 之,27,32,6.70,2,0.10,1.50.6,2-4-5,106340,91,2-4,19310,22,2-4-5,7530,14,2-4,7890,11,,,,,,,
20250613,宮島,4,ランチ特賞,曇り,南,1,1,2,4,5294,豊 田 祥 生,50,35,6.78,4,0.06,1.52.2,2-4-5,106340,91,2-4,19310,22,2-4-5,7530,14,2-4,7890,11,,,,,,,
20250613,宮島,4,ランチ特賞,曇り,南,1,1,3,5,4877,鈴 谷 一 平,36,19,6.69,5,0.08,1.53.6,2-4-5,106340,91,2-4,19310,22,2-4-5,7530,14,2-4,7890,11,,,,,,,
20250613,宮島,4,ランチ特賞,曇り,南,1,1,4,6,4094,中 島 真 二,29,13,6.77,6,0.07,1.54.0,2-4-5,106340,91,2-4,19310,22,2-4-5,7530,14,2-4,7890,11,,,,,,,
20250613,宮島,4,ランチ特賞,曇り,南,1,1,5,3,4782,浜 崎 準 也,52,30,6.76,3,0.10,1.55.6,2-4-5,106340,91,2-4,19310,22,2-4-5,7530,14,2-4,7890,11,,,,,,,
20250613,宮島,4,ランチ特賞,曇り,南,1,1,6,1,4903,吉 田 凌太朗,34,18,6.76,1,0.31,1.57.2,2-4-5,106340,91,2-4,19310,22,2-4-5,7530,14,2-4,7890,11,,,,,,,
20250613,宮島,5,予選,曇り,南,1,1,1,2,3744,徳 増 秀 樹,22,61,6.69,2,0.18,1.50.5,2-1-4,1020,1,2-1,580,3,1-2-4,290,1,1-2,230,1,,,,,,,
20250613,宮島,5,予選,曇り,南,1,1,2,1,4274,長 畑 友 輔,74,78,6.66,1,0.17,1.52.1,2-1-4,1020,1,2-1,580,3,1-2-4,290,1,1-2,230,1,,,,,,,
20250613,宮島,5,予選,曇り,南,1,1,3,4,4057,松 井 賢 治,37,52,6.71,4,0.20,1.53.1,2-1-4,1020,1,2-1,580,3,1-2-4,290,1,1-2,230,1,,,,,,,
20250613,宮島,5,予選,曇り,南,1,1,4,6,4325,新 出 浩 司,67,76,6.76,5,0.20,1.53.9,2-1-4,1020,1,2-1,580,3,1-2-4,290,1,1-2,230,1,,,,,,,
20250613,宮島,5,予選,曇り,南,1,1,5,3,4728,山 口 亮,23,80,6.73,3,0.19,1.55.4,2-1-4,1020,1,2-1,580,3,1-2-4,290,1,1-2,230,1,,,,,,,
20250613,宮島,5,予選,曇り,南,1,1,6,5,4729,佐 藤 謙史朗,21,54,6.64,6,0.31,1.56.7,2-1-4,1020,1,2-1,580,3,1-2-4,290,1,1-2,230,1,,,,,,,
20250613,宮島,6,予選,曇り,南,1,1,1,3,3499,市 川 哲 也,66,23,6.74,3,0.08,1.50.4,3-1-4,1400,4,3-1,660,3,1-3-4,400,2,1-3,300,1,,,,,,,
20250613,宮島,6,予選,曇り,南,1,1,2,1,3690,河 合 三 弘,16,64,6.69,1,0.08,1.52.1,3-1-4,1400,4,3-1,660,3,1-3-4,400,2,1-3,300,1,,,,,,,
20250613,宮島,6,予選,曇り,南,1,1,3,4,4318,桑 原 将 光,73,12,6.74,4,0.15,1.53.2,3-1-4,1400,4,3-1,660,3,1-3-4,400,2,1-3,300,1,,,,,,,
20250613,宮島,6,予選,曇り,南,1,1,4,2,4892,柴 田 直 哉,70,53,6.69,2,0.07,1.54.0,3-1-4,1400,4,3-1,660,3,1-3-4,400,2,1-3,300,1,,,,,,,
20250613,宮島,6,予選,曇り,南,1,1,5,5,4894,原 村 拓 也,12,55,6.71,5,0.36,1.54.9,3-1-4,1400,4,3-1,660,3,1-3-4,400,2,1-3,300,1,,,,,,,
20250613,宮島,6,予選,曇り,南,1,1,6,6,5348,小 林 甘 寧,80,26,6.66,6,0.21,1.55.7,3-1-4,1400,4,3-1,660,3,1-3-4,400,2,1-3,300,1,,,,,,,
20250613,宮島,7,予選,曇り,南,2,2,1,2,3562,山 下 和 彦,32,62,6.76,2,0.14,1.50.9,2-4-5,2750,8,2-4,1010,4,2-4-5,910,4,2-4,630,4,,,,,,,
20250613,宮島,7,予選,曇り,南,2,2,2,4,5325,澁 川 夏,56,66,6.77,4,0.08,1.51.8,2-4-5,2750,8,2-4,1010,4,2-4-5,910,4,2-4,630,4,,,,,,,
20250613,宮島,7,予選,曇り,南,2,2,3,5,4069,山 本 修 一,72,27,6.72,5,0.16,1.52.7,2-4-5,2750,8,2-4,1010,4,2-4-5,910,4,2-4,630,4,,,,,,,
20250613,宮島,7,予選,曇り,南,2,2,4,1,3463,乙 津 康 志,64,29,6.81,1,0.16,1.54.8,2-4-5,2750,8,2-4,1010,4,2-4-5,910,4,2-4,630,4,,,,,,,
20250613,宮島,7,予選,曇り,南,2,2,5,3,4899,占 部 一 真,30,20,6.76,3,0.11,1.56.4,2-4-5,2750,8,2-4,1010,4,2-4-5,910,4,2-4,630,4,,,,,,,
20250613,宮島,7,予選,曇り,南,2,2,6,6,3430,角 浜 修,13,38,6.73,6,0.24,1.57.3,2-4-5,2750,8,2-4,1010,4,2-4-5,910,4,2-4,630,4,,,,,,,
20250613,宮島,8,予選,曇り,南,2,2,1,1,3606,川 北 浩 貴,65,57,6.80,1,0.14,1.51.1,1-2-3,1340,4,1-2,360,1,1-2-3,1170,4,1-2,460,3,,,,,,,
20250613,宮島,8,予選,曇り,南,2,2,2,2,4672,守 屋 大 地,31,25,6.81,2,0.18,1.51.7,1-2-3,1340,4,1-2,360,1,1-2-3,1170,4,1-2,460,3,,,,,,,
20250613,宮島,8,予選,曇り,南,2,2,3,3,4094,中 島 真 二,29,13,6.78,3,0.20,1.53.6,1-2-3,1340,4,1-2,360,1,1-2-3,1170,4,1-2,460,3,,,,,,,
20250613,宮島,8,予選,曇り,南,2,2,4,5,4785,木 幡 純 也,18,16,6.77,5,0.23,1.54.9,1-2-3,1340,4,1-2,360,1,1-2-3,1170,4,1-2,460,3,,,,,,,
20250613,宮島,8,予選,曇り,南,2,2,5,6,3556,田 中 信一郎,54,71,6.74,6,0.22,1.55.5,1-2-3,1340,4,1-2,360,1,1-2-3,1170,4,1-2,460,3,,,,,,,
20250613,宮島,8,予選,曇り,南,2,2,6,4,5302,秋 末 秦 悟,62,75,6.74,4,0.17,1.57.6,1-2-3,1340,4,1-2,360,1,1-2-3,1170,4,1-2,460,3,,,,,,,
20250613,宮島,9,予選,曇り,南西,4,4,1,1,3910,松 下 知 幸,19,59,6.66,1,0.17,1.50.0,1-5-4,2310,10,1-5,520,2,1-4-5,760,4,1-5,750,2,,,,,,,
20250613,宮島,9,予選,曇り,南西,4,4,2,5,4600,井 内 将太郎,82,36,6.74,5,0.15,1.51.5,1-5-4,2310,10,1-5,520,2,1-4-5,760,4,1-5,750,2,,,,,,,
20250613,宮島,9,予選,曇り,南西,4,4,3,4,4274,長 畑 友 輔,74,78,6.74,4,0.13,1.53.5,1-5-4,2310,10,1-5,520,2,1-4-5,760,4,1-5,750,2,,,,,,,
20250613,宮島,9,予選,曇り,南西,4,4,4,2,5308,藤 森 拓 海,11,15,6.75,2,0.25,1.55.4,1-5-4,2310,10,1-5,520,2,1-4-5,760,4,1-5,750,2,,,,,,,
20250613,宮島,9,予選,曇り,南西,4,4,5,6,5392,安 武 一 也,81,63,6.77,6,0.22,1.56.4,1-5-4,2310,10,1-5,520,2,1-4-5,760,4,1-5,750,2,,,,,,,
20250613,宮島,9,予選,曇り,南西,4,4,6,3,4903,吉 田 凌太朗,34,18,6.82,3,0.28,1.58.4,1-5-4,2310,10,1-5,520,2,1-4-5,760,4,1-5,750,2,,,,,,,
20250613,宮島,10,特賞,曇り,南,3,3,1,4,3744,徳 増 秀 樹,22,61,6.81,4,0.07,1.50.7,4-5-1,2310,7,4-5,1050,5,1-4-5,370,1,4-5,1020,3,,,,,,,
20250613,宮島,10,特賞,曇り,南,3,3,2,5,4880,澤 崎 雄 哉,77,28,6.71,5,0.11,1.52.3,4-5-1,2310,7,4-5,1050,5,1-4-5,370,1,4-5,1020,3,,,,,,,
20250613,宮島,10,特賞,曇り,南,3,3,3,1,3828,明 石 正 之,27,32,6.70,1,0.12,1.53.9,4-5-1,2310,7,4-5,1050,5,1-4-5,370,1,4-5,1020,3,,,,,,,
20250613,宮島,10,特賞,曇り,南,3,3,4,3,4992,廣 瀬 篤 哉,17,37,6.76,3,0.18,1.55.4,4-5-1,2310,7,4-5,1050,5,1-4-5,370,1,4-5,1020,3,,,,,,,
20250613,宮島,10,特賞,曇り,南,3,3,5,6,3613,角 谷 健 吾,58,60,6.77,6,0.14,1.55.5,4-5-1,2310,7,4-5,1050,5,1-4-5,370,1,4-5,1020,3,,,,,,,
20250613,宮島,10,特賞,曇り,南,3,3,6,2,4894,原 村 拓 也,12,55,6.71,2,0.18,1.57.2,4-5-1,2310,7,4-5,1050,5,1-4-5,370,1,4-5,1020,3,,,,,,,
20250613,宮島,11,特選,晴,南西,3,3,1,1,3499,市 川 哲 也,66,23,6.80,1,0.12,1.50.4,1-3-4,530,1,1-3,240,1,1-3-4,240,1,1-3,220,1,,,,,,,
20250613,宮島,11,特選,晴,南西,3,3,2,3,3837,秋 山 広 一,63,31,6.77,3,0.07,1.51.1,1-3-4,530,1,1-3,240,1,1-3-4,240,1,1-3,220,1,,,,,,,
20250613,宮島,11,特選,晴,南西,3,3,3,4,4630,岩 永 雅 人,26,67,6.69,4,0.07,1.53.6,1-3-4,530,1,1-3,240,1,1-3-4,240,1,1-3,220,1,,,,,,,
20250613,宮島,11,特選,晴,南西,3,3,4,6,4057,松 井 賢 治,37,52,6.74,6,0.13,1.54.8,1-3-4,530,1,1-3,240,1,1-3-4,240,1,1-3,220,1,,,,,,,
20250613,宮島,11,特選,晴,南西,3,3,5,2,5074,大 澤 誠 也,38,81,6.76,2,0.12,1.54.8,1-3-4,530,1,1-3,240,1,1-3-4,240,1,1-3,220,1,,,,,,,
20250613,宮島,11,特選,晴,南西,3,3,6,5,4782,浜 崎 準 也,52,30,6.82,5,0.11,1.58.0,1-3-4,530,1,1-3,240,1,1-3-4,240,1,1-3,220,1,,,,,,,
20250613,宮島,12,モンタ特選,曇り,南,2,2,1,1,4069,山 本 修 一,72,27,6.75,1,0.07,1.49.8,1-2-3,470,1,1-2,200,1,1-2-3,310,1,1-2,200,1,,,,,,,
20250613,宮島,12,モンタ特選,曇り,南,2,2,2,2,4877,鈴 谷 一 平,36,19,6.76,2,0.05,1.51.1,1-2-3,470,1,1-2,200,1,1-2-3,310,1,1-2,200,1,,,,,,,
20250613,宮島,12,モンタ特選,曇り,南,2,2,3,3,4325,新 出 浩 司,67,76,6.77,3,0.07,1.52.6,1-2-3,470,1,1-2,200,1,1-2-3,310,1,1-2,200,1,,,,,,,
20250613,宮島,12,モンタ特選,曇り,南,2,2,4,4,4100,松 田 隆 司,15,73,6.75,4,0.14,1.54.3,1-2-3,470,1,1-2,200,1,1-2-3,310,1,1-2,200,1,,,,,,,
20250613,宮島,12,モンタ特選,曇り,南,2,2,5,5,3606,川 北 浩 貴,65,57,6.84,5,0.12,1.54.9,1-2-3,470,1,1-2,200,1,1-2-3,310,1,1-2,200,1,,,,,,,
20250613,宮島,12,モンタ特選,曇り,南,2,2,6,6,4318,桑 原 将 光,73,12,6.81,6,0.12,1.56.8,1-2-3,470,1,1-2,200,1,1-2-3,310,1,1-2,200,1,,,,,,,
20250613,尼崎,1,朝からセンプ,晴,無風,0,0,1,5,3656,伯 母 芳 恒,10,18,6.92,5,0.19,2.00.4,5-1-4,36890,79,5-1,7070,20,1-4-5,1920,7,1-5,2020,8,,,,,,,
20250613,尼崎,1,朝からセンプ,晴,無風,0,0,2,1,3454,井 川 大 作,51,14,6.90,1,0.26,2.03.6,5-1-4,36890,79,5-1,7070,20,1-4-5,1920,7,1-5,2020,8,,,,,,,
20250613,尼崎,1,朝からセンプ,晴,無風,0,0,3,4,4389,伊 藤 喜 智,42,61,6.85,4,0.18,2.10.8,5-1-4,36890,79,5-1,7070,20,1-4-5,1920,7,1-5,2020,8,,,,,,,
20250613,尼崎,1,朝からセンプ,晴,無風,0,0,S0,2,4234,野 相 弘 司,36,50,6.85,2,0.31,,5-1-4,36890,79,5-1,7070,20,1-4-5,1920,7,1-5,2020,8,,,,,,,
20250613,尼崎,1,朝からセンプ,晴,無風,0,0,S0,3,4161,黒 柳 浩 孝,21,22,6.83,3,0.21,,5-1-4,36890,79,5-1,7070,20,1-4-5,1920,7,1-5,2020,8,,,,,,,
20250613,尼崎,1,朝からセンプ,晴,無風,0,0,S2,6,4995,田 邉 亮 蔵,59,33,6.81,6,0.18,,5-1-4,36890,79,5-1,7070,20,1-4-5,1920,7,1-5,2020,8,,,,,,,
20250613,尼崎,2,予選,晴,南西,4,0,1,1,3523,寳 田 亮 治,25,16,6.79,1,0.21,1.48.9,1-2-3,1080,4,1-2,350,2,1-2-3,340,1,1-2,170,1,,,,,,,
20250613,尼崎,2,予選,晴,南西,4,0,2,2,4579,中 嶋 健一郎,29,15,6.75,2,0.19,1.50.9,1-2-3,1080,4,1-2,350,2,1-2-3,340,1,1-2,170,1,,,,,,,
20250613,尼崎,2,予選,晴,南西,4,0,3,3,5102,原 田 雄 次,45,72,6.85,3,0.22,1.52.4,1-2-3,1080,4,1-2,350,2,1-2-3,340,1,1-2,170,1,,,,,,,
20250613,尼崎,2,予選,晴,南西,4,0,4,6,3643,米 田 隆 弘,38,21,6.80,6,0.25,1.53.2,1-2-3,1080,4,1-2,350,2,1-2-3,340,1,1-2,170,1,,,,,,,
20250613,尼崎,2,予選,晴,南西,4,0,5,4,4902,山 川 雄 大,7,70,6.84,4,0.21,1.53.4,1-2-3,1080,4,1-2,350,2,1-2-3,340,1,1-2,170,1,,,,,,,
20250613,尼崎,2,予選,晴,南西,4,0,6,5,4104,木 下 陽 介,16,69,6.80,5,0.15,1.55.1,1-2-3,1080,4,1-2,350,2,1-2-3,340,1,1-2,170,1,,,,,,,
20250613,尼崎,3,予選,晴,西,3,0,1,2,4715,村 上 遼,19,62,6.76,2,0.25,1.49.1,2-1-3,1590,5,2-1,300,1,1-2-3,660,3,1-2,210,1,,,,,,,
20250613,尼崎,3,予選,晴,西,3,0,2,1,4565,西 村 豪 洋,20,13,6.79,1,0.13,1.50.8,2-1-3,1590,5,2-1,300,1,1-2-3,660,3,1-2,210,1,,,,,,,
20250613,尼崎,3,予選,晴,西,3,0,3,3,4248,岡 本 大,26,12,6.87,3,0.21,1.52.5,2-1-3,1590,5,2-1,300,1,1-2-3,660,3,1-2,210,1,,,,,,,
20250613,尼崎,3,予選,晴,西,3,0,4,6,4925,森 悠 稀,53,35,6.78,6,0.12,1.53.8,2-1-3,1590,5,2-1,300,1,1-2-3,660,3,1-2,210,1,,,,,,,
20250613,尼崎,3,予選,晴,西,3,0,5,5,3508,久 富 政 弘,13,65,6.81,5,0.18,1.54.7,2-1-3,1590,5,2-1,300,1,1-2-3,660,3,1-2,210,1,,,,,,,
20250613,尼崎,3,予選,晴,西,3,0,6,4,3268,森 竜 也,46,24,6.87,4,0.18,1.57.0,2-1-3,1590,5,2-1,300,1,1-2-3,660,3,1-2,210,1,,,,,,,
20250613,尼崎,4,予選,晴,南西,4,0,1,1,4487,三 原 司,55,19,6.80,1,0.25,1.49.2,1-6-3,5080,19,1-6,1830,7,1-3-6,1080,5,1-6,1070,6,,,,,,,
20250613,尼崎,4,予選,晴,南西,4,0,2,6,4388,是 澤 孝 宏,4,58,6.75,6,0.19,1.51.0,1-6-3,5080,19,1-6,1830,7,1-3-6,1080,5,1-6,1070,6,,,,,,,
20250613,尼崎,4,予選,晴,南西,4,0,3,3,4969,町 田 洸 希,58,74,6.78,3,0.23,1.52.4,1-6-3,5080,19,1-6,1830,7,1-3-6,1080,5,1-6,1070,6,,,,,,,
20250613,尼崎,4,予選,晴,南西,4,0,4,2,4949,横 田 貴 満,3,75,6.79,2,0.26,1.52.7,1-6-3,5080,19,1-6,1830,7,1-3-6,1080,5,1-6,1070,6,,,,,,,
20250613,尼崎,4,予選,晴,南西,4,0,5,4,4162,竹 本 太 樹,31,68,6.86,4,0.26,1.55.6,1-6-3,5080,19,1-6,1830,7,1-3-6,1080,5,1-6,1070,6,,,,,,,
20250613,尼崎,4,予選,晴,南西,4,0,6,5,4731,間 野 兼 礼,52,30,6.79,5,0.18,1.58.2,1-6-3,5080,19,1-6,1830,7,1-3-6,1080,5,1-6,1070,6,,,,,,,
20250613,尼崎,5,予選,晴,無風,0,0,1,1,3305,小 野 信 樹,5,26,6.80,1,0.18,1.49.4,1-2-5,2520,7,1-2,1140,6,1-2-5,890,4,1-2,460,2,,,,,,,
20250613,尼崎,5,予選,晴,無風,0,0,2,2,5186,遠 藤 圭 吾,11,44,6.84,2,0.15,1.50.3,1-2-5,2520,7,1-2,1140,6,1-2-5,890,4,1-2,460,2,,,,,,,
20250613,尼崎,5,予選,晴,無風,0,0,3,5,4828,松 山 将 吾,28,46,6.81,5,0.12,1.51.4,1-2-5,2520,7,1-2,1140,6,1-2-5,890,4,1-2,460,2,,,,,,,
20250613,尼崎,5,予選,晴,無風,0,0,4,4,3831,安 藤 裕 貴,17,48,6.84,4,0.09,1.53.0,1-2-5,2520,7,1-2,1140,6,1-2-5,890,4,1-2,460,2,,,,,,,
20250613,尼崎,5,予選,晴,無風,0,0,5,3,4299,中 島 浩 哉,44,53,6.83,3,0.15,1.55.4,1-2-5,2520,7,1-2,1140,6,1-2-5,890,4,1-2,460,2,,,,,,,
20250613,尼崎,5,予選,晴,無風,0,0,6,6,4375,照 屋 厚 仁,50,11,6.81,6,0.11,1.56.4,1-2-5,2520,7,1-2,1140,6,1-2-5,890,4,1-2,460,2,,,,,,,
20250613,尼崎,6,昼どきピンク,晴,南西,3,0,1,4,4064,原 田 篤 志,43,47,6.79,4,0.37,1.49.6,4-1-2,2080,7,4-1,650,3,1-2-4,460,2,1-4,190,1,,,,,,,
20250613,尼崎,6,昼どきピンク,晴,南西,3,0,2,1,3616,中 村 真,61,25,6.88,1,0.20,1.50.9,4-1-2,2080,7,4-1,650,3,1-2-4,460,2,1-4,190,1,,,,,,,
20250613,尼崎,6,昼どきピンク,晴,南西,3,0,3,2,4005,瀬 川 公 則,35,66,6.80,2,0.22,1.51.0,4-1-2,2080,7,4-1,650,3,1-2-4,460,2,1-4,190,1,,,,,,,
20250613,尼崎,6,昼どきピンク,晴,南西,3,0,4,3,4902,山 川 雄 大,7,70,6.85,3,0.28,1.53.1,4-1-2,2080,7,4-1,650,3,1-2-4,460,2,1-4,190,1,,,,,,,
20250613,尼崎,6,昼どきピンク,晴,南西,3,0,5,6,2538,高 橋 二 朗,47,42,6.88,5,0.57,1.54.5,4-1-2,2080,7,4-1,650,3,1-2-4,460,2,1-4,190,1,,,,,,,
20250613,尼崎,6,昼どきピンク,晴,南西,3,0,K0,5,4234,野 相 弘 司,36,50 K,,,,,4-1-2,2080,7,4-1,650,3,1-2-4,460,2,1-4,190,1,,,,,,,
20250613,尼崎,7,予選,晴,南西,3,0,1,1,4104,木 下 陽 介,16,69,6.80,1,0.13,1.48.8,1-5-2,1540,2,1-5,670,2,1-2-5,270,1,1-5,440,2,,,,,,,
20250613,尼崎,7,予選,晴,南西,3,0,2,5,4236,松 村 敏,33,67,6.82,5,0.10,1.50.6,1-5-2,1540,2,1-5,670,2,1-2-5,270,1,1-5,440,2,,,,,,,
20250613,尼崎,7,予選,晴,南西,3,0,3,2,4925,森 悠 稀,53,35,6.79,2,0.13,1.51.9,1-5-2,1540,2,1-5,670,2,1-2-5,270,1,1-5,440,2,,,,,,,
20250613,尼崎,7,予選,晴,南西,3,0,4,4,4151,下 河 誉 史,23,60,6.83,4,0.12,1.53.1,1-5-2,1540,2,1-5,670,2,1-2-5,270,1,1-5,440,2,,,,,,,
20250613,尼崎,7,予選,晴,南西,3,0,5,3,4562,阪 本 勇 介,54,51,6.86,3,0.22,1.55.1,1-5-2,1540,2,1-5,670,2,1-2-5,270,1,1-5,440,2,,,,,,,
20250613,尼崎,7,予選,晴,南西,3,0,6,6,3656,伯 母 芳 恒,10,18,6.87,6,0.15,1.57.3,1-5-2,1540,2,1-5,670,2,1-2-5,270,1,1-5,440,2,,,,,,,
20250613,尼崎,8,予選,晴,西,3,0,1,6,4715,村 上 遼,19,62,6.82,6,0.20,1.48.8,6-2-1,8240,37,6-2,3440,14,1-2-6,460,3,2-6,1280,6,,,,,,,
20250613,尼崎,8,予選,晴,西,3,0,2,2,3643,米 田 隆 弘,38,21,6.76,2,0.23,1.50.2,6-2-1,8240,37,6-2,3440,14,1-2-6,460,3,2-6,1280,6,,,,,,,
20250613,尼崎,8,予選,晴,西,3,0,3,1,4389,伊 藤 喜 智,42,36,6.79,1,0.23,1.52.5,6-2-1,8240,37,6-2,3440,14,1-2-6,460,3,2-6,1280,6,,,,,,,
20250613,尼崎,8,予選,晴,西,3,0,4,5,4487,三 原 司,55,19,6.81,5,0.21,1.53.2,6-2-1,8240,37,6-2,3440,14,1-2-6,460,3,2-6,1280,6,,,,,,,
20250613,尼崎,8,予選,晴,西,3,0,5,4,5330,安河内 鈴之介,30,54,6.79,4,0.20,1.54.6,6-2-1,8240,37,6-2,3440,14,1-2-6,460,3,2-6,1280,6,,,,,,,
20250613,尼崎,8,予選,晴,西,3,0,6,3,3617,竹 田 広 樹,40,32,6.84,3,0.23,1.57.1,6-2-1,8240,37,6-2,3440,14,1-2-6,460,3,2-6,1280,6,,,,,,,
20250613,尼崎,9,予選特賞,晴,西,4,0,1,1,3905,天 野 友 和,39,52,6.78,1,0.19,1.50.1,1-6-4,36300,62,1-6,4720,12,1-4-6,6930,13,1-6,4080,10,,,,,,,
20250613,尼崎,9,予選特賞,晴,西,4,0,2,6,5292,佐 藤 右 京,15,34,6.82,6,0.20,1.51.2,1-6-4,36300,62,1-6,4720,12,1-4-6,6930,13,1-6,4080,10,,,,,,,
20250613,尼崎,9,予選特賞,晴,西,4,0,3,4,5102,原 田 雄 次,45,72,6.81,4,0.28,1.53.1,1-6-4,36300,62,1-6,4720,12,1-4-6,6930,13,1-6,4080,10,,,,,,,
20250613,尼崎,9,予選特賞,晴,西,4,0,4,2,4995,田 邉 亮 蔵,59,64,6.76,2,0.19,1.54.1,1-6-4,36300,62,1-6,4720,12,1-4-6,6930,13,1-6,4080,10,,,,,,,
20250613,尼崎,9,予選特賞,晴,西,4,0,5,3,4565,西 村 豪 洋,20,13,6.81,3,0.16,1.54.1,1-6-4,36300,62,1-6,4720,12,1-4-6,6930,13,1-6,4080,10,,,,,,,
20250613,尼崎,9,予選特賞,晴,西,4,0,6,5,4388,是 澤 孝 宏,4,58,6.77,5,0.20,1.55.0,1-6-4,36300,62,1-6,4720,12,1-4-6,6930,13,1-6,4080,10,,,,,,,
20250613,尼崎,10,予選特賞,晴,西,4,0,1,1,4828,松 山 将 吾,28,46,6.82,1,0.16,1.49.4,1-5-2,1280,4,1-5,470,3,1-2-5,400,2,1-5,360,2,,,,,,,
20250613,尼崎,10,予選特賞,晴,西,4,0,2,5,4949,横 田 貴 満,3,75,6.78,4,0.16,1.51.0,1-5-2,1280,4,1-5,470,3,1-2-5,400,2,1-5,360,2,,,,,,,
20250613,尼崎,10,予選特賞,晴,西,4,0,3,2,4911,片 岡 大 地,34,56,6.86,2,0.21,1.51.3,1-5-2,1280,4,1-5,470,3,1-2-5,400,2,1-5,360,2,,,,,,,
20250613,尼崎,10,予選特賞,晴,西,4,0,4,6,4261,岡 祐 臣,12,45,6.78,5,0.19,1.52.2,1-5-2,1280,4,1-5,470,3,1-2-5,400,2,1-5,360,2,,,,,,,
20250613,尼崎,10,予選特賞,晴,西,4,0,5,3,3523,寳 田 亮 治,25,16,6.83,3,0.29,1.53.5,1-5-2,1280,4,1-5,470,3,1-2-5,400,2,1-5,360,2,,,,,,,
20250613,尼崎,10,予選特賞,晴,西,4,0,6,4,3454,井 川 大 作,51,14,6.92,6,0.26,2.00.1,1-5-2,1280,4,1-5,470,3,1-2-5,400,2,1-5,360,2,,,,,,,
20250613,尼崎,11,予選特選,晴,西,5,3,1,2,4236,松 村 敏,33,67,6.78,1,0.20,1.48.7,2-4-3,1990,11,2-4,530,4,2-3-4,880,6,2-4,720,4,,,,,,,
20250613,尼崎,11,予選特選,晴,西,5,3,2,4,4248,岡 本 大,26,12,6.84,3,0.27,1.51.3,2-4-3,1990,11,2-4,530,4,2-3-4,880,6,2-4,720,4,,,,,,,
20250613,尼崎,11,予選特選,晴,西,5,3,3,3,4731,間 野 兼 礼,52,30,6.80,2,0.26,1.53.6,2-4-3,1990,11,2-4,530,4,2-3-4,880,6,2-4,720,4,,,,,,,
20250613,尼崎,11,予選特選,晴,西,5,3,4,6,3800,牧 宏 次,37,17,6.82,5,0.27,1.54.8,2-4-3,1990,11,2-4,530,4,2-3-4,880,6,2-4,720,4,,,,,,,
20250613,尼崎,11,予選特選,晴,西,5,3,5,5,3616,中 村 真,61,25,6.83,4,0.23,1.55.3,2-4-3,1990,11,2-4,530,4,2-3-4,880,6,2-4,720,4,,,,,,,
20250613,尼崎,11,予選特選,晴,西,5,3,K0,1,4161,黒 柳 浩 孝,21,23 K,,,,,2-4-3,1990,11,2-4,530,4,2-3-4,880,6,2-4,720,4,,,,,,,
20250613,尼崎,12,予選特選,晴,南西,5,3,1,2,4375,照 屋 厚 仁,50,59,6.81,2,0.24,1.49.7,2-6-1,77150,64,2-6,20780,22,1-2-6,1640,5,2-6,9690,12,,,,,,,
20250613,尼崎,12,予選特選,晴,南西,5,3,2,6,4969,町 田 洸 希,58,74,6.84,6,0.15,1.51.3,2-6-1,77150,64,2-6,20780,22,1-2-6,1640,5,2-6,9690,12,,,,,,,
20250613,尼崎,12,予選特選,晴,南西,5,3,3,1,4064,原 田 篤 志,43,47,6.77,1,0.37,1.51.8,2-6-1,77150,64,2-6,20780,22,1-2-6,1640,5,2-6,9690,12,,,,,,,
20250613,尼崎,12,予選特選,晴,南西,5,3,4,5,4579,中 嶋 健一郎,29,15,6.79,5,0.13,1.53.2,2-6-1,77150,64,2-6,20780,22,1-2-6,1640,5,2-6,9690,12,,,,,,,
20250613,尼崎,12,予選特選,晴,南西,5,3,5,4,3508,久 富 政 弘,13,65,6.86,4,0.23,1.54.9,2-6-1,77150,64,2-6,20780,22,1-2-6,1640,5,2-6,9690,12,,,,,,,
20250613,尼崎,12,予選特選,晴,南西,5,3,6,3,4151,下 河 誉 史,23,60,6.85,3,0.25,1.55.7,2-6-1,77150,64,2-6,20780,22,1-2-6,1640,5,2-6,9690,12,,,,,,,
20250613,常滑,1,朝トコ小判Ｒ,曇り,南西,1,0,1,4,3459,中 野 和 裕,3,49,6.78,4,0.10,1.50.4,4-3-5,14070,36,4-3,4740,13,3-4-5,2520,7,3-4,1280,5,,,,,,,
20250613,常滑,1,朝トコ小判Ｒ,曇り,南西,1,0,2,3,4143,浦 田 晃 嗣,29,48,6.77,3,0.07,1.52.1,4-3-5,14070,36,4-3,4740,13,3-4-5,2520,7,3-4,1280,5,,,,,,,
20250613,常滑,1,朝トコ小判Ｒ,曇り,南西,1,0,3,5,4272,大 場 広 孝,12,62,6.77,5,0.13,1.53.6,4-3-5,14070,36,4-3,4740,13,3-4-5,2520,7,3-4,1280,5,,,,,,,
20250613,常滑,1,朝トコ小判Ｒ,曇り,南西,1,0,4,1,4298,宮 下 元 胤,14,59,6.76,1,0.10,1.55.7,4-3-5,14070,36,4-3,4740,13,3-4-5,2520,7,3-4,1280,5,,,,,,,
20250613,常滑,1,朝トコ小判Ｒ,曇り,南西,1,0,5,6,5313,鈴 木 唯 央,30,42,6.78,6,0.24,,4-3-5,14070,36,4-3,4740,13,3-4-5,2520,7,3-4,1280,5,,,,,,,
20250613,常滑,1,朝トコ小判Ｒ,曇り,南西,1,0,6,2,3776,横 井 健 太,1,18,6.88,2,0.14,,4-3-5,14070,36,4-3,4740,13,3-4-5,2520,7,3-4,1280,5,,,,,,,
20250613,常滑,2,一般,曇り,南西,2,1,1,1,3441,土 屋 太 朗,47,38,6.76,1,0.18,1.50.7,1-2-5,3100,11,1-2,790,4,1-2-5,990,4,1-2,520,3,,,,,,,
20250613,常滑,2,一般,曇り,南西,2,1,2,2,3963,原 田 秀 弥,50,55,6.82,2,0.20,1.51.6,1-2-5,3100,11,1-2,790,4,1-2-5,990,4,1-2,520,3,,,,,,,
20250613,常滑,2,一般,曇り,南西,2,1,3,5,4977,馬 野 耀,33,43,6.77,5,0.19,1.51.7,1-2-5,3100,11,1-2,790,4,1-2-5,990,4,1-2,520,3,,,,,,,
20250613,常滑,2,一般,曇り,南西,2,1,4,6,5272,松 田 真 実,39,29,6.73,6,0.18,1.54.0,1-2-5,3100,11,1-2,790,4,1-2-5,990,4,1-2,520,3,,,,,,,
20250613,常滑,2,一般,曇り,南西,2,1,5,4,4779,伊 倉 光,57,54,6.75,4,0.18,,1-2-5,3100,11,1-2,790,4,1-2-5,990,4,1-2,520,3,,,,,,,
20250613,常滑,2,一般,曇り,南西,2,1,6,3,4437,中 田 元 泰,34,69,6.77,3,0.17,,1-2-5,3100,11,1-2,790,4,1-2-5,990,4,1-2,520,3,,,,,,,
20250613,常滑,3,一般,晴,南,2,1,1,1,4228,吉 田 慎二郎,38,19,6.69,1,0.22,1.50.5,1-3-6,1780,6,1-3,670,3,1-3-6,580,4,1-3,570,3,,,,,,,
20250613,常滑,3,一般,晴,南,2,1,2,3,3377,塚 田 修 二,53,46,6.76,3,0.28,1.51.0,1-3-6,1780,6,1-3,670,3,1-3-6,580,4,1-3,570,3,,,,,,,
20250613,常滑,3,一般,晴,南,2,1,3,6,4159,向 後 龍 一,13,52,6.76,6,0.25,1.52.5,1-3-6,1780,6,1-3,670,3,1-3-6,580,4,1-3,570,3,,,,,,,
20250613,常滑,3,一般,晴,南,2,1,4,4,4873,蒲 原 健 太,54,63,6.66,4,0.25,1.53.8,1-3-6,1780,6,1-3,670,3,1-3-6,580,4,1-3,570,3,,,,,,,
20250613,常滑,3,一般,晴,南,2,1,5,5,4465,大 西 賢,43,50,6.78,5,0.23,,1-3-6,1780,6,1-3,670,3,1-3-6,580,4,1-3,570,3,,,,,,,
20250613,常滑,3,一般,晴,南,2,1,6,2,3699,富 永 正 人,35,44,6.76,2,0.24,,1-3-6,1780,6,1-3,670,3,1-3-6,580,4,1-3,570,3,,,,,,,
20250613,常滑,4,一般,晴,南東,2,1,1,1,3940,飯 山 泰,22,57,6.75,1,0.12,1.49.6,1-4-2,3710,14,1-4,1340,4,1-2-4,1040,4,1-4,1290,5,,,,,,,
20250613,常滑,4,一般,晴,南東,2,1,2,4,4864,小 川 日紀太,21,74,6.81,4,0.11,1.51.6,1-4-2,3710,14,1-4,1340,4,1-2-4,1040,4,1-4,1290,5,,,,,,,
20250613,常滑,4,一般,晴,南東,2,1,3,2,4555,富 永 大 一,26,56,6.80,2,0.23,1.52.6,1-4-2,3710,14,1-4,1340,4,1-2-4,1040,4,1-4,1290,5,,,,,,,
20250613,常滑,4,一般,晴,南東,2,1,4,5,4177,萬 正 嗣,20,26,6.89,5,0.18,1.53.9,1-4-2,3710,14,1-4,1340,4,1-2-4,1040,4,1-4,1290,5,,,,,,,
20250613,常滑,4,一般,晴,南東,2,1,5,6,4075,中 野 次 郎,48,40,6.80,6,0.18,,1-4-2,3710,14,1-4,1340,4,1-2-4,1040,4,1-4,1290,5,,,,,,,
20250613,常滑,4,一般,晴,南東,2,1,6,3,5065,伊久間 陽 優,17,31,6.87,3,0.10,,1-4-2,3710,14,1-4,1340,4,1-2-4,1040,4,1-4,1290,5,,,,,,,
20250613,常滑,5,一般,晴,南西,2,1,1,1,4501,樋 口 由加里,60,15,6.80,1,0.10,1.50.2,1-4-2,1500,5,1-4,230,1,1-2-4,810,4,1-4,370,2,,,,,,,
20250613,常滑,5,一般,晴,南西,2,1,2,4,4823,中 村 桃 佳,56,33,6.75,4,0.18,1.51.5,1-4-2,1500,5,1-4,230,1,1-2-4,810,4,1-4,370,2,,,,,,,
20250613,常滑,5,一般,晴,南西,2,1,3,2,3604,武 藤 綾 子,42,25,6.77,2,0.22,1.54.0,1-4-2,1500,5,1-4,230,1,1-2-4,810,4,1-4,370,2,,,,,,,
20250613,常滑,5,一般,晴,南西,2,1,4,5,4936,戸 敷 晃 美,55,13,6.82,5,0.17,1.54.4,1-4-2,1500,5,1-4,230,1,1-2-4,810,4,1-4,370,2,,,,,,,
20250613,常滑,5,一般,晴,南西,2,1,5,3,5173,谷 口 佳 蓮,18,51,6.82,3,0.22,,1-4-2,1500,5,1-4,230,1,1-2-4,810,4,1-4,370,2,,,,,,,
20250613,常滑,5,一般,晴,南西,2,1,6,6,5410,今 泉 澪,32,66,6.84,6,0.19,,1-4-2,1500,5,1-4,230,1,1-2-4,810,4,1-4,370,2,,,,,,,
20250613,常滑,6,昼トコ小判Ｒ,晴,南西,2,1,1,5,4909,薮 内 瑞 希,9,17,6.79,5,0.16,1.58.3,5-6-2,123740,87,5-6,17310,19,2-5-6,12830,19,5-6,6870,11,,,,,,,
20250613,常滑,6,昼トコ小判Ｒ,晴,南西,2,1,2,6,4779,伊 倉 光,57,54,6.77,6,0.19,2.01.6,5-6-2,123740,87,5-6,17310,19,2-5-6,12830,19,5-6,6870,11,,,,,,,
20250613,常滑,6,昼トコ小判Ｒ,晴,南西,2,1,3,2,3660,長谷川 親 王,25,11,6.85,2,0.25,2.05.0,5-6-2,123740,87,5-6,17310,19,2-5-6,12830,19,5-6,6870,11,,,,,,,
20250613,常滑,6,昼トコ小判Ｒ,晴,南西,2,1,S0,1,4518,大須賀 友,16,68,6.75,1,0.25,,5-6-2,123740,87,5-6,17310,19,2-5-6,12830,19,5-6,6870,11,,,,,,,
20250613,常滑,6,昼トコ小判Ｒ,晴,南西,2,1,S0,3,3448,高 山 秀 雄,19,67,6.81,3,0.21,,5-6-2,123740,87,5-6,17310,19,2-5-6,12830,19,5-6,6870,11,,,,,,,
20250613,常滑,6,昼トコ小判Ｒ,晴,南西,2,1,S2,4,4314,青 木 幸太郎,28,45,6.81,4,0.18,,5-6-2,123740,87,5-6,17310,19,2-5-6,12830,19,5-6,6870,11,,,,,,,
20250613,常滑,7,一般,晴,南,3,1,1,5,4025,山 本 隆 幸,44,32,6.83,5,0.19,1.50.3,5-2-6,12090,41,5-2,4270,14,2-5-6,1510,8,2-5,2720,10,,,,,,,
20250613,常滑,7,一般,晴,南,3,1,2,2,3860,松 本 浩 貴,8,16,6.87,2,0.21,1.52.2,5-2-6,12090,41,5-2,4270,14,2-5-6,1510,8,2-5,2720,10,,,,,,,
20250613,常滑,7,一般,晴,南,3,1,3,6,4184,渡 邊 雄一郎,24,20,6.73,6,0.14,1.52.9,5-2-6,12090,41,5-2,4270,14,2-5-6,1510,8,2-5,2720,10,,,,,,,
20250613,常滑,7,一般,晴,南,3,1,4,1,4143,浦 田 晃 嗣,29,48,6.79,1,0.19,1.54.5,5-2-6,12090,41,5-2,4270,14,2-5-6,1510,8,2-5,2720,10,,,,,,,
20250613,常滑,7,一般,晴,南,3,1,5,3,3699,富 永 正 人,35,44,6.83,3,0.29,,5-2-6,12090,41,5-2,4270,14,2-5-6,1510,8,2-5,2720,10,,,,,,,
20250613,常滑,7,一般,晴,南,3,1,6,4,5313,鈴 木 唯 央,30,42,6.85,4,0.14,,5-2-6,12090,41,5-2,4270,14,2-5-6,1510,8,2-5,2720,10,,,,,,,
20250613,常滑,8,一般,晴,南東,4,2,1,2,4146,柳 橋 宏 紀,40,28,6.77,2,0.09,1.50.7,2-1-4,2150,6,2-1,1310,7,1-2-4,410,2,1-2,570,3,,,,,,,
20250613,常滑,8,一般,晴,南東,4,2,2,1,3459,中 野 和 裕,3,49,6.77,1,0.11,1.52.3,2-1-4,2150,6,2-1,1310,7,1-2-4,410,2,1-2,570,3,,,,,,,
20250613,常滑,8,一般,晴,南東,4,2,3,4,5028,原 田 才一郎,52,22,6.75,4,0.22,1.53.2,2-1-4,2150,6,2-1,1310,7,1-2-4,410,2,1-2,570,3,,,,,,,
20250613,常滑,8,一般,晴,南東,4,2,4,3,4649,和 田 操 拓,62,47,6.80,3,0.13,1.55.7,2-1-4,2150,6,2-1,1310,7,1-2-4,410,2,1-2,570,3,,,,,,,
20250613,常滑,8,一般,晴,南東,4,2,5,5,5272,松 田 真 実,39,29,6.76,5,0.22,,2-1-4,2150,6,2-1,1310,7,1-2-4,410,2,1-2,570,3,,,,,,,
20250613,常滑,8,一般,晴,南東,4,2,6,6,4864,小 川 日紀太,21,74,6.87,6,0.23,,2-1-4,2150,6,2-1,1310,7,1-2-4,410,2,1-2,570,3,,,,,,,
20250613,常滑,9,一般,晴,南東,3,1,1,4,4852,川 原 祐 明,49,39,6.87,4,0.09,1.50.6,4-2-3,1240,2,4-2,390,1,2-3-4,280,1,2-4,200,1,,,,,,,
20250613,常滑,9,一般,晴,南東,3,1,2,2,4656,大 崎 翔,51,70,6.79,2,0.15,1.52.5,4-2-3,1240,2,4-2,390,1,2-3-4,280,1,2-4,200,1,,,,,,,
20250613,常滑,9,一般,晴,南東,3,1,3,3,3441,土 屋 太 朗,47,38,6.87,3,0.09,1.54.1,4-2-3,1240,2,4-2,390,1,2-3-4,280,1,2-4,200,1,,,,,,,
20250613,常滑,9,一般,晴,南東,3,1,4,1,3604,武 藤 綾 子,42,25,6.76,1,0.21,1.55.3,4-2-3,1240,2,4-2,390,1,2-3-4,280,1,2-4,200,1,,,,,,,
20250613,常滑,9,一般,晴,南東,3,1,5,6,3776,横 井 健 太,1,18,6.83,5,0.11,,4-2-3,1240,2,4-2,390,1,2-3-4,280,1,2-4,200,1,,,,,,,
20250613,常滑,9,一般,晴,南東,3,1,6,5,5410,今 泉 澪,32,66,6.94,6,0.15,,4-2-3,1240,2,4-2,390,1,2-3-4,280,1,2-4,200,1,,,,,,,
20250613,常滑,10,準優勝戦,晴,南東,3,1,1,1,4075,中 野 次 郎,48,40,6.84,1,0.21,1.51.3,1-3-2,1500,5,1-3,510,3,1-2-3,380,2,1-3,720,3,,,,,,,
20250613,常滑,10,準優勝戦,晴,南東,3,1,2,3,4555,富 永 大 一,26,56,6.87,3,0.27,1.52.3,1-3-2,1500,5,1-3,510,3,1-2-3,380,2,1-3,720,3,,,,,,,
20250613,常滑,10,準優勝戦,晴,南東,3,1,3,2,4977,馬 野 耀,33,43,6.84,2,0.28,1.53.3,1-3-2,1500,5,1-3,510,3,1-2-3,380,2,1-3,720,3,,,,,,,
20250613,常滑,10,準優勝戦,晴,南東,3,1,4,6,3377,塚 田 修 二,53,46,6.85,6,0.21,1.54.7,1-3-2,1500,5,1-3,510,3,1-2-3,380,2,1-3,720,3,,,,,,,
20250613,常滑,10,準優勝戦,晴,南東,3,1,5,5,4228,吉 田 慎二郎,38,19,6.90,5,0.22,,1-3-2,1500,5,1-3,510,3,1-2-3,380,2,1-3,720,3,,,,,,,
20250613,常滑,10,準優勝戦,晴,南東,3,1,6,4,4437,中 田 元 泰,34,69,6.89,4,0.24,,1-3-2,1500,5,1-3,510,3,1-2-3,380,2,1-3,720,3,,,,,,,
20250613,常滑,11,準優勝戦,晴,南東,5,2,1,1,4184,渡 邊 雄一郎,24,20,6.82,1,0.12,1.50.2,1-3-2,1120,4,1-3,320,1,1-2-3,480,2,1-3,360,2,,,,,,,
20250613,常滑,11,準優勝戦,晴,南東,5,2,2,3,4518,大須賀 友,16,35,6.79,3,0.17,1.52.4,1-3-2,1120,4,1-3,320,1,1-2-3,480,2,1-3,360,2,,,,,,,
20250613,常滑,11,準優勝戦,晴,南東,5,2,3,2,4873,蒲 原 健 太,54,63,6.84,2,0.15,1.53.7,1-3-2,1120,4,1-3,320,1,1-2-3,480,2,1-3,360,2,,,,,,,
20250613,常滑,11,準優勝戦,晴,南東,5,2,4,4,3940,飯 山 泰,22,57,6.87,4,0.28,1.54.3,1-3-2,1120,4,1-3,320,1,1-2-3,480,2,1-3,360,2,,,,,,,
20250613,常滑,11,準優勝戦,晴,南東,5,2,5,5,4823,中 村 桃 佳,56,33,6.81,5,0.26,,1-3-2,1120,4,1-3,320,1,1-2-3,480,2,1-3,360,2,,,,,,,
20250613,常滑,11,準優勝戦,晴,南東,5,2,6,6,3963,原 田 秀 弥,50,55,6.92,6,0.35,,1-3-2,1120,4,1-3,320,1,1-2-3,480,2,1-3,360,2,,,,,,,
20250613,常滑,12,準優勝戦,晴,南東,3,1,1,2,5028,原 田 才一郎,52,22,6.80,2,0.13,1.50.1,2-1-5,3060,10,2-1,540,3,1-2-5,900,3,1-2,180,1,,,,,,,
20250613,常滑,12,準優勝戦,晴,南東,3,1,2,1,4159,向 後 龍 一,13,52,6.86,1,0.07,1.51.5,2-1-5,3060,10,2-1,540,3,1-2-5,900,3,1-2,180,1,,,,,,,
20250613,常滑,12,準優勝戦,晴,南東,3,1,3,5,5173,谷 口 佳 蓮,18,51,6.94,5,0.13,1.53.4,2-1-5,3060,10,2-1,540,3,1-2-5,900,3,1-2,180,1,,,,,,,
20250613,常滑,12,準優勝戦,晴,南東,3,1,4,6,3448,高 山 秀 雄,19,24,6.90,6,0.16,1.53.8,2-1-5,3060,10,2-1,540,3,1-2-5,900,3,1-2,180,1,,,,,,,
20250613,常滑,12,準優勝戦,晴,南東,3,1,5,4,4501,樋 口 由加里,60,15,6.86,4,0.11,,2-1-5,3060,10,2-1,540,3,1-2-5,900,3,1-2,180,1,,,,,,,
20250613,常滑,12,準優勝戦,晴,南東,3,1,6,3,4314,青 木 幸太郎,28,45,6.88,3,0.10,,2-1-5,3060,10,2-1,540,3,1-2-5,900,3,1-2,180,1,,,,,,,
20250613,徳山,1,朝トク一般,曇り,南西,1,1,1,1,3350,藤 本 佳 史,52,35,6.93,1,0.13,1.51.8,1-2-3,460,1,1-2,270,2,1-2-3,220,1,1-2,220,1,,,,,,,
20250613,徳山,1,朝トク一般,曇り,南西,1,1,2,2,3516,吉 原 聖 人,67,75,6.92,2,0.15,1.53.6,1-2-3,460,1,1-2,270,2,1-2-3,220,1,1-2,220,1,,,,,,,
20250613,徳山,1,朝トク一般,曇り,南西,1,1,3,3,3736,岡 本 猛,24,77,6.94,3,0.13,1.55.1,1-2-3,460,1,1-2,270,2,1-2-3,220,1,1-2,220,1,,,,,,,
20250613,徳山,1,朝トク一般,曇り,南西,1,1,4,5,5247,大 森 翼,75,14,6.94,5,0.07,1.55.9,1-2-3,460,1,1-2,270,2,1-2-3,220,1,1-2,220,1,,,,,,,
20250613,徳山,1,朝トク一般,曇り,南西,1,1,5,6,3583,齋 藤 智 裕,23,28,7.02,6,0.07,,1-2-3,460,1,1-2,270,2,1-2-3,220,1,1-2,220,1,,,,,,,
20250613,徳山,1,朝トク一般,曇り,南西,1,1,6,4,3600,玄 馬 徹,19,74,7.00,4,0.12,,1-2-3,460,1,1-2,270,2,1-2-3,220,1,1-2,220,1,,,,,,,
20250613,徳山,2,決めトク一般,曇り,南西,1,1,1,3,4498,宮 本 夏 樹,65,22,6.96,3,0.12,1.52.6,3-1-4,2910,10,3-1,580,3,1-3-4,670,3,1-3,180,1,,,,,,,
20250613,徳山,2,決めトク一般,曇り,南西,1,1,2,1,3992,関 口 智 久,58,40,6.97,1,0.15,1.53.1,3-1-4,2910,10,3-1,580,3,1-3-4,670,3,1-3,180,1,,,,,,,
20250613,徳山,2,決めトク一般,曇り,南西,1,1,3,4,3637,齋 藤 和 政,11,31,6.98,4,0.14,1.54.4,3-1-4,2910,10,3-1,580,3,1-3-4,670,3,1-3,180,1,,,,,,,
20250613,徳山,2,決めトク一般,曇り,南西,1,1,4,6,3621,天 野 晶 夫,64,54,6.99,6,0.21,1.55.6,3-1-4,2910,10,3-1,580,3,1-3-4,670,3,1-3,180,1,,,,,,,
20250613,徳山,2,決めトク一般,曇り,南西,1,1,5,5,3107,平 岡 重 典,70,16,6.99,5,0.19,,3-1-4,2910,10,3-1,580,3,1-3-4,670,3,1-3,180,1,,,,,,,
20250613,徳山,2,決めトク一般,曇り,南西,1,1,6,2,5289,佃 來 紀,49,17,6.97,2,0.17,,3-1-4,2910,10,3-1,580,3,1-3-4,670,3,1-3,180,1,,,,,,,
20250613,徳山,3,ガチトク一般,曇り,南西,2,2,1,3,5208,屋 良 龍 紀,56,67,6.93,3,0.05,1.51.7,3-2-1,10250,25,3-2,3560,8,1-2-3,260,1,2-3,2100,5,,,,,,,
20250613,徳山,3,ガチトク一般,曇り,南西,2,2,2,2,4315,山 崎 昂 介,22,43,6.92,2,0.11,1.53.2,3-2-1,10250,25,3-2,3560,8,1-2-3,260,1,2-3,2100,5,,,,,,,
20250613,徳山,3,ガチトク一般,曇り,南西,2,2,3,1,4207,松 下 一 也,21,69,6.96,1,0.06,1.55.0,3-2-1,10250,25,3-2,3560,8,1-2-3,260,1,2-3,2100,5,,,,,,,
20250613,徳山,3,ガチトク一般,曇り,南西,2,2,4,5,3615,横 田 茂,51,73,7.06,5,0.11,1.56.3,3-2-1,10250,25,3-2,3560,8,1-2-3,260,1,2-3,2100,5,,,,,,,
20250613,徳山,3,ガチトク一般,曇り,南西,2,2,5,4,4139,丹 下 健,25,71,7.00,4,0.06,,3-2-1,10250,25,3-2,3560,8,1-2-3,260,1,2-3,2100,5,,,,,,,
20250613,徳山,3,ガチトク一般,曇り,南西,2,2,6,6,4068,幸 田 智 裕,68,65,7.03,6,0.11,,3-2-1,10250,25,3-2,3560,8,1-2-3,260,1,2-3,2100,5,,,,,,,
20250613,徳山,4,買っトク一般,曇り,南西,3,3,1,3,4792,杉 村 賢 也,66,39,6.88,3,0.07,1.52.2,3-1-6,840,2,3-1,460,2,1-3-6,190,1,1-3,180,1,,,,,,,
20250613,徳山,4,買っトク一般,曇り,南西,3,3,2,1,4463,三 苫 晃 幸,53,50,6.95,1,0.10,1.53.2,3-1-6,840,2,3-1,460,2,1-3-6,190,1,1-3,180,1,,,,,,,
20250613,徳山,4,買っトク一般,曇り,南西,3,3,3,6,4278,藤 岡 俊 介,46,70,7.02,6,0.12,1.55.2,3-1-6,840,2,3-1,460,2,1-3-6,190,1,1-3,180,1,,,,,,,
20250613,徳山,4,買っトク一般,曇り,南西,3,3,4,5,4219,本 岡 勝 利,62,68,7.06,5,0.12,1.56.6,3-1-6,840,2,3-1,460,2,1-3-6,190,1,1-3,180,1,,,,,,,
20250613,徳山,4,買っトク一般,曇り,南西,3,3,5,2,5284,嘉手苅 徹 哉,18,38,7.00,2,0.10,,3-1-6,840,2,3-1,460,2,1-3-6,190,1,1-3,180,1,,,,,,,
20250613,徳山,4,買っトク一般,曇り,南西,3,3,6,4,4978,山 田 和 佐,50,62,7.04,4,0.14,,3-1-6,840,2,3-1,460,2,1-3-6,190,1,1-3,180,1,,,,,,,
20250613,徳山,5,一般,曇り,南西,2,2,1,1,4263,武 重 雄 介,63,44,7.00,1,0.11,1.52.0,1-2-3,780,1,1-2,370,1,1-2-3,450,2,1-2,190,1,,,,,,,
20250613,徳山,5,一般,曇り,南西,2,2,2,2,3519,冨 田 秀 幸,20,60,7.01,2,0.16,1.54.0,1-2-3,780,1,1-2,370,1,1-2-3,450,2,1-2,190,1,,,,,,,
20250613,徳山,5,一般,曇り,南西,2,2,3,3,3600,玄 馬 徹,19,74,7.02,3,0.17,1.55.3,1-2-3,780,1,1-2,370,1,1-2-3,450,2,1-2,190,1,,,,,,,
20250613,徳山,5,一般,曇り,南西,2,2,4,6,4727,安 部 慎 一,12,20,6.97,6,0.27,1.55.9,1-2-3,780,1,1-2,370,1,1-2-3,450,2,1-2,190,1,,,,,,,
20250613,徳山,5,一般,曇り,南西,2,2,5,4,5247,大 森 翼,75,14,6.99,4,0.20,,1-2-3,780,1,1-2,370,1,1-2-3,450,2,1-2,190,1,,,,,,,
20250613,徳山,5,一般,曇り,南西,2,2,6,5,4365,盛 本 真 輔,60,41,7.01,5,0.27,,1-2-3,780,1,1-2,370,1,1-2-3,450,2,1-2,190,1,,,,,,,
20250613,徳山,6,一般,曇り,南西,2,2,1,1,4840,鈴 木 秀 茉,13,57,6.91,1,0.17,1.51.2,1-6-2,8320,24,1-6,2520,7,1-2-6,1300,7,1-6,1940,5,,,,,,,
20250613,徳山,6,一般,曇り,南西,2,2,2,6,4395,下 河 雅 史,73,45,7.04,6,0.27,1.52.9,1-6-2,8320,24,1-6,2520,7,1-2-6,1300,7,1-6,1940,5,,,,,,,
20250613,徳山,6,一般,曇り,南西,2,2,3,2,3832,下 田 哲 也,72,53,6.97,2,0.19,1.54.6,1-6-2,8320,24,1-6,2520,7,1-2-6,1300,7,1-6,1940,5,,,,,,,
20250613,徳山,6,一般,曇り,南西,2,2,4,4,4058,野 末 智 一,14,26,6.97,4,0.25,1.56.2,1-6-2,8320,24,1-6,2520,7,1-2-6,1300,7,1-6,1940,5,,,,,,,
20250613,徳山,6,一般,曇り,南西,2,2,5,5,3736,岡 本 猛,24,77,6.99,5,0.24,,1-6-2,8320,24,1-6,2520,7,1-2-6,1300,7,1-6,1940,5,,,,,,,
20250613,徳山,6,一般,曇り,南西,2,2,6,3,4440,萩 原 知 哉,61,30,6.98,3,0.16,,1-6-2,8320,24,1-6,2520,7,1-2-6,1300,7,1-6,1940,5,,,,,,,
20250613,徳山,7,一般,曇り,南,1,1,1,1,5238,笹 木 香 吾,74,46,6.95,1,0.18,1.52.0,1-4-2,980,4,1-4,380,1,1-2-4,360,1,1-4,270,1,,,,,,,
20250613,徳山,7,一般,曇り,南,1,1,2,4,5208,屋 良 龍 紀,56,67,6.99,4,0.12,1.52.8,1-4-2,980,4,1-4,380,1,1-2-4,360,1,1-4,270,1,,,,,,,
20250613,徳山,7,一般,曇り,南,1,1,3,2,4139,丹 下 健,25,71,7.01,2,0.18,1.54.8,1-4-2,980,4,1-4,380,1,1-2-4,360,1,1-4,270,1,,,,,,,
20250613,徳山,7,一般,曇り,南,1,1,4,3,3637,齋 藤 和 政,11,31,7.03,3,0.11,1.56.3,1-4-2,980,4,1-4,380,1,1-2-4,360,1,1-4,270,1,,,,,,,
20250613,徳山,7,一般,曇り,南,1,1,5,5,5289,佃 來 紀,49,17,7.03,5,0.16,,1-4-2,980,4,1-4,380,1,1-2-4,360,1,1-4,270,1,,,,,,,
20250613,徳山,7,一般,曇り,南,1,1,6,6,5352,西 岡 蒼 志,55,24,7.02,6,0.16,,1-4-2,980,4,1-4,380,1,1-2-4,360,1,1-4,270,1,,,,,,,
20250613,徳山,8,一般,曇り,南西,2,2,1,1,4315,山 崎 昂 介,22,43,6.95,1,0.12,1.52.3,1-2-3,450,1,1-2,210,1,1-2-3,220,1,1-2,180,1,,,,,,,
20250613,徳山,8,一般,曇り,南西,2,2,2,2,3107,平 岡 重 典,70,16,7.01,2,0.08,1.54.0,1-2-3,450,1,1-2,210,1,1-2-3,220,1,1-2,180,1,,,,,,,
20250613,徳山,8,一般,曇り,南西,2,2,3,3,4219,本 岡 勝 利,62,68,7.05,3,0.12,1.55.5,1-2-3,450,1,1-2,210,1,1-2-3,220,1,1-2,180,1,,,,,,,
20250613,徳山,8,一般,曇り,南西,2,2,4,4,5284,嘉手苅 徹 哉,18,38,7.00,5,0.13,1.57.0,1-2-3,450,1,1-2,210,1,1-2-3,220,1,1-2,180,1,,,,,,,
20250613,徳山,8,一般,曇り,南西,2,2,5,5,3516,吉 原 聖 人,67,75,7.03,4,0.16,,1-2-3,450,1,1-2,210,1,1-2-3,220,1,1-2,180,1,,,,,,,
20250613,徳山,8,一般,曇り,南西,2,2,6,6,5407,中 岡 駿,47,63,6.95,6,0.23,,1-2-3,450,1,1-2,210,1,1-2-3,220,1,1-2,180,1,,,,,,,
20250613,徳山,9,トクっちゃ特,曇り,南西,2,2,1,3,3297,藤 丸 光 一,16,59,6.96,3,0.14,1.51.6,3-1-2,6850,23,3-1,1700,6,1-2-3,310,1,1-3,360,2,,,,,,,
20250613,徳山,9,トクっちゃ特,曇り,南西,2,2,2,1,4365,盛 本 真 輔,60,41,6.98,1,0.11,1.54.3,3-1-2,6850,23,3-1,1700,6,1-2-3,310,1,1-3,360,2,,,,,,,
20250613,徳山,9,トクっちゃ特,曇り,南西,2,2,3,2,3615,横 田 茂,51,73,7.06,2,0.12,1.55.8,3-1-2,6850,23,3-1,1700,6,1-2-3,310,1,1-3,360,2,,,,,,,
20250613,徳山,9,トクっちゃ特,曇り,南西,2,2,4,6,3992,関 口 智 久,58,40,7.02,5,0.07,1.56.8,3-1-2,6850,23,3-1,1700,6,1-2-3,310,1,1-3,360,2,,,,,,,
20250613,徳山,9,トクっちゃ特,曇り,南西,2,2,5,4,4498,宮 本 夏 樹,65,22,7.06,6,0.05,,3-1-2,6850,23,3-1,1700,6,1-2-3,310,1,1-3,360,2,,,,,,,
20250613,徳山,9,トクっちゃ特,曇り,南西,2,2,6,5,3519,冨 田 秀 幸,20,60,7.05,4,0.13,,3-1-2,6850,23,3-1,1700,6,1-2-3,310,1,1-3,360,2,,,,,,,
20250613,徳山,10,のんた選抜,曇り,南西,2,2,1,1,3621,天 野 晶 夫,64,54,7.00,1,0.11,1.52.0,1-2-4,740,1,1-2,320,1,1-2-4,380,1,1-2,150,1,,,,,,,
20250613,徳山,10,のんた選抜,曇り,南西,2,2,2,2,3350,藤 本 佳 史,52,35,7.00,2,0.11,1.52.5,1-2-4,740,1,1-2,320,1,1-2-4,380,1,1-2,150,1,,,,,,,
20250613,徳山,10,のんた選抜,曇り,南西,2,2,3,4,4792,杉 村 賢 也,66,39,6.87,4,0.12,1.54.4,1-2-4,740,1,1-2,320,1,1-2-4,380,1,1-2,150,1,,,,,,,
20250613,徳山,10,のんた選抜,曇り,南西,2,2,4,6,4840,鈴 木 秀 茉,13,57,6.95,6,0.18,1.54.9,1-2-4,740,1,1-2,320,1,1-2-4,380,1,1-2,150,1,,,,,,,
20250613,徳山,10,のんた選抜,曇り,南西,2,2,5,3,4727,安 部 慎 一,12,20,6.97,3,0.11,,1-2-4,740,1,1-2,320,1,1-2-4,380,1,1-2,150,1,,,,,,,
20250613,徳山,10,のんた選抜,曇り,南西,2,2,6,5,4207,松 下 一 也,21,69,6.99,5,0.10,,1-2-4,740,1,1-2,320,1,1-2-4,380,1,1-2,150,1,,,,,,,
20250613,徳山,11,それっちゃ選,曇り,南西,2,2,1,1,4278,藤 岡 俊 介,46,70,6.98,1,0.11,1.51.3,1-4-2,810,4,1-4,310,2,1-2-4,330,1,1-4,290,2,,,,,,,
20250613,徳山,11,それっちゃ選,曇り,南西,2,2,2,4,4263,武 重 雄 介,63,44,7.03,4,0.21,1.52.6,1-4-2,810,4,1-4,310,2,1-2-4,330,1,1-4,290,2,,,,,,,
20250613,徳山,11,それっちゃ選,曇り,南西,2,2,3,2,5238,笹 木 香 吾,74,46,6.97,2,0.14,1.54.8,1-4-2,810,4,1-4,310,2,1-2-4,330,1,1-4,290,2,,,,,,,
20250613,徳山,11,それっちゃ選,曇り,南西,2,2,4,3,4058,野 末 智 一,14,26,6.98,3,0.19,1.55.6,1-4-2,810,4,1-4,310,2,1-2-4,330,1,1-4,290,2,,,,,,,
20250613,徳山,11,それっちゃ選,曇り,南西,2,2,5,5,3832,下 田 哲 也,72,53,7.02,5,0.23,,1-4-2,810,4,1-4,310,2,1-2-4,330,1,1-4,290,2,,,,,,,
20250613,徳山,11,それっちゃ選,曇り,南西,2,2,6,6,4463,三 苫 晃 幸,53,50,6.99,6,0.23,,1-4-2,810,4,1-4,310,2,1-2-4,330,1,1-4,290,2,,,,,,,
20250613,徳山,12,優勝戦,曇り,南,2,2,1,2,4762,藤 原 啓史朗,57,25,6.95,3,0.07,1.50.9,2-5-1,8960,30,2-5,2250,8,1-2-5,740,3,2-5,2180,7,,,,,,,
20250613,徳山,12,優勝戦,曇り,南,2,2,2,5,3822,平 尾 崇 典,69,47,6.97,5,0.08,1.52.2,2-5-1,8960,30,2-5,2250,8,1-2-5,740,3,2-5,2180,7,,,,,,,
20250613,徳山,12,優勝戦,曇り,南,2,2,3,1,4570,前 田 聖 文,48,49,6.98,1,0.16,1.54.2,2-5-1,8960,30,2-5,2250,8,1-2-5,740,3,2-5,2180,7,,,,,,,
20250613,徳山,12,優勝戦,曇り,南,2,2,4,6,3385,渡 邉 睦 広,15,42,7.00,6,0.04,1.55.6,2-5-1,8960,30,2-5,2250,8,1-2-5,740,3,2-5,2180,7,,,,,,,
20250613,徳山,12,優勝戦,曇り,南,2,2,5,4,3257,田 頭 実,54,34,6.97,2,0.14,,2-5-1,8960,30,2-5,2250,8,1-2-5,740,3,2-5,2180,7,,,,,,,
20250613,徳山,12,優勝戦,曇り,南,2,2,6,3,4140,梶 野 学 志,59,52,6.96,4,0.13,,2-5-1,8960,30,2-5,2250,8,1-2-5,740,3,2-5,2180,7,,,,,,,
20250613,戸田,1,予選,曇り,南東,2,2,1,2,4674,池 田 剛 規,18,77,6.65,2,0.21,1.50.3,2-4-6,16550,66,2-4,3610,14,2-4-6,3040,15,2-4,1990,9,,,,,,,
20250613,戸田,1,予選,曇り,南東,2,2,2,4,3357,福 島 陽 子,62,14,6.68,4,0.15,1.52.1,2-4-6,16550,66,2-4,3610,14,2-4-6,3040,15,2-4,1990,9,,,,,,,
20250613,戸田,1,予選,曇り,南東,2,2,3,6,5085,中 村 栄 治,57,21,6.62,6,0.11,1.53.5,2-4-6,16550,66,2-4,3610,14,2-4-6,3040,15,2-4,1990,9,,,,,,,
20250613,戸田,1,予選,曇り,南東,2,2,4,5,4281,大 澤 大 夢,16,13,6.70,5,0.11,1.54.9,2-4-6,16550,66,2-4,3610,14,2-4-6,3040,15,2-4,1990,9,,,,,,,
20250613,戸田,1,予選,曇り,南東,2,2,5,1,3306,武 田 正 紀,15,45,6.55,1,0.17,,2-4-6,16550,66,2-4,3610,14,2-4-6,3040,15,2-4,1990,9,,,,,,,
20250613,戸田,1,予選,曇り,南東,2,2,6,3,4035,杉 江 浩 明,45,69,6.67,3,0.26,,2-4-6,16550,66,2-4,3610,14,2-4-6,3040,15,2-4,1990,9,,,,,,,
20250613,戸田,2,予選,曇り,南東,1,1,1,2,3826,村 田 修 次,40,33,6.66,2,0.07,1.50.0,2-4-5,32110,73,2-4,4010,15,2-4-5,8710,17,2-4,1680,7,,,,,,,
20250613,戸田,2,予選,曇り,南東,1,1,2,4,5207,高 山 敬 悟,20,25,6.66,4,0.09,1.51.6,2-4-5,32110,73,2-4,4010,15,2-4-5,8710,17,2-4,1680,7,,,,,,,
20250613,戸田,2,予選,曇り,南東,1,1,3,5,3528,笠 野 友紀恵,24,76,6.65,5,0.18,1.53.2,2-4-5,32110,73,2-4,4010,15,2-4-5,8710,17,2-4,1680,7,,,,,,,
20250613,戸田,2,予選,曇り,南東,1,1,4,1,4417,服 部 剛,49,35,6.61,1,0.09,1.54.1,2-4-5,32110,73,2-4,4010,15,2-4-5,8710,17,2-4,1680,7,,,,,,,
20250613,戸田,2,予選,曇り,南東,1,1,5,6,4702,三 浦 敬 太,8,65,6.68,6,0.17,,2-4-5,32110,73,2-4,4010,15,2-4-5,8710,17,2-4,1680,7,,,,,,,
20250613,戸田,2,予選,曇り,南東,1,1,6,3,4761,山 田 晃 大,22,72,6.62,3,0.11,,2-4-5,32110,73,2-4,4010,15,2-4-5,8710,17,2-4,1680,7,,,,,,,
20250613,戸田,3,予選,曇り,南東,3,2,1,1,3659,藤 生 雄 人,37,11,6.64,1,0.05,1.50.3,1-2-6,1170,1,1-2,340,1,1-2-6,310,1,1-2,270,1,,,,,,,
20250613,戸田,3,予選,曇り,南東,3,2,2,2,4808,松 尾 拓,35,60,6.64,2,0.09,1.52.3,1-2-6,1170,1,1-2,340,1,1-2-6,310,1,1-2,270,1,,,,,,,
20250613,戸田,3,予選,曇り,南東,3,2,3,6,3548,室 田 泰 史,28,17,6.82,4,0.08,1.53.5,1-2-6,1170,1,1-2,340,1,1-2-6,310,1,1-2,270,1,,,,,,,
20250613,戸田,3,予選,曇り,南東,3,2,4,3,3156,金 子 良 昭,27,46,6.63,3,0.09,1.54.9,1-2-6,1170,1,1-2,340,1,1-2-6,310,1,1-2,270,1,,,,,,,
20250613,戸田,3,予選,曇り,南東,3,2,5,5,5090,生 方 靖 亜,63,74,6.71,6,0.15,,1-2-6,1170,1,1-2,340,1,1-2-6,310,1,1-2,270,1,,,,,,,
20250613,戸田,3,予選,曇り,南東,3,2,6,4,3207,田 村 美 和,9,30,6.64,5,0.06,,1-2-6,1170,1,1-2,340,1,1-2-6,310,1,1-2,270,1,,,,,,,
20250613,戸田,4,予選,曇り,南東,3,3,1,1,4180,上 野 秀 和,10,73,6.54,1,0.12,1.49.7,1-6-2,4020,16,1-6,1100,4,1-2-6,1000,6,1-6,820,4,,,,,,,
20250613,戸田,4,予選,曇り,南東,3,3,2,6,4470,平 田 健之佑,33,75,6.68,5,0.13,1.51.2,1-6-2,4020,16,1-6,1100,4,1-2-6,1000,6,1-6,820,4,,,,,,,
20250613,戸田,4,予選,曇り,南東,3,3,3,2,5183,中 野 孝 二,60,43,6.56,2,0.17,1.53.5,1-6-2,4020,16,1-6,1100,4,1-2-6,1000,6,1-6,820,4,,,,,,,
20250613,戸田,4,予選,曇り,南東,3,3,4,5,4040,廣 瀬 将 亨,36,53,6.73,6,0.12,1.53.9,1-6-2,4020,16,1-6,1100,4,1-2-6,1000,6,1-6,820,4,,,,,,,
20250613,戸田,4,予選,曇り,南東,3,3,5,4,3812,山 崎 聖 司,59,59,6.72,4,0.15,,1-6-2,4020,16,1-6,1100,4,1-2-6,1000,6,1-6,820,4,,,,,,,
20250613,戸田,4,予選,曇り,南東,3,3,6,3,3692,竹 腰 正 樹,41,23,6.67,3,0.09,,1-6-2,4020,16,1-6,1100,4,1-2-6,1000,6,1-6,820,4,,,,,,,
20250613,戸田,5,ウインウイン,曇り,南東,2,1,1,1,4210,松 村 康 太,13,62,6.62,1,0.14,1.50.9,1-6-4,9220,27,1-6,4430,11,1-4-6,670,3,1-6,3370,9,,,,,,,
20250613,戸田,5,ウインウイン,曇り,南東,2,1,2,6,4457,神 田 達 也,53,24,6.79,6,0.19,1.52.7,1-6-4,9220,27,1-6,4430,11,1-4-6,670,3,1-6,3370,9,,,,,,,
20250613,戸田,5,ウインウイン,曇り,南東,2,1,3,4,4528,黒 井 達 矢,31,20,6.68,4,0.11,1.53.2,1-6-4,9220,27,1-6,4430,11,1-4-6,670,3,1-6,3370,9,,,,,,,
20250613,戸田,5,ウインウイン,曇り,南東,2,1,4,3,5254,羽 田 妃 希,48,29,6.74,3,0.18,1.55.3,1-6-4,9220,27,1-6,4430,11,1-4-6,670,3,1-6,3370,9,,,,,,,
20250613,戸田,5,ウインウイン,曇り,南東,2,1,5,5,3306,武 田 正 紀,15,45,6.64,5,0.16,,1-6-4,9220,27,1-6,4430,11,1-4-6,670,3,1-6,3370,9,,,,,,,
20250613,戸田,5,ウインウイン,曇り,南東,2,1,6,2,3630,黒 田 誠 司,7,51,6.71,2,0.16,,1-6-4,9220,27,1-6,4430,11,1-4-6,670,3,1-6,3370,9,,,,,,,
20250613,戸田,6,予選,曇り,南東,3,2,1,5,4468,大 池 佑 来,29,39,6.71,5,0.22,1.50.5,5-1-6,3970,15,5-1,860,2,1-5-6,1360,6,1-5,410,1,,,,,,,
20250613,戸田,6,予選,曇り,南東,3,2,2,1,3339,泉 具 巳,64,34,6.61,1,0.23,1.52.2,5-1-6,3970,15,5-1,860,2,1-5-6,1360,6,1-5,410,1,,,,,,,
20250613,戸田,6,予選,曇り,南東,3,2,3,6,4209,藤 田 竜 弘,51,44,6.76,6,0.25,1.53.2,5-1-6,3970,15,5-1,860,2,1-5-6,1360,6,1-5,410,1,,,,,,,
20250613,戸田,6,予選,曇り,南東,3,2,4,4,3251,平 石 和 男,61,37,6.69,4,0.26,1.54.2,5-1-6,3970,15,5-1,860,2,1-5-6,1360,6,1-5,410,1,,,,,,,
20250613,戸田,6,予選,曇り,南東,3,2,5,3,4417,服 部 剛,49,35,6.70,3,0.32,,5-1-6,3970,15,5-1,860,2,1-5-6,1360,6,1-5,410,1,,,,,,,
20250613,戸田,6,予選,曇り,南東,3,2,6,2,3973,崎 利 仁,58,66,6.73,2,0.34,,5-1-6,3970,15,5-1,860,2,1-5-6,1360,6,1-5,410,1,,,,,,,
20250613,戸田,7,ウインウイン,曇り,南東,1,1,1,2,3357,福 島 陽 子,62,14,6.63,2,0.17,1.50.0,2-1-4,3180,13,2-1,1010,5,1-2-4,450,3,1-2,220,1,,,,,,,
20250613,戸田,7,ウインウイン,曇り,南東,1,1,2,1,4286,平 田 さやか,30,28,6.58,1,0.15,1.50.3,2-1-4,3180,13,2-1,1010,5,1-2-4,450,3,1-2,220,1,,,,,,,
20250613,戸田,7,ウインウイン,曇り,南東,1,1,3,4,3528,笠 野 友紀恵,24,76,6.66,4,0.18,1.52.8,2-1-4,3180,13,2-1,1010,5,1-2-4,450,3,1-2,220,1,,,,,,,
20250613,戸田,7,ウインウイン,曇り,南東,1,1,4,5,3175,渡 辺 千 草,5,47,6.70,5,0.16,1.54.1,2-1-4,3180,13,2-1,1010,5,1-2-4,450,3,1-2,220,1,,,,,,,
20250613,戸田,7,ウインウイン,曇り,南東,1,1,5,3,3207,田 村 美 和,9,30,6.65,3,0.19,,2-1-4,3180,13,2-1,1010,5,1-2-4,450,3,1-2,220,1,,,,,,,
20250613,戸田,7,ウインウイン,曇り,南東,1,1,6,6,5113,黒 明 花 夢,56,70,6.68,6,0.27,,2-1-4,3180,13,2-1,1010,5,1-2-4,450,3,1-2,220,1,,,,,,,
20250613,戸田,8,予選,曇り,南,1,1,1,1,4401,小 林 泰,44,36,6.65,1,0.15,1.50.1,1-2-3,970,2,1-2,320,1,1-2-3,460,2,1-2,390,2,,,,,,,
20250613,戸田,8,予選,曇り,南,1,1,2,2,4281,大 澤 大 夢,16,13,6.75,2,0.13,1.51.1,1-2-3,970,2,1-2,320,1,1-2-3,460,2,1-2,390,2,,,,,,,
20250613,戸田,8,予選,曇り,南,1,1,3,3,5090,生 方 靖 亜,63,74,6.70,3,0.19,1.53.6,1-2-3,970,2,1-2,320,1,1-2-3,460,2,1-2,390,2,,,,,,,
20250613,戸田,8,予選,曇り,南,1,1,4,5,3931,黒 崎 竜 也,6,22,6.64,5,0.20,1.54.6,1-2-3,970,2,1-2,320,1,1-2-3,460,2,1-2,390,2,,,,,,,
20250613,戸田,8,予選,曇り,南,1,1,5,4,5317,長 尾 萌 加,26,49,6.61,4,0.26,,1-2-3,970,2,1-2,320,1,1-2-3,460,2,1-2,390,2,,,,,,,
20250613,戸田,8,予選,曇り,南,1,1,6,6,4110,小 澤 和 也,1,31,6.74,6,0.20,,1-2-3,970,2,1-2,320,1,1-2-3,460,2,1-2,390,2,,,,,,,
20250613,戸田,9,戸田特賞,曇り,南東,2,2,1,3,3826,村 田 修 次,40,33,6.72,4,0.10,1.49.9,3-6-5,1480,1,3-6,670,1,3-5-6,520,3,3-6,510,2,,,,,,,
20250613,戸田,9,戸田特賞,曇り,南東,2,2,2,6,3327,野長瀬 正 孝,21,55,6.69,2,0.12,1.51.3,3-6-5,1480,1,3-6,670,1,3-5-6,520,3,3-6,510,2,,,,,,,
20250613,戸田,9,戸田特賞,曇り,南東,2,2,3,5,4588,田 中 京 介,4,64,6.70,6,0.19,1.53.3,3-6-5,1480,1,3-6,670,1,3-5-6,520,3,3-6,510,2,,,,,,,
20250613,戸田,9,戸田特賞,曇り,南東,2,2,4,4,5085,中 村 栄 治,57,21,6.76,5,0.13,1.54.9,3-6-5,1480,1,3-6,670,1,3-5-6,520,3,3-6,510,2,,,,,,,
20250613,戸田,9,戸田特賞,曇り,南東,2,2,5,2,5254,羽 田 妃 希,48,29,6.69,3,0.25,,3-6-5,1480,1,3-6,670,1,3-5-6,520,3,3-6,510,2,,,,,,,
20250613,戸田,9,戸田特賞,曇り,南東,2,2,6,1,3156,金 子 良 昭,27,46,6.65,1,0.19,,3-6-5,1480,1,3-6,670,1,3-5-6,520,3,3-6,510,2,,,,,,,
20250613,戸田,10,戸田特賞,曇り,南東,1,1,1,2,4040,廣 瀬 将 亨,36,53,6.66,2,0.14,1.48.8,2-1-5,3760,14,2-1,760,4,1-2-5,1310,6,1-2,360,1,,,,,,,
20250613,戸田,10,戸田特賞,曇り,南東,1,1,2,1,5207,高 山 敬 悟,20,25,6.65,1,0.12,1.51.1,2-1-5,3760,14,2-1,760,4,1-2-5,1310,6,1-2,360,1,,,,,,,
20250613,戸田,10,戸田特賞,曇り,南東,1,1,3,5,3339,泉 具 巳,64,34,6.80,5,0.20,1.52.8,2-1-5,3760,14,2-1,760,4,1-2-5,1310,6,1-2,360,1,,,,,,,
20250613,戸田,10,戸田特賞,曇り,南東,1,1,4,6,3475,橋 本 久 和,23,48,6.71,6,0.23,1.54.5,2-1-5,3760,14,2-1,760,4,1-2-5,1310,6,1-2,360,1,,,,,,,
20250613,戸田,10,戸田特賞,曇り,南東,1,1,5,3,3548,室 田 泰 史,28,17,6.81,3,0.09,,2-1-5,3760,14,2-1,760,4,1-2-5,1310,6,1-2,360,1,,,,,,,
20250613,戸田,10,戸田特賞,曇り,南東,1,1,6,4,3630,黒 田 誠 司,7,51,6.80,4,0.27,,2-1-5,3760,14,2-1,760,4,1-2-5,1310,6,1-2,360,1,,,,,,,
20250613,戸田,11,記者選抜戦,曇り,南東,4,3,1,1,3251,平 石 和 男,61,37,6.65,1,0.14,1.50.1,1-2-5,1100,2,1-2,340,1,1-2-5,390,2,1-2,140,1,,,,,,,
20250613,戸田,11,記者選抜戦,曇り,南東,4,3,2,2,4702,三 浦 敬 太,8,65,6.60,2,0.12,1.50.9,1-2-5,1100,2,1-2,340,1,1-2-5,390,2,1-2,140,1,,,,,,,
20250613,戸田,11,記者選抜戦,曇り,南東,4,3,3,5,4210,松 村 康 太,13,62,6.62,5,0.21,1.53.3,1-2-5,1100,2,1-2,340,1,1-2-5,390,2,1-2,140,1,,,,,,,
20250613,戸田,11,記者選抜戦,曇り,南東,4,3,4,3,4180,上 野 秀 和,10,73,6.76,3,0.14,1.54.6,1-2-5,1100,2,1-2,340,1,1-2-5,390,2,1-2,140,1,,,,,,,
20250613,戸田,11,記者選抜戦,曇り,南東,4,3,5,4,4286,平 田 さやか,30,28,6.62,4,0.17,,1-2-5,1100,2,1-2,340,1,1-2-5,390,2,1-2,140,1,,,,,,,
20250613,戸田,11,記者選抜戦,曇り,南東,4,3,6,6,4674,池 田 剛 規,18,77,6.71,6,0.13,,1-2-5,1100,2,1-2,340,1,1-2-5,390,2,1-2,140,1,,,,,,,
20250613,戸田,12,戸田選抜戦,曇り,南東,5,3,1,1,4528,黒 井 達 矢,31,20,6.65,1,0.17,1.49.6,1-2-4,1360,4,1-2,440,1,1-2-4,620,2,1-2,280,2,,,,,,,
20250613,戸田,12,戸田選抜戦,曇り,南東,5,3,2,2,4468,大 池 佑 来,29,39,6.71,2,0.16,1.51.3,1-2-4,1360,4,1-2,440,1,1-2-4,620,2,1-2,280,2,,,,,,,
20250613,戸田,12,戸田選抜戦,曇り,南東,5,3,3,4,4401,小 林 泰,44,36,6.76,4,0.17,1.52.4,1-2-4,1360,4,1-2,440,1,1-2-4,620,2,1-2,280,2,,,,,,,
20250613,戸田,12,戸田選抜戦,曇り,南東,5,3,4,6,4761,山 田 晃 大,22,72,6.69,6,0.15,1.52.4,1-2-4,1360,4,1-2,440,1,1-2-4,620,2,1-2,280,2,,,,,,,
20250613,戸田,12,戸田選抜戦,曇り,南東,5,3,5,3,4470,平 田 健之佑,33,75,6.60,3,0.20,,1-2-4,1360,4,1-2,440,1,1-2-4,620,2,1-2,280,2,,,,,,,
20250613,戸田,12,戸田選抜戦,曇り,南東,5,3,6,5,4808,松 尾 拓,35,60,6.66,5,0.18,,1-2-4,1360,4,1-2,440,1,1-2-4,620,2,1-2,280,2,,,,,,,
20250613,浜名湖,1,予選,晴,南東,4,2,1,1,4244,鈴 木 成 美,5,55,6.58,1,0.11,1.50.8,1-2-3,600,1,1-2,290,1,1-2-3,240,1,1-2,180,1,,,,,,,
20250613,浜名湖,1,予選,晴,南東,4,2,2,2,5193,米 丸 乃 絵,13,31,6.63,2,0.16,1.52.0,1-2-3,600,1,1-2,290,1,1-2-3,240,1,1-2,180,1,,,,,,,
20250613,浜名湖,1,予選,晴,南東,4,2,3,3,4071,古 賀 千 晶,20,44,6.66,3,0.23,1.54.7,1-2-3,600,1,1-2,290,1,1-2-3,240,1,1-2,180,1,,,,,,,
20250613,浜名湖,1,予選,晴,南東,4,2,4,6,5360,高 木 茉 白,11,67,6.66,5,0.26,1.55.6,1-2-3,600,1,1-2,290,1,1-2-3,240,1,1-2,180,1,,,,,,,
20250613,浜名湖,1,予選,晴,南東,4,2,5,5,4843,深 尾 巴 恵,28,45,6.63,4,0.24,,1-2-3,600,1,1-2,290,1,1-2-3,240,1,1-2,180,1,,,,,,,
20250613,浜名湖,1,予選,晴,南東,4,2,6,4,5334,樫 葉 新 心,1,60,6.62,6,0.26,,1-2-3,600,1,1-2,290,1,1-2-3,240,1,1-2,180,1,,,,,,,
20250613,浜名湖,2,予選,晴,南西,4,2,1,1,5151,山 下 奈 緒,21,53,6.68,1,0.27,1.51.0,1-4-5,13200,53,1-4,3630,18,1-4-5,2270,10,1-4,2110,10,,,,,,,
20250613,浜名湖,2,予選,晴,南西,4,2,2,4,3518,倉 田 郁 美,7,38,6.63,4,0.23,1.53.4,1-4-5,13200,53,1-4,3630,18,1-4-5,2270,10,1-4,2110,10,,,,,,,
20250613,浜名湖,2,予選,晴,南西,4,2,3,5,4473,藤 堂 里 香,34,76,6.63,5,0.43,1.53.9,1-4-5,13200,53,1-4,3630,18,1-4-5,2270,10,1-4,2110,10,,,,,,,
20250613,浜名湖,2,予選,晴,南西,4,2,4,2,4443,津 田 裕 絵,26,58,6.72,2,0.27,1.55.8,1-4-5,13200,53,1-4,3630,18,1-4-5,2270,10,1-4,2110,10,,,,,,,
20250613,浜名湖,2,予選,晴,南西,4,2,5,3,5305,伊 藤 栞,41,48,6.65,6,0.29,,1-4-5,13200,53,1-4,3630,18,1-4-5,2270,10,1-4,2110,10,,,,,,,
20250613,浜名湖,2,予選,晴,南西,4,2,6,6,4730,土 屋 実沙希,19,30,6.62,3,0.30,,1-4-5,13200,53,1-4,3630,18,1-4-5,2270,10,1-4,2110,10,,,,,,,
20250613,浜名湖,3,予選,晴,南西,4,2,1,1,3334,角 ひとみ,6,35,6.63,1,0.26,1.56.6,1-2-4,2770,11,1-2,940,5,1-2-4,1050,7,1-2,520,3,,,,,,,
20250613,浜名湖,3,予選,晴,南西,4,2,2,2,5003,来 田 衣 織,55,12,6.62,2,0.19,2.01.1,1-2-4,2770,11,1-2,940,5,1-2-4,1050,7,1-2,520,3,,,,,,,
20250613,浜名湖,3,予選,晴,南西,4,2,3,4,4464,山 下 友 貴,2,73,6.61,4,0.34,2.03.6,1-2-4,2770,11,1-2,940,5,1-2-4,1050,7,1-2,520,3,,,,,,,
20250613,浜名湖,3,予選,晴,南西,4,2,4,3,3474,松 瀬 弘 美,16,28,6.70,3,0.24,2.04.4,1-2-4,2770,11,1-2,940,5,1-2-4,1050,7,1-2,520,3,,,,,,,
20250613,浜名湖,3,予選,晴,南西,4,2,5,5,5327,西 田 和 加,65,68,6.63,5,0.40,,1-2-4,2770,11,1-2,940,5,1-2-4,1050,7,1-2,520,3,,,,,,,
20250613,浜名湖,3,予選,晴,南西,4,2,S1,6,4927,関 野 文,56,49,6.63,6,0.35,,1-2-4,2770,11,1-2,940,5,1-2-4,1050,7,1-2,520,3,,,,,,,
20250613,浜名湖,4,ランチタイム,晴,南東,4,2,1,1,4611,今 井 美 亜,54,46,6.67,1,0.09,1.49.9,1-2-6,1010,4,1-2,240,1,1-2-6,610,3,1-2,190,1,,,,,,,
20250613,浜名湖,4,ランチタイム,晴,南東,4,2,2,2,4689,豊 田 結,31,75,6.68,2,0.16,1.52.7,1-2-6,1010,4,1-2,240,1,1-2-6,610,3,1-2,190,1,,,,,,,
20250613,浜名湖,4,ランチタイム,晴,南東,4,2,3,6,5140,吉 田 彩 乃,44,36,6.63,5,0.27,1.53.9,1-2-6,1010,4,1-2,240,1,1-2-6,610,3,1-2,190,1,,,,,,,
20250613,浜名湖,4,ランチタイム,晴,南東,4,2,4,3,3509,池 千 夏,60,62,6.64,3,0.19,1.55.0,1-2-6,1010,4,1-2,240,1,1-2-6,610,3,1-2,190,1,,,,,,,
20250613,浜名湖,4,ランチタイム,晴,南東,4,2,5,5,5346,中 村 紋夕梨,38,34,6.56,6,0.24,,1-2-6,1010,4,1-2,240,1,1-2-6,610,3,1-2,190,1,,,,,,,
20250613,浜名湖,4,ランチタイム,晴,南東,4,2,6,4,3802,森 岡 ま き,37,25,6.65,4,0.19,,1-2-6,1010,4,1-2,240,1,1-2-6,610,3,1-2,190,1,,,,,,,
20250613,浜名湖,5,予選,晴,南,4,2,1,1,5156,坂 野 さくら,27,23,6.65,1,0.22,1.49.9,1-2-3,1170,3,1-2,320,1,1-2-3,480,2,1-2,200,1,,,,,,,
20250613,浜名湖,5,予選,晴,南,4,2,2,2,4478,櫻 本 あゆみ,53,27,6.61,2,0.23,1.51.9,1-2-3,1170,3,1-2,320,1,1-2-3,480,2,1-2,200,1,,,,,,,
20250613,浜名湖,5,予選,晴,南,4,2,3,3,5296,永 田 楽,47,43,6.63,3,0.17,1.52.6,1-2-3,1170,3,1-2,320,1,1-2-3,480,2,1-2,200,1,,,,,,,
20250613,浜名湖,5,予選,晴,南,4,2,4,5,4642,松 尾 夏 海,66,41,6.62,5,0.28,1.55.0,1-2-3,1170,3,1-2,320,1,1-2-3,480,2,1-2,200,1,,,,,,,
20250613,浜名湖,5,予選,晴,南,4,2,5,4,5362,中 嶋 世 奈,63,63,6.67,4,0.27,,1-2-3,1170,3,1-2,320,1,1-2-3,480,2,1-2,200,1,,,,,,,
20250613,浜名湖,5,予選,晴,南,4,2,6,6,4246,喜 多 那由夏,23,32,6.67,6,0.20,,1-2-3,1170,3,1-2,320,1,1-2-3,480,2,1-2,200,1,,,,,,,
20250613,浜名湖,6,予選,晴,南,4,2,1,6,4183,宇 野 弥 生,18,11,6.67,6,0.11,1.50.1,6-3-5,13060,45,6-3,2610,10,3-5-6,1360,7,3-6,840,4,,,,,,,
20250613,浜名湖,6,予選,晴,南,4,2,2,3,4373,若 狭 奈美子,36,52,6.67,3,0.18,1.51.8,6-3-5,13060,45,6-3,2610,10,3-5-6,1360,7,3-6,840,4,,,,,,,
20250613,浜名湖,6,予選,晴,南,4,2,3,5,3932,池 田 浩 美,15,65,6.69,5,0.25,1.54.9,6-3-5,13060,45,6-3,2610,10,3-5-6,1360,7,3-6,840,4,,,,,,,
20250613,浜名湖,6,予選,晴,南,4,2,4,4,5360,高 木 茉 白,11,67,6.72,4,0.26,1.55.5,6-3-5,13060,45,6-3,2610,10,3-5-6,1360,7,3-6,840,4,,,,,,,
20250613,浜名湖,6,予選,晴,南,4,2,5,1,3580,水 口 由 紀,33,15,6.67,1,0.31,,6-3-5,13060,45,6-3,2610,10,3-5-6,1360,7,3-6,840,4,,,,,,,
20250613,浜名湖,6,予選,晴,南,4,2,6,2,4994,山 本 梨 菜,50,74,6.65,2,0.26,,6-3-5,13060,45,6-3,2610,10,3-5-6,1360,7,3-6,840,4,,,,,,,
20250613,浜名湖,7,予選,晴,南,4,2,1,4,4891,寺 島 美 里,8,29,6.65,4,0.01,1.50.6,4-5-2,3110,12,4-5,1800,9,2-4-5,380,1,4-5,940,5,,,,,,,
20250613,浜名湖,7,予選,晴,南,4,2,2,5,5193,米 丸 乃 絵,13,31,6.63,5,0.01,1.51.9,4-5-2,3110,12,4-5,1800,9,2-4-5,380,1,4-5,940,5,,,,,,,
20250613,浜名湖,7,予選,晴,南,4,2,3,2,3999,大 瀧 明日香,14,39,6.70,2,0.09,1.53.2,4-5-2,3110,12,4-5,1800,9,2-4-5,380,1,4-5,940,5,,,,,,,
20250613,浜名湖,7,予選,晴,南,4,2,4,3,4775,千 葉 真 弥,46,13,6.65,3,0.08,1.54.6,4-5-2,3110,12,4-5,1800,9,2-4-5,380,1,4-5,940,5,,,,,,,
20250613,浜名湖,7,予選,晴,南,4,2,5,1,5171,清 水 未 唯,51,50,6.77,1,0.22,,4-5-2,3110,12,4-5,1800,9,2-4-5,380,1,4-5,940,5,,,,,,,
20250613,浜名湖,7,予選,晴,南,4,2,6,6,5327,西 田 和 加,65,68,6.65,6,0.09,,4-5-2,3110,12,4-5,1800,9,2-4-5,380,1,4-5,940,5,,,,,,,
20250613,浜名湖,8,ブレイクタイ,晴,南,3,2,1,1,4117,廣 中 智紗衣,32,54,6.66,1,0.27,1.50.0,1-2-4,1000,3,1-2,440,2,1-2-4,360,2,1-2,350,2,,,,,,,
20250613,浜名湖,8,ブレイクタイ,晴,南,3,2,2,2,5140,吉 田 彩 乃,44,36,6.67,2,0.29,1.52.3,1-2-4,1000,3,1-2,440,2,1-2-4,360,2,1-2,350,2,,,,,,,
20250613,浜名湖,8,ブレイクタイ,晴,南,3,2,3,4,4473,藤 堂 里 香,34,76,6.67,4,0.23,1.54.2,1-2-4,1000,3,1-2,440,2,1-2-4,360,2,1-2,350,2,,,,,,,
20250613,浜名湖,8,ブレイクタイ,晴,南,3,2,4,6,5291,三 嶌 こころ,12,64,6.72,6,0.21,1.54.6,1-2-4,1000,3,1-2,440,2,1-2-4,360,2,1-2,350,2,,,,,,,
20250613,浜名湖,8,ブレイクタイ,晴,南,3,2,5,3,3778,安 達 美 帆,17,47,6.66,3,0.31,,1-2-4,1000,3,1-2,440,2,1-2-4,360,2,1-2,350,2,,,,,,,
20250613,浜名湖,8,ブレイクタイ,晴,南,3,2,6,5,4244,鈴 木 成 美,5,55,6.66,5,0.16,,1-2-4,1000,3,1-2,440,2,1-2-4,360,2,1-2,350,2,,,,,,,
20250613,浜名湖,9,予選,晴,南東,4,2,1,1,4843,深 尾 巴 恵,28,45,6.64,1,0.19,1.50.8,1-3-2,1170,2,1-3,700,3,1-2-3,280,1,1-3,540,2,,,,,,,
20250613,浜名湖,9,予選,晴,南東,4,2,2,3,3334,角 ひとみ,6,35,6.68,3,0.26,1.52.4,1-3-2,1170,2,1-3,700,3,1-2-3,280,1,1-3,540,2,,,,,,,
20250613,浜名湖,9,予選,晴,南東,4,2,3,2,4372,原 田 佑 実,39,16,6.64,2,0.27,1.52.6,1-3-2,1170,2,1-3,700,3,1-2-3,280,1,1-3,540,2,,,,,,,
20250613,浜名湖,9,予選,晴,南東,4,2,4,5,5296,永 田 楽,47,43,6.68,6,0.32,1.54.6,1-3-2,1170,2,1-3,700,3,1-2-3,280,1,1-3,540,2,,,,,,,
20250613,浜名湖,9,予選,晴,南東,4,2,5,6,4443,津 田 裕 絵,26,58,6.78,5,0.31,,1-3-2,1170,2,1-3,700,3,1-2-3,280,1,1-3,540,2,,,,,,,
20250613,浜名湖,9,予選,晴,南東,4,2,6,4,3509,池 千 夏,60,62,6.70,4,0.19,,1-3-2,1170,2,1-3,700,3,1-2-3,280,1,1-3,540,2,,,,,,,
20250613,浜名湖,10,予選特賞,晴,南東,3,2,1,1,4373,若 狭 奈美子,36,52,6.65,1,0.07,1.49.9,1-3-6,560,1,1-3,230,1,1-3-6,230,1,1-3,190,1,,,,,,,
20250613,浜名湖,10,予選特賞,晴,南東,3,2,2,3,4289,落 合 直 子,30,22,6.64,3,0.09,1.51.6,1-3-6,560,1,1-3,230,1,1-3-6,230,1,1-3,190,1,,,,,,,
20250613,浜名湖,10,予選特賞,晴,南東,3,2,3,6,4464,山 下 友 貴,2,73,6.65,5,0.15,1.52.9,1-3-6,560,1,1-3,230,1,1-3-6,230,1,1-3,190,1,,,,,,,
20250613,浜名湖,10,予選特賞,晴,南東,3,2,4,4,4246,喜 多 那由夏,23,32,6.69,4,0.16,1.53.9,1-3-6,560,1,1-3,230,1,1-3-6,230,1,1-3,190,1,,,,,,,
20250613,浜名湖,10,予選特賞,晴,南東,3,2,5,2,5334,樫 葉 新 心,1,60,6.67,2,0.02,,1-3-6,560,1,1-3,230,1,1-3-6,230,1,1-3,190,1,,,,,,,
20250613,浜名湖,10,予選特賞,晴,南東,3,2,6,5,5305,伊 藤 栞,41,48,6.68,6,0.32,,1-3-6,560,1,1-3,230,1,1-3-6,230,1,1-3,190,1,,,,,,,
20250613,浜名湖,11,予選特選,晴,東,4,2,1,1,3474,松 瀬 弘 美,16,28,6.69,1,0.15,1.50.3,1-2-3,1670,5,1-2,810,3,1-2-3,440,3,1-2,560,2,,,,,,,
20250613,浜名湖,11,予選特選,晴,東,4,2,2,2,3802,森 岡 ま き,37,25,6.68,2,0.14,1.51.7,1-2-3,1670,5,1-2,810,3,1-2-3,440,3,1-2,560,2,,,,,,,
20250613,浜名湖,11,予選特選,晴,東,4,2,3,3,4478,櫻 本 あゆみ,53,27,6.62,3,0.22,1.53.0,1-2-3,1670,5,1-2,810,3,1-2-3,440,3,1-2,560,2,,,,,,,
20250613,浜名湖,11,予選特選,晴,東,4,2,4,4,5151,山 下 奈 緒,21,53,6.67,4,0.25,1.54.8,1-2-3,1670,5,1-2,810,3,1-2-3,440,3,1-2,560,2,,,,,,,
20250613,浜名湖,11,予選特選,晴,東,4,2,5,6,4891,寺 島 美 里,8,29,6.71,6,0.25,,1-2-3,1670,5,1-2,810,3,1-2-3,440,3,1-2,560,2,,,,,,,
20250613,浜名湖,11,予選特選,晴,東,4,2,6,5,3580,水 口 由 紀,33,15,6.77,5,0.24,,1-2-3,1670,5,1-2,810,3,1-2-3,440,3,1-2,560,2,,,,,,,
20250613,浜名湖,12,ドリーム戦,晴,南東,3,2,1,5,4117,廣 中 智紗衣,32,54,6.71,5,0.17,1.48.9,5-3-1,30570,67,5-3,11620,22,1-3-5,800,3,3-5,1670,7,,,,,,,
20250613,浜名湖,12,ドリーム戦,晴,南東,3,2,2,3,4183,宇 野 弥 生,18,11,6.62,3,0.15,1.50.9,5-3-1,30570,67,5-3,11620,22,1-3-5,800,3,3-5,1670,7,,,,,,,
20250613,浜名湖,12,ドリーム戦,晴,南東,3,2,3,1,3999,大 瀧 明日香,14,39,6.67,1,0.17,1.52.5,5-3-1,30570,67,5-3,11620,22,1-3-5,800,3,3-5,1670,7,,,,,,,
20250613,浜名湖,12,ドリーム戦,晴,南東,3,2,4,6,4642,松 尾 夏 海,66,41,6.67,6,0.17,1.53.9,5-3-1,30570,67,5-3,11620,22,1-3-5,800,3,3-5,1670,7,,,,,,,
20250613,浜名湖,12,ドリーム戦,晴,南東,3,2,5,2,4927,関 野 文,56,49,6.64,2,0.20,,5-3-1,30570,67,5-3,11620,22,1-3-5,800,3,3-5,1670,7,,,,,,,
20250613,浜名湖,12,ドリーム戦,晴,南東,3,2,6,4,4611,今 井 美 亜,54,46,6.68,4,0.12,,5-3-1,30570,67,5-3,11620,22,1-3-5,800,3,3-5,1670,7,,,,,,,
20250613,福岡,1,カタメン１一,曇り,北,2,2,1,3,5319,近 藤 颯 斗,47,153,6.83,3,0.12,1.50.5,3-5-1,2600,9,3-5,1980,7,1-3-5,270,1,3-5,1020,5,,,,,,,
20250613,福岡,1,カタメン１一,曇り,北,2,2,2,5,4521,小 池 公 生,37,118,6.89,5,0.11,1.52.4,3-5-1,2600,9,3-5,1980,7,1-3-5,270,1,3-5,1020,5,,,,,,,
20250613,福岡,1,カタメン１一,曇り,北,2,2,3,1,3955,眞 田 英 二,28,168,6.92,1,0.12,1.54.2,3-5-1,2600,9,3-5,1980,7,1-3-5,270,1,3-5,1020,5,,,,,,,
20250613,福岡,1,カタメン１一,曇り,北,2,2,4,2,4327,加 藤 翔,16,117,6.84,2,0.12,1.54.6,3-5-1,2600,9,3-5,1980,7,1-3-5,270,1,3-5,1020,5,,,,,,,
20250613,福岡,1,カタメン１一,曇り,北,2,2,5,4,4784,向井田 真 紀,55,102,6.86,4,0.17,,3-5-1,2600,9,3-5,1980,7,1-3-5,270,1,3-5,1020,5,,,,,,,
20250613,福岡,1,カタメン１一,曇り,北,2,2,6,6,5367,赤 松 咲 香,66,170,6.89,6,0.13,,3-5-1,2600,9,3-5,1980,7,1-3-5,270,1,3-5,1020,5,,,,,,,
20250613,福岡,2,一般戦,曇り,北,2,2,1,1,4526,池 田 雄 祐,14,157,6.81,1,0.09,1.50.8,1-4-5,1240,5,1-4,290,2,1-4-5,830,4,1-4,270,2,,,,,,,
20250613,福岡,2,一般戦,曇り,北,2,2,2,4,4875,大 塚 康 雅,61,167,6.86,4,0.11,1.52.7,1-4-5,1240,5,1-4,290,2,1-4-5,830,4,1-4,270,2,,,,,,,
20250613,福岡,2,一般戦,曇り,北,2,2,3,5,4988,牟 田 奨 太,53,110,6.94,5,0.09,1.54.8,1-4-5,1240,5,1-4,290,2,1-4-5,830,4,1-4,270,2,,,,,,,
20250613,福岡,2,一般戦,曇り,北,2,2,4,6,5270,小 玉 啓 太,62,144,6.88,6,0.19,1.56.3,1-4-5,1240,5,1-4,290,2,1-4-5,830,4,1-4,270,2,,,,,,,
20250613,福岡,2,一般戦,曇り,北,2,2,5,3,5175,島 崎 丈一朗,32,131,6.92,3,0.18,,1-4-5,1240,5,1-4,290,2,1-4-5,830,4,1-4,270,2,,,,,,,
20250613,福岡,2,一般戦,曇り,北,2,2,6,2,4011,堀之内 紀代子,57,160,6.86,2,0.10,,1-4-5,1240,5,1-4,290,2,1-4-5,830,4,1-4,270,2,,,,,,,
20250613,福岡,3,カタメン３一,曇り,北,2,2,1,1,3574,大 神 康 司,44,111,6.95,1,0.09,1.51.5,1-6-2,1570,3,1-6,680,3,1-2-6,320,1,1-6,730,3,,,,,,,
20250613,福岡,3,カタメン３一,曇り,北,2,2,2,6,3687,花 田 和 明,65,171,6.88,3,0.19,1.52.2,1-6-2,1570,3,1-6,680,3,1-2-6,320,1,1-6,730,3,,,,,,,
20250613,福岡,3,カタメン３一,曇り,北,2,2,3,2,3070,山 室 展 弘,12,141,6.85,2,0.12,1.54.2,1-6-2,1570,3,1-6,680,3,1-2-6,320,1,1-6,730,3,,,,,,,
20250613,福岡,3,カタメン３一,曇り,北,2,2,4,3,4536,喜 井 つかさ,15,142,6.93,4,0.14,1.55.9,1-6-2,1570,3,1-6,680,3,1-2-6,320,1,1-6,730,3,,,,,,,
20250613,福岡,3,カタメン３一,曇り,北,2,2,5,5,4592,小 林 孝 弘,69,156,6.92,6,0.15,,1-6-2,1570,3,1-6,680,3,1-2-6,320,1,1-6,730,3,,,,,,,
20250613,福岡,3,カタメン３一,曇り,北,2,2,6,4,4952,吉 武 真 也,19,159,6.84,5,0.13,,1-6-2,1570,3,1-6,680,3,1-2-6,320,1,1-6,730,3,,,,,,,
20250613,福岡,4,一般戦,曇り,北,1,2,1,2,3563,堤 昇,58,106,6.85,2,0.07,1.51.0,2-1-3,2330,9,2-1,550,2,1-2-3,410,2,1-2,180,1,,,,,,,
20250613,福岡,4,一般戦,曇り,北,1,2,2,1,3987,後 藤 正 宗,24,127,6.89,1,0.09,1.52.1,2-1-3,2330,9,2-1,550,2,1-2-3,410,2,1-2,180,1,,,,,,,
20250613,福岡,4,一般戦,曇り,北,1,2,3,3,4007,榮 田 将 彦,34,169,6.90,3,0.02,1.53.8,2-1-3,2330,9,2-1,550,2,1-2-3,410,2,1-2,180,1,,,,,,,
20250613,福岡,4,一般戦,曇り,北,1,2,4,5,4822,百 武 翔,75,123,6.86,5,0.10,1.54.2,2-1-3,2330,9,2-1,550,2,1-2-3,410,2,1-2,180,1,,,,,,,
20250613,福岡,4,一般戦,曇り,北,1,2,5,4,4813,宮 内 直 哉,67,155,6.86,4,0.09,,2-1-3,2330,9,2-1,550,2,1-2-3,410,2,1-2,180,1,,,,,,,
20250613,福岡,4,一般戦,曇り,北,1,2,6,6,3747,國 崎 良 春,51,145,6.88,6,0.17,,2-1-3,2330,9,2-1,550,2,1-2-3,410,2,1-2,180,1,,,,,,,
20250613,福岡,5,一般戦,雨,北,1,2,1,1,4530,小 野 生 奈,30,125,6.80,1,0.05,1.50.0,1-3-2,3240,13,1-3,1440,5,1-2-3,1080,4,1-3,1560,4,,,,,,,
20250613,福岡,5,一般戦,雨,北,1,2,2,3,3974,深 山 祐 二,56,103,6.93,3,0.16,1.52.0,1-3-2,3240,13,1-3,1440,5,1-2-3,1080,4,1-3,1560,4,,,,,,,
20250613,福岡,5,一般戦,雨,北,1,2,3,2,4336,松 田 竜 馬,71,147,6.89,2,0.09,1.53.4,1-3-2,3240,13,1-3,1440,5,1-2-3,1080,4,1-3,1560,4,,,,,,,
20250613,福岡,5,一般戦,雨,北,1,2,4,6,3641,一 瀬 明,48,146,6.91,6,0.18,1.54.2,1-3-2,3240,13,1-3,1440,5,1-2-3,1080,4,1-3,1560,4,,,,,,,
20250613,福岡,5,一般戦,雨,北,1,2,5,5,3863,海老澤 泰 行,23,104,6.88,5,0.18,,1-3-2,3240,13,1-3,1440,5,1-2-3,1080,4,1-3,1560,4,,,,,,,
20250613,福岡,5,一般戦,雨,北,1,2,6,4,4839,四 宮 与 寛,29,107,6.85,4,0.12,,1-3-2,3240,13,1-3,1440,5,1-2-3,1080,4,1-3,1560,4,,,,,,,
20250613,福岡,6,一般戦,雨,北,1,2,1,1,3813,佐 藤 大 介,50,152,6.96,1,0.13,1.51.0,1-2-4,2100,12,1-2,700,4,1-2-4,940,6,1-2,330,1,,,,,,,
20250613,福岡,6,一般戦,雨,北,1,2,2,2,3211,北 川 敏 弘,20,119,6.93,2,0.13,1.52.9,1-2-4,2100,12,1-2,700,4,1-2-4,940,6,1-2,330,1,,,,,,,
20250613,福岡,6,一般戦,雨,北,1,2,3,4,4988,牟 田 奨 太,53,110,6.97,4,0.08,1.54.0,1-2-4,2100,12,1-2,700,4,1-2-4,940,6,1-2,330,1,,,,,,,
20250613,福岡,6,一般戦,雨,北,1,2,4,6,4089,妹 尾 忠 幸,70,148,6.94,6,0.20,1.55.0,1-2-4,2100,12,1-2,700,4,1-2-4,940,6,1-2,330,1,,,,,,,
20250613,福岡,6,一般戦,雨,北,1,2,5,3,4327,加 藤 翔,16,117,6.88,3,0.13,,1-2-4,2100,12,1-2,700,4,1-2-4,940,6,1-2,330,1,,,,,,,
20250613,福岡,6,一般戦,雨,北,1,2,6,5,5175,島 崎 丈一朗,32,131,6.95,5,0.22,,1-2-4,2100,12,1-2,700,4,1-2-4,940,6,1-2,330,1,,,,,,,
20250613,福岡,7,一般戦,曇り,北,1,2,1,1,4433,川 野 芽 唯,36,172,6.88,1,0.13,1.49.4,1-2-3,650,3,1-2,350,2,1-2-3,290,2,1-2,260,1,,,,,,,
20250613,福岡,7,一般戦,曇り,北,1,2,2,2,3470,新 田 芳 美,73,139,6.88,2,0.14,1.52.7,1-2-3,650,3,1-2,350,2,1-2-3,290,2,1-2,260,1,,,,,,,
20250613,福岡,7,一般戦,曇り,北,1,2,3,3,4011,堀之内 紀代子,57,160,6.79,3,0.12,1.53.2,1-2-3,650,3,1-2,350,2,1-2-3,290,2,1-2,260,1,,,,,,,
20250613,福岡,7,一般戦,曇り,北,1,2,4,4,4536,喜 井 つかさ,15,142,6.90,4,0.19,1.54.3,1-2-3,650,3,1-2,350,2,1-2-3,290,2,1-2,260,1,,,,,,,
20250613,福岡,7,一般戦,曇り,北,1,2,5,6,4479,矢 野 真梨菜,60,129,6.87,6,0.31,,1-2-3,650,3,1-2,350,2,1-2-3,290,2,1-2,260,1,,,,,,,
20250613,福岡,7,一般戦,曇り,北,1,2,6,5,5367,赤 松 咲 香,66,170,6.93,5,0.24,,1-2-3,650,3,1-2,350,2,1-2-3,290,2,1-2,260,1,,,,,,,
20250613,福岡,8,一般戦,曇り,北,1,2,1,1,4822,百 武 翔,75,123,6.91,1,0.07,1.51.4,1-4-6,1600,4,1-4,370,1,1-4-6,760,4,1-4,390,2,,,,,,,
20250613,福岡,8,一般戦,曇り,北,1,2,2,4,4007,榮 田 将 彦,34,169,6.86,4,0.11,1.52.5,1-4-6,1600,4,1-4,370,1,1-4-6,760,4,1-4,390,2,,,,,,,
20250613,福岡,8,一般戦,曇り,北,1,2,3,6,5319,近 藤 颯 斗,47,153,6.90,6,0.07,1.53.9,1-4-6,1600,4,1-4,370,1,1-4-6,760,4,1-4,390,2,,,,,,,
20250613,福岡,8,一般戦,曇り,北,1,2,4,5,5240,高 橋 龍 治,41,143,6.90,5,0.06,1.55.3,1-4-6,1600,4,1-4,370,1,1-4-6,760,4,1-4,390,2,,,,,,,
20250613,福岡,8,一般戦,曇り,北,1,2,5,2,5270,小 玉 啓 太,62,144,6.88,2,0.13,,1-4-6,1600,4,1-4,370,1,1-4-6,760,4,1-4,390,2,,,,,,,
20250613,福岡,8,一般戦,曇り,北,1,2,6,3,4952,吉 武 真 也,19,159,6.86,3,0.07,,1-4-6,1600,4,1-4,370,1,1-4-6,760,4,1-4,390,2,,,,,,,
20250613,福岡,9,ペラ坊特選,曇り,北,1,2,1,1,3434,松 尾 宣 邦,35,164,6.93,1,0.07,1.50.8,1-3-2,790,1,1-3,370,1,1-2-3,310,2,1-3,180,1,,,,,,,
20250613,福岡,9,ペラ坊特選,曇り,北,1,2,2,3,3641,一 瀬 明,48,146,6.93,3,0.06,1.52.1,1-3-2,790,1,1-3,370,1,1-2-3,310,2,1-3,180,1,,,,,,,
20250613,福岡,9,ペラ坊特選,曇り,北,1,2,3,2,4592,小 林 孝 弘,69,156,6.95,2,0.03,1.53.7,1-3-2,790,1,1-3,370,1,1-2-3,310,2,1-3,180,1,,,,,,,
20250613,福岡,9,ペラ坊特選,曇り,北,1,2,4,6,4875,大 塚 康 雅,61,167,6.88,6,0.18,1.54.2,1-3-2,790,1,1-3,370,1,1-2-3,310,2,1-3,180,1,,,,,,,
20250613,福岡,9,ペラ坊特選,曇り,北,1,2,5,5,4813,宮 内 直 哉,67,155,6.89,5,0.15,,1-3-2,790,1,1-3,370,1,1-2-3,310,2,1-3,180,1,,,,,,,
20250613,福岡,9,ペラ坊特選,曇り,北,1,2,6,4,3955,眞 田 英 二,28,168,7.02,4,0.15,,1-3-2,790,1,1-3,370,1,1-2-3,310,2,1-3,180,1,,,,,,,
20250613,福岡,10,選抜戦,曇り,北,1,2,1,1,4521,小 池 公 生,37,118,6.89,1,0.02,1.50.8,1-3-2,1700,5,1-3,830,3,1-2-3,280,1,1-3,390,2,,,,,,,
20250613,福岡,10,選抜戦,曇り,北,1,2,2,3,3987,後 藤 正 宗,24,127,6.95,4,0.15,1.52.0,1-3-2,1700,5,1-3,830,3,1-2-3,280,1,1-3,390,2,,,,,,,
20250613,福岡,10,選抜戦,曇り,北,1,2,3,2,3813,佐 藤 大 介,50,152,6.97,2,0.09,1.53.0,1-3-2,1700,5,1-3,830,3,1-2-3,280,1,1-3,390,2,,,,,,,
20250613,福岡,10,選抜戦,曇り,北,1,2,4,5,3070,山 室 展 弘,12,141,6.91,3,0.13,1.53.4,1-3-2,1700,5,1-3,830,3,1-2-3,280,1,1-3,390,2,,,,,,,
20250613,福岡,10,選抜戦,曇り,北,1,2,5,4,4336,松 田 竜 馬,71,147,6.96,5,0.23,,1-3-2,1700,5,1-3,830,3,1-2-3,280,1,1-3,390,2,,,,,,,
20250613,福岡,10,選抜戦,曇り,北,1,2,6,6,4526,池 田 雄 祐,14,157,6.86,6,0.22,,1-3-2,1700,5,1-3,830,3,1-2-3,280,1,1-3,390,2,,,,,,,
20250613,福岡,11,選抜戦,雨,北東,1,2,1,1,4089,妹 尾 忠 幸,70,148,6.92,1,0.09,1.50.0,1-2-5,1830,6,1-2,350,1,1-2-5,630,3,1-2,150,1,,,,,,,
20250613,福岡,11,選抜戦,雨,北東,1,2,2,2,4530,小 野 生 奈,30,125,6.81,2,0.14,1.50.9,1-2-5,1830,6,1-2,350,1,1-2-5,630,3,1-2,150,1,,,,,,,
20250613,福岡,11,選抜戦,雨,北東,1,2,3,5,4433,川 野 芽 唯,36,172,6.92,6,0.16,1.52.9,1-2-5,1830,6,1-2,350,1,1-2-5,630,3,1-2,150,1,,,,,,,
20250613,福岡,11,選抜戦,雨,北東,1,2,4,4,3563,堤 昇,58,106,6.89,4,0.19,1.53.6,1-2-5,1830,6,1-2,350,1,1-2-5,630,3,1-2,150,1,,,,,,,
20250613,福岡,11,選抜戦,雨,北東,1,2,5,3,4839,四 宮 与 寛,29,107,6.93,5,0.16,,1-2-5,1830,6,1-2,350,1,1-2-5,630,3,1-2,150,1,,,,,,,
20250613,福岡,11,選抜戦,雨,北東,1,2,6,6,3574,大 神 康 司,44,111,6.93,3,0.19,,1-2-5,1830,6,1-2,350,1,1-2-5,630,3,1-2,150,1,,,,,,,
20250613,福岡,12,優勝戦,曇り,北西,1,2,1,1,4256,渡 辺 浩 司,33,158,6.83,1,0.10,1.49.9,1-4-5,2690,10,1-4,560,3,1-4-5,1390,6,1-4,480,2,,,,,,,
20250613,福岡,12,優勝戦,曇り,北西,1,2,2,4,3436,柏 野 幸 二,11,132,6.87,4,0.12,1.51.6,1-4-5,2690,10,1-4,560,3,1-4-5,1390,6,1-4,480,2,,,,,,,
20250613,福岡,12,優勝戦,曇り,北西,1,2,3,5,4000,松 本 博 昭,72,105,6.86,5,0.17,1.52.1,1-4-5,2690,10,1-4,560,3,1-4-5,1390,6,1-4,480,2,,,,,,,
20250613,福岡,12,優勝戦,曇り,北西,1,2,4,2,4798,浜 先 真 範,26,154,6.85,2,0.12,1.53.1,1-4-5,2690,10,1-4,560,3,1-4-5,1390,6,1-4,480,2,,,,,,,
20250613,福岡,12,優勝戦,曇り,北西,1,2,5,3,3158,島 川 光 男,17,166,6.93,3,0.07,,1-4-5,2690,10,1-4,560,3,1-4-5,1390,6,1-4,480,2,,,,,,,
20250613,福岡,12,優勝戦,曇り,北西,1,2,6,6,3576,白 水 勝 也,42,128,6.91,6,0.23,,1-4-5,2690,10,1-4,560,3,1-4-5,1390,6,1-4,480,2,,,,,,,
20250613,若松,1,予選,曇り,東,4,4,1,1,4195,前 川 守 嗣,2,22,7.02,1,0.17,1.52.3,1-2-5,2060,8,1-2,310,1,1-2-5,830,5,1-2,320,1,,,,,,,
20250613,若松,1,予選,曇り,東,4,4,2,2,3361,岡 部 浩,38,20,6.97,2,0.16,1.53.0,1-2-5,2060,8,1-2,310,1,1-2-5,830,5,1-2,320,1,,,,,,,
20250613,若松,1,予選,曇り,東,4,4,3,5,4449,中 嶋 達 也,60,27,6.99,5,0.11,1.55.1,1-2-5,2060,8,1-2,310,1,1-2-5,830,5,1-2,320,1,,,,,,,
20250613,若松,1,予選,曇り,東,4,4,4,3,3787,天 野 誠,50,51,7.02,3,0.21,1.57.6,1-2-5,2060,8,1-2,310,1,1-2-5,830,5,1-2,320,1,,,,,,,
20250613,若松,1,予選,曇り,東,4,4,S0,4,4229,市 川 美 宏,5,65,6.93,4,0.16,,1-2-5,2060,8,1-2,310,1,1-2-5,830,5,1-2,320,1,,,,,,,
20250613,若松,1,予選,曇り,東,4,4,S2,6,5408,中 山 鷹 輔,56,54,6.89,6,0.29,,1-2-5,2060,8,1-2,310,1,1-2-5,830,5,1-2,320,1,,,,,,,
20250613,若松,2,予選,曇り,東,4,4,1,6,4036,金 田 諭,16,26,6.95,5,0.21,1.51.0,6-2-4,14180,44,6-2,7030,23,2-4-6,1030,5,2-6,2410,11,,,,,,,
20250613,若松,2,予選,曇り,東,4,4,2,2,4747,山 戸 信 二,17,61,6.96,2,0.15,1.52.6,6-2-4,14180,44,6-2,7030,23,2-4-6,1030,5,2-6,2410,11,,,,,,,
20250613,若松,2,予選,曇り,東,4,4,3,4,4430,永 田 秀 二,36,32,6.91,4,0.14,1.52.8,6-2-4,14180,44,6-2,7030,23,2-4-6,1030,5,2-6,2410,11,,,,,,,
20250613,若松,2,予選,曇り,東,4,4,4,1,4866,橋 本 英 一,26,74,7.01,1,0.25,1.54.6,6-2-4,14180,44,6-2,7030,23,2-4-6,1030,5,2-6,2410,11,,,,,,,
20250613,若松,2,予選,曇り,東,4,4,5,5,3535,渡 修 平,61,58,6.96,6,0.34,,6-2-4,14180,44,6-2,7030,23,2-4-6,1030,5,2-6,2410,11,,,,,,,
20250613,若松,2,予選,曇り,東,4,4,6,3,3411,池 上 隆 行,31,52,7.02,3,0.11,,6-2-4,14180,44,6-2,7030,23,2-4-6,1030,5,2-6,2410,11,,,,,,,
20250613,若松,3,予選,雨,北東,4,4,1,5,4380,鈴 木 峻 佑,46,17,6.89,5,0.13,1.50.9,5-2-1,27770,87,5-2,5470,21,1-2-5,1340,7,2-5,2000,10,,,,,,,
20250613,若松,3,予選,雨,北東,4,4,2,2,4039,村 上 功 祐,42,28,7.03,2,0.13,1.52.0,5-2-1,27770,87,5-2,5470,21,1-2-5,1340,7,2-5,2000,10,,,,,,,
20250613,若松,3,予選,雨,北東,4,4,3,1,4158,木 場 雄二郎,22,55,7.02,1,0.11,1.53.5,5-2-1,27770,87,5-2,5470,21,1-2-5,1340,7,2-5,2000,10,,,,,,,
20250613,若松,3,予選,雨,北東,4,4,4,3,3777,樋 口 亮,21,21,6.99,3,0.11,1.54.7,5-2-1,27770,87,5-2,5470,21,1-2-5,1340,7,2-5,2000,10,,,,,,,
20250613,若松,3,予選,雨,北東,4,4,5,6,3256,三 角 哲 男,23,25,7.00,6,0.15,,5-2-1,27770,87,5-2,5470,21,1-2-5,1340,7,2-5,2000,10,,,,,,,
20250613,若松,3,予選,雨,北東,4,4,6,4,3722,西 村 秀 樹,49,59,6.93,4,0.15,,5-2-1,27770,87,5-2,5470,21,1-2-5,1340,7,2-5,2000,10,,,,,,,
20250613,若松,4,予選,雨,東,4,4,1,2,3792,田 中 豪,39,63,7.04,2,0.23,1.50.4,2-1-3,2670,9,2-1,470,2,1-2-3,740,4,1-2,200,1,,,,,,,
20250613,若松,4,予選,雨,東,4,4,2,1,4200,早 川 尚 人,45,60,7.01,1,0.22,1.52.1,2-1-3,2670,9,2-1,470,2,1-2-3,740,4,1-2,200,1,,,,,,,
20250613,若松,4,予選,雨,東,4,4,3,3,3293,宮 内 由紀英,41,62,7.02,3,0.23,1.53.8,2-1-3,2670,9,2-1,470,2,1-2-3,740,4,1-2,200,1,,,,,,,
20250613,若松,4,予選,雨,東,4,4,4,6,4063,市 橋 卓 士,9,29,7.01,6,0.14,1.56.4,2-1-3,2670,9,2-1,470,2,1-2-3,740,4,1-2,200,1,,,,,,,
20250613,若松,4,予選,雨,東,4,4,5,4,5235,岩 田 凌,54,40,7.05,4,0.21,,2-1-3,2670,9,2-1,470,2,1-2-3,740,4,1-2,200,1,,,,,,,
20250613,若松,4,予選,雨,東,4,4,6,5,3731,高 濱 芳 久,20,56,7.01,5,0.16,,2-1-3,2670,9,2-1,470,2,1-2-3,740,4,1-2,200,1,,,,,,,
20250613,若松,5,進入固定戦隊 進入固定,曇り,東,4,4,1,1,4295,小 坂 尚 哉,18,49,6.97,1,0.08,1.51.3,1-2-6,2710,10,1-2,200,1,1-2-6,1220,5,1-2,160,1,,,,,,,
20250613,若松,5,進入固定戦隊 進入固定,曇り,東,4,4,2,2,3502,渡 邉 英 児,4,64,6.89,2,0.08,1.53.0,1-2-6,2710,10,1-2,200,1,1-2-6,1220,5,1-2,160,1,,,,,,,
20250613,若松,5,進入固定戦隊 進入固定,曇り,東,4,4,3,6,5199,垂 水 悠,27,57,6.91,6,0.13,1.53.8,1-2-6,2710,10,1-2,200,1,1-2-6,1220,5,1-2,160,1,,,,,,,
20250613,若松,5,進入固定戦隊 進入固定,曇り,東,4,4,4,4,4624,高 田 明,15,41,6.88,4,0.21,1.53.9,1-2-6,2710,10,1-2,200,1,1-2-6,1220,5,1-2,160,1,,,,,,,
20250613,若松,5,進入固定戦隊 進入固定,曇り,東,4,4,5,3,3294,野 中 義 生,7,18,6.97,3,0.16,,1-2-6,2710,10,1-2,200,1,1-2-6,1220,5,1-2,160,1,,,,,,,
20250613,若松,5,進入固定戦隊 進入固定,曇り,東,4,4,6,5,5268,山 本 幸 也,51,37,6.93,5,0.14,,1-2-6,2710,10,1-2,200,1,1-2-6,1220,5,1-2,160,1,,,,,,,
20250613,若松,6,予選,曇り,東,3,3,1,1,4568,廣 瀬 真 也,30,39,6.86,1,0.19,1.50.4,1-3-6,1410,4,1-3,250,1,1-3-6,800,3,1-3,170,1,,,,,,,
20250613,若松,6,予選,曇り,東,3,3,2,3,4413,水 摩 敦,13,50,6.88,3,0.21,1.52.1,1-3-6,1410,4,1-3,250,1,1-3-6,800,3,1-3,170,1,,,,,,,
20250613,若松,6,予選,曇り,東,3,3,3,6,4076,杉 田 篤 光,33,42,7.02,6,0.25,1.53.6,1-3-6,1410,4,1-3,250,1,1-3-6,800,3,1-3,170,1,,,,,,,
20250613,若松,6,予選,曇り,東,3,3,4,4,4747,山 戸 信 二,17,61,6.89,4,0.22,1.53.8,1-3-6,1410,4,1-3,250,1,1-3-6,800,3,1-3,170,1,,,,,,,
20250613,若松,6,予選,曇り,東,3,3,5,5,4239,竹 田 辰 也,1,16,6.95,5,0.20,,1-3-6,1410,4,1-3,250,1,1-3-6,800,3,1-3,170,1,,,,,,,
20250613,若松,6,予選,曇り,東,3,3,6,2,4449,中 嶋 達 也,60,27,6.89,2,0.21,,1-3-6,1410,4,1-3,250,1,1-3-6,800,3,1-3,170,1,,,,,,,
20250613,若松,7,予選特賞,曇り,東,4,4,1,2,4148,枝 尾 賢,37,75,6.92,1,0.19,1.51.2,2-6-4,4620,21,2-6,710,3,2-4-6,2090,7,2-6,600,2,,,,,,,
20250613,若松,7,予選特賞,曇り,東,4,4,2,6,3873,別 府 昌 樹,19,31,7.00,5,0.29,1.51.8,2-6-4,4620,21,2-6,710,3,2-4-6,2090,7,2-6,600,2,,,,,,,
20250613,若松,7,予選特賞,曇り,東,4,4,3,4,5242,高 山 弘 斗,8,71,7.01,3,0.26,1.53.7,2-6-4,4620,21,2-6,710,3,2-4-6,2090,7,2-6,600,2,,,,,,,
20250613,若松,7,予選特賞,曇り,東,4,4,4,3,3212,亀 本 勇 樹,52,24,7.01,2,0.27,1.54.8,2-6-4,4620,21,2-6,710,3,2-4-6,2090,7,2-6,600,2,,,,,,,
20250613,若松,7,予選特賞,曇り,東,4,4,5,1,4452,松 尾 祭,57,23,6.81,6,0.34,,2-6-4,4620,21,2-6,710,3,2-4-6,2090,7,2-6,600,2,,,,,,,
20250613,若松,7,予選特賞,曇り,東,4,4,6,5,3361,岡 部 浩,38,20,6.97,4,0.24,,2-6-4,4620,21,2-6,710,3,2-4-6,2090,7,2-6,600,2,,,,,,,
20250613,若松,8,エイトビート,曇り,東,4,4,1,1,4051,清 水 敦 揮,3,53,6.99,1,0.13,1.50.8,1-2-6,1640,6,1-2,170,1,1-2-6,1100,4,1-2,160,1,,,,,,,
20250613,若松,8,エイトビート,曇り,東,4,4,2,2,4036,金 田 諭,16,26,6.93,2,0.16,1.52.7,1-2-6,1640,6,1-2,170,1,1-2-6,1100,4,1-2,160,1,,,,,,,
20250613,若松,8,エイトビート,曇り,東,4,4,3,6,3293,宮 内 由紀英,41,62,6.96,6,0.35,1.54.2,1-2-6,1640,6,1-2,170,1,1-2-6,1100,4,1-2,160,1,,,,,,,
20250613,若松,8,エイトビート,曇り,東,4,4,4,3,3907,村 越 篤,47,73,6.93,3,0.18,1.55.0,1-2-6,1640,6,1-2,170,1,1-2-6,1100,4,1-2,160,1,,,,,,,
20250613,若松,8,エイトビート,曇り,東,4,4,5,5,3820,樫 葉 次 郎,44,30,6.94,5,0.20,,1-2-6,1640,6,1-2,170,1,1-2-6,1100,4,1-2,160,1,,,,,,,
20250613,若松,8,エイトビート,曇り,東,4,4,6,4,4158,木 場 雄二郎,22,55,7.03,4,0.17,,1-2-6,1640,6,1-2,170,1,1-2-6,1100,4,1-2,160,1,,,,,,,
20250613,若松,9,予選,曇り,北東,6,6,1,1,4384,鶴 本 崇 文,59,72,7.03,1,0.05,1.51.6,1-3-4,1130,4,1-3,600,3,1-3-4,390,3,1-3,670,3,,,,,,,
20250613,若松,9,予選,曇り,北東,6,6,2,3,4112,大久保 信一郎,62,19,6.99,3,0.09,1.52.6,1-3-4,1130,4,1-3,600,3,1-3-4,390,3,1-3,670,3,,,,,,,
20250613,若松,9,予選,曇り,北東,6,6,3,4,3792,田 中 豪,39,63,7.03,4,0.14,1.53.6,1-3-4,1130,4,1-3,600,3,1-3-4,390,3,1-3,670,3,,,,,,,
20250613,若松,9,予選,曇り,北東,6,6,4,2,4380,鈴 木 峻 佑,46,17,6.92,2,0.06,1.55.9,1-3-4,1130,4,1-3,600,3,1-3-4,390,3,1-3,670,3,,,,,,,
20250613,若松,9,予選,曇り,北東,6,6,5,6,3294,野 中 義 生,7,18,7.07,6,0.07,,1-3-4,1130,4,1-3,600,3,1-3-4,390,3,1-3,670,3,,,,,,,
20250613,若松,9,予選,曇り,北東,6,6,6,5,3787,天 野 誠,50,51,7.07,5,0.11,,1-3-4,1130,4,1-3,600,3,1-3-4,390,3,1-3,670,3,,,,,,,
20250613,若松,10,予選特賞,曇り,北東,5,5,1,1,4239,竹 田 辰 也,1,16,6.95,1,0.19,1.51.1,1-2-6,780,2,1-2,290,1,1-2-6,450,2,1-2,210,1,,,,,,,
20250613,若松,10,予選特賞,曇り,北東,5,5,2,2,3731,高 濱 芳 久,20,56,6.99,2,0.31,1.52.5,1-2-6,780,2,1-2,290,1,1-2-6,450,2,1-2,210,1,,,,,,,
20250613,若松,10,予選特賞,曇り,北東,5,5,3,6,3502,渡 邉 英 児,4,64,6.90,5,0.18,1.53.9,1-2-6,780,2,1-2,290,1,1-2-6,450,2,1-2,210,1,,,,,,,
20250613,若松,10,予選特賞,曇り,北東,5,5,4,5,4866,橋 本 英 一,26,74,6.94,6,0.19,1.54.7,1-2-6,780,2,1-2,290,1,1-2-6,450,2,1-2,210,1,,,,,,,
20250613,若松,10,予選特賞,曇り,北東,5,5,5,3,4229,市 川 美 宏,5,65,6.95,3,0.18,,1-2-6,780,2,1-2,290,1,1-2-6,450,2,1-2,210,1,,,,,,,
20250613,若松,10,予選特賞,曇り,北東,5,5,6,4,3777,樋 口 亮,21,21,7.00,4,0.22,,1-2-6,780,2,1-2,290,1,1-2-6,450,2,1-2,210,1,,,,,,,
20250613,若松,11,予選特選,曇り,北東,5,5,1,1,4430,永 田 秀 二,36,32,6.91,1,0.25,1.51.1,1-3-4,2020,6,1-3,260,1,1-3-4,990,4,1-3,320,1,,,,,,,
20250613,若松,11,予選特選,曇り,北東,5,5,2,3,4624,高 田 明,15,41,6.86,3,0.49,1.52.1,1-3-4,2020,6,1-3,260,1,1-3-4,990,4,1-3,320,1,,,,,,,
20250613,若松,11,予選特選,曇り,北東,5,5,3,4,4200,早 川 尚 人,45,60,6.99,4,0.24,1.54.1,1-3-4,2020,6,1-3,260,1,1-3-4,990,4,1-3,320,1,,,,,,,
20250613,若松,11,予選特選,曇り,北東,5,5,4,2,4076,杉 田 篤 光,33,42,6.95,2,0.31,1.54.6,1-3-4,2020,6,1-3,260,1,1-3-4,990,4,1-3,320,1,,,,,,,
20250613,若松,11,予選特選,曇り,北東,5,5,5,5,4452,松 尾 祭,57,23,6.83,5,0.30,,1-3-4,2020,6,1-3,260,1,1-3-4,990,4,1-3,320,1,,,,,,,
20250613,若松,11,予選特選,曇り,北東,5,5,6,6,4039,村 上 功 祐,42,28,6.91,6,0.28,,1-3-4,2020,6,1-3,260,1,1-3-4,990,4,1-3,320,1,,,,,,,
20250613,若松,12,ドリーム戦,曇り,北東,5,5,1,1,4148,枝 尾 賢,37,75,6.97,1,0.19,1.57.5,1-3-5,1600,6,1-3,430,2,1-3-5,780,4,1-3,330,2,,,,,,,
20250613,若松,12,ドリーム戦,曇り,北東,5,5,2,3,4063,市 橋 卓 士,9,29,6.92,3,0.13,2.03.0,1-3-5,1600,6,1-3,430,2,1-3-5,780,4,1-3,330,2,,,,,,,
20250613,若松,12,ドリーム戦,曇り,北東,5,5,3,5,4295,小 坂 尚 哉,18,49,6.98,5,0.17,2.03.7,1-3-5,1600,6,1-3,430,2,1-3-5,780,4,1-3,330,2,,,,,,,
20250613,若松,12,ドリーム戦,曇り,北東,5,5,4,4,3256,三 角 哲 男,23,25,6.99,4,0.16,2.05.1,1-3-5,1600,6,1-3,430,2,1-3-5,780,4,1-3,330,2,,,,,,,
20250613,若松,12,ドリーム戦,曇り,北東,5,5,5,6,4413,水 摩 敦,13,50,6.96,6,0.19,,1-3-5,1600,6,1-3,430,2,1-3-5,780,4,1-3,330,2,,,,,,,
20250613,若松,12,ドリーム戦,曇り,北東,5,5,S0,2,4051,清 水 敦 揮,3,53,6.93,2,0.18,,1-3-5,1600,6,1-3,430,2,1-3-5,780,4,1-3,330,2,,,,,,,
20250613,蒲郡,1,予選,晴,南東,4,2,1,3,3730,塩 崎 優 司,63,68,6.81,3,0.08,1.50.6,3-4-6,12800,43,3-4,3450,12,3-4-6,4650,16,3-4,1140,5,,,,,,,
20250613,蒲郡,1,予選,晴,南東,4,2,2,4,3647,伊 藤 雄 二,26,37,6.81,4,0.12,1.52.3,3-4-6,12800,43,3-4,3450,12,3-4-6,4650,16,3-4,1140,5,,,,,,,
20250613,蒲郡,1,予選,晴,南東,4,2,3,6,4196,田 中 太一郎,27,52,6.75,6,0.11,1.53.3,3-4-6,12800,43,3-4,3450,12,3-4-6,4650,16,3-4,1140,5,,,,,,,
20250613,蒲郡,1,予選,晴,南東,4,2,4,1,4116,川 田 正 人,59,64,6.69,1,0.17,1.53.7,3-4-6,12800,43,3-4,3450,12,3-4-6,4650,16,3-4,1140,5,,,,,,,
20250613,蒲郡,1,予選,晴,南東,4,2,5,2,4103,山 崎 善 庸,37,28,6.83,2,0.18,,3-4-6,12800,43,3-4,3450,12,3-4-6,4650,16,3-4,1140,5,,,,,,,
20250613,蒲郡,1,予選,晴,南東,4,2,6,5,3714,梶 原 正,36,13,6.77,5,0.12,,3-4-6,12800,43,3-4,3450,12,3-4-6,4650,16,3-4,1140,5,,,,,,,
20250613,蒲郡,2,予選,晴,南東,4,2,1,3,4442,松 竹 大 輔,77,29,6.66,3,0.25,1.49.8,3-2-5,6070,24,3-2,730,2,2-3-5,2540,9,2-3,420,3,,,,,,,
20250613,蒲郡,2,予選,晴,南東,4,2,2,2,3684,清 水 攻 二,25,27,6.73,2,0.27,1.50.9,3-2-5,6070,24,3-2,730,2,2-3-5,2540,9,2-3,420,3,,,,,,,
20250613,蒲郡,2,予選,晴,南東,4,2,3,5,3507,藤 井 徹,72,48,6.81,4,0.15,1.52.4,3-2-5,6070,24,3-2,730,2,2-3-5,2540,9,2-3,420,3,,,,,,,
20250613,蒲郡,2,予選,晴,南東,4,2,4,6,4632,長 尾 京志郎,21,24,6.82,6,0.17,1.53.5,3-2-5,6070,24,3-2,730,2,2-3-5,2540,9,2-3,420,3,,,,,,,
20250613,蒲郡,2,予選,晴,南東,4,2,5,4,5096,上 原 崚,18,76,6.73,5,0.12,,3-2-5,6070,24,3-2,730,2,2-3-5,2540,9,2-3,420,3,,,,,,,
20250613,蒲郡,2,予選,晴,南東,4,2,6,1,3878,胡 本 悟 志,76,51,6.75,1,0.14,,3-2-5,6070,24,3-2,730,2,2-3-5,2540,9,2-3,420,3,,,,,,,
20250613,蒲郡,3,予選,晴,南東,4,2,1,1,5249,三 木 晴 斗,16,63,6.63,1,0.24,1.49.5,1-4-6,2160,7,1-4,390,2,1-4-6,980,5,1-4,260,1,,,,,,,
20250613,蒲郡,3,予選,晴,南東,4,2,2,4,4134,杉 山 貴 博,60,70,6.71,4,0.24,1.50.7,1-4-6,2160,7,1-4,390,2,1-4-6,980,5,1-4,260,1,,,,,,,
20250613,蒲郡,3,予選,晴,南東,4,2,3,6,3664,鈴 木 賢 一,69,34,6.78,6,0.25,1.53.6,1-4-6,2160,7,1-4,390,2,1-4-6,980,5,1-4,260,1,,,,,,,
20250613,蒲郡,3,予選,晴,南東,4,2,4,5,4944,田 代 達 也,50,33,6.71,5,0.29,1.54.7,1-4-6,2160,7,1-4,390,2,1-4-6,980,5,1-4,260,1,,,,,,,
20250613,蒲郡,3,予選,晴,南東,4,2,5,3,3796,長 野 道 臣,15,62,6.73,3,0.23,,1-4-6,2160,7,1-4,390,2,1-4-6,980,5,1-4,260,1,,,,,,,
20250613,蒲郡,3,予選,晴,南東,4,2,6,2,4724,吉 田 祐 貴,74,15,6.73,2,0.26,,1-4-6,2160,7,1-4,390,2,1-4-6,980,5,1-4,260,1,,,,,,,
20250613,蒲郡,4,予選,晴,南東,4,2,1,1,3392,小 森 信 雄,71,11,6.71,1,0.19,1.50.0,1-2-6,11540,43,1-2,1340,5,1-2-6,1610,9,1-2,550,3,,,,,,,
20250613,蒲郡,4,予選,晴,南東,4,2,2,2,4653,小 野 達 哉,62,49,6.60,2,0.18,1.50.3,1-2-6,11540,43,1-2,1340,5,1-2-6,1610,9,1-2,550,3,,,,,,,
20250613,蒲郡,4,予選,晴,南東,4,2,3,6,3284,渡 邊 伸太郎,11,73,6.80,3,0.24,1.52.8,1-2-6,11540,43,1-2,1340,5,1-2-6,1610,9,1-2,550,3,,,,,,,
20250613,蒲郡,4,予選,晴,南東,4,2,4,4,3703,鳥 飼 眞,22,25,6.71,5,0.21,1.53.8,1-2-6,11540,43,1-2,1340,5,1-2-6,1610,9,1-2,550,3,,,,,,,
20250613,蒲郡,4,予選,晴,南東,4,2,5,5,4906,鈴 木 雅 希,14,30,6.65,6,0.17,,1-2-6,11540,43,1-2,1340,5,1-2-6,1610,9,1-2,550,3,,,,,,,
20250613,蒲郡,4,予選,晴,南東,4,2,6,3,4106,坂 井 康 嗣,73,38,6.76,4,0.24,,1-2-6,11540,43,1-2,1340,5,1-2-6,1610,9,1-2,550,3,,,,,,,
20250613,蒲郡,5,予選,晴,南東,4,2,1,6,4074,柳 沢 一,75,36,6.64,5,0.09,1.48.9,6-4-5,10070,44,6-4,1500,7,4-5-6,1920,10,4-6,1060,5,,,,,,,
20250613,蒲郡,5,予選,晴,南東,4,2,2,4,3627,井 上 恵 一,64,69,6.62,4,0.13,1.50.0,6-4-5,10070,44,6-4,1500,7,4-5-6,1920,10,4-6,1060,5,,,,,,,
20250613,蒲郡,5,予選,晴,南東,4,2,3,5,4116,川 田 正 人,59,64,6.66,6,0.10,1.52.3,6-4-5,10070,44,6-4,1500,7,4-5-6,1920,10,4-6,1060,5,,,,,,,
20250613,蒲郡,5,予選,晴,南東,4,2,4,2,3842,星 野 太 郎,57,40,6.72,2,0.16,1.53.2,6-4-5,10070,44,6-4,1500,7,4-5-6,1920,10,4-6,1060,5,,,,,,,
20250613,蒲郡,5,予選,晴,南東,4,2,5,1,5359,佐 藤 世 那,45,55,6.62,1,0.13,,6-4-5,10070,44,6-4,1500,7,4-5-6,1920,10,4-6,1060,5,,,,,,,
20250613,蒲郡,5,予選,晴,南東,4,2,6,3,3892,草 場 康 幸,19,54,6.72,3,0.26,,6-4-5,10070,44,6-4,1500,7,4-5-6,1920,10,4-6,1060,5,,,,,,,
20250613,蒲郡,6,予選,晴,南東,4,2,1,3,4704,河 野 大,54,21,6.69,3,0.19,1.48.7,3-4-5,2500,9,3-4,1310,6,3-4-5,1000,4,3-4,990,5,,,,,,,
20250613,蒲郡,6,予選,晴,南東,4,2,2,4,3161,古 場 輝 義,24,23,6.83,4,0.23,1.51.6,3-4-5,2500,9,3-4,1310,6,3-4-5,1000,4,3-4,990,5,,,,,,,
20250613,蒲郡,6,予選,晴,南東,4,2,3,5,4711,前 出 達 吉,32,72,6.67,5,0.19,1.52.2,3-4-5,2500,9,3-4,1310,6,3-4-5,1000,4,3-4,990,5,,,,,,,
20250613,蒲郡,6,予選,晴,南東,4,2,4,6,3507,藤 井 徹,72,48,6.82,6,0.19,1.53.1,3-4-5,2500,9,3-4,1310,6,3-4-5,1000,4,3-4,990,5,,,,,,,
20250613,蒲郡,6,予選,晴,南東,4,2,5,1,5239,上 野 俊 樹,48,12,6.68,1,0.32,,3-4-5,2500,9,3-4,1310,6,3-4-5,1000,4,3-4,990,5,,,,,,,
20250613,蒲郡,6,予選,晴,南東,4,2,6,2,4196,田 中 太一郎,27,52,6.77,2,0.26,,3-4-5,2500,9,3-4,1310,6,3-4-5,1000,4,3-4,990,5,,,,,,,
20250613,蒲郡,7,予選 進入固定,晴,南東,4,2,1,4,4415,下 出 卓 矢,35,20,6.66,4,0.06,1.50.3,4-1-6,3080,10,4-1,440,2,1-4-6,1310,4,1-4,250,1,,,,,,,
20250613,蒲郡,7,予選 進入固定,晴,南東,4,2,2,1,4193,郷 原 章 平,61,61,6.74,1,0.13,1.51.3,4-1-6,3080,10,4-1,440,2,1-4-6,1310,4,1-4,250,1,,,,,,,
20250613,蒲郡,7,予選 進入固定,晴,南東,4,2,3,6,5245,倉 富 大 誠,43,67,6.73,6,0.12,1.53.3,4-1-6,3080,10,4-1,440,2,1-4-6,1310,4,1-4,250,1,,,,,,,
20250613,蒲郡,7,予選 進入固定,晴,南東,4,2,4,2,3714,梶 原 正,36,13,6.75,2,0.19,1.54.1,4-1-6,3080,10,4-1,440,2,1-4-6,1310,4,1-4,250,1,,,,,,,
20250613,蒲郡,7,予選 進入固定,晴,南東,4,2,5,5,4167,片 岡 秀 樹,55,66,6.77,5,0.09,,4-1-6,3080,10,4-1,440,2,1-4-6,1310,4,1-4,250,1,,,,,,,
20250613,蒲郡,7,予選 進入固定,晴,南東,4,2,6,3,4636,赤 池 修 平,34,22,6.68,3,0.17,,4-1-6,3080,10,4-1,440,2,1-4-6,1310,4,1-4,250,1,,,,,,,
20250613,蒲郡,8,予選,晴,南東,4,2,1,3,3946,赤 岩 善 生,20,74,6.77,1,0.18,1.50.4,3-1-5,1610,4,3-1,800,4,1-3-5,500,3,1-3,490,3,,,,,,,
20250613,蒲郡,8,予選,晴,南東,4,2,2,1,3647,伊 藤 雄 二,26,37,6.77,2,0.26,1.51.3,3-1-5,1610,4,3-1,800,4,1-3-5,500,3,1-3,490,3,,,,,,,
20250613,蒲郡,8,予選,晴,南東,4,2,3,5,4475,末 永 祐 輝,70,39,6.74,5,0.17,1.52.7,3-1-5,1610,4,3-1,800,4,1-3-5,500,3,1-3,490,3,,,,,,,
20250613,蒲郡,8,予選,晴,南東,4,2,4,2,3392,小 森 信 雄,71,11,6.74,3,0.27,1.53.4,3-1-5,1610,4,3-1,800,4,1-3-5,500,3,1-3,490,3,,,,,,,
20250613,蒲郡,8,予選,晴,南東,4,2,5,4,3796,長 野 道 臣,15,62,6.75,4,0.25,,3-1-5,1610,4,3-1,800,4,1-3-5,500,3,1-3,490,3,,,,,,,
20250613,蒲郡,8,予選,晴,南東,4,2,6,6,5411,木 下 虎之輔,49,32,6.80,6,0.19,,3-1-5,1610,4,3-1,800,4,1-3-5,500,3,1-3,490,3,,,,,,,
20250613,蒲郡,9,予選特賞,晴,南東,4,2,1,1,3684,清 水 攻 二,25,27,6.69,1,0.08,1.49.2,1-5-4,1230,3,1-5,420,1,1-4-5,360,2,1-5,310,1,,,,,,,
20250613,蒲郡,9,予選特賞,晴,南東,4,2,2,5,4074,柳 沢 一,75,36,6.70,5,0.14,1.50.5,1-5-4,1230,3,1-5,420,1,1-4-5,360,2,1-5,310,1,,,,,,,
20250613,蒲郡,9,予選特賞,晴,南東,4,2,3,4,4906,鈴 木 雅 希,14,30,6.68,4,0.09,1.52.5,1-5-4,1230,3,1-5,420,1,1-4-5,360,2,1-5,310,1,,,,,,,
20250613,蒲郡,9,予選特賞,晴,南東,4,2,4,6,4724,吉 田 祐 貴,74,15,6.70,6,0.17,1.53.7,1-5-4,1230,3,1-5,420,1,1-4-5,360,2,1-5,310,1,,,,,,,
20250613,蒲郡,9,予選特賞,晴,南東,4,2,5,3,3988,古 川 誠 之,40,26,6.69,3,0.10,,1-5-4,1230,3,1-5,420,1,1-4-5,360,2,1-5,310,1,,,,,,,
20250613,蒲郡,9,予選特賞,晴,南東,4,2,6,2,5285,若 林 麗,13,71,6.71,2,0.13,,1-5-4,1230,3,1-5,420,1,1-4-5,360,2,1-5,310,1,,,,,,,
20250613,蒲郡,10,予選特賞,晴,南東,4,2,1,1,4134,杉 山 貴 博,60,70,6.69,1,0.16,1.49.0,1-4-2,2470,9,1-4,370,2,1-2-4,1250,6,1-4,220,1,,,,,,,
20250613,蒲郡,10,予選特賞,晴,南東,4,2,2,4,3811,石 田 章 央,39,75,6.72,5,0.15,1.50.5,1-4-2,2470,9,1-4,370,2,1-2-4,1250,6,1-4,220,1,,,,,,,
20250613,蒲郡,10,予選特賞,晴,南東,4,2,3,2,3878,胡 本 悟 志,76,51,6.77,2,0.17,1.52.4,1-4-2,2470,9,1-4,370,2,1-2-4,1250,6,1-4,220,1,,,,,,,
20250613,蒲郡,10,予選特賞,晴,南東,4,2,4,3,3284,渡 邊 伸太郎,11,73,6.73,3,0.18,1.53.2,1-4-2,2470,9,1-4,370,2,1-2-4,1250,6,1-4,220,1,,,,,,,
20250613,蒲郡,10,予選特賞,晴,南東,4,2,5,5,3730,塩 崎 優 司,63,68,6.75,6,0.17,,1-4-2,2470,9,1-4,370,2,1-2-4,1250,6,1-4,220,1,,,,,,,
20250613,蒲郡,10,予選特賞,晴,南東,4,2,6,6,3161,古 場 輝 義,24,23,6.82,4,0.19,,1-4-2,2470,9,1-4,370,2,1-2-4,1250,6,1-4,220,1,,,,,,,
20250613,蒲郡,11,予選特選,晴,南東,4,2,1,1,4415,下 出 卓 矢,35,20,6.74,1,0.03,1.50.2,1-4-3,1750,8,1-4,320,1,1-3-4,740,5,1-4,300,1,,,,,,,
20250613,蒲郡,11,予選特選,晴,南東,4,2,2,4,4442,松 竹 大 輔,77,29,6.74,4,0.16,1.50.7,1-4-3,1750,8,1-4,320,1,1-3-4,740,5,1-4,300,1,,,,,,,
20250613,蒲郡,11,予選特選,晴,南東,4,2,3,3,5239,上 野 俊 樹,48,12,6.77,3,0.13,1.51.3,1-4-3,1750,8,1-4,320,1,1-3-4,740,5,1-4,300,1,,,,,,,
20250613,蒲郡,11,予選特選,晴,南東,4,2,4,2,5249,三 木 晴 斗,16,63,6.75,2,0.01,1.53.0,1-4-3,1750,8,1-4,320,1,1-3-4,740,5,1-4,300,1,,,,,,,
20250613,蒲郡,11,予選特選,晴,南東,4,2,5,6,3627,井 上 恵 一,64,69,6.72,6,0.13,,1-4-3,1750,8,1-4,320,1,1-3-4,740,5,1-4,300,1,,,,,,,
20250613,蒲郡,11,予選特選,晴,南東,4,2,6,5,4653,小 野 達 哉,62,49,6.78,5,0.11,,1-4-3,1750,8,1-4,320,1,1-3-4,740,5,1-4,300,1,,,,,,,
20250613,蒲郡,12,予選記者特選,晴,南東,4,2,1,5,4704,河 野 大,54,21,6.83,3,0.09,1.47.9,5-1-4,1940,7,5-1,770,4,1-4-5,210,1,1-5,130,1,,,,,,,
20250613,蒲郡,12,予選記者特選,晴,南東,4,2,2,1,3946,赤 岩 善 生,20,74,6.79,1,0.11,1.50.0,5-1-4,1940,7,5-1,770,4,1-4-5,210,1,1-5,130,1,,,,,,,
20250613,蒲郡,12,予選記者特選,晴,南東,4,2,3,4,3842,星 野 太 郎,57,40,6.83,2,0.11,1.51.6,5-1-4,1940,7,5-1,770,4,1-4-5,210,1,1-5,130,1,,,,,,,
20250613,蒲郡,12,予選記者特選,晴,南東,4,2,4,2,4167,片 岡 秀 樹,55,66,6.82,5,0.07,1.52.8,5-1-4,1940,7,5-1,770,4,1-4-5,210,1,1-5,130,1,,,,,,,
20250613,蒲郡,12,予選記者特選,晴,南東,4,2,5,6,5096,上 原 崚,18,76,6.85,4,0.09,,5-1-4,1940,7,5-1,770,4,1-4-5,210,1,1-5,130,1,,,,,,,
20250613,蒲郡,12,予選記者特選,晴,南東,4,2,K0,3,3703,鳥 飼 眞,22,25 K,,,,,5-1-4,1940,7,5-1,770,4,1-4-5,210,1,1-5,130,1,,,,,,,
