date,venue_name,race_no,race_type,weather,wind_dir,wind_ms,wave_cm,rank,waku,reg_no,name,motor_no,boat_no,exhibition_time,course_enter,st_timing,race_time,won3,won3_pay,won3_pop,won2,won2_pay,won2_pop,trio,trio_pay,trio_pop,pair,pair_pay,pair_pop
20250628,若松,1,予選,晴,北西,3,3,1,1,5207,高 山 敬 悟,53,74,6.87,1,0.22,1.51.3,1-5-2,1390,3,1-5,460,1,1-2-5,280,1,1-5,660,2
20250628,若松,1,予選,晴,北西,3,3,2,5,5081,篠 原 飛 翔,51,13,6.86,5,0.15,1.53.4,1-5-2,1390,3,1-5,460,1,1-2-5,280,1,1-5,660,2
20250628,若松,1,予選,晴,北西,3,3,3,2,5120,山 本 稔太朗,5,14,6.88,2,0.24,1.55.2,1-5-2,1390,3,1-5,460,1,1-2-5,280,1,1-5,660,2
20250628,若松,1,予選,晴,北西,3,3,4,4,5211,高 井 駿 弥,39,58,6.94,4,0.15,1.56.1,1-5-2,1390,3,1-5,460,1,1-2-5,280,1,1-5,660,2
20250628,若松,1,予選,晴,北西,3,3,5,3,5301,岩 下 巧 斗,19,29,6.92,3,0.16,,1-5-2,1390,3,1-5,460,1,1-2-5,280,1,1-5,660,2
20250628,若松,1,予選,晴,北西,3,3,6,6,5236,小 宮 涼 雅,45,22,6.84,6,0.16,,1-5-2,1390,3,1-5,460,1,1-2-5,280,1,1-5,660,2
20250628,若松,2,予選,晴,北西,2,2,1,6,5298,水 谷 理 人,57,52,6.84,6,0.19,1.51.0,6-1-2,4510,16,6-1,1510,8,1-2-6,440,2,1-6,1470,5
20250628,若松,2,予選,晴,北西,2,2,2,1,5090,生 方 靖 亜,17,59,6.90,1,0.18,1.52.9,6-1-2,4510,16,6-1,1510,8,1-2-6,440,2,1-6,1470,5
20250628,若松,2,予選,晴,北西,2,2,3,2,5139,大 場 恒 季,56,53,6.86,2,0.18,1.54.3,6-1-2,4510,16,6-1,1510,8,1-2-6,440,2,1-6,1470,5
20250628,若松,2,予選,晴,北西,2,2,4,3,5134,大 原 祥 昌,35,39,6.85,3,0.22,1.55.9,6-1-2,4510,16,6-1,1510,8,1-2-6,440,2,1-6,1470,5
20250628,若松,2,予選,晴,北西,2,2,5,4,5311,小 林 京 平,27,55,6.85,4,0.27,,6-1-2,4510,16,6-1,1510,8,1-2-6,440,2,1-6,1470,5
20250628,若松,2,予選,晴,北西,2,2,6,5,5284,嘉手苅 徹 哉,38,30,6.81,5,0.24,,6-1-2,4510,16,6-1,1510,8,1-2-6,440,2,1-6,1470,5
20250628,若松,3,予選,晴,北,2,2,1,4,5157,市 川 健 太,26,49,6.85,4,0.09,1.51.6,4-5-3,12020,40,4-5,3020,15,3-4-5,1530,7,4-5,2350,9
20250628,若松,3,予選,晴,北,2,2,2,5,5073,上 原 健次郎,4,68,6.84,5,0.13,1.52.8,4-5-3,12020,40,4-5,3020,15,3-4-5,1530,7,4-5,2350,9
20250628,若松,3,予選,晴,北,2,2,3,3,5104,山 田 丈,2,60,6.89,3,0.21,1.55.3,4-5-3,12020,40,4-5,3020,15,3-4-5,1530,7,4-5,2350,9
20250628,若松,3,予選,晴,北,2,2,4,1,5098,大 江 純,54,51,6.85,1,0.21,1.57.2,4-5-3,12020,40,4-5,3020,15,3-4-5,1530,7,4-5,2350,9
20250628,若松,3,予選,晴,北,2,2,5,6,5150,坂 本 雄 紀,31,46,6.91,6,0.13,,4-5-3,12020,40,4-5,3020,15,3-4-5,1530,7,4-5,2350,9
20250628,若松,3,予選,晴,北,2,2,6,2,5312,川 辺 郭 人,33,31,6.85,2,0.23,,4-5-3,12020,40,4-5,3020,15,3-4-5,1530,7,4-5,2350,9
20250628,若松,4,予選,晴,北西,3,3,1,1,5183,中 野 孝 二,9,19,6.86,1,0.21,1.52.0,1-4-3,3530,12,1-4,690,2,1-3-4,570,2,1-4,490,2
20250628,若松,4,予選,晴,北西,3,3,2,4,5112,砂 長 知 輝,13,50,6.83,4,0.19,1.54.1,1-4-3,3530,12,1-4,690,2,1-3-4,570,2,1-4,490,2
20250628,若松,4,予選,晴,北西,3,3,3,3,5247,大 森 翼,41,62,6.82,3,0.19,1.54.5,1-4-3,3530,12,1-4,690,2,1-3-4,570,2,1-4,490,2
20250628,若松,4,予選,晴,北西,3,3,4,6,5217,藤 原 碧 生,1,20,6.82,6,0.18,1.55.2,1-4-3,3530,12,1-4,690,2,1-3-4,570,2,1-4,490,2
20250628,若松,4,予選,晴,北西,3,3,5,2,5270,小 玉 啓 太,18,28,6.85,2,0.22,,1-4-3,3530,12,1-4,690,2,1-3-4,570,2,1-4,490,2
20250628,若松,4,予選,晴,北西,3,3,6,5,5328,井 上 慧 人,58,61,6.88,5,0.22,,1-4-3,3530,12,1-4,690,2,1-3-4,570,2,1-4,490,2
20250628,若松,5,進入固定戦隊 進入固定,晴,北,2,2,1,4,5132,中 野 希 一,40,17,6.88,4,0.05,1.51.8,4-1-2,5000,17,4-1,1980,6,1-2-4,250,1,1-4,530,3
20250628,若松,5,進入固定戦隊 進入固定,晴,北,2,2,2,1,5075,中 島 秀 治,29,15,6.84,1,0.13,1.52.8,4-1-2,5000,17,4-1,1980,6,1-2-4,250,1,1-4,530,3
20250628,若松,5,進入固定戦隊 進入固定,晴,北,2,2,3,2,5018,竹 下 大 樹,34,63,6.81,2,0.14,1.53.4,4-1-2,5000,17,4-1,1980,6,1-2-4,250,1,1-4,530,3
20250628,若松,5,進入固定戦隊 進入固定,晴,北,2,2,4,6,5252,荒 木 颯 斗,48,67,6.82,6,0.11,1.54.0,4-1-2,5000,17,4-1,1980,6,1-2-4,250,1,1-4,530,3
20250628,若松,5,進入固定戦隊 進入固定,晴,北,2,2,5,3,5082,一 色 凌 雅,37,35,6.90,3,0.17,,4-1-2,5000,17,4-1,1980,6,1-2-4,250,1,1-4,530,3
20250628,若松,5,進入固定戦隊 進入固定,晴,北,2,2,6,5,5286,坂 井 滉 哉,50,24,6.86,5,0.22,,4-1-2,5000,17,4-1,1980,6,1-2-4,250,1,1-4,530,3
20250628,若松,6,予選,晴,北,2,2,1,3,5185,加 藤 優 弥,55,72,6.87,3,0.14,1.51.9,3-6-1,24170,67,3-6,7500,21,1-3-6,1840,8,3-6,2810,10
20250628,若松,6,予選,晴,北,2,2,2,6,5126,山 下 大 輝,3,11,6.78,6,0.18,1.52.8,3-6-1,24170,67,3-6,7500,21,1-3-6,1840,8,3-6,2810,10
20250628,若松,6,予選,晴,北,2,2,3,1,5114,小 林 孝 彰,23,75,6.84,1,0.26,1.54.1,3-6-1,24170,67,3-6,7500,21,1-3-6,1840,8,3-6,2810,10
20250628,若松,6,予選,晴,北,2,2,4,5,5239,上 野 俊 樹,8,73,6.84,5,0.14,1.55.0,3-6-1,24170,67,3-6,7500,21,1-3-6,1840,8,3-6,2810,10
20250628,若松,6,予選,晴,北,2,2,5,2,5191,飛 田 江 己,20,36,6.84,2,0.28,,3-6-1,24170,67,3-6,7500,21,1-3-6,1840,8,3-6,2810,10
20250628,若松,6,予選,晴,北,2,2,6,4,5301,岩 下 巧 斗,19,29,6.91,4,0.17,,3-6-1,24170,67,3-6,7500,21,1-3-6,1840,8,3-6,2810,10
20250628,若松,7,予選特賞,晴,北西,2,2,1,1,5087,佐 藤 航,21,47,6.88,1,0.21,1.50.7,1-2-6,670,1,1-2,300,1,1-2-6,320,1,1-2,190,1
20250628,若松,7,予選特賞,晴,北西,2,2,2,2,5028,原 田 才一郎,49,71,6.80,2,0.21,1.51.5,1-2-6,670,1,1-2,300,1,1-2-6,320,1,1-2,190,1
20250628,若松,7,予選特賞,晴,北西,2,2,3,6,5257,西 丸 侑太朗,6,37,6.81,6,0.26,1.52.8,1-2-6,670,1,1-2,300,1,1-2-6,320,1,1-2,190,1
20250628,若松,7,予選特賞,晴,北西,2,2,4,3,5238,笹 木 香 吾,16,27,6.90,3,0.21,1.56.6,1-2-6,670,1,1-2,300,1,1-2-6,320,1,1-2,190,1
20250628,若松,7,予選特賞,晴,北西,2,2,5,4,5207,高 山 敬 悟,53,74,6.85,4,0.19,,1-2-6,670,1,1-2,300,1,1-2-6,320,1,1-2,190,1
20250628,若松,7,予選特賞,晴,北西,2,2,6,5,5311,小 林 京 平,27,55,6.81,5,0.27,,1-2-6,670,1,1-2,300,1,1-2-6,320,1,1-2,190,1
20250628,若松,8,エイトビート,晴,北西,2,2,1,1,5015,高 橋 竜 矢,47,32,6.90,1,0.08,1.51.1,1-2-4,590,2,1-2,190,1,1-2-4,280,2,1-2,250,1
20250628,若松,8,エイトビート,晴,北西,2,2,2,2,5256,中 山 翔 太,32,26,6.81,2,0.10,1.53.2,1-2-4,590,2,1-2,190,1,1-2-4,280,2,1-2,250,1
20250628,若松,8,エイトビート,晴,北西,2,2,3,4,5137,川 原 涼,44,48,6.83,4,0.17,1.54.4,1-2-4,590,2,1-2,190,1,1-2-4,280,2,1-2,250,1
20250628,若松,8,エイトビート,晴,北西,2,2,4,5,5270,小 玉 啓 太,18,28,6.81,5,0.26,1.55.3,1-2-4,590,2,1-2,190,1,1-2-4,280,2,1-2,250,1
20250628,若松,8,エイトビート,晴,北西,2,2,5,3,5150,坂 本 雄 紀,31,46,6.88,3,0.10,,1-2-4,590,2,1-2,190,1,1-2-4,280,2,1-2,250,1
20250628,若松,8,エイトビート,晴,北西,2,2,6,6,5351,齊 藤 廉,52,57,6.92,6,0.21,,1-2-4,590,2,1-2,190,1,1-2-4,280,2,1-2,250,1
20250628,若松,9,予選,晴,北西,1,1,1,1,5132,中 野 希 一,40,17,6.90,1,0.15,1.51.0,1-2-3,800,1,1-2,320,1,1-2-3,370,1,1-2,290,2
20250628,若松,9,予選,晴,北西,1,1,2,2,5093,浦 野 海,15,38,6.90,2,0.11,1.51.9,1-2-3,800,1,1-2,320,1,1-2-3,370,1,1-2,290,2
20250628,若松,9,予選,晴,北西,1,1,3,3,5157,市 川 健 太,26,49,6.88,3,0.09,1.53.2,1-2-3,800,1,1-2,320,1,1-2-3,370,1,1-2,290,2
20250628,若松,9,予選,晴,北西,1,1,4,6,5139,大 場 恒 季,56,53,6.91,6,0.09,1.54.4,1-2-3,800,1,1-2,320,1,1-2-3,370,1,1-2,290,2
20250628,若松,9,予選,晴,北西,1,1,5,5,5236,小 宮 涼 雅,45,22,6.90,5,0.10,,1-2-3,800,1,1-2,320,1,1-2-3,370,1,1-2,290,2
20250628,若松,9,予選,晴,北西,1,1,6,4,5234,塚 越 海 斗,22,23,6.93,4,0.11,,1-2-3,800,1,1-2,320,1,1-2-3,370,1,1-2,290,2
20250628,若松,10,予選特賞,晴,北西,1,1,1,2,5073,上 原 健次郎,4,68,6.87,2,0.22,1.51.3,2-4-3,84640,82,2-4,20240,23,2-3-4,8870,16,2-4,3320,9
20250628,若松,10,予選特賞,晴,北西,1,1,2,4,5120,山 本 稔太朗,5,14,6.90,4,0.16,1.52.9,2-4-3,84640,82,2-4,20240,23,2-3-4,8870,16,2-4,3320,9
20250628,若松,10,予選特賞,晴,北西,1,1,3,3,5298,水 谷 理 人,57,52,6.86,3,0.21,1.54.2,2-4-3,84640,82,2-4,20240,23,2-3-4,8870,16,2-4,3320,9
20250628,若松,10,予選特賞,晴,北西,1,1,4,5,5082,一 色 凌 雅,37,35,6.88,5,0.19,1.54.6,2-4-3,84640,82,2-4,20240,23,2-3-4,8870,16,2-4,3320,9
20250628,若松,10,予選特賞,晴,北西,1,1,5,1,5112,砂 長 知 輝,13,50,6.84,1,0.18,,2-4-3,84640,82,2-4,20240,23,2-3-4,8870,16,2-4,3320,9
20250628,若松,10,予選特賞,晴,北西,1,1,6,6,5185,加 藤 優 弥,55,72,6.84,6,0.22,,2-4-3,84640,82,2-4,20240,23,2-3-4,8870,16,2-4,3320,9
20250628,若松,11,予選特選,晴,北西,1,1,1,1,5018,竹 下 大 樹,34,63,6.80,1,0.18,1.50.4,1-6-2,11170,36,1-6,2640,10,1-2-6,3000,11,1-6,3380,9
20250628,若松,11,予選特選,晴,北西,1,1,2,6,5134,大 原 祥 昌,35,39,6.86,6,0.25,1.52.3,1-6-2,11170,36,1-6,2640,10,1-2-6,3000,11,1-6,3380,9
20250628,若松,11,予選特選,晴,北西,1,1,3,2,5081,篠 原 飛 翔,51,13,6.85,2,0.23,1.53.9,1-6-2,11170,36,1-6,2640,10,1-2-6,3000,11,1-6,3380,9
20250628,若松,11,予選特選,晴,北西,1,1,4,5,5087,佐 藤 航,21,47,6.88,5,0.26,1.55.3,1-6-2,11170,36,1-6,2640,10,1-2-6,3000,11,1-6,3380,9
20250628,若松,11,予選特選,晴,北西,1,1,5,4,5126,山 下 大 輝,3,11,6.82,4,0.18,,1-6-2,11170,36,1-6,2640,10,1-2-6,3000,11,1-6,3380,9
20250628,若松,11,予選特選,晴,北西,1,1,6,3,5098,大 江 純,54,51,6.85,3,0.21,,1-6-2,11170,36,1-6,2640,10,1-2-6,3000,11,1-6,3380,9
20250628,児島,12,ドリーム戦,晴,北西,1,1,1,1,5028,原 田 才一郎,49,71,6.80,1,0.05,1.51.1,1-3-5,1170,4,1-3,310,1,1-3-5,570,3,1-3,300,2
20250628,児島,12,ドリーム戦,晴,北西,1,1,2,3,5015,高 橋 竜 矢,47,32,6.89,3,0.12,1.52.2,1-3-5,1170,4,1-3,310,1,1-3-5,570,3,1-3,300,2
20250628,児島,12,ドリーム戦,晴,北西,1,1,3,5,5075,中 島 秀 治,29,15,6.86,5,0.17,1.53.1,1-3-5,1170,4,1-3,310,1,1-3-5,570,3,1-3,300,2
20250628,児島,12,ドリーム戦,晴,北西,1,1,4,2,5217,藤 原 碧 生,1,20,6.79,2,0.11,1.54.7,1-3-5,1170,4,1-3,310,1,1-3-5,570,3,1-3,300,2
20250628,児島,12,ドリーム戦,晴,北西,1,1,5,6,5104,山 田 丈,2,60,6.94,6,0.15,,1-3-5,1170,4,1-3,310,1,1-3-5,570,3,1-3,300,2
20250628,児島,12,ドリーム戦,晴,北西,1,1,6,4,5191,飛 田 江 己,20,36,6.90,4,0.08,,1-3-5,1170,4,1-3,310,1,1-3-5,570,3,1-3,300,2
20250628,児島,1,朝得ガァ～コ,晴,南,3,3,1,1,4695,尾 崎 雄 二,59,21,6.81,1,0.08,1.50.4,1-4-2,820,2,1-4,360,2,1-2-4,240,1,1-4,430,2
20250628,児島,1,朝得ガァ～コ,晴,南,3,3,2,4,4697,國 弘 翔 平,20,62,6.79,4,0.09,1.51.6,1-4-2,820,2,1-4,360,2,1-2-4,240,1,1-4,430,2
20250628,児島,1,朝得ガァ～コ,晴,南,3,3,3,2,4299,中 島 浩 哉,28,58,6.87,2,0.05,1.52.7,1-4-2,820,2,1-4,360,2,1-2-4,240,1,1-4,430,2
20250628,児島,1,朝得ガァ～コ,晴,南,3,3,4,3,5242,高 山 弘 斗,66,68,6.89,3,0.07,1.54.4,1-4-2,820,2,1-4,360,2,1-2-4,240,1,1-4,430,2
20250628,児島,1,朝得ガァ～コ,晴,南,3,3,5,6,4846,佐 藤 駿 介,27,23,6.90,5,0.12,,1-4-2,820,2,1-4,360,2,1-2-4,240,1,1-4,430,2
20250628,児島,1,朝得ガァ～コ,晴,南,3,3,6,5,5372,上 岡 巧 汰,52,61,6.96,6,0.07,,1-4-2,820,2,1-4,360,2,1-2-4,240,1,1-4,430,2
20250628,児島,2,一般,晴,南西,2,3,1,1,4562,阪 本 勇 介,58,31,6.95,1,0.06,1.51.6,1-6-3,1690,5,1-6,650,3,1-3-6,400,2,1-6,600,3
20250628,児島,2,一般,晴,南西,2,3,2,6,4302,西 野 翔 太,63,20,6.91,4,0.09,1.53.5,1-6-3,1690,5,1-6,650,3,1-3-6,400,2,1-6,600,3
20250628,児島,2,一般,晴,南西,2,3,3,3,3893,汐 崎 正 則,46,36,6.87,3,0.16,1.54.1,1-6-3,1690,5,1-6,650,3,1-3-6,400,2,1-6,600,3
20250628,児島,2,一般,晴,南西,2,3,4,5,5379,廣 部 大 明,57,39,6.93,6,0.06,1.54.3,1-6-3,1690,5,1-6,650,3,1-3-6,400,2,1-6,600,3
20250628,児島,2,一般,晴,南西,2,3,5,2,3875,廣 中 良 一,70,74,6.94,2,0.14,,1-6-3,1690,5,1-6,650,3,1-3-6,400,2,1-6,600,3
20250628,児島,2,一般,晴,南西,2,3,6,4,5237,永 松 良 教,18,48,6.95,5,0.07,,1-6-3,1690,5,1-6,650,3,1-3-6,400,2,1-6,600,3
20250628,児島,3,一般,晴,南,4,3,1,1,4979,中 野 夢 斗,67,53,6.96,1,0.07,1.50.1,1-2-3,590,1,1-2,250,1,1-2-3,330,1,1-2,190,1
20250628,児島,3,一般,晴,南,4,3,2,2,5012,加 倉 侑 征,43,49,6.88,2,0.09,1.51.8,1-2-3,590,1,1-2,250,1,1-2-3,330,1,1-2,190,1
20250628,児島,3,一般,晴,南,4,3,3,3,3722,西 村 秀 樹,51,35,6.86,3,0.14,1.52.8,1-2-3,590,1,1-2,250,1,1-2-3,330,1,1-2,190,1
20250628,児島,3,一般,晴,南,4,3,4,4,5266,石 田 勇 斗,22,67,7.03,4,0.15,1.53.4,1-2-3,590,1,1-2,250,1,1-2-3,330,1,1-2,190,1
20250628,児島,3,一般,晴,南,4,3,5,6,3975,小野寺 智 洋,15,51,6.85,6,0.21,,1-2-3,590,1,1-2,250,1,1-2-3,330,1,1-2,190,1
20250628,児島,3,一般,晴,南,4,3,6,5,4004,山 本 浩 輔,49,71,6.88,5,0.18,,1-2-3,590,1,1-2,250,1,1-2-3,330,1,1-2,190,1
20250628,児島,4,コジマだ４っ,晴,南西,3,3,1,6,4702,三 浦 敬 太,65,24,6.95,6,0.09,1.49.6,6-4-1,18200,57,6-4,6250,19,1-4-6,910,6,4-6,1310,8
20250628,児島,4,コジマだ４っ,晴,南西,3,3,2,4,4703,森 永 隆,36,52,6.82,4,0.11,1.51.4,6-4-1,18200,57,6-4,6250,19,1-4-6,910,6,4-6,1310,8
20250628,児島,4,コジマだ４っ,晴,南西,3,3,3,1,4179,広 次 修,33,63,6.84,1,0.17,1.53.5,6-4-1,18200,57,6-4,6250,19,1-4-6,910,6,4-6,1310,8
20250628,児島,4,コジマだ４っ,晴,南西,3,3,4,2,4406,幸 野 史 明,48,18,6.72,2,0.22,1.55.1,6-4-1,18200,57,6-4,6250,19,1-4-6,910,6,4-6,1310,8
20250628,児島,4,コジマだ４っ,晴,南西,3,3,5,5,4106,坂 井 康 嗣,47,25,7.09,5,0.18,,6-4-1,18200,57,6-4,6250,19,1-4-6,910,6,4-6,1310,8
20250628,児島,4,コジマだ４っ,晴,南西,3,3,6,3,4748,渡 邉 雄 朗,29,15,6.72,3,0.19,,6-4-1,18200,57,6-4,6250,19,1-4-6,910,6,4-6,1310,8
20250628,児島,5,日替艇食戦,晴,南,3,3,1,1,3873,別 府 昌 樹,21,19,7.03,1,0.11,1.50.5,1-3-6,1510,6,1-3,270,1,1-3-6,850,4,1-3,260,1
20250628,児島,5,日替艇食戦,晴,南,3,3,2,3,5115,香 川 颯 太,45,43,7.01,3,0.09,1.52.1,1-3-6,1510,6,1-3,270,1,1-3-6,850,4,1-3,260,1
20250628,児島,5,日替艇食戦,晴,南,3,3,3,6,3885,久 田 武,26,40,6.91,6,0.14,1.53.9,1-3-6,1510,6,1-3,270,1,1-3-6,850,4,1-3,260,1
20250628,児島,5,日替艇食戦,晴,南,3,3,4,5,4299,中 島 浩 哉,28,58,6.94,5,0.07,1.54.4,1-3-6,1510,6,1-3,270,1,1-3-6,850,4,1-3,260,1
20250628,児島,5,日替艇食戦,晴,南,3,3,5,2,4779,伊 倉 光,12,16,6.90,2,0.16,,1-3-6,1510,6,1-3,270,1,1-3-6,850,4,1-3,260,1
20250628,児島,5,日替艇食戦,晴,南,3,3,6,4,3869,井 芹 大 志,60,64,6.94,4,0.13,,1-3-6,1510,6,1-3,270,1,1-3-6,850,4,1-3,260,1
20250628,児島,6,昼得クラリス,晴,南西,2,3,1,1,4452,松 尾 祭,34,56,6.88,1,0.07,1.56.3,1-3-4,920,4,1-3,220,1,1-3-4,490,3,1-3,150,1
20250628,児島,6,昼得クラリス,晴,南西,2,3,2,3,4850,野 中 一 平,55,28,6.78,3,0.11,2.02.0,1-3-4,920,4,1-3,220,1,1-3-4,490,3,1-3,150,1
20250628,児島,6,昼得クラリス,晴,南西,2,3,3,4,5242,高 山 弘 斗,66,68,6.86,4,0.18,2.04.9,1-3-4,920,4,1-3,220,1,1-3-4,490,3,1-3,150,1
20250628,児島,6,昼得クラリス,晴,南西,2,3,4,2,4258,関 根 彰 人,61,42,6.88,2,0.08,2.06.9,1-3-4,920,4,1-3,220,1,1-3-4,490,3,1-3,150,1
20250628,児島,6,昼得クラリス,晴,南西,2,3,5,5,3964,宮 地 博 士,68,37,6.82,5,0.22,,1-3-4,920,4,1-3,220,1,1-3-4,490,3,1-3,150,1
20250628,児島,7,一般,晴,南,2,3,1,5,5012,加 倉 侑 征,43,49,6.99,5,0.10,1.50.0,5-1-2,6600,18,5-1,2270,6,1-2-5,560,3,1-5,240,1
20250628,児島,7,一般,晴,南,2,3,2,1,4710,福 田 宗 平,32,44,6.92,1,0.16,1.51.0,5-1-2,6600,18,5-1,2270,6,1-2-5,560,3,1-5,240,1
20250628,児島,7,一般,晴,南,2,3,3,2,5048,眞 鳥 康 太,14,75,6.86,2,0.23,1.54.1,5-1-2,6600,18,5-1,2270,6,1-2-5,560,3,1-5,240,1
20250628,児島,7,一般,晴,南,2,3,4,6,3866,木 山 誠 一,50,26,6.99,6,0.17,1.55.5,5-1-2,6600,18,5-1,2270,6,1-2-5,560,3,1-5,240,1
20250628,児島,7,一般,晴,南,2,3,5,4,3893,汐 崎 正 則,46,36,6.94,4,0.24,,5-1-2,6600,18,5-1,2270,6,1-2-5,560,3,1-5,240,1
20250628,児島,7,一般,晴,南,2,3,6,3,4697,國 弘 翔 平,20,62,6.75,3,0.28,,5-1-2,6600,18,5-1,2270,6,1-2-5,560,3,1-5,240,1
20250628,児島,8,一般,晴,南西,4,3,1,4,4004,山 本 浩 輔,49,71,6.79,4,0.17,1.51.6,4-2-5,3020,12,4-2,1570,6,2-4-5,780,4,2-4,520,2
20250628,児島,8,一般,晴,南西,4,3,2,2,4703,森 永 隆,36,52,6.85,2,0.16,1.52.2,4-2-5,3020,12,4-2,1570,6,2-4-5,780,4,2-4,520,2
20250628,児島,8,一般,晴,南西,4,3,3,5,5237,永 松 良 教,18,48,6.87,5,0.11,1.54.6,4-2-5,3020,12,4-2,1570,6,2-4-5,780,4,2-4,520,2
20250628,児島,8,一般,晴,南西,4,3,4,1,4106,坂 井 康 嗣,47,25,7.09,1,0.27,1.55.3,4-2-5,3020,12,4-2,1570,6,2-4-5,780,4,2-4,520,2
20250628,児島,8,一般,晴,南西,4,3,5,3,5266,石 田 勇 斗,22,67,6.90,3,0.22,,4-2-5,3020,12,4-2,1570,6,2-4-5,780,4,2-4,520,2
20250628,児島,8,一般,晴,南西,4,3,6,6,5372,上 岡 巧 汰,52,61,6.96,6,0.12,,4-2-5,3020,12,4-2,1570,6,2-4-5,780,4,2-4,520,2
20250628,児島,9,一般特選,晴,南,3,3,1,3,4846,佐 藤 駿 介,27,23,6.96,3,0.04,1.50.5,3-1-5,25850,60,3-1,4530,13,1-3-5,3080,12,1-3,940,4
20250628,児島,9,一般特選,晴,南,3,3,2,1,3975,小野寺 智 洋,15,51,6.91,1,0.04,1.52.0,3-1-5,25850,60,3-1,4530,13,1-3-5,3080,12,1-3,940,4
20250628,児島,9,一般特選,晴,南,3,3,3,5,4779,伊 倉 光,12,16,7.00,5,0.05,1.53.0,3-1-5,25850,60,3-1,4530,13,1-3-5,3080,12,1-3,940,4
20250628,児島,9,一般特選,晴,南,3,3,4,6,3875,廣 中 良 一,70,74,6.80,6,0.15,1.53.0,3-1-5,25850,60,3-1,4530,13,1-3-5,3080,12,1-3,940,4
20250628,児島,9,一般特選,晴,南,3,3,5,2,4562,阪 本 勇 介,58,31,6.95,2,0.08,,3-1-5,25850,60,3-1,4530,13,1-3-5,3080,12,1-3,940,4
20250628,児島,9,一般特選,晴,南,3,3,6,4,4748,渡 邉 雄 朗,29,15,6.83,4,0.03,,3-1-5,25850,60,3-1,4530,13,1-3-5,3080,12,1-3,940,4
20250628,児島,10,選抜戦,晴,南西,3,3,1,1,4702,三 浦 敬 太,65,24,6.90,1,0.06,1.49.4,1-4-6,2290,11,1-4,440,3,1-4-6,1190,8,1-4,310,1
20250628,児島,10,選抜戦,晴,南西,3,3,2,4,5115,香 川 颯 太,45,43,6.87,4,0.07,1.51.2,1-4-6,2290,11,1-4,440,3,1-4-6,1190,8,1-4,310,1
20250628,児島,10,選抜戦,晴,南西,3,3,3,6,4695,尾 崎 雄 二,59,21,6.94,6,0.05,1.52.5,1-4-6,2290,11,1-4,440,3,1-4-6,1190,8,1-4,310,1
20250628,児島,10,選抜戦,晴,南西,3,3,4,2,4979,中 野 夢 斗,67,53,6.95,2,0.14,1.53.9,1-4-6,2290,11,1-4,440,3,1-4-6,1190,8,1-4,310,1
20250628,児島,10,選抜戦,晴,南西,3,3,5,5,4179,広 次 修,33,63,6.86,5,0.10,,1-4-6,2290,11,1-4,440,3,1-4-6,1190,8,1-4,310,1
20250628,児島,10,選抜戦,晴,南西,3,3,6,3,4258,関 根 彰 人,61,42,6.93,3,0.08,,1-4-6,2290,11,1-4,440,3,1-4-6,1190,8,1-4,310,1
20250628,児島,11,選抜戦,晴,南西,2,3,1,3,4710,福 田 宗 平,32,44,6.78,3,0.15,1.49.2,3-1-5,4520,13,3-1,1140,5,1-3-5,540,2,1-3,540,2
20250628,児島,11,選抜戦,晴,南西,2,3,2,1,4850,野 中 一 平,55,28,6.86,1,0.08,1.51.2,3-1-5,4520,13,3-1,1140,5,1-3-5,540,2,1-3,540,2
20250628,児島,11,選抜戦,晴,南西,2,3,3,5,3873,別 府 昌 樹,21,19,6.95,5,0.18,1.52.7,3-1-5,4520,13,3-1,1140,5,1-3-5,540,2,1-3,540,2
20250628,児島,11,選抜戦,晴,南西,2,3,4,2,4452,松 尾 祭,34,56,6.83,2,0.13,1.53.5,3-1-5,4520,13,3-1,1140,5,1-3-5,540,2,1-3,540,2
20250628,児島,11,選抜戦,晴,南西,2,3,5,6,4406,幸 野 史 明,48,18,6.75,6,0.16,,3-1-5,4520,13,3-1,1140,5,1-3-5,540,2,1-3,540,2
20250628,児島,11,選抜戦,晴,南西,2,3,6,4,3722,西 村 秀 樹,51,35,6.86,4,0.21,,3-1-5,4520,13,3-1,1140,5,1-3-5,540,2,1-3,540,2
20250628,丸亀,12,優勝戦,晴,南,1,1,1,1,4959,井 上 忠 政,24,47,6.91,1,0.21,1.50.2,1-2-4,640,2,1-2,250,1,1-2-4,350,2,1-2,250,2
20250628,丸亀,12,優勝戦,晴,南,1,1,2,2,4967,中 村 魁 生,13,27,6.86,2,0.17,1.50.7,1-2-4,640,2,1-2,250,1,1-2-4,350,2,1-2,250,2
20250628,丸亀,12,優勝戦,晴,南,1,1,3,4,4172,森 定 晃 史,53,55,6.87,4,0.29,1.51.7,1-2-4,640,2,1-2,250,1,1-2-4,350,2,1-2,250,2
20250628,丸亀,12,優勝戦,晴,南,1,1,4,3,4161,黒 柳 浩 孝,39,70,6.76,3,0.18,1.54.0,1-2-4,640,2,1-2,250,1,1-2-4,350,2,1-2,250,2
20250628,丸亀,12,優勝戦,晴,南,1,1,5,5,4163,山 崎 裕 司,16,57,6.82,5,0.24,,1-2-4,640,2,1-2,250,1,1-2-4,350,2,1-2,250,2
20250628,丸亀,12,優勝戦,晴,南,1,1,6,6,4873,蒲 原 健 太,38,69,6.82,6,0.30,,1-2-4,640,2,1-2,250,1,1-2-4,350,2,1-2,250,2
20250628,丸亀,1,一般,晴,西,3,3,1,2,3747,國 崎 良 春,53,5,6.71,2,0.11,1.51.8,2-6-3,76710,93,2-6,12730,25,2-3-6,7090,15,2-6,5700,13
20250628,丸亀,1,一般,晴,西,3,3,2,6,5388,佐 野 優 都,14,44,6.77,6,0.05,1.53.0,2-6-3,76710,93,2-6,12730,25,2-3-6,7090,15,2-6,5700,13
20250628,丸亀,1,一般,晴,西,3,3,3,3,5135,仲 航 太,10,52,6.67,3,0.08,1.54.1,2-6-3,76710,93,2-6,12730,25,2-3-6,7090,15,2-6,5700,13
20250628,丸亀,1,一般,晴,西,3,3,4,4,4167,片 岡 秀 樹,37,37,6.82,4,0.15,1.54.9,2-6-3,76710,93,2-6,12730,25,2-3-6,7090,15,2-6,5700,13
20250628,丸亀,1,一般,晴,西,3,3,5,1,3935,岩 津 徹 郎,23,49,6.78,1,0.07,1.55.2,2-6-3,76710,93,2-6,12730,25,2-3-6,7090,15,2-6,5700,13
20250628,丸亀,1,一般,晴,西,3,3,6,5,3736,岡 本 猛,30,38,6.75,5,0.08,2.00.7,2-6-3,76710,93,2-6,12730,25,2-3-6,7090,15,2-6,5700,13
20250628,丸亀,2,一般,晴,西,3,3,1,3,4369,丹 下 将,17,11,6.78,3,0.19,1.51.8,3-5-2,16550,60,3-5,2930,11,2-3-5,2010,9,3-5,1180,6
20250628,丸亀,2,一般,晴,西,3,3,2,5,5224,西 岡 顕 心,50,63,6.71,5,0.21,1.52.3,3-5-2,16550,60,3-5,2930,11,2-3-5,2010,9,3-5,1180,6
20250628,丸亀,2,一般,晴,西,3,3,3,2,4906,鈴 木 雅 希,36,46,6.72,2,0.18,1.53.5,3-5-2,16550,60,3-5,2930,11,2-3-5,2010,9,3-5,1180,6
20250628,丸亀,2,一般,晴,西,3,3,4,6,3852,澤 大 介,29,19,6.82,6,0.16,1.55.1,3-5-2,16550,60,3-5,2930,11,2-3-5,2010,9,3-5,1180,6
20250628,丸亀,2,一般,晴,西,3,3,5,1,4533,峰 重 侑 治,62,50,6.71,1,0.29,1.56.6,3-5-2,16550,60,3-5,2930,11,2-3-5,2010,9,3-5,1180,6
20250628,丸亀,2,一般,晴,西,3,3,6,4,5199,垂 水 悠,39,61,6.69,4,0.17,1.57.9,3-5-2,16550,60,3-5,2930,11,2-3-5,2010,9,3-5,1180,6
20250628,丸亀,3,一般,晴,西,3,3,1,2,5197,中 野 仁 照,40,60,6.72,2,0.04,1.50.4,2-1-6,2760,10,2-1,620,2,1-2-6,610,3,1-2,210,1
20250628,丸亀,3,一般,晴,西,3,3,2,1,5096,上 原 崚,58,23,6.79,1,0.06,1.51.7,2-1-6,2760,10,2-1,620,2,1-2-6,610,3,1-2,210,1
20250628,丸亀,3,一般,晴,西,3,3,3,6,5229,吉 川 晴 人,31,21,6.74,5,0.02,1.53.3,2-1-6,2760,10,2-1,620,2,1-2-6,610,3,1-2,210,1
20250628,丸亀,3,一般,晴,西,3,3,4,4,4578,藤 山 雅 弘,65,56,6.73,4,0.09,1.55.1,2-1-6,2760,10,2-1,620,2,1-2-6,610,3,1-2,210,1
20250628,丸亀,3,一般,晴,西,3,3,5,3,4254,川 島 圭 司,16,36,6.69,3,0.03,1.55.9,2-1-6,2760,10,2-1,620,2,1-2-6,610,3,1-2,210,1
20250628,丸亀,3,一般,晴,西,3,3,6,5,5375,庄 島 潤 成,15,1,6.75,6,0.17,1.57.2,2-1-6,2760,10,2-1,620,2,1-2-6,610,3,1-2,210,1
20250628,丸亀,4,一般,晴,西,3,3,1,1,5020,宮 村 勇 哉,1,43,6.72,1,0.15,1.51.3,1-4-6,3590,13,1-4,420,1,1-4-6,1160,6,1-4,470,3
20250628,丸亀,4,一般,晴,西,3,3,2,4,4980,佐々木 完 太,56,25,6.79,2,0.20,1.52.6,1-4-6,3590,13,1-4,420,1,1-4-6,1160,6,1-4,470,3
20250628,丸亀,4,一般,晴,西,3,3,3,6,3304,烏 野 賢 太,45,34,6.77,6,0.33,1.53.9,1-4-6,3590,13,1-4,420,1,1-4-6,1160,6,1-4,470,3
20250628,丸亀,4,一般,晴,西,3,3,4,5,4931,木 谷 賢 太,13,51,6.77,5,0.29,1.55.1,1-4-6,3590,13,1-4,420,1,1-4-6,1160,6,1-4,470,3
20250628,丸亀,4,一般,晴,西,3,3,5,2,4976,金 山 立 樹,57,59,6.73,3,0.20,1.55.3,1-4-6,3590,13,1-4,420,1,1-4-6,1160,6,1-4,470,3
20250628,丸亀,4,一般,晴,西,3,3,6,3,3843,上 之 晃 弘,41,24,6.74,4,0.36,1.55.9,1-4-6,3590,13,1-4,420,1,1-4-6,1160,6,1-4,470,3
20250628,丸亀,5,一般,晴,西,2,2,1,1,4966,田 川 大 貴,7,7,6.82,1,0.07,1.50.0,1-5-2,1140,3,1-5,350,1,1-2-5,290,2,1-5,240,1
20250628,丸亀,5,一般,晴,西,2,2,2,5,3960,菊 地 孝 平,49,31,6.76,5,0.11,1.50.6,1-5-2,1140,3,1-5,350,1,1-2-5,290,2,1-5,240,1
20250628,丸亀,5,一般,晴,西,2,2,3,2,4583,古 田 祐 貴,28,54,6.77,2,0.12,1.53.6,1-5-2,1140,3,1-5,350,1,1-2-5,290,2,1-5,240,1
20250628,丸亀,5,一般,晴,西,2,2,4,6,4856,豊 田 健士郎,61,29,6.70,6,0.10,1.55.2,1-5-2,1140,3,1-5,350,1,1-2-5,290,2,1-5,240,1
20250628,丸亀,5,一般,晴,西,2,2,5,3,3807,岡 部 哲,22,18,6.78,3,0.17,1.56.3,1-5-2,1140,3,1-5,350,1,1-2-5,290,2,1-5,240,1
20250628,丸亀,5,一般,晴,西,2,2,6,4,5106,山 崎 祥,8,16,6.73,4,0.18,1.58.2,1-5-2,1140,3,1-5,350,1,1-2-5,290,2,1-5,240,1
20250628,丸亀,6,カチ勝ち６,晴,西,2,2,1,1,4889,後 藤 盛 也,46,64,6.75,1,0.17,1.50.9,1-4-3,820,2,1-4,350,1,1-3-4,240,1,1-4,290,1
20250628,丸亀,6,カチ勝ち６,晴,西,2,2,2,4,4739,中 村 晃 朋,47,53,6.77,4,0.09,1.52.6,1-4-3,820,2,1-4,350,1,1-3-4,240,1,1-4,290,1
20250628,丸亀,6,カチ勝ち６,晴,西,2,2,3,3,3956,横 澤 剛 治,59,26,6.82,3,0.08,1.54.3,1-4-3,820,2,1-4,350,1,1-3-4,240,1,1-4,290,1
20250628,丸亀,6,カチ勝ち６,晴,西,2,2,4,5,5388,佐 野 優 都,14,44,6.79,5,0.07,1.55.3,1-4-3,820,2,1-4,350,1,1-3-4,240,1,1-4,290,1
20250628,丸亀,6,カチ勝ち６,晴,西,2,2,5,2,5135,仲 航 太,10,52,6.73,2,0.11,1.55.9,1-4-3,820,2,1-4,350,1,1-3-4,240,1,1-4,290,1
20250628,丸亀,6,カチ勝ち６,晴,西,2,2,6,6,4495,森 晋太郎,52,35,6.73,6,0.06,1.57.6,1-4-3,820,2,1-4,350,1,1-3-4,240,1,1-4,290,1
20250628,丸亀,7,穴ガチ７,晴,西,2,2,1,1,4584,村 岡 賢 人,19,58,6.71,1,0.09,1.49.4,1-2-4,1400,4,1-2,480,3,1-2-4,620,2,1-2,370,3
20250628,丸亀,7,穴ガチ７,晴,西,2,2,2,2,3362,間 嶋 仁 志,18,4,6.84,2,0.11,1.52.6,1-2-4,1400,4,1-2,480,3,1-2-4,620,2,1-2,370,3
20250628,丸亀,7,穴ガチ７,晴,西,2,2,3,4,5049,松 井 友 汰,9,48,6.83,4,0.11,1.53.3,1-2-4,1400,4,1-2,480,3,1-2-4,620,2,1-2,370,3
20250628,丸亀,7,穴ガチ７,晴,西,2,2,4,3,3935,岩 津 徹 郎,23,49,6.85,3,0.12,1.53.5,1-2-4,1400,4,1-2,480,3,1-2-4,620,2,1-2,370,3
20250628,丸亀,7,穴ガチ７,晴,西,2,2,5,5,3696,白 井 友 晴,43,33,6.75,5,0.15,1.54.2,1-2-4,1400,4,1-2,480,3,1-2-4,620,2,1-2,370,3
20250628,丸亀,7,穴ガチ７,晴,西,2,2,6,6,4757,山 田 祐 也,12,45,6.85,6,0.11,1.57.6,1-2-4,1400,4,1-2,480,3,1-2-4,620,2,1-2,370,3
20250628,丸亀,8,ガチ勝゛ち８ 進入固定,晴,北西,1,1,1,1,4269,杉 山 裕 也,5,14,6.73,1,0.16,1.50.9,1-5-4,5140,14,1-5,1520,4,1-4-5,1220,6,1-5,1600,4
20250628,丸亀,8,ガチ勝゛ち８ 進入固定,晴,北西,1,1,2,5,3747,國 崎 良 春,53,5,6.83,5,0.15,1.52.4,1-5-4,5140,14,1-5,1520,4,1-4-5,1220,6,1-5,1600,4
20250628,丸亀,8,ガチ勝゛ち８ 進入固定,晴,北西,1,1,3,4,4593,小 坂 宗 司,66,32,6.81,4,0.09,1.54.1,1-5-4,5140,14,1-5,1520,4,1-4-5,1220,6,1-5,1600,4
20250628,丸亀,8,ガチ勝゛ち８ 進入固定,晴,北西,1,1,4,2,4331,三 好 勇 人,21,10,6.82,2,0.16,1.54.3,1-5-4,5140,14,1-5,1520,4,1-4-5,1220,6,1-5,1600,4
20250628,丸亀,8,ガチ勝゛ち８ 進入固定,晴,北西,1,1,5,3,3304,烏 野 賢 太,45,34,6.85,3,0.21,1.56.1,1-5-4,5140,14,1-5,1520,4,1-4-5,1220,6,1-5,1600,4
20250628,丸亀,8,ガチ勝゛ち８ 進入固定,晴,北西,1,1,6,6,5375,庄 島 潤 成,15,1,6.92,6,0.18,1.58.5,1-5-4,5140,14,1-5,1520,4,1-4-5,1220,6,1-5,1600,4
20250628,丸亀,9,準優勝戦,晴,北西,1,1,1,1,5229,吉 川 晴 人,31,21,6.79,1,0.05,1.49.5,1-3-4,2860,10,1-3,670,3,1-3-4,1890,6,1-3,570,2
20250628,丸亀,9,準優勝戦,晴,北西,1,1,2,3,5199,垂 水 悠,39,61,6.79,3,0.05,1.50.4,1-3-4,2860,10,1-3,670,3,1-3-4,1890,6,1-3,570,2
20250628,丸亀,9,準優勝戦,晴,北西,1,1,3,4,4254,川 島 圭 司,16,36,6.79,4,0.08,1.52.2,1-3-4,2860,10,1-3,670,3,1-3-4,1890,6,1-3,570,2
20250628,丸亀,9,準優勝戦,晴,北西,1,1,4,2,3960,菊 地 孝 平,49,31,6.75,2,0.08,1.53.2,1-3-4,2860,10,1-3,670,3,1-3-4,1890,6,1-3,570,2
20250628,丸亀,9,準優勝戦,晴,北西,1,1,5,5,4906,鈴 木 雅 希,36,46,6.83,5,0.11,1.54.9,1-3-4,2860,10,1-3,670,3,1-3-4,1890,6,1-3,570,2
20250628,丸亀,9,準優勝戦,晴,北西,1,1,6,6,4980,佐々木 完 太,56,25,6.93,6,0.14,1.55.2,1-3-4,2860,10,1-3,670,3,1-3-4,1890,6,1-3,570,2
20250628,丸亀,10,準優勝戦,晴,北西,1,1,1,1,4856,豊 田 健士郎,61,29,6.71,1,0.18,1.50.9,1-5-6,7270,17,1-5,630,3,1-5-6,4560,12,1-5,550,3
20250628,丸亀,10,準優勝戦,晴,北西,1,1,2,5,5197,中 野 仁 照,40,60,6.78,5,0.03,1.51.5,1-5-6,7270,17,1-5,630,3,1-5-6,4560,12,1-5,550,3
20250628,丸亀,10,準優勝戦,晴,北西,1,1,3,6,4533,峰 重 侑 治,62,50,6.83,6,0.06,1.52.6,1-5-6,7270,17,1-5,630,3,1-5-6,4560,12,1-5,550,3
20250628,丸亀,10,準優勝戦,晴,北西,1,1,4,3,4578,藤 山 雅 弘,65,56,6.73,3,0.21,1.53.3,1-5-6,7270,17,1-5,630,3,1-5-6,4560,12,1-5,550,3
20250628,丸亀,10,準優勝戦,晴,北西,1,1,5,4,3956,横 澤 剛 治,59,26,6.84,4,0.13,1.54.5,1-5-6,7270,17,1-5,630,3,1-5-6,4560,12,1-5,550,3
20250628,丸亀,10,準優勝戦,晴,北西,1,1,6,2,4584,村 岡 賢 人,19,58,6.74,2,0.29,1.54.9,1-5-6,7270,17,1-5,630,3,1-5-6,4560,12,1-5,550,3
20250628,丸亀,11,準優勝戦,晴,西,1,1,1,1,4757,山 田 祐 也,12,45,6.82,1,0.14,1.50.4,1-3-4,790,4,1-3,300,1,1-3-4,470,3,1-3,200,1
20250628,丸亀,11,準優勝戦,晴,西,1,1,2,3,4739,中 村 晃 朋,47,53,6.81,3,0.14,1.51.4,1-3-4,790,4,1-3,300,1,1-3-4,470,3,1-3,200,1
20250628,丸亀,11,準優勝戦,晴,西,1,1,3,4,4269,杉 山 裕 也,5,14,6.77,4,0.14,1.52.6,1-3-4,790,4,1-3,300,1,1-3-4,470,3,1-3,200,1
20250628,丸亀,11,準優勝戦,晴,西,1,1,4,2,5224,西 岡 顕 心,50,63,6.80,2,0.16,1.53.8,1-3-4,790,4,1-3,300,1,1-3-4,470,3,1-3,200,1
20250628,丸亀,11,準優勝戦,晴,西,1,1,5,5,4583,古 田 祐 貴,28,54,6.79,5,0.12,1.55.1,1-3-4,790,4,1-3,300,1,1-3-4,470,3,1-3,200,1
20250628,丸亀,11,準優勝戦,晴,西,1,1,6,6,5020,宮 村 勇 哉,1,43,6.81,6,0.11,1.55.9,1-3-4,790,4,1-3,300,1,1-3-4,470,3,1-3,200,1
20250628,鳴門,12,一般,晴,南西,1,1,1,1,4931,木 谷 賢 太,13,51,6.82,1,0.13,1.51.3,1-3-6,2400,13,1-3,370,2,1-3-6,1720,8,1-3,330,1
20250628,鳴門,12,一般,晴,南西,1,1,2,3,4331,三 好 勇 人,21,10,6.81,3,0.11,1.52.5,1-3-6,2400,13,1-3,370,2,1-3-6,1720,8,1-3,330,1
20250628,鳴門,12,一般,晴,南西,1,1,3,6,5049,松 井 友 汰,9,48,6.83,6,0.12,1.53.4,1-3-6,2400,13,1-3,370,2,1-3-6,1720,8,1-3,330,1
20250628,鳴門,12,一般,晴,南西,1,1,4,2,4369,丹 下 将,17,11,6.84,2,0.18,1.54.4,1-3-6,2400,13,1-3,370,2,1-3-6,1720,8,1-3,330,1
20250628,鳴門,12,一般,晴,南西,1,1,5,4,4966,田 川 大 貴,7,7,6.85,4,0.11,1.54.8,1-3-6,2400,13,1-3,370,2,1-3-6,1720,8,1-3,330,1
20250628,鳴門,12,一般,晴,南西,1,1,6,5,4889,後 藤 盛 也,46,64,6.77,5,0.09,1.55.6,1-3-6,2400,13,1-3,370,2,1-3-6,1720,8,1-3,330,1
20250628,鳴門,1,一般,晴,北西,1,1,1,1,4839,四 宮 与 寛,33,67,6.88,1,0.02,1.50.2,1-3-2,1800,5,1-3,770,4,1-2-3,620,2,1-3,820,4
20250628,鳴門,1,一般,晴,北西,1,1,2,3,3976,内 田 圭,37,74,6.93,3,0.10,1.51.8,1-3-2,1800,5,1-3,770,4,1-2-3,620,2,1-3,820,4
20250628,鳴門,1,一般,晴,北西,1,1,3,2,3212,亀 本 勇 樹,74,79,6.95,2,0.08,1.52.7,1-3-2,1800,5,1-3,770,4,1-2-3,620,2,1-3,820,4
20250628,鳴門,1,一般,晴,北西,1,1,4,5,3377,塚 田 修 二,68,19,6.87,5,0.15,1.53.8,1-3-2,1800,5,1-3,770,4,1-2-3,620,2,1-3,820,4
20250628,鳴門,1,一般,晴,北西,1,1,5,6,5203,神 里 琴 音,61,34,6.99,6,0.11,,1-3-2,1800,5,1-3,770,4,1-2-3,620,2,1-3,820,4
20250628,鳴門,1,一般,晴,北西,1,1,6,4,5208,屋 良 龍 紀,51,14,6.94,4,0.18,,1-3-2,1800,5,1-3,770,4,1-2-3,620,2,1-3,820,4
20250628,鳴門,2,一般,晴,北東,1,1,1,1,4592,小 林 孝 弘,54,21,6.87,1,0.13,1.48.8,1-3-4,4690,19,1-3,3960,12,1-3-4,1520,6,1-3,1700,6
20250628,鳴門,2,一般,晴,北東,1,1,2,3,5248,本 田 愛,77,77,6.89,3,0.18,1.50.4,1-3-4,4690,19,1-3,3960,12,1-3-4,1520,6,1-3,1700,6
20250628,鳴門,2,一般,晴,北東,1,1,3,4,4208,三 浦 永 理,71,58,6.75,4,0.15,1.51.0,1-3-4,4690,19,1-3,3960,12,1-3-4,1520,6,1-3,1700,6
20250628,鳴門,2,一般,晴,北東,1,1,4,2,4812,西 野 雄 貴,64,38,6.79,2,0.15,1.53.9,1-3-4,4690,19,1-3,3960,12,1-3-4,1520,6,1-3,1700,6
20250628,鳴門,2,一般,晴,北東,1,1,5,5,3989,熊 本 英 一,65,63,6.97,5,0.31,,1-3-4,4690,19,1-3,3960,12,1-3-4,1520,6,1-3,1700,6
20250628,鳴門,2,一般,晴,北東,1,1,6,6,5027,重 冨 勇 哉,80,17,6.85,6,0.26,,1-3-4,4690,19,1-3,3960,12,1-3-4,1520,6,1-3,1700,6
20250628,鳴門,3,一般,晴,北東,1,1,1,5,4523,中 村 辰 也,81,71,6.80,5,0.12,1.49.5,5-3-6,22520,49,5-3,8980,23,3-5-6,4120,13,3-5,3220,8
20250628,鳴門,3,一般,晴,北東,1,1,2,3,3784,中 島 友 和,69,33,6.90,3,0.05,1.51.1,5-3-6,22520,49,5-3,8980,23,3-5-6,4120,13,3-5,3220,8
20250628,鳴門,3,一般,晴,北東,1,1,3,6,4477,篠 崎 仁 志,70,36,6.90,6,0.10,1.53.1,5-3-6,22520,49,5-3,8980,23,3-5-6,4120,13,3-5,3220,8
20250628,鳴門,3,一般,晴,北東,1,1,4,1,5002,上 田 健 太,14,60,6.78,1,0.26,1.54.5,5-3-6,22520,49,5-3,8980,23,3-5-6,4120,13,3-5,3220,8
20250628,鳴門,3,一般,晴,北東,1,1,5,4,3282,池 本 輝 明,57,65,6.98,4,0.09,,5-3-6,22520,49,5-3,8980,23,3-5-6,4120,13,3-5,3220,8
20250628,鳴門,3,一般,晴,北東,1,1,6,2,3477,近 藤 稔 也,59,84,6.80,2,0.18,,5-3-6,22520,49,5-3,8980,23,3-5-6,4120,13,3-5,3220,8
20250628,鳴門,4,一般,晴,北西,2,2,1,1,4758,富 樫 麗 加,60,22,6.79,1,0.07,1.49.1,1-4-2,820,1,1-4,450,1,1-2-4,260,1,1-4,280,1
20250628,鳴門,4,一般,晴,北西,2,2,2,4,3557,太 田 和 美,73,57,6.87,4,0.21,1.50.8,1-4-2,820,1,1-4,450,1,1-2-4,260,1,1-4,280,1
20250628,鳴門,4,一般,晴,北西,2,2,3,2,4359,横 川 聖 志,82,23,6.89,2,0.15,1.53.6,1-4-2,820,1,1-4,450,1,1-2-4,260,1,1-4,280,1
20250628,鳴門,4,一般,晴,北西,2,2,4,3,4465,大 西 賢,75,30,6.90,3,0.04,1.54.6,1-4-2,820,1,1-4,450,1,1-2-4,260,1,1-4,280,1
20250628,鳴門,4,一般,晴,北西,2,2,5,6,4669,井 上 茂,66,83,6.83,6,0.18,,1-4-2,820,1,1-4,450,1,1-2-4,260,1,1-4,280,1
20250628,鳴門,4,一般,晴,北西,2,2,6,5,3950,石 川 哲 秀,58,50,6.84,5,0.10,,1-4-2,820,1,1-4,450,1,1-2-4,260,1,1-4,280,1
20250628,鳴門,5,一般,晴,北東,1,1,1,1,4882,瀧 川 千 依,62,55,6.76,1,0.11,1.48.9,1-4-6,7270,29,1-4,2400,12,1-4-6,1780,9,1-4,1230,6
20250628,鳴門,5,一般,晴,北東,1,1,2,4,4460,後 藤 翔 之,83,37,6.86,3,0.12,1.51.0,1-4-6,7270,29,1-4,2400,12,1-4-6,1780,9,1-4,1230,6
20250628,鳴門,5,一般,晴,北東,1,1,3,6,4572,渡 部 悟,76,26,6.85,5,0.11,1.52.8,1-4-6,7270,29,1-4,2400,12,1-4-6,1780,9,1-4,1230,6
20250628,鳴門,5,一般,晴,北東,1,1,4,5,3589,西 村 勝,63,76,6.89,4,0.16,1.52.9,1-4-6,7270,29,1-4,2400,12,1-4-6,1780,9,1-4,1230,6
20250628,鳴門,5,一般,晴,北東,1,1,5,2,4928,栗 城 匠,67,32,6.81,2,0.09,,1-4-6,7270,29,1-4,2400,12,1-4-6,1780,9,1-4,1230,6
20250628,鳴門,5,一般,晴,北東,1,1,6,3,4054,福 嶋 智 之,50,25,6.76,6,0.06,,1-4-6,7270,29,1-4,2400,12,1-4-6,1780,9,1-4,1230,6
20250628,鳴門,6,一般,晴,北,2,2,1,2,4989,石 原 翼,35,39,6.76,2,0.11,1.50.1,2-6-3,5880,23,2-6,2320,9,2-3-6,860,3,2-6,1270,6
20250628,鳴門,6,一般,晴,北,2,2,2,6,4843,深 尾 巴 恵,52,15,6.83,6,0.13,1.51.3,2-6-3,5880,23,2-6,2320,9,2-3-6,860,3,2-6,1270,6
20250628,鳴門,6,一般,晴,北,2,2,3,3,3992,関 口 智 久,39,18,6.88,3,0.08,1.52.8,2-6-3,5880,23,2-6,2320,9,2-3-6,860,3,2-6,1270,6
20250628,鳴門,6,一般,晴,北,2,2,4,5,4092,岡 部 大 輔,20,10,6.91,5,0.08,1.52.9,2-6-3,5880,23,2-6,2320,9,2-3-6,860,3,2-6,1270,6
20250628,鳴門,6,一般,晴,北,2,2,5,1,5198,奥 村 明日香,13,52,6.79,1,0.22,,2-6-3,5880,23,2-6,2320,9,2-3-6,860,3,2-6,1270,6
20250628,鳴門,6,一般,晴,北,2,2,6,4,3989,熊 本 英 一,65,63,6.91,4,0.22,,2-6-3,5880,23,2-6,2320,9,2-3-6,860,3,2-6,1270,6
20250628,鳴門,7,一般,晴,西,3,3,1,1,4684,楠 原 翔 太,78,16,6.85,1,0.08,1.49.3,1-2-3,750,2,1-2,520,2,1-2-3,220,1,1-2,430,2
20250628,鳴門,7,一般,晴,西,3,3,2,2,4709,岡 村 将 也,56,20,6.89,2,0.12,1.50.3,1-2-3,750,2,1-2,520,2,1-2-3,220,1,1-2,430,2
20250628,鳴門,7,一般,晴,西,3,3,3,3,4732,堀 本 和 也,84,70,6.89,3,0.09,1.51.8,1-2-3,750,2,1-2,520,2,1-2-3,220,1,1-2,430,2
20250628,鳴門,7,一般,晴,西,3,3,4,4,3212,亀 本 勇 樹,74,79,6.91,4,0.19,1.53.7,1-2-3,750,2,1-2,520,2,1-2-3,220,1,1-2,430,2
20250628,鳴門,7,一般,晴,西,3,3,5,6,5248,本 田 愛,77,77,6.88,6,0.32,,1-2-3,750,2,1-2,520,2,1-2-3,220,1,1-2,430,2
20250628,鳴門,7,一般,晴,西,3,3,6,5,3784,中 島 友 和,69,33,6.90,5,0.22,,1-2-3,750,2,1-2,520,2,1-2-3,220,1,1-2,430,2
20250628,鳴門,8,一般,晴,北,1,1,1,1,4464,山 下 友 貴,32,80,6.78,1,0.12,1.49.4,1-2-5,3210,5,1-2,1140,4,1-2-5,870,3,1-2,810,4
20250628,鳴門,8,一般,晴,北,1,1,2,2,3282,池 本 輝 明,57,65,6.94,2,0.12,1.50.6,1-2-5,3210,5,1-2,1140,4,1-2-5,870,3,1-2,810,4
20250628,鳴門,8,一般,晴,北,1,1,3,5,4117,廣 中 智紗衣,53,68,6.76,5,0.10,1.50.8,1-2-5,3210,5,1-2,1140,4,1-2-5,870,3,1-2,810,4
20250628,鳴門,8,一般,晴,北,1,1,4,3,5203,神 里 琴 音,61,34,6.86,3,0.11,1.53.4,1-2-5,3210,5,1-2,1140,4,1-2-5,870,3,1-2,810,4
20250628,鳴門,8,一般,晴,北,1,1,5,6,4028,田 村 隆 信,38,72,6.88,6,0.09,,1-2-5,3210,5,1-2,1140,4,1-2-5,870,3,1-2,810,4
20250628,鳴門,8,一般,晴,北,1,1,6,4,3895,堀 本 裕 也,31,62,6.78,4,0.09,,1-2-5,3210,5,1-2,1140,4,1-2-5,870,3,1-2,810,4
20250628,鳴門,9,一般,晴,北西,1,1,1,6,4054,福 嶋 智 之,50,25,6.68,6,0.07,1.49.4,6-3-1,6170,18,6-3,2440,9,1-3-6,1390,7,3-6,1580,10
20250628,鳴門,9,一般,晴,北西,1,1,2,3,3265,今 村 暢 孝,34,27,6.95,2,0.18,1.51.4,6-3-1,6170,18,6-3,2440,9,1-3-6,1390,7,3-6,1580,10
20250628,鳴門,9,一般,晴,北西,1,1,3,1,4669,井 上 茂,66,83,6.85,1,0.14,1.52.5,6-3-1,6170,18,6-3,2440,9,1-3-6,1390,7,3-6,1580,10
20250628,鳴門,9,一般,晴,北西,1,1,4,2,3950,石 川 哲 秀,58,50,6.87,3,0.19,1.54.1,6-3-1,6170,18,6-3,2440,9,1-3-6,1390,7,3-6,1580,10
20250628,鳴門,9,一般,晴,北西,1,1,5,5,4812,西 野 雄 貴,64,38,6.86,5,0.14,,6-3-1,6170,18,6-3,2440,9,1-3-6,1390,7,3-6,1580,10
20250628,鳴門,9,一般,晴,北西,1,1,6,4,3589,西 村 勝,63,76,6.89,4,0.16,,6-3-1,6170,18,6-3,2440,9,1-3-6,1390,7,3-6,1580,10
20250628,鳴門,10,準優勝戦,晴,北西,2,2,1,5,4928,栗 城 匠,67,32,6.83,5,0.09,1.48.9,5-1-3,10200,22,5-1,3810,7,1-3-5,460,3,1-5,800,4
20250628,鳴門,10,準優勝戦,晴,北西,2,2,2,1,4477,篠 崎 仁 志,70,36,6.77,1,0.04,1.50.4,5-1-3,10200,22,5-1,3810,7,1-3-5,460,3,1-5,800,4
20250628,鳴門,10,準優勝戦,晴,北西,2,2,3,3,3557,太 田 和 美,73,57,6.84,3,0.04,1.51.5,5-1-3,10200,22,5-1,3810,7,1-3-5,460,3,1-5,800,4
20250628,鳴門,10,準優勝戦,晴,北西,2,2,4,2,4092,岡 部 大 輔,20,10,6.83,2,0.03,1.52.6,5-1-3,10200,22,5-1,3810,7,1-3-5,460,3,1-5,800,4
20250628,鳴門,10,準優勝戦,晴,北西,2,2,5,4,3992,関 口 智 久,39,18,6.88,4,0.06,,5-1-3,10200,22,5-1,3810,7,1-3-5,460,3,1-5,800,4
20250628,鳴門,10,準優勝戦,晴,北西,2,2,6,6,4359,横 川 聖 志,82,23,6.84,6,0.08,,5-1-3,10200,22,5-1,3810,7,1-3-5,460,3,1-5,800,4
20250628,鳴門,11,準優勝戦,晴,北西,2,2,1,1,4572,渡 部 悟,76,26,6.77,1,0.09,1.48.7,1-3-5,1430,4,1-3,360,1,1-3-5,530,2,1-3,350,1
20250628,鳴門,11,準優勝戦,晴,北西,2,2,2,3,4208,三 浦 永 理,71,58,6.85,3,0.11,1.49.5,1-3-5,1430,4,1-3,360,1,1-3-5,530,2,1-3,350,1
20250628,鳴門,11,準優勝戦,晴,北西,2,2,3,5,4989,石 原 翼,35,39,6.77,5,0.09,1.51.5,1-3-5,1430,4,1-3,360,1,1-3-5,530,2,1-3,350,1
20250628,鳴門,11,準優勝戦,晴,北西,2,2,4,6,4758,富 樫 麗 加,60,22,6.85,6,0.16,1.51.8,1-3-5,1430,4,1-3,360,1,1-3-5,530,2,1-3,350,1
20250628,鳴門,11,準優勝戦,晴,北西,2,2,5,2,4523,中 村 辰 也,81,71,6.82,2,0.11,,1-3-5,1430,4,1-3,360,1,1-3-5,530,2,1-3,350,1
20250628,鳴門,11,準優勝戦,晴,北西,2,2,6,4,4732,堀 本 和 也,84,70,6.98,4,0.08,,1-3-5,1430,4,1-3,360,1,1-3-5,530,2,1-3,350,1
20250628,尼崎,12,準優勝戦,晴,南西,1,1,1,1,4028,田 村 隆 信,38,72,6.87,1,0.11,1.49.1,1-2-3,730,3,1-2,370,2,1-2-3,320,1,1-2,330,2
20250628,尼崎,12,準優勝戦,晴,南西,1,1,2,2,4117,廣 中 智紗衣,53,68,6.82,2,0.16,1.49.7,1-2-3,730,3,1-2,370,2,1-2-3,320,1,1-2,330,2
20250628,尼崎,12,準優勝戦,晴,南西,1,1,3,3,4460,後 藤 翔 之,83,37,6.87,3,0.12,1.52.0,1-2-3,730,3,1-2,370,2,1-2-3,320,1,1-2,330,2
20250628,尼崎,12,準優勝戦,晴,南西,1,1,4,5,4709,岡 村 将 也,56,20,6.87,5,0.19,1.53.6,1-2-3,730,3,1-2,370,2,1-2-3,320,1,1-2,330,2
20250628,尼崎,12,準優勝戦,晴,南西,1,1,4,6,3477,近 藤 稔 也,59,84,6.86,6,0.05,1.53.6,1-2-3,730,3,1-2,370,2,1-2-3,320,1,1-2,330,2
20250628,尼崎,12,準優勝戦,晴,南西,1,1,6,4,5002,上 田 健 太,14,60,6.84,4,0.09,,1-2-3,730,3,1-2,370,2,1-2-3,320,1,1-2,330,2
20250628,尼崎,1,朝からセンプ,晴,西,1,0,1,3,4772,石 丸 海 渡,21,34,6.95,3,0.11,1.49.3,3-1-4,1580,4,3-1,510,2,1-3-4,400,2,1-3,300,1
20250628,尼崎,1,朝からセンプ,晴,西,1,0,2,1,5032,谷 口 知 優,2,33,6.90,1,0.17,1.50.5,3-1-4,1580,4,3-1,510,2,1-3-4,400,2,1-3,300,1
20250628,尼崎,1,朝からセンプ,晴,西,1,0,3,4,5000,岡 本 翔太郎,46,44,6.86,4,0.13,1.52.6,3-1-4,1580,4,3-1,510,2,1-3-4,400,2,1-3,300,1
20250628,尼崎,1,朝からセンプ,晴,西,1,0,4,5,3663,木 山 和 幸,17,60,6.94,5,0.19,1.53.8,3-1-4,1580,4,3-1,510,2,1-3-4,400,2,1-3,300,1
20250628,尼崎,1,朝からセンプ,晴,西,1,0,5,2,3773,津 留 浩一郎,5,65,6.92,2,0.16,1.54.7,3-1-4,1580,4,3-1,510,2,1-3-4,400,2,1-3,300,1
20250628,尼崎,1,朝からセンプ,晴,西,1,0,6,6,4158,木 場 雄二郎,53,57,6.95,6,0.20,1.55.5,3-1-4,1580,4,3-1,510,2,1-3-4,400,2,1-3,300,1
20250628,尼崎,2,予選,晴,南,3,0,1,1,3907,村 越 篤,25,35,6.81,1,0.21,1.50.6,1-2-4,800,4,1-2,240,1,1-2-4,440,3,1-2,230,1
20250628,尼崎,2,予選,晴,南,3,0,2,2,4529,嶋 義 信,13,74,6.86,2,0.26,1.51.4,1-2-4,800,4,1-2,240,1,1-2-4,440,3,1-2,230,1
20250628,尼崎,2,予選,晴,南,3,0,3,4,4431,石 塚 裕 介,54,63,6.89,4,0.17,1.53.1,1-2-4,800,4,1-2,240,1,1-2-4,440,3,1-2,230,1
20250628,尼崎,2,予選,晴,南,3,0,4,3,3527,中 嶋 誠一郎,18,50,6.88,3,0.20,1.53.4,1-2-4,800,4,1-2,240,1,1-2-4,440,3,1-2,230,1
20250628,尼崎,2,予選,晴,南,3,0,5,6,5374,木 山 大 聖,48,23,6.87,6,0.14,1.54.4,1-2-4,800,4,1-2,240,1,1-2-4,440,3,1-2,230,1
20250628,尼崎,2,予選,晴,南,3,0,6,5,3313,本 吉 正 樹,51,73,6.88,5,0.12,1.56.6,1-2-4,800,4,1-2,240,1,1-2-4,440,3,1-2,230,1
20250628,尼崎,3,予選,晴,南西,4,0,1,1,3715,倉 尾 大 介,14,58,6.85,1,0.17,1.50.5,1-5-3,6000,22,1-5,2840,10,1-3-5,480,2,1-5,1590,8
20250628,尼崎,3,予選,晴,南西,4,0,2,5,3951,石 川 吉 鎬,61,27,6.91,5,0.22,1.52.0,1-5-3,6000,22,1-5,2840,10,1-3-5,480,2,1-5,1590,8
20250628,尼崎,3,予選,晴,南西,4,0,3,3,4604,岩 瀬 裕 亮,35,53,6.77,3,0.18,1.52.9,1-5-3,6000,22,1-5,2840,10,1-3-5,480,2,1-5,1590,8
20250628,尼崎,3,予選,晴,南西,4,0,4,4,5036,福 田 翔 吾,22,46,6.80,4,0.21,1.54.0,1-5-3,6000,22,1-5,2840,10,1-3-5,480,2,1-5,1590,8
20250628,尼崎,3,予選,晴,南西,4,0,5,6,3853,岩 崎 正 哉,11,71,6.85,6,0.24,1.54.8,1-5-3,6000,22,1-5,2840,10,1-3-5,480,2,1-5,1590,8
20250628,尼崎,3,予選,晴,南西,4,0,6,2,3442,宮 武 英 司,27,31,6.85,2,0.19,1.56.1,1-5-3,6000,22,1-5,2840,10,1-3-5,480,2,1-5,1590,8
20250628,尼崎,4,予選,晴,南西,2,0,1,1,4511,中 岡 健 人,60,52,6.83,1,0.23,1.52.5,1-2-3,1630,6,1-2,550,3,1-2-3,360,2,1-2,230,1
20250628,尼崎,4,予選,晴,南西,2,0,2,2,3721,守 田 俊 介,6,68,6.87,2,0.22,1.54.8,1-2-3,1630,6,1-2,550,3,1-2-3,360,2,1-2,230,1
20250628,尼崎,4,予選,晴,南西,2,0,3,3,3075,中 村 裕 将,42,13,6.89,3,0.18,1.56.6,1-2-3,1630,6,1-2,550,3,1-2-3,360,2,1-2,230,1
20250628,尼崎,4,予選,晴,南西,2,0,4,4,3535,渡 修 平,1,19,6.79,4,0.15,2.00.5,1-2-3,1630,6,1-2,550,3,1-2-3,360,2,1-2,230,1
20250628,尼崎,4,予選,晴,南西,2,0,5,5,4040,廣 瀬 将 亨,50,42,6.80,5,0.13,2.02.3,1-2-3,1630,6,1-2,550,3,1-2-3,360,2,1-2,230,1
20250628,尼崎,5,予選,晴,西,4,0,1,1,4488,小 山 勉,16,39,6.80,1,0.18,1.50.0,1-3-2,1610,5,1-3,960,4,1-2-3,410,2,1-3,910,3
20250628,尼崎,5,予選,晴,西,4,0,2,3,3712,淺 香 文 武,23,43,6.90,3,0.12,1.51.0,1-3-2,1610,5,1-3,960,4,1-2-3,410,2,1-3,910,3
20250628,尼崎,5,予選,晴,西,4,0,3,2,4776,竹 田 和 哉,15,14,6.81,2,0.16,1.51.3,1-3-2,1610,5,1-3,960,4,1-2-3,410,2,1-3,910,3
20250628,尼崎,5,予選,晴,西,4,0,4,6,4857,加 藤 翔 馬,59,49,6.78,5,0.13,1.53.0,1-3-2,1610,5,1-3,960,4,1-2-3,410,2,1-3,910,3
20250628,尼崎,5,予選,晴,西,4,0,5,5,5000,岡 本 翔太郎,46,44,6.78,4,0.19,1.55.2,1-3-2,1610,5,1-3,960,4,1-2-3,410,2,1-3,910,3
20250628,尼崎,5,予選,晴,西,4,0,6,4,5353,草 川 壮 良,10,54,6.88,6,0.17,1.55.9,1-3-2,1610,5,1-3,960,4,1-2-3,410,2,1-3,910,3
20250628,尼崎,6,昼どきピンク,晴,南西,4,0,1,4,4051,清 水 敦 揮,36,67,6.84,4,0.08,1.49.9,4-6-5,12890,37,4-6,5440,14,4-5-6,3070,11,4-6,2960,9
20250628,尼崎,6,昼どきピンク,晴,南西,4,0,2,6,3527,中 嶋 誠一郎,18,50,6.88,6,0.07,1.51.8,4-6-5,12890,37,4-6,5440,14,4-5-6,3070,11,4-6,2960,9
20250628,尼崎,6,昼どきピンク,晴,南西,4,0,3,5,5032,谷 口 知 優,2,33,6.83,5,0.05,1.52.6,4-6-5,12890,37,4-6,5440,14,4-5-6,3070,11,4-6,2960,9
20250628,尼崎,6,昼どきピンク,晴,南西,4,0,4,1,4118,宇佐見 淳,20,26,6.86,1,0.14,1.54.3,4-6-5,12890,37,4-6,5440,14,4-5-6,3070,11,4-6,2960,9
20250628,尼崎,6,昼どきピンク,晴,南西,4,0,5,2,3901,松 田 憲 幸,31,41,6.82,2,0.28,1.55.9,4-6-5,12890,37,4-6,5440,14,4-5-6,3070,11,4-6,2960,9
20250628,尼崎,6,昼どきピンク,晴,南西,4,0,6,3,5023,久 永 祥 平,55,61,6.87,3,0.16,1.57.9,4-6-5,12890,37,4-6,5440,14,4-5-6,3070,11,4-6,2960,9
20250628,尼崎,7,予選,晴,南,3,0,1,4,4543,重 木 輝 彦,9,22,6.80,4,0.14,1.49.7,4-6-1,1250,2,4-6,480,2,1-4-6,340,1,4-6,470,2
20250628,尼崎,7,予選,晴,南,3,0,2,6,5220,青 木 蓮,4,38,6.76,6,0.12,1.50.6,4-6-1,1250,2,4-6,480,2,1-4-6,340,1,4-6,470,2
20250628,尼崎,7,予選,晴,南,3,0,3,1,5036,福 田 翔 吾,22,46,6.83,1,0.14,1.53.8,4-6-1,1250,2,4-6,480,2,1-4-6,340,1,4-6,470,2
20250628,尼崎,7,予選,晴,南,3,0,4,2,3663,木 山 和 幸,17,60,6.84,2,0.15,1.54.3,4-6-1,1250,2,4-6,480,2,1-4-6,340,1,4-6,470,2
20250628,尼崎,7,予選,晴,南,3,0,5,5,4020,川 上 清 人,34,51,6.87,5,0.23,1.55.5,4-6-1,1250,2,4-6,480,2,1-4-6,340,1,4-6,470,2
20250628,尼崎,7,予選,晴,南,3,0,6,3,3906,飯 山 晃 三,57,12,6.87,3,0.18,1.56.4,4-6-1,1250,2,4-6,480,2,1-4-6,340,1,4-6,470,2
20250628,尼崎,8,予選,晴,南西,5,3,1,1,4553,坪 口 竜 也,28,55,6.82,1,0.15,1.51.5,1-2-4,1600,6,1-2,390,1,1-2-4,980,6,1-2,380,2
20250628,尼崎,8,予選,晴,南西,5,3,2,2,3535,渡 修 平,1,19,6.81,2,0.19,1.52.7,1-2-4,1600,6,1-2,390,1,1-2-4,980,6,1-2,380,2
20250628,尼崎,8,予選,晴,南西,5,3,3,4,3715,倉 尾 大 介,14,58,6.88,4,0.16,1.53.4,1-2-4,1600,6,1-2,390,1,1-2-4,980,6,1-2,380,2
20250628,尼崎,8,予選,晴,南西,5,3,4,3,3313,本 吉 正 樹,51,73,6.86,3,0.17,1.54.3,1-2-4,1600,6,1-2,390,1,1-2-4,980,6,1-2,380,2
20250628,尼崎,8,予選,晴,南西,5,3,5,5,4772,石 丸 海 渡,21,34,6.85,5,0.14,1.55.8,1-2-4,1600,6,1-2,390,1,1-2-4,980,6,1-2,380,2
20250628,尼崎,8,予選,晴,南西,5,3,6,6,3606,川 北 浩 貴,12,69,6.82,6,0.17,1.57.3,1-2-4,1600,6,1-2,390,1,1-2-4,980,6,1-2,380,2
20250628,尼崎,9,予選特賞,晴,南西,4,0,1,1,4040,廣 瀬 将 亨,50,42,6.79,1,0.11,1.49.5,1-3-2,1600,7,1-3,420,3,1-2-3,750,4,1-3,460,3
20250628,尼崎,9,予選特賞,晴,南西,4,0,2,3,4425,大 井 清 貴,32,62,6.88,3,0.12,1.52.2,1-3-2,1600,7,1-3,420,3,1-2-3,750,4,1-3,460,3
20250628,尼崎,9,予選特賞,晴,南西,4,0,3,2,3951,石 川 吉 鎬,61,27,6.93,2,0.14,1.53.4,1-3-2,1600,7,1-3,420,3,1-2-3,750,4,1-3,460,3
20250628,尼崎,9,予選特賞,晴,南西,4,0,4,5,4488,小 山 勉,16,39,6.84,5,0.25,1.54.9,1-3-2,1600,7,1-3,420,3,1-2-3,750,4,1-3,460,3
20250628,尼崎,9,予選特賞,晴,南西,4,0,5,6,3773,津 留 浩一郎,5,65,6.86,6,0.18,1.55.9,1-3-2,1600,7,1-3,420,3,1-2-3,750,4,1-3,460,3
20250628,尼崎,9,予選特賞,晴,南西,4,0,6,4,5374,木 山 大 聖,48,23,6.87,4,0.18,1.57.7,1-3-2,1600,7,1-3,420,3,1-2-3,750,4,1-3,460,3
20250628,尼崎,10,予選特賞,晴,南西,2,0,1,1,4776,竹 田 和 哉,15,14,6.86,1,0.16,1.50.4,1-2-6,1400,5,1-2,860,4,1-2-6,480,2,1-2,860,4
20250628,尼崎,10,予選特賞,晴,南西,2,0,2,2,4158,木 場 雄二郎,53,57,6.90,2,0.15,1.51.5,1-2-6,1400,5,1-2,860,4,1-2-6,480,2,1-2,860,4
20250628,尼崎,10,予選特賞,晴,南西,2,0,3,6,4604,岩 瀬 裕 亮,35,53,6.75,6,0.16,1.52.8,1-2-6,1400,5,1-2,860,4,1-2-6,480,2,1-2,860,4
20250628,尼崎,10,予選特賞,晴,南西,2,0,4,5,3901,松 田 憲 幸,31,41,6.90,5,0.23,1.54.7,1-2-6,1400,5,1-2,860,4,1-2-6,480,2,1-2,860,4
20250628,尼崎,10,予選特賞,晴,南西,2,0,5,3,4431,石 塚 裕 介,54,63,6.83,3,0.16,1.55.3,1-2-6,1400,5,1-2,860,4,1-2-6,480,2,1-2,860,4
20250628,尼崎,10,予選特賞,晴,南西,2,0,6,4,4511,中 岡 健 人,60,52,6.87,4,0.17,1.57.1,1-2-6,1400,5,1-2,860,4,1-2-6,480,2,1-2,860,4
20250628,尼崎,11,予選特選,晴,南西,4,0,1,1,3721,守 田 俊 介,6,68,6.96,1,0.14,1.49.2,1-4-2,2500,8,1-4,890,3,1-2-4,690,4,1-4,460,3
20250628,尼崎,11,予選特選,晴,南西,4,0,2,4,3442,宮 武 英 司,27,31,6.84,4,0.19,1.52.4,1-4-2,2500,8,1-4,890,3,1-2-4,690,4,1-4,460,3
20250628,尼崎,11,予選特選,晴,南西,4,0,3,2,3907,村 越 篤,25,35,6.79,2,0.22,1.53.7,1-4-2,2500,8,1-4,890,3,1-2-4,690,4,1-4,460,3
20250628,尼崎,11,予選特選,晴,南西,4,0,4,3,3613,角 谷 健 吾,19,75,6.86,3,0.30,1.54.5,1-4-2,2500,8,1-4,890,3,1-2-4,690,4,1-4,460,3
20250628,尼崎,11,予選特選,晴,南西,4,0,5,6,5023,久 永 祥 平,55,61,6.90,6,0.15,1.55.8,1-4-2,2500,8,1-4,890,3,1-2-4,690,4,1-4,460,3
20250628,尼崎,11,予選特選,晴,南西,4,0,6,5,3712,淺 香 文 武,23,43,6.91,5,0.17,1.58.5,1-4-2,2500,8,1-4,890,3,1-2-4,690,4,1-4,460,3
20250628,住之江,12,予選特選,晴,南西,5,3,1,1,4543,重 木 輝 彦,9,22,6.76,1,0.16,1.49.5,1-2-3,550,1,1-2,320,2,1-2-3,300,1,1-2,210,1
20250628,住之江,12,予選特選,晴,南西,5,3,2,2,3853,岩 崎 正 哉,11,71,6.88,2,0.16,1.51.9,1-2-3,550,1,1-2,320,2,1-2-3,300,1,1-2,210,1
20250628,住之江,12,予選特選,晴,南西,5,3,3,3,3606,川 北 浩 貴,12,69,6.89,3,0.16,1.53.4,1-2-3,550,1,1-2,320,2,1-2-3,300,1,1-2,210,1
20250628,住之江,12,予選特選,晴,南西,5,3,4,4,4118,宇佐見 淳,20,26,6.88,4,0.12,1.54.8,1-2-3,550,1,1-2,320,2,1-2-3,300,1,1-2,210,1
20250628,住之江,12,予選特選,晴,南西,5,3,5,6,4529,嶋 義 信,13,74,6.93,6,0.21,1.55.6,1-2-3,550,1,1-2,320,2,1-2-3,300,1,1-2,210,1
20250628,住之江,12,予選特選,晴,南西,5,3,6,5,3075,中 村 裕 将,42,13,6.92,5,0.15,1.57.5,1-2-3,550,1,1-2,320,2,1-2-3,300,1,1-2,210,1
20250628,住之江,1,予選,晴,無風,0,1,1,3,5281,井 上 遥 妃,17,87,6.84,3,0.20,1.50.3,3-4-5,9430,42,3-4,1600,7,3-4-5,4200,16,3-4,1150,6
20250628,住之江,1,予選,晴,無風,0,1,2,4,5335,森 陽 多,11,85,6.83,4,0.17,1.52.3,3-4-5,9430,42,3-4,1600,7,3-4-5,4200,16,3-4,1150,6
20250628,住之江,1,予選,晴,無風,0,1,3,5,5295,田 上 凜,70,76,6.88,5,0.22,1.54.3,3-4-5,9430,42,3-4,1600,7,3-4-5,4200,16,3-4,1150,6
20250628,住之江,1,予選,晴,無風,0,1,4,6,5213,湯 淺 紀 香,26,73,6.87,6,0.23,1.55.9,3-4-5,9430,42,3-4,1600,7,3-4-5,4200,16,3-4,1150,6
20250628,住之江,1,予選,晴,無風,0,1,5,2,5140,吉 田 彩 乃,62,50,6.84,2,0.29,1.56.0,3-4-5,9430,42,3-4,1600,7,3-4-5,4200,16,3-4,1150,6
20250628,住之江,1,予選,晴,無風,0,1,6,1,5164,森 田 梨 湖,61,38,6.83,1,0.20,1.58.8,3-4-5,9430,42,3-4,1600,7,3-4-5,4200,16,3-4,1150,6
20250628,住之江,2,予選,晴,南東,2,1,1,1,5230,石 原 凪 紗,66,72,6.81,1,0.03,1.50.4,1-4-6,760,3,1-4,380,1,1-4-6,290,2,1-4,220,1
20250628,住之江,2,予選,晴,南東,2,1,2,4,4853,前 原 哉,38,52,6.85,4,0.10,1.51.9,1-4-6,760,3,1-4,380,1,1-4-6,290,2,1-4,220,1
20250628,住之江,2,予選,晴,南東,2,1,3,6,5189,藤 原 早 菜,20,54,6.91,5,0.12,1.53.1,1-4-6,760,3,1-4,380,1,1-4-6,290,2,1-4,220,1
20250628,住之江,2,予選,晴,南東,2,1,4,2,3289,高 橋 淳 美,76,67,6.98,2,0.00,1.54.7,1-4-6,760,3,1-4,380,1,1-4-6,290,2,1-4,220,1
20250628,住之江,2,予選,晴,南東,2,1,5,5,5357,田 中 瀬里奈,82,64,6.98,6,0.26,1.57.0,1-4-6,760,3,1-4,380,1,1-4-6,290,2,1-4,220,1
20250628,住之江,3,予選,晴,南,3,1,1,3,5079,大 石 真 央,54,60,6.92,3,0.10,1.51.4,3-6-4,20470,45,3-6,5460,14,3-4-6,3710,10,3-6,4790,11
20250628,住之江,3,予選,晴,南,3,1,2,6,5069,山 崎 小葉音,30,15,6.87,5,0.12,1.53.1,3-6-4,20470,45,3-6,5460,14,3-4-6,3710,10,3-6,4790,11
20250628,住之江,3,予選,晴,南,3,1,3,4,4781,西 舘 果 里,63,31,6.88,4,0.05,1.54.8,3-6-4,20470,45,3-6,5460,14,3-4-6,3710,10,3-6,4790,11
20250628,住之江,3,予選,晴,南,3,1,4,2,4373,若 狭 奈美子,69,24,6.88,2,0.23,1.55.7,3-6-4,20470,45,3-6,5460,14,3-4-6,3710,10,3-6,4790,11
20250628,住之江,3,予選,晴,南,3,1,5,1,4984,森 下 愛 梨,75,77,6.90,1,0.33,1.56.7,3-6-4,20470,45,3-6,5460,14,3-4-6,3710,10,3-6,4790,11
20250628,住之江,3,予選,晴,南,3,1,6,5,5387,戸 田 海咲音,50,16,6.88,6,0.16,1.58.0,3-6-4,20470,45,3-6,5460,14,3-4-6,3710,10,3-6,4790,11
20250628,住之江,4,予選,晴,南東,1,1,1,3,5188,武 井 莉里佳,88,32,6.85,3,0.09,1.51.5,3-2-1,3690,16,3-2,1900,7,1-2-3,250,1,2-3,970,3
20250628,住之江,4,予選,晴,南東,1,1,2,2,4891,寺 島 美 里,36,83,6.89,2,0.08,1.52.5,3-2-1,3690,16,3-2,1900,7,1-2-3,250,1,2-3,970,3
20250628,住之江,4,予選,晴,南東,1,1,3,1,4443,津 田 裕 絵,21,62,6.91,1,0.17,1.54.0,3-2-1,3690,16,3-2,1900,7,1-2-3,250,1,2-3,970,3
20250628,住之江,4,予選,晴,南東,1,1,4,5,5165,小 林 愛 実,15,68,6.92,5,0.11,1.54.8,3-2-1,3690,16,3-2,1900,7,1-2-3,250,1,2-3,970,3
20250628,住之江,4,予選,晴,南東,1,1,5,6,3175,渡 辺 千 草,18,27,6.95,6,0.12,1.55.4,3-2-1,3690,16,3-2,1900,7,1-2-3,250,1,2-3,970,3
20250628,住之江,4,予選,晴,南東,1,1,6,4,5272,松 田 真 実,35,94,6.90,4,0.14,1.58.0,3-2-1,3690,16,3-2,1900,7,1-2-3,250,1,2-3,970,3
20250628,住之江,5,住之江ファイ,晴,南東,2,1,1,6,4478,櫻 本 あゆみ,13,58,6.90,5,0.04,1.51.0,6-4-1,11390,31,6-4,4780,16,1-4-6,570,4,4-6,1800,7
20250628,住之江,5,住之江ファイ,晴,南東,2,1,2,4,4744,伊 藤 玲 奈,52,23,6.96,4,0.10,1.52.0,6-4-1,11390,31,6-4,4780,16,1-4-6,570,4,4-6,1800,7
20250628,住之江,5,住之江ファイ,晴,南東,2,1,3,1,5057,上 田 紗 奈,12,19,6.86,1,0.04,1.53.9,6-4-1,11390,31,6-4,4780,16,1-4-6,570,4,4-6,1800,7
20250628,住之江,5,住之江ファイ,晴,南東,2,1,4,2,5213,湯 淺 紀 香,26,73,6.82,2,0.11,1.55.3,6-4-1,11390,31,6-4,4780,16,1-4-6,570,4,4-6,1800,7
20250628,住之江,5,住之江ファイ,晴,南東,2,1,5,3,4730,土 屋 実沙希,68,26,6.94,3,0.06,1.56.4,6-4-1,11390,31,6-4,4780,16,1-4-6,570,4,4-6,1800,7
20250628,住之江,5,住之江ファイ,晴,南東,2,1,6,5,5389,恵 良 琴 美,71,71,6.86,6,0.05,1.59.3,6-4-1,11390,31,6-4,4780,16,1-4-6,570,4,4-6,1800,7
20250628,住之江,6,予選特別Ｂ戦,晴,無風,0,1,1,2,5174,川 井 萌,60,90,6.86,2,0.12,1.51.1,2-4-3,2620,12,2-4,760,3,2-3-4,760,4,2-4,690,3
20250628,住之江,6,予選特別Ｂ戦,晴,無風,0,1,2,4,5019,柴 田 百 恵,81,37,6.89,4,0.30,1.52.4,2-4-3,2620,12,2-4,760,3,2-3-4,760,4,2-4,690,3
20250628,住之江,6,予選特別Ｂ戦,晴,無風,0,1,3,3,4909,薮 内 瑞 希,74,61,6.89,3,0.11,1.54.1,2-4-3,2620,12,2-4,760,3,2-3-4,760,4,2-4,690,3
20250628,住之江,6,予選特別Ｂ戦,晴,無風,0,1,4,5,5297,南 彩 寧,32,35,6.89,5,0.27,1.55.7,2-4-3,2620,12,2-4,760,3,2-3-4,760,4,2-4,690,3
20250628,住之江,6,予選特別Ｂ戦,晴,無風,0,1,5,6,5281,井 上 遥 妃,17,87,6.88,6,0.25,1.56.1,2-4-3,2620,12,2-4,760,3,2-3-4,760,4,2-4,690,3
20250628,住之江,6,予選特別Ｂ戦,晴,無風,0,1,6,1,4784,向井田 真 紀,89,36,6.91,1,0.27,1.58.6,2-4-3,2620,12,2-4,760,3,2-3-4,760,4,2-4,690,3
20250628,住之江,7,予選,晴,南,2,1,1,2,4927,関 野 文,83,84,6.90,2,0.14,1.51.5,2-1-4,1020,2,2-1,600,2,1-2-4,190,1,1-2,250,1
20250628,住之江,7,予選,晴,南,2,1,2,1,5079,大 石 真 央,54,60,6.87,1,0.19,1.52.2,2-1-4,1020,2,2-1,600,2,1-2-4,190,1,1-2,250,1
20250628,住之江,7,予選,晴,南,2,1,3,4,4746,大豆生田 蒼,57,74,6.90,4,0.15,1.54.4,2-1-4,1020,2,2-1,600,2,1-2-4,190,1,1-2,250,1
20250628,住之江,7,予選,晴,南,2,1,4,5,5291,三 嶌 こころ,37,21,6.90,6,0.13,1.55.9,2-1-4,1020,2,2-1,600,2,1-2-4,190,1,1-2,250,1
20250628,住之江,7,予選,晴,南,2,1,5,6,4317,木 村 紗友希,34,93,6.91,5,0.13,1.56.7,2-1-4,1020,2,2-1,600,2,1-2-4,190,1,1-2,250,1
20250628,住之江,7,予選,晴,南,2,1,6,3,5335,森 陽 多,11,85,6.91,3,0.20,1.59.9,2-1-4,1020,2,2-1,600,2,1-2-4,190,1,1-2,250,1
20250628,住之江,8,トワイライト,晴,南東,2,1,1,1,4289,落 合 直 子,86,39,6.84,1,0.14,1.50.6,1-4-2,600,2,1-4,310,2,1-2-4,200,1,1-4,270,2
20250628,住之江,8,トワイライト,晴,南東,2,1,2,4,4589,塩 崎 桐 加,65,86,6.88,4,0.15,1.53.4,1-4-2,600,2,1-4,310,2,1-2-4,200,1,1-4,270,2
20250628,住之江,8,トワイライト,晴,南東,2,1,3,2,5188,武 井 莉里佳,88,32,6.88,2,0.18,1.54.9,1-4-2,600,2,1-4,310,2,1-2-4,200,1,1-4,270,2
20250628,住之江,8,トワイライト,晴,南東,2,1,4,5,5367,赤 松 咲 香,85,22,6.99,5,0.20,1.57.6,1-4-2,600,2,1-4,310,2,1-2-4,200,1,1-4,270,2
20250628,住之江,8,トワイライト,晴,南東,2,1,5,3,5151,山 下 奈 緒,29,69,6.88,3,0.19,1.58.3,1-4-2,600,2,1-4,310,2,1-2-4,200,1,1-4,270,2
20250628,住之江,8,トワイライト,晴,南東,2,1,6,6,5295,田 上 凜,70,76,6.94,6,0.26,1.59.7,1-4-2,600,2,1-4,310,2,1-2-4,200,1,1-4,270,2
20250628,住之江,9,予選,晴,南東,1,1,1,1,4372,原 田 佑 実,55,95,6.93,1,0.24,1.51.4,1-2-3,810,1,1-2,390,1,1-2-3,210,1,1-2,250,1
20250628,住之江,9,予選,晴,南東,1,1,2,2,4556,竹 井 奈 美,58,81,6.95,2,0.17,1.52.1,1-2-3,810,1,1-2,390,1,1-2-3,210,1,1-2,250,1
20250628,住之江,9,予選,晴,南東,1,1,3,3,4791,黒 澤 めぐみ,14,34,6.90,3,0.22,1.52.6,1-2-3,810,1,1-2,390,1,1-2-3,210,1,1-2,250,1
20250628,住之江,9,予選,晴,南東,1,1,4,4,4984,森 下 愛 梨,75,77,6.92,4,0.35,1.55.0,1-2-3,810,1,1-2,390,1,1-2-3,210,1,1-2,250,1
20250628,住之江,9,予選,晴,南東,1,1,5,5,4853,前 原 哉,38,52,6.92,5,0.19,1.56.1,1-2-3,810,1,1-2,390,1,1-2-3,210,1,1-2,250,1
20250628,住之江,9,予選,晴,南東,1,1,6,6,5389,恵 良 琴 美,71,71,6.91,6,0.18,1.58.4,1-2-3,810,1,1-2,390,1,1-2-3,210,1,1-2,250,1
20250628,住之江,10,予選特別Ｂ戦,晴,無風,0,1,1,1,5088,高 憧 四 季,25,91,6.80,1,0.05,1.50.0,1-2-3,590,2,1-2,240,1,1-2-3,300,1,1-2,260,2
20250628,住之江,10,予選特別Ｂ戦,晴,無風,0,1,2,2,4744,伊 藤 玲 奈,52,23,6.94,2,0.13,1.52.8,1-2-3,590,2,1-2,240,1,1-2-3,300,1,1-2,260,2
20250628,住之江,10,予選特別Ｂ戦,晴,無風,0,1,3,3,4373,若 狭 奈美子,69,24,6.91,3,0.12,1.53.9,1-2-3,590,2,1-2,240,1,1-2-3,300,1,1-2,260,2
20250628,住之江,10,予選特別Ｂ戦,晴,無風,0,1,4,4,5189,藤 原 早 菜,20,54,6.92,4,0.15,1.54.3,1-2-3,590,2,1-2,240,1,1-2-3,300,1,1-2,260,2
20250628,住之江,10,予選特別Ｂ戦,晴,無風,0,1,5,6,4443,津 田 裕 絵,21,62,6.94,6,0.16,1.55.7,1-2-3,590,2,1-2,240,1,1-2-3,300,1,1-2,260,2
20250628,住之江,10,予選特別Ｂ戦,晴,無風,0,1,6,5,3509,池 千 夏,79,78,6.99,5,0.11,1.56.9,1-2-3,590,2,1-2,240,1,1-2-3,300,1,1-2,260,2
20250628,住之江,11,予選特別Ａ戦,晴,北,2,1,1,1,4927,関 野 文,83,84,6.93,1,0.13,1.50.6,1-5-2,1890,5,1-5,700,3,1-2-5,380,2,1-5,600,3
20250628,住之江,11,予選特別Ａ戦,晴,北,2,1,2,5,4501,樋 口 由加里,31,56,6.97,5,0.08,1.51.3,1-5-2,1890,5,1-5,700,3,1-2-5,380,2,1-5,600,3
20250628,住之江,11,予選特別Ａ戦,晴,北,2,1,3,2,4746,大豆生田 蒼,57,74,6.91,2,0.20,1.53.0,1-5-2,1890,5,1-5,700,3,1-2-5,380,2,1-5,600,3
20250628,住之江,11,予選特別Ａ戦,晴,北,2,1,4,6,4730,土 屋 実沙希,68,26,6.99,6,0.15,1.53.3,1-5-2,1890,5,1-5,700,3,1-2-5,380,2,1-5,600,3
20250628,住之江,11,予選特別Ａ戦,晴,北,2,1,5,3,5297,南 彩 寧,32,35,6.93,3,0.17,1.55.9,1-5-2,1890,5,1-5,700,3,1-2-5,380,2,1-5,600,3
20250628,住之江,11,予選特別Ａ戦,晴,北,2,1,6,4,4891,寺 島 美 里,36,83,6.95,4,0.09,1.56.0,1-5-2,1890,5,1-5,700,3,1-2-5,380,2,1-5,600,3
20250628,三国,12,一般特別戦,晴,北,2,1,1,1,5174,川 井 萌,60,90,6.91,1,0.18,1.50.6,1-4-5,1650,7,1-4,660,4,1-4-5,660,3,1-4,510,3
20250628,三国,12,一般特別戦,晴,北,2,1,2,4,5165,小 林 愛 実,15,68,6.98,4,0.08,1.51.4,1-4-5,1650,7,1-4,660,4,1-4-5,660,3,1-4,510,3
20250628,三国,12,一般特別戦,晴,北,2,1,3,5,4289,落 合 直 子,86,39,6.93,5,0.05,1.53.7,1-4-5,1650,7,1-4,660,4,1-4-5,660,3,1-4,510,3
20250628,三国,12,一般特別戦,晴,北,2,1,4,2,5151,山 下 奈 緒,29,69,6.92,2,0.24,1.54.4,1-4-5,1650,7,1-4,660,4,1-4-5,660,3,1-4,510,3
20250628,三国,12,一般特別戦,晴,北,2,1,5,6,5057,上 田 紗 奈,12,19,6.89,6,0.13,1.56.3,1-4-5,1650,7,1-4,660,4,1-4-5,660,3,1-4,510,3
20250628,三国,12,一般特別戦,晴,北,2,1,6,3,5230,石 原 凪 紗,66,72,6.87,3,0.36,1.57.3,1-4-5,1650,7,1-4,660,4,1-4-5,660,3,1-4,510,3
20250628,三国,1,一般,晴,北西,3,3,1,2,3334,角 ひとみ,31,49,6.74,2,0.19,1.51.0,2-1-4,6270,18,2-1,1230,4,1-2-4,580,3,1-2,160,1
20250628,三国,1,一般,晴,北西,3,3,2,1,4183,宇 野 弥 生,30,37,6.80,1,0.10,1.52.3,2-1-4,6270,18,2-1,1230,4,1-2-4,580,3,1-2,160,1
20250628,三国,1,一般,晴,北西,3,3,3,4,3604,武 藤 綾 子,55,66,6.81,4,0.21,1.54.3,2-1-4,6270,18,2-1,1230,4,1-2-4,580,3,1-2,160,1
20250628,三国,1,一般,晴,北西,3,3,4,5,4548,篠 木 亜衣花,62,60,6.90,5,0.21,1.56.2,2-1-4,6270,18,2-1,1230,4,1-2-4,580,3,1-2,160,1
20250628,三国,1,一般,晴,北西,3,3,5,6,5156,坂 野 さくら,68,25,6.88,6,0.16,,2-1-4,6270,18,2-1,1230,4,1-2-4,580,3,1-2,160,1
20250628,三国,1,一般,晴,北西,3,3,6,3,3470,新 田 芳 美,19,35,6.83,3,0.23,,2-1-4,6270,18,2-1,1230,4,1-2-4,580,3,1-2,160,1
20250628,三国,2,一般,晴,北西,2,2,1,3,4043,桐 本 康 臣,63,12,6.89,3,0.12,1.50.9,3-6-1,78840,89,3-6,18000,26,1-3-6,5530,13,3-6,7280,13
20250628,三国,2,一般,晴,北西,2,2,2,6,5044,渡 邉 健,24,23,6.88,6,0.15,1.52.0,3-6-1,78840,89,3-6,18000,26,1-3-6,5530,13,3-6,7280,13
20250628,三国,2,一般,晴,北西,2,2,3,1,5226,藤 田 俊 祐,36,29,6.83,1,0.13,1.52.9,3-6-1,78840,89,3-6,18000,26,1-3-6,5530,13,3-6,7280,13
20250628,三国,2,一般,晴,北西,2,2,4,4,4679,植 田 太 一,44,55,6.73,4,0.13,1.53.5,3-6-1,78840,89,3-6,18000,26,1-3-6,5530,13,3-6,7280,13
20250628,三国,2,一般,晴,北西,2,2,5,5,4930,佐 藤 悠,49,45,6.75,5,0.09,,3-6-1,78840,89,3-6,18000,26,1-3-6,5530,13,3-6,7280,13
20250628,三国,2,一般,晴,北西,2,2,6,2,5085,中 村 栄 治,13,56,6.89,2,0.12,,3-6-1,78840,89,3-6,18000,26,1-3-6,5530,13,3-6,7280,13
20250628,三国,3,一般,晴,北西,3,3,1,2,3302,谷 川 里 江,14,72,6.85,2,0.15,1.50.7,2-6-4,2770,9,2-6,780,3,2-4-6,650,3,2-6,420,1
20250628,三国,3,一般,晴,北西,3,3,2,6,4961,西 橋 奈 未,54,54,6.81,6,0.16,1.52.0,2-6-4,2770,9,2-6,780,3,2-4-6,650,3,2-6,420,1
20250628,三国,3,一般,晴,北西,3,3,3,4,5192,中 尾 優 香,33,48,6.98,4,0.15,1.53.6,2-6-4,2770,9,2-6,780,3,2-4-6,650,3,2-6,420,1
20250628,三国,3,一般,晴,北西,3,3,4,1,4965,福 岡 泉 水,47,63,6.88,1,0.18,1.54.9,2-6-4,2770,9,2-6,780,3,2-4-6,650,3,2-6,420,1
20250628,三国,3,一般,晴,北西,3,3,5,3,4534,坂 咲友理,16,64,6.85,3,0.19,,2-6-4,2770,9,2-6,780,3,2-4-6,650,3,2-6,420,1
20250628,三国,3,一般,晴,北西,3,3,6,5,4300,加 藤 綾,67,68,6.93,5,0.19,,2-6-4,2770,9,2-6,780,3,2-4-6,650,3,2-6,420,1
20250628,三国,4,一般,晴,北西,3,3,1,3,3839,川 合 理 司,26,67,6.90,3,0.09,1.51.0,3-5-6,5070,18,3-5,2400,10,3-5-6,1210,6,3-5,750,3
20250628,三国,4,一般,晴,北西,3,3,2,5,4002,古 結 宏,12,41,6.89,4,0.12,1.52.5,3-5-6,5070,18,3-5,2400,10,3-5-6,1210,6,3-5,750,3
20250628,三国,4,一般,晴,北西,3,3,3,6,4824,松 井 洪 弥,59,26,6.91,5,0.08,1.53.8,3-5-6,5070,18,3-5,2400,10,3-5-6,1210,6,3-5,750,3
20250628,三国,4,一般,晴,北西,3,3,4,1,3381,滝 沢 芳 行,27,15,6.79,1,0.13,1.54.6,3-5-6,5070,18,3-5,2400,10,3-5-6,1210,6,3-5,750,3
20250628,三国,4,一般,晴,北西,3,3,5,4,4131,原 豊 土,52,14,6.80,6,0.14,,3-5-6,5070,18,3-5,2400,10,3-5-6,1210,6,3-5,750,3
20250628,三国,4,一般,晴,北西,3,3,6,2,4664,東 口 晃,29,57,6.85,2,0.15,,3-5-6,5070,18,3-5,2400,10,3-5-6,1210,6,3-5,750,3
20250628,三国,5,一般,晴,北西,3,3,1,4,3801,五反田 忍,58,13,6.96,4,0.12,1.50.3,4-5-2,21140,48,4-5,1580,7,2-4-5,4990,14,4-5,1010,6
20250628,三国,5,一般,晴,北西,3,3,2,5,4825,倉 持 莉 々,38,42,6.91,5,0.06,1.51.3,4-5-2,21140,48,4-5,1580,7,2-4-5,4990,14,4-5,1010,6
20250628,三国,5,一般,晴,北西,3,3,3,2,5334,樫 葉 新 心,17,44,6.87,2,0.16,1.53.9,4-5-2,21140,48,4-5,1580,7,2-4-5,4990,14,4-5,1010,6
20250628,三国,5,一般,晴,北西,3,3,4,3,3355,橋谷田 佳 織,43,46,6.88,3,0.22,1.54.1,4-5-2,21140,48,4-5,1580,7,2-4-5,4990,14,4-5,1010,6
20250628,三国,5,一般,晴,北西,3,3,5,6,4775,千 葉 真 弥,65,62,6.94,6,0.12,,4-5-2,21140,48,4-5,1580,7,2-4-5,4990,14,4-5,1010,6
20250628,三国,5,一般,晴,北西,3,3,6,1,4611,今 井 美 亜,25,59,6.85,1,0.22,,4-5-2,21140,48,4-5,1580,7,2-4-5,4990,14,4-5,1010,6
20250628,三国,6,一般,晴,北西,2,2,1,1,4962,畑 竜 生,39,65,6.90,1,0.10,1.51.2,1-3-6,860,1,1-3,440,1,1-3-6,360,1,1-3,310,1
20250628,三国,6,一般,晴,北西,2,2,2,3,3796,長 野 道 臣,15,17,6.91,3,0.11,1.52.1,1-3-6,860,1,1-3,440,1,1-3-6,360,1,1-3,310,1
20250628,三国,6,一般,晴,北西,2,2,3,6,3556,田 中 信一郎,56,27,6.92,6,0.14,1.53.9,1-3-6,860,1,1-3,440,1,1-3-6,360,1,1-3,310,1
20250628,三国,6,一般,晴,北西,2,2,4,5,5332,村 松 遥 輝,51,61,6.86,5,0.11,1.54.9,1-3-6,860,1,1-3,440,1,1-3-6,360,1,1-3,310,1
20250628,三国,6,一般,晴,北西,2,2,5,4,4281,大 澤 大 夢,60,30,6.92,4,0.14,,1-3-6,860,1,1-3,440,1,1-3-6,360,1,1-3,310,1
20250628,三国,6,一般,晴,北西,2,2,6,2,3870,寺 嶋 雄,28,52,7.03,2,0.12,,1-3-6,860,1,1-3,440,1,1-3-6,360,1,1-3,310,1
20250628,三国,7,一般,晴,北西,5,5,1,1,3548,室 田 泰 史,64,58,6.94,1,0.11,1.50.7,1-4-2,1120,4,1-4,290,1,1-2-4,460,3,1-4,190,1
20250628,三国,7,一般,晴,北西,5,5,2,4,4960,黒 野 元 基,37,71,6.83,4,0.19,1.51.9,1-4-2,1120,4,1-4,290,1,1-2-4,460,3,1-4,190,1
20250628,三国,7,一般,晴,北西,5,5,3,2,3867,松 浦 勝,45,11,6.89,2,0.18,1.53.7,1-4-2,1120,4,1-4,290,1,1-2-4,460,3,1-4,190,1
20250628,三国,7,一般,晴,北西,5,5,4,5,3828,明 石 正 之,40,47,6.92,5,0.21,1.54.6,1-4-2,1120,4,1-4,290,1,1-2-4,460,3,1-4,190,1
20250628,三国,7,一般,晴,北西,5,5,5,3,5085,中 村 栄 治,13,56,6.95,3,0.19,,1-4-2,1120,4,1-4,290,1,1-2-4,460,3,1-4,190,1
20250628,三国,7,一般,晴,北西,5,5,6,6,3564,桑 原 啓,48,32,6.88,6,0.34,,1-4-2,1120,4,1-4,290,1,1-2-4,460,3,1-4,190,1
20250628,三国,8,一般,晴,北西,3,3,1,5,4963,實 森 美 祐,46,28,6.86,4,0.07,1.50.1,5-3-6,8360,36,5-3,920,5,3-5-6,3310,9,3-5,430,3
20250628,三国,8,一般,晴,北西,3,3,2,3,3474,松 瀬 弘 美,50,16,6.88,3,0.08,1.52.5,5-3-6,8360,36,5-3,920,5,3-5-6,3310,9,3-5,430,3
20250628,三国,8,一般,晴,北西,3,3,3,6,5340,樋江井 舞,66,34,6.86,5,0.14,1.53.6,5-3-6,8360,36,5-3,920,5,3-5-6,3310,9,3-5,430,3
20250628,三国,8,一般,晴,北西,3,3,4,1,5156,坂 野 さくら,68,25,6.94,1,0.13,1.55.5,5-3-6,8360,36,5-3,920,5,3-5-6,3310,9,3-5,430,3
20250628,三国,8,一般,晴,北西,3,3,5,4,4244,鈴 木 成 美,41,38,6.86,6,0.15,,5-3-6,8360,36,5-3,920,5,3-5-6,3310,9,3-5,430,3
20250628,三国,8,一般,晴,北西,3,3,6,2,3207,田 村 美 和,21,36,6.91,2,0.17,,5-3-6,8360,36,5-3,920,5,3-5-6,3310,9,3-5,430,3
20250628,三国,9,準優勝戦,晴,北西,2,2,1,1,4824,松 井 洪 弥,59,26,6.85,1,0.06,1.50.0,1-2-3,500,1,1-2,240,1,1-2-3,250,1,1-2,170,1
20250628,三国,9,準優勝戦,晴,北西,2,2,2,2,4930,佐 藤 悠,49,45,6.79,2,0.09,1.51.3,1-2-3,500,1,1-2,240,1,1-2-3,250,1,1-2,170,1
20250628,三国,9,準優勝戦,晴,北西,2,2,3,3,4679,植 田 太 一,44,55,6.81,3,0.10,1.52.8,1-2-3,500,1,1-2,240,1,1-2-3,250,1,1-2,170,1
20250628,三国,9,準優勝戦,晴,北西,2,2,4,4,3839,川 合 理 司,26,67,6.96,4,0.11,1.53.5,1-2-3,500,1,1-2,240,1,1-2-3,250,1,1-2,170,1
20250628,三国,9,準優勝戦,晴,北西,2,2,5,5,3381,滝 沢 芳 行,27,15,6.83,5,0.13,,1-2-3,500,1,1-2,240,1,1-2-3,250,1,1-2,170,1
20250628,三国,9,準優勝戦,晴,北西,2,2,6,6,5226,藤 田 俊 祐,36,29,6.91,6,0.19,,1-2-3,500,1,1-2,240,1,1-2-3,250,1,1-2,170,1
20250628,三国,10,準優勝戦,曇り,北西,5,5,1,1,4775,千 葉 真 弥,65,62,6.81,1,0.12,1.50.4,1-2-3,670,1,1-2,260,1,1-2-3,340,1,1-2,150,1
20250628,三国,10,準優勝戦,曇り,北西,5,5,2,2,4825,倉 持 莉 々,38,42,6.80,2,0.12,1.52.3,1-2-3,670,1,1-2,260,1,1-2-3,340,1,1-2,150,1
20250628,三国,10,準優勝戦,曇り,北西,5,5,3,3,5192,中 尾 優 香,33,48,6.85,3,0.17,1.52.8,1-2-3,670,1,1-2,260,1,1-2-3,340,1,1-2,150,1
20250628,三国,10,準優勝戦,曇り,北西,5,5,4,5,3302,谷 川 里 江,14,72,6.91,5,0.27,1.55.1,1-2-3,670,1,1-2,260,1,1-2-3,340,1,1-2,150,1
20250628,三国,10,準優勝戦,曇り,北西,5,5,5,4,3470,新 田 芳 美,19,35,6.87,4,0.33,,1-2-3,670,1,1-2,260,1,1-2-3,340,1,1-2,150,1
20250628,三国,10,準優勝戦,曇り,北西,5,5,6,6,4183,宇 野 弥 生,30,37,6.84,6,0.26,,1-2-3,670,1,1-2,260,1,1-2-3,340,1,1-2,150,1
20250628,三国,11,準優勝戦,晴,北西,2,2,1,1,3556,田 中 信一郎,56,27,6.85,1,0.06,1.49.4,1-2-3,530,1,1-2,220,1,1-2-3,270,1,1-2,220,1
20250628,三国,11,準優勝戦,晴,北西,2,2,2,2,4002,古 結 宏,12,41,6.84,2,0.07,1.50.4,1-2-3,530,1,1-2,220,1,1-2-3,270,1,1-2,220,1
20250628,三国,11,準優勝戦,晴,北西,2,2,3,3,4960,黒 野 元 基,37,71,6.86,3,0.05,1.52.0,1-2-3,530,1,1-2,220,1,1-2-3,270,1,1-2,220,1
20250628,三国,11,準優勝戦,晴,北西,2,2,4,5,3548,室 田 泰 史,64,58,6.84,5,0.07,1.54.7,1-2-3,530,1,1-2,220,1,1-2-3,270,1,1-2,220,1
20250628,三国,11,準優勝戦,晴,北西,2,2,5,4,4043,桐 本 康 臣,63,12,6.90,4,0.06,,1-2-3,530,1,1-2,220,1,1-2-3,270,1,1-2,220,1
20250628,三国,11,準優勝戦,晴,北西,2,2,6,6,4962,畑 竜 生,39,65,6.81,6,0.07,,1-2-3,530,1,1-2,220,1,1-2-3,270,1,1-2,220,1
20250628,津,12,準優勝戦,晴,北西,3,3,1,1,4961,西 橋 奈 未,54,54,6.75,1,0.06,1.49.4,1-3-4,1990,7,1-3,430,2,1-3-4,1290,5,1-3,630,2
20250628,津,12,準優勝戦,晴,北西,3,3,2,3,3801,五反田 忍,58,13,6.86,3,0.12,1.52.0,1-3-4,1990,7,1-3,430,2,1-3-4,1290,5,1-3,630,2
20250628,津,12,準優勝戦,晴,北西,3,3,3,4,3474,松 瀬 弘 美,50,16,6.80,4,0.11,1.52.5,1-3-4,1990,7,1-3,430,2,1-3-4,1290,5,1-3,630,2
20250628,津,12,準優勝戦,晴,北西,3,3,4,6,4965,福 岡 泉 水,47,63,6.79,6,0.09,1.54.4,1-3-4,1990,7,1-3,430,2,1-3-4,1290,5,1-3,630,2
20250628,津,12,準優勝戦,晴,北西,3,3,5,5,3334,角 ひとみ,31,49,6.77,5,0.11,,1-3-4,1990,7,1-3,430,2,1-3-4,1290,5,1-3,630,2
20250628,津,12,準優勝戦,晴,北西,3,3,6,2,4963,實 森 美 祐,46,28,6.83,2,0.11,,1-3-4,1990,7,1-3,430,2,1-3-4,1290,5,1-3,630,2
20250628,津,1,ツッキーレー,晴,北西,1,1,1,1,4682,大 上 卓 人,12,71,6.69,1,0.23,1.49.8,1-3-4,340,1,1-3,130,1,1-3-4,240,1,1-3,160,1
20250628,津,1,ツッキーレー,晴,北西,1,1,2,3,4899,占 部 一 真,54,14,6.83,3,0.16,1.52.9,1-3-4,340,1,1-3,130,1,1-3-4,240,1,1-3,160,1
20250628,津,1,ツッキーレー,晴,北西,1,1,3,4,4527,高 野 心 吾,71,15,6.86,4,0.11,1.54.1,1-3-4,340,1,1-3,130,1,1-3-4,240,1,1-3,160,1
20250628,津,1,ツッキーレー,晴,北西,1,1,4,6,4010,越 智 照 浩,27,18,6.81,6,0.09,1.54.1,1-3-4,340,1,1-3,130,1,1-3-4,240,1,1-3,160,1
20250628,津,1,ツッキーレー,晴,北西,1,1,5,2,5007,近 藤 雄一郎,14,19,6.85,2,0.16,,1-3-4,340,1,1-3,130,1,1-3-4,240,1,1-3,160,1
20250628,津,1,ツッキーレー,晴,北西,1,1,6,5,5378,鈴 木 結平太,57,52,6.79,5,0.06,,1-3-4,340,1,1-3,130,1,1-3-4,240,1,1-3,160,1
20250628,津,2,予選,晴,東,2,1,1,3,4890,石 川 諒,58,58,6.80,3,0.20,1.51.7,3-1-6,3230,13,3-1,510,2,1-3-6,1050,5,1-3,220,1
20250628,津,2,予選,晴,東,2,1,2,1,3340,池 田 雷 太,59,66,6.80,1,0.19,1.53.5,3-1-6,3230,13,3-1,510,2,1-3-6,1050,5,1-3,220,1
20250628,津,2,予選,晴,東,2,1,3,6,4145,小 澤 学,40,51,6.77,5,0.24,1.55.1,3-1-6,3230,13,3-1,510,2,1-3-6,1050,5,1-3,220,1
20250628,津,2,予選,晴,東,2,1,4,2,3855,大 熊 辰 弥,31,55,6.76,2,0.25,1.56.7,3-1-6,3230,13,3-1,510,2,1-3-6,1050,5,1-3,220,1
20250628,津,2,予選,晴,東,2,1,5,5,3105,内 山 文 典,53,60,6.88,4,0.22,,3-1-6,3230,13,3-1,510,2,1-3-6,1050,5,1-3,220,1
20250628,津,2,予選,晴,東,2,1,6,4,5366,塩 嶋 泰 空,34,68,6.80,6,0.22,,3-1-6,3230,13,3-1,510,2,1-3-6,1050,5,1-3,220,1
20250628,津,3,予選,晴,東,2,1,1,1,4417,服 部 剛,55,44,6.85,1,0.22,1.51.3,1-4-6,8960,37,1-4,2210,10,1-4-6,3330,15,1-4,2520,10
20250628,津,3,予選,晴,東,2,1,2,4,3848,川 上 聡 介,11,36,6.90,4,0.07,1.53.3,1-4-6,8960,37,1-4,2210,10,1-4-6,3330,15,1-4,2520,10
20250628,津,3,予選,晴,東,2,1,3,6,4437,中 田 元 泰,25,25,6.91,6,0.10,1.54.7,1-4-6,8960,37,1-4,2210,10,1-4-6,3330,15,1-4,2520,10
20250628,津,3,予選,晴,東,2,1,4,3,3327,野長瀬 正 孝,56,70,6.83,3,0.16,1.56.7,1-4-6,8960,37,1-4,2210,10,1-4-6,3330,15,1-4,2520,10
20250628,津,3,予選,晴,東,2,1,5,2,4116,川 田 正 人,20,61,6.87,2,0.19,,1-4-6,8960,37,1-4,2210,10,1-4-6,3330,15,1-4,2520,10
20250628,津,3,予選,晴,東,2,1,6,5,5066,鈴 木 孝 明,38,23,6.87,5,0.09,,1-4-6,8960,37,1-4,2210,10,1-4-6,3330,15,1-4,2520,10
20250628,津,4,予選,晴,東,3,2,1,3,5043,中 村 日 向,21,50,6.76,3,0.05,1.50.4,3-5-6,22110,58,3-5,2150,9,3-5-6,6050,16,3-5,3370,8
20250628,津,4,予選,晴,東,3,2,2,5,5063,大 塚 雅 治,45,32,6.87,5,0.14,1.51.8,3-5-6,22110,58,3-5,2150,9,3-5-6,6050,16,3-5,3370,8
20250628,津,4,予選,晴,東,3,2,3,6,4177,萬 正 嗣,22,30,6.86,6,0.18,1.53.5,3-5-6,22110,58,3-5,2150,9,3-5-6,6050,16,3-5,3370,8
20250628,津,4,予選,晴,東,3,2,4,2,3915,繁野谷 圭 介,39,37,6.79,2,0.06,1.53.6,3-5-6,22110,58,3-5,2150,9,3-5-6,6050,16,3-5,3370,8
20250628,津,4,予選,晴,東,3,2,5,1,4574,東 潤 樹,48,76,6.83,1,0.11,,3-5-6,22110,58,3-5,2150,9,3-5-6,6050,16,3-5,3370,8
20250628,津,4,予選,晴,東,3,2,6,4,4156,浜 野 孝 志,66,67,6.88,4,0.16,,3-5-6,22110,58,3-5,2150,9,3-5-6,6050,16,3-5,3370,8
20250628,津,5,５ールドレー,晴,東,3,2,1,1,4579,中 嶋 健一郎,18,57,6.89,1,0.21,1.51.4,1-2-6,1400,9,1-2,610,3,1-2-6,790,6,1-2,340,3
20250628,津,5,５ールドレー,晴,東,3,2,2,2,4010,越 智 照 浩,27,18,6.95,2,0.20,1.53.1,1-2-6,1400,9,1-2,610,3,1-2-6,790,6,1-2,340,3
20250628,津,5,５ールドレー,晴,東,3,2,3,6,4693,松 下 誉 士,15,31,6.84,6,0.11,1.54.4,1-2-6,1400,9,1-2,610,3,1-2-6,790,6,1-2,340,3
20250628,津,5,５ールドレー,晴,東,3,2,4,3,3921,川 村 正 輝,44,75,6.95,3,0.17,1.56.0,1-2-6,1400,9,1-2,610,3,1-2-6,790,6,1-2,340,3
20250628,津,5,５ールドレー,晴,東,3,2,5,5,5354,渡 邊 雄 斗,67,53,6.88,5,0.15,,1-2-6,1400,9,1-2,610,3,1-2-6,790,6,1-2,340,3
20250628,津,5,５ールドレー,晴,東,3,2,6,4,3361,岡 部 浩,65,21,6.93,4,0.14,,1-2-6,1400,9,1-2,610,3,1-2-6,790,6,1-2,340,3
20250628,津,6,予選,晴,東,3,2,1,3,3350,藤 本 佳 史,23,20,6.93,3,0.16,1.51.4,3-2-1,8430,27,3-2,2320,10,1-2-3,400,1,2-3,780,3
20250628,津,6,予選,晴,東,3,2,2,2,3745,橋 本 年 光,33,22,6.88,2,0.13,1.52.6,3-2-1,8430,27,3-2,2320,10,1-2-3,400,1,2-3,780,3
20250628,津,6,予選,晴,東,3,2,3,1,4890,石 川 諒,58,58,6.91,1,0.09,1.54.1,3-2-1,8430,27,3-2,2320,10,1-2-3,400,1,2-3,780,3
20250628,津,6,予選,晴,東,3,2,4,5,5249,三 木 晴 斗,17,16,6.86,6,0.12,1.55.4,3-2-1,8430,27,3-2,2320,10,1-2-3,400,1,2-3,780,3
20250628,津,6,予選,晴,東,3,2,5,4,4416,三 宅 健 太,49,27,6.93,4,0.13,,3-2-1,8430,27,3-2,2320,10,1-2-3,400,1,2-3,780,3
20250628,津,6,予選,晴,東,3,2,6,6,4175,川 尻 泰 輔,61,28,6.92,5,0.14,,3-2-1,8430,27,3-2,2320,10,1-2-3,400,1,2-3,780,3
20250628,津,7,予選,晴,東,3,2,1,1,5066,鈴 木 孝 明,38,23,6.83,1,0.08,1.50.4,1-4-5,2750,8,1-4,1160,5,1-4-5,510,2,1-4,850,4
20250628,津,7,予選,晴,東,3,2,2,4,3842,星 野 太 郎,70,24,6.93,4,0.09,1.51.8,1-4-5,2750,8,1-4,1160,5,1-4-5,510,2,1-4,850,4
20250628,津,7,予選,晴,東,3,2,3,5,4907,小 池 修 平,64,33,6.78,5,0.07,1.53.4,1-4-5,2750,8,1-4,1160,5,1-4-5,510,2,1-4,850,4
20250628,津,7,予選,晴,東,3,2,4,6,4438,森 作 雄 大,32,48,6.87,6,0.04,1.54.1,1-4-5,2750,8,1-4,1160,5,1-4-5,510,2,1-4,850,4
20250628,津,7,予選,晴,東,3,2,5,3,3105,内 山 文 典,53,60,6.98,3,0.17,,1-4-5,2750,8,1-4,1160,5,1-4-5,510,2,1-4,850,4
20250628,津,7,予選,晴,東,3,2,6,2,4899,占 部 一 真,54,14,6.91,2,0.29,,1-4-5,2750,8,1-4,1160,5,1-4-5,510,2,1-4,850,4
20250628,津,8,予選,晴,東,3,2,1,4,4910,中 村 泰 平,74,26,6.89,4,0.23,1.50.0,4-2-1,3270,15,4-2,1510,10,1-2-4,500,3,2-4,560,3
20250628,津,8,予選,晴,東,3,2,2,2,4121,富 永 修 一,63,35,6.88,2,0.13,1.51.9,4-2-1,3270,15,4-2,1510,10,1-2-4,500,3,2-4,560,3
20250628,津,8,予選,晴,東,3,2,3,1,5063,大 塚 雅 治,45,32,6.95,1,0.19,1.53.6,4-2-1,3270,15,4-2,1510,10,1-2-4,500,3,2-4,560,3
20250628,津,8,予選,晴,東,3,2,4,3,4437,中 田 元 泰,25,25,6.97,3,0.12,1.53.8,4-2-1,3270,15,4-2,1510,10,1-2-4,500,3,2-4,560,3
20250628,津,8,予選,晴,東,3,2,5,5,3855,大 熊 辰 弥,31,55,6.94,5,0.27,,4-2-1,3270,15,4-2,1510,10,1-2-4,500,3,2-4,560,3
20250628,津,8,予選,晴,東,3,2,6,6,5378,鈴 木 結平太,57,52,6.94,6,0.24,,4-2-1,3270,15,4-2,1510,10,1-2-4,500,3,2-4,560,3
20250628,津,9,予選特賞,晴,東,3,2,1,2,5043,中 村 日 向,21,50,6.82,2,0.08,1.51.2,2-1-4,830,1,2-1,490,2,1-2-4,260,1,1-2,350,2
20250628,津,9,予選特賞,晴,東,3,2,2,1,3848,川 上 聡 介,11,36,6.97,1,0.04,1.53.1,2-1-4,830,1,2-1,490,2,1-2-4,260,1,1-2,350,2
20250628,津,9,予選特賞,晴,東,3,2,3,4,4650,中 山 雄 太,13,41,6.86,4,0.11,1.54.2,2-1-4,830,1,2-1,490,2,1-2-4,260,1,1-2,350,2
20250628,津,9,予選特賞,晴,東,3,2,4,3,4376,藤 田 靖 弘,60,17,6.90,3,0.10,1.54.5,2-1-4,830,1,2-1,490,2,1-2-4,260,1,1-2,350,2
20250628,津,9,予選特賞,晴,東,3,2,5,5,5007,近 藤 雄一郎,14,19,7.05,5,0.17,,2-1-4,830,1,2-1,490,2,1-2-4,260,1,1-2,350,2
20250628,津,9,予選特賞,晴,東,3,2,6,6,5354,渡 邊 雄 斗,67,53,6.82,6,0.16,,2-1-4,830,1,2-1,490,2,1-2-4,260,1,1-2,350,2
20250628,津,10,予選特賞,晴,東,3,2,1,3,4579,中 嶋 健一郎,18,57,6.89,3,0.22,1.51.1,3-1-6,1320,5,3-1,510,2,1-3-6,380,2,1-3,160,1
20250628,津,10,予選特賞,晴,東,3,2,2,1,3740,大 澤 普 司,50,45,6.98,1,0.16,1.51.7,3-1-6,1320,5,3-1,510,2,1-3-6,380,2,1-3,160,1
20250628,津,10,予選特賞,晴,東,3,2,3,6,3915,繁野谷 圭 介,39,37,6.82,6,0.27,1.53.1,3-1-6,1320,5,3-1,510,2,1-3-6,380,2,1-3,160,1
20250628,津,10,予選特賞,晴,東,3,2,4,2,4735,角 山 雄 哉,41,74,6.86,2,0.19,1.54.4,3-1-6,1320,5,3-1,510,2,1-3-6,380,2,1-3,160,1
20250628,津,10,予選特賞,晴,東,3,2,5,5,3350,藤 本 佳 史,23,20,6.90,5,0.23,,3-1-6,1320,5,3-1,510,2,1-3-6,380,2,1-3,160,1
20250628,津,10,予選特賞,晴,東,3,2,6,4,4145,小 澤 学,40,51,6.84,4,0.29,,3-1-6,1320,5,3-1,510,2,1-3-6,380,2,1-3,160,1
20250628,津,11,予選特選,晴,東,3,2,1,1,4230,濱 崎 直 矢,36,46,6.83,1,0.24,1.50.6,1-4-3,1030,3,1-4,300,2,1-3-4,540,3,1-4,230,1
20250628,津,11,予選特選,晴,東,3,2,2,4,4682,大 上 卓 人,12,71,6.86,4,0.13,1.52.1,1-4-3,1030,3,1-4,300,2,1-3-4,540,3,1-4,230,1
20250628,津,11,予選特選,晴,東,3,2,3,3,4416,三 宅 健 太,49,27,6.85,3,0.15,1.52.9,1-4-3,1030,3,1-4,300,2,1-3-4,540,3,1-4,230,1
20250628,津,11,予選特選,晴,東,3,2,4,5,3327,野長瀬 正 孝,56,70,6.86,5,0.07,1.55.5,1-4-3,1030,3,1-4,300,2,1-3-4,540,3,1-4,230,1
20250628,津,11,予選特選,晴,東,3,2,5,2,4438,森 作 雄 大,32,48,6.83,2,0.17,,1-4-3,1030,3,1-4,300,2,1-3-4,540,3,1-4,230,1
20250628,津,11,予選特選,晴,東,3,2,6,6,4156,浜 野 孝 志,66,67,6.89,6,0.06,,1-4-3,1030,3,1-4,300,2,1-3-4,540,3,1-4,230,1
20250628,常滑,12,ツッキー選抜,晴,東,2,1,1,1,4907,小 池 修 平,64,33,6.78,1,0.15,1.50.7,1-3-4,530,1,1-3,190,1,1-3-4,310,2,1-3,160,1
20250628,常滑,12,ツッキー選抜,晴,東,2,1,2,3,4121,富 永 修 一,63,35,6.85,3,0.19,1.51.4,1-3-4,530,1,1-3,190,1,1-3-4,310,2,1-3,160,1
20250628,常滑,12,ツッキー選抜,晴,東,2,1,3,4,5143,常 盤 海 心,46,72,6.88,4,0.21,1.52.4,1-3-4,530,1,1-3,190,1,1-3-4,310,2,1-3,160,1
20250628,常滑,12,ツッキー選抜,晴,東,2,1,4,5,3745,橋 本 年 光,33,22,6.86,5,0.21,1.54.6,1-3-4,530,1,1-3,190,1,1-3-4,310,2,1-3,160,1
20250628,常滑,12,ツッキー選抜,晴,東,2,1,5,6,3361,岡 部 浩,65,21,6.89,6,0.24,,1-3-4,530,1,1-3,190,1,1-3-4,310,2,1-3,160,1
20250628,常滑,12,ツッキー選抜,晴,東,2,1,6,2,4177,萬 正 嗣,22,30,6.93,2,0.23,,1-3-4,530,1,1-3,190,1,1-3-4,310,2,1-3,160,1
20250628,常滑,1,朝トコ小判Ｒ,晴,西,3,1,1,1,3905,天 野 友 和,38,24,6.77,1,0.25,1.50.5,1-3-2,1270,5,1-3,390,3,1-2-3,530,2,1-3,360,2
20250628,常滑,1,朝トコ小判Ｒ,晴,西,3,1,2,3,5039,倉 田 茂 将,36,13,6.74,3,0.28,1.51.6,1-3-2,1270,5,1-3,390,3,1-2-3,530,2,1-3,360,2
20250628,常滑,1,朝トコ小判Ｒ,晴,西,3,1,3,2,3692,竹 腰 正 樹,37,60,6.76,2,0.24,1.54.3,1-3-2,1270,5,1-3,390,3,1-2-3,530,2,1-3,360,2
20250628,常滑,1,朝トコ小判Ｒ,晴,西,3,1,4,5,4229,市 川 美 宏,15,20,6.78,5,0.37,1.55.5,1-3-2,1270,5,1-3,390,3,1-2-3,530,2,1-3,360,2
20250628,常滑,1,朝トコ小判Ｒ,晴,西,3,1,5,4,5064,品 川 二千翔,21,63,6.78,4,0.44,,1-3-2,1270,5,1-3,390,3,1-2-3,530,2,1-3,360,2
20250628,常滑,1,朝トコ小判Ｒ,晴,西,3,1,6,6,4111,奥 田 誠,11,30,6.76,6,0.32,,1-3-2,1270,5,1-3,390,3,1-2-3,530,2,1-3,360,2
20250628,常滑,2,予選,晴,西,3,1,1,2,4336,松 田 竜 馬,5,53,6.82,2,0.13,1.50.9,2-1-4,2250,6,2-1,1180,4,1-2-4,370,1,1-2,270,1
20250628,常滑,2,予選,晴,西,3,1,2,1,3661,柳 瀬 興 志,13,58,6.81,1,0.13,1.51.7,2-1-4,2250,6,2-1,1180,4,1-2-4,370,1,1-2,270,1
20250628,常滑,2,予選,晴,西,3,1,3,4,4105,松 下 直 也,40,48,6.79,4,0.16,1.53.2,2-1-4,2250,6,2-1,1180,4,1-2-4,370,1,1-2,270,1
20250628,常滑,2,予選,晴,西,3,1,4,5,3158,島 川 光 男,39,16,6.79,5,0.12,1.53.9,2-1-4,2250,6,2-1,1180,4,1-2-4,370,1,1-2,270,1
20250628,常滑,2,予選,晴,西,3,1,5,3,4557,松 尾 光 広,1,52,6.86,3,0.14,,2-1-4,2250,6,2-1,1180,4,1-2-4,370,1,1-2,270,1
20250628,常滑,2,予選,晴,西,3,1,6,6,3889,須 藤 隆 雄,51,46,6.83,6,0.13,,2-1-4,2250,6,2-1,1180,4,1-2-4,370,1,1-2,270,1
20250628,常滑,3,予選,晴,西,3,1,1,1,4180,上 野 秀 和,41,15,6.82,1,0.17,1.50.2,1-3-2,2190,7,1-3,970,5,1-2-3,490,4,1-3,420,2
20250628,常滑,3,予選,晴,西,3,1,2,3,4420,津久井 拓 也,58,28,6.83,3,0.20,1.51.7,1-3-2,2190,7,1-3,970,5,1-2-3,490,4,1-3,420,2
20250628,常滑,3,予選,晴,西,3,1,3,2,4538,笠 置 博 之,45,45,6.82,2,0.19,1.54.2,1-3-2,2190,7,1-3,970,5,1-2-3,490,4,1-3,420,2
20250628,常滑,3,予選,晴,西,3,1,4,4,4031,飯 島 誠,35,26,6.82,4,0.33,1.54.4,1-3-2,2190,7,1-3,970,5,1-2-3,490,4,1-3,420,2
20250628,常滑,3,予選,晴,西,3,1,5,6,4290,稲 田 浩 二,43,18,6.79,5,0.28,,1-3-2,2190,7,1-3,970,5,1-2-3,490,4,1-3,420,2
20250628,常滑,3,予選,晴,西,3,1,6,5,5371,早 川 颯 太,10,14,6.82,6,0.34,,1-3-2,2190,7,1-3,970,5,1-2-3,490,4,1-3,420,2
20250628,常滑,4,予選,晴,西,2,1,1,1,4377,濱 本 優 一,49,17,6.79,1,0.22,1.50.1,1-6-4,9140,22,1-6,2020,5,1-4-6,2130,7,1-6,1230,7
20250628,常滑,4,予選,晴,西,2,1,2,6,5041,荒 牧 凪 沙,42,29,6.73,6,0.24,1.51.9,1-6-4,9140,22,1-6,2020,5,1-4-6,2130,7,1-6,1230,7
20250628,常滑,4,予選,晴,西,2,1,3,4,3838,伊 藤 啓 三,30,62,6.83,4,0.24,1.54.1,1-6-4,9140,22,1-6,2020,5,1-4-6,2130,7,1-6,1230,7
20250628,常滑,4,予選,晴,西,2,1,4,3,4516,野 口 勝 弘,60,61,6.78,3,0.24,1.54.5,1-6-4,9140,22,1-6,2020,5,1-4-6,2130,7,1-6,1230,7
20250628,常滑,4,予選,晴,西,2,1,5,2,4708,半 田 尚 也,46,64,6.80,2,0.32,,1-6-4,9140,22,1-6,2020,5,1-4-6,2130,7,1-6,1230,7
20250628,常滑,4,予選,晴,西,2,1,6,5,4382,高 山 智 至,12,44,6.81,5,0.28,,1-6-4,9140,22,1-6,2020,5,1-4-6,2130,7,1-6,1230,7
20250628,常滑,5,予選,晴,西,2,1,1,6,4114,深 澤 達 徳,47,49,6.80,6,0.25,1.51.1,6-2-4,29150,78,6-2,18240,25,2-4-6,1070,6,2-6,2080,11
20250628,常滑,5,予選,晴,西,2,1,2,2,4120,柘 植 政 浩,52,25,6.81,3,0.20,1.51.8,6-2-4,29150,78,6-2,18240,25,2-4-6,1070,6,2-6,2080,11
20250628,常滑,5,予選,晴,西,2,1,3,4,3024,西 島 義 則,61,51,6.83,2,0.37,1.53.8,6-2-4,29150,78,6-2,18240,25,2-4-6,1070,6,2-6,2080,11
20250628,常滑,5,予選,晴,西,2,1,4,3,5154,村 松 栄 太,9,27,6.84,4,0.24,1.53.9,6-2-4,29150,78,6-2,18240,25,2-4-6,1070,6,2-6,2080,11
20250628,常滑,5,予選,晴,西,2,1,5,5,3787,天 野 誠,7,21,6.82,5,0.22,,6-2-4,29150,78,6-2,18240,25,2-4-6,1070,6,2-6,2080,11
20250628,常滑,5,予選,晴,西,2,1,6,1,4861,田 中 宏 樹,55,55,6.79,1,0.16,,6-2-4,29150,78,6-2,18240,25,2-4-6,1070,6,2-6,2080,11
20250628,常滑,6,昼トコ小判Ｒ,晴,西,2,1,1,1,4140,梶 野 学 志,34,31,6.81,1,0.12,1.50.2,1-4-2,1640,6,1-4,390,3,1-2-4,490,3,1-4,420,2
20250628,常滑,6,昼トコ小判Ｒ,晴,西,2,1,2,4,5039,倉 田 茂 将,36,13,6.78,4,0.15,1.51.9,1-4-2,1640,6,1-4,390,3,1-2-4,490,3,1-4,420,2
20250628,常滑,6,昼トコ小判Ｒ,晴,西,2,1,3,2,4306,畔 柳 俊 吾,62,54,6.77,2,0.20,1.53.4,1-4-2,1640,6,1-4,390,3,1-2-4,490,3,1-4,420,2
20250628,常滑,6,昼トコ小判Ｒ,晴,西,2,1,4,5,3804,中 渡 修 作,26,12,6.79,5,0.18,1.54.1,1-4-2,1640,6,1-4,390,3,1-2-4,490,3,1-4,420,2
20250628,常滑,6,昼トコ小判Ｒ,晴,西,2,1,5,6,4277,金 田 大 輔,59,43,6.77,6,0.09,,1-4-2,1640,6,1-4,390,3,1-2-4,490,3,1-4,420,2
20250628,常滑,6,昼トコ小判Ｒ,晴,西,2,1,6,3,4173,岡 谷 健 吾,54,56,6.68,3,0.20,,1-4-2,1640,6,1-4,390,3,1-2-4,490,3,1-4,420,2
20250628,常滑,7,予選,晴,西,3,1,1,1,4251,川 崎 誠 志,2,22,6.79,1,0.22,1.50.9,1-2-5,700,2,1-2,370,2,1-2-5,260,1,1-2,200,1
20250628,常滑,7,予選,晴,西,3,1,2,2,4391,松 田 祐 季,50,50,6.83,2,0.22,1.52.6,1-2-5,700,2,1-2,370,2,1-2-5,260,1,1-2,200,1
20250628,常滑,7,予選,晴,西,3,1,3,5,4293,鈴 木 智 啓,4,47,6.87,4,0.17,1.53.6,1-2-5,700,2,1-2,370,2,1-2-5,260,1,1-2,200,1
20250628,常滑,7,予選,晴,西,3,1,4,3,4031,飯 島 誠,35,26,6.81,3,0.21,1.53.8,1-2-5,700,2,1-2,370,2,1-2-5,260,1,1-2,200,1
20250628,常滑,7,予選,晴,西,3,1,5,4,5344,谷 口 丞,6,32,6.80,5,0.15,,1-2-5,700,2,1-2,370,2,1-2-5,260,1,1-2,200,1
20250628,常滑,8,予選,晴,南,3,1,1,1,3831,安 藤 裕 貴,8,11,6.78,1,0.20,1.51.9,1-3-6,1260,3,1-3,470,1,1-3-6,370,3,1-3,310,1
20250628,常滑,8,予選,晴,南,3,1,2,3,4105,松 下 直 也,40,48,6.74,3,0.24,1.52.1,1-3-6,1260,3,1-3,470,1,1-3-6,370,3,1-3,310,1
20250628,常滑,8,予選,晴,南,3,1,3,6,4287,今 井 貴 士,32,57,6.79,6,0.28,1.53.0,1-3-6,1260,3,1-3,470,1,1-3-6,370,3,1-3,310,1
20250628,常滑,8,予選,晴,南,3,1,4,5,4708,半 田 尚 也,46,64,6.82,5,0.23,1.53.2,1-3-6,1260,3,1-3,470,1,1-3-6,370,3,1-3,310,1
20250628,常滑,8,予選,晴,南,3,1,5,2,5064,品 川 二千翔,21,63,6.72,2,0.28,,1-3-6,1260,3,1-3,470,1,1-3-6,370,3,1-3,310,1
20250628,常滑,8,予選,晴,南,3,1,6,4,5371,早 川 颯 太,10,14,6.78,4,0.24,,1-3-6,1260,3,1-3,470,1,1-3-6,370,3,1-3,310,1
20250628,常滑,9,予選特賞,晴,南,3,1,1,1,4420,津久井 拓 也,58,28,6.79,1,0.10,1.50.8,1-5-6,5890,21,1-5,1740,5,1-5-6,2110,9,1-5,1450,4
20250628,常滑,9,予選特賞,晴,南,3,1,2,5,3692,竹 腰 正 樹,37,60,6.80,5,0.04,1.52.5,1-5-6,5890,21,1-5,1740,5,1-5-6,2110,9,1-5,1450,4
20250628,常滑,9,予選特賞,晴,南,3,1,3,6,4120,柘 植 政 浩,52,25,6.79,6,0.16,1.53.7,1-5-6,5890,21,1-5,1740,5,1-5-6,2110,9,1-5,1450,4
20250628,常滑,9,予選特賞,晴,南,3,1,4,2,4382,高 山 智 至,12,44,6.82,2,0.12,1.54.4,1-5-6,5890,21,1-5,1740,5,1-5-6,2110,9,1-5,1450,4
20250628,常滑,9,予選特賞,晴,南,3,1,5,3,3502,渡 邉 英 児,27,59,6.78,3,0.12,,1-5-6,5890,21,1-5,1740,5,1-5-6,2110,9,1-5,1450,4
20250628,常滑,9,予選特賞,晴,南,3,1,6,4,4332,村 上 彰 一,19,19,6.76,4,0.22,,1-5-6,5890,21,1-5,1740,5,1-5-6,2110,9,1-5,1450,4
20250628,常滑,10,予選特賞,晴,南,3,1,1,2,4229,市 川 美 宏,15,20,6.76,2,0.21,1.50.8,2-1-3,6680,24,2-1,1880,8,1-2-3,500,1,1-2,440,2
20250628,常滑,10,予選特賞,晴,南,3,1,2,1,4015,前 野 竜 一,31,23,6.80,1,0.17,1.52.3,2-1-3,6680,24,2-1,1880,8,1-2-3,500,1,1-2,440,2
20250628,常滑,10,予選特賞,晴,南,3,1,3,3,5041,荒 牧 凪 沙,42,29,6.78,3,0.19,1.54.1,2-1-3,6680,24,2-1,1880,8,1-2-3,500,1,1-2,440,2
20250628,常滑,10,予選特賞,晴,南,3,1,4,4,5154,村 松 栄 太,9,27,6.80,4,0.35,1.55.4,2-1-3,6680,24,2-1,1880,8,1-2-3,500,1,1-2,440,2
20250628,常滑,10,予選特賞,晴,南,3,1,5,5,4538,笠 置 博 之,45,45,6.80,6,0.30,,2-1-3,6680,24,2-1,1880,8,1-2-3,500,1,1-2,440,2
20250628,常滑,10,予選特賞,晴,南,3,1,6,6,4336,松 田 竜 馬,5,53,6.84,5,0.25,,2-1-3,6680,24,2-1,1880,8,1-2-3,500,1,1-2,440,2
20250628,常滑,11,予選特選,晴,南,3,1,1,3,4251,川 崎 誠 志,2,22,6.76,3,0.19,1.49.9,3-1-4,4940,17,3-1,3030,7,1-3-4,460,2,1-3,590,3
20250628,常滑,11,予選特選,晴,南,3,1,2,1,3158,島 川 光 男,39,16,6.79,1,0.19,1.51.4,3-1-4,4940,17,3-1,3030,7,1-3-4,460,2,1-3,590,3
20250628,常滑,11,予選特選,晴,南,3,1,3,4,3905,天 野 友 和,38,24,6.78,4,0.17,1.53.9,3-1-4,4940,17,3-1,3030,7,1-3-4,460,2,1-3,590,3
20250628,常滑,11,予選特選,晴,南,3,1,4,5,4180,上 野 秀 和,41,15,6.85,5,0.21,1.55.0,3-1-4,4940,17,3-1,3030,7,1-3-4,460,2,1-3,590,3
20250628,常滑,11,予選特選,晴,南,3,1,5,2,4114,深 澤 達 徳,47,49,6.79,2,0.23,,3-1-4,4940,17,3-1,3030,7,1-3-4,460,2,1-3,590,3
20250628,常滑,11,予選特選,晴,南,3,1,6,6,3838,伊 藤 啓 三,30,62,6.92,6,0.20,,3-1-4,4940,17,3-1,3030,7,1-3-4,460,2,1-3,590,3
20250628,浜名湖,12,予選ドリーム,晴,南,3,1,1,1,3024,西 島 義 則,61,51,6.86,1,0.20,1.50.5,1-2-5,2110,5,1-2,530,1,1-2-5,660,3,1-2,320,1
20250628,浜名湖,12,予選ドリーム,晴,南,3,1,2,2,4140,梶 野 学 志,34,31,6.81,2,0.24,1.52.1,1-2-5,2110,5,1-2,530,1,1-2-5,660,3,1-2,320,1
20250628,浜名湖,12,予選ドリーム,晴,南,3,1,3,5,4391,松 田 祐 季,50,50,6.81,5,0.14,1.53.3,1-2-5,2110,5,1-2,530,1,1-2-5,660,3,1-2,320,1
20250628,浜名湖,12,予選ドリーム,晴,南,3,1,4,3,4287,今 井 貴 士,32,57,6.85,3,0.20,1.54.3,1-2-5,2110,5,1-2,530,1,1-2-5,660,3,1-2,320,1
20250628,浜名湖,12,予選ドリーム,晴,南,3,1,5,6,4516,野 口 勝 弘,60,61,6.78,6,0.15,,1-2-5,2110,5,1-2,530,1,1-2-5,660,3,1-2,320,1
20250628,浜名湖,12,予選ドリーム,晴,南,3,1,6,4,4290,稲 田 浩 二,43,18,6.84,4,0.25,,1-2-5,2110,5,1-2,530,1,1-2-5,660,3,1-2,320,1
20250628,浜名湖,1,予選,晴,南,3,2,1,1,4058,野 末 智 一,61,30,6.65,1,0.24,1.51.1,1-2-3,670,1,1-2,340,1,1-2-3,280,1,1-2,280,1
20250628,浜名湖,1,予選,晴,南,3,2,2,2,3614,谷 勝 幸,44,63,6.70,2,0.19,1.52.9,1-2-3,670,1,1-2,340,1,1-2-3,280,1,1-2,280,1
20250628,浜名湖,1,予選,晴,南,3,2,3,3,4550,石 岡 将 太,50,76,6.70,3,0.21,1.53.5,1-2-3,670,1,1-2,340,1,1-2-3,280,1,1-2,280,1
20250628,浜名湖,1,予選,晴,南,3,2,4,6,4169,多 田 有 佑,48,61,6.71,6,0.25,1.55.2,1-2-3,670,1,1-2,340,1,1-2-3,280,1,1-2,280,1
20250628,浜名湖,1,予選,晴,南,3,2,5,4,3434,松 尾 宣 邦,29,32,6.73,4,0.20,,1-2-3,670,1,1-2,340,1,1-2-3,280,1,1-2,280,1
20250628,浜名湖,1,予選,晴,南,3,2,6,5,5179,藤 本 元 輝,49,13,6.69,5,0.14,,1-2-3,670,1,1-2,340,1,1-2-3,280,1,1-2,280,1
20250628,浜名湖,2,予選,晴,南,3,2,1,3,4815,伏 島 祐 介,60,55,6.71,3,0.14,1.50.7,3-2-6,7440,36,3-2,2790,16,2-3-6,1190,8,2-3,1400,6
20250628,浜名湖,2,予選,晴,南,3,2,2,2,3955,眞 田 英 二,11,18,6.74,2,0.12,1.52.5,3-2-6,7440,36,3-2,2790,16,2-3-6,1190,8,2-3,1400,6
20250628,浜名湖,2,予選,晴,南,3,2,3,6,4124,池 田 雄 一,59,11,6.72,5,0.09,1.54.1,3-2-6,7440,36,3-2,2790,16,2-3-6,1190,8,2-3,1400,6
20250628,浜名湖,2,予選,晴,南,3,2,4,1,4727,安 部 慎 一,37,46,6.65,1,0.14,1.55.2,3-2-6,7440,36,3-2,2790,16,2-3-6,1190,8,2-3,1400,6
20250628,浜名湖,2,予選,晴,南,3,2,5,5,5386,米玉利 大 悟,33,74,6.71,6,0.11,,3-2-6,7440,36,3-2,2790,16,2-3-6,1190,8,2-3,1400,6
20250628,浜名湖,2,予選,晴,南,3,2,6,4,3904,森 貴 洋,7,45,6.67,4,0.13,,3-2-6,7440,36,3-2,2790,16,2-3-6,1190,8,2-3,1400,6
20250628,浜名湖,3,予選,晴,南,3,2,1,3,4084,杉 山 正 樹,43,48,6.64,3,0.16,1.51.3,3-4-5,1510,2,3-4,570,1,3-4-5,630,3,3-4,440,2
20250628,浜名湖,3,予選,晴,南,3,2,2,4,3717,立 間 充 宏,3,27,6.70,4,0.21,1.52.5,3-4-5,1510,2,3-4,570,1,3-4-5,630,3,3-4,440,2
20250628,浜名湖,3,予選,晴,南,3,2,3,5,4039,村 上 功 祐,30,35,6.66,5,0.15,1.54.2,3-4-5,1510,2,3-4,570,1,3-4-5,630,3,3-4,440,2
20250628,浜名湖,3,予選,晴,南,3,2,4,6,4521,小 池 公 生,16,33,6.73,6,0.24,1.55.5,3-4-5,1510,2,3-4,570,1,3-4-5,630,3,3-4,440,2
20250628,浜名湖,3,予選,晴,南,3,2,5,2,4318,桑 原 将 光,18,25,6.71,2,0.20,,3-4-5,1510,2,3-4,570,1,3-4-5,630,3,3-4,440,2
20250628,浜名湖,3,予選,晴,南,3,2,6,1,4390,松 本 弓 雄,57,49,6.70,1,0.36,,3-4-5,1510,2,3-4,570,1,3-4-5,630,3,3-4,440,2
20250628,浜名湖,4,ランチタイム,晴,南,4,2,1,1,4102,益 田 啓 司,2,34,6.67,1,0.27,1.50.4,1-5-6,1950,9,1-5,480,2,1-5-6,1240,5,1-5,890,2
20250628,浜名湖,4,ランチタイム,晴,南,4,2,2,5,4988,牟 田 奨 太,55,66,6.77,4,0.24,1.53.4,1-5-6,1950,9,1-5,480,2,1-5-6,1240,5,1-5,890,2
20250628,浜名湖,4,ランチタイム,晴,南,4,2,3,6,4407,鹿 島 敏 弘,65,65,6.76,5,0.26,1.54.2,1-5-6,1950,9,1-5,480,2,1-5-6,1240,5,1-5,890,2
20250628,浜名湖,4,ランチタイム,晴,南,4,2,4,2,3517,高 橋 勲,51,52,6.73,2,0.34,1.55.6,1-5-6,1950,9,1-5,480,2,1-5-6,1240,5,1-5,890,2
20250628,浜名湖,4,ランチタイム,晴,南,4,2,5,3,4097,貫地谷 直 人,9,31,6.76,3,0.33,,1-5-6,1950,9,1-5,480,2,1-5-6,1240,5,1-5,890,2
20250628,浜名湖,4,ランチタイム,晴,南,4,2,6,4,5368,宮 崎 心之介,40,71,6.64,6,0.32,,1-5-6,1950,9,1-5,480,2,1-5-6,1240,5,1-5,890,2
20250628,浜名湖,5,予選,晴,南,3,2,1,1,4919,吉 田 翔 悟,22,47,6.62,1,0.19,1.50.4,1-3-6,2100,6,1-3,930,3,1-3-6,920,4,1-3,440,2
20250628,浜名湖,5,予選,晴,南,3,2,2,3,4513,河 野 真 也,26,40,6.68,3,0.29,1.51.7,1-3-6,2100,6,1-3,930,3,1-3-6,920,4,1-3,440,2
20250628,浜名湖,5,予選,晴,南,3,2,3,6,4759,今 泉 友 吾,58,75,6.65,6,0.22,1.52.6,1-3-6,2100,6,1-3,930,3,1-3-6,920,4,1-3,440,2
20250628,浜名湖,5,予選,晴,南,3,2,4,4,5376,吉 田 一 心,36,62,6.68,4,0.22,1.52.8,1-3-6,2100,6,1-3,930,3,1-3-6,920,4,1-3,440,2
20250628,浜名湖,5,予選,晴,南,3,2,5,2,4052,興 津 藍,35,17,6.66,2,0.18,,1-3-6,2100,6,1-3,930,3,1-3-6,920,4,1-3,440,2
20250628,浜名湖,5,予選,晴,南,3,2,6,5,4888,金 児 隆 太,31,68,6.66,5,0.19,,1-3-6,2100,6,1-3,930,3,1-3-6,920,4,1-3,440,2
20250628,浜名湖,6,予選,晴,南,3,2,1,2,4096,石 橋 道 友,52,37,6.68,2,0.20,1.50.8,2-5-1,2810,8,2-5,480,1,1-2-5,540,3,2-5,380,2
20250628,浜名湖,6,予選,晴,南,3,2,2,5,4025,山 本 隆 幸,54,16,6.69,4,0.18,1.53.0,2-5-1,2810,8,2-5,480,1,1-2-5,540,3,2-5,380,2
20250628,浜名湖,6,予選,晴,南,3,2,3,1,5319,近 藤 颯 斗,15,29,6.75,1,0.17,1.53.9,2-5-1,2810,8,2-5,480,1,1-2-5,540,3,2-5,380,2
20250628,浜名湖,6,予選,晴,南,3,2,4,3,4383,竹 田 吉 行,23,58,6.75,3,0.12,1.54.2,2-5-1,2810,8,2-5,480,1,1-2-5,540,3,2-5,380,2
20250628,浜名湖,6,予選,晴,南,3,2,5,6,5100,栗 原 一 馬,25,44,6.72,5,0.22,,2-5-1,2810,8,2-5,480,1,1-2-5,540,3,2-5,380,2
20250628,浜名湖,6,予選,晴,南,3,2,6,4,4058,野 末 智 一,61,30,6.65,6,0.22,,2-5-1,2810,8,2-5,480,1,1-2-5,540,3,2-5,380,2
20250628,浜名湖,7,予選,晴,南,3,2,1,6,3614,谷 勝 幸,44,63,6.73,6,0.12,1.51.4,6-2-5,50700,90,6-2,14820,26,2-5-6,4220,12,2-6,9960,15
20250628,浜名湖,7,予選,晴,南,3,2,2,2,3685,荒 井 輝 年,32,38,6.67,2,0.28,1.52.3,6-2-5,50700,90,6-2,14820,26,2-5-6,4220,12,2-6,9960,15
20250628,浜名湖,7,予選,晴,南,3,2,3,5,3898,平 田 忠 則,13,59,6.68,5,0.11,1.53.9,6-2-5,50700,90,6-2,14820,26,2-5-6,4220,12,2-6,9960,15
20250628,浜名湖,7,予選,晴,南,3,2,4,4,3955,眞 田 英 二,11,18,6.77,4,0.09,1.54.6,6-2-5,50700,90,6-2,14820,26,2-5-6,4220,12,2-6,9960,15
20250628,浜名湖,7,予選,晴,南,3,2,5,1,4039,村 上 功 祐,30,35,6.67,1,0.16,,6-2-5,50700,90,6-2,14820,26,2-5-6,4220,12,2-6,9960,15
20250628,浜名湖,7,予選,晴,南,3,2,6,3,5190,大 月 遊 雅,63,23,6.67,3,0.09,,6-2-5,50700,90,6-2,14820,26,2-5-6,4220,12,2-6,9960,15
20250628,浜名湖,8,ブレイクタイ,晴,南,3,2,1,6,3286,坂 東 満,64,41,6.73,5,0.19,1.51.3,6-4-1,6900,19,6-4,3690,9,1-4-6,280,2,4-6,320,2
20250628,浜名湖,8,ブレイクタイ,晴,南,3,2,2,4,4342,谷 野 錬 志,45,53,6.70,4,0.10,1.52.8,6-4-1,6900,19,6-4,3690,9,1-4-6,280,2,4-6,320,2
20250628,浜名湖,8,ブレイクタイ,晴,南,3,2,3,1,3904,森 貴 洋,7,45,6.63,1,0.20,1.53.8,6-4-1,6900,19,6-4,3690,9,1-4-6,280,2,4-6,320,2
20250628,浜名湖,8,ブレイクタイ,晴,南,3,2,4,2,4169,多 田 有 佑,48,61,6.68,2,0.30,1.55.3,6-4-1,6900,19,6-4,3690,9,1-4-6,280,2,4-6,320,2
20250628,浜名湖,8,ブレイクタイ,晴,南,3,2,5,3,5300,横 田 海 人,10,50,6.71,3,0.21,,6-4-1,6900,19,6-4,3690,9,1-4-6,280,2,4-6,320,2
20250628,浜名湖,9,予選特賞,晴,南,3,2,1,5,4513,河 野 真 也,26,40,6.63,3,0.16,1.51.0,5-1-2,2670,7,5-1,1600,6,1-2-5,140,1,1-5,580,2
20250628,浜名湖,9,予選特賞,晴,南,3,2,2,1,4700,金 子 和 之,24,43,6.67,1,0.20,1.52.2,5-1-2,2670,7,5-1,1600,6,1-2-5,140,1,1-5,580,2
20250628,浜名湖,9,予選特賞,晴,南,3,2,3,2,4124,池 田 雄 一,59,11,6.70,2,0.24,1.54.3,5-1-2,2670,7,5-1,1600,6,1-2-5,140,1,1-5,580,2
20250628,浜名湖,9,予選特賞,晴,南,3,2,4,6,4097,貫地谷 直 人,9,31,6.80,6,0.22,1.54.5,5-1-2,2670,7,5-1,1600,6,1-2-5,140,1,1-5,580,2
20250628,浜名湖,9,予選特賞,晴,南,3,2,5,4,4390,松 本 弓 雄,57,49,6.75,5,0.21,,5-1-2,2670,7,5-1,1600,6,1-2-5,140,1,1-5,580,2
20250628,浜名湖,9,予選特賞,晴,南,3,2,6,3,5179,藤 本 元 輝,49,13,6.69,4,0.15,,5-1-2,2670,7,5-1,1600,6,1-2-5,140,1,1-5,580,2
20250628,浜名湖,10,予選特賞,晴,南,2,1,1,1,4025,山 本 隆 幸,54,16,6.66,1,0.22,1.50.7,1-5-2,8280,24,1-5,1390,5,1-2-5,1870,8,1-5,1660,5
20250628,浜名湖,10,予選特賞,晴,南,2,1,2,5,4727,安 部 慎 一,37,46,6.69,5,0.11,1.51.9,1-5-2,8280,24,1-5,1390,5,1-2-5,1870,8,1-5,1660,5
20250628,浜名湖,10,予選特賞,晴,南,2,1,3,2,4988,牟 田 奨 太,55,66,6.65,2,0.25,1.54.2,1-5-2,8280,24,1-5,1390,5,1-2-5,1870,8,1-5,1660,5
20250628,浜名湖,10,予選特賞,晴,南,2,1,4,4,4811,向井田 佑 紀,17,12,6.66,4,0.21,1.55.4,1-5-2,8280,24,1-5,1390,5,1-2-5,1870,8,1-5,1660,5
20250628,浜名湖,10,予選特賞,晴,南,2,1,5,6,4318,桑 原 将 光,18,25,6.66,6,0.17,,1-5-2,8280,24,1-5,1390,5,1-2-5,1870,8,1-5,1660,5
20250628,浜名湖,10,予選特賞,晴,南,2,1,6,3,4888,金 児 隆 太,31,68,6.69,3,0.35,,1-5-2,8280,24,1-5,1390,5,1-2-5,1870,8,1-5,1660,5
20250628,浜名湖,11,予選特選,晴,南,3,1,1,4,4815,伏 島 祐 介,60,55,6.81,4,0.23,1.50.4,4-2-3,37360,87,4-2,6490,21,2-3-4,4660,15,2-4,4350,12
20250628,浜名湖,11,予選特選,晴,南,3,1,2,2,4407,鹿 島 敏 弘,65,65,6.70,2,0.16,1.52.2,4-2-3,37360,87,4-2,6490,21,2-3-4,4660,15,2-4,4350,12
20250628,浜名湖,11,予選特選,晴,南,3,1,3,3,4581,吉 村 誠,4,73,6.72,3,0.19,1.53.5,4-2-3,37360,87,4-2,6490,21,2-3-4,4660,15,2-4,4350,12
20250628,浜名湖,11,予選特選,晴,南,3,1,4,1,4022,待 鳥 雄 紀,62,54,6.74,1,0.21,1.54.3,4-2-3,37360,87,4-2,6490,21,2-3-4,4660,15,2-4,4350,12
20250628,浜名湖,11,予選特選,晴,南,3,1,5,5,4919,吉 田 翔 悟,22,47,6.69,5,0.22,,4-2-3,37360,87,4-2,6490,21,2-3-4,4660,15,2-4,4350,12
20250628,浜名湖,11,予選特選,晴,南,3,1,6,6,3717,立 間 充 宏,3,27,6.78,6,0.17,,4-2-3,37360,87,4-2,6490,21,2-3-4,4660,15,2-4,4350,12
20250628,多摩川,12,ドリーム戦,晴,南,3,1,1,5,4102,益 田 啓 司,2,34,6.70,5,0.19,1.50.6,5-1-6,14590,50,5-1,3190,14,1-5-6,3860,15,1-5,500,4
20250628,多摩川,12,ドリーム戦,晴,南,3,1,2,1,4342,谷 野 錬 志,45,53,6.75,1,0.11,1.52.3,5-1-6,14590,50,5-1,3190,14,1-5-6,3860,15,1-5,500,4
20250628,多摩川,12,ドリーム戦,晴,南,3,1,3,6,4096,石 橋 道 友,52,37,6.74,6,0.28,1.53.2,5-1-6,14590,50,5-1,3190,14,1-5-6,3860,15,1-5,500,4
20250628,多摩川,12,ドリーム戦,晴,南,3,1,4,3,3898,平 田 忠 則,13,59,6.77,3,0.15,1.53.3,5-1-6,14590,50,5-1,3190,14,1-5-6,3860,15,1-5,500,4
20250628,多摩川,12,ドリーム戦,晴,南,3,1,5,4,4084,杉 山 正 樹,43,48,6.65,4,0.15,,5-1-6,14590,50,5-1,3190,14,1-5-6,3860,15,1-5,500,4
20250628,多摩川,12,ドリーム戦,晴,南,3,1,6,2,4759,今 泉 友 吾,58,75,6.71,2,0.10,,5-1-6,14590,50,5-1,3190,14,1-5-6,3860,15,1-5,500,4
20250628,多摩川,1,予選,晴,東,4,3,1,3,4133,高 橋 正 男,46,69,6.79,3,0.17,1.50.3,3-2-5,3480,14,3-2,1590,10,2-3-5,880,4,2-3,800,5
20250628,多摩川,1,予選,晴,東,4,3,2,2,4750,井 上 尚 悟,55,54,6.80,2,0.23,1.51.5,3-2-5,3480,14,3-2,1590,10,2-3-5,880,4,2-3,800,5
20250628,多摩川,1,予選,晴,東,4,3,3,5,3965,北 中 元 樹,43,44,6.82,5,0.24,1.53.4,3-2-5,3480,14,3-2,1590,10,2-3-5,880,4,2-3,800,5
20250628,多摩川,1,予選,晴,東,4,3,4,1,3602,奥 平 拓 也,15,36,6.86,1,0.21,1.54.7,3-2-5,3480,14,3-2,1590,10,2-3-5,880,4,2-3,800,5
20250628,多摩川,1,予選,晴,東,4,3,5,6,3642,大 塚 浩 二,71,29,6.83,6,0.25,,3-2-5,3480,14,3-2,1590,10,2-3-5,880,4,2-3,800,5
20250628,多摩川,1,予選,晴,東,4,3,6,4,5318,河 内 一 馬,52,60,6.73,4,0.19,,3-2-5,3480,14,3-2,1590,10,2-3-5,880,4,2-3,800,5
20250628,多摩川,2,予選,晴,北東,4,3,1,5,3641,一 瀬 明,73,40,6.92,5,0.09,1.50.2,5-2-4,3050,8,5-2,1100,3,2-4-5,460,1,2-5,480,2
20250628,多摩川,2,予選,晴,北東,4,3,2,2,4303,牧 原 崇,67,24,6.94,2,0.24,1.51.3,5-2-4,3050,8,5-2,1100,3,2-4-5,460,1,2-5,480,2
20250628,多摩川,2,予選,晴,北東,4,3,3,4,4381,田 路 朋 史,28,62,6.84,4,0.14,1.53.8,5-2-4,3050,8,5-2,1100,3,2-4-5,460,1,2-5,480,2
20250628,多摩川,2,予選,晴,北東,4,3,4,3,3445,加 藤 高 史,27,25,6.95,3,0.15,1.54.1,5-2-4,3050,8,5-2,1100,3,2-4-5,460,1,2-5,480,2
20250628,多摩川,2,予選,晴,北東,4,3,5,1,4077,品 田 直 樹,58,83,6.98,1,0.20,,5-2-4,3050,8,5-2,1100,3,2-4-5,460,1,2-5,480,2
20250628,多摩川,2,予選,晴,北東,4,3,6,6,5304,井 田 涼 介,37,49,6.92,6,0.24,,5-2-4,3050,8,5-2,1100,3,2-4-5,460,1,2-5,480,2
20250628,多摩川,3,予選,晴,北東,3,2,1,3,4083,福 島 勇 樹,19,31,6.91,3,0.15,1.50.0,3-2-1,1760,6,3-2,580,1,1-2-3,240,1,2-3,280,1
20250628,多摩川,3,予選,晴,北東,3,2,2,2,3563,堤 昇,26,21,6.94,2,0.17,1.52.3,3-2-1,1760,6,3-2,580,1,1-2-3,240,1,2-3,280,1
20250628,多摩川,3,予選,晴,北東,3,2,3,1,4047,吉 永 浩 則,65,81,6.99,1,0.17,1.52.3,3-2-1,1760,6,3-2,580,1,1-2-3,240,1,2-3,280,1
20250628,多摩川,3,予選,晴,北東,3,2,4,5,5178,成 貞 琳 平,49,76,6.97,5,0.21,1.53.6,3-2-1,1760,6,3-2,580,1,1-2-3,240,1,2-3,280,1
20250628,多摩川,3,予選,晴,北東,3,2,5,4,5127,沼 田 大 都,62,58,6.88,4,0.21,,3-2-1,1760,6,3-2,580,1,1-2-3,240,1,2-3,280,1
20250628,多摩川,3,予選,晴,北東,3,2,6,6,5364,金 子 怜 央,45,41,6.87,6,0.21,,3-2-1,1760,6,3-2,580,1,1-2-3,240,1,2-3,280,1
20250628,多摩川,4,予選,晴,北東,1,2,1,1,4560,庄 司 樹良々,47,85,6.86,1,0.17,1.50.6,1-4-3,1300,3,1-4,470,1,1-3-4,400,2,1-4,320,1
20250628,多摩川,4,予選,晴,北東,1,2,2,4,4492,本 多 宏 和,44,50,6.86,4,0.11,1.51.9,1-4-3,1300,3,1-4,470,1,1-3-4,400,2,1-4,320,1
20250628,多摩川,4,予選,晴,北東,1,2,3,3,2878,富 山 弘 幸,48,74,6.79,3,0.15,1.53.0,1-4-3,1300,3,1-4,470,1,1-3-4,400,2,1-4,320,1
20250628,多摩川,4,予選,晴,北東,1,2,4,5,4532,秋 元 哲,34,47,6.92,5,0.13,1.54.6,1-4-3,1300,3,1-4,470,1,1-3-4,400,2,1-4,320,1
20250628,多摩川,4,予選,晴,北東,1,2,5,6,5201,村 上 宗太郎,17,30,6.76,6,0.26,,1-4-3,1300,3,1-4,470,1,1-3-4,400,2,1-4,320,1
20250628,多摩川,4,予選,晴,北東,1,2,6,2,3461,渡 邊 哲 也,22,38,6.84,2,0.19,,1-4-3,1300,3,1-4,470,1,1-3-4,400,2,1-4,320,1
20250628,多摩川,5,予選,晴,北東,2,2,1,2,3909,佐々木 康 幸,36,79,6.81,2,0.21,1.50.3,2-4-1,1530,3,2-4,430,1,1-2-4,300,2,2-4,140,1
20250628,多摩川,5,予選,晴,北東,2,2,2,4,4654,篠 田 優 也,38,82,6.75,4,0.15,1.51.3,2-4-1,1530,3,2-4,430,1,1-2-4,300,2,2-4,140,1
20250628,多摩川,5,予選,晴,北東,2,2,3,1,3353,前 田 光 昭,24,46,6.93,1,0.35,1.54.3,2-4-1,1530,3,2-4,430,1,1-2-4,300,2,2-4,140,1
20250628,多摩川,5,予選,晴,北東,2,2,4,6,5253,藤 井 太 雅,69,72,6.84,6,0.18,1.54.7,2-4-1,1530,3,2-4,430,1,1-2-4,300,2,2-4,140,1
20250628,多摩川,5,予選,晴,北東,2,2,5,3,3467,森 弘 行,50,22,6.88,3,0.17,,2-4-1,1530,3,2-4,430,1,1-2-4,300,2,2-4,140,1
20250628,多摩川,5,予選,晴,北東,2,2,6,5,3912,川 原 正 明,60,75,6.82,5,0.20,,2-4-1,1530,3,2-4,430,1,1-2-4,300,2,2-4,140,1
20250628,多摩川,6,予選,晴,南東,4,2,1,1,5331,佐 藤 永 梧,70,45,6.75,1,0.14,1.51.2,1-4-3,4860,24,1-4,820,3,1-3-4,1110,8,1-4,680,4
20250628,多摩川,6,予選,晴,南東,4,2,2,4,4218,吉 川 喜 継,31,84,6.75,4,0.15,1.52.5,1-4-3,4860,24,1-4,820,3,1-3-4,1110,8,1-4,680,4
20250628,多摩川,6,予選,晴,南東,4,2,3,3,3246,星 野 政 彦,20,61,6.73,3,0.11,1.54.4,1-4-3,4860,24,1-4,820,3,1-3-4,1110,8,1-4,680,4
20250628,多摩川,6,予選,晴,南東,4,2,4,2,4809,外 崎 悟,56,56,6.70,2,0.18,1.54.7,1-4-3,4860,24,1-4,820,3,1-3-4,1110,8,1-4,680,4
20250628,多摩川,6,予選,晴,南東,4,2,5,5,4436,渋 谷 明 憲,42,64,6.77,5,0.21,,1-4-3,4860,24,1-4,820,3,1-3-4,1110,8,1-4,680,4
20250628,多摩川,6,予選,晴,南東,4,2,6,6,5318,河 内 一 馬,52,60,6.74,6,0.23,,1-4-3,4860,24,1-4,820,3,1-3-4,1110,8,1-4,680,4
20250628,多摩川,7,予選,晴,南東,2,2,1,5,3952,中 澤 和 志,21,43,6.84,5,0.13,1.49.1,5-4-6,4250,17,5-4,1430,8,4-5-6,1560,7,4-5,530,3
20250628,多摩川,7,予選,晴,南東,2,2,2,4,3641,一 瀬 明,73,40,6.84,4,0.21,1.50.3,5-4-6,4250,17,5-4,1430,8,4-5-6,1560,7,4-5,530,3
20250628,多摩川,7,予選,晴,南東,2,2,3,6,4752,西 尾 亮 輔,16,80,6.81,6,0.12,1.53.0,5-4-6,4250,17,5-4,1430,8,4-5-6,1560,7,4-5,530,3
20250628,多摩川,7,予選,晴,南東,2,2,4,2,3642,大 塚 浩 二,71,29,6.84,2,0.21,1.54.6,5-4-6,4250,17,5-4,1430,8,4-5-6,1560,7,4-5,530,3
20250628,多摩川,7,予選,晴,南東,2,2,5,1,3686,鳥居塚 孝 博,40,63,6.87,1,0.17,,5-4-6,4250,17,5-4,1430,8,4-5-6,1560,7,4-5,530,3
20250628,多摩川,7,予選,晴,南東,2,2,6,3,4047,吉 永 浩 則,65,81,6.87,3,0.22,,5-4-6,4250,17,5-4,1430,8,4-5-6,1560,7,4-5,530,3
20250628,多摩川,8,予選,晴,東,2,3,1,1,4887,富 澤 祐 作,54,26,6.79,1,0.21,1.50.4,1-2-4,1340,4,1-2,330,1,1-2-4,770,4,1-2,440,3
20250628,多摩川,8,予選,晴,東,2,3,2,2,4077,品 田 直 樹,58,83,6.85,2,0.19,1.51.4,1-2-4,1340,4,1-2,330,1,1-2-4,770,4,1-2,440,3
20250628,多摩川,8,予選,晴,東,2,3,3,4,4750,井 上 尚 悟,55,54,6.87,4,0.15,1.52.3,1-2-4,1340,4,1-2,330,1,1-2-4,770,4,1-2,440,3
20250628,多摩川,8,予選,晴,東,2,3,4,5,4520,高 倉 孝 太,35,35,6.86,5,0.13,1.53.4,1-2-4,1340,4,1-2,330,1,1-2-4,770,4,1-2,440,3
20250628,多摩川,8,予選,晴,東,2,3,5,6,4083,福 島 勇 樹,19,31,6.91,6,0.14,,1-2-4,1340,4,1-2,330,1,1-2-4,770,4,1-2,440,3
20250628,多摩川,8,予選,晴,東,2,3,6,3,3461,渡 邊 哲 也,22,38,6.90,3,0.28,,1-2-4,1340,4,1-2,330,1,1-2-4,770,4,1-2,440,3
20250628,多摩川,9,予選特賞,晴,南,3,2,1,1,4381,田 路 朋 史,28,62,6.79,1,0.42,1.52.4,1-3-4,1450,4,1-3,270,1,1-3-4,700,3,1-3,140,1
20250628,多摩川,9,予選特賞,晴,南,3,2,2,3,4276,鈴 木 勝 博,13,28,6.83,3,0.33,1.52.6,1-3-4,1450,4,1-3,270,1,1-3-4,700,3,1-3,140,1
20250628,多摩川,9,予選特賞,晴,南,3,2,3,4,5201,村 上 宗太郎,17,30,6.82,5,0.40,1.53.9,1-3-4,1450,4,1-3,270,1,1-3-4,700,3,1-3,140,1
20250628,多摩川,9,予選特賞,晴,南,3,2,4,5,4973,栗 原 直 也,57,39,6.82,6,0.39,1.54.3,1-3-4,1450,4,1-3,270,1,1-3-4,700,3,1-3,140,1
20250628,多摩川,9,予選特賞,晴,南,3,2,5,2,3602,奥 平 拓 也,15,36,6.90,2,0.35,,1-3-4,1450,4,1-3,270,1,1-3-4,700,3,1-3,140,1
20250628,多摩川,9,予選特賞,晴,南,3,2,6,6,3563,堤 昇,26,21,6.84,4,0.34,,1-3-4,1450,4,1-3,270,1,1-3-4,700,3,1-3,140,1
20250628,多摩川,10,予選特賞,晴,南,2,2,1,3,3909,佐々木 康 幸,36,79,6.78,3,0.04,1.50.8,3-2-4,17320,36,3-2,4770,10,2-3-4,2740,8,2-3,5120,9
20250628,多摩川,10,予選特賞,晴,南,2,2,2,2,5178,成 貞 琳 平,49,76,6.79,2,0.07,1.51.8,3-2-4,17320,36,3-2,4770,10,2-3-4,2740,8,2-3,5120,9
20250628,多摩川,10,予選特賞,晴,南,2,2,3,4,2878,富 山 弘 幸,48,74,6.77,4,0.08,1.54.2,3-2-4,17320,36,3-2,4770,10,2-3-4,2740,8,2-3,5120,9
20250628,多摩川,10,予選特賞,晴,南,2,2,4,1,4133,高 橋 正 男,46,69,6.78,1,0.30,1.54.6,3-2-4,17320,36,3-2,4770,10,2-3-4,2740,8,2-3,5120,9
20250628,多摩川,10,予選特賞,晴,南,2,2,5,5,4540,相 原 利 章,61,65,6.75,5,0.14,,3-2-4,17320,36,3-2,4770,10,2-3-4,2740,8,2-3,5120,9
20250628,多摩川,10,予選特賞,晴,南,2,2,6,6,3445,加 藤 高 史,27,25,6.81,6,0.20,,3-2-4,17320,36,3-2,4770,10,2-3-4,2740,8,2-3,5120,9
20250628,多摩川,11,予選特選,晴,南,1,2,1,1,4436,渋 谷 明 憲,42,64,6.75,1,0.18,1.50.2,1-2-5,1330,5,1-2,300,1,1-2-5,710,4,1-2,480,2
20250628,多摩川,11,予選特選,晴,南,1,2,2,2,4560,庄 司 樹良々,47,85,6.80,2,0.23,1.51.2,1-2-5,1330,5,1-2,300,1,1-2-5,710,4,1-2,480,2
20250628,多摩川,11,予選特選,晴,南,1,2,3,5,4245,高 橋 直 哉,72,77,6.76,5,0.23,1.52.3,1-2-5,1330,5,1-2,300,1,1-2-5,710,4,1-2,480,2
20250628,多摩川,11,予選特選,晴,南,1,2,4,4,3965,北 中 元 樹,43,44,6.81,4,0.22,1.53.8,1-2-5,1330,5,1-2,300,1,1-2-5,710,4,1-2,480,2
20250628,多摩川,11,予選特選,晴,南,1,2,5,6,5127,沼 田 大 都,62,58,6.76,6,0.27,,1-2-5,1330,5,1-2,300,1,1-2-5,710,4,1-2,480,2
20250628,多摩川,11,予選特選,晴,南,1,2,6,3,3912,川 原 正 明,60,75,6.81,3,0.21,,1-2-5,1330,5,1-2,300,1,1-2-5,710,4,1-2,480,2
20250628,平和島,12,ドリーム１ｓ,晴,南,2,2,1,1,3952,中 澤 和 志,21,43,6.79,1,0.16,1.50.0,1-3-5,2190,9,1-3,480,3,1-3-5,1310,5,1-3,340,3
20250628,平和島,12,ドリーム１ｓ,晴,南,2,2,2,3,3940,飯 山 泰,12,51,6.75,3,0.17,1.51.1,1-3-5,2190,9,1-3,480,3,1-3-5,1310,5,1-3,340,3
20250628,平和島,12,ドリーム１ｓ,晴,南,2,2,3,5,4654,篠 田 優 也,38,82,6.78,5,0.19,1.52.4,1-3-5,2190,9,1-3,480,3,1-3-5,1310,5,1-3,340,3
20250628,平和島,12,ドリーム１ｓ,晴,南,2,2,4,6,4492,本 多 宏 和,44,50,6.82,6,0.22,1.54.1,1-3-5,2190,9,1-3,480,3,1-3-5,1310,5,1-3,340,3
20250628,平和島,12,ドリーム１ｓ,晴,南,2,2,5,2,4218,吉 川 喜 継,31,84,6.76,2,0.18,,1-3-5,2190,9,1-3,480,3,1-3-5,1310,5,1-3,340,3
20250628,平和島,12,ドリーム１ｓ,晴,南,2,2,6,4,4933,板 橋 侑 我,53,53,6.70,4,0.16,,1-3-5,2190,9,1-3,480,3,1-3-5,1310,5,1-3,340,3
20250628,平和島,1,一般,晴,北東,2,3,1,1,3273,石 田 豪,54,47,6.92,1,0.17,1.52.0,1-4-5,2260,1,1-4,1080,3,1-4-5,570,1,1-4,720,4
20250628,平和島,1,一般,晴,北東,2,3,2,4,4142,平 野 和 明,10,66,6.95,4,0.21,1.53.0,1-4-5,2260,1,1-4,1080,3,1-4-5,570,1,1-4,720,4
20250628,平和島,1,一般,晴,北東,2,3,3,5,4403,木 下 大 將,62,51,6.88,5,0.20,1.54.6,1-4-5,2260,1,1-4,1080,3,1-4-5,570,1,1-4,720,4
20250628,平和島,1,一般,晴,北東,2,3,4,3,5296,永 田 楽,18,32,6.92,3,0.20,1.55.6,1-4-5,2260,1,1-4,1080,3,1-4-5,570,1,1-4,720,4
20250628,平和島,1,一般,晴,北東,2,3,5,6,3346,宮 本 裕 之,71,53,6.87,6,0.18,,1-4-5,2260,1,1-4,1080,3,1-4-5,570,1,1-4,720,4
20250628,平和島,1,一般,晴,北東,2,3,6,2,3981,今 坂 晃 広,29,73,6.93,2,0.18,,1-4-5,2260,1,1-4,1080,3,1-4-5,570,1,1-4,720,4
20250628,平和島,2,一般,晴,東,2,3,1,4,4568,廣 瀬 真 也,49,59,6.87,4,0.09,1.51.1,4-1-5,5920,20,4-1,930,4,1-4-5,1480,8,1-4,330,1
20250628,平和島,2,一般,晴,東,2,3,2,1,3988,古 川 誠 之,52,56,6.91,1,0.14,1.52.2,4-1-5,5920,20,4-1,930,4,1-4-5,1480,8,1-4,330,1
20250628,平和島,2,一般,晴,東,2,3,3,5,3748,小 黒 竜 吾,17,68,6.90,5,0.22,1.54.4,4-1-5,5920,20,4-1,930,4,1-4-5,1480,8,1-4,330,1
20250628,平和島,2,一般,晴,東,2,3,4,3,5008,羽 野 諒,23,43,6.98,3,0.14,1.54.8,4-1-5,5920,20,4-1,930,4,1-4-5,1480,8,1-4,330,1
20250628,平和島,2,一般,晴,東,2,3,5,2,4648,木 村 亮 太,65,58,6.96,2,0.20,,4-1-5,5920,20,4-1,930,4,1-4-5,1480,8,1-4,330,1
20250628,平和島,2,一般,晴,東,2,3,6,6,4402,乙 藤 智 史,12,71,6.97,6,0.22,,4-1-5,5920,20,4-1,930,4,1-4-5,1480,8,1-4,330,1
20250628,平和島,3,一般,晴,南,2,3,1,1,4956,齊 藤 大 将,67,36,6.99,1,0.01,1.51.6,1-3-2,3720,17,1-3,1020,4,1-2-3,930,4,1-3,780,5
20250628,平和島,3,一般,晴,南,2,3,2,3,4432,黄金井 力 良,27,54,7.01,3,0.05,1.52.6,1-3-2,3720,17,1-3,1020,4,1-2-3,930,4,1-3,780,5
20250628,平和島,3,一般,晴,南,2,3,3,2,5133,堀 越 雄 貴,32,63,6.95,2,0.04,1.52.8,1-3-2,3720,17,1-3,1020,4,1-2-3,930,4,1-3,780,5
20250628,平和島,3,一般,晴,南,2,3,4,4,4148,枝 尾 賢,24,18,7.03,4,0.10,1.54.9,1-3-2,3720,17,1-3,1020,4,1-2-3,930,4,1-3,780,5
20250628,平和島,3,一般,晴,南,2,3,5,5,3352,小 川 晃 司,13,69,6.97,6,0.06,,1-3-2,3720,17,1-3,1020,4,1-2-3,930,4,1-3,780,5
20250628,平和島,3,一般,晴,南,2,3,6,6,3411,池 上 隆 行,51,41,6.97,5,0.13,,1-3-2,3720,17,1-3,1020,4,1-2-3,930,4,1-3,780,5
20250628,平和島,4,一般,晴,南東,2,3,1,3,5034,若 林 義 人,56,38,6.80,3,0.17,1.50.8,3-2-1,1820,8,3-2,830,5,1-2-3,220,1,2-3,380,3
20250628,平和島,4,一般,晴,南東,2,3,2,2,4904,松 本 一 毅,36,67,6.96,2,0.19,1.52.4,3-2-1,1820,8,3-2,830,5,1-2-3,220,1,2-3,380,3
20250628,平和島,4,一般,晴,南東,2,3,3,1,5243,三 馬 崇 史,20,55,6.91,1,0.17,1.54.9,3-2-1,1820,8,3-2,830,5,1-2-3,220,1,2-3,380,3
20250628,平和島,4,一般,晴,南東,2,3,4,4,4085,荻 野 裕 介,41,44,6.91,4,0.20,1.55.6,3-2-1,1820,8,3-2,830,5,1-2-3,220,1,2-3,380,3
20250628,平和島,4,一般,晴,南東,2,3,5,5,4656,大 崎 翔,48,11,6.97,5,0.16,,3-2-1,1820,8,3-2,830,5,1-2-3,220,1,2-3,380,3
20250628,平和島,4,一般,晴,南東,2,3,6,6,5346,中 村 紋夕梨,21,60,6.95,6,0.15,,3-2-1,1820,8,3-2,830,5,1-2-3,220,1,2-3,380,3
20250628,平和島,5,一般,晴,南東,2,3,1,2,4434,田 中 辰 彦,61,35,6.97,2,0.16,1.50.9,2-4-3,13250,39,2-4,1960,9,2-3-4,2210,9,2-4,1780,6
20250628,平和島,5,一般,晴,南東,2,3,2,4,3584,佐々木 英 樹,31,49,7.05,4,0.23,1.52.4,2-4-3,13250,39,2-4,1960,9,2-3-4,2210,9,2-4,1780,6
20250628,平和島,5,一般,晴,南東,2,3,3,3,3981,今 坂 晃 広,29,73,7.07,3,0.22,1.54.1,2-4-3,13250,39,2-4,1960,9,2-3-4,2210,9,2-4,1780,6
20250628,平和島,5,一般,晴,南東,2,3,4,1,3681,山 谷 央,69,70,6.92,1,0.18,1.55.5,2-4-3,13250,39,2-4,1960,9,2-3-4,2210,9,2-4,1780,6
20250628,平和島,5,一般,晴,南東,2,3,5,5,5005,石 田 貴 洋,26,72,6.85,5,0.22,,2-4-3,13250,39,2-4,1960,9,2-3-4,2210,9,2-4,1780,6
20250628,平和島,5,一般,晴,南東,2,3,6,6,5410,今 泉 澪,70,34,7.02,6,0.21,,2-4-3,13250,39,2-4,1960,9,2-3-4,2210,9,2-4,1780,6
20250628,平和島,6,一般,晴,南,2,3,1,1,4142,平 野 和 明,10,66,6.94,1,0.16,1.51.1,1-4-3,1170,2,1-4,510,1,1-3-4,310,1,1-4,430,2
20250628,平和島,6,一般,晴,南,2,3,2,4,4409,坂 元 浩 仁,40,33,6.94,4,0.15,1.52.1,1-4-3,1170,2,1-4,510,1,1-3-4,310,1,1-4,430,2
20250628,平和島,6,一般,晴,南,2,3,3,3,4403,木 下 大 將,62,51,6.91,3,0.16,1.53.7,1-4-3,1170,2,1-4,510,1,1-3-4,310,1,1-4,430,2
20250628,平和島,6,一般,晴,南,2,3,4,5,4738,清 埜 翔 子,50,64,6.92,5,0.16,1.55.0,1-4-3,1170,2,1-4,510,1,1-3-4,310,1,1-4,430,2
20250628,平和島,6,一般,晴,南,2,3,5,2,3752,宇 土 泰 就,73,61,6.98,2,0.17,,1-4-3,1170,2,1-4,510,1,1-3-4,310,1,1-4,430,2
20250628,平和島,6,一般,晴,南,2,3,6,6,5414,中 澤 英 里,35,46,7.16,6,0.07,,1-4-3,1170,2,1-4,510,1,1-3-4,310,1,1-4,430,2
20250628,平和島,7,一般,晴,南,2,3,1,4,5008,羽 野 諒,23,43,6.99,4,0.05,1.51.6,4-3-1,5590,28,4-3,1760,12,1-3-4,820,4,3-4,1040,6
20250628,平和島,7,一般,晴,南,2,3,2,3,4956,齊 藤 大 将,67,36,6.92,3,0.13,1.53.1,4-3-1,5590,28,4-3,1760,12,1-3-4,820,4,3-4,1040,6
20250628,平和島,7,一般,晴,南,2,3,3,1,3748,小 黒 竜 吾,17,68,6.92,1,0.06,1.54.6,4-3-1,5590,28,4-3,1760,12,1-3-4,820,4,3-4,1040,6
20250628,平和島,7,一般,晴,南,2,3,4,2,4987,島 倉 都,30,74,7.06,2,0.08,1.56.1,4-3-1,5590,28,4-3,1760,12,1-3-4,820,4,3-4,1040,6
20250628,平和島,7,一般,晴,南,2,3,5,5,4430,永 田 秀 二,74,39,7.04,5,0.13,,4-3-1,5590,28,4-3,1760,12,1-3-4,820,4,3-4,1040,6
20250628,平和島,7,一般,晴,南,2,3,6,6,5390,高 橋 涼 夏,47,65,7.08,6,0.05,,4-3-1,5590,28,4-3,1760,12,1-3-4,820,4,3-4,1040,6
20250628,平和島,8,一般,晴,南,4,3,1,1,4319,三 宅 潤,37,10,6.98,1,0.16,1.52.6,1-4-6,4270,16,1-4,1040,4,1-4-6,1430,7,1-4,1230,4
20250628,平和島,8,一般,晴,南,4,3,2,4,5296,永 田 楽,18,32,6.95,4,0.13,1.53.2,1-4-6,4270,16,1-4,1040,4,1-4-6,1430,7,1-4,1230,4
20250628,平和島,8,一般,晴,南,4,3,3,6,3352,小 川 晃 司,13,69,7.04,6,0.11,1.54.4,1-4-6,4270,16,1-4,1040,4,1-4-6,1430,7,1-4,1230,4
20250628,平和島,8,一般,晴,南,4,3,4,3,3303,渡 辺 豊,60,48,6.96,3,0.16,1.54.7,1-4-6,4270,16,1-4,1040,4,1-4-6,1430,7,1-4,1230,4
20250628,平和島,8,一般,晴,南,4,3,5,2,4656,大 崎 翔,48,11,7.07,2,0.20,,1-4-6,4270,16,1-4,1040,4,1-4-6,1430,7,1-4,1230,4
20250628,平和島,8,一般,晴,南,4,3,6,5,4648,木 村 亮 太,65,58,7.01,5,0.10,,1-4-6,4270,16,1-4,1040,4,1-4-6,1430,7,1-4,1230,4
20250628,平和島,9,一般特選,晴,南,2,3,1,4,4904,松 本 一 毅,36,67,6.73,4,0.15,1.51.5,4-1-3,3890,13,4-1,1280,5,1-3-4,600,2,1-4,490,2
20250628,平和島,9,一般特選,晴,南,2,3,2,1,4402,乙 藤 智 史,12,71,6.98,1,0.20,1.52.9,4-1-3,3890,13,4-1,1280,5,1-3-4,600,2,1-4,490,2
20250628,平和島,9,一般特選,晴,南,2,3,3,3,4085,荻 野 裕 介,41,44,6.97,3,0.21,1.54.0,4-1-3,3890,13,4-1,1280,5,1-3-4,600,2,1-4,490,2
20250628,平和島,9,一般特選,晴,南,2,3,4,6,3988,古 川 誠 之,52,56,7.03,6,0.18,1.54.8,4-1-3,3890,13,4-1,1280,5,1-3-4,600,2,1-4,490,2
20250628,平和島,9,一般特選,晴,南,2,3,5,2,5005,石 田 貴 洋,26,72,6.81,2,0.22,,4-1-3,3890,13,4-1,1280,5,1-3-4,600,2,1-4,490,2
20250628,平和島,9,一般特選,晴,南,2,3,6,5,5133,堀 越 雄 貴,32,63,7.00,5,0.18,,4-1-3,3890,13,4-1,1280,5,1-3-4,600,2,1-4,490,2
20250628,平和島,10,選抜,晴,南,3,3,1,4,5034,若 林 義 人,56,38,6.79,4,0.08,1.50.4,4-5-2,3710,15,4-5,1380,8,2-4-5,1630,7,4-5,1500,5
20250628,平和島,10,選抜,晴,南,3,3,2,5,3752,宇 土 泰 就,73,61,6.95,5,0.13,1.52.6,4-5-2,3710,15,4-5,1380,8,2-4-5,1630,7,4-5,1500,5
20250628,平和島,10,選抜,晴,南,3,3,3,2,4148,枝 尾 賢,24,18,7.04,2,0.20,1.54.0,4-5-2,3710,15,4-5,1380,8,2-4-5,1630,7,4-5,1500,5
20250628,平和島,10,選抜,晴,南,3,3,4,6,3681,山 谷 央,69,70,7.05,6,0.13,1.54.9,4-5-2,3710,15,4-5,1380,8,2-4-5,1630,7,4-5,1500,5
20250628,平和島,10,選抜,晴,南,3,3,5,1,4738,清 埜 翔 子,50,64,6.89,1,0.18,,4-5-2,3710,15,4-5,1380,8,2-4-5,1630,7,4-5,1500,5
20250628,平和島,10,選抜,晴,南,3,3,6,3,3584,佐々木 英 樹,31,49,7.02,3,0.17,,4-5-2,3710,15,4-5,1380,8,2-4-5,1630,7,4-5,1500,5
20250628,平和島,11,選抜,晴,南,4,3,1,1,4430,永 田 秀 二,74,39,6.96,1,0.06,1.51.7,1-6-2,13750,45,1-6,3060,11,1-2-6,2280,10,1-6,2990,9
20250628,平和島,11,選抜,晴,南,4,3,2,6,5243,三 馬 崇 史,20,55,6.89,6,0.09,1.53.5,1-6-2,13750,45,1-6,3060,11,1-2-6,2280,10,1-6,2990,9
20250628,平和島,11,選抜,晴,南,4,3,3,2,4568,廣 瀬 真 也,49,59,6.93,2,0.06,1.54.8,1-6-2,13750,45,1-6,3060,11,1-2-6,2280,10,1-6,2990,9
20250628,平和島,11,選抜,晴,南,4,3,4,5,4434,田 中 辰 彦,61,35,7.03,5,0.09,1.55.4,1-6-2,13750,45,1-6,3060,11,1-2-6,2280,10,1-6,2990,9
20250628,平和島,11,選抜,晴,南,4,3,5,3,4409,坂 元 浩 仁,40,33,6.95,3,0.11,,1-6-2,13750,45,1-6,3060,11,1-2-6,2280,10,1-6,2990,9
20250628,平和島,11,選抜,晴,南,4,3,6,4,4432,黄金井 力 良,27,54,6.92,4,0.06,,1-6-2,13750,45,1-6,3060,11,1-2-6,2280,10,1-6,2990,9
20250628,戸田,12,優勝戦,晴,南,4,3,1,1,4086,寺 本 重 宣,15,50,7.09,1,0.06,1.51.2,1-2-5,2160,6,1-2,560,2,1-2-5,810,5,1-2,400,2
20250628,戸田,12,優勝戦,晴,南,4,3,2,2,3999,大 瀧 明日香,25,57,7.05,2,0.16,1.52.1,1-2-5,2160,6,1-2,560,2,1-2-5,810,5,1-2,400,2
20250628,戸田,12,優勝戦,晴,南,4,3,3,5,4295,小 坂 尚 哉,45,62,6.97,5,0.18,1.52.5,1-2-5,2160,6,1-2,560,2,1-2-5,810,5,1-2,400,2
20250628,戸田,12,優勝戦,晴,南,4,3,4,3,4155,長 野 壮志郎,75,75,7.03,3,0.16,1.55.9,1-2-5,2160,6,1-2,560,2,1-2-5,810,5,1-2,400,2
20250628,戸田,12,優勝戦,晴,南,4,3,5,4,4588,田 中 京 介,44,37,6.96,4,0.15,,1-2-5,2160,6,1-2,560,2,1-2-5,810,5,1-2,400,2
20250628,戸田,12,優勝戦,晴,南,4,3,6,6,4651,佐 藤 大 騎,33,52,6.83,6,0.38,,1-2-5,2160,6,1-2,560,2,1-2-5,810,5,1-2,400,2
20250628,戸田,1,一般戦,晴,北東,1,1,1,4,4500,山 田 康 二,7,52,6.74,4,0.14,1.50.7,4-3-6,70760,88,4-3,6030,16,3-4-6,7930,16,3-4,2780,9
20250628,戸田,1,一般戦,晴,北東,1,1,2,3,3946,赤 岩 善 生,30,57,6.75,3,0.15,1.52.0,4-3-6,70760,88,4-3,6030,16,3-4-6,7930,16,3-4,2780,9
20250628,戸田,1,一般戦,晴,北東,1,1,3,6,3716,石 渡 鉄 兵,55,37,6.78,6,0.12,1.53.7,4-3-6,70760,88,4-3,6030,16,3-4-6,7930,16,3-4,2780,9
20250628,戸田,1,一般戦,晴,北東,1,1,4,5,4344,新 田 雄 史,48,35,6.71,5,0.11,1.54.2,4-3-6,70760,88,4-3,6030,16,3-4-6,7930,16,3-4,2780,9
20250628,戸田,1,一般戦,晴,北東,1,1,5,2,4503,上 野 真之介,21,16,6.71,2,0.17,,4-3-6,70760,88,4-3,6030,16,3-4-6,7930,16,3-4,2780,9
20250628,戸田,1,一般戦,晴,北東,1,1,6,1,4760,山 崎 郡,58,30,6.62,1,0.15,,4-3-6,70760,88,4-3,6030,16,3-4-6,7930,16,3-4,2780,9
20250628,戸田,2,一般戦,晴,無風,0,0,1,1,4762,藤 原 啓史朗,11,64,6.66,1,0.06,1.49.5,1-3-2,1060,1,1-3,400,1,1-2-3,420,1,1-3,280,1
20250628,戸田,2,一般戦,晴,無風,0,0,2,3,4205,山 口 剛,38,46,6.59,3,0.05,1.50.5,1-3-2,1060,1,1-3,400,1,1-2-3,420,1,1-3,280,1
20250628,戸田,2,一般戦,晴,無風,0,0,3,2,4686,丸 野 一 樹,65,14,6.74,2,0.11,1.52.0,1-3-2,1060,1,1-3,400,1,1-2-3,420,1,1-3,280,1
20250628,戸田,2,一般戦,晴,無風,0,0,4,5,3854,吉 川 元 浩,5,17,6.68,5,0.07,1.52.8,1-3-2,1060,1,1-3,400,1,1-2-3,420,1,1-3,280,1
20250628,戸田,2,一般戦,晴,無風,0,0,5,4,4350,篠 崎 元 志,44,55,6.75,4,0.09,,1-3-2,1060,1,1-3,400,1,1-2-3,420,1,1-3,280,1
20250628,戸田,2,一般戦,晴,無風,0,0,6,6,3959,坪 井 康 晴,37,38,6.69,6,0.09,,1-3-2,1060,1,1-3,400,1,1-2-3,420,1,1-3,280,1
20250628,戸田,3,一般戦,晴,無風,0,0,1,1,4502,遠 藤 エ ミ,35,23,6.68,1,0.13,1.49.4,1-3-6,3070,9,1-3,430,2,1-3-6,1680,8,1-3,390,2
20250628,戸田,3,一般戦,晴,無風,0,0,2,3,3897,白 井 英 治,24,26,6.78,3,0.14,1.50.8,1-3-6,3070,9,1-3,430,2,1-3-6,1680,8,1-3,390,2
20250628,戸田,3,一般戦,晴,無風,0,0,3,6,3978,齊 藤 仁,27,41,6.72,6,0.21,1.52.9,1-3-6,3070,9,1-3,430,2,1-3-6,1680,8,1-3,390,2
20250628,戸田,3,一般戦,晴,無風,0,0,4,2,4337,平 本 真 之,3,76,6.77,2,0.12,1.54.2,1-3-6,3070,9,1-3,430,2,1-3-6,1680,8,1-3,390,2
20250628,戸田,3,一般戦,晴,無風,0,0,5,5,4566,塩 田 北 斗,20,27,6.71,5,0.21,,1-3-6,3070,9,1-3,430,2,1-3-6,1680,8,1-3,390,2
20250628,戸田,3,一般戦,晴,無風,0,0,6,4,4262,馬 場 貴 也,63,47,6.68,4,0.18,,1-3-6,3070,9,1-3,430,2,1-3-6,1680,8,1-3,390,2
20250628,戸田,4,一般戦,晴,北東,1,1,1,4,4238,毒 島 誠,46,54,6.81,4,0.22,1.50.1,4-1-2,15090,46,4-1,3540,12,1-2-4,950,5,1-4,630,4
20250628,戸田,4,一般戦,晴,北東,1,1,2,1,4914,吉 田 裕 平,45,63,6.68,1,0.10,1.51.4,4-1-2,15090,46,4-1,3540,12,1-2-4,950,5,1-4,630,4
20250628,戸田,4,一般戦,晴,北東,1,1,3,2,3415,松 井 繁,28,24,6.70,2,0.13,1.53.0,4-1-2,15090,46,4-1,3540,12,1-2-4,950,5,1-4,630,4
20250628,戸田,4,一般戦,晴,北東,1,1,4,3,4939,宮之原 輝 紀,33,77,6.66,3,0.13,1.54.2,4-1-2,15090,46,4-1,3540,12,1-2-4,950,5,1-4,630,4
20250628,戸田,4,一般戦,晴,北東,1,1,5,6,3783,瓜 生 正 義,43,34,6.70,6,0.15,,4-1-2,15090,46,4-1,3540,12,1-2-4,950,5,1-4,630,4
20250628,戸田,4,一般戦,晴,北東,1,1,6,5,4494,河 合 佑 樹,18,56,6.75,5,0.16,,4-1-2,15090,46,4-1,3540,12,1-2-4,950,5,1-4,630,4
20250628,戸田,5,一般戦,晴,北東,2,2,1,1,4013,中 島 孝 平,23,31,6.64,1,0.14,1.50.4,1-4-5,3090,10,1-4,890,3,1-4-5,1000,6,1-4,660,3
20250628,戸田,5,一般戦,晴,北東,2,2,2,4,4760,山 崎 郡,58,30,6.75,5,0.12,1.51.3,1-4-5,3090,10,1-4,890,3,1-4-5,1000,6,1-4,660,3
20250628,戸田,5,一般戦,晴,北東,2,2,3,5,4851,関 浩 哉,14,42,6.71,4,0.12,1.52.3,1-4-5,3090,10,1-4,890,3,1-4-5,1000,6,1-4,660,3
20250628,戸田,5,一般戦,晴,北東,2,2,4,2,4847,佐 藤 隆太郎,29,73,6.69,2,0.15,1.54.4,1-4-5,3090,10,1-4,890,3,1-4-5,1000,6,1-4,660,3
20250628,戸田,5,一般戦,晴,北東,2,2,5,6,3942,寺 田 祥,54,45,6.85,6,0.13,,1-4-5,3090,10,1-4,890,3,1-4-5,1000,6,1-4,660,3
20250628,戸田,5,一般戦,晴,北東,2,2,6,3,4344,新 田 雄 史,48,35,6.75,3,0.24,,1-4-5,3090,10,1-4,890,3,1-4-5,1000,6,1-4,660,3
20250628,戸田,6,一般戦,晴,北東,4,3,1,1,4500,山 田 康 二,7,52,6.75,1,0.26,1.49.9,1-2-3,1350,1,1-2,520,1,1-2-3,450,1,1-2,350,1
20250628,戸田,6,一般戦,晴,北東,4,3,2,2,4586,磯 部 誠,1,36,6.74,3,0.23,1.51.3,1-2-3,1350,1,1-2,520,1,1-2-3,450,1,1-2,350,1
20250628,戸田,6,一般戦,晴,北東,4,3,3,3,4762,藤 原 啓史朗,11,64,6.69,4,0.18,1.52.5,1-2-3,1350,1,1-2,520,1,1-2-3,450,1,1-2,350,1
20250628,戸田,6,一般戦,晴,北東,4,3,4,4,3854,吉 川 元 浩,5,17,6.67,5,0.31,1.53.3,1-2-3,1350,1,1-2,520,1,1-2-3,450,1,1-2,350,1
20250628,戸田,6,一般戦,晴,北東,4,3,5,5,4397,西 村 拓 也,62,71,6.82,6,0.22,,1-2-3,1350,1,1-2,520,1,1-2-3,450,1,1-2,350,1
20250628,戸田,6,一般戦,晴,北東,4,3,6,6,3946,赤 岩 善 生,30,57,6.84,2,0.25,,1-2-3,1350,1,1-2,520,1,1-2-3,450,1,1-2,350,1
20250628,戸田,7,一般戦,晴,北東,2,2,1,1,4030,森 高 一 真,16,50,6.68,1,0.11,1.50.7,1-5-6,6560,25,1-5,1110,5,1-5-6,3250,13,1-5,770,4
20250628,戸田,7,一般戦,晴,北東,2,2,2,5,4503,上 野 真之介,21,16,6.76,5,0.09,1.51.8,1-5-6,6560,25,1-5,1110,5,1-5-6,3250,13,1-5,770,4
20250628,戸田,7,一般戦,晴,北東,2,2,3,6,4262,馬 場 貴 也,63,47,6.76,6,0.12,1.53.3,1-5-6,6560,25,1-5,1110,5,1-5-6,3250,13,1-5,770,4
20250628,戸田,7,一般戦,晴,北東,2,2,4,3,4686,丸 野 一 樹,65,14,6.73,3,0.10,1.55.3,1-5-6,6560,25,1-5,1110,5,1-5-6,3250,13,1-5,770,4
20250628,戸田,7,一般戦,晴,北東,2,2,5,2,3716,石 渡 鉄 兵,55,37,6.77,2,0.10,,1-5-6,6560,25,1-5,1110,5,1-5-6,3250,13,1-5,770,4
20250628,戸田,7,一般戦,晴,北東,2,2,6,4,4337,平 本 真 之,3,76,6.76,4,0.04,,1-5-6,6560,25,1-5,1110,5,1-5-6,3250,13,1-5,770,4
20250628,戸田,8,一般戦,晴,無風,0,0,1,1,4205,山 口 剛,38,46,6.62,1,0.11,1.49.8,1-5-6,8100,26,1-5,1540,6,1-5-6,3360,11,1-5,1330,4
20250628,戸田,8,一般戦,晴,無風,0,0,2,5,4350,篠 崎 元 志,44,55,6.81,5,0.13,1.51.2,1-5-6,8100,26,1-5,1540,6,1-5-6,3360,11,1-5,1330,4
20250628,戸田,8,一般戦,晴,無風,0,0,3,6,4362,土 屋 智 則,9,32,6.67,6,0.15,1.52.4,1-5-6,8100,26,1-5,1540,6,1-5-6,3360,11,1-5,1330,4
20250628,戸田,8,一般戦,晴,無風,0,0,4,4,4502,遠 藤 エ ミ,35,23,6.76,4,0.11,1.53.3,1-5-6,8100,26,1-5,1540,6,1-5-6,3360,11,1-5,1330,4
20250628,戸田,8,一般戦,晴,無風,0,0,5,2,4238,毒 島 誠,46,54,6.74,2,0.15,,1-5-6,8100,26,1-5,1540,6,1-5-6,3360,11,1-5,1330,4
20250628,戸田,8,一般戦,晴,無風,0,0,6,3,4914,吉 田 裕 平,45,63,6.73,3,0.11,,1-5-6,8100,26,1-5,1540,6,1-5-6,3360,11,1-5,1330,4
20250628,戸田,9,一般戦,晴,北,3,1,1,1,4418,茅 原 悠 紀,52,39,6.71,1,0.18,1.49.6,1-2-3,1020,2,1-2,430,2,1-2-3,440,2,1-2,350,2
20250628,戸田,9,一般戦,晴,北,3,1,2,2,4939,宮之原 輝 紀,33,77,6.62,2,0.21,1.51.4,1-2-3,1020,2,1-2,430,2,1-2-3,440,2,1-2,350,2
20250628,戸田,9,一般戦,晴,北,3,1,3,3,4851,関 浩 哉,14,42,6.71,3,0.22,1.52.6,1-2-3,1020,2,1-2,430,2,1-2-3,440,2,1-2,350,2
20250628,戸田,9,一般戦,晴,北,3,1,4,6,3897,白 井 英 治,24,26,6.75,6,0.22,1.53.2,1-2-3,1020,2,1-2,430,2,1-2-3,440,2,1-2,350,2
20250628,戸田,9,一般戦,晴,北,3,1,5,5,3415,松 井 繁,28,24,6.76,5,0.24,,1-2-3,1020,2,1-2,430,2,1-2-3,440,2,1-2,350,2
20250628,戸田,9,一般戦,晴,北,3,1,6,4,4013,中 島 孝 平,23,31,6.73,4,0.22,,1-2-3,1020,2,1-2,430,2,1-2-3,440,2,1-2,350,2
20250628,戸田,10,準優勝戦,晴,東,3,2,1,1,4444,桐 生 順 平,64,65,6.62,1,0.11,1.50.1,1-4-5,1510,7,1-4,380,2,1-4-5,840,4,1-4,300,2
20250628,戸田,10,準優勝戦,晴,東,3,2,2,4,4573,佐 藤 翼,39,40,6.63,4,0.24,1.51.1,1-4-5,1510,7,1-4,380,2,1-4-5,840,4,1-4,300,2
20250628,戸田,10,準優勝戦,晴,東,3,2,3,5,4166,吉 田 拡 郎,25,21,6.77,5,0.16,1.52.9,1-4-5,1510,7,1-4,380,2,1-4-5,840,4,1-4,300,2
20250628,戸田,10,準優勝戦,晴,東,3,2,4,3,4719,上 條 暢 嵩,56,15,6.71,3,0.12,1.54.8,1-4-5,1510,7,1-4,380,2,1-4-5,840,4,1-4,300,2
20250628,戸田,10,準優勝戦,晴,東,3,2,5,6,4445,宮 地 元 輝,13,22,6.69,6,0.13,,1-4-5,1510,7,1-4,380,2,1-4-5,840,4,1-4,300,2
20250628,戸田,10,準優勝戦,晴,東,3,2,6,2,4266,長 田 頼 宗,53,68,6.61,2,0.13,,1-4-5,1510,7,1-4,380,2,1-4-5,840,4,1-4,300,2
20250628,戸田,11,準優勝戦,晴,南東,2,2,1,1,4547,中 田 竜 太,19,13,6.60,1,0.04,1.49.2,1-2-4,840,1,1-2,330,1,1-2-4,280,1,1-2,220,1
20250628,戸田,11,準優勝戦,晴,南東,2,2,2,2,4320,峰 竜 太,22,60,6.70,2,0.06,1.50.5,1-2-4,840,1,1-2,330,1,1-2-4,280,1,1-2,220,1
20250628,戸田,11,準優勝戦,晴,南東,2,2,3,4,4168,石 野 貴 之,49,43,6.64,4,0.12,1.52.4,1-2-4,840,1,1-2,330,1,1-2-4,280,1,1-2,220,1
20250628,戸田,11,準優勝戦,晴,南東,2,2,4,6,4371,西 山 貴 浩,15,58,6.86,6,0.22,1.53.6,1-2-4,840,1,1-2,330,1,1-2-4,280,1,1-2,220,1
20250628,戸田,11,準優勝戦,晴,南東,2,2,5,3,4524,深 谷 知 博,41,12,6.74,3,0.06,,1-2-4,840,1,1-2,330,1,1-2-4,280,1,1-2,220,1
20250628,戸田,11,準優勝戦,晴,南東,2,2,6,5,4024,井 口 佳 典,61,25,6.79,5,0.18,,1-2-4,840,1,1-2,330,1,1-2-4,280,1,1-2,220,1
20250628,桐生,12,準優勝戦,晴,南東,3,2,1,1,3941,池 田 浩 二,8,53,6.63,1,0.05,1.49.1,1-4-2,3050,7,1-4,900,4,1-2-4,900,4,1-4,750,3
20250628,桐生,12,準優勝戦,晴,南東,3,2,2,4,4459,片 岡 雅 裕,42,62,6.71,4,0.06,1.51.0,1-4-2,3050,7,1-4,900,4,1-2-4,900,4,1-4,750,3
20250628,桐生,12,準優勝戦,晴,南東,3,2,3,2,3779,原 田 幸 哉,47,61,6.68,2,0.07,1.52.8,1-4-2,3050,7,1-4,900,4,1-2-4,900,4,1-4,750,3
20250628,桐生,12,準優勝戦,晴,南東,3,2,4,6,4504,前 田 将 太,12,28,6.72,6,0.12,1.53.3,1-4-2,3050,7,1-4,900,4,1-2-4,900,4,1-4,750,3
20250628,桐生,12,準優勝戦,晴,南東,3,2,5,3,4044,湯 川 浩 司,26,75,6.59,3,0.10,,1-4-2,3050,7,1-4,900,4,1-2-4,900,4,1-4,750,3
20250628,桐生,12,準優勝戦,晴,南東,3,2,6,5,4787,椎 名 豊,10,69,6.64,5,0.10,,1-4-2,3050,7,1-4,900,4,1-2-4,900,4,1-4,750,3
20250628,桐生,1,予選,晴,東,3,2,1,3,5095,小 原 聡 将,71,16,6.84,3,0.17,1.50.1,3-1-4,1300,3,3-1,480,1,1-3-4,310,1,1-3,240,1
20250628,桐生,1,予選,晴,東,3,2,2,1,4329,小 松 卓 司,59,42,6.74,1,0.19,1.52.6,3-1-4,1300,3,3-1,480,1,1-3-4,310,1,1-3,240,1
20250628,桐生,1,予選,晴,東,3,2,3,4,4252,松 下 哲 也,69,63,6.91,4,0.15,1.53.9,3-1-4,1300,3,3-1,480,1,1-3-4,310,1,1-3,240,1
20250628,桐生,1,予選,晴,東,3,2,4,6,4327,加 藤 翔,54,38,6.88,5,0.18,1.55.2,3-1-4,1300,3,3-1,480,1,1-3-4,310,1,1-3,240,1
20250628,桐生,1,予選,晴,東,3,2,5,2,5175,島 崎 丈一朗,33,23,6.83,2,0.14,1.55.6,3-1-4,1300,3,3-1,480,1,1-3-4,310,1,1-3,240,1
20250628,桐生,1,予選,晴,東,3,2,6,5,5377,鳥居塚 嶺 王,47,36,6.81,6,0.25,1.58.0,3-1-4,1300,3,3-1,480,1,1-3-4,310,1,1-3,240,1
20250628,桐生,2,予選,晴,東,3,2,1,3,5006,久保原 秀 人,32,27,6.75,3,0.14,1.51.0,3-2-1,8850,25,3-2,5560,19,1-2-3,480,2,2-3,1920,7
20250628,桐生,2,予選,晴,東,3,2,2,2,5016,宮 田 龍 馬,50,50,6.86,2,0.18,1.52.5,3-2-1,8850,25,3-2,5560,19,1-2-3,480,2,2-3,1920,7
20250628,桐生,2,予選,晴,東,3,2,3,1,4448,青 木 玄 太,34,26,6.78,1,0.19,1.53.4,3-2-1,8850,25,3-2,5560,19,1-2-3,480,2,2-3,1920,7
20250628,桐生,2,予選,晴,東,3,2,4,5,3572,安 田 政 彦,41,74,6.80,4,0.13,1.55.6,3-2-1,8850,25,3-2,5560,19,1-2-3,480,2,2-3,1920,7
20250628,桐生,2,予選,晴,東,3,2,5,4,5077,滝 沢 崚,39,19,6.83,6,0.12,1.57.4,3-2-1,8850,25,3-2,5560,19,1-2-3,480,2,2-3,1920,7
20250628,桐生,2,予選,晴,東,3,2,6,6,4793,金 子 萌,56,52,6.73,5,0.12,1.57.6,3-2-1,8850,25,3-2,5560,19,1-2-3,480,2,2-3,1920,7
20250628,桐生,3,予選,晴,東,3,2,1,3,4723,寺 島 吉 彦,20,49,6.83,3,0.16,1.51.6,3-6-1,7060,31,3-6,1280,6,1-3-6,1180,6,3-6,1260,8
20250628,桐生,3,予選,晴,東,3,2,2,6,4706,三 浦 洋次朗,45,43,6.89,5,0.21,1.53.4,3-6-1,7060,31,3-6,1280,6,1-3-6,1180,6,3-6,1260,8
20250628,桐生,3,予選,晴,東,3,2,3,1,3790,佐 口 達 也,62,14,6.81,1,0.29,1.55.1,3-6-1,7060,31,3-6,1280,6,1-3-6,1180,6,3-6,1260,8
20250628,桐生,3,予選,晴,東,3,2,4,2,4298,宮 下 元 胤,53,51,6.74,2,0.23,1.55.5,3-6-1,7060,31,3-6,1280,6,1-3-6,1180,6,3-6,1260,8
20250628,桐生,3,予選,晴,東,3,2,5,4,4813,宮 内 直 哉,24,66,6.86,4,0.17,1.56.8,3-6-1,7060,31,3-6,1280,6,1-3-6,1180,6,3-6,1260,8
20250628,桐生,3,予選,晴,東,3,2,6,5,5341,山 道 諄 也,74,17,6.80,6,0.21,1.57.3,3-6-1,7060,31,3-6,1280,6,1-3-6,1180,6,3-6,1260,8
20250628,桐生,4,予選,晴,東,3,2,1,5,4934,佐々木 翔 斗,49,45,6.81,5,0.20,1.50.8,5-2-4,15370,59,5-2,2450,10,2-4-5,1000,5,2-5,780,2
20250628,桐生,4,予選,晴,東,3,2,2,2,4535,北 山 康 介,46,21,6.81,2,0.12,1.51.8,5-2-4,15370,59,5-2,2450,10,2-4-5,1000,5,2-5,780,2
20250628,桐生,4,予選,晴,東,3,2,3,4,4404,岸 蔭 亮,61,68,6.82,3,0.16,1.54.6,5-2-4,15370,59,5-2,2450,10,2-4-5,1000,5,2-5,780,2
20250628,桐生,4,予選,晴,東,3,2,4,3,4918,川 島 拓 郎,26,40,6.78,4,0.15,1.55.1,5-2-4,15370,59,5-2,2450,10,2-4-5,1000,5,2-5,780,2
20250628,桐生,4,予選,晴,東,3,2,5,1,3934,鋤 柄 貴 俊,73,75,6.80,1,0.15,1.55.5,5-2-4,15370,59,5-2,2450,10,2-4-5,1000,5,2-5,780,2
20250628,桐生,4,予選,晴,東,3,2,6,6,4122,安 東 幸 治,27,35,6.82,6,0.24,1.58.1,5-2-4,15370,59,5-2,2450,10,2-4-5,1000,5,2-5,780,2
20250628,桐生,5,予選,晴,東,2,1,1,4,4384,鶴 本 崇 文,19,29,6.86,4,0.13,1.51.8,4-3-2,16300,75,4-3,2650,15,2-3-4,1200,6,3-4,1720,8
20250628,桐生,5,予選,晴,東,2,1,2,3,4346,前 田 健太郎,36,67,6.80,3,0.10,1.53.4,4-3-2,16300,75,4-3,2650,15,2-3-4,1200,6,3-4,1720,8
20250628,桐生,5,予選,晴,東,2,1,3,2,4644,山 田 亮 太,51,24,6.88,2,0.18,1.54.2,4-3-2,16300,75,4-3,2650,15,2-3-4,1200,6,3-4,1720,8
20250628,桐生,5,予選,晴,東,2,1,4,6,3772,一 柳 和 孝,13,12,6.87,6,0.12,1.56.3,4-3-2,16300,75,4-3,2650,15,2-3-4,1200,6,3-4,1720,8
20250628,桐生,5,予選,晴,東,2,1,5,1,4162,竹 本 太 樹,60,13,6.87,1,0.29,1.56.3,4-3-2,16300,75,4-3,2650,15,2-3-4,1200,6,3-4,1720,8
20250628,桐生,5,予選,晴,東,2,1,6,5,4296,岡 崎 恭 裕,14,39,6.92,5,0.19,2.00.2,4-3-2,16300,75,4-3,2650,15,2-3-4,1200,6,3-4,1720,8
20250628,桐生,6,ドラドキ目玉,晴,東,3,2,1,4,5216,長谷川 晴 哉,58,18,6.80,4,0.12,1.50.9,4-6-2,7070,23,4-6,1530,6,2-4-6,2180,8,4-6,1680,5
20250628,桐生,6,ドラドキ目玉,晴,東,3,2,2,6,4076,杉 田 篤 光,16,57,6.78,6,0.21,1.53.4,4-6-2,7070,23,4-6,1530,6,2-4-6,2180,8,4-6,1680,5
20250628,桐生,6,ドラドキ目玉,晴,東,3,2,3,2,5006,久保原 秀 人,32,27,6.83,2,0.15,1.55.2,4-6-2,7070,23,4-6,1530,6,2-4-6,2180,8,4-6,1680,5
20250628,桐生,6,ドラドキ目玉,晴,東,3,2,4,5,4253,西 川 真 人,65,33,6.92,5,0.23,1.56.3,4-6-2,7070,23,4-6,1530,6,2-4-6,2180,8,4-6,1680,5
20250628,桐生,6,ドラドキ目玉,晴,東,3,2,5,3,5110,杉 山 喜 一,67,65,6.86,3,0.16,1.56.9,4-6-2,7070,23,4-6,1530,6,2-4-6,2180,8,4-6,1680,5
20250628,桐生,6,ドラドキ目玉,晴,東,3,2,6,1,4067,永 井 源,23,37,6.79,1,0.17,1.57.6,4-6-2,7070,23,4-6,1530,6,2-4-6,2180,8,4-6,1680,5
20250628,桐生,7,ドラドキ３,晴,北東,1,1,1,1,5161,登 玉 隼 百,12,22,6.85,1,0.03,1.50.4,1-3-5,570,1,1-3,280,1,1-3-5,310,2,1-3,170,1
20250628,桐生,7,ドラドキ３,晴,北東,1,1,2,3,4401,小 林 泰,57,54,6.84,3,0.03,1.52.5,1-3-5,570,1,1-3,280,1,1-3-5,310,2,1-3,170,1
20250628,桐生,7,ドラドキ３,晴,北東,1,1,3,5,3294,野 中 義 生,55,71,6.88,5,0.06,1.53.0,1-3-5,570,1,1-3,280,1,1-3-5,310,2,1-3,170,1
20250628,桐生,7,ドラドキ３,晴,北東,1,1,4,2,5077,滝 沢 崚,39,19,6.73,2,0.05,1.55.8,1-3-5,570,1,1-3,280,1,1-3-5,310,2,1-3,170,1
20250628,桐生,7,ドラドキ３,晴,北東,1,1,5,4,4380,鈴 木 峻 佑,29,32,6.77,4,0.04,1.57.6,1-3-5,570,1,1-3,280,1,1-3-5,310,2,1-3,170,1
20250628,桐生,7,ドラドキ３,晴,北東,1,1,6,6,5377,鳥居塚 嶺 王,47,36,6.86,6,0.08,1.58.8,1-3-5,570,1,1-3,280,1,1-3-5,310,2,1-3,170,1
20250628,桐生,8,ドラドキ５,晴,北,2,1,1,1,3475,橋 本 久 和,30,25,6.84,1,0.25,1.51.0,1-2-4,1140,2,1-2,400,1,1-2-4,530,2,1-2,330,1
20250628,桐生,8,ドラドキ５,晴,北,2,1,2,2,5303,土 井 歩 夢,28,62,6.85,2,0.21,1.52.6,1-2-4,1140,2,1-2,400,1,1-2-4,530,2,1-2,330,1
20250628,桐生,8,ドラドキ５,晴,北,2,1,3,4,3572,安 田 政 彦,41,74,6.86,4,0.19,1.54.5,1-2-4,1140,2,1-2,400,1,1-2-4,530,2,1-2,330,1
20250628,桐生,8,ドラドキ５,晴,北,2,1,4,3,4440,萩 原 知 哉,66,60,6.78,3,0.18,1.55.2,1-2-4,1140,2,1-2,400,1,1-2-4,530,2,1-2,330,1
20250628,桐生,8,ドラドキ５,晴,北,2,1,5,5,4706,三 浦 洋次朗,45,43,6.88,5,0.16,1.56.7,1-2-4,1140,2,1-2,400,1,1-2-4,530,2,1-2,330,1
20250628,桐生,8,ドラドキ５,晴,北,2,1,6,6,5341,山 道 諄 也,74,17,6.81,6,0.17,1.56.7,1-2-4,1140,2,1-2,400,1,1-2-4,530,2,1-2,330,1
20250628,桐生,9,予選特賞,晴,北東,1,1,1,3,4448,青 木 玄 太,34,26,6.78,3,0.19,1.49.9,3-1-4,2250,6,3-1,790,3,1-3-4,470,2,1-3,240,1
20250628,桐生,9,予選特賞,晴,北東,1,1,2,1,5095,小 原 聡 将,71,16,6.80,1,0.16,1.51.4,3-1-4,2250,6,3-1,790,3,1-3-4,470,2,1-3,240,1
20250628,桐生,9,予選特賞,晴,北東,1,1,3,4,3687,花 田 和 明,52,61,6.80,4,0.09,1.52.9,3-1-4,2250,6,3-1,790,3,1-3-4,470,2,1-3,240,1
20250628,桐生,9,予選特賞,晴,北東,1,1,4,2,4934,佐々木 翔 斗,49,45,6.85,2,0.13,1.54.8,3-1-4,2250,6,3-1,790,3,1-3-4,470,2,1-3,240,1
20250628,桐生,9,予選特賞,晴,北東,1,1,5,5,3772,一 柳 和 孝,13,20,6.86,5,0.05,1.55.7,3-1-4,2250,6,3-1,790,3,1-3-4,470,2,1-3,240,1
20250628,桐生,9,予選特賞,晴,北東,1,1,6,6,4723,寺 島 吉 彦,20,49,6.79,6,0.04,1.59.2,3-1-4,2250,6,3-1,790,3,1-3-4,470,2,1-3,240,1
20250628,桐生,10,予選特賞,曇り,北東,1,1,1,5,5016,宮 田 龍 馬,50,50,6.85,5,0.19,1.51.1,5-1-4,10950,48,5-1,2470,12,1-4-5,1450,6,1-5,840,4
20250628,桐生,10,予選特賞,曇り,北東,1,1,2,1,4298,宮 下 元 胤,53,51,6.78,1,0.18,1.52.9,5-1-4,10950,48,5-1,2470,12,1-4-5,1450,6,1-5,840,4
20250628,桐生,10,予選特賞,曇り,北東,1,1,3,4,4644,山 田 亮 太,51,24,7.03,3,0.16,1.53.1,5-1-4,10950,48,5-1,2470,12,1-4-5,1450,6,1-5,840,4
20250628,桐生,10,予選特賞,曇り,北東,1,1,4,2,5216,長谷川 晴 哉,58,18,6.91,2,0.15,1.55.1,5-1-4,10950,48,5-1,2470,12,1-4-5,1450,6,1-5,840,4
20250628,桐生,10,予選特賞,曇り,北東,1,1,5,3,4122,安 東 幸 治,27,35,6.86,4,0.21,1.56.5,5-1-4,10950,48,5-1,2470,12,1-4-5,1450,6,1-5,840,4
20250628,桐生,10,予選特賞,曇り,北東,1,1,6,6,4252,松 下 哲 也,69,63,6.96,6,0.20,1.59.3,5-1-4,10950,48,5-1,2470,12,1-4-5,1450,6,1-5,840,4
20250628,桐生,11,一般特選,曇り,北東,2,1,1,1,4401,小 林 泰,57,54,6.82,1,0.17,1.50.9,1-3-2,800,2,1-3,320,2,1-2-3,220,1,1-3,310,2
20250628,桐生,11,一般特選,曇り,北東,2,1,2,3,4067,永 井 源,23,37,6.82,3,0.19,1.52.4,1-3-2,800,2,1-3,320,2,1-2-3,220,1,1-3,310,2
20250628,桐生,11,一般特選,曇り,北東,2,1,3,2,4384,鶴 本 崇 文,19,29,6.85,2,0.18,1.53.6,1-3-2,800,2,1-3,320,2,1-2-3,220,1,1-3,310,2
20250628,桐生,11,一般特選,曇り,北東,2,1,4,6,5175,島 崎 丈一朗,33,23,6.97,5,0.24,1.54.8,1-3-2,800,2,1-3,320,2,1-2-3,220,1,1-3,310,2
20250628,桐生,11,一般特選,曇り,北東,2,1,5,4,4793,金 子 萌,56,52,6.87,4,0.23,1.55.5,1-3-2,800,2,1-3,320,2,1-2-3,220,1,1-3,310,2
20250628,桐生,11,一般特選,曇り,北東,2,1,6,5,4404,岸 蔭 亮,61,68,6.84,6,0.27,1.59.5,1-3-2,800,2,1-3,320,2,1-2-3,220,1,1-3,310,2
20250628,桐生,12,一般桐生特選,曇り,北東,2,1,1,1,4296,岡 崎 恭 裕,14,39,6.70,1,0.16,1.51.6,1-6-3,1760,5,1-6,590,3,1-3-6,480,2,1-6,520,3
20250628,桐生,12,一般桐生特選,曇り,北東,2,1,2,6,4535,北 山 康 介,46,21,6.86,6,0.17,1.52.5,1-6-3,1760,5,1-6,590,3,1-3-6,480,2,1-6,520,3
20250628,桐生,12,一般桐生特選,曇り,北東,2,1,3,3,3475,橋 本 久 和,30,25,6.87,3,0.25,1.54.0,1-6-3,1760,5,1-6,590,3,1-3-6,480,2,1-6,520,3
20250628,桐生,12,一般桐生特選,曇り,北東,2,1,4,4,5161,登 玉 隼 百,12,22,6.82,4,0.21,1.54.6,1-6-3,1760,5,1-6,590,3,1-3-6,480,2,1-6,520,3
20250628,桐生,12,一般桐生特選,曇り,北東,2,1,5,2,4253,西 川 真 人,65,33,6.86,2,0.24,1.56.6,1-6-3,1760,5,1-6,590,3,1-3-6,480,2,1-6,520,3
20250628,桐生,12,一般桐生特選,曇り,北東,2,1,6,5,3790,佐 口 達 也,62,14,6.88,5,0.23,1.58.3,1-6-3,1760,5,1-6,590,3,1-3-6,480,2,1-6,520,3
