date,venue_name,race_no,race_type,weather,wind_dir,wind_ms,wave_cm,rank,waku,reg_no,name,motor_no,boat_no,exhibition_time,course_enter,st_timing,race_time,won3,won3_pay,won3_pop,won2,won2_pay,won2_pop,trio,trio_pay,trio_pop,pair,pair_pay,pair_pop,lap_time,turn_time,straight_time,lap_rank,turn_rank,straight_rank,exhibition_eval
20250824,下関,1,一般,晴,南西,3,3,1,3,4442,松 竹 大 輔,73,48,6.84,3,0.08,1.50.0,3-1-6,7640,34,3-1,1390,5,1-3-6,620,2,1-3,360,1,,,,,,,
20250824,下関,1,一般,晴,南西,3,3,2,1,4139,丹 下 健,27,40,6.80,1,0.08,1.51.9,3-1-6,7640,34,3-1,1390,5,1-3-6,620,2,1-3,360,1,,,,,,,
20250824,下関,1,一般,晴,南西,3,3,3,6,4672,守 屋 大 地,53,19,6.69,6,0.04,1.53.6,3-1-6,7640,34,3-1,1390,5,1-3-6,620,2,1-3,360,1,,,,,,,
20250824,下関,1,一般,晴,南西,3,3,4,5,5000,岡 本 翔太郎,42,20,6.82,5,0.06,1.54.1,3-1-6,7640,34,3-1,1390,5,1-3-6,620,2,1-3,360,1,,,,,,,
20250824,下関,1,一般,晴,南西,3,3,5,2,3714,梶 原 正,21,64,6.84,2,0.06,,3-1-6,7640,34,3-1,1390,5,1-3-6,620,2,1-3,360,1,,,,,,,
20250824,下関,1,一般,晴,南西,3,3,6,4,4641,磯 村 匠,43,54,6.85,4,0.05,,3-1-6,7640,34,3-1,1390,5,1-3-6,620,2,1-3,360,1,,,,,,,
20250824,下関,2,一般,晴,南西,4,4,1,1,4122,安 東 幸 治,70,58,6.77,1,0.19,1.50.2,1-4-6,1830,8,1-4,330,3,1-4-6,870,4,1-4,340,2,,,,,,,
20250824,下関,2,一般,晴,南西,4,4,2,4,4041,小 林 基 樹,33,45,6.79,4,0.15,1.52.3,1-4-6,1830,8,1-4,330,3,1-4-6,870,4,1-4,340,2,,,,,,,
20250824,下関,2,一般,晴,南西,4,4,3,6,3730,塩 崎 優 司,49,41,6.89,5,0.11,1.53.6,1-4-6,1830,8,1-4,330,3,1-4-6,870,4,1-4,340,2,,,,,,,
20250824,下関,2,一般,晴,南西,4,4,4,5,5309,森 雄 利,54,22,6.81,6,0.07,1.54.3,1-4-6,1830,8,1-4,330,3,1-4-6,870,4,1-4,340,2,,,,,,,
20250824,下関,2,一般,晴,南西,4,4,5,3,4203,小 倉 康 典,39,26,6.83,3,0.15,,1-4-6,1830,8,1-4,330,3,1-4-6,870,4,1-4,340,2,,,,,,,
20250824,下関,2,一般,晴,南西,4,4,6,2,4268,和 合 俊 介,23,47,6.84,2,0.13,,1-4-6,1830,8,1-4,330,3,1-4-6,870,4,1-4,340,2,,,,,,,
20250824,下関,3,一般,晴,南西,3,3,1,1,4134,杉 山 貴 博,17,60,6.70,1,0.11,1.50.2,1-2-3,1440,7,1-2,410,3,1-2-3,510,3,1-2,420,3,,,,,,,
20250824,下関,3,一般,晴,南西,3,3,2,2,4407,鹿 島 敏 弘,62,30,6.80,2,0.16,1.51.4,1-2-3,1440,7,1-2,410,3,1-2-3,510,3,1-2,420,3,,,,,,,
20250824,下関,3,一般,晴,南西,3,3,3,3,5048,眞 鳥 康 太,64,25,6.74,3,0.14,1.52.5,1-2-3,1440,7,1-2,410,3,1-2-3,510,3,1-2,420,3,,,,,,,
20250824,下関,3,一般,晴,南西,3,3,4,6,4496,内 堀 学,12,50,6.72,5,0.18,1.54.0,1-2-3,1440,7,1-2,410,3,1-2-3,510,3,1-2,420,3,,,,,,,
20250824,下関,3,一般,晴,南西,3,3,5,4,4108,吉 村 正 明,28,65,6.79,4,0.13,,1-2-3,1440,7,1-2,410,3,1-2-3,510,3,1-2,420,3,,,,,,,
20250824,下関,3,一般,晴,南西,3,3,6,5,5392,安 武 一 也,25,53,6.77,6,0.19,,1-2-3,1440,7,1-2,410,3,1-2-3,510,3,1-2,420,3,,,,,,,
20250824,下関,4,一般,晴,南西,2,2,1,1,5145,島 川 海 輝,36,11,6.71,1,0.07,1.50.5,1-6-5,3420,12,1-6,510,3,1-5-6,1410,6,1-6,520,3,,,,,,,
20250824,下関,4,一般,晴,南西,2,2,2,6,4503,上 野 真之介,66,15,6.81,6,0.14,1.52.1,1-6-5,3420,12,1-6,510,3,1-5-6,1410,6,1-6,520,3,,,,,,,
20250824,下関,4,一般,晴,南西,2,2,3,5,5098,大 江 純,35,56,6.75,5,0.13,1.52.3,1-6-5,3420,12,1-6,510,3,1-5-6,1410,6,1-6,520,3,,,,,,,
20250824,下関,4,一般,晴,南西,2,2,4,4,4790,柳 内 敬 太,44,62,6.74,4,0.03,1.53.7,1-6-5,3420,12,1-6,510,3,1-5-6,1410,6,1-6,520,3,,,,,,,
20250824,下関,4,一般,晴,南西,2,2,5,3,3964,宮 地 博 士,50,38,6.82,3,0.08,,1-6-5,3420,12,1-6,510,3,1-5-6,1410,6,1-6,520,3,,,,,,,
20250824,下関,4,一般,晴,南西,2,2,6,2,4875,大 塚 康 雅,20,59,6.82,2,0.11,,1-6-5,3420,12,1-6,510,3,1-5-6,1410,6,1-6,520,3,,,,,,,
20250824,下関,5,シーモ 戦,晴,南西,1,1,1,1,4051,清 水 敦 揮,40,42,6.86,1,0.22,1.50.0,1-3-5,2730,10,1-3,450,2,1-3-5,1940,8,1-3,710,3,,,,,,,
20250824,下関,5,シーモ 戦,晴,南西,1,1,2,3,4705,吉 川 勇 作,63,46,6.86,3,0.17,1.50.8,1-3-5,2730,10,1-3,450,2,1-3-5,1940,8,1-3,710,3,,,,,,,
20250824,下関,5,シーモ 戦,晴,南西,1,1,3,5,4004,山 本 浩 輔,14,43,6.80,4,0.18,1.53.0,1-3-5,2730,10,1-3,450,2,1-3-5,1940,8,1-3,710,3,,,,,,,
20250824,下関,5,シーモ 戦,晴,南西,1,1,4,6,4120,柘 植 政 浩,32,66,6.90,5,0.19,1.54.3,1-3-5,2730,10,1-3,450,2,1-3-5,1940,8,1-3,710,3,,,,,,,
20250824,下関,5,シーモ 戦,晴,南西,1,1,5,2,4442,松 竹 大 輔,73,48,6.84,2,0.21,,1-3-5,2730,10,1-3,450,2,1-3-5,1940,8,1-3,710,3,,,,,,,
20250824,下関,5,シーモ 戦,晴,南西,1,1,6,4,5178,成 貞 琳 平,15,17,6.84,6,0.25,,1-3-5,2730,10,1-3,450,2,1-3-5,1940,8,1-3,710,3,,,,,,,
20250824,下関,6,一般,晴,南西,1,1,1,5,3876,中 辻 崇 人,69,33,6.71,4,0.17,1.50.3,5-3-2,5760,23,5-3,1630,7,2-3-5,1470,4,3-5,1320,4,,,,,,,
20250824,下関,6,一般,晴,南西,1,1,2,3,4641,磯 村 匠,43,54,6.84,3,0.25,1.52.0,5-3-2,5760,23,5-3,1630,7,2-3-5,1470,4,3-5,1320,4,,,,,,,
20250824,下関,6,一般,晴,南西,1,1,3,2,4293,鈴 木 智 啓,30,49,6.87,2,0.19,1.52.9,5-3-2,5760,23,5-3,1630,7,2-3-5,1470,4,3-5,1320,4,,,,,,,
20250824,下関,6,一般,晴,南西,1,1,4,1,4105,松 下 直 也,29,18,6.84,1,0.22,1.53.3,5-3-2,5760,23,5-3,1630,7,2-3-5,1470,4,3-5,1320,4,,,,,,,
20250824,下関,6,一般,晴,南西,1,1,5,4,3730,塩 崎 優 司,49,41,6.93,5,0.23,,5-3-2,5760,23,5-3,1630,7,2-3-5,1470,4,3-5,1320,4,,,,,,,
20250824,下関,6,一般,晴,南西,1,1,6,6,5309,森 雄 利,54,22,6.85,6,0.18,,5-3-2,5760,23,5-3,1630,7,2-3-5,1470,4,3-5,1320,4,,,,,,,
20250824,下関,7,ふく～る 戦,晴,南西,2,2,1,1,5068,前 田 滉,19,12,6.76,1,0.14,1.51.0,1-4-6,2980,13,1-4,340,3,1-4-6,2040,7,1-4,230,1,,,,,,,
20250824,下関,7,ふく～る 戦,晴,南西,2,2,2,4,3965,北 中 元 樹,24,67,6.95,4,0.21,1.52.0,1-4-6,2980,13,1-4,340,3,1-4-6,2040,7,1-4,230,1,,,,,,,
20250824,下関,7,ふく～る 戦,晴,南西,2,2,3,6,4139,丹 下 健,27,40,6.86,6,0.22,1.54.1,1-4-6,2980,13,1-4,340,3,1-4-6,2040,7,1-4,230,1,,,,,,,
20250824,下関,7,ふく～る 戦,晴,南西,2,2,4,5,4100,松 田 隆 司,58,73,6.84,5,0.21,1.54.5,1-4-6,2980,13,1-4,340,3,1-4-6,2040,7,1-4,230,1,,,,,,,
20250824,下関,7,ふく～る 戦,晴,南西,2,2,5,2,4108,吉 村 正 明,28,65,6.88,2,0.11,,1-4-6,2980,13,1-4,340,3,1-4-6,2040,7,1-4,230,1,,,,,,,
20250824,下関,7,ふく～る 戦,晴,南西,2,2,6,3,4355,小 川 広 大,26,28,6.85,3,0.15,,1-4-6,2980,13,1-4,340,3,1-4-6,2040,7,1-4,230,1,,,,,,,
20250824,下関,8,一般 進入固定,晴,北西,1,1,1,1,3964,宮 地 博 士,50,38,6.84,1,0.10,1.49.9,1-3-4,1710,6,1-3,470,1,1-3-4,810,4,1-3,310,1,,,,,,,
20250824,下関,8,一般 進入固定,晴,北西,1,1,2,3,4027,松 江 秀 徳,57,55,6.81,3,0.08,1.50.7,1-3-4,1710,6,1-3,470,1,1-3-4,810,4,1-3,310,1,,,,,,,
20250824,下関,8,一般 進入固定,晴,北西,1,1,3,4,4268,和 合 俊 介,23,47,6.88,4,0.11,1.53.1,1-3-4,1710,6,1-3,470,1,1-3-4,810,4,1-3,310,1,,,,,,,
20250824,下関,8,一般 進入固定,晴,北西,1,1,4,5,4407,鹿 島 敏 弘,62,30,6.84,5,0.13,1.53.6,1-3-4,1710,6,1-3,470,1,1-3-4,810,4,1-3,310,1,,,,,,,
20250824,下関,8,一般 進入固定,晴,北西,1,1,5,2,5098,大 江 純,35,56,6.81,2,0.12,,1-3-4,1710,6,1-3,470,1,1-3-4,810,4,1-3,310,1,,,,,,,
20250824,下関,8,一般 進入固定,晴,北西,1,1,6,6,5392,安 武 一 也,25,53,6.89,6,0.13,,1-3-4,1710,6,1-3,470,1,1-3-4,810,4,1-3,310,1,,,,,,,
20250824,下関,9,シーモ特選,晴,北西,1,1,1,1,4496,内 堀 学,12,50,6.77,1,0.26,1.51.2,1-2-6,930,3,1-2,170,1,1-2-6,510,3,1-2,160,1,,,,,,,
20250824,下関,9,シーモ特選,晴,北西,1,1,2,2,4790,柳 内 敬 太,44,62,6.81,2,0.28,1.51.9,1-2-6,930,3,1-2,170,1,1-2-6,510,3,1-2,160,1,,,,,,,
20250824,下関,9,シーモ特選,晴,北西,1,1,3,6,4552,杉 山 勝 匡,68,37,6.85,6,0.15,1.53.8,1-2-6,930,3,1-2,170,1,1-2-6,510,3,1-2,160,1,,,,,,,
20250824,下関,9,シーモ特選,晴,北西,1,1,4,5,4875,大 塚 康 雅,20,59,6.84,5,0.18,1.54.9,1-2-6,930,3,1-2,170,1,1-2-6,510,3,1-2,160,1,,,,,,,
20250824,下関,9,シーモ特選,晴,北西,1,1,5,4,4004,山 本 浩 輔,14,43,6.79,4,0.28,,1-2-6,930,3,1-2,170,1,1-2-6,510,3,1-2,160,1,,,,,,,
20250824,下関,9,シーモ特選,晴,北西,1,1,6,3,5178,成 貞 琳 平,15,17,6.86,3,0.25,,1-2-6,930,3,1-2,170,1,1-2-6,510,3,1-2,160,1,,,,,,,
20250824,下関,10,選抜戦,晴,北,1,1,1,1,3876,中 辻 崇 人,69,33,6.75,1,0.14,1.50.6,1-2-3,780,3,1-2,160,1,1-2-3,480,3,1-2,150,1,,,,,,,
20250824,下関,10,選抜戦,晴,北,1,1,2,2,4503,上 野 真之介,66,15,6.86,2,0.14,1.51.8,1-2-3,780,3,1-2,160,1,1-2-3,480,3,1-2,150,1,,,,,,,
20250824,下関,10,選抜戦,晴,北,1,1,3,3,4041,小 林 基 樹,33,45,6.78,3,0.10,1.53.4,1-2-3,780,3,1-2,160,1,1-2-3,480,3,1-2,150,1,,,,,,,
20250824,下関,10,選抜戦,晴,北,1,1,4,5,4051,清 水 敦 揮,40,42,6.89,5,0.14,1.54.4,1-2-3,780,3,1-2,160,1,1-2-3,480,3,1-2,150,1,,,,,,,
20250824,下関,10,選抜戦,晴,北,1,1,5,4,4122,安 東 幸 治,70,58,6.81,4,0.10,,1-2-3,780,3,1-2,160,1,1-2-3,480,3,1-2,150,1,,,,,,,
20250824,下関,10,選抜戦,晴,北,1,1,6,6,3714,梶 原 正,21,64,6.83,6,0.17,,1-2-3,780,3,1-2,160,1,1-2-3,480,3,1-2,150,1,,,,,,,
20250824,下関,11,選抜戦,晴,北東,2,2,1,1,4120,柘 植 政 浩,32,66,6.83,1,0.13,1.49.5,1-2-3,670,1,1-2,280,1,1-2-3,240,1,1-2,190,1,,,,,,,
20250824,下関,11,選抜戦,晴,北東,2,2,2,2,5068,前 田 滉,19,12,6.74,2,0.11,1.51.7,1-2-3,670,1,1-2,280,1,1-2-3,240,1,1-2,190,1,,,,,,,
20250824,下関,11,選抜戦,晴,北東,2,2,3,3,5145,島 川 海 輝,36,11,6.76,3,0.13,1.52.3,1-2-3,670,1,1-2,280,1,1-2-3,240,1,1-2,190,1,,,,,,,
20250824,下関,11,選抜戦,晴,北東,2,2,4,5,4134,杉 山 貴 博,17,60,6.88,5,0.12,1.53.4,1-2-3,670,1,1-2,280,1,1-2-3,240,1,1-2,190,1,,,,,,,
20250824,下関,11,選抜戦,晴,北東,2,2,5,4,4105,松 下 直 也,29,18,6.87,4,0.15,,1-2-3,670,1,1-2,280,1,1-2-3,240,1,1-2,190,1,,,,,,,
20250824,下関,11,選抜戦,晴,北東,2,2,6,6,4293,鈴 木 智 啓,30,49,6.92,6,0.11,,1-2-3,670,1,1-2,280,1,1-2-3,240,1,1-2,190,1,,,,,,,
20250824,下関,12,優勝戦,晴,北西,1,1,1,1,4064,原 田 篤 志,41,63,6.81,1,0.10,1.50.0,1-2-3,450,1,1-2,210,1,1-2-3,200,1,1-2,170,1,,,,,,,
20250824,下関,12,優勝戦,晴,北西,1,1,2,2,4787,椎 名 豊,46,68,6.73,2,0.12,1.51.3,1-2-3,450,1,1-2,210,1,1-2-3,200,1,1-2,170,1,,,,,,,
20250824,下関,12,優勝戦,晴,北西,1,1,3,3,4713,白 神 優,72,36,6.84,3,0.13,1.52.5,1-2-3,450,1,1-2,210,1,1-2-3,200,1,1-2,170,1,,,,,,,
20250824,下関,12,優勝戦,晴,北西,1,1,4,6,4630,岩 永 雅 人,47,44,6.80,6,0.15,1.53.6,1-2-3,450,1,1-2,210,1,1-2-3,200,1,1-2,170,1,,,,,,,
20250824,下関,12,優勝戦,晴,北西,1,1,5,4,5006,久保原 秀 人,67,14,6.82,4,0.07,,1-2-3,450,1,1-2,210,1,1-2-3,200,1,1-2,170,1,,,,,,,
20250824,下関,12,優勝戦,晴,北西,1,1,6,5,3406,中 里 英 夫,45,32,6.87,5,0.13,,1-2-3,450,1,1-2,210,1,1-2-3,200,1,1-2,170,1,,,,,,,
20250824,住之江,1,予選,晴,北東,1,1,1,3,4515,藤 田 浩 人,78,65,6.94,3,0.17,1.51.5,3-2-5,1700,5,3-2,560,1,2-3-5,590,3,2-3,370,1,,,,,,,
20250824,住之江,1,予選,晴,北東,1,1,2,2,4252,松 下 哲 也,12,20,6.93,2,0.17,1.53.5,3-2-5,1700,5,3-2,560,1,2-3-5,590,3,2-3,370,1,,,,,,,
20250824,住之江,1,予選,晴,北東,1,1,3,5,4879,山 崎 鉄 平,51,67,7.00,5,0.07,1.54.2,3-2-5,1700,5,3-2,560,1,2-3-5,590,3,2-3,370,1,,,,,,,
20250824,住之江,1,予選,晴,北東,1,1,4,4,4060,島 田 一 生,89,80,6.94,4,0.12,1.56.1,3-2-5,1700,5,3-2,560,1,2-3-5,590,3,2-3,370,1,,,,,,,
20250824,住之江,1,予選,晴,北東,1,1,5,6,5386,米玉利 大 悟,68,89,6.93,6,0.15,1.56.9,3-2-5,1700,5,3-2,560,1,2-3-5,590,3,2-3,370,1,,,,,,,
20250824,住之江,1,予選,晴,北東,1,1,6,1,3820,樫 葉 次 郎,66,27,7.00,1,0.25,1.59.0,3-2-5,1700,5,3-2,560,1,2-3-5,590,3,2-3,370,1,,,,,,,
20250824,住之江,2,予選,晴,無風,0,1,1,3,4188,久 田 敏 之,24,71,6.97,3,0.07,1.50.8,3-1-4,3320,16,3-1,700,4,1-3-4,1220,6,1-3,310,2,,,,,,,
20250824,住之江,2,予選,晴,無風,0,1,2,1,5258,仲 本 舜,73,75,6.92,1,0.10,1.53.4,3-1-4,3320,16,3-1,700,4,1-3-4,1220,6,1-3,310,2,,,,,,,
20250824,住之江,2,予選,晴,無風,0,1,3,4,4691,水 原 慎,62,18,6.92,4,0.12,1.54.7,3-1-4,3320,16,3-1,700,4,1-3-4,1220,6,1-3,310,2,,,,,,,
20250824,住之江,2,予選,晴,無風,0,1,4,5,4420,津久井 拓 也,84,77,6.95,5,0.08,1.56.2,3-1-4,3320,16,3-1,700,4,1-3-4,1220,6,1-3,310,2,,,,,,,
20250824,住之江,2,予選,晴,無風,0,1,5,6,5388,佐 野 優 都,34,72,6.94,6,0.11,1.56.6,3-1-4,3320,16,3-1,700,4,1-3-4,1220,6,1-3,310,2,,,,,,,
20250824,住之江,2,予選,晴,無風,0,1,6,2,4199,北 川 潤 二,37,93,6.91,2,0.10,1.57.4,3-1-4,3320,16,3-1,700,4,1-3-4,1220,6,1-3,310,2,,,,,,,
20250824,住之江,3,予選,晴,南東,2,1,1,3,4512,高 野 哲 史,15,84,6.94,3,0.21,1.50.6,3-4-6,9130,34,3-4,3360,11,3-4-6,4170,15,3-4,2190,7,,,,,,,
20250824,住之江,3,予選,晴,南東,2,1,2,4,3631,田 添 康 介,11,69,6.93,4,0.17,1.52.9,3-4-6,9130,34,3-4,3360,11,3-4-6,4170,15,3-4,2190,7,,,,,,,
20250824,住之江,3,予選,晴,南東,2,1,3,6,4184,渡 邊 雄一郎,56,76,6.92,6,0.18,1.54.4,3-4-6,9130,34,3-4,3360,11,3-4-6,4170,15,3-4,2190,7,,,,,,,
20250824,住之江,3,予選,晴,南東,2,1,4,5,3951,石 川 吉 鎬,18,16,6.97,5,0.16,1.55.9,3-4-6,9130,34,3-4,3360,11,3-4-6,4170,15,3-4,2190,7,,,,,,,
20250824,住之江,3,予選,晴,南東,2,1,5,1,4251,川 崎 誠 志,79,21,6.90,1,0.33,1.56.8,3-4-6,9130,34,3-4,3360,11,3-4-6,4170,15,3-4,2190,7,,,,,,,
20250824,住之江,3,予選,晴,南東,2,1,6,2,4111,奥 田 誠,29,88,6.93,2,0.29,1.58.9,3-4-6,9130,34,3-4,3360,11,3-4-6,4170,15,3-4,2190,7,,,,,,,
20250824,住之江,4,予選,晴,南東,2,1,1,2,4121,富 永 修 一,88,95,6.90,2,0.12,1.52.1,2-1-5,3820,15,2-1,1120,4,1-2-5,990,6,1-2,310,1,,,,,,,
20250824,住之江,4,予選,晴,南東,2,1,2,1,4902,山 川 雄 大,74,17,6.88,1,0.14,1.53.3,2-1-5,3820,15,2-1,1120,4,1-2-5,990,6,1-2,310,1,,,,,,,
20250824,住之江,4,予選,晴,南東,2,1,3,5,3986,沖 島 広 和,35,23,6.90,5,0.15,1.54.6,2-1-5,3820,15,2-1,1120,4,1-2-5,990,6,1-2,310,1,,,,,,,
20250824,住之江,4,予選,晴,南東,2,1,4,4,4057,松 井 賢 治,55,64,6.94,4,0.13,1.55.2,2-1-5,3820,15,2-1,1120,4,1-2-5,990,6,1-2,310,1,,,,,,,
20250824,住之江,4,予選,晴,南東,2,1,5,6,3372,加 藤 雅 之,30,85,6.96,6,0.22,1.57.1,2-1-5,3820,15,2-1,1120,4,1-2-5,990,6,1-2,310,1,,,,,,,
20250824,住之江,4,予選,晴,南東,2,1,6,3,3731,高 濱 芳 久,64,14,6.91,3,0.17,2.11.6,2-1-5,3820,15,2-1,1120,4,1-2-5,990,6,1-2,310,1,,,,,,,
20250824,住之江,5,住之江ファイ,晴,南東,2,1,1,1,3912,川 原 正 明,90,61,6.90,1,0.11,1.51.4,1-6-5,1740,7,1-6,460,2,1-5-6,680,4,1-6,490,3,,,,,,,
20250824,住之江,5,住之江ファイ,晴,南東,2,1,2,6,4850,野 中 一 平,22,54,6.91,6,0.07,1.52.7,1-6-5,1740,7,1-6,460,2,1-5-6,680,4,1-6,490,3,,,,,,,
20250824,住之江,5,住之江ファイ,晴,南東,2,1,3,5,4811,向井田 佑 紀,16,68,6.97,5,0.09,1.54.5,1-6-5,1740,7,1-6,460,2,1-5-6,680,4,1-6,490,3,,,,,,,
20250824,住之江,5,住之江ファイ,晴,南東,2,1,4,4,3361,岡 部 浩,85,12,6.95,4,0.06,1.56.5,1-6-5,1740,7,1-6,460,2,1-5-6,680,4,1-6,490,3,,,,,,,
20250824,住之江,5,住之江ファイ,晴,南東,2,1,5,2,4865,立 具 敬 司,81,94,6.94,2,0.23,1.57.0,1-6-5,1740,7,1-6,460,2,1-5-6,680,4,1-6,490,3,,,,,,,
20250824,住之江,5,住之江ファイ,晴,南東,2,1,6,3,4252,松 下 哲 也,12,20,7.02,3,0.18,1.57.3,1-6-5,1740,7,1-6,460,2,1-5-6,680,4,1-6,490,3,,,,,,,
20250824,住之江,6,予選特別Ｂ戦,晴,南,2,1,1,3,5016,宮 田 龍 馬,33,91,6.90,3,0.12,1.50.1,3-5-6,950,2,3-5,340,1,3-5-6,570,3,3-5,190,1,,,,,,,
20250824,住之江,6,予選特別Ｂ戦,晴,南,2,1,2,5,4072,森 永 淳,36,39,6.81,5,0.13,1.52.3,3-5-6,950,2,3-5,340,1,3-5-6,570,3,3-5,190,1,,,,,,,
20250824,住之江,6,予選特別Ｂ戦,晴,南,2,1,3,6,5073,上 原 健次郎,14,31,6.88,6,0.19,1.54.0,3-5-6,950,2,3-5,340,1,3-5-6,570,3,3-5,190,1,,,,,,,
20250824,住之江,6,予選特別Ｂ戦,晴,南,2,1,4,1,4691,水 原 慎,62,18,6.94,1,0.17,1.54.8,3-5-6,950,2,3-5,340,1,3-5-6,570,3,3-5,190,1,,,,,,,
20250824,住之江,6,予選特別Ｂ戦,晴,南,2,1,5,2,3581,加 木 郁,17,79,6.89,2,0.16,1.54.9,3-5-6,950,2,3-5,340,1,3-5-6,570,3,3-5,190,1,,,,,,,
20250824,住之江,6,予選特別Ｂ戦,晴,南,2,1,6,4,5386,米玉利 大 悟,68,89,6.90,4,0.18,1.57.6,3-5-6,950,2,3-5,340,1,3-5-6,570,3,3-5,190,1,,,,,,,
20250824,住之江,7,予選,晴,南東,1,1,1,1,4092,岡 部 大 輔,59,55,6.93,1,0.11,1.51.7,1-2-3,870,1,1-2,390,1,1-2-3,260,1,1-2,310,1,,,,,,,
20250824,住之江,7,予選,晴,南東,1,1,2,2,4448,青 木 玄 太,70,53,6.93,2,0.11,1.52.5,1-2-3,870,1,1-2,390,1,1-2-3,260,1,1-2,310,1,,,,,,,
20250824,住之江,7,予選,晴,南東,1,1,3,3,4067,永 井 源,76,37,6.90,3,0.07,1.53.9,1-2-3,870,1,1-2,390,1,1-2-3,260,1,1-2,310,1,,,,,,,
20250824,住之江,7,予選,晴,南東,1,1,4,6,4374,永 田 義 紘,71,22,6.96,6,0.10,1.55.3,1-2-3,870,1,1-2,390,1,1-2-3,260,1,1-2,310,1,,,,,,,
20250824,住之江,7,予選,晴,南東,1,1,5,5,4761,山 田 晃 大,52,66,6.89,5,0.08,1.56.4,1-2-3,870,1,1-2,390,1,1-2-3,260,1,1-2,310,1,,,,,,,
20250824,住之江,7,予選,晴,南東,1,1,6,4,5388,佐 野 優 都,34,72,6.91,4,0.08,1.56.7,1-2-3,870,1,1-2,390,1,1-2-3,260,1,1-2,310,1,,,,,,,
20250824,住之江,8,トワイライト,晴,南,1,1,1,1,4515,藤 田 浩 人,78,65,6.89,1,0.04,1.51.1,1-3-2,1570,7,1-3,330,2,1-2-3,800,5,1-3,260,1,,,,,,,
20250824,住之江,8,トワイライト,晴,南,1,1,2,3,5258,仲 本 舜,73,75,6.95,3,0.01,1.52.7,1-3-2,1570,7,1-3,330,2,1-2-3,800,5,1-3,260,1,,,,,,,
20250824,住之江,8,トワイライト,晴,南,1,1,3,2,3680,森 林 太,25,86,6.95,2,0.02,1.53.1,1-3-2,1570,7,1-3,330,2,1-2-3,800,5,1-3,260,1,,,,,,,
20250824,住之江,8,トワイライト,晴,南,1,1,4,5,4902,山 川 雄 大,74,17,6.92,5,0.04,1.55.2,1-3-2,1570,7,1-3,330,2,1-2-3,800,5,1-3,260,1,,,,,,,
20250824,住之江,8,トワイライト,晴,南,1,1,5,4,4015,前 野 竜 一,19,81,7.00,4,0.02,1.55.5,1-3-2,1570,7,1-3,330,2,1-2-3,800,5,1-3,260,1,,,,,,,
20250824,住之江,8,トワイライト,晴,南,1,1,6,6,4111,奥 田 誠,29,88,6.94,6,0.00,1.57.3,1-3-2,1570,7,1-3,330,2,1-2-3,800,5,1-3,260,1,,,,,,,
20250824,住之江,9,予選,晴,無風,0,1,1,2,4514,上 條 嘉 嗣,61,35,6.90,1,0.15,1.52.3,2-5-4,1110,2,2-5,500,2,2-4-5,230,1,2-5,590,4,,,,,,,
20250824,住之江,9,予選,晴,無風,0,1,2,5,4184,渡 邊 雄一郎,56,87,6.94,4,0.15,1.53.1,2-5-4,1110,2,2-5,500,2,2-4-5,230,1,2-5,590,4,,,,,,,
20250824,住之江,9,予選,晴,無風,0,1,3,4,4121,富 永 修 一,88,95,6.92,5,0.11,1.54.0,2-5-4,1110,2,2-5,500,2,2-4-5,230,1,2-5,590,4,,,,,,,
20250824,住之江,9,予選,晴,無風,0,1,4,3,4219,本 岡 勝 利,75,74,6.97,3,0.11,1.55.6,2-5-4,1110,2,2-5,500,2,2-4-5,230,1,2-5,590,4,,,,,,,
20250824,住之江,9,予選,晴,無風,0,1,5,1,3361,岡 部 浩,85,12,6.96,2,0.25,1.57.2,2-5-4,1110,2,2-5,500,2,2-4-5,230,1,2-5,590,4,,,,,,,
20250824,住之江,9,予選,晴,無風,0,1,6,6,4060,島 田 一 生,89,80,6.94,6,0.13,1.57.3,2-5-4,1110,2,2-5,500,2,2-4-5,230,1,2-5,590,4,,,,,,,
20250824,住之江,10,予選特別Ｂ戦,晴,南,1,1,1,2,4850,野 中 一 平,22,54,6.91,2,0.13,1.51.1,2-4-1,7500,21,2-4,2450,9,1-2-4,620,3,2-4,1250,6,,,,,,,
20250824,住之江,10,予選特別Ｂ戦,晴,南,1,1,2,4,4199,北 川 潤 二,37,93,6.94,4,0.10,1.52.1,2-4-1,7500,21,2-4,2450,9,1-2-4,620,3,2-4,1250,6,,,,,,,
20250824,住之江,10,予選特別Ｂ戦,晴,南,1,1,3,1,4057,松 井 賢 治,55,64,6.91,1,0.12,1.53.5,2-4-1,7500,21,2-4,2450,9,1-2-4,620,3,2-4,1250,6,,,,,,,
20250824,住之江,10,予選特別Ｂ戦,晴,南,1,1,4,6,4405,南 野 利 騰,20,11,6.98,6,0.18,1.54.6,2-4-1,7500,21,2-4,2450,9,1-2-4,620,3,2-4,1250,6,,,,,,,
20250824,住之江,10,予選特別Ｂ戦,晴,南,1,1,5,3,4072,森 永 淳,36,39,6.87,3,0.11,1.55.2,2-4-1,7500,21,2-4,2450,9,1-2-4,620,3,2-4,1250,6,,,,,,,
20250824,住之江,10,予選特別Ｂ戦,晴,南,1,1,6,5,3631,田 添 康 介,11,69,6.94,5,0.11,1.57.6,2-4-1,7500,21,2-4,2450,9,1-2-4,620,3,2-4,1250,6,,,,,,,
20250824,住之江,11,予選特別Ａ戦,晴,北東,1,1,1,2,4188,久 田 敏 之,24,71,6.99,1,0.18,1.50.6,2-4-5,3610,12,2-4,1190,3,2-4-5,2100,4,2-4,1050,3,,,,,,,
20250824,住之江,11,予選特別Ａ戦,晴,北東,1,1,2,4,3912,川 原 正 明,90,61,6.99,4,0.19,1.52.5,2-4-5,3610,12,2-4,1190,3,2-4-5,2100,4,2-4,1050,3,,,,,,,
20250824,住之江,11,予選特別Ａ戦,晴,北東,1,1,3,5,4228,吉 田 慎二郎,26,83,6.99,5,0.17,1.54.2,2-4-5,3610,12,2-4,1190,3,2-4-5,2100,4,2-4,1050,3,,,,,,,
20250824,住之江,11,予選特別Ａ戦,晴,北東,1,1,4,1,4761,山 田 晃 大,52,66,6.98,2,0.25,1.54.5,2-4-5,3610,12,2-4,1190,3,2-4-5,2100,4,2-4,1050,3,,,,,,,
20250824,住之江,11,予選特別Ａ戦,晴,北東,1,1,5,3,3508,久 富 政 弘,23,63,6.98,3,0.23,1.55.8,2-4-5,3610,12,2-4,1190,3,2-4-5,2100,4,2-4,1050,3,,,,,,,
20250824,住之江,11,予選特別Ａ戦,晴,北東,1,1,6,6,3581,加 木 郁,17,79,7.01,6,0.22,1.55.8,2-4-5,3610,12,2-4,1190,3,2-4-5,2100,4,2-4,1050,3,,,,,,,
20250824,住之江,12,予選特別Ａ戦,雨,北東,2,1,1,1,4067,永 井 源,76,37,7.00,1,0.16,1.51.8,1-3-4,2940,10,1-3,750,3,1-3-4,980,4,1-3,400,2,,,,,,,
20250824,住之江,12,予選特別Ａ戦,雨,北東,2,1,2,3,3951,石 川 吉 鎬,18,16,7.00,4,0.18,1.52.8,1-3-4,2940,10,1-3,750,3,1-3-4,980,4,1-3,400,2,,,,,,,
20250824,住之江,12,予選特別Ａ戦,雨,北東,2,1,3,4,3986,沖 島 広 和,35,23,6.98,3,0.14,1.53.6,1-3-4,2940,10,1-3,750,3,1-3-4,980,4,1-3,400,2,,,,,,,
20250824,住之江,12,予選特別Ａ戦,雨,北東,2,1,4,6,4420,津久井 拓 也,84,77,7.10,6,0.25,1.54.8,1-3-4,2940,10,1-3,750,3,1-3-4,980,4,1-3,400,2,,,,,,,
20250824,住之江,12,予選特別Ａ戦,雨,北東,2,1,5,5,4015,前 野 竜 一,19,81,7.04,5,0.29,1.56.0,1-3-4,2940,10,1-3,750,3,1-3-4,980,4,1-3,400,2,,,,,,,
20250824,住之江,12,予選特別Ａ戦,雨,北東,2,1,6,2,5016,宮 田 龍 馬,33,91,6.89,2,0.12,1.58.3,1-3-4,2940,10,1-3,750,3,1-3-4,980,4,1-3,400,2,,,,,,,
20250824,児島,1,朝得ガァ～コ,晴,北,2,3,1,1,4102,益 田 啓 司,38,30,6.96,1,0.11,1.51.2,1-2-3,780,1,1-2,350,2,1-2-3,450,3,1-2,330,2,,,,,,,
20250824,児島,1,朝得ガァ～コ,晴,北,2,3,2,2,3945,橋 口 真 樹,56,35,6.92,2,0.15,1.52.0,1-2-3,780,1,1-2,350,2,1-2-3,450,3,1-2,330,2,,,,,,,
20250824,児島,1,朝得ガァ～コ,晴,北,2,3,3,3,4491,田 中 堅,31,71,6.98,3,0.16,1.52.8,1-2-3,780,1,1-2,350,2,1-2-3,450,3,1-2,330,2,,,,,,,
20250824,児島,1,朝得ガァ～コ,晴,北,2,3,4,4,5187,小 坂 風 太,70,41,6.95,4,0.14,1.54.6,1-2-3,780,1,1-2,350,2,1-2-3,450,3,1-2,330,2,,,,,,,
20250824,児島,1,朝得ガァ～コ,晴,北,2,3,5,5,4173,岡 谷 健 吾,13,66,7.04,5,0.26,,1-2-3,780,1,1-2,350,2,1-2-3,450,3,1-2,330,2,,,,,,,
20250824,児島,1,朝得ガァ～コ,晴,北,2,3,6,6,5393,藤 原 駿,54,32,7.07,6,0.41,,1-2-3,780,1,1-2,350,2,1-2-3,450,3,1-2,330,2,,,,,,,
20250824,児島,2,予選,晴,南,3,3,1,3,3161,古 場 輝 義,66,60,6.99,3,0.24,1.51.7,3-2-4,5150,15,3-2,2640,15,2-3-4,1150,5,2-3,1170,6,,,,,,,
20250824,児島,2,予選,晴,南,3,3,2,2,4942,柴 田 朋 哉,43,43,6.85,2,0.31,1.53.9,3-2-4,5150,15,3-2,2640,15,2-3-4,1150,5,2-3,1170,6,,,,,,,
20250824,児島,2,予選,晴,南,3,3,3,4,5064,品 川 二千翔,62,45,7.01,4,0.13,1.55.0,3-2-4,5150,15,3-2,2640,15,2-3-4,1150,5,2-3,1170,6,,,,,,,
20250824,児島,2,予選,晴,南,3,3,4,1,5032,谷 口 知 優,52,18,7.01,1,0.30,1.55.5,3-2-4,5150,15,3-2,2640,15,2-3-4,1150,5,2-3,1170,6,,,,,,,
20250824,児島,2,予選,晴,南,3,3,5,5,4692,酒 井 俊 弘,34,12,6.91,5,0.11,,3-2-4,5150,15,3-2,2640,15,2-3-4,1150,5,2-3,1170,6,,,,,,,
20250824,児島,2,予選,晴,南,3,3,6,6,4557,松 尾 光 広,57,40,6.97,6,0.21,,3-2-4,5150,15,3-2,2640,15,2-3-4,1150,5,2-3,1170,6,,,,,,,
20250824,児島,3,予選,曇り,南,3,3,1,1,3842,星 野 太 郎,27,19,6.97,1,0.07,1.51.9,1-5-3,1340,2,1-5,460,1,1-3-5,220,1,1-5,530,3,,,,,,,
20250824,児島,3,予選,曇り,南,3,3,2,5,4886,入 海 馨,46,37,6.98,5,0.12,1.53.4,1-5-3,1340,2,1-5,460,1,1-3-5,220,1,1-5,530,3,,,,,,,
20250824,児島,3,予選,曇り,南,3,3,3,3,4587,木 田 峰由季,60,13,6.90,3,0.09,1.55.3,1-5-3,1340,2,1-5,460,1,1-3-5,220,1,1-5,530,3,,,,,,,
20250824,児島,3,予選,曇り,南,3,3,4,4,3475,橋 本 久 和,58,34,7.01,4,0.12,1.56.6,1-5-3,1340,2,1-5,460,1,1-3-5,220,1,1-5,530,3,,,,,,,
20250824,児島,3,予選,曇り,南,3,3,5,6,4675,井 手 良 太,20,46,7.04,6,0.08,,1-5-3,1340,2,1-5,460,1,1-3-5,220,1,1-5,530,3,,,,,,,
20250824,児島,3,予選,曇り,南,3,3,6,2,3411,池 上 隆 行,41,42,6.95,2,0.06,,1-5-3,1340,2,1-5,460,1,1-3-5,220,1,1-5,530,3,,,,,,,
20250824,児島,4,コジマだ４っ,曇り,南,3,3,1,3,4000,松 本 博 昭,39,63,6.97,3,0.23,1.51.4,3-4-1,3400,14,3-4,1620,7,1-3-4,220,1,3-4,980,5,,,,,,,
20250824,児島,4,コジマだ４っ,曇り,南,3,3,2,4,4985,井 本 昌 也,24,15,6.93,4,0.28,1.52.3,3-4-1,3400,14,3-4,1620,7,1-3-4,220,1,3-4,980,5,,,,,,,
20250824,児島,4,コジマだ４っ,曇り,南,3,3,3,1,4156,浜 野 孝 志,67,50,7.07,1,0.21,1.54.2,3-4-1,3400,14,3-4,1620,7,1-3-4,220,1,3-4,980,5,,,,,,,
20250824,児島,4,コジマだ４っ,曇り,南,3,3,4,2,4979,中 野 夢 斗,55,54,7.01,2,0.25,1.55.0,3-4-1,3400,14,3-4,1620,7,1-3-4,220,1,3-4,980,5,,,,,,,
20250824,児島,4,コジマだ４っ,曇り,南,3,3,5,5,5065,伊久間 陽 優,23,61,6.92,5,0.25,,3-4-1,3400,14,3-4,1620,7,1-3-4,220,1,3-4,980,5,,,,,,,
20250824,児島,4,コジマだ４っ,曇り,南,3,3,6,6,5409,宮 本 琉 正,64,49,7.12,6,0.24,,3-4-1,3400,14,3-4,1620,7,1-3-4,220,1,3-4,980,5,,,,,,,
20250824,児島,5,日替艇食戦,晴,南,4,3,1,1,3833,中 辻 博 訓,22,74,7.00,1,0.16,1.50.9,1-4-6,680,2,1-4,210,1,1-4-6,440,2,1-4,200,1,,,,,,,
20250824,児島,5,日替艇食戦,晴,南,4,3,2,4,4398,船 岡 洋一郎,26,26,6.92,4,0.18,1.52.8,1-4-6,680,2,1-4,210,1,1-4-6,440,2,1-4,200,1,,,,,,,
20250824,児島,5,日替艇食戦,晴,南,4,3,3,6,4588,田 中 京 介,28,33,6.99,6,0.17,1.54.2,1-4-6,680,2,1-4,210,1,1-4-6,440,2,1-4,200,1,,,,,,,
20250824,児島,5,日替艇食戦,晴,南,4,3,4,2,5208,屋 良 龍 紀,35,38,6.89,2,0.17,1.55.4,1-4-6,680,2,1-4,210,1,1-4-6,440,2,1-4,200,1,,,,,,,
20250824,児島,5,日替艇食戦,晴,南,4,3,5,3,3567,吉 岡 誠,29,24,7.09,3,0.17,,1-4-6,680,2,1-4,210,1,1-4-6,440,2,1-4,200,1,,,,,,,
20250824,児島,5,日替艇食戦,晴,南,4,3,6,5,4162,竹 本 太 樹,50,27,6.80,5,0.20,,1-4-6,680,2,1-4,210,1,1-4-6,440,2,1-4,200,1,,,,,,,
20250824,児島,6,昼得クラリス,晴,南,3,3,1,1,4614,石 倉 洋 行,19,23,6.98,1,0.20,1.50.4,1-5-3,3780,12,1-5,1750,5,1-3-5,450,2,1-5,1480,5,,,,,,,
20250824,児島,6,昼得クラリス,晴,南,3,3,2,5,3945,橋 口 真 樹,56,35,6.87,5,0.16,1.52.3,1-5-3,3780,12,1-5,1750,5,1-3-5,450,2,1-5,1480,5,,,,,,,
20250824,児島,6,昼得クラリス,晴,南,3,3,3,3,4154,森 安 弘 雅,59,20,6.83,3,0.22,1.53.1,1-5-3,3780,12,1-5,1750,5,1-3-5,450,2,1-5,1480,5,,,,,,,
20250824,児島,6,昼得クラリス,晴,南,3,3,4,2,4466,南 佑 典,33,53,7.02,2,0.25,1.55.5,1-5-3,3780,12,1-5,1750,5,1-3-5,450,2,1-5,1480,5,,,,,,,
20250824,児島,6,昼得クラリス,晴,南,3,3,5,6,5384,八 戸 琉 楓,15,29,7.06,6,0.21,,1-5-3,3780,12,1-5,1750,5,1-3-5,450,2,1-5,1480,5,,,,,,,
20250824,児島,6,昼得クラリス,晴,南,3,3,6,4,5067,山 田 真 聖,69,31,6.95,4,0.23,,1-5-3,3780,12,1-5,1750,5,1-3-5,450,2,1-5,1480,5,,,,,,,
20250824,児島,7,予選,晴,南西,3,3,1,3,3654,武 田 光 史,30,36,6.95,4,0.03,1.50.5,3-1-4,3640,19,3-1,650,2,1-3-4,1470,5,1-3,280,1,,,,,,,
20250824,児島,7,予選,晴,南西,3,3,2,1,3161,古 場 輝 義,66,60,7.07,1,0.02,1.52.6,3-1-4,3640,19,3-1,650,2,1-3-4,1470,5,1-3,280,1,,,,,,,
20250824,児島,7,予選,晴,南西,3,3,3,4,5061,中 村 駿 平,49,56,6.97,5,0.01,1.55.1,3-1-4,3640,19,3-1,650,2,1-3-4,1470,5,1-3,280,1,,,,,,,
20250824,児島,7,予選,晴,南西,3,3,4,6,3265,今 村 暢 孝,48,39,7.08,2,0.14,1.56.1,3-1-4,3640,19,3-1,650,2,1-3-4,1470,5,1-3,280,1,,,,,,,
20250824,児島,7,予選,晴,南西,3,3,5,2,4567,上 村 慎太郎,44,47,6.84,3,0.17,,3-1-4,3640,19,3-1,650,2,1-3-4,1470,5,1-3,280,1,,,,,,,
20250824,児島,8,予選,晴,南西,4,3,1,3,4044,湯 川 浩 司,51,73,6.94,3,0.09,1.51.4,3-1-4,1700,6,3-1,480,2,1-3-4,400,2,1-3,140,1,,,,,,,
20250824,児島,8,予選,晴,南西,4,3,2,1,4587,木 田 峰由季,60,13,6.98,1,0.08,1.53.5,3-1-4,1700,6,3-1,480,2,1-3-4,400,2,1-3,140,1,,,,,,,
20250824,児島,8,予選,晴,南西,4,3,3,4,5065,伊久間 陽 優,23,61,6.90,4,0.18,1.54.4,3-1-4,1700,6,3-1,480,2,1-3-4,400,2,1-3,140,1,,,,,,,
20250824,児島,8,予選,晴,南西,4,3,4,5,4782,浜 崎 準 也,25,69,6.93,5,0.16,1.55.6,3-1-4,1700,6,3-1,480,2,1-3-4,400,2,1-3,140,1,,,,,,,
20250824,児島,8,予選,晴,南西,4,3,5,6,5064,品 川 二千翔,62,45,6.90,6,0.29,,3-1-4,1700,6,3-1,480,2,1-3-4,400,2,1-3,140,1,,,,,,,
20250824,児島,8,予選,晴,南西,4,3,6,2,4173,岡 谷 健 吾,13,66,6.97,2,0.13,,3-1-4,1700,6,3-1,480,2,1-3-4,400,2,1-3,140,1,,,,,,,
20250824,児島,9,予選特賞,晴,南西,1,1,1,1,4000,松 本 博 昭,39,63,6.95,1,0.13,1.50.7,1-6-4,3420,13,1-6,1250,5,1-4-6,360,2,1-6,1290,5,,,,,,,
20250824,児島,9,予選特賞,晴,南西,1,1,2,6,5049,松 井 友 汰,36,21,6.98,6,0.07,1.51.7,1-6-4,3420,13,1-6,1250,5,1-4-6,360,2,1-6,1290,5,,,,,,,
20250824,児島,9,予選特賞,晴,南西,1,1,3,4,4102,益 田 啓 司,38,30,6.96,4,0.11,1.53.5,1-6-4,3420,13,1-6,1250,5,1-4-6,360,2,1-6,1290,5,,,,,,,
20250824,児島,9,予選特賞,晴,南西,1,1,4,3,3842,星 野 太 郎,27,19,7.01,3,0.14,1.54.8,1-6-4,3420,13,1-6,1250,5,1-4-6,360,2,1-6,1290,5,,,,,,,
20250824,児島,9,予選特賞,晴,南西,1,1,5,2,4692,酒 井 俊 弘,34,12,6.92,2,0.15,,1-6-4,3420,13,1-6,1250,5,1-4-6,360,2,1-6,1290,5,,,,,,,
20250824,児島,9,予選特賞,晴,南西,1,1,6,5,3878,胡 本 悟 志,42,17,7.02,5,0.11,,1-6-4,3420,13,1-6,1250,5,1-4-6,360,2,1-6,1290,5,,,,,,,
20250824,児島,10,予選特賞,晴,南西,4,3,1,1,4154,森 安 弘 雅,59,20,6.76,1,0.23,1.51.8,1-6-4,1750,5,1-6,580,3,1-4-6,410,1,1-6,560,4,,,,,,,
20250824,児島,10,予選特賞,晴,南西,4,3,2,6,4398,船 岡 洋一郎,26,26,6.85,5,0.19,1.52.8,1-6-4,1750,5,1-6,580,3,1-4-6,410,1,1-6,560,4,,,,,,,
20250824,児島,10,予選特賞,晴,南西,4,3,3,4,4156,浜 野 孝 志,67,50,6.84,4,0.24,1.52.9,1-6-4,1750,5,1-6,580,3,1-4-6,410,1,1-6,560,4,,,,,,,
20250824,児島,10,予選特賞,晴,南西,4,3,4,3,4675,井 手 良 太,20,46,6.85,3,0.25,1.54.8,1-6-4,1750,5,1-6,580,3,1-4-6,410,1,1-6,560,4,,,,,,,
20250824,児島,10,予選特賞,晴,南西,4,3,5,5,4942,柴 田 朋 哉,43,43,6.75,6,0.23,,1-6-4,1750,5,1-6,580,3,1-4-6,410,1,1-6,560,4,,,,,,,
20250824,児島,10,予選特賞,晴,南西,4,3,6,2,5187,小 坂 風 太,70,41,6.90,2,0.23,,1-6-4,1750,5,1-6,580,3,1-4-6,410,1,1-6,560,4,,,,,,,
20250824,児島,11,予選特選,晴,南西,2,3,1,3,5032,谷 口 知 優,52,14,6.82,3,0.10,1.50.6,3-2-5,94310,99,3-2,9680,16,2-3-5,19300,18,2-3,5180,11,,,,,,,
20250824,児島,11,予選特選,晴,南西,2,3,2,2,3475,橋 本 久 和,58,34,6.85,2,0.13,1.52.0,3-2-5,94310,99,3-2,9680,16,2-3-5,19300,18,2-3,5180,11,,,,,,,
20250824,児島,11,予選特選,晴,南西,2,3,3,5,4979,中 野 夢 斗,55,54,7.00,5,0.09,1.53.4,3-2-5,94310,99,3-2,9680,16,2-3-5,19300,18,2-3,5180,11,,,,,,,
20250824,児島,11,予選特選,晴,南西,2,3,4,6,4466,南 佑 典,33,53,6.97,6,0.14,1.54.2,3-2-5,94310,99,3-2,9680,16,2-3-5,19300,18,2-3,5180,11,,,,,,,
20250824,児島,11,予選特選,晴,南西,2,3,5,1,3654,武 田 光 史,30,36,6.90,1,0.27,,3-2-5,94310,99,3-2,9680,16,2-3-5,19300,18,2-3,5180,11,,,,,,,
20250824,児島,11,予選特選,晴,南西,2,3,6,4,4588,田 中 京 介,28,33,6.87,4,0.09,,3-2-5,94310,99,3-2,9680,16,2-3-5,19300,18,2-3,5180,11,,,,,,,
20250824,児島,12,しじみ選抜,晴,南西,1,1,1,1,4044,湯 川 浩 司,51,73,6.86,1,0.06,1.50.7,1-6-2,6240,21,1-6,1650,6,1-2-6,1730,9,1-6,1690,5,,,,,,,
20250824,児島,12,しじみ選抜,晴,南西,1,1,2,6,4985,井 本 昌 也,24,15,6.87,6,0.11,1.51.9,1-6-2,6240,21,1-6,1650,6,1-2-6,1730,9,1-6,1690,5,,,,,,,
20250824,児島,12,しじみ選抜,晴,南西,1,1,3,2,3265,今 村 暢 孝,48,39,6.90,2,0.08,1.52.2,1-6-2,6240,21,1-6,1650,6,1-2-6,1730,9,1-6,1690,5,,,,,,,
20250824,児島,12,しじみ選抜,晴,南西,1,1,4,4,4886,入 海 馨,46,37,6.84,4,0.00,1.53.4,1-6-2,6240,21,1-6,1650,6,1-2-6,1730,9,1-6,1690,5,,,,,,,
20250824,児島,12,しじみ選抜,晴,南西,1,1,5,3,3833,中 辻 博 訓,22,74,6.91,3,0.04,,1-6-2,6240,21,1-6,1650,6,1-2-6,1730,9,1-6,1690,5,,,,,,,
20250824,児島,12,しじみ選抜,晴,南西,1,1,6,5,4614,石 倉 洋 行,19,23,6.92,5,0.08,,1-6-2,6240,21,1-6,1650,6,1-2-6,1730,9,1-6,1690,5,,,,,,,
20250824,唐津,1,朝１戦,晴,西,3,3,1,1,4822,百 武 翔,31,24,6.79,1,0.14,1.51.2,1-3-6,3910,10,1-3,480,3,1-3-6,2010,6,1-3,530,3,,,,,,,
20250824,唐津,1,朝１戦,晴,西,3,3,2,3,3211,北 川 敏 弘,49,37,6.81,3,0.13,1.52.7,1-3-6,3910,10,1-3,480,3,1-3-6,2010,6,1-3,530,3,,,,,,,
20250824,唐津,1,朝１戦,晴,西,3,3,3,6,5382,山 下 心 一,69,10,6.74,5,0.24,1.53.7,1-3-6,3910,10,1-3,480,3,1-3-6,2010,6,1-3,530,3,,,,,,,
20250824,唐津,1,朝１戦,晴,西,3,3,4,2,4197,渥 美 卓 郎,57,15,6.86,2,0.12,1.54.9,1-3-6,3910,10,1-3,480,3,1-3-6,2010,6,1-3,530,3,,,,,,,
20250824,唐津,1,朝１戦,晴,西,3,3,5,4,5082,一 色 凌 雅,64,6,6.85,4,0.22,1.55.3,1-3-6,3910,10,1-3,480,3,1-3-6,2010,6,1-3,530,3,,,,,,,
20250824,唐津,1,朝１戦,晴,西,3,3,6,5,5404,内 田 壮,70,54,6.74,6,0.27,1.56.3,1-3-6,3910,10,1-3,480,3,1-3-6,2010,6,1-3,530,3,,,,,,,
20250824,唐津,2,モー２ング戦,晴,南,2,2,1,4,3784,中 島 友 和,42,56,6.78,4,0.12,1.51.1,4-5-1,5900,17,4-5,3090,7,1-4-5,540,3,4-5,1390,5,,,,,,,
20250824,唐津,2,モー２ング戦,晴,南,2,2,2,5,3690,河 合 三 弘,54,32,6.70,5,0.17,1.52.5,4-5-1,5900,17,4-5,3090,7,1-4-5,540,3,4-5,1390,5,,,,,,,
20250824,唐津,2,モー２ング戦,晴,南,2,2,3,1,4989,石 原 翼,12,41,6.68,1,0.21,1.54.5,4-5-1,5900,17,4-5,3090,7,1-4-5,540,3,4-5,1390,5,,,,,,,
20250824,唐津,2,モー２ング戦,晴,南,2,2,4,2,3349,吉 田 一 郎,21,36,6.76,2,0.19,1.55.0,4-5-1,5900,17,4-5,3090,7,1-4-5,540,3,4-5,1390,5,,,,,,,
20250824,唐津,2,モー２ング戦,晴,南,2,2,5,3,3507,藤 井 徹,32,27,6.82,3,0.22,1.55.7,4-5-1,5900,17,4-5,3090,7,1-4-5,540,3,4-5,1390,5,,,,,,,
20250824,唐津,2,モー２ング戦,晴,南,2,2,6,6,5201,村 上 宗太郎,38,21,6.73,6,0.34,1.57.5,4-5-1,5900,17,4-5,3090,7,1-4-5,540,3,4-5,1390,5,,,,,,,
20250824,唐津,3,３ライズ戦,晴,南,2,2,1,1,4241,大 串 重 幸,40,45,6.78,1,0.11,1.51.2,1-5-4,700,1,1-5,280,1,1-4-5,200,1,1-5,310,2,,,,,,,
20250824,唐津,3,３ライズ戦,晴,南,2,2,2,5,4133,高 橋 正 男,41,44,6.74,5,0.15,1.52.0,1-5-4,700,1,1-5,280,1,1-4-5,200,1,1-5,310,2,,,,,,,
20250824,唐津,3,３ライズ戦,晴,南,2,2,3,4,5339,石 井 伸 長,47,4,6.80,4,0.31,1.54.1,1-5-4,700,1,1-5,280,1,1-4-5,200,1,1-5,310,2,,,,,,,
20250824,唐津,3,３ライズ戦,晴,南,2,2,4,2,4106,坂 井 康 嗣,18,1,6.79,2,0.20,1.55.3,1-5-4,700,1,1-5,280,1,1-4-5,200,1,1-5,310,2,,,,,,,
20250824,唐津,3,３ライズ戦,晴,南,2,2,5,6,5407,中 岡 駿,39,5,6.74,6,0.12,1.56.7,1-5-4,700,1,1-5,280,1,1-4-5,200,1,1-5,310,2,,,,,,,
20250824,唐津,3,３ライズ戦,晴,南,2,2,6,3,5312,川 辺 郭 人,28,22,6.83,3,0.08,1.58.2,1-5-4,700,1,1-5,280,1,1-4-5,200,1,1-5,310,2,,,,,,,
20250824,唐津,4,おは４戦,晴,南,3,3,1,5,4352,下 條 雄太郎,68,47,6.77,5,0.09,1.50.4,5-3-6,22830,60,5-3,7760,17,3-5-6,3650,13,3-5,2710,10,,,,,,,
20250824,唐津,4,おは４戦,晴,南,3,3,2,3,4425,大 井 清 貴,51,12,6.78,3,0.08,1.51.1,5-3-6,22830,60,5-3,7760,17,3-5-6,3650,13,3-5,2710,10,,,,,,,
20250824,唐津,4,おは４戦,晴,南,3,3,3,6,4703,森 永 隆,46,53,6.82,6,0.10,1.52.0,5-3-6,22830,60,5-3,7760,17,3-5-6,3650,13,3-5,2710,10,,,,,,,
20250824,唐津,4,おは４戦,晴,南,3,3,4,2,4047,吉 永 浩 則,14,43,6.78,2,0.18,1.54.8,5-3-6,22830,60,5-3,7760,17,3-5-6,3650,13,3-5,2710,10,,,,,,,
20250824,唐津,4,おは４戦,晴,南,3,3,5,1,3841,佐々木 和 伸,16,35,6.71,1,0.15,1.56.1,5-3-6,22830,60,5-3,7760,17,3-5-6,3650,13,3-5,2710,10,,,,,,,
20250824,唐津,4,おは４戦,晴,南,3,3,6,4,4625,渡 邊 裕 貴,27,7,6.53,4,0.13,1.58.6,5-3-6,22830,60,5-3,7760,17,3-5-6,3650,13,3-5,2710,10,,,,,,,
20250824,唐津,5,レッツ５戦,晴,南,2,2,1,3,5043,中 村 日 向,62,29,6.83,3,0.14,1.50.4,3-1-5,1480,6,3-1,770,4,1-3-5,290,1,1-3,280,1,,,,,,,
20250824,唐津,5,レッツ５戦,晴,南,2,2,2,1,4303,牧 原 崇,26,34,6.84,1,0.15,1.52.0,3-1-5,1480,6,3-1,770,4,1-3-5,290,1,1-3,280,1,,,,,,,
20250824,唐津,5,レッツ５戦,晴,南,2,2,3,5,4535,北 山 康 介,48,14,6.84,5,0.19,1.54.0,3-1-5,1480,6,3-1,770,4,1-3-5,290,1,1-3,280,1,,,,,,,
20250824,唐津,5,レッツ５戦,晴,南,2,2,4,4,5382,山 下 心 一,69,10,6.77,4,0.17,1.55.8,3-1-5,1480,6,3-1,770,4,1-3-5,290,1,1-3,280,1,,,,,,,
20250824,唐津,5,レッツ５戦,晴,南,2,2,5,6,5404,内 田 壮,70,54,6.77,6,0.32,1.56.4,3-1-5,1480,6,3-1,770,4,1-3-5,290,1,1-3,280,1,,,,,,,
20250824,唐津,5,レッツ５戦,晴,南,2,2,6,2,4260,中 越 博 紀,43,40,6.83,2,0.15,1.56.5,3-1-5,1480,6,3-1,770,4,1-3-5,290,1,1-3,280,1,,,,,,,
20250824,唐津,6,一般,晴,南西,3,3,1,1,3997,北 村 征 嗣,61,17,6.74,1,0.23,1.57.4,1-3-4,950,3,1-3,250,1,1-3-4,480,2,1-3,180,1,,,,,,,
20250824,唐津,6,一般,晴,南西,3,3,2,3,4063,市 橋 卓 士,20,13,6.82,3,0.18,2.01.1,1-3-4,950,3,1-3,250,1,1-3-4,480,2,1-3,180,1,,,,,,,
20250824,唐津,6,一般,晴,南西,3,3,3,4,4299,中 島 浩 哉,34,39,6.83,4,0.18,2.04.1,1-3-4,950,3,1-3,250,1,1-3-4,480,2,1-3,180,1,,,,,,,
20250824,唐津,6,一般,晴,南西,3,3,4,5,5201,村 上 宗太郎,38,21,6.77,6,0.32,2.05.5,1-3-4,950,3,1-3,250,1,1-3-4,480,2,1-3,180,1,,,,,,,
20250824,唐津,6,一般,晴,南西,3,3,5,6,3346,宮 本 裕 之,23,50,6.81,5,0.18,2.07.6,1-3-4,950,3,1-3,250,1,1-3-4,480,2,1-3,180,1,,,,,,,
20250824,唐津,7,一般,晴,西,2,2,1,1,5161,登 玉 隼 百,19,3,6.78,1,0.09,1.49.9,1-2-6,580,1,1-2,210,1,1-2-6,310,1,1-2,190,1,,,,,,,
20250824,唐津,7,一般,晴,西,2,2,2,2,3550,都 築 正 治,11,58,6.72,2,0.14,1.52.2,1-2-6,580,1,1-2,210,1,1-2-6,310,1,1-2,190,1,,,,,,,
20250824,唐津,7,一般,晴,西,2,2,3,6,5339,石 井 伸 長,47,4,6.84,6,0.14,1.53.1,1-2-6,580,1,1-2,210,1,1-2-6,310,1,1-2,190,1,,,,,,,
20250824,唐津,7,一般,晴,西,2,2,4,5,3869,井 芹 大 志,52,11,6.87,5,0.24,1.54.1,1-2-6,580,1,1-2,210,1,1-2-6,310,1,1-2,190,1,,,,,,,
20250824,唐津,7,一般,晴,西,2,2,5,4,4197,渥 美 卓 郎,57,15,6.88,4,0.21,1.54.9,1-2-6,580,1,1-2,210,1,1-2-6,310,1,1-2,190,1,,,,,,,
20250824,唐津,7,一般,晴,西,2,2,6,3,4106,坂 井 康 嗣,18,1,6.84,3,0.24,1.58.2,1-2-6,580,1,1-2,210,1,1-2-6,310,1,1-2,190,1,,,,,,,
20250824,唐津,8,一般,晴,北西,2,2,1,1,3690,河 合 三 弘,54,32,6.73,1,0.16,1.50.8,1-4-3,1580,5,1-4,440,2,1-3-4,480,2,1-4,300,2,,,,,,,
20250824,唐津,8,一般,晴,北西,2,2,2,4,3349,吉 田 一 郎,21,36,6.79,4,0.07,1.51.5,1-4-3,1580,5,1-4,440,2,1-3-4,480,2,1-4,300,2,,,,,,,
20250824,唐津,8,一般,晴,北西,2,2,3,3,4047,吉 永 浩 則,14,43,6.83,3,0.13,1.55.3,1-4-3,1580,5,1-4,440,2,1-3-4,480,2,1-4,300,2,,,,,,,
20250824,唐津,8,一般,晴,北西,2,2,4,2,5082,一 色 凌 雅,64,6,6.81,2,0.16,1.55.6,1-4-3,1580,5,1-4,440,2,1-3-4,480,2,1-4,300,2,,,,,,,
20250824,唐津,8,一般,晴,北西,2,2,5,5,5407,中 岡 駿,39,5,6.83,6,0.21,1.57.1,1-4-3,1580,5,1-4,440,2,1-3-4,480,2,1-4,300,2,,,,,,,
20250824,唐津,8,一般,晴,北西,2,2,6,6,5312,川 辺 郭 人,28,22,6.80,5,0.19,1.58.1,1-4-3,1580,5,1-4,440,2,1-3-4,480,2,1-4,300,2,,,,,,,
20250824,唐津,9,からっキー特,晴,北,3,3,1,2,4133,高 橋 正 男,41,44,6.83,2,0.11,1.50.0,2-1-5,5640,18,2-1,730,3,1-2-5,1370,7,1-2,260,1,,,,,,,
20250824,唐津,9,からっキー特,晴,北,3,3,2,1,3784,中 島 友 和,42,56,6.85,1,0.06,1.51.7,2-1-5,5640,18,2-1,730,3,1-2-5,1370,7,1-2,260,1,,,,,,,
20250824,唐津,9,からっキー特,晴,北,3,3,3,5,4425,大 井 清 貴,51,12,6.90,5,0.26,1.52.9,2-1-5,5640,18,2-1,730,3,1-2-5,1370,7,1-2,260,1,,,,,,,
20250824,唐津,9,からっキー特,晴,北,3,3,4,3,4241,大 串 重 幸,40,45,6.89,3,0.16,1.53.3,2-1-5,5640,18,2-1,730,3,1-2-5,1370,7,1-2,260,1,,,,,,,
20250824,唐津,9,からっキー特,晴,北,3,3,5,4,4822,百 武 翔,31,24,6.86,4,0.19,1.55.0,2-1-5,5640,18,2-1,730,3,1-2-5,1370,7,1-2,260,1,,,,,,,
20250824,唐津,9,からっキー特,晴,北,3,3,6,6,5043,中 村 日 向,62,29,6.86,6,0.21,1.56.4,2-1-5,5640,18,2-1,730,3,1-2-5,1370,7,1-2,260,1,,,,,,,
20250824,唐津,10,選抜戦,晴,北東,3,3,1,1,4352,下 條 雄太郎,68,47,6.86,1,0.17,1.50.7,1-5-3,5800,18,1-5,1300,4,1-3-5,1980,8,1-5,940,5,,,,,,,
20250824,唐津,10,選抜戦,晴,北東,3,3,2,5,4989,石 原 翼,12,41,6.74,5,0.14,1.52.4,1-5-3,5800,18,1-5,1300,4,1-3-5,1980,8,1-5,940,5,,,,,,,
20250824,唐津,10,選抜戦,晴,北東,3,3,3,3,4260,中 越 博 紀,43,40,6.87,3,0.21,1.53.7,1-5-3,5800,18,1-5,1300,4,1-3-5,1980,8,1-5,940,5,,,,,,,
20250824,唐津,10,選抜戦,晴,北東,3,3,4,2,3997,北 村 征 嗣,61,17,6.78,2,0.21,1.54.3,1-5-3,5800,18,1-5,1300,4,1-3-5,1980,8,1-5,940,5,,,,,,,
20250824,唐津,10,選抜戦,晴,北東,3,3,5,6,4625,渡 邊 裕 貴,27,7,6.63,6,0.17,1.56.4,1-5-3,5800,18,1-5,1300,4,1-3-5,1980,8,1-5,940,5,,,,,,,
20250824,唐津,10,選抜戦,晴,北東,3,3,6,4,4171,榎 幸 司,67,33,6.88,4,0.23,1.59.4,1-5-3,5800,18,1-5,1300,4,1-3-5,1980,8,1-5,940,5,,,,,,,
20250824,唐津,11,選抜戦,雨,無風,0,1,1,1,4063,市 橋 卓 士,20,13,6.90,1,0.13,1.50.2,1-2-3,610,2,1-2,230,1,1-2-3,330,1,1-2,200,1,,,,,,,
20250824,唐津,11,選抜戦,雨,無風,0,1,2,2,4535,北 山 康 介,48,14,6.85,2,0.13,1.51.9,1-2-3,610,2,1-2,230,1,1-2-3,330,1,1-2,200,1,,,,,,,
20250824,唐津,11,選抜戦,雨,無風,0,1,3,3,3550,都 築 正 治,11,58,6.78,3,0.13,1.53.4,1-2-3,610,2,1-2,230,1,1-2-3,330,1,1-2,200,1,,,,,,,
20250824,唐津,11,選抜戦,雨,無風,0,1,4,5,4303,牧 原 崇,26,34,6.82,5,0.19,1.53.9,1-2-3,610,2,1-2,230,1,1-2-3,330,1,1-2,200,1,,,,,,,
20250824,唐津,11,選抜戦,雨,無風,0,1,5,4,5161,登 玉 隼 百,19,3,6.84,4,0.16,1.54.1,1-2-3,610,2,1-2,230,1,1-2-3,330,1,1-2,200,1,,,,,,,
20250824,唐津,11,選抜戦,雨,無風,0,1,6,6,3841,佐々木 和 伸,16,35,6.84,6,0.24,1.57.0,1-2-3,610,2,1-2,230,1,1-2-3,330,1,1-2,200,1,,,,,,,
20250824,唐津,12,優勝戦,晴,北西,2,2,1,1,4269,杉 山 裕 也,56,48,6.80,1,0.09,1.48.6,1-2-3,1540,3,1-2,600,2,1-2-3,600,3,1-2,460,2,,,,,,,
20250824,唐津,12,優勝戦,晴,北西,2,2,2,2,5278,田 中 駿 兵,13,8,6.84,3,0.15,1.50.1,1-2-3,1540,3,1-2,600,2,1-2-3,600,3,1-2,460,2,,,,,,,
20250824,唐津,12,優勝戦,晴,北西,2,2,3,3,4910,中 村 泰 平,24,20,6.87,4,0.15,1.52.7,1-2-3,1540,3,1-2,600,2,1-2-3,600,3,1-2,460,2,,,,,,,
20250824,唐津,12,優勝戦,晴,北西,2,2,4,5,5089,前 田 翔,55,38,6.82,6,0.14,1.54.2,1-2-3,1540,3,1-2,600,2,1-2-3,600,3,1-2,460,2,,,,,,,
20250824,唐津,12,優勝戦,晴,北西,2,2,5,4,4877,鈴 谷 一 平,29,42,6.85,5,0.12,1.54.3,1-2-3,1540,3,1-2,600,2,1-2-3,600,3,1-2,460,2,,,,,,,
20250824,唐津,12,優勝戦,晴,北西,2,2,6,6,3574,大 神 康 司,15,46,6.96,2,0.10,1.56.8,1-2-3,1540,3,1-2,600,2,1-2-3,600,3,1-2,460,2,,,,,,,
20250824,多摩川,1,一般,晴,北東,1,2,1,1,3439,大 平 誉史明,17,46,6.73,1,0.12,1.51.4,1-4-2,1290,3,1-4,270,1,1-2-4,530,2,1-4,300,1,,,,,,,
20250824,多摩川,1,一般,晴,北東,1,2,2,4,4375,照 屋 厚 仁,65,50,6.77,4,0.10,1.52.2,1-4-2,1290,3,1-4,270,1,1-2-4,530,2,1-4,300,1,,,,,,,
20250824,多摩川,1,一般,晴,北東,1,2,3,2,3370,坪 内 実,24,27,6.75,2,0.13,1.53.6,1-4-2,1290,3,1-4,270,1,1-2-4,530,2,1-4,300,1,,,,,,,
20250824,多摩川,1,一般,晴,北東,1,2,4,5,3502,渡 邉 英 児,15,56,6.75,5,0.08,1.54.1,1-4-2,1290,3,1-4,270,1,1-2-4,530,2,1-4,300,1,,,,,,,
20250824,多摩川,1,一般,晴,北東,1,2,5,3,3863,海老澤 泰 行,40,51,6.81,3,0.11,,1-4-2,1290,3,1-4,270,1,1-2-4,530,2,1-4,300,1,,,,,,,
20250824,多摩川,1,一般,晴,北東,1,2,6,6,3718,伊 達 正 利,64,61,6.81,6,0.12,,1-4-2,1290,3,1-4,270,1,1-2-4,530,2,1-4,300,1,,,,,,,
20250824,多摩川,2,一般,晴,南,1,2,1,4,4319,三 宅 潤,44,83,6.72,4,0.12,1.50.6,4-2-6,3420,11,4-2,1040,6,2-4-6,1040,7,2-4,600,2,,,,,,,
20250824,多摩川,2,一般,晴,南,1,2,2,2,4766,石 井 孝 之,33,60,6.70,2,0.21,1.52.0,4-2-6,3420,11,4-2,1040,6,2-4-6,1040,7,2-4,600,2,,,,,,,
20250824,多摩川,2,一般,晴,南,1,2,3,6,5122,相 馬 翔,32,39,6.75,6,0.12,1.53.3,4-2-6,3420,11,4-2,1040,6,2-4-6,1040,7,2-4,600,2,,,,,,,
20250824,多摩川,2,一般,晴,南,1,2,4,5,4380,鈴 木 峻 佑,45,41,6.77,5,0.13,1.54.9,4-2-6,3420,11,4-2,1040,6,2-4-6,1040,7,2-4,600,2,,,,,,,
20250824,多摩川,2,一般,晴,南,1,2,5,3,4182,吉 田 和 仁,58,44,6.75,3,0.22,,4-2-6,3420,11,4-2,1040,6,2-4-6,1040,7,2-4,600,2,,,,,,,
20250824,多摩川,2,一般,晴,南,1,2,6,1,3544,豊 田 訓 靖,35,63,6.85,1,0.28,,4-2-6,3420,11,4-2,1040,6,2-4-6,1040,7,2-4,600,2,,,,,,,
20250824,多摩川,3,一般,晴,南東,3,2,1,1,5273,山 下 拓 巳,69,59,6.75,1,0.22,1.50.7,1-2-5,690,2,1-2,220,1,1-2-5,280,1,1-2,150,1,,,,,,,
20250824,多摩川,3,一般,晴,南東,3,2,2,2,3811,石 田 章 央,52,26,6.74,2,0.21,1.51.6,1-2-5,690,2,1-2,220,1,1-2-5,280,1,1-2,150,1,,,,,,,
20250824,多摩川,3,一般,晴,南東,3,2,3,5,3889,須 藤 隆 雄,70,62,6.78,5,0.13,1.54.7,1-2-5,690,2,1-2,220,1,1-2-5,280,1,1-2,150,1,,,,,,,
20250824,多摩川,3,一般,晴,南東,3,2,4,3,4439,近 藤 友 宝,71,70,6.85,3,0.21,1.55.1,1-2-5,690,2,1-2,220,1,1-2-5,280,1,1-2,150,1,,,,,,,
20250824,多摩川,3,一般,晴,南東,3,2,5,4,3642,大 塚 浩 二,16,69,6.81,4,0.16,,1-2-5,690,2,1-2,220,1,1-2-5,280,1,1-2,150,1,,,,,,,
20250824,多摩川,3,一般,晴,南東,3,2,6,6,4414,大 澤 真 菜,60,37,6.88,6,0.18,,1-2-5,690,2,1-2,220,1,1-2-5,280,1,1-2,150,1,,,,,,,
20250824,多摩川,4,一般,晴,南,1,2,1,1,4283,石 井 裕 美,73,45,6.66,1,0.21,1.59.4,1-3-4,9280,27,1-3,590,2,1-3-4,4200,8,1-3,440,2,,,,,,,
20250824,多摩川,4,一般,晴,南,1,2,2,3,5254,羽 田 妃 希,56,23,6.76,3,0.28,2.02.0,1-3-4,9280,27,1-3,590,2,1-3-4,4200,8,1-3,440,2,,,,,,,
20250824,多摩川,4,一般,晴,南,1,2,3,4,5365,石 村 日奈那,72,82,6.78,5,0.22,2.04.6,1-3-4,9280,27,1-3,590,2,1-3-4,4200,8,1-3,440,2,,,,,,,
20250824,多摩川,4,一般,晴,南,1,2,4,5,3435,寺 田 千 恵,55,55,6.73,4,0.23,2.06.3,1-3-4,9280,27,1-3,590,2,1-3-4,4200,8,1-3,440,2,,,,,,,
20250824,多摩川,4,一般,晴,南,1,2,5,2,3357,福 島 陽 子,21,48,6.80,2,0.38,,1-3-4,9280,27,1-3,590,2,1-3-4,4200,8,1-3,440,2,,,,,,,
20250824,多摩川,5,一般,晴,南東,2,2,1,3,3850,小 川 知 行,12,67,6.75,3,0.18,1.51.8,3-6-2,136560,98,3-6,9650,21,2-3-6,8920,19,3-6,12940,14,,,,,,,
20250824,多摩川,5,一般,晴,南東,2,2,2,6,4081,樋 口 範 政,38,40,6.78,6,0.19,1.52.6,3-6-2,136560,98,3-6,9650,21,2-3-6,8920,19,3-6,12940,14,,,,,,,
20250824,多摩川,5,一般,晴,南東,2,2,3,2,4467,渡 邉 俊 介,50,24,6.78,2,0.16,1.53.9,3-6-2,136560,98,3-6,9650,21,2-3-6,8920,19,3-6,12940,14,,,,,,,
20250824,多摩川,5,一般,晴,南東,2,2,4,1,3606,川 北 浩 貴,20,80,6.80,1,0.21,1.55.0,3-6-2,136560,98,3-6,9650,21,2-3-6,8920,19,3-6,12940,14,,,,,,,
20250824,多摩川,5,一般,晴,南東,2,2,5,5,3370,坪 内 実,24,27,6.74,5,0.19,,3-6-2,136560,98,3-6,9650,21,2-3-6,8920,19,3-6,12940,14,,,,,,,
20250824,多摩川,5,一般,晴,南東,2,2,6,4,4366,前 沢 丈 史,48,77,6.85,4,0.17,,3-6-2,136560,98,3-6,9650,21,2-3-6,8920,19,3-6,12940,14,,,,,,,
20250824,多摩川,6,一般,晴,南東,3,2,1,6,4645,上 村 純 一,31,36,6.73,6,0.05,1.50.1,6-2-5,5730,22,6-2,850,4,2-5-6,630,2,2-6,580,2,,,,,,,
20250824,多摩川,6,一般,晴,南東,3,2,2,2,3905,天 野 友 和,62,84,6.73,2,0.18,1.53.2,6-2-5,5730,22,6-2,850,4,2-5-6,630,2,2-6,580,2,,,,,,,
20250824,多摩川,6,一般,晴,南東,3,2,3,5,3771,折 下 寛 法,57,74,6.88,4,0.18,1.54.3,6-2-5,5730,22,6-2,850,4,2-5-6,630,2,2-6,580,2,,,,,,,
20250824,多摩川,6,一般,晴,南東,3,2,4,3,3544,豊 田 訓 靖,35,63,6.81,3,0.39,1.56.4,6-2-5,5730,22,6-2,850,4,2-5-6,630,2,2-6,580,2,,,,,,,
20250824,多摩川,6,一般,晴,南東,3,2,5,4,4766,石 井 孝 之,33,60,6.73,5,0.14,,6-2-5,5730,22,6-2,850,4,2-5-6,630,2,2-6,580,2,,,,,,,
20250824,多摩川,6,一般,晴,南東,3,2,6,1,3863,海老澤 泰 行,40,51,6.85,1,0.21,,6-2-5,5730,22,6-2,850,4,2-5-6,630,2,2-6,580,2,,,,,,,
20250824,多摩川,7,一般,晴,南,3,2,1,6,4305,金 子 拓 矢,61,78,6.81,6,0.13,1.49.2,6-5-1,3050,10,6-5,1260,6,1-5-6,380,1,5-6,660,3,,,,,,,
20250824,多摩川,7,一般,晴,南,3,2,2,5,4650,中 山 雄 太,19,66,6.78,5,0.18,1.51.7,6-5-1,3050,10,6-5,1260,6,1-5-6,380,1,5-6,660,3,,,,,,,
20250824,多摩川,7,一般,晴,南,3,2,3,1,3889,須 藤 隆 雄,70,62,6.82,1,0.24,1.54.1,6-5-1,3050,10,6-5,1260,6,1-5-6,380,1,5-6,660,3,,,,,,,
20250824,多摩川,7,一般,晴,南,3,2,4,2,3502,渡 邉 英 児,15,56,6.80,2,0.23,1.55.6,6-5-1,3050,10,6-5,1260,6,1-5-6,380,1,5-6,660,3,,,,,,,
20250824,多摩川,7,一般,晴,南,3,2,5,3,4380,鈴 木 峻 佑,45,41,6.77,3,0.25,,6-5-1,3050,10,6-5,1260,6,1-5-6,380,1,5-6,660,3,,,,,,,
20250824,多摩川,7,一般,晴,南,3,2,6,4,4182,吉 田 和 仁,58,44,6.81,4,0.29,,6-5-1,3050,10,6-5,1260,6,1-5-6,380,1,5-6,660,3,,,,,,,
20250824,多摩川,8,一般,晴,南,2,2,1,1,4140,梶 野 学 志,37,33,6.75,1,0.13,1.51.0,1-3-2,510,1,1-3,190,1,1-2-3,270,1,1-3,190,1,,,,,,,
20250824,多摩川,8,一般,晴,南,2,2,2,3,4375,照 屋 厚 仁,65,50,6.81,3,0.11,1.51.7,1-3-2,510,1,1-3,190,1,1-2-3,270,1,1-3,190,1,,,,,,,
20250824,多摩川,8,一般,晴,南,2,2,3,2,3642,大 塚 浩 二,16,69,6.84,2,0.17,1.54.1,1-3-2,510,1,1-3,190,1,1-2-3,270,1,1-3,190,1,,,,,,,
20250824,多摩川,8,一般,晴,南,2,2,4,4,5254,羽 田 妃 希,56,23,6.73,4,0.11,1.54.7,1-3-2,510,1,1-3,190,1,1-2-3,270,1,1-3,190,1,,,,,,,
20250824,多摩川,8,一般,晴,南,2,2,5,5,4439,近 藤 友 宝,71,70,6.81,5,0.19,,1-3-2,510,1,1-3,190,1,1-2-3,270,1,1-3,190,1,,,,,,,
20250824,多摩川,8,一般,晴,南,2,2,6,6,3357,福 島 陽 子,21,48,6.76,6,0.20,,1-3-2,510,1,1-3,190,1,1-2-3,270,1,1-3,190,1,,,,,,,
20250824,多摩川,9,静波まつり選,晴,南東,2,2,1,2,4081,樋 口 範 政,38,40,6.81,2,0.23,1.50.0,2-4-6,43690,89,2-4,7550,18,2-4-6,6620,19,2-4,2430,7,,,,,,,
20250824,多摩川,9,静波まつり選,晴,南東,2,2,2,4,4283,石 井 裕 美,73,45,6.75,4,0.19,1.51.9,2-4-6,43690,89,2-4,7550,18,2-4-6,6620,19,2-4,2430,7,,,,,,,
20250824,多摩川,9,静波まつり選,晴,南東,2,2,3,6,3439,大 平 誉史明,17,46,6.77,6,0.19,1.53.6,2-4-6,43690,89,2-4,7550,18,2-4-6,6620,19,2-4,2430,7,,,,,,,
20250824,多摩川,9,静波まつり選,晴,南東,2,2,4,5,4467,渡 邉 俊 介,50,24,6.78,5,0.18,1.55.2,2-4-6,43690,89,2-4,7550,18,2-4-6,6620,19,2-4,2430,7,,,,,,,
20250824,多摩川,9,静波まつり選,晴,南東,2,2,5,3,3718,伊 達 正 利,64,61,6.85,3,0.23,,2-4-6,43690,89,2-4,7550,18,2-4-6,6620,19,2-4,2430,7,,,,,,,
20250824,多摩川,9,静波まつり選,晴,南東,2,2,6,1,5122,相 馬 翔,32,39,6.73,1,0.22,,2-4-6,43690,89,2-4,7550,18,2-4-6,6620,19,2-4,2430,7,,,,,,,
20250824,多摩川,10,選抜戦,晴,南東,3,2,1,1,4645,上 村 純 一,31,36,6.76,1,0.18,1.50.6,1-2-3,1400,5,1-2,620,4,1-2-3,500,2,1-2,530,3,,,,,,,
20250824,多摩川,10,選抜戦,晴,南東,3,2,2,2,3771,折 下 寛 法,57,74,6.88,2,0.16,1.52.0,1-2-3,1400,5,1-2,620,4,1-2-3,500,2,1-2,530,3,,,,,,,
20250824,多摩川,10,選抜戦,晴,南東,3,2,3,3,4366,前 沢 丈 史,48,77,6.88,3,0.08,1.53.5,1-2-3,1400,5,1-2,620,4,1-2-3,500,2,1-2,530,3,,,,,,,
20250824,多摩川,10,選抜戦,晴,南東,3,2,4,5,3811,石 田 章 央,52,26,6.81,5,0.17,1.53.8,1-2-3,1400,5,1-2,620,4,1-2-3,500,2,1-2,530,3,,,,,,,
20250824,多摩川,10,選抜戦,晴,南東,3,2,5,4,3435,寺 田 千 恵,55,55,6.74,4,0.08,,1-2-3,1400,5,1-2,620,4,1-2-3,500,2,1-2,530,3,,,,,,,
20250824,多摩川,10,選抜戦,晴,南東,3,2,6,6,3606,川 北 浩 貴,20,80,6.82,6,0.22,,1-2-3,1400,5,1-2,620,4,1-2-3,500,2,1-2,530,3,,,,,,,
20250824,多摩川,11,選抜戦,晴,南,2,2,1,1,4305,金 子 拓 矢,61,78,6.60,1,0.21,1.48.4,1-2-3,380,1,1-2,190,1,1-2-3,240,1,1-2,180,1,,,,,,,
20250824,多摩川,11,選抜戦,晴,南,2,2,2,2,4650,中 山 雄 太,19,66,6.76,2,0.17,1.51.5,1-2-3,380,1,1-2,190,1,1-2-3,240,1,1-2,180,1,,,,,,,
20250824,多摩川,11,選抜戦,晴,南,2,2,3,3,4319,三 宅 潤,44,83,6.73,3,0.19,1.53.2,1-2-3,380,1,1-2,190,1,1-2-3,240,1,1-2,180,1,,,,,,,
20250824,多摩川,11,選抜戦,晴,南,2,2,4,4,3850,小 川 知 行,12,67,6.80,4,0.18,1.54.9,1-2-3,380,1,1-2,190,1,1-2-3,240,1,1-2,180,1,,,,,,,
20250824,多摩川,11,選抜戦,晴,南,2,2,5,6,5273,山 下 拓 巳,69,59,6.70,6,0.19,,1-2-3,380,1,1-2,190,1,1-2-3,240,1,1-2,180,1,,,,,,,
20250824,多摩川,11,選抜戦,晴,南,2,2,6,5,3905,天 野 友 和,62,84,6.74,5,0.17,,1-2-3,380,1,1-2,190,1,1-2-3,240,1,1-2,180,1,,,,,,,
20250824,多摩川,12,優勝戦,晴,南,3,2,1,2,4055,吉 田 俊 彦,26,49,6.73,2,0.12,1.50.1,2-1-3,3540,12,2-1,1730,5,1-2-3,330,1,1-2,330,2,,,,,,,
20250824,多摩川,12,優勝戦,晴,南,3,2,2,1,3612,馬 袋 義 則,66,57,6.72,1,0.09,1.51.7,2-1-3,3540,12,2-1,1730,5,1-2-3,330,1,1-2,330,2,,,,,,,
20250824,多摩川,12,優勝戦,晴,南,3,2,3,3,4278,藤 岡 俊 介,59,72,6.72,3,0.16,1.52.9,2-1-3,3540,12,2-1,1730,5,1-2-3,330,1,1-2,330,2,,,,,,,
20250824,多摩川,12,優勝戦,晴,南,3,2,4,4,4308,河 村 了,43,42,6.73,4,0.20,1.53.8,2-1-3,3540,12,2-1,1730,5,1-2-3,330,1,1-2,330,2,,,,,,,
20250824,多摩川,12,優勝戦,晴,南,3,2,5,5,4488,小 山 勉,46,54,6.77,5,0.20,,2-1-3,3540,12,2-1,1730,5,1-2-3,330,1,1-2,330,2,,,,,,,
20250824,多摩川,12,優勝戦,晴,南,3,2,6,6,4306,畔 柳 俊 吾,39,34,6.75,6,0.19,,2-1-3,3540,12,2-1,1730,5,1-2-3,330,1,1-2,330,2,,,,,,,
20250824,大村,1,一般,晴,西,2,1,1,1,3436,柏 野 幸 二,32,27,6.92,1,0.15,1.51.9,1-4-3,760,2,1-4,300,1,1-3-4,340,1,1-4,240,1,,,,,,,
20250824,大村,1,一般,晴,西,2,1,2,4,3711,江 本 真 治,25,34,6.99,4,0.11,1.52.5,1-4-3,760,2,1-4,300,1,1-3-4,340,1,1-4,240,1,,,,,,,
20250824,大村,1,一般,晴,西,2,1,3,3,3957,大 谷 直 弘,13,71,6.98,3,0.13,1.54.1,1-4-3,760,2,1-4,300,1,1-3-4,340,1,1-4,240,1,,,,,,,
20250824,大村,1,一般,晴,西,2,1,4,2,4656,大 崎 翔,15,37,7.07,2,0.17,1.55.1,1-4-3,760,2,1-4,300,1,1-3-4,340,1,1-4,240,1,,,,,,,
20250824,大村,1,一般,晴,西,2,1,5,6,3944,山 口 裕 二,33,44,6.98,6,0.18,,1-4-3,760,2,1-4,300,1,1-3-4,340,1,1-4,240,1,,,,,,,
20250824,大村,1,一般,晴,西,2,1,6,5,3107,平 岡 重 典,54,46,7.01,5,0.14,,1-4-3,760,2,1-4,300,1,1-3-4,340,1,1-4,240,1,,,,,,,
20250824,大村,2,一般,晴,南西,1,1,1,1,5011,高 木 圭 大,38,62,6.97,1,0.04,1.50.4,1-3-4,1210,1,1-3,680,3,1-3-4,390,2,1-3,320,1,,,,,,,
20250824,大村,2,一般,晴,南西,1,1,2,3,4601,森 野 正 弘,18,38,6.97,3,0.06,1.51.9,1-3-4,1210,1,1-3,680,3,1-3-4,390,2,1-3,320,1,,,,,,,
20250824,大村,2,一般,晴,南西,1,1,3,4,4659,木 下 翔 太,19,54,7.01,4,0.20,1.53.9,1-3-4,1210,1,1-3,680,3,1-3-4,390,2,1-3,320,1,,,,,,,
20250824,大村,2,一般,晴,南西,1,1,4,2,5071,野見山 拓 己,21,43,6.97,2,0.02,1.55.3,1-3-4,1210,1,1-3,680,3,1-3-4,390,2,1-3,320,1,,,,,,,
20250824,大村,2,一般,晴,南西,1,1,5,5,4196,田 中 太一郎,30,22,6.95,5,0.17,,1-3-4,1210,1,1-3,680,3,1-3-4,390,2,1-3,320,1,,,,,,,
20250824,大村,2,一般,晴,南西,1,1,6,6,3535,渡 修 平,24,15,7.01,6,0.17,,1-3-4,1210,1,1-3,680,3,1-3-4,390,2,1-3,320,1,,,,,,,
20250824,大村,3,一般,晴,南西,1,1,1,3,5196,鰐 部 太空海,58,59,6.94,3,0.02,1.50.4,3-1-4,2630,10,3-1,850,4,1-3-4,430,2,1-3,240,1,,,,,,,
20250824,大村,3,一般,晴,南西,1,1,2,1,3988,古 川 誠 之,45,72,6.93,1,0.14,1.50.8,3-1-4,2630,10,3-1,850,4,1-3-4,430,2,1-3,240,1,,,,,,,
20250824,大村,3,一般,晴,南西,1,1,3,4,4919,吉 田 翔 悟,72,30,6.97,4,0.02,1.52.5,3-1-4,2630,10,3-1,850,4,1-3-4,430,2,1-3,240,1,,,,,,,
20250824,大村,3,一般,晴,南西,1,1,4,5,3752,宇 土 泰 就,50,41,6.93,5,0.04,1.53.7,3-1-4,2630,10,3-1,850,4,1-3-4,430,2,1-3,240,1,,,,,,,
20250824,大村,3,一般,晴,南西,1,1,5,6,4028,田 村 隆 信,11,21,6.94,6,0.08,,3-1-4,2630,10,3-1,850,4,1-3-4,430,2,1-3,240,1,,,,,,,
20250824,大村,3,一般,晴,南西,1,1,6,2,4735,角 山 雄 哉,75,29,7.02,2,0.04,,3-1-4,2630,10,3-1,850,4,1-3-4,430,2,1-3,240,1,,,,,,,
20250824,大村,4,一般,晴,南西,1,1,1,6,4025,山 本 隆 幸,35,32,6.95,6,0.12,1.49.9,6-4-1,5740,24,6-4,3200,11,1-4-6,370,1,4-6,1180,6,,,,,,,
20250824,大村,4,一般,晴,南西,1,1,2,4,4040,廣 瀬 将 亨,76,23,6.97,5,0.09,1.51.2,6-4-1,5740,24,6-4,3200,11,1-4-6,370,1,4-6,1180,6,,,,,,,
20250824,大村,4,一般,晴,南西,1,1,3,1,4709,岡 村 将 也,41,57,6.96,1,0.18,1.53.4,6-4-1,5740,24,6-4,3200,11,1-4-6,370,1,4-6,1180,6,,,,,,,
20250824,大村,4,一般,晴,南西,1,1,4,3,3848,川 上 聡 介,29,12,7.05,4,0.26,1.54.4,6-4-1,5740,24,6-4,3200,11,1-4-6,370,1,4-6,1180,6,,,,,,,
20250824,大村,4,一般,晴,南西,1,1,5,5,3070,山 室 展 弘,68,39,6.99,3,0.30,,6-4-1,5740,24,6-4,3200,11,1-4-6,370,1,4-6,1180,6,,,,,,,
20250824,大村,4,一般,晴,南西,1,1,6,2,4200,早 川 尚 人,73,11,7.00,2,0.26,,6-4-1,5740,24,6-4,3200,11,1-4-6,370,1,4-6,1180,6,,,,,,,
20250824,大村,5,一般,晴,南西,2,1,1,2,4276,鈴 木 勝 博,20,18,7.07,2,0.18,1.50.3,2-4-1,19110,25,2-4,5420,12,1-2-4,390,3,2-4,2480,6,,,,,,,
20250824,大村,5,一般,晴,南西,2,1,2,4,3566,川 添 英 正,23,40,6.96,4,0.29,1.51.5,2-4-1,19110,25,2-4,5420,12,1-2-4,390,3,2-4,2480,6,,,,,,,
20250824,大村,5,一般,晴,南西,2,1,3,1,4079,出 畑 孝 典,69,33,6.92,1,0.21,1.52.7,2-4-1,19110,25,2-4,5420,12,1-2-4,390,3,2-4,2480,6,,,,,,,
20250824,大村,5,一般,晴,南西,2,1,4,3,4325,新 出 浩 司,31,36,6.99,3,0.19,1.53.4,2-4-1,19110,25,2-4,5420,12,1-2-4,390,3,2-4,2480,6,,,,,,,
20250824,大村,5,一般,晴,南西,2,1,5,5,4263,武 重 雄 介,51,49,7.03,5,0.27,,2-4-1,19110,25,2-4,5420,12,1-2-4,390,3,2-4,2480,6,,,,,,,
20250824,大村,5,一般,晴,南西,2,1,6,6,5417,小 柳 勝 希,28,74,7.09,6,0.29,,2-4-1,19110,25,2-4,5420,12,1-2-4,390,3,2-4,2480,6,,,,,,,
20250824,大村,6,一般,晴,南西,1,1,1,1,4873,蒲 原 健 太,17,70,6.93,1,0.18,1.50.8,1-6-2,1800,6,1-6,570,3,1-2-6,630,2,1-6,460,2,,,,,,,
20250824,大村,6,一般,晴,南西,1,1,2,6,4544,松 田 大志郎,48,31,6.92,5,0.12,1.51.7,1-6-2,1800,6,1-6,570,3,1-2-6,630,2,1-6,460,2,,,,,,,
20250824,大村,6,一般,晴,南西,1,1,3,2,5321,一 色 颯 輝,70,60,6.99,2,0.17,1.53.8,1-6-2,1800,6,1-6,570,3,1-2-6,630,2,1-6,460,2,,,,,,,
20250824,大村,6,一般,晴,南西,1,1,4,3,4718,北 川 太 一,34,53,6.95,3,0.16,1.54.5,1-6-2,1800,6,1-6,570,3,1-2-6,630,2,1-6,460,2,,,,,,,
20250824,大村,6,一般,晴,南西,1,1,5,5,5351,齊 藤 廉,36,73,6.91,6,0.13,,1-6-2,1800,6,1-6,570,3,1-2-6,630,2,1-6,460,2,,,,,,,
20250824,大村,6,一般,晴,南西,1,1,6,4,3458,東 健 介,61,48,7.00,4,0.15,,1-6-2,1800,6,1-6,570,3,1-2-6,630,2,1-6,460,2,,,,,,,
20250824,大村,7,一般 進入固定,晴,南西,1,1,1,1,5126,山 下 大 輝,12,52,6.97,1,0.11,1.50.6,1-4-6,8310,21,1-4,830,3,1-4-6,5140,10,1-4,800,4,,,,,,,
20250824,大村,7,一般 進入固定,晴,南西,1,1,2,4,4661,中 島 昂 章,37,55,7.02,4,0.22,1.52.0,1-4-6,8310,21,1-4,830,3,1-4-6,5140,10,1-4,800,4,,,,,,,
20250824,大村,7,一般 進入固定,晴,南西,1,1,3,6,3963,原 田 秀 弥,63,47,7.03,6,0.20,1.52.5,1-4-6,8310,21,1-4,830,3,1-4-6,5140,10,1-4,800,4,,,,,,,
20250824,大村,7,一般 進入固定,晴,南西,1,1,4,2,4981,牧 山 敦 也,14,17,7.06,2,0.17,1.53.1,1-4-6,8310,21,1-4,830,3,1-4-6,5140,10,1-4,800,4,,,,,,,
20250824,大村,7,一般 進入固定,晴,南西,1,1,5,3,4369,丹 下 将,43,24,7.03,3,0.19,,1-4-6,8310,21,1-4,830,3,1-4-6,5140,10,1-4,800,4,,,,,,,
20250824,大村,7,一般 進入固定,晴,南西,1,1,6,5,4158,木 場 雄二郎,62,25,7.02,5,0.17,,1-4-6,8310,21,1-4,830,3,1-4-6,5140,10,1-4,800,4,,,,,,,
20250824,大村,8,一般,晴,南西,1,1,1,2,5127,沼 田 大 都,16,51,6.94,2,0.18,1.49.9,2-1-3,3420,11,2-1,1610,5,1-2-3,300,1,1-2,720,2,,,,,,,
20250824,大村,8,一般,晴,南西,1,1,2,1,3081,岡 本 慎 治,65,45,6.94,1,0.14,1.51.4,2-1-3,3420,11,2-1,1610,5,1-2-3,300,1,1-2,720,2,,,,,,,
20250824,大村,8,一般,晴,南西,1,1,3,3,4596,葛 原 大 陽,22,68,6.99,3,0.13,1.51.5,2-1-3,3420,11,2-1,1610,5,1-2-3,300,1,1-2,720,2,,,,,,,
20250824,大村,8,一般,晴,南西,1,1,4,4,4925,森 悠 稀,27,67,6.93,4,0.18,1.53.9,2-1-3,3420,11,2-1,1610,5,1-2-3,300,1,1-2,720,2,,,,,,,
20250824,大村,8,一般,晴,南西,1,1,5,5,3957,大 谷 直 弘,13,71,7.05,5,0.22,,2-1-3,3420,11,2-1,1610,5,1-2-3,300,1,1-2,720,2,,,,,,,
20250824,大村,8,一般,晴,南西,1,1,6,6,3558,山 本 浩 次,26,76,6.97,6,0.16,,2-1-3,3420,11,2-1,1610,5,1-2-3,300,1,1-2,720,2,,,,,,,
20250824,大村,9,準優勝戦,晴,南西,2,1,1,1,4025,山 本 隆 幸,35,32,6.87,1,0.15,1.49.9,1-2-4,660,2,1-2,220,1,1-2-4,350,2,1-2,170,1,,,,,,,
20250824,大村,9,準優勝戦,晴,南西,2,1,2,2,3988,古 川 誠 之,45,72,6.95,2,0.08,1.50.6,1-2-4,660,2,1-2,220,1,1-2-4,350,2,1-2,170,1,,,,,,,
20250824,大村,9,準優勝戦,晴,南西,2,1,3,4,4263,武 重 雄 介,51,49,7.01,4,0.07,1.52.1,1-2-4,660,2,1-2,220,1,1-2-4,350,2,1-2,170,1,,,,,,,
20250824,大村,9,準優勝戦,晴,南西,2,1,4,3,3711,江 本 真 治,25,34,6.95,3,0.14,1.53.5,1-2-4,660,2,1-2,220,1,1-2-4,350,2,1-2,170,1,,,,,,,
20250824,大村,9,準優勝戦,晴,南西,2,1,5,6,5071,野見山 拓 己,21,43,6.95,6,0.13,,1-2-4,660,2,1-2,220,1,1-2-4,350,2,1-2,170,1,,,,,,,
20250824,大村,9,準優勝戦,晴,南西,2,1,6,5,4200,早 川 尚 人,73,11,6.96,5,0.14,,1-2-4,660,2,1-2,220,1,1-2-4,350,2,1-2,170,1,,,,,,,
20250824,大村,10,準優勝戦,晴,南西,1,1,1,1,4028,田 村 隆 信,11,21,6.90,1,0.09,1.49.6,1-4-5,1650,8,1-4,340,3,1-4-5,930,5,1-4,260,1,,,,,,,
20250824,大村,10,準優勝戦,晴,南西,1,1,2,4,4601,森 野 正 弘,18,38,6.92,4,0.01,1.51.2,1-4-5,1650,8,1-4,340,3,1-4-5,930,5,1-4,260,1,,,,,,,
20250824,大村,10,準優勝戦,晴,南西,1,1,3,5,4873,蒲 原 健 太,17,70,6.93,5,0.09,1.52.7,1-4-5,1650,8,1-4,340,3,1-4-5,930,5,1-4,260,1,,,,,,,
20250824,大村,10,準優勝戦,晴,南西,1,1,4,3,4040,廣 瀬 将 亨,76,23,6.95,3,0.06,1.54.0,1-4-5,1650,8,1-4,340,3,1-4-5,930,5,1-4,260,1,,,,,,,
20250824,大村,10,準優勝戦,晴,南西,1,1,5,2,3436,柏 野 幸 二,32,27,6.96,2,0.06,,1-4-5,1650,8,1-4,340,3,1-4-5,930,5,1-4,260,1,,,,,,,
20250824,大村,10,準優勝戦,晴,南西,1,1,6,6,4276,鈴 木 勝 博,20,18,6.94,6,0.21,,1-4-5,1650,8,1-4,340,3,1-4-5,930,5,1-4,260,1,,,,,,,
20250824,大村,11,準優勝戦,晴,南西,1,1,1,1,4544,松 田 大志郎,48,31,6.88,1,0.13,1.49.7,1-2-3,580,1,1-2,260,2,1-2-3,240,1,1-2,230,2,,,,,,,
20250824,大村,11,準優勝戦,晴,南西,1,1,2,2,5126,山 下 大 輝,12,52,6.89,2,0.13,1.51.4,1-2-3,580,1,1-2,260,2,1-2-3,240,1,1-2,230,2,,,,,,,
20250824,大村,11,準優勝戦,晴,南西,1,1,3,3,4659,木 下 翔 太,19,54,6.96,3,0.15,1.52.7,1-2-3,580,1,1-2,260,2,1-2-3,240,1,1-2,230,2,,,,,,,
20250824,大村,11,準優勝戦,晴,南西,1,1,4,5,4079,出 畑 孝 典,69,33,6.93,5,0.15,1.53.6,1-2-3,580,1,1-2,260,2,1-2-3,240,1,1-2,230,2,,,,,,,
20250824,大村,11,準優勝戦,晴,南西,1,1,5,4,3944,山 口 裕 二,33,44,6.98,4,0.13,,1-2-3,580,1,1-2,260,2,1-2-3,240,1,1-2,230,2,,,,,,,
20250824,大村,11,準優勝戦,晴,南西,1,1,6,6,4709,岡 村 将 也,41,57,6.94,6,0.15,,1-2-3,580,1,1-2,260,2,1-2-3,240,1,1-2,230,2,,,,,,,
20250824,大村,12,一般,晴,南西,1,1,1,1,4369,丹 下 将,43,24,6.95,1,0.04,1.50.4,1-3-2,2310,9,1-3,760,3,1-2-3,760,4,1-3,570,3,,,,,,,
20250824,大村,12,一般,晴,南西,1,1,2,3,4656,大 崎 翔,15,37,7.02,3,0.04,1.51.8,1-3-2,2310,9,1-3,760,3,1-2-3,760,4,1-3,570,3,,,,,,,
20250824,大村,12,一般,晴,南西,1,1,3,2,4325,新 出 浩 司,31,36,6.98,2,0.11,1.53.0,1-3-2,2310,9,1-3,760,3,1-2-3,760,4,1-3,570,3,,,,,,,
20250824,大村,12,一般,晴,南西,1,1,4,6,4919,吉 田 翔 悟,72,30,6.94,6,0.08,1.53.1,1-3-2,2310,9,1-3,760,3,1-2-3,760,4,1-3,570,3,,,,,,,
20250824,大村,12,一般,晴,南西,1,1,5,4,4718,北 川 太 一,34,53,6.97,4,0.08,,1-3-2,2310,9,1-3,760,3,1-2-3,760,4,1-3,570,3,,,,,,,
20250824,大村,12,一般,晴,南西,1,1,6,5,3848,川 上 聡 介,29,12,7.01,5,0.09,,1-3-2,2310,9,1-3,760,3,1-2-3,760,4,1-3,570,3,,,,,,,
20250824,常滑,1,朝トコ小判Ｒ,晴,西,3,1,1,1,4240,今 井 裕 梨,47,22,6.74,1,0.19,1.51.3,1-4-5,3420,11,1-4,1270,4,1-4-5,1420,6,1-4,860,4,,,,,,,
20250824,常滑,1,朝トコ小判Ｒ,晴,西,3,1,2,4,5335,森 陽 多,36,70,6.81,4,0.12,1.51.7,1-4-5,3420,11,1-4,1270,4,1-4-5,1420,6,1-4,860,4,,,,,,,
20250824,常滑,1,朝トコ小判Ｒ,晴,西,3,1,3,5,5156,坂 野 さくら,16,31,6.79,5,0.15,1.55.1,1-4-5,3420,11,1-4,1270,4,1-4-5,1420,6,1-4,860,4,,,,,,,
20250824,常滑,1,朝トコ小判Ｒ,晴,西,3,1,4,3,5198,奥 村 明日香,8,39,6.80,3,0.22,1.56.4,1-4-5,3420,11,1-4,1270,4,1-4-5,1420,6,1-4,860,4,,,,,,,
20250824,常滑,1,朝トコ小判Ｒ,晴,西,3,1,5,2,4882,瀧 川 千 依,50,11,6.76,2,0.20,,1-4-5,3420,11,1-4,1270,4,1-4-5,1420,6,1-4,860,4,,,,,,,
20250824,常滑,1,朝トコ小判Ｒ,晴,西,3,1,6,6,5305,伊 藤 栞,5,19,6.81,6,0.18,,1-4-5,3420,11,1-4,1270,4,1-4-5,1420,6,1-4,860,4,,,,,,,
20250824,常滑,2,一般,晴,南,2,1,1,5,4997,濱 崎 寿里矢,33,27,6.86,5,0.06,1.51.3,5-3-2,33180,66,5-3,9060,21,2-3-5,1970,7,3-5,2600,11,,,,,,,
20250824,常滑,2,一般,晴,南,2,1,2,3,4984,森 下 愛 梨,28,60,6.81,3,0.22,1.52.5,5-3-2,33180,66,5-3,9060,21,2-3-5,1970,7,3-5,2600,11,,,,,,,
20250824,常滑,2,一般,晴,南,2,1,3,2,4536,喜 井 つかさ,23,38,6.81,2,0.22,1.54.2,5-3-2,33180,66,5-3,9060,21,2-3-5,1970,7,3-5,2600,11,,,,,,,
20250824,常滑,2,一般,晴,南,2,1,4,1,4372,原 田 佑 実,35,30,6.79,1,0.22,1.54.9,5-3-2,33180,66,5-3,9060,21,2-3-5,1970,7,3-5,2600,11,,,,,,,
20250824,常滑,2,一般,晴,南,2,1,5,6,5264,登 みひ果,62,62,6.74,6,0.11,,5-3-2,33180,66,5-3,9060,21,2-3-5,1970,7,3-5,2600,11,,,,,,,
20250824,常滑,2,一般,晴,南,2,1,6,4,5370,日 隈 茜,2,47,6.78,4,0.18,,5-3-2,33180,66,5-3,9060,21,2-3-5,1970,7,3-5,2600,11,,,,,,,
20250824,常滑,3,一般,晴,南西,2,1,1,1,4775,千 葉 真 弥,55,33,6.74,1,0.11,1.51.6,1-2-6,760,1,1-2,350,1,1-2-6,380,1,1-2,320,1,,,,,,,
20250824,常滑,3,一般,晴,南西,2,1,2,2,4947,間 庭 菜 摘,3,25,6.72,2,0.18,1.52.2,1-2-6,760,1,1-2,350,1,1-2-6,380,1,1-2,320,1,,,,,,,
20250824,常滑,3,一般,晴,南西,2,1,3,6,5188,武 井 莉里佳,48,51,6.76,6,0.20,1.55.5,1-2-6,760,1,1-2,350,1,1-2-6,380,1,1-2,320,1,,,,,,,
20250824,常滑,3,一般,晴,南西,2,1,4,5,5003,来 田 衣 織,21,67,6.79,5,0.14,1.56.1,1-2-6,760,1,1-2,350,1,1-2-6,380,1,1-2,320,1,,,,,,,
20250824,常滑,3,一般,晴,南西,2,1,5,3,5171,清 水 未 唯,11,12,6.80,3,0.24,,1-2-6,760,1,1-2,350,1,1-2-6,380,1,1-2,320,1,,,,,,,
20250824,常滑,3,一般,晴,南西,2,1,6,4,5340,樋江井 舞,42,44,6.79,4,0.14,,1-2-6,760,1,1-2,350,1,1-2-6,380,1,1-2,320,1,,,,,,,
20250824,常滑,4,一般,晴,南西,3,1,1,1,4183,宇 野 弥 生,38,74,6.76,1,0.22,1.52.0,1-4-2,2070,8,1-4,950,4,1-2-4,440,2,1-4,1050,3,,,,,,,
20250824,常滑,4,一般,晴,南西,3,1,2,4,4720,西 澤 日花里,24,41,6.86,4,0.25,1.53.5,1-4-2,2070,8,1-4,950,4,1-2-4,440,2,1-4,1050,3,,,,,,,
20250824,常滑,4,一般,晴,南西,3,1,3,2,5019,柴 田 百 恵,1,43,6.77,2,0.20,1.55.6,1-4-2,2070,8,1-4,950,4,1-2-4,440,2,1-4,1050,3,,,,,,,
20250824,常滑,4,一般,晴,南西,3,1,4,3,4781,西 舘 果 里,17,66,6.77,3,0.16,1.55.8,1-4-2,2070,8,1-4,950,4,1-2-4,440,2,1-4,1050,3,,,,,,,
20250824,常滑,4,一般,晴,南西,3,1,5,5,4897,深 見 亜由美,39,35,6.83,5,0.27,,1-4-2,2070,8,1-4,950,4,1-2-4,440,2,1-4,1050,3,,,,,,,
20250824,常滑,4,一般,晴,南西,3,1,6,6,5347,井 澤 聖 奈,25,40,6.79,6,0.26,,1-4-2,2070,8,1-4,950,4,1-2-4,440,2,1-4,1050,3,,,,,,,
20250824,常滑,5,一般,晴,南西,3,1,1,1,4611,今 井 美 亜,54,15,6.68,1,0.12,1.50.5,1-5-2,810,3,1-5,430,2,1-2-5,270,1,1-5,370,2,,,,,,,
20250824,常滑,5,一般,晴,南西,3,1,2,5,4680,後 藤 美 翼,52,13,6.74,5,0.11,1.52.6,1-5-2,810,3,1-5,430,2,1-2-5,270,1,1-5,370,2,,,,,,,
20250824,常滑,5,一般,晴,南西,3,1,3,2,4694,高 田 綾,29,59,6.78,2,0.17,1.55.0,1-5-2,810,3,1-5,430,2,1-2-5,270,1,1-5,370,2,,,,,,,
20250824,常滑,5,一般,晴,南西,3,1,4,4,5314,中 曽 瑠 華,31,52,6.80,4,0.09,1.56.2,1-5-2,810,3,1-5,430,2,1-2-5,270,1,1-5,370,2,,,,,,,
20250824,常滑,5,一般,晴,南西,3,1,5,6,3528,笠 野 友紀恵,58,45,6.74,6,0.09,,1-5-2,810,3,1-5,430,2,1-2-5,270,1,1-5,370,2,,,,,,,
20250824,常滑,5,一般,晴,南西,3,1,6,3,5335,森 陽 多,36,70,6.77,3,0.12,,1-5-2,810,3,1-5,430,2,1-2-5,270,1,1-5,370,2,,,,,,,
20250824,常滑,6,昼トコ小判Ｒ,晴,南西,3,1,1,1,4123,細 川 裕 子,60,20,6.79,1,0.10,1.50.3,1-6-2,1130,3,1-6,320,1,1-2-6,360,2,1-6,240,1,,,,,,,
20250824,常滑,6,昼トコ小判Ｒ,晴,南西,3,1,2,6,5088,高 憧 四 季,27,71,6.74,4,0.15,1.52.1,1-6-2,1130,3,1-6,320,1,1-2-6,360,2,1-6,240,1,,,,,,,
20250824,常滑,6,昼トコ小判Ｒ,晴,南西,3,1,3,2,4400,加 藤 奈 月,40,17,6.79,2,0.15,1.54.3,1-6-2,1130,3,1-6,320,1,1-2-6,360,2,1-6,240,1,,,,,,,
20250824,常滑,6,昼トコ小判Ｒ,晴,南西,3,1,4,5,5162,松 尾 怜 実,61,64,6.73,6,0.10,1.55.2,1-6-2,1130,3,1-6,320,1,1-2-6,360,2,1-6,240,1,,,,,,,
20250824,常滑,6,昼トコ小判Ｒ,晴,南西,3,1,5,4,5198,奥 村 明日香,8,39,6.81,5,0.14,,1-6-2,1130,3,1-6,320,1,1-2-6,360,2,1-6,240,1,,,,,,,
20250824,常滑,6,昼トコ小判Ｒ,晴,南西,3,1,6,3,5117,冨名腰 桃 奈,53,29,6.72,3,0.08,,1-6-2,1130,3,1-6,320,1,1-2-6,360,2,1-6,240,1,,,,,,,
20250824,常滑,7,一般,晴,南西,3,1,1,1,3845,中 谷 朋 子,13,46,6.77,1,0.10,1.51.0,1-3-5,970,3,1-3,300,1,1-3-5,510,3,1-3,220,1,,,,,,,
20250824,常滑,7,一般,晴,南西,3,1,2,3,4882,瀧 川 千 依,50,11,6.76,3,0.17,1.53.0,1-3-5,970,3,1-3,300,1,1-3-5,510,3,1-3,220,1,,,,,,,
20250824,常滑,7,一般,晴,南西,3,1,3,5,4984,森 下 愛 梨,28,60,6.79,5,0.07,1.54.6,1-3-5,970,3,1-3,300,1,1-3-5,510,3,1-3,220,1,,,,,,,
20250824,常滑,7,一般,晴,南西,3,1,4,2,5003,来 田 衣 織,21,67,6.87,2,0.11,1.54.7,1-3-5,970,3,1-3,300,1,1-3-5,510,3,1-3,220,1,,,,,,,
20250824,常滑,7,一般,晴,南西,3,1,5,4,4947,間 庭 菜 摘,3,25,6.72,4,0.18,,1-3-5,970,3,1-3,300,1,1-3-5,510,3,1-3,220,1,,,,,,,
20250824,常滑,7,一般,晴,南西,3,1,6,6,5370,日 隈 茜,2,47,6.73,6,0.05,,1-3-5,970,3,1-3,300,1,1-3-5,510,3,1-3,220,1,,,,,,,
20250824,常滑,8,一般,晴,南西,3,1,1,1,4385,鈴 木 祐美子,10,18,6.75,1,0.21,1.52.4,1-4-6,6980,27,1-4,1470,5,1-4-6,2700,15,1-4,1230,5,,,,,,,
20250824,常滑,8,一般,晴,南西,3,1,2,4,5171,清 水 未 唯,11,14,6.82,6,0.12,1.53.5,1-4-6,6980,27,1-4,1470,5,1-4-6,2700,15,1-4,1230,5,,,,,,,
20250824,常滑,8,一般,晴,南西,3,1,3,6,4781,西 舘 果 里,17,57,6.81,5,0.14,1.54.4,1-4-6,6980,27,1-4,1470,5,1-4-6,2700,15,1-4,1230,5,,,,,,,
20250824,常滑,8,一般,晴,南西,3,1,4,2,4720,西 澤 日花里,24,41,6.85,2,0.19,1.56.1,1-4-6,6980,27,1-4,1470,5,1-4-6,2700,15,1-4,1230,5,,,,,,,
20250824,常滑,8,一般,晴,南西,3,1,5,5,5340,樋江井 舞,42,26,6.81,4,0.33,,1-4-6,6980,27,1-4,1470,5,1-4-6,2700,15,1-4,1230,5,,,,,,,
20250824,常滑,8,一般,晴,南西,3,1,6,3,4997,濱 崎 寿里矢,33,27,6.81,3,0.22,,1-4-6,6980,27,1-4,1470,5,1-4-6,2700,15,1-4,1230,5,,,,,,,
20250824,常滑,9,一般特選,晴,南,2,1,1,1,5156,坂 野 さくら,16,31,6.80,1,0.09,1.50.6,1-4-2,3550,14,1-4,750,3,1-2-4,1140,6,1-4,690,3,,,,,,,
20250824,常滑,9,一般特選,晴,南,2,1,2,4,3528,笠 野 友紀恵,58,45,6.75,4,0.05,1.51.2,1-4-2,3550,14,1-4,750,3,1-2-4,1140,6,1-4,690,3,,,,,,,
20250824,常滑,9,一般特選,晴,南,2,1,3,2,4897,深 見 亜由美,39,35,6.81,2,0.11,1.53.6,1-4-2,3550,14,1-4,750,3,1-2-4,1140,6,1-4,690,3,,,,,,,
20250824,常滑,9,一般特選,晴,南,2,1,4,5,4694,高 田 綾,29,59,6.81,5,0.06,1.54.5,1-4-2,3550,14,1-4,750,3,1-2-4,1140,6,1-4,690,3,,,,,,,
20250824,常滑,9,一般特選,晴,南,2,1,5,6,5416,龍 田 真 白,44,61,6.75,6,0.04,,1-4-2,3550,14,1-4,750,3,1-2-4,1140,6,1-4,690,3,,,,,,,
20250824,常滑,9,一般特選,晴,南,2,1,6,3,5019,柴 田 百 恵,1,43,6.83,3,0.14,,1-4-2,3550,14,1-4,750,3,1-2-4,1140,6,1-4,690,3,,,,,,,
20250824,常滑,10,選抜戦,晴,南,3,1,1,1,5188,武 井 莉里佳,48,51,6.75,1,0.12,1.50.5,1-5-3,7590,22,1-5,1850,5,1-3-5,1880,6,1-5,1100,4,,,,,,,
20250824,常滑,10,選抜戦,晴,南,3,1,2,5,4536,喜 井 つかさ,23,38,6.81,5,0.15,1.52.3,1-5-3,7590,22,1-5,1850,5,1-3-5,1880,6,1-5,1100,4,,,,,,,
20250824,常滑,10,選抜戦,晴,南,3,1,3,3,4680,後 藤 美 翼,52,13,6.78,3,0.15,1.53.2,1-5-3,7590,22,1-5,1850,5,1-3-5,1880,6,1-5,1100,4,,,,,,,
20250824,常滑,10,選抜戦,晴,南,3,1,4,2,4123,細 川 裕 子,60,20,6.76,2,0.15,1.54.9,1-5-3,7590,22,1-5,1850,5,1-3-5,1880,6,1-5,1100,4,,,,,,,
20250824,常滑,10,選抜戦,晴,南,3,1,5,4,4372,原 田 佑 実,35,30,6.81,4,0.15,,1-5-3,7590,22,1-5,1850,5,1-3-5,1880,6,1-5,1100,4,,,,,,,
20250824,常滑,10,選抜戦,晴,南,3,1,6,6,4240,今 井 裕 梨,47,22,6.80,6,0.14,,1-5-3,7590,22,1-5,1850,5,1-3-5,1880,6,1-5,1100,4,,,,,,,
20250824,常滑,11,選抜戦,晴,南,3,1,1,1,5088,高 憧 四 季,27,71,6.73,1,0.17,1.50.3,1-5-3,3610,15,1-5,960,5,1-3-5,1290,6,1-5,830,4,,,,,,,
20250824,常滑,11,選抜戦,晴,南,3,1,2,5,4775,千 葉 真 弥,55,33,6.71,5,0.16,1.52.1,1-5-3,3610,15,1-5,960,5,1-3-5,1290,6,1-5,830,4,,,,,,,
20250824,常滑,11,選抜戦,晴,南,3,1,3,3,3845,中 谷 朋 子,13,46,6.77,3,0.25,1.54.0,1-5-3,3610,15,1-5,960,5,1-3-5,1290,6,1-5,830,4,,,,,,,
20250824,常滑,11,選抜戦,晴,南,3,1,4,2,4611,今 井 美 亜,54,15,6.71,2,0.21,1.56.2,1-5-3,3610,15,1-5,960,5,1-3-5,1290,6,1-5,830,4,,,,,,,
20250824,常滑,11,選抜戦,晴,南,3,1,5,6,4400,加 藤 奈 月,40,17,6.83,6,0.19,,1-5-3,3610,15,1-5,960,5,1-3-5,1290,6,1-5,830,4,,,,,,,
20250824,常滑,11,選抜戦,晴,南,3,1,6,4,4183,宇 野 弥 生,38,74,6.82,4,0.15,,1-5-3,3610,15,1-5,960,5,1-3-5,1290,6,1-5,830,4,,,,,,,
20250824,常滑,12,優勝戦,晴,南,3,1,1,3,4900,中 田 夕 貴,41,37,6.81,3,0.08,1.49.8,3-2-6,5720,25,3-2,1240,6,2-3-6,1310,8,2-3,390,2,,,,,,,
20250824,常滑,12,優勝戦,晴,南,3,1,2,2,4961,西 橋 奈 未,20,53,6.80,2,0.04,1.52.0,3-2-6,5720,25,3-2,1240,6,2-3-6,1310,8,2-3,390,2,,,,,,,
20250824,常滑,12,優勝戦,晴,南,3,1,3,6,4994,山 本 梨 菜,4,63,6.80,6,0.20,1.53.8,3-2-6,5720,25,3-2,1240,6,2-3-6,1310,8,2-3,390,2,,,,,,,
20250824,常滑,12,優勝戦,晴,南,3,1,4,4,4546,浜 田 亜理沙,56,16,6.77,4,0.15,1.54.4,3-2-6,5720,25,3-2,1240,6,2-3-6,1310,8,2-3,390,2,,,,,,,
20250824,常滑,12,優勝戦,晴,南,3,1,5,5,3999,大 瀧 明日香,51,55,6.80,5,0.17,,3-2-6,5720,25,3-2,1240,6,2-3-6,1310,8,2-3,390,2,,,,,,,
20250824,戸田,1,予選,晴,無風,0,0,1,1,3967,鈴 木 茂 高,5,41,6.85,1,0.24,1.51.6,1-4-6,1740,4,1-4,620,2,1-4-6,500,2,1-4,310,1,,,,,,,
20250824,戸田,1,予選,晴,無風,0,0,2,4,4982,中 村 将 隆,50,46,6.77,4,0.27,1.52.9,1-4-6,1740,4,1-4,620,2,1-4-6,500,2,1-4,310,1,,,,,,,
20250824,戸田,1,予選,晴,無風,0,0,3,6,4639,雑 賀 勇 貴,64,76,6.79,6,0.28,1.54.5,1-4-6,1740,4,1-4,620,2,1-4-6,500,2,1-4,310,1,,,,,,,
20250824,戸田,1,予選,晴,無風,0,0,4,5,5306,河 内 悠利杏,44,72,6.86,5,0.30,1.55.6,1-4-6,1740,4,1-4,620,2,1-4-6,500,2,1-4,310,1,,,,,,,
20250824,戸田,1,予選,晴,無風,0,0,5,3,3289,高 橋 淳 美,46,58,6.80,3,0.20,,1-4-6,1740,4,1-4,620,2,1-4-6,500,2,1-4,310,1,,,,,,,
20250824,戸田,1,予選,晴,無風,0,0,6,2,3712,淺 香 文 武,36,40,6.83,2,0.18,,1-4-6,1740,4,1-4,620,2,1-4-6,500,2,1-4,310,1,,,,,,,
20250824,戸田,2,予選,晴,西,3,2,1,1,4973,栗 原 直 也,30,13,6.75,1,0.06,1.50.3,1-2-3,3650,15,1-2,1460,8,1-2-3,520,3,1-2,830,4,,,,,,,
20250824,戸田,2,予選,晴,西,3,2,2,2,4550,石 岡 将 太,41,44,6.76,3,0.08,1.52.7,1-2-3,3650,15,1-2,1460,8,1-2-3,520,3,1-2,830,4,,,,,,,
20250824,戸田,2,予選,晴,西,3,2,3,3,4828,松 山 将 吾,61,60,6.77,4,0.10,1.54.8,1-2-3,3650,15,1-2,1460,8,1-2-3,520,3,1-2,830,4,,,,,,,
20250824,戸田,2,予選,晴,西,3,2,4,4,3315,広 瀬 聖 仁,58,59,6.87,5,0.11,1.55.0,1-2-3,3650,15,1-2,1460,8,1-2-3,520,3,1-2,830,4,,,,,,,
20250824,戸田,2,予選,晴,西,3,2,5,6,3517,高 橋 勲,2,43,6.89,2,0.07,,1-2-3,3650,15,1-2,1460,8,1-2-3,520,3,1-2,830,4,,,,,,,
20250824,戸田,2,予選,晴,西,3,2,6,5,3686,鳥居塚 孝 博,47,45,6.87,6,0.12,,1-2-3,3650,15,1-2,1460,8,1-2-3,520,3,1-2,830,4,,,,,,,
20250824,戸田,3,予選,晴,南東,1,1,1,5,4039,村 上 功 祐,55,39,6.91,5,0.18,1.51.5,5-1-2,45880,87,5-1,12430,24,1-2-5,820,4,1-5,1970,8,,,,,,,
20250824,戸田,3,予選,晴,南東,1,1,2,1,4917,岩 橋 裕 馬,18,11,6.73,1,0.18,1.52.1,5-1-2,45880,87,5-1,12430,24,1-2-5,820,4,1-5,1970,8,,,,,,,
20250824,戸田,3,予選,晴,南東,1,1,3,2,4604,岩 瀬 裕 亮,40,75,6.65,2,0.21,1.53.0,5-1-2,45880,87,5-1,12430,24,1-2-5,820,4,1-5,1970,8,,,,,,,
20250824,戸田,3,予選,晴,南東,1,1,4,6,4486,野 村 誠,51,51,6.87,6,0.21,1.54.8,5-1-2,45880,87,5-1,12430,24,1-2-5,820,4,1-5,1970,8,,,,,,,
20250824,戸田,3,予選,晴,南東,1,1,5,4,5247,大 森 翼,63,14,6.77,4,0.20,,5-1-2,45880,87,5-1,12430,24,1-2-5,820,4,1-5,1970,8,,,,,,,
20250824,戸田,3,予選,晴,南東,1,1,6,3,4432,黄金井 力 良,65,50,6.87,3,0.33,,5-1-2,45880,87,5-1,12430,24,1-2-5,820,4,1-5,1970,8,,,,,,,
20250824,戸田,4,予選,晴,南東,3,3,1,2,4036,金 田 諭,53,12,6.70,2,0.14,1.51.4,2-4-3,1910,5,2-4,550,2,2-3-4,540,2,2-4,530,3,,,,,,,
20250824,戸田,4,予選,晴,南東,3,3,2,4,4893,渡 邉 真奈美,37,73,6.77,4,0.16,1.52.4,2-4-3,1910,5,2-4,550,2,2-3-4,540,2,2-4,530,3,,,,,,,
20250824,戸田,4,予選,晴,南東,3,3,3,3,4706,三 浦 洋次朗,49,68,6.87,3,0.10,1.54.5,2-4-3,1910,5,2-4,550,2,2-3-4,540,2,2-4,530,3,,,,,,,
20250824,戸田,4,予選,晴,南東,3,3,4,5,4579,中 嶋 健一郎,31,71,6.82,5,0.12,1.55.1,2-4-3,1910,5,2-4,550,2,2-3-4,540,2,2-4,530,3,,,,,,,
20250824,戸田,4,予選,晴,南東,3,3,5,1,5151,山 下 奈 緒,52,42,6.72,1,0.19,,2-4-3,1910,5,2-4,550,2,2-3-4,540,2,2-4,530,3,,,,,,,
20250824,戸田,4,予選,晴,南東,3,3,6,6,5137,川 原 涼,4,67,6.66,6,0.23,,2-4-3,1910,5,2-4,550,2,2-3-4,540,2,2-4,530,3,,,,,,,
20250824,戸田,5,ウインウイン,晴,東,3,3,1,4,4983,前 田 篤 哉,1,22,6.65,4,0.15,1.51.5,4-3-2,4600,21,4-3,1030,7,2-3-4,800,4,3-4,860,4,,,,,,,
20250824,戸田,5,ウインウイン,晴,東,3,3,2,3,4639,雑 賀 勇 貴,64,76,6.79,3,0.16,1.52.4,4-3-2,4600,21,4-3,1030,7,2-3-4,800,4,3-4,860,4,,,,,,,
20250824,戸田,5,ウインウイン,晴,東,3,3,3,2,5023,久 永 祥 平,56,56,6.78,2,0.14,1.54.3,4-3-2,4600,21,4-3,1030,7,2-3-4,800,4,3-4,860,4,,,,,,,
20250824,戸田,5,ウインウイン,晴,東,3,3,4,6,3482,金 子 猛 志,34,66,6.77,6,0.21,1.55.9,4-3-2,4600,21,4-3,1030,7,2-3-4,800,4,3-4,860,4,,,,,,,
20250824,戸田,5,ウインウイン,晴,東,3,3,5,1,4478,櫻 本 あゆみ,48,53,6.77,1,0.30,,4-3-2,4600,21,4-3,1030,7,2-3-4,800,4,3-4,860,4,,,,,,,
20250824,戸田,5,ウインウイン,晴,東,3,3,6,5,5327,西 田 和 加,57,62,6.78,5,0.18,,4-3-2,4600,21,4-3,1030,7,2-3-4,800,4,3-4,860,4,,,,,,,
20250824,戸田,6,予選,晴,東,4,3,1,2,4083,福 島 勇 樹,38,15,6.59,2,0.09,1.50.6,2-4-5,1370,1,2-4,510,1,2-4-5,470,2,2-4,200,1,,,,,,,
20250824,戸田,6,予選,晴,東,4,3,2,4,3532,柴 田 光,62,47,6.72,4,0.16,1.51.9,2-4-5,1370,1,2-4,510,1,2-4-5,470,2,2-4,200,1,,,,,,,
20250824,戸田,6,予選,晴,東,4,3,3,5,3769,佐 竹 恒 彦,45,52,6.79,5,0.15,1.53.7,2-4-5,1370,1,2-4,510,1,2-4-5,470,2,2-4,200,1,,,,,,,
20250824,戸田,6,予選,晴,東,4,3,4,6,4382,高 山 智 至,42,49,6.75,6,0.15,1.55.1,2-4-5,1370,1,2-4,510,1,2-4-5,470,2,2-4,200,1,,,,,,,
20250824,戸田,6,予選,晴,東,4,3,5,1,4540,相 原 利 章,33,74,6.74,1,0.18,,2-4-5,1370,1,2-4,510,1,2-4-5,470,2,2-4,200,1,,,,,,,
20250824,戸田,6,予選,晴,東,4,3,6,3,3315,広 瀬 聖 仁,58,59,6.83,3,0.13,,2-4-5,1370,1,2-4,510,1,2-4-5,470,2,2-4,200,1,,,,,,,
20250824,戸田,7,ウインウイン,晴,無風,0,0,1,1,4381,田 路 朋 史,16,65,6.58,1,0.18,1.51.1,1-2-3,1860,9,1-2,620,3,1-2-3,660,3,1-2,610,3,,,,,,,
20250824,戸田,7,ウインウイン,晴,無風,0,0,2,2,4484,稲 生 夏 季,59,24,6.80,2,0.12,1.52.0,1-2-3,1860,9,1-2,620,3,1-2-3,660,3,1-2,610,3,,,,,,,
20250824,戸田,7,ウインウイン,晴,無風,0,0,3,3,3712,淺 香 文 武,36,40,6.74,3,0.11,1.53.9,1-2-3,1860,9,1-2,620,3,1-2-3,660,3,1-2,610,3,,,,,,,
20250824,戸田,7,ウインウイン,晴,無風,0,0,4,5,3619,長谷川 充,39,64,6.79,5,0.16,1.54.7,1-2-3,1860,9,1-2,620,3,1-2-3,660,3,1-2,610,3,,,,,,,
20250824,戸田,7,ウインウイン,晴,無風,0,0,5,4,4917,岩 橋 裕 馬,18,11,6.74,4,0.12,,1-2-3,1860,9,1-2,620,3,1-2-3,660,3,1-2,610,3,,,,,,,
20250824,戸田,7,ウインウイン,晴,無風,0,0,6,6,4550,石 岡 将 太,41,44,6.72,6,0.11,,1-2-3,1860,9,1-2,620,3,1-2-3,660,3,1-2,610,3,,,,,,,
20250824,戸田,8,予選,晴,東,4,3,1,6,4828,松 山 将 吾,61,60,6.86,5,0.15,1.51.3,6-1-5,4630,20,6-1,1120,6,1-5-6,1530,7,1-6,370,2,,,,,,,
20250824,戸田,8,予選,晴,東,4,3,2,1,4039,村 上 功 祐,55,39,6.79,1,0.22,1.52.6,6-1-5,4630,20,6-1,1120,6,1-5-6,1530,7,1-6,370,2,,,,,,,
20250824,戸田,8,予選,晴,東,4,3,3,5,5137,川 原 涼,4,67,6.67,6,0.20,1.53.7,6-1-5,4630,20,6-1,1120,6,1-5-6,1530,7,1-6,370,2,,,,,,,
20250824,戸田,8,予選,晴,東,4,3,4,3,3613,角 谷 健 吾,6,69,6.75,3,0.13,1.53.9,6-1-5,4630,20,6-1,1120,6,1-5-6,1530,7,1-6,370,2,,,,,,,
20250824,戸田,8,予選,晴,東,4,3,5,2,4911,片 岡 大 地,3,48,6.75,2,0.15,,6-1-5,4630,20,6-1,1120,6,1-5-6,1530,7,1-6,370,2,,,,,,,
20250824,戸田,8,予選,晴,東,4,3,6,4,5360,高 木 茉 白,35,61,6.90,4,0.28,,6-1-5,4630,20,6-1,1120,6,1-5-6,1530,7,1-6,370,2,,,,,,,
20250824,戸田,9,戸田特賞,晴,南東,3,3,1,1,4049,荒 川 健 太,54,70,6.78,1,0.23,1.51.6,1-3-5,1570,1,1-3,600,2,1-3-5,620,1,1-3,460,2,,,,,,,
20250824,戸田,9,戸田特賞,晴,南東,3,3,2,3,4893,渡 邉 真奈美,37,73,6.79,3,0.17,1.52.6,1-3-5,1570,1,1-3,600,2,1-3-5,620,1,1-3,460,2,,,,,,,
20250824,戸田,9,戸田特賞,晴,南東,3,3,3,5,4509,平 見 真 彦,60,63,6.79,5,0.22,1.53.5,1-3-5,1570,1,1-3,600,2,1-3-5,620,1,1-3,460,2,,,,,,,
20250824,戸田,9,戸田特賞,晴,南東,3,3,4,2,4432,黄金井 力 良,65,50,6.84,2,0.21,1.54.7,1-3-5,1570,1,1-3,600,2,1-3-5,620,1,1-3,460,2,,,,,,,
20250824,戸田,9,戸田特賞,晴,南東,3,3,5,6,4983,前 田 篤 哉,1,22,6.72,6,0.25,,1-3-5,1570,1,1-3,600,2,1-3-5,620,1,1-3,460,2,,,,,,,
20250824,戸田,9,戸田特賞,晴,南東,3,3,6,4,4973,栗 原 直 也,30,13,6.82,4,0.24,,1-3-5,1570,1,1-3,600,2,1-3-5,620,1,1-3,460,2,,,,,,,
20250824,戸田,10,戸田特賞,晴,南東,3,3,1,1,4298,宮 下 元 胤,43,57,6.75,1,0.11,1.51.0,1-2-6,11210,38,1-2,640,2,1-2-6,7610,16,1-2,350,2,,,,,,,
20250824,戸田,10,戸田特賞,晴,南東,3,3,2,2,4382,高 山 智 至,42,49,6.72,2,0.13,1.52.8,1-2-6,11210,38,1-2,640,2,1-2-6,7610,16,1-2,350,2,,,,,,,
20250824,戸田,10,戸田特賞,晴,南東,3,3,3,6,5023,久 永 祥 平,56,56,6.82,6,0.13,1.54.0,1-2-6,11210,38,1-2,640,2,1-2-6,7610,16,1-2,350,2,,,,,,,
20250824,戸田,10,戸田特賞,晴,南東,3,3,4,3,3517,高 橋 勲,2,43,6.79,3,0.14,1.54.4,1-2-6,11210,38,1-2,640,2,1-2-6,7610,16,1-2,350,2,,,,,,,
20250824,戸田,10,戸田特賞,晴,南東,3,3,5,4,4036,金 田 諭,53,12,6.75,4,0.17,,1-2-6,11210,38,1-2,640,2,1-2-6,7610,16,1-2,350,2,,,,,,,
20250824,戸田,10,戸田特賞,晴,南東,3,3,6,5,4604,岩 瀬 裕 亮,40,75,6.71,5,0.15,,1-2-6,11210,38,1-2,640,2,1-2-6,7610,16,1-2,350,2,,,,,,,
20250824,戸田,11,戸田特選,晴,南東,2,1,1,1,4083,福 島 勇 樹,38,15,6.61,1,0.19,1.51.4,1-4-2,1910,7,1-4,740,3,1-2-4,440,2,1-4,620,3,,,,,,,
20250824,戸田,11,戸田特選,晴,南東,2,1,2,4,3967,鈴 木 茂 高,5,41,6.81,4,0.11,1.53.1,1-4-2,1910,7,1-4,740,3,1-2-4,440,2,1-4,620,3,,,,,,,
20250824,戸田,11,戸田特選,晴,南東,2,1,3,2,4579,中 嶋 健一郎,31,71,6.74,2,0.14,1.54.3,1-4-2,1910,7,1-4,740,3,1-2-4,440,2,1-4,620,3,,,,,,,
20250824,戸田,11,戸田特選,晴,南東,2,1,4,6,4484,稲 生 夏 季,59,24,6.80,6,0.08,1.55.4,1-4-2,1910,7,1-4,740,3,1-2-4,440,2,1-4,620,3,,,,,,,
20250824,戸田,11,戸田特選,晴,南東,2,1,5,5,4478,櫻 本 あゆみ,48,53,6.75,5,0.08,,1-4-2,1910,7,1-4,740,3,1-2-4,440,2,1-4,620,3,,,,,,,
20250824,戸田,11,戸田特選,晴,南東,2,1,6,3,4486,野 村 誠,51,51,6.75,3,0.15,,1-4-2,1910,7,1-4,740,3,1-2-4,440,2,1-4,620,3,,,,,,,
20250824,戸田,12,記者選抜戦,晴,南東,3,2,1,2,4381,田 路 朋 史,16,65,6.65,2,0.14,1.51.7,2-3-5,18420,41,2-3,4140,9,2-3-5,7420,16,2-3,2940,7,,,,,,,
20250824,戸田,12,記者選抜戦,晴,南東,3,2,2,3,4982,中 村 将 隆,50,46,6.77,3,0.16,1.52.3,2-3-5,18420,41,2-3,4140,9,2-3-5,7420,16,2-3,2940,7,,,,,,,
20250824,戸田,12,記者選抜戦,晴,南東,3,2,3,5,3482,金 子 猛 志,34,66,6.87,5,0.15,1.53.5,2-3-5,18420,41,2-3,4140,9,2-3-5,7420,16,2-3,2940,7,,,,,,,
20250824,戸田,12,記者選抜戦,晴,南東,3,2,4,6,3613,角 谷 健 吾,6,69,6.69,6,0.16,1.54.0,2-3-5,18420,41,2-3,4140,9,2-3-5,7420,16,2-3,2940,7,,,,,,,
20250824,戸田,12,記者選抜戦,晴,南東,3,2,5,4,4706,三 浦 洋次朗,49,68,6.90,4,0.14,,2-3-5,18420,41,2-3,4140,9,2-3-5,7420,16,2-3,2940,7,,,,,,,
20250824,戸田,12,記者選抜戦,晴,南東,3,2,6,1,3532,柴 田 光,62,47,6.72,1,0.24,,2-3-5,18420,41,2-3,4140,9,2-3-5,7420,16,2-3,2940,7,,,,,,,
20250824,桐生,1,予選,晴,東,4,3,1,1,4648,木 村 亮 太,38,72,6.60,1,0.17,1.52.3,1-3-4,1880,4,1-3,450,1,1-3-4,770,3,1-3,370,1,,,,,,,
20250824,桐生,1,予選,晴,東,4,3,2,3,4470,平 田 健之佑,35,49,6.69,3,0.21,1.53.1,1-3-4,1880,4,1-3,450,1,1-3-4,770,3,1-3,370,1,,,,,,,
20250824,桐生,1,予選,晴,東,4,3,3,4,4733,赤 井 睦,29,18,6.76,4,0.16,1.54.9,1-3-4,1880,4,1-3,450,1,1-3-4,770,3,1-3,370,1,,,,,,,
20250824,桐生,1,予選,晴,東,4,3,4,6,4274,長 畑 友 輔,42,22,6.69,6,0.30,1.56.1,1-3-4,1880,4,1-3,450,1,1-3-4,770,3,1-3,370,1,,,,,,,
20250824,桐生,1,予選,晴,東,4,3,5,5,3968,茶 谷 信 次,11,27,6.74,5,0.10,1.57.5,1-3-4,1880,4,1-3,450,1,1-3-4,770,3,1-3,370,1,,,,,,,
20250824,桐生,1,予選,晴,東,4,3,6,2,3156,金 子 良 昭,69,73,6.69,2,0.15,1.57.8,1-3-4,1880,4,1-3,450,1,1-3-4,770,3,1-3,370,1,,,,,,,
20250824,桐生,2,予選,晴,東,3,2,1,1,3852,澤 大 介,46,29,6.63,1,0.16,1.52.2,1-5-6,7830,25,1-5,550,3,1-5-6,3030,10,1-5,580,3,,,,,,,
20250824,桐生,2,予選,晴,東,3,2,2,5,4888,金 児 隆 太,18,67,6.73,4,0.16,1.53.0,1-5-6,7830,25,1-5,550,3,1-5-6,3030,10,1-5,580,3,,,,,,,
20250824,桐生,2,予選,晴,東,3,2,3,6,3461,渡 邊 哲 也,20,28,6.84,6,0.17,1.54.2,1-5-6,7830,25,1-5,550,3,1-5-6,3030,10,1-5,580,3,,,,,,,
20250824,桐生,2,予選,晴,東,3,2,4,4,4286,平 田 さやか,64,64,6.65,5,0.16,1.54.9,1-5-6,7830,25,1-5,550,3,1-5-6,3030,10,1-5,580,3,,,,,,,
20250824,桐生,2,予選,晴,東,3,2,5,2,4740,齋 藤 達 希,24,20,6.65,2,0.16,1.55.0,1-5-6,7830,25,1-5,550,3,1-5-6,3030,10,1-5,580,3,,,,,,,
20250824,桐生,2,予選,晴,東,3,2,6,3,4752,西 尾 亮 輔,51,68,6.75,3,0.15,1.58.1,1-5-6,7830,25,1-5,550,3,1-5-6,3030,10,1-5,580,3,,,,,,,
20250824,桐生,3,予選,曇り,北西,4,3,1,4,5222,津 田 陸 翔,56,11,6.64,4,0.17,1.51.5,4-5-2,15920,48,4-5,3500,15,2-4-5,2780,10,4-5,2410,9,,,,,,,
20250824,桐生,3,予選,曇り,北西,4,3,2,5,3463,乙 津 康 志,19,69,6.75,5,0.17,1.53.5,4-5-2,15920,48,4-5,3500,15,2-4-5,2780,10,4-5,2410,9,,,,,,,
20250824,桐生,3,予選,曇り,北西,4,3,3,2,5066,鈴 木 孝 明,27,47,6.67,2,0.11,1.54.9,4-5-2,15920,48,4-5,3500,15,2-4-5,2780,10,4-5,2410,9,,,,,,,
20250824,桐生,3,予選,曇り,北西,4,3,4,1,4289,落 合 直 子,28,61,6.70,1,0.06,1.56.4,4-5-2,15920,48,4-5,3500,15,2-4-5,2780,10,4-5,2410,9,,,,,,,
20250824,桐生,3,予選,曇り,北西,4,3,5,6,4446,和 田 兼 輔,23,44,6.67,6,0.16,1.57.7,4-5-2,15920,48,4-5,3500,15,2-4-5,2780,10,4-5,2410,9,,,,,,,
20250824,桐生,4,予選,曇り,北西,5,4,1,4,4074,柳 沢 一,26,45,6.86,4,0.18,1.52.7,4-1-3,8170,40,4-1,1290,5,1-3-4,1370,6,1-4,790,4,,,,,,,
20250824,桐生,4,予選,曇り,北西,5,4,2,1,4365,盛 本 真 輔,15,14,6.91,1,0.11,1.54.3,4-1-3,8170,40,4-1,1290,5,1-3-4,1370,6,1-4,790,4,,,,,,,
20250824,桐生,4,予選,曇り,北西,5,4,3,3,4175,川 尻 泰 輔,61,71,6.83,3,0.16,1.55.2,4-1-3,8170,40,4-1,1290,5,1-3-4,1370,6,1-4,790,4,,,,,,,
20250824,桐生,4,予選,曇り,北西,5,4,4,2,3562,山 下 和 彦,31,59,6.86,2,0.15,1.56.2,4-1-3,8170,40,4-1,1290,5,1-3-4,1370,6,1-4,790,4,,,,,,,
20250824,桐生,4,予選,曇り,北西,5,4,5,5,4012,中 村 有 裕,39,16,6.79,5,0.19,1.57.3,4-1-3,8170,40,4-1,1290,5,1-3-4,1370,6,1-4,790,4,,,,,,,
20250824,桐生,4,予選,曇り,北西,5,4,6,6,3591,後 藤 孝 義,40,13,6.94,6,0.32,1.57.9,4-1-3,8170,40,4-1,1290,5,1-3-4,1370,6,1-4,790,4,,,,,,,
20250824,桐生,5,予選,曇り,北西,4,3,1,5,4119,泥 谷 一 毅,32,40,6.85,2,0.14,1.51.9,5-1-2,30750,73,5-1,3600,14,1-2-5,3700,14,1-5,630,3,,,,,,,
20250824,桐生,5,予選,曇り,北西,4,3,2,1,4633,森 智 也,41,55,6.81,1,0.07,1.52.9,5-1-2,30750,73,5-1,3600,14,1-2-5,3700,14,1-5,630,3,,,,,,,
20250824,桐生,5,予選,曇り,北西,4,3,3,2,5211,高 井 駿 弥,16,75,6.89,3,0.10,1.54.4,5-1-2,30750,73,5-1,3600,14,1-2-5,3700,14,1-5,630,3,,,,,,,
20250824,桐生,5,予選,曇り,北西,4,3,4,3,4229,市 川 美 宏,47,50,6.79,5,0.16,1.55.1,5-1-2,30750,73,5-1,3600,14,1-2-5,3700,14,1-5,630,3,,,,,,,
20250824,桐生,5,予選,曇り,北西,4,3,5,4,4856,豊 田 健士郎,62,23,6.84,4,0.15,1.56.3,5-1-2,30750,73,5-1,3600,14,1-2-5,3700,14,1-5,630,3,,,,,,,
20250824,桐生,5,予選,曇り,北西,4,3,6,6,4191,赤 羽 克 也,55,60,6.83,6,0.10,1.58.1,5-1-2,30750,73,5-1,3600,14,1-2-5,3700,14,1-5,630,3,,,,,,,
20250824,桐生,6,ドラドキ目玉,曇り,北西,2,1,1,1,3556,田 中 信一郎,72,21,6.77,1,0.13,1.51.5,1-2-5,620,1,1-2,310,1,1-2-5,410,1,1-2,250,1,,,,,,,
20250824,桐生,6,ドラドキ目玉,曇り,北西,2,1,2,2,4274,長 畑 友 輔,42,22,6.83,2,0.12,1.52.8,1-2-5,620,1,1-2,310,1,1-2-5,410,1,1-2,250,1,,,,,,,
20250824,桐生,6,ドラドキ目玉,曇り,北西,2,1,3,5,5185,加 藤 優 弥,50,25,6.86,5,0.22,1.55.4,1-2-5,620,1,1-2,310,1,1-2-5,410,1,1-2,250,1,,,,,,,
20250824,桐生,6,ドラドキ目玉,曇り,北西,2,1,4,6,3831,安 藤 裕 貴,59,51,6.82,6,0.21,1.55.4,1-2-5,620,1,1-2,310,1,1-2-5,410,1,1-2,250,1,,,,,,,
20250824,桐生,6,ドラドキ目玉,曇り,北西,2,1,5,4,3461,渡 邊 哲 也,20,28,6.81,4,0.23,1.57.0,1-2-5,620,1,1-2,310,1,1-2-5,410,1,1-2,250,1,,,,,,,
20250824,桐生,6,ドラドキ目玉,曇り,北西,2,1,6,3,5301,岩 下 巧 斗,57,70,6.85,3,0.10,1.58.0,1-2-5,620,1,1-2,310,1,1-2-5,410,1,1-2,250,1,,,,,,,
20250824,桐生,7,ドラドキ３,曇り,北,2,1,1,1,4286,平 田 さやか,64,64,6.70,1,0.24,1.51.8,1-4-5,3900,13,1-4,850,4,1-4-5,1390,5,1-4,930,4,,,,,,,
20250824,桐生,7,ドラドキ３,曇り,北,2,1,2,4,4419,原 加央理,45,48,6.78,4,0.20,1.53.2,1-4-5,3900,13,1-4,850,4,1-4-5,1390,5,1-4,930,4,,,,,,,
20250824,桐生,7,ドラドキ３,曇り,北,2,1,3,5,4289,落 合 直 子,28,61,6.77,5,0.19,1.54.9,1-4-5,3900,13,1-4,850,4,1-4-5,1390,5,1-4,930,4,,,,,,,
20250824,桐生,7,ドラドキ３,曇り,北,2,1,4,2,4733,赤 井 睦,29,18,6.83,2,0.29,1.55.0,1-4-5,3900,13,1-4,850,4,1-4-5,1390,5,1-4,930,4,,,,,,,
20250824,桐生,7,ドラドキ３,曇り,北,2,1,5,3,4225,土 屋 千 明,44,36,6.75,3,0.30,1.56.0,1-4-5,3900,13,1-4,850,4,1-4-5,1390,5,1-4,930,4,,,,,,,
20250824,桐生,7,ドラドキ３,曇り,北,2,1,6,6,5334,樫 葉 新 心,70,42,6.78,6,0.26,1.57.5,1-4-5,3900,13,1-4,850,4,1-4-5,1390,5,1-4,930,4,,,,,,,
20250824,桐生,8,ドラドキ５,曇り,北,2,1,1,1,4243,西 村 歩,33,66,6.70,1,0.17,1.51.6,1-5-3,830,1,1-5,360,1,1-3-5,270,1,1-5,250,1,,,,,,,
20250824,桐生,8,ドラドキ５,曇り,北,2,1,2,5,4019,笠 原 亮,52,30,6.73,5,0.15,1.53.1,1-5-3,830,1,1-5,360,1,1-3-5,270,1,1-5,250,1,,,,,,,
20250824,桐生,8,ドラドキ５,曇り,北,2,1,3,3,4648,木 村 亮 太,38,72,6.71,3,0.13,1.54.2,1-5-3,830,1,1-5,360,1,1-3-5,270,1,1-5,250,1,,,,,,,
20250824,桐生,8,ドラドキ５,曇り,北,2,1,4,6,5313,鈴 木 唯 央,68,39,6.82,6,0.14,1.55.7,1-5-3,830,1,1-5,360,1,1-3-5,270,1,1-5,250,1,,,,,,,
20250824,桐生,8,ドラドキ５,曇り,北,2,1,5,4,3463,乙 津 康 志,19,69,6.74,4,0.17,1.57.4,1-5-3,830,1,1-5,360,1,1-3-5,270,1,1-5,250,1,,,,,,,
20250824,桐生,8,ドラドキ５,曇り,北,2,1,6,2,4752,西 尾 亮 輔,51,68,6.75,2,0.16,1.57.5,1-5-3,830,1,1-5,360,1,1-3-5,270,1,1-5,250,1,,,,,,,
20250824,桐生,9,予選特賞,曇り,北東,3,2,1,6,3562,山 下 和 彦,31,59,6.82,4,0.13,1.50.7,6-5-2,75380,98,6-5,15090,25,2-5-6,3800,12,5-6,6290,13,,,,,,,
20250824,桐生,9,予選特賞,曇り,北東,3,2,2,5,5211,高 井 駿 弥,16,75,6.78,6,0.07,1.52.8,6-5-2,75380,98,6-5,15090,25,2-5-6,3800,12,5-6,6290,13,,,,,,,
20250824,桐生,9,予選特賞,曇り,北東,3,2,3,2,4415,下 出 卓 矢,63,12,6.82,2,0.05,1.54.2,6-5-2,75380,98,6-5,15090,25,2-5-6,3800,12,5-6,6290,13,,,,,,,
20250824,桐生,9,予選特賞,曇り,北東,3,2,4,4,4888,金 児 隆 太,18,67,6.72,5,0.21,1.56.1,6-5-2,75380,98,6-5,15090,25,2-5-6,3800,12,5-6,6290,13,,,,,,,
20250824,桐生,9,予選特賞,曇り,北東,3,2,5,1,5066,鈴 木 孝 明,27,47,6.74,1,0.08,1.57.7,6-5-2,75380,98,6-5,15090,25,2-5-6,3800,12,5-6,6290,13,,,,,,,
20250824,桐生,9,予選特賞,曇り,北東,3,2,6,3,3156,金 子 良 昭,69,73,6.83,3,0.08,1.58.3,6-5-2,75380,98,6-5,15090,25,2-5-6,3800,12,5-6,6290,13,,,,,,,
20250824,桐生,10,予選特賞,曇り,北東,1,1,1,1,4470,平 田 健之佑,35,49,6.74,1,0.13,1.51.0,1-3-4,880,1,1-3,300,1,1-3-4,430,2,1-3,280,1,,,,,,,
20250824,桐生,10,予選特賞,曇り,北東,1,1,2,3,4053,芦 澤 望,60,52,6.78,3,0.11,1.52.5,1-3-4,880,1,1-3,300,1,1-3-4,430,2,1-3,280,1,,,,,,,
20250824,桐生,10,予選特賞,曇り,北東,1,1,3,4,4150,山 田 雄 太,67,38,6.81,4,0.10,1.53.3,1-3-4,880,1,1-3,300,1,1-3-4,430,2,1-3,280,1,,,,,,,
20250824,桐生,10,予選特賞,曇り,北東,1,1,4,5,4175,川 尻 泰 輔,61,71,6.78,5,0.14,1.54.8,1-3-4,880,1,1-3,300,1,1-3-4,430,2,1-3,280,1,,,,,,,
20250824,桐生,10,予選特賞,曇り,北東,1,1,5,2,4633,森 智 也,41,55,6.81,2,0.15,1.55.2,1-3-4,880,1,1-3,300,1,1-3-4,430,2,1-3,280,1,,,,,,,
20250824,桐生,10,予選特賞,曇り,北東,1,1,6,6,4080,山 崎 哲 司,65,33,6.67,6,0.19,1.55.4,1-3-4,880,1,1-3,300,1,1-3-4,430,2,1-3,280,1,,,,,,,
20250824,桐生,11,予選特選,曇り,北東,2,1,1,1,4074,柳 沢 一,26,45,6.72,1,0.10,1.50.5,1-5-4,3450,12,1-5,820,3,1-4-5,990,5,1-5,620,3,,,,,,,
20250824,桐生,11,予選特選,曇り,北東,2,1,2,5,3852,澤 大 介,46,29,6.71,5,0.12,1.52.4,1-5-4,3450,12,1-5,820,3,1-4-5,990,5,1-5,620,3,,,,,,,
20250824,桐生,11,予選特選,曇り,北東,2,1,3,4,4191,赤 羽 克 也,55,60,6.73,4,0.13,1.53.6,1-5-4,3450,12,1-5,820,3,1-4-5,990,5,1-5,620,3,,,,,,,
20250824,桐生,11,予選特選,曇り,北東,2,1,4,2,4446,和 田 兼 輔,23,44,6.70,2,0.09,1.55.4,1-5-4,3450,12,1-5,820,3,1-4-5,990,5,1-5,620,3,,,,,,,
20250824,桐生,11,予選特選,曇り,北東,2,1,5,3,5185,加 藤 優 弥,50,25,6.73,3,0.13,1.56.1,1-5-4,3450,12,1-5,820,3,1-4-5,990,5,1-5,620,3,,,,,,,
20250824,桐生,11,予選特選,曇り,北東,2,1,6,6,3968,茶 谷 信 次,11,27,6.74,6,0.14,1.56.3,1-5-4,3450,12,1-5,820,3,1-4-5,990,5,1-5,620,3,,,,,,,
20250824,桐生,12,桐生ドリーム,曇り,北東,1,1,1,1,4019,笠 原 亮,52,30,6.70,1,0.10,1.50.6,1-3-2,1570,5,1-3,520,2,1-2-3,440,1,1-3,460,2,,,,,,,
20250824,桐生,12,桐生ドリーム,曇り,北東,1,1,2,3,3554,仲 口 博 崇,13,35,6.70,4,0.12,1.51.4,1-3-2,1570,5,1-3,520,2,1-2-3,440,1,1-3,460,2,,,,,,,
20250824,桐生,12,桐生ドリーム,曇り,北東,1,1,3,2,4075,中 野 次 郎,34,57,6.83,2,0.10,1.53.4,1-3-2,1570,5,1-3,520,2,1-2-3,440,1,1-3,460,2,,,,,,,
20250824,桐生,12,桐生ドリーム,曇り,北東,1,1,4,4,4225,土 屋 千 明,44,36,6.67,3,0.10,1.53.9,1-3-2,1570,5,1-3,520,2,1-2-3,440,1,1-3,460,2,,,,,,,
20250824,桐生,12,桐生ドリーム,曇り,北東,1,1,5,5,3556,田 中 信一郎,72,21,6.71,5,0.14,1.56.0,1-3-2,1570,5,1-3,520,2,1-2-3,440,1,1-3,460,2,,,,,,,
20250824,桐生,12,桐生ドリーム,曇り,北東,1,1,6,6,4856,豊 田 健士郎,62,23,6.69,6,0.16,1.58.8,1-3-2,1570,5,1-3,520,2,1-2-3,440,1,1-3,460,2,,,,,,,
20250824,津,1,ツッキーレー,晴,南東,3,2,1,1,4960,黒 野 元 基,44,47,6.83,1,0.13,1.50.7,1-2-4,560,1,1-2,240,1,1-2-4,430,2,1-2,150,1,,,,,,,
20250824,津,1,ツッキーレー,晴,南東,3,2,2,2,3757,畑 和 宏,32,22,6.91,2,0.11,1.52.7,1-2-4,560,1,1-2,240,1,1-2-4,430,2,1-2,150,1,,,,,,,
20250824,津,1,ツッキーレー,晴,南東,3,2,3,4,5189,藤 原 早 菜,74,72,6.86,4,0.21,1.53.5,1-2-4,560,1,1-2,240,1,1-2-4,430,2,1-2,150,1,,,,,,,
20250824,津,1,ツッキーレー,晴,南東,3,2,4,3,5262,鈴 木 章 司,11,28,7.01,3,0.14,1.55.0,1-2-4,560,1,1-2,240,1,1-2-4,430,2,1-2,150,1,,,,,,,
20250824,津,1,ツッキーレー,晴,南東,3,2,5,5,4890,石 川 諒,54,29,6.86,5,0.20,,1-2-4,560,1,1-2,240,1,1-2-4,430,2,1-2,150,1,,,,,,,
20250824,津,1,ツッキーレー,晴,南東,3,2,6,6,3604,武 藤 綾 子,37,31,6.86,6,0.29,,1-2-4,560,1,1-2,240,1,1-2-4,430,2,1-2,150,1,,,,,,,
20250824,津,2,予選,晴,南東,3,2,1,1,4681,太 田 潮,60,30,6.91,1,0.12,1.52.1,1-4-5,2970,11,1-4,730,3,1-4-5,1320,7,1-4,520,3,,,,,,,
20250824,津,2,予選,晴,南東,3,2,2,4,4637,中 田 友 也,18,14,6.98,4,0.11,1.53.1,1-4-5,2970,11,1-4,730,3,1-4-5,1320,7,1-4,520,3,,,,,,,
20250824,津,2,予選,晴,南東,3,2,3,5,4871,菊 池 宏 志,43,34,6.85,5,0.19,1.54.5,1-4-5,2970,11,1-4,730,3,1-4-5,1320,7,1-4,520,3,,,,,,,
20250824,津,2,予選,晴,南東,3,2,4,3,4458,抹 香 雄 三,59,74,6.92,3,0.15,1.56.1,1-4-5,2970,11,1-4,730,3,1-4-5,1320,7,1-4,520,3,,,,,,,
20250824,津,2,予選,晴,南東,3,2,5,6,5414,中 澤 英 里,51,68,6.89,6,0.18,,1-4-5,2970,11,1-4,730,3,1-4-5,1320,7,1-4,520,3,,,,,,,
20250824,津,2,予選,晴,南東,3,2,6,2,3551,藤 田 美 代,67,45,6.82,2,0.15,,1-4-5,2970,11,1-4,730,3,1-4-5,1320,7,1-4,520,3,,,,,,,
20250824,津,3,予選,晴,南東,3,2,1,5,4857,加 藤 翔 馬,46,65,6.87,3,0.14,1.49.5,5-3-2,2560,7,5-3,1120,5,2-3-5,400,1,3-5,700,4,,,,,,,
20250824,津,3,予選,晴,南東,3,2,2,3,4233,亀 山 雅 幸,19,43,6.82,5,0.18,1.51.2,5-3-2,2560,7,5-3,1120,5,2-3-5,400,1,3-5,700,4,,,,,,,
20250824,津,3,予選,晴,南東,3,2,3,2,3930,岸 本 隆,26,36,6.83,2,0.37,1.53.7,5-3-2,2560,7,5-3,1120,5,2-3-5,400,1,3-5,700,4,,,,,,,
20250824,津,3,予選,晴,南東,3,2,4,1,4901,出 口 舞有子,62,75,6.85,1,0.31,1.54.9,5-3-2,2560,7,5-3,1120,5,2-3-5,400,1,3-5,700,4,,,,,,,
20250824,津,3,予選,晴,南東,3,2,5,4,3873,別 府 昌 樹,23,63,6.98,6,0.16,,5-3-2,2560,7,5-3,1120,5,2-3-5,400,1,3-5,700,4,,,,,,,
20250824,津,3,予選,晴,南東,3,2,6,6,3542,清 水 紀 克,71,24,6.95,4,0.17,,5-3-2,2560,7,5-3,1120,5,2-3-5,400,1,3-5,700,4,,,,,,,
20250824,津,4,予選,晴,南東,2,1,1,3,4011,堀之内 紀代子,13,20,6.76,3,0.10,1.50.1,3-4-2,4830,22,3-4,890,2,2-3-4,500,1,3-4,490,1,,,,,,,
20250824,津,4,予選,晴,南東,2,1,2,4,4483,北 野 輝 季,12,15,6.88,4,0.10,1.51.5,3-4-2,4830,22,3-4,890,2,2-3-4,500,1,3-4,490,1,,,,,,,
20250824,津,4,予選,晴,南東,2,1,3,2,4215,吉 島 祥 之,50,70,6.87,2,0.03,1.53.1,3-4-2,4830,22,3-4,890,2,2-3-4,500,1,3-4,490,1,,,,,,,
20250824,津,4,予選,晴,南東,2,1,4,5,3484,芝 田 浩 治,75,26,6.84,5,0.09,1.54.4,3-4-2,4830,22,3-4,890,2,2-3-4,500,1,3-4,490,1,,,,,,,
20250824,津,4,予選,晴,南東,2,1,5,6,5141,大 澤 風 葵,27,55,6.85,6,0.06,,3-4-2,4830,22,3-4,890,2,2-3-4,500,1,3-4,490,1,,,,,,,
20250824,津,4,予選,晴,南東,2,1,6,1,3305,小 野 信 樹,24,62,6.89,1,0.17,,3-4-2,4830,22,3-4,890,2,2-3-4,500,1,3-4,490,1,,,,,,,
20250824,津,5,５ールドレー,晴,南東,3,2,1,1,4218,吉 川 喜 継,55,48,6.88,1,0.09,1.50.8,1-3-5,1210,3,1-3,220,1,1-3-5,840,6,1-3,270,1,,,,,,,
20250824,津,5,５ールドレー,晴,南東,3,2,2,3,5005,石 田 貴 洋,73,21,6.94,3,0.06,1.53.1,1-3-5,1210,3,1-3,220,1,1-3-5,840,6,1-3,270,1,,,,,,,
20250824,津,5,５ールドレー,晴,南東,3,2,3,5,4097,貫地谷 直 人,22,38,6.93,5,0.10,1.54.5,1-3-5,1210,3,1-3,220,1,1-3-5,840,6,1-3,270,1,,,,,,,
20250824,津,5,５ールドレー,晴,南東,3,2,4,6,5083,柳 瀬 幹 太,29,49,6.85,6,0.20,1.54.6,1-3-5,1210,3,1-3,220,1,1-3-5,840,6,1-3,270,1,,,,,,,
20250824,津,5,５ールドレー,晴,南東,3,2,5,4,5183,中 野 孝 二,52,12,6.87,4,0.00,,1-3-5,1210,3,1-3,220,1,1-3-5,840,6,1-3,270,1,,,,,,,
20250824,津,5,５ールドレー,晴,南東,3,2,6,2,3604,武 藤 綾 子,37,31,6.85,2,0.13,,1-3-5,1210,3,1-3,220,1,1-3-5,840,6,1-3,270,1,,,,,,,
20250824,津,6,予選,晴,南東,3,2,1,4,5376,吉 田 一 心,41,67,6.84,5,0.09,1.51.0,4-1-2,29320,94,4-1,6040,23,1-2-4,3020,17,1-4,1900,11,,,,,,,
20250824,津,6,予選,晴,南東,3,2,2,1,5189,藤 原 早 菜,74,72,6.88,1,0.14,1.52.4,4-1-2,29320,94,4-1,6040,23,1-2-4,3020,17,1-4,1900,11,,,,,,,
20250824,津,6,予選,晴,南東,3,2,3,2,4637,中 田 友 也,18,14,6.89,3,0.16,1.54.6,4-1-2,29320,94,4-1,6040,23,1-2-4,3020,17,1-4,1900,11,,,,,,,
20250824,津,6,予選,晴,南東,3,2,4,3,4738,清 埜 翔 子,61,44,6.88,4,0.10,1.55.4,4-1-2,29320,94,4-1,6040,23,1-2-4,3020,17,1-4,1900,11,,,,,,,
20250824,津,6,予選,晴,南東,3,2,5,5,4568,廣 瀬 真 也,56,69,6.83,6,0.14,,4-1-2,29320,94,4-1,6040,23,1-2-4,3020,17,1-4,1900,11,,,,,,,
20250824,津,6,予選,晴,南東,3,2,6,6,3159,江 口 晃 生,34,51,6.94,2,0.12,,4-1-2,29320,94,4-1,6040,23,1-2-4,3020,17,1-4,1900,11,,,,,,,
20250824,津,7,予選,晴,南東,3,2,1,3,4960,黒 野 元 基,44,47,6.92,3,0.14,1.51.2,3-4-1,3760,16,3-4,1300,9,1-3-4,510,3,3-4,960,6,,,,,,,
20250824,津,7,予選,晴,南東,3,2,2,4,4475,末 永 祐 輝,38,58,6.87,4,0.15,1.52.6,3-4-1,3760,16,3-4,1300,9,1-3-4,510,3,3-4,960,6,,,,,,,
20250824,津,7,予選,晴,南東,3,2,3,1,4404,岸 蔭 亮,58,17,6.89,1,0.19,1.54.6,3-4-1,3760,16,3-4,1300,9,1-3-4,510,3,3-4,960,6,,,,,,,
20250824,津,7,予選,晴,南東,3,2,4,5,4926,吉 川 貴 仁,21,50,6.89,5,0.15,1.55.7,3-4-1,3760,16,3-4,1300,9,1-3-4,510,3,3-4,960,6,,,,,,,
20250824,津,7,予選,晴,南東,3,2,5,2,4093,吉 田 宗 弘,20,61,6.89,2,0.19,,3-4-1,3760,16,3-4,1300,9,1-3-4,510,3,3-4,960,6,,,,,,,
20250824,津,7,予選,晴,南東,3,2,6,6,3551,藤 田 美 代,67,45,6.88,6,0.30,,3-4-1,3760,16,3-4,1300,9,1-3-4,510,3,3-4,960,6,,,,,,,
20250824,津,8,予選,晴,南東,3,2,1,1,3930,岸 本 隆,26,36,6.87,1,0.10,1.50.6,1-3-2,660,1,1-3,250,1,1-2-3,260,1,1-3,130,1,,,,,,,
20250824,津,8,予選,晴,南東,3,2,2,3,4483,北 野 輝 季,12,15,6.88,3,0.10,1.51.6,1-3-2,660,1,1-3,250,1,1-2-3,260,1,1-3,130,1,,,,,,,
20250824,津,8,予選,晴,南東,3,2,3,2,3350,藤 本 佳 史,31,64,6.87,2,0.08,1.53.0,1-3-2,660,1,1-3,250,1,1-2-3,260,1,1-3,130,1,,,,,,,
20250824,津,8,予選,晴,南東,3,2,4,4,4681,太 田 潮,60,30,6.90,4,0.09,1.55.2,1-3-2,660,1,1-3,250,1,1-2-3,260,1,1-3,130,1,,,,,,,
20250824,津,8,予選,晴,南東,3,2,5,5,4336,松 田 竜 馬,65,46,6.91,5,0.06,,1-3-2,660,1,1-3,250,1,1-2-3,260,1,1-3,130,1,,,,,,,
20250824,津,8,予選,晴,南東,3,2,6,6,3302,谷 川 里 江,33,41,6.93,6,0.03,,1-3-2,660,1,1-3,250,1,1-2-3,260,1,1-3,130,1,,,,,,,
20250824,津,9,予選特賞,晴,南東,3,2,1,2,5141,大 澤 風 葵,27,55,6.85,2,0.11,1.50.9,2-1-4,1840,6,2-1,500,2,1-2-4,510,3,1-2,170,1,,,,,,,
20250824,津,9,予選特賞,晴,南東,3,2,2,1,3873,別 府 昌 樹,23,63,6.98,1,0.15,1.52.9,2-1-4,1840,6,2-1,500,2,1-2-4,510,3,1-2,170,1,,,,,,,
20250824,津,9,予選特賞,晴,南東,3,2,3,4,5005,石 田 貴 洋,73,21,7.02,4,0.07,1.54.3,2-1-4,1840,6,2-1,500,2,1-2-4,510,3,1-2,170,1,,,,,,,
20250824,津,9,予選特賞,晴,南東,3,2,4,6,4137,君 島 秀 三,57,18,6.97,6,0.06,1.54.7,2-1-4,1840,6,2-1,500,2,1-2-4,510,3,1-2,170,1,,,,,,,
20250824,津,9,予選特賞,晴,南東,3,2,5,5,4458,抹 香 雄 三,59,74,6.93,5,0.26,,2-1-4,1840,6,2-1,500,2,1-2-4,510,3,1-2,170,1,,,,,,,
20250824,津,9,予選特賞,晴,南東,3,2,6,3,4430,永 田 秀 二,70,52,6.92,3,0.13,,2-1-4,1840,6,2-1,500,2,1-2-4,510,3,1-2,170,1,,,,,,,
20250824,津,10,予選特賞,晴,南東,2,1,1,3,4857,加 藤 翔 馬,46,65,6.85,3,0.17,1.50.6,3-5-4,1180,4,3-5,440,2,3-4-5,550,3,3-5,450,2,,,,,,,
20250824,津,10,予選特賞,晴,南東,2,1,2,5,4361,柳 生 泰 二,72,56,6.91,5,0.06,1.52.6,3-5-4,1180,4,3-5,440,2,3-4-5,550,3,3-5,450,2,,,,,,,
20250824,津,10,予選特賞,晴,南東,2,1,3,4,3484,芝 田 浩 治,75,26,6.90,4,0.07,1.53.8,3-5-4,1180,4,3-5,440,2,3-4-5,550,3,3-5,450,2,,,,,,,
20250824,津,10,予選特賞,晴,南東,2,1,4,1,4568,廣 瀬 真 也,56,69,6.85,1,0.15,1.54.7,3-5-4,1180,4,3-5,440,2,3-4-5,550,3,3-5,450,2,,,,,,,
20250824,津,10,予選特賞,晴,南東,2,1,5,6,5262,鈴 木 章 司,11,28,6.95,6,0.22,,3-5-4,1180,4,3-5,440,2,3-4-5,550,3,3-5,450,2,,,,,,,
20250824,津,10,予選特賞,晴,南東,2,1,6,2,4097,貫地谷 直 人,22,38,6.92,2,0.20,,3-5-4,1180,4,3-5,440,2,3-4-5,550,3,3-5,450,2,,,,,,,
20250824,津,11,予選特選,晴,無風,0,0,1,1,4475,末 永 祐 輝,38,58,6.90,1,0.16,1.51.6,1-2-3,990,2,1-2,370,1,1-2-3,420,1,1-2,300,1,,,,,,,
20250824,津,11,予選特選,晴,無風,0,0,2,2,3159,江 口 晃 生,34,51,6.97,2,0.23,1.52.8,1-2-3,990,2,1-2,370,1,1-2-3,420,1,1-2,300,1,,,,,,,
20250824,津,11,予選特選,晴,無風,0,0,3,3,5183,中 野 孝 二,52,12,6.83,3,0.20,1.54.4,1-2-3,990,2,1-2,370,1,1-2-3,420,1,1-2,300,1,,,,,,,
20250824,津,11,予選特選,晴,無風,0,0,4,4,3757,畑 和 宏,32,22,6.90,4,0.15,1.55.8,1-2-3,990,2,1-2,370,1,1-2-3,420,1,1-2,300,1,,,,,,,
20250824,津,11,予選特選,晴,無風,0,0,5,6,4233,亀 山 雅 幸,19,43,6.84,6,0.21,,1-2-3,990,2,1-2,370,1,1-2-3,420,1,1-2,300,1,,,,,,,
20250824,津,11,予選特選,晴,無風,0,0,6,5,4215,吉 島 祥 之,50,70,6.93,5,0.18,,1-2-3,990,2,1-2,370,1,1-2-3,420,1,1-2,300,1,,,,,,,
20250824,津,12,ツッキー選抜,晴,南東,2,1,1,1,4926,吉 川 貴 仁,21,50,6.87,1,0.06,1.50.1,1-3-2,520,1,1-3,240,1,1-2-3,250,1,1-3,240,1,,,,,,,
20250824,津,12,ツッキー選抜,晴,南東,2,1,2,3,4218,吉 川 喜 継,55,48,6.94,3,0.11,1.52.3,1-3-2,520,1,1-3,240,1,1-2-3,250,1,1-3,240,1,,,,,,,
20250824,津,12,ツッキー選抜,晴,南東,2,1,3,2,4336,松 田 竜 馬,65,46,6.88,2,0.10,1.53.9,1-3-2,520,1,1-3,240,1,1-2-3,250,1,1-3,240,1,,,,,,,
20250824,津,12,ツッキー選抜,晴,南東,2,1,4,6,4738,清 埜 翔 子,61,44,6.86,6,0.19,1.55.2,1-3-2,520,1,1-3,240,1,1-2-3,250,1,1-3,240,1,,,,,,,
20250824,津,12,ツッキー選抜,晴,南東,2,1,5,4,4890,石 川 諒,54,29,6.91,4,0.11,,1-3-2,520,1,1-3,240,1,1-2-3,250,1,1-3,240,1,,,,,,,
20250824,津,12,ツッキー選抜,晴,南東,2,1,6,5,4011,堀之内 紀代子,13,20,6.82,5,0.30,,1-3-2,520,1,1-3,240,1,1-2-3,250,1,1-3,240,1,,,,,,,
20250824,浜名湖,1,予選,晴,南,4,2,1,4,5308,藤 森 拓 海,29,37,6.75,4,0.11,1.52.6,4-3-5,41490,72,4-3,18810,24,3-4-5,4530,16,3-4,2640,8,,,,,,,
20250824,浜名湖,1,予選,晴,南,4,2,2,3,4899,占 部 一 真,22,24,6.79,3,0.17,1.53.2,4-3-5,41490,72,4-3,18810,24,3-4-5,4530,16,3-4,2640,8,,,,,,,
20250824,浜名湖,1,予選,晴,南,4,2,3,5,4315,山 崎 昂 介,53,71,6.62,5,0.10,1.54.9,4-3-5,41490,72,4-3,18810,24,3-4-5,4530,16,3-4,2640,8,,,,,,,
20250824,浜名湖,1,予選,晴,南,4,2,4,2,4898,菊 地 敬 介,48,43,6.69,2,0.05,1.55.5,4-3-5,41490,72,4-3,18810,24,3-4-5,4530,16,3-4,2640,8,,,,,,,
20250824,浜名湖,1,予選,晴,南,4,2,5,6,3699,富 永 正 人,58,18,6.75,6,0.08,,4-3-5,41490,72,4-3,18810,24,3-4-5,4530,16,3-4,2640,8,,,,,,,
20250824,浜名湖,1,予選,晴,南,4,2,6,1,3563,堤 昇,64,67,6.72,1,0.14,,4-3-5,41490,72,4-3,18810,24,3-4-5,4530,16,3-4,2640,8,,,,,,,
20250824,浜名湖,2,予選,晴,南,4,2,1,2,3777,樋 口 亮,52,52,6.70,2,0.07,1.53.2,2-3-1,1860,3,2-3,900,3,1-2-3,320,1,2-3,340,1,,,,,,,
20250824,浜名湖,2,予選,晴,南,4,2,2,3,3740,大 澤 普 司,57,51,6.71,3,0.14,1.53.9,2-3-1,1860,3,2-3,900,3,1-2-3,320,1,2-3,340,1,,,,,,,
20250824,浜名湖,2,予選,晴,南,4,2,3,1,3434,松 尾 宣 邦,17,22,6.71,1,0.11,1.55.1,2-3-1,1860,3,2-3,900,3,1-2-3,320,1,2-3,340,1,,,,,,,
20250824,浜名湖,2,予選,晴,南,4,2,4,6,3362,間 嶋 仁 志,25,59,6.75,4,0.19,1.55.8,2-3-1,1860,3,2-3,900,3,1-2-3,320,1,2-3,340,1,,,,,,,
20250824,浜名湖,2,予選,晴,南,4,2,5,4,5033,藤 原 孝 斗,6,40,6.72,5,0.18,,2-3-1,1860,3,2-3,900,3,1-2-3,320,1,2-3,340,1,,,,,,,
20250824,浜名湖,2,予選,晴,南,4,2,6,5,5354,渡 邊 雄 斗,15,15,6.71,6,0.31,,2-3-1,1860,3,2-3,900,3,1-2-3,320,1,2-3,340,1,,,,,,,
20250824,浜名湖,3,予選,晴,南,4,2,1,4,5095,小 原 聡 将,26,30,6.66,4,0.11,1.51.5,4-1-6,6270,23,4-1,3040,14,1-4-6,730,4,1-4,980,6,,,,,,,
20250824,浜名湖,3,予選,晴,南,4,2,2,1,4457,神 田 達 也,1,38,6.72,1,0.15,1.53.1,4-1-6,6270,23,4-1,3040,14,1-4-6,730,4,1-4,980,6,,,,,,,
20250824,浜名湖,3,予選,晴,南,4,2,3,6,3557,太 田 和 美,28,57,6.65,5,0.18,1.53.4,4-1-6,6270,23,4-1,3040,14,1-4-6,730,4,1-4,980,6,,,,,,,
20250824,浜名湖,3,予選,晴,南,4,2,4,3,4793,金 子 萌,8,33,6.68,3,0.11,1.55.3,4-1-6,6270,23,4-1,3040,14,1-4-6,730,4,1-4,980,6,,,,,,,
20250824,浜名湖,3,予選,晴,南,4,2,5,5,4943,八 木 治 樹,37,14,6.67,6,0.14,,4-1-6,6270,23,4-1,3040,14,1-4-6,730,4,1-4,980,6,,,,,,,
20250824,浜名湖,3,予選,晴,南,4,2,6,2,4339,平 瀬 城 啓,7,69,6.66,2,0.18,,4-1-6,6270,23,4-1,3040,14,1-4-6,730,4,1-4,980,6,,,,,,,
20250824,浜名湖,4,ランチタイム,晴,南,5,3,1,1,4539,金 子 賢 志,39,58,6.64,1,0.06,1.51.8,1-4-5,2070,9,1-4,460,2,1-4-5,1140,6,1-4,400,2,,,,,,,
20250824,浜名湖,4,ランチタイム,晴,南,5,3,2,4,3981,今 坂 晃 広,61,11,6.75,4,0.16,1.53.9,1-4-5,2070,9,1-4,460,2,1-4-5,1140,6,1-4,400,2,,,,,,,
20250824,浜名湖,4,ランチタイム,晴,南,5,3,3,5,4813,宮 内 直 哉,65,21,6.70,5,0.17,1.54.9,1-4-5,2070,9,1-4,460,2,1-4-5,1140,6,1-4,400,2,,,,,,,
20250824,浜名湖,4,ランチタイム,晴,南,5,3,4,6,3306,武 田 正 紀,59,46,6.67,6,0.12,1.55.0,1-4-5,2070,9,1-4,460,2,1-4-5,1140,6,1-4,400,2,,,,,,,
20250824,浜名湖,4,ランチタイム,晴,南,5,3,5,2,3867,松 浦 勝,51,75,6.72,2,0.12,,1-4-5,2070,9,1-4,460,2,1-4-5,1140,6,1-4,400,2,,,,,,,
20250824,浜名湖,4,ランチタイム,晴,南,5,3,6,3,5086,本 村 大,16,70,6.71,3,0.22,,1-4-5,2070,9,1-4,460,2,1-4-5,1140,6,1-4,400,2,,,,,,,
20250824,浜名湖,5,予選,晴,南,5,3,1,1,3906,飯 山 晃 三,33,17,6.73,1,0.09,1.53.3,1-3-2,2240,7,1-3,1240,6,1-2-3,230,1,1-3,400,3,,,,,,,
20250824,浜名湖,5,予選,晴,南,5,3,2,3,4376,藤 田 靖 弘,56,68,6.70,3,0.13,1.54.1,1-3-2,2240,7,1-3,1240,6,1-2-3,230,1,1-3,400,3,,,,,,,
20250824,浜名湖,5,予選,晴,南,5,3,3,2,4532,秋 元 哲,46,20,6.78,2,0.11,1.54.5,1-3-2,2240,7,1-3,1240,6,1-2-3,230,1,1-3,400,3,,,,,,,
20250824,浜名湖,5,予選,晴,南,5,3,4,6,3548,室 田 泰 史,41,19,6.73,6,0.14,1.55.3,1-3-2,2240,7,1-3,1240,6,1-2-3,230,1,1-3,400,3,,,,,,,
20250824,浜名湖,5,予選,晴,南,5,3,5,5,5261,岡 暢 祐,24,66,6.74,5,0.16,,1-3-2,2240,7,1-3,1240,6,1-2-3,230,1,1-3,400,3,,,,,,,
20250824,浜名湖,5,予選,晴,南,5,3,6,4,3699,富 永 正 人,58,18,6.82,4,0.19,,1-3-2,2240,7,1-3,1240,6,1-2-3,230,1,1-3,400,3,,,,,,,
20250824,浜名湖,6,予選,晴,南,6,3,1,6,5267,石 本 裕 武,50,47,6.74,4,0.16,1.51.6,6-3-4,6170,24,6-3,1590,8,3-4-6,1500,7,3-6,1070,6,,,,,,,
20250824,浜名湖,6,予選,晴,南,6,3,2,3,3563,堤 昇,64,67,6.73,3,0.17,1.52.8,6-3-4,6170,24,6-3,1590,8,3-4-6,1500,7,3-6,1070,6,,,,,,,
20250824,浜名湖,6,予選,晴,南,6,3,3,4,4062,後 藤 陽 介,3,61,6.67,5,0.20,1.55.3,6-3-4,6170,24,6-3,1590,8,3-4-6,1500,7,3-6,1070,6,,,,,,,
20250824,浜名湖,6,予選,晴,南,6,3,4,5,4023,柴 田 友 和,40,41,6.71,6,0.23,1.56.5,6-3-4,6170,24,6-3,1590,8,3-4-6,1500,7,3-6,1070,6,,,,,,,
20250824,浜名湖,6,予選,晴,南,6,3,5,2,5050,木 下 雄 介,11,64,6.67,2,0.20,,6-3-4,6170,24,6-3,1590,8,3-4-6,1500,7,3-6,1070,6,,,,,,,
20250824,浜名湖,6,予選,晴,南,6,3,6,1,4129,宇 野 博 之,10,28,6.72,1,0.28,,6-3-4,6170,24,6-3,1590,8,3-4-6,1500,7,3-6,1070,6,,,,,,,
20250824,浜名湖,7,予選,晴,南,6,3,1,5,4397,西 村 拓 也,9,56,6.68,1,0.26,1.50.8,5-6-2,2540,8,5-6,1010,3,2-5-6,830,5,5-6,700,4,,,,,,,
20250824,浜名湖,7,予選,晴,南,6,3,2,6,4793,金 子 萌,8,33,6.68,5,0.16,1.53.7,5-6-2,2540,8,5-6,1010,3,2-5-6,830,5,5-6,700,4,,,,,,,
20250824,浜名湖,7,予選,晴,南,6,3,3,2,4261,岡 祐 臣,49,74,6.68,3,0.21,1.54.0,5-6-2,2540,8,5-6,1010,3,2-5-6,830,5,5-6,700,4,,,,,,,
20250824,浜名湖,7,予選,晴,南,6,3,4,4,5354,渡 邊 雄 斗,15,15,6.70,6,0.39,1.56.7,5-6-2,2540,8,5-6,1010,3,2-5-6,830,5,5-6,700,4,,,,,,,
20250824,浜名湖,7,予選,晴,南,6,3,5,1,4315,山 崎 昂 介,53,71,6.59,2,0.27,,5-6-2,2540,8,5-6,1010,3,2-5-6,830,5,5-6,700,4,,,,,,,
20250824,浜名湖,7,予選,晴,南,6,3,6,3,4463,三 苫 晃 幸,38,62,6.66,4,0.21,,5-6-2,2540,8,5-6,1010,3,2-5-6,830,5,5-6,700,4,,,,,,,
20250824,浜名湖,8,ブレイクタイ,晴,南,5,3,1,4,5002,上 田 健 太,66,50,6.70,4,0.17,1.52.5,4-1-6,2130,9,4-1,800,4,1-4-6,570,4,1-4,180,1,,,,,,,
20250824,浜名湖,8,ブレイクタイ,晴,南,5,3,2,1,4163,山 崎 裕 司,45,72,6.66,1,0.21,1.54.2,4-1-6,2130,9,4-1,800,4,1-4-6,570,4,1-4,180,1,,,,,,,
20250824,浜名湖,8,ブレイクタイ,晴,南,5,3,3,6,3445,加 藤 高 史,14,12,6.77,6,0.20,1.55.5,4-1-6,2130,9,4-1,800,4,1-4-6,570,4,1-4,180,1,,,,,,,
20250824,浜名湖,8,ブレイクタイ,晴,南,5,3,4,2,4899,占 部 一 真,22,24,6.74,2,0.21,1.56.1,4-1-6,2130,9,4-1,800,4,1-4-6,570,4,1-4,180,1,,,,,,,
20250824,浜名湖,8,ブレイクタイ,晴,南,5,3,5,5,5033,藤 原 孝 斗,6,40,6.74,5,0.18,,4-1-6,2130,9,4-1,800,4,1-4-6,570,4,1-4,180,1,,,,,,,
20250824,浜名湖,8,ブレイクタイ,晴,南,5,3,6,3,5177,松 井 貫 太,35,27,6.67,3,0.27,,4-1-6,2130,9,4-1,800,4,1-4-6,570,4,1-4,180,1,,,,,,,
20250824,浜名湖,9,予選特賞,晴,南,5,3,1,1,3499,市 川 哲 也,55,39,6.70,1,0.12,1.51.6,1-2-3,1420,5,1-2,440,2,1-2-3,590,4,1-2,320,2,,,,,,,
20250824,浜名湖,9,予選特賞,晴,南,5,3,2,2,4677,片 橋 幸 貴,27,60,6.64,2,0.18,1.52.9,1-2-3,1420,5,1-2,440,2,1-2-3,590,4,1-2,320,2,,,,,,,
20250824,浜名湖,9,予選特賞,晴,南,5,3,3,3,4943,八 木 治 樹,37,14,6.70,3,0.11,1.55.0,1-2-3,1420,5,1-2,440,2,1-2-3,590,4,1-2,320,2,,,,,,,
20250824,浜名湖,9,予選特賞,晴,南,5,3,4,4,3362,間 嶋 仁 志,25,59,6.80,4,0.13,1.56.1,1-2-3,1420,5,1-2,440,2,1-2-3,590,4,1-2,320,2,,,,,,,
20250824,浜名湖,9,予選特賞,晴,南,5,3,5,6,3867,松 浦 勝,51,75,6.82,6,0.18,,1-2-3,1420,5,1-2,440,2,1-2-3,590,4,1-2,320,2,,,,,,,
20250824,浜名湖,9,予選特賞,晴,南,5,3,6,5,4532,秋 元 哲,46,20,6.81,5,0.15,,1-2-3,1420,5,1-2,440,2,1-2-3,590,4,1-2,320,2,,,,,,,
20250824,浜名湖,10,予選特賞,晴,南,5,3,1,4,4376,藤 田 靖 弘,56,68,6.69,4,0.14,1.51.6,4-3-5,6160,20,4-3,2400,8,3-4-5,870,4,3-4,820,3,,,,,,,
20250824,浜名湖,10,予選特賞,晴,南,5,3,2,3,3557,太 田 和 美,28,57,6.65,3,0.08,1.52.6,4-3-5,6160,20,4-3,2400,8,3-4-5,870,4,3-4,820,3,,,,,,,
20250824,浜名湖,10,予選特賞,晴,南,5,3,3,5,3740,大 澤 普 司,57,51,6.73,5,0.15,1.54.8,4-3-5,6160,20,4-3,2400,8,3-4-5,870,4,3-4,820,3,,,,,,,
20250824,浜名湖,10,予選特賞,晴,南,5,3,4,1,5050,木 下 雄 介,11,64,6.67,1,0.17,1.56.0,4-3-5,6160,20,4-3,2400,8,3-4-5,870,4,3-4,820,3,,,,,,,
20250824,浜名湖,10,予選特賞,晴,南,5,3,5,2,4813,宮 内 直 哉,65,21,6.66,2,0.21,,4-3-5,6160,20,4-3,2400,8,3-4-5,870,4,3-4,820,3,,,,,,,
20250824,浜名湖,10,予選特賞,晴,南,5,3,6,6,4898,菊 地 敬 介,48,43,6.67,6,0.15,,4-3-5,6160,20,4-3,2400,8,3-4-5,870,4,3-4,820,3,,,,,,,
20250824,浜名湖,11,予選特選,晴,南,4,2,1,2,5267,石 本 裕 武,50,47,6.72,2,0.16,1.51.4,2-1-3,3240,10,2-1,440,2,1-2-3,700,2,1-2,210,1,,,,,,,
20250824,浜名湖,11,予選特選,晴,南,4,2,2,1,3777,樋 口 亮,52,52,6.74,1,0.18,1.53.5,2-1-3,3240,10,2-1,440,2,1-2-3,700,2,1-2,210,1,,,,,,,
20250824,浜名湖,11,予選特選,晴,南,4,2,3,3,5261,岡 暢 祐,24,66,6.69,3,0.18,1.55.0,2-1-3,3240,10,2-1,440,2,1-2-3,700,2,1-2,210,1,,,,,,,
20250824,浜名湖,11,予選特選,晴,南,4,2,4,6,4463,三 苫 晃 幸,38,62,6.71,6,0.22,1.55.5,2-1-3,3240,10,2-1,440,2,1-2-3,700,2,1-2,210,1,,,,,,,
20250824,浜名湖,11,予選特選,晴,南,4,2,5,5,4539,金 子 賢 志,39,58,6.72,5,0.20,,2-1-3,3240,10,2-1,440,2,1-2-3,700,2,1-2,210,1,,,,,,,
20250824,浜名湖,11,予選特選,晴,南,4,2,6,4,4457,神 田 達 也,1,38,6.80,4,0.26,,2-1-3,3240,10,2-1,440,2,1-2-3,700,2,1-2,210,1,,,,,,,
20250824,浜名湖,12,予選特選,晴,南,4,2,1,1,4397,西 村 拓 也,9,56,6.64,1,0.14,1.49.8,1-3-4,1260,4,1-3,240,2,1-3-4,870,3,1-3,220,2,,,,,,,
20250824,浜名湖,12,予選特選,晴,南,4,2,2,3,5002,上 田 健 太,66,50,6.73,3,0.24,1.52.7,1-3-4,1260,4,1-3,240,2,1-3-4,870,3,1-3,220,2,,,,,,,
20250824,浜名湖,12,予選特選,晴,南,4,2,3,4,3434,松 尾 宣 邦,17,22,6.78,4,0.21,1.53.7,1-3-4,1260,4,1-3,240,2,1-3-4,870,3,1-3,220,2,,,,,,,
20250824,浜名湖,12,予選特選,晴,南,4,2,4,2,5095,小 原 聡 将,26,30,6.73,2,0.18,1.54.4,1-3-4,1260,4,1-3,240,2,1-3-4,870,3,1-3,220,2,,,,,,,
20250824,浜名湖,12,予選特選,晴,南,4,2,5,5,3906,飯 山 晃 三,33,17,6.73,5,0.27,,1-3-4,1260,4,1-3,240,2,1-3-4,870,3,1-3,220,2,,,,,,,
20250824,浜名湖,12,予選特選,晴,南,4,2,6,6,4062,後 藤 陽 介,3,61,6.71,6,0.32,,1-3-4,1260,4,1-3,240,2,1-3-4,870,3,1-3,220,2,,,,,,,
20250824,福岡,1,予選,晴,北,3,3,1,3,3871,池 田 紫 乃,41,173,6.84,3,0.16,1.52.1,3-2-5,3170,12,3-2,1160,6,2-3-5,500,3,2-3,420,2,,,,,,,
20250824,福岡,1,予選,晴,北,3,3,2,2,5155,内 山 七 海,54,123,6.80,2,0.09,1.53.0,3-2-5,3170,12,3-2,1160,6,2-3-5,500,3,2-3,420,2,,,,,,,
20250824,福岡,1,予選,晴,北,3,3,3,5,3618,海 野 ゆかり,17,169,6.89,5,0.21,1.55.9,3-2-5,3170,12,3-2,1160,6,2-3-5,500,3,2-3,420,2,,,,,,,
20250824,福岡,1,予選,晴,北,3,3,4,1,4246,喜 多 那由夏,47,153,6.86,1,0.15,1.56.6,3-2-5,3170,12,3-2,1160,6,2-3-5,500,3,2-3,420,2,,,,,,,
20250824,福岡,1,予選,晴,北,3,3,5,4,5391,出 穂 和 鼓,52,160,6.82,4,0.17,,3-2-5,3170,12,3-2,1160,6,2-3-5,500,3,2-3,420,2,,,,,,,
20250824,福岡,1,予選,晴,北,3,3,6,6,5203,神 里 琴 音,55,140,6.86,6,0.19,,3-2-5,3170,12,3-2,1160,6,2-3-5,500,3,2-3,420,2,,,,,,,
20250824,福岡,2,予選,晴,北,3,3,1,3,4259,真 庭 明 志,64,161,6.90,3,0.13,1.51.0,3-1-5,1870,5,3-1,1060,5,1-3-5,310,1,1-3,450,2,,,,,,,
20250824,福岡,2,予選,晴,北,3,3,2,1,3462,竹 上 真 司,14,143,6.89,1,0.07,1.52.4,3-1-5,1870,5,3-1,1060,5,1-3-5,310,1,1-3,450,2,,,,,,,
20250824,福岡,2,予選,晴,北,3,3,3,5,5142,常 住 蓮,70,111,6.84,5,0.07,1.53.4,3-1-5,1870,5,3-1,1060,5,1-3-5,310,1,1-3,450,2,,,,,,,
20250824,福岡,2,予選,晴,北,3,3,4,6,4368,山 口 隆 史,68,101,6.94,6,0.14,1.55.1,3-1-5,1870,5,3-1,1060,5,1-3-5,310,1,1-3,450,2,,,,,,,
20250824,福岡,2,予選,晴,北,3,3,5,4,4429,豊 田 泰 洋,62,163,6.96,4,0.05,,3-1-5,1870,5,3-1,1060,5,1-3-5,310,1,1-3,450,2,,,,,,,
20250824,福岡,2,予選,晴,北,3,3,6,2,4592,小 林 孝 弘,27,165,6.92,2,0.26,,3-1-5,1870,5,3-1,1060,5,1-3-5,310,1,1-3,450,2,,,,,,,
20250824,福岡,3,予選,晴,北,3,3,1,2,4473,藤 堂 里 香,13,159,6.81,2,0.18,1.50.9,2-4-6,1440,3,2-4,320,1,2-4-6,540,2,2-4,250,1,,,,,,,
20250824,福岡,3,予選,晴,北,3,3,2,4,4773,中 川 り な,21,130,6.85,5,0.12,1.52.7,2-4-6,1440,3,2-4,320,1,2-4-6,540,2,2-4,250,1,,,,,,,
20250824,福岡,3,予選,晴,北,3,3,3,6,5153,佐 藤 ほのか,75,158,6.86,6,0.17,1.54.6,2-4-6,1440,3,2-4,320,1,2-4-6,540,2,2-4,250,1,,,,,,,
20250824,福岡,3,予選,晴,北,3,3,4,5,5194,大久保 佑 香,71,172,6.91,3,0.20,1.56.2,2-4-6,1440,3,2-4,320,1,2-4-6,540,2,2-4,250,1,,,,,,,
20250824,福岡,3,予選,晴,北,3,3,5,3,5113,黒 明 花 夢,66,129,6.86,4,0.18,,2-4-6,1440,3,2-4,320,1,2-4-6,540,2,2-4,250,1,,,,,,,
20250824,福岡,3,予選,晴,北,3,3,6,1,5322,根 岸 真 優,53,113,6.83,1,0.28,,2-4-6,1440,3,2-4,320,1,2-4-6,540,2,2-4,250,1,,,,,,,
20250824,福岡,4,予選,晴,北西,3,3,1,3,3623,深 川 真 二,37,137,6.92,3,0.15,1.51.9,3-5-1,4210,18,3-5,1500,8,1-3-5,620,4,3-5,990,5,,,,,,,
20250824,福岡,4,予選,晴,北西,3,3,2,5,5106,山 崎 祥,16,132,6.86,5,0.25,1.53.1,3-5-1,4210,18,3-5,1500,8,1-3-5,620,4,3-5,990,5,,,,,,,
20250824,福岡,4,予選,晴,北西,3,3,3,1,3643,米 田 隆 弘,20,118,6.92,1,0.19,1.55.1,3-5-1,4210,18,3-5,1500,8,1-3-5,620,4,3-5,990,5,,,,,,,
20250824,福岡,4,予選,晴,北西,3,3,4,4,3717,立 間 充 宏,34,105,6.90,4,0.17,1.55.2,3-5-1,4210,18,3-5,1500,8,1-3-5,620,4,3-5,990,5,,,,,,,
20250824,福岡,4,予選,晴,北西,3,3,5,6,4574,東 潤 樹,59,139,6.94,6,0.21,,3-5-1,4210,18,3-5,1500,8,1-3-5,620,4,3-5,990,5,,,,,,,
20250824,福岡,4,予選,晴,北西,3,3,6,2,4978,山 田 和 佐,46,174,6.91,2,0.20,,3-5-1,4210,18,3-5,1500,8,1-3-5,620,4,3-5,990,5,,,,,,,
20250824,福岡,5,予選,晴,北西,3,3,1,2,5192,中 尾 優 香,31,150,6.87,2,0.04,1.52.4,2-4-1,260,1,2-4,160,1,1-3-5,290,1,2-4,140,1,,,,,,,
20250824,福岡,5,予選,晴,北西,3,3,2,4,3611,岩 崎 芳 美,43,147,6.94,4,0.02,1.54.0,2-4-1,260,1,2-4,160,1,1-3-5,290,1,2-4,140,1,,,,,,,
20250824,福岡,5,予選,晴,北西,3,3,3,1,5320,岩 崎 麗 子,36,121,6.92,1,0.14,1.58.2,2-4-1,260,1,2-4,160,1,1-3-5,290,1,2-4,140,1,,,,,,,
20250824,福岡,6,予選,晴,北西,3,3,1,3,3473,石 川 真 二,56,156,6.94,2,0.02,1.51.1,3-2-4,1230,2,3-2,670,2,2-3-4,380,1,2-3,460,2,,,,,,,
20250824,福岡,6,予選,晴,北西,3,3,2,2,3627,井 上 恵 一,73,152,6.89,1,0.04,1.52.0,3-2-4,1230,2,3-2,670,2,2-3-4,380,1,2-3,460,2,,,,,,,
20250824,福岡,6,予選,晴,北西,3,3,3,4,3853,岩 崎 正 哉,60,104,6.88,4,0.07,1.54.0,3-2-4,1230,2,3-2,670,2,2-3-4,380,1,2-3,460,2,,,,,,,
20250824,福岡,6,予選,晴,北西,3,3,4,1,4429,豊 田 泰 洋,62,163,6.96,3,0.13,1.55.8,3-2-4,1230,2,3-2,670,2,2-3-4,380,1,2-3,460,2,,,,,,,
20250824,福岡,6,予選,晴,北西,3,3,5,6,4732,堀 本 和 也,23,164,6.92,5,0.07,,3-2-4,1230,2,3-2,670,2,2-3-4,380,1,2-3,460,2,,,,,,,
20250824,福岡,6,予選,晴,北西,3,3,6,5,3462,竹 上 真 司,14,143,6.90,6,0.09,,3-2-4,1230,2,3-2,670,2,2-3-4,380,1,2-3,460,2,,,,,,,
20250824,福岡,7,予選,晴,北西,3,3,1,2,4373,若 狭 奈美子,44,170,6.87,2,0.18,1.51.6,2-1-3,1260,2,2-1,560,1,1-2-3,330,2,1-2,260,1,,,,,,,
20250824,福岡,7,予選,晴,北西,3,3,2,1,4924,中 北 涼,33,134,6.97,1,0.17,1.54.0,2-1-3,1260,2,2-1,560,1,1-2-3,330,2,1-2,260,1,,,,,,,
20250824,福岡,7,予選,晴,北西,3,3,3,3,4098,赤 澤 文 香,61,146,6.92,3,0.21,1.54.4,2-1-3,1260,2,2-1,560,1,1-2-3,330,2,1-2,260,1,,,,,,,
20250824,福岡,7,予選,晴,北西,3,3,4,4,3871,池 田 紫 乃,41,173,6.91,4,0.24,1.54.9,2-1-3,1260,2,2-1,560,1,1-2-3,330,2,1-2,260,1,,,,,,,
20250824,福岡,7,予選,晴,北西,3,3,5,5,4246,喜 多 那由夏,47,153,6.97,5,0.24,,2-1-3,1260,2,2-1,560,1,1-2-3,330,2,1-2,260,1,,,,,,,
20250824,福岡,7,予選,晴,北西,3,3,6,6,4791,黒 澤 めぐみ,40,131,6.88,6,0.36,,2-1-3,1260,2,2-1,560,1,1-2-3,330,2,1-2,260,1,,,,,,,
20250824,福岡,8,予選,晴,北西,3,3,1,1,5134,大 原 祥 昌,15,135,6.89,1,0.13,1.51.2,1-3-2,740,2,1-3,310,1,1-2-3,160,1,1-3,280,2,,,,,,,
20250824,福岡,8,予選,晴,北西,3,3,2,3,3576,白 水 勝 也,48,151,6.88,3,0.17,1.51.9,1-3-2,740,2,1-3,310,1,1-2-3,160,1,1-3,280,2,,,,,,,
20250824,福岡,8,予選,晴,北西,3,3,3,2,5142,常 住 蓮,70,111,6.88,2,0.17,1.54.2,1-3-2,740,2,1-3,310,1,1-2-3,160,1,1-3,280,2,,,,,,,
20250824,福岡,8,予選,晴,北西,3,3,4,6,4592,小 林 孝 弘,27,165,6.90,6,0.17,1.55.3,1-3-2,740,2,1-3,310,1,1-2-3,160,1,1-3,280,2,,,,,,,
20250824,福岡,8,予選,晴,北西,3,3,5,4,4167,片 岡 秀 樹,19,149,6.98,4,0.15,,1-3-2,740,2,1-3,310,1,1-2-3,160,1,1-3,280,2,,,,,,,
20250824,福岡,8,予選,晴,北西,3,3,6,5,3717,立 間 充 宏,34,105,6.98,5,0.16,,1-3-2,740,2,1-3,310,1,1-2-3,160,1,1-3,280,2,,,,,,,
20250824,福岡,9,予選特賞,晴,西,3,3,1,3,3643,米 田 隆 弘,20,118,6.96,4,0.13,1.52.9,3-4-2,20360,48,3-4,5880,13,2-3-4,1690,5,3-4,1760,6,,,,,,,
20250824,福岡,9,予選特賞,晴,西,3,3,2,4,3623,深 川 真 二,37,137,6.92,2,0.21,1.53.6,3-4-2,20360,48,3-4,5880,13,2-3-4,1690,5,3-4,1760,6,,,,,,,
20250824,福岡,9,予選特賞,晴,西,3,3,3,2,4951,新 田 洋 一,28,128,6.85,3,0.16,1.54.9,3-4-2,20360,48,3-4,5880,13,2-3-4,1690,5,3-4,1760,6,,,,,,,
20250824,福岡,9,予選特賞,晴,西,3,3,4,5,3787,天 野 誠,57,124,6.90,5,0.17,1.56.1,3-4-2,20360,48,3-4,5880,13,2-3-4,1690,5,3-4,1760,6,,,,,,,
20250824,福岡,9,予選特賞,晴,西,3,3,5,1,4966,田 川 大 貴,35,171,6.85,1,0.29,,3-4-2,20360,48,3-4,5880,13,2-3-4,1690,5,3-4,1760,6,,,,,,,
20250824,福岡,9,予選特賞,晴,西,3,3,6,6,4259,真 庭 明 志,64,161,6.91,6,0.16,,3-4-2,20360,48,3-4,5880,13,2-3-4,1690,5,3-4,1760,6,,,,,,,
20250824,福岡,10,予選特賞,晴,西,3,3,1,1,3611,岩 崎 芳 美,43,147,6.95,1,0.07,1.50.8,1-3-2,760,2,1-3,270,1,1-2-3,330,2,1-3,150,1,,,,,,,
20250824,福岡,10,予選特賞,晴,西,3,3,2,3,4773,中 川 り な,21,130,6.89,3,0.15,1.52.0,1-3-2,760,2,1-3,270,1,1-2-3,330,2,1-3,150,1,,,,,,,
20250824,福岡,10,予選特賞,晴,西,3,3,3,2,5194,大久保 佑 香,71,172,6.97,2,0.10,1.54.4,1-3-2,760,2,1-3,270,1,1-2-3,330,2,1-3,150,1,,,,,,,
20250824,福岡,10,予選特賞,晴,西,3,3,4,6,5213,湯 淺 紀 香,24,154,6.92,6,0.17,1.55.7,1-3-2,760,2,1-3,270,1,1-2-3,330,2,1-3,150,1,,,,,,,
20250824,福岡,10,予選特賞,晴,西,3,3,5,5,4845,前 田 紗 希,12,102,6.96,5,0.16,,1-3-2,760,2,1-3,270,1,1-2-3,330,2,1-3,150,1,,,,,,,
20250824,福岡,10,予選特賞,晴,西,3,3,6,4,5203,神 里 琴 音,55,140,6.94,4,0.15,,1-3-2,760,2,1-3,270,1,1-2-3,330,2,1-3,150,1,,,,,,,
20250824,福岡,11,予選特選,晴,西,2,2,1,1,5015,高 橋 竜 矢,51,162,6.96,1,0.04,1.49.8,1-4-6,2730,8,1-4,250,1,1-4-6,1250,5,1-4,270,1,,,,,,,
20250824,福岡,11,予選特選,晴,西,2,2,2,4,3473,石 川 真 二,56,156,6.94,2,0.08,1.51.7,1-4-6,2730,8,1-4,250,1,1-4-6,1250,5,1-4,270,1,,,,,,,
20250824,福岡,11,予選特選,晴,西,2,2,3,6,3661,柳 瀬 興 志,39,141,6.99,4,0.11,1.53.6,1-4-6,2730,8,1-4,250,1,1-4-6,1250,5,1-4,270,1,,,,,,,
20250824,福岡,11,予選特選,晴,西,2,2,4,2,3853,岩 崎 正 哉,60,104,6.97,3,0.10,1.54.4,1-4-6,2730,8,1-4,250,1,1-4-6,1250,5,1-4,270,1,,,,,,,
20250824,福岡,11,予選特選,晴,西,2,2,5,3,4368,山 口 隆 史,68,101,6.95,5,0.09,,1-4-6,2730,8,1-4,250,1,1-4-6,1250,5,1-4,270,1,,,,,,,
20250824,福岡,11,予選特選,晴,西,2,2,6,5,4978,山 田 和 佐,46,174,6.94,6,0.08,,1-4-6,2730,8,1-4,250,1,1-4-6,1250,5,1-4,270,1,,,,,,,
20250824,福岡,12,予選特選,晴,西,2,2,1,3,4473,藤 堂 里 香,13,159,6.95,3,0.09,1.51.2,3-4-1,3240,10,3-4,1960,8,1-3-4,260,1,3-4,1090,4,,,,,,,
20250824,福岡,12,予選特選,晴,西,2,2,2,4,4373,若 狭 奈美子,44,170,6.95,4,0.15,1.53.2,3-4-1,3240,10,3-4,1960,8,1-3-4,260,1,3-4,1090,4,,,,,,,
20250824,福岡,12,予選特選,晴,西,2,2,3,1,3618,海 野 ゆかり,17,169,6.98,1,0.12,1.55.3,3-4-1,3240,10,3-4,1960,8,1-3-4,260,1,3-4,1090,4,,,,,,,
20250824,福岡,12,予選特選,晴,西,2,2,4,5,5192,中 尾 優 香,31,150,6.96,5,0.16,1.56.1,3-4-1,3240,10,3-4,1960,8,1-3-4,260,1,3-4,1090,4,,,,,,,
20250824,福岡,12,予選特選,晴,西,2,2,5,2,4730,土 屋 実沙希,65,127,6.97,2,0.14,,3-4-1,3240,10,3-4,1960,8,1-3-4,260,1,3-4,1090,4,,,,,,,
20250824,福岡,12,予選特選,晴,西,2,2,6,6,4510,坂 本 奈 央,63,145,6.94,6,0.21,,3-4-1,3240,10,3-4,1960,8,1-3-4,260,1,3-4,1090,4,,,,,,,
20250824,芦屋,1,サンライズＶ,晴,南,1,1,1,1,4927,関 野 文,53,142,6.83,1,0.17,1.49.9,1-2-4,1410,5,1-2,570,3,1-2-4,320,1,1-2,540,3,,,,,,,
20250824,芦屋,1,サンライズＶ,晴,南,1,1,2,2,3175,渡 辺 千 草,18,154,6.78,2,0.19,1.51.5,1-2-4,1410,5,1-2,570,3,1-2-4,320,1,1-2,540,3,,,,,,,
20250824,芦屋,1,サンライズＶ,晴,南,1,1,3,4,4556,竹 井 奈 美,45,151,6.82,4,0.13,1.52.0,1-2-4,1410,5,1-2,570,3,1-2-4,320,1,1-2,540,3,,,,,,,
20250824,芦屋,1,サンライズＶ,晴,南,1,1,4,5,5118,野 田 なづき,32,139,6.84,5,0.17,1.53.3,1-2-4,1410,5,1-2,570,3,1-2-4,320,1,1-2,540,3,,,,,,,
20250824,芦屋,1,サンライズＶ,晴,南,1,1,5,6,5412,久保田 凪 紗,20,138,6.86,6,0.21,,1-2-4,1410,5,1-2,570,3,1-2-4,320,1,1-2,540,3,,,,,,,
20250824,芦屋,1,サンライズＶ,晴,南,1,1,6,3,3334,角 ひとみ,60,165,6.82,3,0.19,,1-2-4,1410,5,1-2,570,3,1-2-4,320,1,1-2,540,3,,,,,,,
20250824,芦屋,2,サンライズＷ,晴,南西,2,2,1,1,3826,村 田 修 次,25,118,6.78,1,0.12,1.49.5,1-4-5,910,2,1-4,200,1,1-4-5,360,2,1-4,120,1,,,,,,,
20250824,芦屋,2,サンライズＷ,晴,南西,2,2,2,4,4002,古 結 宏,19,117,6.81,4,0.08,1.51.0,1-4-5,910,2,1-4,200,1,1-4-5,360,2,1-4,120,1,,,,,,,
20250824,芦屋,2,サンライズＷ,晴,南西,2,2,3,5,3809,吉 田 光,5,140,6.89,5,0.07,1.52.1,1-4-5,910,2,1-4,200,1,1-4-5,360,2,1-4,120,1,,,,,,,
20250824,芦屋,2,サンライズＷ,晴,南西,2,2,4,3,5244,黒 田 剛,31,164,6.80,3,0.08,1.53.1,1-4-5,910,2,1-4,200,1,1-4-5,360,2,1-4,120,1,,,,,,,
20250824,芦屋,2,サンライズＷ,晴,南西,2,2,5,6,4359,横 川 聖 志,1,163,6.89,6,0.13,,1-4-5,910,2,1-4,200,1,1-4-5,360,2,1-4,120,1,,,,,,,
20250824,芦屋,2,サンライズＷ,晴,南西,2,2,6,2,4343,村 岡 賢,6,149,6.82,2,0.09,,1-4-5,910,2,1-4,200,1,1-4-5,360,2,1-4,120,1,,,,,,,
20250824,芦屋,3,サンライズＸ,晴,西,3,3,1,1,4710,福 田 宗 平,16,167,6.85,1,0.09,1.50.1,1-3-6,2850,10,1-3,190,1,1-3-6,1510,4,1-3,130,1,,,,,,,
20250824,芦屋,3,サンライズＸ,晴,西,3,3,2,3,4256,渡 辺 浩 司,52,132,6.83,3,0.11,1.50.7,1-3-6,2850,10,1-3,190,1,1-3-6,1510,4,1-3,130,1,,,,,,,
20250824,芦屋,3,サンライズＸ,晴,西,3,3,3,6,4669,井 上 茂,42,113,6.92,6,0.21,1.52.8,1-3-6,2850,10,1-3,190,1,1-3-6,1510,4,1-3,130,1,,,,,,,
20250824,芦屋,3,サンライズＸ,晴,西,3,3,4,4,3584,佐々木 英 樹,47,127,6.97,4,0.21,1.53.5,1-3-6,2850,10,1-3,190,1,1-3-6,1510,4,1-3,130,1,,,,,,,
20250824,芦屋,3,サンライズＸ,晴,西,3,3,5,2,4253,西 川 真 人,11,150,6.88,2,0.29,,1-3-6,2850,10,1-3,190,1,1-3-6,1510,4,1-3,130,1,,,,,,,
20250824,芦屋,3,サンライズＸ,晴,西,3,3,6,5,3641,一 瀬 明,7,146,6.95,5,0.17,,1-3-6,2850,10,1-3,190,1,1-3-6,1510,4,1-3,130,1,,,,,,,
20250824,芦屋,4,サンライズＹ 進入固定,晴,南西,3,3,1,1,4963,實 森 美 祐,56,170,6.86,1,0.09,1.49.7,1-4-3,750,2,1-4,420,2,1-3-4,160,1,1-4,660,2,,,,,,,
20250824,芦屋,4,サンライズＹ 進入固定,晴,南西,3,3,2,4,4953,尾 上 雅 也,50,168,6.83,4,0.12,1.51.4,1-4-3,750,2,1-4,420,2,1-3-4,160,1,1-4,660,2,,,,,,,
20250824,芦屋,4,サンライズＹ 進入固定,晴,南西,3,3,3,3,4832,権 藤 俊 光,28,144,6.83,3,0.09,1.51.8,1-4-3,750,2,1-4,420,2,1-3-4,160,1,1-4,660,2,,,,,,,
20250824,芦屋,4,サンライズＹ 進入固定,晴,南西,3,3,4,6,5012,加 倉 侑 征,40,162,6.92,6,0.17,1.53.7,1-4-3,750,2,1-4,420,2,1-3-4,160,1,1-4,660,2,,,,,,,
20250824,芦屋,4,サンライズＹ 進入固定,晴,南西,3,3,5,5,4665,加 藤 啓 太,22,134,6.80,5,0.12,,1-4-3,750,2,1-4,420,2,1-3-4,160,1,1-4,660,2,,,,,,,
20250824,芦屋,4,サンライズＹ 進入固定,晴,南西,3,3,6,2,5152,丸 山 祐 也,24,141,6.92,2,0.19,,1-4-3,750,2,1-4,420,2,1-3-4,160,1,1-4,660,2,,,,,,,
20250824,芦屋,5,サンライズＺ,晴,西,3,3,1,5,5018,竹 下 大 樹,21,156,6.87,5,0.11,1.49.2,5-4-6,34090,62,5-4,8760,19,4-5-6,7220,16,4-5,6520,14,,,,,,,
20250824,芦屋,5,サンライズＺ,晴,西,3,3,2,4,5154,村 松 栄 太,26,135,6.92,4,0.11,1.51.5,5-4-6,34090,62,5-4,8760,19,4-5-6,7220,16,4-5,6520,14,,,,,,,
20250824,芦屋,5,サンライズＺ,晴,西,3,3,3,6,4388,是 澤 孝 宏,44,128,6.81,6,0.21,1.51.8,5-4-6,34090,62,5-4,8760,19,4-5-6,7220,16,4-5,6520,14,,,,,,,
20250824,芦屋,5,サンライズＺ,晴,西,3,3,4,2,5118,野 田 なづき,32,139,6.81,2,0.24,1.53.6,5-4-6,34090,62,5-4,8760,19,4-5-6,7220,16,4-5,6520,14,,,,,,,
20250824,芦屋,5,サンライズＺ,晴,西,3,3,5,1,3984,坂 口 周,12,145,6.88,1,0.18,,5-4-6,34090,62,5-4,8760,19,4-5-6,7220,16,4-5,6520,14,,,,,,,
20250824,芦屋,5,サンライズＺ,晴,西,3,3,6,3,4090,中 村 尊,27,157,6.84,3,0.21,,5-4-6,34090,62,5-4,8760,19,4-5-6,7220,16,4-5,6520,14,,,,,,,
20250824,芦屋,6,予選,晴,西,3,3,1,1,3334,角 ひとみ,60,165,6.84,1,0.21,1.50.8,1-2-3,1080,2,1-2,690,3,1-2-3,410,2,1-2,330,1,,,,,,,
20250824,芦屋,6,予選,晴,西,3,3,2,2,4247,齊 藤 優,51,137,6.85,2,0.18,1.52.7,1-2-3,1080,2,1-2,690,3,1-2-3,410,2,1-2,330,1,,,,,,,
20250824,芦屋,6,予選,晴,西,3,3,3,3,3745,橋 本 年 光,14,126,6.88,3,0.19,1.53.7,1-2-3,1080,2,1-2,690,3,1-2-3,410,2,1-2,330,1,,,,,,,
20250824,芦屋,6,予選,晴,西,3,3,4,5,4227,安 達 裕 樹,10,129,6.87,5,0.14,1.55.0,1-2-3,1080,2,1-2,690,3,1-2-3,410,2,1-2,330,1,,,,,,,
20250824,芦屋,6,予選,晴,西,3,3,5,4,3948,大 町 利 克,38,112,6.92,4,0.19,,1-2-3,1080,2,1-2,690,3,1-2-3,410,2,1-2,330,1,,,,,,,
20250824,芦屋,6,予選,晴,西,3,3,6,6,5389,恵 良 琴 美,3,114,6.84,6,0.16,,1-2-3,1080,2,1-2,690,3,1-2-3,410,2,1-2,330,1,,,,,,,
20250824,芦屋,7,予選 進入固定,晴,西,4,4,1,5,4837,酒 井 陽 祐,54,155,6.88,5,0.16,1.49.8,5-4-6,3380,10,5-4,2140,9,4-5-6,710,2,4-5,620,2,,,,,,,
20250824,芦屋,7,予選 進入固定,晴,西,4,4,2,4,4619,伏 田 裕 隆,48,131,6.77,4,0.21,1.51.7,5-4-6,3380,10,5-4,2140,9,4-5-6,710,2,4-5,620,2,,,,,,,
20250824,芦屋,7,予選 進入固定,晴,西,4,4,3,6,4556,竹 井 奈 美,45,151,6.88,6,0.16,1.52.6,5-4-6,3380,10,5-4,2140,9,4-5-6,710,2,4-5,620,2,,,,,,,
20250824,芦屋,7,予選 進入固定,晴,西,4,4,4,2,3584,佐々木 英 樹,47,127,6.98,2,0.17,1.53.9,5-4-6,3380,10,5-4,2140,9,4-5-6,710,2,4-5,620,2,,,,,,,
20250824,芦屋,7,予選 進入固定,晴,西,4,4,5,1,3742,宮 地 秀 祈,37,159,6.91,1,0.14,,5-4-6,3380,10,5-4,2140,9,4-5-6,710,2,4-5,620,2,,,,,,,
20250824,芦屋,7,予選 進入固定,晴,西,4,4,6,3,3471,赤 峰 和 也,49,147,7.01,3,0.19,,5-4-6,3380,10,5-4,2140,9,4-5-6,710,2,4-5,620,2,,,,,,,
20250824,芦屋,8,予選,晴,西,3,3,1,2,5026,安河内 健,4,148,6.84,2,0.17,1.50.2,2-4-1,10890,40,2-4,2020,7,1-2-4,1860,9,2-4,2110,8,,,,,,,
20250824,芦屋,8,予選,晴,西,3,3,2,4,4253,西 川 真 人,11,150,6.86,4,0.11,1.52.4,2-4-1,10890,40,2-4,2020,7,1-2-4,1860,9,2-4,2110,8,,,,,,,
20250824,芦屋,8,予選,晴,西,3,3,3,1,3175,渡 辺 千 草,18,154,6.81,1,0.14,1.53.6,2-4-1,10890,40,2-4,2020,7,1-2-4,1860,9,2-4,2110,8,,,,,,,
20250824,芦屋,8,予選,晴,西,3,3,4,3,4343,村 岡 賢,6,149,6.88,3,0.14,1.53.7,2-4-1,10890,40,2-4,2020,7,1-2-4,1860,9,2-4,2110,8,,,,,,,
20250824,芦屋,8,予選,晴,西,3,3,5,6,4832,権 藤 俊 光,28,144,6.83,6,0.11,,2-4-1,10890,40,2-4,2020,7,1-2-4,1860,9,2-4,2110,8,,,,,,,
20250824,芦屋,8,予選,晴,西,3,3,6,5,4161,黒 柳 浩 孝,8,158,6.80,5,0.08,,2-4-1,10890,40,2-4,2020,7,1-2-4,1860,9,2-4,2110,8,,,,,,,
20250824,芦屋,9,予選特賞,晴,北西,4,4,1,1,4090,中 村 尊,27,157,6.91,1,0.06,1.49.3,1-2-3,1390,5,1-2,390,2,1-2-3,760,4,1-2,260,1,,,,,,,
20250824,芦屋,9,予選特賞,晴,北西,4,4,2,2,3826,村 田 修 次,25,118,6.86,2,0.08,1.50.9,1-2-3,1390,5,1-2,390,2,1-2-3,760,4,1-2,260,1,,,,,,,
20250824,芦屋,9,予選特賞,晴,北西,4,4,3,3,3893,汐 崎 正 則,36,136,6.95,3,0.11,1.52.9,1-2-3,1390,5,1-2,390,2,1-2-3,760,4,1-2,260,1,,,,,,,
20250824,芦屋,9,予選特賞,晴,北西,4,4,4,4,4710,福 田 宗 平,16,167,6.88,4,0.13,1.53.2,1-2-3,1390,5,1-2,390,2,1-2-3,760,4,1-2,260,1,,,,,,,
20250824,芦屋,9,予選特賞,晴,北西,4,4,5,6,4549,小 林 文 彦,39,121,6.84,5,0.22,,1-2-3,1390,5,1-2,390,2,1-2-3,760,4,1-2,260,1,,,,,,,
20250824,芦屋,9,予選特賞,晴,北西,4,4,6,5,5412,久保田 凪 紗,20,138,6.94,6,0.17,,1-2-3,1390,5,1-2,390,2,1-2-3,760,4,1-2,260,1,,,,,,,
20250824,芦屋,10,予選特賞,晴,北西,4,4,1,1,3641,一 瀬 明,7,146,6.94,1,0.17,1.50.0,1-2-4,1430,5,1-2,660,3,1-2-4,370,2,1-2,580,3,,,,,,,
20250824,芦屋,10,予選特賞,晴,北西,4,4,2,2,5214,田 中 宏 典,34,130,6.86,2,0.13,1.51.3,1-2-4,1430,5,1-2,660,3,1-2-4,370,2,1-2,580,3,,,,,,,
20250824,芦屋,10,予選特賞,晴,北西,4,4,3,4,4388,是 澤 孝 宏,44,128,6.86,4,0.17,1.52.2,1-2-4,1430,5,1-2,660,3,1-2-4,370,2,1-2,580,3,,,,,,,
20250824,芦屋,10,予選特賞,晴,北西,4,4,4,3,4247,齊 藤 優,51,137,6.94,3,0.14,1.54.5,1-2-4,1430,5,1-2,660,3,1-2-4,370,2,1-2,580,3,,,,,,,
20250824,芦屋,10,予選特賞,晴,北西,4,4,5,6,4953,尾 上 雅 也,50,168,6.89,6,0.15,,1-2-4,1430,5,1-2,660,3,1-2-4,370,2,1-2,580,3,,,,,,,
20250824,芦屋,10,予選特賞,晴,北西,4,4,6,5,5244,黒 田 剛,31,164,6.89,5,0.14,,1-2-4,1430,5,1-2,660,3,1-2-4,370,2,1-2,580,3,,,,,,,
20250824,芦屋,11,予選特選,晴,北西,4,4,1,1,5018,竹 下 大 樹,21,156,6.84,1,0.07,1.49.5,1-6-2,6390,20,1-6,2640,8,1-2-6,1190,6,1-6,1360,5,,,,,,,
20250824,芦屋,11,予選特選,晴,北西,4,4,2,6,3745,橋 本 年 光,14,126,6.89,6,0.19,1.51.3,1-6-2,6390,20,1-6,2640,8,1-2-6,1190,6,1-6,1360,5,,,,,,,
20250824,芦屋,11,予選特選,晴,北西,4,4,3,2,5012,加 倉 侑 征,40,162,6.94,2,0.08,1.53.1,1-6-2,6390,20,1-6,2640,8,1-2-6,1190,6,1-6,1360,5,,,,,,,
20250824,芦屋,11,予選特選,晴,北西,4,4,4,3,4927,関 野 文,53,142,6.89,3,0.09,1.55.0,1-6-2,6390,20,1-6,2640,8,1-2-6,1190,6,1-6,1360,5,,,,,,,
20250824,芦屋,11,予選特選,晴,北西,4,4,5,4,4359,横 川 聖 志,1,163,6.96,4,0.16,,1-6-2,6390,20,1-6,2640,8,1-2-6,1190,6,1-6,1360,5,,,,,,,
20250824,芦屋,11,予選特選,晴,北西,4,4,6,5,4619,伏 田 裕 隆,48,131,6.76,5,0.12,,1-6-2,6390,20,1-6,2640,8,1-2-6,1190,6,1-6,1360,5,,,,,,,
20250824,芦屋,12,ドリームレー,晴,北西,4,4,1,1,4256,渡 辺 浩 司,52,132,6.86,1,0.10,1.49.0,1-4-6,2310,8,1-4,540,2,1-4-6,1760,7,1-4,330,2,,,,,,,
20250824,芦屋,12,ドリームレー,晴,北西,4,4,2,4,4227,安 達 裕 樹,10,129,6.91,4,0.11,1.51.4,1-4-6,2310,8,1-4,540,2,1-4-6,1760,7,1-4,330,2,,,,,,,
20250824,芦屋,12,ドリームレー,晴,北西,4,4,3,6,5026,安河内 健,4,148,6.85,6,0.15,1.52.6,1-4-6,2310,8,1-4,540,2,1-4-6,1760,7,1-4,330,2,,,,,,,
20250824,芦屋,12,ドリームレー,晴,北西,4,4,4,2,3984,坂 口 周,12,145,6.90,2,0.16,1.52.8,1-4-6,2310,8,1-4,540,2,1-4-6,1760,7,1-4,330,2,,,,,,,
20250824,芦屋,12,ドリームレー,晴,北西,4,4,5,5,4963,實 森 美 祐,56,170,6.91,5,0.07,,1-4-6,2310,8,1-4,540,2,1-4-6,1760,7,1-4,330,2,,,,,,,
20250824,芦屋,12,ドリームレー,晴,北西,4,4,6,3,4002,古 結 宏,19,117,6.88,3,0.07,,1-4-6,2310,8,1-4,540,2,1-4-6,1760,7,1-4,330,2,,,,,,,
20250824,鳴門,1,一般,曇り,南東,1,1,1,6,5131,江 藤 敦 宏,57,66,6.88,6,0.19,1.58.3,6-4-2,131370,109,6-4,20960,25,2-4-6,5370,17,4-6,3900,10,,,,,,,
20250824,鳴門,1,一般,曇り,南東,1,1,2,4,3614,谷 勝 幸,30,18,6.83,4,0.11,2.02.2,6-4-2,131370,109,6-4,20960,25,2-4-6,5370,17,4-6,3900,10,,,,,,,
20250824,鳴門,1,一般,曇り,南東,1,1,3,2,5199,垂 水 悠,33,35,6.86,2,0.12,2.03.3,6-4-2,131370,109,6-4,20960,25,2-4-6,5370,17,4-6,3900,10,,,,,,,
20250824,鳴門,2,一般,曇り,西,3,3,1,5,4518,大須賀 友,12,15,6.76,4,0.16,1.48.9,5-6-1,8040,38,5-6,3250,13,1-5-6,1520,7,5-6,2430,8,,,,,,,
20250824,鳴門,2,一般,曇り,西,3,3,2,6,4406,幸 野 史 明,61,20,6.85,6,0.17,1.51.1,5-6-1,8040,38,5-6,3250,13,1-5-6,1520,7,5-6,2430,8,,,,,,,
20250824,鳴門,2,一般,曇り,西,3,3,3,1,3934,鋤 柄 貴 俊,83,36,6.87,1,0.29,1.52.5,5-6-1,8040,38,5-6,3250,13,1-5-6,1520,7,5-6,2430,8,,,,,,,
20250824,鳴門,2,一般,曇り,西,3,3,4,4,3459,中 野 和 裕,25,63,6.77,5,0.16,1.53.6,5-6-1,8040,38,5-6,3250,13,1-5-6,1520,7,5-6,2430,8,,,,,,,
20250824,鳴門,2,一般,曇り,西,3,3,5,3,4145,小 澤 学,26,65,6.90,3,0.37,,5-6-1,8040,38,5-6,3250,13,1-5-6,1520,7,5-6,2430,8,,,,,,,
20250824,鳴門,2,一般,曇り,西,3,3,6,2,3918,深 井 利 寿,38,64,6.90,2,0.32,,5-6-1,8040,38,5-6,3250,13,1-5-6,1520,7,5-6,2430,8,,,,,,,
20250824,鳴門,3,一般,曇り,無風,0,1,1,1,5238,笹 木 香 吾,31,82,6.81,1,0.08,1.50.3,1-2-3,1160,3,1-2,310,1,1-2-3,500,3,1-2,280,2,,,,,,,
20250824,鳴門,3,一般,曇り,無風,0,1,2,2,4179,広 次 修,76,10,6.81,2,0.11,1.50.7,1-2-3,1160,3,1-2,310,1,1-2-3,500,3,1-2,280,2,,,,,,,
20250824,鳴門,3,一般,曇り,無風,0,1,3,3,5223,森 清 友 翔,52,62,6.86,3,0.12,1.50.7,1-2-3,1160,3,1-2,310,1,1-2-3,500,3,1-2,280,2,,,,,,,
20250824,鳴門,3,一般,曇り,無風,0,1,4,5,4771,下 寺 秀 和,28,52,6.88,5,0.16,1.52.6,1-2-3,1160,3,1-2,310,1,1-2-3,500,3,1-2,280,2,,,,,,,
20250824,鳴門,3,一般,曇り,無風,0,1,5,4,4164,岩 永 節 也,13,33,6.88,4,0.15,,1-2-3,1160,3,1-2,310,1,1-2-3,500,3,1-2,280,2,,,,,,,
20250824,鳴門,3,一般,曇り,無風,0,1,6,6,5403,藤 山 湧 太,32,27,6.85,6,0.18,,1-2-3,1160,3,1-2,310,1,1-2-3,500,3,1-2,280,2,,,,,,,
20250824,鳴門,4,一般,曇り,無風,0,1,1,3,4239,竹 田 辰 也,62,73,6.85,3,0.08,1.48.6,3-1-4,2290,6,3-1,710,3,1-3-4,500,2,1-3,240,1,,,,,,,
20250824,鳴門,4,一般,曇り,無風,0,1,2,1,3892,草 場 康 幸,29,67,6.82,1,0.08,1.51.0,3-1-4,2290,6,3-1,710,3,1-3-4,500,2,1-3,240,1,,,,,,,
20250824,鳴門,4,一般,曇り,無風,0,1,3,4,4006,小 野 勇 作,59,39,6.91,4,0.19,1.52.2,3-1-4,2290,6,3-1,710,3,1-3-4,500,2,1-3,240,1,,,,,,,
20250824,鳴門,4,一般,曇り,無風,0,1,4,5,3455,谷 本 幸 司,27,75,6.88,5,0.13,1.52.6,3-1-4,2290,6,3-1,710,3,1-3-4,500,2,1-3,240,1,,,,,,,
20250824,鳴門,4,一般,曇り,無風,0,1,5,2,4600,井 内 将太郎,36,74,6.83,2,0.04,,3-1-4,2290,6,3-1,710,3,1-3-4,500,2,1-3,240,1,,,,,,,
20250824,鳴門,4,一般,曇り,無風,0,1,6,6,5343,小 林 礼 央,68,79,6.91,6,0.15,,3-1-4,2290,6,3-1,710,3,1-3-4,500,2,1-3,240,1,,,,,,,
20250824,鳴門,5,一般,晴,南東,1,1,1,3,4174,赤 坂 俊 輔,19,78,6.78,3,0.26,1.50.5,3-5-1,2920,12,3-5,940,4,1-3-5,490,2,3-5,700,4,,,,,,,
20250824,鳴門,5,一般,晴,南東,1,1,2,5,3663,木 山 和 幸,35,16,6.85,5,0.30,1.51.5,3-5-1,2920,12,3-5,940,4,1-3-5,490,2,3-5,700,4,,,,,,,
20250824,鳴門,5,一般,晴,南東,1,1,3,1,4085,荻 野 裕 介,51,28,6.81,1,0.37,1.53.1,3-5-1,2920,12,3-5,940,4,1-3-5,490,2,3-5,700,4,,,,,,,
20250824,鳴門,5,一般,晴,南東,1,1,4,4,3615,横 田 茂,53,50,6.96,4,0.27,1.54.3,3-5-1,2920,12,3-5,940,4,1-3-5,490,2,3-5,700,4,,,,,,,
20250824,鳴門,5,一般,晴,南東,1,1,5,2,4531,武 富 智 亮,84,38,6.87,2,0.28,,3-5-1,2920,12,3-5,940,4,1-3-5,490,2,3-5,700,4,,,,,,,
20250824,鳴門,5,一般,晴,南東,1,1,6,6,5176,石 倉 拓 美,82,14,6.87,6,0.28,,3-5-1,2920,12,3-5,940,4,1-3-5,490,2,3-5,700,4,,,,,,,
20250824,鳴門,6,一般,晴,東,2,2,1,2,5275,松 田 淳 平,81,58,6.79,2,0.16,1.49.4,2-1-5,12140,36,2-1,2570,8,1-2-5,840,5,1-2,360,1,,,,,,,
20250824,鳴門,6,一般,晴,東,2,2,2,1,4808,松 尾 拓,55,81,6.78,1,0.22,1.51.2,2-1-5,12140,36,2-1,2570,8,1-2-5,840,5,1-2,360,1,,,,,,,
20250824,鳴門,6,一般,晴,東,2,2,3,5,3684,清 水 攻 二,14,12,6.86,5,0.17,1.52.4,2-1-5,12140,36,2-1,2570,8,1-2-5,840,5,1-2,360,1,,,,,,,
20250824,鳴門,6,一般,晴,東,2,2,4,6,4471,新 田 泰 章,39,19,6.83,6,0.19,1.52.5,2-1-5,12140,36,2-1,2570,8,1-2-5,840,5,1-2,360,1,,,,,,,
20250824,鳴門,6,一般,晴,東,2,2,5,3,5131,江 藤 敦 宏,57,66,6.80,3,0.22,,2-1-5,12140,36,2-1,2570,8,1-2-5,840,5,1-2,360,1,,,,,,,
20250824,鳴門,6,一般,晴,東,2,2,6,4,5199,垂 水 悠,33,35,6.86,4,0.11,,2-1-5,12140,36,2-1,2570,8,1-2-5,840,5,1-2,360,1,,,,,,,
20250824,鳴門,7,一般,晴,東,3,3,1,4,4786,佐 藤 博 亮,77,68,6.76,4,0.06,1.48.3,4-1-6,1720,6,4-1,830,3,1-4-6,400,2,1-4,260,1,,,,,,,
20250824,鳴門,7,一般,晴,東,3,3,2,1,4991,宗 行 治 哉,69,13,6.76,1,0.07,1.50.1,4-1-6,1720,6,4-1,830,3,1-4-6,400,2,1-4,260,1,,,,,,,
20250824,鳴門,7,一般,晴,東,3,3,3,6,3934,鋤 柄 貴 俊,83,36,6.88,5,0.07,1.52.5,4-1-6,1720,6,4-1,830,3,1-4-6,400,2,1-4,260,1,,,,,,,
20250824,鳴門,7,一般,晴,東,3,3,4,3,4264,長 尾 章 平,54,56,6.92,3,0.08,1.53.8,4-1-6,1720,6,4-1,830,3,1-4-6,400,2,1-4,260,1,,,,,,,
20250824,鳴門,7,一般,晴,東,3,3,5,5,5403,藤 山 湧 太,32,27,6.82,6,0.10,,4-1-6,1720,6,4-1,830,3,1-4-6,400,2,1-4,260,1,,,,,,,
20250824,鳴門,7,一般,晴,東,3,3,6,2,3851,森 田 昭 彦,24,71,6.87,2,0.05,,4-1-6,1720,6,4-1,830,3,1-4-6,400,2,1-4,260,1,,,,,,,
20250824,鳴門,8,一般,晴,南東,1,1,1,4,4674,池 田 剛 規,70,23,6.76,4,0.06,1.49.6,4-2-6,1690,2,4-2,530,1,2-4-6,570,2,2-4,460,1,,,,,,,
20250824,鳴門,8,一般,晴,南東,1,1,2,2,3621,天 野 晶 夫,21,55,6.82,2,0.16,1.51.3,4-2-6,1690,2,4-2,530,1,2-4-6,570,2,2-4,460,1,,,,,,,
20250824,鳴門,8,一般,晴,南東,1,1,3,6,5223,森 清 友 翔,52,62,6.81,5,0.04,1.53.5,4-2-6,1690,2,4-2,530,1,2-4-6,570,2,2-4,460,1,,,,,,,
20250824,鳴門,8,一般,晴,南東,1,1,4,3,4906,鈴 木 雅 希,37,26,6.84,3,0.13,1.54.1,4-2-6,1690,2,4-2,530,1,2-4-6,570,2,2-4,460,1,,,,,,,
20250824,鳴門,8,一般,晴,南東,1,1,5,5,5343,小 林 礼 央,68,79,6.85,6,0.05,,4-2-6,1690,2,4-2,530,1,2-4-6,570,2,2-4,460,1,,,,,,,
20250824,鳴門,8,一般,晴,南東,1,1,6,1,4145,小 澤 学,26,65,6.80,1,0.22,,4-2-6,1690,2,4-2,530,1,2-4-6,570,2,2-4,460,1,,,,,,,
20250824,鳴門,9,一般,晴,東,2,2,1,2,4649,和 田 操 拓,34,11,6.87,2,0.19,1.50.1,2-1-6,1880,3,2-1,900,3,1-2-6,480,1,1-2,530,2,,,,,,,
20250824,鳴門,9,一般,晴,東,2,2,2,1,4164,岩 永 節 也,13,33,6.87,1,0.16,1.52.2,2-1-6,1880,3,2-1,900,3,1-2-6,480,1,1-2,530,2,,,,,,,
20250824,鳴門,9,一般,晴,東,2,2,3,6,3743,林 美 憲,23,69,6.81,3,0.18,1.52.5,2-1-6,1880,3,2-1,900,3,1-2-6,480,1,1-2,530,2,,,,,,,
20250824,鳴門,9,一般,晴,東,2,2,4,3,3617,竹 田 広 樹,74,61,6.86,4,0.18,1.52.7,2-1-6,1880,3,2-1,900,3,1-2-6,480,1,1-2,530,2,,,,,,,
20250824,鳴門,9,一般,晴,東,2,2,5,4,4406,幸 野 史 明,61,20,6.90,5,0.17,,2-1-6,1880,3,2-1,900,3,1-2-6,480,1,1-2,530,2,,,,,,,
20250824,鳴門,9,一般,晴,東,2,2,6,5,3459,中 野 和 裕,25,63,6.79,6,0.24,,2-1-6,1880,3,2-1,900,3,1-2-6,480,1,1-2,530,2,,,,,,,
20250824,鳴門,10,準優勝戦,晴,東,3,3,1,4,4239,竹 田 辰 也,62,73,6.82,5,0.17,1.48.9,4-2-3,13940,69,4-2,3060,17,2-3-4,860,3,2-4,840,6,,,,,,,
20250824,鳴門,10,準優勝戦,晴,東,3,3,2,2,4808,松 尾 拓,55,81,6.78,3,0.13,1.50.1,4-2-3,13940,69,4-2,3060,17,2-3-4,860,3,2-4,840,6,,,,,,,
20250824,鳴門,10,準優勝戦,晴,東,3,3,3,3,4518,大須賀 友,12,15,6.74,4,0.21,1.52.3,4-2-3,13940,69,4-2,3060,17,2-3-4,860,3,2-4,840,6,,,,,,,
20250824,鳴門,10,準優勝戦,晴,東,3,3,4,5,5238,笹 木 香 吾,31,82,6.75,6,0.16,1.53.4,4-2-3,13940,69,4-2,3060,17,2-3-4,860,3,2-4,840,6,,,,,,,
20250824,鳴門,10,準優勝戦,晴,東,3,3,5,6,4174,赤 坂 俊 輔,19,78,6.80,2,0.22,,4-2-3,13940,69,4-2,3060,17,2-3-4,860,3,2-4,840,6,,,,,,,
20250824,鳴門,10,準優勝戦,晴,東,3,3,6,1,3663,木 山 和 幸,35,16,6.77,1,0.20,,4-2-3,13940,69,4-2,3060,17,2-3-4,860,3,2-4,840,6,,,,,,,
20250824,鳴門,11,準優勝戦,晴,南東,3,3,1,1,3455,谷 本 幸 司,27,75,6.70,1,0.15,1.48.9,1-2-5,3380,11,1-2,460,1,1-2-5,1130,5,1-2,200,1,,,,,,,
20250824,鳴門,11,準優勝戦,晴,南東,3,3,2,2,4771,下 寺 秀 和,28,52,6.82,2,0.20,1.50.4,1-2-5,3380,11,1-2,460,1,1-2-5,1130,5,1-2,200,1,,,,,,,
20250824,鳴門,11,準優勝戦,晴,南東,3,3,3,5,3892,草 場 康 幸,29,67,6.79,5,0.21,1.51.8,1-2-5,3380,11,1-2,460,1,1-2-5,1130,5,1-2,200,1,,,,,,,
20250824,鳴門,11,準優勝戦,晴,南東,3,3,4,3,3918,深 井 利 寿,38,64,6.80,3,0.15,1.52.0,1-2-5,3380,11,1-2,460,1,1-2-5,1130,5,1-2,200,1,,,,,,,
20250824,鳴門,11,準優勝戦,晴,南東,3,3,5,6,4991,宗 行 治 哉,69,13,6.93,6,0.25,,1-2-5,3380,11,1-2,460,1,1-2-5,1130,5,1-2,200,1,,,,,,,
20250824,鳴門,11,準優勝戦,晴,南東,3,3,6,4,4531,武 富 智 亮,84,38,6.78,4,0.20,,1-2-5,3380,11,1-2,460,1,1-2-5,1130,5,1-2,200,1,,,,,,,
20250824,鳴門,12,準優勝戦,晴,南東,2,2,1,1,4471,新 田 泰 章,39,19,6.80,1,0.16,1.49.7,1-2-5,1310,3,1-2,310,1,1-2-5,630,2,1-2,360,2,,,,,,,
20250824,鳴門,12,準優勝戦,晴,南東,2,2,2,2,4006,小 野 勇 作,59,39,6.77,2,0.14,1.50.4,1-2-5,1310,3,1-2,310,1,1-2-5,630,2,1-2,360,2,,,,,,,
20250824,鳴門,12,準優勝戦,晴,南東,2,2,3,5,5275,松 田 淳 平,81,58,6.74,5,0.12,1.51.1,1-2-5,1310,3,1-2,310,1,1-2-5,630,2,1-2,360,2,,,,,,,
20250824,鳴門,12,準優勝戦,晴,南東,2,2,4,3,4085,荻 野 裕 介,51,28,6.89,3,0.16,1.53.0,1-2-5,1310,3,1-2,310,1,1-2-5,630,2,1-2,360,2,,,,,,,
20250824,鳴門,12,準優勝戦,晴,南東,2,2,5,4,4264,長 尾 章 平,54,56,6.87,4,0.13,,1-2-5,1310,3,1-2,310,1,1-2-5,630,2,1-2,360,2,,,,,,,
20250824,鳴門,12,準優勝戦,晴,南東,2,2,6,6,4600,井 内 将太郎,36,74,6.75,6,0.14,,1-2-5,1310,3,1-2,310,1,1-2-5,630,2,1-2,360,2,,,,,,,
