date,venue_name,race_no,race_type,weather,wind_dir,wind_ms,wave_cm,rank,waku,reg_no,name,motor_no,boat_no,exhibition_time,course_enter,st_timing,race_time,won3,won3_pay,won3_pop,won2,won2_pay,won2_pop,trio,trio_pay,trio_pop,pair,pair_pay,pair_pop
20250922,,1,予選,曇り,無風,0,1,1,4,4172,森 定 晃 史,72,62,6.92,4,0.16,1.51.3,4-6-2,8140,34,4-6,2220,10,2-4-6,2910,10,4-6,1550,9
20250922,,1,予選,曇り,無風,0,1,2,6,4301,関 裕 也,34,51,6.83,5,0.15,1.52.9,4-6-2,8140,34,4-6,2220,10,2-4-6,2910,10,4-6,1550,9
20250922,,1,予選,曇り,無風,0,1,3,2,4978,山 田 和 佐,18,38,6.88,2,0.18,1.54.4,4-6-2,8140,34,4-6,2220,10,2-4-6,2910,10,4-6,1550,9
20250922,,1,予選,曇り,無風,0,1,4,1,3775,泉 啓 文,52,43,6.88,1,0.15,1.55.8,4-6-2,8140,34,4-6,2220,10,2-4-6,2910,10,4-6,1550,9
20250922,,1,予選,曇り,無風,0,1,5,5,5375,庄 島 潤 成,35,65,6.85,6,0.22,,4-6-2,8140,34,4-6,2220,10,2-4-6,2910,10,4-6,1550,9
20250922,,1,予選,曇り,無風,0,1,6,3,4292,麻 生 慎 介,54,47,6.88,3,0.15,,4-6-2,8140,34,4-6,2220,10,2-4-6,2910,10,4-6,1550,9
20250922,,2,予選,曇り,西,1,1,1,4,3567,吉 岡 誠,53,77,6.88,4,0.04,1.49.9,4-5-6,26390,71,4-5,2870,13,4-5-6,9240,18,4-5,2280,8
20250922,,2,予選,曇り,西,1,1,2,5,4434,田 中 辰 彦,64,35,6.92,5,0.04,1.50.8,4-5-6,26390,71,4-5,2870,13,4-5-6,9240,18,4-5,2280,8
20250922,,2,予選,曇り,西,1,1,3,6,3892,草 場 康 幸,59,61,6.91,6,0.07,1.53.0,4-5-6,26390,71,4-5,2870,13,4-5-6,9240,18,4-5,2280,8
20250922,,2,予選,曇り,西,1,1,4,2,4241,大 串 重 幸,33,55,6.87,2,0.16,1.53.9,4-5-6,26390,71,4-5,2870,13,4-5-6,9240,18,4-5,2280,8
20250922,,2,予選,曇り,西,1,1,5,1,3807,岡 部 哲,40,49,6.89,1,0.23,,4-5-6,26390,71,4-5,2870,13,4-5-6,9240,18,4-5,2280,8
20250922,,2,予選,曇り,西,1,1,6,3,3568,木 村 光 宏,13,59,6.86,3,0.09,,4-5-6,26390,71,4-5,2870,13,4-5-6,9240,18,4-5,2280,8
20250922,,3,予選,曇り,北,3,2,1,2,5035,櫻 井 優,61,46,6.89,2,0.13,1.49.8,2-1-3,3670,21,2-1,1520,10,1-2-3,840,5,1-2,650,4
20250922,,3,予選,曇り,北,3,2,2,1,3507,藤 井 徹,51,45,6.91,1,0.16,1.51.0,2-1-3,3670,21,2-1,1520,10,1-2-3,840,5,1-2,650,4
20250922,,3,予選,曇り,北,3,2,3,3,4154,森 安 弘 雅,55,21,6.83,3,0.14,1.52.6,2-1-3,3670,21,2-1,1520,10,1-2-3,840,5,1-2,650,4
20250922,,3,予選,曇り,北,3,2,4,4,4903,吉 田 凌太朗,15,11,6.91,4,0.24,1.53.9,2-1-3,3670,21,2-1,1520,10,1-2-3,840,5,1-2,650,4
20250922,,3,予選,曇り,北,3,2,5,5,5348,小 林 甘 寧,47,44,6.89,5,0.27,,2-1-3,3670,21,2-1,1520,10,1-2-3,840,5,1-2,650,4
20250922,,3,予選,曇り,北,3,2,6,6,5395,日 高 龍之介,28,76,6.86,6,0.29,,2-1-3,3670,21,2-1,1520,10,1-2-3,840,5,1-2,650,4
20250922,,4,予選,曇り,北,1,1,1,1,4252,松 下 哲 也,73,13,6.86,1,0.09,1.50.3,1-5-2,2080,7,1-5,570,1,1-2-5,530,3,1-5,280,1
20250922,,4,予選,曇り,北,1,1,2,5,4264,長 尾 章 平,27,33,6.85,5,0.18,1.51.3,1-5-2,2080,7,1-5,570,1,1-2-5,530,3,1-5,280,1
20250922,,4,予選,曇り,北,1,1,3,2,3478,嶋 田 貴 支,68,41,6.94,2,0.13,1.53.1,1-5-2,2080,7,1-5,570,1,1-2-5,530,3,1-5,280,1
20250922,,4,予選,曇り,北,1,1,4,4,4511,中 岡 健 人,70,53,6.90,4,0.19,1.54.0,1-5-2,2080,7,1-5,570,1,1-2-5,530,3,1-5,280,1
20250922,,4,予選,曇り,北,1,1,5,3,3811,石 田 章 央,63,31,6.91,3,0.16,,1-5-2,2080,7,1-5,570,1,1-2-5,530,3,1-5,280,1
20250922,,4,予選,曇り,北,1,1,6,6,4632,長 尾 京志郎,24,58,6.87,6,0.23,,1-5-2,2080,7,1-5,570,1,1-2-5,530,3,1-5,280,1
20250922,,5,予選,曇り,北東,1,1,1,1,4095,福 来 剛,67,30,6.89,1,0.13,1.49.8,1-4-6,980,5,1-4,280,1,1-4-6,570,3,1-4,130,1
20250922,,5,予選,曇り,北東,1,1,2,4,4308,河 村 了,56,72,6.83,4,0.12,1.51.5,1-4-6,980,5,1-4,280,1,1-4-6,570,3,1-4,130,1
20250922,,5,予選,曇り,北東,1,1,3,6,4904,松 本 一 毅,23,57,6.80,6,0.10,1.52.5,1-4-6,980,5,1-4,280,1,1-4-6,570,3,1-4,130,1
20250922,,5,予選,曇り,北東,1,1,4,3,5214,田 中 宏 典,36,48,6.81,3,0.14,1.54.7,1-4-6,980,5,1-4,280,1,1-4-6,570,3,1-4,130,1
20250922,,5,予選,曇り,北東,1,1,5,5,3882,新 田 智 彰,50,68,6.90,5,0.11,,1-4-6,980,5,1-4,280,1,1-4-6,570,3,1-4,130,1
20250922,,5,予選,曇り,北東,1,1,6,2,5276,大 島 隆乃介,76,39,6.86,2,0.12,,1-4-6,980,5,1-4,280,1,1-4-6,570,3,1-4,130,1
20250922,,6,予選,曇り,無風,0,1,1,3,4216,星 栄 爾,57,56,6.90,4,0.11,1.50.2,3-4-1,40690,41,3-4,13530,17,1-3-4,630,3,3-4,4190,8
20250922,,6,予選,曇り,無風,0,1,2,4,4301,関 裕 也,34,51,6.84,5,0.11,1.51.6,3-4-1,40690,41,3-4,13530,17,1-3-4,630,3,3-4,4190,8
20250922,,6,予選,曇り,無風,0,1,3,1,4762,藤 原 啓史朗,19,37,6.85,1,0.17,1.52.2,3-4-1,40690,41,3-4,13530,17,1-3-4,630,3,3-4,4190,8
20250922,,6,予選,曇り,無風,0,1,4,5,5337,出 畑 孝 成,41,73,6.88,6,0.18,1.53.9,3-4-1,40690,41,3-4,13530,17,1-3-4,630,3,3-4,4190,8
20250922,,6,予選,曇り,無風,0,1,5,2,4109,谷 津 幸 宏,45,69,6.95,2,0.16,,3-4-1,40690,41,3-4,13530,17,1-3-4,630,3,3-4,4190,8
20250922,,6,予選,曇り,無風,0,1,6,6,2878,富 山 弘 幸,25,26,6.88,3,0.28,,3-4-1,40690,41,3-4,13530,17,1-3-4,630,3,3-4,4190,8
20250922,,7,予選 進入固定,曇り,無風,0,1,1,1,4603,谷 川 将 太,14,29,6.86,1,0.14,1.49.6,1-4-2,510,2,1-4,290,2,1-2-4,180,1,1-4,310,2
20250922,,7,予選 進入固定,曇り,無風,0,1,2,4,4737,竹 井 貴 史,74,50,6.90,4,0.15,1.50.6,1-4-2,510,2,1-4,290,2,1-2-4,180,1,1-4,310,2
20250922,,7,予選 進入固定,曇り,無風,0,1,3,2,4172,森 定 晃 史,72,62,6.91,2,0.16,1.52.9,1-4-2,510,2,1-4,290,2,1-2-4,180,1,1-4,310,2
20250922,,7,予選 進入固定,曇り,無風,0,1,4,3,3567,吉 岡 誠,53,77,6.93,3,0.16,1.54.3,1-4-2,510,2,1-4,290,2,1-2-4,180,1,1-4,310,2
20250922,,7,予選 進入固定,曇り,無風,0,1,5,5,4253,西 川 真 人,16,22,6.93,5,0.21,,1-4-2,510,2,1-4,290,2,1-2-4,180,1,1-4,310,2
20250922,,7,予選 進入固定,曇り,無風,0,1,6,6,5395,日 高 龍之介,28,76,6.82,6,0.25,,1-4-2,510,2,1-4,290,2,1-2-4,180,1,1-4,310,2
20250922,,8,予選,曇り,南,1,1,1,1,4323,山 田 佑 樹,31,74,6.90,1,0.17,1.50.0,1-3-2,1170,3,1-3,320,1,1-2-3,430,2,1-3,190,1
20250922,,8,予選,曇り,南,1,1,2,3,4903,吉 田 凌太朗,15,11,6.90,3,0.10,1.51.2,1-3-2,1170,3,1-3,320,1,1-2-3,430,2,1-3,190,1
20250922,,8,予選,曇り,南,1,1,3,2,4632,長 尾 京志郎,24,58,6.91,2,0.14,1.51.9,1-3-2,1170,3,1-3,320,1,1-2-3,430,2,1-3,190,1
20250922,,8,予選,曇り,南,1,1,4,6,4089,妹 尾 忠 幸,22,18,6.91,5,0.14,1.53.1,1-3-2,1170,3,1-3,320,1,1-2-3,430,2,1-3,190,1
20250922,,8,予選,曇り,南,1,1,5,5,5063,大 塚 雅 治,38,54,6.89,4,0.16,,1-3-2,1170,3,1-3,320,1,1-2-3,430,2,1-3,190,1
20250922,,8,予選,曇り,南,1,1,6,4,5375,庄 島 潤 成,35,78,6.93,6,0.17,,1-3-2,1170,3,1-3,320,1,1-2-3,430,2,1-3,190,1
20250922,,9,予選特賞,曇り,南,1,1,1,3,4015,前 野 竜 一,75,64,6.93,3,0.08,1.49.6,3-1-4,3320,11,3-1,1970,7,1-3-4,250,1,1-3,310,2
20250922,,9,予選特賞,曇り,南,1,1,2,1,4513,河 野 真 也,37,15,6.87,1,0.17,1.51.7,3-1-4,3320,11,3-1,1970,7,1-3-4,250,1,1-3,310,2
20250922,,9,予選特賞,曇り,南,1,1,3,4,4095,福 来 剛,67,30,6.92,4,0.08,1.52.4,3-1-4,3320,11,3-1,1970,7,1-3-4,250,1,1-3,310,2
20250922,,9,予選特賞,曇り,南,1,1,4,5,4511,中 岡 健 人,70,53,6.98,5,0.12,1.54.3,3-1-4,3320,11,3-1,1970,7,1-3-4,250,1,1-3,310,2
20250922,,9,予選特賞,曇り,南,1,1,5,6,5035,櫻 井 優,61,46,6.89,6,0.12,,3-1-4,3320,11,3-1,1970,7,1-3-4,250,1,1-3,310,2
20250922,,9,予選特賞,曇り,南,1,1,6,2,3807,岡 部 哲,40,49,6.87,2,0.09,,3-1-4,3320,11,3-1,1970,7,1-3-4,250,1,1-3,310,2
20250922,,10,予選特選,曇り,北東,1,1,1,3,4434,田 中 辰 彦,64,35,6.89,3,0.11,1.50.1,3-2-6,47550,56,3-2,5740,12,2-3-6,11030,17,2-3,2130,6
20250922,,10,予選特選,曇り,北東,1,1,2,2,4308,河 村 了,56,72,6.84,2,0.13,1.51.2,3-2-6,47550,56,3-2,5740,12,2-3-6,11030,17,2-3,2130,6
20250922,,10,予選特選,曇り,北東,1,1,3,6,4572,渡 部 悟,71,16,6.96,6,0.17,1.53.0,3-2-6,47550,56,3-2,5740,12,2-3-6,11030,17,2-3,2130,6
20250922,,10,予選特選,曇り,北東,1,1,4,1,4171,榎 幸 司,17,67,6.89,1,0.15,1.53.9,3-2-6,47550,56,3-2,5740,12,2-3-6,11030,17,2-3,2130,6
20250922,,10,予選特選,曇り,北東,1,1,5,4,4216,星 栄 爾,57,56,6.89,4,0.14,,3-2-6,47550,56,3-2,5740,12,2-3-6,11030,17,2-3,2130,6
20250922,,10,予選特選,曇り,北東,1,1,6,5,3478,嶋 田 貴 支,68,41,6.93,5,0.19,,3-2-6,47550,56,3-2,5740,12,2-3-6,11030,17,2-3,2130,6
20250922,,11,予選特選,曇り,無風,0,1,1,1,4264,長 尾 章 平,27,33,6.89,1,0.05,1.50.3,1-5-2,3840,13,1-5,1020,4,1-2-5,980,6,1-5,1020,4
20250922,,11,予選特選,曇り,無風,0,1,2,5,4292,麻 生 慎 介,54,47,6.94,5,0.07,1.51.1,1-5-2,3840,13,1-5,1020,4,1-2-5,980,6,1-5,1020,4
20250922,,11,予選特選,曇り,無風,0,1,3,2,4154,森 安 弘 雅,55,21,6.87,2,0.08,1.52.9,1-5-2,3840,13,1-5,1020,4,1-2-5,980,6,1-5,1020,4
20250922,,11,予選特選,曇り,無風,0,1,4,3,4241,大 串 重 幸,33,55,6.90,3,0.06,1.53.7,1-5-2,3840,13,1-5,1020,4,1-2-5,980,6,1-5,1020,4
20250922,,11,予選特選,曇り,無風,0,1,5,6,3882,新 田 智 彰,50,68,6.91,6,0.10,,1-5-2,3840,13,1-5,1020,4,1-2-5,980,6,1-5,1020,4
20250922,,11,予選特選,曇り,無風,0,1,6,4,4109,谷 津 幸 宏,45,69,6.87,4,0.06,,1-5-2,3840,13,1-5,1020,4,1-2-5,980,6,1-5,1020,4
20250922,,12,一般特賞,雨,南東,1,1,1,1,3811,石 田 章 央,63,31,6.92,1,0.12,1.49.7,1-4-3,970,2,1-4,300,1,1-3-4,350,2,1-4,160,1
20250922,,12,一般特賞,雨,南東,1,1,2,4,4762,藤 原 啓史朗,19,37,6.87,4,0.11,1.51.5,1-4-3,970,2,1-4,300,1,1-3-4,350,2,1-4,160,1
20250922,,12,一般特賞,雨,南東,1,1,3,3,3892,草 場 康 幸,59,61,6.87,3,0.11,1.52.9,1-4-3,970,2,1-4,300,1,1-3-4,350,2,1-4,160,1
20250922,,12,一般特賞,雨,南東,1,1,4,2,5214,田 中 宏 典,36,48,6.89,2,0.13,1.53.6,1-4-3,970,2,1-4,300,1,1-3-4,350,2,1-4,160,1
20250922,,12,一般特賞,雨,南東,1,1,5,5,4978,山 田 和 佐,18,38,6.88,5,0.14,,1-4-3,970,2,1-4,300,1,1-3-4,350,2,1-4,160,1
20250922,,12,一般特賞,雨,南東,1,1,6,6,5348,小 林 甘 寧,47,44,6.83,6,0.18,,1-4-3,970,2,1-4,300,1,1-3-4,350,2,1-4,160,1
20250922,,1,朝１戦,晴,北,4,4,1,1,3489,大 場 敏,49,24,6.85,1,0.17,1.49.9,1-2-4,620,2,1-2,220,1,1-2-4,340,2,1-2,250,1
20250922,,1,朝１戦,晴,北,4,4,2,2,3539,金 子 順 一,41,39,6.91,2,0.17,1.52.0,1-2-4,620,2,1-2,220,1,1-2-4,340,2,1-2,250,1
20250922,,1,朝１戦,晴,北,4,4,3,4,4562,阪 本 勇 介,53,15,6.89,4,0.25,1.52.4,1-2-4,620,2,1-2,220,1,1-2-4,340,2,1-2,250,1
20250922,,1,朝１戦,晴,北,4,4,4,3,3808,秋 田 健太郎,3,54,6.92,3,0.18,1.54.3,1-2-4,620,2,1-2,220,1,1-2-4,340,2,1-2,250,1
20250922,,1,朝１戦,晴,北,4,4,5,6,5332,村 松 遥 輝,58,7,6.83,6,0.19,1.54.7,1-2-4,620,2,1-2,220,1,1-2-4,340,2,1-2,250,1
20250922,,1,朝１戦,晴,北,4,4,6,5,5387,戸 田 海咲音,35,50,6.79,5,0.32,1.56.5,1-2-4,620,2,1-2,220,1,1-2-4,340,2,1-2,250,1
20250922,,2,モー２ング戦,晴,北,5,5,1,1,4607,鶴 田 勇 雄,46,2,6.85,1,0.11,1.49.7,1-4-2,3570,13,1-4,950,4,1-2-4,550,3,1-4,630,4
20250922,,2,モー２ング戦,晴,北,5,5,2,4,4876,梅 木 敬 太,30,48,6.89,4,0.21,1.51.7,1-4-2,3570,13,1-4,950,4,1-2-4,550,3,1-4,630,4
20250922,,2,モー２ング戦,晴,北,5,5,3,2,4226,村 田 浩 司,16,35,6.85,2,0.11,1.52.8,1-4-2,3570,13,1-4,950,4,1-2-4,550,3,1-4,630,4
20250922,,2,モー２ング戦,晴,北,5,5,4,3,3679,飯 島 昌 弘,5,42,6.90,3,0.19,1.53.2,1-4-2,3570,13,1-4,950,4,1-2-4,550,3,1-4,630,4
20250922,,2,モー２ング戦,晴,北,5,5,5,6,5412,久保田 凪 紗,60,56,6.92,5,0.25,1.55.6,1-4-2,3570,13,1-4,950,4,1-2-4,550,3,1-4,630,4
20250922,,3,３ライズ戦,晴,北,6,6,1,1,4522,古 澤 光 紀,6,10,6.85,1,0.26,1.50.3,1-3-2,500,1,1-3,250,1,1-2-3,190,1,1-3,130,1
20250922,,3,３ライズ戦,晴,北,6,6,2,3,4543,重 木 輝 彦,50,38,6.86,3,0.17,1.51.4,1-3-2,500,1,1-3,250,1,1-2-3,190,1,1-3,130,1
20250922,,3,３ライズ戦,晴,北,6,6,3,2,3577,向 所 浩 二,14,45,6.80,2,0.18,1.52.4,1-3-2,500,1,1-3,250,1,1-2-3,190,1,1-3,130,1
20250922,,3,３ライズ戦,晴,北,6,6,4,6,4419,原 加央理,56,26,6.85,4,0.16,1.54.0,1-3-2,500,1,1-3,250,1,1-2-3,190,1,1-3,130,1
20250922,,3,３ライズ戦,晴,北,6,6,5,4,5147,田 中 勇 輔,45,9,6.96,5,0.22,1.56.0,1-3-2,500,1,1-3,250,1,1-2-3,190,1,1-3,130,1
20250922,,3,３ライズ戦,晴,北,6,6,6,5,5406,小 畑 楓 夏,44,44,6.77,6,0.28,1.57.3,1-3-2,500,1,1-3,250,1,1-2-3,190,1,1-3,130,1
20250922,,4,おは４戦,晴,北,5,5,1,2,4072,森 永 淳,36,8,6.76,2,0.17,1.50.0,2-1-3,900,1,2-1,370,1,1-2-3,290,1,1-2,320,2
20250922,,4,おは４戦,晴,北,5,5,2,1,4271,川 崎 公 靖,7,11,6.80,1,0.17,1.51.7,2-1-3,900,1,2-1,370,1,1-2-3,290,1,1-2,320,2
20250922,,4,おは４戦,晴,北,5,5,3,3,4432,黄金井 力 良,38,37,6.79,3,0.18,1.52.9,2-1-3,900,1,2-1,370,1,1-2-3,290,1,1-2,320,2
20250922,,4,おは４戦,晴,北,5,5,4,4,4452,松 尾 祭,48,46,6.87,4,0.24,1.53.0,2-1-3,900,1,2-1,370,1,1-2-3,290,1,1-2,320,2
20250922,,4,おは４戦,晴,北,5,5,5,6,4054,福 嶋 智 之,47,36,6.79,6,0.18,1.55.3,2-1-3,900,1,2-1,370,1,1-2-3,290,1,1-2,320,2
20250922,,4,おは４戦,晴,北,5,5,6,5,5182,宮 崎 安 奈,57,22,6.84,5,0.21,1.58.0,2-1-3,900,1,2-1,370,1,1-2-3,290,1,1-2,320,2
20250922,,5,レッツ５特賞,晴,北,6,6,1,3,4122,安 東 幸 治,4,18,6.80,3,0.19,1.49.4,3-5-4,5750,27,3-5,3000,15,3-4-5,1050,6,3-5,1130,7
20250922,,5,レッツ５特賞,晴,北,6,6,2,5,4919,吉 田 翔 悟,8,32,6.82,5,0.09,1.51.0,3-5-4,5750,27,3-5,3000,15,3-4-5,1050,6,3-5,1130,7
20250922,,5,レッツ５特賞,晴,北,6,6,3,4,4174,赤 坂 俊 輔,1,6,6.92,4,0.12,1.52.6,3-5-4,5750,27,3-5,3000,15,3-4-5,1050,6,3-5,1130,7
20250922,,5,レッツ５特賞,晴,北,6,6,4,2,4711,前 出 達 吉,55,40,6.86,2,0.19,1.53.3,3-5-4,5750,27,3-5,3000,15,3-4-5,1050,6,3-5,1130,7
20250922,,5,レッツ５特賞,晴,北,6,6,5,1,3885,久 田 武,11,52,6.86,1,0.18,1.54.7,3-5-4,5750,27,3-5,3000,15,3-4-5,1050,6,3-5,1130,7
20250922,,5,レッツ５特賞,晴,北,6,6,6,6,5387,戸 田 海咲音,35,50,6.89,6,0.09,1.56.0,3-5-4,5750,27,3-5,3000,15,3-4-5,1050,6,3-5,1130,7
20250922,,6,予選,晴,北,5,5,1,1,4538,笠 置 博 之,12,25,6.87,1,0.19,1.50.1,1-2-5,690,1,1-2,300,1,1-2-5,290,1,1-2,180,1
20250922,,6,予選,晴,北,5,5,2,2,3956,横 澤 剛 治,54,20,6.89,2,0.18,1.52.2,1-2-5,690,1,1-2,300,1,1-2-5,290,1,1-2,180,1
20250922,,6,予選,晴,北,5,5,3,5,4624,高 田 明,42,14,6.80,5,0.15,1.53.7,1-2-5,690,1,1-2,300,1,1-2-5,290,1,1-2,180,1
20250922,,6,予選,晴,北,5,5,4,6,4553,坪 口 竜 也,9,58,6.88,6,0.15,1.54.5,1-2-5,690,1,1-2,300,1,1-2-5,290,1,1-2,180,1
20250922,,6,予選,晴,北,5,5,5,4,4835,橋 本 明,34,51,6.91,4,0.13,1.55.7,1-2-5,690,1,1-2,300,1,1-2-5,290,1,1-2,180,1
20250922,,6,予選,晴,北,5,5,6,3,3411,池 上 隆 行,33,12,6.91,3,0.17,1.56.5,1-2-5,690,1,1-2,300,1,1-2-5,290,1,1-2,180,1
20250922,,7,予選,晴,北,6,6,1,3,4579,中 嶋 健一郎,2,4,6.86,3,0.13,1.51.1,3-6-1,1920,8,3-6,820,4,1-3-6,420,3,3-6,360,3
20250922,,7,予選,晴,北,6,6,2,6,4099,吉 永 則 雄,52,23,6.94,5,0.15,1.52.1,3-6-1,1920,8,3-6,820,4,1-3-6,420,3,3-6,360,3
20250922,,7,予選,晴,北,6,6,3,1,3808,秋 田 健太郎,3,54,6.91,1,0.11,1.53.9,3-6-1,1920,8,3-6,820,4,1-3-6,420,3,3-6,360,3
20250922,,7,予選,晴,北,6,6,4,2,5147,田 中 勇 輔,45,9,6.95,2,0.21,1.54.8,3-6-1,1920,8,3-6,820,4,1-3-6,420,3,3-6,360,3
20250922,,7,予選,晴,北,6,6,5,4,4583,古 田 祐 貴,10,43,6.88,4,0.12,1.55.1,3-6-1,1920,8,3-6,820,4,1-3-6,420,3,3-6,360,3
20250922,,7,予選,晴,北,6,6,6,5,5412,久保田 凪 紗,60,56,6.92,6,0.21,1.57.2,3-6-1,1920,8,3-6,820,4,1-3-6,420,3,3-6,360,3
20250922,,8,８っぴータイ,晴,北,6,6,1,5,4324,海 野 康志郎,15,49,6.82,5,0.11,1.51.0,5-1-3,4250,17,5-1,360,1,1-3-5,1470,6,1-5,240,1
20250922,,8,８っぴータイ,晴,北,6,6,2,1,5182,宮 崎 安 奈,57,22,6.86,1,0.08,1.52.1,5-1-3,4250,17,5-1,360,1,1-3-5,1470,6,1-5,240,1
20250922,,8,８っぴータイ,晴,北,6,6,3,3,5162,松 尾 怜 実,31,1,6.84,3,0.10,1.53.1,5-1-3,4250,17,5-1,360,1,1-3-5,1470,6,1-5,240,1
20250922,,8,８っぴータイ,晴,北,6,6,4,2,4419,原 加央理,56,26,6.90,2,0.19,1.54.7,5-1-3,4250,17,5-1,360,1,1-3-5,1470,6,1-5,240,1
20250922,,8,８っぴータイ,晴,北,6,6,5,6,4950,高 岡 竜 也,37,47,6.87,6,0.11,1.56.6,5-1-3,4250,17,5-1,360,1,1-3-5,1470,6,1-5,240,1
20250922,,8,８っぴータイ,晴,北,6,6,6,4,5332,村 松 遥 輝,58,7,6.84,4,0.22,1.59.8,5-1-3,4250,17,5-1,360,1,1-3-5,1470,6,1-5,240,1
20250922,,9,予選,晴,北,7,7,1,1,3503,堂 原 洋 史,43,57,6.88,1,0.14,1.51.0,1-3-5,10530,41,1-3,3040,15,1-3-5,2760,10,1-3,1110,7
20250922,,9,予選,晴,北,7,7,2,3,3885,久 田 武,11,52,6.95,3,0.13,1.52.1,1-3-5,10530,41,1-3,3040,15,1-3-5,2760,10,1-3,1110,7
20250922,,9,予選,晴,北,7,7,3,5,4885,大 山 千 広,51,28,6.86,5,0.13,1.53.1,1-3-5,10530,41,1-3,3040,15,1-3-5,2760,10,1-3,1110,7
20250922,,9,予選,晴,北,7,7,4,4,4072,森 永 淳,36,8,6.85,4,0.14,1.53.2,1-3-5,10530,41,1-3,3040,15,1-3-5,2760,10,1-3,1110,7
20250922,,9,予選,晴,北,7,7,5,2,3489,大 場 敏,49,24,6.86,2,0.12,1.55.6,1-3-5,10530,41,1-3,3040,15,1-3-5,2760,10,1-3,1110,7
20250922,,9,予選,晴,北,7,7,6,6,5406,小 畑 楓 夏,44,44,6.86,6,0.35,1.59.3,1-3-5,10530,41,1-3,3040,15,1-3-5,2760,10,1-3,1110,7
20250922,,10,予選特賞,晴,北,7,7,1,2,4174,赤 坂 俊 輔,1,6,6.90,2,0.04,1.50.1,2-3-4,1450,3,2-3,770,2,2-3-4,470,1,2-3,400,1
20250922,,10,予選特賞,晴,北,7,7,2,3,4112,大久保 信一郎,40,59,6.86,3,0.12,1.50.8,2-3-4,1450,3,2-3,770,2,2-3-4,470,1,2-3,400,1
20250922,,10,予選特賞,晴,北,7,7,3,4,3984,坂 口 周,39,30,6.85,4,0.16,1.52.7,2-3-4,1450,3,2-3,770,2,2-3-4,470,1,2-3,400,1
20250922,,10,予選特賞,晴,北,7,7,4,5,4522,古 澤 光 紀,6,10,6.92,5,0.23,1.53.9,2-3-4,1450,3,2-3,770,2,2-3-4,470,1,2-3,400,1
20250922,,10,予選特賞,晴,北,7,7,5,1,5153,佐 藤 ほのか,13,19,6.88,1,0.11,1.56.1,2-3-4,1450,3,2-3,770,2,2-3-4,470,1,2-3,400,1
20250922,,10,予選特賞,晴,北,7,7,6,6,3956,横 澤 剛 治,54,20,6.87,6,0.22,1.59.2,2-3-4,1450,3,2-3,770,2,2-3-4,470,1,2-3,400,1
20250922,,11,宝当特選,晴,北,7,7,1,1,4543,重 木 輝 彦,50,38,6.86,1,0.14,1.49.8,1-2-3,1230,3,1-2,420,2,1-2-3,440,2,1-2,230,1
20250922,,11,宝当特選,晴,北,7,7,2,2,4122,安 東 幸 治,4,18,6.82,2,0.19,1.51.2,1-2-3,1230,3,1-2,420,2,1-2-3,440,2,1-2,230,1
20250922,,11,宝当特選,晴,北,7,7,3,3,4226,村 田 浩 司,16,35,6.81,3,0.18,1.52.9,1-2-3,1230,3,1-2,420,2,1-2-3,440,2,1-2,230,1
20250922,,11,宝当特選,晴,北,7,7,4,4,4538,笠 置 博 之,12,25,6.89,4,0.15,1.54.4,1-2-3,1230,3,1-2,420,2,1-2-3,440,2,1-2,230,1
20250922,,11,宝当特選,晴,北,7,7,5,5,3557,太 田 和 美,59,17,6.94,5,0.11,1.55.0,1-2-3,1230,3,1-2,420,2,1-2-3,440,2,1-2,230,1
20250922,,11,宝当特選,晴,北,7,7,6,6,3539,金 子 順 一,41,39,6.92,6,0.12,1.58.1,1-2-3,1230,3,1-2,420,2,1-2-3,440,2,1-2,230,1
20250922,,12,からっキー選,晴,北,7,7,1,1,4324,海 野 康志郎,15,49,6.84,1,0.12,1.50.8,1-4-3,1150,6,1-4,330,3,1-3-4,480,3,1-4,420,2
20250922,,12,からっキー選,晴,北,7,7,2,4,3679,飯 島 昌 弘,5,42,6.92,4,0.15,1.52.0,1-4-3,1150,6,1-4,330,3,1-3-4,480,3,1-4,420,2
20250922,,12,からっキー選,晴,北,7,7,3,3,4553,坪 口 竜 也,9,58,6.99,3,0.15,1.53.0,1-4-3,1150,6,1-4,330,3,1-3-4,480,3,1-4,420,2
20250922,,12,からっキー選,晴,北,7,7,4,2,4099,吉 永 則 雄,52,23,6.97,2,0.17,1.54.2,1-4-3,1150,6,1-4,330,3,1-3-4,480,3,1-4,420,2
20250922,,12,からっキー選,晴,北,7,7,5,6,4452,松 尾 祭,48,46,6.96,6,0.16,1.55.4,1-4-3,1150,6,1-4,330,3,1-3-4,480,3,1-4,420,2
20250922,,12,からっキー選,晴,北,7,7,6,5,4711,前 出 達 吉,55,40,6.98,5,0.16,1.57.3,1-4-3,1150,6,1-4,330,3,1-3-4,480,3,1-4,420,2
20250922,,1,カタメン１予,晴,北東,4,4,1,1,4437,中 田 元 泰,73,160,6.76,1,0.19,1.50.2,1-2-4,980,4,1-2,300,1,1-2-4,560,2,1-2,340,2
20250922,,1,カタメン１予,晴,北東,4,4,2,2,3663,木 山 和 幸,49,128,6.79,2,0.21,1.52.2,1-2-4,980,4,1-2,300,1,1-2-4,560,2,1-2,340,2
20250922,,1,カタメン１予,晴,北東,4,4,3,4,4394,永 嶋 裕 一,40,126,6.77,4,0.19,1.53.8,1-2-4,980,4,1-2,300,1,1-2-4,560,2,1-2,340,2
20250922,,1,カタメン１予,晴,北東,4,4,4,3,3888,山 本 英 志,60,117,6.81,3,0.16,1.54.9,1-2-4,980,4,1-2,300,1,1-2-4,560,2,1-2,340,2
20250922,,1,カタメン１予,晴,北東,4,4,5,6,4892,柴 田 直 哉,67,138,6.72,6,0.20,,1-2-4,980,4,1-2,300,1,1-2-4,560,2,1-2,340,2
20250922,,1,カタメン１予,晴,北東,4,4,6,5,4902,山 川 雄 大,38,154,6.74,5,0.21,,1-2-4,980,4,1-2,300,1,1-2-4,560,2,1-2,340,2
20250922,,2,予選,晴,北東,4,4,1,3,4474,渡 辺 崇,56,144,6.78,3,0.16,1.51.2,3-1-6,10200,33,3-1,1350,6,1-3-6,3990,12,1-3,480,3
20250922,,2,予選,晴,北東,4,4,2,1,5036,福 田 翔 吾,12,162,6.78,1,0.16,1.52.8,3-1-6,10200,33,3-1,1350,6,1-3-6,3990,12,1-3,480,3
20250922,,2,予選,晴,北東,4,4,3,6,4395,下 河 雅 史,18,170,6.86,6,0.27,1.53.3,3-1-6,10200,33,3-1,1350,6,1-3-6,3990,12,1-3,480,3
20250922,,2,予選,晴,北東,4,4,4,2,5055,眞 鳥 章 太,72,112,6.74,2,0.18,1.55.2,3-1-6,10200,33,3-1,1350,6,1-3-6,3990,12,1-3,480,3
20250922,,2,予選,晴,北東,4,4,5,5,4676,後 藤 隼 之,69,127,6.79,5,0.23,,3-1-6,10200,33,3-1,1350,6,1-3-6,3990,12,1-3,480,3
20250922,,2,予選,晴,北東,4,4,6,4,4315,山 崎 昂 介,32,140,6.71,4,0.23,,3-1-6,10200,33,3-1,1350,6,1-3-6,3990,12,1-3,480,3
20250922,,3,カタメン３予,晴,北東,4,4,1,3,4471,新 田 泰 章,25,165,6.82,3,0.24,1.51.1,3-5-2,13500,42,3-5,2350,8,2-3-5,4020,14,3-5,2750,7
20250922,,3,カタメン３予,晴,北東,4,4,2,5,4890,石 川 諒,54,106,6.76,6,0.18,1.52.2,3-5-2,13500,42,3-5,2350,8,2-3-5,4020,14,3-5,2750,7
20250922,,3,カタメン３予,晴,北東,4,4,3,2,5181,森 智 哉,48,116,6.84,2,0.26,1.53.6,3-5-2,13500,42,3-5,2350,8,2-3-5,4020,14,3-5,2750,7
20250922,,3,カタメン３予,晴,北東,4,4,4,4,4637,中 田 友 也,75,147,6.82,5,0.28,1.55.1,3-5-2,13500,42,3-5,2350,8,2-3-5,4020,14,3-5,2750,7
20250922,,3,カタメン３予,晴,北東,4,4,5,1,3848,川 上 聡 介,71,101,6.84,1,0.19,,3-5-2,13500,42,3-5,2350,8,2-3-5,4020,14,3-5,2750,7
20250922,,3,カタメン３予,晴,北東,4,4,6,6,3627,井 上 恵 一,64,121,6.80,4,0.22,,3-5-2,13500,42,3-5,2350,8,2-3-5,4020,14,3-5,2750,7
20250922,,4,予選,晴,北東,4,4,1,2,4352,下 條 雄太郎,15,125,6.78,2,0.18,1.50.8,2-4-5,2280,6,2-4,640,3,2-4-5,790,4,2-4,300,1
20250922,,4,予選,晴,北東,4,4,2,4,4786,佐 藤 博 亮,52,159,6.75,4,0.18,1.51.9,2-4-5,2280,6,2-4,640,3,2-4-5,790,4,2-4,300,1
20250922,,4,予選,晴,北東,4,4,3,5,3838,伊 藤 啓 三,29,103,6.82,5,0.22,1.53.3,2-4-5,2280,6,2-4,640,3,2-4-5,790,4,2-4,300,1
20250922,,4,予選,晴,北東,4,4,4,1,5027,重 冨 勇 哉,23,105,6.76,1,0.31,1.54.9,2-4-5,2280,6,2-4,640,3,2-4-5,790,4,2-4,300,1
20250922,,4,予選,晴,北東,4,4,5,3,4948,木 場 悠 介,16,134,6.76,3,0.19,,2-4-5,2280,6,2-4,640,3,2-4-5,790,4,2-4,300,1
20250922,,4,予選,晴,北東,4,4,6,6,3771,折 下 寛 法,45,152,6.85,6,0.25,,2-4-5,2280,6,2-4,640,3,2-4-5,790,4,2-4,300,1
20250922,,5,予選,晴,北東,4,4,1,1,3975,小野寺 智 洋,70,120,6.76,1,0.06,1.50.4,1-2-5,2200,6,1-2,570,1,1-2-5,530,2,1-2,230,1
20250922,,5,予選,晴,北東,4,4,2,2,3898,平 田 忠 則,22,149,6.85,2,0.08,1.51.6,1-2-5,2200,6,1-2,570,1,1-2-5,530,2,1-2,230,1
20250922,,5,予選,晴,北東,4,4,3,5,4788,小 池 哲 也,31,168,6.81,5,0.16,1.53.4,1-2-5,2200,6,1-2,570,1,1-2-5,530,2,1-2,230,1
20250922,,5,予選,晴,北東,4,4,4,3,4640,山ノ内 雅 人,13,155,6.78,3,0.10,1.55.0,1-2-5,2200,6,1-2,570,1,1-2-5,530,2,1-2,230,1
20250922,,5,予選,晴,北東,4,4,5,4,5109,川 崎 智 稔,11,136,6.78,4,0.09,,1-2-5,2200,6,1-2,570,1,1-2-5,530,2,1-2,230,1
20250922,,5,予選,晴,北東,4,4,6,6,3663,木 山 和 幸,49,128,6.76,6,0.31,,1-2-5,2200,6,1-2,570,1,1-2-5,530,2,1-2,230,1
20250922,,6,予選,晴,北東,4,4,1,3,4578,藤 山 雅 弘,20,171,6.81,3,0.16,1.50.9,3-2-4,5620,23,3-2,890,4,2-3-4,1920,7,2-3,340,2
20250922,,6,予選,晴,北東,4,4,2,2,4287,今 井 貴 士,50,161,6.76,2,0.17,1.52.5,3-2-4,5620,23,3-2,890,4,2-3-4,1920,7,2-3,340,2
20250922,,6,予選,晴,北東,4,4,3,4,4902,山 川 雄 大,38,154,6.77,4,0.21,1.53.8,3-2-4,5620,23,3-2,890,4,2-3-4,1920,7,2-3,340,2
20250922,,6,予選,晴,北東,4,4,4,6,4852,川 原 祐 明,30,111,6.75,6,0.19,1.54.4,3-2-4,5620,23,3-2,890,4,2-3-4,1920,7,2-3,340,2
20250922,,6,予選,晴,北東,4,4,5,1,3455,谷 本 幸 司,61,131,6.80,1,0.14,,3-2-4,5620,23,3-2,890,4,2-3-4,1920,7,2-3,340,2
20250922,,6,予選,晴,北東,4,4,6,5,4315,山 崎 昂 介,32,140,6.72,5,0.21,,3-2-4,5620,23,3-2,890,4,2-3-4,1920,7,2-3,340,2
20250922,,7,予選,晴,北東,4,4,1,1,4394,永 嶋 裕 一,40,126,6.76,1,0.06,1.50.6,1-2-3,890,1,1-2,460,2,1-2-3,330,1,1-2,370,2
20250922,,7,予選,晴,北東,4,4,2,2,4220,深 川 和 仁,65,114,6.77,2,0.07,1.51.7,1-2-3,890,1,1-2,460,2,1-2-3,330,1,1-2,370,2
20250922,,7,予選,晴,北東,4,4,3,3,4890,石 川 諒,54,106,6.76,3,0.08,1.52.5,1-2-3,890,1,1-2,460,2,1-2-3,330,1,1-2,370,2
20250922,,7,予選,晴,北東,4,4,4,6,3251,平 石 和 男,37,102,6.80,6,0.17,1.53.8,1-2-3,890,1,1-2,460,2,1-2-3,330,1,1-2,370,2
20250922,,7,予選,晴,北東,4,4,5,4,4082,濱 崎 誠,47,164,6.79,4,0.16,,1-2-3,890,1,1-2,460,2,1-2-3,330,1,1-2,370,2
20250922,,7,予選,晴,北東,4,4,6,5,5055,眞 鳥 章 太,72,112,6.81,5,0.11,,1-2-3,890,1,1-2,460,2,1-2-3,330,1,1-2,370,2
20250922,,8,予選,晴,北東,4,4,1,1,3838,伊 藤 啓 三,29,103,6.84,1,0.11,1.50.9,1-4-6,1800,3,1-4,620,1,1-4-6,810,4,1-4,380,1
20250922,,8,予選,晴,北東,4,4,2,4,3257,田 頭 実,21,108,6.81,2,0.11,1.53.0,1-4-6,1800,3,1-4,620,1,1-4-6,810,4,1-4,380,1
20250922,,8,予選,晴,北東,4,4,3,6,4370,山 口 達 也,44,113,6.87,4,0.22,1.53.7,1-4-6,1800,3,1-4,620,1,1-4-6,810,4,1-4,380,1
20250922,,8,予選,晴,北東,4,4,4,2,4086,寺 本 重 宣,46,141,6.87,3,0.19,1.55.3,1-4-6,1800,3,1-4,620,1,1-4-6,810,4,1-4,380,1
20250922,,8,予選,晴,北東,4,4,5,5,4957,竹之内 極,74,148,6.80,6,0.45,,1-4-6,1800,3,1-4,620,1,1-4-6,810,4,1-4,380,1
20250922,,8,予選,晴,北東,4,4,6,3,5036,福 田 翔 吾,12,162,6.85,5,0.21,,1-4-6,1800,3,1-4,620,1,1-4-6,810,4,1-4,380,1
20250922,,9,予選,曇り,北東,4,4,1,3,5181,森 智 哉,48,116,6.83,3,0.15,1.50.7,3-4-5,14430,55,3-4,3460,11,3-4-5,4500,14,3-4,1730,8
20250922,,9,予選,曇り,北東,4,4,2,4,4892,柴 田 直 哉,67,138,6.81,4,0.16,1.51.5,3-4-5,14430,55,3-4,3460,11,3-4-5,4500,14,3-4,1730,8
20250922,,9,予選,曇り,北東,4,4,3,5,3975,小野寺 智 洋,70,120,6.77,5,0.16,1.53.0,3-4-5,14430,55,3-4,3460,11,3-4-5,4500,14,3-4,1730,8
20250922,,9,予選,曇り,北東,4,4,4,2,4395,下 河 雅 史,18,170,6.89,2,0.14,1.54.0,3-4-5,14430,55,3-4,3460,11,3-4-5,4500,14,3-4,1730,8
20250922,,9,予選,曇り,北東,4,4,5,1,3800,牧 宏 次,58,156,6.84,1,0.13,,3-4-5,14430,55,3-4,3460,11,3-4-5,4500,14,3-4,1730,8
20250922,,9,予選,曇り,北東,4,4,6,6,4352,下 條 雄太郎,15,125,6.87,6,0.19,,3-4-5,14430,55,3-4,3460,11,3-4-5,4500,14,3-4,1730,8
20250922,,10,予選特賞,曇り,北東,4,4,1,3,4786,佐 藤 博 亮,52,159,6.78,3,0.16,1.49.7,3-4-1,5760,21,3-4,1900,9,1-3-4,790,4,3-4,1660,7
20250922,,10,予選特賞,曇り,北東,4,4,2,4,3888,山 本 英 志,60,117,6.83,5,0.13,1.52.0,3-4-1,5760,21,3-4,1900,9,1-3-4,790,4,3-4,1660,7
20250922,,10,予選特賞,曇り,北東,4,4,3,1,4133,高 橋 正 男,43,173,6.84,1,0.18,1.53.2,3-4-1,5760,21,3-4,1900,9,1-3-4,790,4,3-4,1660,7
20250922,,10,予選特賞,曇り,北東,4,4,4,6,4788,小 池 哲 也,31,168,6.86,6,0.12,1.55.3,3-4-1,5760,21,3-4,1900,9,1-3-4,790,4,3-4,1660,7
20250922,,10,予選特賞,曇り,北東,4,4,5,5,3627,井 上 恵 一,64,121,6.91,4,0.31,,3-4-1,5760,21,3-4,1900,9,1-3-4,790,4,3-4,1660,7
20250922,,10,予選特賞,曇り,北東,4,4,6,2,4578,藤 山 雅 弘,20,171,6.83,2,0.18,,3-4-1,5760,21,3-4,1900,9,1-3-4,790,4,3-4,1660,7
20250922,,11,予選特選,曇り,北東,4,4,1,3,4852,川 原 祐 明,30,111,6.81,3,0.14,1.50.0,3-1-6,5120,18,3-1,1360,5,1-3-6,870,4,1-3,210,1
20250922,,11,予選特選,曇り,北東,4,4,2,1,4537,渡 邉 和 将,27,132,6.79,1,0.09,1.51.2,3-1-6,5120,18,3-1,1360,5,1-3-6,870,4,1-3,210,1
20250922,,11,予選特選,曇り,北東,4,4,3,6,3898,平 田 忠 則,22,149,6.84,6,0.17,1.52.3,3-1-6,5120,18,3-1,1360,5,1-3-6,870,4,1-3,210,1
20250922,,11,予選特選,曇り,北東,4,4,4,5,4220,深 川 和 仁,65,114,6.78,5,0.17,1.53.7,3-1-6,5120,18,3-1,1360,5,1-3-6,870,4,1-3,210,1
20250922,,11,予選特選,曇り,北東,4,4,5,4,4474,渡 辺 崇,56,144,6.83,4,0.20,,3-1-6,5120,18,3-1,1360,5,1-3-6,870,4,1-3,210,1
20250922,,11,予選特選,曇り,北東,4,4,6,2,4630,岩 永 雅 人,41,115,6.80,2,0.15,,3-1-6,5120,18,3-1,1360,5,1-3-6,870,4,1-3,210,1
20250922,,12,福岡選抜,曇り,北東,4,4,1,1,4471,新 田 泰 章,25,165,6.82,1,0.03,1.50.3,1-5-6,5030,20,1-5,1550,6,1-5-6,1850,8,1-5,1020,5
20250922,,12,福岡選抜,曇り,北東,4,4,2,5,4640,山ノ内 雅 人,13,155,6.84,5,0.10,1.51.5,1-5-6,5030,20,1-5,1550,6,1-5-6,1850,8,1-5,1020,5
20250922,,12,福岡選抜,曇り,北東,4,4,3,6,4287,今 井 貴 士,50,161,6.85,6,0.15,1.53.1,1-5-6,5030,20,1-5,1550,6,1-5-6,1850,8,1-5,1020,5
20250922,,12,福岡選抜,曇り,北東,4,4,4,2,4437,中 田 元 泰,73,160,6.80,2,0.03,1.54.4,1-5-6,5030,20,1-5,1550,6,1-5-6,1850,8,1-5,1020,5
20250922,,12,福岡選抜,曇り,北東,4,4,5,4,4086,寺 本 重 宣,46,141,6.83,4,0.13,,1-5-6,5030,20,1-5,1550,6,1-5-6,1850,8,1-5,1020,5
20250922,,12,福岡選抜,曇り,北東,4,4,6,3,3251,平 石 和 男,37,102,6.80,3,0.14,,1-5-6,5030,20,1-5,1550,6,1-5-6,1850,8,1-5,1020,5
20250922,,1,サンライズＶ,晴,東,5,5,1,3,4498,宮 本 夏 樹,50,166,6.74,3,0.36,1.49.5,3-4-2,6710,19,3-4,2340,9,2-3-4,2210,7,3-4,1130,4
20250922,,1,サンライズＶ,晴,東,5,5,2,4,4882,瀧 川 千 依,43,128,6.73,5,0.32,1.51.0,3-4-2,6710,19,3-4,2340,9,2-3-4,2210,7,3-4,1130,4
20250922,,1,サンライズＶ,晴,東,5,5,3,2,4245,高 橋 直 哉,2,125,6.75,2,0.34,1.51.0,3-4-2,6710,19,3-4,2340,9,2-3-4,2210,7,3-4,1130,4
20250922,,1,サンライズＶ,晴,東,5,5,4,1,3731,高 濱 芳 久,20,119,6.77,1,0.28,1.54.5,3-4-2,6710,19,3-4,2340,9,2-3-4,2210,7,3-4,1130,4
20250922,,1,サンライズＶ,晴,東,5,5,5,5,4558,宮 野 仁,29,168,6.78,4,0.43,,3-4-2,6710,19,3-4,2340,9,2-3-4,2210,7,3-4,1130,4
20250922,,1,サンライズＶ,晴,東,5,5,6,6,5397,寺 田 夢 生,57,148,6.75,6,0.31,,3-4-2,6710,19,3-4,2340,9,2-3-4,2210,7,3-4,1130,4
20250922,,2,サンライズＷ,晴,東,5,5,1,1,3618,海 野 ゆかり,53,152,6.71,1,0.07,1.49.6,1-3-4,1100,4,1-3,460,2,1-3-4,470,2,1-3,340,2
20250922,,2,サンライズＷ,晴,東,5,5,2,3,3212,亀 本 勇 樹,19,115,6.78,3,0.05,1.50.8,1-3-4,1100,4,1-3,460,2,1-3-4,470,2,1-3,340,2
20250922,,2,サンライズＷ,晴,東,5,5,3,4,4631,新 井 英 孝,4,145,6.76,4,0.19,1.52.1,1-3-4,1100,4,1-3,460,2,1-3-4,470,2,1-3,340,2
20250922,,2,サンライズＷ,晴,東,5,5,4,5,3454,井 川 大 作,41,141,6.77,5,0.11,1.52.7,1-3-4,1100,4,1-3,460,2,1-3-4,470,2,1-3,340,2
20250922,,2,サンライズＷ,晴,東,5,5,5,2,4094,中 島 真 二,23,124,6.74,2,0.09,,1-3-4,1100,4,1-3,460,2,1-3-4,470,2,1-3,340,2
20250922,,2,サンライズＷ,晴,東,5,5,6,6,3569,増 田 進,3,142,6.69,6,0.20,,1-3-4,1100,4,1-3,460,2,1-3-4,470,2,1-3,340,2
20250922,,3,サンライズＸ,晴,東,5,5,1,1,4401,小 林 泰,14,164,6.69,1,0.13,1.49.2,1-3-4,700,3,1-3,200,1,1-3-4,370,3,1-3,150,1
20250922,,3,サンライズＸ,晴,東,5,5,2,3,4704,河 野 大,8,162,6.69,3,0.17,1.50.2,1-3-4,700,3,1-3,200,1,1-3-4,370,3,1-3,150,1
20250922,,3,サンライズＸ,晴,東,5,5,3,4,3708,岡 部 貴 司,51,161,6.78,4,0.19,1.52.9,1-3-4,700,3,1-3,200,1,1-3-4,370,3,1-3,150,1
20250922,,3,サンライズＸ,晴,東,5,5,4,6,3581,加 木 郁,36,129,6.70,6,0.21,1.53.6,1-3-4,700,3,1-3,200,1,1-3-4,370,3,1-3,150,1
20250922,,3,サンライズＸ,晴,東,5,5,5,2,4231,鈴 木 裕 隆,7,133,6.74,2,0.22,,1-3-4,700,3,1-3,200,1,1-3-4,370,3,1-3,150,1
20250922,,3,サンライズＸ,晴,東,5,5,6,5,4286,平 田 さやか,21,111,6.70,5,0.17,,1-3-4,700,3,1-3,200,1,1-3-4,370,3,1-3,150,1
20250922,,4,サンライズＹ 進入固定,晴,東,6,6,1,6,5351,齊 藤 廉,55,114,6.68,6,0.19,1.49.5,6-5-3,67400,77,6-5,9200,16,3-5-6,6210,15,5-6,1990,6
20250922,,4,サンライズＹ 進入固定,晴,東,6,6,2,5,5330,安河内 鈴之介,17,146,6.65,5,0.15,1.51.1,6-5-3,67400,77,6-5,9200,16,3-5-6,6210,15,5-6,1990,6
20250922,,4,サンライズＹ 進入固定,晴,東,6,6,3,3,3282,池 本 輝 明,47,117,6.71,3,0.27,1.52.7,6-5-3,67400,77,6-5,9200,16,3-5-6,6210,15,5-6,1990,6
20250922,,4,サンライズＹ 進入固定,晴,東,6,6,4,2,4062,後 藤 陽 介,34,136,6.67,2,0.26,1.53.1,6-5-3,67400,77,6-5,9200,16,3-5-6,6210,15,5-6,1990,6
20250922,,4,サンライズＹ 進入固定,晴,東,6,6,5,1,4302,西 野 翔 太,16,163,6.67,1,0.22,,6-5-3,67400,77,6-5,9200,16,3-5-6,6210,15,5-6,1990,6
20250922,,4,サンライズＹ 進入固定,晴,東,6,6,6,4,4116,川 田 正 人,54,132,6.66,4,0.19,,6-5-3,67400,77,6-5,9200,16,3-5-6,6210,15,5-6,1990,6
20250922,,5,サンライズＺ,晴,東,6,6,1,1,4168,石 野 貴 之,42,118,6.64,1,0.22,1.48.8,1-2-6,700,2,1-2,210,1,1-2-6,470,3,1-2,160,1
20250922,,5,サンライズＺ,晴,東,6,6,2,2,3562,山 下 和 彦,39,127,6.65,2,0.23,1.50.2,1-2-6,700,2,1-2,210,1,1-2-6,470,3,1-2,160,1
20250922,,5,サンライズＺ,晴,東,6,6,3,6,4351,里 岡 右 貴,56,154,6.71,6,0.09,1.50.7,1-2-6,700,2,1-2,210,1,1-2-6,470,3,1-2,160,1
20250922,,5,サンライズＺ,晴,東,6,6,4,3,3703,鳥 飼 眞,58,134,6.66,3,0.19,1.51.9,1-2-6,700,2,1-2,210,1,1-2-6,470,3,1-2,160,1
20250922,,5,サンライズＺ,晴,東,6,6,5,5,4695,尾 崎 雄 二,6,150,6.69,5,0.21,,1-2-6,700,2,1-2,210,1,1-2-6,470,3,1-2,160,1
20250922,,5,サンライズＺ,晴,東,6,6,6,4,5365,石 村 日奈那,59,157,6.65,4,0.22,,1-2-6,700,2,1-2,210,1,1-2-6,470,3,1-2,160,1
20250922,,6,一般,晴,東,5,5,1,5,4736,高 倉 和 士,35,159,6.70,5,0.07,1.49.0,5-6-2,1850,1,5-6,650,1,2-5-6,640,2,5-6,490,1
20250922,,6,一般,晴,東,5,5,2,6,4096,石 橋 道 友,37,137,6.67,6,0.09,1.50.7,5-6-2,1850,1,5-6,650,1,2-5-6,640,2,5-6,490,1
20250922,,6,一般,晴,東,5,5,3,2,4631,新 井 英 孝,4,145,6.75,2,0.12,1.52.1,5-6-2,1850,1,5-6,650,1,2-5-6,640,2,5-6,490,1
20250922,,6,一般,晴,東,5,5,4,3,3731,高 濱 芳 久,20,119,6.76,3,0.18,1.52.7,5-6-2,1850,1,5-6,650,1,2-5-6,640,2,5-6,490,1
20250922,,6,一般,晴,東,5,5,5,4,4498,宮 本 夏 樹,50,166,6.70,4,0.14,,5-6-2,1850,1,5-6,650,1,2-5-6,640,2,5-6,490,1
20250922,,6,一般,晴,東,5,5,6,1,4246,喜 多 那由夏,40,123,6.70,1,0.13,,5-6-2,1850,1,5-6,650,1,2-5-6,640,2,5-6,490,1
20250922,,7,一般 進入固定,晴,東,6,6,1,3,4245,高 橋 直 哉,2,125,6.71,3,0.11,1.50.5,3-6-1,17910,42,3-6,5040,14,1-3-6,950,5,3-6,2540,10
20250922,,7,一般 進入固定,晴,東,6,6,2,6,4984,森 下 愛 梨,38,158,6.66,6,0.23,1.51.7,3-6-1,17910,42,3-6,5040,14,1-3-6,950,5,3-6,2540,10
20250922,,7,一般 進入固定,晴,東,6,6,3,1,3708,岡 部 貴 司,51,161,6.73,1,0.03,1.52.8,3-6-1,17910,42,3-6,5040,14,1-3-6,950,5,3-6,2540,10
20250922,,7,一般 進入固定,晴,東,6,6,4,5,4882,瀧 川 千 依,43,128,6.70,5,0.16,1.52.9,3-6-1,17910,42,3-6,5040,14,1-3-6,950,5,3-6,2540,10
20250922,,7,一般 進入固定,晴,東,6,6,5,2,3454,井 川 大 作,41,141,6.76,2,0.10,,3-6-1,17910,42,3-6,5040,14,1-3-6,950,5,3-6,2540,10
20250922,,7,一般 進入固定,晴,東,6,6,6,4,4181,花 本 夏 樹,31,149,6.75,4,0.25,,3-6-1,17910,42,3-6,5040,14,1-3-6,950,5,3-6,2540,10
20250922,,8,一般,晴,東,6,6,1,2,4116,川 田 正 人,54,132,6.66,2,0.23,1.54.5,2-3-4,3830,15,2-3,1100,4,2-3-4,1230,7,2-3,590,3
20250922,,8,一般,晴,東,6,6,2,3,4286,平 田 さやか,21,111,6.71,3,0.19,1.56.9,2-3-4,3830,15,2-3,1100,4,2-3-4,1230,7,2-3,590,3
20250922,,8,一般,晴,東,6,6,3,4,3282,池 本 輝 明,47,117,6.73,4,0.23,1.59.7,2-3-4,3830,15,2-3,1100,4,2-3-4,1230,7,2-3,590,3
20250922,,8,一般,晴,東,6,6,4,1,4045,佐々木 裕 美,15,112,6.65,1,0.29,2.02.7,2-3-4,3830,15,2-3,1100,4,2-3-4,1230,7,2-3,590,3
20250922,,8,一般,晴,東,6,6,5,5,4231,鈴 木 裕 隆,7,133,6.74,5,0.29,,2-3-4,3830,15,2-3,1100,4,2-3-4,1230,7,2-3,590,3
20250922,,9,アシ夢特選,晴,東,5,5,1,6,5190,大 月 遊 雅,9,170,6.60,6,0.31,1.54.6,6-1-4,20540,49,6-1,4040,11,1-4-6,2290,6,1-6,1290,6
20250922,,9,アシ夢特選,晴,東,5,5,2,1,3703,鳥 飼 眞,58,134,6.76,1,0.24,1.57.3,6-1-4,20540,49,6-1,4040,11,1-4-6,2290,6,1-6,1290,6
20250922,,9,アシ夢特選,晴,東,5,5,3,4,4062,後 藤 陽 介,34,136,6.74,4,0.24,2.00.3,6-1-4,20540,49,6-1,4040,11,1-4-6,2290,6,1-6,1290,6
20250922,,9,アシ夢特選,晴,東,5,5,4,5,4094,中 島 真 二,23,124,6.77,5,0.30,2.03.1,6-1-4,20540,49,6-1,4040,11,1-4-6,2290,6,1-6,1290,6
20250922,,9,アシ夢特選,晴,東,5,5,5,3,4558,宮 野 仁,29,168,6.78,3,0.23,,6-1-4,20540,49,6-1,4040,11,1-4-6,2290,6,1-6,1290,6
20250922,,10,選抜戦,晴,東,5,5,1,4,4736,高 倉 和 士,35,159,6.69,4,0.08,1.48.7,4-3-6,16860,45,4-3,3420,11,3-4-6,6110,16,3-4,2340,7
20250922,,10,選抜戦,晴,東,5,5,2,3,4096,石 橋 道 友,37,137,6.75,3,0.04,1.50.3,4-3-6,16860,45,4-3,3420,11,3-4-6,6110,16,3-4,2340,7
20250922,,10,選抜戦,晴,東,5,5,3,6,3562,山 下 和 彦,39,127,6.69,6,0.14,1.51.7,4-3-6,16860,45,4-3,3420,11,3-4-6,6110,16,3-4,2340,7
20250922,,10,選抜戦,晴,東,5,5,4,1,4704,河 野 大,8,162,6.73,1,0.18,1.52.6,4-3-6,16860,45,4-3,3420,11,3-4-6,6110,16,3-4,2340,7
20250922,,10,選抜戦,晴,東,5,5,5,5,5351,齊 藤 廉,55,114,6.67,5,0.08,,4-3-6,16860,45,4-3,3420,11,3-4-6,6110,16,3-4,2340,7
20250922,,10,選抜戦,晴,東,5,5,6,2,4302,西 野 翔 太,16,163,6.71,2,0.21,,4-3-6,16860,45,4-3,3420,11,3-4-6,6110,16,3-4,2340,7
20250922,,11,選抜戦,晴,東,5,5,1,1,4351,里 岡 右 貴,56,154,6.69,1,0.17,1.48.0,1-3-2,1360,5,1-3,210,1,1-2-3,470,3,1-3,180,1
20250922,,11,選抜戦,晴,東,5,5,2,3,4168,石 野 貴 之,42,118,6.65,3,0.16,1.48.8,1-3-2,1360,5,1-3,210,1,1-2-3,470,3,1-3,180,1
20250922,,11,選抜戦,晴,東,5,5,3,2,3212,亀 本 勇 樹,19,115,6.75,2,0.16,1.51.2,1-3-2,1360,5,1-3,210,1,1-2-3,470,3,1-3,180,1
20250922,,11,選抜戦,晴,東,5,5,4,5,4401,小 林 泰,14,164,6.73,5,0.17,1.53.5,1-3-2,1360,5,1-3,210,1,1-2-3,470,3,1-3,180,1
20250922,,11,選抜戦,晴,東,5,5,5,6,4246,喜 多 那由夏,40,123,6.69,6,0.25,,1-3-2,1360,5,1-3,210,1,1-2-3,470,3,1-3,180,1
20250922,,11,選抜戦,晴,東,5,5,6,4,3618,海 野 ゆかり,53,152,6.67,4,0.18,,1-3-2,1360,5,1-3,210,1,1-2-3,470,3,1-3,180,1
20250922,,12,優勝戦,晴,東,5,5,1,1,4344,新 田 雄 史,32,160,6.68,1,0.07,1.47.5,1-3-2,1240,5,1-3,470,3,1-2-3,520,2,1-3,470,3
20250922,,12,優勝戦,晴,東,5,5,2,3,4731,間 野 兼 礼,33,113,6.69,3,0.09,1.49.7,1-3-2,1240,5,1-3,470,3,1-2-3,520,2,1-3,470,3
20250922,,12,優勝戦,晴,東,5,5,3,2,3265,今 村 暢 孝,12,135,6.70,2,0.09,1.52.2,1-3-2,1240,5,1-3,470,3,1-2-3,520,2,1-3,470,3
20250922,,12,優勝戦,晴,東,5,5,4,5,4009,小 林 一 樹,30,143,6.64,5,0.11,1.53.0,1-3-2,1240,5,1-3,470,3,1-2-3,520,2,1-3,470,3
20250922,,12,優勝戦,晴,東,5,5,5,6,3458,東 健 介,13,139,6.69,6,0.12,,1-3-2,1240,5,1-3,470,3,1-2-3,520,2,1-3,470,3
20250922,,12,優勝戦,晴,東,5,5,6,4,4817,渡 邉 翼,46,131,6.67,4,0.11,,1-3-2,1240,5,1-3,470,3,1-2-3,520,2,1-3,470,3
20250922,,1,予選,晴,東,3,3,1,6,4531,武 富 智 亮,57,54,6.78,6,0.09,1.50.1,6-2-1,11280,37,6-2,5340,13,1-2-6,600,3,2-6,3250,10
20250922,,1,予選,晴,東,3,3,2,2,5187,小 坂 風 太,62,59,6.90,2,0.20,1.52.5,6-2-1,11280,37,6-2,5340,13,1-2-6,600,3,2-6,3250,10
20250922,,1,予選,晴,東,3,3,3,1,4272,大 場 広 孝,46,18,6.83,1,0.15,1.53.6,6-2-1,11280,37,6-2,5340,13,1-2-6,600,3,2-6,3250,10
20250922,,1,予選,晴,東,3,3,4,4,3872,岡 田 憲 行,53,27,6.93,4,0.24,1.54.6,6-2-1,11280,37,6-2,5340,13,1-2-6,600,3,2-6,3250,10
20250922,,1,予選,晴,東,3,3,5,3,4197,渥 美 卓 郎,52,60,6.90,3,0.18,,6-2-1,11280,37,6-2,5340,13,1-2-6,600,3,2-6,3250,10
20250922,,1,予選,晴,東,3,3,6,5,4248,岡 本 大,1,17,6.96,5,0.17,,6-2-1,11280,37,6-2,5340,13,1-2-6,600,3,2-6,3250,10
20250922,,2,予選,晴,東,4,4,1,1,4152,深 水 慎一郎,37,30,6.89,1,0.09,1.51.1,1-4-3,1180,2,1-4,560,2,1-3-4,210,1,1-4,550,3
20250922,,2,予選,晴,東,4,4,2,4,4732,堀 本 和 也,30,26,6.82,4,0.05,1.51.5,1-4-3,1180,2,1-4,560,2,1-3-4,210,1,1-4,550,3
20250922,,2,予選,晴,東,4,4,3,3,4812,西 野 雄 貴,18,68,6.86,3,0.06,1.53.6,1-4-3,1180,2,1-4,560,2,1-3-4,210,1,1-4,550,3
20250922,,2,予選,晴,東,4,4,4,6,3352,小 川 晃 司,47,40,6.99,6,0.21,1.55.0,1-4-3,1180,2,1-4,560,2,1-3-4,210,1,1-4,550,3
20250922,,2,予選,晴,東,4,4,5,2,3631,田 添 康 介,58,39,6.90,2,0.09,,1-4-3,1180,2,1-4,560,2,1-3-4,210,1,1-4,550,3
20250922,,2,予選,晴,東,4,4,6,5,3986,沖 島 広 和,26,46,6.87,5,0.11,,1-4-3,1180,2,1-4,560,2,1-3-4,210,1,1-4,550,3
20250922,,3,予選,晴,東,3,3,1,1,4645,上 村 純 一,10,15,6.85,1,0.15,1.50.0,1-5-4,1260,5,1-5,250,2,1-4-5,400,2,1-5,260,1
20250922,,3,予選,晴,東,3,3,2,5,4084,杉 山 正 樹,7,48,6.89,5,0.13,1.52.7,1-5-4,1260,5,1-5,250,2,1-4-5,400,2,1-5,260,1
20250922,,3,予選,晴,東,3,3,3,4,3441,土 屋 太 朗,2,72,6.94,4,0.18,1.54.1,1-5-4,1260,5,1-5,250,2,1-4-5,400,2,1-5,260,1
20250922,,3,予選,晴,東,3,3,4,3,4016,西 川 新太郎,42,66,6.90,3,0.21,1.55.9,1-5-4,1260,5,1-5,250,2,1-4-5,400,2,1-5,260,1
20250922,,3,予選,晴,東,3,3,5,6,5372,上 岡 巧 汰,21,16,6.84,6,0.12,,1-5-4,1260,5,1-5,250,2,1-4-5,400,2,1-5,260,1
20250922,,3,予選,晴,東,3,3,6,2,4219,本 岡 勝 利,5,42,6.95,2,0.16,,1-5-4,1260,5,1-5,250,2,1-4-5,400,2,1-5,260,1
20250922,,4,予選,晴,東,4,4,1,1,4377,濱 本 優 一,32,31,6.94,1,0.11,1.51.1,1-2-4,680,1,1-2,270,1,1-2-4,290,1,1-2,330,1
20250922,,4,予選,晴,東,4,4,2,2,4451,松 崎 祐太郎,61,73,6.95,2,0.15,1.52.1,1-2-4,680,1,1-2,270,1,1-2-4,290,1,1-2,330,1
20250922,,4,予選,晴,東,4,4,3,4,4942,柴 田 朋 哉,23,11,6.81,4,0.15,1.52.6,1-2-4,680,1,1-2,270,1,1-2-4,290,1,1-2,330,1
20250922,,4,予選,晴,東,4,4,4,3,3619,長谷川 充,38,52,6.96,3,0.17,1.54.4,1-2-4,680,1,1-2,270,1,1-2-4,290,1,1-2,330,1
20250922,,4,予選,晴,東,4,4,5,5,4108,吉 村 正 明,56,45,6.93,5,0.18,,1-2-4,680,1,1-2,270,1,1-2-4,290,1,1-2,330,1
20250922,,4,予選,晴,東,4,4,6,6,4518,大須賀 友,24,49,6.85,6,0.24,,1-2-4,680,1,1-2,270,1,1-2-4,290,1,1-2,330,1
20250922,,5,進入固定戦隊 進入固定,曇り,東,4,4,1,1,4939,宮之原 輝 紀,27,61,6.98,1,0.19,1.53.1,1-2-4,410,1,1-2,170,1,1-2-4,290,1,1-2,130,1
20250922,,5,進入固定戦隊 進入固定,曇り,東,4,4,2,2,4105,松 下 直 也,14,21,6.88,2,0.21,1.55.4,1-2-4,410,1,1-2,170,1,1-2-4,290,1,1-2,130,1
20250922,,5,進入固定戦隊 進入固定,曇り,東,4,4,3,4,4790,柳 内 敬 太,48,28,6.96,4,0.28,1.59.2,1-2-4,410,1,1-2,170,1,1-2-4,290,1,1-2,130,1
20250922,,5,進入固定戦隊 進入固定,曇り,東,4,4,4,3,4520,高 倉 孝 太,39,67,6.94,3,0.22,2.02.5,1-2-4,410,1,1-2,170,1,1-2-4,290,1,1-2,130,1
20250922,,6,予選,曇り,東,4,4,1,1,4535,北 山 康 介,49,36,6.91,1,0.20,1.50.3,1-6-4,2500,11,1-6,500,2,1-4-6,660,4,1-6,310,2
20250922,,6,予選,曇り,東,4,4,2,6,4415,下 出 卓 矢,3,32,6.83,6,0.25,1.52.1,1-6-4,2500,11,1-6,500,2,1-4-6,660,4,1-6,310,2
20250922,,6,予選,曇り,東,4,4,3,4,4272,大 場 広 孝,46,18,6.92,4,0.26,1.53.4,1-6-4,2500,11,1-6,500,2,1-4-6,660,4,1-6,310,2
20250922,,6,予選,曇り,東,4,4,4,2,3642,大 塚 浩 二,34,19,6.90,2,0.22,1.53.7,1-6-4,2500,11,1-6,500,2,1-4-6,660,4,1-6,310,2
20250922,,6,予選,曇り,東,4,4,5,3,4424,松 尾 昂 明,59,14,6.90,3,0.17,,1-6-4,2500,11,1-6,500,2,1-4-6,660,4,1-6,310,2
20250922,,6,予選,曇り,東,4,4,6,5,3277,齋 藤 勇,11,70,6.96,5,0.29,,1-6-4,2500,11,1-6,500,2,1-4-6,660,4,1-6,310,2
20250922,,7,予選特賞,曇り,東,4,4,1,4,4531,武 富 智 亮,57,54,6.84,4,0.13,1.49.9,4-2-6,2690,12,4-2,860,4,2-4-6,700,3,2-4,530,2
20250922,,7,予選特賞,曇り,東,4,4,2,2,4236,松 村 敏,33,69,6.85,2,0.16,1.51.5,4-2-6,2690,12,4-2,860,4,2-4-6,700,3,2-4,530,2
20250922,,7,予選特賞,曇り,東,4,4,3,6,4608,荒 井 翔 伍,35,53,6.86,6,0.10,1.53.5,4-2-6,2690,12,4-2,860,4,2-4-6,700,3,2-4,530,2
20250922,,7,予選特賞,曇り,東,4,4,4,1,4551,三 川 昂 暁,20,58,6.88,1,0.12,1.54.8,4-2-6,2690,12,4-2,860,4,2-4-6,700,3,2-4,530,2
20250922,,7,予選特賞,曇り,東,4,4,5,5,3631,田 添 康 介,58,39,6.88,5,0.12,,4-2-6,2690,12,4-2,860,4,2-4-6,700,3,2-4,530,2
20250922,,7,予選特賞,曇り,東,4,4,6,3,4639,雑 賀 勇 貴,28,38,6.90,3,0.21,,4-2-6,2690,12,4-2,860,4,2-4-6,700,3,2-4,530,2
20250922,,8,エイトビート,曇り,東,4,4,1,1,4503,上 野 真之介,29,43,6.89,1,0.06,1.50.2,1-2-3,650,3,1-2,390,2,1-2-3,270,1,1-2,310,2
20250922,,8,エイトビート,曇り,東,4,4,2,2,3872,岡 田 憲 行,53,27,6.99,2,0.07,1.51.7,1-2-3,650,3,1-2,390,2,1-2-3,270,1,1-2,310,2
20250922,,8,エイトビート,曇り,東,4,4,3,3,4377,濱 本 優 一,32,31,6.94,3,0.04,1.53.2,1-2-3,650,3,1-2,390,2,1-2-3,270,1,1-2,310,2
20250922,,8,エイトビート,曇り,東,4,4,4,4,4152,深 水 慎一郎,37,30,6.89,4,0.06,1.54.4,1-2-3,650,3,1-2,390,2,1-2-3,270,1,1-2,310,2
20250922,,8,エイトビート,曇り,東,4,4,5,5,3680,森 林 太,43,62,6.98,5,0.08,,1-2-3,650,3,1-2,390,2,1-2-3,270,1,1-2,310,2
20250922,,8,エイトビート,曇り,東,4,4,6,6,4016,西 川 新太郎,42,66,6.92,6,0.09,,1-2-3,650,3,1-2,390,2,1-2-3,270,1,1-2,310,2
20250922,,9,予選,曇り,東,4,4,1,1,4155,長 野 壮志郎,25,24,6.89,1,0.18,1.50.9,1-6-5,3580,12,1-6,1250,5,1-5-6,1710,6,1-6,490,2
20250922,,9,予選,曇り,東,4,4,2,6,4706,三 浦 洋次朗,15,29,6.87,5,0.16,1.52.1,1-6-5,3580,12,1-6,1250,5,1-5-6,1710,6,1-6,490,2
20250922,,9,予選,曇り,東,4,4,3,5,3352,小 川 晃 司,47,40,6.90,6,0.16,1.52.5,1-6-5,3580,12,1-6,1250,5,1-5-6,1710,6,1-6,490,2
20250922,,9,予選,曇り,東,4,4,4,2,3441,土 屋 太 朗,2,72,7.03,2,0.18,1.53.7,1-6-5,3580,12,1-6,1250,5,1-5-6,1710,6,1-6,490,2
20250922,,9,予選,曇り,東,4,4,5,4,4520,高 倉 孝 太,39,67,6.94,4,0.19,,1-6-5,3580,12,1-6,1250,5,1-5-6,1710,6,1-6,490,2
20250922,,9,予選,曇り,東,4,4,6,3,4518,大須賀 友,24,49,6.84,3,0.17,,1-6-5,3580,12,1-6,1250,5,1-5-6,1710,6,1-6,490,2
20250922,,10,予選特賞,曇り,東,4,4,1,1,4812,西 野 雄 貴,18,68,6.85,1,0.25,1.49.5,1-3-2,1040,3,1-3,240,1,1-2-3,500,2,1-3,240,1
20250922,,10,予選特賞,曇り,東,4,4,2,3,4645,上 村 純 一,10,15,6.81,3,0.15,1.51.2,1-3-2,1040,3,1-3,240,1,1-2-3,500,2,1-3,240,1
20250922,,10,予選特賞,曇り,東,4,4,3,2,4108,吉 村 正 明,56,45,6.89,2,0.19,1.54.1,1-3-2,1040,3,1-3,240,1,1-2-3,500,2,1-3,240,1
20250922,,10,予選特賞,曇り,東,4,4,4,4,4415,下 出 卓 矢,3,32,6.84,4,0.24,1.54.5,1-3-2,1040,3,1-3,240,1,1-2-3,500,2,1-3,240,1
20250922,,10,予選特賞,曇り,東,4,4,5,5,4197,渥 美 卓 郎,52,60,6.96,5,0.26,,1-3-2,1040,3,1-3,240,1,1-2-3,500,2,1-3,240,1
20250922,,10,予選特賞,曇り,東,4,4,6,6,4790,柳 内 敬 太,48,28,6.88,6,0.28,,1-3-2,1040,3,1-3,240,1,1-2-3,500,2,1-3,240,1
20250922,,11,予選特選,曇り,東,4,4,1,1,4732,堀 本 和 也,30,26,6.79,1,0.18,1.49.9,1-5-6,10150,24,1-5,2170,7,1-5-6,2560,9,1-5,2130,6
20250922,,11,予選特選,曇り,東,4,4,2,5,3619,長谷川 充,38,52,6.91,5,0.24,1.52.6,1-5-6,10150,24,1-5,2170,7,1-5-6,2560,9,1-5,2130,6
20250922,,11,予選特選,曇り,東,4,4,3,6,4424,松 尾 昂 明,59,14,6.81,6,0.23,1.54.4,1-5-6,10150,24,1-5,2170,7,1-5-6,2560,9,1-5,2130,6
20250922,,11,予選特選,曇り,東,4,4,4,3,4608,荒 井 翔 伍,35,53,6.87,3,0.21,1.55.0,1-5-6,10150,24,1-5,2170,7,1-5-6,2560,9,1-5,2130,6
20250922,,11,予選特選,曇り,東,4,4,5,4,4105,松 下 直 也,14,21,6.86,4,0.21,,1-5-6,10150,24,1-5,2170,7,1-5-6,2560,9,1-5,2130,6
20250922,,11,予選特選,曇り,東,4,4,6,2,4248,岡 本 大,1,17,6.91,2,0.19,,1-5-6,10150,24,1-5,2170,7,1-5-6,2560,9,1-5,2130,6
20250922,,12,ドリーム戦,曇り,東,3,3,1,1,4236,松 村 敏,33,69,6.85,1,0.13,1.49.9,1-2-3,590,1,1-2,220,1,1-2-3,310,1,1-2,210,1
20250922,,12,ドリーム戦,曇り,東,3,3,2,2,4503,上 野 真之介,29,43,6.86,2,0.14,1.51.5,1-2-3,590,1,1-2,220,1,1-2-3,310,1,1-2,210,1
20250922,,12,ドリーム戦,曇り,東,3,3,3,3,4084,杉 山 正 樹,7,48,6.87,3,0.14,1.52.9,1-2-3,590,1,1-2,220,1,1-2-3,310,1,1-2,210,1
20250922,,12,ドリーム戦,曇り,東,3,3,4,5,4939,宮之原 輝 紀,27,61,6.87,5,0.11,1.53.0,1-2-3,590,1,1-2,220,1,1-2-3,310,1,1-2,210,1
20250922,,12,ドリーム戦,曇り,東,3,3,5,6,4451,松 崎 祐太郎,61,73,6.93,6,0.16,,1-2-3,590,1,1-2,220,1,1-2-3,310,1,1-2,210,1
20250922,,12,ドリーム戦,曇り,東,3,3,6,4,4535,北 山 康 介,49,36,6.86,4,0.12,,1-2-3,590,1,1-2,220,1,1-2-3,310,1,1-2,210,1
20250922,,1,予選,晴,南東,3,3,1,1,4244,鈴 木 成 美,59,57,6.72,1,0.10,1.49.8,1-2-6,3100,11,1-2,310,2,1-2-6,1790,7,1-2,230,1
20250922,,1,予選,晴,南東,3,3,2,2,4525,真 子 奈津実,21,18,6.73,2,0.07,1.50.9,1-2-6,3100,11,1-2,310,2,1-2-6,1790,7,1-2,230,1
20250922,,1,予選,晴,南東,3,3,3,6,4479,矢 野 真梨菜,50,43,6.77,5,0.08,1.52.3,1-2-6,3100,11,1-2,310,2,1-2-6,1790,7,1-2,230,1
20250922,,1,予選,晴,南東,3,3,4,5,4730,土 屋 実沙希,65,41,6.70,4,0.11,1.53.2,1-2-6,3100,11,1-2,310,2,1-2-6,1790,7,1-2,230,1
20250922,,1,予選,晴,南東,3,3,5,3,4534,坂 咲友理,12,62,6.73,3,0.13,,1-2-6,3100,11,1-2,310,2,1-2-6,1790,7,1-2,230,1
20250922,,1,予選,晴,南東,3,3,6,4,5227,川 原 愛 未,49,13,6.73,6,0.04,,1-2-6,3100,11,1-2,310,2,1-2-6,1790,7,1-2,230,1
20250922,,2,予選,晴,南東,3,3,1,2,4251,川 崎 誠 志,70,68,6.80,2,0.21,1.49.2,2-3-1,6240,36,2-3,1540,10,1-2-3,720,4,2-3,580,3
20250922,,2,予選,晴,南東,3,3,2,3,4623,中 北 将 史,36,65,6.75,3,0.13,1.50.7,2-3-1,6240,36,2-3,1540,10,1-2-3,720,4,2-3,580,3
20250922,,2,予選,晴,南東,3,3,3,1,4390,松 本 弓 雄,29,25,6.73,1,0.31,1.52.5,2-3-1,6240,36,2-3,1540,10,1-2-3,720,4,2-3,580,3
20250922,,2,予選,晴,南東,3,3,4,6,4000,松 本 博 昭,40,58,6.79,5,0.16,1.52.8,2-3-1,6240,36,2-3,1540,10,1-2-3,720,4,2-3,580,3
20250922,,2,予選,晴,南東,3,3,5,4,4523,中 村 辰 也,35,45,6.78,4,0.18,,2-3-1,6240,36,2-3,1540,10,1-2-3,720,4,2-3,580,3
20250922,,2,予選,晴,南東,3,3,6,5,5413,宮 城 那 菜,25,37,6.77,6,0.36,,2-3-1,6240,36,2-3,1540,10,1-2-3,720,4,2-3,580,3
20250922,,3,予選,晴,南東,2,2,1,1,4047,吉 永 浩 則,17,56,6.83,1,0.16,1.50.1,1-3-4,1270,2,1-3,740,2,1-3-4,520,3,1-3,650,5
20250922,,3,予選,晴,南東,2,2,2,3,3955,眞 田 英 二,45,19,6.86,3,0.20,1.50.9,1-3-4,1270,2,1-3,740,2,1-3-4,520,3,1-3,650,5
20250922,,3,予選,晴,南東,2,2,3,4,3256,三 角 哲 男,18,64,6.82,4,0.13,1.52.2,1-3-4,1270,2,1-3,740,2,1-3-4,520,3,1-3,650,5
20250922,,3,予選,晴,南東,2,2,4,2,3574,大 神 康 司,44,40,6.84,2,0.17,1.53.4,1-3-4,1270,2,1-3,740,2,1-3-4,520,3,1-3,650,5
20250922,,3,予選,晴,南東,2,2,5,5,3834,細 川 明 人,55,32,6.84,5,0.12,,1-3-4,1270,2,1-3,740,2,1-3-4,520,3,1-3,650,5
20250922,,3,予選,晴,南東,2,2,6,6,3346,宮 本 裕 之,27,26,6.85,6,0.09,,1-3-4,1270,2,1-3,740,2,1-3-4,520,3,1-3,650,5
20250922,,4,予選,晴,南東,2,2,1,5,4057,松 井 賢 治,46,34,6.75,4,0.18,1.50.1,5-3-1,20840,60,5-3,1700,11,1-3-5,1200,8,3-5,1200,6
20250922,,4,予選,晴,南東,2,2,2,3,4396,大 田 直 弥,22,31,6.79,2,0.16,1.51.1,5-3-1,20840,60,5-3,1700,11,1-3-5,1200,8,3-5,1200,6
20250922,,4,予選,晴,南東,2,2,3,1,4429,豊 田 泰 洋,15,70,6.77,1,0.20,1.52.8,5-3-1,20840,60,5-3,1700,11,1-3-5,1200,8,3-5,1200,6
20250922,,4,予選,晴,南東,2,2,4,6,4079,出 畑 孝 典,71,73,6.73,5,0.18,1.53.9,5-3-1,20840,60,5-3,1700,11,1-3-5,1200,8,3-5,1200,6
20250922,,4,予選,晴,南東,2,2,5,4,4043,桐 本 康 臣,66,44,6.83,3,0.17,,5-3-1,20840,60,5-3,1700,11,1-3-5,1200,8,3-5,1200,6
20250922,,5,シーモ戦,晴,南東,2,2,1,1,4318,桑 原 将 光,16,35,6.80,1,0.09,1.49.5,1-3-2,1610,7,1-3,990,4,1-2-3,200,1,1-3,540,2
20250922,,5,シーモ戦,晴,南東,2,2,2,3,5246,楠 将太郎,28,69,6.76,3,0.08,1.50.3,1-3-2,1610,7,1-3,990,4,1-2-3,200,1,1-3,540,2
20250922,,5,シーモ戦,晴,南東,2,2,3,2,4064,原 田 篤 志,41,29,6.78,2,0.11,1.51.9,1-3-2,1610,7,1-3,990,4,1-2-3,200,1,1-3,540,2
20250922,,5,シーモ戦,晴,南東,2,2,4,6,4580,長谷川 雅 和,63,27,6.85,6,0.15,1.53.9,1-3-2,1610,7,1-3,990,4,1-2-3,200,1,1-3,540,2
20250922,,5,シーモ戦,晴,南東,2,2,5,4,4234,野 相 弘 司,11,72,6.83,4,0.07,,1-3-2,1610,7,1-3,990,4,1-2-3,200,1,1-3,540,2
20250922,,5,シーモ戦,晴,南東,2,2,6,5,5103,芝 田 京 介,54,39,6.81,5,0.08,,1-3-2,1610,7,1-3,990,4,1-2-3,200,1,1-3,540,2
20250922,,6,予選,晴,南東,3,3,1,1,4529,嶋 義 信,69,50,6.79,1,0.12,1.49.2,1-4-2,1670,5,1-4,280,1,1-2-4,890,4,1-4,280,1
20250922,,6,予選,晴,南東,3,3,2,4,4643,近 江 翔 吾,61,52,6.83,4,0.07,1.51.4,1-4-2,1670,5,1-4,280,1,1-2-4,890,4,1-4,280,1
20250922,,6,予選,晴,南東,3,3,3,2,4534,坂 咲友理,12,62,6.72,2,0.22,1.52.6,1-4-2,1670,5,1-4,280,1,1-2-4,890,4,1-4,280,1
20250922,,6,予選,晴,南東,3,3,4,6,3915,繁野谷 圭 介,48,21,6.80,6,0.11,1.53.1,1-4-2,1670,5,1-4,280,1,1-2-4,890,4,1-4,280,1
20250922,,6,予選,晴,南東,3,3,5,3,4077,品 田 直 樹,42,53,6.76,3,0.10,,1-4-2,1670,5,1-4,280,1,1-2-4,890,4,1-4,280,1
20250922,,6,予選,晴,南東,3,3,6,5,4390,松 本 弓 雄,29,25,6.87,5,0.12,,1-4-2,1670,5,1-4,280,1,1-2-4,890,4,1-4,280,1
20250922,,7,ふく～る特賞,晴,東,2,2,1,3,4730,土 屋 実沙希,65,41,6.75,2,0.24,1.49.0,3-1-2,3670,13,3-1,1680,7,1-2-3,200,1,1-3,490,2
20250922,,7,ふく～る特賞,晴,東,2,2,2,1,5172,田 村 慶,57,48,6.77,1,0.19,1.50.5,3-1-2,3670,13,3-1,1680,7,1-2-3,200,1,1-3,490,2
20250922,,7,ふく～る特賞,晴,東,2,2,3,2,3813,佐 藤 大 介,51,59,6.79,3,0.21,1.52.4,3-1-2,3670,13,3-1,1680,7,1-2-3,200,1,1-3,490,2
20250922,,7,ふく～る特賞,晴,東,2,2,4,5,3792,田 中 豪,56,51,6.81,4,0.20,1.54.1,3-1-2,3670,13,3-1,1680,7,1-2-3,200,1,1-3,490,2
20250922,,7,ふく～る特賞,晴,東,2,2,5,6,3955,眞 田 英 二,45,19,6.83,5,0.22,,3-1-2,3670,13,3-1,1680,7,1-2-3,200,1,1-3,490,2
20250922,,7,ふく～る特賞,晴,東,2,2,6,4,5342,原 村 百 那,68,61,6.81,6,0.16,,3-1-2,3670,13,3-1,1680,7,1-2-3,200,1,1-3,490,2
20250922,,8,予選 進入固定,晴,東,3,3,1,1,3905,天 野 友 和,32,67,6.82,1,0.12,1.49.8,1-5-3,11910,30,1-5,1440,6,1-3-5,2580,7,1-5,860,3
20250922,,8,予選 進入固定,晴,東,3,3,2,5,4623,中 北 将 史,36,65,6.78,5,0.09,1.51.1,1-5-3,11910,30,1-5,1440,6,1-3-5,2580,7,1-5,860,3
20250922,,8,予選 進入固定,晴,東,3,3,3,3,3834,細 川 明 人,55,32,6.85,3,0.09,1.52.2,1-5-3,11910,30,1-5,1440,6,1-3-5,2580,7,1-5,860,3
20250922,,8,予選 進入固定,晴,東,3,3,4,4,3908,重 成 一 人,31,23,6.87,4,0.08,1.52.3,1-5-3,11910,30,1-5,1440,6,1-3-5,2580,7,1-5,860,3
20250922,,8,予選 進入固定,晴,東,3,3,5,2,4079,出 畑 孝 典,71,73,6.81,2,0.11,,1-5-3,11910,30,1-5,1440,6,1-3-5,2580,7,1-5,860,3
20250922,,8,予選 進入固定,晴,東,3,3,6,6,5418,堀 内 亜 海,24,55,6.82,6,0.13,,1-5-3,11910,30,1-5,1440,6,1-3-5,2580,7,1-5,860,3
20250922,,9,予選,晴,東,2,2,1,1,4057,松 井 賢 治,46,34,6.85,1,0.16,1.50.5,1-2-6,1720,6,1-2,420,2,1-2-6,910,5,1-2,410,3
20250922,,9,予選,晴,東,2,2,2,2,5246,楠 将太郎,28,69,6.85,2,0.21,1.51.1,1-2-6,1720,6,1-2,420,2,1-2-6,910,5,1-2,410,3
20250922,,9,予選,晴,東,2,2,3,6,4189,川 上 剛,62,16,6.85,6,0.24,1.52.2,1-2-6,1720,6,1-2,420,2,1-2-6,910,5,1-2,410,3
20250922,,9,予選,晴,東,2,2,4,5,4118,宇佐見 淳,33,46,6.83,5,0.18,1.53.3,1-2-6,1720,6,1-2,420,2,1-2-6,910,5,1-2,410,3
20250922,,9,予選,晴,東,2,2,5,4,4244,鈴 木 成 美,59,57,6.83,4,0.17,,1-2-6,1720,6,1-2,420,2,1-2-6,910,5,1-2,410,3
20250922,,9,予選,晴,東,2,2,6,3,3346,宮 本 裕 之,27,26,6.89,3,0.18,,1-2-6,1720,6,1-2,420,2,1-2-6,910,5,1-2,410,3
20250922,,10,一般特賞,晴,東,3,3,1,2,4318,桑 原 将 光,16,35,6.83,2,0.13,1.49.3,2-5-1,8250,25,2-5,4800,14,1-2-5,390,3,2-5,1610,7
20250922,,10,一般特賞,晴,東,3,3,2,5,4643,近 江 翔 吾,61,52,6.79,5,0.13,1.50.2,2-5-1,8250,25,2-5,4800,14,1-2-5,390,3,2-5,1610,7
20250922,,10,一般特賞,晴,東,3,3,3,1,3256,三 角 哲 男,18,64,6.84,1,0.13,1.51.8,2-5-1,8250,25,2-5,4800,14,1-2-5,390,3,2-5,1610,7
20250922,,10,一般特賞,晴,東,3,3,4,3,4000,松 本 博 昭,40,58,6.81,3,0.09,1.53.4,2-5-1,8250,25,2-5,4800,14,1-2-5,390,3,2-5,1610,7
20250922,,10,一般特賞,晴,東,3,3,5,4,4525,真 子 奈津実,21,18,6.78,4,0.09,,2-5-1,8250,25,2-5,4800,14,1-2-5,390,3,2-5,1610,7
20250922,,11,一般特選,晴,東,2,2,1,1,4064,原 田 篤 志,41,29,6.84,1,0.02,1.49.4,1-3-4,1340,8,1-3,310,2,1-3-4,890,6,1-3,350,3
20250922,,11,一般特選,晴,東,2,2,2,3,3574,大 神 康 司,44,40,6.90,2,0.07,1.50.7,1-3-4,1340,8,1-3,310,2,1-3-4,890,6,1-3,350,3
20250922,,11,一般特選,晴,東,2,2,3,4,4396,大 田 直 弥,22,31,6.91,4,0.14,1.52.5,1-3-4,1340,8,1-3,310,2,1-3-4,890,6,1-3,350,3
20250922,,11,一般特選,晴,東,2,2,4,2,4529,嶋 義 信,69,50,6.88,3,0.09,1.52.9,1-3-4,1340,8,1-3,310,2,1-3-4,890,6,1-3,350,3
20250922,,11,一般特選,晴,東,2,2,5,5,3813,佐 藤 大 介,51,59,6.86,5,0.12,,1-3-4,1340,8,1-3,310,2,1-3-4,890,6,1-3,350,3
20250922,,11,一般特選,晴,東,2,2,6,6,4251,川 崎 誠 志,70,68,6.86,6,0.17,,1-3-4,1340,8,1-3,310,2,1-3-4,890,6,1-3,350,3
20250922,,12,一般シーボー,晴,東,3,3,1,1,3908,重 成 一 人,31,23,6.85,1,0.12,1.48.5,1-2-3,760,2,1-2,240,1,1-2-3,390,1,1-2,230,1
20250922,,12,一般シーボー,晴,東,3,3,2,2,4523,中 村 辰 也,35,45,6.81,2,0.11,1.50.2,1-2-3,760,2,1-2,240,1,1-2-3,390,1,1-2,230,1
20250922,,12,一般シーボー,晴,東,3,3,3,3,3915,繁野谷 圭 介,48,21,6.88,3,0.15,1.51.8,1-2-3,760,2,1-2,240,1,1-2-3,390,1,1-2,230,1
20250922,,12,一般シーボー,晴,東,3,3,4,5,5172,田 村 慶,57,48,6.81,5,0.17,1.52.9,1-2-3,760,2,1-2,240,1,1-2-3,390,1,1-2,230,1
20250922,,12,一般シーボー,晴,東,3,3,5,4,4580,長谷川 雅 和,63,27,6.90,4,0.21,,1-2-3,760,2,1-2,240,1,1-2-3,390,1,1-2,230,1
20250922,,12,一般シーボー,晴,東,3,3,6,6,4043,桐 本 康 臣,66,44,6.85,6,0.18,,1-2-3,760,2,1-2,240,1,1-2-3,390,1,1-2,230,1
20250922,,1,予選,晴,北東,1,1,1,1,4601,森 野 正 弘,70,63,6.80,1,0.22,1.54.0,1-2-4,630,1,1-2,340,2,1-2-4,340,1,1-2,250,2
20250922,,1,予選,晴,北東,1,1,2,2,3361,岡 部 浩,72,57,6.86,2,0.19,1.56.4,1-2-4,630,1,1-2,340,2,1-2-4,340,1,1-2,250,2
20250922,,1,予選,晴,北東,1,1,3,4,4943,八 木 治 樹,13,30,6.80,4,0.21,1.57.8,1-2-4,630,1,1-2,340,2,1-2-4,340,1,1-2,250,2
20250922,,1,予選,晴,北東,1,1,4,3,3226,浦 田 信 義,36,26,6.84,3,0.22,1.59.4,1-2-4,630,1,1-2,340,2,1-2-4,340,1,1-2,250,2
20250922,,1,予選,晴,北東,1,1,5,5,5328,井 上 慧 人,84,73,6.84,5,0.24,,1-2-4,630,1,1-2,340,2,1-2-4,340,1,1-2,250,2
20250922,,2,予選,晴,北西,2,2,1,1,4413,水 摩 敦,80,21,6.86,1,0.17,1.49.8,1-2-4,3800,12,1-2,1050,3,1-2-4,1120,5,1-2,1100,5
20250922,,2,予選,晴,北西,2,2,2,2,5262,鈴 木 章 司,59,35,6.89,2,0.16,1.50.2,1-2-4,3800,12,1-2,1050,3,1-2-4,1120,5,1-2,1100,5
20250922,,2,予選,晴,北西,2,2,3,4,3841,佐々木 和 伸,19,77,6.74,4,0.14,1.52.1,1-2-4,3800,12,1-2,1050,3,1-2-4,1120,5,1-2,1100,5
20250922,,2,予選,晴,北西,2,2,4,6,4068,幸 田 智 裕,39,17,6.83,5,0.19,1.53.2,1-2-4,3800,12,1-2,1050,3,1-2-4,1120,5,1-2,1100,5
20250922,,2,予選,晴,北西,2,2,5,3,3349,吉 田 一 郎,25,66,6.78,3,0.15,,1-2-4,3800,12,1-2,1050,3,1-2-4,1120,5,1-2,1100,5
20250922,,2,予選,晴,北西,2,2,6,5,4619,伏 田 裕 隆,53,69,6.64,6,0.19,,1-2-4,3800,12,1-2,1050,3,1-2-4,1120,5,1-2,1100,5
20250922,,3,予選,晴,北,2,2,1,1,3333,丸 尾 義 孝,71,36,6.85,1,0.09,1.49.0,1-4-2,610,1,1-4,260,1,1-2-4,270,1,1-4,160,1
20250922,,3,予選,晴,北,2,2,2,4,4364,池 永 太,52,65,6.93,4,0.11,1.49.5,1-4-2,610,1,1-4,260,1,1-2-4,270,1,1-4,160,1
20250922,,3,予選,晴,北,2,2,3,2,4327,加 藤 翔,20,54,6.79,2,0.14,1.51.7,1-4-2,610,1,1-4,260,1,1-2-4,270,1,1-4,160,1
20250922,,3,予選,晴,北,2,2,4,3,3054,北 川 幸 典,65,71,6.89,3,0.20,1.53.5,1-4-2,610,1,1-4,260,1,1-2-4,270,1,1-4,160,1
20250922,,3,予選,晴,北,2,2,5,5,5374,木 山 大 聖,37,56,6.90,5,0.14,,1-4-2,610,1,1-4,260,1,1-2-4,270,1,1-4,160,1
20250922,,3,予選,晴,北,2,2,6,6,3535,渡 修 平,55,29,6.88,6,0.15,,1-4-2,610,1,1-4,260,1,1-2-4,270,1,1-4,160,1
20250922,,4,予選,晴,北,1,1,1,1,4514,上 條 嘉 嗣,78,27,6.78,1,0.10,1.49.0,1-4-5,2470,9,1-4,530,2,1-4-5,1460,5,1-4,700,3
20250922,,4,予選,晴,北,1,1,2,4,4979,中 野 夢 斗,68,28,6.87,4,0.18,1.50.5,1-4-5,2470,9,1-4,530,2,1-4-5,1460,5,1-4,700,3
20250922,,4,予選,晴,北,1,1,3,5,4214,林 祐 介,75,68,6.83,5,0.16,1.51.9,1-4-5,2470,9,1-4,530,2,1-4-5,1460,5,1-4,700,3
20250922,,4,予選,晴,北,1,1,4,3,3814,金 子 貴 志,51,38,6.93,3,0.14,1.53.4,1-4-5,2470,9,1-4,530,2,1-4-5,1460,5,1-4,700,3
20250922,,4,予選,晴,北,1,1,5,6,5398,鐘ヶ江 真 司,60,37,6.74,6,0.17,,1-4-5,2470,9,1-4,530,2,1-4-5,1460,5,1-4,700,3
20250922,,4,予選,晴,北,1,1,6,2,5278,田 中 駿 兵,23,22,6.79,2,0.11,,1-4-5,2470,9,1-4,530,2,1-4-5,1460,5,1-4,700,3
20250922,,5,予選,晴,東,2,2,1,1,3826,村 田 修 次,76,70,6.75,1,0.11,1.48.1,1-2-4,620,1,1-2,240,1,1-2-4,300,1,1-2,150,1
20250922,,5,予選,晴,東,2,2,2,2,4055,吉 田 俊 彦,54,60,6.92,2,0.14,1.50.8,1-2-4,620,1,1-2,240,1,1-2-4,300,1,1-2,150,1
20250922,,5,予選,晴,東,2,2,3,4,4148,枝 尾 賢,83,64,6.80,4,0.17,1.52.1,1-2-4,620,1,1-2,240,1,1-2-4,300,1,1-2,150,1
20250922,,5,予選,晴,東,2,2,4,6,4263,武 重 雄 介,38,74,6.79,6,0.19,1.53.1,1-2-4,620,1,1-2,240,1,1-2-4,300,1,1-2,150,1
20250922,,5,予選,晴,東,2,2,5,3,4636,赤 池 修 平,24,62,6.80,3,0.16,,1-2-4,620,1,1-2,240,1,1-2-4,300,1,1-2,150,1
20250922,,5,予選,晴,東,2,2,6,5,5261,岡 暢 祐,30,25,6.92,5,0.19,,1-2-4,620,1,1-2,240,1,1-2-4,300,1,1-2,150,1
20250922,,6,予選,晴,北,1,1,1,1,4151,下 河 誉 史,57,78,6.78,1,0.11,1.48.7,1-3-2,4480,18,1-3,570,3,1-2-3,1770,7,1-3,270,2
20250922,,6,予選,晴,北,1,1,2,3,3081,岡 本 慎 治,74,12,6.84,3,0.15,1.51.3,1-3-2,4480,18,1-3,570,3,1-2-3,1770,7,1-3,270,2
20250922,,6,予選,晴,北,1,1,3,2,5011,高 木 圭 大,77,82,6.89,2,0.14,1.51.8,1-3-2,4480,18,1-3,570,3,1-2-3,1770,7,1-3,270,2
20250922,,6,予選,晴,北,1,1,4,5,5262,鈴 木 章 司,59,35,6.88,5,0.19,1.52.2,1-3-2,4480,18,1-3,570,3,1-2-3,1770,7,1-3,270,2
20250922,,6,予選,晴,北,1,1,5,4,4013,中 島 孝 平,50,55,6.86,4,0.16,,1-3-2,4480,18,1-3,570,3,1-2-3,1770,7,1-3,270,2
20250922,,6,予選,晴,北,1,1,6,6,3361,岡 部 浩,72,57,6.86,6,0.21,,1-3-2,4480,18,1-3,570,3,1-2-3,1770,7,1-3,270,2
20250922,,7,予選,晴,東,2,2,1,3,4163,山 崎 裕 司,35,52,6.73,3,0.27,1.49.5,3-1-2,3990,15,3-1,1130,4,1-2-3,190,1,1-3,500,2
20250922,,7,予選,晴,東,2,2,2,1,3843,上 之 晃 弘,34,61,6.78,1,0.26,1.50.8,3-1-2,3990,15,3-1,1130,4,1-2-3,190,1,1-3,500,2
20250922,,7,予選,晴,東,2,2,3,2,4124,池 田 雄 一,26,13,6.79,2,0.27,1.52.0,3-1-2,3990,15,3-1,1130,4,1-2-3,190,1,1-3,500,2
20250922,,7,予選,晴,東,2,2,4,6,5374,木 山 大 聖,37,56,6.73,6,0.21,1.52.9,3-1-2,3990,15,3-1,1130,4,1-2-3,190,1,1-3,500,2
20250922,,7,予選,晴,東,2,2,5,5,3841,佐々木 和 伸,19,77,6.87,5,0.20,,3-1-2,3990,15,3-1,1130,4,1-2-3,190,1,1-3,500,2
20250922,,7,予選,晴,東,2,2,6,4,5061,中 村 駿 平,28,14,6.87,4,0.21,,3-1-2,3990,15,3-1,1130,4,1-2-3,190,1,1-3,500,2
20250922,,8,予選,晴,北,1,1,1,5,4973,栗 原 直 也,69,50,6.83,4,0.19,1.48.3,5-6-2,3510,19,5-6,1730,10,2-5-6,770,3,5-6,740,4
20250922,,8,予選,晴,北,1,1,2,6,3822,平 尾 崇 典,61,59,6.84,5,0.29,1.50.5,5-6-2,3510,19,5-6,1730,10,2-5-6,770,3,5-6,740,4
20250922,,8,予選,晴,北,1,1,3,2,5102,原 田 雄 次,31,83,6.65,2,0.26,1.52.4,5-6-2,3510,19,5-6,1730,10,2-5-6,770,3,5-6,740,4
20250922,,8,予選,晴,北,1,1,4,1,3814,金 子 貴 志,51,38,6.87,1,0.29,1.53.6,5-6-2,3510,19,5-6,1730,10,2-5-6,770,3,5-6,740,4
20250922,,8,予選,晴,北,1,1,5,3,3535,渡 修 平,55,29,6.89,3,0.28,,5-6-2,3510,19,5-6,1730,10,2-5-6,770,3,5-6,740,4
20250922,,9,特賞,晴,北,1,1,1,6,3349,吉 田 一 郎,25,66,6.86,2,0.16,1.48.0,6-3-4,4320,10,6-3,2320,17,3-4-6,660,2,3-6,1030,4
20250922,,9,特賞,晴,北,1,1,2,3,3987,後 藤 正 宗,82,23,6.84,4,0.20,1.50.9,6-3-4,4320,10,6-3,2320,17,3-4-6,660,2,3-6,1030,4
20250922,,9,特賞,晴,北,1,1,3,4,4263,武 重 雄 介,38,74,6.84,5,0.18,1.51.6,6-3-4,4320,10,6-3,2320,17,3-4-6,660,2,3-6,1030,4
20250922,,9,特賞,晴,北,1,1,4,2,4485,楠 原 正 剛,32,31,6.82,3,0.20,1.52.1,6-3-4,4320,10,6-3,2320,17,3-4-6,660,2,3-6,1030,4
20250922,,9,特賞,晴,北,1,1,5,1,3226,浦 田 信 義,36,26,6.85,1,0.21,,6-3-4,4320,10,6-3,2320,17,3-4-6,660,2,3-6,1030,4
20250922,,9,特賞,晴,北,1,1,6,5,4979,中 野 夢 斗,68,28,6.97,6,0.19,,6-3-4,4320,10,6-3,2320,17,3-4-6,660,2,3-6,1030,4
20250922,,10,特賞,晴,北,1,1,1,3,4068,幸 田 智 裕,39,17,6.79,3,0.19,1.48.7,3-6-2,20590,95,3-6,3730,19,2-3-6,3190,19,3-6,2290,12
20250922,,10,特賞,晴,北,1,1,2,6,4055,吉 田 俊 彦,54,60,6.81,5,0.19,1.49.6,3-6-2,20590,95,3-6,3730,19,2-3-6,3190,19,3-6,2290,12
20250922,,10,特賞,晴,北,1,1,3,2,4943,八 木 治 樹,13,30,6.82,2,0.17,1.51.3,3-6-2,20590,95,3-6,3730,19,2-3-6,3190,19,3-6,2290,12
20250922,,10,特賞,晴,北,1,1,4,5,5278,田 中 駿 兵,23,22,6.83,6,0.11,1.51.5,3-6-2,20590,95,3-6,3730,19,2-3-6,3190,19,3-6,2290,12
20250922,,10,特賞,晴,北,1,1,5,1,3054,北 川 幸 典,65,71,6.77,1,0.31,,3-6-2,20590,95,3-6,3730,19,2-3-6,3190,19,3-6,2290,12
20250922,,10,特賞,晴,北,1,1,6,4,4151,下 河 誉 史,57,78,6.79,4,0.19,,3-6-2,20590,95,3-6,3730,19,2-3-6,3190,19,3-6,2290,12
20250922,,11,特選,晴,北,2,2,1,2,4214,林 祐 介,75,68,6.80,1,0.09,1.48.3,2-5-3,2160,7,2-5,1080,4,2-3-5,590,5,2-5,930,4
20250922,,11,特選,晴,北,2,2,2,5,3826,村 田 修 次,76,70,6.82,4,0.08,1.49.3,2-5-3,2160,7,2-5,1080,4,2-3-5,590,5,2-5,930,4
20250922,,11,特選,晴,北,2,2,3,3,3333,丸 尾 義 孝,71,36,6.75,2,0.11,1.52.0,2-5-3,2160,7,2-5,1080,4,2-3-5,590,5,2-5,930,4
20250922,,11,特選,晴,北,2,2,4,4,4413,水 摩 敦,80,21,6.85,3,0.11,1.53.0,2-5-3,2160,7,2-5,1080,4,2-3-5,590,5,2-5,930,4
20250922,,11,特選,晴,北,2,2,5,6,4163,山 崎 裕 司,35,52,6.68,5,0.13,,2-5-3,2160,7,2-5,1080,4,2-3-5,590,5,2-5,930,4
20250922,びわこ,12,ドリーム戦,晴,北西,1,1,1,1,4013,中 島 孝 平,50,55,6.78,1,0.13,1.48.0,1-5-2,2910,11,1-5,880,4,1-2-5,830,5,1-5,1070,4
20250922,びわこ,12,ドリーム戦,晴,北西,1,1,2,5,4514,上 條 嘉 嗣,78,27,6.93,5,0.16,1.49.5,1-5-2,2910,11,1-5,880,4,1-2-5,830,5,1-5,1070,4
20250922,びわこ,12,ドリーム戦,晴,北西,1,1,3,2,3822,平 尾 崇 典,61,59,6.78,2,0.14,1.50.2,1-5-2,2910,11,1-5,880,4,1-2-5,830,5,1-5,1070,4
20250922,びわこ,12,ドリーム戦,晴,北西,1,1,4,3,4364,池 永 太,52,65,6.89,3,0.17,1.51.1,1-5-2,2910,11,1-5,880,4,1-2-5,830,5,1-5,1070,4
20250922,びわこ,12,ドリーム戦,晴,北西,1,1,5,4,4601,森 野 正 弘,70,63,6.90,4,0.15,,1-5-2,2910,11,1-5,880,4,1-2-5,830,5,1-5,1070,4
20250922,びわこ,12,ドリーム戦,晴,北西,1,1,6,6,4124,池 田 雄 一,26,13,6.88,6,0.19,,1-5-2,2910,11,1-5,880,4,1-2-5,830,5,1-5,1070,4
20250922,びわこ,1,一般,晴,北東,5,4,1,3,4787,椎 名 豊,62,67,6.56,3,0.11,1.48.8,3-1-6,6170,24,3-1,680,4,1-3-6,2000,7,1-3,220,1
20250922,びわこ,1,一般,晴,北東,5,4,2,1,4459,片 岡 雅 裕,43,12,6.67,1,0.12,1.49.7,3-1-6,6170,24,3-1,680,4,1-3-6,2000,7,1-3,220,1
20250922,びわこ,1,一般,晴,北東,5,4,3,6,4483,北 野 輝 季,50,13,6.62,6,0.17,1.51.4,3-1-6,6170,24,3-1,680,4,1-3-6,2000,7,1-3,220,1
20250922,びわこ,1,一般,晴,北東,5,4,4,2,4743,木 村 仁 紀,61,26,6.68,2,0.12,1.52.8,3-1-6,6170,24,3-1,680,4,1-3-6,2000,7,1-3,220,1
20250922,びわこ,1,一般,晴,北東,5,4,5,5,4524,深 谷 知 博,58,64,6.61,5,0.13,,3-1-6,6170,24,3-1,680,4,1-3-6,2000,7,1-3,220,1
20250922,びわこ,1,一般,晴,北東,5,4,6,4,4761,山 田 晃 大,38,32,6.76,4,0.17,,3-1-6,6170,24,3-1,680,4,1-3-6,2000,7,1-3,220,1
20250922,びわこ,2,一般,晴,北東,4,4,1,2,3721,守 田 俊 介,33,17,6.78,2,0.08,1.49.4,2-1-3,1280,4,2-1,600,3,1-2-3,220,1,1-2,180,1
20250922,びわこ,2,一般,晴,北東,4,4,2,1,4734,安河内 将,32,41,6.79,1,0.06,1.50.8,2-1-3,1280,4,2-1,600,3,1-2-3,220,1,1-2,180,1
20250922,びわこ,2,一般,晴,北東,4,4,3,3,3854,吉 川 元 浩,46,59,6.75,3,0.06,1.51.5,2-1-3,1280,4,2-1,600,3,1-2-3,220,1,1-2,180,1
20250922,びわこ,2,一般,晴,北東,4,4,4,6,4137,君 島 秀 三,12,70,6.67,6,0.05,1.52.3,2-1-3,1280,4,2-1,600,3,1-2-3,220,1,1-2,180,1
20250922,びわこ,2,一般,晴,北東,4,4,5,5,4361,柳 生 泰 二,47,44,6.78,5,0.12,,2-1-3,1280,4,2-1,600,3,1-2-3,220,1,1-2,180,1
20250922,びわこ,2,一般,晴,北東,4,4,6,4,4297,山 田 哲 也,68,73,6.77,4,0.08,,2-1-3,1280,4,2-1,600,3,1-2-3,220,1,1-2,180,1
20250922,びわこ,3,一般,晴,北東,4,3,1,1,4427,秦 英 悟,71,50,6.68,1,0.13,1.48.1,1-3-5,1030,3,1-3,290,1,1-3-5,390,2,1-3,260,1
20250922,びわこ,3,一般,晴,北東,4,3,2,3,4205,山 口 剛,11,60,6.64,3,0.09,1.48.6,1-3-5,1030,3,1-3,290,1,1-3-5,390,2,1-3,260,1
20250922,びわこ,3,一般,晴,北東,4,3,3,5,4686,丸 野 一 樹,41,33,6.76,5,0.15,1.50.7,1-3-5,1030,3,1-3,290,1,1-3-5,390,2,1-3,260,1
20250922,びわこ,3,一般,晴,北東,4,3,4,2,3983,須 藤 博 倫,45,20,6.64,2,0.10,1.51.9,1-3-5,1030,3,1-3,290,1,1-3-5,390,2,1-3,260,1
20250922,びわこ,3,一般,晴,北東,4,3,5,4,4539,金 子 賢 志,73,35,6.75,4,0.14,,1-3-5,1030,3,1-3,290,1,1-3-5,390,2,1-3,260,1
20250922,びわこ,3,一般,晴,北東,4,3,6,6,4772,石 丸 海 渡,36,39,6.74,6,0.16,,1-3-5,1030,3,1-3,290,1,1-3-5,390,2,1-3,260,1
20250922,びわこ,4,一般,晴,北東,4,3,1,1,4044,湯 川 浩 司,51,69,6.57,1,0.16,1.47.9,1-3-2,850,2,1-3,310,1,1-2-3,310,1,1-3,210,1
20250922,びわこ,4,一般,晴,北東,4,3,2,3,4573,佐 藤 翼,30,62,6.69,3,0.11,1.49.8,1-3-2,850,2,1-3,310,1,1-2-3,310,1,1-3,210,1
20250922,びわこ,4,一般,晴,北東,4,3,3,2,4335,若 林 将,20,51,6.72,2,0.11,1.51.5,1-3-2,850,2,1-3,310,1,1-2-3,310,1,1-3,210,1
20250922,びわこ,4,一般,晴,北東,4,3,4,5,4482,守 屋 美 穂,56,55,6.70,5,0.16,1.52.8,1-3-2,850,2,1-3,310,1,1-2-3,310,1,1-3,210,1
20250922,びわこ,4,一般,晴,北東,4,3,5,4,4776,竹 田 和 哉,23,16,6.71,4,0.07,,1-3-2,850,2,1-3,310,1,1-2-3,310,1,1-3,210,1
20250922,びわこ,4,一般,晴,北東,4,3,6,6,4828,松 山 将 吾,14,18,6.64,6,0.17,,1-3-2,850,2,1-3,310,1,1-2-3,310,1,1-3,210,1
20250922,びわこ,5,一般,晴,北東,3,3,1,1,4502,遠 藤 エ ミ,21,15,6.67,1,0.14,1.47.7,1-3-5,930,3,1-3,360,2,1-3-5,450,2,1-3,310,2
20250922,びわこ,5,一般,晴,北東,3,3,2,3,4851,関 浩 哉,55,53,6.66,3,0.20,1.49.5,1-3-5,930,3,1-3,360,2,1-3-5,450,2,1-3,310,2
20250922,びわこ,5,一般,晴,北東,3,3,3,5,4787,椎 名 豊,62,67,6.68,5,0.21,1.50.7,1-3-5,930,3,1-3,360,2,1-3-5,450,2,1-3,310,2
20250922,びわこ,5,一般,晴,北東,3,3,4,2,4604,岩 瀬 裕 亮,65,49,6.68,2,0.19,1.51.4,1-3-5,930,3,1-3,360,2,1-3-5,450,2,1-3,310,2
20250922,びわこ,5,一般,晴,北東,3,3,5,4,4042,丸 岡 正 典,37,47,6.64,4,0.23,,1-3-5,930,3,1-3,360,2,1-3-5,450,2,1-3,310,2
20250922,びわこ,5,一般,晴,北東,3,3,6,6,4256,渡 辺 浩 司,15,71,6.74,6,0.28,,1-3-5,930,3,1-3,360,2,1-3-5,450,2,1-3,310,2
20250922,びわこ,6,一般,晴,東,1,1,1,1,4262,馬 場 貴 也,64,45,6.56,1,0.11,1.47.3,1-4-5,1610,9,1-4,420,3,1-4-5,1000,6,1-4,460,3
20250922,びわこ,6,一般,晴,東,1,1,2,4,4512,高 野 哲 史,34,43,6.65,4,0.11,1.49.1,1-4-5,1610,9,1-4,420,3,1-4-5,1000,6,1-4,460,3
20250922,びわこ,6,一般,晴,東,1,1,3,5,3959,坪 井 康 晴,29,29,6.56,5,0.10,1.51.2,1-4-5,1610,9,1-4,420,3,1-4-5,1000,6,1-4,460,3
20250922,びわこ,6,一般,晴,東,1,1,4,2,4290,稲 田 浩 二,53,40,6.56,2,0.06,1.52.2,1-4-5,1610,9,1-4,420,3,1-4-5,1000,6,1-4,460,3
20250922,びわこ,6,一般,晴,東,1,1,5,3,4350,篠 崎 元 志,18,31,6.69,3,0.20,,1-4-5,1610,9,1-4,420,3,1-4-5,1000,6,1-4,460,3
20250922,びわこ,6,一般,晴,東,1,1,6,6,4761,山 田 晃 大,38,32,6.65,6,0.15,,1-4-5,1610,9,1-4,420,3,1-4-5,1000,6,1-4,460,3
20250922,びわこ,7,一般,晴,北東,2,2,1,2,4686,丸 野 一 樹,41,33,6.58,2,0.13,1.48.9,2-1-4,1340,4,2-1,620,4,1-2-4,240,1,1-2,220,1
20250922,びわこ,7,一般,晴,北東,2,2,2,1,4237,大 峯 豊,49,72,6.63,1,0.23,1.50.3,2-1-4,1340,4,2-1,620,4,1-2-4,240,1,1-2,220,1
20250922,びわこ,7,一般,晴,北東,2,2,3,4,4524,深 谷 知 博,58,64,6.65,4,0.26,1.50.7,2-1-4,1340,4,2-1,620,4,1-2-4,240,1,1-2,220,1
20250922,びわこ,7,一般,晴,北東,2,2,4,3,4297,山 田 哲 也,68,73,6.66,3,0.07,1.53.2,2-1-4,1340,4,2-1,620,4,1-2-4,240,1,1-2,220,1
20250922,びわこ,7,一般,晴,北東,2,2,5,6,4547,中 田 竜 太,24,19,6.65,6,0.32,,2-1-4,1340,4,2-1,620,4,1-2-4,240,1,1-2,220,1
20250922,びわこ,7,一般,晴,北東,2,2,6,5,4033,伊 藤 将 吉,72,37,6.69,5,0.37,,2-1-4,1340,4,2-1,620,4,1-2-4,240,1,1-2,220,1
20250922,びわこ,8,一般,晴,北,2,2,1,1,4682,大 上 卓 人,69,48,6.73,1,0.12,1.47.8,1-3-2,1150,4,1-3,500,2,1-2-3,440,2,1-3,270,1
20250922,びわこ,8,一般,晴,北,2,2,2,3,4743,木 村 仁 紀,61,26,6.72,3,0.08,1.49.3,1-3-2,1150,4,1-3,500,2,1-2-3,440,2,1-3,270,1
20250922,びわこ,8,一般,晴,北,2,2,3,2,4337,平 本 真 之,63,21,6.64,2,0.14,1.49.5,1-3-2,1150,4,1-3,500,2,1-2-3,440,2,1-3,270,1
20250922,びわこ,8,一般,晴,北,2,2,4,6,3897,白 井 英 治,16,11,6.68,6,0.16,1.51.5,1-3-2,1150,4,1-3,500,2,1-2-3,440,2,1-3,270,1
20250922,びわこ,8,一般,晴,北,2,2,5,4,3854,吉 川 元 浩,46,59,6.68,4,0.09,,1-3-2,1150,4,1-3,500,2,1-2-3,440,2,1-3,270,1
20250922,びわこ,8,一般,晴,北,2,2,6,5,3983,須 藤 博 倫,45,20,6.67,5,0.11,,1-3-2,1150,4,1-3,500,2,1-2-3,440,2,1-3,270,1
20250922,びわこ,9,一般,晴,北東,2,2,1,1,3415,松 井 繁,26,66,6.70,1,0.09,1.48.8,1-2-3,990,1,1-2,350,1,1-2-3,360,1,1-2,360,1
20250922,びわこ,9,一般,晴,北東,2,2,2,2,4539,金 子 賢 志,73,35,6.61,2,0.08,1.49.5,1-2-3,990,1,1-2,350,1,1-2-3,360,1,1-2,360,1
20250922,びわこ,9,一般,晴,北東,2,2,3,3,4361,柳 生 泰 二,47,44,6.73,3,0.13,1.50.6,1-2-3,990,1,1-2,350,1,1-2-3,360,1,1-2,360,1
20250922,びわこ,9,一般,晴,北東,2,2,4,4,4335,若 林 将,20,51,6.79,4,0.13,1.51.0,1-2-3,990,1,1-2,350,1,1-2-3,360,1,1-2,360,1
20250922,びわこ,9,一般,晴,北東,2,2,5,5,4546,浜 田 亜理沙,57,61,6.70,5,0.18,,1-2-3,990,1,1-2,350,1,1-2-3,360,1,1-2,360,1
20250922,びわこ,9,一般,晴,北東,2,2,6,6,4771,下 寺 秀 和,67,68,6.54,6,0.24,,1-2-3,990,1,1-2,350,1,1-2-3,360,1,1-2,360,1
20250922,びわこ,10,特別選抜戦,晴,北東,3,3,1,1,4776,竹 田 和 哉,23,16,6.65,1,0.09,1.47.9,1-2-4,820,1,1-2,280,1,1-2-4,310,1,1-2,190,1
20250922,びわこ,10,特別選抜戦,晴,北東,3,3,2,2,4262,馬 場 貴 也,64,45,6.63,2,0.12,1.49.3,1-2-4,820,1,1-2,280,1,1-2-4,310,1,1-2,190,1
20250922,びわこ,10,特別選抜戦,晴,北東,3,3,3,4,4502,遠 藤 エ ミ,21,15,6.66,4,0.16,1.50.2,1-2-4,820,1,1-2,280,1,1-2-4,310,1,1-2,190,1
20250922,びわこ,10,特別選抜戦,晴,北東,3,3,4,5,4427,秦 英 悟,71,50,6.63,5,0.19,1.51.3,1-2-4,820,1,1-2,280,1,1-2-4,310,1,1-2,190,1
20250922,びわこ,10,特別選抜戦,晴,北東,3,3,5,3,4734,安河内 将,32,41,6.69,3,0.14,,1-2-4,820,1,1-2,280,1,1-2-4,310,1,1-2,190,1
20250922,びわこ,10,特別選抜戦,晴,北東,3,3,6,6,4459,片 岡 雅 裕,43,12,6.68,6,0.15,,1-2-4,820,1,1-2,280,1,1-2-4,310,1,1-2,190,1
20250922,びわこ,11,特別選抜戦,晴,北東,3,3,1,1,4512,高 野 哲 史,34,43,6.59,1,0.16,1.48.2,1-3-2,960,2,1-3,340,1,1-2-3,320,1,1-3,330,2
20250922,びわこ,11,特別選抜戦,晴,北東,3,3,2,3,3721,守 田 俊 介,33,17,6.92,3,0.12,1.50.0,1-3-2,960,2,1-3,340,1,1-2-3,320,1,1-3,330,2
20250922,びわこ,11,特別選抜戦,晴,北東,3,3,3,2,4205,山 口 剛,11,60,6.61,2,0.14,1.50.7,1-3-2,960,2,1-3,340,1,1-2-3,320,1,1-3,330,2
20250922,びわこ,11,特別選抜戦,晴,北東,3,3,4,6,4851,関 浩 哉,55,53,6.67,6,0.16,1.51.5,1-3-2,960,2,1-3,340,1,1-2-3,320,1,1-3,330,2
20250922,びわこ,11,特別選抜戦,晴,北東,3,3,5,5,4237,大 峯 豊,49,72,6.72,5,0.16,,1-3-2,960,2,1-3,340,1,1-2-3,320,1,1-3,330,2
20250922,びわこ,11,特別選抜戦,晴,北東,3,3,6,4,4044,湯 川 浩 司,51,69,6.53,4,0.15,,1-3-2,960,2,1-3,340,1,1-2-3,320,1,1-3,330,2
20250922,びわこ,12,優勝戦,晴,北東,4,3,1,1,4719,上 條 暢 嵩,35,23,6.71,1,0.08,1.47.5,1-3-5,2010,9,1-3,530,3,1-3-5,1120,6,1-3,500,3
20250922,びわこ,12,優勝戦,晴,北東,4,3,2,3,4477,篠 崎 仁 志,17,14,6.70,3,0.11,1.49.5,1-3-5,2010,9,1-3,530,3,1-3-5,1120,6,1-3,500,3
20250922,びわこ,12,優勝戦,晴,北東,4,3,3,5,4500,山 田 康 二,28,65,6.63,5,0.07,1.50.8,1-3-5,2010,9,1-3,530,3,1-3-5,1120,6,1-3,500,3
20250922,びわこ,12,優勝戦,晴,北東,4,3,4,2,4448,青 木 玄 太,31,24,6.67,2,0.12,1.51.4,1-3-5,2010,9,1-3,530,3,1-3-5,1120,6,1-3,500,3
20250922,びわこ,12,優勝戦,晴,北東,4,3,5,4,4320,峰 竜 太,52,56,6.63,4,0.09,,1-3-5,2010,9,1-3,530,3,1-3-5,1120,6,1-3,500,3
20250922,びわこ,12,優勝戦,晴,北東,4,3,6,6,4760,山 崎 郡,13,46,6.66,6,0.09,,1-3-5,2010,9,1-3,530,3,1-3-5,1120,6,1-3,500,3
20250922,びわこ,1,朝トコ小判Ｒ,晴,南西,4,2,1,1,4796,春 園 功 太,37,55,6.69,1,0.24,1.50.2,1-5-4,2260,10,1-5,890,4,1-4-5,470,2,1-5,1490,4
20250922,びわこ,1,朝トコ小判Ｒ,晴,南西,4,2,2,5,4815,伏 島 祐 介,28,69,6.73,5,0.17,1.51.0,1-5-4,2260,10,1-5,890,4,1-4-5,470,2,1-5,1490,4
20250922,びわこ,1,朝トコ小判Ｒ,晴,南西,4,2,3,4,3550,都 築 正 治,25,63,6.72,4,0.19,1.53.7,1-5-4,2260,10,1-5,890,4,1-4-5,470,2,1-5,1490,4
20250922,びわこ,1,朝トコ小判Ｒ,晴,南西,4,2,4,6,3551,藤 田 美 代,56,59,6.73,6,0.17,1.54.6,1-5-4,2260,10,1-5,890,4,1-4-5,470,2,1-5,1490,4
20250922,びわこ,1,朝トコ小判Ｒ,晴,南西,4,2,5,3,3432,宮 迫 暢 彦,19,58,6.74,3,0.20,,1-5-4,2260,10,1-5,890,4,1-4-5,470,2,1-5,1490,4
20250922,びわこ,1,朝トコ小判Ｒ,晴,南西,4,2,6,2,3690,河 合 三 弘,14,65,6.75,2,0.27,,1-5-4,2260,10,1-5,890,4,1-4-5,470,2,1-5,1490,4
20250922,びわこ,2,一般,晴,南西,3,1,1,1,4918,川 島 拓 郎,15,70,6.72,1,0.19,1.49.7,1-3-5,2470,7,1-3,830,4,1-3-5,770,3,1-3,960,5
20250922,びわこ,2,一般,晴,南西,3,1,2,3,4564,山 本 景士郎,11,35,6.75,3,0.29,1.51.6,1-3-5,2470,7,1-3,830,4,1-3-5,770,3,1-3,960,5
20250922,びわこ,2,一般,晴,南西,3,1,3,5,4702,三 浦 敬 太,26,62,6.74,5,0.17,1.53.0,1-3-5,2470,7,1-3,830,4,1-3-5,770,3,1-3,960,5
20250922,びわこ,2,一般,晴,南西,3,1,4,2,4519,清 水 沙 樹,29,32,6.67,2,0.26,1.53.5,1-3-5,2470,7,1-3,830,4,1-3-5,770,3,1-3,960,5
20250922,びわこ,2,一般,晴,南西,3,1,5,4,5118,野 田 なづき,55,43,6.73,4,0.23,,1-3-5,2470,7,1-3,830,4,1-3-5,770,3,1-3,960,5
20250922,びわこ,2,一般,晴,南西,3,1,6,6,4422,永 井 亮 次,58,23,6.73,6,0.22,,1-3-5,2470,7,1-3,830,4,1-3-5,770,3,1-3,960,5
20250922,びわこ,3,一般,晴,南西,3,1,1,1,4574,東 潤 樹,39,25,6.74,1,0.16,1.48.8,1-4-5,1110,1,1-4,370,1,1-4-5,570,3,1-4,300,1
20250922,びわこ,3,一般,晴,南西,3,1,2,4,4150,山 田 雄 太,2,50,6.68,4,0.14,1.52.5,1-4-5,1110,1,1-4,370,1,1-4-5,570,3,1-4,300,1
20250922,びわこ,3,一般,晴,南西,3,1,3,5,4938,小 芦 るり華,53,72,6.71,5,0.15,1.54.1,1-4-5,1110,1,1-4,370,1,1-4-5,570,3,1-4,300,1
20250922,びわこ,3,一般,晴,南西,3,1,4,2,4692,酒 井 俊 弘,59,61,6.70,2,0.11,1.54.7,1-4-5,1110,1,1-4,370,1,1-4-5,570,3,1-4,300,1
20250922,びわこ,3,一般,晴,南西,3,1,5,6,4837,酒 井 陽 祐,4,66,6.80,6,0.24,,1-4-5,1110,1,1-4,370,1,1-4-5,570,3,1-4,300,1
20250922,びわこ,3,一般,晴,南西,3,1,6,3,3712,淺 香 文 武,48,44,6.74,3,0.10,,1-4-5,1110,1,1-4,370,1,1-4-5,570,3,1-4,300,1
20250922,びわこ,4,一般,晴,南西,2,1,1,1,4173,岡 谷 健 吾,5,36,6.70,1,0.17,1.50.2,1-2-4,880,2,1-2,240,1,1-2-4,550,2,1-2,220,1
20250922,びわこ,4,一般,晴,南西,2,1,2,2,4233,亀 山 雅 幸,61,26,6.67,2,0.17,1.51.2,1-2-4,880,2,1-2,240,1,1-2-4,550,2,1-2,220,1
20250922,びわこ,4,一般,晴,南西,2,1,3,4,3385,渡 邉 睦 広,13,52,6.80,4,0.20,1.52.2,1-2-4,880,2,1-2,240,1,1-2-4,550,2,1-2,220,1
20250922,びわこ,4,一般,晴,南西,2,1,4,3,4509,平 見 真 彦,38,37,6.74,3,0.19,1.53.6,1-2-4,880,2,1-2,240,1,1-2-4,550,2,1-2,220,1
20250922,びわこ,4,一般,晴,南西,2,1,5,5,5078,山 川 波 乙,42,53,6.77,5,0.18,,1-2-4,880,2,1-2,240,1,1-2-4,550,2,1-2,220,1
20250922,びわこ,4,一般,晴,南西,2,1,6,6,3718,伊 達 正 利,10,29,6.73,6,0.21,,1-2-4,880,2,1-2,240,1,1-2-4,550,2,1-2,220,1
20250922,びわこ,5,一般,晴,南西,1,0,1,2,4423,坂 口 貴 彦,54,16,6.78,2,0.12,1.50.1,2-1-3,6780,31,2-1,2520,13,1-2-3,910,4,1-2,1600,9
20250922,びわこ,5,一般,晴,南西,1,0,2,1,5358,増 本 杏 珠,3,41,6.70,1,0.10,1.51.3,2-1-3,6780,31,2-1,2520,13,1-2-3,910,4,1-2,1600,9
20250922,びわこ,5,一般,晴,南西,1,0,3,3,5279,石 渡 翔一郎,49,47,6.72,3,0.13,1.52.3,2-1-3,6780,31,2-1,2520,13,1-2-3,910,4,1-2,1600,9
20250922,びわこ,5,一般,晴,南西,1,0,4,4,4460,後 藤 翔 之,31,39,6.75,4,0.14,1.53.3,2-1-3,6780,31,2-1,2520,13,1-2-3,910,4,1-2,1600,9
20250922,びわこ,5,一般,晴,南西,1,0,5,6,4261,岡 祐 臣,51,17,6.74,6,0.19,,2-1-3,6780,31,2-1,2520,13,1-2-3,910,4,1-2,1600,9
20250922,びわこ,5,一般,晴,南西,1,0,6,5,3690,河 合 三 弘,14,65,6.74,5,0.15,,2-1-3,6780,31,2-1,2520,13,1-2-3,910,4,1-2,1600,9
20250922,びわこ,6,昼トコ小判Ｒ,晴,南,1,0,1,1,4210,松 村 康 太,50,71,6.74,1,0.13,1.49.6,1-2-3,900,1,1-2,330,1,1-2-3,350,1,1-2,130,1
20250922,びわこ,6,昼トコ小判Ｒ,晴,南,1,0,2,2,4758,富 樫 麗 加,45,15,6.74,2,0.09,1.50.2,1-2-3,900,1,1-2,330,1,1-2-3,350,1,1-2,130,1
20250922,びわこ,6,昼トコ小判Ｒ,晴,南,1,0,3,3,3889,須 藤 隆 雄,33,12,6.78,3,0.12,1.52.6,1-2-3,900,1,1-2,330,1,1-2-3,350,1,1-2,130,1
20250922,びわこ,6,昼トコ小判Ｒ,晴,南,1,0,4,5,4918,川 島 拓 郎,15,70,6.76,5,0.14,1.52.8,1-2-3,900,1,1-2,330,1,1-2-3,350,1,1-2,130,1
20250922,びわこ,6,昼トコ小判Ｒ,晴,南,1,0,5,4,3432,宮 迫 暢 彦,19,58,6.74,4,0.15,,1-2-3,900,1,1-2,330,1,1-2-3,350,1,1-2,130,1
20250922,びわこ,6,昼トコ小判Ｒ,晴,南,1,0,6,6,4713,白 神 優,16,21,6.76,6,0.14,,1-2-3,900,1,1-2,330,1,1-2-3,350,1,1-2,130,1
20250922,びわこ,7,一般,晴,南西,2,1,1,1,4556,竹 井 奈 美,22,73,6.78,1,0.11,1.48.0,1-6-3,4320,15,1-6,1340,4,1-3-6,860,5,1-6,920,5
20250922,びわこ,7,一般,晴,南西,2,1,2,6,4066,東 本 勝 利,24,20,6.71,6,0.22,1.50.7,1-6-3,4320,15,1-6,1340,4,1-3-6,860,5,1-6,920,5
20250922,びわこ,7,一般,晴,南西,2,1,3,3,4519,清 水 沙 樹,29,32,6.73,3,0.17,1.52.1,1-6-3,4320,15,1-6,1340,4,1-3-6,860,5,1-6,920,5
20250922,びわこ,7,一般,晴,南西,2,1,4,4,4303,牧 原 崇,62,49,6.75,4,0.16,1.52.8,1-6-3,4320,15,1-6,1340,4,1-3-6,860,5,1-6,920,5
20250922,びわこ,7,一般,晴,南西,2,1,5,5,4692,酒 井 俊 弘,59,24,6.74,5,0.17,,1-6-3,4320,15,1-6,1340,4,1-3-6,860,5,1-6,920,5
20250922,びわこ,7,一般,晴,南西,2,1,6,2,4837,酒 井 陽 祐,4,66,6.75,2,0.17,,1-6-3,4320,15,1-6,1340,4,1-3-6,860,5,1-6,920,5
20250922,びわこ,8,一般,晴,南,3,1,1,1,4564,山 本 景士郎,11,35,6.74,1,0.26,1.50.0,1-3-2,1590,4,1-3,670,2,1-2-3,330,2,1-3,390,2
20250922,びわこ,8,一般,晴,南,3,1,2,3,4815,伏 島 祐 介,28,69,6.78,3,0.21,1.51.0,1-3-2,1590,4,1-3,670,2,1-2-3,330,2,1-3,390,2
20250922,びわこ,8,一般,晴,南,3,1,3,2,4938,小 芦 るり華,53,72,6.73,2,0.22,1.52.6,1-3-2,1590,4,1-3,670,2,1-2-3,330,2,1-3,390,2
20250922,びわこ,8,一般,晴,南,3,1,4,5,4233,亀 山 雅 幸,61,26,6.67,5,0.28,1.54.2,1-3-2,1590,4,1-3,670,2,1-2-3,330,2,1-3,390,2
20250922,びわこ,8,一般,晴,南,3,1,5,4,3949,今 出 晋 二,12,48,6.73,4,0.31,,1-3-2,1590,4,1-3,670,2,1-2-3,330,2,1-3,390,2
20250922,びわこ,8,一般,晴,南,3,1,6,6,3712,淺 香 文 武,48,44,6.74,6,0.34,,1-3-2,1590,4,1-3,670,2,1-2-3,330,2,1-3,390,2
20250922,びわこ,9,一般特選,晴,南,3,1,1,5,5279,石 渡 翔一郎,49,47,6.74,5,0.12,1.49.5,5-4-3,19570,56,5-4,4750,16,3-4-5,2340,9,4-5,1190,6
20250922,びわこ,9,一般特選,晴,南,3,1,2,4,4796,春 園 功 太,37,55,6.76,4,0.09,1.50.4,5-4-3,19570,56,5-4,4750,16,3-4-5,2340,9,4-5,1190,6
20250922,びわこ,9,一般特選,晴,南,3,1,3,3,4150,山 田 雄 太,2,50,6.78,3,0.19,1.52.3,5-4-3,19570,56,5-4,4750,16,3-4-5,2340,9,4-5,1190,6
20250922,びわこ,9,一般特選,晴,南,3,1,4,6,4460,後 藤 翔 之,31,39,6.71,6,0.12,1.53.8,5-4-3,19570,56,5-4,4750,16,3-4-5,2340,9,4-5,1190,6
20250922,びわこ,9,一般特選,晴,南,3,1,5,2,5078,山 川 波 乙,42,53,6.71,2,0.16,,5-4-3,19570,56,5-4,4750,16,3-4-5,2340,9,4-5,1190,6
20250922,びわこ,9,一般特選,晴,南,3,1,6,1,4509,平 見 真 彦,38,37,6.73,1,0.22,,5-4-3,19570,56,5-4,4750,16,3-4-5,2340,9,4-5,1190,6
20250922,びわこ,10,選抜戦,晴,南西,3,1,1,1,4261,岡 祐 臣,51,17,6.73,1,0.05,1.49.1,1-3-4,1000,2,1-3,380,2,1-3-4,390,1,1-3,370,2
20250922,びわこ,10,選抜戦,晴,南西,3,1,2,3,4423,坂 口 貴 彦,54,16,6.79,3,0.05,1.50.7,1-3-4,1000,2,1-3,380,2,1-3-4,390,1,1-3,370,2
20250922,びわこ,10,選抜戦,晴,南西,3,1,3,4,4702,三 浦 敬 太,26,62,6.81,4,0.05,1.52.6,1-3-4,1000,2,1-3,380,2,1-3-4,390,1,1-3,370,2
20250922,びわこ,10,選抜戦,晴,南西,3,1,4,5,4758,富 樫 麗 加,45,15,6.78,5,0.07,1.53.8,1-3-4,1000,2,1-3,380,2,1-3-4,390,1,1-3,370,2
20250922,びわこ,10,選抜戦,晴,南西,3,1,5,2,5118,野 田 なづき,55,43,6.77,2,0.07,,1-3-4,1000,2,1-3,380,2,1-3-4,390,1,1-3,370,2
20250922,びわこ,10,選抜戦,晴,南西,3,1,6,6,4173,岡 谷 健 吾,5,36,6.73,6,0.13,,1-3-4,1000,2,1-3,380,2,1-3-4,390,1,1-3,370,2
20250922,びわこ,11,選抜戦,晴,南,3,1,1,1,4422,永 井 亮 次,58,23,6.72,1,0.17,1.50.3,1-2-4,1570,6,1-2,590,3,1-2-4,720,3,1-2,490,3
20250922,びわこ,11,選抜戦,晴,南,3,1,2,2,3889,須 藤 隆 雄,33,12,6.78,2,0.09,1.51.4,1-2-4,1570,6,1-2,590,3,1-2-4,720,3,1-2,490,3
20250922,びわこ,11,選抜戦,晴,南,3,1,3,4,4556,竹 井 奈 美,22,73,6.79,4,0.20,1.53.3,1-2-4,1570,6,1-2,590,3,1-2-4,720,3,1-2,490,3
20250922,びわこ,11,選抜戦,晴,南,3,1,4,3,4210,松 村 康 太,50,71,6.80,3,0.19,1.53.4,1-2-4,1570,6,1-2,590,3,1-2-4,720,3,1-2,490,3
20250922,びわこ,11,選抜戦,晴,南,3,1,5,5,4574,東 潤 樹,39,25,6.75,5,0.14,,1-2-4,1570,6,1-2,590,3,1-2-4,720,3,1-2,490,3
20250922,びわこ,11,選抜戦,晴,南,3,1,6,6,4303,牧 原 崇,62,49,6.73,6,0.20,,1-2-4,1570,6,1-2,590,3,1-2-4,720,3,1-2,490,3
20250922,浜名湖,12,優勝戦,晴,南,3,1,1,1,4710,福 田 宗 平,6,42,6.71,1,0.06,1.48.4,1-4-2,980,3,1-4,440,2,1-2-4,300,1,1-4,520,3
20250922,浜名湖,12,優勝戦,晴,南,3,1,2,4,3960,菊 地 孝 平,44,67,6.72,4,0.09,1.50.6,1-4-2,980,3,1-4,440,2,1-2-4,300,1,1-4,520,3
20250922,浜名湖,12,優勝戦,晴,南,3,1,3,2,4659,木 下 翔 太,35,13,6.69,2,0.09,1.51.8,1-4-2,980,3,1-4,440,2,1-2-4,300,1,1-4,520,3
20250922,浜名湖,12,優勝戦,晴,南,3,1,4,5,4816,村 松 修 二,27,30,6.72,6,0.16,1.52.8,1-4-2,980,3,1-4,440,2,1-2-4,300,1,1-4,520,3
20250922,浜名湖,12,優勝戦,晴,南,3,1,5,6,4083,福 島 勇 樹,8,56,6.75,5,0.13,,1-4-2,980,3,1-4,440,2,1-2-4,300,1,1-4,520,3
20250922,浜名湖,12,優勝戦,晴,南,3,1,6,3,4793,金 子 萌,34,38,6.77,3,0.18,,1-4-2,980,3,1-4,440,2,1-2-4,300,1,1-4,520,3
20250922,浜名湖,1,予選,晴,南,3,2,1,2,4487,三 原 司,47,68,6.68,2,0.15,1.51.2,2-1-4,1210,3,2-1,550,2,1-2-4,210,1,1-2,190,1
20250922,浜名湖,1,予選,晴,南,3,2,2,1,4081,樋 口 範 政,40,50,6.63,1,0.20,1.52.8,2-1-4,1210,3,2-1,550,2,1-2-4,210,1,1-2,190,1
20250922,浜名湖,1,予選,晴,南,3,2,3,4,4895,門 間 雄 大,6,44,6.68,4,0.17,1.54.6,2-1-4,1210,3,2-1,550,2,1-2-4,210,1,1-2,190,1
20250922,浜名湖,1,予選,晴,南,3,2,4,6,3544,豊 田 訓 靖,1,25,6.71,5,0.20,1.54.9,2-1-4,1210,3,2-1,550,2,1-2-4,210,1,1-2,190,1
20250922,浜名湖,1,予選,晴,南,3,2,5,5,5364,金 子 怜 央,56,43,6.67,6,0.27,,2-1-4,1210,3,2-1,550,2,1-2-4,210,1,1-2,190,1
20250922,浜名湖,1,予選,晴,南,3,2,6,3,5285,若 林 麗,52,27,6.66,3,0.11,,2-1-4,1210,3,2-1,550,2,1-2-4,210,1,1-2,190,1
20250922,浜名湖,2,予選,晴,南,3,2,1,3,4977,馬 野 耀,20,30,6.62,3,0.19,1.49.6,3-2-5,3300,13,3-2,970,5,2-3-5,410,1,2-3,360,2
20250922,浜名湖,2,予選,晴,南,3,2,2,2,4002,古 結 宏,7,45,6.53,2,0.10,1.50.8,3-2-5,3300,13,3-2,970,5,2-3-5,410,1,2-3,360,2
20250922,浜名湖,2,予選,晴,南,3,2,3,5,4506,稗 田 聖 也,36,33,6.61,5,0.24,1.52.3,3-2-5,3300,13,3-2,970,5,2-3-5,410,1,2-3,360,2
20250922,浜名湖,2,予選,晴,南,3,2,4,4,4626,伊 藤 紘 章,60,16,6.58,4,0.29,1.54.3,3-2-5,3300,13,3-2,970,5,2-3-5,410,1,2-3,360,2
20250922,浜名湖,2,予選,晴,南,3,2,5,6,5006,久保原 秀 人,57,59,6.61,6,0.28,,3-2-5,3300,13,3-2,970,5,2-3-5,410,1,2-3,360,2
20250922,浜名湖,2,予選,晴,南,3,2,6,1,4162,竹 本 太 樹,29,29,6.62,1,0.13,,3-2-5,3300,13,3-2,970,5,2-3-5,410,1,2-3,360,2
20250922,浜名湖,3,予選,晴,南,3,2,1,2,4311,岡 村 仁,37,62,6.60,2,0.10,1.48.7,2-1-3,1930,8,2-1,410,1,1-2-3,610,3,1-2,310,1
20250922,浜名湖,3,予選,晴,南,3,2,2,1,3523,寳 田 亮 治,13,32,6.61,1,0.14,1.50.7,2-1-3,1930,8,2-1,410,1,1-2-3,610,3,1-2,310,1
20250922,浜名湖,3,予選,晴,南,3,2,3,3,3859,多羅尾 達 之,17,39,6.67,3,0.10,1.52.1,2-1-3,1930,8,2-1,410,1,1-2-3,610,3,1-2,310,1
20250922,浜名湖,3,予選,晴,南,3,2,4,4,3543,福 田 雅 一,18,37,6.68,4,0.24,1.54.5,2-1-3,1930,8,2-1,410,1,1-2-3,610,3,1-2,310,1
20250922,浜名湖,3,予選,晴,南,3,2,5,6,4944,田 代 達 也,28,22,6.62,6,0.18,,2-1-3,1930,8,2-1,410,1,1-2-3,610,3,1-2,310,1
20250922,浜名湖,3,予選,晴,南,3,2,6,5,3686,鳥居塚 孝 博,26,58,6.60,5,0.12,,2-1-3,1930,8,2-1,410,1,1-2-3,610,3,1-2,310,1
20250922,浜名湖,4,ランチタイム,晴,南,3,2,1,1,4654,篠 田 優 也,30,73,6.50,1,0.20,1.50.5,1-5-4,6590,17,1-5,2030,5,1-4-5,1950,8,1-5,3220,5
20250922,浜名湖,4,ランチタイム,晴,南,3,2,2,5,4103,山 崎 善 庸,15,23,6.67,5,0.22,1.51.7,1-5-4,6590,17,1-5,2030,5,1-4-5,1950,8,1-5,3220,5
20250922,浜名湖,4,ランチタイム,晴,南,3,2,3,4,4407,鹿 島 敏 弘,5,47,6.57,4,0.16,1.52.8,1-5-4,6590,17,1-5,2030,5,1-4-5,1950,8,1-5,3220,5
20250922,浜名湖,4,ランチタイム,晴,南,3,2,4,3,5237,永 松 良 教,33,48,6.59,3,0.28,1.54.5,1-5-4,6590,17,1-5,2030,5,1-4-5,1950,8,1-5,3220,5
20250922,浜名湖,4,ランチタイム,晴,南,3,2,5,6,4380,鈴 木 峻 佑,50,11,6.60,6,0.22,,1-5-4,6590,17,1-5,2030,5,1-4-5,1950,8,1-5,3220,5
20250922,浜名湖,4,ランチタイム,晴,南,3,2,6,2,5292,佐 藤 右 京,9,66,6.55,2,0.20,,1-5-4,6590,17,1-5,2030,5,1-4-5,1950,8,1-5,3220,5
20250922,浜名湖,5,予選,晴,南,4,2,1,1,5271,杉 山 太 陽,39,63,6.58,1,0.19,1.50.6,1-4-2,2680,11,1-4,1270,5,1-2-4,340,1,1-4,820,3
20250922,浜名湖,5,予選,晴,南,4,2,2,4,4058,野 末 智 一,8,49,6.64,4,0.14,1.51.5,1-4-2,2680,11,1-4,1270,5,1-2-4,340,1,1-4,820,3
20250922,浜名湖,5,予選,晴,南,4,2,3,2,4581,吉 村 誠,11,76,6.64,2,0.20,1.53.5,1-4-2,2680,11,1-4,1270,5,1-2-4,340,1,1-4,820,3
20250922,浜名湖,5,予選,晴,南,4,2,4,6,3541,三 嶌 誠 司,61,28,6.65,5,0.09,1.54.6,1-4-2,2680,11,1-4,1270,5,1-2-4,340,1,1-4,820,3
20250922,浜名湖,5,予選,晴,南,4,2,5,3,3583,齋 藤 智 裕,62,64,6.61,3,0.22,,1-4-2,2680,11,1-4,1270,5,1-2-4,340,1,1-4,820,3
20250922,浜名湖,5,予選,晴,南,4,2,6,5,5285,若 林 麗,52,27,6.65,6,0.14,,1-4-2,2680,11,1-4,1270,5,1-2-4,340,1,1-4,820,3
20250922,浜名湖,6,予選,晴,南,4,2,1,1,5284,嘉手苅 徹 哉,66,56,6.60,1,0.12,1.51.0,1-2-4,10150,32,1-2,2590,11,1-2-4,2440,8,1-2,1660,7
20250922,浜名湖,6,予選,晴,南,4,2,2,2,4260,中 越 博 紀,41,55,6.59,2,0.14,1.52.1,1-2-4,10150,32,1-2,2590,11,1-2-4,2440,8,1-2,1660,7
20250922,浜名湖,6,予選,晴,南,4,2,3,4,4298,宮 下 元 胤,48,41,6.62,4,0.22,1.53.8,1-2-4,10150,32,1-2,2590,11,1-2-4,2440,8,1-2,1660,7
20250922,浜名湖,6,予選,晴,南,4,2,4,3,4230,濱 崎 直 矢,25,38,6.56,3,0.11,1.54.2,1-2-4,10150,32,1-2,2590,11,1-2-4,2440,8,1-2,1660,7
20250922,浜名湖,6,予選,晴,南,4,2,5,5,4156,浜 野 孝 志,16,12,6.70,5,0.21,,1-2-4,10150,32,1-2,2590,11,1-2-4,2440,8,1-2,1660,7
20250922,浜名湖,6,予選,晴,南,4,2,6,6,5364,金 子 怜 央,56,43,6.65,6,0.33,,1-2-4,10150,32,1-2,2590,11,1-2-4,2440,8,1-2,1660,7
20250922,浜名湖,7,予選,晴,南,4,2,1,6,3940,飯 山 泰,43,75,6.48,6,0.16,1.50.0,6-5-3,27090,69,6-5,5030,18,3-5-6,6530,17,5-6,3520,11
20250922,浜名湖,7,予選,晴,南,4,2,2,5,5329,金 子 龍 斗,51,61,6.60,5,0.41,1.52.0,6-5-3,27090,69,6-5,5030,18,3-5-6,6530,17,5-6,3520,11
20250922,浜名湖,7,予選,晴,南,4,2,3,3,4336,松 田 竜 馬,3,31,6.67,3,0.18,1.53.5,6-5-3,27090,69,6-5,5030,18,3-5-6,6530,17,5-6,3520,11
20250922,浜名湖,7,予選,晴,南,4,2,4,2,3543,福 田 雅 一,18,37,6.62,2,0.15,1.55.5,6-5-3,27090,69,6-5,5030,18,3-5-6,6530,17,5-6,3520,11
20250922,浜名湖,7,予選,晴,南,4,2,5,4,4489,岩 川 仁 士,63,52,6.60,4,0.15,,6-5-3,27090,69,6-5,5030,18,3-5-6,6530,17,5-6,3520,11
20250922,浜名湖,7,予選,晴,南,4,2,6,1,4977,馬 野 耀,20,30,6.61,1,0.11,,6-5-3,27090,69,6-5,5030,18,3-5-6,6530,17,5-6,3520,11
20250922,浜名湖,8,ブレイクタイ,晴,南,4,2,1,4,4366,前 沢 丈 史,32,34,6.65,4,0.18,1.49.2,4-1-5,1310,5,4-1,600,3,1-4-5,360,2,1-4,190,1
20250922,浜名湖,8,ブレイクタイ,晴,南,4,2,2,1,4506,稗 田 聖 也,36,33,6.61,1,0.16,1.51.2,4-1-5,1310,5,4-1,600,3,1-4-5,360,2,1-4,190,1
20250922,浜名湖,8,ブレイクタイ,晴,南,4,2,3,5,4407,鹿 島 敏 弘,5,47,6.67,5,0.23,1.53.6,4-1-5,1310,5,4-1,600,3,1-4-5,360,2,1-4,190,1
20250922,浜名湖,8,ブレイクタイ,晴,南,4,2,4,6,3859,多羅尾 達 之,17,39,6.68,6,0.25,1.54.6,4-1-5,1310,5,4-1,600,3,1-4-5,360,2,1-4,190,1
20250922,浜名湖,8,ブレイクタイ,晴,南,4,2,5,3,3211,北 川 敏 弘,24,21,6.63,3,0.13,,4-1-5,1310,5,4-1,600,3,1-4-5,360,2,1-4,190,1
20250922,浜名湖,8,ブレイクタイ,晴,南,4,2,6,2,4081,樋 口 範 政,40,50,6.61,2,0.33,,4-1-5,1310,5,4-1,600,3,1-4-5,360,2,1-4,190,1
20250922,浜名湖,9,予選特賞,晴,南,4,2,1,1,4822,百 武 翔,45,36,6.67,1,0.08,1.50.3,1-2-5,1000,1,1-2,380,1,1-2-5,410,1,1-2,280,1
20250922,浜名湖,9,予選特賞,晴,南,4,2,2,2,3541,三 嶌 誠 司,61,28,6.71,2,0.12,1.51.2,1-2-5,1000,1,1-2,380,1,1-2-5,410,1,1-2,280,1
20250922,浜名湖,9,予選特賞,晴,南,4,2,3,5,4002,古 結 宏,7,45,6.59,5,0.11,1.52.8,1-2-5,1000,1,1-2,380,1,1-2-5,410,1,1-2,280,1
20250922,浜名湖,9,予選特賞,晴,南,4,2,4,4,4962,畑 竜 生,65,65,6.59,4,0.12,1.54.1,1-2-5,1000,1,1-2,380,1,1-2-5,410,1,1-2,280,1
20250922,浜名湖,9,予選特賞,晴,南,4,2,5,3,4487,三 原 司,47,68,6.66,3,0.12,,1-2-5,1000,1,1-2,380,1,1-2-5,410,1,1-2,280,1
20250922,浜名湖,9,予選特賞,晴,南,4,2,6,6,5070,中 島 航,4,35,6.72,6,0.13,,1-2-5,1000,1,1-2,380,1,1-2-5,410,1,1-2,280,1
20250922,浜名湖,10,予選特賞,晴,南,4,2,1,3,4156,浜 野 孝 志,16,12,6.61,4,0.12,1.50.1,3-4-5,3140,12,3-4,1470,8,3-4-5,720,3,3-4,650,3
20250922,浜名湖,10,予選特賞,晴,南,4,2,2,4,4311,岡 村 仁,37,62,6.71,3,0.15,1.51.3,3-4-5,3140,12,3-4,1470,8,3-4-5,720,3,3-4,650,3
20250922,浜名湖,10,予選特賞,晴,南,4,2,3,5,4058,野 末 智 一,8,49,6.71,5,0.13,1.53.0,3-4-5,3140,12,3-4,1470,8,3-4-5,720,3,3-4,650,3
20250922,浜名湖,10,予選特賞,晴,南,4,2,4,1,3473,石 川 真 二,46,13,6.72,1,0.11,1.55.1,3-4-5,3140,12,3-4,1470,8,3-4-5,720,3,3-4,650,3
20250922,浜名湖,10,予選特賞,晴,南,4,2,5,2,3544,豊 田 訓 靖,1,25,6.68,2,0.32,,3-4-5,3140,12,3-4,1470,8,3-4-5,720,3,3-4,650,3
20250922,浜名湖,10,予選特賞,晴,南,4,2,6,6,5237,永 松 良 教,33,48,6.66,6,0.04,,3-4-5,3140,12,3-4,1470,8,3-4-5,720,3,3-4,650,3
20250922,浜名湖,11,予選特選,晴,南,4,2,1,1,4230,濱 崎 直 矢,25,38,6.61,1,0.22,1.50.0,1-6-2,6010,16,1-6,2780,8,1-2-6,540,2,1-6,2940,6
20250922,浜名湖,11,予選特選,晴,南,4,2,2,6,3686,鳥居塚 孝 博,26,58,6.60,6,0.18,1.51.6,1-6-2,6010,16,1-6,2780,8,1-2-6,540,2,1-6,2940,6
20250922,浜名湖,11,予選特選,晴,南,4,2,3,2,3940,飯 山 泰,43,75,6.56,2,0.29,1.53.6,1-6-2,6010,16,1-6,2780,8,1-2-6,540,2,1-6,2940,6
20250922,浜名湖,11,予選特選,晴,南,4,2,4,3,4581,吉 村 誠,11,76,6.62,3,0.26,1.55.3,1-6-2,6010,16,1-6,2780,8,1-2-6,540,2,1-6,2940,6
20250922,浜名湖,11,予選特選,晴,南,4,2,5,5,4162,竹 本 太 樹,29,29,6.66,5,0.26,,1-6-2,6010,16,1-6,2780,8,1-2-6,540,2,1-6,2940,6
20250922,浜名湖,11,予選特選,晴,南,4,2,6,4,4380,鈴 木 峻 佑,50,11,6.62,4,0.26,,1-6-2,6010,16,1-6,2780,8,1-2-6,540,2,1-6,2940,6
20250922,多摩川,12,予選特選,晴,南,4,2,1,3,4654,篠 田 優 也,30,73,6.56,3,0.14,1.49.7,3-1-6,2990,10,3-1,770,3,1-3-6,490,3,1-3,230,2
20250922,多摩川,12,予選特選,晴,南,4,2,2,1,4366,前 沢 丈 史,32,34,6.62,1,0.15,1.51.1,3-1-6,2990,10,3-1,770,3,1-3-6,490,3,1-3,230,2
20250922,多摩川,12,予選特選,晴,南,4,2,3,6,4298,宮 下 元 胤,48,41,6.64,6,0.24,1.53.4,3-1-6,2990,10,3-1,770,3,1-3-6,490,3,1-3,230,2
20250922,多摩川,12,予選特選,晴,南,4,2,4,5,5271,杉 山 太 陽,39,63,6.56,5,0.18,1.54.3,3-1-6,2990,10,3-1,770,3,1-3-6,490,3,1-3,230,2
20250922,多摩川,12,予選特選,晴,南,4,2,5,2,4336,松 田 竜 馬,3,31,6.61,2,0.14,,3-1-6,2990,10,3-1,770,3,1-3-6,490,3,1-3,230,2
20250922,多摩川,12,予選特選,晴,南,4,2,6,4,4944,田 代 達 也,28,22,6.66,4,0.17,,3-1-6,2990,10,3-1,770,3,1-3-6,490,3,1-3,230,2
20250922,多摩川,1,予選,晴,南東,2,2,1,1,4169,多 田 有 佑,72,23,6.78,1,0.24,1.48.2,1-4-5,3760,13,1-4,610,3,1-4-5,2190,8,1-4,420,3
20250922,多摩川,1,予選,晴,南東,2,2,2,4,4484,稲 生 夏 季,52,41,6.78,4,0.23,1.49.9,1-4-5,3760,13,1-4,610,3,1-4-5,2190,8,1-4,420,3
20250922,多摩川,1,予選,晴,南東,2,2,3,5,3659,藤 生 雄 人,66,32,6.81,5,0.19,1.51.4,1-4-5,3760,13,1-4,610,3,1-4-5,2190,8,1-4,420,3
20250922,多摩川,1,予選,晴,南東,2,2,4,6,3772,一 柳 和 孝,64,68,6.79,6,0.15,1.51.7,1-4-5,3760,13,1-4,610,3,1-4-5,2190,8,1-4,420,3
20250922,多摩川,1,予選,晴,南東,2,2,5,2,4656,大 崎 翔,24,46,6.83,2,0.24,,1-4-5,3760,13,1-4,610,3,1-4-5,2190,8,1-4,420,3
20250922,多摩川,1,予選,晴,南東,2,2,6,3,3475,橋 本 久 和,40,42,6.83,3,0.29,,1-4-5,3760,13,1-4,610,3,1-4-5,2190,8,1-4,420,3
20250922,多摩川,2,予選,晴,北東,2,2,1,1,4273,佐 藤 旭,65,51,6.85,1,0.18,1.49.1,1-2-5,7570,26,1-2,2170,8,1-2-5,1850,6,1-2,620,3
20250922,多摩川,2,予選,晴,北東,2,2,2,2,4746,大豆生田 蒼,26,24,6.75,2,0.19,1.49.7,1-2-5,7570,26,1-2,2170,8,1-2-5,1850,6,1-2,620,3
20250922,多摩川,2,予選,晴,北東,2,2,3,5,3812,山 崎 聖 司,60,49,6.83,5,0.18,1.51.9,1-2-5,7570,26,1-2,2170,8,1-2-5,1850,6,1-2,620,3
20250922,多摩川,2,予選,晴,北東,2,2,4,4,4269,杉 山 裕 也,55,65,6.70,4,0.21,1.52.1,1-2-5,7570,26,1-2,2170,8,1-2-5,1850,6,1-2,620,3
20250922,多摩川,2,予選,晴,北東,2,2,5,3,3467,森 弘 行,45,72,6.85,3,0.20,,1-2-5,7570,26,1-2,2170,8,1-2-5,1850,6,1-2,620,3
20250922,多摩川,2,予選,晴,北東,2,2,6,6,4898,菊 地 敬 介,20,25,6.77,6,0.19,,1-2-5,7570,26,1-2,2170,8,1-2-5,1850,6,1-2,620,3
20250922,多摩川,3,予選,晴,東,3,2,1,5,3327,野長瀬 正 孝,11,39,6.75,4,0.14,1.48.6,5-3-6,43880,75,5-3,3730,15,3-5-6,12360,18,3-5,1410,7
20250922,多摩川,3,予選,晴,東,3,2,2,3,4462,夏 山 亮 平,22,71,6.80,3,0.17,1.49.9,5-3-6,43880,75,5-3,3730,15,3-5-6,12360,18,3-5,1410,7
20250922,多摩川,3,予選,晴,東,3,2,3,6,5340,樋江井 舞,46,83,6.73,6,0.04,1.51.5,5-3-6,43880,75,5-3,3730,15,3-5-6,12360,18,3-5,1410,7
20250922,多摩川,3,予選,晴,東,3,2,4,4,4680,後 藤 美 翼,47,44,6.78,5,0.12,1.53.0,5-3-6,43880,75,5-3,3730,15,3-5-6,12360,18,3-5,1410,7
20250922,多摩川,3,予選,晴,東,3,2,5,1,3839,川 合 理 司,25,57,6.87,1,0.18,,5-3-6,43880,75,5-3,3730,15,3-5-6,12360,18,3-5,1410,7
20250922,多摩川,3,予選,晴,東,3,2,6,2,4191,赤 羽 克 也,54,27,6.70,2,0.29,,5-3-6,43880,75,5-3,3730,15,3-5-6,12360,18,3-5,1410,7
20250922,多摩川,4,予選,晴,北東,4,2,1,4,3952,中 澤 和 志,19,43,6.76,5,0.11,1.48.7,4-3-5,2900,11,4-3,950,4,3-4-5,770,4,3-4,450,3
20250922,多摩川,4,予選,晴,北東,4,2,2,3,4438,森 作 雄 大,28,52,6.75,4,0.10,1.50.0,4-3-5,2900,11,4-3,950,4,3-4-5,770,4,3-4,450,3
20250922,多摩川,4,予選,晴,北東,4,2,3,5,5079,大 石 真 央,27,50,6.75,6,0.22,1.50.4,4-3-5,2900,11,4-3,950,4,3-4-5,770,4,3-4,450,3
20250922,多摩川,4,予選,晴,北東,4,2,4,1,4836,大 谷 健 太,70,82,6.71,1,0.35,1.53.5,4-3-5,2900,11,4-3,950,4,3-4-5,770,4,3-4,450,3
20250922,多摩川,4,予選,晴,北東,4,2,5,6,3542,清 水 紀 克,35,69,6.75,2,0.25,,4-3-5,2900,11,4-3,950,4,3-4-5,770,4,3-4,450,3
20250922,多摩川,4,予選,晴,北東,4,2,6,2,3532,柴 田 光,23,79,6.78,3,0.16,,4-3-5,2900,11,4-3,950,4,3-4-5,770,4,3-4,450,3
20250922,多摩川,5,予選,晴,東,2,2,1,1,4834,浜 本 裕 己,15,62,6.71,1,0.11,1.48.2,1-3-5,1070,4,1-3,400,1,1-3-5,640,3,1-3,480,2
20250922,多摩川,5,予選,晴,東,2,2,2,3,3656,伯 母 芳 恒,38,35,6.67,3,0.13,1.49.3,1-3-5,1070,4,1-3,400,1,1-3-5,640,3,1-3,480,2
20250922,多摩川,5,予選,晴,東,2,2,3,5,3582,吉 川 昭 男,37,40,6.68,4,0.13,1.51.1,1-3-5,1070,4,1-3,400,1,1-3-5,640,3,1-3,480,2
20250922,多摩川,5,予選,晴,東,2,2,4,2,4428,有 賀 達 也,21,74,6.72,2,0.16,1.51.7,1-3-5,1070,4,1-3,400,1,1-3-5,640,3,1-3,480,2
20250922,多摩川,5,予選,晴,東,2,2,5,4,3870,寺 嶋 雄,57,85,6.71,5,0.16,,1-3-5,1070,4,1-3,400,1,1-3-5,640,3,1-3,480,2
20250922,多摩川,5,予選,晴,東,2,2,6,6,5346,中 村 紋夕梨,13,77,6.67,6,0.15,,1-3-5,1070,4,1-3,400,1,1-3-5,640,3,1-3,480,2
20250922,多摩川,6,予選,晴,南東,2,2,1,2,4446,和 田 兼 輔,50,63,6.72,2,0.13,1.50.1,2-1-3,2390,7,2-1,850,2,1-2-3,360,1,1-2,700,4
20250922,多摩川,6,予選,晴,南東,2,2,2,1,4897,深 見 亜由美,17,61,6.78,1,0.11,1.51.4,2-1-3,2390,7,2-1,850,2,1-2-3,360,1,1-2,700,4
20250922,多摩川,6,予選,晴,南東,2,2,3,3,4215,吉 島 祥 之,49,47,6.77,3,0.14,1.52.3,2-1-3,2390,7,2-1,850,2,1-2-3,360,1,1-2,700,4
20250922,多摩川,6,予選,晴,南東,2,2,4,4,3796,長 野 道 臣,44,58,6.72,6,0.11,1.53.0,2-1-3,2390,7,2-1,850,2,1-2-3,360,1,1-2,700,4
20250922,多摩川,6,予選,晴,南東,2,2,5,6,4484,稲 生 夏 季,52,41,6.69,5,0.13,,2-1-3,2390,7,2-1,850,2,1-2-3,360,1,1-2,700,4
20250922,多摩川,6,予選,晴,南東,2,2,6,5,4360,庄 司 孝 輔,69,84,6.65,4,0.14,,2-1-3,2390,7,2-1,850,2,1-2-3,360,1,1-2,700,4
20250922,多摩川,7,予選,晴,東,2,2,1,3,4357,田 中 和 也,58,73,6.75,3,0.14,1.49.2,3-2-4,2920,12,3-2,860,5,2-3-4,1030,5,2-3,370,3
20250922,多摩川,7,予選,晴,東,2,2,2,2,4379,桑 島 和 宏,16,75,6.76,2,0.18,1.50.3,3-2-4,2920,12,3-2,860,5,2-3-4,1030,5,2-3,370,3
20250922,多摩川,7,予選,晴,東,2,2,3,4,3947,寺 本 昇 平,34,59,6.73,4,0.19,1.52.8,3-2-4,2920,12,3-2,860,5,2-3-4,1030,5,2-3,370,3
20250922,多摩川,7,予選,晴,東,2,2,4,1,3475,橋 本 久 和,40,42,6.75,1,0.21,1.53.7,3-2-4,2920,12,3-2,860,5,2-3-4,1030,5,2-3,370,3
20250922,多摩川,7,予選,晴,東,2,2,5,5,4273,佐 藤 旭,65,51,6.78,5,0.21,,3-2-4,2920,12,3-2,860,5,2-3-4,1030,5,2-3,370,3
20250922,多摩川,7,予選,晴,東,2,2,6,6,5360,高 木 茉 白,71,78,6.74,6,0.21,,3-2-4,2920,12,3-2,860,5,2-3-4,1030,5,2-3,370,3
20250922,多摩川,8,予選,晴,北東,2,2,1,4,4746,大豆生田 蒼,26,24,6.74,4,0.11,1.49.3,4-1-2,7510,25,4-1,3160,11,1-2-4,370,1,1-4,940,3
20250922,多摩川,8,予選,晴,北東,2,2,2,1,3659,藤 生 雄 人,66,32,6.78,1,0.16,1.50.8,4-1-2,7510,25,4-1,3160,11,1-2-4,370,1,1-4,940,3
20250922,多摩川,8,予選,晴,北東,2,2,3,2,4877,鈴 谷 一 平,39,28,6.72,3,0.12,1.53.4,4-1-2,7510,25,4-1,3160,11,1-2-4,370,1,1-4,940,3
20250922,多摩川,8,予選,晴,北東,2,2,4,6,4516,野 口 勝 弘,29,45,6.69,6,0.17,1.54.4,4-1-2,7510,25,4-1,3160,11,1-2-4,370,1,1-4,940,3
20250922,多摩川,8,予選,晴,北東,2,2,5,5,4462,夏 山 亮 平,22,71,6.71,5,0.16,,4-1-2,7510,25,4-1,3160,11,1-2-4,370,1,1-4,940,3
20250922,多摩川,8,予選,晴,北東,2,2,6,3,3542,清 水 紀 克,35,69,6.72,2,0.11,,4-1-2,7510,25,4-1,3160,11,1-2-4,370,1,1-4,940,3
20250922,多摩川,9,予選特賞,晴,北東,3,2,1,2,3952,中 澤 和 志,19,43,6.78,2,0.11,1.48.1,2-1-4,2080,6,2-1,870,3,1-2-4,280,1,1-2,230,1
20250922,多摩川,9,予選特賞,晴,北東,3,2,2,1,4610,佐 藤 大 佑,48,36,6.67,1,0.12,1.49.0,2-1-4,2080,6,2-1,870,3,1-2-4,280,1,1-2,230,1
20250922,多摩川,9,予選特賞,晴,北東,3,2,3,4,4119,泥 谷 一 毅,68,48,6.65,4,0.14,1.51.4,2-1-4,2080,6,2-1,870,3,1-2-4,280,1,1-2,230,1
20250922,多摩川,9,予選特賞,晴,北東,3,2,4,6,4269,杉 山 裕 也,55,65,6.65,6,0.16,1.52.9,2-1-4,2080,6,2-1,870,3,1-2-4,280,1,1-2,230,1
20250922,多摩川,9,予選特賞,晴,北東,3,2,5,3,3772,一 柳 和 孝,64,68,6.71,3,0.12,,2-1-4,2080,6,2-1,870,3,1-2-4,280,1,1-2,230,1
20250922,多摩川,9,予選特賞,晴,北東,3,2,6,5,5340,樋江井 舞,46,83,6.71,5,0.11,,2-1-4,2080,6,2-1,870,3,1-2-4,280,1,1-2,230,1
20250922,多摩川,10,予選特賞,晴,南東,4,2,1,3,3965,北 中 元 樹,56,56,6.70,4,0.19,1.49.6,3-5-1,3690,13,3-5,1410,7,1-3-5,520,2,3-5,1170,5
20250922,多摩川,10,予選特賞,晴,南東,4,2,2,5,4587,木 田 峰由季,62,67,6.66,6,0.15,1.50.4,3-5-1,3690,13,3-5,1410,7,1-3-5,520,2,3-5,1170,5
20250922,多摩川,10,予選特賞,晴,南東,4,2,3,1,3327,野長瀬 正 孝,11,39,6.67,1,0.25,1.51.9,3-5-1,3690,13,3-5,1410,7,1-3-5,520,2,3-5,1170,5
20250922,多摩川,10,予選特賞,晴,南東,4,2,4,4,4836,大 谷 健 太,70,82,6.68,5,0.17,1.53.6,3-5-1,3690,13,3-5,1410,7,1-3-5,520,2,3-5,1170,5
20250922,多摩川,10,予選特賞,晴,南東,4,2,5,2,3796,長 野 道 臣,44,58,6.64,3,0.25,,3-5-1,3690,13,3-5,1410,7,1-3-5,520,2,3-5,1170,5
20250922,多摩川,10,予選特賞,晴,南東,4,2,6,6,3582,吉 川 昭 男,37,40,6.64,2,0.23,,3-5-1,3690,13,3-5,1410,7,1-3-5,520,2,3-5,1170,5
20250922,多摩川,11,予選特選,晴,南東,3,2,1,1,4446,和 田 兼 輔,50,63,6.76,1,0.11,1.49.5,1-2-4,400,1,1-2,210,1,1-2-4,240,1,1-2,120,1
20250922,多摩川,11,予選特選,晴,南東,3,2,2,2,4850,野 中 一 平,31,60,6.73,2,0.13,1.50.7,1-2-4,400,1,1-2,210,1,1-2-4,240,1,1-2,120,1
20250922,多摩川,11,予選特選,晴,南東,3,2,3,4,4191,赤 羽 克 也,54,27,6.76,4,0.14,1.51.5,1-2-4,400,1,1-2,210,1,1-2-4,240,1,1-2,120,1
20250922,多摩川,11,予選特選,晴,南東,3,2,4,6,3656,伯 母 芳 恒,38,35,6.79,5,0.14,1.52.8,1-2-4,400,1,1-2,210,1,1-2-4,240,1,1-2,120,1
20250922,多摩川,11,予選特選,晴,南東,3,2,5,3,4656,大 崎 翔,24,46,6.81,3,0.15,,1-2-4,400,1,1-2,210,1,1-2-4,240,1,1-2,120,1
20250922,平和島,12,記者選抜戦,晴,東,4,2,1,1,4357,田 中 和 也,58,73,6.70,1,0.02,1.49.7,1-4-3,2630,8,1-4,390,2,1-3-4,1010,6,1-4,390,2
20250922,平和島,12,記者選抜戦,晴,東,4,2,2,4,4516,野 口 勝 弘,29,45,6.70,4,0.07,1.50.5,1-4-3,2630,8,1-4,390,2,1-3-4,1010,6,1-4,390,2
20250922,平和島,12,記者選抜戦,晴,東,4,2,3,3,4680,後 藤 美 翼,47,44,6.74,3,0.04,1.52.0,1-4-3,2630,8,1-4,390,2,1-3-4,1010,6,1-4,390,2
20250922,平和島,12,記者選抜戦,晴,東,4,2,4,2,4215,吉 島 祥 之,49,47,6.79,2,0.02,1.52.3,1-4-3,2630,8,1-4,390,2,1-3-4,1010,6,1-4,390,2
20250922,平和島,12,記者選抜戦,晴,東,4,2,5,6,4428,有 賀 達 也,21,74,6.74,6,0.10,,1-4-3,2630,8,1-4,390,2,1-3-4,1010,6,1-4,390,2
20250922,平和島,12,記者選抜戦,晴,東,4,2,6,5,4438,森 作 雄 大,28,52,6.76,5,0.09,,1-4-3,2630,8,1-4,390,2,1-3-4,1010,6,1-4,390,2
20250922,平和島,1,予選,晴,北東,4,3,1,4,4486,野 村 誠,62,64,6.71,4,0.21,1.49.7,4-3-5,3390,13,4-3,1970,11,3-4-5,660,4,3-4,540,3
20250922,平和島,1,予選,晴,北東,4,3,2,3,5289,佃 來 紀,12,21,6.71,3,0.19,1.50.6,4-3-5,3390,13,4-3,1970,11,3-4-5,660,4,3-4,540,3
20250922,平和島,1,予選,晴,北東,4,3,3,5,3641,一 瀬 明,38,11,6.77,5,0.20,1.52.9,4-3-5,3390,13,4-3,1970,11,3-4-5,660,4,3-4,540,3
20250922,平和島,1,予選,晴,北東,4,3,4,1,5033,藤 原 孝 斗,61,28,6.68,1,0.33,1.53.2,4-3-5,3390,13,4-3,1970,11,3-4-5,660,4,3-4,540,3
20250922,平和島,1,予選,晴,北東,4,3,5,2,4355,小 川 広 大,57,23,6.74,2,0.24,,4-3-5,3390,13,4-3,1970,11,3-4-5,660,4,3-4,540,3
20250922,平和島,1,予選,晴,北東,4,3,6,6,5394,福 西 広太郎,48,27,6.73,6,0.40,,4-3-5,3390,13,4-3,1970,11,3-4-5,660,4,3-4,540,3
20250922,平和島,2,予選,晴,北東,3,3,1,4,4561,藤 山 翔 大,14,18,6.53,4,0.08,1.49.2,4-5-2,1560,2,4-5,580,1,2-4-5,760,4,4-5,330,1
20250922,平和島,2,予選,晴,北東,3,3,2,5,4342,谷 野 錬 志,71,17,6.75,5,0.09,1.50.2,4-5-2,1560,2,4-5,580,1,2-4-5,760,4,4-5,330,1
20250922,平和島,2,予選,晴,北東,3,3,3,2,3303,渡 辺 豊,33,13,6.81,2,0.23,1.52.8,4-5-2,1560,2,4-5,580,1,2-4-5,760,4,4-5,330,1
20250922,平和島,2,予選,晴,北東,3,3,4,3,3484,芝 田 浩 治,47,71,6.75,3,0.15,1.54.1,4-5-2,1560,2,4-5,580,1,2-4-5,760,4,4-5,330,1
20250922,平和島,2,予選,晴,北東,3,3,5,6,5354,渡 邊 雄 斗,11,66,6.71,6,0.12,,4-5-2,1560,2,4-5,580,1,2-4-5,760,4,4-5,330,1
20250922,平和島,2,予選,晴,北東,3,3,6,1,4092,岡 部 大 輔,51,34,6.73,1,0.17,,4-5-2,1560,2,4-5,580,1,2-4-5,760,4,4-5,330,1
20250922,平和島,3,予選,晴,北東,4,3,1,2,4140,梶 野 学 志,60,10,6.70,2,0.09,1.49.3,2-3-6,1620,2,2-3,510,1,2-3-6,600,3,2-3,280,1
20250922,平和島,3,予選,晴,北東,4,3,2,3,3300,川 崎 智 幸,68,73,6.67,3,0.07,1.51.2,2-3-6,1620,2,2-3,510,1,2-3-6,600,3,2-3,280,1
20250922,平和島,3,予選,晴,北東,4,3,3,6,4207,松 下 一 也,65,59,6.77,6,0.09,1.52.4,2-3-6,1620,2,2-3,510,1,2-3-6,600,3,2-3,280,1
20250922,平和島,3,予選,晴,北東,4,3,4,4,5325,澁 川 夏,39,68,6.77,4,0.17,1.53.5,2-3-6,1620,2,2-3,510,1,2-3-6,600,3,2-3,280,1
20250922,平和島,3,予選,晴,北東,4,3,5,1,4681,太 田 潮,27,30,6.69,1,0.10,,2-3-6,1620,2,2-3,510,1,2-3-6,600,3,2-3,280,1
20250922,平和島,3,予選,晴,北東,4,3,6,5,4040,廣 瀬 将 亨,37,37,6.81,5,0.14,,2-3-6,1620,2,2-3,510,1,2-3-6,600,3,2-3,280,1
20250922,平和島,4,予選,晴,北東,5,3,1,2,4067,永 井 源,25,15,6.72,2,0.13,1.49.3,2-3-5,1970,7,2-3,500,2,2-3-5,1220,3,2-3,230,1
20250922,平和島,4,予選,晴,北東,5,3,2,3,4288,永 田 啓 二,34,65,6.73,3,0.14,1.51.4,2-3-5,1970,7,2-3,500,2,2-3-5,1220,3,2-3,230,1
20250922,平和島,4,予選,晴,北東,5,3,3,5,4911,片 岡 大 地,73,61,6.74,5,0.18,1.53.2,2-3-5,1970,7,2-3,500,2,2-3-5,1220,3,2-3,230,1
20250922,平和島,4,予選,晴,北東,5,3,4,4,3930,岸 本 隆,74,62,6.72,4,0.18,1.54.1,2-3-5,1970,7,2-3,500,2,2-3-5,1220,3,2-3,230,1
20250922,平和島,4,予選,晴,北東,5,3,5,6,4139,丹 下 健,28,19,6.78,6,0.39,,2-3-5,1970,7,2-3,500,2,2-3-5,1220,3,2-3,230,1
20250922,平和島,4,予選,晴,北東,5,3,6,1,5247,大 森 翼,64,63,6.75,1,0.20,,2-3-5,1970,7,2-3,500,2,2-3-5,1220,3,2-3,230,1
20250922,平和島,5,東京ベイラン,晴,東,2,3,1,1,4949,横 田 貴 満,36,74,6.68,1,0.12,1.49.3,1-3-4,1460,3,1-3,290,1,1-3-4,610,3,1-3,270,1
20250922,平和島,5,東京ベイラン,晴,東,2,3,2,3,3482,金 子 猛 志,43,33,6.69,3,0.09,1.51.1,1-3-4,1460,3,1-3,290,1,1-3-4,610,3,1-3,270,1
20250922,平和島,5,東京ベイラン,晴,東,2,3,3,4,3857,阿 波 勝 哉,53,60,6.70,4,0.08,1.52.3,1-3-4,1460,3,1-3,290,1,1-3-4,610,3,1-3,270,1
20250922,平和島,5,東京ベイラン,晴,東,2,3,4,6,4175,川 尻 泰 輔,69,24,6.77,6,0.14,1.53.3,1-3-4,1460,3,1-3,290,1,1-3-4,610,3,1-3,270,1
20250922,平和島,5,東京ベイラン,晴,東,2,3,5,2,3867,松 浦 勝,23,67,6.72,2,0.10,,1-3-4,1460,3,1-3,290,1,1-3-4,610,3,1-3,270,1
20250922,平和島,5,東京ベイラン,晴,東,2,3,6,5,4060,島 田 一 生,29,16,6.57,5,0.71,,1-3-4,1460,3,1-3,290,1,1-3-4,610,3,1-3,270,1
20250922,平和島,6,予選,晴,東,1,3,1,4,4992,廣 瀬 篤 哉,18,36,6.81,4,0.09,1.50.0,4-1-5,101920,88,4-1,6900,19,1-4-5,10020,14,1-4,1030,7
20250922,平和島,6,予選,晴,東,1,3,2,1,5275,松 田 淳 平,16,70,6.80,1,0.07,1.51.6,4-1-5,101920,88,4-1,6900,19,1-4-5,10020,14,1-4,1030,7
20250922,平和島,6,予選,晴,東,1,3,3,5,5394,福 西 広太郎,48,27,6.97,6,0.20,1.53.1,4-1-5,101920,88,4-1,6900,19,1-4-5,10020,14,1-4,1030,7
20250922,平和島,6,予選,晴,東,1,3,4,6,4134,杉 山 貴 博,54,75,6.75,5,0.17,1.53.4,4-1-5,101920,88,4-1,6900,19,1-4-5,10020,14,1-4,1030,7
20250922,平和島,6,予選,晴,東,1,3,5,2,4195,前 川 守 嗣,56,72,6.81,2,0.09,,4-1-5,101920,88,4-1,6900,19,1-4-5,10020,14,1-4,1030,7
20250922,平和島,6,予選,晴,東,1,3,6,3,4293,鈴 木 智 啓,63,26,6.80,3,0.09,,4-1-5,101920,88,4-1,6900,19,1-4-5,10020,14,1-4,1030,7
20250922,平和島,7,予選,晴,東,2,3,1,1,4887,富 澤 祐 作,21,31,6.73,1,0.11,1.50.1,1-3-5,5120,25,1-3,2050,11,1-3-5,850,5,1-3,870,5
20250922,平和島,7,予選,晴,東,2,3,2,3,4355,小 川 広 大,57,23,6.79,3,0.16,1.51.5,1-3-5,5120,25,1-3,2050,11,1-3-5,850,5,1-3,870,5
20250922,平和島,7,予選,晴,東,2,3,3,5,4074,柳 沢 一,26,29,6.80,5,0.21,1.52.3,1-3-5,5120,25,1-3,2050,11,1-3-5,850,5,1-3,870,5
20250922,平和島,7,予選,晴,東,2,3,4,2,4644,山 田 亮 太,19,58,6.81,2,0.14,1.53.0,1-3-5,5120,25,1-3,2050,11,1-3-5,850,5,1-3,870,5
20250922,平和島,7,予選,晴,東,2,3,5,4,5170,佐 藤 太 亮,72,14,6.71,4,0.18,,1-3-5,5120,25,1-3,2050,11,1-3-5,850,5,1-3,870,5
20250922,平和島,7,予選,晴,東,2,3,6,6,5411,木 下 虎之輔,50,25,6.82,6,0.16,,1-3-5,5120,25,1-3,2050,11,1-3-5,850,5,1-3,870,5
20250922,平和島,8,ベイブレイク,曇り,東,1,3,1,4,4496,内 堀 学,59,20,6.66,4,0.10,1.50.1,4-1-5,1330,3,4-1,400,2,1-4-5,400,2,1-4,220,1
20250922,平和島,8,ベイブレイク,曇り,東,1,3,2,1,3484,芝 田 浩 治,47,71,6.73,1,0.14,1.51.4,4-1-5,1330,3,4-1,400,2,1-4-5,400,2,1-4,220,1
20250922,平和島,8,ベイブレイク,曇り,東,1,3,3,5,5325,澁 川 夏,39,68,6.70,5,0.15,1.52.5,4-1-5,1330,3,4-1,400,2,1-4-5,400,2,1-4,220,1
20250922,平和島,8,ベイブレイク,曇り,東,1,3,4,6,5286,坂 井 滉 哉,20,32,6.77,6,0.19,1.54.3,4-1-5,1330,3,4-1,400,2,1-4-5,400,2,1-4,220,1
20250922,平和島,8,ベイブレイク,曇り,東,1,3,5,3,3305,小 野 信 樹,10,69,6.82,3,0.16,,4-1-5,1330,3,4-1,400,2,1-4-5,400,2,1-4,220,1
20250922,平和島,8,ベイブレイク,曇り,東,1,3,6,2,5033,藤 原 孝 斗,61,28,6.78,2,0.13,,4-1-5,1330,3,4-1,400,2,1-4-5,400,2,1-4,220,1
20250922,平和島,9,予選特賞,晴,東,2,3,1,1,5050,木 下 雄 介,52,35,6.75,1,0.09,1.49.4,1-4-3,4240,18,1-4,820,3,1-3-4,1220,6,1-4,580,2
20250922,平和島,9,予選特賞,晴,東,2,3,2,4,5289,佃 來 紀,12,21,6.67,4,0.09,1.51.2,1-4-3,4240,18,1-4,820,3,1-3-4,1220,6,1-4,580,2
20250922,平和島,9,予選特賞,晴,東,2,3,3,3,3303,渡 辺 豊,33,13,6.74,3,0.11,1.51.9,1-4-3,4240,18,1-4,820,3,1-3-4,1220,6,1-4,580,2
20250922,平和島,9,予選特賞,晴,東,2,3,4,2,3300,川 崎 智 幸,68,73,6.78,2,0.07,1.52.8,1-4-3,4240,18,1-4,820,3,1-3-4,1220,6,1-4,580,2
20250922,平和島,9,予選特賞,晴,東,2,3,5,6,4136,江 夏 満,30,22,6.78,6,0.10,,1-4-3,4240,18,1-4,820,3,1-3-4,1220,6,1-4,580,2
20250922,平和島,9,予選特賞,晴,東,2,3,6,5,5247,大 森 翼,64,63,6.73,5,0.08,,1-4-3,4240,18,1-4,820,3,1-3-4,1220,6,1-4,580,2
20250922,平和島,10,予選特賞,晴,南東,2,3,1,4,4067,永 井 源,25,15,6.69,4,0.11,1.49.0,4-2-1,4170,15,4-2,1650,7,1-2-4,310,1,2-4,930,4
20250922,平和島,10,予選特賞,晴,南東,2,3,2,2,4342,谷 野 錬 志,71,17,6.75,2,0.14,1.50.3,4-2-1,4170,15,4-2,1650,7,1-2-4,310,1,2-4,930,4
20250922,平和島,10,予選特賞,晴,南東,2,3,3,1,4674,池 田 剛 規,70,12,6.67,1,0.18,1.52.3,4-2-1,4170,15,4-2,1650,7,1-2-4,310,1,2-4,930,4
20250922,平和島,10,予選特賞,晴,南東,2,3,4,6,4040,廣 瀬 将 亨,37,37,6.71,6,0.07,1.52.3,4-2-1,4170,15,4-2,1650,7,1-2-4,310,1,2-4,930,4
20250922,平和島,10,予選特賞,晴,南東,2,3,5,5,3482,金 子 猛 志,43,33,6.79,5,0.09,,4-2-1,4170,15,4-2,1650,7,1-2-4,310,1,2-4,930,4
20250922,平和島,10,予選特賞,晴,南東,2,3,6,3,3641,一 瀬 明,38,11,6.84,3,0.14,,4-2-1,4170,15,4-2,1650,7,1-2-4,310,1,2-4,930,4
20250922,平和島,11,予選特選,晴,南東,2,3,1,6,3857,阿 波 勝 哉,53,60,6.61,6,0.06,1.50.2,6-1-3,9940,46,6-1,2060,8,1-3-6,1790,8,1-6,870,4
20250922,平和島,11,予選特選,晴,南東,2,3,2,1,4486,野 村 誠,62,64,6.73,1,0.18,1.51.1,6-1-3,9940,46,6-1,2060,8,1-3-6,1790,8,1-6,870,4
20250922,平和島,11,予選特選,晴,南東,2,3,3,3,4092,岡 部 大 輔,51,34,6.76,3,0.13,1.52.5,6-1-3,9940,46,6-1,2060,8,1-3-6,1790,8,1-6,870,4
20250922,平和島,11,予選特選,晴,南東,2,3,4,2,4293,鈴 木 智 啓,63,26,6.76,2,0.11,1.54.1,6-1-3,9940,46,6-1,2060,8,1-3-6,1790,8,1-6,870,4
20250922,平和島,11,予選特選,晴,南東,2,3,5,4,4207,松 下 一 也,65,59,6.77,4,0.14,,6-1-3,9940,46,6-1,2060,8,1-3-6,1790,8,1-6,870,4
20250922,平和島,11,予選特選,晴,南東,2,3,6,5,3930,岸 本 隆,74,62,6.76,5,0.11,,6-1-3,9940,46,6-1,2060,8,1-3-6,1790,8,1-6,870,4
20250922,江戸川,12,平和島選抜,曇り,東,1,3,1,4,4949,横 田 貴 満,36,74,6.65,4,0.09,1.49.6,4-5-6,4360,18,4-5,2260,9,4-5-6,2020,12,4-5,1270,7
20250922,江戸川,12,平和島選抜,曇り,東,1,3,2,5,4288,永 田 啓 二,34,65,6.65,5,0.07,1.50.9,4-5-6,4360,18,4-5,2260,9,4-5-6,2020,12,4-5,1270,7
20250922,江戸川,12,平和島選抜,曇り,東,1,3,3,6,4140,梶 野 学 志,60,10,6.76,6,0.16,1.53.0,4-5-6,4360,18,4-5,2260,9,4-5-6,2020,12,4-5,1270,7
20250922,江戸川,12,平和島選抜,曇り,東,1,3,4,3,4561,藤 山 翔 大,14,18,6.52,3,0.05,1.53.9,4-5-6,4360,18,4-5,2260,9,4-5-6,2020,12,4-5,1270,7
20250922,江戸川,12,平和島選抜,曇り,東,1,3,5,1,4074,柳 沢 一,26,29,6.69,1,0.11,,4-5-6,4360,18,4-5,2260,9,4-5-6,2020,12,4-5,1270,7
20250922,江戸川,12,平和島選抜,曇り,東,1,3,6,2,4134,杉 山 貴 博,54,75,6.75,2,0.07,,4-5-6,4360,18,4-5,2260,9,4-5-6,2020,12,4-5,1270,7
20250922,江戸川,1,予選,晴,北東,7,10,1,1,5007,近 藤 雄一郎,35,13,6.59,1,0.09,1.54.0,1-2-3,1290,2,1-2,740,3,1-2-3,310,1,1-2,420,2
20250922,江戸川,1,予選,晴,北東,7,10,2,2,5008,羽 野 諒,40,19,6.49,2,0.13,1.55.0,1-2-3,1290,2,1-2,740,3,1-2-3,310,1,1-2,420,2
20250922,江戸川,1,予選,晴,北東,7,10,3,3,4470,平 田 健之佑,10,28,6.67,3,0.06,1.56.4,1-2-3,1290,2,1-2,740,3,1-2-3,310,1,1-2,420,2
20250922,江戸川,1,予選,晴,北東,7,10,4,4,4896,花 本 剛,32,40,6.60,4,0.21,1.57.6,1-2-3,1290,2,1-2,740,3,1-2-3,310,1,1-2,420,2
20250922,江戸川,1,予選,晴,北東,7,10,5,6,5178,成 貞 琳 平,47,45,6.57,6,0.19,,1-2-3,1290,2,1-2,740,3,1-2-3,310,1,1-2,420,2
20250922,江戸川,1,予選,晴,北東,7,10,6,5,4889,後 藤 盛 也,45,71,6.68,5,0.18,,1-2-3,1290,2,1-2,740,3,1-2-3,310,1,1-2,420,2
20250922,江戸川,2,予選,晴,北東,7,10,1,4,4193,郷 原 章 平,34,68,6.67,4,0.17,1.53.4,4-1-3,4230,21,4-1,1060,3,1-3-4,510,3,1-4,570,3
20250922,江戸川,2,予選,晴,北東,7,10,2,1,4167,片 岡 秀 樹,15,61,6.64,1,0.24,1.55.4,4-1-3,4230,21,4-1,1060,3,1-3-4,510,3,1-4,570,3
20250922,江戸川,2,予選,晴,北東,7,10,3,3,4383,竹 田 吉 行,46,54,6.73,3,0.18,1.55.8,4-1-3,4230,21,4-1,1060,3,1-3-4,510,3,1-4,570,3
20250922,江戸川,2,予選,晴,北東,7,10,4,6,4894,原 村 拓 也,16,25,6.68,6,0.36,1.56.4,4-1-3,4230,21,4-1,1060,3,1-3-4,510,3,1-4,570,3
20250922,江戸川,2,予選,晴,北東,7,10,5,2,3643,米 田 隆 弘,20,48,6.70,2,0.22,,4-1-3,4230,21,4-1,1060,3,1-3-4,510,3,1-4,570,3
20250922,江戸川,2,予選,晴,北東,7,10,6,5,5000,岡 本 翔太郎,70,16,6.64,5,0.26,,4-1-3,4230,21,4-1,1060,3,1-3-4,510,3,1-4,570,3
20250922,江戸川,3,予選,晴,北東,7,10,1,1,3401,上 田 隆 章,24,20,6.66,1,0.16,1.52.9,1-6-5,6560,27,1-6,1400,5,1-5-6,1110,5,1-6,2090,13
20250922,江戸川,3,予選,晴,北東,7,10,2,6,4467,渡 邉 俊 介,69,50,6.73,6,0.16,1.53.8,1-6-5,6560,27,1-6,1400,5,1-5-6,1110,5,1-6,2090,13
20250922,江戸川,3,予選,晴,北東,7,10,3,5,4598,加 藤 政 彦,37,60,6.72,5,0.15,1.54.8,1-6-5,6560,27,1-6,1400,5,1-5-6,1110,5,1-6,2090,13
20250922,江戸川,3,予選,晴,北東,7,10,4,2,4159,向 後 龍 一,12,66,6.78,2,0.12,1.56.2,1-6-5,6560,27,1-6,1400,5,1-5-6,1110,5,1-6,2090,13
20250922,江戸川,3,予選,晴,北東,7,10,5,4,5212,西 川 拓 利,29,32,6.79,4,0.10,,1-6-5,6560,27,1-6,1400,5,1-5-6,1110,5,1-6,2090,13
20250922,江戸川,3,予選,晴,北東,7,10,6,3,5274,城 間 盛 渚,62,22,6.72,3,0.11,,1-6-5,6560,27,1-6,1400,5,1-5-6,1110,5,1-6,2090,13
20250922,江戸川,4,予選,晴,北東,6,10,1,2,3224,栗 山 繁 洋,54,11,6.82,2,0.08,1.53.0,2-1-3,5930,30,2-1,2750,14,1-2-3,660,3,1-2,750,5
20250922,江戸川,4,予選,晴,北東,6,10,2,1,4750,井 上 尚 悟,25,33,6.72,1,0.12,1.53.7,2-1-3,5930,30,2-1,2750,14,1-2-3,660,3,1-2,750,5
20250922,江戸川,4,予選,晴,北東,6,10,3,3,5267,石 本 裕 武,13,29,6.73,3,0.09,1.55.7,2-1-3,5930,30,2-1,2750,14,1-2-3,660,3,1-2,750,5
20250922,江戸川,4,予選,晴,北東,6,10,4,4,4458,抹 香 雄 三,17,43,6.77,4,0.08,1.56.9,2-1-3,5930,30,2-1,2750,14,1-2-3,660,3,1-2,750,5
20250922,江戸川,4,予選,晴,北東,6,10,5,5,5101,表 健 太,19,21,6.82,5,0.13,,2-1-3,5930,30,2-1,2750,14,1-2-3,660,3,1-2,750,5
20250922,江戸川,4,予選,晴,北東,6,10,6,6,4179,広 次 修,39,55,6.85,6,0.14,,2-1-3,5930,30,2-1,2750,14,1-2-3,660,3,1-2,750,5
20250922,江戸川,5,予選,晴,北東,5,10,1,4,5044,渡 邉 健,71,15,6.81,4,0.15,1.52.6,4-2-5,4400,21,4-2,1550,7,2-4-5,1070,5,2-4,720,3
20250922,江戸川,5,予選,晴,北東,5,10,2,2,4069,山 本 修 一,68,23,6.65,2,0.23,1.53.7,4-2-5,4400,21,4-2,1550,7,2-4-5,1070,5,2-4,720,3
20250922,江戸川,5,予選,晴,北東,5,10,3,5,4425,大 井 清 貴,36,41,6.96,5,0.19,1.54.9,4-2-5,4400,21,4-2,1550,7,2-4-5,1070,5,2-4,720,3
20250922,江戸川,5,予選,晴,北東,5,10,4,1,3722,西 村 秀 樹,38,26,6.70,1,0.24,1.55.7,4-2-5,4400,21,4-2,1550,7,2-4-5,1070,5,2-4,720,3
20250922,江戸川,5,予選,晴,北東,5,10,5,3,5199,垂 水 悠,48,24,6.71,3,0.21,,4-2-5,4400,21,4-2,1550,7,2-4-5,1070,5,2-4,720,3
20250922,江戸川,5,予選,晴,北東,5,10,6,6,5378,鈴 木 結平太,65,10,6.89,6,0.27,,4-2-5,4400,21,4-2,1550,7,2-4-5,1070,5,2-4,720,3
20250922,江戸川,6,予選,晴,北東,6,10,1,3,4209,藤 田 竜 弘,43,64,6.94,3,0.24,1.52.7,3-5-1,2870,11,3-5,1990,7,1-3-5,260,1,3-5,430,3
20250922,江戸川,6,予選,晴,北東,6,10,2,5,4227,安 達 裕 樹,31,63,6.89,5,0.20,1.53.7,3-5-1,2870,11,3-5,1990,7,1-3-5,260,1,3-5,430,3
20250922,江戸川,6,予選,晴,北東,6,10,3,1,4363,大 野 芳 顕,27,57,6.70,1,0.26,1.56.0,3-5-1,2870,11,3-5,1990,7,1-3-5,260,1,3-5,430,3
20250922,江戸川,6,予選,晴,北東,6,10,4,4,4889,後 藤 盛 也,45,71,6.81,4,0.22,1.57.6,3-5-1,2870,11,3-5,1990,7,1-3-5,260,1,3-5,430,3
20250922,江戸川,6,予選,晴,北東,6,10,5,2,5266,石 田 勇 斗,50,12,6.76,2,0.27,,3-5-1,2870,11,3-5,1990,7,1-3-5,260,1,3-5,430,3
20250922,江戸川,6,予選,晴,北東,6,10,6,6,5000,岡 本 翔太郎,70,16,6.76,6,0.18,,3-5-1,2870,11,3-5,1990,7,1-3-5,260,1,3-5,430,3
20250922,江戸川,7,予選,晴,北東,6,10,1,4,4598,加 藤 政 彦,37,60,6.84,4,0.22,1.53.5,4-6-2,13720,41,4-6,4040,11,2-4-6,1910,8,4-6,2370,6
20250922,江戸川,7,予選,晴,北東,6,10,2,6,4201,佐 竹 友 樹,51,30,6.90,6,0.29,1.56.1,4-6-2,13720,41,4-6,4040,11,2-4-6,1910,8,4-6,2370,6
20250922,江戸川,7,予選,晴,北東,6,10,3,2,4384,鶴 本 崇 文,21,52,6.75,2,0.29,1.56.6,4-6-2,13720,41,4-6,4040,11,2-4-6,1910,8,4-6,2370,6
20250922,江戸川,7,予選,晴,北東,6,10,4,5,5169,堀 本 翔 太,53,37,6.78,5,0.29,1.58.0,4-6-2,13720,41,4-6,4040,11,2-4-6,1910,8,4-6,2370,6
20250922,江戸川,7,予選,晴,北東,6,10,5,1,3643,米 田 隆 弘,20,48,6.80,1,0.27,,4-6-2,13720,41,4-6,4040,11,2-4-6,1910,8,4-6,2370,6
20250922,江戸川,7,予選,晴,北東,6,10,6,3,4896,花 本 剛,32,40,6.90,3,0.31,,4-6-2,13720,41,4-6,4040,11,2-4-6,1910,8,4-6,2370,6
20250922,江戸川,8,予選,晴,北東,4,10,1,4,5359,佐 藤 世 那,30,69,6.73,4,0.16,2.01.5,4-5-2,13170,41,4-5,3170,9,2-4-5,870,4,4-5,2070,9
20250922,江戸川,8,予選,晴,北東,4,10,2,5,4467,渡 邉 俊 介,69,50,6.80,5,0.16,2.03.7,4-5-2,13170,41,4-5,3170,9,2-4-5,870,4,4-5,2070,9
20250922,江戸川,8,予選,晴,北東,4,10,3,2,4488,小 山 勉,60,70,6.67,2,0.31,2.08.3,4-5-2,13170,41,4-5,3170,9,2-4-5,870,4,4-5,2070,9
20250922,江戸川,8,予選,晴,北東,4,10,4,3,5101,表 健 太,19,21,6.94,3,0.28,2.13.1,4-5-2,13170,41,4-5,3170,9,2-4-5,870,4,4-5,2070,9
20250922,江戸川,8,予選,晴,北東,4,10,5,6,5008,羽 野 諒,40,19,6.68,6,0.22,,4-5-2,13170,41,4-5,3170,9,2-4-5,870,4,4-5,2070,9
20250922,江戸川,9,予選特賞,晴,北東,4,10,1,2,4907,小 池 修 平,49,39,6.88,2,0.31,1.54.3,2-1-4,1350,5,2-1,410,2,1-2-4,310,1,1-2,170,1
20250922,江戸川,9,予選特賞,晴,北東,4,10,2,1,4470,平 田 健之佑,10,28,6.87,1,0.28,1.55.5,2-1-4,1350,5,2-1,410,2,1-2-4,310,1,1-2,170,1
20250922,江戸川,9,予選特賞,晴,北東,4,10,3,4,4750,井 上 尚 悟,25,33,6.65,4,0.28,1.56.2,2-1-4,1350,5,2-1,410,2,1-2-4,310,1,1-2,170,1
20250922,江戸川,9,予選特賞,晴,北東,4,10,4,6,4752,西 尾 亮 輔,63,14,6.73,6,0.28,1.58.0,2-1-4,1350,5,2-1,410,2,1-2-4,310,1,1-2,170,1
20250922,江戸川,9,予選特賞,晴,北東,4,10,5,3,3722,西 村 秀 樹,38,26,6.82,3,0.34,,2-1-4,1350,5,2-1,410,2,1-2-4,310,1,1-2,170,1
20250922,江戸川,9,予選特賞,晴,北東,4,10,6,5,4383,竹 田 吉 行,46,54,6.88,5,0.26,,2-1-4,1350,5,2-1,410,2,1-2-4,310,1,1-2,170,1
20250922,江戸川,10,予選特賞,晴,北東,5,10,1,1,4193,郷 原 章 平,34,68,6.70,1,0.19,1.53.5,1-2-5,1150,2,1-2,470,3,1-2-5,560,2,1-2,250,1
20250922,江戸川,10,予選特賞,晴,北東,5,10,2,2,5007,近 藤 雄一郎,35,13,6.71,2,0.24,1.55.3,1-2-5,1150,2,1-2,470,3,1-2-5,560,2,1-2,250,1
20250922,江戸川,10,予選特賞,晴,北東,5,10,3,5,4069,山 本 修 一,68,23,6.84,5,0.51,1.55.3,1-2-5,1150,2,1-2,470,3,1-2-5,560,2,1-2,250,1
20250922,江戸川,10,予選特賞,晴,北東,5,10,4,4,3401,上 田 隆 章,24,20,6.93,4,0.41,1.58.5,1-2-5,1150,2,1-2,470,3,1-2-5,560,2,1-2,250,1
20250922,江戸川,10,予選特賞,晴,北東,5,10,5,6,4458,抹 香 雄 三,17,43,6.80,6,0.20,,1-2-5,1150,2,1-2,470,3,1-2-5,560,2,1-2,250,1
20250922,江戸川,10,予選特賞,晴,北東,5,10,6,3,4363,大 野 芳 顕,27,57,6.81,3,0.22,,1-2-5,1150,2,1-2,470,3,1-2-5,560,2,1-2,250,1
20250922,江戸川,11,予選特選,晴,北東,6,10,1,1,4227,安 達 裕 樹,31,63,6.67,1,0.21,1.54.6,1-3-5,950,3,1-3,190,1,1-3-5,480,3,1-3,160,1
20250922,江戸川,11,予選特選,晴,北東,6,10,2,3,4384,鶴 本 崇 文,21,52,6.79,3,0.24,1.56.5,1-3-5,950,3,1-3,190,1,1-3-5,480,3,1-3,160,1
20250922,江戸川,11,予選特選,晴,北東,6,10,3,5,5212,西 川 拓 利,29,32,6.75,5,0.32,1.57.5,1-3-5,950,3,1-3,190,1,1-3-5,480,3,1-3,160,1
20250922,江戸川,11,予選特選,晴,北東,6,10,4,4,4179,広 次 修,39,55,6.94,4,0.32,1.58.3,1-3-5,950,3,1-3,190,1,1-3-5,480,3,1-3,160,1
20250922,江戸川,11,予選特選,晴,北東,6,10,5,2,4167,片 岡 秀 樹,15,61,6.78,2,0.29,,1-3-5,950,3,1-3,190,1,1-3-5,480,3,1-3,160,1
20250922,江戸川,11,予選特選,晴,北東,6,10,6,6,4425,大 井 清 貴,36,41,6.77,6,0.35,,1-3-5,950,3,1-3,190,1,1-3-5,480,3,1-3,160,1
20250922,江戸川,12,記者選抜戦,晴,北東,6,10,1,1,5267,石 本 裕 武,13,29,6.67,1,0.11,1.54.6,1-5-2,1900,5,1-5,740,3,1-2-5,440,1,1-5,470,2
20250922,江戸川,12,記者選抜戦,晴,北東,6,10,2,5,4159,向 後 龍 一,12,66,6.82,5,0.26,1.55.4,1-5-2,1900,5,1-5,740,3,1-2-5,440,1,1-5,470,2
20250922,江戸川,12,記者選抜戦,晴,北東,6,10,3,2,5044,渡 邉 健,71,15,6.79,2,0.09,1.57.3,1-5-2,1900,5,1-5,740,3,1-2-5,440,1,1-5,470,2
20250922,江戸川,12,記者選抜戦,晴,北東,6,10,4,3,5359,佐 藤 世 那,30,69,6.73,3,0.16,1.57.8,1-5-2,1900,5,1-5,740,3,1-2-5,440,1,1-5,470,2
20250922,江戸川,12,記者選抜戦,晴,北東,6,10,5,4,4894,原 村 拓 也,16,25,6.72,4,0.26,,1-5-2,1900,5,1-5,740,3,1-2-5,440,1,1-5,470,2
20250922,江戸川,12,記者選抜戦,晴,北東,6,10,6,6,4209,藤 田 竜 弘,43,64,6.84,6,0.27,,1-5-2,1900,5,1-5,740,3,1-2-5,440,1,1-5,470,2
20250922,江戸川,1,予選,曇り,東,2,1,1,2,4536,喜 井 つかさ,31,29,6.72,2,0.15,1.50.0,2-3-1,2120,9,2-3,420,1,1-2-3,790,5,2-3,340,1
20250922,江戸川,1,予選,曇り,東,2,1,2,3,4510,坂 本 奈 央,60,40,6.60,3,0.12,1.51.5,2-3-1,2120,9,2-3,420,1,1-2-3,790,5,2-3,340,1
20250922,江戸川,1,予選,曇り,東,2,1,3,1,3355,橋谷田 佳 織,38,65,6.66,1,0.28,1.53.7,2-3-1,2120,9,2-3,420,1,1-2-3,790,5,2-3,340,1
20250922,江戸川,1,予選,曇り,東,2,1,4,6,3334,角 ひとみ,69,69,6.72,6,0.20,1.54.6,2-3-1,2120,9,2-3,420,1,1-2-3,790,5,2-3,340,1
20250922,江戸川,1,予選,曇り,東,2,1,5,5,5287,滝 沢 織 寧,67,13,6.66,5,0.16,1.55.8,2-3-1,2120,9,2-3,420,1,1-2-3,790,5,2-3,340,1
20250922,江戸川,1,予選,曇り,東,2,1,6,4,5108,柴 田 愛 梨,56,34,6.71,4,0.22,2.00.4,2-3-1,2120,9,2-3,420,1,1-2-3,790,5,2-3,340,1
20250922,江戸川,2,予選,曇り,南東,2,1,1,4,4819,蜂 須 瑞 生,58,39,6.56,4,0.03,1.48.9,4-5-1,3900,12,4-5,740,4,1-4-5,1250,5,4-5,810,4
20250922,江戸川,2,予選,曇り,南東,2,1,2,5,4791,黒 澤 めぐみ,33,50,6.66,5,0.13,1.50.8,4-5-1,3900,12,4-5,740,4,1-4-5,1250,5,4-5,810,4
20250922,江戸川,2,予選,曇り,南東,2,1,3,1,5251,沼 田 七 華,28,43,6.58,1,0.23,1.53.8,4-5-1,3900,12,4-5,740,4,1-4-5,1250,5,4-5,810,4
20250922,江戸川,2,予選,曇り,南東,2,1,4,2,4845,前 田 紗 希,59,26,6.59,2,0.24,1.54.2,4-5-1,3900,12,4-5,740,4,1-4-5,1250,5,4-5,810,4
20250922,江戸川,2,予選,曇り,南東,2,1,5,6,5327,西 田 和 加,49,75,6.64,6,0.17,1.55.3,4-5-1,3900,12,4-5,740,4,1-4-5,1250,5,4-5,810,4
20250922,江戸川,2,予選,曇り,南東,2,1,6,3,5320,岩 崎 麗 子,54,62,6.57,3,0.20,1.58.3,4-5-1,3900,12,4-5,740,4,1-4-5,1250,5,4-5,810,4
20250922,江戸川,3,予選,曇り,東,2,1,1,2,5069,山 崎 小葉音,23,27,6.57,1,0.15,1.49.8,2-3-5,1500,6,2-3,740,4,2-3-5,430,2,2-3,610,3
20250922,江戸川,3,予選,曇り,東,2,1,2,3,4987,島 倉 都,70,49,6.73,3,0.23,1.51.3,2-3-5,1500,6,2-3,740,4,2-3-5,430,2,2-3,610,3
20250922,江戸川,3,予選,曇り,東,2,1,3,5,4611,今 井 美 亜,18,58,6.63,4,0.28,1.53.3,2-3-5,1500,6,2-3,740,4,2-3-5,430,2,2-3,610,3
20250922,江戸川,3,予選,曇り,東,2,1,4,6,4994,山 本 梨 菜,41,32,6.71,5,0.45,1.54.4,2-3-5,1500,6,2-3,740,4,2-3-5,430,2,2-3,610,3
20250922,江戸川,3,予選,曇り,東,2,1,5,1,5322,根 岸 真 優,45,68,6.66,2,0.24,1.57.4,2-3-5,1500,6,2-3,740,4,2-3-5,430,2,2-3,610,3
20250922,江戸川,3,予選,曇り,東,2,1,6,4,5347,井 澤 聖 奈,50,30,6.68,6,0.45,1.58.3,2-3-5,1500,6,2-3,740,4,2-3-5,430,2,2-3,610,3
20250922,江戸川,4,予選,曇り,東,4,3,1,4,4589,塩 崎 桐 加,63,16,6.68,4,0.15,1.50.4,4-6-2,9760,42,4-6,1770,6,2-4-6,2900,13,4-6,1570,8
20250922,江戸川,4,予選,曇り,東,4,3,2,6,4225,土 屋 千 明,12,38,6.65,6,0.23,1.51.4,4-6-2,9760,42,4-6,1770,6,2-4-6,2900,13,4-6,1570,8
20250922,江戸川,4,予選,曇り,東,4,3,3,2,4400,加 藤 奈 月,61,47,6.63,2,0.22,1.54.3,4-6-2,9760,42,4-6,1770,6,2-4-6,2900,13,4-6,1570,8
20250922,江戸川,4,予選,曇り,東,4,3,4,1,4283,石 井 裕 美,72,36,6.61,1,0.11,1.55.1,4-6-2,9760,42,4-6,1770,6,2-4-6,2900,13,4-6,1570,8
20250922,江戸川,4,予選,曇り,東,4,3,5,3,4738,清 埜 翔 子,42,18,6.63,3,0.23,1.57.0,4-6-2,9760,42,4-6,1770,6,2-4-6,2900,13,4-6,1570,8
20250922,江戸川,4,予選,曇り,東,4,3,6,5,4726,島 田 なぎさ,26,59,6.58,5,0.13,2.00.4,4-6-2,9760,42,4-6,1770,6,2-4-6,2900,13,4-6,1570,8
20250922,江戸川,5,予選,曇り,東,5,4,1,1,4823,中 村 桃 佳,47,44,6.59,1,0.18,1.50.9,1-5-4,5260,18,1-5,830,3,1-4-5,1670,8,1-5,490,3
20250922,江戸川,5,予選,曇り,東,5,4,2,5,4900,中 田 夕 貴,32,25,6.63,5,0.16,1.51.9,1-5-4,5260,18,1-5,830,3,1-4-5,1670,8,1-5,490,3
20250922,江戸川,5,予選,曇り,東,5,4,3,4,4510,坂 本 奈 央,60,40,6.54,4,0.23,1.53.5,1-5-4,5260,18,1-5,830,3,1-4-5,1670,8,1-5,490,3
20250922,江戸川,5,予選,曇り,東,5,4,4,2,4183,宇 野 弥 生,15,23,6.65,2,0.13,1.53.6,1-5-4,5260,18,1-5,830,3,1-4-5,1670,8,1-5,490,3
20250922,江戸川,5,予選,曇り,東,5,4,5,6,4901,出 口 舞有子,57,11,6.60,6,0.20,1.55.5,1-5-4,5260,18,1-5,830,3,1-4-5,1670,8,1-5,490,3
20250922,江戸川,5,予選,曇り,東,5,4,6,3,4065,金 田 幸 子,71,57,6.62,3,0.22,1.58.4,1-5-4,5260,18,1-5,830,3,1-4-5,1670,8,1-5,490,3
20250922,江戸川,6,ドラドキ目玉,曇り,東,4,3,1,4,5254,羽 田 妃 希,53,64,6.54,4,0.09,1.49.9,4-3-2,22390,49,4-3,4780,13,2-3-4,4110,10,3-4,2190,7
20250922,江戸川,6,ドラドキ目玉,曇り,東,4,3,2,3,4414,大 澤 真 菜,11,74,6.60,3,0.10,1.52.2,4-3-2,22390,49,4-3,4780,13,2-3-4,4110,10,3-4,2190,7
20250922,江戸川,6,ドラドキ目玉,曇り,東,4,3,3,2,4098,赤 澤 文 香,29,45,6.67,2,0.21,1.53.2,4-3-2,22390,49,4-3,4780,13,2-3-4,4110,10,3-4,2190,7
20250922,江戸川,6,ドラドキ目玉,曇り,東,4,3,4,1,4240,今 井 裕 梨,64,67,6.54,1,0.18,1.55.2,4-3-2,22390,49,4-3,4780,13,2-3-4,4110,10,3-4,2190,7
20250922,江戸川,6,ドラドキ目玉,曇り,東,4,3,5,6,4224,大 橋 栄里佳,74,72,6.70,6,0.30,1.56.2,4-3-2,22390,49,4-3,4780,13,2-3-4,4110,10,3-4,2190,7
20250922,江戸川,6,ドラドキ目玉,曇り,東,4,3,6,5,5108,柴 田 愛 梨,56,34,6.65,5,0.33,1.58.9,4-3-2,22390,49,4-3,4780,13,2-3-4,4110,10,3-4,2190,7
20250922,江戸川,7,ドラドキ３,曇り,東,3,2,1,1,3900,香 川 素 子,20,12,6.58,1,0.18,1.49.8,1-3-4,1450,5,1-3,170,1,1-3-4,780,3,1-3,130,1
20250922,江戸川,7,ドラドキ３,曇り,東,3,2,2,3,4190,長 嶋 万 記,40,61,6.60,3,0.15,1.51.3,1-3-4,1450,5,1-3,170,1,1-3-4,780,3,1-3,130,1
20250922,江戸川,7,ドラドキ３,曇り,東,3,2,3,4,5320,岩 崎 麗 子,54,62,6.58,4,0.11,1.53.9,1-3-4,1450,5,1-3,170,1,1-3-4,780,3,1-3,130,1
20250922,江戸川,7,ドラドキ３,曇り,東,3,2,4,6,5213,湯 淺 紀 香,36,22,6.68,6,0.13,1.55.4,1-3-4,1450,5,1-3,170,1,1-3-4,780,3,1-3,130,1
20250922,江戸川,7,ドラドキ３,曇り,東,3,2,5,5,5347,井 澤 聖 奈,50,30,6.60,5,0.12,1.55.6,1-3-4,1450,5,1-3,170,1,1-3-4,780,3,1-3,130,1
20250922,江戸川,7,ドラドキ３,曇り,東,3,2,6,2,5287,滝 沢 織 寧,67,13,6.66,2,0.16,1.58.0,1-3-4,1450,5,1-3,170,1,1-3-4,780,3,1-3,130,1
20250922,江戸川,8,ドラドキ５,曇り,東,3,2,1,5,4456,鎌 倉 涼,24,71,6.66,5,0.16,1.49.7,5-3-2,23160,42,5-3,3340,8,2-3-5,4810,14,3-5,1550,6
20250922,江戸川,8,ドラドキ５,曇り,東,3,2,2,3,5306,河 内 悠利杏,35,33,6.60,3,0.13,1.51.5,5-3-2,23160,42,5-3,3340,8,2-3-5,4810,14,3-5,1550,6
20250922,江戸川,8,ドラドキ５,曇り,東,3,2,3,2,3355,橋谷田 佳 織,38,65,6.64,2,0.17,1.53.6,5-3-2,23160,42,5-3,3340,8,2-3-5,4810,14,3-5,1550,6
20250922,江戸川,8,ドラドキ５,曇り,東,3,2,4,1,4478,櫻 本 あゆみ,46,19,6.60,1,0.15,1.55.0,5-3-2,23160,42,5-3,3340,8,2-3-5,4810,14,3-5,1550,6
20250922,江戸川,8,ドラドキ５,曇り,東,3,2,5,6,4694,高 田 綾,19,73,6.70,6,0.18,1.56.5,5-3-2,23160,42,5-3,3340,8,2-3-5,4810,14,3-5,1550,6
20250922,江戸川,8,ドラドキ５,曇り,東,3,2,6,4,5327,西 田 和 加,49,75,6.64,4,0.14,1.59.1,5-3-2,23160,42,5-3,3340,8,2-3-5,4810,14,3-5,1550,6
20250922,江戸川,9,予選,曇り,東,2,1,1,2,5163,清 水 愛 海,39,41,6.62,2,0.17,1.48.9,2-1-4,3240,10,2-1,600,2,1-2-4,660,3,1-2,230,1
20250922,江戸川,9,予選,曇り,東,2,1,2,1,4819,蜂 須 瑞 生,58,39,6.60,1,0.19,1.50.4,2-1-4,3240,10,2-1,600,2,1-2-4,660,3,1-2,230,1
20250922,江戸川,9,予選,曇り,東,2,1,3,4,3334,角 ひとみ,69,69,6.59,4,0.23,1.52.7,2-1-4,3240,10,2-1,600,2,1-2-4,660,3,1-2,230,1
20250922,江戸川,9,予選,曇り,東,2,1,4,3,4373,若 狭 奈美子,51,54,6.60,3,0.24,1.53.7,2-1-4,3240,10,2-1,600,2,1-2-4,660,3,1-2,230,1
20250922,江戸川,9,予選,曇り,東,2,1,5,5,4400,加 藤 奈 月,61,47,6.64,5,0.24,1.54.0,2-1-4,3240,10,2-1,600,2,1-2-4,660,3,1-2,230,1
20250922,江戸川,9,予選,曇り,東,2,1,6,6,4900,中 田 夕 貴,32,25,6.64,6,0.19,1.55.7,2-1-4,3240,10,2-1,600,2,1-2-4,660,3,1-2,230,1
20250922,江戸川,10,予選特賞,曇り,東,3,2,1,1,4501,樋 口 由加里,68,24,6.57,1,0.18,1.49.4,1-2-4,1160,3,1-2,290,1,1-2-4,410,2,1-2,230,1
20250922,江戸川,10,予選特賞,曇り,東,3,2,2,2,4225,土 屋 千 明,12,38,6.68,2,0.15,1.51.1,1-2-4,1160,3,1-2,290,1,1-2-4,410,2,1-2,230,1
20250922,江戸川,10,予選特賞,曇り,東,3,2,3,4,5069,山 崎 小葉音,23,27,6.63,4,0.16,1.53.1,1-2-4,1160,3,1-2,290,1,1-2-4,410,2,1-2,230,1
20250922,江戸川,10,予選特賞,曇り,東,3,2,4,3,4823,中 村 桃 佳,47,44,6.70,3,0.19,1.53.9,1-2-4,1160,3,1-2,290,1,1-2-4,410,2,1-2,230,1
20250922,江戸川,10,予選特賞,曇り,東,3,2,5,6,4536,喜 井 つかさ,31,29,6.63,6,0.22,1.54.9,1-2-4,1160,3,1-2,290,1,1-2-4,410,2,1-2,230,1
20250922,江戸川,10,予選特賞,曇り,東,3,2,6,5,4891,寺 島 美 里,27,55,6.65,5,0.14,1.55.0,1-2-4,1160,3,1-2,290,1,1-2-4,410,2,1-2,230,1
20250922,江戸川,11,予選特選,曇り,東,2,1,1,1,4791,黒 澤 めぐみ,33,50,6.60,1,0.21,1.49.4,1-4-3,1610,5,1-4,590,2,1-3-4,330,1,1-4,490,2
20250922,江戸川,11,予選特選,曇り,東,2,1,2,4,4738,清 埜 翔 子,42,18,6.61,4,0.22,1.51.0,1-4-3,1610,5,1-4,590,2,1-3-4,330,1,1-4,490,2
20250922,江戸川,11,予選特選,曇り,東,2,1,3,3,4994,山 本 梨 菜,41,32,6.59,3,0.26,1.52.4,1-4-3,1610,5,1-4,590,2,1-3-4,330,1,1-4,490,2
20250922,江戸川,11,予選特選,曇り,東,2,1,4,2,4901,出 口 舞有子,57,11,6.65,2,0.27,1.53.5,1-4-3,1610,5,1-4,590,2,1-3-4,330,1,1-4,490,2
20250922,江戸川,11,予選特選,曇り,東,2,1,5,5,4414,大 澤 真 菜,11,74,6.63,5,0.17,1.54.3,1-4-3,1610,5,1-4,590,2,1-3-4,330,1,1-4,490,2
20250922,江戸川,11,予選特選,曇り,東,2,1,6,6,3999,大 瀧 明日香,13,17,6.73,6,0.15,1.54.9,1-4-3,1610,5,1-4,590,2,1-3-4,330,1,1-4,490,2
20250922,江戸川,12,ＤＫドリーム,曇り,東,2,1,1,3,4240,今 井 裕 梨,64,67,6.64,3,0.17,1.49.1,3-4-1,14660,35,3-4,4910,10,1-3-4,740,3,3-4,2330,7
20250922,江戸川,12,ＤＫドリーム,曇り,東,2,1,2,4,4611,今 井 美 亜,18,58,6.62,4,0.18,1.50.7,3-4-1,14660,35,3-4,4910,10,1-3-4,740,3,3-4,2330,7
20250922,江戸川,12,ＤＫドリーム,曇り,東,2,1,3,1,4456,鎌 倉 涼,24,71,6.59,1,0.26,1.52.2,3-4-1,14660,35,3-4,4910,10,1-3-4,740,3,3-4,2330,7
20250922,江戸川,12,ＤＫドリーム,曇り,東,2,1,4,6,4845,前 田 紗 希,59,26,6.66,6,0.16,1.53.1,3-4-1,14660,35,3-4,4910,10,1-3-4,740,3,3-4,2330,7
20250922,江戸川,12,ＤＫドリーム,曇り,東,2,1,5,2,4190,長 嶋 万 記,40,61,6.67,2,0.26,1.54.3,3-4-1,14660,35,3-4,4910,10,1-3-4,740,3,3-4,2330,7
20250922,江戸川,12,ＤＫドリーム,曇り,東,2,1,6,5,4183,宇 野 弥 生,15,23,6.64,5,0.15,1.55.3,3-4-1,14660,35,3-4,4910,10,1-3-4,740,3,3-4,2330,7
