date,venue_name,race_no,race_type,weather,wind_dir,wind_ms,wave_cm,rank,waku,reg_no,name,motor_no,boat_no,exhibition_time,course_enter,st_timing,race_time,won3,won3_pay,won3_pop,won2,won2_pay,won2_pop,trio,trio_pay,trio_pop,pair,pair_pay,pair_pop,lap_time,turn_time,straight_time,lap_rank,turn_rank,straight_rank,exhibition_eval
20250419,丸亀,1,予選,晴,北西,3,3,1,1,4103,山 崎 善 庸,1,7,6.95,1,0.19,1.51.9,1-4-6,2880,9,1-4,650,2,1-4-6,1080,4,1-4,340,2,,,,,,,
20250419,丸亀,1,予選,晴,北西,3,3,2,4,4252,松 下 哲 也,25,22,6.93,4,0.24,1.53.0,1-4-6,2880,9,1-4,650,2,1-4-6,1080,4,1-4,340,2,,,,,,,
20250419,丸亀,1,予選,晴,北西,3,3,3,6,4708,半 田 尚 也,52,20,6.99,6,0.18,1.54.2,1-4-6,2880,9,1-4,650,2,1-4-6,1080,4,1-4,340,2,,,,,,,
20250419,丸亀,1,予選,晴,北西,3,3,4,3,4408,仁 科 さやか,55,13,6.98,3,0.09,1.55.0,1-4-6,2880,9,1-4,650,2,1-4-6,1080,4,1-4,340,2,,,,,,,
20250419,丸亀,1,予選,晴,北西,3,3,5,2,4429,豊 田 泰 洋,61,59,7.02,2,0.17,1.59.7,1-4-6,2880,9,1-4,650,2,1-4-6,1080,4,1-4,340,2,,,,,,,
20250419,丸亀,1,予選,晴,北西,3,3,6,5,3893,汐 崎 正 則,2,47,6.97,5,0.20,2.06.2,1-4-6,2880,9,1-4,650,2,1-4-6,1080,4,1-4,340,2,,,,,,,
20250419,丸亀,2,予選,晴,北西,2,2,1,1,5085,中 村 栄 治,41,46,6.89,1,0.17,1.50.5,1-2-4,3050,8,1-2,970,5,1-2-4,710,2,1-2,340,1,,,,,,,
20250419,丸亀,2,予選,晴,北西,2,2,2,2,4506,稗 田 聖 也,20,14,6.90,2,0.14,1.51.5,1-2-4,3050,8,1-2,970,5,1-2-4,710,2,1-2,340,1,,,,,,,
20250419,丸亀,2,予選,晴,北西,2,2,3,4,4151,下 河 誉 史,60,19,6.92,4,0.25,1.53.1,1-2-4,3050,8,1-2,970,5,1-2-4,710,2,1-2,340,1,,,,,,,
20250419,丸亀,2,予選,晴,北西,2,2,4,3,4925,森 悠 稀,62,44,6.93,3,0.16,1.54.5,1-2-4,3050,8,1-2,970,5,1-2-4,710,2,1-2,340,1,,,,,,,
20250419,丸亀,2,予選,晴,北西,2,2,5,5,5299,西 丸 敦 基,4,5,6.88,5,0.23,1.55.1,1-2-4,3050,8,1-2,970,5,1-2-4,710,2,1-2,340,1,,,,,,,
20250419,丸亀,2,予選,晴,北西,2,2,6,6,4161,黒 柳 浩 孝,13,8,6.91,6,0.26,1.55.2,1-2-4,3050,8,1-2,970,5,1-2-4,710,2,1-2,340,1,,,,,,,
20250419,丸亀,3,予選,晴,北西,2,2,1,1,3920,正 木 聖 賢,50,43,6.93,1,0.18,1.51.0,1-2-5,1680,5,1-2,390,2,1-2-5,870,4,1-2,380,2,,,,,,,
20250419,丸亀,3,予選,晴,北西,2,2,2,2,4131,原 豊 土,54,10,6.87,2,0.15,1.51.9,1-2-5,1680,5,1-2,390,2,1-2-5,870,4,1-2,380,2,,,,,,,
20250419,丸亀,3,予選,晴,北西,2,2,3,5,4210,松 村 康 太,66,57,7.04,5,0.18,1.52.5,1-2-5,1680,5,1-2,390,2,1-2-5,870,4,1-2,380,2,,,,,,,
20250419,丸亀,3,予選,晴,北西,2,2,4,6,4488,小 山 勉,10,2,6.95,6,0.18,1.53.8,1-2-5,1680,5,1-2,390,2,1-2-5,870,4,1-2,380,2,,,,,,,
20250419,丸亀,3,予選,晴,北西,2,2,5,3,5218,山 田 理 央,35,34,6.87,3,0.12,1.54.9,1-2-5,1680,5,1-2,390,2,1-2-5,870,4,1-2,380,2,,,,,,,
20250419,丸亀,3,予選,晴,北西,2,2,6,4,4213,重 富 伸 也,23,58,7.05,4,0.21,1.56.2,1-2-5,1680,5,1-2,390,2,1-2-5,870,4,1-2,380,2,,,,,,,
20250419,丸亀,4,予選,晴,北西,1,1,1,2,4276,鈴 木 勝 博,47,25,6.93,2,0.04,1.49.9,2-1-3,980,1,2-1,320,1,1-2-3,400,1,1-2,250,1,,,,,,,
20250419,丸亀,4,予選,晴,北西,1,1,2,1,3455,谷 本 幸 司,48,23,7.01,1,0.06,1.51.1,2-1-3,980,1,2-1,320,1,1-2-3,400,1,1-2,250,1,,,,,,,
20250419,丸亀,4,予選,晴,北西,1,1,3,3,4894,原 村 拓 也,7,33,6.94,3,0.09,1.53.1,2-1-3,980,1,2-1,320,1,1-2-3,400,1,1-2,250,1,,,,,,,
20250419,丸亀,4,予選,晴,北西,1,1,4,4,4714,喜多須 杏 奈,29,53,7.02,4,0.16,1.54.0,2-1-3,980,1,2-1,320,1,1-2-3,400,1,1-2,250,1,,,,,,,
20250419,丸亀,4,予選,晴,北西,1,1,5,6,4140,梶 野 学 志,38,62,7.00,6,0.15,1.54.7,2-1-3,980,1,2-1,320,1,1-2-3,400,1,1-2,250,1,,,,,,,
20250419,丸亀,4,予選,晴,北西,1,1,6,5,3975,小野寺 智 洋,21,21,6.94,5,0.16,1.55.6,2-1-3,980,1,2-1,320,1,1-2-3,400,1,1-2,250,1,,,,,,,
20250419,丸亀,5,予選,晴,北西,1,1,1,2,4301,関 裕 也,56,26,6.98,1,0.15,1.50.2,2-4-1,20840,50,2-4,8880,20,1-2-4,530,2,2-4,3910,9,,,,,,,
20250419,丸亀,5,予選,晴,北西,1,1,2,4,4590,渡 邉 優 美,11,52,6.91,4,0.10,1.50.9,2-4-1,20840,50,2-4,8880,20,1-2-4,530,2,2-4,3910,9,,,,,,,
20250419,丸亀,5,予選,晴,北西,1,1,3,1,4263,武 重 雄 介,46,27,6.92,2,0.10,1.52.9,2-4-1,20840,50,2-4,8880,20,1-2-4,530,2,2-4,3910,9,,,,,,,
20250419,丸亀,5,予選,晴,北西,1,1,4,6,4625,渡 邊 裕 貴,51,31,6.90,6,0.07,1.54.1,2-4-1,20840,50,2-4,8880,20,1-2-4,530,2,2-4,3910,9,,,,,,,
20250419,丸亀,5,予選,晴,北西,1,1,5,3,4725,佐 竹 太 一,65,61,6.97,3,0.43,1.54.9,2-4-1,20840,50,2-4,8880,20,1-2-4,530,2,2-4,3910,9,,,,,,,
20250419,丸亀,5,予選,晴,北西,1,1,6,5,4939,宮之原 輝 紀,44,32,7.01,5,0.11,1.56.8,2-4-1,20840,50,2-4,8880,20,1-2-4,530,2,2-4,3910,9,,,,,,,
20250419,丸亀,6,カチ勝ち６,晴,北西,1,1,1,1,4319,三 宅 潤,5,64,6.96,1,0.09,1.50.8,1-3-4,1100,1,1-3,650,3,1-3-4,320,1,1-3,410,2,,,,,,,
20250419,丸亀,6,カチ勝ち６,晴,北西,1,1,2,3,3618,海 野 ゆかり,15,12,6.97,3,0.08,1.51.6,1-3-4,1100,1,1-3,650,3,1-3-4,320,1,1-3,410,2,,,,,,,
20250419,丸亀,6,カチ勝ち６,晴,北西,1,1,3,4,4518,大須賀 友,3,18,6.83,5,0.12,1.53.1,1-3-4,1100,1,1-3,650,3,1-3-4,320,1,1-3,410,2,,,,,,,
20250419,丸亀,6,カチ勝ち６,晴,北西,1,1,4,6,4952,吉 武 真 也,39,55,6.93,6,0.17,1.54.5,1-3-4,1100,1,1-3,650,3,1-3-4,320,1,1-3,410,2,,,,,,,
20250419,丸亀,6,カチ勝ち６,晴,北西,1,1,5,5,4252,松 下 哲 也,25,22,6.88,4,0.19,1.55.9,1-3-4,1100,1,1-3,650,3,1-3-4,320,1,1-3,410,2,,,,,,,
20250419,丸亀,6,カチ勝ち６,晴,北西,1,1,6,2,5085,中 村 栄 治,41,46,6.90,2,0.09,1.56.7,1-3-4,1100,1,1-3,650,3,1-3-4,320,1,1-3,410,2,,,,,,,
20250419,丸亀,7,穴ガチ７,晴,北西,1,1,1,2,3897,白 井 英 治,37,63,6.94,2,0.14,1.49.8,2-1-3,630,2,2-1,420,2,1-2-3,170,1,1-2,210,1,,,,,,,
20250419,丸亀,7,穴ガチ７,晴,北西,1,1,2,1,4151,下 河 誉 史,60,19,6.86,1,0.13,1.51.0,2-1-3,630,2,2-1,420,2,1-2-3,170,1,1-2,210,1,,,,,,,
20250419,丸亀,7,穴ガチ７,晴,北西,1,1,3,3,3576,白 水 勝 也,6,11,6.96,3,0.15,1.52.3,2-1-3,630,2,2-1,420,2,1-2-3,170,1,1-2,210,1,,,,,,,
20250419,丸亀,7,穴ガチ７,晴,北西,1,1,4,5,4213,重 富 伸 也,23,58,6.97,5,0.14,1.54.4,2-1-3,630,2,2-1,420,2,1-2-3,170,1,1-2,210,1,,,,,,,
20250419,丸亀,7,穴ガチ７,晴,北西,1,1,5,6,4529,嶋 義 信,27,51,6.99,6,0.19,1.55.2,2-1-3,630,2,2-1,420,2,1-2-3,170,1,1-2,210,1,,,,,,,
20250419,丸亀,7,穴ガチ７,晴,北西,1,1,6,4,4408,仁 科 さやか,55,13,6.90,4,0.15,1.57.1,2-1-3,630,2,2-1,420,2,1-2-3,170,1,1-2,210,1,,,,,,,
20250419,丸亀,8,ガチ勝゛ち８ 進入固定,晴,北西,1,1,1,1,4161,黒 柳 浩 孝,13,8,6.89,1,0.12,1.51.4,1-2-3,690,2,1-2,290,1,1-2-3,290,2,1-2,240,1,,,,,,,
20250419,丸亀,8,ガチ勝゛ち８ 進入固定,晴,北西,1,1,2,2,3975,小野寺 智 洋,21,21,6.90,2,0.17,1.52.2,1-2-3,690,2,1-2,290,1,1-2-3,290,2,1-2,240,1,,,,,,,
20250419,丸亀,8,ガチ勝゛ち８ 進入固定,晴,北西,1,1,3,3,5114,小 林 孝 彰,63,3,6.87,3,0.18,1.52.6,1-2-3,690,2,1-2,290,1,1-2-3,290,2,1-2,240,1,,,,,,,
20250419,丸亀,8,ガチ勝゛ち８ 進入固定,晴,北西,1,1,4,4,4210,松 村 康 太,66,57,7.00,4,0.28,1.54.8,1-2-3,690,2,1-2,290,1,1-2-3,290,2,1-2,240,1,,,,,,,
20250419,丸亀,8,ガチ勝゛ち８ 進入固定,晴,北西,1,1,5,6,5215,石 丸 小 槙,9,56,6.89,6,0.25,1.56.8,1-2-3,690,2,1-2,290,1,1-2-3,290,2,1-2,240,1,,,,,,,
20250419,丸亀,8,ガチ勝゛ち８ 進入固定,晴,北西,1,1,6,5,4429,豊 田 泰 洋,61,59,7.05,5,0.33,1.57.3,1-2-3,690,2,1-2,290,1,1-2-3,290,2,1-2,240,1,,,,,,,
20250419,丸亀,9,ウチまる特賞,晴,北東,1,1,1,1,4488,小 山 勉,10,2,6.92,1,0.11,1.50.5,1-3-4,710,1,1-3,340,2,1-3-4,410,2,1-3,230,1,,,,,,,
20250419,丸亀,9,ウチまる特賞,晴,北東,1,1,2,3,3527,中 嶋 誠一郎,40,37,7.08,3,0.22,1.52.3,1-3-4,710,1,1-3,340,2,1-3-4,410,2,1-3,230,1,,,,,,,
20250419,丸亀,9,ウチまる特賞,晴,北東,1,1,3,4,4263,武 重 雄 介,46,27,7.00,4,0.12,1.52.6,1-3-4,710,1,1-3,340,2,1-3-4,410,2,1-3,230,1,,,,,,,
20250419,丸亀,9,ウチまる特賞,晴,北東,1,1,4,5,4714,喜多須 杏 奈,29,53,7.01,5,0.19,1.53.3,1-3-4,710,1,1-3,340,2,1-3-4,410,2,1-3,230,1,,,,,,,
20250419,丸亀,9,ウチまる特賞,晴,北東,1,1,5,2,4708,半 田 尚 也,52,20,6.90,2,0.16,1.54.7,1-3-4,710,1,1-3,340,2,1-3-4,410,2,1-3,230,1,,,,,,,
20250419,丸亀,9,ウチまる特賞,晴,北東,1,1,6,6,4260,中 越 博 紀,30,36,7.02,6,0.18,1.56.7,1-3-4,710,1,1-3,340,2,1-3-4,410,2,1-3,230,1,,,,,,,
20250419,丸亀,10,まるがめ特賞,晴,北東,2,2,1,1,4939,宮之原 輝 紀,44,32,6.86,1,0.18,1.50.5,1-6-5,4070,15,1-6,2520,6,1-5-6,470,2,1-6,2130,6,,,,,,,
20250419,丸亀,10,まるがめ特賞,晴,北東,2,2,2,6,3611,岩 崎 芳 美,43,45,6.94,6,0.15,1.50.9,1-6-5,4070,15,1-6,2520,6,1-5-6,470,2,1-6,2130,6,,,,,,,
20250419,丸亀,10,まるがめ特賞,晴,北東,2,2,3,5,4074,柳 沢 一,31,6,6.92,5,0.20,1.52.7,1-6-5,4070,15,1-6,2520,6,1-5-6,470,2,1-6,2130,6,,,,,,,
20250419,丸亀,10,まるがめ特賞,晴,北東,2,2,4,3,4319,三 宅 潤,5,64,6.86,3,0.18,1.54.1,1-6-5,4070,15,1-6,2520,6,1-5-6,470,2,1-6,2130,6,,,,,,,
20250419,丸亀,10,まるがめ特賞,晴,北東,2,2,5,4,4894,原 村 拓 也,7,33,6.98,4,0.23,1.55.9,1-6-5,4070,15,1-6,2520,6,1-5-6,470,2,1-6,2130,6,,,,,,,
20250419,丸亀,10,まるがめ特賞,晴,北東,2,2,6,2,3893,汐 崎 正 則,2,47,6.98,2,0.21,1.58.0,1-6-5,4070,15,1-6,2520,6,1-5-6,470,2,1-6,2130,6,,,,,,,
20250419,丸亀,11,一般選抜,晴,北東,1,1,1,1,4140,梶 野 学 志,38,62,6.95,1,0.14,1.49.6,1-6-3,5100,21,1-6,1100,6,1-3-6,880,5,1-6,1250,5,,,,,,,
20250419,丸亀,11,一般選抜,晴,北東,1,1,2,6,3576,白 水 勝 也,6,11,6.91,5,0.11,1.50.2,1-6-3,5100,21,1-6,1100,6,1-3-6,880,5,1-6,1250,5,,,,,,,
20250419,丸亀,11,一般選抜,晴,北東,1,1,3,3,4131,原 豊 土,54,10,6.96,3,0.17,1.52.2,1-6-3,5100,21,1-6,1100,6,1-3-6,880,5,1-6,1250,5,,,,,,,
20250419,丸亀,11,一般選抜,晴,北東,1,1,4,4,4725,佐 竹 太 一,65,61,6.98,4,0.14,1.52.7,1-6-3,5100,21,1-6,1100,6,1-3-6,880,5,1-6,1250,5,,,,,,,
20250419,丸亀,11,一般選抜,晴,北東,1,1,5,2,3618,海 野 ゆかり,15,12,6.98,2,0.16,1.54.7,1-6-3,5100,21,1-6,1100,6,1-3-6,880,5,1-6,1250,5,,,,,,,
20250419,丸亀,11,一般選抜,晴,北東,1,1,6,5,4925,森 悠 稀,62,44,7.00,6,0.20,1.56.8,1-6-3,5100,21,1-6,1100,6,1-3-6,880,5,1-6,1250,5,,,,,,,
20250419,丸亀,12,一般選抜,晴,北東,1,1,1,1,4590,渡 邉 優 美,11,52,6.85,1,0.24,1.47.9,1-3-4,3520,12,1-3,290,1,1-3-4,1970,7,1-3,220,1,,,,,,,
20250419,丸亀,12,一般選抜,晴,北東,1,1,2,3,4276,鈴 木 勝 博,47,25,6.84,3,0.19,1.50.3,1-3-4,3520,12,1-3,290,1,1-3-4,1970,7,1-3,220,1,,,,,,,
20250419,丸亀,12,一般選抜,晴,北東,1,1,3,4,5299,西 丸 敦 基,4,5,6.97,5,0.14,1.51.6,1-3-4,3520,12,1-3,290,1,1-3-4,1970,7,1-3,220,1,,,,,,,
20250419,丸亀,12,一般選抜,晴,北東,1,1,4,5,3897,白 井 英 治,37,63,6.95,4,0.19,1.52.1,1-3-4,3520,12,1-3,290,1,1-3-4,1970,7,1-3,220,1,,,,,,,
20250419,丸亀,12,一般選抜,晴,北東,1,1,5,2,5218,山 田 理 央,35,34,6.89,2,0.29,1.54.8,1-3-4,3520,12,1-3,290,1,1-3-4,1970,7,1-3,220,1,,,,,,,
20250419,丸亀,12,一般選抜,晴,北東,1,1,6,6,4518,大須賀 友,3,18,6.93,6,0.12,1.58.1,1-3-4,3520,12,1-3,290,1,1-3-4,1970,7,1-3,220,1,,,,,,,
20250419,唐津,1,朝１戦,晴,南,5,5,1,1,4515,藤 田 浩 人,59,36,6.67,1,0.22,1.50.8,1-2-6,2410,9,1-2,290,2,1-2-6,1110,5,1-2,210,1,,,,,,,
20250419,唐津,1,朝１戦,晴,南,5,5,2,2,3680,森 林 太,18,23,6.74,2,0.33,1.52.0,1-2-6,2410,9,1-2,290,2,1-2-6,1110,5,1-2,210,1,,,,,,,
20250419,唐津,1,朝１戦,晴,南,5,5,3,6,3701,大 西 隆 洋,53,7,6.76,4,0.21,1.54.1,1-2-6,2410,9,1-2,290,2,1-2-6,1110,5,1-2,210,1,,,,,,,
20250419,唐津,1,朝１戦,晴,南,5,5,4,3,3860,松 本 浩 貴,21,15,6.73,5,0.32,1.55.8,1-2-6,2410,9,1-2,290,2,1-2-6,1110,5,1-2,210,1,,,,,,,
20250419,唐津,1,朝１戦,晴,南,5,5,5,4,3934,鋤 柄 貴 俊,57,40,6.82,3,0.36,1.57.4,1-2-6,2410,9,1-2,290,2,1-2-6,1110,5,1-2,210,1,,,,,,,
20250419,唐津,1,朝１戦,晴,南,5,5,6,5,5335,森 陽 多,27,32,6.70,6,0.21,1.59.2,1-2-6,2410,9,1-2,290,2,1-2-6,1110,5,1-2,210,1,,,,,,,
20250419,唐津,2,モー２ング戦,晴,南,5,5,1,1,4584,村 岡 賢 人,40,34,6.68,1,0.15,1.49.3,1-3-6,2390,9,1-3,360,2,1-3-6,1660,7,1-3,380,2,,,,,,,
20250419,唐津,2,モー２ング戦,晴,南,5,5,2,3,3910,松 下 知 幸,64,18,6.77,3,0.16,1.51.7,1-3-6,2390,9,1-3,360,2,1-3-6,1660,7,1-3,380,2,,,,,,,
20250419,唐津,2,モー２ング戦,晴,南,5,5,3,6,5276,大 島 隆乃介,13,3,6.69,6,0.16,1.52.6,1-3-6,2390,9,1-3,360,2,1-3-6,1660,7,1-3,380,2,,,,,,,
20250419,唐津,2,モー２ング戦,晴,南,5,5,4,2,3621,天 野 晶 夫,23,4,6.73,2,0.21,1.53.4,1-3-6,2390,9,1-3,360,2,1-3-6,1660,7,1-3,380,2,,,,,,,
20250419,唐津,2,モー２ング戦,晴,南,5,5,5,4,4339,平 瀬 城 啓,42,24,6.71,4,0.24,1.53.8,1-3-6,2390,9,1-3,360,2,1-3-6,1660,7,1-3,380,2,,,,,,,
20250419,唐津,2,モー２ング戦,晴,南,5,5,6,5,4744,伊 藤 玲 奈,17,25,6.70,5,0.16,1.56.3,1-3-6,2390,9,1-3,360,2,1-3-6,1660,7,1-3,380,2,,,,,,,
20250419,唐津,3,３ライズ戦,晴,南,6,6,1,6,4116,川 田 正 人,22,41,6.72,5,0.24,1.50.2,6-3-1,15490,37,6-3,5160,14,1-3-6,330,1,3-6,1360,5,,,,,,,
20250419,唐津,3,３ライズ戦,晴,南,6,6,2,3,4553,坪 口 竜 也,24,21,6.75,3,0.26,1.51.8,6-3-1,15490,37,6-3,5160,14,1-3-6,330,1,3-6,1360,5,,,,,,,
20250419,唐津,3,３ライズ戦,晴,南,6,6,3,1,3842,星 野 太 郎,38,14,6.77,1,0.36,1.54.1,6-3-1,15490,37,6-3,5160,14,1-3-6,330,1,3-6,1360,5,,,,,,,
20250419,唐津,3,３ライズ戦,晴,南,6,6,4,5,4300,加 藤 綾,49,38,6.74,6,0.17,1.54.9,6-3-1,15490,37,6-3,5160,14,1-3-6,330,1,3-6,1360,5,,,,,,,
20250419,唐津,3,３ライズ戦,晴,南,6,6,5,2,5270,小 玉 啓 太,36,39,6.77,2,0.34,1.55.0,6-3-1,15490,37,6-3,5160,14,1-3-6,330,1,3-6,1360,5,,,,,,,
20250419,唐津,3,３ライズ戦,晴,南,6,6,6,4,5131,江 藤 敦 宏,58,33,6.72,4,0.38,1.59.9,6-3-1,15490,37,6-3,5160,14,1-3-6,330,1,3-6,1360,5,,,,,,,
20250419,唐津,4,おは４戦,晴,南,5,5,1,1,5281,井 上 遥 妃,44,42,6.73,1,0.18,1.50.3,1-3-5,1720,2,1-3,650,1,1-3-5,680,4,1-3,360,1,,,,,,,
20250419,唐津,4,おは４戦,晴,南,5,5,2,3,4259,真 庭 明 志,12,43,6.69,3,0.15,1.51.2,1-3-5,1720,2,1-3,650,1,1-3-5,680,4,1-3,360,1,,,,,,,
20250419,唐津,4,おは４戦,晴,南,5,5,3,5,3158,島 川 光 男,14,30,6.74,5,0.16,1.52.6,1-3-5,1720,2,1-3,650,1,1-3-5,680,4,1-3,360,1,,,,,,,
20250419,唐津,4,おは４戦,晴,南,5,5,4,4,4466,南 佑 典,61,19,6.73,4,0.11,1.53.4,1-3-5,1720,2,1-3,650,1,1-3-5,680,4,1-3,360,1,,,,,,,
20250419,唐津,4,おは４戦,晴,南,5,5,5,6,5259,野 田 昇 吾,30,9,6.79,6,0.19,1.54.5,1-3-5,1720,2,1-3,650,1,1-3-5,680,4,1-3,360,1,,,,,,,
20250419,唐津,4,おは４戦,晴,南,5,5,6,2,4106,坂 井 康 嗣,37,17,6.72,2,0.15,1.59.1,1-3-5,1720,2,1-3,650,1,1-3-5,680,4,1-3,360,1,,,,,,,
20250419,唐津,5,レッツ５特賞,晴,南,4,4,1,1,5015,高 橋 竜 矢,51,8,6.68,1,0.11,1.48.3,1-4-6,1670,9,1-4,500,3,1-4-6,830,5,1-4,680,3,,,,,,,
20250419,唐津,5,レッツ５特賞,晴,南,4,4,2,4,3814,金 子 貴 志,34,5,6.78,4,0.08,1.51.2,1-4-6,1670,9,1-4,500,3,1-4-6,830,5,1-4,680,3,,,,,,,
20250419,唐津,5,レッツ５特賞,晴,南,4,4,3,6,3994,小 野 桜,56,28,6.71,6,0.07,1.52.5,1-4-6,1670,9,1-4,500,3,1-4-6,830,5,1-4,680,3,,,,,,,
20250419,唐津,5,レッツ５特賞,晴,南,4,4,4,5,3680,森 林 太,18,23,6.74,5,0.11,1.54.5,1-4-6,1670,9,1-4,500,3,1-4-6,830,5,1-4,680,3,,,,,,,
20250419,唐津,5,レッツ５特賞,晴,南,4,4,5,2,3615,横 田 茂,15,31,6.74,2,0.03,1.58.0,1-4-6,1670,9,1-4,500,3,1-4-6,830,5,1-4,680,3,,,,,,,
20250419,唐津,6,予選,晴,南,7,7,1,5,4288,永 田 啓 二,66,16,6.73,4,0.23,1.50.2,5-3-2,5200,21,5-3,1040,5,2-3-5,1290,6,3-5,510,3,,,,,,,
20250419,唐津,6,予選,晴,南,7,7,2,3,4383,竹 田 吉 行,52,44,6.76,3,0.26,1.53.0,5-3-2,5200,21,5-3,1040,5,2-3-5,1290,6,3-5,510,3,,,,,,,
20250419,唐津,6,予選,晴,南,7,7,3,2,3934,鋤 柄 貴 俊,57,40,6.78,2,0.29,1.53.7,5-3-2,5200,21,5-3,1040,5,2-3-5,1290,6,3-5,510,3,,,,,,,
20250419,唐津,6,予選,晴,南,7,7,4,6,3621,天 野 晶 夫,23,4,6.71,5,0.19,1.53.7,5-3-2,5200,21,5-3,1040,5,2-3-5,1290,6,3-5,510,3,,,,,,,
20250419,唐津,6,予選,晴,南,7,7,5,4,5332,村 松 遥 輝,32,29,6.82,6,0.18,1.55.5,5-3-2,5200,21,5-3,1040,5,2-3-5,1290,6,3-5,510,3,,,,,,,
20250419,唐津,6,予選,晴,南,7,7,6,1,4464,山 下 友 貴,33,26,6.70,1,0.26,1.57.7,5-3-2,5200,21,5-3,1040,5,2-3-5,1290,6,3-5,510,3,,,,,,,
20250419,唐津,7,予選,晴,南,5,5,1,2,4116,川 田 正 人,22,41,6.76,2,0.21,1.49.8,2-4-1,6290,23,2-4,2180,10,1-2-4,340,1,2-4,920,5,,,,,,,
20250419,唐津,7,予選,晴,南,5,5,2,4,5220,青 木 蓮,50,35,6.74,4,0.19,1.52.1,2-4-1,6290,23,2-4,2180,10,1-2-4,340,1,2-4,920,5,,,,,,,
20250419,唐津,7,予選,晴,南,5,5,3,1,5109,川 崎 智 稔,63,37,6.73,1,0.17,1.53.2,2-4-1,6290,23,2-4,2180,10,1-2-4,340,1,2-4,920,5,,,,,,,
20250419,唐津,7,予選,晴,南,5,5,4,5,4515,藤 田 浩 人,59,36,6.72,5,0.24,1.55.3,2-4-1,6290,23,2-4,2180,10,1-2-4,340,1,2-4,920,5,,,,,,,
20250419,唐津,7,予選,晴,南,5,5,5,3,3212,亀 本 勇 樹,19,12,6.81,3,0.31,1.56.5,2-4-1,6290,23,2-4,2180,10,1-2-4,340,1,2-4,920,5,,,,,,,
20250419,唐津,7,予選,晴,南,5,5,6,6,4339,平 瀬 城 啓,42,24,6.71,6,0.27,1.58.9,2-4-1,6290,23,2-4,2180,10,1-2-4,340,1,2-4,920,5,,,,,,,
20250419,唐津,8,８っぴータイ,晴,南,4,4,1,1,4300,加 藤 綾,49,38,6.69,1,0.13,1.49.5,1-3-4,2010,4,1-3,1040,6,1-3-4,380,1,1-3,700,4,,,,,,,
20250419,唐津,8,８っぴータイ,晴,南,4,4,2,3,4556,竹 井 奈 美,54,27,6.79,3,0.18,1.51.2,1-3-4,2010,4,1-3,1040,6,1-3-4,380,1,1-3,700,4,,,,,,,
20250419,唐津,8,８っぴータイ,晴,南,4,4,3,4,4961,西 橋 奈 未,35,10,6.70,4,0.45,1.52.3,1-3-4,2010,4,1-3,1040,6,1-3-4,380,1,1-3,700,4,,,,,,,
20250419,唐津,8,８っぴータイ,晴,南,4,4,4,2,4744,伊 藤 玲 奈,17,25,6.74,2,0.16,1.54.7,1-3-4,2010,4,1-3,1040,6,1-3-4,380,1,1-3,700,4,,,,,,,
20250419,唐津,8,８っぴータイ,晴,南,4,4,5,5,5281,井 上 遥 妃,44,42,6.72,5,0.23,1.55.9,1-3-4,2010,4,1-3,1040,6,1-3-4,380,1,1-3,700,4,,,,,,,
20250419,唐津,8,８っぴータイ,晴,南,4,4,6,6,5155,内 山 七 海,45,6,6.73,6,0.32,1.58.6,1-3-4,2010,4,1-3,1040,6,1-3-4,380,1,1-3,700,4,,,,,,,
20250419,唐津,9,予選,晴,南,6,6,1,2,4581,吉 村 誠,70,45,6.69,2,0.16,1.49.5,2-4-1,6690,21,2-4,2510,9,1-2-4,530,2,2-4,1830,7,,,,,,,
20250419,唐津,9,予選,晴,南,6,6,2,4,5124,上 瀧 絢 也,67,47,6.71,5,0.14,1.50.0,2-4-1,6690,21,2-4,2510,9,1-2-4,530,2,2-4,1830,7,,,,,,,
20250419,唐津,9,予選,晴,南,6,6,3,1,3814,金 子 貴 志,34,5,6.67,1,0.16,1.52.6,2-4-1,6690,21,2-4,2510,9,1-2-4,530,2,2-4,1830,7,,,,,,,
20250419,唐津,9,予選,晴,南,6,6,4,3,5276,大 島 隆乃介,13,3,6.72,3,0.41,1.53.9,2-4-1,6690,21,2-4,2510,9,1-2-4,530,2,2-4,1830,7,,,,,,,
20250419,唐津,9,予選,晴,南,6,6,5,5,3860,松 本 浩 貴,21,15,6.70,4,0.25,1.55.7,2-4-1,6690,21,2-4,2510,9,1-2-4,530,2,2-4,1830,7,,,,,,,
20250419,唐津,9,予選,晴,南,6,6,6,6,4966,田 川 大 貴,28,13,6.79,6,0.07,1.55.9,2-4-1,6690,21,2-4,2510,9,1-2-4,530,2,2-4,1830,7,,,,,,,
20250419,唐津,10,予選特賞,晴,南,5,5,1,1,3538,菊 池 峰 晴,68,46,6.74,1,0.21,1.50.8,1-2-5,1060,2,1-2,310,1,1-2-5,420,2,1-2,280,1,,,,,,,
20250419,唐津,10,予選特賞,晴,南,5,5,2,2,4259,真 庭 明 志,12,43,6.74,2,0.17,1.51.5,1-2-5,1060,2,1-2,310,1,1-2-5,420,2,1-2,280,1,,,,,,,
20250419,唐津,10,予選特賞,晴,南,5,5,3,5,3703,鳥 飼 眞,48,11,6.74,5,0.20,1.53.2,1-2-5,1060,2,1-2,310,1,1-2-5,420,2,1-2,280,1,,,,,,,
20250419,唐津,10,予選特賞,晴,南,5,5,4,4,3994,小 野 桜,56,28,6.69,4,0.25,1.54.1,1-2-5,1060,2,1-2,310,1,1-2-5,420,2,1-2,280,1,,,,,,,
20250419,唐津,10,予選特賞,晴,南,5,5,5,6,3910,松 下 知 幸,64,18,6.71,6,0.18,1.56.0,1-2-5,1060,2,1-2,310,1,1-2-5,420,2,1-2,280,1,,,,,,,
20250419,唐津,10,予選特賞,晴,南,5,5,6,3,3701,大 西 隆 洋,53,7,6.79,3,0.18,1.56.3,1-2-5,1060,2,1-2,310,1,1-2-5,420,2,1-2,280,1,,,,,,,
20250419,唐津,11,宝当特選,晴,南,6,6,1,4,3615,横 田 茂,15,31,6.77,4,0.18,1.52.2,4-6-5,46270,65,4-6,8480,17,4-5-6,7470,15,4-6,6430,11,,,,,,,
20250419,唐津,11,宝当特選,晴,南,6,6,2,6,4466,南 佑 典,61,19,6.75,6,0.15,1.53.1,4-6-5,46270,65,4-6,8480,17,4-5-6,7470,15,4-6,6430,11,,,,,,,
20250419,唐津,11,宝当特選,晴,南,6,6,3,5,4464,山 下 友 貴,33,26,6.72,5,0.18,1.54.5,4-6-5,46270,65,4-6,8480,17,4-5-6,7470,15,4-6,6430,11,,,,,,,
20250419,唐津,11,宝当特選,晴,南,6,6,4,1,5220,青 木 蓮,50,35,6.63,1,0.24,1.57.9,4-6-5,46270,65,4-6,8480,17,4-5-6,7470,15,4-6,6430,11,,,,,,,
20250419,唐津,11,宝当特選,晴,南,6,6,5,2,3842,星 野 太 郎,38,14,6.75,2,0.25,1.59.1,4-6-5,46270,65,4-6,8480,17,4-5-6,7470,15,4-6,6430,11,,,,,,,
20250419,唐津,11,宝当特選,晴,南,6,6,6,3,4700,金 子 和 之,62,22,6.76,3,0.22,2.00.6,4-6-5,46270,65,4-6,8480,17,4-5-6,7470,15,4-6,6430,11,,,,,,,
20250419,唐津,12,ドリーム,晴,南,7,7,1,4,4584,村 岡 賢 人,40,34,6.66,4,0.09,1.49.5,4-1-3,16440,45,4-1,2560,10,1-3-4,1070,5,1-4,450,2,,,,,,,
20250419,唐津,12,ドリーム,晴,南,7,7,2,1,4961,西 橋 奈 未,35,10,6.62,1,0.06,1.50.2,4-1-3,16440,45,4-1,2560,10,1-3-4,1070,5,1-4,450,2,,,,,,,
20250419,唐津,12,ドリーム,晴,南,7,7,3,3,3158,島 川 光 男,14,30,6.69,3,0.09,1.52.9,4-1-3,16440,45,4-1,2560,10,1-3-4,1070,5,1-4,450,2,,,,,,,
20250419,唐津,12,ドリーム,晴,南,7,7,4,6,4553,坪 口 竜 也,24,21,6.71,6,0.16,1.54.5,4-1-3,16440,45,4-1,2560,10,1-3-4,1070,5,1-4,450,2,,,,,,,
20250419,唐津,12,ドリーム,晴,南,7,7,5,5,5015,高 橋 竜 矢,51,8,6.66,5,0.11,1.54.7,4-1-3,16440,45,4-1,2560,10,1-3-4,1070,5,1-4,450,2,,,,,,,
20250419,唐津,12,ドリーム,晴,南,7,7,6,2,4288,永 田 啓 二,66,16,6.71,2,0.06,1.56.1,4-1-3,16440,45,4-1,2560,10,1-3-4,1070,5,1-4,450,2,,,,,,,
20250419,多摩川,1,予選,晴,南東,2,2,1,3,3922,菅 沼 佳 昭,28,61,6.73,3,0.16,1.50.3,3-4-5,5090,24,3-4,2370,10,3-4-5,1260,8,3-4,2010,10,,,,,,,
20250419,多摩川,1,予選,晴,南東,2,2,2,4,3828,明 石 正 之,12,33,6.87,4,0.16,1.51.1,3-4-5,5090,24,3-4,2370,10,3-4-5,1260,8,3-4,2010,10,,,,,,,
20250419,多摩川,1,予選,晴,南東,2,2,3,5,3771,折 下 寛 法,37,70,6.85,5,0.16,1.52.7,3-4-5,5090,24,3-4,2370,10,3-4-5,1260,8,3-4,2010,10,,,,,,,
20250419,多摩川,1,予選,晴,南東,2,2,4,2,4752,西 尾 亮 輔,21,77,6.80,2,0.31,1.53.0,3-4-5,5090,24,3-4,2370,10,3-4-5,1260,8,3-4,2010,10,,,,,,,
20250419,多摩川,1,予選,晴,南東,2,2,5,6,5341,山 道 諄 也,71,51,6.92,6,0.34,,3-4-5,5090,24,3-4,2370,10,3-4-5,1260,8,3-4,2010,10,,,,,,,
20250419,多摩川,1,予選,晴,南東,2,2,6,1,3107,平 岡 重 典,35,76,6.86,1,0.29,,3-4-5,5090,24,3-4,2370,10,3-4-5,1260,8,3-4,2010,10,,,,,,,
20250419,多摩川,2,予選,晴,南東,2,2,1,1,5035,櫻 井 優,68,66,6.79,1,0.20,1.48.8,1-3-5,760,1,1-3,310,1,1-3-5,210,1,1-3,250,1,,,,,,,
20250419,多摩川,2,予選,晴,南東,2,2,2,3,4369,丹 下 将,19,24,6.89,3,0.17,1.50.1,1-3-5,760,1,1-3,310,1,1-3-5,210,1,1-3,250,1,,,,,,,
20250419,多摩川,2,予選,晴,南東,2,2,3,5,5042,畑 田 汰 一,57,45,6.87,5,0.16,1.52.4,1-3-5,760,1,1-3,310,1,1-3-5,210,1,1-3,250,1,,,,,,,
20250419,多摩川,2,予選,晴,南東,2,2,4,6,4327,加 藤 翔,13,85,6.81,6,0.21,1.53.5,1-3-5,760,1,1-3,310,1,1-3-5,210,1,1-3,250,1,,,,,,,
20250419,多摩川,2,予選,晴,南東,2,2,5,2,5301,岩 下 巧 斗,56,74,6.84,2,0.12,,1-3-5,760,1,1-3,310,1,1-3-5,210,1,1-3,250,1,,,,,,,
20250419,多摩川,2,予選,晴,南東,2,2,6,4,5187,小 坂 風 太,55,29,6.87,4,0.17,,1-3-5,760,1,1-3,310,1,1-3-5,210,1,1-3,250,1,,,,,,,
20250419,多摩川,3,予選,晴,南東,2,2,1,2,4441,末 永 由 楽,15,60,6.84,2,0.19,1.49.1,2-4-3,1970,5,2-4,630,1,2-3-4,480,2,2-4,260,1,,,,,,,
20250419,多摩川,3,予選,晴,南東,2,2,2,4,4201,佐 竹 友 樹,33,69,6.73,4,0.13,1.49.7,2-4-3,1970,5,2-4,630,1,2-3-4,480,2,2-4,260,1,,,,,,,
20250419,多摩川,3,予選,晴,南東,2,2,3,3,3740,大 澤 普 司,51,82,6.90,3,0.18,1.52.2,2-4-3,1970,5,2-4,630,1,2-3-4,480,2,2-4,260,1,,,,,,,
20250419,多摩川,3,予選,晴,南東,2,2,4,1,4982,中 村 将 隆,39,37,6.88,1,0.14,1.53.4,2-4-3,1970,5,2-4,630,1,2-3-4,480,2,2-4,260,1,,,,,,,
20250419,多摩川,3,予選,晴,南東,2,2,5,6,5006,久保原 秀 人,34,46,6.91,6,0.16,,2-4-3,1970,5,2-4,630,1,2-3-4,480,2,2-4,260,1,,,,,,,
20250419,多摩川,3,予選,晴,南東,2,2,6,5,5130,上 野 拓 馬,48,40,6.84,5,0.18,,2-4-3,1970,5,2-4,630,1,2-3-4,480,2,2-4,260,1,,,,,,,
20250419,多摩川,4,予選,晴,南,1,2,1,6,3933,山 地 正 樹,62,65,6.88,3,0.19,1.49.7,6-3-4,5430,20,6-3,2120,9,3-4-6,740,3,3-6,1050,4,,,,,,,
20250419,多摩川,4,予選,晴,南,1,2,2,3,4570,前 田 聖 文,25,80,6.84,5,0.19,1.50.6,6-3-4,5430,20,6-3,2120,9,3-4-6,740,3,3-6,1050,4,,,,,,,
20250419,多摩川,4,予選,晴,南,1,2,3,4,4677,片 橋 幸 貴,47,31,6.83,4,0.21,1.52.2,6-3-4,5430,20,6-3,2120,9,3-4-6,740,3,3-6,1050,4,,,,,,,
20250419,多摩川,4,予選,晴,南,1,2,4,5,3233,小 畑 実 成,52,54,6.82,6,0.17,1.53.7,6-3-4,5430,20,6-3,2120,9,3-4-6,740,3,3-6,1050,4,,,,,,,
20250419,多摩川,4,予選,晴,南,1,2,5,1,4404,岸 蔭 亮,66,75,6.81,1,0.34,,6-3-4,5430,20,6-3,2120,9,3-4-6,740,3,3-6,1050,4,,,,,,,
20250419,多摩川,4,予選,晴,南,1,2,6,2,3870,寺 嶋 雄,40,30,6.95,2,0.21,,6-3-4,5430,20,6-3,2120,9,3-4-6,740,3,3-6,1050,4,,,,,,,
20250419,多摩川,5,予選,晴,南東,3,2,1,5,4752,西 尾 亮 輔,21,77,6.82,5,0.14,1.49.5,5-6-1,100080,111,5-6,31230,29,1-5-6,7400,17,5-6,9550,15,,,,,,,
20250419,多摩川,5,予選,晴,南東,3,2,2,6,4535,北 山 康 介,73,68,6.75,6,0.14,1.50.8,5-6-1,100080,111,5-6,31230,29,1-5-6,7400,17,5-6,9550,15,,,,,,,
20250419,多摩川,5,予選,晴,南東,3,2,3,1,4587,木 田 峰由季,58,67,6.89,1,0.18,1.53.3,5-6-1,100080,111,5-6,31230,29,1-5-6,7400,17,5-6,9550,15,,,,,,,
20250419,多摩川,5,予選,晴,南東,3,2,4,4,3911,鈴 木 猛,30,56,6.77,4,0.16,1.53.5,5-6-1,100080,111,5-6,31230,29,1-5-6,7400,17,5-6,9550,15,,,,,,,
20250419,多摩川,5,予選,晴,南東,3,2,5,2,4561,藤 山 翔 大,45,78,6.69,2,0.36,,5-6-1,100080,111,5-6,31230,29,1-5-6,7400,17,5-6,9550,15,,,,,,,
20250419,多摩川,5,予選,晴,南東,3,2,6,3,3848,川 上 聡 介,49,35,6.82,3,0.17,,5-6-1,100080,111,5-6,31230,29,1-5-6,7400,17,5-6,9550,15,,,,,,,
20250419,多摩川,6,予選,晴,南,1,2,1,3,4516,野 口 勝 弘,64,81,6.68,3,0.10,1.53.0,3-4-5,3560,13,3-4,1360,6,3-4-5,800,6,3-4,1000,4,,,,,,,
20250419,多摩川,6,予選,晴,南,1,2,2,4,4888,金 児 隆 太,32,71,6.70,4,0.09,1.54.7,3-4-5,3560,13,3-4,1360,6,3-4-5,800,6,3-4,1000,4,,,,,,,
20250419,多摩川,6,予選,晴,南,1,2,3,5,4369,丹 下 将,19,24,6.79,5,0.17,1.57.3,3-4-5,3560,13,3-4,1360,6,3-4-5,800,6,3-4,1000,4,,,,,,,
20250419,多摩川,6,予選,晴,南,1,2,4,6,5341,山 道 諄 也,71,51,6.78,6,0.16,2.02.9,3-4-5,3560,13,3-4,1360,6,3-4-5,800,6,3-4,1000,4,,,,,,,
20250419,多摩川,6,予選,晴,南,1,2,5,2,3439,大 平 誉史明,60,79,6.78,2,0.10,,3-4-5,3560,13,3-4,1360,6,3-4-5,800,6,3-4,1000,4,,,,,,,
20250419,多摩川,7,予選,晴,南,3,2,1,1,3606,川 北 浩 貴,23,36,6.76,1,0.19,1.49.9,1-2-6,920,1,1-2,310,1,1-2-6,440,1,1-2,330,2,,,,,,,
20250419,多摩川,7,予選,晴,南,3,2,2,2,3896,上 田 洋 平,43,72,6.76,2,0.17,1.50.5,1-2-6,920,1,1-2,310,1,1-2-6,440,1,1-2,330,2,,,,,,,
20250419,多摩川,7,予選,晴,南,3,2,3,6,4645,上 村 純 一,22,28,6.74,6,0.14,1.52.4,1-2-6,920,1,1-2,310,1,1-2-6,440,1,1-2,330,2,,,,,,,
20250419,多摩川,7,予選,晴,南,3,2,4,3,3107,平 岡 重 典,35,76,6.80,3,0.13,1.52.4,1-2-6,920,1,1-2,310,1,1-2-6,440,1,1-2,330,2,,,,,,,
20250419,多摩川,7,予選,晴,南,3,2,5,5,3315,広 瀬 聖 仁,67,73,6.85,5,0.14,,1-2-6,920,1,1-2,310,1,1-2-6,440,1,1-2,330,2,,,,,,,
20250419,多摩川,7,予選,晴,南,3,2,6,4,3740,大 澤 普 司,51,82,6.83,4,0.19,,1-2-6,920,1,1-2,310,1,1-2-6,440,1,1-2,330,2,,,,,,,
20250419,多摩川,8,予選,晴,南,1,2,1,6,4137,君 島 秀 三,41,38,6.68,6,0.09,1.50.0,6-3-5,6680,29,6-3,1480,7,3-5-6,1270,7,3-6,650,4,,,,,,,
20250419,多摩川,8,予選,晴,南,1,2,2,3,5035,櫻 井 優,68,66,6.73,4,0.27,1.50.7,6-3-5,6680,29,6-3,1480,7,3-5-6,1270,7,3-6,650,4,,,,,,,
20250419,多摩川,8,予選,晴,南,1,2,3,5,3385,渡 邉 睦 広,65,84,6.83,5,0.15,1.52.4,6-3-5,6680,29,6-3,1480,7,3-5-6,1270,7,3-6,650,4,,,,,,,
20250419,多摩川,8,予選,晴,南,1,2,4,4,4982,中 村 将 隆,39,34,6.80,3,0.32,1.53.8,6-3-5,6680,29,6-3,1480,7,3-5-6,1270,7,3-6,650,4,,,,,,,
20250419,多摩川,8,予選,晴,南,1,2,5,1,3771,折 下 寛 法,37,70,6.78,1,0.30,,6-3-5,6680,29,6-3,1480,7,3-5-6,1270,7,3-6,650,4,,,,,,,
20250419,多摩川,8,予選,晴,南,1,2,6,2,3933,山 地 正 樹,62,65,6.78,2,0.32,,6-3-5,6680,29,6-3,1480,7,3-5-6,1270,7,3-6,650,4,,,,,,,
20250419,多摩川,9,予選特賞,晴,南,2,2,1,3,4535,北 山 康 介,73,68,6.78,3,0.15,1.48.2,3-6-4,13380,32,3-6,4340,12,3-4-6,2210,8,3-6,1770,6,,,,,,,
20250419,多摩川,9,予選特賞,晴,南,2,2,2,6,5301,岩 下 巧 斗,56,74,6.78,6,0.13,1.51.3,3-6-4,13380,32,3-6,4340,12,3-4-6,2210,8,3-6,1770,6,,,,,,,
20250419,多摩川,9,予選特賞,晴,南,2,2,3,4,3619,長谷川 充,20,27,6.80,4,0.16,1.52.6,3-6-4,13380,32,3-6,4340,12,3-4-6,2210,8,3-6,1770,6,,,,,,,
20250419,多摩川,9,予選特賞,晴,南,2,2,4,5,4404,岸 蔭 亮,66,75,6.84,5,0.22,1.53.5,3-6-4,13380,32,3-6,4340,12,3-4-6,2210,8,3-6,1770,6,,,,,,,
20250419,多摩川,9,予選特賞,晴,南,2,2,5,1,3828,明 石 正 之,12,33,6.78,1,0.21,,3-6-4,13380,32,3-6,4340,12,3-4-6,2210,8,3-6,1770,6,,,,,,,
20250419,多摩川,9,予選特賞,晴,南,2,2,6,2,4138,中 井 俊 祐,27,41,6.80,2,0.19,,3-6-4,13380,32,3-6,4340,12,3-4-6,2210,8,3-6,1770,6,,,,,,,
20250419,多摩川,10,予選特賞,晴,南,3,2,1,1,4470,平 田 健之佑,36,21,6.78,1,0.16,1.49.9,1-2-5,1030,4,1-2,240,1,1-2-5,500,2,1-2,300,1,,,,,,,
20250419,多摩川,10,予選特賞,晴,南,3,2,2,2,3848,川 上 聡 介,49,35,6.85,2,0.24,1.52.1,1-2-5,1030,4,1-2,240,1,1-2-5,500,2,1-2,300,1,,,,,,,
20250419,多摩川,10,予選特賞,晴,南,3,2,3,5,3381,滝 沢 芳 行,72,43,6.75,5,0.19,1.53.2,1-2-5,1030,4,1-2,240,1,1-2-5,500,2,1-2,300,1,,,,,,,
20250419,多摩川,10,予選特賞,晴,南,3,2,4,4,3439,大 平 誉史明,60,79,6.85,4,0.17,1.53.8,1-2-5,1030,4,1-2,240,1,1-2-5,500,2,1-2,300,1,,,,,,,
20250419,多摩川,10,予選特賞,晴,南,3,2,5,3,3233,小 畑 実 成,52,54,6.81,3,0.18,,1-2-5,1030,4,1-2,240,1,1-2-5,500,2,1-2,300,1,,,,,,,
20250419,多摩川,10,予選特賞,晴,南,3,2,6,6,3922,菅 沼 佳 昭,28,61,6.72,6,0.36,,1-2-5,1030,4,1-2,240,1,1-2-5,500,2,1-2,300,1,,,,,,,
20250419,多摩川,11,予選特選,晴,南,2,2,1,1,4570,前 田 聖 文,25,80,6.89,1,0.15,1.49.3,1-3-2,1280,5,1-3,350,2,1-2-3,630,3,1-3,300,2,,,,,,,
20250419,多摩川,11,予選特選,晴,南,2,2,2,3,3606,川 北 浩 貴,23,36,6.83,3,0.12,1.50.1,1-3-2,1280,5,1-3,350,2,1-2-3,630,3,1-3,300,2,,,,,,,
20250419,多摩川,11,予選特選,晴,南,2,2,3,2,3712,淺 香 文 武,46,50,6.89,2,0.16,1.52.3,1-3-2,1280,5,1-3,350,2,1-2-3,630,3,1-3,300,2,,,,,,,
20250419,多摩川,11,予選特選,晴,南,2,2,4,4,4327,加 藤 翔,13,85,6.78,4,0.15,1.53.4,1-3-2,1280,5,1-3,350,2,1-2-3,630,3,1-3,300,2,,,,,,,
20250419,多摩川,11,予選特選,晴,南,2,2,5,5,4888,金 児 隆 太,32,71,6.77,5,0.16,,1-3-2,1280,5,1-3,350,2,1-2-3,630,3,1-3,300,2,,,,,,,
20250419,多摩川,11,予選特選,晴,南,2,2,6,6,5130,上 野 拓 馬,48,55,6.80,6,0.16,,1-3-2,1280,5,1-3,350,2,1-2-3,630,3,1-3,300,2,,,,,,,
20250419,多摩川,12,ドリーム２ｎ,晴,南,2,2,1,1,4677,片 橋 幸 貴,47,31,6.85,1,0.11,1.48.9,1-2-5,3000,8,1-2,450,1,1-2-5,1160,5,1-2,310,1,,,,,,,
20250419,多摩川,12,ドリーム２ｎ,晴,南,2,2,2,2,5042,畑 田 汰 一,57,45,6.79,3,0.09,1.50.2,1-2-5,3000,8,1-2,450,1,1-2-5,1160,5,1-2,310,1,,,,,,,
20250419,多摩川,12,ドリーム２ｎ,晴,南,2,2,3,5,4516,野 口 勝 弘,64,81,6.74,6,0.11,1.51.2,1-2-5,3000,8,1-2,450,1,1-2-5,1160,5,1-2,310,1,,,,,,,
20250419,多摩川,12,ドリーム２ｎ,晴,南,2,2,4,4,4645,上 村 純 一,22,28,6.77,5,0.08,1.51.6,1-2-5,3000,8,1-2,450,1,1-2-5,1160,5,1-2,310,1,,,,,,,
20250419,多摩川,12,ドリーム２ｎ,晴,南,2,2,5,6,4561,藤 山 翔 大,45,78,6.75,2,0.25,,1-2-5,3000,8,1-2,450,1,1-2-5,1160,5,1-2,310,1,,,,,,,
20250419,多摩川,12,ドリーム２ｎ,晴,南,2,2,6,3,4441,末 永 由 楽,15,60,6.84,4,0.06,,1-2-5,3000,8,1-2,450,1,1-2-5,1160,5,1-2,310,1,,,,,,,
20250419,尼崎,1,朝からセンプ,晴,南西,2,0,1,1,4866,橋 本 英 一,38,25,6.86,1,0.21,1.48.8,1-6-3,17340,43,1-6,5540,13,1-3-6,1100,4,1-6,3690,9,,,,,,,
20250419,尼崎,1,朝からセンプ,晴,南西,2,0,2,6,5232,樅 山 拓 馬,33,44,6.82,5,0.07,1.51.0,1-6-3,17340,43,1-6,5540,13,1-3-6,1100,4,1-6,3690,9,,,,,,,
20250419,尼崎,1,朝からセンプ,晴,南西,2,0,3,3,4713,白 神 優,44,58,6.84,3,0.22,1.52.5,1-6-3,17340,43,1-6,5540,13,1-3-6,1100,4,1-6,3690,9,,,,,,,
20250419,尼崎,1,朝からセンプ,晴,南西,2,0,4,2,4491,田 中 堅,18,74,6.84,2,0.22,1.53.6,1-6-3,17340,43,1-6,5540,13,1-3-6,1100,4,1-6,3690,9,,,,,,,
20250419,尼崎,1,朝からセンプ,晴,南西,2,0,5,4,3663,木 山 和 幸,32,31,6.89,4,0.13,1.55.0,1-6-3,17340,43,1-6,5540,13,1-3-6,1100,4,1-6,3690,9,,,,,,,
20250419,尼崎,1,朝からセンプ,晴,南西,2,0,6,5,4753,森 照 夫,17,57,6.83,6,0.06,1.55.9,1-6-3,17340,43,1-6,5540,13,1-3-6,1100,4,1-6,3690,9,,,,,,,
20250419,尼崎,2,予選,晴,南西,4,0,1,1,5229,吉 川 晴 人,40,70,6.86,1,0.18,1.48.6,1-3-2,2190,7,1-3,1000,5,1-2-3,590,3,1-3,830,4,,,,,,,
20250419,尼崎,2,予選,晴,南西,4,0,2,3,5020,宮 村 勇 哉,56,65,6.88,3,0.19,1.51.2,1-3-2,2190,7,1-3,1000,5,1-2-3,590,3,1-3,830,4,,,,,,,
20250419,尼崎,2,予選,晴,南西,4,0,3,2,4816,村 松 修 二,59,45,6.90,2,0.18,1.52.1,1-3-2,2190,7,1-3,1000,5,1-2-3,590,3,1-3,830,4,,,,,,,
20250419,尼崎,2,予選,晴,南西,4,0,4,5,3838,伊 藤 啓 三,30,24,6.91,5,0.14,1.53.1,1-3-2,2190,7,1-3,1000,5,1-2-3,590,3,1-3,830,4,,,,,,,
20250419,尼崎,2,予選,晴,南西,4,0,5,4,4508,野 間 大 樹,36,13,6.81,4,0.18,1.53.4,1-3-2,2190,7,1-3,1000,5,1-2-3,590,3,1-3,830,4,,,,,,,
20250419,尼崎,2,予選,晴,南西,4,0,6,6,4462,夏 山 亮 平,46,32,6.87,6,0.19,1.56.1,1-3-2,2190,7,1-3,1000,5,1-2-3,590,3,1-3,830,4,,,,,,,
20250419,尼崎,3,予選,晴,南西,4,0,1,1,3284,渡 邊 伸太郎,48,36,6.81,1,0.18,1.48.9,1-4-6,2190,5,1-4,500,1,1-4-6,920,3,1-4,460,3,,,,,,,
20250419,尼崎,3,予選,晴,南西,4,0,2,4,4067,永 井 源,57,72,6.80,4,0.17,1.50.2,1-4-6,2190,5,1-4,500,1,1-4-6,920,3,1-4,460,3,,,,,,,
20250419,尼崎,3,予選,晴,南西,4,0,3,6,3747,國 崎 良 春,60,43,6.75,6,0.09,1.52.0,1-4-6,2190,5,1-4,500,1,1-4-6,920,3,1-4,460,3,,,,,,,
20250419,尼崎,3,予選,晴,南西,4,0,4,5,4423,坂 口 貴 彦,24,64,6.83,5,0.16,1.52.4,1-4-6,2190,5,1-4,500,1,1-4-6,920,3,1-4,460,3,,,,,,,
20250419,尼崎,3,予選,晴,南西,4,0,5,3,4129,宇 野 博 之,22,38,6.84,3,0.17,1.54.2,1-4-6,2190,5,1-4,500,1,1-4-6,920,3,1-4,460,3,,,,,,,
20250419,尼崎,3,予選,晴,南西,4,0,6,2,4171,榎 幸 司,6,60,6.86,2,0.28,1.56.3,1-4-6,2190,5,1-4,500,1,1-4-6,920,3,1-4,460,3,,,,,,,
20250419,尼崎,4,予選,晴,南西,2,0,1,1,4016,西 川 新太郎,39,66,6.83,1,0.19,1.49.6,1-3-4,980,1,1-3,350,1,1-3-4,410,1,1-3,370,2,,,,,,,
20250419,尼崎,4,予選,晴,南西,2,0,2,3,3777,樋 口 亮,61,27,6.85,3,0.09,1.51.3,1-3-4,980,1,1-3,350,1,1-3-4,410,1,1-3,370,2,,,,,,,
20250419,尼崎,4,予選,晴,南西,2,0,3,4,3499,市 川 哲 也,42,42,6.89,4,0.09,1.52.4,1-3-4,980,1,1-3,350,1,1-3-4,410,1,1-3,370,2,,,,,,,
20250419,尼崎,4,予選,晴,南西,2,0,4,5,4253,西 川 真 人,7,59,6.89,5,0.14,1.53.4,1-3-4,980,1,1-3,350,1,1-3-4,410,1,1-3,370,2,,,,,,,
20250419,尼崎,4,予選,晴,南西,2,0,5,6,4600,井 内 将太郎,50,30,6.79,6,0.19,1.54.0,1-3-4,980,1,1-3,350,1,1-3-4,410,1,1-3,370,2,,,,,,,
20250419,尼崎,4,予選,晴,南西,2,0,6,2,3807,岡 部 哲,45,39,6.85,2,0.15,1.55.4,1-3-4,980,1,1-3,350,1,1-3-4,410,1,1-3,370,2,,,,,,,
20250419,尼崎,5,予選,晴,南西,3,0,1,5,4514,上 條 嘉 嗣,49,68,6.81,5,0.16,1.49.5,5-1-4,19180,52,5-1,2130,9,1-4-5,1680,7,1-5,650,3,,,,,,,
20250419,尼崎,5,予選,晴,南西,3,0,2,1,3572,安 田 政 彦,51,61,6.82,1,0.19,1.51.2,5-1-4,19180,52,5-1,2130,9,1-4-5,1680,7,1-5,650,3,,,,,,,
20250419,尼崎,5,予選,晴,南西,3,0,3,4,4431,石 塚 裕 介,47,75,6.84,4,0.15,1.52.4,5-1-4,19180,52,5-1,2130,9,1-4-5,1680,7,1-5,650,3,,,,,,,
20250419,尼崎,5,予選,晴,南西,3,0,4,3,4607,鶴 田 勇 雄,37,37,6.82,3,0.17,1.52.4,5-1-4,19180,52,5-1,2130,9,1-4-5,1680,7,1-5,650,3,,,,,,,
20250419,尼崎,5,予選,晴,南西,3,0,5,2,4409,坂 元 浩 仁,34,71,6.88,2,0.21,1.53.3,5-1-4,19180,52,5-1,2130,9,1-4-5,1680,7,1-5,650,3,,,,,,,
20250419,尼崎,5,予選,晴,南西,3,0,6,6,5134,大 原 祥 昌,35,67,6.86,6,0.19,1.54.9,5-1-4,19180,52,5-1,2130,9,1-4-5,1680,7,1-5,650,3,,,,,,,
20250419,尼崎,6,昼どきピンク,晴,南西,2,0,1,1,3623,深 川 真 二,31,29,6.80,1,0.08,1.49.4,1-3-2,1350,6,1-3,590,3,1-2-3,560,3,1-3,550,3,,,,,,,
20250419,尼崎,6,昼どきピンク,晴,南西,2,0,2,3,4462,夏 山 亮 平,46,32,6.87,3,0.11,1.50.1,1-3-2,1350,6,1-3,590,3,1-2-3,560,3,1-3,550,3,,,,,,,
20250419,尼崎,6,昼どきピンク,晴,南西,2,0,3,2,5060,数 原 魁,11,34,6.81,2,0.08,1.52.2,1-3-2,1350,6,1-3,590,3,1-2-3,560,3,1-3,550,3,,,,,,,
20250419,尼崎,6,昼どきピンク,晴,南西,2,0,4,4,4012,中 村 有 裕,19,35,6.86,4,0.14,1.53.2,1-3-2,1350,6,1-3,590,3,1-2-3,560,3,1-3,550,3,,,,,,,
20250419,尼崎,6,昼どきピンク,晴,南西,2,0,5,5,4866,橋 本 英 一,38,25,6.84,5,0.07,1.53.5,1-3-2,1350,6,1-3,590,3,1-2-3,560,3,1-3,550,3,,,,,,,
20250419,尼崎,6,昼どきピンク,晴,南西,2,0,6,6,5090,生 方 靖 亜,5,11,6.78,6,0.08,1.54.9,1-3-2,1350,6,1-3,590,3,1-2-3,560,3,1-3,550,3,,,,,,,
20250419,尼崎,7,予選,晴,西,3,0,1,6,4295,小 坂 尚 哉,14,63,6.80,3,0.14,1.49.3,6-3-5,2730,9,6-3,890,3,3-5-6,550,2,3-6,360,2,,,,,,,
20250419,尼崎,7,予選,晴,西,3,0,2,3,4652,酒 見 峻 介,52,41,6.83,4,0.19,1.50.8,6-3-5,2730,9,6-3,890,3,3-5-6,550,2,3-6,360,2,,,,,,,
20250419,尼崎,7,予選,晴,西,3,0,3,5,4463,三 苫 晃 幸,41,33,6.84,6,0.27,1.52.8,6-3-5,2730,9,6-3,890,3,3-5-6,550,2,3-6,360,2,,,,,,,
20250419,尼崎,7,予選,晴,西,3,0,4,2,4508,野 間 大 樹,36,13,6.79,2,0.19,1.53.9,6-3-5,2730,9,6-3,890,3,3-5-6,550,2,3-6,360,2,,,,,,,
20250419,尼崎,7,予選,晴,西,3,0,5,1,4423,坂 口 貴 彦,24,64,6.82,1,0.27,1.54.9,6-3-5,2730,9,6-3,890,3,3-5-6,550,2,3-6,360,2,,,,,,,
20250419,尼崎,7,予選,晴,西,3,0,6,4,4635,峰 重 力 也,28,40,6.84,5,0.21,1.59.3,6-3-5,2730,9,6-3,890,3,3-5-6,550,2,3-6,360,2,,,,,,,
20250419,尼崎,8,予選,晴,南西,5,3,1,1,3838,伊 藤 啓 三,30,24,6.86,1,0.18,1.49.9,1-4-3,1460,5,1-4,450,3,1-3-4,590,3,1-4,350,2,,,,,,,
20250419,尼崎,8,予選,晴,南西,5,3,2,4,4706,三 浦 洋次朗,43,69,6.83,4,0.18,1.52.4,1-4-3,1460,5,1-4,450,3,1-3-4,590,3,1-4,350,2,,,,,,,
20250419,尼崎,8,予選,晴,南西,5,3,3,3,4753,森 照 夫,17,57,6.83,3,0.32,1.54.0,1-4-3,1460,5,1-4,450,3,1-3-4,590,3,1-4,350,2,,,,,,,
20250419,尼崎,8,予選,晴,南西,5,3,4,5,4380,鈴 木 峻 佑,58,46,6.85,5,0.15,1.54.6,1-4-3,1460,5,1-4,450,3,1-3-4,590,3,1-4,350,2,,,,,,,
20250419,尼崎,8,予選,晴,南西,5,3,5,2,4253,西 川 真 人,7,59,6.90,2,0.31,1.54.7,1-4-3,1460,5,1-4,450,3,1-3-4,590,3,1-4,350,2,,,,,,,
20250419,尼崎,8,予選,晴,南西,5,3,6,6,4184,渡 邊 雄一郎,54,73,6.81,6,0.11,2.00.0,1-4-3,1460,5,1-4,450,3,1-3-4,590,3,1-4,350,2,,,,,,,
20250419,尼崎,9,予選,晴,南西,4,0,1,3,3499,市 川 哲 也,42,42,6.91,3,0.18,2.00.9,3-1-5,10000,24,3-1,1390,5,1-3-5,1180,6,1-3,200,1,,,,,,,
20250419,尼崎,9,予選,晴,南西,4,0,2,1,4514,上 條 嘉 嗣,49,68,6.76,1,0.28,2.03.7,3-1-5,10000,24,3-1,1390,5,1-3-5,1180,6,1-3,200,1,,,,,,,
20250419,尼崎,9,予選,晴,南西,4,0,3,5,5020,宮 村 勇 哉,56,65,6.85,5,0.16,2.06.5,3-1-5,10000,24,3-1,1390,5,1-3-5,1180,6,1-3,200,1,,,,,,,
20250419,尼崎,9,予選,晴,南西,4,0,4,2,4129,宇 野 博 之,22,38,6.81,2,0.19,2.10.4,3-1-5,10000,24,3-1,1390,5,1-3-5,1180,6,1-3,200,1,,,,,,,
20250419,尼崎,9,予選,晴,南西,4,0,5,6,4793,金 子 萌,53,62,6.81,6,0.34,2.13.0,3-1-5,10000,24,3-1,1390,5,1-3-5,1180,6,1-3,200,1,,,,,,,
20250419,尼崎,10,予選特賞,晴,西,3,0,1,5,3623,深 川 真 二,31,29,6.82,2,0.21,1.50.1,5-1-4,2840,6,5-1,590,2,1-4-5,560,2,1-5,150,1,,,,,,,
20250419,尼崎,10,予選特賞,晴,西,3,0,2,1,3777,樋 口 亮,61,27,6.82,1,0.22,1.51.7,5-1-4,2840,6,5-1,590,2,1-4-5,560,2,1-5,150,1,,,,,,,
20250419,尼崎,10,予選特賞,晴,西,3,0,3,4,4416,三 宅 健 太,55,47,6.76,5,0.22,1.52.7,5-1-4,2840,6,5-1,590,2,1-4-5,560,2,1-5,150,1,,,,,,,
20250419,尼崎,10,予選特賞,晴,西,3,0,4,6,4171,榎 幸 司,6,60,6.87,6,0.23,1.53.6,5-1-4,2840,6,5-1,590,2,1-4-5,560,2,1-5,150,1,,,,,,,
20250419,尼崎,10,予選特賞,晴,西,3,0,5,2,5134,大 原 祥 昌,35,67,6.87,3,0.26,1.54.5,5-1-4,2840,6,5-1,590,2,1-4-5,560,2,1-5,150,1,,,,,,,
20250419,尼崎,10,予選特賞,晴,西,3,0,6,3,4491,田 中 堅,18,74,6.84,4,0.24,1.55.1,5-1-4,2840,6,5-1,590,2,1-4-5,560,2,1-5,150,1,,,,,,,
20250419,尼崎,11,予選特選,晴,南,3,0,1,6,4607,鶴 田 勇 雄,37,37,6.81,6,0.10,1.57.5,6-1-5,48110,87,6-1,7790,19,1-5-6,1730,7,1-6,2570,5,,,,,,,
20250419,尼崎,11,予選特選,晴,南,3,0,2,1,4012,中 村 有 裕,19,35,6.86,1,0.22,2.02.5,6-1-5,48110,87,6-1,7790,19,1-5-6,1730,7,1-6,2570,5,,,,,,,
20250419,尼崎,11,予選特選,晴,南,3,0,3,5,4713,白 神 優,44,58,6.83,5,0.17,2.05.6,6-1-5,48110,87,6-1,7790,19,1-5-6,1730,7,1-6,2570,5,,,,,,,
20250419,尼崎,11,予選特選,晴,南,3,0,4,2,3747,國 崎 良 春,60,43,6.79,2,0.25,2.13.4,6-1-5,48110,87,6-1,7790,19,1-5-6,1730,7,1-6,2570,5,,,,,,,
20250419,尼崎,11,予選特選,晴,南,3,0,5,3,4816,村 松 修 二,59,45,6.85,3,0.33,2.14.4,6-1-5,48110,87,6-1,7790,19,1-5-6,1730,7,1-6,2570,5,,,,,,,
20250419,尼崎,12,予選特選,晴,南西,8,6,1,3,5090,生 方 靖 亜,5,11,6.83,3,0.22,1.51.3,3-1-6,32220,62,3-1,6480,14,1-3-6,2270,11,1-3,1210,6,,,,,,,
20250419,尼崎,12,予選特選,晴,南西,8,6,2,1,4067,永 井 源,57,72,6.81,1,0.24,1.52.1,3-1-6,32220,62,3-1,6480,14,1-3-6,2270,11,1-3,1210,6,,,,,,,
20250419,尼崎,12,予選特選,晴,南西,8,6,3,6,4409,坂 元 浩 仁,34,71,6.89,6,0.16,1.53.7,3-1-6,32220,62,3-1,6480,14,1-3-6,2270,11,1-3,1210,6,,,,,,,
20250419,尼崎,12,予選特選,晴,南西,8,6,4,4,4652,酒 見 峻 介,52,41,6.84,4,0.18,1.53.9,3-1-6,32220,62,3-1,6480,14,1-3-6,2270,11,1-3,1210,6,,,,,,,
20250419,尼崎,12,予選特選,晴,南西,8,6,5,5,5229,吉 川 晴 人,40,70,6.87,5,0.17,1.56.7,3-1-6,32220,62,3-1,6480,14,1-3-6,2270,11,1-3,1210,6,,,,,,,
20250419,尼崎,12,予選特選,晴,南西,8,6,6,2,4600,井 内 将太郎,50,30,6.83,2,0.28,1.58.9,3-1-6,32220,62,3-1,6480,14,1-3-6,2270,11,1-3,1210,6,,,,,,,
20250419,常滑,1,朝トコ小判Ｒ,晴,西,1,0,1,1,4089,妹 尾 忠 幸,9,28,6.82,1,0.15,1.50.7,1-2-4,580,1,1-2,240,1,1-2-4,300,1,1-2,290,1,,,,,,,
20250419,常滑,1,朝トコ小判Ｒ,晴,西,1,0,2,2,5211,高 井 駿 弥,11,32,6.79,2,0.12,1.53.6,1-2-4,580,1,1-2,240,1,1-2-4,300,1,1-2,290,1,,,,,,,
20250419,常滑,1,朝トコ小判Ｒ,晴,西,1,0,3,4,3605,中 村 守 成,18,52,6.86,4,0.19,1.54.7,1-2-4,580,1,1-2,240,1,1-2-4,300,1,1-2,290,1,,,,,,,
20250419,常滑,1,朝トコ小判Ｒ,晴,西,1,0,4,3,3973,崎 利 仁,26,21,6.82,3,0.16,1.55.6,1-2-4,580,1,1-2,240,1,1-2-4,300,1,1-2,290,1,,,,,,,
20250419,常滑,1,朝トコ小判Ｒ,晴,西,1,0,5,5,4487,三 原 司,7,62,6.81,5,0.19,,1-2-4,580,1,1-2,240,1,1-2-4,300,1,1-2,290,1,,,,,,,
20250419,常滑,1,朝トコ小判Ｒ,晴,西,1,0,6,6,4047,吉 永 浩 則,1,29,6.78,6,0.19,,1-2-4,580,1,1-2,240,1,1-2-4,300,1,1-2,290,1,,,,,,,
20250419,常滑,2,予選,晴,西,1,0,1,3,4043,桐 本 康 臣,15,36,6.79,2,0.16,1.57.2,3-4-1,2800,9,3-4,540,1,1-3-4,720,5,3-4,300,1,,,,,,,
20250419,常滑,2,予選,晴,西,1,0,2,4,4684,楠 原 翔 太,61,27,6.66,4,0.20,1.59.3,3-4-1,2800,9,3-4,540,1,1-3-4,720,5,3-4,300,1,,,,,,,
20250419,常滑,2,予選,晴,西,1,0,3,1,5061,中 村 駿 平,62,31,6.81,1,0.18,2.02.0,3-4-1,2800,9,3-4,540,1,1-3-4,720,5,3-4,300,1,,,,,,,
20250419,常滑,2,予選,晴,西,1,0,4,5,4022,待 鳥 雄 紀,43,17,6.78,5,0.20,2.03.0,3-4-1,2800,9,3-4,540,1,1-3-4,720,5,3-4,300,1,,,,,,,
20250419,常滑,2,予選,晴,西,1,0,5,6,4374,永 田 義 紘,32,46,6.83,6,0.27,,3-4-1,2800,9,3-4,540,1,1-3-4,720,5,3-4,300,1,,,,,,,
20250419,常滑,3,予選,晴,西,1,0,1,6,5002,上 田 健 太,8,25,6.81,5,0.09,1.50.0,6-1-5,47780,78,6-1,7860,18,1-5-6,4330,10,1-6,1730,7,,,,,,,
20250419,常滑,3,予選,晴,西,1,0,2,1,4865,立 具 敬 司,54,63,6.78,1,0.14,1.51.4,6-1-5,47780,78,6-1,7860,18,1-5-6,4330,10,1-6,1730,7,,,,,,,
20250419,常滑,3,予選,晴,西,1,0,3,5,4644,山 田 亮 太,21,65,6.88,4,0.15,1.52.0,6-1-5,47780,78,6-1,7860,18,1-5-6,4330,10,1-6,1730,7,,,,,,,
20250419,常滑,3,予選,晴,西,1,0,4,4,5311,小 林 京 平,31,37,6.77,6,0.16,1.53.7,6-1-5,47780,78,6-1,7860,18,1-5-6,4330,10,1-6,1730,7,,,,,,,
20250419,常滑,3,予選,晴,西,1,0,5,2,3596,河 上 年 昭,24,57,6.78,2,0.15,,6-1-5,47780,78,6-1,7860,18,1-5-6,4330,10,1-6,1730,7,,,,,,,
20250419,常滑,3,予選,晴,西,1,0,6,3,4266,長 田 頼 宗,37,47,6.78,3,0.29,,6-1-5,47780,78,6-1,7860,18,1-5-6,4330,10,1-6,1730,7,,,,,,,
20250419,常滑,4,予選,晴,西,1,0,1,1,4355,小 川 広 大,57,66,6.81,1,0.08,1.50.5,1-5-4,4380,18,1-5,1510,7,1-4-5,950,4,1-5,710,4,,,,,,,
20250419,常滑,4,予選,晴,西,1,0,2,5,4776,竹 田 和 哉,20,14,6.86,5,0.20,1.52.2,1-5-4,4380,18,1-5,1510,7,1-4-5,950,4,1-5,710,4,,,,,,,
20250419,常滑,4,予選,晴,西,1,0,3,4,3319,山 崎 義 明,50,43,6.86,4,0.20,1.53.0,1-5-4,4380,18,1-5,1510,7,1-4-5,950,4,1-5,710,4,,,,,,,
20250419,常滑,4,予選,晴,西,1,0,4,3,4034,西 原 明 生,30,67,6.81,3,0.17,1.55.1,1-5-4,4380,18,1-5,1510,7,1-4-5,950,4,1-5,710,4,,,,,,,
20250419,常滑,4,予選,晴,西,1,0,5,6,4180,上 野 秀 和,19,12,6.82,6,0.21,,1-5-4,4380,18,1-5,1510,7,1-4-5,950,4,1-5,710,4,,,,,,,
20250419,常滑,4,予選,晴,西,1,0,6,2,4934,佐々木 翔 斗,58,19,6.76,2,0.15,,1-5-4,4380,18,1-5,1510,7,1-4-5,950,4,1-5,710,4,,,,,,,
20250419,常滑,5,予選,晴,東,1,0,1,1,4715,村 上 遼,52,68,6.79,1,0.06,1.50.8,1-2-4,950,4,1-2,230,1,1-2-4,580,4,1-2,200,1,,,,,,,
20250419,常滑,5,予選,晴,東,1,0,2,2,4241,大 串 重 幸,6,51,6.85,2,0.10,1.52.3,1-2-4,950,4,1-2,230,1,1-2-4,580,4,1-2,200,1,,,,,,,
20250419,常滑,5,予選,晴,東,1,0,3,4,5022,伊 藤 尚 汰,56,30,6.78,4,0.09,1.54.1,1-2-4,950,4,1-2,230,1,1-2-4,580,4,1-2,200,1,,,,,,,
20250419,常滑,5,予選,晴,東,1,0,4,3,4487,三 原 司,7,62,6.86,3,0.09,1.55.4,1-2-4,950,4,1-2,230,1,1-2-4,580,4,1-2,200,1,,,,,,,
20250419,常滑,5,予選,晴,東,1,0,5,6,3905,天 野 友 和,38,16,6.78,5,0.06,,1-2-4,950,4,1-2,230,1,1-2-4,580,4,1-2,200,1,,,,,,,
20250419,常滑,5,予選,晴,東,1,0,6,5,5364,金 子 怜 央,12,42,6.90,6,0.10,,1-2-4,950,4,1-2,230,1,1-2-4,580,4,1-2,200,1,,,,,,,
20250419,常滑,6,昼トコ小判Ｒ,晴,南東,1,0,1,1,3792,田 中 豪,4,70,6.87,1,0.04,1.50.6,1-4-5,1010,3,1-4,270,1,1-4-5,400,2,1-4,170,1,,,,,,,
20250419,常滑,6,昼トコ小判Ｒ,晴,南東,1,0,2,4,4357,田 中 和 也,36,33,6.82,4,0.07,1.52.6,1-4-5,1010,3,1-4,270,1,1-4-5,400,2,1-4,170,1,,,,,,,
20250419,常滑,6,昼トコ小判Ｒ,晴,南東,1,0,3,5,5211,高 井 駿 弥,11,32,6.82,5,0.09,1.54.0,1-4-5,1010,3,1-4,270,1,1-4-5,400,2,1-4,170,1,,,,,,,
20250419,常滑,6,昼トコ小判Ｒ,晴,南東,1,0,4,2,4811,向井田 佑 紀,55,22,6.84,2,0.08,1.54.1,1-4-5,1010,3,1-4,270,1,1-4-5,400,2,1-4,170,1,,,,,,,
20250419,常滑,6,昼トコ小判Ｒ,晴,南東,1,0,5,3,5223,森 清 友 翔,13,44,6.82,3,0.09,,1-4-5,1010,3,1-4,270,1,1-4-5,400,2,1-4,170,1,,,,,,,
20250419,常滑,6,昼トコ小判Ｒ,晴,南東,1,0,6,6,5273,山 下 拓 巳,39,60,6.83,6,0.11,,1-4-5,1010,3,1-4,270,1,1-4-5,400,2,1-4,170,1,,,,,,,
20250419,常滑,7,予選,晴,南東,1,0,1,6,4903,吉 田 凌太朗,23,54,6.79,6,0.06,1.50.5,6-4-1,3690,14,6-4,1780,8,1-4-6,360,1,4-6,690,4,,,,,,,
20250419,常滑,7,予選,晴,南東,1,0,2,4,4748,渡 邉 雄 朗,60,41,6.81,4,0.10,1.51.8,6-4-1,3690,14,6-4,1780,8,1-4-6,360,1,4-6,690,4,,,,,,,
20250419,常滑,7,予選,晴,南東,1,0,3,1,4031,飯 島 誠,29,26,6.79,1,0.13,1.52.9,6-4-1,3690,14,6-4,1780,8,1-4-6,360,1,4-6,690,4,,,,,,,
20250419,常滑,7,予選,晴,南東,1,0,4,5,5311,小 林 京 平,31,37,6.77,5,0.14,1.53.8,6-4-1,3690,14,6-4,1780,8,1-4-6,360,1,4-6,690,4,,,,,,,
20250419,常滑,7,予選,晴,南東,1,0,5,2,4022,待 鳥 雄 紀,43,17,6.83,2,0.17,,6-4-1,3690,14,6-4,1780,8,1-4-6,360,1,4-6,690,4,,,,,,,
20250419,常滑,7,予選,晴,南東,1,0,6,3,3947,寺 本 昇 平,33,39,6.78,3,0.19,,6-4-1,3690,14,6-4,1780,8,1-4-6,360,1,4-6,690,4,,,,,,,
20250419,常滑,8,予選,晴,南西,1,0,1,1,5041,荒 牧 凪 沙,27,71,6.76,1,0.17,1.50.5,1-2-5,1290,5,1-2,230,1,1-2-5,610,3,1-2,160,1,,,,,,,
20250419,常滑,8,予選,晴,南西,1,0,2,2,4776,竹 田 和 哉,20,14,6.86,2,0.11,1.52.1,1-2-5,1290,5,1-2,230,1,1-2-5,610,3,1-2,160,1,,,,,,,
20250419,常滑,8,予選,晴,南西,1,0,3,5,3350,藤 本 佳 史,46,58,6.81,5,0.22,1.53.0,1-2-5,1290,5,1-2,230,1,1-2-5,610,3,1-2,160,1,,,,,,,
20250419,常滑,8,予選,晴,南西,1,0,4,4,4104,木 下 陽 介,28,49,6.82,4,0.26,1.54.4,1-2-5,1290,5,1-2,230,1,1-2-5,610,3,1-2,160,1,,,,,,,
20250419,常滑,8,予選,晴,南西,1,0,5,6,3282,池 本 輝 明,49,74,6.86,6,0.18,,1-2-5,1290,5,1-2,230,1,1-2-5,610,3,1-2,160,1,,,,,,,
20250419,常滑,8,予選,晴,南西,1,0,6,3,4644,山 田 亮 太,21,65,6.91,3,0.19,,1-2-5,1290,5,1-2,230,1,1-2-5,610,3,1-2,160,1,,,,,,,
20250419,常滑,9,予選特賞,晴,南,1,0,1,1,4889,後 藤 盛 也,41,50,6.81,1,0.08,1.49.8,1-2-6,480,1,1-2,200,1,1-2-6,230,1,1-2,240,1,,,,,,,
20250419,常滑,9,予選特賞,晴,南,1,0,2,2,4877,鈴 谷 一 平,51,73,6.78,2,0.14,1.51.9,1-2-6,480,1,1-2,200,1,1-2-6,230,1,1-2,240,1,,,,,,,
20250419,常滑,9,予選特賞,晴,南,1,0,3,6,4266,長 田 頼 宗,37,47,6.82,6,0.12,1.53.0,1-2-6,480,1,1-2,200,1,1-2-6,230,1,1-2,240,1,,,,,,,
20250419,常滑,9,予選特賞,晴,南,1,0,4,3,4047,吉 永 浩 則,1,29,6.77,3,0.18,1.54.2,1-2-6,480,1,1-2,200,1,1-2-6,230,1,1-2,240,1,,,,,,,
20250419,常滑,9,予選特賞,晴,南,1,0,5,5,5022,伊 藤 尚 汰,56,30,6.78,5,0.14,,1-2-6,480,1,1-2,200,1,1-2-6,230,1,1-2,240,1,,,,,,,
20250419,常滑,9,予選特賞,晴,南,1,0,6,4,4034,西 原 明 生,30,67,6.85,4,0.20,,1-2-6,480,1,1-2,200,1,1-2-6,230,1,1-2,240,1,,,,,,,
20250419,常滑,10,予選特賞,晴,南東,1,0,1,1,3643,米 田 隆 弘,45,59,6.79,1,0.20,1.51.6,1-5-3,1190,2,1-5,390,1,1-3-5,350,1,1-5,280,1,,,,,,,
20250419,常滑,10,予選特賞,晴,南東,1,0,2,5,4043,桐 本 康 臣,15,36,6.80,5,0.18,1.52.8,1-5-3,1190,2,1-5,390,1,1-3-5,350,1,1-5,280,1,,,,,,,
20250419,常滑,10,予選特賞,晴,南東,1,0,3,3,4865,立 具 敬 司,54,63,6.79,3,0.23,1.54.4,1-5-3,1190,2,1-5,390,1,1-3-5,350,1,1-5,280,1,,,,,,,
20250419,常滑,10,予選特賞,晴,南東,1,0,4,4,5223,森 清 友 翔,13,44,6.78,4,0.19,1.55.1,1-5-3,1190,2,1-5,390,1,1-3-5,350,1,1-5,280,1,,,,,,,
20250419,常滑,10,予選特賞,晴,南東,1,0,5,2,3605,中 村 守 成,18,52,6.89,2,0.28,,1-5-3,1190,2,1-5,390,1,1-3-5,350,1,1-5,280,1,,,,,,,
20250419,常滑,10,予選特賞,晴,南東,1,0,6,6,4241,大 串 重 幸,6,51,6.80,6,0.21,,1-5-3,1190,2,1-5,390,1,1-3-5,350,1,1-5,280,1,,,,,,,
20250419,常滑,11,予選特選,晴,南,2,0,1,1,3319,山 崎 義 明,50,43,6.83,1,0.16,1.50.7,1-3-2,2720,11,1-3,270,1,1-2-3,1040,5,1-3,180,1,,,,,,,
20250419,常滑,11,予選特選,晴,南,2,0,2,3,4903,吉 田 凌太朗,23,54,6.83,3,0.20,1.52.4,1-3-2,2720,11,1-3,270,1,1-2-3,1040,5,1-3,180,1,,,,,,,
20250419,常滑,11,予選特選,晴,南,2,0,3,2,4374,永 田 義 紘,32,46,6.88,2,0.19,1.53.8,1-3-2,2720,11,1-3,270,1,1-2-3,1040,5,1-3,180,1,,,,,,,
20250419,常滑,11,予選特選,晴,南,2,0,4,6,3596,河 上 年 昭,24,57,6.84,6,0.34,1.55.1,1-3-2,2720,11,1-3,270,1,1-2-3,1040,5,1-3,180,1,,,,,,,
20250419,常滑,11,予選特選,晴,南,2,0,5,4,4089,妹 尾 忠 幸,9,28,6.82,5,0.20,,1-3-2,2720,11,1-3,270,1,1-2-3,1040,5,1-3,180,1,,,,,,,
20250419,常滑,11,予選特選,晴,南,2,0,6,5,3792,田 中 豪,4,70,6.84,4,0.20,,1-3-2,2720,11,1-3,270,1,1-2-3,1040,5,1-3,180,1,,,,,,,
20250419,常滑,12,予選特選,晴,南東,2,0,1,1,4357,田 中 和 也,36,33,6.80,1,0.19,1.51.3,1-2-5,1690,6,1-2,680,3,1-2-5,650,2,1-2,1220,4,,,,,,,
20250419,常滑,12,予選特選,晴,南東,2,0,2,2,3282,池 本 輝 明,49,74,6.86,2,0.21,1.52.3,1-2-5,1690,6,1-2,680,3,1-2-5,650,2,1-2,1220,4,,,,,,,
20250419,常滑,12,予選特選,晴,南東,2,0,3,5,4715,村 上 遼,52,68,6.79,5,0.28,1.53.3,1-2-5,1690,6,1-2,680,3,1-2-5,650,2,1-2,1220,4,,,,,,,
20250419,常滑,12,予選特選,晴,南東,2,0,4,4,3947,寺 本 昇 平,33,39,6.80,4,0.25,1.54.6,1-2-5,1690,6,1-2,680,3,1-2-5,650,2,1-2,1220,4,,,,,,,
20250419,常滑,12,予選特選,晴,南東,2,0,5,6,4934,佐々木 翔 斗,58,19,6.83,6,0.29,,1-2-5,1690,6,1-2,680,3,1-2-5,650,2,1-2,1220,4,,,,,,,
20250419,常滑,12,予選特選,晴,南東,2,0,6,3,5002,上 田 健 太,8,25,6.81,3,0.20,,1-2-5,1690,6,1-2,680,3,1-2-5,650,2,1-2,1220,4,,,,,,,
20250419,徳山,1,朝トク一般,晴,南,2,2,1,1,4381,田 路 朋 史,43,29,6.87,1,0.08,1.52.1,1-2-5,2430,11,1-2,710,4,1-2-5,1020,6,1-2,840,4,,,,,,,
20250419,徳山,1,朝トク一般,晴,南,2,2,2,2,3411,池 上 隆 行,24,51,7.03,2,0.09,1.53.1,1-2-5,2430,11,1-2,710,4,1-2-5,1020,6,1-2,840,4,,,,,,,
20250419,徳山,1,朝トク一般,晴,南,2,2,3,5,4875,大 塚 康 雅,23,50,6.99,5,0.16,1.54.9,1-2-5,2430,11,1-2,710,4,1-2-5,1020,6,1-2,840,4,,,,,,,
20250419,徳山,1,朝トク一般,晴,南,2,2,4,3,4890,石 川 諒,57,61,7.00,3,0.17,1.55.9,1-2-5,2430,11,1-2,710,4,1-2-5,1020,6,1-2,840,4,,,,,,,
20250419,徳山,1,朝トク一般,晴,南,2,2,5,4,4957,竹之内 極,29,68,7.05,4,0.16,,1-2-5,2430,11,1-2,710,4,1-2-5,1020,6,1-2,840,4,,,,,,,
20250419,徳山,1,朝トク一般,晴,南,2,2,6,6,5302,秋 末 秦 悟,13,11,6.98,6,0.24,,1-2-5,2430,11,1-2,710,4,1-2-5,1020,6,1-2,840,4,,,,,,,
20250419,徳山,2,決めトク一般,晴,南,2,2,1,1,4523,中 村 辰 也,34,18,7.00,1,0.10,1.52.4,1-2-6,760,1,1-2,230,1,1-2-6,370,2,1-2,220,1,,,,,,,
20250419,徳山,2,決めトク一般,晴,南,2,2,2,2,4492,本 多 宏 和,31,55,7.05,2,0.09,1.53.3,1-2-6,760,1,1-2,230,1,1-2-6,370,2,1-2,220,1,,,,,,,
20250419,徳山,2,決めトク一般,晴,南,2,2,3,6,4601,森 野 正 弘,44,43,6.96,6,0.01,1.54.8,1-2-6,760,1,1-2,230,1,1-2-6,370,2,1-2,220,1,,,,,,,
20250419,徳山,2,決めトク一般,晴,南,2,2,4,5,4092,岡 部 大 輔,50,42,7.04,5,0.04,1.56.1,1-2-6,760,1,1-2,230,1,1-2-6,370,2,1-2,220,1,,,,,,,
20250419,徳山,2,決めトク一般,晴,南,2,2,5,3,5033,藤 原 孝 斗,22,62,6.98,3,0.08,,1-2-6,760,1,1-2,230,1,1-2-6,370,2,1-2,220,1,,,,,,,
20250419,徳山,2,決めトク一般,晴,南,2,2,6,4,4633,森 智 也,42,26,7.07,4,0.06,,1-2-6,760,1,1-2,230,1,1-2-6,370,2,1-2,220,1,,,,,,,
20250419,徳山,3,ガチトク一般,晴,南,2,2,1,1,4189,川 上 剛,54,59,6.98,1,0.15,1.53.2,1-2-3,320,1,1-2,180,1,1-2-3,200,1,1-2,180,1,,,,,,,
20250419,徳山,3,ガチトク一般,晴,南,2,2,2,2,4598,加 藤 政 彦,47,44,7.05,2,0.27,1.53.9,1-2-3,320,1,1-2,180,1,1-2-3,200,1,1-2,180,1,,,,,,,
20250419,徳山,3,ガチトク一般,晴,南,2,2,3,3,4158,木 場 雄二郎,33,38,7.01,3,0.15,1.54.5,1-2-3,320,1,1-2,180,1,1-2-3,200,1,1-2,180,1,,,,,,,
20250419,徳山,3,ガチトク一般,晴,南,2,2,4,5,5027,重 冨 勇 哉,32,64,7.03,5,0.18,1.56.8,1-2-3,320,1,1-2,180,1,1-2-3,200,1,1-2,180,1,,,,,,,
20250419,徳山,3,ガチトク一般,晴,南,2,2,5,4,4081,樋 口 範 政,37,47,7.04,4,0.22,,1-2-3,320,1,1-2,180,1,1-2-3,200,1,1-2,180,1,,,,,,,
20250419,徳山,3,ガチトク一般,晴,南,2,2,6,6,5258,仲 本 舜,56,73,7.01,6,0.17,,1-2-3,320,1,1-2,180,1,1-2-3,200,1,1-2,180,1,,,,,,,
20250419,徳山,4,買っトク一般,晴,南,2,2,1,1,4302,西 野 翔 太,11,71,7.01,1,0.21,1.52.1,1-3-6,820,2,1-3,230,1,1-3-6,480,3,1-3,170,1,,,,,,,
20250419,徳山,4,買っトク一般,晴,南,2,2,2,3,3966,作 間 章,19,35,7.08,3,0.14,1.53.3,1-3-6,820,2,1-3,230,1,1-3-6,480,3,1-3,170,1,,,,,,,
20250419,徳山,4,買っトク一般,晴,南,2,2,3,6,4377,濱 本 優 一,38,74,7.06,6,0.16,1.54.2,1-3-6,820,2,1-3,230,1,1-3-6,480,3,1-3,170,1,,,,,,,
20250419,徳山,4,買っトク一般,晴,南,2,2,4,4,4467,渡 邉 俊 介,46,23,7.05,4,0.07,1.55.2,1-3-6,820,2,1-3,230,1,1-3-6,480,3,1-3,170,1,,,,,,,
20250419,徳山,4,買っトク一般,晴,南,2,2,5,5,3901,松 田 憲 幸,16,13,7.12,5,0.19,,1-3-6,820,2,1-3,230,1,1-3-6,480,3,1-3,170,1,,,,,,,
20250419,徳山,4,買っトク一般,晴,南,2,2,6,2,4202,浮 田 圭 浩,25,40,7.07,2,0.19,,1-3-6,820,2,1-3,230,1,1-3-6,480,3,1-3,170,1,,,,,,,
20250419,徳山,5,一般,晴,南西,2,2,1,2,4603,谷 川 将 太,51,24,7.02,2,0.23,1.51.0,2-6-1,16290,37,2-6,6080,13,1-2-6,650,3,2-6,3190,8,,,,,,,
20250419,徳山,5,一般,晴,南西,2,2,2,6,4351,里 岡 右 貴,28,28,7.05,6,0.14,1.52.2,2-6-1,16290,37,2-6,6080,13,1-2-6,650,3,2-6,3190,8,,,,,,,
20250419,徳山,5,一般,晴,南西,2,2,3,1,4152,深 水 慎一郎,36,31,6.96,1,0.18,1.55.3,2-6-1,16290,37,2-6,6080,13,1-2-6,650,3,2-6,3190,8,,,,,,,
20250419,徳山,5,一般,晴,南西,2,2,4,5,3430,角 浜 修,40,76,7.06,5,0.26,1.56.5,2-6-1,16290,37,2-6,6080,13,1-2-6,650,3,2-6,3190,8,,,,,,,
20250419,徳山,5,一般,晴,南西,2,2,5,4,4822,百 武 翔,53,41,7.04,4,0.22,,2-6-1,16290,37,2-6,6080,13,1-2-6,650,3,2-6,3190,8,,,,,,,
20250419,徳山,5,一般,晴,南西,2,2,6,3,5179,藤 本 元 輝,45,20,7.02,3,0.30,,2-6-1,16290,37,2-6,6080,13,1-2-6,650,3,2-6,3190,8,,,,,,,
20250419,徳山,6,一般,晴,南,2,2,1,1,4330,奈 須 啓 太,26,25,6.95,1,0.13,1.51.2,1-3-2,960,4,1-3,380,2,1-2-3,370,1,1-3,490,2,,,,,,,
20250419,徳山,6,一般,晴,南,2,2,2,3,4723,寺 島 吉 彦,49,39,6.94,3,0.11,1.52.6,1-3-2,960,4,1-3,380,2,1-2-3,370,1,1-3,490,2,,,,,,,
20250419,徳山,6,一般,晴,南,2,2,3,2,4193,郷 原 章 平,12,30,6.95,2,0.12,1.53.9,1-3-2,960,4,1-3,380,2,1-2-3,370,1,1-3,490,2,,,,,,,
20250419,徳山,6,一般,晴,南,2,2,4,6,4643,近 江 翔 吾,35,75,6.98,6,0.11,1.55.2,1-3-2,960,4,1-3,380,2,1-2-3,370,1,1-3,490,2,,,,,,,
20250419,徳山,6,一般,晴,南,2,2,5,5,4633,森 智 也,42,26,7.04,5,0.17,,1-3-2,960,4,1-3,380,2,1-2-3,370,1,1-3,490,2,,,,,,,
20250419,徳山,6,一般,晴,南,2,2,6,4,4875,大 塚 康 雅,23,50,6.99,4,0.14,,1-3-2,960,4,1-3,380,2,1-2-3,370,1,1-3,490,2,,,,,,,
20250419,徳山,7,一般,晴,南,2,2,1,1,5027,重 冨 勇 哉,32,64,7.02,1,0.11,1.52.2,1-2-3,600,1,1-2,290,1,1-2-3,310,1,1-2,330,2,,,,,,,
20250419,徳山,7,一般,晴,南,2,2,2,2,3949,今 出 晋 二,20,33,7.09,2,0.06,1.53.8,1-2-3,600,1,1-2,290,1,1-2-3,310,1,1-2,330,2,,,,,,,
20250419,徳山,7,一般,晴,南,2,2,3,3,3797,岩 井 繁,17,77,7.08,3,0.14,1.55.9,1-2-3,600,1,1-2,290,1,1-2-3,310,1,1-2,330,2,,,,,,,
20250419,徳山,7,一般,晴,南,2,2,4,4,3411,池 上 隆 行,24,51,7.10,4,0.16,1.57.0,1-2-3,600,1,1-2,290,1,1-2-3,310,1,1-2,330,2,,,,,,,
20250419,徳山,7,一般,晴,南,2,2,5,5,3553,平 池 仁 志,27,65,7.09,5,0.14,,1-2-3,600,1,1-2,290,1,1-2-3,310,1,1-2,330,2,,,,,,,
20250419,徳山,7,一般,晴,南,2,2,6,6,5302,秋 末 秦 悟,13,11,6.98,6,0.29,,1-2-3,600,1,1-2,290,1,1-2-3,310,1,1-2,330,2,,,,,,,
20250419,徳山,8,一般,晴,南,2,2,1,1,5053,山 口 広 樹,15,17,6.97,1,0.15,1.50.9,1-4-5,7260,22,1-4,2200,7,1-4-5,2490,11,1-4,1730,7,,,,,,,
20250419,徳山,8,一般,晴,南,2,2,2,4,4890,石 川 諒,57,61,7.02,5,0.08,1.52.5,1-4-5,7260,22,1-4,2200,7,1-4-5,2490,11,1-4,1730,7,,,,,,,
20250419,徳山,8,一般,晴,南,2,2,3,5,3349,吉 田 一 郎,48,57,7.08,2,0.10,1.54.2,1-4-5,7260,22,1-4,2200,7,1-4-5,2490,11,1-4,1730,7,,,,,,,
20250419,徳山,8,一般,晴,南,2,2,4,2,3882,新 田 智 彰,30,63,6.97,3,0.13,1.55.0,1-4-5,7260,22,1-4,2200,7,1-4-5,2490,11,1-4,1730,7,,,,,,,
20250419,徳山,8,一般,晴,南,2,2,5,3,4957,竹之内 極,29,68,7.01,4,0.15,,1-4-5,7260,22,1-4,2200,7,1-4-5,2490,11,1-4,1730,7,,,,,,,
20250419,徳山,8,一般,晴,南,2,2,6,6,4703,森 永 隆,39,70,7.05,6,0.08,,1-4-5,7260,22,1-4,2200,7,1-4-5,2490,11,1-4,1730,7,,,,,,,
20250419,徳山,9,狙いトク一般,晴,南,3,3,1,1,4492,本 多 宏 和,31,55,7.08,1,0.18,1.52.0,1-3-4,470,1,1-3,250,1,1-3-4,270,1,1-3,210,1,,,,,,,
20250419,徳山,9,狙いトク一般,晴,南,3,3,2,3,4467,渡 邉 俊 介,46,23,7.05,3,0.20,1.53.1,1-3-4,470,1,1-3,250,1,1-3-4,270,1,1-3,210,1,,,,,,,
20250419,徳山,9,狙いトク一般,晴,南,3,3,3,4,4092,岡 部 大 輔,50,42,7.03,4,0.19,1.54.4,1-3-4,470,1,1-3,250,1,1-3-4,270,1,1-3,210,1,,,,,,,
20250419,徳山,9,狙いトク一般,晴,南,3,3,4,6,4598,加 藤 政 彦,47,44,7.02,6,0.26,1.54.5,1-3-4,470,1,1-3,250,1,1-3-4,270,1,1-3,210,1,,,,,,,
20250419,徳山,9,狙いトク一般,晴,南,3,3,5,2,5258,仲 本 舜,56,73,7.06,2,0.18,,1-3-4,470,1,1-3,250,1,1-3-4,270,1,1-3,210,1,,,,,,,
20250419,徳山,9,狙いトク一般,晴,南,3,3,6,5,4202,浮 田 圭 浩,25,40,7.04,5,0.25,,1-3-4,470,1,1-3,250,1,1-3-4,270,1,1-3,210,1,,,,,,,
20250419,徳山,10,準優勝戦,晴,南,3,3,1,2,4601,森 野 正 弘,44,43,6.95,2,0.11,1.51.4,2-1-3,1130,4,2-1,600,3,1-2-3,170,1,1-2,170,1,,,,,,,
20250419,徳山,10,準優勝戦,晴,南,3,3,2,1,4377,濱 本 優 一,38,74,7.04,1,0.14,1.53.2,2-1-3,1130,4,2-1,600,3,1-2-3,170,1,1-2,170,1,,,,,,,
20250419,徳山,10,準優勝戦,晴,南,3,3,3,3,4351,里 岡 右 貴,28,28,7.04,3,0.14,1.53.5,2-1-3,1130,4,2-1,600,3,1-2-3,170,1,1-2,170,1,,,,,,,
20250419,徳山,10,準優勝戦,晴,南,3,3,4,6,4330,奈 須 啓 太,26,25,7.04,6,0.26,1.55.6,2-1-3,1130,4,2-1,600,3,1-2-3,170,1,1-2,170,1,,,,,,,
20250419,徳山,10,準優勝戦,晴,南,3,3,5,5,4723,寺 島 吉 彦,49,39,7.08,5,0.43,,2-1-3,1130,4,2-1,600,3,1-2-3,170,1,1-2,170,1,,,,,,,
20250419,徳山,10,準優勝戦,晴,南,3,3,6,4,4158,木 場 雄二郎,33,38,7.04,4,0.22,,2-1-3,1130,4,2-1,600,3,1-2-3,170,1,1-2,170,1,,,,,,,
20250419,徳山,11,準優勝戦,晴,南,2,2,1,1,4643,近 江 翔 吾,35,75,7.04,1,0.02,1.51.4,1-4-3,1460,6,1-4,500,3,1-3-4,610,3,1-4,440,3,,,,,,,
20250419,徳山,11,準優勝戦,晴,南,2,2,2,4,4381,田 路 朋 史,43,29,6.94,4,0.13,1.52.7,1-4-3,1460,6,1-4,500,3,1-3-4,610,3,1-4,440,3,,,,,,,
20250419,徳山,11,準優勝戦,晴,南,2,2,3,3,4822,百 武 翔,53,41,7.03,3,0.08,1.54.3,1-4-3,1460,6,1-4,500,3,1-3-4,610,3,1-4,440,3,,,,,,,
20250419,徳山,11,準優勝戦,晴,南,2,2,4,6,3966,作 間 章,19,35,7.12,6,0.15,1.55.2,1-4-3,1460,6,1-4,500,3,1-3-4,610,3,1-4,440,3,,,,,,,
20250419,徳山,11,準優勝戦,晴,南,2,2,5,5,4193,郷 原 章 平,12,30,7.02,5,0.17,,1-4-3,1460,6,1-4,500,3,1-3-4,610,3,1-4,440,3,,,,,,,
20250419,徳山,11,準優勝戦,晴,南,2,2,6,2,4523,中 村 辰 也,34,18,7.03,2,0.09,,1-4-3,1460,6,1-4,500,3,1-3-4,610,3,1-4,440,3,,,,,,,
20250419,徳山,12,準優勝戦,晴,南東,4,4,1,1,4703,森 永 隆,39,70,7.05,1,0.17,1.52.2,1-3-5,850,4,1-3,250,2,1-3-5,550,2,1-3,210,1,,,,,,,
20250419,徳山,12,準優勝戦,晴,南東,4,4,2,3,4302,西 野 翔 太,11,71,7.01,3,0.18,1.53.3,1-3-5,850,4,1-3,250,2,1-3-5,550,2,1-3,210,1,,,,,,,
20250419,徳山,12,準優勝戦,晴,南東,4,4,3,5,4189,川 上 剛,54,59,7.02,5,0.25,1.55.4,1-3-5,850,4,1-3,250,2,1-3-5,550,2,1-3,210,1,,,,,,,
20250419,徳山,12,準優勝戦,晴,南東,4,4,4,2,3349,吉 田 一 郎,48,57,7.11,2,0.17,1.55.6,1-3-5,850,4,1-3,250,2,1-3-5,550,2,1-3,210,1,,,,,,,
20250419,徳山,12,準優勝戦,晴,南東,4,4,5,4,5033,藤 原 孝 斗,22,62,6.97,4,0.22,,1-3-5,850,4,1-3,250,2,1-3-5,550,2,1-3,210,1,,,,,,,
20250419,徳山,12,準優勝戦,晴,南東,4,4,6,6,4152,深 水 慎一郎,36,31,6.96,6,0.31,,1-3-5,850,4,1-3,250,2,1-3-5,550,2,1-3,210,1,,,,,,,
20250419,戸田,1,予選,晴,東,2,2,1,3,4918,川 島 拓 郎,6,63,6.62,3,0.12,1.51.0,3-1-5,1890,5,3-1,840,4,1-3-5,430,3,1-3,280,1,,,,,,,
20250419,戸田,1,予選,晴,東,2,2,2,1,4167,片 岡 秀 樹,53,16,6.69,1,0.19,1.52.3,3-1-5,1890,5,3-1,840,4,1-3-5,430,3,1-3,280,1,,,,,,,
20250419,戸田,1,予選,晴,東,2,2,3,5,4656,大 崎 翔,47,41,6.72,5,0.19,1.53.6,3-1-5,1890,5,3-1,840,4,1-3-5,430,3,1-3,280,1,,,,,,,
20250419,戸田,1,予選,晴,東,2,2,4,2,4834,浜 本 裕 己,59,45,6.73,2,0.14,1.54.2,3-1-5,1890,5,3-1,840,4,1-3-5,430,3,1-3,280,1,,,,,,,
20250419,戸田,1,予選,晴,東,2,2,5,4,5219,森 口 和 紀,48,28,6.68,4,0.29,,3-1-5,1890,5,3-1,840,4,1-3-5,430,3,1-3,280,1,,,,,,,
20250419,戸田,1,予選,晴,東,2,2,6,6,3620,信 濃 由 行,32,46,6.79,6,0.23,,3-1-5,1890,5,3-1,840,4,1-3-5,430,3,1-3,280,1,,,,,,,
20250419,戸田,2,予選,晴,東,3,3,1,3,4596,葛 原 大 陽,39,55,6.69,3,0.23,1.50.0,3-1-5,3490,13,3-1,1060,6,1-3-5,750,3,1-3,640,3,,,,,,,
20250419,戸田,2,予選,晴,東,3,3,2,1,4792,杉 村 賢 也,55,50,6.79,1,0.19,1.52.1,3-1-5,3490,13,3-1,1060,6,1-3-5,750,3,1-3,640,3,,,,,,,
20250419,戸田,2,予選,晴,東,3,3,3,5,4424,松 尾 昂 明,35,72,6.70,5,0.17,1.53.3,3-1-5,3490,13,3-1,1060,6,1-3-5,750,3,1-3,640,3,,,,,,,
20250419,戸田,2,予選,晴,東,3,3,4,2,5111,三 村 岳 人,29,21,6.61,2,0.26,1.54.4,3-1-5,3490,13,3-1,1060,6,1-3-5,750,3,1-3,640,3,,,,,,,
20250419,戸田,2,予選,晴,東,3,3,5,6,4902,山 川 雄 大,25,36,6.73,6,0.21,,3-1-5,3490,13,3-1,1060,6,1-3-5,750,3,1-3,640,3,,,,,,,
20250419,戸田,2,予選,晴,東,3,3,6,4,3808,秋 田 健太郎,22,14,6.66,4,0.16,,3-1-5,3490,13,3-1,1060,6,1-3-5,750,3,1-3,640,3,,,,,,,
20250419,戸田,3,予選,晴,南東,4,3,1,5,4794,和 田 拓 也,40,31,6.70,5,0.13,1.51.7,5-2-6,4210,15,5-2,1190,5,2-5-6,860,4,2-5,520,3,,,,,,,
20250419,戸田,3,予選,晴,南東,4,3,2,2,4608,荒 井 翔 伍,49,58,6.62,1,0.09,1.53.1,5-2-6,4210,15,5-2,1190,5,2-5-6,860,4,2-5,520,3,,,,,,,
20250419,戸田,3,予選,晴,南東,4,3,3,6,3563,堤 昇,57,34,6.70,6,0.16,1.54.6,5-2-6,4210,15,5-2,1190,5,2-5-6,860,4,2-5,520,3,,,,,,,
20250419,戸田,3,予選,晴,南東,4,3,4,4,4272,大 場 広 孝,37,38,6.67,4,0.14,1.55.7,5-2-6,4210,15,5-2,1190,5,2-5-6,860,4,2-5,520,3,,,,,,,
20250419,戸田,3,予選,晴,南東,4,3,5,3,3432,宮 迫 暢 彦,65,22,6.66,3,0.14,,5-2-6,4210,15,5-2,1190,5,2-5-6,860,4,2-5,520,3,,,,,,,
20250419,戸田,3,予選,晴,南東,4,3,6,1,4978,山 田 和 佐,56,70,6.83,2,0.16,,5-2-6,4210,15,5-2,1190,5,2-5-6,860,4,2-5,520,3,,,,,,,
20250419,戸田,4,予選,晴,南東,3,3,1,6,3532,柴 田 光,33,69,6.65,3,0.12,1.48.6,6-3-2,3130,10,6-3,1650,7,2-3-6,510,2,3-6,1340,7,,,,,,,
20250419,戸田,4,予選,晴,南東,3,3,2,3,3990,芹 澤 克 彦,60,77,6.64,4,0.12,1.51.8,6-3-2,3130,10,6-3,1650,7,2-3-6,510,2,3-6,1340,7,,,,,,,
20250419,戸田,4,予選,晴,南東,3,3,3,2,4798,浜 先 真 範,43,64,6.68,1,0.21,1.53.5,6-3-2,3130,10,6-3,1650,7,2-3-6,510,2,3-6,1340,7,,,,,,,
20250419,戸田,4,予選,晴,南東,3,3,4,4,4430,永 田 秀 二,62,53,6.74,5,0.16,1.55.2,6-3-2,3130,10,6-3,1650,7,2-3-6,510,2,3-6,1340,7,,,,,,,
20250419,戸田,4,予選,晴,南東,3,3,5,1,3568,木 村 光 宏,52,32,6.69,2,0.21,,6-3-2,3130,10,6-3,1650,7,2-3-6,510,2,3-6,1340,7,,,,,,,
20250419,戸田,4,予選,晴,南東,3,3,6,5,5329,金 子 龍 斗,58,19,6.77,6,0.14,,6-3-2,3130,10,6-3,1650,7,2-3-6,510,2,3-6,1340,7,,,,,,,
20250419,戸田,5,ウインウイン,晴,南東,2,3,1,2,4154,森 安 弘 雅,9,40,6.65,2,0.10,1.50.7,2-4-3,4870,18,2-4,1300,6,2-3-4,1070,5,2-4,490,2,,,,,,,
20250419,戸田,5,ウインウイン,晴,南東,2,3,2,4,4604,岩 瀬 裕 亮,46,17,6.67,4,0.11,1.51.7,2-4-3,4870,18,2-4,1300,6,2-3-4,1070,5,2-4,490,2,,,,,,,
20250419,戸田,5,ウインウイン,晴,南東,2,3,3,3,4651,佐 藤 大 騎,4,74,6.69,3,0.11,1.54.0,2-4-3,4870,18,2-4,1300,6,2-3-4,1070,5,2-4,490,2,,,,,,,
20250419,戸田,5,ウインウイン,晴,南東,2,3,4,1,3992,関 口 智 久,3,30,6.69,1,0.09,1.54.1,2-4-3,4870,18,2-4,1300,6,2-3-4,1070,5,2-4,490,2,,,,,,,
20250419,戸田,5,ウインウイン,晴,南東,2,3,5,6,5385,鈴 木 柊 介,41,68,6.80,6,0.09,,2-4-3,4870,18,2-4,1300,6,2-3-4,1070,5,2-4,490,2,,,,,,,
20250419,戸田,5,ウインウイン,晴,南東,2,3,6,5,4203,小 倉 康 典,17,42,6.75,5,0.11,,2-4-3,4870,18,2-4,1300,6,2-3-4,1070,5,2-4,490,2,,,,,,,
20250419,戸田,6,予選,晴,南東,3,3,1,2,4682,大 上 卓 人,54,61,6.60,3,0.14,1.51.3,2-3-1,3260,14,2-3,1340,6,1-2-3,440,2,2-3,890,3,,,,,,,
20250419,戸田,6,予選,晴,南東,3,3,2,3,3072,西 田 靖,64,65,6.63,2,0.25,1.53.8,2-3-1,3260,14,2-3,1340,6,1-2-3,440,2,2-3,890,3,,,,,,,
20250419,戸田,6,予選,晴,南東,3,3,3,1,4656,大 崎 翔,47,41,6.55,1,0.20,1.54.9,2-3-1,3260,14,2-3,1340,6,1-2-3,440,2,2-3,890,3,,,,,,,
20250419,戸田,6,予選,晴,南東,3,3,4,4,4363,大 野 芳 顕,28,20,6.71,4,0.19,1.55.4,2-3-1,3260,14,2-3,1340,6,1-2-3,440,2,2-3,890,3,,,,,,,
20250419,戸田,6,予選,晴,南東,3,3,5,6,4538,笠 置 博 之,2,66,6.66,6,0.20,,2-3-1,3260,14,2-3,1340,6,1-2-3,440,2,2-3,890,3,,,,,,,
20250419,戸田,6,予選,晴,南東,3,3,6,5,5349,宮 崎 奏 磨,36,29,6.60,5,0.20,,2-3-1,3260,14,2-3,1340,6,1-2-3,440,2,2-3,890,3,,,,,,,
20250419,戸田,7,ウインウイン,晴,南東,2,3,1,1,4090,中 村 尊,34,18,6.71,1,0.16,1.51.0,1-5-3,1170,4,1-5,580,3,1-3-5,390,1,1-5,390,2,,,,,,,
20250419,戸田,7,ウインウイン,晴,南東,2,3,2,5,3432,宮 迫 暢 彦,65,22,6.66,4,0.27,1.53.1,1-5-3,1170,4,1-5,580,3,1-3-5,390,1,1-5,390,2,,,,,,,
20250419,戸田,7,ウインウイン,晴,南東,2,3,3,3,5073,上 原 健次郎,24,48,6.70,3,0.31,1.54.5,1-5-3,1170,4,1-5,580,3,1-3-5,390,1,1-5,390,2,,,,,,,
20250419,戸田,7,ウインウイン,晴,南東,2,3,4,2,3652,森 下 勇,21,13,6.64,2,0.39,1.55.1,1-5-3,1170,4,1-5,580,3,1-3-5,390,1,1-5,390,2,,,,,,,
20250419,戸田,7,ウインウイン,晴,南東,2,3,5,6,4020,川 上 清 人,1,39,6.74,6,0.27,,1-5-3,1170,4,1-5,580,3,1-3-5,390,1,1-5,390,2,,,,,,,
20250419,戸田,7,ウインウイン,晴,南東,2,3,6,4,5236,小 宮 涼 雅,26,35,6.68,5,0.37,,1-5-3,1170,4,1-5,580,3,1-3-5,390,1,1-5,390,2,,,,,,,
20250419,戸田,8,予選,晴,南東,3,3,1,1,4572,渡 部 悟,45,47,6.72,1,0.12,1.50.3,1-3-4,3050,9,1-3,410,1,1-3-4,970,5,1-3,260,1,,,,,,,
20250419,戸田,8,予選,晴,南東,3,3,2,3,4391,松 田 祐 季,30,54,6.67,3,0.12,1.51.4,1-3-4,3050,9,1-3,410,1,1-3-4,970,5,1-3,260,1,,,,,,,
20250419,戸田,8,予選,晴,南東,3,3,3,4,4167,片 岡 秀 樹,53,16,6.71,4,0.18,1.53.1,1-3-4,3050,9,1-3,410,1,1-3-4,970,5,1-3,260,1,,,,,,,
20250419,戸田,8,予選,晴,南東,3,3,4,5,4798,浜 先 真 範,43,64,6.66,5,0.12,1.54.9,1-3-4,3050,9,1-3,410,1,1-3-4,970,5,1-3,260,1,,,,,,,
20250419,戸田,8,予選,晴,南東,3,3,5,2,4272,大 場 広 孝,37,38,6.72,2,0.11,,1-3-4,3050,9,1-3,410,1,1-3-4,970,5,1-3,260,1,,,,,,,
20250419,戸田,8,予選,晴,南東,3,3,6,6,4150,山 田 雄 太,42,44,6.73,6,0.15,,1-3-4,3050,9,1-3,410,1,1-3-4,970,5,1-3,260,1,,,,,,,
20250419,戸田,9,戸田特賞,晴,南東,3,3,1,1,3907,村 越 篤,38,76,6.73,1,0.17,1.49.9,1-4-2,3130,11,1-4,610,2,1-2-4,1180,6,1-4,390,2,,,,,,,
20250419,戸田,9,戸田特賞,晴,南東,3,3,2,4,5111,三 村 岳 人,29,21,6.58,3,0.16,1.51.3,1-4-2,3130,11,1-4,610,2,1-2-4,1180,6,1-4,390,2,,,,,,,
20250419,戸田,9,戸田特賞,晴,南東,3,3,3,2,4651,佐 藤 大 騎,4,74,6.66,2,0.16,1.52.8,1-4-2,3130,11,1-4,610,2,1-2-4,1180,6,1-4,390,2,,,,,,,
20250419,戸田,9,戸田特賞,晴,南東,3,3,4,6,4122,安 東 幸 治,27,52,6.74,6,0.19,1.53.1,1-4-2,3130,11,1-4,610,2,1-2-4,1180,6,1-4,390,2,,,,,,,
20250419,戸田,9,戸田特賞,晴,南東,3,3,5,5,3990,芹 澤 克 彦,60,77,6.65,5,0.19,,1-4-2,3130,11,1-4,610,2,1-2-4,1180,6,1-4,390,2,,,,,,,
20250419,戸田,9,戸田特賞,晴,南東,3,3,6,3,4608,荒 井 翔 伍,49,58,6.69,4,0.23,,1-4-2,3130,11,1-4,610,2,1-2-4,1180,6,1-4,390,2,,,,,,,
20250419,戸田,10,戸田特賞,晴,南東,3,3,1,3,4203,小 倉 康 典,17,42,6.89,3,0.13,1.51.2,3-5-6,20220,47,3-5,6840,15,3-5-6,5440,14,3-5,2680,10,,,,,,,
20250419,戸田,10,戸田特賞,晴,南東,3,3,2,5,4596,葛 原 大 陽,39,55,6.91,5,0.12,1.52.2,3-5-6,20220,47,3-5,6840,15,3-5-6,5440,14,3-5,2680,10,,,,,,,
20250419,戸田,10,戸田特賞,晴,南東,3,3,3,6,5016,宮 田 龍 馬,31,62,6.81,6,0.14,1.53.7,3-5-6,20220,47,3-5,6840,15,3-5-6,5440,14,3-5,2680,10,,,,,,,
20250419,戸田,10,戸田特賞,晴,南東,3,3,4,1,3746,岡 瀬 正 人,61,75,6.80,1,0.18,1.55.3,3-5-6,20220,47,3-5,6840,15,3-5-6,5440,14,3-5,2680,10,,,,,,,
20250419,戸田,10,戸田特賞,晴,南東,3,3,5,4,3568,木 村 光 宏,52,32,6.86,4,0.19,,3-5-6,20220,47,3-5,6840,15,3-5-6,5440,14,3-5,2680,10,,,,,,,
20250419,戸田,10,戸田特賞,晴,南東,3,3,6,2,4363,大 野 芳 顕,28,20,6.85,2,0.15,,3-5-6,20220,47,3-5,6840,15,3-5-6,5440,14,3-5,2680,10,,,,,,,
20250419,戸田,11,記者選抜戦,晴,南,5,4,1,4,3992,関 口 智 久,3,30,6.74,4,0.08,1.50.5,4-5-2,17170,50,4-5,2400,9,2-4-5,4540,15,4-5,1410,6,,,,,,,
20250419,戸田,11,記者選抜戦,晴,南,5,4,2,5,4293,鈴 木 智 啓,63,56,6.75,5,0.09,1.50.8,4-5-2,17170,50,4-5,2400,9,2-4-5,4540,15,4-5,1410,6,,,,,,,
20250419,戸田,11,記者選抜戦,晴,南,5,4,3,2,4902,山 川 雄 大,25,36,6.74,2,0.17,1.53.6,4-5-2,17170,50,4-5,2400,9,2-4-5,4540,15,4-5,1410,6,,,,,,,
20250419,戸田,11,記者選抜戦,晴,南,5,4,4,6,4834,浜 本 裕 己,59,45,6.75,6,0.12,1.54.4,4-5-2,17170,50,4-5,2400,9,2-4-5,4540,15,4-5,1410,6,,,,,,,
20250419,戸田,11,記者選抜戦,晴,南,5,4,5,3,3563,堤 昇,57,34,6.71,3,0.16,,4-5-2,17170,50,4-5,2400,9,2-4-5,4540,15,4-5,1410,6,,,,,,,
20250419,戸田,11,記者選抜戦,晴,南,5,4,6,1,4430,永 田 秀 二,62,53,6.70,1,0.16,,4-5-2,17170,50,4-5,2400,9,2-4-5,4540,15,4-5,1410,6,,,,,,,
20250419,戸田,12,戸田選抜戦,晴,南,3,3,1,4,4090,中 村 尊,34,18,6.76,4,0.09,2.00.4,4-1-5,13390,44,4-1,3430,12,1-4-5,1610,8,1-4,930,5,,,,,,,
20250419,戸田,12,戸田選抜戦,晴,南,3,3,2,1,4604,岩 瀬 裕 亮,46,17,6.71,1,0.09,2.02.0,4-1-5,13390,44,4-1,3430,12,1-4-5,1610,8,1-4,930,5,,,,,,,
20250419,戸田,12,戸田選抜戦,晴,南,3,3,3,5,4682,大 上 卓 人,54,61,6.66,5,0.13,2.05.9,4-1-5,13390,44,4-1,3430,12,1-4-5,1610,8,1-4,930,5,,,,,,,
20250419,戸田,12,戸田選抜戦,晴,南,3,3,4,6,4391,松 田 祐 季,30,54,6.80,6,0.12,2.09.4,4-1-5,13390,44,4-1,3430,12,1-4-5,1610,8,1-4,930,5,,,,,,,
20250419,戸田,12,戸田選抜戦,晴,南,3,3,5,2,4794,和 田 拓 也,40,31,6.72,2,0.12,,4-1-5,13390,44,4-1,3430,12,1-4-5,1610,8,1-4,930,5,,,,,,,
20250419,津,1,ツッピーレー,晴,東,1,1,1,2,4224,大 橋 栄里佳,15,51,6.81,2,0.16,1.50.0,2-3-4,17750,32,2-3,1340,5,2-3-4,4410,8,2-3,1080,3,,,,,,,
20250419,津,1,ツッピーレー,晴,東,1,1,2,3,4071,古 賀 千 晶,49,27,6.85,3,0.14,1.53.2,2-3-4,17750,32,2-3,1340,5,2-3-4,4410,8,2-3,1080,3,,,,,,,
20250419,津,1,ツッピーレー,晴,東,1,1,3,4,5322,根 岸 真 優,36,26,6.91,4,0.10,1.55.0,2-3-4,17750,32,2-3,1340,5,2-3-4,4410,8,2-3,1080,3,,,,,,,
20250419,津,1,ツッピーレー,晴,東,1,1,4,5,4414,大 澤 真 菜,21,15,6.86,5,0.24,1.55.3,2-3-4,17750,32,2-3,1340,5,2-3-4,4410,8,2-3,1080,3,,,,,,,
20250419,津,1,ツッピーレー,晴,東,1,1,5,6,5360,高 木 茉 白,43,38,6.93,6,0.25,,2-3-4,17750,32,2-3,1340,5,2-3-4,4410,8,2-3,1080,3,,,,,,,
20250419,津,1,ツッピーレー,晴,東,1,1,6,1,4499,滝 川 真由子,33,56,6.96,1,0.28,,2-3-4,17750,32,2-3,1340,5,2-3-4,4410,8,2-3,1080,3,,,,,,,
20250419,津,2,予選,晴,東,2,1,1,2,4244,鈴 木 成 美,71,37,6.83,2,0.21,1.51.3,2-1-3,3430,14,2-1,870,5,1-2-3,920,5,1-2,520,3,,,,,,,
20250419,津,2,予選,晴,東,2,1,2,1,4283,石 井 裕 美,72,72,6.84,1,0.19,1.52.9,2-1-3,3430,14,2-1,870,5,1-2-3,920,5,1-2,520,3,,,,,,,
20250419,津,2,予選,晴,東,2,1,3,3,3289,高 橋 淳 美,38,44,6.92,3,0.33,1.54.5,2-1-3,3430,14,2-1,870,5,1-2-3,920,5,1-2,520,3,,,,,,,
20250419,津,2,予選,晴,東,2,1,4,4,4589,塩 崎 桐 加,40,11,6.85,4,0.36,1.56.6,2-1-3,3430,14,2-1,870,5,1-2-3,920,5,1-2,520,3,,,,,,,
20250419,津,2,予選,晴,東,2,1,5,6,4385,鈴 木 祐美子,60,13,6.83,5,0.45,,2-1-3,3430,14,2-1,870,5,1-2-3,920,5,1-2,520,3,,,,,,,
20250419,津,2,予選,晴,東,2,1,6,5,5326,三 嶌 さらら,18,63,6.89,6,0.51,,2-1-3,3430,14,2-1,870,5,1-2-3,920,5,1-2,520,3,,,,,,,
20250419,津,3,予選,曇り,東,2,1,1,3,4484,稲 生 夏 季,32,73,6.90,3,0.15,1.50.9,3-5-2,7590,36,3-5,2700,15,2-3-5,700,3,3-5,1640,9,,,,,,,
20250419,津,3,予選,曇り,東,2,1,2,5,3232,山 川 美由紀,75,16,6.90,5,0.21,1.51.8,3-5-2,7590,36,3-5,2700,15,2-3-5,700,3,3-5,1640,9,,,,,,,
20250419,津,3,予選,曇り,東,2,1,3,2,3474,松 瀬 弘 美,14,14,6.89,2,0.15,1.52.7,3-5-2,7590,36,3-5,2700,15,2-3-5,700,3,3-5,1640,9,,,,,,,
20250419,津,3,予選,曇り,東,2,1,4,1,4882,瀧 川 千 依,11,25,6.87,1,0.20,1.54.6,3-5-2,7590,36,3-5,2700,15,2-3-5,700,3,3-5,1640,9,,,,,,,
20250419,津,3,予選,曇り,東,2,1,5,4,3551,藤 田 美 代,20,31,6.84,4,0.17,,3-5-2,7590,36,3-5,2700,15,2-3-5,700,3,3-5,1640,9,,,,,,,
20250419,津,3,予選,曇り,東,2,1,6,6,4548,篠 木 亜衣花,74,71,6.91,6,0.24,,3-5-2,7590,36,3-5,2700,15,2-3-5,700,3,3-5,1640,9,,,,,,,
20250419,津,4,予選,曇り,南東,2,1,1,3,4347,魚 谷 香 織,67,67,6.84,4,0.17,1.50.2,3-2-6,1960,5,3-2,860,4,2-3-6,410,1,2-3,440,1,,,,,,,
20250419,津,4,予選,曇り,南東,2,1,2,2,3932,池 田 浩 美,17,70,6.83,2,0.16,1.53.1,3-2-6,1960,5,3-2,860,4,2-3-6,410,1,2-3,440,1,,,,,,,
20250419,津,4,予選,曇り,南東,2,1,3,6,3845,中 谷 朋 子,19,43,6.89,3,0.23,1.54.5,3-2-6,1960,5,3-2,860,4,2-3-6,410,1,2-3,440,1,,,,,,,
20250419,津,4,予選,曇り,南東,2,1,4,5,4443,津 田 裕 絵,66,32,6.92,5,0.18,1.56.3,3-2-6,1960,5,3-2,860,4,2-3-6,410,1,2-3,440,1,,,,,,,
20250419,津,4,予選,曇り,南東,2,1,5,4,5305,伊 藤 栞,16,53,6.92,6,0.22,,3-2-6,1960,5,3-2,860,4,2-3-6,410,1,2-3,440,1,,,,,,,
20250419,津,4,予選,曇り,南東,2,1,6,1,5189,藤 原 早 菜,48,52,6.89,1,0.21,,3-2-6,1960,5,3-2,860,4,2-3-6,410,1,2-3,440,1,,,,,,,
20250419,津,5,５ールドレー,晴,東,2,1,1,1,4123,細 川 裕 子,61,19,6.92,1,0.20,1.49.4,1-5-2,1080,3,1-5,500,3,1-2-5,300,1,1-5,380,2,,,,,,,
20250419,津,5,５ールドレー,晴,東,2,1,2,5,3175,渡 辺 千 草,23,69,6.86,5,0.26,1.52.9,1-5-2,1080,3,1-5,500,3,1-2-5,300,1,1-5,380,2,,,,,,,
20250419,津,5,５ールドレー,晴,東,2,1,3,2,5078,山 川 波 乙,53,68,6.83,2,0.22,1.53.6,1-5-2,1080,3,1-5,500,3,1-2-5,300,1,1-5,380,2,,,,,,,
20250419,津,5,５ールドレー,晴,東,2,1,4,3,3604,武 藤 綾 子,54,65,6.88,3,0.21,1.54.5,1-5-2,1080,3,1-5,500,3,1-2-5,300,1,1-5,380,2,,,,,,,
20250419,津,5,５ールドレー,晴,東,2,1,5,6,5140,吉 田 彩 乃,51,59,6.87,6,0.33,,1-5-2,1080,3,1-5,500,3,1-2-5,300,1,1-5,380,2,,,,,,,
20250419,津,5,５ールドレー,晴,東,2,1,6,4,5360,高 木 茉 白,43,38,6.91,4,0.31,,1-5-2,1080,3,1-5,500,3,1-2-5,300,1,1-5,380,2,,,,,,,
20250419,津,6,予選,晴,南東,3,2,1,5,4546,浜 田 亜理沙,26,20,6.86,4,0.20,1.49.1,5-1-2,1160,6,5-1,680,5,1-2-5,180,1,1-5,320,2,,,,,,,
20250419,津,6,予選,晴,南東,3,2,2,1,5182,宮 崎 安 奈,52,61,6.90,1,0.07,1.51.7,5-1-2,1160,6,5-1,680,5,1-2-5,180,1,1-5,320,2,,,,,,,
20250419,津,6,予選,晴,南東,3,2,3,2,4225,土 屋 千 明,29,75,6.91,2,0.15,1.53.6,5-1-2,1160,6,5-1,680,5,1-2-5,180,1,1-5,320,2,,,,,,,
20250419,津,6,予選,晴,南東,3,2,4,6,3801,五反田 忍,57,74,6.95,5,0.22,1.56.3,5-1-2,1160,6,5-1,680,5,1-2-5,180,1,1-5,320,2,,,,,,,
20250419,津,6,予選,晴,南東,3,2,5,4,5314,中 曽 瑠 華,13,35,6.92,6,0.27,,5-1-2,1160,6,5-1,680,5,1-2-5,180,1,1-5,320,2,,,,,,,
20250419,津,6,予選,晴,南東,3,2,6,3,4275,菅 野 はやか,65,55,6.93,3,0.27,,5-1-2,1160,6,5-1,680,5,1-2-5,180,1,1-5,320,2,,,,,,,
20250419,津,7,予選,晴,南東,3,2,1,1,3580,水 口 由 紀,46,48,6.88,1,0.08,1.51.0,1-6-4,21790,57,1-6,5400,18,1-4-6,2480,11,1-6,4050,12,,,,,,,
20250419,津,7,予選,晴,南東,3,2,2,6,4244,鈴 木 成 美,71,37,6.82,5,0.16,1.53.0,1-6-4,21790,57,1-6,5400,18,1-4-6,2480,11,1-6,4050,12,,,,,,,
20250419,津,7,予選,晴,南東,3,2,3,4,5174,川 井 萌,35,54,6.91,4,0.22,1.54.4,1-6-4,21790,57,1-6,5400,18,1-4-6,2480,11,1-6,4050,12,,,,,,,
20250419,津,7,予選,晴,南東,3,2,4,2,4884,勝 浦 真 帆,47,64,6.83,2,0.07,1.54.6,1-6-4,21790,57,1-6,5400,18,1-4-6,2480,11,1-6,4050,12,,,,,,,
20250419,津,7,予選,晴,南東,3,2,5,5,4773,中 川 り な,62,76,6.79,6,0.14,,1-6-4,21790,57,1-6,5400,18,1-4-6,2480,11,1-6,4050,12,,,,,,,
20250419,津,7,予選,晴,南東,3,2,6,3,4997,濱 崎 寿里矢,59,33,6.85,3,0.11,,1-6-4,21790,57,1-6,5400,18,1-4-6,2480,11,1-6,4050,12,,,,,,,
20250419,津,8,予選,晴,南東,3,2,1,3,4482,守 屋 美 穂,56,62,6.78,3,0.17,1.50.0,3-2-5,1010,4,3-2,360,1,2-3-5,380,2,2-3,300,1,,,,,,,
20250419,津,8,予選,晴,南東,3,2,2,2,3551,藤 田 美 代,20,31,6.81,2,0.25,1.52.5,3-2-5,1010,4,3-2,360,1,2-3-5,380,2,2-3,300,1,,,,,,,
20250419,津,8,予選,晴,南東,3,2,3,5,3932,池 田 浩 美,17,70,6.83,5,0.16,1.55.0,3-2-5,1010,4,3-2,360,1,2-3-5,380,2,2-3,300,1,,,,,,,
20250419,津,8,予選,晴,南東,3,2,4,4,5326,三 嶌 さらら,18,63,6.85,4,0.23,1.55.3,3-2-5,1010,4,3-2,360,1,2-3-5,380,2,2-3,300,1,,,,,,,
20250419,津,8,予選,晴,南東,3,2,5,6,4183,宇 野 弥 生,30,34,6.87,6,0.10,,3-2-5,1010,4,3-2,360,1,2-3-5,380,2,2-3,300,1,,,,,,,
20250419,津,8,予選,晴,南東,3,2,6,1,5322,根 岸 真 優,36,26,6.89,1,0.38,,3-2-5,1010,4,3-2,360,1,2-3-5,380,2,2-3,300,1,,,,,,,
20250419,津,9,予選,晴,南東,3,2,1,2,4536,喜 井 つかさ,64,40,6.83,2,0.22,1.51.3,2-4-1,2560,8,2-4,1280,5,1-2-4,170,1,2-4,580,3,,,,,,,
20250419,津,9,予選,晴,南東,3,2,2,4,3845,中 谷 朋 子,19,43,6.91,4,0.17,1.52.9,2-4-1,2560,8,2-4,1280,5,1-2-4,170,1,2-4,580,3,,,,,,,
20250419,津,9,予選,晴,南東,3,2,3,1,4900,中 田 夕 貴,73,49,6.84,1,0.20,1.53.8,2-4-1,2560,8,2-4,1280,5,1-2-4,170,1,2-4,580,3,,,,,,,
20250419,津,9,予選,晴,南東,3,2,4,5,3289,高 橋 淳 美,38,44,6.95,5,0.17,1.55.5,2-4-1,2560,8,2-4,1280,5,1-2-4,170,1,2-4,580,3,,,,,,,
20250419,津,9,予選,晴,南東,3,2,5,6,4224,大 橋 栄里佳,15,51,6.91,6,0.14,,2-4-1,2560,8,2-4,1280,5,1-2-4,170,1,2-4,580,3,,,,,,,
20250419,津,9,予選,晴,南東,3,2,6,3,4548,篠 木 亜衣花,74,71,6.91,3,0.27,,2-4-1,2560,8,2-4,1280,5,1-2-4,170,1,2-4,580,3,,,,,,,
20250419,津,10,予選特賞,晴,東,3,2,1,3,4546,浜 田 亜理沙,26,20,6.89,3,0.21,1.50.4,3-1-2,1010,1,3-1,380,1,1-2-3,210,1,1-3,200,1,,,,,,,
20250419,津,10,予選特賞,晴,東,3,2,2,1,4443,津 田 裕 絵,66,32,6.95,1,0.19,1.52.7,3-1-2,1010,1,3-1,380,1,1-2-3,210,1,1-3,200,1,,,,,,,
20250419,津,10,予選特賞,晴,東,3,2,3,2,4501,樋 口 由加里,70,41,6.94,2,0.21,1.54.2,3-1-2,1010,1,3-1,380,1,1-2-3,210,1,1-3,200,1,,,,,,,
20250419,津,10,予選特賞,晴,東,3,2,4,5,5078,山 川 波 乙,53,68,6.88,5,0.21,1.54.8,3-1-2,1010,1,3-1,380,1,1-2-3,210,1,1-3,200,1,,,,,,,
20250419,津,10,予選特賞,晴,東,3,2,5,4,3474,松 瀬 弘 美,14,14,6.89,4,0.19,,3-1-2,1010,1,3-1,380,1,1-2-3,210,1,1-3,200,1,,,,,,,
20250419,津,10,予選特賞,晴,東,3,2,6,6,4071,古 賀 千 晶,49,27,6.89,6,0.22,,3-1-2,1010,1,3-1,380,1,1-2-3,210,1,1-3,200,1,,,,,,,
20250419,津,11,予選特選,晴,東,3,2,1,1,5174,川 井 萌,35,54,7.06,1,0.16,1.50.8,1-5-6,6020,20,1-5,930,4,1-5-6,3160,9,1-5,740,3,,,,,,,
20250419,津,11,予選特選,晴,東,3,2,2,5,4499,滝 川 真由子,33,56,6.97,5,0.23,1.51.5,1-5-6,6020,20,1-5,930,4,1-5-6,3160,9,1-5,740,3,,,,,,,
20250419,津,11,予選特選,晴,東,3,2,3,6,4484,稲 生 夏 季,32,73,6.92,6,0.23,1.53.2,1-5-6,6020,20,1-5,930,4,1-5-6,3160,9,1-5,740,3,,,,,,,
20250419,津,11,予選特選,晴,東,3,2,4,2,3801,五反田 忍,57,74,7.00,2,0.18,1.56.3,1-5-6,6020,20,1-5,930,4,1-5-6,3160,9,1-5,740,3,,,,,,,
20250419,津,11,予選特選,晴,東,3,2,5,4,3604,武 藤 綾 子,54,65,6.95,4,0.23,,1-5-6,6020,20,1-5,930,4,1-5-6,3160,9,1-5,740,3,,,,,,,
20250419,津,11,予選特選,晴,東,3,2,6,3,4589,塩 崎 桐 加,40,11,6.95,3,0.36,,1-5-6,6020,20,1-5,930,4,1-5-6,3160,9,1-5,740,3,,,,,,,
20250419,津,12,ツッピーＤＲ,晴,南東,3,2,1,3,4123,細 川 裕 子,61,19,6.93,3,0.24,1.51.0,3-5-6,72390,65,3-5,11940,12,3-5-6,11780,16,3-5,6130,10,,,,,,,
20250419,津,12,ツッピーＤＲ,晴,南東,3,2,2,5,4884,勝 浦 真 帆,47,64,6.93,5,0.11,1.51.9,3-5-6,72390,65,3-5,11940,12,3-5-6,11780,16,3-5,6130,10,,,,,,,
20250419,津,12,ツッピーＤＲ,晴,南東,3,2,3,6,4347,魚 谷 香 織,67,67,6.84,6,0.20,1.53.7,3-5-6,72390,65,3-5,11940,12,3-5-6,11780,16,3-5,6130,10,,,,,,,
20250419,津,12,ツッピーＤＲ,晴,南東,3,2,4,4,4225,土 屋 千 明,29,75,6.90,4,0.18,1.54.3,3-5-6,72390,65,3-5,11940,12,3-5-6,11780,16,3-5,6130,10,,,,,,,
20250419,津,12,ツッピーＤＲ,晴,南東,3,2,5,1,4482,守 屋 美 穂,56,62,6.80,1,0.20,,3-5-6,72390,65,3-5,11940,12,3-5-6,11780,16,3-5,6130,10,,,,,,,
20250419,津,12,ツッピーＤＲ,晴,南東,3,2,6,2,3232,山 川 美由紀,75,16,6.92,2,0.28,,3-5-6,72390,65,3-5,11940,12,3-5-6,11780,16,3-5,6130,10,,,,,,,
20250419,浜名湖,1,一般,晴,西,2,1,1,1,5293,眞 崎 武 蔵,1,47,6.73,1,0.04,1.49.9,1-4-5,5370,24,1-4,1430,7,1-4-5,1270,8,1-4,1180,9,,,,,,,
20250419,浜名湖,1,一般,晴,西,2,1,2,4,5086,本 村 大,7,36,6.69,3,0.11,1.51.2,1-4-5,5370,24,1-4,1430,7,1-4-5,1270,8,1-4,1180,9,,,,,,,
20250419,浜名湖,1,一般,晴,西,2,1,3,5,5081,篠 原 飛 翔,22,44,6.75,5,0.15,1.52.9,1-4-5,5370,24,1-4,1430,7,1-4-5,1270,8,1-4,1180,9,,,,,,,
20250419,浜名湖,1,一般,晴,西,2,1,4,2,5275,松 田 淳 平,21,48,6.70,2,0.09,1.54.4,1-4-5,5370,24,1-4,1430,7,1-4-5,1270,8,1-4,1180,9,,,,,,,
20250419,浜名湖,1,一般,晴,西,2,1,5,6,5212,西 川 拓 利,29,21,6.76,6,0.10,,1-4-5,5370,24,1-4,1430,7,1-4-5,1270,8,1-4,1180,9,,,,,,,
20250419,浜名湖,1,一般,晴,西,2,1,6,3,5243,三 馬 崇 史,15,57,6.76,4,0.16,,1-4-5,5370,24,1-4,1430,7,1-4-5,1270,8,1-4,1180,9,,,,,,,
20250419,浜名湖,2,一般,晴,南西,2,1,1,5,5221,竹 間 隆 晟,19,13,6.71,5,0.21,1.49.0,5-4-2,33160,84,5-4,2710,11,2-4-5,4890,16,4-5,1640,5,,,,,,,
20250419,浜名湖,2,一般,晴,南西,2,1,2,4,4989,石 原 翼,13,69,6.74,4,0.18,1.51.7,5-4-2,33160,84,5-4,2710,11,2-4-5,4890,16,4-5,1640,5,,,,,,,
20250419,浜名湖,2,一般,晴,南西,2,1,3,2,5210,藤 井 公 人,16,51,6.77,2,0.19,1.53.5,5-4-2,33160,84,5-4,2710,11,2-4-5,4890,16,4-5,1640,5,,,,,,,
20250419,浜名湖,2,一般,晴,南西,2,1,4,1,5196,鰐 部 太空海,41,76,6.64,1,0.17,1.53.8,5-4-2,33160,84,5-4,2710,11,2-4-5,4890,16,4-5,1640,5,,,,,,,
20250419,浜名湖,2,一般,晴,南西,2,1,5,6,5145,島 川 海 輝,44,34,6.67,6,0.20,,5-4-2,33160,84,5-4,2710,11,2-4-5,4890,16,4-5,1640,5,,,,,,,
20250419,浜名湖,2,一般,晴,南西,2,1,6,3,5110,杉 山 喜 一,18,58,6.71,3,0.22,,5-4-2,33160,84,5-4,2710,11,2-4-5,4890,16,4-5,1640,5,,,,,,,
20250419,浜名湖,3,一般,晴,南西,3,1,1,3,5091,為 本 智 也,26,67,6.70,3,0.15,1.52.4,3-5-4,11860,40,3-5,5510,17,3-4-5,1160,6,3-5,2050,7,,,,,,,
20250419,浜名湖,3,一般,晴,南西,3,1,2,5,5126,山 下 大 輝,39,12,6.58,5,0.24,1.53.4,3-5-4,11860,40,3-5,5510,17,3-4-5,1160,6,3-5,2050,7,,,,,,,
20250419,浜名湖,3,一般,晴,南西,3,1,3,4,5224,西 岡 顕 心,12,49,6.69,4,0.50,1.54.9,3-5-4,11860,40,3-5,5510,17,3-4-5,1160,6,3-5,2050,7,,,,,,,
20250419,浜名湖,3,一般,晴,南西,3,1,4,1,5104,山 田 丈,28,20,6.67,1,0.24,1.56.4,3-5-4,11860,40,3-5,5510,17,3-4-5,1160,6,3-5,2050,7,,,,,,,
20250419,浜名湖,3,一般,晴,南西,3,1,5,2,5083,柳 瀬 幹 太,47,23,6.75,2,0.14,,3-5-4,11860,40,3-5,5510,17,3-4-5,1160,6,3-5,2050,7,,,,,,,
20250419,浜名湖,4,ランチタイム,晴,南西,4,2,1,5,5133,堀 越 雄 貴,43,27,6.66,5,0.08,1.50.8,5-2-1,14800,37,5-2,7690,15,1-2-5,270,1,2-5,1890,5,,,,,,,
20250419,浜名湖,4,ランチタイム,晴,南西,4,2,2,2,5082,一 色 凌 雅,9,40,6.72,2,0.14,1.51.9,5-2-1,14800,37,5-2,7690,15,1-2-5,270,1,2-5,1890,5,,,,,,,
20250419,浜名湖,4,ランチタイム,晴,南西,4,2,3,1,5142,常 住 蓮,38,37,6.66,1,0.10,1.54.2,5-2-1,14800,37,5-2,7690,15,1-2-5,270,1,2-5,1890,5,,,,,,,
20250419,浜名湖,4,ランチタイム,晴,南西,4,2,4,6,5319,近 藤 颯 斗,6,60,6.67,6,0.06,1.55.1,5-2-1,14800,37,5-2,7690,15,1-2-5,270,1,2-5,1890,5,,,,,,,
20250419,浜名湖,4,ランチタイム,晴,南西,4,2,5,4,5307,富 永 夏哉人,8,39,6.76,4,0.05,,5-2-1,14800,37,5-2,7690,15,1-2-5,270,1,2-5,1890,5,,,,,,,
20250419,浜名湖,4,ランチタイム,晴,南西,4,2,6,3,5308,藤 森 拓 海,45,41,6.75,3,0.10,,5-2-1,14800,37,5-2,7690,15,1-2-5,270,1,2-5,1890,5,,,,,,,
20250419,浜名湖,5,一般,晴,南西,4,2,1,1,5257,西 丸 侑太朗,23,15,6.68,1,0.15,1.50.3,1-2-3,7270,31,1-2,1500,7,1-2-3,2850,11,1-2,810,4,,,,,,,
20250419,浜名湖,5,一般,晴,南西,4,2,2,2,5262,鈴 木 章 司,35,61,6.73,2,0.13,1.52.7,1-2-3,7270,31,1-2,1500,7,1-2-3,2850,11,1-2,810,4,,,,,,,
20250419,浜名湖,5,一般,晴,南西,4,2,3,3,5286,坂 井 滉 哉,33,63,6.69,3,0.11,1.54.9,1-2-3,7270,31,1-2,1500,7,1-2-3,2850,11,1-2,810,4,,,,,,,
20250419,浜名湖,5,一般,晴,南西,4,2,4,4,5226,藤 田 俊 祐,25,19,6.71,4,0.16,1.55.3,1-2-3,7270,31,1-2,1500,7,1-2-3,2850,11,1-2,810,4,,,,,,,
20250419,浜名湖,5,一般,晴,南西,4,2,5,5,5269,山 口 晃 朋,3,59,6.59,5,0.13,,1-2-3,7270,31,1-2,1500,7,1-2-3,2850,11,1-2,810,4,,,,,,,
20250419,浜名湖,5,一般,晴,南西,4,2,6,6,5112,砂 長 知 輝,27,74,6.64,6,0.12,,1-2-3,7270,31,1-2,1500,7,1-2-3,2850,11,1-2,810,4,,,,,,,
20250419,浜名湖,6,一般,晴,南西,4,2,1,1,5158,宮 脇 遼 太,40,72,6.67,1,0.21,1.51.2,1-6-3,1850,6,1-6,580,2,1-3-6,480,3,1-6,440,3,,,,,,,
20250419,浜名湖,6,一般,晴,南西,4,2,2,6,4983,前 田 篤 哉,20,38,6.69,4,0.29,1.53.0,1-6-3,1850,6,1-6,580,2,1-3-6,480,3,1-6,440,3,,,,,,,
20250419,浜名湖,6,一般,晴,南西,4,2,3,3,5086,本 村 大,7,36,6.66,3,0.53,1.53.9,1-6-3,1850,6,1-6,580,2,1-3-6,480,3,1-6,440,3,,,,,,,
20250419,浜名湖,6,一般,晴,南西,4,2,4,4,5087,佐 藤 航,46,28,6.68,6,0.17,1.54.8,1-6-3,1850,6,1-6,580,2,1-3-6,480,3,1-6,440,3,,,,,,,
20250419,浜名湖,6,一般,晴,南西,4,2,5,5,5210,藤 井 公 人,16,51,6.70,5,0.23,,1-6-3,1850,6,1-6,580,2,1-3-6,480,3,1-6,440,3,,,,,,,
20250419,浜名湖,6,一般,晴,南西,4,2,6,2,5294,豊 田 祥 生,2,33,6.73,2,0.46,,1-6-3,1850,6,1-6,580,2,1-3-6,480,3,1-6,440,3,,,,,,,
20250419,浜名湖,7,一般,晴,南西,4,2,1,1,5137,川 原 涼,17,18,6.62,1,0.15,1.51.2,1-2-3,700,2,1-2,440,2,1-2-3,180,1,1-2,270,2,,,,,,,
20250419,浜名湖,7,一般,晴,南西,4,2,2,2,5136,濱 野 斗 馬,36,56,6.67,2,0.15,1.52.4,1-2-3,700,2,1-2,440,2,1-2-3,180,1,1-2,270,2,,,,,,,
20250419,浜名湖,7,一般,晴,南西,4,2,3,3,5191,飛 田 江 己,11,30,6.65,3,0.16,1.54.3,1-2-3,700,2,1-2,440,2,1-2-3,180,1,1-2,270,2,,,,,,,
20250419,浜名湖,7,一般,晴,南西,4,2,4,4,5208,屋 良 龍 紀,4,14,6.69,4,0.12,1.55.8,1-2-3,700,2,1-2,440,2,1-2-3,180,1,1-2,270,2,,,,,,,
20250419,浜名湖,7,一般,晴,南西,4,2,5,6,5325,澁 川 夏,14,70,6.71,6,0.09,,1-2-3,700,2,1-2,440,2,1-2-3,180,1,1-2,270,2,,,,,,,
20250419,浜名湖,7,一般,晴,南西,4,2,6,5,5185,加 藤 優 弥,31,71,6.75,5,0.11,,1-2-3,700,2,1-2,440,2,1-2-3,180,1,1-2,270,2,,,,,,,
20250419,浜名湖,8,ブレイクタイ,晴,南西,4,2,1,1,4989,石 原 翼,13,69,6.66,1,0.17,1.51.3,1-4-3,1330,4,1-4,210,1,1-3-4,530,3,1-4,250,2,,,,,,,
20250419,浜名湖,8,ブレイクタイ,晴,南西,4,2,2,4,5028,原 田 才一郎,32,29,6.70,3,0.20,1.52.6,1-4-3,1330,4,1-4,210,1,1-3-4,530,3,1-4,250,2,,,,,,,
20250419,浜名湖,8,ブレイクタイ,晴,南西,4,2,3,3,5307,富 永 夏哉人,8,39,6.75,5,0.26,1.54.5,1-4-3,1330,4,1-4,210,1,1-3-4,530,3,1-4,250,2,,,,,,,
20250419,浜名湖,8,ブレイクタイ,晴,南西,4,2,4,2,5081,篠 原 飛 翔,22,44,6.71,2,0.23,1.56.0,1-4-3,1330,4,1-4,210,1,1-3-4,530,3,1-4,250,2,,,,,,,
20250419,浜名湖,8,ブレイクタイ,晴,南西,4,2,5,5,5083,柳 瀬 幹 太,47,32,6.74,4,0.23,,1-4-3,1330,4,1-4,210,1,1-3-4,530,3,1-4,250,2,,,,,,,
20250419,浜名湖,8,ブレイクタイ,晴,南西,4,2,6,6,5356,長谷川 暖,30,16,6.71,6,0.19,,1-4-3,1330,4,1-4,210,1,1-3-4,530,3,1-4,250,2,,,,,,,
20250419,浜名湖,9,一般,晴,南西,3,2,1,1,5133,堀 越 雄 貴,43,27,6.61,1,0.28,1.50.7,1-3-4,3020,9,1-3,960,4,1-3-4,980,4,1-3,500,2,,,,,,,
20250419,浜名湖,9,一般,晴,南西,3,2,2,3,5161,登 玉 隼 百,24,45,6.65,3,0.27,1.52.0,1-3-4,3020,9,1-3,960,4,1-3-4,980,4,1-3,500,2,,,,,,,
20250419,浜名湖,9,一般,晴,南西,3,2,3,4,5091,為 本 智 也,26,67,6.69,4,0.30,1.53.2,1-3-4,3020,9,1-3,960,4,1-3-4,980,4,1-3,500,2,,,,,,,
20250419,浜名湖,9,一般,晴,南西,3,2,4,6,5084,末 永 和 也,37,25,6.67,6,0.45,1.53.3,1-3-4,3020,9,1-3,960,4,1-3-4,980,4,1-3,500,2,,,,,,,
20250419,浜名湖,9,一般,晴,南西,3,2,5,5,5110,杉 山 喜 一,18,58,6.71,5,0.24,,1-3-4,3020,9,1-3,960,4,1-3-4,980,4,1-3,500,2,,,,,,,
20250419,浜名湖,9,一般,晴,南西,3,2,6,2,5212,西 川 拓 利,29,21,6.73,2,0.41,,1-3-4,3020,9,1-3,960,4,1-3-4,980,4,1-3,500,2,,,,,,,
20250419,浜名湖,10,準優勝戦,晴,南西,4,2,1,1,5112,砂 長 知 輝,27,74,6.68,1,0.07,1.49.9,1-2-5,1800,7,1-2,220,1,1-2-5,1250,4,1-2,260,1,,,,,,,
20250419,浜名湖,10,準優勝戦,晴,南西,4,2,2,2,5221,竹 間 隆 晟,19,13,6.67,2,0.04,1.50.9,1-2-5,1800,7,1-2,220,1,1-2-5,1250,4,1-2,260,1,,,,,,,
20250419,浜名湖,10,準優勝戦,晴,南西,4,2,3,5,5158,宮 脇 遼 太,40,72,6.66,5,0.12,1.52.7,1-2-5,1800,7,1-2,220,1,1-2-5,1250,4,1-2,260,1,,,,,,,
20250419,浜名湖,10,準優勝戦,晴,南西,4,2,4,4,5142,常 住 蓮,38,37,6.67,4,0.08,1.52.9,1-2-5,1800,7,1-2,220,1,1-2-5,1250,4,1-2,260,1,,,,,,,
20250419,浜名湖,10,準優勝戦,晴,南西,4,2,5,6,5104,山 田 丈,28,20,6.71,6,0.15,,1-2-5,1800,7,1-2,220,1,1-2-5,1250,4,1-2,260,1,,,,,,,
20250419,浜名湖,10,準優勝戦,晴,南西,4,2,6,3,5087,佐 藤 航,46,28,6.73,3,0.07,,1-2-5,1800,7,1-2,220,1,1-2-5,1250,4,1-2,260,1,,,,,,,
20250419,浜名湖,11,準優勝戦,晴,南西,3,2,1,4,5191,飛 田 江 己,11,30,6.59,4,0.03,1.49.7,4-1-5,2630,10,4-1,950,4,1-4-5,880,4,1-4,310,2,,,,,,,
20250419,浜名湖,11,準優勝戦,晴,南西,3,2,2,1,5145,島 川 海 輝,44,34,6.65,1,0.08,1.51.5,4-1-5,2630,10,4-1,950,4,1-4-5,880,4,1-4,310,2,,,,,,,
20250419,浜名湖,11,準優勝戦,晴,南西,3,2,3,5,5137,川 原 涼,17,18,6.64,5,0.06,1.51.8,4-1-5,2630,10,4-1,950,4,1-4-5,880,4,1-4,310,2,,,,,,,
20250419,浜名湖,11,準優勝戦,晴,南西,3,2,4,6,5082,一 色 凌 雅,9,40,6.70,6,0.13,1.53.5,4-1-5,2630,10,4-1,950,4,1-4-5,880,4,1-4,310,2,,,,,,,
20250419,浜名湖,11,準優勝戦,晴,南西,3,2,5,2,5224,西 岡 顕 心,12,49,6.69,2,0.04,,4-1-5,2630,10,4-1,950,4,1-4-5,880,4,1-4,310,2,,,,,,,
20250419,浜名湖,11,準優勝戦,晴,南西,3,2,6,3,5226,藤 田 俊 祐,25,19,6.75,3,0.08,,4-1-5,2630,10,4-1,950,4,1-4-5,880,4,1-4,310,2,,,,,,,
20250419,浜名湖,12,準優勝戦,晴,南西,2,1,1,1,4983,前 田 篤 哉,20,38,6.68,1,0.18,1.49.9,1-5-2,5480,18,1-5,1750,6,1-2-5,1220,6,1-5,1250,4,,,,,,,
20250419,浜名湖,12,準優勝戦,晴,南西,2,1,2,5,5257,西 丸 侑太朗,23,15,6.66,5,0.24,1.50.7,1-5-2,5480,18,1-5,1750,6,1-2-5,1220,6,1-5,1250,4,,,,,,,
20250419,浜名湖,12,準優勝戦,晴,南西,2,1,3,2,5126,山 下 大 輝,39,12,6.58,3,0.22,1.52.4,1-5-2,5480,18,1-5,1750,6,1-2-5,1220,6,1-5,1250,4,,,,,,,
20250419,浜名湖,12,準優勝戦,晴,南西,2,1,4,6,5196,鰐 部 太空海,41,76,6.62,6,0.25,1.53.0,1-5-2,5480,18,1-5,1750,6,1-2-5,1220,6,1-5,1250,4,,,,,,,
20250419,浜名湖,12,準優勝戦,晴,南西,2,1,5,4,5136,濱 野 斗 馬,36,56,6.69,4,0.20,,1-5-2,5480,18,1-5,1750,6,1-2-5,1220,6,1-5,1250,4,,,,,,,
20250419,浜名湖,12,準優勝戦,晴,南西,2,1,6,3,5028,原 田 才一郎,32,29,6.73,2,0.18,,1-5-2,5480,18,1-5,1750,6,1-2-5,1220,6,1-5,1250,4,,,,,,,
20250419,若松,1,予選,晴,北西,4,4,1,1,3574,大 神 康 司,28,39,6.85,1,0.12,1.51.7,1-6-2,4230,14,1-6,1800,7,1-2-6,1010,4,1-6,1650,5,,,,,,,
20250419,若松,1,予選,晴,北西,4,4,2,6,3616,中 村 真,20,72,6.88,6,0.18,1.52.6,1-6-2,4230,14,1-6,1800,7,1-2-6,1010,4,1-6,1650,5,,,,,,,
20250419,若松,1,予選,晴,北西,4,4,3,2,5160,藤 森 陸 斗,29,48,6.83,2,0.15,1.54.3,1-6-2,4230,14,1-6,1800,7,1-2-6,1010,4,1-6,1650,5,,,,,,,
20250419,若松,1,予選,晴,北西,4,4,4,4,3629,浅 見 昌 克,57,64,6.87,4,0.04,1.55.4,1-6-2,4230,14,1-6,1800,7,1-2-6,1010,4,1-6,1650,5,,,,,,,
20250419,若松,1,予選,晴,北西,4,4,5,5,5167,小 川 竜太朗,2,54,6.88,5,0.03,,1-6-2,4230,14,1-6,1800,7,1-2-6,1010,4,1-6,1650,5,,,,,,,
20250419,若松,1,予選,晴,北西,4,4,6,3,5214,田 中 宏 典,62,62,6.87,3,0.16,,1-6-2,4230,14,1-6,1800,7,1-2-6,1010,4,1-6,1650,5,,,,,,,
20250419,若松,2,予選,晴,北西,5,5,1,3,4969,町 田 洸 希,19,29,6.86,3,0.27,1.52.3,3-1-2,14300,33,3-1,5170,9,1-2-3,780,6,1-3,390,2,,,,,,,
20250419,若松,2,予選,晴,北西,5,5,2,1,4649,和 田 操 拓,21,24,6.80,1,0.15,1.53.3,3-1-2,14300,33,3-1,5170,9,1-2-3,780,6,1-3,390,2,,,,,,,
20250419,若松,2,予選,晴,北西,5,5,3,2,4112,大久保 信一郎,58,50,6.88,2,0.21,1.54.1,3-1-2,14300,33,3-1,5170,9,1-2-3,780,6,1-3,390,2,,,,,,,
20250419,若松,2,予選,晴,北西,5,5,4,4,3730,塩 崎 優 司,44,61,6.89,4,0.21,1.56.0,3-1-2,14300,33,3-1,5170,9,1-2-3,780,6,1-3,390,2,,,,,,,
20250419,若松,2,予選,晴,北西,5,5,5,6,4743,木 村 仁 紀,8,59,6.87,6,0.19,,3-1-2,14300,33,3-1,5170,9,1-2-3,780,6,1-3,390,2,,,,,,,
20250419,若松,2,予選,晴,北西,5,5,6,5,4234,野 相 弘 司,5,18,6.84,5,0.19,,3-1-2,14300,33,3-1,5170,9,1-2-3,780,6,1-3,390,2,,,,,,,
20250419,若松,3,予選,晴,西,4,4,1,5,3578,塩 田 雄 一,36,75,6.85,4,0.28,1.51.3,5-1-6,6190,22,5-1,4290,11,1-5-6,890,5,1-5,960,5,,,,,,,
20250419,若松,3,予選,晴,西,4,4,2,1,4114,深 澤 達 徳,13,58,6.77,1,0.29,1.52.7,5-1-6,6190,22,5-1,4290,11,1-5-6,890,5,1-5,960,5,,,,,,,
20250419,若松,3,予選,晴,西,4,4,3,6,3951,石 川 吉 鎬,6,32,6.86,5,0.31,1.54.1,5-1-6,6190,22,5-1,4290,11,1-5-6,890,5,1-5,960,5,,,,,,,
20250419,若松,3,予選,晴,西,4,4,4,2,3843,上 之 晃 弘,17,52,6.79,2,0.32,1.54.5,5-1-6,6190,22,5-1,4290,11,1-5-6,890,5,1-5,960,5,,,,,,,
20250419,若松,3,予選,晴,西,4,4,5,4,3866,木 山 誠 一,32,66,6.83,6,0.26,,5-1-6,6190,22,5-1,4290,11,1-5-6,890,5,1-5,960,5,,,,,,,
20250419,若松,3,予選,晴,西,4,4,6,3,5292,佐 藤 右 京,53,27,6.87,3,0.42,,5-1-6,6190,22,5-1,4290,11,1-5-6,890,5,1-5,960,5,,,,,,,
20250419,若松,4,予選,晴,北,2,2,1,3,5216,長谷川 晴 哉,24,65,6.86,3,0.31,1.50.6,3-5-6,13760,50,3-5,3150,10,3-5-6,4370,12,3-5,1520,6,,,,,,,
20250419,若松,4,予選,晴,北,2,2,2,5,5043,中 村 日 向,1,33,6.82,5,0.33,1.51.1,3-5-6,13760,50,3-5,3150,10,3-5-6,4370,12,3-5,1520,6,,,,,,,
20250419,若松,4,予選,晴,北,2,2,3,6,4842,山 下 昂 大,42,37,6.88,6,0.24,1.54.1,3-5-6,13760,50,3-5,3150,10,3-5-6,4370,12,3-5,1520,6,,,,,,,
20250419,若松,4,予選,晴,北,2,2,4,2,4809,外 崎 悟,43,13,6.85,2,0.34,1.55.7,3-5-6,13760,50,3-5,3150,10,3-5-6,4370,12,3-5,1520,6,,,,,,,
20250419,若松,4,予選,晴,北,2,2,5,1,4695,尾 崎 雄 二,49,19,6.86,1,0.29,,3-5-6,13760,50,3-5,3150,10,3-5-6,4370,12,3-5,1520,6,,,,,,,
20250419,若松,4,予選,晴,北,2,2,6,4,4672,守 屋 大 地,48,25,6.84,4,0.29,,3-5-6,13760,50,3-5,3150,10,3-5-6,4370,12,3-5,1520,6,,,,,,,
20250419,若松,5,進入固定戦隊 進入固定,晴,北,2,2,1,5,5214,田 中 宏 典,62,62,6.90,5,0.18,1.51.7,5-4-1,48510,75,5-4,14700,22,1-4-5,2120,6,4-5,2520,7,,,,,,,
20250419,若松,5,進入固定戦隊 進入固定,晴,北,2,2,2,4,5029,中 亮 太,35,71,6.86,4,0.11,1.52.8,5-4-1,48510,75,5-4,14700,22,1-4-5,2120,6,4-5,2520,7,,,,,,,
20250419,若松,5,進入固定戦隊 進入固定,晴,北,2,2,3,1,4817,渡 邉 翼,37,35,6.89,1,0.17,1.54.0,5-4-1,48510,75,5-4,14700,22,1-4-5,2120,6,4-5,2520,7,,,,,,,
20250419,若松,5,進入固定戦隊 進入固定,晴,北,2,2,4,2,4761,山 田 晃 大,38,43,6.90,2,0.10,1.55.7,5-4-1,48510,75,5-4,14700,22,1-4-5,2120,6,4-5,2520,7,,,,,,,
20250419,若松,5,進入固定戦隊 進入固定,晴,北,2,2,5,6,5039,倉 田 茂 将,47,45,6.91,6,0.17,,5-4-1,48510,75,5-4,14700,22,1-4-5,2120,6,4-5,2520,7,,,,,,,
20250419,若松,5,進入固定戦隊 進入固定,晴,北,2,2,6,3,3788,一 宮 稔 弘,9,73,6.90,3,0.11,,5-4-1,48510,75,5-4,14700,22,1-4-5,2120,6,4-5,2520,7,,,,,,,
20250419,若松,6,予選,晴,北,1,1,1,2,4899,占 部 一 真,23,60,6.92,2,0.06,1.51.8,2-6-1,11060,40,2-6,5250,18,1-2-6,1120,7,2-6,2460,10,,,,,,,
20250419,若松,6,予選,晴,北,1,1,2,6,5132,中 野 希 一,7,30,6.86,6,0.02,1.53.1,2-6-1,11060,40,2-6,5250,18,1-2-6,1120,7,2-6,2460,10,,,,,,,
20250419,若松,6,予選,晴,北,1,1,3,1,3505,山 田 竜 一,56,44,6.94,1,0.07,1.54.5,2-6-1,11060,40,2-6,5250,18,1-2-6,1120,7,2-6,2460,10,,,,,,,
20250419,若松,6,予選,晴,北,1,1,4,5,4324,海 野 康志郎,18,55,6.96,5,0.07,1.55.9,2-6-1,11060,40,2-6,5250,18,1-2-6,1120,7,2-6,2460,10,,,,,,,
20250419,若松,6,予選,晴,北,1,1,5,4,4969,町 田 洸 希,19,29,6.85,4,0.03,,2-6-1,11060,40,2-6,5250,18,1-2-6,1120,7,2-6,2460,10,,,,,,,
20250419,若松,7,予選特賞,晴,東,4,4,1,3,3866,木 山 誠 一,32,66,6.99,3,0.09,1.51.5,3-1-2,16860,51,3-1,3370,10,1-2-3,1370,6,1-3,670,4,,,,,,,
20250419,若松,7,予選特賞,晴,東,4,4,2,1,3686,鳥居塚 孝 博,50,47,6.95,1,0.29,1.52.4,3-1-2,16860,51,3-1,3370,10,1-2-3,1370,6,1-3,670,4,,,,,,,
20250419,若松,7,予選特賞,晴,東,4,4,3,2,3566,川 添 英 正,15,16,6.97,2,0.15,1.54.4,3-1-2,16860,51,3-1,3370,10,1-2-3,1370,6,1-3,670,4,,,,,,,
20250419,若松,7,予選特賞,晴,東,4,4,4,5,4134,杉 山 貴 博,14,40,6.87,5,0.09,1.55.5,3-1-2,16860,51,3-1,3370,10,1-2-3,1370,6,1-3,670,4,,,,,,,
20250419,若松,7,予選特賞,晴,東,4,4,5,6,3826,村 田 修 次,27,14,6.98,6,0.14,,3-1-2,16860,51,3-1,3370,10,1-2-3,1370,6,1-3,670,4,,,,,,,
20250419,若松,7,予選特賞,晴,東,4,4,6,4,4234,野 相 弘 司,5,18,6.97,4,0.05,,3-1-2,16860,51,3-1,3370,10,1-2-3,1370,6,1-3,670,4,,,,,,,
20250419,若松,8,エイトビート,晴,東,4,4,1,1,4099,吉 永 則 雄,46,51,7.00,1,0.12,1.50.9,1-2-3,500,1,1-2,190,1,1-2-3,260,1,1-2,160,1,,,,,,,
20250419,若松,8,エイトビート,晴,東,4,4,2,2,3951,石 川 吉 鎬,6,32,7.00,2,0.16,1.51.8,1-2-3,500,1,1-2,190,1,1-2-3,260,1,1-2,160,1,,,,,,,
20250419,若松,8,エイトビート,晴,東,4,4,3,3,4695,尾 崎 雄 二,49,19,6.95,3,0.11,1.53.2,1-2-3,500,1,1-2,190,1,1-2-3,260,1,1-2,160,1,,,,,,,
20250419,若松,8,エイトビート,晴,東,4,4,4,4,4906,鈴 木 雅 希,60,11,6.97,4,0.12,1.54.8,1-2-3,500,1,1-2,190,1,1-2-3,260,1,1-2,160,1,,,,,,,
20250419,若松,8,エイトビート,晴,東,4,4,5,6,4306,畔 柳 俊 吾,31,15,7.03,6,0.11,,1-2-3,500,1,1-2,190,1,1-2-3,260,1,1-2,160,1,,,,,,,
20250419,若松,8,エイトビート,晴,東,4,4,6,5,5160,藤 森 陸 斗,29,48,7.01,5,0.13,,1-2-3,500,1,1-2,190,1,1-2-3,260,1,1-2,160,1,,,,,,,
20250419,若松,9,予選,晴,東,5,5,1,1,4159,向 後 龍 一,51,42,7.01,1,0.13,1.51.4,1-5-4,2960,11,1-5,1090,5,1-4-5,900,5,1-5,750,5,,,,,,,
20250419,若松,9,予選,晴,東,5,5,2,5,3629,浅 見 昌 克,57,64,6.98,5,0.06,1.52.6,1-5-4,2960,11,1-5,1090,5,1-4-5,900,5,1-5,750,5,,,,,,,
20250419,若松,9,予選,晴,東,5,5,3,4,4112,大久保 信一郎,58,50,6.99,4,0.11,1.53.7,1-5-4,2960,11,1-5,1090,5,1-4-5,900,5,1-5,750,5,,,,,,,
20250419,若松,9,予選,晴,東,5,5,4,6,4761,山 田 晃 大,38,43,7.00,6,0.08,1.55.3,1-5-4,2960,11,1-5,1090,5,1-4-5,900,5,1-5,750,5,,,,,,,
20250419,若松,9,予選,晴,東,5,5,5,2,3761,山 本 光 雄,55,21,7.00,2,0.14,,1-5-4,2960,11,1-5,1090,5,1-4-5,900,5,1-5,750,5,,,,,,,
20250419,若松,9,予選,晴,東,5,5,6,3,3843,上 之 晃 弘,17,52,7.06,3,0.18,,1-5-4,2960,11,1-5,1090,5,1-4-5,900,5,1-5,750,5,,,,,,,
20250419,若松,10,予選特賞,晴,北東,3,3,1,1,5043,中 村 日 向,1,33,6.97,1,0.16,1.49.9,1-4-3,3050,9,1-4,1390,5,1-3-4,600,2,1-4,1190,4,,,,,,,
20250419,若松,10,予選特賞,晴,北東,3,3,2,4,5167,小 川 竜太朗,2,54,6.99,5,0.06,1.52.7,1-4-3,3050,9,1-4,1390,5,1-3-4,600,2,1-4,1190,4,,,,,,,
20250419,若松,10,予選特賞,晴,北東,3,3,3,3,4649,和 田 操 拓,21,24,6.97,3,0.19,1.52.9,1-4-3,3050,9,1-4,1390,5,1-3-4,600,2,1-4,1190,4,,,,,,,
20250419,若松,10,予選特賞,晴,北東,3,3,4,5,4899,占 部 一 真,23,60,7.05,6,0.14,1.54.1,1-4-3,3050,9,1-4,1390,5,1-3-4,600,2,1-4,1190,4,,,,,,,
20250419,若松,10,予選特賞,晴,北東,3,3,5,6,5029,中 亮 太,35,71,7.06,2,0.14,,1-4-3,3050,9,1-4,1390,5,1-3-4,600,2,1-4,1190,4,,,,,,,
20250419,若松,10,予選特賞,晴,北東,3,3,6,2,5292,佐 藤 右 京,53,27,7.06,4,0.12,,1-4-3,3050,9,1-4,1390,5,1-3-4,600,2,1-4,1190,4,,,,,,,
20250419,若松,11,一般特選,晴,北,1,1,1,1,4324,海 野 康志郎,18,55,6.93,1,0.16,1.51.3,1-5-3,2670,11,1-5,950,4,1-3-5,470,2,1-5,980,4,,,,,,,
20250419,若松,11,一般特選,晴,北,1,1,2,5,4114,深 澤 達 徳,13,58,6.95,5,0.22,1.52.3,1-5-3,2670,11,1-5,950,4,1-3-5,470,2,1-5,980,4,,,,,,,
20250419,若松,11,一般特選,晴,北,1,1,3,3,4743,木 村 仁 紀,8,59,6.98,2,0.21,1.53.3,1-5-3,2670,11,1-5,950,4,1-3-5,470,2,1-5,980,4,,,,,,,
20250419,若松,11,一般特選,晴,北,1,1,4,2,5039,倉 田 茂 将,47,45,6.99,4,0.19,1.54.8,1-5-3,2670,11,1-5,950,4,1-3-5,470,2,1-5,980,4,,,,,,,
20250419,若松,11,一般特選,晴,北,1,1,5,4,3826,村 田 修 次,27,14,6.94,3,0.22,,1-5-3,2670,11,1-5,950,4,1-3-5,470,2,1-5,980,4,,,,,,,
20250419,若松,11,一般特選,晴,北,1,1,6,6,5216,長谷川 晴 哉,24,65,6.92,6,0.30,,1-5-3,2670,11,1-5,950,4,1-3-5,470,2,1-5,980,4,,,,,,,
20250419,若松,12,一般特選,晴,北,1,1,1,1,4134,杉 山 貴 博,14,40,6.74,1,0.14,1.51.2,1-5-4,1410,5,1-5,410,2,1-4-5,470,2,1-5,380,2,,,,,,,
20250419,若松,12,一般特選,晴,北,1,1,2,5,4099,吉 永 則 雄,46,51,6.92,5,0.13,1.52.1,1-5-4,1410,5,1-5,410,2,1-4-5,470,2,1-5,380,2,,,,,,,
20250419,若松,12,一般特選,晴,北,1,1,3,4,3616,中 村 真,20,72,6.84,4,0.18,1.53.9,1-5-4,1410,5,1-5,410,2,1-4-5,470,2,1-5,380,2,,,,,,,
20250419,若松,12,一般特選,晴,北,1,1,4,6,4809,外 崎 悟,43,13,6.88,6,0.18,1.54.9,1-5-4,1410,5,1-5,410,2,1-4-5,470,2,1-5,380,2,,,,,,,
20250419,若松,12,一般特選,晴,北,1,1,5,3,5132,中 野 希 一,7,30,6.90,3,0.22,,1-5-4,1410,5,1-5,410,2,1-4-5,470,2,1-5,380,2,,,,,,,
20250419,若松,12,一般特選,晴,北,1,1,6,2,3730,塩 崎 優 司,44,61,6.87,2,0.21,,1-5-4,1410,5,1-5,410,2,1-4-5,470,2,1-5,380,2,,,,,,,
20250419,蒲郡,1,予選,晴,南,3,1,1,6,5376,吉 田 一 心,55,56,6.67,6,0.11,1.49.2,6-2-4,28440,80,6-2,3630,15,2-4-6,3490,15,2-6,2950,10,,,,,,,
20250419,蒲郡,1,予選,晴,南,3,1,2,2,4521,小 池 公 生,23,66,6.70,2,0.26,1.51.1,6-2-4,28440,80,6-2,3630,15,2-4-6,3490,15,2-6,2950,10,,,,,,,
20250419,蒲郡,1,予選,晴,南,3,1,3,4,3793,高 橋 真 吾,19,17,6.76,4,0.18,1.52.6,6-2-4,28440,80,6-2,3630,15,2-4-6,3490,15,2-6,2950,10,,,,,,,
20250419,蒲郡,1,予選,晴,南,3,1,4,1,4785,木 幡 純 也,11,59,6.67,1,0.21,1.53.6,6-2-4,28440,80,6-2,3630,15,2-4-6,3490,15,2-6,2950,10,,,,,,,
20250419,蒲郡,1,予選,晴,南,3,1,5,3,4876,梅 木 敬 太,63,69,6.71,3,0.26,,6-2-4,28440,80,6-2,3630,15,2-4-6,3490,15,2-6,2950,10,,,,,,,
20250419,蒲郡,1,予選,晴,南,3,1,6,5,3891,谷 口 健 一,65,14,6.67,5,0.17,,6-2-4,28440,80,6-2,3630,15,2-4-6,3490,15,2-6,2950,10,,,,,,,
20250419,蒲郡,2,予選,晴,南,3,1,1,1,3523,寳 田 亮 治,54,61,6.66,1,0.08,1.54.5,1-5-4,22710,54,1-5,11790,18,1-4-5,4020,8,1-5,5330,11,,,,,,,
20250419,蒲郡,2,予選,晴,南,3,1,2,5,4078,渡 辺 史 之,58,27,6.69,5,0.09,1.56.4,1-5-4,22710,54,1-5,11790,18,1-4-5,4020,8,1-5,5330,11,,,,,,,
20250419,蒲郡,2,予選,晴,南,3,1,3,4,4411,沢 田 昭 宏,32,15,6.63,4,0.12,1.58.6,1-5-4,22710,54,1-5,11790,18,1-4-5,4020,8,1-5,5330,11,,,,,,,
20250419,蒲郡,2,予選,晴,南,3,1,4,3,3813,佐 藤 大 介,68,11,6.75,3,0.07,2.00.5,1-5-4,22710,54,1-5,11790,18,1-4-5,4020,8,1-5,5330,11,,,,,,,
20250419,蒲郡,2,予選,晴,南,3,1,5,6,3736,岡 本 猛,52,58,6.72,6,0.07,,1-5-4,22710,54,1-5,11790,18,1-4-5,4020,8,1-5,5330,11,,,,,,,
20250419,蒲郡,3,予選,晴,南西,4,2,1,2,4734,安河内 将,62,73,6.68,2,0.16,1.50.2,2-3-1,1590,4,2-3,500,2,1-2-3,180,1,2-3,370,2,,,,,,,
20250419,蒲郡,3,予選,晴,南西,4,2,2,3,4991,宗 行 治 哉,70,63,6.74,3,0.16,1.51.3,2-3-1,1590,4,2-3,500,2,1-2-3,180,1,2-3,370,2,,,,,,,
20250419,蒲郡,3,予選,晴,南西,4,2,3,1,5120,山 本 稔太朗,60,24,6.65,1,0.18,1.53.2,2-3-1,1590,4,2-3,500,2,1-2-3,180,1,2-3,370,2,,,,,,,
20250419,蒲郡,3,予選,晴,南西,4,2,4,4,3305,小 野 信 樹,24,60,6.76,4,0.16,1.54.7,2-3-1,1590,4,2-3,500,2,1-2-3,180,1,2-3,370,2,,,,,,,
20250419,蒲郡,3,予選,晴,南西,4,2,5,5,4281,大 澤 大 夢,35,29,6.75,5,0.19,,2-3-1,1590,4,2-3,500,2,1-2-3,180,1,2-3,370,2,,,,,,,
20250419,蒲郡,3,予選,晴,南西,4,2,6,6,5333,山 下 智 己,56,65,6.68,6,0.25,,2-3-1,1590,4,2-3,500,2,1-2-3,180,1,2-3,370,2,,,,,,,
20250419,蒲郡,4,予選,晴,南,2,1,1,1,4948,木 場 悠 介,71,31,6.74,1,0.18,1.49.4,1-5-2,1100,2,1-5,540,2,1-2-5,300,1,1-5,340,2,,,,,,,
20250419,蒲郡,4,予選,晴,南,2,1,2,5,4188,久 田 敏 之,47,67,6.68,3,0.16,1.51.1,1-5-2,1100,2,1-5,540,2,1-2-5,300,1,1-5,340,2,,,,,,,
20250419,蒲郡,4,予選,晴,南,2,1,3,2,3944,山 口 裕 二,69,25,6.67,2,0.19,1.52.4,1-5-2,1100,2,1-5,540,2,1-2-5,300,1,1-5,340,2,,,,,,,
20250419,蒲郡,4,予選,晴,南,2,1,4,4,4693,松 下 誉 士,49,26,6.71,5,0.16,1.54.0,1-5-2,1100,2,1-5,540,2,1-2-5,300,1,1-5,340,2,,,,,,,
20250419,蒲郡,4,予選,晴,南,2,1,5,6,4143,浦 田 晃 嗣,37,62,6.79,6,0.19,,1-5-2,1100,2,1-5,540,2,1-2-5,300,1,1-5,340,2,,,,,,,
20250419,蒲郡,4,予選,晴,南,2,1,6,3,3987,後 藤 正 宗,57,75,6.74,4,0.20,,1-5-2,1100,2,1-5,540,2,1-2-5,300,1,1-5,340,2,,,,,,,
20250419,蒲郡,5,予選,晴,南,3,1,1,5,4257,古 川 健,29,74,6.74,5,0.15,1.49.7,5-3-4,29090,66,5-3,9080,21,3-4-5,1300,6,3-5,1930,9,,,,,,,
20250419,蒲郡,5,予選,晴,南,3,1,2,3,4709,岡 村 将 也,31,57,6.74,3,0.17,1.51.3,5-3-4,29090,66,5-3,9080,21,3-4-5,1300,6,3-5,1930,9,,,,,,,
20250419,蒲郡,5,予選,晴,南,3,1,3,4,4532,秋 元 哲,34,28,6.84,4,0.23,1.53.3,5-3-4,29090,66,5-3,9080,21,3-4-5,1300,6,3-5,1930,9,,,,,,,
20250419,蒲郡,5,予選,晴,南,3,1,4,1,4973,栗 原 直 也,53,54,6.68,1,0.22,1.54.4,5-3-4,29090,66,5-3,9080,21,3-4-5,1300,6,3-5,1930,9,,,,,,,
20250419,蒲郡,5,予選,晴,南,3,1,5,6,4056,小 西 英 輝,59,71,6.79,6,0.16,,5-3-4,29090,66,5-3,9080,21,3-4-5,1300,6,3-5,1930,9,,,,,,,
20250419,蒲郡,5,予選,晴,南,3,1,6,2,4790,柳 内 敬 太,30,20,6.68,2,0.23,,5-3-4,29090,66,5-3,9080,21,3-4-5,1300,6,3-5,1930,9,,,,,,,
20250419,蒲郡,6,予選,晴,南,2,1,1,6,3960,菊 地 孝 平,20,30,6.71,4,0.11,1.48.7,6-1-4,4680,20,6-1,720,3,1-4-6,1730,6,1-6,350,2,,,,,,,
20250419,蒲郡,6,予選,晴,南,2,1,2,1,4006,小 野 勇 作,43,53,6.68,1,0.14,1.50.7,6-1-4,4680,20,6-1,720,3,1-4-6,1730,6,1-6,350,2,,,,,,,
20250419,蒲郡,6,予選,晴,南,2,1,3,4,4100,松 田 隆 司,50,16,6.71,5,0.12,1.52.0,6-1-4,4680,20,6-1,720,3,1-4-6,1730,6,1-6,350,2,,,,,,,
20250419,蒲郡,6,予選,晴,南,2,1,4,2,4375,照 屋 厚 仁,64,22,6.59,2,0.18,1.52.0,6-1-4,4680,20,6-1,720,3,1-4-6,1730,6,1-6,350,2,,,,,,,
20250419,蒲郡,6,予選,晴,南,2,1,5,3,3696,白 井 友 晴,21,76,6.68,3,0.23,,6-1-4,4680,20,6-1,720,3,1-4-6,1730,6,1-6,350,2,,,,,,,
20250419,蒲郡,6,予選,晴,南,2,1,6,5,4876,梅 木 敬 太,63,69,6.68,6,0.15,,6-1-4,4680,20,6-1,720,3,1-4-6,1730,6,1-6,350,2,,,,,,,
20250419,蒲郡,7,予選 進入固定,晴,南西,1,1,1,4,4460,後 藤 翔 之,22,12,6.73,4,0.12,1.48.9,4-3-6,12250,30,4-3,2850,6,3-4-6,1710,6,3-4,840,3,,,,,,,
20250419,蒲郡,7,予選 進入固定,晴,南西,1,1,2,3,4512,高 野 哲 史,25,21,6.63,3,0.09,1.50.4,4-3-6,12250,30,4-3,2850,6,3-4-6,1710,6,3-4,840,3,,,,,,,
20250419,蒲郡,7,予選 進入固定,晴,南西,1,1,3,6,5008,羽 野 諒,39,18,6.67,6,0.09,1.52.2,4-3-6,12250,30,4-3,2850,6,3-4-6,1710,6,3-4,840,3,,,,,,,
20250419,蒲郡,7,予選 進入固定,晴,南西,1,1,4,1,3641,一 瀬 明,36,68,6.71,1,0.13,1.53.1,4-3-6,12250,30,4-3,2850,6,3-4-6,1710,6,3-4,840,3,,,,,,,
20250419,蒲郡,7,予選 進入固定,晴,南西,1,1,5,5,5120,山 本 稔太朗,60,24,6.73,5,0.10,,4-3-6,12250,30,4-3,2850,6,3-4-6,1710,6,3-4,840,3,,,,,,,
20250419,蒲郡,7,予選 進入固定,晴,南西,1,1,6,2,3891,谷 口 健 一,65,14,6.72,2,0.13,,4-3-6,12250,30,4-3,2850,6,3-4-6,1710,6,3-4,840,3,,,,,,,
20250419,蒲郡,8,予選,晴,南西,2,1,1,1,4531,武 富 智 亮,48,77,6.70,1,0.11,1.50.1,1-3-5,510,1,1-3,220,1,1-3-5,280,1,1-3,160,1,,,,,,,
20250419,蒲郡,8,予選,晴,南西,2,1,2,3,4096,石 橋 道 友,27,72,6.69,3,0.15,1.51.2,1-3-5,510,1,1-3,220,1,1-3-5,280,1,1-3,160,1,,,,,,,
20250419,蒲郡,8,予選,晴,南西,2,1,3,5,4411,沢 田 昭 宏,32,15,6.68,5,0.12,1.52.7,1-3-5,510,1,1-3,220,1,1-3-5,280,1,1-3,160,1,,,,,,,
20250419,蒲郡,8,予選,晴,南西,2,1,4,2,4281,大 澤 大 夢,35,29,6.77,2,0.15,1.54.4,1-3-5,510,1,1-3,220,1,1-3-5,280,1,1-3,160,1,,,,,,,
20250419,蒲郡,8,予選,晴,南西,2,1,5,6,4078,渡 辺 史 之,58,27,6.71,6,0.21,,1-3-5,510,1,1-3,220,1,1-3-5,280,1,1-3,160,1,,,,,,,
20250419,蒲郡,8,予選,晴,南西,2,1,6,4,4143,浦 田 晃 嗣,37,62,6.71,4,0.23,,1-3-5,510,1,1-3,220,1,1-3-5,280,1,1-3,160,1,,,,,,,
20250419,蒲郡,9,予選特賞,晴,南東,1,0,1,1,4231,鈴 木 裕 隆,28,70,6.83,1,0.11,1.50.3,1-4-2,1620,2,1-4,440,1,1-2-4,430,2,1-4,250,1,,,,,,,
20250419,蒲郡,9,予選特賞,晴,南東,1,0,2,4,4188,久 田 敏 之,47,67,6.76,4,0.10,1.51.4,1-4-2,1620,2,1-4,440,1,1-2-4,430,2,1-4,250,1,,,,,,,
20250419,蒲郡,9,予選特賞,晴,南東,1,0,3,2,4638,小 林 遼 太,26,23,6.80,2,0.09,1.51.8,1-4-2,1620,2,1-4,440,1,1-2-4,430,2,1-4,250,1,,,,,,,
20250419,蒲郡,9,予選特賞,晴,南東,1,0,4,6,4790,柳 内 敬 太,30,20,6.77,6,0.09,1.53.7,1-4-2,1620,2,1-4,440,1,1-2-4,430,2,1-4,250,1,,,,,,,
20250419,蒲郡,9,予選特賞,晴,南東,1,0,5,5,3305,小 野 信 樹,24,60,6.81,5,0.08,,1-4-2,1620,2,1-4,440,1,1-2-4,430,2,1-4,250,1,,,,,,,
20250419,蒲郡,9,予選特賞,晴,南東,1,0,6,3,3793,高 橋 真 吾,19,17,6.76,3,0.09,,1-4-2,1620,2,1-4,440,1,1-2-4,430,2,1-4,250,1,,,,,,,
20250419,蒲郡,10,予選特賞,晴,南東,1,0,1,1,4734,安河内 将,62,73,6.82,1,0.16,1.49.2,1-4-5,930,2,1-4,320,1,1-4-5,430,3,1-4,190,1,,,,,,,
20250419,蒲郡,10,予選特賞,晴,南東,1,0,2,4,4771,下 寺 秀 和,61,19,6.82,4,0.16,1.51.2,1-4-5,930,2,1-4,320,1,1-4-5,430,3,1-4,190,1,,,,,,,
20250419,蒲郡,10,予選特賞,晴,南東,1,0,3,5,4303,牧 原 崇,40,64,6.83,5,0.20,1.52.6,1-4-5,930,2,1-4,320,1,1-4-5,430,3,1-4,190,1,,,,,,,
20250419,蒲郡,10,予選特賞,晴,南東,1,0,4,3,3523,寳 田 亮 治,54,61,6.90,3,0.18,1.52.9,1-4-5,930,2,1-4,320,1,1-4-5,430,3,1-4,190,1,,,,,,,
20250419,蒲郡,10,予選特賞,晴,南東,1,0,5,2,4785,木 幡 純 也,11,59,6.79,2,0.16,,1-4-5,930,2,1-4,320,1,1-4-5,430,3,1-4,190,1,,,,,,,
20250419,蒲郡,10,予選特賞,晴,南東,1,0,6,6,3696,白 井 友 晴,21,76,6.88,6,0.17,,1-4-5,930,2,1-4,320,1,1-4-5,430,3,1-4,190,1,,,,,,,
20250419,蒲郡,11,予選特選,晴,東,2,1,1,1,4512,高 野 哲 史,25,21,6.77,1,0.05,1.48.9,1-3-2,690,2,1-3,190,1,1-2-3,310,2,1-3,170,1,,,,,,,
20250419,蒲郡,11,予選特選,晴,東,2,1,2,3,3960,菊 地 孝 平,20,30,6.76,3,0.09,1.50.7,1-3-2,690,2,1-3,190,1,1-2-3,310,2,1-3,170,1,,,,,,,
20250419,蒲郡,11,予選特選,晴,東,2,1,3,2,4257,古 川 健,29,74,6.81,2,0.07,1.51.8,1-3-2,690,2,1-3,190,1,1-2-3,310,2,1-3,170,1,,,,,,,
20250419,蒲郡,11,予選特選,晴,東,2,1,4,4,4991,宗 行 治 哉,70,63,6.81,4,0.13,1.52.6,1-3-2,690,2,1-3,190,1,1-2-3,310,2,1-3,170,1,,,,,,,
20250419,蒲郡,11,予選特選,晴,東,2,1,5,6,4887,富 澤 祐 作,45,13,6.86,5,0.16,,1-3-2,690,2,1-3,190,1,1-2-3,310,2,1-3,170,1,,,,,,,
20250419,蒲郡,11,予選特選,晴,東,2,1,6,5,4693,松 下 誉 士,49,26,6.78,6,0.16,,1-3-2,690,2,1-3,190,1,1-2-3,310,2,1-3,170,1,,,,,,,
20250419,蒲郡,12,予選記者特選,晴,南東,3,1,1,1,4096,石 橋 道 友,27,72,6.76,1,0.14,1.49.8,1-4-2,1170,3,1-4,380,2,1-2-4,490,1,1-4,330,2,,,,,,,
20250419,蒲郡,12,予選記者特選,晴,南東,3,1,2,4,3813,佐 藤 大 介,68,11,6.90,4,0.10,1.51.0,1-4-2,1170,3,1-4,380,2,1-2-4,490,1,1-4,330,2,,,,,,,
20250419,蒲郡,12,予選記者特選,晴,南東,3,1,3,2,3641,一 瀬 明,36,68,6.83,2,0.17,1.51.8,1-4-2,1170,3,1-4,380,2,1-2-4,490,1,1-4,330,2,,,,,,,
20250419,蒲郡,12,予選記者特選,晴,南東,3,1,4,3,4948,木 場 悠 介,71,31,6.91,3,0.15,1.52.4,1-4-2,1170,3,1-4,380,2,1-2-4,490,1,1-4,330,2,,,,,,,
20250419,蒲郡,12,予選記者特選,晴,南東,3,1,5,5,4532,秋 元 哲,34,28,6.91,5,0.13,,1-4-2,1170,3,1-4,380,2,1-2-4,490,1,1-4,330,2,,,,,,,
20250419,蒲郡,12,予選記者特選,晴,南東,3,1,6,6,4375,照 屋 厚 仁,64,22,6.74,6,0.36,,1-4-2,1170,3,1-4,380,2,1-2-4,490,1,1-4,330,2,,,,,,,
20250419,鳴門,1,一般,晴,南東,2,2,1,1,4950,高 岡 竜 也,78,70,6.75,1,0.17,1.48.8,1-4-2,650,2,1-4,360,2,1-2-4,240,1,1-4,250,2,,,,,,,
20250419,鳴門,1,一般,晴,南東,2,2,2,4,4245,高 橋 直 哉,20,15,6.88,4,0.22,1.50.1,1-4-2,650,2,1-4,360,2,1-2-4,240,1,1-4,250,2,,,,,,,
20250419,鳴門,1,一般,晴,南東,2,2,3,2,4219,本 岡 勝 利,22,14,6.86,2,0.29,1.51.8,1-4-2,650,2,1-4,360,2,1-2-4,240,1,1-4,250,2,,,,,,,
20250419,鳴門,1,一般,晴,南東,2,2,4,5,3869,井 芹 大 志,16,12,6.88,5,0.19,1.52.5,1-4-2,650,2,1-4,360,2,1-2-4,240,1,1-4,250,2,,,,,,,
20250419,鳴門,1,一般,晴,南東,2,2,5,3,5235,岩 田 凌,10,79,6.92,3,0.29,,1-4-2,650,2,1-4,360,2,1-2-4,240,1,1-4,250,2,,,,,,,
20250419,鳴門,1,一般,晴,南東,2,2,6,6,5366,塩 嶋 泰 空,75,30,6.87,6,0.16,,1-4-2,650,2,1-4,360,2,1-2-4,240,1,1-4,250,2,,,,,,,
20250419,鳴門,2,一般,晴,南東,1,1,1,1,4904,松 本 一 毅,70,20,6.74,1,0.16,1.48.9,1-3-2,1340,6,1-3,450,2,1-2-3,380,1,1-3,520,3,,,,,,,
20250419,鳴門,2,一般,晴,南東,1,1,2,3,4197,渥 美 卓 郎,12,74,6.81,3,0.13,1.50.2,1-3-2,1340,6,1-3,450,2,1-2-3,380,1,1-3,520,3,,,,,,,
20250419,鳴門,2,一般,晴,南東,1,1,3,2,2878,富 山 弘 幸,82,17,6.81,2,0.17,1.51.0,1-3-2,1340,6,1-3,450,2,1-2-3,380,1,1-3,520,3,,,,,,,
20250419,鳴門,2,一般,晴,南東,1,1,4,6,5388,佐 野 優 都,77,66,6.81,6,0.08,1.51.2,1-3-2,1340,6,1-3,450,2,1-2-3,380,1,1-3,520,3,,,,,,,
20250419,鳴門,2,一般,晴,南東,1,1,5,5,3303,渡 辺 豊,67,63,6.81,5,0.14,,1-3-2,1340,6,1-3,450,2,1-2-3,380,1,1-3,520,3,,,,,,,
20250419,鳴門,2,一般,晴,南東,1,1,6,4,4273,佐 藤 旭,29,77,6.84,4,0.18,,1-3-2,1340,6,1-3,450,2,1-2-3,380,1,1-3,520,3,,,,,,,
20250419,鳴門,3,一般,晴,南東,2,2,1,1,4345,西 舘 健,71,29,6.83,1,0.17,1.48.6,1-5-2,920,2,1-5,570,2,1-2-5,270,1,1-5,300,2,,,,,,,
20250419,鳴門,3,一般,晴,南東,2,2,2,5,3684,清 水 攻 二,28,64,6.87,5,0.25,1.50.0,1-5-2,920,2,1-5,570,2,1-2-5,270,1,1-5,300,2,,,,,,,
20250419,鳴門,3,一般,晴,南東,2,2,3,2,4120,柘 植 政 浩,64,21,6.84,2,0.18,1.52.4,1-5-2,920,2,1-5,570,2,1-2-5,270,1,1-5,300,2,,,,,,,
20250419,鳴門,3,一般,晴,南東,2,2,4,4,3202,三 品 隆 浩,27,23,6.90,3,0.50,1.53.2,1-5-2,920,2,1-5,570,2,1-2-5,270,1,1-5,300,2,,,,,,,
20250419,鳴門,3,一般,晴,南東,2,2,5,6,4367,山 口 修 路,74,65,6.94,6,0.25,,1-5-2,920,2,1-5,570,2,1-2-5,270,1,1-5,300,2,,,,,,,
20250419,鳴門,3,一般,晴,南東,2,2,6,3,5323,香 川 陽 太,80,67,6.90,4,0.24,,1-5-2,920,2,1-5,570,2,1-2-5,270,1,1-5,300,2,,,,,,,
20250419,鳴門,4,一般,晴,東,2,2,1,1,5076,石 原 光,11,28,6.88,1,0.05,1.48.7,1-3-5,2060,2,1-3,1830,10,1-3-5,560,2,1-3,620,4,,,,,,,
20250419,鳴門,4,一般,晴,東,2,2,2,3,4086,寺 本 重 宣,21,75,6.88,3,0.13,1.49.8,1-3-5,2060,2,1-3,1830,10,1-3-5,560,2,1-3,620,4,,,,,,,
20250419,鳴門,4,一般,晴,東,2,2,3,5,4500,山 田 康 二,17,82,6.83,5,0.15,1.51.2,1-3-5,2060,2,1-3,1830,10,1-3-5,560,2,1-3,620,4,,,,,,,
20250419,鳴門,4,一般,晴,東,2,2,4,4,5014,梶 山 涼 斗,19,26,6.78,4,0.11,1.51.3,1-3-5,2060,2,1-3,1830,10,1-3-5,560,2,1-3,620,4,,,,,,,
20250419,鳴門,4,一般,晴,東,2,2,5,2,3853,岩 崎 正 哉,63,71,6.87,2,0.10,,1-3-5,2060,2,1-3,1830,10,1-3-5,560,2,1-3,620,4,,,,,,,
20250419,鳴門,4,一般,晴,東,2,2,6,6,5067,山 田 真 聖,79,83,6.91,6,0.17,,1-3-5,2060,2,1-3,1830,10,1-3-5,560,2,1-3,620,4,,,,,,,
20250419,鳴門,5,一般,晴,東,2,2,1,5,3614,谷 勝 幸,15,81,6.77,5,0.05,1.49.0,5-3-4,32570,91,5-3,9900,29,3-4-5,2750,9,3-5,2910,14,,,,,,,
20250419,鳴門,5,一般,晴,東,2,2,2,3,3841,佐々木 和 伸,30,19,6.82,3,0.13,1.50.1,5-3-4,32570,91,5-3,9900,29,3-4-5,2750,9,3-5,2910,14,,,,,,,
20250419,鳴門,5,一般,晴,東,2,2,3,4,4933,板 橋 侑 我,68,84,6.93,4,0.12,1.51.5,5-3-4,32570,91,5-3,9900,29,3-4-5,2750,9,3-5,2910,14,,,,,,,
20250419,鳴門,5,一般,晴,東,2,2,4,6,4403,木 下 大 將,23,24,6.77,6,0.12,1.52.3,5-3-4,32570,91,5-3,9900,29,3-4-5,2750,9,3-5,2910,14,,,,,,,
20250419,鳴門,5,一般,晴,東,2,2,5,2,4594,谷 川 祐 一,69,76,6.79,2,0.18,,5-3-4,32570,91,5-3,9900,29,3-4-5,2750,9,3-5,2910,14,,,,,,,
20250419,鳴門,5,一般,晴,東,2,2,6,1,4563,齋 藤 真 之,83,25,6.81,1,0.09,,5-3-4,32570,91,5-3,9900,29,3-4-5,2750,9,3-5,2910,14,,,,,,,
20250419,鳴門,6,一般,晴,南東,3,3,1,3,4985,井 本 昌 也,26,13,6.77,3,0.13,1.48.3,3-4-5,2320,6,3-4,590,1,3-4-5,910,4,3-4,580,2,,,,,,,
20250419,鳴門,6,一般,晴,南東,3,3,2,4,5206,梅 原 祥 平,24,16,6.82,4,0.11,1.49.8,3-4-5,2320,6,3-4,590,1,3-4-5,910,4,3-4,580,2,,,,,,,
20250419,鳴門,6,一般,晴,南東,3,3,3,5,4636,赤 池 修 平,25,10,6.80,5,0.15,1.51.5,3-4-5,2320,6,3-4,590,1,3-4-5,910,4,3-4,580,2,,,,,,,
20250419,鳴門,6,一般,晴,南東,3,3,4,2,4197,渥 美 卓 郎,12,74,6.89,1,0.09,1.52.5,3-4-5,2320,6,3-4,590,1,3-4-5,910,4,3-4,580,2,,,,,,,
20250419,鳴門,6,一般,晴,南東,3,3,5,6,4732,堀 本 和 也,65,80,6.82,6,0.16,,3-4-5,2320,6,3-4,590,1,3-4-5,910,4,3-4,580,2,,,,,,,
20250419,鳴門,6,一般,晴,南東,3,3,6,1,5282,中 本 大 樹,72,72,6.83,2,0.25,,3-4-5,2320,6,3-4,590,1,3-4-5,910,4,3-4,580,2,,,,,,,
20250419,鳴門,7,一般,晴,南東,2,2,1,4,3939,渡 辺 真 至,73,73,6.85,4,0.11,1.49.1,4-6-3,6180,21,4-6,1020,5,3-4-6,1450,7,4-6,610,3,,,,,,,
20250419,鳴門,7,一般,晴,南東,2,2,2,6,4472,尾 嶋 一 広,76,78,6.82,5,0.12,1.49.7,4-6-3,6180,21,4-6,1020,5,3-4-6,1450,7,4-6,610,3,,,,,,,
20250419,鳴門,7,一般,晴,南東,2,2,3,3,3434,松 尾 宣 邦,13,22,6.90,3,0.02,1.51.0,4-6-3,6180,21,4-6,1020,5,3-4-6,1450,7,4-6,610,3,,,,,,,
20250419,鳴門,7,一般,晴,南東,2,2,4,1,4549,小 林 文 彦,66,68,6.83,1,0.15,1.51.9,4-6-3,6180,21,4-6,1020,5,3-4-6,1450,7,4-6,610,3,,,,,,,
20250419,鳴門,7,一般,晴,南東,2,2,5,5,5388,佐 野 優 都,77,66,6.81,6,0.14,,4-6-3,6180,21,4-6,1020,5,3-4-6,1450,7,4-6,610,3,,,,,,,
20250419,鳴門,7,一般,晴,南東,2,2,6,2,3202,三 品 隆 浩,27,23,6.91,2,0.21,,4-6-3,6180,21,4-6,1020,5,3-4-6,1450,7,4-6,610,3,,,,,,,
20250419,鳴門,8,一般,晴,南東,2,2,1,4,4345,西 舘 健,71,29,6.90,4,0.10,1.48.8,4-2-5,4950,23,4-2,3410,16,2-4-5,760,3,2-4,1760,8,,,,,,,
20250419,鳴門,8,一般,晴,南東,2,2,2,2,3303,渡 辺 豊,67,63,6.86,2,0.10,1.50.6,4-2-5,4950,23,4-2,3410,16,2-4-5,760,3,2-4,1760,8,,,,,,,
20250419,鳴門,8,一般,晴,南東,2,2,3,5,4264,長 尾 章 平,18,18,6.87,5,0.11,1.51.5,4-2-5,4950,23,4-2,3410,16,2-4-5,760,3,2-4,1760,8,,,,,,,
20250419,鳴門,8,一般,晴,南東,2,2,4,6,5014,梶 山 涼 斗,19,26,6.77,6,0.09,1.52.8,4-2-5,4950,23,4-2,3410,16,2-4-5,760,3,2-4,1760,8,,,,,,,
20250419,鳴門,8,一般,晴,南東,2,2,5,3,4367,山 口 修 路,74,65,6.85,3,0.37,,4-2-5,4950,23,4-2,3410,16,2-4-5,760,3,2-4,1760,8,,,,,,,
20250419,鳴門,8,一般,晴,南東,2,2,6,1,4273,佐 藤 旭,29,77,6.82,1,0.15,,4-2-5,4950,23,4-2,3410,16,2-4-5,760,3,2-4,1760,8,,,,,,,
20250419,鳴門,9,一般,晴,南東,3,3,1,4,4904,松 本 一 毅,70,20,6.84,4,0.09,1.49.1,4-5-6,12030,56,4-5,2510,15,4-5-6,3150,12,4-5,990,6,,,,,,,
20250419,鳴門,9,一般,晴,南東,3,3,2,5,4105,松 下 直 也,81,69,6.79,5,0.07,1.50.2,4-5-6,12030,56,4-5,2510,15,4-5-6,3150,12,4-5,990,6,,,,,,,
20250419,鳴門,9,一般,晴,南東,3,3,3,6,5323,香 川 陽 太,80,67,6.86,6,0.13,1.52.5,4-5-6,12030,56,4-5,2510,15,4-5-6,3150,12,4-5,990,6,,,,,,,
20250419,鳴門,9,一般,晴,南東,3,3,4,2,3614,谷 勝 幸,15,81,6.68,2,0.23,1.53.8,4-5-6,12030,56,4-5,2510,15,4-5-6,3150,12,4-5,990,6,,,,,,,
20250419,鳴門,9,一般,晴,南東,3,3,5,1,4232,笠 雅 雄,84,11,6.88,1,0.17,,4-5-6,12030,56,4-5,2510,15,4-5-6,3150,12,4-5,990,6,,,,,,,
20250419,鳴門,9,一般,晴,南東,3,3,6,3,4950,高 岡 竜 也,78,70,6.90,3,0.18,,4-5-6,12030,56,4-5,2510,15,4-5-6,3150,12,4-5,990,6,,,,,,,
20250419,鳴門,10,準優勝戦,晴,南東,4,4,1,1,4403,木 下 大 將,23,24,6.71,1,0.21,1.49.4,1-2-3,670,1,1-2,320,1,1-2-3,330,1,1-2,190,1,,,,,,,
20250419,鳴門,10,準優勝戦,晴,南東,4,4,2,2,3684,清 水 攻 二,28,64,6.87,2,0.20,1.50.2,1-2-3,670,1,1-2,320,1,1-2-3,330,1,1-2,190,1,,,,,,,
20250419,鳴門,10,準優勝戦,晴,南東,4,4,3,3,5206,梅 原 祥 平,24,16,6.77,3,0.19,1.51.0,1-2-3,670,1,1-2,320,1,1-2-3,330,1,1-2,190,1,,,,,,,
20250419,鳴門,10,準優勝戦,晴,南東,4,4,4,4,3853,岩 崎 正 哉,63,71,6.79,4,0.26,1.53.2,1-2-3,670,1,1-2,320,1,1-2-3,330,1,1-2,190,1,,,,,,,
20250419,鳴門,10,準優勝戦,晴,南東,4,4,5,5,5282,中 本 大 樹,72,72,6.81,6,0.18,,1-2-3,670,1,1-2,320,1,1-2-3,330,1,1-2,190,1,,,,,,,
20250419,鳴門,10,準優勝戦,晴,南東,4,4,6,6,5076,石 原 光,11,28,6.79,5,0.27,,1-2-3,670,1,1-2,320,1,1-2-3,330,1,1-2,190,1,,,,,,,
20250419,鳴門,11,準優勝戦,晴,南東,2,2,1,2,4500,山 田 康 二,17,82,6.84,2,0.05,1.47.7,2-3-4,1890,5,2-3,510,3,2-3-4,940,5,2-3,310,2,,,,,,,
20250419,鳴門,11,準優勝戦,晴,南東,2,2,2,3,4933,板 橋 侑 我,68,84,6.86,3,0.06,1.49.1,2-3-4,1890,5,2-3,510,3,2-3-4,940,5,2-3,310,2,,,,,,,
20250419,鳴門,11,準優勝戦,晴,南東,2,2,3,4,4549,小 林 文 彦,66,68,6.87,4,0.24,1.51.7,2-3-4,1890,5,2-3,510,3,2-3-4,940,5,2-3,310,2,,,,,,,
20250419,鳴門,11,準優勝戦,晴,南東,2,2,4,6,4120,柘 植 政 浩,64,21,6.79,6,0.22,1.53.0,2-3-4,1890,5,2-3,510,3,2-3-4,940,5,2-3,310,2,,,,,,,
20250419,鳴門,11,準優勝戦,晴,南東,2,2,5,5,3841,佐々木 和 伸,30,19,6.88,5,0.20,,2-3-4,1890,5,2-3,510,3,2-3-4,940,5,2-3,310,2,,,,,,,
20250419,鳴門,11,準優勝戦,晴,南東,2,2,6,1,4636,赤 池 修 平,25,10,6.80,1,0.12,,2-3-4,1890,5,2-3,510,3,2-3-4,940,5,2-3,310,2,,,,,,,
20250419,鳴門,12,準優勝戦,晴,南東,2,2,1,3,3939,渡 辺 真 至,73,73,6.76,3,0.13,1.47.5,3-5-1,26960,52,3-5,8600,15,1-3-5,920,4,3-5,3700,8,,,,,,,
20250419,鳴門,12,準優勝戦,晴,南東,2,2,2,5,4985,井 本 昌 也,26,13,6.81,5,0.10,1.48.6,3-5-1,26960,52,3-5,8600,15,1-3-5,920,4,3-5,3700,8,,,,,,,
20250419,鳴門,12,準優勝戦,晴,南東,2,2,3,1,4264,長 尾 章 平,18,18,6.81,1,0.11,1.50.6,3-5-1,26960,52,3-5,8600,15,1-3-5,920,4,3-5,3700,8,,,,,,,
20250419,鳴門,12,準優勝戦,晴,南東,2,2,4,2,4472,尾 嶋 一 広,76,78,6.74,2,0.15,1.51.4,3-5-1,26960,52,3-5,8600,15,1-3-5,920,4,3-5,3700,8,,,,,,,
20250419,鳴門,12,準優勝戦,晴,南東,2,2,5,4,4086,寺 本 重 宣,21,75,6.77,4,0.13,,3-5-1,26960,52,3-5,8600,15,1-3-5,920,4,3-5,3700,8,,,,,,,
20250419,鳴門,12,準優勝戦,晴,南東,2,2,6,6,4594,谷 川 祐 一,69,76,6.86,6,0.17,,3-5-1,26960,52,3-5,8600,15,1-3-5,920,4,3-5,3700,8,,,,,,,
