date,venue_name,race_no,race_type,weather,wind_dir,wind_ms,wave_cm,rank,waku,reg_no,name,motor_no,boat_no,exhibition_time,course_enter,st_timing,race_time,won3,won3_pay,won3_pop,won2,won2_pay,won2_pop,trio,trio_pay,trio_pop,pair,pair_pay,pair_pop,lap_time,turn_time,straight_time,lap_rank,turn_rank,straight_rank,exhibition_eval
20250513,びわこ,1,一般,晴,北,2,2,1,1,3918,深 井 利 寿,21,59,6.61,1,0.15,1.48.4,1-2-4,1210,4,1-2,330,2,1-2-4,610,2,1-2,240,1,,,,,,,
20250513,びわこ,1,一般,晴,北,2,2,2,2,4735,角 山 雄 哉,25,16,6.74,2,0.17,1.50.9,1-2-4,1210,4,1-2,330,2,1-2-4,610,2,1-2,240,1,,,,,,,
20250513,びわこ,1,一般,晴,北,2,2,3,4,4664,東 口 晃,36,58,6.73,4,0.17,1.51.3,1-2-4,1210,4,1-2,330,2,1-2-4,610,2,1-2,240,1,,,,,,,
20250513,びわこ,1,一般,晴,北,2,2,4,6,4626,伊 藤 紘 章,31,11,6.76,6,0.40,1.53.1,1-2-4,1210,4,1-2,330,2,1-2-4,610,2,1-2,240,1,,,,,,,
20250513,びわこ,1,一般,晴,北,2,2,5,5,5206,梅 原 祥 平,22,27,6.65,5,0.41,,1-2-4,1210,4,1-2,330,2,1-2-4,610,2,1-2,240,1,,,,,,,
20250513,びわこ,1,一般,晴,北,2,2,6,3,4979,中 野 夢 斗,24,14,6.81,3,0.20,,1-2-4,1210,4,1-2,330,2,1-2-4,610,2,1-2,240,1,,,,,,,
20250513,びわこ,2,一般,晴,北東,2,2,1,2,4405,南 野 利 騰,28,25,6.61,2,0.06,1.48.7,2-3-1,2640,9,2-3,570,2,1-2-3,530,1,2-3,270,1,,,,,,,
20250513,びわこ,2,一般,晴,北東,2,2,2,3,4594,谷 川 祐 一,56,64,6.82,3,0.08,1.50.7,2-3-1,2640,9,2-3,570,2,1-2-3,530,1,2-3,270,1,,,,,,,
20250513,びわこ,2,一般,晴,北東,2,2,3,1,5280,廣 瀬 凜,64,22,6.83,1,0.13,1.52.3,2-3-1,2640,9,2-3,570,2,1-2-3,530,1,2-3,270,1,,,,,,,
20250513,びわこ,2,一般,晴,北東,2,2,4,5,4254,川 島 圭 司,20,28,6.85,5,0.17,1.53.2,2-3-1,2640,9,2-3,570,2,1-2-3,530,1,2-3,270,1,,,,,,,
20250513,びわこ,2,一般,晴,北東,2,2,5,4,3362,間 嶋 仁 志,15,69,6.73,4,0.14,,2-3-1,2640,9,2-3,570,2,1-2-3,530,1,2-3,270,1,,,,,,,
20250513,びわこ,2,一般,晴,北東,2,2,6,6,4902,山 川 雄 大,68,63,6.79,6,0.19,,2-3-1,2640,9,2-3,570,2,1-2-3,530,1,2-3,270,1,,,,,,,
20250513,びわこ,3,一般,晴,北東,4,4,1,1,4388,是 澤 孝 宏,34,35,6.72,1,0.12,1.49.6,1-3-6,24040,38,1-3,1970,7,1-3-6,5740,14,1-3,2060,6,,,,,,,
20250513,びわこ,3,一般,晴,北東,4,4,2,3,4035,杉 江 浩 明,13,66,6.75,3,0.17,1.50.5,1-3-6,24040,38,1-3,1970,7,1-3-6,5740,14,1-3,2060,6,,,,,,,
20250513,びわこ,3,一般,晴,北東,4,4,3,6,4677,片 橋 幸 貴,27,34,6.84,6,0.17,1.52.2,1-3-6,24040,38,1-3,1970,7,1-3-6,5740,14,1-3,2060,6,,,,,,,
20250513,びわこ,3,一般,晴,北東,4,4,4,2,5245,倉 富 大 誠,70,24,6.71,2,0.23,1.53.4,1-3-6,24040,38,1-3,1970,7,1-3-6,5740,14,1-3,2060,6,,,,,,,
20250513,びわこ,3,一般,晴,北東,4,4,5,5,4623,中 北 将 史,62,68,6.69,5,0.14,,1-3-6,24040,38,1-3,1970,7,1-3-6,5740,14,1-3,2060,6,,,,,,,
20250513,びわこ,3,一般,晴,北東,4,4,6,4,4262,馬 場 貴 也,16,36,6.68,4,0.12,,1-3-6,24040,38,1-3,1970,7,1-3-6,5740,14,1-3,2060,6,,,,,,,
20250513,びわこ,4,一般,晴,北東,3,2,1,3,5229,吉 川 晴 人,63,17,6.77,3,0.06,1.49.7,3-5-2,2180,10,3-5,640,3,2-3-5,770,4,3-5,440,2,,,,,,,
20250513,びわこ,4,一般,晴,北東,3,2,2,5,3721,守 田 俊 介,33,31,6.95,5,0.10,1.52.0,3-5-2,2180,10,3-5,640,3,2-3-5,770,4,3-5,440,2,,,,,,,
20250513,びわこ,4,一般,晴,北東,3,2,3,2,4731,間 野 兼 礼,73,20,6.86,2,0.06,1.53.1,3-5-2,2180,10,3-5,640,3,2-3-5,770,4,3-5,440,2,,,,,,,
20250513,びわこ,4,一般,晴,北東,3,2,4,6,3761,山 本 光 雄,30,37,6.84,6,0.13,1.54.7,3-5-2,2180,10,3-5,640,3,2-3-5,770,4,3-5,440,2,,,,,,,
20250513,びわこ,4,一般,晴,北東,3,2,5,4,3965,北 中 元 樹,23,62,6.80,4,0.10,,3-5-2,2180,10,3-5,640,3,2-3-5,770,4,3-5,440,2,,,,,,,
20250513,びわこ,5,一般,晴,北東,3,3,1,2,4828,松 山 将 吾,35,32,6.80,2,0.13,1.49.7,2-1-4,2450,9,2-1,1120,5,1-2-4,330,1,1-2,350,1,,,,,,,
20250513,びわこ,5,一般,晴,北東,3,3,2,1,4992,廣 瀬 篤 哉,65,12,6.80,1,0.09,1.51.5,2-1-4,2450,9,2-1,1120,5,1-2-4,330,1,1-2,350,1,,,,,,,
20250513,びわこ,5,一般,晴,北東,3,3,3,4,4137,君 島 秀 三,71,65,6.77,4,0.10,1.52.1,2-1-4,2450,9,2-1,1120,5,1-2-4,330,1,1-2,350,1,,,,,,,
20250513,びわこ,5,一般,晴,北東,3,3,4,5,4743,木 村 仁 紀,58,60,6.80,5,0.21,1.53.8,2-1-4,2450,9,2-1,1120,5,1-2-4,330,1,1-2,350,1,,,,,,,
20250513,びわこ,5,一般,晴,北東,3,3,5,3,5074,大 澤 誠 也,66,57,6.78,3,0.08,,2-1-4,2450,9,2-1,1120,5,1-2-4,330,1,1-2,350,1,,,,,,,
20250513,びわこ,5,一般,晴,北東,3,3,6,6,4557,松 尾 光 広,59,33,6.79,6,0.26,,2-1-4,2450,9,2-1,1120,5,1-2-4,330,1,1-2,350,1,,,,,,,
20250513,びわこ,6,一般,晴,北東,4,4,1,1,4649,和 田 操 拓,17,56,6.72,1,0.08,1.49.4,1-4-2,1220,4,1-4,310,1,1-2-4,610,3,1-4,170,1,,,,,,,
20250513,びわこ,6,一般,晴,北東,4,4,2,4,5017,澤 田 尚 也,60,13,6.70,4,0.12,1.50.8,1-4-2,1220,4,1-4,310,1,1-2-4,610,3,1-4,170,1,,,,,,,
20250513,びわこ,6,一般,晴,北東,4,4,3,2,5178,成 貞 琳 平,14,38,6.75,2,0.09,1.51.5,1-4-2,1220,4,1-4,310,1,1-2-4,610,3,1-4,170,1,,,,,,,
20250513,びわこ,6,一般,晴,北東,4,4,4,5,3606,川 北 浩 貴,57,21,6.81,5,0.17,1.52.7,1-4-2,1220,4,1-4,310,1,1-2-4,610,3,1-4,170,1,,,,,,,
20250513,びわこ,6,一般,晴,北東,4,4,5,3,4735,角 山 雄 哉,25,16,6.70,3,0.08,,1-4-2,1220,4,1-4,310,1,1-2-4,610,3,1-4,170,1,,,,,,,
20250513,びわこ,6,一般,晴,北東,4,4,6,6,5127,沼 田 大 都,32,23,6.81,6,0.18,,1-4-2,1220,4,1-4,310,1,1-2-4,610,3,1-4,170,1,,,,,,,
20250513,びわこ,7,一般,晴,北東,3,3,1,4,4686,丸 野 一 樹,69,73,6.80,4,0.14,1.49.8,4-2-3,1640,8,4-2,590,4,2-3-4,360,2,2-4,380,3,,,,,,,
20250513,びわこ,7,一般,晴,北東,3,3,2,2,3542,清 水 紀 克,72,15,6.83,2,0.05,1.51.1,4-2-3,1640,8,4-2,590,4,2-3-4,360,2,2-4,380,3,,,,,,,
20250513,びわこ,7,一般,晴,北東,3,3,3,3,5206,梅 原 祥 平,22,27,6.74,3,0.10,1.53.8,4-2-3,1640,8,4-2,590,4,2-3-4,360,2,2-4,380,3,,,,,,,
20250513,びわこ,7,一般,晴,北東,3,3,4,6,5247,大 森 翼,19,70,6.91,6,0.19,1.55.5,4-2-3,1640,8,4-2,590,4,2-3-4,360,2,2-4,380,3,,,,,,,
20250513,びわこ,7,一般,晴,北東,3,3,5,5,5280,廣 瀬 凜,64,22,6.89,5,0.15,,4-2-3,1640,8,4-2,590,4,2-3-4,360,2,2-4,380,3,,,,,,,
20250513,びわこ,8,一般,晴,北東,4,4,1,1,3896,上 田 洋 平,29,61,6.82,1,0.05,1.49.9,1-2-4,1670,6,1-2,570,3,1-2-4,560,2,1-2,470,3,,,,,,,
20250513,びわこ,8,一般,晴,北東,4,4,2,2,4623,中 北 将 史,62,68,6.77,2,0.08,1.51.3,1-2-4,1670,6,1-2,570,3,1-2-4,560,2,1-2,470,3,,,,,,,
20250513,びわこ,8,一般,晴,北東,4,4,3,4,4761,山 田 晃 大,61,67,6.85,4,0.09,1.52.0,1-2-4,1670,6,1-2,570,3,1-2-4,560,2,1-2,470,3,,,,,,,
20250513,びわこ,8,一般,晴,北東,4,4,4,3,4254,川 島 圭 司,20,28,6.84,3,0.06,1.53.8,1-2-4,1670,6,1-2,570,3,1-2-4,560,2,1-2,470,3,,,,,,,
20250513,びわこ,8,一般,晴,北東,4,4,5,5,4979,中 野 夢 斗,24,14,6.90,5,0.14,,1-2-4,1670,6,1-2,570,3,1-2-4,560,2,1-2,470,3,,,,,,,
20250513,びわこ,8,一般,晴,北東,4,4,6,6,5050,木 下 雄 介,37,26,6.87,6,0.19,,1-2-4,1670,6,1-2,570,3,1-2-4,560,2,1-2,470,3,,,,,,,
20250513,びわこ,9,一般,晴,北東,3,3,1,5,4035,杉 江 浩 明,13,66,6.92,5,0.22,1.49.9,5-4-2,41780,75,5-4,8890,19,2-4-5,4260,13,4-5,3000,10,,,,,,,
20250513,びわこ,9,一般,晴,北東,3,3,2,4,4182,吉 田 和 仁,11,18,6.80,4,0.15,1.51.5,5-4-2,41780,75,5-4,8890,19,2-4-5,4260,13,4-5,3000,10,,,,,,,
20250513,びわこ,9,一般,晴,北東,3,3,3,2,3362,間 嶋 仁 志,15,69,6.94,2,0.21,1.53.6,5-4-2,41780,75,5-4,8890,19,2-4-5,4260,13,4-5,3000,10,,,,,,,
20250513,びわこ,9,一般,晴,北東,3,3,4,1,4120,柘 植 政 浩,67,71,6.85,1,0.21,1.54.8,5-4-2,41780,75,5-4,8890,19,2-4-5,4260,13,4-5,3000,10,,,,,,,
20250513,びわこ,9,一般,晴,北東,3,3,5,6,4382,高 山 智 至,12,30,7.02,6,0.23,,5-4-2,41780,75,5-4,8890,19,2-4-5,4260,13,4-5,3000,10,,,,,,,
20250513,びわこ,9,一般,晴,北東,3,3,6,3,5323,香 川 陽 太,26,19,6.85,3,0.19,,5-4-2,41780,75,5-4,8890,19,2-4-5,4260,13,4-5,3000,10,,,,,,,
20250513,びわこ,10,準優勝戦,晴,北,3,3,1,1,4262,馬 場 貴 也,16,36,6.77,1,0.03,1.49.3,1-2-5,1040,4,1-2,190,1,1-2-5,680,3,1-2,160,1,,,,,,,
20250513,びわこ,10,準優勝戦,晴,北,3,3,2,2,3721,守 田 俊 介,33,31,6.87,2,0.07,1.51.1,1-2-5,1040,4,1-2,190,1,1-2-5,680,3,1-2,160,1,,,,,,,
20250513,びわこ,10,準優勝戦,晴,北,3,3,3,5,4828,松 山 将 吾,35,32,6.79,5,0.19,1.52.1,1-2-5,1040,4,1-2,190,1,1-2-5,680,3,1-2,160,1,,,,,,,
20250513,びわこ,10,準優勝戦,晴,北,3,3,4,3,3918,深 井 利 寿,21,59,6.68,3,0.03,1.52.6,1-2-5,1040,4,1-2,190,1,1-2-5,680,3,1-2,160,1,,,,,,,
20250513,びわこ,10,準優勝戦,晴,北,3,3,5,4,4594,谷 川 祐 一,56,64,6.87,4,0.14,,1-2-5,1040,4,1-2,190,1,1-2-5,680,3,1-2,160,1,,,,,,,
20250513,びわこ,10,準優勝戦,晴,北,3,3,6,6,4649,和 田 操 拓,17,56,6.79,6,0.16,,1-2-5,1040,4,1-2,190,1,1-2-5,680,3,1-2,160,1,,,,,,,
20250513,びわこ,11,準優勝戦,晴,北東,3,3,1,1,5017,澤 田 尚 也,60,13,6.73,1,0.11,1.49.4,1-2-3,520,2,1-2,180,1,1-2-3,180,1,1-2,160,1,,,,,,,
20250513,びわこ,11,準優勝戦,晴,北東,3,3,2,2,4743,木 村 仁 紀,58,60,6.79,2,0.17,1.51.7,1-2-3,520,2,1-2,180,1,1-2-3,180,1,1-2,160,1,,,,,,,
20250513,びわこ,11,準優勝戦,晴,北東,3,3,3,3,3965,北 中 元 樹,23,62,6.88,3,0.27,1.52.7,1-2-3,520,2,1-2,180,1,1-2-3,180,1,1-2,160,1,,,,,,,
20250513,びわこ,11,準優勝戦,晴,北東,3,3,4,4,4388,是 澤 孝 宏,34,35,6.83,4,0.24,1.52.9,1-2-3,520,2,1-2,180,1,1-2-3,180,1,1-2,160,1,,,,,,,
20250513,びわこ,11,準優勝戦,晴,北東,3,3,5,5,4405,南 野 利 騰,28,25,6.76,5,0.34,,1-2-3,520,2,1-2,180,1,1-2-3,180,1,1-2,160,1,,,,,,,
20250513,びわこ,11,準優勝戦,晴,北東,3,3,6,6,4665,加 藤 啓 太,18,72,6.87,6,0.21,,1-2-3,520,2,1-2,180,1,1-2-3,180,1,1-2,160,1,,,,,,,
20250513,びわこ,12,準優勝戦,晴,北東,4,4,1,1,4686,丸 野 一 樹,69,73,6.79,1,0.15,1.50.0,1-4-5,4640,12,1-4,720,3,1-4-5,2810,8,1-4,630,3,,,,,,,
20250513,びわこ,12,準優勝戦,晴,北東,4,4,2,4,5229,吉 川 晴 人,63,17,6.76,4,0.12,1.51.3,1-4-5,4640,12,1-4,720,3,1-4-5,2810,8,1-4,630,3,,,,,,,
20250513,びわこ,12,準優勝戦,晴,北東,4,4,3,5,5245,倉 富 大 誠,70,24,6.75,5,0.15,1.53.4,1-4-5,4640,12,1-4,720,3,1-4-5,2810,8,1-4,630,3,,,,,,,
20250513,びわこ,12,準優勝戦,晴,北東,4,4,4,3,4137,君 島 秀 三,71,65,6.77,3,0.11,1.54.0,1-4-5,4640,12,1-4,720,3,1-4-5,2810,8,1-4,630,3,,,,,,,
20250513,びわこ,12,準優勝戦,晴,北東,4,4,5,6,3896,上 田 洋 平,29,61,6.86,6,0.16,,1-4-5,4640,12,1-4,720,3,1-4-5,2810,8,1-4,630,3,,,,,,,
20250513,びわこ,12,準優勝戦,晴,北東,4,4,6,2,3606,川 北 浩 貴,57,21,6.74,2,0.13,,1-4-5,4640,12,1-4,720,3,1-4-5,2810,8,1-4,630,3,,,,,,,
20250513,三国,1,みくにあさイ,晴,南東,3,3,1,2,4692,酒 井 俊 弘,46,66,6.60,2,0.17,1.49.6,2-1-4,4090,11,2-1,1480,5,1-2-4,260,1,1-2,180,1,,,,,,,
20250513,三国,1,みくにあさイ,晴,南東,3,3,2,1,4907,小 池 修 平,57,44,6.58,1,0.15,1.51.0,2-1-4,4090,11,2-1,1480,5,1-2-4,260,1,1-2,180,1,,,,,,,
20250513,三国,1,みくにあさイ,晴,南東,3,3,3,4,4407,鹿 島 敏 弘,69,21,6.63,4,0.23,1.52.3,2-1-4,4090,11,2-1,1480,5,1-2-4,260,1,1-2,180,1,,,,,,,
20250513,三国,1,みくにあさイ,晴,南東,3,3,4,3,4196,田 中 太一郎,28,20,6.71,3,0.22,1.53.7,2-1-4,4090,11,2-1,1480,5,1-2-4,260,1,1-2,180,1,,,,,,,
20250513,三国,1,みくにあさイ,晴,南東,3,3,5,5,4181,花 本 夏 樹,59,50,6.72,5,0.28,,2-1-4,4090,11,2-1,1480,5,1-2-4,260,1,1-2,180,1,,,,,,,
20250513,三国,1,みくにあさイ,晴,南東,3,3,6,6,5209,小 野 京 平,31,36,6.66,6,0.35,,2-1-4,4090,11,2-1,1480,5,1-2-4,260,1,1-2,180,1,,,,,,,
20250513,三国,2,みくにあさガ,晴,南東,2,2,1,2,5084,末 永 和 也,68,42,6.65,3,0.28,1.49.2,2-1-3,630,1,2-1,290,1,1-2-3,280,2,1-2,210,1,,,,,,,
20250513,三国,2,みくにあさガ,晴,南東,2,2,2,1,3771,折 下 寛 法,37,55,6.67,1,0.18,1.50.8,2-1-3,630,1,2-1,290,1,1-2-3,280,2,1-2,210,1,,,,,,,
20250513,三国,2,みくにあさガ,晴,南東,2,2,3,3,4638,小 林 遼 太,63,23,6.64,4,0.29,1.52.7,2-1-3,630,1,2-1,290,1,1-2-3,280,2,1-2,210,1,,,,,,,
20250513,三国,2,みくにあさガ,晴,南東,2,2,4,5,3933,山 地 正 樹,18,18,6.63,2,0.28,1.53.3,2-1-3,630,1,2-1,290,1,1-2-3,280,2,1-2,210,1,,,,,,,
20250513,三国,2,みくにあさガ,晴,南東,2,2,5,4,4200,早 川 尚 人,26,45,6.69,5,0.35,,2-1-3,630,1,2-1,290,1,1-2-3,280,2,1-2,210,1,,,,,,,
20250513,三国,2,みくにあさガ,晴,南東,2,2,6,6,5366,塩 嶋 泰 空,47,57,6.67,6,0.37,,2-1-3,630,1,2-1,290,1,1-2-3,280,2,1-2,210,1,,,,,,,
20250513,三国,3,みくにあさズ,晴,南東,2,2,1,1,4473,藤 堂 里 香,34,25,6.71,1,0.18,1.50.0,1-3-2,480,1,1-3,220,1,1-2-3,190,1,1-3,130,1,,,,,,,
20250513,三国,3,みくにあさズ,晴,南東,2,2,2,3,4773,中 川 り な,55,49,6.65,3,0.17,1.51.7,1-3-2,480,1,1-3,220,1,1-2-3,190,1,1-3,130,1,,,,,,,
20250513,三国,3,みくにあさズ,晴,南東,2,2,3,2,4098,赤 澤 文 香,58,43,6.77,2,0.21,1.52.6,1-3-2,480,1,1-3,220,1,1-2-3,190,1,1-3,130,1,,,,,,,
20250513,三国,3,みくにあさズ,晴,南東,2,2,4,6,5144,中 尾 彩 香,35,63,6.74,5,0.13,1.54.9,1-3-2,480,1,1-3,220,1,1-2-3,190,1,1-3,130,1,,,,,,,
20250513,三国,3,みくにあさズ,晴,南東,2,2,5,5,5251,沼 田 七 華,20,29,6.72,6,0.12,,1-3-2,480,1,1-3,220,1,1-2-3,190,1,1-3,130,1,,,,,,,
20250513,三国,3,みくにあさズ,晴,南東,2,2,6,4,5184,飯 塚 響,70,24,6.70,4,0.20,,1-3-2,480,1,1-3,220,1,1-2-3,190,1,1-3,130,1,,,,,,,
20250513,三国,4,みくにあさ推,晴,南東,2,2,1,3,4308,河 村 了,27,15,6.76,3,0.12,1.50.2,3-1-4,1170,5,3-1,460,2,1-3-4,340,3,1-3,160,1,,,,,,,
20250513,三国,4,みくにあさ推,晴,南東,2,2,2,1,4105,松 下 直 也,42,59,6.77,1,0.14,1.50.9,3-1-4,1170,5,3-1,460,2,1-3-4,340,3,1-3,160,1,,,,,,,
20250513,三国,4,みくにあさ推,晴,南東,2,2,3,4,4945,上 村 宏 太,32,13,6.78,4,0.07,1.52.1,3-1-4,1170,5,3-1,460,2,1-3-4,340,3,1-3,160,1,,,,,,,
20250513,三国,4,みくにあさ推,晴,南東,2,2,4,5,5185,加 藤 優 弥,41,67,6.77,5,0.03,1.53.5,3-1-4,1170,5,3-1,460,2,1-3-4,340,3,1-3,160,1,,,,,,,
20250513,三国,4,みくにあさ推,晴,南東,2,2,5,2,4329,小 松 卓 司,23,39,6.81,2,0.13,,3-1-4,1170,5,3-1,460,2,1-3-4,340,3,1-3,160,1,,,,,,,
20250513,三国,4,みくにあさ推,晴,南東,2,2,6,6,5320,岩 崎 麗 子,61,58,6.72,6,0.03,,3-1-4,1170,5,3-1,460,2,1-3-4,340,3,1-3,160,1,,,,,,,
20250513,三国,5,予選,晴,南西,2,2,1,1,4269,杉 山 裕 也,67,37,6.60,1,0.01,1.48.7,1-3-2,1400,6,1-3,380,1,1-2-3,540,2,1-3,290,1,,,,,,,
20250513,三国,5,予選,晴,南西,2,2,2,3,4967,中 村 魁 生,24,17,6.71,3,0.03,1.49.9,1-3-2,1400,6,1-3,380,1,1-2-3,540,2,1-3,290,1,,,,,,,
20250513,三国,5,予選,晴,南西,2,2,3,2,3850,小 川 知 行,45,68,6.62,2,0.02,1.51.9,1-3-2,1400,6,1-3,380,1,1-2-3,540,2,1-3,290,1,,,,,,,
20250513,三国,5,予選,晴,南西,2,2,4,4,4460,後 藤 翔 之,14,11,6.68,5,0.07,1.53.2,1-3-2,1400,6,1-3,380,1,1-2-3,540,2,1-3,290,1,,,,,,,
20250513,三国,5,予選,晴,南西,2,2,5,6,3563,堤 昇,36,14,6.72,4,0.06,,1-3-2,1400,6,1-3,380,1,1-2-3,540,2,1-3,290,1,,,,,,,
20250513,三国,5,予選,晴,南西,2,2,6,5,4343,村 岡 賢,39,46,6.68,6,0.09,,1-3-2,1400,6,1-3,380,1,1-2-3,540,2,1-3,290,1,,,,,,,
20250513,三国,6,予選,晴,西,2,2,1,1,3933,山 地 正 樹,18,18,6.70,1,0.13,1.51.7,1-6-5,14710,60,1-6,1960,7,1-5-6,3020,13,1-6,2080,10,,,,,,,
20250513,三国,6,予選,晴,西,2,2,2,6,4544,松 田 大志郎,64,26,6.73,6,0.15,1.53.4,1-6-5,14710,60,1-6,1960,7,1-5-6,3020,13,1-6,2080,10,,,,,,,
20250513,三国,6,予選,晴,西,2,2,3,5,4692,酒 井 俊 弘,46,66,6.69,5,0.12,1.56.6,1-6-5,14710,60,1-6,1960,7,1-5-6,3020,13,1-6,2080,10,,,,,,,
20250513,三国,6,予選,晴,西,2,2,4,4,4512,高 野 哲 史,11,61,6.77,4,0.08,1.58.9,1-6-5,14710,60,1-6,1960,7,1-5-6,3020,13,1-6,2080,10,,,,,,,
20250513,三国,6,予選,晴,西,2,2,5,3,4422,永 井 亮 次,51,56,6.87,3,0.12,,1-6-5,14710,60,1-6,1960,7,1-5-6,3020,13,1-6,2080,10,,,,,,,
20250513,三国,7,予選,晴,西,1,1,1,4,3909,佐々木 康 幸,16,60,6.72,4,0.17,1.49.4,4-6-2,1100,2,4-6,540,2,2-4-6,280,1,4-6,490,2,,,,,,,
20250513,三国,7,予選,晴,西,1,1,2,6,4532,秋 元 哲,17,64,6.87,5,0.15,1.51.2,4-6-2,1100,2,4-6,540,2,2-4-6,280,1,4-6,490,2,,,,,,,
20250513,三国,7,予選,晴,西,1,1,3,2,4588,田 中 京 介,33,28,6.74,2,0.14,1.52.4,4-6-2,1100,2,4-6,540,2,2-4-6,280,1,4-6,490,2,,,,,,,
20250513,三国,7,予選,晴,西,1,1,4,1,4200,早 川 尚 人,26,45,6.83,1,0.14,1.53.9,4-6-2,1100,2,4-6,540,2,2-4-6,280,1,4-6,490,2,,,,,,,
20250513,三国,7,予選,晴,西,1,1,5,5,5282,中 本 大 樹,15,65,6.74,6,0.19,,4-6-2,1100,2,4-6,540,2,2-4-6,280,1,4-6,490,2,,,,,,,
20250513,三国,7,予選,晴,西,1,1,6,3,5144,中 尾 彩 香,35,63,6.82,3,0.19,,4-6-2,1100,2,4-6,540,2,2-4-6,280,1,4-6,490,2,,,,,,,
20250513,三国,8,予選,晴,西,2,2,1,1,4181,花 本 夏 樹,59,50,6.82,1,0.14,1.49.8,1-2-4,1200,2,1-2,840,4,1-2-4,290,1,1-2,250,1,,,,,,,
20250513,三国,8,予選,晴,西,2,2,2,2,4505,島 田 賢 人,60,34,6.84,2,0.15,1.51.2,1-2-4,1200,2,1-2,840,4,1-2-4,290,1,1-2,250,1,,,,,,,
20250513,三国,8,予選,晴,西,2,2,3,4,3415,松 井 繁,50,72,6.80,4,0.22,1.53.2,1-2-4,1200,2,1-2,840,4,1-2-4,290,1,1-2,250,1,,,,,,,
20250513,三国,8,予選,晴,西,2,2,4,3,4105,松 下 直 也,42,59,6.86,3,0.14,1.53.9,1-2-4,1200,2,1-2,840,4,1-2-4,290,1,1-2,250,1,,,,,,,
20250513,三国,8,予選,晴,西,2,2,5,6,4944,田 代 達 也,54,33,6.72,6,0.17,,1-2-4,1200,2,1-2,840,4,1-2-4,290,1,1-2,250,1,,,,,,,
20250513,三国,8,予選,晴,西,2,2,6,5,4098,赤 澤 文 香,58,43,6.82,5,0.22,,1-2-4,1200,2,1-2,840,4,1-2-4,290,1,1-2,250,1,,,,,,,
20250513,三国,9,予選特賞,晴,北西,3,3,1,3,4713,白 神 優,25,32,6.80,3,0.09,1.50.1,3-2-1,2390,9,3-2,840,4,1-2-3,320,1,2-3,520,4,,,,,,,
20250513,三国,9,予選特賞,晴,北西,3,3,2,2,3563,堤 昇,36,14,6.86,2,0.09,1.51.6,3-2-1,2390,9,3-2,840,4,1-2-3,320,1,2-3,520,4,,,,,,,
20250513,三国,9,予選特賞,晴,北西,3,3,3,1,4196,田 中 太一郎,28,20,6.86,1,0.06,1.52.2,3-2-1,2390,9,3-2,840,4,1-2-3,320,1,2-3,520,4,,,,,,,
20250513,三国,9,予選特賞,晴,北西,3,3,4,5,4470,平 田 健之佑,53,19,6.86,5,0.09,1.54.0,3-2-1,2390,9,3-2,840,4,1-2-3,320,1,2-3,520,4,,,,,,,
20250513,三国,9,予選特賞,晴,北西,3,3,5,6,5325,澁 川 夏,12,35,6.86,6,0.17,,3-2-1,2390,9,3-2,840,4,1-2-3,320,1,2-3,520,4,,,,,,,
20250513,三国,9,予選特賞,晴,北西,3,3,6,4,4329,小 松 卓 司,23,39,6.91,4,0.11,,3-2-1,2390,9,3-2,840,4,1-2-3,320,1,2-3,520,4,,,,,,,
20250513,三国,10,予選特賞,晴,北西,3,3,1,2,4512,高 野 哲 史,11,61,6.75,2,0.19,1.49.2,2-1-3,1350,4,2-1,510,2,1-2-3,560,3,1-2,240,1,,,,,,,
20250513,三国,10,予選特賞,晴,北西,3,3,2,1,4407,鹿 島 敏 弘,69,21,6.69,1,0.14,1.51.7,2-1-3,1350,4,2-1,510,2,1-2-3,560,3,1-2,240,1,,,,,,,
20250513,三国,10,予選特賞,晴,北西,3,3,3,3,3771,折 下 寛 法,37,55,6.80,3,0.13,1.52.3,2-1-3,1350,4,2-1,510,2,1-2-3,560,3,1-2,240,1,,,,,,,
20250513,三国,10,予選特賞,晴,北西,3,3,4,5,4967,中 村 魁 生,24,17,6.79,5,0.16,1.53.1,2-1-3,1350,4,2-1,510,2,1-2-3,560,3,1-2,240,1,,,,,,,
20250513,三国,10,予選特賞,晴,北西,3,3,5,4,4773,中 川 り な,55,49,6.72,4,0.19,,2-1-3,1350,4,2-1,510,2,1-2-3,560,3,1-2,240,1,,,,,,,
20250513,三国,10,予選特賞,晴,北西,3,3,6,6,4752,西 尾 亮 輔,13,52,6.73,6,0.18,,2-1-3,1350,4,2-1,510,2,1-2-3,560,3,1-2,240,1,,,,,,,
20250513,三国,11,記者特選,晴,北西,3,3,1,4,4638,小 林 遼 太,63,23,6.74,4,0.13,1.49.9,4-3-5,176700,112,4-3,26500,27,3-4-5,16870,20,3-4,6400,11,,,,,,,
20250513,三国,11,記者特選,晴,北西,3,3,2,3,4473,藤 堂 里 香,34,25,6.78,3,0.13,1.50.8,4-3-5,176700,112,4-3,26500,27,3-4-5,16870,20,3-4,6400,11,,,,,,,
20250513,三国,11,記者特選,晴,北西,3,3,3,5,4600,井 内 将太郎,40,62,6.71,5,0.11,1.51.8,4-3-5,176700,112,4-3,26500,27,3-4-5,16870,20,3-4,6400,11,,,,,,,
20250513,三国,11,記者特選,晴,北西,3,3,4,6,4460,後 藤 翔 之,14,11,6.75,6,0.16,1.51.9,4-3-5,176700,112,4-3,26500,27,3-4-5,16870,20,3-4,6400,11,,,,,,,
20250513,三国,11,記者特選,晴,北西,3,3,5,1,4308,河 村 了,27,15,6.81,1,0.15,,4-3-5,176700,112,4-3,26500,27,3-4-5,16870,20,3-4,6400,11,,,,,,,
20250513,三国,11,記者特選,晴,北西,3,3,6,2,3909,佐々木 康 幸,16,60,6.78,2,0.14,,4-3-5,176700,112,4-3,26500,27,3-4-5,16870,20,3-4,6400,11,,,,,,,
20250513,三国,12,三国選抜,晴,北西,3,3,1,1,3415,松 井 繁,50,72,6.78,1,0.05,1.48.2,1-3-2,1000,2,1-3,340,1,1-2-3,370,1,1-3,440,2,,,,,,,
20250513,三国,12,三国選抜,晴,北西,3,3,2,3,4544,松 田 大志郎,64,26,6.69,3,0.12,1.49.3,1-3-2,1000,2,1-3,340,1,1-2-3,370,1,1-3,440,2,,,,,,,
20250513,三国,12,三国選抜,晴,北西,3,3,3,2,4532,秋 元 哲,17,64,6.77,2,0.09,1.51.1,1-3-2,1000,2,1-3,340,1,1-2-3,370,1,1-3,440,2,,,,,,,
20250513,三国,12,三国選抜,晴,北西,3,3,4,4,4907,小 池 修 平,57,44,6.69,4,0.15,1.51.3,1-3-2,1000,2,1-3,340,1,1-2-3,370,1,1-3,440,2,,,,,,,
20250513,三国,12,三国選抜,晴,北西,3,3,5,6,5084,末 永 和 也,68,42,6.71,6,0.14,,1-3-2,1000,2,1-3,340,1,1-2-3,370,1,1-3,440,2,,,,,,,
20250513,三国,12,三国選抜,晴,北西,3,3,6,5,4269,杉 山 裕 也,67,37,6.74,5,0.14,,1-3-2,1000,2,1-3,340,1,1-2-3,370,1,1-3,440,2,,,,,,,
20250513,下関,1,一般,晴,南西,4,4,1,1,4974,安 井 瑞 紀,20,42,6.80,1,0.21,1.49.3,1-3-5,1280,2,1-3,600,3,1-3-5,430,2,1-3,610,5,,,,,,,
20250513,下関,1,一般,晴,南西,4,4,2,3,3175,渡 辺 千 草,73,14,6.83,3,0.14,1.51.9,1-3-5,1280,2,1-3,600,3,1-3-5,430,2,1-3,610,5,,,,,,,
20250513,下関,1,一般,晴,南西,4,4,3,5,4240,今 井 裕 梨,72,51,6.85,5,0.14,1.52.9,1-3-5,1280,2,1-3,600,3,1-3-5,430,2,1-3,610,5,,,,,,,
20250513,下関,1,一般,晴,南西,4,4,4,2,3509,池 千 夏,16,29,6.82,2,0.19,1.54.2,1-3-5,1280,2,1-3,600,3,1-3-5,430,2,1-3,610,5,,,,,,,
20250513,下関,1,一般,晴,南西,4,4,5,4,5296,永 田 楽,47,60,6.80,4,0.28,,1-3-5,1280,2,1-3,600,3,1-3-5,430,2,1-3,610,5,,,,,,,
20250513,下関,1,一般,晴,南西,4,4,6,6,5387,戸 田 海咲音,50,11,6.84,6,0.10,,1-3-5,1280,2,1-3,600,3,1-3-5,430,2,1-3,610,5,,,,,,,
20250513,下関,2,一般,晴,南西,4,4,1,1,5231,寺 田 空 詩,65,45,6.68,1,0.24,1.49.9,1-2-5,1070,4,1-2,310,2,1-2-5,500,2,1-2,190,1,,,,,,,
20250513,下関,2,一般,晴,南西,4,4,2,2,4764,小 池 礼 乃,14,41,6.72,2,0.22,1.50.9,1-2-5,1070,4,1-2,310,2,1-2-5,500,2,1-2,190,1,,,,,,,
20250513,下関,2,一般,晴,南西,4,4,3,5,4720,西 澤 日花里,28,64,6.78,5,0.22,1.52.6,1-2-5,1070,4,1-2,310,2,1-2-5,500,2,1-2,190,1,,,,,,,
20250513,下関,2,一般,晴,南西,4,4,4,3,5215,石 丸 小 槙,23,43,6.70,3,0.26,1.54.3,1-2-5,1070,4,1-2,310,2,1-2-5,500,2,1-2,190,1,,,,,,,
20250513,下関,2,一般,晴,南西,4,4,5,4,5306,河 内 悠利杏,25,40,6.76,4,0.28,,1-2-5,1070,4,1-2,310,2,1-2-5,500,2,1-2,190,1,,,,,,,
20250513,下関,2,一般,晴,南西,4,4,6,6,5342,原 村 百 那,66,57,6.76,6,0.17,,1-2-5,1070,4,1-2,310,2,1-2-5,500,2,1-2,190,1,,,,,,,
20250513,下関,3,一般,晴,南西,5,5,1,1,5123,福 山 恵里奈,34,46,6.69,1,0.20,1.49.9,1-6-4,2730,11,1-6,790,4,1-4-6,850,4,1-6,590,3,,,,,,,
20250513,下関,3,一般,晴,南西,5,5,2,6,4791,黒 澤 めぐみ,41,67,6.75,6,0.18,1.50.5,1-6-4,2730,11,1-6,790,4,1-4-6,850,4,1-6,590,3,,,,,,,
20250513,下関,3,一般,晴,南西,5,5,3,4,5317,長 尾 萌 加,54,36,6.76,4,0.24,1.53.5,1-6-4,2730,11,1-6,790,4,1-4-6,850,4,1-6,590,3,,,,,,,
20250513,下関,3,一般,晴,南西,5,5,4,3,4924,中 北 涼,21,34,6.81,3,0.30,1.54.2,1-6-4,2730,11,1-6,790,4,1-4-6,850,4,1-6,590,3,,,,,,,
20250513,下関,3,一般,晴,南西,5,5,5,2,5153,佐 藤 ほのか,45,17,6.77,2,0.24,,1-6-4,2730,11,1-6,790,4,1-4-6,850,4,1-6,590,3,,,,,,,
20250513,下関,3,一般,晴,南西,5,5,6,5,5192,中 尾 優 香,17,59,6.74,5,0.23,,1-6-4,2730,11,1-6,790,4,1-4-6,850,4,1-6,590,3,,,,,,,
20250513,下関,4,一般,晴,南西,4,4,1,1,5180,藤 本 紗弥香,67,55,6.73,1,0.21,1.49.3,1-4-2,3160,11,1-4,560,1,1-2-4,970,6,1-4,310,1,,,,,,,
20250513,下関,4,一般,晴,南西,4,4,2,4,5213,湯 淺 紀 香,40,26,6.76,4,0.16,1.50.9,1-4-2,3160,11,1-4,560,1,1-2-4,970,6,1-4,310,1,,,,,,,
20250513,下関,4,一般,晴,南西,4,4,3,2,4694,高 田 綾,62,71,6.74,2,0.29,1.52.2,1-4-2,3160,11,1-4,560,1,1-2-4,970,6,1-4,310,1,,,,,,,
20250513,下関,4,一般,晴,南西,4,4,4,3,4680,後 藤 美 翼,48,50,6.74,3,0.21,1.53.5,1-4-2,3160,11,1-4,560,1,1-2-4,970,6,1-4,310,1,,,,,,,
20250513,下関,4,一般,晴,南西,4,4,5,6,4286,平 田 さやか,43,61,6.75,5,0.15,,1-4-2,3160,11,1-4,560,1,1-2-4,970,6,1-4,310,1,,,,,,,
20250513,下関,4,一般,晴,南西,4,4,6,5,5346,中 村 紋夕梨,69,63,6.77,6,0.19,,1-4-2,3160,11,1-4,560,1,1-2-4,970,6,1-4,310,1,,,,,,,
20250513,下関,5,シーモ 戦,晴,南西,4,4,1,2,5156,坂 野 さくら,59,53,6.72,2,0.15,1.49.5,2-3-1,2670,11,2-3,1700,8,1-2-3,190,1,2-3,500,3,,,,,,,
20250513,下関,5,シーモ 戦,晴,南西,4,4,2,3,4014,片 岡 恵 里,22,28,6.68,3,0.14,1.51.4,2-3-1,2670,11,2-3,1700,8,1-2-3,190,1,2-3,500,3,,,,,,,
20250513,下関,5,シーモ 戦,晴,南西,4,4,3,1,4775,千 葉 真 弥,60,39,6.74,1,0.13,1.52.7,2-3-1,2670,11,2-3,1700,8,1-2-3,190,1,2-3,500,3,,,,,,,
20250513,下関,5,シーモ 戦,晴,南西,4,4,4,5,4479,矢 野 真梨菜,33,24,6.80,5,0.18,1.54.3,2-3-1,2670,11,2-3,1700,8,1-2-3,190,1,2-3,500,3,,,,,,,
20250513,下関,5,シーモ 戦,晴,南西,4,4,5,6,5387,戸 田 海咲音,50,11,6.72,6,0.25,,2-3-1,2670,11,2-3,1700,8,1-2-3,190,1,2-3,500,3,,,,,,,
20250513,下関,5,シーモ 戦,晴,南西,4,4,6,4,5164,森 田 梨 湖,39,38,6.75,4,0.22,,2-3-1,2670,11,2-3,1700,8,1-2-3,190,1,2-3,500,3,,,,,,,
20250513,下関,6,一般,晴,南西,4,4,1,1,4414,大 澤 真 菜,32,69,6.74,1,0.09,1.50.1,1-2-6,910,1,1-2,380,1,1-2-6,400,1,1-2,200,1,,,,,,,
20250513,下関,6,一般,晴,南西,4,4,2,2,4720,西 澤 日花里,28,64,6.77,2,0.15,1.51.4,1-2-6,910,1,1-2,380,1,1-2-6,400,1,1-2,200,1,,,,,,,
20250513,下関,6,一般,晴,南西,4,4,3,6,4372,原 田 佑 実,55,16,6.70,6,0.13,1.53.4,1-2-6,910,1,1-2,380,1,1-2-6,400,1,1-2,200,1,,,,,,,
20250513,下関,6,一般,晴,南西,4,4,4,5,3509,池 千 夏,16,29,6.68,5,0.13,1.54.1,1-2-6,910,1,1-2,380,1,1-2-6,400,1,1-2,200,1,,,,,,,
20250513,下関,6,一般,晴,南西,4,4,5,4,5250,嶋 田 有 里,70,23,6.76,4,0.12,,1-2-6,910,1,1-2,380,1,1-2-6,400,1,1-2,200,1,,,,,,,
20250513,下関,6,一般,晴,南西,4,4,6,3,5306,河 内 悠利杏,25,40,6.74,3,0.13,,1-2-6,910,1,1-2,380,1,1-2-6,400,1,1-2,200,1,,,,,,,
20250513,下関,7,ふく～る 戦,晴,南西,3,3,1,2,5192,中 尾 優 香,17,59,6.73,2,0.08,1.49.1,2-1-4,8020,27,2-1,1960,7,1-2-4,700,3,1-2,300,1,,,,,,,
20250513,下関,7,ふく～る 戦,晴,南西,3,3,2,1,4464,山 下 友 貴,29,33,6.71,1,0.07,1.49.9,2-1-4,8020,27,2-1,1960,7,1-2-4,700,3,1-2,300,1,,,,,,,
20250513,下関,7,ふく～る 戦,晴,南西,3,3,3,4,5334,樫 葉 新 心,36,52,6.70,6,0.08,1.51.7,2-1-4,8020,27,2-1,1960,7,1-2-4,700,3,1-2,300,1,,,,,,,
20250513,下関,7,ふく～る 戦,晴,南西,3,3,4,5,5153,佐 藤 ほのか,45,17,6.79,3,0.11,1.53.8,2-1-4,8020,27,2-1,1960,7,1-2-4,700,3,1-2,300,1,,,,,,,
20250513,下関,7,ふく～る 戦,晴,南西,3,3,5,6,4891,寺 島 美 里,18,47,6.73,5,0.13,,2-1-4,8020,27,2-1,1960,7,1-2-4,700,3,1-2,300,1,,,,,,,
20250513,下関,7,ふく～る 戦,晴,南西,3,3,6,3,5358,増 本 杏 珠,42,18,6.77,4,0.11,,2-1-4,8020,27,2-1,1960,7,1-2-4,700,3,1-2,300,1,,,,,,,
20250513,下関,8,一般 進入固定,晴,南西,3,3,1,1,4784,向井田 真 紀,15,32,6.72,1,0.16,1.48.8,1-3-2,750,1,1-3,300,1,1-2-3,230,1,1-3,170,1,,,,,,,
20250513,下関,8,一般 進入固定,晴,南西,3,3,2,3,5182,宮 崎 安 奈,12,21,6.78,3,0.14,1.49.2,1-3-2,750,1,1-3,300,1,1-2-3,230,1,1-3,170,1,,,,,,,
20250513,下関,8,一般 進入固定,晴,南西,3,3,3,2,4924,中 北 涼,21,34,6.83,2,0.15,1.52.6,1-3-2,750,1,1-3,300,1,1-2-3,230,1,1-3,170,1,,,,,,,
20250513,下関,8,一般 進入固定,晴,南西,3,3,4,4,5162,松 尾 怜 実,46,65,6.74,4,0.17,1.54.2,1-3-2,750,1,1-3,300,1,1-2-3,230,1,1-3,170,1,,,,,,,
20250513,下関,8,一般 進入固定,晴,南西,3,3,5,6,5346,中 村 紋夕梨,69,63,6.73,6,0.15,,1-3-2,750,1,1-3,300,1,1-2-3,230,1,1-3,170,1,,,,,,,
20250513,下関,8,一般 進入固定,晴,南西,3,3,6,5,4694,高 田 綾,62,71,6.68,5,0.12,,1-3-2,750,1,1-3,300,1,1-2-3,230,1,1-3,170,1,,,,,,,
20250513,下関,9,シーモ特選,晴,南西,2,2,1,5,5156,坂 野 さくら,59,53,6.73,5,0.08,1.48.3,5-3-1,25730,56,5-3,9050,18,1-3-5,760,5,3-5,3100,8,,,,,,,
20250513,下関,9,シーモ特選,晴,南西,2,2,2,3,5296,永 田 楽,47,60,6.67,3,0.05,1.49.6,5-3-1,25730,56,5-3,9050,18,1-3-5,760,5,3-5,3100,8,,,,,,,
20250513,下関,9,シーモ特選,晴,南西,2,2,3,1,4791,黒 澤 めぐみ,41,67,6.70,1,0.09,1.51.2,5-3-1,25730,56,5-3,9050,18,1-3-5,760,5,3-5,3100,8,,,,,,,
20250513,下関,9,シーモ特選,晴,南西,2,2,4,2,4479,矢 野 真梨菜,33,24,6.75,2,0.12,1.52.1,5-3-1,25730,56,5-3,9050,18,1-3-5,760,5,3-5,3100,8,,,,,,,
20250513,下関,9,シーモ特選,晴,南西,2,2,5,6,5317,長 尾 萌 加,54,36,6.71,6,0.07,,5-3-1,25730,56,5-3,9050,18,1-3-5,760,5,3-5,3100,8,,,,,,,
20250513,下関,9,シーモ特選,晴,南西,2,2,6,4,4764,小 池 礼 乃,14,41,6.64,4,0.06,,5-3-1,25730,56,5-3,9050,18,1-3-5,760,5,3-5,3100,8,,,,,,,
20250513,下関,10,選抜戦,晴,南西,3,3,1,1,4286,平 田 さやか,43,61,6.75,1,0.17,1.49.1,1-2-3,700,1,1-2,400,2,1-2-3,300,1,1-2,250,1,,,,,,,
20250513,下関,10,選抜戦,晴,南西,3,3,2,2,5180,藤 本 紗弥香,67,55,6.77,2,0.16,1.50.3,1-2-3,700,1,1-2,400,2,1-2-3,300,1,1-2,250,1,,,,,,,
20250513,下関,10,選抜戦,晴,南西,3,3,3,3,4974,安 井 瑞 紀,20,42,6.77,3,0.14,1.51.6,1-2-3,700,1,1-2,400,2,1-2-3,300,1,1-2,250,1,,,,,,,
20250513,下関,10,選抜戦,晴,南西,3,3,4,5,5231,寺 田 空 詩,65,45,6.70,5,0.12,1.51.8,1-2-3,700,1,1-2,400,2,1-2-3,300,1,1-2,250,1,,,,,,,
20250513,下関,10,選抜戦,晴,南西,3,3,5,4,4414,大 澤 真 菜,32,69,6.77,4,0.11,,1-2-3,700,1,1-2,400,2,1-2-3,300,1,1-2,250,1,,,,,,,
20250513,下関,10,選抜戦,晴,南西,3,3,6,6,4014,片 岡 恵 里,22,28,6.73,6,0.16,,1-2-3,700,1,1-2,400,2,1-2-3,300,1,1-2,250,1,,,,,,,
20250513,下関,11,選抜戦,晴,北東,1,1,1,1,4372,原 田 佑 実,55,16,6.67,1,0.16,1.48.0,1-3-2,700,1,1-3,270,1,1-2-3,320,1,1-3,250,1,,,,,,,
20250513,下関,11,選抜戦,晴,北東,1,1,2,3,4464,山 下 友 貴,29,33,6.69,3,0.18,1.49.2,1-3-2,700,1,1-3,270,1,1-2-3,320,1,1-3,250,1,,,,,,,
20250513,下関,11,選抜戦,晴,北東,1,1,3,2,4775,千 葉 真 弥,60,39,6.69,2,0.19,1.51.3,1-3-2,700,1,1-3,270,1,1-2-3,320,1,1-3,250,1,,,,,,,
20250513,下関,11,選抜戦,晴,北東,1,1,4,4,4784,向井田 真 紀,15,32,6.74,4,0.22,1.51.4,1-3-2,700,1,1-3,270,1,1-2-3,320,1,1-3,250,1,,,,,,,
20250513,下関,11,選抜戦,晴,北東,1,1,5,6,5215,石 丸 小 槙,23,43,6.65,6,0.34,,1-3-2,700,1,1-3,270,1,1-2-3,320,1,1-3,250,1,,,,,,,
20250513,下関,11,選抜戦,晴,北東,1,1,6,5,5123,福 山 恵里奈,34,46,6.73,5,0.28,,1-3-2,700,1,1-3,270,1,1-2-3,320,1,1-3,250,1,,,,,,,
20250513,下関,12,優勝戦,晴,北東,1,1,1,2,4117,廣 中 智紗衣,63,62,6.78,2,0.08,1.47.7,2-1-3,1510,3,2-1,500,2,1-2-3,330,1,1-2,180,1,,,,,,,
20250513,下関,12,優勝戦,晴,北東,1,1,2,1,4499,滝 川 真由子,52,35,6.81,1,0.08,1.48.9,2-1-3,1510,3,2-1,500,2,1-2-3,330,1,1-2,180,1,,,,,,,
20250513,下関,12,優勝戦,晴,北東,1,1,3,3,4765,野田部 宏 子,68,27,6.80,3,0.08,1.51.2,2-1-3,1510,3,2-1,500,2,1-2-3,330,1,1-2,180,1,,,,,,,
20250513,下関,12,優勝戦,晴,北東,1,1,4,4,5079,大 石 真 央,53,20,6.81,4,0.16,1.51.7,2-1-3,1510,3,2-1,500,2,1-2-3,330,1,1-2,180,1,,,,,,,
20250513,下関,12,優勝戦,晴,北東,1,1,5,5,4819,蜂 須 瑞 生,24,12,6.80,5,0.16,,2-1-3,1510,3,2-1,500,2,1-2-3,330,1,1-2,180,1,,,,,,,
20250513,下関,12,優勝戦,晴,北東,1,1,6,6,4443,津 田 裕 絵,13,48,6.86,6,0.25,,2-1-3,1510,3,2-1,500,2,1-2-3,330,1,1-2,180,1,,,,,,,
20250513,住之江,1,予選,晴,北,2,1,1,1,3951,石 川 吉 鎬,11,30,6.83,1,0.15,1.49.4,1-4-2,1160,8,1-4,430,2,1-2-4,380,2,1-4,280,2,,,,,,,
20250513,住之江,1,予選,晴,北,2,1,2,4,4152,深 水 慎一郎,89,35,6.86,4,0.14,1.50.9,1-4-2,1160,8,1-4,430,2,1-2-4,380,2,1-4,280,2,,,,,,,
20250513,住之江,1,予選,晴,北,2,1,3,2,5183,中 野 孝 二,28,29,6.85,2,0.18,1.52.3,1-4-2,1160,8,1-4,430,2,1-2-4,380,2,1-4,280,2,,,,,,,
20250513,住之江,1,予選,晴,北,2,1,4,3,4574,東 潤 樹,59,56,6.84,3,0.15,1.52.7,1-4-2,1160,8,1-4,430,2,1-2-4,380,2,1-4,280,2,,,,,,,
20250513,住之江,1,予選,晴,北,2,1,5,5,3445,加 藤 高 史,35,57,6.79,5,0.12,1.54.2,1-4-2,1160,8,1-4,430,2,1-2-4,380,2,1-4,280,2,,,,,,,
20250513,住之江,1,予選,晴,北,2,1,6,6,5318,河 内 一 馬,64,33,6.87,6,0.11,1.55.5,1-4-2,1160,8,1-4,430,2,1-2-4,380,2,1-4,280,2,,,,,,,
20250513,住之江,2,予選,晴,無風,0,1,1,2,4261,岡 祐 臣,81,63,6.85,2,0.21,1.49.1,2-1-4,880,1,2-1,290,1,1-2-4,260,1,1-2,240,1,,,,,,,
20250513,住之江,2,予選,晴,無風,0,1,2,1,3775,泉 啓 文,25,11,6.82,1,0.14,1.50.0,2-1-4,880,1,2-1,290,1,1-2-4,260,1,1-2,240,1,,,,,,,
20250513,住之江,2,予選,晴,無風,0,1,3,4,3349,吉 田 一 郎,57,19,6.82,4,0.18,1.52.0,2-1-4,880,1,2-1,290,1,1-2-4,260,1,1-2,240,1,,,,,,,
20250513,住之江,2,予選,晴,無風,0,1,4,3,3973,崎 利 仁,32,60,6.84,3,0.18,1.53.7,2-1-4,880,1,2-1,290,1,1-2-4,260,1,1-2,240,1,,,,,,,
20250513,住之江,2,予選,晴,無風,0,1,5,6,5388,佐 野 優 都,23,21,6.83,6,0.11,1.54.9,2-1-4,880,1,2-1,290,1,1-2-4,260,1,1-2,240,1,,,,,,,
20250513,住之江,2,予選,晴,無風,0,1,6,5,3863,海老澤 泰 行,19,68,6.81,5,0.10,1.56.2,2-1-4,880,1,2-1,290,1,1-2-4,260,1,1-2,240,1,,,,,,,
20250513,住之江,3,予選,晴,無風,0,1,1,2,4977,馬 野 耀,52,18,6.84,3,0.18,1.57.2,2-3-1,8160,33,2-3,1100,5,1-2-3,830,5,2-3,990,5,,,,,,,
20250513,住之江,3,予選,晴,無風,0,1,2,3,3793,高 橋 真 吾,61,70,6.88,4,0.17,2.00.5,2-3-1,8160,33,2-3,1100,5,1-2-3,830,5,2-3,990,5,,,,,,,
20250513,住之江,3,予選,晴,無風,0,1,3,1,5307,富 永 夏哉人,36,24,6.71,1,0.27,2.03.8,2-3-1,8160,33,2-3,1100,5,1-2-3,830,5,2-3,990,5,,,,,,,
20250513,住之江,3,予選,晴,無風,0,1,4,5,5336,瀬 川 大 地,80,90,6.87,6,0.25,2.07.5,2-3-1,8160,33,2-3,1100,5,1-2-3,830,5,2-3,990,5,,,,,,,
20250513,住之江,4,予選,晴,無風,0,1,1,3,4305,金 子 拓 矢,72,87,6.84,3,0.09,1.48.9,3-5-2,1840,5,3-5,610,2,2-3-5,580,3,3-5,410,2,,,,,,,
20250513,住之江,4,予選,晴,無風,0,1,2,5,4171,榎 幸 司,75,89,7.05,4,0.17,1.50.8,3-5-2,1840,5,3-5,610,2,2-3-5,580,3,3-5,410,2,,,,,,,
20250513,住之江,4,予選,晴,無風,0,1,3,2,4339,平 瀬 城 啓,38,78,6.84,2,0.12,1.51.3,3-5-2,1840,5,3-5,610,2,2-3-5,580,3,3-5,410,2,,,,,,,
20250513,住之江,4,予選,晴,無風,0,1,4,6,3661,柳 瀬 興 志,74,16,6.89,5,0.12,1.52.7,3-5-2,1840,5,3-5,610,2,2-3-5,580,3,3-5,410,2,,,,,,,
20250513,住之江,4,予選,晴,無風,0,1,5,1,3587,武 田 信 一,73,91,6.86,1,0.09,1.54.5,3-5-2,1840,5,3-5,610,2,2-3-5,580,3,3-5,410,2,,,,,,,
20250513,住之江,4,予選,晴,無風,0,1,6,4,5350,網 代 良 芽,70,15,6.82,6,0.16,1.56.5,3-5-2,1840,5,3-5,610,2,2-3-5,580,3,3-5,410,2,,,,,,,
20250513,住之江,5,住之江ファイ,晴,南,2,1,1,1,5267,石 本 裕 武,16,55,6.77,1,0.15,1.49.1,1-5-2,3260,11,1-5,1390,4,1-2-5,890,4,1-5,1120,4,,,,,,,
20250513,住之江,5,住之江ファイ,晴,南,2,1,2,5,4219,本 岡 勝 利,20,61,6.88,4,0.06,1.51.0,1-5-2,3260,11,1-5,1390,4,1-2-5,890,4,1-5,1120,4,,,,,,,
20250513,住之江,5,住之江ファイ,晴,南,2,1,3,2,4876,梅 木 敬 太,90,65,6.84,2,0.12,1.52.0,1-5-2,3260,11,1-5,1390,4,1-2-5,890,4,1-5,1120,4,,,,,,,
20250513,住之江,5,住之江ファイ,晴,南,2,1,4,3,5214,田 中 宏 典,76,88,6.89,3,0.09,1.52.4,1-5-2,3260,11,1-5,1390,4,1-2-5,890,4,1-5,1120,4,,,,,,,
20250513,住之江,5,住之江ファイ,晴,南,2,1,5,6,3717,立 間 充 宏,79,76,6.84,5,0.03,1.53.9,1-5-2,3260,11,1-5,1390,4,1-2-5,890,4,1-5,1120,4,,,,,,,
20250513,住之江,5,住之江ファイ,晴,南,2,1,6,4,5318,河 内 一 馬,64,33,6.87,6,0.04,1.56.1,1-5-2,3260,11,1-5,1390,4,1-2-5,890,4,1-5,1120,4,,,,,,,
20250513,住之江,6,予選特別Ｂ戦,晴,南東,1,1,1,3,3388,今 垣 光太郎,58,66,6.79,4,0.10,1.56.4,3-1-5,1390,4,3-1,470,2,1-3-5,460,1,1-3,280,1,,,,,,,
20250513,住之江,6,予選特別Ｂ戦,晴,南東,1,1,2,1,4725,佐 竹 太 一,86,94,6.82,1,0.04,1.59.4,3-1-5,1390,4,3-1,470,2,1-3-5,460,1,1-3,280,1,,,,,,,
20250513,住之江,6,予選特別Ｂ戦,晴,南東,1,1,3,5,4133,高 橋 正 男,30,50,6.86,6,0.24,2.01.1,3-1-5,1390,4,3-1,470,2,1-3-5,460,1,1-3,280,1,,,,,,,
20250513,住之江,6,予選特別Ｂ戦,晴,南東,1,1,4,6,3349,吉 田 一 郎,57,19,6.83,2,0.24,2.03.3,3-1-5,1390,4,3-1,470,2,1-3-5,460,1,1-3,280,1,,,,,,,
20250513,住之江,6,予選特別Ｂ戦,晴,南東,1,1,5,2,4995,田 邉 亮 蔵,14,37,6.83,3,0.21,2.07.4,3-1-5,1390,4,3-1,470,2,1-3-5,460,1,1-3,280,1,,,,,,,
20250513,住之江,7,予選,晴,無風,0,1,1,1,3863,海老澤 泰 行,19,68,6.84,1,0.20,1.49.1,1-4-2,890,1,1-4,380,1,1-2-4,210,1,1-4,280,1,,,,,,,
20250513,住之江,7,予選,晴,無風,0,1,2,4,3783,瓜 生 正 義,51,83,6.81,4,0.16,1.50.4,1-4-2,890,1,1-4,380,1,1-2-4,210,1,1-4,280,1,,,,,,,
20250513,住之江,7,予選,晴,無風,0,1,3,2,4210,松 村 康 太,67,53,6.87,2,0.24,1.52.0,1-4-2,890,1,1-4,380,1,1-2-4,210,1,1-4,280,1,,,,,,,
20250513,住之江,7,予選,晴,無風,0,1,4,5,4574,東 潤 樹,59,56,6.83,5,0.14,1.52.9,1-4-2,890,1,1-4,380,1,1-2-4,210,1,1-4,280,1,,,,,,,
20250513,住之江,7,予選,晴,無風,0,1,5,6,3860,松 本 浩 貴,15,85,6.88,6,0.14,1.54.1,1-4-2,890,1,1-4,380,1,1-2-4,210,1,1-4,280,1,,,,,,,
20250513,住之江,7,予選,晴,無風,0,1,6,3,3284,渡 邊 伸太郎,68,71,6.92,3,0.20,1.56.6,1-4-2,890,1,1-4,380,1,1-2-4,210,1,1-4,280,1,,,,,,,
20250513,住之江,8,予選,晴,無風,0,1,1,1,3956,横 澤 剛 治,60,80,6.81,1,0.11,1.48.8,1-6-4,7690,17,1-6,3580,8,1-4-6,810,2,1-6,3970,5,,,,,,,
20250513,住之江,8,予選,晴,無風,0,1,2,6,3793,高 橋 真 吾,61,70,6.92,6,0.14,1.49.9,1-6-4,7690,17,1-6,3580,8,1-4-6,810,2,1-6,3970,5,,,,,,,
20250513,住之江,8,予選,晴,無風,0,1,3,4,3951,石 川 吉 鎬,11,30,6.87,4,0.12,1.51.7,1-6-4,7690,17,1-6,3580,8,1-4-6,810,2,1-6,3970,5,,,,,,,
20250513,住之江,8,予選,晴,無風,0,1,4,2,5350,網 代 良 芽,70,15,6.80,2,0.14,1.53.1,1-6-4,7690,17,1-6,3580,8,1-4-6,810,2,1-6,3970,5,,,,,,,
20250513,住之江,8,予選,晴,無風,0,1,5,5,5388,佐 野 優 都,23,21,6.84,5,0.11,1.53.4,1-6-4,7690,17,1-6,3580,8,1-4-6,810,2,1-6,3970,5,,,,,,,
20250513,住之江,8,予選,晴,無風,0,1,6,3,3333,丸 尾 義 孝,53,23,6.82,3,0.16,1.54.8,1-6-4,7690,17,1-6,3580,8,1-4-6,810,2,1-6,3970,5,,,,,,,
20250513,住之江,9,予選,晴,無風,0,1,1,3,4199,北 川 潤 二,69,62,6.86,3,0.09,1.49.4,3-2-1,3360,12,3-2,1810,7,1-2-3,250,1,2-3,1220,3,,,,,,,
20250513,住之江,9,予選,晴,無風,0,1,2,2,4152,深 水 慎一郎,89,35,6.86,2,0.11,1.50.5,3-2-1,3360,12,3-2,1810,7,1-2-3,250,1,2-3,1220,3,,,,,,,
20250513,住之江,9,予選,晴,無風,0,1,3,1,5125,高 井 雄 基,78,28,6.84,1,0.09,1.51.2,3-2-1,3360,12,3-2,1810,7,1-2-3,250,1,2-3,1220,3,,,,,,,
20250513,住之江,9,予選,晴,無風,0,1,4,6,3703,鳥 飼 眞,65,25,6.83,6,0.24,1.53.1,3-2-1,3360,12,3-2,1810,7,1-2-3,250,1,2-3,1220,3,,,,,,,
20250513,住之江,9,予選,晴,無風,0,1,5,4,4167,片 岡 秀 樹,77,79,6.83,4,0.11,1.53.9,3-2-1,3360,12,3-2,1810,7,1-2-3,250,1,2-3,1220,3,,,,,,,
20250513,住之江,9,予選,晴,無風,0,1,6,5,3973,崎 利 仁,32,60,6.90,5,0.17,1.55.7,3-2-1,3360,12,3-2,1810,7,1-2-3,250,1,2-3,1220,3,,,,,,,
20250513,住之江,10,予選特別Ｂ戦,晴,南,1,1,1,1,4089,妹 尾 忠 幸,34,73,6.84,1,0.12,1.48.7,1-3-2,990,4,1-3,390,2,1-2-3,300,1,1-3,520,2,,,,,,,
20250513,住之江,10,予選特別Ｂ戦,晴,南,1,1,2,3,3445,加 藤 高 史,35,57,6.81,3,0.09,1.50.2,1-3-2,990,4,1-3,390,2,1-2-3,300,1,1-3,520,2,,,,,,,
20250513,住之江,10,予選特別Ｂ戦,晴,南,1,1,3,2,4640,山ノ内 雅 人,83,84,6.84,2,0.10,1.51.7,1-3-2,990,4,1-3,390,2,1-2-3,300,1,1-3,520,2,,,,,,,
20250513,住之江,10,予選特別Ｂ戦,晴,南,1,1,4,6,4247,齊 藤 優,85,51,6.84,6,0.18,1.53.5,1-3-2,990,4,1-3,390,2,1-2-3,300,1,1-3,520,2,,,,,,,
20250513,住之江,10,予選特別Ｂ戦,晴,南,1,1,5,4,3661,柳 瀬 興 志,74,16,6.86,4,0.09,1.53.7,1-3-2,990,4,1-3,390,2,1-2-3,300,1,1-3,520,2,,,,,,,
20250513,住之江,10,予選特別Ｂ戦,晴,南,1,1,6,5,4323,山 田 佑 樹,33,72,6.85,5,0.12,1.55.5,1-3-2,990,4,1-3,390,2,1-2-3,300,1,1-3,520,2,,,,,,,
20250513,住之江,11,予選特別Ａ戦,晴,無風,0,1,1,1,4441,末 永 由 楽,66,34,6.80,1,0.08,1.49.2,1-3-2,2670,10,1-3,720,3,1-2-3,490,3,1-3,520,3,,,,,,,
20250513,住之江,11,予選特別Ａ戦,晴,無風,0,1,2,3,5307,富 永 夏哉人,36,24,6.76,3,0.13,1.50.2,1-3-2,2670,10,1-3,720,3,1-2-3,490,3,1-3,520,3,,,,,,,
20250513,住之江,11,予選特別Ａ戦,晴,無風,0,1,3,2,4171,榎 幸 司,75,89,6.91,2,0.11,1.52.2,1-3-2,2670,10,1-3,720,3,1-2-3,490,3,1-3,520,3,,,,,,,
20250513,住之江,11,予選特別Ａ戦,晴,無風,0,1,4,4,4188,久 田 敏 之,56,95,6.88,4,0.11,1.52.3,1-3-2,2670,10,1-3,720,3,1-2-3,490,3,1-3,520,3,,,,,,,
20250513,住之江,11,予選特別Ａ戦,晴,無風,0,1,5,5,4210,松 村 康 太,67,53,6.90,5,0.14,1.54.4,1-3-2,2670,10,1-3,720,3,1-2-3,490,3,1-3,520,3,,,,,,,
20250513,住之江,11,予選特別Ａ戦,晴,無風,0,1,6,6,5183,中 野 孝 二,28,29,6.83,6,0.20,1.55.7,1-3-2,2670,10,1-3,720,3,1-2-3,490,3,1-3,520,3,,,,,,,
20250513,住之江,12,スポニチＤＲ,晴,無風,0,1,1,1,3783,瓜 生 正 義,51,83,6.82,1,0.14,1.48.4,1-5-4,4480,15,1-5,1310,5,1-4-5,1320,6,1-5,640,4,,,,,,,
20250513,住之江,12,スポニチＤＲ,晴,無風,0,1,2,5,4305,金 子 拓 矢,72,87,6.85,5,0.11,1.49.4,1-5-4,4480,15,1-5,1310,5,1-4-5,1320,6,1-5,640,4,,,,,,,
20250513,住之江,12,スポニチＤＲ,晴,無風,0,1,3,4,4977,馬 野 耀,52,18,6.83,4,0.13,1.51.1,1-5-4,4480,15,1-5,1310,5,1-4-5,1320,6,1-5,640,4,,,,,,,
20250513,住之江,12,スポニチＤＲ,晴,無風,0,1,4,2,3388,今 垣 光太郎,58,66,6.88,2,0.18,1.51.9,1-5-4,4480,15,1-5,1310,5,1-4-5,1320,6,1-5,640,4,,,,,,,
20250513,住之江,12,スポニチＤＲ,晴,無風,0,1,5,3,3956,横 澤 剛 治,60,80,6.84,3,0.15,1.53.8,1-5-4,4480,15,1-5,1310,5,1-4-5,1320,6,1-5,640,4,,,,,,,
20250513,住之江,12,スポニチＤＲ,晴,無風,0,1,6,6,4261,岡 祐 臣,81,63,6.87,6,0.19,1.55.7,1-5-4,4480,15,1-5,1310,5,1-4-5,1320,6,1-5,640,4,,,,,,,
20250513,児島,1,朝得ガァ～コ,晴,北西,3,3,1,2,5181,森 智 哉,51,15,6.87,2,0.01,1.48.0,2-1-3,9160,20,2-1,1200,4,1-2-3,520,2,1-2,200,1,,,,,,,
20250513,児島,1,朝得ガァ～コ,晴,北西,3,3,2,1,4096,石 橋 道 友,60,65,6.79,1,0.02,1.50.1,2-1-3,9160,20,2-1,1200,4,1-2-3,520,2,1-2,200,1,,,,,,,
20250513,児島,1,朝得ガァ～コ,晴,北西,3,3,3,3,3454,井 川 大 作,63,32,6.96,3,0.01,1.51.8,2-1-3,9160,20,2-1,1200,4,1-2-3,520,2,1-2,200,1,,,,,,,
20250513,児島,1,朝得ガァ～コ,晴,北西,3,3,4,4,4560,庄 司 樹良々,18,61,6.92,4,0.03,1.52.8,2-1-3,9160,20,2-1,1200,4,1-2-3,520,2,1-2,200,1,,,,,,,
20250513,児島,1,朝得ガァ～コ,晴,北西,3,3,5,5,3226,浦 田 信 義,24,49,6.94,5,0.06,,2-1-3,9160,20,2-1,1200,4,1-2-3,520,2,1-2,200,1,,,,,,,
20250513,児島,1,朝得ガァ～コ,晴,北西,3,3,6,6,4837,酒 井 陽 祐,22,72,6.97,6,0.11,,2-1-3,9160,20,2-1,1200,4,1-2-3,520,2,1-2,200,1,,,,,,,
20250513,児島,2,予選,晴,南,2,3,1,1,4355,小 川 広 大,29,25,6.88,1,0.10,1.49.2,1-5-2,2830,11,1-5,1550,7,1-2-5,480,1,1-5,760,6,,,,,,,
20250513,児島,2,予選,晴,南,2,3,2,5,3711,江 本 真 治,44,39,6.87,5,0.09,1.50.1,1-5-2,2830,11,1-5,1550,7,1-2-5,480,1,1-5,760,6,,,,,,,
20250513,児島,2,予選,晴,南,2,3,3,2,4380,鈴 木 峻 佑,53,63,6.81,2,0.13,1.51.7,1-5-2,2830,11,1-5,1550,7,1-2-5,480,1,1-5,760,6,,,,,,,
20250513,児島,2,予選,晴,南,2,3,4,4,4023,柴 田 友 和,33,74,6.90,4,0.14,1.52.8,1-5-2,2830,11,1-5,1550,7,1-2-5,480,1,1-5,760,6,,,,,,,
20250513,児島,2,予選,晴,南,2,3,5,3,3868,尾 形 栄 治,25,56,6.85,3,0.15,,1-5-2,2830,11,1-5,1550,7,1-2-5,480,1,1-5,760,6,,,,,,,
20250513,児島,2,予選,晴,南,2,3,6,6,5309,森 雄 利,14,46,6.90,6,0.07,,1-5-2,2830,11,1-5,1550,7,1-2-5,480,1,1-5,760,6,,,,,,,
20250513,児島,3,予選,晴,南西,4,3,1,1,5258,仲 本 舜,32,37,6.88,1,0.23,1.49.0,1-4-2,3820,16,1-4,1920,10,1-2-4,670,1,1-4,1150,5,,,,,,,
20250513,児島,3,予選,晴,南西,4,3,2,4,4293,鈴 木 智 啓,38,36,6.89,4,0.20,1.51.7,1-4-2,3820,16,1-4,1920,10,1-2-4,670,1,1-4,1150,5,,,,,,,
20250513,児島,3,予選,晴,南西,4,3,3,2,4650,中 山 雄 太,35,60,6.80,2,0.18,1.52.7,1-4-2,3820,16,1-4,1920,10,1-2-4,670,1,1-4,1150,5,,,,,,,
20250513,児島,3,予選,晴,南西,4,3,4,6,4144,石 塚 久 也,50,18,6.83,6,0.22,1.53.4,1-4-2,3820,16,1-4,1920,10,1-2-4,670,1,1-4,1150,5,,,,,,,
20250513,児島,3,予選,晴,南西,4,3,5,5,4314,青 木 幸太郎,58,44,6.83,5,0.19,,1-4-2,3820,16,1-4,1920,10,1-2-4,670,1,1-4,1150,5,,,,,,,
20250513,児島,3,予選,晴,南西,4,3,6,3,4213,重 富 伸 也,65,58,6.81,3,0.24,,1-4-2,3820,16,1-4,1920,10,1-2-4,670,1,1-4,1150,5,,,,,,,
20250513,児島,4,コジマだ４っ,晴,南西,3,3,1,6,4467,渡 邉 俊 介,40,35,6.77,5,0.13,1.48.5,6-5-4,2000,8,6-5,1190,7,4-5-6,370,2,5-6,740,6,,,,,,,
20250513,児島,4,コジマだ４っ,晴,南西,3,3,2,5,4872,山 下 流 心,30,13,6.79,4,0.11,1.49.8,6-5-4,2000,8,6-5,1190,7,4-5-6,370,2,5-6,740,6,,,,,,,
20250513,児島,4,コジマだ４っ,晴,南西,3,3,3,4,4580,長谷川 雅 和,27,51,6.84,3,0.18,1.52.2,6-5-4,2000,8,6-5,1190,7,4-5-6,370,2,5-6,740,6,,,,,,,
20250513,児島,4,コジマだ４っ,晴,南西,3,3,4,1,4201,佐 竹 友 樹,17,62,6.85,1,0.29,1.53.0,6-5-4,2000,8,6-5,1190,7,4-5-6,370,2,5-6,740,6,,,,,,,
20250513,児島,4,コジマだ４っ,晴,南西,3,3,5,2,5284,嘉手苅 徹 哉,12,67,6.81,2,0.24,,6-5-4,2000,8,6-5,1190,7,4-5-6,370,2,5-6,740,6,,,,,,,
20250513,児島,5,日替艇食戦,晴,南,4,3,1,3,3623,深 川 真 二,42,66,6.76,3,0.10,1.49.7,3-4-2,5200,18,3-4,1530,9,2-3-4,840,3,3-4,800,4,,,,,,,
20250513,児島,5,日替艇食戦,晴,南,4,3,2,4,4082,濱 崎 誠,11,22,6.77,5,0.09,1.50.4,3-4-2,5200,18,3-4,1530,9,2-3-4,840,3,3-4,800,4,,,,,,,
20250513,児島,5,日替艇食戦,晴,南,4,3,3,2,3265,今 村 暢 孝,52,26,6.77,2,0.18,1.52.0,3-4-2,5200,18,3-4,1530,9,2-3-4,840,3,3-4,800,4,,,,,,,
20250513,児島,5,日替艇食戦,晴,南,4,3,4,6,5039,倉 田 茂 将,59,38,6.80,4,0.10,1.52.7,3-4-2,5200,18,3-4,1530,9,2-3-4,840,3,3-4,800,4,,,,,,,
20250513,児島,5,日替艇食戦,晴,南,4,3,5,5,5063,大 塚 雅 治,64,43,6.79,6,0.17,,3-4-2,5200,18,3-4,1530,9,2-3-4,840,3,3-4,800,4,,,,,,,
20250513,児島,5,日替艇食戦,晴,南,4,3,6,1,4837,酒 井 陽 祐,22,72,6.76,1,0.19,,3-4-2,5200,18,3-4,1530,9,2-3-4,840,3,3-4,800,4,,,,,,,
20250513,児島,6,昼得クラリス,晴,南西,3,3,1,2,4485,楠 原 正 剛,31,30,6.75,2,0.30,1.48.5,2-3-1,9960,18,2-3,6090,11,1-2-3,250,1,2-3,3420,5,,,,,,,
20250513,児島,6,昼得クラリス,晴,南西,3,3,2,3,4652,酒 見 峻 介,41,31,6.87,3,0.12,1.50.6,2-3-1,9960,18,2-3,6090,11,1-2-3,250,1,2-3,3420,5,,,,,,,
20250513,児島,6,昼得クラリス,晴,南西,3,3,3,1,4296,岡 崎 恭 裕,49,42,6.77,1,0.22,1.51.7,2-3-1,9960,18,2-3,6090,11,1-2-3,250,1,2-3,3420,5,,,,,,,
20250513,児島,6,昼得クラリス,晴,南西,3,3,4,4,3439,大 平 誉史明,28,21,6.87,4,0.16,1.52.5,2-3-1,9960,18,2-3,6090,11,1-2-3,250,1,2-3,3420,5,,,,,,,
20250513,児島,6,昼得クラリス,晴,南西,3,3,5,6,5181,森 智 哉,51,15,6.80,6,0.11,,2-3-1,9960,18,2-3,6090,11,1-2-3,250,1,2-3,3420,5,,,,,,,
20250513,児島,6,昼得クラリス,晴,南西,3,3,6,5,5309,森 雄 利,14,46,6.84,5,0.15,,2-3-1,9960,18,2-3,6090,11,1-2-3,250,1,2-3,3420,5,,,,,,,
20250513,児島,7,予選,晴,南西,3,3,1,1,4813,宮 内 直 哉,26,57,6.84,1,0.14,1.49.5,1-5-2,3380,6,1-5,1220,5,1-2-5,700,2,1-5,750,3,,,,,,,
20250513,児島,7,予選,晴,南西,3,3,2,5,4886,入 海 馨,39,12,6.74,5,0.13,1.49.8,1-5-2,3380,6,1-5,1220,5,1-2-5,700,2,1-5,750,3,,,,,,,
20250513,児島,7,予選,晴,南西,3,3,3,2,4303,牧 原 崇,67,19,6.80,2,0.21,1.51.7,1-5-2,3380,6,1-5,1220,5,1-2-5,700,2,1-5,750,3,,,,,,,
20250513,児島,7,予選,晴,南西,3,3,4,3,4314,青 木 幸太郎,58,44,6.81,3,0.13,1.53.3,1-5-2,3380,6,1-5,1220,5,1-2-5,700,2,1-5,750,3,,,,,,,
20250513,児島,7,予選,晴,南西,3,3,5,4,4380,鈴 木 峻 佑,53,63,6.77,4,0.11,,1-5-2,3380,6,1-5,1220,5,1-2-5,700,2,1-5,750,3,,,,,,,
20250513,児島,7,予選,晴,南西,3,3,6,6,4718,北 川 太 一,13,14,6.85,6,0.16,,1-5-2,3380,6,1-5,1220,5,1-2-5,700,2,1-5,750,3,,,,,,,
20250513,児島,8,予選,晴,南,3,3,1,4,4096,石 橋 道 友,60,65,6.83,4,0.11,1.49.0,4-5-1,2980,12,4-5,1050,6,1-4-5,1130,6,4-5,760,4,,,,,,,
20250513,児島,8,予選,晴,南,3,3,2,5,3930,岸 本 隆,23,11,6.83,5,0.10,1.50.2,4-5-1,2980,12,4-5,1050,6,1-4-5,1130,6,4-5,760,4,,,,,,,
20250513,児島,8,予選,晴,南,3,3,3,1,4708,半 田 尚 也,57,28,6.88,1,0.04,1.51.6,4-5-1,2980,12,4-5,1050,6,1-4-5,1130,6,4-5,760,4,,,,,,,
20250513,児島,8,予選,晴,南,3,3,4,2,3711,江 本 真 治,44,39,6.79,2,0.11,1.52.3,4-5-1,2980,12,4-5,1050,6,1-4-5,1130,6,4-5,760,4,,,,,,,
20250513,児島,8,予選,晴,南,3,3,5,6,5284,嘉手苅 徹 哉,12,67,6.77,6,0.12,,4-5-1,2980,12,4-5,1050,6,1-4-5,1130,6,4-5,760,4,,,,,,,
20250513,児島,8,予選,晴,南,3,3,6,3,4273,佐 藤 旭,62,24,6.77,3,0.05,,4-5-1,2980,12,4-5,1050,6,1-4-5,1130,6,4-5,760,4,,,,,,,
20250513,児島,9,予選特賞,晴,南西,4,3,1,1,4398,船 岡 洋一郎,61,40,6.71,1,0.15,1.49.6,1-4-2,830,3,1-4,240,1,1-2-4,480,3,1-4,250,2,,,,,,,
20250513,児島,9,予選特賞,晴,南西,4,3,2,4,4467,渡 邉 俊 介,40,35,6.72,4,0.11,1.50.4,1-4-2,830,3,1-4,240,1,1-2-4,480,3,1-4,250,2,,,,,,,
20250513,児島,9,予選特賞,晴,南西,4,3,3,2,3454,井 川 大 作,63,32,6.78,2,0.14,1.51.7,1-4-2,830,3,1-4,240,1,1-2-4,480,3,1-4,250,2,,,,,,,
20250513,児島,9,予選特賞,晴,南西,4,3,4,3,4293,鈴 木 智 啓,38,36,6.80,3,0.15,1.52.4,1-4-2,830,3,1-4,240,1,1-2-4,480,3,1-4,250,2,,,,,,,
20250513,児島,9,予選特賞,晴,南西,4,3,5,6,3948,大 町 利 克,46,53,6.85,6,0.16,,1-4-2,830,3,1-4,240,1,1-2-4,480,3,1-4,250,2,,,,,,,
20250513,児島,9,予選特賞,晴,南西,4,3,6,5,4355,小 川 広 大,29,25,6.83,5,0.14,,1-4-2,830,3,1-4,240,1,1-2-4,480,3,1-4,250,2,,,,,,,
20250513,児島,10,予選特賞,晴,南西,3,3,1,2,4566,塩 田 北 斗,36,27,6.67,3,0.11,1.48.6,2-1-4,2350,4,2-1,530,1,1-2-4,1040,6,1-2,370,1,,,,,,,
20250513,児島,10,予選特賞,晴,南西,3,3,2,1,4560,庄 司 樹良々,18,61,6.80,1,0.09,1.49.4,2-1-4,2350,4,2-1,530,1,1-2-4,1040,6,1-2,370,1,,,,,,,
20250513,児島,10,予選特賞,晴,南西,3,3,3,4,4872,山 下 流 心,30,13,6.68,5,0.16,1.51.5,2-1-4,2350,4,2-1,530,1,1-2-4,1040,6,1-2,370,1,,,,,,,
20250513,児島,10,予選特賞,晴,南西,3,3,4,6,4650,中 山 雄 太,35,60,6.81,6,0.12,1.52.3,2-1-4,2350,4,2-1,530,1,1-2-4,1040,6,1-2,370,1,,,,,,,
20250513,児島,10,予選特賞,晴,南西,3,3,5,5,3265,今 村 暢 孝,52,26,6.83,2,0.10,,2-1-4,2350,4,2-1,530,1,1-2-4,1040,6,1-2,370,1,,,,,,,
20250513,児島,10,予選特賞,晴,南西,3,3,6,3,3439,大 平 誉史明,28,21,6.80,4,0.15,,2-1-4,2350,4,2-1,530,1,1-2-4,1040,6,1-2,370,1,,,,,,,
20250513,児島,11,予選特選,晴,南東,4,3,1,1,3623,深 川 真 二,42,66,6.82,1,0.09,1.48.8,1-2-5,2150,9,1-2,220,1,1-2-5,1840,8,1-2,230,1,,,,,,,
20250513,児島,11,予選特選,晴,南東,4,3,2,2,4580,長谷川 雅 和,27,51,6.78,2,0.10,1.49.6,1-2-5,2150,9,1-2,220,1,1-2-5,1840,8,1-2,230,1,,,,,,,
20250513,児島,11,予選特選,晴,南東,4,3,3,5,4023,柴 田 友 和,33,74,6.75,5,0.10,1.50.8,1-2-5,2150,9,1-2,220,1,1-2-5,1840,8,1-2,230,1,,,,,,,
20250513,児島,11,予選特選,晴,南東,4,3,4,6,4652,酒 見 峻 介,41,31,6.77,6,0.13,1.51.6,1-2-5,2150,9,1-2,220,1,1-2-5,1840,8,1-2,230,1,,,,,,,
20250513,児島,11,予選特選,晴,南東,4,3,5,3,4303,牧 原 崇,67,19,6.73,3,0.19,,1-2-5,2150,9,1-2,220,1,1-2-5,1840,8,1-2,230,1,,,,,,,
20250513,児島,11,予選特選,晴,南東,4,3,6,4,5258,仲 本 舜,32,37,6.76,4,0.07,,1-2-5,2150,9,1-2,220,1,1-2-5,1840,8,1-2,230,1,,,,,,,
20250513,児島,12,記者選抜戦,晴,南,1,1,1,1,4886,入 海 馨,39,12,6.76,1,0.12,1.47.9,1-3-5,900,4,1-3,540,4,1-3-5,330,2,1-3,420,3,,,,,,,
20250513,児島,12,記者選抜戦,晴,南,1,1,2,3,3930,岸 本 隆,23,11,6.84,3,0.10,1.49.0,1-3-5,900,4,1-3,540,4,1-3-5,330,2,1-3,420,3,,,,,,,
20250513,児島,12,記者選抜戦,晴,南,1,1,3,5,4296,岡 崎 恭 裕,49,42,6.78,5,0.17,1.50.3,1-3-5,900,4,1-3,540,4,1-3-5,330,2,1-3,420,3,,,,,,,
20250513,児島,12,記者選抜戦,晴,南,1,1,4,2,4213,重 富 伸 也,65,58,6.74,2,0.19,1.52.2,1-3-5,900,4,1-3,540,4,1-3-5,330,2,1-3,420,3,,,,,,,
20250513,児島,12,記者選抜戦,晴,南,1,1,5,4,5039,倉 田 茂 将,59,38,6.83,4,0.18,,1-3-5,900,4,1-3,540,4,1-3-5,330,2,1-3,420,3,,,,,,,
20250513,大村,1,一般,晴,西,2,1,1,4,4041,小 林 基 樹,31,44,6.90,4,0.34,1.50.2,4-3-2,11360,34,4-3,3130,10,2-3-4,580,2,3-4,950,5,,,,,,,
20250513,大村,1,一般,晴,西,2,1,2,3,4100,松 田 隆 司,32,62,6.93,3,0.16,1.51.0,4-3-2,11360,34,4-3,3130,10,2-3-4,580,2,3-4,950,5,,,,,,,
20250513,大村,1,一般,晴,西,2,1,3,2,4684,楠 原 翔 太,47,67,6.91,2,0.18,1.51.2,4-3-2,11360,34,4-3,3130,10,2-3-4,580,2,3-4,950,5,,,,,,,
20250513,大村,1,一般,晴,西,2,1,4,1,4956,齊 藤 大 将,70,50,6.98,1,0.14,1.53.5,4-3-2,11360,34,4-3,3130,10,2-3-4,580,2,3-4,950,5,,,,,,,
20250513,大村,1,一般,晴,西,2,1,5,5,5011,高 木 圭 大,58,38,6.96,5,0.32,,4-3-2,11360,34,4-3,3130,10,2-3-4,580,2,3-4,950,5,,,,,,,
20250513,大村,1,一般,晴,西,2,1,6,6,5211,高 井 駿 弥,67,58,6.94,6,0.43,,4-3-2,11360,34,4-3,3130,10,2-3-4,580,2,3-4,950,5,,,,,,,
20250513,大村,2,一般,晴,西,2,1,1,1,4942,柴 田 朋 哉,41,14,6.87,1,0.16,1.49.0,1-2-3,2290,6,1-2,360,1,1-2-3,1250,7,1-2,400,2,,,,,,,
20250513,大村,2,一般,晴,西,2,1,2,2,4619,伏 田 裕 隆,18,29,6.90,2,0.14,1.50.6,1-2-3,2290,6,1-2,360,1,1-2-3,1250,7,1-2,400,2,,,,,,,
20250513,大村,2,一般,晴,西,2,1,3,3,3875,廣 中 良 一,54,52,6.91,3,0.19,1.52.0,1-2-3,2290,6,1-2,360,1,1-2-3,1250,7,1-2,400,2,,,,,,,
20250513,大村,2,一般,晴,西,2,1,4,4,3615,横 田 茂,48,70,6.95,4,0.23,1.54.0,1-2-3,2290,6,1-2,360,1,1-2-3,1250,7,1-2,400,2,,,,,,,
20250513,大村,2,一般,晴,西,2,1,5,5,4463,三 苫 晃 幸,23,75,6.88,5,0.27,,1-2-3,2290,6,1-2,360,1,1-2-3,1250,7,1-2,400,2,,,,,,,
20250513,大村,2,一般,晴,西,2,1,6,6,4266,長 田 頼 宗,73,30,6.92,6,0.26,,1-2-3,2290,6,1-2,360,1,1-2-3,1250,7,1-2,400,2,,,,,,,
20250513,大村,3,一般,晴,西,2,1,1,1,3842,星 野 太 郎,64,24,6.88,1,0.09,1.48.8,1-6-2,740,1,1-6,300,1,1-2-6,320,2,1-6,140,1,,,,,,,
20250513,大村,3,一般,晴,西,2,1,2,6,3779,原 田 幸 哉,72,39,6.85,3,0.04,1.49.2,1-6-2,740,1,1-6,300,1,1-2-6,320,2,1-6,140,1,,,,,,,
20250513,大村,3,一般,晴,西,2,1,3,2,4306,畔 柳 俊 吾,45,21,6.90,2,0.16,1.51.2,1-6-2,740,1,1-6,300,1,1-2-6,320,2,1-6,140,1,,,,,,,
20250513,大村,3,一般,晴,西,2,1,4,4,4432,黄金井 力 良,52,51,6.92,5,0.07,1.52.2,1-6-2,740,1,1-6,300,1,1-2-6,320,2,1-6,140,1,,,,,,,
20250513,大村,3,一般,晴,西,2,1,5,3,5262,鈴 木 章 司,55,66,6.90,4,0.06,,1-6-2,740,1,1-6,300,1,1-2-6,320,2,1-6,140,1,,,,,,,
20250513,大村,3,一般,晴,西,2,1,6,5,5369,岡 崎 凪 汰,53,28,6.82,6,0.01,,1-6-2,740,1,1-6,300,1,1-2-6,320,2,1-6,140,1,,,,,,,
20250513,大村,4,一般,晴,西,2,1,1,1,4345,西 舘 健,36,41,6.91,1,0.11,1.48.1,1-6-5,650,1,1-6,300,1,1-5-6,120,1,1-6,220,1,,,,,,,
20250513,大村,4,一般,晴,西,2,1,2,6,4205,山 口 剛,19,74,6.88,5,0.18,1.49.2,1-6-5,650,1,1-6,300,1,1-5-6,120,1,1-6,220,1,,,,,,,
20250513,大村,4,一般,晴,西,2,1,3,5,4958,溝 口 海義也,44,47,6.85,4,0.07,1.52.3,1-6-5,650,1,1-6,300,1,1-5-6,120,1,1-6,220,1,,,,,,,
20250513,大村,4,一般,晴,西,2,1,4,2,5035,櫻 井 優,57,61,6.89,2,0.10,1.53.4,1-6-5,650,1,1-6,300,1,1-5-6,120,1,1-6,220,1,,,,,,,
20250513,大村,4,一般,晴,西,2,1,5,3,3922,菅 沼 佳 昭,69,27,6.89,3,0.10,,1-6-5,650,1,1-6,300,1,1-5-6,120,1,1-6,220,1,,,,,,,
20250513,大村,5,一般,晴,西,2,1,1,1,4903,吉 田 凌太朗,14,73,6.85,1,0.10,1.47.7,1-6-5,840,3,1-6,260,1,1-5-6,360,2,1-6,310,2,,,,,,,
20250513,大村,5,一般,晴,西,2,1,2,6,4500,山 田 康 二,11,49,6.84,6,0.09,1.49.8,1-6-5,840,3,1-6,260,1,1-5-6,360,2,1-6,310,2,,,,,,,
20250513,大村,5,一般,晴,西,2,1,3,5,5089,前 田 翔,68,60,6.88,5,0.11,1.51.7,1-6-5,840,3,1-6,260,1,1-5-6,360,2,1-6,310,2,,,,,,,
20250513,大村,5,一般,晴,西,2,1,4,4,4875,大 塚 康 雅,50,19,6.96,4,0.11,1.53.5,1-6-5,840,3,1-6,260,1,1-5-6,360,2,1-6,310,2,,,,,,,
20250513,大村,5,一般,晴,西,2,1,5,3,4676,後 藤 隼 之,22,43,6.97,3,0.22,,1-6-5,840,3,1-6,260,1,1-5-6,360,2,1-6,310,2,,,,,,,
20250513,大村,5,一般,晴,西,2,1,6,2,4919,吉 田 翔 悟,74,46,6.85,2,0.15,,1-6-5,840,3,1-6,260,1,1-5-6,360,2,1-6,310,2,,,,,,,
20250513,大村,6,一般,晴,西,2,1,1,1,4932,新 開 航,56,56,6.83,1,0.09,1.48.6,1-3-5,300,1,1-3,190,1,1-3-5,170,1,1-3,190,1,,,,,,,
20250513,大村,6,一般,晴,西,2,1,2,3,4991,宗 行 治 哉,30,32,6.90,3,0.14,1.49.6,1-3-5,300,1,1-3,190,1,1-3-5,170,1,1-3,190,1,,,,,,,
20250513,大村,6,一般,晴,西,2,1,3,5,3251,平 石 和 男,66,40,6.89,4,0.21,1.50.4,1-3-5,300,1,1-3,190,1,1-3-5,170,1,1-3,190,1,,,,,,,
20250513,大村,6,一般,晴,西,2,1,4,6,5137,川 原 涼,62,26,6.86,5,0.09,1.52.2,1-3-5,300,1,1-3,190,1,1-3-5,170,1,1-3,190,1,,,,,,,
20250513,大村,6,一般,晴,西,2,1,5,4,4226,村 田 浩 司,24,37,6.90,6,0.09,,1-3-5,300,1,1-3,190,1,1-3-5,170,1,1-3,190,1,,,,,,,
20250513,大村,6,一般,晴,西,2,1,6,2,5290,坂 本 一 真,39,45,6.89,2,0.32,,1-3-5,300,1,1-3,190,1,1-3-5,170,1,1-3,190,1,,,,,,,
20250513,大村,7,一般 進入固定,晴,南,1,1,1,1,4797,中 山 将,75,48,6.86,1,0.18,1.49.3,1-4-2,540,1,1-4,220,1,1-2-4,370,2,1-4,240,2,,,,,,,
20250513,大村,7,一般 進入固定,晴,南,1,1,2,4,4949,横 田 貴 満,71,23,6.88,4,0.06,1.51.0,1-4-2,540,1,1-4,220,1,1-2-4,370,2,1-4,240,2,,,,,,,
20250513,大村,7,一般 進入固定,晴,南,1,1,3,2,5262,鈴 木 章 司,55,66,6.91,2,0.12,1.51.8,1-4-2,540,1,1-4,220,1,1-2-4,370,2,1-4,240,2,,,,,,,
20250513,大村,7,一般 進入固定,晴,南,1,1,4,3,4495,森 晋太郎,20,36,6.97,3,0.06,1.52.7,1-4-2,540,1,1-4,220,1,1-2-4,370,2,1-4,240,2,,,,,,,
20250513,大村,7,一般 進入固定,晴,南,1,1,5,5,4978,山 田 和 佐,37,16,6.92,5,0.07,,1-4-2,540,1,1-4,220,1,1-2-4,370,2,1-4,240,2,,,,,,,
20250513,大村,7,一般 進入固定,晴,南,1,1,6,6,5138,村 本 大 成,27,31,6.94,6,0.06,,1-4-2,540,1,1-4,220,1,1-2-4,370,2,1-4,240,2,,,,,,,
20250513,大村,8,一般,晴,南,2,1,1,1,4363,大 野 芳 顕,25,57,6.88,1,0.03,1.49.0,1-3-4,1070,3,1-3,270,1,1-3-4,500,3,1-3,180,1,,,,,,,
20250513,大村,8,一般,晴,南,2,1,2,3,4409,坂 元 浩 仁,49,22,6.93,3,0.04,1.49.5,1-3-4,1070,3,1-3,270,1,1-3-4,500,3,1-3,180,1,,,,,,,
20250513,大村,8,一般,晴,南,2,1,3,4,3875,廣 中 良 一,54,52,6.91,4,0.05,1.51.4,1-3-4,1070,3,1-3,270,1,1-3-4,500,3,1-3,180,1,,,,,,,
20250513,大村,8,一般,晴,南,2,1,4,6,5261,岡 暢 祐,38,72,6.89,6,0.08,1.53.2,1-3-4,1070,3,1-3,270,1,1-3-4,500,3,1-3,180,1,,,,,,,
20250513,大村,8,一般,晴,南,2,1,5,5,4374,永 田 義 紘,29,53,6.92,5,0.07,,1-3-4,1070,3,1-3,270,1,1-3-4,500,3,1-3,180,1,,,,,,,
20250513,大村,8,一般,晴,南,2,1,6,2,3715,倉 尾 大 介,76,20,6.85,2,0.05,,1-3-4,1070,3,1-3,270,1,1-3-4,500,3,1-3,180,1,,,,,,,
20250513,大村,9,準優勝戦,晴,南,2,1,1,2,4903,吉 田 凌太朗,14,73,6.86,2,0.13,1.48.4,2-1-4,1460,7,2-1,590,3,1-2-4,280,2,1-2,200,1,,,,,,,
20250513,大村,9,準優勝戦,晴,南,2,1,2,1,4266,長 田 頼 宗,73,30,6.89,1,0.07,1.50.2,2-1-4,1460,7,2-1,590,3,1-2-4,280,2,1-2,200,1,,,,,,,
20250513,大村,9,準優勝戦,晴,南,2,1,3,4,4958,溝 口 海義也,44,47,6.84,4,0.15,1.52.0,2-1-4,1460,7,2-1,590,3,1-2-4,280,2,1-2,200,1,,,,,,,
20250513,大村,9,準優勝戦,晴,南,2,1,4,3,5089,前 田 翔,68,60,6.85,3,0.15,1.52.9,2-1-4,1460,7,2-1,590,3,1-2-4,280,2,1-2,200,1,,,,,,,
20250513,大村,9,準優勝戦,晴,南,2,1,5,6,4684,楠 原 翔 太,47,67,6.85,6,0.16,,2-1-4,1460,7,2-1,590,3,1-2-4,280,2,1-2,200,1,,,,,,,
20250513,大村,9,準優勝戦,晴,南,2,1,6,5,3842,星 野 太 郎,64,24,6.87,5,0.18,,2-1-4,1460,7,2-1,590,3,1-2-4,280,2,1-2,200,1,,,,,,,
20250513,大村,10,準優勝戦,晴,南,1,1,1,3,3779,原 田 幸 哉,72,39,6.86,3,0.09,1.48.2,3-1-4,4470,13,3-1,1160,4,1-3-4,600,3,1-3,250,2,,,,,,,
20250513,大村,10,準優勝戦,晴,南,1,1,2,1,4205,山 口 剛,19,74,6.89,1,0.08,1.49.7,3-1-4,4470,13,3-1,1160,4,1-3-4,600,3,1-3,250,2,,,,,,,
20250513,大村,10,準優勝戦,晴,南,1,1,3,4,4463,三 苫 晃 幸,23,75,6.84,4,0.11,1.51.7,3-1-4,4470,13,3-1,1160,4,1-3-4,600,3,1-3,250,2,,,,,,,
20250513,大村,10,準優勝戦,晴,南,1,1,4,6,4919,吉 田 翔 悟,74,46,6.84,6,0.18,1.52.1,3-1-4,4470,13,3-1,1160,4,1-3-4,600,3,1-3,250,2,,,,,,,
20250513,大村,10,準優勝戦,晴,南,1,1,5,2,4932,新 開 航,56,56,6.83,2,0.07,,3-1-4,4470,13,3-1,1160,4,1-3-4,600,3,1-3,250,2,,,,,,,
20250513,大村,10,準優勝戦,晴,南,1,1,6,5,4100,松 田 隆 司,32,62,6.83,5,0.13,,3-1-4,4470,13,3-1,1160,4,1-3-4,600,3,1-3,250,2,,,,,,,
20250513,大村,11,準優勝戦,晴,南,2,1,1,1,4500,山 田 康 二,11,49,6.81,1,0.09,1.48.9,1-5-2,4040,14,1-5,1260,4,1-2-5,940,5,1-5,1270,4,,,,,,,
20250513,大村,11,準優勝戦,晴,南,2,1,2,5,4432,黄金井 力 良,52,51,6.88,5,0.10,1.49.6,1-5-2,4040,14,1-5,1260,4,1-2-5,940,5,1-5,1270,4,,,,,,,
20250513,大村,11,準優勝戦,晴,南,2,1,3,2,4345,西 舘 健,36,41,6.93,2,0.18,1.51.3,1-5-2,4040,14,1-5,1260,4,1-2-5,940,5,1-5,1270,4,,,,,,,
20250513,大村,11,準優勝戦,晴,南,2,1,4,4,4797,中 山 将,75,48,6.85,4,0.04,1.52.3,1-5-2,4040,14,1-5,1260,4,1-2-5,940,5,1-5,1270,4,,,,,,,
20250513,大村,11,準優勝戦,晴,南,2,1,5,6,4942,柴 田 朋 哉,41,14,6.82,6,0.10,,1-5-2,4040,14,1-5,1260,4,1-2-5,940,5,1-5,1270,4,,,,,,,
20250513,大村,11,準優勝戦,晴,南,2,1,6,3,3251,平 石 和 男,66,40,6.87,3,0.12,,1-5-2,4040,14,1-5,1260,4,1-2-5,940,5,1-5,1270,4,,,,,,,
20250513,大村,12,一般,晴,南,2,1,1,3,4619,伏 田 裕 隆,18,29,6.87,3,0.11,1.49.0,3-1-2,4110,13,3-1,800,2,1-2-3,470,2,1-3,240,1,,,,,,,
20250513,大村,12,一般,晴,南,2,1,2,1,4978,山 田 和 佐,37,16,6.93,1,0.06,1.49.5,3-1-2,4110,13,3-1,800,2,1-2-3,470,2,1-3,240,1,,,,,,,
20250513,大村,12,一般,晴,南,2,1,3,2,4226,村 田 浩 司,24,37,6.86,2,0.09,1.51.6,3-1-2,4110,13,3-1,800,2,1-2-3,470,2,1-3,240,1,,,,,,,
20250513,大村,12,一般,晴,南,2,1,4,5,3715,倉 尾 大 介,76,20,6.85,5,0.12,1.52.6,3-1-2,4110,13,3-1,800,2,1-2-3,470,2,1-3,240,1,,,,,,,
20250513,大村,12,一般,晴,南,2,1,5,4,3922,菅 沼 佳 昭,69,27,6.90,4,0.14,,3-1-2,4110,13,3-1,800,2,1-2-3,470,2,1-3,240,1,,,,,,,
20250513,大村,12,一般,晴,南,2,1,6,6,5369,岡 崎 凪 汰,53,28,6.84,6,0.08,,3-1-2,4110,13,3-1,800,2,1-2-3,470,2,1-3,240,1,,,,,,,
20250513,宮島,1,ファーストＢ,晴,東,2,2,1,1,4709,岡 村 将 也,57,20,6.87,1,0.14,1.49.7,1-2-3,760,1,1-2,320,1,1-2-3,340,1,1-2,260,1,,,,,,,
20250513,宮島,1,ファーストＢ,晴,東,2,2,2,2,5134,大 原 祥 昌,81,17,6.85,2,0.17,1.51.0,1-2-3,760,1,1-2,320,1,1-2-3,340,1,1-2,260,1,,,,,,,
20250513,宮島,1,ファーストＢ,晴,東,2,2,3,3,4112,大久保 信一郎,17,79,6.88,3,0.12,1.52.1,1-2-3,760,1,1-2,320,1,1-2-3,340,1,1-2,260,1,,,,,,,
20250513,宮島,1,ファーストＢ,晴,東,2,2,4,6,4969,町 田 洸 希,27,50,6.76,6,0.12,1.53.1,1-2-3,760,1,1-2,320,1,1-2-3,340,1,1-2,260,1,,,,,,,
20250513,宮島,1,ファーストＢ,晴,東,2,2,5,4,5328,井 上 慧 人,32,74,6.73,4,0.12,1.54.2,1-2-3,760,1,1-2,320,1,1-2-3,340,1,1-2,260,1,,,,,,,
20250513,宮島,1,ファーストＢ,晴,東,2,2,6,5,5201,村 上 宗太郎,23,34,6.81,5,0.10,1.55.9,1-2-3,760,1,1-2,320,1,1-2-3,340,1,1-2,260,1,,,,,,,
20250513,宮島,2,予選,晴,東,2,2,1,2,3901,松 田 憲 幸,75,73,6.80,2,0.18,1.49.9,2-1-4,7340,23,2-1,1800,5,1-2-4,690,3,1-2,390,2,,,,,,,
20250513,宮島,2,予選,晴,東,2,2,2,1,4564,山 本 景士郎,61,51,6.73,1,0.15,1.50.5,2-1-4,7340,23,2-1,1800,5,1-2-4,690,3,1-2,390,2,,,,,,,
20250513,宮島,2,予選,晴,東,2,2,3,4,5289,佃 來 紀,52,33,6.83,4,0.13,1.52.3,2-1-4,7340,23,2-1,1800,5,1-2-4,690,3,1-2,390,2,,,,,,,
20250513,宮島,2,予選,晴,東,2,2,4,3,3614,谷 勝 幸,16,32,6.76,3,0.16,1.53.4,2-1-4,7340,23,2-1,1800,5,1-2-4,690,3,1-2,390,2,,,,,,,
20250513,宮島,2,予選,晴,東,2,2,5,6,5270,小 玉 啓 太,54,68,6.74,6,0.13,1.54.0,2-1-4,7340,23,2-1,1800,5,1-2-4,690,3,1-2,390,2,,,,,,,
20250513,宮島,2,予選,晴,東,2,2,6,5,5351,齊 藤 廉,22,19,6.71,5,0.16,1.55.5,2-1-4,7340,23,2-1,1800,5,1-2-4,690,3,1-2,390,2,,,,,,,
20250513,宮島,3,予選,晴,南西,3,3,1,1,3475,橋 本 久 和,39,80,6.71,1,0.19,1.49.7,1-3-5,610,1,1-3,300,1,1-3-5,280,1,1-3,140,1,,,,,,,
20250513,宮島,3,予選,晴,南西,3,3,2,3,4472,尾 嶋 一 広,67,54,6.67,3,0.26,1.51.5,1-3-5,610,1,1-3,300,1,1-3-5,280,1,1-3,140,1,,,,,,,
20250513,宮島,3,予選,晴,南西,3,3,3,5,4904,松 本 一 毅,36,70,6.70,5,0.32,1.53.3,1-3-5,610,1,1-3,300,1,1-3-5,280,1,1-3,140,1,,,,,,,
20250513,宮島,3,予選,晴,南西,3,3,4,4,3981,今 坂 晃 広,19,82,6.67,4,0.29,1.55.2,1-3-5,610,1,1-3,300,1,1-3-5,280,1,1-3,140,1,,,,,,,
20250513,宮島,3,予選,晴,南西,3,3,5,6,3998,冨 成 謙 児,50,11,6.85,6,0.35,1.56.4,1-3-5,610,1,1-3,300,1,1-3-5,280,1,1-3,140,1,,,,,,,
20250513,宮島,3,予選,晴,南西,3,3,6,2,5319,近 藤 颯 斗,11,18,6.71,2,0.28,1.57.9,1-3-5,610,1,1-3,300,1,1-3-5,280,1,1-3,140,1,,,,,,,
20250513,宮島,4,ランチ特賞,晴,南西,3,3,1,5,5196,鰐 部 太空海,24,14,6.61,5,0.03,1.48.5,5-1-2,3200,12,5-1,1420,5,1-2-5,180,1,1-5,700,2,,,,,,,
20250513,宮島,4,ランチ特賞,晴,南西,3,3,2,1,4079,出 畑 孝 典,29,64,6.64,1,0.10,1.49.9,5-1-2,3200,12,5-1,1420,5,1-2-5,180,1,1-5,700,2,,,,,,,
20250513,宮島,4,ランチ特賞,晴,南西,3,3,3,2,4040,廣 瀬 将 亨,21,75,6.61,2,0.09,1.52.3,5-1-2,3200,12,5-1,1420,5,1-2-5,180,1,1-5,700,2,,,,,,,
20250513,宮島,4,ランチ特賞,晴,南西,3,3,4,4,3569,増 田 進,30,22,6.67,3,0.13,1.53.8,5-1-2,3200,12,5-1,1420,5,1-2-5,180,1,1-5,700,2,,,,,,,
20250513,宮島,4,ランチ特賞,晴,南西,3,3,5,3,4204,柴 田 大 輔,62,53,6.61,4,0.10,1.55.6,5-1-2,3200,12,5-1,1420,5,1-2-5,180,1,1-5,700,2,,,,,,,
20250513,宮島,4,ランチ特賞,晴,南西,3,3,6,6,5252,荒 木 颯 斗,26,21,6.62,6,0.07,1.57.9,5-1-2,3200,12,5-1,1420,5,1-2-5,180,1,1-5,700,2,,,,,,,
20250513,宮島,5,予選,晴,南西,5,5,1,5,4311,岡 村 仁,72,38,6.65,5,0.18,1.50.2,5-3-1,9790,34,5-3,1290,7,1-3-5,1320,6,3-5,750,5,,,,,,,
20250513,宮島,5,予選,晴,南西,5,5,2,3,3746,岡 瀬 正 人,15,16,6.65,3,0.25,1.51.1,5-3-1,9790,34,5-3,1290,7,1-3-5,1320,6,3-5,750,5,,,,,,,
20250513,宮島,5,予選,晴,南西,5,5,3,1,5332,村 松 遥 輝,76,29,6.65,1,0.25,1.52.7,5-3-1,9790,34,5-3,1290,7,1-3-5,1320,6,3-5,750,5,,,,,,,
20250513,宮島,5,予選,晴,南西,5,5,4,2,4700,金 子 和 之,31,26,6.62,2,0.31,1.53.8,5-3-1,9790,34,5-3,1290,7,1-3-5,1320,6,3-5,750,5,,,,,,,
20250513,宮島,5,予選,晴,南西,5,5,5,4,5086,本 村 大,12,62,6.66,4,0.20,1.56.5,5-3-1,9790,34,5-3,1290,7,1-3-5,1320,6,3-5,750,5,,,,,,,
20250513,宮島,5,予選,晴,南西,5,5,6,6,5176,石 倉 拓 美,82,52,6.70,6,0.25,2.00.0,5-3-1,9790,34,5-3,1290,7,1-3-5,1320,6,3-5,750,5,,,,,,,
20250513,宮島,6,予選,晴,南西,2,2,1,2,4108,吉 村 正 明,78,23,6.66,2,0.13,1.50.6,2-1-6,1190,3,2-1,460,2,1-2-6,220,1,1-2,130,1,,,,,,,
20250513,宮島,6,予選,晴,南西,2,2,2,1,4161,黒 柳 浩 孝,65,58,6.67,1,0.12,1.51.5,2-1-6,1190,3,2-1,460,2,1-2-6,220,1,1-2,130,1,,,,,,,
20250513,宮島,6,予選,晴,南西,2,2,3,6,4084,杉 山 正 樹,66,57,6.66,6,0.16,1.53.3,2-1-6,1190,3,2-1,460,2,1-2-6,220,1,1-2,130,1,,,,,,,
20250513,宮島,6,予選,晴,南西,2,2,4,4,4969,町 田 洸 希,27,50,6.56,4,0.19,1.54.9,2-1-6,1190,3,2-1,460,2,1-2-6,220,1,1-2,130,1,,,,,,,
20250513,宮島,6,予選,晴,南西,2,2,5,5,4865,立 具 敬 司,13,25,6.65,5,0.20,1.56.5,2-1-6,1190,3,2-1,460,2,1-2-6,220,1,1-2,130,1,,,,,,,
20250513,宮島,6,予選,晴,南西,2,2,6,3,5312,川 辺 郭 人,28,15,6.66,3,0.27,1.57.0,2-1-6,1190,3,2-1,460,2,1-2-6,220,1,1-2,130,1,,,,,,,
20250513,宮島,7,予選,晴,南西,4,4,1,1,5289,佃 來 紀,52,33,6.66,1,0.22,1.49.7,1-6-2,5740,21,1-6,2450,10,1-2-6,890,4,1-6,1270,6,,,,,,,
20250513,宮島,7,予選,晴,南西,4,4,2,6,3612,馬 袋 義 則,56,55,6.68,4,0.16,1.51.2,1-6-2,5740,21,1-6,2450,10,1-2-6,890,4,1-6,1270,6,,,,,,,
20250513,宮島,7,予選,晴,南西,4,4,3,2,4122,安 東 幸 治,74,13,6.66,2,0.22,1.52.5,1-6-2,5740,21,1-6,2450,10,1-2-6,890,4,1-6,1270,6,,,,,,,
20250513,宮島,7,予選,晴,南西,4,4,4,4,4428,有 賀 達 也,18,31,6.68,3,0.20,1.53.6,1-6-2,5740,21,1-6,2450,10,1-2-6,890,4,1-6,1270,6,,,,,,,
20250513,宮島,7,予選,晴,南西,4,4,5,5,5328,井 上 慧 人,32,74,6.65,6,0.15,1.54.2,1-6-2,5740,21,1-6,2450,10,1-2-6,890,4,1-6,1270,6,,,,,,,
20250513,宮島,7,予選,晴,南西,4,4,6,3,5319,近 藤 颯 斗,11,18,6.75,5,0.13,1.55.9,1-6-2,5740,21,1-6,2450,10,1-2-6,890,4,1-6,1270,6,,,,,,,
20250513,宮島,8,予選,晴,南西,4,4,1,1,4204,柴 田 大 輔,62,53,6.67,1,0.15,1.50.5,1-6-3,12800,62,1-6,3400,19,1-3-6,2040,10,1-6,2150,10,,,,,,,
20250513,宮島,8,予選,晴,南西,4,4,2,6,5134,大 原 祥 昌,81,17,6.68,6,0.09,1.50.6,1-6-3,12800,62,1-6,3400,19,1-3-6,2040,10,1-6,2150,10,,,,,,,
20250513,宮島,8,予選,晴,南西,4,4,3,3,4904,松 本 一 毅,36,70,6.66,3,0.12,1.52.5,1-6-3,12800,62,1-6,3400,19,1-3-6,2040,10,1-6,2150,10,,,,,,,
20250513,宮島,8,予選,晴,南西,4,4,4,4,3745,橋 本 年 光,80,60,6.68,4,0.14,1.53.5,1-6-3,12800,62,1-6,3400,19,1-3-6,2040,10,1-6,2150,10,,,,,,,
20250513,宮島,8,予選,晴,南西,4,4,5,2,4513,河 野 真 也,71,37,6.66,2,0.14,1.54.5,1-6-3,12800,62,1-6,3400,19,1-3-6,2040,10,1-6,2150,10,,,,,,,
20250513,宮島,8,予選,晴,南西,4,4,6,5,3901,松 田 憲 幸,75,73,6.72,5,0.15,1.55.8,1-6-3,12800,62,1-6,3400,19,1-3-6,2040,10,1-6,2150,10,,,,,,,
20250513,宮島,9,予選,晴,南西,4,4,1,6,4370,山 口 達 也,37,59,6.63,5,0.12,1.48.4,6-2-4,17070,66,6-2,2500,12,2-4-6,5790,16,2-6,1350,6,,,,,,,
20250513,宮島,9,予選,晴,南西,4,4,2,2,5201,村 上 宗太郎,23,34,6.72,2,0.21,1.53.8,6-2-4,17070,66,6-2,2500,12,2-4-6,5790,16,2-6,1350,6,,,,,,,
20250513,宮島,9,予選,晴,南西,4,4,3,4,5351,齊 藤 廉,22,19,6.67,6,0.19,1.53.9,6-2-4,17070,66,6-2,2500,12,2-4-6,5790,16,2-6,1350,6,,,,,,,
20250513,宮島,9,予選,晴,南西,4,4,4,5,3327,野長瀬 正 孝,34,65,6.70,4,0.15,1.53.9,6-2-4,17070,66,6-2,2500,12,2-4-6,5790,16,2-6,1350,6,,,,,,,
20250513,宮島,9,予選,晴,南西,4,4,5,3,3475,橋 本 久 和,39,80,6.70,3,0.10,1.55.4,6-2-4,17070,66,6-2,2500,12,2-4-6,5790,16,2-6,1350,6,,,,,,,
20250513,宮島,9,予選,晴,南西,4,4,6,1,3569,増 田 進,30,22,6.71,1,0.19,1.56.1,6-2-4,17070,66,6-2,2500,12,2-4-6,5790,16,2-6,1350,6,,,,,,,
20250513,宮島,10,特賞,晴,南西,2,2,1,1,4040,廣 瀬 将 亨,21,75,6.67,1,0.22,1.57.7,1-3-4,690,1,1-3,330,1,1-3-4,310,1,1-3,200,1,,,,,,,
20250513,宮島,10,特賞,晴,南西,2,2,2,3,4161,黒 柳 浩 孝,65,58,6.70,3,0.21,2.02.4,1-3-4,690,1,1-3,330,1,1-3-4,310,1,1-3,200,1,,,,,,,
20250513,宮島,10,特賞,晴,南西,2,2,3,4,4593,小 坂 宗 司,59,77,6.76,4,0.24,2.05.1,1-3-4,690,1,1-3,330,1,1-3-4,310,1,1-3,200,1,,,,,,,
20250513,宮島,10,特賞,晴,南西,2,2,4,5,4700,金 子 和 之,31,26,6.77,5,0.23,2.08.2,1-3-4,690,1,1-3,330,1,1-3-4,310,1,1-3,200,1,,,,,,,
20250513,宮島,10,特賞,晴,南西,2,2,5,2,5270,小 玉 啓 太,54,68,6.72,2,0.29,2.11.3,1-3-4,690,1,1-3,330,1,1-3-4,310,1,1-3,200,1,,,,,,,
20250513,宮島,11,特選,晴,南西,3,3,1,1,4311,岡 村 仁,72,38,6.71,1,0.16,1.50.0,1-3-5,4080,14,1-3,500,3,1-3-5,3660,9,1-3,500,3,,,,,,,
20250513,宮島,11,特選,晴,南西,3,3,2,3,4709,岡 村 将 也,57,20,6.79,3,0.12,1.50.9,1-3-5,4080,14,1-3,500,3,1-3-5,3660,9,1-3,500,3,,,,,,,
20250513,宮島,11,特選,晴,南西,3,3,3,5,3981,今 坂 晃 広,19,82,6.69,5,0.16,1.52.6,1-3-5,4080,14,1-3,500,3,1-3-5,3660,9,1-3,500,3,,,,,,,
20250513,宮島,11,特選,晴,南西,3,3,4,2,3612,馬 袋 義 則,56,55,6.73,2,0.17,1.53.3,1-3-5,4080,14,1-3,500,3,1-3-5,3660,9,1-3,500,3,,,,,,,
20250513,宮島,11,特選,晴,南西,3,3,5,4,4079,出 畑 孝 典,29,64,6.74,4,0.18,1.53.8,1-3-5,4080,14,1-3,500,3,1-3-5,3660,9,1-3,500,3,,,,,,,
20250513,宮島,11,特選,晴,南西,3,3,6,6,4108,吉 村 正 明,78,23,6.75,6,0.15,1.55.9,1-3-5,4080,14,1-3,500,3,1-3-5,3660,9,1-3,500,3,,,,,,,
20250513,宮島,12,モンタ特選,晴,南西,3,3,1,3,4428,有 賀 達 也,18,31,6.75,3,0.15,1.49.0,3-1-5,7100,19,3-1,2900,7,1-3-5,1390,4,1-3,230,1,,,,,,,
20250513,宮島,12,モンタ特選,晴,南西,3,3,2,1,4472,尾 嶋 一 広,67,54,6.71,1,0.20,1.51.0,3-1-5,7100,19,3-1,2900,7,1-3-5,1390,4,1-3,230,1,,,,,,,
20250513,宮島,12,モンタ特選,晴,南西,3,3,3,5,3746,岡 瀬 正 人,15,16,6.71,5,0.16,1.51.7,3-1-5,7100,19,3-1,2900,7,1-3-5,1390,4,1-3,230,1,,,,,,,
20250513,宮島,12,モンタ特選,晴,南西,3,3,4,4,4084,杉 山 正 樹,66,57,6.76,4,0.16,1.53.2,3-1-5,7100,19,3-1,2900,7,1-3-5,1390,4,1-3,230,1,,,,,,,
20250513,宮島,12,モンタ特選,晴,南西,3,3,5,2,5196,鰐 部 太空海,24,14,6.72,2,0.19,1.54.6,3-1-5,7100,19,3-1,2900,7,1-3-5,1390,4,1-3,230,1,,,,,,,
20250513,宮島,12,モンタ特選,晴,南西,3,3,6,6,3745,橋 本 年 光,80,60,6.76,6,0.18,1.54.8,3-1-5,7100,19,3-1,2900,7,1-3-5,1390,4,1-3,230,1,,,,,,,
20250513,尼崎,1,朝からセンプ,晴,南西,4,0,1,2,5027,重 冨 勇 哉,39,23,6.74,2,0.29,1.48.9,2-3-6,3650,16,2-3,930,4,2-3-6,1510,6,2-3,390,2,,,,,,,
20250513,尼崎,1,朝からセンプ,晴,南西,4,0,2,3,4072,森 永 淳,43,59,6.71,3,0.26,1.50.3,2-3-6,3650,16,2-3,930,4,2-3-6,1510,6,2-3,390,2,,,,,,,
20250513,尼崎,1,朝からセンプ,晴,南西,4,0,3,6,3377,塚 田 修 二,16,56,6.76,6,0.12,1.52.1,2-3-6,3650,16,2-3,930,4,2-3-6,1510,6,2-3,390,2,,,,,,,
20250513,尼崎,1,朝からセンプ,晴,南西,4,0,4,1,4419,原 加央理,20,35,6.74,1,0.33,1.53.1,2-3-6,3650,16,2-3,930,4,2-3-6,1510,6,2-3,390,2,,,,,,,
20250513,尼崎,1,朝からセンプ,晴,南西,4,0,5,4,3878,胡 本 悟 志,54,52,6.79,4,0.30,1.54.2,2-3-6,3650,16,2-3,930,4,2-3-6,1510,6,2-3,390,2,,,,,,,
20250513,尼崎,1,朝からセンプ,晴,南西,4,0,6,5,4449,中 嶋 達 也,25,41,6.80,5,0.17,1.56.7,2-3-6,3650,16,2-3,930,4,2-3-6,1510,6,2-3,390,2,,,,,,,
20250513,尼崎,2,予選,晴,南西,4,0,1,5,4292,麻 生 慎 介,32,43,6.77,5,0.11,1.48.3,5-1-3,2620,9,5-1,1710,7,1-3-5,150,1,1-5,580,3,,,,,,,
20250513,尼崎,2,予選,晴,南西,4,0,2,1,4906,鈴 木 雅 希,27,62,6.71,1,0.17,1.49.8,5-1-3,2620,9,5-1,1710,7,1-3-5,150,1,1-5,580,3,,,,,,,
20250513,尼崎,2,予選,晴,南西,4,0,3,3,5142,常 住 蓮,18,69,6.73,3,0.17,1.51.2,5-1-3,2620,9,5-1,1710,7,1-3-5,150,1,1-5,580,3,,,,,,,
20250513,尼崎,2,予選,晴,南西,4,0,4,4,3976,内 田 圭,3,55,6.92,4,0.12,1.53.0,5-1-3,2620,9,5-1,1710,7,1-3-5,150,1,1-5,580,3,,,,,,,
20250513,尼崎,2,予選,晴,南西,4,0,5,2,4724,吉 田 祐 貴,56,34,6.83,2,0.19,1.55.5,5-1-3,2620,9,5-1,1710,7,1-3-5,150,1,1-5,580,3,,,,,,,
20250513,尼崎,2,予選,晴,南西,4,0,6,6,5295,田 上 凜,15,16,6.74,6,0.11,1.57.7,5-1-3,2620,9,5-1,1710,7,1-3-5,150,1,1-5,580,3,,,,,,,
20250513,尼崎,3,予選,晴,南,3,0,1,2,5068,前 田 滉,44,42,6.73,2,0.07,1.48.0,2-5-6,3650,13,2-5,460,2,2-5-6,1650,7,2-5,350,2,,,,,,,
20250513,尼崎,3,予選,晴,南,3,0,2,5,3303,渡 辺 豊,21,33,6.81,5,0.20,1.50.4,2-5-6,3650,13,2-5,460,2,2-5-6,1650,7,2-5,350,2,,,,,,,
20250513,尼崎,3,予選,晴,南,3,0,3,6,5175,島 崎 丈一朗,6,22,6.82,6,0.20,1.52.0,2-5-6,3650,13,2-5,460,2,2-5-6,1650,7,2-5,350,2,,,,,,,
20250513,尼崎,3,予選,晴,南,3,0,4,1,5287,滝 沢 織 寧,45,64,6.72,1,0.12,1.52.5,2-5-6,3650,13,2-5,460,2,2-5-6,1650,7,2-5,350,2,,,,,,,
20250513,尼崎,3,予選,晴,南,3,0,5,4,4332,村 上 彰 一,23,28,6.79,4,0.13,1.54.6,2-5-6,3650,13,2-5,460,2,2-5-6,1650,7,2-5,350,2,,,,,,,
20250513,尼崎,3,予選,晴,南,3,0,6,3,5155,内 山 七 海,8,31,6.73,3,0.08,1.57.9,2-5-6,3650,13,2-5,460,2,2-5-6,1650,7,2-5,350,2,,,,,,,
20250513,尼崎,4,予選,晴,西,3,0,1,1,5064,品 川 二千翔,28,61,6.72,1,0.22,1.49.4,1-4-5,3910,12,1-4,1280,3,1-4-5,1010,5,1-4,1030,5,,,,,,,
20250513,尼崎,4,予選,晴,西,3,0,2,4,3584,佐々木 英 樹,48,48,6.80,4,0.14,1.50.5,1-4-5,3910,12,1-4,1280,3,1-4-5,1010,5,1-4,1030,5,,,,,,,
20250513,尼崎,4,予選,晴,西,3,0,3,5,4549,小 林 文 彦,58,75,6.77,5,0.19,1.52.4,1-4-5,3910,12,1-4,1280,3,1-4-5,1010,5,1-4,1030,5,,,,,,,
20250513,尼崎,4,予選,晴,西,3,0,4,3,4853,前 原 哉,17,39,6.75,3,0.20,1.53.4,1-4-5,3910,12,1-4,1280,3,1-4-5,1010,5,1-4,1030,5,,,,,,,
20250513,尼崎,4,予選,晴,西,3,0,5,6,4169,多 田 有 佑,55,29,6.75,6,0.18,1.54.2,1-4-5,3910,12,1-4,1280,3,1-4-5,1010,5,1-4,1030,5,,,,,,,
20250513,尼崎,4,予選,晴,西,3,0,6,2,4036,金 田 諭,33,27,6.74,2,0.24,1.58.0,1-4-5,3910,12,1-4,1280,3,1-4-5,1010,5,1-4,1030,5,,,,,,,
20250513,尼崎,5,予選,晴,南西,3,0,1,1,4475,末 永 祐 輝,41,11,6.71,1,0.09,1.49.3,1-2-4,600,1,1-2,280,1,1-2-4,310,1,1-2,230,1,,,,,,,
20250513,尼崎,5,予選,晴,南西,3,0,2,2,4948,木 場 悠 介,4,60,6.78,2,0.09,1.50.3,1-2-4,600,1,1-2,280,1,1-2-4,310,1,1-2,230,1,,,,,,,
20250513,尼崎,5,予選,晴,南西,3,0,3,4,4531,武 富 智 亮,36,32,6.80,4,0.12,1.51.8,1-2-4,600,1,1-2,280,1,1-2-4,310,1,1-2,230,1,,,,,,,
20250513,尼崎,5,予選,晴,南西,3,0,4,3,3986,沖 島 広 和,53,58,6.75,3,0.08,1.53.6,1-2-4,600,1,1-2,280,1,1-2-4,310,1,1-2,230,1,,,,,,,
20250513,尼崎,5,予選,晴,南西,3,0,5,5,4071,古 賀 千 晶,30,44,6.81,5,0.19,1.54.3,1-2-4,600,1,1-2,280,1,1-2-4,310,1,1-2,230,1,,,,,,,
20250513,尼崎,5,予選,晴,南西,3,0,6,6,5277,井 上 未 都,46,30,6.80,6,0.12,1.55.0,1-2-4,600,1,1-2,280,1,1-2-4,310,1,1-2,230,1,,,,,,,
20250513,尼崎,6,昼どきピンク,晴,南西,4,0,1,1,3350,藤 本 佳 史,26,14,6.77,1,0.02,1.48.9,1-2-3,1380,5,1-2,300,1,1-2-3,600,3,1-2,150,1,,,,,,,
20250513,尼崎,6,昼どきピンク,晴,南西,4,0,2,2,5053,山 口 広 樹,19,37,6.75,2,0.02,1.49.5,1-2-3,1380,5,1-2,300,1,1-2-3,600,3,1-2,150,1,,,,,,,
20250513,尼崎,6,昼どきピンク,晴,南西,4,0,3,3,3246,星 野 政 彦,35,65,6.81,3,0.03,1.52.9,1-2-3,1380,5,1-2,300,1,1-2-3,600,3,1-2,150,1,,,,,,,
20250513,尼崎,6,昼どきピンク,晴,南西,4,0,4,4,4075,中 野 次 郎,10,53,6.79,4,0.04,1.54.6,1-2-3,1380,5,1-2,300,1,1-2-3,600,3,1-2,150,1,,,,,,,
20250513,尼崎,6,昼どきピンク,晴,南西,4,0,5,5,5295,田 上 凜,15,16,6.75,5,0.09,1.55.4,1-2-3,1380,5,1-2,300,1,1-2-3,600,3,1-2,150,1,,,,,,,
20250513,尼崎,6,昼どきピンク,晴,南西,4,0,6,6,5389,恵 良 琴 美,38,36,6.78,6,0.05,1.57.1,1-2-3,1380,5,1-2,300,1,1-2-3,600,3,1-2,150,1,,,,,,,
20250513,尼崎,7,予選,晴,西,7,5,1,3,4278,藤 岡 俊 介,52,66,6.81,3,0.13,1.49.1,3-4-2,1310,1,3-4,570,1,2-3-4,320,2,3-4,360,1,,,,,,,
20250513,尼崎,7,予選,晴,西,7,5,2,4,4645,上 村 純 一,13,26,6.75,4,0.12,1.50.4,3-4-2,1310,1,3-4,570,1,2-3-4,320,2,3-4,360,1,,,,,,,
20250513,尼崎,7,予選,晴,西,7,5,3,2,3377,塚 田 修 二,16,56,6.72,2,0.18,1.52.6,3-4-2,1310,1,3-4,570,1,2-3-4,320,2,3-4,360,1,,,,,,,
20250513,尼崎,7,予選,晴,西,7,5,4,5,3604,武 藤 綾 子,22,24,6.78,5,0.21,1.54.9,3-4-2,1310,1,3-4,570,1,2-3-4,320,2,3-4,360,1,,,,,,,
20250513,尼崎,7,予選,晴,西,7,5,5,6,4724,吉 田 祐 貴,56,34,6.85,6,0.23,1.55.8,3-4-2,1310,1,3-4,570,1,2-3-4,320,2,3-4,360,1,,,,,,,
20250513,尼崎,7,予選,晴,西,7,5,6,1,4332,村 上 彰 一,23,28,6.80,1,0.19,2.00.0,3-4-2,1310,1,3-4,570,1,2-3-4,320,2,3-4,360,1,,,,,,,
20250513,尼崎,8,予選,晴,南西,4,0,1,5,4883,岡 部 大 輝,12,70,6.84,5,0.20,1.47.8,5-1-2,8430,37,5-1,2810,11,1-2-5,530,2,1-5,1600,7,,,,,,,
20250513,尼崎,8,予選,晴,南西,4,0,2,1,3584,佐々木 英 樹,48,48,6.82,1,0.10,1.49.8,5-1-2,8430,37,5-1,2810,11,1-2-5,530,2,1-5,1600,7,,,,,,,
20250513,尼崎,8,予選,晴,南西,4,0,3,2,4292,麻 生 慎 介,32,43,6.82,2,0.07,1.50.6,5-1-2,8430,37,5-1,2810,11,1-2-5,530,2,1-5,1600,7,,,,,,,
20250513,尼崎,8,予選,晴,南西,4,0,4,3,4419,原 加央理,20,35,6.83,3,0.08,1.52.2,5-1-2,8430,37,5-1,2810,11,1-2-5,530,2,1-5,1600,7,,,,,,,
20250513,尼崎,8,予選,晴,南西,4,0,5,6,5068,前 田 滉,44,42,6.75,6,0.18,1.54.3,5-1-2,8430,37,5-1,2810,11,1-2-5,530,2,1-5,1600,7,,,,,,,
20250513,尼崎,8,予選,晴,南西,4,0,6,4,4705,吉 川 勇 作,7,46,6.82,4,0.15,1.54.7,5-1-2,8430,37,5-1,2810,11,1-2-5,530,2,1-5,1600,7,,,,,,,
20250513,尼崎,9,予選特賞,晴,南西,3,0,1,1,4072,森 永 淳,43,59,6.67,1,0.24,1.48.5,1-3-6,560,1,1-3,170,1,1-3-6,420,2,1-3,240,1,,,,,,,
20250513,尼崎,9,予選特賞,晴,南西,3,0,2,3,4906,鈴 木 雅 希,27,62,6.74,3,0.24,1.50.3,1-3-6,560,1,1-3,170,1,1-3-6,420,2,1-3,240,1,,,,,,,
20250513,尼崎,9,予選特賞,晴,南西,3,0,3,6,4036,金 田 諭,33,27,6.77,6,0.23,1.52.5,1-3-6,560,1,1-3,170,1,1-3-6,420,2,1-3,240,1,,,,,,,
20250513,尼崎,9,予選特賞,晴,南西,3,0,4,2,4071,古 賀 千 晶,30,44,6.79,2,0.27,1.53.8,1-3-6,560,1,1-3,170,1,1-3-6,420,2,1-3,240,1,,,,,,,
20250513,尼崎,9,予選特賞,晴,南西,3,0,5,4,4379,桑 島 和 宏,11,25,6.84,4,0.23,1.55.2,1-3-6,560,1,1-3,170,1,1-3-6,420,2,1-3,240,1,,,,,,,
20250513,尼崎,9,予選特賞,晴,南西,3,0,6,5,4846,佐 藤 駿 介,59,51,6.81,5,0.18,1.56.9,1-3-6,560,1,1-3,170,1,1-3-6,420,2,1-3,240,1,,,,,,,
20250513,尼崎,10,予選特賞,晴,南西,5,3,1,1,5142,常 住 蓮,18,69,6.73,1,0.14,1.48.1,1-2-4,1210,6,1-2,280,2,1-2-4,890,5,1-2,270,2,,,,,,,
20250513,尼崎,10,予選特賞,晴,南西,5,3,2,2,3303,渡 辺 豊,21,33,6.79,2,0.18,1.50.9,1-2-4,1210,6,1-2,280,2,1-2-4,890,5,1-2,270,2,,,,,,,
20250513,尼崎,10,予選特賞,晴,南西,5,3,3,4,3986,沖 島 広 和,53,58,6.77,4,0.17,1.51.4,1-2-4,1210,6,1-2,280,2,1-2-4,890,5,1-2,270,2,,,,,,,
20250513,尼崎,10,予選特賞,晴,南西,5,3,4,6,3878,胡 本 悟 志,54,52,6.81,6,0.11,1.52.9,1-2-4,1210,6,1-2,280,2,1-2-4,890,5,1-2,270,2,,,,,,,
20250513,尼崎,10,予選特賞,晴,南西,5,3,5,5,5064,品 川 二千翔,28,61,6.78,5,0.16,1.54.2,1-2-4,1210,6,1-2,280,2,1-2-4,890,5,1-2,270,2,,,,,,,
20250513,尼崎,10,予選特賞,晴,南西,5,3,6,3,3873,別 府 昌 樹,5,72,6.84,3,0.14,1.55.6,1-2-4,1210,6,1-2,280,2,1-2-4,890,5,1-2,270,2,,,,,,,
20250513,尼崎,11,予選特選,晴,南西,4,0,1,1,4278,藤 岡 俊 介,52,66,6.76,1,0.07,1.48.5,1-3-4,570,1,1-3,310,1,1-3-4,320,1,1-3,210,1,,,,,,,
20250513,尼崎,11,予選特選,晴,南西,4,0,2,3,3350,藤 本 佳 史,26,14,6.80,3,0.09,1.50.2,1-3-4,570,1,1-3,310,1,1-3-4,320,1,1-3,210,1,,,,,,,
20250513,尼崎,11,予選特選,晴,南西,4,0,3,4,4549,小 林 文 彦,58,75,6.81,4,0.17,1.51.6,1-3-4,570,1,1-3,310,1,1-3-4,320,1,1-3,210,1,,,,,,,
20250513,尼崎,11,予選特選,晴,南西,4,0,4,2,5175,島 崎 丈一朗,6,22,6.78,2,0.28,1.52.6,1-3-4,570,1,1-3,310,1,1-3-4,320,1,1-3,210,1,,,,,,,
20250513,尼崎,11,予選特選,晴,南西,4,0,5,6,5027,重 冨 勇 哉,39,23,6.70,6,0.15,1.53.3,1-3-4,570,1,1-3,310,1,1-3-4,320,1,1-3,210,1,,,,,,,
20250513,尼崎,11,予選特選,晴,南西,4,0,6,5,4948,木 場 悠 介,4,60,6.79,5,0.11,1.56.1,1-3-4,570,1,1-3,310,1,1-3-4,320,1,1-3,210,1,,,,,,,
20250513,尼崎,12,予選特選,晴,南西,3,0,1,1,4075,中 野 次 郎,10,53,6.84,1,0.14,1.49.2,1-2-3,530,1,1-2,210,1,1-2-3,210,1,1-2,140,1,,,,,,,
20250513,尼崎,12,予選特選,晴,南西,3,0,2,2,4645,上 村 純 一,13,26,6.79,2,0.23,1.49.6,1-2-3,530,1,1-2,210,1,1-2-3,210,1,1-2,140,1,,,,,,,
20250513,尼崎,12,予選特選,晴,南西,3,0,3,3,4883,岡 部 大 輝,12,70,6.82,3,0.14,1.50.8,1-2-3,530,1,1-2,210,1,1-2-3,210,1,1-2,140,1,,,,,,,
20250513,尼崎,12,予選特選,晴,南西,3,0,4,4,4475,末 永 祐 輝,41,11,6.72,4,0.11,1.52.0,1-2-3,530,1,1-2,210,1,1-2-3,210,1,1-2,140,1,,,,,,,
20250513,尼崎,12,予選特選,晴,南西,3,0,5,6,5155,内 山 七 海,8,31,6.75,6,0.14,1.53.2,1-2-3,530,1,1-2,210,1,1-2-3,210,1,1-2,140,1,,,,,,,
20250513,尼崎,12,予選特選,晴,南西,3,0,6,5,4853,前 原 哉,17,39,6.76,5,0.17,1.53.5,1-2-3,530,1,1-2,210,1,1-2-3,210,1,1-2,140,1,,,,,,,
20250513,常滑,1,予選,晴,北西,2,1,1,1,4804,高 田 ひかる,21,46,6.71,1,0.28,1.49.4,1-4-3,1160,2,1-4,510,2,1-3-4,430,1,1-4,320,1,,,,,,,
20250513,常滑,1,予選,晴,北西,2,1,2,4,5163,清 水 愛 海,18,35,6.76,4,0.25,1.50.9,1-4-3,1160,2,1-4,510,2,1-3-4,430,1,1-4,320,1,,,,,,,
20250513,常滑,1,予選,晴,北西,2,1,3,3,4884,勝 浦 真 帆,58,58,6.77,3,0.23,1.52.9,1-4-3,1160,2,1-4,510,2,1-3-4,430,1,1-4,320,1,,,,,,,
20250513,常滑,1,予選,晴,北西,2,1,4,6,5088,高 憧 四 季,41,19,6.72,6,0.20,1.54.0,1-4-3,1160,2,1-4,510,2,1-3-4,430,1,1-4,320,1,,,,,,,
20250513,常滑,1,予選,晴,北西,2,1,5,5,4611,今 井 美 亜,14,73,6.77,5,0.26,,1-4-3,1160,2,1-4,510,2,1-3-4,430,1,1-4,320,1,,,,,,,
20250513,常滑,1,予選,晴,北西,2,1,6,2,5241,門 田 栞,10,74,6.74,2,0.26,,1-4-3,1160,2,1-4,510,2,1-3-4,430,1,1-4,320,1,,,,,,,
20250513,常滑,2,予選,晴,北西,2,1,1,5,4878,西 岡 育 未,46,57,6.74,5,0.34,1.50.1,5-3-1,143670,120,5-3,20660,30,1-3-5,3790,11,3-5,5750,14,,,,,,,
20250513,常滑,2,予選,晴,北西,2,1,2,3,3435,寺 田 千 恵,49,49,6.77,3,0.26,1.51.1,5-3-1,143670,120,5-3,20660,30,1-3-5,3790,11,3-5,5750,14,,,,,,,
20250513,常滑,2,予選,晴,北西,2,1,3,1,4843,深 尾 巴 恵,22,47,6.72,1,0.19,1.52.1,5-3-1,143670,120,5-3,20660,30,1-3-5,3790,11,3-5,5750,14,,,,,,,
20250513,常滑,2,予選,晴,北西,2,1,4,2,3232,山 川 美由紀,39,29,6.77,2,0.23,1.53.4,5-3-1,143670,120,5-3,20660,30,1-3-5,3790,11,3-5,5750,14,,,,,,,
20250513,常滑,2,予選,晴,北西,2,1,5,6,4208,三 浦 永 理,37,59,6.67,6,0.35,,5-3-1,143670,120,5-3,20660,30,1-3-5,3790,11,3-5,5750,14,,,,,,,
20250513,常滑,2,予選,晴,北西,2,1,6,4,5013,山 下 夏 鈴,16,15,6.67,4,0.25,,5-3-1,143670,120,5-3,20660,30,1-3-5,3790,11,3-5,5750,14,,,,,,,
20250513,常滑,3,予選,晴,西,2,1,1,4,5281,井 上 遥 妃,44,22,6.83,4,0.07,1.49.9,4-5-6,10040,31,4-5,3980,13,4-5-6,2240,11,4-5,1860,8,,,,,,,
20250513,常滑,3,予選,晴,西,2,1,2,5,4450,平 高 奈 菜,50,26,6.75,5,0.04,1.50.4,4-5-6,10040,31,4-5,3980,13,4-5-6,2240,11,4-5,1860,8,,,,,,,
20250513,常滑,3,予選,晴,西,2,1,3,6,4456,鎌 倉 涼,56,41,6.73,6,0.05,1.52.9,4-5-6,10040,31,4-5,3980,13,4-5-6,2240,11,4-5,1860,8,,,,,,,
20250513,常滑,3,予選,晴,西,2,1,4,3,5205,刑 部 亜里紗,5,18,6.78,3,0.24,1.54.0,4-5-6,10040,31,4-5,3980,13,4-5-6,2240,11,4-5,1860,8,,,,,,,
20250513,常滑,3,予選,晴,西,2,1,5,1,4900,中 田 夕 貴,59,52,6.69,1,0.21,,4-5-6,10040,31,4-5,3980,13,4-5-6,2240,11,4-5,1860,8,,,,,,,
20250513,常滑,3,予選,晴,西,2,1,6,2,5188,武 井 莉里佳,57,64,6.74,2,0.26,,4-5-6,10040,31,4-5,3980,13,4-5-6,2240,11,4-5,1860,8,,,,,,,
20250513,常滑,4,予選,晴,南西,2,1,1,1,3611,岩 崎 芳 美,52,36,6.73,1,0.24,1.49.7,1-2-4,1330,1,1-2,450,1,1-2-4,550,2,1-2,340,1,,,,,,,
20250513,常滑,4,予選,晴,南西,2,1,2,2,4387,平 山 智 加,38,31,6.74,2,0.21,1.50.7,1-2-4,1330,1,1-2,450,1,1-2-4,550,2,1-2,340,1,,,,,,,
20250513,常滑,4,予選,晴,南西,2,1,3,4,4347,魚 谷 香 織,4,20,6.76,4,0.19,1.52.4,1-2-4,1330,1,1-2,450,1,1-2-4,550,2,1-2,340,1,,,,,,,
20250513,常滑,4,予選,晴,南西,2,1,4,5,4190,長 嶋 万 記,40,38,6.77,5,0.25,1.52.6,1-2-4,1330,1,1-2,450,1,1-2-4,550,2,1-2,340,1,,,,,,,
20250513,常滑,4,予選,晴,南西,2,1,5,6,4938,小 芦 るり華,2,27,6.71,6,0.24,,1-2-4,1330,1,1-2,450,1,1-2-4,550,2,1-2,340,1,,,,,,,
20250513,常滑,4,予選,晴,南西,2,1,6,3,4519,清 水 沙 樹,11,44,6.74,3,0.21,,1-2-4,1330,1,1-2,450,1,1-2-4,550,2,1-2,340,1,,,,,,,
20250513,常滑,5,予選,晴,南西,2,1,1,3,5045,平 川 香 織,15,56,6.76,3,0.18,1.49.7,3-1-2,6390,20,3-1,2120,9,1-2-3,580,1,1-3,500,2,,,,,,,
20250513,常滑,5,予選,晴,南西,2,1,2,1,5146,野 田 彩 加,20,70,6.76,1,0.16,1.51.5,3-1-2,6390,20,3-1,2120,9,1-2-3,580,1,1-3,500,2,,,,,,,
20250513,常滑,5,予選,晴,南西,2,1,3,2,4758,富 樫 麗 加,23,65,6.74,2,0.27,1.52.5,3-1-2,6390,20,3-1,2120,9,1-2-3,580,1,1-3,500,2,,,,,,,
20250513,常滑,5,予選,晴,南西,2,1,4,6,4123,細 川 裕 子,33,40,6.81,6,0.27,1.52.7,3-1-2,6390,20,3-1,2120,9,1-2-3,580,1,1-3,500,2,,,,,,,
20250513,常滑,5,予選,晴,南西,2,1,5,4,3302,谷 川 里 江,31,14,6.71,4,0.14,,3-1-2,6390,20,3-1,2120,9,1-2-3,580,1,1-3,500,2,,,,,,,
20250513,常滑,5,予選,晴,南西,2,1,6,5,5193,米 丸 乃 絵,45,11,6.76,5,0.22,,3-1-2,6390,20,3-1,2120,9,1-2-3,580,1,1-3,500,2,,,,,,,
20250513,常滑,6,予選,晴,南,2,1,1,1,4433,川 野 芽 唯,25,16,6.83,1,0.08,1.49.3,1-4-5,1400,3,1-4,600,2,1-4-5,450,3,1-4,380,2,,,,,,,
20250513,常滑,6,予選,晴,南,2,1,2,4,4183,宇 野 弥 生,47,17,6.77,4,0.08,1.51.3,1-4-5,1400,3,1-4,600,2,1-4-5,450,3,1-4,380,2,,,,,,,
20250513,常滑,6,予選,晴,南,2,1,3,5,5163,清 水 愛 海,18,35,6.81,5,0.12,1.53.2,1-4-5,1400,3,1-4,600,2,1-4-5,450,3,1-4,380,2,,,,,,,
20250513,常滑,6,予選,晴,南,2,1,4,2,4011,堀之内 紀代子,51,32,6.78,2,0.08,1.53.3,1-4-5,1400,3,1-4,600,2,1-4-5,450,3,1-4,380,2,,,,,,,
20250513,常滑,6,予選,晴,南,2,1,5,6,5203,神 里 琴 音,24,54,6.79,6,0.08,,1-4-5,1400,3,1-4,600,2,1-4-5,450,3,1-4,380,2,,,,,,,
20250513,常滑,6,予選,晴,南,2,1,6,3,4714,喜多須 杏 奈,35,39,6.83,3,0.12,,1-4-5,1400,3,1-4,600,2,1-4-5,450,3,1-4,380,2,,,,,,,
20250513,常滑,7,予選,晴,南,2,1,1,1,4447,深 川 麻奈美,34,75,6.78,1,0.09,1.49.5,1-3-6,6930,27,1-3,1110,5,1-3-6,3710,12,1-3,1350,5,,,,,,,
20250513,常滑,7,予選,晴,南,2,1,2,3,4984,森 下 愛 梨,13,63,6.77,3,0.10,1.51.0,1-3-6,6930,27,1-3,1110,5,1-3-6,3710,12,1-3,1350,5,,,,,,,
20250513,常滑,7,予選,晴,南,2,1,3,6,5218,山 田 理 央,36,72,6.73,6,0.11,1.52.6,1-3-6,6930,27,1-3,1110,5,1-3-6,3710,12,1-3,1350,5,,,,,,,
20250513,常滑,7,予選,晴,南,2,1,4,4,4804,高 田 ひかる,21,46,6.75,4,0.12,1.52.7,1-3-6,6930,27,1-3,1110,5,1-3-6,3710,12,1-3,1350,5,,,,,,,
20250513,常滑,7,予選,晴,南,2,1,5,5,4843,深 尾 巴 恵,22,47,6.80,5,0.10,,1-3-6,6930,27,1-3,1110,5,1-3-6,3710,12,1-3,1350,5,,,,,,,
20250513,常滑,7,予選,晴,南,2,1,6,2,3618,海 野 ゆかり,17,53,6.77,2,0.12,,1-3-6,6930,27,1-3,1110,5,1-3-6,3710,12,1-3,1350,5,,,,,,,
20250513,常滑,8,予選,晴,南,2,1,1,5,4845,前 田 紗 希,29,24,6.80,5,0.09,1.50.4,5-4-1,17830,57,5-4,5230,19,1-4-5,1010,6,4-5,1690,9,,,,,,,
20250513,常滑,8,予選,晴,南,2,1,2,4,5088,高 憧 四 季,41,19,6.77,4,0.04,1.51.5,5-4-1,17830,57,5-4,5230,19,1-4-5,1010,6,4-5,1690,9,,,,,,,
20250513,常滑,8,予選,晴,南,2,1,3,1,3435,寺 田 千 恵,49,49,6.81,1,0.08,1.54.8,5-4-1,17830,57,5-4,5230,19,1-4-5,1010,6,4-5,1690,9,,,,,,,
20250513,常滑,8,予選,晴,南,2,1,4,2,5129,山 口 真喜子,61,51,6.80,2,0.32,1.56.6,5-4-1,17830,57,5-4,5230,19,1-4-5,1010,6,4-5,1690,9,,,,,,,
20250513,常滑,8,予選,晴,南,2,1,5,6,3999,大 瀧 明日香,27,62,6.80,6,0.09,,5-4-1,17830,57,5-4,5230,19,1-4-5,1010,6,4-5,1690,9,,,,,,,
20250513,常滑,8,予選,晴,南,2,1,6,3,5281,井 上 遥 妃,44,22,6.82,3,0.10,,5-4-1,17830,57,5-4,5230,19,1-4-5,1010,6,4-5,1690,9,,,,,,,
20250513,常滑,9,予選,晴,南,2,1,1,2,4456,鎌 倉 涼,56,41,6.82,2,0.26,1.50.3,2-5-1,24340,66,2-5,5790,17,1-2-5,2690,9,2-5,3320,11,,,,,,,
20250513,常滑,9,予選,晴,南,2,1,2,5,5264,登 みひ果,28,68,6.83,5,0.17,1.51.8,2-5-1,24340,66,2-5,5790,17,1-2-5,2690,9,2-5,3320,11,,,,,,,
20250513,常滑,9,予選,晴,南,2,1,3,1,4878,西 岡 育 未,46,57,6.80,1,0.26,1.53.2,2-5-1,24340,66,2-5,5790,17,1-2-5,2690,9,2-5,3320,11,,,,,,,
20250513,常滑,9,予選,晴,南,2,1,4,6,4045,佐々木 裕 美,60,42,6.80,6,0.22,1.53.7,2-5-1,24340,66,2-5,5790,17,1-2-5,2690,9,2-5,3320,11,,,,,,,
20250513,常滑,9,予選,晴,南,2,1,5,4,4190,長 嶋 万 記,40,38,6.80,4,0.23,,2-5-1,24340,66,2-5,5790,17,1-2-5,2690,9,2-5,3320,11,,,,,,,
20250513,常滑,9,予選,晴,南,2,1,6,3,4746,大豆生田 蒼,53,43,6.83,3,0.27,,2-5-1,24340,66,2-5,5790,17,1-2-5,2690,9,2-5,3320,11,,,,,,,
20250513,常滑,10,予選,晴,南東,2,1,1,1,4183,宇 野 弥 生,47,17,6.77,1,0.13,1.50.0,1-2-3,820,2,1-2,400,2,1-2-3,260,1,1-2,380,2,,,,,,,
20250513,常滑,10,予選,晴,南東,2,1,2,2,4884,勝 浦 真 帆,58,58,6.78,2,0.14,1.52.0,1-2-3,820,2,1-2,400,2,1-2-3,260,1,1-2,380,2,,,,,,,
20250513,常滑,10,予選,晴,南東,2,1,3,3,4387,平 山 智 加,38,31,6.80,3,0.14,1.53.1,1-2-3,820,2,1-2,400,2,1-2-3,260,1,1-2,380,2,,,,,,,
20250513,常滑,10,予選,晴,南東,2,1,4,6,4927,関 野 文,19,50,6.84,6,0.17,1.53.7,1-2-3,820,2,1-2,400,2,1-2-3,260,1,1-2,380,2,,,,,,,
20250513,常滑,10,予選,晴,南東,2,1,5,5,5205,刑 部 亜里紗,5,18,6.88,5,0.18,,1-2-3,820,2,1-2,400,2,1-2-3,260,1,1-2,380,2,,,,,,,
20250513,常滑,10,予選,晴,南東,2,1,6,4,5193,米 丸 乃 絵,45,11,6.81,4,0.16,,1-2-3,820,2,1-2,400,2,1-2-3,260,1,1-2,380,2,,,,,,,
20250513,常滑,11,予選,晴,南東,3,1,1,1,4450,平 高 奈 菜,50,26,6.79,1,0.12,1.49.9,1-4-2,490,2,1-4,270,2,1-2-4,180,1,1-4,200,1,,,,,,,
20250513,常滑,11,予選,晴,南東,3,1,2,4,4208,三 浦 永 理,37,59,6.80,4,0.06,1.50.7,1-4-2,490,2,1-4,270,2,1-2-4,180,1,1-4,200,1,,,,,,,
20250513,常滑,11,予選,晴,南東,3,1,3,2,4611,今 井 美 亜,14,73,6.82,3,0.07,1.53.5,1-4-2,490,2,1-4,270,2,1-2-4,180,1,1-4,200,1,,,,,,,
20250513,常滑,11,予選,晴,南東,3,1,4,5,5146,野 田 彩 加,20,70,6.82,5,0.04,1.55.2,1-4-2,490,2,1-4,270,2,1-2-4,180,1,1-4,200,1,,,,,,,
20250513,常滑,11,予選,晴,南東,3,1,5,3,5203,神 里 琴 音,24,54,6.86,2,0.29,,1-4-2,490,2,1-4,270,2,1-2-4,180,1,1-4,200,1,,,,,,,
20250513,常滑,12,ドリーム戦,晴,南,3,1,1,1,4546,浜 田 亜理沙,54,37,6.76,1,0.19,1.48.3,1-3-5,1360,4,1-3,340,1,1-3-5,820,3,1-3,270,1,,,,,,,
20250513,常滑,12,ドリーム戦,晴,南,3,1,2,3,4502,遠 藤 エ ミ,26,45,6.75,3,0.29,1.50.5,1-3-5,1360,4,1-3,340,1,1-3-5,820,3,1-3,270,1,,,,,,,
20250513,常滑,12,ドリーム戦,晴,南,3,1,3,5,5174,川 井 萌,55,13,6.81,5,0.19,1.52.2,1-3-5,1360,4,1-3,340,1,1-3-5,820,3,1-3,270,1,,,,,,,
20250513,常滑,12,ドリーム戦,晴,南,3,1,4,6,4590,渡 邉 優 美,48,48,6.80,6,0.25,1.53.2,1-3-5,1360,4,1-3,340,1,1-3-5,820,3,1-3,270,1,,,,,,,
20250513,常滑,12,ドリーム戦,晴,南,3,1,5,4,4963,實 森 美 祐,6,25,6.77,4,0.27,,1-3-5,1360,4,1-3,340,1,1-3-5,820,3,1-3,270,1,,,,,,,
20250513,常滑,12,ドリーム戦,晴,南,3,1,6,2,4961,西 橋 奈 未,1,28,6.79,2,0.25,,1-3-5,1360,4,1-3,340,1,1-3-5,820,3,1-3,270,1,,,,,,,
20250513,平和島,1,予選,晴,南東,2,3,1,2,3579,中 里 優 子,62,71,6.84,2,0.11,1.50.0,2-1-6,3680,10,2-1,2240,7,1-2-6,450,1,1-2,480,2,,,,,,,
20250513,平和島,1,予選,晴,南東,2,3,2,1,5133,堀 越 雄 貴,23,58,6.72,1,0.12,1.51.5,2-1-6,3680,10,2-1,2240,7,1-2-6,450,1,1-2,480,2,,,,,,,
20250513,平和島,1,予選,晴,南東,2,3,3,6,4736,高 倉 和 士,63,48,6.90,6,0.17,1.52.8,2-1-6,3680,10,2-1,2240,7,1-2-6,450,1,1-2,480,2,,,,,,,
20250513,平和島,1,予選,晴,南東,2,3,4,3,4899,占 部 一 真,38,63,6.90,3,0.08,1.53.4,2-1-6,3680,10,2-1,2240,7,1-2-6,450,1,1-2,480,2,,,,,,,
20250513,平和島,1,予選,晴,南東,2,3,5,5,4270,岸 本 雄 貴,64,43,6.81,5,0.18,,2-1-6,3680,10,2-1,2240,7,1-2-6,450,1,1-2,480,2,,,,,,,
20250513,平和島,1,予選,晴,南東,2,3,6,4,4882,瀧 川 千 依,33,62,6.79,4,0.21,,2-1-6,3680,10,2-1,2240,7,1-2-6,450,1,1-2,480,2,,,,,,,
20250513,平和島,2,東京ベイラン,晴,南,2,3,1,1,4236,松 村 敏,48,16,6.79,1,0.10,1.49.1,1-3-5,1100,4,1-3,440,2,1-3-5,600,3,1-3,250,2,,,,,,,
20250513,平和島,2,東京ベイラン,晴,南,2,3,2,3,3843,上 之 晃 弘,68,33,6.90,3,0.06,1.50.7,1-3-5,1100,4,1-3,440,2,1-3-5,600,3,1-3,250,2,,,,,,,
20250513,平和島,2,東京ベイラン,晴,南,2,3,3,5,4411,沢 田 昭 宏,67,47,6.87,5,0.14,1.52.0,1-3-5,1100,4,1-3,440,2,1-3-5,600,3,1-3,250,2,,,,,,,
20250513,平和島,2,東京ベイラン,晴,南,2,3,4,2,4825,倉 持 莉 々,66,46,6.89,2,0.11,1.53.8,1-3-5,1100,4,1-3,440,2,1-3-5,600,3,1-3,250,2,,,,,,,
20250513,平和島,2,東京ベイラン,晴,南,2,3,5,4,3895,堀 本 裕 也,49,53,6.86,4,0.11,,1-3-5,1100,4,1-3,440,2,1-3-5,600,3,1-3,250,2,,,,,,,
20250513,平和島,2,東京ベイラン,晴,南,2,3,6,6,4905,土 井 祥 伍,73,35,6.90,6,0.15,,1-3-5,1100,4,1-3,440,2,1-3-5,600,3,1-3,250,2,,,,,,,
20250513,平和島,3,予選,晴,南,4,3,1,2,4771,下 寺 秀 和,19,59,6.73,2,0.09,1.49.8,2-6-4,4250,15,2-6,860,4,2-4-6,1550,6,2-6,460,3,,,,,,,
20250513,平和島,3,予選,晴,南,4,3,2,6,4581,吉 村 誠,10,26,6.82,6,0.06,1.51.1,2-6-4,4250,15,2-6,860,4,2-4-6,1550,6,2-6,460,3,,,,,,,
20250513,平和島,3,予選,晴,南,4,3,3,4,4864,小 川 日紀太,72,36,6.72,4,0.09,1.52.5,2-6-4,4250,15,2-6,860,4,2-4-6,1550,6,2-6,460,3,,,,,,,
20250513,平和島,3,予選,晴,南,4,3,4,3,4630,岩 永 雅 人,39,15,6.79,3,0.12,1.53.4,2-6-4,4250,15,2-6,860,4,2-4-6,1550,6,2-6,460,3,,,,,,,
20250513,平和島,3,予選,晴,南,4,3,5,5,4244,鈴 木 成 美,70,52,6.78,5,0.08,,2-6-4,4250,15,2-6,860,4,2-4-6,1550,6,2-6,460,3,,,,,,,
20250513,平和島,3,予選,晴,南,4,3,6,1,3566,川 添 英 正,71,21,6.83,1,0.13,,2-6-4,4250,15,2-6,860,4,2-4-6,1550,6,2-6,460,3,,,,,,,
20250513,平和島,4,予選,晴,南,2,3,1,1,3663,木 山 和 幸,44,31,6.75,1,0.09,1.52.0,1-2-5,1290,3,1-2,410,1,1-2-5,390,2,1-2,290,1,,,,,,,
20250513,平和島,4,予選,晴,南,2,3,2,2,4553,坪 口 竜 也,31,22,6.87,2,0.15,1.54.1,1-2-5,1290,3,1-2,410,1,1-2-5,390,2,1-2,290,1,,,,,,,
20250513,平和島,4,予選,晴,南,2,3,3,5,5049,松 井 友 汰,12,55,6.81,5,0.32,1.56.9,1-2-5,1290,3,1-2,410,1,1-2-5,390,2,1-2,290,1,,,,,,,
20250513,平和島,4,予選,晴,南,2,3,4,3,4336,松 田 竜 馬,51,75,6.79,3,0.15,1.59.1,1-2-5,1290,3,1-2,410,1,1-2-5,390,2,1-2,290,1,,,,,,,
20250513,平和島,4,予選,晴,南,2,3,5,4,4781,西 舘 果 里,52,51,6.78,4,0.29,,1-2-5,1290,3,1-2,410,1,1-2-5,390,2,1-2,290,1,,,,,,,
20250513,平和島,5,予選,晴,南,2,3,1,2,4468,大 池 佑 来,35,50,6.77,2,0.12,1.49.6,2-5-3,5430,24,2-5,1620,6,2-3-5,980,4,2-5,740,4,,,,,,,
20250513,平和島,5,予選,晴,南,2,3,2,5,3233,小 畑 実 成,57,28,6.78,5,0.12,1.52.0,2-5-3,5430,24,2-5,1620,6,2-3-5,980,4,2-5,740,4,,,,,,,
20250513,平和島,5,予選,晴,南,2,3,3,3,4538,笠 置 博 之,28,57,6.67,4,0.11,1.54.5,2-5-3,5430,24,2-5,1620,6,2-3-5,980,4,2-5,740,4,,,,,,,
20250513,平和島,5,予選,晴,南,2,3,4,4,4076,杉 田 篤 光,15,56,6.85,3,0.13,1.55.1,2-5-3,5430,24,2-5,1620,6,2-3-5,980,4,2-5,740,4,,,,,,,
20250513,平和島,5,予選,晴,南,2,3,5,1,5232,樅 山 拓 馬,45,72,6.76,1,0.11,,2-5-3,5430,24,2-5,1620,6,2-3-5,980,4,2-5,740,4,,,,,,,
20250513,平和島,5,予選,晴,南,2,3,6,6,5415,阿 部 未 侑,24,37,6.74,6,0.25,,2-5-3,5430,24,2-5,1620,6,2-3-5,980,4,2-5,740,4,,,,,,,
20250513,平和島,6,予選,晴,南,2,3,1,3,4882,瀧 川 千 依,33,62,6.74,3,0.22,1.50.2,3-2-5,7470,27,3-2,2890,14,2-3-5,750,5,2-3,930,5,,,,,,,
20250513,平和島,6,予選,晴,南,2,3,2,2,4497,桑 原 悠,61,19,6.85,2,0.19,1.52.1,3-2-5,7470,27,3-2,2890,14,2-3-5,750,5,2-3,930,5,,,,,,,
20250513,平和島,6,予選,晴,南,2,3,3,5,3300,川 崎 智 幸,37,69,6.79,5,0.21,1.53.4,3-2-5,7470,27,3-2,2890,14,2-3-5,750,5,2-3,930,5,,,,,,,
20250513,平和島,6,予選,晴,南,2,3,4,4,4163,山 崎 裕 司,27,73,6.76,4,0.26,1.54.1,3-2-5,7470,27,3-2,2890,14,2-3-5,750,5,2-3,930,5,,,,,,,
20250513,平和島,6,予選,晴,南,2,3,5,6,5314,中 曽 瑠 華,29,41,6.83,6,0.25,,3-2-5,7470,27,3-2,2890,14,2-3-5,750,5,2-3,930,5,,,,,,,
20250513,平和島,6,予選,晴,南,2,3,6,1,5007,近 藤 雄一郎,40,30,6.84,1,0.28,,3-2-5,7470,27,3-2,2890,14,2-3-5,750,5,2-3,930,5,,,,,,,
20250513,平和島,7,予選,晴,南,2,3,1,3,4367,山 口 修 路,17,39,6.78,3,0.18,1.50.4,3-6-1,7620,27,3-6,2690,12,1-3-6,510,2,3-6,1630,7,,,,,,,
20250513,平和島,7,予選,晴,南,2,3,2,6,3984,坂 口 周,36,13,6.77,6,0.23,1.52.2,3-6-1,7620,27,3-6,2690,12,1-3-6,510,2,3-6,1630,7,,,,,,,
20250513,平和島,7,予選,晴,南,2,3,3,1,4825,倉 持 莉 々,66,46,6.81,1,0.23,1.54.1,3-6-1,7620,27,3-6,2690,12,1-3-6,510,2,3-6,1630,7,,,,,,,
20250513,平和島,7,予選,晴,南,2,3,4,4,4420,津久井 拓 也,53,54,6.93,4,0.17,1.54.6,3-6-1,7620,27,3-6,2690,12,1-3-6,510,2,3-6,1630,7,,,,,,,
20250513,平和島,7,予選,晴,南,2,3,5,2,4899,占 部 一 真,38,63,6.84,2,0.19,,3-6-1,7620,27,3-6,2690,12,1-3-6,510,2,3-6,1630,7,,,,,,,
20250513,平和島,7,予選,晴,南,2,3,6,5,5140,吉 田 彩 乃,59,20,6.81,5,0.22,,3-6-1,7620,27,3-6,2690,12,1-3-6,510,2,3-6,1630,7,,,,,,,
20250513,平和島,8,ベイブレイク,晴,南,3,3,1,4,3822,平 尾 崇 典,30,70,6.73,4,0.12,1.49.8,4-1-3,4020,15,4-1,370,2,1-3-4,700,3,1-4,250,1,,,,,,,
20250513,平和島,8,ベイブレイク,晴,南,3,3,2,1,4336,松 田 竜 馬,51,75,6.84,1,0.11,1.52.7,4-1-3,4020,15,4-1,370,2,1-3-4,700,3,1-4,250,1,,,,,,,
20250513,平和島,8,ベイブレイク,晴,南,3,3,3,3,5048,眞 鳥 康 太,58,44,6.96,3,0.15,1.52.9,4-1-3,4020,15,4-1,370,2,1-3-4,700,3,1-4,250,1,,,,,,,
20250513,平和島,8,ベイブレイク,晴,南,3,3,4,6,4244,鈴 木 成 美,70,52,6.83,6,0.14,1.54.2,4-1-3,4020,15,4-1,370,2,1-3-4,700,3,1-4,250,1,,,,,,,
20250513,平和島,8,ベイブレイク,晴,南,3,3,5,2,4139,丹 下 健,22,60,6.88,2,0.16,,4-1-3,4020,15,4-1,370,2,1-3-4,700,3,1-4,250,1,,,,,,,
20250513,平和島,8,ベイブレイク,晴,南,3,3,6,5,5133,堀 越 雄 貴,23,58,6.74,5,0.12,,4-1-3,4020,15,4-1,370,2,1-3-4,700,3,1-4,250,1,,,,,,,
20250513,平和島,9,予選特賞,晴,南,3,3,1,2,4411,沢 田 昭 宏,67,47,6.82,2,0.11,1.51.1,2-1-5,5340,21,2-1,2230,11,1-2-5,400,2,1-2,520,3,,,,,,,
20250513,平和島,9,予選特賞,晴,南,3,3,2,1,4430,永 田 秀 二,21,18,6.75,1,0.13,1.52.6,2-1-5,5340,21,2-1,2230,11,1-2-5,400,2,1-2,520,3,,,,,,,
20250513,平和島,9,予選特賞,晴,南,3,3,3,5,4771,下 寺 秀 和,19,59,6.67,5,0.18,1.54.2,2-1-5,5340,21,2-1,2230,11,1-2-5,400,2,1-2,520,3,,,,,,,
20250513,平和島,9,予選特賞,晴,南,3,3,4,4,5232,樅 山 拓 馬,45,72,6.87,4,0.14,1.54.5,2-1-5,5340,21,2-1,2230,11,1-2-5,400,2,1-2,520,3,,,,,,,
20250513,平和島,9,予選特賞,晴,南,3,3,5,6,4270,岸 本 雄 貴,64,43,6.82,6,0.24,,2-1-5,5340,21,2-1,2230,11,1-2-5,400,2,1-2,520,3,,,,,,,
20250513,平和島,9,予選特賞,晴,南,3,3,6,3,5049,松 井 友 汰,12,55,6.94,3,0.14,,2-1-5,5340,21,2-1,2230,11,1-2-5,400,2,1-2,520,3,,,,,,,
20250513,平和島,10,予選特賞,晴,南,5,3,1,1,4468,大 池 佑 来,35,50,6.74,1,0.08,1.50.0,1-3-4,1040,5,1-3,500,3,1-3-4,620,3,1-3,360,3,,,,,,,
20250513,平和島,10,予選特賞,晴,南,5,3,2,3,3663,木 山 和 幸,44,31,6.75,3,0.11,1.51.9,1-3-4,1040,5,1-3,500,3,1-3-4,620,3,1-3,360,3,,,,,,,
20250513,平和島,10,予選特賞,晴,南,5,3,3,4,5058,前 原 大 道,26,14,6.79,4,0.14,1.53.3,1-3-4,1040,5,1-3,500,3,1-3-4,620,3,1-3,360,3,,,,,,,
20250513,平和島,10,予選特賞,晴,南,5,3,4,2,3300,川 崎 智 幸,37,69,6.93,2,0.14,1.55.0,1-3-4,1040,5,1-3,500,3,1-3-4,620,3,1-3,360,3,,,,,,,
20250513,平和島,10,予選特賞,晴,南,5,3,5,6,4864,小 川 日紀太,72,36,6.85,6,0.14,,1-3-4,1040,5,1-3,500,3,1-3-4,620,3,1-3,360,3,,,,,,,
20250513,平和島,10,予選特賞,晴,南,5,3,6,5,4905,土 井 祥 伍,73,35,6.77,5,0.19,,1-3-4,1040,5,1-3,500,3,1-3-4,620,3,1-3,360,3,,,,,,,
20250513,平和島,11,予選特選,晴,南,3,3,1,1,4553,坪 口 竜 也,31,22,6.80,1,0.10,1.51.3,1-4-3,5110,22,1-4,1850,8,1-3-4,850,4,1-4,1510,7,,,,,,,
20250513,平和島,11,予選特選,晴,南,3,3,2,4,4367,山 口 修 路,17,39,6.89,4,0.14,1.52.0,1-4-3,5110,22,1-4,1850,8,1-3-4,850,4,1-4,1510,7,,,,,,,
20250513,平和島,11,予選特選,晴,南,3,3,3,3,4236,松 村 敏,48,16,6.95,3,0.08,1.53.7,1-4-3,5110,22,1-4,1850,8,1-3-4,850,4,1-4,1510,7,,,,,,,
20250513,平和島,11,予選特選,晴,南,3,3,4,2,4163,山 崎 裕 司,27,73,6.90,2,0.13,1.54.2,1-4-3,5110,22,1-4,1850,8,1-3-4,850,4,1-4,1510,7,,,,,,,
20250513,平和島,11,予選特選,晴,南,3,3,5,6,4630,岩 永 雅 人,39,15,6.82,6,0.13,,1-4-3,5110,22,1-4,1850,8,1-3-4,850,4,1-4,1510,7,,,,,,,
20250513,平和島,11,予選特選,晴,南,3,3,6,5,4538,笠 置 博 之,28,57,6.78,5,0.07,,1-4-3,5110,22,1-4,1850,8,1-3-4,850,4,1-4,1510,7,,,,,,,
20250513,平和島,12,記者選抜,晴,南,2,3,1,3,4581,吉 村 誠,10,26,6.87,3,0.15,1.50.0,3-1-4,2630,10,3-1,1080,5,1-3-4,230,1,1-3,390,2,,,,,,,
20250513,平和島,12,記者選抜,晴,南,2,3,2,1,3822,平 尾 崇 典,30,70,6.68,1,0.21,1.52.4,3-1-4,2630,10,3-1,1080,5,1-3-4,230,1,1-3,390,2,,,,,,,
20250513,平和島,12,記者選抜,晴,南,2,3,3,4,4736,高 倉 和 士,63,48,6.85,4,0.08,1.53.6,3-1-4,2630,10,3-1,1080,5,1-3-4,230,1,1-3,390,2,,,,,,,
20250513,平和島,12,記者選抜,晴,南,2,3,4,2,4076,杉 田 篤 光,15,56,6.85,2,0.29,1.54.7,3-1-4,2630,10,3-1,1080,5,1-3-4,230,1,1-3,390,2,,,,,,,
20250513,平和島,12,記者選抜,晴,南,2,3,5,6,4420,津久井 拓 也,53,54,6.85,6,0.19,,3-1-4,2630,10,3-1,1080,5,1-3-4,230,1,1-3,390,2,,,,,,,
20250513,平和島,12,記者選抜,晴,南,2,3,6,5,4781,西 舘 果 里,52,51,6.82,5,0.11,,3-1-4,2630,10,3-1,1080,5,1-3-4,230,1,1-3,390,2,,,,,,,
20250513,桐生,1,一般,晴,東,1,1,1,1,3467,森 弘 行,46,11,6.81,1,0.27,1.50.2,1-3-4,3400,13,1-3,560,3,1-3-4,1530,6,1-3,370,3,,,,,,,
20250513,桐生,1,一般,晴,東,1,1,2,3,5010,宇留田 翔 平,24,33,6.77,3,0.24,1.51.0,1-3-4,3400,13,1-3,560,3,1-3-4,1530,6,1-3,370,3,,,,,,,
20250513,桐生,1,一般,晴,東,1,1,3,4,5237,永 松 良 教,74,53,6.83,4,0.19,1.53.2,1-3-4,3400,13,1-3,560,3,1-3-4,1530,6,1-3,370,3,,,,,,,
20250513,桐生,1,一般,晴,東,1,1,4,2,4111,奥 田 誠,20,24,6.83,2,0.23,1.54.5,1-3-4,3400,13,1-3,560,3,1-3-4,1530,6,1-3,370,3,,,,,,,
20250513,桐生,1,一般,晴,東,1,1,5,5,4465,大 西 賢,27,32,6.92,5,0.15,1.55.8,1-3-4,3400,13,1-3,560,3,1-3-4,1530,6,1-3,370,3,,,,,,,
20250513,桐生,1,一般,晴,東,1,1,6,6,3839,川 合 理 司,44,42,6.93,6,0.17,1.58.4,1-3-4,3400,13,1-3,560,3,1-3-4,1530,6,1-3,370,3,,,,,,,
20250513,桐生,2,一般,晴,東,1,1,1,1,5033,藤 原 孝 斗,25,20,6.66,1,0.14,1.49.7,1-5-6,1810,4,1-5,1050,5,1-5-6,810,3,1-5,1060,5,,,,,,,
20250513,桐生,2,一般,晴,東,1,1,2,5,3602,奥 平 拓 也,58,29,6.79,5,0.23,1.52.5,1-5-6,1810,4,1-5,1050,5,1-5-6,810,3,1-5,1060,5,,,,,,,
20250513,桐生,2,一般,晴,東,1,1,3,6,4134,杉 山 貴 博,68,69,6.80,6,0.18,1.53.6,1-5-6,1810,4,1-5,1050,5,1-5-6,810,3,1-5,1060,5,,,,,,,
20250513,桐生,2,一般,晴,東,1,1,4,4,4461,安 田 吉 宏,26,39,6.88,4,0.19,1.53.8,1-5-6,1810,4,1-5,1050,5,1-5-6,810,3,1-5,1060,5,,,,,,,
20250513,桐生,2,一般,晴,東,1,1,5,2,5022,伊 藤 尚 汰,54,41,6.80,2,0.17,1.54.4,1-5-6,1810,4,1-5,1050,5,1-5-6,810,3,1-5,1060,5,,,,,,,
20250513,桐生,2,一般,晴,東,1,1,6,3,5300,横 田 海 人,62,56,6.67,3,0.14,1.56.4,1-5-6,1810,4,1-5,1050,5,1-5-6,810,3,1-5,1060,5,,,,,,,
20250513,桐生,3,一般,晴,北東,2,1,1,4,4066,東 本 勝 利,56,68,6.74,4,0.11,1.49.4,4-5-6,1030,1,4-5,420,1,4-5-6,330,1,4-5,460,2,,,,,,,
20250513,桐生,3,一般,晴,北東,2,1,2,5,4911,片 岡 大 地,31,13,6.90,5,0.07,1.50.4,4-5-6,1030,1,4-5,420,1,4-5-6,330,1,4-5,460,2,,,,,,,
20250513,桐生,3,一般,晴,北東,2,1,3,6,4471,新 田 泰 章,29,40,6.86,6,0.17,1.53.8,4-5-6,1030,1,4-5,420,1,4-5-6,330,1,4-5,460,2,,,,,,,
20250513,桐生,3,一般,晴,北東,2,1,4,1,3313,本 吉 正 樹,22,55,6.84,1,0.21,1.55.3,4-5-6,1030,1,4-5,420,1,4-5-6,330,1,4-5,460,2,,,,,,,
20250513,桐生,3,一般,晴,北東,2,1,5,2,5128,坪 井 爽 佑,21,66,6.87,2,0.36,1.57.4,4-5-6,1030,1,4-5,420,1,4-5-6,330,1,4-5,460,2,,,,,,,
20250513,桐生,3,一般,晴,北東,2,1,6,3,5271,杉 山 太 陽,75,38,6.85,3,0.20,2.00.5,4-5-6,1030,1,4-5,420,1,4-5-6,330,1,4-5,460,2,,,,,,,
20250513,桐生,4,一般,晴,東,2,1,1,2,5083,柳 瀬 幹 太,72,48,6.87,2,0.21,1.50.7,2-3-6,20430,69,2-3,6230,24,2-3-6,2890,14,2-3,1330,12,,,,,,,
20250513,桐生,4,一般,晴,東,2,1,2,3,4957,竹之内 極,60,52,6.86,3,0.20,1.52.0,2-3-6,20430,69,2-3,6230,24,2-3-6,2890,14,2-3,1330,12,,,,,,,
20250513,桐生,4,一般,晴,東,2,1,3,6,4074,柳 沢 一,36,54,6.78,6,0.21,1.53.2,2-3-6,20430,69,2-3,6230,24,2-3-6,2890,14,2-3,1330,12,,,,,,,
20250513,桐生,4,一般,晴,東,2,1,4,1,4271,川 崎 公 靖,37,15,6.79,1,0.27,1.54.3,2-3-6,20430,69,2-3,6230,24,2-3-6,2890,14,2-3,1330,12,,,,,,,
20250513,桐生,4,一般,晴,東,2,1,5,5,5002,上 田 健 太,65,31,6.93,5,0.19,1.55.9,2-3-6,20430,69,2-3,6230,24,2-3-6,2890,14,2-3,1330,12,,,,,,,
20250513,桐生,4,一般,晴,東,2,1,6,4,4669,井 上 茂,18,74,6.84,4,0.18,1.56.0,2-3-6,20430,69,2-3,6230,24,2-3-6,2890,14,2-3,1330,12,,,,,,,
20250513,桐生,5,一般,晴,東,3,2,1,3,4175,川 尻 泰 輔,67,64,6.82,1,0.09,1.50.1,3-2-1,7170,29,3-2,1760,8,1-2-3,1030,5,2-3,620,2,,,,,,,
20250513,桐生,5,一般,晴,東,3,2,2,2,4215,吉 島 祥 之,57,65,6.80,3,0.08,1.51.8,3-2-1,7170,29,3-2,1760,8,1-2-3,1030,5,2-3,620,2,,,,,,,
20250513,桐生,5,一般,晴,東,3,2,3,1,3722,西 村 秀 樹,43,43,6.80,2,0.13,1.54.4,3-2-1,7170,29,3-2,1760,8,1-2-3,1030,5,2-3,620,2,,,,,,,
20250513,桐生,5,一般,晴,東,3,2,4,5,4697,國 弘 翔 平,59,63,6.82,5,0.11,1.54.8,3-2-1,7170,29,3-2,1760,8,1-2-3,1030,5,2-3,620,2,,,,,,,
20250513,桐生,5,一般,晴,東,3,2,5,4,3467,森 弘 行,46,11,6.86,4,0.15,1.57.1,3-2-1,7170,29,3-2,1760,8,1-2-3,1030,5,2-3,620,2,,,,,,,
20250513,桐生,5,一般,晴,東,3,2,6,6,4547,中 田 竜 太,64,35,6.78,6,0.14,2.07.3,3-2-1,7170,29,3-2,1760,8,1-2-3,1030,5,2-3,620,2,,,,,,,
20250513,桐生,6,ドラドキ目玉,晴,東,3,2,1,5,5216,長谷川 晴 哉,12,49,6.73,5,0.21,1.48.5,5-1-3,2710,12,5-1,800,4,1-3-5,260,1,1-5,210,1,,,,,,,
20250513,桐生,6,ドラドキ目玉,晴,東,3,2,2,1,4856,豊 田 健士郎,17,17,6.79,1,0.20,1.50.7,5-1-3,2710,12,5-1,800,4,1-3-5,260,1,1-5,210,1,,,,,,,
20250513,桐生,6,ドラドキ目玉,晴,東,3,2,3,3,4111,奥 田 誠,20,24,6.76,3,0.20,1.52.8,5-1-3,2710,12,5-1,800,4,1-3-5,260,1,1-5,210,1,,,,,,,
20250513,桐生,6,ドラドキ目玉,晴,東,3,2,4,6,3581,加 木 郁,34,21,6.85,6,0.33,1.54.1,5-1-3,2710,12,5-1,800,4,1-3-5,260,1,1-5,210,1,,,,,,,
20250513,桐生,6,ドラドキ目玉,晴,東,3,2,5,4,3602,奥 平 拓 也,58,29,6.79,4,0.28,1.54.2,5-1-3,2710,12,5-1,800,4,1-3-5,260,1,1-5,210,1,,,,,,,
20250513,桐生,6,ドラドキ目玉,晴,東,3,2,6,2,4465,大 西 賢,27,32,6.89,2,0.23,1.58.6,5-1-3,2710,12,5-1,800,4,1-3-5,260,1,1-5,210,1,,,,,,,
20250513,桐生,7,ドラドキ３,晴,東,2,1,1,2,5237,永 松 良 教,74,53,6.84,2,0.14,1.50.3,2-1-3,4590,15,2-1,3140,9,1-2-3,250,1,1-2,550,2,,,,,,,
20250513,桐生,7,ドラドキ３,晴,東,2,1,2,1,3385,渡 邉 睦 広,48,26,6.84,1,0.14,1.51.9,2-1-3,4590,15,2-1,3140,9,1-2-3,250,1,1-2,550,2,,,,,,,
20250513,桐生,7,ドラドキ３,晴,東,2,1,3,3,4466,南 佑 典,61,71,6.81,3,0.12,1.53.3,2-1-3,4590,15,2-1,3140,9,1-2-3,250,1,1-2,550,2,,,,,,,
20250513,桐生,7,ドラドキ３,晴,東,2,1,4,4,5271,杉 山 太 陽,75,38,6.80,4,0.13,1.55.0,2-1-3,4590,15,2-1,3140,9,1-2-3,250,1,1-2,550,2,,,,,,,
20250513,桐生,7,ドラドキ３,晴,東,2,1,5,5,3313,本 吉 正 樹,22,55,6.84,5,0.19,1.55.7,2-1-3,4590,15,2-1,3140,9,1-2-3,250,1,1-2,550,2,,,,,,,
20250513,桐生,7,ドラドキ３,晴,東,2,1,6,6,4461,安 田 吉 宏,26,39,6.81,6,0.18,1.56.5,2-1-3,4590,15,2-1,3140,9,1-2-3,250,1,1-2,550,2,,,,,,,
20250513,桐生,8,ドラドキ５,晴,東,3,2,1,1,5010,宇留田 翔 平,24,33,6.76,1,0.12,1.50.1,1-4-5,2820,12,1-4,1530,6,1-4-5,750,3,1-4,1340,5,,,,,,,
20250513,桐生,8,ドラドキ５,晴,東,3,2,2,4,3839,川 合 理 司,44,42,6.86,4,0.06,1.51.3,1-4-5,2820,12,1-4,1530,6,1-4-5,750,3,1-4,1340,5,,,,,,,
20250513,桐生,8,ドラドキ５,晴,東,3,2,3,5,4134,杉 山 貴 博,68,69,6.79,5,0.09,1.51.8,1-4-5,2820,12,1-4,1530,6,1-4-5,750,3,1-4,1340,5,,,,,,,
20250513,桐生,8,ドラドキ５,晴,東,3,2,4,6,5083,柳 瀬 幹 太,72,48,6.83,6,0.08,1.53.8,1-4-5,2820,12,1-4,1530,6,1-4-5,750,3,1-4,1340,5,,,,,,,
20250513,桐生,8,ドラドキ５,晴,東,3,2,5,2,4911,片 岡 大 地,31,13,6.81,2,0.14,1.56.2,1-4-5,2820,12,1-4,1530,6,1-4-5,750,3,1-4,1340,5,,,,,,,
20250513,桐生,8,ドラドキ５,晴,東,3,2,6,3,5128,坪 井 爽 佑,21,66,6.84,3,0.18,1.58.2,1-4-5,2820,12,1-4,1530,6,1-4-5,750,3,1-4,1340,5,,,,,,,
20250513,桐生,9,ＤＫ特選,晴,東,2,1,1,2,4547,中 田 竜 太,64,35,6.75,2,0.09,1.49.4,2-1-3,1050,2,2-1,310,1,1-2-3,280,2,1-2,160,1,,,,,,,
20250513,桐生,9,ＤＫ特選,晴,東,2,1,2,1,4592,小 林 孝 弘,38,36,6.77,1,0.10,1.50.9,2-1-3,1050,2,2-1,310,1,1-2-3,280,2,1-2,160,1,,,,,,,
20250513,桐生,9,ＤＫ特選,晴,東,2,1,3,3,4271,川 崎 公 靖,37,15,6.80,3,0.08,1.54.2,2-1-3,1050,2,2-1,310,1,1-2-3,280,2,1-2,160,1,,,,,,,
20250513,桐生,9,ＤＫ特選,晴,東,2,1,4,5,4113,木 村 浩 士,63,16,6.85,5,0.20,1.54.7,2-1-3,1050,2,2-1,310,1,1-2-3,280,2,1-2,160,1,,,,,,,
20250513,桐生,9,ＤＫ特選,晴,東,2,1,5,6,3591,後 藤 孝 義,53,34,6.82,6,0.16,1.55.7,2-1-3,1050,2,2-1,310,1,1-2-3,280,2,1-2,160,1,,,,,,,
20250513,桐生,9,ＤＫ特選,晴,東,2,1,6,4,4697,國 弘 翔 平,59,63,6.68,4,0.18,1.57.6,2-1-3,1050,2,2-1,310,1,1-2-3,280,2,1-2,160,1,,,,,,,
20250513,桐生,10,選抜戦,晴,北東,1,1,1,1,4471,新 田 泰 章,29,40,6.83,1,0.08,1.49.9,1-5-3,10240,30,1-5,1920,6,1-3-5,2610,10,1-5,2140,6,,,,,,,
20250513,桐生,10,選抜戦,晴,北東,1,1,2,5,5022,伊 藤 尚 汰,54,41,6.71,5,0.14,1.51.0,1-5-3,10240,30,1-5,1920,6,1-3-5,2610,10,1-5,2140,6,,,,,,,
20250513,桐生,10,選抜戦,晴,北東,1,1,3,3,4669,井 上 茂,18,74,6.76,4,0.21,1.51.7,1-5-3,10240,30,1-5,1920,6,1-3-5,2610,10,1-5,2140,6,,,,,,,
20250513,桐生,10,選抜戦,晴,北東,1,1,4,2,5002,上 田 健 太,65,31,6.70,2,0.15,1.54.6,1-5-3,10240,30,1-5,1920,6,1-3-5,2610,10,1-5,2140,6,,,,,,,
20250513,桐生,10,選抜戦,晴,北東,1,1,5,4,4175,川 尻 泰 輔,67,64,6.81,3,0.17,1.55.4,1-5-3,10240,30,1-5,1920,6,1-3-5,2610,10,1-5,2140,6,,,,,,,
20250513,桐生,10,選抜戦,晴,北東,1,1,6,6,4856,豊 田 健士郎,17,17,6.84,6,0.13,1.56.8,1-5-3,10240,30,1-5,1920,6,1-3-5,2610,10,1-5,2140,6,,,,,,,
20250513,桐生,11,選抜戦,晴,北東,1,1,1,1,4074,柳 沢 一,36,54,6.83,1,0.12,1.48.6,1-2-3,440,1,1-2,260,1,1-2-3,210,1,1-2,220,1,,,,,,,
20250513,桐生,11,選抜戦,晴,北東,1,1,2,2,5216,長谷川 晴 哉,12,49,6.68,2,0.19,1.49.6,1-2-3,440,1,1-2,260,1,1-2-3,210,1,1-2,220,1,,,,,,,
20250513,桐生,11,選抜戦,晴,北東,1,1,3,3,4066,東 本 勝 利,56,68,6.80,3,0.22,1.51.6,1-2-3,440,1,1-2,260,1,1-2-3,210,1,1-2,220,1,,,,,,,
20250513,桐生,11,選抜戦,晴,北東,1,1,4,6,3385,渡 邉 睦 広,48,26,6.94,6,0.10,1.53.1,1-2-3,440,1,1-2,260,1,1-2-3,210,1,1-2,220,1,,,,,,,
20250513,桐生,11,選抜戦,晴,北東,1,1,5,5,4215,吉 島 祥 之,57,65,6.94,5,0.13,1.53.5,1-2-3,440,1,1-2,260,1,1-2-3,210,1,1-2,220,1,,,,,,,
20250513,桐生,11,選抜戦,晴,北東,1,1,6,4,5300,横 田 海 人,62,56,6.73,4,0.20,1.56.6,1-2-3,440,1,1-2,260,1,1-2-3,210,1,1-2,220,1,,,,,,,
20250513,桐生,12,優勝戦,晴,北東,1,1,1,1,4682,大 上 卓 人,19,27,6.79,1,0.13,1.48.9,1-3-5,1880,7,1-3,420,2,1-3-5,1070,5,1-3,390,2,,,,,,,
20250513,桐生,12,優勝戦,晴,北東,1,1,2,3,4233,亀 山 雅 幸,49,30,6.79,3,0.23,1.50.2,1-3-5,1880,7,1-3,420,2,1-3-5,1070,5,1-3,390,2,,,,,,,
20250513,桐生,12,優勝戦,晴,北東,1,1,3,5,4798,浜 先 真 範,42,50,6.83,5,0.22,1.52.1,1-3-5,1880,7,1-3,420,2,1-3-5,1070,5,1-3,390,2,,,,,,,
20250513,桐生,12,優勝戦,晴,北東,1,1,4,4,5015,高 橋 竜 矢,50,44,6.80,4,0.27,1.53.1,1-3-5,1880,7,1-3,420,2,1-3-5,1070,5,1-3,390,2,,,,,,,
20250513,桐生,12,優勝戦,晴,北東,1,1,5,6,4816,村 松 修 二,15,22,6.84,6,0.20,1.53.4,1-3-5,1880,7,1-3,420,2,1-3-5,1070,5,1-3,390,2,,,,,,,
20250513,桐生,12,優勝戦,晴,北東,1,1,6,2,4939,宮之原 輝 紀,70,60,6.82,2,0.21,1.55.7,1-3-5,1880,7,1-3,420,2,1-3-5,1070,5,1-3,390,2,,,,,,,
20250513,津,1,ツッキーレー,晴,南東,3,2,1,1,4099,吉 永 則 雄,59,34,6.79,1,0.14,1.48.9,1-2-3,300,2,1-2,110,1,1-2-3,190,2,1-2,120,1,,,,,,,
20250513,津,1,ツッキーレー,晴,南東,3,2,2,2,4540,相 原 利 章,49,54,6.82,2,0.08,1.50.8,1-2-3,300,2,1-2,110,1,1-2-3,190,2,1-2,120,1,,,,,,,
20250513,津,1,ツッキーレー,晴,南東,3,2,3,3,3704,本 部 めぐみ,48,65,6.72,3,0.16,1.53.2,1-2-3,300,2,1-2,110,1,1-2-3,190,2,1-2,120,1,,,,,,,
20250513,津,1,ツッキーレー,晴,南東,3,2,4,4,3470,新 田 芳 美,60,69,6.81,4,0.21,1.54.6,1-2-3,300,2,1-2,110,1,1-2-3,190,2,1-2,120,1,,,,,,,
20250513,津,1,ツッキーレー,晴,南東,3,2,5,5,5361,植 竹 玲 奈,71,74,6.84,5,0.31,,1-2-3,300,2,1-2,110,1,1-2-3,190,2,1-2,120,1,,,,,,,
20250513,津,1,ツッキーレー,晴,南東,3,2,6,6,5399,長 野 未 来,36,63,6.85,6,0.37,,1-2-3,300,2,1-2,110,1,1-2-3,190,2,1-2,120,1,,,,,,,
20250513,津,2,一般,晴,南東,3,2,1,1,4300,加 藤 綾,31,45,6.76,1,0.14,1.49.5,1-4-2,530,2,1-4,400,2,1-2-4,160,1,1-4,320,2,,,,,,,
20250513,津,2,一般,晴,南東,3,2,2,4,3871,池 田 紫 乃,20,59,6.77,4,0.28,1.51.7,1-4-2,530,2,1-4,400,2,1-2-4,160,1,1-4,320,2,,,,,,,
20250513,津,2,一般,晴,南東,3,2,3,2,3953,志 道 吉 和,14,29,6.78,2,0.23,1.53.9,1-4-2,530,2,1-4,400,2,1-2-4,160,1,1-4,320,2,,,,,,,
20250513,津,2,一般,晴,南東,3,2,4,3,4385,鈴 木 祐美子,66,60,6.78,3,0.26,1.56.4,1-4-2,530,2,1-4,400,2,1-2-4,160,1,1-4,320,2,,,,,,,
20250513,津,2,一般,晴,南東,3,2,5,5,5370,日 隈 茜,64,76,6.81,5,0.25,,1-4-2,530,2,1-4,400,2,1-2-4,160,1,1-4,320,2,,,,,,,
20250513,津,2,一般,晴,南東,3,2,6,6,5416,龍 田 真 白,26,47,6.81,6,0.27,,1-4-2,530,2,1-4,400,2,1-2-4,160,1,1-4,320,2,,,,,,,
20250513,津,3,一般,晴,南東,3,2,1,1,4909,薮 内 瑞 希,22,67,6.73,1,0.04,1.47.9,1-2-5,490,1,1-2,300,1,1-2-5,210,1,1-2,250,1,,,,,,,
20250513,津,3,一般,晴,南東,3,2,2,2,4227,安 達 裕 樹,16,61,6.85,2,0.08,1.50.6,1-2-5,490,1,1-2,300,1,1-2-5,210,1,1-2,250,1,,,,,,,
20250513,津,3,一般,晴,南東,3,2,3,5,4514,上 條 嘉 嗣,55,33,6.77,5,0.04,1.52.1,1-2-5,490,1,1-2,300,1,1-2-5,210,1,1-2,250,1,,,,,,,
20250513,津,3,一般,晴,南東,3,2,4,3,3687,花 田 和 明,13,44,6.81,3,0.04,1.53.1,1-2-5,490,1,1-2,300,1,1-2-5,210,1,1-2,250,1,,,,,,,
20250513,津,3,一般,晴,南東,3,2,5,4,4844,村 上 奈 穂,23,48,6.76,4,0.06,,1-2-5,490,1,1-2,300,1,1-2-5,210,1,1-2,250,1,,,,,,,
20250513,津,4,一般,晴,南東,3,2,1,3,4124,池 田 雄 一,50,62,6.77,3,0.22,1.49.9,3-4-1,960,2,3-4,610,3,1-3-4,230,1,3-4,390,2,,,,,,,
20250513,津,4,一般,晴,南東,3,2,2,4,4589,塩 崎 桐 加,53,64,6.84,4,0.24,1.51.1,3-4-1,960,2,3-4,610,3,1-3-4,230,1,3-4,390,2,,,,,,,
20250513,津,4,一般,晴,南東,3,2,3,1,4534,坂 咲友理,54,19,6.73,1,0.31,1.54.0,3-4-1,960,2,3-4,610,3,1-3-4,230,1,3-4,390,2,,,,,,,
20250513,津,4,一般,晴,南東,3,2,4,2,5130,上 野 拓 馬,65,23,6.76,2,0.21,1.54.6,3-4-1,960,2,3-4,610,3,1-3-4,230,1,3-4,390,2,,,,,,,
20250513,津,4,一般,晴,南東,3,2,5,5,4987,島 倉 都,67,41,6.86,5,0.25,,3-4-1,960,2,3-4,610,3,1-3-4,230,1,3-4,390,2,,,,,,,
20250513,津,4,一般,晴,南東,3,2,6,6,5380,野 田 亜 湖,33,51,6.90,6,0.31,,3-4-1,960,2,3-4,610,3,1-3-4,230,1,3-4,390,2,,,,,,,
20250513,津,5,５ールドレー,晴,南東,4,2,1,1,4678,水 野 望 美,46,39,6.77,1,0.12,1.49.5,1-3-4,1130,5,1-3,360,2,1-3-4,440,3,1-3,390,3,,,,,,,
20250513,津,5,５ールドレー,晴,南東,4,2,2,3,5078,山 川 波 乙,47,57,6.78,3,0.14,1.50.3,1-3-4,1130,5,1-3,360,2,1-3-4,440,3,1-3,390,3,,,,,,,
20250513,津,5,５ールドレー,晴,南東,4,2,3,4,5340,樋江井 舞,18,11,6.76,4,0.17,1.53.4,1-3-4,1130,5,1-3,360,2,1-3-4,440,3,1-3,390,3,,,,,,,
20250513,津,5,５ールドレー,晴,南東,4,2,4,2,4744,伊 藤 玲 奈,57,24,6.86,2,0.14,1.54.6,1-3-4,1130,5,1-3,360,2,1-3-4,440,3,1-3,390,3,,,,,,,
20250513,津,5,５ールドレー,晴,南東,4,2,5,5,3470,新 田 芳 美,60,69,6.79,5,0.15,,1-3-4,1130,5,1-3,360,2,1-3-4,440,3,1-3,390,3,,,,,,,
20250513,津,5,５ールドレー,晴,南東,4,2,6,6,5335,森 陽 多,40,22,6.80,6,0.10,,1-3-4,1130,5,1-3,360,2,1-3-4,440,3,1-3,390,3,,,,,,,
20250513,津,6,一般,晴,南東,3,2,1,1,4994,山 本 梨 菜,56,68,6.78,1,0.07,1.50.1,1-3-4,820,3,1-3,200,1,1-3-4,400,2,1-3,150,1,,,,,,,
20250513,津,6,一般,晴,南東,3,2,2,3,4604,岩 瀬 裕 亮,30,52,6.77,3,0.15,1.51.0,1-3-4,820,3,1-3,200,1,1-3-4,400,2,1-3,150,1,,,,,,,
20250513,津,6,一般,晴,南東,3,2,3,4,4393,田 中 孝 明,11,38,6.83,4,0.18,1.53.3,1-3-4,820,3,1-3,200,1,1-3-4,400,2,1-3,150,1,,,,,,,
20250513,津,6,一般,晴,南東,3,2,4,2,4733,赤 井 睦,35,35,6.81,2,0.11,1.54.4,1-3-4,820,3,1-3,200,1,1-3-4,400,2,1-3,150,1,,,,,,,
20250513,津,6,一般,晴,南東,3,2,5,6,5370,日 隈 茜,64,76,6.80,5,0.14,,1-3-4,820,3,1-3,200,1,1-3-4,400,2,1-3,150,1,,,,,,,
20250513,津,6,一般,晴,南東,3,2,6,5,5399,長 野 未 来,36,63,6.84,6,0.20,,1-3-4,820,3,1-3,200,1,1-3-4,400,2,1-3,150,1,,,,,,,
20250513,津,7,一般,晴,南東,3,2,1,1,4729,佐 藤 謙史朗,37,12,6.69,1,0.17,1.49.1,1-3-2,520,2,1-3,380,2,1-2-3,160,1,1-3,130,1,,,,,,,
20250513,津,7,一般,晴,南東,3,2,2,3,4516,野 口 勝 弘,27,43,6.78,3,0.14,1.50.4,1-3-2,520,2,1-3,380,2,1-2-3,160,1,1-3,130,1,,,,,,,
20250513,津,7,一般,晴,南東,3,2,3,2,4049,荒 川 健 太,75,28,6.79,2,0.19,1.52.4,1-3-2,520,2,1-3,380,2,1-2-3,160,1,1-3,130,1,,,,,,,
20250513,津,7,一般,晴,南東,3,2,4,4,3334,角 ひとみ,12,18,6.82,4,0.15,1.54.5,1-3-2,520,2,1-3,380,2,1-2-3,160,1,1-3,130,1,,,,,,,
20250513,津,7,一般,晴,南東,3,2,5,5,5390,高 橋 涼 夏,58,36,6.82,5,0.04,,1-3-2,520,2,1-3,380,2,1-2-3,160,1,1-3,130,1,,,,,,,
20250513,津,7,一般,晴,南東,3,2,6,6,5367,赤 松 咲 香,62,56,6.84,6,0.01,,1-3-2,520,2,1-3,380,2,1-2-3,160,1,1-3,130,1,,,,,,,
20250513,津,8,一般,晴,南東,4,2,1,3,3590,濱野谷 憲 吾,70,32,6.75,3,0.07,1.50.0,3-1-2,550,2,3-1,160,1,1-2-3,190,2,1-3,190,1,,,,,,,
20250513,津,8,一般,晴,南東,4,2,2,1,3871,池 田 紫 乃,20,59,6.77,1,0.06,1.51.3,3-1-2,550,2,3-1,160,1,1-2-3,190,2,1-3,190,1,,,,,,,
20250513,津,8,一般,晴,南東,4,2,3,2,3357,福 島 陽 子,51,70,6.88,2,0.07,1.54.0,3-1-2,550,2,3-1,160,1,1-2-3,190,2,1-3,190,1,,,,,,,
20250513,津,8,一般,晴,南東,4,2,4,4,3286,坂 東 満,32,25,6.78,4,0.05,1.57.8,3-1-2,550,2,3-1,160,1,1-2-3,190,2,1-3,190,1,,,,,,,
20250513,津,9,一般,晴,南東,4,2,1,1,5069,山 崎 小葉音,72,14,6.72,1,0.12,1.50.1,1-2-3,1550,6,1-2,250,1,1-2-3,610,4,1-2,250,1,,,,,,,
20250513,津,9,一般,晴,南東,4,2,2,2,4400,加 藤 奈 月,15,73,6.85,2,0.15,1.51.8,1-2-3,1550,6,1-2,250,1,1-2-3,610,4,1-2,250,1,,,,,,,
20250513,津,9,一般,晴,南東,4,2,3,3,5335,森 陽 多,40,22,6.83,3,0.16,1.52.3,1-2-3,1550,6,1-2,250,1,1-2-3,610,4,1-2,250,1,,,,,,,
20250513,津,9,一般,晴,南東,4,2,4,5,4300,加 藤 綾,31,45,6.82,5,0.13,1.53.6,1-2-3,1550,6,1-2,250,1,1-2-3,610,4,1-2,250,1,,,,,,,
20250513,津,9,一般,晴,南東,4,2,5,4,5244,黒 田 剛,73,13,6.81,4,0.14,,1-2-3,1550,6,1-2,250,1,1-2-3,610,4,1-2,250,1,,,,,,,
20250513,津,9,一般,晴,南東,4,2,6,6,5361,植 竹 玲 奈,71,74,6.90,6,0.21,,1-2-3,1550,6,1-2,250,1,1-2-3,610,4,1-2,250,1,,,,,,,
20250513,津,10,準優勝戦,晴,南東,4,2,1,2,4514,上 條 嘉 嗣,55,33,6.83,2,0.13,1.50.1,2-1-4,1950,7,2-1,530,3,1-2-4,420,2,1-2,100,1,,,,,,,
20250513,津,10,準優勝戦,晴,南東,4,2,2,1,4124,池 田 雄 一,50,62,6.76,1,0.15,1.51.4,2-1-4,1950,7,2-1,530,3,1-2-4,420,2,1-2,100,1,,,,,,,
20250513,津,10,準優勝戦,晴,南東,4,2,3,4,4540,相 原 利 章,49,54,6.83,4,0.06,1.53.0,2-1-4,1950,7,2-1,530,3,1-2-4,420,2,1-2,100,1,,,,,,,
20250513,津,10,準優勝戦,晴,南東,4,2,4,5,4733,赤 井 睦,35,35,6.82,5,0.13,1.54.1,2-1-4,1950,7,2-1,530,3,1-2-4,420,2,1-2,100,1,,,,,,,
20250513,津,10,準優勝戦,晴,南東,4,2,5,3,4227,安 達 裕 樹,16,61,6.86,3,0.11,,2-1-4,1950,7,2-1,530,3,1-2-4,420,2,1-2,100,1,,,,,,,
20250513,津,10,準優勝戦,晴,南東,4,2,6,6,4534,坂 咲友理,54,19,6.78,6,0.16,,2-1-4,1950,7,2-1,530,3,1-2-4,420,2,1-2,100,1,,,,,,,
20250513,津,11,準優勝戦,晴,南東,5,3,1,1,4604,岩 瀬 裕 亮,30,52,6.76,1,0.13,1.49.5,1-3-2,520,2,1-3,320,2,1-2-3,170,1,1-3,310,2,,,,,,,
20250513,津,11,準優勝戦,晴,南東,5,3,2,3,4099,吉 永 則 雄,59,34,6.81,3,0.11,1.51.2,1-3-2,520,2,1-3,320,2,1-2-3,170,1,1-3,310,2,,,,,,,
20250513,津,11,準優勝戦,晴,南東,5,3,3,2,4516,野 口 勝 弘,27,43,6.80,2,0.09,1.52.8,1-3-2,520,2,1-3,320,2,1-2-3,170,1,1-3,310,2,,,,,,,
20250513,津,11,準優勝戦,晴,南東,5,3,4,5,4909,薮 内 瑞 希,22,67,6.76,5,0.12,1.54.2,1-3-2,520,2,1-3,320,2,1-2-3,170,1,1-3,310,2,,,,,,,
20250513,津,11,準優勝戦,晴,南東,5,3,5,4,3687,花 田 和 明,13,44,6.87,4,0.19,,1-3-2,520,2,1-3,320,2,1-2-3,170,1,1-3,310,2,,,,,,,
20250513,津,11,準優勝戦,晴,南東,5,3,6,6,5340,樋江井 舞,18,11,6.78,6,0.13,,1-3-2,520,2,1-3,320,2,1-2-3,170,1,1-3,310,2,,,,,,,
20250513,津,12,準優勝戦,晴,南東,4,2,1,5,4729,佐 藤 謙史朗,37,12,6.69,5,0.22,1.49.2,5-2-3,19190,37,5-2,4170,9,2-3-5,5290,11,2-5,3960,8,,,,,,,
20250513,津,12,準優勝戦,晴,南東,4,2,2,2,4589,塩 崎 桐 加,53,64,6.81,2,0.19,1.50.6,5-2-3,19190,37,5-2,4170,9,2-3-5,5290,11,2-5,3960,8,,,,,,,
20250513,津,12,準優勝戦,晴,南東,4,2,3,3,4049,荒 川 健 太,75,28,6.84,3,0.24,1.52.0,5-2-3,19190,37,5-2,4170,9,2-3-5,5290,11,2-5,3960,8,,,,,,,
20250513,津,12,準優勝戦,晴,南東,4,2,4,1,3590,濱野谷 憲 吾,70,32,6.81,1,0.20,1.53.6,5-2-3,19190,37,5-2,4170,9,2-3-5,5290,11,2-5,3960,8,,,,,,,
20250513,津,12,準優勝戦,晴,南東,4,2,5,6,4994,山 本 梨 菜,56,68,6.79,6,0.31,,5-2-3,19190,37,5-2,4170,9,2-3-5,5290,11,2-5,3960,8,,,,,,,
20250513,津,12,準優勝戦,晴,南東,4,2,6,4,4678,水 野 望 美,46,39,6.86,4,0.23,,5-2-3,19190,37,5-2,4170,9,2-3-5,5290,11,2-5,3960,8,,,,,,,
20250513,芦屋,1,サンライズＶ,晴,南,1,1,1,6,3297,藤 丸 光 一,42,114,6.72,4,0.17,1.48.1,6-1-5,15930,51,6-1,2380,8,1-5-6,1300,6,1-6,780,4,,,,,,,
20250513,芦屋,1,サンライズＶ,晴,南,1,1,2,1,4228,吉 田 慎二郎,38,123,6.78,1,0.16,1.49.6,6-1-5,15930,51,6-1,2380,8,1-5-6,1300,6,1-6,780,4,,,,,,,
20250513,芦屋,1,サンライズＶ,晴,南,1,1,3,5,3784,中 島 友 和,5,116,6.75,6,0.16,1.51.0,6-1-5,15930,51,6-1,2380,8,1-5-6,1300,6,1-6,780,4,,,,,,,
20250513,芦屋,1,サンライズＶ,晴,南,1,1,4,2,4835,橋 本 明,55,130,6.80,2,0.19,1.51.6,6-1-5,15930,51,6-1,2380,8,1-5-6,1300,6,1-6,780,4,,,,,,,
20250513,芦屋,1,サンライズＶ,晴,南,1,1,5,3,5014,梶 山 涼 斗,41,168,6.73,3,0.19,,6-1-5,15930,51,6-1,2380,8,1-5-6,1300,6,1-6,780,4,,,,,,,
20250513,芦屋,1,サンライズＶ,晴,南,1,1,6,4,3964,宮 地 博 士,10,151,6.80,5,0.29,,6-1-5,15930,51,6-1,2380,8,1-5-6,1300,6,1-6,780,4,,,,,,,
20250513,芦屋,2,サンライズＷ,晴,南東,2,2,1,1,4302,西 野 翔 太,50,119,6.68,1,0.11,1.47.5,1-3-5,3190,12,1-3,560,3,1-3-5,1380,5,1-3,520,2,,,,,,,
20250513,芦屋,2,サンライズＷ,晴,南東,2,2,2,3,3432,宮 迫 暢 彦,6,142,6.74,3,0.10,1.48.9,1-3-5,3190,12,1-3,560,3,1-3-5,1380,5,1-3,520,2,,,,,,,
20250513,芦屋,2,サンライズＷ,晴,南東,2,2,3,5,4625,渡 邊 裕 貴,8,138,6.71,5,0.05,1.50.5,1-3-5,3190,12,1-3,560,3,1-3-5,1380,5,1-3,520,2,,,,,,,
20250513,芦屋,2,サンライズＷ,晴,南東,2,2,4,4,4808,松 尾 拓,49,154,6.74,4,0.09,1.52.1,1-3-5,3190,12,1-3,560,3,1-3-5,1380,5,1-3,520,2,,,,,,,
20250513,芦屋,2,サンライズＷ,晴,南東,2,2,5,6,3273,石 田 豪,31,128,6.77,6,0.13,,1-3-5,3190,12,1-3,560,3,1-3-5,1380,5,1-3,520,2,,,,,,,
20250513,芦屋,2,サンライズＷ,晴,南東,2,2,6,2,3974,深 山 祐 二,47,121,6.76,2,0.13,,1-3-5,3190,12,1-3,560,3,1-3-5,1380,5,1-3,520,2,,,,,,,
20250513,芦屋,3,サンライズＸ,晴,東,3,3,1,5,3696,白 井 友 晴,1,157,6.78,5,0.11,1.48.2,5-4-1,51100,53,5-4,12880,17,1-4-5,2770,7,4-5,4950,8,,,,,,,
20250513,芦屋,3,サンライズＸ,晴,東,3,3,2,4,4346,前 田 健太郎,37,112,6.77,4,0.15,1.50.1,5-4-1,51100,53,5-4,12880,17,1-4-5,2770,7,4-5,4950,8,,,,,,,
20250513,芦屋,3,サンライズＸ,晴,東,3,3,3,1,4496,内 堀 学,12,115,6.64,1,0.19,1.51.1,5-4-1,51100,53,5-4,12880,17,1-4-5,2770,7,4-5,4950,8,,,,,,,
20250513,芦屋,3,サンライズＸ,晴,東,3,3,4,3,4537,渡 邉 和 将,4,118,6.66,3,0.29,1.51.7,5-4-1,51100,53,5-4,12880,17,1-4-5,2770,7,4-5,4950,8,,,,,,,
20250513,芦屋,3,サンライズＸ,晴,東,3,3,5,2,4248,岡 本 大,13,163,6.82,2,0.19,,5-4-1,51100,53,5-4,12880,17,1-4-5,2770,7,4-5,4950,8,,,,,,,
20250513,芦屋,3,サンライズＸ,晴,東,3,3,6,6,5363,山 本 凱 立,59,135,6.72,6,0.17,,5-4-1,51100,53,5-4,12880,17,1-4-5,2770,7,4-5,4950,8,,,,,,,
20250513,芦屋,4,サンライズＹ 進入固定,晴,東,3,3,1,1,4320,峰 竜 太,44,132,6.64,1,0.17,1.46.7,1-3-2,330,1,1-3,200,2,1-2-3,200,1,1-3,180,1,,,,,,,
20250513,芦屋,4,サンライズＹ 進入固定,晴,東,3,3,2,3,4793,金 子 萌,39,124,6.72,3,0.11,1.47.6,1-3-2,330,1,1-3,200,2,1-2-3,200,1,1-3,180,1,,,,,,,
20250513,芦屋,4,サンライズＹ 進入固定,晴,東,3,3,3,2,4416,三 宅 健 太,2,159,6.73,2,0.15,1.50.6,1-3-2,330,1,1-3,200,2,1-2-3,200,1,1-3,180,1,,,,,,,
20250513,芦屋,4,サンライズＹ 進入固定,晴,東,3,3,4,4,4440,萩 原 知 哉,57,165,6.79,4,0.24,1.51.7,1-3-2,330,1,1-3,200,2,1-2-3,200,1,1-3,180,1,,,,,,,
20250513,芦屋,4,サンライズＹ 進入固定,晴,東,3,3,5,5,5294,豊 田 祥 生,35,122,6.77,5,0.08,,1-3-2,330,1,1-3,200,2,1-2-3,200,1,1-3,180,1,,,,,,,
20250513,芦屋,4,サンライズＹ 進入固定,晴,東,3,3,6,6,5375,庄 島 潤 成,51,161,6.75,6,0.13,,1-3-2,330,1,1-3,200,2,1-2-3,200,1,1-3,180,1,,,,,,,
20250513,芦屋,5,サンライズＺ,晴,北西,1,1,1,1,4042,丸 岡 正 典,60,133,6.73,1,0.21,1.47.6,1-6-5,5280,16,1-6,630,4,1-5-6,1550,8,1-6,390,3,,,,,,,
20250513,芦屋,5,サンライズＺ,晴,北西,1,1,2,6,4043,桐 本 康 臣,52,164,6.74,4,0.17,1.48.8,1-6-5,5280,16,1-6,630,4,1-5-6,1550,8,1-6,390,3,,,,,,,
20250513,芦屋,5,サンライズＺ,晴,北西,1,1,3,5,3851,森 田 昭 彦,32,167,6.76,6,0.15,1.51.1,1-6-5,5280,16,1-6,630,4,1-5-6,1550,8,1-6,390,3,,,,,,,
20250513,芦屋,5,サンライズＺ,晴,北西,1,1,4,4,4114,深 澤 達 徳,56,158,6.75,5,0.14,1.52.5,1-6-5,5280,16,1-6,630,4,1-5-6,1550,8,1-6,390,3,,,,,,,
20250513,芦屋,5,サンライズＺ,晴,北西,1,1,5,2,4567,上 村 慎太郎,3,169,6.65,2,0.26,,1-6-5,5280,16,1-6,630,4,1-5-6,1550,8,1-6,390,3,,,,,,,
20250513,芦屋,5,サンライズＺ,晴,北西,1,1,6,3,3964,宮 地 博 士,10,151,6.73,3,0.29,,1-6-5,5280,16,1-6,630,4,1-5-6,1550,8,1-6,390,3,,,,,,,
20250513,芦屋,6,予選,晴,北西,2,2,1,3,4835,橋 本 明,55,130,6.84,3,0.15,1.47.8,3-6-2,25700,72,3-6,7110,23,2-3-6,2250,11,3-6,5110,15,,,,,,,
20250513,芦屋,6,予選,晴,北西,2,2,2,6,4067,永 井 源,53,140,6.81,5,0.12,1.49.9,3-6-2,25700,72,3-6,7110,23,2-3-6,2250,11,3-6,5110,15,,,,,,,
20250513,芦屋,6,予選,晴,北西,2,2,3,2,4413,水 摩 敦,48,160,6.78,2,0.17,1.51.5,3-6-2,25700,72,3-6,7110,23,2-3-6,2250,11,3-6,5110,15,,,,,,,
20250513,芦屋,6,予選,晴,北西,2,2,4,4,4151,下 河 誉 史,36,152,6.80,4,0.13,1.52.4,3-6-2,25700,72,3-6,7110,23,2-3-6,2250,11,3-6,5110,15,,,,,,,
20250513,芦屋,6,予選,晴,北西,2,2,5,1,3852,澤 大 介,54,162,6.80,1,0.20,,3-6-2,25700,72,3-6,7110,23,2-3-6,2250,11,3-6,5110,15,,,,,,,
20250513,芦屋,6,予選,晴,北西,2,2,6,5,5269,山 口 晃 朋,11,120,6.72,6,0.13,,3-6-2,25700,72,3-6,7110,23,2-3-6,2250,11,3-6,5110,15,,,,,,,
20250513,芦屋,7,予選 進入固定,晴,北西,2,2,1,6,3784,中 島 友 和,5,116,6.74,6,0.06,1.48.3,6-1-2,30690,62,6-1,8090,19,1-2-6,1290,5,1-6,1050,4,,,,,,,
20250513,芦屋,7,予選 進入固定,晴,北西,2,2,2,1,5330,安河内 鈴之介,33,113,6.71,1,0.10,1.48.4,6-1-2,30690,62,6-1,8090,19,1-2-6,1290,5,1-6,1050,4,,,,,,,
20250513,芦屋,7,予選 進入固定,晴,北西,2,2,3,2,4728,山 口 亮,9,117,6.80,2,0.19,1.51.4,6-1-2,30690,62,6-1,8090,19,1-2-6,1290,5,1-6,1050,4,,,,,,,
20250513,芦屋,7,予選 進入固定,晴,北西,2,2,4,3,3974,深 山 祐 二,47,121,6.73,3,0.18,1.52.4,6-1-2,30690,62,6-1,8090,19,1-2-6,1290,5,1-6,1050,4,,,,,,,
20250513,芦屋,7,予選 進入固定,晴,北西,2,2,5,4,4058,野 末 智 一,58,125,6.77,4,0.17,,6-1-2,30690,62,6-1,8090,19,1-2-6,1290,5,1-6,1050,4,,,,,,,
20250513,芦屋,7,予選 進入固定,晴,北西,2,2,6,5,4248,岡 本 大,13,163,6.86,5,0.11,,6-1-2,30690,62,6-1,8090,19,1-2-6,1290,5,1-6,1050,4,,,,,,,
20250513,芦屋,8,予選,晴,北西,2,2,1,2,5042,畑 田 汰 一,7,156,6.78,2,0.14,1.47.2,2-1-4,920,1,2-1,370,1,1-2-4,330,1,1-2,330,1,,,,,,,
20250513,芦屋,8,予選,晴,北西,2,2,2,1,3432,宮 迫 暢 彦,6,142,6.79,1,0.18,1.49.2,2-1-4,920,1,2-1,370,1,1-2-4,330,1,1-2,330,1,,,,,,,
20250513,芦屋,8,予選,晴,北西,2,2,3,4,3297,藤 丸 光 一,42,114,6.70,3,0.16,1.50.8,2-1-4,920,1,2-1,370,1,1-2-4,330,1,1-2,330,1,,,,,,,
20250513,芦屋,8,予選,晴,北西,2,2,4,5,4496,内 堀 学,12,115,6.82,5,0.17,1.51.4,2-1-4,920,1,2-1,370,1,1-2-4,330,1,1-2,330,1,,,,,,,
20250513,芦屋,8,予選,晴,北西,2,2,5,6,4092,岡 部 大 輔,46,126,6.83,6,0.21,,2-1-4,920,1,2-1,370,1,1-2-4,330,1,1-2,330,1,,,,,,,
20250513,芦屋,8,予選,晴,北西,2,2,6,3,4440,萩 原 知 哉,57,165,6.87,4,0.18,,2-1-4,920,1,2-1,370,1,1-2-4,330,1,1-2,330,1,,,,,,,
20250513,芦屋,9,予選特賞,晴,北西,3,3,1,3,4042,丸 岡 正 典,60,133,6.75,3,0.23,1.47.4,3-1-6,910,2,3-1,570,2,1-3-6,250,1,1-3,180,1,,,,,,,
20250513,芦屋,9,予選特賞,晴,北西,3,3,2,1,3696,白 井 友 晴,1,157,6.80,1,0.29,1.48.6,3-1-6,910,2,3-1,570,2,1-3-6,250,1,1-3,180,1,,,,,,,
20250513,芦屋,9,予選特賞,晴,北西,3,3,3,6,4451,松 崎 祐太郎,34,139,6.79,5,0.27,1.52.0,3-1-6,910,2,3-1,570,2,1-3-6,250,1,1-3,180,1,,,,,,,
20250513,芦屋,9,予選特賞,晴,北西,3,3,4,5,3224,栗 山 繁 洋,14,129,6.82,4,0.25,1.53.5,3-1-6,910,2,3-1,570,2,1-3-6,250,1,1-3,180,1,,,,,,,
20250513,芦屋,9,予選特賞,晴,北西,3,3,5,4,5375,庄 島 潤 成,51,161,6.79,6,0.38,,3-1-6,910,2,3-1,570,2,1-3-6,250,1,1-3,180,1,,,,,,,
20250513,芦屋,9,予選特賞,晴,北西,3,3,6,2,4555,富 永 大 一,45,131,6.76,2,0.28,,3-1-6,910,2,3-1,570,2,1-3-6,250,1,1-3,180,1,,,,,,,
20250513,芦屋,10,予選特賞,晴,北西,4,4,1,4,4228,吉 田 慎二郎,38,123,6.78,4,0.21,1.48.4,4-5-1,4260,15,4-5,2090,10,1-4-5,260,1,4-5,690,2,,,,,,,
20250513,芦屋,10,予選特賞,晴,北西,4,4,2,5,4320,峰 竜 太,44,132,6.70,5,0.26,1.49.5,4-5-1,4260,15,4-5,2090,10,1-4-5,260,1,4-5,690,2,,,,,,,
20250513,芦屋,10,予選特賞,晴,北西,4,4,3,1,4151,下 河 誉 史,36,152,6.76,1,0.22,1.52.0,4-5-1,4260,15,4-5,2090,10,1-4-5,260,1,4-5,690,2,,,,,,,
20250513,芦屋,10,予選特賞,晴,北西,4,4,4,2,3851,森 田 昭 彦,32,167,6.78,2,0.19,1.53.5,4-5-1,4260,15,4-5,2090,10,1-4-5,260,1,4-5,690,2,,,,,,,
20250513,芦屋,10,予選特賞,晴,北西,4,4,5,6,3550,都 築 正 治,40,166,6.79,6,0.23,,4-5-1,4260,15,4-5,2090,10,1-4-5,260,1,4-5,690,2,,,,,,,
20250513,芦屋,10,予選特賞,晴,北西,4,4,6,3,3273,石 田 豪,31,128,6.79,3,0.18,,4-5-1,4260,15,4-5,2090,10,1-4-5,260,1,4-5,690,2,,,,,,,
20250513,芦屋,11,予選特選,晴,北西,4,4,1,1,4933,板 橋 侑 我,43,134,6.73,1,0.05,1.46.6,1-3-2,2190,8,1-3,950,3,1-2-3,650,2,1-3,900,3,,,,,,,
20250513,芦屋,11,予選特選,晴,北西,4,4,2,3,4728,山 口 亮,9,117,6.76,3,0.19,1.49.1,1-3-2,2190,8,1-3,950,3,1-2-3,650,2,1-3,900,3,,,,,,,
20250513,芦屋,11,予選特選,晴,北西,4,4,3,2,4043,桐 本 康 臣,52,164,6.77,2,0.07,1.50.8,1-3-2,2190,8,1-3,950,3,1-2-3,650,2,1-3,900,3,,,,,,,
20250513,芦屋,11,予選特選,晴,北西,4,4,4,6,4793,金 子 萌,39,124,6.75,6,0.11,1.51.4,1-3-2,2190,8,1-3,950,3,1-2-3,650,2,1-3,900,3,,,,,,,
20250513,芦屋,11,予選特選,晴,北西,4,4,5,5,4245,高 橋 直 哉,15,170,6.75,5,0.12,,1-3-2,2190,8,1-3,950,3,1-2-3,650,2,1-3,900,3,,,,,,,
20250513,芦屋,11,予選特選,晴,北西,4,4,6,4,4067,永 井 源,53,140,6.75,4,0.12,,1-3-2,2190,8,1-3,950,3,1-2-3,650,2,1-3,900,3,,,,,,,
20250513,芦屋,12,予選特選,晴,北,3,3,1,3,5042,畑 田 汰 一,7,156,6.79,2,0.09,1.46.1,3-5-4,33710,48,3-5,7040,11,3-4-5,7250,14,3-5,2990,8,,,,,,,
20250513,芦屋,12,予選特選,晴,北,3,3,2,5,3852,澤 大 介,54,162,6.79,5,0.05,1.49.7,3-5-4,33710,48,3-5,7040,11,3-4-5,7250,14,3-5,2990,8,,,,,,,
20250513,芦屋,12,予選特選,晴,北,3,3,3,4,4416,三 宅 健 太,2,159,6.75,4,0.08,1.51.0,3-5-4,33710,48,3-5,7040,11,3-4-5,7250,14,3-5,2990,8,,,,,,,
20250513,芦屋,12,予選特選,晴,北,3,3,4,6,4114,深 澤 達 徳,56,158,6.79,6,0.12,1.52.4,3-5-4,33710,48,3-5,7040,11,3-4-5,7250,14,3-5,2990,8,,,,,,,
20250513,芦屋,12,予選特選,晴,北,3,3,5,2,4302,西 野 翔 太,50,119,6.80,3,0.11,,3-5-4,33710,48,3-5,7040,11,3-4-5,7250,14,3-5,2990,8,,,,,,,
20250513,芦屋,12,予選特選,晴,北,3,3,6,1,4537,渡 邉 和 将,4,118,6.70,1,0.29,,3-5-4,33710,48,3-5,7040,11,3-4-5,7250,14,3-5,2990,8,,,,,,,
20250513,若松,1,予選,晴,北西,2,2,1,3,3211,北 川 敏 弘,14,18,6.74,3,0.11,1.50.5,3-6-1,2760,9,3-6,1320,5,1-3-6,330,1,3-6,720,3,,,,,,,
20250513,若松,1,予選,晴,北西,2,2,2,6,4102,益 田 啓 司,61,32,6.75,6,0.17,1.51.6,3-6-1,2760,9,3-6,1320,5,1-3-6,330,1,3-6,720,3,,,,,,,
20250513,若松,1,予選,晴,北西,2,2,3,1,4943,八 木 治 樹,52,14,6.76,1,0.18,1.53.0,3-6-1,2760,9,3-6,1320,5,1-3-6,330,1,3-6,720,3,,,,,,,
20250513,若松,1,予選,晴,北西,2,2,4,4,3462,竹 上 真 司,56,55,6.79,4,0.16,1.54.8,3-6-1,2760,9,3-6,1320,5,1-3-6,330,1,3-6,720,3,,,,,,,
20250513,若松,1,予選,晴,北西,2,2,5,5,3414,加 瀬 智 宏,28,62,6.82,5,0.19,,3-6-1,2760,9,3-6,1320,5,1-3-6,330,1,3-6,720,3,,,,,,,
20250513,若松,1,予選,晴,北西,2,2,6,2,5285,若 林 麗,60,68,6.84,2,0.17,,3-6-1,2760,9,3-6,1320,5,1-3-6,330,1,3-6,720,3,,,,,,,
20250513,若松,2,予選,晴,北西,3,3,1,1,4462,夏 山 亮 平,50,28,6.80,1,0.16,1.50.5,1-6-3,7130,31,1-6,4550,15,1-3-6,420,2,1-6,2270,9,,,,,,,
20250513,若松,2,予選,晴,北西,3,3,2,6,4442,松 竹 大 輔,44,40,6.78,6,0.17,1.51.8,1-6-3,7130,31,1-6,4550,15,1-3-6,420,2,1-6,2270,9,,,,,,,
20250513,若松,2,予選,晴,北西,3,3,3,3,4391,松 田 祐 季,53,72,6.74,3,0.13,1.53.1,1-6-3,7130,31,1-6,4550,15,1-3-6,420,2,1-6,2270,9,,,,,,,
20250513,若松,2,予選,晴,北西,3,3,4,2,3282,池 本 輝 明,36,67,6.83,2,0.13,1.53.9,1-6-3,7130,31,1-6,4550,15,1-3-6,420,2,1-6,2270,9,,,,,,,
20250513,若松,2,予選,晴,北西,3,3,5,4,4840,鈴 木 秀 茉,34,17,6.70,4,0.12,,1-6-3,7130,31,1-6,4550,15,1-3-6,420,2,1-6,2270,9,,,,,,,
20250513,若松,2,予選,晴,北西,3,3,6,5,5333,山 下 智 己,8,36,6.76,5,0.16,,1-6-3,7130,31,1-6,4550,15,1-3-6,420,2,1-6,2270,9,,,,,,,
20250513,若松,3,予選,晴,北西,3,3,1,1,4424,松 尾 昂 明,20,50,6.75,1,0.03,1.49.7,1-6-4,970,3,1-6,440,2,1-4-6,270,1,1-6,560,2,,,,,,,
20250513,若松,3,予選,晴,北西,3,3,2,6,3613,角 谷 健 吾,30,45,6.78,5,0.16,1.51.2,1-6-4,970,3,1-6,440,2,1-4-6,270,1,1-6,560,2,,,,,,,
20250513,若松,3,予選,晴,北西,3,3,3,4,4458,抹 香 雄 三,26,23,6.81,4,0.19,1.52.0,1-6-4,970,3,1-6,440,2,1-4-6,270,1,1-6,560,2,,,,,,,
20250513,若松,3,予選,晴,北西,3,3,4,3,5151,山 下 奈 緒,45,65,6.79,3,0.04,1.53.3,1-6-4,970,3,1-6,440,2,1-4-6,270,1,1-6,560,2,,,,,,,
20250513,若松,3,予選,晴,北西,3,3,5,5,5275,松 田 淳 平,31,59,6.86,6,0.11,,1-6-4,970,3,1-6,440,2,1-4-6,270,1,1-6,560,2,,,,,,,
20250513,若松,4,予選,晴,北西,3,3,1,1,4427,秦 英 悟,19,52,6.75,1,0.22,1.49.6,1-6-4,5410,21,1-6,680,3,1-4-6,1930,9,1-6,960,3,,,,,,,
20250513,若松,4,予選,晴,北西,3,3,2,6,4530,小 野 生 奈,42,38,6.76,6,0.21,1.50.4,1-6-4,5410,21,1-6,680,3,1-4-6,1930,9,1-6,960,3,,,,,,,
20250513,若松,4,予選,晴,北西,3,3,3,4,4562,阪 本 勇 介,62,46,6.78,4,0.18,1.53.0,1-6-4,5410,21,1-6,680,3,1-4-6,1930,9,1-6,960,3,,,,,,,
20250513,若松,4,予選,晴,北西,3,3,4,3,3346,宮 本 裕 之,39,30,6.82,3,0.19,1.54.9,1-6-4,5410,21,1-6,680,3,1-4-6,1930,9,1-6,960,3,,,,,,,
20250513,若松,4,予選,晴,北西,3,3,5,5,3744,徳 増 秀 樹,10,25,6.75,5,0.12,,1-6-4,5410,21,1-6,680,3,1-4-6,1930,9,1-6,960,3,,,,,,,
20250513,若松,4,予選,晴,北西,3,3,6,2,4358,松 本 庸 平,46,58,6.75,2,0.31,,1-6-4,5410,21,1-6,680,3,1-4-6,1930,9,1-6,960,3,,,,,,,
20250513,若松,5,進入固定戦隊 進入固定,晴,北西,3,3,1,1,3959,坪 井 康 晴,1,66,6.73,1,0.08,1.48.1,1-2-4,400,1,1-2,170,1,1-2-4,180,1,1-2,160,1,,,,,,,
20250513,若松,5,進入固定戦隊 進入固定,晴,北西,3,3,2,2,4415,下 出 卓 矢,43,27,6.67,2,0.06,1.51.3,1-2-4,400,1,1-2,170,1,1-2-4,180,1,1-2,160,1,,,,,,,
20250513,若松,5,進入固定戦隊 進入固定,晴,北西,3,3,3,4,4381,田 路 朋 史,9,31,6.73,4,0.08,1.52.8,1-2-4,400,1,1-2,170,1,1-2-4,180,1,1-2,160,1,,,,,,,
20250513,若松,5,進入固定戦隊 進入固定,晴,北西,3,3,4,3,4143,浦 田 晃 嗣,51,48,6.83,3,0.08,1.54.1,1-2-4,400,1,1-2,170,1,1-2-4,180,1,1-2,160,1,,,,,,,
20250513,若松,5,進入固定戦隊 進入固定,晴,北西,3,3,5,6,4730,土 屋 実沙希,25,20,6.78,6,0.11,,1-2-4,400,1,1-2,170,1,1-2-4,180,1,1-2,160,1,,,,,,,
20250513,若松,5,進入固定戦隊 進入固定,晴,北西,3,3,6,5,5285,若 林 麗,60,68,6.79,5,0.11,,1-2-4,400,1,1-2,170,1,1-2-4,180,1,1-2,160,1,,,,,,,
20250513,若松,6,予選,晴,北西,3,3,1,1,4391,松 田 祐 季,53,72,6.81,1,0.18,1.50.9,1-5-3,11740,32,1-5,7300,13,1-3-5,1910,7,1-5,4440,9,,,,,,,
20250513,若松,6,予選,晴,北西,3,3,2,5,3461,渡 邊 哲 也,17,63,6.88,5,0.16,1.51.9,1-5-3,11740,32,1-5,7300,13,1-3-5,1910,7,1-5,4440,9,,,,,,,
20250513,若松,6,予選,晴,北西,3,3,3,3,4189,川 上 剛,48,12,6.79,4,0.17,1.53.1,1-5-3,11740,32,1-5,7300,13,1-3-5,1910,7,1-5,4440,9,,,,,,,
20250513,若松,6,予選,晴,北西,3,3,4,6,4754,松 尾 充,11,54,6.79,6,0.18,1.53.9,1-5-3,11740,32,1-5,7300,13,1-3-5,1910,7,1-5,4440,9,,,,,,,
20250513,若松,6,予選,晴,北西,3,3,5,4,4874,池 田 奈津美,13,39,6.81,2,0.16,,1-5-3,11740,32,1-5,7300,13,1-3-5,1910,7,1-5,4440,9,,,,,,,
20250513,若松,6,予選,晴,北西,3,3,6,2,5248,本 田 愛,3,56,6.78,3,0.23,,1-5-3,11740,32,1-5,7300,13,1-3-5,1910,7,1-5,4440,9,,,,,,,
20250513,若松,7,予選特賞,晴,北西,2,2,1,5,4290,稲 田 浩 二,41,24,6.85,5,0.07,1.48.9,5-6-3,3760,12,5-6,1080,4,3-5-6,1160,5,5-6,980,5,,,,,,,
20250513,若松,7,予選特賞,晴,北西,2,2,2,6,3940,飯 山 泰,4,19,6.75,6,0.17,1.51.8,5-6-3,3760,12,5-6,1080,4,3-5-6,1160,5,5-6,980,5,,,,,,,
20250513,若松,7,予選特賞,晴,北西,2,2,3,3,5060,数 原 魁,54,44,6.79,3,0.25,1.52.6,5-6-3,3760,12,5-6,1080,4,3-5-6,1160,5,5-6,980,5,,,,,,,
20250513,若松,7,予選特賞,晴,北西,2,2,4,4,3282,池 本 輝 明,36,67,6.84,4,0.16,1.53.0,5-6-3,3760,12,5-6,1080,4,3-5-6,1160,5,5-6,980,5,,,,,,,
20250513,若松,7,予選特賞,晴,北西,2,2,5,1,4478,櫻 本 あゆみ,27,69,6.82,1,0.26,,5-6-3,3760,12,5-6,1080,4,3-5-6,1160,5,5-6,980,5,,,,,,,
20250513,若松,7,予選特賞,晴,北西,2,2,6,2,3462,竹 上 真 司,56,55,6.84,2,0.30,,5-6-3,3760,12,5-6,1080,4,3-5-6,1160,5,5-6,980,5,,,,,,,
20250513,若松,8,エイトビート,晴,北西,2,2,1,5,3857,阿 波 勝 哉,57,33,6.73,6,0.19,1.50.9,5-1-4,18960,32,5-1,3420,7,1-4-5,2430,8,1-5,840,3,,,,,,,
20250513,若松,8,エイトビート,晴,北西,2,2,2,1,4482,守 屋 美 穂,5,49,6.70,1,0.21,1.50.9,5-1-4,18960,32,5-1,3420,7,1-4-5,2430,8,1-5,840,3,,,,,,,
20250513,若松,8,エイトビート,晴,北西,2,2,3,4,3346,宮 本 裕 之,39,30,6.86,4,0.28,1.54.0,5-1-4,18960,32,5-1,3420,7,1-4-5,2430,8,1-5,840,3,,,,,,,
20250513,若松,8,エイトビート,晴,北西,2,2,4,6,4301,関 裕 也,23,64,6.84,5,0.26,1.54.9,5-1-4,18960,32,5-1,3420,7,1-4-5,2430,8,1-5,840,3,,,,,,,
20250513,若松,8,エイトビート,晴,北西,2,2,5,3,3414,加 瀬 智 宏,28,62,6.83,3,0.21,,5-1-4,18960,32,5-1,3420,7,1-4-5,2430,8,1-5,840,3,,,,,,,
20250513,若松,8,エイトビート,晴,北西,2,2,6,2,4442,松 竹 大 輔,44,40,6.78,2,0.24,,5-1-4,18960,32,5-1,3420,7,1-4-5,2430,8,1-5,840,3,,,,,,,
20250513,若松,9,予選,晴,北,1,1,1,6,4415,下 出 卓 矢,43,27,6.71,6,0.18,1.51.1,6-1-4,2550,12,6-1,370,1,1-4-6,1020,5,1-6,170,1,,,,,,,
20250513,若松,9,予選,晴,北,1,1,2,1,4025,山 本 隆 幸,24,15,6.74,1,0.19,1.52.3,6-1-4,2550,12,6-1,370,1,1-4-6,1020,5,1-6,170,1,,,,,,,
20250513,若松,9,予選,晴,北,1,1,3,4,5333,山 下 智 己,8,36,6.77,4,0.24,1.53.8,6-1-4,2550,12,6-1,370,1,1-4-6,1020,5,1-6,170,1,,,,,,,
20250513,若松,9,予選,晴,北,1,1,4,5,3949,今 出 晋 二,6,60,6.81,5,0.22,1.54.5,6-1-4,2550,12,6-1,370,1,1-4-6,1020,5,1-6,170,1,,,,,,,
20250513,若松,9,予選,晴,北,1,1,5,3,3827,今 泉 徹,32,42,6.86,2,0.21,,6-1-4,2550,12,6-1,370,1,1-4-6,1020,5,1-6,170,1,,,,,,,
20250513,若松,9,予選,晴,北,1,1,6,2,4562,阪 本 勇 介,62,46,6.81,3,0.21,,6-1-4,2550,12,6-1,370,1,1-4-6,1020,5,1-6,170,1,,,,,,,
20250513,若松,10,予選特賞,晴,北,1,1,1,4,3744,徳 増 秀 樹,10,25,6.77,4,0.11,1.50.6,4-5-2,6480,27,4-5,1930,9,2-4-5,2340,9,4-5,1310,6,,,,,,,
20250513,若松,10,予選特賞,晴,北,1,1,2,5,3211,北 川 敏 弘,14,18,6.83,5,0.09,1.51.7,4-5-2,6480,27,4-5,1930,9,2-4-5,2340,9,4-5,1310,6,,,,,,,
20250513,若松,10,予選特賞,晴,北,1,1,3,2,4840,鈴 木 秀 茉,34,17,6.70,2,0.12,1.52.6,4-5-2,6480,27,4-5,1930,9,2-4-5,2340,9,4-5,1310,6,,,,,,,
20250513,若松,10,予選特賞,晴,北,1,1,4,6,4189,川 上 剛,48,12,6.79,6,0.11,1.53.9,4-5-2,6480,27,4-5,1930,9,2-4-5,2340,9,4-5,1310,6,,,,,,,
20250513,若松,10,予選特賞,晴,北,1,1,5,1,4381,田 路 朋 史,9,31,6.78,1,0.12,,4-5-2,6480,27,4-5,1930,9,2-4-5,2340,9,4-5,1310,6,,,,,,,
20250513,若松,10,予選特賞,晴,北,1,1,6,3,5275,松 田 淳 平,31,59,6.86,3,0.16,,4-5-2,6480,27,4-5,1930,9,2-4-5,2340,9,4-5,1310,6,,,,,,,
20250513,若松,11,一般特選,晴,北,1,1,1,1,4290,稲 田 浩 二,41,24,6.80,1,0.15,1.48.5,1-2-3,590,2,1-2,230,1,1-2-3,220,1,1-2,140,1,,,,,,,
20250513,若松,11,一般特選,晴,北,1,1,2,2,4102,益 田 啓 司,61,32,6.81,2,0.11,1.50.4,1-2-3,590,2,1-2,230,1,1-2-3,220,1,1-2,140,1,,,,,,,
20250513,若松,11,一般特選,晴,北,1,1,3,3,3613,角 谷 健 吾,30,45,6.84,3,0.14,1.51.5,1-2-3,590,2,1-2,230,1,1-2-3,220,1,1-2,140,1,,,,,,,
20250513,若松,11,一般特選,晴,北,1,1,4,5,3959,坪 井 康 晴,1,66,6.79,5,0.06,1.51.6,1-2-3,590,2,1-2,230,1,1-2-3,220,1,1-2,140,1,,,,,,,
20250513,若松,11,一般特選,晴,北,1,1,5,4,4462,夏 山 亮 平,50,28,6.86,4,0.07,,1-2-3,590,2,1-2,230,1,1-2-3,220,1,1-2,140,1,,,,,,,
20250513,若松,11,一般特選,晴,北,1,1,6,6,4358,松 本 庸 平,46,58,6.83,6,0.07,,1-2-3,590,2,1-2,230,1,1-2-3,220,1,1-2,140,1,,,,,,,
20250513,若松,12,一般特選,晴,北,1,1,1,1,4530,小 野 生 奈,42,38,6.76,1,0.15,1.49.3,1-2-5,4060,15,1-2,660,4,1-2-5,2040,7,1-2,680,3,,,,,,,
20250513,若松,12,一般特選,晴,北,1,1,2,2,4874,池 田 奈津美,13,39,6.82,2,0.14,1.50.4,1-2-5,4060,15,1-2,660,4,1-2-5,2040,7,1-2,680,3,,,,,,,
20250513,若松,12,一般特選,晴,北,1,1,3,5,4730,土 屋 実沙希,25,20,6.81,5,0.22,1.52.4,1-2-5,4060,15,1-2,660,4,1-2-5,2040,7,1-2,680,3,,,,,,,
20250513,若松,12,一般特選,晴,北,1,1,4,3,4478,櫻 本 あゆみ,27,69,6.83,3,0.16,1.52.6,1-2-5,4060,15,1-2,660,4,1-2-5,2040,7,1-2,680,3,,,,,,,
20250513,若松,12,一般特選,晴,北,1,1,5,6,5151,山 下 奈 緒,45,65,6.85,6,0.31,,1-2-5,4060,15,1-2,660,4,1-2-5,2040,7,1-2,680,3,,,,,,,
20250513,若松,12,一般特選,晴,北,1,1,6,4,4482,守 屋 美 穂,5,49,6.80,4,0.22,,1-2-5,4060,15,1-2,660,4,1-2-5,2040,7,1-2,680,3,,,,,,,
