date,venue_name,race_no,race_type,weather,wind_dir,wind_ms,wave_cm,rank,waku,reg_no,name,motor_no,boat_no,exhibition_time,course_enter,st_timing,race_time,won3,won3_pay,won3_pop,won2,won2_pay,won2_pop,trio,trio_pay,trio_pop,pair,pair_pay,pair_pop,lap_time,turn_time,straight_time,lap_rank,turn_rank,straight_rank,exhibition_eval
20250630,びわこ,1,予選,晴,南西,2,2,1,1,3489,大 場 敏,31,11,6.65,1,0.14,1.50.4,1-4-2,3130,11,1-4,1090,4,1-2-4,900,4,1-4,730,4,,,,,,,
20250630,びわこ,1,予選,晴,南西,2,2,2,4,5167,小 川 竜太朗,37,72,6.71,4,0.27,1.51.9,1-4-2,3130,11,1-4,1090,4,1-2-4,900,4,1-4,730,4,,,,,,,
20250630,びわこ,1,予選,晴,南西,2,2,3,2,4394,永 嶋 裕 一,12,27,6.68,2,0.16,1.53.9,1-4-2,3130,11,1-4,1090,4,1-2-4,900,4,1-4,730,4,,,,,,,
20250630,びわこ,1,予選,晴,南西,2,2,4,6,3562,山 下 和 彦,25,64,6.68,6,0.36,1.54.4,1-4-2,3130,11,1-4,1090,4,1-2-4,900,4,1-4,730,4,,,,,,,
20250630,びわこ,1,予選,晴,南西,2,2,5,3,4274,長 畑 友 輔,45,54,6.70,3,0.12,,1-4-2,3130,11,1-4,1090,4,1-2-4,900,4,1-4,730,4,,,,,,,
20250630,びわこ,1,予選,晴,南西,2,2,6,5,3820,樫 葉 次 郎,33,37,6.69,5,0.22,,1-4-2,3130,11,1-4,1090,4,1-2-4,900,4,1-4,730,4,,,,,,,
20250630,びわこ,2,予選,晴,南,4,3,1,6,3966,作 間 章,26,61,6.65,6,0.27,1.51.0,6-1-2,8430,28,6-1,1590,8,1-2-6,1010,4,1-6,650,3,,,,,,,
20250630,びわこ,2,予選,晴,南,4,3,2,1,3775,泉 啓 文,55,55,6.61,1,0.25,1.53.2,6-1-2,8430,28,6-1,1590,8,1-2-6,1010,4,1-6,650,3,,,,,,,
20250630,びわこ,2,予選,晴,南,4,3,3,2,3878,胡 本 悟 志,71,17,6.70,2,0.27,1.53.8,6-1-2,8430,28,6-1,1590,8,1-2-6,1010,4,1-6,650,3,,,,,,,
20250630,びわこ,2,予選,晴,南,4,3,4,3,4000,松 本 博 昭,59,41,6.66,3,0.29,1.53.9,6-1-2,8430,28,6-1,1590,8,1-2-6,1010,4,1-6,650,3,,,,,,,
20250630,びわこ,2,予選,晴,南,4,3,5,4,4368,山 口 隆 史,30,36,6.72,4,0.31,,6-1-2,8430,28,6-1,1590,8,1-2-6,1010,4,1-6,650,3,,,,,,,
20250630,びわこ,2,予選,晴,南,4,3,6,5,4202,浮 田 圭 浩,41,29,6.60,5,0.32,,6-1-2,8430,28,6-1,1590,8,1-2-6,1010,4,1-6,650,3,,,,,,,
20250630,びわこ,3,予選,晴,南,4,3,1,1,3896,上 田 洋 平,27,32,6.75,1,0.12,1.56.7,1-3-5,2060,8,1-3,380,2,1-3-5,1010,5,1-3,290,1,,,,,,,
20250630,びわこ,3,予選,晴,南,4,3,2,3,4485,楠 原 正 剛,36,45,6.73,3,0.06,1.59.7,1-3-5,2060,8,1-3,380,2,1-3-5,1010,5,1-3,290,1,,,,,,,
20250630,びわこ,3,予選,晴,南,4,3,3,5,4729,佐 藤 謙史朗,34,49,6.60,5,0.09,2.01.3,1-3-5,2060,8,1-3,380,2,1-3-5,1010,5,1-3,290,1,,,,,,,
20250630,びわこ,3,予選,晴,南,4,3,4,4,3812,山 崎 聖 司,73,19,6.66,4,0.07,2.09.7,1-3-5,2060,8,1-3,380,2,1-3-5,1010,5,1-3,290,1,,,,,,,
20250630,びわこ,3,予選,晴,南,4,3,5,6,5383,中 村 楓,62,57,6.64,6,0.08,,1-3-5,2060,8,1-3,380,2,1-3-5,1010,5,1-3,290,1,,,,,,,
20250630,びわこ,3,予選,晴,南,4,3,S0,2,4366,前 沢 丈 史,19,69,6.74,2,0.11,,1-3-5,2060,8,1-3,380,2,1-3-5,1010,5,1-3,290,1,,,,,,,
20250630,びわこ,4,予選,晴,南,3,2,1,3,4239,竹 田 辰 也,22,33,6.75,3,0.13,1.50.7,3-1-2,7840,31,3-1,900,4,1-2-3,1330,6,1-3,640,3,,,,,,,
20250630,びわこ,4,予選,晴,南,3,2,2,1,3859,多羅尾 達 之,65,28,6.76,1,0.11,1.51.7,3-1-2,7840,31,3-1,900,4,1-2-3,1330,6,1-3,640,3,,,,,,,
20250630,びわこ,4,予選,晴,南,3,2,3,2,4691,水 原 慎,40,26,6.74,2,0.09,1.53.6,3-1-2,7840,31,3-1,900,4,1-2-3,1330,6,1-3,640,3,,,,,,,
20250630,びわこ,4,予選,晴,南,3,2,4,5,4036,金 田 諭,47,46,6.73,5,0.18,1.54.1,3-1-2,7840,31,3-1,900,4,1-2-3,1330,6,1-3,640,3,,,,,,,
20250630,びわこ,4,予選,晴,南,3,2,5,4,4902,山 川 雄 大,50,31,6.77,4,0.16,,3-1-2,7840,31,3-1,900,4,1-2-3,1330,6,1-3,640,3,,,,,,,
20250630,びわこ,4,予選,晴,南,3,2,6,6,3514,山 一 鉄 也,52,24,6.77,6,0.23,,3-1-2,7840,31,3-1,900,4,1-2-3,1330,6,1-3,640,3,,,,,,,
20250630,びわこ,5,予選,晴,南西,3,2,1,2,4204,柴 田 大 輔,49,70,6.63,2,0.12,1.51.2,2-1-3,6280,21,2-1,1320,6,1-2-3,1090,4,1-2,460,3,,,,,,,
20250630,びわこ,5,予選,晴,南西,3,2,2,1,4375,照 屋 厚 仁,46,23,6.66,1,0.12,1.52.4,2-1-3,6280,21,2-1,1320,6,1-2-3,1090,4,1-2,460,3,,,,,,,
20250630,びわこ,5,予選,晴,南西,3,2,3,3,3930,岸 本 隆,35,65,6.71,3,0.15,1.54.0,2-1-3,6280,21,2-1,1320,6,1-2-3,1090,4,1-2,460,3,,,,,,,
20250630,びわこ,5,予選,晴,南西,3,2,4,4,4596,葛 原 大 陽,17,67,6.69,4,0.07,1.54.2,2-1-3,6280,21,2-1,1320,6,1-2-3,1090,4,1-2,460,3,,,,,,,
20250630,びわこ,5,予選,晴,南西,3,2,5,6,5356,長谷川 暖,16,73,6.66,6,0.20,,2-1-3,6280,21,2-1,1320,6,1-2-3,1090,4,1-2,460,3,,,,,,,
20250630,びわこ,5,予選,晴,南西,3,2,6,5,3662,大 庭 元 明,60,30,6.74,5,0.12,,2-1-3,6280,21,2-1,1320,6,1-2-3,1090,4,1-2,460,3,,,,,,,
20250630,びわこ,6,予選,晴,南,4,3,1,4,3872,岡 田 憲 行,28,14,6.65,4,0.17,1.50.6,4-6-3,11150,39,4-6,4230,14,3-4-6,1710,7,4-6,2600,9,,,,,,,
20250630,びわこ,6,予選,晴,南,4,3,2,6,4191,赤 羽 克 也,56,52,6.72,6,0.21,1.52.6,4-6-3,11150,39,4-6,4230,14,3-4-6,1710,7,4-6,2600,9,,,,,,,
20250630,びわこ,6,予選,晴,南,4,3,3,3,4012,中 村 有 裕,29,53,6.78,3,0.13,1.55.4,4-6-3,11150,39,4-6,4230,14,3-4-6,1710,7,4-6,2600,9,,,,,,,
20250630,びわこ,6,予選,晴,南,4,3,4,5,4274,長 畑 友 輔,45,54,6.67,5,0.18,1.56.4,4-6-3,11150,39,4-6,4230,14,3-4-6,1710,7,4-6,2600,9,,,,,,,
20250630,びわこ,6,予選,晴,南,4,3,5,1,5054,佐々木 大 河,51,63,6.61,1,0.13,,4-6-3,11150,39,4-6,4230,14,3-4-6,1710,7,4-6,2600,9,,,,,,,
20250630,びわこ,6,予選,晴,南,4,3,6,2,4195,前 川 守 嗣,57,48,6.80,2,0.22,,4-6-3,11150,39,4-6,4230,14,3-4-6,1710,7,4-6,2600,9,,,,,,,
20250630,びわこ,7,予選,晴,南西,4,3,1,5,3882,新 田 智 彰,20,25,6.69,4,0.12,1.51.4,5-6-1,2360,14,5-6,1590,8,1-5-6,300,1,5-6,810,5,,,,,,,
20250630,びわこ,7,予選,晴,南西,4,3,2,6,4594,谷 川 祐 一,15,66,6.73,5,0.11,1.52.6,5-6-1,2360,14,5-6,1590,8,1-5-6,300,1,5-6,810,5,,,,,,,
20250630,びわこ,7,予選,晴,南西,4,3,3,1,4000,松 本 博 昭,59,41,6.71,1,0.18,1.54.7,5-6-1,2360,14,5-6,1590,8,1-5-6,300,1,5-6,810,5,,,,,,,
20250630,びわこ,7,予選,晴,南西,4,3,4,4,5275,松 田 淳 平,66,18,6.66,3,0.20,1.56.2,5-6-1,2360,14,5-6,1590,8,1-5-6,300,1,5-6,810,5,,,,,,,
20250630,びわこ,7,予選,晴,南西,4,3,5,3,3820,樫 葉 次 郎,33,37,6.68,2,0.19,,5-6-1,2360,14,5-6,1590,8,1-5-6,300,1,5-6,810,5,,,,,,,
20250630,びわこ,7,予選,晴,南西,4,3,K0,2,3812,山 崎 聖 司,73,19 K,,,,,5-6-1,2360,14,5-6,1590,8,1-5-6,300,1,5-6,810,5,,,,,,,
20250630,びわこ,8,予選,晴,南西,4,3,1,3,4449,中 嶋 達 也,53,40,6.67,3,0.20,1.51.4,3-2-4,7070,29,3-2,2740,10,2-3-4,1630,7,2-3,960,4,,,,,,,
20250630,びわこ,8,予選,晴,南西,4,3,2,2,3966,作 間 章,26,61,6.75,2,0.22,1.52.4,3-2-4,7070,29,3-2,2740,10,2-3-4,1630,7,2-3,960,4,,,,,,,
20250630,びわこ,8,予選,晴,南西,4,3,3,4,3771,折 下 寛 法,48,56,6.83,4,0.16,1.54.2,3-2-4,7070,29,3-2,2740,10,2-3-4,1630,7,2-3,960,4,,,,,,,
20250630,びわこ,8,予選,晴,南西,4,3,4,5,3713,伊 藤 誠 二,69,47,6.68,5,0.14,1.54.5,3-2-4,7070,29,3-2,2740,10,2-3-4,1630,7,2-3,960,4,,,,,,,
20250630,びわこ,8,予選,晴,南西,4,3,5,1,4625,渡 邊 裕 貴,58,39,6.73,1,0.14,,3-2-4,7070,29,3-2,2740,10,2-3-4,1630,7,2-3,960,4,,,,,,,
20250630,びわこ,8,予選,晴,南西,4,3,6,6,5383,中 村 楓,62,57,6.64,6,0.17,,3-2-4,7070,29,3-2,2740,10,2-3-4,1630,7,2-3,960,4,,,,,,,
20250630,びわこ,9,予選特賞,晴,南,4,3,1,3,3562,山 下 和 彦,25,64,6.79,3,0.14,1.51.4,3-5-6,5160,23,3-5,2110,8,3-5-6,2670,8,3-5,980,4,,,,,,,
20250630,びわこ,9,予選特賞,晴,南,4,3,2,5,4691,水 原 慎,40,26,6.81,4,0.20,1.52.7,3-5-6,5160,23,3-5,2110,8,3-5-6,2670,8,3-5,980,4,,,,,,,
20250630,びわこ,9,予選特賞,晴,南,4,3,3,6,4896,花 本 剛,43,44,6.76,5,0.26,1.54.3,3-5-6,5160,23,3-5,2110,8,3-5-6,2670,8,3-5,980,4,,,,,,,
20250630,びわこ,9,予選特賞,晴,南,4,3,4,2,3662,大 庭 元 明,60,30,6.69,2,0.22,1.56.1,3-5-6,5160,23,3-5,2110,8,3-5-6,2670,8,3-5,980,4,,,,,,,
20250630,びわこ,9,予選特賞,晴,南,4,3,5,1,4355,小 川 広 大,64,58,6.74,1,0.24,,3-5-6,5160,23,3-5,2110,8,3-5-6,2670,8,3-5,980,4,,,,,,,
20250630,びわこ,9,予選特賞,晴,南,4,3,K0,4,4366,前 沢 丈 史,19,69 K,,,,,3-5-6,5160,23,3-5,2110,8,3-5-6,2670,8,3-5,980,4,,,,,,,
20250630,びわこ,10,予選特賞,晴,南,3,3,1,1,4596,葛 原 大 陽,17,67,6.70,1,0.14,1.51.4,1-2-4,2640,9,1-2,640,2,1-2-4,1300,6,1-2,830,4,,,,,,,
20250630,びわこ,10,予選特賞,晴,南,3,3,2,2,5167,小 川 竜太朗,37,72,6.72,2,0.18,1.52.3,1-2-4,2640,9,1-2,640,2,1-2-4,1300,6,1-2,830,4,,,,,,,
20250630,びわこ,10,予選特賞,晴,南,3,3,3,4,3896,上 田 洋 平,27,32,6.75,4,0.15,1.53.0,1-2-4,2640,9,1-2,640,2,1-2-4,1300,6,1-2,830,4,,,,,,,
20250630,びわこ,10,予選特賞,晴,南,3,3,4,5,3878,胡 本 悟 志,71,17,6.69,5,0.17,1.54.6,1-2-4,2640,9,1-2,640,2,1-2-4,1300,6,1-2,830,4,,,,,,,
20250630,びわこ,10,予選特賞,晴,南,3,3,5,3,4191,赤 羽 克 也,56,52,6.70,3,0.18,,1-2-4,2640,9,1-2,640,2,1-2-4,1300,6,1-2,830,4,,,,,,,
20250630,びわこ,10,予選特賞,晴,南,3,3,6,6,4239,竹 田 辰 也,22,33,6.69,6,0.20,,1-2-4,2640,9,1-2,640,2,1-2-4,1300,6,1-2,830,4,,,,,,,
20250630,びわこ,11,予選特選,晴,南,3,3,1,5,4375,照 屋 厚 仁,46,23,6.75,5,0.09,1.50.7,5-1-2,12700,34,5-1,3450,11,1-2-5,700,2,1-5,430,3,,,,,,,
20250630,びわこ,11,予選特選,晴,南,3,3,2,1,4012,中 村 有 裕,29,53,6.83,1,0.06,1.52.3,5-1-2,12700,34,5-1,3450,11,1-2-5,700,2,1-5,430,3,,,,,,,
20250630,びわこ,11,予選特選,晴,南,3,3,3,2,3882,新 田 智 彰,20,25,6.81,2,0.16,1.53.9,5-1-2,12700,34,5-1,3450,11,1-2-5,700,2,1-5,430,3,,,,,,,
20250630,びわこ,11,予選特選,晴,南,3,3,4,3,3514,山 一 鉄 也,52,24,6.70,3,0.13,1.53.9,5-1-2,12700,34,5-1,3450,11,1-2-5,700,2,1-5,430,3,,,,,,,
20250630,びわこ,11,予選特選,晴,南,3,3,5,6,4394,永 嶋 裕 一,12,27,6.76,6,0.08,,5-1-2,12700,34,5-1,3450,11,1-2-5,700,2,1-5,430,3,,,,,,,
20250630,びわこ,11,予選特選,晴,南,3,3,6,4,3775,泉 啓 文,55,55,6.70,4,0.11,,5-1-2,12700,34,5-1,3450,11,1-2-5,700,2,1-5,430,3,,,,,,,
20250630,びわこ,12,予選特選,晴,南,4,3,1,1,4036,金 田 諭,47,46,6.73,1,0.08,1.50.5,1-2-4,620,1,1-2,240,1,1-2-4,280,1,1-2,200,1,,,,,,,
20250630,びわこ,12,予選特選,晴,南,4,3,2,2,3713,伊 藤 誠 二,69,47,6.70,2,0.11,1.52.4,1-2-4,620,1,1-2,240,1,1-2-4,280,1,1-2,200,1,,,,,,,
20250630,びわこ,12,予選特選,晴,南,4,3,3,4,3489,大 場 敏,31,11,6.69,4,0.15,1.53.9,1-2-4,620,1,1-2,240,1,1-2-4,280,1,1-2,200,1,,,,,,,
20250630,びわこ,12,予選特選,晴,南,4,3,4,5,4195,前 川 守 嗣,57,48,6.79,5,0.15,1.54.9,1-2-4,620,1,1-2,240,1,1-2-4,280,1,1-2,200,1,,,,,,,
20250630,びわこ,12,予選特選,晴,南,4,3,5,3,4202,浮 田 圭 浩,41,29,6.66,3,0.17,,1-2-4,620,1,1-2,240,1,1-2-4,280,1,1-2,200,1,,,,,,,
20250630,びわこ,12,予選特選,晴,南,4,3,6,6,4485,楠 原 正 剛,36,45,6.70,6,0.09,,1-2-4,620,1,1-2,240,1,1-2-4,280,1,1-2,200,1,,,,,,,
20250630,住之江,1,一般戦,晴,南東,3,1,1,3,4781,西 舘 果 里,63,31,6.94,3,0.07,1.51.7,3-4-1,2600,9,3-4,1100,5,1-3-4,430,3,3-4,530,4,,,,,,,
20250630,住之江,1,一般戦,晴,南東,3,1,2,4,4853,前 原 哉,38,52,6.89,4,0.11,1.52.5,3-4-1,2600,9,3-4,1100,5,1-3-4,430,3,3-4,530,4,,,,,,,
20250630,住之江,1,一般戦,晴,南東,3,1,3,1,5230,石 原 凪 紗,66,72,6.82,1,0.19,1.53.1,3-4-1,2600,9,3-4,1100,5,1-3-4,430,3,3-4,530,4,,,,,,,
20250630,住之江,1,一般戦,晴,南東,3,1,4,2,3175,渡 辺 千 草,18,27,6.97,2,0.17,1.56.0,3-4-1,2600,9,3-4,1100,5,1-3-4,430,3,3-4,530,4,,,,,,,
20250630,住之江,1,一般戦,晴,南東,3,1,5,5,5367,赤 松 咲 香,85,22,6.98,5,0.10,1.58.7,3-4-1,2600,9,3-4,1100,5,1-3-4,430,3,3-4,530,4,,,,,,,
20250630,住之江,1,一般戦,晴,南東,3,1,6,6,5389,恵 良 琴 美,71,71,6.89,6,0.27,2.01.5,3-4-1,2600,9,3-4,1100,5,1-3-4,430,3,3-4,530,4,,,,,,,
20250630,住之江,2,一般戦,晴,南,3,1,1,2,4909,薮 内 瑞 希,74,61,6.89,1,0.21,1.52.1,2-6-4,410,1,2-6,280,1,2-4-6,170,1,2-6,190,1,,,,,,,
20250630,住之江,2,一般戦,晴,南,3,1,2,6,5069,山 崎 小葉音,30,15,6.92,3,0.17,1.54.3,2-6-4,410,1,2-6,280,1,2-4-6,170,1,2-6,190,1,,,,,,,
20250630,住之江,2,一般戦,晴,南,3,1,3,4,5291,三 嶌 こころ,37,21,6.94,4,0.14,1.55.3,2-6-4,410,1,2-6,280,1,2-4-6,170,1,2-6,190,1,,,,,,,
20250630,住之江,2,一般戦,晴,南,3,1,4,3,5164,森 田 梨 湖,61,38,6.89,2,0.19,1.59.3,2-6-4,410,1,2-6,280,1,2-4-6,170,1,2-6,190,1,,,,,,,
20250630,住之江,2,一般戦,晴,南,3,1,5,5,5357,田 中 瀬里奈,82,64,7.01,5,0.12,2.02.1,2-6-4,410,1,2-6,280,1,2-4-6,170,1,2-6,190,1,,,,,,,
20250630,住之江,2,一般戦,晴,南,3,1,K0,1,5189,藤 原 早 菜,20,54 K,,,,,2-6-4,410,1,2-6,280,1,2-4-6,170,1,2-6,190,1,,,,,,,
20250630,住之江,3,一般戦,晴,無風,0,1,1,5,4501,樋 口 由加里,31,56,6.92,5,0.13,1.51.4,5-2-6,8310,35,5-2,960,4,2-5-6,2770,10,2-5,490,3,,,,,,,
20250630,住之江,3,一般戦,晴,無風,0,1,2,2,4984,森 下 愛 梨,75,77,6.91,2,0.27,1.53.4,5-2-6,8310,35,5-2,960,4,2-5-6,2770,10,2-5,490,3,,,,,,,
20250630,住之江,3,一般戦,晴,無風,0,1,3,6,5272,松 田 真 実,35,94,6.85,6,0.16,1.54.5,5-2-6,8310,35,5-2,960,4,2-5-6,2770,10,2-5,490,3,,,,,,,
20250630,住之江,3,一般戦,晴,無風,0,1,4,1,3289,高 橋 淳 美,76,67,6.99,1,0.36,1.55.1,5-2-6,8310,35,5-2,960,4,2-5-6,2770,10,2-5,490,3,,,,,,,
20250630,住之江,3,一般戦,晴,無風,0,1,5,4,5297,南 彩 寧,32,35,6.81,4,0.27,1.57.2,5-2-6,8310,35,5-2,960,4,2-5-6,2770,10,2-5,490,3,,,,,,,
20250630,住之江,3,一般戦,晴,無風,0,1,6,3,5335,森 陽 多,11,85,6.89,3,0.24,1.58.9,5-2-6,8310,35,5-2,960,4,2-5-6,2770,10,2-5,490,3,,,,,,,
20250630,住之江,4,一般戦,晴,南東,2,1,1,1,5213,湯 淺 紀 香,26,73,6.83,1,0.21,1.51.1,1-4-3,1250,4,1-4,380,2,1-3-4,390,1,1-4,380,2,,,,,,,
20250630,住之江,4,一般戦,晴,南東,2,1,2,4,4730,土 屋 実沙希,68,26,6.95,4,0.21,1.53.3,1-4-3,1250,4,1-4,380,2,1-3-4,390,1,1-4,380,2,,,,,,,
20250630,住之江,4,一般戦,晴,南東,2,1,3,3,5140,吉 田 彩 乃,62,50,6.87,3,0.17,1.54.1,1-4-3,1250,4,1-4,380,2,1-3-4,390,1,1-4,380,2,,,,,,,
20250630,住之江,4,一般戦,晴,南東,2,1,4,2,3509,池 千 夏,79,78,6.94,2,0.19,1.56.3,1-4-3,1250,4,1-4,380,2,1-3-4,390,1,1-4,380,2,,,,,,,
20250630,住之江,4,一般戦,晴,南東,2,1,5,6,5387,戸 田 海咲音,50,16,6.82,6,0.28,1.57.4,1-4-3,1250,4,1-4,380,2,1-3-4,390,1,1-4,380,2,,,,,,,
20250630,住之江,4,一般戦,晴,南東,2,1,6,5,4744,伊 藤 玲 奈,52,23,6.98,5,0.31,1.58.7,1-4-3,1250,4,1-4,380,2,1-3-4,390,1,1-4,380,2,,,,,,,
20250630,住之江,5,住之江ファイ,晴,南,2,1,1,1,4891,寺 島 美 里,36,83,6.86,1,0.17,1.51.6,1-4-6,1080,3,1-4,420,2,1-4-6,420,1,1-4,450,2,,,,,,,
20250630,住之江,5,住之江ファイ,晴,南,2,1,2,4,5281,井 上 遥 妃,17,87,6.87,4,0.14,1.52.1,1-4-6,1080,3,1-4,420,2,1-4-6,420,1,1-4,450,2,,,,,,,
20250630,住之江,5,住之江ファイ,晴,南,2,1,3,6,5174,川 井 萌,60,90,6.84,6,0.18,1.55.0,1-4-6,1080,3,1-4,420,2,1-4-6,420,1,1-4,450,2,,,,,,,
20250630,住之江,5,住之江ファイ,晴,南,2,1,4,3,5151,山 下 奈 緒,29,69,6.86,3,0.19,1.56.6,1-4-6,1080,3,1-4,420,2,1-4-6,420,1,1-4,450,2,,,,,,,
20250630,住之江,5,住之江ファイ,晴,南,2,1,5,5,5230,石 原 凪 紗,66,72,6.85,5,0.14,1.58.1,1-4-6,1080,3,1-4,420,2,1-4-6,420,1,1-4,450,2,,,,,,,
20250630,住之江,5,住之江ファイ,晴,南,2,1,6,2,4317,木 村 紗友希,34,93,6.85,2,0.21,1.59.1,1-4-6,1080,3,1-4,420,2,1-4-6,420,1,1-4,450,2,,,,,,,
20250630,住之江,6,一般戦,晴,無風,0,1,1,3,4791,黒 澤 めぐみ,14,34,6.92,3,0.08,1.50.4,3-2-1,3930,14,3-2,1990,8,1-2-3,240,1,2-3,780,3,,,,,,,
20250630,住之江,6,一般戦,晴,無風,0,1,2,2,4373,若 狭 奈美子,69,24,6.93,2,0.08,1.52.7,3-2-1,3930,14,3-2,1990,8,1-2-3,240,1,2-3,780,3,,,,,,,
20250630,住之江,6,一般戦,晴,無風,0,1,3,1,5019,柴 田 百 恵,81,37,6.90,1,0.17,1.54.1,3-2-1,3930,14,3-2,1990,8,1-2-3,240,1,2-3,780,3,,,,,,,
20250630,住之江,6,一般戦,晴,無風,0,1,4,4,3175,渡 辺 千 草,18,27,6.94,4,0.12,1.55.2,3-2-1,3930,14,3-2,1990,8,1-2-3,240,1,2-3,780,3,,,,,,,
20250630,住之江,6,一般戦,晴,無風,0,1,5,6,4781,西 舘 果 里,63,31,6.89,6,0.12,1.55.7,3-2-1,3930,14,3-2,1990,8,1-2-3,240,1,2-3,780,3,,,,,,,
20250630,住之江,6,一般戦,晴,無風,0,1,6,5,4784,向井田 真 紀,89,36,6.90,5,0.15,1.55.9,3-2-1,3930,14,3-2,1990,8,1-2-3,240,1,2-3,780,3,,,,,,,
20250630,住之江,7,一般戦,晴,無風,0,1,1,2,5057,上 田 紗 奈,12,19,6.84,1,0.14,1.50.4,2-4-5,760,3,2-4,220,1,2-4-5,400,2,2-4,100,1,,,,,,,
20250630,住之江,7,一般戦,晴,無風,0,1,2,4,4909,薮 内 瑞 希,74,61,6.89,3,0.07,1.51.9,2-4-5,760,3,2-4,220,1,2-4-5,400,2,2-4,100,1,,,,,,,
20250630,住之江,7,一般戦,晴,無風,0,1,3,5,5297,南 彩 寧,32,35,6.87,4,0.05,1.53.8,2-4-5,760,3,2-4,220,1,2-4-5,400,2,2-4,100,1,,,,,,,
20250630,住之江,7,一般戦,晴,無風,0,1,4,3,5165,小 林 愛 実,15,68,6.93,2,0.11,1.54.1,2-4-5,760,3,2-4,220,1,2-4-5,400,2,2-4,100,1,,,,,,,
20250630,住之江,7,一般戦,晴,無風,0,1,5,6,5367,赤 松 咲 香,85,22,6.94,5,0.00,1.58.0,2-4-5,760,3,2-4,220,1,2-4-5,400,2,2-4,100,1,,,,,,,
20250630,住之江,7,一般戦,晴,無風,0,1,K0,1,5079,大 石 真 央,54,60 K,,,,,2-4-5,760,3,2-4,220,1,2-4-5,400,2,2-4,100,1,,,,,,,
20250630,住之江,8,一般戦,晴,南東,1,1,1,3,4730,土 屋 実沙希,68,26,6.96,3,0.12,1.52.1,3-2-6,1760,4,3-2,840,4,2-3-6,560,3,2-3,370,2,,,,,,,
20250630,住之江,8,一般戦,晴,南東,1,1,2,2,5140,吉 田 彩 乃,62,50,6.90,2,0.16,1.52.9,3-2-6,1760,4,3-2,840,4,2-3-6,560,3,2-3,370,2,,,,,,,
20250630,住之江,8,一般戦,晴,南東,1,1,3,6,4589,塩 崎 桐 加,65,86,6.93,6,0.15,1.54.8,3-2-6,1760,4,3-2,840,4,2-3-6,560,3,2-3,370,2,,,,,,,
20250630,住之江,8,一般戦,晴,南東,1,1,4,1,5291,三 嶌 こころ,37,21,6.92,1,0.21,1.56.5,3-2-6,1760,4,3-2,840,4,2-3-6,560,3,2-3,370,2,,,,,,,
20250630,住之江,8,一般戦,晴,南東,1,1,5,4,5164,森 田 梨 湖,61,38,6.92,4,0.24,1.57.6,3-2-6,1760,4,3-2,840,4,2-3-6,560,3,2-3,370,2,,,,,,,
20250630,住之江,8,一般戦,晴,南東,1,1,6,5,5335,森 陽 多,11,85,6.96,5,0.20,1.59.2,3-2-6,1760,4,3-2,840,4,2-3-6,560,3,2-3,370,2,,,,,,,
20250630,住之江,9,住之江選抜,晴,無風,0,1,1,1,5188,武 井 莉里佳,88,32,6.90,1,0.18,1.51.5,1-6-4,14140,42,1-6,1350,7,1-4-6,4530,13,1-6,900,5,,,,,,,
20250630,住之江,9,住之江選抜,晴,無風,0,1,2,6,4746,大豆生田 蒼,57,74,6.89,6,0.13,1.52.7,1-6-4,14140,42,1-6,1350,7,1-4-6,4530,13,1-6,900,5,,,,,,,
20250630,住之江,9,住之江選抜,晴,無風,0,1,3,4,3509,池 千 夏,79,78,7.00,4,0.13,1.53.5,1-6-4,14140,42,1-6,1350,7,1-4-6,4530,13,1-6,900,5,,,,,,,
20250630,住之江,9,住之江選抜,晴,無風,0,1,4,3,5281,井 上 遥 妃,17,87,6.94,3,0.13,1.54.1,1-6-4,14140,42,1-6,1350,7,1-4-6,4530,13,1-6,900,5,,,,,,,
20250630,住之江,9,住之江選抜,晴,無風,0,1,5,5,4984,森 下 愛 梨,75,77,6.93,5,0.14,1.55.8,1-6-4,14140,42,1-6,1350,7,1-4-6,4530,13,1-6,900,5,,,,,,,
20250630,住之江,9,住之江選抜,晴,無風,0,1,6,2,4853,前 原 哉,38,52,6.87,2,0.23,1.56.5,1-6-4,14140,42,1-6,1350,7,1-4-6,4530,13,1-6,900,5,,,,,,,
20250630,住之江,10,選抜戦,晴,無風,0,1,1,4,4791,黒 澤 めぐみ,14,34,6.91,4,0.16,1.50.7,4-5-6,8610,34,4-5,1560,8,4-5-6,4770,14,4-5,1690,7,,,,,,,
20250630,住之江,10,選抜戦,晴,無風,0,1,2,5,4317,木 村 紗友希,34,93,6.91,5,0.16,1.52.9,4-5-6,8610,34,4-5,1560,8,4-5-6,4770,14,4-5,1690,7,,,,,,,
20250630,住之江,10,選抜戦,晴,無風,0,1,3,6,3289,高 橋 淳 美,76,67,7.00,6,0.20,1.54.6,4-5-6,8610,34,4-5,1560,8,4-5-6,4770,14,4-5,1690,7,,,,,,,
20250630,住之江,10,選抜戦,晴,無風,0,1,4,1,4744,伊 藤 玲 奈,52,23,6.94,1,0.36,1.55.3,4-5-6,8610,34,4-5,1560,8,4-5-6,4770,14,4-5,1690,7,,,,,,,
20250630,住之江,10,選抜戦,晴,無風,0,1,5,2,4891,寺 島 美 里,36,83,6.95,2,0.33,1.55.6,4-5-6,8610,34,4-5,1560,8,4-5-6,4770,14,4-5,1690,7,,,,,,,
20250630,住之江,10,選抜戦,晴,無風,0,1,6,3,5019,柴 田 百 恵,81,37,6.97,3,0.38,1.56.4,4-5-6,8610,34,4-5,1560,8,4-5-6,4770,14,4-5,1690,7,,,,,,,
20250630,住之江,11,選抜戦,晴,南東,1,1,1,1,5174,川 井 萌,60,90,6.89,1,0.14,1.50.1,1-2-3,590,1,1-2,250,1,1-2-3,270,1,1-2,210,1,,,,,,,
20250630,住之江,11,選抜戦,晴,南東,1,1,2,2,4501,樋 口 由加里,31,56,6.94,2,0.12,1.51.3,1-2-3,590,1,1-2,250,1,1-2-3,270,1,1-2,210,1,,,,,,,
20250630,住之江,11,選抜戦,晴,南東,1,1,3,3,5057,上 田 紗 奈,12,19,6.88,3,0.16,1.53.8,1-2-3,590,1,1-2,250,1,1-2-3,270,1,1-2,210,1,,,,,,,
20250630,住之江,11,選抜戦,晴,南東,1,1,4,4,5213,湯 淺 紀 香,26,73,6.88,5,0.27,1.54.4,1-2-3,590,1,1-2,250,1,1-2-3,270,1,1-2,210,1,,,,,,,
20250630,住之江,11,選抜戦,晴,南東,1,1,5,6,4373,若 狭 奈美子,69,24,6.91,4,0.24,1.55.0,1-2-3,590,1,1-2,250,1,1-2-3,270,1,1-2,210,1,,,,,,,
20250630,住之江,11,選抜戦,晴,南東,1,1,K0,5,5079,大 石 真 央,54,60 K,,,,,1-2-3,590,1,1-2,250,1,1-2-3,270,1,1-2,210,1,,,,,,,
20250630,住之江,12,優勝戦,晴,北,1,1,1,1,4289,落 合 直 子,86,39,6.84,1,0.09,1.50.3,1-3-4,1150,4,1-3,490,3,1-3-4,450,3,1-3,460,3,,,,,,,
20250630,住之江,12,優勝戦,晴,北,1,1,2,3,4556,竹 井 奈 美,58,81,6.92,3,0.11,1.51.3,1-3-4,1150,4,1-3,490,3,1-3-4,450,3,1-3,460,3,,,,,,,
20250630,住之江,12,優勝戦,晴,北,1,1,3,4,5088,高 憧 四 季,25,91,6.80,4,0.16,1.52.9,1-3-4,1150,4,1-3,490,3,1-3-4,450,3,1-3,460,3,,,,,,,
20250630,住之江,12,優勝戦,晴,北,1,1,4,2,4927,関 野 文,83,84,6.92,2,0.08,1.54.5,1-3-4,1150,4,1-3,490,3,1-3-4,450,3,1-3,460,3,,,,,,,
20250630,住之江,12,優勝戦,晴,北,1,1,5,6,4443,津 田 裕 絵,21,62,6.92,6,0.23,1.56.0,1-3-4,1150,4,1-3,490,3,1-3-4,450,3,1-3,460,3,,,,,,,
20250630,住之江,12,優勝戦,晴,北,1,1,6,5,4478,櫻 本 あゆみ,13,58,6.89,5,0.18,1.57.0,1-3-4,1150,4,1-3,490,3,1-3-4,450,3,1-3,460,3,,,,,,,
20250630,唐津,1,朝１戦,晴,北,1,1,1,1,4981,牧 山 敦 也,58,21,6.82,1,0.19,1.50.7,1-2-4,3320,10,1-2,420,2,1-2-4,2020,5,1-2,420,2,,,,,,,
20250630,唐津,1,朝１戦,晴,北,1,1,2,2,3911,鈴 木 猛,34,48,6.84,2,0.23,1.51.8,1-2-4,3320,10,1-2,420,2,1-2-4,2020,5,1-2,420,2,,,,,,,
20250630,唐津,1,朝１戦,晴,北,1,1,3,4,4567,上 村 慎太郎,31,19,6.82,4,0.19,1.53.7,1-2-4,3320,10,1-2,420,2,1-2-4,2020,5,1-2,420,2,,,,,,,
20250630,唐津,1,朝１戦,晴,北,1,1,4,5,5404,内 田 壮,44,4,6.82,6,0.22,1.53.7,1-2-4,3320,10,1-2,420,2,1-2-4,2020,5,1-2,420,2,,,,,,,
20250630,唐津,1,朝１戦,晴,北,1,1,5,3,4247,齊 藤 優,14,7,6.78,3,0.14,1.55.5,1-2-4,3320,10,1-2,420,2,1-2-4,2020,5,1-2,420,2,,,,,,,
20250630,唐津,1,朝１戦,晴,北,1,1,6,6,3708,岡 部 貴 司,57,22,6.85,5,0.16,1.57.9,1-2-4,3320,10,1-2,420,2,1-2-4,2020,5,1-2,420,2,,,,,,,
20250630,唐津,2,モー２ング戦,晴,北,3,3,1,1,3746,岡 瀬 正 人,37,20,6.84,1,0.09,1.50.7,1-4-3,3480,13,1-4,1000,4,1-3-4,900,4,1-4,740,3,,,,,,,
20250630,唐津,2,モー２ング戦,晴,北,3,3,2,4,4866,橋 本 英 一,20,40,6.85,4,0.10,1.51.7,1-4-3,3480,13,1-4,1000,4,1-3-4,900,4,1-4,740,3,,,,,,,
20250630,唐津,2,モー２ング戦,晴,北,3,3,3,3,4778,堤 啓 輔,36,32,6.90,3,0.07,1.53.5,1-4-3,3480,13,1-4,1000,4,1-3-4,900,4,1-4,740,3,,,,,,,
20250630,唐津,2,モー２ング戦,晴,北,3,3,4,2,4415,下 出 卓 矢,59,44,6.84,2,0.08,1.54.5,1-4-3,3480,13,1-4,1000,4,1-3-4,900,4,1-4,740,3,,,,,,,
20250630,唐津,2,モー２ング戦,晴,北,3,3,5,6,3566,川 添 英 正,46,41,6.84,5,0.11,1.54.8,1-4-3,3480,13,1-4,1000,4,1-3-4,900,4,1-4,740,3,,,,,,,
20250630,唐津,2,モー２ング戦,晴,北,3,3,6,5,3660,長谷川 親 王,17,45,6.88,6,0.09,1.58.6,1-4-3,3480,13,1-4,1000,4,1-3-4,900,4,1-4,740,3,,,,,,,
20250630,唐津,3,３ライズ戦,晴,北,3,3,1,1,4207,松 下 一 也,40,16,6.77,1,0.06,1.50.3,1-3-4,2890,12,1-3,1480,7,1-3-4,790,3,1-3,1160,5,,,,,,,
20250630,唐津,3,３ライズ戦,晴,北,3,3,2,3,4393,田 中 孝 明,60,38,6.83,3,0.05,1.51.4,1-3-4,2890,12,1-3,1480,7,1-3-4,790,3,1-3,1160,5,,,,,,,
20250630,唐津,3,３ライズ戦,晴,北,3,3,3,4,4734,安河内 将,65,52,6.78,4,0.06,1.52.9,1-3-4,2890,12,1-3,1480,7,1-3-4,790,3,1-3,1160,5,,,,,,,
20250630,唐津,3,３ライズ戦,晴,北,3,3,4,2,4325,新 出 浩 司,61,49,6.76,2,0.07,1.54.3,1-3-4,2890,12,1-3,1480,7,1-3-4,790,3,1-3,1160,5,,,,,,,
20250630,唐津,3,３ライズ戦,晴,北,3,3,5,5,4552,杉 山 勝 匡,24,42,6.83,5,0.15,1.55.5,1-3-4,2890,12,1-3,1480,7,1-3-4,790,3,1-3,1160,5,,,,,,,
20250630,唐津,3,３ライズ戦,晴,北,3,3,6,6,4164,岩 永 節 也,15,47,6.87,6,0.16,1.56.6,1-3-4,2890,12,1-3,1480,7,1-3-4,790,3,1-3,1160,5,,,,,,,
20250630,唐津,4,おは４戦,晴,北,1,1,1,1,3928,林 恵 祐,29,3,6.82,1,0.07,1.51.4,1-6-3,13380,52,1-6,3860,17,1-3-6,2280,10,1-6,1690,7,,,,,,,
20250630,唐津,4,おは４戦,晴,北,1,1,2,6,4442,松 竹 大 輔,41,59,6.88,6,0.06,1.51.9,1-6-3,13380,52,1-6,3860,17,1-3-6,2280,10,1-6,1690,7,,,,,,,
20250630,唐津,4,おは４戦,晴,北,1,1,3,3,4119,泥 谷 一 毅,54,39,6.87,3,0.04,1.53.2,1-6-3,13380,52,1-6,3860,17,1-3-6,2280,10,1-6,1690,7,,,,,,,
20250630,唐津,4,おは４戦,晴,北,1,1,4,5,4619,伏 田 裕 隆,51,5,6.78,5,0.05,1.54.0,1-6-3,13380,52,1-6,3860,17,1-3-6,2280,10,1-6,1690,7,,,,,,,
20250630,唐津,4,おは４戦,晴,北,1,1,5,2,4003,表 憲 一,70,53,6.81,2,0.08,1.54.9,1-6-3,13380,52,1-6,3860,17,1-3-6,2280,10,1-6,1690,7,,,,,,,
20250630,唐津,4,おは４戦,晴,北,1,1,6,4,4636,赤 池 修 平,25,37,6.81,4,0.02,1.58.5,1-6-3,13380,52,1-6,3860,17,1-3-6,2280,10,1-6,1690,7,,,,,,,
20250630,唐津,5,レッツ５特賞,晴,北,4,4,1,1,4363,大 野 芳 顕,38,35,6.80,1,0.06,1.49.9,1-3-4,920,2,1-3,620,3,1-3-4,210,1,1-3,500,2,,,,,,,
20250630,唐津,5,レッツ５特賞,晴,北,4,4,2,3,5091,為 本 智 也,11,1,6.86,3,0.04,1.51.1,1-3-4,920,2,1-3,620,3,1-3-4,210,1,1-3,500,2,,,,,,,
20250630,唐津,5,レッツ５特賞,晴,北,4,4,3,4,3743,林 美 憲,55,6,6.78,4,0.14,1.54.2,1-3-4,920,2,1-3,620,3,1-3-4,210,1,1-3,500,2,,,,,,,
20250630,唐津,5,レッツ５特賞,晴,北,4,4,4,5,3834,細 川 明 人,13,50,6.86,5,0.15,1.56.2,1-3-4,920,2,1-3,620,3,1-3-4,210,1,1-3,500,2,,,,,,,
20250630,唐津,5,レッツ５特賞,晴,北,4,4,5,6,5014,梶 山 涼 斗,16,10,6.80,6,0.16,1.56.5,1-3-4,920,2,1-3,620,3,1-3-4,210,1,1-3,500,2,,,,,,,
20250630,唐津,5,レッツ５特賞,晴,北,4,4,6,2,4567,上 村 慎太郎,31,19,6.83,2,0.11,1.58.2,1-3-4,920,2,1-3,620,3,1-3-4,210,1,1-3,500,2,,,,,,,
20250630,唐津,6,予選,晴,北,4,4,1,4,4364,池 永 太,43,46,6.86,4,0.16,1.50.6,4-1-5,1150,4,4-1,770,4,1-4-5,200,1,1-4,270,1,,,,,,,
20250630,唐津,6,予選,晴,北,4,4,2,1,4314,青 木 幸太郎,39,25,6.85,1,0.09,1.51.3,4-1-5,1150,4,4-1,770,4,1-4-5,200,1,1-4,270,1,,,,,,,
20250630,唐津,6,予選,晴,北,4,4,3,5,3590,濱野谷 憲 吾,22,60,6.89,5,0.21,1.52.9,4-1-5,1150,4,4-1,770,4,1-4-5,200,1,1-4,270,1,,,,,,,
20250630,唐津,6,予選,晴,北,4,4,4,2,4216,星 栄 爾,64,29,6.95,2,0.14,1.53.3,4-1-5,1150,4,4-1,770,4,1-4-5,200,1,1-4,270,1,,,,,,,
20250630,唐津,6,予選,晴,北,4,4,5,3,4034,西 原 明 生,66,2,6.87,3,0.18,1.56.2,4-1-5,1150,4,4-1,770,4,1-4-5,200,1,1-4,270,1,,,,,,,
20250630,唐津,6,予選,晴,北,4,4,6,6,5404,内 田 壮,44,4,6.91,6,0.42,1.56.2,4-1-5,1150,4,4-1,770,4,1-4-5,200,1,1-4,270,1,,,,,,,
20250630,唐津,7,予選,晴,北,4,4,1,1,4196,田 中 太一郎,27,55,6.79,1,0.15,1.51.2,1-4-2,5520,18,1-4,770,3,1-2-4,2600,8,1-4,700,3,,,,,,,
20250630,唐津,7,予選,晴,北,4,4,2,4,3911,鈴 木 猛,34,48,6.87,4,0.17,1.52.2,1-4-2,5520,18,1-4,770,3,1-2-4,2600,8,1-4,700,3,,,,,,,
20250630,唐津,7,予選,晴,北,4,4,3,2,3660,長谷川 親 王,17,45,6.88,2,0.15,1.54.0,1-4-2,5520,18,1-4,770,3,1-2-4,2600,8,1-4,700,3,,,,,,,
20250630,唐津,7,予選,晴,北,4,4,4,3,4210,松 村 康 太,12,27,6.88,3,0.13,1.54.3,1-4-2,5520,18,1-4,770,3,1-2-4,2600,8,1-4,700,3,,,,,,,
20250630,唐津,7,予選,晴,北,4,4,5,6,5055,眞 鳥 章 太,52,54,6.90,6,0.21,1.54.8,1-4-2,5520,18,1-4,770,3,1-2-4,2600,8,1-4,700,3,,,,,,,
20250630,唐津,7,予選,晴,北,4,4,6,5,4143,浦 田 晃 嗣,32,34,6.85,5,0.13,1.57.2,1-4-2,5520,18,1-4,770,3,1-2-4,2600,8,1-4,700,3,,,,,,,
20250630,唐津,8,８っぴータイ,晴,北,5,5,1,5,4256,渡 辺 浩 司,18,58,6.90,5,0.13,1.50.2,5-1-2,1430,6,5-1,490,2,1-2-5,280,2,1-5,250,1,,,,,,,
20250630,唐津,8,８っぴータイ,晴,北,5,5,2,1,4778,堤 啓 輔,36,32,6.93,1,0.12,1.51.6,5-1-2,1430,6,5-1,490,2,1-2-5,280,2,1-5,250,1,,,,,,,
20250630,唐津,8,８っぴータイ,晴,北,5,5,3,2,3708,岡 部 貴 司,57,22,6.95,2,0.12,1.53.8,5-1-2,1430,6,5-1,490,2,1-2-5,280,2,1-5,250,1,,,,,,,
20250630,唐津,8,８っぴータイ,晴,北,5,5,4,4,3176,長谷川 巌,47,43,6.98,4,0.16,1.55.4,5-1-2,1430,6,5-1,490,2,1-2-5,280,2,1-5,250,1,,,,,,,
20250630,唐津,8,８っぴータイ,晴,北,5,5,5,3,3928,林 恵 祐,29,3,6.94,3,0.16,1.56.9,5-1-2,1430,6,5-1,490,2,1-2-5,280,2,1-5,250,1,,,,,,,
20250630,唐津,8,８っぴータイ,晴,北,5,5,6,6,5395,日 高 龍之介,56,15,6.84,6,0.20,1.58.1,5-1-2,1430,6,5-1,490,2,1-2-5,280,2,1-5,250,1,,,,,,,
20250630,唐津,9,予選,晴,北,5,5,1,3,4981,牧 山 敦 也,58,21,6.93,3,0.19,1.51.3,3-2-1,3830,16,3-2,1350,6,1-2-3,250,1,2-3,590,3,,,,,,,
20250630,唐津,9,予選,晴,北,5,5,2,2,4119,泥 谷 一 毅,54,39,6.89,2,0.17,1.52.9,3-2-1,3830,16,3-2,1350,6,1-2-3,250,1,2-3,590,3,,,,,,,
20250630,唐津,9,予選,晴,北,5,5,3,1,4393,田 中 孝 明,60,38,6.94,1,0.17,1.54.3,3-2-1,3830,16,3-2,1350,6,1-2-3,250,1,2-3,590,3,,,,,,,
20250630,唐津,9,予選,晴,北,5,5,4,4,3566,川 添 英 正,46,41,6.92,4,0.19,1.54.6,3-2-1,3830,16,3-2,1350,6,1-2-3,250,1,2-3,590,3,,,,,,,
20250630,唐津,9,予選,晴,北,5,5,5,5,5014,梶 山 涼 斗,16,10,6.87,5,0.18,1.56.9,3-2-1,3830,16,3-2,1350,6,1-2-3,250,1,2-3,590,3,,,,,,,
20250630,唐津,9,予選,晴,北,5,5,6,6,5384,八 戸 琉 楓,69,57,6.85,6,0.32,1.58.1,3-2-1,3830,16,3-2,1350,6,1-2-3,250,1,2-3,590,3,,,,,,,
20250630,唐津,10,予選特賞,晴,北,5,5,1,2,3590,濱野谷 憲 吾,22,60,6.88,2,0.12,1.53.0,2-1-4,1050,3,2-1,340,1,1-2-4,480,2,1-2,180,1,,,,,,,
20250630,唐津,10,予選特賞,晴,北,5,5,2,1,4866,橋 本 英 一,20,40,6.91,1,0.09,1.55.2,2-1-4,1050,3,2-1,340,1,1-2-4,480,2,1-2,180,1,,,,,,,
20250630,唐津,10,予選特賞,晴,北,5,5,3,4,4363,大 野 芳 顕,38,35,6.87,4,0.22,1.57.2,2-1-4,1050,3,2-1,340,1,1-2-4,480,2,1-2,180,1,,,,,,,
20250630,唐津,10,予選特賞,晴,北,5,5,4,5,4636,赤 池 修 平,25,37,6.87,5,0.17,2.00.4,2-1-4,1050,3,2-1,340,1,1-2-4,480,2,1-2,180,1,,,,,,,
20250630,唐津,10,予選特賞,晴,北,5,5,5,3,4199,北 川 潤 二,21,51,6.87,3,0.19,2.02.2,2-1-4,1050,3,2-1,340,1,1-2-4,480,2,1-2,180,1,,,,,,,
20250630,唐津,10,予選特賞,晴,北,5,5,S1,6,4247,齊 藤 優,14,7,6.83,6,0.19,,2-1-4,1050,3,2-1,340,1,1-2-4,480,2,1-2,180,1,,,,,,,
20250630,唐津,11,宝当特選,晴,北,4,4,1,5,3743,林 美 憲,55,6,6.82,4,0.16,1.50.6,5-4-6,17000,34,5-4,5510,11,4-5-6,8210,13,4-5,4120,10,,,,,,,
20250630,唐津,11,宝当特選,晴,北,4,4,2,4,4003,表 憲 一,70,53,6.95,5,0.12,1.51.6,5-4-6,17000,34,5-4,5510,11,4-5-6,8210,13,4-5,4120,10,,,,,,,
20250630,唐津,11,宝当特選,晴,北,4,4,3,6,4325,新 出 浩 司,61,49,6.82,6,0.10,1.53.1,5-4-6,17000,34,5-4,5510,11,4-5-6,8210,13,4-5,4120,10,,,,,,,
20250630,唐津,11,宝当特選,晴,北,4,4,4,3,3746,岡 瀬 正 人,37,20,6.90,3,0.20,1.54.4,5-4-6,17000,34,5-4,5510,11,4-5-6,8210,13,4-5,4120,10,,,,,,,
20250630,唐津,11,宝当特選,晴,北,4,4,5,2,4631,新 井 英 孝,50,56,6.90,2,0.33,1.55.8,5-4-6,17000,34,5-4,5510,11,4-5-6,8210,13,4-5,4120,10,,,,,,,
20250630,唐津,11,宝当特選,晴,北,4,4,6,1,4364,池 永 太,43,46,6.86,1,0.22,1.56.6,5-4-6,17000,34,5-4,5510,11,4-5-6,8210,13,4-5,4120,10,,,,,,,
20250630,唐津,12,からっキー選,晴,北,4,4,1,1,4256,渡 辺 浩 司,18,58,6.85,1,0.11,1.50.1,1-3-5,1970,9,1-3,370,2,1-3-5,1180,5,1-3,390,3,,,,,,,
20250630,唐津,12,からっキー選,晴,北,4,4,2,3,4314,青 木 幸太郎,39,25,6.86,3,0.18,1.51.8,1-3-5,1970,9,1-3,370,2,1-3-5,1180,5,1-3,390,3,,,,,,,
20250630,唐津,12,からっキー選,晴,北,4,4,3,5,4196,田 中 太一郎,27,55,6.85,5,0.18,1.53.6,1-3-5,1970,9,1-3,370,2,1-3-5,1180,5,1-3,390,3,,,,,,,
20250630,唐津,12,からっキー選,晴,北,4,4,4,6,5091,為 本 智 也,11,1,6.88,6,0.11,1.54.3,1-3-5,1970,9,1-3,370,2,1-3-5,1180,5,1-3,390,3,,,,,,,
20250630,唐津,12,からっキー選,晴,北,4,4,5,4,4207,松 下 一 也,40,16,6.88,4,0.18,1.54.8,1-3-5,1970,9,1-3,370,2,1-3-5,1180,5,1-3,390,3,,,,,,,
20250630,唐津,12,からっキー選,晴,北,4,4,6,2,4442,松 竹 大 輔,41,59,6.92,2,0.14,1.55.1,1-3-5,1970,9,1-3,370,2,1-3-5,1180,5,1-3,390,3,,,,,,,
20250630,多摩川,1,予選,晴,南,3,2,1,5,3642,大 塚 浩 二,71,29,6.80,5,0.15,1.50.2,5-3-1,45660,63,5-3,9530,17,1-3-5,1580,6,3-5,3110,7,,,,,,,
20250630,多摩川,1,予選,晴,南,3,2,2,3,4436,渋 谷 明 憲,42,64,6.83,3,0.17,1.51.0,5-3-1,45660,63,5-3,9530,17,1-3-5,1580,6,3-5,3110,7,,,,,,,
20250630,多摩川,1,予選,晴,南,3,2,3,1,5253,藤 井 太 雅,69,72,6.75,1,0.13,1.52.6,5-3-1,45660,63,5-3,9530,17,1-3-5,1580,6,3-5,3110,7,,,,,,,
20250630,多摩川,1,予選,晴,南,3,2,4,2,5127,沼 田 大 都,62,58,6.74,2,0.27,1.54.0,5-3-1,45660,63,5-3,9530,17,1-3-5,1580,6,3-5,3110,7,,,,,,,
20250630,多摩川,1,予選,晴,南,3,2,5,4,3912,川 原 正 明,60,75,6.80,4,0.15,,5-3-1,45660,63,5-3,9530,17,1-3-5,1580,6,3-5,3110,7,,,,,,,
20250630,多摩川,1,予選,晴,南,3,2,6,6,5318,河 内 一 馬,52,60,6.74,6,0.15,,5-3-1,45660,63,5-3,9530,17,1-3-5,1580,6,3-5,3110,7,,,,,,,
20250630,多摩川,2,予選,晴,南東,2,2,1,1,4750,井 上 尚 悟,55,54,6.73,1,0.17,1.50.0,1-5-3,3960,14,1-5,1100,3,1-3-5,990,4,1-5,1180,5,,,,,,,
20250630,多摩川,2,予選,晴,南東,2,2,2,5,4560,庄 司 樹良々,47,85,6.78,5,0.08,1.51.9,1-5-3,3960,14,1-5,1100,3,1-3-5,990,4,1-5,1180,5,,,,,,,
20250630,多摩川,2,予選,晴,南東,2,2,3,3,3965,北 中 元 樹,43,44,6.83,3,0.14,1.53.1,1-5-3,3960,14,1-5,1100,3,1-3-5,990,4,1-5,1180,5,,,,,,,
20250630,多摩川,2,予選,晴,南東,2,2,4,6,3940,飯 山 泰,12,51,6.83,6,0.13,1.54.0,1-5-3,3960,14,1-5,1100,3,1-3-5,990,4,1-5,1180,5,,,,,,,
20250630,多摩川,2,予選,晴,南東,2,2,5,4,4520,高 倉 孝 太,35,35,6.85,4,0.09,,1-5-3,3960,14,1-5,1100,3,1-3-5,990,4,1-5,1180,5,,,,,,,
20250630,多摩川,2,予選,晴,南東,2,2,6,2,3563,堤 昇,26,21,6.80,2,0.18,,1-5-3,3960,14,1-5,1100,3,1-3-5,990,4,1-5,1180,5,,,,,,,
20250630,多摩川,3,予選,晴,南,3,2,1,4,4276,鈴 木 勝 博,13,28,6.81,4,0.11,1.50.9,4-5-1,4160,21,4-5,1200,6,1-4-5,710,3,4-5,940,5,,,,,,,
20250630,多摩川,3,予選,晴,南,3,2,2,5,4218,吉 川 喜 継,31,84,6.70,5,0.09,1.52.1,4-5-1,4160,21,4-5,1200,6,1-4-5,710,3,4-5,940,5,,,,,,,
20250630,多摩川,3,予選,晴,南,3,2,3,1,3246,星 野 政 彦,20,61,6.71,1,0.15,1.54.3,4-5-1,4160,21,4-5,1200,6,1-4-5,710,3,4-5,940,5,,,,,,,
20250630,多摩川,3,予選,晴,南,3,2,4,3,4540,相 原 利 章,61,65,6.76,3,0.11,1.54.4,4-5-1,4160,21,4-5,1200,6,1-4-5,710,3,4-5,940,5,,,,,,,
20250630,多摩川,3,予選,晴,南,3,2,5,6,3686,鳥居塚 孝 博,40,63,6.80,6,0.08,,4-5-1,4160,21,4-5,1200,6,1-4-5,710,3,4-5,940,5,,,,,,,
20250630,多摩川,3,予選,晴,南,3,2,6,2,3467,森 弘 行,50,22,6.74,2,0.21,,4-5-1,4160,21,4-5,1200,6,1-4-5,710,3,4-5,940,5,,,,,,,
20250630,多摩川,4,予選,晴,南,3,2,1,1,3445,加 藤 高 史,27,25,6.72,1,0.21,1.50.4,1-3-6,650,2,1-3,430,2,1-3-6,170,1,1-3,210,1,,,,,,,
20250630,多摩川,4,予選,晴,南,3,2,2,3,3641,一 瀬 明,73,40,6.78,3,0.21,1.51.3,1-3-6,650,2,1-3,430,2,1-3-6,170,1,1-3,210,1,,,,,,,
20250630,多摩川,4,予選,晴,南,3,2,3,6,4654,篠 田 優 也,38,82,6.76,5,0.18,1.52.7,1-3-6,650,2,1-3,430,2,1-3-6,170,1,1-3,210,1,,,,,,,
20250630,多摩川,4,予選,晴,南,3,2,4,2,4047,吉 永 浩 則,65,81,6.83,2,0.22,1.54.2,1-3-6,650,2,1-3,430,2,1-3-6,170,1,1-3,210,1,,,,,,,
20250630,多摩川,4,予選,晴,南,3,2,5,4,3461,渡 邊 哲 也,22,38,6.80,4,0.22,,1-3-6,650,2,1-3,430,2,1-3-6,170,1,1-3,210,1,,,,,,,
20250630,多摩川,4,予選,晴,南,3,2,6,5,5304,井 田 涼 介,37,49,6.85,6,0.17,,1-3-6,650,2,1-3,430,2,1-3-6,170,1,1-3,210,1,,,,,,,
20250630,多摩川,5,予選,晴,南,3,2,1,4,3952,中 澤 和 志,21,43,6.88,5,0.22,1.51.8,4-5-6,4830,18,4-5,3550,18,4-5-6,890,4,4-5,2180,9,,,,,,,
20250630,多摩川,5,予選,晴,南,3,2,2,5,3353,前 田 光 昭,24,46,6.90,6,0.30,1.53.3,4-5-6,4830,18,4-5,3550,18,4-5-6,890,4,4-5,2180,9,,,,,,,
20250630,多摩川,5,予選,晴,南,3,2,3,6,3909,佐々木 康 幸,36,79,6.78,2,0.29,1.54.0,4-5-6,4830,18,4-5,3550,18,4-5-6,890,4,4-5,2180,9,,,,,,,
20250630,多摩川,5,予選,晴,南,3,2,4,1,5201,村 上 宗太郎,17,30,6.85,1,0.30,1.55.7,4-5-6,4830,18,4-5,3550,18,4-5-6,890,4,4-5,2180,9,,,,,,,
20250630,多摩川,5,予選,晴,南,3,2,5,3,3642,大 塚 浩 二,71,29,6.78,4,0.50,,4-5-6,4830,18,4-5,3550,18,4-5-6,890,4,4-5,2180,9,,,,,,,
20250630,多摩川,5,予選,晴,南,3,2,6,2,4381,田 路 朋 史,28,62,6.81,3,0.31,,4-5-6,4830,18,4-5,3550,18,4-5-6,890,4,4-5,2180,9,,,,,,,
20250630,多摩川,6,予選,晴,南東,4,2,1,1,4303,牧 原 崇,67,24,6.74,1,0.11,1.50.6,1-2-3,970,2,1-2,370,1,1-2-3,340,2,1-2,190,1,,,,,,,
20250630,多摩川,6,予選,晴,南東,4,2,2,2,4933,板 橋 侑 我,53,53,6.79,2,0.07,1.51.2,1-2-3,970,2,1-2,370,1,1-2-3,340,2,1-2,190,1,,,,,,,
20250630,多摩川,6,予選,晴,南東,4,2,3,3,3912,川 原 正 明,60,75,6.70,3,0.12,1.53.2,1-2-3,970,2,1-2,370,1,1-2-3,340,2,1-2,190,1,,,,,,,
20250630,多摩川,6,予選,晴,南東,4,2,4,6,4245,高 橋 直 哉,72,77,6.75,6,0.17,1.54.2,1-2-3,970,2,1-2,370,1,1-2-3,340,2,1-2,190,1,,,,,,,
20250630,多摩川,6,予選,晴,南東,4,2,5,5,2878,富 山 弘 幸,48,74,6.81,5,0.18,,1-2-3,970,2,1-2,370,1,1-2-3,340,2,1-2,190,1,,,,,,,
20250630,多摩川,6,予選,晴,南東,4,2,6,4,4560,庄 司 樹良々,47,85,6.81,4,0.15,,1-2-3,970,2,1-2,370,1,1-2-3,340,2,1-2,190,1,,,,,,,
20250630,多摩川,7,予選,晴,南,5,2,1,6,4218,吉 川 喜 継,31,84,6.76,4,0.24,1.50.0,6-1-2,1600,3,6-1,880,3,1-2-6,220,1,1-6,290,1,,,,,,,
20250630,多摩川,7,予選,晴,南,5,2,2,1,3563,堤 昇,26,21,6.78,1,0.21,1.52.2,6-1-2,1600,3,6-1,880,3,1-2-6,220,1,1-6,290,1,,,,,,,
20250630,多摩川,7,予選,晴,南,5,2,3,2,4133,高 橋 正 男,46,69,6.78,2,0.21,1.53.4,6-1-2,1600,3,6-1,880,3,1-2-6,220,1,1-6,290,1,,,,,,,
20250630,多摩川,7,予選,晴,南,5,2,4,4,5178,成 貞 琳 平,49,76,6.81,5,0.31,1.53.7,6-1-2,1600,3,6-1,880,3,1-2-6,220,1,1-6,290,1,,,,,,,
20250630,多摩川,7,予選,晴,南,5,2,5,3,5318,河 内 一 馬,52,60,6.76,6,0.30,,6-1-2,1600,3,6-1,880,3,1-2-6,220,1,1-6,290,1,,,,,,,
20250630,多摩川,7,予選,晴,南,5,2,6,5,3602,奥 平 拓 也,15,36,6.83,3,0.34,,6-1-2,1600,3,6-1,880,3,1-2-6,220,1,1-6,290,1,,,,,,,
20250630,多摩川,8,予選,晴,南東,2,2,1,1,4276,鈴 木 勝 博,13,28,6.86,1,0.11,1.50.4,1-4-2,1050,4,1-4,590,3,1-2-4,200,1,1-4,500,2,,,,,,,
20250630,多摩川,8,予選,晴,南東,2,2,2,4,4809,外 崎 悟,56,56,6.81,4,0.16,1.52.2,1-4-2,1050,4,1-4,590,3,1-2-4,200,1,1-4,500,2,,,,,,,
20250630,多摩川,8,予選,晴,南東,2,2,3,2,4654,篠 田 優 也,38,82,6.75,2,0.16,1.53.3,1-4-2,1050,4,1-4,590,3,1-2-4,200,1,1-4,500,2,,,,,,,
20250630,多摩川,8,予選,晴,南東,2,2,4,5,4077,品 田 直 樹,58,83,6.87,5,0.18,1.54.4,1-4-2,1050,4,1-4,590,3,1-2-4,200,1,1-4,500,2,,,,,,,
20250630,多摩川,8,予選,晴,南東,2,2,5,6,5364,金 子 怜 央,45,41,6.78,6,0.19,,1-4-2,1050,4,1-4,590,3,1-2-4,200,1,1-4,500,2,,,,,,,
20250630,多摩川,8,予選,晴,南東,2,2,6,3,5127,沼 田 大 都,62,58,6.78,3,0.21,,1-4-2,1050,4,1-4,590,3,1-2-4,200,1,1-4,500,2,,,,,,,
20250630,多摩川,9,予選特賞,晴,南東,3,2,1,1,4436,渋 谷 明 憲,42,64,6.83,1,0.07,1.50.8,1-3-4,3090,12,1-3,800,4,1-3-4,780,3,1-3,1060,4,,,,,,,
20250630,多摩川,9,予選特賞,晴,南東,3,2,2,3,4752,西 尾 亮 輔,16,80,6.87,3,0.07,1.53.0,1-3-4,3090,12,1-3,800,4,1-3-4,780,3,1-3,1060,4,,,,,,,
20250630,多摩川,9,予選特賞,晴,南東,3,2,3,4,3909,佐々木 康 幸,36,79,6.80,4,0.04,1.53.9,1-3-4,3090,12,1-3,800,4,1-3-4,780,3,1-3,1060,4,,,,,,,
20250630,多摩川,9,予選特賞,晴,南東,3,2,4,2,3940,飯 山 泰,12,51,6.80,2,0.04,1.55.1,1-3-4,3090,12,1-3,800,4,1-3-4,780,3,1-3,1060,4,,,,,,,
20250630,多摩川,9,予選特賞,晴,南東,3,2,5,5,3246,星 野 政 彦,20,61,6.81,5,0.03,,1-3-4,3090,12,1-3,800,4,1-3-4,780,3,1-3,1060,4,,,,,,,
20250630,多摩川,9,予選特賞,晴,南東,3,2,6,6,4047,吉 永 浩 則,65,81,7.00,6,0.06,,1-3-4,3090,12,1-3,800,4,1-3-4,780,3,1-3,1060,4,,,,,,,
20250630,多摩川,10,予選特賞,晴,南東,3,2,1,1,3641,一 瀬 明,73,40,6.78,1,0.20,1.50.0,1-2-4,2120,8,1-2,320,1,1-2-4,1100,6,1-2,510,3,,,,,,,
20250630,多摩川,10,予選特賞,晴,南東,3,2,2,2,4540,相 原 利 章,61,65,6.84,2,0.19,1.51.1,1-2-4,2120,8,1-2,320,1,1-2-4,1100,6,1-2,510,3,,,,,,,
20250630,多摩川,10,予選特賞,晴,南東,3,2,3,4,4973,栗 原 直 也,57,39,6.81,4,0.14,1.52.2,1-2-4,2120,8,1-2,320,1,1-2-4,1100,6,1-2,510,3,,,,,,,
20250630,多摩川,10,予選特賞,晴,南東,3,2,4,5,4933,板 橋 侑 我,53,53,6.79,5,0.11,1.53.5,1-2-4,2120,8,1-2,320,1,1-2-4,1100,6,1-2,510,3,,,,,,,
20250630,多摩川,10,予選特賞,晴,南東,3,2,5,6,4520,高 倉 孝 太,35,35,6.81,6,0.10,,1-2-4,2120,8,1-2,320,1,1-2-4,1100,6,1-2,510,3,,,,,,,
20250630,多摩川,10,予選特賞,晴,南東,3,2,6,3,4381,田 路 朋 史,28,62,6.73,3,0.13,,1-2-4,2120,8,1-2,320,1,1-2-4,1100,6,1-2,510,3,,,,,,,
20250630,多摩川,11,予選特選,晴,南東,3,3,1,1,4492,本 多 宏 和,44,50,6.80,1,0.13,1.50.5,1-3-2,740,2,1-3,310,1,1-2-3,300,1,1-3,280,2,,,,,,,
20250630,多摩川,11,予選特選,晴,南東,3,3,2,3,3686,鳥居塚 孝 博,40,63,6.81,3,0.13,1.51.6,1-3-2,740,2,1-3,310,1,1-2-3,300,1,1-3,280,2,,,,,,,
20250630,多摩川,11,予選特選,晴,南東,3,3,3,2,2878,富 山 弘 幸,48,74,6.83,2,0.16,1.53.0,1-3-2,740,2,1-3,310,1,1-2-3,300,1,1-3,280,2,,,,,,,
20250630,多摩川,11,予選特選,晴,南東,3,3,4,4,3445,加 藤 高 史,27,25,6.81,4,0.12,1.53.7,1-3-2,740,2,1-3,310,1,1-2-3,300,1,1-3,280,2,,,,,,,
20250630,多摩川,11,予選特選,晴,南東,3,3,5,5,5201,村 上 宗太郎,17,30,6.79,5,0.11,,1-3-2,740,2,1-3,310,1,1-2-3,300,1,1-3,280,2,,,,,,,
20250630,多摩川,11,予選特選,晴,南東,3,3,6,6,5178,成 貞 琳 平,49,76,6.84,6,0.17,,1-3-2,740,2,1-3,310,1,1-2-3,300,1,1-3,280,2,,,,,,,
20250630,多摩川,12,記者選抜戦,晴,南東,3,3,1,5,4809,外 崎 悟,56,56,6.85,5,0.16,1.49.9,5-1-4,37880,57,5-1,6640,11,1-4-5,2060,7,1-5,980,4,,,,,,,
20250630,多摩川,12,記者選抜戦,晴,南東,3,3,2,1,4083,福 島 勇 樹,19,31,6.81,1,0.18,1.51.0,5-1-4,37880,57,5-1,6640,11,1-4-5,2060,7,1-5,980,4,,,,,,,
20250630,多摩川,12,記者選抜戦,晴,南東,3,3,3,4,4133,高 橋 正 男,46,69,6.86,4,0.12,1.52.7,5-1-4,37880,57,5-1,6640,11,1-4-5,2060,7,1-5,980,4,,,,,,,
20250630,多摩川,12,記者選抜戦,晴,南東,3,3,4,3,4303,牧 原 崇,67,24,6.81,3,0.19,1.52.8,5-1-4,37880,57,5-1,6640,11,1-4-5,2060,7,1-5,980,4,,,,,,,
20250630,多摩川,12,記者選抜戦,晴,南東,3,3,5,2,3952,中 澤 和 志,21,43,6.87,2,0.18,,5-1-4,37880,57,5-1,6640,11,1-4-5,2060,7,1-5,980,4,,,,,,,
20250630,多摩川,12,記者選抜戦,晴,南東,3,3,6,6,3965,北 中 元 樹,43,44,6.86,6,0.19,,5-1-4,37880,57,5-1,6640,11,1-4-5,2060,7,1-5,980,4,,,,,,,
20250630,大村,1,予選,晴,北西,1,1,1,6,3482,金 子 猛 志,25,75,6.98,6,0.15,1.49.9,6-1-3,54290,86,6-1,12780,24,1-3-6,1170,6,1-6,1210,5,,,,,,,
20250630,大村,1,予選,晴,北西,1,1,2,1,4213,重 富 伸 也,58,23,6.87,1,0.14,1.51.2,6-1-3,54290,86,6-1,12780,24,1-3-6,1170,6,1-6,1210,5,,,,,,,
20250630,大村,1,予選,晴,北西,1,1,3,3,4211,村 田 敦,33,24,6.94,3,0.18,1.52.6,6-1-3,54290,86,6-1,12780,24,1-3-6,1170,6,1-6,1210,5,,,,,,,
20250630,大村,1,予選,晴,北西,1,1,4,5,4113,木 村 浩 士,63,19,6.99,5,0.15,1.53.2,6-1-3,54290,86,6-1,12780,24,1-3-6,1170,6,1-6,1210,5,,,,,,,
20250630,大村,1,予選,晴,北西,1,1,5,2,4358,松 本 庸 平,71,74,6.94,2,0.21,,6-1-3,54290,86,6-1,12780,24,1-3-6,1170,6,1-6,1210,5,,,,,,,
20250630,大村,1,予選,晴,北西,1,1,6,4,3578,塩 田 雄 一,12,28,6.93,4,0.30,,6-1-3,54290,86,6-1,12780,24,1-3-6,1170,6,1-6,1210,5,,,,,,,
20250630,大村,2,予選,晴,北西,1,1,1,3,4069,山 本 修 一,21,29,6.93,3,0.09,1.50.4,3-6-2,1820,4,3-6,810,3,2-3-6,170,1,3-6,280,1,,,,,,,
20250630,大村,2,予選,晴,北西,1,1,2,6,3849,中 岡 正 彦,75,61,6.96,4,0.11,1.51.3,3-6-2,1820,4,3-6,810,3,2-3-6,170,1,3-6,280,1,,,,,,,
20250630,大村,2,予選,晴,北西,1,1,3,2,5037,田 頭 虎 親,64,26,6.92,2,0.19,1.52.9,3-6-2,1820,4,3-6,810,3,2-3-6,170,1,3-6,280,1,,,,,,,
20250630,大村,2,予選,晴,北西,1,1,4,1,4005,瀬 川 公 則,68,13,7.00,1,0.03,1.54.7,3-6-2,1820,4,3-6,810,3,2-3-6,170,1,3-6,280,1,,,,,,,
20250630,大村,2,予選,晴,北西,1,1,5,4,3471,赤 峰 和 也,15,71,7.05,5,0.15,,3-6-2,1820,4,3-6,810,3,2-3-6,170,1,3-6,280,1,,,,,,,
20250630,大村,2,予選,晴,北西,1,1,6,5,5412,久保田 凪 紗,18,17,6.92,6,0.15,,3-6-2,1820,4,3-6,810,3,2-3-6,170,1,3-6,280,1,,,,,,,
20250630,大村,3,予選,晴,西,2,1,1,2,4694,高 田 綾,29,73,6.93,2,0.18,1.49.9,2-3-4,11430,55,2-3,4160,18,2-3-4,2940,11,2-3,2630,10,,,,,,,
20250630,大村,3,予選,晴,西,2,1,2,3,4259,真 庭 明 志,61,72,7.00,3,0.16,1.51.1,2-3-4,11430,55,2-3,4160,18,2-3-4,2940,11,2-3,2630,10,,,,,,,
20250630,大村,3,予選,晴,西,2,1,3,4,4151,下 河 誉 史,16,63,6.93,4,0.20,1.52.4,2-3-4,11430,55,2-3,4160,18,2-3-4,2940,11,2-3,2630,10,,,,,,,
20250630,大村,3,予選,晴,西,2,1,4,1,3776,横 井 健 太,35,32,6.95,1,0.18,1.53.7,2-3-4,11430,55,2-3,4160,18,2-3-4,2940,11,2-3,2630,10,,,,,,,
20250630,大村,3,予選,晴,西,2,1,5,5,4794,和 田 拓 也,73,58,6.86,5,0.12,,2-3-4,11430,55,2-3,4160,18,2-3-4,2940,11,2-3,2630,10,,,,,,,
20250630,大村,3,予選,晴,西,2,1,6,6,3357,福 島 陽 子,17,31,6.96,6,0.17,,2-3-4,11430,55,2-3,4160,18,2-3-4,2940,11,2-3,2630,10,,,,,,,
20250630,大村,4,予選,晴,北西,1,1,1,1,4424,松 尾 昂 明,76,78,6.92,1,0.03,1.49.9,1-4-5,910,3,1-4,420,2,1-4-5,390,2,1-4,320,2,,,,,,,
20250630,大村,4,予選,晴,北西,1,1,2,4,5118,野 田 なづき,30,25,6.93,4,0.09,1.51.3,1-4-5,910,3,1-4,420,2,1-4-5,390,2,1-4,320,2,,,,,,,
20250630,大村,4,予選,晴,北西,1,1,3,5,4174,赤 坂 俊 輔,69,30,6.95,5,0.06,1.52.4,1-4-5,910,3,1-4,420,2,1-4-5,390,2,1-4,320,2,,,,,,,
20250630,大村,4,予選,晴,北西,1,1,4,3,4421,森 作 広 大,27,33,6.99,3,0.02,1.54.1,1-4-5,910,3,1-4,420,2,1-4-5,390,2,1-4,320,2,,,,,,,
20250630,大村,4,予選,晴,北西,1,1,5,6,4009,小 林 一 樹,13,60,6.96,6,0.09,,1-4-5,910,3,1-4,420,2,1-4-5,390,2,1-4,320,2,,,,,,,
20250630,大村,4,予選,晴,北西,1,1,F,2,5170,佐 藤 太 亮,60,16,6.94,2,F0.01,,1-4-5,910,3,1-4,420,2,1-4-5,390,2,1-4,320,2,,,,,,,
20250630,大村,5,予選,晴,北西,2,1,1,1,4215,吉 島 祥 之,28,21,6.88,1,0.07,1.49.9,1-4-2,1410,4,1-4,270,1,1-2-4,470,2,1-4,600,5,,,,,,,
20250630,大村,5,予選,晴,北西,2,1,2,4,3576,白 水 勝 也,59,76,6.93,4,0.08,1.50.9,1-4-2,1410,4,1-4,270,1,1-2-4,470,2,1-4,600,5,,,,,,,
20250630,大村,5,予選,晴,北西,2,1,3,2,4938,小 芦 るり華,34,68,6.87,2,0.07,1.52.8,1-4-2,1410,4,1-4,270,1,1-2-4,470,2,1-4,600,5,,,,,,,
20250630,大村,5,予選,晴,北西,2,1,4,5,4769,馬 場 剛,22,12,6.91,5,0.06,1.53.8,1-4-2,1410,4,1-4,270,1,1-2-4,470,2,1-4,600,5,,,,,,,
20250630,大村,5,予選,晴,北西,2,1,5,6,4330,奈 須 啓 太,20,20,6.91,6,0.09,,1-4-2,1410,4,1-4,270,1,1-2-4,470,2,1-4,600,5,,,,,,,
20250630,大村,5,予選,晴,北西,2,1,6,3,4113,木 村 浩 士,63,19,6.96,3,0.11,,1-4-2,1410,4,1-4,270,1,1-2-4,470,2,1-4,600,5,,,,,,,
20250630,大村,6,予選,晴,北西,1,1,1,1,3578,塩 田 雄 一,12,28,6.93,1,0.17,1.50.7,1-2-6,3890,15,1-2,590,1,1-2-6,1590,8,1-2,550,2,,,,,,,
20250630,大村,6,予選,晴,北西,1,1,2,2,3813,佐 藤 大 介,31,64,6.97,2,0.19,1.51.5,1-2-6,3890,15,1-2,590,1,1-2-6,1590,8,1-2,550,2,,,,,,,
20250630,大村,6,予選,晴,北西,1,1,3,6,3333,丸 尾 義 孝,14,69,6.89,6,0.13,1.52.1,1-2-6,3890,15,1-2,590,1,1-2-6,1590,8,1-2,550,2,,,,,,,
20250630,大村,6,予選,晴,北西,1,1,4,3,4624,高 田 明,62,15,6.91,3,0.18,1.53.6,1-2-6,3890,15,1-2,590,1,1-2-6,1590,8,1-2,550,2,,,,,,,
20250630,大村,6,予選,晴,北西,1,1,5,5,4765,野田部 宏 子,11,59,6.92,5,0.10,,1-2-6,3890,15,1-2,590,1,1-2-6,1590,8,1-2,550,2,,,,,,,
20250630,大村,6,予選,晴,北西,1,1,6,4,4005,瀬 川 公 則,68,13,6.99,4,0.20,,1-2-6,3890,15,1-2,590,1,1-2-6,1590,8,1-2,550,2,,,,,,,
20250630,大村,7,予選 進入固定,晴,北西,1,1,1,3,4514,上 條 嘉 嗣,65,57,6.92,3,0.14,1.49.6,3-1-5,1820,7,3-1,430,2,1-3-5,500,3,1-3,150,1,,,,,,,
20250630,大村,7,予選 進入固定,晴,北西,1,1,2,1,4259,真 庭 明 志,61,72,6.99,1,0.13,1.50.4,3-1-5,1820,7,3-1,430,2,1-3-5,500,3,1-3,150,1,,,,,,,
20250630,大村,7,予選 進入固定,晴,北西,1,1,3,5,4200,早 川 尚 人,57,14,6.98,5,0.14,1.52.5,3-1-5,1820,7,3-1,430,2,1-3-5,500,3,1-3,150,1,,,,,,,
20250630,大村,7,予選 進入固定,晴,北西,1,1,4,4,4017,向 井 美 鈴,74,65,6.99,4,0.17,1.53.9,3-1-5,1820,7,3-1,430,2,1-3-5,500,3,1-3,150,1,,,,,,,
20250630,大村,7,予選 進入固定,晴,北西,1,1,5,2,4211,村 田 敦,33,24,7.01,2,0.10,,3-1-5,1820,7,3-1,430,2,1-3-5,500,3,1-3,150,1,,,,,,,
20250630,大村,7,予選 進入固定,晴,北西,1,1,6,6,5406,小 畑 楓 夏,72,62,6.98,6,0.26,,3-1-5,1820,7,3-1,430,2,1-3-5,500,3,1-3,150,1,,,,,,,
20250630,大村,8,予選,晴,北西,1,1,1,3,4007,榮 田 将 彦,32,11,6.93,3,0.07,1.49.5,3-1-2,10590,24,3-1,2160,6,1-2-3,300,2,1-3,470,3,,,,,,,
20250630,大村,8,予選,晴,北西,1,1,2,1,3841,佐々木 和 伸,26,66,6.89,1,0.14,1.50.6,3-1-2,10590,24,3-1,2160,6,1-2-3,300,2,1-3,470,3,,,,,,,
20250630,大村,8,予選,晴,北西,1,1,3,2,4794,和 田 拓 也,73,58,6.87,2,0.12,1.51.8,3-1-2,10590,24,3-1,2160,6,1-2-3,300,2,1-3,470,3,,,,,,,
20250630,大村,8,予選,晴,北西,1,1,4,5,4367,山 口 修 路,23,18,6.92,5,0.15,1.52.1,3-1-2,10590,24,3-1,2160,6,1-2-3,300,2,1-3,470,3,,,,,,,
20250630,大村,8,予選,晴,北西,1,1,5,4,4009,小 林 一 樹,13,60,6.94,4,0.12,,3-1-2,10590,24,3-1,2160,6,1-2-3,300,2,1-3,470,3,,,,,,,
20250630,大村,8,予選,晴,北西,1,1,6,6,3471,赤 峰 和 也,15,71,7.06,6,0.18,,3-1-2,10590,24,3-1,2160,6,1-2-3,300,2,1-3,470,3,,,,,,,
20250630,大村,9,予選特賞,晴,北西,1,1,1,1,4069,山 本 修 一,21,29,6.92,1,0.06,1.49.8,1-2-4,1710,5,1-2,560,3,1-2-4,680,3,1-2,790,3,,,,,,,
20250630,大村,9,予選特賞,晴,北西,1,1,2,2,4864,小 川 日紀太,24,27,6.94,2,0.19,1.50.9,1-2-4,1710,5,1-2,560,3,1-2-4,680,3,1-2,790,3,,,,,,,
20250630,大村,9,予選特賞,晴,北西,1,1,3,4,4330,奈 須 啓 太,20,20,6.89,4,0.11,1.51.7,1-2-4,1710,5,1-2,560,3,1-2-4,680,3,1-2,790,3,,,,,,,
20250630,大村,9,予選特賞,晴,北西,1,1,4,5,4618,乃 村 康 友,19,70,6.91,5,0.17,1.53.1,1-2-4,1710,5,1-2,560,3,1-2-4,680,3,1-2,790,3,,,,,,,
20250630,大村,9,予選特賞,晴,北西,1,1,5,3,4633,森 智 也,70,67,6.97,3,0.06,,1-2-4,1710,5,1-2,560,3,1-2-4,680,3,1-2,790,3,,,,,,,
20250630,大村,9,予選特賞,晴,北西,1,1,6,6,4151,下 河 誉 史,16,63,6.94,6,0.16,,1-2-4,1710,5,1-2,560,3,1-2-4,680,3,1-2,790,3,,,,,,,
20250630,大村,10,予選特選,晴,西,1,1,1,3,4174,赤 坂 俊 輔,69,30,6.92,3,0.12,1.49.5,3-1-4,1730,5,3-1,780,3,1-3-4,360,2,1-3,210,1,,,,,,,
20250630,大村,10,予選特選,晴,西,1,1,2,1,3576,白 水 勝 也,59,76,6.91,1,0.17,1.50.3,3-1-4,1730,5,3-1,780,3,1-3-4,360,2,1-3,210,1,,,,,,,
20250630,大村,10,予選特選,晴,西,1,1,3,4,3849,中 岡 正 彦,75,61,6.94,4,0.16,1.51.8,3-1-4,1730,5,3-1,780,3,1-3-4,360,2,1-3,210,1,,,,,,,
20250630,大村,10,予選特選,晴,西,1,1,4,5,4624,高 田 明,62,15,6.88,5,0.17,1.52.4,3-1-4,1730,5,3-1,780,3,1-3-4,360,2,1-3,210,1,,,,,,,
20250630,大村,10,予選特選,晴,西,1,1,5,2,4724,吉 田 祐 貴,67,77,6.93,2,0.22,,3-1-4,1730,5,3-1,780,3,1-3-4,360,2,1-3,210,1,,,,,,,
20250630,大村,10,予選特選,晴,西,1,1,6,6,5086,本 村 大,66,22,6.93,6,0.26,,3-1-4,1730,5,3-1,780,3,1-3-4,360,2,1-3,210,1,,,,,,,
20250630,大村,11,予選特選,晴,西,1,1,1,1,4514,上 條 嘉 嗣,65,57,6.91,1,0.18,1.48.5,1-3-4,510,1,1-3,230,1,1-3-4,260,1,1-3,230,1,,,,,,,
20250630,大村,11,予選特選,晴,西,1,1,2,3,5037,田 頭 虎 親,64,26,6.92,3,0.18,1.50.9,1-3-4,510,1,1-3,230,1,1-3-4,260,1,1-3,230,1,,,,,,,
20250630,大村,11,予選特選,晴,西,1,1,3,4,4215,吉 島 祥 之,28,21,6.96,4,0.14,1.52.0,1-3-4,510,1,1-3,230,1,1-3-4,260,1,1-3,230,1,,,,,,,
20250630,大村,11,予選特選,晴,西,1,1,4,6,3813,佐 藤 大 介,31,64,6.99,6,0.26,1.53.4,1-3-4,510,1,1-3,230,1,1-3-4,260,1,1-3,230,1,,,,,,,
20250630,大村,11,予選特選,晴,西,1,1,5,5,4358,松 本 庸 平,71,74,7.01,5,0.28,,1-3-4,510,1,1-3,230,1,1-3-4,260,1,1-3,230,1,,,,,,,
20250630,大村,11,予選特選,晴,西,1,1,6,2,4421,森 作 広 大,27,33,6.99,2,0.23,,1-3-4,510,1,1-3,230,1,1-3-4,260,1,1-3,230,1,,,,,,,
20250630,大村,12,予選特賞,晴,西,1,1,1,1,4017,向 井 美 鈴,74,65,6.94,1,0.15,1.51.9,1-3-5,800,1,1-3,310,1,1-3-5,410,2,1-3,250,1,,,,,,,
20250630,大村,12,予選特賞,晴,西,1,1,2,3,4765,野田部 宏 子,11,59,6.94,3,0.16,1.53.7,1-3-5,800,1,1-3,310,1,1-3-5,410,2,1-3,250,1,,,,,,,
20250630,大村,12,予選特賞,晴,西,1,1,3,5,4938,小 芦 るり華,34,68,6.90,5,0.14,1.55.6,1-3-5,800,1,1-3,310,1,1-3-5,410,2,1-3,250,1,,,,,,,
20250630,大村,12,予選特賞,晴,西,1,1,4,4,4694,高 田 綾,29,73,6.95,4,0.12,1.56.9,1-3-5,800,1,1-3,310,1,1-3-5,410,2,1-3,250,1,,,,,,,
20250630,大村,12,予選特賞,晴,西,1,1,5,6,5412,久保田 凪 紗,18,17,6.99,6,0.13,,1-3-5,800,1,1-3,310,1,1-3-5,410,2,1-3,250,1,,,,,,,
20250630,大村,12,予選特賞,晴,西,1,1,S1,2,5118,野 田 なづき,30,25,6.91,2,0.21,,1-3-5,800,1,1-3,310,1,1-3-5,410,2,1-3,250,1,,,,,,,
20250630,尼崎,1,朝からセンプ,晴,南,6,4,1,3,3853,岩 崎 正 哉,11,71,6.87,3,0.19,1.50.8,3-1-4,920,2,3-1,570,2,1-3-4,240,1,1-3,240,1,,,,,,,
20250630,尼崎,1,朝からセンプ,晴,南,6,4,2,1,4020,川 上 清 人,34,51,6.89,1,0.21,1.51.8,3-1-4,920,2,3-1,570,2,1-3-4,240,1,1-3,240,1,,,,,,,
20250630,尼崎,1,朝からセンプ,晴,南,6,4,3,4,4529,嶋 義 信,13,74,6.90,4,0.17,1.53.6,3-1-4,920,2,3-1,570,2,1-3-4,240,1,1-3,240,1,,,,,,,
20250630,尼崎,1,朝からセンプ,晴,南,6,4,4,6,3313,本 吉 正 樹,51,73,6.84,6,0.19,1.55.3,3-1-4,920,2,3-1,570,2,1-3-4,240,1,1-3,240,1,,,,,,,
20250630,尼崎,1,朝からセンプ,晴,南,6,4,5,5,5353,草 川 壮 良,10,54,6.89,5,0.20,1.56.0,3-1-4,920,2,3-1,570,2,1-3-4,240,1,1-3,240,1,,,,,,,
20250630,尼崎,1,朝からセンプ,晴,南,6,4,6,2,3901,松 田 憲 幸,31,41,6.91,2,0.21,1.57.6,3-1-4,920,2,3-1,570,2,1-3-4,240,1,1-3,240,1,,,,,,,
20250630,尼崎,2,一般,晴,南西,4,0,1,1,3535,渡 修 平,1,19,6.81,1,0.17,1.50.8,1-3-5,14570,44,1-3,490,1,1-3-5,4830,12,1-3,450,2,,,,,,,
20250630,尼崎,2,一般,晴,南西,4,0,2,3,5032,谷 口 知 優,2,33,6.83,3,0.14,1.51.3,1-3-5,14570,44,1-3,490,1,1-3-5,4830,12,1-3,450,2,,,,,,,
20250630,尼崎,2,一般,晴,南西,4,0,3,5,5374,木 山 大 聖,48,23,6.86,5,0.14,1.53.0,1-3-5,14570,44,1-3,490,1,1-3-5,4830,12,1-3,450,2,,,,,,,
20250630,尼崎,2,一般,晴,南西,4,0,4,2,3075,中 村 裕 将,42,13,6.87,2,0.25,1.54.3,1-3-5,14570,44,1-3,490,1,1-3-5,4830,12,1-3,450,2,,,,,,,
20250630,尼崎,2,一般,晴,南西,4,0,5,6,4772,石 丸 海 渡,21,34,6.87,6,0.16,1.55.6,1-3-5,14570,44,1-3,490,1,1-3-5,4830,12,1-3,450,2,,,,,,,
20250630,尼崎,2,一般,晴,南西,4,0,6,4,4158,木 場 雄二郎,53,57,6.91,4,0.17,1.56.9,1-3-5,14570,44,1-3,490,1,1-3-5,4830,12,1-3,450,2,,,,,,,
20250630,尼崎,3,一般,晴,南,2,0,1,2,3907,村 越 篤,25,35,6.74,2,0.08,1.49.9,2-1-4,2020,8,2-1,540,3,1-2-4,360,2,1-2,200,1,,,,,,,
20250630,尼崎,3,一般,晴,南,2,0,2,1,5000,岡 本 翔太郎,46,44,6.73,1,0.05,1.51.5,2-1-4,2020,8,2-1,540,3,1-2-4,360,2,1-2,200,1,,,,,,,
20250630,尼崎,3,一般,晴,南,2,0,3,4,4431,石 塚 裕 介,54,63,6.84,4,0.17,1.52.8,2-1-4,2020,8,2-1,540,3,1-2-4,360,2,1-2,200,1,,,,,,,
20250630,尼崎,3,一般,晴,南,2,0,4,5,5036,福 田 翔 吾,22,46,6.80,5,0.17,1.54.3,2-1-4,2020,8,2-1,540,3,1-2-4,360,2,1-2,200,1,,,,,,,
20250630,尼崎,3,一般,晴,南,2,0,5,3,3712,淺 香 文 武,23,43,6.85,3,0.12,1.56.4,2-1-4,2020,8,2-1,540,3,1-2-4,360,2,1-2,200,1,,,,,,,
20250630,尼崎,3,一般,晴,南,2,0,6,6,5401,谷 海夏人,41,45,6.83,6,0.18,1.57.0,2-1-4,2020,8,2-1,540,3,1-2-4,360,2,1-2,200,1,,,,,,,
20250630,尼崎,4,一般,晴,南西,5,3,1,5,4051,清 水 敦 揮,36,67,6.86,5,0.15,1.50.0,5-2-6,10430,35,5-2,1680,8,2-5-6,2680,11,2-5,890,6,,,,,,,
20250630,尼崎,4,一般,晴,南西,5,3,2,2,3442,宮 武 英 司,27,31,6.87,2,0.27,1.52.5,5-2-6,10430,35,5-2,1680,8,2-5-6,2680,11,2-5,890,6,,,,,,,
20250630,尼崎,4,一般,晴,南西,5,3,3,6,5023,久 永 祥 平,55,61,6.90,6,0.18,1.53.1,5-2-6,10430,35,5-2,1680,8,2-5-6,2680,11,2-5,890,6,,,,,,,
20250630,尼崎,4,一般,晴,南西,5,3,4,1,3715,倉 尾 大 介,14,58,6.83,1,0.35,1.53.3,5-2-6,10430,35,5-2,1680,8,2-5-6,2680,11,2-5,890,6,,,,,,,
20250630,尼崎,4,一般,晴,南西,5,3,5,4,3773,津 留 浩一郎,5,65,6.84,4,0.15,1.55.6,5-2-6,10430,35,5-2,1680,8,2-5-6,2680,11,2-5,890,6,,,,,,,
20250630,尼崎,4,一般,晴,南西,5,3,6,3,3906,飯 山 晃 三,57,12,6.88,3,0.26,1.58.8,5-2-6,10430,35,5-2,1680,8,2-5-6,2680,11,2-5,890,6,,,,,,,
20250630,尼崎,5,一般,晴,南西,5,3,1,3,4118,宇佐見 淳,20,26,6.86,3,0.27,1.50.8,3-1-5,2590,10,3-1,640,4,1-3-5,720,2,1-3,260,1,,,,,,,
20250630,尼崎,5,一般,晴,南西,5,3,2,1,4511,中 岡 健 人,60,52,6.85,1,0.31,1.52.4,3-1-5,2590,10,3-1,640,4,1-3-5,720,2,1-3,260,1,,,,,,,
20250630,尼崎,5,一般,晴,南西,5,3,3,5,4425,大 井 清 貴,32,62,6.88,5,0.27,1.53.9,3-1-5,2590,10,3-1,640,4,1-3-5,720,2,1-3,260,1,,,,,,,
20250630,尼崎,5,一般,晴,南西,5,3,4,4,3901,松 田 憲 幸,31,41,6.90,4,0.28,1.54.5,3-1-5,2590,10,3-1,640,4,1-3-5,720,2,1-3,260,1,,,,,,,
20250630,尼崎,5,一般,晴,南西,5,3,5,2,3527,中 嶋 誠一郎,18,50,6.84,2,0.33,1.55.0,3-1-5,2590,10,3-1,640,4,1-3-5,720,2,1-3,260,1,,,,,,,
20250630,尼崎,5,一般,晴,南西,5,3,6,6,5353,草 川 壮 良,10,54,6.84,6,0.21,1.56.9,3-1-5,2590,10,3-1,640,4,1-3-5,720,2,1-3,260,1,,,,,,,
20250630,尼崎,6,昼どきピンク,晴,南西,5,3,1,1,3606,川 北 浩 貴,12,69,6.81,1,0.15,1.51.1,1-3-2,6830,24,1-3,990,5,1-2-3,1880,7,1-3,830,4,,,,,,,
20250630,尼崎,6,昼どきピンク,晴,南西,5,3,2,3,4158,木 場 雄二郎,53,57,6.85,3,0.22,1.52.8,1-3-2,6830,24,1-3,990,5,1-2-3,1880,7,1-3,830,4,,,,,,,
20250630,尼崎,6,昼どきピンク,晴,南西,5,3,3,2,3313,本 吉 正 樹,51,73,6.89,2,0.23,1.53.5,1-3-2,6830,24,1-3,990,5,1-2-3,1880,7,1-3,830,4,,,,,,,
20250630,尼崎,6,昼どきピンク,晴,南西,5,3,4,5,5032,谷 口 知 優,2,33,6.85,5,0.18,1.54.6,1-3-2,6830,24,1-3,990,5,1-2-3,1880,7,1-3,830,4,,,,,,,
20250630,尼崎,6,昼どきピンク,晴,南西,5,3,5,4,4543,重 木 輝 彦,9,24,6.80,4,0.25,1.55.4,1-3-2,6830,24,1-3,990,5,1-2-3,1880,7,1-3,830,4,,,,,,,
20250630,尼崎,6,昼どきピンク,晴,南西,5,3,6,6,3663,木 山 和 幸,17,60,6.84,6,0.23,1.57.6,1-3-2,6830,24,1-3,990,5,1-2-3,1880,7,1-3,830,4,,,,,,,
20250630,尼崎,7,一般,晴,南西,6,4,1,1,4040,廣 瀬 将 亨,50,42,6.80,1,0.17,1.50.2,1-2-3,600,1,1-2,360,2,1-2-3,230,1,1-2,240,1,,,,,,,
20250630,尼崎,7,一般,晴,南西,6,4,2,2,5036,福 田 翔 吾,22,46,6.83,2,0.18,1.51.8,1-2-3,600,1,1-2,360,2,1-2-3,230,1,1-2,240,1,,,,,,,
20250630,尼崎,7,一般,晴,南西,6,4,3,3,4431,石 塚 裕 介,54,63,6.84,3,0.19,1.53.6,1-2-3,600,1,1-2,360,2,1-2-3,230,1,1-2,240,1,,,,,,,
20250630,尼崎,7,一般,晴,南西,6,4,4,4,4020,川 上 清 人,34,51,6.85,4,0.32,1.55.4,1-2-3,600,1,1-2,360,2,1-2-3,230,1,1-2,240,1,,,,,,,
20250630,尼崎,7,一般,晴,南西,6,4,5,6,5374,木 山 大 聖,48,23,6.84,6,0.28,1.56.2,1-2-3,600,1,1-2,360,2,1-2-3,230,1,1-2,240,1,,,,,,,
20250630,尼崎,7,一般,晴,南西,6,4,6,5,3075,中 村 裕 将,42,13,6.84,5,0.30,1.58.7,1-2-3,600,1,1-2,360,2,1-2-3,230,1,1-2,240,1,,,,,,,
20250630,尼崎,8,一般,晴,南西,3,0,1,1,4488,小 山 勉,16,39,6.78,1,0.15,1.50.1,1-6-3,720,2,1-6,250,1,1-3-6,290,1,1-6,330,2,,,,,,,
20250630,尼崎,8,一般,晴,南西,3,0,2,6,5220,青 木 蓮,4,38,6.71,5,0.19,1.51.4,1-6-3,720,2,1-6,250,1,1-3-6,290,1,1-6,330,2,,,,,,,
20250630,尼崎,8,一般,晴,南西,3,0,3,3,4529,嶋 義 信,13,74,6.88,3,0.11,1.52.5,1-6-3,720,2,1-6,250,1,1-3-6,290,1,1-6,330,2,,,,,,,
20250630,尼崎,8,一般,晴,南西,3,0,4,2,3773,津 留 浩一郎,5,65,6.83,2,0.16,1.54.3,1-6-3,720,2,1-6,250,1,1-3-6,290,1,1-6,330,2,,,,,,,
20250630,尼崎,8,一般,晴,南西,3,0,5,5,5401,谷 海夏人,41,45,6.86,6,0.13,1.56.8,1-6-3,720,2,1-6,250,1,1-3-6,290,1,1-6,330,2,,,,,,,
20250630,尼崎,8,一般,晴,南西,3,0,6,4,3906,飯 山 晃 三,57,12,6.88,4,0.18,1.57.9,1-6-3,720,2,1-6,250,1,1-3-6,290,1,1-6,330,2,,,,,,,
20250630,尼崎,9,一般特選,晴,南西,5,3,1,1,4772,石 丸 海 渡,21,34,6.82,1,0.14,1.50.7,1-2-5,1370,5,1-2,240,1,1-2-5,670,3,1-2,240,1,,,,,,,
20250630,尼崎,9,一般特選,晴,南西,5,3,2,2,5023,久 永 祥 平,55,61,6.82,2,0.17,1.51.7,1-2-5,1370,5,1-2,240,1,1-2-5,670,3,1-2,240,1,,,,,,,
20250630,尼崎,9,一般特選,晴,南西,5,3,3,5,3442,宮 武 英 司,27,31,6.84,5,0.14,1.53.4,1-2-5,1370,5,1-2,240,1,1-2-5,670,3,1-2,240,1,,,,,,,
20250630,尼崎,9,一般特選,晴,南西,5,3,4,3,4425,大 井 清 貴,32,62,6.87,3,0.18,1.53.7,1-2-5,1370,5,1-2,240,1,1-2-5,670,3,1-2,240,1,,,,,,,
20250630,尼崎,9,一般特選,晴,南西,5,3,5,6,4118,宇佐見 淳,20,26,6.86,6,0.12,1.55.3,1-2-5,1370,5,1-2,240,1,1-2-5,670,3,1-2,240,1,,,,,,,
20250630,尼崎,9,一般特選,晴,南西,5,3,6,4,3712,淺 香 文 武,23,43,6.86,4,0.16,1.57.6,1-2-5,1370,5,1-2,240,1,1-2-5,670,3,1-2,240,1,,,,,,,
20250630,尼崎,10,選抜戦,晴,南西,5,3,1,1,4051,清 水 敦 揮,36,67,6.77,1,0.12,1.48.9,1-3-5,1620,6,1-3,260,1,1-3-5,1180,5,1-3,170,1,,,,,,,
20250630,尼崎,10,選抜戦,晴,南西,5,3,2,3,4040,廣 瀬 将 亨,50,42,6.78,3,0.17,1.51.3,1-3-5,1620,6,1-3,260,1,1-3-5,1180,5,1-3,170,1,,,,,,,
20250630,尼崎,10,選抜戦,晴,南西,5,3,3,5,4511,中 岡 健 人,60,52,6.83,5,0.16,1.53.5,1-3-5,1620,6,1-3,260,1,1-3-5,1180,5,1-3,170,1,,,,,,,
20250630,尼崎,10,選抜戦,晴,南西,5,3,4,2,3853,岩 崎 正 哉,11,71,6.82,2,0.28,1.54.4,1-3-5,1620,6,1-3,260,1,1-3-5,1180,5,1-3,170,1,,,,,,,
20250630,尼崎,10,選抜戦,晴,南西,5,3,5,6,3606,川 北 浩 貴,12,69,6.81,6,0.15,1.55.8,1-3-5,1620,6,1-3,260,1,1-3-5,1180,5,1-3,170,1,,,,,,,
20250630,尼崎,10,選抜戦,晴,南西,5,3,6,4,5000,岡 本 翔太郎,46,44,6.78,4,0.13,1.56.7,1-3-5,1620,6,1-3,260,1,1-3-5,1180,5,1-3,170,1,,,,,,,
20250630,尼崎,11,選抜戦,晴,南西,6,4,1,1,4543,重 木 輝 彦,9,24,6.76,1,0.18,1.49.1,1-2-4,1230,4,1-2,190,1,1-2-4,890,3,1-2,170,1,,,,,,,
20250630,尼崎,11,選抜戦,晴,南西,6,4,2,2,4488,小 山 勉,16,39,6.80,2,0.18,1.51.9,1-2-4,1230,4,1-2,190,1,1-2-4,890,3,1-2,170,1,,,,,,,
20250630,尼崎,11,選抜戦,晴,南西,6,4,3,4,3535,渡 修 平,1,19,6.85,4,0.19,1.53.9,1-2-4,1230,4,1-2,190,1,1-2-4,890,3,1-2,170,1,,,,,,,
20250630,尼崎,11,選抜戦,晴,南西,6,4,4,3,3907,村 越 篤,25,35,6.80,3,0.20,1.55.2,1-2-4,1230,4,1-2,190,1,1-2-4,890,3,1-2,170,1,,,,,,,
20250630,尼崎,11,選抜戦,晴,南西,6,4,5,5,3715,倉 尾 大 介,14,58,6.83,5,0.19,1.55.8,1-2-4,1230,4,1-2,190,1,1-2-4,890,3,1-2,170,1,,,,,,,
20250630,尼崎,11,選抜戦,晴,南西,6,4,6,6,3527,中 嶋 誠一郎,18,50,6.89,6,0.20,1.56.8,1-2-4,1230,4,1-2,190,1,1-2-4,890,3,1-2,170,1,,,,,,,
20250630,尼崎,12,優勝戦,晴,西,7,5,1,1,3721,守 田 俊 介,6,68,6.90,1,0.09,1.50.0,1-4-6,3250,13,1-4,380,3,1-4-6,1690,7,1-4,360,3,,,,,,,
20250630,尼崎,12,優勝戦,晴,西,7,5,2,4,4604,岩 瀬 裕 亮,35,53,6.80,4,0.12,1.51.0,1-4-6,3250,13,1-4,380,3,1-4-6,1690,7,1-4,360,3,,,,,,,
20250630,尼崎,12,優勝戦,晴,西,7,5,3,6,4553,坪 口 竜 也,28,55,6.82,6,0.10,1.52.1,1-4-6,3250,13,1-4,380,3,1-4-6,1690,7,1-4,360,3,,,,,,,
20250630,尼崎,12,優勝戦,晴,西,7,5,4,2,4776,竹 田 和 哉,15,14,6.80,2,0.21,1.54.1,1-4-6,3250,13,1-4,380,3,1-4-6,1690,7,1-4,360,3,,,,,,,
20250630,尼崎,12,優勝戦,晴,西,7,5,5,5,4857,加 藤 翔 馬,59,49,6.77,5,0.09,1.55.1,1-4-6,3250,13,1-4,380,3,1-4-6,1690,7,1-4,360,3,,,,,,,
20250630,尼崎,12,優勝戦,晴,西,7,5,6,3,3613,角 谷 健 吾,19,75,6.79,3,0.25,1.57.8,1-4-6,3250,13,1-4,380,3,1-4-6,1690,7,1-4,360,3,,,,,,,
20250630,常滑,1,朝トコ小判Ｒ,晴,南,3,1,1,2,4557,松 尾 光 広,1,34,6.86,2,0.13,1.50.8,2-1-3,8600,28,2-1,3300,9,1-2-3,420,1,1-2,370,2,,,,,,,
20250630,常滑,1,朝トコ小判Ｒ,晴,南,3,1,2,1,3838,伊 藤 啓 三,30,62,6.89,1,0.09,1.51.9,2-1-3,8600,28,2-1,3300,9,1-2-3,420,1,1-2,370,2,,,,,,,
20250630,常滑,1,朝トコ小判Ｒ,晴,南,3,1,3,3,5064,品 川 二千翔,21,63,6.85,3,0.12,1.52.4,2-1-3,8600,28,2-1,3300,9,1-2-3,420,1,1-2,370,2,,,,,,,
20250630,常滑,1,朝トコ小判Ｒ,晴,南,3,1,4,6,4306,畔 柳 俊 吾,62,54,6.84,6,0.07,1.54.3,2-1-3,8600,28,2-1,3300,9,1-2-3,420,1,1-2,370,2,,,,,,,
20250630,常滑,1,朝トコ小判Ｒ,晴,南,3,1,5,5,4277,金 田 大 輔,59,43,6.84,5,0.08,,2-1-3,8600,28,2-1,3300,9,1-2-3,420,1,1-2,370,2,,,,,,,
20250630,常滑,1,朝トコ小判Ｒ,晴,南,3,1,6,4,3831,安 藤 裕 貴,8,11,6.84,4,0.11,,2-1-3,8600,28,2-1,3300,9,1-2-3,420,1,1-2,370,2,,,,,,,
20250630,常滑,2,予選,晴,南,3,1,1,1,3889,須 藤 隆 雄,51,46,6.88,1,0.17,1.51.6,1-3-5,2440,4,1-3,340,1,1-3-5,1030,4,1-3,780,3,,,,,,,
20250630,常滑,2,予選,晴,南,3,1,2,3,4377,濱 本 優 一,49,17,6.86,3,0.24,1.52.9,1-3-5,2440,4,1-3,340,1,1-3-5,1030,4,1-3,780,3,,,,,,,
20250630,常滑,2,予選,晴,南,3,1,3,5,4015,前 野 竜 一,31,23,6.85,5,0.16,1.53.4,1-3-5,2440,4,1-3,340,1,1-3-5,1030,4,1-3,780,3,,,,,,,
20250630,常滑,2,予選,晴,南,3,1,4,4,4861,田 中 宏 樹,55,55,6.70,6,0.22,1.53.9,1-3-5,2440,4,1-3,340,1,1-3-5,1030,4,1-3,780,3,,,,,,,
20250630,常滑,2,予選,晴,南,3,1,5,2,4251,川 崎 誠 志,2,22,6.83,2,0.28,,1-3-5,2440,4,1-3,340,1,1-3-5,1030,4,1-3,780,3,,,,,,,
20250630,常滑,2,予選,晴,南,3,1,6,6,4140,梶 野 学 志,34,31,6.82,4,0.18,,1-3-5,2440,4,1-3,340,1,1-3-5,1030,4,1-3,780,3,,,,,,,
20250630,常滑,3,予選,晴,南,3,1,1,5,3502,渡 邉 英 児,27,59,6.80,4,0.14,1.50.5,5-6-1,4020,13,5-6,2340,10,1-5-6,560,3,5-6,880,5,,,,,,,
20250630,常滑,3,予選,晴,南,3,1,2,6,4391,松 田 祐 季,50,50,6.83,5,0.12,1.51.5,5-6-1,4020,13,5-6,2340,10,1-5-6,560,3,5-6,880,5,,,,,,,
20250630,常滑,3,予選,晴,南,3,1,3,1,4229,市 川 美 宏,15,20,6.77,1,0.09,1.52.0,5-6-1,4020,13,5-6,2340,10,1-5-6,560,3,5-6,880,5,,,,,,,
20250630,常滑,3,予選,晴,南,3,1,4,2,3661,柳 瀬 興 志,13,58,6.81,2,0.10,1.53.4,5-6-1,4020,13,5-6,2340,10,1-5-6,560,3,5-6,880,5,,,,,,,
20250630,常滑,3,予選,晴,南,3,1,5,3,4114,深 澤 達 徳,47,49,6.83,3,0.11,,5-6-1,4020,13,5-6,2340,10,1-5-6,560,3,5-6,880,5,,,,,,,
20250630,常滑,3,予選,晴,南,3,1,6,4,5371,早 川 颯 太,10,14,6.80,6,0.12,,5-6-1,4020,13,5-6,2340,10,1-5-6,560,3,5-6,880,5,,,,,,,
20250630,常滑,4,予選,晴,南,3,1,1,5,4173,岡 谷 健 吾,54,56,6.76,4,0.15,1.50.8,5-1-2,13810,44,5-1,6160,16,1-2-5,540,2,1-5,2030,7,,,,,,,
20250630,常滑,4,予選,晴,南,3,1,2,1,3787,天 野 誠,7,21,6.80,1,0.09,1.51.9,5-1-2,13810,44,5-1,6160,16,1-2-5,540,2,1-5,2030,7,,,,,,,
20250630,常滑,4,予選,晴,南,3,1,3,2,4516,野 口 勝 弘,60,61,6.79,2,0.15,1.52.4,5-1-2,13810,44,5-1,6160,16,1-2-5,540,2,1-5,2030,7,,,,,,,
20250630,常滑,4,予選,晴,南,3,1,4,3,4382,高 山 智 至,12,44,6.82,3,0.13,1.54.3,5-1-2,13810,44,5-1,6160,16,1-2-5,540,2,1-5,2030,7,,,,,,,
20250630,常滑,4,予選,晴,南,3,1,5,4,4111,奥 田 誠,11,30,6.86,6,0.21,,5-1-2,13810,44,5-1,6160,16,1-2-5,540,2,1-5,2030,7,,,,,,,
20250630,常滑,4,予選,晴,南,3,1,6,6,4105,松 下 直 也,40,48,6.81,5,0.19,,5-1-2,13810,44,5-1,6160,16,1-2-5,540,2,1-5,2030,7,,,,,,,
20250630,常滑,5,予選,晴,南,3,1,1,1,4538,笠 置 博 之,45,45,6.63,4,0.16,1.51.6,1-3-5,840,1,1-3,460,1,1-3-5,250,1,1-3,280,1,,,,,,,
20250630,常滑,5,予選,晴,南,3,1,2,3,3024,西 島 義 則,61,51,6.83,1,0.07,1.53.0,1-3-5,840,1,1-3,460,1,1-3-5,250,1,1-3,280,1,,,,,,,
20250630,常滑,5,予選,晴,南,3,1,3,5,4120,柘 植 政 浩,52,25,6.85,5,0.21,1.54.1,1-3-5,840,1,1-3,460,1,1-3-5,250,1,1-3,280,1,,,,,,,
20250630,常滑,5,予選,晴,南,3,1,4,2,3804,中 渡 修 作,26,12,6.84,2,0.13,1.54.1,1-3-5,840,1,1-3,460,1,1-3-5,250,1,1-3,280,1,,,,,,,
20250630,常滑,5,予選,晴,南,3,1,5,4,5344,谷 口 丞,6,33,6.74,6,0.19,,1-3-5,840,1,1-3,460,1,1-3-5,250,1,1-3,280,1,,,,,,,
20250630,常滑,5,予選,晴,南,3,1,6,6,5039,倉 田 茂 将,36,13,6.82,3,0.05,,1-3-5,840,1,1-3,460,1,1-3-5,250,1,1-3,280,1,,,,,,,
20250630,常滑,6,昼トコ小判Ｒ,晴,南,3,1,1,1,4290,稲 田 浩 二,43,18,6.77,1,0.10,1.51.3,1-3-4,820,4,1-3,240,1,1-3-4,500,4,1-3,200,1,,,,,,,
20250630,常滑,6,昼トコ小判Ｒ,晴,南,3,1,2,3,4306,畔 柳 俊 吾,62,54,6.79,4,0.24,1.52.8,1-3-4,820,4,1-3,240,1,1-3-4,500,4,1-3,200,1,,,,,,,
20250630,常滑,6,昼トコ小判Ｒ,晴,南,3,1,3,4,4708,半 田 尚 也,46,64,6.81,3,0.22,1.53.6,1-3-4,820,4,1-3,240,1,1-3-4,500,4,1-3,200,1,,,,,,,
20250630,常滑,6,昼トコ小判Ｒ,晴,南,3,1,4,2,5154,村 松 栄 太,9,27,6.79,2,0.21,1.54.0,1-3-4,820,4,1-3,240,1,1-3-4,500,4,1-3,200,1,,,,,,,
20250630,常滑,6,昼トコ小判Ｒ,晴,南,3,1,5,6,3692,竹 腰 正 樹,37,60,6.79,6,0.23,,1-3-4,820,4,1-3,240,1,1-3-4,500,4,1-3,200,1,,,,,,,
20250630,常滑,6,昼トコ小判Ｒ,晴,南,3,1,6,5,3889,須 藤 隆 雄,51,46,6.86,5,0.27,,1-3-4,820,4,1-3,240,1,1-3-4,500,4,1-3,200,1,,,,,,,
20250630,常滑,7,予選,晴,南,4,1,1,1,4031,飯 島 誠,35,26,6.79,1,0.07,1.51.4,1-3-5,4800,17,1-3,1840,11,1-3-5,2070,8,1-3,820,4,,,,,,,
20250630,常滑,7,予選,晴,南,4,1,2,3,3831,安 藤 裕 貴,8,11,6.84,3,0.22,1.52.5,1-3-5,4800,17,1-3,1840,11,1-3-5,2070,8,1-3,820,4,,,,,,,
20250630,常滑,7,予選,晴,南,4,1,3,5,4287,今 井 貴 士,32,57,6.82,5,0.26,1.54.5,1-3-5,4800,17,1-3,1840,11,1-3-5,2070,8,1-3,820,4,,,,,,,
20250630,常滑,7,予選,晴,南,4,1,4,2,4293,鈴 木 智 啓,4,47,6.86,2,0.15,1.55.6,1-3-5,4800,17,1-3,1840,11,1-3-5,2070,8,1-3,820,4,,,,,,,
20250630,常滑,7,予選,晴,南,4,1,5,6,3661,柳 瀬 興 志,13,58,6.80,6,0.27,,1-3-5,4800,17,1-3,1840,11,1-3-5,2070,8,1-3,820,4,,,,,,,
20250630,常滑,7,予選,晴,南,4,1,6,4,4336,松 田 竜 馬,5,53,6.81,4,0.30,,1-3-5,4800,17,1-3,1840,11,1-3-5,2070,8,1-3,820,4,,,,,,,
20250630,常滑,8,予選,晴,南,4,1,1,1,4111,奥 田 誠,11,30,6.79,1,0.10,1.50.6,1-6-5,18400,57,1-6,2330,10,1-5-6,3240,12,1-6,1900,8,,,,,,,
20250630,常滑,8,予選,晴,南,4,1,2,6,4377,濱 本 優 一,49,17,6.86,6,0.24,1.51.5,1-6-5,18400,57,1-6,2330,10,1-5-6,3240,12,1-6,1900,8,,,,,,,
20250630,常滑,8,予選,晴,南,4,1,3,5,5041,荒 牧 凪 沙,42,29,6.73,5,0.17,1.52.7,1-6-5,18400,57,1-6,2330,10,1-5-6,3240,12,1-6,1900,8,,,,,,,
20250630,常滑,8,予選,晴,南,4,1,4,4,4391,松 田 祐 季,50,50,6.82,4,0.21,1.54.5,1-6-5,18400,57,1-6,2330,10,1-5-6,3240,12,1-6,1900,8,,,,,,,
20250630,常滑,8,予選,晴,南,4,1,5,2,3158,島 川 光 男,39,16,6.78,2,0.13,,1-6-5,18400,57,1-6,2330,10,1-5-6,3240,12,1-6,1900,8,,,,,,,
20250630,常滑,8,予選,晴,南,4,1,6,3,4277,金 田 大 輔,59,43,6.82,3,0.19,,1-6-5,18400,57,1-6,2330,10,1-5-6,3240,12,1-6,1900,8,,,,,,,
20250630,常滑,9,予選特賞,晴,南,3,1,1,1,4173,岡 谷 健 吾,54,56,6.75,1,0.20,1.50.9,1-4-3,1740,7,1-4,460,2,1-3-4,950,4,1-4,400,2,,,,,,,
20250630,常滑,9,予選特賞,晴,南,3,1,2,4,4140,梶 野 学 志,34,31,6.86,4,0.25,1.52.4,1-4-3,1740,7,1-4,460,2,1-3-4,950,4,1-4,400,2,,,,,,,
20250630,常滑,9,予選特賞,晴,南,3,1,3,3,4229,市 川 美 宏,15,20,6.79,3,0.24,1.53.3,1-4-3,1740,7,1-4,460,2,1-3-4,950,4,1-4,400,2,,,,,,,
20250630,常滑,9,予選特賞,晴,南,3,1,4,2,4420,津久井 拓 也,58,28,6.82,2,0.20,1.54.0,1-4-3,1740,7,1-4,460,2,1-3-4,950,4,1-4,400,2,,,,,,,
20250630,常滑,9,予選特賞,晴,南,3,1,5,6,3804,中 渡 修 作,26,12,6.81,6,0.32,,1-4-3,1740,7,1-4,460,2,1-3-4,950,4,1-4,400,2,,,,,,,
20250630,常滑,9,予選特賞,晴,南,3,1,6,5,3905,天 野 友 和,38,24,6.87,5,0.24,,1-4-3,1740,7,1-4,460,2,1-3-4,950,4,1-4,400,2,,,,,,,
20250630,常滑,10,予選特賞,晴,南東,4,1,1,1,4114,深 澤 達 徳,47,49,6.80,1,0.09,1.50.8,1-2-4,3480,12,1-2,770,3,1-2-4,1350,6,1-2,400,3,,,,,,,
20250630,常滑,10,予選特賞,晴,南東,4,1,2,2,4180,上 野 秀 和,41,15,6.82,2,0.10,1.51.6,1-2-4,3480,12,1-2,770,3,1-2-4,1350,6,1-2,400,3,,,,,,,
20250630,常滑,10,予選特賞,晴,南東,4,1,3,4,5064,品 川 二千翔,21,63,6.81,4,0.19,1.53.9,1-2-4,3480,12,1-2,770,3,1-2-4,1350,6,1-2,400,3,,,,,,,
20250630,常滑,10,予選特賞,晴,南東,4,1,4,3,4120,柘 植 政 浩,52,25,6.84,3,0.13,1.54.9,1-2-4,3480,12,1-2,770,3,1-2-4,1350,6,1-2,400,3,,,,,,,
20250630,常滑,10,予選特賞,晴,南東,4,1,5,5,4516,野 口 勝 弘,60,61,6.79,5,0.16,,1-2-4,3480,12,1-2,770,3,1-2-4,1350,6,1-2,400,3,,,,,,,
20250630,常滑,10,予選特賞,晴,南東,4,1,6,6,4251,川 崎 誠 志,2,22,6.81,6,0.22,,1-2-4,3480,12,1-2,770,3,1-2-4,1350,6,1-2,400,3,,,,,,,
20250630,常滑,11,予選特選,晴,南東,3,1,1,2,5039,倉 田 茂 将,36,13,6.80,2,0.16,1.50.7,2-1-4,4580,15,2-1,1010,5,1-2-4,680,4,1-2,300,2,,,,,,,
20250630,常滑,11,予選特選,晴,南東,3,1,2,1,3502,渡 邉 英 児,27,59,6.85,1,0.18,1.52.4,2-1-4,4580,15,2-1,1010,5,1-2-4,680,4,1-2,300,2,,,,,,,
20250630,常滑,11,予選特選,晴,南東,3,1,3,4,3787,天 野 誠,7,21,6.93,4,0.18,1.54.9,2-1-4,4580,15,2-1,1010,5,1-2-4,680,4,1-2,300,2,,,,,,,
20250630,常滑,11,予選特選,晴,南東,3,1,4,3,3838,伊 藤 啓 三,30,62,6.87,3,0.16,1.55.7,2-1-4,4580,15,2-1,1010,5,1-2-4,680,4,1-2,300,2,,,,,,,
20250630,常滑,11,予選特選,晴,南東,3,1,5,6,4293,鈴 木 智 啓,4,47,6.92,5,0.15,,2-1-4,4580,15,2-1,1010,5,1-2-4,680,4,1-2,300,2,,,,,,,
20250630,常滑,11,予選特選,晴,南東,3,1,K0,5,4290,稲 田 浩 二,43,18 K,,,,,2-1-4,4580,15,2-1,1010,5,1-2-4,680,4,1-2,300,2,,,,,,,
20250630,常滑,12,予選特選,晴,南,4,1,1,4,5041,荒 牧 凪 沙,42,29,6.79,4,0.11,1.50.4,4-2-1,8440,32,4-2,2400,8,1-2-4,450,2,2-4,1560,6,,,,,,,
20250630,常滑,12,予選特選,晴,南,4,1,2,2,3024,西 島 義 則,61,51,6.86,1,0.13,1.52.9,4-2-1,8440,32,4-2,2400,8,1-2-4,450,2,2-4,1560,6,,,,,,,
20250630,常滑,12,予選特選,晴,南,4,1,3,1,4287,今 井 貴 士,32,57,6.88,2,0.20,1.54.3,4-2-1,8440,32,4-2,2400,8,1-2-4,450,2,2-4,1560,6,,,,,,,
20250630,常滑,12,予選特選,晴,南,4,1,4,6,4015,前 野 竜 一,31,23,6.87,6,0.13,1.54.9,4-2-1,8440,32,4-2,2400,8,1-2-4,450,2,2-4,1560,6,,,,,,,
20250630,常滑,12,予選特選,晴,南,4,1,5,5,4105,松 下 直 也,40,48,6.85,5,0.11,,4-2-1,8440,32,4-2,2400,8,1-2-4,450,2,2-4,1560,6,,,,,,,
20250630,常滑,12,予選特選,晴,南,4,1,6,3,3692,竹 腰 正 樹,37,60,6.87,3,0.16,,4-2-1,8440,32,4-2,2400,8,1-2-4,450,2,2-4,1560,6,,,,,,,
20250630,徳山,1,朝トク予選,曇り,南,1,1,1,1,4027,松 江 秀 徳,71,39,7.03,1,0.23,1.52.6,1-6-2,6550,20,1-6,1400,6,1-2-6,1080,6,1-6,1710,5,,,,,,,
20250630,徳山,1,朝トク予選,曇り,南,1,1,2,6,5264,登 みひ果,21,70,6.93,6,0.05,1.53.4,1-6-2,6550,20,1-6,1400,6,1-2-6,1080,6,1-6,1710,5,,,,,,,
20250630,徳山,1,朝トク予選,曇り,南,1,1,3,2,4226,村 田 浩 司,64,29,6.98,2,0.24,1.55.7,1-6-2,6550,20,1-6,1400,6,1-2-6,1080,6,1-6,1710,5,,,,,,,
20250630,徳山,1,朝トク予選,曇り,南,1,1,4,3,3580,水 口 由 紀,40,18,6.93,3,0.21,1.56.8,1-6-2,6550,20,1-6,1400,6,1-2-6,1080,6,1-6,1710,5,,,,,,,
20250630,徳山,1,朝トク予選,曇り,南,1,1,5,5,3596,河 上 年 昭,45,47,6.98,5,0.11,,1-6-2,6550,20,1-6,1400,6,1-2-6,1080,6,1-6,1710,5,,,,,,,
20250630,徳山,1,朝トク予選,曇り,南,1,1,6,4,4339,平 瀬 城 啓,34,44,7.05,4,0.21,,1-6-2,6550,20,1-6,1400,6,1-2-6,1080,6,1-6,1710,5,,,,,,,
20250630,徳山,2,狙いトク特選,晴,南西,2,2,1,1,4305,金 子 拓 矢,14,19,7.03,1,0.19,1.52.1,1-3-4,520,1,1-3,180,1,1-3-4,260,1,1-3,140,1,,,,,,,
20250630,徳山,2,狙いトク特選,晴,南西,2,2,2,3,4324,海 野 康志郎,49,49,7.03,3,0.16,1.53.9,1-3-4,520,1,1-3,180,1,1-3-4,260,1,1-3,140,1,,,,,,,
20250630,徳山,2,狙いトク特選,晴,南西,2,2,3,4,4435,服 部 達 哉,38,13,7.01,4,0.21,1.55.2,1-3-4,520,1,1-3,180,1,1-3-4,260,1,1-3,140,1,,,,,,,
20250630,徳山,2,狙いトク特選,晴,南西,2,2,4,6,5206,梅 原 祥 平,53,12,6.97,6,0.15,1.55.6,1-3-4,520,1,1-3,180,1,1-3-4,260,1,1-3,140,1,,,,,,,
20250630,徳山,2,狙いトク特選,晴,南西,2,2,5,5,4649,和 田 操 拓,62,35,7.04,5,0.16,,1-3-4,520,1,1-3,180,1,1-3-4,260,1,1-3,140,1,,,,,,,
20250630,徳山,2,狙いトク特選,晴,南西,2,2,6,2,4257,古 川 健,43,21,7.02,2,0.31,,1-3-4,520,1,1-3,180,1,1-3-4,260,1,1-3,140,1,,,,,,,
20250630,徳山,3,決めトク予選,晴,南,1,1,1,1,4060,島 田 一 生,47,24,6.99,1,0.11,1.53.5,1-4-2,4180,14,1-4,960,4,1-2-4,2270,6,1-4,480,3,,,,,,,
20250630,徳山,3,決めトク予選,晴,南,1,1,2,4,3892,草 場 康 幸,30,62,7.00,4,0.13,1.54.4,1-4-2,4180,14,1-4,960,4,1-2-4,2270,6,1-4,480,3,,,,,,,
20250630,徳山,3,決めトク予選,晴,南,1,1,3,2,4078,渡 辺 史 之,25,34,7.05,2,0.13,1.55.8,1-4-2,4180,14,1-4,960,4,1-2-4,2270,6,1-4,480,3,,,,,,,
20250630,徳山,3,決めトク予選,晴,南,1,1,4,3,4771,下 寺 秀 和,33,36,6.97,3,0.09,1.56.8,1-4-2,4180,14,1-4,960,4,1-2-4,2270,6,1-4,480,3,,,,,,,
20250630,徳山,3,決めトク予選,晴,南,1,1,5,6,5317,長 尾 萌 加,12,69,6.99,6,0.14,,1-4-2,4180,14,1-4,960,4,1-2-4,2270,6,1-4,480,3,,,,,,,
20250630,徳山,3,決めトク予選,晴,南,1,1,6,5,4995,田 邉 亮 蔵,56,51,7.01,5,0.18,,1-4-2,4180,14,1-4,960,4,1-2-4,2270,6,1-4,480,3,,,,,,,
20250630,徳山,4,ガチトク予選,晴,南,2,2,1,1,4264,長 尾 章 平,70,30,7.03,1,0.09,1.53.1,1-5-2,1120,4,1-5,520,2,1-2-5,250,1,1-5,740,3,,,,,,,
20250630,徳山,4,ガチトク予選,晴,南,2,2,2,5,5035,櫻 井 優,41,22,7.03,5,0.04,1.54.0,1-5-2,1120,4,1-5,520,2,1-2-5,250,1,1-5,740,3,,,,,,,
20250630,徳山,4,ガチトク予選,晴,南,2,2,3,2,3635,石 田 政 吾,72,76,7.05,2,0.12,1.55.8,1-5-2,1120,4,1-5,520,2,1-2-5,250,1,1-5,740,3,,,,,,,
20250630,徳山,4,ガチトク予選,晴,南,2,2,4,4,3701,大 西 隆 洋,23,64,7.09,4,0.04,1.57.8,1-5-2,1120,4,1-5,520,2,1-2-5,250,1,1-5,740,3,,,,,,,
20250630,徳山,4,ガチトク予選,晴,南,2,2,5,6,5333,山 下 智 己,18,67,6.95,6,0.07,,1-5-2,1120,4,1-5,520,2,1-2-5,250,1,1-5,740,3,,,,,,,
20250630,徳山,4,ガチトク予選,晴,南,2,2,6,3,3778,安 達 美 帆,13,77,7.00,3,0.27,,1-5-2,1120,4,1-5,520,2,1-2-5,250,1,1-5,740,3,,,,,,,
20250630,徳山,5,買っトク特賞,晴,南西,2,2,1,4,4845,前 田 紗 希,32,52,7.00,4,0.13,1.52.4,4-1-3,5460,18,4-1,990,4,1-3-4,500,2,1-4,250,1,,,,,,,
20250630,徳山,5,買っトク特賞,晴,南西,2,2,2,1,3837,秋 山 広 一,55,61,7.10,1,0.18,1.53.6,4-1-3,5460,18,4-1,990,4,1-3-4,500,2,1-4,250,1,,,,,,,
20250630,徳山,5,買っトク特賞,晴,南西,2,2,3,3,3814,金 子 貴 志,50,55,7.04,3,0.19,1.56.1,4-1-3,5460,18,4-1,990,4,1-3-4,500,2,1-4,250,1,,,,,,,
20250630,徳山,5,買っトク特賞,晴,南西,2,2,4,2,3070,山 室 展 弘,31,73,7.06,2,0.29,1.56.6,4-1-3,5460,18,4-1,990,4,1-3-4,500,2,1-4,250,1,,,,,,,
20250630,徳山,5,買っトク特賞,晴,南西,2,2,5,5,4023,柴 田 友 和,24,68,7.08,5,0.13,,4-1-3,5460,18,4-1,990,4,1-3-4,500,2,1-4,250,1,,,,,,,
20250630,徳山,5,買っトク特賞,晴,南西,2,2,6,6,5323,香 川 陽 太,27,41,7.03,6,0.08,,4-1-3,5460,18,4-1,990,4,1-3-4,500,2,1-4,250,1,,,,,,,
20250630,徳山,6,予選,晴,南西,3,3,1,5,5246,楠 将太郎,48,45,7.02,5,0.16,1.52.6,5-2-1,32990,72,5-2,9610,19,1-2-5,1490,8,2-5,3540,9,,,,,,,
20250630,徳山,6,予選,晴,南西,3,3,2,2,5187,小 坂 風 太,57,28,7.02,2,0.21,1.54.4,5-2-1,32990,72,5-2,9610,19,1-2-5,1490,8,2-5,3540,9,,,,,,,
20250630,徳山,6,予選,晴,南西,3,3,3,1,3580,水 口 由 紀,40,18,6.96,1,0.19,1.54.9,5-2-1,32990,72,5-2,9610,19,1-2-5,1490,8,2-5,3540,9,,,,,,,
20250630,徳山,6,予選,晴,南西,3,3,4,3,3612,馬 袋 義 則,65,37,7.08,3,0.14,1.56.6,5-2-1,32990,72,5-2,9610,19,1-2-5,1490,8,2-5,3540,9,,,,,,,
20250630,徳山,6,予選,晴,南西,3,3,5,6,3792,田 中 豪,20,14,7.03,6,0.24,,5-2-1,32990,72,5-2,9610,19,1-2-5,1490,8,2-5,3540,9,,,,,,,
20250630,徳山,6,予選,晴,南西,3,3,6,4,2538,高 橋 二 朗,11,25,7.06,4,0.24,,5-2-1,32990,72,5-2,9610,19,1-2-5,1490,8,2-5,3540,9,,,,,,,
20250630,徳山,7,予選,晴,南西,3,3,1,3,4257,古 川 健,43,21,6.96,4,0.16,1.53.5,3-5-2,15130,64,3-5,2930,16,2-3-5,2420,13,3-5,1520,9,,,,,,,
20250630,徳山,7,予選,晴,南西,3,3,2,5,5181,森 智 哉,68,54,7.04,6,0.28,1.54.7,3-5-2,15130,64,3-5,2930,16,2-3-5,2420,13,3-5,1520,9,,,,,,,
20250630,徳山,7,予選,晴,南西,3,3,3,2,5264,登 みひ果,21,70,7.00,3,0.23,1.56.6,3-5-2,15130,64,3-5,2930,16,2-3-5,2420,13,3-5,1520,9,,,,,,,
20250630,徳山,7,予選,晴,南西,3,3,4,4,4112,大久保 信一郎,60,42,7.02,5,0.25,1.57.0,3-5-2,15130,64,3-5,2930,16,2-3-5,2420,13,3-5,1520,9,,,,,,,
20250630,徳山,7,予選,晴,南西,3,3,5,1,4078,渡 辺 史 之,25,34,7.02,1,0.33,,3-5-2,15130,64,3-5,2930,16,2-3-5,2420,13,3-5,1520,9,,,,,,,
20250630,徳山,7,予選,晴,南西,3,3,6,6,3473,石 川 真 二,29,32,7.08,2,0.19,,3-5-2,15130,64,3-5,2930,16,2-3-5,2420,13,3-5,1520,9,,,,,,,
20250630,徳山,8,予選,晴,南西,3,3,1,2,4361,柳 生 泰 二,42,57,7.04,2,0.13,1.52.8,2-1-4,870,2,2-1,400,3,1-2-4,320,2,1-2,390,3,,,,,,,
20250630,徳山,8,予選,晴,南西,3,3,2,1,3973,崎 利 仁,58,72,7.05,1,0.07,1.55.0,2-1-4,870,2,2-1,400,3,1-2-4,320,2,1-2,390,3,,,,,,,
20250630,徳山,8,予選,晴,南西,3,3,3,4,4027,松 江 秀 徳,71,39,7.07,4,0.12,1.56.0,2-1-4,870,2,2-1,400,3,1-2-4,320,2,1-2,390,3,,,,,,,
20250630,徳山,8,予選,晴,南西,3,3,4,3,5206,梅 原 祥 平,53,12,6.97,3,0.07,1.56.3,2-1-4,870,2,2-1,400,3,1-2-4,320,2,1-2,390,3,,,,,,,
20250630,徳山,8,予選,晴,南西,3,3,5,6,3701,大 西 隆 洋,23,64,7.08,6,0.07,,2-1-4,870,2,2-1,400,3,1-2-4,320,2,1-2,390,3,,,,,,,
20250630,徳山,8,予選,晴,南西,3,3,6,5,5320,岩 崎 麗 子,67,40,7.08,5,0.08,,2-1-4,870,2,2-1,400,3,1-2-4,320,2,1-2,390,3,,,,,,,
20250630,徳山,9,狙いトク特賞,晴,南西,3,3,1,4,3654,武 田 光 史,36,63,6.99,4,0.07,1.52.3,4-1-5,4710,17,4-1,560,2,1-4-5,2410,7,1-4,270,1,,,,,,,
20250630,徳山,9,狙いトク特賞,晴,南西,3,3,2,1,5035,櫻 井 優,41,22,7.02,1,0.11,1.54.7,4-1-5,4710,17,4-1,560,2,1-4-5,2410,7,1-4,270,1,,,,,,,
20250630,徳山,9,狙いトク特賞,晴,南西,3,3,3,5,5184,飯 塚 響,75,23,7.03,5,0.07,1.56.3,4-1-5,4710,17,4-1,560,2,1-4-5,2410,7,1-4,270,1,,,,,,,
20250630,徳山,9,狙いトク特賞,晴,南西,3,3,4,2,4995,田 邉 亮 蔵,56,51,7.02,2,0.18,1.57.3,4-1-5,4710,17,4-1,560,2,1-4-5,2410,7,1-4,270,1,,,,,,,
20250630,徳山,9,狙いトク特賞,晴,南西,3,3,5,6,4226,村 田 浩 司,64,29,7.01,6,0.20,,4-1-5,4710,17,4-1,560,2,1-4-5,2410,7,1-4,270,1,,,,,,,
20250630,徳山,9,狙いトク特賞,晴,南西,3,3,6,3,4649,和 田 操 拓,62,35,7.07,3,0.14,,4-1-5,4710,17,4-1,560,2,1-4-5,2410,7,1-4,270,1,,,,,,,
20250630,徳山,10,予選,晴,南西,3,3,1,1,3814,金 子 貴 志,50,55,7.03,1,0.17,1.53.8,1-3-5,2480,9,1-3,1170,6,1-3-5,550,2,1-3,1660,5,,,,,,,
20250630,徳山,10,予選,晴,南西,3,3,2,3,3596,河 上 年 昭,45,47,7.04,3,0.16,1.53.9,1-3-5,2480,9,1-3,1170,6,1-3-5,550,2,1-3,1660,5,,,,,,,
20250630,徳山,10,予選,晴,南西,3,3,3,5,4324,海 野 康志郎,49,49,7.05,5,0.16,1.56.1,1-3-5,2480,9,1-3,1170,6,1-3-5,550,2,1-3,1660,5,,,,,,,
20250630,徳山,10,予選,晴,南西,3,3,4,4,5333,山 下 智 己,18,67,6.95,4,0.13,1.56.4,1-3-5,2480,9,1-3,1170,6,1-3-5,550,2,1-3,1660,5,,,,,,,
20250630,徳山,10,予選,晴,南西,3,3,5,2,4060,島 田 一 生,47,24,7.02,2,0.22,,1-3-5,2480,9,1-3,1170,6,1-3-5,550,2,1-3,1660,5,,,,,,,
20250630,徳山,10,予選,晴,南西,3,3,6,6,4997,濱 崎 寿里矢,37,74,7.07,6,0.14,,1-3-5,2480,9,1-3,1170,6,1-3-5,550,2,1-3,1660,5,,,,,,,
20250630,徳山,11,予選,晴,南西,2,2,1,2,4339,平 瀬 城 啓,34,44,7.07,2,0.16,1.53.6,2-1-5,28630,62,2-1,4420,11,1-2-5,6380,16,1-2,640,2,,,,,,,
20250630,徳山,11,予選,晴,南西,2,2,2,1,4023,柴 田 友 和,24,68,7.07,1,0.22,1.54.8,2-1-5,28630,62,2-1,4420,11,1-2-5,6380,16,1-2,640,2,,,,,,,
20250630,徳山,11,予選,晴,南西,2,2,3,5,4789,古 賀 智 之,16,17,7.04,5,0.14,1.55.9,2-1-5,28630,62,2-1,4420,11,1-2-5,6380,16,1-2,640,2,,,,,,,
20250630,徳山,11,予選,晴,南西,2,2,4,3,4305,金 子 拓 矢,14,19,7.04,3,0.15,1.56.8,2-1-5,28630,62,2-1,4420,11,1-2-5,6380,16,1-2,640,2,,,,,,,
20250630,徳山,11,予選,晴,南西,2,2,5,4,5317,長 尾 萌 加,12,69,6.99,4,0.15,,2-1-5,28630,62,2-1,4420,11,1-2-5,6380,16,1-2,640,2,,,,,,,
20250630,徳山,11,予選,晴,南西,2,2,6,6,3635,石 田 政 吾,72,76,7.06,6,0.25,,2-1-5,28630,62,2-1,4420,11,1-2-5,6380,16,1-2,640,2,,,,,,,
20250630,徳山,12,ドリーム戦,晴,南西,3,3,1,2,3473,石 川 真 二,29,32,7.06,1,0.10,1.51.2,2-4-1,9170,31,2-4,2810,10,1-2-4,990,4,2-4,2290,7,,,,,,,
20250630,徳山,12,ドリーム戦,晴,南西,3,3,2,4,3612,馬 袋 義 則,65,37,7.08,4,0.11,1.54.2,2-4-1,9170,31,2-4,2810,10,1-2-4,990,4,2-4,2290,7,,,,,,,
20250630,徳山,12,ドリーム戦,晴,南西,3,3,3,1,4361,柳 生 泰 二,42,57,7.04,2,0.12,1.54.9,2-4-1,9170,31,2-4,2810,10,1-2-4,990,4,2-4,2290,7,,,,,,,
20250630,徳山,12,ドリーム戦,晴,南西,3,3,4,3,4264,長 尾 章 平,70,30,7.05,3,0.15,1.56.0,2-4-1,9170,31,2-4,2810,10,1-2-4,990,4,2-4,2290,7,,,,,,,
20250630,徳山,12,ドリーム戦,晴,南西,3,3,5,6,4771,下 寺 秀 和,33,36,7.00,6,0.08,,2-4-1,9170,31,2-4,2810,10,1-2-4,990,4,2-4,2290,7,,,,,,,
20250630,徳山,12,ドリーム戦,晴,南西,3,3,6,5,3837,秋 山 広 一,55,61,7.06,5,0.15,,2-4-1,9170,31,2-4,2810,10,1-2-4,990,4,2-4,2290,7,,,,,,,
20250630,桐生,1,一般,晴,東,3,2,1,2,4346,前 田 健太郎,36,67,6.90,2,0.24,1.51.8,2-1-4,11470,56,2-1,1050,3,1-2-4,2150,12,1-2,610,2,,,,,,,
20250630,桐生,1,一般,晴,東,3,2,2,1,3790,佐 口 達 也,62,14,6.91,1,0.29,1.53.0,2-1-4,11470,56,2-1,1050,3,1-2-4,2150,12,1-2,610,2,,,,,,,
20250630,桐生,1,一般,晴,東,3,2,3,4,5175,島 崎 丈一朗,33,23,6.84,4,0.19,1.54.1,2-1-4,11470,56,2-1,1050,3,1-2-4,2150,12,1-2,610,2,,,,,,,
20250630,桐生,1,一般,晴,東,3,2,4,6,4934,佐々木 翔 斗,49,45,6.80,6,0.17,1.54.9,2-1-4,11470,56,2-1,1050,3,1-2-4,2150,12,1-2,610,2,,,,,,,
20250630,桐生,1,一般,晴,東,3,2,5,5,4644,山 田 亮 太,51,24,6.91,5,0.16,1.55.3,2-1-4,11470,56,2-1,1050,3,1-2-4,2150,12,1-2,610,2,,,,,,,
20250630,桐生,1,一般,晴,東,3,2,6,3,3934,鋤 柄 貴 俊,73,75,6.76,3,0.18,1.59.5,2-1-4,11470,56,2-1,1050,3,1-2-4,2150,12,1-2,610,2,,,,,,,
20250630,桐生,2,一般,晴,北東,2,1,1,1,5006,久保原 秀 人,32,27,6.78,1,0.08,1.51.3,1-6-2,3100,14,1-6,920,4,1-2-6,550,4,1-6,460,2,,,,,,,
20250630,桐生,2,一般,晴,北東,2,1,2,6,4296,岡 崎 恭 裕,14,39,6.85,5,0.14,1.52.7,1-6-2,3100,14,1-6,920,4,1-2-6,550,4,1-6,460,2,,,,,,,
20250630,桐生,2,一般,晴,北東,2,1,3,2,5095,小 原 聡 将,71,16,6.82,2,0.11,1.53.0,1-6-2,3100,14,1-6,920,4,1-2-6,550,4,1-6,460,2,,,,,,,
20250630,桐生,2,一般,晴,北東,2,1,4,4,5016,宮 田 龍 馬,50,50,6.75,4,0.10,1.54.6,1-6-2,3100,14,1-6,920,4,1-2-6,550,4,1-6,460,2,,,,,,,
20250630,桐生,2,一般,晴,北東,2,1,5,3,4253,西 川 真 人,65,33,6.89,3,0.12,1.56.0,1-6-2,3100,14,1-6,920,4,1-2-6,550,4,1-6,460,2,,,,,,,
20250630,桐生,2,一般,晴,北東,2,1,6,5,4380,鈴 木 峻 佑,29,32,6.91,6,0.18,1.57.7,1-6-2,3100,14,1-6,920,4,1-2-6,550,4,1-6,460,2,,,,,,,
20250630,桐生,3,一般,晴,東,3,2,1,5,4448,青 木 玄 太,34,26,6.77,5,0.19,1.50.6,5-1-6,6150,29,5-1,1370,7,1-5-6,2280,11,1-5,660,3,,,,,,,
20250630,桐生,3,一般,晴,東,3,2,2,1,4440,萩 原 知 哉,66,60,6.80,1,0.19,1.52.0,5-1-6,6150,29,5-1,1370,7,1-5-6,2280,11,1-5,660,3,,,,,,,
20250630,桐生,3,一般,晴,東,3,2,3,6,4723,寺 島 吉 彦,20,49,6.78,6,0.27,1.53.9,5-1-6,6150,29,5-1,1370,7,1-5-6,2280,11,1-5,660,3,,,,,,,
20250630,桐生,3,一般,晴,東,3,2,4,4,4122,安 東 幸 治,27,35,6.79,4,0.23,1.55.0,5-1-6,6150,29,5-1,1370,7,1-5-6,2280,11,1-5,660,3,,,,,,,
20250630,桐生,3,一般,晴,東,3,2,5,2,4706,三 浦 洋次朗,45,43,6.88,2,0.26,1.56.9,5-1-6,6150,29,5-1,1370,7,1-5-6,2280,11,1-5,660,3,,,,,,,
20250630,桐生,3,一般,晴,東,3,2,6,3,4327,加 藤 翔,54,38,6.78,3,0.25,1.59.7,5-1-6,6150,29,5-1,1370,7,1-5-6,2280,11,1-5,660,3,,,,,,,
20250630,桐生,4,一般,晴,東,3,2,1,1,4813,宮 内 直 哉,24,66,6.77,1,0.18,1.52.3,1-2-3,2610,5,1-2,650,1,1-2-3,1350,9,1-2,550,4,,,,,,,
20250630,桐生,4,一般,晴,東,3,2,2,2,4404,岸 蔭 亮,61,68,6.86,2,0.12,1.53.4,1-2-3,2610,5,1-2,650,1,1-2-3,1350,9,1-2,550,4,,,,,,,
20250630,桐生,4,一般,晴,東,3,2,3,3,4918,川 島 拓 郎,26,40,6.87,3,0.13,1.54.3,1-2-3,2610,5,1-2,650,1,1-2-3,1350,9,1-2,550,4,,,,,,,
20250630,桐生,4,一般,晴,東,3,2,4,6,3772,一 柳 和 孝,13,20,6.82,6,0.20,1.54.7,1-2-3,2610,5,1-2,650,1,1-2-3,1350,9,1-2,550,4,,,,,,,
20250630,桐生,4,一般,晴,東,3,2,5,5,4329,小 松 卓 司,59,42,6.74,5,0.21,1.55.5,1-2-3,2610,5,1-2,650,1,1-2-3,1350,9,1-2,550,4,,,,,,,
20250630,桐生,4,一般,晴,東,3,2,6,4,3572,安 田 政 彦,41,74,6.81,4,0.22,1.57.4,1-2-3,2610,5,1-2,650,1,1-2-3,1350,9,1-2,550,4,,,,,,,
20250630,桐生,5,一般,晴,東,3,2,1,2,3475,橋 本 久 和,30,25,6.82,2,0.16,1.50.1,2-3-6,4850,20,2-3,830,2,2-3-6,1850,8,2-3,570,2,,,,,,,
20250630,桐生,5,一般,晴,東,3,2,2,3,4793,金 子 萌,56,52,6.87,3,0.14,1.51.6,2-3-6,4850,20,2-3,830,2,2-3-6,1850,8,2-3,570,2,,,,,,,
20250630,桐生,5,一般,晴,東,3,2,3,6,3294,野 中 義 生,55,71,6.90,6,0.08,1.52.8,2-3-6,4850,20,2-3,830,2,2-3-6,1850,8,2-3,570,2,,,,,,,
20250630,桐生,5,一般,晴,東,3,2,4,5,3934,鋤 柄 貴 俊,73,75,6.94,5,0.09,1.54.8,2-3-6,4850,20,2-3,830,2,2-3-6,1850,8,2-3,570,2,,,,,,,
20250630,桐生,5,一般,晴,東,3,2,5,4,4067,永 井 源,23,37,6.88,4,0.07,1.56.2,2-3-6,4850,20,2-3,830,2,2-3-6,1850,8,2-3,570,2,,,,,,,
20250630,桐生,5,一般,晴,東,3,2,6,1,5077,滝 沢 崚,39,19,6.80,1,0.24,2.00.4,2-3-6,4850,20,2-3,830,2,2-3-6,1850,8,2-3,570,2,,,,,,,
20250630,桐生,6,ドラドキ目玉,晴,東,4,3,1,1,5161,登 玉 隼 百,12,22,6.81,1,0.17,1.51.1,1-3-2,1160,3,1-3,310,1,1-2-3,510,2,1-3,270,1,,,,,,,
20250630,桐生,6,ドラドキ目玉,晴,東,4,3,2,3,3790,佐 口 達 也,62,14,6.86,2,0.19,1.52.5,1-3-2,1160,3,1-3,310,1,1-2-3,510,2,1-3,270,1,,,,,,,
20250630,桐生,6,ドラドキ目玉,晴,東,4,3,3,2,5110,杉 山 喜 一,67,65,6.91,3,0.22,1.54.4,1-3-2,1160,3,1-3,310,1,1-2-3,510,2,1-3,270,1,,,,,,,
20250630,桐生,6,ドラドキ目玉,晴,東,4,3,4,5,5303,土 井 歩 夢,28,62,6.88,5,0.20,1.56.0,1-3-2,1160,3,1-3,310,1,1-2-3,510,2,1-3,270,1,,,,,,,
20250630,桐生,6,ドラドキ目玉,晴,東,4,3,5,6,4380,鈴 木 峻 佑,29,32,6.82,6,0.28,1.57.2,1-3-2,1160,3,1-3,310,1,1-2-3,510,2,1-3,270,1,,,,,,,
20250630,桐生,6,ドラドキ目玉,晴,東,4,3,6,4,4252,松 下 哲 也,69,63,6.89,4,0.25,2.02.1,1-3-2,1160,3,1-3,310,1,1-2-3,510,2,1-3,270,1,,,,,,,
20250630,桐生,7,ドラドキ３,晴,東,3,2,1,2,5175,島 崎 丈一朗,33,23,6.79,2,0.14,1.50.6,2-6-1,148060,94,2-6,18380,26,1-2-6,2740,7,2-6,4360,11,,,,,,,
20250630,桐生,7,ドラドキ３,晴,東,3,2,2,6,5341,山 道 諄 也,74,17,6.81,6,0.02,1.52.8,2-6-1,148060,94,2-6,18380,26,1-2-6,2740,7,2-6,4360,11,,,,,,,
20250630,桐生,7,ドラドキ３,晴,東,3,2,3,1,4298,宮 下 元 胤,53,51,6.72,1,0.15,1.55.1,2-6-1,148060,94,2-6,18380,26,1-2-6,2740,7,2-6,4360,11,,,,,,,
20250630,桐生,7,ドラドキ３,晴,東,3,2,4,3,4706,三 浦 洋次朗,45,43,6.86,3,0.13,1.55.4,2-6-1,148060,94,2-6,18380,26,1-2-6,2740,7,2-6,4360,11,,,,,,,
20250630,桐生,7,ドラドキ３,晴,東,3,2,5,4,4253,西 川 真 人,65,33,6.82,4,0.09,1.57.1,2-6-1,148060,94,2-6,18380,26,1-2-6,2740,7,2-6,4360,11,,,,,,,
20250630,桐生,7,ドラドキ３,晴,東,3,2,6,5,4327,加 藤 翔,54,38,6.78,5,0.08,1.57.7,2-6-1,148060,94,2-6,18380,26,1-2-6,2740,7,2-6,4360,11,,,,,,,
20250630,桐生,8,ドラドキ５,晴,東,3,2,1,1,4644,山 田 亮 太,51,24,6.82,1,0.17,1.50.8,1-4-2,3130,13,1-4,1190,5,1-2-4,1130,6,1-4,790,4,,,,,,,
20250630,桐生,8,ドラドキ５,晴,東,3,2,2,4,4440,萩 原 知 哉,66,60,6.73,4,0.06,1.52.2,1-4-2,3130,13,1-4,1190,5,1-2-4,1130,6,1-4,790,4,,,,,,,
20250630,桐生,8,ドラドキ５,晴,東,3,2,3,2,4329,小 松 卓 司,59,42,6.75,2,0.13,1.53.9,1-4-2,3130,13,1-4,1190,5,1-2-4,1130,6,1-4,790,4,,,,,,,
20250630,桐生,8,ドラドキ５,晴,東,3,2,4,5,4122,安 東 幸 治,27,35,6.80,5,0.05,1.54.9,1-4-2,3130,13,1-4,1190,5,1-2-4,1130,6,1-4,790,4,,,,,,,
20250630,桐生,8,ドラドキ５,晴,東,3,2,5,3,3572,安 田 政 彦,41,74,6.72,3,0.11,1.57.3,1-4-2,3130,13,1-4,1190,5,1-2-4,1130,6,1-4,790,4,,,,,,,
20250630,桐生,8,ドラドキ５,晴,東,3,2,6,6,5377,鳥居塚 嶺 王,47,36,6.77,6,0.04,1.57.9,1-4-2,3130,13,1-4,1190,5,1-2-4,1130,6,1-4,790,4,,,,,,,
20250630,桐生,9,ＤＫ特選,晴,東,2,1,1,3,4346,前 田 健太郎,36,67,6.92,3,0.15,1.51.3,3-2-6,4400,17,3-2,1560,6,2-3-6,960,6,2-3,570,3,,,,,,,
20250630,桐生,9,ＤＫ特選,晴,東,2,1,2,2,4296,岡 崎 恭 裕,14,39,6.80,2,0.13,1.52.8,3-2-6,4400,17,3-2,1560,6,2-3-6,960,6,2-3,570,3,,,,,,,
20250630,桐生,9,ＤＫ特選,晴,東,2,1,3,6,4067,永 井 源,23,37,6.75,6,0.14,1.53.5,3-2-6,4400,17,3-2,1560,6,2-3-6,960,6,2-3,570,3,,,,,,,
20250630,桐生,9,ＤＫ特選,晴,東,2,1,4,4,4934,佐々木 翔 斗,49,45,6.83,4,0.14,1.54.0,3-2-6,4400,17,3-2,1560,6,2-3-6,960,6,2-3,570,3,,,,,,,
20250630,桐生,9,ＤＫ特選,晴,東,2,1,5,5,4813,宮 内 直 哉,24,66,6.90,5,0.14,1.55.4,3-2-6,4400,17,3-2,1560,6,2-3-6,960,6,2-3,570,3,,,,,,,
20250630,桐生,9,ＤＫ特選,晴,東,2,1,6,1,4918,川 島 拓 郎,26,40,6.79,1,0.15,1.55.4,3-2-6,4400,17,3-2,1560,6,2-3-6,960,6,2-3,570,3,,,,,,,
20250630,桐生,10,選抜戦,曇り,東,3,2,1,2,4448,青 木 玄 太,34,26,6.69,2,0.11,1.50.3,2-1-4,1920,5,2-1,610,2,1-2-4,550,2,1-2,260,1,,,,,,,
20250630,桐生,10,選抜戦,曇り,東,3,2,2,1,3294,野 中 義 生,55,71,6.78,1,0.18,1.51.8,2-1-4,1920,5,2-1,610,2,1-2-4,550,2,1-2,260,1,,,,,,,
20250630,桐生,10,選抜戦,曇り,東,3,2,3,4,4793,金 子 萌,56,52,6.73,4,0.07,1.53.2,2-1-4,1920,5,2-1,610,2,1-2-4,550,2,1-2,260,1,,,,,,,
20250630,桐生,10,選抜戦,曇り,東,3,2,4,5,5095,小 原 聡 将,71,16,6.79,5,0.06,1.54.0,2-1-4,1920,5,2-1,610,2,1-2-4,550,2,1-2,260,1,,,,,,,
20250630,桐生,10,選抜戦,曇り,東,3,2,5,3,5016,宮 田 龍 馬,50,50,6.71,3,0.10,1.54.9,2-1-4,1920,5,2-1,610,2,1-2-4,550,2,1-2,260,1,,,,,,,
20250630,桐生,10,選抜戦,曇り,東,3,2,6,6,5161,登 玉 隼 百,12,22,6.76,6,0.04,1.57.3,2-1-4,1920,5,2-1,610,2,1-2-4,550,2,1-2,260,1,,,,,,,
20250630,桐生,11,選抜戦,曇り,北東,1,1,1,3,3475,橋 本 久 和,30,25,6.86,3,0.14,1.50.2,3-1-6,3080,7,3-1,760,2,1-3-6,420,1,1-3,240,1,,,,,,,
20250630,桐生,11,選抜戦,曇り,北東,1,1,2,1,5303,土 井 歩 夢,28,62,6.82,1,0.16,1.52.2,3-1-6,3080,7,3-1,760,2,1-3-6,420,1,1-3,240,1,,,,,,,
20250630,桐生,11,選抜戦,曇り,北東,1,1,3,6,4298,宮 下 元 胤,53,51,6.78,6,0.22,1.54.0,3-1-6,3080,7,3-1,760,2,1-3-6,420,1,1-3,240,1,,,,,,,
20250630,桐生,11,選抜戦,曇り,北東,1,1,4,4,4404,岸 蔭 亮,61,68,6.82,4,0.15,1.55.5,3-1-6,3080,7,3-1,760,2,1-3-6,420,1,1-3,240,1,,,,,,,
20250630,桐生,11,選抜戦,曇り,北東,1,1,5,2,4252,松 下 哲 也,69,63,6.83,2,0.16,1.56.6,3-1-6,3080,7,3-1,760,2,1-3-6,420,1,1-3,240,1,,,,,,,
20250630,桐生,11,選抜戦,曇り,北東,1,1,6,5,5006,久保原 秀 人,32,27,6.77,5,0.15,1.57.3,3-1-6,3080,7,3-1,760,2,1-3-6,420,1,1-3,240,1,,,,,,,
20250630,桐生,12,優勝戦,曇り,北,1,1,1,5,4535,北 山 康 介,46,21,6.85,5,0.11,1.50.1,5-3-2,15290,47,5-3,4290,15,2-3-5,1380,6,3-5,2160,8,,,,,,,
20250630,桐生,12,優勝戦,曇り,北,1,1,2,3,4384,鶴 本 崇 文,19,29,6.80,3,0.17,1.51.9,5-3-2,15290,47,5-3,4290,15,2-3-5,1380,6,3-5,2160,8,,,,,,,
20250630,桐生,12,優勝戦,曇り,北,1,1,3,2,4401,小 林 泰,57,54,6.80,2,0.18,1.53.6,5-3-2,15290,47,5-3,4290,15,2-3-5,1380,6,3-5,2160,8,,,,,,,
20250630,桐生,12,優勝戦,曇り,北,1,1,4,6,4076,杉 田 篤 光,16,57,6.74,6,0.19,1.55.0,5-3-2,15290,47,5-3,4290,15,2-3-5,1380,6,3-5,2160,8,,,,,,,
20250630,桐生,12,優勝戦,曇り,北,1,1,5,4,3687,花 田 和 明,52,61,6.75,4,0.19,1.56.4,5-3-2,15290,47,5-3,4290,15,2-3-5,1380,6,3-5,2160,8,,,,,,,
20250630,桐生,12,優勝戦,曇り,北,1,1,6,1,5216,長谷川 晴 哉,58,18,6.76,1,0.13,1.57.3,5-3-2,15290,47,5-3,4290,15,2-3-5,1380,6,3-5,2160,8,,,,,,,
20250630,津,1,ツッキーレー,晴,東,3,2,1,1,4177,萬 正 嗣,22,30,6.91,1,0.17,1.52.2,1-2-6,1450,6,1-2,290,1,1-2-6,750,4,1-2,300,2,,,,,,,
20250630,津,1,ツッキーレー,晴,東,3,2,2,2,3361,岡 部 浩,65,21,6.88,2,0.13,1.52.8,1-2-6,1450,6,1-2,290,1,1-2-6,750,4,1-2,300,2,,,,,,,
20250630,津,1,ツッキーレー,晴,東,3,2,3,6,4574,東 潤 樹,48,76,6.92,5,0.12,1.53.7,1-2-6,1450,6,1-2,290,1,1-2-6,750,4,1-2,300,2,,,,,,,
20250630,津,1,ツッキーレー,晴,東,3,2,4,4,4116,川 田 正 人,20,61,6.95,4,0.15,1.54.9,1-2-6,1450,6,1-2,290,1,1-2-6,750,4,1-2,300,2,,,,,,,
20250630,津,1,ツッキーレー,晴,東,3,2,5,3,5007,近 藤 雄一郎,14,19,6.99,3,0.12,,1-2-6,1450,6,1-2,290,1,1-2-6,750,4,1-2,300,2,,,,,,,
20250630,津,1,ツッキーレー,晴,東,3,2,6,5,5366,塩 嶋 泰 空,34,68,6.90,6,0.16,,1-2-6,1450,6,1-2,290,1,1-2-6,750,4,1-2,300,2,,,,,,,
20250630,津,2,一般,晴,東,3,2,1,2,4890,石 川 諒,58,58,6.88,2,0.10,1.51.9,2-3-1,2450,8,2-3,2020,6,1-2-3,250,1,2-3,580,3,,,,,,,
20250630,津,2,一般,晴,東,3,2,2,3,4899,占 部 一 真,54,14,6.93,3,0.18,1.52.7,2-3-1,2450,8,2-3,2020,6,1-2-3,250,1,2-3,580,3,,,,,,,
20250630,津,2,一般,晴,東,3,2,3,1,3105,内 山 文 典,53,60,6.92,1,0.14,1.54.2,2-3-1,2450,8,2-3,2020,6,1-2-3,250,1,2-3,580,3,,,,,,,
20250630,津,2,一般,晴,東,3,2,4,4,4010,越 智 照 浩,27,18,6.89,4,0.35,1.55.5,2-3-1,2450,8,2-3,2020,6,1-2-3,250,1,2-3,580,3,,,,,,,
20250630,津,2,一般,晴,東,3,2,5,5,3855,大 熊 辰 弥,31,55,6.87,5,0.30,,2-3-1,2450,8,2-3,2020,6,1-2-3,250,1,2-3,580,3,,,,,,,
20250630,津,2,一般,晴,東,3,2,6,6,5354,渡 邊 雄 斗,67,53,6.88,6,0.20,,2-3-1,2450,8,2-3,2020,6,1-2-3,250,1,2-3,580,3,,,,,,,
20250630,津,3,一般,晴,東,3,2,1,2,5066,鈴 木 孝 明,38,23,6.85,2,0.05,1.50.4,2-1-3,2100,6,2-1,870,4,1-2-3,320,1,1-2,320,2,,,,,,,
20250630,津,3,一般,晴,東,3,2,2,1,5063,大 塚 雅 治,45,32,6.90,1,0.02,1.52.4,2-1-3,2100,6,2-1,870,4,1-2-3,320,1,1-2,320,2,,,,,,,
20250630,津,3,一般,晴,東,3,2,3,3,3915,繁野谷 圭 介,39,37,6.86,3,0.08,1.53.6,2-1-3,2100,6,2-1,870,4,1-2-3,320,1,1-2,320,2,,,,,,,
20250630,津,3,一般,晴,東,3,2,4,4,4735,角 山 雄 哉,41,74,6.90,4,0.20,1.53.9,2-1-3,2100,6,2-1,870,4,1-2-3,320,1,1-2,320,2,,,,,,,
20250630,津,3,一般,晴,東,3,2,5,6,5143,常 盤 海 心,46,72,6.87,6,0.29,,2-1-3,2100,6,2-1,870,4,1-2-3,320,1,1-2,320,2,,,,,,,
20250630,津,3,一般,晴,東,3,2,6,5,3340,池 田 雷 太,59,66,6.92,5,0.23,,2-1-3,2100,6,2-1,870,4,1-2-3,320,1,1-2,320,2,,,,,,,
20250630,津,4,一般,晴,東,3,2,1,1,4376,藤 田 靖 弘,60,17,6.86,1,0.12,1.51.4,1-5-2,1190,5,1-5,510,3,1-2-5,340,3,1-5,490,3,,,,,,,
20250630,津,4,一般,晴,東,3,2,2,5,4438,森 作 雄 大,32,48,6.89,5,0.15,1.52.7,1-5-2,1190,5,1-5,510,3,1-2-5,340,3,1-5,490,3,,,,,,,
20250630,津,4,一般,晴,東,3,2,3,2,4416,三 宅 健 太,49,27,6.91,2,0.19,1.54.7,1-5-2,1190,5,1-5,510,3,1-2-5,340,3,1-5,490,3,,,,,,,
20250630,津,4,一般,晴,東,3,2,4,3,4145,小 澤 学,40,51,6.88,3,0.22,1.55.8,1-5-2,1190,5,1-5,510,3,1-2-5,340,3,1-5,490,3,,,,,,,
20250630,津,4,一般,晴,東,3,2,5,4,3745,橋 本 年 光,33,22,6.92,4,0.19,,1-5-2,1190,5,1-5,510,3,1-2-5,340,3,1-5,490,3,,,,,,,
20250630,津,4,一般,晴,東,3,2,6,6,5378,鈴 木 結平太,57,52,6.97,6,0.21,,1-5-2,1190,5,1-5,510,3,1-2-5,340,3,1-5,490,3,,,,,,,
20250630,津,5,５ールドレー,晴,東,3,2,1,1,3350,藤 本 佳 史,23,20,6.84,1,0.01,1.52.5,1-4-5,850,3,1-4,270,2,1-4-5,430,2,1-4,160,1,,,,,,,
20250630,津,5,５ールドレー,晴,東,3,2,2,4,5249,三 木 晴 斗,17,16,6.83,4,0.06,1.54.2,1-4-5,850,3,1-4,270,2,1-4-5,430,2,1-4,160,1,,,,,,,
20250630,津,5,５ールドレー,晴,東,3,2,3,5,5007,近 藤 雄一郎,14,19,6.93,5,0.08,1.55.0,1-4-5,850,3,1-4,270,2,1-4-5,430,2,1-4,160,1,,,,,,,
20250630,津,5,５ールドレー,晴,東,3,2,4,3,4527,高 野 心 吾,71,15,6.84,3,0.07,1.56.0,1-4-5,850,3,1-4,270,2,1-4-5,430,2,1-4,160,1,,,,,,,
20250630,津,5,５ールドレー,晴,東,3,2,5,6,5366,塩 嶋 泰 空,34,68,6.94,6,0.10,,1-4-5,850,3,1-4,270,2,1-4-5,430,2,1-4,160,1,,,,,,,
20250630,津,5,５ールドレー,晴,東,3,2,F,2,3921,川 村 正 輝,44,75,6.86,2,F0.01,,1-4-5,850,3,1-4,270,2,1-4-5,430,2,1-4,160,1,,,,,,,
20250630,津,6,一般,晴,東,3,2,1,1,4910,中 村 泰 平,74,26,6.82,1,0.11,1.50.8,1-3-5,860,1,1-3,380,1,1-3-5,330,1,1-3,360,2,,,,,,,
20250630,津,6,一般,晴,東,3,2,2,3,4175,川 尻 泰 輔,61,28,6.92,3,0.14,1.52.4,1-3-5,860,1,1-3,380,1,1-3-5,330,1,1-3,360,2,,,,,,,
20250630,津,6,一般,晴,東,3,2,3,5,4650,中 山 雄 太,13,41,6.84,5,0.12,1.53.2,1-3-5,860,1,1-3,380,1,1-3-5,330,1,1-3,360,2,,,,,,,
20250630,津,6,一般,晴,東,3,2,4,2,4693,松 下 誉 士,15,31,6.86,2,0.16,1.55.4,1-3-5,860,1,1-3,380,1,1-3-5,330,1,1-3,360,2,,,,,,,
20250630,津,6,一般,晴,東,3,2,5,4,4574,東 潤 樹,48,76,6.92,4,0.17,,1-3-5,860,1,1-3,380,1,1-3-5,330,1,1-3,360,2,,,,,,,
20250630,津,6,一般,晴,東,3,2,6,6,4890,石 川 諒,58,58,6.90,6,0.19,,1-3-5,860,1,1-3,380,1,1-3-5,330,1,1-3,360,2,,,,,,,
20250630,津,7,一般,晴,東,3,2,1,5,3740,大 澤 普 司,50,45,6.92,5,0.14,1.51.2,5-1-6,2100,6,5-1,910,3,1-5-6,490,2,1-5,320,1,,,,,,,
20250630,津,7,一般,晴,東,3,2,2,1,3842,星 野 太 郎,70,24,6.92,1,0.21,1.52.5,5-1-6,2100,6,5-1,910,3,1-5-6,490,2,1-5,320,1,,,,,,,
20250630,津,7,一般,晴,東,3,2,3,6,5066,鈴 木 孝 明,38,23,6.88,6,0.19,1.54.4,5-1-6,2100,6,5-1,910,3,1-5-6,490,2,1-5,320,1,,,,,,,
20250630,津,7,一般,晴,東,3,2,4,4,3361,岡 部 浩,65,21,6.88,4,0.17,1.55.8,5-1-6,2100,6,5-1,910,3,1-5-6,490,2,1-5,320,1,,,,,,,
20250630,津,7,一般,晴,東,3,2,5,2,3855,大 熊 辰 弥,31,55,6.90,2,0.25,,5-1-6,2100,6,5-1,910,3,1-5-6,490,2,1-5,320,1,,,,,,,
20250630,津,7,一般,晴,東,3,2,6,3,3340,池 田 雷 太,59,66,6.95,3,0.21,,5-1-6,2100,6,5-1,910,3,1-5-6,490,2,1-5,320,1,,,,,,,
20250630,津,8,一般,晴,東,3,2,1,1,4437,中 田 元 泰,25,25,6.93,1,0.15,1.51.9,1-5-3,5850,18,1-5,3050,6,1-3-5,860,4,1-5,940,5,,,,,,,
20250630,津,8,一般,晴,東,3,2,2,5,4010,越 智 照 浩,27,18,6.92,5,0.25,1.53.8,1-5-3,5850,18,1-5,3050,6,1-3-5,860,4,1-5,940,5,,,,,,,
20250630,津,8,一般,晴,東,3,2,3,3,4116,川 田 正 人,20,61,6.94,3,0.22,1.54.8,1-5-3,5850,18,1-5,3050,6,1-3-5,860,4,1-5,940,5,,,,,,,
20250630,津,8,一般,晴,東,3,2,4,6,3848,川 上 聡 介,11,36,6.98,6,0.19,1.55.5,1-5-3,5850,18,1-5,3050,6,1-3-5,860,4,1-5,940,5,,,,,,,
20250630,津,8,一般,晴,東,3,2,5,4,4899,占 部 一 真,54,14,6.98,4,0.29,,1-5-3,5850,18,1-5,3050,6,1-3-5,860,4,1-5,940,5,,,,,,,
20250630,津,8,一般,晴,東,3,2,6,2,4145,小 澤 学,40,51,6.89,2,0.28,,1-5-3,5850,18,1-5,3050,6,1-3-5,860,4,1-5,940,5,,,,,,,
20250630,津,9,一般特選,晴,東,3,2,1,1,3745,橋 本 年 光,33,22,6.88,1,0.14,1.51.8,1-5-2,3990,11,1-5,1560,5,1-2-5,1020,7,1-5,1320,5,,,,,,,
20250630,津,9,一般特選,晴,東,3,2,2,5,3105,内 山 文 典,53,60,6.97,5,0.10,1.53.9,1-5-2,3990,11,1-5,1560,5,1-2-5,1020,7,1-5,1320,5,,,,,,,
20250630,津,9,一般特選,晴,東,3,2,3,2,4177,萬 正 嗣,22,30,6.94,2,0.19,1.55.3,1-5-2,3990,11,1-5,1560,5,1-2-5,1020,7,1-5,1320,5,,,,,,,
20250630,津,9,一般特選,晴,東,3,2,4,3,4416,三 宅 健 太,49,27,6.95,3,0.19,1.56.3,1-5-2,3990,11,1-5,1560,5,1-2-5,1020,7,1-5,1320,5,,,,,,,
20250630,津,9,一般特選,晴,東,3,2,5,6,4735,角 山 雄 哉,41,74,6.86,6,0.09,,1-5-2,3990,11,1-5,1560,5,1-2-5,1020,7,1-5,1320,5,,,,,,,
20250630,津,9,一般特選,晴,東,3,2,6,4,3921,川 村 正 輝,44,75,7.03,4,0.27,,1-5-2,3990,11,1-5,1560,5,1-2-5,1020,7,1-5,1320,5,,,,,,,
20250630,津,10,選抜戦,晴,東,3,2,1,3,4910,中 村 泰 平,74,26,6.79,3,0.15,1.50.8,3-1-2,4140,15,3-1,1370,6,1-2-3,340,1,1-3,330,2,,,,,,,
20250630,津,10,選抜戦,晴,東,3,2,2,1,5143,常 盤 海 心,46,72,6.81,1,0.19,1.52.2,3-1-2,4140,15,3-1,1370,6,1-2-3,340,1,1-3,330,2,,,,,,,
20250630,津,10,選抜戦,晴,東,3,2,3,2,4650,中 山 雄 太,13,41,6.83,2,0.15,1.54.5,3-1-2,4140,15,3-1,1370,6,1-2-3,340,1,1-3,330,2,,,,,,,
20250630,津,10,選抜戦,晴,東,3,2,4,4,3915,繁野谷 圭 介,39,37,6.82,4,0.13,1.54.9,3-1-2,4140,15,3-1,1370,6,1-2-3,340,1,1-3,330,2,,,,,,,
20250630,津,10,選抜戦,晴,東,3,2,5,6,3350,藤 本 佳 史,23,20,6.86,6,0.13,,3-1-2,4140,15,3-1,1370,6,1-2-3,340,1,1-3,330,2,,,,,,,
20250630,津,10,選抜戦,晴,東,3,2,6,5,3842,星 野 太 郎,70,24,6.89,5,0.14,,3-1-2,4140,15,3-1,1370,6,1-2-3,340,1,1-3,330,2,,,,,,,
20250630,津,11,選抜戦,晴,東,3,2,1,3,3740,大 澤 普 司,50,45,6.88,3,0.07,1.51.0,3-4-5,9490,26,3-4,3950,11,3-4-5,3130,10,3-4,3330,10,,,,,,,
20250630,津,11,選抜戦,晴,東,3,2,2,4,4175,川 尻 泰 輔,61,28,6.93,4,0.11,1.52.1,3-4-5,9490,26,3-4,3950,11,3-4-5,3130,10,3-4,3330,10,,,,,,,
20250630,津,11,選抜戦,晴,東,3,2,3,5,4437,中 田 元 泰,25,25,6.92,5,0.17,1.53.8,3-4-5,9490,26,3-4,3950,11,3-4-5,3130,10,3-4,3330,10,,,,,,,
20250630,津,11,選抜戦,晴,東,3,2,4,2,4376,藤 田 靖 弘,60,17,6.86,2,0.13,1.54.2,3-4-5,9490,26,3-4,3950,11,3-4-5,3130,10,3-4,3330,10,,,,,,,
20250630,津,11,選抜戦,晴,東,3,2,5,6,5063,大 塚 雅 治,45,32,6.91,6,0.20,,3-4-5,9490,26,3-4,3950,11,3-4-5,3130,10,3-4,3330,10,,,,,,,
20250630,津,11,選抜戦,晴,東,3,2,6,1,4438,森 作 雄 大,32,48,6.83,1,0.10,,3-4-5,9490,26,3-4,3950,11,3-4-5,3130,10,3-4,3330,10,,,,,,,
20250630,津,12,優勝戦,晴,東,3,2,1,1,5043,中 村 日 向,21,50,6.77,1,0.11,1.50.6,1-3-2,860,2,1-3,300,1,1-2-3,310,1,1-3,280,2,,,,,,,
20250630,津,12,優勝戦,晴,東,3,2,2,3,4907,小 池 修 平,64,33,6.81,3,0.13,1.52.3,1-3-2,860,2,1-3,300,1,1-2-3,310,1,1-3,280,2,,,,,,,
20250630,津,12,優勝戦,晴,東,3,2,3,2,4579,中 嶋 健一郎,18,57,6.93,2,0.24,1.53.5,1-3-2,860,2,1-3,300,1,1-2-3,310,1,1-3,280,2,,,,,,,
20250630,津,12,優勝戦,晴,東,3,2,4,4,4121,富 永 修 一,63,35,6.85,4,0.19,1.54.4,1-3-2,860,2,1-3,300,1,1-2-3,310,1,1-3,280,2,,,,,,,
20250630,津,12,優勝戦,晴,東,3,2,5,5,4230,濱 崎 直 矢,36,46,6.84,5,0.11,,1-3-2,860,2,1-3,300,1,1-2-3,310,1,1-3,280,2,,,,,,,
20250630,津,12,優勝戦,晴,東,3,2,6,6,4682,大 上 卓 人,12,71,6.76,6,0.11,,1-3-2,860,2,1-3,300,1,1-2-3,310,1,1-3,280,2,,,,,,,
20250630,浜名湖,1,予選,晴,南,4,2,1,3,4039,村 上 功 祐,30,35,6.67,3,0.17,1.51.4,3-1-4,1310,5,3-1,430,2,1-3-4,260,2,1-3,190,1,,,,,,,
20250630,浜名湖,1,予選,晴,南,4,2,2,1,4988,牟 田 奨 太,55,66,6.69,1,0.20,1.53.6,3-1-4,1310,5,3-1,430,2,1-3-4,260,2,1-3,190,1,,,,,,,
20250630,浜名湖,1,予選,晴,南,4,2,3,4,5100,栗 原 一 馬,25,44,6.72,4,0.40,1.54.7,3-1-4,1310,5,3-1,430,2,1-3-4,260,2,1-3,190,1,,,,,,,
20250630,浜名湖,1,予選,晴,南,4,2,4,5,4390,松 本 弓 雄,57,49,6.71,5,0.36,1.56.4,3-1-4,1310,5,3-1,430,2,1-3-4,260,2,1-3,190,1,,,,,,,
20250630,浜名湖,1,予選,晴,南,4,2,5,2,3434,松 尾 宣 邦,29,32,6.74,2,0.21,,3-1-4,1310,5,3-1,430,2,1-3-4,260,2,1-3,190,1,,,,,,,
20250630,浜名湖,1,予選,晴,南,4,2,6,6,5386,米玉利 大 悟,33,74,6.67,6,0.39,,3-1-4,1310,5,3-1,430,2,1-3-4,260,2,1-3,190,1,,,,,,,
20250630,浜名湖,2,予選,晴,南,3,2,1,3,4919,吉 田 翔 悟,22,47,6.66,3,0.10,1.51.0,3-4-2,4540,15,3-4,1150,5,2-3-4,620,1,3-4,370,1,,,,,,,
20250630,浜名湖,2,予選,晴,南,3,2,2,4,4096,石 橋 道 友,52,37,6.72,4,0.17,1.52.7,3-4-2,4540,15,3-4,1150,5,2-3-4,620,1,3-4,370,1,,,,,,,
20250630,浜名湖,2,予選,晴,南,3,2,3,2,3286,坂 東 満,64,41,6.73,2,0.12,1.54.7,3-4-2,4540,15,3-4,1150,5,2-3-4,620,1,3-4,370,1,,,,,,,
20250630,浜名湖,2,予選,晴,南,3,2,4,6,4058,野 末 智 一,61,30,6.65,6,0.22,1.54.9,3-4-2,4540,15,3-4,1150,5,2-3-4,620,1,3-4,370,1,,,,,,,
20250630,浜名湖,2,予選,晴,南,3,2,5,5,4318,桑 原 将 光,18,25,6.69,5,0.19,,3-4-2,4540,15,3-4,1150,5,2-3-4,620,1,3-4,370,1,,,,,,,
20250630,浜名湖,2,予選,晴,南,3,2,6,1,4169,多 田 有 佑,48,61,6.71,1,0.28,,3-4-2,4540,15,3-4,1150,5,2-3-4,620,1,3-4,370,1,,,,,,,
20250630,浜名湖,3,予選,晴,南,3,2,1,4,3614,谷 勝 幸,44,63,6.67,4,0.12,1.52.5,4-2-6,3170,8,4-2,1030,4,2-4-6,520,2,2-4,460,2,,,,,,,
20250630,浜名湖,3,予選,晴,南,3,2,2,2,3904,森 貴 洋,7,45,6.63,2,0.21,1.53.5,4-2-6,3170,8,4-2,1030,4,2-4-6,520,2,2-4,460,2,,,,,,,
20250630,浜名湖,3,予選,晴,南,3,2,3,6,3898,平 田 忠 則,13,59,6.65,6,0.13,1.54.6,4-2-6,3170,8,4-2,1030,4,2-4-6,520,2,2-4,460,2,,,,,,,
20250630,浜名湖,3,予選,晴,南,3,2,4,5,4407,鹿 島 敏 弘,65,65,6.68,5,0.12,1.54.9,4-2-6,3170,8,4-2,1030,4,2-4-6,520,2,2-4,460,2,,,,,,,
20250630,浜名湖,3,予選,晴,南,3,2,5,3,4022,待 鳥 雄 紀,62,54,6.66,3,0.21,,4-2-6,3170,8,4-2,1030,4,2-4-6,520,2,2-4,460,2,,,,,,,
20250630,浜名湖,3,予選,晴,南,3,2,6,1,5300,横 田 海 人,10,50,6.70,1,0.22,,4-2-6,3170,8,4-2,1030,4,2-4-6,520,2,2-4,460,2,,,,,,,
20250630,浜名湖,4,ランチタイム,晴,南,4,2,1,5,5376,吉 田 一 心,36,62,6.63,5,0.13,1.50.8,5-3-1,38350,41,5-3,10110,14,1-3-5,840,2,3-5,4420,8,,,,,,,
20250630,浜名湖,4,ランチタイム,晴,南,4,2,2,3,4811,向井田 佑 紀,17,12,6.69,3,0.12,1.53.2,5-3-1,38350,41,5-3,10110,14,1-3-5,840,2,3-5,4420,8,,,,,,,
20250630,浜名湖,4,ランチタイム,晴,南,4,2,3,1,4342,谷 野 錬 志,45,53,6.60,1,0.19,1.55.0,5-3-1,38350,41,5-3,10110,14,1-3-5,840,2,3-5,4420,8,,,,,,,
20250630,浜名湖,4,ランチタイム,晴,南,4,2,4,6,5319,近 藤 颯 斗,15,29,6.67,6,0.04,1.56.4,5-3-1,38350,41,5-3,10110,14,1-3-5,840,2,3-5,4420,8,,,,,,,
20250630,浜名湖,4,ランチタイム,晴,南,4,2,5,2,4550,石 岡 将 太,50,76,6.71,2,0.18,,5-3-1,38350,41,5-3,10110,14,1-3-5,840,2,3-5,4420,8,,,,,,,
20250630,浜名湖,4,ランチタイム,晴,南,4,2,6,4,5190,大 月 遊 雅,63,23,6.65,4,0.27,,5-3-1,38350,41,5-3,10110,14,1-3-5,840,2,3-5,4420,8,,,,,,,
20250630,浜名湖,5,予選,晴,南,3,2,1,1,4815,伏 島 祐 介,60,55,6.68,1,0.14,1.51.3,1-6-2,2370,9,1-6,710,3,1-2-6,710,3,1-6,530,3,,,,,,,
20250630,浜名湖,5,予選,晴,南,3,2,2,6,4581,吉 村 誠,4,73,6.68,6,0.19,1.52.9,1-6-2,2370,9,1-6,710,3,1-2-6,710,3,1-6,530,3,,,,,,,
20250630,浜名湖,5,予選,晴,南,3,2,3,2,4888,金 児 隆 太,31,68,6.64,2,0.23,1.53.3,1-6-2,2370,9,1-6,710,3,1-2-6,710,3,1-6,530,3,,,,,,,
20250630,浜名湖,5,予選,晴,南,3,2,4,3,4700,金 子 和 之,24,43,6.74,3,0.10,1.54.5,1-6-2,2370,9,1-6,710,3,1-2-6,710,3,1-6,530,3,,,,,,,
20250630,浜名湖,5,予選,晴,南,3,2,5,4,3517,高 橋 勲,51,52,6.73,4,0.27,,1-6-2,2370,9,1-6,710,3,1-2-6,710,3,1-6,530,3,,,,,,,
20250630,浜名湖,5,予選,晴,南,3,2,6,5,5386,米玉利 大 悟,33,74,6.68,5,0.29,,1-6-2,2370,9,1-6,710,3,1-2-6,710,3,1-6,530,3,,,,,,,
20250630,浜名湖,6,予選,晴,南,4,2,1,6,4084,杉 山 正 樹,43,48,6.63,5,0.11,1.51.7,6-4-1,4530,14,6-4,850,3,1-4-6,830,3,4-6,280,1,,,,,,,
20250630,浜名湖,6,予選,晴,南,4,2,2,4,4513,河 野 真 也,26,40,6.61,4,0.18,1.53.1,6-4-1,4530,14,6-4,850,3,1-4-6,830,3,4-6,280,1,,,,,,,
20250630,浜名湖,6,予選,晴,南,4,2,3,1,4097,貫地谷 直 人,9,31,6.67,1,0.25,1.54.7,6-4-1,4530,14,6-4,850,3,1-4-6,830,3,4-6,280,1,,,,,,,
20250630,浜名湖,6,予選,晴,南,4,2,4,5,4521,小 池 公 生,16,33,6.71,6,0.26,1.55.0,6-4-1,4530,14,6-4,850,3,1-4-6,830,3,4-6,280,1,,,,,,,
20250630,浜名湖,6,予選,晴,南,4,2,5,3,4318,桑 原 将 光,18,22,6.67,3,0.23,,6-4-1,4530,14,6-4,850,3,1-4-6,830,3,4-6,280,1,,,,,,,
20250630,浜名湖,6,予選,晴,南,4,2,6,2,4390,松 本 弓 雄,57,49,6.70,2,0.28,,6-4-1,4530,14,6-4,850,3,1-4-6,830,3,4-6,280,1,,,,,,,
20250630,浜名湖,7,予選,晴,南,4,2,1,3,3685,荒 井 輝 年,32,38,6.63,3,0.10,1.51.7,3-2-6,4250,17,3-2,730,3,2-3-6,780,4,2-3,220,1,,,,,,,
20250630,浜名湖,7,予選,晴,南,4,2,2,2,3898,平 田 忠 則,13,59,6.66,2,0.12,1.52.9,3-2-6,4250,17,3-2,730,3,2-3-6,780,4,2-3,220,1,,,,,,,
20250630,浜名湖,7,予選,晴,南,4,2,3,6,4919,吉 田 翔 悟,22,47,6.65,6,0.11,1.53.9,3-2-6,4250,17,3-2,730,3,2-3-6,780,4,2-3,220,1,,,,,,,
20250630,浜名湖,7,予選,晴,南,4,2,4,4,4727,安 部 慎 一,37,46,6.72,4,0.07,1.55.0,3-2-6,4250,17,3-2,730,3,2-3-6,780,4,2-3,220,1,,,,,,,
20250630,浜名湖,7,予選,晴,南,4,2,5,1,5179,藤 本 元 輝,49,13,6.66,1,0.09,,3-2-6,4250,17,3-2,730,3,2-3-6,780,4,2-3,220,1,,,,,,,
20250630,浜名湖,7,予選,晴,南,4,2,6,5,3717,立 間 充 宏,3,27,6.62,5,0.08,,3-2-6,4250,17,3-2,730,3,2-3-6,780,4,2-3,220,1,,,,,,,
20250630,浜名湖,8,ブレイクタイ,晴,南,4,2,1,4,4102,益 田 啓 司,2,34,6.63,4,0.12,1.51.4,4-2-5,3810,14,4-2,1040,4,2-4-5,2620,9,2-4,920,3,,,,,,,
20250630,浜名湖,8,ブレイクタイ,晴,南,4,2,2,2,5319,近 藤 颯 斗,15,29,6.68,2,0.13,1.53.4,4-2-5,3810,14,4-2,1040,4,2-4-5,2620,9,2-4,920,3,,,,,,,
20250630,浜名湖,8,ブレイクタイ,晴,南,4,2,3,5,4169,多 田 有 佑,48,61,6.73,5,0.23,1.54.0,4-2-5,3810,14,4-2,1040,4,2-4-5,2620,9,2-4,920,3,,,,,,,
20250630,浜名湖,8,ブレイクタイ,晴,南,4,2,4,1,3955,眞 田 英 二,11,18,6.71,1,0.17,1.55.8,4-2-5,3810,14,4-2,1040,4,2-4-5,2620,9,2-4,920,3,,,,,,,
20250630,浜名湖,8,ブレイクタイ,晴,南,4,2,5,6,5368,宮 崎 心之介,40,71,6.60,6,0.33,,4-2-5,3810,14,4-2,1040,4,2-4-5,2620,9,2-4,920,3,,,,,,,
20250630,浜名湖,8,ブレイクタイ,晴,南,4,2,6,3,3434,松 尾 宣 邦,29,32,6.74,3,0.17,,4-2-5,3810,14,4-2,1040,4,2-4-5,2620,9,2-4,920,3,,,,,,,
20250630,浜名湖,9,予選特賞,晴,南,3,2,1,3,4096,石 橋 道 友,52,37,6.72,3,0.10,1.50.9,3-2-1,3910,13,3-2,760,3,1-2-3,220,1,2-3,530,3,,,,,,,
20250630,浜名湖,9,予選特賞,晴,南,3,2,2,2,4581,吉 村 誠,4,73,6.69,2,0.13,1.51.7,3-2-1,3910,13,3-2,760,3,1-2-3,220,1,2-3,530,3,,,,,,,
20250630,浜名湖,9,予選特賞,晴,南,3,2,3,1,4052,興 津 藍,35,17,6.70,1,0.15,1.54.3,3-2-1,3910,13,3-2,760,3,1-2-3,220,1,2-3,530,3,,,,,,,
20250630,浜名湖,9,予選特賞,晴,南,3,2,4,5,4550,石 岡 将 太,50,76,6.67,5,0.13,1.55.3,3-2-1,3910,13,3-2,760,3,1-2-3,220,1,2-3,530,3,,,,,,,
20250630,浜名湖,9,予選特賞,晴,南,3,2,5,6,3904,森 貴 洋,7,45,6.68,6,0.21,,3-2-1,3910,13,3-2,760,3,1-2-3,220,1,2-3,530,3,,,,,,,
20250630,浜名湖,9,予選特賞,晴,南,3,2,6,4,4988,牟 田 奨 太,55,66,6.72,4,0.07,,3-2-1,3910,13,3-2,760,3,1-2-3,220,1,2-3,530,3,,,,,,,
20250630,浜名湖,10,予選特賞,晴,南,4,2,1,2,4084,杉 山 正 樹,43,48,6.67,2,0.19,1.50.9,2-6-3,12560,39,2-6,3340,10,2-3-6,3370,11,2-6,2720,10,,,,,,,
20250630,浜名湖,10,予選特賞,晴,南,4,2,2,6,4039,村 上 功 祐,30,35,6.67,6,0.14,1.52.6,2-6-3,12560,39,2-6,3340,10,2-3-6,3370,11,2-6,2720,10,,,,,,,
20250630,浜名湖,10,予選特賞,晴,南,4,2,3,3,4058,野 末 智 一,61,30,6.67,3,0.19,1.54.6,2-6-3,12560,39,2-6,3340,10,2-3-6,3370,11,2-6,2720,10,,,,,,,
20250630,浜名湖,10,予選特賞,晴,南,4,2,4,5,3614,谷 勝 幸,44,63,6.71,5,0.17,1.54.9,2-6-3,12560,39,2-6,3340,10,2-3-6,3370,11,2-6,2720,10,,,,,,,
20250630,浜名湖,10,予選特賞,晴,南,4,2,5,4,4124,池 田 雄 一,59,11,6.69,4,0.18,,2-6-3,12560,39,2-6,3340,10,2-3-6,3370,11,2-6,2720,10,,,,,,,
20250630,浜名湖,10,予選特賞,晴,南,4,2,6,1,4888,金 児 隆 太,31,68,6.62,1,0.31,,2-6-3,12560,39,2-6,3340,10,2-3-6,3370,11,2-6,2720,10,,,,,,,
20250630,浜名湖,11,予選特選,晴,南,4,2,1,1,3685,荒 井 輝 年,32,38,6.61,1,0.11,1.51.8,1-5-3,3160,9,1-5,670,3,1-3-5,1260,5,1-5,430,2,,,,,,,
20250630,浜名湖,11,予選特選,晴,南,4,2,2,5,4700,金 子 和 之,24,43,6.72,5,0.16,1.53.1,1-5-3,3160,9,1-5,670,3,1-3-5,1260,5,1-5,430,2,,,,,,,
20250630,浜名湖,11,予選特選,晴,南,4,2,3,3,3286,坂 東 満,64,41,6.76,3,0.13,1.54.6,1-5-3,3160,9,1-5,670,3,1-3-5,1260,5,1-5,430,2,,,,,,,
20250630,浜名湖,11,予選特選,晴,南,4,2,4,2,4025,山 本 隆 幸,54,16,6.65,2,0.15,1.54.9,1-5-3,3160,9,1-5,670,3,1-3-5,1260,5,1-5,430,2,,,,,,,
20250630,浜名湖,11,予選特選,晴,南,4,2,5,4,4022,待 鳥 雄 紀,62,54,6.70,4,0.17,,1-5-3,3160,9,1-5,670,3,1-3-5,1260,5,1-5,430,2,,,,,,,
20250630,浜名湖,11,予選特選,晴,南,4,2,6,6,4811,向井田 佑 紀,17,12,6.69,6,0.22,,1-5-3,3160,9,1-5,670,3,1-3-5,1260,5,1-5,430,2,,,,,,,
20250630,浜名湖,12,予選特選,晴,南,4,2,1,1,4102,益 田 啓 司,2,34,6.64,1,0.15,1.50.2,1-4-2,2580,12,1-4,790,3,1-2-4,530,3,1-4,1690,5,,,,,,,
20250630,浜名湖,12,予選特選,晴,南,4,2,2,4,4407,鹿 島 敏 弘,65,65,6.69,3,0.17,1.52.1,1-4-2,2580,12,1-4,790,3,1-2-4,530,3,1-4,1690,5,,,,,,,
20250630,浜名湖,12,予選特選,晴,南,4,2,3,2,4815,伏 島 祐 介,60,55,6.64,2,0.26,1.52.8,1-4-2,2580,12,1-4,790,3,1-2-4,530,3,1-4,1690,5,,,,,,,
20250630,浜名湖,12,予選特選,晴,南,4,2,4,6,4513,河 野 真 也,26,40,6.68,5,0.15,1.54.2,1-4-2,2580,12,1-4,790,3,1-2-4,530,3,1-4,1690,5,,,,,,,
20250630,浜名湖,12,予選特選,晴,南,4,2,5,5,4342,谷 野 錬 志,45,53,6.74,4,0.11,,1-4-2,2580,12,1-4,790,3,1-2-4,530,3,1-4,1690,5,,,,,,,
20250630,浜名湖,12,予選特選,晴,南,4,2,K0,3,3717,立 間 充 宏,3,27 K,,,,,1-4-2,2580,12,1-4,790,3,1-2-4,530,3,1-4,1690,5,,,,,,,
20250630,若松,1,予選,曇り,北,1,1,1,2,5239,上 野 俊 樹,8,73,6.91,2,0.22,1.50.3,2-1-6,4940,14,2-1,980,4,1-2-6,910,3,1-2,280,1,,,,,,,
20250630,若松,1,予選,曇り,北,1,1,2,1,5081,篠 原 飛 翔,51,13,6.92,1,0.21,1.52.1,2-1-6,4940,14,2-1,980,4,1-2-6,910,3,1-2,280,1,,,,,,,
20250630,若松,1,予選,曇り,北,1,1,3,6,5082,一 色 凌 雅,37,35,6.99,5,0.14,1.53.0,2-1-6,4940,14,2-1,980,4,1-2-6,910,3,1-2,280,1,,,,,,,
20250630,若松,1,予選,曇り,北,1,1,4,3,5270,小 玉 啓 太,18,28,6.91,3,0.11,1.54.9,2-1-6,4940,14,2-1,980,4,1-2-6,910,3,1-2,280,1,,,,,,,
20250630,若松,1,予選,曇り,北,1,1,5,5,5137,川 原 涼,44,48,6.90,4,0.09,,2-1-6,4940,14,2-1,980,4,1-2-6,910,3,1-2,280,1,,,,,,,
20250630,若松,1,予選,曇り,北,1,1,6,4,5351,齊 藤 廉,52,57,6.93,6,0.09,,2-1-6,4940,14,2-1,980,4,1-2-6,910,3,1-2,280,1,,,,,,,
20250630,若松,2,予選,曇り,北,2,2,1,4,5328,井 上 慧 人,58,40,6.85,4,0.07,1.51.7,4-6-5,20170,65,4-6,6410,20,4-5-6,4170,14,4-6,2560,11,,,,,,,
20250630,若松,2,予選,曇り,北,2,2,2,6,5073,上 原 健次郎,4,68,6.87,6,0.14,1.52.6,4-6-5,20170,65,4-6,6410,20,4-5-6,4170,14,4-6,2560,11,,,,,,,
20250630,若松,2,予選,曇り,北,2,2,3,5,5139,大 場 恒 季,56,53,6.91,5,0.08,1.53.7,4-6-5,20170,65,4-6,6410,20,4-5-6,4170,14,4-6,2560,11,,,,,,,
20250630,若松,2,予選,曇り,北,2,2,4,1,5238,笹 木 香 吾,16,27,6.89,1,0.09,1.55.3,4-6-5,20170,65,4-6,6410,20,4-5-6,4170,14,4-6,2560,11,,,,,,,
20250630,若松,2,予選,曇り,北,2,2,5,2,5104,山 田 丈,2,60,6.94,2,0.12,,4-6-5,20170,65,4-6,6410,20,4-5-6,4170,14,4-6,2560,11,,,,,,,
20250630,若松,2,予選,曇り,北,2,2,6,3,5211,高 井 駿 弥,39,58,6.99,3,0.09,,4-6-5,20170,65,4-6,6410,20,4-5-6,4170,14,4-6,2560,11,,,,,,,
20250630,若松,3,予選,曇り,北,1,1,1,1,5093,浦 野 海,15,38,6.93,1,0.22,1.50.6,1-3-6,10050,29,1-3,520,2,1-3-6,2530,9,1-3,270,1,,,,,,,
20250630,若松,3,予選,曇り,北,1,1,2,3,5018,竹 下 大 樹,34,63,6.80,3,0.15,1.52.4,1-3-6,10050,29,1-3,520,2,1-3-6,2530,9,1-3,270,1,,,,,,,
20250630,若松,3,予選,曇り,北,1,1,3,6,5301,岩 下 巧 斗,19,29,6.96,6,0.12,1.53.5,1-3-6,10050,29,1-3,520,2,1-3-6,2530,9,1-3,270,1,,,,,,,
20250630,若松,3,予選,曇り,北,1,1,4,2,5015,高 橋 竜 矢,47,32,6.91,2,0.19,1.54.8,1-3-6,10050,29,1-3,520,2,1-3-6,2530,9,1-3,270,1,,,,,,,
20250630,若松,3,予選,曇り,北,1,1,5,4,5284,嘉手苅 徹 哉,38,30,6.85,4,0.17,,1-3-6,10050,29,1-3,520,2,1-3-6,2530,9,1-3,270,1,,,,,,,
20250630,若松,3,予選,曇り,北,1,1,6,5,5120,山 本 稔太朗,5,14,6.95,5,0.16,,1-3-6,10050,29,1-3,520,2,1-3-6,2530,9,1-3,270,1,,,,,,,
20250630,若松,4,予選,曇り,北,1,1,1,1,5157,市 川 健 太,26,49,6.84,1,0.07,1.51.2,1-2-3,1190,3,1-2,590,2,1-2-3,220,1,1-2,580,3,,,,,,,
20250630,若松,4,予選,曇り,北,1,1,2,2,5252,荒 木 颯 斗,48,67,6.82,2,0.13,1.52.0,1-2-3,1190,3,1-2,590,2,1-2-3,220,1,1-2,580,3,,,,,,,
20250630,若松,4,予選,曇り,北,1,1,3,3,5256,中 山 翔 太,32,26,6.76,3,0.08,1.53.6,1-2-3,1190,3,1-2,590,2,1-2-3,220,1,1-2,580,3,,,,,,,
20250630,若松,4,予選,曇り,北,1,1,4,4,5311,小 林 京 平,27,55,6.83,4,0.08,1.54.7,1-2-3,1190,3,1-2,590,2,1-2-3,220,1,1-2,580,3,,,,,,,
20250630,若松,4,予選,曇り,北,1,1,5,5,5132,中 野 希 一,40,17,6.89,5,0.04,,1-2-3,1190,3,1-2,590,2,1-2-3,220,1,1-2,580,3,,,,,,,
20250630,若松,4,予選,曇り,北,1,1,6,6,5098,大 江 純,54,51,6.84,6,0.08,,1-2-3,1190,3,1-2,590,2,1-2-3,220,1,1-2,580,3,,,,,,,
20250630,若松,5,進入固定戦隊 進入固定,晴,北西,2,2,1,4,5257,西 丸 侑太朗,6,37,6.74,4,0.11,1.50.7,4-1-2,1380,6,4-1,730,3,1-2-4,220,1,1-4,310,2,,,,,,,
20250630,若松,5,進入固定戦隊 進入固定,晴,北西,2,2,2,1,5075,中 島 秀 治,29,15,6.80,1,0.15,1.53.4,4-1-2,1380,6,4-1,730,3,1-2-4,220,1,1-4,310,2,,,,,,,
20250630,若松,5,進入固定戦隊 進入固定,晴,北西,2,2,3,2,5087,佐 藤 航,21,47,6.87,2,0.09,1.55.6,4-1-2,1380,6,4-1,730,3,1-2-4,220,1,1-4,310,2,,,,,,,
20250630,若松,5,進入固定戦隊 進入固定,晴,北西,2,2,4,5,5312,川 辺 郭 人,33,31,6.83,5,0.22,1.56.3,4-1-2,1380,6,4-1,730,3,1-2-4,220,1,1-4,310,2,,,,,,,
20250630,若松,5,進入固定戦隊 進入固定,晴,北西,2,2,5,3,5183,中 野 孝 二,9,19,6.86,3,0.12,,4-1-2,1380,6,4-1,730,3,1-2-4,220,1,1-4,310,2,,,,,,,
20250630,若松,5,進入固定戦隊 進入固定,晴,北西,2,2,6,6,5351,齊 藤 廉,52,57,6.81,6,0.13,,4-1-2,1380,6,4-1,730,3,1-2-4,220,1,1-4,310,2,,,,,,,
20250630,若松,6,予選,晴,北,1,1,1,1,5134,大 原 祥 昌,35,39,6.82,1,0.12,1.51.0,1-4-3,2040,4,1-4,840,2,1-3-4,690,3,1-4,650,3,,,,,,,
20250630,若松,6,予選,晴,北,1,1,2,4,5247,大 森 翼,41,62,6.81,4,0.04,1.52.6,1-4-3,2040,4,1-4,840,2,1-3-4,690,3,1-4,650,3,,,,,,,
20250630,若松,6,予選,晴,北,1,1,3,3,5239,上 野 俊 樹,8,73,6.88,3,0.07,1.54.6,1-4-3,2040,4,1-4,840,2,1-3-4,690,3,1-4,650,3,,,,,,,
20250630,若松,6,予選,晴,北,1,1,4,2,5286,坂 井 滉 哉,50,24,6.85,2,0.12,1.54.7,1-4-3,2040,4,1-4,840,2,1-3-4,690,3,1-4,650,3,,,,,,,
20250630,若松,6,予選,晴,北,1,1,5,5,5185,加 藤 優 弥,55,72,6.85,5,0.13,,1-4-3,2040,4,1-4,840,2,1-3-4,690,3,1-4,650,3,,,,,,,
20250630,若松,6,予選,晴,北,1,1,6,6,5191,飛 田 江 己,20,36,6.81,6,0.08,,1-4-3,2040,4,1-4,840,2,1-3-4,690,3,1-4,650,3,,,,,,,
20250630,若松,7,予選特賞,晴,北,1,1,1,1,5298,水 谷 理 人,57,52,6.75,1,0.07,1.49.6,1-5-3,1530,6,1-5,720,3,1-3-5,180,1,1-5,570,4,,,,,,,
20250630,若松,7,予選特賞,晴,北,1,1,2,5,5126,山 下 大 輝,3,11,6.70,5,0.03,1.51.8,1-5-3,1530,6,1-5,720,3,1-3-5,180,1,1-5,570,4,,,,,,,
20250630,若松,7,予選特賞,晴,北,1,1,3,3,5028,原 田 才一郎,49,71,6.76,3,0.05,1.53.1,1-5-3,1530,6,1-5,720,3,1-3-5,180,1,1-5,570,4,,,,,,,
20250630,若松,7,予選特賞,晴,北,1,1,4,2,5114,小 林 孝 彰,23,75,6.82,2,0.06,1.54.2,1-5-3,1530,6,1-5,720,3,1-3-5,180,1,1-5,570,4,,,,,,,
20250630,若松,7,予選特賞,晴,北,1,1,5,4,5236,小 宮 涼 雅,45,22,6.79,4,0.07,,1-5-3,1530,6,1-5,720,3,1-3-5,180,1,1-5,570,4,,,,,,,
20250630,若松,7,予選特賞,晴,北,1,1,6,6,5211,高 井 駿 弥,39,58,6.90,6,0.17,,1-5-3,1530,6,1-5,720,3,1-3-5,180,1,1-5,570,4,,,,,,,
20250630,若松,8,エイトビート,晴,北,1,1,1,1,5015,高 橋 竜 矢,47,32,6.89,1,0.14,1.50.1,1-3-2,680,2,1-3,180,1,1-2-3,220,2,1-3,140,1,,,,,,,
20250630,若松,8,エイトビート,晴,北,1,1,2,3,5139,大 場 恒 季,56,53,6.90,3,0.14,1.51.5,1-3-2,680,2,1-3,180,1,1-2-3,220,2,1-3,140,1,,,,,,,
20250630,若松,8,エイトビート,晴,北,1,1,3,2,5234,塚 越 海 斗,22,23,6.93,2,0.15,1.54.3,1-3-2,680,2,1-3,180,1,1-2-3,220,2,1-3,140,1,,,,,,,
20250630,若松,8,エイトビート,晴,北,1,1,4,6,5090,生 方 靖 亜,17,59,6.84,6,0.14,1.54.3,1-3-2,680,2,1-3,180,1,1-2-3,220,2,1-3,140,1,,,,,,,
20250630,若松,8,エイトビート,晴,北,1,1,5,4,5082,一 色 凌 雅,37,35,6.88,4,0.32,,1-3-2,680,2,1-3,180,1,1-2-3,220,2,1-3,140,1,,,,,,,
20250630,若松,8,エイトビート,晴,北,1,1,6,5,5311,小 林 京 平,27,55,6.82,5,0.21,,1-3-2,680,2,1-3,180,1,1-2-3,220,2,1-3,140,1,,,,,,,
20250630,若松,9,予選,晴,北,1,1,1,4,5217,藤 原 碧 生,1,20,6.80,4,0.09,1.49.0,4-5-6,2840,10,4-5,620,3,4-5-6,2100,5,4-5,490,2,,,,,,,
20250630,若松,9,予選,晴,北,1,1,2,5,5150,坂 本 雄 紀,31,46,6.93,5,0.10,1.52.5,4-5-6,2840,10,4-5,620,3,4-5-6,2100,5,4-5,490,2,,,,,,,
20250630,若松,9,予選,晴,北,1,1,3,6,5270,小 玉 啓 太,18,28,6.85,6,0.12,1.53.5,4-5-6,2840,10,4-5,620,3,4-5-6,2100,5,4-5,490,2,,,,,,,
20250630,若松,9,予選,晴,北,1,1,4,3,5207,高 山 敬 悟,53,74,6.85,3,0.12,1.55.6,4-5-6,2840,10,4-5,620,3,4-5-6,2100,5,4-5,490,2,,,,,,,
20250630,若松,9,予選,晴,北,1,1,5,2,5098,大 江 純,54,51,6.83,2,0.05,,4-5-6,2840,10,4-5,620,3,4-5-6,2100,5,4-5,490,2,,,,,,,
20250630,若松,9,予選,晴,北,1,1,6,1,5112,砂 長 知 輝,13,50,6.84,1,0.01,,4-5-6,2840,10,4-5,620,3,4-5-6,2100,5,4-5,490,2,,,,,,,
20250630,若松,10,予選特賞,晴,北,1,1,1,3,5257,西 丸 侑太朗,6,37,6.82,3,0.10,1.48.9,3-1-4,930,2,3-1,410,2,1-3-4,220,1,1-3,220,1,,,,,,,
20250630,若松,10,予選特賞,晴,北,1,1,2,1,5256,中 山 翔 太,32,26,6.78,1,0.10,1.51.6,3-1-4,930,2,3-1,410,2,1-3-4,220,1,1-3,220,1,,,,,,,
20250630,若松,10,予選特賞,晴,北,1,1,3,4,5104,山 田 丈,2,60,6.84,4,0.08,1.53.2,3-1-4,930,2,3-1,410,2,1-3-4,220,1,1-3,220,1,,,,,,,
20250630,若松,10,予選特賞,晴,北,1,1,4,6,5137,川 原 涼,44,48,6.83,6,0.17,1.54.2,3-1-4,930,2,3-1,410,2,1-3-4,220,1,1-3,220,1,,,,,,,
20250630,若松,10,予選特賞,晴,北,1,1,5,5,5134,大 原 祥 昌,35,39,6.86,5,0.13,,3-1-4,930,2,3-1,410,2,1-3-4,220,1,1-3,220,1,,,,,,,
20250630,若松,10,予選特賞,晴,北,1,1,6,2,5301,岩 下 巧 斗,19,29,6.85,2,0.14,,3-1-4,930,2,3-1,410,2,1-3-4,220,1,1-3,220,1,,,,,,,
20250630,若松,11,予選特選,晴,北,1,1,1,1,5018,竹 下 大 樹,34,63,6.74,1,0.16,1.50.5,1-3-2,1160,4,1-3,360,2,1-2-3,310,1,1-3,270,2,,,,,,,
20250630,若松,11,予選特選,晴,北,1,1,2,3,5191,飛 田 江 己,20,36,6.86,3,0.21,1.52.5,1-3-2,1160,4,1-3,360,2,1-2-3,310,1,1-3,270,2,,,,,,,
20250630,若松,11,予選特選,晴,北,1,1,3,2,5132,中 野 希 一,40,17,6.87,2,0.18,1.54.0,1-3-2,1160,4,1-3,360,2,1-2-3,310,1,1-3,270,2,,,,,,,
20250630,若松,11,予選特選,晴,北,1,1,4,4,5073,上 原 健次郎,4,68,6.89,4,0.18,1.54.6,1-3-2,1160,4,1-3,360,2,1-2-3,310,1,1-3,270,2,,,,,,,
20250630,若松,11,予選特選,晴,北,1,1,5,5,5298,水 谷 理 人,57,52,6.80,5,0.14,,1-3-2,1160,4,1-3,360,2,1-2-3,310,1,1-3,270,2,,,,,,,
20250630,若松,11,予選特選,晴,北,1,1,6,6,5183,中 野 孝 二,9,19,6.86,6,0.16,,1-3-2,1160,4,1-3,360,2,1-2-3,310,1,1-3,270,2,,,,,,,
20250630,若松,12,予選特選,晴,北,1,1,1,1,5028,原 田 才一郎,49,71,6.78,1,0.18,1.51.3,1-4-3,1410,9,1-4,340,2,1-3-4,440,2,1-4,400,3,,,,,,,
20250630,若松,12,予選特選,晴,北,1,1,2,4,5087,佐 藤 航,21,47,6.87,4,0.17,1.52.7,1-4-3,1410,9,1-4,340,2,1-3-4,440,2,1-4,400,3,,,,,,,
20250630,若松,12,予選特選,晴,北,1,1,3,3,5120,山 本 稔太朗,5,14,6.90,3,0.21,1.54.5,1-4-3,1410,9,1-4,340,2,1-3-4,440,2,1-4,400,3,,,,,,,
20250630,若松,12,予選特選,晴,北,1,1,4,5,5157,市 川 健 太,26,49,6.84,5,0.16,1.55.4,1-4-3,1410,9,1-4,340,2,1-3-4,440,2,1-4,400,3,,,,,,,
20250630,若松,12,予選特選,晴,北,1,1,5,2,5185,加 藤 優 弥,55,72,6.88,2,0.24,,1-4-3,1410,9,1-4,340,2,1-3-4,440,2,1-4,400,3,,,,,,,
20250630,若松,12,予選特選,晴,北,1,1,6,6,5234,塚 越 海 斗,22,23,6.89,6,0.23,,1-4-3,1410,9,1-4,340,2,1-3-4,440,2,1-4,400,3,,,,,,,
