date,venue_name,race_no,race_type,weather,wind_dir,wind_ms,wave_cm,rank,waku,reg_no,name,motor_no,boat_no,exhibition_time,course_enter,st_timing,race_time,won3,won3_pay,won3_pop,won2,won2_pay,won2_pop,trio,trio_pay,trio_pop,pair,pair_pay,pair_pop,lap_time,turn_time,straight_time,lap_rank,turn_rank,straight_rank,exhibition_eval
20250425,三国,1,みくにあさイ,晴,西,2,2,1,1,4537,渡 邉 和 将,36,41,6.81,1,0.11,1.50.4,1-4-6,770,4,1-4,200,1,1-4-6,480,3,1-4,170,1,,,,,,,
20250425,三国,1,みくにあさイ,晴,西,2,2,2,4,3156,金 子 良 昭,62,33,6.76,2,0.09,1.51.7,1-4-6,770,4,1-4,200,1,1-4-6,480,3,1-4,170,1,,,,,,,
20250425,三国,1,みくにあさイ,晴,西,2,2,3,6,3268,森 竜 也,45,16,6.89,5,0.21,1.53.2,1-4-6,770,4,1-4,200,1,1-4-6,480,3,1-4,170,1,,,,,,,
20250425,三国,1,みくにあさイ,晴,西,2,2,4,5,5354,渡 邊 雄 斗,55,12,6.84,6,0.29,1.54.6,1-4-6,770,4,1-4,200,1,1-4-6,480,3,1-4,170,1,,,,,,,
20250425,三国,1,みくにあさイ,晴,西,2,2,5,2,3827,今 泉 徹,29,38,6.89,3,0.15,,1-4-6,770,4,1-4,200,1,1-4-6,480,3,1-4,170,1,,,,,,,
20250425,三国,1,みくにあさイ,晴,西,2,2,6,3,4664,東 口 晃,57,14,6.87,4,0.23,,1-4-6,770,4,1-4,200,1,1-4-6,480,3,1-4,170,1,,,,,,,
20250425,三国,2,みくにあさガ,晴,西,1,1,1,4,4766,石 井 孝 之,38,27,6.70,4,0.06,1.49.3,4-2-1,1930,8,4-2,1090,4,1-2-4,160,1,2-4,370,2,,,,,,,
20250425,三国,2,みくにあさガ,晴,西,1,1,2,2,4337,平 本 真 之,67,51,6.69,2,0.11,1.51.1,4-2-1,1930,8,4-2,1090,4,1-2-4,160,1,2-4,370,2,,,,,,,
20250425,三国,2,みくにあさガ,晴,西,1,1,3,1,4432,黄金井 力 良,15,45,6.85,1,0.05,1.53.1,4-2-1,1930,8,4-2,1090,4,1-2-4,160,1,2-4,370,2,,,,,,,
20250425,三国,2,みくにあさガ,晴,西,1,1,4,6,3653,品 川 賢 次,26,64,6.87,5,0.09,1.54.6,4-2-1,1930,8,4-2,1090,4,1-2-4,160,1,2-4,370,2,,,,,,,
20250425,三国,2,みくにあさガ,晴,西,1,1,5,3,3647,伊 藤 雄 二,65,15,6.86,3,0.08,,4-2-1,1930,8,4-2,1090,4,1-2-4,160,1,2-4,370,2,,,,,,,
20250425,三国,2,みくにあさガ,晴,西,1,1,6,5,5386,米玉利 大 悟,54,37,6.84,6,0.08,,4-2-1,1930,8,4-2,1090,4,1-2-4,160,1,2-4,370,2,,,,,,,
20250425,三国,3,みくにあさズ,晴,西,2,2,1,1,4981,牧 山 敦 也,17,21,6.94,1,0.20,1.49.9,1-3-5,640,1,1-3,280,1,1-3-5,260,1,1-3,200,1,,,,,,,
20250425,三国,3,みくにあさズ,晴,西,2,2,2,3,4442,松 竹 大 輔,42,43,6.75,3,0.14,1.50.7,1-3-5,640,1,1-3,280,1,1-3-5,260,1,1-3,200,1,,,,,,,
20250425,三国,3,みくにあさズ,晴,西,2,2,3,5,5330,安河内 鈴之介,35,25,6.76,5,0.15,1.53.4,1-3-5,640,1,1-3,280,1,1-3-5,260,1,1-3,200,1,,,,,,,
20250425,三国,3,みくにあさズ,晴,西,2,2,4,2,3989,熊 本 英 一,61,67,6.88,2,0.16,1.54.1,1-3-5,640,1,1-3,280,1,1-3-5,260,1,1-3,200,1,,,,,,,
20250425,三国,3,みくにあさズ,晴,西,2,2,5,4,3462,竹 上 真 司,14,42,6.83,4,0.16,,1-3-5,640,1,1-3,280,1,1-3-5,260,1,1-3,200,1,,,,,,,
20250425,三国,3,みくにあさズ,晴,西,2,2,6,6,5355,萩 原 丈太朗,22,17,6.81,6,0.31,,1-3-5,640,1,1-3,280,1,1-3-5,260,1,1-3,200,1,,,,,,,
20250425,三国,4,みくにあさ推,晴,西,2,2,1,1,4494,河 合 佑 樹,34,34,6.74,1,0.13,1.50.2,1-2-3,1570,8,1-2,480,3,1-2-3,640,5,1-2,390,2,,,,,,,
20250425,三国,4,みくにあさ推,晴,西,2,2,2,2,4637,中 田 友 也,16,40,6.88,2,0.13,1.51.8,1-2-3,1570,8,1-2,480,3,1-2-3,640,5,1-2,390,2,,,,,,,
20250425,三国,4,みくにあさ推,晴,西,2,2,3,3,3929,杢 野 誓 良,27,28,6.81,3,0.15,1.53.2,1-2-3,1570,8,1-2,480,3,1-2-3,640,5,1-2,390,2,,,,,,,
20250425,三国,4,みくにあさ推,晴,西,2,2,4,4,5150,坂 本 雄 紀,63,24,6.77,4,0.36,1.54.1,1-2-3,1570,8,1-2,480,3,1-2-3,640,5,1-2,390,2,,,,,,,
20250425,三国,4,みくにあさ推,晴,西,2,2,5,5,4261,岡 祐 臣,51,22,6.85,5,0.23,,1-2-3,1570,8,1-2,480,3,1-2-3,640,5,1-2,390,2,,,,,,,
20250425,三国,4,みくにあさ推,晴,西,2,2,6,6,5059,冨 田 祥,70,70,6.81,6,0.21,,1-2-3,1570,8,1-2,480,3,1-2-3,640,5,1-2,390,2,,,,,,,
20250425,三国,5,一般,晴,西,2,2,1,4,4852,川 原 祐 明,41,61,6.86,4,0.21,1.49.9,4-1-5,3180,13,4-1,1120,5,1-4-5,410,2,1-4,290,1,,,,,,,
20250425,三国,5,一般,晴,西,2,2,2,1,3664,鈴 木 賢 一,49,63,6.79,1,0.19,1.51.3,4-1-5,3180,13,4-1,1120,5,1-4-5,410,2,1-4,290,1,,,,,,,
20250425,三国,5,一般,晴,西,2,2,3,5,4136,江 夏 満,68,46,6.88,5,0.21,1.52.7,4-1-5,3180,13,4-1,1120,5,1-4-5,410,2,1-4,290,1,,,,,,,
20250425,三国,5,一般,晴,西,2,2,4,3,3690,河 合 三 弘,64,47,6.88,3,0.43,1.54.5,4-1-5,3180,13,4-1,1120,5,1-4-5,410,2,1-4,290,1,,,,,,,
20250425,三国,5,一般,晴,西,2,2,5,6,5354,渡 邊 雄 斗,55,12,6.77,6,0.23,,4-1-5,3180,13,4-1,1120,5,1-4-5,410,2,1-4,290,1,,,,,,,
20250425,三国,5,一般,晴,西,2,2,6,2,4405,南 野 利 騰,39,53,6.83,2,0.25,,4-1-5,3180,13,4-1,1120,5,1-4-5,410,2,1-4,290,1,,,,,,,
20250425,三国,6,一般,晴,西,1,1,1,5,4550,石 岡 将 太,43,71,6.75,5,0.15,1.49.3,5-1-4,7580,27,5-1,2350,8,1-4-5,480,2,1-5,570,3,,,,,,,
20250425,三国,6,一般,晴,西,1,1,2,1,4360,庄 司 孝 輔,56,48,6.70,1,0.12,1.50.7,5-1-4,7580,27,5-1,2350,8,1-4-5,480,2,1-5,570,3,,,,,,,
20250425,三国,6,一般,晴,西,1,1,3,4,4624,高 田 明,31,11,6.76,4,0.15,1.52.3,5-1-4,7580,27,5-1,2350,8,1-4-5,480,2,1-5,570,3,,,,,,,
20250425,三国,6,一般,晴,西,1,1,4,3,3156,金 子 良 昭,62,33,6.79,3,0.11,1.54.4,5-1-4,7580,27,5-1,2350,8,1-4-5,480,2,1-5,570,3,,,,,,,
20250425,三国,6,一般,晴,西,1,1,5,6,4177,萬 正 嗣,25,35,6.81,6,0.18,,5-1-4,7580,27,5-1,2350,8,1-4-5,480,2,1-5,570,3,,,,,,,
20250425,三国,6,一般,晴,西,1,1,6,2,3268,森 竜 也,45,16,6.86,2,0.19,,5-1-4,7580,27,5-1,2350,8,1-4-5,480,2,1-5,570,3,,,,,,,
20250425,三国,7,一般,晴,西,3,3,1,2,4766,石 井 孝 之,38,27,6.62,2,0.13,1.49.7,2-1-3,680,1,2-1,380,1,1-2-3,220,1,1-2,290,1,,,,,,,
20250425,三国,7,一般,晴,西,3,3,2,1,4664,東 口 晃,57,14,6.71,1,0.12,1.51.1,2-1-3,680,1,2-1,380,1,1-2-3,220,1,1-2,290,1,,,,,,,
20250425,三国,7,一般,晴,西,3,3,3,3,3462,竹 上 真 司,14,42,6.82,3,0.15,1.53.2,2-1-3,680,1,2-1,380,1,1-2-3,220,1,1-2,290,1,,,,,,,
20250425,三国,7,一般,晴,西,3,3,4,5,3827,今 泉 徹,29,38,6.81,5,0.16,1.54.3,2-1-3,680,1,2-1,380,1,1-2-3,220,1,1-2,290,1,,,,,,,
20250425,三国,7,一般,晴,西,3,3,5,4,5355,萩 原 丈太朗,22,17,6.79,4,0.13,,2-1-3,680,1,2-1,380,1,1-2-3,220,1,1-2,290,1,,,,,,,
20250425,三国,7,一般,晴,西,3,3,6,6,3647,伊 藤 雄 二,65,15,6.85,6,0.25,,2-1-3,680,1,2-1,380,1,1-2-3,220,1,1-2,290,1,,,,,,,
20250425,三国,8,一般,晴,西,3,3,1,5,3989,熊 本 英 一,61,67,6.85,5,0.09,1.50.8,5-4-1,38610,58,5-4,15490,21,1-4-5,1930,6,4-5,1980,7,,,,,,,
20250425,三国,8,一般,晴,西,3,3,2,4,3929,杢 野 誓 良,27,28,6.86,4,0.08,1.52.2,5-4-1,38610,58,5-4,15490,21,1-4-5,1930,6,4-5,1980,7,,,,,,,
20250425,三国,8,一般,晴,西,3,3,3,1,5330,安河内 鈴之介,35,25,6.76,1,0.10,1.53.9,5-4-1,38610,58,5-4,15490,21,1-4-5,1930,6,4-5,1980,7,,,,,,,
20250425,三国,8,一般,晴,西,3,3,4,2,4469,土 山 卓 也,20,57,6.78,2,0.18,1.54.6,5-4-1,38610,58,5-4,15490,21,1-4-5,1930,6,4-5,1980,7,,,,,,,
20250425,三国,8,一般,晴,西,3,3,5,6,5386,米玉利 大 悟,54,37,6.86,6,0.07,,5-4-1,38610,58,5-4,15490,21,1-4-5,1930,6,4-5,1980,7,,,,,,,
20250425,三国,8,一般,晴,西,3,3,6,3,4358,松 本 庸 平,33,65,6.87,3,0.14,,5-4-1,38610,58,5-4,15490,21,1-4-5,1930,6,4-5,1980,7,,,,,,,
20250425,三国,9,一般特選,晴,北西,3,3,1,1,5321,一 色 颯 輝,69,29,6.86,1,0.03,1.50.9,1-3-6,960,3,1-3,310,1,1-3-6,440,2,1-3,210,1,,,,,,,
20250425,三国,9,一般特選,晴,北西,3,3,2,3,4852,川 原 祐 明,41,61,6.91,3,0.01,1.51.6,1-3-6,960,3,1-3,310,1,1-3-6,440,2,1-3,210,1,,,,,,,
20250425,三国,9,一般特選,晴,北西,3,3,3,6,4432,黄金井 力 良,15,45,6.86,6,0.15,1.52.8,1-3-6,960,3,1-3,310,1,1-3-6,440,2,1-3,210,1,,,,,,,
20250425,三国,9,一般特選,晴,北西,3,3,4,4,3690,河 合 三 弘,64,47,6.91,4,0.07,1.53.5,1-3-6,960,3,1-3,310,1,1-3-6,440,2,1-3,210,1,,,,,,,
20250425,三国,9,一般特選,晴,北西,3,3,5,5,4637,中 田 友 也,16,40,6.91,5,0.11,,1-3-6,960,3,1-3,310,1,1-3-6,440,2,1-3,210,1,,,,,,,
20250425,三国,9,一般特選,晴,北西,3,3,F,2,5059,冨 田 祥,70,70,6.85,2,F0.02,,1-3-6,960,3,1-3,310,1,1-3-6,440,2,1-3,210,1,,,,,,,
20250425,三国,10,選抜戦,晴,西,3,3,1,3,4624,高 田 明,31,11,6.74,3,0.17,1.49.5,3-1-5,4540,16,3-1,1850,6,1-3-5,750,4,1-3,540,2,,,,,,,
20250425,三国,10,選抜戦,晴,西,3,3,2,1,4550,石 岡 将 太,43,71,6.73,1,0.12,1.50.9,3-1-5,4540,16,3-1,1850,6,1-3-5,750,4,1-3,540,2,,,,,,,
20250425,三国,10,選抜戦,晴,西,3,3,3,5,4494,河 合 佑 樹,34,34,6.83,5,0.13,1.53.5,3-1-5,4540,16,3-1,1850,6,1-3-5,750,4,1-3,540,2,,,,,,,
20250425,三国,10,選抜戦,晴,西,3,3,4,2,4261,岡 祐 臣,51,22,6.84,2,0.19,1.53.8,3-1-5,4540,16,3-1,1850,6,1-3-5,750,4,1-3,540,2,,,,,,,
20250425,三国,10,選抜戦,晴,西,3,3,5,4,4442,松 竹 大 輔,42,43,6.79,4,0.13,,3-1-5,4540,16,3-1,1850,6,1-3-5,750,4,1-3,540,2,,,,,,,
20250425,三国,10,選抜戦,晴,西,3,3,6,6,3664,鈴 木 賢 一,49,63,6.85,6,0.18,,3-1-5,4540,16,3-1,1850,6,1-3-5,750,4,1-3,540,2,,,,,,,
20250425,三国,11,選抜戦,晴,西,2,2,1,4,4337,平 本 真 之,67,51,6.68,4,0.14,1.50.0,4-1-2,2240,7,4-1,1100,6,1-2-4,200,1,1-4,390,3,,,,,,,
20250425,三国,11,選抜戦,晴,西,2,2,2,1,5150,坂 本 雄 紀,63,24,6.72,1,0.09,1.51.2,4-1-2,2240,7,4-1,1100,6,1-2-4,200,1,1-4,390,3,,,,,,,
20250425,三国,11,選抜戦,晴,西,2,2,3,2,4537,渡 邉 和 将,36,41,6.71,2,0.17,1.52.6,4-1-2,2240,7,4-1,1100,6,1-2-4,200,1,1-4,390,3,,,,,,,
20250425,三国,11,選抜戦,晴,西,2,2,4,5,4360,庄 司 孝 輔,56,48,6.69,6,0.20,1.53.3,4-1-2,2240,7,4-1,1100,6,1-2-4,200,1,1-4,390,3,,,,,,,
20250425,三国,11,選抜戦,晴,西,2,2,5,3,4981,牧 山 敦 也,17,21,6.83,3,0.17,,4-1-2,2240,7,4-1,1100,6,1-2-4,200,1,1-4,390,3,,,,,,,
20250425,三国,11,選抜戦,晴,西,2,2,6,6,4405,南 野 利 騰,39,53,6.81,5,0.13,,4-1-2,2240,7,4-1,1100,6,1-2-4,200,1,1-4,390,3,,,,,,,
20250425,三国,12,優勝戦,晴,西,3,3,1,1,4434,田 中 辰 彦,52,44,6.78,1,0.05,1.49.0,1-4-5,1760,6,1-4,590,2,1-4-5,660,3,1-4,580,3,,,,,,,
20250425,三国,12,優勝戦,晴,西,3,3,2,4,5217,藤 原 碧 生,12,30,6.76,4,0.11,1.51.3,1-4-5,1760,6,1-4,590,2,1-4-5,660,3,1-4,580,3,,,,,,,
20250425,三国,12,優勝戦,晴,西,3,3,3,5,4205,山 口 剛,21,58,6.71,5,0.13,1.52.5,1-4-5,1760,6,1-4,590,2,1-4-5,660,3,1-4,580,3,,,,,,,
20250425,三国,12,優勝戦,晴,西,3,3,4,3,4040,廣 瀬 将 亨,30,72,6.78,3,0.09,1.53.3,1-4-5,1760,6,1-4,590,2,1-4-5,660,3,1-4,580,3,,,,,,,
20250425,三国,12,優勝戦,晴,西,3,3,5,2,4528,黒 井 達 矢,59,50,6.78,2,0.10,,1-4-5,1760,6,1-4,590,2,1-4-5,660,3,1-4,580,3,,,,,,,
20250425,三国,12,優勝戦,晴,西,3,3,6,6,4236,松 村 敏,44,19,6.78,6,0.13,,1-4-5,1760,6,1-4,590,2,1-4-5,660,3,1-4,580,3,,,,,,,
20250425,大村,1,一般,曇り,北西,2,1,1,3,4004,山 本 浩 輔,69,63,6.90,3,0.17,1.49.5,3-2-1,12070,37,3-2,4190,14,1-2-3,460,2,2-3,2170,6,,,,,,,
20250425,大村,1,一般,曇り,北西,2,1,2,2,4229,市 川 美 宏,33,45,6.93,2,0.15,1.50.3,3-2-1,12070,37,3-2,4190,14,1-2-3,460,2,2-3,2170,6,,,,,,,
20250425,大村,1,一般,曇り,北西,2,1,3,1,3998,冨 成 謙 児,19,35,6.93,1,0.14,1.52.0,3-2-1,12070,37,3-2,4190,14,1-2-3,460,2,2-3,2170,6,,,,,,,
20250425,大村,1,一般,曇り,北西,2,1,4,5,4200,早 川 尚 人,28,38,6.94,5,0.18,1.52.4,3-2-1,12070,37,3-2,4190,14,1-2-3,460,2,2-3,2170,6,,,,,,,
20250425,大村,1,一般,曇り,北西,2,1,5,4,3546,中 里 昌 志,44,20,6.91,4,0.12,,3-2-1,12070,37,3-2,4190,14,1-2-3,460,2,2-3,2170,6,,,,,,,
20250425,大村,1,一般,曇り,北西,2,1,6,6,4943,八 木 治 樹,62,71,6.95,6,0.19,,3-2-1,12070,37,3-2,4190,14,1-2-3,460,2,2-3,2170,6,,,,,,,
20250425,大村,2,一般,曇り,北西,2,1,1,3,4498,宮 本 夏 樹,74,41,6.87,3,0.14,1.49.6,3-4-1,5620,18,3-4,2670,10,1-3-4,420,2,3-4,1810,5,,,,,,,
20250425,大村,2,一般,曇り,北西,2,1,2,4,4962,畑 竜 生,52,17,6.89,4,0.07,1.50.3,3-4-1,5620,18,3-4,2670,10,1-3-4,420,2,3-4,1810,5,,,,,,,
20250425,大村,2,一般,曇り,北西,2,1,3,1,3577,向 所 浩 二,37,46,6.87,1,0.16,1.51.0,3-4-1,5620,18,3-4,2670,10,1-3-4,420,2,3-4,1810,5,,,,,,,
20250425,大村,2,一般,曇り,北西,2,1,4,5,3448,高 山 秀 雄,21,22,6.89,5,0.11,1.52.7,3-4-1,5620,18,3-4,2670,10,1-3-4,420,2,3-4,1810,5,,,,,,,
20250425,大村,2,一般,曇り,北西,2,1,5,2,3945,橋 口 真 樹,68,74,6.92,2,0.26,,3-4-1,5620,18,3-4,2670,10,1-3-4,420,2,3-4,1810,5,,,,,,,
20250425,大村,2,一般,曇り,北西,2,1,6,6,5144,中 尾 彩 香,72,11,6.94,6,0.04,,3-4-1,5620,18,3-4,2670,10,1-3-4,420,2,3-4,1810,5,,,,,,,
20250425,大村,3,一般,曇り,北西,2,1,1,1,3775,泉 啓 文,22,12,6.95,1,0.09,1.49.7,1-2-3,1330,1,1-2,480,1,1-2-3,370,1,1-2,250,1,,,,,,,
20250425,大村,3,一般,曇り,北西,2,1,2,2,4718,北 川 太 一,50,66,6.88,2,0.09,1.50.8,1-2-3,1330,1,1-2,480,1,1-2-3,370,1,1-2,250,1,,,,,,,
20250425,大村,3,一般,曇り,北西,2,1,3,3,4407,鹿 島 敏 弘,32,23,6.91,3,0.08,1.52.8,1-2-3,1330,1,1-2,480,1,1-2-3,370,1,1-2,250,1,,,,,,,
20250425,大村,3,一般,曇り,北西,2,1,4,6,4796,春 園 功 太,75,13,6.85,6,0.11,1.53.7,1-2-3,1330,1,1-2,480,1,1-2-3,370,1,1-2,250,1,,,,,,,
20250425,大村,3,一般,曇り,北西,2,1,5,5,5203,神 里 琴 音,41,36,6.92,5,0.12,,1-2-3,1330,1,1-2,480,1,1-2-3,370,1,1-2,250,1,,,,,,,
20250425,大村,3,一般,曇り,北西,2,1,6,4,4325,新 出 浩 司,25,40,6.93,4,0.12,,1-2-3,1330,1,1-2,480,1,1-2-3,370,1,1-2,250,1,,,,,,,
20250425,大村,4,一般,晴,北西,2,1,1,1,3912,川 原 正 明,18,65,6.88,1,0.09,1.48.1,1-2-3,1650,6,1-2,410,2,1-2-3,720,4,1-2,540,3,,,,,,,
20250425,大村,4,一般,晴,北西,2,1,2,2,5181,森 智 哉,27,16,6.96,2,0.09,1.49.8,1-2-3,1650,6,1-2,410,2,1-2-3,720,4,1-2,540,3,,,,,,,
20250425,大村,4,一般,晴,北西,2,1,3,3,3054,北 川 幸 典,47,29,6.88,3,0.08,1.51.2,1-2-3,1650,6,1-2,410,2,1-2-3,720,4,1-2,540,3,,,,,,,
20250425,大村,4,一般,晴,北西,2,1,4,5,4415,下 出 卓 矢,56,75,6.86,5,0.10,1.52.5,1-2-3,1650,6,1-2,410,2,1-2-3,720,4,1-2,540,3,,,,,,,
20250425,大村,4,一般,晴,北西,2,1,5,4,4525,真 子 奈津実,11,15,6.86,4,0.07,,1-2-3,1650,6,1-2,410,2,1-2-3,720,4,1-2,540,3,,,,,,,
20250425,大村,4,一般,晴,北西,2,1,6,6,3984,坂 口 周,64,55,6.89,6,0.11,,1-2-3,1650,6,1-2,410,2,1-2-3,720,4,1-2,540,3,,,,,,,
20250425,大村,5,一般,晴,北西,2,1,1,3,3631,田 添 康 介,48,61,6.85,3,0.19,1.48.9,3-1-6,2680,12,3-1,1070,5,1-3-6,300,1,1-3,320,1,,,,,,,
20250425,大村,5,一般,晴,北西,2,1,2,1,5005,石 田 貴 洋,70,31,6.94,1,0.12,1.51.4,3-1-6,2680,12,3-1,1070,5,1-3-6,300,1,1-3,320,1,,,,,,,
20250425,大村,5,一般,晴,北西,2,1,3,6,4856,豊 田 健士郎,66,24,6.89,6,0.19,1.52.3,3-1-6,2680,12,3-1,1070,5,1-3-6,300,1,1-3,320,1,,,,,,,
20250425,大村,5,一般,晴,北西,2,1,4,4,4927,関 野 文,31,59,7.01,4,0.28,1.52.5,3-1-6,2680,12,3-1,1070,5,1-3-6,300,1,1-3,320,1,,,,,,,
20250425,大村,5,一般,晴,北西,2,1,5,5,4004,山 本 浩 輔,69,63,6.93,5,0.24,,3-1-6,2680,12,3-1,1070,5,1-3-6,300,1,1-3,320,1,,,,,,,
20250425,大村,5,一般,晴,北西,2,1,6,2,4181,花 本 夏 樹,73,33,6.97,2,0.23,,3-1-6,2680,12,3-1,1070,5,1-3-6,300,1,1-3,320,1,,,,,,,
20250425,大村,6,一般,晴,北西,2,1,1,1,4148,枝 尾 賢,36,53,6.92,1,0.22,1.49.9,1-2-6,4590,17,1-2,600,3,1-2-6,3060,11,1-2,590,3,,,,,,,
20250425,大村,6,一般,晴,北西,2,1,2,2,3535,渡 修 平,63,72,6.94,2,0.18,1.51.7,1-2-6,4590,17,1-2,600,3,1-2-6,3060,11,1-2,590,3,,,,,,,
20250425,大村,6,一般,晴,北西,2,1,3,6,4471,新 田 泰 章,24,56,6.92,6,0.14,1.51.7,1-2-6,4590,17,1-2,600,3,1-2-6,3060,11,1-2,590,3,,,,,,,
20250425,大村,6,一般,晴,北西,2,1,4,5,4433,川 野 芽 唯,76,68,6.90,5,0.14,1.52.4,1-2-6,4590,17,1-2,600,3,1-2-6,3060,11,1-2,590,3,,,,,,,
20250425,大村,6,一般,晴,北西,2,1,5,3,4962,畑 竜 生,52,17,6.92,3,0.15,,1-2-6,4590,17,1-2,600,3,1-2-6,3060,11,1-2,590,3,,,,,,,
20250425,大村,6,一般,晴,北西,2,1,6,4,3998,冨 成 謙 児,19,35,6.95,4,0.14,,1-2-6,4590,17,1-2,600,3,1-2-6,3060,11,1-2,590,3,,,,,,,
20250425,大村,7,一般 進入固定,晴,北西,2,1,1,1,3654,武 田 光 史,20,51,6.93,1,0.08,1.49.4,1-3-4,1140,4,1-3,630,3,1-3-4,330,2,1-3,460,3,,,,,,,
20250425,大村,7,一般 進入固定,晴,北西,2,1,2,3,3775,泉 啓 文,22,12,6.89,3,0.14,1.51.0,1-3-4,1140,4,1-3,630,3,1-3-4,330,2,1-3,460,3,,,,,,,
20250425,大村,7,一般 進入固定,晴,北西,2,1,3,4,5026,安河内 健,29,48,6.89,4,0.14,1.52.6,1-3-4,1140,4,1-3,630,3,1-3-4,330,2,1-3,460,3,,,,,,,
20250425,大村,7,一般 進入固定,晴,北西,2,1,4,2,4498,宮 本 夏 樹,74,41,6.85,2,0.12,1.54.2,1-3-4,1140,4,1-3,630,3,1-3-4,330,2,1-3,460,3,,,,,,,
20250425,大村,7,一般 進入固定,晴,北西,2,1,5,5,4229,市 川 美 宏,33,45,6.91,5,0.19,,1-3-4,1140,4,1-3,630,3,1-3-4,330,2,1-3,460,3,,,,,,,
20250425,大村,7,一般 進入固定,晴,北西,2,1,6,6,5310,土 屋 蘭,60,34,6.86,6,0.26,,1-3-4,1140,4,1-3,630,3,1-3-4,330,2,1-3,460,3,,,,,,,
20250425,大村,8,一般,晴,北西,3,2,1,1,4826,井 上 一 輝,30,28,6.84,1,0.25,1.49.3,1-3-6,3350,13,1-3,240,1,1-3-6,1860,7,1-3,160,1,,,,,,,
20250425,大村,8,一般,晴,北西,3,2,2,3,4065,金 田 幸 子,55,47,6.86,3,0.26,1.50.4,1-3-6,3350,13,1-3,240,1,1-3-6,1860,7,1-3,160,1,,,,,,,
20250425,大村,8,一般,晴,北西,3,2,3,6,3546,中 里 昌 志,44,20,6.89,6,0.18,1.51.4,1-3-6,3350,13,1-3,240,1,1-3-6,1860,7,1-3,160,1,,,,,,,
20250425,大村,8,一般,晴,北西,3,2,4,4,4407,鹿 島 敏 弘,32,23,6.82,4,0.23,1.51.8,1-3-6,3350,13,1-3,240,1,1-3-6,1860,7,1-3,160,1,,,,,,,
20250425,大村,8,一般,晴,北西,3,2,5,5,3054,北 川 幸 典,47,29,6.83,5,0.21,,1-3-6,3350,13,1-3,240,1,1-3-6,1860,7,1-3,160,1,,,,,,,
20250425,大村,8,一般,晴,北西,3,2,6,2,3448,高 山 秀 雄,21,22,6.87,2,0.29,,1-3-6,3350,13,1-3,240,1,1-3-6,1860,7,1-3,160,1,,,,,,,
20250425,大村,9,一般特選,晴,北,3,2,1,1,5049,松 井 友 汰,58,19,6.82,1,0.04,1.48.2,1-4-2,2330,10,1-4,520,2,1-2-4,780,4,1-4,400,2,,,,,,,
20250425,大村,9,一般特選,晴,北,3,2,2,4,3577,向 所 浩 二,37,46,6.83,4,0.03,1.51.5,1-4-2,2330,10,1-4,520,2,1-2-4,780,4,1-4,400,2,,,,,,,
20250425,大村,9,一般特選,晴,北,3,2,3,2,4200,早 川 尚 人,28,38,6.87,2,0.16,1.52.7,1-4-2,2330,10,1-4,520,2,1-2-4,780,4,1-4,400,2,,,,,,,
20250425,大村,9,一般特選,晴,北,3,2,4,5,4718,北 川 太 一,50,66,6.84,5,0.09,1.53.7,1-4-2,2330,10,1-4,520,2,1-2-4,780,4,1-4,400,2,,,,,,,
20250425,大村,9,一般特選,晴,北,3,2,5,3,5005,石 田 貴 洋,70,31,6.87,3,0.04,,1-4-2,2330,10,1-4,520,2,1-2-4,780,4,1-4,400,2,,,,,,,
20250425,大村,9,一般特選,晴,北,3,2,6,6,4525,真 子 奈津実,11,15,6.79,6,0.06,,1-4-2,2330,10,1-4,520,2,1-2-4,780,4,1-4,400,2,,,,,,,
20250425,大村,10,特別選抜戦,晴,北,4,3,1,1,4471,新 田 泰 章,24,56,6.82,1,0.12,1.48.7,1-2-4,1050,2,1-2,340,1,1-2-4,430,2,1-2,260,1,,,,,,,
20250425,大村,10,特別選抜戦,晴,北,4,3,2,2,3654,武 田 光 史,20,51,6.84,2,0.13,1.49.6,1-2-4,1050,2,1-2,340,1,1-2-4,430,2,1-2,260,1,,,,,,,
20250425,大村,10,特別選抜戦,晴,北,4,3,3,4,4415,下 出 卓 矢,56,75,6.74,4,0.16,1.51.7,1-2-4,1050,2,1-2,340,1,1-2-4,430,2,1-2,260,1,,,,,,,
20250425,大村,10,特別選抜戦,晴,北,4,3,4,3,4796,春 園 功 太,75,13,6.78,3,0.14,1.52.7,1-2-4,1050,2,1-2,340,1,1-2-4,430,2,1-2,260,1,,,,,,,
20250425,大村,10,特別選抜戦,晴,北,4,3,5,6,4148,枝 尾 賢,36,53,6.85,6,0.16,,1-2-4,1050,2,1-2,340,1,1-2-4,430,2,1-2,260,1,,,,,,,
20250425,大村,10,特別選抜戦,晴,北,4,3,6,5,4927,関 野 文,31,59,6.86,5,0.20,,1-2-4,1050,2,1-2,340,1,1-2-4,430,2,1-2,260,1,,,,,,,
20250425,大村,11,特別選抜戦,晴,北,4,3,1,3,5026,安河内 健,29,48,6.81,3,0.12,1.48.4,3-4-2,7830,24,3-4,3780,10,2-3-4,900,4,3-4,1730,6,,,,,,,
20250425,大村,11,特別選抜戦,晴,北,4,3,2,4,4826,井 上 一 輝,30,28,6.82,4,0.17,1.49.3,3-4-2,7830,24,3-4,3780,10,2-3-4,900,4,3-4,1730,6,,,,,,,
20250425,大村,11,特別選抜戦,晴,北,4,3,3,2,4856,豊 田 健士郎,66,24,6.80,2,0.12,1.51.0,3-4-2,7830,24,3-4,3780,10,2-3-4,900,4,3-4,1730,6,,,,,,,
20250425,大村,11,特別選抜戦,晴,北,4,3,4,1,4433,川 野 芽 唯,76,68,6.79,1,0.18,1.51.4,3-4-2,7830,24,3-4,3780,10,2-3-4,900,4,3-4,1730,6,,,,,,,
20250425,大村,11,特別選抜戦,晴,北,4,3,5,6,3912,川 原 正 明,18,65,6.81,6,0.24,,3-4-2,7830,24,3-4,3780,10,2-3-4,900,4,3-4,1730,6,,,,,,,
20250425,大村,11,特別選抜戦,晴,北,4,3,6,5,3945,橋 口 真 樹,68,74,6.85,5,0.22,,3-4-2,7830,24,3-4,3780,10,2-3-4,900,4,3-4,1730,6,,,,,,,
20250425,大村,12,優勝戦,晴,北,3,2,1,1,4831,羽 野 直 也,53,70,6.83,1,0.11,1.48.5,1-2-4,680,1,1-2,290,1,1-2-4,340,1,1-2,200,1,,,,,,,
20250425,大村,12,優勝戦,晴,北,3,2,2,2,4427,秦 英 悟,23,67,6.77,2,0.13,1.49.6,1-2-4,680,1,1-2,290,1,1-2-4,340,1,1-2,200,1,,,,,,,
20250425,大村,12,優勝戦,晴,北,3,2,3,4,4503,上 野 真之介,67,26,6.84,4,0.12,1.51.2,1-2-4,680,1,1-2,290,1,1-2-4,340,1,1-2,200,1,,,,,,,
20250425,大村,12,優勝戦,晴,北,3,2,4,6,4933,板 橋 侑 我,57,49,6.83,6,0.03,1.52.3,1-2-4,680,1,1-2,290,1,1-2-4,340,1,1-2,200,1,,,,,,,
20250425,大村,12,優勝戦,晴,北,3,2,5,3,4292,麻 生 慎 介,14,50,6.85,3,0.12,,1-2-4,680,1,1-2,290,1,1-2-4,340,1,1-2,200,1,,,,,,,
20250425,大村,12,優勝戦,晴,北,3,2,6,5,4174,赤 坂 俊 輔,38,37,6.85,5,0.11,,1-2-4,680,1,1-2,290,1,1-2-4,340,1,1-2,200,1,,,,,,,
20250425,宮島,1,ファーストＢ,曇り,北東,4,4,1,1,4168,石 野 貴 之,51,76,6.76,1,0.15,1.50.2,1-2-4,780,3,1-2,220,1,1-2-4,520,2,1-2,280,2,,,,,,,
20250425,宮島,1,ファーストＢ,曇り,北東,4,4,2,2,4917,岩 橋 裕 馬,53,73,6.73,2,0.18,1.52.7,1-2-4,780,3,1-2,220,1,1-2-4,520,2,1-2,280,2,,,,,,,
20250425,宮島,1,ファーストＢ,曇り,北東,4,4,3,4,3477,近 藤 稔 也,13,20,6.75,4,0.15,1.53.7,1-2-4,780,3,1-2,220,1,1-2-4,520,2,1-2,280,2,,,,,,,
20250425,宮島,1,ファーストＢ,曇り,北東,4,4,4,3,4740,齋 藤 達 希,24,14,6.74,3,0.14,1.54.7,1-2-4,780,3,1-2,220,1,1-2-4,520,2,1-2,280,2,,,,,,,
20250425,宮島,1,ファーストＢ,曇り,北東,4,4,5,5,4666,日 笠 勝 弘,31,30,6.76,5,0.14,1.55.1,1-2-4,780,3,1-2,220,1,1-2-4,520,2,1-2,280,2,,,,,,,
20250425,宮島,1,ファーストＢ,曇り,北東,4,4,6,6,3503,堂 原 洋 史,67,37,6.79,6,0.11,1.56.0,1-2-4,780,3,1-2,220,1,1-2-4,520,2,1-2,280,2,,,,,,,
20250425,宮島,2,予選,曇り,東,5,5,1,1,4562,阪 本 勇 介,37,51,6.73,1,0.08,1.50.5,1-3-2,1090,1,1-3,760,5,1-2-3,230,1,1-3,550,2,,,,,,,
20250425,宮島,2,予選,曇り,東,5,5,2,3,4566,塩 田 北 斗,63,32,6.72,3,0.19,1.51.7,1-3-2,1090,1,1-3,760,5,1-2-3,230,1,1-3,550,2,,,,,,,
20250425,宮島,2,予選,曇り,東,5,5,3,2,3489,大 場 敏,27,53,6.77,2,0.10,1.52.9,1-3-2,1090,1,1-3,760,5,1-2-3,230,1,1-3,550,2,,,,,,,
20250425,宮島,2,予選,曇り,東,5,5,4,5,4639,雑 賀 勇 貴,21,81,6.71,5,0.10,1.54.0,1-3-2,1090,1,1-3,760,5,1-2-3,230,1,1-3,550,2,,,,,,,
20250425,宮島,2,予選,曇り,東,5,5,5,4,4520,高 倉 孝 太,79,17,6.75,4,0.16,1.55.1,1-3-2,1090,1,1-3,760,5,1-2-3,230,1,1-3,550,2,,,,,,,
20250425,宮島,2,予選,曇り,東,5,5,6,6,3414,加 瀬 智 宏,60,78,6.76,6,0.15,1.56.6,1-3-2,1090,1,1-3,760,5,1-2-3,230,1,1-3,550,2,,,,,,,
20250425,宮島,3,予選,曇り,東,4,4,1,1,4530,小 野 生 奈,58,16,6.76,1,0.04,1.49.1,1-2-3,540,2,1-2,260,1,1-2-3,260,2,1-2,200,1,,,,,,,
20250425,宮島,3,予選,曇り,東,4,4,2,2,5205,刑 部 亜里紗,28,70,6.74,2,0.06,1.50.9,1-2-3,540,2,1-2,260,1,1-2-3,260,2,1-2,200,1,,,,,,,
20250425,宮島,3,予選,曇り,東,4,4,3,3,3334,角 ひとみ,55,56,6.74,3,0.11,1.53.3,1-2-3,540,2,1-2,260,1,1-2-3,260,2,1-2,200,1,,,,,,,
20250425,宮島,3,予選,曇り,東,4,4,4,4,5241,門 田 栞,70,64,6.74,4,0.08,1.53.4,1-2-3,540,2,1-2,260,1,1-2-3,260,2,1-2,200,1,,,,,,,
20250425,宮島,3,予選,曇り,東,4,4,5,5,3528,笠 野 友紀恵,26,33,6.78,5,0.16,1.55.2,1-2-3,540,2,1-2,260,1,1-2-3,260,2,1-2,200,1,,,,,,,
20250425,宮島,3,予選,曇り,東,4,4,6,6,5306,河 内 悠利杏,22,18,6.81,6,0.23,1.58.2,1-2-3,540,2,1-2,260,1,1-2-3,260,2,1-2,200,1,,,,,,,
20250425,宮島,4,ランチ特賞,曇り,東,2,2,1,1,4787,椎 名 豊,59,36,6.67,1,0.07,1.54.5,1-3-4,680,1,1-3,250,1,1-3-4,440,3,1-3,240,1,,,,,,,
20250425,宮島,4,ランチ特賞,曇り,東,2,2,2,3,4738,清 埜 翔 子,36,15,6.70,3,0.10,1.57.4,1-3-4,680,1,1-3,250,1,1-3-4,440,3,1-3,240,1,,,,,,,
20250425,宮島,4,ランチ特賞,曇り,東,2,2,3,4,4052,興 津 藍,81,71,6.74,4,0.08,2.01.9,1-3-4,680,1,1-3,250,1,1-3-4,440,3,1-3,240,1,,,,,,,
20250425,宮島,4,ランチ特賞,曇り,東,2,2,4,6,3873,別 府 昌 樹,18,39,6.81,6,0.15,2.05.0,1-3-4,680,1,1-3,250,1,1-3-4,440,3,1-3,240,1,,,,,,,
20250425,宮島,4,ランチ特賞,曇り,東,2,2,5,5,4578,藤 山 雅 弘,73,27,6.74,5,0.03,2.08.8,1-3-4,680,1,1-3,250,1,1-3-4,440,3,1-3,240,1,,,,,,,
20250425,宮島,4,ランチ特賞,曇り,東,2,2,S1,2,4623,中 北 将 史,19,61,6.61,2,0.26,,1-3-4,680,1,1-3,250,1,1-3-4,440,3,1-3,240,1,,,,,,,
20250425,宮島,5,予選,曇り,東,2,2,1,1,3983,須 藤 博 倫,82,67,6.66,1,0.06,1.49.5,1-2-5,1410,6,1-2,410,2,1-2-5,710,4,1-2,230,2,,,,,,,
20250425,宮島,5,予選,曇り,東,2,2,2,2,5280,廣 瀬 凜,68,75,6.76,2,0.09,1.51.1,1-2-5,1410,6,1-2,410,2,1-2-5,710,4,1-2,230,2,,,,,,,
20250425,宮島,5,予選,曇り,東,2,2,3,5,3562,山 下 和 彦,23,60,6.72,5,0.11,1.52.4,1-2-5,1410,6,1-2,410,2,1-2-5,710,4,1-2,230,2,,,,,,,
20250425,宮島,5,予選,曇り,東,2,2,4,3,4189,川 上 剛,72,26,6.70,3,0.19,1.53.8,1-2-5,1410,6,1-2,410,2,1-2-5,710,4,1-2,230,2,,,,,,,
20250425,宮島,5,予選,曇り,東,2,2,5,4,3503,堂 原 洋 史,67,37,6.73,4,0.17,1.54.6,1-2-5,1410,6,1-2,410,2,1-2-5,710,4,1-2,230,2,,,,,,,
20250425,宮島,5,予選,曇り,東,2,2,6,6,3519,冨 田 秀 幸,34,62,6.73,6,0.17,1.55.0,1-2-5,1410,6,1-2,410,2,1-2-5,710,4,1-2,230,2,,,,,,,
20250425,宮島,6,予選,曇り,東,1,1,1,3,3713,伊 藤 誠 二,14,19,6.74,3,0.13,1.49.6,3-1-4,11620,43,3-1,2030,11,1-3-4,1530,8,1-3,610,3,,,,,,,
20250425,宮島,6,予選,曇り,東,1,1,2,1,4666,日 笠 勝 弘,31,30,6.73,1,0.24,1.51.4,3-1-4,11620,43,3-1,2030,11,1-3-4,1530,8,1-3,610,3,,,,,,,
20250425,宮島,6,予選,曇り,東,1,1,3,4,4562,阪 本 勇 介,37,51,6.71,5,0.13,1.52.8,3-1-4,11620,43,3-1,2030,11,1-3-4,1530,8,1-3,610,3,,,,,,,
20250425,宮島,6,予選,曇り,東,1,1,4,6,4262,馬 場 貴 也,25,58,6.78,4,0.13,1.52.9,3-1-4,11620,43,3-1,2030,11,1-3-4,1530,8,1-3,610,3,,,,,,,
20250425,宮島,6,予選,曇り,東,1,1,5,5,4863,三 浦 裕 貴,77,11,6.77,6,0.12,1.54.6,3-1-4,11620,43,3-1,2030,11,1-3-4,1530,8,1-3,610,3,,,,,,,
20250425,宮島,6,予選,曇り,東,1,1,6,2,3346,宮 本 裕 之,30,82,6.77,2,0.17,1.58.7,3-1-4,11620,43,3-1,2030,11,1-3-4,1530,8,1-3,610,3,,,,,,,
20250425,宮島,7,予選,曇り,東,1,1,1,1,4639,雑 賀 勇 貴,21,81,6.69,1,0.10,1.49.3,1-4-3,1550,4,1-4,590,3,1-3-4,450,3,1-4,320,1,,,,,,,
20250425,宮島,7,予選,曇り,東,1,1,2,4,4418,茅 原 悠 紀,71,54,6.70,4,0.10,1.50.6,1-4-3,1550,4,1-4,590,3,1-3-4,450,3,1-4,320,1,,,,,,,
20250425,宮島,7,予選,曇り,東,1,1,3,3,4530,小 野 生 奈,58,16,6.71,3,0.12,1.51.4,1-4-3,1550,4,1-4,590,3,1-3-4,450,3,1-4,320,1,,,,,,,
20250425,宮島,7,予選,曇り,東,1,1,4,2,4305,金 子 拓 矢,33,59,6.77,2,0.10,1.52.2,1-4-3,1550,4,1-4,590,3,1-3-4,450,3,1-4,320,1,,,,,,,
20250425,宮島,7,予選,曇り,東,1,1,5,5,4740,齋 藤 達 希,24,14,6.72,5,0.12,1.54.5,1-4-3,1550,4,1-4,590,3,1-3-4,450,3,1-4,320,1,,,,,,,
20250425,宮島,7,予選,曇り,東,1,1,6,6,4995,田 邉 亮 蔵,20,21,6.75,6,0.13,1.55.3,1-4-3,1550,4,1-4,590,3,1-3-4,450,3,1-4,320,1,,,,,,,
20250425,宮島,8,予選,曇り,無風,0,1,1,2,4052,興 津 藍,81,71,6.70,2,0.04,1.49.2,2-3-4,3420,11,2-3,1440,5,2-3-4,1000,4,2-3,960,5,,,,,,,
20250425,宮島,8,予選,曇り,無風,0,1,2,3,3852,澤 大 介,32,34,6.72,3,0.03,1.50.1,2-3-4,3420,11,2-3,1440,5,2-3-4,1000,4,2-3,960,5,,,,,,,
20250425,宮島,8,予選,曇り,無風,0,1,3,4,4208,三 浦 永 理,12,52,6.71,4,0.20,1.51.1,2-3-4,3420,11,2-3,1440,5,2-3-4,1000,4,2-3,960,5,,,,,,,
20250425,宮島,8,予選,曇り,無風,0,1,4,1,4520,高 倉 孝 太,79,17,6.75,1,0.04,1.53.2,2-3-4,3420,11,2-3,1440,5,2-3-4,1000,4,2-3,960,5,,,,,,,
20250425,宮島,8,予選,曇り,無風,0,1,5,6,4000,松 本 博 昭,38,23,6.72,6,0.26,1.54.7,2-3-4,3420,11,2-3,1440,5,2-3-4,1000,4,2-3,960,5,,,,,,,
20250425,宮島,8,予選,曇り,無風,0,1,6,5,3477,近 藤 稔 也,13,20,6.76,5,0.30,1.55.9,2-3-4,3420,11,2-3,1440,5,2-3-4,1000,4,2-3,960,5,,,,,,,
20250425,宮島,9,予選,曇り,南,2,2,1,1,4578,藤 山 雅 弘,73,79,6.69,1,0.14,1.49.9,1-4-6,2480,8,1-4,390,1,1-4-6,860,3,1-4,170,1,,,,,,,
20250425,宮島,9,予選,曇り,南,2,2,2,4,4168,石 野 貴 之,51,76,6.63,4,0.21,1.51.4,1-4-6,2480,8,1-4,390,1,1-4-6,860,3,1-4,170,1,,,,,,,
20250425,宮島,9,予選,曇り,南,2,2,3,6,5241,門 田 栞,70,64,6.70,6,0.30,1.52.5,1-4-6,2480,8,1-4,390,1,1-4-6,860,3,1-4,170,1,,,,,,,
20250425,宮島,9,予選,曇り,南,2,2,4,5,5280,廣 瀬 凜,68,75,6.77,5,0.38,1.53.3,1-4-6,2480,8,1-4,390,1,1-4-6,860,3,1-4,170,1,,,,,,,
20250425,宮島,9,予選,曇り,南,2,2,5,3,3414,加 瀬 智 宏,60,78,6.70,3,0.25,1.55.2,1-4-6,2480,8,1-4,390,1,1-4-6,860,3,1-4,170,1,,,,,,,
20250425,宮島,9,予選,曇り,南,2,2,6,2,4420,津久井 拓 也,65,69,6.71,2,0.16,1.57.4,1-4-6,2480,8,1-4,390,1,1-4-6,860,3,1-4,170,1,,,,,,,
20250425,宮島,10,特賞,曇り,南西,3,3,1,4,4863,三 浦 裕 貴,77,11,6.71,4,0.04,1.50.5,4-2-1,8280,19,4-2,3960,10,1-2-4,340,1,2-4,1770,6,,,,,,,
20250425,宮島,10,特賞,曇り,南西,3,3,2,2,3519,冨 田 秀 幸,34,62,6.71,2,0.18,1.52.0,4-2-1,8280,19,4-2,3960,10,1-2-4,340,1,2-4,1770,6,,,,,,,
20250425,宮島,10,特賞,曇り,南西,3,3,3,1,3562,山 下 和 彦,23,60,6.68,1,0.23,1.53.5,4-2-1,8280,19,4-2,3960,10,1-2-4,340,1,2-4,1770,6,,,,,,,
20250425,宮島,10,特賞,曇り,南西,3,3,4,5,5306,河 内 悠利杏,22,18,6.70,5,0.13,1.54.5,4-2-1,8280,19,4-2,3960,10,1-2-4,340,1,2-4,1770,6,,,,,,,
20250425,宮島,10,特賞,曇り,南西,3,3,5,6,4917,岩 橋 裕 馬,53,73,6.65,6,0.07,1.55.4,4-2-1,8280,19,4-2,3960,10,1-2-4,340,1,2-4,1770,6,,,,,,,
20250425,宮島,10,特賞,曇り,南西,3,3,6,3,3346,宮 本 裕 之,30,82,6.67,3,0.11,1.56.5,4-2-1,8280,19,4-2,3960,10,1-2-4,340,1,2-4,1770,6,,,,,,,
20250425,宮島,11,特選,曇り,南西,4,4,1,1,4566,塩 田 北 斗,63,32,6.65,1,0.15,1.48.3,1-2-5,2070,7,1-2,250,2,1-2-5,1180,4,1-2,320,2,,,,,,,
20250425,宮島,11,特選,曇り,南西,4,4,2,2,3983,須 藤 博 倫,82,67,6.59,2,0.14,1.51.1,1-2-5,2070,7,1-2,250,2,1-2-5,1180,4,1-2,320,2,,,,,,,
20250425,宮島,11,特選,曇り,南西,4,4,3,5,4623,中 北 将 史,19,61,6.59,5,0.15,1.52.3,1-2-5,2070,7,1-2,250,2,1-2-5,1180,4,1-2,320,2,,,,,,,
20250425,宮島,11,特選,曇り,南西,4,4,4,3,4262,馬 場 貴 也,25,58,6.66,3,0.16,1.53.1,1-2-5,2070,7,1-2,250,2,1-2-5,1180,4,1-2,320,2,,,,,,,
20250425,宮島,11,特選,曇り,南西,4,4,5,6,4738,清 埜 翔 子,36,15,6.66,6,0.18,1.54.6,1-2-5,2070,7,1-2,250,2,1-2-5,1180,4,1-2,320,2,,,,,,,
20250425,宮島,11,特選,曇り,南西,4,4,6,4,4995,田 邉 亮 蔵,20,21,6.69,4,0.17,1.55.2,1-2-5,2070,7,1-2,250,2,1-2-5,1180,4,1-2,320,2,,,,,,,
20250425,宮島,12,モンタ特選,曇り,南西,3,3,1,1,4418,茅 原 悠 紀,71,54,6.68,1,0.13,1.48.1,1-4-2,1470,7,1-4,380,3,1-2-4,580,3,1-4,470,3,,,,,,,
20250425,宮島,12,モンタ特選,曇り,南西,3,3,2,4,3852,澤 大 介,32,34,6.69,4,0.15,1.51.1,1-4-2,1470,7,1-4,380,3,1-2-4,580,3,1-4,470,3,,,,,,,
20250425,宮島,12,モンタ特選,曇り,南西,3,3,3,2,4189,川 上 剛,72,26,6.70,2,0.11,1.52.3,1-4-2,1470,7,1-4,380,3,1-2-4,580,3,1-4,470,3,,,,,,,
20250425,宮島,12,モンタ特選,曇り,南西,3,3,4,3,3873,別 府 昌 樹,18,39,6.73,3,0.12,1.52.9,1-4-2,1470,7,1-4,380,3,1-2-4,580,3,1-4,470,3,,,,,,,
20250425,宮島,12,モンタ特選,曇り,南西,3,3,5,5,3713,伊 藤 誠 二,14,19,6.71,5,0.09,1.53.7,1-4-2,1470,7,1-4,380,3,1-2-4,580,3,1-4,470,3,,,,,,,
20250425,宮島,12,モンタ特選,曇り,南西,3,3,6,6,3489,大 場 敏,27,53,6.68,6,0.10,1.54.4,1-4-2,1470,7,1-4,380,3,1-2-4,580,3,1-4,470,3,,,,,,,
20250425,尼崎,1,朝からセンプ,曇り,北東,4,0,1,3,4526,池 田 雄 祐,38,48,6.88,3,0.17,1.48.3,3-1-4,1780,4,3-1,710,3,1-3-4,630,2,1-3,360,2,,,,,,,
20250425,尼崎,1,朝からセンプ,曇り,北東,4,0,2,1,4097,貫地谷 直 人,59,17,6.93,1,0.13,1.50.5,3-1-4,1780,4,3-1,710,3,1-3-4,630,2,1-3,360,2,,,,,,,
20250425,尼崎,1,朝からセンプ,曇り,北東,4,0,3,4,3304,烏 野 賢 太,58,24,6.90,4,0.16,1.52.5,3-1-4,1780,4,3-1,710,3,1-3-4,630,2,1-3,360,2,,,,,,,
20250425,尼崎,1,朝からセンプ,曇り,北東,4,0,4,5,4382,高 山 智 至,20,38,6.90,5,0.08,1.55.1,3-1-4,1780,4,3-1,710,3,1-3-4,630,2,1-3,360,2,,,,,,,
20250425,尼崎,1,朝からセンプ,曇り,北東,4,0,5,6,4648,木 村 亮 太,27,58,6.88,6,0.06,1.56.0,3-1-4,1780,4,3-1,710,3,1-3-4,630,2,1-3,360,2,,,,,,,
20250425,尼崎,1,朝からセンプ,曇り,北東,4,0,6,2,3478,嶋 田 貴 支,43,40,6.95,2,0.16,1.56.6,3-1-4,1780,4,3-1,710,3,1-3-4,630,2,1-3,360,2,,,,,,,
20250425,尼崎,2,予選,曇り,北,1,0,1,2,4436,渋 谷 明 憲,9,70,6.85,2,0.14,1.48.7,2-3-4,1380,3,2-3,650,3,2-3-4,430,2,2-3,570,3,,,,,,,
20250425,尼崎,2,予選,曇り,北,1,0,2,3,4209,藤 田 竜 弘,3,22,6.98,3,0.14,1.50.7,2-3-4,1380,3,2-3,650,3,2-3-4,430,2,2-3,570,3,,,,,,,
20250425,尼崎,2,予選,曇り,北,1,0,3,4,4057,松 井 賢 治,57,15,6.88,4,0.08,1.51.6,2-3-4,1380,3,2-3,650,3,2-3-4,430,2,2-3,570,3,,,,,,,
20250425,尼崎,2,予選,曇り,北,1,0,4,5,3788,一 宮 稔 弘,4,53,6.93,5,0.07,1.53.1,2-3-4,1380,3,2-3,650,3,2-3-4,430,2,2-3,570,3,,,,,,,
20250425,尼崎,2,予選,曇り,北,1,0,5,1,3660,長谷川 親 王,10,62,6.96,1,0.22,1.56.2,2-3-4,1380,3,2-3,650,3,2-3-4,430,2,2-3,570,3,,,,,,,
20250425,尼崎,2,予選,曇り,北,1,0,6,6,5237,永 松 良 教,32,41,6.88,6,0.09,1.57.3,2-3-4,1380,3,2-3,650,3,2-3-4,430,2,2-3,570,3,,,,,,,
20250425,尼崎,3,予選,曇り,北西,4,0,1,6,5017,澤 田 尚 也,33,16,6.82,5,0.18,1.48.8,6-1-3,8880,25,6-1,3430,11,1-3-6,600,3,1-6,620,3,,,,,,,
20250425,尼崎,3,予選,曇り,北西,4,0,2,1,4359,横 川 聖 志,11,26,6.92,1,0.16,1.50.2,6-1-3,8880,25,6-1,3430,11,1-3-6,600,3,1-6,620,3,,,,,,,
20250425,尼崎,3,予選,曇り,北西,4,0,3,3,4152,深 水 慎一郎,37,20,6.85,3,0.14,1.52.8,6-1-3,8880,25,6-1,3430,11,1-3-6,600,3,1-6,620,3,,,,,,,
20250425,尼崎,3,予選,曇り,北西,4,0,4,4,4511,中 岡 健 人,13,57,6.88,4,0.17,1.53.9,6-1-3,8880,25,6-1,3430,11,1-3-6,600,3,1-6,620,3,,,,,,,
20250425,尼崎,3,予選,曇り,北西,4,0,5,2,4910,中 村 泰 平,49,50,6.81,2,0.19,1.54.1,6-1-3,8880,25,6-1,3430,11,1-3-6,600,3,1-6,620,3,,,,,,,
20250425,尼崎,3,予選,曇り,北西,4,0,6,5,3722,西 村 秀 樹,1,72,6.86,6,0.26,1.55.7,6-1-3,8880,25,6-1,3430,11,1-3-6,600,3,1-6,620,3,,,,,,,
20250425,尼崎,4,予選,晴,北東,3,0,1,1,4735,角 山 雄 哉,14,73,6.87,1,0.08,1.48.9,1-3-5,1030,3,1-3,560,3,1-3-5,230,1,1-3,260,1,,,,,,,
20250425,尼崎,4,予選,晴,北東,3,0,2,3,5136,濱 野 斗 馬,8,51,6.80,3,0.05,1.50.3,1-3-5,1030,3,1-3,560,3,1-3-5,230,1,1-3,260,1,,,,,,,
20250425,尼崎,4,予選,晴,北東,3,0,3,5,4033,伊 藤 将 吉,50,52,6.86,5,0.08,1.52.2,1-3-5,1030,3,1-3,560,3,1-3-5,230,1,1-3,260,1,,,,,,,
20250425,尼崎,4,予選,晴,北東,3,0,4,6,3977,山 本 兼 士,31,56,6.87,6,0.11,1.53.4,1-3-5,1030,3,1-3,560,3,1-3-5,230,1,1-3,260,1,,,,,,,
20250425,尼崎,4,予選,晴,北東,3,0,5,4,5323,香 川 陽 太,42,12,6.89,4,0.07,1.54.5,1-3-5,1030,3,1-3,560,3,1-3-5,230,1,1-3,260,1,,,,,,,
20250425,尼崎,4,予選,晴,北東,3,0,6,2,5258,仲 本 舜,54,69,6.89,2,0.08,1.57.2,1-3-5,1030,3,1-3,560,3,1-3-5,230,1,1-3,260,1,,,,,,,
20250425,尼崎,5,予選,晴,北東,3,0,1,1,4905,土 井 祥 伍,48,35,6.88,1,0.10,1.49.1,1-5-2,1800,6,1-5,830,4,1-2-5,240,1,1-5,830,3,,,,,,,
20250425,尼崎,5,予選,晴,北東,3,0,2,5,4704,河 野 大,26,45,6.86,5,0.18,1.50.4,1-5-2,1800,6,1-5,830,4,1-2-5,240,1,1-5,830,3,,,,,,,
20250425,尼崎,5,予選,晴,北東,3,0,3,2,4348,宮 崎 奨,51,75,6.87,2,0.12,1.52.2,1-5-2,1800,6,1-5,830,4,1-2-5,240,1,1-5,830,3,,,,,,,
20250425,尼崎,5,予選,晴,北東,3,0,4,6,4094,中 島 真 二,15,49,6.86,6,0.16,1.53.7,1-5-2,1800,6,1-5,830,4,1-2-5,240,1,1-5,830,3,,,,,,,
20250425,尼崎,5,予選,晴,北東,3,0,5,4,5282,中 本 大 樹,47,63,6.86,4,0.26,1.55.2,1-5-2,1800,6,1-5,830,4,1-2-5,240,1,1-5,830,3,,,,,,,
20250425,尼崎,5,予選,晴,北東,3,0,6,3,3805,高 橋 英 之,55,28,6.88,3,0.14,1.56.8,1-5-2,1800,6,1-5,830,4,1-2-5,240,1,1-5,830,3,,,,,,,
20250425,尼崎,6,昼どきピンク,晴,南東,1,0,1,1,4953,尾 上 雅 也,29,46,6.83,1,0.18,1.48.4,1-4-2,560,2,1-4,410,2,1-2-4,210,1,1-4,190,1,,,,,,,
20250425,尼崎,6,昼どきピンク,晴,南東,1,0,2,4,3975,小野寺 智 洋,12,18,6.83,4,0.13,1.50.4,1-4-2,560,2,1-4,410,2,1-2-4,210,1,1-4,190,1,,,,,,,
20250425,尼崎,6,昼どきピンク,晴,南東,1,0,3,2,4648,木 村 亮 太,27,58,6.87,2,0.19,1.52.0,1-4-2,560,2,1-4,410,2,1-2-4,210,1,1-4,190,1,,,,,,,
20250425,尼崎,6,昼どきピンク,晴,南東,1,0,4,3,4343,村 岡 賢,41,47,6.87,3,0.15,1.52.5,1-4-2,560,2,1-4,410,2,1-2-4,210,1,1-4,190,1,,,,,,,
20250425,尼崎,6,昼どきピンク,晴,南東,1,0,5,5,3642,大 塚 浩 二,60,67,6.88,5,0.16,1.54.9,1-4-2,560,2,1-4,410,2,1-2-4,210,1,1-4,190,1,,,,,,,
20250425,尼崎,6,昼どきピンク,晴,南東,1,0,6,6,5366,塩 嶋 泰 空,46,19,7.01,6,0.14,1.57.3,1-4-2,560,2,1-4,410,2,1-2-4,210,1,1-4,190,1,,,,,,,
20250425,尼崎,7,予選,曇り,北,3,0,1,1,4082,濱 崎 誠,39,21,6.83,1,0.10,1.50.1,1-3-4,2990,12,1-3,460,2,1-3-4,1290,6,1-3,340,2,,,,,,,
20250425,尼崎,7,予選,曇り,北,3,0,2,3,4109,谷 津 幸 宏,34,68,6.88,3,0.08,1.50.6,1-3-4,2990,12,1-3,460,2,1-3-4,1290,6,1-3,340,2,,,,,,,
20250425,尼崎,7,予選,曇り,北,3,0,3,4,4894,原 村 拓 也,25,36,6.86,4,0.18,1.53.0,1-3-4,2990,12,1-3,460,2,1-3-4,1290,6,1-3,340,2,,,,,,,
20250425,尼崎,7,予選,曇り,北,3,0,4,5,4209,藤 田 竜 弘,3,22,6.95,5,0.12,1.53.9,1-3-4,2990,12,1-3,460,2,1-3-4,1290,6,1-3,340,2,,,,,,,
20250425,尼崎,7,予選,曇り,北,3,0,5,2,5075,中 島 秀 治,21,66,6.85,2,0.09,1.54.8,1-3-4,2990,12,1-3,460,2,1-3-4,1290,6,1-3,340,2,,,,,,,
20250425,尼崎,7,予選,曇り,北,3,0,6,6,4526,池 田 雄 祐,38,48,6.79,6,0.09,1.55.5,1-3-4,2990,12,1-3,460,2,1-3-4,1290,6,1-3,340,2,,,,,,,
20250425,尼崎,8,予選,晴,西,3,0,1,4,5043,中 村 日 向,61,23,6.84,4,0.08,1.48.5,4-3-5,8300,40,4-3,1390,8,3-4-5,1840,8,3-4,620,3,,,,,,,
20250425,尼崎,8,予選,晴,西,3,0,2,3,3977,山 本 兼 士,31,56,6.88,3,0.09,1.50.6,4-3-5,8300,40,4-3,1390,8,3-4-5,1840,8,3-4,620,3,,,,,,,
20250425,尼崎,8,予選,晴,西,3,0,3,5,4097,貫地谷 直 人,59,17,6.90,5,0.11,1.52.9,4-3-5,8300,40,4-3,1390,8,3-4-5,1840,8,3-4,620,3,,,,,,,
20250425,尼崎,8,予選,晴,西,3,0,4,6,4120,柘 植 政 浩,40,54,6.89,6,0.09,1.53.7,4-3-5,8300,40,4-3,1390,8,3-4-5,1840,8,3-4,620,3,,,,,,,
20250425,尼崎,8,予選,晴,西,3,0,5,2,3955,眞 田 英 二,53,42,6.94,2,0.18,1.54.6,4-3-5,8300,40,4-3,1390,8,3-4-5,1840,8,3-4,620,3,,,,,,,
20250425,尼崎,8,予選,晴,西,3,0,6,1,3804,中 渡 修 作,56,55,6.90,1,0.18,1.56.9,4-3-5,8300,40,4-3,1390,8,3-4-5,1840,8,3-4,620,3,,,,,,,
20250425,尼崎,9,予選特賞,曇り,西,4,0,1,1,4649,和 田 操 拓,16,14,6.75,1,0.13,1.49.2,1-6-3,3300,10,1-6,1150,5,1-3-6,480,3,1-6,1080,4,,,,,,,
20250425,尼崎,9,予選特賞,曇り,西,4,0,2,6,4839,四 宮 与 寛,2,71,6.83,6,0.03,1.51.1,1-6-3,3300,10,1-6,1150,5,1-3-6,480,3,1-6,1080,4,,,,,,,
20250425,尼崎,9,予選特賞,曇り,西,4,0,3,3,4159,向 後 龍 一,52,74,6.81,3,0.12,1.52.2,1-6-3,3300,10,1-6,1150,5,1-3-6,480,3,1-6,1080,4,,,,,,,
20250425,尼崎,9,予選特賞,曇り,西,4,0,4,4,3478,嶋 田 貴 支,43,40,6.81,4,0.21,1.53.6,1-6-3,3300,10,1-6,1150,5,1-3-6,480,3,1-6,1080,4,,,,,,,
20250425,尼崎,9,予選特賞,曇り,西,4,0,5,5,4735,角 山 雄 哉,14,73,6.83,5,0.09,1.54.4,1-6-3,3300,10,1-6,1150,5,1-3-6,480,3,1-6,1080,4,,,,,,,
20250425,尼崎,9,予選特賞,曇り,西,4,0,6,2,4094,中 島 真 二,15,49,6.82,2,0.18,1.58.2,1-6-3,3300,10,1-6,1150,5,1-3-6,480,3,1-6,1080,4,,,,,,,
20250425,尼崎,10,予選特賞,晴,西,5,3,1,4,4152,深 水 慎一郎,37,20,6.78,4,0.22,1.50.6,4-1-3,6440,18,4-1,1920,6,1-3-4,290,1,1-4,490,2,,,,,,,
20250425,尼崎,10,予選特賞,晴,西,5,3,2,1,4057,松 井 賢 治,57,15,6.74,1,0.18,1.51.6,4-1-3,6440,18,4-1,1920,6,1-3-4,290,1,1-4,490,2,,,,,,,
20250425,尼崎,10,予選特賞,晴,西,5,3,3,3,3304,烏 野 賢 太,58,24,6.78,3,0.22,1.53.0,4-1-3,6440,18,4-1,1920,6,1-3-4,290,1,1-4,490,2,,,,,,,
20250425,尼崎,10,予選特賞,晴,西,5,3,4,5,5258,仲 本 舜,54,69,6.83,5,0.34,1.53.0,4-1-3,6440,18,4-1,1920,6,1-3-4,290,1,1-4,490,2,,,,,,,
20250425,尼崎,10,予選特賞,晴,西,5,3,5,6,4348,宮 崎 奨,51,75,6.85,6,0.20,1.55.2,4-1-3,6440,18,4-1,1920,6,1-3-4,290,1,1-4,490,2,,,,,,,
20250425,尼崎,10,予選特賞,晴,西,5,3,6,2,3642,大 塚 浩 二,60,67,6.80,2,0.22,1.57.7,4-1-3,6440,18,4-1,1920,6,1-3-4,290,1,1-4,490,2,,,,,,,
20250425,尼崎,11,予選特選,曇り,南西,4,0,1,1,4033,伊 藤 将 吉,50,52,6.79,1,0.13,1.49.6,1-6-4,3290,13,1-6,1760,6,1-4-6,740,3,1-6,1460,5,,,,,,,
20250425,尼崎,11,予選特選,曇り,南西,4,0,2,6,4910,中 村 泰 平,49,50,6.78,6,0.19,1.51.2,1-6-4,3290,13,1-6,1760,6,1-4-6,740,3,1-6,1460,5,,,,,,,
20250425,尼崎,11,予選特選,曇り,南西,4,0,3,4,4436,渋 谷 明 憲,9,70,6.79,4,0.14,1.51.8,1-6-4,3290,13,1-6,1760,6,1-4-6,740,3,1-6,1460,5,,,,,,,
20250425,尼崎,11,予選特選,曇り,南西,4,0,4,2,3975,小野寺 智 洋,12,18,6.77,2,0.14,1.52.9,1-6-4,3290,13,1-6,1760,6,1-4-6,740,3,1-6,1460,5,,,,,,,
20250425,尼崎,11,予選特選,曇り,南西,4,0,5,5,3805,高 橋 英 之,55,28,6.82,5,0.11,1.53.1,1-6-4,3290,13,1-6,1760,6,1-4-6,740,3,1-6,1460,5,,,,,,,
20250425,尼崎,11,予選特選,曇り,南西,4,0,6,3,4382,高 山 智 至,20,38,6.87,3,0.14,1.57.2,1-6-4,3290,13,1-6,1760,6,1-4-6,740,3,1-6,1460,5,,,,,,,
20250425,尼崎,12,記者選抜戦,曇り,西,2,0,1,1,5043,中 村 日 向,61,23,6.75,1,0.14,1.55.2,1-2-4,1520,6,1-2,330,2,1-2-4,720,3,1-2,280,2,,,,,,,
20250425,尼崎,12,記者選抜戦,曇り,西,2,0,2,2,4704,河 野 大,26,45,6.81,2,0.16,1.58.5,1-2-4,1520,6,1-2,330,2,1-2-4,720,3,1-2,280,2,,,,,,,
20250425,尼崎,12,記者選抜戦,曇り,西,2,0,3,4,4953,尾 上 雅 也,29,46,6.79,4,0.15,2.01.3,1-2-4,1520,6,1-2,330,2,1-2-4,720,3,1-2,280,2,,,,,,,
20250425,尼崎,12,記者選抜戦,曇り,西,2,0,4,3,5017,澤 田 尚 也,33,16,6.78,3,0.14,2.04.9,1-2-4,1520,6,1-2,330,2,1-2-4,720,3,1-2,280,2,,,,,,,
20250425,尼崎,12,記者選抜戦,曇り,西,2,0,5,5,5075,中 島 秀 治,21,66,6.80,5,0.15,2.08.5,1-2-4,1520,6,1-2,330,2,1-2-4,720,3,1-2,280,2,,,,,,,
20250425,尼崎,12,記者選抜戦,曇り,西,2,0,S1,6,5136,濱 野 斗 馬,8,51,6.76,6,0.10,,1-2-4,1520,6,1-2,330,2,1-2-4,720,3,1-2,280,2,,,,,,,
20250425,常滑,1,朝トコ小判Ｒ,曇り,北西,6,4,1,1,4351,里 岡 右 貴,10,49,6.78,1,0.09,1.50.4,1-2-5,1520,6,1-2,340,2,1-2-5,1110,6,1-2,310,2,,,,,,,
20250425,常滑,1,朝トコ小判Ｒ,曇り,北西,6,4,2,2,4035,杉 江 浩 明,40,16,6.75,2,0.18,1.51.8,1-2-5,1520,6,1-2,340,2,1-2-5,1110,6,1-2,310,2,,,,,,,
20250425,常滑,1,朝トコ小判Ｒ,曇り,北西,6,4,3,5,4558,宮 野 仁,22,20,6.74,5,0.11,1.53.8,1-2-5,1520,6,1-2,340,2,1-2-5,1110,6,1-2,310,2,,,,,,,
20250425,常滑,1,朝トコ小判Ｒ,曇り,北西,6,4,4,6,4691,水 原 慎,44,60,6.76,6,0.06,1.55.1,1-2-5,1520,6,1-2,340,2,1-2-5,1110,6,1-2,310,2,,,,,,,
20250425,常滑,1,朝トコ小判Ｒ,曇り,北西,6,4,5,3,4054,福 嶋 智 之,59,39,6.75,3,0.16,,1-2-5,1520,6,1-2,340,2,1-2-5,1110,6,1-2,310,2,,,,,,,
20250425,常滑,1,朝トコ小判Ｒ,曇り,北西,6,4,6,4,5175,島 崎 丈一朗,34,67,6.73,4,0.17,,1-2-5,1520,6,1-2,340,2,1-2-5,1110,6,1-2,310,2,,,,,,,
20250425,常滑,2,予選,曇り,北西,5,3,1,3,4227,安 達 裕 樹,31,21,6.75,3,0.32,1.51.1,3-1-4,1490,5,3-1,530,2,1-3-4,420,3,1-3,150,1,,,,,,,
20250425,常滑,2,予選,曇り,北西,5,3,2,1,3687,花 田 和 明,29,41,6.73,1,0.26,1.52.3,3-1-4,1490,5,3-1,530,2,1-3-4,420,3,1-3,150,1,,,,,,,
20250425,常滑,2,予選,曇り,北西,5,3,3,4,4979,中 野 夢 斗,30,74,6.82,4,0.28,1.53.3,3-1-4,1490,5,3-1,530,2,1-3-4,420,3,1-3,150,1,,,,,,,
20250425,常滑,2,予選,曇り,北西,5,3,4,5,2878,富 山 弘 幸,27,65,6.76,5,0.29,1.54.1,3-1-4,1490,5,3-1,530,2,1-3-4,420,3,1-3,150,1,,,,,,,
20250425,常滑,2,予選,曇り,北西,5,3,5,6,5353,草 川 壮 良,61,36,6.74,6,0.28,,3-1-4,1490,5,3-1,530,2,1-3-4,420,3,1-3,150,1,,,,,,,
20250425,常滑,2,予選,曇り,北西,5,3,6,2,3834,細 川 明 人,25,55,6.81,2,0.31,,3-1-4,1490,5,3-1,530,2,1-3-4,420,3,1-3,150,1,,,,,,,
20250425,常滑,3,予選,曇り,北西,5,3,1,3,4626,伊 藤 紘 章,23,11,6.80,3,0.24,1.50.5,3-5-2,12010,28,3-5,6630,14,2-3-5,480,3,3-5,4810,9,,,,,,,
20250425,常滑,3,予選,曇り,北西,5,3,2,5,3841,佐々木 和 伸,58,13,6.79,5,0.19,1.51.1,3-5-2,12010,28,3-5,6630,14,2-3-5,480,3,3-5,4810,9,,,,,,,
20250425,常滑,3,予選,曇り,北西,5,3,3,2,4230,濱 崎 直 矢,51,38,6.72,2,0.21,1.51.9,3-5-2,12010,28,3-5,6630,14,2-3-5,480,3,3-5,4810,9,,,,,,,
20250425,常滑,3,予選,曇り,北西,5,3,4,6,5379,廣 部 大 明,36,32,6.78,6,0.38,1.55.2,3-5-2,12010,28,3-5,6630,14,2-3-5,480,3,3-5,4810,9,,,,,,,
20250425,常滑,3,予選,曇り,北西,5,3,5,4,3812,山 崎 聖 司,50,57,6.74,4,0.17,,3-5-2,12010,28,3-5,6630,14,2-3-5,480,3,3-5,4810,9,,,,,,,
20250425,常滑,3,予選,曇り,北西,5,3,6,1,4162,竹 本 太 樹,4,43,6.78,1,0.18,,3-5-2,12010,28,3-5,6630,14,2-3-5,480,3,3-5,4810,9,,,,,,,
20250425,常滑,4,予選,晴,北西,5,3,1,1,3497,後 藤 浩,55,33,6.82,1,0.16,1.51.7,1-5-3,2800,10,1-5,1300,6,1-3-5,380,1,1-5,580,2,,,,,,,
20250425,常滑,4,予選,晴,北西,5,3,2,5,4828,松 山 将 吾,14,35,6.80,5,0.16,1.52.6,1-5-3,2800,10,1-5,1300,6,1-3-5,380,1,1-5,580,2,,,,,,,
20250425,常滑,4,予選,晴,北西,5,3,3,3,4643,近 江 翔 吾,6,53,6.83,3,0.11,1.53.8,1-5-3,2800,10,1-5,1300,6,1-3-5,380,1,1-5,580,2,,,,,,,
20250425,常滑,4,予選,晴,北西,5,3,4,4,4731,間 野 兼 礼,26,28,6.80,4,0.27,1.54.5,1-5-3,2800,10,1-5,1300,6,1-3-5,380,1,1-5,580,2,,,,,,,
20250425,常滑,4,予選,晴,北西,5,3,5,2,5004,河 野 主 樹,5,12,6.82,2,0.20,,1-5-3,2800,10,1-5,1300,6,1-3-5,380,1,1-5,580,2,,,,,,,
20250425,常滑,4,予選,晴,北西,5,3,6,6,4406,幸 野 史 明,16,66,6.79,6,0.18,,1-5-3,2800,10,1-5,1300,6,1-3-5,380,1,1-5,580,2,,,,,,,
20250425,常滑,5,予選,晴,北西,5,3,1,1,5278,田 中 駿 兵,17,63,6.77,1,0.15,1.49.9,1-2-3,2980,10,1-2,1160,3,1-2-3,880,4,1-2,1060,2,,,,,,,
20250425,常滑,5,予選,晴,北西,5,3,2,2,5286,坂 井 滉 哉,54,48,6.79,2,0.15,1.51.7,1-2-3,2980,10,1-2,1160,3,1-2-3,880,4,1-2,1060,2,,,,,,,
20250425,常滑,5,予選,晴,北西,5,3,3,3,4028,田 村 隆 信,60,62,6.82,3,0.14,1.53.2,1-2-3,2980,10,1-2,1160,3,1-2-3,880,4,1-2,1060,2,,,,,,,
20250425,常滑,5,予選,晴,北西,5,3,4,5,5032,谷 口 知 優,2,19,6.79,5,0.10,1.54.2,1-2-3,2980,10,1-2,1160,3,1-2-3,880,4,1-2,1060,2,,,,,,,
20250425,常滑,5,予選,晴,北西,5,3,5,6,4594,谷 川 祐 一,56,75,6.82,6,0.14,,1-2-3,2980,10,1-2,1160,3,1-2-3,880,4,1-2,1060,2,,,,,,,
20250425,常滑,5,予選,晴,北西,5,3,6,4,4681,太 田 潮,3,30,6.88,4,0.12,,1-2-3,2980,10,1-2,1160,3,1-2-3,880,4,1-2,1060,2,,,,,,,
20250425,常滑,6,昼トコ小判Ｒ,晴,北西,4,2,1,1,4743,木 村 仁 紀,48,54,6.86,1,0.18,1.51.5,1-4-2,670,1,1-4,280,1,1-2-4,300,1,1-4,280,2,,,,,,,
20250425,常滑,6,昼トコ小判Ｒ,晴,北西,4,2,2,4,3826,村 田 修 次,15,64,6.81,4,0.23,1.52.4,1-4-2,670,1,1-4,280,1,1-2-4,300,1,1-4,280,2,,,,,,,
20250425,常滑,6,昼トコ小判Ｒ,晴,北西,4,2,3,2,4691,水 原 慎,44,60,6.87,2,0.23,1.54.7,1-4-2,670,1,1-4,280,1,1-2-4,300,1,1-4,280,2,,,,,,,
20250425,常滑,6,昼トコ小判Ｒ,晴,北西,4,2,4,5,3361,岡 部 浩,39,56,6.84,5,0.23,1.55.6,1-4-2,670,1,1-4,280,1,1-2-4,300,1,1-4,280,2,,,,,,,
20250425,常滑,6,昼トコ小判Ｒ,晴,北西,4,2,5,6,4253,西 川 真 人,42,25,6.86,6,0.31,,1-4-2,670,1,1-4,280,1,1-2-4,300,1,1-4,280,2,,,,,,,
20250425,常滑,6,昼トコ小判Ｒ,晴,北西,4,2,6,3,4979,中 野 夢 斗,30,74,6.86,3,0.24,,1-4-2,670,1,1-4,280,1,1-2-4,300,1,1-4,280,2,,,,,,,
20250425,常滑,7,予選,晴,北西,4,2,1,4,4054,福 嶋 智 之,59,39,6.79,4,0.25,1.51.1,4-5-2,24320,74,4-5,6400,19,2-4-5,5710,16,4-5,2690,10,,,,,,,
20250425,常滑,7,予選,晴,北西,4,2,2,5,4162,竹 本 太 樹,4,43,6.81,5,0.21,1.52.9,4-5-2,24320,74,4-5,6400,19,2-4-5,5710,16,4-5,2690,10,,,,,,,
20250425,常滑,7,予選,晴,北西,4,2,3,2,3772,一 柳 和 孝,11,15,6.82,3,0.33,1.53.5,4-5-2,24320,74,4-5,6400,19,2-4-5,5710,16,4-5,2690,10,,,,,,,
20250425,常滑,7,予選,晴,北西,4,2,4,6,4732,堀 本 和 也,53,46,6.80,6,0.16,1.54.3,4-5-2,24320,74,4-5,6400,19,2-4-5,5710,16,4-5,2690,10,,,,,,,
20250425,常滑,7,予選,晴,北西,4,2,5,1,3463,乙 津 康 志,18,69,6.80,1,0.35,,4-5-2,24320,74,4-5,6400,19,2-4-5,5710,16,4-5,2690,10,,,,,,,
20250425,常滑,7,予選,晴,北西,4,2,6,3,3542,清 水 紀 克,47,18,6.77,2,0.25,,4-5-2,24320,74,4-5,6400,19,2-4-5,5710,16,4-5,2690,10,,,,,,,
20250425,常滑,8,予選,晴,北西,6,4,1,1,3741,松 尾 基 成,52,58,6.83,1,0.31,1.52.9,1-3-4,1220,4,1-3,440,2,1-3-4,450,2,1-3,220,1,,,,,,,
20250425,常滑,8,予選,晴,北西,6,4,2,3,4051,清 水 敦 揮,35,40,6.82,3,0.39,1.54.2,1-3-4,1220,4,1-3,440,2,1-3-4,450,2,1-3,220,1,,,,,,,
20250425,常滑,8,予選,晴,北西,6,4,3,4,3687,花 田 和 明,29,41,6.82,4,0.29,1.55.1,1-3-4,1220,4,1-3,440,2,1-3-4,450,2,1-3,220,1,,,,,,,
20250425,常滑,8,予選,晴,北西,6,4,4,6,4142,平 野 和 明,8,14,6.82,5,0.35,1.56.0,1-3-4,1220,4,1-3,440,2,1-3-4,450,2,1-3,220,1,,,,,,,
20250425,常滑,8,予選,晴,北西,6,4,5,5,5379,廣 部 大 明,36,32,6.84,6,0.35,,1-3-4,1220,4,1-3,440,2,1-3-4,450,2,1-3,220,1,,,,,,,
20250425,常滑,8,予選,晴,北西,6,4,6,2,5175,島 崎 丈一朗,34,24,6.83,2,0.43,,1-3-4,1220,4,1-3,440,2,1-3-4,450,2,1-3,220,1,,,,,,,
20250425,常滑,9,予選特賞,晴,北西,6,4,1,3,4828,松 山 将 吾,14,35,6.82,3,0.10,1.51.7,3-1-5,1400,4,3-1,650,3,1-3-5,250,1,1-3,240,1,,,,,,,
20250425,常滑,9,予選特賞,晴,北西,6,4,2,1,3543,福 田 雅 一,45,26,6.79,1,0.16,1.53.0,3-1-5,1400,4,3-1,650,3,1-3-5,250,1,1-3,240,1,,,,,,,
20250425,常滑,9,予選特賞,晴,北西,6,4,3,5,4049,荒 川 健 太,41,45,6.78,5,0.08,1.53.5,3-1-5,1400,4,3-1,650,3,1-3-5,250,1,1-3,240,1,,,,,,,
20250425,常滑,9,予選特賞,晴,北西,6,4,4,4,5032,谷 口 知 優,2,19,6.80,4,0.09,1.54.2,3-1-5,1400,4,3-1,650,3,1-3-5,250,1,1-3,240,1,,,,,,,
20250425,常滑,9,予選特賞,晴,北西,6,4,5,6,4035,杉 江 浩 明,40,16,6.79,6,0.08,,3-1-5,1400,4,3-1,650,3,1-3-5,250,1,1-3,240,1,,,,,,,
20250425,常滑,9,予選特賞,晴,北西,6,4,6,2,3812,山 崎 聖 司,50,57,6.79,2,0.21,,3-1-5,1400,4,3-1,650,3,1-3-5,250,1,1-3,240,1,,,,,,,
20250425,常滑,10,予選特賞,晴,北西,6,4,1,1,3826,村 田 修 次,15,64,6.79,1,0.15,1.50.6,1-2-3,1940,6,1-2,460,2,1-2-3,800,4,1-2,630,3,,,,,,,
20250425,常滑,10,予選特賞,晴,北西,6,4,2,2,4202,浮 田 圭 浩,20,72,6.79,2,0.15,1.52.3,1-2-3,1940,6,1-2,460,2,1-2-3,800,4,1-2,630,3,,,,,,,
20250425,常滑,10,予選特賞,晴,北西,6,4,3,3,3497,後 藤 浩,55,33,6.81,3,0.14,1.54.0,1-2-3,1940,6,1-2,460,2,1-2-3,800,4,1-2,630,3,,,,,,,
20250425,常滑,10,予選特賞,晴,北西,6,4,4,4,4351,里 岡 右 貴,10,49,6.81,4,0.15,1.54.3,1-2-3,1940,6,1-2,460,2,1-2-3,800,4,1-2,630,3,,,,,,,
20250425,常滑,10,予選特賞,晴,北西,6,4,5,6,4227,安 達 裕 樹,31,21,6.87,6,0.25,,1-2-3,1940,6,1-2,460,2,1-2-3,800,4,1-2,630,3,,,,,,,
20250425,常滑,10,予選特賞,晴,北西,6,4,6,5,4681,太 田 潮,3,30,6.81,5,0.22,,1-2-3,1940,6,1-2,460,2,1-2-3,800,4,1-2,630,3,,,,,,,
20250425,常滑,11,予選特選,晴,北西,6,4,1,1,4028,田 村 隆 信,60,62,6.85,1,0.08,1.51.0,1-3-2,1470,3,1-3,140,1,1-2-3,830,2,1-3,230,1,,,,,,,
20250425,常滑,11,予選特選,晴,北西,6,4,2,3,5050,木 下 雄 介,9,47,6.84,3,0.10,1.52.1,1-3-2,1470,3,1-3,140,1,1-2-3,830,2,1-3,230,1,,,,,,,
20250425,常滑,11,予選特選,晴,北西,6,4,3,2,4253,西 川 真 人,42,25,6.87,2,0.10,1.53.7,1-3-2,1470,3,1-3,140,1,1-2-3,830,2,1-3,230,1,,,,,,,
20250425,常滑,11,予選特選,晴,北西,6,4,4,5,4731,間 野 兼 礼,26,28,6.80,5,0.14,1.54.8,1-3-2,1470,3,1-3,140,1,1-2-3,830,2,1-3,230,1,,,,,,,
20250425,常滑,11,予選特選,晴,北西,6,4,5,4,3841,佐々木 和 伸,58,13,6.79,4,0.15,,1-3-2,1470,3,1-3,140,1,1-2-3,830,2,1-3,230,1,,,,,,,
20250425,常滑,11,予選特選,晴,北西,6,4,6,6,3772,一 柳 和 孝,11,15,6.82,6,0.15,,1-3-2,1470,3,1-3,140,1,1-2-3,830,2,1-3,230,1,,,,,,,
20250425,常滑,12,予選ドリーム,晴,北西,6,4,1,1,4051,清 水 敦 揮,35,40,6.83,1,0.07,1.51.0,1-3-6,1850,5,1-3,310,1,1-3-6,740,3,1-3,280,1,,,,,,,
20250425,常滑,12,予選ドリーム,晴,北西,6,4,2,3,4743,木 村 仁 紀,48,54,6.79,3,0.09,1.52.5,1-3-6,1850,5,1-3,310,1,1-3-6,740,3,1-3,280,1,,,,,,,
20250425,常滑,12,予選ドリーム,晴,北西,6,4,3,6,4230,濱 崎 直 矢,51,38,6.79,6,0.09,1.53.3,1-3-6,1850,5,1-3,310,1,1-3-6,740,3,1-3,280,1,,,,,,,
20250425,常滑,12,予選ドリーム,晴,北西,6,4,4,5,4594,谷 川 祐 一,56,75,6.81,5,0.13,1.54.1,1-3-6,1850,5,1-3,310,1,1-3-6,740,3,1-3,280,1,,,,,,,
20250425,常滑,12,予選ドリーム,晴,北西,6,4,5,4,4643,近 江 翔 吾,6,53,6.80,4,0.12,,1-3-6,1850,5,1-3,310,1,1-3-6,740,3,1-3,280,1,,,,,,,
20250425,常滑,12,予選ドリーム,晴,北西,6,4,6,2,4732,堀 本 和 也,53,46,6.81,2,0.06,,1-3-6,1850,5,1-3,310,1,1-3-6,740,3,1-3,280,1,,,,,,,
20250425,桐生,1,予選,曇り,東,2,1,1,2,3822,平 尾 崇 典,53,21,6.87,3,0.02,1.50.8,2-4-3,5200,22,2-4,1200,4,2-3-4,890,6,2-4,760,4,,,,,,,
20250425,桐生,1,予選,曇り,東,2,1,2,4,3435,寺 田 千 恵,48,35,6.80,5,0.04,1.51.9,2-4-3,5200,22,2-4,1200,4,2-3-4,890,6,2-4,760,4,,,,,,,
20250425,桐生,1,予選,曇り,東,2,1,3,3,3849,中 岡 正 彦,33,54,6.90,4,0.03,1.52.7,2-4-3,5200,22,2-4,1200,4,2-3-4,890,6,2-4,760,4,,,,,,,
20250425,桐生,1,予選,曇り,東,2,1,4,6,3473,石 川 真 二,31,15,7.00,2,0.16,1.54.1,2-4-3,5200,22,2-4,1200,4,2-3-4,890,6,2-4,760,4,,,,,,,
20250425,桐生,1,予選,曇り,東,2,1,5,5,4084,杉 山 正 樹,45,42,6.84,6,0.08,1.54.5,2-4-3,5200,22,2-4,1200,4,2-3-4,890,6,2-4,760,4,,,,,,,
20250425,桐生,1,予選,曇り,東,2,1,6,1,3412,鈴 木 博,63,75,6.89,1,0.20,1.54.8,2-4-3,5200,22,2-4,1200,4,2-3-4,890,6,2-4,760,4,,,,,,,
20250425,桐生,2,予選,曇り,南東,1,1,1,1,4079,出 畑 孝 典,46,41,6.80,1,0.13,1.49.2,1-3-6,2760,10,1-3,600,3,1-3-6,1560,8,1-3,500,3,,,,,,,
20250425,桐生,2,予選,曇り,南東,1,1,2,3,3961,谷 村 一 哉,71,67,6.85,3,0.10,1.50.7,1-3-6,2760,10,1-3,600,3,1-3-6,1560,8,1-3,500,3,,,,,,,
20250425,桐生,2,予選,曇り,南東,1,1,3,6,3959,坪 井 康 晴,23,73,6.82,6,0.14,1.51.6,1-3-6,2760,10,1-3,600,3,1-3-6,1560,8,1-3,500,3,,,,,,,
20250425,桐生,2,予選,曇り,南東,1,1,4,2,3743,林 美 憲,62,59,6.81,2,0.12,1.53.3,1-3-6,2760,10,1-3,600,3,1-3-6,1560,8,1-3,500,3,,,,,,,
20250425,桐生,2,予選,曇り,南東,1,1,5,4,3952,中 澤 和 志,66,47,6.88,4,0.11,1.53.7,1-3-6,2760,10,1-3,600,3,1-3-6,1560,8,1-3,500,3,,,,,,,
20250425,桐生,2,予選,曇り,南東,1,1,6,5,3679,飯 島 昌 弘,67,38,6.93,5,0.12,1.55.9,1-3-6,2760,10,1-3,600,3,1-3-6,1560,8,1-3,500,3,,,,,,,
20250425,桐生,3,予選,曇り,南東,3,2,1,1,4044,湯 川 浩 司,25,34,6.80,1,0.12,1.51.3,1-4-6,2460,8,1-4,810,3,1-4-6,1100,6,1-4,670,3,,,,,,,
20250425,桐生,3,予選,曇り,南東,3,2,2,4,3716,石 渡 鉄 兵,55,40,6.87,5,0.04,1.51.6,1-4-6,2460,8,1-4,810,3,1-4-6,1100,6,1-4,670,3,,,,,,,
20250425,桐生,3,予選,曇り,南東,3,2,3,6,3941,池 田 浩 二,50,25,6.81,6,0.13,1.53.3,1-4-6,2460,8,1-4,810,3,1-4-6,1100,6,1-4,670,3,,,,,,,
20250425,桐生,3,予選,曇り,南東,3,2,4,3,3783,瓜 生 正 義,59,27,6.82,3,0.14,1.54.5,1-4-6,2460,8,1-4,810,3,1-4-6,1100,6,1-4,670,3,,,,,,,
20250425,桐生,3,予選,曇り,南東,3,2,5,2,3898,平 田 忠 則,34,61,6.79,2,0.11,1.55.6,1-4-6,2460,8,1-4,810,3,1-4-6,1100,6,1-4,670,3,,,,,,,
20250425,桐生,3,予選,曇り,南東,3,2,6,5,3946,赤 岩 善 生,35,13,6.90,4,0.11,1.56.6,1-4-6,2460,8,1-4,810,3,1-4-6,1100,6,1-4,670,3,,,,,,,
20250425,桐生,4,予選,曇り,南東,3,2,1,4,4061,萩 原 秀 人,13,37,6.82,5,0.14,1.50.0,4-5-3,33950,91,4-5,3700,11,3-4-5,4600,15,4-5,2200,8,,,,,,,
20250425,桐生,4,予選,曇り,南東,3,2,2,5,3388,今 垣 光太郎,39,55,6.88,6,0.16,1.51.6,4-5-3,33950,91,4-5,3700,11,3-4-5,4600,15,4-5,2200,8,,,,,,,
20250425,桐生,4,予選,曇り,南東,3,2,3,3,3909,佐々木 康 幸,73,12,6.88,2,0.19,1.53.7,4-5-3,33950,91,4-5,3700,11,3-4-5,4600,15,4-5,2200,8,,,,,,,
20250425,桐生,4,予選,曇り,南東,3,2,4,2,4102,益 田 啓 司,47,36,6.79,4,0.12,1.54.9,4-5-3,33950,91,4-5,3700,11,3-4-5,4600,15,4-5,2200,8,,,,,,,
20250425,桐生,4,予選,曇り,南東,3,2,5,1,3942,寺 田 祥,58,31,6.71,1,0.23,1.55.8,4-5-3,33950,91,4-5,3700,11,3-4-5,4600,15,4-5,2200,8,,,,,,,
20250425,桐生,4,予選,曇り,南東,3,2,6,6,3779,原 田 幸 哉,27,51,6.83,3,0.21,1.56.0,4-5-3,33950,91,4-5,3700,11,3-4-5,4600,15,4-5,2200,8,,,,,,,
20250425,桐生,5,予選,曇り,南東,2,1,1,1,3995,重 野 哲 之,32,29,6.78,1,0.09,1.50.1,1-2-5,4650,19,1-2,1010,2,1-2-5,820,4,1-2,690,4,,,,,,,
20250425,桐生,5,予選,曇り,南東,2,1,2,2,3719,辻 栄 蔵,41,62,6.84,3,0.15,1.51.4,1-2-5,4650,19,1-2,1010,2,1-2-5,820,4,1-2,690,4,,,,,,,
20250425,桐生,5,予選,曇り,南東,2,1,3,5,3159,江 口 晃 生,14,18,6.85,2,0.09,1.52.0,1-2-5,4650,19,1-2,1010,2,1-2-5,820,4,1-2,690,4,,,,,,,
20250425,桐生,5,予選,曇り,南東,2,1,4,3,4024,井 口 佳 典,38,24,6.77,4,0.13,1.53.5,1-2-5,4650,19,1-2,1010,2,1-2-5,820,4,1-2,690,4,,,,,,,
20250425,桐生,5,予選,曇り,南東,2,1,5,4,3854,吉 川 元 浩,12,14,6.81,5,0.14,1.54.7,1-2-5,4650,19,1-2,1010,2,1-2-5,820,4,1-2,690,4,,,,,,,
20250425,桐生,5,予選,曇り,南東,2,1,6,6,4614,石 倉 洋 行,49,43,6.91,6,0.14,1.56.6,1-2-5,4650,19,1-2,1010,2,1-2-5,820,4,1-2,690,4,,,,,,,
20250425,桐生,6,予選,曇り,無風,0,0,1,1,4084,杉 山 正 樹,45,42,6.92,1,0.14,1.50.3,1-5-2,4910,16,1-5,2040,11,1-2-5,1220,6,1-5,1370,6,,,,,,,
20250425,桐生,6,予選,曇り,無風,0,0,2,5,3256,三 角 哲 男,56,45,6.93,5,0.08,1.51.1,1-5-2,4910,16,1-5,2040,11,1-2-5,1220,6,1-5,1370,6,,,,,,,
20250425,桐生,6,予選,曇り,無風,0,0,3,2,4080,山 崎 哲 司,44,56,6.73,2,0.08,1.51.8,1-5-2,4910,16,1-5,2040,11,1-2-5,1220,6,1-5,1370,6,,,,,,,
20250425,桐生,6,予選,曇り,無風,0,0,4,3,4025,山 本 隆 幸,28,20,6.76,3,0.13,1.54.1,1-5-2,4910,16,1-5,2040,11,1-2-5,1220,6,1-5,1370,6,,,,,,,
20250425,桐生,6,予選,曇り,無風,0,0,5,4,3876,中 辻 崇 人,16,70,6.78,4,0.37,1.54.9,1-5-2,4910,16,1-5,2040,11,1-2-5,1220,6,1-5,1370,6,,,,,,,
20250425,桐生,6,予選,曇り,無風,0,0,6,6,3422,服 部 幸 男,29,23,6.88,6,0.05,1.56.6,1-5-2,4910,16,1-5,2040,11,1-2-5,1220,6,1-5,1370,6,,,,,,,
20250425,桐生,7,予選,曇り,北,3,2,1,1,4030,森 高 一 真,64,30,6.85,1,0.09,1.50.2,1-3-2,1050,2,1-3,410,2,1-2-3,400,1,1-3,330,1,,,,,,,
20250425,桐生,7,予選,曇り,北,3,2,2,3,3959,坪 井 康 晴,23,73,6.87,4,0.08,1.52.0,1-3-2,1050,2,1-3,410,2,1-2-3,400,1,1-3,330,1,,,,,,,
20250425,桐生,7,予選,曇り,北,3,2,3,2,3978,齊 藤 仁,37,65,6.87,3,0.05,1.52.7,1-3-2,1050,2,1-3,410,2,1-2-3,400,1,1-3,330,1,,,,,,,
20250425,桐生,7,予選,曇り,北,3,2,4,4,3473,石 川 真 二,31,15,6.87,2,0.07,1.52.8,1-3-2,1050,2,1-3,410,2,1-2-3,400,1,1-3,330,1,,,,,,,
20250425,桐生,7,予選,曇り,北,3,2,5,6,3721,守 田 俊 介,54,33,7.07,5,0.06,1.53.4,1-3-2,1050,2,1-3,410,2,1-2-3,400,1,1-3,330,1,,,,,,,
20250425,桐生,7,予選,曇り,北,3,2,6,5,3898,平 田 忠 則,34,61,6.87,6,0.07,1.56.4,1-3-2,1050,2,1-3,410,2,1-2-3,400,1,1-3,330,1,,,,,,,
20250425,桐生,8,予選,曇り,北,2,1,1,4,4013,中 島 孝 平,61,53,6.89,4,0.08,1.49.3,4-5-6,24520,66,4-5,4800,15,4-5-6,5740,15,4-5,2240,10,,,,,,,
20250425,桐生,8,予選,曇り,北,2,1,2,5,4061,萩 原 秀 人,13,37,6.86,5,0.10,1.50.5,4-5-6,24520,66,4-5,4800,15,4-5-6,5740,15,4-5,2240,10,,,,,,,
20250425,桐生,8,予選,曇り,北,2,1,3,6,3743,林 美 憲,62,59,6.91,6,0.24,1.51.6,4-5-6,24520,66,4-5,4800,15,4-5-6,5740,15,4-5,2240,10,,,,,,,
20250425,桐生,8,予選,曇り,北,2,1,4,2,4019,笠 原 亮,70,46,6.85,2,0.15,1.53.2,4-5-6,24520,66,4-5,4800,15,4-5-6,5740,15,4-5,2240,10,,,,,,,
20250425,桐生,8,予選,曇り,北,2,1,5,1,3946,赤 岩 善 生,35,13,6.87,1,0.16,1.54.3,4-5-6,24520,66,4-5,4800,15,4-5-6,5740,15,4-5,2240,10,,,,,,,
20250425,桐生,8,予選,曇り,北,2,1,6,3,3415,松 井 繁,40,48,6.89,3,0.15,1.57.2,4-5-6,24520,66,4-5,4800,15,4-5-6,5740,15,4-5,2240,10,,,,,,,
20250425,桐生,9,予選,曇り,北,2,1,1,4,3779,原 田 幸 哉,27,51,6.86,4,0.13,1.49.6,4-1-2,7330,22,4-1,2640,7,1-2-4,370,1,1-4,700,3,,,,,,,
20250425,桐生,9,予選,曇り,北,2,1,2,1,3952,中 澤 和 志,66,47,6.87,1,0.22,1.50.6,4-1-2,7330,22,4-1,2640,7,1-2-4,370,1,1-4,700,3,,,,,,,
20250425,桐生,9,予選,曇り,北,2,1,3,2,3941,池 田 浩 二,50,25,6.86,2,0.17,1.52.8,4-1-2,7330,22,4-1,2640,7,1-2-4,370,1,1-4,700,3,,,,,,,
20250425,桐生,9,予選,曇り,北,2,1,4,5,3822,平 尾 崇 典,53,21,6.83,5,0.14,1.54.1,4-1-2,7330,22,4-1,2640,7,1-2-4,370,1,1-4,700,3,,,,,,,
20250425,桐生,9,予選,曇り,北,2,1,5,3,3918,深 井 利 寿,65,57,6.85,3,0.20,1.54.7,4-1-2,7330,22,4-1,2640,7,1-2-4,370,1,1-4,700,3,,,,,,,
20250425,桐生,9,予選,曇り,北,2,1,6,6,3908,重 成 一 人,20,58,6.87,6,0.19,1.56.5,4-1-2,7330,22,4-1,2640,7,1-2-4,370,1,1-4,700,3,,,,,,,
20250425,桐生,10,予選,曇り,北西,3,2,1,1,3388,今 垣 光太郎,39,55,6.84,1,0.14,1.49.6,1-3-5,2270,7,1-3,440,1,1-3-5,990,5,1-3,350,1,,,,,,,
20250425,桐生,10,予選,曇り,北西,3,2,2,3,4044,湯 川 浩 司,25,34,6.64,3,0.14,1.50.8,1-3-5,2270,7,1-3,440,1,1-3-5,990,5,1-3,350,1,,,,,,,
20250425,桐生,10,予選,曇り,北西,3,2,3,5,4036,金 田 諭,69,72,6.86,5,0.21,1.51.7,1-3-5,2270,7,1-3,440,1,1-3-5,990,5,1-3,350,1,,,,,,,
20250425,桐生,10,予選,曇り,北西,3,2,4,2,4002,古 結 宏,51,44,6.76,2,0.16,1.53.1,1-3-5,2270,7,1-3,440,1,1-3-5,990,5,1-3,350,1,,,,,,,
20250425,桐生,10,予選,曇り,北西,3,2,5,4,3737,上 平 真 二,74,32,6.91,4,0.18,1.53.5,1-3-5,2270,7,1-3,440,1,1-3-5,990,5,1-3,350,1,,,,,,,
20250425,桐生,10,予選,曇り,北西,3,2,6,6,3435,寺 田 千 恵,48,35,6.87,6,0.17,1.56.2,1-3-5,2270,7,1-3,440,1,1-3-5,990,5,1-3,350,1,,,,,,,
20250425,桐生,11,予選,曇り,北西,3,2,1,6,4063,市 橋 卓 士,52,11,6.84,6,0.02,1.49.1,6-1-5,91390,108,6-1,12850,26,1-5-6,3750,15,1-6,3420,10,,,,,,,
20250425,桐生,11,予選,曇り,北西,3,2,2,1,3876,中 辻 崇 人,16,70,6.74,1,0.16,1.51.4,6-1-5,91390,108,6-1,12850,26,1-5-6,3750,15,1-6,3420,10,,,,,,,
20250425,桐生,11,予選,曇り,北西,3,2,3,5,3942,寺 田 祥,58,49,6.76,5,0.12,1.52.6,6-1-5,91390,108,6-1,12850,26,1-5-6,3750,15,1-6,3420,10,,,,,,,
20250425,桐生,11,予選,曇り,北西,3,2,4,3,3744,徳 増 秀 樹,26,26,6.90,3,0.13,1.53.0,6-1-5,91390,108,6-1,12850,26,1-5-6,3750,15,1-6,3420,10,,,,,,,
20250425,桐生,11,予選,曇り,北西,3,2,5,2,3997,北 村 征 嗣,60,68,6.80,2,0.17,1.54.3,6-1-5,91390,108,6-1,12850,26,1-5-6,3750,15,1-6,3420,10,,,,,,,
20250425,桐生,11,予選,曇り,北西,3,2,6,4,4024,井 口 佳 典,38,24,6.79,4,0.13,1.55.1,6-1-5,91390,108,6-1,12850,26,1-5-6,3750,15,1-6,3420,10,,,,,,,
20250425,桐生,12,予選,曇り,北西,3,2,1,3,4013,中 島 孝 平,61,53,6.89,3,0.18,1.49.5,3-1-5,3170,8,3-1,1090,3,1-3-5,740,4,1-3,290,1,,,,,,,
20250425,桐生,12,予選,曇り,北西,3,2,2,1,4055,吉 田 俊 彦,11,19,6.85,1,0.21,1.51.3,3-1-5,3170,8,3-1,1090,3,1-3-5,740,4,1-3,290,1,,,,,,,
20250425,桐生,12,予選,曇り,北西,3,2,3,5,4079,出 畑 孝 典,46,41,6.77,5,0.19,1.52.2,3-1-5,3170,8,3-1,1090,3,1-3-5,740,4,1-3,290,1,,,,,,,
20250425,桐生,12,予選,曇り,北西,3,2,4,2,3557,太 田 和 美,36,28,6.89,2,0.23,1.53.3,3-1-5,3170,8,3-1,1090,3,1-3-5,740,4,1-3,290,1,,,,,,,
20250425,桐生,12,予選,曇り,北西,3,2,5,4,3909,佐々木 康 幸,73,12,6.87,4,0.15,1.53.5,3-1-5,3170,8,3-1,1090,3,1-3-5,740,4,1-3,290,1,,,,,,,
20250425,桐生,12,予選,曇り,北西,3,2,6,6,3541,三 嶌 誠 司,30,52,6.90,6,0.17,1.56.2,3-1-5,3170,8,3-1,1090,3,1-3-5,740,4,1-3,290,1,,,,,,,
20250425,江戸川,1,予選,曇り,南,5,5,1,1,3313,本 吉 正 樹,18,22,6.75,1,0.15,1.55.4,1-2-4,1160,2,1-2,400,1,1-2-4,470,2,1-2,330,1,,,,,,,
20250425,江戸川,1,予選,曇り,南,5,5,2,2,3467,森 弘 行,29,45,6.84,2,0.18,1.57.4,1-2-4,1160,2,1-2,400,1,1-2-4,470,2,1-2,330,1,,,,,,,
20250425,江戸川,1,予選,曇り,南,5,5,3,4,5103,芝 田 京 介,21,21,6.81,4,0.17,1.58.7,1-2-4,1160,2,1-2,400,1,1-2-4,470,2,1-2,330,1,,,,,,,
20250425,江戸川,1,予選,曇り,南,5,5,4,3,3293,宮 内 由紀英,19,66,6.91,3,0.22,1.59.5,1-2-4,1160,2,1-2,400,1,1-2-4,470,2,1-2,330,1,,,,,,,
20250425,江戸川,1,予選,曇り,南,5,5,5,5,4145,小 澤 学,53,48,7.01,5,0.27,,1-2-4,1160,2,1-2,400,1,1-2-4,470,2,1-2,330,1,,,,,,,
20250425,江戸川,1,予選,曇り,南,5,5,6,6,5242,高 山 弘 斗,30,24,6.84,6,0.36,,1-2-4,1160,2,1-2,400,1,1-2-4,470,2,1-2,330,1,,,,,,,
20250425,江戸川,2,予選,曇り,南,5,5,1,1,4615,板 倉 敦 史,68,56,6.92,1,0.05,1.53.7,1-4-2,5550,25,1-4,1560,9,1-2-4,940,4,1-4,830,4,,,,,,,
20250425,江戸川,2,予選,曇り,南,5,5,2,4,4345,西 舘 健,16,64,7.15,4,0.15,1.56.0,1-4-2,5550,25,1-4,1560,9,1-2-4,940,4,1-4,830,4,,,,,,,
20250425,江戸川,2,予選,曇り,南,5,5,3,2,4274,長 畑 友 輔,57,28,7.07,2,0.03,1.56.9,1-4-2,5550,25,1-4,1560,9,1-2-4,940,4,1-4,830,4,,,,,,,
20250425,江戸川,2,予選,曇り,南,5,5,4,6,4728,山 口 亮,61,20,7.18,6,0.01,1.58.5,1-4-2,5550,25,1-4,1560,9,1-2-4,940,4,1-4,830,4,,,,,,,
20250425,江戸川,2,予選,曇り,南,5,5,5,3,3226,浦 田 信 義,20,59,6.98,3,0.07,,1-4-2,5550,25,1-4,1560,9,1-2-4,940,4,1-4,830,4,,,,,,,
20250425,江戸川,2,予選,曇り,南,5,5,6,5,4610,佐 藤 大 佑,12,34,6.92,5,0.33,,1-4-2,5550,25,1-4,1560,9,1-2-4,940,4,1-4,830,4,,,,,,,
20250425,江戸川,3,予選,曇り,南,4,5,1,1,3602,奥 平 拓 也,17,55,7.01,1,0.14,1.54.8,1-4-2,8810,36,1-4,2080,11,1-2-4,2190,10,1-4,1520,8,,,,,,,
20250425,江戸川,3,予選,曇り,南,4,5,2,4,5063,大 塚 雅 治,66,29,6.97,4,0.31,1.56.5,1-4-2,8810,36,1-4,2080,11,1-2-4,2190,10,1-4,1520,8,,,,,,,
20250425,江戸川,3,予選,曇り,南,4,5,3,2,4956,齊 藤 大 将,22,65,6.98,2,0.16,1.58.1,1-4-2,8810,36,1-4,2080,11,1-2-4,2190,10,1-4,1520,8,,,,,,,
20250425,江戸川,3,予選,曇り,南,4,5,4,5,4086,寺 本 重 宣,10,51,6.85,5,0.31,1.58.8,1-4-2,8810,36,1-4,2080,11,1-2-4,2190,10,1-4,1520,8,,,,,,,
20250425,江戸川,3,予選,曇り,南,4,5,5,3,4053,芦 澤 望,59,58,6.87,3,0.17,,1-4-2,8810,36,1-4,2080,11,1-2-4,2190,10,1-4,1520,8,,,,,,,
20250425,江戸川,3,予選,曇り,南,4,5,6,6,4318,桑 原 将 光,54,54,7.05,6,0.13,,1-4-2,8810,36,1-4,2080,11,1-2-4,2190,10,1-4,1520,8,,,,,,,
20250425,江戸川,4,予選,晴,南,5,5,1,1,4169,多 田 有 佑,36,17,6.91,1,0.08,1.53.6,1-3-5,3140,8,1-3,860,3,1-3-5,1080,5,1-3,480,1,,,,,,,
20250425,江戸川,4,予選,晴,南,5,5,2,3,4911,片 岡 大 地,14,47,6.98,3,0.02,1.56.1,1-3-5,3140,8,1-3,860,3,1-3-5,1080,5,1-3,480,1,,,,,,,
20250425,江戸川,4,予選,晴,南,5,5,3,5,3888,山 本 英 志,64,53,7.05,5,0.13,1.57.9,1-3-5,3140,8,1-3,860,3,1-3-5,1080,5,1-3,480,1,,,,,,,
20250425,江戸川,4,予選,晴,南,5,5,4,6,4366,前 沢 丈 史,70,71,7.00,6,0.17,1.58.6,1-3-5,3140,8,1-3,860,3,1-3-5,1080,5,1-3,480,1,,,,,,,
20250425,江戸川,4,予選,晴,南,5,5,5,2,3306,武 田 正 紀,45,52,6.97,2,0.05,,1-3-5,3140,8,1-3,860,3,1-3-5,1080,5,1-3,480,1,,,,,,,
20250425,江戸川,4,予選,晴,南,5,5,6,4,4211,村 田 敦,34,13,6.98,4,0.05,,1-3-5,3140,8,1-3,860,3,1-3-5,1080,5,1-3,480,1,,,,,,,
20250425,江戸川,5,予選,曇り,南,4,5,1,6,3075,中 村 裕 将,38,68,7.00,6,0.08,1.54.9,6-5-1,36120,46,6-5,15780,19,1-5-6,2170,7,5-6,7010,10,,,,,,,
20250425,江戸川,5,予選,曇り,南,4,5,2,5,3202,三 品 隆 浩,51,12,6.97,5,0.08,1.55.9,6-5-1,36120,46,6-5,15780,19,1-5-6,2170,7,5-6,7010,10,,,,,,,
20250425,江戸川,5,予選,曇り,南,4,5,3,1,4438,森 作 雄 大,69,10,6.84,1,0.04,1.57.2,6-5-1,36120,46,6-5,15780,19,1-5-6,2170,7,5-6,7010,10,,,,,,,
20250425,江戸川,5,予選,曇り,南,4,5,4,3,4468,大 池 佑 来,58,38,6.82,3,0.14,1.57.4,6-5-1,36120,46,6-5,15780,19,1-5-6,2170,7,5-6,7010,10,,,,,,,
20250425,江戸川,5,予選,曇り,南,4,5,5,2,5070,中 島 航,55,62,6.87,2,0.16,,6-5-1,36120,46,6-5,15780,19,1-5-6,2170,7,5-6,7010,10,,,,,,,
20250425,江戸川,5,予選,曇り,南,4,5,F,4,5228,若 林 樹 蘭,62,32,7.00,4,F0.01,,6-5-1,36120,46,6-5,15780,19,1-5-6,2170,7,5-6,7010,10,,,,,,,
20250425,江戸川,6,予選,晴,南,5,5,1,3,3105,内 山 文 典,48,69,6.96,3,0.12,1.54.9,3-1-2,6720,36,3-1,1760,9,1-2-3,620,3,1-3,700,5,,,,,,,
20250425,江戸川,6,予選,晴,南,5,5,2,1,4619,伏 田 裕 隆,46,30,6.94,1,0.08,1.55.1,3-1-2,6720,36,3-1,1760,9,1-2-3,620,3,1-3,700,5,,,,,,,
20250425,江戸川,6,予選,晴,南,5,5,3,2,4258,関 根 彰 人,33,70,6.95,2,0.11,1.57.5,3-1-2,6720,36,3-1,1760,9,1-2-3,620,3,1-3,700,5,,,,,,,
20250425,江戸川,6,予選,晴,南,5,5,4,4,5007,近 藤 雄一郎,39,15,6.87,4,0.09,1.57.8,3-1-2,6720,36,3-1,1760,9,1-2-3,620,3,1-3,700,5,,,,,,,
20250425,江戸川,6,予選,晴,南,5,5,5,5,4335,若 林 将,71,37,7.02,5,0.13,,3-1-2,6720,36,3-1,1760,9,1-2-3,620,3,1-3,700,5,,,,,,,
20250425,江戸川,6,予選,晴,南,5,5,6,6,3293,宮 内 由紀英,19,66,7.12,6,0.21,,3-1-2,6720,36,3-1,1760,9,1-2-3,620,3,1-3,700,5,,,,,,,
20250425,江戸川,7,予選,晴,南,5,5,1,3,4059,入 澤 友 治,60,33,7.00,3,0.14,1.54.1,3-1-2,5370,17,3-1,1920,8,1-2-3,530,2,1-3,820,4,,,,,,,
20250425,江戸川,7,予選,晴,南,5,5,2,1,4813,宮 内 直 哉,56,31,7.00,1,0.18,1.56.2,3-1-2,5370,17,3-1,1920,8,1-2-3,530,2,1-3,820,4,,,,,,,
20250425,江戸川,7,予選,晴,南,5,5,3,2,4723,寺 島 吉 彦,35,16,6.94,2,0.15,1.57.0,3-1-2,5370,17,3-1,1920,8,1-2-3,530,2,1-3,820,4,,,,,,,
20250425,江戸川,7,予選,晴,南,5,5,4,6,4401,小 林 泰,23,41,6.98,6,0.19,1.58.2,3-1-2,5370,17,3-1,1920,8,1-2-3,530,2,1-3,820,4,,,,,,,
20250425,江戸川,7,予選,晴,南,5,5,5,5,3313,本 吉 正 樹,18,22,6.90,5,0.21,,3-1-2,5370,17,3-1,1920,8,1-2-3,530,2,1-3,820,4,,,,,,,
20250425,江戸川,7,予選,晴,南,5,5,6,4,4274,長 畑 友 輔,57,28,6.95,4,0.18,,3-1-2,5370,17,3-1,1920,8,1-2-3,530,2,1-3,820,4,,,,,,,
20250425,江戸川,8,予選,曇り,南,4,5,1,1,4911,片 岡 大 地,14,47,6.81,1,0.15,1.54.5,1-2-5,5570,22,1-2,920,4,1-2-5,2290,11,1-2,490,2,,,,,,,
20250425,江戸川,8,予選,曇り,南,4,5,2,2,3868,尾 形 栄 治,31,35,6.91,2,0.22,1.55.5,1-2-5,5570,22,1-2,920,4,1-2-5,2290,11,1-2,490,2,,,,,,,
20250425,江戸川,8,予選,曇り,南,4,5,3,5,4615,板 倉 敦 史,68,56,6.99,5,0.12,1.57.3,1-2-5,5570,22,1-2,920,4,1-2-5,2290,11,1-2,490,2,,,,,,,
20250425,江戸川,8,予選,曇り,南,4,5,4,3,4086,寺 本 重 宣,10,51,6.95,3,0.21,1.58.1,1-2-5,5570,22,1-2,920,4,1-2-5,2290,11,1-2,490,2,,,,,,,
20250425,江戸川,8,予選,曇り,南,4,5,5,4,3303,渡 辺 豊,13,40,6.95,4,0.22,,1-2-5,5570,22,1-2,920,4,1-2-5,2290,11,1-2,490,2,,,,,,,
20250425,江戸川,8,予選,曇り,南,4,5,6,6,5147,田 中 勇 輔,28,26,7.01,6,0.08,,1-2-5,5570,22,1-2,920,4,1-2-5,2290,11,1-2,490,2,,,,,,,
20250425,江戸川,9,予選,曇り,南西,4,5,1,2,4748,渡 邉 雄 朗,40,46,6.76,2,0.11,1.54.2,2-1-3,640,2,2-1,430,2,1-2-3,160,1,1-2,210,1,,,,,,,
20250425,江戸川,9,予選,曇り,南西,4,5,2,1,3888,山 本 英 志,64,53,6.81,1,0.15,1.55.9,2-1-3,640,2,2-1,430,2,1-2-3,160,1,1-2,210,1,,,,,,,
20250425,江戸川,9,予選,曇り,南西,4,5,3,3,4318,桑 原 将 光,54,54,6.88,3,0.08,1.57.0,2-1-3,640,2,2-1,430,2,1-2-3,160,1,1-2,210,1,,,,,,,
20250425,江戸川,9,予選,曇り,南西,4,5,4,5,3226,浦 田 信 義,20,59,7.02,5,0.23,1.58.4,2-1-3,640,2,2-1,430,2,1-2-3,160,1,1-2,210,1,,,,,,,
20250425,江戸川,9,予選,曇り,南西,4,5,5,4,5070,中 島 航,55,62,6.95,4,0.16,,2-1-3,640,2,2-1,430,2,1-2-3,160,1,1-2,210,1,,,,,,,
20250425,江戸川,9,予選,曇り,南西,4,5,6,6,5103,芝 田 京 介,21,21,7.05,6,0.19,,2-1-3,640,2,2-1,430,2,1-2-3,160,1,1-2,210,1,,,,,,,
20250425,江戸川,10,予選ラリー選,曇り,南西,3,5,1,1,4345,西 舘 健,16,64,6.95,1,0.06,1.53.4,1-4-3,1340,3,1-4,400,1,1-3-4,350,2,1-4,320,1,,,,,,,
20250425,江戸川,10,予選ラリー選,曇り,南西,3,5,2,4,4335,若 林 将,71,37,6.91,4,0.19,1.54.3,1-4-3,1340,3,1-4,400,1,1-3-4,350,2,1-4,320,1,,,,,,,
20250425,江戸川,10,予選ラリー選,曇り,南西,3,5,3,3,4438,森 作 雄 大,69,10,6.91,3,0.18,1.55.3,1-4-3,1340,3,1-4,400,1,1-3-4,350,2,1-4,320,1,,,,,,,
20250425,江戸川,10,予選ラリー選,曇り,南西,3,5,4,5,5063,大 塚 雅 治,66,29,7.01,5,0.22,1.57.1,1-4-3,1340,3,1-4,400,1,1-3-4,350,2,1-4,320,1,,,,,,,
20250425,江戸川,10,予選ラリー選,曇り,南西,3,5,5,6,4379,桑 島 和 宏,27,14,6.94,6,0.21,,1-4-3,1340,3,1-4,400,1,1-3-4,350,2,1-4,320,1,,,,,,,
20250425,江戸川,10,予選ラリー選,曇り,南西,3,5,6,2,4568,廣 瀬 真 也,26,18,7.00,2,0.21,,1-4-3,1340,3,1-4,400,1,1-3-4,350,2,1-4,320,1,,,,,,,
20250425,江戸川,11,予選バディ選,曇り,南西,3,5,1,1,4598,加 藤 政 彦,50,36,6.79,1,0.11,1.53.9,1-4-6,4460,15,1-4,780,4,1-4-6,2830,8,1-4,510,2,,,,,,,
20250425,江戸川,11,予選バディ選,曇り,南西,3,5,2,4,4053,芦 澤 望,59,58,6.88,4,0.15,1.55.1,1-4-6,4460,15,1-4,780,4,1-4-6,2830,8,1-4,510,2,,,,,,,
20250425,江戸川,11,予選バディ選,曇り,南西,3,5,3,6,5228,若 林 樹 蘭,62,32,7.03,6,0.25,1.56.4,1-4-6,4460,15,1-4,780,4,1-4-6,2830,8,1-4,510,2,,,,,,,
20250425,江戸川,11,予選バディ選,曇り,南西,3,5,4,2,4366,前 沢 丈 史,70,71,6.91,2,0.21,1.56.8,1-4-6,4460,15,1-4,780,4,1-4-6,2830,8,1-4,510,2,,,,,,,
20250425,江戸川,11,予選バディ選,曇り,南西,3,5,5,5,4813,宮 内 直 哉,56,31,6.89,5,0.19,,1-4-6,4460,15,1-4,780,4,1-4-6,2830,8,1-4,510,2,,,,,,,
20250425,江戸川,11,予選バディ選,曇り,南西,3,5,6,3,4728,山 口 亮,61,20,6.84,3,0.25,,1-4-6,4460,15,1-4,780,4,1-4-6,2830,8,1-4,510,2,,,,,,,
20250425,江戸川,12,予選特別選抜,曇り,北,4,5,1,3,4610,佐 藤 大 佑,12,34,6.65,3,0.09,1.51.4,3-4-1,2510,10,3-4,1160,5,1-3-4,430,2,3-4,880,4,,,,,,,
20250425,江戸川,12,予選特別選抜,曇り,北,4,5,2,4,4059,入 澤 友 治,60,33,6.86,4,0.14,1.53.0,3-4-1,2510,10,3-4,1160,5,1-3-4,430,2,3-4,880,4,,,,,,,
20250425,江戸川,12,予選特別選抜,曇り,北,4,5,3,1,4468,大 池 佑 来,58,38,6.80,1,0.12,1.55.2,3-4-1,2510,10,3-4,1160,5,1-3-4,430,2,3-4,880,4,,,,,,,
20250425,江戸川,12,予選特別選抜,曇り,北,4,5,4,5,3602,奥 平 拓 也,17,55,6.86,5,0.18,1.57.0,3-4-1,2510,10,3-4,1160,5,1-3-4,430,2,3-4,880,4,,,,,,,
20250425,江戸川,12,予選特別選抜,曇り,北,4,5,5,2,3656,伯 母 芳 恒,32,11,6.80,2,0.17,,3-4-1,2510,10,3-4,1160,5,1-3-4,430,2,3-4,880,4,,,,,,,
20250425,江戸川,12,予選特別選抜,曇り,北,4,5,6,6,3303,渡 辺 豊,13,40,6.91,6,0.27,,3-4-1,2510,10,3-4,1160,5,1-3-4,430,2,3-4,880,4,,,,,,,
20250425,浜名湖,1,予選,晴,北西,5,3,1,2,5245,倉 富 大 誠,11,68,7.02,2,0.14,2.01.8,2-1-5,3970,21,2-1,900,4,1-2-5,1260,8,1-2,250,1,,,,,,,
20250425,浜名湖,1,予選,晴,北西,5,3,2,1,3591,後 藤 孝 義,58,22,7.18,1,0.18,2.06.0,2-1-5,3970,21,2-1,900,4,1-2-5,1260,8,1-2,250,1,,,,,,,
20250425,浜名湖,1,予選,晴,北西,5,3,3,5,4173,岡 谷 健 吾,61,20,7.08,5,0.32,2.10.4,2-1-5,3970,21,2-1,900,4,1-2-5,1260,8,1-2,250,1,,,,,,,
20250425,浜名湖,1,予選,晴,北西,5,3,4,6,5345,牧 村 俊 輝,59,73,7.05,6,0.42,2.13.2,2-1-5,3970,21,2-1,900,4,1-2-5,1260,8,1-2,250,1,,,,,,,
20250425,浜名湖,1,予選,晴,北西,5,3,5,4,3277,齋 藤 勇,57,11,7.08,4,0.25,,2-1-5,3970,21,2-1,900,4,1-2-5,1260,8,1-2,250,1,,,,,,,
20250425,浜名湖,1,予選,晴,北西,5,3,S1,3,5071,野見山 拓 己,5,36,6.98,3,0.17,,2-1-5,3970,21,2-1,900,4,1-2-5,1260,8,1-2,250,1,,,,,,,
20250425,浜名湖,2,予選,晴,北西,7,4,1,2,4376,藤 田 靖 弘,54,47,7.02,2,0.13,1.53.6,2-4-6,1780,3,2-4,740,4,2-4-6,560,1,2-4,360,1,,,,,,,
20250425,浜名湖,2,予選,晴,北西,7,4,2,4,4381,田 路 朋 史,47,67,6.92,4,0.15,1.54.8,2-4-6,1780,3,2-4,740,4,2-4-6,560,1,2-4,360,1,,,,,,,
20250425,浜名湖,2,予選,晴,北西,7,4,3,6,3966,作 間 章,19,64,7.04,6,0.27,1.55.1,2-4-6,1780,3,2-4,740,4,2-4-6,560,1,2-4,360,1,,,,,,,
20250425,浜名湖,2,予選,晴,北西,7,4,4,5,4782,浜 崎 準 也,44,13,7.01,5,0.17,1.57.9,2-4-6,1780,3,2-4,740,4,2-4-6,560,1,2-4,360,1,,,,,,,
20250425,浜名湖,2,予選,晴,北西,7,4,5,1,4803,飯 田 庄 吾,52,26,6.99,1,0.27,,2-4-6,1780,3,2-4,740,4,2-4-6,560,1,2-4,360,1,,,,,,,
20250425,浜名湖,2,予選,晴,北西,7,4,6,3,5285,若 林 麗,45,71,7.00,3,0.17,,2-4-6,1780,3,2-4,740,4,2-4-6,560,1,2-4,360,1,,,,,,,
20250425,浜名湖,3,予選,曇り,北西,5,3,1,3,3635,石 田 政 吾,66,35,7.08,3,0.12,1.51.9,3-1-4,6860,25,3-1,2140,8,1-3-4,1480,5,1-3,870,4,,,,,,,
20250425,浜名湖,3,予選,曇り,北西,5,3,2,1,4081,樋 口 範 政,26,53,7.00,1,0.09,1.52.9,3-1-4,6860,25,3-1,2140,8,1-3-4,1480,5,1-3,870,4,,,,,,,
20250425,浜名湖,3,予選,曇り,北西,5,3,3,4,4711,前 出 達 吉,36,48,6.92,4,0.14,1.54.3,3-1-4,6860,25,3-1,2140,8,1-3-4,1480,5,1-3,870,4,,,,,,,
20250425,浜名湖,3,予選,曇り,北西,5,3,4,2,4121,富 永 修 一,56,21,6.86,2,0.13,1.54.5,3-1-4,6860,25,3-1,2140,8,1-3-4,1480,5,1-3,870,4,,,,,,,
20250425,浜名湖,3,予選,曇り,北西,5,3,5,5,4557,松 尾 光 広,65,16,7.02,5,0.19,,3-1-4,6860,25,3-1,2140,8,1-3-4,1480,5,1-3,870,4,,,,,,,
20250425,浜名湖,3,予選,曇り,北西,5,3,6,6,4892,柴 田 直 哉,23,66,6.91,6,0.18,,3-1-4,6860,25,3-1,2140,8,1-3-4,1480,5,1-3,870,4,,,,,,,
20250425,浜名湖,4,ランチタイム,曇り,北西,4,2,1,1,3582,吉 川 昭 男,16,49,6.88,1,0.26,1.52.5,1-2-4,660,2,1-2,220,1,1-2-4,440,2,1-2,250,1,,,,,,,
20250425,浜名湖,4,ランチタイム,曇り,北西,4,2,2,2,4439,近 藤 友 宝,20,55,6.90,2,0.21,1.53.2,1-2-4,660,2,1-2,220,1,1-2-4,440,2,1-2,250,1,,,,,,,
20250425,浜名湖,4,ランチタイム,曇り,北西,4,2,3,4,3362,間 嶋 仁 志,4,74,7.01,4,0.23,1.54.9,1-2-4,660,2,1-2,220,1,1-2-4,440,2,1-2,250,1,,,,,,,
20250425,浜名湖,4,ランチタイム,曇り,北西,4,2,4,6,3839,川 合 理 司,60,52,6.97,6,0.22,1.56.0,1-2-4,660,2,1-2,220,1,1-2-4,440,2,1-2,250,1,,,,,,,
20250425,浜名湖,4,ランチタイム,曇り,北西,4,2,5,5,3714,梶 原 正,35,62,6.96,5,0.20,,1-2-4,660,2,1-2,220,1,1-2-4,440,2,1-2,250,1,,,,,,,
20250425,浜名湖,4,ランチタイム,曇り,北西,4,2,6,3,4632,長 尾 京志郎,49,59,6.93,3,0.25,,1-2-4,660,2,1-2,220,1,1-2-4,440,2,1-2,250,1,,,,,,,
20250425,浜名湖,5,予選,晴,北西,4,2,1,2,4124,池 田 雄 一,39,46,6.81,2,0.27,1.51.3,2-3-1,1160,4,2-3,680,4,1-2-3,200,1,2-3,290,1,,,,,,,
20250425,浜名湖,5,予選,晴,北西,4,2,2,3,4914,吉 田 裕 平,31,51,6.88,3,0.20,1.52.0,2-3-1,1160,4,2-3,680,4,1-2-3,200,1,2-3,290,1,,,,,,,
20250425,浜名湖,5,予選,晴,北西,4,2,3,1,3445,加 藤 高 史,15,72,6.88,1,0.24,1.54.0,2-3-1,1160,4,2-3,680,4,1-2-3,200,1,2-3,290,1,,,,,,,
20250425,浜名湖,5,予選,晴,北西,4,2,4,4,4435,服 部 達 哉,55,43,6.88,4,0.22,1.55.0,2-3-1,1160,4,2-3,680,4,1-2-3,200,1,2-3,290,1,,,,,,,
20250425,浜名湖,5,予選,晴,北西,4,2,5,5,3454,井 川 大 作,51,65,6.92,5,0.26,,2-3-1,1160,4,2-3,680,4,1-2-3,200,1,2-3,290,1,,,,,,,
20250425,浜名湖,5,予選,晴,北西,4,2,6,6,5302,秋 末 秦 悟,28,14,6.96,6,0.35,,2-3-1,1160,4,2-3,680,4,1-2-3,200,1,2-3,290,1,,,,,,,
20250425,浜名湖,6,予選,晴,北西,6,4,1,3,4365,盛 本 真 輔,27,17,6.77,3,0.17,1.52.0,3-1-6,2110,5,3-1,730,4,1-3-6,300,1,1-3,320,1,,,,,,,
20250425,浜名湖,6,予選,晴,北西,6,4,2,1,5066,鈴 木 孝 明,50,27,6.83,1,0.12,1.53.3,3-1-6,2110,5,3-1,730,4,1-3-6,300,1,1-3,320,1,,,,,,,
20250425,浜名湖,6,予選,晴,北西,6,4,3,6,4477,篠 崎 仁 志,63,63,6.90,4,0.16,1.53.5,3-1-6,2110,5,3-1,730,4,1-3-6,300,1,1-3,320,1,,,,,,,
20250425,浜名湖,6,予選,晴,北西,6,4,4,5,5115,香 川 颯 太,1,50,6.81,6,0.13,1.54.5,3-1-6,2110,5,3-1,730,4,1-3-6,300,1,1-3,320,1,,,,,,,
20250425,浜名湖,6,予選,晴,北西,6,4,5,2,4618,乃 村 康 友,6,69,6.90,2,0.19,,3-1-6,2110,5,3-1,730,4,1-3-6,300,1,1-3,320,1,,,,,,,
20250425,浜名湖,6,予選,晴,北西,6,4,6,4,5345,牧 村 俊 輝,59,73,6.88,5,0.17,,3-1-6,2110,5,3-1,730,4,1-3-6,300,1,1-3,320,1,,,,,,,
20250425,浜名湖,7,予選,晴,西,2,1,1,2,4105,松 下 直 也,34,58,6.97,1,0.22,1.51.7,2-6-5,14990,53,2-6,4460,15,2-5-6,2680,10,2-6,4290,11,,,,,,,
20250425,浜名湖,7,予選,晴,西,2,1,2,6,5071,野見山 拓 己,5,36,6.89,6,0.22,1.53.1,2-6-5,14990,53,2-6,4460,15,2-5-6,2680,10,2-6,4290,11,,,,,,,
20250425,浜名湖,7,予選,晴,西,2,1,3,5,4904,松 本 一 毅,53,32,6.92,5,0.21,1.54.0,2-6-5,14990,53,2-6,4460,15,2-5-6,2680,10,2-6,4290,11,,,,,,,
20250425,浜名湖,7,予選,晴,西,2,1,4,4,4895,門 間 雄 大,62,31,6.95,4,0.19,1.55.5,2-6-5,14990,53,2-6,4460,15,2-5-6,2680,10,2-6,4290,11,,,,,,,
20250425,浜名湖,7,予選,晴,西,2,1,5,3,4557,松 尾 光 広,65,16,6.96,2,0.21,,2-6-5,14990,53,2-6,4460,15,2-5-6,2680,10,2-6,4290,11,,,,,,,
20250425,浜名湖,7,予選,晴,西,2,1,6,1,4821,妻 鳥 晋 也,10,18,6.93,3,0.23,,2-6-5,14990,53,2-6,4460,15,2-5-6,2680,10,2-6,4290,11,,,,,,,
20250425,浜名湖,8,ブレイクタイ,曇り,北西,5,3,1,1,4121,富 永 修 一,56,21,6.83,1,0.07,1.50.8,1-3-4,490,2,1-3,340,2,1-3-4,170,1,1-3,300,2,,,,,,,
20250425,浜名湖,8,ブレイクタイ,曇り,北西,5,3,2,3,3362,間 嶋 仁 志,4,74,6.91,3,0.15,1.52.5,1-3-4,490,2,1-3,340,2,1-3-4,170,1,1-3,300,2,,,,,,,
20250425,浜名湖,8,ブレイクタイ,曇り,北西,5,3,3,4,3554,仲 口 博 崇,21,38,6.81,4,0.13,1.54.5,1-3-4,490,2,1-3,340,2,1-3-4,170,1,1-3,300,2,,,,,,,
20250425,浜名湖,8,ブレイクタイ,曇り,北西,5,3,4,2,5285,若 林 麗,45,71,6.93,2,0.14,1.56.0,1-3-4,490,2,1-3,340,2,1-3-4,170,1,1-3,300,2,,,,,,,
20250425,浜名湖,8,ブレイクタイ,曇り,北西,5,3,5,5,3591,後 藤 孝 義,58,22,7.00,5,0.17,,1-3-4,490,2,1-3,340,2,1-3-4,170,1,1-3,300,2,,,,,,,
20250425,浜名湖,8,ブレイクタイ,曇り,北西,5,3,6,6,4271,川 崎 公 靖,48,24,6.91,6,0.11,,1-3-4,490,2,1-3,340,2,1-3-4,170,1,1-3,300,2,,,,,,,
20250425,浜名湖,9,予選特賞,曇り,北西,4,2,1,1,4782,浜 崎 準 也,44,13,6.86,1,0.18,1.52.8,1-2-6,5420,20,1-2,520,2,1-2-6,2660,9,1-2,300,2,,,,,,,
20250425,浜名湖,9,予選特賞,曇り,北西,4,2,2,2,4892,柴 田 直 哉,23,66,6.90,2,0.21,1.54.1,1-2-6,5420,20,1-2,520,2,1-2-6,2660,9,1-2,300,2,,,,,,,
20250425,浜名湖,9,予選特賞,曇り,北西,4,2,3,6,4182,吉 田 和 仁,8,70,6.85,6,0.29,1.55.4,1-2-6,5420,20,1-2,520,2,1-2-6,2660,9,1-2,300,2,,,,,,,
20250425,浜名湖,9,予選特賞,曇り,北西,4,2,4,4,5245,倉 富 大 誠,11,68,6.86,4,0.21,1.56.0,1-2-6,5420,20,1-2,520,2,1-2-6,2660,9,1-2,300,2,,,,,,,
20250425,浜名湖,9,予選特賞,曇り,北西,4,2,5,5,4435,服 部 達 哉,55,43,6.87,5,0.23,,1-2-6,5420,20,1-2,520,2,1-2-6,2660,9,1-2,300,2,,,,,,,
20250425,浜名湖,9,予選特賞,曇り,北西,4,2,6,3,3582,吉 川 昭 男,16,49,6.95,3,0.24,,1-2-6,5420,20,1-2,520,2,1-2-6,2660,9,1-2,300,2,,,,,,,
20250425,浜名湖,10,予選特賞,曇り,西,3,1,1,4,4439,近 藤 友 宝,20,55,6.86,4,0.03,1.51.3,4-6-1,14470,39,4-6,9080,16,1-4-6,1280,4,4-6,3360,6,,,,,,,
20250425,浜名湖,10,予選特賞,曇り,西,3,1,2,6,4124,池 田 雄 一,39,46,6.78,5,0.05,1.53.1,4-6-1,14470,39,4-6,9080,16,1-4-6,1280,4,4-6,3360,6,,,,,,,
20250425,浜名湖,10,予選特賞,曇り,西,3,1,3,1,3635,石 田 政 吾,66,35,6.90,1,0.09,1.54.7,4-6-1,14470,39,4-6,9080,16,1-4-6,1280,4,4-6,3360,6,,,,,,,
20250425,浜名湖,10,予選特賞,曇り,西,3,1,4,2,4477,篠 崎 仁 志,63,63,6.87,2,0.13,1.55.0,4-6-1,14470,39,4-6,9080,16,1-4-6,1280,4,4-6,3360,6,,,,,,,
20250425,浜名湖,10,予選特賞,曇り,西,3,1,5,3,3277,齋 藤 勇,57,11,6.86,3,0.27,,4-6-1,14470,39,4-6,9080,16,1-4-6,1280,4,4-6,3360,6,,,,,,,
20250425,浜名湖,10,予選特賞,曇り,西,3,1,6,5,4803,飯 田 庄 吾,52,26,6.92,6,0.10,,4-6-1,14470,39,4-6,9080,16,1-4-6,1280,4,4-6,3360,6,,,,,,,
20250425,浜名湖,11,予選特選,曇り,北西,5,3,1,1,4914,吉 田 裕 平,31,51,6.85,1,0.15,1.50.8,1-2-6,1050,5,1-2,320,2,1-2-6,560,4,1-2,250,1,,,,,,,
20250425,浜名湖,11,予選特選,曇り,北西,5,3,2,2,4711,前 出 達 吉,36,48,6.83,2,0.17,1.52.8,1-2-6,1050,5,1-2,320,2,1-2-6,560,4,1-2,250,1,,,,,,,
20250425,浜名湖,11,予選特選,曇り,北西,5,3,3,6,4381,田 路 朋 史,47,67,6.83,5,0.20,1.54.3,1-2-6,1050,5,1-2,320,2,1-2-6,560,4,1-2,250,1,,,,,,,
20250425,浜名湖,11,予選特選,曇り,北西,5,3,4,4,4904,松 本 一 毅,53,32,6.88,4,0.22,1.54.5,1-2-6,1050,5,1-2,320,2,1-2-6,560,4,1-2,250,1,,,,,,,
20250425,浜名湖,11,予選特選,曇り,北西,5,3,5,3,5115,香 川 颯 太,1,50,6.81,3,0.22,,1-2-6,1050,5,1-2,320,2,1-2-6,560,4,1-2,250,1,,,,,,,
20250425,浜名湖,11,予選特選,曇り,北西,5,3,6,5,4632,長 尾 京志郎,49,59,6.99,6,0.30,,1-2-6,1050,5,1-2,320,2,1-2-6,560,4,1-2,250,1,,,,,,,
20250425,浜名湖,12,予選特選,曇り,西,3,1,1,3,3966,作 間 章,19,64,6.92,3,0.12,1.50.6,3-1-2,8240,27,3-1,1670,6,1-2-3,610,3,1-3,260,1,,,,,,,
20250425,浜名湖,12,予選特選,曇り,西,3,1,2,1,3554,仲 口 博 崇,21,38,6.85,1,0.14,1.51.1,3-1-2,8240,27,3-1,1670,6,1-2-3,610,3,1-3,260,1,,,,,,,
20250425,浜名湖,12,予選特選,曇り,西,3,1,3,2,3714,梶 原 正,35,62,6.90,2,0.13,1.53.9,3-1-2,8240,27,3-1,1670,6,1-2-3,610,3,1-3,260,1,,,,,,,
20250425,浜名湖,12,予選特選,曇り,西,3,1,4,5,4081,樋 口 範 政,26,53,6.87,5,0.17,1.54.4,3-1-2,8240,27,3-1,1670,6,1-2-3,610,3,1-3,260,1,,,,,,,
20250425,浜名湖,12,予選特選,曇り,西,3,1,5,4,4105,松 下 直 也,34,58,6.91,4,0.18,,3-1-2,8240,27,3-1,1670,6,1-2-3,610,3,1-3,260,1,,,,,,,
20250425,浜名湖,12,予選特選,曇り,西,3,1,6,6,4365,盛 本 真 輔,27,17,6.75,6,0.17,,3-1-2,8240,27,3-1,1670,6,1-2-3,610,3,1-3,260,1,,,,,,,
20250425,福岡,1,カタメン１予,曇り,北東,3,3,1,1,3811,石 田 章 央,58,141,6.85,1,0.18,1.49.7,1-5-3,2890,10,1-5,770,4,1-3-5,760,4,1-5,1580,4,,,,,,,
20250425,福岡,1,カタメン１予,曇り,北東,3,3,2,5,4944,田 代 達 也,47,126,6.83,5,0.20,1.52.5,1-5-3,2890,10,1-5,770,4,1-3-5,760,4,1-5,1580,4,,,,,,,
20250425,福岡,1,カタメン１予,曇り,北東,3,3,3,3,5274,城 間 盛 渚,12,158,6.81,3,0.19,1.53.7,1-5-3,2890,10,1-5,770,4,1-3-5,760,4,1-5,1580,4,,,,,,,
20250425,福岡,1,カタメン１予,曇り,北東,3,3,4,2,3637,齋 藤 和 政,67,159,6.88,2,0.18,1.54.2,1-5-3,2890,10,1-5,770,4,1-3-5,760,4,1-5,1580,4,,,,,,,
20250425,福岡,1,カタメン１予,曇り,北東,3,3,5,4,3372,加 藤 雅 之,48,150,6.79,4,0.31,,1-5-3,2890,10,1-5,770,4,1-3-5,760,4,1-5,1580,4,,,,,,,
20250425,福岡,1,カタメン１予,曇り,北東,3,3,6,6,4574,東 潤 樹,29,171,6.92,6,0.21,,1-5-3,2890,10,1-5,770,4,1-3-5,760,4,1-5,1580,4,,,,,,,
20250425,福岡,2,予選,曇り,北東,3,3,1,1,3617,竹 田 広 樹,35,155,6.85,1,0.06,1.50.4,1-3-4,4050,18,1-3,1350,6,1-3-4,1080,6,1-3,600,3,,,,,,,
20250425,福岡,2,予選,曇り,北東,3,3,2,3,4176,樋 口 喜 彦,44,153,6.89,3,0.05,1.52.0,1-3-4,4050,18,1-3,1350,6,1-3-4,1080,6,1-3,600,3,,,,,,,
20250425,福岡,2,予選,曇り,北東,3,3,3,4,4967,中 村 魁 生,20,157,6.86,4,0.07,1.53.3,1-3-4,4050,18,1-3,1350,6,1-3-4,1080,6,1-3,600,3,,,,,,,
20250425,福岡,2,予選,曇り,北東,3,3,4,2,4133,高 橋 正 男,42,167,6.86,2,0.04,1.54.4,1-3-4,4050,18,1-3,1350,6,1-3-4,1080,6,1-3,600,3,,,,,,,
20250425,福岡,2,予選,曇り,北東,3,3,5,5,5036,福 田 翔 吾,65,140,6.85,5,0.10,,1-3-4,4050,18,1-3,1350,6,1-3-4,1080,6,1-3,600,3,,,,,,,
20250425,福岡,2,予選,曇り,北東,3,3,6,6,4457,神 田 達 也,19,161,6.93,6,0.22,,1-3-4,4050,18,1-3,1350,6,1-3-4,1080,6,1-3,600,3,,,,,,,
20250425,福岡,3,カタメン３予,曇り,北東,3,3,1,3,4397,西 村 拓 也,41,160,6.81,3,0.12,1.49.7,3-6-5,9660,31,3-6,1740,7,3-5-6,4840,13,3-6,820,4,,,,,,,
20250425,福岡,3,カタメン３予,曇り,北東,3,3,2,6,4552,杉 山 勝 匡,34,123,6.76,6,0.04,1.52.3,3-6-5,9660,31,3-6,1740,7,3-5-6,4840,13,3-6,820,4,,,,,,,
20250425,福岡,3,カタメン３予,曇り,北東,3,3,3,5,3776,横 井 健 太,75,151,6.88,5,0.09,1.53.9,3-6-5,9660,31,3-6,1740,7,3-5-6,4840,13,3-6,820,4,,,,,,,
20250425,福岡,3,カタメン３予,曇り,北東,3,3,4,2,3294,野 中 義 生,73,135,6.85,2,0.14,1.55.5,3-6-5,9660,31,3-6,1740,7,3-5-6,4840,13,3-6,820,4,,,,,,,
20250425,福岡,3,カタメン３予,曇り,北東,3,3,5,4,4692,酒 井 俊 弘,57,145,6.84,4,0.12,,3-6-5,9660,31,3-6,1740,7,3-5-6,4840,13,3-6,820,4,,,,,,,
20250425,福岡,3,カタメン３予,曇り,北東,3,3,6,1,3600,玄 馬 徹,14,115,6.86,1,0.12,,3-6-5,9660,31,3-6,1740,7,3-5-6,4840,13,3-6,820,4,,,,,,,
20250425,福岡,4,予選,曇り,北東,3,3,1,4,4118,宇佐見 淳,74,103,6.82,4,0.09,1.50.4,4-1-3,2760,8,4-1,540,1,1-3-4,290,1,1-4,180,1,,,,,,,
20250425,福岡,4,予選,曇り,北東,3,3,2,1,4779,伊 倉 光,71,164,6.83,1,0.05,1.52.3,4-1-3,2760,8,4-1,540,1,1-3-4,290,1,1-4,180,1,,,,,,,
20250425,福岡,4,予選,曇り,北東,3,3,3,3,3796,長 野 道 臣,11,105,6.82,3,0.05,1.52.4,4-1-3,2760,8,4-1,540,1,1-3-4,290,1,1-4,180,1,,,,,,,
20250425,福岡,4,予選,曇り,北東,3,3,4,2,5244,黒 田 剛,72,166,6.79,2,0.05,1.54.0,4-1-3,2760,8,4-1,540,1,1-3-4,290,1,1-4,180,1,,,,,,,
20250425,福岡,4,予選,曇り,北東,3,3,5,6,4675,井 手 良 太,23,165,6.86,6,0.14,,4-1-3,2760,8,4-1,540,1,1-3-4,290,1,1-4,180,1,,,,,,,
20250425,福岡,4,予選,曇り,北東,3,3,6,5,4111,奥 田 誠,25,118,6.82,5,0.14,,4-1-3,2760,8,4-1,540,1,1-3-4,290,1,1-4,180,1,,,,,,,
20250425,福岡,5,予選,曇り,北東,3,3,1,2,4574,東 潤 樹,29,171,6.85,3,0.13,1.48.7,2-3-5,3990,15,2-3,1230,6,2-3-5,1040,4,2-3,810,3,,,,,,,
20250425,福岡,5,予選,曇り,北東,3,3,2,3,5029,中 亮 太,69,122,6.81,4,0.09,1.51.0,2-3-5,3990,15,2-3,1230,6,2-3-5,1040,4,2-3,810,3,,,,,,,
20250425,福岡,5,予選,曇り,北東,3,3,3,5,3612,馬 袋 義 則,59,106,6.87,2,0.07,1.52.4,2-3-5,3990,15,2-3,1230,6,2-3-5,1040,4,2-3,810,3,,,,,,,
20250425,福岡,5,予選,曇り,北東,3,3,4,6,4665,加 藤 啓 太,15,127,6.84,6,0.09,1.54.3,2-3-5,3990,15,2-3,1230,6,2-3-5,1040,4,2-3,810,3,,,,,,,
20250425,福岡,5,予選,曇り,北東,3,3,5,4,3867,松 浦 勝,32,168,6.87,5,0.09,,2-3-5,3990,15,2-3,1230,6,2-3-5,1040,4,2-3,810,3,,,,,,,
20250425,福岡,5,予選,曇り,北東,3,3,6,1,3401,上 田 隆 章,28,139,6.91,1,0.11,,2-3-5,3990,15,2-3,1230,6,2-3-5,1040,4,2-3,810,3,,,,,,,
20250425,福岡,6,予選,曇り,北東,3,3,1,2,3940,飯 山 泰,27,154,6.75,2,0.16,1.59.8,2-1-3,4110,16,2-1,830,5,1-2-3,1320,4,1-2,340,2,,,,,,,
20250425,福岡,6,予選,曇り,北東,3,3,2,1,5274,城 間 盛 渚,12,158,6.82,1,0.16,2.05.7,2-1-3,4110,16,2-1,830,5,1-2-3,1320,4,1-2,340,2,,,,,,,
20250425,福岡,6,予選,曇り,北東,3,3,3,3,4457,神 田 達 也,19,161,6.96,3,0.15,2.07.1,2-1-3,4110,16,2-1,830,5,1-2-3,1320,4,1-2,340,2,,,,,,,
20250425,福岡,6,予選,曇り,北東,3,3,4,6,4010,越 智 照 浩,60,162,6.92,6,0.24,2.11.0,2-1-3,4110,16,2-1,830,5,1-2-3,1320,4,1-2,340,2,,,,,,,
20250425,福岡,6,予選,曇り,北東,3,3,5,5,3370,坪 内 実,43,137,6.84,5,0.19,,2-1-3,4110,16,2-1,830,5,1-2-3,1320,4,1-2,340,2,,,,,,,
20250425,福岡,6,予選,曇り,北東,3,3,S1,4,3874,山 本 寛 久,70,125,6.83,4,0.19,,2-1-3,4110,16,2-1,830,5,1-2-3,1320,4,1-2,340,2,,,,,,,
20250425,福岡,7,予選,曇り,北,3,3,1,1,5036,福 田 翔 吾,65,140,6.87,1,0.08,2.00.0,1-3-2,2680,9,1-3,1310,4,1-2-3,460,2,1-3,1180,6,,,,,,,
20250425,福岡,7,予選,曇り,北,3,3,2,3,4023,柴 田 友 和,33,147,6.88,3,0.16,2.03.5,1-3-2,2680,9,1-3,1310,4,1-2-3,460,2,1-3,1180,6,,,,,,,
20250425,福岡,7,予選,曇り,北,3,3,3,2,4172,森 定 晃 史,52,116,6.87,2,0.09,2.05.8,1-3-2,2680,9,1-3,1310,4,1-2-3,460,2,1-3,1180,6,,,,,,,
20250425,福岡,7,予選,曇り,北,3,3,4,5,3600,玄 馬 徹,14,115,6.89,5,0.18,2.08.2,1-3-2,2680,9,1-3,1310,4,1-2-3,460,2,1-3,1180,6,,,,,,,
20250425,福岡,7,予選,曇り,北,3,3,5,6,4736,高 倉 和 士,17,104,6.89,6,0.19,,1-3-2,2680,9,1-3,1310,4,1-2-3,460,2,1-3,1180,6,,,,,,,
20250425,福岡,7,予選,曇り,北,3,3,S1,4,4944,田 代 達 也,47,126,6.87,4,0.18,,1-3-2,2680,9,1-3,1310,4,1-2-3,460,2,1-3,1180,6,,,,,,,
20250425,福岡,8,予選,曇り,北,2,2,1,1,3968,茶 谷 信 次,53,132,6.85,1,0.18,1.49.1,1-2-3,640,2,1-2,240,1,1-2-3,380,2,1-2,140,1,,,,,,,
20250425,福岡,8,予選,曇り,北,2,2,2,2,4640,山ノ内 雅 人,50,146,6.86,2,0.23,1.51.4,1-2-3,640,2,1-2,240,1,1-2-3,380,2,1-2,140,1,,,,,,,
20250425,福岡,8,予選,曇り,北,2,2,3,3,4675,井 手 良 太,23,165,6.87,3,0.21,1.53.3,1-2-3,640,2,1-2,240,1,1-2-3,380,2,1-2,140,1,,,,,,,
20250425,福岡,8,予選,曇り,北,2,2,4,6,3294,野 中 義 生,73,135,6.92,6,0.21,1.54.7,1-2-3,640,2,1-2,240,1,1-2-3,380,2,1-2,140,1,,,,,,,
20250425,福岡,8,予選,曇り,北,2,2,5,4,4176,樋 口 喜 彦,44,153,6.90,4,0.22,,1-2-3,640,2,1-2,240,1,1-2-3,380,2,1-2,140,1,,,,,,,
20250425,福岡,8,予選,曇り,北,2,2,6,5,4311,岡 村 仁,62,128,6.91,5,0.26,,1-2-3,640,2,1-2,240,1,1-2-3,380,2,1-2,140,1,,,,,,,
20250425,福岡,9,予選特賞,曇り,北東,3,3,1,1,4388,是 澤 孝 宏,31,134,6.84,1,0.10,1.50.7,1-5-2,730,1,1-5,380,1,1-2-5,260,1,1-5,200,1,,,,,,,
20250425,福岡,9,予選特賞,曇り,北東,3,3,2,5,4199,北 川 潤 二,37,111,6.92,2,0.09,1.51.8,1-5-2,730,1,1-5,380,1,1-2-5,260,1,1-5,200,1,,,,,,,
20250425,福岡,9,予選特賞,曇り,北東,3,3,3,2,3796,長 野 道 臣,11,105,6.84,3,0.11,1.53.3,1-5-2,730,1,1-5,380,1,1-2-5,260,1,1-5,200,1,,,,,,,
20250425,福岡,9,予選特賞,曇り,北東,3,3,4,4,5046,松 山 裕 基,66,129,6.89,4,0.09,1.54.0,1-5-2,730,1,1-5,380,1,1-2-5,260,1,1-5,200,1,,,,,,,
20250425,福岡,9,予選特賞,曇り,北東,3,3,5,3,4552,杉 山 勝 匡,34,123,6.81,6,0.13,,1-5-2,730,1,1-5,380,1,1-2-5,260,1,1-5,200,1,,,,,,,
20250425,福岡,9,予選特賞,曇り,北東,3,3,6,6,3637,齋 藤 和 政,67,159,6.90,5,0.11,,1-5-2,730,1,1-5,380,1,1-2-5,260,1,1-5,200,1,,,,,,,
20250425,福岡,10,予選特賞,晴,北,3,3,1,1,4216,星 栄 爾,55,117,6.86,1,0.14,1.50.1,1-4-5,2690,8,1-4,830,3,1-4-5,1210,4,1-4,450,2,,,,,,,
20250425,福岡,10,予選特賞,晴,北,3,3,2,4,4930,佐 藤 悠,16,148,6.84,4,0.08,1.51.8,1-4-5,2690,8,1-4,830,3,1-4-5,1210,4,1-4,450,2,,,,,,,
20250425,福岡,10,予選特賞,晴,北,3,3,3,5,3811,石 田 章 央,58,141,6.89,5,0.08,1.52.9,1-4-5,2690,8,1-4,830,3,1-4-5,1210,4,1-4,450,2,,,,,,,
20250425,福岡,10,予選特賞,晴,北,3,3,4,6,4111,奥 田 誠,25,118,6.88,6,0.15,1.54.4,1-4-5,2690,8,1-4,830,3,1-4-5,1210,4,1-4,450,2,,,,,,,
20250425,福岡,10,予選特賞,晴,北,3,3,5,2,3874,山 本 寛 久,70,125,6.85,2,0.26,,1-4-5,2690,8,1-4,830,3,1-4-5,1210,4,1-4,450,2,,,,,,,
20250425,福岡,10,予選特賞,晴,北,3,3,6,3,4692,酒 井 俊 弘,57,145,6.87,3,0.17,,1-4-5,2690,8,1-4,830,3,1-4-5,1210,4,1-4,450,2,,,,,,,
20250425,福岡,11,予選特選,晴,北,2,2,1,1,5058,前 原 大 道,24,149,6.78,1,0.17,1.49.1,1-3-6,2320,7,1-3,270,1,1-3-6,1440,5,1-3,230,2,,,,,,,
20250425,福岡,11,予選特選,晴,北,2,2,2,3,4172,森 定 晃 史,52,116,6.86,3,0.20,1.50.9,1-3-6,2320,7,1-3,270,1,1-3-6,1440,5,1-3,230,2,,,,,,,
20250425,福岡,11,予選特選,晴,北,2,2,3,6,4967,中 村 魁 生,20,157,6.92,6,0.14,1.52.6,1-3-6,2320,7,1-3,270,1,1-3-6,1440,5,1-3,230,2,,,,,,,
20250425,福岡,11,予選特選,晴,北,2,2,4,2,4879,山 崎 鉄 平,38,131,6.91,2,0.18,1.53.6,1-3-6,2320,7,1-3,270,1,1-3-6,1440,5,1-3,230,2,,,,,,,
20250425,福岡,11,予選特選,晴,北,2,2,5,4,3745,橋 本 年 光,51,130,6.86,4,0.18,,1-3-6,2320,7,1-3,270,1,1-3-6,1440,5,1-3,230,2,,,,,,,
20250425,福岡,11,予選特選,晴,北,2,2,6,5,4779,伊 倉 光,71,164,6.88,5,0.17,,1-3-6,2320,7,1-3,270,1,1-3-6,1440,5,1-3,230,2,,,,,,,
20250425,福岡,12,福岡選抜,晴,北,2,2,1,1,4397,西 村 拓 也,41,160,6.86,1,0.14,1.48.2,1-3-6,6010,19,1-3,400,2,1-3-6,4080,9,1-3,270,2,,,,,,,
20250425,福岡,12,福岡選抜,晴,北,2,2,2,3,4118,宇佐見 淳,74,103,6.88,3,0.11,1.50.7,1-3-6,6010,19,1-3,400,2,1-3-6,4080,9,1-3,270,2,,,,,,,
20250425,福岡,12,福岡選抜,晴,北,2,2,3,6,4133,高 橋 正 男,42,167,6.90,6,0.12,1.52.3,1-3-6,6010,19,1-3,400,2,1-3-6,4080,9,1-3,270,2,,,,,,,
20250425,福岡,12,福岡選抜,晴,北,2,2,4,5,3940,飯 山 泰,27,154,6.79,5,0.12,1.52.4,1-3-6,6010,19,1-3,400,2,1-3-6,4080,9,1-3,270,2,,,,,,,
20250425,福岡,12,福岡選抜,晴,北,2,2,5,2,4736,高 倉 和 士,17,104,6.88,2,0.11,,1-3-6,6010,19,1-3,400,2,1-3-6,4080,9,1-3,270,2,,,,,,,
20250425,福岡,12,福岡選抜,晴,北,2,2,6,4,5029,中 亮 太,69,122,6.86,4,0.09,,1-3-6,6010,19,1-3,400,2,1-3-6,4080,9,1-3,270,2,,,,,,,
20250425,芦屋,1,サンライズＶ,曇り,北東,4,4,1,1,4611,今 井 美 亜,38,135,6.72,1,0.19,1.48.8,1-6-3,7230,24,1-6,2240,6,1-3-6,2660,8,1-6,1160,5,,,,,,,
20250425,芦屋,1,サンライズＶ,曇り,北東,4,4,2,6,5339,石 井 伸 長,7,157,6.73,6,0.23,1.49.3,1-6-3,7230,24,1-6,2240,6,1-3-6,2660,8,1-6,1160,5,,,,,,,
20250425,芦屋,1,サンライズＶ,曇り,北東,4,4,3,3,3441,土 屋 太 朗,39,112,6.76,2,0.18,1.51.1,1-6-3,7230,24,1-6,2240,6,1-3-6,2660,8,1-6,1160,5,,,,,,,
20250425,芦屋,1,サンライズＶ,曇り,北東,4,4,4,5,3832,下 田 哲 也,46,123,6.74,5,0.19,1.52.4,1-6-3,7230,24,1-6,2240,6,1-3-6,2660,8,1-6,1160,5,,,,,,,
20250425,芦屋,1,サンライズＶ,曇り,北東,4,4,5,2,3340,池 田 雷 太,21,138,6.76,3,0.15,,1-6-3,7230,24,1-6,2240,6,1-3-6,2660,8,1-6,1160,5,,,,,,,
20250425,芦屋,1,サンライズＶ,曇り,北東,4,4,6,4,4565,西 村 豪 洋,12,144,6.74,4,0.13,,1-6-3,7230,24,1-6,2240,6,1-3-6,2660,8,1-6,1160,5,,,,,,,
20250425,芦屋,2,サンライズＷ,晴,北東,4,4,1,1,4144,石 塚 久 也,19,122,6.69,1,0.16,1.48.1,1-4-3,590,2,1-4,230,1,1-3-4,270,1,1-4,300,2,,,,,,,
20250425,芦屋,2,サンライズＷ,晴,北東,4,4,2,4,3655,本 橋 克 洋,18,155,6.75,4,0.14,1.49.2,1-4-3,590,2,1-4,230,1,1-3-4,270,1,1-4,300,2,,,,,,,
20250425,芦屋,2,サンライズＷ,晴,北東,4,4,3,3,5143,常 盤 海 心,33,132,6.71,3,0.16,1.51.6,1-4-3,590,2,1-4,230,1,1-3-4,270,1,1-4,300,2,,,,,,,
20250425,芦屋,2,サンライズＷ,晴,北東,4,4,4,5,3718,伊 達 正 利,42,137,6.76,5,0.14,1.52.8,1-4-3,590,2,1-4,230,1,1-3-4,270,1,1-4,300,2,,,,,,,
20250425,芦屋,2,サンライズＷ,晴,北東,4,4,5,2,3928,林 恵 祐,36,120,6.81,2,0.22,,1-4-3,590,2,1-4,230,1,1-3-4,270,1,1-4,300,2,,,,,,,
20250425,芦屋,2,サンライズＷ,晴,北東,4,4,6,6,4422,永 井 亮 次,16,117,6.77,6,0.21,,1-4-3,590,2,1-4,230,1,1-3-4,270,1,1-4,300,2,,,,,,,
20250425,芦屋,3,サンライズＸ,晴,北,4,4,1,1,4593,小 坂 宗 司,34,124,6.75,1,0.11,1.48.0,1-2-3,780,3,1-2,440,2,1-2-3,310,1,1-2,310,2,,,,,,,
20250425,芦屋,3,サンライズＸ,晴,北,4,4,2,2,3339,泉 具 巳,1,152,6.74,2,0.14,1.48.8,1-2-3,780,3,1-2,440,2,1-2-3,310,1,1-2,310,2,,,,,,,
20250425,芦屋,3,サンライズＸ,晴,北,4,4,3,3,4066,東 本 勝 利,24,118,6.81,3,0.14,1.49.7,1-2-3,780,3,1-2,440,2,1-2-3,310,1,1-2,310,2,,,,,,,
20250425,芦屋,3,サンライズＸ,晴,北,4,4,4,5,4447,深 川 麻奈美,25,153,6.72,5,0.16,1.51.2,1-2-3,780,3,1-2,440,2,1-2-3,310,1,1-2,310,2,,,,,,,
20250425,芦屋,3,サンライズＸ,晴,北,4,4,5,6,4113,木 村 浩 士,11,142,6.72,6,0.14,,1-2-3,780,3,1-2,440,2,1-2-3,310,1,1-2,310,2,,,,,,,
20250425,芦屋,3,サンライズＸ,晴,北,4,4,6,4,5289,佃 來 紀,3,156,6.79,4,0.14,,1-2-3,780,3,1-2,440,2,1-2-3,310,1,1-2,310,2,,,,,,,
20250425,芦屋,4,サンライズＹ 進入固定,晴,北,3,3,1,1,4073,大 橋 純一郎,15,139,6.70,1,0.11,1.47.7,1-2-5,2010,7,1-2,270,2,1-2-5,1310,5,1-2,330,2,,,,,,,
20250425,芦屋,4,サンライズＹ 進入固定,晴,北,3,3,2,2,4389,伊 藤 喜 智,32,121,6.74,2,0.12,1.49.6,1-2-5,2010,7,1-2,270,2,1-2-5,1310,5,1-2,330,2,,,,,,,
20250425,芦屋,4,サンライズＹ 進入固定,晴,北,3,3,3,5,5317,長 尾 萌 加,10,111,6.77,4,0.11,1.51.1,1-2-5,2010,7,1-2,270,2,1-2-5,1310,5,1-2,330,2,,,,,,,
20250425,芦屋,4,サンライズＹ 進入固定,晴,北,3,3,4,3,3502,渡 邉 英 児,5,146,6.73,3,0.09,1.51.7,1-2-5,2010,7,1-2,270,2,1-2-5,1310,5,1-2,330,2,,,,,,,
20250425,芦屋,4,サンライズＹ 進入固定,晴,北,3,3,5,6,4727,安 部 慎 一,35,126,6.77,5,0.09,,1-2-5,2010,7,1-2,270,2,1-2-5,1310,5,1-2,330,2,,,,,,,
20250425,芦屋,4,サンライズＹ 進入固定,晴,北,3,3,K1,4,5287,滝 沢 織 寧,40,140 K,,,,,1-2-5,2010,7,1-2,270,2,1-2-5,1310,5,1-2,330,2,,,,,,,
20250425,芦屋,5,サンライズＺ,晴,北,3,3,1,1,3556,田 中 信一郎,6,115,6.71,1,0.16,1.48.4,1-6-3,2200,7,1-6,880,4,1-3-6,570,3,1-6,830,4,,,,,,,
20250425,芦屋,5,サンライズＺ,晴,北,3,3,2,6,3300,川 崎 智 幸,41,128,6.79,6,0.28,1.49.9,1-6-3,2200,7,1-6,880,4,1-3-6,570,3,1-6,830,4,,,,,,,
20250425,芦屋,5,サンライズＺ,晴,北,3,3,3,3,3251,平 石 和 男,44,141,6.80,3,0.27,1.51.0,1-6-3,2200,7,1-6,880,4,1-3-6,570,3,1-6,830,4,,,,,,,
20250425,芦屋,5,サンライズＺ,晴,北,3,3,4,5,5339,石 井 伸 長,7,157,6.76,5,0.44,1.52.2,1-6-3,2200,7,1-6,880,4,1-3-6,570,3,1-6,830,4,,,,,,,
20250425,芦屋,5,サンライズＺ,晴,北,3,3,5,4,3681,山 谷 央,29,134,6.78,4,0.41,,1-6-3,2200,7,1-6,880,4,1-3-6,570,3,1-6,830,4,,,,,,,
20250425,芦屋,5,サンライズＺ,晴,北,3,3,6,2,5265,大 廣 咲 季,20,158,6.78,2,0.16,,1-6-3,2200,7,1-6,880,4,1-3-6,570,3,1-6,830,4,,,,,,,
20250425,芦屋,6,予選,晴,北,4,4,1,1,3832,下 田 哲 也,46,123,6.75,1,0.03,1.47.7,1-2-5,3250,12,1-2,570,3,1-2-5,970,6,1-2,210,1,,,,,,,
20250425,芦屋,6,予選,晴,北,4,4,2,2,4384,鶴 本 崇 文,8,129,6.72,2,0.07,1.48.6,1-2-5,3250,12,1-2,570,3,1-2-5,970,6,1-2,210,1,,,,,,,
20250425,芦屋,6,予選,晴,北,4,4,3,5,5316,村 松 将 平,2,143,6.72,5,0.10,1.49.0,1-2-5,3250,12,1-2,570,3,1-2-5,970,6,1-2,210,1,,,,,,,
20250425,芦屋,6,予選,晴,北,4,4,4,6,4042,丸 岡 正 典,28,114,6.68,6,0.11,1.50.7,1-2-5,3250,12,1-2,570,3,1-2-5,970,6,1-2,210,1,,,,,,,
20250425,芦屋,6,予選,晴,北,4,4,5,3,3928,林 恵 祐,36,120,6.84,3,0.09,,1-2-5,3250,12,1-2,570,3,1-2-5,970,6,1-2,210,1,,,,,,,
20250425,芦屋,6,予選,晴,北,4,4,6,4,4730,土 屋 実沙希,14,150,6.86,4,0.12,,1-2-5,3250,12,1-2,570,3,1-2-5,970,6,1-2,210,1,,,,,,,
20250425,芦屋,7,予選 進入固定,晴,北,3,3,1,1,5012,加 倉 侑 征,37,116,6.72,1,0.05,1.47.5,1-4-2,2620,10,1-4,1010,5,1-2-4,820,4,1-4,580,3,,,,,,,
20250425,芦屋,7,予選 進入固定,晴,北,3,3,2,4,3441,土 屋 太 朗,39,112,6.75,4,0.07,1.49.3,1-4-2,2620,10,1-4,1010,5,1-2-4,820,4,1-4,580,3,,,,,,,
20250425,芦屋,7,予選 進入固定,晴,北,3,3,3,2,4113,木 村 浩 士,11,142,6.77,2,0.02,1.50.8,1-4-2,2620,10,1-4,1010,5,1-2-4,820,4,1-4,580,3,,,,,,,
20250425,芦屋,7,予選 進入固定,晴,北,3,3,4,5,5143,常 盤 海 心,33,132,6.75,5,0.04,1.52.3,1-4-2,2620,10,1-4,1010,5,1-2-4,820,4,1-4,580,3,,,,,,,
20250425,芦屋,7,予選 進入固定,晴,北,3,3,5,3,5249,三 木 晴 斗,30,149,6.71,3,0.02,,1-4-2,2620,10,1-4,1010,5,1-2-4,820,4,1-4,580,3,,,,,,,
20250425,芦屋,7,予選 進入固定,晴,北,3,3,6,6,3857,阿 波 勝 哉,43,151,6.61,6,0.11,,1-4-2,2620,10,1-4,1010,5,1-2-4,820,4,1-4,580,3,,,,,,,
20250425,芦屋,8,予選,曇り,北,4,4,1,2,4144,石 塚 久 也,19,122,6.72,2,0.30,1.48.8,2-1-3,770,2,2-1,460,2,1-2-3,170,1,1-2,180,1,,,,,,,
20250425,芦屋,8,予選,曇り,北,4,4,2,1,4389,伊 藤 喜 智,32,121,6.79,1,0.33,1.49.8,2-1-3,770,2,2-1,460,2,1-2-3,170,1,1-2,180,1,,,,,,,
20250425,芦屋,8,予選,曇り,北,4,4,3,3,4565,西 村 豪 洋,12,144,6.77,3,0.28,1.51.2,2-1-3,770,2,2-1,460,2,1-2-3,170,1,1-2,180,1,,,,,,,
20250425,芦屋,8,予選,曇り,北,4,4,4,4,5178,成 貞 琳 平,45,133,6.80,4,0.34,1.52.2,2-1-3,770,2,2-1,460,2,1-2-3,170,1,1-2,180,1,,,,,,,
20250425,芦屋,8,予選,曇り,北,4,4,5,6,4017,向 井 美 鈴,9,154,6.76,6,0.24,,2-1-3,770,2,2-1,460,2,1-2-3,170,1,1-2,180,1,,,,,,,
20250425,芦屋,8,予選,曇り,北,4,4,6,5,5250,嶋 田 有 里,27,147,6.82,5,0.32,,2-1-3,770,2,2-1,460,2,1-2-3,170,1,1-2,180,1,,,,,,,
20250425,芦屋,9,予選特賞,曇り,北,3,3,1,1,4579,中 嶋 健一郎,31,125,6.72,1,0.17,1.48.5,1-2-3,480,1,1-2,180,1,1-2-3,300,1,1-2,130,1,,,,,,,
20250425,芦屋,9,予選特賞,曇り,北,3,3,2,2,3300,川 崎 智 幸,41,128,6.81,2,0.13,1.49.4,1-2-3,480,1,1-2,180,1,1-2-3,300,1,1-2,130,1,,,,,,,
20250425,芦屋,9,予選特賞,曇り,北,3,3,3,3,4727,安 部 慎 一,35,126,6.78,3,0.10,1.50.1,1-2-3,480,1,1-2,180,1,1-2-3,300,1,1-2,130,1,,,,,,,
20250425,芦屋,9,予選特賞,曇り,北,3,3,4,6,3685,荒 井 輝 年,4,136,6.73,6,0.16,1.51.7,1-2-3,480,1,1-2,180,1,1-2-3,300,1,1-2,130,1,,,,,,,
20250425,芦屋,9,予選特賞,曇り,北,3,3,5,4,3339,泉 具 巳,1,152,6.73,4,0.11,,1-2-3,480,1,1-2,180,1,1-2-3,300,1,1-2,130,1,,,,,,,
20250425,芦屋,9,予選特賞,曇り,北,3,3,6,5,3340,池 田 雷 太,21,138,6.77,5,0.14,,1-2-3,480,1,1-2,180,1,1-2-3,300,1,1-2,130,1,,,,,,,
20250425,芦屋,10,予選特賞,曇り,北,2,2,1,1,4066,東 本 勝 利,24,118,6.78,1,0.05,1.46.5,1-2-5,390,1,1-2,180,1,1-2-5,230,1,1-2,110,1,,,,,,,
20250425,芦屋,10,予選特賞,曇り,北,2,2,2,2,4042,丸 岡 正 典,28,114,6.70,2,0.11,1.47.9,1-2-5,390,1,1-2,180,1,1-2-5,230,1,1-2,110,1,,,,,,,
20250425,芦屋,10,予選特賞,曇り,北,2,2,3,5,4073,大 橋 純一郎,15,139,6.74,5,0.11,1.49.5,1-2-5,390,1,1-2,180,1,1-2-5,230,1,1-2,110,1,,,,,,,
20250425,芦屋,10,予選特賞,曇り,北,2,2,4,3,3681,山 谷 央,29,134,6.80,3,0.11,1.50.5,1-2-5,390,1,1-2,180,1,1-2-5,230,1,1-2,110,1,,,,,,,
20250425,芦屋,10,予選特賞,曇り,北,2,2,5,4,4422,永 井 亮 次,16,117,6.82,4,0.11,,1-2-5,390,1,1-2,180,1,1-2-5,230,1,1-2,110,1,,,,,,,
20250425,芦屋,10,予選特賞,曇り,北,2,2,6,6,4551,三 川 昂 暁,23,127,6.83,6,0.09,,1-2-5,390,1,1-2,180,1,1-2-5,230,1,1-2,110,1,,,,,,,
20250425,芦屋,11,予選特選,曇り,北,2,2,1,1,4762,藤 原 啓史朗,17,145,6.67,1,0.12,1.46.4,1-3-2,680,3,1-3,240,1,1-2-3,340,2,1-3,200,1,,,,,,,
20250425,芦屋,11,予選特選,曇り,北,2,2,2,3,5012,加 倉 侑 征,37,116,6.78,3,0.14,1.48.4,1-3-2,680,3,1-3,240,1,1-2-3,340,2,1-3,200,1,,,,,,,
20250425,芦屋,11,予選特選,曇り,北,2,2,3,2,4611,今 井 美 亜,38,135,6.75,2,0.12,1.50.2,1-3-2,680,3,1-3,240,1,1-2-3,340,2,1-3,200,1,,,,,,,
20250425,芦屋,11,予選特選,曇り,北,2,2,4,6,3502,渡 邉 英 児,5,146,6.72,6,0.18,1.52.1,1-3-2,680,3,1-3,240,1,1-2-3,340,2,1-3,200,1,,,,,,,
20250425,芦屋,11,予選特選,曇り,北,2,2,5,4,4593,小 坂 宗 司,34,124,6.77,4,0.16,,1-3-2,680,3,1-3,240,1,1-2-3,340,2,1-3,200,1,,,,,,,
20250425,芦屋,11,予選特選,曇り,北,2,2,6,5,4730,土 屋 実沙希,14,150,6.83,5,0.22,,1-3-2,680,3,1-3,240,1,1-2-3,340,2,1-3,200,1,,,,,,,
20250425,芦屋,12,予選特選,曇り,北,2,2,1,1,4290,稲 田 浩 二,13,148,6.86,1,0.11,1.47.8,1-3-2,1390,6,1-3,400,3,1-2-3,440,2,1-3,270,1,,,,,,,
20250425,芦屋,12,予選特選,曇り,北,2,2,2,3,4017,向 井 美 鈴,9,154,6.76,3,0.16,1.48.9,1-3-2,1390,6,1-3,400,3,1-2-3,440,2,1-3,270,1,,,,,,,
20250425,芦屋,12,予選特選,曇り,北,2,2,3,2,4447,深 川 麻奈美,25,153,6.76,2,0.14,1.50.2,1-3-2,1390,6,1-3,400,3,1-2-3,440,2,1-3,270,1,,,,,,,
20250425,芦屋,12,予選特選,曇り,北,2,2,4,6,3251,平 石 和 男,44,141,6.81,6,0.21,1.51.2,1-3-2,1390,6,1-3,400,3,1-2-3,440,2,1-3,270,1,,,,,,,
20250425,芦屋,12,予選特選,曇り,北,2,2,5,4,4579,中 嶋 健一郎,31,125,6.76,4,0.17,,1-3-2,1390,6,1-3,400,3,1-2-3,440,2,1-3,270,1,,,,,,,
20250425,芦屋,12,予選特選,曇り,北,2,2,6,5,3655,本 橋 克 洋,18,155,6.86,5,0.18,,1-3-2,1390,6,1-3,400,3,1-2-3,440,2,1-3,270,1,,,,,,,
20250425,若松,1,予選,曇り,北,2,2,1,2,5303,土 井 歩 夢,49,27,6.89,2,0.06,1.56.8,2-4-5,740,3,2-4,300,2,,,,2-4,100,1,,,,,,,
20250425,若松,1,予選,曇り,北,2,2,2,4,4729,佐 藤 謙史朗,7,53,6.78,5,0.07,1.59.3,2-4-5,740,3,2-4,300,2,,,,2-4,100,1,,,,,,,
20250425,若松,1,予選,曇り,北,2,2,3,5,5382,山 下 心 一,25,72,6.86,6,0.01,2.04.1,2-4-5,740,3,2-4,300,2,,,,2-4,100,1,,,,,,,
20250425,若松,1,予選,曇り,北,2,2,F,1,3953,志 道 吉 和,52,59,6.96,1,F0.06,,2-4-5,740,3,2-4,300,2,,,,2-4,100,1,,,,,,,
20250425,若松,1,予選,曇り,北,2,2,F,3,3742,宮 地 秀 祈,41,68,6.90,3,F0.03,,2-4-5,740,3,2-4,300,2,,,,2-4,100,1,,,,,,,
20250425,若松,1,予選,曇り,北,2,2,F,6,5210,藤 井 公 人,4,42,6.84,4,F0.02,,2-4-5,740,3,2-4,300,2,,,,2-4,100,1,,,,,,,
20250425,若松,2,予選,曇り,北,2,2,1,3,3564,桑 原 啓,33,44,6.87,1,0.12,1.50.1,3-4-2,8640,36,3-4,2090,9,2-3-4,1770,8,3-4,850,4,,,,,,,
20250425,若松,2,予選,曇り,北,2,2,2,4,4504,前 田 将 太,23,14,6.95,4,0.11,1.51.0,3-4-2,8640,36,3-4,2090,9,2-3-4,1770,8,3-4,850,4,,,,,,,
20250425,若松,2,予選,曇り,北,2,2,3,2,5031,渡 辺 空 依,59,21,6.83,3,0.11,1.54.3,3-4-2,8640,36,3-4,2090,9,2-3-4,1770,8,3-4,850,4,,,,,,,
20250425,若松,2,予選,曇り,北,2,2,4,1,3825,宮 嵜 隆太郎,54,47,6.88,2,0.11,1.54.4,3-4-2,8640,36,3-4,2090,9,2-3-4,1770,8,3-4,850,4,,,,,,,
20250425,若松,2,予選,曇り,北,2,2,5,6,3434,松 尾 宣 邦,30,13,6.86,5,0.14,,3-4-2,8640,36,3-4,2090,9,2-3-4,1770,8,3-4,850,4,,,,,,,
20250425,若松,2,予選,曇り,北,2,2,6,5,5351,齊 藤 廉,12,46,6.81,6,0.12,,3-4-2,8640,36,3-4,2090,9,2-3-4,1770,8,3-4,850,4,,,,,,,
20250425,若松,3,予選,曇り,北,4,4,1,2,4314,青 木 幸太郎,51,71,6.82,2,0.07,1.49.9,2-6-4,2710,5,2-6,2270,11,2-4-6,360,1,2-6,1190,7,,,,,,,
20250425,若松,3,予選,曇り,北,4,4,2,6,4958,溝 口 海義也,6,64,6.77,5,0.11,1.51.9,2-6-4,2710,5,2-6,2270,11,2-4-6,360,1,2-6,1190,7,,,,,,,
20250425,若松,3,予選,曇り,北,4,4,3,4,4350,篠 崎 元 志,36,45,6.82,4,0.09,1.53.1,2-6-4,2710,5,2-6,2270,11,2-4-6,360,1,2-6,1190,7,,,,,,,
20250425,若松,3,予選,曇り,北,4,4,4,5,3352,小 川 晃 司,20,20,6.91,6,0.09,1.53.7,2-6-4,2710,5,2-6,2270,11,2-4-6,360,1,2-6,1190,7,,,,,,,
20250425,若松,3,予選,曇り,北,4,4,5,1,4346,前 田 健太郎,1,16,6.89,1,0.12,,2-6-4,2710,5,2-6,2270,11,2-4-6,360,1,2-6,1190,7,,,,,,,
20250425,若松,3,予選,曇り,北,4,4,6,3,3297,藤 丸 光 一,27,39,6.81,3,0.26,,2-6-4,2710,5,2-6,2270,11,2-4-6,360,1,2-6,1190,7,,,,,,,
20250425,若松,4,予選,曇り,北東,3,3,1,1,4697,國 弘 翔 平,18,74,6.86,1,0.14,1.50.7,1-3-6,7470,32,1-3,970,5,1-3-6,1390,7,1-3,600,3,,,,,,,
20250425,若松,4,予選,曇り,北東,3,3,2,3,4287,今 井 貴 士,29,32,6.90,3,0.21,1.50.7,1-3-6,7470,32,1-3,970,5,1-3-6,1390,7,1-3,600,3,,,,,,,
20250425,若松,4,予選,曇り,北東,3,3,3,6,4474,渡 辺 崇,62,26,6.91,5,0.19,1.53.5,1-3-6,7470,32,1-3,970,5,1-3-6,1390,7,1-3,600,3,,,,,,,
20250425,若松,4,予選,曇り,北東,3,3,4,5,4451,松 崎 祐太郎,28,63,6.90,4,0.18,1.54.5,1-3-6,7470,32,1-3,970,5,1-3-6,1390,7,1-3,600,3,,,,,,,
20250425,若松,4,予選,曇り,北東,3,3,5,4,4861,田 中 宏 樹,32,36,6.71,6,0.18,,1-3-6,7470,32,1-3,970,5,1-3-6,1390,7,1-3,600,3,,,,,,,
20250425,若松,4,予選,曇り,北東,3,3,6,2,5223,森 清 友 翔,22,69,6.88,2,0.22,,1-3-6,7470,32,1-3,970,5,1-3-6,1390,7,1-3,600,3,,,,,,,
20250425,若松,5,進入固定戦隊 進入固定,晴,北東,4,4,1,1,4737,竹 井 貴 史,39,11,6.79,1,0.09,1.49.6,1-2-4,400,1,1-2,300,1,1-2-4,170,1,1-2,260,2,,,,,,,
20250425,若松,5,進入固定戦隊 進入固定,晴,北東,4,4,2,2,5028,原 田 才一郎,57,25,6.74,2,0.11,1.51.2,1-2-4,400,1,1-2,300,1,1-2-4,170,1,1-2,260,2,,,,,,,
20250425,若松,5,進入固定戦隊 進入固定,晴,北東,4,4,3,4,5104,山 田 丈,55,41,6.83,4,0.11,1.52.5,1-2-4,400,1,1-2,300,1,1-2-4,170,1,1-2,260,2,,,,,,,
20250425,若松,5,進入固定戦隊 進入固定,晴,北東,4,4,4,6,5152,丸 山 祐 也,14,61,6.85,6,0.25,1.55.0,1-2-4,400,1,1-2,300,1,1-2-4,170,1,1-2,260,2,,,,,,,
20250425,若松,5,進入固定戦隊 進入固定,晴,北東,4,4,5,5,5284,嘉手苅 徹 哉,43,22,6.78,5,0.08,,1-2-4,400,1,1-2,300,1,1-2-4,170,1,1-2,260,2,,,,,,,
20250425,若松,5,進入固定戦隊 進入固定,晴,北東,4,4,6,3,4864,小 川 日紀太,16,50,6.88,3,0.09,,1-2-4,400,1,1-2,300,1,1-2-4,170,1,1-2,260,2,,,,,,,
20250425,若松,6,予選,晴,北,2,2,1,3,4393,田 中 孝 明,26,57,6.85,3,0.11,1.57.6,3-5-6,3600,13,3-5,2350,9,3-5-6,940,4,3-5,1050,5,,,,,,,
20250425,若松,6,予選,晴,北,2,2,2,5,4545,岡 村 慶 太,21,58,6.87,4,0.12,2.01.6,3-5-6,3600,13,3-5,2350,9,3-5-6,940,4,3-5,1050,5,,,,,,,
20250425,若松,6,予選,晴,北,2,2,3,6,4413,水 摩 敦,5,43,6.86,5,0.16,2.05.2,3-5-6,3600,13,3-5,2350,9,3-5-6,940,4,3-5,1050,5,,,,,,,
20250425,若松,6,予選,晴,北,2,2,4,2,3825,宮 嵜 隆太郎,54,47,6.94,2,0.09,2.08.7,3-5-6,3600,13,3-5,2350,9,3-5-6,940,4,3-5,1050,5,,,,,,,
20250425,若松,6,予選,晴,北,2,2,5,4,5382,山 下 心 一,25,72,6.88,6,0.12,,3-5-6,3600,13,3-5,2350,9,3-5-6,940,4,3-5,1050,5,,,,,,,
20250425,若松,6,予選,晴,北,2,2,S1,1,5102,原 田 雄 次,3,60,6.83,1,0.09,,3-5-6,3600,13,3-5,2350,9,3-5-6,940,4,3-5,1050,5,,,,,,,
20250425,若松,7,予選,晴,北,3,3,1,3,3853,岩 崎 正 哉,11,55,6.80,2,0.08,1.49.7,3-1-6,1350,3,3-1,720,3,1-3-6,190,1,1-3,210,1,,,,,,,
20250425,若松,7,予選,晴,北,3,3,2,1,4395,下 河 雅 史,10,17,6.84,1,0.09,1.51.4,3-1-6,1350,3,3-1,720,3,1-3-6,190,1,1-3,210,1,,,,,,,
20250425,若松,7,予選,晴,北,3,3,3,6,4296,岡 崎 恭 裕,24,40,6.84,4,0.09,1.51.8,3-1-6,1350,3,3-1,720,3,1-3-6,190,1,1-3,210,1,,,,,,,
20250425,若松,7,予選,晴,北,3,3,4,5,3297,藤 丸 光 一,27,39,6.88,3,0.13,1.54.6,3-1-6,1350,3,3-1,720,3,1-3-6,190,1,1-3,210,1,,,,,,,
20250425,若松,7,予選,晴,北,3,3,5,2,5210,藤 井 公 人,4,42,6.86,5,0.21,,3-1-6,1350,3,3-1,720,3,1-3-6,190,1,1-3,210,1,,,,,,,
20250425,若松,7,予選,晴,北,3,3,6,4,5308,藤 森 拓 海,61,37,6.88,6,0.18,,3-1-6,1350,3,3-1,720,3,1-3-6,190,1,1-3,210,1,,,,,,,
20250425,若松,8,エイトビート,晴,北,1,1,1,1,4256,渡 辺 浩 司,48,67,6.78,1,0.07,1.49.0,1-2-3,420,1,1-2,280,1,1-2-3,160,1,1-2,170,1,,,,,,,
20250425,若松,8,エイトビート,晴,北,1,1,2,2,5158,宮 脇 遼 太,34,70,6.73,2,0.17,1.50.6,1-2-3,420,1,1-2,280,1,1-2-3,160,1,1-2,170,1,,,,,,,
20250425,若松,8,エイトビート,晴,北,1,1,3,3,4958,溝 口 海義也,6,64,6.78,3,0.07,1.53.6,1-2-3,420,1,1-2,280,1,1-2-3,160,1,1-2,170,1,,,,,,,
20250425,若松,8,エイトビート,晴,北,1,1,4,5,5053,山 口 広 樹,45,33,6.86,5,0.16,1.54.1,1-2-3,420,1,1-2,280,1,1-2-3,160,1,1-2,170,1,,,,,,,
20250425,若松,8,エイトビート,晴,北,1,1,5,4,3953,志 道 吉 和,52,59,6.90,4,0.17,,1-2-3,420,1,1-2,280,1,1-2-3,160,1,1-2,170,1,,,,,,,
20250425,若松,8,エイトビート,晴,北,1,1,6,6,5105,富 田 恕 生,46,30,6.81,6,0.14,,1-2-3,420,1,1-2,280,1,1-2-3,160,1,1-2,170,1,,,,,,,
20250425,若松,9,予選,晴,北,1,1,1,6,4287,今 井 貴 士,29,32,6.89,4,0.14,1.48.9,6-3-1,2300,8,6-3,1470,6,1-3-6,180,1,3-6,570,3,,,,,,,
20250425,若松,9,予選,晴,北,1,1,2,3,5018,竹 下 大 樹,40,23,6.76,3,0.24,1.50.2,6-3-1,2300,8,6-3,1470,6,1-3-6,180,1,3-6,570,3,,,,,,,
20250425,若松,9,予選,晴,北,1,1,3,1,4549,小 林 文 彦,58,51,6.81,1,0.26,1.53.1,6-3-1,2300,8,6-3,1470,6,1-3-6,180,1,3-6,570,3,,,,,,,
20250425,若松,9,予選,晴,北,1,1,4,4,5351,齊 藤 廉,12,46,6.83,6,0.09,1.54.1,6-3-1,2300,8,6-3,1470,6,1-3-6,180,1,3-6,570,3,,,,,,,
20250425,若松,9,予選,晴,北,1,1,5,5,4729,佐 藤 謙史朗,7,53,6.71,5,0.12,,6-3-1,2300,8,6-3,1470,6,1-3-6,180,1,3-6,570,3,,,,,,,
20250425,若松,9,予選,晴,北,1,1,6,2,5284,嘉手苅 徹 哉,43,22,6.80,2,0.28,,6-3-1,2300,8,6-3,1470,6,1-3-6,180,1,3-6,570,3,,,,,,,
20250425,若松,10,予選特賞,晴,北,1,1,1,6,4504,前 田 将 太,23,14,6.81,5,0.14,1.49.8,6-4-5,10160,33,6-4,5640,13,4-5-6,1030,5,4-6,4200,10,,,,,,,
20250425,若松,10,予選特賞,晴,北,1,1,2,4,3352,小 川 晃 司,20,20,6.89,6,0.09,1.51.3,6-4-5,10160,33,6-4,5640,13,4-5-6,1030,5,4-6,4200,10,,,,,,,
20250425,若松,10,予選特賞,晴,北,1,1,3,5,4413,水 摩 敦,5,43,6.81,4,0.12,1.52.6,6-4-5,10160,33,6-4,5640,13,4-5-6,1030,5,4-6,4200,10,,,,,,,
20250425,若松,10,予選特賞,晴,北,1,1,4,2,3742,宮 地 秀 祈,41,68,6.83,2,0.14,1.55.9,6-4-5,10160,33,6-4,5640,13,4-5-6,1030,5,4-6,4200,10,,,,,,,
20250425,若松,10,予選特賞,晴,北,1,1,5,1,4451,松 崎 祐太郎,28,63,6.83,1,0.11,,6-4-5,10160,33,6-4,5640,13,4-5-6,1030,5,4-6,4200,10,,,,,,,
20250425,若松,10,予選特賞,晴,北,1,1,6,3,5152,丸 山 祐 也,14,61,6.76,3,0.18,,6-4-5,10160,33,6-4,5640,13,4-5-6,1030,5,4-6,4200,10,,,,,,,
20250425,若松,11,予選特選,晴,北,1,1,1,1,4545,岡 村 慶 太,21,58,6.77,1,0.17,1.49.6,1-6-4,1220,2,1-6,510,2,1-4-6,340,1,1-6,250,1,,,,,,,
20250425,若松,11,予選特選,晴,北,1,1,2,6,5028,原 田 才一郎,57,25,6.71,5,0.12,1.50.2,1-6-4,1220,2,1-6,510,2,1-4-6,340,1,1-6,250,1,,,,,,,
20250425,若松,11,予選特選,晴,北,1,1,3,4,4395,下 河 雅 史,10,17,6.81,3,0.19,1.51.3,1-6-4,1220,2,1-6,510,2,1-4-6,340,1,1-6,250,1,,,,,,,
20250425,若松,11,予選特選,晴,北,1,1,4,2,3434,松 尾 宣 邦,30,13,6.82,2,0.13,1.53.3,1-6-4,1220,2,1-6,510,2,1-4-6,340,1,1-6,250,1,,,,,,,
20250425,若松,11,予選特選,晴,北,1,1,5,5,4314,青 木 幸太郎,51,71,6.84,4,0.16,,1-6-4,1220,2,1-6,510,2,1-4-6,340,1,1-6,250,1,,,,,,,
20250425,若松,11,予選特選,晴,北,1,1,6,3,4861,田 中 宏 樹,32,36,6.64,6,0.15,,1-6-4,1220,2,1-6,510,2,1-4-6,340,1,1-6,250,1,,,,,,,
20250425,若松,12,予選特選,晴,北,1,1,1,1,4350,篠 崎 元 志,36,45,6.82,1,0.21,1.49.5,1-6-4,6820,25,1-6,960,5,1-4-6,1680,9,1-6,910,5,,,,,,,
20250425,若松,12,予選特選,晴,北,1,1,2,6,5158,宮 脇 遼 太,34,70,6.69,6,0.21,1.51.1,1-6-4,6820,25,1-6,960,5,1-4-6,1680,9,1-6,910,5,,,,,,,
20250425,若松,12,予選特選,晴,北,1,1,3,4,4393,田 中 孝 明,26,57,6.87,4,0.28,1.53.3,1-6-4,6820,25,1-6,960,5,1-4-6,1680,9,1-6,910,5,,,,,,,
20250425,若松,12,予選特選,晴,北,1,1,4,3,4474,渡 辺 崇,62,62,6.83,3,0.24,1.54.3,1-6-4,6820,25,1-6,960,5,1-4-6,1680,9,1-6,910,5,,,,,,,
20250425,若松,12,予選特選,晴,北,1,1,5,2,5104,山 田 丈,55,41,6.79,2,0.21,,1-6-4,6820,25,1-6,960,5,1-4-6,1680,9,1-6,910,5,,,,,,,
20250425,若松,12,予選特選,晴,北,1,1,6,5,3853,岩 崎 正 哉,11,55,6.76,5,0.23,,1-6-4,6820,25,1-6,960,5,1-4-6,1680,9,1-6,910,5,,,,,,,
20250425,鳴門,1,とるならなる,曇り,西,6,6,1,1,3999,大 瀧 明日香,61,66,7.07,1,0.20,1.52.0,1-2-3,720,2,1-2,250,1,1-2-3,320,2,1-2,250,1,,,,,,,
20250425,鳴門,1,とるならなる,曇り,西,6,6,2,2,4844,村 上 奈 穂,74,31,7.07,2,0.22,1.52.9,1-2-3,720,2,1-2,250,1,1-2-3,320,2,1-2,250,1,,,,,,,
20250425,鳴門,1,とるならなる,曇り,西,6,6,3,3,5117,冨名腰 桃 奈,36,50,7.01,3,0.29,1.54.0,1-2-3,720,2,1-2,250,1,1-2-3,320,2,1-2,250,1,,,,,,,
20250425,鳴門,1,とるならなる,曇り,西,6,6,4,5,4878,西 岡 育 未,62,37,6.99,5,0.13,1.54.3,1-2-3,720,2,1-2,250,1,1-2-3,320,2,1-2,250,1,,,,,,,
20250425,鳴門,1,とるならなる,曇り,西,6,6,5,4,5291,三 嶌 こころ,68,83,7.07,4,0.21,,1-2-3,720,2,1-2,250,1,1-2-3,320,2,1-2,250,1,,,,,,,
20250425,鳴門,1,とるならなる,曇り,西,6,6,6,6,5373,諏 訪 玲 奈,80,67,6.98,6,0.10,,1-2-3,720,2,1-2,250,1,1-2-3,320,2,1-2,250,1,,,,,,,
20250425,鳴門,2,どーなるなる,曇り,西,5,5,1,6,5213,湯 淺 紀 香,35,69,7.00,5,0.21,1.49.5,6-3-4,50230,65,6-3,11010,20,3-4-6,5610,10,3-6,4650,9,,,,,,,
20250425,鳴門,2,どーなるなる,曇り,西,5,5,2,3,4874,池 田 奈津美,34,80,7.02,3,0.15,1.51.8,6-3-4,50230,65,6-3,11010,20,3-4-6,5610,10,3-6,4650,9,,,,,,,
20250425,鳴門,2,どーなるなる,曇り,西,5,5,3,4,3470,新 田 芳 美,72,58,7.09,4,0.20,1.53.8,6-3-4,50230,65,6-3,11010,20,3-4-6,5610,10,3-6,4650,9,,,,,,,
20250425,鳴門,2,どーなるなる,曇り,西,5,5,4,1,3618,海 野 ゆかり,84,39,7.01,1,0.20,1.55.3,6-3-4,50230,65,6-3,11010,20,3-4-6,5610,10,3-6,4650,9,,,,,,,
20250425,鳴門,2,どーなるなる,曇り,西,5,5,5,2,4689,豊 田 結,63,60,6.99,2,0.14,,6-3-4,50230,65,6-3,11010,20,3-4-6,5610,10,3-6,4650,9,,,,,,,
20250425,鳴門,2,どーなるなる,曇り,西,5,5,6,5,5346,中 村 紋夕梨,70,57,7.04,6,0.35,,6-3-4,50230,65,6-3,11010,20,3-4-6,5610,10,3-6,4650,9,,,,,,,
20250425,鳴門,3,どきどきなる,曇り,西,4,4,1,6,4764,小 池 礼 乃,69,79,6.93,5,0.17,1.51.0,6-3-2,17510,33,6-3,4340,12,2-3-6,2630,7,3-6,850,4,,,,,,,
20250425,鳴門,3,どきどきなる,曇り,西,4,4,2,3,4011,堀之内 紀代子,73,77,6.88,3,0.12,1.51.6,6-3-2,17510,33,6-3,4340,12,2-3-6,2630,7,3-6,850,4,,,,,,,
20250425,鳴門,3,どきどきなる,曇り,西,4,4,3,2,4984,森 下 愛 梨,75,34,6.97,2,0.14,1.53.9,6-3-2,17510,33,6-3,4340,12,2-3-6,2630,7,3-6,850,4,,,,,,,
20250425,鳴門,3,どきどきなる,曇り,西,4,4,4,1,4963,實 森 美 祐,77,52,6.93,1,0.19,1.54.9,6-3-2,17510,33,6-3,4340,12,2-3-6,2630,7,3-6,850,4,,,,,,,
20250425,鳴門,3,どきどきなる,曇り,西,4,4,5,4,5296,永 田 楽,38,68,6.95,4,0.25,,6-3-2,17510,33,6-3,4340,12,2-3-6,2630,7,3-6,850,4,,,,,,,
20250425,鳴門,3,どきどきなる,曇り,西,4,4,6,5,5367,赤 松 咲 香,81,84,6.95,6,0.24,,6-3-2,17510,33,6-3,4340,12,2-3-6,2630,7,3-6,850,4,,,,,,,
20250425,鳴門,4,とにかくなる,曇り,北西,5,5,1,2,3645,淺 田 千亜希,66,76,7.03,2,0.13,1.50.0,2-4-1,1910,5,2-4,1350,6,1-2-4,210,1,2-4,500,3,,,,,,,
20250425,鳴門,4,とにかくなる,曇り,北西,5,5,2,4,4373,若 狭 奈美子,76,38,7.01,4,0.28,1.50.8,2-4-1,1910,5,2-4,1350,6,1-2-4,210,1,2-4,500,3,,,,,,,
20250425,鳴門,4,とにかくなる,曇り,北西,5,5,3,1,4372,原 田 佑 実,50,35,6.93,1,0.17,1.52.8,2-4-1,1910,5,2-4,1350,6,1-2-4,210,1,2-4,500,3,,,,,,,
20250425,鳴門,4,とにかくなる,曇り,北西,5,5,4,5,4784,向井田 真 紀,82,53,7.05,5,0.28,1.54.2,2-4-1,1910,5,2-4,1350,6,1-2-4,210,1,2-4,500,3,,,,,,,
20250425,鳴門,4,とにかくなる,曇り,北西,5,5,5,3,4775,千 葉 真 弥,65,82,7.09,3,0.21,,2-4-1,1910,5,2-4,1350,6,1-2-4,210,1,2-4,500,3,,,,,,,
20250425,鳴門,4,とにかくなる,曇り,北西,5,5,6,6,5380,野 田 亜 湖,51,54,7.08,6,0.33,,2-4-1,1910,5,2-4,1350,6,1-2-4,210,1,2-4,500,3,,,,,,,
20250425,鳴門,5,予選,曇り,北西,5,5,1,2,4456,鎌 倉 涼,64,74,6.92,2,0.17,1.49.5,2-5-3,1750,6,2-5,760,3,2-3-5,510,3,2-5,610,4,,,,,,,
20250425,鳴門,5,予選,曇り,北西,5,5,2,5,5218,山 田 理 央,53,36,6.95,5,0.19,1.50.7,2-5-3,1750,6,2-5,760,3,2-3-5,510,3,2-5,610,4,,,,,,,
20250425,鳴門,5,予選,曇り,北西,5,5,3,3,5118,野 田 なづき,59,51,6.94,3,0.20,1.52.1,2-5-3,1750,6,2-5,760,3,2-3-5,510,3,2-5,610,4,,,,,,,
20250425,鳴門,5,予選,曇り,北西,5,5,4,1,5156,坂 野 さくら,33,32,6.91,1,0.14,1.53.7,2-5-3,1750,6,2-5,760,3,2-3-5,510,3,2-5,610,4,,,,,,,
20250425,鳴門,5,予選,曇り,北西,5,5,5,4,5334,樫 葉 新 心,52,62,6.93,4,0.33,,2-5-3,1750,6,2-5,760,3,2-3-5,510,3,2-5,610,4,,,,,,,
20250425,鳴門,5,予選,曇り,北西,5,5,6,6,5389,恵 良 琴 美,55,71,6.99,6,0.26,,2-5-3,1750,6,2-5,760,3,2-3-5,510,3,2-5,610,4,,,,,,,
20250425,鳴門,6,予選,晴,北,3,3,1,1,4714,喜多須 杏 奈,56,59,6.95,1,0.26,1.54.6,1-4-6,18680,30,1-4,970,6,1-4-6,4510,9,1-4,810,5,,,,,,,
20250425,鳴門,6,予選,晴,北,3,3,2,4,4733,赤 井 睦,31,78,6.94,4,0.23,1.58.5,1-4-6,18680,30,1-4,970,6,1-4-6,4510,9,1-4,810,5,,,,,,,
20250425,鳴門,6,予選,晴,北,3,3,3,6,5346,中 村 紋夕梨,70,57,6.97,5,0.25,2.02.3,1-4-6,18680,30,1-4,970,6,1-4-6,4510,9,1-4,810,5,,,,,,,
20250425,鳴門,6,予選,晴,北,3,3,S1,2,4240,今 井 裕 梨,54,33,6.89,2,0.20,,1-4-6,18680,30,1-4,970,6,1-4-6,4510,9,1-4,810,5,,,,,,,
20250425,鳴門,6,予選,晴,北,3,3,S0,3,5019,柴 田 百 恵,71,65,6.98,3,0.26,,1-4-6,18680,30,1-4,970,6,1-4-6,4510,9,1-4,810,5,,,,,,,
20250425,鳴門,6,予選,晴,北,3,3,K1,5,5227,川 原 愛 未,79,73 K,,,,,1-4-6,18680,30,1-4,970,6,1-4-6,4510,9,1-4,810,5,,,,,,,
20250425,鳴門,7,予選,晴,北西,3,3,1,4,5213,湯 淺 紀 香,35,69,6.97,4,0.18,1.50.0,4-3-1,8940,32,4-3,2310,10,1-3-4,770,4,3-4,890,5,,,,,,,
20250425,鳴門,7,予選,晴,北西,3,3,2,3,4450,平 高 奈 菜,83,72,7.04,3,0.29,1.52.1,4-3-1,8940,32,4-3,2310,10,1-3-4,770,4,3-4,890,5,,,,,,,
20250425,鳴門,7,予選,晴,北西,3,3,3,1,4878,西 岡 育 未,62,37,6.92,1,0.16,1.53.4,4-3-1,8940,32,4-3,2310,10,1-3-4,770,4,3-4,890,5,,,,,,,
20250425,鳴門,7,予選,晴,北西,3,3,4,5,4984,森 下 愛 梨,75,34,7.05,5,0.17,1.53.9,4-3-1,8940,32,4-3,2310,10,1-3-4,770,4,3-4,890,5,,,,,,,
20250425,鳴門,7,予選,晴,北西,3,3,5,2,5088,高 憧 四 季,60,75,6.91,2,0.19,,4-3-1,8940,32,4-3,2310,10,1-3-4,770,4,3-4,890,5,,,,,,,
20250425,鳴門,7,予選,晴,北西,3,3,6,6,5370,日 隈 茜,39,81,7.00,6,0.19,,4-3-1,8940,32,4-3,2310,10,1-3-4,770,4,3-4,890,5,,,,,,,
20250425,鳴門,8,予選,晴,北西,3,3,1,1,5003,来 田 衣 織,58,64,6.91,1,0.08,1.49.5,1-4-3,1360,2,1-4,700,2,1-3-4,310,1,1-4,430,3,,,,,,,
20250425,鳴門,8,予選,晴,北西,3,3,2,4,3611,岩 崎 芳 美,32,56,6.98,4,0.09,1.50.9,1-4-3,1360,2,1-4,700,2,1-3-4,310,1,1-4,430,3,,,,,,,
20250425,鳴門,8,予選,晴,北西,3,3,3,3,4845,前 田 紗 希,57,61,6.95,3,0.04,1.52.0,1-4-3,1360,2,1-4,700,2,1-3-4,310,1,1-4,430,3,,,,,,,
20250425,鳴門,8,予選,晴,北西,3,3,4,2,4874,池 田 奈津美,34,80,6.88,2,0.07,1.52.5,1-4-3,1360,2,1-4,700,2,1-3-4,310,1,1-4,430,3,,,,,,,
20250425,鳴門,8,予選,晴,北西,3,3,5,6,4775,千 葉 真 弥,65,82,6.98,5,0.10,,1-4-3,1360,2,1-4,700,2,1-3-4,310,1,1-4,430,3,,,,,,,
20250425,鳴門,8,予選,晴,北西,3,3,6,5,5373,諏 訪 玲 奈,80,67,6.98,6,0.08,,1-4-3,1360,2,1-4,700,2,1-3-4,310,1,1-4,430,3,,,,,,,
20250425,鳴門,9,特賞,晴,北西,5,5,1,2,4764,小 池 礼 乃,69,79,6.76,2,0.16,1.49.7,2-1-4,1510,2,2-1,800,3,1-2-4,290,1,1-2,390,2,,,,,,,
20250425,鳴門,9,特賞,晴,北西,5,5,2,1,4784,向井田 真 紀,82,53,6.91,1,0.16,1.51.3,2-1-4,1510,2,2-1,800,3,1-2-4,290,1,1-2,390,2,,,,,,,
20250425,鳴門,9,特賞,晴,北西,5,5,3,4,4456,鎌 倉 涼,64,74,6.84,4,0.18,1.52.2,2-1-4,1510,2,2-1,800,3,1-2-4,290,1,1-2,390,2,,,,,,,
20250425,鳴門,9,特賞,晴,北西,5,5,4,3,3470,新 田 芳 美,72,58,6.83,3,0.16,1.54.3,2-1-4,1510,2,2-1,800,3,1-2-4,290,1,1-2,390,2,,,,,,,
20250425,鳴門,9,特賞,晴,北西,5,5,5,5,5013,山 下 夏 鈴,37,63,6.92,5,0.18,,2-1-4,1510,2,2-1,800,3,1-2-4,290,1,1-2,390,2,,,,,,,
20250425,鳴門,9,特賞,晴,北西,5,5,6,6,5291,三 嶌 こころ,68,83,7.05,6,0.31,,2-1-4,1510,2,2-1,800,3,1-2-4,290,1,1-2,390,2,,,,,,,
20250425,鳴門,10,特賞,曇り,北西,5,5,1,2,4642,松 尾 夏 海,67,55,6.92,2,0.22,1.48.5,2-1-5,1330,7,2-1,500,2,1-2-5,420,3,1-2,300,2,,,,,,,
20250425,鳴門,10,特賞,曇り,北西,5,5,2,1,5118,野 田 なづき,59,51,6.92,1,0.22,1.49.6,2-1-5,1330,7,2-1,500,2,1-2-5,420,3,1-2,300,2,,,,,,,
20250425,鳴門,10,特賞,曇り,北西,5,5,3,5,4843,深 尾 巴 恵,78,70,6.81,4,0.23,1.51.6,2-1-5,1330,7,2-1,500,2,1-2-5,420,3,1-2,300,2,,,,,,,
20250425,鳴門,10,特賞,曇り,北西,5,5,4,3,4372,原 田 佑 実,50,35,6.83,3,0.18,1.52.6,2-1-5,1330,7,2-1,500,2,1-2-5,420,3,1-2,300,2,,,,,,,
20250425,鳴門,10,特賞,曇り,北西,5,5,5,6,5367,赤 松 咲 香,81,84,6.93,5,0.21,,2-1-5,1330,7,2-1,500,2,1-2-5,420,3,1-2,300,2,,,,,,,
20250425,鳴門,10,特賞,曇り,北西,5,5,K1,4,5227,川 原 愛 未,79,73 K,,,,,2-1-5,1330,7,2-1,500,2,1-2-5,420,3,1-2,300,2,,,,,,,
20250425,鳴門,11,特選,曇り,北西,3,3,1,2,5218,山 田 理 央,53,36,6.88,2,0.05,1.48.3,2-6-1,31350,94,2-6,8740,25,1-2-6,2440,12,2-6,5100,14,,,,,,,
20250425,鳴門,11,特選,曇り,北西,3,3,2,6,5088,高 憧 四 季,60,75,6.92,6,0.01,1.49.3,2-6-1,31350,94,2-6,8740,25,1-2-6,2440,12,2-6,5100,14,,,,,,,
20250425,鳴門,11,特選,曇り,北西,3,3,3,1,4733,赤 井 睦,31,78,6.84,1,0.06,1.51.9,2-6-1,31350,94,2-6,8740,25,1-2-6,2440,12,2-6,5100,14,,,,,,,
20250425,鳴門,11,特選,曇り,北西,3,3,4,3,3645,淺 田 千亜希,66,76,6.95,3,0.05,1.52.9,2-6-1,31350,94,2-6,8740,25,1-2-6,2440,12,2-6,5100,14,,,,,,,
20250425,鳴門,11,特選,曇り,北西,3,3,5,5,4963,實 森 美 祐,77,52,6.86,5,0.03,,2-6-1,31350,94,2-6,8740,25,1-2-6,2440,12,2-6,5100,14,,,,,,,
20250425,鳴門,11,特選,曇り,北西,3,3,6,4,4689,豊 田 結,63,60,6.86,4,0.09,,2-6-1,31350,94,2-6,8740,25,1-2-6,2440,12,2-6,5100,14,,,,,,,
20250425,鳴門,12,ドリーム戦,曇り,北西,2,2,1,1,4450,平 高 奈 菜,83,72,6.76,1,0.20,1.47.7,1-2-6,1480,4,1-2,280,1,1-2-6,740,3,1-2,210,1,,,,,,,
20250425,鳴門,12,ドリーム戦,曇り,北西,2,2,2,2,3611,岩 崎 芳 美,32,56,6.89,2,0.22,1.49.1,1-2-6,1480,4,1-2,280,1,1-2-6,740,3,1-2,210,1,,,,,,,
20250425,鳴門,12,ドリーム戦,曇り,北西,2,2,3,6,4011,堀之内 紀代子,73,77,6.74,6,0.07,1.51.0,1-2-6,1480,4,1-2,280,1,1-2-6,740,3,1-2,210,1,,,,,,,
20250425,鳴門,12,ドリーム戦,曇り,北西,2,2,4,4,3618,海 野 ゆかり,84,39,6.85,4,0.18,1.52.5,1-2-6,1480,4,1-2,280,1,1-2-6,740,3,1-2,210,1,,,,,,,
20250425,鳴門,12,ドリーム戦,曇り,北西,2,2,5,5,4240,今 井 裕 梨,54,33,6.85,5,0.12,,1-2-6,1480,4,1-2,280,1,1-2-6,740,3,1-2,210,1,,,,,,,
20250425,鳴門,12,ドリーム戦,曇り,北西,2,2,6,3,3999,大 瀧 明日香,61,66,6.97,3,0.22,,1-2-6,1480,4,1-2,280,1,1-2-6,740,3,1-2,210,1,,,,,,,
