date,venue_name,race_no,race_type,weather,wind_dir,wind_ms,wave_cm,rank,waku,reg_no,name,motor_no,boat_no,exhibition_time,course_enter,st_timing,race_time,won3,won3_pay,won3_pop,won2,won2_pay,won2_pop,trio,trio_pay,trio_pop,pair,pair_pay,pair_pop
20250427,福岡,1,カタメン１一,晴,北東,3,3,1,1,3940,飯 山 泰,27,154,6.75,1,0.12,1.50.3,1-3-4,1730,6,1-3,230,1,1-3-4,980,5,1-3,210,1
20250427,福岡,1,カタメン１一,晴,北東,3,3,2,3,5036,福 田 翔 吾,65,140,6.89,3,0.21,1.52.6,1-3-4,1730,6,1-3,230,1,1-3-4,980,5,1-3,210,1
20250427,福岡,1,カタメン１一,晴,北東,3,3,3,4,3600,玄 馬 徹,14,115,6.87,4,0.18,1.54.0,1-3-4,1730,6,1-3,230,1,1-3-4,980,5,1-3,210,1
20250427,福岡,1,カタメン１一,晴,北東,3,3,4,5,4574,東 潤 樹,29,171,6.88,5,0.18,1.54.1,1-3-4,1730,6,1-3,230,1,1-3-4,980,5,1-3,210,1
20250427,福岡,1,カタメン１一,晴,北東,3,3,5,6,4879,山 崎 鉄 平,38,131,6.92,6,0.21,,1-3-4,1730,6,1-3,230,1,1-3-4,980,5,1-3,210,1
20250427,福岡,1,カタメン１一,晴,北東,3,3,6,2,5046,松 山 裕 基,66,129,6.87,2,0.16,,1-3-4,1730,6,1-3,230,1,1-3-4,980,5,1-3,210,1
20250427,福岡,2,一般戦,晴,北東,3,3,1,1,3612,馬 袋 義 則,59,106,6.84,1,0.09,1.50.5,1-2-3,1910,7,1-2,250,1,1-2-3,1380,4,1-2,240,1
20250427,福岡,2,一般戦,晴,北東,3,3,2,2,4111,奥 田 誠,25,118,6.82,2,0.14,1.52.2,1-2-3,1910,7,1-2,250,1,1-2-3,1380,4,1-2,240,1
20250427,福岡,2,一般戦,晴,北東,3,3,3,3,4010,越 智 照 浩,60,162,6.90,3,0.15,1.52.6,1-2-3,1910,7,1-2,250,1,1-2-3,1380,4,1-2,240,1
20250427,福岡,2,一般戦,晴,北東,3,3,4,4,4133,高 橋 正 男,42,167,6.87,4,0.15,1.52.9,1-2-3,1910,7,1-2,250,1,1-2-3,1380,4,1-2,240,1
20250427,福岡,2,一般戦,晴,北東,3,3,5,5,4930,佐 藤 悠,16,148,6.80,5,0.16,,1-2-3,1910,7,1-2,250,1,1-2-3,1380,4,1-2,240,1
20250427,福岡,2,一般戦,晴,北東,3,3,6,6,5274,城 間 盛 渚,12,158,6.82,6,0.16,,1-2-3,1910,7,1-2,250,1,1-2-3,1380,4,1-2,240,1
20250427,福岡,3,カタメン３一,晴,北東,3,3,1,1,3968,茶 谷 信 次,53,132,6.82,1,0.10,1.50.1,1-3-5,1130,4,1-3,230,1,1-3-5,590,3,1-3,210,1
20250427,福岡,3,カタメン３一,晴,北東,3,3,2,3,3745,橋 本 年 光,51,124,6.89,3,0.12,1.51.3,1-3-5,1130,4,1-3,230,1,1-3-5,590,3,1-3,210,1
20250427,福岡,3,カタメン３一,晴,北東,3,3,3,5,4665,加 藤 啓 太,15,127,6.87,5,0.14,1.54.7,1-3-5,1130,4,1-3,230,1,1-3-5,590,3,1-3,210,1
20250427,福岡,3,カタメン３一,晴,北東,3,3,4,4,4023,柴 田 友 和,33,147,6.89,4,0.13,1.55.5,1-3-5,1130,4,1-3,230,1,1-3-5,590,3,1-3,210,1
20250427,福岡,3,カタメン３一,晴,北東,3,3,5,2,5244,黒 田 剛,72,166,6.79,2,0.14,,1-3-5,1130,4,1-3,230,1,1-3-5,590,3,1-3,210,1
20250427,福岡,3,カタメン３一,晴,北東,3,3,6,6,3401,上 田 隆 章,28,139,6.93,6,0.19,,1-3-5,1130,4,1-3,230,1,1-3-5,590,3,1-3,210,1
20250427,福岡,4,一般戦,晴,北西,3,3,1,1,3370,坪 内 実,43,137,6.86,1,0.07,1.48.7,1-2-3,770,1,1-2,550,2,1-2-3,190,1,1-2,320,2
20250427,福岡,4,一般戦,晴,北西,3,3,2,2,4736,高 倉 和 士,17,104,6.90,2,0.06,1.50.1,1-2-3,770,1,1-2,550,2,1-2-3,190,1,1-2,320,2
20250427,福岡,4,一般戦,晴,北西,3,3,3,3,5058,前 原 大 道,24,149,6.82,3,0.12,1.50.3,1-2-3,770,1,1-2,550,2,1-2-3,190,1,1-2,320,2
20250427,福岡,4,一般戦,晴,北西,3,3,4,5,3796,長 野 道 臣,11,105,6.87,5,0.13,1.53.5,1-2-3,770,1,1-2,550,2,1-2-3,190,1,1-2,320,2
20250427,福岡,4,一般戦,晴,北西,3,3,5,4,3776,横 井 健 太,75,151,6.85,4,0.17,,1-2-3,770,1,1-2,550,2,1-2-3,190,1,1-2,320,2
20250427,福岡,4,一般戦,晴,北西,3,3,6,6,3294,野 中 義 生,73,135,6.88,6,0.17,,1-2-3,770,1,1-2,550,2,1-2-3,190,1,1-2,320,2
20250427,福岡,5,一般戦,晴,北西,3,3,1,6,4199,北 川 潤 二,37,111,6.93,3,0.10,1.49.5,6-4-1,4980,19,6-4,2910,8,1-4-6,350,1,4-6,1420,6
20250427,福岡,5,一般戦,晴,北西,3,3,2,4,4388,是 澤 孝 宏,31,134,6.88,5,0.05,1.51.4,6-4-1,4980,19,6-4,2910,8,1-4-6,350,1,4-6,1420,6
20250427,福岡,5,一般戦,晴,北西,3,3,3,1,4640,山ノ内 雅 人,50,146,6.88,1,0.10,1.52.6,6-4-1,4980,19,6-4,2910,8,1-4-6,350,1,4-6,1420,6
20250427,福岡,5,一般戦,晴,北西,3,3,4,2,4675,井 手 良 太,23,165,6.91,2,0.09,1.52.6,6-4-1,4980,19,6-4,2910,8,1-4-6,350,1,4-6,1420,6
20250427,福岡,5,一般戦,晴,北西,3,3,5,5,3811,石 田 章 央,58,141,6.90,6,0.14,,6-4-1,4980,19,6-4,2910,8,1-4-6,350,1,4-6,1420,6
20250427,福岡,5,一般戦,晴,北西,3,3,6,3,3867,松 浦 勝,32,168,6.92,4,0.09,,6-4-1,4980,19,6-4,2910,8,1-4-6,350,1,4-6,1420,6
20250427,福岡,6,一般戦,晴,北西,3,3,1,1,4216,星 栄 爾,55,117,6.92,1,0.13,1.49.9,1-3-2,850,2,1-3,270,1,1-2-3,310,2,1-3,130,1
20250427,福岡,6,一般戦,晴,北西,3,3,2,3,5029,中 亮 太,69,122,6.85,3,0.09,1.50.8,1-3-2,850,2,1-3,270,1,1-2-3,310,2,1-3,130,1
20250427,福岡,6,一般戦,晴,北西,3,3,3,2,4944,田 代 達 也,47,112,6.88,2,0.08,1.51.5,1-3-2,850,2,1-3,270,1,1-2-3,310,2,1-3,130,1
20250427,福岡,6,一般戦,晴,北西,3,3,4,4,3637,齋 藤 和 政,67,159,6.94,4,0.26,1.53.1,1-3-2,850,2,1-3,270,1,1-2-3,310,2,1-3,130,1
20250427,福岡,6,一般戦,晴,北西,3,3,5,6,4118,宇佐見 淳,74,103,6.88,6,0.24,,1-3-2,850,2,1-3,270,1,1-2-3,310,2,1-3,130,1
20250427,福岡,6,一般戦,晴,北西,3,3,6,5,4176,樋 口 喜 彦,44,153,6.88,5,0.19,,1-3-2,850,2,1-3,270,1,1-2-3,310,2,1-3,130,1
20250427,福岡,7,一般戦,晴,北,3,3,1,1,4967,中 村 魁 生,20,157,6.90,1,0.08,1.48.9,1-2-4,1400,6,1-2,770,3,1-2-4,410,2,1-2,540,2
20250427,福岡,7,一般戦,晴,北,3,3,2,2,5274,城 間 盛 渚,12,158,6.88,2,0.12,1.50.4,1-2-4,1400,6,1-2,770,3,1-2-4,410,2,1-2,540,2
20250427,福岡,7,一般戦,晴,北,3,3,3,4,4397,西 村 拓 也,41,160,6.83,3,0.11,1.50.6,1-2-4,1400,6,1-2,770,3,1-2-4,410,2,1-2,540,2
20250427,福岡,7,一般戦,晴,北,3,3,4,6,3874,山 本 寛 久,70,125,6.86,6,0.11,1.53.4,1-2-4,1400,6,1-2,770,3,1-2-4,410,2,1-2,540,2
20250427,福岡,7,一般戦,晴,北,3,3,5,5,4552,杉 山 勝 匡,34,123,6.91,5,0.14,,1-2-4,1400,6,1-2,770,3,1-2-4,410,2,1-2,540,2
20250427,福岡,7,一般戦,晴,北,3,3,6,3,5244,黒 田 剛,72,166,6.85,4,0.15,,1-2-4,1400,6,1-2,770,3,1-2-4,410,2,1-2,540,2
20250427,福岡,8,一般戦,晴,北,3,3,1,1,4172,森 定 晃 史,52,116,6.85,1,0.06,1.50.6,1-3-6,1800,8,1-3,460,3,1-3-6,1220,7,1-3,330,2
20250427,福岡,8,一般戦,晴,北,3,3,2,3,3617,竹 田 広 樹,35,155,6.88,3,0.15,1.51.3,1-3-6,1800,8,1-3,460,3,1-3-6,1220,7,1-3,330,2
20250427,福岡,8,一般戦,晴,北,3,3,3,6,4311,岡 村 仁,62,128,6.88,6,0.19,1.52.9,1-3-6,1800,8,1-3,460,3,1-3-6,1220,7,1-3,330,2
20250427,福岡,8,一般戦,晴,北,3,3,4,2,5036,福 田 翔 吾,65,140,6.90,2,0.11,1.53.4,1-3-6,1800,8,1-3,460,3,1-3-6,1220,7,1-3,330,2
20250427,福岡,8,一般戦,晴,北,3,3,5,4,3796,長 野 道 臣,11,105,6.88,4,0.11,,1-3-6,1800,8,1-3,460,3,1-3-6,1220,7,1-3,330,2
20250427,福岡,8,一般戦,晴,北,3,3,6,5,4023,柴 田 友 和,33,147,6.89,5,0.15,,1-3-6,1800,8,1-3,460,3,1-3-6,1220,7,1-3,330,2
20250427,福岡,9,一般戦,晴,北,3,3,1,1,3745,橋 本 年 光,51,124,6.85,1,0.14,1.49.7,1-5-3,1260,4,1-5,420,2,1-3-5,610,3,1-5,200,1
20250427,福岡,9,一般戦,晴,北,3,3,2,5,4388,是 澤 孝 宏,31,134,6.84,5,0.17,1.51.2,1-5-3,1260,4,1-5,420,2,1-3-5,610,3,1-5,200,1
20250427,福岡,9,一般戦,晴,北,3,3,3,3,4779,伊 倉 光,71,164,6.86,3,0.15,1.52.8,1-5-3,1260,4,1-5,420,2,1-3-5,610,3,1-5,200,1
20250427,福岡,9,一般戦,晴,北,3,3,4,2,4133,高 橋 正 男,42,167,6.88,2,0.20,1.54.1,1-5-3,1260,4,1-5,420,2,1-3-5,610,3,1-5,200,1
20250427,福岡,9,一般戦,晴,北,3,3,5,6,3372,加 藤 雅 之,48,150,6.82,6,0.21,,1-5-3,1260,4,1-5,420,2,1-3-5,610,3,1-5,200,1
20250427,福岡,9,一般戦,晴,北,3,3,6,4,4457,神 田 達 也,19,161,6.91,4,0.23,,1-5-3,1260,4,1-5,420,2,1-3-5,610,3,1-5,200,1
20250427,福岡,10,準優勝戦,晴,北,3,3,1,1,4879,山 崎 鉄 平,38,131,6.88,1,0.01,1.49.9,1-3-6,2040,6,1-3,380,1,1-3-6,1200,6,1-3,310,1
20250427,福岡,10,準優勝戦,晴,北,3,3,2,3,3811,石 田 章 央,58,141,6.91,3,0.06,1.50.7,1-3-6,2040,6,1-3,380,1,1-3-6,1200,6,1-3,310,1
20250427,福岡,10,準優勝戦,晴,北,3,3,3,6,3612,馬 袋 義 則,59,106,6.89,4,0.05,1.51.8,1-3-6,2040,6,1-3,380,1,1-3-6,1200,6,1-3,310,1
20250427,福岡,10,準優勝戦,晴,北,3,3,4,4,5058,前 原 大 道,24,149,6.84,5,0.02,1.51.9,1-3-6,2040,6,1-3,380,1,1-3-6,1200,6,1-3,310,1
20250427,福岡,10,準優勝戦,晴,北,3,3,5,2,3968,茶 谷 信 次,53,132,6.82,2,0.13,,1-3-6,2040,6,1-3,380,1,1-3-6,1200,6,1-3,310,1
20250427,福岡,10,準優勝戦,晴,北,3,3,6,5,4216,星 栄 爾,55,117,6.89,6,0.09,,1-3-6,2040,6,1-3,380,1,1-3-6,1200,6,1-3,310,1
20250427,福岡,11,準優勝戦,曇り,北,2,2,1,1,4199,北 川 潤 二,37,111,6.89,1,0.06,1.49.6,1-3-2,640,2,1-3,310,2,1-2-3,220,1,1-3,320,2
20250427,福岡,11,準優勝戦,曇り,北,2,2,2,3,4397,西 村 拓 也,41,160,6.86,3,0.12,1.50.5,1-3-2,640,2,1-3,310,2,1-2-3,220,1,1-3,320,2
20250427,福岡,11,準優勝戦,曇り,北,2,2,3,2,3940,飯 山 泰,27,154,6.79,2,0.11,1.52.4,1-3-2,640,2,1-3,310,2,1-2-3,220,1,1-3,320,2
20250427,福岡,11,準優勝戦,曇り,北,2,2,4,4,5029,中 亮 太,69,122,6.87,4,0.07,1.53.9,1-3-2,640,2,1-3,310,2,1-2-3,220,1,1-3,320,2
20250427,福岡,11,準優勝戦,曇り,北,2,2,5,6,4736,高 倉 和 士,17,104,6.88,6,0.12,,1-3-2,640,2,1-3,310,2,1-2-3,220,1,1-3,320,2
20250427,福岡,11,準優勝戦,曇り,北,2,2,6,5,4111,奥 田 誠,25,118,6.89,5,0.11,,1-3-2,640,2,1-3,310,2,1-2-3,220,1,1-3,320,2
20250427,芦屋,12,準優勝戦,曇り,北,1,2,1,3,4930,佐 藤 悠,16,148,6.84,3,0.12,1.49.6,3-1-4,5550,16,3-1,1410,6,1-3-4,560,3,1-3,330,2
20250427,芦屋,12,準優勝戦,曇り,北,1,2,2,1,4118,宇佐見 淳,74,103,6.86,1,0.14,1.50.9,3-1-4,5550,16,3-1,1410,6,1-3-4,560,3,1-3,330,2
20250427,芦屋,12,準優勝戦,曇り,北,1,2,3,4,4640,山ノ内 雅 人,50,146,6.89,4,0.18,1.52.6,3-1-4,5550,16,3-1,1410,6,1-3-4,560,3,1-3,330,2
20250427,芦屋,12,準優勝戦,曇り,北,1,2,4,2,4172,森 定 晃 史,52,116,6.89,2,0.14,1.53.5,3-1-4,5550,16,3-1,1410,6,1-3-4,560,3,1-3,330,2
20250427,芦屋,12,準優勝戦,曇り,北,1,2,5,5,4967,中 村 魁 生,20,157,6.89,5,0.18,,3-1-4,5550,16,3-1,1410,6,1-3-4,560,3,1-3,330,2
20250427,芦屋,12,準優勝戦,曇り,北,1,2,6,6,3370,坪 内 実,43,137,6.90,6,0.33,,3-1-4,5550,16,3-1,1410,6,1-3-4,560,3,1-3,330,2
20250427,芦屋,1,サンライズＶ,晴,南,1,1,1,1,3655,本 橋 克 洋,18,155,6.79,1,0.17,1.48.0,1-3-2,650,2,1-3,210,1,1-2-3,260,1,1-3,150,1
20250427,芦屋,1,サンライズＶ,晴,南,1,1,2,3,3681,山 谷 央,29,134,6.79,3,0.14,1.49.1,1-3-2,650,2,1-3,210,1,1-2-3,260,1,1-3,150,1
20250427,芦屋,1,サンライズＶ,晴,南,1,1,3,2,5178,成 貞 琳 平,45,133,6.74,2,0.21,1.50.4,1-3-2,650,2,1-3,210,1,1-2-3,260,1,1-3,150,1
20250427,芦屋,1,サンライズＶ,晴,南,1,1,4,5,3832,下 田 哲 也,46,123,6.74,5,0.09,1.51.7,1-3-2,650,2,1-3,210,1,1-2-3,260,1,1-3,150,1
20250427,芦屋,1,サンライズＶ,晴,南,1,1,5,6,5317,長 尾 萌 加,10,111,6.76,6,0.11,,1-3-2,650,2,1-3,210,1,1-2-3,260,1,1-3,150,1
20250427,芦屋,1,サンライズＶ,晴,南,1,1,6,4,3928,林 恵 祐,36,120,6.83,4,0.11,,1-3-2,650,2,1-3,210,1,1-2-3,260,1,1-3,150,1
20250427,芦屋,2,サンライズＷ,晴,東,1,1,1,5,5249,三 木 晴 斗,30,149,6.75,5,0.24,1.47.4,5-1-4,10530,32,5-1,3450,12,1-4-5,400,2,1-5,1250,4
20250427,芦屋,2,サンライズＷ,晴,東,1,1,2,1,4593,小 坂 宗 司,34,124,6.78,1,0.12,1.48.7,5-1-4,10530,32,5-1,3450,12,1-4-5,400,2,1-5,1250,4
20250427,芦屋,2,サンライズＷ,晴,東,1,1,3,4,4066,東 本 勝 利,24,118,6.79,4,0.19,1.49.3,5-1-4,10530,32,5-1,3450,12,1-4-5,400,2,1-5,1250,4
20250427,芦屋,2,サンライズＷ,晴,東,1,1,4,6,3441,土 屋 太 朗,39,112,6.78,6,0.18,1.51.2,5-1-4,10530,32,5-1,3450,12,1-4-5,400,2,1-5,1250,4
20250427,芦屋,2,サンライズＷ,晴,東,1,1,5,3,5143,常 盤 海 心,33,132,6.72,3,0.16,,5-1-4,10530,32,5-1,3450,12,1-4-5,400,2,1-5,1250,4
20250427,芦屋,2,サンライズＷ,晴,東,1,1,6,2,3718,伊 達 正 利,42,137,6.82,2,0.17,,5-1-4,10530,32,5-1,3450,12,1-4-5,400,2,1-5,1250,4
20250427,芦屋,3,サンライズＸ,晴,北,1,1,1,1,4073,大 橋 純一郎,15,139,6.68,1,0.07,1.47.0,1-3-2,550,2,1-3,220,1,1-2-3,230,1,1-3,220,1
20250427,芦屋,3,サンライズＸ,晴,北,1,1,2,3,3685,荒 井 輝 年,4,136,6.73,3,0.10,1.48.3,1-3-2,550,2,1-3,220,1,1-2-3,230,1,1-3,220,1
20250427,芦屋,3,サンライズＸ,晴,北,1,1,3,2,4389,伊 藤 喜 智,32,121,6.71,2,0.11,1.50.3,1-3-2,550,2,1-3,220,1,1-2-3,230,1,1-3,220,1
20250427,芦屋,3,サンライズＸ,晴,北,1,1,4,4,4113,木 村 浩 士,11,142,6.77,4,0.13,1.51.9,1-3-2,550,2,1-3,220,1,1-2-3,230,1,1-3,220,1
20250427,芦屋,3,サンライズＸ,晴,北,1,1,5,5,4551,三 川 昂 暁,23,127,6.76,5,0.13,,1-3-2,550,2,1-3,220,1,1-2-3,230,1,1-3,220,1
20250427,芦屋,3,サンライズＸ,晴,北,1,1,6,6,3857,阿 波 勝 哉,43,151,6.61,6,0.15,,1-3-2,550,2,1-3,220,1,1-2-3,230,1,1-3,220,1
20250427,芦屋,4,サンライズＹ 進入固定,晴,北,3,3,1,1,4042,丸 岡 正 典,28,114,6.69,1,0.16,1.52.0,1-3-2,1770,8,1-3,720,3,1-2-3,630,3,1-3,380,3
20250427,芦屋,4,サンライズＹ 進入固定,晴,北,3,3,2,3,4727,安 部 慎 一,35,126,6.79,3,0.16,1.54.4,1-3-2,1770,8,1-3,720,3,1-2-3,630,3,1-3,380,3
20250427,芦屋,4,サンライズＹ 進入固定,晴,北,3,3,3,2,3339,泉 具 巳,1,152,6.74,2,0.15,1.57.6,1-3-2,1770,8,1-3,720,3,1-2-3,630,3,1-3,380,3
20250427,芦屋,4,サンライズＹ 進入固定,晴,北,3,3,4,4,4579,中 嶋 健一郎,31,125,6.73,4,0.17,2.01.0,1-3-2,1770,8,1-3,720,3,1-2-3,630,3,1-3,380,3
20250427,芦屋,4,サンライズＹ 進入固定,晴,北,3,3,5,5,5316,村 松 将 平,2,143,6.73,5,0.18,,1-3-2,1770,8,1-3,720,3,1-2-3,630,3,1-3,380,3
20250427,芦屋,5,サンライズＺ,晴,北西,2,2,1,1,4017,向 井 美 鈴,9,154,6.71,1,0.17,1.47.0,1-2-3,590,3,1-2,180,1,1-2-3,340,3,1-2,180,1
20250427,芦屋,5,サンライズＺ,晴,北西,2,2,2,2,4447,深 川 麻奈美,25,153,6.72,2,0.16,1.49.6,1-2-3,590,3,1-2,180,1,1-2-3,340,3,1-2,180,1
20250427,芦屋,5,サンライズＺ,晴,北西,2,2,3,3,5265,大 廣 咲 季,20,158,6.82,3,0.14,1.50.9,1-2-3,590,3,1-2,180,1,1-2-3,340,3,1-2,180,1
20250427,芦屋,5,サンライズＺ,晴,北西,2,2,4,4,5317,長 尾 萌 加,10,111,6.76,4,0.22,1.51.1,1-2-3,590,3,1-2,180,1,1-2-3,340,3,1-2,180,1
20250427,芦屋,5,サンライズＺ,晴,北西,2,2,5,5,4730,土 屋 実沙希,14,150,6.79,5,0.21,,1-2-3,590,3,1-2,180,1,1-2-3,340,3,1-2,180,1
20250427,芦屋,5,サンライズＺ,晴,北西,2,2,6,6,5250,嶋 田 有 里,27,147,6.77,6,0.23,,1-2-3,590,3,1-2,180,1,1-2-3,340,3,1-2,180,1
20250427,芦屋,6,一般,晴,北西,2,2,1,5,4144,石 塚 久 也,19,122,6.76,4,0.11,1.48.1,5-2-4,5870,22,5-2,1080,5,2-4-5,740,4,2-5,470,3
20250427,芦屋,6,一般,晴,北西,2,2,2,2,3502,渡 邉 英 児,5,146,6.78,2,0.23,1.49.7,5-2-4,5870,22,5-2,1080,5,2-4-5,740,4,2-5,470,3
20250427,芦屋,6,一般,晴,北西,2,2,3,4,5143,常 盤 海 心,33,132,6.78,5,0.07,1.51.6,5-2-4,5870,22,5-2,1080,5,2-4-5,740,4,2-5,470,3
20250427,芦屋,6,一般,晴,北西,2,2,4,3,3441,土 屋 太 朗,39,112,6.80,3,0.16,1.52.1,5-2-4,5870,22,5-2,1080,5,2-4-5,740,4,2-5,470,3
20250427,芦屋,6,一般,晴,北西,2,2,5,1,5178,成 貞 琳 平,45,133,6.76,1,0.27,,5-2-4,5870,22,5-2,1080,5,2-4-5,740,4,2-5,470,3
20250427,芦屋,6,一般,晴,北西,2,2,6,6,3340,池 田 雷 太,21,138,6.76,6,0.11,,5-2-4,5870,22,5-2,1080,5,2-4-5,740,4,2-5,470,3
20250427,芦屋,7,一般 進入固定,晴,北西,2,2,1,4,5012,加 倉 侑 征,37,116,6.76,4,0.05,1.47.9,4-1-3,2910,10,4-1,890,4,1-3-4,320,1,1-4,330,1
20250427,芦屋,7,一般 進入固定,晴,北西,2,2,2,1,4565,西 村 豪 洋,12,144,6.75,1,0.10,1.49.8,4-1-3,2910,10,4-1,890,4,1-3-4,320,1,1-4,330,1
20250427,芦屋,7,一般 進入固定,晴,北西,2,2,3,3,5249,三 木 晴 斗,30,149,6.73,3,0.08,1.50.2,4-1-3,2910,10,4-1,890,4,1-3-4,320,1,1-4,330,1
20250427,芦屋,7,一般 進入固定,晴,北西,2,2,4,2,3832,下 田 哲 也,46,123,6.76,2,0.15,1.51.9,4-1-3,2910,10,4-1,890,4,1-3-4,320,1,1-4,330,1
20250427,芦屋,7,一般 進入固定,晴,北西,2,2,5,6,3681,山 谷 央,29,134,6.79,6,0.09,,4-1-3,2910,10,4-1,890,4,1-3-4,320,1,1-4,330,1
20250427,芦屋,7,一般 進入固定,晴,北西,2,2,6,5,4113,木 村 浩 士,11,142,6.73,5,0.14,,4-1-3,2910,10,4-1,890,4,1-3-4,320,1,1-4,330,1
20250427,芦屋,8,一般,晴,北西,3,3,1,1,3718,伊 達 正 利,42,137,6.80,1,0.15,1.48.7,1-3-4,1180,3,1-3,340,2,1-3-4,380,1,1-3,210,1
20250427,芦屋,8,一般,晴,北西,3,3,2,3,4579,中 嶋 健一郎,31,125,6.77,3,0.18,1.50.1,1-3-4,1180,3,1-3,340,2,1-3-4,380,1,1-3,210,1
20250427,芦屋,8,一般,晴,北西,3,3,3,4,5339,石 井 伸 長,7,157,6.80,4,0.15,1.51.2,1-3-4,1180,3,1-3,340,2,1-3-4,380,1,1-3,210,1
20250427,芦屋,8,一般,晴,北西,3,3,4,2,3928,林 恵 祐,36,120,6.90,2,0.23,1.51.9,1-3-4,1180,3,1-3,340,2,1-3-4,380,1,1-3,210,1
20250427,芦屋,8,一般,晴,北西,3,3,5,6,3300,川 崎 智 幸,41,128,6.88,6,0.14,,1-3-4,1180,3,1-3,340,2,1-3-4,380,1,1-3,210,1
20250427,芦屋,8,一般,晴,北西,3,3,6,5,4422,永 井 亮 次,16,117,6.80,5,0.19,,1-3-4,1180,3,1-3,340,2,1-3-4,380,1,1-3,210,1
20250427,芦屋,9,アシ夢特選,晴,北西,2,2,1,4,3655,本 橋 克 洋,18,155,6.84,3,0.13,1.49.0,4-3-5,20540,47,4-3,8310,15,3-4-5,2150,10,3-4,1970,6
20250427,芦屋,9,アシ夢特選,晴,北西,2,2,2,3,4730,土 屋 実沙希,14,150,6.84,2,0.10,1.49.7,4-3-5,20540,47,4-3,8310,15,3-4-5,2150,10,3-4,1970,6
20250427,芦屋,9,アシ夢特選,晴,北西,2,2,3,5,4593,小 坂 宗 司,34,124,6.86,5,0.15,1.50.8,4-3-5,20540,47,4-3,8310,15,3-4-5,2150,10,3-4,1970,6
20250427,芦屋,9,アシ夢特選,晴,北西,2,2,4,2,5289,佃 來 紀,3,156,6.84,4,0.15,1.51.1,4-3-5,20540,47,4-3,8310,15,3-4-5,2150,10,3-4,1970,6
20250427,芦屋,9,アシ夢特選,晴,北西,2,2,5,6,5316,村 松 将 平,2,143,6.77,6,0.17,,4-3-5,20540,47,4-3,8310,15,3-4-5,2150,10,3-4,1970,6
20250427,芦屋,9,アシ夢特選,晴,北西,2,2,6,1,4551,三 川 昂 暁,23,127,6.80,1,0.15,,4-3-5,20540,47,4-3,8310,15,3-4-5,2150,10,3-4,1970,6
20250427,芦屋,10,選抜戦,晴,北西,3,3,1,1,4066,東 本 勝 利,24,118,6.82,1,0.11,1.47.0,1-6-2,3990,11,1-6,1620,6,1-2-6,790,4,1-6,1790,6
20250427,芦屋,10,選抜戦,晴,北西,3,3,2,6,4017,向 井 美 鈴,9,154,6.77,6,0.10,1.48.0,1-6-2,3990,11,1-6,1620,6,1-2-6,790,4,1-6,1790,6
20250427,芦屋,10,選抜戦,晴,北西,3,3,3,2,3685,荒 井 輝 年,4,136,6.76,2,0.14,1.50.2,1-6-2,3990,11,1-6,1620,6,1-2-6,790,4,1-6,1790,6
20250427,芦屋,10,選抜戦,晴,北西,3,3,4,3,4447,深 川 麻奈美,25,153,6.77,3,0.21,1.51.5,1-6-2,3990,11,1-6,1620,6,1-2-6,790,4,1-6,1790,6
20250427,芦屋,10,選抜戦,晴,北西,3,3,5,4,4727,安 部 慎 一,35,126,6.86,4,0.11,,1-6-2,3990,11,1-6,1620,6,1-2-6,790,4,1-6,1790,6
20250427,芦屋,10,選抜戦,晴,北西,3,3,6,5,4389,伊 藤 喜 智,32,121,6.81,5,0.22,,1-6-2,3990,11,1-6,1620,6,1-2-6,790,4,1-6,1790,6
20250427,芦屋,11,選抜戦,晴,北西,3,3,1,1,4144,石 塚 久 也,19,122,6.77,1,0.14,1.47.6,1-5-3,2910,10,1-5,1100,4,1-3-5,460,3,1-5,950,4
20250427,芦屋,11,選抜戦,晴,北西,3,3,2,5,4073,大 橋 純一郎,15,139,6.80,5,0.12,1.48.6,1-5-3,2910,10,1-5,1100,4,1-3-5,460,3,1-5,950,4
20250427,芦屋,11,選抜戦,晴,北西,3,3,3,3,4042,丸 岡 正 典,28,114,6.76,3,0.09,1.49.6,1-5-3,2910,10,1-5,1100,4,1-3-5,460,3,1-5,950,4
20250427,芦屋,11,選抜戦,晴,北西,3,3,4,2,5012,加 倉 侑 征,37,116,6.77,2,0.14,1.51.0,1-5-3,2910,10,1-5,1100,4,1-3-5,460,3,1-5,950,4
20250427,芦屋,11,選抜戦,晴,北西,3,3,5,6,3339,泉 具 巳,1,152,6.77,6,0.14,,1-5-3,2910,10,1-5,1100,4,1-3-5,460,3,1-5,950,4
20250427,芦屋,11,選抜戦,晴,北西,3,3,6,4,3502,渡 邉 英 児,5,146,6.78,4,0.12,,1-5-3,2910,10,1-5,1100,4,1-3-5,460,3,1-5,950,4
20250427,若松,12,優勝戦,晴,北西,2,2,1,1,4762,藤 原 啓史朗,17,145,6.71,1,0.11,1.47.7,1-4-3,1400,6,1-4,530,3,1-3-4,500,3,1-4,620,3
20250427,若松,12,優勝戦,晴,北西,2,2,2,4,4384,鶴 本 崇 文,8,129,6.77,4,0.19,1.48.8,1-4-3,1400,6,1-4,530,3,1-3-4,500,3,1-4,620,3
20250427,若松,12,優勝戦,晴,北西,2,2,3,3,4290,稲 田 浩 二,13,148,6.79,3,0.09,1.50.0,1-4-3,1400,6,1-4,530,3,1-3-4,500,3,1-4,620,3
20250427,若松,12,優勝戦,晴,北西,2,2,4,6,4611,今 井 美 亜,38,135,6.80,6,0.17,1.50.8,1-4-3,1400,6,1-4,530,3,1-3-4,500,3,1-4,620,3
20250427,若松,12,優勝戦,晴,北西,2,2,5,2,3556,田 中 信一郎,6,115,6.78,2,0.16,,1-4-3,1400,6,1-4,530,3,1-3-4,500,3,1-4,620,3
20250427,若松,12,優勝戦,晴,北西,2,2,6,5,3251,平 石 和 男,44,141,6.86,5,0.21,,1-4-3,1400,6,1-4,530,3,1-3-4,500,3,1-4,620,3
20250427,若松,1,予選,晴,北西,1,1,1,4,4861,田 中 宏 樹,32,36,6.69,6,0.21,1.50.7,4-6-1,3980,13,4-6,1250,6,1-4-6,1090,5,4-6,1170,6
20250427,若松,1,予選,晴,北西,1,1,2,6,3564,桑 原 啓,33,44,6.88,4,0.26,1.52.0,4-6-1,3980,13,4-6,1250,6,1-4-6,1090,5,4-6,1170,6
20250427,若松,1,予選,晴,北西,1,1,3,1,5303,土 井 歩 夢,49,27,6.82,1,0.29,1.54.6,4-6-1,3980,13,4-6,1250,6,1-4-6,1090,5,4-6,1170,6
20250427,若松,1,予選,晴,北西,1,1,4,2,5053,山 口 広 樹,45,33,6.83,2,0.30,1.55.7,4-6-1,3980,13,4-6,1250,6,1-4-6,1090,5,4-6,1170,6
20250427,若松,1,予選,晴,北西,1,1,5,5,5223,森 清 友 翔,22,69,6.80,5,0.27,,4-6-1,3980,13,4-6,1250,6,1-4-6,1090,5,4-6,1170,6
20250427,若松,1,予選,晴,北西,1,1,6,3,4346,前 田 健太郎,1,16,6.88,3,0.26,,4-6-1,3980,13,4-6,1250,6,1-4-6,1090,5,4-6,1170,6
20250427,若松,2,予選,晴,西,4,4,1,1,5152,丸 山 祐 也,14,61,6.72,1,0.21,1.51.4,1-4-3,4540,19,1-4,560,3,1-3-4,1300,6,1-4,250,1
20250427,若松,2,予選,晴,西,4,4,2,4,4296,岡 崎 恭 裕,24,40,6.77,4,0.21,1.53.4,1-4-3,4540,19,1-4,560,3,1-3-4,1300,6,1-4,250,1
20250427,若松,2,予選,晴,西,4,4,3,3,5308,藤 森 拓 海,61,37,6.83,3,0.21,1.53.9,1-4-3,4540,19,1-4,560,3,1-3-4,1300,6,1-4,250,1
20250427,若松,2,予選,晴,西,4,4,4,6,5210,藤 井 公 人,4,42,6.78,6,0.26,1.54.9,1-4-3,4540,19,1-4,560,3,1-3-4,1300,6,1-4,250,1
20250427,若松,2,予選,晴,西,4,4,5,2,4474,渡 辺 崇,62,62,6.80,2,0.21,,1-4-3,4540,19,1-4,560,3,1-3-4,1300,6,1-4,250,1
20250427,若松,2,予選,晴,西,4,4,6,5,3825,宮 嵜 隆太郎,54,47,6.87,5,0.13,,1-4-3,4540,19,1-4,560,3,1-3-4,1300,6,1-4,250,1
20250427,若松,3,予選,晴,北西,2,2,1,3,4545,岡 村 慶 太,21,58,6.76,3,0.21,1.49.5,3-5-6,8450,31,3-5,1150,4,3-5-6,2890,12,3-5,1030,6
20250427,若松,3,予選,晴,北西,2,2,2,5,4395,下 河 雅 史,10,17,6.80,5,0.26,1.51.2,3-5-6,8450,31,3-5,1150,4,3-5-6,2890,12,3-5,1030,6
20250427,若松,3,予選,晴,北西,2,2,3,6,5351,齊 藤 廉,12,46,6.72,6,0.37,1.52.7,3-5-6,8450,31,3-5,1150,4,3-5-6,2890,12,3-5,1030,6
20250427,若松,3,予選,晴,北西,2,2,4,2,3297,藤 丸 光 一,27,39,6.75,2,0.28,1.54.2,3-5-6,8450,31,3-5,1150,4,3-5-6,2890,12,3-5,1030,6
20250427,若松,3,予選,晴,北西,2,2,5,4,5018,竹 下 大 樹,40,23,6.72,4,0.24,,3-5-6,8450,31,3-5,1150,4,3-5-6,2890,12,3-5,1030,6
20250427,若松,3,予選,晴,北西,2,2,6,1,4864,小 川 日紀太,16,50,6.78,1,0.29,,3-5-6,8450,31,3-5,1150,4,3-5-6,2890,12,3-5,1030,6
20250427,若松,4,予選,晴,西,4,4,1,4,4256,渡 辺 浩 司,48,67,6.71,4,0.06,1.50.9,4-1-6,2670,7,4-1,790,3,1-4-6,740,4,1-4,570,2
20250427,若松,4,予選,晴,西,4,4,2,1,5031,渡 辺 空 依,59,21,6.77,1,0.17,1.52.8,4-1-6,2670,7,4-1,790,3,1-4-6,740,4,1-4,570,2
20250427,若松,4,予選,晴,西,4,4,3,6,4314,青 木 幸太郎,51,71,6.81,5,0.09,1.53.7,4-1-6,2670,7,4-1,790,3,1-4-6,740,4,1-4,570,2
20250427,若松,4,予選,晴,西,4,4,4,2,4549,小 林 文 彦,58,51,6.79,2,0.21,1.55.6,4-1-6,2670,7,4-1,790,3,1-4-6,740,4,1-4,570,2
20250427,若松,4,予選,晴,西,4,4,5,5,5382,山 下 心 一,25,72,6.73,6,0.11,,4-1-6,2670,7,4-1,790,3,1-4-6,740,4,1-4,570,2
20250427,若松,4,予選,晴,西,4,4,6,3,3434,松 尾 宣 邦,30,13,6.80,3,0.15,,4-1-6,2670,7,4-1,790,3,1-4-6,740,4,1-4,570,2
20250427,若松,5,進入固定戦隊 進入固定,晴,北西,3,3,1,1,3853,岩 崎 正 哉,11,55,6.73,1,0.15,1.50.3,1-5-2,17250,43,1-5,4460,12,1-2-5,2480,6,1-5,5090,8
20250427,若松,5,進入固定戦隊 進入固定,晴,北西,3,3,2,5,4346,前 田 健太郎,1,16,6.82,5,0.13,1.52.4,1-5-2,17250,43,1-5,4460,12,1-2-5,2480,6,1-5,5090,8
20250427,若松,5,進入固定戦隊 進入固定,晴,北西,3,3,3,2,4737,竹 井 貴 史,39,11,6.77,2,0.16,1.52.8,1-5-2,17250,43,1-5,4460,12,1-2-5,2480,6,1-5,5090,8
20250427,若松,5,進入固定戦隊 進入固定,晴,北西,3,3,4,6,4697,國 弘 翔 平,18,74,6.83,6,0.22,1.56.8,1-5-2,17250,43,1-5,4460,12,1-2-5,2480,6,1-5,5090,8
20250427,若松,5,進入固定戦隊 進入固定,晴,北西,3,3,5,3,4729,佐 藤 謙史朗,7,53,6.76,3,0.15,,1-5-2,17250,43,1-5,4460,12,1-2-5,2480,6,1-5,5090,8
20250427,若松,6,予選,晴,北,1,1,1,1,5105,富 田 恕 生,46,30,6.80,1,0.11,1.49.4,1-4-2,780,1,1-4,440,1,1-2-4,220,1,1-4,280,1
20250427,若松,6,予選,晴,北,1,1,2,4,4504,前 田 将 太,23,14,6.81,4,0.05,1.50.6,1-4-2,780,1,1-4,440,1,1-2-4,220,1,1-4,280,1
20250427,若松,6,予選,晴,北,1,1,3,2,4451,松 崎 祐太郎,28,63,6.87,2,0.05,1.52.3,1-4-2,780,1,1-4,440,1,1-2-4,220,1,1-4,280,1
20250427,若松,6,予選,晴,北,1,1,4,5,3352,小 川 晃 司,20,20,6.91,6,0.08,1.53.5,1-4-2,780,1,1-4,440,1,1-2-4,220,1,1-4,280,1
20250427,若松,6,予選,晴,北,1,1,5,3,5053,山 口 広 樹,45,33,6.86,3,0.02,,1-4-2,780,1,1-4,440,1,1-2-4,220,1,1-4,280,1
20250427,若松,6,予選,晴,北,1,1,6,6,3953,志 道 吉 和,52,59,6.89,5,0.07,,1-4-2,780,1,1-4,440,1,1-2-4,220,1,1-4,280,1
20250427,若松,7,予選,晴,北西,1,1,1,4,5158,宮 脇 遼 太,34,70,6.69,4,0.07,1.49.9,4-6-2,6080,23,4-6,3020,9,2-4-6,1520,7,4-6,2390,10
20250427,若松,7,予選,晴,北西,1,1,2,6,3297,藤 丸 光 一,27,39,6.85,3,0.16,1.51.3,4-6-2,6080,23,4-6,3020,9,2-4-6,1520,7,4-6,2390,10
20250427,若松,7,予選,晴,北西,1,1,3,2,4287,今 井 貴 士,29,32,6.86,2,0.15,1.53.1,4-6-2,6080,23,4-6,3020,9,2-4-6,1520,7,4-6,2390,10
20250427,若松,7,予選,晴,北西,1,1,4,3,3564,桑 原 啓,33,44,6.76,5,0.15,1.53.8,4-6-2,6080,23,4-6,3020,9,2-4-6,1520,7,4-6,2390,10
20250427,若松,7,予選,晴,北西,1,1,5,5,5284,嘉手苅 徹 哉,43,22,6.81,6,0.18,,4-6-2,6080,23,4-6,3020,9,2-4-6,1520,7,4-6,2390,10
20250427,若松,7,予選,晴,北西,1,1,6,1,5104,山 田 丈,55,41,6.84,1,0.15,,4-6-2,6080,23,4-6,3020,9,2-4-6,1520,7,4-6,2390,10
20250427,若松,8,エイトビート,晴,北西,1,1,1,1,4350,篠 崎 元 志,36,45,6.84,1,0.19,1.49.8,1-2-5,1540,6,1-2,180,1,1-2-5,1100,5,1-2,230,2
20250427,若松,8,エイトビート,晴,北西,1,1,2,2,5018,竹 下 大 樹,40,23,6.76,2,0.20,1.50.4,1-2-5,1540,6,1-2,180,1,1-2-5,1100,5,1-2,230,2
20250427,若松,8,エイトビート,晴,北西,1,1,3,5,4393,田 中 孝 明,26,57,6.90,5,0.19,1.52.6,1-2-5,1540,6,1-2,180,1,1-2-5,1100,5,1-2,230,2
20250427,若松,8,エイトビート,晴,北西,1,1,4,3,4413,水 摩 敦,5,43,6.85,3,0.28,1.54.5,1-2-5,1540,6,1-2,180,1,1-2-5,1100,5,1-2,230,2
20250427,若松,8,エイトビート,晴,北西,1,1,5,6,5382,山 下 心 一,25,72,6.85,6,0.13,,1-2-5,1540,6,1-2,180,1,1-2-5,1100,5,1-2,230,2
20250427,若松,8,エイトビート,晴,北西,1,1,6,4,5223,森 清 友 翔,22,69,6.81,4,0.19,,1-2-5,1540,6,1-2,180,1,1-2-5,1100,5,1-2,230,2
20250427,若松,9,予選,晴,北西,2,2,1,4,5028,原 田 才一郎,57,25,6.74,4,0.06,1.50.1,4-1-6,2950,10,4-1,480,2,1-4-6,720,4,1-4,170,1
20250427,若松,9,予選,晴,北西,2,2,2,1,4256,渡 辺 浩 司,48,67,6.76,1,0.06,1.51.7,4-1-6,2950,10,4-1,480,2,1-4-6,720,4,1-4,170,1
20250427,若松,9,予選,晴,北西,2,2,3,6,3742,宮 地 秀 祈,41,68,6.82,5,0.09,1.52.8,4-1-6,2950,10,4-1,480,2,1-4-6,720,4,1-4,170,1
20250427,若松,9,予選,晴,北西,2,2,4,2,5303,土 井 歩 夢,49,27,6.78,2,0.12,1.54.5,4-1-6,2950,10,4-1,480,2,1-4-6,720,4,1-4,170,1
20250427,若松,9,予選,晴,北西,2,2,5,5,5351,齊 藤 廉,12,46,6.74,6,0.05,,4-1-6,2950,10,4-1,480,2,1-4-6,720,4,1-4,170,1
20250427,若松,9,予選,晴,北西,2,2,6,3,3825,宮 嵜 隆太郎,54,47,6.85,3,0.09,,4-1-6,2950,10,4-1,480,2,1-4-6,720,4,1-4,170,1
20250427,若松,10,予選特賞,晴,北西,1,1,1,1,4545,岡 村 慶 太,21,58,6.77,1,0.11,1.50.3,1-4-6,5920,26,1-4,1510,7,1-4-6,1060,5,1-4,950,4
20250427,若松,10,予選特賞,晴,北西,1,1,2,4,3352,小 川 晃 司,20,20,6.86,6,0.15,1.52.1,1-4-6,5920,26,1-4,1510,7,1-4-6,1060,5,1-4,950,4
20250427,若松,10,予選特賞,晴,北西,1,1,3,6,4861,田 中 宏 樹,32,36,6.66,5,0.12,1.52.7,1-4-6,5920,26,1-4,1510,7,1-4-6,1060,5,1-4,950,4
20250427,若松,10,予選特賞,晴,北西,1,1,4,5,4958,溝 口 海義也,6,64,6.76,4,0.13,1.54.1,1-4-6,5920,26,1-4,1510,7,1-4-6,1060,5,1-4,950,4
20250427,若松,10,予選特賞,晴,北西,1,1,5,2,5152,丸 山 祐 也,14,61,6.75,2,0.19,,1-4-6,5920,26,1-4,1510,7,1-4-6,1060,5,1-4,950,4
20250427,若松,10,予選特賞,晴,北西,1,1,6,3,4549,小 林 文 彦,58,51,6.82,3,0.18,,1-4-6,5920,26,1-4,1510,7,1-4-6,1060,5,1-4,950,4
20250427,若松,11,一般特選,晴,無風,0,0,1,1,4737,竹 井 貴 史,39,11,6.82,1,0.21,1.49.5,1-4-3,5060,15,1-4,1400,6,1-3-4,1250,4,1-4,2100,6
20250427,若松,11,一般特選,晴,無風,0,0,2,4,3434,松 尾 宣 邦,30,13,6.82,4,0.13,1.51.1,1-4-3,5060,15,1-4,1400,6,1-3-4,1250,4,1-4,2100,6
20250427,若松,11,一般特選,晴,無風,0,0,3,3,4395,下 河 雅 史,10,17,6.81,3,0.11,1.52.0,1-4-3,5060,15,1-4,1400,6,1-3-4,1250,4,1-4,2100,6
20250427,若松,11,一般特選,晴,無風,0,0,4,5,4287,今 井 貴 士,29,32,6.86,5,0.14,1.54.0,1-4-3,5060,15,1-4,1400,6,1-3-4,1250,4,1-4,2100,6
20250427,若松,11,一般特選,晴,無風,0,0,5,2,5105,富 田 恕 生,46,30,6.82,2,0.19,,1-4-3,5060,15,1-4,1400,6,1-3-4,1250,4,1-4,2100,6
20250427,若松,11,一般特選,晴,無風,0,0,6,6,4474,渡 辺 崇,62,62,6.87,6,0.17,,1-4-3,5060,15,1-4,1400,6,1-3-4,1250,4,1-4,2100,6
20250427,下関,12,一般特選,晴,北,1,1,1,1,4451,松 崎 祐太郎,28,63,6.85,1,0.10,1.50.2,1-2-3,1300,2,1-2,390,1,1-2-3,510,1,1-2,290,1
20250427,下関,12,一般特選,晴,北,1,1,2,2,4296,岡 崎 恭 裕,24,40,6.84,2,0.11,1.51.8,1-2-3,1300,2,1-2,390,1,1-2-3,510,1,1-2,290,1
20250427,下関,12,一般特選,晴,北,1,1,3,3,4314,青 木 幸太郎,51,71,6.88,3,0.10,1.52.5,1-2-3,1300,2,1-2,390,1,1-2-3,510,1,1-2,290,1
20250427,下関,12,一般特選,晴,北,1,1,4,5,4729,佐 藤 謙史朗,7,53,6.85,5,0.17,1.54.3,1-2-3,1300,2,1-2,390,1,1-2-3,510,1,1-2,290,1
20250427,下関,12,一般特選,晴,北,1,1,5,4,4413,水 摩 敦,5,43,6.85,4,0.10,,1-2-3,1300,2,1-2,390,1,1-2-3,510,1,1-2,290,1
20250427,下関,12,一般特選,晴,北,1,1,6,6,5158,宮 脇 遼 太,34,70,6.68,6,0.19,,1-2-3,1300,2,1-2,390,1,1-2-3,510,1,1-2,290,1
20250427,下関,1,予選,晴,南,3,3,1,3,3731,高 濱 芳 久,11,44,6.79,3,0.12,1.49.5,3-1-4,6320,26,3-1,950,5,1-3-4,1380,6,1-3,430,2
20250427,下関,1,予選,晴,南,3,3,2,1,4005,瀬 川 公 則,48,60,6.83,1,0.07,1.51.4,3-1-4,6320,26,3-1,950,5,1-3-4,1380,6,1-3,430,2
20250427,下関,1,予選,晴,南,3,3,3,4,3851,森 田 昭 彦,34,61,6.80,4,0.21,1.52.5,3-1-4,6320,26,3-1,950,5,1-3-4,1380,6,1-3,430,2
20250427,下関,1,予選,晴,南,3,3,4,2,3459,中 野 和 裕,46,64,6.77,2,0.10,1.52.8,3-1-4,6320,26,3-1,950,5,1-3-4,1380,6,1-3,430,2
20250427,下関,1,予選,晴,南,3,3,5,6,4319,三 宅 潤,67,51,6.78,6,0.25,,3-1-4,6320,26,3-1,950,5,1-3-4,1380,6,1-3,430,2
20250427,下関,1,予選,晴,南,3,3,6,5,4899,占 部 一 真,69,33,6.82,5,0.15,,3-1-4,6320,26,3-1,950,5,1-3-4,1380,6,1-3,430,2
20250427,下関,2,予選,晴,南,3,3,1,2,4693,松 下 誉 士,53,65,6.68,2,0.21,1.49.2,2-6-4,17660,42,2-6,6480,15,2-4-6,2090,8,2-6,2200,8
20250427,下関,2,予選,晴,南,3,3,2,6,5067,山 田 真 聖,44,47,6.82,6,0.18,1.50.3,2-6-4,17660,42,2-6,6480,15,2-4-6,2090,8,2-6,2200,8
20250427,下関,2,予選,晴,南,3,3,3,4,4368,山 口 隆 史,24,59,6.82,4,0.13,1.53.2,2-6-4,17660,42,2-6,6480,15,2-4-6,2090,8,2-6,2200,8
20250427,下関,2,予選,晴,南,3,3,4,3,5176,石 倉 拓 美,60,69,6.80,3,0.20,1.54.5,2-6-4,17660,42,2-6,6480,15,2-4-6,2090,8,2-6,2200,8
20250427,下関,2,予選,晴,南,3,3,5,5,4429,豊 田 泰 洋,13,19,6.79,5,0.13,,2-6-4,17660,42,2-6,6480,15,2-4-6,2090,8,2-6,2200,8
20250427,下関,2,予選,晴,南,3,3,6,1,4158,木 場 雄二郎,14,52,6.78,1,0.23,,2-6-4,17660,42,2-6,6480,15,2-4-6,2090,8,2-6,2200,8
20250427,下関,3,予選,晴,南,3,3,1,3,3752,宇 土 泰 就,35,58,6.73,3,0.07,1.48.1,3-1-2,17970,59,3-1,7740,20,1-2-3,680,3,1-3,1690,7
20250427,下関,3,予選,晴,南,3,3,2,1,4567,上 村 慎太郎,62,13,6.63,1,0.08,1.49.9,3-1-2,17970,59,3-1,7740,20,1-2-3,680,3,1-3,1690,7
20250427,下関,3,予選,晴,南,3,3,3,2,4361,柳 生 泰 二,41,36,6.74,2,0.10,1.51.9,3-1-2,17970,59,3-1,7740,20,1-2-3,680,3,1-3,1690,7
20250427,下関,3,予選,晴,南,3,3,4,4,4873,蒲 原 健 太,31,20,6.68,4,0.06,1.53.2,3-1-2,17970,59,3-1,7740,20,1-2-3,680,3,1-3,1690,7
20250427,下関,3,予選,晴,南,3,3,5,5,5027,重 冨 勇 哉,58,73,6.62,5,0.05,,3-1-2,17970,59,3-1,7740,20,1-2-3,680,3,1-3,1690,7
20250427,下関,3,予選,晴,南,3,3,6,6,5000,岡 本 翔太郎,65,32,6.66,6,0.08,,3-1-2,17970,59,3-1,7740,20,1-2-3,680,3,1-3,1690,7
20250427,下関,4,予選,晴,南,2,2,1,5,4410,井 上 大 輔,38,16,6.71,6,0.22,1.49.3,5-3-6,28830,69,5-3,4930,17,3-5-6,3620,12,3-5,1980,6
20250427,下関,4,予選,晴,南,2,2,2,3,4703,森 永 隆,57,70,6.70,3,0.28,1.50.1,5-3-6,28830,69,5-3,4930,17,3-5-6,3620,12,3-5,1980,6
20250427,下関,4,予選,晴,南,2,2,3,6,3882,新 田 智 彰,64,12,6.78,4,0.22,1.51.5,5-3-6,28830,69,5-3,4930,17,3-5-6,3620,12,3-5,1980,6
20250427,下関,4,予選,晴,南,2,2,4,1,4846,佐 藤 駿 介,30,57,6.67,1,0.25,1.52.2,5-3-6,28830,69,5-3,4930,17,3-5-6,3620,12,3-5,1980,6
20250427,下関,4,予選,晴,南,2,2,5,2,3576,白 水 勝 也,70,46,6.76,2,0.29,,5-3-6,28830,69,5-3,4930,17,3-5-6,3620,12,3-5,1980,6
20250427,下関,4,予選,晴,南,2,2,6,4,4708,半 田 尚 也,68,14,6.79,5,0.23,,5-3-6,28830,69,5-3,4930,17,3-5-6,3620,12,3-5,1980,6
20250427,下関,5,長州ファイブ,晴,南,2,2,1,3,4064,原 田 篤 志,71,15,6.73,3,0.13,1.48.8,3-4-5,10090,23,3-4,1630,5,3-4-5,2840,8,3-4,1610,4
20250427,下関,5,長州ファイブ,晴,南,2,2,2,4,4069,山 本 修 一,26,62,6.77,4,0.10,1.49.3,3-4-5,10090,23,3-4,1630,5,3-4-5,2840,8,3-4,1610,4
20250427,下関,5,長州ファイブ,晴,南,2,2,3,5,3901,松 田 憲 幸,19,63,6.83,5,0.16,1.52.3,3-4-5,10090,23,3-4,1630,5,3-4-5,2840,8,3-4,1610,4
20250427,下関,5,長州ファイブ,晴,南,2,2,4,1,3837,秋 山 広 一,56,31,6.69,1,0.25,1.52.8,3-4-5,10090,23,3-4,1630,5,3-4-5,2840,8,3-4,1610,4
20250427,下関,5,長州ファイブ,晴,南,2,2,5,2,3878,胡 本 悟 志,33,48,6.77,2,0.28,,3-4-5,10090,23,3-4,1630,5,3-4-5,2840,8,3-4,1610,4
20250427,下関,5,長州ファイブ,晴,南,2,2,6,6,5375,庄 島 潤 成,16,43,6.77,6,0.15,,3-4-5,10090,23,3-4,1630,5,3-4-5,2840,8,3-4,1610,4
20250427,下関,6,予選,晴,南西,3,3,1,2,4429,豊 田 泰 洋,13,19,6.75,2,0.33,1.57.3,2-6-5,96200,106,2-6,7780,19,2-5-6,13420,20,2-6,3630,11
20250427,下関,6,予選,晴,南西,3,3,2,6,4324,海 野 康志郎,37,30,6.77,5,0.22,2.01.0,2-6-5,96200,106,2-6,7780,19,2-5-6,13420,20,2-6,3630,11
20250427,下関,6,予選,晴,南西,3,3,3,5,4005,瀬 川 公 則,48,60,6.83,6,0.22,2.03.0,2-6-5,96200,106,2-6,7780,19,2-5-6,13420,20,2-6,3630,11
20250427,下関,6,予選,晴,南西,3,3,4,4,4871,菊 池 宏 志,36,66,6.70,4,0.34,2.05.9,2-6-5,96200,106,2-6,7780,19,2-5-6,13420,20,2-6,3630,11
20250427,下関,6,予選,晴,南西,3,3,5,3,4822,百 武 翔,21,71,6.82,3,0.28,,2-6-5,96200,106,2-6,7780,19,2-5-6,13420,20,2-6,3630,11
20250427,下関,7,ふく～る戦,晴,南西,2,2,1,5,4980,佐々木 完 太,51,56,6.61,5,0.04,1.48.5,5-1-3,3540,13,5-1,670,3,1-3-5,530,3,1-5,230,1
20250427,下関,7,ふく～る戦,晴,南西,2,2,2,1,4263,武 重 雄 介,49,49,6.74,1,0.07,1.49.5,5-1-3,3540,13,5-1,670,3,1-3-5,530,3,1-5,230,1
20250427,下関,7,ふく～る戦,晴,南西,2,2,3,3,3875,廣 中 良 一,45,72,6.71,3,0.11,1.51.4,5-1-3,3540,13,5-1,670,3,1-3-5,530,3,1-5,230,1
20250427,下関,7,ふく～る戦,晴,南西,2,2,4,4,4331,三 好 勇 人,47,21,6.70,4,0.06,1.52.1,5-1-3,3540,13,5-1,670,3,1-3-5,530,3,1-5,230,1
20250427,下関,7,ふく～る戦,晴,南西,2,2,5,6,3459,中 野 和 裕,46,64,6.74,6,0.01,,5-1-3,3540,13,5-1,670,3,1-3-5,530,3,1-5,230,1
20250427,下関,7,ふく～る戦,晴,南西,2,2,6,2,4942,柴 田 朋 哉,28,23,6.70,2,0.14,,5-1-3,3540,13,5-1,670,3,1-3-5,530,3,1-5,230,1
20250427,下関,8,予選 進入固定,晴,北東,2,2,1,1,4601,森 野 正 弘,27,37,6.69,1,0.11,1.48.7,1-4-2,770,3,1-4,390,2,1-2-4,270,1,1-4,230,1
20250427,下関,8,予選 進入固定,晴,北東,2,2,2,4,4817,渡 邉 翼,61,68,6.69,4,0.13,1.49.6,1-4-2,770,3,1-4,390,2,1-2-4,270,1,1-4,230,1
20250427,下関,8,予選 進入固定,晴,北東,2,2,3,2,3752,宇 土 泰 就,35,58,6.68,2,0.15,1.51.1,1-4-2,770,3,1-4,390,2,1-2-4,270,1,1-4,230,1
20250427,下関,8,予選 進入固定,晴,北東,2,2,4,3,3920,正 木 聖 賢,39,54,6.80,3,0.14,1.52.1,1-4-2,770,3,1-4,390,2,1-2-4,270,1,1-4,230,1
20250427,下関,8,予選 進入固定,晴,北東,2,2,5,6,4425,大 井 清 貴,43,55,6.70,6,0.11,,1-4-2,770,3,1-4,390,2,1-2-4,270,1,1-4,230,1
20250427,下関,8,予選 進入固定,晴,北東,2,2,6,5,5176,石 倉 拓 美,60,69,6.75,5,0.11,,1-4-2,770,3,1-4,390,2,1-2-4,270,1,1-4,230,1
20250427,下関,9,予選,晴,北,1,1,1,4,3514,山 一 鉄 也,29,24,6.78,4,0.12,1.48.9,4-3-1,5020,19,4-3,1690,6,1-3-4,250,1,3-4,690,3
20250427,下関,9,予選,晴,北,1,1,2,3,4410,井 上 大 輔,38,16,6.73,3,0.10,1.50.6,4-3-1,5020,19,4-3,1690,6,1-3-4,250,1,3-4,690,3
20250427,下関,9,予選,晴,北,1,1,3,1,4009,小 林 一 樹,12,67,6.80,1,0.12,1.51.5,4-3-1,5020,19,4-3,1690,6,1-3-4,250,1,3-4,690,3
20250427,下関,9,予選,晴,北,1,1,4,6,4890,石 川 諒,73,38,6.80,6,0.09,1.52.9,4-3-1,5020,19,4-3,1690,6,1-3-4,250,1,3-4,690,3
20250427,下関,9,予選,晴,北,1,1,5,5,3878,胡 本 悟 志,33,48,6.83,5,0.11,,4-3-1,5020,19,4-3,1690,6,1-3-4,250,1,3-4,690,3
20250427,下関,9,予選,晴,北,1,1,6,2,4899,占 部 一 真,69,33,6.86,2,0.19,,4-3-1,5020,19,4-3,1690,6,1-3-4,250,1,3-4,690,3
20250427,下関,10,予選,晴,南東,1,1,1,1,4064,原 田 篤 志,71,15,6.74,1,0.17,1.47.9,1-5-6,1630,6,1-5,1030,5,1-5-6,470,3,1-5,750,4
20250427,下関,10,予選,晴,南東,1,1,2,5,4368,山 口 隆 史,24,59,6.78,5,0.29,1.49.7,1-5-6,1630,6,1-5,1030,5,1-5-6,470,3,1-5,750,4
20250427,下関,10,予選,晴,南東,1,1,3,6,4703,森 永 隆,57,70,6.70,4,0.23,1.49.9,1-5-6,1630,6,1-5,1030,5,1-5-6,470,3,1-5,750,4
20250427,下関,10,予選,晴,南東,1,1,4,2,3851,森 田 昭 彦,34,61,6.75,2,0.21,1.53.1,1-5-6,1630,6,1-5,1030,5,1-5-6,470,3,1-5,750,4
20250427,下関,10,予選,晴,南東,1,1,5,4,4567,上 村 慎太郎,62,13,6.69,3,0.28,,1-5-6,1630,6,1-5,1030,5,1-5-6,470,3,1-5,750,4
20250427,下関,11,予選特選,晴,北東,1,1,1,1,4980,佐々木 完 太,51,56,6.67,1,0.24,1.48.6,1-6-2,2940,10,1-6,1320,5,1-2-6,520,3,1-6,960,4
20250427,下関,11,予選特選,晴,北東,1,1,2,6,4873,蒲 原 健 太,31,20,6.76,3,0.18,1.49.4,1-6-2,2940,10,1-6,1320,5,1-2-6,520,3,1-6,960,4
20250427,下関,11,予選特選,晴,北東,1,1,3,2,4324,海 野 康志郎,37,30,6.76,2,0.17,1.52.0,1-6-2,2940,10,1-6,1320,5,1-2-6,520,3,1-6,960,4
20250427,下関,11,予選特選,晴,北東,1,1,4,3,4693,松 下 誉 士,53,65,6.68,6,0.11,1.52.9,1-6-2,2940,10,1-6,1320,5,1-2-6,520,3,1-6,960,4
20250427,下関,11,予選特選,晴,北東,1,1,5,4,4319,三 宅 潤,67,51,6.78,4,0.13,,1-6-2,2940,10,1-6,1320,5,1-2-6,520,3,1-6,960,4
20250427,下関,11,予選特選,晴,北東,1,1,6,5,4708,半 田 尚 也,68,14,6.83,5,0.14,,1-6-2,2940,10,1-6,1320,5,1-2-6,520,3,1-6,960,4
20250427,徳山,12,ＧＷ特選,晴,北東,2,2,1,1,4361,柳 生 泰 二,41,36,6.76,1,0.14,1.48.3,1-3-4,940,4,1-3,340,2,1-3-4,670,3,1-3,300,2
20250427,徳山,12,ＧＷ特選,晴,北東,2,2,2,3,4069,山 本 修 一,26,62,6.76,3,0.16,1.48.9,1-3-4,940,4,1-3,340,2,1-3-4,670,3,1-3,300,2
20250427,徳山,12,ＧＷ特選,晴,北東,2,2,3,4,3882,新 田 智 彰,64,12,6.78,4,0.14,1.50.8,1-3-4,940,4,1-3,340,2,1-3-4,670,3,1-3,300,2
20250427,徳山,12,ＧＷ特選,晴,北東,2,2,4,2,4601,森 野 正 弘,27,37,6.76,2,0.10,1.51.0,1-3-4,940,4,1-3,340,2,1-3-4,670,3,1-3,300,2
20250427,徳山,12,ＧＷ特選,晴,北東,2,2,5,5,4331,三 好 勇 人,47,21,6.76,5,0.17,,1-3-4,940,4,1-3,340,2,1-3-4,670,3,1-3,300,2
20250427,徳山,12,ＧＷ特選,晴,北東,2,2,6,6,4822,百 武 翔,21,71,6.80,6,0.23,,1-3-4,940,4,1-3,340,2,1-3-4,670,3,1-3,300,2
20250427,徳山,1,朝トク予選,晴,南西,2,2,1,3,3581,加 木 郁,69,56,6.93,3,0.15,1.51.4,3-6-1,32040,56,3-6,11660,20,1-3-6,1030,6,3-6,4760,10
20250427,徳山,1,朝トク予選,晴,南西,2,2,2,6,4179,広 次 修,54,36,6.87,5,0.12,1.52.6,3-6-1,32040,56,3-6,11660,20,1-3-6,1030,6,3-6,4760,10
20250427,徳山,1,朝トク予選,晴,南西,2,2,3,1,3684,清 水 攻 二,39,20,6.99,1,0.14,1.53.1,3-6-1,32040,56,3-6,11660,20,1-3-6,1030,6,3-6,4760,10
20250427,徳山,1,朝トク予選,晴,南西,2,2,4,2,5064,品 川 二千翔,40,29,6.95,2,0.13,1.54.6,3-6-1,32040,56,3-6,11660,20,1-3-6,1030,6,3-6,4760,10
20250427,徳山,1,朝トク予選,晴,南西,2,2,5,5,5083,柳 瀬 幹 太,50,32,6.91,6,0.08,,3-6-1,32040,56,3-6,11660,20,1-3-6,1030,6,3-6,4760,10
20250427,徳山,1,朝トク予選,晴,南西,2,2,6,4,5342,原 村 百 那,64,50,6.94,4,0.22,,3-6-1,32040,56,3-6,11660,20,1-3-6,1030,6,3-6,4760,10
20250427,徳山,2,狙いトク特選,晴,南,2,2,1,1,4264,長 尾 章 平,35,41,6.92,1,0.11,1.51.1,1-4-2,600,1,1-4,300,1,1-2-4,270,1,1-4,320,2
20250427,徳山,2,狙いトク特選,晴,南,2,2,2,4,4985,井 本 昌 也,52,31,6.96,4,0.12,1.51.7,1-4-2,600,1,1-4,300,1,1-2-4,270,1,1-4,320,2
20250427,徳山,2,狙いトク特選,晴,南,2,2,3,2,3616,中 村 真,60,33,6.98,2,0.25,1.54.0,1-4-2,600,1,1-4,300,1,1-2-4,270,1,1-4,320,2
20250427,徳山,2,狙いトク特選,晴,南,2,2,4,5,4151,下 河 誉 史,56,51,6.92,5,0.19,1.54.2,1-4-2,600,1,1-4,300,1,1-2-4,270,1,1-4,320,2
20250427,徳山,2,狙いトク特選,晴,南,2,2,5,3,4396,大 田 直 弥,71,35,6.98,3,0.17,,1-4-2,600,1,1-4,300,1,1-2-4,270,1,1-4,320,2
20250427,徳山,2,狙いトク特選,晴,南,2,2,6,6,4672,守 屋 大 地,61,43,6.94,6,0.19,,1-4-2,600,1,1-4,300,1,1-2-4,270,1,1-4,320,2
20250427,徳山,3,決めトク予選,晴,南東,1,1,1,1,4239,竹 田 辰 也,59,15,6.95,1,0.05,1.51.7,1-2-6,570,1,1-2,250,1,1-2-6,290,1,1-2,260,1
20250427,徳山,3,決めトク予選,晴,南東,1,1,2,2,4045,佐々木 裕 美,31,23,6.91,2,0.09,1.52.2,1-2-6,570,1,1-2,250,1,1-2-6,290,1,1-2,260,1
20250427,徳山,3,決めトク予選,晴,南東,1,1,3,6,4357,田 中 和 也,37,71,6.95,6,0.11,1.54.0,1-2-6,570,1,1-2,250,1,1-2-6,290,1,1-2,260,1
20250427,徳山,3,決めトク予選,晴,南東,1,1,4,4,4163,山 崎 裕 司,32,16,6.95,4,0.15,1.55.6,1-2-6,570,1,1-2,250,1,1-2-6,290,1,1-2,260,1
20250427,徳山,3,決めトク予選,晴,南東,1,1,5,5,3976,内 田 圭,72,47,7.01,5,0.16,,1-2-6,570,1,1-2,250,1,1-2-6,290,1,1-2,260,1
20250427,徳山,3,決めトク予選,晴,南東,1,1,6,3,5358,増 本 杏 珠,65,69,7.01,3,0.17,,1-2-6,570,1,1-2,250,1,1-2-6,290,1,1-2,260,1
20250427,徳山,4,ガチトク予選,晴,南,1,1,1,1,4886,入 海 馨,63,63,6.90,1,0.14,1.50.7,1-5-3,920,5,1-5,240,1,1-3-5,410,2,1-5,370,2
20250427,徳山,4,ガチトク予選,晴,南,1,1,2,5,3661,柳 瀬 興 志,53,13,6.90,4,0.17,1.52.5,1-5-3,920,5,1-5,240,1,1-3-5,410,2,1-5,370,2
20250427,徳山,4,ガチトク予選,晴,南,1,1,3,3,3566,川 添 英 正,42,53,7.02,3,0.11,1.54.5,1-5-3,920,5,1-5,240,1,1-3-5,410,2,1-5,370,2
20250427,徳山,4,ガチトク予選,晴,南,1,1,4,6,4007,榮 田 将 彦,51,49,6.98,5,0.12,1.55.2,1-5-3,920,5,1-5,240,1,1-3-5,410,2,1-5,370,2
20250427,徳山,4,ガチトク予選,晴,南,1,1,5,2,5146,野 田 彩 加,68,72,6.98,2,0.13,,1-5-3,920,5,1-5,240,1,1-3-5,410,2,1-5,370,2
20250427,徳山,4,ガチトク予選,晴,南,1,1,6,4,5231,寺 田 空 詩,58,58,6.96,6,0.19,,1-5-3,920,5,1-5,240,1,1-3-5,410,2,1-5,370,2
20250427,徳山,5,買っトク予選,晴,南,2,2,1,1,3711,江 本 真 治,48,67,6.95,1,0.15,1.51.0,1-6-2,4290,16,1-6,1010,5,1-2-6,1290,6,1-6,1160,4
20250427,徳山,5,買っトク予選,晴,南,2,2,2,6,4015,前 野 竜 一,44,44,6.97,6,0.11,1.51.7,1-6-2,4290,16,1-6,1010,5,1-2-6,1290,6,1-6,1160,4
20250427,徳山,5,買っトク予選,晴,南,2,2,3,2,3273,石 田 豪,49,70,6.98,2,0.21,1.54.5,1-6-2,4290,16,1-6,1010,5,1-2-6,1290,6,1-6,1160,4
20250427,徳山,5,買っトク予選,晴,南,2,2,4,4,5238,笹 木 香 吾,33,62,6.91,4,0.12,1.55.2,1-6-2,4290,16,1-6,1010,5,1-2-6,1290,6,1-6,1160,4
20250427,徳山,5,買っトク予選,晴,南,2,2,5,5,5123,福 山 恵里奈,57,26,6.94,5,0.17,,1-6-2,4290,16,1-6,1010,5,1-2-6,1290,6,1-6,1160,4
20250427,徳山,5,買っトク予選,晴,南,2,2,6,3,4108,吉 村 正 明,62,52,6.97,3,0.23,,1-6-2,4290,16,1-6,1010,5,1-2-6,1290,6,1-6,1160,4
20250427,徳山,6,予選,晴,南西,2,2,1,1,4950,高 岡 竜 也,38,37,6.95,1,0.15,1.51.2,1-2-3,1510,7,1-2,410,2,1-2-3,530,3,1-2,400,3
20250427,徳山,6,予選,晴,南西,2,2,2,2,3350,藤 本 佳 史,34,21,6.98,2,0.14,1.51.9,1-2-3,1510,7,1-2,410,2,1-2-3,530,3,1-2,400,3
20250427,徳山,6,予選,晴,南西,2,2,3,3,5064,品 川 二千翔,40,29,6.98,3,0.19,1.53.7,1-2-3,1510,7,1-2,410,2,1-2-3,530,3,1-2,400,3
20250427,徳山,6,予選,晴,南西,2,2,4,5,4237,大 峯 豊,73,27,6.88,5,0.19,1.55.4,1-2-3,1510,7,1-2,410,2,1-2-3,530,3,1-2,400,3
20250427,徳山,6,予選,晴,南西,2,2,5,4,4672,守 屋 大 地,61,43,6.93,4,0.18,,1-2-3,1510,7,1-2,410,2,1-2-3,530,3,1-2,400,3
20250427,徳山,6,予選,晴,南西,2,2,6,6,5387,戸 田 海咲音,45,18,6.99,6,0.21,,1-2-3,1510,7,1-2,410,2,1-2-3,530,3,1-2,400,3
20250427,徳山,7,予選,晴,南西,2,2,1,2,4179,広 次 修,54,36,6.89,2,0.06,1.50.7,2-4-1,2310,9,2-4,820,5,1-2-4,320,1,2-4,490,2
20250427,徳山,7,予選,晴,南西,2,2,2,4,3897,白 井 英 治,46,45,6.98,4,0.07,1.52.2,2-4-1,2310,9,2-4,820,5,1-2-4,320,1,2-4,490,2
20250427,徳山,7,予選,晴,南西,2,2,3,1,3614,谷 勝 幸,70,60,6.98,1,0.05,1.53.6,2-4-1,2310,9,2-4,820,5,1-2-4,320,1,2-4,490,2
20250427,徳山,7,予選,晴,南西,2,2,4,5,4396,大 田 直 弥,71,35,6.99,5,0.09,1.53.9,2-4-1,2310,9,2-4,820,5,1-2-4,320,1,2-4,490,2
20250427,徳山,7,予選,晴,南西,2,2,5,3,4592,小 林 孝 弘,36,76,6.91,3,0.04,,2-4-1,2310,9,2-4,820,5,1-2-4,320,1,2-4,490,2
20250427,徳山,7,予選,晴,南西,2,2,6,6,4788,小 池 哲 也,55,73,7.00,6,0.08,,2-4-1,2310,9,2-4,820,5,1-2-4,320,1,2-4,490,2
20250427,徳山,8,予選,晴,南,2,2,1,1,3616,中 村 真,60,33,6.99,1,0.08,1.51.1,1-2-4,500,1,1-2,310,1,1-2-4,210,1,1-2,230,1
20250427,徳山,8,予選,晴,南,2,2,2,2,5145,島 川 海 輝,67,12,6.89,2,0.07,1.53.2,1-2-4,500,1,1-2,310,1,1-2-4,210,1,1-2,230,1
20250427,徳山,8,予選,晴,南,2,2,3,4,3684,清 水 攻 二,39,20,7.01,4,0.06,1.54.2,1-2-4,500,1,1-2,310,1,1-2-4,210,1,1-2,230,1
20250427,徳山,8,予選,晴,南,2,2,4,3,4251,川 崎 誠 志,43,38,7.01,3,0.09,1.55.3,1-2-4,500,1,1-2,310,1,1-2-4,210,1,1-2,230,1
20250427,徳山,8,予選,晴,南,2,2,5,5,4007,榮 田 将 彦,51,49,6.98,5,0.07,,1-2-4,500,1,1-2,310,1,1-2-4,210,1,1-2,230,1
20250427,徳山,8,予選,晴,南,2,2,6,6,5391,出 穂 和 鼓,41,46,6.98,6,0.25,,1-2-4,500,1,1-2,310,1,1-2-4,210,1,1-2,230,1
20250427,徳山,9,狙いトク予選,晴,南西,2,2,1,1,5163,清 水 愛 海,47,39,6.95,1,0.19,1.56.7,1-3-4,1400,7,1-3,300,2,1-3-4,790,4,1-3,300,2
20250427,徳山,9,狙いトク予選,晴,南西,2,2,2,3,5146,野 田 彩 加,68,72,6.96,3,0.19,1.59.5,1-3-4,1400,7,1-3,300,2,1-3-4,790,4,1-3,300,2
20250427,徳山,9,狙いトク予選,晴,南西,2,2,3,4,4479,矢 野 真梨菜,74,25,6.98,4,0.12,2.01.6,1-3-4,1400,7,1-3,300,2,1-3-4,790,4,1-3,300,2
20250427,徳山,9,狙いトク予選,晴,南西,2,2,4,6,5342,原 村 百 那,64,50,6.98,6,0.12,2.05.4,1-3-4,1400,7,1-3,300,2,1-3-4,790,4,1-3,300,2
20250427,徳山,9,狙いトク予選,晴,南西,2,2,5,5,4045,佐々木 裕 美,31,23,6.93,5,0.13,,1-3-4,1400,7,1-3,300,2,1-3-4,790,4,1-3,300,2
20250427,徳山,10,予選,晴,南,2,2,1,3,3715,倉 尾 大 介,66,68,6.95,3,0.08,1.50.6,3-4-2,10280,30,3-4,5660,14,2-3-4,1290,6,3-4,1570,6
20250427,徳山,10,予選,晴,南,2,2,2,4,4264,長 尾 章 平,35,41,6.98,4,0.11,1.52.9,3-4-2,10280,30,3-4,5660,14,2-3-4,1290,6,3-4,1570,6
20250427,徳山,10,予選,晴,南,2,2,3,2,4108,吉 村 正 明,62,52,6.98,2,0.12,1.54.3,3-4-2,10280,30,3-4,5660,14,2-3-4,1290,6,3-4,1570,6
20250427,徳山,10,予選,晴,南,2,2,4,1,5083,柳 瀬 幹 太,50,32,6.91,1,0.12,1.55.2,3-4-2,10280,30,3-4,5660,14,2-3-4,1290,6,3-4,1570,6
20250427,徳山,10,予選,晴,南,2,2,5,5,4163,山 崎 裕 司,32,16,6.95,5,0.16,,3-4-2,10280,30,3-4,5660,14,2-3-4,1290,6,3-4,1570,6
20250427,徳山,10,予選,晴,南,2,2,6,6,5387,戸 田 海咲音,45,18,6.98,6,0.23,,3-4-2,10280,30,3-4,5660,14,2-3-4,1290,6,3-4,1570,6
20250427,徳山,11,予選,晴,南,3,3,1,3,3897,白 井 英 治,46,45,6.91,3,0.14,1.50.6,3-5-4,2890,11,3-5,1050,5,3-4-5,910,4,3-5,1230,4
20250427,徳山,11,予選,晴,南,3,3,2,5,4950,高 岡 竜 也,38,37,6.96,5,0.11,1.52.2,3-5-4,2890,11,3-5,1050,5,3-4-5,910,4,3-5,1230,4
20250427,徳山,11,予選,晴,南,3,3,3,4,4151,下 河 誉 史,56,51,6.89,4,0.13,1.53.7,3-5-4,2890,11,3-5,1050,5,3-4-5,910,4,3-5,1230,4
20250427,徳山,11,予選,晴,南,3,3,4,1,3581,加 木 郁,69,56,6.99,1,0.18,1.54.1,3-5-4,2890,11,3-5,1050,5,3-4-5,910,4,3-5,1230,4
20250427,徳山,11,予選,晴,南,3,3,5,2,3566,川 添 英 正,42,53,6.98,2,0.17,,3-5-4,2890,11,3-5,1050,5,3-4-5,910,4,3-5,1230,4
20250427,徳山,11,予選,晴,南,3,3,6,6,3273,石 田 豪,49,70,6.98,6,0.07,,3-5-4,2890,11,3-5,1050,5,3-4-5,910,4,3-5,1230,4
20250427,宮島,12,ドリーム戦,晴,南西,3,3,1,1,4237,大 峯 豊,73,27,6.88,1,0.09,1.50.7,1-2-3,660,1,1-2,240,1,1-2-3,340,1,1-2,240,1
20250427,宮島,12,ドリーム戦,晴,南西,3,3,2,2,4015,前 野 竜 一,44,44,6.97,2,0.07,1.51.3,1-2-3,660,1,1-2,240,1,1-2-3,340,1,1-2,240,1
20250427,宮島,12,ドリーム戦,晴,南西,3,3,3,3,4239,竹 田 辰 也,59,15,6.99,3,0.09,1.53.3,1-2-3,660,1,1-2,240,1,1-2-3,340,1,1-2,240,1
20250427,宮島,12,ドリーム戦,晴,南西,3,3,4,5,4886,入 海 馨,63,63,6.98,5,0.11,1.53.8,1-2-3,660,1,1-2,240,1,1-2-3,340,1,1-2,240,1
20250427,宮島,12,ドリーム戦,晴,南西,3,3,5,4,4788,小 池 哲 也,55,73,7.00,4,0.12,,1-2-3,660,1,1-2,240,1,1-2-3,340,1,1-2,240,1
20250427,宮島,12,ドリーム戦,晴,南西,3,3,6,6,5145,島 川 海 輝,67,12,6.93,6,0.09,,1-2-3,660,1,1-2,240,1,1-2-3,340,1,1-2,240,1
20250427,宮島,1,ファーストＢ,晴,東,3,3,1,1,4738,清 埜 翔 子,36,15,6.67,1,0.12,1.48.6,1-2-6,780,2,1-2,400,2,1-2-6,210,1,1-2,280,2
20250427,宮島,1,ファーストＢ,晴,東,3,3,2,2,5280,廣 瀬 凜,68,75,6.75,3,0.15,1.51.8,1-2-6,780,2,1-2,400,2,1-2-6,210,1,1-2,280,2
20250427,宮島,1,ファーストＢ,晴,東,3,3,3,6,4578,藤 山 雅 弘,73,79,6.73,2,0.17,1.53.3,1-2-6,780,2,1-2,400,2,1-2-6,210,1,1-2,280,2
20250427,宮島,1,ファーストＢ,晴,東,3,3,4,4,3414,加 瀬 智 宏,60,78,6.72,5,0.13,1.54.5,1-2-6,780,2,1-2,400,2,1-2-6,210,1,1-2,280,2
20250427,宮島,1,ファーストＢ,晴,東,3,3,5,3,3528,笠 野 友紀恵,26,33,6.73,4,0.13,1.54.6,1-2-6,780,2,1-2,400,2,1-2-6,210,1,1-2,280,2
20250427,宮島,1,ファーストＢ,晴,東,3,3,6,5,4995,田 邉 亮 蔵,20,21,6.74,6,0.11,1.55.2,1-2-6,780,2,1-2,400,2,1-2-6,210,1,1-2,280,2
20250427,宮島,2,一般戦,晴,東,2,2,1,1,5205,刑 部 亜里紗,28,70,6.66,1,0.07,1.54.0,1-3-5,1400,4,1-3,390,1,1-3-5,900,6,1-3,380,2
20250427,宮島,2,一般戦,晴,東,2,2,2,3,4666,日 笠 勝 弘,31,30,6.73,3,0.23,1.57.9,1-3-5,1400,4,1-3,390,1,1-3-5,900,6,1-3,380,2
20250427,宮島,2,一般戦,晴,東,2,2,3,5,4917,岩 橋 裕 馬,53,73,6.69,5,0.15,2.01.2,1-3-5,1400,4,1-3,390,1,1-3-5,900,6,1-3,380,2
20250427,宮島,2,一般戦,晴,東,2,2,4,2,3477,近 藤 稔 也,13,20,6.75,2,0.11,2.03.2,1-3-5,1400,4,1-3,390,1,1-3-5,900,6,1-3,380,2
20250427,宮島,2,一般戦,晴,東,2,2,5,6,3489,大 場 敏,27,53,6.76,6,0.19,2.05.8,1-3-5,1400,4,1-3,390,1,1-3-5,900,6,1-3,380,2
20250427,宮島,3,一般戦,晴,南西,3,3,1,3,3562,山 下 和 彦,23,60,6.65,3,0.20,1.49.4,3-1-2,4450,16,3-1,850,4,1-2-3,410,2,1-3,290,1
20250427,宮島,3,一般戦,晴,南西,3,3,2,1,4562,阪 本 勇 介,37,51,6.60,1,0.19,1.50.4,3-1-2,4450,16,3-1,850,4,1-2-3,410,2,1-3,290,1
20250427,宮島,3,一般戦,晴,南西,3,3,3,2,4639,雑 賀 勇 貴,21,81,6.60,2,0.21,1.51.9,3-1-2,4450,16,3-1,850,4,1-2-3,410,2,1-3,290,1
20250427,宮島,3,一般戦,晴,南西,3,3,4,6,3713,伊 藤 誠 二,14,19,6.64,6,0.24,1.53.4,3-1-2,4450,16,3-1,850,4,1-2-3,410,2,1-3,290,1
20250427,宮島,3,一般戦,晴,南西,3,3,5,5,4189,川 上 剛,72,26,6.59,5,0.23,1.54.8,3-1-2,4450,16,3-1,850,4,1-2-3,410,2,1-3,290,1
20250427,宮島,3,一般戦,晴,南西,3,3,6,4,5306,河 内 悠利杏,22,18,6.63,4,0.33,1.57.1,3-1-2,4450,16,3-1,850,4,1-2-3,410,2,1-3,290,1
20250427,宮島,4,ランチタイム,晴,南西,3,3,1,4,4863,三 浦 裕 貴,77,11,6.68,4,0.07,1.49.9,4-6-1,3140,14,4-6,1470,5,1-4-6,330,1,4-6,1260,5
20250427,宮島,4,ランチタイム,晴,南西,3,3,2,6,4566,塩 田 北 斗,63,32,6.63,6,0.13,1.50.7,4-6-1,3140,14,4-6,1470,5,1-4-6,330,1,4-6,1260,5
20250427,宮島,4,ランチタイム,晴,南西,3,3,3,1,3873,別 府 昌 樹,18,39,6.70,1,0.14,1.52.3,4-6-1,3140,14,4-6,1470,5,1-4-6,330,1,4-6,1260,5
20250427,宮島,4,ランチタイム,晴,南西,3,3,4,5,3503,堂 原 洋 史,67,37,6.63,5,0.12,1.53.2,4-6-1,3140,14,4-6,1470,5,1-4-6,330,1,4-6,1260,5
20250427,宮島,4,ランチタイム,晴,南西,3,3,5,2,4180,上 野 秀 和,75,28,6.65,2,0.15,1.54.8,4-6-1,3140,14,4-6,1470,5,1-4-6,330,1,4-6,1260,5
20250427,宮島,4,ランチタイム,晴,南西,3,3,6,3,4740,齋 藤 達 希,24,14,6.62,3,0.14,1.56.2,4-6-1,3140,14,4-6,1470,5,1-4-6,330,1,4-6,1260,5
20250427,宮島,5,一般戦,晴,南西,2,2,1,5,5350,網 代 良 芽,56,29,6.64,5,0.06,1.49.9,5-1-4,80850,65,5-1,17820,21,1-4-5,2040,7,1-5,1510,5
20250427,宮島,5,一般戦,晴,南西,2,2,2,1,4305,金 子 拓 矢,33,59,6.72,1,0.15,1.50.8,5-1-4,80850,65,5-1,17820,21,1-4-5,2040,7,1-5,1510,5
20250427,宮島,5,一般戦,晴,南西,2,2,3,4,4420,津久井 拓 也,65,69,6.69,4,0.14,1.52.5,5-1-4,80850,65,5-1,17820,21,1-4-5,2040,7,1-5,1510,5
20250427,宮島,5,一般戦,晴,南西,2,2,4,3,3519,冨 田 秀 幸,34,62,6.68,3,0.16,1.53.6,5-1-4,80850,65,5-1,17820,21,1-4-5,2040,7,1-5,1510,5
20250427,宮島,5,一般戦,晴,南西,2,2,5,2,3334,角 ひとみ,55,56,6.63,2,0.20,1.55.0,5-1-4,80850,65,5-1,17820,21,1-4-5,2040,7,1-5,1510,5
20250427,宮島,5,一般戦,晴,南西,2,2,6,6,4520,高 倉 孝 太,79,17,6.66,6,0.10,1.57.7,5-1-4,80850,65,5-1,17820,21,1-4-5,2040,7,1-5,1510,5
20250427,宮島,6,一般戦,晴,無風,0,1,1,1,4530,小 野 生 奈,58,16,6.72,1,0.14,1.49.3,1-3-5,1220,3,1-3,490,3,1-3-5,560,2,1-3,470,3
20250427,宮島,6,一般戦,晴,無風,0,1,2,3,3414,加 瀬 智 宏,60,78,6.69,3,0.07,1.51.3,1-3-5,1220,3,1-3,490,3,1-3-5,560,2,1-3,470,3
20250427,宮島,6,一般戦,晴,無風,0,1,3,5,4052,興 津 藍,81,71,6.67,5,0.12,1.52.1,1-3-5,1220,3,1-3,490,3,1-3-5,560,2,1-3,470,3
20250427,宮島,6,一般戦,晴,無風,0,1,4,4,5280,廣 瀬 凜,68,75,6.71,4,0.13,1.52.9,1-3-5,1220,3,1-3,490,3,1-3-5,560,2,1-3,470,3
20250427,宮島,6,一般戦,晴,無風,0,1,5,2,4666,日 笠 勝 弘,31,30,6.69,2,0.14,1.56.0,1-3-5,1220,3,1-3,490,3,1-3-5,560,2,1-3,470,3
20250427,宮島,6,一般戦,晴,無風,0,1,6,6,4000,松 本 博 昭,38,23,6.70,6,0.12,2.01.5,1-3-5,1220,3,1-3,490,3,1-3-5,560,2,1-3,470,3
20250427,宮島,7,一般戦,晴,東,1,1,1,5,5243,三 馬 崇 史,78,74,6.73,5,0.19,1.49.0,5-1-6,9320,31,5-1,3570,10,1-5-6,1250,4,1-5,870,3
20250427,宮島,7,一般戦,晴,東,1,1,2,1,3852,澤 大 介,32,34,6.71,1,0.17,1.50.9,5-1-6,9320,31,5-1,3570,10,1-5-6,1250,4,1-5,870,3
20250427,宮島,7,一般戦,晴,東,1,1,3,6,4623,中 北 将 史,19,61,6.68,6,0.22,1.52.5,5-1-6,9320,31,5-1,3570,10,1-5-6,1250,4,1-5,870,3
20250427,宮島,7,一般戦,晴,東,1,1,4,4,3562,山 下 和 彦,23,60,6.75,4,0.13,1.52.9,5-1-6,9320,31,5-1,3570,10,1-5-6,1250,4,1-5,870,3
20250427,宮島,7,一般戦,晴,東,1,1,5,3,4995,田 邉 亮 蔵,20,21,6.76,3,0.14,1.55.2,5-1-6,9320,31,5-1,3570,10,1-5-6,1250,4,1-5,870,3
20250427,宮島,7,一般戦,晴,東,1,1,6,2,5306,河 内 悠利杏,22,18,6.70,2,0.15,1.56.1,5-1-6,9320,31,5-1,3570,10,1-5-6,1250,4,1-5,870,3
20250427,宮島,8,一般戦,晴,南,2,2,1,1,5241,門 田 栞,70,64,6.70,1,0.00,1.47.9,1-2-4,1220,6,1-2,450,3,1-2-4,370,2,1-2,550,3
20250427,宮島,8,一般戦,晴,南,2,2,2,2,3503,堂 原 洋 史,67,37,6.77,2,0.08,1.51.0,1-2-4,1220,6,1-2,450,3,1-2-4,370,2,1-2,550,3
20250427,宮島,8,一般戦,晴,南,2,2,3,4,3713,伊 藤 誠 二,14,19,6.79,4,0.20,1.52.3,1-2-4,1220,6,1-2,450,3,1-2-4,370,2,1-2,550,3
20250427,宮島,8,一般戦,晴,南,2,2,4,3,4917,岩 橋 裕 馬,53,73,6.75,3,0.16,1.52.5,1-2-4,1220,6,1-2,450,3,1-2-4,370,2,1-2,550,3
20250427,宮島,8,一般戦,晴,南,2,2,5,6,3528,笠 野 友紀恵,26,33,6.79,6,0.21,1.54.3,1-2-4,1220,6,1-2,450,3,1-2-4,370,2,1-2,550,3
20250427,宮島,8,一般戦,晴,南,2,2,6,5,3477,近 藤 稔 也,13,20,6.82,5,0.22,1.55.8,1-2-4,1220,6,1-2,450,3,1-2-4,370,2,1-2,550,3
20250427,宮島,9,特選,晴,東,1,1,1,2,4578,藤 山 雅 弘,73,79,6.76,2,0.10,1.49.7,2-1-4,2920,9,2-1,890,4,1-2-4,340,1,1-2,200,1
20250427,宮島,9,特選,晴,東,1,1,2,1,4420,津久井 拓 也,65,69,6.77,1,0.15,1.51.3,2-1-4,2920,9,2-1,890,4,1-2-4,340,1,1-2,200,1
20250427,宮島,9,特選,晴,東,1,1,3,4,5205,刑 部 亜里紗,28,70,6.79,4,0.09,1.52.2,2-1-4,2920,9,2-1,890,4,1-2-4,340,1,1-2,200,1
20250427,宮島,9,特選,晴,東,1,1,4,6,4863,三 浦 裕 貴,77,11,6.79,6,0.06,1.53.4,2-1-4,2920,9,2-1,890,4,1-2-4,340,1,1-2,200,1
20250427,宮島,9,特選,晴,東,1,1,5,3,4639,雑 賀 勇 貴,21,81,6.75,3,0.18,1.55.0,2-1-4,2920,9,2-1,890,4,1-2-4,340,1,1-2,200,1
20250427,宮島,9,特選,晴,東,1,1,6,5,3519,冨 田 秀 幸,34,62,6.82,5,0.09,1.56.9,2-1-4,2920,9,2-1,890,4,1-2-4,340,1,1-2,200,1
20250427,宮島,10,選抜戦,晴,南西,2,2,1,1,3489,大 場 敏,27,53,6.77,1,0.12,1.49.3,1-3-4,1220,4,1-3,430,2,1-3-4,870,3,1-3,470,2
20250427,宮島,10,選抜戦,晴,南西,2,2,2,3,3873,別 府 昌 樹,18,39,6.82,3,0.14,1.50.8,1-3-4,1220,4,1-3,430,2,1-3-4,870,3,1-3,470,2
20250427,宮島,10,選抜戦,晴,南西,2,2,3,4,4738,清 埜 翔 子,36,15,6.76,4,0.15,1.51.9,1-3-4,1220,4,1-3,430,2,1-3-4,870,3,1-3,470,2
20250427,宮島,10,選抜戦,晴,南西,2,2,4,6,3334,角 ひとみ,55,56,6.74,6,0.12,1.53.5,1-3-4,1220,4,1-3,430,2,1-3-4,870,3,1-3,470,2
20250427,宮島,10,選抜戦,晴,南西,2,2,5,5,4562,阪 本 勇 介,37,51,6.77,5,0.15,1.54.5,1-3-4,1220,4,1-3,430,2,1-3-4,870,3,1-3,470,2
20250427,宮島,10,選抜戦,晴,南西,2,2,6,2,4052,興 津 藍,81,71,6.78,2,0.14,2.02.1,1-3-4,1220,4,1-3,430,2,1-3-4,870,3,1-3,470,2
20250427,宮島,11,選抜戦,晴,南,1,1,1,1,4566,塩 田 北 斗,63,32,6.74,1,0.05,1.48.9,1-3-4,1040,3,1-3,220,1,1-3-4,660,2,1-3,150,1
20250427,宮島,11,選抜戦,晴,南,1,1,2,3,4305,金 子 拓 矢,33,59,6.80,3,0.07,1.50.0,1-3-4,1040,3,1-3,220,1,1-3-4,660,2,1-3,150,1
20250427,宮島,11,選抜戦,晴,南,1,1,3,4,5241,門 田 栞,70,64,6.71,4,0.20,1.51.9,1-3-4,1040,3,1-3,220,1,1-3-4,660,2,1-3,150,1
20250427,宮島,11,選抜戦,晴,南,1,1,4,2,4189,川 上 剛,72,26,6.76,2,0.04,1.53.9,1-3-4,1040,3,1-3,220,1,1-3-4,660,2,1-3,150,1
20250427,宮島,11,選抜戦,晴,南,1,1,5,6,4530,小 野 生 奈,58,16,6.77,6,0.18,1.54.1,1-3-4,1040,3,1-3,220,1,1-3-4,660,2,1-3,150,1
20250427,宮島,11,選抜戦,晴,南,1,1,6,5,3852,澤 大 介,32,34,6.78,5,0.19,1.56.6,1-3-4,1040,3,1-3,220,1,1-3-4,660,2,1-3,150,1
20250427,鳴門,12,優勝戦,晴,東,1,1,1,1,4418,茅 原 悠 紀,71,54,6.72,1,0.09,1.48.1,1-4-3,1650,7,1-4,520,3,1-3-4,480,2,1-4,520,3
20250427,鳴門,12,優勝戦,晴,東,1,1,2,4,3983,須 藤 博 倫,82,67,6.75,4,0.14,1.50.4,1-4-3,1650,7,1-4,520,3,1-3-4,480,2,1-4,520,3
20250427,鳴門,12,優勝戦,晴,東,1,1,3,3,4262,馬 場 貴 也,25,58,6.79,3,0.14,1.51.6,1-4-3,1650,7,1-4,520,3,1-3-4,480,2,1-4,520,3
20250427,鳴門,12,優勝戦,晴,東,1,1,4,2,4787,椎 名 豊,59,36,6.77,2,0.14,1.52.6,1-4-3,1650,7,1-4,520,3,1-3-4,480,2,1-4,520,3
20250427,鳴門,12,優勝戦,晴,東,1,1,5,6,4208,三 浦 永 理,12,52,6.76,6,0.18,1.54.3,1-4-3,1650,7,1-4,520,3,1-3-4,480,2,1-4,520,3
20250427,鳴門,12,優勝戦,晴,東,1,1,6,5,4168,石 野 貴 之,51,76,6.80,5,0.25,1.56.5,1-4-3,1650,7,1-4,520,3,1-3-4,480,2,1-4,520,3
20250427,鳴門,1,とるならなる,晴,南東,1,1,1,1,4450,平 高 奈 菜,83,72,6.80,1,0.20,1.47.1,1-3-2,840,4,1-3,180,1,1-2-3,440,2,1-3,230,1
20250427,鳴門,1,とるならなる,晴,南東,1,1,2,3,5156,坂 野 さくら,33,32,6.80,3,0.15,1.49.8,1-3-2,840,4,1-3,180,1,1-2-3,440,2,1-3,230,1
20250427,鳴門,1,とるならなる,晴,南東,1,1,3,2,4775,千 葉 真 弥,65,82,6.91,2,0.19,1.51.6,1-3-2,840,4,1-3,180,1,1-2-3,440,2,1-3,230,1
20250427,鳴門,1,とるならなる,晴,南東,1,1,4,4,5117,冨名腰 桃 奈,36,50,6.77,4,0.18,1.52.1,1-3-2,840,4,1-3,180,1,1-2-3,440,2,1-3,230,1
20250427,鳴門,1,とるならなる,晴,南東,1,1,5,6,5003,来 田 衣 織,58,64,6.79,5,0.16,,1-3-2,840,4,1-3,180,1,1-2-3,440,2,1-3,230,1
20250427,鳴門,1,とるならなる,晴,南東,1,1,6,5,5367,赤 松 咲 香,81,84,6.89,6,0.16,,1-3-2,840,4,1-3,180,1,1-2-3,440,2,1-3,230,1
20250427,鳴門,2,どーなるなる,晴,東,3,3,1,2,4373,若 狭 奈美子,76,38,6.78,3,0.11,1.47.6,2-6-3,2480,10,2-6,1340,6,2-3-6,490,2,2-6,590,3
20250427,鳴門,2,どーなるなる,晴,東,3,3,2,6,4689,豊 田 結,63,60,6.81,5,0.20,1.49.8,2-6-3,2480,10,2-6,1340,6,2-3-6,490,2,2-6,590,3
20250427,鳴門,2,どーなるなる,晴,東,3,3,3,3,3470,新 田 芳 美,72,58,6.78,4,0.15,1.51.6,2-6-3,2480,10,2-6,1340,6,2-3-6,490,2,2-6,590,3
20250427,鳴門,2,どーなるなる,晴,東,3,3,4,1,4843,深 尾 巴 恵,78,70,6.71,1,0.26,1.52.6,2-6-3,2480,10,2-6,1340,6,2-3-6,490,2,2-6,590,3
20250427,鳴門,2,どーなるなる,晴,東,3,3,5,4,4874,池 田 奈津美,34,80,6.77,2,0.18,,2-6-3,2480,10,2-6,1340,6,2-3-6,490,2,2-6,590,3
20250427,鳴門,2,どーなるなる,晴,東,3,3,6,5,5380,野 田 亜 湖,51,54,6.87,6,0.35,,2-6-3,2480,10,2-6,1340,6,2-3-6,490,2,2-6,590,3
20250427,鳴門,3,どきどきなる,晴,東,3,3,1,3,4764,小 池 礼 乃,69,79,6.70,3,0.20,1.47.9,3-5-1,2590,12,3-5,1420,7,1-3-5,420,2,3-5,760,4
20250427,鳴門,3,どきどきなる,晴,東,3,3,2,5,4372,原 田 佑 実,50,35,6.81,5,0.16,1.48.7,3-5-1,2590,12,3-5,1420,7,1-3-5,420,2,3-5,760,4
20250427,鳴門,3,どきどきなる,晴,東,3,3,3,1,4733,赤 井 睦,31,78,6.75,1,0.17,1.51.6,3-5-1,2590,12,3-5,1420,7,1-3-5,420,2,3-5,760,4
20250427,鳴門,3,どきどきなる,晴,東,3,3,4,2,5019,柴 田 百 恵,71,65,6.74,2,0.25,1.52.9,3-5-1,2590,12,3-5,1420,7,1-3-5,420,2,3-5,760,4
20250427,鳴門,3,どきどきなる,晴,東,3,3,5,4,5291,三 嶌 こころ,68,83,6.73,4,0.21,,3-5-1,2590,12,3-5,1420,7,1-3-5,420,2,3-5,760,4
20250427,鳴門,3,どきどきなる,晴,東,3,3,6,6,5373,諏 訪 玲 奈,80,67,6.73,6,0.22,,3-5-1,2590,12,3-5,1420,7,1-3-5,420,2,3-5,760,4
20250427,鳴門,4,とにかくなる,晴,東,2,2,1,2,4963,實 森 美 祐,77,52,6.75,2,0.14,1.46.9,2-4-1,1520,7,2-4,810,4,1-2-4,310,2,2-4,660,4
20250427,鳴門,4,とにかくなる,晴,東,2,2,2,4,4714,喜多須 杏 奈,56,59,6.77,4,0.19,1.49.6,2-4-1,1520,7,2-4,810,4,1-2-4,310,2,2-4,660,4
20250427,鳴門,4,とにかくなる,晴,東,2,2,3,1,5013,山 下 夏 鈴,37,63,6.81,1,0.23,1.51.6,2-4-1,1520,7,2-4,810,4,1-2-4,310,2,2-4,660,4
20250427,鳴門,4,とにかくなる,晴,東,2,2,4,3,4878,西 岡 育 未,62,37,6.77,3,0.15,1.52.7,2-4-1,1520,7,2-4,810,4,1-2-4,310,2,2-4,660,4
20250427,鳴門,4,とにかくなる,晴,東,2,2,5,5,5296,永 田 楽,38,68,6.79,5,0.23,,2-4-1,1520,7,2-4,810,4,1-2-4,310,2,2-4,660,4
20250427,鳴門,4,とにかくなる,晴,東,2,2,6,6,5389,恵 良 琴 美,55,71,6.81,6,0.21,,2-4-1,1520,7,2-4,810,4,1-2-4,310,2,2-4,660,4
20250427,鳴門,5,予選,晴,南東,2,2,1,3,3618,海 野 ゆかり,84,39,6.86,3,0.11,1.47.9,3-1-2,4950,26,3-1,1260,10,1-2-3,560,3,1-3,690,6
20250427,鳴門,5,予選,晴,南東,2,2,2,1,5117,冨名腰 桃 奈,36,50,6.74,1,0.19,1.50.1,3-1-2,4950,26,3-1,1260,10,1-2-3,560,3,1-3,690,6
20250427,鳴門,5,予選,晴,南東,2,2,3,2,5118,野 田 なづき,59,51,6.74,2,0.16,1.50.7,3-1-2,4950,26,3-1,1260,10,1-2-3,560,3,1-3,690,6
20250427,鳴門,5,予選,晴,南東,2,2,4,5,4844,村 上 奈 穂,74,31,6.83,5,0.13,1.52.1,3-1-2,4950,26,3-1,1260,10,1-2-3,560,3,1-3,690,6
20250427,鳴門,5,予選,晴,南東,2,2,5,4,5218,山 田 理 央,53,36,6.76,4,0.14,,3-1-2,4950,26,3-1,1260,10,1-2-3,560,3,1-3,690,6
20250427,鳴門,5,予選,晴,南東,2,2,6,6,5370,日 隈 茜,39,81,6.74,6,0.18,,3-1-2,4950,26,3-1,1260,10,1-2-3,560,3,1-3,690,6
20250427,鳴門,6,予選,晴,東,1,1,1,3,5088,高 憧 四 季,60,75,6.80,3,0.15,1.47.2,3-2-1,2330,12,3-2,930,5,1-2-3,250,1,2-3,310,1
20250427,鳴門,6,予選,晴,東,1,1,2,2,4456,鎌 倉 涼,64,74,6.83,2,0.13,1.48.5,3-2-1,2330,12,3-2,930,5,1-2-3,250,1,2-3,310,1
20250427,鳴門,6,予選,晴,東,1,1,3,1,4775,千 葉 真 弥,65,82,6.74,1,0.13,1.51.6,3-2-1,2330,12,3-2,930,5,1-2-3,250,1,2-3,310,1
20250427,鳴門,6,予選,晴,東,1,1,4,5,5346,中 村 紋夕梨,70,57,6.76,6,0.18,1.52.3,3-2-1,2330,12,3-2,930,5,1-2-3,250,1,2-3,310,1
20250427,鳴門,6,予選,晴,東,1,1,5,4,4011,堀之内 紀代子,73,77,6.73,4,0.11,,3-2-1,2330,12,3-2,930,5,1-2-3,250,1,2-3,310,1
20250427,鳴門,6,予選,晴,東,1,1,6,6,5334,樫 葉 新 心,52,62,6.80,5,0.22,,3-2-1,2330,12,3-2,930,5,1-2-3,250,1,2-3,310,1
20250427,鳴門,7,予選,晴,南東,3,3,1,4,4845,前 田 紗 希,57,61,6.73,4,0.12,1.47.2,4-3-5,4980,19,4-3,770,5,3-4-5,1550,5,3-4,310,2
20250427,鳴門,7,予選,晴,南東,3,3,2,3,4642,松 尾 夏 海,67,55,6.88,3,0.18,1.49.8,4-3-5,4980,19,4-3,770,5,3-4-5,1550,5,3-4,310,2
20250427,鳴門,7,予選,晴,南東,3,3,3,5,5291,三 嶌 こころ,68,83,6.85,5,0.23,1.51.5,4-3-5,4980,19,4-3,770,5,3-4-5,1550,5,3-4,310,2
20250427,鳴門,7,予選,晴,南東,3,3,4,1,4874,池 田 奈津美,34,80,6.68,1,0.21,1.52.4,4-3-5,4980,19,4-3,770,5,3-4-5,1550,5,3-4,310,2
20250427,鳴門,7,予選,晴,南東,3,3,5,6,5367,赤 松 咲 香,81,84,6.75,6,0.15,,4-3-5,4980,19,4-3,770,5,3-4-5,1550,5,3-4,310,2
20250427,鳴門,7,予選,晴,南東,3,3,6,2,4784,向井田 真 紀,82,53,6.81,2,0.34,,4-3-5,4980,19,4-3,770,5,3-4-5,1550,5,3-4,310,2
20250427,鳴門,8,予選,晴,東,3,3,1,1,4984,森 下 愛 梨,75,34,6.79,1,0.11,1.51.6,1-3-2,2360,12,1-3,1220,7,1-2-3,360,3,1-3,920,6
20250427,鳴門,8,予選,晴,東,3,3,2,3,5213,湯 淺 紀 香,35,69,6.81,3,0.18,1.54.4,1-3-2,2360,12,1-3,1220,7,1-2-3,360,3,1-3,920,6
20250427,鳴門,8,予選,晴,東,3,3,3,2,3611,岩 崎 芳 美,32,56,6.79,2,0.26,1.56.3,1-3-2,2360,12,1-3,1220,7,1-2-3,360,3,1-3,920,6
20250427,鳴門,8,予選,晴,東,3,3,4,5,5373,諏 訪 玲 奈,80,67,6.82,6,0.07,1.58.1,1-3-2,2360,12,1-3,1220,7,1-2-3,360,3,1-3,920,6
20250427,鳴門,8,予選,晴,東,3,3,5,4,5296,永 田 楽,38,68,6.83,4,0.09,,1-3-2,2360,12,1-3,1220,7,1-2-3,360,3,1-3,920,6
20250427,鳴門,9,特賞,晴,東,3,3,1,3,4689,豊 田 結,63,60,6.82,3,0.17,1.47.7,3-2-1,5380,22,3-2,1450,6,1-2-3,380,1,2-3,430,2
20250427,鳴門,9,特賞,晴,東,3,3,2,2,4450,平 高 奈 菜,83,72,6.76,2,0.17,1.49.6,3-2-1,5380,22,3-2,1450,6,1-2-3,380,1,2-3,430,2
20250427,鳴門,9,特賞,晴,東,3,3,3,1,4844,村 上 奈 穂,74,31,6.79,1,0.24,1.50.9,3-2-1,5380,22,3-2,1450,6,1-2-3,380,1,2-3,430,2
20250427,鳴門,9,特賞,晴,東,3,3,4,6,3645,淺 田 千亜希,66,76,6.74,6,0.21,1.53.6,3-2-1,5380,22,3-2,1450,6,1-2-3,380,1,2-3,430,2
20250427,鳴門,9,特賞,晴,東,3,3,5,5,5019,柴 田 百 恵,71,65,6.81,5,0.20,,3-2-1,5380,22,3-2,1450,6,1-2-3,380,1,2-3,430,2
20250427,鳴門,9,特賞,晴,東,3,3,6,4,5013,山 下 夏 鈴,37,63,6.82,4,0.14,,3-2-1,5380,22,3-2,1450,6,1-2-3,380,1,2-3,430,2
20250427,鳴門,10,特賞,晴,南東,3,3,1,4,4843,深 尾 巴 恵,78,70,6.70,4,0.22,1.47.6,4-1-2,4930,16,4-1,1690,7,1-2-4,480,3,1-4,580,3
20250427,鳴門,10,特賞,晴,南東,3,3,2,1,3999,大 瀧 明日香,61,66,6.76,1,0.16,1.50.4,4-1-2,4930,16,4-1,1690,7,1-2-4,480,3,1-4,580,3
20250427,鳴門,10,特賞,晴,南東,3,3,3,2,4714,喜多須 杏 奈,56,59,6.73,2,0.20,1.51.1,4-1-2,4930,16,4-1,1690,7,1-2-4,480,3,1-4,580,3
20250427,鳴門,10,特賞,晴,南東,3,3,4,3,4733,赤 井 睦,31,78,6.73,3,0.25,1.52.4,4-1-2,4930,16,4-1,1690,7,1-2-4,480,3,1-4,580,3
20250427,鳴門,10,特賞,晴,南東,3,3,5,6,5346,中 村 紋夕梨,70,57,6.76,6,0.18,,4-1-2,4930,16,4-1,1690,7,1-2-4,480,3,1-4,580,3
20250427,鳴門,10,特賞,晴,南東,3,3,6,5,5156,坂 野 さくら,33,32,6.82,5,0.18,,4-1-2,4930,16,4-1,1690,7,1-2-4,480,3,1-4,580,3
20250427,鳴門,11,特選,晴,南東,3,3,1,1,4372,原 田 佑 実,50,35,6.74,1,0.21,1.48.0,1-3-6,3700,11,1-3,360,1,1-3-6,2090,8,1-3,290,1
20250427,鳴門,11,特選,晴,南東,3,3,2,3,4011,堀之内 紀代子,73,77,6.80,3,0.17,1.49.5,1-3-6,3700,11,1-3,360,1,1-3-6,2090,8,1-3,290,1
20250427,鳴門,11,特選,晴,南東,3,3,3,6,5118,野 田 なづき,59,51,6.76,6,0.15,1.51.7,1-3-6,3700,11,1-3,360,1,1-3-6,2090,8,1-3,290,1
20250427,鳴門,11,特選,晴,南東,3,3,4,4,4878,西 岡 育 未,62,37,6.75,4,0.18,1.52.9,1-3-6,3700,11,1-3,360,1,1-3-6,2090,8,1-3,290,1
20250427,鳴門,11,特選,晴,南東,3,3,5,2,3470,新 田 芳 美,72,58,6.72,2,0.25,,1-3-6,3700,11,1-3,360,1,1-3-6,2090,8,1-3,290,1
20250427,鳴門,11,特選,晴,南東,3,3,6,5,4845,前 田 紗 希,57,61,6.80,5,0.11,,1-3-6,3700,11,1-3,360,1,1-3-6,2090,8,1-3,290,1
20250427,尼崎,12,特選,晴,東,4,4,1,4,4764,小 池 礼 乃,69,79,6.83,4,0.16,1.47.9,4-1-2,2820,11,4-1,930,4,1-2-4,390,1,1-4,260,1
20250427,尼崎,12,特選,晴,東,4,4,2,1,4963,實 森 美 祐,77,52,6.72,1,0.21,1.49.5,4-1-2,2820,11,4-1,930,4,1-2-4,390,1,1-4,260,1
20250427,尼崎,12,特選,晴,東,4,4,3,2,5218,山 田 理 央,53,36,6.77,2,0.22,1.50.7,4-1-2,2820,11,4-1,930,4,1-2-4,390,1,1-4,260,1
20250427,尼崎,12,特選,晴,東,4,4,4,5,5213,湯 淺 紀 香,35,69,6.85,5,0.18,1.52.6,4-1-2,2820,11,4-1,930,4,1-2-4,390,1,1-4,260,1
20250427,尼崎,12,特選,晴,東,4,4,5,6,4642,松 尾 夏 海,67,55,6.81,6,0.17,,4-1-2,2820,11,4-1,930,4,1-2-4,390,1,1-4,260,1
20250427,尼崎,12,特選,晴,東,4,4,6,3,5003,来 田 衣 織,58,64,6.74,3,0.46,,4-1-2,2820,11,4-1,930,4,1-2-4,390,1,1-4,260,1
20250427,尼崎,1,朝からセンプ,晴,南西,3,0,1,1,4094,中 島 真 二,15,49,6.75,1,0.28,1.49.3,1-3-2,770,1,1-3,280,1,1-2-3,220,1,1-3,300,2
20250427,尼崎,1,朝からセンプ,晴,南西,3,0,2,3,4953,尾 上 雅 也,29,46,6.76,3,0.27,1.50.0,1-3-2,770,1,1-3,280,1,1-2-3,220,1,1-3,300,2
20250427,尼崎,1,朝からセンプ,晴,南西,3,0,3,2,4209,藤 田 竜 弘,3,22,6.85,2,0.25,1.52.2,1-3-2,770,1,1-3,280,1,1-2-3,220,1,1-3,300,2
20250427,尼崎,1,朝からセンプ,晴,南西,3,0,4,4,3642,大 塚 浩 二,60,67,6.76,4,0.30,1.52.8,1-3-2,770,1,1-3,280,1,1-2-3,220,1,1-3,300,2
20250427,尼崎,1,朝からセンプ,晴,南西,3,0,5,5,4359,横 川 聖 志,11,26,6.88,5,0.28,1.53.8,1-3-2,770,1,1-3,280,1,1-2-3,220,1,1-3,300,2
20250427,尼崎,1,朝からセンプ,晴,南西,3,0,6,6,3478,嶋 田 貴 支,43,40,6.82,6,0.27,1.54.3,1-3-2,770,1,1-3,280,1,1-2-3,220,1,1-3,300,2
20250427,尼崎,2,予選,晴,南西,6,4,1,1,3977,山 本 兼 士,31,56,6.76,1,0.20,2.00.0,1-4-3,2010,5,1-4,590,2,1-3-4,470,1,1-4,430,1
20250427,尼崎,2,予選,晴,南西,6,4,2,4,4348,宮 崎 奨,51,75,6.80,4,0.09,2.02.6,1-4-3,2010,5,1-4,590,2,1-3-4,470,1,1-4,430,1
20250427,尼崎,2,予選,晴,南西,6,4,3,3,3788,一 宮 稔 弘,4,53,6.80,3,0.14,2.06.4,1-4-3,2010,5,1-4,590,2,1-3-4,470,1,1-4,430,1
20250427,尼崎,2,予選,晴,南西,6,4,4,2,4382,高 山 智 至,20,38,6.80,2,0.18,2.07.4,1-4-3,2010,5,1-4,590,2,1-3-4,470,1,1-4,430,1
20250427,尼崎,2,予選,晴,南西,6,4,5,6,5366,塩 嶋 泰 空,46,19,6.84,6,0.09,2.09.4,1-4-3,2010,5,1-4,590,2,1-3-4,470,1,1-4,430,1
20250427,尼崎,3,予選,晴,西,4,0,1,2,4033,伊 藤 将 吉,50,52,6.76,2,0.14,1.49.6,2-4-6,4330,16,2-4,370,2,2-4-6,2120,9,2-4,390,2
20250427,尼崎,3,予選,晴,西,4,0,2,4,3805,高 橋 英 之,55,28,6.78,4,0.04,1.50.3,2-4-6,4330,16,2-4,370,2,2-4-6,2120,9,2-4,390,2
20250427,尼崎,3,予選,晴,西,4,0,3,6,4097,貫地谷 直 人,59,17,6.81,6,0.17,1.51.6,2-4-6,4330,16,2-4,370,2,2-4-6,2120,9,2-4,390,2
20250427,尼崎,3,予選,晴,西,4,0,4,5,4648,木 村 亮 太,27,58,6.74,5,0.04,1.51.7,2-4-6,4330,16,2-4,370,2,2-4-6,2120,9,2-4,390,2
20250427,尼崎,3,予選,晴,西,4,0,5,1,5258,仲 本 舜,54,69,6.80,1,0.25,1.54.0,2-4-6,4330,16,2-4,370,2,2-4-6,2120,9,2-4,390,2
20250427,尼崎,3,予選,晴,西,4,0,6,3,3660,長谷川 親 王,10,62,6.81,3,0.06,1.57.0,2-4-6,4330,16,2-4,370,2,2-4-6,2120,9,2-4,390,2
20250427,尼崎,4,予選,晴,西,5,3,1,3,5282,中 本 大 樹,47,63,6.78,3,0.16,1.48.9,3-1-4,14350,39,3-1,3620,12,1-3-4,900,4,1-3,1810,5
20250427,尼崎,4,予選,晴,西,5,3,2,1,4910,中 村 泰 平,49,50,6.75,1,0.18,1.50.1,3-1-4,14350,39,3-1,3620,12,1-3-4,900,4,1-3,1810,5
20250427,尼崎,4,予選,晴,西,5,3,3,4,5075,中 島 秀 治,21,66,6.79,4,0.16,1.51.2,3-1-4,14350,39,3-1,3620,12,1-3-4,900,4,1-3,1810,5
20250427,尼崎,4,予選,晴,西,5,3,4,5,4159,向 後 龍 一,52,74,6.75,5,0.17,1.52.2,3-1-4,14350,39,3-1,3620,12,1-3-4,900,4,1-3,1810,5
20250427,尼崎,4,予選,晴,西,5,3,5,2,4735,角 山 雄 哉,14,73,6.77,2,0.16,1.54.2,3-1-4,14350,39,3-1,3620,12,1-3-4,900,4,1-3,1810,5
20250427,尼崎,4,予選,晴,西,5,3,6,6,3722,西 村 秀 樹,1,72,6.78,6,0.25,1.55.2,3-1-4,14350,39,3-1,3620,12,1-3-4,900,4,1-3,1810,5
20250427,尼崎,5,予選,晴,南西,4,0,1,1,4109,谷 津 幸 宏,34,68,6.74,1,0.10,1.48.2,1-2-4,460,1,1-2,150,1,1-2-4,350,2,1-2,110,1
20250427,尼崎,5,予選,晴,南西,4,0,2,2,5017,澤 田 尚 也,33,16,6.73,2,0.11,1.49.2,1-2-4,460,1,1-2,150,1,1-2-4,350,2,1-2,110,1
20250427,尼崎,5,予選,晴,南西,4,0,3,4,4209,藤 田 竜 弘,3,22,6.79,4,0.12,1.51.6,1-2-4,460,1,1-2,150,1,1-2-4,350,2,1-2,110,1
20250427,尼崎,5,予選,晴,南西,4,0,4,6,3304,烏 野 賢 太,58,24,6.78,6,0.13,1.53.3,1-2-4,460,1,1-2,150,1,1-2-4,350,2,1-2,110,1
20250427,尼崎,5,予選,晴,南西,4,0,5,3,4511,中 岡 健 人,13,57,6.83,3,0.14,1.53.5,1-2-4,460,1,1-2,150,1,1-2-4,350,2,1-2,110,1
20250427,尼崎,5,予選,晴,南西,4,0,6,5,4120,柘 植 政 浩,40,54,6.78,5,0.15,1.54.9,1-2-4,460,1,1-2,150,1,1-2-4,350,2,1-2,110,1
20250427,尼崎,6,昼どきピンク,晴,南西,7,5,1,4,5136,濱 野 斗 馬,8,51,6.70,4,0.15,1.49.0,4-1-3,1180,5,4-1,360,1,1-3-4,310,2,1-4,160,1
20250427,尼崎,6,昼どきピンク,晴,南西,7,5,2,1,3955,眞 田 英 二,53,42,6.73,1,0.21,1.50.9,4-1-3,1180,5,4-1,360,1,1-3-4,310,2,1-4,160,1
20250427,尼崎,6,昼どきピンク,晴,南西,7,5,3,3,3478,嶋 田 貴 支,43,40,6.78,3,0.19,1.52.9,4-1-3,1180,5,4-1,360,1,1-3-4,310,2,1-4,160,1
20250427,尼崎,6,昼どきピンク,晴,南西,7,5,4,5,4905,土 井 祥 伍,48,35,6.81,5,0.24,1.53.3,4-1-3,1180,5,4-1,360,1,1-3-4,310,2,1-4,160,1
20250427,尼崎,6,昼どきピンク,晴,南西,7,5,5,6,4343,村 岡 賢,41,47,6.76,6,0.22,1.54.7,4-1-3,1180,5,4-1,360,1,1-3-4,310,2,1-4,160,1
20250427,尼崎,6,昼どきピンク,晴,南西,7,5,6,2,5237,永 松 良 教,32,41,6.77,2,0.22,1.55.8,4-1-3,1180,5,4-1,360,1,1-3-4,310,2,1-4,160,1
20250427,尼崎,7,予選,晴,南西,2,0,1,2,4953,尾 上 雅 也,29,46,6.76,2,0.21,1.49.2,2-1-6,17770,49,2-1,510,1,1-2-6,5650,14,1-2,170,1
20250427,尼崎,7,予選,晴,南西,2,0,2,1,5323,香 川 陽 太,42,12,6.77,1,0.15,1.49.9,2-1-6,17770,49,2-1,510,1,1-2-6,5650,14,1-2,170,1
20250427,尼崎,7,予選,晴,南西,2,0,3,6,3804,中 渡 修 作,56,55,6.79,6,0.16,1.51.7,2-1-6,17770,49,2-1,510,1,1-2-6,5650,14,1-2,170,1
20250427,尼崎,7,予選,晴,南西,2,0,4,5,4152,深 水 慎一郎,37,20,6.74,5,0.08,1.53.4,2-1-6,17770,49,2-1,510,1,1-2-6,5650,14,1-2,170,1
20250427,尼崎,7,予選,晴,南西,2,0,5,4,4649,和 田 操 拓,16,14,6.71,4,0.07,1.54.5,2-1-6,17770,49,2-1,510,1,1-2-6,5650,14,1-2,170,1
20250427,尼崎,7,予選,晴,南西,2,0,6,3,5258,仲 本 舜,54,69,6.79,3,0.22,1.56.3,2-1-6,17770,49,2-1,510,1,1-2-6,5650,14,1-2,170,1
20250427,尼崎,8,予選,晴,西,7,5,1,1,4648,木 村 亮 太,27,58,6.76,1,0.23,1.49.8,1-3-6,1030,2,1-3,360,1,1-3-6,610,3,1-3,320,1
20250427,尼崎,8,予選,晴,西,7,5,2,3,3975,小野寺 智 洋,12,18,6.73,3,0.24,1.51.3,1-3-6,1030,2,1-3,360,1,1-3-6,610,3,1-3,320,1
20250427,尼崎,8,予選,晴,西,7,5,3,6,4436,渋 谷 明 憲,9,70,6.72,6,0.26,1.52.2,1-3-6,1030,2,1-3,360,1,1-3-6,610,3,1-3,320,1
20250427,尼崎,8,予選,晴,西,7,5,4,4,4839,四 宮 与 寛,2,71,6.77,4,0.25,1.52.3,1-3-6,1030,2,1-3,360,1,1-3-6,610,3,1-3,320,1
20250427,尼崎,8,予選,晴,西,7,5,5,5,4094,中 島 真 二,15,49,6.74,5,0.29,1.55.2,1-3-6,1030,2,1-3,360,1,1-3-6,610,3,1-3,320,1
20250427,尼崎,8,予選,晴,西,7,5,6,2,4894,原 村 拓 也,25,36,6.73,2,0.26,1.58.6,1-3-6,1030,2,1-3,360,1,1-3-6,610,3,1-3,320,1
20250427,尼崎,9,予選特賞,晴,西,5,3,1,1,3805,高 橋 英 之,55,28,6.77,1,0.20,1.50.1,1-6-2,7220,24,1-6,3010,8,1-2-6,730,2,1-6,1330,5
20250427,尼崎,9,予選特賞,晴,西,5,3,2,6,4704,河 野 大,26,45,6.78,6,0.17,1.50.6,1-6-2,7220,24,1-6,3010,8,1-2-6,730,2,1-6,1330,5
20250427,尼崎,9,予選特賞,晴,西,5,3,3,2,4526,池 田 雄 祐,38,48,6.72,2,0.20,1.52.8,1-6-2,7220,24,1-6,3010,8,1-2-6,730,2,1-6,1330,5
20250427,尼崎,9,予選特賞,晴,西,5,3,4,3,4120,柘 植 政 浩,40,54,6.78,3,0.22,1.54.3,1-6-2,7220,24,1-6,3010,8,1-2-6,730,2,1-6,1330,5
20250427,尼崎,9,予選特賞,晴,西,5,3,5,5,4910,中 村 泰 平,49,50,6.75,5,0.18,1.54.5,1-6-2,7220,24,1-6,3010,8,1-2-6,730,2,1-6,1330,5
20250427,尼崎,9,予選特賞,晴,西,5,3,6,4,4082,濱 崎 誠,39,21,6.79,4,0.17,1.57.3,1-6-2,7220,24,1-6,3010,8,1-2-6,730,2,1-6,1330,5
20250427,尼崎,10,予選特賞,晴,南西,2,0,1,5,5017,澤 田 尚 也,33,16,6.72,5,0.09,1.48.9,5-1-2,2370,8,5-1,1120,5,1-2-5,180,1,1-5,380,2
20250427,尼崎,10,予選特賞,晴,南西,2,0,2,1,4159,向 後 龍 一,52,74,6.76,1,0.12,1.51.2,5-1-2,2370,8,5-1,1120,5,1-2-5,180,1,1-5,380,2
20250427,尼崎,10,予選特賞,晴,南西,2,0,3,2,5136,濱 野 斗 馬,8,51,6.71,2,0.12,1.52.1,5-1-2,2370,8,5-1,1120,5,1-2-5,180,1,1-5,380,2
20250427,尼崎,10,予選特賞,晴,南西,2,0,4,3,3642,大 塚 浩 二,60,67,6.74,3,0.09,1.52.1,5-1-2,2370,8,5-1,1120,5,1-2-5,180,1,1-5,380,2
20250427,尼崎,10,予選特賞,晴,南西,2,0,5,6,4057,松 井 賢 治,57,15,6.74,6,0.10,1.54.9,5-1-2,2370,8,5-1,1120,5,1-2-5,180,1,1-5,380,2
20250427,尼崎,10,予選特賞,晴,南西,2,0,6,4,4382,高 山 智 至,20,38,6.81,4,0.08,1.57.0,5-1-2,2370,8,5-1,1120,5,1-2-5,180,1,1-5,380,2
20250427,尼崎,11,予選特選,晴,西,5,3,1,2,5043,中 村 日 向,61,23,6.67,2,0.04,1.48.2,2-1-4,940,2,2-1,510,2,1-2-4,200,1,1-2,150,1
20250427,尼崎,11,予選特選,晴,西,5,3,2,1,4152,深 水 慎一郎,37,20,6.70,1,0.02,1.51.0,2-1-4,940,2,2-1,510,2,1-2-4,200,1,1-2,150,1
20250427,尼崎,11,予選特選,晴,西,5,3,3,4,4109,谷 津 幸 宏,34,68,6.71,4,0.07,1.52.0,2-1-4,940,2,2-1,510,2,1-2-4,200,1,1-2,150,1
20250427,尼崎,11,予選特選,晴,西,5,3,4,3,4097,貫地谷 直 人,59,17,6.82,3,0.06,1.52.9,2-1-4,940,2,2-1,510,2,1-2-4,200,1,1-2,150,1
20250427,尼崎,11,予選特選,晴,西,5,3,5,5,4348,宮 崎 奨,51,75,6.76,5,0.10,1.53.7,2-1-4,940,2,2-1,510,2,1-2-4,200,1,1-2,150,1
20250427,尼崎,11,予選特選,晴,西,5,3,6,6,4735,角 山 雄 哉,14,73,6.76,6,0.09,1.54.0,2-1-4,940,2,2-1,510,2,1-2-4,200,1,1-2,150,1
20250427,常滑,12,予選特選,晴,西,6,4,1,4,4033,伊 藤 将 吉,50,52,6.73,4,0.10,1.50.2,4-6-1,6060,20,4-6,2380,7,1-4-6,650,3,4-6,1740,7
20250427,常滑,12,予選特選,晴,西,6,4,2,6,3975,小野寺 智 洋,12,18,6.73,6,0.19,1.51.1,4-6-1,6060,20,4-6,2380,7,1-4-6,650,3,4-6,1740,7
20250427,常滑,12,予選特選,晴,西,6,4,3,1,5075,中 島 秀 治,21,66,6.70,1,0.22,1.51.6,4-6-1,6060,20,4-6,2380,7,1-4-6,650,3,4-6,1740,7
20250427,常滑,12,予選特選,晴,西,6,4,4,2,3304,烏 野 賢 太,58,24,6.77,2,0.25,1.54.3,4-6-1,6060,20,4-6,2380,7,1-4-6,650,3,4-6,1740,7
20250427,常滑,12,予選特選,晴,西,6,4,5,5,3977,山 本 兼 士,31,56,6.77,5,0.13,1.55.1,4-6-1,6060,20,4-6,2380,7,1-4-6,650,3,4-6,1740,7
20250427,常滑,12,予選特選,晴,西,6,4,6,3,3955,眞 田 英 二,53,42,6.79,3,0.15,1.56.6,4-6-1,6060,20,4-6,2380,7,1-4-6,650,3,4-6,1740,7
20250427,常滑,1,朝トコ小判Ｒ,晴,南西,1,0,1,1,4227,安 達 裕 樹,31,21,6.80,1,0.10,1.48.5,1-2-4,610,1,1-2,290,1,1-2-4,270,1,1-2,330,3
20250427,常滑,1,朝トコ小判Ｒ,晴,南西,1,0,2,2,3741,松 尾 基 成,52,58,6.81,2,0.14,1.52.1,1-2-4,610,1,1-2,290,1,1-2-4,270,1,1-2,330,3
20250427,常滑,1,朝トコ小判Ｒ,晴,南西,1,0,3,4,4035,杉 江 浩 明,40,16,6.74,4,0.23,1.53.0,1-2-4,610,1,1-2,290,1,1-2-4,270,1,1-2,330,3
20250427,常滑,1,朝トコ小判Ｒ,晴,南西,1,0,4,5,4253,西 川 真 人,42,25,6.85,5,0.21,1.54.1,1-2-4,610,1,1-2,290,1,1-2-4,270,1,1-2,330,3
20250427,常滑,1,朝トコ小判Ｒ,晴,南西,1,0,5,3,4681,太 田 潮,3,30,6.85,3,0.16,,1-2-4,610,1,1-2,290,1,1-2-4,270,1,1-2,330,3
20250427,常滑,1,朝トコ小判Ｒ,晴,南西,1,0,6,6,5175,島 崎 丈一朗,34,24,6.77,6,0.25,,1-2-4,610,1,1-2,290,1,1-2-4,270,1,1-2,330,3
20250427,常滑,2,予選,晴,南東,2,1,1,5,4230,濱 崎 直 矢,51,38,6.77,4,0.08,1.49.9,5-2-1,1500,5,5-2,580,2,1-2-5,220,1,2-5,410,2
20250427,常滑,2,予選,晴,南東,2,1,2,2,4028,田 村 隆 信,60,62,6.76,2,0.12,1.51.7,5-2-1,1500,5,5-2,580,2,1-2-5,220,1,2-5,410,2
20250427,常滑,2,予選,晴,南東,2,1,3,1,4202,浮 田 圭 浩,20,72,6.77,1,0.08,1.52.9,5-2-1,1500,5,5-2,580,2,1-2-5,220,1,2-5,410,2
20250427,常滑,2,予選,晴,南東,2,1,4,3,3687,花 田 和 明,29,41,6.82,3,0.13,1.54.9,5-2-1,1500,5,5-2,580,2,1-2-5,220,1,2-5,410,2
20250427,常滑,2,予選,晴,南東,2,1,5,4,5379,廣 部 大 明,36,32,6.81,6,0.11,,5-2-1,1500,5,5-2,580,2,1-2-5,220,1,2-5,410,2
20250427,常滑,2,予選,晴,南東,2,1,6,6,3497,後 藤 浩,55,33,6.79,5,0.11,,5-2-1,1500,5,5-2,580,2,1-2-5,220,1,2-5,410,2
20250427,常滑,3,予選,晴,南東,2,1,1,2,4051,清 水 敦 揮,35,40,6.81,2,0.17,1.50.5,2-1-5,830,1,2-1,350,1,1-2-5,250,1,1-2,200,1
20250427,常滑,3,予選,晴,南東,2,1,2,1,3812,山 崎 聖 司,50,57,6.77,1,0.17,1.51.6,2-1-5,830,1,2-1,350,1,1-2-5,250,1,1-2,200,1
20250427,常滑,3,予選,晴,南東,2,1,3,5,3826,村 田 修 次,15,64,6.81,5,0.16,1.52.5,2-1-5,830,1,2-1,350,1,1-2-5,250,1,1-2,200,1
20250427,常滑,3,予選,晴,南東,2,1,4,4,2878,富 山 弘 幸,27,65,6.82,4,0.16,1.54.1,2-1-5,830,1,2-1,350,1,1-2-5,250,1,1-2,200,1
20250427,常滑,3,予選,晴,南東,2,1,5,6,5286,坂 井 滉 哉,54,48,6.81,6,0.14,,2-1-5,830,1,2-1,350,1,1-2-5,250,1,1-2,200,1
20250427,常滑,3,予選,晴,南東,2,1,6,3,3361,岡 部 浩,39,56,6.80,3,0.16,,2-1-5,830,1,2-1,350,1,1-2-5,250,1,1-2,200,1
20250427,常滑,4,予選,晴,南東,2,1,1,1,3834,細 川 明 人,25,55,6.85,1,0.16,1.50.6,1-4-6,14150,58,1-4,1530,7,1-4-6,5230,16,1-4,840,5
20250427,常滑,4,予選,晴,南東,2,1,2,4,4828,松 山 将 吾,14,35,6.82,4,0.04,1.51.8,1-4-6,14150,58,1-4,1530,7,1-4-6,5230,16,1-4,840,5
20250427,常滑,4,予選,晴,南東,2,1,3,6,4731,間 野 兼 礼,26,28,6.81,6,0.07,1.52.5,1-4-6,14150,58,1-4,1530,7,1-4-6,5230,16,1-4,840,5
20250427,常滑,4,予選,晴,南東,2,1,4,3,3772,一 柳 和 孝,11,15,6.80,3,0.06,1.52.6,1-4-6,14150,58,1-4,1530,7,1-4-6,5230,16,1-4,840,5
20250427,常滑,4,予選,晴,南東,2,1,5,5,4643,近 江 翔 吾,6,53,6.81,5,0.05,,1-4-6,14150,58,1-4,1530,7,1-4-6,5230,16,1-4,840,5
20250427,常滑,4,予選,晴,南東,2,1,6,2,4162,竹 本 太 樹,4,43,6.79,2,0.12,,1-4-6,14150,58,1-4,1530,7,1-4-6,5230,16,1-4,840,5
20250427,常滑,5,予選,晴,南西,3,1,1,1,3542,清 水 紀 克,47,18,6.81,1,0.14,1.49.7,1-3-2,3360,14,1-3,1130,7,1-2-3,470,2,1-3,1030,4
20250427,常滑,5,予選,晴,南西,3,1,2,3,4594,谷 川 祐 一,56,75,6.75,3,0.21,1.50.3,1-3-2,3360,14,1-3,1130,7,1-2-3,470,2,1-3,1030,4
20250427,常滑,5,予選,晴,南西,3,1,3,2,4351,里 岡 右 貴,10,49,6.78,2,0.15,1.51.3,1-3-2,3360,14,1-3,1130,7,1-2-3,470,2,1-3,1030,4
20250427,常滑,5,予選,晴,南西,3,1,4,4,5050,木 下 雄 介,9,47,6.76,4,0.14,1.52.3,1-3-2,3360,14,1-3,1130,7,1-2-3,470,2,1-3,1030,4
20250427,常滑,5,予選,晴,南西,3,1,5,5,4691,水 原 慎,44,60,6.88,5,0.21,,1-3-2,3360,14,1-3,1130,7,1-2-3,470,2,1-3,1030,4
20250427,常滑,5,予選,晴,南西,3,1,6,6,4626,伊 藤 紘 章,23,11,6.87,6,0.22,,1-3-2,3360,14,1-3,1130,7,1-2-3,470,2,1-3,1030,4
20250427,常滑,6,昼トコ小判Ｒ,晴,南西,2,1,1,1,4732,堀 本 和 也,53,46,6.76,1,0.05,1.50.5,1-2-3,750,3,1-2,240,1,1-2-3,490,3,1-2,330,3
20250427,常滑,6,昼トコ小判Ｒ,晴,南西,2,1,2,2,5032,谷 口 知 優,2,19,6.84,2,0.10,1.51.1,1-2-3,750,3,1-2,240,1,1-2-3,490,3,1-2,330,3
20250427,常滑,6,昼トコ小判Ｒ,晴,南西,2,1,3,3,4406,幸 野 史 明,16,66,6.77,3,0.11,1.52.5,1-2-3,750,3,1-2,240,1,1-2-3,490,3,1-2,330,3
20250427,常滑,6,昼トコ小判Ｒ,晴,南西,2,1,4,5,4979,中 野 夢 斗,30,74,6.84,5,0.15,1.53.8,1-2-3,750,3,1-2,240,1,1-2-3,490,3,1-2,330,3
20250427,常滑,6,昼トコ小判Ｒ,晴,南西,2,1,5,4,3543,福 田 雅 一,45,26,6.81,4,0.14,,1-2-3,750,3,1-2,240,1,1-2-3,490,3,1-2,330,3
20250427,常滑,6,昼トコ小判Ｒ,晴,南西,2,1,6,6,3741,松 尾 基 成,52,58,6.85,6,0.20,,1-2-3,750,3,1-2,240,1,1-2-3,490,3,1-2,330,3
20250427,常滑,7,予選,晴,南西,2,1,1,4,4743,木 村 仁 紀,48,54,6.82,4,0.08,1.50.0,4-5-6,140,1,4-5,120,1,1-2-6,5650,14,4-5,110,1
20250427,常滑,7,予選,晴,南西,2,1,2,5,3497,後 藤 浩,55,33,6.80,5,0.15,1.52.8,4-5-6,140,1,4-5,120,1,1-2-6,5650,14,4-5,110,1
20250427,常滑,7,予選,晴,南西,2,1,3,6,5353,草 川 壮 良,61,36,6.77,6,0.08,1.55.0,4-5-6,140,1,4-5,120,1,1-2-6,5650,14,4-5,110,1
20250427,常滑,8,予選,晴,南西,2,1,1,1,4253,西 川 真 人,42,25,6.86,1,0.24,1.50.2,1-2-3,1170,1,1-2,420,1,1-2-3,270,1,1-2,440,2
20250427,常滑,8,予選,晴,南西,2,1,2,2,4142,平 野 和 明,8,14,6.77,2,0.25,1.51.4,1-2-3,1170,1,1-2,420,1,1-2-3,270,1,1-2,440,2
20250427,常滑,8,予選,晴,南西,2,1,3,3,3841,佐々木 和 伸,58,13,6.77,3,0.26,1.52.3,1-2-3,1170,1,1-2,420,1,1-2-3,270,1,1-2,440,2
20250427,常滑,8,予選,晴,南西,2,1,4,5,4051,清 水 敦 揮,35,40,6.88,5,0.29,1.53.5,1-2-3,1170,1,1-2,420,1,1-2-3,270,1,1-2,440,2
20250427,常滑,8,予選,晴,南西,2,1,5,4,3463,乙 津 康 志,18,69,6.87,4,0.27,,1-2-3,1170,1,1-2,420,1,1-2-3,270,1,1-2,440,2
20250427,常滑,8,予選,晴,南西,2,1,6,6,5379,廣 部 大 明,36,32,6.84,6,0.35,,1-2-3,1170,1,1-2,420,1,1-2-3,270,1,1-2,440,2
20250427,常滑,9,予選特賞,晴,南西,2,1,1,4,4230,濱 崎 直 矢,51,38,6.76,4,0.13,1.48.3,4-5-3,2150,5,4-5,590,3,3-4-5,620,3,4-5,360,2
20250427,常滑,9,予選特賞,晴,南西,2,1,2,5,5050,木 下 雄 介,9,47,6.78,5,0.16,1.50.6,4-5-3,2150,5,4-5,590,3,3-4-5,620,3,4-5,360,2
20250427,常滑,9,予選特賞,晴,南西,2,1,3,3,4731,間 野 兼 礼,26,28,6.76,3,0.21,1.52.5,4-5-3,2150,5,4-5,590,3,3-4-5,620,3,4-5,360,2
20250427,常滑,9,予選特賞,晴,南西,2,1,4,6,4054,福 嶋 智 之,59,39,6.70,6,0.14,1.54.0,4-5-3,2150,5,4-5,590,3,3-4-5,620,3,4-5,360,2
20250427,常滑,9,予選特賞,晴,南西,2,1,5,1,5004,河 野 主 樹,5,12,6.81,1,0.19,,4-5-3,2150,5,4-5,590,3,3-4-5,620,3,4-5,360,2
20250427,常滑,9,予選特賞,晴,南西,2,1,6,2,4558,宮 野 仁,22,20,6.79,2,0.24,,4-5-3,2150,5,4-5,590,3,3-4-5,620,3,4-5,360,2
20250427,常滑,10,予選特賞,晴,南,1,0,1,1,4828,松 山 将 吾,14,35,6.82,1,0.10,1.49.6,1-4-2,780,2,1-4,370,1,1-2-4,250,1,1-4,530,3
20250427,常滑,10,予選特賞,晴,南,1,0,2,4,4732,堀 本 和 也,53,46,6.79,2,0.13,1.51.1,1-4-2,780,2,1-4,370,1,1-2-4,250,1,1-4,530,3
20250427,常滑,10,予選特賞,晴,南,1,0,3,2,3826,村 田 修 次,15,64,6.79,4,0.19,1.52.7,1-4-2,780,2,1-4,370,1,1-2-4,250,1,1-4,530,3
20250427,常滑,10,予選特賞,晴,南,1,0,4,5,3542,清 水 紀 克,47,18,6.82,3,0.19,1.53.8,1-4-2,780,2,1-4,370,1,1-2-4,250,1,1-4,530,3
20250427,常滑,10,予選特賞,晴,南,1,0,5,6,4028,田 村 隆 信,60,62,6.84,6,0.20,,1-4-2,780,2,1-4,370,1,1-2-4,250,1,1-4,530,3
20250427,常滑,10,予選特賞,晴,南,1,0,6,3,4035,杉 江 浩 明,40,16,6.82,5,0.18,,1-4-2,780,2,1-4,370,1,1-2-4,250,1,1-4,530,3
20250427,常滑,11,予選特選,晴,南東,2,1,1,1,4643,近 江 翔 吾,6,53,6.77,1,0.02,1.48.9,1-3-4,410,1,1-3,260,1,1-3-4,200,1,1-3,150,1
20250427,常滑,11,予選特選,晴,南東,2,1,2,3,4351,里 岡 右 貴,10,49,6.83,3,0.07,1.50.7,1-3-4,410,1,1-3,260,1,1-3-4,200,1,1-3,150,1
20250427,常滑,11,予選特選,晴,南東,2,1,3,4,4227,安 達 裕 樹,31,21,6.80,4,0.07,1.52.1,1-3-4,410,1,1-3,260,1,1-3-4,200,1,1-3,150,1
20250427,常滑,11,予選特選,晴,南東,2,1,4,2,3687,花 田 和 明,29,41,6.86,2,0.04,1.54.1,1-3-4,410,1,1-3,260,1,1-3-4,200,1,1-3,150,1
20250427,常滑,11,予選特選,晴,南東,2,1,5,6,4049,荒 川 健 太,41,45,6.78,6,0.16,,1-3-4,410,1,1-3,260,1,1-3-4,200,1,1-3,150,1
20250427,常滑,11,予選特選,晴,南東,2,1,6,5,5286,坂 井 滉 哉,54,48,6.79,5,0.08,,1-3-4,410,1,1-3,260,1,1-3-4,200,1,1-3,150,1
20250427,浜名湖,12,予選特選,晴,南東,3,1,1,2,2878,富 山 弘 幸,27,65,6.79,2,0.26,1.50.9,2-1-4,10350,23,2-1,4490,9,1-2-4,270,1,1-2,470,2
20250427,浜名湖,12,予選特選,晴,南東,3,1,2,1,4743,木 村 仁 紀,48,54,6.78,1,0.17,1.51.6,2-1-4,10350,23,2-1,4490,9,1-2-4,270,1,1-2,470,2
20250427,浜名湖,12,予選特選,晴,南東,3,1,3,4,4594,谷 川 祐 一,56,75,6.78,4,0.26,1.53.2,2-1-4,10350,23,2-1,4490,9,1-2-4,270,1,1-2,470,2
20250427,浜名湖,12,予選特選,晴,南東,3,1,4,5,3772,一 柳 和 孝,11,15,6.86,5,0.25,1.54.1,2-1-4,10350,23,2-1,4490,9,1-2-4,270,1,1-2,470,2
20250427,浜名湖,12,予選特選,晴,南東,3,1,5,3,4202,浮 田 圭 浩,20,72,6.82,3,0.26,,2-1-4,10350,23,2-1,4490,9,1-2-4,270,1,1-2,470,2
20250427,浜名湖,12,予選特選,晴,南東,3,1,6,6,5032,谷 口 知 優,2,19,6.81,6,0.26,,2-1-4,10350,23,2-1,4490,9,1-2-4,270,1,1-2,470,2
20250427,浜名湖,1,予選,晴,西,2,1,1,1,3362,間 嶋 仁 志,4,74,6.70,1,0.09,1.49.5,1-2-3,520,2,1-2,190,1,1-2-3,290,2,1-2,170,1
20250427,浜名湖,1,予選,晴,西,2,1,2,2,5115,香 川 颯 太,1,50,6.70,2,0.11,1.51.2,1-2-3,520,2,1-2,190,1,1-2-3,290,2,1-2,170,1
20250427,浜名湖,1,予選,晴,西,2,1,3,3,4803,飯 田 庄 吾,52,26,6.78,3,0.14,1.52.6,1-2-3,520,2,1-2,190,1,1-2-3,290,2,1-2,170,1
20250427,浜名湖,1,予選,晴,西,2,1,4,6,3591,後 藤 孝 義,58,22,6.81,5,0.13,1.54.4,1-2-3,520,2,1-2,190,1,1-2-3,290,2,1-2,170,1
20250427,浜名湖,1,予選,晴,西,2,1,5,5,5285,若 林 麗,45,71,6.73,6,0.16,,1-2-3,520,2,1-2,190,1,1-2-3,290,2,1-2,170,1
20250427,浜名湖,1,予選,晴,西,2,1,6,4,4632,長 尾 京志郎,49,59,6.83,4,0.18,,1-2-3,520,2,1-2,190,1,1-2-3,290,2,1-2,170,1
20250427,浜名湖,2,予選,晴,南西,4,2,1,2,4904,松 本 一 毅,53,32,6.69,3,0.25,1.52.6,2-1-3,2560,5,2-1,1140,5,1-2-3,360,1,1-2,370,1
20250427,浜名湖,2,予選,晴,南西,4,2,2,1,3839,川 合 理 司,60,52,6.69,2,0.24,1.54.3,2-1-3,2560,5,2-1,1140,5,1-2-3,360,1,1-2,370,1
20250427,浜名湖,2,予選,晴,南西,4,2,3,3,3635,石 田 政 吾,66,35,6.68,4,0.19,1.54.5,2-1-3,2560,5,2-1,1140,5,1-2-3,360,1,1-2,370,1
20250427,浜名湖,2,予選,晴,南西,4,2,4,6,5066,鈴 木 孝 明,50,27,6.64,6,0.20,1.55.2,2-1-3,2560,5,2-1,1140,5,1-2-3,360,1,1-2,370,1
20250427,浜名湖,2,予選,晴,南西,4,2,5,4,3277,齋 藤 勇,57,11,6.68,5,0.19,,2-1-3,2560,5,2-1,1140,5,1-2-3,360,1,1-2,370,1
20250427,浜名湖,2,予選,晴,南西,4,2,6,5,4365,盛 本 真 輔,27,17,6.69,1,0.36,,2-1-3,2560,5,2-1,1140,5,1-2-3,360,1,1-2,370,1
20250427,浜名湖,3,予選,晴,南西,5,3,1,6,3445,加 藤 高 史,15,72,6.56,5,0.11,1.51.7,6-2-4,17250,64,6-2,8200,26,2-4-6,1390,6,2-6,1910,10
20250427,浜名湖,3,予選,晴,南西,5,3,2,2,4711,前 出 達 吉,36,48,6.60,2,0.25,1.53.3,6-2-4,17250,64,6-2,8200,26,2-4-6,1390,6,2-6,1910,10
20250427,浜名湖,3,予選,晴,南西,5,3,3,4,4105,松 下 直 也,34,58,6.61,3,0.13,1.54.3,6-2-4,17250,64,6-2,8200,26,2-4-6,1390,6,2-6,1910,10
20250427,浜名湖,3,予選,晴,南西,5,3,4,3,4182,吉 田 和 仁,8,70,6.67,6,0.14,1.55.1,6-2-4,17250,64,6-2,8200,26,2-4-6,1390,6,2-6,1910,10
20250427,浜名湖,3,予選,晴,南西,5,3,5,5,3582,吉 川 昭 男,16,49,6.67,4,0.11,,6-2-4,17250,64,6-2,8200,26,2-4-6,1390,6,2-6,1910,10
20250427,浜名湖,3,予選,晴,南西,5,3,6,1,4271,川 崎 公 靖,48,24,6.62,1,0.20,,6-2-4,17250,64,6-2,8200,26,2-4-6,1390,6,2-6,1910,10
20250427,浜名湖,4,ランチタイム,晴,南西,5,3,1,5,5071,野見山 拓 己,5,36,6.69,5,0.14,1.52.5,5-2-3,83350,86,5-2,10590,18,2-3-5,11540,16,2-5,4930,11
20250427,浜名湖,4,ランチタイム,晴,南西,5,3,2,2,4376,藤 田 靖 弘,54,47,6.71,2,0.17,1.54.0,5-2-3,83350,86,5-2,10590,18,2-3-5,11540,16,2-5,4930,11
20250427,浜名湖,4,ランチタイム,晴,南西,5,3,3,3,4618,乃 村 康 友,6,69,6.74,3,0.11,1.54.8,5-2-3,83350,86,5-2,10590,18,2-3-5,11540,16,2-5,4930,11
20250427,浜名湖,4,ランチタイム,晴,南西,5,3,4,1,3554,仲 口 博 崇,21,38,6.70,1,0.13,1.55.6,5-2-3,83350,86,5-2,10590,18,2-3-5,11540,16,2-5,4930,11
20250427,浜名湖,4,ランチタイム,晴,南西,5,3,5,4,4782,浜 崎 準 也,44,13,6.72,4,0.13,,5-2-3,83350,86,5-2,10590,18,2-3-5,11540,16,2-5,4930,11
20250427,浜名湖,4,ランチタイム,晴,南西,5,3,6,6,4081,樋 口 範 政,26,53,6.69,6,0.15,,5-2-3,83350,86,5-2,10590,18,2-3-5,11540,16,2-5,4930,11
20250427,浜名湖,5,予選,晴,南西,5,3,1,3,4477,篠 崎 仁 志,63,63,6.73,3,0.04,1.51.7,3-2-5,1250,3,3-2,550,2,2-3-5,450,2,2-3,280,1
20250427,浜名湖,5,予選,晴,南西,5,3,2,2,4121,富 永 修 一,56,21,6.64,2,0.06,1.52.4,3-2-5,1250,3,3-2,550,2,2-3-5,450,2,2-3,280,1
20250427,浜名湖,5,予選,晴,南西,5,3,3,5,3362,間 嶋 仁 志,4,74,6.78,4,0.12,1.55.2,3-2-5,1250,3,3-2,550,2,2-3-5,450,2,2-3,280,1
20250427,浜名湖,5,予選,晴,南西,5,3,4,4,5345,牧 村 俊 輝,59,73,6.79,5,0.13,1.56.8,3-2-5,1250,3,3-2,550,2,2-3-5,450,2,2-3,280,1
20250427,浜名湖,5,予選,晴,南西,5,3,5,1,4173,岡 谷 健 吾,61,20,6.74,1,0.14,,3-2-5,1250,3,3-2,550,2,2-3-5,450,2,2-3,280,1
20250427,浜名湖,5,予選,晴,南西,5,3,6,6,4821,妻 鳥 晋 也,10,18,6.75,6,0.10,,3-2-5,1250,3,3-2,550,2,2-3-5,450,2,2-3,280,1
20250427,浜名湖,6,予選,晴,南西,5,3,1,4,5115,香 川 颯 太,1,50,6.71,4,0.14,1.52.6,4-3-2,24890,68,4-3,7320,22,2-3-4,2190,8,3-4,3590,10
20250427,浜名湖,6,予選,晴,南西,5,3,2,3,3454,井 川 大 作,51,65,6.82,3,0.17,1.54.9,4-3-2,24890,68,4-3,7320,22,2-3-4,2190,8,3-4,3590,10
20250427,浜名湖,6,予選,晴,南西,5,3,3,2,4381,田 路 朋 史,47,67,6.64,2,0.14,1.55.2,4-3-2,24890,68,4-3,7320,22,2-3-4,2190,8,3-4,3590,10
20250427,浜名湖,6,予選,晴,南西,5,3,4,6,4439,近 藤 友 宝,20,55,6.73,6,0.17,1.55.9,4-3-2,24890,68,4-3,7320,22,2-3-4,2190,8,3-4,3590,10
20250427,浜名湖,6,予選,晴,南西,5,3,5,5,3966,作 間 章,19,64,6.72,5,0.12,,4-3-2,24890,68,4-3,7320,22,2-3-4,2190,8,3-4,3590,10
20250427,浜名湖,6,予選,晴,南西,5,3,6,1,5245,倉 富 大 誠,11,68,6.72,1,0.27,,4-3-2,24890,68,4-3,7320,22,2-3-4,2190,8,3-4,3590,10
20250427,浜名湖,7,予選,晴,南西,5,3,1,3,4914,吉 田 裕 平,31,51,6.73,3,0.13,1.51.7,3-1-4,1210,3,3-1,450,3,1-3-4,530,3,1-3,250,1
20250427,浜名湖,7,予選,晴,南西,5,3,2,1,3277,齋 藤 勇,57,11,6.73,1,0.17,1.54.0,3-1-4,1210,3,3-1,450,3,1-3-4,530,3,1-3,250,1
20250427,浜名湖,7,予選,晴,南西,5,3,3,4,4435,服 部 達 哉,55,43,6.76,5,0.15,1.54.6,3-1-4,1210,3,3-1,450,3,1-3-4,530,3,1-3,250,1
20250427,浜名湖,7,予選,晴,南西,5,3,4,5,4711,前 出 達 吉,36,48,6.73,4,0.11,1.55.0,3-1-4,1210,3,3-1,450,3,1-3-4,530,3,1-3,250,1
20250427,浜名湖,7,予選,晴,南西,5,3,5,6,3714,梶 原 正,35,62,6.78,6,0.19,,3-1-4,1210,3,3-1,450,3,1-3-4,530,3,1-3,250,1
20250427,浜名湖,7,予選,晴,南西,5,3,6,2,3591,後 藤 孝 義,58,22,6.73,2,0.13,,3-1-4,1210,3,3-1,450,3,1-3-4,530,3,1-3,250,1
20250427,浜名湖,8,ブレイクタイ,晴,南西,5,3,1,1,4124,池 田 雄 一,39,46,6.63,1,0.14,1.50.9,1-2-4,390,2,1-2,280,2,1-2-4,140,1,1-2,280,2
20250427,浜名湖,8,ブレイクタイ,晴,南西,5,3,2,2,5066,鈴 木 孝 明,50,27,6.69,2,0.10,1.52.1,1-2-4,390,2,1-2,280,2,1-2-4,140,1,1-2,280,2
20250427,浜名湖,8,ブレイクタイ,晴,南西,5,3,3,4,3554,仲 口 博 崇,21,38,6.68,3,0.10,1.54.4,1-2-4,390,2,1-2,280,2,1-2-4,140,1,1-2,280,2
20250427,浜名湖,8,ブレイクタイ,晴,南西,5,3,4,3,5285,若 林 麗,45,71,6.75,5,0.17,1.55.3,1-2-4,390,2,1-2,280,2,1-2-4,140,1,1-2,280,2
20250427,浜名湖,8,ブレイクタイ,晴,南西,5,3,5,5,4271,川 崎 公 靖,48,24,6.77,4,0.14,,1-2-4,390,2,1-2,280,2,1-2-4,140,1,1-2,280,2
20250427,浜名湖,8,ブレイクタイ,晴,南西,5,3,6,6,5302,秋 末 秦 悟,28,14,6.77,6,0.21,,1-2-4,390,2,1-2,280,2,1-2-4,140,1,1-2,280,2
20250427,浜名湖,9,予選特賞,晴,南西,5,3,1,3,3582,吉 川 昭 男,16,49,6.74,3,0.17,1.52.8,3-2-1,7080,19,3-2,4280,11,1-2-3,340,2,2-3,1900,6
20250427,浜名湖,9,予選特賞,晴,南西,5,3,2,2,4173,岡 谷 健 吾,61,20,6.74,2,0.22,1.53.6,3-2-1,7080,19,3-2,4280,11,1-2-3,340,2,2-3,1900,6
20250427,浜名湖,9,予選特賞,晴,南西,5,3,3,1,4904,松 本 一 毅,53,32,6.73,1,0.31,1.54.6,3-2-1,7080,19,3-2,4280,11,1-2-3,340,2,2-3,1900,6
20250427,浜名湖,9,予選特賞,晴,南西,5,3,4,4,5071,野見山 拓 己,5,36,6.70,4,0.18,1.56.1,3-2-1,7080,19,3-2,4280,11,1-2-3,340,2,2-3,1900,6
20250427,浜名湖,9,予選特賞,晴,南西,5,3,5,6,4803,飯 田 庄 吾,52,26,6.79,6,0.24,,3-2-1,7080,19,3-2,4280,11,1-2-3,340,2,2-3,1900,6
20250427,浜名湖,9,予選特賞,晴,南西,5,3,6,5,5345,牧 村 俊 輝,59,73,6.76,5,0.22,,3-2-1,7080,19,3-2,4280,11,1-2-3,340,2,2-3,1900,6
20250427,浜名湖,10,予選特賞,晴,南西,5,3,1,2,3966,作 間 章,19,64,6.73,2,0.24,1.51.6,2-3-1,4110,13,2-3,1800,7,1-2-3,240,1,2-3,870,4
20250427,浜名湖,10,予選特賞,晴,南西,5,3,2,3,4376,藤 田 靖 弘,54,47,6.71,3,0.28,1.53.0,2-3-1,4110,13,2-3,1800,7,1-2-3,240,1,2-3,870,4
20250427,浜名湖,10,予選特賞,晴,南西,5,3,3,1,3635,石 田 政 吾,66,35,6.78,1,0.26,1.54.3,2-3-1,4110,13,2-3,1800,7,1-2-3,240,1,2-3,870,4
20250427,浜名湖,10,予選特賞,晴,南西,5,3,4,5,4121,富 永 修 一,56,21,6.73,5,0.26,1.54.5,2-3-1,4110,13,2-3,1800,7,1-2-3,240,1,2-3,870,4
20250427,浜名湖,10,予選特賞,晴,南西,5,3,5,4,4182,吉 田 和 仁,8,70,6.76,4,0.25,,2-3-1,4110,13,2-3,1800,7,1-2-3,240,1,2-3,870,4
20250427,浜名湖,10,予選特賞,晴,南西,5,3,6,6,4632,長 尾 京志郎,49,59,6.80,6,0.30,,2-3-1,4110,13,2-3,1800,7,1-2-3,240,1,2-3,870,4
20250427,浜名湖,11,予選特選,晴,南西,5,3,1,1,4477,篠 崎 仁 志,63,63,6.77,1,0.22,1.51.1,1-4-3,2410,13,1-4,570,4,1-3-4,1120,7,1-4,460,3
20250427,浜名湖,11,予選特選,晴,南西,5,3,2,4,3445,加 藤 高 史,15,72,6.70,4,0.26,1.52.2,1-4-3,2410,13,1-4,570,4,1-3-4,1120,7,1-4,460,3
20250427,浜名湖,11,予選特選,晴,南西,5,3,3,3,4081,樋 口 範 政,26,53,6.79,3,0.24,1.53.4,1-4-3,2410,13,1-4,570,4,1-3-4,1120,7,1-4,460,3
20250427,浜名湖,11,予選特選,晴,南西,5,3,4,6,4435,服 部 達 哉,55,43,6.77,6,0.27,1.53.9,1-4-3,2410,13,1-4,570,4,1-3-4,1120,7,1-4,460,3
20250427,浜名湖,11,予選特選,晴,南西,5,3,5,2,3839,川 合 理 司,60,52,6.78,2,0.22,,1-4-3,2410,13,1-4,570,4,1-3-4,1120,7,1-4,460,3
20250427,浜名湖,11,予選特選,晴,南西,5,3,6,5,4381,田 路 朋 史,47,67,6.69,5,0.17,,1-4-3,2410,13,1-4,570,4,1-3-4,1120,7,1-4,460,3
20250427,多摩川,12,予選特選,晴,南西,4,2,1,5,4124,池 田 雄 一,39,46,6.77,5,0.12,1.50.5,5-1-6,3050,11,5-1,1450,5,1-5-6,700,4,1-5,150,1
20250427,多摩川,12,予選特選,晴,南西,4,2,2,1,4914,吉 田 裕 平,31,51,6.79,1,0.19,1.52.0,5-1-6,3050,11,5-1,1450,5,1-5-6,700,4,1-5,150,1
20250427,多摩川,12,予選特選,晴,南西,4,2,3,6,4105,松 下 直 也,34,58,6.80,6,0.15,1.53.9,5-1-6,3050,11,5-1,1450,5,1-5-6,700,4,1-5,150,1
20250427,多摩川,12,予選特選,晴,南西,4,2,4,2,4365,盛 本 真 輔,27,17,6.70,2,0.16,1.55.2,5-1-6,3050,11,5-1,1450,5,1-5-6,700,4,1-5,150,1
20250427,多摩川,12,予選特選,晴,南西,4,2,5,3,4782,浜 崎 準 也,44,13,6.72,3,0.23,,5-1-6,3050,11,5-1,1450,5,1-5-6,700,4,1-5,150,1
20250427,多摩川,12,予選特選,晴,南西,4,2,6,4,3454,井 川 大 作,51,65,6.82,4,0.15,,5-1-6,3050,11,5-1,1450,5,1-5-6,700,4,1-5,150,1
20250427,多摩川,1,予選,晴,南西,3,3,1,1,4976,金 山 立 樹,19,43,6.71,1,0.28,1.49.5,1-3-4,820,1,1-3,530,2,1-3-4,310,1,1-3,440,2
20250427,多摩川,1,予選,晴,南西,3,3,2,3,4245,高 橋 直 哉,70,44,6.68,3,0.31,1.50.1,1-3-4,820,1,1-3,530,2,1-3-4,310,1,1-3,440,2
20250427,多摩川,1,予選,晴,南西,3,3,3,4,4117,廣 中 智紗衣,54,28,6.70,4,0.26,1.50.4,1-3-4,820,1,1-3,530,2,1-3-4,310,1,1-3,440,2
20250427,多摩川,1,予選,晴,南西,3,3,4,6,4114,深 澤 達 徳,16,50,6.71,6,0.16,1.53.5,1-3-4,820,1,1-3,530,2,1-3-4,310,1,1-3,440,2
20250427,多摩川,1,予選,晴,南西,3,3,5,2,5190,大 月 遊 雅,48,31,6.70,2,0.39,,1-3-4,820,1,1-3,530,2,1-3-4,310,1,1-3,440,2
20250427,多摩川,1,予選,晴,南西,3,3,6,5,5314,中 曽 瑠 華,41,24,6.67,5,0.16,,1-3-4,820,1,1-3,530,2,1-3-4,310,1,1-3,440,2
20250427,多摩川,2,予選,晴,南,4,3,1,2,4421,森 作 広 大,11,35,6.76,2,0.13,1.49.6,2-4-6,9540,40,2-4,1780,8,2-4-6,1910,9,2-4,800,4
20250427,多摩川,2,予選,晴,南,4,3,2,4,4688,永 井 彪 也,14,37,6.82,4,0.22,1.50.9,2-4-6,9540,40,2-4,1780,8,2-4-6,1910,9,2-4,800,4
20250427,多摩川,2,予選,晴,南,4,3,3,6,4791,黒 澤 めぐみ,29,79,6.79,6,0.21,1.52.9,2-4-6,9540,40,2-4,1780,8,2-4-6,1910,9,2-4,800,4
20250427,多摩川,2,予選,晴,南,4,3,4,5,4880,澤 崎 雄 哉,23,23,6.78,5,0.23,1.53.2,2-4-6,9540,40,2-4,1780,8,2-4-6,1910,9,2-4,800,4
20250427,多摩川,2,予選,晴,南,4,3,5,1,5253,藤 井 太 雅,69,47,6.84,1,0.25,,2-4-6,9540,40,2-4,1780,8,2-4-6,1910,9,2-4,800,4
20250427,多摩川,2,予選,晴,南,4,3,6,3,4540,相 原 利 章,50,65,6.75,3,0.08,,2-4-6,9540,40,2-4,1780,8,2-4-6,1910,9,2-4,800,4
20250427,多摩川,3,予選,晴,南,3,3,1,1,5201,村 上 宗太郎,30,57,6.66,1,0.12,1.49.8,1-2-3,2630,10,1-2,1310,5,1-2-3,560,3,1-2,1240,4
20250427,多摩川,3,予選,晴,南,3,3,2,2,4781,西 舘 果 里,49,62,6.73,2,0.14,1.50.9,1-2-3,2630,10,1-2,1310,5,1-2-3,560,3,1-2,1240,4
20250427,多摩川,3,予選,晴,南,3,3,3,3,4759,今 泉 友 吾,47,46,6.70,3,0.13,1.52.4,1-2-3,2630,10,1-2,1310,5,1-2-3,560,3,1-2,1240,4
20250427,多摩川,3,予選,晴,南,3,3,4,5,3863,海老澤 泰 行,25,72,6.78,5,0.06,1.54.0,1-2-3,2630,10,1-2,1310,5,1-2-3,560,3,1-2,1240,4
20250427,多摩川,3,予選,晴,南,3,3,5,4,4676,後 藤 隼 之,24,29,6.79,4,0.07,,1-2-3,2630,10,1-2,1310,5,1-2-3,560,3,1-2,1240,4
20250427,多摩川,3,予選,晴,南,3,3,6,6,4891,寺 島 美 里,22,58,6.73,6,0.07,,1-2-3,2630,10,1-2,1310,5,1-2-3,560,3,1-2,1240,4
20250427,多摩川,4,予選,晴,南東,3,2,1,1,3517,高 橋 勲,18,81,6.75,1,0.07,1.49.1,1-3-6,690,2,1-3,290,1,1-3-6,280,2,1-3,230,1
20250427,多摩川,4,予選,晴,南東,3,2,2,3,3792,田 中 豪,38,78,6.70,3,0.13,1.51.0,1-3-6,690,2,1-3,290,1,1-3-6,280,2,1-3,230,1
20250427,多摩川,4,予選,晴,南東,3,2,3,6,4297,山 田 哲 也,66,26,6.74,5,0.01,1.52.2,1-3-6,690,2,1-3,290,1,1-3-6,280,2,1-3,230,1
20250427,多摩川,4,予選,晴,南東,3,2,4,2,4077,品 田 直 樹,68,56,6.78,2,0.15,1.53.4,1-3-6,690,2,1-3,290,1,1-3-6,280,2,1-3,230,1
20250427,多摩川,4,予選,晴,南東,3,2,5,5,4465,大 西 賢,61,45,6.77,4,0.22,,1-3-6,690,2,1-3,290,1,1-3-6,280,2,1-3,230,1
20250427,多摩川,5,予選,晴,南,2,2,1,4,4560,庄 司 樹良々,60,71,6.75,4,0.23,1.48.2,4-5-2,9550,34,4-5,5480,17,2-4-5,1250,5,4-5,3560,9
20250427,多摩川,5,予選,晴,南,2,2,2,5,4641,磯 村 匠,67,48,6.77,5,0.28,1.50.3,4-5-2,9550,34,4-5,5480,17,2-4-5,1250,5,4-5,3560,9
20250427,多摩川,5,予選,晴,南,2,2,3,2,4266,長 田 頼 宗,31,25,6.77,2,0.24,1.51.9,4-5-2,9550,34,4-5,5480,17,2-4-5,1250,5,4-5,3560,9
20250427,多摩川,5,予選,晴,南,2,2,4,1,5190,大 月 遊 雅,48,31,6.77,1,0.27,1.53.6,4-5-2,9550,34,4-5,5480,17,2-4-5,1250,5,4-5,3560,9
20250427,多摩川,5,予選,晴,南,2,2,5,3,5226,藤 田 俊 祐,42,33,6.78,3,0.48,,4-5-2,9550,34,4-5,5480,17,2-4-5,1250,5,4-5,3560,9
20250427,多摩川,5,予選,晴,南,2,2,6,6,3377,塚 田 修 二,59,85,6.82,6,0.28,,4-5-2,9550,34,4-5,5480,17,2-4-5,1250,5,4-5,3560,9
20250427,多摩川,6,予選,晴,南,1,2,1,3,4880,澤 崎 雄 哉,23,23,6.80,3,0.16,1.49.7,3-2-1,40880,88,3-2,8320,22,1-2-3,1970,10,2-3,4190,11
20250427,多摩川,6,予選,晴,南,1,2,2,2,4440,萩 原 知 哉,73,30,6.71,2,0.13,1.50.5,3-2-1,40880,88,3-2,8320,22,1-2-3,1970,10,2-3,4190,11
20250427,多摩川,6,予選,晴,南,1,2,3,1,4875,大 塚 康 雅,15,53,6.78,1,0.23,1.52.2,3-2-1,40880,88,3-2,8320,22,1-2-3,1970,10,2-3,4190,11
20250427,多摩川,6,予選,晴,南,1,2,4,4,4075,中 野 次 郎,12,80,6.78,4,0.14,1.53.5,3-2-1,40880,88,3-2,8320,22,1-2-3,1970,10,2-3,4190,11
20250427,多摩川,6,予選,晴,南,1,2,5,5,4825,倉 持 莉 々,64,55,6.71,5,0.16,,3-2-1,40880,88,3-2,8320,22,1-2-3,1970,10,2-3,4190,11
20250427,多摩川,6,予選,晴,南,1,2,6,6,4245,高 橋 直 哉,70,44,6.76,6,0.16,,3-2-1,40880,88,3-2,8320,22,1-2-3,1970,10,2-3,4190,11
20250427,多摩川,7,予選,晴,南,2,2,1,1,4758,富 樫 麗 加,72,69,6.75,1,0.03,1.48.4,1-3-5,650,1,1-3,290,1,1-3-5,220,1,1-3,250,1
20250427,多摩川,7,予選,晴,南,2,2,2,3,4939,宮之原 輝 紀,63,34,6.72,3,0.08,1.50.2,1-3-5,650,1,1-3,290,1,1-3-5,220,1,1-3,250,1
20250427,多摩川,7,予選,晴,南,2,2,3,5,4906,鈴 木 雅 希,33,38,6.77,4,0.08,1.52.0,1-3-5,650,1,1-3,290,1,1-3-5,220,1,1-3,250,1
20250427,多摩川,7,予選,晴,南,2,2,4,6,4676,後 藤 隼 之,24,29,6.85,5,0.08,1.52.5,1-3-5,650,1,1-3,290,1,1-3-5,220,1,1-3,250,1
20250427,多摩川,7,予選,晴,南,2,2,5,2,4540,相 原 利 章,50,65,6.82,2,0.07,,1-3-5,650,1,1-3,290,1,1-3-5,220,1,1-3,250,1
20250427,多摩川,7,予選,晴,南,2,2,6,4,5314,中 曽 瑠 華,41,24,6.79,6,0.19,,1-3-5,650,1,1-3,290,1,1-3-5,220,1,1-3,250,1
20250427,多摩川,8,予選,晴,南,2,2,1,1,4134,杉 山 貴 博,55,21,6.74,1,0.15,1.48.8,1-5-6,1100,4,1-5,550,3,1-5-6,360,2,1-5,560,3
20250427,多摩川,8,予選,晴,南,2,2,2,5,4644,山 田 亮 太,57,73,6.81,5,0.19,1.50.0,1-5-6,1100,4,1-5,550,3,1-5-6,360,2,1-5,560,3
20250427,多摩川,8,予選,晴,南,2,2,3,6,4847,佐 藤 隆太郎,26,22,6.77,6,0.21,1.52.2,1-5-6,1100,4,1-5,550,3,1-5-6,360,2,1-5,560,3
20250427,多摩川,8,予選,晴,南,2,2,4,4,4781,西 舘 果 里,49,62,6.79,4,0.16,1.52.9,1-5-6,1100,4,1-5,550,3,1-5-6,360,2,1-5,560,3
20250427,多摩川,8,予選,晴,南,2,2,5,2,4465,大 西 賢,61,45,6.84,2,0.25,,1-5-6,1100,4,1-5,550,3,1-5-6,360,2,1-5,560,3
20250427,多摩川,8,予選,晴,南,2,2,6,3,5253,藤 井 太 雅,69,47,6.89,3,0.25,,1-5-6,1100,4,1-5,550,3,1-5-6,360,2,1-5,560,3
20250427,多摩川,9,予選,晴,南東,2,2,1,1,4117,廣 中 智紗衣,54,28,6.77,1,0.11,1.48.1,1-6-2,3970,13,1-6,1090,4,1-2-6,1150,6,1-6,980,4
20250427,多摩川,9,予選,晴,南東,2,2,2,6,3792,田 中 豪,38,78,6.81,6,0.07,1.50.9,1-6-2,3970,13,1-6,1090,4,1-2-6,1150,6,1-6,980,4
20250427,多摩川,9,予選,晴,南東,2,2,3,2,3569,増 田 進,44,27,6.78,2,0.13,1.52.1,1-6-2,3970,13,1-6,1090,4,1-2-6,1150,6,1-6,980,4
20250427,多摩川,9,予選,晴,南東,2,2,4,4,4421,森 作 広 大,11,35,6.81,4,0.17,1.53.1,1-6-2,3970,13,1-6,1090,4,1-2-6,1150,6,1-6,980,4
20250427,多摩川,9,予選,晴,南東,2,2,5,5,4286,平 田 さやか,62,52,6.72,5,0.13,,1-6-2,3970,13,1-6,1090,4,1-2-6,1150,6,1-6,980,4
20250427,多摩川,9,予選,晴,南東,2,2,6,3,3863,海老澤 泰 行,25,72,6.78,3,0.14,,1-6-2,3970,13,1-6,1090,4,1-2-6,1150,6,1-6,980,4
20250427,多摩川,10,新緑選抜戦,晴,南,2,2,1,1,4825,倉 持 莉 々,64,55,6.73,1,0.18,1.49.3,1-3-6,1750,5,1-3,540,2,1-3-6,670,2,1-3,440,2
20250427,多摩川,10,新緑選抜戦,晴,南,2,2,2,3,4891,寺 島 美 里,22,58,6.80,3,0.16,1.50.4,1-3-6,1750,5,1-3,540,2,1-3-6,670,2,1-3,440,2
20250427,多摩川,10,新緑選抜戦,晴,南,2,2,3,6,4266,長 田 頼 宗,31,25,6.79,6,0.17,1.51.8,1-3-6,1750,5,1-3,540,2,1-3-6,670,2,1-3,440,2
20250427,多摩川,10,新緑選抜戦,晴,南,2,2,4,2,4976,金 山 立 樹,19,43,6.82,2,0.23,1.52.4,1-3-6,1750,5,1-3,540,2,1-3-6,670,2,1-3,440,2
20250427,多摩川,10,新緑選抜戦,晴,南,2,2,5,4,3517,高 橋 勲,18,81,6.83,4,0.18,,1-3-6,1750,5,1-3,540,2,1-3-6,670,2,1-3,440,2
20250427,多摩川,10,新緑選抜戦,晴,南,2,2,6,5,4815,伏 島 祐 介,17,59,6.82,5,0.17,,1-3-6,1750,5,1-3,540,2,1-3-6,670,2,1-3,440,2
20250427,多摩川,11,新緑選抜戦,晴,南東,2,2,1,1,4688,永 井 彪 也,14,37,6.87,1,0.09,1.48.5,1-2-6,2510,12,1-2,320,2,1-2-6,1840,9,1-2,380,3
20250427,多摩川,11,新緑選抜戦,晴,南東,2,2,2,2,4114,深 澤 達 徳,16,50,6.86,2,0.11,1.50.0,1-2-6,2510,12,1-2,320,2,1-2-6,1840,9,1-2,380,3
20250427,多摩川,11,新緑選抜戦,晴,南東,2,2,3,6,4560,庄 司 樹良々,60,71,6.79,6,0.18,1.51.1,1-2-6,2510,12,1-2,320,2,1-2-6,1840,9,1-2,380,3
20250427,多摩川,11,新緑選抜戦,晴,南東,2,2,4,4,4758,富 樫 麗 加,72,69,6.78,4,0.15,1.52.1,1-2-6,2510,12,1-2,320,2,1-2-6,1840,9,1-2,380,3
20250427,多摩川,11,新緑選抜戦,晴,南東,2,2,5,5,4889,後 藤 盛 也,53,32,6.80,5,0.05,,1-2-6,2510,12,1-2,320,2,1-2-6,1840,9,1-2,380,3
20250427,多摩川,11,新緑選抜戦,晴,南東,2,2,6,3,4945,上 村 宏 太,39,36,6.83,3,0.12,,1-2-6,2510,12,1-2,320,2,1-2-6,1840,9,1-2,380,3
20250427,平和島,12,ドリーム２ｎ,晴,南,1,2,1,3,3590,濱野谷 憲 吾,36,42,6.71,3,0.11,1.48.9,3-1-5,2750,10,3-1,970,5,1-3-5,550,3,1-3,230,1
20250427,平和島,12,ドリーム２ｎ,晴,南,1,2,2,1,4075,中 野 次 郎,12,80,6.84,1,0.14,1.49.9,3-1-5,2750,10,3-1,970,5,1-3-5,550,3,1-3,230,1
20250427,平和島,12,ドリーム２ｎ,晴,南,1,2,3,5,4759,今 泉 友 吾,47,46,6.78,5,0.05,1.51.2,3-1-5,2750,10,3-1,970,5,1-3-5,550,3,1-3,230,1
20250427,平和島,12,ドリーム２ｎ,晴,南,1,2,4,4,4297,山 田 哲 也,66,26,6.68,4,0.10,1.52.0,3-1-5,2750,10,3-1,970,5,1-3-5,550,3,1-3,230,1
20250427,平和島,12,ドリーム２ｎ,晴,南,1,2,5,2,4134,杉 山 貴 博,55,21,6.77,2,0.21,,3-1-5,2750,10,3-1,970,5,1-3-5,550,3,1-3,230,1
20250427,平和島,12,ドリーム２ｎ,晴,南,1,2,6,6,5226,藤 田 俊 祐,42,33,6.80,6,0.13,,3-1-5,2750,10,3-1,970,5,1-3-5,550,3,1-3,230,1
20250427,平和島,1,予選,晴,南,6,4,1,1,4226,村 田 浩 司,12,63,6.96,1,0.27,1.50.6,1-5-4,3840,21,1-5,1160,6,1-4-5,700,4,1-5,750,5
20250427,平和島,1,予選,晴,南,6,4,2,5,4925,森 悠 稀,36,32,6.85,4,0.17,1.52.2,1-5-4,3840,21,1-5,1160,6,1-4-5,700,4,1-5,750,5
20250427,平和島,1,予選,晴,南,6,4,3,4,5098,大 江 純,24,39,6.83,5,0.24,1.54.4,1-5-4,3840,21,1-5,1160,6,1-4-5,700,4,1-5,750,5
20250427,平和島,1,予選,晴,南,6,4,4,6,5377,鳥居塚 嶺 王,48,24,7.01,6,0.22,1.55.3,1-5-4,3840,21,1-5,1160,6,1-4-5,700,4,1-5,750,5
20250427,平和島,1,予選,晴,南,6,4,5,2,5135,仲 航 太,25,64,6.94,2,0.24,,1-5-4,3840,21,1-5,1160,6,1-4-5,700,4,1-5,750,5
20250427,平和島,1,予選,晴,南,6,4,6,3,5315,浅 井 翼,28,40,7.03,3,0.30,,1-5-4,3840,21,1-5,1160,6,1-4-5,700,4,1-5,750,5
20250427,平和島,2,予選,晴,南,8,5,1,4,3505,山 田 竜 一,39,36,7.04,4,0.04,1.52.3,4-1-2,3950,15,4-1,1500,8,1-2-4,430,1,1-4,630,3
20250427,平和島,2,予選,晴,南,8,5,2,1,4041,小 林 基 樹,15,37,7.00,1,0.06,1.54.0,4-1-2,3950,15,4-1,1500,8,1-2-4,430,1,1-4,630,3
20250427,平和島,2,予選,晴,南,8,5,3,2,3939,渡 辺 真 至,37,68,7.11,2,0.08,1.55.5,4-1-2,3950,15,4-1,1500,8,1-2-4,430,1,1-4,630,3
20250427,平和島,2,予選,晴,南,8,5,4,6,5368,宮 崎 心之介,59,69,7.05,6,0.14,1.56.1,4-1-2,3950,15,4-1,1500,8,1-2-4,430,1,1-4,630,3
20250427,平和島,2,予選,晴,南,8,5,5,3,4872,山 下 流 心,34,62,7.08,3,0.05,,4-1-2,3950,15,4-1,1500,8,1-2-4,430,1,1-4,630,3
20250427,平和島,2,予選,晴,南,8,5,6,5,3986,沖 島 広 和,31,27,7.05,5,0.12,,4-1-2,3950,15,4-1,1500,8,1-2-4,430,1,1-4,630,3
20250427,平和島,3,予選,晴,南,6,5,1,2,3828,明 石 正 之,72,16,7.06,2,0.25,1.52.2,2-4-3,11810,49,2-4,2630,11,2-3-4,3010,14,2-4,1410,7
20250427,平和島,3,予選,晴,南,6,5,2,4,4093,吉 田 宗 弘,27,12,6.96,4,0.27,1.54.0,2-4-3,11810,49,2-4,2630,11,2-3-4,3010,14,2-4,1410,7
20250427,平和島,3,予選,晴,南,6,5,3,3,3935,岩 津 徹 郎,70,15,7.07,3,0.26,1.54.5,2-4-3,11810,49,2-4,2630,11,2-3-4,3010,14,2-4,1410,7
20250427,平和島,3,予選,晴,南,6,5,4,6,4161,黒 柳 浩 孝,44,26,6.90,6,0.23,1.55.6,2-4-3,11810,49,2-4,2630,11,2-3-4,3010,14,2-4,1410,7
20250427,平和島,3,予選,晴,南,6,5,5,1,3584,佐々木 英 樹,30,19,7.02,1,0.24,,2-4-3,11810,49,2-4,2630,11,2-3-4,3010,14,2-4,1410,7
20250427,平和島,3,予選,晴,南,6,5,6,5,4252,松 下 哲 也,33,25,6.93,5,0.25,,2-4-3,11810,49,2-4,2630,11,2-3-4,3010,14,2-4,1410,7
20250427,平和島,4,予選,晴,南,6,5,1,1,4564,山 本 景士郎,63,70,6.95,1,0.07,1.51.6,1-2-4,1120,1,1-2,480,1,1-2-4,260,1,1-2,370,1
20250427,平和島,4,予選,晴,南,6,5,2,2,4012,中 村 有 裕,61,60,7.10,2,0.07,1.53.4,1-2-4,1120,1,1-2,480,1,1-2-4,260,1,1-2,370,1
20250427,平和島,4,予選,晴,南,6,5,3,4,5095,小 原 聡 将,57,72,7.00,4,0.12,1.54.1,1-2-4,1120,1,1-2,480,1,1-2-4,260,1,1-2,370,1
20250427,平和島,4,予選,晴,南,6,5,4,3,3748,小 黒 竜 吾,14,29,7.03,3,0.11,1.54.5,1-2-4,1120,1,1-2,480,1,1-2-4,260,1,1-2,370,1
20250427,平和島,4,予選,晴,南,6,5,5,6,3442,宮 武 英 司,26,34,6.96,6,0.17,,1-2-4,1120,1,1-2,480,1,1-2-4,260,1,1-2,370,1
20250427,平和島,4,予選,晴,南,6,5,6,5,5074,大 澤 誠 也,45,35,6.91,5,0.13,,1-2-4,1120,1,1-2,480,1,1-2-4,260,1,1-2,370,1
20250427,平和島,5,東京ベイラン,晴,南,7,5,1,1,4137,君 島 秀 三,62,73,6.87,1,0.15,1.52.9,1-6-2,3190,13,1-6,370,3,1-2-6,930,5,1-6,600,3
20250427,平和島,5,東京ベイラン,晴,南,7,5,2,6,3708,岡 部 貴 司,35,74,7.03,6,0.10,1.54.4,1-6-2,3190,13,1-6,370,3,1-2-6,930,5,1-6,600,3
20250427,平和島,5,東京ベイラン,晴,南,7,5,3,2,3286,坂 東 満,67,13,7.01,2,0.16,1.55.8,1-6-2,3190,13,1-6,370,3,1-2-6,930,5,1-6,600,3
20250427,平和島,5,東京ベイラン,晴,南,7,5,4,4,5315,浅 井 翼,28,40,6.92,4,0.10,1.56.0,1-6-2,3190,13,1-6,370,3,1-2-6,930,5,1-6,600,3
20250427,平和島,5,東京ベイラン,晴,南,7,5,5,3,5022,伊 藤 尚 汰,58,14,6.91,3,0.16,,1-6-2,3190,13,1-6,370,3,1-2-6,930,5,1-6,600,3
20250427,平和島,5,東京ベイラン,晴,南,7,5,6,5,4203,小 倉 康 典,52,30,7.00,5,0.14,,1-6-2,3190,13,1-6,370,3,1-2-6,930,5,1-6,600,3
20250427,平和島,6,予選,晴,南,6,5,1,2,4710,福 田 宗 平,17,38,7.12,2,0.15,1.51.1,2-1-4,1130,2,2-1,400,1,1-2-4,310,1,1-2,240,1
20250427,平和島,6,予選,晴,南,6,5,2,1,4988,牟 田 奨 太,29,10,7.23,1,0.08,1.54.5,2-1-4,1130,2,2-1,400,1,1-2-4,310,1,1-2,240,1
20250427,平和島,6,予選,晴,南,6,5,3,4,3406,中 里 英 夫,40,21,7.31,4,0.19,1.55.1,2-1-4,1130,2,2-1,400,1,1-2-4,310,1,1-2,240,1
20250427,平和島,6,予選,晴,南,6,5,4,3,4129,宇 野 博 之,38,65,7.23,3,0.13,1.56.6,2-1-4,1130,2,2-1,400,1,1-2-4,310,1,1-2,240,1
20250427,平和島,6,予選,晴,南,6,5,5,6,4872,山 下 流 心,34,62,7.10,5,0.23,,2-1-4,1130,2,2-1,400,1,1-2-4,310,1,1-2,240,1
20250427,平和島,7,予選,晴,南,7,5,1,3,4832,権 藤 俊 光,32,75,7.01,3,0.13,1.52.3,3-2-4,4640,15,3-2,1360,5,2-3-4,1050,5,2-3,530,2
20250427,平和島,7,予選,晴,南,7,5,2,2,3935,岩 津 徹 郎,70,15,7.15,2,0.14,1.53.4,3-2-4,4640,15,3-2,1360,5,2-3-4,1050,5,2-3,530,2
20250427,平和島,7,予選,晴,南,7,5,3,4,3986,沖 島 広 和,31,27,6.98,4,0.18,1.55.0,3-2-4,4640,15,3-2,1360,5,2-3-4,1050,5,2-3,530,2
20250427,平和島,7,予選,晴,南,7,5,4,6,3455,谷 本 幸 司,49,11,7.05,6,0.22,1.55.1,3-2-4,4640,15,3-2,1360,5,2-3-4,1050,5,2-3,530,2
20250427,平和島,7,予選,晴,南,7,5,5,5,3965,北 中 元 樹,47,33,7.15,5,0.20,,3-2-4,4640,15,3-2,1360,5,2-3-4,1050,5,2-3,530,2
20250427,平和島,7,予選,晴,南,7,5,6,1,4404,岸 蔭 亮,21,20,7.00,1,0.23,,3-2-4,4640,15,3-2,1360,5,2-3-4,1050,5,2-3,530,2
20250427,平和島,8,ベイブレイク,晴,南,6,5,1,4,4776,竹 田 和 哉,22,23,7.05,4,0.10,1.53.0,4-1-2,3750,15,4-1,710,3,1-2-4,600,4,1-4,140,1
20250427,平和島,8,ベイブレイク,晴,南,6,5,2,1,3505,山 田 竜 一,39,36,6.96,1,0.08,1.53.5,4-1-2,3750,15,4-1,710,3,1-2-4,600,4,1-4,140,1
20250427,平和島,8,ベイブレイク,晴,南,6,5,3,2,3461,渡 邊 哲 也,71,17,7.14,2,0.18,1.55.6,4-1-2,3750,15,4-1,710,3,1-2-4,600,4,1-4,140,1
20250427,平和島,8,ベイブレイク,晴,南,6,5,4,5,5127,沼 田 大 都,51,71,7.14,5,0.20,1.55.7,4-1-2,3750,15,4-1,710,3,1-2-4,600,4,1-4,140,1
20250427,平和島,8,ベイブレイク,晴,南,6,5,5,6,3748,小 黒 竜 吾,14,29,7.05,6,0.23,,4-1-2,3750,15,4-1,710,3,1-2-4,600,4,1-4,140,1
20250427,平和島,8,ベイブレイク,晴,南,6,5,6,3,4226,村 田 浩 司,12,63,7.04,3,0.17,,4-1-2,3750,15,4-1,710,3,1-2-4,600,4,1-4,140,1
20250427,平和島,9,予選特賞,晴,南,7,5,1,1,5135,仲 航 太,25,64,7.05,1,0.06,1.51.7,1-4-2,2570,8,1-4,760,3,1-2-4,760,3,1-4,950,4
20250427,平和島,9,予選特賞,晴,南,7,5,2,4,4564,山 本 景士郎,63,70,7.04,4,0.12,1.53.4,1-4-2,2570,8,1-4,760,3,1-2-4,760,3,1-4,950,4
20250427,平和島,9,予選特賞,晴,南,7,5,3,2,3963,原 田 秀 弥,66,28,7.09,2,0.12,1.54.5,1-4-2,2570,8,1-4,760,3,1-2-4,760,3,1-4,950,4
20250427,平和島,9,予選特賞,晴,南,7,5,4,3,3828,明 石 正 之,72,16,7.09,3,0.12,1.55.4,1-4-2,2570,8,1-4,760,3,1-2-4,760,3,1-4,950,4
20250427,平和島,9,予選特賞,晴,南,7,5,5,6,3939,渡 辺 真 至,37,68,7.01,6,0.18,,1-4-2,2570,8,1-4,760,3,1-2-4,760,3,1-4,950,4
20250427,平和島,9,予選特賞,晴,南,7,5,6,5,5022,伊 藤 尚 汰,58,14,7.00,5,0.15,,1-4-2,2570,8,1-4,760,3,1-2-4,760,3,1-4,950,4
20250427,平和島,10,予選特賞,晴,南,6,5,1,5,4138,中 井 俊 祐,23,18,6.82,5,0.12,2.02.8,5-1-2,7090,23,5-1,1940,7,1-2-5,830,4,1-5,710,3
20250427,平和島,10,予選特賞,晴,南,6,5,2,1,4925,森 悠 稀,36,32,6.86,1,0.13,2.06.3,5-1-2,7090,23,5-1,1940,7,1-2-5,830,4,1-5,710,3
20250427,平和島,10,予選特賞,晴,南,6,5,3,2,4203,小 倉 康 典,52,30,6.94,2,0.12,2.09.7,5-1-2,7090,23,5-1,1940,7,1-2-5,830,4,1-5,710,3
20250427,平和島,10,予選特賞,晴,南,6,5,4,6,4129,宇 野 博 之,38,65,6.97,6,0.17,2.13.5,5-1-2,7090,23,5-1,1940,7,1-2-5,830,4,1-5,710,3
20250427,平和島,10,予選特賞,晴,南,6,5,5,3,5095,小 原 聡 将,57,72,6.92,3,0.20,,5-1-2,7090,23,5-1,1940,7,1-2-5,830,4,1-5,710,3
20250427,平和島,11,予選特選,晴,南,5,5,1,6,4260,中 越 博 紀,19,22,6.87,6,0.15,1.50.8,6-1-2,3490,11,6-1,1350,4,1-2-6,420,2,1-6,410,2
20250427,平和島,11,予選特選,晴,南,5,5,2,1,4710,福 田 宗 平,17,38,6.93,1,0.21,1.52.1,6-1-2,3490,11,6-1,1350,4,1-2-6,420,2,1-6,410,2
20250427,平和島,11,予選特選,晴,南,5,5,3,2,3965,北 中 元 樹,47,33,6.97,2,0.28,1.54.3,6-1-2,3490,11,6-1,1350,4,1-2-6,420,2,1-6,410,2
20250427,平和島,11,予選特選,晴,南,5,5,4,3,5074,大 澤 誠 也,45,35,6.89,3,0.20,1.56.3,6-1-2,3490,11,6-1,1350,4,1-2-6,420,2,1-6,410,2
20250427,平和島,11,予選特選,晴,南,5,5,5,4,3286,坂 東 満,67,13,6.92,4,0.23,,6-1-2,3490,11,6-1,1350,4,1-2-6,420,2,1-6,410,2
20250427,平和島,11,予選特選,晴,南,5,5,6,5,3584,佐々木 英 樹,30,19,7.04,5,0.19,,6-1-2,3490,11,6-1,1350,4,1-2-6,420,2,1-6,410,2
20250427,江戸川,12,平和島選抜,晴,南,5,4,1,1,4776,竹 田 和 哉,22,23,6.91,1,0.15,1.51.6,1-2-3,1230,3,1-2,480,2,1-2-3,310,1,1-2,280,2
20250427,江戸川,12,平和島選抜,晴,南,5,4,2,2,4161,黒 柳 浩 孝,44,26,6.85,2,0.14,1.52.4,1-2-3,1230,3,1-2,480,2,1-2-3,310,1,1-2,280,2
20250427,江戸川,12,平和島選抜,晴,南,5,4,3,3,4137,君 島 秀 三,62,73,6.93,3,0.19,1.53.4,1-2-3,1230,3,1-2,480,2,1-2-3,310,1,1-2,280,2
20250427,江戸川,12,平和島選抜,晴,南,5,4,4,4,4012,中 村 有 裕,61,60,6.91,5,0.22,1.56.1,1-2-3,1230,3,1-2,480,2,1-2-3,310,1,1-2,280,2
20250427,江戸川,12,平和島選抜,晴,南,5,4,5,5,4832,権 藤 俊 光,32,75,6.98,4,0.22,,1-2-3,1230,3,1-2,480,2,1-2-3,310,1,1-2,280,2
20250427,江戸川,1,予選,晴,南西,10,20,1,1,4211,村 田 敦,34,13,8.27,1,0.06,1.19.0,1-2-6,4150,11,1-2,590,1,1-2-6,1450,5,1-2,360,1
20250427,江戸川,1,予選,晴,南西,10,20,2,2,3226,浦 田 信 義,20,59,7.80,2,0.16,1.19.7,1-2-6,4150,11,1-2,590,1,1-2-6,1450,5,1-2,360,1
20250427,江戸川,1,予選,晴,南西,10,20,3,6,3313,本 吉 正 樹,18,22,7.42,6,0.22,1.20.9,1-2-6,4150,11,1-2,590,1,1-2-6,1450,5,1-2,360,1
20250427,江戸川,1,予選,晴,南西,10,20,4,3,4274,長 畑 友 輔,57,28,7.88,3,0.15,1.22.3,1-2-6,4150,11,1-2,590,1,1-2-6,1450,5,1-2,360,1
20250427,江戸川,1,予選,晴,南西,10,20,5,4,4813,宮 内 直 哉,56,31,7.11,4,0.18,,1-2-6,4150,11,1-2,590,1,1-2-6,1450,5,1-2,360,1
20250427,江戸川,1,予選,晴,南西,10,20,6,5,5070,中 島 航,55,62,7.50,5,0.26,,1-2-6,4150,11,1-2,590,1,1-2-6,1450,5,1-2,360,1
20250427,江戸川,2,予選,晴,南西,8,20,1,1,4318,桑 原 将 光,54,54,7.29,1,0.12,1.19.7,1-3-6,2180,7,1-3,420,2,1-3-6,1100,6,1-3,240,1
20250427,江戸川,2,予選,晴,南西,8,20,2,3,4568,廣 瀬 真 也,26,18,7.29,3,0.14,1.20.5,1-3-6,2180,7,1-3,420,2,1-3-6,1100,6,1-3,240,1
20250427,江戸川,2,予選,晴,南西,8,20,3,6,3888,山 本 英 志,64,53,7.43,6,0.19,1.21.1,1-3-6,2180,7,1-3,420,2,1-3-6,1100,6,1-3,240,1
20250427,江戸川,2,予選,晴,南西,8,20,4,2,4615,板 倉 敦 史,68,56,7.42,2,0.13,1.21.5,1-3-6,2180,7,1-3,420,2,1-3-6,1100,6,1-3,240,1
20250427,江戸川,2,予選,晴,南西,8,20,5,5,5228,若 林 樹 蘭,62,32,7.20,5,0.16,,1-3-6,2180,7,1-3,420,2,1-3-6,1100,6,1-3,240,1
20250427,江戸川,2,予選,晴,南西,8,20,6,4,4145,小 澤 学,53,48,7.68,4,0.19,,1-3-6,2180,7,1-3,420,2,1-3-6,1100,6,1-3,240,1
20250427,江戸川,3,予選,晴,南,8,20,1,5,3303,渡 辺 豊,13,40,7.24,5,0.13,1.17.8,5-4-1,28060,95,5-4,5640,23,1-4-5,2500,14,4-5,1010,6
20250427,江戸川,3,予選,晴,南,8,20,2,4,4468,大 池 佑 来,58,38,7.04,4,0.06,1.18.3,5-4-1,28060,95,5-4,5640,23,1-4-5,2500,14,4-5,1010,6
20250427,江戸川,3,予選,晴,南,8,20,3,1,5103,芝 田 京 介,21,21,7.28,1,0.29,1.19.6,5-4-1,28060,95,5-4,5640,23,1-4-5,2500,14,4-5,1010,6
20250427,江戸川,3,予選,晴,南,8,20,4,3,3105,内 山 文 典,48,69,7.42,3,0.16,1.19.9,5-4-1,28060,95,5-4,5640,23,1-4-5,2500,14,4-5,1010,6
20250427,江戸川,3,予選,晴,南,8,20,5,2,4619,伏 田 裕 隆,46,30,7.24,2,0.32,,5-4-1,28060,95,5-4,5640,23,1-4-5,2500,14,4-5,1010,6
20250427,江戸川,3,予選,晴,南,8,20,6,6,4610,佐 藤 大 佑,12,34,7.26,6,0.14,,5-4-1,28060,95,5-4,5640,23,1-4-5,2500,14,4-5,1010,6
20250427,江戸川,4,予選,晴,南,8,20,1,2,4728,山 口 亮,61,20,7.32,2,0.07,1.16.8,2-4-3,4180,19,2-4,1850,11,2-3-4,630,2,2-4,1070,6
20250427,江戸川,4,予選,晴,南,8,20,2,4,4598,加 藤 政 彦,50,36,7.46,4,0.08,1.18.1,2-4-3,4180,19,2-4,1850,11,2-3-4,630,2,2-4,1070,6
20250427,江戸川,4,予選,晴,南,8,20,3,3,4335,若 林 将,71,37,7.41,3,0.08,1.18.5,2-4-3,4180,19,2-4,1850,11,2-3-4,630,2,2-4,1070,6
20250427,江戸川,4,予選,晴,南,8,20,4,1,3306,武 田 正 紀,45,52,7.31,1,0.27,1.20.0,2-4-3,4180,19,2-4,1850,11,2-3-4,630,2,2-4,1070,6
20250427,江戸川,4,予選,晴,南,8,20,5,6,3602,奥 平 拓 也,17,55,7.58,6,0.09,,2-4-3,4180,19,2-4,1850,11,2-3-4,630,2,2-4,1070,6
20250427,江戸川,4,予選,晴,南,8,20,6,5,3467,森 弘 行,29,45,7.33,5,0.13,,2-4-3,4180,19,2-4,1850,11,2-3-4,630,2,2-4,1070,6
20250427,江戸川,5,予選,晴,南,8,20,1,1,4053,芦 澤 望,59,58,7.12,1,0.11,1.17.8,1-2-5,1220,1,1-2,540,3,1-2-5,370,1,1-2,250,1
20250427,江戸川,5,予選,晴,南,8,20,2,2,5007,近 藤 雄一郎,39,15,7.14,2,0.15,1.18.9,1-2-5,1220,1,1-2,540,3,1-2-5,370,1,1-2,250,1
20250427,江戸川,5,予選,晴,南,8,20,3,5,4366,前 沢 丈 史,70,71,7.31,5,0.13,1.19.0,1-2-5,1220,1,1-2,540,3,1-2-5,370,1,1-2,250,1
20250427,江戸川,5,予選,晴,南,8,20,4,4,3868,尾 形 栄 治,31,35,7.37,4,0.13,1.19.7,1-2-5,1220,1,1-2,540,3,1-2-5,370,1,1-2,250,1
20250427,江戸川,5,予選,晴,南,8,20,5,3,3202,三 品 隆 浩,51,12,7.25,3,0.18,,1-2-5,1220,1,1-2,540,3,1-2-5,370,1,1-2,250,1
20250427,江戸川,5,予選,晴,南,8,20,6,6,5063,大 塚 雅 治,66,29,7.47,6,0.29,,1-2-5,1220,1,1-2,540,3,1-2-5,370,1,1-2,250,1
20250427,江戸川,6,予選,晴,南,8,20,1,5,4059,入 澤 友 治,60,33,7.18,5,0.21,1.17.7,5-4-6,2890,7,5-4,1440,5,4-5-6,690,2,4-5,550,1
20250427,江戸川,6,予選,晴,南,8,20,2,4,4086,寺 本 重 宣,10,51,7.15,4,0.21,1.18.8,5-4-6,2890,7,5-4,1440,5,4-5-6,690,2,4-5,550,1
20250427,江戸川,6,予選,晴,南,8,20,3,6,4438,森 作 雄 大,69,43,7.12,6,0.17,1.19.5,5-4-6,2890,7,5-4,1440,5,4-5-6,690,2,4-5,550,1
20250427,江戸川,6,予選,晴,南,8,20,4,3,5147,田 中 勇 輔,28,26,7.28,3,0.24,1.19.9,5-4-6,2890,7,5-4,1440,5,4-5-6,690,2,4-5,550,1
20250427,江戸川,6,予選,晴,南,8,20,5,1,5242,高 山 弘 斗,30,24,7.21,1,0.22,,5-4-6,2890,7,5-4,1440,5,4-5-6,690,2,4-5,550,1
20250427,江戸川,6,予選,晴,南,8,20,6,2,4145,小 澤 学,53,48,7.43,2,0.38,,5-4-6,2890,7,5-4,1440,5,4-5-6,690,2,4-5,550,1
20250427,江戸川,7,予選,晴,南,9,20,1,2,3888,山 本 英 志,64,53,7.14,2,0.09,1.17.1,2-5-1,4570,14,2-5,870,3,1-2-5,800,4,2-5,830,4
20250427,江戸川,7,予選,晴,南,9,20,2,5,4345,西 舘 健,16,64,7.30,5,0.12,1.18.1,2-5-1,4570,14,2-5,870,3,1-2-5,800,4,2-5,830,4
20250427,江戸川,7,予選,晴,南,9,20,3,1,4956,齊 藤 大 将,22,65,7.22,1,0.24,1.18.3,2-5-1,4570,14,2-5,870,3,1-2-5,800,4,2-5,830,4
20250427,江戸川,7,予選,晴,南,9,20,4,6,4468,大 池 佑 来,58,38,7.08,6,0.18,1.19.3,2-5-1,4570,14,2-5,870,3,1-2-5,800,4,2-5,830,4
20250427,江戸川,7,予選,晴,南,9,20,5,4,3656,伯 母 芳 恒,32,11,7.11,4,0.10,,2-5-1,4570,14,2-5,870,3,1-2-5,800,4,2-5,830,4
20250427,江戸川,7,予選,晴,南,9,20,6,3,5070,中 島 航,55,62,7.11,3,0.12,,2-5-1,4570,14,2-5,870,3,1-2-5,800,4,2-5,830,4
20250427,江戸川,8,予選,晴,南,8,20,1,1,4274,長 畑 友 輔,57,28,7.10,1,0.17,1.17.3,1-6-4,17660,50,1-6,1640,8,1-4-6,3860,13,1-6,1370,5
20250427,江戸川,8,予選,晴,南,8,20,2,6,4748,渡 邉 雄 朗,40,46,6.93,6,0.07,1.18.1,1-6-4,17660,50,1-6,1640,8,1-4-6,3860,13,1-6,1370,5
20250427,江戸川,8,予選,晴,南,8,20,3,4,4619,伏 田 裕 隆,46,30,7.37,4,0.12,1.18.4,1-6-4,17660,50,1-6,1640,8,1-4-6,3860,13,1-6,1370,5
20250427,江戸川,8,予選,晴,南,8,20,4,3,4723,寺 島 吉 彦,35,16,7.34,3,0.16,1.19.0,1-6-4,17660,50,1-6,1640,8,1-4-6,3860,13,1-6,1370,5
20250427,江戸川,8,予選,晴,南,8,20,5,2,4335,若 林 将,71,37,7.18,2,0.11,,1-6-4,17660,50,1-6,1640,8,1-4-6,3860,13,1-6,1370,5
20250427,江戸川,8,予選,晴,南,8,20,6,5,3306,武 田 正 紀,45,52,7.19,5,0.12,,1-6-4,17660,50,1-6,1640,8,1-4-6,3860,13,1-6,1370,5
20250427,江戸川,9,予選,晴,南,7,20,1,1,4728,山 口 亮,61,20,7.21,1,0.12,1.16.7,1-2-4,1360,2,1-2,510,1,1-2-4,360,1,1-2,220,1
20250427,江戸川,9,予選,晴,南,7,20,2,2,4610,佐 藤 大 佑,12,34,7.22,2,0.20,1.17.2,1-2-4,1360,2,1-2,510,1,1-2-4,360,1,1-2,220,1
20250427,江戸川,9,予選,晴,南,7,20,3,4,4366,前 沢 丈 史,70,71,7.43,4,0.20,1.17.5,1-2-4,1360,2,1-2,510,1,1-2-4,360,1,1-2,220,1
20250427,江戸川,9,予選,晴,南,7,20,4,6,5228,若 林 樹 蘭,62,32,7.38,6,0.35,1.19.0,1-2-4,1360,2,1-2,510,1,1-2-4,360,1,1-2,220,1
20250427,江戸川,9,予選,晴,南,7,20,5,5,4258,関 根 彰 人,33,70,7.39,5,0.26,,1-2-4,1360,2,1-2,510,1,1-2-4,360,1,1-2,220,1
20250427,江戸川,9,予選,晴,南,7,20,6,3,4813,宮 内 直 哉,56,31,7.24,3,0.26,,1-2-4,1360,2,1-2,510,1,1-2-4,360,1,1-2,220,1
20250427,江戸川,10,予選ラリー選,晴,南,7,20,1,1,4059,入 澤 友 治,60,33,7.04,1,0.06,1.15.9,1-5-6,2730,10,1-5,830,4,1-5-6,1020,6,1-5,850,4
20250427,江戸川,10,予選ラリー選,晴,南,7,20,2,5,4379,桑 島 和 宏,27,14,7.24,5,0.15,1.17.2,1-5-6,2730,10,1-5,830,4,1-5-6,1020,6,1-5,850,4
20250427,江戸川,10,予選ラリー選,晴,南,7,20,3,6,4598,加 藤 政 彦,50,36,7.18,6,0.11,1.18.1,1-5-6,2730,10,1-5,830,4,1-5-6,1020,6,1-5,850,4
20250427,江戸川,10,予選ラリー選,晴,南,7,20,4,2,3105,内 山 文 典,48,69,7.09,2,0.09,1.18.8,1-5-6,2730,10,1-5,830,4,1-5-6,1020,6,1-5,850,4
20250427,江戸川,10,予選ラリー選,晴,南,7,20,5,3,3075,中 村 裕 将,38,68,7.18,3,0.09,,1-5-6,2730,10,1-5,830,4,1-5-6,1020,6,1-5,850,4
20250427,江戸川,10,予選ラリー選,晴,南,7,20,6,4,3202,三 品 隆 浩,51,12,7.28,4,0.14,,1-5-6,2730,10,1-5,830,4,1-5-6,1020,6,1-5,850,4
20250427,江戸川,11,予選バディ選,曇り,南,8,20,1,1,4086,寺 本 重 宣,10,51,6.95,1,0.09,1.16.6,1-2-3,770,2,1-2,230,1,1-2-3,400,2,1-2,130,1
20250427,江戸川,11,予選バディ選,曇り,南,8,20,2,2,3303,渡 辺 豊,13,40,7.13,2,0.13,1.17.2,1-2-3,770,2,1-2,230,1,1-2-3,400,2,1-2,130,1
20250427,江戸川,11,予選バディ選,曇り,南,8,20,3,3,4615,板 倉 敦 史,68,56,7.07,3,0.09,1.18.3,1-2-3,770,2,1-2,230,1,1-2-3,400,2,1-2,130,1
20250427,江戸川,11,予選バディ選,曇り,南,8,20,4,5,4053,芦 澤 望,59,58,7.01,5,0.11,1.18.8,1-2-3,770,2,1-2,230,1,1-2-3,400,2,1-2,130,1
20250427,江戸川,11,予選バディ選,曇り,南,8,20,5,6,4169,多 田 有 佑,36,17,7.09,6,0.27,,1-2-3,770,2,1-2,230,1,1-2-3,400,2,1-2,130,1
20250427,江戸川,11,予選バディ選,曇り,南,8,20,6,4,3313,本 吉 正 樹,18,22,7.11,4,0.13,,1-2-3,770,2,1-2,230,1,1-2-3,400,2,1-2,130,1
20250427,桐生,12,予選特別選抜,晴,南,6,20,1,4,4438,森 作 雄 大,69,43,7.15,4,0.09,1.16.3,4-1-6,6170,23,4-1,2010,7,1-4-6,810,4,1-4,500,3
20250427,桐生,12,予選特別選抜,晴,南,6,20,2,1,4401,小 林 泰,23,41,7.14,1,0.13,1.17.1,4-1-6,6170,23,4-1,2010,7,1-4-6,810,4,1-4,500,3
20250427,桐生,12,予選特別選抜,晴,南,6,20,3,6,4345,西 舘 健,16,64,7.17,6,0.33,1.18.2,4-1-6,6170,23,4-1,2010,7,1-4-6,810,4,1-4,500,3
20250427,桐生,12,予選特別選抜,晴,南,6,20,4,2,3602,奥 平 拓 也,17,55,7.30,2,0.12,1.18.9,4-1-6,6170,23,4-1,2010,7,1-4-6,810,4,1-4,500,3
20250427,桐生,12,予選特別選抜,晴,南,6,20,5,5,4318,桑 原 将 光,54,54,7.19,5,0.14,,4-1-6,6170,23,4-1,2010,7,1-4-6,810,4,1-4,500,3
20250427,桐生,12,予選特別選抜,晴,南,6,20,6,3,5063,大 塚 雅 治,66,29,7.12,3,0.12,,4-1-6,6170,23,4-1,2010,7,1-4-6,810,4,1-4,500,3
20250427,桐生,1,一般戦,晴,東,4,3,1,1,3743,林 美 憲,62,59,6.77,1,0.10,1.50.1,1-5-6,3680,13,1-5,900,3,1-5-6,1420,7,1-5,610,3
20250427,桐生,1,一般戦,晴,東,4,3,2,5,3952,中 澤 和 志,66,47,6.80,5,0.09,1.50.5,1-5-6,3680,13,1-5,900,3,1-5-6,1420,7,1-5,610,3
20250427,桐生,1,一般戦,晴,東,4,3,3,6,3719,辻 栄 蔵,41,62,6.82,6,0.15,1.52.7,1-5-6,3680,13,1-5,900,3,1-5-6,1420,7,1-5,610,3
20250427,桐生,1,一般戦,晴,東,4,3,4,2,4013,中 島 孝 平,61,53,6.84,2,0.13,1.53.8,1-5-6,3680,13,1-5,900,3,1-5-6,1420,7,1-5,610,3
20250427,桐生,1,一般戦,晴,東,4,3,5,3,3942,寺 田 祥,58,49,6.76,3,0.14,1.57.9,1-5-6,3680,13,1-5,900,3,1-5-6,1420,7,1-5,610,3
20250427,桐生,1,一般戦,晴,東,4,3,6,4,4055,吉 田 俊 彦,11,19,6.95,4,0.21,1.58.6,1-5-6,3680,13,1-5,900,3,1-5-6,1420,7,1-5,610,3
20250427,桐生,2,一般戦,晴,東,4,3,1,1,3412,鈴 木 博,63,75,6.77,1,0.05,1.49.0,1-2-4,1810,3,1-2,400,1,1-2-4,600,1,1-2,440,1
20250427,桐生,2,一般戦,晴,東,4,3,2,2,3946,赤 岩 善 生,35,13,6.80,2,0.13,1.50.0,1-2-4,1810,3,1-2,400,1,1-2-4,600,1,1-2,440,1
20250427,桐生,2,一般戦,晴,東,4,3,3,4,3388,今 垣 光太郎,39,55,6.85,4,0.20,1.52.3,1-2-4,1810,3,1-2,400,1,1-2-4,600,1,1-2,440,1
20250427,桐生,2,一般戦,晴,東,4,3,4,6,3557,太 田 和 美,36,28,6.82,6,0.33,1.53.1,1-2-4,1810,3,1-2,400,1,1-2-4,600,1,1-2,440,1
20250427,桐生,2,一般戦,晴,東,4,3,5,5,3822,平 尾 崇 典,53,21,6.77,5,0.28,1.54.7,1-2-4,1810,3,1-2,400,1,1-2-4,600,1,1-2,440,1
20250427,桐生,2,一般戦,晴,東,4,3,6,3,3909,佐々木 康 幸,73,12,6.86,3,0.12,1.56.3,1-2-4,1810,3,1-2,400,1,1-2-4,600,1,1-2,440,1
20250427,桐生,3,一般戦,晴,東,3,2,1,1,4063,市 橋 卓 士,52,11,6.69,1,0.12,1.49.3,1-2-5,2070,8,1-2,370,1,1-2-5,1270,10,1-2,300,1
20250427,桐生,3,一般戦,晴,東,3,2,2,2,4102,益 田 啓 司,47,36,6.74,2,0.12,1.51.0,1-2-5,2070,8,1-2,370,1,1-2-5,1270,10,1-2,300,1
20250427,桐生,3,一般戦,晴,東,3,2,3,5,4002,古 結 宏,51,44,6.70,5,0.11,1.52.2,1-2-5,2070,8,1-2,370,1,1-2-5,1270,10,1-2,300,1
20250427,桐生,3,一般戦,晴,東,3,2,4,3,4036,金 田 諭,69,72,6.75,3,0.19,1.52.8,1-2-5,2070,8,1-2,370,1,1-2-5,1270,10,1-2,300,1
20250427,桐生,3,一般戦,晴,東,3,2,5,6,3898,平 田 忠 則,34,61,6.62,6,0.19,1.53.1,1-2-5,2070,8,1-2,370,1,1-2-5,1270,10,1-2,300,1
20250427,桐生,3,一般戦,晴,東,3,2,6,4,3541,三 嶌 誠 司,30,52,6.83,4,0.14,1.54.9,1-2-5,2070,8,1-2,370,1,1-2-5,1270,10,1-2,300,1
20250427,桐生,4,一般戦,晴,東,4,3,1,1,3435,寺 田 千 恵,48,35,6.77,1,0.15,1.49.5,1-2-3,1370,2,1-2,450,1,1-2-3,580,2,1-2,320,1
20250427,桐生,4,一般戦,晴,東,4,3,2,2,3908,重 成 一 人,20,58,6.81,2,0.16,1.50.9,1-2-3,1370,2,1-2,450,1,1-2-3,580,2,1-2,320,1
20250427,桐生,4,一般戦,晴,東,4,3,3,3,4079,出 畑 孝 典,46,41,6.78,3,0.26,1.52.3,1-2-3,1370,2,1-2,450,1,1-2-3,580,2,1-2,320,1
20250427,桐生,4,一般戦,晴,東,4,3,4,6,4025,山 本 隆 幸,28,20,6.78,6,0.18,1.53.6,1-2-3,1370,2,1-2,450,1,1-2-3,580,2,1-2,320,1
20250427,桐生,4,一般戦,晴,東,4,3,5,5,3744,徳 増 秀 樹,26,26,6.76,5,0.11,1.55.0,1-2-3,1370,2,1-2,450,1,1-2-3,580,2,1-2,320,1
20250427,桐生,4,一般戦,晴,東,4,3,6,4,3779,原 田 幸 哉,27,51,6.77,4,0.19,1.57.4,1-2-3,1370,2,1-2,450,1,1-2-3,580,2,1-2,320,1
20250427,桐生,5,一般戦,晴,東,3,2,1,1,3415,松 井 繁,40,48,6.70,1,0.16,1.50.4,1-3-2,1140,3,1-3,480,2,1-2-3,370,2,1-3,380,3
20250427,桐生,5,一般戦,晴,東,3,2,2,3,4084,杉 山 正 樹,45,42,6.80,3,0.14,1.51.7,1-3-2,1140,3,1-3,480,2,1-2-3,370,2,1-3,380,3
20250427,桐生,5,一般戦,晴,東,3,2,3,2,3959,坪 井 康 晴,23,73,6.76,2,0.19,1.52.6,1-3-2,1140,3,1-3,480,2,1-2-3,370,2,1-3,380,3
20250427,桐生,5,一般戦,晴,東,3,2,4,4,3737,上 平 真 二,74,32,6.81,4,0.18,1.53.8,1-3-2,1140,3,1-3,480,2,1-2-3,370,2,1-3,380,3
20250427,桐生,5,一般戦,晴,東,3,2,5,5,4013,中 島 孝 平,61,53,6.84,5,0.20,1.54.7,1-3-2,1140,3,1-3,480,2,1-2-3,370,2,1-3,380,3
20250427,桐生,5,一般戦,晴,東,3,2,6,6,3849,中 岡 正 彦,33,54,6.89,6,0.18,1.57.4,1-3-2,1140,3,1-3,480,2,1-2-3,370,2,1-3,380,3
20250427,桐生,6,一般戦,晴,東,3,2,1,1,3159,江 口 晃 生,14,18,6.80,1,0.09,1.50.5,1-2-6,8380,23,1-2,580,3,1-2-6,4280,14,1-2,390,2
20250427,桐生,6,一般戦,晴,東,3,2,2,2,3909,佐々木 康 幸,73,12,6.83,2,0.10,1.51.6,1-2-6,8380,23,1-2,580,3,1-2-6,4280,14,1-2,390,2
20250427,桐生,6,一般戦,晴,東,3,2,3,6,3721,守 田 俊 介,54,33,6.94,6,0.18,1.52.5,1-2-6,8380,23,1-2,580,3,1-2-6,4280,14,1-2,390,2
20250427,桐生,6,一般戦,晴,東,3,2,4,5,3941,池 田 浩 二,50,25,6.75,5,0.16,1.53.2,1-2-6,8380,23,1-2,580,3,1-2-6,4280,14,1-2,390,2
20250427,桐生,6,一般戦,晴,東,3,2,5,3,3719,辻 栄 蔵,41,62,6.80,3,0.14,1.54.4,1-2-6,8380,23,1-2,580,3,1-2-6,4280,14,1-2,390,2
20250427,桐生,6,一般戦,晴,東,3,2,6,4,4614,石 倉 洋 行,49,43,6.79,4,0.15,1.55.4,1-2-6,8380,23,1-2,580,3,1-2-6,4280,14,1-2,390,2
20250427,桐生,7,一般戦,晴,東,2,1,1,1,3995,重 野 哲 之,32,29,6.78,1,0.14,1.49.5,1-3-4,2090,9,1-3,530,2,1-3-4,860,4,1-3,360,2
20250427,桐生,7,一般戦,晴,東,2,1,2,3,3918,深 井 利 寿,65,57,6.90,3,0.17,1.51.0,1-3-4,2090,9,1-3,530,2,1-3-4,860,4,1-3,360,2
20250427,桐生,7,一般戦,晴,東,2,1,3,4,3256,三 角 哲 男,56,45,6.85,4,0.22,1.52.3,1-3-4,2090,9,1-3,530,2,1-3-4,860,4,1-3,360,2
20250427,桐生,7,一般戦,晴,東,2,1,4,6,3961,谷 村 一 哉,71,67,6.92,6,0.19,1.53.3,1-3-4,2090,9,1-3,530,2,1-3-4,860,4,1-3,360,2
20250427,桐生,7,一般戦,晴,東,2,1,5,5,3942,寺 田 祥,58,49,6.89,5,0.21,1.54.6,1-3-4,2090,9,1-3,530,2,1-3-4,860,4,1-3,360,2
20250427,桐生,7,一般戦,晴,東,2,1,6,2,4080,山 崎 哲 司,44,56,6.76,2,0.12,1.55.9,1-3-4,2090,9,1-3,530,2,1-3-4,860,4,1-3,360,2
20250427,桐生,8,一般戦,曇り,無風,0,0,1,2,3997,北 村 征 嗣,60,68,6.80,3,0.08,1.49.3,2-1-3,6890,26,2-1,2250,9,1-2-3,510,1,1-2,360,1
20250427,桐生,8,一般戦,曇り,無風,0,0,2,1,3783,瓜 生 正 義,59,27,6.78,1,0.11,1.50.9,2-1-3,6890,26,2-1,2250,9,1-2-3,510,1,1-2,360,1
20250427,桐生,8,一般戦,曇り,無風,0,0,3,3,3743,林 美 憲,62,59,6.82,4,0.10,1.52.4,2-1-3,6890,26,2-1,2250,9,1-2-3,510,1,1-2,360,1
20250427,桐生,8,一般戦,曇り,無風,0,0,4,6,3978,齊 藤 仁,37,65,6.84,6,0.06,1.53.6,2-1-3,6890,26,2-1,2250,9,1-2-3,510,1,1-2,360,1
20250427,桐生,8,一般戦,曇り,無風,0,0,5,5,3946,赤 岩 善 生,35,13,6.87,2,0.13,1.54.1,2-1-3,6890,26,2-1,2250,9,1-2-3,510,1,1-2,360,1
20250427,桐生,8,一般戦,曇り,無風,0,0,6,4,3422,服 部 幸 男,29,23,6.76,5,0.08,1.57.8,2-1-3,6890,26,2-1,2250,9,1-2-3,510,1,1-2,360,1
20250427,桐生,9,一般戦,曇り,無風,0,0,1,1,3679,飯 島 昌 弘,67,38,6.80,1,0.11,1.49.6,1-2-3,1690,1,1-2,610,1,1-2-3,520,1,1-2,470,2
20250427,桐生,9,一般戦,曇り,無風,0,0,2,2,4084,杉 山 正 樹,45,42,6.89,3,0.23,1.50.8,1-2-3,1690,1,1-2,610,1,1-2-3,520,1,1-2,470,2
20250427,桐生,9,一般戦,曇り,無風,0,0,3,3,3952,中 澤 和 志,66,47,6.81,4,0.20,1.51.8,1-2-3,1690,1,1-2,610,1,1-2-3,520,1,1-2,470,2
20250427,桐生,9,一般戦,曇り,無風,0,0,4,4,4019,笠 原 亮,70,46,6.82,5,0.26,1.54.0,1-2-3,1690,1,1-2,610,1,1-2-3,520,1,1-2,470,2
20250427,桐生,9,一般戦,曇り,無風,0,0,5,5,4079,出 畑 孝 典,46,41,6.77,6,0.27,1.54.7,1-2-3,1690,1,1-2,610,1,1-2-3,520,1,1-2,470,2
20250427,桐生,9,一般戦,曇り,無風,0,0,6,6,3473,石 川 真 二,31,15,6.94,2,0.18,1.55.6,1-2-3,1690,1,1-2,610,1,1-2-3,520,1,1-2,470,2
20250427,桐生,10,特別選抜戦,曇り,無風,0,0,1,1,3822,平 尾 崇 典,53,21,6.67,1,0.10,1.49.3,1-3-6,2650,9,1-3,430,2,1-3-6,1540,7,1-3,370,2
20250427,桐生,10,特別選抜戦,曇り,無風,0,0,2,3,3779,原 田 幸 哉,27,51,6.86,3,0.08,1.50.6,1-3-6,2650,9,1-3,430,2,1-3-6,1540,7,1-3,370,2
20250427,桐生,10,特別選抜戦,曇り,無風,0,0,3,6,4063,市 橋 卓 士,52,11,6.73,6,0.03,1.51.8,1-3-6,2650,9,1-3,430,2,1-3-6,1540,7,1-3,370,2
20250427,桐生,10,特別選抜戦,曇り,無風,0,0,4,5,3959,坪 井 康 晴,23,73,6.80,5,0.05,1.52.8,1-3-6,2650,9,1-3,430,2,1-3-6,1540,7,1-3,370,2
20250427,桐生,10,特別選抜戦,曇り,無風,0,0,5,2,3941,池 田 浩 二,50,25,6.77,2,0.12,1.54.1,1-3-6,2650,9,1-3,430,2,1-3-6,1540,7,1-3,370,2
20250427,桐生,10,特別選抜戦,曇り,無風,0,0,6,4,4036,金 田 諭,69,72,6.76,4,0.09,1.55.8,1-3-6,2650,9,1-3,430,2,1-3-6,1540,7,1-3,370,2
20250427,桐生,11,特別選抜戦,曇り,北西,2,1,1,1,3744,徳 増 秀 樹,26,26,6.73,1,0.11,1.49.4,1-4-3,1790,7,1-4,510,2,1-3-4,630,3,1-4,390,2
20250427,桐生,11,特別選抜戦,曇り,北西,2,1,2,4,3159,江 口 晃 生,14,18,6.86,2,0.15,1.50.3,1-4-3,1790,7,1-4,510,2,1-3-4,630,3,1-4,390,2
20250427,桐生,11,特別選抜戦,曇り,北西,2,1,3,3,3388,今 垣 光太郎,39,55,6.80,4,0.13,1.52.0,1-4-3,1790,7,1-4,510,2,1-3-4,630,3,1-4,390,2
20250427,桐生,11,特別選抜戦,曇り,北西,2,1,4,2,3737,上 平 真 二,74,32,6.79,3,0.14,1.52.6,1-4-3,1790,7,1-4,510,2,1-3-4,630,3,1-4,390,2
20250427,桐生,11,特別選抜戦,曇り,北西,2,1,5,5,3415,松 井 繁,40,48,6.86,5,0.12,1.53.9,1-4-3,1790,7,1-4,510,2,1-3-4,630,3,1-4,390,2
20250427,桐生,11,特別選抜戦,曇り,北西,2,1,6,6,3995,重 野 哲 之,32,29,6.86,6,0.14,1.56.1,1-4-3,1790,7,1-4,510,2,1-3-4,630,3,1-4,390,2
20250427,桐生,12,優勝戦,曇り,無風,0,0,1,1,4030,森 高 一 真,64,30,6.74,1,0.18,1.48.7,1-2-3,1310,2,1-2,420,1,1-2-3,560,2,1-2,370,1
20250427,桐生,12,優勝戦,曇り,無風,0,0,2,2,3876,中 辻 崇 人,16,70,6.79,2,0.17,1.50.7,1-2-3,1310,2,1-2,420,1,1-2-3,560,2,1-2,370,1
20250427,桐生,12,優勝戦,曇り,無風,0,0,3,3,3716,石 渡 鉄 兵,55,40,6.75,3,0.13,1.51.3,1-2-3,1310,2,1-2,420,1,1-2-3,560,2,1-2,370,1
20250427,桐生,12,優勝戦,曇り,無風,0,0,4,6,4024,井 口 佳 典,38,24,6.85,6,0.16,1.53.0,1-2-3,1310,2,1-2,420,1,1-2-3,560,2,1-2,370,1
20250427,桐生,12,優勝戦,曇り,無風,0,0,5,5,4061,萩 原 秀 人,13,37,6.77,5,0.18,1.53.7,1-2-3,1310,2,1-2,420,1,1-2-3,560,2,1-2,370,1
20250427,桐生,12,優勝戦,曇り,無風,0,0,6,4,4044,湯 川 浩 司,25,34,6.61,4,0.22,1.55.5,1-2-3,1310,2,1-2,420,1,1-2-3,560,2,1-2,370,1
