date,venue_name,race_no,race_type,weather,wind_dir,wind_ms,wave_cm,rank,waku,reg_no,name,motor_no,boat_no,exhibition_time,course_enter,st_timing,race_time,won3,won3_pay,won3_pop,won2,won2_pay,won2_pop,trio,trio_pay,trio_pop,pair,pair_pay,pair_pop,lap_time,turn_time,straight_time,lap_rank,turn_rank,straight_rank,exhibition_eval
20250707,三国,1,みくにあさイ,晴,西,2,2,1,1,3978,齊 藤 仁,12,69,6.80,1,0.14,1.50.1,1-4-3,1840,8,1-4,560,3,1-3-4,510,2,1-4,690,4,,,,,,,
20250707,三国,1,みくにあさイ,晴,西,2,2,2,4,4405,南 野 利 騰,11,47,6.84,4,0.08,1.51.7,1-4-3,1840,8,1-4,560,3,1-3-4,510,2,1-4,690,4,,,,,,,
20250707,三国,1,みくにあさイ,晴,西,2,2,3,3,3788,一 宮 稔 弘,26,11,6.86,3,0.09,1.52.9,1-4-3,1840,8,1-4,560,3,1-3-4,510,2,1-4,690,4,,,,,,,
20250707,三国,1,みくにあさイ,晴,西,2,2,4,6,5143,常 盤 海 心,19,32,6.82,6,0.10,1.54.5,1-4-3,1840,8,1-4,560,3,1-3-4,510,2,1-4,690,4,,,,,,,
20250707,三国,1,みくにあさイ,晴,西,2,2,5,5,4723,寺 島 吉 彦,30,43,6.83,5,0.08,,1-4-3,1840,8,1-4,560,3,1-3-4,510,2,1-4,690,4,,,,,,,
20250707,三国,1,みくにあさイ,晴,西,2,2,6,2,3350,藤 本 佳 史,34,21,6.92,2,0.19,,1-4-3,1840,8,1-4,560,3,1-3-4,510,2,1-4,690,4,,,,,,,
20250707,三国,2,みくにあさガ,晴,西,3,3,1,5,5065,伊久間 陽 優,70,52,6.86,6,0.11,1.49.8,5-3-2,75130,107,5-3,20150,29,2-3-5,3660,14,3-5,4190,12,,,,,,,
20250707,三国,2,みくにあさガ,晴,西,3,3,2,3,4346,前 田 健太郎,46,66,6.89,4,0.11,1.52.8,5-3-2,75130,107,5-3,20150,29,2-3-5,3660,14,3-5,4190,12,,,,,,,
20250707,三国,2,みくにあさガ,晴,西,3,3,3,2,4230,濱 崎 直 矢,23,72,6.86,2,0.33,1.52.9,5-3-2,75130,107,5-3,20150,29,2-3-5,3660,14,3-5,4190,12,,,,,,,
20250707,三国,2,みくにあさガ,晴,西,3,3,4,4,5066,鈴 木 孝 明,16,55,6.84,5,0.28,1.53.5,5-3-2,75130,107,5-3,20150,29,2-3-5,3660,14,3-5,4190,12,,,,,,,
20250707,三国,2,みくにあさガ,晴,西,3,3,5,1,4674,池 田 剛 規,24,22,6.82,1,0.23,,5-3-2,75130,107,5-3,20150,29,2-3-5,3660,14,3-5,4190,12,,,,,,,
20250707,三国,2,みくにあさガ,晴,西,3,3,6,6,3558,山 本 浩 次,42,44,6.87,3,0.15,,5-3-2,75130,107,5-3,20150,29,2-3-5,3660,14,3-5,4190,12,,,,,,,
20250707,三国,3,みくにあさズ,晴,西,2,2,1,4,3982,福 田 理,13,50,6.76,4,0.07,1.58.9,4-2-5,43240,57,4-2,6770,15,2-4-5,6160,10,2-4,4480,9,,,,,,,
20250707,三国,3,みくにあさズ,晴,西,2,2,2,2,4175,川 尻 泰 輔,20,19,6.82,2,0.11,2.02.0,4-2-5,43240,57,4-2,6770,15,2-4-5,6160,10,2-4,4480,9,,,,,,,
20250707,三国,3,みくにあさズ,晴,西,2,2,3,5,3825,宮 嵜 隆太郎,56,62,6.89,5,0.08,2.04.8,4-2-5,43240,57,4-2,6770,15,2-4-5,6160,10,2-4,4480,9,,,,,,,
20250707,三国,3,みくにあさズ,晴,西,2,2,4,3,4469,土 山 卓 也,67,28,6.87,3,0.11,2.06.9,4-2-5,43240,57,4-2,6770,15,2-4-5,6160,10,2-4,4480,9,,,,,,,
20250707,三国,3,みくにあさズ,晴,西,2,2,5,6,5375,庄 島 潤 成,69,12,6.84,6,0.08,,4-2-5,43240,57,4-2,6770,15,2-4-5,6160,10,2-4,4480,9,,,,,,,
20250707,三国,3,みくにあさズ,晴,西,2,2,S1,1,4934,佐々木 翔 斗,18,53,6.74,1,0.08,,4-2-5,43240,57,4-2,6770,15,2-4-5,6160,10,2-4,4480,9,,,,,,,
20250707,三国,4,みくにあさ推,晴,西,2,2,1,1,4877,鈴 谷 一 平,66,51,6.83,1,0.11,1.51.3,1-4-3,900,2,1-4,290,1,1-3-4,440,2,1-4,170,1,,,,,,,
20250707,三国,4,みくにあさ推,晴,西,2,2,2,4,3532,柴 田 光,22,15,6.80,2,0.15,1.52.5,1-4-3,900,2,1-4,290,1,1-3-4,440,2,1-4,170,1,,,,,,,
20250707,三国,4,みくにあさ推,晴,西,2,2,3,3,4863,三 浦 裕 貴,31,26,6.94,4,0.18,1.52.7,1-4-3,900,2,1-4,290,1,1-3-4,440,2,1-4,170,1,,,,,,,
20250707,三国,4,みくにあさ推,晴,西,2,2,4,5,3957,大 谷 直 弘,35,20,6.85,5,0.21,1.54.8,1-4-3,900,2,1-4,290,1,1-3-4,440,2,1-4,170,1,,,,,,,
20250707,三国,4,みくにあさ推,晴,西,2,2,5,6,3606,川 北 浩 貴,39,45,6.85,6,0.25,,1-4-3,900,2,1-4,290,1,1-3-4,440,2,1-4,170,1,,,,,,,
20250707,三国,4,みくにあさ推,晴,西,2,2,6,2,4167,片 岡 秀 樹,44,18,6.86,3,0.16,,1-4-3,900,2,1-4,290,1,1-3-4,440,2,1-4,170,1,,,,,,,
20250707,三国,5,予選,晴,西,2,2,1,1,4983,前 田 篤 哉,58,29,6.74,1,0.09,1.52.0,1-4-2,1650,10,1-4,530,3,1-2-4,520,4,1-4,310,2,,,,,,,
20250707,三国,5,予選,晴,西,2,2,2,4,3643,米 田 隆 弘,29,70,6.91,4,0.11,1.52.7,1-4-2,1650,10,1-4,530,3,1-2-4,520,4,1-4,310,2,,,,,,,
20250707,三国,5,予選,晴,西,2,2,3,2,4405,南 野 利 騰,11,47,6.84,2,0.09,1.54.8,1-4-2,1650,10,1-4,530,3,1-2-4,520,4,1-4,310,2,,,,,,,
20250707,三国,5,予選,晴,西,2,2,4,5,4950,高 岡 竜 也,28,61,6.88,5,0.09,1.54.8,1-4-2,1650,10,1-4,530,3,1-2-4,520,4,1-4,310,2,,,,,,,
20250707,三国,5,予選,晴,西,2,2,5,6,5302,秋 末 秦 悟,53,42,6.86,6,0.08,,1-4-2,1650,10,1-4,530,3,1-2-4,520,4,1-4,310,2,,,,,,,
20250707,三国,5,予選,晴,西,2,2,6,3,3535,渡 修 平,43,37,6.79,3,0.10,,1-4-2,1650,10,1-4,530,3,1-2-4,520,4,1-4,310,2,,,,,,,
20250707,三国,6,予選,晴,西,1,1,1,5,4346,前 田 健太郎,46,66,6.91,5,0.16,1.51.9,5-6-3,122760,105,5-6,15580,25,3-5-6,11660,19,5-6,14870,15,,,,,,,
20250707,三国,6,予選,晴,西,1,1,2,6,3975,小野寺 智 洋,48,46,6.87,6,0.22,1.52.7,5-6-3,122760,105,5-6,15580,25,3-5-6,11660,19,5-6,14870,15,,,,,,,
20250707,三国,6,予選,晴,西,1,1,3,3,5143,常 盤 海 心,19,32,6.89,3,0.17,1.53.5,5-6-3,122760,105,5-6,15580,25,3-5-6,11660,19,5-6,14870,15,,,,,,,
20250707,三国,6,予選,晴,西,1,1,4,4,4535,北 山 康 介,54,40,6.86,4,0.09,1.54.6,5-6-3,122760,105,5-6,15580,25,3-5-6,11660,19,5-6,14870,15,,,,,,,
20250707,三国,6,予選,晴,西,1,1,5,2,4298,宮 下 元 胤,27,23,6.77,2,0.15,,5-6-3,122760,105,5-6,15580,25,3-5-6,11660,19,5-6,14870,15,,,,,,,
20250707,三国,6,予選,晴,西,1,1,6,1,3361,岡 部 浩,37,68,6.87,1,0.13,,5-6-3,122760,105,5-6,15580,25,3-5-6,11660,19,5-6,14870,15,,,,,,,
20250707,三国,7,予選,晴,西,4,4,1,6,4230,濱 崎 直 矢,23,72,6.87,5,0.09,1.51.2,6-5-3,25500,94,6-5,4920,21,3-5-6,4120,18,5-6,1350,6,,,,,,,
20250707,三国,7,予選,晴,西,4,4,2,5,4359,横 川 聖 志,32,33,6.90,6,0.08,1.53.0,6-5-3,25500,94,6-5,4920,21,3-5-6,4120,18,5-6,1350,6,,,,,,,
20250707,三国,7,予選,晴,西,4,4,3,3,3982,福 田 理,13,50,6.88,3,0.14,1.55.3,6-5-3,25500,94,6-5,4920,21,3-5-6,4120,18,5-6,1350,6,,,,,,,
20250707,三国,7,予選,晴,西,4,4,4,4,3710,吉 永 泰 弘,55,63,6.91,4,0.33,1.56.0,6-5-3,25500,94,6-5,4920,21,3-5-6,4120,18,5-6,1350,6,,,,,,,
20250707,三国,7,予選,晴,西,4,4,5,2,5229,吉 川 晴 人,62,25,6.78,2,0.14,,6-5-3,25500,94,6-5,4920,21,3-5-6,4120,18,5-6,1350,6,,,,,,,
20250707,三国,7,予選,晴,西,4,4,6,1,4723,寺 島 吉 彦,30,43,6.80,1,0.21,,6-5-3,25500,94,6-5,4920,21,3-5-6,4120,18,5-6,1350,6,,,,,,,
20250707,三国,8,予選,晴,西,3,3,1,2,4418,茅 原 悠 紀,33,39,6.74,2,0.25,1.51.0,2-5-4,2180,10,2-5,570,4,2-4-5,1010,5,2-5,640,4,,,,,,,
20250707,三国,8,予選,晴,西,3,3,2,5,5066,鈴 木 孝 明,16,55,6.85,5,0.16,1.52.2,2-5-4,2180,10,2-5,570,4,2-4-5,1010,5,2-5,640,4,,,,,,,
20250707,三国,8,予選,晴,西,3,3,3,4,4175,川 尻 泰 輔,20,19,6.89,4,0.13,1.54.3,2-5-4,2180,10,2-5,570,4,2-4-5,1010,5,2-5,640,4,,,,,,,
20250707,三国,8,予選,晴,西,3,3,4,6,3350,藤 本 佳 史,34,21,6.96,6,0.19,1.55.8,2-5-4,2180,10,2-5,570,4,2-4-5,1010,5,2-5,640,4,,,,,,,
20250707,三国,8,予選,晴,西,3,3,5,3,3606,川 北 浩 貴,39,45,6.85,3,0.16,,2-5-4,2180,10,2-5,570,4,2-4-5,1010,5,2-5,640,4,,,,,,,
20250707,三国,8,予選,晴,西,3,3,6,1,4404,岸 蔭 亮,65,13,6.87,1,0.27,,2-5-4,2180,10,2-5,570,4,2-4-5,1010,5,2-5,640,4,,,,,,,
20250707,三国,9,予選特賞,晴,北西,3,3,1,4,3957,大 谷 直 弘,35,20,6.88,4,0.13,1.51.2,4-3-2,15020,35,4-3,4320,11,2-3-4,930,4,3-4,1520,6,,,,,,,
20250707,三国,9,予選特賞,晴,北西,3,3,2,3,3978,齊 藤 仁,12,69,6.91,3,0.08,1.52.3,4-3-2,15020,35,4-3,4320,11,2-3-4,930,4,3-4,1520,6,,,,,,,
20250707,三国,9,予選特賞,晴,北西,3,3,3,2,4469,土 山 卓 也,67,28,6.94,2,0.07,1.54.0,4-3-2,15020,35,4-3,4320,11,2-3-4,930,4,3-4,1520,6,,,,,,,
20250707,三国,9,予選特賞,晴,北西,3,3,4,5,3535,渡 修 平,43,37,6.82,5,0.16,1.55.5,4-3-2,15020,35,4-3,4320,11,2-3-4,930,4,3-4,1520,6,,,,,,,
20250707,三国,9,予選特賞,晴,北西,3,3,5,6,5355,萩 原 丈太朗,41,57,6.95,6,0.24,,4-3-2,15020,35,4-3,4320,11,2-3-4,930,4,3-4,1520,6,,,,,,,
20250707,三国,9,予選特賞,晴,北西,3,3,6,1,5065,伊久間 陽 優,70,52,6.89,1,0.03,,4-3-2,15020,35,4-3,4320,11,2-3-4,930,4,3-4,1520,6,,,,,,,
20250707,三国,10,予選特賞,晴,北西,3,3,1,4,4674,池 田 剛 規,24,22,6.89,4,0.11,1.50.3,4-2-3,7620,22,4-2,4810,13,2-3-4,620,3,2-4,590,4,,,,,,,
20250707,三国,10,予選特賞,晴,北西,3,3,2,2,4384,鶴 本 崇 文,57,54,6.93,2,0.14,1.52.1,4-2-3,7620,22,4-2,4810,13,2-3-4,620,3,2-4,590,4,,,,,,,
20250707,三国,10,予選特賞,晴,北西,3,3,3,3,3532,柴 田 光,22,15,6.80,3,0.12,1.52.6,4-2-3,7620,22,4-2,4810,13,2-3-4,620,3,2-4,590,4,,,,,,,
20250707,三国,10,予選特賞,晴,北西,3,3,4,1,3643,米 田 隆 弘,29,70,6.91,1,0.14,1.54.5,4-2-3,7620,22,4-2,4810,13,2-3-4,620,3,2-4,590,4,,,,,,,
20250707,三国,10,予選特賞,晴,北西,3,3,5,5,3392,小 森 信 雄,61,67,6.87,5,0.15,,4-2-3,7620,22,4-2,4810,13,2-3-4,620,3,2-4,590,4,,,,,,,
20250707,三国,10,予選特賞,晴,北西,3,3,6,6,5375,庄 島 潤 成,69,12,6.86,6,0.26,,4-2-3,7620,22,4-2,4810,13,2-3-4,620,3,2-4,590,4,,,,,,,
20250707,三国,11,記者特選,晴,北西,3,3,1,3,4877,鈴 谷 一 平,66,51,6.83,3,0.16,1.51.4,3-1-4,6210,24,3-1,820,3,1-3-4,1780,9,1-3,450,1,,,,,,,
20250707,三国,11,記者特選,晴,北西,3,3,2,1,4359,横 川 聖 志,32,33,6.90,1,0.10,1.53.0,3-1-4,6210,24,3-1,820,3,1-3-4,1780,9,1-3,450,1,,,,,,,
20250707,三国,11,記者特選,晴,北西,3,3,3,4,3825,宮 嵜 隆太郎,56,62,6.94,4,0.18,1.55.2,3-1-4,6210,24,3-1,820,3,1-3-4,1780,9,1-3,450,1,,,,,,,
20250707,三国,11,記者特選,晴,北西,3,3,4,6,3788,一 宮 稔 弘,26,11,6.87,6,0.35,1.55.6,3-1-4,6210,24,3-1,820,3,1-3-4,1780,9,1-3,450,1,,,,,,,
20250707,三国,11,記者特選,晴,北西,3,3,5,2,4156,浜 野 孝 志,68,35,6.93,2,0.21,,3-1-4,6210,24,3-1,820,3,1-3-4,1780,9,1-3,450,1,,,,,,,
20250707,三国,11,記者特選,晴,北西,3,3,6,5,4983,前 田 篤 哉,58,29,6.78,5,0.23,,3-1-4,6210,24,3-1,820,3,1-3-4,1780,9,1-3,450,1,,,,,,,
20250707,三国,12,カニ坊選抜,晴,北西,2,2,1,1,4535,北 山 康 介,54,40,6.85,1,0.11,1.50.7,1-6-2,5130,15,1-6,980,4,1-2-6,1500,7,1-6,870,4,,,,,,,
20250707,三国,12,カニ坊選抜,晴,北西,2,2,2,6,5229,吉 川 晴 人,62,25,6.97,5,0.01,1.52.4,1-6-2,5130,15,1-6,980,4,1-2-6,1500,7,1-6,870,4,,,,,,,
20250707,三国,12,カニ坊選抜,晴,北西,2,2,3,2,3558,山 本 浩 次,42,44,6.83,2,0.15,1.54.6,1-6-2,5130,15,1-6,980,4,1-2-6,1500,7,1-6,870,4,,,,,,,
20250707,三国,12,カニ坊選抜,晴,北西,2,2,4,5,4167,片 岡 秀 樹,44,18,6.96,6,0.06,1.55.4,1-6-2,5130,15,1-6,980,4,1-2-6,1500,7,1-6,870,4,,,,,,,
20250707,三国,12,カニ坊選抜,晴,北西,2,2,5,3,4950,高 岡 竜 也,28,61,6.95,3,0.14,,1-6-2,5130,15,1-6,980,4,1-2-6,1500,7,1-6,870,4,,,,,,,
20250707,三国,12,カニ坊選抜,晴,北西,2,2,6,4,4934,佐々木 翔 斗,18,53,6.81,4,0.05,,1-6-2,5130,15,1-6,980,4,1-2-6,1500,7,1-6,870,4,,,,,,,
20250707,住之江,1,一般戦,晴,南,2,1,1,4,4656,大 崎 翔,80,20,6.93,4,0.11,1.52.1,4-6-1,7130,17,4-6,4650,9,1-4-6,730,4,4-6,2240,5,,,,,,,
20250707,住之江,1,一般戦,晴,南,2,1,2,6,5242,高 山 弘 斗,52,70,6.94,6,0.17,1.53.6,4-6-1,7130,17,4-6,4650,9,1-4-6,730,4,4-6,2240,5,,,,,,,
20250707,住之江,1,一般戦,晴,南,2,1,3,1,5049,松 井 友 汰,22,73,6.89,1,0.23,1.54.3,4-6-1,7130,17,4-6,4650,9,1-4-6,730,4,4-6,2240,5,,,,,,,
20250707,住之江,1,一般戦,晴,南,2,1,4,3,3722,西 村 秀 樹,16,77,7.00,3,0.19,1.56.2,4-6-1,7130,17,4-6,4650,9,1-4-6,730,4,4-6,2240,5,,,,,,,
20250707,住之江,1,一般戦,晴,南,2,1,5,5,5385,鈴 木 柊 介,87,53,6.97,5,0.12,1.57.9,4-6-1,7130,17,4-6,4650,9,1-4-6,730,4,4-6,2240,5,,,,,,,
20250707,住之江,1,一般戦,晴,南,2,1,6,2,3346,宮 本 裕 之,54,90,6.94,2,0.19,1.59.8,4-6-1,7130,17,4-6,4650,9,1-4-6,730,4,4-6,2240,5,,,,,,,
20250707,住之江,2,一般戦,晴,南,4,2,1,5,4281,大 澤 大 夢,57,51,6.96,5,0.22,1.52.1,5-1-6,8620,26,5-1,6270,14,1-5-6,440,2,1-5,780,4,,,,,,,
20250707,住之江,2,一般戦,晴,南,4,2,2,1,4790,柳 内 敬 太,89,67,6.95,1,0.26,1.53.8,5-1-6,8620,26,5-1,6270,14,1-5-6,440,2,1-5,780,4,,,,,,,
20250707,住之江,2,一般戦,晴,南,4,2,3,6,4504,前 田 将 太,35,30,6.94,6,0.18,1.54.6,5-1-6,8620,26,5-1,6270,14,1-5-6,440,2,1-5,780,4,,,,,,,
20250707,住之江,2,一般戦,晴,南,4,2,4,2,3696,白 井 友 晴,84,79,6.94,2,0.30,1.56.3,5-1-6,8620,26,5-1,6270,14,1-5-6,440,2,1-5,780,4,,,,,,,
20250707,住之江,2,一般戦,晴,南,4,2,5,3,3726,桂 林 寛,71,64,6.97,3,0.33,1.57.6,5-1-6,8620,26,5-1,6270,14,1-5-6,440,2,1-5,780,4,,,,,,,
20250707,住之江,2,一般戦,晴,南,4,2,6,4,3867,松 浦 勝,56,92,6.97,4,0.26,1.59.4,5-1-6,8620,26,5-1,6270,14,1-5-6,440,2,1-5,780,4,,,,,,,
20250707,住之江,3,一般戦,晴,南東,4,2,1,1,4989,石 原 翼,77,37,6.85,1,0.05,1.51.7,1-5-4,840,1,1-5,220,1,1-4-5,260,1,1-5,340,2,,,,,,,
20250707,住之江,3,一般戦,晴,南東,4,2,2,5,4168,石 野 貴 之,27,75,6.91,5,0.14,1.52.7,1-5-4,840,1,1-5,220,1,1-4-5,260,1,1-5,340,2,,,,,,,
20250707,住之江,3,一般戦,晴,南東,4,2,3,4,5135,仲 航 太,90,33,6.92,4,0.20,1.54.5,1-5-4,840,1,1-5,220,1,1-4-5,260,1,1-5,340,2,,,,,,,
20250707,住之江,3,一般戦,晴,南東,4,2,4,2,5106,山 崎 祥,24,72,6.87,2,0.22,1.56.3,1-5-4,840,1,1-5,220,1,1-4-5,260,1,1-5,340,2,,,,,,,
20250707,住之江,3,一般戦,晴,南東,4,2,5,3,5199,垂 水 悠,59,13,6.99,3,0.15,1.58.7,1-5-4,840,1,1-5,220,1,1-4-5,260,1,1-5,340,2,,,,,,,
20250707,住之江,3,一般戦,晴,南東,4,2,6,6,5349,宮 崎 奏 磨,37,28,7.01,6,0.14,1.59.5,1-5-4,840,1,1-5,220,1,1-4-5,260,1,1-5,340,2,,,,,,,
20250707,住之江,4,一般戦,晴,南,3,1,1,2,5226,藤 田 俊 祐,85,32,6.92,2,0.20,1.51.9,2-4-6,3000,11,2-4,2170,12,2-4-6,590,4,2-4,1320,7,,,,,,,
20250707,住之江,4,一般戦,晴,南,3,1,2,4,3873,別 府 昌 樹,18,57,6.97,4,0.19,1.53.4,2-4-6,3000,11,2-4,2170,12,2-4-6,590,4,2-4,1320,7,,,,,,,
20250707,住之江,4,一般戦,晴,南,3,1,3,6,4643,近 江 翔 吾,50,94,6.90,5,0.21,1.54.5,2-4-6,3000,11,2-4,2170,12,2-4-6,590,4,2-4,1320,7,,,,,,,
20250707,住之江,4,一般戦,晴,南,3,1,4,1,3161,古 場 輝 義,39,14,6.96,1,0.27,1.55.3,2-4-6,3000,11,2-4,2170,12,2-4-6,590,4,2-4,1320,7,,,,,,,
20250707,住之江,4,一般戦,晴,南,3,1,5,5,5405,竹 内 来,20,89,7.04,6,0.25,1.58.0,2-4-6,3000,11,2-4,2170,12,2-4-6,590,4,2-4,1320,7,,,,,,,
20250707,住之江,4,一般戦,晴,南,3,1,6,3,5005,石 田 貴 洋,23,78,6.93,3,0.29,1.58.3,2-4-6,3000,11,2-4,2170,12,2-4-6,590,4,2-4,1320,7,,,,,,,
20250707,住之江,5,住之江ファイ,晴,南,2,1,1,1,4254,川 島 圭 司,19,76,6.95,1,0.14,1.52.4,1-2-6,610,1,1-2,370,2,1-2-6,210,1,1-2,310,2,,,,,,,
20250707,住之江,5,住之江ファイ,晴,南,2,1,2,2,3736,岡 本 猛,53,52,6.96,2,0.14,1.54.1,1-2-6,610,1,1-2,370,2,1-2-6,210,1,1-2,310,2,,,,,,,
20250707,住之江,5,住之江ファイ,晴,南,2,1,3,6,4494,河 合 佑 樹,30,80,6.93,5,0.11,1.55.0,1-2-6,610,1,1-2,370,2,1-2-6,210,1,1-2,310,2,,,,,,,
20250707,住之江,5,住之江ファイ,晴,南,2,1,4,4,4234,野 相 弘 司,64,23,7.01,4,0.14,1.56.7,1-2-6,610,1,1-2,370,2,1-2-6,210,1,1-2,310,2,,,,,,,
20250707,住之江,5,住之江ファイ,晴,南,2,1,5,5,4429,豊 田 泰 洋,21,63,6.97,6,0.18,1.58.1,1-2-6,610,1,1-2,370,2,1-2-6,210,1,1-2,310,2,,,,,,,
20250707,住之江,5,住之江ファイ,晴,南,2,1,6,3,3797,岩 井 繁,72,11,7.04,3,0.19,2.00.8,1-2-6,610,1,1-2,370,2,1-2-6,210,1,1-2,310,2,,,,,,,
20250707,住之江,6,一般戦,晴,南,2,1,1,4,5197,中 野 仁 照,11,16,6.90,4,0.01,1.51.6,4-2-1,4610,13,4-2,2540,7,1-2-4,240,1,2-4,1730,6,,,,,,,
20250707,住之江,6,一般戦,晴,南,2,1,2,2,5242,高 山 弘 斗,52,70,6.96,2,0.06,1.53.1,4-2-1,4610,13,4-2,2540,7,1-2-4,240,1,2-4,1730,6,,,,,,,
20250707,住之江,6,一般戦,晴,南,2,1,3,1,5224,西 岡 顕 心,51,66,6.88,1,0.06,1.54.0,4-2-1,4610,13,4-2,2540,7,1-2-4,240,1,2-4,1730,6,,,,,,,
20250707,住之江,6,一般戦,晴,南,2,1,4,5,4343,村 岡 賢,13,50,6.95,5,0.12,1.56.0,4-2-1,4610,13,4-2,2540,7,1-2-4,240,1,2-4,1730,6,,,,,,,
20250707,住之江,6,一般戦,晴,南,2,1,5,3,3477,近 藤 稔 也,28,21,6.91,3,0.11,1.57.4,4-2-1,4610,13,4-2,2540,7,1-2-4,240,1,2-4,1730,6,,,,,,,
20250707,住之江,6,一般戦,晴,南,2,1,6,6,5385,鈴 木 柊 介,87,53,6.99,6,0.11,1.59.0,4-2-1,4610,13,4-2,2540,7,1-2-4,240,1,2-4,1730,6,,,,,,,
20250707,住之江,7,一般戦,晴,南,3,1,1,1,4709,岡 村 将 也,33,65,6.95,1,0.18,1.51.9,1-3-6,1960,8,1-3,1110,5,1-3-6,250,1,1-3,740,3,,,,,,,
20250707,住之江,7,一般戦,晴,南,3,1,2,3,5133,堀 越 雄 貴,67,60,6.99,3,0.14,1.54.1,1-3-6,1960,8,1-3,1110,5,1-3-6,250,1,1-3,740,3,,,,,,,
20250707,住之江,7,一般戦,晴,南,3,1,3,6,4586,磯 部 誠,17,86,6.94,6,0.13,1.55.5,1-3-6,1960,8,1-3,1110,5,1-3-6,250,1,1-3,740,3,,,,,,,
20250707,住之江,7,一般戦,晴,南,3,1,4,5,4992,廣 瀬 篤 哉,69,25,7.05,5,0.22,1.57.1,1-3-6,1960,8,1-3,1110,5,1-3-6,250,1,1-3,740,3,,,,,,,
20250707,住之江,7,一般戦,晴,南,3,1,5,4,3929,杢 野 誓 良,36,22,6.90,4,0.13,1.58.0,1-3-6,1960,8,1-3,1110,5,1-3-6,250,1,1-3,740,3,,,,,,,
20250707,住之江,7,一般戦,晴,南,3,1,6,2,4592,小 林 孝 弘,78,26,6.97,2,0.33,1.58.5,1-3-6,1960,8,1-3,1110,5,1-3-6,250,1,1-3,740,3,,,,,,,
20250707,住之江,8,一般戦,晴,南,4,2,1,1,4131,原 豊 土,82,34,6.96,1,0.12,1.52.0,1-2-3,1200,4,1-2,450,2,1-2-3,530,3,1-2,320,2,,,,,,,
20250707,住之江,8,一般戦,晴,南,4,2,2,2,4615,板 倉 敦 史,14,15,6.98,2,0.06,1.53.3,1-2-3,1200,4,1-2,450,2,1-2-3,530,3,1-2,320,2,,,,,,,
20250707,住之江,8,一般戦,晴,南,4,2,3,3,3684,清 水 攻 二,61,24,6.95,3,0.11,1.54.6,1-2-3,1200,4,1-2,450,2,1-2-3,530,3,1-2,320,2,,,,,,,
20250707,住之江,8,一般戦,晴,南,4,2,4,5,4080,山 崎 哲 司,62,36,6.92,5,0.06,1.54.6,1-2-3,1200,4,1-2,450,2,1-2-3,530,3,1-2,320,2,,,,,,,
20250707,住之江,8,一般戦,晴,南,4,2,5,4,4176,樋 口 喜 彦,74,38,7.01,4,0.11,1.58.1,1-2-3,1200,4,1-2,450,2,1-2-3,530,3,1-2,320,2,,,,,,,
20250707,住之江,8,一般戦,晴,南,4,2,6,6,5405,竹 内 来,20,89,7.00,6,0.12,2.00.9,1-2-3,1200,4,1-2,450,2,1-2-3,530,3,1-2,320,2,,,,,,,
20250707,住之江,9,準優勝戦,晴,南,2,1,1,1,4643,近 江 翔 吾,50,94,6.89,1,0.08,1.50.8,1-3-2,1010,5,1-3,260,1,1-2-3,410,1,1-3,250,1,,,,,,,
20250707,住之江,9,準優勝戦,晴,南,2,1,2,3,5135,仲 航 太,90,33,6.91,3,0.05,1.52.7,1-3-2,1010,5,1-3,260,1,1-2-3,410,1,1-3,250,1,,,,,,,
20250707,住之江,9,準優勝戦,晴,南,2,1,3,2,3873,別 府 昌 樹,18,57,6.98,2,0.16,1.54.3,1-3-2,1010,5,1-3,260,1,1-2-3,410,1,1-3,250,1,,,,,,,
20250707,住之江,9,準優勝戦,晴,南,2,1,4,4,4254,川 島 圭 司,19,76,6.94,4,0.10,1.55.3,1-3-2,1010,5,1-3,260,1,1-2-3,410,1,1-3,250,1,,,,,,,
20250707,住之江,9,準優勝戦,晴,南,2,1,5,6,3736,岡 本 猛,53,52,6.97,6,0.12,1.56.2,1-3-2,1010,5,1-3,260,1,1-2-3,410,1,1-3,250,1,,,,,,,
20250707,住之江,9,準優勝戦,晴,南,2,1,6,5,4989,石 原 翼,77,37,6.86,5,0.06,1.58.0,1-3-2,1010,5,1-3,260,1,1-2-3,410,1,1-3,250,1,,,,,,,
20250707,住之江,10,準優勝戦,晴,南東,2,1,1,1,4494,河 合 佑 樹,30,80,6.96,1,0.10,1.50.9,1-3-6,1890,6,1-3,250,1,1-3-6,1340,6,1-3,230,2,,,,,,,
20250707,住之江,10,準優勝戦,晴,南東,2,1,2,3,5224,西 岡 顕 心,51,66,6.91,3,0.13,1.51.6,1-3-6,1890,6,1-3,250,1,1-3-6,1340,6,1-3,230,2,,,,,,,
20250707,住之江,10,準優勝戦,晴,南東,2,1,3,6,5226,藤 田 俊 祐,85,32,6.92,6,0.22,1.53.9,1-3-6,1890,6,1-3,250,1,1-3-6,1340,6,1-3,230,2,,,,,,,
20250707,住之江,10,準優勝戦,晴,南東,2,1,4,2,5197,中 野 仁 照,11,16,6.91,2,0.09,1.55.1,1-3-6,1890,6,1-3,250,1,1-3-6,1340,6,1-3,230,2,,,,,,,
20250707,住之江,10,準優勝戦,晴,南東,2,1,5,4,5106,山 崎 祥,24,72,6.92,4,0.20,1.55.3,1-3-6,1890,6,1-3,250,1,1-3-6,1340,6,1-3,230,2,,,,,,,
20250707,住之江,10,準優勝戦,晴,南東,2,1,6,5,3161,古 場 輝 義,39,14,7.02,5,0.19,1.57.7,1-3-6,1890,6,1-3,250,1,1-3-6,1340,6,1-3,230,2,,,,,,,
20250707,住之江,11,準優勝戦,晴,無風,0,1,1,3,4586,磯 部 誠,17,86,7.00,3,0.08,1.51.3,3-1-2,5020,12,3-1,1580,4,1-2-3,160,1,1-3,210,1,,,,,,,
20250707,住之江,11,準優勝戦,晴,無風,0,1,2,1,4168,石 野 貴 之,27,75,6.95,1,0.09,1.52.3,3-1-2,5020,12,3-1,1580,4,1-2-3,160,1,1-3,210,1,,,,,,,
20250707,住之江,11,準優勝戦,晴,無風,0,1,3,2,4504,前 田 将 太,35,30,6.98,2,0.08,1.53.3,3-1-2,5020,12,3-1,1580,4,1-2-3,160,1,1-3,210,1,,,,,,,
20250707,住之江,11,準優勝戦,晴,無風,0,1,4,6,4709,岡 村 将 也,33,65,6.99,5,0.09,1.53.5,3-1-2,5020,12,3-1,1580,4,1-2-3,160,1,1-3,210,1,,,,,,,
20250707,住之江,11,準優勝戦,晴,無風,0,1,5,5,4790,柳 内 敬 太,89,67,7.05,4,0.12,1.55.6,3-1-2,5020,12,3-1,1580,4,1-2-3,160,1,1-3,210,1,,,,,,,
20250707,住之江,11,準優勝戦,晴,無風,0,1,6,4,5049,松 井 友 汰,22,73,6.95,6,0.12,1.55.6,3-1-2,5020,12,3-1,1580,4,1-2-3,160,1,1-3,210,1,,,,,,,
20250707,住之江,12,一般戦,晴,無風,0,1,1,1,4080,山 崎 哲 司,62,36,6.95,1,0.08,1.49.4,1-3-4,820,2,1-3,310,1,1-3-4,350,1,1-3,260,1,,,,,,,
20250707,住之江,12,一般戦,晴,無風,0,1,2,3,3696,白 井 友 晴,84,79,6.99,3,0.15,1.52.3,1-3-4,820,2,1-3,310,1,1-3-4,350,1,1-3,260,1,,,,,,,
20250707,住之江,12,一般戦,晴,無風,0,1,3,4,5133,堀 越 雄 貴,67,60,6.95,4,0.15,1.54.1,1-3-4,820,2,1-3,310,1,1-3-4,350,1,1-3,260,1,,,,,,,
20250707,住之江,12,一般戦,晴,無風,0,1,4,5,4592,小 林 孝 弘,78,26,6.96,5,0.12,1.54.4,1-3-4,820,2,1-3,310,1,1-3-4,350,1,1-3,260,1,,,,,,,
20250707,住之江,12,一般戦,晴,無風,0,1,5,2,4429,豊 田 泰 洋,21,63,6.97,2,0.15,1.55.8,1-3-4,820,2,1-3,310,1,1-3-4,350,1,1-3,260,1,,,,,,,
20250707,住之江,12,一般戦,晴,無風,0,1,6,6,4131,原 豊 土,82,34,7.05,6,0.16,2.00.5,1-3-4,820,2,1-3,310,1,1-3-4,350,1,1-3,260,1,,,,,,,
20250707,唐津,1,予選,晴,北西,1,1,1,2,5113,黒 明 花 夢,16,10,6.84,2,0.16,1.51.3,2-3-1,33260,58,2-3,14230,20,1-2-3,1320,6,2-3,5870,12,,,,,,,
20250707,唐津,1,予選,晴,北西,1,1,2,3,5148,松 本 怜,27,14,6.76,3,0.17,1.52.4,2-3-1,33260,58,2-3,14230,20,1-2-3,1320,6,2-3,5870,12,,,,,,,
20250707,唐津,1,予選,晴,北西,1,1,3,1,4819,蜂 須 瑞 生,30,25,6.80,1,0.26,1.54.4,2-3-1,33260,58,2-3,14230,20,1-2-3,1320,6,2-3,5870,12,,,,,,,
20250707,唐津,1,予選,晴,北西,1,1,4,6,5387,戸 田 海咲音,14,32,6.72,6,0.15,1.55.4,2-3-1,33260,58,2-3,14230,20,1-2-3,1320,6,2-3,5870,12,,,,,,,
20250707,唐津,1,予選,晴,北西,1,1,5,4,4720,西 澤 日花里,69,4,6.74,4,0.13,1.55.5,2-3-1,33260,58,2-3,14230,20,1-2-3,1320,6,2-3,5870,12,,,,,,,
20250707,唐津,1,予選,晴,北西,1,1,6,5,4882,瀧 川 千 依,20,42,6.81,5,0.26,1.56.9,2-3-1,33260,58,2-3,14230,20,1-2-3,1320,6,2-3,5870,12,,,,,,,
20250707,唐津,2,予選,晴,北西,3,3,1,1,3232,山 川 美由紀,63,17,6.82,1,0.11,1.51.3,1-4-2,1420,3,1-4,860,4,1-2-4,230,1,1-4,450,3,,,,,,,
20250707,唐津,2,予選,晴,北西,3,3,2,4,4373,若 狭 奈美子,40,52,6.75,4,0.11,1.52.1,1-4-2,1420,3,1-4,860,4,1-2-4,230,1,1-4,450,3,,,,,,,
20250707,唐津,2,予選,晴,北西,3,3,3,2,4011,堀之内 紀代子,52,12,6.77,2,0.12,1.53.4,1-4-2,1420,3,1-4,860,4,1-2-4,230,1,1-4,450,3,,,,,,,
20250707,唐津,2,予選,晴,北西,3,3,4,6,4680,後 藤 美 翼,55,45,6.79,6,0.18,1.55.0,1-4-2,1420,3,1-4,860,4,1-2-4,230,1,1-4,450,3,,,,,,,
20250707,唐津,2,予選,晴,北西,3,3,5,5,5155,内 山 七 海,50,18,6.78,5,0.15,1.57.4,1-4-2,1420,3,1-4,860,4,1-2-4,230,1,1-4,450,3,,,,,,,
20250707,唐津,2,予選,晴,北西,3,3,6,3,4891,寺 島 美 里,48,27,6.84,3,0.17,1.57.6,1-4-2,1420,3,1-4,860,4,1-2-4,230,1,1-4,450,3,,,,,,,
20250707,唐津,3,予選,晴,北西,1,1,1,2,5188,武 井 莉里佳,57,16,6.84,2,0.41,1.51.8,2-1-3,1230,5,2-1,740,3,1-2-3,240,1,1-2,210,1,,,,,,,
20250707,唐津,3,予選,晴,北西,1,1,2,1,5182,宮 崎 安 奈,68,38,6.81,1,0.18,1.52.4,2-1-3,1230,5,2-1,740,3,1-2-3,240,1,1-2,210,1,,,,,,,
20250707,唐津,3,予選,晴,北西,1,1,3,3,5118,野 田 なづき,23,7,6.83,3,0.30,1.53.3,2-1-3,1230,5,2-1,740,3,1-2-3,240,1,1-2,210,1,,,,,,,
20250707,唐津,3,予選,晴,北西,1,1,4,5,5254,羽 田 妃 希,60,1,6.88,5,0.28,1.55.4,2-1-3,1230,5,2-1,740,3,1-2-3,240,1,1-2,210,1,,,,,,,
20250707,唐津,3,予選,晴,北西,1,1,5,4,4924,中 北 涼,43,37,6.84,4,0.29,1.56.5,2-1-3,1230,5,2-1,740,3,1-2-3,240,1,1-2,210,1,,,,,,,
20250707,唐津,3,予選,晴,北西,1,1,6,6,4990,田 中 博 子,11,30,6.80,6,0.27,1.58.5,2-1-3,1230,5,2-1,740,3,1-2-3,240,1,1-2,210,1,,,,,,,
20250707,唐津,4,予選,晴,北西,1,1,1,4,3435,寺 田 千 恵,12,50,6.83,4,0.14,1.49.6,4-5-3,2480,8,4-5,920,4,3-4-5,470,2,4-5,1160,6,,,,,,,
20250707,唐津,4,予選,晴,北西,1,1,2,5,4071,古 賀 千 晶,61,49,6.74,5,0.15,1.52.4,4-5-3,2480,8,4-5,920,4,3-4-5,470,2,4-5,1160,6,,,,,,,
20250707,唐津,4,予選,晴,北西,1,1,3,3,4733,赤 井 睦,51,28,6.80,3,0.34,1.54.3,4-5-3,2480,8,4-5,920,4,3-4-5,470,2,4-5,1160,6,,,,,,,
20250707,唐津,4,予選,晴,北西,1,1,4,1,4947,間 庭 菜 摘,19,58,6.84,1,0.34,1.55.8,4-5-3,2480,8,4-5,920,4,3-4-5,470,2,4-5,1160,6,,,,,,,
20250707,唐津,4,予選,晴,北西,1,1,5,2,4283,石 井 裕 美,58,43,6.83,2,0.34,1.57.8,4-5-3,2480,8,4-5,920,4,3-4-5,470,2,4-5,1160,6,,,,,,,
20250707,唐津,4,予選,晴,北西,1,1,6,6,5370,日 隈 茜,53,48,6.79,6,0.19,1.59.8,4-5-3,2480,8,4-5,920,4,3-4-5,470,2,4-5,1160,6,,,,,,,
20250707,唐津,5,予選特賞,晴,無風,0,1,1,3,4938,小 芦 るり華,70,57,6.80,3,0.01,1.50.0,3-1-2,2270,7,3-1,920,4,1-2-3,240,1,1-3,260,1,,,,,,,
20250707,唐津,5,予選特賞,晴,無風,0,1,2,1,4501,樋 口 由加里,39,13,6.78,1,0.10,1.51.5,3-1-2,2270,7,3-1,920,4,1-2-3,240,1,1-3,260,1,,,,,,,
20250707,唐津,5,予選特賞,晴,無風,0,1,3,2,4823,中 村 桃 佳,29,40,6.80,2,0.04,1.54.2,3-1-2,2270,7,3-1,920,4,1-2-3,240,1,1-3,260,1,,,,,,,
20250707,唐津,5,予選特賞,晴,無風,0,1,4,5,4746,大豆生田 蒼,64,31,6.85,5,0.03,1.54.7,3-1-2,2270,7,3-1,920,4,1-2-3,240,1,1-3,260,1,,,,,,,
20250707,唐津,5,予選特賞,晴,無風,0,1,5,4,5192,中 尾 優 香,67,51,6.84,4,0.06,1.57.8,3-1-2,2270,7,3-1,920,4,1-2-3,240,1,1-3,260,1,,,,,,,
20250707,唐津,5,予選特賞,晴,無風,0,1,6,6,5305,伊 藤 栞,18,11,6.81,6,0.01,1.58.3,3-1-2,2270,7,3-1,920,4,1-2-3,240,1,1-3,260,1,,,,,,,
20250707,唐津,6,予選,晴,北東,2,2,1,1,5069,山 崎 小葉音,22,36,6.71,1,0.11,1.50.6,1-3-5,890,2,1-3,240,1,1-3-5,410,3,1-3,240,1,,,,,,,
20250707,唐津,6,予選,晴,北東,2,2,2,3,4738,清 埜 翔 子,28,15,6.78,3,0.21,1.51.7,1-3-5,890,2,1-3,240,1,1-3-5,410,3,1-3,240,1,,,,,,,
20250707,唐津,6,予選,晴,北東,2,2,3,5,3232,山 川 美由紀,63,17,6.86,5,0.11,1.52.7,1-3-5,890,2,1-3,240,1,1-3-5,410,3,1-3,240,1,,,,,,,
20250707,唐津,6,予選,晴,北東,2,2,4,2,5198,奥 村 明日香,34,22,6.77,2,0.15,1.54.3,1-3-5,890,2,1-3,240,1,1-3-5,410,3,1-3,240,1,,,,,,,
20250707,唐津,6,予選,晴,北東,2,2,5,4,4819,蜂 須 瑞 生,30,25,6.77,4,0.14,1.54.6,1-3-5,890,2,1-3,240,1,1-3-5,410,3,1-3,240,1,,,,,,,
20250707,唐津,6,予選,晴,北東,2,2,6,6,4275,菅 野 はやか,41,26,6.87,6,0.13,2.00.6,1-3-5,890,2,1-3,240,1,1-3-5,410,3,1-3,240,1,,,,,,,
20250707,唐津,7,予選,晴,北,2,2,1,2,4642,松 尾 夏 海,56,33,6.80,2,0.14,1.50.7,2-1-4,400,1,2-1,250,1,1-2-4,130,1,1-2,150,1,,,,,,,
20250707,唐津,7,予選,晴,北,2,2,2,1,4791,黒 澤 めぐみ,24,24,6.80,1,0.35,1.51.5,2-1-4,400,1,2-1,250,1,1-2-4,130,1,1-2,150,1,,,,,,,
20250707,唐津,7,予選,晴,北,2,2,3,4,5118,野 田 なづき,23,7,6.82,4,0.22,1.53.8,2-1-4,400,1,2-1,250,1,1-2-4,130,1,1-2,150,1,,,,,,,
20250707,唐津,7,予選,晴,北,2,2,4,5,5113,黒 明 花 夢,16,10,6.85,5,0.36,1.55.5,2-1-4,400,1,2-1,250,1,1-2-4,130,1,1-2,150,1,,,,,,,
20250707,唐津,7,予選,晴,北,2,2,5,3,4940,白 石 有 美,25,39,6.87,3,0.19,1.57.7,2-1-4,400,1,2-1,250,1,1-2-4,130,1,1-2,150,1,,,,,,,
20250707,唐津,7,予選,晴,北,2,2,6,6,5389,恵 良 琴 美,46,9,6.80,6,0.15,1.59.0,2-1-4,400,1,2-1,250,1,1-2-4,130,1,1-2,150,1,,,,,,,
20250707,唐津,8,予選,晴,北,2,2,1,1,4011,堀之内 紀代子,52,12,6.75,1,0.09,1.59.5,1-2-3,970,5,1-2,380,2,1-2-3,540,3,1-2,390,3,,,,,,,
20250707,唐津,8,予選,晴,北,2,2,2,2,5148,松 本 怜,27,14,6.79,2,0.16,2.01.9,1-2-3,970,5,1-2,380,2,1-2-3,540,3,1-2,390,3,,,,,,,
20250707,唐津,8,予選,晴,北,2,2,3,3,5182,宮 崎 安 奈,68,38,6.86,3,0.08,2.04.5,1-2-3,970,5,1-2,380,2,1-2-3,540,3,1-2,390,3,,,,,,,
20250707,唐津,8,予選,晴,北,2,2,4,5,5370,日 隈 茜,53,48,6.83,5,0.07,2.07.3,1-2-3,970,5,1-2,380,2,1-2-3,540,3,1-2,390,3,,,,,,,
20250707,唐津,8,予選,晴,北,2,2,5,6,5297,南 彩 寧,26,46,6.80,6,0.07,2.20.6,1-2-3,970,5,1-2,380,2,1-2-3,540,3,1-2,390,3,,,,,,,
20250707,唐津,8,予選,晴,北,2,2,S1,4,5174,川 井 萌,59,8,6.86,4,0.09,,1-2-3,970,5,1-2,380,2,1-2-3,540,3,1-2,390,3,,,,,,,
20250707,唐津,9,予選,晴,北,4,4,1,1,4720,西 澤 日花里,69,4,6.86,1,0.07,1.52.1,1-2-5,2600,10,1-2,380,2,1-2-5,1300,6,1-2,290,2,,,,,,,
20250707,唐津,9,予選,晴,北,4,4,2,2,4071,古 賀 千 晶,61,49,6.81,2,0.12,1.53.2,1-2-5,2600,10,1-2,380,2,1-2-5,1300,6,1-2,290,2,,,,,,,
20250707,唐津,9,予選,晴,北,4,4,3,5,4924,中 北 涼,43,37,6.92,5,0.27,1.55.3,1-2-5,2600,10,1-2,380,2,1-2-5,1300,6,1-2,290,2,,,,,,,
20250707,唐津,9,予選,晴,北,4,4,4,3,4746,大豆生田 蒼,64,31,6.87,3,0.09,1.55.6,1-2-5,2600,10,1-2,380,2,1-2-5,1300,6,1-2,290,2,,,,,,,
20250707,唐津,9,予選,晴,北,4,4,5,4,4893,渡 邉 真奈美,17,41,6.84,4,0.39,1.58.1,1-2-5,2600,10,1-2,380,2,1-2-5,1300,6,1-2,290,2,,,,,,,
20250707,唐津,9,予選,晴,北,4,4,6,6,5367,赤 松 咲 香,49,23,6.90,6,0.41,2.01.1,1-2-5,2600,10,1-2,380,2,1-2-5,1300,6,1-2,290,2,,,,,,,
20250707,唐津,10,予選特賞,晴,北東,4,4,1,1,4733,赤 井 睦,51,28,6.88,1,0.11,1.51.2,1-2-3,1350,3,1-2,840,4,1-2-3,350,2,1-2,420,2,,,,,,,
20250707,唐津,10,予選特賞,晴,北東,4,4,2,2,4882,瀧 川 千 依,20,42,6.90,2,0.21,1.51.8,1-2-3,1350,3,1-2,840,4,1-2-3,350,2,1-2,420,2,,,,,,,
20250707,唐津,10,予選特賞,晴,北東,4,4,3,3,4823,中 村 桃 佳,29,40,6.91,3,0.16,1.54.4,1-2-3,1350,3,1-2,840,4,1-2-3,350,2,1-2,420,2,,,,,,,
20250707,唐津,10,予選特賞,晴,北東,4,4,4,4,3604,武 藤 綾 子,62,59,6.89,4,0.16,1.55.4,1-2-3,1350,3,1-2,840,4,1-2-3,350,2,1-2,420,2,,,,,,,
20250707,唐津,10,予選特賞,晴,北東,4,4,5,5,5069,山 崎 小葉音,22,36,6.83,5,0.25,1.57.2,1-2-3,1350,3,1-2,840,4,1-2-3,350,2,1-2,420,2,,,,,,,
20250707,唐津,10,予選特賞,晴,北東,4,4,6,6,4891,寺 島 美 里,48,27,6.86,6,0.19,1.59.8,1-2-3,1350,3,1-2,840,4,1-2-3,350,2,1-2,420,2,,,,,,,
20250707,唐津,11,宝当特選,晴,北,2,2,1,6,5019,柴 田 百 恵,42,34,6.91,6,0.02,1.50.4,6-5-1,28440,66,6-5,10240,21,1-5-6,850,4,5-6,2490,8,,,,,,,
20250707,唐津,11,宝当特選,晴,北,2,2,2,5,4791,黒 澤 めぐみ,24,24,6.92,5,0.15,1.51.9,6-5-1,28440,66,6-5,10240,21,1-5-6,850,4,5-6,2490,8,,,,,,,
20250707,唐津,11,宝当特選,晴,北,2,2,3,1,5188,武 井 莉里佳,57,16,6.91,1,0.21,1.54.3,6-5-1,28440,66,6-5,10240,21,1-5-6,850,4,5-6,2490,8,,,,,,,
20250707,唐津,11,宝当特選,晴,北,2,2,4,4,4947,間 庭 菜 摘,19,58,6.94,4,0.17,1.55.6,6-5-1,28440,66,6-5,10240,21,1-5-6,850,4,5-6,2490,8,,,,,,,
20250707,唐津,11,宝当特選,晴,北,2,2,5,3,4680,後 藤 美 翼,55,45,6.93,3,0.11,1.56.2,6-5-1,28440,66,6-5,10240,21,1-5-6,850,4,5-6,2490,8,,,,,,,
20250707,唐津,11,宝当特選,晴,北,2,2,6,2,4275,菅 野 はやか,41,26,7.01,2,0.20,2.00.8,6-5-1,28440,66,6-5,10240,21,1-5-6,850,4,5-6,2490,8,,,,,,,
20250707,唐津,12,ドリーム,晴,北,4,4,1,2,3435,寺 田 千 恵,12,50,6.86,1,0.15,1.50.3,2-4-3,730,2,2-4,390,2,2-3-4,190,1,2-4,220,2,,,,,,,
20250707,唐津,12,ドリーム,晴,北,4,4,2,4,4938,小 芦 るり華,70,57,6.84,3,0.21,1.52.9,2-4-3,730,2,2-4,390,2,2-3-4,190,1,2-4,220,2,,,,,,,
20250707,唐津,12,ドリーム,晴,北,4,4,3,3,4642,松 尾 夏 海,56,33,6.82,2,0.18,1.54.2,2-4-3,730,2,2-4,390,2,2-3-4,190,1,2-4,220,2,,,,,,,
20250707,唐津,12,ドリーム,晴,北,4,4,4,6,4373,若 狭 奈美子,40,52,6.84,5,0.29,1.54.9,2-4-3,730,2,2-4,390,2,2-3-4,190,1,2-4,220,2,,,,,,,
20250707,唐津,12,ドリーム,晴,北,4,4,5,5,4738,清 埜 翔 子,28,15,6.86,4,0.24,1.56.0,2-4-3,730,2,2-4,390,2,2-3-4,190,1,2-4,220,2,,,,,,,
20250707,唐津,12,ドリーム,晴,北,4,4,K1,1,5174,川 井 萌,59,8 K,,,,,2-4-3,730,2,2-4,390,2,2-3-4,190,1,2-4,220,2,,,,,,,
20250707,大村,1,予選,晴,北,2,1,1,1,4498,宮 本 夏 樹,54,58,6.86,1,0.17,1.51.2,1-2-3,410,1,1-2,290,1,1-2-3,170,1,1-2,240,1,,,,,,,
20250707,大村,1,予選,晴,北,2,1,2,2,3527,中 嶋 誠一郎,39,18,6.95,2,0.16,1.52.3,1-2-3,410,1,1-2,290,1,1-2-3,170,1,1-2,240,1,,,,,,,
20250707,大村,1,予選,晴,北,2,1,3,3,4600,井 内 将太郎,66,29,6.96,3,0.15,1.53.1,1-2-3,410,1,1-2,290,1,1-2-3,170,1,1-2,240,1,,,,,,,
20250707,大村,1,予選,晴,北,2,1,4,5,3211,北 川 敏 弘,69,23,6.98,5,0.21,1.54.3,1-2-3,410,1,1-2,290,1,1-2-3,170,1,1-2,240,1,,,,,,,
20250707,大村,1,予選,晴,北,2,1,5,4,4872,山 下 流 心,61,67,6.99,4,0.23,,1-2-3,410,1,1-2,290,1,1-2-3,170,1,1-2,240,1,,,,,,,
20250707,大村,1,予選,晴,北,2,1,6,6,5407,中 岡 駿,68,22,7.03,6,0.44,,1-2-3,410,1,1-2,290,1,1-2-3,170,1,1-2,240,1,,,,,,,
20250707,大村,2,予選,晴,北,3,2,1,2,3853,岩 崎 正 哉,11,20,6.94,2,0.10,1.50.2,2-6-1,1660,3,2-6,710,1,1-2-6,160,1,2-6,390,1,,,,,,,
20250707,大村,2,予選,晴,北,3,2,2,6,4362,土 屋 智 則,15,25,6.89,3,0.08,1.51.9,2-6-1,1660,3,2-6,710,1,1-2-6,160,1,2-6,390,1,,,,,,,
20250707,大村,2,予選,晴,北,3,2,3,1,4956,齊 藤 大 将,63,73,6.93,1,0.25,1.52.6,2-6-1,1660,3,2-6,710,1,1-2-6,160,1,2-6,390,1,,,,,,,
20250707,大村,2,予選,晴,北,3,2,4,3,5044,渡 邉 健,71,61,6.91,4,0.09,1.54.1,2-6-1,1660,3,2-6,710,1,1-2-6,160,1,2-6,390,1,,,,,,,
20250707,大村,2,予選,晴,北,3,2,5,4,3224,栗 山 繁 洋,36,72,6.94,5,0.14,,2-6-1,1660,3,2-6,710,1,1-2-6,160,1,2-6,390,1,,,,,,,
20250707,大村,2,予選,晴,北,3,2,6,5,4948,木 場 悠 介,67,13,6.98,6,0.12,,2-6-1,1660,3,2-6,710,1,1-2-6,160,1,2-6,390,1,,,,,,,
20250707,大村,3,予選,晴,北,2,1,1,4,4644,山 田 亮 太,12,66,6.98,4,0.08,1.50.7,4-3-5,3330,14,4-3,1710,10,3-4-5,360,1,3-4,610,4,,,,,,,
20250707,大村,3,予選,晴,北,2,1,2,3,3777,樋 口 亮,52,77,6.96,3,0.12,1.52.7,4-3-5,3330,14,4-3,1710,10,3-4-5,360,1,3-4,610,4,,,,,,,
20250707,大村,3,予選,晴,北,2,1,3,5,4688,永 井 彪 也,59,30,6.92,5,0.09,1.53.7,4-3-5,3330,14,4-3,1710,10,3-4-5,360,1,3-4,610,4,,,,,,,
20250707,大村,3,予選,晴,北,2,1,4,6,4268,和 合 俊 介,53,68,6.91,6,0.09,1.54.6,4-3-5,3330,14,4-3,1710,10,3-4-5,360,1,3-4,610,4,,,,,,,
20250707,大村,3,予選,晴,北,2,1,5,2,3294,野 中 義 生,64,15,6.94,2,0.11,,4-3-5,3330,14,4-3,1710,10,3-4-5,360,1,3-4,610,4,,,,,,,
20250707,大村,3,予選,晴,北,2,1,6,1,4666,日 笠 勝 弘,55,27,6.97,1,0.08,,4-3-5,3330,14,4-3,1710,10,3-4-5,360,1,3-4,610,4,,,,,,,
20250707,大村,4,予選,晴,北,3,2,1,1,4835,橋 本 明,45,70,6.91,1,0.13,1.50.2,1-2-4,1240,4,1-2,410,2,1-2-4,340,2,1-2,160,1,,,,,,,
20250707,大村,4,予選,晴,北,3,2,2,2,3995,重 野 哲 之,46,64,6.89,2,0.17,1.52.2,1-2-4,1240,4,1-2,410,2,1-2-4,340,2,1-2,160,1,,,,,,,
20250707,大村,4,予選,晴,北,3,2,3,4,4684,楠 原 翔 太,74,59,6.93,4,0.22,1.53.4,1-2-4,1240,4,1-2,410,2,1-2-4,340,2,1-2,160,1,,,,,,,
20250707,大村,4,予選,晴,北,3,2,4,6,4822,百 武 翔,75,14,6.99,6,0.28,1.54.9,1-2-4,1240,4,1-2,410,2,1-2-4,340,2,1-2,160,1,,,,,,,
20250707,大村,4,予選,晴,北,3,2,5,5,4006,小 野 勇 作,16,16,6.93,5,0.23,,1-2-4,1240,4,1-2,410,2,1-2-4,340,2,1-2,160,1,,,,,,,
20250707,大村,4,予選,晴,北,3,2,6,3,4116,川 田 正 人,49,24,6.91,3,0.22,,1-2-4,1240,4,1-2,410,2,1-2-4,340,2,1-2,160,1,,,,,,,
20250707,大村,5,予選,晴,北,3,2,1,1,3843,上 之 晃 弘,62,65,6.95,1,0.15,1.50.6,1-4-2,1020,2,1-4,450,1,1-2-4,200,1,1-4,190,1,,,,,,,
20250707,大村,5,予選,晴,北,3,2,2,4,5068,前 田 滉,65,12,6.81,4,0.16,1.51.8,1-4-2,1020,2,1-4,450,1,1-2-4,200,1,1-4,190,1,,,,,,,
20250707,大村,5,予選,晴,北,3,2,3,2,4148,枝 尾 賢,14,35,6.92,2,0.14,1.52.8,1-4-2,1020,2,1-4,450,1,1-2-4,200,1,1-4,190,1,,,,,,,
20250707,大村,5,予選,晴,北,3,2,4,5,4327,加 藤 翔,43,28,6.89,5,0.18,1.54.9,1-4-2,1020,2,1-4,450,1,1-2-4,200,1,1-4,190,1,,,,,,,
20250707,大村,5,予選,晴,北,3,2,5,6,4252,松 下 哲 也,57,62,6.86,6,0.15,,1-4-2,1020,2,1-4,450,1,1-2-4,200,1,1-4,190,1,,,,,,,
20250707,大村,5,予選,晴,北,3,2,6,3,3998,冨 成 謙 児,51,11,6.97,3,0.11,,1-4-2,1020,2,1-4,450,1,1-2-4,200,1,1-4,190,1,,,,,,,
20250707,大村,6,予選,晴,北,4,3,1,3,3422,服 部 幸 男,47,78,6.87,3,0.23,1.50.7,3-5-2,1570,5,3-5,910,5,2-3-5,400,3,3-5,440,3,,,,,,,
20250707,大村,6,予選,晴,北,4,3,2,5,4879,山 崎 鉄 平,60,32,6.89,5,0.19,1.51.7,3-5-2,1570,5,3-5,910,5,2-3-5,400,3,3-5,440,3,,,,,,,
20250707,大村,6,予選,晴,北,4,3,3,2,3381,滝 沢 芳 行,72,74,6.90,2,0.11,1.52.9,3-5-2,1570,5,3-5,910,5,2-3-5,400,3,3-5,440,3,,,,,,,
20250707,大村,6,予選,晴,北,4,3,4,1,5307,富 永 夏哉人,50,33,6.84,1,0.18,1.54.5,3-5-2,1570,5,3-5,910,5,2-3-5,400,3,3-5,440,3,,,,,,,
20250707,大村,6,予選,晴,北,4,3,5,6,3211,北 川 敏 弘,69,23,6.96,6,0.18,,3-5-2,1570,5,3-5,910,5,2-3-5,400,3,3-5,440,3,,,,,,,
20250707,大村,6,予選,晴,北,4,3,6,4,3748,小 黒 竜 吾,37,69,6.96,4,0.19,,3-5-2,1570,5,3-5,910,5,2-3-5,400,3,3-5,440,3,,,,,,,
20250707,大村,7,予選 進入固定,晴,北,3,2,1,1,4776,竹 田 和 哉,48,19,6.91,1,0.05,1.50.0,1-3-4,620,3,1-3,170,1,1-3-4,380,3,1-3,130,1,,,,,,,
20250707,大村,7,予選 進入固定,晴,北,3,2,2,3,4362,土 屋 智 則,15,25,6.94,3,0.08,1.51.5,1-3-4,620,3,1-3,170,1,1-3-4,380,3,1-3,130,1,,,,,,,
20250707,大村,7,予選 進入固定,晴,北,3,2,3,4,4956,齊 藤 大 将,63,73,6.99,4,0.07,1.52.9,1-3-4,620,3,1-3,170,1,1-3-4,380,3,1-3,130,1,,,,,,,
20250707,大村,7,予選 進入固定,晴,北,3,2,4,2,4837,酒 井 陽 祐,41,60,6.94,2,0.08,1.54.4,1-3-4,620,3,1-3,170,1,1-3-4,380,3,1-3,130,1,,,,,,,
20250707,大村,7,予選 進入固定,晴,北,3,2,5,5,4498,宮 本 夏 樹,54,58,6.88,5,0.07,,1-3-4,620,3,1-3,170,1,1-3-4,380,3,1-3,130,1,,,,,,,
20250707,大村,7,予選 進入固定,晴,北,3,2,6,6,5309,森 雄 利,70,71,6.94,6,0.08,,1-3-4,620,3,1-3,170,1,1-3-4,380,3,1-3,130,1,,,,,,,
20250707,大村,8,予選,晴,北西,2,1,1,4,4826,井 上 一 輝,13,21,6.90,4,0.11,1.50.1,4-5-3,5550,23,4-5,650,4,3-4-5,2450,9,4-5,560,2,,,,,,,
20250707,大村,8,予選,晴,北西,2,1,2,5,4835,橋 本 明,45,70,6.94,5,0.13,1.50.8,4-5-3,5550,23,4-5,650,4,3-4-5,2450,9,4-5,560,2,,,,,,,
20250707,大村,8,予選,晴,北西,2,1,3,3,4666,日 笠 勝 弘,55,27,6.99,3,0.18,1.54.1,4-5-3,5550,23,4-5,650,4,3-4-5,2450,9,4-5,560,2,,,,,,,
20250707,大村,8,予選,晴,北西,2,1,4,6,4872,山 下 流 心,61,67,6.98,6,0.16,1.55.1,4-5-3,5550,23,4-5,650,4,3-4-5,2450,9,4-5,560,2,,,,,,,
20250707,大村,8,予選,晴,北西,2,1,5,2,3414,加 瀬 智 宏,56,34,6.95,2,0.21,,4-5-3,5550,23,4-5,650,4,3-4-5,2450,9,4-5,560,2,,,,,,,
20250707,大村,8,予選,晴,北西,2,1,6,1,5044,渡 邉 健,71,61,6.96,1,0.33,,4-5-3,5550,23,4-5,650,4,3-4-5,2450,9,4-5,560,2,,,,,,,
20250707,大村,9,予選特賞,晴,北西,2,1,1,1,4757,山 田 祐 也,73,17,6.94,1,0.06,1.50.0,1-6-2,3280,13,1-6,1040,4,1-2-6,1000,5,1-6,670,4,,,,,,,
20250707,大村,9,予選特賞,晴,北西,2,1,2,6,4644,山 田 亮 太,12,66,7.03,6,0.11,1.51.7,1-6-2,3280,13,1-6,1040,4,1-2-6,1000,5,1-6,670,4,,,,,,,
20250707,大村,9,予選特賞,晴,北西,2,1,3,2,4600,井 内 将太郎,66,29,6.96,2,0.05,1.52.7,1-6-2,3280,13,1-6,1040,4,1-2-6,1000,5,1-6,670,4,,,,,,,
20250707,大村,9,予選特賞,晴,北西,2,1,4,5,3853,岩 崎 正 哉,11,20,6.94,5,0.21,1.53.5,1-6-2,3280,13,1-6,1040,4,1-2-6,1000,5,1-6,670,4,,,,,,,
20250707,大村,9,予選特賞,晴,北西,2,1,5,3,4684,楠 原 翔 太,74,59,6.97,3,0.15,,1-6-2,3280,13,1-6,1040,4,1-2-6,1000,5,1-6,670,4,,,,,,,
20250707,大村,9,予選特賞,晴,北西,2,1,6,4,3784,中 島 友 和,40,75,6.95,4,0.18,,1-6-2,3280,13,1-6,1040,4,1-2-6,1000,5,1-6,670,4,,,,,,,
20250707,大村,10,予選特選,晴,北西,2,1,1,1,4688,永 井 彪 也,59,30,6.92,1,0.20,1.50.4,1-3-2,1040,5,1-3,280,1,1-2-3,520,3,1-3,200,1,,,,,,,
20250707,大村,10,予選特選,晴,北西,2,1,2,3,4879,山 崎 鉄 平,60,32,6.96,3,0.13,1.51.2,1-3-2,1040,5,1-3,280,1,1-2-3,520,3,1-3,200,1,,,,,,,
20250707,大村,10,予選特選,晴,北西,2,1,3,2,4948,木 場 悠 介,67,13,6.98,2,0.16,1.53.2,1-3-2,1040,5,1-3,280,1,1-2-3,520,3,1-3,200,1,,,,,,,
20250707,大村,10,予選特選,晴,北西,2,1,4,6,5032,谷 口 知 優,44,63,6.98,6,0.18,1.54.4,1-3-2,1040,5,1-3,280,1,1-2-3,520,3,1-3,200,1,,,,,,,
20250707,大村,10,予選特選,晴,北西,2,1,5,4,3843,上 之 晃 弘,62,65,7.02,4,0.17,,1-3-2,1040,5,1-3,280,1,1-2-3,520,3,1-3,200,1,,,,,,,
20250707,大村,10,予選特選,晴,北西,2,1,6,5,3995,重 野 哲 之,46,64,6.94,5,0.12,,1-3-2,1040,5,1-3,280,1,1-2-3,520,3,1-3,200,1,,,,,,,
20250707,大村,11,予選特選,晴,北西,2,1,1,1,3422,服 部 幸 男,47,78,6.94,1,0.10,1.50.4,1-3-5,580,1,1-3,290,1,1-3-5,290,1,1-3,290,2,,,,,,,
20250707,大村,11,予選特選,晴,北西,2,1,2,3,4148,枝 尾 賢,14,35,6.99,3,0.17,1.52.0,1-3-5,580,1,1-3,290,1,1-3-5,290,1,1-3,290,2,,,,,,,
20250707,大村,11,予選特選,晴,北西,2,1,3,5,4776,竹 田 和 哉,48,19,6.98,5,0.12,1.53.1,1-3-5,580,1,1-3,290,1,1-3-5,290,1,1-3,290,2,,,,,,,
20250707,大村,11,予選特選,晴,北西,2,1,4,4,3777,樋 口 亮,52,77,6.99,4,0.14,1.53.6,1-3-5,580,1,1-3,290,1,1-3-5,290,1,1-3,290,2,,,,,,,
20250707,大村,11,予選特選,晴,北西,2,1,5,2,4006,小 野 勇 作,16,16,7.02,2,0.14,,1-3-5,580,1,1-3,290,1,1-3-5,290,1,1-3,290,2,,,,,,,
20250707,大村,11,予選特選,晴,北西,2,1,6,6,3527,中 嶋 誠一郎,39,18,7.04,6,0.13,,1-3-5,580,1,1-3,290,1,1-3-5,290,1,1-3,290,2,,,,,,,
20250707,大村,12,一般特賞,晴,北,2,1,1,1,4822,百 武 翔,75,14,6.99,1,0.11,1.50.5,1-6-2,2100,10,1-6,1300,6,1-2-6,210,1,1-6,890,4,,,,,,,
20250707,大村,12,一般特賞,晴,北,2,1,2,6,4839,四 宮 与 寛,58,31,6.97,5,0.08,1.51.4,1-6-2,2100,10,1-6,1300,6,1-2-6,210,1,1-6,890,4,,,,,,,
20250707,大村,12,一般特賞,晴,北,2,1,3,2,5068,前 田 滉,65,12,6.91,2,0.15,1.52.9,1-6-2,2100,10,1-6,1300,6,1-2-6,210,1,1-6,890,4,,,,,,,
20250707,大村,12,一般特賞,晴,北,2,1,4,5,5407,中 岡 駿,68,22,7.01,6,0.13,1.54.7,1-6-2,2100,10,1-6,1300,6,1-2-6,210,1,1-6,890,4,,,,,,,
20250707,大村,12,一般特賞,晴,北,2,1,5,3,3294,野 中 義 生,64,15,6.97,3,0.22,,1-6-2,2100,10,1-6,1300,6,1-2-6,210,1,1-6,890,4,,,,,,,
20250707,大村,12,一般特賞,晴,北,2,1,6,4,5309,森 雄 利,70,71,6.99,4,0.12,,1-6-2,2100,10,1-6,1300,6,1-2-6,210,1,1-6,890,4,,,,,,,
20250707,宮島,1,ファーストＢ,晴,東,2,2,1,2,4973,栗 原 直 也,34,21,6.84,2,0.21,1.52.3,2-3-4,22500,51,2-3,8550,17,2-3-4,2820,9,2-3,3370,10,,,,,,,
20250707,宮島,1,ファーストＢ,晴,東,2,2,2,3,4332,村 上 彰 一,63,15,6.85,3,0.30,1.53.2,2-3-4,22500,51,2-3,8550,17,2-3-4,2820,9,2-3,3370,10,,,,,,,
20250707,宮島,1,ファーストＢ,晴,東,2,2,3,4,3955,眞 田 英 二,36,77,6.84,4,0.24,1.54.8,2-3-4,22500,51,2-3,8550,17,2-3-4,2820,9,2-3,3370,10,,,,,,,
20250707,宮島,1,ファーストＢ,晴,東,2,2,4,1,5134,大 原 祥 昌,54,27,6.81,1,0.14,1.56.9,2-3-4,22500,51,2-3,8550,17,2-3-4,2820,9,2-3,3370,10,,,,,,,
20250707,宮島,1,ファーストＢ,晴,東,2,2,5,6,3950,石 川 哲 秀,68,67,6.90,6,0.26,1.57.5,2-3-4,22500,51,2-3,8550,17,2-3-4,2820,9,2-3,3370,10,,,,,,,
20250707,宮島,1,ファーストＢ,晴,東,2,2,6,5,5014,梶 山 涼 斗,58,34,6.87,5,0.27,1.58.3,2-3-4,22500,51,2-3,8550,17,2-3-4,2820,9,2-3,3370,10,,,,,,,
20250707,宮島,2,予選,晴,東,2,2,1,3,4811,向井田 佑 紀,12,14,6.84,3,0.25,1.51.9,3-2-5,15140,43,3-2,2360,8,2-3-5,3840,11,2-3,820,4,,,,,,,
20250707,宮島,2,予選,晴,東,2,2,2,2,4204,柴 田 大 輔,20,54,6.77,2,0.29,1.53.5,3-2-5,15140,43,3-2,2360,8,2-3-5,3840,11,2-3,820,4,,,,,,,
20250707,宮島,2,予選,晴,東,2,2,3,5,5011,高 木 圭 大,51,52,6.86,5,0.23,1.54.7,3-2-5,15140,43,3-2,2360,8,2-3-5,3840,11,2-3,820,4,,,,,,,
20250707,宮島,2,予選,晴,東,2,2,4,4,3176,長谷川 巌,33,53,6.82,4,0.22,1.55.0,3-2-5,15140,43,3-2,2360,8,2-3-5,3840,11,2-3,820,4,,,,,,,
20250707,宮島,2,予選,晴,東,2,2,5,1,5154,村 松 栄 太,15,29,6.83,1,0.25,1.56.0,3-2-5,15140,43,3-2,2360,8,2-3-5,3840,11,2-3,820,4,,,,,,,
20250707,宮島,2,予選,晴,東,2,2,6,6,3834,細 川 明 人,30,32,6.86,6,0.29,1.58.1,3-2-5,15140,43,3-2,2360,8,2-3-5,3840,11,2-3,820,4,,,,,,,
20250707,宮島,3,予選,晴,南,3,3,1,1,3787,天 野 誠,27,28,6.77,1,0.21,1.56.6,1-6-4,21980,95,1-6,4830,26,1-4-6,4230,19,1-6,3210,15,,,,,,,
20250707,宮島,3,予選,晴,南,3,3,2,6,4007,榮 田 将 彦,19,13,6.71,6,0.15,1.58.1,1-6-4,21980,95,1-6,4830,26,1-4-6,4230,19,1-6,3210,15,,,,,,,
20250707,宮島,3,予選,晴,南,3,3,3,4,3265,今 村 暢 孝,29,55,6.78,2,0.20,2.00.8,1-6-4,21980,95,1-6,4830,26,1-4-6,4230,19,1-6,3210,15,,,,,,,
20250707,宮島,3,予選,晴,南,3,3,4,2,4180,上 野 秀 和,55,57,6.78,3,0.20,2.03.1,1-6-4,21980,95,1-6,4830,26,1-4-6,4230,19,1-6,3210,15,,,,,,,
20250707,宮島,3,予選,晴,南,3,3,5,5,4096,石 橋 道 友,70,33,6.78,5,0.21,2.06.5,1-6-4,21980,95,1-6,4830,26,1-4-6,4230,19,1-6,3210,15,,,,,,,
20250707,宮島,3,予選,晴,南,3,3,S0,3,4467,渡 邉 俊 介,31,16,6.75,4,0.23,,1-6-4,21980,95,1-6,4830,26,1-4-6,4230,19,1-6,3210,15,,,,,,,
20250707,宮島,4,ランチ特賞,晴,南西,3,3,1,6,4516,野 口 勝 弘,73,60,6.73,4,0.20,1.51.1,6-1-5,40740,62,6-1,3940,12,1-5-6,3930,11,1-6,430,2,,,,,,,
20250707,宮島,4,ランチ特賞,晴,南西,3,3,2,1,4514,上 條 嘉 嗣,21,58,6.68,1,0.17,1.53.1,6-1-5,40740,62,6-1,3940,12,1-5-6,3930,11,1-6,430,2,,,,,,,
20250707,宮島,4,ランチ特賞,晴,南西,3,3,3,5,4727,安 部 慎 一,64,51,6.78,6,0.16,1.55.0,6-1-5,40740,62,6-1,3940,12,1-5-6,3930,11,1-6,430,2,,,,,,,
20250707,宮島,4,ランチ特賞,晴,南西,3,3,4,4,4143,浦 田 晃 嗣,24,73,6.74,5,0.22,1.55.4,6-1-5,40740,62,6-1,3940,12,1-5-6,3930,11,1-6,430,2,,,,,,,
20250707,宮島,4,ランチ特賞,晴,南西,3,3,5,3,4601,森 野 正 弘,22,39,6.71,3,0.31,1.56.5,6-1-5,40740,62,6-1,3940,12,1-5-6,3930,11,1-6,430,2,,,,,,,
20250707,宮島,4,ランチ特賞,晴,南西,3,3,6,2,4164,岩 永 節 也,79,82,6.74,2,0.24,1.58.8,6-1-5,40740,62,6-1,3940,12,1-5-6,3930,11,1-6,430,2,,,,,,,
20250707,宮島,5,予選,晴,南西,3,3,1,1,4434,田 中 辰 彦,53,50,6.78,1,0.13,1.51.5,1-3-5,860,3,1-3,280,1,1-3-5,400,2,1-3,220,1,,,,,,,
20250707,宮島,5,予選,晴,南西,3,3,2,3,5132,中 野 希 一,16,12,6.77,2,0.09,1.52.5,1-3-5,860,3,1-3,280,1,1-3-5,400,2,1-3,220,1,,,,,,,
20250707,宮島,5,予選,晴,南西,3,3,3,5,4873,蒲 原 健 太,38,37,6.79,5,0.16,1.53.9,1-3-5,860,3,1-3,280,1,1-3-5,400,2,1-3,220,1,,,,,,,
20250707,宮島,5,予選,晴,南西,3,3,4,4,4332,村 上 彰 一,63,15,6.77,4,0.14,1.54.3,1-3-5,860,3,1-3,280,1,1-3-5,400,2,1-3,220,1,,,,,,,
20250707,宮島,5,予選,晴,南西,3,3,5,2,5037,田 頭 虎 親,77,56,6.73,3,0.11,1.56.4,1-3-5,860,3,1-3,280,1,1-3-5,400,2,1-3,220,1,,,,,,,
20250707,宮島,5,予選,晴,南西,3,3,6,6,5420,吉 原 快 誓,35,30,6.79,6,0.13,1.58.3,1-3-5,860,3,1-3,280,1,1-3-5,400,2,1-3,220,1,,,,,,,
20250707,宮島,6,予選,晴,南西,4,4,1,3,4529,嶋 義 信,78,38,6.77,3,0.09,1.51.8,3-1-4,5450,21,3-1,3200,13,1-3-4,700,3,1-3,690,4,,,,,,,
20250707,宮島,6,予選,晴,南西,4,4,2,1,3955,眞 田 英 二,36,77,6.77,1,0.14,1.53.2,3-1-4,5450,21,3-1,3200,13,1-3-4,700,3,1-3,690,4,,,,,,,
20250707,宮島,6,予選,晴,南西,4,4,3,4,4264,長 尾 章 平,13,61,6.76,4,0.14,1.54.5,3-1-4,5450,21,3-1,3200,13,1-3-4,700,3,1-3,690,4,,,,,,,
20250707,宮島,6,予選,晴,南西,4,4,4,5,5041,荒 牧 凪 沙,11,63,6.75,5,0.13,1.55.1,3-1-4,5450,21,3-1,3200,13,1-3-4,700,3,1-3,690,4,,,,,,,
20250707,宮島,6,予選,晴,南西,4,4,5,2,4483,北 野 輝 季,76,80,6.78,2,0.13,1.56.6,3-1-4,5450,21,3-1,3200,13,1-3-4,700,3,1-3,690,4,,,,,,,
20250707,宮島,6,予選,晴,南西,4,4,6,6,5417,小 柳 勝 希,39,66,6.77,6,0.10,1.58.6,3-1-4,5450,21,3-1,3200,13,1-3-4,700,3,1-3,690,4,,,,,,,
20250707,宮島,7,予選,晴,南,3,3,1,2,5278,田 中 駿 兵,57,17,6.82,2,0.11,1.52.0,2-4-5,2780,13,2-4,610,2,2-4-5,740,4,2-4,310,1,,,,,,,
20250707,宮島,7,予選,晴,南,3,3,2,4,4445,宮 地 元 輝,69,70,6.78,4,0.05,1.53.5,2-4-5,2780,13,2-4,610,2,2-4-5,740,4,2-4,310,1,,,,,,,
20250707,宮島,7,予選,晴,南,3,3,3,5,4973,栗 原 直 也,34,21,6.80,5,0.11,1.54.9,2-4-5,2780,13,2-4,610,2,2-4-5,740,4,2-4,310,1,,,,,,,
20250707,宮島,7,予選,晴,南,3,3,4,3,4260,中 越 博 紀,52,23,6.84,3,0.04,1.55.0,2-4-5,2780,13,2-4,610,2,2-4-5,740,4,2-4,310,1,,,,,,,
20250707,宮島,7,予選,晴,南,3,3,5,1,3176,長谷川 巌,33,53,6.80,1,0.09,1.58.1,2-4-5,2780,13,2-4,610,2,2-4-5,740,4,2-4,310,1,,,,,,,
20250707,宮島,7,予選,晴,南,3,3,6,6,3928,林 恵 祐,25,35,6.91,6,0.12,2.00.6,2-4-5,2780,13,2-4,610,2,2-4-5,740,4,2-4,310,1,,,,,,,
20250707,宮島,8,予選,晴,南西,3,3,1,2,4703,森 永 隆,75,24,6.85,1,0.20,1.52.1,2-6-4,23860,74,2-6,6020,19,2-4-6,3560,12,2-6,3750,13,,,,,,,
20250707,宮島,8,予選,晴,南西,3,3,2,6,4811,向井田 佑 紀,12,14,6.83,6,0.22,1.53.7,2-6-4,23860,74,2-6,6020,19,2-4-6,3560,12,2-6,3750,13,,,,,,,
20250707,宮島,8,予選,晴,南西,3,3,3,4,3787,天 野 誠,27,28,6.81,4,0.19,1.54.6,2-6-4,23860,74,2-6,6020,19,2-4-6,3560,12,2-6,3750,13,,,,,,,
20250707,宮島,8,予選,晴,南西,3,3,4,5,4812,西 野 雄 貴,60,81,6.74,5,0.10,1.55.6,2-6-4,23860,74,2-6,6020,19,2-4-6,3560,12,2-6,3750,13,,,,,,,
20250707,宮島,8,予選,晴,南西,3,3,5,1,4143,浦 田 晃 嗣,24,73,6.80,2,0.25,1.58.1,2-6-4,23860,74,2-6,6020,19,2-4-6,3560,12,2-6,3750,13,,,,,,,
20250707,宮島,8,予選,晴,南西,3,3,6,3,4213,重 富 伸 也,59,76,6.84,3,0.27,2.01.5,2-6-4,23860,74,2-6,6020,19,2-4-6,3560,12,2-6,3750,13,,,,,,,
20250707,宮島,9,予選,晴,南西,3,3,1,1,3265,今 村 暢 孝,29,55,6.88,1,0.11,1.52.6,1-4-2,1560,5,1-4,790,3,1-2-4,350,2,1-4,760,2,,,,,,,
20250707,宮島,9,予選,晴,南西,3,3,2,4,3950,石 川 哲 秀,68,67,6.84,4,0.18,1.53.8,1-4-2,1560,5,1-4,790,3,1-2-4,350,2,1-4,760,2,,,,,,,
20250707,宮島,9,予選,晴,南西,3,3,3,2,5064,品 川 二千翔,14,75,6.80,2,0.07,1.54.6,1-4-2,1560,5,1-4,790,3,1-2-4,350,2,1-4,760,2,,,,,,,
20250707,宮島,9,予選,晴,南西,3,3,4,3,4204,柴 田 大 輔,20,54,6.76,3,0.11,1.55.7,1-4-2,1560,5,1-4,790,3,1-2-4,350,2,1-4,760,2,,,,,,,
20250707,宮島,9,予選,晴,南西,3,3,5,6,4062,後 藤 陽 介,71,69,6.84,6,0.21,1.57.5,1-4-2,1560,5,1-4,790,3,1-2-4,350,2,1-4,760,2,,,,,,,
20250707,宮島,9,予選,晴,南西,3,3,6,5,4164,岩 永 節 也,79,82,6.83,5,0.23,1.58.8,1-4-2,1560,5,1-4,790,3,1-2-4,350,2,1-4,760,2,,,,,,,
20250707,宮島,10,特賞,晴,南西,4,4,1,1,4601,森 野 正 弘,22,39,6.79,1,0.15,1.52.2,1-5-2,3760,11,1-5,1670,4,1-2-5,820,3,1-5,1330,3,,,,,,,
20250707,宮島,10,特賞,晴,南西,4,4,2,5,4180,上 野 秀 和,55,57,6.86,5,0.15,1.52.8,1-5-2,3760,11,1-5,1670,4,1-2-5,820,3,1-5,1330,3,,,,,,,
20250707,宮島,10,特賞,晴,南西,4,4,3,2,4529,嶋 義 信,78,38,6.80,2,0.16,1.54.6,1-5-2,3760,11,1-5,1670,4,1-2-5,820,3,1-5,1330,3,,,,,,,
20250707,宮島,10,特賞,晴,南西,4,4,4,3,4873,蒲 原 健 太,38,37,6.80,3,0.20,1.55.2,1-5-2,3760,11,1-5,1670,4,1-2-5,820,3,1-5,1330,3,,,,,,,
20250707,宮島,10,特賞,晴,南西,4,4,5,6,4247,齊 藤 優,17,25,6.90,6,0.18,1.57.8,1-5-2,3760,11,1-5,1670,4,1-2-5,820,3,1-5,1330,3,,,,,,,
20250707,宮島,10,特賞,晴,南西,4,4,6,4,5011,高 木 圭 大,51,52,6.86,4,0.21,1.59.0,1-5-2,3760,11,1-5,1670,4,1-2-5,820,3,1-5,1330,3,,,,,,,
20250707,宮島,11,特選,晴,南西,4,4,1,1,4264,長 尾 章 平,13,61,6.77,1,0.12,1.50.9,1-5-6,1450,5,1-5,840,3,1-5-6,700,4,1-5,400,2,,,,,,,
20250707,宮島,11,特選,晴,南西,4,4,2,5,5278,田 中 駿 兵,57,17,6.77,4,0.15,1.52.7,1-5-6,1450,5,1-5,840,3,1-5-6,700,4,1-5,400,2,,,,,,,
20250707,宮島,11,特選,晴,南西,4,4,3,6,5132,中 野 希 一,16,12,6.85,5,0.11,1.53.4,1-5-6,1450,5,1-5,840,3,1-5-6,700,4,1-5,400,2,,,,,,,
20250707,宮島,11,特選,晴,南西,4,4,4,4,4516,野 口 勝 弘,73,60,6.82,3,0.14,1.54.3,1-5-6,1450,5,1-5,840,3,1-5-6,700,4,1-5,400,2,,,,,,,
20250707,宮島,11,特選,晴,南西,4,4,5,3,5134,大 原 祥 昌,54,27,6.86,2,0.20,1.57.8,1-5-6,1450,5,1-5,840,3,1-5-6,700,4,1-5,400,2,,,,,,,
20250707,宮島,11,特選,晴,南西,4,4,K0,2,4467,渡 邉 俊 介,31,16 K,,,,,1-5-6,1450,5,1-5,840,3,1-5-6,700,4,1-5,400,2,,,,,,,
20250707,宮島,12,ヤクルトＤＲ,晴,南西,5,5,1,4,4483,北 野 輝 季,76,80,6.81,4,0.16,1.51.0,4-1-2,19350,31,4-1,4020,7,1-2-4,830,4,1-4,570,4,,,,,,,
20250707,宮島,12,ヤクルトＤＲ,晴,南西,5,5,2,1,4445,宮 地 元 輝,69,70,6.76,1,0.14,1.53.4,4-1-2,19350,31,4-1,4020,7,1-2-4,830,4,1-4,570,4,,,,,,,
20250707,宮島,12,ヤクルトＤＲ,晴,南西,5,5,3,2,4096,石 橋 道 友,70,33,6.80,2,0.18,1.54.6,4-1-2,19350,31,4-1,4020,7,1-2-4,830,4,1-4,570,4,,,,,,,
20250707,宮島,12,ヤクルトＤＲ,晴,南西,5,5,4,5,4514,上 條 嘉 嗣,21,58,6.82,5,0.14,1.55.9,4-1-2,19350,31,4-1,4020,7,1-2-4,830,4,1-4,570,4,,,,,,,
20250707,宮島,12,ヤクルトＤＲ,晴,南西,5,5,5,3,4434,田 中 辰 彦,53,50,6.82,3,0.18,1.57.0,4-1-2,19350,31,4-1,4020,7,1-2-4,830,4,1-4,570,4,,,,,,,
20250707,宮島,12,ヤクルトＤＲ,晴,南西,5,5,6,6,4703,森 永 隆,75,24,6.81,6,0.15,2.00.9,4-1-2,19350,31,4-1,4020,7,1-2-4,830,4,1-4,570,4,,,,,,,
20250707,常滑,1,朝トコ小判Ｒ,晴,西,3,1,1,3,3539,金 子 順 一,9,20,6.85,4,0.17,1.51.3,3-6-1,17320,26,3-6,10320,13,1-3-6,430,2,3-6,1910,5,,,,,,,
20250707,常滑,1,朝トコ小判Ｒ,晴,西,3,1,2,6,4876,梅 木 敬 太,31,26,6.79,5,0.14,1.52.8,3-6-1,17320,26,3-6,10320,13,1-3-6,430,2,3-6,1910,5,,,,,,,
20250707,常滑,1,朝トコ小判Ｒ,晴,西,3,1,3,1,4824,松 井 洪 弥,34,66,6.83,1,0.25,1.53.4,3-6-1,17320,26,3-6,10320,13,1-3-6,430,2,3-6,1910,5,,,,,,,
20250707,常滑,1,朝トコ小判Ｒ,晴,西,3,1,4,4,3870,寺 嶋 雄,47,36,6.86,3,0.30,1.56.6,3-6-1,17320,26,3-6,10320,13,1-3-6,430,2,3-6,1910,5,,,,,,,
20250707,常滑,1,朝トコ小判Ｒ,晴,西,3,1,5,2,3542,清 水 紀 克,1,56,6.85,2,0.35,,3-6-1,17320,26,3-6,10320,13,1-3-6,430,2,3-6,1910,5,,,,,,,
20250707,常滑,1,朝トコ小判Ｒ,晴,西,3,1,6,5,5357,田 中 瀬里奈,57,49,6.86,6,0.10,,3-6-1,17320,26,3-6,10320,13,1-3-6,430,2,3-6,1910,5,,,,,,,
20250707,常滑,2,予選,晴,西,3,1,1,2,3613,角 谷 健 吾,20,70,6.83,1,0.15,1.51.3,2-5-3,1650,5,2-5,450,1,2-3-5,520,3,2-5,280,1,,,,,,,
20250707,常滑,2,予選,晴,西,3,1,2,5,4448,青 木 玄 太,5,68,6.79,5,0.18,1.52.5,2-5-3,1650,5,2-5,450,1,2-3-5,520,3,2-5,280,1,,,,,,,
20250707,常滑,2,予選,晴,西,3,1,3,3,4358,松 本 庸 平,6,44,6.78,3,0.16,1.54.1,2-5-3,1650,5,2-5,450,1,2-3-5,520,3,2-5,280,1,,,,,,,
20250707,常滑,2,予選,晴,西,3,1,4,1,3652,森 下 勇,32,18,6.87,2,0.17,1.55.7,2-5-3,1650,5,2-5,450,1,2-3-5,520,3,2-5,280,1,,,,,,,
20250707,常滑,2,予選,晴,西,3,1,5,4,4957,竹之内 極,29,22,6.83,4,0.16,,2-5-3,1650,5,2-5,450,1,2-3-5,520,3,2-5,280,1,,,,,,,
20250707,常滑,2,予選,晴,西,3,1,6,6,5380,野 田 亜 湖,10,40,6.80,6,0.20,,2-5-3,1650,5,2-5,450,1,2-3-5,520,3,2-5,280,1,,,,,,,
20250707,常滑,3,予選,晴,西,3,1,1,1,4289,落 合 直 子,52,15,6.82,1,0.11,1.50.8,1-4-5,1270,4,1-4,420,1,1-4-5,550,3,1-4,400,2,,,,,,,
20250707,常滑,3,予選,晴,西,3,1,2,4,4817,渡 邉 翼,15,75,6.80,4,0.07,1.52.9,1-4-5,1270,4,1-4,420,1,1-4-5,550,3,1-4,400,2,,,,,,,
20250707,常滑,3,予選,晴,西,3,1,3,5,4470,平 田 健之佑,54,69,6.88,5,0.13,1.53.9,1-4-5,1270,4,1-4,420,1,1-4-5,550,3,1-4,400,2,,,,,,,
20250707,常滑,3,予選,晴,西,3,1,4,2,4253,西 川 真 人,35,46,6.83,2,0.06,1.55.1,1-4-5,1270,4,1-4,420,1,1-4-5,550,3,1-4,400,2,,,,,,,
20250707,常滑,3,予選,晴,西,3,1,5,3,4053,芦 澤 望,12,37,6.85,3,0.09,,1-4-5,1270,4,1-4,420,1,1-4-5,550,3,1-4,400,2,,,,,,,
20250707,常滑,3,予選,晴,西,3,1,6,6,3302,谷 川 里 江,49,47,6.81,6,0.16,,1-4-5,1270,4,1-4,420,1,1-4-5,550,3,1-4,400,2,,,,,,,
20250707,常滑,4,予選,晴,西,3,1,1,1,3999,大 瀧 明日香,27,48,6.79,1,0.26,1.51.6,1-2-5,850,1,1-2,330,2,1-2-5,420,3,1-2,360,2,,,,,,,
20250707,常滑,4,予選,晴,西,3,1,2,2,4618,乃 村 康 友,14,61,6.84,2,0.33,1.54.3,1-2-5,850,1,1-2,330,2,1-2-5,420,3,1-2,360,2,,,,,,,
20250707,常滑,4,予選,晴,西,3,1,3,5,5218,山 田 理 央,48,59,6.78,5,0.28,1.54.6,1-2-5,850,1,1-2,330,2,1-2-5,420,3,1-2,360,2,,,,,,,
20250707,常滑,4,予選,晴,西,3,1,4,4,4301,関 裕 也,16,33,6.85,4,0.27,1.55.5,1-2-5,850,1,1-2,330,2,1-2-5,420,3,1-2,360,2,,,,,,,
20250707,常滑,4,予選,晴,西,3,1,5,3,5085,中 村 栄 治,22,39,6.83,3,0.34,,1-2-5,850,1,1-2,330,2,1-2-5,420,3,1-2,360,2,,,,,,,
20250707,常滑,4,予選,晴,西,3,1,6,6,4380,鈴 木 峻 佑,62,16,6.86,6,0.21,,1-2-5,850,1,1-2,330,2,1-2-5,420,3,1-2,360,2,,,,,,,
20250707,常滑,5,予選,晴,西,3,1,1,2,4931,木 谷 賢 太,58,54,6.84,2,0.12,1.50.9,2-1-5,1060,3,2-1,350,2,1-2-5,350,2,1-2,140,1,,,,,,,
20250707,常滑,5,予選,晴,西,3,1,2,1,4367,山 口 修 路,28,42,6.83,1,0.11,1.52.3,2-1-5,1060,3,2-1,350,2,1-2-5,350,2,1-2,140,1,,,,,,,
20250707,常滑,5,予選,晴,西,3,1,3,5,4951,新 田 洋 一,24,19,6.89,3,0.14,1.53.4,2-1-5,1060,3,2-1,350,2,1-2-5,350,2,1-2,140,1,,,,,,,
20250707,常滑,5,予選,晴,西,3,1,4,3,4766,石 井 孝 之,55,72,6.80,4,0.21,1.55.0,2-1-5,1060,3,2-1,350,2,1-2-5,350,2,1-2,140,1,,,,,,,
20250707,常滑,5,予選,晴,西,3,1,5,6,5357,田 中 瀬里奈,57,49,6.86,6,0.24,,2-1-5,1060,3,2-1,350,2,1-2-5,350,2,1-2,140,1,,,,,,,
20250707,常滑,5,予選,晴,西,3,1,6,4,4158,木 場 雄二郎,25,43,6.88,5,0.34,,2-1-5,1060,3,2-1,350,2,1-2-5,350,2,1-2,140,1,,,,,,,
20250707,常滑,6,昼トコ小判Ｒ,晴,西,2,1,1,1,4598,加 藤 政 彦,44,38,6.81,1,0.11,1.51.2,1-2-6,490,2,1-2,180,1,1-2-6,280,1,1-2,210,1,,,,,,,
20250707,常滑,6,昼トコ小判Ｒ,晴,西,2,1,2,2,3663,木 山 和 幸,18,53,6.81,2,0.14,1.53.0,1-2-6,490,2,1-2,180,1,1-2-6,280,1,1-2,210,1,,,,,,,
20250707,常滑,6,昼トコ小判Ｒ,晴,西,2,1,3,6,3870,寺 嶋 雄,47,36,6.84,3,0.15,1.54.9,1-2-6,490,2,1-2,180,1,1-2-6,280,1,1-2,210,1,,,,,,,
20250707,常滑,6,昼トコ小判Ｒ,晴,西,2,1,4,4,4803,飯 田 庄 吾,3,67,6.82,5,0.21,1.55.6,1-2-6,490,2,1-2,180,1,1-2-6,280,1,1-2,210,1,,,,,,,
20250707,常滑,6,昼トコ小判Ｒ,晴,西,2,1,5,3,3776,横 井 健 太,30,34,6.82,4,0.21,,1-2-6,490,2,1-2,180,1,1-2-6,280,1,1-2,210,1,,,,,,,
20250707,常滑,6,昼トコ小判Ｒ,晴,西,2,1,6,5,5380,野 田 亜 湖,10,40,6.84,6,0.20,,1-2-6,490,2,1-2,180,1,1-2-6,280,1,1-2,210,1,,,,,,,
20250707,常滑,7,予選,晴,南,1,0,1,1,4817,渡 邉 翼,15,75,6.80,1,0.04,1.50.9,1-5-6,910,2,1-5,290,1,1-5-6,460,2,1-5,180,1,,,,,,,
20250707,常滑,7,予選,晴,南,1,0,2,5,3946,赤 岩 善 生,23,65,6.87,2,0.10,1.51.8,1-5-6,910,2,1-5,290,1,1-5-6,460,2,1-5,180,1,,,,,,,
20250707,常滑,7,予選,晴,南,1,0,3,6,3613,角 谷 健 吾,20,70,6.87,6,0.12,1.54.1,1-5-6,910,2,1-5,290,1,1-5-6,460,2,1-5,180,1,,,,,,,
20250707,常滑,7,予選,晴,南,1,0,4,3,4329,小 松 卓 司,19,41,6.83,4,0.17,1.55.9,1-5-6,910,2,1-5,290,1,1-5-6,460,2,1-5,180,1,,,,,,,
20250707,常滑,7,予選,晴,南,1,0,5,2,4876,梅 木 敬 太,31,26,6.86,3,0.19,,1-5-6,910,2,1-5,290,1,1-5-6,460,2,1-5,180,1,,,,,,,
20250707,常滑,7,予選,晴,南,1,0,6,4,5283,植 木 美 帆,21,27,6.96,5,0.14,,1-5-6,910,2,1-5,290,1,1-5-6,460,2,1-5,180,1,,,,,,,
20250707,常滑,8,予選,晴,南東,2,0,1,1,3539,金 子 順 一,9,20,6.87,1,0.15,1.51.6,1-4-2,4120,12,1-4,1990,7,1-2-4,200,1,1-4,1460,4,,,,,,,
20250707,常滑,8,予選,晴,南東,2,0,2,4,4076,杉 田 篤 光,56,11,6.89,4,0.22,1.53.2,1-4-2,4120,12,1-4,1990,7,1-2-4,200,1,1-4,1460,4,,,,,,,
20250707,常滑,8,予選,晴,南東,2,0,3,2,4427,秦 英 悟,53,14,6.84,2,0.15,1.54.2,1-4-2,4120,12,1-4,1990,7,1-2-4,200,1,1-4,1460,4,,,,,,,
20250707,常滑,8,予選,晴,南東,2,0,4,3,3302,谷 川 里 江,49,47,6.87,3,0.13,1.54.5,1-4-2,4120,12,1-4,1990,7,1-2-4,200,1,1-4,1460,4,,,,,,,
20250707,常滑,8,予選,晴,南東,2,0,5,6,4957,竹之内 極,29,22,6.85,6,0.16,,1-4-2,4120,12,1-4,1990,7,1-2-4,200,1,1-4,1460,4,,,,,,,
20250707,常滑,8,予選,晴,南東,2,0,6,5,5153,佐 藤 ほのか,17,12,6.88,5,0.16,,1-4-2,4120,12,1-4,1990,7,1-2-4,200,1,1-4,1460,4,,,,,,,
20250707,常滑,9,予選特賞,晴,南,2,0,1,1,4878,西 岡 育 未,33,60,6.83,1,0.18,1.51.6,1-6-3,9370,28,1-6,3540,13,1-3-6,660,3,1-6,870,4,,,,,,,
20250707,常滑,9,予選特賞,晴,南,2,0,2,6,4593,小 坂 宗 司,42,74,6.79,6,0.23,1.52.3,1-6-3,9370,28,1-6,3540,13,1-3-6,660,3,1-6,870,4,,,,,,,
20250707,常滑,9,予選特賞,晴,南,2,0,3,3,4448,青 木 玄 太,5,68,6.84,3,0.24,1.53.5,1-6-3,9370,28,1-6,3540,13,1-3-6,660,3,1-6,870,4,,,,,,,
20250707,常滑,9,予選特賞,晴,南,2,0,4,2,4824,松 井 洪 弥,34,66,6.86,2,0.19,1.54.4,1-6-3,9370,28,1-6,3540,13,1-3-6,660,3,1-6,870,4,,,,,,,
20250707,常滑,9,予選特賞,晴,南,2,0,5,4,5047,國 分 将太郎,45,73,6.89,4,0.32,,1-6-3,9370,28,1-6,3540,13,1-3-6,660,3,1-6,870,4,,,,,,,
20250707,常滑,9,予選特賞,晴,南,2,0,6,5,5362,中 嶋 世 奈,61,24,6.93,5,0.28,,1-6-3,9370,28,1-6,3540,13,1-3-6,660,3,1-6,870,4,,,,,,,
20250707,常滑,10,予選特賞,晴,南西,2,0,1,3,3999,大 瀧 明日香,27,48,6.79,4,0.15,1.51.6,3-4-6,8020,30,3-4,1110,5,3-4-6,2470,7,3-4,640,4,,,,,,,
20250707,常滑,10,予選特賞,晴,南西,2,0,2,4,4053,芦 澤 望,12,37,6.82,5,0.16,1.53.1,3-4-6,8020,30,3-4,1110,5,3-4-6,2470,7,3-4,640,4,,,,,,,
20250707,常滑,10,予選特賞,晴,南西,2,0,3,6,3542,清 水 紀 克,1,56,6.85,2,0.21,1.55.0,3-4-6,8020,30,3-4,1110,5,3-4-6,2470,7,3-4,640,4,,,,,,,
20250707,常滑,10,予選特賞,晴,南西,2,0,4,5,4803,飯 田 庄 吾,3,67,6.83,6,0.25,1.56.3,3-4-6,8020,30,3-4,1110,5,3-4-6,2470,7,3-4,640,4,,,,,,,
20250707,常滑,10,予選特賞,晴,南西,2,0,5,2,4766,石 井 孝 之,55,72,6.87,3,0.24,,3-4-6,8020,30,3-4,1110,5,3-4-6,2470,7,3-4,640,4,,,,,,,
20250707,常滑,10,予選特賞,晴,南西,2,0,6,1,4583,古 田 祐 貴,39,71,6.79,1,0.19,,3-4-6,8020,30,3-4,1110,5,3-4-6,2470,7,3-4,640,4,,,,,,,
20250707,常滑,11,予選特選,晴,南,2,0,1,1,4470,平 田 健之佑,54,69,6.81,1,0.12,1.51.4,1-4-2,470,1,1-4,240,1,1-2-4,190,1,1-4,150,1,,,,,,,
20250707,常滑,11,予選特選,晴,南,2,0,2,4,3946,赤 岩 善 生,23,65,6.86,2,0.19,1.53.1,1-4-2,470,1,1-4,240,1,1-2-4,190,1,1-4,150,1,,,,,,,
20250707,常滑,11,予選特選,晴,南,2,0,3,2,5218,山 田 理 央,48,59,6.79,3,0.14,1.54.5,1-4-2,470,1,1-4,240,1,1-2-4,190,1,1-4,150,1,,,,,,,
20250707,常滑,11,予選特選,晴,南,2,0,4,5,4358,松 本 庸 平,6,44,6.79,5,0.28,1.55.4,1-4-2,470,1,1-4,240,1,1-2-4,190,1,1-4,150,1,,,,,,,
20250707,常滑,11,予選特選,晴,南,2,0,5,3,3663,木 山 和 幸,18,53,6.86,4,0.23,,1-4-2,470,1,1-4,240,1,1-2-4,190,1,1-4,150,1,,,,,,,
20250707,常滑,11,予選特選,晴,南,2,0,6,6,4951,新 田 洋 一,24,19,6.82,6,0.27,,1-4-2,470,1,1-4,240,1,1-2-4,190,1,1-4,150,1,,,,,,,
20250707,常滑,12,予選特選,晴,南東,3,1,1,1,4427,秦 英 悟,53,14,6.82,1,0.08,1.50.1,1-3-6,920,5,1-3,190,1,1-3-6,770,4,1-3,220,1,,,,,,,
20250707,常滑,12,予選特選,晴,南東,3,1,2,3,4121,富 永 修 一,59,35,6.84,3,0.09,1.52.5,1-3-6,920,5,1-3,190,1,1-3-6,770,4,1-3,220,1,,,,,,,
20250707,常滑,12,予選特選,晴,南東,3,1,3,6,4931,木 谷 賢 太,58,54,6.85,5,0.17,1.53.8,1-3-6,920,5,1-3,190,1,1-3-6,770,4,1-3,220,1,,,,,,,
20250707,常滑,12,予選特選,晴,南東,3,1,4,2,4329,小 松 卓 司,19,41,6.78,2,0.08,1.54.7,1-3-6,920,5,1-3,190,1,1-3-6,770,4,1-3,220,1,,,,,,,
20250707,常滑,12,予選特選,晴,南東,3,1,5,5,4253,西 川 真 人,35,46,6.91,6,0.15,,1-3-6,920,5,1-3,190,1,1-3-6,770,4,1-3,220,1,,,,,,,
20250707,常滑,12,予選特選,晴,南東,3,1,6,4,4598,加 藤 政 彦,44,38,6.90,4,0.13,,1-3-6,920,5,1-3,190,1,1-3-6,770,4,1-3,220,1,,,,,,,
20250707,平和島,1,一般,晴,南東,1,3,1,5,4982,中 村 将 隆,75,14,6.95,5,0.05,1.51.2,5-6-3,26830,80,5-6,8530,24,3-5-6,4570,17,5-6,6390,13,,,,,,,
20250707,平和島,1,一般,晴,南東,1,3,2,6,3967,鈴 木 茂 高,43,45,7.06,6,0.08,1.53.6,5-6-3,26830,80,5-6,8530,24,3-5-6,4570,17,5-6,6390,13,,,,,,,
20250707,平和島,1,一般,晴,南東,1,3,3,3,3621,天 野 晶 夫,70,12,7.01,3,0.20,1.54.4,5-6-3,26830,80,5-6,8530,24,3-5-6,4570,17,5-6,6390,13,,,,,,,
20250707,平和島,1,一般,晴,南東,1,3,4,4,3436,柏 野 幸 二,15,15,7.04,4,0.04,1.55.9,5-6-3,26830,80,5-6,8530,24,3-5-6,4570,17,5-6,6390,13,,,,,,,
20250707,平和島,1,一般,晴,南東,1,3,5,2,4491,田 中 堅,46,25,7.07,2,0.12,,5-6-3,26830,80,5-6,8530,24,3-5-6,4570,17,5-6,6390,13,,,,,,,
20250707,平和島,1,一般,晴,南東,1,3,6,1,3156,金 子 良 昭,36,23,6.94,1,0.14,,5-6-3,26830,80,5-6,8530,24,3-5-6,4570,17,5-6,6390,13,,,,,,,
20250707,平和島,2,一般,晴,南東,1,3,1,1,4792,杉 村 賢 也,29,48,6.86,1,0.03,1.52.3,1-5-4,3440,13,1-5,620,3,1-4-5,1080,4,1-5,370,1,,,,,,,
20250707,平和島,2,一般,晴,南東,1,3,2,5,3505,山 田 竜 一,41,31,6.99,5,0.03,1.53.1,1-5-4,3440,13,1-5,620,3,1-4-5,1080,4,1-5,370,1,,,,,,,
20250707,平和島,2,一般,晴,南東,1,3,3,4,3619,長谷川 充,48,17,6.97,4,0.10,1.54.5,1-5-4,3440,13,1-5,620,3,1-4-5,1080,4,1-5,370,1,,,,,,,
20250707,平和島,2,一般,晴,南東,1,3,4,6,4272,大 場 広 孝,34,18,6.96,6,0.06,1.55.5,1-5-4,3440,13,1-5,620,3,1-4-5,1080,4,1-5,370,1,,,,,,,
20250707,平和島,2,一般,晴,南東,1,3,5,3,4623,中 北 将 史,71,30,6.94,3,0.07,,1-5-4,3440,13,1-5,620,3,1-4-5,1080,4,1-5,370,1,,,,,,,
20250707,平和島,2,一般,晴,南東,1,3,6,2,3690,河 合 三 弘,39,37,7.00,2,0.15,,1-5-4,3440,13,1-5,620,3,1-4-5,1080,4,1-5,370,1,,,,,,,
20250707,平和島,3,一般,晴,南東,2,3,1,1,4134,杉 山 貴 博,66,32,6.83,1,0.07,1.51.0,1-2-5,1080,2,1-2,260,1,1-2-5,610,2,1-2,290,1,,,,,,,
20250707,平和島,3,一般,晴,南東,2,3,2,2,4423,坂 口 貴 彦,31,33,6.87,2,0.08,1.52.2,1-2-5,1080,2,1-2,260,1,1-2-5,610,2,1-2,290,1,,,,,,,
20250707,平和島,3,一般,晴,南東,2,3,3,5,5109,川 崎 智 稔,47,52,6.84,5,0.11,1.53.5,1-2-5,1080,2,1-2,260,1,1-2-5,610,2,1-2,290,1,,,,,,,
20250707,平和島,3,一般,晴,南東,2,3,4,4,4515,藤 田 浩 人,11,22,6.92,4,0.13,1.54.9,1-2-5,1080,2,1-2,260,1,1-2-5,610,2,1-2,290,1,,,,,,,
20250707,平和島,3,一般,晴,南東,2,3,5,3,3730,塩 崎 優 司,28,40,6.98,3,0.10,,1-2-5,1080,2,1-2,260,1,1-2-5,610,2,1-2,290,1,,,,,,,
20250707,平和島,3,一般,晴,南東,2,3,6,6,3439,大 平 誉史明,53,35,6.96,6,0.12,,1-2-5,1080,2,1-2,260,1,1-2-5,610,2,1-2,290,1,,,,,,,
20250707,平和島,4,一般,晴,南,3,3,1,5,4715,村 上 遼,68,69,7.01,5,0.13,1.51.4,5-1-2,1960,5,5-1,850,5,1-2-5,280,1,1-5,270,1,,,,,,,
20250707,平和島,4,一般,晴,南,3,3,2,1,4258,関 根 彰 人,59,41,6.99,1,0.11,1.52.7,5-1-2,1960,5,5-1,850,5,1-2-5,280,1,1-5,270,1,,,,,,,
20250707,平和島,4,一般,晴,南,3,3,3,2,4531,武 富 智 亮,62,55,6.95,2,0.18,1.53.9,5-1-2,1960,5,5-1,850,5,1-2-5,280,1,1-5,270,1,,,,,,,
20250707,平和島,4,一般,晴,南,3,3,4,3,3297,藤 丸 光 一,69,58,6.94,3,0.14,1.54.4,5-1-2,1960,5,5-1,850,5,1-2-5,280,1,1-5,270,1,,,,,,,
20250707,平和島,4,一般,晴,南,3,3,5,6,3441,土 屋 太 朗,54,16,6.95,6,0.27,,5-1-2,1960,5,5-1,850,5,1-2-5,280,1,1-5,270,1,,,,,,,
20250707,平和島,4,一般,晴,南,3,3,6,4,3664,鈴 木 賢 一,65,24,6.98,4,0.23,,5-1-2,1960,5,5-1,850,5,1-2-5,280,1,1-5,270,1,,,,,,,
20250707,平和島,5,一般,曇り,東,1,3,1,4,4171,榎 幸 司,72,56,6.99,4,0.07,1.51.5,4-1-2,8350,43,4-1,2290,12,1-2-4,1220,5,1-4,870,3,,,,,,,
20250707,平和島,5,一般,曇り,東,1,3,2,1,4785,木 幡 純 也,17,50,6.99,1,0.07,1.53.2,4-1-2,8350,43,4-1,2290,12,1-2-4,1220,5,1-4,870,3,,,,,,,
20250707,平和島,5,一般,曇り,東,1,3,3,2,3933,山 地 正 樹,33,51,6.98,2,0.11,1.55.0,4-1-2,8350,43,4-1,2290,12,1-2-4,1220,5,1-4,870,3,,,,,,,
20250707,平和島,5,一般,曇り,東,1,3,4,5,4491,田 中 堅,46,25,6.97,5,0.09,1.56.0,4-1-2,8350,43,4-1,2290,12,1-2-4,1220,5,1-4,870,3,,,,,,,
20250707,平和島,5,一般,曇り,東,1,3,5,6,4710,福 田 宗 平,60,39,6.89,6,0.07,,4-1-2,8350,43,4-1,2290,12,1-2-4,1220,5,1-4,870,3,,,,,,,
20250707,平和島,5,一般,曇り,東,1,3,6,3,4189,川 上 剛,51,47,6.90,3,0.08,,4-1-2,8350,43,4-1,2290,12,1-2-4,1220,5,1-4,870,3,,,,,,,
20250707,平和島,6,一般,曇り,南,1,3,1,1,3054,北 川 幸 典,67,49,6.87,1,0.09,1.52.4,1-4-5,3090,10,1-4,610,2,1-4-5,1130,6,1-4,570,2,,,,,,,
20250707,平和島,6,一般,曇り,南,1,3,2,4,3499,市 川 哲 也,45,53,6.90,4,0.09,1.53.1,1-4-5,3090,10,1-4,610,2,1-4-5,1130,6,1-4,570,2,,,,,,,
20250707,平和島,6,一般,曇り,南,1,3,3,5,4623,中 北 将 史,71,30,6.88,5,0.11,1.55.0,1-4-5,3090,10,1-4,610,2,1-4-5,1130,6,1-4,570,2,,,,,,,
20250707,平和島,6,一般,曇り,南,1,3,4,2,4172,森 定 晃 史,73,20,6.90,2,0.09,1.55.1,1-4-5,3090,10,1-4,610,2,1-4-5,1130,6,1-4,570,2,,,,,,,
20250707,平和島,6,一般,曇り,南,1,3,5,6,4016,西 川 新太郎,64,26,6.97,6,0.17,,1-4-5,3090,10,1-4,610,2,1-4-5,1130,6,1-4,570,2,,,,,,,
20250707,平和島,6,一般,曇り,南,1,3,6,3,4728,山 口 亮,49,27,6.93,3,0.07,,1-4-5,3090,10,1-4,610,2,1-4-5,1130,6,1-4,570,2,,,,,,,
20250707,平和島,7,一般,曇り,南,2,3,1,1,3619,長谷川 充,48,17,6.94,1,0.14,1.51.5,1-6-2,2840,8,1-6,910,4,1-2-6,670,3,1-6,750,3,,,,,,,
20250707,平和島,7,一般,曇り,南,2,3,2,6,3737,上 平 真 二,19,44,6.97,4,0.15,1.52.8,1-6-2,2840,8,1-6,910,4,1-2-6,670,3,1-6,750,3,,,,,,,
20250707,平和島,7,一般,曇り,南,2,3,3,2,4161,黒 柳 浩 孝,27,28,6.94,2,0.18,1.54.4,1-6-2,2840,8,1-6,910,4,1-2-6,670,3,1-6,750,3,,,,,,,
20250707,平和島,7,一般,曇り,南,2,3,4,3,3436,柏 野 幸 二,15,15,6.99,3,0.12,1.55.1,1-6-2,2840,8,1-6,910,4,1-2-6,670,3,1-6,750,3,,,,,,,
20250707,平和島,7,一般,曇り,南,2,3,5,5,3690,河 合 三 弘,39,37,6.96,6,0.17,,1-6-2,2840,8,1-6,910,4,1-2-6,670,3,1-6,750,3,,,,,,,
20250707,平和島,7,一般,曇り,南,2,3,6,4,3156,金 子 良 昭,36,23,6.88,5,0.13,,1-6-2,2840,8,1-6,910,4,1-2-6,670,3,1-6,750,3,,,,,,,
20250707,平和島,8,一般,晴,南,5,3,1,1,3664,鈴 木 賢 一,65,24,6.90,1,0.12,1.52.6,1-2-4,2080,5,1-2,520,2,1-2-4,1130,4,1-2,220,1,,,,,,,
20250707,平和島,8,一般,晴,南,5,3,2,2,4982,中 村 将 隆,75,14,6.94,2,0.19,1.53.6,1-2-4,2080,5,1-2,520,2,1-2-4,1130,4,1-2,220,1,,,,,,,
20250707,平和島,8,一般,晴,南,5,3,3,4,3967,鈴 木 茂 高,43,45,7.07,4,0.19,1.55.1,1-2-4,2080,5,1-2,520,2,1-2-4,1130,4,1-2,220,1,,,,,,,
20250707,平和島,8,一般,晴,南,5,3,4,5,3730,塩 崎 優 司,28,40,6.99,5,0.17,1.56.1,1-2-4,2080,5,1-2,520,2,1-2-4,1130,4,1-2,220,1,,,,,,,
20250707,平和島,8,一般,晴,南,5,3,5,6,4515,藤 田 浩 人,11,22,7.00,6,0.23,,1-2-4,2080,5,1-2,520,2,1-2-4,1130,4,1-2,220,1,,,,,,,
20250707,平和島,8,一般,晴,南,5,3,6,3,3505,山 田 竜 一,41,31,6.96,3,0.14,,1-2-4,2080,5,1-2,520,2,1-2-4,1130,4,1-2,220,1,,,,,,,
20250707,平和島,9,一般,晴,南,5,3,1,1,3621,天 野 晶 夫,70,12,6.97,1,0.18,1.53.3,1-2-3,1710,5,1-2,490,2,1-2-3,860,5,1-2,340,1,,,,,,,
20250707,平和島,9,一般,晴,南,5,3,2,2,3297,藤 丸 光 一,69,58,6.97,2,0.20,1.54.1,1-2-3,1710,5,1-2,490,2,1-2-3,860,5,1-2,340,1,,,,,,,
20250707,平和島,9,一般,晴,南,5,3,3,3,4785,木 幡 純 也,17,50,7.04,3,0.18,1.55.4,1-2-3,1710,5,1-2,490,2,1-2-3,860,5,1-2,340,1,,,,,,,
20250707,平和島,9,一般,晴,南,5,3,4,4,4792,杉 村 賢 也,29,48,6.96,4,0.24,1.57.7,1-2-3,1710,5,1-2,490,2,1-2-3,860,5,1-2,340,1,,,,,,,
20250707,平和島,9,一般,晴,南,5,3,5,6,4761,山 田 晃 大,16,38,7.00,6,0.21,,1-2-3,1710,5,1-2,490,2,1-2-3,860,5,1-2,340,1,,,,,,,
20250707,平和島,9,一般,晴,南,5,3,6,5,4423,坂 口 貴 彦,31,33,7.04,5,0.23,,1-2-3,1710,5,1-2,490,2,1-2-3,860,5,1-2,340,1,,,,,,,
20250707,平和島,10,選抜,曇り,南,5,3,1,3,3499,市 川 哲 也,45,53,7.14,3,0.10,1.52.4,3-4-2,15780,47,3-4,3820,13,2-3-4,1370,6,3-4,1940,7,,,,,,,
20250707,平和島,10,選抜,曇り,南,5,3,2,4,4189,川 上 剛,51,47,7.05,4,0.20,1.54.4,3-4-2,15780,47,3-4,3820,13,2-3-4,1370,6,3-4,1940,7,,,,,,,
20250707,平和島,10,選抜,曇り,南,5,3,3,2,4715,村 上 遼,68,69,7.11,2,0.11,1.55.3,3-4-2,15780,47,3-4,3820,13,2-3-4,1370,6,3-4,1940,7,,,,,,,
20250707,平和島,10,選抜,曇り,南,5,3,4,1,3439,大 平 誉史明,53,35,7.05,1,0.13,1.56.2,3-4-2,15780,47,3-4,3820,13,2-3-4,1370,6,3-4,1940,7,,,,,,,
20250707,平和島,10,選抜,曇り,南,5,3,5,5,4172,森 定 晃 史,73,20,7.09,5,0.20,,3-4-2,15780,47,3-4,3820,13,2-3-4,1370,6,3-4,1940,7,,,,,,,
20250707,平和島,10,選抜,曇り,南,5,3,6,6,4258,関 根 彰 人,59,41,7.08,6,0.18,,3-4-2,15780,47,3-4,3820,13,2-3-4,1370,6,3-4,1940,7,,,,,,,
20250707,平和島,11,選抜,曇り,南,5,3,1,1,4710,福 田 宗 平,60,39,6.87,1,0.18,1.51.9,1-4-3,3490,13,1-4,1160,5,1-3-4,1030,4,1-4,960,4,,,,,,,
20250707,平和島,11,選抜,曇り,南,5,3,2,4,4728,山 口 亮,49,27,6.99,4,0.19,1.53.7,1-4-3,3490,13,1-4,1160,5,1-3-4,1030,4,1-4,960,4,,,,,,,
20250707,平和島,11,選抜,曇り,南,5,3,3,3,4171,榎 幸 司,72,56,7.00,3,0.24,1.54.9,1-4-3,3490,13,1-4,1160,5,1-3-4,1030,4,1-4,960,4,,,,,,,
20250707,平和島,11,選抜,曇り,南,5,3,4,6,4134,杉 山 貴 博,66,32,7.04,6,0.22,1.55.8,1-4-3,3490,13,1-4,1160,5,1-3-4,1030,4,1-4,960,4,,,,,,,
20250707,平和島,11,選抜,曇り,南,5,3,5,2,5109,川 崎 智 稔,47,52,6.91,2,0.17,,1-4-3,3490,13,1-4,1160,5,1-3-4,1030,4,1-4,960,4,,,,,,,
20250707,平和島,11,選抜,曇り,南,5,3,6,5,4531,武 富 智 亮,62,55,6.95,5,0.18,,1-4-3,3490,13,1-4,1160,5,1-3-4,1030,4,1-4,960,4,,,,,,,
20250707,平和島,12,優勝戦,曇り,南,4,3,1,2,4184,渡 邊 雄一郎,22,54,6.94,2,0.11,1.51.7,2-4-1,8110,28,2-4,4100,13,1-2-4,550,2,2-4,1970,7,,,,,,,
20250707,平和島,12,優勝戦,曇り,南,4,3,2,4,4278,藤 岡 俊 介,25,21,7.03,4,0.11,1.53.2,2-4-1,8110,28,2-4,4100,13,1-2-4,550,2,2-4,1970,7,,,,,,,
20250707,平和島,12,優勝戦,曇り,南,4,3,3,1,3256,三 角 哲 男,37,13,6.99,1,0.06,1.53.9,2-4-1,8110,28,2-4,4100,13,1-2-4,550,2,2-4,1970,7,,,,,,,
20250707,平和島,12,優勝戦,曇り,南,4,3,4,3,4903,吉 田 凌太朗,55,43,7.02,3,0.10,1.55.4,2-4-1,8110,28,2-4,4100,13,1-2-4,550,2,2-4,1970,7,,,,,,,
20250707,平和島,12,優勝戦,曇り,南,4,3,5,5,4512,高 野 哲 史,14,19,7.07,5,0.10,,2-4-1,8110,28,2-4,4100,13,1-2-4,550,2,2-4,1970,7,,,,,,,
20250707,平和島,12,優勝戦,曇り,南,4,3,6,6,4788,小 池 哲 也,63,57,6.99,6,0.13,,2-4-1,8110,28,2-4,4100,13,1-2-4,550,2,2-4,1970,7,,,,,,,
20250707,戸田,1,予選,曇り,無風,0,0,1,2,4904,松 本 一 毅,64,15,6.97,2,0.12,1.51.2,2-1-3,2530,4,2-1,750,1,1-2-3,740,2,1-2,510,1,,,,,,,
20250707,戸田,1,予選,曇り,無風,0,0,2,1,4186,小 川 時 光,22,35,6.86,1,0.10,1.52.0,2-1-3,2530,4,2-1,750,1,1-2-3,740,2,1-2,510,1,,,,,,,
20250707,戸田,1,予選,曇り,無風,0,0,3,3,3772,一 柳 和 孝,11,36,7.02,3,0.11,1.53.7,2-1-3,2530,4,2-1,750,1,1-2-3,740,2,1-2,510,1,,,,,,,
20250707,戸田,1,予選,曇り,無風,0,0,4,4,3538,菊 池 峰 晴,54,38,6.90,4,0.17,1.55.8,2-1-3,2530,4,2-1,750,1,1-2-3,740,2,1-2,510,1,,,,,,,
20250707,戸田,1,予選,曇り,無風,0,0,5,6,5048,眞 鳥 康 太,42,63,6.82,6,0.12,,2-1-3,2530,4,2-1,750,1,1-2-3,740,2,1-2,510,1,,,,,,,
20250707,戸田,1,予選,曇り,無風,0,0,6,5,3105,内 山 文 典,46,50,6.99,5,0.19,,2-1-3,2530,4,2-1,750,1,1-2-3,740,2,1-2,510,1,,,,,,,
20250707,戸田,2,予選,曇り,無風,0,0,1,2,4675,井 手 良 太,38,13,6.75,2,0.17,1.51.4,2-6-4,12660,52,2-6,1870,9,2-4-6,3450,13,2-6,1190,7,,,,,,,
20250707,戸田,2,予選,曇り,無風,0,0,2,6,4099,吉 永 則 雄,1,46,6.91,6,0.08,1.52.3,2-6-4,12660,52,2-6,1870,9,2-4-6,3450,13,2-6,1190,7,,,,,,,
20250707,戸田,2,予選,曇り,無風,0,0,3,4,4735,角 山 雄 哉,63,32,6.98,4,0.10,1.54.2,2-6-4,12660,52,2-6,1870,9,2-4-6,3450,13,2-6,1190,7,,,,,,,
20250707,戸田,2,予選,曇り,無風,0,0,4,5,4953,尾 上 雅 也,52,57,6.89,5,0.09,1.54.5,2-6-4,12660,52,2-6,1870,9,2-4-6,3450,13,2-6,1190,7,,,,,,,
20250707,戸田,2,予選,曇り,無風,0,0,5,3,3994,小 野 桜,13,60,6.87,3,0.18,,2-6-4,12660,52,2-6,1870,9,2-4-6,3450,13,2-6,1190,7,,,,,,,
20250707,戸田,2,予選,曇り,無風,0,0,6,1,4461,安 田 吉 宏,39,23,6.93,1,0.19,,2-6-4,12660,52,2-6,1870,9,2-4-6,3450,13,2-6,1190,7,,,,,,,
20250707,戸田,3,予選,曇り,北東,2,1,1,5,5179,藤 本 元 輝,3,39,6.74,5,0.03,1.51.1,5-6-2,1630,1,5-6,640,1,2-5-6,570,2,5-6,360,1,,,,,,,
20250707,戸田,3,予選,曇り,北東,2,1,2,6,4067,永 井 源,28,69,6.81,6,0.14,1.52.7,5-6-2,1630,1,5-6,640,1,2-5-6,570,2,5-6,360,1,,,,,,,
20250707,戸田,3,予選,曇り,北東,2,1,3,2,3977,山 本 兼 士,56,30,6.84,2,0.17,1.55.3,5-6-2,1630,1,5-6,640,1,2-5-6,570,2,5-6,360,1,,,,,,,
20250707,戸田,3,予選,曇り,北東,2,1,4,1,5078,山 川 波 乙,44,44,6.93,1,0.04,1.55.5,5-6-2,1630,1,5-6,640,1,2-5-6,570,2,5-6,360,1,,,,,,,
20250707,戸田,3,予選,曇り,北東,2,1,5,4,4941,孫 崎 百 世,10,54,7.00,4,0.31,,5-6-2,1630,1,5-6,640,1,2-5-6,570,2,5-6,360,1,,,,,,,
20250707,戸田,3,予選,曇り,北東,2,1,6,3,5063,大 塚 雅 治,16,61,6.91,3,0.09,,5-6-2,1630,1,5-6,640,1,2-5-6,570,2,5-6,360,1,,,,,,,
20250707,戸田,4,予選,曇り,無風,0,0,1,1,5007,近 藤 雄一郎,23,68,6.95,1,0.10,1.51.4,1-3-4,3590,12,1-3,2420,11,1-3-4,400,2,1-3,1230,4,,,,,,,
20250707,戸田,4,予選,曇り,無風,0,0,2,3,4299,中 島 浩 哉,8,65,6.80,3,0.09,1.52.5,1-3-4,3590,12,1-3,2420,11,1-3-4,400,2,1-3,1230,4,,,,,,,
20250707,戸田,4,予選,曇り,無風,0,0,3,4,3412,鈴 木 博,18,55,6.74,4,0.12,1.53.9,1-3-4,3590,12,1-3,2420,11,1-3-4,400,2,1-3,1230,4,,,,,,,
20250707,戸田,4,予選,曇り,無風,0,0,4,5,4918,川 島 拓 郎,20,28,6.92,5,0.12,1.54.0,1-3-4,3590,12,1-3,2420,11,1-3-4,400,2,1-3,1230,4,,,,,,,
20250707,戸田,4,予選,曇り,無風,0,0,5,6,4246,喜 多 那由夏,48,26,6.89,6,0.10,,1-3-4,3590,12,1-3,2420,11,1-3-4,400,2,1-3,1230,4,,,,,,,
20250707,戸田,4,予選,曇り,無風,0,0,6,2,5072,吉 田 杏 美,47,40,6.76,2,0.13,,1-3-4,3590,12,1-3,2420,11,1-3-4,400,2,1-3,1230,4,,,,,,,
20250707,戸田,5,ウインウイン,曇り,東,2,1,1,4,4043,桐 本 康 臣,53,16,6.82,4,0.08,1.51.5,4-1-5,1000,3,4-1,450,3,1-4-5,260,1,1-4,130,1,,,,,,,
20250707,戸田,5,ウインウイン,曇り,東,2,1,2,1,4228,吉 田 慎二郎,2,12,6.86,1,0.19,1.53.4,4-1-5,1000,3,4-1,450,3,1-4-5,260,1,1-4,130,1,,,,,,,
20250707,戸田,5,ウインウイン,曇り,東,2,1,3,5,4904,松 本 一 毅,64,15,6.94,5,0.13,1.54.5,4-1-5,1000,3,4-1,450,3,1-4-5,260,1,1-4,130,1,,,,,,,
20250707,戸田,5,ウインウイン,曇り,東,2,1,4,2,3075,中 村 裕 将,65,71,6.92,2,0.23,1.56.3,4-1-5,1000,3,4-1,450,3,1-4-5,260,1,1-4,130,1,,,,,,,
20250707,戸田,5,ウインウイン,曇り,東,2,1,5,3,5208,屋 良 龍 紀,15,17,6.86,3,0.12,,4-1-5,1000,3,4-1,450,3,1-4-5,260,1,1-4,130,1,,,,,,,
20250707,戸田,5,ウインウイン,曇り,東,2,1,6,6,5414,中 澤 英 里,55,34,6.89,6,0.11,,4-1-5,1000,3,4-1,450,3,1-4-5,260,1,1-4,130,1,,,,,,,
20250707,戸田,6,予選,曇り,南東,3,2,1,3,5220,青 木 蓮,45,42,6.87,3,0.13,1.52.8,3-1-2,7270,29,3-1,2300,10,1-2-3,720,2,1-3,1110,5,,,,,,,
20250707,戸田,6,予選,曇り,南東,3,2,2,1,4735,角 山 雄 哉,63,32,6.88,1,0.12,1.53.3,3-1-2,7270,29,3-1,2300,10,1-2-3,720,2,1-3,1110,5,,,,,,,
20250707,戸田,6,予選,曇り,南東,3,2,3,2,4208,三 浦 永 理,49,27,6.82,2,0.12,1.54.2,3-1-2,7270,29,3-1,2300,10,1-2-3,720,2,1-3,1110,5,,,,,,,
20250707,戸田,6,予選,曇り,南東,3,2,4,5,3828,明 石 正 之,33,62,6.75,6,0.16,1.56.1,3-1-2,7270,29,3-1,2300,10,1-2-3,720,2,1-3,1110,5,,,,,,,
20250707,戸田,6,予選,曇り,南東,3,2,5,4,3772,一 柳 和 孝,11,36,6.83,4,0.17,,3-1-2,7270,29,3-1,2300,10,1-2-3,720,2,1-3,1110,5,,,,,,,
20250707,戸田,6,予選,曇り,南東,3,2,6,6,4969,町 田 洸 希,25,52,6.73,5,0.14,,3-1-2,7270,29,3-1,2300,10,1-2-3,720,2,1-3,1110,5,,,,,,,
20250707,戸田,7,ウインウイン,晴,無風,0,0,1,1,4772,石 丸 海 渡,5,47,6.84,1,0.04,1.51.7,1-2-3,2060,8,1-2,330,1,1-2-3,1280,7,1-2,320,1,,,,,,,
20250707,戸田,7,ウインウイン,晴,無風,0,0,2,2,5078,山 川 波 乙,44,44,6.90,2,0.05,1.52.5,1-2-3,2060,8,1-2,330,1,1-2-3,1280,7,1-2,320,1,,,,,,,
20250707,戸田,7,ウインウイン,晴,無風,0,0,3,3,4400,加 藤 奈 月,29,75,6.91,3,0.06,1.54.7,1-2-3,2060,8,1-2,330,1,1-2-3,1280,7,1-2,320,1,,,,,,,
20250707,戸田,7,ウインウイン,晴,無風,0,0,4,5,3681,山 谷 央,14,41,6.96,5,0.09,1.55.7,1-2-3,2060,8,1-2,330,1,1-2-3,1280,7,1-2,320,1,,,,,,,
20250707,戸田,7,ウインウイン,晴,無風,0,0,5,6,3105,内 山 文 典,46,50,6.94,6,0.12,,1-2-3,2060,8,1-2,330,1,1-2-3,1280,7,1-2,320,1,,,,,,,
20250707,戸田,7,ウインウイン,晴,無風,0,0,6,4,4461,安 田 吉 宏,39,23,6.91,4,0.12,,1-2-3,2060,8,1-2,330,1,1-2-3,1280,7,1-2,320,1,,,,,,,
20250707,戸田,8,予選,曇り,無風,0,0,1,3,4953,尾 上 雅 也,52,57,6.82,3,0.09,1.51.1,3-1-2,1910,6,3-1,630,3,1-2-3,360,1,1-3,210,1,,,,,,,
20250707,戸田,8,予選,曇り,無風,0,0,2,1,4299,中 島 浩 哉,8,65,6.79,1,0.07,1.52.1,3-1-2,1910,6,3-1,630,3,1-2-3,360,1,1-3,210,1,,,,,,,
20250707,戸田,8,予選,曇り,無風,0,0,3,2,3385,渡 邉 睦 広,12,25,6.83,2,0.18,1.54.3,3-1-2,1910,6,3-1,630,3,1-2-3,360,1,1-3,210,1,,,,,,,
20250707,戸田,8,予選,曇り,無風,0,0,4,5,5161,登 玉 隼 百,41,24,6.84,5,0.10,1.56.3,3-1-2,1910,6,3-1,630,3,1-2-3,360,1,1-3,210,1,,,,,,,
20250707,戸田,8,予選,曇り,無風,0,0,5,6,3977,山 本 兼 士,56,30,6.95,6,0.22,,3-1-2,1910,6,3-1,630,3,1-2-3,360,1,1-3,210,1,,,,,,,
20250707,戸田,8,予選,曇り,無風,0,0,6,4,5048,眞 鳥 康 太,42,63,6.70,4,0.13,,3-1-2,1910,6,3-1,630,3,1-2-3,360,1,1-3,210,1,,,,,,,
20250707,戸田,9,戸田特賞,晴,南東,3,2,1,1,5063,大 塚 雅 治,16,61,6.89,1,0.19,1.51.5,1-2-3,2260,7,1-2,680,3,1-2-3,770,2,1-2,310,1,,,,,,,
20250707,戸田,9,戸田特賞,晴,南東,3,2,2,2,3412,鈴 木 博,18,55,6.79,2,0.23,1.53.0,1-2-3,2260,7,1-2,680,3,1-2-3,770,2,1-2,310,1,,,,,,,
20250707,戸田,9,戸田特賞,晴,南東,3,2,3,3,4186,小 川 時 光,22,35,6.85,3,0.31,1.54.1,1-2-3,2260,7,1-2,680,3,1-2-3,770,2,1-2,310,1,,,,,,,
20250707,戸田,9,戸田特賞,晴,南東,3,2,4,5,3994,小 野 桜,13,60,6.85,5,0.29,1.55.4,1-2-3,2260,7,1-2,680,3,1-2-3,770,2,1-2,310,1,,,,,,,
20250707,戸田,9,戸田特賞,晴,南東,3,2,5,6,4840,鈴 木 秀 茉,9,37,6.88,6,0.26,,1-2-3,2260,7,1-2,680,3,1-2-3,770,2,1-2,310,1,,,,,,,
20250707,戸田,9,戸田特賞,晴,南東,3,2,6,4,4228,吉 田 慎二郎,2,12,6.86,4,0.31,,1-2-3,2260,7,1-2,680,3,1-2-3,770,2,1-2,310,1,,,,,,,
20250707,戸田,10,戸田特賞,晴,無風,0,0,1,1,3939,渡 辺 真 至,21,14,6.87,1,0.12,1.51.6,1-3-5,3050,12,1-3,1610,5,1-3-5,1160,6,1-3,1040,4,,,,,,,
20250707,戸田,10,戸田特賞,晴,無風,0,0,2,3,4941,孫 崎 百 世,10,54,6.86,3,0.16,1.52.6,1-3-5,3050,12,1-3,1610,5,1-3-5,1160,6,1-3,1040,4,,,,,,,
20250707,戸田,10,戸田特賞,晴,無風,0,0,3,5,4208,三 浦 永 理,49,27,6.83,5,0.18,1.53.4,1-3-5,3050,12,1-3,1610,5,1-3-5,1160,6,1-3,1040,4,,,,,,,
20250707,戸田,10,戸田特賞,晴,無風,0,0,4,4,5007,近 藤 雄一郎,23,68,7.03,4,0.17,1.53.7,1-3-5,3050,12,1-3,1610,5,1-3-5,1160,6,1-3,1040,4,,,,,,,
20250707,戸田,10,戸田特賞,晴,無風,0,0,5,2,3745,橋 本 年 光,30,43,6.86,2,0.11,,1-3-5,3050,12,1-3,1610,5,1-3-5,1160,6,1-3,1040,4,,,,,,,
20250707,戸田,10,戸田特賞,晴,無風,0,0,6,6,3075,中 村 裕 将,65,71,6.83,6,0.28,,1-3-5,3050,12,1-3,1610,5,1-3-5,1160,6,1-3,1040,4,,,,,,,
20250707,戸田,11,戸田特選,曇り,南東,2,2,1,1,5220,青 木 蓮,45,42,6.91,1,0.15,1.52.1,1-5-4,5890,20,1-5,860,3,1-4-5,2180,8,1-5,700,2,,,,,,,
20250707,戸田,11,戸田特選,曇り,南東,2,2,2,5,4675,井 手 良 太,38,13,6.81,5,0.14,1.52.8,1-5-4,5890,20,1-5,860,3,1-4-5,2180,8,1-5,700,2,,,,,,,
20250707,戸田,11,戸田特選,曇り,南東,2,2,3,4,5208,屋 良 龍 紀,15,17,6.96,4,0.14,1.54.7,1-5-4,5890,20,1-5,860,3,1-4-5,2180,8,1-5,700,2,,,,,,,
20250707,戸田,11,戸田特選,曇り,南東,2,2,4,3,4067,永 井 源,28,69,6.84,3,0.13,1.55.0,1-5-4,5890,20,1-5,860,3,1-4-5,2180,8,1-5,700,2,,,,,,,
20250707,戸田,11,戸田特選,曇り,南東,2,2,5,6,3538,菊 池 峰 晴,54,38,6.94,6,0.24,,1-5-4,5890,20,1-5,860,3,1-4-5,2180,8,1-5,700,2,,,,,,,
20250707,戸田,11,戸田特選,曇り,南東,2,2,6,2,4400,加 藤 奈 月,29,75,6.97,2,0.19,,1-5-4,5890,20,1-5,860,3,1-4-5,2180,8,1-5,700,2,,,,,,,
20250707,戸田,12,記者選抜戦,曇り,南東,5,3,1,2,4969,町 田 洸 希,25,52,6.78,2,0.11,1.51.6,2-4-1,10290,34,2-4,4170,11,1-2-4,480,2,2-4,2310,6,,,,,,,
20250707,戸田,12,記者選抜戦,曇り,南東,5,3,2,4,4772,石 丸 海 渡,5,47,6.85,4,0.09,1.53.7,2-4-1,10290,34,2-4,4170,11,1-2-4,480,2,2-4,2310,6,,,,,,,
20250707,戸田,12,記者選抜戦,曇り,南東,5,3,3,1,4043,桐 本 康 臣,53,16,6.79,1,0.30,1.54.7,2-4-1,10290,34,2-4,4170,11,1-2-4,480,2,2-4,2310,6,,,,,,,
20250707,戸田,12,記者選抜戦,曇り,南東,5,3,4,5,4099,吉 永 則 雄,1,46,6.85,5,0.13,1.55.6,2-4-1,10290,34,2-4,4170,11,1-2-4,480,2,2-4,2310,6,,,,,,,
20250707,戸田,12,記者選抜戦,曇り,南東,5,3,5,6,4918,川 島 拓 郎,20,28,6.94,6,0.23,,2-4-1,10290,34,2-4,4170,11,1-2-4,480,2,2-4,2310,6,,,,,,,
20250707,戸田,12,記者選抜戦,曇り,南東,5,3,6,3,5179,藤 本 元 輝,3,39,6.75,3,0.16,,2-4-1,10290,34,2-4,4170,11,1-2-4,480,2,2-4,2310,6,,,,,,,
20250707,桐生,1,予選,晴,北東,1,1,1,1,4110,小 澤 和 也,50,18,6.92,1,0.04,1.52.0,1-2-6,3870,13,1-2,320,1,1-2-6,1510,5,1-2,230,1,,,,,,,
20250707,桐生,1,予選,晴,北東,1,1,2,2,5216,長谷川 晴 哉,72,67,6.88,2,0.08,1.53.0,1-2-6,3870,13,1-2,320,1,1-2-6,1510,5,1-2,230,1,,,,,,,
20250707,桐生,1,予選,晴,北東,1,1,3,6,5266,石 田 勇 斗,13,37,7.01,6,0.19,1.54.7,1-2-6,3870,13,1-2,320,1,1-2-6,1510,5,1-2,230,1,,,,,,,
20250707,桐生,1,予選,晴,北東,1,1,4,4,4899,占 部 一 真,56,42,6.91,4,0.10,1.55.8,1-2-6,3870,13,1-2,320,1,1-2-6,1510,5,1-2,230,1,,,,,,,
20250707,桐生,1,予選,晴,北東,1,1,5,3,3981,今 坂 晃 広,31,36,6.92,3,0.13,1.57.1,1-2-6,3870,13,1-2,320,1,1-2-6,1510,5,1-2,230,1,,,,,,,
20250707,桐生,1,予選,晴,北東,1,1,6,5,5373,諏 訪 玲 奈,67,73,6.93,5,0.18,1.59.6,1-2-6,3870,13,1-2,320,1,1-2-6,1510,5,1-2,230,1,,,,,,,
20250707,桐生,2,予選,晴,北東,2,1,1,1,5310,土 屋 蘭,42,70,6.82,1,0.16,1.50.7,1-3-4,2320,8,1-3,940,5,1-3-4,650,3,1-3,380,1,,,,,,,
20250707,桐生,2,予選,晴,北東,2,1,2,3,4040,廣 瀬 将 亨,69,31,6.82,3,0.13,1.53.5,1-3-4,2320,8,1-3,940,5,1-3-4,650,3,1-3,380,1,,,,,,,
20250707,桐生,2,予選,晴,北東,2,1,3,4,3922,菅 沼 佳 昭,26,49,6.83,4,0.12,1.55.0,1-3-4,2320,8,1-3,940,5,1-3-4,650,3,1-3,380,1,,,,,,,
20250707,桐生,2,予選,晴,北東,2,1,4,6,4431,石 塚 裕 介,64,24,6.78,6,0.19,1.56.0,1-3-4,2320,8,1-3,940,5,1-3-4,650,3,1-3,380,1,,,,,,,
20250707,桐生,2,予選,晴,北東,2,1,5,5,5365,石 村 日奈那,29,56,6.80,5,0.21,1.58.2,1-3-4,2320,8,1-3,940,5,1-3-4,650,3,1-3,380,1,,,,,,,
20250707,桐生,2,予選,晴,北東,2,1,6,2,3448,高 山 秀 雄,73,39,6.90,2,0.15,1.58.9,1-3-4,2320,8,1-3,940,5,1-3-4,650,3,1-3,380,1,,,,,,,
20250707,桐生,3,予選,曇り,東,3,2,1,2,4468,大 池 佑 来,18,71,6.93,2,0.14,1.51.0,2-4-3,1600,6,2-4,660,4,2-3-4,380,2,2-4,410,3,,,,,,,
20250707,桐生,3,予選,曇り,東,3,2,2,4,5213,湯 淺 紀 香,58,64,6.84,4,0.24,1.53.0,2-4-3,1600,6,2-4,660,4,2-3-4,380,2,2-4,410,3,,,,,,,
20250707,桐生,3,予選,曇り,東,3,2,3,3,3712,淺 香 文 武,54,58,6.89,3,0.21,1.54.8,2-4-3,1600,6,2-4,660,4,2-3-4,380,2,2-4,410,3,,,,,,,
20250707,桐生,3,予選,曇り,東,3,2,4,6,3921,川 村 正 輝,74,57,6.81,5,0.21,1.56.5,2-4-3,1600,6,2-4,660,4,2-3-4,380,2,2-4,410,3,,,,,,,
20250707,桐生,3,予選,曇り,東,3,2,5,1,4035,杉 江 浩 明,37,16,6.91,1,0.24,1.58.1,2-4-3,1600,6,2-4,660,4,2-3-4,380,2,2-4,410,3,,,,,,,
20250707,桐生,3,予選,曇り,東,3,2,6,5,5390,高 橋 涼 夏,21,13,6.95,6,0.20,2.00.3,2-4-3,1600,6,2-4,660,4,2-3-4,380,2,2-4,410,3,,,,,,,
20250707,桐生,4,予選,曇り,北東,2,1,1,4,5088,高 憧 四 季,23,59,6.84,4,0.10,1.51.2,4-5-2,1470,2,4-5,630,2,2-4-5,630,3,4-5,580,3,,,,,,,
20250707,桐生,4,予選,曇り,北東,2,1,2,5,4457,神 田 達 也,38,74,6.89,5,0.05,1.53.8,4-5-2,1470,2,4-5,630,2,2-4-5,630,3,4-5,580,3,,,,,,,
20250707,桐生,4,予選,曇り,北東,2,1,3,2,4389,伊 藤 喜 智,70,22,6.88,2,0.20,1.54.3,4-5-2,1470,2,4-5,630,2,2-4-5,630,3,4-5,580,3,,,,,,,
20250707,桐生,4,予選,曇り,北東,2,1,4,1,4417,服 部 剛,27,41,6.85,1,0.25,1.56.1,4-5-2,1470,2,4-5,630,2,2-4-5,630,3,4-5,580,3,,,,,,,
20250707,桐生,4,予選,曇り,北東,2,1,5,3,3546,中 里 昌 志,63,66,6.95,3,0.18,1.57.3,4-5-2,1470,2,4-5,630,2,2-4-5,630,3,4-5,580,3,,,,,,,
20250707,桐生,4,予選,曇り,北東,2,1,6,6,4414,大 澤 真 菜,60,69,6.89,6,0.11,1.58.5,4-5-2,1470,2,4-5,630,2,2-4-5,630,3,4-5,580,3,,,,,,,
20250707,桐生,5,予選,曇り,北東,2,1,1,4,4579,中 嶋 健一郎,35,65,6.92,4,0.14,1.51.3,4-2-1,2400,8,4-2,770,3,1-2-4,280,1,2-4,270,1,,,,,,,
20250707,桐生,5,予選,曇り,北東,2,1,2,2,4376,藤 田 靖 弘,46,52,6.91,2,0.15,1.52.3,4-2-1,2400,8,4-2,770,3,1-2-4,280,1,2-4,270,1,,,,,,,
20250707,桐生,5,予選,曇り,北東,2,1,3,1,4945,上 村 宏 太,40,54,6.86,1,0.16,1.53.9,4-2-1,2400,8,4-2,770,3,1-2-4,280,1,2-4,270,1,,,,,,,
20250707,桐生,5,予選,曇り,北東,2,1,4,3,4527,高 野 心 吾,25,72,6.78,3,0.17,1.55.3,4-2-1,2400,8,4-2,770,3,1-2-4,280,1,2-4,270,1,,,,,,,
20250707,桐生,5,予選,曇り,北東,2,1,5,6,4731,間 野 兼 礼,49,47,6.89,6,0.07,1.56.3,4-2-1,2400,8,4-2,770,3,1-2-4,280,1,2-4,270,1,,,,,,,
20250707,桐生,5,予選,曇り,北東,2,1,6,5,4110,小 澤 和 也,50,18,6.94,5,0.13,1.57.8,4-2-1,2400,8,4-2,770,3,1-2-4,280,1,2-4,270,1,,,,,,,
20250707,桐生,6,ドラドキ目玉,曇り,北東,1,1,1,2,3715,倉 尾 大 介,16,68,6.81,2,0.23,1.51.5,2-1-5,2490,9,2-1,830,3,1-2-5,210,1,1-2,140,1,,,,,,,
20250707,桐生,6,ドラドキ目玉,曇り,北東,1,1,2,1,5089,前 田 翔,11,53,6.91,1,0.21,1.53.1,2-1-5,2490,9,2-1,830,3,1-2-5,210,1,1-2,140,1,,,,,,,
20250707,桐生,6,ドラドキ目玉,曇り,北東,1,1,3,5,3747,國 崎 良 春,19,60,6.87,5,0.20,1.54.9,2-1-5,2490,9,2-1,830,3,1-2-5,210,1,1-2,140,1,,,,,,,
20250707,桐生,6,ドラドキ目玉,曇り,北東,1,1,4,6,3807,岡 部 哲,48,33,6.96,6,0.19,1.56.6,2-1-5,2490,9,2-1,830,3,1-2-5,210,1,1-2,140,1,,,,,,,
20250707,桐生,6,ドラドキ目玉,曇り,北東,1,1,5,3,3448,高 山 秀 雄,73,39,6.87,3,0.21,1.57.8,2-1-5,2490,9,2-1,830,3,1-2-5,210,1,1-2,140,1,,,,,,,
20250707,桐生,6,ドラドキ目玉,曇り,北東,1,1,6,4,5373,諏 訪 玲 奈,67,73,6.84,4,0.24,1.58.8,2-1-5,2490,9,2-1,830,3,1-2-5,210,1,1-2,140,1,,,,,,,
20250707,桐生,7,ドラドキ３,曇り,北東,2,1,1,1,4472,尾 嶋 一 広,44,15,6.86,1,0.13,1.51.2,1-3-5,2030,7,1-3,210,1,1-3-5,1660,7,1-3,240,1,,,,,,,
20250707,桐生,7,ドラドキ３,曇り,北東,2,1,2,3,4825,倉 持 莉 々,15,46,6.85,3,0.10,1.52.1,1-3-5,2030,7,1-3,210,1,1-3-5,1660,7,1-3,240,1,,,,,,,
20250707,桐生,7,ドラドキ３,曇り,北東,2,1,3,5,4035,杉 江 浩 明,37,16,6.89,5,0.14,1.53.7,1-3-5,2030,7,1-3,210,1,1-3-5,1660,7,1-3,240,1,,,,,,,
20250707,桐生,7,ドラドキ３,曇り,北東,2,1,4,2,4431,石 塚 裕 介,64,24,6.83,2,0.15,1.55.4,1-3-5,2030,7,1-3,210,1,1-3-5,1660,7,1-3,240,1,,,,,,,
20250707,桐生,7,ドラドキ３,曇り,北東,2,1,5,4,3981,今 坂 晃 広,31,36,6.92,4,0.16,1.58.0,1-3-5,2030,7,1-3,210,1,1-3-5,1660,7,1-3,240,1,,,,,,,
20250707,桐生,7,ドラドキ３,曇り,北東,2,1,6,6,3805,高 橋 英 之,47,12,6.87,6,0.07,1.58.2,1-3-5,2030,7,1-3,210,1,1-3-5,1660,7,1-3,240,1,,,,,,,
20250707,桐生,8,ドラドキ５,曇り,北,2,1,1,2,5266,石 田 勇 斗,13,37,6.91,2,0.03,1.51.5,2-4-5,3100,16,2-4,2550,10,2-4-5,350,2,2-4,800,4,,,,,,,
20250707,桐生,8,ドラドキ５,曇り,北,2,1,2,4,3620,信 濃 由 行,39,30,6.89,4,0.06,1.53.5,2-4-5,3100,16,2-4,2550,10,2-4-5,350,2,2-4,800,4,,,,,,,
20250707,桐生,8,ドラドキ５,曇り,北,2,1,3,5,4460,後 藤 翔 之,57,48,7.00,5,0.05,1.55.2,2-4-5,3100,16,2-4,2550,10,2-4-5,350,2,2-4,800,4,,,,,,,
20250707,桐生,8,ドラドキ５,曇り,北,2,1,4,6,5390,高 橋 涼 夏,21,13,6.89,6,0.05,1.57.2,2-4-5,3100,16,2-4,2550,10,2-4-5,350,2,2-4,800,4,,,,,,,
20250707,桐生,8,ドラドキ５,曇り,北,2,1,5,3,4414,大 澤 真 菜,60,69,6.84,3,0.10,1.57.2,2-4-5,3100,16,2-4,2550,10,2-4-5,350,2,2-4,800,4,,,,,,,
20250707,桐生,8,ドラドキ５,曇り,北,2,1,F,1,4962,畑 竜 生,43,34,6.84,1,F0.02,,2-4-5,3100,16,2-4,2550,10,2-4-5,350,2,2-4,800,4,,,,,,,
20250707,桐生,9,予選特賞,曇り,東,2,1,1,4,3801,五反田 忍,66,61,6.90,4,0.15,1.52.1,4-2-6,3390,11,4-2,1450,6,2-4-6,850,4,2-4,710,3,,,,,,,
20250707,桐生,9,予選特賞,曇り,東,2,1,2,2,3406,中 里 英 夫,68,44,6.91,2,0.20,1.52.6,4-2-6,3390,11,4-2,1450,6,2-4-6,850,4,2-4,710,3,,,,,,,
20250707,桐生,9,予選特賞,曇り,東,2,1,3,6,4369,丹 下 将,52,11,6.89,6,0.19,1.53.9,4-2-6,3390,11,4-2,1450,6,2-4-6,850,4,2-4,710,3,,,,,,,
20250707,桐生,9,予選特賞,曇り,東,2,1,4,1,4389,伊 藤 喜 智,70,22,6.96,1,0.22,1.54.8,4-2-6,3390,11,4-2,1450,6,2-4-6,850,4,2-4,710,3,,,,,,,
20250707,桐生,9,予選特賞,曇り,東,2,1,5,5,4945,上 村 宏 太,40,54,6.92,5,0.24,1.57.2,4-2-6,3390,11,4-2,1450,6,2-4-6,850,4,2-4,710,3,,,,,,,
20250707,桐生,9,予選特賞,曇り,東,2,1,6,3,4899,占 部 一 真,56,42,6.99,3,0.21,1.58.8,4-2-6,3390,11,4-2,1450,6,2-4-6,850,4,2-4,710,3,,,,,,,
20250707,桐生,10,予選特賞,曇り,東,3,2,1,3,4930,佐 藤 悠,53,43,6.76,3,0.14,1.51.6,3-4-2,45070,54,3-4,3550,10,2-3-4,10820,14,3-4,2660,7,,,,,,,
20250707,桐生,10,予選特賞,曇り,東,3,2,2,4,5310,土 屋 蘭,42,70,6.81,4,0.20,1.52.3,3-4-2,45070,54,3-4,3550,10,2-3-4,10820,14,3-4,2660,7,,,,,,,
20250707,桐生,10,予選特賞,曇り,東,3,2,3,2,4527,高 野 心 吾,25,72,6.87,2,0.19,1.54.8,3-4-2,45070,54,3-4,3550,10,2-3-4,10820,14,3-4,2660,7,,,,,,,
20250707,桐生,10,予選特賞,曇り,東,3,2,4,1,4907,小 池 修 平,41,19,6.82,1,0.17,1.55.6,3-4-2,45070,54,3-4,3550,10,2-3-4,10820,14,3-4,2660,7,,,,,,,
20250707,桐生,10,予選特賞,曇り,東,3,2,5,6,4834,浜 本 裕 己,34,55,6.79,6,0.18,1.56.7,3-4-2,45070,54,3-4,3550,10,2-3-4,10820,14,3-4,2660,7,,,,,,,
20250707,桐生,10,予選特賞,曇り,東,3,2,6,5,5089,前 田 翔,11,53,6.84,5,0.19,1.59.7,3-4-2,45070,54,3-4,3550,10,2-3-4,10820,14,3-4,2660,7,,,,,,,
20250707,桐生,11,一般特選,曇り,北東,2,1,1,1,5088,高 憧 四 季,23,59,6.73,1,0.12,1.50.4,1-2-3,2180,7,1-2,930,4,1-2-3,500,2,1-2,1120,4,,,,,,,
20250707,桐生,11,一般特選,曇り,北東,2,1,2,2,3921,川 村 正 輝,74,57,6.81,2,0.22,1.53.0,1-2-3,2180,7,1-2,930,4,1-2-3,500,2,1-2,1120,4,,,,,,,
20250707,桐生,11,一般特選,曇り,北東,2,1,3,3,4579,中 嶋 健一郎,35,65,6.82,3,0.19,1.54.2,1-2-3,2180,7,1-2,930,4,1-2-3,500,2,1-2,1120,4,,,,,,,
20250707,桐生,11,一般特選,曇り,北東,2,1,4,5,3807,岡 部 哲,48,33,6.90,5,0.19,1.55.5,1-2-3,2180,7,1-2,930,4,1-2-3,500,2,1-2,1120,4,,,,,,,
20250707,桐生,11,一般特選,曇り,北東,2,1,5,6,5216,長谷川 晴 哉,72,67,6.85,6,0.17,1.55.9,1-2-3,2180,7,1-2,930,4,1-2-3,500,2,1-2,1120,4,,,,,,,
20250707,桐生,11,一般特選,曇り,北東,2,1,6,4,4825,倉 持 莉 々,15,46,6.83,4,0.23,1.58.0,1-2-3,2180,7,1-2,930,4,1-2-3,500,2,1-2,1120,4,,,,,,,
20250707,桐生,12,一般桐生特選,曇り,東,2,1,1,1,4460,後 藤 翔 之,57,48,6.83,1,0.07,1.50.7,1-3-4,1300,2,1-3,380,1,1-3-4,460,2,1-3,410,2,,,,,,,
20250707,桐生,12,一般桐生特選,曇り,東,2,1,2,3,4376,藤 田 靖 弘,46,52,6.87,3,0.10,1.52.2,1-3-4,1300,2,1-3,380,1,1-3-4,460,2,1-3,410,2,,,,,,,
20250707,桐生,12,一般桐生特選,曇り,東,2,1,3,4,3715,倉 尾 大 介,16,68,6.79,4,0.09,1.53.4,1-3-4,1300,2,1-3,380,1,1-3-4,460,2,1-3,410,2,,,,,,,
20250707,桐生,12,一般桐生特選,曇り,東,2,1,4,5,4468,大 池 佑 来,18,71,6.83,5,0.13,1.54.8,1-3-4,1300,2,1-3,380,1,1-3-4,460,2,1-3,410,2,,,,,,,
20250707,桐生,12,一般桐生特選,曇り,東,2,1,5,6,4457,神 田 達 也,38,74,6.91,6,0.08,1.55.1,1-3-4,1300,2,1-3,380,1,1-3-4,460,2,1-3,410,2,,,,,,,
20250707,桐生,12,一般桐生特選,曇り,東,2,1,6,2,4040,廣 瀬 将 亨,69,31,6.89,2,0.11,1.57.2,1-3-4,1300,2,1-3,380,1,1-3-4,460,2,1-3,410,2,,,,,,,
20250707,江戸川,1,予選,晴,南西,5,5,1,1,3370,坪 内 実,64,20,7.07,1,0.18,1.54.3,1-3-5,2350,4,1-3,480,2,1-3-5,690,2,1-3,400,1,,,,,,,
20250707,江戸川,1,予選,晴,南西,5,5,2,3,4440,萩 原 知 哉,56,54,7.06,3,0.19,1.55.7,1-3-5,2350,4,1-3,480,2,1-3-5,690,2,1-3,400,1,,,,,,,
20250707,江戸川,1,予選,晴,南西,5,5,3,5,5249,三 木 晴 斗,67,14,7.01,5,0.19,1.57.5,1-3-5,2350,4,1-3,480,2,1-3-5,690,2,1-3,400,1,,,,,,,
20250707,江戸川,1,予選,晴,南西,5,5,4,2,4669,井 上 茂,54,10,7.02,2,0.21,1.57.9,1-3-5,2350,4,1-3,480,2,1-3-5,690,2,1-3,400,1,,,,,,,
20250707,江戸川,1,予選,晴,南西,5,5,5,4,3591,後 藤 孝 義,18,21,7.11,4,0.24,,1-3-5,2350,4,1-3,480,2,1-3-5,690,2,1-3,400,1,,,,,,,
20250707,江戸川,1,予選,晴,南西,5,5,6,6,5364,金 子 怜 央,60,60,7.05,6,0.18,,1-3-5,2350,4,1-3,480,2,1-3-5,690,2,1-3,400,1,,,,,,,
20250707,江戸川,2,予選,晴,南西,4,5,1,3,4020,川 上 清 人,71,45,7.18,3,0.13,1.54.6,3-5-2,9380,30,3-5,4020,14,2-3-5,850,4,3-5,2480,8,,,,,,,
20250707,江戸川,2,予選,晴,南西,4,5,2,5,4979,中 野 夢 斗,61,30,7.20,5,0.13,1.55.9,3-5-2,9380,30,3-5,4020,14,2-3-5,850,4,3-5,2480,8,,,,,,,
20250707,江戸川,2,予選,晴,南西,4,5,3,2,3740,大 澤 普 司,58,56,7.16,2,0.12,1.57.8,3-5-2,9380,30,3-5,4020,14,2-3-5,850,4,3-5,2480,8,,,,,,,
20250707,江戸川,2,予選,晴,南西,4,5,4,4,3564,桑 原 啓,52,70,7.05,4,0.19,1.58.4,3-5-2,9380,30,3-5,4020,14,2-3-5,850,4,3-5,2480,8,,,,,,,
20250707,江戸川,2,予選,晴,南西,4,5,5,6,5377,鳥居塚 嶺 王,68,22,6.95,6,0.24,,3-5-2,9380,30,3-5,4020,14,2-3-5,850,4,3-5,2480,8,,,,,,,
20250707,江戸川,2,予選,晴,南西,4,5,6,1,3934,鋤 柄 貴 俊,24,63,7.03,1,0.11,,3-5-2,9380,30,3-5,4020,14,2-3-5,850,4,3-5,2480,8,,,,,,,
20250707,江戸川,3,予選,曇り,南西,4,5,1,1,3848,川 上 聡 介,38,66,7.16,1,0.14,1.55.6,1-3-4,1540,5,1-3,370,1,1-3-4,940,4,1-3,370,1,,,,,,,
20250707,江戸川,3,予選,曇り,南西,4,5,2,3,3202,三 品 隆 浩,23,28,7.15,3,0.31,1.57.9,1-3-4,1540,5,1-3,370,1,1-3-4,940,4,1-3,370,1,,,,,,,
20250707,江戸川,3,予選,曇り,南西,4,5,3,4,3976,内 田 圭,11,24,7.30,4,0.28,1.59.5,1-3-4,1540,5,1-3,370,1,1-3-4,940,4,1-3,370,1,,,,,,,
20250707,江戸川,3,予選,曇り,南西,4,5,4,2,3790,佐 口 達 也,59,16,7.20,2,0.19,2.01.2,1-3-4,1540,5,1-3,370,1,1-3-4,940,4,1-3,370,1,,,,,,,
20250707,江戸川,3,予選,曇り,南西,4,5,5,5,5273,山 下 拓 巳,53,68,7.20,5,0.36,,1-3-4,1540,5,1-3,370,1,1-3-4,940,4,1-3,370,1,,,,,,,
20250707,江戸川,3,予選,曇り,南西,4,5,6,6,4292,麻 生 慎 介,43,18,7.12,6,0.26,,1-3-4,1540,5,1-3,370,1,1-3-4,940,4,1-3,370,1,,,,,,,
20250707,江戸川,4,予選,曇り,南西,5,5,1,2,4693,松 下 誉 士,27,37,7.21,2,0.19,1.54.5,2-1-4,11060,42,2-1,3660,14,1-2-4,1560,8,1-2,1240,7,,,,,,,
20250707,江戸川,4,予選,曇り,南西,5,5,2,1,4396,大 田 直 弥,40,17,7.09,1,0.16,1.55.7,2-1-4,11060,42,2-1,3660,14,1-2-4,1560,8,1-2,1240,7,,,,,,,
20250707,江戸川,4,予選,曇り,南西,5,5,3,4,4821,妻 鳥 晋 也,47,53,7.23,4,0.19,1.57.9,2-1-4,11060,42,2-1,3660,14,1-2-4,1560,8,1-2,1240,7,,,,,,,
20250707,江戸川,4,予選,曇り,南西,5,5,4,6,4976,金 山 立 樹,49,48,7.24,6,0.24,1.58.8,2-1-4,11060,42,2-1,3660,14,1-2-4,1560,8,1-2,1240,7,,,,,,,
20250707,江戸川,4,予選,曇り,南西,5,5,5,3,4028,田 村 隆 信,46,39,7.32,3,0.12,,2-1-4,11060,42,2-1,3660,14,1-2-4,1560,8,1-2,1240,7,,,,,,,
20250707,江戸川,4,予選,曇り,南西,5,5,6,5,5388,佐 野 優 都,20,15,7.14,5,0.18,,2-1-4,11060,42,2-1,3660,14,1-2-4,1560,8,1-2,1240,7,,,,,,,
20250707,江戸川,5,予選,晴,南西,5,5,1,3,5002,上 田 健 太,63,67,7.08,3,0.16,1.54.7,3-1-5,1390,4,3-1,670,2,1-3-5,310,1,1-3,180,1,,,,,,,
20250707,江戸川,5,予選,晴,南西,5,5,2,1,4411,沢 田 昭 宏,16,23,7.25,1,0.22,1.56.6,3-1-5,1390,4,3-1,670,2,1-3-5,310,1,1-3,180,1,,,,,,,
20250707,江戸川,5,予選,晴,南西,5,5,3,5,4943,八 木 治 樹,10,52,7.25,5,0.11,1.58.2,3-1-5,1390,4,3-1,670,2,1-3-5,310,1,1-3,180,1,,,,,,,
20250707,江戸川,5,予選,晴,南西,5,5,4,6,5341,山 道 諄 也,12,35,7.22,6,0.05,1.58.8,3-1-5,1390,4,3-1,670,2,1-3-5,310,1,1-3,180,1,,,,,,,
20250707,江戸川,5,予選,晴,南西,5,5,5,2,3370,坪 内 実,64,20,7.20,2,0.12,,3-1-5,1390,4,3-1,670,2,1-3-5,310,1,1-3,180,1,,,,,,,
20250707,江戸川,5,予選,晴,南西,5,5,6,4,4425,大 井 清 貴,35,69,7.08,4,0.15,,3-1-5,1390,4,3-1,670,2,1-3-5,310,1,1-3,180,1,,,,,,,
20250707,江戸川,6,予選,晴,南西,5,5,1,1,4430,永 田 秀 二,57,59,6.97,1,0.04,1.54.3,1-2-6,780,1,1-2,520,3,1-2-6,240,1,1-2,300,1,,,,,,,
20250707,江戸川,6,予選,晴,南西,5,5,2,2,4465,大 西 賢,70,36,7.21,2,0.07,1.56.2,1-2-6,780,1,1-2,520,3,1-2-6,240,1,1-2,300,1,,,,,,,
20250707,江戸川,6,予選,晴,南西,5,5,3,6,4543,重 木 輝 彦,33,19,7.13,6,0.06,1.57.0,1-2-6,780,1,1-2,520,3,1-2-6,240,1,1-2,300,1,,,,,,,
20250707,江戸川,6,予選,晴,南西,5,5,4,3,4669,井 上 茂,54,10,7.20,3,0.11,1.57.2,1-2-6,780,1,1-2,520,3,1-2-6,240,1,1-2,300,1,,,,,,,
20250707,江戸川,6,予選,晴,南西,5,5,5,4,4197,渥 美 卓 郎,25,71,7.31,4,0.28,,1-2-6,780,1,1-2,520,3,1-2-6,240,1,1-2,300,1,,,,,,,
20250707,江戸川,6,予選,晴,南西,5,5,6,5,5378,鈴 木 結平太,29,11,7.27,5,0.19,,1-2-6,780,1,1-2,520,3,1-2-6,240,1,1-2,300,1,,,,,,,
20250707,江戸川,7,予選,晴,南西,5,5,1,1,3564,桑 原 啓,52,70,7.04,1,0.18,1.54.5,1-4-3,1720,8,1-4,1450,6,1-3-4,170,1,1-4,570,2,,,,,,,
20250707,江戸川,7,予選,晴,南西,5,5,2,4,4118,宇佐見 淳,48,33,6.99,4,0.16,1.55.7,1-4-3,1720,8,1-4,1450,6,1-3-4,170,1,1-4,570,2,,,,,,,
20250707,江戸川,7,予選,晴,南西,5,5,3,3,4475,末 永 祐 輝,69,34,7.08,3,0.20,1.57.3,1-4-3,1720,8,1-4,1450,6,1-3-4,170,1,1-4,570,2,,,,,,,
20250707,江戸川,7,予選,晴,南西,5,5,4,6,5364,金 子 怜 央,60,60,7.15,5,0.32,1.58.5,1-4-3,1720,8,1-4,1450,6,1-3-4,170,1,1-4,570,2,,,,,,,
20250707,江戸川,7,予選,晴,南西,5,5,5,2,4813,宮 内 直 哉,32,40,7.34,2,0.14,,1-4-3,1720,8,1-4,1450,6,1-3-4,170,1,1-4,570,2,,,,,,,
20250707,江戸川,7,予選,晴,南西,5,5,K0,5,4292,麻 生 慎 介,43,18 K,,,,,1-4-3,1720,8,1-4,1450,6,1-3-4,170,1,1-4,570,2,,,,,,,
20250707,江戸川,8,予選,曇り,南西,5,5,1,1,4979,中 野 夢 斗,61,30,7.17,1,0.06,1.55.5,1-5-6,6080,22,1-5,1320,7,1-5-6,1780,8,1-5,2090,7,,,,,,,
20250707,江戸川,8,予選,曇り,南西,5,5,2,5,4976,金 山 立 樹,49,48,7.24,5,0.15,1.55.9,1-5-6,6080,22,1-5,1320,7,1-5-6,1780,8,1-5,2090,7,,,,,,,
20250707,江戸川,8,予選,曇り,南西,5,5,3,6,4604,岩 瀬 裕 亮,15,61,7.17,6,0.18,1.57.0,1-5-6,6080,22,1-5,1320,7,1-5-6,1780,8,1-5,2090,7,,,,,,,
20250707,江戸川,8,予選,曇り,南西,5,5,4,3,3790,佐 口 達 也,59,16,7.26,3,0.08,1.57.4,1-5-6,6080,22,1-5,1320,7,1-5-6,1780,8,1-5,2090,7,,,,,,,
20250707,江戸川,8,予選,曇り,南西,5,5,5,4,5249,三 木 晴 斗,67,14,7.23,4,0.11,,1-5-6,6080,22,1-5,1320,7,1-5-6,1780,8,1-5,2090,7,,,,,,,
20250707,江戸川,8,予選,曇り,南西,5,5,6,2,4122,安 東 幸 治,41,38,7.23,2,0.10,,1-5-6,6080,22,1-5,1320,7,1-5-6,1780,8,1-5,2090,7,,,,,,,
20250707,江戸川,9,予選特賞,曇り,南西,6,5,1,1,4452,松 尾 祭,31,50,7.02,1,0.06,1.54.0,1-5-4,3270,10,1-5,1580,6,1-4-5,340,1,1-5,1090,5,,,,,,,
20250707,江戸川,9,予選特賞,曇り,南西,6,5,2,5,4396,大 田 直 弥,40,17,7.23,5,0.10,1.55.3,1-5-4,3270,10,1-5,1580,6,1-4-5,340,1,1-5,1090,5,,,,,,,
20250707,江戸川,9,予選特賞,曇り,南西,6,5,3,4,4748,渡 邉 雄 朗,39,51,7.11,4,0.02,1.58.1,1-5-4,3270,10,1-5,1580,6,1-4-5,340,1,1-5,1090,5,,,,,,,
20250707,江戸川,9,予選特賞,曇り,南西,6,5,4,2,3976,内 田 圭,11,24,7.27,2,0.08,1.59.9,1-5-4,3270,10,1-5,1580,6,1-4-5,340,1,1-5,1090,5,,,,,,,
20250707,江戸川,9,予選特賞,曇り,南西,6,5,5,6,5377,鳥居塚 嶺 王,68,22,7.19,6,0.08,,1-5-4,3270,10,1-5,1580,6,1-4-5,340,1,1-5,1090,5,,,,,,,
20250707,江戸川,9,予選特賞,曇り,南西,6,5,6,3,4574,東 潤 樹,13,26,7.31,3,0.07,,1-5-4,3270,10,1-5,1580,6,1-4-5,340,1,1-5,1090,5,,,,,,,
20250707,江戸川,10,予選特賞,曇り,南,6,5,1,1,3740,大 澤 普 司,58,56,7.19,1,0.11,1.55.1,1-4-3,2900,10,1-4,380,1,1-3-4,980,4,1-4,270,1,,,,,,,
20250707,江戸川,10,予選特賞,曇り,南,6,5,2,4,4471,新 田 泰 章,17,31,7.18,4,0.15,1.56.3,1-4-3,2900,10,1-4,380,1,1-3-4,980,4,1-4,270,1,,,,,,,
20250707,江戸川,10,予選特賞,曇り,南,6,5,3,3,5273,山 下 拓 巳,53,68,7.06,3,0.11,1.57.3,1-4-3,2900,10,1-4,380,1,1-3-4,980,4,1-4,270,1,,,,,,,
20250707,江戸川,10,予選特賞,曇り,南,6,5,4,5,4430,永 田 秀 二,57,59,7.24,5,0.26,1.58.1,1-4-3,2900,10,1-4,380,1,1-3-4,980,4,1-4,270,1,,,,,,,
20250707,江戸川,10,予選特賞,曇り,南,6,5,5,2,4943,八 木 治 樹,10,52,7.14,2,0.09,,1-4-3,2900,10,1-4,380,1,1-3-4,980,4,1-4,270,1,,,,,,,
20250707,江戸川,10,予選特賞,曇り,南,6,5,6,6,4821,妻 鳥 晋 也,47,53,7.22,6,0.27,,1-4-3,2900,10,1-4,380,1,1-3-4,980,4,1-4,270,1,,,,,,,
20250707,江戸川,11,予選特選,曇り,南,5,5,1,4,5002,上 田 健 太,63,67,7.17,4,0.20,1.54.9,4-1-5,5080,20,4-1,1040,5,1-4-5,730,4,1-4,270,1,,,,,,,
20250707,江戸川,11,予選特選,曇り,南,5,5,2,1,4475,末 永 祐 輝,69,34,7.16,1,0.16,1.56.1,4-1-5,5080,20,4-1,1040,5,1-4-5,730,4,1-4,270,1,,,,,,,
20250707,江戸川,11,予選特選,曇り,南,5,5,3,5,4020,川 上 清 人,71,45,7.35,5,0.22,1.57.2,4-1-5,5080,20,4-1,1040,5,1-4-5,730,4,1-4,270,1,,,,,,,
20250707,江戸川,11,予選特選,曇り,南,5,5,4,3,4465,大 西 賢,70,36,7.16,3,0.17,1.59.1,4-1-5,5080,20,4-1,1040,5,1-4-5,730,4,1-4,270,1,,,,,,,
20250707,江戸川,11,予選特選,曇り,南,5,5,5,6,5043,中 村 日 向,34,47,7.25,6,0.22,,4-1-5,5080,20,4-1,1040,5,1-4-5,730,4,1-4,270,1,,,,,,,
20250707,江戸川,11,予選特選,曇り,南,5,5,6,2,4440,萩 原 知 哉,56,54,7.21,2,0.27,,4-1-5,5080,20,4-1,1040,5,1-4-5,730,4,1-4,270,1,,,,,,,
20250707,江戸川,12,記者選抜戦,曇り,南,7,5,1,1,4028,田 村 隆 信,46,39,7.17,1,0.17,1.57.7,1-6-3,1810,4,1-6,880,4,1-3-6,450,2,1-6,860,5,,,,,,,
20250707,江戸川,12,記者選抜戦,曇り,南,7,5,2,6,4118,宇佐見 淳,48,33,6.93,6,0.23,1.59.0,1-6-3,1810,4,1-6,880,4,1-3-6,450,2,1-6,860,5,,,,,,,
20250707,江戸川,12,記者選抜戦,曇り,南,7,5,3,3,5110,杉 山 喜 一,37,55,7.17,3,0.17,2.00.8,1-6-3,1810,4,1-6,880,4,1-3-6,450,2,1-6,860,5,,,,,,,
20250707,江戸川,12,記者選抜戦,曇り,南,7,5,4,2,3653,品 川 賢 次,19,65,7.15,2,0.28,2.01.9,1-6-3,1810,4,1-6,880,4,1-3-6,450,2,1-6,860,5,,,,,,,
20250707,江戸川,12,記者選抜戦,曇り,南,7,5,5,4,4082,濱 崎 誠,26,49,7.21,4,0.18,,1-6-3,1810,4,1-6,880,4,1-3-6,450,2,1-6,860,5,,,,,,,
20250707,江戸川,12,記者選抜戦,曇り,南,7,5,6,5,4122,安 東 幸 治,41,38,7.19,5,0.38,,1-6-3,1810,4,1-6,880,4,1-3-6,450,2,1-6,860,5,,,,,,,
20250707,津,1,ツッキーレー,晴,東,2,1,1,1,4044,湯 川 浩 司,51,15,6.80,1,0.12,1.51.9,1-3-5,490,1,1-3,220,1,1-3-5,360,1,1-3,270,2,,,,,,,
20250707,津,1,ツッキーレー,晴,東,2,1,2,3,4565,西 村 豪 洋,28,12,6.83,3,0.16,1.53.0,1-3-5,490,1,1-3,220,1,1-3-5,360,1,1-3,270,2,,,,,,,
20250707,津,1,ツッキーレー,晴,東,2,1,3,5,5243,三 馬 崇 史,65,30,6.89,5,0.12,1.53.9,1-3-5,490,1,1-3,220,1,1-3-5,360,1,1-3,270,2,,,,,,,
20250707,津,1,ツッキーレー,晴,東,2,1,4,2,5230,石 原 凪 紗,36,57,6.81,2,0.16,1.56.2,1-3-5,490,1,1-3,220,1,1-3-5,360,1,1-3,270,2,,,,,,,
20250707,津,1,ツッキーレー,晴,東,2,1,5,6,3850,小 川 知 行,20,26,6.81,6,0.12,,1-3-5,490,1,1-3,220,1,1-3-5,360,1,1-3,270,2,,,,,,,
20250707,津,1,ツッキーレー,晴,東,2,1,6,4,3860,松 本 浩 貴,47,38,6.96,4,0.18,,1-3-5,490,1,1-3,220,1,1-3-5,360,1,1-3,270,2,,,,,,,
20250707,津,2,一般,晴,東,2,1,1,1,3839,川 合 理 司,18,75,6.96,1,0.13,1.52.0,1-2-3,570,1,1-2,290,2,1-2-3,210,1,1-2,230,1,,,,,,,
20250707,津,2,一般,晴,東,2,1,2,2,3808,秋 田 健太郎,73,27,6.91,2,0.05,1.53.1,1-2-3,570,1,1-2,290,2,1-2-3,210,1,1-2,230,1,,,,,,,
20250707,津,2,一般,晴,東,2,1,3,3,4705,吉 川 勇 作,27,69,6.85,3,0.09,1.54.3,1-2-3,570,1,1-2,290,2,1-2-3,210,1,1-2,230,1,,,,,,,
20250707,津,2,一般,晴,東,2,1,4,5,5343,小 林 礼 央,52,59,6.87,6,0.04,1.55.0,1-2-3,570,1,1-2,290,2,1-2-3,210,1,1-2,230,1,,,,,,,
20250707,津,2,一般,晴,東,2,1,5,4,5346,中 村 紋夕梨,66,33,6.83,4,0.09,,1-2-3,570,1,1-2,290,2,1-2-3,210,1,1-2,230,1,,,,,,,
20250707,津,2,一般,晴,東,2,1,6,6,5324,畑 田 希 咲,38,47,6.79,5,0.05,,1-2-3,570,1,1-2,290,2,1-2-3,210,1,1-2,230,1,,,,,,,
20250707,津,3,一般,晴,東,2,1,1,2,4224,大 橋 栄里佳,30,46,6.82,2,0.10,1.50.9,2-1-4,740,1,2-1,340,2,1-2-4,270,1,1-2,220,1,,,,,,,
20250707,津,3,一般,晴,東,2,1,2,1,3474,松 瀬 弘 美,68,44,6.87,1,0.07,1.53.3,2-1-4,740,1,2-1,340,2,1-2-4,270,1,1-2,220,1,,,,,,,
20250707,津,3,一般,晴,東,2,1,3,4,5203,神 里 琴 音,53,63,6.93,4,0.09,1.53.4,2-1-4,740,1,2-1,340,2,1-2-4,270,1,1-2,220,1,,,,,,,
20250707,津,3,一般,晴,東,2,1,4,5,4243,西 村 歩,16,76,6.90,5,0.06,1.54.8,2-1-4,740,1,2-1,340,2,1-2-4,270,1,1-2,220,1,,,,,,,
20250707,津,3,一般,晴,東,2,1,5,3,4317,木 村 紗友希,14,22,6.96,3,0.14,,2-1-4,740,1,2-1,340,2,1-2-4,270,1,1-2,220,1,,,,,,,
20250707,津,3,一般,晴,東,2,1,6,6,5418,堀 内 亜 海,69,55,6.81,6,0.15,,2-1-4,740,1,2-1,340,2,1-2-4,270,1,1-2,220,1,,,,,,,
20250707,津,4,一般,晴,南東,3,2,1,5,3827,今 泉 徹,61,16,6.87,5,0.10,1.52.2,5-2-6,39960,44,5-2,14530,14,2-5-6,2950,9,2-5,8970,8,,,,,,,
20250707,津,4,一般,晴,南東,3,2,2,2,5003,来 田 衣 織,55,53,6.82,2,0.16,1.53.2,5-2-6,39960,44,5-2,14530,14,2-5-6,2950,9,2-5,8970,8,,,,,,,
20250707,津,4,一般,晴,南東,3,2,3,6,3282,池 本 輝 明,75,60,6.86,6,0.13,1.55.1,5-2-6,39960,44,5-2,14530,14,2-5-6,2950,9,2-5,8970,8,,,,,,,
20250707,津,4,一般,晴,南東,3,2,4,3,4683,向井田 直 弥,72,49,6.82,3,0.06,1.56.1,5-2-6,39960,44,5-2,14530,14,2-5-6,2950,9,2-5,8970,8,,,,,,,
20250707,津,4,一般,晴,南東,3,2,5,1,4270,岸 本 雄 貴,67,56,7.02,1,0.20,,5-2-6,39960,44,5-2,14530,14,2-5-6,2950,9,2-5,8970,8,,,,,,,
20250707,津,4,一般,晴,南東,3,2,F,4,4345,西 舘 健,45,58,6.96,4,F0.01,,5-2-6,39960,44,5-2,14530,14,2-5-6,2950,9,2-5,8970,8,,,,,,,
20250707,津,5,５ールドレー,晴,東,3,2,1,1,3703,鳥 飼 眞,54,36,6.85,1,0.19,1.52.5,1-4-2,3070,14,1-4,570,4,1-2-4,910,5,1-4,640,4,,,,,,,
20250707,津,5,５ールドレー,晴,東,3,2,2,4,3964,宮 地 博 士,29,48,6.95,4,0.17,1.53.1,1-4-2,3070,14,1-4,570,4,1-2-4,910,5,1-4,640,4,,,,,,,
20250707,津,5,５ールドレー,晴,東,3,2,3,2,4563,齋 藤 真 之,58,37,6.92,2,0.18,1.55.3,1-4-2,3070,14,1-4,570,4,1-2-4,910,5,1-4,640,4,,,,,,,
20250707,津,5,５ールドレー,晴,東,3,2,4,3,4562,阪 本 勇 介,32,40,6.90,3,0.22,1.56.8,1-4-2,3070,14,1-4,570,4,1-2-4,910,5,1-4,640,4,,,,,,,
20250707,津,5,５ールドレー,晴,東,3,2,5,6,4779,伊 倉 光,43,43,6.89,6,0.27,,1-4-2,3070,14,1-4,570,4,1-2-4,910,5,1-4,640,4,,,,,,,
20250707,津,5,５ールドレー,晴,東,3,2,6,5,4004,山 本 浩 輔,49,11,6.81,5,0.19,,1-4-2,3070,14,1-4,570,4,1-2-4,910,5,1-4,640,4,,,,,,,
20250707,津,6,一般,晴,南東,2,1,1,3,3779,原 田 幸 哉,46,72,6.81,3,0.12,1.50.9,3-4-6,2470,9,3-4,890,4,3-4-6,1330,5,3-4,970,4,,,,,,,
20250707,津,6,一般,晴,南東,2,1,2,4,3850,小 川 知 行,20,26,6.84,4,0.11,1.52.0,3-4-6,2470,9,3-4,890,4,3-4-6,1330,5,3-4,970,4,,,,,,,
20250707,津,6,一般,晴,南東,2,1,3,6,4505,島 田 賢 人,57,25,6.90,6,0.18,1.54.5,3-4-6,2470,9,3-4,890,4,3-4-6,1330,5,3-4,970,4,,,,,,,
20250707,津,6,一般,晴,南東,2,1,4,1,4410,井 上 大 輔,34,20,6.89,1,0.18,1.55.8,3-4-6,2470,9,3-4,890,4,3-4-6,1330,5,3-4,970,4,,,,,,,
20250707,津,6,一般,晴,南東,2,1,5,5,3839,川 合 理 司,18,75,6.96,5,0.13,,3-4-6,2470,9,3-4,890,4,3-4-6,1330,5,3-4,970,4,,,,,,,
20250707,津,6,一般,晴,南東,2,1,6,2,4705,吉 川 勇 作,27,69,6.87,2,0.16,,3-4-6,2470,9,3-4,890,4,3-4-6,1330,5,3-4,970,4,,,,,,,
20250707,津,7,一般,晴,南東,2,1,1,1,5034,若 林 義 人,62,65,6.90,1,0.14,1.51.7,1-3-6,2720,11,1-3,660,4,1-3-6,1240,6,1-3,530,3,,,,,,,
20250707,津,7,一般,晴,南東,2,1,2,3,5230,石 原 凪 紗,36,57,6.74,3,0.12,1.53.4,1-3-6,2720,11,1-3,660,4,1-3-6,1240,6,1-3,530,3,,,,,,,
20250707,津,7,一般,晴,南東,2,1,3,6,4533,峰 重 侑 治,76,67,6.78,5,0.19,1.54.2,1-3-6,2720,11,1-3,660,4,1-3-6,1240,6,1-3,530,3,,,,,,,
20250707,津,7,一般,晴,南東,2,1,4,2,3699,富 永 正 人,13,32,6.84,2,0.09,1.55.5,1-3-6,2720,11,1-3,660,4,1-3-6,1240,6,1-3,530,3,,,,,,,
20250707,津,7,一般,晴,南東,2,1,5,4,3808,秋 田 健太郎,73,27,6.89,4,0.08,,1-3-6,2720,11,1-3,660,4,1-3-6,1240,6,1-3,530,3,,,,,,,
20250707,津,7,一般,晴,南東,2,1,6,5,5418,堀 内 亜 海,69,55,6.79,6,0.14,,1-3-6,2720,11,1-3,660,4,1-3-6,1240,6,1-3,530,3,,,,,,,
20250707,津,8,一般,晴,南東,3,2,1,1,4243,西 村 歩,16,76,6.85,1,0.00,1.51.5,1-2-4,600,1,1-2,340,2,1-2-4,200,1,1-2,180,1,,,,,,,
20250707,津,8,一般,晴,南東,3,2,2,2,4317,木 村 紗友希,14,22,6.90,2,0.06,1.53.5,1-2-4,600,1,1-2,340,2,1-2-4,200,1,1-2,180,1,,,,,,,
20250707,津,8,一般,晴,南東,3,2,3,4,5340,樋江井 舞,56,21,6.85,4,0.10,1.55.3,1-2-4,600,1,1-2,340,2,1-2-4,200,1,1-2,180,1,,,,,,,
20250707,津,8,一般,晴,南東,3,2,4,3,5324,畑 田 希 咲,38,47,6.85,3,0.04,1.55.7,1-2-4,600,1,1-2,340,2,1-2-4,200,1,1-2,180,1,,,,,,,
20250707,津,8,一般,晴,南東,3,2,5,5,5346,中 村 紋夕梨,66,33,6.89,5,0.10,,1-2-4,600,1,1-2,340,2,1-2-4,200,1,1-2,180,1,,,,,,,
20250707,津,8,一般,晴,南東,3,2,6,6,5003,来 田 衣 織,55,53,6.78,6,0.15,,1-2-4,600,1,1-2,340,2,1-2-4,200,1,1-2,180,1,,,,,,,
20250707,津,9,一般特選,晴,南東,4,2,1,1,4345,西 舘 健,45,58,6.98,1,0.11,1.51.4,1-2-3,710,1,1-2,250,1,1-2-3,450,2,1-2,200,1,,,,,,,
20250707,津,9,一般特選,晴,南東,4,2,2,2,4565,西 村 豪 洋,28,12,6.82,2,0.16,1.53.0,1-2-3,710,1,1-2,250,1,1-2-3,450,2,1-2,200,1,,,,,,,
20250707,津,9,一般特選,晴,南東,4,2,3,3,3860,松 本 浩 貴,47,38,7.04,3,0.14,1.54.8,1-2-3,710,1,1-2,250,1,1-2-3,450,2,1-2,200,1,,,,,,,
20250707,津,9,一般特選,晴,南東,4,2,4,4,3827,今 泉 徹,61,16,6.93,4,0.11,1.55.7,1-2-3,710,1,1-2,250,1,1-2-3,450,2,1-2,200,1,,,,,,,
20250707,津,9,一般特選,晴,南東,4,2,5,6,5343,小 林 礼 央,52,59,6.86,6,0.10,,1-2-3,710,1,1-2,250,1,1-2-3,450,2,1-2,200,1,,,,,,,
20250707,津,9,一般特選,晴,南東,4,2,6,5,4562,阪 本 勇 介,32,40,6.93,5,0.14,,1-2-3,710,1,1-2,250,1,1-2-3,450,2,1-2,200,1,,,,,,,
20250707,津,10,選抜戦,晴,南東,4,2,1,3,4004,山 本 浩 輔,49,11,6.88,3,0.18,1.52.3,3-5-4,12860,47,3-5,3860,15,3-4-5,1730,11,3-5,2020,7,,,,,,,
20250707,津,10,選抜戦,晴,南東,4,2,2,5,4044,湯 川 浩 司,51,15,6.85,5,0.22,1.53.4,3-5-4,12860,47,3-5,3860,15,3-4-5,1730,11,3-5,2020,7,,,,,,,
20250707,津,10,選抜戦,晴,南東,4,2,3,4,3703,鳥 飼 眞,54,36,6.89,4,0.20,1.54.9,3-5-4,12860,47,3-5,3860,15,3-4-5,1730,11,3-5,2020,7,,,,,,,
20250707,津,10,選抜戦,晴,南東,4,2,4,1,5243,三 馬 崇 史,65,30,6.91,1,0.19,1.55.0,3-5-4,12860,47,3-5,3860,15,3-4-5,1730,11,3-5,2020,7,,,,,,,
20250707,津,10,選抜戦,晴,南東,4,2,5,2,4683,向井田 直 弥,72,49,6.92,2,0.16,,3-5-4,12860,47,3-5,3860,15,3-4-5,1730,11,3-5,2020,7,,,,,,,
20250707,津,10,選抜戦,晴,南東,4,2,6,6,3474,松 瀬 弘 美,68,44,6.92,6,0.26,,3-5-4,12860,47,3-5,3860,15,3-4-5,1730,11,3-5,2020,7,,,,,,,
20250707,津,11,選抜戦,晴,南東,4,2,1,1,3779,原 田 幸 哉,46,72,6.87,1,0.12,1.51.6,1-2-4,450,2,1-2,170,1,1-2-4,450,2,1-2,110,1,,,,,,,
20250707,津,11,選抜戦,晴,南東,4,2,2,2,5034,若 林 義 人,62,65,6.91,2,0.17,1.52.8,1-2-4,450,2,1-2,170,1,1-2-4,450,2,1-2,110,1,,,,,,,
20250707,津,11,選抜戦,晴,南東,4,2,3,4,4410,井 上 大 輔,34,20,6.93,4,0.25,1.54.7,1-2-4,450,2,1-2,170,1,1-2-4,450,2,1-2,110,1,,,,,,,
20250707,津,11,選抜戦,晴,南東,4,2,4,3,4224,大 橋 栄里佳,30,46,6.84,3,0.24,1.55.4,1-2-4,450,2,1-2,170,1,1-2-4,450,2,1-2,110,1,,,,,,,
20250707,津,11,選抜戦,晴,南東,4,2,5,5,4270,岸 本 雄 貴,67,56,6.97,5,0.33,,1-2-4,450,2,1-2,170,1,1-2-4,450,2,1-2,110,1,,,,,,,
20250707,津,11,選抜戦,晴,南東,4,2,6,6,3699,富 永 正 人,13,32,7.00,6,0.32,,1-2-4,450,2,1-2,170,1,1-2-4,450,2,1-2,110,1,,,,,,,
20250707,津,12,優勝戦,晴,南東,4,2,1,2,4787,椎 名 豊,37,64,6.91,2,0.12,1.52.3,2-3-1,2570,8,2-3,1150,4,1-2-3,280,1,2-3,610,3,,,,,,,
20250707,津,12,優勝戦,晴,南東,4,2,2,3,4808,松 尾 拓,25,54,7.02,3,0.10,1.53.2,2-3-1,2570,8,2-3,1150,4,1-2-3,280,1,2-3,610,3,,,,,,,
20250707,津,12,優勝戦,晴,南東,4,2,3,1,5020,宮 村 勇 哉,26,18,6.94,1,0.10,1.54.1,2-3-1,2570,8,2-3,1150,4,1-2-3,280,1,2-3,610,3,,,,,,,
20250707,津,12,優勝戦,晴,南東,4,2,4,5,4201,佐 竹 友 樹,19,50,6.82,5,0.12,1.55.4,2-3-1,2570,8,2-3,1150,4,1-2-3,280,1,2-3,610,3,,,,,,,
20250707,津,12,優勝戦,晴,南東,4,2,5,6,4689,豊 田 結,24,34,6.92,6,0.18,,2-3-1,2570,8,2-3,1150,4,1-2-3,280,1,2-3,610,3,,,,,,,
20250707,津,12,優勝戦,晴,南東,4,2,6,4,4578,藤 山 雅 弘,12,14,6.92,4,0.16,,2-3-1,2570,8,2-3,1150,4,1-2-3,280,1,2-3,610,3,,,,,,,
20250707,福岡,1,カタメン１一,晴,北,3,3,1,1,4288,永 田 啓 二,30,149,6.92,1,0.09,1.52.5,1-2-3,740,1,1-2,280,2,1-2-3,330,1,1-2,270,2,,,,,,,
20250707,福岡,1,カタメン１一,晴,北,3,3,2,2,5258,仲 本 舜,35,144,6.94,2,0.09,1.54.0,1-2-3,740,1,1-2,280,2,1-2-3,330,1,1-2,270,2,,,,,,,
20250707,福岡,1,カタメン１一,晴,北,3,3,3,3,5244,黒 田 剛,33,103,6.87,3,0.09,1.55.1,1-2-3,740,1,1-2,280,2,1-2-3,330,1,1-2,270,2,,,,,,,
20250707,福岡,1,カタメン１一,晴,北,3,3,4,4,5338,香 月 大 輝,70,150,6.87,4,0.23,1.56.1,1-2-3,740,1,1-2,280,2,1-2-3,330,1,1-2,270,2,,,,,,,
20250707,福岡,1,カタメン１一,晴,北,3,3,5,5,5274,城 間 盛 渚,75,165,6.90,5,0.33,,1-2-3,740,1,1-2,280,2,1-2-3,330,1,1-2,270,2,,,,,,,
20250707,福岡,1,カタメン１一,晴,北,3,3,6,6,5392,安 武 一 也,68,174,6.88,6,0.36,,1-2-3,740,1,1-2,280,2,1-2-3,330,1,1-2,270,2,,,,,,,
20250707,福岡,2,一般戦,晴,北,3,3,1,3,5223,森 清 友 翔,17,129,6.91,3,0.14,1.51.9,3-1-2,4480,18,3-1,1110,5,1-2-3,870,3,1-3,430,3,,,,,,,
20250707,福岡,2,一般戦,晴,北,3,3,2,1,4697,國 弘 翔 平,59,114,6.91,1,0.19,1.53.9,3-1-2,4480,18,3-1,1110,5,1-2-3,870,3,1-3,430,3,,,,,,,
20250707,福岡,2,一般戦,晴,北,3,3,3,2,5101,表 健 太,62,148,6.93,2,0.21,1.55.5,3-1-2,4480,18,3-1,1110,5,1-2-3,870,3,1-3,430,3,,,,,,,
20250707,福岡,2,一般戦,晴,北,3,3,4,4,4506,稗 田 聖 也,52,131,7.01,4,0.09,1.56.0,3-1-2,4480,18,3-1,1110,5,1-2-3,870,3,1-3,430,3,,,,,,,
20250707,福岡,2,一般戦,晴,北,3,3,5,6,5409,宮 本 琉 正,55,155,6.98,6,0.25,,3-1-2,4480,18,3-1,1110,5,1-2-3,870,3,1-3,430,3,,,,,,,
20250707,福岡,2,一般戦,晴,北,3,3,6,5,5131,江 藤 敦 宏,15,163,6.92,5,0.11,,3-1-2,4480,18,3-1,1110,5,1-2-3,870,3,1-3,430,3,,,,,,,
20250707,福岡,3,カタメン３一,晴,北,3,3,1,1,5008,羽 野 諒,53,115,6.90,1,0.12,1.51.7,1-2-5,2280,7,1-2,360,2,1-2-5,1050,4,1-2,250,2,,,,,,,
20250707,福岡,3,カタメン３一,晴,北,3,3,2,2,5212,西 川 拓 利,14,147,6.92,2,0.11,1.53.1,1-2-5,2280,7,1-2,360,2,1-2-5,1050,4,1-2,250,2,,,,,,,
20250707,福岡,3,カタメン３一,晴,北,3,3,3,5,5107,松 本 真 広,66,125,6.88,5,0.12,1.54.2,1-2-5,2280,7,1-2,360,2,1-2-5,1050,4,1-2,250,2,,,,,,,
20250707,福岡,3,カタメン３一,晴,北,3,3,4,3,4588,田 中 京 介,58,126,6.90,3,0.20,1.54.5,1-2-5,2280,7,1-2,360,2,1-2-5,1050,4,1-2,250,2,,,,,,,
20250707,福岡,3,カタメン３一,晴,北,3,3,5,4,5337,出 畑 孝 成,41,134,6.91,4,0.20,,1-2-5,2280,7,1-2,360,2,1-2-5,1050,4,1-2,250,2,,,,,,,
20250707,福岡,3,カタメン３一,晴,北,3,3,6,6,5408,中 山 鷹 輔,71,112,6.94,6,0.20,,1-2-5,2280,7,1-2,360,2,1-2-5,1050,4,1-2,250,2,,,,,,,
20250707,福岡,4,一般戦,晴,北,3,3,1,1,5160,藤 森 陸 斗,67,116,6.91,1,0.05,1.51.9,1-2-4,810,2,1-2,290,1,1-2-4,510,2,1-2,160,1,,,,,,,
20250707,福岡,4,一般戦,晴,北,3,3,2,2,5009,大 賀 龍之介,50,127,6.91,2,0.04,1.53.5,1-2-4,810,2,1-2,290,1,1-2-4,510,2,1-2,160,1,,,,,,,
20250707,福岡,4,一般戦,晴,北,3,3,3,4,5022,伊 藤 尚 汰,57,172,6.90,4,0.06,1.54.2,1-2-4,810,2,1-2,290,1,1-2-4,510,2,1-2,160,1,,,,,,,
20250707,福岡,4,一般戦,晴,北,3,3,4,3,4638,小 林 遼 太,48,170,6.89,3,0.03,1.54.3,1-2-4,810,2,1-2,290,1,1-2-4,510,2,1-2,160,1,,,,,,,
20250707,福岡,4,一般戦,晴,北,3,3,5,5,5237,永 松 良 教,36,162,6.90,5,0.10,,1-2-4,810,2,1-2,290,1,1-2-4,510,2,1-2,160,1,,,,,,,
20250707,福岡,4,一般戦,晴,北,3,3,6,6,5271,杉 山 太 陽,20,166,6.93,6,0.19,,1-2-4,810,2,1-2,290,1,1-2-4,510,2,1-2,160,1,,,,,,,
20250707,福岡,5,一般戦,晴,北,3,3,1,2,4451,松 崎 祐太郎,31,111,6.95,2,0.18,1.52.3,2-4-5,11610,27,2-4,3300,8,2-4-5,2760,8,2-4,2970,6,,,,,,,
20250707,福岡,5,一般戦,晴,北,3,3,2,4,4487,三 原 司,47,117,6.89,4,0.18,1.53.1,2-4-5,11610,27,2-4,3300,8,2-4-5,2760,8,2-4,2970,6,,,,,,,
20250707,福岡,5,一般戦,晴,北,3,3,3,5,5338,香 月 大 輝,70,150,6.87,5,0.08,1.55.0,2-4-5,11610,27,2-4,3300,8,2-4-5,2760,8,2-4,2970,6,,,,,,,
20250707,福岡,5,一般戦,晴,北,3,3,4,3,5177,松 井 貫 太,11,118,6.83,3,0.18,1.56.2,2-4-5,11610,27,2-4,3300,8,2-4-5,2760,8,2-4,2970,6,,,,,,,
20250707,福岡,5,一般戦,晴,北,3,3,5,6,5240,高 橋 龍 治,37,152,7.00,6,0.21,,2-4-5,11610,27,2-4,3300,8,2-4-5,2760,8,2-4,2970,6,,,,,,,
20250707,福岡,5,一般戦,晴,北,3,3,6,1,4892,柴 田 直 哉,65,106,6.91,1,0.19,,2-4-5,11610,27,2-4,3300,8,2-4-5,2760,8,2-4,2970,6,,,,,,,
20250707,福岡,6,一般戦,晴,北西,3,3,1,1,4549,小 林 文 彦,22,132,6.94,1,0.17,1.52.6,1-3-2,1630,5,1-3,770,3,1-2-3,170,1,1-3,960,2,,,,,,,
20250707,福岡,6,一般戦,晴,北西,3,3,2,3,5274,城 間 盛 渚,75,165,6.99,3,0.16,1.53.2,1-3-2,1630,5,1-3,770,3,1-2-3,170,1,1-3,960,2,,,,,,,
20250707,福岡,6,一般戦,晴,北西,3,3,3,2,5012,加 倉 侑 征,16,109,6.96,2,0.13,1.55.2,1-3-2,1630,5,1-3,770,3,1-2-3,170,1,1-3,960,2,,,,,,,
20250707,福岡,6,一般戦,晴,北西,3,3,4,4,5223,森 清 友 翔,17,129,6.92,4,0.18,1.56.5,1-3-2,1630,5,1-3,770,3,1-2-3,170,1,1-3,960,2,,,,,,,
20250707,福岡,6,一般戦,晴,北西,3,3,5,5,5409,宮 本 琉 正,55,155,6.99,6,0.14,,1-3-2,1630,5,1-3,770,3,1-2-3,170,1,1-3,960,2,,,,,,,
20250707,福岡,6,一般戦,晴,北西,3,3,6,6,4753,森 照 夫,51,105,6.95,5,0.13,,1-3-2,1630,5,1-3,770,3,1-2-3,170,1,1-3,960,2,,,,,,,
20250707,福岡,7,一般戦,晴,北,3,3,1,1,4640,山ノ内 雅 人,21,107,6.93,1,0.22,1.52.9,1-3-4,540,3,1-3,260,1,1-3-4,350,2,1-3,240,1,,,,,,,
20250707,福岡,7,一般戦,晴,北,3,3,2,3,4697,國 弘 翔 平,59,114,6.94,3,0.20,1.53.8,1-3-4,540,3,1-3,260,1,1-3-4,350,2,1-3,240,1,,,,,,,
20250707,福岡,7,一般戦,晴,北,3,3,3,4,5244,黒 田 剛,33,103,6.94,4,0.24,1.55.4,1-3-4,540,3,1-3,260,1,1-3-4,350,2,1-3,240,1,,,,,,,
20250707,福岡,7,一般戦,晴,北,3,3,4,6,5337,出 畑 孝 成,41,134,6.93,5,0.26,1.57.2,1-3-4,540,3,1-3,260,1,1-3-4,350,2,1-3,240,1,,,,,,,
20250707,福岡,7,一般戦,晴,北,3,3,5,2,5131,江 藤 敦 宏,15,163,6.94,2,0.25,,1-3-4,540,3,1-3,260,1,1-3-4,350,2,1-3,240,1,,,,,,,
20250707,福岡,7,一般戦,晴,北,3,3,6,5,5408,中 山 鷹 輔,71,112,6.92,6,0.35,,1-3-4,540,3,1-3,260,1,1-3-4,350,2,1-3,240,1,,,,,,,
20250707,福岡,8,一般戦,晴,北西,3,3,1,1,5053,山 口 広 樹,32,153,6.85,1,0.13,1.51.9,1-4-2,1820,7,1-4,480,3,1-2-4,600,3,1-4,570,3,,,,,,,
20250707,福岡,8,一般戦,晴,北西,3,3,2,4,4638,小 林 遼 太,48,170,6.92,4,0.21,1.53.7,1-4-2,1820,7,1-4,480,3,1-2-4,600,3,1-4,570,3,,,,,,,
20250707,福岡,8,一般戦,晴,北西,3,3,3,2,5107,松 本 真 広,66,125,6.91,2,0.14,1.54.8,1-4-2,1820,7,1-4,480,3,1-2-4,600,3,1-4,570,3,,,,,,,
20250707,福岡,8,一般戦,晴,北西,3,3,4,3,5101,表 健 太,62,148,6.93,3,0.15,1.55.0,1-4-2,1820,7,1-4,480,3,1-2-4,600,3,1-4,570,3,,,,,,,
20250707,福岡,8,一般戦,晴,北西,3,3,5,6,4522,古 澤 光 紀,56,136,6.91,5,0.22,,1-4-2,1820,7,1-4,480,3,1-2-4,600,3,1-4,570,3,,,,,,,
20250707,福岡,8,一般戦,晴,北西,3,3,6,5,5392,安 武 一 也,68,174,6.89,6,0.41,,1-4-2,1820,7,1-4,480,3,1-2-4,600,3,1-4,570,3,,,,,,,
20250707,福岡,9,ペラ坊特選,晴,北,3,3,1,1,4487,三 原 司,47,117,6.93,1,0.09,1.51.9,1-2-4,520,1,1-2,350,1,1-2-4,430,2,1-2,260,1,,,,,,,
20250707,福岡,9,ペラ坊特選,晴,北,3,3,2,2,5237,永 松 良 教,36,162,6.93,2,0.07,1.53.3,1-2-4,520,1,1-2,350,1,1-2-4,430,2,1-2,260,1,,,,,,,
20250707,福岡,9,ペラ坊特選,晴,北,3,3,3,4,5212,西 川 拓 利,14,147,6.96,4,0.15,1.55.2,1-2-4,520,1,1-2,350,1,1-2-4,430,2,1-2,260,1,,,,,,,
20250707,福岡,9,ペラ坊特選,晴,北,3,3,4,6,5258,仲 本 舜,35,144,7.02,6,0.17,1.56.0,1-2-4,520,1,1-2,350,1,1-2-4,430,2,1-2,260,1,,,,,,,
20250707,福岡,9,ペラ坊特選,晴,北,3,3,5,3,5022,伊 藤 尚 汰,57,172,6.91,3,0.12,,1-2-4,520,1,1-2,350,1,1-2-4,430,2,1-2,260,1,,,,,,,
20250707,福岡,9,ペラ坊特選,晴,北,3,3,6,5,5177,松 井 貫 太,11,118,6.90,5,0.16,,1-2-4,520,1,1-2,350,1,1-2-4,430,2,1-2,260,1,,,,,,,
20250707,福岡,10,選抜戦,晴,北,3,3,1,5,5012,加 倉 侑 征,16,109,6.97,5,0.10,1.51.8,5-6-2,114700,97,5-6,23380,23,2-5-6,16270,19,5-6,13570,15,,,,,,,
20250707,福岡,10,選抜戦,晴,北,3,3,2,6,4588,田 中 京 介,58,126,6.98,6,0.17,1.53.5,5-6-2,114700,97,5-6,23380,23,2-5-6,16270,19,5-6,13570,15,,,,,,,
20250707,福岡,10,選抜戦,晴,北,3,3,3,2,5160,藤 森 陸 斗,67,116,6.90,2,0.18,1.54.8,5-6-2,114700,97,5-6,23380,23,2-5-6,16270,19,5-6,13570,15,,,,,,,
20250707,福岡,10,選抜戦,晴,北,3,3,4,4,4288,永 田 啓 二,30,149,6.98,4,0.10,1.56.3,5-6-2,114700,97,5-6,23380,23,2-5-6,16270,19,5-6,13570,15,,,,,,,
20250707,福岡,10,選抜戦,晴,北,3,3,5,3,4892,柴 田 直 哉,65,106,6.88,3,0.16,,5-6-2,114700,97,5-6,23380,23,2-5-6,16270,19,5-6,13570,15,,,,,,,
20250707,福岡,10,選抜戦,晴,北,3,3,6,1,4506,稗 田 聖 也,52,131,6.92,1,0.13,,5-6-2,114700,97,5-6,23380,23,2-5-6,16270,19,5-6,13570,15,,,,,,,
20250707,福岡,11,選抜戦,晴,北,2,2,1,1,4451,松 崎 祐太郎,31,111,6.98,1,0.16,1.51.9,1-2-4,760,2,1-2,220,1,1-2-4,330,1,1-2,180,1,,,,,,,
20250707,福岡,11,選抜戦,晴,北,2,2,2,2,5053,山 口 広 樹,32,153,6.96,2,0.15,1.53.3,1-2-4,760,2,1-2,220,1,1-2-4,330,1,1-2,180,1,,,,,,,
20250707,福岡,11,選抜戦,晴,北,2,2,3,4,4640,山ノ内 雅 人,21,107,6.93,4,0.16,1.54.4,1-2-4,760,2,1-2,220,1,1-2-4,330,1,1-2,180,1,,,,,,,
20250707,福岡,11,選抜戦,晴,北,2,2,4,6,4549,小 林 文 彦,22,132,7.00,6,0.17,1.56.4,1-2-4,760,2,1-2,220,1,1-2-4,330,1,1-2,180,1,,,,,,,
20250707,福岡,11,選抜戦,晴,北,2,2,5,3,5008,羽 野 諒,53,115,6.91,3,0.17,,1-2-4,760,2,1-2,220,1,1-2-4,330,1,1-2,180,1,,,,,,,
20250707,福岡,11,選抜戦,晴,北,2,2,6,5,5009,大 賀 龍之介,50,127,7.00,5,0.14,,1-2-4,760,2,1-2,220,1,1-2-4,330,1,1-2,180,1,,,,,,,
20250707,福岡,12,優勝戦,晴,北,3,3,1,3,4545,岡 村 慶 太,42,156,6.95,3,0.02,1.51.3,3-4-5,930,4,3-4,640,2,3-4-5,280,3,3-4,480,3,,,,,,,
20250707,福岡,12,優勝戦,晴,北,3,3,2,4,4551,三 川 昂 暁,34,121,6.95,4,0.14,1.52.7,3-4-5,930,4,3-4,640,2,3-4-5,280,3,3-4,480,3,,,,,,,
20250707,福岡,12,優勝戦,晴,北,3,3,3,5,5092,篠 原 晟 弥,73,164,6.99,5,0.12,1.55.0,3-4-5,930,4,3-4,640,2,3-4-5,280,3,3-4,480,3,,,,,,,
20250707,福岡,12,優勝戦,晴,北,3,3,4,2,5276,大 島 隆乃介,27,173,6.92,2,0.06,1.55.7,3-4-5,930,4,3-4,640,2,3-4-5,280,3,3-4,480,3,,,,,,,
20250707,福岡,12,優勝戦,晴,北,3,3,F,1,4351,里 岡 右 貴,28,171,6.97,1,F0.03,,3-4-5,930,4,3-4,640,2,3-4-5,280,3,3-4,480,3,,,,,,,
20250707,福岡,12,優勝戦,晴,北,3,3,F,6,4632,長 尾 京志郎,54,167,6.91,6,F0.04,,3-4-5,930,4,3-4,640,2,3-4-5,280,3,3-4,480,3,,,,,,,
20250707,若松,1,予選,晴,北,1,1,1,1,3434,松 尾 宣 邦,11,66,6.95,1,0.11,1.52.4,1-6-2,5060,16,1-6,1600,6,1-2-6,1090,6,1-6,510,4,,,,,,,
20250707,若松,1,予選,晴,北,1,1,2,6,4022,待 鳥 雄 紀,42,70,6.88,6,0.06,1.52.8,1-6-2,5060,16,1-6,1600,6,1-2-6,1090,6,1-6,510,4,,,,,,,
20250707,若松,1,予選,晴,北,1,1,3,2,3832,下 田 哲 也,20,63,6.93,2,0.11,1.54.4,1-6-2,5060,16,1-6,1600,6,1-2-6,1090,6,1-6,510,4,,,,,,,
20250707,若松,1,予選,晴,北,1,1,4,5,3866,木 山 誠 一,35,61,6.92,5,0.06,1.55.9,1-6-2,5060,16,1-6,1600,6,1-2-6,1090,6,1-6,510,4,,,,,,,
20250707,若松,1,予選,晴,北,1,1,5,4,3454,井 川 大 作,46,33,6.94,4,0.04,,1-6-2,5060,16,1-6,1600,6,1-2-6,1090,6,1-6,510,4,,,,,,,
20250707,若松,1,予選,晴,北,1,1,6,3,3615,横 田 茂,24,17,6.88,3,0.08,,1-6-2,5060,16,1-6,1600,6,1-2-6,1090,6,1-6,510,4,,,,,,,
20250707,若松,2,予選,晴,北西,2,2,1,5,4092,岡 部 大 輔,33,58,6.92,5,0.12,1.52.5,5-4-3,9330,43,5-4,1680,8,3-4-5,970,5,4-5,450,2,,,,,,,
20250707,若松,2,予選,晴,北西,2,2,2,4,4079,出 畑 孝 典,21,36,6.86,4,0.11,1.53.3,5-4-3,9330,43,5-4,1680,8,3-4-5,970,5,4-5,450,2,,,,,,,
20250707,若松,2,予選,晴,北西,2,2,3,3,5303,土 井 歩 夢,13,46,6.92,3,0.15,1.54.7,5-4-3,9330,43,5-4,1680,8,3-4-5,970,5,4-5,450,2,,,,,,,
20250707,若松,2,予選,晴,北西,2,2,4,2,3718,伊 達 正 利,60,29,6.91,2,0.21,1.55.9,5-4-3,9330,43,5-4,1680,8,3-4-5,970,5,4-5,450,2,,,,,,,
20250707,若松,2,予選,晴,北西,2,2,5,1,3463,乙 津 康 志,50,23,6.90,1,0.28,,5-4-3,9330,43,5-4,1680,8,3-4-5,970,5,4-5,450,2,,,,,,,
20250707,若松,2,予選,晴,北西,2,2,6,6,4111,奥 田 誠,62,75,7.00,6,0.23,,5-4-3,9330,43,5-4,1680,8,3-4-5,970,5,4-5,450,2,,,,,,,
20250707,若松,3,予選,晴,北,2,2,1,3,4958,溝 口 海義也,54,45,6.88,3,0.14,1.53.0,3-2-6,3270,12,3-2,720,3,2-3-6,1280,4,2-3,210,1,,,,,,,
20250707,若松,3,予選,晴,北,2,2,2,2,3442,宮 武 英 司,36,16,6.87,2,0.12,1.53.9,3-2-6,3270,12,3-2,720,3,2-3-6,1280,4,2-3,210,1,,,,,,,
20250707,若松,3,予選,晴,北,2,2,3,6,3340,池 田 雷 太,61,64,6.93,6,0.19,1.55.2,3-2-6,3270,12,3-2,720,3,2-3-6,1280,4,2-3,210,1,,,,,,,
20250707,若松,3,予選,晴,北,2,2,4,1,3471,赤 峰 和 也,58,49,6.93,1,0.16,1.57.0,3-2-6,3270,12,3-2,720,3,2-3-6,1280,4,2-3,210,1,,,,,,,
20250707,若松,3,予選,晴,北,2,2,5,5,3430,角 浜 修,2,37,6.95,5,0.16,,3-2-6,3270,12,3-2,720,3,2-3-6,1280,4,2-3,210,1,,,,,,,
20250707,若松,3,予選,晴,北,2,2,6,4,3273,石 田 豪,59,67,6.94,4,0.14,,3-2-6,3270,12,3-2,720,3,2-3-6,1280,4,2-3,210,1,,,,,,,
20250707,若松,4,予選,晴,北,1,1,1,1,4495,森 晋太郎,52,11,6.96,1,0.04,1.51.8,1-3-4,1880,5,1-3,450,1,1-3-4,1050,5,1-3,290,2,,,,,,,
20250707,若松,4,予選,晴,北,1,1,2,3,3717,立 間 充 宏,55,40,6.96,3,0.08,1.53.6,1-3-4,1880,5,1-3,450,1,1-3-4,1050,5,1-3,290,2,,,,,,,
20250707,若松,4,予選,晴,北,1,1,3,4,3804,中 渡 修 作,31,54,6.96,4,0.08,1.54.9,1-3-4,1880,5,1-3,450,1,1-3-4,1050,5,1-3,290,2,,,,,,,
20250707,若松,4,予選,晴,北,1,1,4,2,3855,大 熊 辰 弥,8,18,7.00,2,0.16,1.56.9,1-3-4,1880,5,1-3,450,1,1-3-4,1050,5,1-3,290,2,,,,,,,
20250707,若松,4,予選,晴,北,1,1,5,5,3911,鈴 木 猛,39,34,7.01,5,0.14,,1-3-4,1880,5,1-3,450,1,1-3-4,1050,5,1-3,290,2,,,,,,,
20250707,若松,4,予選,晴,北,1,1,6,6,4042,丸 岡 正 典,7,24,6.96,6,0.21,,1-3-4,1880,5,1-3,450,1,1-3-4,1050,5,1-3,290,2,,,,,,,
20250707,若松,5,進入固定戦隊 進入固定,晴,北,2,2,1,1,3849,中 岡 正 彦,14,71,6.89,1,0.17,1.52.0,1-3-2,2290,6,1-3,1100,3,1-2-3,590,2,1-3,1210,4,,,,,,,
20250707,若松,5,進入固定戦隊 進入固定,晴,北,2,2,2,3,3305,小 野 信 樹,17,12,7.00,3,0.19,1.53.2,1-3-2,2290,6,1-3,1100,3,1-2-3,590,2,1-3,1210,4,,,,,,,
20250707,若松,5,進入固定戦隊 進入固定,晴,北,2,2,3,2,3826,村 田 修 次,28,25,6.95,2,0.17,1.54.2,1-3-2,2290,6,1-3,1100,3,1-2-3,590,2,1-3,1210,4,,,,,,,
20250707,若松,5,進入固定戦隊 進入固定,晴,北,2,2,4,4,4960,黒 野 元 基,9,74,6.95,4,0.21,1.54.7,1-3-2,2290,6,1-3,1100,3,1-2-3,590,2,1-3,1210,4,,,,,,,
20250707,若松,5,進入固定戦隊 進入固定,晴,北,2,2,5,5,4978,山 田 和 佐,22,59,7.00,5,0.28,,1-3-2,2290,6,1-3,1100,3,1-2-3,590,2,1-3,1210,4,,,,,,,
20250707,若松,5,進入固定戦隊 進入固定,晴,北,2,2,6,6,5372,上 岡 巧 汰,15,57,6.91,6,0.26,,1-3-2,2290,6,1-3,1100,3,1-2-3,590,2,1-3,1210,4,,,,,,,
20250707,若松,6,予選,晴,北,2,2,1,4,3951,石 川 吉 鎬,43,48,7.00,4,0.19,1.52.1,4-2-6,20450,42,4-2,2100,7,2-4-6,3910,8,2-4,670,3,,,,,,,
20250707,若松,6,予選,晴,北,2,2,2,2,4734,安河内 将,37,44,6.94,2,0.24,1.53.7,4-2-6,20450,42,4-2,2100,7,2-4-6,3910,8,2-4,670,3,,,,,,,
20250707,若松,6,予選,晴,北,2,2,3,6,3615,横 田 茂,24,17,6.91,6,0.17,1.55.0,4-2-6,20450,42,4-2,2100,7,2-4-6,3910,8,2-4,670,3,,,,,,,
20250707,若松,6,予選,晴,北,2,2,4,5,3286,坂 東 満,6,56,6.87,5,0.15,1.55.5,4-2-6,20450,42,4-2,2100,7,2-4-6,3910,8,2-4,670,3,,,,,,,
20250707,若松,6,予選,晴,北,2,2,5,1,3990,芹 澤 克 彦,10,42,6.89,1,0.23,,4-2-6,20450,42,4-2,2100,7,2-4-6,3910,8,2-4,670,3,,,,,,,
20250707,若松,6,予選,晴,北,2,2,6,3,4010,越 智 照 浩,56,21,6.94,3,0.25,,4-2-6,20450,42,4-2,2100,7,2-4-6,3910,8,2-4,670,3,,,,,,,
20250707,若松,7,予選特賞,晴,北西,2,2,1,1,3300,川 崎 智 幸,47,41,6.93,1,0.25,1.51.7,1-2-6,620,2,1-2,160,1,1-2-6,240,1,1-2,160,1,,,,,,,
20250707,若松,7,予選特賞,晴,北西,2,2,2,2,4296,岡 崎 恭 裕,18,30,6.91,2,0.27,1.53.2,1-2-6,620,2,1-2,160,1,1-2-6,240,1,1-2,160,1,,,,,,,
20250707,若松,7,予選特賞,晴,北西,2,2,3,6,4363,大 野 芳 顕,53,68,6.91,6,0.17,1.54.3,1-2-6,620,2,1-2,160,1,1-2-6,240,1,1-2,160,1,,,,,,,
20250707,若松,7,予選特賞,晴,北西,2,2,4,4,3461,渡 邊 哲 也,25,22,6.95,4,0.45,1.56.4,1-2-6,620,2,1-2,160,1,1-2-6,240,1,1-2,160,1,,,,,,,
20250707,若松,7,予選特賞,晴,北西,2,2,5,5,3463,乙 津 康 志,50,23,6.96,5,0.36,,1-2-6,620,2,1-2,160,1,1-2-6,240,1,1-2,160,1,,,,,,,
20250707,若松,7,予選特賞,晴,北西,2,2,6,3,3866,木 山 誠 一,35,61,6.94,3,0.16,,1-2-6,620,2,1-2,160,1,1-2-6,240,1,1-2,160,1,,,,,,,
20250707,若松,8,エイトビート,晴,北西,2,2,1,1,4124,池 田 雄 一,12,39,6.81,1,0.19,1.51.6,1-2-4,800,2,1-2,200,1,1-2-4,310,2,1-2,130,1,,,,,,,
20250707,若松,8,エイトビート,晴,北西,2,2,2,2,4650,中 山 雄 太,34,31,6.76,2,0.24,1.53.6,1-2-4,800,2,1-2,200,1,1-2-4,310,2,1-2,130,1,,,,,,,
20250707,若松,8,エイトビート,晴,北西,2,2,3,4,5303,土 井 歩 夢,13,46,6.88,4,0.20,1.53.8,1-2-4,800,2,1-2,200,1,1-2-4,310,2,1-2,130,1,,,,,,,
20250707,若松,8,エイトビート,晴,北西,2,2,4,5,3434,松 尾 宣 邦,11,66,6.86,5,0.21,1.54.9,1-2-4,800,2,1-2,200,1,1-2-4,310,2,1-2,130,1,,,,,,,
20250707,若松,8,エイトビート,晴,北西,2,2,5,3,4293,鈴 木 智 啓,38,51,6.91,3,0.21,,1-2-4,800,2,1-2,200,1,1-2-4,310,2,1-2,130,1,,,,,,,
20250707,若松,8,エイトビート,晴,北西,2,2,6,6,3273,石 田 豪,59,67,6.90,6,0.17,,1-2-4,800,2,1-2,200,1,1-2-4,310,2,1-2,130,1,,,,,,,
20250707,若松,9,予選,晴,北西,3,3,1,1,4679,植 田 太 一,30,43,6.78,1,0.16,1.52.2,1-5-6,4880,21,1-5,1450,5,1-5-6,2470,10,1-5,930,4,,,,,,,
20250707,若松,9,予選,晴,北西,3,3,2,5,4495,森 晋太郎,52,11,6.87,5,0.17,1.53.5,1-5-6,4880,21,1-5,1450,5,1-5-6,2470,10,1-5,930,4,,,,,,,
20250707,若松,9,予選,晴,北西,3,3,3,6,3442,宮 武 英 司,36,16,6.86,6,0.17,1.54.6,1-5-6,4880,21,1-5,1450,5,1-5-6,2470,10,1-5,930,4,,,,,,,
20250707,若松,9,予選,晴,北西,3,3,4,2,4111,奥 田 誠,62,75,6.94,2,0.18,1.56.3,1-5-6,4880,21,1-5,1450,5,1-5-6,2470,10,1-5,930,4,,,,,,,
20250707,若松,9,予選,晴,北西,3,3,5,4,4083,福 島 勇 樹,19,69,6.89,4,0.16,,1-5-6,4880,21,1-5,1450,5,1-5-6,2470,10,1-5,930,4,,,,,,,
20250707,若松,9,予選,晴,北西,3,3,6,3,3454,井 川 大 作,46,33,6.92,3,0.16,,1-5-6,4880,21,1-5,1450,5,1-5-6,2470,10,1-5,930,4,,,,,,,
20250707,若松,10,予選特賞,晴,北西,2,2,1,2,4022,待 鳥 雄 紀,42,70,6.88,2,0.18,1.52.2,2-1-3,1320,4,2-1,660,3,1-2-3,250,1,1-2,200,1,,,,,,,
20250707,若松,10,予選特賞,晴,北西,2,2,2,1,3951,石 川 吉 鎬,43,48,6.97,1,0.21,1.53.1,2-1-3,1320,4,2-1,660,3,1-2-3,250,1,1-2,200,1,,,,,,,
20250707,若松,10,予選特賞,晴,北西,2,2,3,3,4960,黒 野 元 基,9,74,6.92,3,0.25,1.53.9,2-1-3,1320,4,2-1,660,3,1-2-3,250,1,1-2,200,1,,,,,,,
20250707,若松,10,予選特賞,晴,北西,2,2,4,6,3717,立 間 充 宏,55,40,6.90,6,0.21,1.56.0,2-1-3,1320,4,2-1,660,3,1-2-3,250,1,1-2,200,1,,,,,,,
20250707,若松,10,予選特賞,晴,北西,2,2,5,4,3471,赤 峰 和 也,58,49,6.94,4,0.26,,2-1-3,1320,4,2-1,660,3,1-2-3,250,1,1-2,200,1,,,,,,,
20250707,若松,10,予選特賞,晴,北西,2,2,6,5,3718,伊 達 正 利,60,29,6.92,5,0.24,,2-1-3,1320,4,2-1,660,3,1-2-3,250,1,1-2,200,1,,,,,,,
20250707,若松,11,予選特選,晴,北西,2,2,1,3,3286,坂 東 満,6,56,6.86,3,0.16,1.51.1,3-4-6,4780,18,3-4,2510,11,3-4-6,2200,8,3-4,1770,4,,,,,,,
20250707,若松,11,予選特選,晴,北西,2,2,2,4,3300,川 崎 智 幸,47,41,6.90,4,0.17,1.52.3,3-4-6,4780,18,3-4,2510,11,3-4-6,2200,8,3-4,1770,4,,,,,,,
20250707,若松,11,予選特選,晴,北西,2,2,3,6,3826,村 田 修 次,28,25,6.91,6,0.17,1.54.2,3-4-6,4780,18,3-4,2510,11,3-4-6,2200,8,3-4,1770,4,,,,,,,
20250707,若松,11,予選特選,晴,北西,2,2,4,1,4079,出 畑 孝 典,21,36,6.90,1,0.24,1.55.4,3-4-6,4780,18,3-4,2510,11,3-4-6,2200,8,3-4,1770,4,,,,,,,
20250707,若松,11,予選特選,晴,北西,2,2,5,5,3832,下 田 哲 也,20,63,6.91,5,0.18,,3-4-6,4780,18,3-4,2510,11,3-4-6,2200,8,3-4,1770,4,,,,,,,
20250707,若松,11,予選特選,晴,北西,2,2,6,2,3340,池 田 雷 太,61,64,6.93,2,0.26,,3-4-6,4780,18,3-4,2510,11,3-4-6,2200,8,3-4,1770,4,,,,,,,
20250707,若松,12,ドリーム戦,晴,北西,2,2,1,2,3849,中 岡 正 彦,14,71,6.85,3,0.08,1.52.2,2-5-1,15460,44,2-5,5440,14,1-2-5,1020,6,2-5,3360,10,,,,,,,
20250707,若松,12,ドリーム戦,晴,北西,2,2,2,5,4734,安河内 将,37,44,6.92,5,0.22,1.53.5,2-5-1,15460,44,2-5,5440,14,1-2-5,1020,6,2-5,3360,10,,,,,,,
20250707,若松,12,ドリーム戦,晴,北西,2,2,3,1,4296,岡 崎 恭 裕,18,30,6.83,1,0.25,1.54.6,2-5-1,15460,44,2-5,5440,14,1-2-5,1020,6,2-5,3360,10,,,,,,,
20250707,若松,12,ドリーム戦,晴,北西,2,2,4,6,4958,溝 口 海義也,54,45,6.90,6,0.23,1.55.4,2-5-1,15460,44,2-5,5440,14,1-2-5,1020,6,2-5,3360,10,,,,,,,
20250707,若松,12,ドリーム戦,晴,北西,2,2,5,3,4042,丸 岡 正 典,7,24,6.88,2,0.18,,2-5-1,15460,44,2-5,5440,14,1-2-5,1020,6,2-5,3360,10,,,,,,,
20250707,若松,12,ドリーム戦,晴,北西,2,2,6,4,4124,池 田 雄 一,12,39,6.86,4,0.13,,2-5-1,15460,44,2-5,5440,14,1-2-5,1020,6,2-5,3360,10,,,,,,,
