date,venue_name,race_no,race_type,weather,wind_dir,wind_ms,wave_cm,rank,waku,reg_no,name,motor_no,boat_no,exhibition_time,course_enter,st_timing,race_time,won3,won3_pay,won3_pop,won2,won2_pay,won2_pop,trio,trio_pay,trio_pop,pair,pair_pay,pair_pop,lap_time,turn_time,straight_time,lap_rank,turn_rank,straight_rank,exhibition_eval
20250418,三国,1,みくにあさイ,曇り,南東,2,2,1,1,4614,石 倉 洋 行,15,37,6.80,1,0.16,1.50.3,1-3-6,1830,7,1-3,230,1,1-3-6,1110,6,1-3,250,1,,,,,,,
20250418,三国,1,みくにあさイ,曇り,南東,2,2,2,3,4623,中 北 将 史,66,67,6.81,3,0.17,1.52.1,1-3-6,1830,7,1-3,230,1,1-3-6,1110,6,1-3,250,1,,,,,,,
20250418,三国,1,みくにあさイ,曇り,南東,2,2,3,6,5045,平 川 香 織,61,26,6.82,6,0.20,1.53.4,1-3-6,1830,7,1-3,230,1,1-3-6,1110,6,1-3,250,1,,,,,,,
20250418,三国,1,みくにあさイ,曇り,南東,2,2,4,5,3406,中 里 英 夫,43,32,6.81,5,0.17,1.53.8,1-3-6,1830,7,1-3,230,1,1-3-6,1110,6,1-3,250,1,,,,,,,
20250418,三国,1,みくにあさイ,曇り,南東,2,2,5,4,3392,小 森 信 雄,11,12,6.77,4,0.18,,1-3-6,1830,7,1-3,230,1,1-3-6,1110,6,1-3,250,1,,,,,,,
20250418,三国,1,みくにあさイ,曇り,南東,2,2,6,2,5007,近 藤 雄一郎,69,61,6.83,2,0.19,,1-3-6,1830,7,1-3,230,1,1-3-6,1110,6,1-3,250,1,,,,,,,
20250418,三国,2,みくにあさガ,曇り,南東,3,3,1,1,5146,野 田 彩 加,50,49,6.74,1,0.19,1.51.3,1-4-5,8610,26,1-4,1500,7,1-4-5,2550,9,1-4,2100,5,,,,,,,
20250418,三国,2,みくにあさガ,曇り,南東,3,3,2,4,3889,須 藤 隆 雄,25,57,6.82,4,0.20,1.52.7,1-4-5,8610,26,1-4,1500,7,1-4-5,2550,9,1-4,2100,5,,,,,,,
20250418,三国,2,みくにあさガ,曇り,南東,3,3,3,5,3602,奥 平 拓 也,20,15,6.87,5,0.21,1.54.0,1-4-5,8610,26,1-4,1500,7,1-4-5,2550,9,1-4,2100,5,,,,,,,
20250418,三国,2,みくにあさガ,曇り,南東,3,3,4,3,4705,吉 川 勇 作,19,11,6.84,3,0.28,1.55.2,1-4-5,8610,26,1-4,1500,7,1-4-5,2550,9,1-4,2100,5,,,,,,,
20250418,三国,2,みくにあさガ,曇り,南東,3,3,5,6,5198,奥 村 明日香,44,34,6.75,6,0.23,,1-4-5,8610,26,1-4,1500,7,1-4-5,2550,9,1-4,2100,5,,,,,,,
20250418,三国,2,みくにあさガ,曇り,南東,3,3,6,2,5005,石 田 貴 洋,34,59,6.82,2,0.20,,1-4-5,8610,26,1-4,1500,7,1-4-5,2550,9,1-4,2100,5,,,,,,,
20250418,三国,3,みくにあさズ,曇り,南東,3,3,1,1,4142,平 野 和 明,60,54,6.65,1,0.22,1.49.9,1-3-2,580,1,1-3,250,1,1-2-3,250,1,1-3,130,1,,,,,,,
20250418,三国,3,みくにあさズ,曇り,南東,3,3,2,3,3719,辻 栄 蔵,55,28,6.67,3,0.23,1.51.4,1-3-2,580,1,1-3,250,1,1-2-3,250,1,1-3,130,1,,,,,,,
20250418,三国,3,みくにあさズ,曇り,南東,3,3,3,2,4683,向井田 直 弥,27,56,6.75,2,0.22,1.53.1,1-3-2,580,1,1-3,250,1,1-2-3,250,1,1-3,130,1,,,,,,,
20250418,三国,3,みくにあさズ,曇り,南東,3,3,4,6,5247,大 森 翼,59,45,6.69,6,0.12,1.54.2,1-3-2,580,1,1-3,250,1,1-2-3,250,1,1-3,130,1,,,,,,,
20250418,三国,3,みくにあさズ,曇り,南東,3,3,5,5,5183,中 野 孝 二,22,48,6.75,5,0.13,,1-3-2,580,1,1-3,250,1,1-2-3,250,1,1-3,130,1,,,,,,,
20250418,三国,3,みくにあさズ,曇り,南東,3,3,6,4,3809,吉 田 光,64,50,6.65,4,0.15,,1-3-2,580,1,1-3,250,1,1-2-3,250,1,1-3,130,1,,,,,,,
20250418,三国,4,みくにあさ推,曇り,南東,4,4,1,4,4315,山 崎 昂 介,21,22,6.71,4,0.19,1.50.1,4-1-5,7150,21,4-1,4290,12,1-4-5,360,2,1-4,740,3,,,,,,,
20250418,三国,4,みくにあさ推,曇り,南東,4,4,2,1,4109,谷 津 幸 宏,35,64,6.79,1,0.21,1.51.4,4-1-5,7150,21,4-1,4290,12,1-4-5,360,2,1-4,740,3,,,,,,,
20250418,三国,4,みくにあさ推,曇り,南東,4,4,3,5,4630,岩 永 雅 人,13,52,6.60,5,0.16,1.53.5,4-1-5,7150,21,4-1,4290,12,1-4-5,360,2,1-4,740,3,,,,,,,
20250418,三国,4,みくにあさ推,曇り,南東,4,4,4,2,4094,中 島 真 二,46,51,6.75,2,0.26,1.54.9,4-1-5,7150,21,4-1,4290,12,1-4-5,360,2,1-4,740,3,,,,,,,
20250418,三国,4,みくにあさ推,曇り,南東,4,4,5,3,4896,花 本 剛,67,29,6.77,3,0.33,,4-1-5,7150,21,4-1,4290,12,1-4-5,360,2,1-4,740,3,,,,,,,
20250418,三国,4,みくにあさ推,曇り,南東,4,4,6,6,3704,本 部 めぐみ,16,27,6.79,6,0.24,,4-1-5,7150,21,4-1,4290,12,1-4-5,360,2,1-4,740,3,,,,,,,
20250418,三国,5,一般,曇り,南東,2,2,1,3,4711,前 出 達 吉,36,13,6.76,3,0.09,1.51.0,3-5-4,23760,47,3-5,6870,16,3-4-5,1540,7,3-5,5640,10,,,,,,,
20250418,三国,5,一般,曇り,南東,2,2,2,5,5007,近 藤 雄一郎,69,61,6.93,5,0.08,1.52.0,3-5-4,23760,47,3-5,6870,16,3-4-5,1540,7,3-5,5640,10,,,,,,,
20250418,三国,5,一般,曇り,南東,2,2,3,4,4007,榮 田 将 彦,18,58,6.76,4,0.04,1.53.5,3-5-4,23760,47,3-5,6870,16,3-4-5,1540,7,3-5,5640,10,,,,,,,
20250418,三国,5,一般,曇り,南東,2,2,4,2,3912,川 原 正 明,38,63,6.75,2,0.07,1.53.7,3-5-4,23760,47,3-5,6870,16,3-4-5,1540,7,3-5,5640,10,,,,,,,
20250418,三国,5,一般,曇り,南東,2,2,5,6,4640,山ノ内 雅 人,51,36,6.80,6,0.11,,3-5-4,23760,47,3-5,6870,16,3-4-5,1540,7,3-5,5640,10,,,,,,,
20250418,三国,5,一般,曇り,南東,2,2,F,1,4803,飯 田 庄 吾,68,38,6.77,1,F0.01,,3-5-4,23760,47,3-5,6870,16,3-4-5,1540,7,3-5,5640,10,,,,,,,
20250418,三国,6,一般,曇り,南東,4,4,1,1,3892,草 場 康 幸,57,70,6.74,1,0.12,1.50.4,1-3-6,6140,25,1-3,940,4,1-3-6,3050,13,1-3,860,4,,,,,,,
20250418,三国,6,一般,曇り,南東,4,4,2,3,3392,小 森 信 雄,11,12,6.75,3,0.16,1.51.8,1-3-6,6140,25,1-3,940,4,1-3-6,3050,13,1-3,860,4,,,,,,,
20250418,三国,6,一般,曇り,南東,4,4,3,6,3635,石 田 政 吾,14,21,6.73,6,0.21,1.52.9,1-3-6,6140,25,1-3,940,4,1-3-6,3050,13,1-3,860,4,,,,,,,
20250418,三国,6,一般,曇り,南東,4,4,4,2,3602,奥 平 拓 也,20,15,6.81,2,0.13,1.53.7,1-3-6,6140,25,1-3,940,4,1-3-6,3050,13,1-3,860,4,,,,,,,
20250418,三国,6,一般,曇り,南東,4,4,5,4,4419,原 加央理,37,55,6.79,4,0.21,,1-3-6,6140,25,1-3,940,4,1-3-6,3050,13,1-3,860,4,,,,,,,
20250418,三国,6,一般,曇り,南東,4,4,6,5,3745,橋 本 年 光,47,23,6.75,5,0.21,,1-3-6,6140,25,1-3,940,4,1-3-6,3050,13,1-3,860,4,,,,,,,
20250418,三国,7,一般,曇り,南東,4,4,1,1,3692,竹 腰 正 樹,31,25,6.73,1,0.22,1.51.3,1-4-6,3470,14,1-4,690,3,1-4-6,1900,10,1-4,700,3,,,,,,,
20250418,三国,7,一般,曇り,南東,4,4,2,4,5247,大 森 翼,59,45,6.77,4,0.15,1.52.1,1-4-6,3470,14,1-4,690,3,1-4-6,1900,10,1-4,700,3,,,,,,,
20250418,三国,7,一般,曇り,南東,4,4,3,6,3352,小 川 晃 司,63,33,6.89,6,0.16,1.53.5,1-4-6,3470,14,1-4,690,3,1-4-6,1900,10,1-4,700,3,,,,,,,
20250418,三国,7,一般,曇り,南東,4,4,4,3,5045,平 川 香 織,61,26,6.80,3,0.26,1.54.3,1-4-6,3470,14,1-4,690,3,1-4-6,1900,10,1-4,700,3,,,,,,,
20250418,三国,7,一般,曇り,南東,4,4,5,5,4623,中 北 将 史,66,67,6.80,5,0.14,,1-4-6,3470,14,1-4,690,3,1-4-6,1900,10,1-4,700,3,,,,,,,
20250418,三国,7,一般,曇り,南東,4,4,6,2,3889,須 藤 隆 雄,25,57,6.79,2,0.21,,1-4-6,3470,14,1-4,690,3,1-4-6,1900,10,1-4,700,3,,,,,,,
20250418,三国,8,一般,曇り,南東,8,8,1,1,4705,吉 川 勇 作,19,11,6.77,1,0.17,1.56.1,1-3-2,1540,5,1-3,430,2,1-2-3,640,3,1-3,500,2,,,,,,,
20250418,三国,8,一般,曇り,南東,8,8,2,3,4315,山 崎 昂 介,21,22,6.77,3,0.13,1.58.4,1-3-2,1540,5,1-3,430,2,1-2-3,640,3,1-3,500,2,,,,,,,
20250418,三国,8,一般,曇り,南東,8,8,3,2,3809,吉 田 光,64,50,6.76,2,0.16,1.59.3,1-3-2,1540,5,1-3,430,2,1-2-3,640,3,1-3,500,2,,,,,,,
20250418,三国,8,一般,曇り,南東,8,8,4,6,4896,花 本 剛,67,29,6.74,6,0.22,2.03.2,1-3-2,1540,5,1-3,430,2,1-2-3,640,3,1-3,500,2,,,,,,,
20250418,三国,8,一般,曇り,南東,8,8,5,5,4045,佐々木 裕 美,28,14,6.76,5,0.16,,1-3-2,1540,5,1-3,430,2,1-2-3,640,3,1-3,500,2,,,,,,,
20250418,三国,8,一般,曇り,南東,8,8,S1,4,4683,向井田 直 弥,27,56,6.74,4,0.14,,1-3-2,1540,5,1-3,430,2,1-2-3,640,3,1-3,500,2,,,,,,,
20250418,三国,9,一般特選,曇り,南東,4,4,1,1,4640,山ノ内 雅 人,51,36,6.75,1,0.19,1.50.8,1-2-3,480,1,1-2,200,1,1-2-3,270,1,1-2,180,1,,,,,,,
20250418,三国,9,一般特選,曇り,南東,4,4,2,2,3406,中 里 英 夫,43,32,6.63,2,0.24,1.51.6,1-2-3,480,1,1-2,200,1,1-2-3,270,1,1-2,180,1,,,,,,,
20250418,三国,9,一般特選,曇り,南東,4,4,3,3,5183,中 野 孝 二,22,48,6.79,3,0.19,1.54.2,1-2-3,480,1,1-2,200,1,1-2-3,270,1,1-2,180,1,,,,,,,
20250418,三国,9,一般特選,曇り,南東,4,4,4,5,4094,中 島 真 二,46,51,6.75,5,0.26,1.54.8,1-2-3,480,1,1-2,200,1,1-2-3,270,1,1-2,180,1,,,,,,,
20250418,三国,9,一般特選,曇り,南東,4,4,5,6,5146,野 田 彩 加,50,49,6.71,6,0.21,,1-2-3,480,1,1-2,200,1,1-2-3,270,1,1-2,180,1,,,,,,,
20250418,三国,9,一般特選,曇り,南東,4,4,6,4,3704,本 部 めぐみ,16,27,6.73,4,0.29,,1-2-3,480,1,1-2,200,1,1-2-3,270,1,1-2,180,1,,,,,,,
20250418,三国,10,選抜戦,曇り,南東,5,5,1,6,4614,石 倉 洋 行,15,37,6.75,5,0.09,1.49.5,6-4-2,52410,92,6-4,9440,23,2-4-6,3440,11,4-6,3750,9,,,,,,,
20250418,三国,10,選抜戦,曇り,南東,5,5,2,4,4711,前 出 達 吉,36,13,6.80,4,0.07,1.52.2,6-4-2,52410,92,6-4,9440,23,2-4-6,3440,11,4-6,3750,9,,,,,,,
20250418,三国,10,選抜戦,曇り,南東,5,5,3,2,4142,平 野 和 明,60,54,6.81,2,0.16,1.53.2,6-4-2,52410,92,6-4,9440,23,2-4-6,3440,11,4-6,3750,9,,,,,,,
20250418,三国,10,選抜戦,曇り,南東,5,5,4,1,3745,橋 本 年 光,47,23,6.75,1,0.15,1.53.9,6-4-2,52410,92,6-4,9440,23,2-4-6,3440,11,4-6,3750,9,,,,,,,
20250418,三国,10,選抜戦,曇り,南東,5,5,5,3,4007,榮 田 将 彦,18,58,6.78,3,0.16,,6-4-2,52410,92,6-4,9440,23,2-4-6,3440,11,4-6,3750,9,,,,,,,
20250418,三国,10,選抜戦,曇り,南東,5,5,6,5,5005,石 田 貴 洋,34,59,6.82,6,0.11,,6-4-2,52410,92,6-4,9440,23,2-4-6,3440,11,4-6,3750,9,,,,,,,
20250418,三国,11,選抜戦,晴,南東,3,3,1,1,3719,辻 栄 蔵,55,28,6.67,1,0.13,1.50.1,1-3-2,1230,4,1-3,590,2,1-2-3,330,2,1-3,540,3,,,,,,,
20250418,三国,11,選抜戦,晴,南東,3,3,2,3,4419,原 加央理,37,55,6.74,3,0.18,1.51.4,1-3-2,1230,4,1-3,590,2,1-2-3,330,2,1-3,540,3,,,,,,,
20250418,三国,11,選抜戦,晴,南東,3,3,3,2,4109,谷 津 幸 宏,35,64,6.76,2,0.15,1.52.8,1-3-2,1230,4,1-3,590,2,1-2-3,330,2,1-3,540,3,,,,,,,
20250418,三国,11,選抜戦,晴,南東,3,3,4,5,3892,草 場 康 幸,57,70,6.75,5,0.14,1.54.3,1-3-2,1230,4,1-3,590,2,1-2-3,330,2,1-3,540,3,,,,,,,
20250418,三国,11,選抜戦,晴,南東,3,3,5,6,3912,川 原 正 明,38,63,6.76,6,0.13,,1-3-2,1230,4,1-3,590,2,1-2-3,330,2,1-3,540,3,,,,,,,
20250418,三国,11,選抜戦,晴,南東,3,3,6,4,3692,竹 腰 正 樹,31,25,6.72,4,0.08,,1-3-2,1230,4,1-3,590,2,1-2-3,330,2,1-3,540,3,,,,,,,
20250418,三国,12,優勝戦,晴,南東,3,3,1,3,4172,森 定 晃 史,41,62,6.75,3,0.08,1.50.3,3-1-4,5710,18,3-1,1510,5,1-3-4,530,2,1-3,190,1,,,,,,,
20250418,三国,12,優勝戦,晴,南東,3,3,2,1,4566,塩 田 北 斗,32,30,6.78,1,0.10,1.52.1,3-1-4,5710,18,3-1,1510,5,1-3-4,530,2,1-3,190,1,,,,,,,
20250418,三国,12,優勝戦,晴,南東,3,3,3,4,4526,池 田 雄 祐,58,60,6.72,4,0.11,1.52.5,3-1-4,5710,18,3-1,1510,5,1-3-4,530,2,1-3,190,1,,,,,,,
20250418,三国,12,優勝戦,晴,南東,3,3,4,6,4033,伊 藤 将 吉,53,72,6.67,6,0.12,1.54.1,3-1-4,5710,18,3-1,1510,5,1-3-4,530,2,1-3,190,1,,,,,,,
20250418,三国,12,優勝戦,晴,南東,3,3,5,5,4069,山 本 修 一,48,43,6.81,5,0.16,,3-1-4,5710,18,3-1,1510,5,1-3-4,530,2,1-3,190,1,,,,,,,
20250418,三国,12,優勝戦,晴,南東,3,3,6,2,4384,鶴 本 崇 文,40,39,6.76,2,0.09,,3-1-4,5710,18,3-1,1510,5,1-3-4,530,2,1-3,190,1,,,,,,,
20250418,丸亀,1,予選,晴,北,2,2,1,1,3527,中 嶋 誠一郎,40,37,6.99,1,0.11,1.51.4,1-6-4,12380,53,1-6,1060,4,1-4-6,3330,16,1-6,990,4,,,,,,,
20250418,丸亀,1,予選,晴,北,2,2,2,6,3920,正 木 聖 賢,50,43,6.97,4,0.31,1.52.1,1-6-4,12380,53,1-6,1060,4,1-4-6,3330,16,1-6,990,4,,,,,,,
20250418,丸亀,1,予選,晴,北,2,2,3,4,4213,重 富 伸 也,23,58,7.01,6,0.24,1.53.7,1-6-4,12380,53,1-6,1060,4,1-4-6,3330,16,1-6,990,4,,,,,,,
20250418,丸亀,1,予選,晴,北,2,2,4,2,3455,谷 本 幸 司,48,23,6.95,2,0.09,1.54.5,1-6-4,12380,53,1-6,1060,4,1-4-6,3330,16,1-6,990,4,,,,,,,
20250418,丸亀,1,予選,晴,北,2,2,5,5,4301,関 裕 也,56,26,6.99,3,0.12,1.56.2,1-6-4,12380,53,1-6,1060,4,1-4-6,3330,16,1-6,990,4,,,,,,,
20250418,丸亀,1,予選,晴,北,2,2,6,3,5299,西 丸 敦 基,4,5,6.89,5,0.19,1.56.9,1-6-4,12380,53,1-6,1060,4,1-4-6,3330,16,1-6,990,4,,,,,,,
20250418,丸亀,2,予選,晴,北,2,2,1,1,5114,小 林 孝 彰,63,3,6.95,1,0.14,1.50.7,1-3-2,3760,17,1-3,1070,4,1-2-3,1140,5,1-3,1260,6,,,,,,,
20250418,丸亀,2,予選,晴,北,2,2,2,3,4103,山 崎 善 庸,1,7,6.92,3,0.14,1.51.9,1-3-2,3760,17,1-3,1070,4,1-2-3,1140,5,1-3,1260,6,,,,,,,
20250418,丸亀,2,予選,晴,北,2,2,3,2,4625,渡 邊 裕 貴,51,31,6.96,2,0.13,1.53.1,1-3-2,3760,17,1-3,1070,4,1-2-3,1140,5,1-3,1260,6,,,,,,,
20250418,丸亀,2,予選,晴,北,2,2,4,6,4725,佐 竹 太 一,65,61,7.01,6,0.10,1.54.2,1-3-2,3760,17,1-3,1070,4,1-2-3,1140,5,1-3,1260,6,,,,,,,
20250418,丸亀,2,予選,晴,北,2,2,5,5,4529,嶋 義 信,27,51,7.00,5,0.10,1.54.8,1-3-2,3760,17,1-3,1070,4,1-2-3,1140,5,1-3,1260,6,,,,,,,
20250418,丸亀,2,予選,晴,北,2,2,6,4,3618,海 野 ゆかり,15,12,6.94,4,0.09,1.57.9,1-3-2,3760,17,1-3,1070,4,1-2-3,1140,5,1-3,1260,6,,,,,,,
20250418,丸亀,3,予選,晴,北東,1,1,1,2,4939,宮之原 輝 紀,44,32,6.87,2,0.15,1.50.8,2-4-1,2360,8,2-4,760,4,1-2-4,390,2,2-4,460,3,,,,,,,
20250418,丸亀,3,予選,晴,北東,1,1,2,4,5085,中 村 栄 治,41,46,6.91,3,0.15,1.51.4,2-4-1,2360,8,2-4,760,4,1-2-4,390,2,2-4,460,3,,,,,,,
20250418,丸亀,3,予選,晴,北東,1,1,3,1,4714,喜多須 杏 奈,29,53,6.89,1,0.14,1.53.4,2-4-1,2360,8,2-4,760,4,1-2-4,390,2,2-4,460,3,,,,,,,
20250418,丸亀,3,予選,晴,北東,1,1,4,5,4263,武 重 雄 介,46,27,6.95,4,0.09,1.54.5,2-4-1,2360,8,2-4,760,4,1-2-4,390,2,2-4,460,3,,,,,,,
20250418,丸亀,3,予選,晴,北東,1,1,5,6,4252,松 下 哲 也,25,22,6.88,5,0.14,1.55.8,2-4-1,2360,8,2-4,760,4,1-2-4,390,2,2-4,460,3,,,,,,,
20250418,丸亀,3,予選,晴,北東,1,1,6,3,5215,石 丸 小 槙,9,56,6.81,6,0.19,1.56.5,2-4-1,2360,8,2-4,760,4,1-2-4,390,2,2-4,460,3,,,,,,,
20250418,丸亀,4,予選,晴,北西,1,1,1,2,4074,柳 沢 一,31,6,6.84,2,0.11,1.49.9,2-3-5,1430,3,2-3,480,3,2-3-5,780,3,2-3,450,2,,,,,,,
20250418,丸亀,4,予選,晴,北西,1,1,2,3,4952,吉 武 真 也,39,55,6.88,3,0.13,1.52.0,2-3-5,1430,3,2-3,480,3,2-3-5,780,3,2-3,450,2,,,,,,,
20250418,丸亀,4,予選,晴,北西,1,1,3,5,3611,岩 崎 芳 美,43,45,6.93,5,0.21,1.53.6,2-3-5,1430,3,2-3,480,3,2-3-5,780,3,2-3,450,2,,,,,,,
20250418,丸亀,4,予選,晴,北西,1,1,4,1,4408,仁 科 さやか,55,13,6.87,1,0.07,1.54.5,2-3-5,1430,3,2-3,480,3,2-3-5,780,3,2-3,450,2,,,,,,,
20250418,丸亀,4,予選,晴,北西,1,1,5,4,4708,半 田 尚 也,52,20,6.95,4,0.16,1.55.2,2-3-5,1430,3,2-3,480,3,2-3-5,780,3,2-3,450,2,,,,,,,
20250418,丸亀,4,予選,晴,北西,1,1,6,6,4131,原 豊 土,54,10,6.97,6,0.19,1.57.7,2-3-5,1430,3,2-3,480,3,2-3-5,780,3,2-3,450,2,,,,,,,
20250418,丸亀,5,予選,晴,西,1,1,1,3,4260,中 越 博 紀,30,36,7.04,3,0.15,1.50.0,3-1-4,10750,53,3-1,2710,15,1-3-4,2540,12,1-3,1120,5,,,,,,,
20250418,丸亀,5,予選,晴,西,1,1,2,1,3893,汐 崎 正 則,2,47,6.98,1,0.09,1.51.3,3-1-4,10750,53,3-1,2710,15,1-3-4,2540,12,1-3,1120,5,,,,,,,
20250418,丸亀,5,予選,晴,西,1,1,3,4,4506,稗 田 聖 也,20,14,6.99,4,0.10,1.52.8,3-1-4,10750,53,3-1,2710,15,1-3-4,2540,12,1-3,1120,5,,,,,,,
20250418,丸亀,5,予選,晴,西,1,1,4,5,3897,白 井 英 治,37,63,6.89,5,0.13,1.54.1,3-1-4,10750,53,3-1,2710,15,1-3-4,2540,12,1-3,1120,5,,,,,,,
20250418,丸亀,5,予選,晴,西,1,1,5,2,3920,正 木 聖 賢,50,43,7.03,2,0.13,1.54.6,3-1-4,10750,53,3-1,2710,15,1-3-4,2540,12,1-3,1120,5,,,,,,,
20250418,丸亀,5,予選,晴,西,1,1,6,6,4319,三 宅 潤,5,64,6.91,6,0.32,1.56.8,3-1-4,10750,53,3-1,2710,15,1-3-4,2540,12,1-3,1120,5,,,,,,,
20250418,丸亀,6,カチ勝ち６,晴,南西,1,1,1,1,4276,鈴 木 勝 博,47,25,6.92,1,0.16,1.49.7,1-2-3,1880,8,1-2,790,4,1-2-3,860,5,1-2,700,3,,,,,,,
20250418,丸亀,6,カチ勝ち６,晴,南西,1,1,2,2,4213,重 富 伸 也,23,58,6.99,2,0.18,1.51.8,1-2-3,1880,8,1-2,790,4,1-2-3,860,5,1-2,700,3,,,,,,,
20250418,丸亀,6,カチ勝ち６,晴,南西,1,1,3,3,4151,下 河 誉 史,60,19,6.96,3,0.13,1.52.3,1-2-3,1880,8,1-2,790,4,1-2-3,860,5,1-2,700,3,,,,,,,
20250418,丸亀,6,カチ勝ち６,晴,南西,1,1,4,5,4625,渡 邊 裕 貴,51,31,7.00,5,0.18,1.54.3,1-2-3,1880,8,1-2,790,4,1-2-3,860,5,1-2,700,3,,,,,,,
20250418,丸亀,6,カチ勝ち６,晴,南西,1,1,5,4,4518,大須賀 友,3,18,6.94,4,0.12,1.55.7,1-2-3,1880,8,1-2,790,4,1-2-3,860,5,1-2,700,3,,,,,,,
20250418,丸亀,6,カチ勝ち６,晴,南西,1,1,6,6,4103,山 崎 善 庸,1,7,6.97,6,0.26,1.56.6,1-2-3,1880,8,1-2,790,4,1-2-3,860,5,1-2,700,3,,,,,,,
20250418,丸亀,7,穴ガチ７,晴,北西,1,1,1,5,3576,白 水 勝 也,6,11,6.94,5,0.16,1.50.8,5-6-2,11060,45,5-6,5470,20,2-5-6,1420,8,5-6,4080,13,,,,,,,
20250418,丸亀,7,穴ガチ７,晴,北西,1,1,2,6,3975,小野寺 智 洋,21,21,6.93,6,0.15,1.52.3,5-6-2,11060,45,5-6,5470,20,2-5-6,1420,8,5-6,4080,13,,,,,,,
20250418,丸亀,7,穴ガチ７,晴,北西,1,1,3,2,4210,松 村 康 太,66,57,6.97,2,0.22,1.53.0,5-6-2,11060,45,5-6,5470,20,2-5-6,1420,8,5-6,4080,13,,,,,,,
20250418,丸亀,7,穴ガチ７,晴,北西,1,1,4,4,4725,佐 竹 太 一,65,61,6.99,4,0.19,1.54.3,5-6-2,11060,45,5-6,5470,20,2-5-6,1420,8,5-6,4080,13,,,,,,,
20250418,丸亀,7,穴ガチ７,晴,北西,1,1,5,3,4714,喜多須 杏 奈,29,53,7.03,3,0.22,1.55.7,5-6-2,11060,45,5-6,5470,20,2-5-6,1420,8,5-6,4080,13,,,,,,,
20250418,丸亀,7,穴ガチ７,晴,北西,1,1,6,1,5299,西 丸 敦 基,4,5,6.96,1,0.19,1.57.3,5-6-2,11060,45,5-6,5470,20,2-5-6,1420,8,5-6,4080,13,,,,,,,
20250418,丸亀,8,ガチ勝゛ち８ 進入固定,晴,南西,1,1,1,3,4529,嶋 義 信,27,51,6.91,3,0.10,1.50.0,3-1-4,6700,17,3-1,2790,6,1-3-4,790,4,1-3,340,2,,,,,,,
20250418,丸亀,8,ガチ勝゛ち８ 進入固定,晴,南西,1,1,2,1,4140,梶 野 学 志,38,62,7.03,1,0.17,1.50.9,3-1-4,6700,17,3-1,2790,6,1-3-4,790,4,1-3,340,2,,,,,,,
20250418,丸亀,8,ガチ勝゛ち８ 進入固定,晴,南西,1,1,3,4,3611,岩 崎 芳 美,43,45,6.93,4,0.11,1.52.8,3-1-4,6700,17,3-1,2790,6,1-3-4,790,4,1-3,340,2,,,,,,,
20250418,丸亀,8,ガチ勝゛ち８ 進入固定,晴,南西,1,1,4,5,3527,中 嶋 誠一郎,40,37,7.01,5,0.13,1.54.7,3-1-4,6700,17,3-1,2790,6,1-3-4,790,4,1-3,340,2,,,,,,,
20250418,丸亀,8,ガチ勝゛ち８ 進入固定,晴,南西,1,1,5,2,4925,森 悠 稀,62,44,6.94,2,0.15,1.55.0,3-1-4,6700,17,3-1,2790,6,1-3-4,790,4,1-3,340,2,,,,,,,
20250418,丸亀,8,ガチ勝゛ち８ 進入固定,晴,南西,1,1,6,6,5215,石 丸 小 槙,9,56,6.91,6,0.17,1.58.5,3-1-4,6700,17,3-1,2790,6,1-3-4,790,4,1-3,340,2,,,,,,,
20250418,丸亀,9,ウチまる特賞,晴,北西,3,3,1,2,4590,渡 邉 優 美,11,52,6.88,2,0.11,1.49.0,2-1-3,870,3,2-1,600,3,1-2-3,170,1,1-2,180,1,,,,,,,
20250418,丸亀,9,ウチまる特賞,晴,北西,3,3,2,1,4260,中 越 博 紀,30,36,6.98,1,0.16,1.51.0,2-1-3,870,3,2-1,600,3,1-2-3,170,1,1-2,180,1,,,,,,,
20250418,丸亀,9,ウチまる特賞,晴,北西,3,3,3,3,4488,小 山 勉,10,2,7.01,3,0.09,1.52.2,2-1-3,870,3,2-1,600,3,1-2-3,170,1,1-2,180,1,,,,,,,
20250418,丸亀,9,ウチまる特賞,晴,北西,3,3,4,4,4408,仁 科 さやか,55,13,6.95,4,0.17,1.54.1,2-1-3,870,3,2-1,600,3,1-2-3,170,1,1-2,180,1,,,,,,,
20250418,丸亀,9,ウチまる特賞,晴,北西,3,3,5,5,5114,小 林 孝 彰,63,3,6.94,5,0.19,1.54.2,2-1-3,870,3,2-1,600,3,1-2-3,170,1,1-2,180,1,,,,,,,
20250418,丸亀,9,ウチまる特賞,晴,北西,3,3,6,6,3455,谷 本 幸 司,48,23,6.86,6,0.19,1.55.1,2-1-3,870,3,2-1,600,3,1-2-3,170,1,1-2,180,1,,,,,,,
20250418,丸亀,10,まるがめ特賞,晴,南,1,1,1,1,4939,宮之原 輝 紀,44,32,6.91,1,0.17,1.49.1,1-3-5,830,1,1-3,270,1,1-3-5,500,3,1-3,310,2,,,,,,,
20250418,丸亀,10,まるがめ特賞,晴,南,1,1,2,3,4506,稗 田 聖 也,20,14,6.88,3,0.19,1.50.4,1-3-5,830,1,1-3,270,1,1-3-5,500,3,1-3,310,2,,,,,,,
20250418,丸亀,10,まるがめ特賞,晴,南,1,1,3,5,4276,鈴 木 勝 博,47,25,6.88,5,0.22,1.52.0,1-3-5,830,1,1-3,270,1,1-3-5,500,3,1-3,310,2,,,,,,,
20250418,丸亀,10,まるがめ特賞,晴,南,1,1,4,6,5218,山 田 理 央,35,34,6.83,6,0.26,1.53.7,1-3-5,830,1,1-3,270,1,1-3-5,500,3,1-3,310,2,,,,,,,
20250418,丸亀,10,まるがめ特賞,晴,南,1,1,5,2,4161,黒 柳 浩 孝,13,8,6.92,2,0.19,1.55.8,1-3-5,830,1,1-3,270,1,1-3-5,500,3,1-3,310,2,,,,,,,
20250418,丸亀,10,まるがめ特賞,晴,南,1,1,6,4,4131,原 豊 土,54,10,6.90,4,0.22,1.58.4,1-3-5,830,1,1-3,270,1,1-3-5,500,3,1-3,310,2,,,,,,,
20250418,丸亀,11,予選選抜,晴,南西,2,2,1,1,4074,柳 沢 一,31,6,6.90,1,0.17,1.49.0,1-3-2,900,2,1-3,410,2,1-2-3,210,1,1-3,400,2,,,,,,,
20250418,丸亀,11,予選選抜,晴,南西,2,2,2,3,4263,武 重 雄 介,46,27,6.96,3,0.23,1.50.4,1-3-2,900,2,1-3,410,2,1-2-3,210,1,1-3,400,2,,,,,,,
20250418,丸亀,11,予選選抜,晴,南西,2,2,3,2,4518,大須賀 友,3,18,6.83,2,0.16,1.52.6,1-3-2,900,2,1-3,410,2,1-2-3,210,1,1-3,400,2,,,,,,,
20250418,丸亀,11,予選選抜,晴,南西,2,2,4,6,4210,松 村 康 太,66,57,6.98,6,0.24,1.53.3,1-3-2,900,2,1-3,410,2,1-2-3,210,1,1-3,400,2,,,,,,,
20250418,丸亀,11,予選選抜,晴,南西,2,2,5,4,4301,関 裕 也,56,26,6.99,4,0.16,1.53.9,1-3-2,900,2,1-3,410,2,1-2-3,210,1,1-3,400,2,,,,,,,
20250418,丸亀,11,予選選抜,晴,南西,2,2,6,5,4319,三 宅 潤,5,64,6.90,5,0.25,1.55.7,1-3-2,900,2,1-3,410,2,1-2-3,210,1,1-3,400,2,,,,,,,
20250418,丸亀,12,予選選抜,晴,南西,2,2,1,1,3897,白 井 英 治,37,63,6.93,1,0.25,1.49.2,1-3-2,1410,6,1-3,310,1,1-2-3,570,2,1-3,350,2,,,,,,,
20250418,丸亀,12,予選選抜,晴,南西,2,2,2,3,3975,小野寺 智 洋,21,21,6.94,3,0.26,1.51.1,1-3-2,1410,6,1-3,310,1,1-2-3,570,2,1-3,350,2,,,,,,,
20250418,丸亀,12,予選選抜,晴,南西,2,2,3,2,4952,吉 武 真 也,39,55,6.87,2,0.25,1.51.8,1-3-2,1410,6,1-3,310,1,1-2-3,570,2,1-3,350,2,,,,,,,
20250418,丸亀,12,予選選抜,晴,南西,2,2,4,6,4151,下 河 誉 史,60,19,6.88,4,0.29,1.52.7,1-3-2,1410,6,1-3,310,1,1-2-3,570,2,1-3,350,2,,,,,,,
20250418,丸亀,12,予選選抜,晴,南西,2,2,5,4,4140,梶 野 学 志,38,62,7.03,5,0.25,1.54.3,1-3-2,1410,6,1-3,310,1,1-2-3,570,2,1-3,350,2,,,,,,,
20250418,丸亀,12,予選選抜,晴,南西,2,2,6,5,3618,海 野 ゆかり,15,12,6.95,6,0.22,1.55.2,1-3-2,1410,6,1-3,310,1,1-2-3,570,2,1-3,350,2,,,,,,,
20250418,多摩川,1,予選,曇り,無風,0,2,1,1,3911,鈴 木 猛,30,56,6.67,1,0.10,1.48.8,1-4-3,1200,5,1-4,490,2,1-3-4,330,1,1-4,510,3,,,,,,,
20250418,多摩川,1,予選,曇り,無風,0,2,2,4,3848,川 上 聡 介,49,35,6.82,4,0.09,1.51.2,1-4-3,1200,5,1-4,490,2,1-3-4,330,1,1-4,510,3,,,,,,,
20250418,多摩川,1,予選,曇り,無風,0,2,3,3,3385,渡 邉 睦 広,65,84,6.92,3,0.11,1.53.2,1-4-3,1200,5,1-4,490,2,1-3-4,330,1,1-4,510,3,,,,,,,
20250418,多摩川,1,予選,曇り,無風,0,2,4,5,5006,久保原 秀 人,34,83,6.86,5,0.11,1.55.1,1-4-3,1200,5,1-4,490,2,1-3-4,330,1,1-4,510,3,,,,,,,
20250418,多摩川,1,予選,曇り,無風,0,2,5,6,5341,山 道 諄 也,71,51,6.76,6,0.16,,1-4-3,1200,5,1-4,490,2,1-3-4,330,1,1-4,510,3,,,,,,,
20250418,多摩川,1,予選,曇り,無風,0,2,6,2,5187,小 坂 風 太,55,29,6.77,2,0.23,,1-4-3,1200,5,1-4,490,2,1-3-4,330,1,1-4,510,3,,,,,,,
20250418,多摩川,2,予選,曇り,南西,2,2,1,1,3619,長谷川 充,20,27,6.77,1,0.14,1.49.5,1-5-4,2690,11,1-5,480,2,1-4-5,530,2,1-5,380,2,,,,,,,
20250418,多摩川,2,予選,曇り,南西,2,2,2,5,4137,君 島 秀 三,41,38,6.72,5,0.07,1.50.6,1-5-4,2690,11,1-5,480,2,1-4-5,530,2,1-5,380,2,,,,,,,
20250418,多摩川,2,予選,曇り,南西,2,2,3,4,3896,上 田 洋 平,43,72,6.72,4,0.14,1.52.4,1-5-4,2690,11,1-5,480,2,1-4-5,530,2,1-5,380,2,,,,,,,
20250418,多摩川,2,予選,曇り,南西,2,2,4,2,3828,明 石 正 之,12,33,6.77,2,0.14,1.53.6,1-5-4,2690,11,1-5,480,2,1-4-5,530,2,1-5,380,2,,,,,,,
20250418,多摩川,2,予選,曇り,南西,2,2,5,3,3315,広 瀬 聖 仁,67,73,6.77,3,0.17,,1-5-4,2690,11,1-5,480,2,1-4-5,530,2,1-5,380,2,,,,,,,
20250418,多摩川,2,予選,曇り,南西,2,2,6,6,3870,寺 嶋 雄,40,30,6.88,6,0.11,,1-5-4,2690,11,1-5,480,2,1-4-5,530,2,1-5,380,2,,,,,,,
20250418,多摩川,3,予選,曇り,南西,2,2,1,1,3439,大 平 誉史明,60,79,6.78,1,0.12,1.49.5,1-5-4,2320,6,1-5,990,5,1-4-5,530,2,1-5,660,3,,,,,,,
20250418,多摩川,3,予選,曇り,南西,2,2,2,5,5255,藤 原 仙 二,38,23,6.78,5,0.08,1.50.1,1-5-4,2320,6,1-5,990,5,1-4-5,530,2,1-5,660,3,,,,,,,
20250418,多摩川,3,予選,曇り,南西,2,2,3,4,4441,末 永 由 楽,15,60,6.80,4,0.15,1.52.5,1-5-4,2320,6,1-5,990,5,1-4-5,530,2,1-5,660,3,,,,,,,
20250418,多摩川,3,予選,曇り,南西,2,2,4,2,4327,加 藤 翔,13,85,6.77,2,0.13,1.54.2,1-5-4,2320,6,1-5,990,5,1-4-5,530,2,1-5,660,3,,,,,,,
20250418,多摩川,3,予選,曇り,南西,2,2,5,3,3933,山 地 正 樹,62,65,6.74,3,0.17,,1-5-4,2320,6,1-5,990,5,1-4-5,530,2,1-5,660,3,,,,,,,
20250418,多摩川,3,予選,曇り,南西,2,2,6,6,4138,中 井 俊 祐,27,41,6.83,6,0.18,,1-5-4,2320,6,1-5,990,5,1-4-5,530,2,1-5,660,3,,,,,,,
20250418,多摩川,4,予選,曇り,南,2,2,1,2,4201,佐 竹 友 樹,33,69,6.80,2,0.18,1.48.4,2-1-3,8730,31,2-1,1720,7,1-2-3,1280,6,1-2,560,4,,,,,,,
20250418,多摩川,4,予選,曇り,南,2,2,2,1,3712,淺 香 文 武,46,50,6.90,1,0.26,1.52.1,2-1-3,8730,31,2-1,1720,7,1-2-3,1280,6,1-2,560,4,,,,,,,
20250418,多摩川,4,予選,曇り,南,2,2,3,3,5301,岩 下 巧 斗,56,74,6.83,3,0.16,1.53.0,2-1-3,8730,31,2-1,1720,7,1-2-3,1280,6,1-2,560,4,,,,,,,
20250418,多摩川,4,予選,曇り,南,2,2,4,5,3606,川 北 浩 貴,23,36,6.89,5,0.14,1.53.1,2-1-3,8730,31,2-1,1720,7,1-2-3,1280,6,1-2,560,4,,,,,,,
20250418,多摩川,4,予選,曇り,南,2,2,5,4,4535,北 山 康 介,73,68,6.74,4,0.13,,2-1-3,8730,31,2-1,1720,7,1-2-3,1280,6,1-2,560,4,,,,,,,
20250418,多摩川,4,予選,曇り,南,2,2,S1,6,3419,栗 原 謙 治,11,63,6.89,6,0.16,,2-1-3,8730,31,2-1,1720,7,1-2-3,1280,6,1-2,560,4,,,,,,,
20250418,多摩川,5,予選,晴,無風,0,2,1,1,3233,小 畑 実 成,52,54,6.83,1,0.15,1.50.1,1-4-3,1990,6,1-4,620,2,1-3-4,580,2,1-4,400,2,,,,,,,
20250418,多摩川,5,予選,晴,無風,0,2,2,4,4470,平 田 健之佑,36,21,6.75,4,0.14,1.51.3,1-4-3,1990,6,1-4,620,2,1-3-4,580,2,1-4,400,2,,,,,,,
20250418,多摩川,5,予選,晴,無風,0,2,3,3,4587,木 田 峰由季,58,67,6.82,3,0.11,1.53.1,1-4-3,1990,6,1-4,620,2,1-3-4,580,2,1-4,400,2,,,,,,,
20250418,多摩川,5,予選,晴,無風,0,2,4,5,3107,平 岡 重 典,35,76,6.88,5,0.17,1.53.5,1-4-3,1990,6,1-4,620,2,1-3-4,580,2,1-4,400,2,,,,,,,
20250418,多摩川,5,予選,晴,無風,0,2,5,6,5042,畑 田 汰 一,57,45,6.84,6,0.09,,1-4-3,1990,6,1-4,620,2,1-3-4,580,2,1-4,400,2,,,,,,,
20250418,多摩川,5,予選,晴,無風,0,2,6,2,5130,上 野 拓 馬,48,40,6.82,2,0.11,,1-4-3,1990,6,1-4,620,2,1-3-4,580,2,1-4,400,2,,,,,,,
20250418,多摩川,6,予選,晴,南,1,1,1,3,4888,金 児 隆 太,32,71,6.68,4,0.05,1.49.6,3-4-1,6950,34,3-4,1390,6,1-3-4,1340,6,3-4,1140,7,,,,,,,
20250418,多摩川,6,予選,晴,南,1,1,2,4,5035,櫻 井 優,68,66,6.71,5,0.16,1.50.3,3-4-1,6950,34,3-4,1390,6,1-3-4,1340,6,3-4,1140,7,,,,,,,
20250418,多摩川,6,予選,晴,南,1,1,3,1,3315,広 瀬 聖 仁,67,73,6.75,1,0.08,1.52.6,3-4-1,6950,34,3-4,1390,6,1-3-4,1340,6,3-4,1140,7,,,,,,,
20250418,多摩川,6,予選,晴,南,1,1,4,6,4677,片 橋 幸 貴,47,31,6.83,2,0.01,1.54.2,3-4-1,6950,34,3-4,1390,6,1-3-4,1340,6,3-4,1140,7,,,,,,,
20250418,多摩川,6,予選,晴,南,1,1,5,5,3911,鈴 木 猛,30,56,6.76,6,0.12,,3-4-1,6950,34,3-4,1390,6,1-3-4,1340,6,3-4,1140,7,,,,,,,
20250418,多摩川,6,予選,晴,南,1,1,6,2,3740,大 澤 普 司,51,82,6.82,3,0.08,,3-4-1,6950,34,3-4,1390,6,1-3-4,1340,6,3-4,1140,7,,,,,,,
20250418,多摩川,7,予選,晴,南,2,1,1,4,4369,丹 下 将,19,24,6.81,4,0.13,1.48.8,4-5-6,5680,22,4-5,1540,8,4-5-6,2800,11,4-5,930,5,,,,,,,
20250418,多摩川,7,予選,晴,南,2,1,2,5,4645,上 村 純 一,22,28,6.75,5,0.11,1.49.8,4-5-6,5680,22,4-5,1540,8,4-5-6,2800,11,4-5,930,5,,,,,,,
20250418,多摩川,7,予選,晴,南,2,1,3,6,4752,西 尾 亮 輔,21,77,6.81,6,0.13,1.52.6,4-5-6,5680,22,4-5,1540,8,4-5-6,2800,11,4-5,930,5,,,,,,,
20250418,多摩川,7,予選,晴,南,2,1,4,2,5006,久保原 秀 人,34,83,6.88,2,0.27,1.54.5,4-5-6,5680,22,4-5,1540,8,4-5-6,2800,11,4-5,930,5,,,,,,,
20250418,多摩川,7,予選,晴,南,2,1,5,3,3870,寺 嶋 雄,40,30,6.91,3,0.21,,4-5-6,5680,22,4-5,1540,8,4-5-6,2800,11,4-5,930,5,,,,,,,
20250418,多摩川,7,予選,晴,南,2,1,6,1,3381,滝 沢 芳 行,72,47,6.71,1,0.18,,4-5-6,5680,22,4-5,1540,8,4-5-6,2800,11,4-5,930,5,,,,,,,
20250418,多摩川,8,予選,晴,南,4,2,1,1,4561,藤 山 翔 大,45,78,6.72,1,0.15,1.49.8,1-2-3,500,1,1-2,230,1,1-2-3,280,1,1-2,220,1,,,,,,,
20250418,多摩川,8,予選,晴,南,4,2,2,2,4570,前 田 聖 文,25,80,6.85,2,0.14,1.50.5,1-2-3,500,1,1-2,230,1,1-2-3,280,1,1-2,220,1,,,,,,,
20250418,多摩川,8,予選,晴,南,4,2,3,3,3619,長谷川 充,20,27,6.85,3,0.08,1.51.9,1-2-3,500,1,1-2,230,1,1-2-3,280,1,1-2,220,1,,,,,,,
20250418,多摩川,8,予選,晴,南,4,2,4,4,4138,中 井 俊 祐,27,41,6.85,4,0.06,1.54.3,1-2-3,500,1,1-2,230,1,1-2-3,280,1,1-2,220,1,,,,,,,
20250418,多摩川,8,予選,晴,南,4,2,5,5,4982,中 村 将 隆,39,37,6.84,5,0.12,,1-2-3,500,1,1-2,230,1,1-2-3,280,1,1-2,220,1,,,,,,,
20250418,多摩川,8,予選,晴,南,4,2,6,6,5187,小 坂 風 太,55,29,6.77,6,0.07,,1-2-3,500,1,1-2,230,1,1-2-3,280,1,1-2,220,1,,,,,,,
20250418,多摩川,9,予選特賞,晴,南,3,2,1,1,3385,渡 邉 睦 広,65,84,6.98,1,0.23,1.50.7,1-5-4,6090,21,1-5,970,5,1-4-5,1260,8,1-5,780,4,,,,,,,
20250418,多摩川,9,予選特賞,晴,南,3,2,2,5,3828,明 石 正 之,12,33,6.91,5,0.19,1.51.6,1-5-4,6090,21,1-5,970,5,1-4-5,1260,8,1-5,780,4,,,,,,,
20250418,多摩川,9,予選特賞,晴,南,3,2,3,4,3712,淺 香 文 武,46,50,6.92,4,0.23,1.53.0,1-5-4,6090,21,1-5,970,5,1-4-5,1260,8,1-5,780,4,,,,,,,
20250418,多摩川,9,予選特賞,晴,南,3,2,4,3,4404,岸 蔭 亮,66,75,6.85,3,0.26,1.53.7,1-5-4,6090,21,1-5,970,5,1-4-5,1260,8,1-5,780,4,,,,,,,
20250418,多摩川,9,予選特賞,晴,南,3,2,5,6,4441,末 永 由 楽,15,60,6.88,6,0.16,,1-5-4,6090,21,1-5,970,5,1-4-5,1260,8,1-5,780,4,,,,,,,
20250418,多摩川,9,予選特賞,晴,南,3,2,6,2,3922,菅 沼 佳 昭,28,61,6.78,2,0.27,,1-5-4,6090,21,1-5,970,5,1-4-5,1260,8,1-5,780,4,,,,,,,
20250418,多摩川,10,予選特賞,晴,南,3,2,1,1,4888,金 児 隆 太,32,71,6.79,1,0.10,1.49.3,1-3-5,2010,9,1-3,560,3,1-3-5,1240,6,1-3,730,3,,,,,,,
20250418,多摩川,10,予選特賞,晴,南,3,2,2,3,3439,大 平 誉史明,60,79,6.89,3,0.17,1.50.9,1-3-5,2010,9,1-3,560,3,1-3-5,1240,6,1-3,730,3,,,,,,,
20250418,多摩川,10,予選特賞,晴,南,3,2,3,5,4201,佐 竹 友 樹,33,69,6.83,5,0.10,1.51.6,1-3-5,2010,9,1-3,560,3,1-3-5,1240,6,1-3,730,3,,,,,,,
20250418,多摩川,10,予選特賞,晴,南,3,2,4,4,5042,畑 田 汰 一,57,45,6.87,4,0.11,1.53.6,1-3-5,2010,9,1-3,560,3,1-3-5,1240,6,1-3,730,3,,,,,,,
20250418,多摩川,10,予選特賞,晴,南,3,2,5,6,3896,上 田 洋 平,43,72,6.87,6,0.18,,1-3-5,2010,9,1-3,560,3,1-3-5,1240,6,1-3,730,3,,,,,,,
20250418,多摩川,10,予選特賞,晴,南,3,2,6,2,3771,折 下 寛 法,37,70,6.90,2,0.16,,1-3-5,2010,9,1-3,560,3,1-3-5,1240,6,1-3,730,3,,,,,,,
20250418,多摩川,11,予選特選,晴,南東,4,2,1,1,4516,野 口 勝 弘,64,81,6.70,1,0.18,1.48.8,1-3-5,1530,5,1-3,380,2,1-3-5,1340,4,1-3,290,2,,,,,,,
20250418,多摩川,11,予選特選,晴,南東,4,2,2,3,5255,藤 原 仙 二,38,23,6.78,3,0.16,1.50.0,1-3-5,1530,5,1-3,380,2,1-3-5,1340,4,1-3,290,2,,,,,,,
20250418,多摩川,11,予選特選,晴,南東,4,2,3,5,4587,木 田 峰由季,58,67,6.89,5,0.12,1.52.4,1-3-5,1530,5,1-3,380,2,1-3-5,1340,4,1-3,290,2,,,,,,,
20250418,多摩川,11,予選特選,晴,南東,4,2,4,4,3381,滝 沢 芳 行,72,43,6.71,4,0.14,1.52.6,1-3-5,1530,5,1-3,380,2,1-3-5,1340,4,1-3,290,2,,,,,,,
20250418,多摩川,11,予選特選,晴,南東,4,2,5,2,3606,川 北 浩 貴,23,36,6.83,2,0.19,,1-3-5,1530,5,1-3,380,2,1-3-5,1340,4,1-3,290,2,,,,,,,
20250418,多摩川,11,予選特選,晴,南東,4,2,6,6,3848,川 上 聡 介,49,35,6.87,6,0.09,,1-3-5,1530,5,1-3,380,2,1-3-5,1340,4,1-3,290,2,,,,,,,
20250418,多摩川,12,ドリーム１ｓ,晴,南,1,2,1,1,4535,北 山 康 介,73,68,6.73,1,0.13,1.49.1,1-3-4,910,3,1-3,310,2,1-3-4,570,3,1-3,290,2,,,,,,,
20250418,多摩川,12,ドリーム１ｓ,晴,南,1,2,2,3,4470,平 田 健之佑,36,21,6.81,3,0.12,1.50.5,1-3-4,910,3,1-3,310,2,1-3-4,570,3,1-3,290,2,,,,,,,
20250418,多摩川,12,ドリーム１ｓ,晴,南,1,2,3,4,4570,前 田 聖 文,25,80,6.87,4,0.13,1.52.5,1-3-4,910,3,1-3,310,2,1-3-4,570,3,1-3,290,2,,,,,,,
20250418,多摩川,12,ドリーム１ｓ,晴,南,1,2,4,2,4137,君 島 秀 三,41,38,6.83,2,0.09,1.52.8,1-3-4,910,3,1-3,310,2,1-3-4,570,3,1-3,290,2,,,,,,,
20250418,多摩川,12,ドリーム１ｓ,晴,南,1,2,5,6,4369,丹 下 将,19,24,6.84,6,0.21,,1-3-4,910,3,1-3,310,2,1-3-4,570,3,1-3,290,2,,,,,,,
20250418,多摩川,12,ドリーム１ｓ,晴,南,1,2,6,5,3740,大 澤 普 司,51,82,6.86,5,0.18,,1-3-4,910,3,1-3,310,2,1-3-4,570,3,1-3,290,2,,,,,,,
20250418,大村,1,一般,晴,西,3,2,1,4,4111,奥 田 誠,49,28,7.01,4,0.13,1.51.8,4-2-3,12010,35,4-2,3310,11,2-3-4,1240,6,2-4,1180,6,,,,,,,
20250418,大村,1,一般,晴,西,3,2,2,2,3581,加 木 郁,14,21,6.94,2,0.12,1.52.7,4-2-3,12010,35,4-2,3310,11,2-3-4,1240,6,2-4,1180,6,,,,,,,
20250418,大村,1,一般,晴,西,3,2,3,3,3850,小 川 知 行,27,53,6.97,3,0.18,1.53.9,4-2-3,12010,35,4-2,3310,11,2-3-4,1240,6,2-4,1180,6,,,,,,,
20250418,大村,1,一般,晴,西,3,2,4,5,5261,岡 暢 祐,50,15,6.97,5,0.18,1.55.3,4-2-3,12010,35,4-2,3310,11,2-3-4,1240,6,2-4,1180,6,,,,,,,
20250418,大村,1,一般,晴,西,3,2,5,6,5074,大 澤 誠 也,40,17,7.03,6,0.17,,4-2-3,12010,35,4-2,3310,11,2-3-4,1240,6,2-4,1180,6,,,,,,,
20250418,大村,1,一般,晴,西,3,2,6,1,4864,小 川 日紀太,72,61,6.95,1,0.12,,4-2-3,12010,35,4-2,3310,11,2-3-4,1240,6,2-4,1180,6,,,,,,,
20250418,大村,2,一般,晴,西,3,2,1,2,3948,大 町 利 克,55,30,7.06,2,0.19,1.50.5,2-1-3,2110,7,2-1,750,3,1-2-3,390,1,1-2,280,1,,,,,,,
20250418,大村,2,一般,晴,西,3,2,2,1,4465,大 西 賢,39,72,7.03,1,0.17,1.52.5,2-1-3,2110,7,2-1,750,3,1-2-3,390,1,1-2,280,1,,,,,,,
20250418,大村,2,一般,晴,西,3,2,3,3,5011,高 木 圭 大,32,51,6.97,3,0.19,1.53.6,2-1-3,2110,7,2-1,750,3,1-2-3,390,1,1-2,280,1,,,,,,,
20250418,大村,2,一般,晴,西,3,2,4,4,4747,山 戸 信 二,25,13,7.05,4,0.21,1.54.5,2-1-3,2110,7,2-1,750,3,1-2-3,390,1,1-2,280,1,,,,,,,
20250418,大村,2,一般,晴,西,3,2,5,5,4343,村 岡 賢,67,39,7.07,5,0.19,,2-1-3,2110,7,2-1,750,3,1-2-3,390,1,1-2,280,1,,,,,,,
20250418,大村,2,一般,晴,西,3,2,5,6,3710,吉 永 泰 弘,75,66,7.00,6,0.19,,2-1-3,2110,7,2-1,750,3,1-2-3,390,1,1-2,280,1,,,,,,,
20250418,大村,3,一般,晴,西,3,2,1,2,3976,内 田 圭,46,25,7.06,2,0.17,1.50.7,2-3-6,49680,98,2-3,7260,25,2-3-6,6620,17,2-3,2730,12,,,,,,,
20250418,大村,3,一般,晴,西,3,2,2,3,3685,荒 井 輝 年,43,69,6.98,3,0.17,1.51.8,2-3-6,49680,98,2-3,7260,25,2-3-6,6620,17,2-3,2730,12,,,,,,,
20250418,大村,3,一般,晴,西,3,2,3,6,3743,林 美 憲,13,34,6.97,5,0.21,1.53.1,2-3-6,49680,98,2-3,7260,25,2-3-6,6620,17,2-3,2730,12,,,,,,,
20250418,大村,3,一般,晴,西,3,2,4,1,4440,萩 原 知 哉,18,35,6.97,1,0.33,1.54.1,2-3-6,49680,98,2-3,7260,25,2-3-6,6620,17,2-3,2730,12,,,,,,,
20250418,大村,3,一般,晴,西,3,2,5,4,4133,高 橋 正 男,44,47,6.96,6,0.15,,2-3-6,49680,98,2-3,7260,25,2-3-6,6620,17,2-3,2730,12,,,,,,,
20250418,大村,3,一般,晴,西,3,2,6,5,3627,井 上 恵 一,20,44,6.95,4,0.29,,2-3-6,49680,98,2-3,7260,25,2-3-6,6620,17,2-3,2730,12,,,,,,,
20250418,大村,4,一般,晴,西,3,2,1,1,4588,田 中 京 介,71,76,6.98,1,0.11,1.50.6,1-6-4,3920,12,1-6,600,2,1-4-6,1710,7,1-6,360,2,,,,,,,
20250418,大村,4,一般,晴,西,3,2,2,6,4199,北 川 潤 二,23,74,6.98,3,0.13,1.51.9,1-6-4,3920,12,1-6,600,2,1-4-6,1710,7,1-6,360,2,,,,,,,
20250418,大村,4,一般,晴,西,3,2,3,4,5143,常 盤 海 心,51,65,7.03,2,0.33,1.53.8,1-6-4,3920,12,1-6,600,2,1-4-6,1710,7,1-6,360,2,,,,,,,
20250418,大村,4,一般,晴,西,3,2,4,5,4406,幸 野 史 明,59,50,6.92,6,0.27,1.54.2,1-6-4,3920,12,1-6,600,2,1-4-6,1710,7,1-6,360,2,,,,,,,
20250418,大村,4,一般,晴,西,3,2,5,2,4000,松 本 博 昭,57,62,6.94,4,0.11,,1-6-4,3920,12,1-6,600,2,1-4-6,1710,7,1-6,360,2,,,,,,,
20250418,大村,4,一般,晴,西,3,2,6,3,4458,抹 香 雄 三,34,12,7.04,5,0.16,,1-6-4,3920,12,1-6,600,2,1-4-6,1710,7,1-6,360,2,,,,,,,
20250418,大村,5,一般,晴,西,2,1,1,1,5058,前 原 大 道,56,73,6.92,1,0.19,1.48.6,1-2-3,640,1,1-2,260,1,1-2-3,390,1,1-2,220,1,,,,,,,
20250418,大村,5,一般,晴,西,2,1,2,2,3662,大 庭 元 明,36,16,6.91,2,0.19,1.50.2,1-2-3,640,1,1-2,260,1,1-2-3,390,1,1-2,220,1,,,,,,,
20250418,大村,5,一般,晴,西,2,1,3,3,4111,奥 田 誠,49,28,6.97,3,0.20,1.52.2,1-2-3,640,1,1-2,260,1,1-2-3,390,1,1-2,220,1,,,,,,,
20250418,大村,5,一般,晴,西,2,1,4,5,3731,高 濱 芳 久,65,46,6.95,4,0.21,1.53.3,1-2-3,640,1,1-2,260,1,1-2-3,390,1,1-2,220,1,,,,,,,
20250418,大村,5,一般,晴,西,2,1,5,6,4079,出 畑 孝 典,63,32,6.87,6,0.33,,1-2-3,640,1,1-2,260,1,1-2-3,390,1,1-2,220,1,,,,,,,
20250418,大村,5,一般,晴,西,2,1,6,4,5249,三 木 晴 斗,21,52,6.91,5,0.27,,1-2-3,640,1,1-2,260,1,1-2-3,390,1,1-2,220,1,,,,,,,
20250418,大村,6,一般,晴,西,2,1,1,1,5074,大 澤 誠 也,40,17,6.96,1,0.14,1.49.8,1-2-6,1480,3,1-2,410,1,1-2-6,510,2,1-2,360,1,,,,,,,
20250418,大村,6,一般,晴,西,2,1,2,2,4216,星 栄 爾,17,11,6.96,2,0.11,1.51.1,1-2-6,1480,3,1-2,410,1,1-2-6,510,2,1-2,360,1,,,,,,,
20250418,大村,6,一般,晴,西,2,1,3,6,3541,三 嶌 誠 司,62,19,6.94,6,0.21,1.52.2,1-2-6,1480,3,1-2,410,1,1-2-6,510,2,1-2,360,1,,,,,,,
20250418,大村,6,一般,晴,西,2,1,4,3,3820,樫 葉 次 郎,26,24,7.00,3,0.15,1.53.9,1-2-6,1480,3,1-2,410,1,1-2-6,510,2,1-2,360,1,,,,,,,
20250418,大村,6,一般,晴,西,2,1,5,4,4574,東 潤 樹,58,48,6.99,4,0.19,,1-2-6,1480,3,1-2,410,1,1-2-6,510,2,1-2,360,1,,,,,,,
20250418,大村,6,一般,晴,西,2,1,6,5,4839,四 宮 与 寛,73,75,6.98,5,0.11,,1-2-6,1480,3,1-2,410,1,1-2-6,510,2,1-2,360,1,,,,,,,
20250418,大村,7,一般 進入固定,晴,西,2,1,1,1,4420,津久井 拓 也,16,43,6.90,1,0.15,1.49.8,1-3-2,950,3,1-3,230,1,1-2-3,380,2,1-3,200,1,,,,,,,
20250418,大村,7,一般 進入固定,晴,西,2,1,2,3,3811,石 田 章 央,29,58,6.98,3,0.16,1.50.9,1-3-2,950,3,1-3,230,1,1-2-3,380,2,1-3,200,1,,,,,,,
20250418,大村,7,一般 進入固定,晴,西,2,1,3,2,4343,村 岡 賢,67,39,6.95,2,0.17,1.52.5,1-3-2,950,3,1-3,230,1,1-2-3,380,2,1-3,200,1,,,,,,,
20250418,大村,7,一般 進入固定,晴,西,2,1,4,6,4311,岡 村 仁,60,36,6.96,6,0.26,1.53.0,1-3-2,950,3,1-3,230,1,1-2-3,380,2,1-3,200,1,,,,,,,
20250418,大村,7,一般 進入固定,晴,西,2,1,5,4,3850,小 川 知 行,27,53,6.93,4,0.16,,1-3-2,950,3,1-3,230,1,1-2-3,380,2,1-3,200,1,,,,,,,
20250418,大村,7,一般 進入固定,晴,西,2,1,6,5,3976,内 田 圭,46,25,6.99,5,0.22,,1-3-2,950,3,1-3,230,1,1-2-3,380,2,1-3,200,1,,,,,,,
20250418,大村,8,一般,晴,西,1,1,1,6,4002,古 結 宏,45,56,6.97,3,0.26,1.50.5,6-3-1,8820,34,6-3,4130,16,1-3-6,510,1,3-6,1400,7,,,,,,,
20250418,大村,8,一般,晴,西,1,1,2,3,4440,萩 原 知 哉,18,35,6.97,5,0.23,1.51.5,6-3-1,8820,34,6-3,4130,16,1-3-6,510,1,3-6,1400,7,,,,,,,
20250418,大村,8,一般,晴,西,1,1,3,1,4435,服 部 達 哉,61,26,6.93,1,0.21,1.52.3,6-3-1,8820,34,6-3,4130,16,1-3-6,510,1,3-6,1400,7,,,,,,,
20250418,大村,8,一般,晴,西,1,1,4,5,5143,常 盤 海 心,51,65,6.97,2,0.32,1.53.3,6-3-1,8820,34,6-3,4130,16,1-3-6,510,1,3-6,1400,7,,,,,,,
20250418,大村,8,一般,晴,西,1,1,5,2,4747,山 戸 信 二,25,13,6.99,4,0.26,,6-3-1,8820,34,6-3,4130,16,1-3-6,510,1,3-6,1400,7,,,,,,,
20250418,大村,8,一般,晴,西,1,1,6,4,4864,小 川 日紀太,72,61,6.91,6,0.21,,6-3-1,8820,34,6-3,4130,16,1-3-6,510,1,3-6,1400,7,,,,,,,
20250418,大村,9,一般特選,晴,西,1,1,1,1,4133,高 橋 正 男,44,47,6.93,1,0.08,1.48.6,1-3-2,1140,3,1-3,260,1,1-2-3,530,2,1-3,180,1,,,,,,,
20250418,大村,9,一般特選,晴,西,1,1,2,3,5058,前 原 大 道,56,73,6.88,3,0.16,1.50.2,1-3-2,1140,3,1-3,260,1,1-2-3,530,2,1-3,180,1,,,,,,,
20250418,大村,9,一般特選,晴,西,1,1,3,2,5261,岡 暢 祐,50,15,7.00,2,0.12,1.52.2,1-3-2,1140,3,1-3,260,1,1-2-3,530,2,1-3,180,1,,,,,,,
20250418,大村,9,一般特選,晴,西,1,1,4,4,4588,田 中 京 介,71,76,6.99,4,0.06,1.53.0,1-3-2,1140,3,1-3,260,1,1-2-3,530,2,1-3,180,1,,,,,,,
20250418,大村,9,一般特選,晴,西,1,1,5,5,5249,三 木 晴 斗,21,52,6.93,5,0.03,,1-3-2,1140,3,1-3,260,1,1-2-3,530,2,1-3,180,1,,,,,,,
20250418,大村,9,一般特選,晴,西,1,1,6,6,5011,高 木 圭 大,32,51,6.89,6,0.17,,1-3-2,1140,3,1-3,260,1,1-2-3,530,2,1-3,180,1,,,,,,,
20250418,大村,10,特別選抜戦,晴,無風,0,1,1,1,3731,高 濱 芳 久,65,46,6.95,1,0.16,1.49.5,1-2-3,830,1,1-2,330,2,1-2-3,330,1,1-2,310,2,,,,,,,
20250418,大村,10,特別選抜戦,晴,無風,0,1,2,2,3627,井 上 恵 一,20,44,6.95,2,0.12,1.50.3,1-2-3,830,1,1-2,330,2,1-2-3,330,1,1-2,310,2,,,,,,,
20250418,大村,10,特別選抜戦,晴,無風,0,1,3,3,4000,松 本 博 昭,57,62,6.88,3,0.16,1.52.1,1-2-3,830,1,1-2,330,2,1-2-3,330,1,1-2,310,2,,,,,,,
20250418,大村,10,特別選抜戦,晴,無風,0,1,4,5,3662,大 庭 元 明,36,16,6.90,5,0.16,1.53.3,1-2-3,830,1,1-2,330,2,1-2-3,330,1,1-2,310,2,,,,,,,
20250418,大村,10,特別選抜戦,晴,無風,0,1,5,6,4216,星 栄 爾,17,11,6.96,6,0.14,,1-2-3,830,1,1-2,330,2,1-2-3,330,1,1-2,310,2,,,,,,,
20250418,大村,10,特別選抜戦,晴,無風,0,1,6,4,4458,抹 香 雄 三,34,12,6.94,4,0.11,,1-2-3,830,1,1-2,330,2,1-2-3,330,1,1-2,310,2,,,,,,,
20250418,大村,11,特別選抜戦,晴,西,1,1,1,2,4839,四 宮 与 寛,73,75,6.95,2,0.06,1.49.6,2-1-4,1660,5,2-1,640,4,1-2-4,350,2,1-2,160,1,,,,,,,
20250418,大村,11,特別選抜戦,晴,西,1,1,2,1,3685,荒 井 輝 年,43,69,6.92,1,0.11,1.51.1,2-1-4,1660,5,2-1,640,4,1-2-4,350,2,1-2,160,1,,,,,,,
20250418,大村,11,特別選抜戦,晴,西,1,1,3,4,3581,加 木 郁,14,21,6.86,4,0.13,1.52.2,2-1-4,1660,5,2-1,640,4,1-2-4,350,2,1-2,160,1,,,,,,,
20250418,大村,11,特別選抜戦,晴,西,1,1,4,5,3948,大 町 利 克,55,30,6.95,5,0.17,1.53.1,2-1-4,1660,5,2-1,640,4,1-2-4,350,2,1-2,160,1,,,,,,,
20250418,大村,11,特別選抜戦,晴,西,1,1,5,3,4574,東 潤 樹,58,48,6.92,3,0.08,,2-1-4,1660,5,2-1,640,4,1-2-4,350,2,1-2,160,1,,,,,,,
20250418,大村,11,特別選抜戦,晴,西,1,1,6,6,4420,津久井 拓 也,16,43,6.93,6,0.21,,2-1-4,1660,5,2-1,640,4,1-2-4,350,2,1-2,160,1,,,,,,,
20250418,大村,12,優勝戦,晴,南,1,1,1,1,4702,三 浦 敬 太,22,67,6.93,1,0.11,1.49.1,1-2-4,610,1,1-2,240,1,1-2-4,310,1,1-2,180,1,,,,,,,
20250418,大村,12,優勝戦,晴,南,1,1,2,2,3744,徳 増 秀 樹,70,57,6.88,2,0.12,1.50.1,1-2-4,610,1,1-2,240,1,1-2-4,310,1,1-2,180,1,,,,,,,
20250418,大村,12,優勝戦,晴,南,1,1,3,4,5018,竹 下 大 樹,11,54,6.84,4,0.16,1.51.5,1-2-4,610,1,1-2,240,1,1-2-4,310,1,1-2,180,1,,,,,,,
20250418,大村,12,優勝戦,晴,南,1,1,4,3,3963,原 田 秀 弥,48,27,6.98,3,0.13,1.52.6,1-2-4,610,1,1-2,240,1,1-2-4,310,1,1-2,180,1,,,,,,,
20250418,大村,12,優勝戦,晴,南,1,1,5,5,4073,大 橋 純一郎,53,41,6.95,5,0.26,,1-2-4,610,1,1-2,240,1,1-2-4,310,1,1-2,180,1,,,,,,,
20250418,大村,12,優勝戦,晴,南,1,1,6,6,3957,大 谷 直 弘,24,14,6.92,6,0.24,,1-2-4,610,1,1-2,240,1,1-2-4,310,1,1-2,180,1,,,,,,,
20250418,尼崎,1,朝からセンプ,曇り,南西,2,0,1,4,3747,國 崎 良 春,60,43,6.82,4,0.08,1.49.0,4-2-6,56550,86,4-2,6180,18,2-4-6,15130,20,2-4,3780,11,,,,,,,
20250418,尼崎,1,朝からセンプ,曇り,南西,2,0,2,2,4462,夏 山 亮 平,46,32,6.89,2,0.18,1.50.8,4-2-6,56550,86,4-2,6180,18,2-4-6,15130,20,2-4,3780,11,,,,,,,
20250418,尼崎,1,朝からセンプ,曇り,南西,2,0,3,6,4635,峰 重 力 也,28,40,6.84,5,0.09,1.51.9,4-2-6,56550,86,4-2,6180,18,2-4-6,15130,20,2-4,3780,11,,,,,,,
20250418,尼崎,1,朝からセンプ,曇り,南西,2,0,4,5,5134,大 原 祥 昌,35,67,6.85,6,0.04,1.53.0,4-2-6,56550,86,4-2,6180,18,2-4-6,15130,20,2-4,3780,11,,,,,,,
20250418,尼崎,1,朝からセンプ,曇り,南西,2,0,5,1,3807,岡 部 哲,45,39,6.83,1,0.15,1.54.7,4-2-6,56550,86,4-2,6180,18,2-4-6,15130,20,2-4,3780,11,,,,,,,
20250418,尼崎,1,朝からセンプ,曇り,南西,2,0,6,3,4409,坂 元 浩 仁,34,71,6.86,3,0.17,1.55.4,4-2-6,56550,86,4-2,6180,18,2-4-6,15130,20,2-4,3780,11,,,,,,,
20250418,尼崎,2,予選,曇り,北西,3,0,1,2,4463,三 苫 晃 幸,41,33,6.81,2,0.21,1.49.7,2-1-4,2090,5,2-1,820,2,1-2-4,530,2,1-2,300,1,,,,,,,
20250418,尼崎,2,予選,曇り,北西,3,0,2,1,4253,西 川 真 人,7,59,6.87,1,0.24,1.50.9,2-1-4,2090,5,2-1,820,2,1-2-4,530,2,1-2,300,1,,,,,,,
20250418,尼崎,2,予選,曇り,北西,3,0,3,4,5060,数 原 魁,11,34,6.89,4,0.21,1.52.0,2-1-4,2090,5,2-1,820,2,1-2-4,530,2,1-2,300,1,,,,,,,
20250418,尼崎,2,予選,曇り,北西,3,0,4,5,3499,市 川 哲 也,42,42,6.85,5,0.18,1.52.9,2-1-4,2090,5,2-1,820,2,1-2-4,530,2,1-2,300,1,,,,,,,
20250418,尼崎,2,予選,曇り,北西,3,0,5,6,4380,鈴 木 峻 佑,58,46,6.81,6,0.16,1.54.9,2-1-4,2090,5,2-1,820,2,1-2-4,530,2,1-2,300,1,,,,,,,
20250418,尼崎,2,予選,曇り,北西,3,0,6,3,5232,樅 山 拓 馬,33,44,6.84,3,0.18,1.58.5,2-1-4,2090,5,2-1,820,2,1-2-4,530,2,1-2,300,1,,,,,,,
20250418,尼崎,3,予選,曇り,南西,4,0,1,1,4416,三 宅 健 太,55,47,6.76,1,0.24,1.49.5,1-2-3,900,2,1-2,550,3,1-2-3,260,1,1-2,450,2,,,,,,,
20250418,尼崎,3,予選,曇り,南西,4,0,2,2,4793,金 子 萌,53,62,6.84,2,0.25,1.50.6,1-2-3,900,2,1-2,550,3,1-2-3,260,1,1-2,450,2,,,,,,,
20250418,尼崎,3,予選,曇り,南西,4,0,3,3,4067,永 井 源,57,72,6.79,3,0.20,1.50.8,1-2-3,900,2,1-2,550,3,1-2-3,260,1,1-2,450,2,,,,,,,
20250418,尼崎,3,予選,曇り,南西,4,0,4,5,3572,安 田 政 彦,51,61,6.87,5,0.15,1.53.8,1-2-3,900,2,1-2,550,3,1-2-3,260,1,1-2,450,2,,,,,,,
20250418,尼崎,3,予選,曇り,南西,4,0,5,4,3284,渡 邊 伸太郎,48,36,6.83,4,0.14,1.54.8,1-2-3,900,2,1-2,550,3,1-2-3,260,1,1-2,450,2,,,,,,,
20250418,尼崎,3,予選,曇り,南西,4,0,6,6,4753,森 照 夫,17,57,6.88,6,0.16,1.57.0,1-2-3,900,2,1-2,550,3,1-2-3,260,1,1-2,450,2,,,,,,,
20250418,尼崎,4,予選,曇り,西,3,0,1,1,4674,池 田 剛 規,23,48,6.83,1,0.20,1.50.1,1-5-4,29680,80,1-5,5880,16,1-4-5,7410,18,1-5,4290,10,,,,,,,
20250418,尼崎,4,予選,曇り,西,3,0,2,5,5090,生 方 靖 亜,5,11,6.82,6,0.23,1.51.2,1-5-4,29680,80,1-5,5880,16,1-4-5,7410,18,1-5,4290,10,,,,,,,
20250418,尼崎,4,予選,曇り,西,3,0,3,4,4423,坂 口 貴 彦,24,64,6.85,5,0.20,1.52.4,1-5-4,29680,80,1-5,5880,16,1-4-5,7410,18,1-5,4290,10,,,,,,,
20250418,尼崎,4,予選,曇り,西,3,0,4,6,3623,深 川 真 二,31,29,6.85,2,0.25,1.53.4,1-5-4,29680,80,1-5,5880,16,1-4-5,7410,18,1-5,4290,10,,,,,,,
20250418,尼崎,4,予選,曇り,西,3,0,5,3,4706,三 浦 洋次朗,43,69,6.80,4,0.16,1.54.3,1-5-4,29680,80,1-5,5880,16,1-4-5,7410,18,1-5,4290,10,,,,,,,
20250418,尼崎,4,予選,曇り,西,3,0,6,2,5020,宮 村 勇 哉,56,65,6.86,3,0.17,1.57.3,1-5-4,29680,80,1-5,5880,16,1-4-5,7410,18,1-5,4290,10,,,,,,,
20250418,尼崎,5,予選,曇り,西,8,6,1,4,4171,榎 幸 司,6,60,6.86,4,0.13,1.51.1,4-2-5,3240,10,4-2,1440,8,2-4-5,450,1,2-4,560,3,,,,,,,
20250418,尼崎,5,予選,曇り,西,8,6,2,2,4652,酒 見 峻 介,52,41,6.84,2,0.18,1.52.1,4-2-5,3240,10,4-2,1440,8,2-4-5,450,1,2-4,560,3,,,,,,,
20250418,尼崎,5,予選,曇り,西,8,6,3,5,4295,小 坂 尚 哉,14,63,6.81,5,0.10,1.52.9,4-2-5,3240,10,4-2,1440,8,2-4-5,450,1,2-4,560,3,,,,,,,
20250418,尼崎,5,予選,曇り,西,8,6,4,1,3663,木 山 和 幸,32,31,6.90,1,0.23,1.55.2,4-2-5,3240,10,4-2,1440,8,2-4-5,450,1,2-4,560,3,,,,,,,
20250418,尼崎,5,予選,曇り,西,8,6,5,6,4866,橋 本 英 一,38,25,6.89,6,0.25,1.55.8,4-2-5,3240,10,4-2,1440,8,2-4-5,450,1,2-4,560,3,,,,,,,
20250418,尼崎,5,予選,曇り,西,8,6,6,3,4016,西 川 新太郎,39,66,6.87,3,0.17,1.57.4,4-2-5,3240,10,4-2,1440,8,2-4-5,450,1,2-4,560,3,,,,,,,
20250418,尼崎,6,昼どきピンク,曇り,西,6,4,1,1,4184,渡 邊 雄一郎,54,73,6.82,1,0.25,1.49.8,1-3-4,800,2,1-3,380,3,1-3-4,300,1,1-3,270,2,,,,,,,
20250418,尼崎,6,昼どきピンク,曇り,西,6,4,2,3,4431,石 塚 裕 介,47,75,6.84,3,0.25,1.52.0,1-3-4,800,2,1-3,380,3,1-3-4,300,1,1-3,270,2,,,,,,,
20250418,尼崎,6,昼どきピンク,曇り,西,6,4,3,4,4816,村 松 修 二,59,45,6.86,4,0.30,1.53.7,1-3-4,800,2,1-3,380,3,1-3-4,300,1,1-3,270,2,,,,,,,
20250418,尼崎,6,昼どきピンク,曇り,西,6,4,4,6,4491,田 中 堅,18,74,6.86,6,0.29,1.53.9,1-3-4,800,2,1-3,380,3,1-3-4,300,1,1-3,270,2,,,,,,,
20250418,尼崎,6,昼どきピンク,曇り,西,6,4,5,2,5229,吉 川 晴 人,40,70,6.82,2,0.22,1.55.3,1-3-4,800,2,1-3,380,3,1-3-4,300,1,1-3,270,2,,,,,,,
20250418,尼崎,6,昼どきピンク,曇り,西,6,4,6,5,4129,宇 野 博 之,22,38,6.85,5,0.28,1.57.7,1-3-4,800,2,1-3,380,3,1-3-4,300,1,1-3,270,2,,,,,,,
20250418,尼崎,7,予選,曇り,南西,5,3,1,1,5060,数 原 魁,11,34,6.82,1,0.13,1.50.2,1-2-5,2680,7,1-2,340,1,1-2-5,1210,6,1-2,330,1,,,,,,,
20250418,尼崎,7,予選,曇り,南西,5,3,2,2,4607,鶴 田 勇 雄,37,37,6.84,2,0.10,1.51.1,1-2-5,2680,7,1-2,340,1,1-2-5,1210,6,1-2,330,1,,,,,,,
20250418,尼崎,7,予選,曇り,南西,5,3,3,5,4416,三 宅 健 太,55,47,6.76,5,0.14,1.52.5,1-2-5,2680,7,1-2,340,1,1-2-5,1210,6,1-2,330,1,,,,,,,
20250418,尼崎,7,予選,曇り,南西,5,3,4,4,3838,伊 藤 啓 三,30,28,6.86,4,0.14,1.52.8,1-2-5,2680,7,1-2,340,1,1-2-5,1210,6,1-2,330,1,,,,,,,
20250418,尼崎,7,予選,曇り,南西,5,3,5,3,4635,峰 重 力 也,28,40,6.78,3,0.12,1.55.0,1-2-5,2680,7,1-2,340,1,1-2-5,1210,6,1-2,330,1,,,,,,,
20250418,尼崎,7,予選,曇り,南西,5,3,6,6,4514,上 條 嘉 嗣,49,68,6.77,6,0.21,1.57.2,1-2-5,2680,7,1-2,340,1,1-2-5,1210,6,1-2,330,1,,,,,,,
20250418,尼崎,8,予選,晴,南西,2,0,1,1,3747,國 崎 良 春,60,43,6.73,1,0.07,1.49.8,1-4-3,7620,23,1-4,1900,6,1-3-4,2710,11,1-4,1330,5,,,,,,,
20250418,尼崎,8,予選,晴,南西,2,0,2,4,5232,樅 山 拓 馬,33,44,6.80,4,0.08,1.51.7,1-4-3,7620,23,1-4,1900,6,1-3-4,2710,11,1-4,1330,5,,,,,,,
20250418,尼崎,8,予選,晴,南西,2,0,3,3,4508,野 間 大 樹,36,13,6.77,3,0.06,1.52.8,1-4-3,7620,23,1-4,1900,6,1-3-4,2710,11,1-4,1330,5,,,,,,,
20250418,尼崎,8,予選,晴,南西,2,0,4,6,3777,樋 口 亮,61,27,6.81,6,0.16,1.53.5,1-4-3,7620,23,1-4,1900,6,1-3-4,2710,11,1-4,1330,5,,,,,,,
20250418,尼崎,8,予選,晴,南西,2,0,5,2,4713,白 神 優,44,58,6.82,2,0.07,1.54.0,1-4-3,7620,23,1-4,1900,6,1-3-4,2710,11,1-4,1330,5,,,,,,,
20250418,尼崎,8,予選,晴,南西,2,0,6,5,4600,井 内 将太郎,50,30,6.79,5,0.10,1.56.8,1-4-3,7620,23,1-4,1900,6,1-3-4,2710,11,1-4,1330,5,,,,,,,
20250418,尼崎,9,予選,晴,西,5,3,1,3,4012,中 村 有 裕,19,35,6.82,3,0.13,1.50.8,3-2-6,7910,26,3-2,3020,9,2-3-6,3690,11,2-3,1810,5,,,,,,,
20250418,尼崎,9,予選,晴,西,5,3,2,2,3284,渡 邊 伸太郎,48,36,6.82,2,0.13,1.51.6,3-2-6,7910,26,3-2,3020,9,2-3-6,3690,11,2-3,1810,5,,,,,,,
20250418,尼崎,9,予選,晴,西,5,3,3,6,4463,三 苫 晃 幸,41,33,6.80,6,0.17,1.54.0,3-2-6,7910,26,3-2,3020,9,2-3-6,3690,11,2-3,1810,5,,,,,,,
20250418,尼崎,9,予選,晴,西,5,3,4,4,3807,岡 部 哲,45,39,6.85,4,0.18,1.55.3,3-2-6,7910,26,3-2,3020,9,2-3-6,3690,11,2-3,1810,5,,,,,,,
20250418,尼崎,9,予選,晴,西,5,3,5,5,3663,木 山 和 幸,32,31,6.90,5,0.16,1.56.5,3-2-6,7910,26,3-2,3020,9,2-3-6,3690,11,2-3,1810,5,,,,,,,
20250418,尼崎,9,予選,晴,西,5,3,6,1,4706,三 浦 洋次朗,43,69,6.75,1,0.31,1.57.4,3-2-6,7910,26,3-2,3020,9,2-3-6,3690,11,2-3,1810,5,,,,,,,
20250418,尼崎,10,予選特賞,晴,南西,6,4,1,4,4409,坂 元 浩 仁,34,71,6.84,4,0.14,1.49.4,4-2-6,9420,38,4-2,2880,11,2-4-6,2340,11,2-4,1740,7,,,,,,,
20250418,尼崎,10,予選特賞,晴,南西,6,4,2,2,3572,安 田 政 彦,51,61,6.83,2,0.33,1.53.2,4-2-6,9420,38,4-2,2880,11,2-4-6,2340,11,2-4,1740,7,,,,,,,
20250418,尼崎,10,予選特賞,晴,南西,6,4,3,6,4652,酒 見 峻 介,52,41,6.81,6,0.13,1.54.4,4-2-6,9420,38,4-2,2880,11,2-4-6,2340,11,2-4,1740,7,,,,,,,
20250418,尼崎,10,予選特賞,晴,南西,6,4,4,5,4674,池 田 剛 規,23,48,6.82,5,0.13,1.55.0,4-2-6,9420,38,4-2,2880,11,2-4-6,2340,11,2-4,1740,7,,,,,,,
20250418,尼崎,10,予選特賞,晴,南西,6,4,5,3,4380,鈴 木 峻 佑,58,46,6.80,3,0.25,1.56.8,4-2-6,9420,38,4-2,2880,11,2-4-6,2340,11,2-4,1740,7,,,,,,,
20250418,尼崎,10,予選特賞,晴,南西,6,4,6,1,4816,村 松 修 二,59,45,6.87,1,0.31,1.57.6,4-2-6,9420,38,4-2,2880,11,2-4-6,2340,11,2-4,1740,7,,,,,,,
20250418,尼崎,11,予選特選,晴,西,4,0,1,2,3838,伊 藤 啓 三,30,24,6.81,2,0.11,1.50.3,2-3-1,10070,30,2-3,3560,10,1-2-3,310,1,2-3,1700,6,,,,,,,
20250418,尼崎,11,予選特選,晴,西,4,0,2,3,4171,榎 幸 司,6,60,6.81,3,0.12,1.51.7,2-3-1,10070,30,2-3,3560,10,1-2-3,310,1,2-3,1700,6,,,,,,,
20250418,尼崎,11,予選特選,晴,西,4,0,3,1,3499,市 川 哲 也,42,42,6.83,1,0.15,1.52.8,2-3-1,10070,30,2-3,3560,10,1-2-3,310,1,2-3,1700,6,,,,,,,
20250418,尼崎,11,予選特選,晴,西,4,0,4,6,4431,石 塚 裕 介,47,75,6.81,6,0.18,1.53.5,2-3-1,10070,30,2-3,3560,10,1-2-3,310,1,2-3,1700,6,,,,,,,
20250418,尼崎,11,予選特選,晴,西,4,0,5,4,4462,夏 山 亮 平,46,32,6.78,4,0.15,1.54.5,2-3-1,10070,30,2-3,3560,10,1-2-3,310,1,2-3,1700,6,,,,,,,
20250418,尼崎,11,予選特選,晴,西,4,0,6,5,4793,金 子 萌,53,62,6.74,5,0.13,1.56.6,2-3-1,10070,30,2-3,3560,10,1-2-3,310,1,2-3,1700,6,,,,,,,
20250418,尼崎,12,サッポロ選抜,晴,西,5,3,1,1,4295,小 坂 尚 哉,14,63,6.78,1,0.21,1.49.8,1-5-3,2470,7,1-5,900,3,1-3-5,770,5,1-5,790,3,,,,,,,
20250418,尼崎,12,サッポロ選抜,晴,西,5,3,2,5,4067,永 井 源,57,72,6.79,5,0.15,1.50.9,1-5-3,2470,7,1-5,900,3,1-3-5,770,5,1-5,790,3,,,,,,,
20250418,尼崎,12,サッポロ選抜,晴,西,5,3,3,3,4514,上 條 嘉 嗣,49,68,6.77,3,0.16,1.52.2,1-5-3,2470,7,1-5,900,3,1-3-5,770,5,1-5,790,3,,,,,,,
20250418,尼崎,12,サッポロ選抜,晴,西,5,3,4,6,4713,白 神 優,44,58,6.81,6,0.15,1.53.6,1-5-3,2470,7,1-5,900,3,1-3-5,770,5,1-5,790,3,,,,,,,
20250418,尼崎,12,サッポロ選抜,晴,西,5,3,5,2,3623,深 川 真 二,31,29,6.78,2,0.25,1.54.5,1-5-3,2470,7,1-5,900,3,1-3-5,770,5,1-5,790,3,,,,,,,
20250418,尼崎,12,サッポロ選抜,晴,西,5,3,6,4,4184,渡 邊 雄一郎,54,73,6.85,4,0.14,1.56.5,1-5-3,2470,7,1-5,900,3,1-3-5,770,5,1-5,790,3,,,,,,,
20250418,常滑,1,朝トコ小判Ｒ,曇り,西,1,0,1,1,3905,天 野 友 和,38,16,6.80,1,0.21,1.51.1,1-4-5,2040,8,1-4,710,4,1-4-5,970,5,1-4,480,3,,,,,,,
20250418,常滑,1,朝トコ小判Ｒ,曇り,西,1,0,2,4,4355,小 川 広 大,57,66,6.82,4,0.18,1.52.3,1-4-5,2040,8,1-4,710,4,1-4-5,970,5,1-4,480,3,,,,,,,
20250418,常滑,1,朝トコ小判Ｒ,曇り,西,1,0,3,5,4031,飯 島 誠,29,26,6.80,5,0.17,1.53.1,1-4-5,2040,8,1-4,710,4,1-4-5,970,5,1-4,480,3,,,,,,,
20250418,常滑,1,朝トコ小判Ｒ,曇り,西,1,0,4,6,4865,立 具 敬 司,54,63,6.80,6,0.11,1.54.3,1-4-5,2040,8,1-4,710,4,1-4-5,970,5,1-4,480,3,,,,,,,
20250418,常滑,1,朝トコ小判Ｒ,曇り,西,1,0,5,2,4034,西 原 明 生,30,67,6.83,2,0.25,,1-4-5,2040,8,1-4,710,4,1-4-5,970,5,1-4,480,3,,,,,,,
20250418,常滑,1,朝トコ小判Ｒ,曇り,西,1,0,6,3,5061,中 村 駿 平,62,31,6.85,3,0.19,,1-4-5,2040,8,1-4,710,4,1-4-5,970,5,1-4,480,3,,,,,,,
20250418,常滑,2,予選,曇り,西,1,0,1,2,3792,田 中 豪,4,70,6.72,1,0.15,1.50.2,2-1-6,1930,4,2-1,1080,2,1-2-6,580,2,1-2,220,1,,,,,,,
20250418,常滑,2,予選,曇り,西,1,0,2,1,4180,上 野 秀 和,19,12,6.81,2,0.11,1.51.3,2-1-6,1930,4,2-1,1080,2,1-2-6,580,2,1-2,220,1,,,,,,,
20250418,常滑,2,予選,曇り,西,1,0,3,6,4089,妹 尾 忠 幸,9,28,6.82,5,0.16,1.52.8,2-1-6,1930,4,2-1,1080,2,1-2-6,580,2,1-2,220,1,,,,,,,
20250418,常滑,2,予選,曇り,西,1,0,4,3,5273,山 下 拓 巳,39,60,6.80,3,0.15,1.54.5,2-1-6,1930,4,2-1,1080,2,1-2-6,580,2,1-2,220,1,,,,,,,
20250418,常滑,2,予選,曇り,西,1,0,5,4,4022,待 鳥 雄 紀,43,17,6.77,4,0.15,,2-1-6,1930,4,2-1,1080,2,1-2-6,580,2,1-2,220,1,,,,,,,
20250418,常滑,2,予選,曇り,西,1,0,6,5,5311,小 林 京 平,31,37,6.68,6,0.34,,2-1-6,1930,4,2-1,1080,2,1-2-6,580,2,1-2,220,1,,,,,,,
20250418,常滑,3,予選,曇り,西,1,0,1,1,5211,高 井 駿 弥,11,32,6.80,1,0.11,1.50.2,1-3-6,4440,16,1-3,2320,12,1-3-6,1330,7,1-3,1140,8,,,,,,,
20250418,常滑,3,予選,曇り,西,1,0,2,3,4241,大 串 重 幸,6,51,6.80,3,0.15,1.52.5,1-3-6,4440,16,1-3,2320,12,1-3-6,1330,7,1-3,1140,8,,,,,,,
20250418,常滑,3,予選,曇り,西,1,0,3,6,4776,竹 田 和 哉,20,14,6.85,5,0.24,1.53.4,1-3-6,4440,16,1-3,2320,12,1-3-6,1330,7,1-3,1140,8,,,,,,,
20250418,常滑,3,予選,曇り,西,1,0,4,2,4104,木 下 陽 介,28,49,6.78,2,0.10,1.54.1,1-3-6,4440,16,1-3,2320,12,1-3-6,1330,7,1-3,1140,8,,,,,,,
20250418,常滑,3,予選,曇り,西,1,0,5,5,4877,鈴 谷 一 平,51,73,6.77,4,0.38,,1-3-6,4440,16,1-3,2320,12,1-3-6,1330,7,1-3,1140,8,,,,,,,
20250418,常滑,3,予選,曇り,西,1,0,6,4,5364,金 子 怜 央,12,42,6.86,6,0.25,,1-3-6,4440,16,1-3,2320,12,1-3-6,1330,7,1-3,1140,8,,,,,,,
20250418,常滑,4,予選,晴,西,2,0,1,4,5041,荒 牧 凪 沙,27,71,6.71,4,0.23,1.50.9,4-6-1,19980,54,4-6,4180,15,1-4-6,4580,15,4-6,4470,11,,,,,,,
20250418,常滑,4,予選,晴,西,2,0,2,6,3643,米 田 隆 弘,45,59,6.75,6,0.26,1.53.0,4-6-1,19980,54,4-6,4180,15,1-4-6,4580,15,4-6,4470,11,,,,,,,
20250418,常滑,4,予選,晴,西,2,0,3,1,3947,寺 本 昇 平,33,39,6.82,1,0.25,1.54.3,4-6-1,19980,54,4-6,4180,15,1-4-6,4580,15,4-6,4470,11,,,,,,,
20250418,常滑,4,予選,晴,西,2,0,4,5,3605,中 村 守 成,18,52,6.84,5,0.29,1.55.1,4-6-1,19980,54,4-6,4180,15,1-4-6,4580,15,4-6,4470,11,,,,,,,
20250418,常滑,4,予選,晴,西,2,0,5,2,4266,長 田 頼 宗,37,47,6.72,2,0.25,,4-6-1,19980,54,4-6,4180,15,1-4-6,4580,15,4-6,4470,11,,,,,,,
20250418,常滑,4,予選,晴,西,2,0,6,3,3350,藤 本 佳 史,46,58,6.76,3,0.30,,4-6-1,19980,54,4-6,4180,15,1-4-6,4580,15,4-6,4470,11,,,,,,,
20250418,常滑,5,予選,晴,西,2,0,1,3,4715,村 上 遼,52,68,6.79,3,0.13,1.50.6,3-1-4,1810,2,3-1,620,2,1-3-4,530,4,1-3,480,3,,,,,,,
20250418,常滑,5,予選,晴,西,2,0,2,1,3596,河 上 年 昭,24,57,6.76,1,0.13,1.51.1,3-1-4,1810,2,3-1,620,2,1-3-4,530,4,1-3,480,3,,,,,,,
20250418,常滑,5,予選,晴,西,2,0,3,4,4934,佐々木 翔 斗,58,19,6.74,4,0.05,1.53.1,3-1-4,1810,2,3-1,620,2,1-3-4,530,4,1-3,480,3,,,,,,,
20250418,常滑,5,予選,晴,西,2,0,4,2,4684,楠 原 翔 太,61,27,6.74,2,0.30,1.54.6,3-1-4,1810,2,3-1,620,2,1-3-4,530,4,1-3,480,3,,,,,,,
20250418,常滑,5,予選,晴,西,2,0,5,6,4487,三 原 司,7,62,6.79,6,0.13,,3-1-4,1810,2,3-1,620,2,1-3-4,530,4,1-3,480,3,,,,,,,
20250418,常滑,5,予選,晴,西,2,0,6,5,4889,後 藤 盛 也,41,50,6.76,5,0.06,,3-1-4,1810,2,3-1,620,2,1-3-4,530,4,1-3,480,3,,,,,,,
20250418,常滑,6,昼トコ小判Ｒ,晴,西,3,1,1,4,4903,吉 田 凌太朗,23,54,6.73,4,0.15,1.51.0,4-1-6,1510,6,4-1,460,2,1-4-6,410,3,1-4,180,1,,,,,,,
20250418,常滑,6,昼トコ小判Ｒ,晴,西,3,1,2,1,4644,山 田 亮 太,21,65,6.84,1,0.15,1.52.4,4-1-6,1510,6,4-1,460,2,1-4-6,410,3,1-4,180,1,,,,,,,
20250418,常滑,6,昼トコ小判Ｒ,晴,西,3,1,3,6,4811,向井田 佑 紀,55,22,6.79,6,0.26,1.54.6,4-1-6,1510,6,4-1,460,2,1-4-6,410,3,1-4,180,1,,,,,,,
20250418,常滑,6,昼トコ小判Ｒ,晴,西,3,1,4,2,3973,崎 利 仁,26,21,6.81,2,0.20,1.55.8,4-1-6,1510,6,4-1,460,2,1-4-6,410,3,1-4,180,1,,,,,,,
20250418,常滑,6,昼トコ小判Ｒ,晴,西,3,1,5,5,5061,中 村 駿 平,62,31,6.80,5,0.22,,4-1-6,1510,6,4-1,460,2,1-4-6,410,3,1-4,180,1,,,,,,,
20250418,常滑,6,昼トコ小判Ｒ,晴,西,3,1,6,3,5022,伊 藤 尚 汰,56,30,6.77,3,0.23,,4-1-6,1510,6,4-1,460,2,1-4-6,410,3,1-4,180,1,,,,,,,
20250418,常滑,7,予選,晴,西,2,1,1,6,4043,桐 本 康 臣,15,36,6.79,5,0.06,1.50.6,6-2-1,13980,41,6-2,4900,14,1-2-6,1820,6,2-6,3630,9,,,,,,,
20250418,常滑,7,予選,晴,西,2,1,2,2,4355,小 川 広 大,57,66,6.80,2,0.11,1.52.4,6-2-1,13980,41,6-2,4900,14,1-2-6,1820,6,2-6,3630,9,,,,,,,
20250418,常滑,7,予選,晴,西,2,1,3,1,4374,永 田 義 紘,32,46,6.83,1,0.08,1.53.7,6-2-1,13980,41,6-2,4900,14,1-2-6,1820,6,2-6,3630,9,,,,,,,
20250418,常滑,7,予選,晴,西,2,1,4,4,5273,山 下 拓 巳,39,60,6.85,4,0.18,1.54.8,6-2-1,13980,41,6-2,4900,14,1-2-6,1820,6,2-6,3630,9,,,,,,,
20250418,常滑,7,予選,晴,西,2,1,5,3,4748,渡 邉 雄 朗,60,41,6.76,3,0.09,,6-2-1,13980,41,6-2,4900,14,1-2-6,1820,6,2-6,3630,9,,,,,,,
20250418,常滑,7,予選,晴,西,2,1,6,5,5364,金 子 怜 央,12,42,6.86,6,0.09,,6-2-1,13980,41,6-2,4900,14,1-2-6,1820,6,2-6,3630,9,,,,,,,
20250418,常滑,8,予選,晴,西,2,1,1,1,3282,池 本 輝 明,49,74,6.74,1,0.22,1.50.8,1-3-4,900,2,1-3,640,3,1-3-4,230,1,1-3,360,1,,,,,,,
20250418,常滑,8,予選,晴,西,2,1,2,3,4357,田 中 和 也,36,33,6.78,2,0.23,1.52.8,1-3-4,900,2,1-3,640,3,1-3-4,230,1,1-3,360,1,,,,,,,
20250418,常滑,8,予選,晴,西,2,1,3,4,3905,天 野 友 和,38,16,6.74,3,0.21,1.54.4,1-3-4,900,2,1-3,640,3,1-3-4,230,1,1-3,360,1,,,,,,,
20250418,常滑,8,予選,晴,西,2,1,4,2,4047,吉 永 浩 則,1,29,6.82,4,0.21,1.56.1,1-3-4,900,2,1-3,640,3,1-3-4,230,1,1-3,360,1,,,,,,,
20250418,常滑,8,予選,晴,西,2,1,5,6,4022,待 鳥 雄 紀,43,17,6.79,6,0.19,,1-3-4,900,2,1-3,640,3,1-3-4,230,1,1-3,360,1,,,,,,,
20250418,常滑,8,予選,晴,西,2,1,6,5,4104,木 下 陽 介,28,49,6.76,5,0.16,,1-3-4,900,2,1-3,640,3,1-3-4,230,1,1-3,360,1,,,,,,,
20250418,常滑,9,予選特賞,曇り,西,1,0,1,6,3792,田 中 豪,4,70,6.73,6,0.12,1.50.3,6-2-1,10300,29,6-2,5430,14,1-2-6,530,3,2-6,2250,8,,,,,,,
20250418,常滑,9,予選特賞,曇り,西,1,0,2,2,3319,山 崎 義 明,50,43,6.79,2,0.12,1.51.3,6-2-1,10300,29,6-2,5430,14,1-2-6,530,3,2-6,2250,8,,,,,,,
20250418,常滑,9,予選特賞,曇り,西,1,0,3,1,5002,上 田 健 太,8,25,6.74,1,0.10,1.52.6,6-2-1,10300,29,6-2,5430,14,1-2-6,530,3,2-6,2250,8,,,,,,,
20250418,常滑,9,予選特賞,曇り,西,1,0,4,4,4865,立 具 敬 司,54,63,6.75,4,0.09,1.54.0,6-2-1,10300,29,6-2,5430,14,1-2-6,530,3,2-6,2250,8,,,,,,,
20250418,常滑,9,予選特賞,曇り,西,1,0,5,5,5223,森 清 友 翔,13,44,6.78,5,0.10,,6-2-1,10300,29,6-2,5430,14,1-2-6,530,3,2-6,2250,8,,,,,,,
20250418,常滑,9,予選特賞,曇り,西,1,0,6,3,5041,荒 牧 凪 沙,27,71,6.70,3,0.12,,6-2-1,10300,29,6-2,5430,14,1-2-6,530,3,2-6,2250,8,,,,,,,
20250418,常滑,10,予選特賞,曇り,南西,2,0,1,1,4877,鈴 谷 一 平,51,73,6.79,1,0.17,1.50.6,1-3-2,1330,4,1-3,550,3,1-2-3,380,2,1-3,680,3,,,,,,,
20250418,常滑,10,予選特賞,曇り,南西,2,0,2,3,4031,飯 島 誠,29,26,6.75,3,0.17,1.51.2,1-3-2,1330,4,1-3,550,3,1-2-3,380,2,1-3,680,3,,,,,,,
20250418,常滑,10,予選特賞,曇り,南西,2,0,3,2,4089,妹 尾 忠 幸,9,28,6.81,2,0.17,1.53.5,1-3-2,1330,4,1-3,550,3,1-2-3,380,2,1-3,680,3,,,,,,,
20250418,常滑,10,予選特賞,曇り,南西,2,0,4,6,4684,楠 原 翔 太,61,27,6.73,6,0.15,1.53.9,1-3-2,1330,4,1-3,550,3,1-2-3,380,2,1-3,680,3,,,,,,,
20250418,常滑,10,予選特賞,曇り,南西,2,0,5,4,3643,米 田 隆 弘,45,59,6.76,4,0.19,,1-3-2,1330,4,1-3,550,3,1-2-3,380,2,1-3,680,3,,,,,,,
20250418,常滑,10,予選特賞,曇り,南西,2,0,6,5,3973,崎 利 仁,26,21,6.83,5,0.16,,1-3-2,1330,4,1-3,550,3,1-2-3,380,2,1-3,680,3,,,,,,,
20250418,常滑,11,予選特選,曇り,南西,2,0,1,1,4748,渡 邉 雄 朗,60,41,6.74,1,0.20,1.51.2,1-2-6,3680,13,1-2,350,2,1-2-6,1990,7,1-2,280,1,,,,,,,
20250418,常滑,11,予選特選,曇り,南西,2,0,2,2,4889,後 藤 盛 也,41,50,6.82,2,0.16,1.51.8,1-2-6,3680,13,1-2,350,2,1-2-6,1990,7,1-2,280,1,,,,,,,
20250418,常滑,11,予選特選,曇り,南西,2,0,3,6,3350,藤 本 佳 史,46,58,6.83,6,0.27,1.53.8,1-2-6,3680,13,1-2,350,2,1-2-6,1990,7,1-2,280,1,,,,,,,
20250418,常滑,11,予選特選,曇り,南西,2,0,4,4,4180,上 野 秀 和,19,12,6.79,4,0.27,1.55.8,1-2-6,3680,13,1-2,350,2,1-2-6,1990,7,1-2,280,1,,,,,,,
20250418,常滑,11,予選特選,曇り,南西,2,0,5,3,4811,向井田 佑 紀,55,22,6.81,3,0.21,,1-2-6,3680,13,1-2,350,2,1-2-6,1990,7,1-2,280,1,,,,,,,
20250418,常滑,11,予選特選,曇り,南西,2,0,6,5,4241,大 串 重 幸,6,51,6.84,5,0.27,,1-2-6,3680,13,1-2,350,2,1-2-6,1990,7,1-2,280,1,,,,,,,
20250418,常滑,12,予選ドリーム,曇り,南,2,0,1,5,4266,長 田 頼 宗,37,47,6.81,5,0.18,1.49.4,5-1-4,15770,40,5-1,4760,11,1-4-5,1130,5,1-5,1130,4,,,,,,,
20250418,常滑,12,予選ドリーム,曇り,南,2,0,2,1,4903,吉 田 凌太朗,23,54,6.76,1,0.07,1.51.0,5-1-4,15770,40,5-1,4760,11,1-4-5,1130,5,1-5,1130,4,,,,,,,
20250418,常滑,12,予選ドリーム,曇り,南,2,0,3,4,4715,村 上 遼,52,68,6.75,4,0.09,1.52.7,5-1-4,15770,40,5-1,4760,11,1-4-5,1130,5,1-5,1130,4,,,,,,,
20250418,常滑,12,予選ドリーム,曇り,南,2,0,4,3,4776,竹 田 和 哉,20,14,6.83,3,0.15,1.54.5,5-1-4,15770,40,5-1,4760,11,1-4-5,1130,5,1-5,1130,4,,,,,,,
20250418,常滑,12,予選ドリーム,曇り,南,2,0,5,6,4357,田 中 和 也,36,33,6.77,6,0.24,,5-1-4,15770,40,5-1,4760,11,1-4-5,1130,5,1-5,1130,4,,,,,,,
20250418,常滑,12,予選ドリーム,曇り,南,2,0,6,2,4043,桐 本 康 臣,15,36,6.82,2,0.10,,5-1-4,15770,40,5-1,4760,11,1-4-5,1130,5,1-5,1130,4,,,,,,,
20250418,平和島,1,一般,晴,南,3,3,1,2,5265,大 廣 咲 季,28,74,6.89,2,0.18,1.50.6,2-4-1,12940,55,2-4,2410,13,1-2-4,1840,9,2-4,1510,7,,,,,,,
20250418,平和島,1,一般,晴,南,3,3,2,4,5241,門 田 栞,33,75,6.80,4,0.27,1.51.5,2-4-1,12940,55,2-4,2410,13,1-2-4,1840,9,2-4,1510,7,,,,,,,
20250418,平和島,1,一般,晴,南,3,3,3,1,5153,佐 藤 ほのか,71,63,6.87,1,0.22,1.53.2,2-4-1,12940,55,2-4,2410,13,1-2-4,1840,9,2-4,1510,7,,,,,,,
20250418,平和島,1,一般,晴,南,3,3,4,3,4286,平 田 さやか,27,45,6.94,3,0.22,1.54.3,2-4-1,12940,55,2-4,2410,13,1-2-4,1840,9,2-4,1510,7,,,,,,,
20250418,平和島,1,一般,晴,南,3,3,5,6,4941,孫 崎 百 世,63,19,6.86,6,0.34,,2-4-1,12940,55,2-4,2410,13,1-2-4,1840,9,2-4,1510,7,,,,,,,
20250418,平和島,1,一般,晴,南,3,3,6,5,5079,大 石 真 央,26,47,7.01,5,0.30,,2-4-1,12940,55,2-4,2410,13,1-2-4,1840,9,2-4,1510,7,,,,,,,
20250418,平和島,2,一般,晴,南,4,3,1,3,4891,寺 島 美 里,22,55,6.92,3,0.15,1.52.0,3-1-2,4490,19,3-1,510,1,1-2-3,940,5,1-3,260,1,,,,,,,
20250418,平和島,2,一般,晴,南,4,3,2,1,5151,山 下 奈 緒,23,36,6.92,1,0.12,1.53.8,3-1-2,4490,19,3-1,510,1,1-2-3,940,5,1-3,260,1,,,,,,,
20250418,平和島,2,一般,晴,南,4,3,3,2,5334,樫 葉 新 心,12,68,6.90,2,0.20,1.55.5,3-1-2,4490,19,3-1,510,1,1-2-3,940,5,1-3,260,1,,,,,,,
20250418,平和島,2,一般,晴,南,4,3,4,4,4853,前 原 哉,29,48,6.84,4,0.19,1.57.0,3-1-2,4490,19,3-1,510,1,1-2-3,940,5,1-3,260,1,,,,,,,
20250418,平和島,2,一般,晴,南,4,3,5,5,4680,後 藤 美 翼,51,14,6.85,5,0.25,,3-1-2,4490,19,3-1,510,1,1-2-3,940,5,1-3,260,1,,,,,,,
20250418,平和島,2,一般,晴,南,4,3,6,6,5367,赤 松 咲 香,39,59,6.86,6,0.24,,3-1-2,4490,19,3-1,510,1,1-2-3,940,5,1-3,260,1,,,,,,,
20250418,平和島,3,一般,晴,南,4,3,1,2,5277,井 上 未 都,61,39,6.96,2,0.13,1.50.8,2-1-5,5470,17,2-1,1680,6,1-2-5,980,5,1-2,400,2,,,,,,,
20250418,平和島,3,一般,晴,南,4,3,2,1,4909,薮 内 瑞 希,44,56,6.82,1,0.05,1.52.2,2-1-5,5470,17,2-1,1680,6,1-2-5,980,5,1-2,400,2,,,,,,,
20250418,平和島,3,一般,晴,南,4,3,3,5,4984,森 下 愛 梨,14,44,6.94,5,0.33,1.54.9,2-1-5,5470,17,2-1,1680,6,1-2-5,980,5,1-2,400,2,,,,,,,
20250418,平和島,3,一般,晴,南,4,3,4,3,4758,富 樫 麗 加,37,53,6.94,3,0.10,1.54.9,2-1-5,5470,17,2-1,1680,6,1-2-5,980,5,1-2,400,2,,,,,,,
20250418,平和島,3,一般,晴,南,4,3,5,4,4924,中 北 涼,67,11,7.00,4,0.22,,2-1-5,5470,17,2-1,1680,6,1-2-5,980,5,1-2,400,2,,,,,,,
20250418,平和島,3,一般,晴,南,4,3,6,6,5194,大久保 佑 香,40,52,6.96,6,0.31,,2-1-5,5470,17,2-1,1680,6,1-2-5,980,5,1-2,400,2,,,,,,,
20250418,平和島,4,一般,晴,南,4,3,1,1,4689,豊 田 結,46,64,6.89,1,0.17,1.50.4,1-3-4,1080,2,1-3,380,1,1-3-4,480,1,1-3,260,1,,,,,,,
20250418,平和島,4,一般,晴,南,4,3,2,3,4473,藤 堂 里 香,47,32,6.93,3,0.20,1.51.6,1-3-4,1080,2,1-3,380,1,1-3-4,480,1,1-3,260,1,,,,,,,
20250418,平和島,4,一般,晴,南,4,3,3,4,4791,黒 澤 めぐみ,57,51,6.98,4,0.20,1.53.6,1-3-4,1080,2,1-3,380,1,1-3-4,480,1,1-3,260,1,,,,,,,
20250418,平和島,4,一般,晴,南,4,3,4,5,4373,若 狭 奈美子,73,40,6.89,5,0.25,1.55.0,1-3-4,1080,2,1-3,380,1,1-3-4,480,1,1-3,260,1,,,,,,,
20250418,平和島,4,一般,晴,南,4,3,5,2,4730,土 屋 実沙希,66,58,6.96,2,0.19,,1-3-4,1080,2,1-3,380,1,1-3-4,480,1,1-3,260,1,,,,,,,
20250418,平和島,4,一般,晴,南,4,3,6,6,5361,植 竹 玲 奈,25,34,7.03,6,0.32,,1-3-4,1080,2,1-3,380,1,1-3-4,480,1,1-3,260,1,,,,,,,
20250418,平和島,5,一般,晴,西,1,3,1,2,5205,刑 部 亜里紗,31,43,6.86,2,0.10,1.50.8,2-1-4,1420,6,2-1,810,4,1-2-4,270,1,1-2,250,1,,,,,,,
20250418,平和島,5,一般,晴,西,1,3,2,1,5241,門 田 栞,33,75,6.97,1,0.20,1.51.9,2-1-4,1420,6,2-1,810,4,1-2-4,270,1,1-2,250,1,,,,,,,
20250418,平和島,5,一般,晴,西,1,3,3,4,4387,平 山 智 加,15,70,7.02,4,0.11,1.53.2,2-1-4,1420,6,2-1,810,4,1-2-4,270,1,1-2,250,1,,,,,,,
20250418,平和島,5,一般,晴,西,1,3,4,5,5153,佐 藤 ほのか,71,63,7.09,5,0.08,1.55.1,2-1-4,1420,6,2-1,810,4,1-2-4,270,1,1-2,250,1,,,,,,,
20250418,平和島,5,一般,晴,西,1,3,5,6,5251,沼 田 七 華,48,60,6.97,6,0.11,,2-1-4,1420,6,2-1,810,4,1-2-4,270,1,1-2,250,1,,,,,,,
20250418,平和島,5,一般,晴,西,1,3,6,3,5156,坂 野 さくら,19,13,6.94,3,0.07,,2-1-4,1420,6,2-1,810,4,1-2-4,270,1,1-2,250,1,,,,,,,
20250418,平和島,6,一般,晴,南,5,3,1,2,4478,櫻 本 あゆみ,21,37,6.89,2,0.12,1.51.4,2-1-4,1760,5,2-1,790,2,1-2-4,430,2,1-2,320,1,,,,,,,
20250418,平和島,6,一般,晴,南,5,3,2,1,5265,大 廣 咲 季,28,74,6.86,1,0.09,1.53.5,2-1-4,1760,5,2-1,790,2,1-2-4,430,2,1-2,320,1,,,,,,,
20250418,平和島,6,一般,晴,南,5,3,3,4,4014,片 岡 恵 里,35,72,6.84,4,0.17,1.54.2,2-1-4,1760,5,2-1,790,2,1-2-4,430,2,1-2,320,1,,,,,,,
20250418,平和島,6,一般,晴,南,5,3,4,3,5151,山 下 奈 緒,23,36,6.90,3,0.15,1.55.7,2-1-4,1760,5,2-1,790,2,1-2-4,430,2,1-2,320,1,,,,,,,
20250418,平和島,6,一般,晴,南,5,3,5,5,4963,實 森 美 祐,52,49,6.87,5,0.13,,2-1-4,1760,5,2-1,790,2,1-2-4,430,2,1-2,320,1,,,,,,,
20250418,平和島,6,一般,晴,南,5,3,6,6,5365,石 村 日奈那,72,38,6.93,6,0.22,,2-1-4,1760,5,2-1,790,2,1-2-4,430,2,1-2,320,1,,,,,,,
20250418,平和島,7,一般,晴,南,3,3,1,1,5148,松 本 怜,58,57,6.83,1,0.09,1.51.2,1-6-2,2390,9,1-6,620,3,1-2-6,550,3,1-6,530,3,,,,,,,
20250418,平和島,7,一般,晴,南,3,3,2,6,4190,長 嶋 万 記,49,33,7.00,5,0.12,1.52.6,1-6-2,2390,9,1-6,620,3,1-2-6,550,3,1-6,530,3,,,,,,,
20250418,平和島,7,一般,晴,南,3,3,3,2,5079,大 石 真 央,26,47,6.85,2,0.11,1.54.0,1-6-2,2390,9,1-6,620,3,1-2-6,550,3,1-6,530,3,,,,,,,
20250418,平和島,7,一般,晴,南,3,3,4,4,4680,後 藤 美 翼,51,14,6.86,4,0.12,1.54.3,1-6-2,2390,9,1-6,620,3,1-2-6,550,3,1-6,530,3,,,,,,,
20250418,平和島,7,一般,晴,南,3,3,5,3,5277,井 上 未 都,61,39,6.97,3,0.06,,1-6-2,2390,9,1-6,620,3,1-2-6,550,3,1-6,530,3,,,,,,,
20250418,平和島,7,一般,晴,南,3,3,6,5,5367,赤 松 咲 香,39,59,6.88,6,0.13,,1-6-2,2390,9,1-6,620,3,1-2-6,550,3,1-6,530,3,,,,,,,
20250418,平和島,8,一般,晴,南,5,3,1,5,4941,孫 崎 百 世,63,19,6.90,6,0.23,1.52.8,5-2-1,9440,26,5-2,5300,14,1-2-5,300,2,2-5,2050,6,,,,,,,
20250418,平和島,8,一般,晴,南,5,3,2,2,4984,森 下 愛 梨,14,44,6.83,2,0.23,1.54.0,5-2-1,9440,26,5-2,5300,14,1-2-5,300,2,2-5,2050,6,,,,,,,
20250418,平和島,8,一般,晴,南,5,3,3,1,4891,寺 島 美 里,22,55,6.87,1,0.23,1.54.1,5-2-1,9440,26,5-2,5300,14,1-2-5,300,2,2-5,2050,6,,,,,,,
20250418,平和島,8,一般,晴,南,5,3,4,4,5361,植 竹 玲 奈,25,34,7.11,5,0.18,1.56.0,5-2-1,9440,26,5-2,5300,14,1-2-5,300,2,2-5,2050,6,,,,,,,
20250418,平和島,8,一般,晴,南,5,3,5,3,5334,樫 葉 新 心,12,68,7.04,3,0.23,,5-2-1,9440,26,5-2,5300,14,1-2-5,300,2,2-5,2050,6,,,,,,,
20250418,平和島,8,一般,晴,南,5,3,6,6,4730,土 屋 実沙希,66,58,6.93,4,0.19,,5-2-1,9440,26,5-2,5300,14,1-2-5,300,2,2-5,2050,6,,,,,,,
20250418,平和島,9,一般特選,晴,南,6,4,1,1,4791,黒 澤 めぐみ,57,51,6.82,1,0.10,1.51.5,1-2-3,850,1,1-2,460,2,1-2-3,350,1,1-2,410,2,,,,,,,
20250418,平和島,9,一般特選,晴,南,6,4,2,2,4726,島 田 なぎさ,17,54,7.01,2,0.12,1.53.4,1-2-3,850,1,1-2,460,2,1-2-3,350,1,1-2,410,2,,,,,,,
20250418,平和島,9,一般特選,晴,南,6,4,3,3,3993,永 井 聖 美,36,12,7.04,3,0.11,1.54.9,1-2-3,850,1,1-2,460,2,1-2-3,350,1,1-2,410,2,,,,,,,
20250418,平和島,9,一般特選,晴,南,6,4,4,6,4909,薮 内 瑞 希,44,56,6.95,6,0.14,1.55.9,1-2-3,850,1,1-2,460,2,1-2-3,350,1,1-2,410,2,,,,,,,
20250418,平和島,9,一般特選,晴,南,6,4,5,4,4844,村 上 奈 穂,30,10,7.00,4,0.13,,1-2-3,850,1,1-2,460,2,1-2-3,350,1,1-2,410,2,,,,,,,
20250418,平和島,9,一般特選,晴,南,6,4,6,5,5165,小 林 愛 実,53,35,7.05,5,0.17,,1-2-3,850,1,1-2,460,2,1-2-3,350,1,1-2,410,2,,,,,,,
20250418,平和島,10,選抜,晴,南,6,4,1,4,5156,坂 野 さくら,19,13,6.93,4,0.07,1.50.5,4-5-6,13110,38,4-5,2760,10,4-5-6,3960,15,4-5,2030,7,,,,,,,
20250418,平和島,10,選抜,晴,南,6,4,2,5,4478,櫻 本 あゆみ,21,37,6.98,5,0.06,1.51.8,4-5-6,13110,38,4-5,2760,10,4-5-6,3960,15,4-5,2030,7,,,,,,,
20250418,平和島,10,選抜,晴,南,6,4,3,6,4689,豊 田 結,46,64,7.06,6,0.10,1.54.7,4-5-6,13110,38,4-5,2760,10,4-5-6,3960,15,4-5,2030,7,,,,,,,
20250418,平和島,10,選抜,晴,南,6,4,4,2,4924,中 北 涼,67,11,7.01,2,0.18,1.56.2,4-5-6,13110,38,4-5,2760,10,4-5-6,3960,15,4-5,2030,7,,,,,,,
20250418,平和島,10,選抜,晴,南,6,4,5,3,4387,平 山 智 加,15,70,6.95,3,0.12,,4-5-6,13110,38,4-5,2760,10,4-5-6,3960,15,4-5,2030,7,,,,,,,
20250418,平和島,10,選抜,晴,南,6,4,6,1,4373,若 狭 奈美子,73,40,6.94,1,0.15,,4-5-6,13110,38,4-5,2760,10,4-5-6,3960,15,4-5,2030,7,,,,,,,
20250418,平和島,11,選抜,晴,南,5,4,1,1,4963,實 森 美 祐,52,49,6.89,1,0.15,1.49.6,1-4-2,970,2,1-4,470,2,1-2-4,320,1,1-4,370,2,,,,,,,
20250418,平和島,11,選抜,晴,南,5,4,2,4,4473,藤 堂 里 香,47,32,6.84,4,0.20,1.51.5,1-4-2,970,2,1-4,470,2,1-2-4,320,1,1-4,370,2,,,,,,,
20250418,平和島,11,選抜,晴,南,5,4,3,2,4014,片 岡 恵 里,35,72,6.87,2,0.19,1.53.6,1-4-2,970,2,1-4,470,2,1-2-4,320,1,1-4,370,2,,,,,,,
20250418,平和島,11,選抜,晴,南,5,4,4,6,5148,松 本 怜,58,57,6.95,6,0.24,1.55.1,1-4-2,970,2,1-4,470,2,1-2-4,320,1,1-4,370,2,,,,,,,
20250418,平和島,11,選抜,晴,南,5,4,5,5,5205,刑 部 亜里紗,31,43,6.95,5,0.19,,1-4-2,970,2,1-4,470,2,1-2-4,320,1,1-4,370,2,,,,,,,
20250418,平和島,11,選抜,晴,南,5,4,6,3,4853,前 原 哉,29,48,6.95,3,0.20,,1-4-2,970,2,1-4,470,2,1-2-4,320,1,1-4,370,2,,,,,,,
20250418,平和島,12,優勝戦,晴,南,4,3,1,5,4519,清 水 沙 樹,34,50,6.76,5,0.06,1.50.0,5-1-6,4690,18,5-1,1200,5,1-5-6,1820,7,1-5,460,3,,,,,,,
20250418,平和島,12,優勝戦,晴,南,4,3,2,1,4738,清 埜 翔 子,62,41,6.77,1,0.11,1.50.3,5-1-6,4690,18,5-1,1200,5,1-5-6,1820,7,1-5,460,3,,,,,,,
20250418,平和島,12,優勝戦,晴,南,4,3,3,6,4927,関 野 文,70,65,7.03,6,0.13,1.53.8,5-1-6,4690,18,5-1,1200,5,1-5-6,1820,7,1-5,460,3,,,,,,,
20250418,平和島,12,優勝戦,晴,南,4,3,4,2,4117,廣 中 智紗衣,45,62,6.93,2,0.19,1.53.9,5-1-6,4690,18,5-1,1200,5,1-5-6,1820,7,1-5,460,3,,,,,,,
20250418,平和島,12,優勝戦,晴,南,4,3,5,3,4240,今 井 裕 梨,38,71,6.96,3,0.19,,5-1-6,4690,18,5-1,1200,5,1-5-6,1820,7,1-5,460,3,,,,,,,
20250418,平和島,12,優勝戦,晴,南,4,3,6,4,3435,寺 田 千 恵,59,46,6.85,4,0.17,,5-1-6,4690,18,5-1,1200,5,1-5-6,1820,7,1-5,460,3,,,,,,,
20250418,徳山,1,朝トク予選,曇り,南東,1,1,1,1,4152,深 水 慎一郎,36,31,6.92,1,0.07,1.52.4,1-3-2,900,3,1-3,270,1,1-2-3,310,2,1-3,220,1,,,,,,,
20250418,徳山,1,朝トク予選,曇り,南東,1,1,2,3,4092,岡 部 大 輔,50,42,7.00,3,0.08,1.53.5,1-3-2,900,3,1-3,270,1,1-2-3,310,2,1-3,220,1,,,,,,,
20250418,徳山,1,朝トク予選,曇り,南東,1,1,3,2,3901,松 田 憲 幸,16,13,7.06,2,0.15,1.55.7,1-3-2,900,3,1-3,270,1,1-2-3,310,2,1-3,220,1,,,,,,,
20250418,徳山,1,朝トク予選,曇り,南東,1,1,4,5,5179,藤 本 元 輝,45,20,6.99,5,0.13,1.56.5,1-3-2,900,3,1-3,270,1,1-2-3,310,2,1-3,220,1,,,,,,,
20250418,徳山,1,朝トク予選,曇り,南東,1,1,5,4,4158,木 場 雄二郎,33,38,6.97,4,0.15,,1-3-2,900,3,1-3,270,1,1-2-3,310,2,1-3,220,1,,,,,,,
20250418,徳山,1,朝トク予選,曇り,南東,1,1,6,6,3211,北 川 敏 弘,21,22,7.10,6,0.17,,1-3-2,900,3,1-3,270,1,1-2-3,310,2,1-3,220,1,,,,,,,
20250418,徳山,2,狙いトク特選,曇り,南東,1,1,1,2,4381,田 路 朋 史,43,29,6.88,2,0.09,1.51.5,2-1-5,11830,28,2-1,3310,7,1-2-5,900,5,1-2,340,2,,,,,,,
20250418,徳山,2,狙いトク特選,曇り,南東,1,1,2,1,4643,近 江 翔 吾,35,75,6.98,1,0.09,1.52.0,2-1-5,11830,28,2-1,3310,7,1-2-5,900,5,1-2,340,2,,,,,,,
20250418,徳山,2,狙いトク特選,曇り,南東,1,1,3,5,4703,森 永 隆,39,70,7.05,5,0.12,1.54.0,2-1-5,11830,28,2-1,3310,7,1-2-5,900,5,1-2,340,2,,,,,,,
20250418,徳山,2,狙いトク特選,曇り,南東,1,1,4,3,4330,奈 須 啓 太,26,25,6.95,3,0.11,1.54.1,2-1-5,11830,28,2-1,3310,7,1-2-5,900,5,1-2,340,2,,,,,,,
20250418,徳山,2,狙いトク特選,曇り,南東,1,1,5,6,5053,山 口 広 樹,15,17,6.97,6,0.05,,2-1-5,11830,28,2-1,3310,7,1-2-5,900,5,1-2,340,2,,,,,,,
20250418,徳山,2,狙いトク特選,曇り,南東,1,1,6,4,4822,百 武 翔,53,41,6.98,4,0.13,,2-1-5,11830,28,2-1,3310,7,1-2-5,900,5,1-2,340,2,,,,,,,
20250418,徳山,3,決めトク予選,曇り,南東,1,1,1,1,3349,吉 田 一 郎,48,57,6.97,1,0.19,1.51.6,1-2-3,2230,8,1-2,310,1,1-2-3,1530,5,1-2,220,1,,,,,,,
20250418,徳山,3,決めトク予選,曇り,南東,1,1,2,2,4633,森 智 也,42,26,7.06,2,0.21,1.53.4,1-2-3,2230,8,1-2,310,1,1-2-3,1530,5,1-2,220,1,,,,,,,
20250418,徳山,3,決めトク予選,曇り,南東,1,1,3,3,3411,池 上 隆 行,24,51,7.07,3,0.22,1.54.8,1-2-3,2230,8,1-2,310,1,1-2-3,1530,5,1-2,220,1,,,,,,,
20250418,徳山,3,決めトク予選,曇り,南東,1,1,4,5,3882,新 田 智 彰,30,63,6.97,5,0.29,1.56.2,1-2-3,2230,8,1-2,310,1,1-2-3,1530,5,1-2,220,1,,,,,,,
20250418,徳山,3,決めトク予選,曇り,南東,1,1,5,4,3800,牧 宏 次,18,37,7.08,4,0.26,,1-2-3,2230,8,1-2,310,1,1-2-3,1530,5,1-2,220,1,,,,,,,
20250418,徳山,3,決めトク予選,曇り,南東,1,1,6,6,5302,秋 末 秦 悟,13,11,6.98,6,0.36,,1-2-3,2230,8,1-2,310,1,1-2-3,1530,5,1-2,220,1,,,,,,,
20250418,徳山,4,ガチトク予選,曇り,南東,1,1,1,5,4467,渡 邉 俊 介,46,23,7.00,5,0.06,1.51.1,5-2-4,20830,42,5-2,6270,13,2-4-5,2110,6,2-5,2050,7,,,,,,,
20250418,徳山,4,ガチトク予選,曇り,南東,1,1,2,2,4523,中 村 辰 也,34,18,6.92,2,0.07,1.53.0,5-2-4,20830,42,5-2,6270,13,2-4-5,2110,6,2-5,2050,7,,,,,,,
20250418,徳山,4,ガチトク予選,曇り,南東,1,1,3,4,4603,谷 川 将 太,51,24,6.99,4,0.08,1.54.2,5-2-4,20830,42,5-2,6270,13,2-4-5,2110,6,2-5,2050,7,,,,,,,
20250418,徳山,4,ガチトク予選,曇り,南東,1,1,4,6,4081,樋 口 範 政,37,47,7.02,6,0.12,1.55.4,5-2-4,20830,42,5-2,6270,13,2-4-5,2110,6,2-5,2050,7,,,,,,,
20250418,徳山,4,ガチトク予選,曇り,南東,1,1,5,1,3966,作 間 章,19,35,7.00,1,0.19,,5-2-4,20830,42,5-2,6270,13,2-4-5,2110,6,2-5,2050,7,,,,,,,
20250418,徳山,4,ガチトク予選,曇り,南東,1,1,6,3,3949,今 出 晋 二,20,33,7.07,3,0.13,,5-2-4,20830,42,5-2,6270,13,2-4-5,2110,6,2-5,2050,7,,,,,,,
20250418,徳山,5,買っトク特賞,晴,南西,1,1,1,1,4193,郷 原 章 平,12,30,6.93,1,0.07,1.52.5,1-2-6,2180,10,1-2,250,1,1-2-6,1220,7,1-2,240,2,,,,,,,
20250418,徳山,5,買っトク特賞,晴,南西,1,1,2,2,5027,重 冨 勇 哉,32,64,7.02,2,0.15,1.53.7,1-2-6,2180,10,1-2,250,1,1-2-6,1220,7,1-2,240,2,,,,,,,
20250418,徳山,5,買っトク特賞,晴,南西,1,1,3,6,4723,寺 島 吉 彦,49,39,7.03,6,0.07,1.55.2,1-2-6,2180,10,1-2,250,1,1-2-6,1220,7,1-2,240,2,,,,,,,
20250418,徳山,5,買っトク特賞,晴,南西,1,1,4,4,5179,藤 本 元 輝,45,20,6.98,4,0.10,1.55.7,1-2-6,2180,10,1-2,250,1,1-2-6,1220,7,1-2,240,2,,,,,,,
20250418,徳山,5,買っトク特賞,晴,南西,1,1,5,3,4957,竹之内 極,29,68,7.00,3,0.12,,1-2-6,2180,10,1-2,250,1,1-2-6,1220,7,1-2,240,2,,,,,,,
20250418,徳山,5,買っトク特賞,晴,南西,1,1,6,5,4492,本 多 宏 和,31,55,7.00,5,0.08,,1-2-6,2180,10,1-2,250,1,1-2-6,1220,7,1-2,240,2,,,,,,,
20250418,徳山,6,予選,晴,南,1,1,1,2,4302,西 野 翔 太,11,71,7.02,1,0.13,1.58.4,2-6-1,5250,17,2-6,1790,6,1-2-6,460,2,2-6,1200,5,,,,,,,
20250418,徳山,6,予選,晴,南,1,1,2,6,4601,森 野 正 弘,44,43,6.94,5,0.10,2.01.2,2-6-1,5250,17,2-6,1790,6,1-2-6,460,2,2-6,1200,5,,,,,,,
20250418,徳山,6,予選,晴,南,1,1,3,1,4875,大 塚 康 雅,23,50,7.01,2,0.16,2.07.3,2-6-1,5250,17,2-6,1790,6,1-2-6,460,2,2-6,1200,5,,,,,,,
20250418,徳山,6,予選,晴,南,1,1,4,4,4598,加 藤 政 彦,47,44,7.04,4,0.12,2.09.7,2-6-1,5250,17,2-6,1790,6,1-2-6,460,2,2-6,1200,5,,,,,,,
20250418,徳山,6,予選,晴,南,1,1,S0,3,3211,北 川 敏 弘,21,22,7.11,3,0.14,,2-6-1,5250,17,2-6,1790,6,1-2-6,460,2,2-6,1200,5,,,,,,,
20250418,徳山,6,予選,晴,南,1,1,S0,5,5053,山 口 広 樹,15,17,7.01,6,0.11,,2-6-1,5250,17,2-6,1790,6,1-2-6,460,2,2-6,1200,5,,,,,,,
20250418,徳山,7,予選,晴,南,1,1,1,1,4299,中 島 浩 哉,41,12,7.03,1,0.16,1.52.8,1-4-2,2100,3,1-4,900,4,1-2-4,500,1,1-4,720,4,,,,,,,
20250418,徳山,7,予選,晴,南,1,1,2,4,4377,濱 本 優 一,38,74,7.05,4,0.14,1.53.9,1-4-2,2100,3,1-4,900,4,1-2-4,500,1,1-4,720,4,,,,,,,
20250418,徳山,7,予選,晴,南,1,1,3,2,3800,牧 宏 次,18,37,7.05,2,0.17,1.54.8,1-4-2,2100,3,1-4,900,4,1-2-4,500,1,1-4,720,4,,,,,,,
20250418,徳山,7,予選,晴,南,1,1,4,5,4381,田 路 朋 史,43,29,6.91,5,0.12,1.55.3,1-4-2,2100,3,1-4,900,4,1-2-4,500,1,1-4,720,4,,,,,,,
20250418,徳山,7,予選,晴,南,1,1,5,6,4092,岡 部 大 輔,50,42,7.07,6,0.18,,1-4-2,2100,3,1-4,900,4,1-2-4,500,1,1-4,720,4,,,,,,,
20250418,徳山,7,予選,晴,南,1,1,6,3,3430,角 浜 修,40,76,7.09,3,0.19,,1-4-2,2100,3,1-4,900,4,1-2-4,500,1,1-4,720,4,,,,,,,
20250418,徳山,8,予選,晴,南,2,2,1,3,4158,木 場 雄二郎,33,38,7.01,3,0.14,1.52.7,3-1-4,7100,25,3-1,2820,9,1-3-4,920,4,1-3,1230,4,,,,,,,
20250418,徳山,8,予選,晴,南,2,2,2,1,4202,浮 田 圭 浩,25,40,7.07,1,0.13,1.53.2,3-1-4,7100,25,3-1,2820,9,1-3-4,920,4,1-3,1230,4,,,,,,,
20250418,徳山,8,予選,晴,南,2,2,3,4,3349,吉 田 一 郎,48,57,7.06,4,0.13,1.54.3,3-1-4,7100,25,3-1,2820,9,1-3-4,920,4,1-3,1230,4,,,,,,,
20250418,徳山,8,予選,晴,南,2,2,4,6,3553,平 池 仁 志,27,65,7.11,6,0.16,1.56.2,3-1-4,7100,25,3-1,2820,9,1-3-4,920,4,1-3,1230,4,,,,,,,
20250418,徳山,8,予選,晴,南,2,2,5,5,3949,今 出 晋 二,20,33,7.07,5,0.18,,3-1-4,7100,25,3-1,2820,9,1-3-4,920,4,1-3,1230,4,,,,,,,
20250418,徳山,8,予選,晴,南,2,2,6,2,4351,里 岡 右 貴,28,28,7.04,2,0.26,,3-1-4,7100,25,3-1,2820,9,1-3-4,920,4,1-3,1230,4,,,,,,,
20250418,徳山,9,狙いトク特賞,晴,南,3,3,1,1,4703,森 永 隆,39,70,7.01,1,0.13,1.52.3,1-4-2,1630,6,1-4,620,3,1-2-4,480,3,1-4,460,3,,,,,,,
20250418,徳山,9,狙いトク特賞,晴,南,3,3,2,4,4723,寺 島 吉 彦,49,39,7.01,4,0.12,1.53.6,1-4-2,1630,6,1-4,620,3,1-2-4,480,3,1-4,460,3,,,,,,,
20250418,徳山,9,狙いトク特賞,晴,南,3,3,3,2,4467,渡 邉 俊 介,46,23,7.06,2,0.15,1.54.3,1-4-2,1630,6,1-4,620,3,1-2-4,480,3,1-4,460,3,,,,,,,
20250418,徳山,9,狙いトク特賞,晴,南,3,3,4,3,4152,深 水 慎一郎,36,31,6.96,3,0.14,1.55.1,1-4-2,1630,6,1-4,620,3,1-2-4,480,3,1-4,460,3,,,,,,,
20250418,徳山,9,狙いトク特賞,晴,南,3,3,5,5,3797,岩 井 繁,17,77,7.08,6,0.16,,1-4-2,1630,6,1-4,620,3,1-2-4,480,3,1-4,460,3,,,,,,,
20250418,徳山,9,狙いトク特賞,晴,南,3,3,6,6,3411,池 上 隆 行,24,51,7.06,5,0.11,,1-4-2,1630,6,1-4,620,3,1-2-4,480,3,1-4,460,3,,,,,,,
20250418,徳山,10,予選,晴,南西,2,2,1,5,4643,近 江 翔 吾,35,75,7.03,5,0.11,1.51.2,5-3-2,6540,21,5-3,1810,6,2-3-5,920,4,3-5,1460,4,,,,,,,
20250418,徳山,10,予選,晴,南西,2,2,2,3,4598,加 藤 政 彦,47,44,7.06,3,0.14,1.53.6,5-3-2,6540,21,5-3,1810,6,2-3-5,920,4,3-5,1460,4,,,,,,,
20250418,徳山,10,予選,晴,南西,2,2,3,2,4492,本 多 宏 和,31,55,7.05,2,0.16,1.54.0,5-3-2,6540,21,5-3,1810,6,2-3-5,920,4,3-5,1460,4,,,,,,,
20250418,徳山,10,予選,晴,南西,2,2,4,1,4603,谷 川 将 太,51,24,7.02,1,0.15,1.55.2,5-3-2,6540,21,5-3,1810,6,2-3-5,920,4,3-5,1460,4,,,,,,,
20250418,徳山,10,予選,晴,南西,2,2,5,4,3901,松 田 憲 幸,16,13,7.13,4,0.28,,5-3-2,6540,21,5-3,1810,6,2-3-5,920,4,3-5,1460,4,,,,,,,
20250418,徳山,10,予選,晴,南西,2,2,6,6,5302,秋 末 秦 悟,13,11,7.02,6,0.27,,5-3-2,6540,21,5-3,1810,6,2-3-5,920,4,3-5,1460,4,,,,,,,
20250418,徳山,11,予選,晴,南,4,4,1,1,5033,藤 原 孝 斗,22,62,6.96,1,0.24,1.51.4,1-4-3,1970,5,1-4,530,2,1-3-4,660,2,1-4,160,1,,,,,,,
20250418,徳山,11,予選,晴,南,4,4,2,4,4601,森 野 正 弘,44,43,6.96,4,0.22,1.52.3,1-4-3,1970,5,1-4,530,2,1-3-4,660,2,1-4,160,1,,,,,,,
20250418,徳山,11,予選,晴,南,4,4,3,3,3882,新 田 智 彰,30,63,7.01,3,0.22,1.54.0,1-4-3,1970,5,1-4,530,2,1-3-4,660,2,1-4,160,1,,,,,,,
20250418,徳山,11,予選,晴,南,4,4,4,5,4193,郷 原 章 平,12,30,7.00,5,0.27,1.55.7,1-4-3,1970,5,1-4,530,2,1-3-4,660,2,1-4,160,1,,,,,,,
20250418,徳山,11,予選,晴,南,4,4,5,2,4330,奈 須 啓 太,26,25,7.01,2,0.23,,1-4-3,1970,5,1-4,530,2,1-3-4,660,2,1-4,160,1,,,,,,,
20250418,徳山,11,予選,晴,南,4,4,6,6,3430,角 浜 修,40,76,7.12,6,0.38,,1-4-3,1970,5,1-4,530,2,1-3-4,660,2,1-4,160,1,,,,,,,
20250418,徳山,12,すなっち特選,晴,南,2,2,1,1,4351,里 岡 右 貴,28,28,7.00,1,0.13,1.51.6,1-3-4,1530,6,1-3,240,2,1-3-4,1000,5,1-3,920,2,,,,,,,
20250418,徳山,12,すなっち特選,晴,南,2,2,2,3,4377,濱 本 優 一,38,74,7.05,3,0.17,1.52.2,1-3-4,1530,6,1-3,240,2,1-3-4,1000,5,1-3,920,2,,,,,,,
20250418,徳山,12,すなっち特選,晴,南,2,2,3,4,4875,大 塚 康 雅,23,50,7.04,4,0.09,1.54.5,1-3-4,1530,6,1-3,240,2,1-3-4,1000,5,1-3,920,2,,,,,,,
20250418,徳山,12,すなっち特選,晴,南,2,2,4,5,4523,中 村 辰 也,34,18,6.98,5,0.06,1.55.5,1-3-4,1530,6,1-3,240,2,1-3-4,1000,5,1-3,920,2,,,,,,,
20250418,徳山,12,すなっち特選,晴,南,2,2,5,6,5027,重 冨 勇 哉,32,64,7.04,6,0.09,,1-3-4,1530,6,1-3,240,2,1-3-4,1000,5,1-3,920,2,,,,,,,
20250418,徳山,12,すなっち特選,晴,南,2,2,6,2,4189,川 上 剛,54,59,6.98,2,0.31,,1-3-4,1530,6,1-3,240,2,1-3-4,1000,5,1-3,920,2,,,,,,,
20250418,浜名湖,1,予選,曇り,北西,2,1,1,2,5286,坂 井 滉 哉,33,63,6.79,2,0.02,1.51.0,2-1-5,23960,54,2-1,3880,10,1-2-5,1760,7,1-2,570,2,,,,,,,
20250418,浜名湖,1,予選,曇り,北西,2,1,2,1,5269,山 口 晃 朋,3,59,6.73,1,0.10,1.51.7,2-1-5,23960,54,2-1,3880,10,1-2-5,1760,7,1-2,570,2,,,,,,,
20250418,浜名湖,1,予選,曇り,北西,2,1,3,5,5208,屋 良 龍 紀,4,14,6.77,5,0.07,1.54.6,2-1-5,23960,54,2-1,3880,10,1-2-5,1760,7,1-2,570,2,,,,,,,
20250418,浜名湖,1,予選,曇り,北西,2,1,4,4,5325,澁 川 夏,14,70,6.83,4,0.07,1.55.2,2-1-5,23960,54,2-1,3880,10,1-2-5,1760,7,1-2,570,2,,,,,,,
20250418,浜名湖,1,予選,曇り,北西,2,1,5,3,5083,柳 瀬 幹 太,47,23,6.79,3,0.09,,2-1-5,23960,54,2-1,3880,10,1-2-5,1760,7,1-2,570,2,,,,,,,
20250418,浜名湖,1,予選,曇り,北西,2,1,6,6,5294,豊 田 祥 生,2,33,6.81,6,0.13,,2-1-5,23960,54,2-1,3880,10,1-2-5,1760,7,1-2,570,2,,,,,,,
20250418,浜名湖,2,予選,晴,北西,2,1,1,1,5082,一 色 凌 雅,9,40,6.76,1,0.09,1.50.5,1-2-3,1050,1,1-2,570,1,1-2-3,440,2,1-2,270,1,,,,,,,
20250418,浜名湖,2,予選,晴,北西,2,1,2,2,5087,佐 藤 航,46,28,6.78,2,0.15,1.51.4,1-2-3,1050,1,1-2,570,1,1-2-3,440,2,1-2,270,1,,,,,,,
20250418,浜名湖,2,予選,晴,北西,2,1,3,3,5196,鰐 部 太空海,41,76,6.69,3,0.14,1.52.0,1-2-3,1050,1,1-2,570,1,1-2-3,440,2,1-2,270,1,,,,,,,
20250418,浜名湖,2,予選,晴,北西,2,1,4,6,5191,飛 田 江 己,11,30,6.78,6,0.05,1.54.0,1-2-3,1050,1,1-2,570,1,1-2-3,440,2,1-2,270,1,,,,,,,
20250418,浜名湖,2,予選,晴,北西,2,1,5,4,5243,三 馬 崇 史,15,57,6.83,4,0.05,,1-2-3,1050,1,1-2,570,1,1-2-3,440,2,1-2,270,1,,,,,,,
20250418,浜名湖,2,予選,晴,北西,2,1,6,5,5212,西 川 拓 利,29,21,6.79,5,0.06,,1-2-3,1050,1,1-2,570,1,1-2-3,440,2,1-2,270,1,,,,,,,
20250418,浜名湖,3,予選,晴,北,2,1,1,1,5137,川 原 涼,17,18,6.81,1,0.14,1.49.9,1-3-5,6640,26,1-3,1580,7,1-3-5,2680,9,1-3,1260,4,,,,,,,
20250418,浜名湖,3,予選,晴,北,2,1,2,3,5086,本 村 大,7,36,6.75,2,0.15,1.51.8,1-3-5,6640,26,1-3,1580,7,1-3-5,2680,9,1-3,1260,4,,,,,,,
20250418,浜名湖,3,予選,晴,北,2,1,3,5,5161,登 玉 隼 百,24,45,6.77,5,0.16,1.52.6,1-3-5,6640,26,1-3,1580,7,1-3-5,2680,9,1-3,1260,4,,,,,,,
20250418,浜名湖,3,予選,晴,北,2,1,4,2,5142,常 住 蓮,38,37,6.76,3,0.15,1.52.8,1-3-5,6640,26,1-3,1580,7,1-3-5,2680,9,1-3,1260,4,,,,,,,
20250418,浜名湖,3,予選,晴,北,2,1,5,4,5257,西 丸 侑太朗,23,15,6.77,4,0.15,,1-3-5,6640,26,1-3,1580,7,1-3-5,2680,9,1-3,1260,4,,,,,,,
20250418,浜名湖,3,予選,晴,北,2,1,6,6,5356,長谷川 暖,30,16,6.79,6,0.24,,1-3-5,6640,26,1-3,1580,7,1-3-5,2680,9,1-3,1260,4,,,,,,,
20250418,浜名湖,4,ランチタイム,晴,南,4,2,1,3,5110,杉 山 喜 一,18,58,6.77,3,0.19,1.51.1,3-4-5,21120,31,3-4,7030,8,3-4-5,5920,11,3-4,2440,5,,,,,,,
20250418,浜名湖,4,ランチタイム,晴,南,4,2,2,4,5081,篠 原 飛 翔,22,44,6.77,4,0.21,1.52.7,3-4-5,21120,31,3-4,7030,8,3-4-5,5920,11,3-4,2440,5,,,,,,,
20250418,浜名湖,4,ランチタイム,晴,南,4,2,3,5,5319,近 藤 颯 斗,6,60,6.78,5,0.23,1.53.9,3-4-5,21120,31,3-4,7030,8,3-4-5,5920,11,3-4,2440,5,,,,,,,
20250418,浜名湖,4,ランチタイム,晴,南,4,2,4,1,5226,藤 田 俊 祐,25,19,6.76,1,0.36,1.54.8,3-4-5,21120,31,3-4,7030,8,3-4-5,5920,11,3-4,2440,5,,,,,,,
20250418,浜名湖,4,ランチタイム,晴,南,4,2,5,6,5308,藤 森 拓 海,45,41,6.85,6,0.39,,3-4-5,21120,31,3-4,7030,8,3-4-5,5920,11,3-4,2440,5,,,,,,,
20250418,浜名湖,4,ランチタイム,晴,南,4,2,6,2,5293,眞 崎 武 蔵,1,47,6.81,2,0.26,,3-4-5,21120,31,3-4,7030,8,3-4-5,5920,11,3-4,2440,5,,,,,,,
20250418,浜名湖,5,予選,晴,南,4,2,1,2,5256,中 山 翔 太,5,35,6.68,3,0.26,1.51.8,2-6-5,8040,33,2-6,3370,15,2-5-6,830,3,2-6,2130,8,,,,,,,
20250418,浜名湖,5,予選,晴,南,4,2,2,6,4989,石 原 翼,13,69,6.64,6,0.22,1.53.0,2-6-5,8040,33,2-6,3370,15,2-5-6,830,3,2-6,2130,8,,,,,,,
20250418,浜名湖,5,予選,晴,南,4,2,3,5,4983,前 田 篤 哉,20,38,6.61,2,0.37,1.53.8,2-6-5,8040,33,2-6,3370,15,2-5-6,830,3,2-6,2130,8,,,,,,,
20250418,浜名湖,5,予選,晴,南,4,2,4,4,5262,鈴 木 章 司,35,61,6.75,5,0.22,1.54.0,2-6-5,8040,33,2-6,3370,15,2-5-6,830,3,2-6,2130,8,,,,,,,
20250418,浜名湖,5,予選,晴,南,4,2,5,1,5185,加 藤 優 弥,31,71,6.64,1,0.13,,2-6-5,8040,33,2-6,3370,15,2-5-6,830,3,2-6,2130,8,,,,,,,
20250418,浜名湖,5,予選,晴,南,4,2,6,3,5307,富 永 夏哉人,8,39,6.69,4,0.28,,2-6-5,8040,33,2-6,3370,15,2-5-6,830,3,2-6,2130,8,,,,,,,
20250418,浜名湖,6,予選,晴,南,5,2,1,5,5112,砂 長 知 輝,27,74,6.66,5,0.26,1.51.8,5-4-6,3120,5,5-4,1690,10,4-5-6,700,2,4-5,720,3,,,,,,,
20250418,浜名湖,6,予選,晴,南,5,2,2,4,5136,濱 野 斗 馬,36,56,6.72,4,0.16,1.52.9,5-4-6,3120,5,5-4,1690,10,4-5-6,700,2,4-5,720,3,,,,,,,
20250418,浜名湖,6,予選,晴,南,5,2,3,6,5084,末 永 和 也,37,25,6.68,6,0.25,1.54.2,5-4-6,3120,5,5-4,1690,10,4-5-6,700,2,4-5,720,3,,,,,,,
20250418,浜名湖,6,予選,晴,南,5,2,4,2,5158,宮 脇 遼 太,40,72,6.63,2,0.29,1.56.3,5-4-6,3120,5,5-4,1690,10,4-5-6,700,2,4-5,720,3,,,,,,,
20250418,浜名湖,6,予選,晴,南,5,2,5,1,5210,藤 井 公 人,16,51,6.73,1,0.26,,5-4-6,3120,5,5-4,1690,10,4-5-6,700,2,4-5,720,3,,,,,,,
20250418,浜名湖,6,予選,晴,南,5,2,6,3,5208,屋 良 龍 紀,4,14,6.69,3,0.21,,5-4-6,3120,5,5-4,1690,10,4-5-6,700,2,4-5,720,3,,,,,,,
20250418,浜名湖,7,予選,晴,南,5,3,1,2,5191,飛 田 江 己,11,30,6.60,2,0.10,1.50.8,2-4-6,16210,52,2-4,1570,5,2-4-6,4320,13,2-4,690,4,,,,,,,
20250418,浜名湖,7,予選,晴,南,5,3,2,4,5221,竹 間 隆 晟,19,13,6.66,4,0.11,1.52.1,2-4-6,16210,52,2-4,1570,5,2-4-6,4320,13,2-4,690,4,,,,,,,
20250418,浜名湖,7,予選,晴,南,5,3,3,6,5133,堀 越 雄 貴,43,27,6.64,6,0.19,1.54.1,2-4-6,16210,52,2-4,1570,5,2-4-6,4320,13,2-4,690,4,,,,,,,
20250418,浜名湖,7,予選,晴,南,5,3,4,3,5126,山 下 大 輝,39,12,6.57,3,0.12,1.54.7,2-4-6,16210,52,2-4,1570,5,2-4-6,4320,13,2-4,690,4,,,,,,,
20250418,浜名湖,7,予選,晴,南,5,3,5,1,5257,西 丸 侑太朗,23,15,6.61,1,0.18,,2-4-6,16210,52,2-4,1570,5,2-4-6,4320,13,2-4,690,4,,,,,,,
20250418,浜名湖,7,予選,晴,南,5,3,6,5,5269,山 口 晃 朋,3,59,6.61,5,0.27,,2-4-6,16210,52,2-4,1570,5,2-4-6,4320,13,2-4,690,4,,,,,,,
20250418,浜名湖,8,ブレイクタイ,晴,南,6,3,1,1,5145,島 川 海 輝,44,34,6.68,1,0.20,1.52.0,1-4-2,600,2,1-4,210,1,1-2-4,230,1,1-4,250,2,,,,,,,
20250418,浜名湖,8,ブレイクタイ,晴,南,6,3,2,4,5104,山 田 丈,28,20,6.68,3,0.17,1.53.1,1-4-2,600,2,1-4,210,1,1-2-4,230,1,1-4,250,2,,,,,,,
20250418,浜名湖,8,ブレイクタイ,晴,南,6,3,3,2,5137,川 原 涼,17,18,6.61,2,0.17,1.54.7,1-4-2,600,2,1-4,210,1,1-2-4,230,1,1-4,250,2,,,,,,,
20250418,浜名湖,8,ブレイクタイ,晴,南,6,3,4,6,5154,村 松 栄 太,34,64,6.69,6,0.28,1.57.3,1-4-2,600,2,1-4,210,1,1-2-4,230,1,1-4,250,2,,,,,,,
20250418,浜名湖,8,ブレイクタイ,晴,南,6,3,5,3,5293,眞 崎 武 蔵,1,47,6.74,4,0.21,,1-4-2,600,2,1-4,210,1,1-2-4,230,1,1-4,250,2,,,,,,,
20250418,浜名湖,8,ブレイクタイ,晴,南,6,3,6,5,5325,澁 川 夏,14,70,6.71,5,0.22,,1-4-2,600,2,1-4,210,1,1-2-4,230,1,1-4,250,2,,,,,,,
20250418,浜名湖,9,予選特賞,晴,南,6,3,1,1,5196,鰐 部 太空海,41,76,6.67,1,0.12,1.51.2,1-3-2,2880,8,1-3,1590,6,1-2-3,550,2,1-3,980,4,,,,,,,
20250418,浜名湖,9,予選特賞,晴,南,6,3,2,3,5185,加 藤 優 弥,31,71,6.73,3,0.07,1.53.6,1-3-2,2880,8,1-3,1590,6,1-2-3,550,2,1-3,980,4,,,,,,,
20250418,浜名湖,9,予選特賞,晴,南,6,3,3,2,5226,藤 田 俊 祐,25,19,6.76,2,0.04,1.54.2,1-3-2,2880,8,1-3,1590,6,1-2-3,550,2,1-3,980,4,,,,,,,
20250418,浜名湖,9,予選特賞,晴,南,6,3,4,5,5275,松 田 淳 平,21,48,6.71,5,0.22,1.55.8,1-3-2,2880,8,1-3,1590,6,1-2-3,550,2,1-3,980,4,,,,,,,
20250418,浜名湖,9,予選特賞,晴,南,6,3,5,6,5142,常 住 蓮,38,37,6.66,6,0.26,,1-3-2,2880,8,1-3,1590,6,1-2-3,550,2,1-3,980,4,,,,,,,
20250418,浜名湖,9,予選特賞,晴,南,6,3,6,4,5286,坂 井 滉 哉,33,63,6.78,4,0.16,,1-3-2,2880,8,1-3,1590,6,1-2-3,550,2,1-3,980,4,,,,,,,
20250418,浜名湖,10,予選特賞,晴,南,6,3,1,1,5224,西 岡 顕 心,12,49,6.74,1,0.19,1.52.5,1-3-5,3720,12,1-3,1490,5,1-3-5,1400,5,1-3,1070,4,,,,,,,
20250418,浜名湖,10,予選特賞,晴,南,6,3,2,3,5262,鈴 木 章 司,35,61,6.81,3,0.16,1.53.7,1-3-5,3720,12,1-3,1490,5,1-3-5,1400,5,1-3,1070,4,,,,,,,
20250418,浜名湖,10,予選特賞,晴,南,6,3,3,5,5087,佐 藤 航,46,28,6.77,5,0.16,1.55.0,1-3-5,3720,12,1-3,1490,5,1-3-5,1400,5,1-3,1070,4,,,,,,,
20250418,浜名湖,10,予選特賞,晴,南,6,3,4,6,5158,宮 脇 遼 太,40,72,6.69,6,0.09,1.56.3,1-3-5,3720,12,1-3,1490,5,1-3-5,1400,5,1-3,1070,4,,,,,,,
20250418,浜名湖,10,予選特賞,晴,南,6,3,5,2,5091,為 本 智 也,26,65,6.78,2,0.23,,1-3-5,3720,12,1-3,1490,5,1-3-5,1400,5,1-3,1070,4,,,,,,,
20250418,浜名湖,10,予選特賞,晴,南,6,3,6,4,5319,近 藤 颯 斗,6,60,6.78,4,0.31,,1-3-5,3720,12,1-3,1490,5,1-3-5,1400,5,1-3,1070,4,,,,,,,
20250418,浜名湖,11,予選特選,晴,南,6,3,1,1,5028,原 田 才一郎,32,29,6.73,1,0.13,1.51.5,1-3-2,620,2,1-3,310,2,1-2-3,180,1,1-3,370,2,,,,,,,
20250418,浜名湖,11,予選特選,晴,南,6,3,2,3,5136,濱 野 斗 馬,36,56,6.71,3,0.19,1.53.3,1-3-2,620,2,1-3,310,2,1-2-3,180,1,1-3,370,2,,,,,,,
20250418,浜名湖,11,予選特選,晴,南,6,3,3,2,5221,竹 間 隆 晟,19,13,6.76,2,0.42,1.54.7,1-3-2,620,2,1-3,310,2,1-2-3,180,1,1-3,370,2,,,,,,,
20250418,浜名湖,11,予選特選,晴,南,6,3,4,4,5308,藤 森 拓 海,45,41,6.79,4,0.14,1.56.3,1-3-2,620,2,1-3,310,2,1-2-3,180,1,1-3,370,2,,,,,,,
20250418,浜名湖,11,予選特選,晴,南,6,3,5,5,5243,三 馬 崇 史,15,57,6.77,5,0.13,,1-3-2,620,2,1-3,310,2,1-2-3,180,1,1-3,370,2,,,,,,,
20250418,浜名湖,11,予選特選,晴,南,6,3,6,6,5256,中 山 翔 太,5,35,6.75,6,0.20,,1-3-2,620,2,1-3,310,2,1-2-3,180,1,1-3,370,2,,,,,,,
20250418,浜名湖,12,予選特選,晴,南西,6,3,1,6,5126,山 下 大 輝,39,12,6.64,5,0.14,1.55.3,6-1-3,21260,52,6-1,8360,18,1-3-6,890,3,1-6,1970,7,,,,,,,
20250418,浜名湖,12,予選特選,晴,南西,6,3,2,1,4983,前 田 篤 哉,20,38,6.73,1,0.17,1.57.8,6-1-3,21260,52,6-1,8360,18,1-3-6,890,3,1-6,1970,7,,,,,,,
20250418,浜名湖,12,予選特選,晴,南西,6,3,3,3,5112,砂 長 知 輝,27,74,6.69,3,0.19,2.00.8,6-1-3,21260,52,6-1,8360,18,1-3-6,890,3,1-6,1970,7,,,,,,,
20250418,浜名湖,12,予選特選,晴,南西,6,3,4,4,5145,島 川 海 輝,44,34,6.69,4,0.17,2.03.4,6-1-3,21260,52,6-1,8360,18,1-3-6,890,3,1-6,1970,7,,,,,,,
20250418,浜名湖,12,予選特選,晴,南西,6,3,5,5,5082,一 色 凌 雅,9,40,6.88,6,0.18,,6-1-3,21260,52,6-1,8360,18,1-3-6,890,3,1-6,1970,7,,,,,,,
20250418,浜名湖,12,予選特選,晴,南西,6,3,S0,2,5161,登 玉 隼 百,24,45,6.75,2,0.16,,6-1-3,21260,52,6-1,8360,18,1-3-6,890,3,1-6,1970,7,,,,,,,
20250418,福岡,1,一般戦,晴,南西,4,4,1,1,4848,仲 谷 颯 仁,31,128,6.93,1,0.16,1.49.7,1-4-2,960,3,1-4,450,3,1-2-4,370,1,1-4,280,1,,,,,,,
20250418,福岡,1,一般戦,晴,南西,4,4,2,4,4847,佐 藤 隆太郎,73,158,6.93,4,0.16,1.50.6,1-4-2,960,3,1-4,450,3,1-2-4,370,1,1-4,280,1,,,,,,,
20250418,福岡,1,一般戦,晴,南西,4,4,3,2,3908,重 成 一 人,14,155,6.96,2,0.14,1.51.7,1-4-2,960,3,1-4,450,3,1-2-4,370,1,1-4,280,1,,,,,,,
20250418,福岡,1,一般戦,晴,南西,4,4,4,3,5075,中 島 秀 治,22,110,6.96,3,0.11,1.52.6,1-4-2,960,3,1-4,450,3,1-2-4,370,1,1-4,280,1,,,,,,,
20250418,福岡,1,一般戦,晴,南西,4,4,5,6,4980,佐々木 完 太,30,173,7.01,6,0.21,1.55.2,1-4-2,960,3,1-4,450,3,1-2-4,370,1,1-4,280,1,,,,,,,
20250418,福岡,1,一般戦,晴,南西,4,4,6,5,4958,溝 口 海義也,47,157,7.00,5,0.16,1.55.6,1-4-2,960,3,1-4,450,3,1-2-4,370,1,1-4,280,1,,,,,,,
20250418,福岡,2,一般戦,晴,北東,2,2,1,1,4477,篠 崎 仁 志,13,130,6.91,1,0.16,1.50.8,1-5-2,2580,9,1-5,930,4,1-2-5,660,4,1-5,860,4,,,,,,,
20250418,福岡,2,一般戦,晴,北東,2,2,2,5,4856,豊 田 健士郎,51,146,6.90,5,0.12,1.51.6,1-5-2,2580,9,1-5,930,4,1-2-5,660,4,1-5,860,4,,,,,,,
20250418,福岡,2,一般戦,晴,北東,2,2,3,2,4808,松 尾 拓,18,174,6.91,2,0.17,1.52.4,1-5-2,2580,9,1-5,930,4,1-2-5,660,4,1-5,860,4,,,,,,,
20250418,福岡,2,一般戦,晴,北東,2,2,4,3,4084,杉 山 正 樹,37,112,6.97,3,0.11,1.53.6,1-5-2,2580,9,1-5,930,4,1-2-5,660,4,1-5,860,4,,,,,,,
20250418,福岡,2,一般戦,晴,北東,2,2,5,4,3918,深 井 利 寿,35,135,6.98,4,0.14,1.54.7,1-5-2,2580,9,1-5,930,4,1-2-5,660,4,1-5,860,4,,,,,,,
20250418,福岡,2,一般戦,晴,北東,2,2,6,6,4650,中 山 雄 太,28,122,6.93,6,0.09,1.55.6,1-5-2,2580,9,1-5,930,4,1-2-5,660,4,1-5,860,4,,,,,,,
20250418,福岡,3,一般戦,晴,南,2,2,1,2,4586,磯 部 誠,46,108,6.83,2,0.11,1.50.9,2-1-4,1460,4,2-1,450,2,1-2-4,440,2,1-2,180,1,,,,,,,
20250418,福岡,3,一般戦,晴,南,2,2,2,1,4428,有 賀 達 也,36,163,6.89,1,0.14,1.52.2,2-1-4,1460,4,2-1,450,2,1-2-4,440,2,1-2,180,1,,,,,,,
20250418,福岡,3,一般戦,晴,南,2,2,3,4,3983,須 藤 博 倫,25,143,6.84,4,0.11,1.53.1,2-1-4,1460,4,2-1,450,2,1-2-4,440,2,1-2,180,1,,,,,,,
20250418,福岡,3,一般戦,晴,南,2,2,4,5,3654,武 田 光 史,71,114,6.96,5,0.12,1.54.0,2-1-4,1460,4,2-1,450,2,1-2-4,440,2,1-2,180,1,,,,,,,
20250418,福岡,3,一般戦,晴,南,2,2,5,6,4446,和 田 兼 輔,67,144,6.80,6,0.15,1.55.6,2-1-4,1460,4,2-1,450,2,1-2-4,440,2,1-2,180,1,,,,,,,
20250418,福岡,3,一般戦,晴,南,2,2,6,3,4269,杉 山 裕 也,72,166,6.84,3,0.09,1.57.3,2-1-4,1460,4,2-1,450,2,1-2-4,440,2,1-2,180,1,,,,,,,
20250418,福岡,4,一般戦,曇り,南西,4,4,1,4,4024,井 口 佳 典,40,136,6.87,4,0.14,1.51.2,4-2-5,10250,30,4-2,3840,10,2-4-5,2550,9,2-4,1420,6,,,,,,,
20250418,福岡,4,一般戦,曇り,南西,4,4,2,2,4361,柳 生 泰 二,59,165,6.96,2,0.12,1.52.3,4-2-5,10250,30,4-2,3840,10,2-4-5,2550,9,2-4,1420,6,,,,,,,
20250418,福岡,4,一般戦,曇り,南西,4,4,3,5,4831,羽 野 直 也,70,119,6.97,5,0.10,1.53.7,4-2-5,10250,30,4-2,3840,10,2-4-5,2550,9,2-4,1420,6,,,,,,,
20250418,福岡,4,一般戦,曇り,南西,4,4,4,1,4256,渡 辺 浩 司,41,113,6.95,1,0.13,1.54.4,4-2-5,10250,30,4-2,3840,10,2-4-5,2550,9,2-4,1420,6,,,,,,,
20250418,福岡,4,一般戦,曇り,南西,4,4,5,6,5026,安河内 健,23,129,6.96,6,0.12,1.55.3,4-2-5,10250,30,4-2,3840,10,2-4-5,2550,9,2-4,1420,6,,,,,,,
20250418,福岡,4,一般戦,曇り,南西,4,4,6,3,3422,服 部 幸 男,27,137,6.96,3,0.11,1.58.1,4-2-5,10250,30,4-2,3840,10,2-4-5,2550,9,2-4,1420,6,,,,,,,
20250418,福岡,5,一般戦,晴,北,2,2,1,1,4364,池 永 太,38,170,6.98,1,0.08,1.51.1,1-2-3,1210,2,1-2,340,1,1-2-3,540,2,1-2,290,1,,,,,,,
20250418,福岡,5,一般戦,晴,北,2,2,2,2,4980,佐々木 完 太,30,173,6.86,2,0.11,1.51.7,1-2-3,1210,2,1-2,340,1,1-2-3,540,2,1-2,290,1,,,,,,,
20250418,福岡,5,一般戦,晴,北,2,2,3,3,4080,山 崎 哲 司,75,142,6.95,3,0.07,1.52.2,1-2-3,1210,2,1-2,340,1,1-2-3,540,2,1-2,290,1,,,,,,,
20250418,福岡,5,一般戦,晴,北,2,2,4,4,4102,益 田 啓 司,55,125,6.96,4,0.11,1.53.7,1-2-3,1210,2,1-2,340,1,1-2-3,540,2,1-2,290,1,,,,,,,
20250418,福岡,5,一般戦,晴,北,2,2,5,6,4524,深 谷 知 博,54,126,6.86,6,0.06,1.54.4,1-2-3,1210,2,1-2,340,1,1-2-3,540,2,1-2,290,1,,,,,,,
20250418,福岡,5,一般戦,晴,北,2,2,6,5,4826,井 上 一 輝,48,107,6.95,5,0.09,1.55.9,1-2-3,1210,2,1-2,340,1,1-2-3,540,2,1-2,290,1,,,,,,,
20250418,福岡,6,一般戦,晴,南西,2,2,1,2,5051,松 本 純 平,74,161,6.86,2,0.11,1.49.4,2-5-1,9090,23,2-5,3530,10,1-2-5,470,3,2-5,1210,5,,,,,,,
20250418,福岡,6,一般戦,晴,南西,2,2,2,5,4847,佐 藤 隆太郎,73,158,6.89,5,0.14,1.51.1,2-5-1,9090,23,2-5,3530,10,1-2-5,470,3,2-5,1210,5,,,,,,,
20250418,福岡,6,一般戦,晴,南西,2,2,3,1,4579,中 嶋 健一郎,44,102,6.88,1,0.08,1.52.4,2-5-1,9090,23,2-5,3530,10,1-2-5,470,3,2-5,1210,5,,,,,,,
20250418,福岡,6,一般戦,晴,南西,2,2,4,6,4786,佐 藤 博 亮,20,101,6.92,6,0.18,1.53.1,2-5-1,9090,23,2-5,3530,10,1-2-5,470,3,2-5,1210,5,,,,,,,
20250418,福岡,6,一般戦,晴,南西,2,2,5,3,4290,稲 田 浩 二,65,147,6.96,3,0.07,1.54.9,2-5-1,9090,23,2-5,3530,10,1-2-5,470,3,2-5,1210,5,,,,,,,
20250418,福岡,6,一般戦,晴,南西,2,2,6,4,4084,杉 山 正 樹,37,112,6.95,4,0.17,1.56.5,2-5-1,9090,23,2-5,3530,10,1-2-5,470,3,2-5,1210,5,,,,,,,
20250418,福岡,7,一般戦,晴,南西,2,2,1,5,3908,重 成 一 人,14,155,6.90,5,0.08,1.50.5,5-1-4,12920,40,5-1,4010,13,1-4-5,640,3,1-5,890,4,,,,,,,
20250418,福岡,7,一般戦,晴,南西,2,2,2,1,4659,木 下 翔 太,26,159,6.90,1,0.15,1.51.6,5-1-4,12920,40,5-1,4010,13,1-4-5,640,3,1-5,890,4,,,,,,,
20250418,福岡,7,一般戦,晴,南西,2,2,3,4,4269,杉 山 裕 也,72,166,6.84,4,0.09,1.52.5,5-1-4,12920,40,5-1,4010,13,1-4-5,640,3,1-5,890,4,,,,,,,
20250418,福岡,7,一般戦,晴,南西,2,2,4,6,4366,前 沢 丈 史,43,141,6.92,6,0.12,1.54.0,5-1-4,12920,40,5-1,4010,13,1-4-5,640,3,1-5,890,4,,,,,,,
20250418,福岡,7,一般戦,晴,南西,2,2,5,2,4650,中 山 雄 太,28,122,6.86,2,0.14,1.54.8,5-1-4,12920,40,5-1,4010,13,1-4-5,640,3,1-5,890,4,,,,,,,
20250418,福岡,7,一般戦,晴,南西,2,2,6,3,4571,菅 章 哉,52,140,6.84,3,0.21,1.58.9,5-1-4,12920,40,5-1,4010,13,1-4-5,640,3,1-5,890,4,,,,,,,
20250418,福岡,8,一般戦,晴,北西,2,2,1,2,3654,武 田 光 史,71,114,7.00,2,0.11,1.49.9,2-1-6,39670,58,2-1,2270,7,1-2-6,3900,10,1-2,530,3,,,,,,,
20250418,福岡,8,一般戦,晴,北西,2,2,2,1,3959,坪 井 康 晴,45,172,6.82,1,0.14,1.51.1,2-1-6,39670,58,2-1,2270,7,1-2-6,3900,10,1-2,530,3,,,,,,,
20250418,福岡,8,一般戦,晴,北西,2,2,3,6,5075,中 島 秀 治,22,110,6.92,6,0.23,1.52.8,2-1-6,39670,58,2-1,2270,7,1-2-6,3900,10,1-2,530,3,,,,,,,
20250418,福岡,8,一般戦,晴,北西,2,2,4,4,4362,土 屋 智 則,60,153,6.91,4,0.11,1.54.2,2-1-6,39670,58,2-1,2270,7,1-2-6,3900,10,1-2,530,3,,,,,,,
20250418,福岡,8,一般戦,晴,北西,2,2,5,3,3978,齊 藤 仁,50,124,6.98,3,0.11,1.54.6,2-1-6,39670,58,2-1,2270,7,1-2-6,3900,10,1-2,530,3,,,,,,,
20250418,福岡,8,一般戦,晴,北西,2,2,6,5,4361,柳 生 泰 二,59,165,6.92,5,0.14,1.56.6,2-1-6,39670,58,2-1,2270,7,1-2-6,3900,10,1-2,530,3,,,,,,,
20250418,福岡,9,ペラ坊特賞,晴,北西,2,2,1,4,4757,山 田 祐 也,39,133,6.93,4,0.06,1.49.9,4-1-2,21960,48,4-1,4660,11,1-2-4,940,5,1-4,920,4,,,,,,,
20250418,福岡,9,ペラ坊特賞,晴,北西,2,2,2,1,4932,新 開 航,49,171,6.80,1,0.13,1.51.0,4-1-2,21960,48,4-1,4660,11,1-2-4,940,5,1-4,920,4,,,,,,,
20250418,福岡,9,ペラ坊特賞,晴,北西,2,2,3,2,4886,入 海 馨,21,169,6.89,2,0.14,1.52.0,4-1-2,21960,48,4-1,4660,11,1-2-4,940,5,1-4,920,4,,,,,,,
20250418,福岡,9,ペラ坊特賞,晴,北西,2,2,4,3,4238,毒 島 誠,29,168,6.94,3,0.11,1.52.7,4-1-2,21960,48,4-1,4660,11,1-2-4,940,5,1-4,920,4,,,,,,,
20250418,福岡,9,ペラ坊特賞,晴,北西,2,2,5,5,4262,馬 場 貴 也,24,132,6.90,5,0.06,1.53.8,4-1-2,21960,48,4-1,4660,11,1-2-4,940,5,1-4,920,4,,,,,,,
20250418,福岡,9,ペラ坊特賞,晴,北西,2,2,6,6,4808,松 尾 拓,18,174,6.88,6,0.08,1.55.2,4-1-2,21960,48,4-1,4660,11,1-2-4,940,5,1-4,920,4,,,,,,,
20250418,福岡,10,特別選抜戦,晴,北,2,2,1,1,4024,井 口 佳 典,40,136,6.77,1,0.15,1.50.6,1-2-4,920,1,1-2,310,1,1-2-4,330,1,1-2,260,1,,,,,,,
20250418,福岡,10,特別選抜戦,晴,北,2,2,2,2,4848,仲 谷 颯 仁,31,128,6.87,2,0.15,1.51.1,1-2-4,920,1,1-2,310,1,1-2-4,330,1,1-2,260,1,,,,,,,
20250418,福岡,10,特別選抜戦,晴,北,2,2,3,4,4586,磯 部 誠,46,108,6.86,4,0.09,1.51.6,1-2-4,920,1,1-2,310,1,1-2-4,330,1,1-2,260,1,,,,,,,
20250418,福岡,10,特別選抜戦,晴,北,2,2,4,5,4477,篠 崎 仁 志,13,130,6.90,5,0.12,1.53.3,1-2-4,920,1,1-2,310,1,1-2-4,330,1,1-2,260,1,,,,,,,
20250418,福岡,10,特別選抜戦,晴,北,2,2,5,3,4579,中 嶋 健一郎,44,102,6.83,3,0.14,1.54.9,1-2-4,920,1,1-2,310,1,1-2-4,330,1,1-2,260,1,,,,,,,
20250418,福岡,10,特別選抜戦,晴,北,2,2,6,6,4364,池 永 太,38,170,6.90,6,0.10,1.56.3,1-2-4,920,1,1-2,310,1,1-2-4,330,1,1-2,260,1,,,,,,,
20250418,福岡,11,特別選抜戦,晴,北西,3,3,1,1,4524,深 谷 知 博,54,126,6.80,1,0.10,1.48.3,1-2-3,620,2,1-2,220,1,1-2-3,320,2,1-2,150,1,,,,,,,
20250418,福岡,11,特別選抜戦,晴,北西,3,3,2,2,3959,坪 井 康 晴,45,172,6.79,2,0.15,1.50.7,1-2-3,620,2,1-2,220,1,1-2-3,320,2,1-2,150,1,,,,,,,
20250418,福岡,11,特別選抜戦,晴,北西,3,3,3,3,4659,木 下 翔 太,26,159,6.88,3,0.15,1.52.0,1-2-3,620,2,1-2,220,1,1-2-3,320,2,1-2,150,1,,,,,,,
20250418,福岡,11,特別選抜戦,晴,北西,3,3,4,5,4428,有 賀 達 也,36,163,6.88,5,0.07,1.52.9,1-2-3,620,2,1-2,220,1,1-2-3,320,2,1-2,150,1,,,,,,,
20250418,福岡,11,特別選抜戦,晴,北西,3,3,5,4,5051,松 本 純 平,74,161,6.85,4,0.09,1.53.6,1-2-3,620,2,1-2,220,1,1-2-3,320,2,1-2,150,1,,,,,,,
20250418,福岡,11,特別選抜戦,晴,北西,3,3,6,6,4256,渡 辺 浩 司,41,113,6.86,6,0.08,1.57.7,1-2-3,620,2,1-2,220,1,1-2-3,320,2,1-2,150,1,,,,,,,
20250418,福岡,12,優勝戦,晴,北,1,2,1,1,3716,石 渡 鉄 兵,63,121,6.86,1,0.09,1.51.9,1-3-4,980,1,1-3,400,1,1-3-4,340,1,1-3,270,1,,,,,,,
20250418,福岡,12,優勝戦,晴,北,1,2,2,3,4418,茅 原 悠 紀,56,149,6.84,3,0.14,1.54.5,1-3-4,980,1,1-3,400,1,1-3-4,340,1,1-3,270,1,,,,,,,
20250418,福岡,12,優勝戦,晴,北,1,2,3,4,4445,宮 地 元 輝,68,127,6.83,4,0.16,1.57.3,1-3-4,980,1,1-3,400,1,1-3-4,340,1,1-3,270,1,,,,,,,
20250418,福岡,12,優勝戦,晴,北,1,2,4,6,4344,新 田 雄 史,64,120,6.88,6,0.21,1.58.7,1-3-4,980,1,1-3,400,1,1-3-4,340,1,1-3,270,1,,,,,,,
20250418,福岡,12,優勝戦,晴,北,1,2,5,5,4013,中 島 孝 平,61,154,6.92,5,0.21,2.00.4,1-3-4,980,1,1-3,400,1,1-3-4,340,1,1-3,270,1,,,,,,,
20250418,福岡,12,優勝戦,晴,北,1,2,S0,2,4350,篠 崎 元 志,15,111,6.91,2,0.17,,1-3-4,980,1,1-3,400,1,1-3-4,340,1,1-3,270,1,,,,,,,
20250418,若松,1,予選,晴,西,6,6,1,6,3574,大 神 康 司,28,39,6.91,3,0.24,1.53.8,6-1-3,5590,26,6-1,1960,10,1-3-6,1040,6,1-6,770,2,,,,,,,
20250418,若松,1,予選,晴,西,6,6,2,1,5039,倉 田 茂 将,47,45,6.89,1,0.27,1.55.4,6-1-3,5590,26,6-1,1960,10,1-3-6,1040,6,1-6,770,2,,,,,,,
20250418,若松,1,予選,晴,西,6,6,3,3,3761,山 本 光 雄,55,21,6.92,4,0.25,1.56.6,6-1-3,5590,26,6-1,1960,10,1-3-6,1040,6,1-6,770,2,,,,,,,
20250418,若松,1,予選,晴,西,6,6,4,4,5214,田 中 宏 典,62,62,6.89,6,0.28,1.58.3,6-1-3,5590,26,6-1,1960,10,1-3-6,1040,6,1-6,770,2,,,,,,,
20250418,若松,1,予選,晴,西,6,6,5,5,4906,鈴 木 雅 希,60,11,6.88,2,0.55,,6-1-3,5590,26,6-1,1960,10,1-3-6,1040,6,1-6,770,2,,,,,,,
20250418,若松,1,予選,晴,西,6,6,6,2,5303,土 井 歩 夢,40,12,6.80,5,0.29,,6-1-3,5590,26,6-1,1960,10,1-3-6,1040,6,1-6,770,2,,,,,,,
20250418,若松,2,予選,晴,北西,5,5,1,3,3730,塩 崎 優 司,44,61,6.88,3,0.23,1.51.7,3-2-5,15710,41,3-2,3460,11,2-3-5,2770,9,2-3,1100,5,,,,,,,
20250418,若松,2,予選,晴,北西,5,5,2,2,5043,中 村 日 向,1,33,6.84,2,0.23,1.52.6,3-2-5,15710,41,3-2,3460,11,2-3-5,2770,9,2-3,1100,5,,,,,,,
20250418,若松,2,予選,晴,北西,5,5,3,5,4112,大久保 信一郎,58,50,6.91,5,0.25,1.53.7,3-2-5,15710,41,3-2,3460,11,2-3-5,2770,9,2-3,1100,5,,,,,,,
20250418,若松,2,予選,晴,北西,5,5,4,4,3578,塩 田 雄 一,36,75,6.86,4,0.21,1.56.1,3-2-5,15710,41,3-2,3460,11,2-3-5,2770,9,2-3,1100,5,,,,,,,
20250418,若松,2,予選,晴,北西,5,5,5,6,3686,鳥居塚 孝 博,50,47,6.95,6,0.21,,3-2-5,15710,41,3-2,3460,11,2-3-5,2770,9,2-3,1100,5,,,,,,,
20250418,若松,2,予選,晴,北西,5,5,S0,1,4842,山 下 昂 大,42,37,6.82,1,0.24,,3-2-5,15710,41,3-2,3460,11,2-3-5,2770,9,2-3,1100,5,,,,,,,
20250418,若松,3,予選,晴,西,5,5,1,1,4306,畔 柳 俊 吾,31,15,6.84,1,0.26,1.52.3,1-6-2,4360,16,1-6,1530,6,1-2-6,1330,6,1-6,660,4,,,,,,,
20250418,若松,3,予選,晴,西,5,5,2,6,4099,吉 永 則 雄,46,51,6.89,5,0.27,1.53.6,1-6-2,4360,16,1-6,1530,6,1-2-6,1330,6,1-6,660,4,,,,,,,
20250418,若松,3,予選,晴,西,5,5,3,2,4234,野 相 弘 司,5,18,6.92,2,0.27,1.55.4,1-6-2,4360,16,1-6,1530,6,1-2-6,1330,6,1-6,660,4,,,,,,,
20250418,若松,3,予選,晴,西,5,5,4,5,3566,川 添 英 正,15,16,6.86,4,0.29,1.56.3,1-6-2,4360,16,1-6,1530,6,1-2-6,1330,6,1-6,660,4,,,,,,,
20250418,若松,3,予選,晴,西,5,5,5,3,4672,守 屋 大 地,48,25,6.88,3,0.38,,1-6-2,4360,16,1-6,1530,6,1-2-6,1330,6,1-6,660,4,,,,,,,
20250418,若松,3,予選,晴,西,5,5,6,4,3505,山 田 竜 一,56,44,6.88,6,0.21,,1-6-2,4360,16,1-6,1530,6,1-2-6,1330,6,1-6,660,4,,,,,,,
20250418,若松,4,予選,晴,北西,4,4,1,3,4809,外 崎 悟,43,13,6.82,3,0.18,1.51.7,3-1-4,6210,19,3-1,1580,6,1-3-4,1190,5,1-3,380,2,,,,,,,
20250418,若松,4,予選,晴,北西,4,4,2,1,3616,中 村 真,20,72,6.84,1,0.11,1.53.3,3-1-4,6210,19,3-1,1580,6,1-3-4,1190,5,1-3,380,2,,,,,,,
20250418,若松,4,予選,晴,北西,4,4,3,4,4899,占 部 一 真,23,60,6.86,4,0.23,1.55.0,3-1-4,6210,19,3-1,1580,6,1-3-4,1190,5,1-3,380,2,,,,,,,
20250418,若松,4,予選,晴,北西,4,4,4,6,4159,向 後 龍 一,51,42,6.88,6,0.19,1.55.0,3-1-4,6210,19,3-1,1580,6,1-3-4,1190,5,1-3,380,2,,,,,,,
20250418,若松,4,予選,晴,北西,4,4,5,5,3866,木 山 誠 一,32,66,6.87,5,0.21,,3-1-4,6210,19,3-1,1580,6,1-3-4,1190,5,1-3,380,2,,,,,,,
20250418,若松,4,予選,晴,北西,4,4,6,2,3788,一 宮 稔 弘,9,73,6.83,2,0.11,,3-1-4,6210,19,3-1,1580,6,1-3-4,1190,5,1-3,380,2,,,,,,,
20250418,若松,5,進入固定戦隊 進入固定,晴,西,4,4,1,2,3826,村 田 修 次,27,14,6.87,2,0.29,1.53.7,2-6-4,116110,112,2-6,20770,30,2-4-6,7940,17,2-6,2580,11,,,,,,,
20250418,若松,5,進入固定戦隊 進入固定,晴,西,4,4,2,6,5303,土 井 歩 夢,40,12,6.79,6,0.26,1.54.6,2-6-4,116110,112,2-6,20770,30,2-4-6,7940,17,2-6,2580,11,,,,,,,
20250418,若松,5,進入固定戦隊 進入固定,晴,西,4,4,3,4,5132,中 野 希 一,7,30,6.79,4,0.23,1.55.9,2-6-4,116110,112,2-6,20770,30,2-4-6,7940,17,2-6,2580,11,,,,,,,
20250418,若松,5,進入固定戦隊 進入固定,晴,西,4,4,4,1,4761,山 田 晃 大,38,43,6.82,1,0.30,1.55.9,2-6-4,116110,112,2-6,20770,30,2-4-6,7940,17,2-6,2580,11,,,,,,,
20250418,若松,5,進入固定戦隊 進入固定,晴,西,4,4,5,5,5216,長谷川 晴 哉,24,65,6.80,5,0.25,,2-6-4,116110,112,2-6,20770,30,2-4-6,7940,17,2-6,2580,11,,,,,,,
20250418,若松,5,進入固定戦隊 進入固定,晴,西,4,4,6,3,3629,浅 見 昌 克,57,64,6.81,3,0.19,,2-6-4,116110,112,2-6,20770,30,2-4-6,7940,17,2-6,2580,11,,,,,,,
20250418,若松,6,予選,晴,西,4,4,1,1,4743,木 村 仁 紀,8,59,6.83,1,0.13,1.51.9,1-2-6,4770,15,1-2,640,3,1-2-6,2290,10,1-2,700,3,,,,,,,
20250418,若松,6,予選,晴,西,4,4,2,2,5167,小 川 竜太朗,2,54,6.79,3,0.16,1.53.1,1-2-6,4770,15,1-2,640,3,1-2-6,2290,10,1-2,700,3,,,,,,,
20250418,若松,6,予選,晴,西,4,4,3,6,4114,深 澤 達 徳,13,58,6.85,6,0.21,1.54.3,1-2-6,4770,15,1-2,640,3,1-2-6,2290,10,1-2,700,3,,,,,,,
20250418,若松,6,予選,晴,西,4,4,4,4,3574,大 神 康 司,28,39,6.87,2,0.15,1.55.2,1-2-6,4770,15,1-2,640,3,1-2-6,2290,10,1-2,700,3,,,,,,,
20250418,若松,6,予選,晴,西,4,4,5,5,4969,町 田 洸 希,19,29,6.87,5,0.17,,1-2-6,4770,15,1-2,640,3,1-2-6,2290,10,1-2,700,3,,,,,,,
20250418,若松,6,予選,晴,西,4,4,6,3,4817,渡 邉 翼,37,35,6.82,4,0.14,,1-2-6,4770,15,1-2,640,3,1-2-6,2290,10,1-2,700,3,,,,,,,
20250418,若松,7,予選特賞,晴,北西,3,3,1,1,3951,石 川 吉 鎬,6,32,6.83,1,0.14,1.50.9,1-3-6,3370,12,1-3,1050,3,1-3-6,1650,5,1-3,770,2,,,,,,,
20250418,若松,7,予選特賞,晴,北西,3,3,2,3,3566,川 添 英 正,15,16,6.87,3,0.11,1.52.6,1-3-6,3370,12,1-3,1050,3,1-3-6,1650,5,1-3,770,2,,,,,,,
20250418,若松,7,予選特賞,晴,北西,3,3,3,6,4649,和 田 操 拓,21,24,6.87,6,0.11,1.54.6,1-3-6,3370,12,1-3,1050,3,1-3-6,1650,5,1-3,770,2,,,,,,,
20250418,若松,7,予選特賞,晴,北西,3,3,4,4,5039,倉 田 茂 将,47,45,6.92,4,0.12,1.55.9,1-3-6,3370,12,1-3,1050,3,1-3-6,1650,5,1-3,770,2,,,,,,,
20250418,若松,7,予選特賞,晴,北西,3,3,5,5,3843,上 之 晃 弘,17,52,6.89,5,0.12,,1-3-6,3370,12,1-3,1050,3,1-3-6,1650,5,1-3,770,2,,,,,,,
20250418,若松,7,予選特賞,晴,北西,3,3,6,2,4324,海 野 康志郎,18,55,6.87,2,0.09,,1-3-6,3370,12,1-3,1050,3,1-3-6,1650,5,1-3,770,2,,,,,,,
20250418,若松,8,エイトビート,晴,北西,3,3,1,1,4134,杉 山 貴 博,14,40,6.73,1,0.17,1.51.6,1-2-4,1030,4,1-2,350,2,1-2-4,480,3,1-2,250,2,,,,,,,
20250418,若松,8,エイトビート,晴,北西,3,3,2,2,3686,鳥居塚 孝 博,50,47,6.93,2,0.16,1.52.4,1-2-4,1030,4,1-2,350,2,1-2-4,480,3,1-2,250,2,,,,,,,
20250418,若松,8,エイトビート,晴,北西,3,3,3,4,5160,藤 森 陸 斗,29,48,6.89,5,0.28,1.54.0,1-2-4,1030,4,1-2,350,2,1-2-4,480,3,1-2,250,2,,,,,,,
20250418,若松,8,エイトビート,晴,北西,3,3,4,5,4672,守 屋 大 地,48,25,6.89,4,0.25,1.55.2,1-2-4,1030,4,1-2,350,2,1-2-4,480,3,1-2,250,2,,,,,,,
20250418,若松,8,エイトビート,晴,北西,3,3,5,6,5292,佐 藤 右 京,53,27,6.91,6,0.28,,1-2-4,1030,4,1-2,350,2,1-2-4,480,3,1-2,250,2,,,,,,,
20250418,若松,8,エイトビート,晴,北西,3,3,6,3,3616,中 村 真,20,72,6.88,3,0.23,,1-2-4,1030,4,1-2,350,2,1-2-4,480,3,1-2,250,2,,,,,,,
20250418,若松,9,予選,晴,西,4,4,1,1,5029,中 亮 太,35,71,6.87,1,0.31,1.50.3,1-3-5,1360,5,1-3,250,1,1-3-5,1170,5,1-3,170,1,,,,,,,
20250418,若松,9,予選,晴,西,4,4,2,3,4159,向 後 龍 一,51,42,6.86,3,0.24,1.52.3,1-3-5,1360,5,1-3,250,1,1-3-5,1170,5,1-3,170,1,,,,,,,
20250418,若松,9,予選,晴,西,4,4,3,5,3730,塩 崎 優 司,44,61,6.87,5,0.29,1.53.7,1-3-5,1360,5,1-3,250,1,1-3-5,1170,5,1-3,170,1,,,,,,,
20250418,若松,9,予選,晴,西,4,4,4,4,4306,畔 柳 俊 吾,31,15,6.83,4,0.27,1.54.8,1-3-5,1360,5,1-3,250,1,1-3-5,1170,5,1-3,170,1,,,,,,,
20250418,若松,9,予選,晴,西,4,4,5,6,4695,尾 崎 雄 二,49,19,6.83,6,0.26,,1-3-5,1360,5,1-3,250,1,1-3-5,1170,5,1-3,170,1,,,,,,,
20250418,若松,9,予選,晴,西,4,4,6,2,5216,長谷川 晴 哉,24,65,6.84,2,0.24,,1-3-5,1360,5,1-3,250,1,1-3-5,1170,5,1-3,170,1,,,,,,,
20250418,若松,10,予選特賞,晴,西,4,4,1,2,3578,塩 田 雄 一,36,75,6.84,2,0.21,1.51.2,2-5-3,50620,70,2-5,10960,20,2-3-5,6000,13,2-5,5640,11,,,,,,,
20250418,若松,10,予選特賞,晴,西,4,4,2,5,4809,外 崎 悟,43,13,6.84,5,0.19,1.52.0,2-5-3,50620,70,2-5,10960,20,2-3-5,6000,13,2-5,5640,11,,,,,,,
20250418,若松,10,予選特賞,晴,西,4,4,3,3,4114,深 澤 達 徳,13,58,6.84,3,0.17,1.54.2,2-5-3,50620,70,2-5,10960,20,2-3-5,6000,13,2-5,5640,11,,,,,,,
20250418,若松,10,予選特賞,晴,西,4,4,4,1,5132,中 野 希 一,7,30,6.78,1,0.22,1.55.8,2-5-3,50620,70,2-5,10960,20,2-3-5,6000,13,2-5,5640,11,,,,,,,
20250418,若松,10,予選特賞,晴,西,4,4,5,6,3505,山 田 竜 一,56,44,6.82,6,0.22,,2-5-3,50620,70,2-5,10960,20,2-3-5,6000,13,2-5,5640,11,,,,,,,
20250418,若松,10,予選特賞,晴,西,4,4,6,4,3761,山 本 光 雄,55,21,6.86,4,0.23,,2-5-3,50620,70,2-5,10960,20,2-3-5,6000,13,2-5,5640,11,,,,,,,
20250418,若松,11,予選特選,晴,西,4,4,1,1,3826,村 田 修 次,27,14,6.84,1,0.19,1.51.0,1-4-5,1590,6,1-4,300,1,1-4-5,720,4,1-4,230,1,,,,,,,
20250418,若松,11,予選特選,晴,西,4,4,2,4,3951,石 川 吉 鎬,6,32,6.85,4,0.21,1.52.2,1-4-5,1590,6,1-4,300,1,1-4-5,720,4,1-4,230,1,,,,,,,
20250418,若松,11,予選特選,晴,西,4,4,3,5,3788,一 宮 稔 弘,9,73,6.87,5,0.15,1.53.6,1-4-5,1590,6,1-4,300,1,1-4-5,720,4,1-4,230,1,,,,,,,
20250418,若松,11,予選特選,晴,西,4,4,4,2,4906,鈴 木 雅 希,60,11,6.85,2,0.16,1.54.6,1-4-5,1590,6,1-4,300,1,1-4-5,720,4,1-4,230,1,,,,,,,
20250418,若松,11,予選特選,晴,西,4,4,5,3,4842,山 下 昂 大,42,37,6.87,3,0.17,,1-4-5,1590,6,1-4,300,1,1-4-5,720,4,1-4,230,1,,,,,,,
20250418,若松,11,予選特選,晴,西,4,4,6,6,4817,渡 邉 翼,37,35,6.90,6,0.14,,1-4-5,1590,6,1-4,300,1,1-4-5,720,4,1-4,230,1,,,,,,,
20250418,若松,12,ドリーム戦,晴,西,3,3,1,1,4324,海 野 康志郎,18,55,6.86,1,0.14,1.51.6,1-3-5,3380,14,1-3,380,2,1-3-5,1830,8,1-3,440,2,,,,,,,
20250418,若松,12,ドリーム戦,晴,西,3,3,2,3,4099,吉 永 則 雄,46,51,6.85,3,0.17,1.52.3,1-3-5,3380,14,1-3,380,2,1-3-5,1830,8,1-3,440,2,,,,,,,
20250418,若松,12,ドリーム戦,晴,西,3,3,3,5,4761,山 田 晃 大,38,43,6.86,5,0.21,1.53.8,1-3-5,3380,14,1-3,380,2,1-3-5,1830,8,1-3,440,2,,,,,,,
20250418,若松,12,ドリーム戦,晴,西,3,3,4,2,4134,杉 山 貴 博,14,40,6.76,2,0.17,1.54.1,1-3-5,3380,14,1-3,380,2,1-3-5,1830,8,1-3,440,2,,,,,,,
20250418,若松,12,ドリーム戦,晴,西,3,3,5,4,4743,木 村 仁 紀,8,59,6.86,4,0.21,,1-3-5,3380,14,1-3,380,2,1-3-5,1830,8,1-3,440,2,,,,,,,
20250418,若松,12,ドリーム戦,晴,西,3,3,6,6,5043,中 村 日 向,1,33,6.84,6,0.16,,1-3-5,3380,14,1-3,380,2,1-3-5,1830,8,1-3,440,2,,,,,,,
20250418,蒲郡,1,予選,晴,南西,3,1,1,1,4303,牧 原 崇,40,64,6.69,1,0.14,1.50.0,1-4-3,2530,8,1-4,370,1,1-3-4,1560,6,1-4,200,1,,,,,,,
20250418,蒲郡,1,予選,晴,南西,3,1,2,4,4948,木 場 悠 介,71,31,6.72,2,0.16,1.50.7,1-4-3,2530,8,1-4,370,1,1-3-4,1560,6,1-4,200,1,,,,,,,
20250418,蒲郡,1,予選,晴,南西,3,1,3,3,4078,渡 辺 史 之,58,27,6.69,4,0.25,1.53.1,1-4-3,2530,8,1-4,370,1,1-3-4,1560,6,1-4,200,1,,,,,,,
20250418,蒲郡,1,予選,晴,南西,3,1,4,6,5376,吉 田 一 心,55,56,6.61,6,0.22,1.53.7,1-4-3,2530,8,1-4,370,1,1-3-4,1560,6,1-4,200,1,,,,,,,
20250418,蒲郡,1,予選,晴,南西,3,1,5,5,4973,栗 原 直 也,53,54,6.69,5,0.20,,1-4-3,2530,8,1-4,370,1,1-3-4,1560,6,1-4,200,1,,,,,,,
20250418,蒲郡,1,予選,晴,南西,3,1,6,2,4100,松 田 隆 司,50,16,6.68,3,0.17,,1-4-3,2530,8,1-4,370,1,1-3-4,1560,6,1-4,200,1,,,,,,,
20250418,蒲郡,2,予選,晴,南西,3,1,1,2,4771,下 寺 秀 和,61,19,6.67,2,0.14,1.50.0,2-4-1,13670,37,2-4,3460,13,1-2-4,2340,7,2-4,2730,7,,,,,,,
20250418,蒲郡,2,予選,晴,南西,3,1,2,4,5333,山 下 智 己,56,65,6.71,4,0.23,1.50.9,2-4-1,13670,37,2-4,3460,13,1-2-4,2340,7,2-4,2730,7,,,,,,,
20250418,蒲郡,2,予選,晴,南西,3,1,3,1,3736,岡 本 猛,52,58,6.67,1,0.22,1.52.6,2-4-1,13670,37,2-4,3460,13,1-2-4,2340,7,2-4,2730,7,,,,,,,
20250418,蒲郡,2,予選,晴,南西,3,1,4,5,4709,岡 村 将 也,31,57,6.72,5,0.21,1.52.9,2-4-1,13670,37,2-4,3460,13,1-2-4,2340,7,2-4,2730,7,,,,,,,
20250418,蒲郡,2,予選,晴,南西,3,1,5,3,4785,木 幡 純 也,11,59,6.66,3,0.21,,2-4-1,13670,37,2-4,3460,13,1-2-4,2340,7,2-4,2730,7,,,,,,,
20250418,蒲郡,2,予選,晴,南西,3,1,6,6,3891,谷 口 健 一,65,14,6.71,6,0.21,,2-4-1,13670,37,2-4,3460,13,1-2-4,2340,7,2-4,2730,7,,,,,,,
20250418,蒲郡,3,予選,晴,南,3,1,1,1,4638,小 林 遼 太,26,23,6.69,1,0.08,1.49.9,1-2-3,840,1,1-2,400,2,1-2-3,380,1,1-2,180,1,,,,,,,
20250418,蒲郡,3,予選,晴,南,3,1,2,2,4512,高 野 哲 史,25,21,6.60,2,0.11,1.51.2,1-2-3,840,1,1-2,400,2,1-2-3,380,1,1-2,180,1,,,,,,,
20250418,蒲郡,3,予選,晴,南,3,1,3,3,4411,沢 田 昭 宏,32,15,6.71,3,0.12,1.53.0,1-2-3,840,1,1-2,400,2,1-2-3,380,1,1-2,180,1,,,,,,,
20250418,蒲郡,3,予選,晴,南,3,1,4,5,4231,鈴 木 裕 隆,28,70,6.71,4,0.28,1.53.9,1-2-3,840,1,1-2,400,2,1-2-3,380,1,1-2,180,1,,,,,,,
20250418,蒲郡,3,予選,晴,南,3,1,5,6,4281,大 澤 大 夢,35,29,6.72,6,0.23,,1-2-3,840,1,1-2,400,2,1-2-3,380,1,1-2,180,1,,,,,,,
20250418,蒲郡,3,予選,晴,南,3,1,6,4,4876,梅 木 敬 太,63,69,6.71,5,0.21,,1-2-3,840,1,1-2,400,2,1-2-3,380,1,1-2,180,1,,,,,,,
20250418,蒲郡,4,予選,晴,南西,4,2,1,6,4096,石 橋 道 友,27,72,6.65,6,0.15,1.50.1,6-4-2,27050,72,6-4,4220,16,2-4-6,2990,11,4-6,1730,8,,,,,,,
20250418,蒲郡,4,予選,晴,南西,4,2,2,4,4006,小 野 勇 作,43,53,6.67,4,0.23,1.51.5,6-4-2,27050,72,6-4,4220,16,2-4-6,2990,11,4-6,1730,8,,,,,,,
20250418,蒲郡,4,予選,晴,南西,4,2,3,2,4693,松 下 誉 士,49,26,6.62,2,0.28,1.53.4,6-4-2,27050,72,6-4,4220,16,2-4-6,2990,11,4-6,1730,8,,,,,,,
20250418,蒲郡,4,予選,晴,南西,4,2,4,1,4056,小 西 英 輝,59,71,6.66,1,0.25,1.54.2,6-4-2,27050,72,6-4,4220,16,2-4-6,2990,11,4-6,1730,8,,,,,,,
20250418,蒲郡,4,予選,晴,南西,4,2,5,5,3793,高 橋 真 吾,19,17,6.70,5,0.27,,6-4-2,27050,72,6-4,4220,16,2-4-6,2990,11,4-6,1730,8,,,,,,,
20250418,蒲郡,4,予選,晴,南西,4,2,6,3,4460,後 藤 翔 之,22,12,6.69,3,0.37,,6-4-2,27050,72,6-4,4220,16,2-4-6,2990,11,4-6,1730,8,,,,,,,
20250418,蒲郡,5,予選,晴,南,2,1,1,1,5008,羽 野 諒,39,18,6.61,1,0.11,1.49.5,1-4-6,4630,21,1-4,1570,8,1-4-6,810,5,1-4,790,5,,,,,,,
20250418,蒲郡,5,予選,晴,南,2,1,2,4,3641,一 瀬 明,36,68,6.83,3,0.13,1.50.6,1-4-6,4630,21,1-4,1570,8,1-4-6,810,5,1-4,790,5,,,,,,,
20250418,蒲郡,5,予選,晴,南,2,1,3,6,4188,久 田 敏 之,47,67,6.66,4,0.19,1.52.5,1-4-6,4630,21,1-4,1570,8,1-4-6,810,5,1-4,790,5,,,,,,,
20250418,蒲郡,5,予選,晴,南,2,1,4,2,4531,武 富 智 亮,48,77,6.64,2,0.13,1.53.5,1-4-6,4630,21,1-4,1570,8,1-4-6,810,5,1-4,790,5,,,,,,,
20250418,蒲郡,5,予選,晴,南,2,1,5,3,4521,小 池 公 生,23,66,6.69,5,0.30,,1-4-6,4630,21,1-4,1570,8,1-4-6,810,5,1-4,790,5,,,,,,,
20250418,蒲郡,5,予選,晴,南,2,1,6,5,5376,吉 田 一 心,55,56,6.65,6,0.22,,1-4-6,4630,21,1-4,1570,8,1-4-6,810,5,1-4,790,5,,,,,,,
20250418,蒲郡,6,予選,晴,南西,1,1,1,1,4257,古 川 健,29,74,6.67,1,0.10,1.57.4,1-4-2,3940,13,1-4,1610,5,1-2-4,540,3,1-4,360,2,,,,,,,
20250418,蒲郡,6,予選,晴,南西,1,1,2,4,3523,寳 田 亮 治,54,61,6.79,4,0.17,2.00.3,1-4-2,3940,13,1-4,1610,5,1-2-4,540,3,1-4,360,2,,,,,,,
20250418,蒲郡,6,予選,晴,南西,1,1,3,2,4532,秋 元 哲,34,28,6.72,2,0.13,2.04.7,1-4-2,3940,13,1-4,1610,5,1-2-4,540,3,1-4,360,2,,,,,,,
20250418,蒲郡,6,予選,晴,南西,1,1,4,5,5333,山 下 智 己,56,65,6.73,5,0.17,2.10.8,1-4-2,3940,13,1-4,1610,5,1-2-4,540,3,1-4,360,2,,,,,,,
20250418,蒲郡,6,予選,晴,南西,1,1,S0,3,4323,山 田 佑 樹,46,55,6.72,3,0.19,,1-4-2,3940,13,1-4,1610,5,1-2-4,540,3,1-4,360,2,,,,,,,
20250418,蒲郡,6,予選,晴,南西,1,1,S0,6,3987,後 藤 正 宗,57,75,6.75,6,0.09,,1-4-2,3940,13,1-4,1610,5,1-2-4,540,3,1-4,360,2,,,,,,,
20250418,蒲郡,7,予選 進入固定,晴,南東,1,1,1,1,3944,山 口 裕 二,69,25,6.69,1,0.17,1.50.0,1-2-4,4490,16,1-2,1680,5,1-2-4,1840,5,1-2,1320,4,,,,,,,
20250418,蒲郡,7,予選 進入固定,晴,南東,1,1,2,2,3305,小 野 信 樹,24,60,6.76,2,0.19,1.51.4,1-2-4,4490,16,1-2,1680,5,1-2-4,1840,5,1-2,1320,4,,,,,,,
20250418,蒲郡,7,予選 進入固定,晴,南東,1,1,3,4,4887,富 澤 祐 作,45,13,6.78,4,0.17,1.52.5,1-2-4,4490,16,1-2,1680,5,1-2-4,1840,5,1-2,1320,4,,,,,,,
20250418,蒲郡,7,予選 進入固定,晴,南東,1,1,4,3,4734,安河内 将,62,73,6.65,3,0.20,1.53.1,1-2-4,4490,16,1-2,1680,5,1-2-4,1840,5,1-2,1320,4,,,,,,,
20250418,蒲郡,7,予選 進入固定,晴,南東,1,1,5,6,4973,栗 原 直 也,53,54,6.72,6,0.18,,1-2-4,4490,16,1-2,1680,5,1-2-4,1840,5,1-2,1320,4,,,,,,,
20250418,蒲郡,7,予選 進入固定,晴,南東,1,1,6,5,4638,小 林 遼 太,26,23,6.75,5,0.21,,1-2-4,4490,16,1-2,1680,5,1-2-4,1840,5,1-2,1320,4,,,,,,,
20250418,蒲郡,8,予選,晴,南東,1,1,1,1,4709,岡 村 将 也,31,57,6.74,1,0.11,1.48.7,1-5-2,2490,8,1-5,1370,5,1-2-5,270,1,1-5,1310,4,,,,,,,
20250418,蒲郡,8,予選,晴,南東,1,1,2,5,4375,照 屋 厚 仁,64,22,6.67,5,0.06,1.49.6,1-5-2,2490,8,1-5,1370,5,1-2-5,270,1,1-5,1310,4,,,,,,,
20250418,蒲郡,8,予選,晴,南東,1,1,3,2,3960,菊 地 孝 平,20,30,6.69,2,0.11,1.51.3,1-5-2,2490,8,1-5,1370,5,1-2-5,270,1,1-5,1310,4,,,,,,,
20250418,蒲郡,8,予選,晴,南東,1,1,4,6,4411,沢 田 昭 宏,32,15,6.69,6,0.18,1.52.2,1-5-2,2490,8,1-5,1370,5,1-2-5,270,1,1-5,1310,4,,,,,,,
20250418,蒲郡,8,予選,晴,南東,1,1,5,3,4143,浦 田 晃 嗣,37,62,6.72,3,0.08,,1-5-2,2490,8,1-5,1370,5,1-2-5,270,1,1-5,1310,4,,,,,,,
20250418,蒲郡,8,予選,晴,南東,1,1,6,4,5120,山 本 稔太朗,60,24,6.71,4,0.06,,1-5-2,2490,8,1-5,1370,5,1-2-5,270,1,1-5,1310,4,,,,,,,
20250418,蒲郡,9,予選特賞,晴,南東,1,1,1,1,4460,後 藤 翔 之,22,12,6.87,1,0.11,1.49.2,1-5-3,1650,5,1-5,750,4,1-3-5,360,1,1-5,800,3,,,,,,,
20250418,蒲郡,9,予選特賞,晴,南東,1,1,2,5,4991,宗 行 治 哉,70,63,6.87,5,0.17,1.50.8,1-5-3,1650,5,1-5,750,4,1-3-5,360,1,1-5,800,3,,,,,,,
20250418,蒲郡,9,予選特賞,晴,南東,1,1,3,3,4790,柳 内 敬 太,30,20,6.75,3,0.14,1.52.8,1-5-3,1650,5,1-5,750,4,1-3-5,360,1,1-5,800,3,,,,,,,
20250418,蒲郡,9,予選特賞,晴,南東,1,1,4,2,4303,牧 原 崇,40,64,6.81,2,0.19,1.53.3,1-5-3,1650,5,1-5,750,4,1-3-5,360,1,1-5,800,3,,,,,,,
20250418,蒲郡,9,予選特賞,晴,南東,1,1,5,6,4521,小 池 公 生,23,66,6.87,6,0.22,,1-5-3,1650,5,1-5,750,4,1-3-5,360,1,1-5,800,3,,,,,,,
20250418,蒲郡,9,予選特賞,晴,南東,1,1,6,4,3736,岡 本 猛,52,58,6.85,4,0.14,,1-5-3,1650,5,1-5,750,4,1-3-5,360,1,1-5,800,3,,,,,,,
20250418,蒲郡,10,予選特賞,晴,東,2,1,1,1,3813,佐 藤 大 介,68,11,6.90,1,0.05,1.50.1,1-5-3,2980,8,1-5,490,3,1-3-5,1350,5,1-5,420,3,,,,,,,
20250418,蒲郡,10,予選特賞,晴,東,2,1,2,5,4531,武 富 智 亮,48,77,6.78,5,0.12,1.51.2,1-5-3,2980,8,1-5,490,3,1-3-5,1350,5,1-5,420,3,,,,,,,
20250418,蒲郡,10,予選特賞,晴,東,2,1,3,3,4056,小 西 英 輝,59,71,6.85,3,0.09,1.52.8,1-5-3,2980,8,1-5,490,3,1-3-5,1350,5,1-5,420,3,,,,,,,
20250418,蒲郡,10,予選特賞,晴,東,2,1,4,4,3696,白 井 友 晴,21,76,6.78,4,0.17,1.52.9,1-5-3,2980,8,1-5,490,3,1-3-5,1350,5,1-5,420,3,,,,,,,
20250418,蒲郡,10,予選特賞,晴,東,2,1,5,2,3987,後 藤 正 宗,57,75,6.85,2,0.09,,1-5-3,2980,8,1-5,490,3,1-3-5,1350,5,1-5,420,3,,,,,,,
20250418,蒲郡,10,予選特賞,晴,東,2,1,6,6,4100,松 田 隆 司,50,16,6.87,6,0.18,,1-5-3,2980,8,1-5,490,3,1-3-5,1350,5,1-5,420,3,,,,,,,
20250418,蒲郡,11,予選特選,晴,東,1,1,1,1,4771,下 寺 秀 和,61,19,6.82,1,0.13,1.49.0,1-3-4,1320,4,1-3,450,3,1-3-4,630,3,1-3,500,3,,,,,,,
20250418,蒲郡,11,予選特選,晴,東,1,1,2,3,4006,小 野 勇 作,43,53,6.88,3,0.14,1.50.5,1-3-4,1320,4,1-3,450,3,1-3-4,630,3,1-3,500,3,,,,,,,
20250418,蒲郡,11,予選特選,晴,東,1,1,3,4,3944,山 口 裕 二,69,25,6.80,4,0.14,1.52.4,1-3-4,1320,4,1-3,450,3,1-3-4,630,3,1-3,500,3,,,,,,,
20250418,蒲郡,11,予選特選,晴,東,1,1,4,5,5008,羽 野 諒,39,18,6.80,5,0.13,1.53.3,1-3-4,1320,4,1-3,450,3,1-3-4,630,3,1-3,500,3,,,,,,,
20250418,蒲郡,11,予選特選,晴,東,1,1,5,2,4231,鈴 木 裕 隆,28,70,6.88,2,0.14,,1-3-4,1320,4,1-3,450,3,1-3-4,630,3,1-3,500,3,,,,,,,
20250418,蒲郡,11,予選特選,晴,東,1,1,6,6,4323,山 田 佑 樹,46,38,6.82,6,0.21,,1-3-4,1320,4,1-3,450,3,1-3-4,630,3,1-3,500,3,,,,,,,
20250418,蒲郡,12,ドリーム戦,晴,東,1,0,1,1,3960,菊 地 孝 平,20,30,6.77,1,0.13,1.48.8,1-2-6,3760,12,1-2,280,1,1-2-6,2320,8,1-2,260,2,,,,,,,
20250418,蒲郡,12,ドリーム戦,晴,東,1,0,2,2,4096,石 橋 道 友,27,72,6.81,2,0.13,1.50.2,1-2-6,3760,12,1-2,280,1,1-2-6,2320,8,1-2,260,2,,,,,,,
20250418,蒲郡,12,ドリーム戦,晴,東,1,0,3,6,4532,秋 元 哲,34,28,6.91,6,0.09,1.51.4,1-2-6,3760,12,1-2,280,1,1-2-6,2320,8,1-2,260,2,,,,,,,
20250418,蒲郡,12,ドリーム戦,晴,東,1,0,4,4,4512,高 野 哲 史,25,21,6.82,4,0.09,1.52.3,1-2-6,3760,12,1-2,280,1,1-2-6,2320,8,1-2,260,2,,,,,,,
20250418,蒲郡,12,ドリーム戦,晴,東,1,0,5,3,4188,久 田 敏 之,47,67,6.85,3,0.12,,1-2-6,3760,12,1-2,280,1,1-2-6,2320,8,1-2,260,2,,,,,,,
20250418,蒲郡,12,ドリーム戦,晴,東,1,0,6,5,4734,安河内 将,62,73,6.86,5,0.04,,1-2-6,3760,12,1-2,280,1,1-2-6,2320,8,1-2,260,2,,,,,,,
20250418,鳴門,1,予選,晴,南東,1,1,1,1,4264,長 尾 章 平,18,18,6.77,1,0.21,1.49.3,1-3-5,980,2,1-3,280,1,1-3-5,530,1,1-3,340,2,,,,,,,
20250418,鳴門,1,予選,晴,南東,1,1,2,3,3202,三 品 隆 浩,27,23,6.96,3,0.25,1.50.8,1-3-5,980,2,1-3,280,1,1-3-5,530,1,1-3,340,2,,,,,,,
20250418,鳴門,1,予選,晴,南東,1,1,3,5,5067,山 田 真 聖,79,83,6.99,5,0.22,1.52.0,1-3-5,980,2,1-3,280,1,1-3-5,530,1,1-3,340,2,,,,,,,
20250418,鳴門,1,予選,晴,南東,1,1,4,4,4563,齋 藤 真 之,83,25,6.77,4,0.25,1.53.5,1-3-5,980,2,1-3,280,1,1-3-5,530,1,1-3,340,2,,,,,,,
20250418,鳴門,1,予選,晴,南東,1,1,5,2,4232,笠 雅 雄,84,11,6.92,2,0.27,,1-3-5,980,2,1-3,280,1,1-3-5,530,1,1-3,340,2,,,,,,,
20250418,鳴門,1,予選,晴,南東,1,1,6,6,5388,佐 野 優 都,77,66,6.92,6,0.15,,1-3-5,980,2,1-3,280,1,1-3-5,530,1,1-3,340,2,,,,,,,
20250418,鳴門,2,予選,晴,南東,2,2,1,2,4500,山 田 康 二,17,82,6.79,2,0.06,1.47.1,2-3-6,970,3,2-3,380,2,2-3-6,460,3,2-3,380,2,,,,,,,
20250418,鳴門,2,予選,晴,南東,2,2,2,3,3684,清 水 攻 二,28,64,6.95,3,0.11,1.49.3,2-3-6,970,3,2-3,380,2,2-3-6,460,3,2-3,380,2,,,,,,,
20250418,鳴門,2,予選,晴,南東,2,2,3,6,3841,佐々木 和 伸,30,19,6.81,6,0.13,1.51.1,2-3-6,970,3,2-3,380,2,2-3-6,460,3,2-3,380,2,,,,,,,
20250418,鳴門,2,予選,晴,南東,2,2,4,4,5323,香 川 陽 太,80,67,6.97,4,0.19,1.52.8,2-3-6,970,3,2-3,380,2,2-3-6,460,3,2-3,380,2,,,,,,,
20250418,鳴門,2,予選,晴,南東,2,2,5,5,5235,岩 田 凌,10,79,6.84,5,0.11,,2-3-6,970,3,2-3,380,2,2-3-6,460,3,2-3,380,2,,,,,,,
20250418,鳴門,2,予選,晴,南東,2,2,6,1,3869,井 芹 大 志,16,12,6.81,1,0.12,,2-3-6,970,3,2-3,380,2,2-3-6,460,3,2-3,380,2,,,,,,,
20250418,鳴門,3,予選,曇り,南東,2,2,1,4,5076,石 原 光,11,28,6.86,5,0.11,1.48.0,4-3-5,37890,63,4-3,10480,18,3-4-5,5990,13,3-4,3180,9,,,,,,,
20250418,鳴門,3,予選,曇り,南東,2,2,2,3,4679,植 田 太 一,14,27,6.76,3,0.10,1.49.4,4-3-5,37890,63,4-3,10480,18,3-4-5,5990,13,3-4,3180,9,,,,,,,
20250418,鳴門,3,予選,曇り,南東,2,2,3,5,5206,梅 原 祥 平,24,16,6.73,6,0.09,1.51.4,4-3-5,37890,63,4-3,10480,18,3-4-5,5990,13,3-4,3180,9,,,,,,,
20250418,鳴門,3,予選,曇り,南東,2,2,4,6,2878,富 山 弘 幸,82,17,6.90,4,0.11,1.52.7,4-3-5,37890,63,4-3,10480,18,3-4-5,5990,13,3-4,3180,9,,,,,,,
20250418,鳴門,3,予選,曇り,南東,2,2,5,1,4985,井 本 昌 也,26,13,6.75,1,0.23,,4-3-5,37890,63,4-3,10480,18,3-4-5,5990,13,3-4,3180,9,,,,,,,
20250418,鳴門,3,予選,曇り,南東,2,2,6,2,4245,高 橋 直 哉,20,15,6.82,2,0.22,,4-3-5,37890,63,4-3,10480,18,3-4-5,5990,13,3-4,3180,9,,,,,,,
20250418,鳴門,4,予選,曇り,東,3,3,1,1,3853,岩 崎 正 哉,63,71,6.83,1,0.21,1.48.8,1-2-3,560,1,1-2,210,1,1-2-3,380,1,1-2,170,1,,,,,,,
20250418,鳴門,4,予選,曇り,東,3,3,2,2,4086,寺 本 重 宣,21,75,6.81,2,0.22,1.49.9,1-2-3,560,1,1-2,210,1,1-2-3,380,1,1-2,170,1,,,,,,,
20250418,鳴門,4,予選,曇り,東,3,3,3,3,4105,松 下 直 也,81,69,6.85,3,0.27,1.51.5,1-2-3,560,1,1-2,210,1,1-2-3,380,1,1-2,170,1,,,,,,,
20250418,鳴門,4,予選,曇り,東,3,3,4,6,3614,谷 勝 幸,15,81,6.74,6,0.13,1.52.8,1-2-3,560,1,1-2,210,1,1-2-3,380,1,1-2,170,1,,,,,,,
20250418,鳴門,4,予選,曇り,東,3,3,5,5,4273,佐 藤 旭,29,77,6.81,5,0.16,,1-2-3,560,1,1-2,210,1,1-2-3,380,1,1-2,170,1,,,,,,,
20250418,鳴門,4,予選,曇り,東,3,3,6,4,4367,山 口 修 路,74,65,6.89,4,0.24,,1-2-3,560,1,1-2,210,1,1-2-3,380,1,1-2,170,1,,,,,,,
20250418,鳴門,5,予選,曇り,東,4,4,1,5,4403,木 下 大 將,23,24,6.75,5,0.11,1.47.8,5-1-3,19890,68,5-1,7140,24,1-3-5,1280,5,1-5,2580,11,,,,,,,
20250418,鳴門,5,予選,曇り,東,4,4,2,1,4197,渥 美 卓 郎,12,74,6.76,1,0.13,1.49.6,5-1-3,19890,68,5-1,7140,24,1-3-5,1280,5,1-5,2580,11,,,,,,,
20250418,鳴門,5,予選,曇り,東,4,4,3,3,4732,堀 本 和 也,65,80,6.72,3,0.11,1.50.9,5-1-3,19890,68,5-1,7140,24,1-3-5,1280,5,1-5,2580,11,,,,,,,
20250418,鳴門,5,予選,曇り,東,4,4,4,2,3939,渡 辺 真 至,73,73,6.78,2,0.14,1.50.9,5-1-3,19890,68,5-1,7140,24,1-3-5,1280,5,1-5,2580,11,,,,,,,
20250418,鳴門,5,予選,曇り,東,4,4,5,6,4933,板 橋 侑 我,68,84,6.84,6,0.14,,5-1-3,19890,68,5-1,7140,24,1-3-5,1280,5,1-5,2580,11,,,,,,,
20250418,鳴門,5,予選,曇り,東,4,4,6,4,5067,山 田 真 聖,79,83,6.87,4,0.18,,5-1-3,19890,68,5-1,7140,24,1-3-5,1280,5,1-5,2580,11,,,,,,,
20250418,鳴門,6,予選,晴,東,2,2,1,4,4472,尾 嶋 一 広,76,78,6.80,4,0.09,1.48.0,4-6-1,4780,18,4-6,1930,8,1-4-6,1340,5,4-6,1260,7,,,,,,,
20250418,鳴門,6,予選,晴,東,2,2,2,6,4636,赤 池 修 平,25,10,6.81,6,0.11,1.49.7,4-6-1,4780,18,4-6,1930,8,1-4-6,1340,5,4-6,1260,7,,,,,,,
20250418,鳴門,6,予選,晴,東,2,2,3,1,4120,柘 植 政 浩,64,21,6.82,1,0.23,1.51.9,4-6-1,4780,18,4-6,1930,8,1-4-6,1340,5,4-6,1260,7,,,,,,,
20250418,鳴門,6,予選,晴,東,2,2,4,5,4594,谷 川 祐 一,69,76,6.92,5,0.15,1.52.6,4-6-1,4780,18,4-6,1930,8,1-4-6,1340,5,4-6,1260,7,,,,,,,
20250418,鳴門,6,予選,晴,東,2,2,5,2,5282,中 本 大 樹,72,72,6.81,2,0.24,,4-6-1,4780,18,4-6,1930,8,1-4-6,1340,5,4-6,1260,7,,,,,,,
20250418,鳴門,6,予選,晴,東,2,2,6,3,3869,井 芹 大 志,16,12,6.82,3,0.17,,4-6-1,4780,18,4-6,1930,8,1-4-6,1340,5,4-6,1260,7,,,,,,,
20250418,鳴門,7,予選,晴,南東,2,2,1,4,4500,山 田 康 二,17,82,6.86,2,0.06,1.48.3,4-5-3,1240,2,4-5,280,1,3-4-5,280,1,4-5,220,1,,,,,,,
20250418,鳴門,7,予選,晴,南東,2,2,2,5,4549,小 林 文 彦,66,68,6.76,5,0.16,1.49.7,4-5-3,1240,2,4-5,280,1,3-4-5,280,1,4-5,220,1,,,,,,,
20250418,鳴門,7,予選,晴,南東,2,2,3,3,4345,西 舘 健,71,29,6.87,4,0.08,1.51.1,4-5-3,1240,2,4-5,280,1,3-4-5,280,1,4-5,220,1,,,,,,,
20250418,鳴門,7,予選,晴,南東,2,2,4,2,5076,石 原 光,11,28,6.88,3,0.13,1.52.1,4-5-3,1240,2,4-5,280,1,3-4-5,280,1,4-5,220,1,,,,,,,
20250418,鳴門,7,予選,晴,南東,2,2,5,1,4219,本 岡 勝 利,22,14,6.80,1,0.13,,4-5-3,1240,2,4-5,280,1,3-4-5,280,1,4-5,220,1,,,,,,,
20250418,鳴門,7,予選,晴,南東,2,2,6,6,5366,塩 嶋 泰 空,75,30,6.86,6,0.12,,4-5-3,1240,2,4-5,280,1,3-4-5,280,1,4-5,220,1,,,,,,,
20250418,鳴門,8,予選,晴,東,3,3,1,4,4985,井 本 昌 也,26,13,6.81,4,0.11,1.48.0,4-2-1,4620,14,4-2,2120,6,1-2-4,280,1,2-4,1200,5,,,,,,,
20250418,鳴門,8,予選,晴,東,3,3,2,2,5014,梶 山 涼 斗,19,26,6.80,2,0.08,1.50.2,4-2-1,4620,14,4-2,2120,6,1-2-4,280,1,2-4,1200,5,,,,,,,
20250418,鳴門,8,予選,晴,東,3,3,3,1,4105,松 下 直 也,81,69,6.75,1,0.11,1.51.6,4-2-1,4620,14,4-2,2120,6,1-2-4,280,1,2-4,1200,5,,,,,,,
20250418,鳴門,8,予選,晴,東,3,3,4,6,3434,松 尾 宣 邦,13,22,6.85,6,0.11,1.52.6,4-2-1,4620,14,4-2,2120,6,1-2-4,280,1,2-4,1200,5,,,,,,,
20250418,鳴門,8,予選,晴,東,3,3,5,3,4904,松 本 一 毅,70,20,6.89,3,0.17,,4-2-1,4620,14,4-2,2120,6,1-2-4,280,1,2-4,1200,5,,,,,,,
20250418,鳴門,8,予選,晴,東,3,3,6,5,4563,齋 藤 真 之,83,25,6.89,5,0.15,,4-2-1,4620,14,4-2,2120,6,1-2-4,280,1,2-4,1200,5,,,,,,,
20250418,鳴門,9,特賞,晴,南東,3,3,1,3,4933,板 橋 侑 我,68,84,6.84,3,0.07,1.48.2,3-4-6,1020,1,3-4,440,1,3-4-6,510,1,3-4,370,1,,,,,,,
20250418,鳴門,9,特賞,晴,南東,3,3,2,4,5206,梅 原 祥 平,24,16,6.84,4,0.08,1.49.9,3-4-6,1020,1,3-4,440,1,3-4-6,510,1,3-4,370,1,,,,,,,
20250418,鳴門,9,特賞,晴,南東,3,3,3,6,4086,寺 本 重 宣,21,75,6.82,6,0.19,1.51.1,3-4-6,1020,1,3-4,440,1,3-4-6,510,1,3-4,370,1,,,,,,,
20250418,鳴門,9,特賞,晴,南東,3,3,4,1,3202,三 品 隆 浩,27,23,6.85,1,0.09,1.53.0,3-4-6,1020,1,3-4,440,1,3-4-6,510,1,3-4,370,1,,,,,,,
20250418,鳴門,9,特賞,晴,南東,3,3,5,5,4950,高 岡 竜 也,78,70,6.86,5,0.18,,3-4-6,1020,1,3-4,440,1,3-4-6,510,1,3-4,370,1,,,,,,,
20250418,鳴門,9,特賞,晴,南東,3,3,6,2,5235,岩 田 凌,10,79,6.85,2,0.11,,3-4-6,1020,1,3-4,440,1,3-4-6,510,1,3-4,370,1,,,,,,,
20250418,鳴門,10,特賞,晴,東,4,4,1,1,3303,渡 辺 豊,67,63,6.80,1,0.11,1.48.8,1-6-4,2690,11,1-6,1360,6,1-4-6,460,1,1-6,1130,4,,,,,,,
20250418,鳴門,10,特賞,晴,東,4,4,2,6,3939,渡 辺 真 至,73,73,6.90,5,0.06,1.49.8,1-6-4,2690,11,1-6,1360,6,1-4-6,460,1,1-6,1130,4,,,,,,,
20250418,鳴門,10,特賞,晴,東,4,4,3,4,4594,谷 川 祐 一,69,76,6.92,4,0.03,1.50.7,1-6-4,2690,11,1-6,1360,6,1-4-6,460,1,1-6,1130,4,,,,,,,
20250418,鳴門,10,特賞,晴,東,4,4,4,2,4367,山 口 修 路,74,65,6.79,2,0.12,1.51.6,1-6-4,2690,11,1-6,1360,6,1-4-6,460,1,1-6,1130,4,,,,,,,
20250418,鳴門,10,特賞,晴,東,4,4,5,3,4245,高 橋 直 哉,20,15,6.83,3,0.06,,1-6-4,2690,11,1-6,1360,6,1-4-6,460,1,1-6,1130,4,,,,,,,
20250418,鳴門,10,特賞,晴,東,4,4,6,5,5388,佐 野 優 都,77,66,6.83,6,0.07,,1-6-4,2690,11,1-6,1360,6,1-4-6,460,1,1-6,1130,4,,,,,,,
20250418,鳴門,11,特選,晴,東,2,2,1,2,4403,木 下 大 將,23,24,6.78,2,0.18,1.48.1,2-1-3,4560,16,2-1,1610,5,1-2-3,280,1,1-2,150,1,,,,,,,
20250418,鳴門,11,特選,晴,東,2,2,2,1,4472,尾 嶋 一 広,76,78,6.72,1,0.14,1.49.2,2-1-3,4560,16,2-1,1610,5,1-2-3,280,1,1-2,150,1,,,,,,,
20250418,鳴門,11,特選,晴,東,2,2,3,3,3853,岩 崎 正 哉,63,71,6.82,3,0.15,1.51.5,2-1-3,4560,16,2-1,1610,5,1-2-3,280,1,1-2,150,1,,,,,,,
20250418,鳴門,11,特選,晴,東,2,2,4,6,3684,清 水 攻 二,28,64,6.82,6,0.27,1.51.5,2-1-3,4560,16,2-1,1610,5,1-2-3,280,1,1-2,150,1,,,,,,,
20250418,鳴門,11,特選,晴,東,2,2,5,5,4345,西 舘 健,71,29,6.88,5,0.19,,2-1-3,4560,16,2-1,1610,5,1-2-3,280,1,1-2,150,1,,,,,,,
20250418,鳴門,11,特選,晴,東,2,2,6,4,2878,富 山 弘 幸,82,17,6.77,4,0.21,,2-1-3,4560,16,2-1,1610,5,1-2-3,280,1,1-2,150,1,,,,,,,
20250418,鳴門,12,特選,晴,東,4,4,1,4,4264,長 尾 章 平,18,18,6.82,4,0.15,1.48.3,4-3-5,15580,38,4-3,2960,11,3-4-5,1950,9,3-4,2520,7,,,,,,,
20250418,鳴門,12,特選,晴,東,4,4,2,3,4120,柘 植 政 浩,64,21,6.75,3,0.19,1.49.5,4-3-5,15580,38,4-3,2960,11,3-4-5,1950,9,3-4,2520,7,,,,,,,
20250418,鳴門,12,特選,晴,東,4,4,3,5,4904,松 本 一 毅,70,20,6.80,5,0.20,1.50.9,4-3-5,15580,38,4-3,2960,11,3-4-5,1950,9,3-4,2520,7,,,,,,,
20250418,鳴門,12,特選,晴,東,4,4,4,1,4732,堀 本 和 也,65,80,6.79,1,0.27,1.51.4,4-3-5,15580,38,4-3,2960,11,3-4-5,1950,9,3-4,2520,7,,,,,,,
20250418,鳴門,12,特選,晴,東,4,4,5,2,3841,佐々木 和 伸,30,19,6.76,2,0.41,,4-3-5,15580,38,4-3,2960,11,3-4-5,1950,9,3-4,2520,7,,,,,,,
20250418,鳴門,12,特選,晴,東,4,4,K0,6,4679,植 田 太 一,14,27 K,,,,,4-3-5,15580,38,4-3,2960,11,3-4-5,1950,9,3-4,2520,7,,,,,,,
