date,venue_name,race_no,race_type,weather,wind_dir,wind_ms,wave_cm,rank,waku,reg_no,name,motor_no,boat_no,exhibition_time,course_enter,st_timing,race_time,won3,won3_pay,won3_pop,won2,won2_pay,won2_pop,trio,trio_pay,trio_pop,pair,pair_pay,pair_pop,lap_time,turn_time,straight_time,lap_rank,turn_rank,straight_rank,exhibition_eval
20260417,三国,1,みくにあさイ,曇り,南東,2,2,1,1,4133,高 橋 正 男,48,24,6.69,1,0.14,1.48.2,1-2-3,870,4,1-2,570,2,1-2-3,350,2,1-2,310,2,,,,,,,
20260417,三国,1,みくにあさイ,曇り,南東,2,2,2,2,5326,三 嶌 さらら,27,45,6.69,2,0.23,1.50.7,1-2-3,870,4,1-2,570,2,1-2-3,350,2,1-2,310,2,,,,,,,
20260417,三国,1,みくにあさイ,曇り,南東,2,2,3,3,4003,表 憲 一,20,27,6.66,3,0.23,1.51.8,1-2-3,870,4,1-2,570,2,1-2-3,350,2,1-2,310,2,,,,,,,
20260417,三国,1,みくにあさイ,曇り,南東,2,2,4,5,4410,井 上 大 輔,34,26,6.81,5,0.25,1.53.3,1-2-3,870,4,1-2,570,2,1-2-3,350,2,1-2,310,2,,,,,,,
20260417,三国,1,みくにあさイ,曇り,南東,2,2,5,6,4623,中 北 将 史,15,66,6.73,6,0.23,,1-2-3,870,4,1-2,570,2,1-2-3,350,2,1-2,310,2,,,,,,,
20260417,三国,1,みくにあさイ,曇り,南東,2,2,6,4,4246,喜 多 那由夏,60,61,6.76,4,0.22,,1-2-3,870,4,1-2,570,2,1-2-3,350,2,1-2,310,2,,,,,,,
20260417,三国,2,みくにあさガ,曇り,南東,3,3,1,1,4144,石 塚 久 也,68,12,6.72,1,0.17,1.50.6,1-6-2,12560,26,1-6,4570,10,1-2-6,1350,5,1-6,2610,8,,,,,,,
20260417,三国,2,みくにあさガ,曇り,南東,3,3,2,6,4346,前 田 健太郎,70,56,6.78,6,0.17,1.52.1,1-6-2,12560,26,1-6,4570,10,1-2-6,1350,5,1-6,2610,8,,,,,,,
20260417,三国,2,みくにあさガ,曇り,南東,3,3,3,2,3300,川 崎 智 幸,62,39,6.78,2,0.17,1.52.9,1-6-2,12560,26,1-6,4570,10,1-2-6,1350,5,1-6,2610,8,,,,,,,
20260417,三国,2,みくにあさガ,曇り,南東,3,3,4,3,4987,島 倉 都,14,55,6.69,3,0.17,1.53.3,1-6-2,12560,26,1-6,4570,10,1-2-6,1350,5,1-6,2610,8,,,,,,,
20260417,三国,2,みくにあさガ,曇り,南東,3,3,5,4,3661,柳 瀬 興 志,11,36,6.68,4,0.19,,1-6-2,12560,26,1-6,4570,10,1-2-6,1350,5,1-6,2610,8,,,,,,,
20260417,三国,2,みくにあさガ,曇り,南東,3,3,6,5,3293,宮 内 由紀英,35,49,6.77,5,0.18,,1-6-2,12560,26,1-6,4570,10,1-2-6,1350,5,1-6,2610,8,,,,,,,
20260417,三国,3,みくにあさズ,曇り,南東,5,5,1,1,4545,岡 村 慶 太,65,30,6.69,1,0.22,1.48.5,1-3-4,710,1,1-3,220,1,1-3-4,440,2,1-3,160,1,,,,,,,
20260417,三国,3,みくにあさズ,曇り,南東,5,5,2,3,4015,前 野 竜 一,36,11,6.71,3,0.18,1.50.2,1-3-4,710,1,1-3,220,1,1-3-4,440,2,1-3,160,1,,,,,,,
20260417,三国,3,みくにあさズ,曇り,南東,5,5,3,4,3497,後 藤 浩,17,40,6.76,4,0.16,1.53.2,1-3-4,710,1,1-3,220,1,1-3-4,440,2,1-3,160,1,,,,,,,
20260417,三国,3,みくにあさズ,曇り,南東,5,5,4,5,5105,富 田 恕 生,18,67,6.75,5,0.12,1.53.3,1-3-4,710,1,1-3,220,1,1-3-4,440,2,1-3,160,1,,,,,,,
20260417,三国,3,みくにあさズ,曇り,南東,5,5,5,6,5441,鈴 木 雄 登,54,71,6.64,6,0.08,,1-3-4,710,1,1-3,220,1,1-3-4,440,2,1-3,160,1,,,,,,,
20260417,三国,3,みくにあさズ,曇り,南東,5,5,6,2,5232,樅 山 拓 馬,26,29,6.73,2,0.23,,1-3-4,710,1,1-3,220,1,1-3-4,440,2,1-3,160,1,,,,,,,
20260417,三国,4,みくにあさ推,曇り,南東,3,3,1,5,3726,桂 林 寛,44,34,6.67,5,0.15,1.50.3,5-2-1,16970,58,5-2,5370,21,1-2-5,1380,7,2-5,2730,11,,,,,,,
20260417,三国,4,みくにあさ推,曇り,南東,3,3,2,2,5386,米玉利 大 悟,19,18,6.65,2,0.17,1.51.5,5-2-1,16970,58,5-2,5370,21,1-2-5,1380,7,2-5,2730,11,,,,,,,
20260417,三国,4,みくにあさ推,曇り,南東,3,3,3,1,4730,土 屋 実沙希,51,22,6.61,1,0.16,1.52.9,5-2-1,16970,58,5-2,5370,21,1-2-5,1380,7,2-5,2730,11,,,,,,,
20260417,三国,4,みくにあさ推,曇り,南東,3,3,4,6,4447,深 川 麻奈美,39,17,6.68,6,0.27,1.54.5,5-2-1,16970,58,5-2,5370,21,1-2-5,1380,7,2-5,2730,11,,,,,,,
20260417,三国,4,みくにあさ推,曇り,南東,3,3,5,3,4043,桐 本 康 臣,59,14,6.69,3,0.21,,5-2-1,16970,58,5-2,5370,21,1-2-5,1380,7,2-5,2730,11,,,,,,,
20260417,三国,4,みくにあさ推,曇り,南東,3,3,6,4,3977,山 本 兼 士,38,25,6.77,4,0.15,,5-2-1,16970,58,5-2,5370,21,1-2-5,1380,7,2-5,2730,11,,,,,,,
20260417,三国,5,予選,曇り,南東,3,3,1,2,4410,井 上 大 輔,34,26,6.78,1,0.16,1.50.7,2-4-1,5930,24,2-4,1520,5,1-2-4,780,2,2-4,1400,9,,,,,,,
20260417,三国,5,予選,曇り,南東,3,3,2,4,2878,富 山 弘 幸,41,42,6.80,4,0.31,1.51.2,2-4-1,5930,24,2-4,1520,5,1-2-4,780,2,2-4,1400,9,,,,,,,
20260417,三国,5,予選,曇り,南東,3,3,3,1,3748,小 黒 竜 吾,69,58,6.70,2,0.26,1.52.1,2-4-1,5930,24,2-4,1520,5,1-2-4,780,2,2-4,1400,9,,,,,,,
20260417,三国,5,予選,曇り,南東,3,3,4,3,4487,三 原 司,21,69,6.73,3,0.28,1.53.9,2-4-1,5930,24,2-4,1520,5,1-2-4,780,2,2-4,1400,9,,,,,,,
20260417,三国,5,予選,曇り,南東,3,3,5,6,3618,海 野 ゆかり,46,13,6.64,6,0.47,,2-4-1,5930,24,2-4,1520,5,1-2-4,780,2,2-4,1400,9,,,,,,,
20260417,三国,5,予選,曇り,南東,3,3,6,5,4844,村 上 奈 穂,23,51,6.62,5,0.37,,2-4-1,5930,24,2-4,1520,5,1-2-4,780,2,2-4,1400,9,,,,,,,
20260417,三国,6,予選,曇り,南東,3,3,1,5,3257,田 頭 実,37,23,6.75,2,0.04,1.49.0,5-1-3,1860,4,5-1,430,2,1-3-5,470,2,1-5,170,1,,,,,,,
20260417,三国,6,予選,曇り,南東,3,3,2,1,4416,三 宅 健 太,50,65,6.66,1,0.09,1.51.6,5-1-3,1860,4,5-1,430,2,1-3-5,470,2,1-5,170,1,,,,,,,
20260417,三国,6,予選,曇り,南東,3,3,3,3,4664,東 口 晃,58,50,6.73,4,0.16,1.52.5,5-1-3,1860,4,5-1,430,2,1-3-5,470,2,1-5,170,1,,,,,,,
20260417,三国,6,予選,曇り,南東,3,3,4,2,4987,島 倉 都,14,55,6.67,3,0.20,1.52.8,5-1-3,1860,4,5-1,430,2,1-3-5,470,2,1-5,170,1,,,,,,,
20260417,三国,6,予選,曇り,南東,3,3,5,6,5326,三 嶌 さらら,27,45,6.65,6,0.23,,5-1-3,1860,4,5-1,430,2,1-3-5,470,2,1-5,170,1,,,,,,,
20260417,三国,6,予選,曇り,南東,3,3,6,4,4489,岩 川 仁 士,56,33,6.72,5,0.17,,5-1-3,1860,4,5-1,430,2,1-3-5,470,2,1-5,170,1,,,,,,,
20260417,三国,7,予選,曇り,南東,5,5,1,4,4420,津久井 拓 也,66,59,6.67,4,0.21,1.50.1,4-2-6,9790,39,4-2,2630,10,2-4-6,3770,13,2-4,1480,6,,,,,,,
20260417,三国,7,予選,曇り,南東,5,5,2,2,3293,宮 内 由紀英,35,49,6.75,2,0.27,1.51.8,4-2-6,9790,39,4-2,2630,10,2-4-6,3770,13,2-4,1480,6,,,,,,,
20260417,三国,7,予選,曇り,南東,5,5,3,6,3661,柳 瀬 興 志,11,36,6.69,6,0.19,1.53.2,4-2-6,9790,39,4-2,2630,10,2-4-6,3770,13,2-4,1480,6,,,,,,,
20260417,三国,7,予選,曇り,南東,5,5,4,3,5228,若 林 樹 蘭,61,38,6.71,3,0.22,1.54.0,4-2-6,9790,39,4-2,2630,10,2-4-6,3770,13,2-4,1480,6,,,,,,,
20260417,三国,7,予選,曇り,南東,5,5,5,5,5232,樅 山 拓 馬,26,29,6.75,5,0.25,,4-2-6,9790,39,4-2,2630,10,2-4-6,3770,13,2-4,1480,6,,,,,,,
20260417,三国,7,予選,曇り,南東,5,5,6,1,4246,喜 多 那由夏,60,61,6.74,1,0.24,,4-2-6,9790,39,4-2,2630,10,2-4-6,3770,13,2-4,1480,6,,,,,,,
20260417,三国,8,予選,曇り,南東,4,4,1,3,3497,後 藤 浩,17,40,6.71,3,0.12,1.49.5,3-1-4,19920,68,3-1,6190,19,1-3-4,1210,6,1-3,2260,9,,,,,,,
20260417,三国,8,予選,曇り,南東,4,4,2,1,5386,米玉利 大 悟,19,18,6.75,1,0.16,1.51.6,3-1-4,19920,68,3-1,6190,19,1-3-4,1210,6,1-3,2260,9,,,,,,,
20260417,三国,8,予選,曇り,南東,4,4,3,4,4983,前 田 篤 哉,63,53,6.63,4,0.12,1.52.3,3-1-4,19920,68,3-1,6190,19,1-3-4,1210,6,1-3,2260,9,,,,,,,
20260417,三国,8,予選,曇り,南東,4,4,4,6,4003,表 憲 一,20,27,6.68,6,0.20,1.53.1,3-1-4,19920,68,3-1,6190,19,1-3-4,1210,6,1-3,2260,9,,,,,,,
20260417,三国,8,予選,曇り,南東,4,4,5,5,4346,前 田 健太郎,70,56,6.73,5,0.25,,3-1-4,19920,68,3-1,6190,19,1-3-4,1210,6,1-3,2260,9,,,,,,,
20260417,三国,8,予選,曇り,南東,4,4,6,2,4447,深 川 麻奈美,39,17,6.76,2,0.21,,3-1-4,19920,68,3-1,6190,19,1-3-4,1210,6,1-3,2260,9,,,,,,,
20260417,三国,9,予選特賞,曇り,南東,5,5,1,1,4203,小 倉 康 典,29,70,6.77,1,0.15,1.49.8,1-4-6,4910,22,1-4,1120,4,1-4-6,1670,9,1-4,980,6,,,,,,,
20260417,三国,9,予選特賞,曇り,南東,5,5,2,4,4133,高 橋 正 男,48,24,6.72,4,0.14,1.49.9,1-4-6,4910,22,1-4,1120,4,1-4-6,1670,9,1-4,980,6,,,,,,,
20260417,三国,9,予選特賞,曇り,南東,5,5,3,6,5441,鈴 木 雄 登,54,71,6.69,6,0.23,1.51.9,1-4-6,4910,22,1-4,1120,4,1-4-6,1670,9,1-4,980,6,,,,,,,
20260417,三国,9,予選特賞,曇り,南東,5,5,4,3,4144,石 塚 久 也,68,12,6.73,3,0.17,1.53.1,1-4-6,4910,22,1-4,1120,4,1-4-6,1670,9,1-4,980,6,,,,,,,
20260417,三国,9,予選特賞,曇り,南東,5,5,5,2,3618,海 野 ゆかり,46,13,6.71,2,0.19,,1-4-6,4910,22,1-4,1120,4,1-4-6,1670,9,1-4,980,6,,,,,,,
20260417,三国,9,予選特賞,曇り,南東,5,5,6,5,3748,小 黒 竜 吾,69,58,6.72,5,0.14,,1-4-6,4910,22,1-4,1120,4,1-4-6,1670,9,1-4,980,6,,,,,,,
20260417,三国,10,予選特賞,曇り,南東,1,1,1,1,4487,三 原 司,21,69,6.80,1,0.15,1.49.7,1-4-6,4170,12,1-4,820,1,1-4-6,1560,8,1-4,560,2,,,,,,,
20260417,三国,10,予選特賞,曇り,南東,1,1,2,4,4174,赤 坂 俊 輔,16,72,6.67,4,0.13,1.51.0,1-4-6,4170,12,1-4,820,1,1-4-6,1560,8,1-4,560,2,,,,,,,
20260417,三国,10,予選特賞,曇り,南東,1,1,3,6,5038,金 田 智 博,40,63,6.67,5,0.17,1.52.1,1-4-6,4170,12,1-4,820,1,1-4-6,1560,8,1-4,560,2,,,,,,,
20260417,三国,10,予選特賞,曇り,南東,1,1,4,2,4730,土 屋 実沙希,51,22,6.70,2,0.17,1.52.4,1-4-6,4170,12,1-4,820,1,1-4-6,1560,8,1-4,560,2,,,,,,,
20260417,三国,10,予選特賞,曇り,南東,1,1,5,3,4623,中 北 将 史,15,66,6.71,3,0.13,,1-4-6,4170,12,1-4,820,1,1-4-6,1560,8,1-4,560,2,,,,,,,
20260417,三国,10,予選特賞,曇り,南東,1,1,6,5,4489,岩 川 仁 士,56,33,6.75,6,0.22,,1-4-6,4170,12,1-4,820,1,1-4-6,1560,8,1-4,560,2,,,,,,,
20260417,三国,11,記者特選,曇り,南西,1,1,1,2,3158,島 川 光 男,30,46,6.69,2,0.11,1.48.9,2-5-4,13160,43,2-5,3500,13,2-4-5,1140,6,2-5,2250,8,,,,,,,
20260417,三国,11,記者特選,曇り,南西,1,1,2,5,4420,津久井 拓 也,66,59,6.75,5,0.09,1.50.2,2-5-4,13160,43,2-5,3500,13,2-4-5,1140,6,2-5,2250,8,,,,,,,
20260417,三国,11,記者特選,曇り,南西,1,1,3,4,4109,谷 津 幸 宏,47,68,6.77,4,0.08,1.51.4,2-5-4,13160,43,2-5,3500,13,2-4-5,1140,6,2-5,2250,8,,,,,,,
20260417,三国,11,記者特選,曇り,南西,1,1,4,1,3726,桂 林 寛,44,34,6.72,1,0.14,1.52.8,2-5-4,13160,43,2-5,3500,13,2-4-5,1140,6,2-5,2250,8,,,,,,,
20260417,三国,11,記者特選,曇り,南西,1,1,5,6,3300,川 崎 智 幸,62,39,6.82,6,0.15,,2-5-4,13160,43,2-5,3500,13,2-4-5,1140,6,2-5,2250,8,,,,,,,
20260417,三国,11,記者特選,曇り,南西,1,1,6,3,5105,富 田 恕 生,18,67,6.78,3,0.11,,2-5-4,13160,43,2-5,3500,13,2-4-5,1140,6,2-5,2250,8,,,,,,,
20260417,三国,12,カニ坊選抜,曇り,南西,1,1,1,1,4983,前 田 篤 哉,63,53,6.66,1,0.12,1.49.3,1-5-2,3750,15,1-5,1280,4,1-2-5,730,5,1-5,700,4,,,,,,,
20260417,三国,12,カニ坊選抜,曇り,南西,1,1,2,5,4015,前 野 竜 一,36,11,6.74,6,0.14,1.51.1,1-5-2,3750,15,1-5,1280,4,1-2-5,730,5,1-5,700,4,,,,,,,
20260417,三国,12,カニ坊選抜,曇り,南西,1,1,3,2,2878,富 山 弘 幸,41,42,6.79,2,0.11,1.51.2,1-5-2,3750,15,1-5,1280,4,1-2-5,730,5,1-5,700,4,,,,,,,
20260417,三国,12,カニ坊選抜,曇り,南西,1,1,4,3,3777,樋 口 亮,22,32,6.71,3,0.13,1.53.3,1-5-2,3750,15,1-5,1280,4,1-2-5,730,5,1-5,700,4,,,,,,,
20260417,三国,12,カニ坊選抜,曇り,南西,1,1,5,4,5228,若 林 樹 蘭,61,38,6.75,4,0.24,,1-5-2,3750,15,1-5,1280,4,1-2-5,730,5,1-5,700,4,,,,,,,
20260417,三国,12,カニ坊選抜,曇り,南西,1,1,6,6,3251,平 石 和 男,67,20,6.74,5,0.22,,1-5-2,3750,15,1-5,1280,4,1-2-5,730,5,1-5,700,4,,,,,,,
20260417,住之江,1,予選,曇り,南,2,1,1,3,4738,清 埜 翔 子,62,26,6.87,3,0.21,1.49.3,3-4-1,5050,20,3-4,1160,5,1-3-4,620,2,3-4,1550,5,,,,,,,
20260417,住之江,1,予選,曇り,南,2,1,2,4,5101,表 健 太,32,51,6.88,4,0.15,1.52.1,3-4-1,5050,20,3-4,1160,5,1-3-4,620,2,3-4,1550,5,,,,,,,
20260417,住之江,1,予選,曇り,南,2,1,3,1,5325,澁 川 夏,28,68,6.80,1,0.22,1.52.4,3-4-1,5050,20,3-4,1160,5,1-3-4,620,2,3-4,1550,5,,,,,,,
20260417,住之江,1,予選,曇り,南,2,1,4,6,3859,多羅尾 達 之,30,71,6.84,6,0.13,1.54.0,3-4-1,5050,20,3-4,1160,5,1-3-4,620,2,3-4,1550,5,,,,,,,
20260417,住之江,1,予選,曇り,南,2,1,5,5,4880,澤 崎 雄 哉,77,22,6.85,5,0.14,1.54.1,3-4-1,5050,20,3-4,1160,5,1-3-4,620,2,3-4,1550,5,,,,,,,
20260417,住之江,1,予選,曇り,南,2,1,6,2,3869,井 芹 大 志,78,53,6.89,2,0.25,1.56.0,3-4-1,5050,20,3-4,1160,5,1-3-4,620,2,3-4,1550,5,,,,,,,
20260417,住之江,2,予選,曇り,南東,2,1,1,3,4176,樋 口 喜 彦,58,25,6.84,3,0.03,1.49.6,3-1-2,9350,30,3-1,3370,9,1-2-3,430,3,1-3,370,2,,,,,,,
20260417,住之江,2,予選,曇り,南東,2,1,2,1,4179,広 次 修,65,52,6.84,1,0.08,1.50.8,3-1-2,9350,30,3-1,3370,9,1-2-3,430,3,1-3,370,2,,,,,,,
20260417,住之江,2,予選,曇り,南東,2,1,3,2,4394,永 嶋 裕 一,76,11,6.88,2,0.06,1.51.5,3-1-2,9350,30,3-1,3370,9,1-2-3,430,3,1-3,370,2,,,,,,,
20260417,住之江,2,予選,曇り,南東,2,1,4,4,3315,広 瀬 聖 仁,63,58,6.93,4,0.14,1.52.5,3-1-2,9350,30,3-1,3370,9,1-2-3,430,3,1-3,370,2,,,,,,,
20260417,住之江,2,予選,曇り,南東,2,1,5,5,5156,坂 野 さくら,33,67,6.83,5,0.16,1.54.9,3-1-2,9350,30,3-1,3370,9,1-2-3,430,3,1-3,370,2,,,,,,,
20260417,住之江,2,予選,曇り,南東,2,1,6,6,5140,吉 田 彩 乃,18,18,6.82,6,0.24,1.56.0,3-1-2,9350,30,3-1,3370,9,1-2-3,430,3,1-3,370,2,,,,,,,
20260417,住之江,3,予選,曇り,南,1,1,1,3,5098,大 江 純,83,35,6.79,3,0.19,1.49.8,3-4-5,15930,51,3-4,3340,12,3-4-5,6490,16,3-4,7450,14,,,,,,,
20260417,住之江,3,予選,曇り,南,1,1,2,4,4896,花 本 剛,80,90,6.92,4,0.15,1.51.3,3-4-5,15930,51,3-4,3340,12,3-4-5,6490,16,3-4,7450,14,,,,,,,
20260417,住之江,3,予選,曇り,南,1,1,3,5,3517,高 橋 勲,82,34,6.86,5,0.22,1.52.5,3-4-5,15930,51,3-4,3340,12,3-4-5,6490,16,3-4,7450,14,,,,,,,
20260417,住之江,3,予選,曇り,南,1,1,4,6,5223,森 清 友 翔,34,65,6.84,6,0.21,1.54.1,3-4-5,15930,51,3-4,3340,12,3-4-5,6490,16,3-4,7450,14,,,,,,,
20260417,住之江,3,予選,曇り,南,1,1,5,2,4977,馬 野 耀,31,84,6.86,2,0.20,1.54.9,3-4-5,15930,51,3-4,3340,12,3-4-5,6490,16,3-4,7450,14,,,,,,,
20260417,住之江,3,予選,曇り,南,1,1,6,1,3790,佐 口 達 也,54,86,6.88,1,0.26,1.55.6,3-4-5,15930,51,3-4,3340,12,3-4-5,6490,16,3-4,7450,14,,,,,,,
20260417,住之江,4,予選,曇り,南東,1,1,1,1,3484,芝 田 浩 治,22,75,6.88,1,0.05,1.49.5,1-4-3,2340,7,1-4,970,5,1-3-4,590,3,1-4,650,3,,,,,,,
20260417,住之江,4,予選,曇り,南東,1,1,2,4,5205,刑 部 亜里紗,53,23,6.82,4,0.11,1.50.7,1-4-3,2340,7,1-4,970,5,1-3-4,590,3,1-4,650,3,,,,,,,
20260417,住之江,4,予選,曇り,南東,1,1,3,3,4247,齊 藤 優,12,76,6.78,3,0.05,1.52.2,1-4-3,2340,7,1-4,970,5,1-3-4,590,3,1-4,650,3,,,,,,,
20260417,住之江,4,予選,曇り,南東,1,1,4,2,4465,大 西 賢,68,80,6.87,2,0.04,1.53.6,1-4-3,2340,7,1-4,970,5,1-3-4,590,3,1-4,650,3,,,,,,,
20260417,住之江,4,予選,曇り,南東,1,1,5,6,5299,西 丸 敦 基,75,20,6.88,6,0.12,1.53.9,1-4-3,2340,7,1-4,970,5,1-3-4,590,3,1-4,650,3,,,,,,,
20260417,住之江,4,予選,曇り,南東,1,1,6,5,4230,濱 崎 直 矢,79,15,6.87,5,0.14,1.54.1,1-4-3,2340,7,1-4,970,5,1-3-4,590,3,1-4,650,3,,,,,,,
20260417,住之江,5,住之江ファイ,曇り,無風,0,1,1,5,5195,北 村 寧 々,61,73,6.82,5,0.21,1.48.7,5-1-6,1980,7,5-1,1040,4,1-5-6,330,1,1-5,430,3,,,,,,,
20260417,住之江,5,住之江ファイ,曇り,無風,0,1,2,1,4551,三 川 昂 暁,60,30,6.89,1,0.24,1.51.1,5-1-6,1980,7,5-1,1040,4,1-5-6,330,1,1-5,430,3,,,,,,,
20260417,住之江,5,住之江ファイ,曇り,無風,0,1,3,6,4528,黒 井 達 矢,15,39,6.82,6,0.19,1.52.6,5-1-6,1980,7,5-1,1040,4,1-5-6,330,1,1-5,430,3,,,,,,,
20260417,住之江,5,住之江ファイ,曇り,無風,0,1,4,2,5101,表 健 太,32,51,6.88,2,0.18,1.54.7,5-1-6,1980,7,5-1,1040,4,1-5-6,330,1,1-5,430,3,,,,,,,
20260417,住之江,5,住之江ファイ,曇り,無風,0,1,5,4,3820,樫 葉 次 郎,72,31,6.98,4,0.29,1.56.1,5-1-6,1980,7,5-1,1040,4,1-5-6,330,1,1-5,430,3,,,,,,,
20260417,住之江,5,住之江ファイ,曇り,無風,0,1,6,3,3224,栗 山 繁 洋,59,54,6.92,3,0.20,1.58.4,5-1-6,1980,7,5-1,1040,4,1-5-6,330,1,1-5,430,3,,,,,,,
20260417,住之江,6,予選特別Ｂ戦,曇り,南,2,1,1,1,3838,伊 藤 啓 三,74,27,6.83,1,0.19,1.53.7,1-4-2,5000,16,1-4,2530,9,1-2-4,590,3,1-4,910,5,,,,,,,
20260417,住之江,6,予選特別Ｂ戦,曇り,南,2,1,2,4,4257,古 川 健,26,79,6.84,4,0.20,1.56.5,1-4-2,5000,16,1-4,2530,9,1-2-4,590,3,1-4,910,5,,,,,,,
20260417,住之江,6,予選特別Ｂ戦,曇り,南,2,1,3,2,4794,和 田 拓 也,19,36,6.78,2,0.17,1.59.7,1-4-2,5000,16,1-4,2530,9,1-2-4,590,3,1-4,910,5,,,,,,,
20260417,住之江,6,予選特別Ｂ戦,曇り,南,2,1,4,6,4214,林 祐 介,85,63,6.93,5,0.24,2.03.1,1-4-2,5000,16,1-4,2530,9,1-2-4,590,3,1-4,910,5,,,,,,,
20260417,住之江,6,予選特別Ｂ戦,曇り,南,2,1,5,3,4179,広 次 修,65,52,6.85,3,0.23,2.04.6,1-4-2,5000,16,1-4,2530,9,1-2-4,590,3,1-4,910,5,,,,,,,
20260417,住之江,7,予選,曇り,南,2,1,1,1,4880,澤 崎 雄 哉,77,22,6.80,1,0.13,1.57.0,1-3-2,970,2,1-3,220,1,1-2-3,500,3,1-3,140,1,,,,,,,
20260417,住之江,7,予選,曇り,南,2,1,2,3,4298,宮 下 元 胤,38,59,6.81,3,0.15,2.01.8,1-3-2,970,2,1-3,220,1,1-2-3,500,3,1-3,140,1,,,,,,,
20260417,住之江,7,予選,曇り,南,2,1,3,2,4176,樋 口 喜 彦,58,25,6.89,2,0.33,2.03.1,1-3-2,970,2,1-3,220,1,1-2-3,500,3,1-3,140,1,,,,,,,
20260417,住之江,7,予選,曇り,南,2,1,4,6,3406,中 里 英 夫,81,74,6.90,6,0.14,2.06.2,1-3-2,970,2,1-3,220,1,1-2-3,500,3,1-3,140,1,,,,,,,
20260417,住之江,7,予選,曇り,南,2,1,5,5,4231,鈴 木 裕 隆,50,57,6.87,5,0.13,2.08.7,1-3-2,970,2,1-3,220,1,1-2-3,500,3,1-3,140,1,,,,,,,
20260417,住之江,8,トワイライト,曇り,無風,0,1,1,1,4230,濱 崎 直 矢,79,15,6.83,1,0.13,1.48.1,1-3-5,1750,8,1-3,620,3,1-3-5,640,3,1-3,390,3,,,,,,,
20260417,住之江,8,トワイライト,曇り,無風,0,1,2,3,3315,広 瀬 聖 仁,63,58,6.95,3,0.18,1.50.8,1-3-5,1750,8,1-3,620,3,1-3-5,640,3,1-3,390,3,,,,,,,
20260417,住之江,8,トワイライト,曇り,無風,0,1,3,5,4027,松 江 秀 徳,70,60,6.85,5,0.16,1.52.2,1-3-5,1750,8,1-3,620,3,1-3-5,640,3,1-3,390,3,,,,,,,
20260417,住之江,8,トワイライト,曇り,無風,0,1,4,6,4325,新 出 浩 司,56,56,6.88,6,0.18,1.52.6,1-3-5,1750,8,1-3,620,3,1-3-5,640,3,1-3,390,3,,,,,,,
20260417,住之江,8,トワイライト,曇り,無風,0,1,5,2,4896,花 本 剛,80,90,6.95,2,0.14,1.54.1,1-3-5,1750,8,1-3,620,3,1-3-5,640,3,1-3,390,3,,,,,,,
20260417,住之江,8,トワイライト,曇り,無風,0,1,6,4,4974,安 井 瑞 紀,37,19,6.89,4,0.31,1.55.9,1-3-5,1750,8,1-3,620,3,1-3-5,640,3,1-3,390,3,,,,,,,
20260417,住之江,9,予選,曇り,北,2,1,1,2,4748,渡 邉 雄 朗,66,87,6.84,2,0.23,1.51.0,2-3-6,2440,7,2-3,680,4,2-3-6,1020,4,2-3,400,2,,,,,,,
20260417,住之江,9,予選,曇り,北,2,1,2,3,4977,馬 野 耀,31,84,6.90,3,0.23,1.51.8,2-3-6,2440,7,2-3,680,4,2-3-6,1020,4,2-3,400,2,,,,,,,
20260417,住之江,9,予選,曇り,北,2,1,3,6,4394,永 嶋 裕 一,76,11,6.87,6,0.17,1.53.1,2-3-6,2440,7,2-3,680,4,2-3-6,1020,4,2-3,400,2,,,,,,,
20260417,住之江,9,予選,曇り,北,2,1,4,5,4558,宮 野 仁,51,70,6.91,5,0.20,1.53.7,2-3-6,2440,7,2-3,680,4,2-3-6,1020,4,2-3,400,2,,,,,,,
20260417,住之江,9,予選,曇り,北,2,1,5,4,3869,井 芹 大 志,78,53,6.94,4,0.24,1.55.1,2-3-6,2440,7,2-3,680,4,2-3-6,1020,4,2-3,400,2,,,,,,,
20260417,住之江,9,予選,曇り,北,2,1,6,1,4499,滝 川 真由子,71,89,6.86,1,0.24,1.56.4,2-3-6,2440,7,2-3,680,4,2-3-6,1020,4,2-3,400,2,,,,,,,
20260417,住之江,10,予選特別Ｂ戦,曇り,無風,0,1,1,1,3517,高 橋 勲,82,34,6.90,1,0.09,1.48.7,1-5-3,2570,10,1-5,440,2,1-3-5,790,3,1-5,270,2,,,,,,,
20260417,住之江,10,予選特別Ｂ戦,曇り,無風,0,1,2,5,4794,和 田 拓 也,19,36,6.85,5,0.08,1.50.8,1-5-3,2570,10,1-5,440,2,1-3-5,790,3,1-5,270,2,,,,,,,
20260417,住之江,10,予選特別Ｂ戦,曇り,無風,0,1,3,3,3859,多羅尾 達 之,30,71,6.95,3,0.12,1.52.1,1-5-3,2570,10,1-5,440,2,1-3-5,790,3,1-5,270,2,,,,,,,
20260417,住之江,10,予選特別Ｂ戦,曇り,無風,0,1,4,2,4163,山 崎 裕 司,73,88,6.79,2,0.11,1.53.2,1-5-3,2570,10,1-5,440,2,1-3-5,790,3,1-5,270,2,,,,,,,
20260417,住之江,10,予選特別Ｂ戦,曇り,無風,0,1,5,6,5205,刑 部 亜里紗,53,23,6.84,6,0.14,1.53.5,1-5-3,2570,10,1-5,440,2,1-3-5,790,3,1-5,270,2,,,,,,,
20260417,住之江,10,予選特別Ｂ戦,曇り,無風,0,1,6,4,3224,栗 山 繁 洋,59,54,6.96,4,0.13,1.56.2,1-5-3,2570,10,1-5,440,2,1-3-5,790,3,1-5,270,2,,,,,,,
20260417,住之江,11,予選特別Ａ戦,曇り,北,2,1,1,1,4437,中 田 元 泰,84,66,6.90,1,0.16,1.49.8,1-3-4,1230,6,1-3,500,3,1-3-4,480,2,1-3,750,3,,,,,,,
20260417,住之江,11,予選特別Ａ戦,曇り,北,2,1,2,3,5140,吉 田 彩 乃,18,18,6.85,3,0.20,1.51.3,1-3-4,1230,6,1-3,500,3,1-3-4,480,2,1-3,750,3,,,,,,,
20260417,住之江,11,予選特別Ａ戦,曇り,北,2,1,3,4,3484,芝 田 浩 治,22,75,6.94,4,0.19,1.52.5,1-3-4,1230,6,1-3,500,3,1-3-4,480,2,1-3,750,3,,,,,,,
20260417,住之江,11,予選特別Ａ戦,曇り,北,2,1,4,6,4738,清 埜 翔 子,62,26,6.92,6,0.12,1.54.0,1-3-4,1230,6,1-3,500,3,1-3-4,480,2,1-3,750,3,,,,,,,
20260417,住之江,11,予選特別Ａ戦,曇り,北,2,1,5,5,3519,冨 田 秀 幸,39,29,6.93,5,0.16,1.55.1,1-3-4,1230,6,1-3,500,3,1-3-4,480,2,1-3,750,3,,,,,,,
20260417,住之江,11,予選特別Ａ戦,曇り,北,2,1,6,2,4231,鈴 木 裕 隆,50,57,6.91,2,0.19,1.57.9,1-3-4,1230,6,1-3,500,3,1-3-4,480,2,1-3,750,3,,,,,,,
20260417,住之江,12,予選特別Ａ戦,曇り,北,1,1,1,4,5299,西 丸 敦 基,75,20,6.92,4,0.07,1.49.6,4-1-5,3630,16,4-1,1580,5,1-4-5,480,1,1-4,360,2,,,,,,,
20260417,住之江,12,予選特別Ａ戦,曇り,北,1,1,2,1,4298,宮 下 元 胤,38,59,6.81,1,0.15,1.51.3,4-1-5,3630,16,4-1,1580,5,1-4-5,480,1,1-4,360,2,,,,,,,
20260417,住之江,12,予選特別Ａ戦,曇り,北,1,1,3,5,4551,三 川 昂 暁,60,30,6.91,5,0.11,1.52.6,4-1-5,3630,16,4-1,1580,5,1-4-5,480,1,1-4,360,2,,,,,,,
20260417,住之江,12,予選特別Ａ戦,曇り,北,1,1,4,3,3790,佐 口 達 也,54,86,6.94,3,0.19,1.53.2,4-1-5,3630,16,4-1,1580,5,1-4-5,480,1,1-4,360,2,,,,,,,
20260417,住之江,12,予選特別Ａ戦,曇り,北,1,1,5,6,4974,安 井 瑞 紀,37,19,6.88,6,0.13,1.54.5,4-1-5,3630,16,4-1,1580,5,1-4-5,480,1,1-4,360,2,,,,,,,
20260417,住之江,12,予選特別Ａ戦,曇り,北,1,1,6,2,4214,林 祐 介,85,63,6.99,2,0.22,1.57.4,4-1-5,3630,16,4-1,1580,5,1-4-5,480,1,1-4,360,2,,,,,,,
20260417,児島,1,一般,晴,南東,3,3,1,1,4202,浮 田 圭 浩,35,48,6.80,1,0.15,1.49.8,1-2-6,4060,10,1-2,350,2,1-2-6,2840,6,1-2,260,2,,,,,,,
20260417,児島,1,一般,晴,南東,3,3,2,2,3539,金 子 順 一,42,39,6.87,2,0.10,1.51.2,1-2-6,4060,10,1-2,350,2,1-2-6,2840,6,1-2,260,2,,,,,,,
20260417,児島,1,一般,晴,南東,3,3,3,6,5372,上 岡 巧 汰,18,73,6.92,5,0.06,1.53.0,1-2-6,4060,10,1-2,350,2,1-2-6,2840,6,1-2,260,2,,,,,,,
20260417,児島,1,一般,晴,南東,3,3,4,4,3411,池 上 隆 行,28,32,6.93,4,0.07,1.54.7,1-2-6,4060,10,1-2,350,2,1-2-6,2840,6,1-2,260,2,,,,,,,
20260417,児島,1,一般,晴,南東,3,3,5,5,5423,高 橋 嗣 穏,30,69,6.89,6,0.14,,1-2-6,4060,10,1-2,350,2,1-2-6,2840,6,1-2,260,2,,,,,,,
20260417,児島,1,一般,晴,南東,3,3,6,3,5143,常 盤 海 心,66,11,6.85,3,0.09,,1-2-6,4060,10,1-2,350,2,1-2-6,2840,6,1-2,260,2,,,,,,,
20260417,児島,2,一般,晴,南,3,3,1,1,4313,西 村 美智子,16,21,6.78,1,0.14,1.49.1,1-3-4,1690,6,1-3,530,3,1-3-4,610,3,1-3,380,2,,,,,,,
20260417,児島,2,一般,晴,南,3,3,2,3,5157,市 川 健 太,33,27,6.82,3,0.14,1.51.8,1-3-4,1690,6,1-3,530,3,1-3-4,610,3,1-3,380,2,,,,,,,
20260417,児島,2,一般,晴,南,3,3,3,4,5039,倉 田 茂 将,48,22,6.81,5,0.15,1.53.7,1-3-4,1690,6,1-3,530,3,1-3-4,610,3,1-3,380,2,,,,,,,
20260417,児島,2,一般,晴,南,3,3,4,5,3901,松 田 憲 幸,25,25,6.83,4,0.14,1.55.1,1-3-4,1690,6,1-3,530,3,1-3-4,610,3,1-3,380,2,,,,,,,
20260417,児島,2,一般,晴,南,3,3,5,2,3233,小 畑 実 成,58,75,6.77,2,0.19,,1-3-4,1690,6,1-3,530,3,1-3-4,610,3,1-3,380,2,,,,,,,
20260417,児島,2,一般,晴,南,3,3,6,6,5442,池 田 美 優,41,57,6.82,6,0.19,,1-3-4,1690,6,1-3,530,3,1-3-4,610,3,1-3,380,2,,,,,,,
20260417,児島,3,一般,曇り,南,2,3,1,1,4652,酒 見 峻 介,63,26,6.81,1,0.16,1.48.5,1-6-4,16900,65,1-6,2820,13,1-4-6,2760,14,1-6,3020,10,,,,,,,
20260417,児島,3,一般,曇り,南,2,3,2,6,5199,垂 水 悠,61,61,6.79,6,0.15,1.48.7,1-6-4,16900,65,1-6,2820,13,1-4-6,2760,14,1-6,3020,10,,,,,,,
20260417,児島,3,一般,曇り,南,2,3,3,4,5206,梅 原 祥 平,47,31,6.72,4,0.04,1.51.0,1-6-4,16900,65,1-6,2820,13,1-4-6,2760,14,1-6,3020,10,,,,,,,
20260417,児島,3,一般,曇り,南,2,3,4,3,3470,新 田 芳 美,38,45,6.82,3,0.11,1.52.2,1-6-4,16900,65,1-6,2820,13,1-4-6,2760,14,1-6,3020,10,,,,,,,
20260417,児島,3,一般,曇り,南,2,3,5,5,3833,中 辻 博 訓,62,33,6.87,5,0.10,,1-6-4,16900,65,1-6,2820,13,1-4-6,2760,14,1-6,3020,10,,,,,,,
20260417,児島,3,一般,曇り,南,2,3,6,2,5102,原 田 雄 次,51,47,6.80,2,0.16,,1-6-4,16900,65,1-6,2820,13,1-4-6,2760,14,1-6,3020,10,,,,,,,
20260417,児島,4,一般,曇り,南,2,3,1,1,3265,今 村 暢 孝,40,59,6.88,1,0.08,1.48.6,1-3-2,1560,5,1-3,630,3,1-2-3,540,1,1-3,450,2,,,,,,,
20260417,児島,4,一般,曇り,南,2,3,2,3,4550,石 岡 将 太,43,14,6.78,3,0.10,1.49.6,1-3-2,1560,5,1-3,630,3,1-2-3,540,1,1-3,450,2,,,,,,,
20260417,児島,4,一般,曇り,南,2,3,3,2,5249,三 木 晴 斗,13,24,6.77,2,0.09,1.50.8,1-3-2,1560,5,1-3,630,3,1-2-3,540,1,1-3,450,2,,,,,,,
20260417,児島,4,一般,曇り,南,2,3,4,5,4210,松 村 康 太,70,43,6.83,5,0.10,1.51.9,1-3-2,1560,5,1-3,630,3,1-2-3,540,1,1-3,450,2,,,,,,,
20260417,児島,4,一般,曇り,南,2,3,5,4,4201,佐 竹 友 樹,11,66,6.69,4,0.09,,1-3-2,1560,5,1-3,630,3,1-2-3,540,1,1-3,450,2,,,,,,,
20260417,児島,4,一般,曇り,南,2,3,6,6,4958,溝 口 海義也,59,56,6.68,6,0.12,,1-3-2,1560,5,1-3,630,3,1-2-3,540,1,1-3,450,2,,,,,,,
20260417,児島,5,一般,曇り,南,2,3,1,1,4084,杉 山 正 樹,68,65,6.76,1,0.04,1.49.0,1-4-2,1020,4,1-4,420,3,1-2-4,310,1,1-4,340,2,,,,,,,
20260417,児島,5,一般,曇り,南,2,3,2,4,4213,重 富 伸 也,44,41,6.69,4,0.12,1.50.5,1-4-2,1020,4,1-4,420,3,1-2-4,310,1,1-4,340,2,,,,,,,
20260417,児島,5,一般,曇り,南,2,3,3,2,3482,金 子 猛 志,15,74,6.77,2,0.11,1.52.0,1-4-2,1020,4,1-4,420,3,1-2-4,310,1,1-4,340,2,,,,,,,
20260417,児島,5,一般,曇り,南,2,3,4,3,5148,松 本 怜,64,15,6.81,3,0.08,1.52.5,1-4-2,1020,4,1-4,420,3,1-2-4,310,1,1-4,340,2,,,,,,,
20260417,児島,5,一般,曇り,南,2,3,5,6,3629,浅 見 昌 克,60,51,6.94,6,0.10,,1-4-2,1020,4,1-4,420,3,1-2-4,310,1,1-4,340,2,,,,,,,
20260417,児島,5,一般,曇り,南,2,3,6,5,3539,金 子 順 一,42,39,6.92,5,0.12,,1-4-2,1020,4,1-4,420,3,1-2-4,310,1,1-4,340,2,,,,,,,
20260417,児島,6,一般,曇り,南,3,3,1,1,3997,北 村 征 嗣,19,49,6.81,1,0.18,1.48.5,1-3-6,590,2,1-3,220,1,1-3-6,360,2,1-3,160,1,,,,,,,
20260417,児島,6,一般,曇り,南,3,3,2,3,3933,山 地 正 樹,23,52,6.68,3,0.20,1.49.2,1-3-6,590,2,1-3,220,1,1-3-6,360,2,1-3,160,1,,,,,,,
20260417,児島,6,一般,曇り,南,3,3,3,6,4963,實 森 美 祐,53,63,6.85,5,0.17,1.50.6,1-3-6,590,2,1-3,220,1,1-3-6,360,2,1-3,160,1,,,,,,,
20260417,児島,6,一般,曇り,南,3,3,4,4,4259,真 庭 明 志,46,60,6.80,4,0.19,1.52.0,1-3-6,590,2,1-3,220,1,1-3-6,360,2,1-3,160,1,,,,,,,
20260417,児島,6,一般,曇り,南,3,3,5,2,5143,常 盤 海 心,66,11,6.79,2,0.26,,1-3-6,590,2,1-3,220,1,1-3-6,360,2,1-3,160,1,,,,,,,
20260417,児島,6,一般,曇り,南,3,3,6,5,5442,池 田 美 優,41,57,6.71,6,0.25,,1-3-6,590,2,1-3,220,1,1-3-6,360,2,1-3,160,1,,,,,,,
20260417,児島,7,一般,曇り,南東,2,3,1,1,4042,丸 岡 正 典,34,67,6.79,1,0.05,1.47.6,1-3-5,2090,8,1-3,500,2,1-3-5,1040,4,1-3,430,2,,,,,,,
20260417,児島,7,一般,曇り,南東,2,3,2,3,5206,梅 原 祥 平,47,31,6.79,3,0.05,1.48.3,1-3-5,2090,8,1-3,500,2,1-3-5,1040,4,1-3,430,2,,,,,,,
20260417,児島,7,一般,曇り,南東,2,3,3,5,4652,酒 見 峻 介,63,26,6.82,5,0.07,1.50.6,1-3-5,2090,8,1-3,500,2,1-3-5,1040,4,1-3,430,2,,,,,,,
20260417,児島,7,一般,曇り,南東,2,3,4,2,4189,川 上 剛,12,58,6.79,2,0.02,1.51.3,1-3-5,2090,8,1-3,500,2,1-3-5,1040,4,1-3,430,2,,,,,,,
20260417,児島,7,一般,曇り,南東,2,3,5,6,5423,高 橋 嗣 穏,30,69,6.78,6,0.05,,1-3-5,2090,8,1-3,500,2,1-3-5,1040,4,1-3,430,2,,,,,,,
20260417,児島,7,一般,曇り,南東,2,3,6,4,5157,市 川 健 太,33,27,6.73,4,0.14,,1-3-5,2090,8,1-3,500,2,1-3-5,1040,4,1-3,430,2,,,,,,,
20260417,児島,8,一般,曇り,南西,1,1,1,1,5039,倉 田 茂 将,48,22,6.75,1,0.01,1.48.7,1-2-4,730,1,1-2,410,2,1-2-4,290,1,1-2,360,2,,,,,,,
20260417,児島,8,一般,曇り,南西,1,1,2,2,3470,新 田 芳 美,38,45,6.77,2,0.07,1.50.1,1-2-4,730,1,1-2,410,2,1-2-4,290,1,1-2,360,2,,,,,,,
20260417,児島,8,一般,曇り,南西,1,1,3,4,4550,石 岡 将 太,43,14,6.73,4,0.10,1.51.4,1-2-4,730,1,1-2,410,2,1-2-4,290,1,1-2,360,2,,,,,,,
20260417,児島,8,一般,曇り,南西,1,1,4,6,3233,小 畑 実 成,58,75,6.83,5,0.08,1.52.2,1-2-4,730,1,1-2,410,2,1-2-4,290,1,1-2,360,2,,,,,,,
20260417,児島,8,一般,曇り,南西,1,1,5,3,4201,佐 竹 友 樹,11,66,6.69,3,0.11,,1-2-4,730,1,1-2,410,2,1-2-4,290,1,1-2,360,2,,,,,,,
20260417,児島,8,一般,曇り,南西,1,1,6,5,5372,上 岡 巧 汰,18,73,6.81,6,0.06,,1-2-4,730,1,1-2,410,2,1-2-4,290,1,1-2,360,2,,,,,,,
20260417,児島,9,一般特選,曇り,南西,1,1,1,1,4210,松 村 康 太,70,43,6.73,1,0.11,1.48.8,1-3-6,2540,11,1-3,350,1,1-3-6,1130,7,1-3,320,1,,,,,,,
20260417,児島,9,一般特選,曇り,南西,1,1,2,3,4202,浮 田 圭 浩,35,48,6.78,3,0.19,1.49.4,1-3-6,2540,11,1-3,350,1,1-3-6,1130,7,1-3,320,1,,,,,,,
20260417,児島,9,一般特選,曇り,南西,1,1,3,6,3482,金 子 猛 志,15,74,6.92,6,0.19,1.50.4,1-3-6,2540,11,1-3,350,1,1-3-6,1130,7,1-3,320,1,,,,,,,
20260417,児島,9,一般特選,曇り,南西,1,1,4,2,3901,松 田 憲 幸,25,25,6.76,2,0.20,1.53.1,1-3-6,2540,11,1-3,350,1,1-3-6,1130,7,1-3,320,1,,,,,,,
20260417,児島,9,一般特選,曇り,南西,1,1,5,4,5249,三 木 晴 斗,13,24,6.81,4,0.36,,1-3-6,2540,11,1-3,350,1,1-3-6,1130,7,1-3,320,1,,,,,,,
20260417,児島,9,一般特選,曇り,南西,1,1,6,5,5102,原 田 雄 次,51,47,6.73,5,0.21,,1-3-6,2540,11,1-3,350,1,1-3-6,1130,7,1-3,320,1,,,,,,,
20260417,児島,10,選抜戦,曇り,南,1,1,1,1,4963,實 森 美 祐,53,63,6.72,1,0.10,1.47.3,1-3-4,1720,6,1-3,230,1,1-3-4,1110,4,1-3,260,1,,,,,,,
20260417,児島,10,選抜戦,曇り,南,1,1,2,3,3833,中 辻 博 訓,62,33,6.82,3,0.26,1.49.3,1-3-4,1720,6,1-3,230,1,1-3-4,1110,4,1-3,260,1,,,,,,,
20260417,児島,10,選抜戦,曇り,南,1,1,3,4,5148,松 本 怜,64,15,6.79,4,0.15,1.50.5,1-3-4,1720,6,1-3,230,1,1-3-4,1110,4,1-3,260,1,,,,,,,
20260417,児島,10,選抜戦,曇り,南,1,1,4,5,4084,杉 山 正 樹,68,65,6.74,5,0.14,1.51.9,1-3-4,1720,6,1-3,230,1,1-3-4,1110,4,1-3,260,1,,,,,,,
20260417,児島,10,選抜戦,曇り,南,1,1,5,2,3265,今 村 暢 孝,40,59,6.94,2,0.10,,1-3-4,1720,6,1-3,230,1,1-3-4,1110,4,1-3,260,1,,,,,,,
20260417,児島,10,選抜戦,曇り,南,1,1,6,6,4259,真 庭 明 志,46,60,6.81,6,0.14,,1-3-4,1720,6,1-3,230,1,1-3-4,1110,4,1-3,260,1,,,,,,,
20260417,児島,11,選抜戦,曇り,南,3,3,1,1,4958,溝 口 海義也,59,56,6.65,1,0.17,1.47.8,1-2-5,1070,4,1-2,210,1,1-2-5,620,3,1-2,190,1,,,,,,,
20260417,児島,11,選抜戦,曇り,南,3,3,2,2,3997,北 村 征 嗣,19,49,6.82,2,0.18,1.49.1,1-2-5,1070,4,1-2,210,1,1-2-5,620,3,1-2,190,1,,,,,,,
20260417,児島,11,選抜戦,曇り,南,3,3,3,5,4189,川 上 剛,12,58,6.83,5,0.21,1.51.0,1-2-5,1070,4,1-2,210,1,1-2-5,620,3,1-2,190,1,,,,,,,
20260417,児島,11,選抜戦,曇り,南,3,3,4,3,4313,西 村 美智子,16,21,6.74,3,0.21,1.51.1,1-2-5,1070,4,1-2,210,1,1-2-5,620,3,1-2,190,1,,,,,,,
20260417,児島,11,選抜戦,曇り,南,3,3,5,6,4042,丸 岡 正 典,34,67,6.81,6,0.23,,1-2-5,1070,4,1-2,210,1,1-2-5,620,3,1-2,190,1,,,,,,,
20260417,児島,11,選抜戦,曇り,南,3,3,6,4,3933,山 地 正 樹,23,52,6.83,4,0.22,,1-2-5,1070,4,1-2,210,1,1-2-5,620,3,1-2,190,1,,,,,,,
20260417,児島,12,優勝戦,曇り,南,4,3,1,1,4061,萩 原 秀 人,17,50,6.65,1,0.10,1.46.2,1-2-4,660,2,1-2,230,1,1-2-4,390,2,1-2,190,1,,,,,,,
20260417,児島,12,優勝戦,曇り,南,4,3,2,2,5043,中 村 日 向,67,42,6.60,2,0.09,1.48.1,1-2-4,660,2,1-2,230,1,1-2-4,390,2,1-2,190,1,,,,,,,
20260417,児島,12,優勝戦,曇り,南,4,3,3,4,3721,守 田 俊 介,54,18,6.83,4,0.09,1.50.6,1-2-4,660,2,1-2,230,1,1-2-4,390,2,1-2,190,1,,,,,,,
20260417,児島,12,優勝戦,曇り,南,4,3,4,6,4433,川 野 芽 唯,69,71,6.79,6,0.07,1.51.3,1-2-4,660,2,1-2,230,1,1-2-4,390,2,1-2,190,1,,,,,,,
20260417,児島,12,優勝戦,曇り,南,4,3,5,5,5026,安河内 健,45,17,6.83,5,0.05,,1-2-4,660,2,1-2,230,1,1-2-4,390,2,1-2,190,1,,,,,,,
20260417,児島,12,優勝戦,曇り,南,4,3,6,3,3876,中 辻 崇 人,22,55,6.62,3,0.15,,1-2-4,660,2,1-2,230,1,1-2-4,390,2,1-2,190,1,,,,,,,
20260417,唐津,1,朝１戦,曇り,南西,3,3,1,1,4925,森 悠 稀,25,12,6.66,1,0.09,1.49.0,1-4-2,600,2,1-4,350,2,1-2-4,220,1,1-4,230,1,,,,,,,
20260417,唐津,1,朝１戦,曇り,南西,3,3,2,4,5060,数 原 魁,60,3,6.67,4,0.11,1.49.9,1-4-2,600,2,1-4,350,2,1-2-4,220,1,1-4,230,1,,,,,,,
20260417,唐津,1,朝１戦,曇り,南西,3,3,3,2,3566,川 添 英 正,10,53,6.68,2,0.08,1.52.0,1-4-2,600,2,1-4,350,2,1-2-4,220,1,1-4,230,1,,,,,,,
20260417,唐津,1,朝１戦,曇り,南西,3,3,4,5,2538,高 橋 二 朗,46,7,6.76,5,0.15,1.52.6,1-4-2,600,2,1-4,350,2,1-2-4,220,1,1-4,230,1,,,,,,,
20260417,唐津,1,朝１戦,曇り,南西,3,3,5,6,4303,牧 原 崇,50,59,6.71,6,0.14,1.53.9,1-4-2,600,2,1-4,350,2,1-2-4,220,1,1-4,230,1,,,,,,,
20260417,唐津,1,朝１戦,曇り,南西,3,3,6,3,4253,西 川 真 人,53,4,6.73,3,0.09,1.55.6,1-4-2,600,2,1-4,350,2,1-2-4,220,1,1-4,230,1,,,,,,,
20260417,唐津,2,モー２ング戦,曇り,南西,2,2,1,1,4469,土 山 卓 也,28,55,6.64,1,0.16,1.48.1,1-5-2,1040,4,1-5,780,3,1-2-5,230,1,1-5,560,2,,,,,,,
20260417,唐津,2,モー２ング戦,曇り,南西,2,2,2,5,4889,後 藤 盛 也,29,56,6.71,4,0.09,1.50.2,1-5-2,1040,4,1-5,780,3,1-2-5,230,1,1-5,560,2,,,,,,,
20260417,唐津,2,モー２ング戦,曇り,南西,2,2,3,2,3837,秋 山 広 一,31,51,6.72,2,0.22,1.51.9,1-5-2,1040,4,1-5,780,3,1-2-5,230,1,1-5,560,2,,,,,,,
20260417,唐津,2,モー２ング戦,曇り,南西,2,2,4,3,4374,永 田 義 紘,33,45,6.81,3,0.18,1.53.9,1-5-2,1040,4,1-5,780,3,1-2-5,230,1,1-5,560,2,,,,,,,
20260417,唐津,2,モー２ング戦,曇り,南西,2,2,5,4,5409,宮 本 琉 正,15,1,6.69,6,0.13,1.54.0,1-5-2,1040,4,1-5,780,3,1-2-5,230,1,1-5,560,2,,,,,,,
20260417,唐津,2,モー２ング戦,曇り,南西,2,2,6,6,3800,牧 宏 次,11,15,6.74,5,0.26,1.55.4,1-5-2,1040,4,1-5,780,3,1-2-5,230,1,1-5,560,2,,,,,,,
20260417,唐津,3,３ライズ戦,曇り,南西,1,1,1,1,4587,木 田 峰由季,43,16,6.67,1,0.16,1.48.3,1-3-5,1240,2,1-3,570,2,1-3-5,300,1,1-3,410,2,,,,,,,
20260417,唐津,3,３ライズ戦,曇り,南西,1,1,2,3,5359,佐 藤 世 那,40,11,6.64,5,0.14,1.49.9,1-3-5,1240,2,1-3,570,2,1-3-5,300,1,1-3,410,2,,,,,,,
20260417,唐津,3,３ライズ戦,曇り,南西,1,1,3,5,4852,川 原 祐 明,7,57,6.64,6,0.13,1.51.1,1-3-5,1240,2,1-3,570,2,1-3-5,300,1,1-3,410,2,,,,,,,
20260417,唐津,3,３ライズ戦,曇り,南西,1,1,4,2,5147,田 中 勇 輔,34,14,6.70,2,0.24,1.53.6,1-3-5,1240,2,1-3,570,2,1-3-5,300,1,1-3,410,2,,,,,,,
20260417,唐津,3,３ライズ戦,曇り,南西,1,1,5,6,4151,下 河 誉 史,4,43,6.67,4,0.24,1.55.8,1-3-5,1240,2,1-3,570,2,1-3-5,300,1,1-3,410,2,,,,,,,
20260417,唐津,3,３ライズ戦,曇り,南西,1,1,6,4,4093,吉 田 宗 弘,8,40,6.69,3,0.31,2.02.4,1-3-5,1240,2,1-3,570,2,1-3-5,300,1,1-3,410,2,,,,,,,
20260417,唐津,4,おは４戦,曇り,南西,3,3,1,1,3514,山 一 鉄 也,41,54,6.66,1,0.31,1.48.7,1-3-4,690,1,1-3,340,1,1-3-4,350,1,1-3,220,1,,,,,,,
20260417,唐津,4,おは４戦,曇り,南西,3,3,2,3,4124,池 田 雄 一,59,42,6.72,3,0.39,1.50.4,1-3-4,690,1,1-3,340,1,1-3-4,350,1,1-3,220,1,,,,,,,
20260417,唐津,4,おは４戦,曇り,南西,3,3,3,4,4834,浜 本 裕 己,52,5,6.71,4,0.42,1.51.6,1-3-4,690,1,1-3,340,1,1-3-4,350,1,1-3,220,1,,,,,,,
20260417,唐津,4,おは４戦,曇り,南西,3,3,4,5,5115,香 川 颯 太,35,28,6.66,5,0.36,1.52.2,1-3-4,690,1,1-3,340,1,1-3-4,350,1,1-3,220,1,,,,,,,
20260417,唐津,4,おは４戦,曇り,南西,3,3,5,2,4158,木 場 雄二郎,30,8,6.70,2,0.29,1.55.7,1-3-4,690,1,1-3,340,1,1-3-4,350,1,1-3,220,1,,,,,,,
20260417,唐津,4,おは４戦,曇り,南西,3,3,6,6,5315,浅 井 翼,24,10,6.68,6,0.66,1.57.4,1-3-4,690,1,1-3,340,1,1-3-4,350,1,1-3,220,1,,,,,,,
20260417,唐津,5,レッツ５特賞,曇り,南,2,2,1,1,4826,井 上 一 輝,20,17,6.60,1,0.12,1.48.5,1-2-5,730,2,1-2,230,1,1-2-5,440,1,1-2,230,1,,,,,,,
20260417,唐津,5,レッツ５特賞,曇り,南,2,2,2,2,3690,河 合 三 弘,42,49,6.68,2,0.13,1.50.1,1-2-5,730,2,1-2,230,1,1-2-5,440,1,1-2,230,1,,,,,,,
20260417,唐津,5,レッツ５特賞,曇り,南,2,2,3,5,5352,西 岡 蒼 志,45,9,6.69,5,0.04,1.51.5,1-2-5,730,2,1-2,230,1,1-2-5,440,1,1-2,230,1,,,,,,,
20260417,唐津,5,レッツ５特賞,曇り,南,2,2,4,6,4601,森 野 正 弘,49,36,6.71,6,0.08,1.52.4,1-2-5,730,2,1-2,230,1,1-2-5,440,1,1-2,230,1,,,,,,,
20260417,唐津,5,レッツ５特賞,曇り,南,2,2,5,3,3892,草 場 康 幸,6,48,6.75,3,0.18,1.53.8,1-2-5,730,2,1-2,230,1,1-2-5,440,1,1-2,230,1,,,,,,,
20260417,唐津,5,レッツ５特賞,曇り,南,2,2,6,4,2538,高 橋 二 朗,46,7,6.71,4,0.27,1.54.7,1-2-5,730,2,1-2,230,1,1-2-5,440,1,1-2,230,1,,,,,,,
20260417,唐津,6,予選,曇り,北,2,2,1,3,4889,後 藤 盛 也,29,56,6.67,3,0.06,1.46.8,3-1-4,8540,21,3-1,1320,4,1-3-4,810,4,1-3,260,2,,,,,,,
20260417,唐津,6,予選,曇り,北,2,2,2,1,4776,竹 田 和 哉,44,6,6.68,1,0.03,1.49.5,3-1-4,8540,21,3-1,1320,4,1-3-4,810,4,1-3,260,2,,,,,,,
20260417,唐津,6,予選,曇り,北,2,2,3,4,4041,小 林 基 樹,51,38,6.71,4,0.08,1.50.8,3-1-4,8540,21,3-1,1320,4,1-3-4,810,4,1-3,260,2,,,,,,,
20260417,唐津,6,予選,曇り,北,2,2,4,5,4639,雑 賀 勇 貴,17,13,6.71,5,0.05,1.52.8,3-1-4,8540,21,3-1,1320,4,1-3-4,810,4,1-3,260,2,,,,,,,
20260417,唐津,6,予選,曇り,北,2,2,5,6,4376,藤 田 靖 弘,39,44,6.75,6,0.04,1.53.3,3-1-4,8540,21,3-1,1320,4,1-3-4,810,4,1-3,260,2,,,,,,,
20260417,唐津,6,予選,曇り,北,2,2,6,2,4718,北 川 太 一,23,41,6.71,2,0.09,1.54.4,3-1-4,8540,21,3-1,1320,4,1-3-4,810,4,1-3,260,2,,,,,,,
20260417,唐津,7,予選,曇り,北,2,2,1,1,5239,上 野 俊 樹,32,60,6.66,1,0.07,1.48.6,1-3-4,1300,4,1-3,370,2,1-3-4,430,3,1-3,140,1,,,,,,,
20260417,唐津,7,予選,曇り,北,2,2,2,3,4415,下 出 卓 矢,18,52,6.70,3,0.11,1.50.4,1-3-4,1300,4,1-3,370,2,1-3-4,430,3,1-3,140,1,,,,,,,
20260417,唐津,7,予選,曇り,北,2,2,3,4,5147,田 中 勇 輔,34,14,6.77,4,0.12,1.51.4,1-3-4,1300,4,1-3,370,2,1-3-4,430,3,1-3,140,1,,,,,,,
20260417,唐津,7,予選,曇り,北,2,2,4,2,4995,田 邉 亮 蔵,57,39,6.72,2,0.12,1.53.1,1-3-4,1300,4,1-3,370,2,1-3-4,430,3,1-3,140,1,,,,,,,
20260417,唐津,7,予選,曇り,北,2,2,5,6,3445,加 藤 高 史,36,2,6.76,6,0.20,1.53.9,1-3-4,1300,4,1-3,370,2,1-3-4,430,3,1-3,140,1,,,,,,,
20260417,唐津,7,予選,曇り,北,2,2,6,5,4253,西 川 真 人,53,4,6.77,5,0.17,1.57.6,1-3-4,1300,4,1-3,370,2,1-3-4,430,3,1-3,140,1,,,,,,,
20260417,唐津,8,８っぴータイ,曇り,北,3,3,1,2,4288,永 田 啓 二,16,37,6.70,2,0.07,1.48.6,2-5-6,66780,65,2-5,4720,10,2-5-6,12860,16,2-5,4500,9,,,,,,,
20260417,唐津,8,８っぴータイ,曇り,北,3,3,2,5,3471,赤 峰 和 也,55,58,6.76,5,0.05,1.50.0,2-5-6,66780,65,2-5,4720,10,2-5-6,12860,16,2-5,4500,9,,,,,,,
20260417,唐津,8,８っぴータイ,曇り,北,3,3,3,6,5409,宮 本 琉 正,15,1,6.71,6,0.02,1.51.2,2-5-6,66780,65,2-5,4720,10,2-5-6,12860,16,2-5,4500,9,,,,,,,
20260417,唐津,8,８っぴータイ,曇り,北,3,3,4,3,5115,香 川 颯 太,35,28,6.67,3,0.14,1.52.3,2-5-6,66780,65,2-5,4720,10,2-5-6,12860,16,2-5,4500,9,,,,,,,
20260417,唐津,8,８っぴータイ,曇り,北,3,3,5,4,5359,佐 藤 世 那,40,11,6.73,4,0.24,1.53.8,2-5-6,66780,65,2-5,4720,10,2-5-6,12860,16,2-5,4500,9,,,,,,,
20260417,唐津,8,８っぴータイ,曇り,北,3,3,6,1,5060,数 原 魁,60,3,6.71,1,0.16,1.55.1,2-5-6,66780,65,2-5,4720,10,2-5-6,12860,16,2-5,4500,9,,,,,,,
20260417,唐津,9,予選,曇り,北,3,3,1,3,4469,土 山 卓 也,28,55,6.73,3,0.15,1.49.1,3-4-1,1490,3,3-4,600,3,1-3-4,250,1,3-4,420,2,,,,,,,
20260417,唐津,9,予選,曇り,北,3,3,2,4,4925,森 悠 稀,25,12,6.75,4,0.19,1.51.2,3-4-1,1490,3,3-4,600,3,1-3-4,250,1,3-4,420,2,,,,,,,
20260417,唐津,9,予選,曇り,北,3,3,3,1,3892,草 場 康 幸,6,48,6.78,1,0.18,1.52.6,3-4-1,1490,3,3-4,600,3,1-3-4,250,1,3-4,420,2,,,,,,,
20260417,唐津,9,予選,曇り,北,3,3,4,6,4674,池 田 剛 規,3,47,6.76,6,0.15,1.53.4,3-4-1,1490,3,3-4,600,3,1-3-4,250,1,3-4,420,2,,,,,,,
20260417,唐津,9,予選,曇り,北,3,3,5,2,3430,角 浜 修,38,46,6.77,2,0.19,1.54.8,3-4-1,1490,3,3-4,600,3,1-3-4,250,1,3-4,420,2,,,,,,,
20260417,唐津,9,予選,曇り,北,3,3,6,5,4158,木 場 雄二郎,30,8,6.81,5,0.14,1.56.3,3-4-1,1490,3,3-4,600,3,1-3-4,250,1,3-4,420,2,,,,,,,
20260417,唐津,10,予選特賞,曇り,無風,0,1,1,1,3442,宮 武 英 司,56,50,6.83,1,0.21,1.49.7,1-4-2,6280,24,1-4,2390,9,1-2-4,720,3,1-4,1360,5,,,,,,,
20260417,唐津,10,予選特賞,曇り,無風,0,1,2,4,3800,牧 宏 次,11,15,6.81,4,0.18,1.49.8,1-4-2,6280,24,1-4,2390,9,1-2-4,720,3,1-4,1360,5,,,,,,,
20260417,唐津,10,予選特賞,曇り,無風,0,1,3,2,4601,森 野 正 弘,49,36,6.74,2,0.25,1.51.9,1-4-2,6280,24,1-4,2390,9,1-2-4,720,3,1-4,1360,5,,,,,,,
20260417,唐津,10,予選特賞,曇り,無風,0,1,4,3,4303,牧 原 崇,50,59,6.78,3,0.20,1.52.7,1-4-2,6280,24,1-4,2390,9,1-2-4,720,3,1-4,1360,5,,,,,,,
20260417,唐津,10,予選特賞,曇り,無風,0,1,5,5,4376,藤 田 靖 弘,39,44,6.79,5,0.19,1.52.9,1-4-2,6280,24,1-4,2390,9,1-2-4,720,3,1-4,1360,5,,,,,,,
20260417,唐津,10,予選特賞,曇り,無風,0,1,6,6,4834,浜 本 裕 己,52,5,6.82,6,0.21,1.53.8,1-4-2,6280,24,1-4,2390,9,1-2-4,720,3,1-4,1360,5,,,,,,,
20260417,唐津,11,宝当特選,曇り,無風,0,1,1,1,3837,秋 山 広 一,31,51,6.71,1,0.18,1.48.8,1-2-4,610,1,1-2,290,1,1-2-4,350,1,1-2,140,1,,,,,,,
20260417,唐津,11,宝当特選,曇り,無風,0,1,2,2,4587,木 田 峰由季,43,16,6.67,2,0.33,1.50.5,1-2-4,610,1,1-2,290,1,1-2-4,350,1,1-2,140,1,,,,,,,
20260417,唐津,11,宝当特選,曇り,無風,0,1,3,4,3514,山 一 鉄 也,41,54,6.73,4,0.14,1.51.5,1-2-4,610,1,1-2,290,1,1-2-4,350,1,1-2,140,1,,,,,,,
20260417,唐津,11,宝当特選,曇り,無風,0,1,4,3,3445,加 藤 高 史,36,2,6.78,3,0.25,1.52.5,1-2-4,610,1,1-2,290,1,1-2-4,350,1,1-2,140,1,,,,,,,
20260417,唐津,11,宝当特選,曇り,無風,0,1,5,5,3566,川 添 英 正,10,53,6.75,5,0.16,1.54.7,1-2-4,610,1,1-2,290,1,1-2-4,350,1,1-2,140,1,,,,,,,
20260417,唐津,11,宝当特選,曇り,無風,0,1,6,6,4718,北 川 太 一,23,41,6.75,6,0.18,1.54.7,1-2-4,610,1,1-2,290,1,1-2-4,350,1,1-2,140,1,,,,,,,
20260417,唐津,12,ドリーム,雨,北西,2,2,1,1,4288,永 田 啓 二,16,37,6.70,1,0.11,1.48.1,1-3-4,1180,4,1-3,550,3,1-3-4,530,3,1-3,350,2,,,,,,,
20260417,唐津,12,ドリーム,雨,北西,2,2,2,3,4776,竹 田 和 哉,44,6,6.76,3,0.07,1.49.4,1-3-4,1180,4,1-3,550,3,1-3-4,530,3,1-3,350,2,,,,,,,
20260417,唐津,12,ドリーム,雨,北西,2,2,3,4,4852,川 原 祐 明,7,57,6.71,4,0.06,1.50.5,1-3-4,1180,4,1-3,550,3,1-3-4,530,3,1-3,350,2,,,,,,,
20260417,唐津,12,ドリーム,雨,北西,2,2,4,2,4826,井 上 一 輝,20,17,6.74,2,0.10,1.51.7,1-3-4,1180,4,1-3,550,3,1-3-4,530,3,1-3,350,2,,,,,,,
20260417,唐津,12,ドリーム,雨,北西,2,2,5,5,4124,池 田 雄 一,59,42,6.75,5,0.14,1.52.6,1-3-4,1180,4,1-3,550,3,1-3-4,530,3,1-3,350,2,,,,,,,
20260417,唐津,12,ドリーム,雨,北西,2,2,6,6,4415,下 出 卓 矢,18,52,6.64,6,0.08,1.54.9,1-3-4,1180,4,1-3,550,3,1-3-4,530,3,1-3,350,2,,,,,,,
20260417,尼崎,1,朝からセンプ,晴,北東,3,0,1,3,3813,佐 藤 大 介,13,53,6.99,3,0.17,1.49.7,3-1-4,1200,4,3-1,490,2,1-3-4,330,1,1-3,250,1,,,,,,,
20260417,尼崎,1,朝からセンプ,晴,北東,3,0,2,1,5273,山 下 拓 巳,15,14,6.92,1,0.16,1.51.2,3-1-4,1200,4,3-1,490,2,1-3-4,330,1,1-3,250,1,,,,,,,
20260417,尼崎,1,朝からセンプ,晴,北東,3,0,3,4,4113,木 村 浩 士,38,13,6.99,4,0.12,1.52.4,3-1-4,1200,4,3-1,490,2,1-3-4,330,1,1-3,250,1,,,,,,,
20260417,尼崎,1,朝からセンプ,晴,北東,3,0,4,2,3602,奥 平 拓 也,6,17,6.97,2,0.21,1.53.4,3-1-4,1200,4,3-1,490,2,1-3-4,330,1,1-3,250,1,,,,,,,
20260417,尼崎,1,朝からセンプ,晴,北東,3,0,5,6,4006,小 野 勇 作,18,48,6.95,6,0.20,1.55.5,3-1-4,1200,4,3-1,490,2,1-3-4,330,1,1-3,250,1,,,,,,,
20260417,尼崎,1,朝からセンプ,晴,北東,3,0,6,5,5379,廣 部 大 明,8,50,6.85,5,0.15,1.56.2,3-1-4,1200,4,3-1,490,2,1-3-4,330,1,1-3,250,1,,,,,,,
20260417,尼崎,2,予選,晴,無風,0,0,1,2,4648,木 村 亮 太,12,23,6.82,2,0.15,1.48.8,2-3-1,3850,21,2-3,1260,7,1-2-3,560,3,2-3,720,5,,,,,,,
20260417,尼崎,2,予選,晴,無風,0,0,2,3,4594,谷 川 祐 一,14,37,6.88,3,0.11,1.50.2,2-3-1,3850,21,2-3,1260,7,1-2-3,560,3,2-3,720,5,,,,,,,
20260417,尼崎,2,予選,晴,無風,0,0,3,1,3868,尾 形 栄 治,21,45,6.88,1,0.10,1.52.4,2-3-1,3850,21,2-3,1260,7,1-2-3,560,3,2-3,720,5,,,,,,,
20260417,尼崎,2,予選,晴,無風,0,0,4,4,3499,市 川 哲 也,5,35,6.90,4,0.15,1.52.9,2-3-1,3850,21,2-3,1260,7,1-2-3,560,3,2-3,720,5,,,,,,,
20260417,尼崎,2,予選,晴,無風,0,0,5,6,3712,淺 香 文 武,17,11,6.91,6,0.10,1.54.9,2-3-1,3850,21,2-3,1260,7,1-2-3,560,3,2-3,720,5,,,,,,,
20260417,尼崎,2,予選,晴,無風,0,0,6,5,5366,塩 嶋 泰 空,22,26,6.98,5,0.11,1.58.0,2-3-1,3850,21,2-3,1260,7,1-2-3,560,3,2-3,720,5,,,,,,,
20260417,尼崎,3,予選,晴,無風,0,0,1,5,5354,渡 邊 雄 斗,28,41,6.93,5,0.11,1.49.5,5-3-2,84150,101,5-3,20100,26,2-3-5,5910,13,3-5,3530,11,,,,,,,
20260417,尼崎,3,予選,晴,無風,0,0,2,3,4840,鈴 木 秀 茉,1,24,6.85,3,0.10,1.50.9,5-3-2,84150,101,5-3,20100,26,2-3-5,5910,13,3-5,3530,11,,,,,,,
20260417,尼崎,3,予選,晴,無風,0,0,3,2,4366,前 沢 丈 史,25,31,6.96,2,0.17,1.51.1,5-3-2,84150,101,5-3,20100,26,2-3-5,5910,13,3-5,3530,11,,,,,,,
20260417,尼崎,3,予選,晴,無風,0,0,4,6,4057,松 井 賢 治,32,36,6.86,6,0.07,1.54.0,5-3-2,84150,101,5-3,20100,26,2-3-5,5910,13,3-5,3530,11,,,,,,,
20260417,尼崎,3,予選,晴,無風,0,0,5,4,3381,滝 沢 芳 行,46,21,6.86,4,0.07,1.55.5,5-3-2,84150,101,5-3,20100,26,2-3-5,5910,13,3-5,3530,11,,,,,,,
20260417,尼崎,3,予選,晴,無風,0,0,6,1,4164,岩 永 節 也,43,56,6.92,1,0.22,1.57.0,5-3-2,84150,101,5-3,20100,26,2-3-5,5910,13,3-5,3530,11,,,,,,,
20260417,尼崎,4,予選,晴,東,2,0,1,1,4104,木 下 陽 介,3,47,6.85,1,0.21,1.49.5,1-2-4,1810,5,1-2,340,1,1-2-4,660,3,1-2,190,1,,,,,,,
20260417,尼崎,4,予選,晴,東,2,0,2,2,5256,中 山 翔 太,39,42,6.80,2,0.27,1.49.7,1-2-4,1810,5,1-2,340,1,1-2-4,660,3,1-2,190,1,,,,,,,
20260417,尼崎,4,予選,晴,東,2,0,3,4,4251,川 崎 誠 志,7,16,6.86,4,0.26,1.51.7,1-2-4,1810,5,1-2,340,1,1-2-4,660,3,1-2,190,1,,,,,,,
20260417,尼崎,4,予選,晴,東,2,0,4,5,4839,四 宮 与 寛,33,25,6.90,5,0.19,1.52.9,1-2-4,1810,5,1-2,340,1,1-2-4,660,3,1-2,190,1,,,,,,,
20260417,尼崎,4,予選,晴,東,2,0,5,6,4382,高 山 智 至,10,33,6.86,6,0.23,1.54.0,1-2-4,1810,5,1-2,340,1,1-2-4,660,3,1-2,190,1,,,,,,,
20260417,尼崎,4,予選,晴,東,2,0,6,3,4405,南 野 利 騰,16,22,6.85,3,0.26,1.54.1,1-2-4,1810,5,1-2,340,1,1-2-4,660,3,1-2,190,1,,,,,,,
20260417,尼崎,5,予選,晴,西,1,0,1,2,5095,小 原 聡 将,4,52,6.81,2,0.24,1.48.4,2-3-6,3850,17,2-3,1480,8,2-3-6,1230,6,2-3,2430,9,,,,,,,
20260417,尼崎,5,予選,晴,西,1,0,2,3,3974,深 山 祐 二,27,18,6.89,3,0.28,1.51.7,2-3-6,3850,17,2-3,1480,8,2-3-6,1230,6,2-3,2430,9,,,,,,,
20260417,尼崎,5,予選,晴,西,1,0,3,6,4832,権 藤 俊 光,2,15,6.86,5,0.29,1.52.4,2-3-6,3850,17,2-3,1480,8,2-3-6,1230,6,2-3,2430,9,,,,,,,
20260417,尼崎,5,予選,晴,西,1,0,4,4,5090,生 方 靖 亜,20,43,6.92,4,0.31,1.53.4,2-3-6,3850,17,2-3,1480,8,2-3-6,1230,6,2-3,2430,9,,,,,,,
20260417,尼崎,5,予選,晴,西,1,0,5,1,3587,武 田 信 一,40,51,6.95,1,0.24,1.55.2,2-3-6,3850,17,2-3,1480,8,2-3-6,1230,6,2-3,2430,9,,,,,,,
20260417,尼崎,5,予選,晴,西,1,0,6,5,5430,鳥 本 智 史,19,40,6.95,6,0.37,1.58.7,2-3-6,3850,17,2-3,1480,8,2-3-6,1230,6,2-3,2430,9,,,,,,,
20260417,尼崎,6,昼どきピンク,晴,南西,3,0,1,1,4122,安 東 幸 治,31,28,6.82,1,0.20,1.48.6,1-4-2,650,1,1-4,280,1,1-2-4,310,2,1-4,220,1,,,,,,,
20260417,尼崎,6,昼どきピンク,晴,南西,3,0,2,4,4857,加 藤 翔 馬,9,32,6.91,4,0.10,1.49.7,1-4-2,650,1,1-4,280,1,1-2-4,310,2,1-4,220,1,,,,,,,
20260417,尼崎,6,昼どきピンク,晴,南西,3,0,3,2,4969,町 田 洸 希,37,34,6.79,2,0.18,1.51.5,1-4-2,650,1,1-4,280,1,1-2-4,310,2,1-4,220,1,,,,,,,
20260417,尼崎,6,昼どきピンク,晴,南西,3,0,4,3,4085,荻 野 裕 介,29,49,6.85,3,0.14,1.52.9,1-4-2,650,1,1-4,280,1,1-2-4,310,2,1-4,220,1,,,,,,,
20260417,尼崎,6,昼どきピンク,晴,南西,3,0,5,6,4740,齋 藤 達 希,45,30,6.83,6,0.21,1.53.5,1-4-2,650,1,1-4,280,1,1-2-4,310,2,1-4,220,1,,,,,,,
20260417,尼崎,6,昼どきピンク,晴,南西,3,0,6,5,4429,豊 田 泰 洋,41,27,6.96,5,0.27,1.56.8,1-4-2,650,1,1-4,280,1,1-2-4,310,2,1-4,220,1,,,,,,,
20260417,尼崎,7,予選,晴,南西,3,0,1,5,4292,麻 生 慎 介,26,39,6.81,5,0.11,1.49.2,5-1-2,2180,7,5-1,820,4,1-2-5,310,1,1-5,330,1,,,,,,,
20260417,尼崎,7,予選,晴,南西,3,0,2,1,3381,滝 沢 芳 行,46,21,6.81,1,0.13,1.51.2,5-1-2,2180,7,5-1,820,4,1-2-5,310,1,1-5,330,1,,,,,,,
20260417,尼崎,7,予選,晴,南西,3,0,3,2,3655,本 橋 克 洋,44,54,6.83,2,0.17,1.52.1,5-1-2,2180,7,5-1,820,4,1-2-5,310,1,1-5,330,1,,,,,,,
20260417,尼崎,7,予選,晴,南西,3,0,4,6,4319,三 宅 潤,24,38,6.79,6,0.21,1.52.4,5-1-2,2180,7,5-1,820,4,1-2-5,310,1,1-5,330,1,,,,,,,
20260417,尼崎,7,予選,晴,南西,3,0,5,4,3868,尾 形 栄 治,21,45,6.84,4,0.22,1.55.2,5-1-2,2180,7,5-1,820,4,1-2-5,310,1,1-5,330,1,,,,,,,
20260417,尼崎,7,予選,晴,南西,3,0,6,3,5379,廣 部 大 明,8,50,6.78,3,0.14,1.57.1,5-1-2,2180,7,5-1,820,4,1-2-5,310,1,1-5,330,1,,,,,,,
20260417,尼崎,8,予選,晴,南西,5,3,1,1,4903,吉 田 凌太朗,35,19,6.86,1,0.14,1.49.4,1-6-3,2110,9,1-6,580,3,1-3-6,730,4,1-6,510,2,,,,,,,
20260417,尼崎,8,予選,晴,南西,5,3,2,6,5064,品 川 二千翔,23,46,6.75,6,0.19,1.50.7,1-6-3,2110,9,1-6,580,3,1-3-6,730,4,1-6,510,2,,,,,,,
20260417,尼崎,8,予選,晴,南西,5,3,3,3,3712,淺 香 文 武,17,11,6.88,3,0.29,1.52.3,1-6-3,2110,9,1-6,580,3,1-3-6,730,4,1-6,510,2,,,,,,,
20260417,尼崎,8,予選,晴,南西,5,3,4,4,4788,小 池 哲 也,30,29,6.81,4,0.24,1.54.1,1-6-3,2110,9,1-6,580,3,1-3-6,730,4,1-6,510,2,,,,,,,
20260417,尼崎,8,予選,晴,南西,5,3,5,2,3807,岡 部 哲,34,12,6.87,2,0.18,1.55.3,1-6-3,2110,9,1-6,580,3,1-3-6,730,4,1-6,510,2,,,,,,,
20260417,尼崎,8,予選,晴,南西,5,3,6,5,3602,奥 平 拓 也,6,17,6.87,5,0.27,1.57.3,1-6-3,2110,9,1-6,580,3,1-3-6,730,4,1-6,510,2,,,,,,,
20260417,尼崎,9,予選特賞,曇り,西,3,0,1,1,4119,泥 谷 一 毅,11,55,6.81,1,0.13,1.49.5,1-3-5,820,1,1-3,340,1,1-3-5,360,2,1-3,210,1,,,,,,,
20260417,尼崎,9,予選特賞,曇り,西,3,0,2,3,4839,四 宮 与 寛,33,25,6.82,3,0.17,1.50.7,1-3-5,820,1,1-3,340,1,1-3-5,360,2,1-3,210,1,,,,,,,
20260417,尼崎,9,予選特賞,曇り,西,3,0,3,5,4792,杉 村 賢 也,42,44,6.79,5,0.16,1.53.3,1-3-5,820,1,1-3,340,1,1-3-5,360,2,1-3,210,1,,,,,,,
20260417,尼崎,9,予選特賞,曇り,西,3,0,4,2,4006,小 野 勇 作,18,48,6.82,2,0.18,1.54.1,1-3-5,820,1,1-3,340,1,1-3-5,360,2,1-3,210,1,,,,,,,
20260417,尼崎,9,予選特賞,曇り,西,3,0,5,4,4943,八 木 治 樹,36,20,6.84,4,0.14,1.54.2,1-3-5,820,1,1-3,340,1,1-3-5,360,2,1-3,210,1,,,,,,,
20260417,尼崎,9,予選特賞,曇り,西,3,0,6,6,4648,木 村 亮 太,12,23,6.77,6,0.22,1.56.7,1-3-5,820,1,1-3,340,1,1-3-5,360,2,1-3,210,1,,,,,,,
20260417,尼崎,10,予選特賞,曇り,西,5,3,1,1,3499,市 川 哲 也,5,35,6.79,1,0.25,1.49.8,1-2-5,530,1,1-2,250,1,1-2-5,290,1,1-2,140,1,,,,,,,
20260417,尼崎,10,予選特賞,曇り,西,5,3,2,2,4057,松 井 賢 治,32,36,6.74,2,0.19,1.50.5,1-2-5,530,1,1-2,250,1,1-2-5,290,1,1-2,140,1,,,,,,,
20260417,尼崎,10,予選特賞,曇り,西,5,3,3,5,5095,小 原 聡 将,4,52,6.74,5,0.19,1.50.7,1-2-5,530,1,1-2,250,1,1-2-5,290,1,1-2,140,1,,,,,,,
20260417,尼崎,10,予選特賞,曇り,西,5,3,4,3,4113,木 村 浩 士,38,13,6.82,3,0.17,1.52.4,1-2-5,530,1,1-2,250,1,1-2-5,290,1,1-2,140,1,,,,,,,
20260417,尼崎,10,予選特賞,曇り,西,5,3,5,4,4405,南 野 利 騰,16,22,6.84,4,0.17,1.54.0,1-2-5,530,1,1-2,250,1,1-2-5,290,1,1-2,140,1,,,,,,,
20260417,尼崎,10,予選特賞,曇り,西,5,3,6,6,4969,町 田 洸 希,37,34,6.79,6,0.22,1.55.9,1-2-5,530,1,1-2,250,1,1-2-5,290,1,1-2,140,1,,,,,,,
20260417,尼崎,11,予選特選,曇り,南,3,0,1,5,4594,谷 川 祐 一,14,37,6.78,5,0.29,1.49.2,5-1-2,19230,44,5-1,5120,10,1-2-5,580,3,1-5,1290,4,,,,,,,
20260417,尼崎,11,予選特選,曇り,南,3,0,2,1,3813,佐 藤 大 介,13,53,6.85,1,0.09,1.50.8,5-1-2,19230,44,5-1,5120,10,1-2-5,580,3,1-5,1290,4,,,,,,,
20260417,尼崎,11,予選特選,曇り,南,3,0,3,2,4319,三 宅 潤,24,38,6.75,2,0.12,1.52.3,5-1-2,19230,44,5-1,5120,10,1-2-5,580,3,1-5,1290,4,,,,,,,
20260417,尼崎,11,予選特選,曇り,南,3,0,4,4,4122,安 東 幸 治,31,28,6.84,4,0.28,1.52.6,5-1-2,19230,44,5-1,5120,10,1-2-5,580,3,1-5,1290,4,,,,,,,
20260417,尼崎,11,予選特選,曇り,南,3,0,5,3,5090,生 方 靖 亜,20,43,6.81,3,0.10,1.53.4,5-1-2,19230,44,5-1,5120,10,1-2-5,580,3,1-5,1290,4,,,,,,,
20260417,尼崎,11,予選特選,曇り,南,3,0,6,6,4840,鈴 木 秀 茉,1,24,6.74,6,0.25,1.57.3,5-1-2,19230,44,5-1,5120,10,1-2-5,580,3,1-5,1290,4,,,,,,,
20260417,尼崎,12,ＢＢ選抜戦,曇り,南西,5,3,1,1,4857,加 藤 翔 馬,9,32,6.83,1,0.05,1.49.5,1-2-5,2540,9,1-2,400,2,1-2-5,1460,6,1-2,240,1,,,,,,,
20260417,尼崎,12,ＢＢ選抜戦,曇り,南西,5,3,2,2,4292,麻 生 慎 介,26,39,6.77,2,0.11,1.50.2,1-2-5,2540,9,1-2,400,2,1-2-5,1460,6,1-2,240,1,,,,,,,
20260417,尼崎,12,ＢＢ選抜戦,曇り,南西,5,3,3,5,4366,前 沢 丈 史,25,31,6.80,5,0.11,1.52.0,1-2-5,2540,9,1-2,400,2,1-2-5,1460,6,1-2,240,1,,,,,,,
20260417,尼崎,12,ＢＢ選抜戦,曇り,南西,5,3,4,4,4903,吉 田 凌太朗,35,19,6.83,4,0.05,1.53.2,1-2-5,2540,9,1-2,400,2,1-2-5,1460,6,1-2,240,1,,,,,,,
20260417,尼崎,12,ＢＢ選抜戦,曇り,南西,5,3,5,6,5256,中 山 翔 太,39,42,6.73,6,0.05,1.54.4,1-2-5,2540,9,1-2,400,2,1-2-5,1460,6,1-2,240,1,,,,,,,
20260417,尼崎,12,ＢＢ選抜戦,曇り,南西,5,3,6,3,4832,権 藤 俊 光,2,15,6.75,3,0.03,1.54.9,1-2-5,2540,9,1-2,400,2,1-2-5,1460,6,1-2,240,1,,,,,,,
20260417,常滑,1,朝トコ小判Ｒ,曇り,南,4,2,1,4,5190,大 月 遊 雅,19,13,6.71,4,0.22,1.49.1,4-5-1,3480,12,4-5,1660,7,1-4-5,880,5,4-5,1740,6,,,,,,,
20260417,常滑,1,朝トコ小判Ｒ,曇り,南,4,2,2,5,4563,齋 藤 真 之,28,57,6.76,5,0.28,1.50.6,4-5-1,3480,12,4-5,1660,7,1-4-5,880,5,4-5,1740,6,,,,,,,
20260417,常滑,1,朝トコ小判Ｒ,曇り,南,4,2,3,1,4379,桑 島 和 宏,56,41,6.75,1,0.31,1.52.5,4-5-1,3480,12,4-5,1660,7,1-4-5,880,5,4-5,1740,6,,,,,,,
20260417,常滑,1,朝トコ小判Ｒ,曇り,南,4,2,4,3,5151,山 下 奈 緒,4,61,6.71,3,0.38,1.53.4,4-5-1,3480,12,4-5,1660,7,1-4-5,880,5,4-5,1740,6,,,,,,,
20260417,常滑,1,朝トコ小判Ｒ,曇り,南,4,2,5,6,3289,高 橋 淳 美,37,50,6.78,6,0.32,,4-5-1,3480,12,4-5,1660,7,1-4-5,880,5,4-5,1740,6,,,,,,,
20260417,常滑,1,朝トコ小判Ｒ,曇り,南,4,2,6,2,5027,重 冨 勇 哉,45,17,6.72,2,0.47,,4-5-1,3480,12,4-5,1660,7,1-4-5,880,5,4-5,1740,6,,,,,,,
20260417,常滑,2,予選,曇り,南,3,1,1,2,3582,吉 川 昭 男,1,38,6.71,2,0.16,1.49.4,2-4-3,2520,5,2-4,1220,5,2-3-4,320,1,2-4,870,4,,,,,,,
20260417,常滑,2,予選,曇り,南,3,1,2,4,4775,千 葉 真 弥,57,66,6.68,4,0.23,1.50.0,2-4-3,2520,5,2-4,1220,5,2-3-4,320,1,2-4,870,4,,,,,,,
20260417,常滑,2,予選,曇り,南,3,1,3,3,3983,須 藤 博 倫,10,11,6.72,3,0.22,1.51.8,2-4-3,2520,5,2-4,1220,5,2-3-4,320,1,2-4,870,4,,,,,,,
20260417,常滑,2,予選,曇り,南,3,1,4,6,3475,橋 本 久 和,54,20,6.76,6,0.31,1.52.1,2-4-3,2520,5,2-4,1220,5,2-3-4,320,1,2-4,870,4,,,,,,,
20260417,常滑,2,予選,曇り,南,3,1,5,5,4301,関 裕 也,14,47,6.79,5,0.27,,2-4-3,2520,5,2-4,1220,5,2-3-4,320,1,2-4,870,4,,,,,,,
20260417,常滑,2,予選,曇り,南,3,1,6,1,4186,小 川 時 光,36,35,6.75,1,0.18,,2-4-3,2520,5,2-4,1220,5,2-3-4,320,1,2-4,870,4,,,,,,,
20260417,常滑,3,予選,曇り,南,4,2,1,1,4077,品 田 直 樹,26,40,6.67,1,0.12,1.48.9,1-4-6,2210,5,1-4,810,2,1-4-6,380,2,1-4,1110,7,,,,,,,
20260417,常滑,3,予選,曇り,南,4,2,2,4,4523,中 村 辰 也,42,26,6.70,4,0.07,1.50.5,1-4-6,2210,5,1-4,810,2,1-4-6,380,2,1-4,1110,7,,,,,,,
20260417,常滑,3,予選,曇り,南,4,2,3,6,4579,中 嶋 健一郎,35,51,6.66,5,0.09,1.51.4,1-4-6,2210,5,1-4,810,2,1-4-6,380,2,1-4,1110,7,,,,,,,
20260417,常滑,3,予選,曇り,南,4,2,4,3,4286,平 田 さやか,43,23,6.68,3,0.13,1.53.0,1-4-6,2210,5,1-4,810,2,1-4-6,380,2,1-4,1110,7,,,,,,,
20260417,常滑,3,予選,曇り,南,4,2,5,5,5444,林 風 音,24,32,6.72,6,0.10,,1-4-6,2210,5,1-4,810,2,1-4-6,380,2,1-4,1110,7,,,,,,,
20260417,常滑,3,予選,曇り,南,4,2,6,2,3955,眞 田 英 二,52,31,6.72,2,0.14,,1-4-6,2210,5,1-4,810,2,1-4-6,380,2,1-4,1110,7,,,,,,,
20260417,常滑,4,予選,曇り,南,3,1,1,2,4442,松 竹 大 輔,12,36,6.66,2,0.21,1.49.5,2-3-5,1190,1,2-3,490,2,2-3-5,470,2,2-3,340,1,,,,,,,
20260417,常滑,4,予選,曇り,南,3,1,2,3,4069,山 本 修 一,60,75,6.73,3,0.27,1.50.5,2-3-5,1190,1,2-3,490,2,2-3-5,470,2,2-3,340,1,,,,,,,
20260417,常滑,4,予選,曇り,南,3,1,3,5,4079,出 畑 孝 典,47,21,6.74,4,0.23,1.53.1,2-3-5,1190,1,2-3,490,2,2-3-5,470,2,2-3,340,1,,,,,,,
20260417,常滑,4,予選,曇り,南,3,1,4,6,4150,山 田 雄 太,58,67,6.76,5,0.20,1.53.5,2-3-5,1190,1,2-3,490,2,2-3-5,470,2,2-3,340,1,,,,,,,
20260417,常滑,4,予選,曇り,南,3,1,5,1,3617,竹 田 広 樹,20,62,6.70,1,0.24,,2-3-5,1190,1,2-3,490,2,2-3-5,470,2,2-3,340,1,,,,,,,
20260417,常滑,4,予選,曇り,南,3,1,6,4,5439,志 賀 美 優,16,56,6.79,6,0.33,,2-3-5,1190,1,2-3,490,2,2-3-5,470,2,2-3,340,1,,,,,,,
20260417,常滑,5,予選特賞,曇り,南,4,2,1,1,3984,坂 口 周,8,74,6.73,1,0.15,1.49.7,1-5-2,800,3,1-5,230,1,1-2-5,460,2,1-5,250,1,,,,,,,
20260417,常滑,5,予選特賞,曇り,南,4,2,2,5,4985,井 本 昌 也,23,18,6.73,4,0.16,1.50.3,1-5-2,800,3,1-5,230,1,1-2-5,460,2,1-5,250,1,,,,,,,
20260417,常滑,5,予選特賞,曇り,南,4,2,3,2,4651,佐 藤 大 騎,7,48,6.74,2,0.22,1.52.5,1-5-2,800,3,1-5,230,1,1-2-5,460,2,1-5,250,1,,,,,,,
20260417,常滑,5,予選特賞,曇り,南,4,2,4,3,4306,畔 柳 俊 吾,48,14,6.72,3,0.20,1.53.1,1-5-2,800,3,1-5,230,1,1-2-5,460,2,1-5,250,1,,,,,,,
20260417,常滑,5,予選特賞,曇り,南,4,2,5,6,4681,太 田 潮,33,53,6.73,6,0.15,,1-5-2,800,3,1-5,230,1,1-2-5,460,2,1-5,250,1,,,,,,,
20260417,常滑,5,予選特賞,曇り,南,4,2,6,4,4047,吉 永 浩 則,5,42,6.75,5,0.15,,1-5-2,800,3,1-5,230,1,1-2-5,460,2,1-5,250,1,,,,,,,
20260417,常滑,6,昼トコ小判Ｒ,晴,南西,3,1,1,1,3582,吉 川 昭 男,1,38,6.74,1,0.10,1.49.1,1-3-4,700,2,1-3,200,1,1-3-4,510,3,1-3,140,1,,,,,,,
20260417,常滑,6,昼トコ小判Ｒ,晴,南西,3,1,2,3,4466,南 佑 典,31,15,6.72,3,0.14,1.50.4,1-3-4,700,2,1-3,200,1,1-3-4,510,3,1-3,140,1,,,,,,,
20260417,常滑,6,昼トコ小判Ｒ,晴,南西,3,1,3,4,4863,三 浦 裕 貴,3,63,6.74,4,0.15,1.51.8,1-3-4,700,2,1-3,200,1,1-3-4,510,3,1-3,140,1,,,,,,,
20260417,常滑,6,昼トコ小判Ｒ,晴,南西,3,1,4,2,5151,山 下 奈 緒,4,61,6.72,2,0.14,1.52.9,1-3-4,700,2,1-3,200,1,1-3-4,510,3,1-3,140,1,,,,,,,
20260417,常滑,6,昼トコ小判Ｒ,晴,南西,3,1,5,6,4624,高 田 明,53,59,6.71,5,0.14,,1-3-4,700,2,1-3,200,1,1-3-4,510,3,1-3,140,1,,,,,,,
20260417,常滑,6,昼トコ小判Ｒ,晴,南西,3,1,6,5,5427,港 理 樹,2,43,6.75,6,0.18,,1-3-4,700,2,1-3,200,1,1-3-4,510,3,1-3,140,1,,,,,,,
20260417,常滑,7,予選,晴,南西,3,1,1,1,4641,磯 村 匠,29,28,6.64,1,0.11,1.49.0,1-3-2,1260,3,1-3,800,3,1-2-3,380,1,1-3,440,2,,,,,,,
20260417,常滑,7,予選,晴,南西,3,1,2,3,4649,和 田 操 拓,51,22,6.65,3,0.12,1.50.7,1-3-2,1260,3,1-3,800,3,1-2-3,380,1,1-3,440,2,,,,,,,
20260417,常滑,7,予選,晴,南西,3,1,3,2,3983,須 藤 博 倫,10,11,6.63,2,0.12,1.51.7,1-3-2,1260,3,1-3,800,3,1-2-3,380,1,1-3,440,2,,,,,,,
20260417,常滑,7,予選,晴,南西,3,1,4,4,4474,渡 辺 崇,30,34,6.70,4,0.13,1.52.9,1-3-2,1260,3,1-3,800,3,1-2-3,380,1,1-3,440,2,,,,,,,
20260417,常滑,7,予選,晴,南西,3,1,5,5,4379,桑 島 和 宏,56,41,6.75,5,0.16,,1-3-2,1260,3,1-3,800,3,1-2-3,380,1,1-3,440,2,,,,,,,
20260417,常滑,7,予選,晴,南西,3,1,6,6,5296,永 田 楽,9,30,6.55,6,0.21,,1-3-2,1260,3,1-3,800,3,1-2-3,380,1,1-3,440,2,,,,,,,
20260417,常滑,8,予選,晴,南,3,1,1,6,4351,里 岡 右 貴,55,16,6.70,4,0.08,1.48.7,6-1-2,12100,57,6-1,6070,23,1-2-6,520,2,1-6,920,5,,,,,,,
20260417,常滑,8,予選,晴,南,3,1,2,1,3377,塚 田 修 二,39,70,6.68,1,0.21,1.50.8,6-1-2,12100,57,6-1,6070,23,1-2-6,520,2,1-6,920,5,,,,,,,
20260417,常滑,8,予選,晴,南,3,1,3,2,4079,出 畑 孝 典,47,21,6.71,2,0.07,1.53.5,6-1-2,12100,57,6-1,6070,23,1-2-6,520,2,1-6,920,5,,,,,,,
20260417,常滑,8,予選,晴,南,3,1,4,4,3161,古 場 輝 義,59,60,6.70,5,0.09,1.54.0,6-1-2,12100,57,6-1,6070,23,1-2-6,520,2,1-6,920,5,,,,,,,
20260417,常滑,8,予選,晴,南,3,1,5,3,4563,齋 藤 真 之,28,57,6.69,3,0.04,,6-1-2,12100,57,6-1,6070,23,1-2-6,520,2,1-6,920,5,,,,,,,
20260417,常滑,8,予選,晴,南,3,1,6,5,4523,中 村 辰 也,42,26,6.70,6,0.11,,6-1-2,12100,57,6-1,6070,23,1-2-6,520,2,1-6,920,5,,,,,,,
20260417,常滑,9,予選 進入固定,晴,南,2,1,1,1,3955,眞 田 英 二,52,31,6.74,1,0.21,1.50.2,1-3-2,1710,9,1-3,380,2,1-2-3,710,5,1-3,460,4,,,,,,,
20260417,常滑,9,予選 進入固定,晴,南,2,1,2,3,4186,小 川 時 光,36,35,6.77,3,0.22,1.51.3,1-3-2,1710,9,1-3,380,2,1-2-3,710,5,1-3,460,4,,,,,,,
20260417,常滑,9,予選 進入固定,晴,南,2,1,3,2,3906,飯 山 晃 三,18,69,6.75,2,0.24,1.52.8,1-3-2,1710,9,1-3,380,2,1-2-3,710,5,1-3,460,4,,,,,,,
20260417,常滑,9,予選 進入固定,晴,南,2,1,4,4,5027,重 冨 勇 哉,45,17,6.73,4,0.30,1.53.5,1-3-2,1710,9,1-3,380,2,1-2-3,710,5,1-3,460,4,,,,,,,
20260417,常滑,9,予選 進入固定,晴,南,2,1,5,5,4651,佐 藤 大 騎,7,48,6.72,5,0.27,,1-3-2,1710,9,1-3,380,2,1-2-3,710,5,1-3,460,4,,,,,,,
20260417,常滑,9,予選 進入固定,晴,南,2,1,6,6,5439,志 賀 美 優,16,56,6.74,6,0.34,,1-3-2,1710,9,1-3,380,2,1-2-3,710,5,1-3,460,4,,,,,,,
20260417,常滑,10,予選特選,晴,南,2,1,1,1,4069,山 本 修 一,60,75,6.72,1,0.11,1.48.7,1-3-2,790,2,1-3,220,1,1-2-3,450,2,1-3,150,1,,,,,,,
20260417,常滑,10,予選特選,晴,南,2,1,2,3,4624,高 田 明,53,59,6.69,3,0.12,1.50.2,1-3-2,790,2,1-3,220,1,1-2-3,450,2,1-3,150,1,,,,,,,
20260417,常滑,10,予選特選,晴,南,2,1,3,2,5190,大 月 遊 雅,19,13,6.74,2,0.10,1.51.9,1-3-2,790,2,1-3,220,1,1-2-3,450,2,1-3,150,1,,,,,,,
20260417,常滑,10,予選特選,晴,南,2,1,4,6,4301,関 裕 也,14,47,6.81,5,0.17,1.52.7,1-3-2,790,2,1-3,220,1,1-2-3,450,2,1-3,150,1,,,,,,,
20260417,常滑,10,予選特選,晴,南,2,1,5,5,3611,岩 崎 芳 美,21,37,6.73,6,0.10,,1-3-2,790,2,1-3,220,1,1-2-3,450,2,1-3,150,1,,,,,,,
20260417,常滑,10,予選特選,晴,南,2,1,6,4,4306,畔 柳 俊 吾,48,14,6.76,4,0.15,,1-3-2,790,2,1-3,220,1,1-2-3,450,2,1-3,150,1,,,,,,,
20260417,常滑,11,予選特賞,曇り,南,2,1,1,3,4579,中 嶋 健一郎,35,51,6.73,3,0.08,1.48.8,3-1-4,1330,3,3-1,460,2,1-3-4,320,1,1-3,250,1,,,,,,,
20260417,常滑,11,予選特賞,曇り,南,2,1,2,1,4775,千 葉 真 弥,57,66,6.68,1,0.13,1.49.6,3-1-4,1330,3,3-1,460,2,1-3-4,320,1,1-3,250,1,,,,,,,
20260417,常滑,11,予選特賞,曇り,南,2,1,3,4,3984,坂 口 周,8,74,6.77,4,0.14,1.52.5,3-1-4,1330,3,3-1,460,2,1-3-4,320,1,1-3,250,1,,,,,,,
20260417,常滑,11,予選特賞,曇り,南,2,1,4,2,4474,渡 辺 崇,30,34,6.72,2,0.16,1.52.8,3-1-4,1330,3,3-1,460,2,1-3-4,320,1,1-3,250,1,,,,,,,
20260417,常滑,11,予選特賞,曇り,南,2,1,5,5,4863,三 浦 裕 貴,3,63,6.72,5,0.12,,3-1-4,1330,3,3-1,460,2,1-3-4,320,1,1-3,250,1,,,,,,,
20260417,常滑,11,予選特賞,曇り,南,2,1,6,6,4442,松 竹 大 輔,12,36,6.65,6,0.12,,3-1-4,1330,3,3-1,460,2,1-3-4,320,1,1-3,250,1,,,,,,,
20260417,常滑,12,予選特選,曇り,南,2,1,1,4,4351,里 岡 右 貴,55,16,6.76,4,0.03,1.49.1,4-5-1,2580,10,4-5,3130,7,1-4-5,300,2,4-5,2010,6,,,,,,,
20260417,常滑,12,予選特選,曇り,南,2,1,2,5,5301,岩 下 巧 斗,27,33,6.73,5,0.06,1.50.5,4-5-1,2580,10,4-5,3130,7,1-4-5,300,2,4-5,2010,6,,,,,,,
20260417,常滑,12,予選特選,曇り,南,2,1,3,1,4985,井 本 昌 也,23,18,6.74,1,0.04,1.52.2,4-5-1,2580,10,4-5,3130,7,1-4-5,300,2,4-5,2010,6,,,,,,,
20260417,常滑,12,予選特選,曇り,南,2,1,4,6,4649,和 田 操 拓,51,22,6.72,6,0.09,1.53.4,4-5-1,2580,10,4-5,3130,7,1-4-5,300,2,4-5,2010,6,,,,,,,
20260417,常滑,12,予選特選,曇り,南,2,1,5,2,4380,鈴 木 峻 佑,38,73,6.72,2,0.08,,4-5-1,2580,10,4-5,3130,7,1-4-5,300,2,4-5,2010,6,,,,,,,
20260417,戸田,1,予選,晴,無風,0,0,1,2,3930,岸 本 隆,5,26,6.71,3,0.06,1.49.0,2-3-5,6310,31,2-3,1270,5,2-3-5,2000,11,2-3,750,5,,,,,,,
20260417,戸田,1,予選,晴,無風,0,0,2,3,4114,深 澤 達 徳,57,19,6.74,4,0.17,1.50.8,2-3-5,6310,31,2-3,1270,5,2-3-5,2000,11,2-3,750,5,,,,,,,
20260417,戸田,1,予選,晴,無風,0,0,3,5,4360,庄 司 孝 輔,35,71,6.73,6,0.12,1.52.0,2-3-5,6310,31,2-3,1270,5,2-3-5,2000,11,2-3,750,5,,,,,,,
20260417,戸田,1,予選,晴,無風,0,0,4,1,4022,待 鳥 雄 紀,43,73,6.72,1,0.21,1.53.4,2-3-5,6310,31,2-3,1270,5,2-3-5,2000,11,2-3,750,5,,,,,,,
20260417,戸田,1,予選,晴,無風,0,0,5,6,3072,西 田 靖,56,22,6.73,2,0.12,,2-3-5,6310,31,2-3,1270,5,2-3-5,2000,11,2-3,750,5,,,,,,,
20260417,戸田,1,予選,晴,無風,0,0,6,4,4711,前 出 達 吉,30,40,6.64,5,0.17,,2-3-5,6310,31,2-3,1270,5,2-3-5,2000,11,2-3,750,5,,,,,,,
20260417,戸田,2,予選,晴,無風,0,0,1,2,4108,吉 村 正 明,53,23,6.59,2,0.12,1.48.8,2-3-6,12870,53,2-3,870,2,2-3-6,4490,14,2-3,490,2,,,,,,,
20260417,戸田,2,予選,晴,無風,0,0,2,3,4096,石 橋 道 友,42,67,6.63,3,0.18,1.49.4,2-3-6,12870,53,2-3,870,2,2-3-6,4490,14,2-3,490,2,,,,,,,
20260417,戸田,2,予選,晴,無風,0,0,3,6,3771,折 下 寛 法,55,50,6.78,6,0.09,1.51.2,2-3-6,12870,53,2-3,870,2,2-3-6,4490,14,2-3,490,2,,,,,,,
20260417,戸田,2,予選,晴,無風,0,0,4,4,4700,金 子 和 之,14,15,6.62,4,0.08,1.52.2,2-3-6,12870,53,2-3,870,2,2-3-6,4490,14,2-3,490,2,,,,,,,
20260417,戸田,2,予選,晴,無風,0,0,5,1,4919,吉 田 翔 悟,11,46,6.56,1,0.11,,2-3-6,12870,53,2-3,870,2,2-3-6,4490,14,2-3,490,2,,,,,,,
20260417,戸田,2,予選,晴,無風,0,0,6,5,4086,寺 本 重 宣,27,36,6.68,5,0.07,,2-3-6,12870,53,2-3,870,2,2-3-6,4490,14,2-3,490,2,,,,,,,
20260417,戸田,3,予選,晴,北東,1,1,1,2,3562,山 下 和 彦,41,52,6.62,2,0.12,1.47.9,2-3-4,3720,16,2-3,820,5,2-3-4,1020,6,2-3,540,2,,,,,,,
20260417,戸田,3,予選,晴,北東,1,1,2,3,4067,永 井 源,31,59,6.61,3,0.12,1.49.7,2-3-4,3720,16,2-3,820,5,2-3-4,1020,6,2-3,540,2,,,,,,,
20260417,戸田,3,予選,晴,北東,1,1,3,4,3268,森 竜 也,13,75,6.67,4,0.17,1.50.7,2-3-4,3720,16,2-3,820,5,2-3-4,1020,6,2-3,540,2,,,,,,,
20260417,戸田,3,予選,晴,北東,1,1,4,5,3572,安 田 政 彦,36,20,6.70,5,0.18,1.53.0,2-3-4,3720,16,2-3,820,5,2-3-4,1020,6,2-3,540,2,,,,,,,
20260417,戸田,3,予選,晴,北東,1,1,5,1,4750,井 上 尚 悟,29,51,6.71,1,0.18,,2-3-4,3720,16,2-3,820,5,2-3-4,1020,6,2-3,540,2,,,,,,,
20260417,戸田,3,予選,晴,北東,1,1,6,6,5071,野見山 拓 己,51,37,6.80,6,0.16,,2-3-4,3720,16,2-3,820,5,2-3-4,1020,6,2-3,540,2,,,,,,,
20260417,戸田,4,予選,晴,北東,2,1,1,4,4302,西 野 翔 太,39,35,6.64,4,0.18,1.48.4,4-3-2,4680,19,4-3,1660,9,2-3-4,720,4,3-4,780,5,,,,,,,
20260417,戸田,4,予選,晴,北東,2,1,2,3,4578,藤 山 雅 弘,38,41,6.79,3,0.21,1.49.4,4-3-2,4680,19,4-3,1660,9,2-3-4,720,4,3-4,780,5,,,,,,,
20260417,戸田,4,予選,晴,北東,2,1,3,2,5125,高 井 雄 基,26,38,6.59,2,0.33,1.51.3,4-3-2,4680,19,4-3,1660,9,2-3-4,720,4,3-4,780,5,,,,,,,
20260417,戸田,4,予選,晴,北東,2,1,4,1,4888,金 児 隆 太,25,62,6.58,1,0.27,1.51.5,4-3-2,4680,19,4-3,1660,9,2-3-4,720,4,3-4,780,5,,,,,,,
20260417,戸田,4,予選,晴,北東,2,1,5,6,5048,眞 鳥 康 太,47,45,6.69,6,0.31,,4-3-2,4680,19,4-3,1660,9,2-3-4,720,4,3-4,780,5,,,,,,,
20260417,戸田,4,予選,晴,北東,2,1,6,5,5007,近 藤 雄一郎,23,25,6.70,5,0.23,,4-3-2,4680,19,4-3,1660,9,2-3-4,720,4,3-4,780,5,,,,,,,
20260417,戸田,5,ウインウイン,晴,北東,2,1,1,4,4118,宇佐見 淳,4,17,6.62,4,0.05,1.47.3,4-1-6,1330,4,4-1,440,2,1-4-6,520,2,1-4,190,1,,,,,,,
20260417,戸田,5,ウインウイン,晴,北東,2,1,2,1,4809,外 崎 悟,46,27,6.70,1,0.17,1.48.6,4-1-6,1330,4,4-1,440,2,1-4-6,520,2,1-4,190,1,,,,,,,
20260417,戸田,5,ウインウイン,晴,北東,2,1,3,6,3441,土 屋 太 朗,32,74,6.74,6,0.01,1.52.0,4-1-6,1330,4,4-1,440,2,1-4-6,520,2,1-4,190,1,,,,,,,
20260417,戸田,5,ウインウイン,晴,北東,2,1,4,5,4022,待 鳥 雄 紀,43,73,6.79,5,0.04,1.54.1,4-1-6,1330,4,4-1,440,2,1-4-6,520,2,1-4,190,1,,,,,,,
20260417,戸田,5,ウインウイン,晴,北東,2,1,5,2,4837,酒 井 陽 祐,21,48,6.77,2,0.19,,4-1-6,1330,4,4-1,440,2,1-4-6,520,2,1-4,190,1,,,,,,,
20260417,戸田,5,ウインウイン,晴,北東,2,1,6,3,3294,野 中 義 生,40,76,6.73,3,0.11,,4-1-6,1330,4,4-1,440,2,1-4-6,520,2,1-4,190,1,,,,,,,
20260417,戸田,6,予選,晴,東,2,1,1,3,4532,秋 元 哲,24,63,6.74,3,0.25,1.48.0,3-6-4,17260,53,3-6,4330,15,3-4-6,2560,9,3-6,3480,10,,,,,,,
20260417,戸田,6,予選,晴,東,2,1,2,6,5083,柳 瀬 幹 太,19,16,6.64,6,0.19,1.50.1,3-6-4,17260,53,3-6,4330,15,3-4-6,2560,9,3-6,3480,10,,,,,,,
20260417,戸田,6,予選,晴,東,2,1,3,4,4514,上 條 嘉 嗣,15,28,6.67,4,0.22,1.51.3,3-6-4,17260,53,3-6,4330,15,3-4-6,2560,9,3-6,3480,10,,,,,,,
20260417,戸田,6,予選,晴,東,2,1,4,5,3558,山 本 浩 次,17,66,6.65,5,0.12,1.51.6,3-6-4,17260,53,3-6,4330,15,3-4-6,2560,9,3-6,3480,10,,,,,,,
20260417,戸田,6,予選,晴,東,2,1,5,2,4348,宮 崎 奨,20,43,6.73,2,0.25,,3-6-4,17260,53,3-6,4330,15,3-4-6,2560,9,3-6,3480,10,,,,,,,
20260417,戸田,6,予選,晴,東,2,1,6,1,4360,庄 司 孝 輔,35,71,6.62,1,0.27,,3-6-4,17260,53,3-6,4330,15,3-4-6,2560,9,3-6,3480,10,,,,,,,
20260417,戸田,7,ウインウイン,晴,東,2,1,1,1,4856,豊 田 健士郎,9,14,6.70,1,0.09,1.58.3,1-2-3,1090,2,1-2,420,2,1-2-3,520,1,1-2,470,3,,,,,,,
20260417,戸田,7,ウインウイン,晴,東,2,1,2,2,4618,乃 村 康 友,54,64,6.70,2,0.08,1.59.3,1-2-3,1090,2,1-2,420,2,1-2-3,520,1,1-2,470,3,,,,,,,
20260417,戸田,7,ウインウイン,晴,東,2,1,3,3,3771,折 下 寛 法,55,50,6.69,3,0.06,2.01.5,1-2-3,1090,2,1-2,420,2,1-2-3,520,1,1-2,470,3,,,,,,,
20260417,戸田,7,ウインウイン,晴,東,2,1,4,4,3853,岩 崎 正 哉,50,69,6.69,4,0.10,2.02.1,1-2-3,1090,2,1-2,420,2,1-2-3,520,1,1-2,470,3,,,,,,,
20260417,戸田,7,ウインウイン,晴,東,2,1,5,6,4711,前 出 達 吉,30,40,6.66,6,0.18,,1-2-3,1090,2,1-2,420,2,1-2-3,520,1,1-2,470,3,,,,,,,
20260417,戸田,8,予選,晴,東,2,1,1,1,4302,西 野 翔 太,39,35,6.58,1,0.08,1.48.1,1-2-3,870,1,1-2,420,1,1-2-3,290,1,1-2,280,1,,,,,,,
20260417,戸田,8,予選,晴,東,2,1,2,2,4335,若 林 将,12,12,6.66,3,0.06,1.48.7,1-2-3,870,1,1-2,420,1,1-2-3,290,1,1-2,280,1,,,,,,,
20260417,戸田,8,予選,晴,東,2,1,3,3,4199,北 川 潤 二,49,34,6.73,4,0.07,1.51.2,1-2-3,870,1,1-2,420,1,1-2-3,290,1,1-2,280,1,,,,,,,
20260417,戸田,8,予選,晴,東,2,1,4,5,3563,堤 昇,16,29,6.82,5,0.09,1.52.4,1-2-3,870,1,1-2,420,1,1-2-3,290,1,1-2,280,1,,,,,,,
20260417,戸田,8,予選,晴,東,2,1,5,6,4096,石 橋 道 友,42,67,6.71,6,0.12,,1-2-3,870,1,1-2,420,1,1-2-3,290,1,1-2,280,1,,,,,,,
20260417,戸田,8,予選,晴,東,2,1,6,4,3072,西 田 靖,56,22,6.75,2,0.18,,1-2-3,870,1,1-2,420,1,1-2-3,290,1,1-2,280,1,,,,,,,
20260417,戸田,9,予選,曇り,東,2,1,1,4,4067,永 井 源,31,59,6.54,4,0.13,1.48.3,4-5-1,3040,14,4-5,1250,7,1-4-5,1090,7,4-5,1060,4,,,,,,,
20260417,戸田,9,予選,曇り,東,2,1,2,5,4607,鶴 田 勇 雄,48,54,6.74,5,0.14,1.49.8,4-5-1,3040,14,4-5,1250,7,1-4-5,1090,7,4-5,1060,4,,,,,,,
20260417,戸田,9,予選,曇り,東,2,1,3,1,4086,寺 本 重 宣,27,36,6.71,1,0.12,1.51.4,4-5-1,3040,14,4-5,1250,7,1-4-5,1090,7,4-5,1060,4,,,,,,,
20260417,戸田,9,予選,曇り,東,2,1,4,2,3441,土 屋 太 朗,32,74,6.74,2,0.27,1.53.4,4-5-1,3040,14,4-5,1250,7,1-4-5,1090,7,4-5,1060,4,,,,,,,
20260417,戸田,9,予選,曇り,東,2,1,5,6,5007,近 藤 雄一郎,23,11,6.81,6,0.23,,4-5-1,3040,14,4-5,1250,7,1-4-5,1090,7,4-5,1060,4,,,,,,,
20260417,戸田,9,予選,曇り,東,2,1,6,3,4953,尾 上 雅 也,18,57,6.68,3,0.25,,4-5-1,3040,14,4-5,1250,7,1-4-5,1090,7,4-5,1060,4,,,,,,,
20260417,戸田,10,戸田特賞,曇り,東,3,2,1,2,4290,稲 田 浩 二,22,21,6.68,2,0.09,1.48.0,2-1-5,1090,3,2-1,520,2,1-2-5,320,1,1-2,150,1,,,,,,,
20260417,戸田,10,戸田特賞,曇り,東,3,2,2,1,4578,藤 山 雅 弘,38,41,6.68,1,0.10,1.48.9,2-1-5,1090,3,2-1,520,2,1-2-5,320,1,1-2,150,1,,,,,,,
20260417,戸田,10,戸田特賞,曇り,東,3,2,3,5,4593,小 坂 宗 司,10,65,6.71,5,0.13,1.50.3,2-1-5,1090,3,2-1,520,2,1-2-5,320,1,1-2,150,1,,,,,,,
20260417,戸田,10,戸田特賞,曇り,東,3,2,4,4,3294,野 中 義 生,40,76,6.72,4,0.09,1.51.0,2-1-5,1090,3,2-1,520,2,1-2-5,320,1,1-2,150,1,,,,,,,
20260417,戸田,10,戸田特賞,曇り,東,3,2,5,6,4700,金 子 和 之,14,15,6.63,6,0.13,,2-1-5,1090,3,2-1,520,2,1-2-5,320,1,1-2,150,1,,,,,,,
20260417,戸田,10,戸田特賞,曇り,東,3,2,6,3,5071,野見山 拓 己,51,37,6.68,3,0.11,,2-1-5,1090,3,2-1,520,2,1-2-5,320,1,1-2,150,1,,,,,,,
20260417,戸田,11,戸田特選,晴,東,3,2,1,1,4514,上 條 嘉 嗣,15,28,6.70,1,0.16,1.49.2,1-3-2,1540,3,1-3,840,3,1-2-3,270,1,1-3,770,2,,,,,,,
20260417,戸田,11,戸田特選,晴,東,3,2,2,3,3562,山 下 和 彦,41,52,6.79,3,0.17,1.49.6,1-3-2,1540,3,1-3,840,3,1-2-3,270,1,1-3,770,2,,,,,,,
20260417,戸田,11,戸田特選,晴,東,3,2,3,2,4856,豊 田 健士郎,9,14,6.64,2,0.13,1.51.5,1-3-2,1540,3,1-3,840,3,1-2-3,270,1,1-3,770,2,,,,,,,
20260417,戸田,11,戸田特選,晴,東,3,2,4,6,4644,山 田 亮 太,37,49,6.69,6,0.15,1.52.3,1-3-2,1540,3,1-3,840,3,1-2-3,270,1,1-3,770,2,,,,,,,
20260417,戸田,11,戸田特選,晴,東,3,2,5,5,4108,吉 村 正 明,53,23,6.69,5,0.14,,1-3-2,1540,3,1-3,840,3,1-2-3,270,1,1-3,770,2,,,,,,,
20260417,戸田,11,戸田特選,晴,東,3,2,6,4,4888,金 児 隆 太,25,62,6.70,4,0.17,,1-3-2,1540,3,1-3,840,3,1-2-3,270,1,1-3,770,2,,,,,,,
20260417,戸田,12,記者選抜戦,晴,東,2,1,1,1,4532,秋 元 哲,24,63,6.72,1,0.11,1.48.0,1-2-5,1050,4,1-2,200,1,1-2-5,550,3,1-2,160,1,,,,,,,
20260417,戸田,12,記者選抜戦,晴,東,2,1,2,2,4118,宇佐見 淳,4,17,6.64,2,0.13,1.49.3,1-2-5,1050,4,1-2,200,1,1-2-5,550,3,1-2,160,1,,,,,,,
20260417,戸田,12,記者選抜戦,晴,東,2,1,3,5,4618,乃 村 康 友,54,64,6.72,5,0.18,1.51.1,1-2-5,1050,4,1-2,200,1,1-2-5,550,3,1-2,160,1,,,,,,,
20260417,戸田,12,記者選抜戦,晴,東,2,1,4,3,5125,高 井 雄 基,26,38,6.69,3,0.17,1.52.2,1-2-5,1050,4,1-2,200,1,1-2-5,550,3,1-2,160,1,,,,,,,
20260417,戸田,12,記者選抜戦,晴,東,2,1,5,4,4919,吉 田 翔 悟,11,46,6.68,4,0.18,,1-2-5,1050,4,1-2,200,1,1-2-5,550,3,1-2,160,1,,,,,,,
20260417,戸田,12,記者選抜戦,晴,東,2,1,6,6,3572,安 田 政 彦,36,20,6.82,6,0.20,,1-2-5,1050,4,1-2,200,1,1-2-5,550,3,1-2,160,1,,,,,,,
20260417,桐生,1,一般,晴,東,4,3,1,1,4754,松 尾 充,38,34,6.69,1,0.12,1.48.5,1-2-4,1190,3,1-2,350,1,1-2-4,490,2,1-2,240,1,,,,,,,
20260417,桐生,1,一般,晴,東,4,3,2,2,5112,砂 長 知 輝,71,35,6.81,2,0.10,1.49.8,1-2-4,1190,3,1-2,350,1,1-2-4,490,2,1-2,240,1,,,,,,,
20260417,桐生,1,一般,晴,東,4,3,3,4,3716,石 渡 鉄 兵,70,47,6.89,4,0.13,1.51.3,1-2-4,1190,3,1-2,350,1,1-2-4,490,2,1-2,240,1,,,,,,,
20260417,桐生,1,一般,晴,東,4,3,4,3,4743,木 村 仁 紀,22,66,6.82,3,0.09,1.52.6,1-2-4,1190,3,1-2,350,1,1-2-4,490,2,1-2,240,1,,,,,,,
20260417,桐生,1,一般,晴,東,4,3,5,5,4261,岡 祐 臣,50,49,6.68,5,0.18,1.53.6,1-2-4,1190,3,1-2,350,1,1-2-4,490,2,1-2,240,1,,,,,,,
20260417,桐生,1,一般,晴,東,4,3,6,6,4539,金 子 賢 志,62,45,6.73,6,0.14,1.55.1,1-2-4,1190,3,1-2,350,1,1-2-4,490,2,1-2,240,1,,,,,,,
20260417,桐生,2,一般,晴,東,4,3,1,5,4297,山 田 哲 也,64,13,6.58,5,0.08,1.48.8,5-1-2,10650,36,5-1,3720,11,1-2-5,770,3,1-5,880,4,,,,,,,
20260417,桐生,2,一般,晴,東,4,3,2,1,3740,大 澤 普 司,73,64,6.64,1,0.17,1.49.8,5-1-2,10650,36,5-1,3720,11,1-2-5,770,3,1-5,880,4,,,,,,,
20260417,桐生,2,一般,晴,東,4,3,3,2,4364,池 永 太,14,24,6.64,2,0.19,1.51.2,5-1-2,10650,36,5-1,3720,11,1-2-5,770,3,1-5,880,4,,,,,,,
20260417,桐生,2,一般,晴,東,4,3,4,3,4914,吉 田 裕 平,35,56,6.63,3,0.07,1.52.1,5-1-2,10650,36,5-1,3720,11,1-2-5,770,3,1-5,880,4,,,,,,,
20260417,桐生,2,一般,晴,東,4,3,5,6,4537,渡 邉 和 将,11,12,6.61,6,0.17,1.53.0,5-1-2,10650,36,5-1,3720,11,1-2-5,770,3,1-5,880,4,,,,,,,
20260417,桐生,2,一般,晴,東,4,3,6,4,4486,野 村 誠,54,18,6.74,4,0.10,1.56.5,5-1-2,10650,36,5-1,3720,11,1-2-5,770,3,1-5,880,4,,,,,,,
20260417,桐生,3,一般,晴,東,3,2,1,1,3532,柴 田 光,31,44,6.80,1,0.07,1.48.0,1-4-2,5220,20,1-4,1600,7,1-2-4,710,3,1-4,720,3,,,,,,,
20260417,桐生,3,一般,晴,東,3,2,2,4,4044,湯 川 浩 司,13,74,6.69,4,0.11,1.49.5,1-4-2,5220,20,1-4,1600,7,1-2-4,710,3,1-4,720,3,,,,,,,
20260417,桐生,3,一般,晴,東,3,2,3,2,4645,上 村 純 一,72,31,6.62,2,0.06,1.50.3,1-4-2,5220,20,1-4,1600,7,1-2-4,710,3,1-4,720,3,,,,,,,
20260417,桐生,3,一般,晴,東,3,2,4,5,4719,上 條 暢 嵩,34,11,6.72,5,0.10,1.50.4,1-4-2,5220,20,1-4,1600,7,1-2-4,710,3,1-4,720,3,,,,,,,
20260417,桐生,3,一般,晴,東,3,2,5,3,4980,佐々木 完 太,49,37,6.64,3,0.05,1.52.3,1-4-2,5220,20,1-4,1600,7,1-2-4,710,3,1-4,720,3,,,,,,,
20260417,桐生,3,一般,晴,東,3,2,6,6,4075,中 野 次 郎,60,40,6.75,6,0.14,1.54.1,1-4-2,5220,20,1-4,1600,7,1-2-4,710,3,1-4,720,3,,,,,,,
20260417,桐生,4,一般,晴,東,3,2,1,4,5121,定 松 勇 樹,33,42,6.74,5,0.05,1.47.9,4-5-2,26780,71,4-5,4840,16,2-4-5,6020,17,4-5,2780,11,,,,,,,
20260417,桐生,4,一般,晴,東,3,2,2,5,5257,西 丸 侑太朗,46,67,6.62,6,0.09,1.49.1,4-5-2,26780,71,4-5,4840,16,2-4-5,6020,17,4-5,2780,11,,,,,,,
20260417,桐生,4,一般,晴,東,3,2,3,2,4337,平 本 真 之,48,39,6.74,2,0.15,1.50.3,4-5-2,26780,71,4-5,4840,16,2-4-5,6020,17,4-5,2780,11,,,,,,,
20260417,桐生,4,一般,晴,東,3,2,4,1,4256,渡 辺 浩 司,44,46,6.58,1,0.10,1.51.6,4-5-2,26780,71,4-5,4840,16,2-4-5,6020,17,4-5,2780,11,,,,,,,
20260417,桐生,4,一般,晴,東,3,2,5,3,4188,久 田 敏 之,57,51,6.71,4,0.06,1.52.5,4-5-2,26780,71,4-5,4840,16,2-4-5,6020,17,4-5,2780,11,,,,,,,
20260417,桐生,4,一般,晴,東,3,2,6,6,3779,原 田 幸 哉,12,14,6.64,3,0.11,1.54.2,4-5-2,26780,71,4-5,4840,16,2-4-5,6020,17,4-5,2780,11,,,,,,,
20260417,桐生,5,一般,曇り,東,2,1,1,3,4342,谷 野 錬 志,56,60,6.75,3,0.11,1.48.1,3-1-5,13150,43,3-1,2290,8,1-3-5,2520,9,1-3,470,2,,,,,,,
20260417,桐生,5,一般,曇り,東,2,1,2,1,3557,太 田 和 美,36,43,6.65,1,0.19,1.49.2,3-1-5,13150,43,3-1,2290,8,1-3-5,2520,9,1-3,470,2,,,,,,,
20260417,桐生,5,一般,曇り,東,2,1,3,5,4772,石 丸 海 渡,51,27,6.82,5,0.14,1.50.7,3-1-5,13150,43,3-1,2290,8,1-3-5,2520,9,1-3,470,2,,,,,,,
20260417,桐生,5,一般,曇り,東,2,1,4,2,4754,松 尾 充,38,34,6.74,2,0.18,1.51.6,3-1-5,13150,43,3-1,2290,8,1-3-5,2520,9,1-3,470,2,,,,,,,
20260417,桐生,5,一般,曇り,東,2,1,5,4,3941,池 田 浩 二,65,52,6.69,4,0.11,1.52.8,3-1-5,13150,43,3-1,2290,8,1-3-5,2520,9,1-3,470,2,,,,,,,
20260417,桐生,5,一般,曇り,東,2,1,6,6,4604,岩 瀬 裕 亮,20,15,6.71,6,0.16,1.53.7,3-1-5,13150,43,3-1,2290,8,1-3-5,2520,9,1-3,470,2,,,,,,,
20260417,桐生,6,一般,曇り,東,2,1,1,5,4914,吉 田 裕 平,35,56,6.70,5,0.12,1.47.9,5-1-6,7660,29,5-1,2310,8,1-5-6,2070,9,1-5,640,4,,,,,,,
20260417,桐生,6,一般,曇り,東,2,1,2,1,4030,森 高 一 真,69,29,6.73,1,0.16,1.50.1,5-1-6,7660,29,5-1,2310,8,1-5-6,2070,9,1-5,640,4,,,,,,,
20260417,桐生,6,一般,曇り,東,2,1,3,6,3415,松 井 繁,41,26,6.65,6,0.14,1.50.8,5-1-6,7660,29,5-1,2310,8,1-5-6,2070,9,1-5,640,4,,,,,,,
20260417,桐生,6,一般,曇り,東,2,1,4,2,4168,石 野 貴 之,47,41,6.78,2,0.11,1.52.6,5-1-6,7660,29,5-1,2310,8,1-5-6,2070,9,1-5,640,4,,,,,,,
20260417,桐生,6,一般,曇り,東,2,1,5,4,4166,吉 田 拡 郎,28,61,6.75,4,0.09,1.52.7,5-1-6,7660,29,5-1,2310,8,1-5-6,2070,9,1-5,640,4,,,,,,,
20260417,桐生,6,一般,曇り,東,2,1,6,3,3716,石 渡 鉄 兵,70,47,6.66,3,0.13,1.53.5,5-1-6,7660,29,5-1,2310,8,1-5-6,2070,9,1-5,640,4,,,,,,,
20260417,桐生,7,一般,曇り,東,2,1,1,3,4851,関 浩 哉,43,28,6.58,3,0.08,1.47.7,3-2-1,12260,34,3-2,5260,16,1-2-3,490,3,2-3,3040,9,,,,,,,
20260417,桐生,7,一般,曇り,東,2,1,2,2,4261,岡 祐 臣,50,49,6.78,2,0.09,1.49.3,3-2-1,12260,34,3-2,5260,16,1-2-3,490,3,2-3,3040,9,,,,,,,
20260417,桐生,7,一般,曇り,東,2,1,3,1,4537,渡 邉 和 将,11,12,6.72,1,0.09,1.50.7,3-2-1,12260,34,3-2,5260,16,1-2-3,490,3,2-3,3040,9,,,,,,,
20260417,桐生,7,一般,曇り,東,2,1,4,6,4262,馬 場 貴 也,74,22,6.58,6,0.11,1.51.1,3-2-1,12260,34,3-2,5260,16,1-2-3,490,3,2-3,3040,9,,,,,,,
20260417,桐生,7,一般,曇り,東,2,1,5,5,4075,中 野 次 郎,60,40,6.56,5,0.09,1.52.9,3-2-1,12260,34,3-2,5260,16,1-2-3,490,3,2-3,3040,9,,,,,,,
20260417,桐生,7,一般,曇り,東,2,1,6,4,3973,崎 利 仁,58,32,6.75,4,0.12,1.55.0,3-2-1,12260,34,3-2,5260,16,1-2-3,490,3,2-3,3040,9,,,,,,,
20260417,桐生,8,一般,曇り,東,3,2,1,1,3779,原 田 幸 哉,12,14,6.60,1,0.12,1.48.2,1-3-6,1650,7,1-3,310,1,1-3-6,1240,7,1-3,280,1,,,,,,,
20260417,桐生,8,一般,曇り,東,3,2,2,3,4539,金 子 賢 志,62,45,6.64,3,0.17,1.49.9,1-3-6,1650,7,1-3,310,1,1-3-6,1240,7,1-3,280,1,,,,,,,
20260417,桐生,8,一般,曇り,東,3,2,3,6,4980,佐々木 完 太,49,37,6.68,6,0.13,1.51.4,1-3-6,1650,7,1-3,310,1,1-3-6,1240,7,1-3,280,1,,,,,,,
20260417,桐生,8,一般,曇り,東,3,2,4,2,3740,大 澤 普 司,73,64,6.80,2,0.17,1.52.7,1-3-6,1650,7,1-3,310,1,1-3-6,1240,7,1-3,280,1,,,,,,,
20260417,桐生,8,一般,曇り,東,3,2,5,4,4759,今 泉 友 吾,67,73,6.70,4,0.17,1.53.4,1-3-6,1650,7,1-3,310,1,1-3-6,1240,7,1-3,280,1,,,,,,,
20260417,桐生,8,一般,曇り,東,3,2,6,5,4547,中 田 竜 太,21,50,6.74,5,0.16,1.58.0,1-3-6,1650,7,1-3,310,1,1-3-6,1240,7,1-3,280,1,,,,,,,
20260417,桐生,9,一般,曇り,東,5,4,1,1,4305,金 子 拓 矢,16,57,6.55,1,0.16,1.48.8,1-5-3,1750,6,1-5,640,3,1-3-5,480,3,1-5,600,3,,,,,,,
20260417,桐生,9,一般,曇り,東,5,4,2,5,4760,山 崎 郡,17,38,6.50,5,0.17,1.49.7,1-5-3,1750,6,1-5,640,3,1-3-5,480,3,1-5,600,3,,,,,,,
20260417,桐生,9,一般,曇り,東,5,4,3,3,5112,砂 長 知 輝,71,35,6.68,3,0.20,1.50.7,1-5-3,1750,6,1-5,640,3,1-3-5,480,3,1-5,600,3,,,,,,,
20260417,桐生,9,一般,曇り,東,5,4,4,2,4297,山 田 哲 也,64,13,6.57,2,0.16,1.51.6,1-5-3,1750,6,1-5,640,3,1-3-5,480,3,1-5,600,3,,,,,,,
20260417,桐生,9,一般,曇り,東,5,4,5,6,4294,古 賀 繁 輝,37,54,6.64,6,0.22,1.53.5,1-5-3,1750,6,1-5,640,3,1-3-5,480,3,1-5,600,3,,,,,,,
20260417,桐生,9,一般,曇り,東,5,4,6,4,4645,上 村 純 一,72,31,6.66,4,0.15,1.55.1,1-5-3,1750,6,1-5,640,3,1-3-5,480,3,1-5,600,3,,,,,,,
20260417,桐生,10,特別選抜戦,曇り,東,3,2,1,1,4604,岩 瀬 裕 亮,20,15,6.59,1,0.06,1.47.4,1-4-6,7410,25,1-4,1100,4,1-4-6,4020,14,1-4,770,3,,,,,,,
20260417,桐生,10,特別選抜戦,曇り,東,3,2,2,4,4337,平 本 真 之,48,39,6.79,4,0.07,1.49.3,1-4-6,7410,25,1-4,1100,4,1-4-6,4020,14,1-4,770,3,,,,,,,
20260417,桐生,10,特別選抜戦,曇り,東,3,2,3,6,4256,渡 辺 浩 司,44,46,6.70,6,0.08,1.50.2,1-4-6,7410,25,1-4,1100,4,1-4-6,4020,14,1-4,770,3,,,,,,,
20260417,桐生,10,特別選抜戦,曇り,東,3,2,4,2,4719,上 條 暢 嵩,34,11,6.56,2,0.10,1.51.2,1-4-6,7410,25,1-4,1100,4,1-4-6,4020,14,1-4,770,3,,,,,,,
20260417,桐生,10,特別選抜戦,曇り,東,3,2,5,5,4168,石 野 貴 之,47,41,6.67,5,0.09,1.54.4,1-4-6,7410,25,1-4,1100,4,1-4-6,4020,14,1-4,770,3,,,,,,,
20260417,桐生,10,特別選抜戦,曇り,東,3,2,6,3,3941,池 田 浩 二,65,52,6.77,3,0.06,2.00.9,1-4-6,7410,25,1-4,1100,4,1-4-6,4020,14,1-4,770,3,,,,,,,
20260417,桐生,11,特別選抜戦,曇り,東,2,1,1,4,4364,池 永 太,14,24,6.68,4,0.16,1.48.3,4-5-2,12520,30,4-5,4590,10,2-4-5,5020,13,4-5,2820,8,,,,,,,
20260417,桐生,11,特別選抜戦,曇り,東,2,1,2,5,4030,森 高 一 真,69,29,6.69,5,0.22,1.49.2,4-5-2,12520,30,4-5,4590,10,2-4-5,5020,13,4-5,2820,8,,,,,,,
20260417,桐生,11,特別選抜戦,曇り,東,2,1,3,2,4166,吉 田 拡 郎,28,61,6.52,2,0.18,1.51.5,4-5-2,12520,30,4-5,4590,10,2-4-5,5020,13,4-5,2820,8,,,,,,,
20260417,桐生,11,特別選抜戦,曇り,東,2,1,4,1,4262,馬 場 貴 也,74,22,6.50,1,0.26,1.52.8,4-5-2,12520,30,4-5,4590,10,2-4-5,5020,13,4-5,2820,8,,,,,,,
20260417,桐生,11,特別選抜戦,曇り,東,2,1,5,6,3557,太 田 和 美,36,43,6.65,6,0.24,1.54.5,4-5-2,12520,30,4-5,4590,10,2-4-5,5020,13,4-5,2820,8,,,,,,,
20260417,桐生,11,特別選抜戦,曇り,東,2,1,6,3,4044,湯 川 浩 司,13,74,6.53,3,0.32,1.55.8,4-5-2,12520,30,4-5,4590,10,2-4-5,5020,13,4-5,2820,8,,,,,,,
20260417,桐生,12,優勝戦,曇り,東,2,1,1,1,3897,白 井 英 治,59,17,6.57,1,0.05,1.47.0,1-4-2,1310,4,1-4,430,2,1-2-4,510,1,1-4,430,3,,,,,,,
20260417,桐生,12,優勝戦,曇り,東,2,1,2,4,4362,土 屋 智 則,27,33,6.56,4,0.06,1.48.4,1-4-2,1310,4,1-4,430,2,1-2-4,510,1,1-4,430,3,,,,,,,
20260417,桐生,12,優勝戦,曇り,東,2,1,3,2,5217,藤 原 碧 生,45,36,6.64,2,0.07,1.50.2,1-4-2,1310,4,1-4,430,2,1-2-4,510,1,1-4,430,3,,,,,,,
20260417,桐生,12,優勝戦,曇り,東,2,1,4,5,4959,井 上 忠 政,30,20,6.50,5,0.12,1.51.8,1-4-2,1310,4,1-4,430,2,1-2-4,510,1,1-4,430,3,,,,,,,
20260417,桐生,12,優勝戦,曇り,東,2,1,5,3,4713,白 神 優,75,48,6.63,3,0.07,1.52.7,1-4-2,1310,4,1-4,430,2,1-2-4,510,1,1-4,430,3,,,,,,,
20260417,桐生,12,優勝戦,曇り,東,2,1,6,6,4573,佐 藤 翼,40,59,6.64,6,0.11,1.56.4,1-4-2,1310,4,1-4,430,2,1-2-4,510,1,1-4,430,3,,,,,,,
20260417,江戸川,1,一般,晴,北東,3,5,1,3,4146,柳 橋 宏 紀,14,41,6.66,3,0.14,1.51.6,3-4-1,3710,13,3-4,2000,7,1-3-4,270,1,3-4,1580,6,,,,,,,
20260417,江戸川,1,一般,晴,北東,3,5,2,4,4917,岩 橋 裕 馬,27,43,6.62,4,0.10,1.53.6,3-4-1,3710,13,3-4,2000,7,1-3-4,270,1,3-4,1580,6,,,,,,,
20260417,江戸川,1,一般,晴,北東,3,5,3,1,4976,金 山 立 樹,24,39,6.52,1,0.23,1.54.7,3-4-1,3710,13,3-4,2000,7,1-3-4,270,1,3-4,1580,6,,,,,,,
20260417,江戸川,1,一般,晴,北東,3,5,4,2,4034,西 原 明 生,68,69,6.68,2,0.16,1.56.3,3-4-1,3710,13,3-4,2000,7,1-3-4,270,1,3-4,1580,6,,,,,,,
20260417,江戸川,1,一般,晴,北東,3,5,5,5,3808,秋 田 健太郎,15,37,6.71,5,0.12,,3-4-1,3710,13,3-4,2000,7,1-3-4,270,1,3-4,1580,6,,,,,,,
20260417,江戸川,1,一般,晴,北東,3,5,6,6,5424,熊 倉 幹 太,10,36,6.67,6,0.12,,3-4-1,3710,13,3-4,2000,7,1-3-4,270,1,3-4,1580,6,,,,,,,
20260417,江戸川,2,一般,晴,北東,3,5,1,1,3643,米 田 隆 弘,31,56,6.57,1,0.17,1.57.6,1-4-2,10170,36,1-4,3680,16,1-2-4,1160,6,1-4,2680,6,,,,,,,
20260417,江戸川,2,一般,晴,北東,3,5,2,4,4728,山 口 亮,25,33,6.70,4,0.24,2.00.2,1-4-2,10170,36,1-4,3680,16,1-2-4,1160,6,1-4,2680,6,,,,,,,
20260417,江戸川,2,一般,晴,北東,3,5,3,2,4610,佐 藤 大 佑,30,29,6.68,2,0.19,2.03.9,1-4-2,10170,36,1-4,3680,16,1-2-4,1160,6,1-4,2680,6,,,,,,,
20260417,江戸川,2,一般,晴,北東,3,5,4,6,3541,三 嶌 誠 司,22,45,6.58,6,0.22,2.06.7,1-4-2,10170,36,1-4,3680,16,1-2-4,1160,6,1-4,2680,6,,,,,,,
20260417,江戸川,3,一般,晴,北東,3,5,1,1,4653,小 野 達 哉,52,34,6.66,1,0.15,1.50.8,1-2-4,2030,6,1-2,200,1,1-2-4,1130,4,1-2,120,1,,,,,,,
20260417,江戸川,3,一般,晴,北東,3,5,2,2,5255,藤 原 仙 二,56,20,6.60,2,0.25,1.51.7,1-2-4,2030,6,1-2,200,1,1-2-4,1130,4,1-2,120,1,,,,,,,
20260417,江戸川,3,一般,晴,北東,3,5,3,4,5364,金 子 怜 央,21,17,6.78,4,0.17,1.54.2,1-2-4,2030,6,1-2,200,1,1-2-4,1130,4,1-2,120,1,,,,,,,
20260417,江戸川,3,一般,晴,北東,3,5,4,6,3569,増 田 進,36,15,6.72,6,0.24,1.55.7,1-2-4,2030,6,1-2,200,1,1-2-4,1130,4,1-2,120,1,,,,,,,
20260417,江戸川,3,一般,晴,北東,3,5,5,3,5262,鈴 木 章 司,17,55,6.68,3,0.23,,1-2-4,2030,6,1-2,200,1,1-2-4,1130,4,1-2,120,1,,,,,,,
20260417,江戸川,3,一般,晴,北東,3,5,6,5,5177,松 井 貫 太,70,59,6.76,5,0.17,,1-2-4,2030,6,1-2,200,1,1-2-4,1130,4,1-2,120,1,,,,,,,
20260417,江戸川,4,一般,晴,北東,3,5,1,1,5133,堀 越 雄 貴,66,49,6.65,1,0.17,1.51.2,1-5-6,2140,4,1-5,1170,5,1-5-6,470,2,1-5,670,4,,,,,,,
20260417,江戸川,4,一般,晴,北東,3,5,2,5,4089,妹 尾 忠 幸,38,51,6.98,5,0.19,1.52.5,1-5-6,2140,4,1-5,1170,5,1-5-6,470,2,1-5,670,4,,,,,,,
20260417,江戸川,4,一般,晴,北東,3,5,3,6,4685,島 村 隆 幸,48,64,6.82,6,0.17,1.53.4,1-5-6,2140,4,1-5,1170,5,1-5-6,470,2,1-5,670,4,,,,,,,
20260417,江戸川,4,一般,晴,北東,3,5,4,3,4973,栗 原 直 也,18,21,6.75,3,0.11,1.53.9,1-5-6,2140,4,1-5,1170,5,1-5-6,470,2,1-5,670,4,,,,,,,
20260417,江戸川,4,一般,晴,北東,3,5,5,2,3839,川 合 理 司,62,53,6.80,2,0.15,,1-5-6,2140,4,1-5,1170,5,1-5-6,470,2,1-5,670,4,,,,,,,
20260417,江戸川,4,一般,晴,北東,3,5,6,4,5384,八 戸 琉 楓,29,38,6.83,4,0.31,,1-5-6,2140,4,1-5,1170,5,1-5-6,470,2,1-5,670,4,,,,,,,
20260417,江戸川,5,一般,晴,東,2,5,1,1,4957,竹之内 極,12,48,6.78,1,0.05,1.52.1,1-5-4,1270,4,1-5,670,2,1-4-5,240,1,1-5,300,2,,,,,,,
20260417,江戸川,5,一般,晴,東,2,5,2,5,4295,小 坂 尚 哉,34,57,6.90,5,0.09,1.52.7,1-5-4,1270,4,1-5,670,2,1-4-5,240,1,1-5,300,2,,,,,,,
20260417,江戸川,5,一般,晴,東,2,5,3,4,4193,郷 原 章 平,63,24,6.83,4,0.07,1.55.1,1-5-4,1270,4,1-5,670,2,1-4-5,240,1,1-5,300,2,,,,,,,
20260417,江戸川,5,一般,晴,東,2,5,4,3,3808,秋 田 健太郎,15,37,6.91,3,0.08,1.56.7,1-5-4,1270,4,1-5,670,2,1-4-5,240,1,1-5,300,2,,,,,,,
20260417,江戸川,5,一般,晴,東,2,5,5,6,4705,吉 川 勇 作,55,25,6.88,6,0.12,,1-5-4,1270,4,1-5,670,2,1-4-5,240,1,1-5,300,2,,,,,,,
20260417,江戸川,5,一般,晴,東,2,5,6,2,4752,西 尾 亮 輔,50,35,6.78,2,0.04,,1-5-4,1270,4,1-5,670,2,1-4-5,240,1,1-5,300,2,,,,,,,
20260417,江戸川,6,一般,晴,北東,3,5,1,1,5073,上 原 健次郎,59,62,6.86,1,0.11,1.53.0,1-6-5,3330,12,1-6,750,3,1-5-6,1110,5,1-6,1130,3,,,,,,,
20260417,江戸川,6,一般,晴,北東,3,5,2,6,3679,飯 島 昌 弘,61,71,6.99,6,0.12,1.55.5,1-6-5,3330,12,1-6,750,3,1-5-6,1110,5,1-6,1130,3,,,,,,,
20260417,江戸川,6,一般,晴,北東,3,5,3,5,4146,柳 橋 宏 紀,14,41,6.85,5,0.07,1.56.3,1-6-5,3330,12,1-6,750,3,1-5-6,1110,5,1-6,1130,3,,,,,,,
20260417,江戸川,6,一般,晴,北東,3,5,4,4,3306,武 田 正 紀,16,67,6.91,4,0.05,1.57.6,1-6-5,3330,12,1-6,750,3,1-5-6,1110,5,1-6,1130,3,,,,,,,
20260417,江戸川,6,一般,晴,北東,3,5,5,2,5279,石 渡 翔一郎,41,68,6.90,2,0.09,,1-6-5,3330,12,1-6,750,3,1-5-6,1110,5,1-6,1130,3,,,,,,,
20260417,江戸川,6,一般,晴,北東,3,5,6,3,3852,澤 大 介,69,58,6.90,3,0.11,,1-6-5,3330,12,1-6,750,3,1-5-6,1110,5,1-6,1130,3,,,,,,,
20260417,江戸川,7,一般,晴,北東,3,5,1,1,4432,黄金井 力 良,60,65,7.02,1,0.22,1.53.4,1-3-5,2300,9,1-3,450,1,1-3-5,1120,5,1-3,200,1,,,,,,,
20260417,江戸川,7,一般,晴,北東,3,5,2,3,4398,船 岡 洋一郎,13,60,6.98,3,0.20,1.54.5,1-3-5,2300,9,1-3,450,1,1-3-5,1120,5,1-3,200,1,,,,,,,
20260417,江戸川,7,一般,晴,北東,3,5,3,5,5128,坪 井 爽 佑,47,46,6.95,5,0.23,1.56.3,1-3-5,2300,9,1-3,450,1,1-3-5,1120,5,1-3,200,1,,,,,,,
20260417,江戸川,7,一般,晴,北東,3,5,4,2,5262,鈴 木 章 司,17,55,7.03,2,0.21,1.57.8,1-3-5,2300,9,1-3,450,1,1-3-5,1120,5,1-3,200,1,,,,,,,
20260417,江戸川,7,一般,晴,北東,3,5,5,4,5029,中 亮 太,71,12,7.12,4,0.17,,1-3-5,2300,9,1-3,450,1,1-3-5,1120,5,1-3,200,1,,,,,,,
20260417,江戸川,7,一般,晴,北東,3,5,6,6,5424,熊 倉 幹 太,10,36,6.95,6,0.29,,1-3-5,2300,9,1-3,450,1,1-3-5,1120,5,1-3,200,1,,,,,,,
20260417,江戸川,8,一般,晴,北東,4,5,1,3,4976,金 山 立 樹,24,39,7.14,3,0.22,1.53.6,3-2-1,4830,18,3-2,1490,6,1-2-3,310,1,2-3,890,3,,,,,,,
20260417,江戸川,8,一般,晴,北東,4,5,2,2,4561,藤 山 翔 大,58,19,6.84,2,0.24,1.54.3,3-2-1,4830,18,3-2,1490,6,1-2-3,310,1,2-3,890,3,,,,,,,
20260417,江戸川,8,一般,晴,北東,4,5,3,1,5275,松 田 淳 平,54,70,6.95,1,0.18,1.55.7,3-2-1,4830,18,3-2,1490,6,1-2-3,310,1,2-3,890,3,,,,,,,
20260417,江戸川,8,一般,晴,北東,4,5,4,5,4728,山 口 亮,25,33,7.06,5,0.22,1.57.7,3-2-1,4830,18,3-2,1490,6,1-2-3,310,1,2-3,890,3,,,,,,,
20260417,江戸川,8,一般,晴,北東,4,5,5,4,5177,松 井 貫 太,70,59,7.09,4,0.25,,3-2-1,4830,18,3-2,1490,6,1-2-3,310,1,2-3,890,3,,,,,,,
20260417,江戸川,8,一般,晴,北東,4,5,6,6,4637,中 田 友 也,45,26,6.95,6,0.29,,3-2-1,4830,18,3-2,1490,6,1-2-3,310,1,2-3,890,3,,,,,,,
20260417,江戸川,9,一般特賞,晴,北東,3,5,1,1,3843,上 之 晃 弘,67,23,6.85,1,0.09,1.53.2,1-3-2,960,3,1-3,350,2,1-2-3,290,1,1-3,280,2,,,,,,,
20260417,江戸川,9,一般特賞,晴,北東,3,5,2,3,4957,竹之内 極,12,48,7.00,3,0.21,1.56.5,1-3-2,960,3,1-3,350,2,1-2-3,290,1,1-3,280,2,,,,,,,
20260417,江戸川,9,一般特賞,晴,北東,3,5,3,2,3805,高 橋 英 之,40,22,6.96,2,0.12,1.57.3,1-3-2,960,3,1-3,350,2,1-2-3,290,1,1-3,280,2,,,,,,,
20260417,江戸川,9,一般特賞,晴,北東,3,5,4,4,4973,栗 原 直 也,18,21,6.99,4,0.20,1.57.3,1-3-2,960,3,1-3,350,2,1-2-3,290,1,1-3,280,2,,,,,,,
20260417,江戸川,9,一般特賞,晴,北東,3,5,5,5,5364,金 子 怜 央,21,17,7.05,5,0.21,,1-3-2,960,3,1-3,350,2,1-2-3,290,1,1-3,280,2,,,,,,,
20260417,江戸川,9,一般特賞,晴,北東,3,5,6,6,4917,岩 橋 裕 馬,27,43,6.88,6,0.22,,1-3-2,960,3,1-3,350,2,1-2-3,290,1,1-3,280,2,,,,,,,
20260417,江戸川,10,一般特賞,晴,北東,3,5,1,1,4966,田 川 大 貴,51,54,6.99,1,0.31,1.53.6,1-3-5,770,1,1-3,420,2,1-3-5,260,1,1-3,240,1,,,,,,,
20260417,江戸川,10,一般特賞,晴,北東,3,5,2,3,5167,小 川 竜太朗,46,18,6.97,3,0.24,1.55.2,1-3-5,770,1,1-3,420,2,1-3-5,260,1,1-3,240,1,,,,,,,
20260417,江戸川,10,一般特賞,晴,北東,3,5,3,5,3541,三 嶌 誠 司,22,45,6.91,5,0.25,1.56.6,1-3-5,770,1,1-3,420,2,1-3-5,260,1,1-3,240,1,,,,,,,
20260417,江戸川,10,一般特賞,晴,北東,3,5,4,6,3306,武 田 正 紀,16,67,6.87,6,0.29,1.58.0,1-3-5,770,1,1-3,420,2,1-3-5,260,1,1-3,240,1,,,,,,,
20260417,江戸川,10,一般特賞,晴,北東,3,5,5,2,4167,片 岡 秀 樹,49,32,7.05,2,0.25,,1-3-5,770,1,1-3,420,2,1-3-5,260,1,1-3,240,1,,,,,,,
20260417,江戸川,10,一般特賞,晴,北東,3,5,6,4,5341,山 道 諄 也,37,50,6.99,4,0.26,,1-3-5,770,1,1-3,420,2,1-3-5,260,1,1-3,240,1,,,,,,,
20260417,江戸川,11,準優勝戦,晴,北東,3,5,1,3,4193,郷 原 章 平,63,24,6.95,3,0.12,1.53.1,3-4-1,4770,18,3-4,2270,7,1-3-4,440,2,3-4,1560,7,,,,,,,
20260417,江戸川,11,準優勝戦,晴,北東,3,5,2,4,4398,船 岡 洋一郎,13,60,6.99,4,0.17,1.54.5,3-4-1,4770,18,3-4,2270,7,1-3-4,440,2,3-4,1560,7,,,,,,,
20260417,江戸川,11,準優勝戦,晴,北東,3,5,3,1,3679,飯 島 昌 弘,61,71,7.05,1,0.23,1.56.0,3-4-1,4770,18,3-4,2270,7,1-3-4,440,2,3-4,1560,7,,,,,,,
20260417,江戸川,11,準優勝戦,晴,北東,3,5,4,5,4610,佐 藤 大 佑,30,29,6.99,5,0.18,1.56.3,3-4-1,4770,18,3-4,2270,7,1-3-4,440,2,3-4,1560,7,,,,,,,
20260417,江戸川,11,準優勝戦,晴,北東,3,5,5,2,4089,妹 尾 忠 幸,38,51,7.17,2,0.19,,3-4-1,4770,18,3-4,2270,7,1-3-4,440,2,3-4,1560,7,,,,,,,
20260417,江戸川,11,準優勝戦,晴,北東,3,5,6,6,4653,小 野 達 哉,52,34,7.03,6,0.22,,3-4-1,4770,18,3-4,2270,7,1-3-4,440,2,3-4,1560,7,,,,,,,
20260417,江戸川,12,準優勝戦,晴,東,2,5,1,1,4685,島 村 隆 幸,48,64,6.88,1,0.07,1.52.0,1-3-5,1130,4,1-3,400,2,1-3-5,580,3,1-3,350,2,,,,,,,
20260417,江戸川,12,準優勝戦,晴,東,2,5,2,3,5029,中 亮 太,71,12,6.81,3,0.04,1.53.6,1-3-5,1130,4,1-3,400,2,1-3-5,580,3,1-3,350,2,,,,,,,
20260417,江戸川,12,準優勝戦,晴,東,2,5,3,5,5255,藤 原 仙 二,56,20,6.84,5,0.18,1.54.8,1-3-5,1130,4,1-3,400,2,1-3-5,580,3,1-3,350,2,,,,,,,
20260417,江戸川,12,準優勝戦,晴,東,2,5,4,2,4295,小 坂 尚 哉,34,57,6.81,2,0.09,1.55.5,1-3-5,1130,4,1-3,400,2,1-3-5,580,3,1-3,350,2,,,,,,,
20260417,江戸川,12,準優勝戦,晴,東,2,5,5,4,4872,山 下 流 心,57,47,6.91,4,0.16,,1-3-5,1130,4,1-3,400,2,1-3-5,580,3,1-3,350,2,,,,,,,
20260417,江戸川,12,準優勝戦,晴,東,2,5,6,6,5073,上 原 健次郎,59,62,7.01,6,0.24,,1-3-5,1130,4,1-3,400,2,1-3-5,580,3,1-3,350,2,,,,,,,
20260417,津,1,ツッピーレー,曇り,南東,4,2,1,1,4900,中 田 夕 貴,57,52,6.93,1,0.18,1.50.8,1-3-5,920,3,1-3,270,1,1-3-5,560,2,1-3,220,1,,,,,,,
20260417,津,1,ツッピーレー,曇り,南東,4,2,2,3,4300,加 藤 綾,46,61,6.95,3,0.22,1.52.5,1-3-5,920,3,1-3,270,1,1-3-5,560,2,1-3,220,1,,,,,,,
20260417,津,1,ツッピーレー,曇り,南東,4,2,3,5,3528,笠 野 友紀恵,22,69,6.85,5,0.20,1.52.8,1-3-5,920,3,1-3,270,1,1-3-5,560,2,1-3,220,1,,,,,,,
20260417,津,1,ツッピーレー,曇り,南東,4,2,4,6,3704,本 部 めぐみ,24,35,6.89,6,0.27,1.55.5,1-3-5,920,3,1-3,270,1,1-3-5,560,2,1-3,220,1,,,,,,,
20260417,津,1,ツッピーレー,曇り,南東,4,2,5,4,5370,日 隈 茜,18,44,6.86,4,0.24,,1-3-5,920,3,1-3,270,1,1-3-5,560,2,1-3,220,1,,,,,,,
20260417,津,1,ツッピーレー,曇り,南東,4,2,6,2,5272,松 田 真 実,72,53,6.83,2,0.26,,1-3-5,920,3,1-3,270,1,1-3-5,560,2,1-3,220,1,,,,,,,
20260417,津,2,予選,曇り,南東,4,2,1,3,5361,植 竹 玲 奈,14,54,6.99,3,0.13,1.51.6,3-4-1,103640,105,3-4,23170,29,1-3-4,6450,14,3-4,8490,14,,,,,,,
20260417,津,2,予選,曇り,南東,4,2,2,4,5204,宇 恵 有 香,45,27,6.91,4,0.15,1.53.4,3-4-1,103640,105,3-4,23170,29,1-3-4,6450,14,3-4,8490,14,,,,,,,
20260417,津,2,予選,曇り,南東,4,2,3,1,4385,鈴 木 祐美子,19,16,6.87,1,0.11,1.53.5,3-4-1,103640,105,3-4,23170,29,1-3-4,6450,14,3-4,8490,14,,,,,,,
20260417,津,2,予選,曇り,南東,4,2,4,6,3999,大 瀧 明日香,55,46,6.93,6,0.10,1.55.6,3-4-1,103640,105,3-4,23170,29,1-3-4,6450,14,3-4,8490,14,,,,,,,
20260417,津,2,予選,曇り,南東,4,2,5,5,4964,土 屋 南,33,76,6.88,5,0.14,,3-4-1,103640,105,3-4,23170,29,1-3-4,6450,14,3-4,8490,14,,,,,,,
20260417,津,2,予選,曇り,南東,4,2,6,2,4726,島 田 なぎさ,30,30,6.87,2,0.14,,3-4-1,103640,105,3-4,23170,29,1-3-4,6450,14,3-4,8490,14,,,,,,,
20260417,津,3,予選,曇り,南東,5,3,1,1,5078,山 川 波 乙,61,13,6.86,1,0.11,1.50.4,1-4-3,1390,3,1-4,510,1,1-3-4,420,1,1-4,410,2,,,,,,,
20260417,津,3,予選,曇り,南東,5,3,2,4,4825,倉 持 莉 々,50,37,6.86,4,0.12,1.52.8,1-4-3,1390,3,1-4,510,1,1-3-4,420,1,1-4,410,2,,,,,,,
20260417,津,3,予選,曇り,南東,5,3,3,3,3993,永 井 聖 美,65,38,6.90,3,0.12,1.53.9,1-4-3,1390,3,1-4,510,1,1-3-4,420,1,1-4,410,2,,,,,,,
20260417,津,3,予選,曇り,南東,5,3,4,2,5317,長 尾 萌 加,26,66,6.85,2,0.13,1.54.8,1-4-3,1390,3,1-4,510,1,1-3-4,420,1,1-4,410,2,,,,,,,
20260417,津,3,予選,曇り,南東,5,3,5,5,5173,谷 口 佳 蓮,27,55,6.99,5,0.15,,1-4-3,1390,3,1-4,510,1,1-3-4,420,1,1-4,410,2,,,,,,,
20260417,津,3,予選,曇り,南東,5,3,6,6,4819,蜂 須 瑞 生,13,17,6.93,6,0.30,,1-4-3,1390,3,1-4,510,1,1-3-4,420,1,1-4,410,2,,,,,,,
20260417,津,4,予選,曇り,南東,6,5,1,2,4611,今 井 美 亜,36,68,6.89,2,0.23,1.51.4,2-1-4,2500,10,2-1,1620,9,1-2-4,270,1,1-2,700,4,,,,,,,
20260417,津,4,予選,曇り,南東,6,5,2,1,4997,濱 崎 寿里矢,51,74,6.90,1,0.17,1.53.4,2-1-4,2500,10,2-1,1620,9,1-2-4,270,1,1-2,700,4,,,,,,,
20260417,津,4,予選,曇り,南東,6,5,3,4,5088,高 憧 四 季,28,40,6.80,4,0.28,1.53.6,2-1-4,2500,10,2-1,1620,9,1-2-4,270,1,1-2,700,4,,,,,,,
20260417,津,4,予選,曇り,南東,6,5,4,6,5297,南 彩 寧,52,20,6.77,6,0.27,1.56.4,2-1-4,2500,10,2-1,1620,9,1-2-4,270,1,1-2,700,4,,,,,,,
20260417,津,4,予選,曇り,南東,6,5,5,5,5416,龍 田 真 白,12,67,6.93,5,0.20,,2-1-4,2500,10,2-1,1620,9,1-2-4,270,1,1-2,700,4,,,,,,,
20260417,津,4,予選,曇り,南東,6,5,6,3,4011,堀之内 紀代子,17,25,6.92,3,0.28,,2-1-4,2500,10,2-1,1620,9,1-2-4,270,1,1-2,700,4,,,,,,,
20260417,津,5,５ールドレー,晴,南東,6,5,1,3,5155,内 山 七 海,73,33,6.94,3,0.17,1.49.8,3-1-5,3480,9,3-1,530,2,1-3-5,900,4,1-3,170,1,,,,,,,
20260417,津,5,５ールドレー,晴,南東,6,5,2,1,4936,戸 敷 晃 美,31,29,6.93,1,0.18,1.51.2,3-1-5,3480,9,3-1,530,2,1-3-5,900,4,1-3,170,1,,,,,,,
20260417,津,5,５ールドレー,晴,南東,6,5,3,5,5334,樫 葉 新 心,47,71,6.91,5,0.20,1.54.4,3-1-5,3480,9,3-1,530,2,1-3-5,900,4,1-3,170,1,,,,,,,
20260417,津,5,５ールドレー,晴,南東,6,5,4,6,4414,大 澤 真 菜,67,12,6.93,6,0.16,1.56.3,3-1-5,3480,9,3-1,530,2,1-3-5,900,4,1-3,170,1,,,,,,,
20260417,津,5,５ールドレー,晴,南東,6,5,5,2,4784,向井田 真 紀,53,62,6.96,2,0.26,,3-1-5,3480,9,3-1,530,2,1-3-5,900,4,1-3,170,1,,,,,,,
20260417,津,6,予選,晴,南東,5,3,1,1,5272,松 田 真 実,72,53,6.94,1,0.15,1.50.7,1-4-2,2380,5,1-4,960,4,1-2-4,430,1,1-4,500,2,,,,,,,
20260417,津,6,予選,晴,南東,5,3,2,4,5163,清 水 愛 海,43,73,6.97,4,0.30,1.52.5,1-4-2,2380,5,1-4,960,4,1-2-4,430,1,1-4,500,2,,,,,,,
20260417,津,6,予選,晴,南東,5,3,3,2,4746,大豆生田 蒼,35,11,6.93,2,0.17,1.53.2,1-4-2,2380,5,1-4,960,4,1-2-4,430,1,1-4,500,2,,,,,,,
20260417,津,6,予選,晴,南東,5,3,4,6,3900,香 川 素 子,59,45,6.93,6,0.25,1.55.1,1-4-2,2380,5,1-4,960,4,1-2-4,430,1,1-4,500,2,,,,,,,
20260417,津,6,予選,晴,南東,5,3,5,5,5069,山 崎 小葉音,56,34,6.90,5,0.23,,1-4-2,2380,5,1-4,960,4,1-2-4,430,1,1-4,500,2,,,,,,,
20260417,津,6,予選,晴,南東,5,3,6,3,5182,宮 崎 安 奈,16,19,6.96,3,0.14,,1-4-2,2380,5,1-4,960,4,1-2-4,430,1,1-4,500,2,,,,,,,
20260417,津,7,予選,晴,南東,5,3,1,2,5281,井 上 遥 妃,41,49,6.82,2,0.05,1.50.1,2-1-3,620,1,2-1,300,1,1-2-3,300,2,1-2,240,1,,,,,,,
20260417,津,7,予選,晴,南東,5,3,2,1,3528,笠 野 友紀恵,22,69,6.94,1,0.07,1.52.2,2-1-3,620,1,2-1,300,1,1-2-3,300,2,1-2,240,1,,,,,,,
20260417,津,7,予選,晴,南東,5,3,3,3,5317,長 尾 萌 加,26,66,6.90,3,0.10,1.53.7,2-1-3,620,1,2-1,300,1,1-2-3,300,2,1-2,240,1,,,,,,,
20260417,津,7,予選,晴,南東,5,3,4,4,5361,植 竹 玲 奈,14,54,7.00,4,0.26,1.55.4,2-1-3,620,1,2-1,300,1,1-2-3,300,2,1-2,240,1,,,,,,,
20260417,津,7,予選,晴,南東,5,3,5,6,4373,若 狭 奈美子,63,15,6.95,5,0.21,,2-1-3,620,1,2-1,300,1,1-2-3,300,2,1-2,240,1,,,,,,,
20260417,津,7,予選,晴,南東,5,3,6,5,5436,市 川 瑚 幸,39,41,6.98,6,0.28,,2-1-3,620,1,2-1,300,1,1-2-3,300,2,1-2,240,1,,,,,,,
20260417,津,8,予選,晴,南東,6,5,1,1,4689,豊 田 結,60,56,6.87,1,0.17,1.52.3,1-6-2,7060,19,1-6,780,4,1-2-6,2490,6,1-6,550,3,,,,,,,
20260417,津,8,予選,晴,南東,6,5,2,6,4642,松 尾 夏 海,68,24,7.02,6,0.13,1.53.9,1-6-2,7060,19,1-6,780,4,1-2-6,2490,6,1-6,550,3,,,,,,,
20260417,津,8,予選,晴,南東,6,5,3,2,5324,畑 田 希 咲,69,59,6.93,2,0.23,1.54.4,1-6-2,7060,19,1-6,780,4,1-2-6,2490,6,1-6,550,3,,,,,,,
20260417,津,8,予選,晴,南東,6,5,4,4,4611,今 井 美 亜,36,68,6.90,4,0.16,1.55.4,1-6-2,7060,19,1-6,780,4,1-2-6,2490,6,1-6,550,3,,,,,,,
20260417,津,8,予選,晴,南東,6,5,5,3,5204,宇 恵 有 香,45,27,6.89,3,0.21,,1-6-2,7060,19,1-6,780,4,1-2-6,2490,6,1-6,550,3,,,,,,,
20260417,津,8,予選,晴,南東,6,5,6,5,5370,日 隈 茜,18,44,6.90,5,0.14,,1-6-2,7060,19,1-6,780,4,1-2-6,2490,6,1-6,550,3,,,,,,,
20260417,津,9,予選特賞,曇り,南東,6,5,1,1,5155,内 山 七 海,73,33,6.93,1,0.08,1.50.1,1-2-3,570,1,1-2,300,1,1-2-3,270,1,1-2,240,1,,,,,,,
20260417,津,9,予選特賞,曇り,南東,6,5,2,2,3999,大 瀧 明日香,55,46,7.00,2,0.09,1.52.6,1-2-3,570,1,1-2,300,1,1-2-3,270,1,1-2,240,1,,,,,,,
20260417,津,9,予選特賞,曇り,南東,6,5,3,3,5078,山 川 波 乙,61,13,6.91,3,0.08,1.53.4,1-2-3,570,1,1-2,300,1,1-2-3,270,1,1-2,240,1,,,,,,,
20260417,津,9,予選特賞,曇り,南東,6,5,4,4,4900,中 田 夕 貴,57,52,6.92,4,0.12,1.53.4,1-2-3,570,1,1-2,300,1,1-2-3,270,1,1-2,240,1,,,,,,,
20260417,津,9,予選特賞,曇り,南東,6,5,5,5,4011,堀之内 紀代子,17,25,6.92,5,0.15,,1-2-3,570,1,1-2,300,1,1-2-3,270,1,1-2,240,1,,,,,,,
20260417,津,9,予選特賞,曇り,南東,6,5,6,6,5415,阿 部 未 侑,66,64,6.96,6,0.10,,1-2-3,570,1,1-2,300,1,1-2-3,270,1,1-2,240,1,,,,,,,
20260417,津,10,予選特賞,曇り,南東,4,2,1,5,4936,戸 敷 晃 美,31,29,6.89,5,0.12,1.50.2,5-3-4,18100,41,5-3,2270,6,3-4-5,2680,8,3-5,710,2,,,,,,,
20260417,津,10,予選特賞,曇り,南東,4,2,2,3,5163,清 水 愛 海,43,73,6.93,3,0.21,1.52.2,5-3-4,18100,41,5-3,2270,6,3-4-5,2680,8,3-5,710,2,,,,,,,
20260417,津,10,予選特賞,曇り,南東,4,2,3,4,5416,龍 田 真 白,12,67,6.90,4,0.14,1.54.4,5-3-4,18100,41,5-3,2270,6,3-4-5,2680,8,3-5,710,2,,,,,,,
20260417,津,10,予選特賞,曇り,南東,4,2,4,1,3993,永 井 聖 美,65,38,6.92,1,0.28,1.55.3,5-3-4,18100,41,5-3,2270,6,3-4-5,2680,8,3-5,710,2,,,,,,,
20260417,津,10,予選特賞,曇り,南東,4,2,5,6,4726,島 田 なぎさ,30,30,6.91,6,0.13,,5-3-4,18100,41,5-3,2270,6,3-4-5,2680,8,3-5,710,2,,,,,,,
20260417,津,10,予選特賞,曇り,南東,4,2,6,2,3704,本 部 めぐみ,24,35,6.89,2,0.39,,5-3-4,18100,41,5-3,2270,6,3-4-5,2680,8,3-5,710,2,,,,,,,
20260417,津,11,予選特選,曇り,南東,3,2,1,1,4123,細 川 裕 子,48,22,6.91,1,0.14,1.57.1,1-3-2,4490,15,1-3,1510,6,1-2-3,1100,3,1-3,870,4,,,,,,,
20260417,津,11,予選特選,曇り,南東,3,2,2,3,4414,大 澤 真 菜,67,12,6.90,3,0.13,1.59.0,1-3-2,4490,15,1-3,1510,6,1-2-3,1100,3,1-3,870,4,,,,,,,
20260417,津,11,予選特選,曇り,南東,3,2,3,2,3900,香 川 素 子,59,45,6.86,2,0.15,2.03.2,1-3-2,4490,15,1-3,1510,6,1-2-3,1100,3,1-3,870,4,,,,,,,
20260417,津,11,予選特選,曇り,南東,3,2,4,4,5281,井 上 遥 妃,41,49,6.82,4,0.32,2.05.8,1-3-2,4490,15,1-3,1510,6,1-2-3,1100,3,1-3,870,4,,,,,,,
20260417,津,11,予選特選,曇り,南東,3,2,5,6,5173,谷 口 佳 蓮,27,55,6.92,6,0.15,,1-3-2,4490,15,1-3,1510,6,1-2-3,1100,3,1-3,870,4,,,,,,,
20260417,津,12,ツッピー選抜,曇り,南東,2,1,1,1,4825,倉 持 莉 々,50,37,6.86,1,0.17,1.50.1,1-3-5,1040,3,1-3,450,3,1-3-5,420,3,1-3,460,3,,,,,,,
20260417,津,12,ツッピー選抜,曇り,南東,2,1,2,3,4373,若 狭 奈美子,63,15,6.86,3,0.11,1.51.2,1-3-5,1040,3,1-3,450,3,1-3-5,420,3,1-3,460,3,,,,,,,
20260417,津,12,ツッピー選抜,曇り,南東,2,1,3,5,5088,高 憧 四 季,28,40,6.79,5,0.18,1.51.3,1-3-5,1040,3,1-3,450,3,1-3-5,420,3,1-3,460,3,,,,,,,
20260417,津,12,ツッピー選抜,曇り,南東,2,1,4,4,4784,向井田 真 紀,53,62,6.83,4,0.20,1.53.3,1-3-5,1040,3,1-3,450,3,1-3-5,420,3,1-3,460,3,,,,,,,
20260417,津,12,ツッピー選抜,曇り,南東,2,1,5,6,4746,大豆生田 蒼,35,11,6.82,6,0.19,,1-3-5,1040,3,1-3,450,3,1-3-5,420,3,1-3,460,3,,,,,,,
20260417,津,12,ツッピー選抜,曇り,南東,2,1,6,2,4689,豊 田 結,60,56,6.85,2,0.19,,1-3-5,1040,3,1-3,450,3,1-3-5,420,3,1-3,460,3,,,,,,,
20260417,芦屋,1,サンライズＶ,曇り,無風,0,1,1,1,4581,吉 村 誠,20,142,6.78,1,0.02,1.47.7,1-3-2,920,4,1-3,270,2,1-2-3,410,1,1-3,370,2,,,,,,,
20260417,芦屋,1,サンライズＶ,曇り,無風,0,1,2,3,4835,橋 本 明,35,143,6.74,3,0.07,1.48.7,1-3-2,920,4,1-3,270,2,1-2-3,410,1,1-3,370,2,,,,,,,
20260417,芦屋,1,サンライズＶ,曇り,無風,0,1,3,2,3664,鈴 木 賢 一,14,151,6.68,2,0.07,1.49.5,1-3-2,920,4,1-3,270,2,1-2-3,410,1,1-3,370,2,,,,,,,
20260417,芦屋,1,サンライズＶ,曇り,無風,0,1,4,4,4395,下 河 雅 史,44,140,6.74,4,0.17,1.51.0,1-3-2,920,4,1-3,270,2,1-2-3,410,1,1-3,370,2,,,,,,,
20260417,芦屋,1,サンライズＶ,曇り,無風,0,1,5,6,3568,木 村 光 宏,1,120,6.69,6,0.10,,1-3-2,920,4,1-3,270,2,1-2-3,410,1,1-3,370,2,,,,,,,
20260417,芦屋,1,サンライズＶ,曇り,無風,0,1,6,5,3948,大 町 利 克,31,137,6.77,5,0.13,,1-3-2,920,4,1-3,270,2,1-2-3,410,1,1-3,370,2,,,,,,,
20260417,芦屋,2,サンライズＷ,曇り,南,1,1,1,1,3811,石 田 章 央,41,147,6.73,1,0.07,1.47.5,1-4-5,690,2,1-4,370,1,1-4-5,250,2,1-4,170,1,,,,,,,
20260417,芦屋,2,サンライズＷ,曇り,南,1,1,2,4,3612,馬 袋 義 則,7,144,6.76,4,0.06,1.48.5,1-4-5,690,2,1-4,370,1,1-4-5,250,2,1-4,170,1,,,,,,,
20260417,芦屋,2,サンライズＷ,曇り,南,1,1,3,5,4406,幸 野 史 明,17,134,6.67,5,0.11,1.50.6,1-4-5,690,2,1-4,370,1,1-4-5,250,2,1-4,170,1,,,,,,,
20260417,芦屋,2,サンライズＷ,曇り,南,1,1,4,2,3535,渡 修 平,3,124,6.69,2,0.07,1.52.3,1-4-5,690,2,1-4,370,1,1-4-5,250,2,1-4,170,1,,,,,,,
20260417,芦屋,2,サンライズＷ,曇り,南,1,1,5,3,5308,藤 森 拓 海,37,130,6.77,3,0.10,,1-4-5,690,2,1-4,370,1,1-4-5,250,2,1-4,170,1,,,,,,,
20260417,芦屋,2,サンライズＷ,曇り,南,1,1,6,6,5363,山 本 凱 立,23,154,6.72,6,0.31,,1-4-5,690,2,1-4,370,1,1-4-5,250,2,1-4,170,1,,,,,,,
20260417,芦屋,3,サンライズＸ,曇り,南,1,1,1,3,4734,安河内 将,43,115,6.71,3,0.13,1.47.1,3-5-1,1160,4,3-5,680,3,1-3-5,170,1,3-5,920,4,,,,,,,
20260417,芦屋,3,サンライズＸ,曇り,南,1,1,2,5,4218,吉 川 喜 継,8,153,6.75,4,0.14,1.48.3,3-5-1,1160,4,3-5,680,3,1-3-5,170,1,3-5,920,4,,,,,,,
20260417,芦屋,3,サンライズＸ,曇り,南,1,1,3,1,4383,竹 田 吉 行,10,132,6.77,1,0.14,1.50.1,3-5-1,1160,4,3-5,680,3,1-3-5,170,1,3-5,920,4,,,,,,,
20260417,芦屋,3,サンライズＸ,曇り,南,1,1,4,2,5022,伊 藤 尚 汰,21,128,6.71,2,0.16,1.51.3,3-5-1,1160,4,3-5,680,3,1-3-5,170,1,3-5,920,4,,,,,,,
20260417,芦屋,3,サンライズＸ,曇り,南,1,1,5,4,5131,江 藤 敦 宏,16,116,6.72,5,0.16,,3-5-1,1160,4,3-5,680,3,1-3-5,170,1,3-5,920,4,,,,,,,
20260417,芦屋,3,サンライズＸ,曇り,南,1,1,6,6,5431,得 山 大 輝,2,111,6.76,6,0.15,,3-5-1,1160,4,3-5,680,3,1-3-5,170,1,3-5,920,4,,,,,,,
20260417,芦屋,4,サンライズＹ 進入固定,曇り,無風,0,1,1,1,5017,澤 田 尚 也,9,138,6.70,1,0.07,1.47.0,1-2-5,3400,9,1-2,200,1,1-2-5,2240,6,1-2,170,1,,,,,,,
20260417,芦屋,4,サンライズＹ 進入固定,曇り,無風,0,1,2,2,5035,櫻 井 優,29,152,6.74,2,0.10,1.48.8,1-2-5,3400,9,1-2,200,1,1-2-5,2240,6,1-2,170,1,,,,,,,
20260417,芦屋,4,サンライズＹ 進入固定,曇り,無風,0,1,3,5,5284,嘉手苅 徹 哉,46,141,6.75,5,0.13,1.51.5,1-2-5,3400,9,1-2,200,1,1-2-5,2240,6,1-2,170,1,,,,,,,
20260417,芦屋,4,サンライズＹ 進入固定,曇り,無風,0,1,4,4,4633,森 智 也,19,121,6.78,4,0.12,1.51.7,1-2-5,3400,9,1-2,200,1,1-2-5,2240,6,1-2,170,1,,,,,,,
20260417,芦屋,4,サンライズＹ 進入固定,曇り,無風,0,1,5,6,4485,楠 原 正 剛,42,146,6.80,6,0.13,,1-2-5,3400,9,1-2,200,1,1-2-5,2240,6,1-2,170,1,,,,,,,
20260417,芦屋,4,サンライズＹ 進入固定,曇り,無風,0,1,6,3,3964,宮 地 博 士,45,119,6.75,3,0.13,,1-2-5,3400,9,1-2,200,1,1-2-5,2240,6,1-2,170,1,,,,,,,
20260417,芦屋,5,サンライズＺ,曇り,無風,0,1,1,6,4497,桑 原 悠,18,114,6.69,6,0.07,1.47.1,6-1-2,4520,19,6-1,1100,5,1-2-6,1000,6,1-6,400,1,,,,,,,
20260417,芦屋,5,サンライズＺ,曇り,無風,0,1,2,1,4931,木 谷 賢 太,39,113,6.79,1,0.15,1.48.4,6-1-2,4520,19,6-1,1100,5,1-2-6,1000,6,1-6,400,1,,,,,,,
20260417,芦屋,5,サンライズＺ,曇り,無風,0,1,3,2,3948,大 町 利 克,31,137,6.85,2,0.23,1.50.2,6-1-2,4520,19,6-1,1100,5,1-2-6,1000,6,1-6,400,1,,,,,,,
20260417,芦屋,5,サンライズＺ,曇り,無風,0,1,4,3,4666,日 笠 勝 弘,15,112,6.76,3,0.17,1.51.5,6-1-2,4520,19,6-1,1100,5,1-2-6,1000,6,1-6,400,1,,,,,,,
20260417,芦屋,5,サンライズＺ,曇り,無風,0,1,5,4,4672,守 屋 大 地,32,129,6.76,4,0.18,,6-1-2,4520,19,6-1,1100,5,1-2-6,1000,6,1-6,400,1,,,,,,,
20260417,芦屋,5,サンライズＺ,曇り,無風,0,1,6,5,4134,杉 山 貴 博,25,133,6.79,5,0.16,,6-1-2,4520,19,6-1,1100,5,1-2-6,1000,6,1-6,400,1,,,,,,,
20260417,芦屋,6,予選,曇り,東,1,1,1,1,4498,宮 本 夏 樹,12,122,6.69,1,0.17,1.47.8,1-4-3,2030,8,1-4,580,2,1-3-4,710,4,1-4,330,2,,,,,,,
20260417,芦屋,6,予選,曇り,東,1,1,2,4,4036,金 田 諭,36,136,6.76,4,0.08,1.49.5,1-4-3,2030,8,1-4,580,2,1-3-4,710,4,1-4,330,2,,,,,,,
20260417,芦屋,6,予選,曇り,東,1,1,3,3,4626,伊 藤 紘 章,40,155,6.74,3,0.10,1.51.0,1-4-3,2030,8,1-4,580,2,1-3-4,710,4,1-4,330,2,,,,,,,
20260417,芦屋,6,予選,曇り,東,1,1,4,6,3613,角 谷 健 吾,27,148,6.73,6,0.16,1.52.1,1-4-3,2030,8,1-4,580,2,1-3-4,710,4,1-4,330,2,,,,,,,
20260417,芦屋,6,予選,曇り,東,1,1,5,2,4568,廣 瀬 真 也,13,131,6.69,2,0.14,,1-4-3,2030,8,1-4,580,2,1-3-4,710,4,1-4,330,2,,,,,,,
20260417,芦屋,6,予選,曇り,東,1,1,6,5,5363,山 本 凱 立,23,154,6.77,5,0.11,,1-4-3,2030,8,1-4,580,2,1-3-4,710,4,1-4,330,2,,,,,,,
20260417,芦屋,7,予選 進入固定,曇り,東,3,3,1,1,3303,渡 辺 豊,28,139,6.80,1,0.10,1.49.1,1-2-6,12780,40,1-2,1000,4,1-2-6,3380,11,1-2,720,4,,,,,,,
20260417,芦屋,7,予選 進入固定,曇り,東,3,3,2,2,4636,赤 池 修 平,38,125,6.74,2,0.12,1.50.3,1-2-6,12780,40,1-2,1000,4,1-2-6,3380,11,1-2,720,4,,,,,,,
20260417,芦屋,7,予選 進入固定,曇り,東,3,3,3,6,4196,田 中 太一郎,33,118,6.74,6,0.37,1.51.5,1-2-6,12780,40,1-2,1000,4,1-2-6,3380,11,1-2,720,4,,,,,,,
20260417,芦屋,7,予選 進入固定,曇り,東,3,3,4,4,4835,橋 本 明,35,143,6.76,4,0.11,1.51.7,1-2-6,12780,40,1-2,1000,4,1-2-6,3380,11,1-2,720,4,,,,,,,
20260417,芦屋,7,予選 進入固定,曇り,東,3,3,5,3,4406,幸 野 史 明,17,134,6.65,3,0.08,,1-2-6,12780,40,1-2,1000,4,1-2-6,3380,11,1-2,720,4,,,,,,,
20260417,芦屋,7,予選 進入固定,曇り,東,3,3,6,5,5131,江 藤 敦 宏,16,116,6.75,5,0.20,,1-2-6,12780,40,1-2,1000,4,1-2-6,3380,11,1-2,720,4,,,,,,,
20260417,芦屋,8,予選,曇り,東,3,3,1,6,4762,藤 原 啓史朗,11,117,6.64,6,0.08,1.57.1,6-4-3,6820,29,6-4,1200,7,3-4-6,2970,13,4-6,830,4,,,,,,,
20260417,芦屋,8,予選,曇り,東,3,3,2,4,3988,古 川 誠 之,22,149,6.72,4,0.09,1.59.4,6-4-3,6820,29,6-4,1200,7,3-4-6,2970,13,4-6,830,4,,,,,,,
20260417,芦屋,8,予選,曇り,東,3,3,3,3,4395,下 河 雅 史,44,140,6.77,3,0.21,2.00.7,6-4-3,6820,29,6-4,1200,7,3-4-6,2970,13,4-6,830,4,,,,,,,
20260417,芦屋,8,予選,曇り,東,3,3,4,1,3773,津 留 浩一郎,5,123,6.72,1,0.12,2.03.0,6-4-3,6820,29,6-4,1200,7,3-4-6,2970,13,4-6,830,4,,,,,,,
20260417,芦屋,8,予選,曇り,東,3,3,5,2,4790,柳 内 敬 太,34,145,6.72,2,0.13,,6-4-3,6820,29,6-4,1200,7,3-4-6,2970,13,4-6,830,4,,,,,,,
20260417,芦屋,9,予選特賞,曇り,東,2,2,1,6,4734,安河内 将,43,115,6.68,4,0.12,1.47.0,6-5-2,29490,57,6-5,2910,10,2-5-6,13540,19,5-6,2570,6,,,,,,,
20260417,芦屋,9,予選特賞,曇り,東,2,2,2,5,5308,藤 森 拓 海,37,130,6.75,6,0.17,1.48.9,6-5-2,29490,57,6-5,2910,10,2-5-6,13540,19,5-6,2570,6,,,,,,,
20260417,芦屋,9,予選特賞,曇り,東,2,2,3,2,4803,飯 田 庄 吾,6,156,6.78,2,0.15,1.51.1,6-5-2,29490,57,6-5,2910,10,2-5-6,13540,19,5-6,2570,6,,,,,,,
20260417,芦屋,9,予選特賞,曇り,東,2,2,4,3,4581,吉 村 誠,20,142,6.75,3,0.17,1.52.1,6-5-2,29490,57,6-5,2910,10,2-5-6,13540,19,5-6,2570,6,,,,,,,
20260417,芦屋,9,予選特賞,曇り,東,2,2,5,1,4942,柴 田 朋 哉,26,150,6.75,1,0.21,,6-5-2,29490,57,6-5,2910,10,2-5-6,13540,19,5-6,2570,6,,,,,,,
20260417,芦屋,9,予選特賞,曇り,東,2,2,6,4,4666,日 笠 勝 弘,15,112,6.72,5,0.20,,6-5-2,29490,57,6-5,2910,10,2-5-6,13540,19,5-6,2570,6,,,,,,,
20260417,芦屋,10,予選特賞,曇り,東,3,3,1,3,4498,宮 本 夏 樹,12,122,6.69,3,0.18,1.47.6,3-1-5,8200,26,3-1,2530,8,1-3-5,1620,6,1-3,760,2,,,,,,,
20260417,芦屋,10,予選特賞,曇り,東,3,3,2,1,4460,後 藤 翔 之,4,126,6.71,1,0.15,1.49.1,3-1-5,8200,26,3-1,2530,8,1-3-5,1620,6,1-3,760,2,,,,,,,
20260417,芦屋,10,予選特賞,曇り,東,3,3,3,5,4600,井 内 将太郎,47,135,6.77,5,0.19,1.50.3,3-1-5,8200,26,3-1,2530,8,1-3-5,1620,6,1-3,760,2,,,,,,,
20260417,芦屋,10,予選特賞,曇り,東,3,3,4,2,4497,桑 原 悠,18,114,6.69,2,0.14,1.50.8,3-1-5,8200,26,3-1,2530,8,1-3-5,1620,6,1-3,760,2,,,,,,,
20260417,芦屋,10,予選特賞,曇り,東,3,3,5,6,4409,坂 元 浩 仁,24,127,6.77,6,0.16,,3-1-5,8200,26,3-1,2530,8,1-3-5,1620,6,1-3,760,2,,,,,,,
20260417,芦屋,10,予選特賞,曇り,東,3,3,6,4,3568,木 村 光 宏,1,120,6.75,4,0.25,,3-1-5,8200,26,3-1,2530,8,1-3-5,1620,6,1-3,760,2,,,,,,,
20260417,芦屋,11,予選特選,曇り,東,3,3,1,1,4036,金 田 諭,36,136,6.73,1,0.09,1.48.1,1-6-3,1720,7,1-6,700,4,1-3-6,290,1,1-6,910,4,,,,,,,
20260417,芦屋,11,予選特選,曇り,東,3,3,2,6,4218,吉 川 喜 継,8,153,6.71,5,0.19,1.49.1,1-6-3,1720,7,1-6,700,4,1-3-6,290,1,1-6,910,4,,,,,,,
20260417,芦屋,11,予選特選,曇り,東,3,3,3,3,3811,石 田 章 央,41,147,6.75,3,0.08,1.50.4,1-6-3,1720,7,1-6,700,4,1-3-6,290,1,1-6,910,4,,,,,,,
20260417,芦屋,11,予選特選,曇り,東,3,3,4,5,3303,渡 辺 豊,28,139,6.76,6,0.24,1.51.9,1-6-3,1720,7,1-6,700,4,1-3-6,290,1,1-6,910,4,,,,,,,
20260417,芦屋,11,予選特選,曇り,東,3,3,5,4,5035,櫻 井 優,29,152,6.73,4,0.16,,1-6-3,1720,7,1-6,700,4,1-3-6,290,1,1-6,910,4,,,,,,,
20260417,芦屋,11,予選特選,曇り,東,3,3,6,2,4134,杉 山 貴 博,25,133,6.73,2,0.10,,1-6-3,1720,7,1-6,700,4,1-3-6,290,1,1-6,910,4,,,,,,,
20260417,芦屋,12,予選特選,曇り,東,5,5,1,3,3988,古 川 誠 之,22,149,6.73,3,0.10,1.48.6,3-6-5,84610,74,3-6,21920,22,3-5-6,8520,14,3-6,6810,9,,,,,,,
20260417,芦屋,12,予選特選,曇り,東,5,5,2,6,4568,廣 瀬 真 也,13,131,6.72,6,0.13,1.49.5,3-6-5,84610,74,3-6,21920,22,3-5-6,8520,14,3-6,6810,9,,,,,,,
20260417,芦屋,12,予選特選,曇り,東,5,5,3,5,4931,木 谷 賢 太,39,113,6.73,5,0.11,1.51.1,3-6-5,84610,74,3-6,21920,22,3-5-6,8520,14,3-6,6810,9,,,,,,,
20260417,芦屋,12,予選特選,曇り,東,5,5,4,1,3612,馬 袋 義 則,7,144,6.71,1,0.22,1.51.9,3-6-5,84610,74,3-6,21920,22,3-5-6,8520,14,3-6,6810,9,,,,,,,
20260417,芦屋,12,予選特選,曇り,東,5,5,5,2,4633,森 智 也,19,121,6.78,2,0.19,,3-6-5,84610,74,3-6,21920,22,3-5-6,8520,14,3-6,6810,9,,,,,,,
20260417,芦屋,12,予選特選,曇り,東,5,5,6,4,4383,竹 田 吉 行,10,132,6.73,4,0.20,,3-6-5,84610,74,3-6,21920,22,3-5-6,8520,14,3-6,6810,9,,,,,,,
20260417,若松,1,予選,曇り,東,5,5,1,1,3998,冨 成 謙 児,21,45,7.01,1,0.13,1.52.5,1-4-3,1340,3,1-4,900,4,1-3-4,270,1,1-4,720,2,,,,,,,
20260417,若松,1,予選,曇り,東,5,5,2,4,4861,田 中 宏 樹,17,44,6.96,4,0.14,1.53.7,1-4-3,1340,3,1-4,900,4,1-3-4,270,1,1-4,720,2,,,,,,,
20260417,若松,1,予選,曇り,東,5,5,3,3,4677,片 橋 幸 貴,50,55,7.09,3,0.15,1.54.8,1-4-3,1340,3,1-4,900,4,1-3-4,270,1,1-4,720,2,,,,,,,
20260417,若松,1,予選,曇り,東,5,5,4,2,5259,野 田 昇 吾,24,54,7.00,2,0.13,1.55.7,1-4-3,1340,3,1-4,900,4,1-3-4,270,1,1-4,720,2,,,,,,,
20260417,若松,1,予選,曇り,東,5,5,5,5,3508,久 富 政 弘,38,21,7.14,5,0.21,,1-4-3,1340,3,1-4,900,4,1-3-4,270,1,1-4,720,2,,,,,,,
20260417,若松,1,予選,曇り,東,5,5,6,6,4866,橋 本 英 一,23,42,7.03,6,0.20,,1-4-3,1340,3,1-4,900,4,1-3-4,270,1,1-4,720,2,,,,,,,
20260417,若松,2,予選,曇り,東,5,5,1,4,4505,島 田 賢 人,56,66,7.05,4,0.17,1.52.2,4-1-5,1220,3,4-1,830,3,1-4-5,260,1,1-4,350,2,,,,,,,
20260417,若松,2,予選,曇り,東,5,5,2,1,4229,市 川 美 宏,43,51,7.14,1,0.13,1.53.8,4-1-5,1220,3,4-1,830,3,1-4-5,260,1,1-4,350,2,,,,,,,
20260417,若松,2,予選,曇り,東,5,5,3,5,4654,篠 田 優 也,41,59,7.03,5,0.24,1.55.7,4-1-5,1220,3,4-1,830,3,1-4-5,260,1,1-4,350,2,,,,,,,
20260417,若松,2,予選,曇り,東,5,5,4,2,5287,滝 沢 織 寧,40,11,7.10,2,0.18,1.57.3,4-1-5,1220,3,4-1,830,3,1-4-5,260,1,1-4,350,2,,,,,,,
20260417,若松,2,予選,曇り,東,5,5,5,6,5006,久保原 秀 人,52,68,7.15,6,0.33,,4-1-5,1220,3,4-1,830,3,1-4-5,260,1,1-4,350,2,,,,,,,
20260417,若松,2,予選,曇り,東,5,5,6,3,5300,横 田 海 人,7,58,7.11,3,0.21,,4-1-5,1220,3,4-1,830,3,1-4-5,260,1,1-4,350,2,,,,,,,
20260417,若松,3,予選,曇り,東,6,6,1,2,3956,横 澤 剛 治,45,25,7.11,2,0.12,1.53.4,2-3-6,1700,5,2-3,390,1,2-3-6,580,3,2-3,240,1,,,,,,,
20260417,若松,3,予選,曇り,東,6,6,2,3,3574,大 神 康 司,14,69,7.08,3,0.07,1.54.7,2-3-6,1700,5,2-3,390,1,2-3-6,580,3,2-3,240,1,,,,,,,
20260417,若松,3,予選,曇り,東,6,6,3,6,4782,浜 崎 準 也,55,73,7.05,6,0.11,1.55.8,2-3-6,1700,5,2-3,390,1,2-3-6,580,3,2-3,240,1,,,,,,,
20260417,若松,3,予選,曇り,東,6,6,4,4,4000,松 本 博 昭,13,33,7.02,4,0.13,1.57.1,2-3-6,1700,5,2-3,390,1,2-3-6,580,3,2-3,240,1,,,,,,,
20260417,若松,3,予選,曇り,東,6,6,5,5,5389,恵 良 琴 美,58,27,6.96,5,0.16,,2-3-6,1700,5,2-3,390,1,2-3-6,580,3,2-3,240,1,,,,,,,
20260417,若松,3,予選,曇り,東,6,6,6,1,5310,土 屋 蘭,54,61,7.08,1,0.23,,2-3-6,1700,5,2-3,390,1,2-3-6,580,3,2-3,240,1,,,,,,,
20260417,若松,4,予選,曇り,東,6,6,1,3,3918,深 井 利 寿,59,52,7.12,3,0.12,1.51.7,3-2-4,7090,40,3-2,2900,15,2-3-4,1230,7,2-3,810,6,,,,,,,
20260417,若松,4,予選,曇り,東,6,6,2,2,4564,山 本 景士郎,12,12,7.06,2,0.14,1.53.1,3-2-4,7090,40,3-2,2900,15,2-3-4,1230,7,2-3,810,6,,,,,,,
20260417,若松,4,予選,曇り,東,6,6,3,4,4575,戸 塚 邦 好,9,37,7.06,5,0.14,1.54.3,3-2-4,7090,40,3-2,2900,15,2-3-4,1230,7,2-3,810,6,,,,,,,
20260417,若松,4,予選,曇り,東,6,6,4,6,3654,武 田 光 史,28,56,7.07,4,0.06,1.55.2,3-2-4,7090,40,3-2,2900,15,2-3-4,1230,7,2-3,810,6,,,,,,,
20260417,若松,4,予選,曇り,東,6,6,5,1,3875,廣 中 良 一,19,15,7.09,1,0.14,,3-2-4,7090,40,3-2,2900,15,2-3-4,1230,7,2-3,810,6,,,,,,,
20260417,若松,4,予選,曇り,東,6,6,6,5,5406,小 畑 楓 夏,37,34,7.09,6,0.15,,3-2-4,7090,40,3-2,2900,15,2-3-4,1230,7,2-3,810,6,,,,,,,
20260417,若松,5,進入固定戦隊 進入固定,曇り,東,6,6,1,2,4438,森 作 雄 大,4,49,7.01,2,0.11,1.51.6,2-1-4,2320,7,2-1,1060,5,1-2-4,170,1,1-2,270,2,,,,,,,
20260417,若松,5,進入固定戦隊 進入固定,曇り,東,6,6,2,1,4239,竹 田 辰 也,31,19,7.01,1,0.28,1.52.1,2-1-4,2320,7,2-1,1060,5,1-2-4,170,1,1-2,270,2,,,,,,,
20260417,若松,5,進入固定戦隊 進入固定,曇り,東,6,6,3,4,5234,塚 越 海 斗,46,16,7.00,4,0.11,1.54.5,2-1-4,2320,7,2-1,1060,5,1-2-4,170,1,1-2,270,2,,,,,,,
20260417,若松,5,進入固定戦隊 進入固定,曇り,東,6,6,4,3,3505,山 田 竜 一,61,47,7.03,3,0.09,1.54.6,2-1-4,2320,7,2-1,1060,5,1-2-4,170,1,1-2,270,2,,,,,,,
20260417,若松,5,進入固定戦隊 進入固定,曇り,東,6,6,5,5,5259,野 田 昇 吾,24,54,7.00,5,0.14,,2-1-4,2320,7,2-1,1060,5,1-2-4,170,1,1-2,270,2,,,,,,,
20260417,若松,5,進入固定戦隊 進入固定,曇り,東,6,6,6,6,5438,星 田 夢 結,62,17,7.07,6,0.15,,2-1-4,2320,7,2-1,1060,5,1-2-4,170,1,1-2,270,2,,,,,,,
20260417,若松,6,予選,曇り,東,6,6,1,1,4505,島 田 賢 人,56,66,7.03,1,0.09,1.51.9,1-2-6,1140,4,1-2,190,1,1-2-6,670,4,1-2,150,1,,,,,,,
20260417,若松,6,予選,曇り,東,6,6,2,2,4531,武 富 智 亮,39,24,6.96,2,0.22,1.53.3,1-2-6,1140,4,1-2,190,1,1-2-6,670,4,1-2,150,1,,,,,,,
20260417,若松,6,予選,曇り,東,6,6,3,6,3304,烏 野 賢 太,36,22,7.01,6,0.23,1.55.0,1-2-6,1140,4,1-2,190,1,1-2-6,670,4,1-2,150,1,,,,,,,
20260417,若松,6,予選,曇り,東,6,6,4,3,5274,城 間 盛 渚,8,57,6.96,3,0.21,1.56.3,1-2-6,1140,4,1-2,190,1,1-2-6,670,4,1-2,150,1,,,,,,,
20260417,若松,6,予選,曇り,東,6,6,5,5,3548,室 田 泰 史,1,65,7.07,5,0.18,,1-2-6,1140,4,1-2,190,1,1-2-6,670,4,1-2,150,1,,,,,,,
20260417,若松,6,予選,曇り,東,6,6,6,4,3645,淺 田 千亜希,2,70,7.05,4,0.15,,1-2-6,1140,4,1-2,190,1,1-2-6,670,4,1-2,150,1,,,,,,,
20260417,若松,7,予選特賞,雨,東,5,5,1,1,4596,葛 原 大 陽,6,72,6.98,1,0.10,1.51.2,1-3-5,510,1,1-3,260,1,1-3-5,350,2,1-3,160,1,,,,,,,
20260417,若松,7,予選特賞,雨,東,5,5,2,3,4808,松 尾 拓,11,32,7.02,3,0.07,1.52.4,1-3-5,510,1,1-3,260,1,1-3-5,350,2,1-3,160,1,,,,,,,
20260417,若松,7,予選特賞,雨,東,5,5,3,5,4731,間 野 兼 礼,53,29,6.99,5,0.12,1.54.5,1-3-5,510,1,1-3,260,1,1-3-5,350,2,1-3,160,1,,,,,,,
20260417,若松,7,予選特賞,雨,東,5,5,4,6,4017,向 井 美 鈴,18,31,6.97,6,0.13,1.55.1,1-3-5,510,1,1-3,260,1,1-3-5,350,2,1-3,160,1,,,,,,,
20260417,若松,7,予選特賞,雨,東,5,5,5,2,4181,花 本 夏 樹,29,30,6.98,2,0.06,,1-3-5,510,1,1-3,260,1,1-3-5,350,2,1-3,160,1,,,,,,,
20260417,若松,7,予選特賞,雨,東,5,5,6,4,5287,滝 沢 織 寧,40,11,6.96,4,0.09,,1-3-5,510,1,1-3,260,1,1-3-5,350,2,1-3,160,1,,,,,,,
20260417,若松,8,エイトビート,雨,東,4,4,1,1,5028,原 田 才一郎,60,60,6.89,1,0.13,1.50.9,1-2-3,280,1,1-2,240,1,1-2-3,140,1,1-2,170,1,,,,,,,
20260417,若松,8,エイトビート,雨,東,4,4,2,2,3574,大 神 康 司,14,69,7.01,2,0.15,1.53.1,1-2-3,280,1,1-2,240,1,1-2-3,140,1,1-2,170,1,,,,,,,
20260417,若松,8,エイトビート,雨,東,4,4,3,3,4575,戸 塚 邦 好,9,37,6.96,3,0.13,1.53.5,1-2-3,280,1,1-2,240,1,1-2-3,140,1,1-2,170,1,,,,,,,
20260417,若松,8,エイトビート,雨,東,4,4,4,5,4229,市 川 美 宏,43,51,7.02,5,0.16,1.55.1,1-2-3,280,1,1-2,240,1,1-2-3,140,1,1-2,170,1,,,,,,,
20260417,若松,8,エイトビート,雨,東,4,4,5,6,4098,赤 澤 文 香,44,18,6.96,6,0.18,,1-2-3,280,1,1-2,240,1,1-2-3,140,1,1-2,170,1,,,,,,,
20260417,若松,8,エイトビート,雨,東,4,4,6,4,5061,中 村 駿 平,47,62,6.99,4,0.13,,1-2-3,280,1,1-2,240,1,1-2-3,140,1,1-2,170,1,,,,,,,
20260417,若松,9,予選,雨,東,4,4,1,1,4654,篠 田 優 也,41,59,6.99,1,0.19,1.51.9,1-2-3,600,3,1-2,180,1,1-2-3,300,1,1-2,130,1,,,,,,,
20260417,若松,9,予選,雨,東,4,4,2,2,3654,武 田 光 史,28,56,7.03,2,0.17,1.52.9,1-2-3,600,3,1-2,180,1,1-2-3,300,1,1-2,130,1,,,,,,,
20260417,若松,9,予選,雨,東,4,4,3,3,4404,岸 蔭 亮,33,36,7.04,3,0.23,1.54.7,1-2-3,600,3,1-2,180,1,1-2-3,300,1,1-2,130,1,,,,,,,
20260417,若松,9,予選,雨,東,4,4,4,4,3508,久 富 政 弘,38,21,7.06,4,0.21,1.55.5,1-2-3,600,3,1-2,180,1,1-2-3,300,1,1-2,130,1,,,,,,,
20260417,若松,9,予選,雨,東,4,4,5,5,5104,山 田 丈,27,40,6.98,5,0.16,,1-2-3,600,3,1-2,180,1,1-2-3,300,1,1-2,130,1,,,,,,,
20260417,若松,9,予選,雨,東,4,4,6,6,3054,北 川 幸 典,16,13,7.03,6,0.23,,1-2-3,600,3,1-2,180,1,1-2-3,300,1,1-2,130,1,,,,,,,
20260417,若松,10,予選特賞,雨,東,4,4,1,1,4531,武 富 智 亮,39,24,6.99,1,0.11,1.51.1,1-2-6,2430,7,1-2,240,1,1-2-6,1560,5,1-2,210,1,,,,,,,
20260417,若松,10,予選特賞,雨,東,4,4,2,2,4239,竹 田 辰 也,31,19,7.03,2,0.12,1.51.5,1-2-6,2430,7,1-2,240,1,1-2-6,1560,5,1-2,210,1,,,,,,,
20260417,若松,10,予選特賞,雨,東,4,4,3,6,4000,松 本 博 昭,13,33,6.98,6,0.16,1.54.1,1-2-6,2430,7,1-2,240,1,1-2-6,1560,5,1-2,210,1,,,,,,,
20260417,若松,10,予選特賞,雨,東,4,4,4,4,3918,深 井 利 寿,59,52,7.02,4,0.12,1.54.7,1-2-6,2430,7,1-2,240,1,1-2-6,1560,5,1-2,210,1,,,,,,,
20260417,若松,10,予選特賞,雨,東,4,4,5,5,4861,田 中 宏 樹,17,44,6.87,5,0.11,,1-2-6,2430,7,1-2,240,1,1-2-6,1560,5,1-2,210,1,,,,,,,
20260417,若松,10,予選特賞,雨,東,4,4,6,3,5006,久保原 秀 人,52,68,7.02,3,0.12,,1-2-6,2430,7,1-2,240,1,1-2-6,1560,5,1-2,210,1,,,,,,,
20260417,若松,11,一般特選,雨,東,4,4,1,1,5234,塚 越 海 斗,46,16,6.94,1,0.21,1.51.1,1-3-6,2790,11,1-3,540,2,1-3-6,1330,7,1-3,580,3,,,,,,,
20260417,若松,11,一般特選,雨,東,4,4,2,3,3548,室 田 泰 史,1,65,7.03,3,0.13,1.52.6,1-3-6,2790,11,1-3,540,2,1-3-6,1330,7,1-3,580,3,,,,,,,
20260417,若松,11,一般特選,雨,東,4,4,3,6,4677,片 橋 幸 貴,50,55,6.99,6,0.21,1.53.8,1-3-6,2790,11,1-3,540,2,1-3-6,1330,7,1-3,580,3,,,,,,,
20260417,若松,11,一般特選,雨,東,4,4,4,2,4808,松 尾 拓,11,32,7.03,2,0.13,1.55.3,1-3-6,2790,11,1-3,540,2,1-3-6,1330,7,1-3,580,3,,,,,,,
20260417,若松,11,一般特選,雨,東,4,4,5,5,4564,山 本 景士郎,12,12,6.96,5,0.21,,1-3-6,2790,11,1-3,540,2,1-3-6,1330,7,1-3,580,3,,,,,,,
20260417,若松,11,一般特選,雨,東,4,4,6,4,3956,横 澤 剛 治,45,25,7.04,4,0.16,,1-3-6,2790,11,1-3,540,2,1-3-6,1330,7,1-3,580,3,,,,,,,
20260417,若松,12,一般特選,曇り,東,4,4,1,1,3645,淺 田 千亜希,2,70,7.07,1,0.17,1.51.7,1-4-3,750,2,1-4,380,1,1-3-4,210,1,1-4,230,1,,,,,,,
20260417,若松,12,一般特選,曇り,東,4,4,2,4,4017,向 井 美 鈴,18,31,6.97,4,0.12,1.52.7,1-4-3,750,2,1-4,380,1,1-3-4,210,1,1-4,230,1,,,,,,,
20260417,若松,12,一般特選,曇り,東,4,4,3,3,4098,赤 澤 文 香,44,18,7.01,3,0.15,1.54.8,1-4-3,750,2,1-4,380,1,1-3-4,210,1,1-4,230,1,,,,,,,
20260417,若松,12,一般特選,曇り,東,4,4,4,5,5438,星 田 夢 結,62,17,7.03,6,0.28,1.55.4,1-4-3,750,2,1-4,380,1,1-3-4,210,1,1-4,230,1,,,,,,,
20260417,若松,12,一般特選,曇り,東,4,4,5,2,5310,土 屋 蘭,54,61,7.01,2,0.13,,1-4-3,750,2,1-4,380,1,1-3-4,210,1,1-4,230,1,,,,,,,
20260417,若松,12,一般特選,曇り,東,4,4,6,6,5406,小 畑 楓 夏,37,34,7.00,5,0.08,,1-4-3,750,2,1-4,380,1,1-3-4,210,1,1-4,230,1,,,,,,,
