date,venue_name,race_no,race_type,weather,wind_dir,wind_ms,wave_cm,rank,waku,reg_no,name,motor_no,boat_no,exhibition_time,course_enter,st_timing,race_time,won3,won3_pay,won3_pop,won2,won2_pay,won2_pop,trio,trio_pay,trio_pop,pair,pair_pay,pair_pop,lap_time,turn_time,straight_time,lap_rank,turn_rank,straight_rank,exhibition_eval
20260116,びわこ,1,予選,晴,北東,1,1,1,2,5087,佐 藤 航,22,63,6.65,2,0.23,1.47.4,2-1-3,5240,22,2-1,2500,12,1-2-3,480,1,1-2,430,2,,,,,,,
20260116,びわこ,1,予選,晴,北東,1,1,2,1,4388,是 澤 孝 宏,55,64,6.63,1,0.20,1.48.9,2-1-3,5240,22,2-1,2500,12,1-2-3,480,1,1-2,430,2,,,,,,,
20260116,びわこ,1,予選,晴,北東,1,1,3,3,4397,西 村 拓 也,63,44,6.54,3,0.19,1.50.3,2-1-3,5240,22,2-1,2500,12,1-2-3,480,1,1-2,430,2,,,,,,,
20260116,びわこ,1,予選,晴,北東,1,1,4,5,5064,品 川 二千翔,13,70,6.63,6,0.20,1.51.9,2-1-3,5240,22,2-1,2500,12,1-2-3,480,1,1-2,430,2,,,,,,,
20260116,びわこ,1,予選,晴,北東,1,1,5,4,4688,永 井 彪 也,12,51,6.71,5,0.22,,2-1-3,5240,22,2-1,2500,12,1-2-3,480,1,1-2,430,2,,,,,,,
20260116,びわこ,1,予選,晴,北東,1,1,6,6,4028,田 村 隆 信,45,13,6.72,4,0.26,,2-1-3,5240,22,2-1,2500,12,1-2-3,480,1,1-2,430,2,,,,,,,
20260116,びわこ,2,予選,晴,無風,0,1,1,1,4601,森 野 正 弘,43,26,6.69,1,0.13,1.48.8,1-2-5,1630,4,1-2,420,1,1-2-5,700,3,1-2,260,1,,,,,,,
20260116,びわこ,2,予選,晴,無風,0,1,2,2,3737,上 平 真 二,21,17,6.66,2,0.11,1.49.7,1-2-5,1630,4,1-2,420,1,1-2-5,700,3,1-2,260,1,,,,,,,
20260116,びわこ,2,予選,晴,無風,0,1,3,5,4448,青 木 玄 太,27,71,6.61,5,0.21,1.50.7,1-2-5,1630,4,1-2,420,1,1-2-5,700,3,1-2,260,1,,,,,,,
20260116,びわこ,2,予選,晴,無風,0,1,4,3,4409,坂 元 浩 仁,32,56,6.70,3,0.09,1.51.7,1-2-5,1630,4,1-2,420,1,1-2-5,700,3,1-2,260,1,,,,,,,
20260116,びわこ,2,予選,晴,無風,0,1,5,6,3984,坂 口 周,68,20,6.66,6,0.17,,1-2-5,1630,4,1-2,420,1,1-2-5,700,3,1-2,260,1,,,,,,,
20260116,びわこ,2,予選,晴,無風,0,1,6,4,4446,和 田 兼 輔,11,15,6.62,4,0.22,,1-2-5,1630,4,1-2,420,1,1-2-5,700,3,1-2,260,1,,,,,,,
20260116,びわこ,3,予選,晴,無風,0,1,1,4,3959,坪 井 康 晴,31,35,6.61,4,0.16,1.47.8,4-2-1,6210,21,4-2,2230,8,1-2-4,300,1,2-4,1380,5,,,,,,,
20260116,びわこ,3,予選,晴,無風,0,1,2,2,4856,豊 田 健士郎,71,65,6.65,2,0.20,1.50.3,4-2-1,6210,21,4-2,2230,8,1-2-4,300,1,2-4,1380,5,,,,,,,
20260116,びわこ,3,予選,晴,無風,0,1,3,1,5220,青 木 蓮,47,61,6.59,1,0.16,1.51.7,4-2-1,6210,21,4-2,2230,8,1-2-4,300,1,2-4,1380,5,,,,,,,
20260116,びわこ,3,予選,晴,無風,0,1,4,3,4991,宗 行 治 哉,67,37,6.72,3,0.19,1.52.7,4-2-1,6210,21,4-2,2230,8,1-2-4,300,1,2-4,1380,5,,,,,,,
20260116,びわこ,3,予選,晴,無風,0,1,5,6,5229,吉 川 晴 人,28,30,6.69,6,0.17,,4-2-1,6210,21,4-2,2230,8,1-2-4,300,1,2-4,1380,5,,,,,,,
20260116,びわこ,3,予選,晴,無風,0,1,6,5,5267,石 本 裕 武,35,66,6.62,5,0.18,,4-2-1,6210,21,4-2,2230,8,1-2-4,300,1,2-4,1380,5,,,,,,,
20260116,びわこ,4,予選,晴,南,1,1,1,1,4983,前 田 篤 哉,61,11,6.63,1,0.16,1.48.4,1-2-5,920,1,1-2,330,1,1-2-5,460,2,1-2,220,1,,,,,,,
20260116,びわこ,4,予選,晴,南,1,1,2,2,3822,平 尾 崇 典,29,73,6.55,2,0.19,1.49.4,1-2-5,920,1,1-2,330,1,1-2-5,460,2,1-2,220,1,,,,,,,
20260116,びわこ,4,予選,晴,南,1,1,3,5,4427,秦 英 悟,64,52,6.68,5,0.22,1.51.0,1-2-5,920,1,1-2,330,1,1-2-5,460,2,1-2,220,1,,,,,,,
20260116,びわこ,4,予選,晴,南,1,1,4,6,4460,後 藤 翔 之,58,14,6.69,6,0.25,1.52.1,1-2-5,920,1,1-2,330,1,1-2-5,460,2,1-2,220,1,,,,,,,
20260116,びわこ,4,予選,晴,南,1,1,5,3,4061,萩 原 秀 人,46,49,6.76,3,0.15,,1-2-5,920,1,1-2,330,1,1-2-5,460,2,1-2,220,1,,,,,,,
20260116,びわこ,4,予選,晴,南,1,1,6,4,4649,和 田 操 拓,73,40,6.67,4,0.13,,1-2-5,920,1,1-2,330,1,1-2-5,460,2,1-2,220,1,,,,,,,
20260116,びわこ,5,予選,晴,北東,1,1,1,4,4743,木 村 仁 紀,16,46,6.63,4,0.14,1.49.0,4-2-5,31400,80,4-2,3650,13,2-4-5,3770,17,2-4,1200,4,,,,,,,
20260116,びわこ,5,予選,晴,北東,1,1,2,2,4939,宮之原 輝 紀,26,16,6.72,2,0.14,1.50.5,4-2-5,31400,80,4-2,3650,13,2-4-5,3770,17,2-4,1200,4,,,,,,,
20260116,びわこ,5,予選,晴,北東,1,1,3,5,4958,溝 口 海義也,14,60,6.55,5,0.16,1.51.7,4-2-5,31400,80,4-2,3650,13,2-4-5,3770,17,2-4,1200,4,,,,,,,
20260116,びわこ,5,予選,晴,北東,1,1,4,3,4704,河 野 大,51,12,6.65,3,0.12,1.52.7,4-2-5,31400,80,4-2,3650,13,2-4-5,3770,17,2-4,1200,4,,,,,,,
20260116,びわこ,5,予選,晴,北東,1,1,5,6,4604,岩 瀬 裕 亮,60,21,6.60,6,0.17,,4-2-5,31400,80,4-2,3650,13,2-4-5,3770,17,2-4,1200,4,,,,,,,
20260116,びわこ,5,予選,晴,北東,1,1,6,1,4042,丸 岡 正 典,24,24,6.59,1,0.34,,4-2-5,31400,80,4-2,3650,13,2-4-5,3770,17,2-4,1200,4,,,,,,,
20260116,びわこ,6,予選,晴,北東,3,2,1,4,5029,中 亮 太,52,32,6.66,4,0.09,1.47.3,4-5-2,24440,70,4-5,4950,16,2-4-5,5670,19,4-5,4100,14,,,,,,,
20260116,びわこ,6,予選,晴,北東,3,2,2,5,3716,石 渡 鉄 兵,44,31,6.72,5,0.10,1.49.3,4-5-2,24440,70,4-5,4950,16,2-4-5,5670,19,4-5,4100,14,,,,,,,
20260116,びわこ,6,予選,晴,北東,3,2,3,2,5280,廣 瀬 凜,37,62,6.62,2,0.08,1.50.5,4-5-2,24440,70,4-5,4950,16,2-4-5,5670,19,4-5,4100,14,,,,,,,
20260116,びわこ,6,予選,晴,北東,3,2,4,3,4908,上 田 龍 星,36,41,6.70,3,0.11,1.52.7,4-5-2,24440,70,4-5,4950,16,2-4-5,5670,19,4-5,4100,14,,,,,,,
20260116,びわこ,6,予選,晴,北東,3,2,5,1,4227,安 達 裕 樹,30,48,6.70,1,0.07,,4-5-2,24440,70,4-5,4950,16,2-4-5,5670,19,4-5,4100,14,,,,,,,
20260116,びわこ,6,予選,晴,北東,3,2,6,6,4089,妹 尾 忠 幸,15,67,6.68,6,0.07,,4-5-2,24440,70,4-5,4950,16,2-4-5,5670,19,4-5,4100,14,,,,,,,
20260116,びわこ,7,予選,晴,北東,4,2,1,2,4398,船 岡 洋一郎,23,18,6.73,2,0.12,1.48.2,2-3-1,11430,52,2-3,3170,16,1-2-3,640,1,2-3,1670,9,,,,,,,
20260116,びわこ,7,予選,晴,北東,4,2,2,3,4448,青 木 玄 太,27,71,6.74,3,0.09,1.49.6,2-3-1,11430,52,2-3,3170,16,1-2-3,640,1,2-3,1670,9,,,,,,,
20260116,びわこ,7,予選,晴,北東,4,2,3,1,4793,金 子 萌,40,54,6.78,1,0.10,1.50.4,2-3-1,11430,52,2-3,3170,16,1-2-3,640,1,2-3,1670,9,,,,,,,
20260116,びわこ,7,予選,晴,北東,4,2,4,5,4397,西 村 拓 也,63,44,6.75,5,0.12,1.50.7,2-3-1,11430,52,2-3,3170,16,1-2-3,640,1,2-3,1670,9,,,,,,,
20260116,びわこ,7,予選,晴,北東,4,2,5,4,4856,豊 田 健士郎,71,65,6.67,4,0.08,,2-3-1,11430,52,2-3,3170,16,1-2-3,640,1,2-3,1670,9,,,,,,,
20260116,びわこ,7,予選,晴,北東,4,2,6,6,5096,上 原 崚,57,72,6.74,6,0.13,,2-3-1,11430,52,2-3,3170,16,1-2-3,640,1,2-3,1670,9,,,,,,,
20260116,びわこ,8,予選,晴,北,4,3,1,3,4688,永 井 彪 也,12,51,6.76,3,0.11,1.49.3,3-5-2,10080,36,3-5,2800,11,2-3-5,1080,5,3-5,1190,7,,,,,,,
20260116,びわこ,8,予選,晴,北,4,3,2,5,3737,上 平 真 二,21,17,6.75,5,0.09,1.50.0,3-5-2,10080,36,3-5,2800,11,2-3-5,1080,5,3-5,1190,7,,,,,,,
20260116,びわこ,8,予選,晴,北,4,3,3,2,5267,石 本 裕 武,35,66,6.70,2,0.14,1.51.9,3-5-2,10080,36,3-5,2800,11,2-3-5,1080,5,3-5,1190,7,,,,,,,
20260116,びわこ,8,予選,晴,北,4,3,4,6,3822,平 尾 崇 典,29,73,6.72,6,0.09,1.52.4,3-5-2,10080,36,3-5,2800,11,2-3-5,1080,5,3-5,1190,7,,,,,,,
20260116,びわこ,8,予選,晴,北,4,3,5,1,4040,廣 瀬 将 亨,33,33,6.78,1,0.11,,3-5-2,10080,36,3-5,2800,11,2-3-5,1080,5,3-5,1190,7,,,,,,,
20260116,びわこ,8,予選,晴,北,4,3,6,4,4254,川 島 圭 司,53,50,6.74,4,0.08,,3-5-2,10080,36,3-5,2800,11,2-3-5,1080,5,3-5,1190,7,,,,,,,
20260116,びわこ,9,予選,晴,北東,3,3,1,1,3959,坪 井 康 晴,31,35,6.68,1,0.13,1.48.7,1-2-5,3100,10,1-2,310,1,1-2-5,1770,9,1-2,310,2,,,,,,,
20260116,びわこ,9,予選,晴,北東,3,3,2,2,4028,田 村 隆 信,45,13,6.78,2,0.14,1.50.9,1-2-5,3100,10,1-2,310,1,1-2-5,1770,9,1-2,310,2,,,,,,,
20260116,びわこ,9,予選,晴,北東,3,3,3,5,4925,森 悠 稀,49,55,6.70,5,0.15,1.52.0,1-2-5,3100,10,1-2,310,1,1-2-5,1770,9,1-2,310,2,,,,,,,
20260116,びわこ,9,予選,晴,北東,3,3,4,4,4983,前 田 篤 哉,61,11,6.63,4,0.14,1.52.8,1-2-5,3100,10,1-2,310,1,1-2-5,1770,9,1-2,310,2,,,,,,,
20260116,びわこ,9,予選,晴,北東,3,3,5,6,4939,宮之原 輝 紀,26,16,6.76,6,0.17,,1-2-5,3100,10,1-2,310,1,1-2-5,1770,9,1-2,310,2,,,,,,,
20260116,びわこ,9,予選,晴,北東,3,3,6,3,4120,柘 植 政 浩,62,43,6.76,3,0.19,,1-2-5,3100,10,1-2,310,1,1-2-5,1770,9,1-2,310,2,,,,,,,
20260116,びわこ,10,予選,晴,北東,2,2,1,1,4743,木 村 仁 紀,16,46,6.75,1,0.10,1.49.1,1-3-5,1370,4,1-3,360,2,1-3-5,800,4,1-3,340,2,,,,,,,
20260116,びわこ,10,予選,晴,北東,2,2,2,3,4446,和 田 兼 輔,11,15,6.73,3,0.13,1.50.5,1-3-5,1370,4,1-3,360,2,1-3-5,800,4,1-3,340,2,,,,,,,
20260116,びわこ,10,予選,晴,北東,2,2,3,5,4061,萩 原 秀 人,46,49,6.86,5,0.10,1.51.9,1-3-5,1370,4,1-3,360,2,1-3-5,800,4,1-3,340,2,,,,,,,
20260116,びわこ,10,予選,晴,北東,2,2,4,6,4908,上 田 龍 星,36,41,6.70,6,0.18,1.52.5,1-3-5,1370,4,1-3,360,2,1-3-5,800,4,1-3,340,2,,,,,,,
20260116,びわこ,10,予選,晴,北東,2,2,5,4,3983,須 藤 博 倫,56,28,6.72,4,0.11,,1-3-5,1370,4,1-3,360,2,1-3-5,800,4,1-3,340,2,,,,,,,
20260116,びわこ,10,予選,晴,北東,2,2,6,2,4330,奈 須 啓 太,65,22,6.72,2,0.09,,1-3-5,1370,4,1-3,360,2,1-3-5,800,4,1-3,340,2,,,,,,,
20260116,びわこ,11,予選,晴,北東,2,2,1,1,4427,秦 英 悟,64,52,6.68,1,0.01,1.48.6,1-2-3,670,1,1-2,280,1,1-2-3,310,1,1-2,300,1,,,,,,,
20260116,びわこ,11,予選,晴,北東,2,2,2,2,4604,岩 瀬 裕 亮,60,21,6.69,2,0.06,1.49.6,1-2-3,670,1,1-2,280,1,1-2-3,310,1,1-2,300,1,,,,,,,
20260116,びわこ,11,予選,晴,北東,2,2,3,3,3716,石 渡 鉄 兵,44,31,6.71,3,0.04,1.50.5,1-2-3,670,1,1-2,280,1,1-2-3,310,1,1-2,300,1,,,,,,,
20260116,びわこ,11,予選,晴,北東,2,2,4,4,4398,船 岡 洋一郎,23,18,6.71,4,0.26,1.52.5,1-2-3,670,1,1-2,280,1,1-2-3,310,1,1-2,300,1,,,,,,,
20260116,びわこ,11,予選,晴,北東,2,2,5,5,5220,青 木 蓮,47,61,6.62,5,0.08,,1-2-3,670,1,1-2,280,1,1-2-3,310,1,1-2,300,1,,,,,,,
20260116,びわこ,11,予選,晴,北東,2,2,6,6,4415,下 出 卓 矢,54,29,6.73,6,0.10,,1-2-3,670,1,1-2,280,1,1-2-3,310,1,1-2,300,1,,,,,,,
20260116,びわこ,12,びわこドリー,晴,北東,3,3,1,1,4013,中 島 孝 平,41,47,6.64,1,0.06,1.48.5,1-2-4,1210,3,1-2,380,2,1-2-4,500,2,1-2,380,2,,,,,,,
20260116,びわこ,12,びわこドリー,晴,北東,3,3,2,2,4019,笠 原 亮,70,39,6.68,2,0.10,1.49.9,1-2-4,1210,3,1-2,380,2,1-2-4,500,2,1-2,380,2,,,,,,,
20260116,びわこ,12,びわこドリー,晴,北東,3,3,3,4,4237,大 峯 豊,38,69,6.62,4,0.12,1.51.2,1-2-4,1210,3,1-2,380,2,1-2-4,500,2,1-2,380,2,,,,,,,
20260116,びわこ,12,びわこドリー,晴,北東,3,3,4,5,4762,藤 原 啓史朗,18,68,6.66,5,0.15,1.51.9,1-2-4,1210,3,1-2,380,2,1-2-4,500,2,1-2,380,2,,,,,,,
20260116,びわこ,12,びわこドリー,晴,北東,3,3,5,3,3557,太 田 和 美,34,23,6.64,3,0.08,,1-2-4,1210,3,1-2,380,2,1-2-4,500,2,1-2,380,2,,,,,,,
20260116,びわこ,12,びわこドリー,晴,北東,3,3,6,6,5017,澤 田 尚 也,69,59,6.61,6,0.12,,1-2-4,1210,3,1-2,380,2,1-2-4,500,2,1-2,380,2,,,,,,,
20260116,住之江,1,一般戦,晴,北東,1,1,1,1,4138,中 井 俊 祐,88,26,6.91,1,0.12,1.50.2,1-3-2,1770,5,1-3,680,2,1-2-3,430,2,1-3,500,3,,,,,,,
20260116,住之江,1,一般戦,晴,北東,1,1,2,3,4635,峰 重 力 也,33,11,6.87,3,0.08,1.50.8,1-3-2,1770,5,1-3,680,2,1-2-3,430,2,1-3,500,3,,,,,,,
20260116,住之江,1,一般戦,晴,北東,1,1,3,2,3850,小 川 知 行,39,27,6.77,2,0.11,1.52.2,1-3-2,1770,5,1-3,680,2,1-2-3,430,2,1-3,500,3,,,,,,,
20260116,住之江,1,一般戦,晴,北東,1,1,4,4,5005,石 田 貴 洋,56,60,6.83,4,0.18,1.54.3,1-3-2,1770,5,1-3,680,2,1-2-3,430,2,1-3,500,3,,,,,,,
20260116,住之江,1,一般戦,晴,北東,1,1,5,6,3726,桂 林 寛,15,74,6.87,6,0.16,1.55.5,1-3-2,1770,5,1-3,680,2,1-2-3,430,2,1-3,500,3,,,,,,,
20260116,住之江,1,一般戦,晴,北東,1,1,6,5,3233,小 畑 実 成,84,92,6.90,5,0.13,1.56.5,1-3-2,1770,5,1-3,680,2,1-2-3,430,2,1-3,500,3,,,,,,,
20260116,住之江,2,一般戦,晴,無風,0,1,1,2,4549,小 林 文 彦,60,54,6.83,2,0.08,1.50.0,2-3-1,7740,23,2-3,2980,10,1-2-3,440,2,2-3,2510,5,,,,,,,
20260116,住之江,2,一般戦,晴,無風,0,1,2,3,4664,東 口 晃,20,55,6.86,3,0.04,1.50.9,2-3-1,7740,23,2-3,2980,10,1-2-3,440,2,2-3,2510,5,,,,,,,
20260116,住之江,2,一般戦,晴,無風,0,1,3,1,4325,新 出 浩 司,12,19,6.83,1,0.11,1.52.4,2-3-1,7740,23,2-3,2980,10,1-2-3,440,2,2-3,2510,5,,,,,,,
20260116,住之江,2,一般戦,晴,無風,0,1,4,4,4930,佐 藤 悠,19,77,6.85,4,0.09,1.53.1,2-3-1,7740,23,2-3,2980,10,1-2-3,440,2,2-3,2510,5,,,,,,,
20260116,住之江,2,一般戦,晴,無風,0,1,5,6,5372,上 岡 巧 汰,55,93,6.80,6,0.10,1.54.4,2-3-1,7740,23,2-3,2980,10,1-2-3,440,2,2-3,2510,5,,,,,,,
20260116,住之江,2,一般戦,晴,無風,0,1,6,5,4268,和 合 俊 介,58,52,6.89,5,0.10,1.56.3,2-3-1,7740,23,2-3,2980,10,1-2-3,440,2,2-3,2510,5,,,,,,,
20260116,住之江,3,一般戦,晴,無風,0,1,1,4,3475,橋 本 久 和,13,61,6.87,4,0.07,1.49.3,4-6-1,27280,94,4-6,4700,23,1-4-6,3450,17,4-6,2580,13,,,,,,,
20260116,住之江,3,一般戦,晴,無風,0,1,2,6,4469,土 山 卓 也,35,71,6.89,5,0.07,1.50.3,4-6-1,27280,94,4-6,4700,23,1-4-6,3450,17,4-6,2580,13,,,,,,,
20260116,住之江,3,一般戦,晴,無風,0,1,3,1,3578,塩 田 雄 一,24,25,6.85,1,0.19,1.52.1,4-6-1,27280,94,4-6,4700,23,1-4-6,3450,17,4-6,2580,13,,,,,,,
20260116,住之江,3,一般戦,晴,無風,0,1,4,5,5441,鈴 木 雄 登,23,83,6.74,6,0.11,1.53.3,4-6-1,27280,94,4-6,4700,23,1-4-6,3450,17,4-6,2580,13,,,,,,,
20260116,住之江,3,一般戦,晴,無風,0,1,5,2,4906,鈴 木 雅 希,82,91,6.79,2,0.18,1.54.1,4-6-1,27280,94,4-6,4700,23,1-4-6,3450,17,4-6,2580,13,,,,,,,
20260116,住之江,3,一般戦,晴,無風,0,1,6,3,4583,古 田 祐 貴,79,17,6.86,3,0.13,1.58.0,4-6-1,27280,94,4-6,4700,23,1-4-6,3450,17,4-6,2580,13,,,,,,,
20260116,住之江,4,一般戦,晴,無風,0,1,1,2,3951,石 川 吉 鎬,52,56,6.91,2,0.27,1.50.3,2-1-4,3750,18,2-1,1340,6,1-2-4,350,1,1-2,460,3,,,,,,,
20260116,住之江,4,一般戦,晴,無風,0,1,2,1,3577,向 所 浩 二,34,69,6.89,1,0.20,1.51.9,2-1-4,3750,18,2-1,1340,6,1-2-4,350,1,1-2,460,3,,,,,,,
20260116,住之江,4,一般戦,晴,無風,0,1,3,4,4314,青 木 幸太郎,75,80,6.84,4,0.26,1.52.4,2-1-4,3750,18,2-1,1340,6,1-2-4,350,1,1-2,460,3,,,,,,,
20260116,住之江,4,一般戦,晴,無風,0,1,4,5,4219,本 岡 勝 利,25,32,6.84,5,0.26,1.53.1,2-1-4,3750,18,2-1,1340,6,1-2-4,350,1,1-2,460,3,,,,,,,
20260116,住之江,4,一般戦,晴,無風,0,1,5,6,4156,浜 野 孝 志,85,16,6.94,6,0.34,1.55.3,2-1-4,3750,18,2-1,1340,6,1-2-4,350,1,1-2,460,3,,,,,,,
20260116,住之江,4,一般戦,晴,無風,0,1,6,3,4034,西 原 明 生,59,50,6.87,3,0.30,1.57.5,2-1-4,3750,18,2-1,1340,6,1-2-4,350,1,1-2,460,3,,,,,,,
20260116,住之江,5,住之江ファイ,晴,無風,0,1,1,1,5010,宇留田 翔 平,66,87,6.87,1,0.17,1.50.0,1-2-5,3770,10,1-2,260,1,1-2-5,1940,6,1-2,210,1,,,,,,,
20260116,住之江,5,住之江ファイ,晴,無風,0,1,2,2,3681,山 谷 央,27,76,6.86,2,0.15,1.51.2,1-2-5,3770,10,1-2,260,1,1-2-5,1940,6,1-2,210,1,,,,,,,
20260116,住之江,5,住之江ファイ,晴,無風,0,1,3,5,5103,芝 田 京 介,30,79,6.82,6,0.13,1.52.4,1-2-5,3770,10,1-2,260,1,1-2-5,1940,6,1-2,210,1,,,,,,,
20260116,住之江,5,住之江ファイ,晴,無風,0,1,4,6,4516,野 口 勝 弘,64,57,6.77,5,0.12,1.52.6,1-2-5,3770,10,1-2,260,1,1-2-5,1940,6,1-2,210,1,,,,,,,
20260116,住之江,5,住之江ファイ,晴,無風,0,1,5,4,2878,富 山 弘 幸,68,64,6.87,4,0.13,1.53.7,1-2-5,3770,10,1-2,260,1,1-2-5,1940,6,1-2,210,1,,,,,,,
20260116,住之江,5,住之江ファイ,晴,無風,0,1,6,3,3839,川 合 理 司,61,21,6.96,3,0.27,1.56.6,1-2-5,3770,10,1-2,260,1,1-2-5,1940,6,1-2,210,1,,,,,,,
20260116,住之江,6,一般戦,晴,無風,0,1,1,3,4931,木 谷 賢 太,57,38,6.78,3,0.22,1.48.5,3-5-1,1120,4,3-5,570,2,1-3-5,200,1,3-5,310,2,,,,,,,
20260116,住之江,6,一般戦,晴,無風,0,1,2,5,3719,辻 栄 蔵,67,14,6.84,5,0.19,1.50.9,3-5-1,1120,4,3-5,570,2,1-3-5,200,1,3-5,310,2,,,,,,,
20260116,住之江,6,一般戦,晴,無風,0,1,3,1,4346,前 田 健太郎,37,34,6.85,1,0.25,1.53.2,3-5-1,1120,4,3-5,570,2,1-3-5,200,1,3-5,310,2,,,,,,,
20260116,住之江,6,一般戦,晴,無風,0,1,4,6,5345,牧 村 俊 輝,80,51,6.88,6,0.23,1.54.0,3-5-1,1120,4,3-5,570,2,1-3-5,200,1,3-5,310,2,,,,,,,
20260116,住之江,6,一般戦,晴,無風,0,1,5,4,4664,東 口 晃,20,55,6.83,4,0.28,1.55.2,3-5-1,1120,4,3-5,570,2,1-3-5,200,1,3-5,310,2,,,,,,,
20260116,住之江,6,一般戦,晴,無風,0,1,6,2,4138,中 井 俊 祐,88,26,6.92,2,0.28,1.56.5,3-5-1,1120,4,3-5,570,2,1-3-5,200,1,3-5,310,2,,,,,,,
20260116,住之江,7,一般戦,晴,無風,0,1,1,4,4635,峰 重 力 也,33,11,6.84,4,0.06,1.49.5,4-5-1,21500,55,4-5,6890,17,1-4-5,2430,12,4-5,4250,12,,,,,,,
20260116,住之江,7,一般戦,晴,無風,0,1,2,5,4906,鈴 木 雅 希,82,91,6.85,6,0.14,1.50.5,4-5-1,21500,55,4-5,6890,17,1-4-5,2430,12,4-5,4250,12,,,,,,,
20260116,住之江,7,一般戦,晴,無風,0,1,3,1,4951,新 田 洋 一,63,20,6.79,1,0.20,1.51.4,4-5-1,21500,55,4-5,6890,17,1-4-5,2430,12,4-5,4250,12,,,,,,,
20260116,住之江,7,一般戦,晴,無風,0,1,4,6,3960,菊 地 孝 平,16,67,6.81,5,0.08,1.52.6,4-5-1,21500,55,4-5,6890,17,1-4-5,2430,12,4-5,4250,12,,,,,,,
20260116,住之江,7,一般戦,晴,無風,0,1,5,2,4298,宮 下 元 胤,74,70,6.81,2,0.18,1.55.1,4-5-1,21500,55,4-5,6890,17,1-4-5,2430,12,4-5,4250,12,,,,,,,
20260116,住之江,7,一般戦,晴,無風,0,1,6,3,4325,新 出 浩 司,12,19,6.89,3,0.14,1.56.1,4-5-1,21500,55,4-5,6890,17,1-4-5,2430,12,4-5,4250,12,,,,,,,
20260116,住之江,8,一般戦,晴,無風,0,1,1,1,4469,土 山 卓 也,35,71,6.87,1,0.08,1.48.9,1-3-4,1040,2,1-3,240,1,1-3-4,650,3,1-3,290,1,,,,,,,
20260116,住之江,8,一般戦,晴,無風,0,1,2,3,5005,石 田 貴 洋,56,60,6.84,3,0.11,1.51.1,1-3-4,1040,2,1-3,240,1,1-3-4,650,3,1-3,290,1,,,,,,,
20260116,住之江,8,一般戦,晴,無風,0,1,3,4,5033,藤 原 孝 斗,69,94,6.86,4,0.16,1.51.8,1-3-4,1040,2,1-3,240,1,1-3-4,650,3,1-3,290,1,,,,,,,
20260116,住之江,8,一般戦,晴,無風,0,1,4,6,5441,鈴 木 雄 登,23,83,6.76,6,0.19,1.52.7,1-3-4,1040,2,1-3,240,1,1-3-4,650,3,1-3,290,1,,,,,,,
20260116,住之江,8,一般戦,晴,無風,0,1,5,5,3951,石 川 吉 鎬,52,56,6.89,5,0.21,1.54.7,1-3-4,1040,2,1-3,240,1,1-3-4,650,3,1-3,290,1,,,,,,,
20260116,住之江,8,一般戦,晴,無風,0,1,6,2,4439,近 藤 友 宝,65,36,6.85,2,0.12,1.57.2,1-3-4,1040,2,1-3,240,1,1-3-4,650,3,1-3,290,1,,,,,,,
20260116,住之江,9,住之江選抜,晴,無風,0,1,1,1,3744,徳 増 秀 樹,83,89,6.78,1,0.21,1.49.7,1-5-6,4540,16,1-5,880,4,1-5-6,1770,10,1-5,960,5,,,,,,,
20260116,住之江,9,住之江選抜,晴,無風,0,1,2,5,4549,小 林 文 彦,60,54,6.87,5,0.24,1.50.8,1-5-6,4540,16,1-5,880,4,1-5-6,1770,10,1-5,960,5,,,,,,,
20260116,住之江,9,住之江選抜,晴,無風,0,1,3,6,3541,三 嶌 誠 司,54,85,6.87,6,0.20,1.52.4,1-5-6,4540,16,1-5,880,4,1-5-6,1770,10,1-5,960,5,,,,,,,
20260116,住之江,9,住之江選抜,晴,無風,0,1,4,3,4930,佐 藤 悠,19,77,6.91,3,0.20,1.52.8,1-5-6,4540,16,1-5,880,4,1-5-6,1770,10,1-5,960,5,,,,,,,
20260116,住之江,9,住之江選抜,晴,無風,0,1,5,4,3850,小 川 知 行,39,27,6.81,4,0.22,1.54.3,1-5-6,4540,16,1-5,880,4,1-5-6,1770,10,1-5,960,5,,,,,,,
20260116,住之江,9,住之江選抜,晴,無風,0,1,6,2,4219,本 岡 勝 利,25,32,6.85,2,0.22,1.55.3,1-5-6,4540,16,1-5,880,4,1-5-6,1770,10,1-5,960,5,,,,,,,
20260116,住之江,10,選抜戦,晴,無風,0,1,1,1,3719,辻 栄 蔵,67,14,6.81,1,0.14,1.49.2,1-2-4,470,1,1-2,300,2,1-2-4,220,1,1-2,260,2,,,,,,,
20260116,住之江,10,選抜戦,晴,無風,0,1,2,2,4314,青 木 幸太郎,75,80,6.83,2,0.13,1.50.3,1-2-4,470,1,1-2,300,2,1-2-4,220,1,1-2,260,2,,,,,,,
20260116,住之江,10,選抜戦,晴,無風,0,1,3,4,4931,木 谷 賢 太,57,38,6.83,4,0.15,1.52.0,1-2-4,470,1,1-2,300,2,1-2-4,220,1,1-2,260,2,,,,,,,
20260116,住之江,10,選抜戦,晴,無風,0,1,4,3,2878,富 山 弘 幸,68,64,6.96,3,0.09,1.53.6,1-2-4,470,1,1-2,300,2,1-2-4,220,1,1-2,260,2,,,,,,,
20260116,住之江,10,選抜戦,晴,無風,0,1,5,6,3578,塩 田 雄 一,24,25,6.89,6,0.18,1.54.2,1-2-4,470,1,1-2,300,2,1-2-4,220,1,1-2,260,2,,,,,,,
20260116,住之江,10,選抜戦,晴,無風,0,1,6,5,3577,向 所 浩 二,34,69,6.89,5,0.13,1.57.4,1-2-4,470,1,1-2,300,2,1-2-4,220,1,1-2,260,2,,,,,,,
20260116,住之江,11,選抜戦,晴,無風,0,1,1,1,3960,菊 地 孝 平,16,67,6.87,1,0.07,1.56.6,1-2-4,480,1,1-2,180,1,1-2-4,300,1,1-2,190,1,,,,,,,
20260116,住之江,11,選抜戦,晴,無風,0,1,2,2,4516,野 口 勝 弘,64,57,6.77,2,0.12,1.59.4,1-2-4,480,1,1-2,180,1,1-2-4,300,1,1-2,190,1,,,,,,,
20260116,住之江,11,選抜戦,晴,無風,0,1,3,4,4951,新 田 洋 一,63,20,6.82,4,0.09,2.03.9,1-2-4,480,1,1-2,180,1,1-2-4,300,1,1-2,190,1,,,,,,,
20260116,住之江,11,選抜戦,晴,無風,0,1,4,3,4346,前 田 健太郎,37,34,6.87,3,0.14,2.07.8,1-2-4,480,1,1-2,180,1,1-2-4,300,1,1-2,190,1,,,,,,,
20260116,住之江,11,選抜戦,晴,無風,0,1,5,6,4583,古 田 祐 貴,79,17,6.99,6,0.20,2.12.8,1-2-4,480,1,1-2,180,1,1-2-4,300,1,1-2,190,1,,,,,,,
20260116,住之江,11,選抜戦,晴,無風,0,1,S1,5,5010,宇留田 翔 平,66,87,6.91,5,0.11,,1-2-4,480,1,1-2,180,1,1-2-4,300,1,1-2,190,1,,,,,,,
20260116,住之江,12,優勝戦,晴,無風,0,1,1,1,4452,松 尾 祭,14,30,6.79,1,0.13,1.48.4,1-2-6,2160,7,1-2,360,1,1-2-6,1060,6,1-2,240,1,,,,,,,
20260116,住之江,12,優勝戦,晴,無風,0,1,2,2,4587,木 田 峰由季,51,22,6.78,2,0.13,1.50.6,1-2-6,2160,7,1-2,360,1,1-2-6,1060,6,1-2,240,1,,,,,,,
20260116,住之江,12,優勝戦,晴,無風,0,1,3,6,4739,中 村 晃 朋,76,58,6.88,6,0.18,1.51.5,1-2-6,2160,7,1-2,360,1,1-2-6,1060,6,1-2,240,1,,,,,,,
20260116,住之江,12,優勝戦,晴,無風,0,1,4,4,4261,岡 祐 臣,90,84,6.89,4,0.11,1.52.9,1-2-6,2160,7,1-2,360,1,1-2-6,1060,6,1-2,240,1,,,,,,,
20260116,住之江,12,優勝戦,晴,無風,0,1,5,5,4080,山 崎 哲 司,71,72,6.84,5,0.17,1.54.9,1-2-6,2160,7,1-2,360,1,1-2-6,1060,6,1-2,240,1,,,,,,,
20260116,住之江,12,優勝戦,晴,無風,0,1,6,3,4578,藤 山 雅 弘,89,95,6.83,3,0.23,1.57.4,1-2-6,2160,7,1-2,360,1,1-2-6,1060,6,1-2,240,1,,,,,,,
20260116,児島,1,朝得ガァ～コ,晴,南,2,3,1,1,4017,向 井 美 鈴,70,44,6.76,1,0.23,1.48.7,1-4-6,2220,7,1-4,520,3,1-4-6,970,5,1-4,320,1,,,,,,,
20260116,児島,1,朝得ガァ～コ,晴,南,2,3,2,4,3543,福 田 雅 一,56,47,6.76,4,0.18,1.50.3,1-4-6,2220,7,1-4,520,3,1-4-6,970,5,1-4,320,1,,,,,,,
20260116,児島,1,朝得ガァ～コ,晴,南,2,3,3,6,5352,西 岡 蒼 志,13,71,6.73,6,0.22,1.50.6,1-4-6,2220,7,1-4,520,3,1-4-6,970,5,1-4,320,1,,,,,,,
20260116,児島,1,朝得ガァ～コ,晴,南,2,3,4,3,4499,滝 川 真由子,53,69,6.81,3,0.23,1.52.6,1-4-6,2220,7,1-4,520,3,1-4-6,970,5,1-4,320,1,,,,,,,
20260116,児島,1,朝得ガァ～コ,晴,南,2,3,5,5,4919,吉 田 翔 悟,32,21,6.76,5,0.20,,1-4-6,2220,7,1-4,520,3,1-4-6,970,5,1-4,320,1,,,,,,,
20260116,児島,1,朝得ガァ～コ,晴,南,2,3,6,2,3619,長谷川 充,51,12,6.82,2,0.25,,1-4-6,2220,7,1-4,520,3,1-4-6,970,5,1-4,320,1,,,,,,,
20260116,児島,2,予選,晴,南東,3,3,1,6,4648,木 村 亮 太,21,52,6.68,6,0.14,1.48.8,6-2-3,60920,107,6-2,8320,26,2-3-6,2010,13,2-6,1910,11,,,,,,,
20260116,児島,2,予選,晴,南東,3,3,2,2,4966,田 川 大 貴,15,17,6.65,2,0.06,1.49.4,6-2-3,60920,107,6-2,8320,26,2-3-6,2010,13,2-6,1910,11,,,,,,,
20260116,児島,2,予選,晴,南東,3,3,3,3,3757,畑 和 宏,26,64,6.87,3,0.04,1.51.0,6-2-3,60920,107,6-2,8320,26,2-3-6,2010,13,2-6,1910,11,,,,,,,
20260116,児島,2,予選,晴,南東,3,3,4,5,4495,森 晋太郎,61,29,6.70,5,0.10,1.52.5,6-2-3,60920,107,6-2,8320,26,2-3-6,2010,13,2-6,1910,11,,,,,,,
20260116,児島,2,予選,晴,南東,3,3,5,4,4501,樋 口 由加里,16,72,6.77,4,0.08,,6-2-3,60920,107,6-2,8320,26,2-3-6,2010,13,2-6,1910,11,,,,,,,
20260116,児島,2,予選,晴,南東,3,3,6,1,3891,谷 口 健 一,19,38,6.75,1,0.16,,6-2-3,60920,107,6-2,8320,26,2-3-6,2010,13,2-6,1910,11,,,,,,,
20260116,児島,3,予選,晴,南東,2,3,1,1,4004,山 本 浩 輔,55,43,6.68,1,0.10,1.49.0,1-3-2,3020,10,1-3,1900,8,1-2-3,600,3,1-3,1750,6,,,,,,,
20260116,児島,3,予選,晴,南東,2,3,2,3,4835,橋 本 明,64,37,6.75,3,0.06,1.49.5,1-3-2,3020,10,1-3,1900,8,1-2-3,600,3,1-3,1750,6,,,,,,,
20260116,児島,3,予選,晴,南東,2,3,3,2,4472,尾 嶋 一 広,40,24,6.61,2,0.09,1.51.7,1-3-2,3020,10,1-3,1900,8,1-2-3,600,3,1-3,1750,6,,,,,,,
20260116,児島,3,予選,晴,南東,2,3,4,5,4842,山 下 昂 大,68,28,6.84,5,0.06,1.52.7,1-3-2,3020,10,1-3,1900,8,1-2-3,600,3,1-3,1750,6,,,,,,,
20260116,児島,3,予選,晴,南東,2,3,5,4,3748,小 黒 竜 吾,12,15,6.73,4,0.05,,1-3-2,3020,10,1-3,1900,8,1-2-3,600,3,1-3,1750,6,,,,,,,
20260116,児島,3,予選,晴,南東,2,3,6,6,5191,飛 田 江 己,65,59,6.72,6,0.11,,1-3-2,3020,10,1-3,1900,8,1-2-3,600,3,1-3,1750,6,,,,,,,
20260116,児島,4,コジマだ４っ,晴,南東,3,3,1,3,4297,山 田 哲 也,52,67,6.59,4,0.10,1.50.0,3-6-4,2000,6,3-6,740,4,3-4-6,510,3,3-6,550,3,,,,,,,
20260116,児島,4,コジマだ４っ,晴,南東,3,3,2,6,4173,岡 谷 健 吾,49,53,6.84,6,0.08,1.50.8,3-6-4,2000,6,3-6,740,4,3-4-6,510,3,3-6,550,3,,,,,,,
20260116,児島,4,コジマだ４っ,晴,南東,3,3,3,4,3265,今 村 暢 孝,46,45,6.80,1,0.26,1.51.4,3-6-4,2000,6,3-6,740,4,3-4-6,510,3,3-6,550,3,,,,,,,
20260116,児島,4,コジマだ４っ,晴,南東,3,3,4,5,4059,入 澤 友 治,38,51,6.79,5,0.11,1.52.9,3-6-4,2000,6,3-6,740,4,3-4-6,510,3,3-6,550,3,,,,,,,
20260116,児島,4,コジマだ４っ,晴,南東,3,3,5,1,3870,寺 嶋 雄,33,16,6.77,2,0.32,,3-6-4,2000,6,3-6,740,4,3-4-6,510,3,3-6,550,3,,,,,,,
20260116,児島,4,コジマだ４っ,晴,南東,3,3,6,2,3660,長谷川 親 王,59,60,6.75,3,0.45,,3-6-4,2000,6,3-6,740,4,3-4-6,510,3,3-6,550,3,,,,,,,
20260116,児島,5,日替艇食戦,晴,南東,2,3,1,1,5088,高 憧 四 季,47,63,6.73,1,0.15,1.49.3,1-5-3,1260,2,1-5,500,2,1-3-5,340,1,1-5,370,2,,,,,,,
20260116,児島,5,日替艇食戦,晴,南東,2,3,2,5,4090,中 村 尊,30,42,6.73,5,0.16,1.49.8,1-5-3,1260,2,1-5,500,2,1-3-5,340,1,1-5,370,2,,,,,,,
20260116,児島,5,日替艇食戦,晴,南東,2,3,3,3,3703,鳥 飼 眞,25,57,6.69,3,0.18,1.51.7,1-5-3,1260,2,1-5,500,2,1-3-5,340,1,1-5,370,2,,,,,,,
20260116,児島,5,日替艇食戦,晴,南東,2,3,4,2,5352,西 岡 蒼 志,13,71,6.69,2,0.13,1.52.1,1-5-3,1260,2,1-5,500,2,1-3-5,340,1,1-5,370,2,,,,,,,
20260116,児島,5,日替艇食戦,晴,南東,2,3,5,6,5417,小 柳 勝 希,22,20,6.72,6,0.22,,1-5-3,1260,2,1-5,500,2,1-3-5,340,1,1-5,370,2,,,,,,,
20260116,児島,5,日替艇食戦,晴,南東,2,3,6,4,4631,新 井 英 孝,69,73,6.73,4,0.12,,1-5-3,1260,2,1-5,500,2,1-3-5,340,1,1-5,370,2,,,,,,,
20260116,児島,6,昼得クラリス,晴,南,4,3,1,1,3257,田 頭 実,60,34,6.87,1,0.05,1.48.4,1-2-3,590,2,1-2,300,2,1-2-3,160,1,1-2,430,2,,,,,,,
20260116,児島,6,昼得クラリス,晴,南,4,3,2,2,3406,中 里 英 夫,18,13,6.73,2,0.11,1.49.5,1-2-3,590,2,1-2,300,2,1-2-3,160,1,1-2,430,2,,,,,,,
20260116,児島,6,昼得クラリス,晴,南,4,3,3,3,4832,権 藤 俊 光,39,18,6.74,3,0.10,1.50.2,1-2-3,590,2,1-2,300,2,1-2-3,160,1,1-2,430,2,,,,,,,
20260116,児島,6,昼得クラリス,晴,南,4,3,4,4,3949,今 出 晋 二,24,48,6.81,4,0.14,1.51.8,1-2-3,590,2,1-2,300,2,1-2-3,160,1,1-2,430,2,,,,,,,
20260116,児島,6,昼得クラリス,晴,南,4,3,5,6,4499,滝 川 真由子,53,69,6.89,6,0.19,,1-2-3,590,2,1-2,300,2,1-2-3,160,1,1-2,430,2,,,,,,,
20260116,児島,6,昼得クラリス,晴,南,4,3,6,5,3906,飯 山 晃 三,66,62,6.82,5,0.20,,1-2-3,590,2,1-2,300,2,1-2-3,160,1,1-2,430,2,,,,,,,
20260116,児島,7,予選,晴,北西,3,3,1,3,4584,村 岡 賢 人,48,50,6.67,3,0.10,1.47.8,3-1-5,1660,5,3-1,480,2,1-3-5,740,4,1-3,220,1,,,,,,,
20260116,児島,7,予選,晴,北西,3,3,2,1,4106,坂 井 康 嗣,43,23,6.75,1,0.13,1.51.2,3-1-5,1660,5,3-1,480,2,1-3-5,740,4,1-3,220,1,,,,,,,
20260116,児島,7,予選,晴,北西,3,3,3,5,4017,向 井 美 鈴,70,44,6.76,5,0.17,1.51.9,3-1-5,1660,5,3-1,480,2,1-3-5,740,4,1-3,220,1,,,,,,,
20260116,児島,7,予選,晴,北西,3,3,4,4,3757,畑 和 宏,26,64,6.75,4,0.11,1.53.0,3-1-5,1660,5,3-1,480,2,1-3-5,740,4,1-3,220,1,,,,,,,
20260116,児島,7,予選,晴,北西,3,3,5,2,3482,金 子 猛 志,34,41,6.84,2,0.14,,3-1-5,1660,5,3-1,480,2,1-3-5,740,4,1-3,220,1,,,,,,,
20260116,児島,7,予選,晴,北西,3,3,6,6,5070,中 島 航,11,35,6.83,6,0.23,,3-1-5,1660,5,3-1,480,2,1-3-5,740,4,1-3,220,1,,,,,,,
20260116,児島,8,予選,晴,北西,2,3,1,2,4928,栗 城 匠,27,22,6.70,2,0.09,1.48.2,2-5-4,7630,23,2-5,750,4,2-4-5,2200,7,2-5,730,4,,,,,,,
20260116,児島,8,予選,晴,北西,2,3,2,5,3612,馬 袋 義 則,23,54,6.77,4,0.12,1.50.4,2-5-4,7630,23,2-5,750,4,2-4-5,2200,7,2-5,730,4,,,,,,,
20260116,児島,8,予選,晴,北西,2,3,3,4,4919,吉 田 翔 悟,32,21,6.86,5,0.23,1.51.1,2-5-4,7630,23,2-5,750,4,2-4-5,2200,7,2-5,730,4,,,,,,,
20260116,児島,8,予選,晴,北西,2,3,4,3,4495,森 晋太郎,61,29,6.66,3,0.08,1.52.9,2-5-4,7630,23,2-5,750,4,2-4-5,2200,7,2-5,730,4,,,,,,,
20260116,児島,8,予選,晴,北西,2,3,5,1,4835,橋 本 明,64,37,6.80,1,0.08,,2-5-4,7630,23,2-5,750,4,2-4-5,2200,7,2-5,730,4,,,,,,,
20260116,児島,8,予選,晴,北西,2,3,6,6,5428,古園井 綾 南,17,66,6.71,6,0.18,,2-5-4,7630,23,2-5,750,4,2-4-5,2200,7,2-5,730,4,,,,,,,
20260116,児島,9,予選特賞,晴,北東,1,1,1,1,4297,山 田 哲 也,52,67,6.56,1,0.11,1.48.9,1-2-4,790,3,1-2,410,2,1-2-4,300,1,1-2,400,2,,,,,,,
20260116,児島,9,予選特賞,晴,北東,1,1,2,2,4501,樋 口 由加里,16,72,6.67,2,0.14,1.49.7,1-2-4,790,3,1-2,410,2,1-2-4,300,1,1-2,400,2,,,,,,,
20260116,児島,9,予選特賞,晴,北東,1,1,3,4,4256,渡 辺 浩 司,35,27,6.65,4,0.09,1.51.2,1-2-4,790,3,1-2,410,2,1-2-4,300,1,1-2,400,2,,,,,,,
20260116,児島,9,予選特賞,晴,北東,1,1,4,5,3543,福 田 雅 一,56,47,6.69,5,0.11,1.51.7,1-2-4,790,3,1-2,410,2,1-2-4,300,1,1-2,400,2,,,,,,,
20260116,児島,9,予選特賞,晴,北東,1,1,5,3,5270,小 玉 啓 太,45,25,6.71,3,0.17,,1-2-4,790,3,1-2,410,2,1-2-4,300,1,1-2,400,2,,,,,,,
20260116,児島,9,予選特賞,晴,北東,1,1,6,6,3748,小 黒 竜 吾,12,15,6.74,6,0.15,,1-2-4,790,3,1-2,410,2,1-2-4,300,1,1-2,400,2,,,,,,,
20260116,児島,10,予選特賞,晴,南東,1,1,1,1,4472,尾 嶋 一 広,40,24,6.55,1,0.16,1.48.0,1-5-2,1280,6,1-5,530,3,1-2-5,410,2,1-5,400,3,,,,,,,
20260116,児島,10,予選特賞,晴,南東,1,1,2,5,4530,小 野 生 奈,20,30,6.73,4,0.21,1.48.0,1-5-2,1280,6,1-5,530,3,1-2-5,410,2,1-5,400,3,,,,,,,
20260116,児島,10,予選特賞,晴,南東,1,1,3,2,4631,新 井 英 孝,69,73,6.64,2,0.14,1.50.8,1-5-2,1280,6,1-5,530,3,1-2-5,410,2,1-5,400,3,,,,,,,
20260116,児島,10,予選特賞,晴,南東,1,1,4,4,4966,田 川 大 貴,15,17,6.78,5,0.19,1.52.1,1-5-2,1280,6,1-5,530,3,1-2-5,410,2,1-5,400,3,,,,,,,
20260116,児島,10,予選特賞,晴,南東,1,1,5,6,3619,長谷川 充,51,12,6.73,6,0.21,,1-5-2,1280,6,1-5,530,3,1-2-5,410,2,1-5,400,3,,,,,,,
20260116,児島,10,予選特賞,晴,南東,1,1,6,3,4173,岡 谷 健 吾,49,53,6.67,3,0.19,,1-5-2,1280,6,1-5,530,3,1-2-5,410,2,1-5,400,3,,,,,,,
20260116,児島,11,予選特選,晴,南西,1,1,1,1,4832,権 藤 俊 光,39,18,6.67,1,0.12,1.48.0,1-4-3,820,2,1-4,290,1,1-3-4,360,1,1-4,240,1,,,,,,,
20260116,児島,11,予選特選,晴,南西,1,1,2,4,5191,飛 田 江 己,65,59,6.65,4,0.13,1.48.5,1-4-3,820,2,1-4,290,1,1-3-4,360,1,1-4,240,1,,,,,,,
20260116,児島,11,予選特選,晴,南西,1,1,3,3,4648,木 村 亮 太,21,52,6.68,3,0.14,1.50.2,1-4-3,820,2,1-4,290,1,1-3-4,360,1,1-4,240,1,,,,,,,
20260116,児島,11,予選特選,晴,南西,1,1,4,5,5088,高 憧 四 季,47,63,6.88,5,0.15,1.51.9,1-4-3,820,2,1-4,290,1,1-3-4,360,1,1-4,240,1,,,,,,,
20260116,児島,11,予選特選,晴,南西,1,1,5,2,4059,入 澤 友 治,38,51,6.74,2,0.12,,1-4-3,820,2,1-4,290,1,1-3-4,360,1,1-4,240,1,,,,,,,
20260116,児島,11,予選特選,晴,南西,1,1,6,6,3482,金 子 猛 志,34,41,6.96,6,0.16,,1-4-3,820,2,1-4,290,1,1-3-4,360,1,1-4,240,1,,,,,,,
20260116,児島,12,記者選抜戦,晴,南西,1,1,1,1,4928,栗 城 匠,27,22,6.65,1,0.16,1.47.6,1-4-3,820,2,1-4,330,2,1-3-4,280,1,1-4,270,1,,,,,,,
20260116,児島,12,記者選抜戦,晴,南西,1,1,2,4,4584,村 岡 賢 人,48,50,6.68,4,0.12,1.48.5,1-4-3,820,2,1-4,330,2,1-3-4,280,1,1-4,270,1,,,,,,,
20260116,児島,12,記者選抜戦,晴,南西,1,1,3,3,4090,中 村 尊,30,42,6.76,3,0.14,1.50.4,1-4-3,820,2,1-4,330,2,1-3-4,280,1,1-4,270,1,,,,,,,
20260116,児島,12,記者選抜戦,晴,南西,1,1,4,5,4004,山 本 浩 輔,55,43,6.57,5,0.18,1.51.7,1-4-3,820,2,1-4,330,2,1-3-4,280,1,1-4,270,1,,,,,,,
20260116,児島,12,記者選抜戦,晴,南西,1,1,5,6,3406,中 里 英 夫,18,13,6.76,6,0.22,,1-4-3,820,2,1-4,330,2,1-3-4,280,1,1-4,270,1,,,,,,,
20260116,児島,12,記者選抜戦,晴,南西,1,1,6,2,3265,今 村 暢 孝,46,45,6.75,2,0.12,,1-4-3,820,2,1-4,330,2,1-3-4,280,1,1-4,270,1,,,,,,,
20260116,唐津,1,朝１戦,晴,南,2,2,1,1,4822,百 武 翔,19,16,6.76,1,0.01,1.49.8,1-2-4,430,2,1-2,190,1,1-2-4,210,2,1-2,170,1,,,,,,,
20260116,唐津,1,朝１戦,晴,南,2,2,2,2,3587,武 田 信 一,21,4,6.72,2,0.03,1.51.1,1-2-4,430,2,1-2,190,1,1-2-4,210,2,1-2,170,1,,,,,,,
20260116,唐津,1,朝１戦,晴,南,2,2,3,4,3282,池 本 輝 明,56,39,6.74,4,0.02,1.52.8,1-2-4,430,2,1-2,190,1,1-2-4,210,2,1-2,170,1,,,,,,,
20260116,唐津,1,朝１戦,晴,南,2,2,4,3,3910,松 下 知 幸,12,17,6.74,3,0.03,1.53.6,1-2-4,430,2,1-2,190,1,1-2-4,210,2,1-2,170,1,,,,,,,
20260116,唐津,1,朝１戦,晴,南,2,2,F,5,4060,島 田 一 生,31,51,6.74,5,F0.01,,1-2-4,430,2,1-2,190,1,1-2-4,210,2,1-2,170,1,,,,,,,
20260116,唐津,1,朝１戦,晴,南,2,2,F,6,5401,谷 海夏人,18,24,6.67,6,F0.01,,1-2-4,430,2,1-2,190,1,1-2-4,210,2,1-2,170,1,,,,,,,
20260116,唐津,2,モー２ング戦,晴,南,2,2,1,1,3777,樋 口 亮,47,59,6.65,1,0.22,1.49.2,1-2-6,610,2,1-2,310,2,1-2-6,470,2,1-2,100,1,,,,,,,
20260116,唐津,2,モー２ング戦,晴,南,2,2,2,2,4710,福 田 宗 平,3,50,6.73,2,0.22,1.50.5,1-2-6,610,2,1-2,310,2,1-2-6,470,2,1-2,100,1,,,,,,,
20260116,唐津,2,モー２ング戦,晴,南,2,2,3,6,4661,中 島 昂 章,42,8,6.69,5,0.39,1.52.3,1-2-6,610,2,1-2,310,2,1-2-6,470,2,1-2,100,1,,,,,,,
20260116,唐津,2,モー２ング戦,晴,南,2,2,4,3,3934,鋤 柄 貴 俊,46,26,6.76,3,0.25,1.53.7,1-2-6,610,2,1-2,310,2,1-2-6,470,2,1-2,100,1,,,,,,,
20260116,唐津,2,モー２ング戦,晴,南,2,2,5,4,4511,中 岡 健 人,57,29,6.75,4,0.34,1.54.3,1-2-6,610,2,1-2,310,2,1-2-6,470,2,1-2,100,1,,,,,,,
20260116,唐津,2,モー２ング戦,晴,南,2,2,6,5,3989,熊 本 英 一,27,13,6.76,6,0.43,1.54.3,1-2-6,610,2,1-2,310,2,1-2-6,470,2,1-2,100,1,,,,,,,
20260116,唐津,3,３ライズ戦,晴,南,2,2,1,3,4771,下 寺 秀 和,20,41,6.68,3,0.16,1.49.8,3-1-4,680,2,3-1,310,2,1-3-4,160,1,1-3,140,1,,,,,,,
20260116,唐津,3,３ライズ戦,晴,南,2,2,2,1,3641,一 瀬 明,16,23,6.68,1,0.24,1.50.9,3-1-4,680,2,3-1,310,2,1-3-4,160,1,1-3,140,1,,,,,,,
20260116,唐津,3,３ライズ戦,晴,南,2,2,3,4,3963,原 田 秀 弥,35,20,6.71,4,0.27,1.51.8,3-1-4,680,2,3-1,310,2,1-3-4,160,1,1-3,140,1,,,,,,,
20260116,唐津,3,３ライズ戦,晴,南,2,2,4,5,3176,長谷川 巌,11,55,6.77,5,0.27,1.51.8,3-1-4,680,2,3-1,310,2,1-3-4,160,1,1-3,140,1,,,,,,,
20260116,唐津,3,３ライズ戦,晴,南,2,2,5,6,5214,田 中 宏 典,6,18,6.76,6,0.22,1.53.4,3-1-4,680,2,3-1,310,2,1-3-4,160,1,1-3,140,1,,,,,,,
20260116,唐津,3,３ライズ戦,晴,南,2,2,6,2,4248,岡 本 大,17,60,6.81,2,0.19,1.59.1,3-1-4,680,2,3-1,310,2,1-3-4,160,1,1-3,140,1,,,,,,,
20260116,唐津,4,おは４戦,晴,南西,2,2,1,4,4025,山 本 隆 幸,28,21,6.67,4,0.13,1.48.8,4-2-1,2170,8,4-2,890,3,1-2-4,280,1,2-4,440,3,,,,,,,
20260116,唐津,4,おは４戦,晴,南西,2,2,2,2,3966,作 間 章,32,22,6.69,2,0.18,1.50.6,4-2-1,2170,8,4-2,890,3,1-2-4,280,1,2-4,440,3,,,,,,,
20260116,唐津,4,おは４戦,晴,南西,2,2,3,1,4846,佐 藤 駿 介,14,5,6.67,1,0.09,1.51.6,4-2-1,2170,8,4-2,890,3,1-2-4,280,1,2-4,440,3,,,,,,,
20260116,唐津,4,おは４戦,晴,南西,2,2,4,5,5219,森 口 和 紀,29,14,6.67,5,0.12,1.53.3,4-2-1,2170,8,4-2,890,3,1-2-4,280,1,2-4,440,3,,,,,,,
20260116,唐津,4,おは４戦,晴,南西,2,2,5,6,4172,森 定 晃 史,44,48,6.71,6,0.17,1.54.5,4-2-1,2170,8,4-2,890,3,1-2-4,280,1,2-4,440,3,,,,,,,
20260116,唐津,4,おは４戦,晴,南西,2,2,6,3,4527,高 野 心 吾,41,31,6.70,3,0.15,1.57.4,4-2-1,2170,8,4-2,890,3,1-2-4,280,1,2-4,440,3,,,,,,,
20260116,唐津,5,レッツ５特賞,晴,南西,2,2,1,6,4100,松 田 隆 司,37,56,6.71,4,0.16,1.49.7,6-4-1,25200,45,6-4,9270,16,1-4-6,1100,4,4-6,4480,9,,,,,,,
20260116,唐津,5,レッツ５特賞,晴,南西,2,2,2,4,4496,内 堀 学,51,33,6.70,3,0.16,1.52.0,6-4-1,25200,45,6-4,9270,16,1-4-6,1100,4,4-6,4480,9,,,,,,,
20260116,唐津,5,レッツ５特賞,晴,南西,2,2,3,1,4384,鶴 本 崇 文,10,40,6.75,1,0.14,1.52.3,6-4-1,25200,45,6-4,9270,16,1-4-6,1100,4,4-6,4480,9,,,,,,,
20260116,唐津,5,レッツ５特賞,晴,南西,2,2,4,2,4236,松 村 敏,55,9,6.75,2,0.24,1.52.4,6-4-1,25200,45,6-4,9270,16,1-4-6,1100,4,4-6,4480,9,,,,,,,
20260116,唐津,5,レッツ５特賞,晴,南西,2,2,5,5,5401,谷 海夏人,18,24,6.73,6,0.22,1.54.9,6-4-1,25200,45,6-4,9270,16,1-4-6,1100,4,4-6,4480,9,,,,,,,
20260116,唐津,5,レッツ５特賞,晴,南西,2,2,6,3,4692,酒 井 俊 弘,38,37,6.75,5,0.13,1.55.3,6-4-1,25200,45,6-4,9270,16,1-4-6,1100,4,4-6,4480,9,,,,,,,
20260116,唐津,6,予選,晴,南西,2,2,1,4,4002,古 結 宏,40,2,6.71,3,0.09,1.49.2,4-2-3,5000,19,4-2,1180,7,2-3-4,740,4,2-4,1010,5,,,,,,,
20260116,唐津,6,予選,晴,南西,2,2,2,2,4060,島 田 一 生,31,51,6.75,2,0.11,1.50.5,4-2-3,5000,19,4-2,1180,7,2-3-4,740,4,2-4,1010,5,,,,,,,
20260116,唐津,6,予選,晴,南西,2,2,3,3,4709,岡 村 将 也,54,52,6.76,4,0.11,1.52.4,4-2-3,5000,19,4-2,1180,7,2-3-4,740,4,2-4,1010,5,,,,,,,
20260116,唐津,6,予選,晴,南西,2,2,4,6,3333,丸 尾 義 孝,34,30,6.79,6,0.23,1.53.3,4-2-3,5000,19,4-2,1180,7,2-3-4,740,4,2-4,1010,5,,,,,,,
20260116,唐津,6,予選,晴,南西,2,2,5,5,3775,泉 啓 文,15,38,6.71,5,0.22,1.53.6,4-2-3,5000,19,4-2,1180,7,2-3-4,740,4,2-4,1010,5,,,,,,,
20260116,唐津,6,予選,晴,南西,2,2,6,1,3989,熊 本 英 一,27,13,6.74,1,0.22,1.57.3,4-2-3,5000,19,4-2,1180,7,2-3-4,740,4,2-4,1010,5,,,,,,,
20260116,唐津,7,予選,晴,南西,2,2,1,2,3388,今 垣 光太郎,45,11,6.66,2,0.26,1.49.5,2-1-3,2050,8,2-1,650,1,1-2-3,660,3,1-2,480,3,,,,,,,
20260116,唐津,7,予選,晴,南西,2,2,2,1,3910,松 下 知 幸,12,17,6.72,1,0.19,1.50.6,2-1-3,2050,8,2-1,650,1,1-2-3,660,3,1-2,480,3,,,,,,,
20260116,唐津,7,予選,晴,南西,2,2,3,3,5214,田 中 宏 典,6,18,6.70,3,0.32,1.51.1,2-1-3,2050,8,2-1,650,1,1-2-3,660,3,1-2,480,3,,,,,,,
20260116,唐津,7,予選,晴,南西,2,2,4,4,5063,大 塚 雅 治,24,58,6.74,4,0.28,1.51.9,2-1-3,2050,8,2-1,650,1,1-2-3,660,3,1-2,480,3,,,,,,,
20260116,唐津,7,予選,晴,南西,2,2,5,5,4710,福 田 宗 平,3,50,6.71,5,0.27,1.53.6,2-1-3,2050,8,2-1,650,1,1-2-3,660,3,1-2,480,3,,,,,,,
20260116,唐津,7,予選,晴,南西,2,2,6,6,5343,小 林 礼 央,36,15,6.69,6,0.27,1.55.5,2-1-3,2050,8,2-1,650,1,1-2-3,660,3,1-2,480,3,,,,,,,
20260116,唐津,8,予選,晴,南,2,2,1,1,5042,畑 田 汰 一,25,36,6.70,1,0.23,1.47.6,1-5-4,960,5,1-5,370,2,1-4-5,460,3,1-5,550,3,,,,,,,
20260116,唐津,8,予選,晴,南,2,2,2,5,3641,一 瀬 明,16,23,6.67,5,0.18,1.50.1,1-5-4,960,5,1-5,370,2,1-4-5,460,3,1-5,550,3,,,,,,,
20260116,唐津,8,予選,晴,南,2,2,3,4,4661,中 島 昂 章,42,8,6.64,4,0.22,1.51.3,1-5-4,960,5,1-5,370,2,1-4-5,460,3,1-5,550,3,,,,,,,
20260116,唐津,8,予選,晴,南,2,2,4,2,5012,加 倉 侑 征,39,54,6.66,2,0.09,1.52.0,1-5-4,960,5,1-5,370,2,1-4-5,460,3,1-5,550,3,,,,,,,
20260116,唐津,8,予選,晴,南,2,2,5,3,3282,池 本 輝 明,56,39,6.71,3,0.14,1.53.3,1-5-4,960,5,1-5,370,2,1-4-5,460,3,1-5,550,3,,,,,,,
20260116,唐津,8,予選,晴,南,2,2,6,6,5431,得 山 大 輝,43,25,6.69,6,0.21,1.57.5,1-5-4,960,5,1-5,370,2,1-4-5,460,3,1-5,550,3,,,,,,,
20260116,唐津,9,予選,晴,南,3,3,1,1,4527,高 野 心 吾,41,31,6.67,1,0.13,1.50.0,1-3-5,1210,2,1-3,580,2,1-3-5,350,1,1-3,260,1,,,,,,,
20260116,唐津,9,予選,晴,南,3,3,2,3,4702,三 浦 敬 太,9,53,6.77,3,0.12,1.51.5,1-3-5,1210,2,1-3,580,2,1-3-5,350,1,1-3,260,1,,,,,,,
20260116,唐津,9,予選,晴,南,3,3,3,5,4822,百 武 翔,19,16,6.78,6,0.15,1.53.1,1-3-5,1210,2,1-3,580,2,1-3-5,350,1,1-3,260,1,,,,,,,
20260116,唐津,9,予選,晴,南,3,3,4,4,3934,鋤 柄 貴 俊,46,26,6.79,4,0.19,1.54.0,1-3-5,1210,2,1-3,580,2,1-3-5,350,1,1-3,260,1,,,,,,,
20260116,唐津,9,予選,晴,南,3,3,5,6,4692,酒 井 俊 弘,38,37,6.67,5,0.08,1.55.6,1-3-5,1210,2,1-3,580,2,1-3-5,350,1,1-3,260,1,,,,,,,
20260116,唐津,9,予選,晴,南,3,3,6,2,3176,長谷川 巌,11,55,6.76,2,0.19,1.58.7,1-3-5,1210,2,1-3,580,2,1-3-5,350,1,1-3,260,1,,,,,,,
20260116,唐津,10,予選特賞,晴,南,3,3,1,2,4002,古 結 宏,40,2,6.69,2,0.17,1.49.9,2-5-4,12830,48,2-5,1500,7,2-4-5,2120,11,2-5,990,4,,,,,,,
20260116,唐津,10,予選特賞,晴,南,3,3,2,5,4610,佐 藤 大 佑,50,7,6.71,5,0.12,1.50.8,2-5-4,12830,48,2-5,1500,7,2-4-5,2120,11,2-5,990,4,,,,,,,
20260116,唐津,10,予選特賞,晴,南,3,3,3,4,4384,鶴 本 崇 文,10,40,6.78,4,0.18,1.52.0,2-5-4,12830,48,2-5,1500,7,2-4-5,2120,11,2-5,990,4,,,,,,,
20260116,唐津,10,予選特賞,晴,南,3,3,4,6,3966,作 間 章,32,22,6.79,6,0.18,1.53.4,2-5-4,12830,48,2-5,1500,7,2-4-5,2120,11,2-5,990,4,,,,,,,
20260116,唐津,10,予選特賞,晴,南,3,3,5,3,4172,森 定 晃 史,44,48,6.70,3,0.18,1.53.8,2-5-4,12830,48,2-5,1500,7,2-4-5,2120,11,2-5,990,4,,,,,,,
20260116,唐津,10,予選特賞,晴,南,3,3,6,1,5081,篠 原 飛 翔,53,43,6.73,1,0.15,1.55.1,2-5-4,12830,48,2-5,1500,7,2-4-5,2120,11,2-5,990,4,,,,,,,
20260116,唐津,11,宝当特選,晴,南西,2,2,1,1,4771,下 寺 秀 和,20,41,6.69,1,0.16,1.48.5,1-5-4,1390,5,1-5,410,3,1-4-5,420,3,1-5,550,3,,,,,,,
20260116,唐津,11,宝当特選,晴,南西,2,2,2,5,4428,有 賀 達 也,52,49,6.71,4,0.18,1.49.9,1-5-4,1390,5,1-5,410,3,1-4-5,420,3,1-5,550,3,,,,,,,
20260116,唐津,11,宝当特選,晴,南西,2,2,3,4,4236,松 村 敏,55,9,6.73,3,0.16,1.51.1,1-5-4,1390,5,1-5,410,3,1-4-5,420,3,1-5,550,3,,,,,,,
20260116,唐津,11,宝当特選,晴,南西,2,2,4,3,4259,真 庭 明 志,4,57,6.64,2,0.16,1.53.0,1-5-4,1390,5,1-5,410,3,1-4-5,420,3,1-5,550,3,,,,,,,
20260116,唐津,11,宝当特選,晴,南西,2,2,5,6,4709,岡 村 将 也,54,52,6.78,5,0.23,1.55.9,1-5-4,1390,5,1-5,410,3,1-4-5,420,3,1-5,550,3,,,,,,,
20260116,唐津,11,宝当特選,晴,南西,2,2,K1,2,3523,寳 田 亮 治,22,44 K,,,,,1-5-4,1390,5,1-5,410,3,1-4-5,420,3,1-5,550,3,,,,,,,
20260116,唐津,12,からっキー選,晴,北,2,2,1,1,3388,今 垣 光太郎,45,11,6.69,1,0.06,1.48.9,1-6-4,2150,8,1-6,1210,5,1-4-6,440,1,1-6,810,4,,,,,,,
20260116,唐津,12,からっキー選,晴,北,2,2,2,6,4025,山 本 隆 幸,28,21,6.67,6,0.09,1.50.6,1-6-4,2150,8,1-6,1210,5,1-4-6,440,1,1-6,810,4,,,,,,,
20260116,唐津,12,からっキー選,晴,北,2,2,3,4,5042,畑 田 汰 一,25,36,6.75,4,0.11,1.51.5,1-6-4,2150,8,1-6,1210,5,1-4-6,440,1,1-6,810,4,,,,,,,
20260116,唐津,12,からっキー選,晴,北,2,2,4,5,3777,樋 口 亮,47,59,6.70,5,0.14,1.52.7,1-6-4,2150,8,1-6,1210,5,1-4-6,440,1,1-6,810,4,,,,,,,
20260116,唐津,12,からっキー選,晴,北,2,2,5,3,4496,内 堀 学,51,33,6.70,3,0.03,1.53.3,1-6-4,2150,8,1-6,1210,5,1-4-6,440,1,1-6,810,4,,,,,,,
20260116,唐津,12,からっキー選,晴,北,2,2,6,2,3333,丸 尾 義 孝,34,30,6.80,2,0.07,1.56.2,1-6-4,2150,8,1-6,1210,5,1-4-6,440,1,1-6,810,4,,,,,,,
20260116,大村,1,予選,晴,南西,1,1,1,5,4057,松 井 賢 治,57,14,6.86,5,0.08,1.49.7,5-2-4,12260,39,5-2,3750,14,2-4-5,850,5,2-5,720,4,,,,,,,
20260116,大村,1,予選,晴,南西,1,1,2,2,4522,古 澤 光 紀,34,25,6.84,2,0.19,1.51.0,5-2-4,12260,39,5-2,3750,14,2-4-5,850,5,2-5,720,4,,,,,,,
20260116,大村,1,予選,晴,南西,1,1,3,4,3692,竹 腰 正 樹,36,40,6.82,4,0.13,1.52.7,5-2-4,12260,39,5-2,3750,14,2-4-5,850,5,2-5,720,4,,,,,,,
20260116,大村,1,予選,晴,南西,1,1,4,1,5312,川 辺 郭 人,16,64,6.80,1,0.06,1.53.9,5-2-4,12260,39,5-2,3750,14,2-4-5,850,5,2-5,720,4,,,,,,,
20260116,大村,1,予選,晴,南西,1,1,5,3,4068,幸 田 智 裕,44,39,6.79,3,0.48,,5-2-4,12260,39,5-2,3750,14,2-4-5,850,5,2-5,720,4,,,,,,,
20260116,大村,1,予選,晴,南西,1,1,F,6,4747,山 戸 信 二,13,26,6.81,6,F0.04,,5-2-4,12260,39,5-2,3750,14,2-4-5,850,5,2-5,720,4,,,,,,,
20260116,大村,2,予選,晴,南西,1,1,1,1,3558,山 本 浩 次,24,12,6.80,1,0.17,1.49.6,1-3-2,1760,7,1-3,590,3,1-2-3,410,2,1-3,620,4,,,,,,,
20260116,大村,2,予選,晴,南西,1,1,2,3,4995,田 邉 亮 蔵,52,71,6.83,3,0.20,1.51.0,1-3-2,1760,7,1-3,590,3,1-2-3,410,2,1-3,620,4,,,,,,,
20260116,大村,2,予選,晴,南西,1,1,3,2,3841,佐々木 和 伸,31,74,6.86,2,0.19,1.51.9,1-3-2,1760,7,1-3,590,3,1-2-3,410,2,1-3,620,4,,,,,,,
20260116,大村,2,予選,晴,南西,1,1,4,5,5112,砂 長 知 輝,64,34,6.82,5,0.17,1.52.0,1-3-2,1760,7,1-3,590,3,1-2-3,410,2,1-3,620,4,,,,,,,
20260116,大村,2,予選,晴,南西,1,1,5,6,3875,廣 中 良 一,72,56,6.86,6,0.25,,1-3-2,1760,7,1-3,590,3,1-2-3,410,2,1-3,620,4,,,,,,,
20260116,大村,2,予選,晴,南西,1,1,6,4,5284,嘉手苅 徹 哉,56,16,6.85,4,0.20,,1-3-2,1760,7,1-3,590,3,1-2-3,410,2,1-3,620,4,,,,,,,
20260116,大村,3,予選,晴,北西,1,1,1,2,5242,高 山 弘 斗,43,18,6.84,2,0.08,1.48.9,2-3-4,35170,61,2-3,14320,20,2-3-4,2490,10,2-3,4120,10,,,,,,,
20260116,大村,3,予選,晴,北西,1,1,2,3,4339,平 瀬 城 啓,74,76,6.83,3,0.13,1.50.6,2-3-4,35170,61,2-3,14320,20,2-3-4,2490,10,2-3,4120,10,,,,,,,
20260116,大村,3,予選,晴,北西,1,1,3,4,4063,市 橋 卓 士,59,62,6.78,4,0.15,1.51.4,2-3-4,35170,61,2-3,14320,20,2-3-4,2490,10,2-3,4120,10,,,,,,,
20260116,大村,3,予選,晴,北西,1,1,4,5,3888,山 本 英 志,12,67,6.85,5,0.10,1.52.8,2-3-4,35170,61,2-3,14320,20,2-3-4,2490,10,2-3,4120,10,,,,,,,
20260116,大村,3,予選,晴,北西,1,1,5,1,4632,長 尾 京志郎,35,77,6.81,1,0.10,,2-3-4,35170,61,2-3,14320,20,2-3-4,2490,10,2-3,4120,10,,,,,,,
20260116,大村,3,予選,晴,北西,1,1,6,6,3539,金 子 順 一,41,37,6.87,6,0.18,,2-3-4,35170,61,2-3,14320,20,2-3-4,2490,10,2-3,4120,10,,,,,,,
20260116,大村,4,予選,晴,北,1,1,1,1,4258,関 根 彰 人,17,59,6.88,1,0.14,1.49.6,1-2-5,2140,6,1-2,350,1,1-2-5,510,2,1-2,210,1,,,,,,,
20260116,大村,4,予選,晴,北,1,1,2,2,4596,葛 原 大 陽,37,27,6.85,2,0.19,1.50.3,1-2-5,2140,6,1-2,350,1,1-2-5,510,2,1-2,210,1,,,,,,,
20260116,大村,4,予選,晴,北,1,1,3,5,3550,都 築 正 治,55,28,6.88,5,0.15,1.52.7,1-2-5,2140,6,1-2,350,1,1-2-5,510,2,1-2,210,1,,,,,,,
20260116,大村,4,予選,晴,北,1,1,4,6,4336,松 田 竜 馬,29,15,6.84,6,0.10,1.53.7,1-2-5,2140,6,1-2,350,1,1-2-5,510,2,1-2,210,1,,,,,,,
20260116,大村,4,予選,晴,北,1,1,5,4,3964,宮 地 博 士,53,72,6.79,4,0.19,,1-2-5,2140,6,1-2,350,1,1-2-5,510,2,1-2,210,1,,,,,,,
20260116,大村,4,予選,晴,北,1,1,6,3,5027,重 冨 勇 哉,15,29,6.79,3,0.15,,1-2-5,2140,6,1-2,350,1,1-2-5,510,2,1-2,210,1,,,,,,,
20260116,大村,5,予選,晴,南西,1,1,1,1,4226,村 田 浩 司,23,48,6.77,1,0.15,1.48.8,1-2-4,4310,15,1-2,1440,6,1-2-4,1370,4,1-2,850,4,,,,,,,
20260116,大村,5,予選,晴,南西,1,1,2,2,5307,富 永 夏哉人,30,24,6.83,2,0.17,1.50.3,1-2-4,4310,15,1-2,1440,6,1-2-4,1370,4,1-2,850,4,,,,,,,
20260116,大村,5,予選,晴,南西,1,1,3,4,4052,興 津 藍,62,49,6.85,4,0.23,1.51.5,1-2-4,4310,15,1-2,1440,6,1-2-4,1370,4,1-2,850,4,,,,,,,
20260116,大村,5,予選,晴,南西,1,1,4,3,5016,宮 田 龍 馬,11,52,6.75,3,0.15,1.52.8,1-2-4,4310,15,1-2,1440,6,1-2-4,1370,4,1-2,850,4,,,,,,,
20260116,大村,5,予選,晴,南西,1,1,5,6,3921,川 村 正 輝,67,33,6.88,6,0.30,,1-2-4,4310,15,1-2,1440,6,1-2-4,1370,4,1-2,850,4,,,,,,,
20260116,大村,5,予選,晴,南西,1,1,6,5,3953,志 道 吉 和,32,70,6.87,5,0.27,,1-2-4,4310,15,1-2,1440,6,1-2-4,1370,4,1-2,850,4,,,,,,,
20260116,大村,6,予選,晴,東,1,1,1,1,4015,前 野 竜 一,22,36,6.82,1,0.06,1.48.0,1-3-2,750,2,1-3,280,1,1-2-3,380,3,1-3,200,1,,,,,,,
20260116,大村,6,予選,晴,東,1,1,2,3,4430,永 田 秀 二,14,55,6.82,3,0.13,1.50.0,1-3-2,750,2,1-3,280,1,1-2-3,380,3,1-3,200,1,,,,,,,
20260116,大村,6,予選,晴,東,1,1,3,2,4068,幸 田 智 裕,44,39,6.78,2,0.12,1.51.3,1-3-2,750,2,1-3,280,1,1-2-3,380,3,1-3,200,1,,,,,,,
20260116,大村,6,予選,晴,東,1,1,4,6,4278,藤 岡 俊 介,21,22,6.81,6,0.15,1.52.7,1-3-2,750,2,1-3,280,1,1-2-3,380,3,1-3,200,1,,,,,,,
20260116,大村,6,予選,晴,東,1,1,5,4,3820,樫 葉 次 郎,47,66,6.88,4,0.13,,1-3-2,750,2,1-3,280,1,1-2-3,380,3,1-3,200,1,,,,,,,
20260116,大村,6,予選,晴,東,1,1,6,5,5392,安 武 一 也,73,21,6.80,5,0.16,,1-3-2,750,2,1-3,280,1,1-2-3,380,3,1-3,200,1,,,,,,,
20260116,大村,7,予選 進入固定,晴,南東,1,1,1,1,3692,竹 腰 正 樹,36,40,6.82,1,0.06,1.49.5,1-3-2,1080,5,1-3,390,1,1-2-3,410,3,1-3,300,1,,,,,,,
20260116,大村,7,予選 進入固定,晴,南東,1,1,2,3,4790,柳 内 敬 太,63,32,6.80,3,0.15,1.50.7,1-3-2,1080,5,1-3,390,1,1-2-3,410,3,1-3,300,1,,,,,,,
20260116,大村,7,予選 進入固定,晴,南東,1,1,3,2,4603,谷 川 将 太,49,38,6.82,2,0.11,1.51.4,1-3-2,1080,5,1-3,390,1,1-2-3,410,3,1-3,300,1,,,,,,,
20260116,大村,7,予選 進入固定,晴,南東,1,1,4,4,4064,原 田 篤 志,51,61,6.81,4,0.14,1.51.8,1-3-2,1080,5,1-3,390,1,1-2-3,410,3,1-3,300,1,,,,,,,
20260116,大村,7,予選 進入固定,晴,南東,1,1,5,5,3787,天 野 誠,76,65,6.88,5,0.15,,1-3-2,1080,5,1-3,390,1,1-2-3,410,3,1-3,300,1,,,,,,,
20260116,大村,7,予選 進入固定,晴,南東,1,1,6,6,5284,嘉手苅 徹 哉,56,16,6.88,6,0.20,,1-3-2,1080,5,1-3,390,1,1-2-3,410,3,1-3,300,1,,,,,,,
20260116,大村,8,予選,晴,北東,1,1,1,3,4945,上 村 宏 太,68,30,6.80,3,0.23,1.49.1,3-1-2,10030,27,3-1,4890,11,1-2-3,350,2,1-3,680,3,,,,,,,
20260116,大村,8,予選,晴,北東,1,1,2,1,4057,松 井 賢 治,57,14,6.83,1,0.18,1.50.6,3-1-2,10030,27,3-1,4890,11,1-2-3,350,2,1-3,680,3,,,,,,,
20260116,大村,8,予選,晴,北東,1,1,3,2,3679,飯 島 昌 弘,20,75,6.85,2,0.22,1.51.8,3-1-2,10030,27,3-1,4890,11,1-2-3,350,2,1-3,680,3,,,,,,,
20260116,大村,8,予選,晴,北東,1,1,4,6,4695,尾 崎 雄 二,25,78,6.80,6,0.23,1.52.6,3-1-2,10030,27,3-1,4890,11,1-2-3,350,2,1-3,680,3,,,,,,,
20260116,大村,8,予選,晴,北東,1,1,5,4,3558,山 本 浩 次,24,12,6.83,4,0.20,,3-1-2,10030,27,3-1,4890,11,1-2-3,350,2,1-3,680,3,,,,,,,
20260116,大村,8,予選,晴,北東,1,1,6,5,4632,長 尾 京志郎,35,77,6.90,5,0.27,,3-1-2,10030,27,3-1,4890,11,1-2-3,350,2,1-3,680,3,,,,,,,
20260116,大村,9,予選特賞,晴,南東,1,1,1,1,4522,古 澤 光 紀,34,25,6.77,1,0.09,1.48.3,1-3-5,980,3,1-3,310,2,1-3-5,790,2,1-3,230,2,,,,,,,
20260116,大村,9,予選特賞,晴,南東,1,1,2,3,5095,小 原 聡 将,58,63,6.81,3,0.11,1.50.3,1-3-5,980,3,1-3,310,2,1-3-5,790,2,1-3,230,2,,,,,,,
20260116,大村,9,予選特賞,晴,南東,1,1,3,5,5242,高 山 弘 斗,43,18,6.83,5,0.12,1.51.9,1-3-5,980,3,1-3,310,2,1-3-5,790,2,1-3,230,2,,,,,,,
20260116,大村,9,予選特賞,晴,南東,1,1,4,2,4509,平 見 真 彦,48,13,6.79,2,0.14,1.52.0,1-3-5,980,3,1-3,310,2,1-3-5,790,2,1-3,230,2,,,,,,,
20260116,大村,9,予選特賞,晴,南東,1,1,5,4,3875,廣 中 良 一,72,56,6.87,4,0.13,,1-3-5,980,3,1-3,310,2,1-3-5,790,2,1-3,230,2,,,,,,,
20260116,大村,9,予選特賞,晴,南東,1,1,6,6,3964,宮 地 博 士,53,72,6.81,6,0.17,,1-3-5,980,3,1-3,310,2,1-3-5,790,2,1-3,230,2,,,,,,,
20260116,大村,10,予選特選,晴,無風,0,1,1,1,5016,宮 田 龍 馬,11,52,6.72,1,0.08,1.47.2,1-3-6,1310,6,1-3,210,1,1-3-6,760,4,1-3,170,1,,,,,,,
20260116,大村,10,予選特選,晴,無風,0,1,2,3,3841,佐々木 和 伸,31,74,6.84,3,0.11,1.50.0,1-3-6,1310,6,1-3,210,1,1-3-6,760,4,1-3,170,1,,,,,,,
20260116,大村,10,予選特選,晴,無風,0,1,3,6,4402,乙 藤 智 史,66,51,6.84,6,0.15,1.52.0,1-3-6,1310,6,1-3,210,1,1-3-6,760,4,1-3,170,1,,,,,,,
20260116,大村,10,予選特選,晴,無風,0,1,4,2,3550,都 築 正 治,55,28,6.82,2,0.16,1.53.8,1-3-6,1310,6,1-3,210,1,1-3-6,760,4,1-3,170,1,,,,,,,
20260116,大村,10,予選特選,晴,無風,0,1,5,5,4124,池 田 雄 一,54,73,6.84,5,0.13,,1-3-6,1310,6,1-3,210,1,1-3-6,760,4,1-3,170,1,,,,,,,
20260116,大村,10,予選特選,晴,無風,0,1,6,4,5312,川 辺 郭 人,16,64,6.80,4,0.14,,1-3-6,1310,6,1-3,210,1,1-3-6,760,4,1-3,170,1,,,,,,,
20260116,大村,11,予選特選,晴,南東,1,1,1,3,4052,興 津 藍,62,49,6.83,3,0.15,1.48.1,3-1-2,5550,16,3-1,1210,4,1-2-3,430,2,1-3,180,1,,,,,,,
20260116,大村,11,予選特選,晴,南東,1,1,2,1,5112,砂 長 知 輝,64,34,6.78,1,0.19,1.50.0,3-1-2,5550,16,3-1,1210,4,1-2-3,430,2,1-3,180,1,,,,,,,
20260116,大村,11,予選特選,晴,南東,1,1,3,2,3888,山 本 英 志,12,67,6.87,2,0.12,1.51.4,3-1-2,5550,16,3-1,1210,4,1-2-3,430,2,1-3,180,1,,,,,,,
20260116,大村,11,予選特選,晴,南東,1,1,4,6,4596,葛 原 大 陽,37,27,6.87,6,0.14,1.51.6,3-1-2,5550,16,3-1,1210,4,1-2-3,430,2,1-3,180,1,,,,,,,
20260116,大村,11,予選特選,晴,南東,1,1,5,4,4747,山 戸 信 二,13,26,6.82,4,0.13,,3-1-2,5550,16,3-1,1210,4,1-2-3,430,2,1-3,180,1,,,,,,,
20260116,大村,11,予選特選,晴,南東,1,1,6,5,4015,前 野 竜 一,22,36,6.86,5,0.12,,3-1-2,5550,16,3-1,1210,4,1-2-3,430,2,1-3,180,1,,,,,,,
20260116,大村,12,予選特賞,晴,北東,1,1,1,1,4603,谷 川 将 太,49,38,6.82,1,0.14,1.48.9,1-3-5,2690,13,1-3,570,3,1-3-5,1330,8,1-3,680,4,,,,,,,
20260116,大村,12,予選特賞,晴,北東,1,1,2,3,3953,志 道 吉 和,32,70,6.87,3,0.20,1.51.1,1-3-5,2690,13,1-3,570,3,1-3-5,1330,8,1-3,680,4,,,,,,,
20260116,大村,12,予選特賞,晴,北東,1,1,3,5,4339,平 瀬 城 啓,74,76,6.79,5,0.31,1.52.3,1-3-5,2690,13,1-3,570,3,1-3-5,1330,8,1-3,680,4,,,,,,,
20260116,大村,12,予選特賞,晴,北東,1,1,4,2,3820,樫 葉 次 郎,47,66,6.85,2,0.08,1.52.6,1-3-5,2690,13,1-3,570,3,1-3-5,1330,8,1-3,680,4,,,,,,,
20260116,大村,12,予選特賞,晴,北東,1,1,5,4,4258,関 根 彰 人,17,59,6.89,4,0.21,,1-3-5,2690,13,1-3,570,3,1-3-5,1330,8,1-3,680,4,,,,,,,
20260116,大村,12,予選特賞,晴,北東,1,1,6,6,4995,田 邉 亮 蔵,52,71,6.85,6,0.21,,1-3-5,2690,13,1-3,570,3,1-3-5,1330,8,1-3,680,4,,,,,,,
20260116,平和島,1,予選,晴,北,5,3,1,3,3340,池 田 雷 太,17,72,6.84,3,0.14,1.50.4,3-4-6,23860,80,3-4,3370,18,3-4-6,7510,20,3-4,1400,10,,,,,,,
20260116,平和島,1,予選,晴,北,5,3,2,4,4917,岩 橋 裕 馬,72,13,6.79,4,0.16,1.52.1,3-4-6,23860,80,3-4,3370,18,3-4-6,7510,20,3-4,1400,10,,,,,,,
20260116,平和島,1,予選,晴,北,5,3,3,6,4203,小 倉 康 典,37,71,6.77,6,0.19,1.53.5,3-4-6,23860,80,3-4,3370,18,3-4-6,7510,20,3-4,1400,10,,,,,,,
20260116,平和島,1,予選,晴,北,5,3,4,2,3463,乙 津 康 志,14,56,6.79,2,0.16,1.54.1,3-4-6,23860,80,3-4,3370,18,3-4-6,7510,20,3-4,1400,10,,,,,,,
20260116,平和島,1,予選,晴,北,5,3,5,1,3637,齋 藤 和 政,65,14,6.85,1,0.19,,3-4-6,23860,80,3-4,3370,18,3-4-6,7510,20,3-4,1400,10,,,,,,,
20260116,平和島,1,予選,晴,北,5,3,6,5,4927,関 野 文,66,67,6.81,5,0.14,,3-4-6,23860,80,3-4,3370,18,3-4-6,7510,20,3-4,1400,10,,,,,,,
20260116,平和島,2,予選,晴,北,3,3,1,3,4676,後 藤 隼 之,68,75,6.70,3,0.18,1.50.9,3-5-1,20240,69,3-5,5840,20,1-3-5,1630,7,3-5,3590,13,,,,,,,
20260116,平和島,2,予選,晴,北,3,3,2,5,3986,沖 島 広 和,74,11,6.75,5,0.18,1.52.0,3-5-1,20240,69,3-5,5840,20,1-3-5,1630,7,3-5,3590,13,,,,,,,
20260116,平和島,2,予選,晴,北,3,3,3,1,4422,永 井 亮 次,70,73,6.73,1,0.17,1.53.0,3-5-1,20240,69,3-5,5840,20,1-3-5,1630,7,3-5,3590,13,,,,,,,
20260116,平和島,2,予選,晴,北,3,3,4,2,4607,鶴 田 勇 雄,53,64,6.71,2,0.31,1.53.8,3-5-1,20240,69,3-5,5840,20,1-3-5,1630,7,3-5,3590,13,,,,,,,
20260116,平和島,2,予選,晴,北,3,3,5,4,4731,間 野 兼 礼,57,63,6.72,4,0.17,,3-5-1,20240,69,3-5,5840,20,1-3-5,1630,7,3-5,3590,13,,,,,,,
20260116,平和島,2,予選,晴,北,3,3,6,6,3718,伊 達 正 利,34,19,6.73,6,0.20,,3-5-1,20240,69,3-5,5840,20,1-3-5,1630,7,3-5,3590,13,,,,,,,
20260116,平和島,3,予選,晴,北,5,3,1,2,4083,福 島 勇 樹,60,61,6.69,2,0.11,1.50.0,2-4-6,4500,19,2-4,5450,6,2-4-6,1170,6,2-4,6640,4,,,,,,,
20260116,平和島,3,予選,晴,北,5,3,2,4,5190,大 月 遊 雅,44,24,6.63,4,0.12,1.52.2,2-4-6,4500,19,2-4,5450,6,2-4-6,1170,6,2-4,6640,4,,,,,,,
20260116,平和島,3,予選,晴,北,5,3,3,6,4281,大 澤 大 夢,23,69,6.65,6,0.09,1.52.8,2-4-6,4500,19,2-4,5450,6,2-4-6,1170,6,2-4,6640,4,,,,,,,
20260116,平和島,3,予選,晴,北,5,3,4,3,4159,向 後 龍 一,71,44,6.70,3,0.11,1.53.6,2-4-6,4500,19,2-4,5450,6,2-4-6,1170,6,2-4,6640,4,,,,,,,
20260116,平和島,3,予選,晴,北,5,3,5,1,3606,川 北 浩 貴,28,54,6.70,1,0.09,,2-4-6,4500,19,2-4,5450,6,2-4-6,1170,6,2-4,6640,4,,,,,,,
20260116,平和島,3,予選,晴,北,5,3,6,5,5306,河 内 悠利杏,47,70,6.66,5,0.10,,2-4-6,4500,19,2-4,5450,6,2-4-6,1170,6,2-4,6640,4,,,,,,,
20260116,平和島,4,予選,晴,北,2,3,1,4,5090,生 方 靖 亜,49,15,6.77,5,0.10,2.00.9,4-5-1,21100,85,4-5,4100,18,1-4-5,4410,18,4-5,4000,13,,,,,,,
20260116,平和島,4,予選,晴,北,2,3,2,5,4834,浜 本 裕 己,54,59,6.69,6,0.08,2.05.1,4-5-1,21100,85,4-5,4100,18,1-4-5,4410,18,4-5,4000,13,,,,,,,
20260116,平和島,4,予選,晴,北,2,3,3,1,3448,高 山 秀 雄,20,62,6.77,1,0.20,2.10.7,4-5-1,21100,85,4-5,4100,18,1-4-5,4410,18,4-5,4000,13,,,,,,,
20260116,平和島,4,予選,晴,北,2,3,4,3,5308,藤 森 拓 海,59,16,6.77,4,0.15,2.13.7,4-5-1,21100,85,4-5,4100,18,1-4-5,4410,18,4-5,4000,13,,,,,,,
20260116,平和島,4,予選,晴,北,2,3,5,2,4155,長 野 壮志郎,29,17,6.76,3,0.08,,4-5-1,21100,85,4-5,4100,18,1-4-5,4410,18,4-5,4000,13,,,,,,,
20260116,平和島,4,予選,晴,北,2,3,S1,6,3161,古 場 輝 義,25,57,6.79,2,0.17,,4-5-1,21100,85,4-5,4100,18,1-4-5,4410,18,4-5,4000,13,,,,,,,
20260116,平和島,5,東京ベイラン,晴,北,4,3,1,1,3952,中 澤 和 志,73,58,6.67,1,0.16,1.50.2,1-3-2,860,2,1-3,350,2,1-2-3,330,1,1-3,620,2,,,,,,,
20260116,平和島,5,東京ベイラン,晴,北,4,3,2,3,3994,小 野 桜,45,55,6.76,3,0.17,1.51.7,1-3-2,860,2,1-3,350,2,1-2-3,330,1,1-3,620,2,,,,,,,
20260116,平和島,5,東京ベイラン,晴,北,4,3,3,2,4114,深 澤 達 徳,58,53,6.76,2,0.20,1.53.1,1-3-2,860,2,1-3,350,2,1-2-3,330,1,1-3,620,2,,,,,,,
20260116,平和島,5,東京ベイラン,晴,北,4,3,4,4,3804,中 渡 修 作,33,68,6.77,4,0.18,1.53.5,1-3-2,860,2,1-3,350,2,1-2-3,330,1,1-3,620,2,,,,,,,
20260116,平和島,5,東京ベイラン,晴,北,4,3,5,5,5340,樋江井 舞,36,48,6.70,5,0.16,,1-3-2,860,2,1-3,350,2,1-2-3,330,1,1-3,620,2,,,,,,,
20260116,平和島,5,東京ベイラン,晴,北,4,3,6,6,3761,山 本 光 雄,43,21,6.74,6,0.22,,1-3-2,860,2,1-3,350,2,1-2-3,330,1,1-3,620,2,,,,,,,
20260116,平和島,6,予選,晴,北,2,3,1,1,4201,佐 竹 友 樹,46,50,6.77,1,0.17,1.49.6,1-2-5,3740,12,1-2,980,4,1-2-5,850,5,1-2,510,3,,,,,,,
20260116,平和島,6,予選,晴,北,2,3,2,2,4917,岩 橋 裕 馬,72,13,6.71,2,0.22,1.52.0,1-2-5,3740,12,1-2,980,4,1-2-5,850,5,1-2,510,3,,,,,,,
20260116,平和島,6,予選,晴,北,2,3,3,5,3256,三 角 哲 男,24,74,6.78,5,0.24,1.52.7,1-2-5,3740,12,1-2,980,4,1-2-5,850,5,1-2,510,3,,,,,,,
20260116,平和島,6,予選,晴,北,2,3,4,6,4311,岡 村 仁,56,65,6.72,6,0.23,1.54.5,1-2-5,3740,12,1-2,980,4,1-2-5,850,5,1-2,510,3,,,,,,,
20260116,平和島,6,予選,晴,北,2,3,5,4,4422,永 井 亮 次,70,73,6.83,4,0.24,,1-2-5,3740,12,1-2,980,4,1-2-5,850,5,1-2,510,3,,,,,,,
20260116,平和島,6,予選,晴,北,2,3,6,3,5072,吉 田 杏 美,27,23,6.74,3,0.19,,1-2-5,3740,12,1-2,980,4,1-2-5,850,5,1-2,510,3,,,,,,,
20260116,平和島,7,予選,晴,北,3,3,1,2,3606,川 北 浩 貴,28,54,6.75,2,0.07,1.49.4,2-5-1,3070,10,2-5,1640,9,1-2-5,280,1,2-5,780,3,,,,,,,
20260116,平和島,7,予選,晴,北,3,3,2,5,4188,久 田 敏 之,40,22,6.73,5,0.05,1.50.6,2-5-1,3070,10,2-5,1640,9,1-2-5,280,1,2-5,780,3,,,,,,,
20260116,平和島,7,予選,晴,北,3,3,3,1,3986,沖 島 広 和,74,11,6.73,1,0.06,1.52.3,2-5-1,3070,10,2-5,1640,9,1-2-5,280,1,2-5,780,3,,,,,,,
20260116,平和島,7,予選,晴,北,3,3,4,6,4225,土 屋 千 明,19,47,6.79,6,0.06,1.53.4,2-5-1,3070,10,2-5,1640,9,1-2-5,280,1,2-5,780,3,,,,,,,
20260116,平和島,7,予選,晴,北,3,3,5,3,3637,齋 藤 和 政,65,14,6.77,3,0.11,,2-5-1,3070,10,2-5,1640,9,1-2-5,280,1,2-5,780,3,,,,,,,
20260116,平和島,7,予選,晴,北,3,3,6,4,3895,堀 本 裕 也,62,60,6.66,4,0.16,,2-5-1,3070,10,2-5,1640,9,1-2-5,280,1,2-5,780,3,,,,,,,
20260116,平和島,8,ベイブレイク,晴,北,2,3,1,6,5057,上 田 紗 奈,63,66,6.58,6,0.15,1.49.0,6-5-1,69420,103,6-5,19360,27,1-5-6,5640,16,5-6,7980,15,,,,,,,
20260116,平和島,8,ベイブレイク,晴,北,2,3,2,5,3448,高 山 秀 雄,20,62,6.81,5,0.29,1.52.2,6-5-1,69420,103,6-5,19360,27,1-5-6,5640,16,5-6,7980,15,,,,,,,
20260116,平和島,8,ベイブレイク,晴,北,2,3,3,1,4607,鶴 田 勇 雄,53,64,6.76,1,0.27,1.53.4,6-5-1,69420,103,6-5,19360,27,1-5-6,5640,16,5-6,7980,15,,,,,,,
20260116,平和島,8,ベイブレイク,晴,北,2,3,4,2,3340,池 田 雷 太,17,72,6.75,2,0.24,1.53.8,6-5-1,69420,103,6-5,19360,27,1-5-6,5640,16,5-6,7980,15,,,,,,,
20260116,平和島,8,ベイブレイク,晴,北,2,3,5,3,5190,大 月 遊 雅,44,24,6.66,3,0.24,,6-5-1,69420,103,6-5,19360,27,1-5-6,5640,16,5-6,7980,15,,,,,,,
20260116,平和島,8,ベイブレイク,晴,北,2,3,6,4,3854,吉 川 元 浩,22,51,6.75,4,0.21,,6-5-1,69420,103,6-5,19360,27,1-5-6,5640,16,5-6,7980,15,,,,,,,
20260116,平和島,9,予選特賞,晴,北,1,3,1,3,5090,生 方 靖 亜,49,15,6.88,3,0.09,1.50.4,3-2-5,27090,78,3-2,5550,19,2-3-5,4230,16,2-3,1850,8,,,,,,,
20260116,平和島,9,予選特賞,晴,北,1,3,2,2,4123,細 川 裕 子,12,18,6.88,2,0.11,1.51.2,3-2-5,27090,78,3-2,5550,19,2-3-5,4230,16,2-3,1850,8,,,,,,,
20260116,平和島,9,予選特賞,晴,北,1,3,3,5,4159,向 後 龍 一,71,44,6.84,5,0.09,1.52.3,3-2-5,27090,78,3-2,5550,19,2-3-5,4230,16,2-3,1850,8,,,,,,,
20260116,平和島,9,予選特賞,晴,北,1,3,4,6,4573,佐 藤 翼,75,46,6.89,6,0.10,1.52.7,3-2-5,27090,78,3-2,5550,19,2-3-5,4230,16,2-3,1850,8,,,,,,,
20260116,平和島,9,予選特賞,晴,北,1,3,5,4,4114,深 澤 達 徳,58,53,6.92,4,0.12,,3-2-5,27090,78,3-2,5550,19,2-3-5,4230,16,2-3,1850,8,,,,,,,
20260116,平和島,9,予選特賞,晴,北,1,3,6,1,4676,後 藤 隼 之,68,75,6.80,1,0.12,,3-2-5,27090,78,3-2,5550,19,2-3-5,4230,16,2-3,1850,8,,,,,,,
20260116,平和島,10,予選特賞,晴,南,2,3,1,5,4731,間 野 兼 礼,57,63,6.83,5,0.11,1.49.8,5-2-4,57650,120,5-2,9350,30,2-4-5,4570,20,2-5,2720,15,,,,,,,
20260116,平和島,10,予選特賞,晴,南,2,3,2,2,5308,藤 森 拓 海,59,16,6.76,2,0.16,1.51.1,5-2-4,57650,120,5-2,9350,30,2-4-5,4570,20,2-5,2720,15,,,,,,,
20260116,平和島,10,予選特賞,晴,南,2,3,3,4,3994,小 野 桜,45,55,6.80,4,0.13,1.51.9,5-2-4,57650,120,5-2,9350,30,2-4-5,4570,20,2-5,2720,15,,,,,,,
20260116,平和島,10,予選特賞,晴,南,2,3,4,6,4083,福 島 勇 樹,60,61,6.76,6,0.07,1.53.7,5-2-4,57650,120,5-2,9350,30,2-4-5,4570,20,2-5,2720,15,,,,,,,
20260116,平和島,10,予選特賞,晴,南,2,3,5,3,4644,山 田 亮 太,41,52,6.78,3,0.12,,5-2-4,57650,120,5-2,9350,30,2-4-5,4570,20,2-5,2720,15,,,,,,,
20260116,平和島,10,予選特賞,晴,南,2,3,6,1,4927,関 野 文,66,67,6.82,1,0.08,,5-2-4,57650,120,5-2,9350,30,2-4-5,4570,20,2-5,2720,15,,,,,,,
20260116,平和島,11,予選特選,晴,南,1,3,1,4,3686,鳥居塚 孝 博,55,10,6.91,3,0.14,1.50.1,4-5-6,3820,16,4-5,810,5,4-5-6,890,5,4-5,530,3,,,,,,,
20260116,平和島,11,予選特選,晴,南,1,3,2,5,3952,中 澤 和 志,73,58,6.89,4,0.17,1.50.9,4-5-6,3820,16,4-5,810,5,4-5-6,890,5,4-5,530,3,,,,,,,
20260116,平和島,11,予選特選,晴,南,1,3,3,6,3463,乙 津 康 志,14,56,6.89,5,0.19,1.52.5,4-5-6,3820,16,4-5,810,5,4-5-6,890,5,4-5,530,3,,,,,,,
20260116,平和島,11,予選特選,晴,南,1,3,4,2,4588,田 中 京 介,67,12,6.85,1,0.14,1.54.2,4-5-6,3820,16,4-5,810,5,4-5-6,890,5,4-5,530,3,,,,,,,
20260116,平和島,11,予選特選,晴,南,1,3,5,3,3718,伊 達 正 利,34,19,6.82,2,0.19,,4-5-6,3820,16,4-5,810,5,4-5-6,890,5,4-5,530,3,,,,,,,
20260116,平和島,11,予選特選,晴,南,1,3,K0,1,4155,長 野 壮志郎,29,17 K,,,,,4-5-6,3820,16,4-5,810,5,4-5-6,890,5,4-5,530,3,,,,,,,
20260116,平和島,12,記者選抜,晴,無風,0,3,1,4,3256,三 角 哲 男,24,74,6.93,4,0.09,1.49.0,4-2-3,27250,63,4-2,2970,9,2-3-4,4330,15,2-4,1730,7,,,,,,,
20260116,平和島,12,記者選抜,晴,無風,0,3,2,2,4225,土 屋 千 明,19,47,6.99,2,0.10,1.50.2,4-2-3,27250,63,4-2,2970,9,2-3-4,4330,15,2-4,1730,7,,,,,,,
20260116,平和島,12,記者選抜,晴,無風,0,3,3,3,3804,中 渡 修 作,33,68,6.89,3,0.14,1.51.7,4-2-3,27250,63,4-2,2970,9,2-3-4,4330,15,2-4,1730,7,,,,,,,
20260116,平和島,12,記者選抜,晴,無風,0,3,4,1,3854,吉 川 元 浩,22,51,6.85,1,0.10,1.52.0,4-2-3,27250,63,4-2,2970,9,2-3-4,4330,15,2-4,1730,7,,,,,,,
20260116,平和島,12,記者選抜,晴,無風,0,3,5,6,4834,浜 本 裕 己,54,59,6.94,6,0.08,,4-2-3,27250,63,4-2,2970,9,2-3-4,4330,15,2-4,1730,7,,,,,,,
20260116,平和島,12,記者選抜,晴,無風,0,3,6,5,4281,大 澤 大 夢,23,69,6.89,5,0.10,,4-2-3,27250,63,4-2,2970,9,2-3-4,4330,15,2-4,1730,7,,,,,,,
20260116,桐生,1,一般,晴,北西,9,10,1,3,5077,滝 沢 崚,36,68,6.95,4,0.07,1.14.7,3-1-4,3810,16,3-1,1210,5,1-3-4,960,6,1-3,340,1,,,,,,,
20260116,桐生,1,一般,晴,北西,9,10,2,1,3659,藤 生 雄 人,11,75,6.95,1,0.19,1.15.7,3-1-4,3810,16,3-1,1210,5,1-3-4,960,6,1-3,340,1,,,,,,,
20260116,桐生,1,一般,晴,北西,9,10,3,4,4374,永 田 義 紘,66,70,6.90,5,0.05,1.17.2,3-1-4,3810,16,3-1,1210,5,1-3-4,960,6,1-3,340,1,,,,,,,
20260116,桐生,1,一般,晴,北西,9,10,4,6,3920,正 木 聖 賢,63,63,7.01,3,0.27,1.17.9,3-1-4,3810,16,3-1,1210,5,1-3-4,960,6,1-3,340,1,,,,,,,
20260116,桐生,1,一般,晴,北西,9,10,5,2,3596,河 上 年 昭,70,49,6.95,2,0.19,1.18.5,3-1-4,3810,16,3-1,1210,5,1-3-4,960,6,1-3,340,1,,,,,,,
20260116,桐生,1,一般,晴,北西,9,10,6,5,5046,松 山 裕 基,20,64,6.99,6,0.06,1.19.8,3-1-4,3810,16,3-1,1210,5,1-3-4,960,6,1-3,340,1,,,,,,,
20260116,桐生,2,一般,晴,北西,9,10,1,6,4907,小 池 修 平,55,23,6.91,6,0.19,1.14.3,6-2-5,8490,32,6-2,4970,21,2-5-6,770,4,2-6,890,3,,,,,,,
20260116,桐生,2,一般,晴,北西,9,10,2,2,4403,木 下 大 將,41,44,6.94,2,0.20,1.14.5,6-2-5,8490,32,6-2,4970,21,2-5-6,770,4,2-6,890,3,,,,,,,
20260116,桐生,2,一般,晴,北西,9,10,3,5,4319,三 宅 潤,14,61,6.92,5,0.19,1.15.1,6-2-5,8490,32,6-2,4970,21,2-5-6,770,4,2-6,890,3,,,,,,,
20260116,桐生,2,一般,晴,北西,9,10,4,1,5246,楠 将太郎,38,21,6.92,1,0.20,1.15.9,6-2-5,8490,32,6-2,4970,21,2-5-6,770,4,2-6,890,3,,,,,,,
20260116,桐生,2,一般,晴,北西,9,10,5,3,3742,宮 地 秀 祈,62,11,6.89,3,0.24,1.16.9,6-2-5,8490,32,6-2,4970,21,2-5-6,770,4,2-6,890,3,,,,,,,
20260116,桐生,2,一般,晴,北西,9,10,6,4,5368,宮 崎 心之介,68,58,6.79,4,0.36,1.17.6,6-2-5,8490,32,6-2,4970,21,2-5-6,770,4,2-6,890,3,,,,,,,
20260116,桐生,3,一般,晴,北西,8,9,1,5,3946,赤 岩 善 生,73,36,6.86,4,0.12,1.13.4,5-4-3,16100,81,5-4,2000,9,3-4-5,1990,11,4-5,710,3,,,,,,,
20260116,桐生,3,一般,晴,北西,8,9,2,4,4528,黒 井 達 矢,32,53,6.85,3,0.11,1.14.6,5-4-3,16100,81,5-4,2000,9,3-4-5,1990,11,4-5,710,3,,,,,,,
20260116,桐生,3,一般,晴,北西,8,9,3,3,5098,大 江 純,74,43,6.85,5,0.08,1.15.4,5-4-3,16100,81,5-4,2000,9,3-4-5,1990,11,4-5,710,3,,,,,,,
20260116,桐生,3,一般,晴,北西,8,9,4,2,3908,重 成 一 人,28,67,6.96,2,0.23,1.15.8,5-4-3,16100,81,5-4,2000,9,3-4-5,1990,11,4-5,710,3,,,,,,,
20260116,桐生,3,一般,晴,北西,8,9,5,6,5216,長谷川 晴 哉,71,65,6.85,6,0.12,1.17.3,5-4-3,16100,81,5-4,2000,9,3-4-5,1990,11,4-5,710,3,,,,,,,
20260116,桐生,3,一般,晴,北西,8,9,6,1,3868,尾 形 栄 治,53,38,6.84,1,0.16,1.18.3,5-4-3,16100,81,5-4,2000,9,3-4-5,1990,11,4-5,710,3,,,,,,,
20260116,桐生,4,一般,晴,北西,9,10,1,4,3882,新 田 智 彰,30,27,6.94,4,0.07,1.13.5,4-5-1,16990,64,4-5,3180,14,1-4-5,3860,14,4-5,1570,9,,,,,,,
20260116,桐生,4,一般,晴,北西,9,10,2,5,4118,宇佐見 淳,64,42,6.95,5,0.12,1.14.6,4-5-1,16990,64,4-5,3180,14,1-4-5,3860,14,4-5,1570,9,,,,,,,
20260116,桐生,4,一般,晴,北西,9,10,3,1,3714,梶 原 正,24,20,7.00,1,0.15,1.16.1,4-5-1,16990,64,4-5,3180,14,1-4-5,3860,14,4-5,1570,9,,,,,,,
20260116,桐生,4,一般,晴,北西,9,10,4,3,4366,前 沢 丈 史,69,13,6.88,3,0.18,1.16.6,4-5-1,16990,64,4-5,3180,14,1-4-5,3860,14,4-5,1570,9,,,,,,,
20260116,桐生,4,一般,晴,北西,9,10,5,6,4039,村 上 功 祐,18,54,7.02,6,0.13,1.16.6,4-5-1,16990,64,4-5,3180,14,1-4-5,3860,14,4-5,1570,9,,,,,,,
20260116,桐生,4,一般,晴,北西,9,10,6,2,4241,大 串 重 幸,60,71,6.89,2,0.19,1.16.8,4-5-1,16990,64,4-5,3180,14,1-4-5,3860,14,4-5,1570,9,,,,,,,
20260116,桐生,5,一般,晴,北西,9,10,1,2,3988,古 川 誠 之,25,31,6.88,2,0.15,1.14.6,2-1-6,5400,17,2-1,4560,11,1-2-6,580,3,1-2,380,2,,,,,,,
20260116,桐生,5,一般,晴,北西,9,10,2,1,4296,岡 崎 恭 裕,33,15,6.98,1,0.10,1.14.9,2-1-6,5400,17,2-1,4560,11,1-2-6,580,3,1-2,380,2,,,,,,,
20260116,桐生,5,一般,晴,北西,9,10,3,6,4095,福 来 剛,12,35,6.90,6,0.21,1.16.3,2-1-6,5400,17,2-1,4560,11,1-2-6,580,3,1-2,380,2,,,,,,,
20260116,桐生,5,一般,晴,北西,9,10,4,4,4967,中 村 魁 生,72,34,6.89,4,0.11,1.17.4,2-1-6,5400,17,2-1,4560,11,1-2-6,580,3,1-2,380,2,,,,,,,
20260116,桐生,5,一般,晴,北西,9,10,5,3,5290,坂 本 一 真,37,32,6.86,3,0.08,1.17.5,2-1-6,5400,17,2-1,4560,11,1-2-6,580,3,1-2,380,2,,,,,,,
20260116,桐生,5,一般,晴,北西,9,10,6,5,5077,滝 沢 崚,36,68,6.85,5,0.18,1.18.3,2-1-6,5400,17,2-1,4560,11,1-2-6,580,3,1-2,380,2,,,,,,,
20260116,桐生,6,ドラドキ目玉,晴,北西,8,9,1,1,4171,榎 幸 司,57,45,7.04,1,0.21,1.13.9,1-5-4,22420,49,1-5,4420,12,1-4-5,1840,5,1-5,1010,4,,,,,,,
20260116,桐生,6,ドラドキ目玉,晴,北西,8,9,2,5,4020,川 上 清 人,61,73,7.02,5,0.11,1.14.9,1-5-4,22420,49,1-5,4420,12,1-4-5,1840,5,1-5,1010,4,,,,,,,
20260116,桐生,6,ドラドキ目玉,晴,北西,8,9,3,4,5325,澁 川 夏,31,25,6.94,4,0.12,1.15.8,1-5-4,22420,49,1-5,4420,12,1-4-5,1840,5,1-5,1010,4,,,,,,,
20260116,桐生,6,ドラドキ目玉,晴,北西,8,9,4,3,5228,若 林 樹 蘭,13,57,6.87,3,0.18,1.16.8,1-5-4,22420,49,1-5,4420,12,1-4-5,1840,5,1-5,1010,4,,,,,,,
20260116,桐生,6,ドラドキ目玉,晴,北西,8,9,5,6,4407,鹿 島 敏 弘,58,72,7.04,6,0.10,1.17.4,1-5-4,22420,49,1-5,4420,12,1-4-5,1840,5,1-5,1010,4,,,,,,,
20260116,桐生,6,ドラドキ目玉,晴,北西,8,9,6,2,3860,松 本 浩 貴,43,18,6.89,2,0.22,1.20.3,1-5-4,22420,49,1-5,4420,12,1-4-5,1840,5,1-5,1010,4,,,,,,,
20260116,桐生,7,ドラドキ３,晴,西,8,8,1,1,4233,亀 山 雅 幸,67,22,6.86,1,0.23,1.13.6,1-5-3,2410,7,1-5,950,4,1-3-5,610,3,1-5,630,3,,,,,,,
20260116,桐生,7,ドラドキ３,晴,西,8,8,2,5,4697,國 弘 翔 平,50,50,6.80,5,0.33,1.15.0,1-5-3,2410,7,1-5,950,4,1-3-5,610,3,1-5,630,3,,,,,,,
20260116,桐生,7,ドラドキ３,晴,西,8,8,3,3,3920,正 木 聖 賢,63,63,6.98,3,0.23,1.15.6,1-5-3,2410,7,1-5,950,4,1-3-5,610,3,1-5,630,3,,,,,,,
20260116,桐生,7,ドラドキ３,晴,西,8,8,4,2,3957,大 谷 直 弘,44,62,6.98,2,0.26,1.15.8,1-5-3,2410,7,1-5,950,4,1-3-5,610,3,1-5,630,3,,,,,,,
20260116,桐生,7,ドラドキ３,晴,西,8,8,5,4,4035,杉 江 浩 明,75,14,6.95,4,0.29,1.17.4,1-5-3,2410,7,1-5,950,4,1-3-5,610,3,1-5,630,3,,,,,,,
20260116,桐生,7,ドラドキ３,晴,西,8,8,6,6,3516,吉 原 聖 人,56,74,6.84,6,0.32,1.18.4,1-5-3,2410,7,1-5,950,4,1-3-5,610,3,1-5,630,3,,,,,,,
20260116,桐生,8,ドラドキ５,晴,西,7,7,1,3,4487,三 原 司,65,47,6.75,2,0.19,1.13.6,3-1-5,4570,18,3-1,2050,9,1-3-5,440,1,1-3,570,4,,,,,,,
20260116,桐生,8,ドラドキ５,晴,西,7,7,2,1,4485,楠 原 正 剛,48,51,6.85,1,0.18,1.14.4,3-1-5,4570,18,3-1,2050,9,1-3-5,440,1,1-3,570,4,,,,,,,
20260116,桐生,8,ドラドキ５,晴,西,7,7,3,5,3412,鈴 木 博,39,66,6.75,5,0.21,1.15.8,3-1-5,4570,18,3-1,2050,9,1-3-5,440,1,1-3,570,4,,,,,,,
20260116,桐生,8,ドラドキ５,晴,西,7,7,4,4,5098,大 江 純,74,43,6.87,4,0.21,1.16.3,3-1-5,4570,18,3-1,2050,9,1-3-5,440,1,1-3,570,4,,,,,,,
20260116,桐生,8,ドラドキ５,晴,西,7,7,5,6,3105,内 山 文 典,29,17,6.78,6,0.20,1.17.2,3-1-5,4570,18,3-1,2050,9,1-3-5,440,1,1-3,570,4,,,,,,,
20260116,桐生,8,ドラドキ５,晴,西,7,7,6,2,4274,長 畑 友 輔,54,55,6.87,3,0.17,1.17.3,3-1-5,4570,18,3-1,2050,9,1-3-5,440,1,1-3,570,4,,,,,,,
20260116,桐生,9,準優勝戦,晴,北西,6,7,1,5,3908,重 成 一 人,28,67,6.85,5,0.10,1.49.2,5-3-1,21140,39,5-3,8040,13,1-3-5,550,2,3-5,2180,6,,,,,,,
20260116,桐生,9,準優勝戦,晴,北西,6,7,2,3,4528,黒 井 達 矢,32,53,6.74,3,0.13,1.50.5,5-3-1,21140,39,5-3,8040,13,1-3-5,550,2,3-5,2180,6,,,,,,,
20260116,桐生,9,準優勝戦,晴,北西,6,7,3,1,4907,小 池 修 平,55,23,6.78,1,0.11,1.52.5,5-3-1,21140,39,5-3,8040,13,1-3-5,550,2,3-5,2180,6,,,,,,,
20260116,桐生,9,準優勝戦,晴,北西,6,7,4,6,4296,岡 崎 恭 裕,33,15,6.78,6,0.17,1.54.3,5-3-1,21140,39,5-3,8040,13,1-3-5,550,2,3-5,2180,6,,,,,,,
20260116,桐生,9,準優勝戦,晴,北西,6,7,5,2,4118,宇佐見 淳,64,42,6.77,2,0.14,1.54.9,5-3-1,21140,39,5-3,8040,13,1-3-5,550,2,3-5,2180,6,,,,,,,
20260116,桐生,9,準優勝戦,晴,北西,6,7,6,4,3742,宮 地 秀 祈,62,11,6.85,4,0.16,1.56.9,5-3-1,21140,39,5-3,8040,13,1-3-5,550,2,3-5,2180,6,,,,,,,
20260116,桐生,10,準優勝戦,晴,北西,6,7,1,4,4366,前 沢 丈 史,69,13,6.85,4,0.04,1.49.8,4-1-5,9580,30,4-1,2730,10,1-4-5,1280,6,1-4,650,3,,,,,,,
20260116,桐生,10,準優勝戦,晴,北西,6,7,2,1,5216,長谷川 晴 哉,71,65,6.86,1,0.12,1.51.0,4-1-5,9580,30,4-1,2730,10,1-4-5,1280,6,1-4,650,3,,,,,,,
20260116,桐生,10,準優勝戦,晴,北西,6,7,3,5,4403,木 下 大 將,41,44,6.85,5,0.10,1.52.7,4-1-5,9580,30,4-1,2730,10,1-4-5,1280,6,1-4,650,3,,,,,,,
20260116,桐生,10,準優勝戦,晴,北西,6,7,4,3,4967,中 村 魁 生,72,34,6.83,2,0.18,1.52.9,4-1-5,9580,30,4-1,2730,10,1-4-5,1280,6,1-4,650,3,,,,,,,
20260116,桐生,10,準優勝戦,晴,北西,6,7,5,6,4171,榎 幸 司,57,45,6.91,6,0.16,1.53.9,4-1-5,9580,30,4-1,2730,10,1-4-5,1280,6,1-4,650,3,,,,,,,
20260116,桐生,10,準優勝戦,晴,北西,6,7,6,2,4319,三 宅 潤,14,61,6.78,3,0.15,1.56.4,4-1-5,9580,30,4-1,2730,10,1-4-5,1280,6,1-4,650,3,,,,,,,
20260116,桐生,11,準優勝戦,晴,西,6,5,1,1,4095,福 来 剛,12,35,6.90,1,0.11,1.48.9,1-3-4,1670,6,1-3,630,2,1-3-4,940,4,1-3,450,3,,,,,,,
20260116,桐生,11,準優勝戦,晴,西,6,5,2,3,3882,新 田 智 彰,30,27,6.72,3,0.10,1.50.6,1-3-4,1670,6,1-3,630,2,1-3-4,940,4,1-3,450,3,,,,,,,
20260116,桐生,11,準優勝戦,晴,西,6,5,3,4,5228,若 林 樹 蘭,13,57,6.75,4,0.08,1.51.5,1-3-4,1670,6,1-3,630,2,1-3-4,940,4,1-3,450,3,,,,,,,
20260116,桐生,11,準優勝戦,晴,西,6,5,4,6,4233,亀 山 雅 幸,67,22,6.93,6,0.13,1.53.0,1-3-4,1670,6,1-3,630,2,1-3-4,940,4,1-3,450,3,,,,,,,
20260116,桐生,11,準優勝戦,晴,西,6,5,5,5,4241,大 串 重 幸,60,71,6.84,5,0.09,1.53.5,1-3-4,1670,6,1-3,630,2,1-3-4,940,4,1-3,450,3,,,,,,,
20260116,桐生,11,準優勝戦,晴,西,6,5,6,2,3946,赤 岩 善 生,73,36,6.81,2,0.18,1.53.8,1-3-4,1670,6,1-3,630,2,1-3-4,940,4,1-3,450,3,,,,,,,
20260116,桐生,12,一般特賞,晴,西,5,4,1,1,3412,鈴 木 博,39,66,6.89,1,0.19,1.50.2,1-2-4,760,1,1-2,330,1,1-2-4,350,2,1-2,340,2,,,,,,,
20260116,桐生,12,一般特賞,晴,西,5,4,2,2,4039,村 上 功 祐,18,54,6.92,2,0.23,1.51.7,1-2-4,760,1,1-2,330,1,1-2-4,350,2,1-2,340,2,,,,,,,
20260116,桐生,12,一般特賞,晴,西,5,4,3,4,4485,楠 原 正 剛,48,51,6.85,4,0.20,1.52.8,1-2-4,760,1,1-2,330,1,1-2-4,350,2,1-2,340,2,,,,,,,
20260116,桐生,12,一般特賞,晴,西,5,4,4,3,3868,尾 形 栄 治,53,38,6.89,3,0.21,1.54.0,1-2-4,760,1,1-2,330,1,1-2-4,350,2,1-2,340,2,,,,,,,
20260116,桐生,12,一般特賞,晴,西,5,4,5,6,3988,古 川 誠 之,25,31,6.84,5,0.22,1.55.9,1-2-4,760,1,1-2,330,1,1-2-4,350,2,1-2,340,2,,,,,,,
20260116,桐生,12,一般特賞,晴,西,5,4,K0,5,3860,松 本 浩 貴,43,18 K,,,,,1-2-4,760,1,1-2,330,1,1-2-4,350,2,1-2,340,2,,,,,,,
20260116,津,1,ツッキーレー,晴,無風,0,0,1,1,4700,金 子 和 之,63,14,6.81,1,0.22,1.48.7,1-5-4,2520,10,1-5,770,4,1-4-5,690,5,1-5,440,4,,,,,,,
20260116,津,1,ツッキーレー,晴,無風,0,0,2,5,4965,福 岡 泉 水,53,58,6.70,5,0.29,1.50.0,1-5-4,2520,10,1-5,770,4,1-4-5,690,5,1-5,440,4,,,,,,,
20260116,津,1,ツッキーレー,晴,無風,0,0,3,4,4105,松 下 直 也,41,55,6.84,4,0.26,1.51.9,1-5-4,2520,10,1-5,770,4,1-4-5,690,5,1-5,440,4,,,,,,,
20260116,津,1,ツッキーレー,晴,無風,0,0,4,6,5427,港 理 樹,50,20,6.70,6,0.31,1.53.1,1-5-4,2520,10,1-5,770,4,1-4-5,690,5,1-5,440,4,,,,,,,
20260116,津,1,ツッキーレー,晴,無風,0,0,5,3,4152,深 水 慎一郎,52,12,6.86,3,0.24,,1-5-4,2520,10,1-5,770,4,1-4-5,690,5,1-5,440,4,,,,,,,
20260116,津,1,ツッキーレー,晴,無風,0,0,6,2,4425,大 井 清 貴,66,15,6.92,2,0.23,,1-5-4,2520,10,1-5,770,4,1-4-5,690,5,1-5,440,4,,,,,,,
20260116,津,2,予選,晴,東,1,1,1,1,5183,中 野 孝 二,23,11,6.84,1,0.14,1.49.9,1-5-2,1780,5,1-5,530,3,1-2-5,440,3,1-5,570,2,,,,,,,
20260116,津,2,予選,晴,東,1,1,2,5,3807,岡 部 哲,26,31,6.87,5,0.15,1.51.8,1-5-2,1780,5,1-5,530,3,1-2-5,440,3,1-5,570,2,,,,,,,
20260116,津,2,予選,晴,東,1,1,3,2,4110,小 澤 和 也,14,54,6.86,2,0.30,1.53.1,1-5-2,1780,5,1-5,530,3,1-2-5,440,3,1-5,570,2,,,,,,,
20260116,津,2,予選,晴,東,1,1,4,4,5333,山 下 智 己,46,27,6.74,4,0.15,1.53.7,1-5-2,1780,5,1-5,530,3,1-2-5,440,3,1-5,570,2,,,,,,,
20260116,津,2,予選,晴,東,1,1,5,3,5324,畑 田 希 咲,17,35,6.89,3,0.31,,1-5-2,1780,5,1-5,530,3,1-2-5,440,3,1-5,570,2,,,,,,,
20260116,津,2,予選,晴,東,1,1,6,6,5433,米 本 圭 佑,30,16,6.76,6,0.17,,1-5-2,1780,5,1-5,530,3,1-2-5,440,3,1-5,570,2,,,,,,,
20260116,津,3,予選,晴,東,1,1,1,2,4653,小 野 達 哉,51,17,6.81,2,0.18,1.49.4,2-1-4,1070,3,2-1,330,1,1-2-4,310,1,1-2,250,1,,,,,,,
20260116,津,3,予選,晴,東,1,1,2,1,4785,木 幡 純 也,39,23,6.81,1,0.18,1.51.1,2-1-4,1070,3,2-1,330,1,1-2-4,310,1,1-2,250,1,,,,,,,
20260116,津,3,予選,晴,東,1,1,3,4,4555,富 永 大 一,15,43,6.81,4,0.20,1.52.5,2-1-4,1070,3,2-1,330,1,1-2-4,310,1,1-2,250,1,,,,,,,
20260116,津,3,予選,晴,東,1,1,4,3,3944,山 口 裕 二,28,66,6.84,3,0.17,1.53.9,2-1-4,1070,3,2-1,330,1,1-2-4,310,1,1-2,250,1,,,,,,,
20260116,津,3,予選,晴,東,1,1,5,5,4023,柴 田 友 和,21,47,6.90,5,0.25,,2-1-4,1070,3,2-1,330,1,1-2-4,310,1,1-2,250,1,,,,,,,
20260116,津,3,予選,晴,東,1,1,6,6,4216,星 栄 爾,65,34,6.95,6,0.26,,2-1-4,1070,3,2-1,330,1,1-2-4,310,1,1-2,250,1,,,,,,,
20260116,津,4,予選,晴,東,2,1,1,2,4679,植 田 太 一,34,46,6.81,2,0.09,1.50.4,2-1-4,2720,15,2-1,700,5,1-2-4,380,3,1-2,390,3,,,,,,,
20260116,津,4,予選,晴,東,2,1,2,1,5198,奥 村 明日香,61,57,6.85,1,0.11,1.50.9,2-1-4,2720,15,2-1,700,5,1-2-4,380,3,1-2,390,3,,,,,,,
20260116,津,4,予選,晴,東,2,1,3,4,3350,藤 本 佳 史,56,32,6.83,4,0.16,1.53.0,2-1-4,2720,15,2-1,700,5,1-2-4,380,3,1-2,390,3,,,,,,,
20260116,津,4,予選,晴,東,2,1,4,3,4109,谷 津 幸 宏,24,51,6.82,3,0.10,1.53.7,2-1-4,2720,15,2-1,700,5,1-2-4,380,3,1-2,390,3,,,,,,,
20260116,津,4,予選,晴,東,2,1,5,5,5360,高 木 茉 白,11,61,6.85,5,0.22,,2-1-4,2720,15,2-1,700,5,1-2-4,380,3,1-2,390,3,,,,,,,
20260116,津,4,予選,晴,東,2,1,6,6,5292,佐 藤 右 京,12,41,6.82,6,0.30,,2-1-4,2720,15,2-1,700,5,1-2-4,380,3,1-2,390,3,,,,,,,
20260116,津,5,５ールドレー,晴,南東,1,1,1,1,4828,松 山 将 吾,36,49,6.85,1,0.12,1.50.0,1-3-4,1880,9,1-3,260,1,1-3-4,1070,6,1-3,330,2,,,,,,,
20260116,津,5,５ールドレー,晴,南東,1,1,2,3,3392,小 森 信 雄,72,13,6.88,3,0.12,1.51.7,1-3-4,1880,9,1-3,260,1,1-3-4,1070,6,1-3,330,2,,,,,,,
20260116,津,5,５ールドレー,晴,南東,1,1,3,4,4429,豊 田 泰 洋,33,39,6.95,4,0.15,1.53.2,1-3-4,1880,9,1-3,260,1,1-3-4,1070,6,1-3,330,2,,,,,,,
20260116,津,5,５ールドレー,晴,南東,1,1,4,6,5106,山 崎 祥,55,44,6.84,6,0.09,1.54.4,1-3-4,1880,9,1-3,260,1,1-3-4,1070,6,1-3,330,2,,,,,,,
20260116,津,5,５ールドレー,晴,南東,1,1,5,2,4744,伊 藤 玲 奈,68,56,6.91,2,0.14,,1-3-4,1880,9,1-3,260,1,1-3-4,1070,6,1-3,330,2,,,,,,,
20260116,津,5,５ールドレー,晴,南東,1,1,6,5,4889,後 藤 盛 也,27,48,6.89,5,0.06,,1-3-4,1880,9,1-3,260,1,1-3-4,1070,6,1-3,330,2,,,,,,,
20260116,津,6,予選,晴,無風,0,0,1,1,4442,松 竹 大 輔,57,21,6.87,1,0.16,1.49.4,1-4-3,3990,18,1-4,1400,6,1-3-4,760,4,1-4,1350,7,,,,,,,
20260116,津,6,予選,晴,無風,0,0,2,4,5045,平 川 香 織,40,25,6.91,4,0.23,1.50.6,1-4-3,3990,18,1-4,1400,6,1-3-4,760,4,1-4,1350,7,,,,,,,
20260116,津,6,予選,晴,無風,0,0,3,3,4523,中 村 辰 也,38,36,6.85,3,0.20,1.52.5,1-4-3,3990,18,1-4,1400,6,1-3-4,760,4,1-4,1350,7,,,,,,,
20260116,津,6,予選,晴,無風,0,0,4,6,4824,松 井 洪 弥,64,30,6.91,5,0.18,1.53.0,1-4-3,3990,18,1-4,1400,6,1-3-4,760,4,1-4,1350,7,,,,,,,
20260116,津,6,予選,晴,無風,0,0,5,2,4082,濱 崎 誠,59,50,6.94,2,0.14,,1-4-3,3990,18,1-4,1400,6,1-3-4,760,4,1-4,1350,7,,,,,,,
20260116,津,6,予選,晴,無風,0,0,6,5,5427,港 理 樹,50,20,6.77,6,0.30,,1-4-3,3990,18,1-4,1400,6,1-3-4,760,4,1-4,1350,7,,,,,,,
20260116,津,7,予選,晴,東,2,1,1,2,4674,池 田 剛 規,62,52,6.91,2,0.21,1.50.8,2-5-3,3420,15,2-5,1550,7,2-3-5,640,3,2-5,780,5,,,,,,,
20260116,津,7,予選,晴,東,2,1,2,5,4218,吉 川 喜 継,37,18,6.85,5,0.24,1.52.5,2-5-3,3420,15,2-5,1550,7,2-3-5,640,3,2-5,780,5,,,,,,,
20260116,津,7,予選,晴,東,2,1,3,3,4000,松 本 博 昭,70,24,6.90,3,0.23,1.53.9,2-5-3,3420,15,2-5,1550,7,2-3-5,640,3,2-5,780,5,,,,,,,
20260116,津,7,予選,晴,東,2,1,4,1,4023,柴 田 友 和,21,47,6.84,1,0.25,1.55.0,2-5-3,3420,15,2-5,1550,7,2-3-5,640,3,2-5,780,5,,,,,,,
20260116,津,7,予選,晴,東,2,1,5,6,4152,深 水 慎一郎,52,12,6.87,6,0.28,,2-5-3,3420,15,2-5,1550,7,2-3-5,640,3,2-5,780,5,,,,,,,
20260116,津,7,予選,晴,東,2,1,6,4,3807,岡 部 哲,26,31,6.91,4,0.20,,2-5-3,3420,15,2-5,1550,7,2-3-5,640,3,2-5,780,5,,,,,,,
20260116,津,8,予選,晴,南東,2,1,1,2,4614,石 倉 洋 行,67,37,6.84,2,0.18,1.49.2,2-1-5,3050,13,2-1,730,2,1-2-5,940,6,1-2,280,1,,,,,,,
20260116,津,8,予選,晴,南東,2,1,2,1,5285,若 林 麗,47,67,6.89,1,0.15,1.51.2,2-1-5,3050,13,2-1,730,2,1-2-5,940,6,1-2,280,1,,,,,,,
20260116,津,8,予選,晴,南東,2,1,3,5,4555,富 永 大 一,15,43,6.86,5,0.24,1.52.7,2-1-5,3050,13,2-1,730,2,1-2-5,940,6,1-2,280,1,,,,,,,
20260116,津,8,予選,晴,南東,2,1,4,3,5183,中 野 孝 二,23,11,6.87,3,0.17,1.53.8,2-1-5,3050,13,2-1,730,2,1-2-5,940,6,1-2,280,1,,,,,,,
20260116,津,8,予選,晴,南東,2,1,5,6,4425,大 井 清 貴,66,15,6.98,6,0.22,,2-1-5,3050,13,2-1,730,2,1-2-5,940,6,1-2,280,1,,,,,,,
20260116,津,8,予選,晴,南東,2,1,6,4,4379,桑 島 和 宏,19,59,6.89,4,0.18,,2-1-5,3050,13,2-1,730,2,1-2-5,940,6,1-2,280,1,,,,,,,
20260116,津,9,予選特賞,晴,南東,2,1,1,1,4119,泥 谷 一 毅,73,29,6.80,1,0.20,1.50.1,1-4-6,3050,12,1-4,900,3,1-4-6,1700,7,1-4,820,4,,,,,,,
20260116,津,9,予選特賞,晴,南東,2,1,2,4,4785,木 幡 純 也,39,23,6.89,4,0.19,1.51.5,1-4-6,3050,12,1-4,900,3,1-4-6,1700,7,1-4,820,4,,,,,,,
20260116,津,9,予選特賞,晴,南東,2,1,3,6,4679,植 田 太 一,34,46,6.86,5,0.19,1.53.3,1-4-6,3050,12,1-4,900,3,1-4-6,1700,7,1-4,820,4,,,,,,,
20260116,津,9,予選特賞,晴,南東,2,1,4,3,4828,松 山 将 吾,36,49,6.91,3,0.15,1.54.1,1-4-6,3050,12,1-4,900,3,1-4-6,1700,7,1-4,820,4,,,,,,,
20260116,津,9,予選特賞,晴,南東,2,1,5,2,4594,谷 川 祐 一,25,26,6.95,2,0.16,,1-4-6,3050,12,1-4,900,3,1-4-6,1700,7,1-4,820,4,,,,,,,
20260116,津,9,予選特賞,晴,南東,2,1,6,5,5433,米 本 圭 佑,30,16,6.86,6,0.30,,1-4-6,3050,12,1-4,900,3,1-4-6,1700,7,1-4,820,4,,,,,,,
20260116,津,10,予選特賞,晴,南東,2,1,1,1,4961,西 橋 奈 未,31,38,6.82,1,0.10,1.48.7,1-3-4,590,3,1-3,190,1,1-3-4,420,2,1-3,210,2,,,,,,,
20260116,津,10,予選特賞,晴,南東,2,1,2,3,5045,平 川 香 織,40,25,6.87,3,0.14,1.51.2,1-3-4,590,3,1-3,190,1,1-3-4,420,2,1-3,210,2,,,,,,,
20260116,津,10,予選特賞,晴,南東,2,1,3,4,4744,伊 藤 玲 奈,68,56,6.98,4,0.15,1.52.0,1-3-4,590,3,1-3,190,1,1-3-4,420,2,1-3,210,2,,,,,,,
20260116,津,10,予選特賞,晴,南東,2,1,4,5,5324,畑 田 希 咲,17,35,6.93,5,0.12,1.54.4,1-3-4,590,3,1-3,190,1,1-3-4,420,2,1-3,210,2,,,,,,,
20260116,津,10,予選特賞,晴,南東,2,1,5,6,4447,深 川 麻奈美,43,19,6.86,6,0.21,,1-3-4,590,3,1-3,190,1,1-3-4,420,2,1-3,210,2,,,,,,,
20260116,津,10,予選特賞,晴,南東,2,1,6,2,4965,福 岡 泉 水,53,58,6.79,2,0.15,,1-3-4,590,3,1-3,190,1,1-3-4,420,2,1-3,210,2,,,,,,,
20260116,津,11,予選特選,晴,東,2,1,1,1,3350,藤 本 佳 史,56,32,6.88,1,0.10,1.49.2,1-2-5,970,1,1-2,390,1,1-2-5,340,1,1-2,280,1,,,,,,,
20260116,津,11,予選特選,晴,東,2,1,2,2,4824,松 井 洪 弥,64,30,6.92,2,0.12,1.50.4,1-2-5,970,1,1-2,390,1,1-2-5,340,1,1-2,280,1,,,,,,,
20260116,津,11,予選特選,晴,東,2,1,3,5,4653,小 野 達 哉,51,17,6.81,5,0.13,1.51.6,1-2-5,970,1,1-2,390,1,1-2-5,340,1,1-2,280,1,,,,,,,
20260116,津,11,予選特選,晴,東,2,1,4,3,4700,金 子 和 之,63,14,6.89,3,0.11,1.53.9,1-2-5,970,1,1-2,390,1,1-2-5,340,1,1-2,280,1,,,,,,,
20260116,津,11,予選特選,晴,東,2,1,5,4,4889,後 藤 盛 也,27,48,6.90,4,0.12,,1-2-5,970,1,1-2,390,1,1-2-5,340,1,1-2,280,1,,,,,,,
20260116,津,11,予選特選,晴,東,2,1,6,6,4000,松 本 博 昭,70,24,6.85,6,0.16,,1-2-5,970,1,1-2,390,1,1-2-5,340,1,1-2,280,1,,,,,,,
20260116,津,12,ツッキー選抜,晴,東,2,1,1,1,4218,吉 川 喜 継,37,18,6.82,1,0.18,1.48.9,1-4-3,1690,8,1-4,410,2,1-3-4,660,3,1-4,380,3,,,,,,,
20260116,津,12,ツッキー選抜,晴,東,2,1,2,4,4109,谷 津 幸 宏,24,51,6.82,4,0.12,1.49.7,1-4-3,1690,8,1-4,410,2,1-3-4,660,3,1-4,380,3,,,,,,,
20260116,津,12,ツッキー選抜,晴,東,2,1,3,3,4105,松 下 直 也,41,55,6.88,3,0.13,1.51.5,1-4-3,1690,8,1-4,410,2,1-3-4,660,3,1-4,380,3,,,,,,,
20260116,津,12,ツッキー選抜,晴,東,2,1,4,2,4379,桑 島 和 宏,19,59,6.87,2,0.16,1.52.3,1-4-3,1690,8,1-4,410,2,1-3-4,660,3,1-4,380,3,,,,,,,
20260116,津,12,ツッキー選抜,晴,東,2,1,5,5,4523,中 村 辰 也,38,36,6.80,6,0.14,,1-4-3,1690,8,1-4,410,2,1-3-4,660,3,1-4,380,3,,,,,,,
20260116,津,12,ツッキー選抜,晴,東,2,1,6,6,3944,山 口 裕 二,28,66,6.89,5,0.15,,1-4-3,1690,8,1-4,410,2,1-3-4,660,3,1-4,380,3,,,,,,,
20260116,浜名湖,1,予選,晴,北西,6,4,1,4,3589,西 村 勝,66,36,7.00,4,0.21,1.52.0,4-1-5,12490,33,4-1,4340,9,1-4-5,1030,5,1-4,1240,4,,,,,,,
20260116,浜名湖,1,予選,晴,北西,6,4,2,1,3796,長 野 道 臣,21,31,6.90,1,0.26,1.53.6,4-1-5,12490,33,4-1,4340,9,1-4-5,1030,5,1-4,1240,4,,,,,,,
20260116,浜名湖,1,予選,晴,北西,6,4,3,5,4474,渡 辺 崇,3,72,6.95,5,0.22,1.54.5,4-1-5,12490,33,4-1,4340,9,1-4-5,1030,5,1-4,1240,4,,,,,,,
20260116,浜名湖,1,予選,晴,北西,6,4,4,3,5100,栗 原 一 馬,26,12,6.93,3,0.18,1.55.6,4-1-5,12490,33,4-1,4340,9,1-4-5,1030,5,1-4,1240,4,,,,,,,
20260116,浜名湖,1,予選,晴,北西,6,4,5,6,4720,西 澤 日花里,6,27,6.91,6,0.31,,4-1-5,12490,33,4-1,4340,9,1-4-5,1030,5,1-4,1240,4,,,,,,,
20260116,浜名湖,1,予選,晴,北西,6,4,6,2,4047,吉 永 浩 則,44,49,6.92,2,0.17,,4-1-5,12490,33,4-1,4340,9,1-4-5,1030,5,1-4,1240,4,,,,,,,
20260116,浜名湖,2,予選,晴,北西,7,5,1,2,4505,島 田 賢 人,47,75,6.87,2,0.17,1.52.8,2-3-1,2490,8,2-3,510,1,1-2-3,410,1,2-3,350,1,,,,,,,
20260116,浜名湖,2,予選,晴,北西,7,5,2,3,4819,蜂 須 瑞 生,2,65,6.77,3,0.15,1.54.5,2-3-1,2490,8,2-3,510,1,1-2-3,410,1,2-3,350,1,,,,,,,
20260116,浜名湖,2,予選,晴,北西,7,5,3,1,5061,中 村 駿 平,11,35,6.94,1,0.22,1.54.6,2-3-1,2490,8,2-3,510,1,1-2-3,410,1,2-3,350,1,,,,,,,
20260116,浜名湖,2,予選,晴,北西,7,5,4,6,4545,岡 村 慶 太,17,73,6.81,6,0.18,1.55.8,2-3-1,2490,8,2-3,510,1,1-2-3,410,1,2-3,350,1,,,,,,,
20260116,浜名湖,2,予選,晴,北西,7,5,5,4,3566,川 添 英 正,38,16,6.78,4,0.19,,2-3-1,2490,8,2-3,510,1,1-2-3,410,1,2-3,350,1,,,,,,,
20260116,浜名湖,2,予選,晴,北西,7,5,6,5,5347,井 澤 聖 奈,61,24,6.87,5,0.28,,2-3-1,2490,8,2-3,510,1,1-2-3,410,1,2-3,350,1,,,,,,,
20260116,浜名湖,3,予選,晴,北西,6,3,1,4,4134,杉 山 貴 博,13,13,6.93,4,0.15,1.14.2,4-2-5,2690,10,4-2,1110,5,2-4-5,380,1,2-4,260,1,,,,,,,
20260116,浜名湖,3,予選,晴,北西,6,3,2,2,3655,本 橋 克 洋,65,52,6.87,2,0.24,1.14.7,4-2-5,2690,10,4-2,1110,5,2-4-5,380,1,2-4,260,1,,,,,,,
20260116,浜名湖,3,予選,晴,北西,6,3,3,5,4512,高 野 哲 史,14,57,6.86,5,0.16,1.15.9,4-2-5,2690,10,4-2,1110,5,2-4-5,380,1,2-4,260,1,,,,,,,
20260116,浜名湖,3,予選,晴,北西,6,3,4,3,3277,齋 藤 勇,5,33,6.96,3,0.15,1.17.1,4-2-5,2690,10,4-2,1110,5,2-4-5,380,1,2-4,260,1,,,,,,,
20260116,浜名湖,3,予選,晴,北西,6,3,5,6,4065,金 田 幸 子,33,25,6.89,6,0.15,,4-2-5,2690,10,4-2,1110,5,2-4-5,380,1,2-4,260,1,,,,,,,
20260116,浜名湖,3,予選,晴,北西,6,3,6,1,5011,高 木 圭 大,7,48,6.90,1,0.15,,4-2-5,2690,10,4-2,1110,5,2-4-5,380,1,2-4,260,1,,,,,,,
20260116,浜名湖,4,予選,晴,北西,6,3,1,1,5065,伊久間 陽 優,46,20,6.89,1,0.07,1.13.6,1-2-3,1030,1,1-2,360,2,1-2-3,370,1,1-2,400,2,,,,,,,
20260116,浜名湖,4,予選,晴,北西,6,3,2,2,4146,柳 橋 宏 紀,32,62,6.71,2,0.07,1.14.4,1-2-3,1030,1,1-2,360,2,1-2-3,370,1,1-2,400,2,,,,,,,
20260116,浜名湖,4,予選,晴,北西,6,3,3,3,4053,芦 澤 望,34,39,6.83,3,0.07,1.15.1,1-2-3,1030,1,1-2,360,2,1-2-3,370,1,1-2,400,2,,,,,,,
20260116,浜名湖,4,予選,晴,北西,6,3,4,6,4539,金 子 賢 志,59,28,6.73,6,0.22,1.16.7,1-2-3,1030,1,1-2,360,2,1-2-3,370,1,1-2,400,2,,,,,,,
20260116,浜名湖,4,予選,晴,北西,6,3,5,5,5055,眞 鳥 章 太,19,54,6.78,5,0.20,,1-2-3,1030,1,1-2,360,2,1-2-3,370,1,1-2,400,2,,,,,,,
20260116,浜名湖,4,予選,晴,北西,6,3,6,4,5250,嶋 田 有 里,55,11,6.72,4,0.22,,1-2-3,1030,1,1-2,360,2,1-2-3,370,1,1-2,400,2,,,,,,,
20260116,浜名湖,5,ランチタイム,晴,北西,6,3,1,1,4532,秋 元 哲,64,17,6.78,1,0.09,1.13.8,1-3-2,490,2,1-3,110,1,1-2-3,180,1,1-3,400,2,,,,,,,
20260116,浜名湖,5,ランチタイム,晴,北西,6,3,2,3,4964,土 屋 南,40,58,6.75,3,0.14,1.14.6,1-3-2,490,2,1-3,110,1,1-2-3,180,1,1-3,400,2,,,,,,,
20260116,浜名湖,5,ランチタイム,晴,北西,6,3,3,2,4365,盛 本 真 輔,23,55,6.77,2,0.12,1.16.4,1-3-2,490,2,1-3,110,1,1-2-3,180,1,1-3,400,2,,,,,,,
20260116,浜名湖,5,ランチタイム,晴,北西,6,3,4,4,4229,市 川 美 宏,39,37,6.82,4,0.09,1.16.9,1-3-2,490,2,1-3,110,1,1-2-3,180,1,1-3,400,2,,,,,,,
20260116,浜名湖,5,ランチタイム,晴,北西,6,3,5,6,4565,西 村 豪 洋,12,26,6.75,6,0.15,,1-3-2,490,2,1-3,110,1,1-2-3,180,1,1-3,400,2,,,,,,,
20260116,浜名湖,5,ランチタイム,晴,北西,6,3,6,5,4211,村 田 敦,28,64,6.90,5,0.08,,1-3-2,490,2,1-3,110,1,1-2-3,180,1,1-3,400,2,,,,,,,
20260116,浜名湖,6,予選,晴,北西,6,3,1,1,4992,廣 瀬 篤 哉,8,32,6.91,1,0.11,1.13.7,1-2-3,1230,3,1-2,270,1,1-2-3,560,3,1-2,260,1,,,,,,,
20260116,浜名湖,6,予選,晴,北西,6,3,2,2,3965,北 中 元 樹,27,34,6.81,2,0.14,1.14.3,1-2-3,1230,3,1-2,270,1,1-2-3,560,3,1-2,260,1,,,,,,,
20260116,浜名湖,6,予選,晴,北西,6,3,3,3,3313,本 吉 正 樹,49,63,6.83,3,0.12,1.15.3,1-2-3,1230,3,1-2,270,1,1-2-3,560,3,1-2,260,1,,,,,,,
20260116,浜名湖,6,予選,晴,北西,6,3,4,4,4474,渡 辺 崇,3,72,6.89,4,0.24,1.15.4,1-2-3,1230,3,1-2,270,1,1-2-3,560,3,1-2,260,1,,,,,,,
20260116,浜名湖,6,予選,晴,北西,6,3,5,6,4050,田 口 節 子,62,60,6.92,6,0.31,,1-2-3,1230,3,1-2,270,1,1-2-3,560,3,1-2,260,1,,,,,,,
20260116,浜名湖,6,予選,晴,北西,6,3,6,5,4637,中 田 友 也,4,53,6.91,5,0.30,,1-2-3,1230,3,1-2,270,1,1-2-3,560,3,1-2,260,1,,,,,,,
20260116,浜名湖,7,予選,晴,北西,6,3,1,5,3995,重 野 哲 之,25,59,6.74,5,0.08,1.13.4,5-1-6,3830,16,5-1,1140,7,1-5-6,1310,6,1-5,590,2,,,,,,,
20260116,浜名湖,7,予選,晴,北西,6,3,2,1,5329,金 子 龍 斗,30,74,6.85,1,0.34,1.15.7,5-1-6,3830,16,5-1,1140,7,1-5-6,1310,6,1-5,590,2,,,,,,,
20260116,浜名湖,7,予選,晴,北西,6,3,3,6,3805,高 橋 英 之,36,41,6.81,6,0.17,1.16.1,5-1-6,3830,16,5-1,1140,7,1-5-6,1310,6,1-5,590,2,,,,,,,
20260116,浜名湖,7,予選,晴,北西,6,3,4,3,4134,杉 山 貴 博,13,13,6.82,3,0.30,1.17.9,5-1-6,3830,16,5-1,1140,7,1-5-6,1310,6,1-5,590,2,,,,,,,
20260116,浜名湖,7,予選,晴,北西,6,3,5,4,5347,井 澤 聖 奈,61,24,6.78,4,0.23,,5-1-6,3830,16,5-1,1140,7,1-5-6,1310,6,1-5,590,2,,,,,,,
20260116,浜名湖,7,予選,晴,北西,6,3,6,2,3589,西 村 勝,66,36,6.81,2,0.33,,5-1-6,3830,16,5-1,1140,7,1-5-6,1310,6,1-5,590,2,,,,,,,
20260116,浜名湖,8,予選特賞,晴,北西,4,2,1,1,4505,島 田 賢 人,47,75,6.72,1,0.11,1.13.6,1-3-2,730,2,1-3,270,1,1-2-3,360,2,1-3,130,1,,,,,,,
20260116,浜名湖,8,予選特賞,晴,北西,4,2,2,3,4539,金 子 賢 志,59,28,6.77,3,0.12,1.14.6,1-3-2,730,2,1-3,270,1,1-2-3,360,2,1-3,130,1,,,,,,,
20260116,浜名湖,8,予選特賞,晴,北西,4,2,3,2,3277,齋 藤 勇,5,33,6.76,2,0.15,1.15.7,1-3-2,730,2,1-3,270,1,1-2-3,360,2,1-3,130,1,,,,,,,
20260116,浜名湖,8,予選特賞,晴,北西,4,2,4,4,4443,津 田 裕 絵,31,47,6.81,4,0.16,1.16.0,1-3-2,730,2,1-3,270,1,1-2-3,360,2,1-3,130,1,,,,,,,
20260116,浜名湖,8,予選特賞,晴,北西,4,2,5,5,4140,梶 野 学 志,43,56,6.79,5,0.17,,1-3-2,730,2,1-3,270,1,1-2-3,360,2,1-3,130,1,,,,,,,
20260116,浜名湖,8,予選特賞,晴,北西,4,2,6,6,5100,栗 原 一 馬,26,12,6.77,6,0.18,,1-3-2,730,2,1-3,270,1,1-2-3,360,2,1-3,130,1,,,,,,,
20260116,浜名湖,9,ブレイクタイ,晴,北西,4,2,1,1,5055,眞 鳥 章 太,19,54,6.74,1,0.16,1.13.9,1-2-4,1120,3,1-2,500,2,1-2-4,290,1,1-2,410,2,,,,,,,
20260116,浜名湖,9,ブレイクタイ,晴,北西,4,2,2,2,3564,桑 原 啓,24,14,6.72,2,0.19,1.14.7,1-2-4,1120,3,1-2,500,2,1-2-4,290,1,1-2,410,2,,,,,,,
20260116,浜名湖,9,ブレイクタイ,晴,北西,4,2,3,4,4545,岡 村 慶 太,17,73,6.82,4,0.19,1.15.4,1-2-4,1120,3,1-2,500,2,1-2-4,290,1,1-2,410,2,,,,,,,
20260116,浜名湖,9,ブレイクタイ,晴,北西,4,2,4,6,4389,伊 藤 喜 智,18,30,6.80,6,0.26,1.16.4,1-2-4,1120,3,1-2,500,2,1-2-4,290,1,1-2,410,2,,,,,,,
20260116,浜名湖,9,ブレイクタイ,晴,北西,4,2,5,5,3796,長 野 道 臣,21,31,6.77,5,0.21,,1-2-4,1120,3,1-2,500,2,1-2-4,290,1,1-2,410,2,,,,,,,
20260116,浜名湖,9,ブレイクタイ,晴,北西,4,2,6,3,4065,金 田 幸 子,33,25,6.82,3,0.19,,1-2-4,1120,3,1-2,500,2,1-2-4,290,1,1-2,410,2,,,,,,,
20260116,浜名湖,10,予選特賞,晴,北西,4,2,1,1,4512,高 野 哲 史,14,57,6.81,1,0.16,1.13.6,1-4-5,650,1,1-4,250,1,1-4-5,300,1,1-4,170,1,,,,,,,
20260116,浜名湖,10,予選特賞,晴,北西,4,2,2,4,4174,赤 坂 俊 輔,48,51,6.79,4,0.21,1.14.3,1-4-5,650,1,1-4,250,1,1-4-5,300,1,1-4,170,1,,,,,,,
20260116,浜名湖,10,予選特賞,晴,北西,4,2,3,5,3965,北 中 元 樹,27,34,6.80,5,0.17,1.15.2,1-4-5,650,1,1-4,250,1,1-4-5,300,1,1-4,170,1,,,,,,,
20260116,浜名湖,10,予選特賞,晴,北西,4,2,4,6,4053,芦 澤 望,34,39,6.84,6,0.14,1.15.5,1-4-5,650,1,1-4,250,1,1-4-5,300,1,1-4,170,1,,,,,,,
20260116,浜名湖,10,予選特賞,晴,北西,4,2,5,2,4720,西 澤 日花里,6,27,6.84,2,0.17,,1-4-5,650,1,1-4,250,1,1-4-5,300,1,1-4,170,1,,,,,,,
20260116,浜名湖,10,予選特賞,晴,北西,4,2,6,3,4211,村 田 敦,28,64,6.77,3,0.12,,1-4-5,650,1,1-4,250,1,1-4-5,300,1,1-4,170,1,,,,,,,
20260116,浜名湖,11,予選特選,晴,北西,3,1,1,1,4538,笠 置 博 之,53,70,6.74,1,0.12,1.50.2,1-2-5,580,1,1-2,250,1,1-2-5,330,1,1-2,200,1,,,,,,,
20260116,浜名湖,11,予選特選,晴,北西,3,1,2,2,4050,田 口 節 子,62,60,6.70,2,0.11,1.51.2,1-2-5,580,1,1-2,250,1,1-2-5,330,1,1-2,200,1,,,,,,,
20260116,浜名湖,11,予選特選,晴,北西,3,1,3,5,4532,秋 元 哲,64,17,6.96,5,0.18,1.52.8,1-2-5,580,1,1-2,250,1,1-2-5,330,1,1-2,200,1,,,,,,,
20260116,浜名湖,11,予選特選,晴,北西,3,1,4,3,3566,川 添 英 正,38,16,6.80,3,0.13,1.53.0,1-2-5,580,1,1-2,250,1,1-2-5,330,1,1-2,200,1,,,,,,,
20260116,浜名湖,11,予選特選,晴,北西,3,1,5,4,4146,柳 橋 宏 紀,32,62,6.78,4,0.11,,1-2-5,580,1,1-2,250,1,1-2-5,330,1,1-2,200,1,,,,,,,
20260116,浜名湖,11,予選特選,晴,北西,3,1,6,6,3655,本 橋 克 洋,65,52,6.78,6,0.22,,1-2-5,580,1,1-2,250,1,1-2-5,330,1,1-2,200,1,,,,,,,
20260116,浜名湖,12,予選特選,晴,北西,2,1,1,1,3995,重 野 哲 之,25,59,6.69,1,0.10,1.50.2,1-2-3,1180,4,1-2,430,3,1-2-3,460,3,1-2,370,2,,,,,,,
20260116,浜名湖,12,予選特選,晴,北西,2,1,2,2,4637,中 田 友 也,4,53,6.73,2,0.15,1.51.7,1-2-3,1180,4,1-2,430,3,1-2-3,460,3,1-2,370,2,,,,,,,
20260116,浜名湖,12,予選特選,晴,北西,2,1,3,3,5065,伊久間 陽 優,46,20,6.64,3,0.13,1.53.0,1-2-3,1180,4,1-2,430,3,1-2-3,460,3,1-2,370,2,,,,,,,
20260116,浜名湖,12,予選特選,晴,北西,2,1,4,4,4140,梶 野 学 志,43,56,6.73,4,0.24,1.53.0,1-2-3,1180,4,1-2,430,3,1-2-3,460,3,1-2,370,2,,,,,,,
20260116,浜名湖,12,予選特選,晴,北西,2,1,5,5,4565,西 村 豪 洋,12,26,6.65,5,0.23,,1-2-3,1180,4,1-2,430,3,1-2-3,460,3,1-2,370,2,,,,,,,
20260116,浜名湖,12,予選特選,晴,北西,2,1,6,6,4819,蜂 須 瑞 生,2,65,6.74,6,0.25,,1-2-3,1180,4,1-2,430,3,1-2-3,460,3,1-2,370,2,,,,,,,
20260116,福岡,1,カタメン１予,晴,南,1,2,1,1,5051,松 本 純 平,63,147,6.78,1,0.15,1.49.6,1-4-3,1180,5,1-4,450,3,1-3-4,380,2,1-4,580,3,,,,,,,
20260116,福岡,1,カタメン１予,晴,南,1,2,2,4,4948,木 場 悠 介,53,164,6.86,4,0.19,1.51.1,1-4-3,1180,5,1-4,450,3,1-3-4,380,2,1-4,580,3,,,,,,,
20260116,福岡,1,カタメン１予,晴,南,1,2,3,3,4957,竹之内 極,28,111,6.84,3,0.17,1.52.6,1-4-3,1180,5,1-4,450,3,1-3-4,380,2,1-4,580,3,,,,,,,
20260116,福岡,1,カタメン１予,晴,南,1,2,4,5,5175,島 崎 丈一朗,73,151,6.86,5,0.25,1.54.2,1-4-3,1180,5,1-4,450,3,1-3-4,380,2,1-4,580,3,,,,,,,
20260116,福岡,1,カタメン１予,晴,南,1,2,5,2,4552,杉 山 勝 匡,21,158,6.87,2,0.16,,1-4-3,1180,5,1-4,450,3,1-3-4,380,2,1-4,580,3,,,,,,,
20260116,福岡,1,カタメン１予,晴,南,1,2,6,6,3834,細 川 明 人,22,171,6.97,6,0.25,,1-4-3,1180,5,1-4,450,3,1-3-4,380,2,1-4,580,3,,,,,,,
20260116,福岡,2,予選,晴,南,1,2,1,1,3284,渡 邊 伸太郎,32,146,6.84,1,0.15,1.50.2,1-2-4,710,1,1-2,440,2,1-2-4,240,1,1-2,200,1,,,,,,,
20260116,福岡,2,予選,晴,南,1,2,2,2,4438,森 作 雄 大,30,139,6.85,2,0.18,1.51.5,1-2-4,710,1,1-2,440,2,1-2-4,240,1,1-2,200,1,,,,,,,
20260116,福岡,2,予選,晴,南,1,2,3,4,3319,山 崎 義 明,41,173,6.83,4,0.24,1.51.8,1-2-4,710,1,1-2,440,2,1-2-4,240,1,1-2,200,1,,,,,,,
20260116,福岡,2,予選,晴,南,1,2,4,3,4440,萩 原 知 哉,11,133,6.86,3,0.17,1.54.1,1-2-4,710,1,1-2,440,2,1-2-4,240,1,1-2,200,1,,,,,,,
20260116,福岡,2,予選,晴,南,1,2,5,5,3947,寺 本 昇 平,69,131,6.89,5,0.28,,1-2-4,710,1,1-2,440,2,1-2-4,240,1,1-2,200,1,,,,,,,
20260116,福岡,2,予選,晴,南,1,2,6,6,5426,甲 斐 貴 大,50,152,6.88,6,0.41,,1-2-4,710,1,1-2,440,2,1-2-4,240,1,1-2,200,1,,,,,,,
20260116,福岡,3,カタメン３予,晴,南,1,2,1,3,4734,安河内 将,49,130,6.83,3,0.08,1.48.6,3-2-6,2740,11,3-2,600,3,2-3-6,1510,7,2-3,280,1,,,,,,,
20260116,福岡,3,カタメン３予,晴,南,1,2,2,2,4896,花 本 剛,71,143,6.90,2,0.04,1.51.1,3-2-6,2740,11,3-2,600,3,2-3-6,1510,7,2-3,280,1,,,,,,,
20260116,福岡,3,カタメン３予,晴,南,1,2,3,6,4247,齊 藤 優,24,161,6.89,6,0.11,1.51.9,3-2-6,2740,11,3-2,600,3,2-3-6,1510,7,2-3,280,1,,,,,,,
20260116,福岡,3,カタメン３予,晴,南,1,2,4,4,4550,石 岡 将 太,55,115,6.82,4,0.08,1.52.2,3-2-6,2740,11,3-2,600,3,2-3-6,1510,7,2-3,280,1,,,,,,,
20260116,福岡,3,カタメン３予,晴,南,1,2,5,1,5209,小 野 京 平,47,141,6.82,1,0.09,,3-2-6,2740,11,3-2,600,3,2-3-6,1510,7,2-3,280,1,,,,,,,
20260116,福岡,3,カタメン３予,晴,南,1,2,6,5,3928,林 恵 祐,70,121,6.91,5,0.10,,3-2-6,2740,11,3-2,600,3,2-3-6,1510,7,2-3,280,1,,,,,,,
20260116,福岡,4,予選,晴,南,1,2,1,1,3643,米 田 隆 弘,37,169,6.80,1,0.12,1.58.8,1-5-4,3680,12,1-5,2120,9,1-4-5,450,1,1-5,1040,4,,,,,,,
20260116,福岡,4,予選,晴,南,1,2,2,5,4950,高 岡 竜 也,56,109,6.83,5,0.16,2.00.7,1-5-4,3680,12,1-5,2120,9,1-4-5,450,1,1-5,1040,4,,,,,,,
20260116,福岡,4,予選,晴,南,1,2,3,4,4305,金 子 拓 矢,54,165,6.87,4,0.10,2.02.8,1-5-4,3680,12,1-5,2120,9,1-4-5,450,1,1-5,1040,4,,,,,,,
20260116,福岡,4,予選,晴,南,1,2,4,6,5054,佐々木 大 河,42,154,6.84,6,0.13,2.05.2,1-5-4,3680,12,1-5,2120,9,1-4-5,450,1,1-5,1040,4,,,,,,,
20260116,福岡,4,予選,晴,南,1,2,5,3,3569,増 田 進,16,140,6.90,3,0.17,,1-5-4,3680,12,1-5,2120,9,1-4-5,450,1,1-5,1040,4,,,,,,,
20260116,福岡,4,予選,晴,南,1,2,S1,2,3911,鈴 木 猛,38,104,6.88,2,0.14,,1-5-4,3680,12,1-5,2120,9,1-4-5,450,1,1-5,1040,4,,,,,,,
20260116,福岡,5,予選,晴,南,2,2,1,2,4077,品 田 直 樹,58,113,6.80,2,0.19,1.49.6,2-5-1,7350,32,2-5,1530,7,1-2-5,1390,9,2-5,1270,6,,,,,,,
20260116,福岡,5,予選,晴,南,2,2,2,5,4413,水 摩 敦,67,116,6.90,3,0.18,1.51.1,2-5-1,7350,32,2-5,1530,7,1-2-5,1390,9,2-5,1270,6,,,,,,,
20260116,福岡,5,予選,晴,南,2,2,3,1,4665,加 藤 啓 太,45,136,6.82,1,0.16,1.52.6,2-5-1,7350,32,2-5,1530,7,1-2-5,1390,9,2-5,1270,6,,,,,,,
20260116,福岡,5,予選,晴,南,2,2,4,6,4055,吉 田 俊 彦,14,170,6.95,6,0.26,1.54.0,2-5-1,7350,32,2-5,1530,7,1-2-5,1390,9,2-5,1270,6,,,,,,,
20260116,福岡,5,予選,晴,南,2,2,5,3,4572,渡 部 悟,29,149,6.89,4,0.19,,2-5-1,7350,32,2-5,1530,7,1-2-5,1390,9,2-5,1270,6,,,,,,,
20260116,福岡,5,予選,晴,南,2,2,6,4,4957,竹之内 極,28,111,6.88,5,0.24,,2-5-1,7350,32,2-5,1530,7,1-2-5,1390,9,2-5,1270,6,,,,,,,
20260116,福岡,6,予選,晴,南,1,2,1,1,3745,橋 本 年 光,66,156,6.82,1,0.14,1.49.8,1-3-4,3110,11,1-3,1270,6,1-3-4,750,6,1-3,820,5,,,,,,,
20260116,福岡,6,予選,晴,南,1,2,2,3,4948,木 場 悠 介,53,164,6.81,3,0.08,1.51.4,1-3-4,3110,11,1-3,1270,6,1-3-4,750,6,1-3,820,5,,,,,,,
20260116,福岡,6,予選,晴,南,1,2,3,4,5274,城 間 盛 渚,52,132,6.78,4,0.10,1.52.1,1-3-4,3110,11,1-3,1270,6,1-3-4,750,6,1-3,820,5,,,,,,,
20260116,福岡,6,予選,晴,南,1,2,4,2,4394,永 嶋 裕 一,51,153,6.86,2,0.05,1.52.2,1-3-4,3110,11,1-3,1270,6,1-3-4,750,6,1-3,820,5,,,,,,,
20260116,福岡,6,予選,晴,南,1,2,5,6,4352,下 條 雄太郎,65,168,6.84,5,0.17,,1-3-4,3110,11,1-3,1270,6,1-3-4,750,6,1-3,820,5,,,,,,,
20260116,福岡,6,予選,晴,南,1,2,6,5,5426,甲 斐 貴 大,50,152,6.85,6,0.21,,1-3-4,3110,11,1-3,1270,6,1-3-4,750,6,1-3,820,5,,,,,,,
20260116,福岡,7,予選,晴,南,1,2,1,1,4852,川 原 祐 明,72,137,6.89,1,0.18,1.49.3,1-4-3,430,2,1-4,230,2,1-3-4,140,1,1-4,200,1,,,,,,,
20260116,福岡,7,予選,晴,南,1,2,2,4,5051,松 本 純 平,63,147,6.83,4,0.16,1.50.5,1-4-3,430,2,1-4,230,2,1-3-4,140,1,1-4,200,1,,,,,,,
20260116,福岡,7,予選,晴,南,1,2,3,3,3740,大 澤 普 司,61,120,6.86,3,0.25,1.52.4,1-4-3,430,2,1-4,230,2,1-3-4,140,1,1-4,200,1,,,,,,,
20260116,福岡,7,予選,晴,南,1,2,4,6,4550,石 岡 将 太,55,115,6.84,6,0.11,1.52.8,1-4-3,430,2,1-4,230,2,1-3-4,140,1,1-4,200,1,,,,,,,
20260116,福岡,7,予選,晴,南,1,2,5,2,4440,萩 原 知 哉,11,133,6.90,2,0.17,,1-4-3,430,2,1-4,230,2,1-3-4,140,1,1-4,200,1,,,,,,,
20260116,福岡,7,予選,晴,南,1,2,6,5,3851,森 田 昭 彦,33,112,6.95,5,0.15,,1-4-3,430,2,1-4,230,2,1-3-4,140,1,1-4,200,1,,,,,,,
20260116,福岡,8,予選,晴,北,2,2,1,1,4144,石 塚 久 也,23,103,6.86,1,0.22,1.50.2,1-3-5,1830,5,1-3,880,4,1-3-5,650,3,1-3,730,4,,,,,,,
20260116,福岡,8,予選,晴,北,2,2,2,3,5209,小 野 京 平,47,141,6.83,3,0.24,1.50.6,1-3-5,1830,5,1-3,880,4,1-3-5,650,3,1-3,730,4,,,,,,,
20260116,福岡,8,予選,晴,北,2,2,3,5,3576,白 水 勝 也,25,122,6.85,5,0.21,1.52.2,1-3-5,1830,5,1-3,880,4,1-3-5,650,3,1-3,730,4,,,,,,,
20260116,福岡,8,予選,晴,北,2,2,4,2,5175,島 崎 丈一朗,73,151,6.85,2,0.21,1.52.5,1-3-5,1830,5,1-3,880,4,1-3-5,650,3,1-3,730,4,,,,,,,
20260116,福岡,8,予選,晴,北,2,2,5,4,3284,渡 邊 伸太郎,32,146,6.89,4,0.17,,1-3-5,1830,5,1-3,880,4,1-3-5,650,3,1-3,730,4,,,,,,,
20260116,福岡,8,予選,晴,北,2,2,6,6,3911,鈴 木 猛,38,104,6.88,6,0.19,,1-3-5,1830,5,1-3,880,4,1-3-5,650,3,1-3,730,4,,,,,,,
20260116,福岡,9,予選特賞,晴,北,1,2,1,1,4950,高 岡 竜 也,56,109,6.86,1,0.10,1.49.9,1-2-5,1080,3,1-2,320,1,1-2-5,630,3,1-2,360,2,,,,,,,
20260116,福岡,9,予選特賞,晴,北,1,2,2,2,4247,齊 藤 優,24,161,6.87,2,0.09,1.51.0,1-2-5,1080,3,1-2,320,1,1-2-5,630,3,1-2,360,2,,,,,,,
20260116,福岡,9,予選特賞,晴,北,1,2,3,5,4438,森 作 雄 大,30,139,6.87,5,0.09,1.53.2,1-2-5,1080,3,1-2,320,1,1-2-5,630,3,1-2,360,2,,,,,,,
20260116,福岡,9,予選特賞,晴,北,1,2,4,3,3834,細 川 明 人,22,171,6.81,3,0.13,1.54.4,1-2-5,1080,3,1-2,320,1,1-2-5,630,3,1-2,360,2,,,,,,,
20260116,福岡,9,予選特賞,晴,北,1,2,5,4,4055,吉 田 俊 彦,14,170,6.93,4,0.11,,1-2-5,1080,3,1-2,320,1,1-2-5,630,3,1-2,360,2,,,,,,,
20260116,福岡,9,予選特賞,晴,北,1,2,6,6,4598,加 藤 政 彦,68,144,6.89,6,0.14,,1-2-5,1080,3,1-2,320,1,1-2-5,630,3,1-2,360,2,,,,,,,
20260116,福岡,10,予選特賞,晴,北,1,2,1,1,4345,西 舘 健,27,108,6.94,1,0.05,1.50.1,1-2-4,960,4,1-2,290,1,1-2-4,410,2,1-2,130,1,,,,,,,
20260116,福岡,10,予選特賞,晴,北,1,2,2,2,4352,下 條 雄太郎,65,168,6.84,2,0.09,1.50.9,1-2-4,960,4,1-2,290,1,1-2-4,410,2,1-2,130,1,,,,,,,
20260116,福岡,10,予選特賞,晴,北,1,2,3,4,3643,米 田 隆 弘,37,169,6.85,4,0.17,1.52.3,1-2-4,960,4,1-2,290,1,1-2-4,410,2,1-2,130,1,,,,,,,
20260116,福岡,10,予選特賞,晴,北,1,2,4,6,4572,渡 部 悟,29,149,6.95,6,0.16,1.52.7,1-2-4,960,4,1-2,290,1,1-2-4,410,2,1-2,130,1,,,,,,,
20260116,福岡,10,予選特賞,晴,北,1,2,5,5,4896,花 本 剛,71,143,6.92,5,0.14,,1-2-4,960,4,1-2,290,1,1-2-4,410,2,1-2,130,1,,,,,,,
20260116,福岡,10,予選特賞,晴,北,1,2,6,3,3319,山 崎 義 明,41,173,6.91,3,0.23,,1-2-4,960,4,1-2,290,1,1-2-4,410,2,1-2,130,1,,,,,,,
20260116,福岡,11,予選特選,晴,北,1,2,1,5,4394,永 嶋 裕 一,51,153,6.88,5,0.12,1.49.8,5-2-1,78310,84,5-2,13820,21,1-2-5,1620,6,2-5,6240,14,,,,,,,
20260116,福岡,11,予選特選,晴,北,1,2,2,2,4413,水 摩 敦,67,116,6.95,2,0.12,1.51.2,5-2-1,78310,84,5-2,13820,21,1-2-5,1620,6,2-5,6240,14,,,,,,,
20260116,福岡,11,予選特選,晴,北,1,2,3,1,3813,佐 藤 大 介,40,129,6.95,1,0.10,1.52.5,5-2-1,78310,84,5-2,13820,21,1-2-5,1620,6,2-5,6240,14,,,,,,,
20260116,福岡,11,予選特選,晴,北,1,2,4,4,5054,佐々木 大 河,42,154,6.87,4,0.06,1.52.9,5-2-1,78310,84,5-2,13820,21,1-2-5,1620,6,2-5,6240,14,,,,,,,
20260116,福岡,11,予選特選,晴,北,1,2,5,3,4852,川 原 祐 明,72,137,6.86,3,0.09,,5-2-1,78310,84,5-2,13820,21,1-2-5,1620,6,2-5,6240,14,,,,,,,
20260116,福岡,11,予選特選,晴,北,1,2,6,6,4552,杉 山 勝 匡,21,158,6.90,6,0.11,,5-2-1,78310,84,5-2,13820,21,1-2-5,1620,6,2-5,6240,14,,,,,,,
20260116,福岡,12,福岡選抜,晴,北,1,2,1,1,4734,安河内 将,49,130,6.81,1,0.13,1.48.7,1-2-6,990,4,1-2,180,1,1-2-6,600,3,1-2,140,1,,,,,,,
20260116,福岡,12,福岡選抜,晴,北,1,2,2,2,4305,金 子 拓 矢,54,165,6.87,2,0.11,1.50.0,1-2-6,990,4,1-2,180,1,1-2-6,600,3,1-2,140,1,,,,,,,
20260116,福岡,12,福岡選抜,晴,北,1,2,3,6,3740,大 澤 普 司,61,120,6.88,6,0.24,1.51.2,1-2-6,990,4,1-2,180,1,1-2-6,600,3,1-2,140,1,,,,,,,
20260116,福岡,12,福岡選抜,晴,北,1,2,4,3,5274,城 間 盛 渚,52,132,6.81,3,0.12,1.52.1,1-2-6,990,4,1-2,180,1,1-2-6,600,3,1-2,140,1,,,,,,,
20260116,福岡,12,福岡選抜,晴,北,1,2,5,5,4144,石 塚 久 也,23,103,6.88,5,0.29,,1-2-6,990,4,1-2,180,1,1-2-6,600,3,1-2,140,1,,,,,,,
20260116,福岡,12,福岡選抜,晴,北,1,2,6,4,4077,品 田 直 樹,58,113,6.82,4,0.28,,1-2-6,990,4,1-2,180,1,1-2-6,600,3,1-2,140,1,,,,,,,
20260116,芦屋,1,一般,晴,北,1,1,1,1,3590,濱野谷 憲 吾,32,125,6.76,1,0.10,1.47.5,1-4-2,2400,8,1-4,520,2,1-2-4,670,3,1-4,480,3,,,,,,,
20260116,芦屋,1,一般,晴,北,1,1,2,4,4547,中 田 竜 太,46,118,6.70,4,0.15,1.48.3,1-4-2,2400,8,1-4,520,2,1-2-4,670,3,1-4,480,3,,,,,,,
20260116,芦屋,1,一般,晴,北,1,1,3,2,4571,菅 章 哉,60,152,6.60,2,0.12,1.49.6,1-4-2,2400,8,1-4,520,2,1-2-4,670,3,1-4,480,3,,,,,,,
20260116,芦屋,1,一般,晴,北,1,1,4,3,4848,仲 谷 颯 仁,50,129,6.76,3,0.18,1.51.0,1-4-2,2400,8,1-4,520,2,1-2-4,670,3,1-4,480,3,,,,,,,
20260116,芦屋,1,一般,晴,北,1,1,5,6,4024,井 口 佳 典,48,153,6.71,6,0.17,,1-4-2,2400,8,1-4,520,2,1-2-4,670,3,1-4,480,3,,,,,,,
20260116,芦屋,1,一般,晴,北,1,1,6,5,4364,池 永 太,54,122,6.71,5,0.17,,1-4-2,2400,8,1-4,520,2,1-2-4,670,3,1-4,480,3,,,,,,,
20260116,芦屋,2,一般,晴,東,1,1,1,1,4847,佐 藤 隆太郎,13,127,6.72,1,0.14,1.46.8,1-3-5,1240,3,1-3,350,1,1-3-5,490,2,1-3,260,1,,,,,,,
20260116,芦屋,2,一般,晴,東,1,1,2,3,3783,瓜 生 正 義,45,143,6.65,3,0.14,1.48.1,1-3-5,1240,3,1-3,350,1,1-3-5,490,2,1-3,260,1,,,,,,,
20260116,芦屋,2,一般,晴,東,1,1,3,5,4566,塩 田 北 斗,43,131,6.73,5,0.08,1.49.4,1-3-5,1240,3,1-3,350,1,1-3-5,490,2,1-3,260,1,,,,,,,
20260116,芦屋,2,一般,晴,東,1,1,4,6,4851,関 浩 哉,14,132,6.71,6,0.14,1.49.5,1-3-5,1240,3,1-3,350,1,1-3-5,490,2,1-3,260,1,,,,,,,
20260116,芦屋,2,一般,晴,東,1,1,5,4,4030,森 高 一 真,20,165,6.77,4,0.08,,1-3-5,1240,3,1-3,350,1,1-3-5,490,2,1-3,260,1,,,,,,,
20260116,芦屋,2,一般,晴,東,1,1,6,2,4524,深 谷 知 博,10,124,6.68,2,0.17,,1-3-5,1240,3,1-3,350,1,1-3-5,490,2,1-3,260,1,,,,,,,
20260116,芦屋,3,一般,晴,北東,2,2,1,1,4344,新 田 雄 史,52,149,6.76,1,0.00,1.46.6,1-3-5,1060,2,1-3,330,1,1-3-5,510,1,1-3,310,1,,,,,,,
20260116,芦屋,3,一般,晴,北東,2,2,2,3,4494,河 合 佑 樹,44,123,6.70,3,0.03,1.48.7,1-3-5,1060,2,1-3,330,1,1-3-5,510,1,1-3,310,1,,,,,,,
20260116,芦屋,3,一般,晴,北東,2,2,3,5,4166,吉 田 拡 郎,59,162,6.70,5,0.05,1.49.3,1-3-5,1060,2,1-3,330,1,1-3-5,510,1,1-3,310,1,,,,,,,
20260116,芦屋,3,一般,晴,北東,2,2,4,4,4444,桐 生 順 平,42,161,6.86,4,0.06,1.50.3,1-3-5,1060,2,1-3,330,1,1-3-5,510,1,1-3,310,1,,,,,,,
20260116,芦屋,3,一般,晴,北東,2,2,5,2,5043,中 村 日 向,11,156,6.68,2,0.19,,1-3-5,1060,2,1-3,330,1,1-3-5,510,1,1-3,310,1,,,,,,,
20260116,芦屋,3,一般,晴,北東,2,2,6,6,4886,入 海 馨,49,139,6.78,6,0.04,,1-3-5,1060,2,1-3,330,1,1-3-5,510,1,1-3,310,1,,,,,,,
20260116,芦屋,4,一般,晴,南,2,2,1,1,3897,白 井 英 治,23,135,6.71,1,0.07,1.46.3,1-4-2,1330,6,1-4,360,2,1-2-4,490,2,1-4,320,2,,,,,,,
20260116,芦屋,4,一般,晴,南,2,2,2,4,4262,馬 場 貴 也,19,155,6.73,4,0.08,1.47.6,1-4-2,1330,6,1-4,360,2,1-2-4,490,2,1-4,320,2,,,,,,,
20260116,芦屋,4,一般,晴,南,2,2,3,2,5015,高 橋 竜 矢,15,146,6.73,2,0.07,1.48.8,1-4-2,1330,6,1-4,360,2,1-2-4,490,2,1-4,320,2,,,,,,,
20260116,芦屋,4,一般,晴,南,2,2,4,5,4445,宮 地 元 輝,57,168,6.75,5,0.05,1.51.3,1-4-2,1330,6,1-4,360,2,1-2-4,490,2,1-4,320,2,,,,,,,
20260116,芦屋,4,一般,晴,南,2,2,5,3,4787,椎 名 豊,16,115,6.74,3,0.11,,1-4-2,1330,6,1-4,360,2,1-2-4,490,2,1-4,320,2,,,,,,,
20260116,芦屋,4,一般,晴,南,2,2,6,6,4933,板 橋 侑 我,26,150,6.75,6,0.11,,1-4-2,1330,6,1-4,360,2,1-2-4,490,2,1-4,320,2,,,,,,,
20260116,芦屋,5,一般,晴,東,2,2,1,4,4544,松 田 大志郎,8,160,6.67,3,0.06,1.46.5,4-3-1,17060,55,4-3,6590,17,1-3-4,560,2,3-4,1460,6,,,,,,,
20260116,芦屋,5,一般,晴,東,2,2,2,3,4571,菅 章 哉,60,152,6.55,5,0.18,1.48.9,4-3-1,17060,55,4-3,6590,17,1-3-4,560,2,3-4,1460,6,,,,,,,
20260116,芦屋,5,一般,晴,東,2,2,3,1,4320,峰 竜 太,58,137,6.68,1,0.16,1.49.7,4-3-1,17060,55,4-3,6590,17,1-3-4,560,2,3-4,1460,6,,,,,,,
20260116,芦屋,5,一般,晴,東,2,2,4,6,4848,仲 谷 颯 仁,50,129,6.71,6,0.19,1.51.1,4-3-1,17060,55,4-3,6590,17,1-3-4,560,2,3-4,1460,6,,,,,,,
20260116,芦屋,5,一般,晴,東,2,2,5,2,5028,原 田 才一郎,7,141,6.70,2,0.14,,4-3-1,17060,55,4-3,6590,17,1-3-4,560,2,3-4,1460,6,,,,,,,
20260116,芦屋,5,一般,晴,東,2,2,6,5,4760,山 崎 郡,38,147,6.76,4,0.11,,4-3-1,17060,55,4-3,6590,17,1-3-4,560,2,3-4,1460,6,,,,,,,
20260116,芦屋,6,一般,晴,東,1,1,1,5,4847,佐 藤 隆太郎,13,127,6.74,5,0.19,1.47.6,5-1-6,31740,83,5-1,5740,21,1-5-6,4000,17,1-5,1070,5,,,,,,,
20260116,芦屋,6,一般,晴,東,1,1,2,1,4030,森 高 一 真,20,165,6.79,1,0.16,1.49.1,5-1-6,31740,83,5-1,5740,21,1-5-6,4000,17,1-5,1070,5,,,,,,,
20260116,芦屋,6,一般,晴,東,1,1,3,6,5043,中 村 日 向,11,156,6.69,6,0.17,1.50.6,5-1-6,31740,83,5-1,5740,21,1-5-6,4000,17,1-5,1070,5,,,,,,,
20260116,芦屋,6,一般,晴,東,1,1,4,2,4980,佐々木 完 太,39,117,6.75,2,0.27,1.52.6,5-1-6,31740,83,5-1,5740,21,1-5-6,4000,17,1-5,1070,5,,,,,,,
20260116,芦屋,6,一般,晴,東,1,1,5,3,4024,井 口 佳 典,48,153,6.71,3,0.20,,5-1-6,31740,83,5-1,5740,21,1-5-6,4000,17,1-5,1070,5,,,,,,,
20260116,芦屋,6,一般,晴,東,1,1,6,4,3590,濱野谷 憲 吾,32,125,6.78,4,0.18,,5-1-6,31740,83,5-1,5740,21,1-5-6,4000,17,1-5,1070,5,,,,,,,
20260116,芦屋,7,一般,晴,東,1,1,1,3,4547,中 田 竜 太,46,118,6.80,3,0.09,1.46.6,3-1-5,4740,15,3-1,1330,5,1-3-5,850,4,1-3,280,1,,,,,,,
20260116,芦屋,7,一般,晴,東,1,1,2,1,3783,瓜 生 正 義,45,143,6.71,1,0.11,1.48.0,3-1-5,4740,15,3-1,1330,5,1-3-5,850,4,1-3,280,1,,,,,,,
20260116,芦屋,7,一般,晴,東,1,1,3,5,4524,深 谷 知 博,10,124,6.76,5,0.07,1.49.6,3-1-5,4740,15,3-1,1330,5,1-3-5,850,4,1-3,280,1,,,,,,,
20260116,芦屋,7,一般,晴,東,1,1,4,6,5015,高 橋 竜 矢,15,146,6.76,6,0.17,1.50.6,3-1-5,4740,15,3-1,1330,5,1-3-5,850,4,1-3,280,1,,,,,,,
20260116,芦屋,7,一般,晴,東,1,1,5,4,4166,吉 田 拡 郎,59,162,6.72,4,0.09,,3-1-5,4740,15,3-1,1330,5,1-3-5,850,4,1-3,280,1,,,,,,,
20260116,芦屋,7,一般,晴,東,1,1,6,2,4886,入 海 馨,49,139,6.78,2,0.18,,3-1-5,4740,15,3-1,1330,5,1-3-5,850,4,1-3,280,1,,,,,,,
20260116,芦屋,8,一般,晴,北東,2,2,1,1,4262,馬 場 貴 也,19,155,6.74,1,0.23,1.48.1,1-3-5,1650,7,1-3,360,2,1-3-5,990,5,1-3,320,2,,,,,,,
20260116,芦屋,8,一般,晴,北東,2,2,2,3,4566,塩 田 北 斗,43,131,6.77,3,0.24,1.49.3,1-3-5,1650,7,1-3,360,2,1-3-5,990,5,1-3,320,2,,,,,,,
20260116,芦屋,8,一般,晴,北東,2,2,3,5,4787,椎 名 豊,16,115,6.75,5,0.22,1.49.9,1-3-5,1650,7,1-3,360,2,1-3-5,990,5,1-3,320,2,,,,,,,
20260116,芦屋,8,一般,晴,北東,2,2,4,4,4344,新 田 雄 史,52,149,6.78,4,0.24,1.51.8,1-3-5,1650,7,1-3,360,2,1-3-5,990,5,1-3,320,2,,,,,,,
20260116,芦屋,8,一般,晴,北東,2,2,5,2,4851,関 浩 哉,14,132,6.76,2,0.25,,1-3-5,1650,7,1-3,360,2,1-3-5,990,5,1-3,320,2,,,,,,,
20260116,芦屋,8,一般,晴,北東,2,2,6,6,5028,原 田 才一郎,7,141,6.75,6,0.36,,1-3-5,1650,7,1-3,360,2,1-3-5,990,5,1-3,320,2,,,,,,,
20260116,芦屋,9,一般,晴,北東,1,1,1,1,4444,桐 生 順 平,42,161,6.76,1,0.15,1.47.8,1-3-2,1120,2,1-3,290,1,1-2-3,450,1,1-3,200,1,,,,,,,
20260116,芦屋,9,一般,晴,北東,1,1,2,3,4544,松 田 大志郎,8,160,6.71,3,0.14,1.48.4,1-3-2,1120,2,1-3,290,1,1-2-3,450,1,1-3,200,1,,,,,,,
20260116,芦屋,9,一般,晴,北東,1,1,3,2,4933,板 橋 侑 我,26,150,6.73,2,0.16,1.50.3,1-3-2,1120,2,1-3,290,1,1-2-3,450,1,1-3,200,1,,,,,,,
20260116,芦屋,9,一般,晴,北東,1,1,4,6,4980,佐々木 完 太,39,117,6.77,6,0.21,1.51.4,1-3-2,1120,2,1-3,290,1,1-2-3,450,1,1-3,200,1,,,,,,,
20260116,芦屋,9,一般,晴,北東,1,1,5,5,4494,河 合 佑 樹,44,123,6.70,5,0.16,,1-3-2,1120,2,1-3,290,1,1-2-3,450,1,1-3,200,1,,,,,,,
20260116,芦屋,9,一般,晴,北東,1,1,6,4,4445,宮 地 元 輝,57,168,6.74,4,0.13,,1-3-2,1120,2,1-3,290,1,1-2-3,450,1,1-3,200,1,,,,,,,
20260116,芦屋,10,準優勝戦,晴,東,1,1,1,1,4719,上 條 暢 嵩,5,158,6.75,1,0.16,1.47.9,1-3-4,450,1,1-3,180,1,1-3-4,260,1,1-3,170,1,,,,,,,
20260116,芦屋,10,準優勝戦,晴,東,1,1,2,3,4337,平 本 真 之,56,163,6.78,3,0.14,1.48.5,1-3-4,450,1,1-3,180,1,1-3-4,260,1,1-3,170,1,,,,,,,
20260116,芦屋,10,準優勝戦,晴,東,1,1,3,4,4831,羽 野 直 也,12,164,6.74,4,0.14,1.50.1,1-3-4,450,1,1-3,180,1,1-3-4,260,1,1-3,170,1,,,,,,,
20260116,芦屋,10,準優勝戦,晴,東,1,1,4,6,4266,長 田 頼 宗,35,167,6.74,6,0.15,1.51.8,1-3-4,450,1,1-3,180,1,1-3-4,260,1,1-3,170,1,,,,,,,
20260116,芦屋,10,準優勝戦,晴,東,1,1,5,5,4757,山 田 祐 也,21,119,6.76,5,0.12,,1-3-4,450,1,1-3,180,1,1-3-4,260,1,1-3,170,1,,,,,,,
20260116,芦屋,10,準優勝戦,晴,東,1,1,L1,2,4350,篠 崎 元 志,33,113,6.73,2,L1.99,,1-3-4,450,1,1-3,180,1,1-3-4,260,1,1-3,170,1,,,,,,,
20260116,芦屋,11,準優勝戦,晴,北,1,1,1,1,4371,西 山 貴 浩,2,154,6.70,1,0.03,1.47.0,1-3-2,790,1,1-3,290,1,1-2-3,310,1,1-3,270,1,,,,,,,
20260116,芦屋,11,準優勝戦,晴,北,1,1,2,3,4914,吉 田 裕 平,9,140,6.67,3,0.07,1.47.3,1-3-2,790,1,1-3,290,1,1-2-3,310,1,1-3,270,1,,,,,,,
20260116,芦屋,11,準優勝戦,晴,北,1,1,3,2,3941,池 田 浩 二,37,111,6.75,2,0.09,1.48.9,1-3-2,790,1,1-3,290,1,1-2-3,310,1,1-3,270,1,,,,,,,
20260116,芦屋,11,準優勝戦,晴,北,1,1,4,5,3415,松 井 繁,34,144,6.76,5,0.07,1.50.0,1-3-2,790,1,1-3,290,1,1-2-3,310,1,1-3,270,1,,,,,,,
20260116,芦屋,11,準優勝戦,晴,北,1,1,5,4,4044,湯 川 浩 司,18,134,6.63,4,0.08,,1-3-2,790,1,1-3,290,1,1-2-3,310,1,1-3,270,1,,,,,,,
20260116,芦屋,11,準優勝戦,晴,北,1,1,6,6,4932,新 開 航,25,145,6.82,6,0.12,,1-3-2,790,1,1-3,290,1,1-2-3,310,1,1-3,270,1,,,,,,,
20260116,芦屋,12,準優勝戦,晴,北,1,1,1,1,5121,定 松 勇 樹,6,166,6.74,1,0.13,1.47.1,1-3-5,1020,2,1-3,280,1,1-3-5,630,3,1-3,260,1,,,,,,,
20260116,芦屋,12,準優勝戦,晴,北,1,1,2,3,4477,篠 崎 仁 志,17,148,6.71,3,0.11,1.48.1,1-3-5,1020,2,1-3,280,1,1-3-5,630,3,1-3,260,1,,,,,,,
20260116,芦屋,12,準優勝戦,晴,北,1,1,3,5,4205,山 口 剛,28,138,6.76,5,0.16,1.49.4,1-3-5,1020,2,1-3,280,1,1-3-5,630,3,1-3,260,1,,,,,,,
20260116,芦屋,12,準優勝戦,晴,北,1,1,4,6,4959,井 上 忠 政,1,142,6.66,6,0.21,1.50.1,1-3-5,1020,2,1-3,280,1,1-3-5,630,3,1-3,260,1,,,,,,,
20260116,芦屋,12,準優勝戦,晴,北,1,1,5,2,3942,寺 田 祥,4,151,6.75,2,0.15,,1-3-5,1020,2,1-3,280,1,1-3-5,630,3,1-3,260,1,,,,,,,
20260116,芦屋,12,準優勝戦,晴,北,1,1,6,4,5217,藤 原 碧 生,22,170,6.68,4,0.15,,1-3-5,1020,2,1-3,280,1,1-3-5,630,3,1-3,260,1,,,,,,,
20260116,蒲郡,1,予選,晴,北西,3,1,1,1,3800,牧 宏 次,39,49,6.62,1,0.11,1.49.4,1-6-4,22630,72,1-6,4930,20,1-4-6,2460,11,1-6,3160,11,,,,,,,
20260116,蒲郡,1,予選,晴,北西,3,1,2,6,5232,樅 山 拓 馬,57,19,6.58,5,0.19,1.50.6,1-6-4,22630,72,1-6,4930,20,1-4-6,2460,11,1-6,3160,11,,,,,,,
20260116,蒲郡,1,予選,晴,北西,3,1,3,4,4175,川 尻 泰 輔,60,15,6.63,4,0.18,1.52.1,1-6-4,22630,72,1-6,4930,20,1-4-6,2460,11,1-6,3160,11,,,,,,,
20260116,蒲郡,1,予選,晴,北西,3,1,4,3,5053,山 口 広 樹,59,14,6.60,3,0.12,1.54.1,1-6-4,22630,72,1-6,4930,20,1-4-6,2460,11,1-6,3160,11,,,,,,,
20260116,蒲郡,1,予選,晴,北西,3,1,5,5,3848,川 上 聡 介,36,51,6.62,6,0.16,,1-6-4,22630,72,1-6,4930,20,1-4-6,2460,11,1-6,3160,11,,,,,,,
20260116,蒲郡,1,予選,晴,北西,3,1,6,2,4789,古 賀 智 之,18,16,6.65,2,0.09,,1-6-4,22630,72,1-6,4930,20,1-4-6,2460,11,1-6,3160,11,,,,,,,
20260116,蒲郡,2,予選,晴,北西,3,1,1,1,4943,八 木 治 樹,56,76,6.62,1,0.12,1.49.6,1-2-5,3760,12,1-2,610,2,1-2-5,2370,8,1-2,230,1,,,,,,,
20260116,蒲郡,2,予選,晴,北西,3,1,2,2,4732,堀 本 和 也,48,75,6.60,2,0.11,1.50.9,1-2-5,3760,12,1-2,610,2,1-2-5,2370,8,1-2,230,1,,,,,,,
20260116,蒲郡,2,予選,晴,北西,3,1,3,5,4811,向井田 佑 紀,27,17,6.64,5,0.09,1.51.3,1-2-5,3760,12,1-2,610,2,1-2-5,2370,8,1-2,230,1,,,,,,,
20260116,蒲郡,2,予選,晴,北西,3,1,4,6,4711,前 出 達 吉,55,13,6.64,6,0.10,1.52.0,1-2-5,3760,12,1-2,610,2,1-2-5,2370,8,1-2,230,1,,,,,,,
20260116,蒲郡,2,予選,晴,北西,3,1,5,3,3918,深 井 利 寿,29,40,6.64,3,0.10,,1-2-5,3760,12,1-2,610,2,1-2-5,2370,8,1-2,230,1,,,,,,,
20260116,蒲郡,2,予選,晴,北西,3,1,6,4,3385,渡 邉 睦 広,13,28,6.70,4,0.08,,1-2-5,3760,12,1-2,610,2,1-2-5,2370,8,1-2,230,1,,,,,,,
20260116,蒲郡,3,予選,晴,北西,4,2,1,5,4883,岡 部 大 輝,77,20,6.60,5,0.17,1.47.8,5-6-4,6140,27,5-6,3050,13,4-5-6,580,3,5-6,890,5,,,,,,,
20260116,蒲郡,3,予選,晴,北西,4,2,2,6,3554,仲 口 博 崇,61,12,6.60,2,0.14,1.50.3,5-6-4,6140,27,5-6,3050,13,4-5-6,580,3,5-6,890,5,,,,,,,
20260116,蒲郡,3,予選,晴,北西,4,2,3,4,5075,中 島 秀 治,52,71,6.60,4,0.13,1.52.3,5-6-4,6140,27,5-6,3050,13,4-5-6,580,3,5-6,890,5,,,,,,,
20260116,蒲郡,3,予選,晴,北西,4,2,4,3,4864,小 川 日紀太,24,53,6.60,3,0.16,1.53.8,5-6-4,6140,27,5-6,3050,13,4-5-6,580,3,5-6,890,5,,,,,,,
20260116,蒲郡,3,予選,晴,北西,4,2,5,1,4245,高 橋 直 哉,64,47,6.65,1,0.18,,5-6-4,6140,27,5-6,3050,13,4-5-6,580,3,5-6,890,5,,,,,,,
20260116,蒲郡,3,予選,晴,北西,4,2,K0,2,4904,松 本 一 毅,70,22 K,,,,,5-6-4,6140,27,5-6,3050,13,4-5-6,580,3,5-6,890,5,,,,,,,
20260116,蒲郡,4,予選,晴,北西,3,1,1,1,4691,水 原 慎,34,45,6.53,1,0.19,1.49.4,1-2-5,1420,1,1-2,520,1,1-2-5,410,1,1-2,250,1,,,,,,,
20260116,蒲郡,4,予選,晴,北西,3,1,2,2,4287,今 井 貴 士,26,31,6.64,2,0.20,1.50.5,1-2-5,1420,1,1-2,520,1,1-2-5,410,1,1-2,250,1,,,,,,,
20260116,蒲郡,4,予選,晴,北西,3,1,3,5,4137,君 島 秀 三,16,61,6.56,5,0.14,1.52.7,1-2-5,1420,1,1-2,520,1,1-2-5,410,1,1-2,250,1,,,,,,,
20260116,蒲郡,4,予選,晴,北西,3,1,4,6,3967,鈴 木 茂 高,28,72,6.63,6,0.21,1.52.9,1-2-5,1420,1,1-2,520,1,1-2-5,410,1,1-2,250,1,,,,,,,
20260116,蒲郡,4,予選,晴,北西,3,1,5,4,5289,佃 來 紀,76,23,6.53,4,0.13,,1-2-5,1420,1,1-2,520,1,1-2-5,410,1,1-2,250,1,,,,,,,
20260116,蒲郡,4,予選,晴,北西,3,1,6,3,4560,庄 司 樹良々,31,74,6.59,3,0.18,,1-2-5,1420,1,1-2,520,1,1-2-5,410,1,1-2,250,1,,,,,,,
20260116,蒲郡,5,予選,晴,北西,4,2,1,1,5091,為 本 智 也,38,39,6.61,1,0.08,1.48.4,1-5-6,980,2,1-5,370,1,1-5-6,280,1,1-5,190,1,,,,,,,
20260116,蒲郡,5,予選,晴,北西,4,2,2,5,4168,石 野 貴 之,58,32,6.55,3,0.11,1.49.5,1-5-6,980,2,1-5,370,1,1-5-6,280,1,1-5,190,1,,,,,,,
20260116,蒲郡,5,予選,晴,北西,4,2,3,6,4086,寺 本 重 宣,72,30,6.56,4,0.13,1.50.2,1-5-6,980,2,1-5,370,1,1-5-6,280,1,1-5,190,1,,,,,,,
20260116,蒲郡,5,予選,晴,北西,4,2,4,2,4735,角 山 雄 哉,35,24,6.58,2,0.11,1.52.8,1-5-6,980,2,1-5,370,1,1-5-6,280,1,1-5,190,1,,,,,,,
20260116,蒲郡,5,予選,晴,北西,4,2,5,3,3848,川 上 聡 介,36,51,6.59,5,0.12,,1-5-6,980,2,1-5,370,1,1-5-6,280,1,1-5,190,1,,,,,,,
20260116,蒲郡,5,予選,晴,北西,4,2,6,4,4899,占 部 一 真,71,38,6.71,6,0.12,,1-5-6,980,2,1-5,370,1,1-5-6,280,1,1-5,190,1,,,,,,,
20260116,蒲郡,6,予選,晴,北西,3,1,1,1,4789,古 賀 智 之,18,16,6.67,1,0.12,1.49.5,1-2-6,3220,12,1-2,800,3,1-2-6,1170,5,1-2,550,2,,,,,,,
20260116,蒲郡,6,予選,晴,北西,3,1,2,2,4463,三 苫 晃 幸,43,25,6.68,2,0.09,1.50.8,1-2-6,3220,12,1-2,800,3,1-2-6,1170,5,1-2,550,2,,,,,,,
20260116,蒲郡,6,予選,晴,北西,3,1,3,6,4377,濱 本 優 一,40,48,6.68,6,0.27,1.51.0,1-2-6,3220,12,1-2,800,3,1-2-6,1170,5,1-2,550,2,,,,,,,
20260116,蒲郡,6,予選,晴,北西,3,1,4,3,4308,河 村 了,63,66,6.56,3,0.10,1.52.8,1-2-6,3220,12,1-2,800,3,1-2-6,1170,5,1-2,550,2,,,,,,,
20260116,蒲郡,6,予選,晴,北西,3,1,5,4,4113,木 村 浩 士,54,26,6.63,4,0.17,,1-2-6,3220,12,1-2,800,3,1-2-6,1170,5,1-2,550,2,,,,,,,
20260116,蒲郡,6,予選,晴,北西,3,1,6,5,5157,市 川 健 太,65,65,6.66,5,0.15,,1-2-6,3220,12,1-2,800,3,1-2-6,1170,5,1-2,550,2,,,,,,,
20260116,蒲郡,7,予選 進入固定,晴,北西,3,1,1,4,4624,高 田 明,21,77,6.65,4,0.04,1.48.8,4-5-3,11500,33,4-5,2850,9,3-4-5,2930,9,4-5,1500,5,,,,,,,
20260116,蒲郡,7,予選 進入固定,晴,北西,3,1,2,5,5053,山 口 広 樹,59,14,6.67,5,0.03,1.50.0,4-5-3,11500,33,4-5,2850,9,3-4-5,2930,9,4-5,1500,5,,,,,,,
20260116,蒲郡,7,予選 進入固定,晴,北西,3,1,3,3,4075,中 野 次 郎,32,35,6.65,3,0.14,1.51.6,4-5-3,11500,33,4-5,2850,9,3-4-5,2930,9,4-5,1500,5,,,,,,,
20260116,蒲郡,7,予選 進入固定,晴,北西,3,1,4,6,4902,山 川 雄 大,53,54,6.73,6,0.03,1.53.0,4-5-3,11500,33,4-5,2850,9,3-4-5,2930,9,4-5,1500,5,,,,,,,
20260116,蒲郡,7,予選 進入固定,晴,北西,3,1,5,1,4420,津久井 拓 也,30,37,6.61,1,0.16,,4-5-3,11500,33,4-5,2850,9,3-4-5,2930,9,4-5,1500,5,,,,,,,
20260116,蒲郡,7,予選 進入固定,晴,北西,3,1,6,2,4245,高 橋 直 哉,64,55,6.70,2,0.21,,4-5-3,11500,33,4-5,2850,9,3-4-5,2930,9,4-5,1500,5,,,,,,,
20260116,蒲郡,8,予選,晴,北西,3,1,1,2,4685,島 村 隆 幸,68,46,6.68,2,0.16,1.54.9,2-4-3,4570,18,2-4,1320,5,2-3-4,1420,7,2-4,1110,4,,,,,,,
20260116,蒲郡,8,予選,晴,北西,3,1,2,4,4416,三 宅 健 太,19,60,6.66,4,0.09,1.56.9,2-4-3,4570,18,2-4,1320,5,2-3-4,1420,7,2-4,1110,4,,,,,,,
20260116,蒲郡,8,予選,晴,北西,3,1,3,3,4691,水 原 慎,34,45,6.70,3,0.12,1.58.8,2-4-3,4570,18,2-4,1320,5,2-3-4,1420,7,2-4,1110,4,,,,,,,
20260116,蒲郡,8,予選,晴,北西,3,1,4,6,4883,岡 部 大 輝,77,20,6.70,6,0.08,2.01.3,2-4-3,4570,18,2-4,1320,5,2-3-4,1420,7,2-4,1110,4,,,,,,,
20260116,蒲郡,8,予選,晴,北西,3,1,5,1,5039,倉 田 茂 将,15,52,6.73,1,0.16,,2-4-3,4570,18,2-4,1320,5,2-3-4,1420,7,2-4,1110,4,,,,,,,
20260116,蒲郡,8,予選,晴,北西,3,1,S1,5,4036,金 田 諭,17,27,6.68,5,0.06,,2-4-3,4570,18,2-4,1320,5,2-3-4,1420,7,2-4,1110,4,,,,,,,
20260116,蒲郡,9,予選特賞,晴,北西,3,1,1,1,4137,君 島 秀 三,16,61,6.62,1,0.09,1.48.6,1-5-2,1560,8,1-5,720,3,1-2-5,640,2,1-5,400,3,,,,,,,
20260116,蒲郡,9,予選特賞,晴,北西,3,1,2,5,4718,北 川 太 一,22,68,6.63,5,0.13,1.49.2,1-5-2,1560,8,1-5,720,3,1-2-5,640,2,1-5,400,3,,,,,,,
20260116,蒲郡,9,予選特賞,晴,北西,3,1,3,2,5091,為 本 智 也,38,39,6.73,2,0.22,1.50.8,1-5-2,1560,8,1-5,720,3,1-2-5,640,2,1-5,400,3,,,,,,,
20260116,蒲郡,9,予選特賞,晴,北西,3,1,4,4,4904,松 本 一 毅,70,64,6.69,4,0.14,1.52.6,1-5-2,1560,8,1-5,720,3,1-2-5,640,2,1-5,400,3,,,,,,,
20260116,蒲郡,9,予選特賞,晴,北西,3,1,5,3,4508,野 間 大 樹,49,36,6.66,3,0.18,,1-5-2,1560,8,1-5,720,3,1-2-5,640,2,1-5,400,3,,,,,,,
20260116,蒲郡,9,予選特賞,晴,北西,3,1,6,6,4732,堀 本 和 也,48,75,6.67,6,0.14,,1-5-2,1560,8,1-5,720,3,1-2-5,640,2,1-5,400,3,,,,,,,
20260116,蒲郡,10,予選特賞,晴,北西,2,1,1,1,4121,富 永 修 一,33,50,6.73,1,0.18,1.49.1,1-5-6,7550,29,1-5,1260,5,1-5-6,4010,13,1-5,850,4,,,,,,,
20260116,蒲郡,10,予選特賞,晴,北西,2,1,2,5,4308,河 村 了,63,66,6.63,5,0.21,1.50.0,1-5-6,7550,29,1-5,1260,5,1-5-6,4010,13,1-5,850,4,,,,,,,
20260116,蒲郡,10,予選特賞,晴,北西,2,1,3,6,4560,庄 司 樹良々,31,74,6.70,6,0.24,1.50.7,1-5-6,7550,29,1-5,1260,5,1-5-6,4010,13,1-5,850,4,,,,,,,
20260116,蒲郡,10,予選特賞,晴,北西,2,1,4,3,5232,樅 山 拓 馬,57,19,6.64,3,0.24,1.53.1,1-5-6,7550,29,1-5,1260,5,1-5-6,4010,13,1-5,850,4,,,,,,,
20260116,蒲郡,10,予選特賞,晴,北西,2,1,5,2,4711,前 出 達 吉,55,13,6.61,2,0.28,,1-5-6,7550,29,1-5,1260,5,1-5-6,4010,13,1-5,850,4,,,,,,,
20260116,蒲郡,10,予選特賞,晴,北西,2,1,6,4,4168,石 野 貴 之,58,32,6.54,4,0.21,,1-5-6,7550,29,1-5,1260,5,1-5-6,4010,13,1-5,850,4,,,,,,,
20260116,蒲郡,11,予選特選,晴,北西,2,1,1,2,3554,仲 口 博 崇,61,12,6.62,1,0.25,1.48.2,2-6-1,58060,69,2-6,16820,21,1-2-6,1900,9,2-6,7530,12,,,,,,,
20260116,蒲郡,11,予選特選,晴,北西,2,1,2,6,4175,川 尻 泰 輔,60,15,6.68,6,0.18,1.49.5,2-6-1,58060,69,2-6,16820,21,1-2-6,1900,9,2-6,7530,12,,,,,,,
20260116,蒲郡,11,予選特選,晴,北西,2,1,3,1,4075,中 野 次 郎,32,35,6.60,2,0.24,1.51.9,2-6-1,58060,69,2-6,16820,21,1-2-6,1900,9,2-6,7530,12,,,,,,,
20260116,蒲郡,11,予選特選,晴,北西,2,1,4,4,4463,三 苫 晃 幸,43,25,6.68,4,0.26,1.52.6,2-6-1,58060,69,2-6,16820,21,1-2-6,1900,9,2-6,7530,12,,,,,,,
20260116,蒲郡,11,予選特選,晴,北西,2,1,5,3,3385,渡 邉 睦 広,13,28,6.73,3,0.37,,2-6-1,58060,69,2-6,16820,21,1-2-6,1900,9,2-6,7530,12,,,,,,,
20260116,蒲郡,11,予選特選,晴,北西,2,1,6,5,4287,今 井 貴 士,26,31,6.72,5,0.21,,2-6-1,58060,69,2-6,16820,21,1-2-6,1900,9,2-6,7530,12,,,,,,,
20260116,蒲郡,12,予選記者特選,晴,北西,3,1,1,1,4685,島 村 隆 幸,68,46,6.57,1,0.14,1.47.3,1-2-4,1770,7,1-2,430,2,1-2-4,810,5,1-2,420,2,,,,,,,
20260116,蒲郡,12,予選記者特選,晴,北西,3,1,2,2,3918,深 井 利 寿,29,40,6.70,2,0.17,1.48.9,1-2-4,1770,7,1-2,430,2,1-2-4,810,5,1-2,420,2,,,,,,,
20260116,蒲郡,12,予選記者特選,晴,北西,3,1,3,4,4086,寺 本 重 宣,72,30,6.68,4,0.16,1.49.9,1-2-4,1770,7,1-2,430,2,1-2-4,810,5,1-2,420,2,,,,,,,
20260116,蒲郡,12,予選記者特選,晴,北西,3,1,4,5,5289,佃 來 紀,76,23,6.64,5,0.10,1.51.0,1-2-4,1770,7,1-2,430,2,1-2-4,810,5,1-2,420,2,,,,,,,
20260116,蒲郡,12,予選記者特選,晴,北西,3,1,5,6,4624,高 田 明,21,77,6.62,6,0.15,,1-2-4,1770,7,1-2,430,2,1-2-4,810,5,1-2,420,2,,,,,,,
20260116,蒲郡,12,予選記者特選,晴,北西,3,1,6,3,4377,濱 本 優 一,40,48,6.66,3,0.15,,1-2-4,1770,7,1-2,430,2,1-2-4,810,5,1-2,420,2,,,,,,,
20260116,鳴門,1,一般,晴,北,1,1,1,1,5160,藤 森 陸 斗,22,39,6.84,1,0.11,1.49.1,1-3-4,840,3,1-3,320,2,1-3-4,440,2,1-3,260,1,,,,,,,
20260116,鳴門,1,一般,晴,北,1,1,2,3,5313,鈴 木 唯 央,12,24,6.77,3,0.12,1.49.9,1-3-4,840,3,1-3,320,2,1-3-4,440,2,1-3,260,1,,,,,,,
20260116,鳴門,1,一般,晴,北,1,1,3,4,5301,岩 下 巧 斗,66,37,6.88,4,0.11,1.51.9,1-3-4,840,3,1-3,320,2,1-3-4,440,2,1-3,260,1,,,,,,,
20260116,鳴門,1,一般,晴,北,1,1,4,5,5375,庄 島 潤 成,63,83,6.81,5,0.11,1.52.4,1-3-4,840,3,1-3,320,2,1-3-4,440,2,1-3,260,1,,,,,,,
20260116,鳴門,1,一般,晴,北,1,1,5,2,5351,齊 藤 廉,60,18,6.79,2,0.13,,1-3-4,840,3,1-3,320,2,1-3-4,440,2,1-3,260,1,,,,,,,
20260116,鳴門,1,一般,晴,北,1,1,6,6,5404,内 田 壮,81,68,6.76,6,0.23,,1-3-4,840,3,1-3,320,2,1-3-4,440,2,1-3,260,1,,,,,,,
20260116,鳴門,2,一般,晴,北,1,1,1,1,5178,成 貞 琳 平,33,63,6.77,1,0.13,1.48.3,1-2-3,2390,8,1-2,510,1,1-2-3,820,3,1-2,270,1,,,,,,,
20260116,鳴門,2,一般,晴,北,1,1,2,2,5226,藤 田 俊 祐,15,57,6.85,2,0.16,1.49.9,1-2-3,2390,8,1-2,510,1,1-2-3,820,3,1-2,270,1,,,,,,,
20260116,鳴門,2,一般,晴,北,1,1,3,3,5236,小 宮 涼 雅,68,33,6.87,3,0.13,1.51.3,1-2-3,2390,8,1-2,510,1,1-2-3,820,3,1-2,270,1,,,,,,,
20260116,鳴門,2,一般,晴,北,1,1,4,6,5222,津 田 陸 翔,18,38,6.79,4,0.23,1.51.6,1-2-3,2390,8,1-2,510,1,1-2-3,820,3,1-2,270,1,,,,,,,
20260116,鳴門,2,一般,晴,北,1,1,5,4,5408,中 山 鷹 輔,57,34,6.84,5,0.29,,1-2-3,2390,8,1-2,510,1,1-2-3,820,3,1-2,270,1,,,,,,,
20260116,鳴門,2,一般,晴,北,1,1,6,5,5338,香 月 大 輝,32,71,6.79,6,0.28,,1-2-3,2390,8,1-2,510,1,1-2-3,820,3,1-2,270,1,,,,,,,
20260116,鳴門,3,一般,晴,北西,2,2,1,1,5018,竹 下 大 樹,82,28,6.78,1,0.06,1.48.2,1-2-4,1700,7,1-2,540,3,1-2-4,660,2,1-2,470,3,,,,,,,
20260116,鳴門,3,一般,晴,北西,2,2,2,2,5240,高 橋 龍 治,64,52,6.91,2,0.11,1.49.0,1-2-4,1700,7,1-2,540,3,1-2-4,660,2,1-2,470,3,,,,,,,
20260116,鳴門,3,一般,晴,北西,2,2,3,4,5388,佐 野 優 都,26,11,6.86,4,0.12,1.51.1,1-2-4,1700,7,1-2,540,3,1-2-4,660,2,1-2,470,3,,,,,,,
20260116,鳴門,3,一般,晴,北西,2,2,4,5,5403,藤 山 湧 太,55,79,6.90,5,0.15,1.53.0,1-2-4,1700,7,1-2,540,3,1-2-4,660,2,1-2,470,3,,,,,,,
20260116,鳴門,3,一般,晴,北西,2,2,5,6,5275,松 田 淳 平,11,19,6.80,6,0.13,,1-2-4,1700,7,1-2,540,3,1-2-4,660,2,1-2,470,3,,,,,,,
20260116,鳴門,3,一般,晴,北西,2,2,6,3,5311,小 林 京 平,54,17,6.85,3,0.14,,1-2-4,1700,7,1-2,540,3,1-2-4,660,2,1-2,470,3,,,,,,,
20260116,鳴門,4,一般,晴,北西,3,3,1,1,5170,佐 藤 太 亮,38,54,6.77,1,0.17,1.48.5,1-3-2,1860,5,1-3,520,1,1-2-3,620,2,1-3,250,1,,,,,,,
20260116,鳴門,4,一般,晴,北西,3,3,2,3,5089,前 田 翔,77,62,6.80,3,0.14,1.49.0,1-3-2,1860,5,1-3,520,1,1-2-3,620,2,1-3,250,1,,,,,,,
20260116,鳴門,4,一般,晴,北西,3,3,3,2,5249,三 木 晴 斗,80,15,6.80,2,0.13,1.51.1,1-3-2,1860,5,1-3,520,1,1-2-3,620,2,1-3,250,1,,,,,,,
20260116,鳴門,4,一般,晴,北西,3,3,4,6,5376,吉 田 一 心,74,73,6.79,6,0.13,1.52.4,1-3-2,1860,5,1-3,520,1,1-2-3,620,2,1-3,250,1,,,,,,,
20260116,鳴門,4,一般,晴,北西,3,3,5,5,5252,荒 木 颯 斗,14,26,6.74,5,0.10,,1-3-2,1860,5,1-3,520,1,1-2-3,620,2,1-3,250,1,,,,,,,
20260116,鳴門,4,一般,晴,北西,3,3,6,4,5224,西 岡 顕 心,23,27,6.85,4,0.12,,1-3-2,1860,5,1-3,520,1,1-2-3,620,2,1-3,250,1,,,,,,,
20260116,鳴門,5,一般,晴,北西,3,3,1,1,5181,森 智 哉,10,66,6.83,1,0.06,1.47.9,1-5-4,5230,20,1-5,650,2,1-4-5,1820,11,1-5,460,1,,,,,,,
20260116,鳴門,5,一般,晴,北西,3,3,2,5,5238,笹 木 香 吾,30,13,6.85,5,0.06,1.49.2,1-5-4,5230,20,1-5,650,2,1-4-5,1820,11,1-5,460,1,,,,,,,
20260116,鳴門,5,一般,晴,北西,3,3,3,4,5381,有 山 望,20,82,6.78,4,0.09,1.49.9,1-5-4,5230,20,1-5,650,2,1-4-5,1820,11,1-5,460,1,,,,,,,
20260116,鳴門,5,一般,晴,北西,3,3,4,6,5278,田 中 駿 兵,75,80,6.82,6,0.08,1.51.8,1-5-4,5230,20,1-5,650,2,1-4-5,1820,11,1-5,460,1,,,,,,,
20260116,鳴門,5,一般,晴,北西,3,3,5,3,5266,石 田 勇 斗,67,35,6.84,3,0.11,,1-5-4,5230,20,1-5,650,2,1-4-5,1820,11,1-5,460,1,,,,,,,
20260116,鳴門,5,一般,晴,北西,3,3,6,2,5244,黒 田 剛,69,10,6.87,2,0.09,,1-5-4,5230,20,1-5,650,2,1-4-5,1820,11,1-5,460,1,,,,,,,
20260116,鳴門,6,一般,晴,北西,3,3,1,6,5359,佐 藤 世 那,56,70,6.77,5,0.22,1.47.3,6-4-2,16400,33,6-4,7980,14,2-4-6,1140,5,4-6,1150,5,,,,,,,
20260116,鳴門,6,一般,晴,北西,3,3,2,4,5034,若 林 義 人,50,30,6.71,4,0.14,1.48.8,6-4-2,16400,33,6-4,7980,14,2-4-6,1140,5,4-6,1150,5,,,,,,,
20260116,鳴門,6,一般,晴,北西,3,3,3,2,5330,安河内 鈴之介,21,84,6.80,2,0.14,1.51.6,6-4-2,16400,33,6-4,7980,14,2-4-6,1140,5,4-6,1150,5,,,,,,,
20260116,鳴門,6,一般,晴,北西,3,3,4,5,5404,内 田 壮,81,68,6.89,6,0.27,1.52.8,6-4-2,16400,33,6-4,7980,14,2-4-6,1140,5,4-6,1150,5,,,,,,,
20260116,鳴門,6,一般,晴,北西,3,3,5,1,5221,竹 間 隆 晟,65,72,6.80,1,0.11,,6-4-2,16400,33,6-4,7980,14,2-4-6,1140,5,4-6,1150,5,,,,,,,
20260116,鳴門,6,一般,晴,北西,3,3,6,3,5268,山 本 幸 也,16,77,6.89,3,0.13,,6-4-2,16400,33,6-4,7980,14,2-4-6,1140,5,4-6,1150,5,,,,,,,
20260116,鳴門,7,一般,晴,北,1,1,1,1,5234,塚 越 海 斗,52,65,6.78,1,0.21,1.47.9,1-3-2,1280,5,1-3,570,3,1-2-3,220,1,1-3,600,2,,,,,,,
20260116,鳴門,7,一般,晴,北,1,1,2,3,5226,藤 田 俊 祐,15,57,6.81,3,0.23,1.49.3,1-3-2,1280,5,1-3,570,3,1-2-3,220,1,1-3,600,2,,,,,,,
20260116,鳴門,7,一般,晴,北,1,1,3,2,5196,鰐 部 太空海,34,76,6.64,2,0.18,1.50.0,1-3-2,1280,5,1-3,570,3,1-2-3,220,1,1-3,600,2,,,,,,,
20260116,鳴門,7,一般,晴,北,1,1,4,4,5299,西 丸 敦 基,27,23,6.83,4,0.20,1.51.6,1-3-2,1280,5,1-3,570,3,1-2-3,220,1,1-3,600,2,,,,,,,
20260116,鳴門,7,一般,晴,北,1,1,5,6,5409,宮 本 琉 正,51,50,6.86,6,0.10,,1-3-2,1280,5,1-3,570,3,1-2-3,220,1,1-3,600,2,,,,,,,
20260116,鳴門,7,一般,晴,北,1,1,6,5,5313,鈴 木 唯 央,12,24,6.76,5,0.19,,1-3-2,1280,5,1-3,570,3,1-2-3,220,1,1-3,600,2,,,,,,,
20260116,鳴門,8,一般,晴,北西,3,3,1,1,5311,小 林 京 平,54,17,6.90,1,0.14,1.48.4,1-3-5,810,1,1-3,370,1,1-3-5,200,1,1-3,360,1,,,,,,,
20260116,鳴門,8,一般,晴,北西,3,3,2,3,5252,荒 木 颯 斗,14,26,6.90,3,0.11,1.49.4,1-3-5,810,1,1-3,370,1,1-3-5,200,1,1-3,360,1,,,,,,,
20260116,鳴門,8,一般,晴,北西,3,3,3,5,5256,中 山 翔 太,25,67,6.83,5,0.12,1.52.0,1-3-5,810,1,1-3,370,1,1-3-5,200,1,1-3,360,1,,,,,,,
20260116,鳴門,8,一般,晴,北西,3,3,4,4,5302,秋 末 秦 悟,73,53,6.81,4,0.14,1.52.9,1-3-5,810,1,1-3,370,1,1-3-5,200,1,1-3,360,1,,,,,,,
20260116,鳴門,8,一般,晴,北西,3,3,5,2,5236,小 宮 涼 雅,68,33,6.88,2,0.11,,1-3-5,810,1,1-3,370,1,1-3-5,200,1,1-3,360,1,,,,,,,
20260116,鳴門,8,一般,晴,北西,3,3,6,6,5245,倉 富 大 誠,24,25,6.92,6,0.23,,1-3-5,810,1,1-3,370,1,1-3-5,200,1,1-3,360,1,,,,,,,
20260116,鳴門,9,一般,晴,無風,0,1,1,1,5266,石 田 勇 斗,67,35,6.79,1,0.02,1.48.5,1-4-2,5240,21,1-4,960,4,1-2-4,1870,7,1-4,570,2,,,,,,,
20260116,鳴門,9,一般,晴,無風,0,1,2,4,5170,佐 藤 太 亮,38,54,6.75,4,0.07,1.49.6,1-4-2,5240,21,1-4,960,4,1-2-4,1870,7,1-4,570,2,,,,,,,
20260116,鳴門,9,一般,晴,無風,0,1,3,2,5318,河 内 一 馬,29,51,6.80,2,0.04,1.50.9,1-4-2,5240,21,1-4,960,4,1-2-4,1870,7,1-4,570,2,,,,,,,
20260116,鳴門,9,一般,晴,無風,0,1,4,6,5172,田 村 慶,37,14,6.82,6,0.17,1.51.1,1-4-2,5240,21,1-4,960,4,1-2-4,1870,7,1-4,570,2,,,,,,,
20260116,鳴門,9,一般,晴,無風,0,1,5,3,5160,藤 森 陸 斗,22,39,6.79,3,0.07,,1-4-2,5240,21,1-4,960,4,1-2-4,1870,7,1-4,570,2,,,,,,,
20260116,鳴門,9,一般,晴,無風,0,1,6,5,5408,中 山 鷹 輔,57,34,6.87,5,0.12,,1-4-2,5240,21,1-4,960,4,1-2-4,1870,7,1-4,570,2,,,,,,,
20260116,鳴門,10,準優勝戦,晴,北西,2,2,1,1,5222,津 田 陸 翔,18,38,6.73,1,0.06,1.47.5,1-3-2,1720,6,1-3,610,3,1-2-3,410,2,1-3,1590,3,,,,,,,
20260116,鳴門,10,準優勝戦,晴,北西,2,2,2,3,5388,佐 野 優 都,26,11,6.81,3,0.05,1.49.8,1-3-2,1720,6,1-3,610,3,1-2-3,410,2,1-3,1590,3,,,,,,,
20260116,鳴門,10,準優勝戦,晴,北西,2,2,3,2,5034,若 林 義 人,50,30,6.73,2,0.08,1.50.0,1-3-2,1720,6,1-3,610,3,1-2-3,410,2,1-3,1590,3,,,,,,,
20260116,鳴門,10,準優勝戦,晴,北西,2,2,4,4,5089,前 田 翔,77,62,6.77,4,0.13,1.51.5,1-3-2,1720,6,1-3,610,3,1-2-3,410,2,1-3,1590,3,,,,,,,
20260116,鳴門,10,準優勝戦,晴,北西,2,2,5,6,5249,三 木 晴 斗,80,15,6.85,6,0.13,,1-3-2,1720,6,1-3,610,3,1-2-3,410,2,1-3,1590,3,,,,,,,
20260116,鳴門,10,準優勝戦,晴,北西,2,2,6,5,5330,安河内 鈴之介,21,84,6.74,5,0.09,,1-3-2,1720,6,1-3,610,3,1-2-3,410,2,1-3,1590,3,,,,,,,
20260116,鳴門,11,準優勝戦,晴,北西,1,1,1,2,5238,笹 木 香 吾,30,13,6.78,2,0.15,1.48.0,2-6-4,176870,103,2-6,35940,26,2-4-6,10900,17,2-6,7800,13,,,,,,,
20260116,鳴門,11,準優勝戦,晴,北西,1,1,2,6,5181,森 智 哉,10,66,6.88,6,0.12,1.49.5,2-6-4,176870,103,2-6,35940,26,2-4-6,10900,17,2-6,7800,13,,,,,,,
20260116,鳴門,11,準優勝戦,晴,北西,1,1,3,4,5221,竹 間 隆 晟,65,72,6.74,4,0.13,1.51.4,2-6-4,176870,103,2-6,35940,26,2-4-6,10900,17,2-6,7800,13,,,,,,,
20260116,鳴門,11,準優勝戦,晴,北西,1,1,4,1,5275,松 田 淳 平,11,19,6.76,1,0.14,1.53.3,2-6-4,176870,103,2-6,35940,26,2-4-6,10900,17,2-6,7800,13,,,,,,,
20260116,鳴門,11,準優勝戦,晴,北西,1,1,5,5,5196,鰐 部 太空海,34,76,6.72,5,0.11,,2-6-4,176870,103,2-6,35940,26,2-4-6,10900,17,2-6,7800,13,,,,,,,
20260116,鳴門,11,準優勝戦,晴,北西,1,1,6,3,5224,西 岡 顕 心,23,27,6.84,3,0.18,,2-6-4,176870,103,2-6,35940,26,2-4-6,10900,17,2-6,7800,13,,,,,,,
20260116,鳴門,12,準優勝戦,晴,北西,1,1,1,1,5278,田 中 駿 兵,75,80,6.82,1,0.12,1.46.5,1-3-4,1350,6,1-3,470,2,1-3-4,760,4,1-3,380,3,,,,,,,
20260116,鳴門,12,準優勝戦,晴,北西,1,1,2,3,5299,西 丸 敦 基,27,23,6.78,3,0.14,1.48.8,1-3-4,1350,6,1-3,470,2,1-3-4,760,4,1-3,380,3,,,,,,,
20260116,鳴門,12,準優勝戦,晴,北西,1,1,3,4,5234,塚 越 海 斗,52,65,6.81,4,0.18,1.49.8,1-3-4,1350,6,1-3,470,2,1-3-4,760,4,1-3,380,3,,,,,,,
20260116,鳴門,12,準優勝戦,晴,北西,1,1,4,5,5018,竹 下 大 樹,82,28,6.76,5,0.19,1.51.8,1-3-4,1350,6,1-3,470,2,1-3-4,760,4,1-3,380,3,,,,,,,
20260116,鳴門,12,準優勝戦,晴,北西,1,1,5,2,5256,中 山 翔 太,25,67,6.79,2,0.15,,1-3-4,1350,6,1-3,470,2,1-3-4,760,4,1-3,380,3,,,,,,,
20260116,鳴門,12,準優勝戦,晴,北西,1,1,6,6,5178,成 貞 琳 平,33,63,6.84,6,0.24,,1-3-4,1350,6,1-3,470,2,1-3-4,760,4,1-3,380,3,,,,,,,
