date,venue_name,race_no,race_type,weather,wind_dir,wind_ms,wave_cm,rank,waku,reg_no,name,motor_no,boat_no,exhibition_time,course_enter,st_timing,race_time,won3,won3_pay,won3_pop,won2,won2_pay,won2_pop,trio,trio_pay,trio_pop,pair,pair_pay,pair_pop,lap_time,turn_time,straight_time,lap_rank,turn_rank,straight_rank,exhibition_eval
20260115,住之江,1,一般戦,晴,無風,0,1,1,4,4906,鈴 木 雅 希,82,91,6.86,4,0.21,1.50.1,4-2-1,11940,43,4-2,3650,14,1-2-4,460,1,2-4,1930,11,,,,,,,
20260115,住之江,1,一般戦,晴,無風,0,1,2,2,4951,新 田 洋 一,63,65,6.88,2,0.17,1.51.1,4-2-1,11940,43,4-2,3650,14,1-2-4,460,1,2-4,1930,11,,,,,,,
20260115,住之江,1,一般戦,晴,無風,0,1,3,1,2878,富 山 弘 幸,68,64,6.91,1,0.15,1.51.7,4-2-1,11940,43,4-2,3650,14,1-2-4,460,1,2-4,1930,11,,,,,,,
20260115,住之江,1,一般戦,晴,無風,0,1,4,3,3233,小 畑 実 成,84,92,6.93,3,0.19,1.52.9,4-2-1,11940,43,4-2,3650,14,1-2-4,460,1,2-4,1930,11,,,,,,,
20260115,住之江,1,一般戦,晴,無風,0,1,5,5,4930,佐 藤 悠,19,77,6.94,5,0.27,1.53.2,4-2-1,11940,43,4-2,3650,14,1-2-4,460,1,2-4,1930,11,,,,,,,
20260115,住之江,1,一般戦,晴,無風,0,1,6,6,5441,鈴 木 雄 登,23,83,6.77,6,0.22,1.53.2,4-2-1,11940,43,4-2,3650,14,1-2-4,460,1,2-4,1930,11,,,,,,,
20260115,住之江,2,一般戦,晴,無風,0,1,1,2,3577,向 所 浩 二,34,69,6.88,2,0.24,1.50.8,2-1-3,6080,18,2-1,1620,5,1-2-3,430,2,1-2,260,1,,,,,,,
20260115,住之江,2,一般戦,晴,無風,0,1,2,1,4583,古 田 祐 貴,79,17,6.88,1,0.21,1.51.8,2-1-3,6080,18,2-1,1620,5,1-2-3,430,2,1-2,260,1,,,,,,,
20260115,住之江,2,一般戦,晴,無風,0,1,3,3,5103,芝 田 京 介,30,79,6.82,3,0.18,1.52.6,2-1-3,6080,18,2-1,1620,5,1-2-3,430,2,1-2,260,1,,,,,,,
20260115,住之江,2,一般戦,晴,無風,0,1,4,5,4325,新 出 浩 司,12,19,6.91,5,0.18,1.53.2,2-1-3,6080,18,2-1,1620,5,1-2-3,430,2,1-2,260,1,,,,,,,
20260115,住之江,2,一般戦,晴,無風,0,1,5,4,3839,川 合 理 司,61,21,6.96,4,0.18,1.55.9,2-1-3,6080,18,2-1,1620,5,1-2-3,430,2,1-2,260,1,,,,,,,
20260115,住之江,2,一般戦,晴,無風,0,1,6,6,5372,上 岡 巧 汰,55,93,6.79,6,0.15,1.58.2,2-1-3,6080,18,2-1,1620,5,1-2-3,430,2,1-2,260,1,,,,,,,
20260115,住之江,3,一般戦,晴,北,1,1,1,1,4516,野 口 勝 弘,64,57,6.75,1,0.12,1.48.9,1-2-3,600,1,1-2,370,3,1-2-3,380,3,1-2,150,1,,,,,,,
20260115,住之江,3,一般戦,晴,北,1,1,2,2,4346,前 田 健太郎,37,34,6.85,2,0.17,1.51.1,1-2-3,600,1,1-2,370,3,1-2-3,380,3,1-2,150,1,,,,,,,
20260115,住之江,3,一般戦,晴,北,1,1,3,3,3475,橋 本 久 和,13,61,6.87,3,0.19,1.51.7,1-2-3,600,1,1-2,370,3,1-2-3,380,3,1-2,150,1,,,,,,,
20260115,住之江,3,一般戦,晴,北,1,1,4,4,4439,近 藤 友 宝,65,36,6.97,4,0.23,1.53.7,1-2-3,600,1,1-2,370,3,1-2-3,380,3,1-2,150,1,,,,,,,
20260115,住之江,3,一般戦,晴,北,1,1,5,5,4578,藤 山 雅 弘,89,95,6.85,5,0.32,1.55.8,1-2-3,600,1,1-2,370,3,1-2-3,380,3,1-2,150,1,,,,,,,
20260115,住之江,3,一般戦,晴,北,1,1,6,6,3726,桂 林 寛,15,74,6.93,6,0.24,1.58.2,1-2-3,600,1,1-2,370,3,1-2-3,380,3,1-2,150,1,,,,,,,
20260115,住之江,4,一般戦,曇り,北東,2,1,1,1,4314,青 木 幸太郎,75,80,6.83,1,0.14,1.49.6,1-2-3,790,2,1-2,320,1,1-2-3,230,2,1-2,260,1,,,,,,,
20260115,住之江,4,一般戦,曇り,北東,2,1,2,2,5010,宇留田 翔 平,66,87,6.89,2,0.19,1.51.1,1-2-3,790,2,1-2,320,1,1-2-3,230,2,1-2,260,1,,,,,,,
20260115,住之江,4,一般戦,曇り,北東,2,1,3,3,4549,小 林 文 彦,60,54,6.86,3,0.19,1.52.3,1-2-3,790,2,1-2,320,1,1-2-3,230,2,1-2,260,1,,,,,,,
20260115,住之江,4,一般戦,曇り,北東,2,1,4,4,5345,牧 村 俊 輝,80,51,6.84,4,0.29,1.53.1,1-2-3,790,2,1-2,320,1,1-2-3,230,2,1-2,260,1,,,,,,,
20260115,住之江,4,一般戦,曇り,北東,2,1,5,6,4261,岡 祐 臣,90,84,6.85,6,0.23,1.54.1,1-2-3,790,2,1-2,320,1,1-2-3,230,2,1-2,260,1,,,,,,,
20260115,住之江,4,一般戦,曇り,北東,2,1,6,5,4452,松 尾 祭,14,30,6.85,5,0.24,1.55.6,1-2-3,790,2,1-2,320,1,1-2-3,230,2,1-2,260,1,,,,,,,
20260115,住之江,5,住之江ファイ,曇り,無風,0,1,1,1,4080,山 崎 哲 司,71,72,6.80,1,0.02,1.49.0,1-3-6,1000,4,1-3,600,3,1-3-6,360,2,1-3,530,3,,,,,,,
20260115,住之江,5,住之江ファイ,曇り,無風,0,1,2,3,5033,藤 原 孝 斗,69,94,6.80,3,0.04,1.49.8,1-3-6,1000,4,1-3,600,3,1-3-6,360,2,1-3,530,3,,,,,,,
20260115,住之江,5,住之江ファイ,曇り,無風,0,1,3,6,3960,菊 地 孝 平,16,67,6.82,5,0.11,1.50.6,1-3-6,1000,4,1-3,600,3,1-3-6,360,2,1-3,530,3,,,,,,,
20260115,住之江,5,住之江ファイ,曇り,無風,0,1,4,2,3578,塩 田 雄 一,24,25,6.89,2,0.04,1.53.0,1-3-6,1000,4,1-3,600,3,1-3-6,360,2,1-3,530,3,,,,,,,
20260115,住之江,5,住之江ファイ,曇り,無風,0,1,5,4,4268,和 合 俊 介,58,52,6.90,4,0.07,1.55.3,1-3-6,1000,4,1-3,600,3,1-3-6,360,2,1-3,530,3,,,,,,,
20260115,住之江,5,住之江ファイ,曇り,無風,0,1,6,5,4138,中 井 俊 祐,88,26,6.98,6,0.14,1.56.1,1-3-6,1000,4,1-3,600,3,1-3-6,360,2,1-3,530,3,,,,,,,
20260115,住之江,6,一般戦,曇り,無風,0,1,1,3,4587,木 田 峰由季,51,22,6.77,3,0.12,1.49.9,3-1-4,4730,16,3-1,730,4,1-3-4,860,4,1-3,250,1,,,,,,,
20260115,住之江,6,一般戦,曇り,無風,0,1,2,1,4931,木 谷 賢 太,57,38,6.82,1,0.08,1.50.3,3-1-4,4730,16,3-1,730,4,1-3-4,860,4,1-3,250,1,,,,,,,
20260115,住之江,6,一般戦,曇り,無風,0,1,3,4,4219,本 岡 勝 利,25,32,6.85,4,0.13,1.51.3,3-1-4,4730,16,3-1,730,4,1-3-4,860,4,1-3,250,1,,,,,,,
20260115,住之江,6,一般戦,曇り,無風,0,1,4,2,4635,峰 重 力 也,33,11,6.80,2,0.13,1.53.9,3-1-4,4730,16,3-1,730,4,1-3-4,860,4,1-3,250,1,,,,,,,
20260115,住之江,6,一般戦,曇り,無風,0,1,5,5,4034,西 原 明 生,59,50,6.92,5,0.21,1.55.0,3-1-4,4730,16,3-1,730,4,1-3-4,860,4,1-3,250,1,,,,,,,
20260115,住之江,6,一般戦,曇り,無風,0,1,6,6,3719,辻 栄 蔵,67,14,6.87,6,0.19,1.56.8,3-1-4,4730,16,3-1,730,4,1-3-4,860,4,1-3,250,1,,,,,,,
20260115,住之江,7,一般戦,曇り,無風,0,1,1,1,4739,中 村 晃 朋,76,58,6.79,1,0.23,1.55.6,1-5-6,13390,28,1-5,2150,6,1-5-6,5910,12,1-5,830,4,,,,,,,
20260115,住之江,7,一般戦,曇り,無風,0,1,2,5,3850,小 川 知 行,39,27,6.87,5,0.10,1.58.2,1-5-6,13390,28,1-5,2150,6,1-5-6,5910,12,1-5,830,4,,,,,,,
20260115,住之江,7,一般戦,曇り,無風,0,1,3,6,4156,浜 野 孝 志,85,16,6.85,6,0.10,2.00.2,1-5-6,13390,28,1-5,2150,6,1-5-6,5910,12,1-5,830,4,,,,,,,
20260115,住之江,7,一般戦,曇り,無風,0,1,4,2,4469,土 山 卓 也,35,71,6.87,2,0.16,2.05.8,1-5-6,13390,28,1-5,2150,6,1-5-6,5910,12,1-5,830,4,,,,,,,
20260115,住之江,8,一般戦,曇り,無風,0,1,1,5,5005,石 田 貴 洋,56,60,6.87,5,0.03,1.50.3,5-1-6,36060,57,5-1,3520,10,1-5-6,8850,13,1-5,890,4,,,,,,,
20260115,住之江,8,一般戦,曇り,無風,0,1,2,1,3541,三 嶌 誠 司,54,85,6.87,1,0.20,1.51.9,5-1-6,36060,57,5-1,3520,10,1-5-6,8850,13,1-5,890,4,,,,,,,
20260115,住之江,8,一般戦,曇り,無風,0,1,3,6,5345,牧 村 俊 輝,80,51,6.88,6,0.11,1.53.3,5-1-6,36060,57,5-1,3520,10,1-5-6,8850,13,1-5,890,4,,,,,,,
20260115,住之江,8,一般戦,曇り,無風,0,1,4,4,3951,石 川 吉 鎬,52,56,6.88,4,0.42,1.53.8,5-1-6,36060,57,5-1,3520,10,1-5-6,8850,13,1-5,890,4,,,,,,,
20260115,住之江,8,一般戦,曇り,無風,0,1,5,3,3744,徳 増 秀 樹,83,89,6.88,3,0.25,1.56.3,5-1-6,36060,57,5-1,3520,10,1-5-6,8850,13,1-5,890,4,,,,,,,
20260115,住之江,8,一般戦,曇り,無風,0,1,6,2,4664,東 口 晃,20,55,6.79,2,0.23,1.56.8,5-1-6,36060,57,5-1,3520,10,1-5-6,8850,13,1-5,890,4,,,,,,,
20260115,住之江,9,準優勝戦,曇り,無風,0,1,1,1,4452,松 尾 祭,14,30,6.76,1,0.19,1.48.4,1-2-3,600,2,1-2,320,2,1-2-3,230,1,1-2,240,1,,,,,,,
20260115,住之江,9,準優勝戦,曇り,無風,0,1,2,2,4261,岡 祐 臣,90,84,6.82,2,0.18,1.50.5,1-2-3,600,2,1-2,320,2,1-2-3,230,1,1-2,240,1,,,,,,,
20260115,住之江,9,準優勝戦,曇り,無風,0,1,3,3,4516,野 口 勝 弘,64,57,6.74,3,0.15,1.51.6,1-2-3,600,2,1-2,320,2,1-2-3,230,1,1-2,240,1,,,,,,,
20260115,住之江,9,準優勝戦,曇り,無風,0,1,4,5,2878,富 山 弘 幸,68,64,6.87,5,0.13,1.53.2,1-2-3,600,2,1-2,320,2,1-2-3,230,1,1-2,240,1,,,,,,,
20260115,住之江,9,準優勝戦,曇り,無風,0,1,5,6,3577,向 所 浩 二,34,69,6.87,6,0.13,1.54.7,1-2-3,600,2,1-2,320,2,1-2-3,230,1,1-2,240,1,,,,,,,
20260115,住之江,9,準優勝戦,曇り,無風,0,1,6,4,4583,古 田 祐 貴,79,17,6.87,4,0.10,1.56.7,1-2-3,600,2,1-2,320,2,1-2-3,230,1,1-2,240,1,,,,,,,
20260115,住之江,10,準優勝戦,曇り,無風,0,1,1,1,4587,木 田 峰由季,51,22,6.78,1,0.07,1.48.9,1-3-2,780,2,1-3,440,2,1-2-3,210,1,1-3,470,2,,,,,,,
20260115,住之江,10,準優勝戦,曇り,無風,0,1,2,3,4080,山 崎 哲 司,71,72,6.85,3,0.11,1.50.0,1-3-2,780,2,1-3,440,2,1-2-3,210,1,1-3,470,2,,,,,,,
20260115,住之江,10,準優勝戦,曇り,無風,0,1,3,2,3960,菊 地 孝 平,16,67,6.83,2,0.08,1.51.9,1-3-2,780,2,1-3,440,2,1-2-3,210,1,1-3,470,2,,,,,,,
20260115,住之江,10,準優勝戦,曇り,無風,0,1,4,6,4346,前 田 健太郎,37,34,6.83,6,0.19,1.54.6,1-3-2,780,2,1-3,440,2,1-2-3,210,1,1-3,470,2,,,,,,,
20260115,住之江,10,準優勝戦,曇り,無風,0,1,5,5,4951,新 田 洋 一,63,65,6.90,5,0.13,1.54.8,1-3-2,780,2,1-3,440,2,1-2-3,210,1,1-3,470,2,,,,,,,
20260115,住之江,10,準優勝戦,曇り,無風,0,1,6,4,5010,宇留田 翔 平,66,87,6.91,4,0.13,1.56.0,1-3-2,780,2,1-3,440,2,1-2-3,210,1,1-3,470,2,,,,,,,
20260115,住之江,11,準優勝戦,曇り,北,2,1,1,1,4578,藤 山 雅 弘,89,95,6.79,1,0.09,1.48.7,1-4-2,1510,5,1-4,660,3,1-2-4,380,2,1-4,650,3,,,,,,,
20260115,住之江,11,準優勝戦,曇り,北,2,1,2,4,4739,中 村 晃 朋,76,58,6.86,4,0.11,1.50.1,1-4-2,1510,5,1-4,660,3,1-2-4,380,2,1-4,650,3,,,,,,,
20260115,住之江,11,準優勝戦,曇り,北,2,1,3,2,3719,辻 栄 蔵,67,14,6.81,2,0.11,1.51.6,1-4-2,1510,5,1-4,660,3,1-2-4,380,2,1-4,650,3,,,,,,,
20260115,住之江,11,準優勝戦,曇り,北,2,1,4,3,4314,青 木 幸太郎,75,80,6.85,3,0.08,1.52.4,1-4-2,1510,5,1-4,660,3,1-2-4,380,2,1-4,650,3,,,,,,,
20260115,住之江,11,準優勝戦,曇り,北,2,1,5,5,4931,木 谷 賢 太,57,38,6.86,5,0.07,1.52.6,1-4-2,1510,5,1-4,660,3,1-2-4,380,2,1-4,650,3,,,,,,,
20260115,住之江,11,準優勝戦,曇り,北,2,1,6,6,3578,塩 田 雄 一,24,25,6.88,6,0.10,1.55.0,1-4-2,1510,5,1-4,660,3,1-2-4,380,2,1-4,650,3,,,,,,,
20260115,住之江,12,一般戦,曇り,無風,0,1,1,1,4298,宮 下 元 胤,74,70,6.80,1,0.19,1.49.5,1-5-2,3490,15,1-5,690,2,1-2-5,1590,7,1-5,420,2,,,,,,,
20260115,住之江,12,一般戦,曇り,無風,0,1,2,5,5441,鈴 木 雄 登,23,83,6.77,6,0.25,1.49.9,1-5-2,3490,15,1-5,690,2,1-2-5,1590,7,1-5,420,2,,,,,,,
20260115,住之江,12,一般戦,曇り,無風,0,1,3,2,4268,和 合 俊 介,58,52,6.90,2,0.21,1.52.8,1-5-2,3490,15,1-5,690,2,1-2-5,1590,7,1-5,420,2,,,,,,,
20260115,住之江,12,一般戦,曇り,無風,0,1,4,3,4439,近 藤 友 宝,65,36,6.88,3,0.27,1.53.7,1-5-2,3490,15,1-5,690,2,1-2-5,1590,7,1-5,420,2,,,,,,,
20260115,住之江,12,一般戦,曇り,無風,0,1,5,4,5372,上 岡 巧 汰,55,93,6.81,5,0.27,1.55.7,1-5-2,3490,15,1-5,690,2,1-2-5,1590,7,1-5,420,2,,,,,,,
20260115,住之江,12,一般戦,曇り,無風,0,1,6,6,3744,徳 増 秀 樹,83,89,6.92,4,0.30,1.57.3,1-5-2,3490,15,1-5,690,2,1-2-5,1590,7,1-5,420,2,,,,,,,
20260115,児島,1,朝得ガァ～コ,曇り,北西,1,1,1,1,3612,馬 袋 義 則,23,54,6.63,1,0.15,1.49.1,1-4-2,760,3,1-4,210,1,1-2-4,300,1,1-4,220,1,,,,,,,
20260115,児島,1,朝得ガァ～コ,曇り,北西,1,1,2,4,4648,木 村 亮 太,21,52,6.72,4,0.25,1.50.2,1-4-2,760,3,1-4,210,1,1-2-4,300,1,1-4,220,1,,,,,,,
20260115,児島,1,朝得ガァ～コ,曇り,北西,1,1,3,2,3891,谷 口 健 一,19,38,6.78,2,0.16,1.52.5,1-4-2,760,3,1-4,210,1,1-2-4,300,1,1-4,220,1,,,,,,,
20260115,児島,1,朝得ガァ～コ,曇り,北西,1,1,4,6,3949,今 出 晋 二,24,48,6.81,5,0.24,1.53.3,1-4-2,760,3,1-4,210,1,1-2-4,300,1,1-4,220,1,,,,,,,
20260115,児島,1,朝得ガァ～コ,曇り,北西,1,1,5,3,4106,坂 井 康 嗣,43,23,6.76,3,0.13,,1-4-2,760,3,1-4,210,1,1-2-4,300,1,1-4,220,1,,,,,,,
20260115,児島,1,朝得ガァ～コ,曇り,北西,1,1,6,5,5428,古園井 綾 南,17,66,6.66,6,0.25,,1-4-2,760,3,1-4,210,1,1-2-4,300,1,1-4,220,1,,,,,,,
20260115,児島,2,予選,晴,北東,1,1,1,1,3660,長谷川 親 王,59,60,6.78,1,0.14,1.49.1,1-2-3,1870,3,1-2,780,2,1-2-3,560,2,1-2,450,2,,,,,,,
20260115,児島,2,予選,晴,北東,1,1,2,2,3870,寺 嶋 雄,33,16,6.68,2,0.11,1.50.2,1-2-3,1870,3,1-2,780,2,1-2-3,560,2,1-2,450,2,,,,,,,
20260115,児島,2,予選,晴,北東,1,1,3,3,3482,金 子 猛 志,34,41,6.79,3,0.05,1.51.8,1-2-3,1870,3,1-2,780,2,1-2-3,560,2,1-2,450,2,,,,,,,
20260115,児島,2,予選,晴,北東,1,1,4,5,5417,小 柳 勝 希,22,20,6.74,5,0.08,1.52.5,1-2-3,1870,3,1-2,780,2,1-2-3,560,2,1-2,450,2,,,,,,,
20260115,児島,2,予選,晴,北東,1,1,5,4,5352,西 岡 蒼 志,13,71,6.79,4,0.09,,1-2-3,1870,3,1-2,780,2,1-2-3,560,2,1-2,450,2,,,,,,,
20260115,児島,2,予選,晴,北東,1,1,6,6,4017,向 井 美 鈴,70,44,6.70,6,0.34,,1-2-3,1870,3,1-2,780,2,1-2-3,560,2,1-2,450,2,,,,,,,
20260115,児島,3,予選,晴,南東,1,1,1,5,3257,田 頭 実,60,34,6.77,2,0.14,1.48.9,5-3-4,6520,28,5-3,1560,8,3-4-5,1410,7,3-5,1160,7,,,,,,,
20260115,児島,3,予選,晴,南東,1,1,2,3,3748,小 黒 竜 吾,12,15,6.69,4,0.20,1.50.3,5-3-4,6520,28,5-3,1560,8,3-4-5,1410,7,3-5,1160,7,,,,,,,
20260115,児島,3,予選,晴,南東,1,1,3,4,4495,森 晋太郎,61,29,6.74,5,0.17,1.51.9,5-3-4,6520,28,5-3,1560,8,3-4-5,1410,7,3-5,1160,7,,,,,,,
20260115,児島,3,予選,晴,南東,1,1,4,2,4499,滝 川 真由子,53,69,6.84,3,0.28,1.52.6,5-3-4,6520,28,5-3,1560,8,3-4-5,1410,7,3-5,1160,7,,,,,,,
20260115,児島,3,予選,晴,南東,1,1,5,1,5070,中 島 航,11,35,6.70,1,0.22,,5-3-4,6520,28,5-3,1560,8,3-4-5,1410,7,3-5,1160,7,,,,,,,
20260115,児島,3,予選,晴,南東,1,1,6,6,4928,栗 城 匠,27,22,6.70,6,0.14,,5-3-4,6520,28,5-3,1560,8,3-4-5,1410,7,3-5,1160,7,,,,,,,
20260115,児島,4,コジマだ４っ,晴,南,3,3,1,6,4631,新 井 英 孝,69,73,6.73,6,0.09,1.48.4,6-4-1,66390,114,6-4,9300,25,1-4-6,3200,14,4-6,2370,10,,,,,,,
20260115,児島,4,コジマだ４っ,晴,南,3,3,2,4,4842,山 下 昂 大,68,28,6.76,4,0.09,1.49.7,6-4-1,66390,114,6-4,9300,25,1-4-6,3200,14,4-6,2370,10,,,,,,,
20260115,児島,4,コジマだ４っ,晴,南,3,3,3,1,3906,飯 山 晃 三,66,62,6.75,1,0.16,1.51.8,6-4-1,66390,114,6-4,9300,25,1-4-6,3200,14,4-6,2370,10,,,,,,,
20260115,児島,4,コジマだ４っ,晴,南,3,3,4,2,3265,今 村 暢 孝,46,45,6.69,2,0.21,1.52.0,6-4-1,66390,114,6-4,9300,25,1-4-6,3200,14,4-6,2370,10,,,,,,,
20260115,児島,4,コジマだ４っ,晴,南,3,3,5,3,4966,田 川 大 貴,15,17,6.81,3,0.15,,6-4-1,66390,114,6-4,9300,25,1-4-6,3200,14,4-6,2370,10,,,,,,,
20260115,児島,4,コジマだ４っ,晴,南,3,3,6,5,5270,小 玉 啓 太,45,25,6.78,5,0.13,,6-4-1,66390,114,6-4,9300,25,1-4-6,3200,14,4-6,2370,10,,,,,,,
20260115,児島,5,日替艇食戦,曇り,南東,4,3,1,2,4004,山 本 浩 輔,55,43,6.63,2,0.21,1.48.3,2-4-6,71030,88,2-4,14400,23,2-4-6,12750,18,2-4,3580,10,,,,,,,
20260115,児島,5,日替艇食戦,曇り,南東,4,3,2,4,4059,入 澤 友 治,38,51,6.82,4,0.16,1.49.3,2-4-6,71030,88,2-4,14400,23,2-4-6,12750,18,2-4,3580,10,,,,,,,
20260115,児島,5,日替艇食戦,曇り,南東,4,3,3,6,3543,福 田 雅 一,56,47,6.79,6,0.18,1.51.5,2-4-6,71030,88,2-4,14400,23,2-4-6,12750,18,2-4,3580,10,,,,,,,
20260115,児島,5,日替艇食戦,曇り,南東,4,3,4,3,5118,野 田 なづき,29,58,6.73,3,0.17,1.51.7,2-4-6,71030,88,2-4,14400,23,2-4-6,12750,18,2-4,3580,10,,,,,,,
20260115,児島,5,日替艇食戦,曇り,南東,4,3,5,1,3703,鳥 飼 眞,25,57,6.68,1,0.20,,2-4-6,71030,88,2-4,14400,23,2-4-6,12750,18,2-4,3580,10,,,,,,,
20260115,児島,5,日替艇食戦,曇り,南東,4,3,6,5,5191,飛 田 江 己,65,59,6.74,5,0.15,,2-4-6,71030,88,2-4,14400,23,2-4-6,12750,18,2-4,3580,10,,,,,,,
20260115,児島,6,昼得クラリス,晴,南東,4,3,1,1,3406,中 里 英 夫,18,13,6.76,1,0.12,1.47.7,1-3-4,1310,5,1-3,340,1,1-3-4,620,2,1-3,250,1,,,,,,,
20260115,児島,6,昼得クラリス,晴,南東,4,3,2,3,4256,渡 辺 浩 司,35,27,6.65,3,0.10,1.48.4,1-3-4,1310,5,1-3,340,1,1-3-4,620,2,1-3,250,1,,,,,,,
20260115,児島,6,昼得クラリス,晴,南東,4,3,3,4,4835,橋 本 明,64,37,6.73,4,0.13,1.50.2,1-3-4,1310,5,1-3,340,1,1-3-4,620,2,1-3,250,1,,,,,,,
20260115,児島,6,昼得クラリス,晴,南東,4,3,4,2,4297,山 田 哲 也,52,67,6.65,2,0.11,1.51.2,1-3-4,1310,5,1-3,340,1,1-3-4,620,2,1-3,250,1,,,,,,,
20260115,児島,6,昼得クラリス,晴,南東,4,3,5,5,3619,長谷川 充,51,12,6.78,5,0.16,,1-3-4,1310,5,1-3,340,1,1-3-4,620,2,1-3,250,1,,,,,,,
20260115,児島,6,昼得クラリス,晴,南東,4,3,6,6,5428,古園井 綾 南,17,66,6.60,6,0.21,,1-3-4,1310,5,1-3,340,1,1-3-4,620,2,1-3,250,1,,,,,,,
20260115,児島,7,予選,晴,南東,2,3,1,2,4832,権 藤 俊 光,39,18,6.66,2,0.19,1.47.7,2-4-1,1620,4,2-4,910,4,1-2-4,150,1,2-4,480,2,,,,,,,
20260115,児島,7,予選,晴,南東,2,3,2,4,4472,尾 嶋 一 広,40,24,6.62,4,0.13,1.48.8,2-4-1,1620,4,2-4,910,4,1-2-4,150,1,2-4,480,2,,,,,,,
20260115,児島,7,予選,晴,南東,2,3,3,1,3757,畑 和 宏,26,64,6.68,1,0.32,1.51.1,2-4-1,1620,4,2-4,910,4,1-2-4,150,1,2-4,480,2,,,,,,,
20260115,児島,7,予選,晴,南東,2,3,4,6,4106,坂 井 康 嗣,43,23,6.61,6,0.10,1.53.0,2-4-1,1620,4,2-4,910,4,1-2-4,150,1,2-4,480,2,,,,,,,
20260115,児島,7,予選,晴,南東,2,3,5,3,3660,長谷川 親 王,59,60,6.77,3,0.21,,2-4-1,1620,4,2-4,910,4,1-2-4,150,1,2-4,480,2,,,,,,,
20260115,児島,7,予選,晴,南東,2,3,6,5,4501,樋 口 由加里,16,72,6.76,5,0.11,,2-4-1,1620,4,2-4,910,4,1-2-4,150,1,2-4,480,2,,,,,,,
20260115,児島,8,予選,晴,南東,3,3,1,2,4530,小 野 生 奈,20,30,6.76,3,0.26,1.47.4,2-6-4,1360,1,2-6,620,2,2-4-6,430,2,2-6,540,3,,,,,,,
20260115,児島,8,予選,晴,南東,3,3,2,6,3257,田 頭 実,60,34,6.86,2,0.21,1.49.2,2-6-4,1360,1,2-6,620,2,2-4-6,430,2,2-6,540,3,,,,,,,
20260115,児島,8,予選,晴,南東,3,3,3,4,4090,中 村 尊,30,42,6.76,5,0.16,1.51.2,2-6-4,1360,1,2-6,620,2,2-4-6,430,2,2-6,540,3,,,,,,,
20260115,児島,8,予選,晴,南東,3,3,4,3,3891,谷 口 健 一,19,38,6.65,4,0.22,1.52.7,2-6-4,1360,1,2-6,620,2,2-4-6,430,2,2-6,540,3,,,,,,,
20260115,児島,8,予選,晴,南東,3,3,5,5,3870,寺 嶋 雄,33,16,6.75,6,0.11,,2-6-4,1360,1,2-6,620,2,2-4-6,430,2,2-6,540,3,,,,,,,
20260115,児島,8,予選,晴,南東,3,3,6,1,4919,吉 田 翔 悟,32,21,6.71,1,0.40,,2-6-4,1360,1,2-6,620,2,2-4-6,430,2,2-6,540,3,,,,,,,
20260115,児島,9,予選特賞,晴,南東,2,3,1,4,4173,岡 谷 健 吾,49,53,6.83,4,0.12,1.49.1,4-1-6,4660,20,4-1,1360,6,1-4-6,570,2,1-4,380,1,,,,,,,
20260115,児島,9,予選特賞,晴,南東,2,3,2,1,3265,今 村 暢 孝,46,45,6.70,1,0.13,1.50.1,4-1-6,4660,20,4-1,1360,6,1-4-6,570,2,1-4,380,1,,,,,,,
20260115,児島,9,予選特賞,晴,南東,2,3,3,6,5088,高 憧 四 季,47,63,6.84,6,0.04,1.51.5,4-1-6,4660,20,4-1,1360,6,1-4-6,570,2,1-4,380,1,,,,,,,
20260115,児島,9,予選特賞,晴,南東,2,3,4,5,3482,金 子 猛 志,34,41,6.90,5,0.09,1.52.1,4-1-6,4660,20,4-1,1360,6,1-4-6,570,2,1-4,380,1,,,,,,,
20260115,児島,9,予選特賞,晴,南東,2,3,5,3,5070,中 島 航,11,35,6.79,3,0.26,,4-1-6,4660,20,4-1,1360,6,1-4-6,570,2,1-4,380,1,,,,,,,
20260115,児島,9,予選特賞,晴,南東,2,3,6,2,3949,今 出 晋 二,24,48,6.87,2,0.18,,4-1-6,4660,20,4-1,1360,6,1-4-6,570,2,1-4,380,1,,,,,,,
20260115,児島,10,予選特賞,晴,南東,2,3,1,4,5417,小 柳 勝 希,22,20,6.83,4,0.05,1.48.1,4-6-3,73520,98,4-6,6240,13,3-4-6,7220,19,4-6,4340,11,,,,,,,
20260115,児島,10,予選特賞,晴,南東,2,3,2,6,4584,村 岡 賢 人,48,50,6.73,6,0.03,1.49.3,4-6-3,73520,98,4-6,6240,13,3-4-6,7220,19,4-6,4340,11,,,,,,,
20260115,児島,10,予選特賞,晴,南東,2,3,3,3,3906,飯 山 晃 三,66,62,6.76,3,0.17,1.51.2,4-6-3,73520,98,4-6,6240,13,3-4-6,7220,19,4-6,4340,11,,,,,,,
20260115,児島,10,予選特賞,晴,南東,2,3,4,5,3748,小 黒 竜 吾,12,15,6.81,5,0.03,1.52.3,4-6-3,73520,98,4-6,6240,13,3-4-6,7220,19,4-6,4340,11,,,,,,,
20260115,児島,10,予選特賞,晴,南東,2,3,5,2,3612,馬 袋 義 則,23,54,6.80,2,0.16,,4-6-3,73520,98,4-6,6240,13,3-4-6,7220,19,4-6,4340,11,,,,,,,
20260115,児島,10,予選特賞,晴,南東,2,3,6,1,4059,入 澤 友 治,38,51,6.71,1,0.19,,4-6-3,73520,98,4-6,6240,13,3-4-6,7220,19,4-6,4340,11,,,,,,,
20260115,児島,11,予選特選,晴,南東,3,3,1,5,4472,尾 嶋 一 広,40,24,6.64,5,0.16,1.47.8,5-1-6,22000,44,5-1,3380,11,1-5-6,5350,13,1-5,940,4,,,,,,,
20260115,児島,11,予選特選,晴,南東,3,3,2,1,4256,渡 辺 浩 司,35,27,6.59,1,0.11,1.50.1,5-1-6,22000,44,5-1,3380,11,1-5-6,5350,13,1-5,940,4,,,,,,,
20260115,児島,11,予選特選,晴,南東,3,3,3,6,5270,小 玉 啓 太,45,25,6.72,6,0.14,1.50.9,5-1-6,22000,44,5-1,3380,11,1-5-6,5350,13,1-5,940,4,,,,,,,
20260115,児島,11,予選特選,晴,南東,3,3,4,4,4928,栗 城 匠,27,22,6.65,4,0.08,1.52.5,5-1-6,22000,44,5-1,3380,11,1-5-6,5350,13,1-5,940,4,,,,,,,
20260115,児島,11,予選特選,晴,南東,3,3,5,2,3703,鳥 飼 眞,25,57,6.64,2,0.15,,5-1-6,22000,44,5-1,3380,11,1-5-6,5350,13,1-5,940,4,,,,,,,
20260115,児島,11,予選特選,晴,南東,3,3,6,3,4017,向 井 美 鈴,70,44,6.73,3,0.17,,5-1-6,22000,44,5-1,3380,11,1-5-6,5350,13,1-5,940,4,,,,,,,
20260115,児島,12,記者選抜戦,曇り,南東,2,3,1,1,4530,小 野 生 奈,20,30,6.70,1,0.10,1.46.5,1-4-2,2050,7,1-4,620,3,1-2-4,910,6,1-4,180,1,,,,,,,
20260115,児島,12,記者選抜戦,曇り,南東,2,3,2,4,4297,山 田 哲 也,52,67,6.68,4,0.11,1.49.1,1-4-2,2050,7,1-4,620,3,1-2-4,910,6,1-4,180,1,,,,,,,
20260115,児島,12,記者選抜戦,曇り,南東,2,3,3,2,4842,山 下 昂 大,68,28,6.74,2,0.09,1.50.7,1-4-2,2050,7,1-4,620,3,1-2-4,910,6,1-4,180,1,,,,,,,
20260115,児島,12,記者選抜戦,曇り,南東,2,3,4,5,4832,権 藤 俊 光,39,18,6.69,5,0.13,1.51.7,1-4-2,2050,7,1-4,620,3,1-2-4,910,6,1-4,180,1,,,,,,,
20260115,児島,12,記者選抜戦,曇り,南東,2,3,5,6,4495,森 晋太郎,61,29,6.67,6,0.12,,1-4-2,2050,7,1-4,620,3,1-2-4,910,6,1-4,180,1,,,,,,,
20260115,児島,12,記者選抜戦,曇り,南東,2,3,6,3,5191,飛 田 江 己,65,59,6.84,3,0.09,,1-4-2,2050,7,1-4,620,3,1-2-4,910,6,1-4,180,1,,,,,,,
20260115,唐津,1,朝１戦,晴,南西,5,5,1,1,4025,山 本 隆 幸,28,21,6.63,1,0.28,1.49.8,1-4-3,930,4,1-4,340,2,1-3-4,320,1,1-4,600,3,,,,,,,
20260115,唐津,1,朝１戦,晴,南西,5,5,2,4,3176,長谷川 巌,11,55,6.72,3,0.35,1.51.7,1-4-3,930,4,1-4,340,2,1-3-4,320,1,1-4,600,3,,,,,,,
20260115,唐津,1,朝１戦,晴,南西,5,5,3,3,3775,泉 啓 文,15,38,6.69,4,0.33,1.51.8,1-4-3,930,4,1-4,340,2,1-3-4,320,1,1-4,600,3,,,,,,,
20260115,唐津,1,朝１戦,晴,南西,5,5,4,2,3989,熊 本 英 一,27,13,6.71,2,0.41,1.54.0,1-4-3,930,4,1-4,340,2,1-3-4,320,1,1-4,600,3,,,,,,,
20260115,唐津,1,朝１戦,晴,南西,5,5,5,5,4248,岡 本 大,17,60,6.79,5,0.33,1.56.2,1-4-3,930,4,1-4,340,2,1-3-4,320,1,1-4,600,3,,,,,,,
20260115,唐津,1,朝１戦,晴,南西,5,5,6,6,5401,谷 海夏人,18,24,6.68,6,0.29,1.57.6,1-4-3,930,4,1-4,340,2,1-3-4,320,1,1-4,600,3,,,,,,,
20260115,唐津,2,モー２ング戦,晴,南西,5,5,1,4,4846,佐 藤 駿 介,14,5,6.66,4,0.05,1.49.7,4-1-5,7940,25,4-1,1760,6,1-4-5,1770,7,1-4,770,3,,,,,,,
20260115,唐津,2,モー２ング戦,晴,南西,5,5,2,1,4709,岡 村 将 也,54,52,6.75,1,0.08,1.50.6,4-1-5,7940,25,4-1,1760,6,1-4-5,1770,7,1-4,770,3,,,,,,,
20260115,唐津,2,モー２ング戦,晴,南西,5,5,3,5,5343,小 林 礼 央,36,15,6.64,5,0.07,1.51.9,4-1-5,7940,25,4-1,1760,6,1-4-5,1770,7,1-4,770,3,,,,,,,
20260115,唐津,2,モー２ング戦,晴,南西,5,5,4,6,5063,大 塚 雅 治,24,58,6.64,6,0.12,1.52.7,4-1-5,7940,25,4-1,1760,6,1-4-5,1770,7,1-4,770,3,,,,,,,
20260115,唐津,2,モー２ング戦,晴,南西,5,5,5,3,3963,原 田 秀 弥,35,20,6.64,3,0.23,1.54.8,4-1-5,7940,25,4-1,1760,6,1-4-5,1770,7,1-4,770,3,,,,,,,
20260115,唐津,2,モー２ング戦,晴,南西,5,5,6,2,4384,鶴 本 崇 文,10,40,6.71,2,0.14,1.57.3,4-1-5,7940,25,4-1,1760,6,1-4-5,1770,7,1-4,770,3,,,,,,,
20260115,唐津,3,３ライズ戦,晴,南,5,5,1,3,5219,森 口 和 紀,29,14,6.67,3,0.29,1.49.4,3-4-5,6000,21,3-4,2080,9,3-4-5,1280,6,3-4,830,4,,,,,,,
20260115,唐津,3,３ライズ戦,晴,南,5,5,2,4,4702,三 浦 敬 太,9,53,6.70,4,0.17,1.50.7,3-4-5,6000,21,3-4,2080,9,3-4-5,1280,6,3-4,830,4,,,,,,,
20260115,唐津,3,３ライズ戦,晴,南,5,5,3,5,3934,鋤 柄 貴 俊,46,26,6.73,5,0.16,1.52.0,3-4-5,6000,21,3-4,2080,9,3-4-5,1280,6,3-4,830,4,,,,,,,
20260115,唐津,3,３ライズ戦,晴,南,5,5,4,1,3333,丸 尾 義 孝,34,30,6.78,1,0.13,1.53.5,3-4-5,6000,21,3-4,2080,9,3-4-5,1280,6,3-4,830,4,,,,,,,
20260115,唐津,3,３ライズ戦,晴,南,5,5,5,2,3910,松 下 知 幸,12,17,6.69,2,0.26,1.54.5,3-4-5,6000,21,3-4,2080,9,3-4-5,1280,6,3-4,830,4,,,,,,,
20260115,唐津,3,３ライズ戦,晴,南,5,5,6,6,5431,得 山 大 輝,43,25,6.68,6,0.17,1.55.4,3-4-5,6000,21,3-4,2080,9,3-4-5,1280,6,3-4,830,4,,,,,,,
20260115,唐津,4,おは４戦,晴,南西,3,3,1,5,4259,真 庭 明 志,4,57,6.66,4,0.11,1.48.7,5-2-3,3660,14,5-2,1190,5,2-3-5,460,2,2-5,360,1,,,,,,,
20260115,唐津,4,おは４戦,晴,南西,3,3,2,2,3966,作 間 章,32,22,6.66,2,0.12,1.50.5,5-2-3,3660,14,5-2,1190,5,2-3-5,460,2,2-5,360,1,,,,,,,
20260115,唐津,4,おは４戦,晴,南西,3,3,3,3,5012,加 倉 侑 征,39,54,6.69,3,0.08,1.51.6,5-2-3,3660,14,5-2,1190,5,2-3-5,460,2,2-5,360,1,,,,,,,
20260115,唐津,4,おは４戦,晴,南西,3,3,4,4,5214,田 中 宏 典,6,18,6.67,6,0.11,1.53.4,5-2-3,3660,14,5-2,1190,5,2-3-5,460,2,2-5,360,1,,,,,,,
20260115,唐津,4,おは４戦,晴,南西,3,3,5,6,4511,中 岡 健 人,57,29,6.77,5,0.24,1.55.3,5-2-3,3660,14,5-2,1190,5,2-3-5,460,2,2-5,360,1,,,,,,,
20260115,唐津,4,おは４戦,晴,南西,3,3,6,1,3282,池 本 輝 明,56,39,6.68,1,0.18,1.56.7,5-2-3,3660,14,5-2,1190,5,2-3-5,460,2,2-5,360,1,,,,,,,
20260115,唐津,5,レッツ５特賞,晴,南西,6,6,1,1,4610,佐 藤 大 佑,50,7,6.63,1,0.17,1.49.5,1-2-5,1220,6,1-2,450,3,1-2-5,480,3,1-2,480,3,,,,,,,
20260115,唐津,5,レッツ５特賞,晴,南西,6,6,2,2,4527,高 野 心 吾,41,31,6.62,2,0.17,1.51.3,1-2-5,1220,6,1-2,450,3,1-2-5,480,3,1-2,480,3,,,,,,,
20260115,唐津,5,レッツ５特賞,晴,南西,6,6,3,5,4391,松 田 祐 季,60,27,6.70,5,0.23,1.52.7,1-2-5,1220,6,1-2,450,3,1-2-5,480,3,1-2,480,3,,,,,,,
20260115,唐津,5,レッツ５特賞,晴,南西,6,6,4,6,3587,武 田 信 一,21,4,6.71,6,0.19,1.53.8,1-2-5,1220,6,1-2,450,3,1-2-5,480,3,1-2,480,3,,,,,,,
20260115,唐津,5,レッツ５特賞,晴,南西,6,6,5,4,5081,篠 原 飛 翔,53,43,6.72,4,0.28,1.55.0,1-2-5,1220,6,1-2,450,3,1-2-5,480,3,1-2,480,3,,,,,,,
20260115,唐津,5,レッツ５特賞,晴,南西,6,6,6,3,3989,熊 本 英 一,27,13,6.69,3,0.27,1.59.0,1-2-5,1220,6,1-2,450,3,1-2-5,480,3,1-2,480,3,,,,,,,
20260115,唐津,6,予選,晴,南西,5,5,1,3,4822,百 武 翔,19,16,6.61,3,0.15,1.49.7,3-6-1,7570,32,3-6,1120,5,1-3-6,890,3,3-6,850,3,,,,,,,
20260115,唐津,6,予選,晴,南西,5,5,2,6,4428,有 賀 達 也,52,49,6.70,6,0.13,1.51.0,3-6-1,7570,32,3-6,1120,5,1-3-6,890,3,3-6,850,3,,,,,,,
20260115,唐津,6,予選,晴,南西,5,5,3,1,4248,岡 本 大,17,60,6.73,1,0.11,1.53.2,3-6-1,7570,32,3-6,1120,5,1-3-6,890,3,3-6,850,3,,,,,,,
20260115,唐津,6,予選,晴,南西,5,5,4,2,4496,内 堀 学,51,33,6.75,2,0.11,1.53.7,3-6-1,7570,32,3-6,1120,5,1-3-6,890,3,3-6,850,3,,,,,,,
20260115,唐津,6,予選,晴,南西,5,5,5,4,5343,小 林 礼 央,36,15,6.67,4,0.18,1.53.8,3-6-1,7570,32,3-6,1120,5,1-3-6,890,3,3-6,850,3,,,,,,,
20260115,唐津,6,予選,晴,南西,5,5,6,5,4100,松 田 隆 司,37,56,6.68,5,0.11,1.56.3,3-6-1,7570,32,3-6,1120,5,1-3-6,890,3,3-6,850,3,,,,,,,
20260115,唐津,7,予選,晴,南西,4,4,1,4,3388,今 垣 光太郎,45,11,6.69,4,0.18,1.50.8,4-1-5,17730,48,4-1,770,3,1-4-5,5720,13,1-4,320,2,,,,,,,
20260115,唐津,7,予選,晴,南西,4,4,2,1,4661,中 島 昂 章,42,8,6.63,1,0.23,1.51.6,4-1-5,17730,48,4-1,770,3,1-4-5,5720,13,1-4,320,2,,,,,,,
20260115,唐津,7,予選,晴,南西,4,4,3,5,5401,谷 海夏人,18,24,6.64,6,0.19,1.53.5,4-1-5,17730,48,4-1,770,3,1-4-5,5720,13,1-4,320,2,,,,,,,
20260115,唐津,7,予選,晴,南西,4,4,4,3,4710,福 田 宗 平,3,50,6.69,3,0.22,1.53.9,4-1-5,17730,48,4-1,770,3,1-4-5,5720,13,1-4,320,2,,,,,,,
20260115,唐津,7,予選,晴,南西,4,4,5,6,4846,佐 藤 駿 介,14,5,6.67,5,0.26,1.54.6,4-1-5,17730,48,4-1,770,3,1-4-5,5720,13,1-4,320,2,,,,,,,
20260115,唐津,7,予選,晴,南西,4,4,6,2,5219,森 口 和 紀,29,14,6.64,2,0.26,1.57.8,4-1-5,17730,48,4-1,770,3,1-4-5,5720,13,1-4,320,2,,,,,,,
20260115,唐津,8,予選,晴,南西,7,7,1,6,4771,下 寺 秀 和,20,41,6.61,5,0.25,1.56.6,6-4-2,10640,36,6-4,1920,8,2-4-6,3920,11,4-6,800,5,,,,,,,
20260115,唐津,8,予選,晴,南西,7,7,2,4,4060,島 田 一 生,31,51,6.71,4,0.41,1.58.7,6-4-2,10640,36,6-4,1920,8,2-4-6,3920,11,4-6,800,5,,,,,,,
20260115,唐津,8,予選,晴,南西,7,7,3,2,4511,中 岡 健 人,57,29,6.79,2,0.37,1.59.9,6-4-2,10640,36,6-4,1920,8,2-4-6,3920,11,4-6,800,5,,,,,,,
20260115,唐津,8,予選,晴,南西,7,7,4,1,3176,長谷川 巌,11,55,6.72,1,0.31,2.02.4,6-4-2,10640,36,6-4,1920,8,2-4-6,3920,11,4-6,800,5,,,,,,,
20260115,唐津,8,予選,晴,南西,7,7,5,3,3777,樋 口 亮,47,59,6.67,3,0.30,2.05.5,6-4-2,10640,36,6-4,1920,8,2-4-6,3920,11,4-6,800,5,,,,,,,
20260115,唐津,9,予選,晴,南西,5,5,1,3,5063,大 塚 雅 治,24,58,6.76,3,0.13,1.48.8,3-2-4,10550,34,3-2,4610,15,2-3-4,740,2,2-3,1010,5,,,,,,,
20260115,唐津,9,予選,晴,南西,5,5,2,2,4259,真 庭 明 志,4,57,6.67,2,0.12,1.50.3,3-2-4,10550,34,3-2,4610,15,2-3-4,740,2,2-3,1010,5,,,,,,,
20260115,唐津,9,予選,晴,南西,5,5,3,4,5042,畑 田 汰 一,25,36,6.73,4,0.11,1.51.5,3-2-4,10550,34,3-2,4610,15,2-3-4,740,2,2-3,1010,5,,,,,,,
20260115,唐津,9,予選,晴,南西,5,5,4,1,4692,酒 井 俊 弘,38,37,6.73,1,0.14,1.54.0,3-2-4,10550,34,3-2,4610,15,2-3-4,740,2,2-3,1010,5,,,,,,,
20260115,唐津,9,予選,晴,南西,5,5,5,5,3523,寳 田 亮 治,22,44,6.77,5,0.15,1.54.9,3-2-4,10550,34,3-2,4610,15,2-3-4,740,2,2-3,1010,5,,,,,,,
20260115,唐津,9,予選,晴,南西,5,5,6,6,4527,高 野 心 吾,41,31,6.69,6,0.16,1.56.7,3-2-4,10550,34,3-2,4610,15,2-3-4,740,2,2-3,1010,5,,,,,,,
20260115,唐津,10,予選特賞,晴,南,5,5,1,1,4100,松 田 隆 司,37,56,6.72,1,0.17,1.50.2,1-3-5,2630,9,1-3,520,2,1-3-5,1240,5,1-3,370,1,,,,,,,
20260115,唐津,10,予選特賞,晴,南,5,5,2,3,4025,山 本 隆 幸,28,21,6.67,3,0.25,1.51.4,1-3-5,2630,9,1-3,520,2,1-3-5,1240,5,1-3,370,1,,,,,,,
20260115,唐津,10,予選特賞,晴,南,5,5,3,5,5081,篠 原 飛 翔,53,43,6.71,5,0.23,1.53.1,1-3-5,2630,9,1-3,520,2,1-3-5,1240,5,1-3,370,1,,,,,,,
20260115,唐津,10,予選特賞,晴,南,5,5,4,6,3641,一 瀬 明,16,23,6.73,6,0.21,1.53.7,1-3-5,2630,9,1-3,520,2,1-3-5,1240,5,1-3,370,1,,,,,,,
20260115,唐津,10,予選特賞,晴,南,5,5,5,4,4709,岡 村 将 也,54,52,6.75,4,0.35,1.54.3,1-3-5,2630,9,1-3,520,2,1-3-5,1240,5,1-3,370,1,,,,,,,
20260115,唐津,10,予選特賞,晴,南,5,5,6,2,4702,三 浦 敬 太,9,53,6.73,2,0.22,1.54.6,1-3-5,2630,9,1-3,520,2,1-3-5,1240,5,1-3,370,1,,,,,,,
20260115,唐津,11,宝当特選,晴,南,4,4,1,6,3963,原 田 秀 弥,35,20,6.65,6,0.16,1.49.3,6-1-3,95030,86,6-1,22250,23,1-3-6,1880,6,1-6,5370,9,,,,,,,
20260115,唐津,11,宝当特選,晴,南,4,4,2,1,4002,古 結 宏,40,2,6.68,1,0.16,1.51.1,6-1-3,95030,86,6-1,22250,23,1-3-6,1880,6,1-6,5370,9,,,,,,,
20260115,唐津,11,宝当特選,晴,南,4,4,3,3,4236,松 村 敏,55,9,6.69,3,0.06,1.52.6,6-1-3,95030,86,6-1,22250,23,1-3-6,1880,6,1-6,5370,9,,,,,,,
20260115,唐津,11,宝当特選,晴,南,4,4,4,2,4172,森 定 晃 史,44,48,6.66,2,0.11,1.53.4,6-1-3,95030,86,6-1,22250,23,1-3-6,1880,6,1-6,5370,9,,,,,,,
20260115,唐津,11,宝当特選,晴,南,4,4,5,4,3333,丸 尾 義 孝,34,30,6.75,4,0.11,1.53.5,6-1-3,95030,86,6-1,22250,23,1-3-6,1880,6,1-6,5370,9,,,,,,,
20260115,唐津,11,宝当特選,晴,南,4,4,6,5,4496,内 堀 学,51,33,6.78,5,0.09,1.58.9,6-1-3,95030,86,6-1,22250,23,1-3-6,1880,6,1-6,5370,9,,,,,,,
20260115,唐津,12,からっキー選,晴,南,5,5,1,1,4391,松 田 祐 季,60,27,6.73,1,0.21,1.50.0,1-4-5,3300,9,1-4,490,3,1-4-5,1290,6,1-4,370,1,,,,,,,
20260115,唐津,12,からっキー選,晴,南,5,5,2,4,4771,下 寺 秀 和,20,41,6.67,4,0.19,1.51.7,1-4-5,3300,9,1-4,490,3,1-4-5,1290,6,1-4,370,1,,,,,,,
20260115,唐津,12,からっキー選,晴,南,5,5,3,5,4384,鶴 本 崇 文,10,40,6.72,5,0.19,1.53.1,1-4-5,3300,9,1-4,490,3,1-4-5,1290,6,1-4,370,1,,,,,,,
20260115,唐津,12,からっキー選,晴,南,5,5,4,3,3966,作 間 章,32,22,6.69,3,0.31,1.54.5,1-4-5,3300,9,1-4,490,3,1-4-5,1290,6,1-4,370,1,,,,,,,
20260115,唐津,12,からっキー選,晴,南,5,5,5,2,4428,有 賀 達 也,52,49,6.74,2,0.26,1.54.6,1-4-5,3300,9,1-4,490,3,1-4-5,1290,6,1-4,370,1,,,,,,,
20260115,唐津,12,からっキー選,晴,南,5,5,6,6,4710,福 田 宗 平,3,50,6.76,6,0.21,1.54.6,1-4-5,3300,9,1-4,490,3,1-4-5,1290,6,1-4,370,1,,,,,,,
20260115,多摩川,1,一般,晴,無風,0,2,1,1,4484,稲 生 夏 季,16,76,6.71,1,0.25,1.49.4,1-2-6,2100,4,1-2,930,3,1-2-6,610,2,1-2,860,4,,,,,,,
20260115,多摩川,1,一般,晴,無風,0,2,2,2,5164,森 田 梨 湖,59,47,6.66,2,0.16,1.50.6,1-2-6,2100,4,1-2,930,3,1-2-6,610,2,1-2,860,4,,,,,,,
20260115,多摩川,1,一般,晴,無風,0,2,3,6,4984,森 下 愛 梨,20,29,6.74,6,0.07,1.51.3,1-2-6,2100,4,1-2,930,3,1-2-6,610,2,1-2,860,4,,,,,,,
20260115,多摩川,1,一般,晴,無風,0,2,4,4,5365,石 村 日奈那,64,70,6.66,4,0.15,1.53.1,1-2-6,2100,4,1-2,930,3,1-2-6,610,2,1-2,860,4,,,,,,,
20260115,多摩川,1,一般,晴,無風,0,2,5,3,5305,伊 藤 栞,30,63,6.71,3,0.22,,1-2-6,2100,4,1-2,930,3,1-2-6,610,2,1-2,860,4,,,,,,,
20260115,多摩川,1,一般,晴,無風,0,2,6,5,5389,恵 良 琴 美,38,57,6.65,5,0.09,,1-2-6,2100,4,1-2,930,3,1-2-6,610,2,1-2,860,4,,,,,,,
20260115,多摩川,2,一般,晴,南東,2,2,1,1,4694,高 田 綾,57,67,6.67,1,0.21,1.48.7,1-6-5,7220,32,1-6,1330,8,1-5-6,2360,11,1-6,980,5,,,,,,,
20260115,多摩川,2,一般,晴,南東,2,2,2,6,4627,藤 原 菜 希,41,38,6.67,6,0.13,1.49.0,1-6-5,7220,32,1-6,1330,8,1-5-6,2360,11,1-6,980,5,,,,,,,
20260115,多摩川,2,一般,晴,南東,2,2,3,5,4897,深 見 亜由美,69,62,6.73,5,0.15,1.51.7,1-6-5,7220,32,1-6,1330,8,1-5-6,2360,11,1-6,980,5,,,,,,,
20260115,多摩川,2,一般,晴,南東,2,2,4,3,4414,大 澤 真 菜,53,33,6.65,3,0.19,1.52.9,1-6-5,7220,32,1-6,1330,8,1-5-6,2360,11,1-6,980,5,,,,,,,
20260115,多摩川,2,一般,晴,南東,2,2,5,2,5254,羽 田 妃 希,51,25,6.62,2,0.35,,1-6-5,7220,32,1-6,1330,8,1-5-6,2360,11,1-6,980,5,,,,,,,
20260115,多摩川,2,一般,晴,南東,2,2,6,4,5113,黒 明 花 夢,58,42,6.70,4,0.23,,1-6-5,7220,32,1-6,1330,8,1-5-6,2360,11,1-6,980,5,,,,,,,
20260115,多摩川,3,一般,晴,南東,1,2,1,1,4947,間 庭 菜 摘,14,71,6.63,1,0.04,1.56.9,1-4-6,3440,13,1-4,1690,6,1-4-6,1610,9,1-4,930,5,,,,,,,
20260115,多摩川,3,一般,晴,南東,1,2,2,4,5314,中 曽 瑠 華,43,73,6.75,4,0.04,2.00.3,1-4-6,3440,13,1-4,1690,6,1-4-6,1610,9,1-4,930,5,,,,,,,
20260115,多摩川,3,一般,晴,南東,1,2,3,6,4680,後 藤 美 翼,50,54,6.67,6,0.11,2.02.8,1-4-6,3440,13,1-4,1690,6,1-4-6,1610,9,1-4,930,5,,,,,,,
20260115,多摩川,3,一般,晴,南東,1,2,4,3,4997,濱 崎 寿里矢,31,78,6.67,3,0.27,2.08.5,1-4-6,3440,13,1-4,1690,6,1-4-6,1610,9,1-4,930,5,,,,,,,
20260115,多摩川,4,一般,晴,南東,2,2,1,3,5052,赤 井 星璃菜,68,51,6.78,3,0.16,1.49.5,3-2-6,21960,52,3-2,4980,16,2-3-6,3860,10,2-3,2030,8,,,,,,,
20260115,多摩川,4,一般,晴,南東,2,2,2,2,4519,清 水 沙 樹,12,43,6.75,2,0.08,1.51.3,3-2-6,21960,52,3-2,4980,16,2-3-6,3860,10,2-3,2030,8,,,,,,,
20260115,多摩川,4,一般,晴,南東,2,2,3,6,5162,松 尾 怜 実,52,34,6.68,6,0.32,1.52.4,3-2-6,21960,52,3-2,4980,16,2-3-6,3860,10,2-3,2030,8,,,,,,,
20260115,多摩川,4,一般,晴,南東,2,2,4,4,4844,村 上 奈 穂,33,58,6.73,4,0.24,1.53.6,3-2-6,21960,52,3-2,4980,16,2-3-6,3860,10,2-3,2030,8,,,,,,,
20260115,多摩川,4,一般,晴,南東,2,2,5,1,4726,島 田 なぎさ,18,81,6.67,1,0.22,,3-2-6,21960,52,3-2,4980,16,2-3-6,3860,10,2-3,2030,8,,,,,,,
20260115,多摩川,4,一般,晴,南東,2,2,6,5,5415,阿 部 未 侑,39,26,6.79,5,0.38,,3-2-6,21960,52,3-2,4980,16,2-3-6,3860,10,2-3,2030,8,,,,,,,
20260115,多摩川,5,一般,晴,南西,1,2,1,1,4765,野田部 宏 子,22,48,6.64,1,0.08,1.48.3,1-5-2,1070,4,1-5,620,3,1-2-5,300,1,1-5,560,3,,,,,,,
20260115,多摩川,5,一般,晴,南西,1,2,2,5,3999,大 瀧 明日香,36,28,6.77,5,0.17,1.50.6,1-5-2,1070,4,1-5,620,3,1-2-5,300,1,1-5,560,3,,,,,,,
20260115,多摩川,5,一般,晴,南西,1,2,3,2,5189,藤 原 早 菜,46,52,6.69,2,0.12,1.51.7,1-5-2,1070,4,1-5,620,3,1-2-5,300,1,1-5,560,3,,,,,,,
20260115,多摩川,5,一般,晴,南西,1,2,4,3,4891,寺 島 美 里,25,21,6.72,3,0.08,1.51.7,1-5-2,1070,4,1-5,620,3,1-2-5,300,1,1-5,560,3,,,,,,,
20260115,多摩川,5,一般,晴,南西,1,2,5,4,5164,森 田 梨 湖,59,47,6.71,4,0.23,,1-5-2,1070,4,1-5,620,3,1-2-5,300,1,1-5,560,3,,,,,,,
20260115,多摩川,5,一般,晴,南西,1,2,6,6,5361,植 竹 玲 奈,73,50,6.70,6,0.30,,1-5-2,1070,4,1-5,620,3,1-2-5,300,1,1-5,560,3,,,,,,,
20260115,多摩川,6,一般,晴,南,1,2,1,4,4286,平 田 さやか,11,84,6.65,4,0.13,1.55.4,4-5-3,3920,17,4-5,1630,9,3-4-5,770,3,4-5,1580,7,,,,,,,
20260115,多摩川,6,一般,晴,南,1,2,2,5,4694,高 田 綾,57,67,6.76,5,0.19,1.58.6,4-5-3,3920,17,4-5,1630,9,3-4-5,770,3,4-5,1580,7,,,,,,,
20260115,多摩川,6,一般,晴,南,1,2,3,3,5165,小 林 愛 実,13,68,6.72,3,0.18,2.00.8,4-5-3,3920,17,4-5,1630,9,3-4-5,770,3,4-5,1580,7,,,,,,,
20260115,多摩川,6,一般,晴,南,1,2,4,6,3618,海 野 ゆかり,61,79,6.73,6,0.24,2.04.9,4-5-3,3920,17,4-5,1630,9,3-4-5,770,3,4-5,1580,7,,,,,,,
20260115,多摩川,6,一般,晴,南,1,2,5,2,4548,篠 木 亜衣花,44,23,6.80,2,0.29,,4-5-3,3920,17,4-5,1630,9,3-4-5,770,3,4-5,1580,7,,,,,,,
20260115,多摩川,7,一般,晴,南,1,2,1,1,5019,柴 田 百 恵,40,44,6.77,1,0.22,1.49.6,1-2-5,2010,4,1-2,1030,5,1-2-5,480,2,1-2,840,5,,,,,,,
20260115,多摩川,7,一般,晴,南,1,2,2,2,4897,深 見 亜由美,69,62,6.76,2,0.28,1.50.8,1-2-5,2010,4,1-2,1030,5,1-2-5,480,2,1-2,840,5,,,,,,,
20260115,多摩川,7,一般,晴,南,1,2,3,5,4963,實 森 美 祐,37,53,6.73,5,0.15,1.52.0,1-2-5,2010,4,1-2,1030,5,1-2-5,480,2,1-2,840,5,,,,,,,
20260115,多摩川,7,一般,晴,南,1,2,4,3,4901,出 口 舞有子,29,77,6.73,3,0.20,1.53.4,1-2-5,2010,4,1-2,1030,5,1-2-5,480,2,1-2,840,5,,,,,,,
20260115,多摩川,7,一般,晴,南,1,2,5,6,5365,石 村 日奈那,64,70,6.73,6,0.13,,1-2-5,2010,4,1-2,1030,5,1-2-5,480,2,1-2,840,5,,,,,,,
20260115,多摩川,7,一般,晴,南,1,2,6,4,4484,稲 生 夏 季,16,76,6.77,4,0.15,,1-2-5,2010,4,1-2,1030,5,1-2-5,480,2,1-2,840,5,,,,,,,
20260115,多摩川,8,一般,晴,南,2,2,1,3,4519,清 水 沙 樹,12,43,6.77,3,0.17,1.49.1,3-1-4,4750,16,3-1,650,2,1-3-4,1200,5,1-3,230,1,,,,,,,
20260115,多摩川,8,一般,晴,南,2,2,2,1,5314,中 曽 瑠 華,43,73,6.68,1,0.13,1.50.5,3-1-4,4750,16,3-1,650,2,1-3-4,1200,5,1-3,230,1,,,,,,,
20260115,多摩川,8,一般,晴,南,2,2,3,4,5389,恵 良 琴 美,38,57,6.67,4,0.18,1.52.4,3-1-4,4750,16,3-1,650,2,1-3-4,1200,5,1-3,230,1,,,,,,,
20260115,多摩川,8,一般,晴,南,2,2,4,5,4726,島 田 なぎさ,18,81,6.70,5,0.11,1.53.3,3-1-4,4750,16,3-1,650,2,1-3-4,1200,5,1-3,230,1,,,,,,,
20260115,多摩川,8,一般,晴,南,2,2,5,6,5192,中 尾 優 香,27,45,6.72,6,0.16,,3-1-4,4750,16,3-1,650,2,1-3-4,1200,5,1-3,230,1,,,,,,,
20260115,多摩川,8,一般,晴,南,2,2,6,2,5305,伊 藤 栞,30,63,6.77,2,0.29,,3-1-4,4750,16,3-1,650,2,1-3-4,1200,5,1-3,230,1,,,,,,,
20260115,多摩川,9,静波まつり選,晴,南,2,2,1,1,4627,藤 原 菜 希,41,38,6.73,1,0.14,1.47.0,1-2-4,1630,7,1-2,410,2,1-2-4,770,5,1-2,480,2,,,,,,,
20260115,多摩川,9,静波まつり選,晴,南,2,2,2,2,5162,松 尾 怜 実,52,34,6.67,2,0.09,1.49.8,1-2-4,1630,7,1-2,410,2,1-2-4,770,5,1-2,480,2,,,,,,,
20260115,多摩川,9,静波まつり選,晴,南,2,2,3,4,4984,森 下 愛 梨,20,29,6.76,4,0.15,1.50.7,1-2-4,1630,7,1-2,410,2,1-2-4,770,5,1-2,480,2,,,,,,,
20260115,多摩川,9,静波まつり選,晴,南,2,2,4,3,4947,間 庭 菜 摘,14,71,6.74,3,0.12,1.50.9,1-2-4,1630,7,1-2,410,2,1-2-4,770,5,1-2,480,2,,,,,,,
20260115,多摩川,9,静波まつり選,晴,南,2,2,5,5,5189,藤 原 早 菜,46,52,6.75,5,0.19,,1-2-4,1630,7,1-2,410,2,1-2-4,770,5,1-2,480,2,,,,,,,
20260115,多摩川,9,静波まつり選,晴,南,2,2,6,6,4997,濱 崎 寿里矢,31,39,6.75,6,0.17,,1-2-4,1630,7,1-2,410,2,1-2-4,770,5,1-2,480,2,,,,,,,
20260115,多摩川,10,選抜戦,晴,南,1,2,1,4,5277,井 上 未 都,42,83,6.70,4,0.14,1.48.9,4-5-2,17850,51,4-5,4150,14,2-4-5,2850,11,4-5,2360,9,,,,,,,
20260115,多摩川,10,選抜戦,晴,南,1,2,2,5,5254,羽 田 妃 希,51,25,6.67,5,0.24,1.50.4,4-5-2,17850,51,4-5,4150,14,2-4-5,2850,11,4-5,2360,9,,,,,,,
20260115,多摩川,10,選抜戦,晴,南,1,2,3,2,4286,平 田 さやか,11,84,6.67,2,0.21,1.51.9,4-5-2,17850,51,4-5,4150,14,2-4-5,2850,11,4-5,2360,9,,,,,,,
20260115,多摩川,10,選抜戦,晴,南,1,2,4,3,3999,大 瀧 明日香,36,28,6.72,3,0.23,1.52.9,4-5-2,17850,51,4-5,4150,14,2-4-5,2850,11,4-5,2360,9,,,,,,,
20260115,多摩川,10,選抜戦,晴,南,1,2,5,6,4891,寺 島 美 里,25,21,6.70,6,0.18,,4-5-2,17850,51,4-5,4150,14,2-4-5,2850,11,4-5,2360,9,,,,,,,
20260115,多摩川,10,選抜戦,晴,南,1,2,6,1,4680,後 藤 美 翼,50,54,6.69,1,0.22,,4-5-2,17850,51,4-5,4150,14,2-4-5,2850,11,4-5,2360,9,,,,,,,
20260115,多摩川,11,選抜戦,晴,南,2,2,1,1,3618,海 野 ゆかり,61,79,6.67,1,0.15,1.49.1,1-4-3,6330,19,1-4,1670,4,1-3-4,1330,5,1-4,1070,3,,,,,,,
20260115,多摩川,11,選抜戦,晴,南,2,2,2,4,4414,大 澤 真 菜,53,33,6.70,4,0.21,1.50.4,1-4-3,6330,19,1-4,1670,4,1-3-4,1330,5,1-4,1070,3,,,,,,,
20260115,多摩川,11,選抜戦,晴,南,2,2,3,3,4844,村 上 奈 穂,33,58,6.68,3,0.18,1.51.2,1-4-3,6330,19,1-4,1670,4,1-3-4,1330,5,1-4,1070,3,,,,,,,
20260115,多摩川,11,選抜戦,晴,南,2,2,4,5,4901,出 口 舞有子,29,77,6.72,5,0.18,1.52.8,1-4-3,6330,19,1-4,1670,4,1-3-4,1330,5,1-4,1070,3,,,,,,,
20260115,多摩川,11,選抜戦,晴,南,2,2,5,6,4765,野田部 宏 子,22,48,6.68,6,0.13,,1-4-3,6330,19,1-4,1670,4,1-3-4,1330,5,1-4,1070,3,,,,,,,
20260115,多摩川,11,選抜戦,晴,南,2,2,6,2,4963,實 森 美 祐,37,53,6.73,2,0.15,,1-4-3,6330,19,1-4,1670,4,1-3-4,1330,5,1-4,1070,3,,,,,,,
20260115,多摩川,12,優勝戦,晴,南,1,2,1,4,4775,千 葉 真 弥,67,55,6.65,4,0.04,1.48.0,4-3-6,14220,57,4-3,2630,12,3-4-6,2940,14,3-4,1040,6,,,,,,,
20260115,多摩川,12,優勝戦,晴,南,1,2,2,3,4240,今 井 裕 梨,19,61,6.70,3,0.09,1.50.7,4-3-6,14220,57,4-3,2630,12,3-4-6,2940,14,3-4,1040,6,,,,,,,
20260115,多摩川,12,優勝戦,晴,南,1,2,3,6,5182,宮 崎 安 奈,32,31,6.72,6,0.14,1.52.3,4-3-6,14220,57,4-3,2630,12,3-4-6,2940,14,3-4,1040,6,,,,,,,
20260115,多摩川,12,優勝戦,晴,南,1,2,4,2,4974,安 井 瑞 紀,26,22,6.66,2,0.17,1.53.4,4-3-6,14220,57,4-3,2630,12,3-4-6,2940,14,3-4,1040,6,,,,,,,
20260115,多摩川,12,優勝戦,晴,南,1,2,5,1,4791,黒 澤 めぐみ,72,64,6.62,1,0.12,,4-3-6,14220,57,4-3,2630,12,3-4-6,2940,14,3-4,1040,6,,,,,,,
20260115,多摩川,12,優勝戦,晴,南,1,2,6,5,4569,中 澤 宏 奈,63,49,6.65,5,0.04,,4-3-6,14220,57,4-3,2630,12,3-4-6,2940,14,3-4,1040,6,,,,,,,
20260115,大村,1,予選,晴,南西,2,1,1,4,3679,飯 島 昌 弘,20,75,6.98,4,0.24,1.49.8,4-5-3,3070,12,4-5,1180,5,3-4-5,580,4,4-5,850,6,,,,,,,
20260115,大村,1,予選,晴,南西,2,1,2,5,4430,永 田 秀 二,14,55,6.94,5,0.24,1.51.6,4-5-3,3070,12,4-5,1180,5,3-4-5,580,4,4-5,850,6,,,,,,,
20260115,大村,1,予選,晴,南西,2,1,3,3,4695,尾 崎 雄 二,25,78,6.89,3,0.21,1.52.4,4-5-3,3070,12,4-5,1180,5,3-4-5,580,4,4-5,850,6,,,,,,,
20260115,大村,1,予選,晴,南西,2,1,4,1,3539,金 子 順 一,41,37,6.89,1,0.24,1.53.5,4-5-3,3070,12,4-5,1180,5,3-4-5,580,4,4-5,850,6,,,,,,,
20260115,大村,1,予選,晴,南西,2,1,5,2,3953,志 道 吉 和,32,70,6.95,2,0.26,,4-5-3,3070,12,4-5,1180,5,3-4-5,580,4,4-5,850,6,,,,,,,
20260115,大村,1,予選,晴,南西,2,1,6,6,4339,平 瀬 城 啓,74,76,6.93,6,0.25,,4-5-3,3070,12,4-5,1180,5,3-4-5,580,4,4-5,850,6,,,,,,,
20260115,大村,2,予選,晴,南西,4,3,1,6,4063,市 橋 卓 士,59,62,6.87,6,0.06,1.50.6,6-1-5,14340,59,6-1,4040,19,1-5-6,1320,10,1-6,1460,9,,,,,,,
20260115,大村,2,予選,晴,南西,4,3,2,1,3859,多羅尾 達 之,61,54,6.93,1,0.15,1.51.9,6-1-5,14340,59,6-1,4040,19,1-5-6,1320,10,1-6,1460,9,,,,,,,
20260115,大村,2,予選,晴,南西,4,3,3,5,4336,松 田 竜 馬,29,15,6.91,5,0.07,1.53.5,6-1-5,14340,59,6-1,4040,19,1-5-6,1320,10,1-6,1460,9,,,,,,,
20260115,大村,2,予選,晴,南西,4,3,4,3,4226,村 田 浩 司,23,48,6.86,3,0.11,1.54.6,6-1-5,14340,59,6-1,4040,19,1-5-6,1320,10,1-6,1460,9,,,,,,,
20260115,大村,2,予選,晴,南西,4,3,5,4,3787,天 野 誠,76,65,6.96,4,0.14,,6-1-5,14340,59,6-1,4040,19,1-5-6,1320,10,1-6,1460,9,,,,,,,
20260115,大村,2,予選,晴,南西,4,3,6,2,4402,乙 藤 智 史,66,51,6.96,2,0.13,,6-1-5,14340,59,6-1,4040,19,1-5-6,1320,10,1-6,1460,9,,,,,,,
20260115,大村,3,予選,晴,南西,4,3,1,2,4124,池 田 雄 一,54,73,6.96,2,0.19,1.51.1,2-1-6,1580,4,2-1,640,2,1-2-6,380,1,1-2,250,1,,,,,,,
20260115,大村,3,予選,晴,南西,4,3,2,1,5027,重 冨 勇 哉,15,29,6.88,1,0.10,1.52.5,2-1-6,1580,4,2-1,640,2,1-2-6,380,1,1-2,250,1,,,,,,,
20260115,大村,3,予選,晴,南西,4,3,3,6,5095,小 原 聡 将,58,63,6.87,6,0.09,1.53.8,2-1-6,1580,4,2-1,640,2,1-2-6,380,1,1-2,250,1,,,,,,,
20260115,大村,3,予選,晴,南西,4,3,4,5,4603,谷 川 将 太,49,38,6.92,5,0.09,1.54.2,2-1-6,1580,4,2-1,640,2,1-2-6,380,1,1-2,250,1,,,,,,,
20260115,大村,3,予選,晴,南西,4,3,5,3,5242,高 山 弘 斗,43,18,6.95,3,0.17,,2-1-6,1580,4,2-1,640,2,1-2-6,380,1,1-2,250,1,,,,,,,
20260115,大村,3,予選,晴,南西,4,3,6,4,5392,安 武 一 也,73,21,6.88,4,0.15,,2-1-6,1580,4,2-1,640,2,1-2-6,380,1,1-2,250,1,,,,,,,
20260115,大村,4,予選,晴,南西,1,1,1,1,5307,富 永 夏哉人,30,24,6.88,1,0.13,1.49.6,1-4-6,8040,26,1-4,860,3,1-4-6,3710,13,1-4,800,4,,,,,,,
20260115,大村,4,予選,晴,南西,1,1,2,4,4790,柳 内 敬 太,63,32,6.89,4,0.07,1.50.7,1-4-6,8040,26,1-4,860,3,1-4-6,3710,13,1-4,800,4,,,,,,,
20260115,大村,4,予選,晴,南西,1,1,3,6,4068,幸 田 智 裕,44,39,6.86,6,0.08,1.52.7,1-4-6,8040,26,1-4,860,3,1-4-6,3710,13,1-4,800,4,,,,,,,
20260115,大村,4,予選,晴,南西,1,1,4,5,3964,宮 地 博 士,53,72,6.85,5,0.10,1.52.9,1-4-6,8040,26,1-4,860,3,1-4-6,3710,13,1-4,800,4,,,,,,,
20260115,大村,4,予選,晴,南西,1,1,5,2,4258,関 根 彰 人,17,59,6.96,2,0.12,,1-4-6,8040,26,1-4,860,3,1-4-6,3710,13,1-4,800,4,,,,,,,
20260115,大村,4,予選,晴,南西,1,1,6,3,4522,古 澤 光 紀,34,25,6.87,3,0.09,,1-4-6,8040,26,1-4,860,3,1-4-6,3710,13,1-4,800,4,,,,,,,
20260115,大村,5,予選,晴,北東,1,1,1,3,4509,平 見 真 彦,48,13,6.83,3,0.17,1.50.1,3-1-5,1790,7,3-1,880,4,1-3-5,390,1,1-3,260,1,,,,,,,
20260115,大村,5,予選,晴,北東,1,1,2,1,4995,田 邉 亮 蔵,52,71,6.88,1,0.15,1.50.8,3-1-5,1790,7,3-1,880,4,1-3-5,390,1,1-3,260,1,,,,,,,
20260115,大村,5,予選,晴,北東,1,1,3,5,4064,原 田 篤 志,51,61,6.91,4,0.14,1.51.1,3-1-5,1790,7,3-1,880,4,1-3-5,390,1,1-3,260,1,,,,,,,
20260115,大村,5,予選,晴,北東,1,1,4,6,3820,樫 葉 次 郎,47,66,6.89,5,0.14,1.53.4,3-1-5,1790,7,3-1,880,4,1-3-5,390,1,1-3,260,1,,,,,,,
20260115,大村,5,予選,晴,北東,1,1,5,2,3692,竹 腰 正 樹,36,40,6.87,2,0.16,,3-1-5,1790,7,3-1,880,4,1-3-5,390,1,1-3,260,1,,,,,,,
20260115,大村,5,予選,晴,北東,1,1,6,4,4632,長 尾 京志郎,35,77,6.91,6,0.19,,3-1-5,1790,7,3-1,880,4,1-3-5,390,1,1-3,260,1,,,,,,,
20260115,大村,6,予選,晴,南東,1,1,1,5,4052,興 津 藍,62,49,6.84,4,0.11,1.48.4,5-2-4,14450,37,5-2,1630,6,2-4-5,1120,6,2-5,290,2,,,,,,,
20260115,大村,6,予選,晴,南東,1,1,2,2,4278,藤 岡 俊 介,21,22,6.81,2,0.09,1.50.9,5-2-4,14450,37,5-2,1630,6,2-4-5,1120,6,2-5,290,2,,,,,,,
20260115,大村,6,予選,晴,南東,1,1,3,4,3539,金 子 順 一,41,37,6.89,3,0.12,1.53.0,5-2-4,14450,37,5-2,1630,6,2-4-5,1120,6,2-5,290,2,,,,,,,
20260115,大村,6,予選,晴,南東,1,1,4,6,3550,都 築 正 治,55,28,6.85,5,0.08,1.54.3,5-2-4,14450,37,5-2,1630,6,2-4-5,1120,6,2-5,290,2,,,,,,,
20260115,大村,6,予選,晴,南東,1,1,5,1,4945,上 村 宏 太,68,30,6.83,1,0.14,,5-2-4,14450,37,5-2,1630,6,2-4-5,1120,6,2-5,290,2,,,,,,,
20260115,大村,6,予選,晴,南東,1,1,6,3,5312,川 辺 郭 人,16,64,6.83,6,0.14,,5-2-4,14450,37,5-2,1630,6,2-4-5,1120,6,2-5,290,2,,,,,,,
20260115,大村,7,予選 進入固定,晴,北,2,1,1,1,4430,永 田 秀 二,14,55,6.86,1,0.16,1.49.8,1-3-2,510,2,1-3,150,1,1-2-3,320,2,1-3,180,1,,,,,,,
20260115,大村,7,予選 進入固定,晴,北,2,1,2,3,5112,砂 長 知 輝,64,34,6.83,3,0.19,1.51.0,1-3-2,510,2,1-3,150,1,1-2-3,320,2,1-3,180,1,,,,,,,
20260115,大村,7,予選 進入固定,晴,北,2,1,3,2,4747,山 戸 信 二,13,26,6.84,2,0.17,1.52.7,1-3-2,510,2,1-3,150,1,1-2-3,320,2,1-3,180,1,,,,,,,
20260115,大村,7,予選 進入固定,晴,北,2,1,4,5,4226,村 田 浩 司,23,48,6.78,5,0.18,1.54.2,1-3-2,510,2,1-3,150,1,1-2-3,320,2,1-3,180,1,,,,,,,
20260115,大村,7,予選 進入固定,晴,北,2,1,5,4,3921,川 村 正 輝,67,33,6.90,4,0.19,,1-3-2,510,2,1-3,150,1,1-2-3,320,2,1-3,180,1,,,,,,,
20260115,大村,7,予選 進入固定,晴,北,2,1,6,6,5392,安 武 一 也,73,21,6.84,6,0.16,,1-3-2,510,2,1-3,150,1,1-2-3,320,2,1-3,180,1,,,,,,,
20260115,大村,8,予選,晴,無風,0,1,1,4,5016,宮 田 龍 馬,11,52,6.76,4,0.03,1.47.5,4-3-6,3990,18,4-3,910,5,3-4-6,1560,7,3-4,610,3,,,,,,,
20260115,大村,8,予選,晴,無風,0,1,2,3,4336,松 田 竜 馬,29,15,6.82,3,0.07,1.50.5,4-3-6,3990,18,4-3,910,5,3-4-6,1560,7,3-4,610,3,,,,,,,
20260115,大村,8,予選,晴,無風,0,1,3,6,3841,佐々木 和 伸,31,74,6.88,6,0.11,1.52.4,4-3-6,3990,18,4-3,910,5,3-4-6,1560,7,3-4,610,3,,,,,,,
20260115,大村,8,予選,晴,無風,0,1,4,1,3888,山 本 英 志,12,67,6.85,1,0.12,1.53.5,4-3-6,3990,18,4-3,910,5,3-4-6,1560,7,3-4,610,3,,,,,,,
20260115,大村,8,予選,晴,無風,0,1,5,2,3875,廣 中 良 一,72,56,6.86,2,0.06,,4-3-6,3990,18,4-3,910,5,3-4-6,1560,7,3-4,610,3,,,,,,,
20260115,大村,8,予選,晴,無風,0,1,6,5,4695,尾 崎 雄 二,25,78,6.82,5,0.12,,4-3-6,3990,18,4-3,910,5,3-4-6,1560,7,3-4,610,3,,,,,,,
20260115,大村,9,予選特賞,晴,南東,1,1,1,1,4596,葛 原 大 陽,37,27,6.84,1,0.15,1.53.1,1-3-5,700,1,1-3,180,1,1-3-5,340,1,1-3,100,1,,,,,,,
20260115,大村,9,予選特賞,晴,南東,1,1,2,3,4015,前 野 竜 一,22,36,6.88,3,0.16,1.55.9,1-3-5,700,1,1-3,180,1,1-3-5,340,1,1-3,100,1,,,,,,,
20260115,大村,9,予選特賞,晴,南東,1,1,3,5,3558,山 本 浩 次,24,12,6.80,5,0.13,1.57.8,1-3-5,700,1,1-3,180,1,1-3-5,340,1,1-3,100,1,,,,,,,
20260115,大村,9,予選特賞,晴,南東,1,1,4,2,5284,嘉手苅 徹 哉,56,16,6.82,2,0.16,2.00.3,1-3-5,700,1,1-3,180,1,1-3-5,340,1,1-3,100,1,,,,,,,
20260115,大村,9,予選特賞,晴,南東,1,1,5,6,4790,柳 内 敬 太,63,32,6.83,6,0.15,,1-3-5,700,1,1-3,180,1,1-3-5,340,1,1-3,100,1,,,,,,,
20260115,大村,10,予選特選,晴,南西,1,1,1,1,3679,飯 島 昌 弘,20,75,6.86,1,0.13,1.49.3,1-2-5,1490,5,1-2,250,1,1-2-5,970,5,1-2,140,1,,,,,,,
20260115,大村,10,予選特選,晴,南西,1,1,2,2,5095,小 原 聡 将,58,63,6.85,2,0.15,1.50.6,1-2-5,1490,5,1-2,250,1,1-2-5,970,5,1-2,140,1,,,,,,,
20260115,大村,10,予選特選,晴,南西,1,1,3,5,4402,乙 藤 智 史,66,51,6.85,5,0.16,1.51.4,1-2-5,1490,5,1-2,250,1,1-2-5,970,5,1-2,140,1,,,,,,,
20260115,大村,10,予選特選,晴,南西,1,1,4,3,4057,松 井 賢 治,57,14,6.87,3,0.18,1.53.3,1-2-5,1490,5,1-2,250,1,1-2-5,970,5,1-2,140,1,,,,,,,
20260115,大村,10,予選特選,晴,南西,1,1,5,6,4509,平 見 真 彦,48,13,6.78,6,0.21,,1-2-5,1490,5,1-2,250,1,1-2-5,970,5,1-2,140,1,,,,,,,
20260115,大村,10,予選特選,晴,南西,1,1,6,4,5307,富 永 夏哉人,30,24,6.80,4,0.18,,1-2-5,1490,5,1-2,250,1,1-2-5,970,5,1-2,140,1,,,,,,,
20260115,大村,11,発祥地選抜,晴,南東,1,1,1,1,4064,原 田 篤 志,51,61,6.83,1,0.08,1.49.4,1-2-4,750,1,1-2,410,2,1-2-4,300,1,1-2,350,2,,,,,,,
20260115,大村,11,発祥地選抜,晴,南東,1,1,2,2,4063,市 橋 卓 士,59,62,6.80,2,0.02,1.50.7,1-2-4,750,1,1-2,410,2,1-2-4,300,1,1-2,350,2,,,,,,,
20260115,大村,11,発祥地選抜,晴,南東,1,1,3,4,4278,藤 岡 俊 介,21,22,6.83,4,0.07,1.51.3,1-2-4,750,1,1-2,410,2,1-2-4,300,1,1-2,350,2,,,,,,,
20260115,大村,11,発祥地選抜,晴,南東,1,1,4,3,4124,池 田 雄 一,54,73,6.87,3,0.05,1.52.1,1-2-4,750,1,1-2,410,2,1-2-4,300,1,1-2,350,2,,,,,,,
20260115,大村,11,発祥地選抜,晴,南東,1,1,5,6,5112,砂 長 知 輝,64,34,6.83,6,0.13,,1-2-4,750,1,1-2,410,2,1-2-4,300,1,1-2,350,2,,,,,,,
20260115,大村,11,発祥地選抜,晴,南東,1,1,6,5,4522,古 澤 光 紀,34,25,6.83,5,0.09,,1-2-4,750,1,1-2,410,2,1-2-4,300,1,1-2,350,2,,,,,,,
20260115,大村,12,予選特賞,晴,北西,1,1,1,1,3964,宮 地 博 士,53,72,6.81,1,0.19,1.50.1,1-4-3,3170,13,1-4,750,4,1-3-4,690,3,1-4,570,3,,,,,,,
20260115,大村,12,予選特賞,晴,北西,1,1,2,4,4945,上 村 宏 太,68,30,6.84,4,0.25,1.51.8,1-4-3,3170,13,1-4,750,4,1-3-4,690,3,1-4,570,3,,,,,,,
20260115,大村,12,予選特賞,晴,北西,1,1,3,3,3921,川 村 正 輝,67,33,6.89,3,0.18,1.52.7,1-4-3,3170,13,1-4,750,4,1-3-4,690,3,1-4,570,3,,,,,,,
20260115,大村,12,予選特賞,晴,北西,1,1,4,2,3787,天 野 誠,76,65,6.87,2,0.19,1.53.5,1-4-3,3170,13,1-4,750,4,1-3-4,690,3,1-4,570,3,,,,,,,
20260115,大村,12,予選特賞,晴,北西,1,1,5,6,4632,長 尾 京志郎,35,77,6.91,6,0.36,,1-4-3,3170,13,1-4,750,4,1-3-4,690,3,1-4,570,3,,,,,,,
20260115,大村,12,予選特賞,晴,北西,1,1,6,5,5027,重 冨 勇 哉,15,29,6.82,5,0.36,,1-4-3,3170,13,1-4,750,4,1-3-4,690,3,1-4,570,3,,,,,,,
20260115,平和島,1,予選,晴,北,1,3,1,4,4155,長 野 壮志郎,29,17,6.84,4,0.14,1.50.5,4-6-2,9880,42,4-6,1920,10,2-4-6,2560,13,4-6,1610,7,,,,,,,
20260115,平和島,1,予選,晴,北,1,3,2,6,3804,中 渡 修 作,33,68,6.88,6,0.21,1.51.0,4-6-2,9880,42,4-6,1920,10,2-4-6,2560,13,4-6,1610,7,,,,,,,
20260115,平和島,1,予選,晴,北,1,3,3,2,3448,高 山 秀 雄,20,62,6.85,2,0.30,1.52.6,4-6-2,9880,42,4-6,1920,10,2-4-6,2560,13,4-6,1610,7,,,,,,,
20260115,平和島,1,予選,晴,北,1,3,4,1,3340,池 田 雷 太,17,72,6.75,1,0.21,1.54.1,4-6-2,9880,42,4-6,1920,10,2-4-6,2560,13,4-6,1610,7,,,,,,,
20260115,平和島,1,予選,晴,北,1,3,5,3,3463,乙 津 康 志,14,56,6.77,3,0.24,,4-6-2,9880,42,4-6,1920,10,2-4-6,2560,13,4-6,1610,7,,,,,,,
20260115,平和島,1,予選,晴,北,1,3,6,5,3895,堀 本 裕 也,62,60,6.82,5,0.15,,4-6-2,9880,42,4-6,1920,10,2-4-6,2560,13,4-6,1610,7,,,,,,,
20260115,平和島,2,予選,晴,南,1,3,1,1,4731,間 野 兼 礼,57,63,6.75,1,0.13,1.49.9,1-2-3,940,2,1-2,790,2,1-2-3,310,1,1-2,320,2,,,,,,,
20260115,平和島,2,予選,晴,南,1,3,2,2,3761,山 本 光 雄,43,21,6.76,2,0.15,1.51.6,1-2-3,940,2,1-2,790,2,1-2-3,310,1,1-2,320,2,,,,,,,
20260115,平和島,2,予選,晴,南,1,3,3,3,3256,三 角 哲 男,24,74,6.82,3,0.14,1.52.7,1-2-3,940,2,1-2,790,2,1-2-3,310,1,1-2,320,2,,,,,,,
20260115,平和島,2,予選,晴,南,1,3,4,4,5306,河 内 悠利杏,47,70,6.79,4,0.17,1.53.8,1-2-3,940,2,1-2,790,2,1-2-3,310,1,1-2,320,2,,,,,,,
20260115,平和島,2,予選,晴,南,1,3,5,5,5308,藤 森 拓 海,59,16,6.79,5,0.18,,1-2-3,940,2,1-2,790,2,1-2-3,310,1,1-2,320,2,,,,,,,
20260115,平和島,2,予選,晴,南,1,3,6,6,4588,田 中 京 介,67,12,6.79,6,0.19,,1-2-3,940,2,1-2,790,2,1-2-3,310,1,1-2,320,2,,,,,,,
20260115,平和島,3,予選,晴,南,3,3,1,1,3718,伊 達 正 利,34,19,6.79,1,0.07,1.49.9,1-2-5,2370,8,1-2,300,1,1-2-5,1110,5,1-2,190,1,,,,,,,
20260115,平和島,3,予選,晴,南,3,3,2,2,4644,山 田 亮 太,41,52,6.82,2,0.14,1.51.1,1-2-5,2370,8,1-2,300,1,1-2-5,1110,5,1-2,190,1,,,,,,,
20260115,平和島,3,予選,晴,南,3,3,3,5,4917,岩 橋 裕 馬,72,13,6.85,5,0.09,1.52.3,1-2-5,2370,8,1-2,300,1,1-2-5,1110,5,1-2,190,1,,,,,,,
20260115,平和島,3,予選,晴,南,3,3,4,6,4123,細 川 裕 子,12,18,6.71,6,0.06,1.52.3,1-2-5,2370,8,1-2,300,1,1-2-5,1110,5,1-2,190,1,,,,,,,
20260115,平和島,3,予選,晴,南,3,3,5,4,4201,佐 竹 友 樹,46,50,6.81,4,0.11,,1-2-5,2370,8,1-2,300,1,1-2-5,1110,5,1-2,190,1,,,,,,,
20260115,平和島,3,予選,晴,南,3,3,6,3,5340,樋江井 舞,36,48,6.69,3,0.18,,1-2-5,2370,8,1-2,300,1,1-2-5,1110,5,1-2,190,1,,,,,,,
20260115,平和島,4,予選,晴,南,3,3,1,2,4573,佐 藤 翼,75,46,6.75,2,0.12,1.48.7,2-3-4,1810,7,2-3,440,2,2-3-4,1070,5,2-3,390,2,,,,,,,
20260115,平和島,4,予選,晴,南,3,3,2,3,4225,土 屋 千 明,19,47,6.85,3,0.12,1.50.2,2-3-4,1810,7,2-3,440,2,2-3-4,1070,5,2-3,390,2,,,,,,,
20260115,平和島,4,予選,晴,南,3,3,3,4,3161,古 場 輝 義,25,57,6.91,4,0.17,1.51.8,2-3-4,1810,7,2-3,440,2,2-3-4,1070,5,2-3,390,2,,,,,,,
20260115,平和島,4,予選,晴,南,3,3,4,6,4422,永 井 亮 次,70,73,6.84,6,0.16,1.53.5,2-3-4,1810,7,2-3,440,2,2-3-4,1070,5,2-3,390,2,,,,,,,
20260115,平和島,4,予選,晴,南,3,3,5,5,4114,深 澤 達 徳,58,53,6.85,5,0.20,,2-3-4,1810,7,2-3,440,2,2-3-4,1070,5,2-3,390,2,,,,,,,
20260115,平和島,4,予選,晴,南,3,3,6,1,4203,小 倉 康 典,37,71,6.79,1,0.13,,2-3-4,1810,7,2-3,440,2,2-3-4,1070,5,2-3,390,2,,,,,,,
20260115,平和島,5,東京ベイラン,晴,南,3,3,1,1,4311,岡 村 仁,56,65,6.82,1,0.07,1.48.8,1-3-4,800,2,1-3,330,1,1-3-4,450,2,1-3,250,2,,,,,,,
20260115,平和島,5,東京ベイラン,晴,南,3,3,2,3,5190,大 月 遊 雅,44,24,6.81,3,0.08,1.50.8,1-3-4,800,2,1-3,330,1,1-3-4,450,2,1-3,250,2,,,,,,,
20260115,平和島,5,東京ベイラン,晴,南,3,3,3,4,4676,後 藤 隼 之,68,75,6.90,4,0.15,1.52.7,1-3-4,800,2,1-3,330,1,1-3-4,450,2,1-3,250,2,,,,,,,
20260115,平和島,5,東京ベイラン,晴,南,3,3,4,2,5090,生 方 靖 亜,49,15,6.92,2,0.10,1.53.6,1-3-4,800,2,1-3,330,1,1-3-4,450,2,1-3,250,2,,,,,,,
20260115,平和島,5,東京ベイラン,晴,南,3,3,5,5,3606,川 北 浩 貴,28,54,6.87,5,0.14,,1-3-4,800,2,1-3,330,1,1-3-4,450,2,1-3,250,2,,,,,,,
20260115,平和島,5,東京ベイラン,晴,南,3,3,6,6,3986,沖 島 広 和,74,11,6.86,6,0.14,,1-3-4,800,2,1-3,330,1,1-3-4,450,2,1-3,250,2,,,,,,,
20260115,平和島,6,予選,晴,南,2,3,1,1,4281,大 澤 大 夢,23,69,6.76,1,0.11,1.49.5,1-5-6,1100,1,1-5,390,1,1-5-6,400,2,1-5,280,1,,,,,,,
20260115,平和島,6,予選,晴,南,2,3,2,5,4083,福 島 勇 樹,60,61,6.71,5,0.14,1.50.6,1-5-6,1100,1,1-5,390,1,1-5-6,400,2,1-5,280,1,,,,,,,
20260115,平和島,6,予選,晴,南,2,3,3,6,3686,鳥居塚 孝 博,55,10,6.85,6,0.19,1.52.6,1-5-6,1100,1,1-5,390,1,1-5-6,400,2,1-5,280,1,,,,,,,
20260115,平和島,6,予選,晴,南,2,3,4,4,3637,齋 藤 和 政,65,14,6.90,4,0.18,1.54.2,1-5-6,1100,1,1-5,390,1,1-5-6,400,2,1-5,280,1,,,,,,,
20260115,平和島,6,予選,晴,南,2,3,5,2,3895,堀 本 裕 也,62,60,6.79,2,0.22,,1-5-6,1100,1,1-5,390,1,1-5-6,400,2,1-5,280,1,,,,,,,
20260115,平和島,6,予選,晴,南,2,3,6,3,5057,上 田 紗 奈,63,66,6.68,3,0.19,,1-5-6,1100,1,1-5,390,1,1-5-6,400,2,1-5,280,1,,,,,,,
20260115,平和島,7,予選,曇り,南,3,3,1,3,5308,藤 森 拓 海,59,16,6.86,3,0.09,1.50.5,3-2-1,6300,23,3-2,2310,8,1-2-3,380,2,2-3,750,3,,,,,,,
20260115,平和島,7,予選,曇り,南,3,3,2,2,3952,中 澤 和 志,73,58,6.83,2,0.07,1.52.4,3-2-1,6300,23,3-2,2310,8,1-2-3,380,2,2-3,750,3,,,,,,,
20260115,平和島,7,予選,曇り,南,3,3,3,1,3463,乙 津 康 志,14,56,6.80,1,0.10,1.54.0,3-2-1,6300,23,3-2,2310,8,1-2-3,380,2,2-3,750,3,,,,,,,
20260115,平和島,7,予選,曇り,南,3,3,4,4,5072,吉 田 杏 美,27,23,6.82,4,0.09,1.54.0,3-2-1,6300,23,3-2,2310,8,1-2-3,380,2,2-3,750,3,,,,,,,
20260115,平和島,7,予選,曇り,南,3,3,5,6,5340,樋江井 舞,36,48,6.74,6,0.13,,3-2-1,6300,23,3-2,2310,8,1-2-3,380,2,2-3,750,3,,,,,,,
20260115,平和島,7,予選,曇り,南,3,3,6,5,3792,田 中 豪,52,20,6.87,5,0.12,,3-2-1,6300,23,3-2,2310,8,1-2-3,380,2,2-3,750,3,,,,,,,
20260115,平和島,8,ベイブレイク,曇り,南,2,3,1,1,3256,三 角 哲 男,24,74,6.89,1,0.12,1.49.6,1-2-4,870,2,1-2,540,3,1-2-4,270,1,1-2,510,2,,,,,,,
20260115,平和島,8,ベイブレイク,曇り,南,2,3,2,2,3161,古 場 輝 義,25,57,6.88,2,0.19,1.50.9,1-2-4,870,2,1-2,540,3,1-2-4,270,1,1-2,510,2,,,,,,,
20260115,平和島,8,ベイブレイク,曇り,南,2,3,3,4,4188,久 田 敏 之,40,22,6.85,4,0.16,1.51.9,1-2-4,870,2,1-2,540,3,1-2-4,270,1,1-2,510,2,,,,,,,
20260115,平和島,8,ベイブレイク,曇り,南,2,3,4,6,3994,小 野 桜,45,55,6.77,6,0.26,1.52.7,1-2-4,870,2,1-2,540,3,1-2-4,270,1,1-2,510,2,,,,,,,
20260115,平和島,8,ベイブレイク,曇り,南,2,3,5,3,4201,佐 竹 友 樹,46,50,6.84,3,0.17,,1-2-4,870,2,1-2,540,3,1-2-4,270,1,1-2,510,2,,,,,,,
20260115,平和島,8,ベイブレイク,曇り,南,2,3,6,5,3340,池 田 雷 太,17,72,6.89,5,0.18,,1-2-4,870,2,1-2,540,3,1-2-4,270,1,1-2,510,2,,,,,,,
20260115,平和島,9,予選特賞,晴,南,4,3,1,1,4159,向 後 龍 一,71,44,6.86,1,0.09,1.49.8,1-2-6,930,1,1-2,440,1,1-2-6,460,1,1-2,450,2,,,,,,,
20260115,平和島,9,予選特賞,晴,南,4,3,2,2,3986,沖 島 広 和,74,11,6.82,2,0.13,1.51.5,1-2-6,930,1,1-2,440,1,1-2-6,460,1,1-2,450,2,,,,,,,
20260115,平和島,9,予選特賞,晴,南,4,3,3,6,3854,吉 川 元 浩,22,51,6.87,6,0.09,1.52.2,1-2-6,930,1,1-2,440,1,1-2-6,460,1,1-2,450,2,,,,,,,
20260115,平和島,9,予選特賞,晴,南,4,3,4,5,4588,田 中 京 介,67,12,6.95,5,0.15,1.52.5,1-2-6,930,1,1-2,440,1,1-2-6,460,1,1-2,450,2,,,,,,,
20260115,平和島,9,予選特賞,晴,南,4,3,5,4,4917,岩 橋 裕 馬,72,13,6.85,4,0.12,,1-2-6,930,1,1-2,440,1,1-2-6,460,1,1-2,450,2,,,,,,,
20260115,平和島,9,予選特賞,晴,南,4,3,6,3,4203,小 倉 康 典,37,71,6.90,3,0.12,,1-2-6,930,1,1-2,440,1,1-2-6,460,1,1-2,450,2,,,,,,,
20260115,平和島,10,予選特賞,曇り,南,4,3,1,1,4644,山 田 亮 太,41,52,6.81,1,0.08,1.49.0,1-5-4,1410,3,1-5,420,1,1-4-5,490,2,1-5,280,1,,,,,,,
20260115,平和島,10,予選特賞,曇り,南,4,3,2,5,4573,佐 藤 翼,75,46,6.87,5,0.11,1.50.8,1-5-4,1410,3,1-5,420,1,1-4-5,490,2,1-5,280,1,,,,,,,
20260115,平和島,10,予選特賞,曇り,南,4,3,3,4,4834,浜 本 裕 己,54,59,6.90,4,0.11,1.52.2,1-5-4,1410,3,1-5,420,1,1-4-5,490,2,1-5,280,1,,,,,,,
20260115,平和島,10,予選特賞,曇り,南,4,3,4,6,5190,大 月 遊 雅,44,24,6.93,6,0.15,1.53.9,1-5-4,1410,3,1-5,420,1,1-4-5,490,2,1-5,280,1,,,,,,,
20260115,平和島,10,予選特賞,曇り,南,4,3,5,2,4927,関 野 文,66,67,6.84,2,0.12,,1-5-4,1410,3,1-5,420,1,1-4-5,490,2,1-5,280,1,,,,,,,
20260115,平和島,10,予選特賞,曇り,南,4,3,6,3,3448,高 山 秀 雄,20,62,6.89,3,0.11,,1-5-4,1410,3,1-5,420,1,1-4-5,490,2,1-5,280,1,,,,,,,
20260115,平和島,11,予選特選,曇り,南,3,3,1,2,4311,岡 村 仁,56,65,6.90,2,0.11,1.48.9,2-1-5,1080,2,2-1,220,1,1-2-5,600,3,1-2,190,1,,,,,,,
20260115,平和島,11,予選特選,曇り,南,3,3,2,1,4225,土 屋 千 明,19,47,6.91,1,0.11,1.50.7,2-1-5,1080,2,2-1,220,1,1-2-5,600,3,1-2,190,1,,,,,,,
20260115,平和島,11,予選特選,曇り,南,3,3,3,5,4607,鶴 田 勇 雄,53,64,6.85,5,0.11,1.52.0,2-1-5,1080,2,2-1,220,1,1-2-5,600,3,1-2,190,1,,,,,,,
20260115,平和島,11,予選特選,曇り,南,3,3,4,4,3761,山 本 光 雄,43,21,6.93,4,0.14,1.54.1,2-1-5,1080,2,2-1,220,1,1-2-5,600,3,1-2,190,1,,,,,,,
20260115,平和島,11,予選特選,曇り,南,3,3,5,6,4155,長 野 壮志郎,29,17,6.80,6,0.15,,2-1-5,1080,2,2-1,220,1,1-2-5,600,3,1-2,190,1,,,,,,,
20260115,平和島,11,予選特選,曇り,南,3,3,6,3,3637,齋 藤 和 政,65,14,7.00,3,0.14,,2-1-5,1080,2,2-1,220,1,1-2-5,600,3,1-2,190,1,,,,,,,
20260115,平和島,12,記者選抜,曇り,南,3,3,1,1,4188,久 田 敏 之,40,22,6.81,1,0.10,1.48.6,1-5-6,1380,6,1-5,440,2,1-5-6,900,5,1-5,410,2,,,,,,,
20260115,平和島,12,記者選抜,曇り,南,3,3,2,5,3686,鳥居塚 孝 博,55,10,6.92,4,0.12,1.50.5,1-5-6,1380,6,1-5,440,2,1-5-6,900,5,1-5,410,2,,,,,,,
20260115,平和島,12,記者選抜,曇り,南,3,3,3,6,3606,川 北 浩 貴,28,54,6.95,5,0.17,1.51.5,1-5-6,1380,6,1-5,440,2,1-5-6,900,5,1-5,410,2,,,,,,,
20260115,平和島,12,記者選抜,曇り,南,3,3,4,4,4422,永 井 亮 次,70,73,6.84,3,0.14,1.51.5,1-5-6,1380,6,1-5,440,2,1-5-6,900,5,1-5,410,2,,,,,,,
20260115,平和島,12,記者選抜,曇り,南,3,3,5,3,4123,細 川 裕 子,12,18,6.83,2,0.15,,1-5-6,1380,6,1-5,440,2,1-5-6,900,5,1-5,410,2,,,,,,,
20260115,桐生,1,予選,晴,東,3,2,1,1,3105,内 山 文 典,29,17,6.61,1,0.27,1.56.7,1-4-3,2960,9,1-4,1350,5,1-3-4,370,2,1-4,950,5,,,,,,,
20260115,桐生,1,予選,晴,東,3,2,2,4,5098,大 江 純,74,43,6.61,4,0.20,1.59.8,1-4-3,2960,9,1-4,1350,5,1-3-4,370,2,1-4,950,5,,,,,,,
20260115,桐生,1,予選,晴,東,3,2,3,3,4233,亀 山 雅 幸,67,22,6.54,3,0.25,2.02.2,1-4-3,2960,9,1-4,1350,5,1-3-4,370,2,1-4,950,5,,,,,,,
20260115,桐生,1,予選,晴,東,3,2,4,2,3596,河 上 年 昭,70,49,6.56,2,0.56,2.04.4,1-4-3,2960,9,1-4,1350,5,1-3-4,370,2,1-4,950,5,,,,,,,
20260115,桐生,1,予選,晴,東,3,2,5,6,4697,國 弘 翔 平,50,50,6.66,6,0.21,2.10.1,1-4-3,2960,9,1-4,1350,5,1-3-4,370,2,1-4,950,5,,,,,,,
20260115,桐生,2,予選,晴,東,3,2,1,1,4020,川 上 清 人,61,73,6.80,1,0.23,1.50.1,1-3-2,2480,8,1-3,1400,5,1-2-3,290,1,1-3,530,3,,,,,,,
20260115,桐生,2,予選,晴,東,3,2,2,3,4319,三 宅 潤,14,61,6.86,3,0.29,1.51.3,1-3-2,2480,8,1-3,1400,5,1-2-3,290,1,1-3,530,3,,,,,,,
20260115,桐生,2,予選,晴,東,3,2,3,2,4366,前 沢 丈 史,69,13,6.73,2,0.24,1.52.6,1-3-2,2480,8,1-3,1400,5,1-2-3,290,1,1-3,530,3,,,,,,,
20260115,桐生,2,予選,晴,東,3,2,4,4,3516,吉 原 聖 人,56,74,6.72,4,0.35,1.54.5,1-3-2,2480,8,1-3,1400,5,1-2-3,290,1,1-3,530,3,,,,,,,
20260115,桐生,2,予選,晴,東,3,2,5,6,4407,鹿 島 敏 弘,58,72,6.84,6,0.34,1.55.7,1-3-2,2480,8,1-3,1400,5,1-2-3,290,1,1-3,530,3,,,,,,,
20260115,桐生,2,予選,晴,東,3,2,6,5,4035,杉 江 浩 明,75,14,6.86,5,0.36,1.56.2,1-3-2,2480,8,1-3,1400,5,1-2-3,290,1,1-3,530,3,,,,,,,
20260115,桐生,3,予選,晴,東,2,1,1,4,3908,重 成 一 人,28,67,6.72,4,0.16,1.48.5,4-2-3,5030,22,4-2,1270,6,2-3-4,1120,6,2-4,390,1,,,,,,,
20260115,桐生,3,予選,晴,東,2,1,2,2,3412,鈴 木 博,39,66,6.80,2,0.24,1.50.5,4-2-3,5030,22,4-2,1270,6,2-3-4,1120,6,2-4,390,1,,,,,,,
20260115,桐生,3,予選,晴,東,2,1,3,3,3957,大 谷 直 弘,44,62,6.83,3,0.23,1.52.3,4-2-3,5030,22,4-2,1270,6,2-3-4,1120,6,2-4,390,1,,,,,,,
20260115,桐生,3,予選,晴,東,2,1,4,1,5046,松 山 裕 基,20,64,6.83,1,0.23,1.52.3,4-2-3,5030,22,4-2,1270,6,2-3-4,1120,6,2-4,390,1,,,,,,,
20260115,桐生,3,予選,晴,東,2,1,5,6,5216,長谷川 晴 哉,71,65,6.69,6,0.25,1.53.7,4-2-3,5030,22,4-2,1270,6,2-3-4,1120,6,2-4,390,1,,,,,,,
20260115,桐生,3,予選,晴,東,2,1,6,5,5290,坂 本 一 真,37,32,6.78,5,0.25,1.55.9,4-2-3,5030,22,4-2,1270,6,2-3-4,1120,6,2-4,390,1,,,,,,,
20260115,桐生,4,予選,晴,東,2,1,1,1,5368,宮 崎 心之介,68,58,6.82,1,0.11,1.48.3,1-6-5,7670,33,1-6,1360,7,1-5-6,2260,11,1-6,1280,6,,,,,,,
20260115,桐生,4,予選,晴,東,2,1,2,6,4095,福 来 剛,12,35,6.80,6,0.16,1.49.5,1-6-5,7670,33,1-6,1360,7,1-5-6,2260,11,1-6,1280,6,,,,,,,
20260115,桐生,4,予選,晴,東,2,1,3,5,3988,古 川 誠 之,25,31,6.76,5,0.18,1.51.8,1-6-5,7670,33,1-6,1360,7,1-5-6,2260,11,1-6,1280,6,,,,,,,
20260115,桐生,4,予選,晴,東,2,1,4,2,3860,松 本 浩 貴,43,18,6.75,2,0.16,1.53.3,1-6-5,7670,33,1-6,1360,7,1-5-6,2260,11,1-6,1280,6,,,,,,,
20260115,桐生,4,予選,晴,東,2,1,5,3,4403,木 下 大 將,41,44,6.67,3,0.17,1.53.4,1-6-5,7670,33,1-6,1360,7,1-5-6,2260,11,1-6,1280,6,,,,,,,
20260115,桐生,4,予選,晴,東,2,1,6,4,4487,三 原 司,65,47,6.77,4,0.20,1.56.5,1-6-5,7670,33,1-6,1360,7,1-5-6,2260,11,1-6,1280,6,,,,,,,
20260115,桐生,5,予選,晴,無風,0,0,1,4,5077,滝 沢 崚,36,68,6.67,4,0.18,1.49.3,4-3-6,9220,32,4-3,2450,8,3-4-6,1280,8,3-4,1510,6,,,,,,,
20260115,桐生,5,予選,晴,無風,0,0,2,3,3946,赤 岩 善 生,73,36,6.79,2,0.21,1.50.0,4-3-6,9220,32,4-3,2450,8,3-4-6,1280,8,3-4,1510,6,,,,,,,
20260115,桐生,5,予選,晴,無風,0,0,3,6,4171,榎 幸 司,57,45,6.77,6,0.25,1.51.8,4-3-6,9220,32,4-3,2450,8,3-4-6,1280,8,3-4,1510,6,,,,,,,
20260115,桐生,5,予選,晴,無風,0,0,4,5,3596,河 上 年 昭,70,49,6.70,5,0.21,1.52.8,4-3-6,9220,32,4-3,2450,8,3-4-6,1280,8,3-4,1510,6,,,,,,,
20260115,桐生,5,予選,晴,無風,0,0,5,2,4485,楠 原 正 剛,48,51,6.67,3,0.28,1.54.7,4-3-6,9220,32,4-3,2450,8,3-4-6,1280,8,3-4,1510,6,,,,,,,
20260115,桐生,5,予選,晴,無風,0,0,6,1,4274,長 畑 友 輔,54,55,6.77,1,0.20,1.55.6,4-3-6,9220,32,4-3,2450,8,3-4-6,1280,8,3-4,1510,6,,,,,,,
20260115,桐生,6,ドラドキ目玉,晴,無風,0,0,1,5,5228,若 林 樹 蘭,13,57,6.80,5,0.17,1.48.8,5-1-4,5810,18,5-1,2190,5,1-4-5,480,2,1-5,260,1,,,,,,,
20260115,桐生,6,ドラドキ目玉,晴,無風,0,0,2,1,4967,中 村 魁 生,72,34,6.72,1,0.24,1.49.9,5-1-4,5810,18,5-1,2190,5,1-4-5,480,2,1-5,260,1,,,,,,,
20260115,桐生,6,ドラドキ目玉,晴,無風,0,0,3,4,3742,宮 地 秀 祈,62,11,6.77,4,0.22,1.52.2,5-1-4,5810,18,5-1,2190,5,1-4-5,480,2,1-5,260,1,,,,,,,
20260115,桐生,6,ドラドキ目玉,晴,無風,0,0,4,6,4374,永 田 義 紘,66,70,6.76,6,0.36,1.53.5,5-1-4,5810,18,5-1,2190,5,1-4-5,480,2,1-5,260,1,,,,,,,
20260115,桐生,6,ドラドキ目玉,晴,無風,0,0,5,3,3710,吉 永 泰 弘,23,48,6.84,3,0.27,1.53.7,5-1-4,5810,18,5-1,2190,5,1-4-5,480,2,1-5,260,1,,,,,,,
20260115,桐生,6,ドラドキ目玉,晴,無風,0,0,6,2,3714,梶 原 正,24,20,6.70,2,0.19,1.55.9,5-1-4,5810,18,5-1,2190,5,1-4-5,480,2,1-5,260,1,,,,,,,
20260115,桐生,7,ドラドキ３,晴,無風,0,0,1,1,4241,大 串 重 幸,60,71,6.69,1,0.05,1.49.2,1-2-3,4720,16,1-2,2100,8,1-2-3,750,3,1-2,1200,5,,,,,,,
20260115,桐生,7,ドラドキ３,晴,無風,0,0,2,2,5046,松 山 裕 基,20,64,6.75,2,0.10,1.50.4,1-2-3,4720,16,1-2,2100,8,1-2-3,750,3,1-2,1200,5,,,,,,,
20260115,桐生,7,ドラドキ３,晴,無風,0,0,3,3,4296,岡 崎 恭 裕,33,15,6.78,3,0.10,1.50.8,1-2-3,4720,16,1-2,2100,8,1-2-3,750,3,1-2,1200,5,,,,,,,
20260115,桐生,7,ドラドキ３,晴,無風,0,0,4,4,3105,内 山 文 典,29,17,6.68,4,0.20,1.53.2,1-2-3,4720,16,1-2,2100,8,1-2-3,750,3,1-2,1200,5,,,,,,,
20260115,桐生,7,ドラドキ３,晴,無風,0,0,5,6,3659,藤 生 雄 人,11,75,6.82,6,0.19,1.53.6,1-2-3,4720,16,1-2,2100,8,1-2-3,750,3,1-2,1200,5,,,,,,,
20260115,桐生,7,ドラドキ３,晴,無風,0,0,6,5,5246,楠 将太郎,38,21,6.61,5,0.24,1.53.8,1-2-3,4720,16,1-2,2100,8,1-2-3,750,3,1-2,1200,5,,,,,,,
20260115,桐生,8,ドラドキ５,晴,無風,0,0,1,5,4118,宇佐見 淳,64,42,6.68,5,0.11,1.48.4,5-6-1,2390,9,5-6,1380,6,1-5-6,430,3,5-6,1020,4,,,,,,,
20260115,桐生,8,ドラドキ５,晴,無風,0,0,2,6,3868,尾 形 栄 治,53,38,6.68,6,0.19,1.50.1,5-6-1,2390,9,5-6,1380,6,1-5-6,430,3,5-6,1020,4,,,,,,,
20260115,桐生,8,ドラドキ５,晴,無風,0,0,3,1,3988,古 川 誠 之,25,31,6.76,1,0.07,1.52.3,5-6-1,2390,9,5-6,1380,6,1-5-6,430,3,5-6,1020,4,,,,,,,
20260115,桐生,8,ドラドキ５,晴,無風,0,0,4,4,4020,川 上 清 人,61,73,6.77,4,0.23,1.54.5,5-6-1,2390,9,5-6,1380,6,1-5-6,430,3,5-6,1020,4,,,,,,,
20260115,桐生,8,ドラドキ５,晴,無風,0,0,5,2,4697,國 弘 翔 平,50,50,6.82,2,0.15,1.54.8,5-6-1,2390,9,5-6,1380,6,1-5-6,430,3,5-6,1020,4,,,,,,,
20260115,桐生,8,ドラドキ５,晴,無風,0,0,6,3,5290,坂 本 一 真,37,32,6.72,3,0.17,1.54.9,5-6-1,2390,9,5-6,1380,6,1-5-6,430,3,5-6,1020,4,,,,,,,
20260115,桐生,9,予選特賞,晴,西,1,1,1,3,5098,大 江 純,74,43,6.75,3,0.03,1.48.3,3-4-6,9830,40,3-4,2460,11,3-4-6,1290,6,3-4,1320,7,,,,,,,
20260115,桐生,9,予選特賞,晴,西,1,1,2,4,4907,小 池 修 平,55,23,6.70,4,0.12,1.49.6,3-4-6,9830,40,3-4,2460,11,3-4-6,1290,6,3-4,1320,7,,,,,,,
20260115,桐生,9,予選特賞,晴,西,1,1,3,6,3412,鈴 木 博,39,66,6.78,6,0.08,1.51.5,3-4-6,9830,40,3-4,2460,11,3-4-6,1290,6,3-4,1320,7,,,,,,,
20260115,桐生,9,予選特賞,晴,西,1,1,4,1,3516,吉 原 聖 人,56,74,6.78,1,0.05,1.53.4,3-4-6,9830,40,3-4,2460,11,3-4-6,1290,6,3-4,1320,7,,,,,,,
20260115,桐生,9,予選特賞,晴,西,1,1,5,5,5368,宮 崎 心之介,68,58,6.83,5,0.07,1.53.4,3-4-6,9830,40,3-4,2460,11,3-4-6,1290,6,3-4,1320,7,,,,,,,
20260115,桐生,9,予選特賞,晴,西,1,1,6,2,4039,村 上 功 祐,18,54,6.76,2,0.06,1.55.9,3-4-6,9830,40,3-4,2460,11,3-4-6,1290,6,3-4,1320,7,,,,,,,
20260115,桐生,10,予選特賞,晴,西,2,1,1,5,3882,新 田 智 彰,30,27,6.76,5,0.11,1.48.7,5-4-6,25300,76,5-4,5840,19,4-5-6,4840,18,4-5,2960,11,,,,,,,
20260115,桐生,10,予選特賞,晴,西,2,1,2,4,4485,楠 原 正 剛,48,51,6.84,4,0.06,1.49.6,5-4-6,25300,76,5-4,5840,19,4-5-6,4840,18,4-5,2960,11,,,,,,,
20260115,桐生,10,予選特賞,晴,西,2,1,3,6,4366,前 沢 丈 史,69,13,6.77,6,0.16,1.51.0,5-4-6,25300,76,5-4,5840,19,4-5-6,4840,18,4-5,2960,11,,,,,,,
20260115,桐生,10,予選特賞,晴,西,2,1,4,1,5325,澁 川 夏,31,25,6.80,2,0.15,1.52.8,5-4-6,25300,76,5-4,5840,19,4-5-6,4840,18,4-5,2960,11,,,,,,,
20260115,桐生,10,予選特賞,晴,西,2,1,5,3,3920,正 木 聖 賢,63,63,6.71,3,0.27,1.54.1,5-4-6,25300,76,5-4,5840,19,4-5-6,4840,18,4-5,2960,11,,,,,,,
20260115,桐生,10,予選特賞,晴,西,2,1,6,2,4528,黒 井 達 矢,32,53,6.70,1,0.16,1.55.0,5-4-6,25300,76,5-4,5840,19,4-5-6,4840,18,4-5,2960,11,,,,,,,
20260115,桐生,11,一般特選,晴,北西,1,1,1,4,4319,三 宅 潤,14,61,6.79,4,0.07,1.48.7,4-5-6,59400,71,4-5,18810,23,4-5-6,6010,16,4-5,10480,13,,,,,,,
20260115,桐生,11,一般特選,晴,北西,1,1,2,5,4274,長 畑 友 輔,54,55,6.86,5,0.06,1.50.3,4-5-6,59400,71,4-5,18810,23,4-5-6,6010,16,4-5,10480,13,,,,,,,
20260115,桐生,11,一般特選,晴,北西,1,1,3,6,5246,楠 将太郎,38,21,6.83,6,0.08,1.51.1,4-5-6,59400,71,4-5,18810,23,4-5-6,6010,16,4-5,10480,13,,,,,,,
20260115,桐生,11,一般特選,晴,北西,1,1,4,3,4095,福 来 剛,12,35,6.77,3,0.15,1.52.6,4-5-6,59400,71,4-5,18810,23,4-5-6,6010,16,4-5,10480,13,,,,,,,
20260115,桐生,11,一般特選,晴,北西,1,1,5,1,3908,重 成 一 人,28,67,6.72,1,0.22,1.53.3,4-5-6,59400,71,4-5,18810,23,4-5-6,6010,16,4-5,10480,13,,,,,,,
20260115,桐生,11,一般特選,晴,北西,1,1,6,2,4233,亀 山 雅 幸,67,22,6.75,2,0.18,1.55.2,4-5-6,59400,71,4-5,18810,23,4-5-6,6010,16,4-5,10480,13,,,,,,,
20260115,桐生,12,一般桐生特選,晴,西,2,1,1,1,3946,赤 岩 善 生,73,36,6.73,1,0.12,1.49.0,1-4-5,1780,4,1-4,380,2,1-4-5,820,3,1-4,390,2,,,,,,,
20260115,桐生,12,一般桐生特選,晴,西,2,1,2,4,4296,岡 崎 恭 裕,33,15,6.80,4,0.10,1.50.4,1-4-5,1780,4,1-4,380,2,1-4-5,820,3,1-4,390,2,,,,,,,
20260115,桐生,12,一般桐生特選,晴,西,2,1,3,5,4403,木 下 大 將,41,44,6.78,5,0.05,1.51.4,1-4-5,1780,4,1-4,380,2,1-4-5,820,3,1-4,390,2,,,,,,,
20260115,桐生,12,一般桐生特選,晴,西,2,1,4,6,5228,若 林 樹 蘭,13,57,6.87,6,0.08,1.51.8,1-4-5,1780,4,1-4,380,2,1-4-5,820,3,1-4,390,2,,,,,,,
20260115,桐生,12,一般桐生特選,晴,西,2,1,5,3,5216,長谷川 晴 哉,71,65,6.71,3,0.06,1.52.9,1-4-5,1780,4,1-4,380,2,1-4-5,820,3,1-4,390,2,,,,,,,
20260115,桐生,12,一般桐生特選,晴,西,2,1,6,2,4407,鹿 島 敏 弘,58,72,6.76,2,0.09,1.57.5,1-4-5,1780,4,1-4,380,2,1-4-5,820,3,1-4,390,2,,,,,,,
20260115,江戸川,1,一般,晴,北東,3,5,1,2,5339,石 井 伸 長,27,52,6.69,2,0.25,1.50.3,2-1-4,4350,16,2-1,700,3,1-2-4,780,4,1-2,350,1,,,,,,,
20260115,江戸川,1,一般,晴,北東,3,5,2,1,4626,伊 藤 紘 章,68,37,6.68,1,0.29,1.53.1,2-1-4,4350,16,2-1,700,3,1-2-4,780,4,1-2,350,1,,,,,,,
20260115,江戸川,1,一般,晴,北東,3,5,3,4,4976,金 山 立 樹,20,18,6.76,4,0.22,1.54.0,2-1-4,4350,16,2-1,700,3,1-2-4,780,4,1-2,350,1,,,,,,,
20260115,江戸川,1,一般,晴,北東,3,5,4,5,5303,土 井 歩 夢,37,48,6.86,5,0.17,1.54.1,2-1-4,4350,16,2-1,700,3,1-2-4,780,4,1-2,350,1,,,,,,,
20260115,江戸川,1,一般,晴,北東,3,5,5,6,5419,櫻 井 隼,53,28,6.87,6,0.19,,2-1-4,4350,16,2-1,700,3,1-2-4,780,4,1-2,350,1,,,,,,,
20260115,江戸川,1,一般,晴,北東,3,5,6,3,4641,磯 村 匠,54,66,6.71,3,0.18,,2-1-4,4350,16,2-1,700,3,1-2-4,780,4,1-2,350,1,,,,,,,
20260115,江戸川,2,一般,晴,北東,2,5,1,3,4067,永 井 源,26,32,6.64,3,0.08,1.50.6,3-1-4,1010,1,3-1,340,2,1-3-4,390,2,1-3,230,1,,,,,,,
20260115,江戸川,2,一般,晴,北東,2,5,2,1,5067,山 田 真 聖,52,33,6.81,1,0.03,1.51.6,3-1-4,1010,1,3-1,340,2,1-3-4,390,2,1-3,230,1,,,,,,,
20260115,江戸川,2,一般,晴,北東,2,5,3,4,4093,吉 田 宗 弘,57,14,6.83,4,0.19,1.54.4,3-1-4,1010,1,3-1,340,2,1-3-4,390,2,1-3,230,1,,,,,,,
20260115,江戸川,2,一般,晴,北東,2,5,4,6,5337,出 畑 孝 成,18,23,6.78,6,0.17,1.56.2,3-1-4,1010,1,3-1,340,2,1-3-4,390,2,1-3,230,1,,,,,,,
20260115,江戸川,2,一般,晴,北東,2,5,5,2,4103,山 崎 善 庸,28,49,6.76,2,0.16,,3-1-4,1010,1,3-1,340,2,1-3-4,390,2,1-3,230,1,,,,,,,
20260115,江戸川,2,一般,晴,北東,2,5,6,5,5374,木 山 大 聖,21,63,6.74,5,0.14,,3-1-4,1010,1,3-1,340,2,1-3-4,390,2,1-3,230,1,,,,,,,
20260115,江戸川,3,一般,晴,南東,3,5,1,1,3990,芹 澤 克 彦,49,38,6.79,1,0.05,1.56.4,1-2-4,2710,7,1-2,470,2,1-2-4,1210,7,1-2,430,2,,,,,,,
20260115,江戸川,3,一般,晴,南東,3,5,2,2,5147,田 中 勇 輔,67,35,6.76,2,0.01,1.59.6,1-2-4,2710,7,1-2,470,2,1-2-4,1210,7,1-2,430,2,,,,,,,
20260115,江戸川,3,一般,晴,南東,3,5,3,4,4942,柴 田 朋 哉,50,57,6.84,4,0.15,2.02.1,1-2-4,2710,7,1-2,470,2,1-2-4,1210,7,1-2,430,2,,,,,,,
20260115,江戸川,3,一般,晴,南東,3,5,4,6,4142,平 野 和 明,58,46,6.82,6,0.18,2.05.7,1-2-4,2710,7,1-2,470,2,1-2-4,1210,7,1-2,430,2,,,,,,,
20260115,江戸川,3,一般,晴,南東,3,5,5,5,4069,山 本 修 一,11,53,6.85,5,0.17,,1-2-4,2710,7,1-2,470,2,1-2-4,1210,7,1-2,430,2,,,,,,,
20260115,江戸川,4,一般,晴,南西,3,5,1,5,4483,北 野 輝 季,14,31,6.85,5,0.11,1.51.3,5-4-1,6020,24,5-4,2600,10,1-4-5,600,3,4-5,1270,6,,,,,,,
20260115,江戸川,4,一般,晴,南西,3,5,2,4,3455,谷 本 幸 司,16,30,6.81,4,0.24,1.53.3,5-4-1,6020,24,5-4,2600,10,1-4-5,600,3,4-5,1270,6,,,,,,,
20260115,江戸川,4,一般,晴,南西,3,5,3,1,4880,澤 崎 雄 哉,25,50,6.84,1,0.19,1.54.7,5-4-1,6020,24,5-4,2600,10,1-4-5,600,3,4-5,1270,6,,,,,,,
20260115,江戸川,4,一般,晴,南西,3,5,4,3,5109,川 崎 智 稔,41,68,6.91,3,0.21,1.56.9,5-4-1,6020,24,5-4,2600,10,1-4-5,600,3,4-5,1270,6,,,,,,,
20260115,江戸川,4,一般,晴,南西,3,5,5,2,5107,松 本 真 広,65,43,6.83,2,0.22,,5-4-1,6020,24,5-4,2600,10,1-4-5,600,3,4-5,1270,6,,,,,,,
20260115,江戸川,4,一般,晴,南西,3,5,6,6,5315,浅 井 翼,13,61,6.89,6,0.15,,5-4-1,6020,24,5-4,2600,10,1-4-5,600,3,4-5,1270,6,,,,,,,
20260115,江戸川,5,一般,晴,南,5,5,1,3,4976,金 山 立 樹,20,18,6.91,3,0.12,1.51.9,3-6-1,17920,52,3-6,3800,13,1-3-6,2190,8,3-6,4020,11,,,,,,,
20260115,江戸川,5,一般,晴,南,5,5,2,6,4962,畑 竜 生,34,70,7.05,6,0.12,1.54.4,3-6-1,17920,52,3-6,3800,13,1-3-6,2190,8,3-6,4020,11,,,,,,,
20260115,江戸川,5,一般,晴,南,5,5,3,1,5319,近 藤 颯 斗,19,64,6.88,1,0.21,1.55.8,3-6-1,17920,52,3-6,3800,13,1-3-6,2190,8,3-6,4020,11,,,,,,,
20260115,江戸川,5,一般,晴,南,5,5,4,4,4693,松 下 誉 士,63,51,6.92,4,0.08,1.56.3,3-6-1,17920,52,3-6,3800,13,1-3-6,2190,8,3-6,4020,11,,,,,,,
20260115,江戸川,5,一般,晴,南,5,5,5,2,5058,前 原 大 道,23,36,6.77,2,0.19,,3-6-1,17920,52,3-6,3800,13,1-3-6,2190,8,3-6,4020,11,,,,,,,
20260115,江戸川,5,一般,晴,南,5,5,6,5,5382,山 下 心 一,30,55,6.84,5,0.09,,3-6-1,17920,52,3-6,3800,13,1-3-6,2190,8,3-6,4020,11,,,,,,,
20260115,江戸川,6,一般,晴,南,6,5,1,1,4467,渡 邉 俊 介,35,20,6.98,1,0.15,1.51.9,1-5-2,5890,22,1-5,1060,5,1-2-5,560,4,1-5,3200,8,,,,,,,
20260115,江戸川,6,一般,晴,南,6,5,2,5,5337,出 畑 孝 成,18,69,7.12,5,0.15,1.53.6,1-5-2,5890,22,1-5,1060,5,1-2-5,560,4,1-5,3200,8,,,,,,,
20260115,江戸川,6,一般,晴,南,6,5,3,2,4865,立 具 敬 司,40,40,6.79,2,0.19,1.55.5,1-5-2,5890,22,1-5,1060,5,1-2-5,560,4,1-5,3200,8,,,,,,,
20260115,江戸川,6,一般,晴,南,6,5,4,6,5419,櫻 井 隼,53,28,6.94,6,0.23,1.56.8,1-5-2,5890,22,1-5,1060,5,1-2-5,560,4,1-5,3200,8,,,,,,,
20260115,江戸川,6,一般,晴,南,6,5,5,3,4202,浮 田 圭 浩,32,27,7.01,3,0.18,,1-5-2,5890,22,1-5,1060,5,1-2-5,560,4,1-5,3200,8,,,,,,,
20260115,江戸川,6,一般,晴,南,6,5,6,4,4411,沢 田 昭 宏,61,10,7.03,4,0.17,,1-5-2,5890,22,1-5,1060,5,1-2-5,560,4,1-5,3200,8,,,,,,,
20260115,江戸川,7,一般,晴,南,5,10,1,3,5147,田 中 勇 輔,67,35,7.02,3,0.17,1.54.1,3-6-2,3970,20,3-6,1440,9,2-3-6,640,4,3-6,550,3,,,,,,,
20260115,江戸川,7,一般,晴,南,5,10,2,6,4324,海 野 康志郎,24,62,7.00,6,0.16,1.56.6,3-6-2,3970,20,3-6,1440,9,2-3-6,640,4,3-6,550,3,,,,,,,
20260115,江戸川,7,一般,晴,南,5,10,3,2,4093,吉 田 宗 弘,57,14,7.01,2,0.21,1.57.8,3-6-2,3970,20,3-6,1440,9,2-3-6,640,4,3-6,550,3,,,,,,,
20260115,江戸川,7,一般,晴,南,5,10,4,1,3630,黒 田 誠 司,33,24,7.00,1,0.17,1.57.9,3-6-2,3970,20,3-6,1440,9,2-3-6,640,4,3-6,550,3,,,,,,,
20260115,江戸川,7,一般,晴,南,5,10,5,4,5067,山 田 真 聖,52,33,7.07,4,0.18,,3-6-2,3970,20,3-6,1440,9,2-3-6,640,4,3-6,550,3,,,,,,,
20260115,江戸川,7,一般,晴,南,5,10,6,5,5378,鈴 木 結平太,29,12,6.97,5,0.23,,3-6-2,3970,20,3-6,1440,9,2-3-6,640,4,3-6,550,3,,,,,,,
20260115,江戸川,8,一般,晴,南,6,10,1,2,5110,杉 山 喜 一,39,39,6.97,2,0.34,1.54.1,2-3-5,1300,1,2-3,390,1,2-3-5,570,2,2-3,330,1,,,,,,,
20260115,江戸川,8,一般,晴,南,6,10,2,3,4942,柴 田 朋 哉,50,57,6.88,3,0.26,1.55.4,2-3-5,1300,1,2-3,390,1,2-3-5,570,2,2-3,330,1,,,,,,,
20260115,江戸川,8,一般,晴,南,6,10,3,5,4626,伊 藤 紘 章,68,37,6.93,5,0.27,1.56.1,2-3-5,1300,1,2-3,390,1,2-3-5,570,2,2-3,330,1,,,,,,,
20260115,江戸川,8,一般,晴,南,6,10,4,1,5315,浅 井 翼,13,22,6.86,1,0.25,1.57.5,2-3-5,1300,1,2-3,390,1,2-3-5,570,2,2-3,330,1,,,,,,,
20260115,江戸川,8,一般,晴,南,6,10,5,4,5107,松 本 真 広,65,43,7.15,4,0.30,,2-3-5,1300,1,2-3,390,1,2-3-5,570,2,2-3,330,1,,,,,,,
20260115,江戸川,8,一般,晴,南,6,10,6,6,5374,木 山 大 聖,21,63,6.86,6,0.24,,2-3-5,1300,1,2-3,390,1,2-3-5,570,2,2-3,330,1,,,,,,,
20260115,江戸川,9,一般特選,晴,南,7,15,1,3,4069,山 本 修 一,11,53,7.14,3,0.12,2.01.7,3-1-6,9490,31,3-1,960,4,1-3-6,2720,10,1-3,510,2,,,,,,,
20260115,江戸川,9,一般特選,晴,南,7,15,2,1,4693,松 下 誉 士,63,51,6.88,1,0.17,2.05.8,3-1-6,9490,31,3-1,960,4,1-3-6,2720,10,1-3,510,2,,,,,,,
20260115,江戸川,9,一般特選,晴,南,7,15,3,6,5319,近 藤 颯 斗,19,64,6.99,6,0.19,2.08.9,3-1-6,9490,31,3-1,960,4,1-3-6,2720,10,1-3,510,2,,,,,,,
20260115,江戸川,9,一般特選,晴,南,7,15,4,4,4641,磯 村 匠,54,66,7.05,4,0.26,2.11.5,3-1-6,9490,31,3-1,960,4,1-3-6,2720,10,1-3,510,2,,,,,,,
20260115,江戸川,10,選抜戦,晴,南,7,15,1,3,4411,沢 田 昭 宏,61,10,6.93,3,0.22,1.57.9,3-6-1,56900,100,3-6,21160,28,1-3-6,3080,11,3-6,40950,15,,,,,,,
20260115,江戸川,10,選抜戦,晴,南,7,15,2,6,3990,芹 澤 克 彦,49,38,7.15,6,0.16,2.00.2,3-6-1,56900,100,3-6,21160,28,1-3-6,3080,11,3-6,40950,15,,,,,,,
20260115,江戸川,10,選抜戦,晴,南,7,15,3,1,4962,畑 竜 生,34,70,6.86,1,0.32,2.03.9,3-6-1,56900,100,3-6,21160,28,1-3-6,3080,11,3-6,40950,15,,,,,,,
20260115,江戸川,10,選抜戦,晴,南,7,15,4,2,4483,北 野 輝 季,14,31,6.92,2,0.27,2.06.9,3-6-1,56900,100,3-6,21160,28,1-3-6,3080,11,3-6,40950,15,,,,,,,
20260115,江戸川,10,選抜戦,晴,南,7,15,5,4,4067,永 井 源,26,32,6.85,4,0.17,,3-6-1,56900,100,3-6,21160,28,1-3-6,3080,11,3-6,40950,15,,,,,,,
20260115,江戸川,11,選抜戦,晴,南,7,15,1,1,4324,海 野 康志郎,24,62,6.78,1,0.15,1.54.3,1-6-2,4570,19,1-6,1230,5,1-2-6,1120,7,1-6,1070,4,,,,,,,
20260115,江戸川,11,選抜戦,晴,南,7,15,2,6,4467,渡 邉 俊 介,35,20,6.97,6,0.18,1.54.8,1-6-2,4570,19,1-6,1230,5,1-2-6,1120,7,1-6,1070,4,,,,,,,
20260115,江戸川,11,選抜戦,晴,南,7,15,3,2,5303,土 井 歩 夢,37,48,7.03,2,0.20,1.56.3,1-6-2,4570,19,1-6,1230,5,1-2-6,1120,7,1-6,1070,4,,,,,,,
20260115,江戸川,11,選抜戦,晴,南,7,15,4,5,5058,前 原 大 道,23,36,7.00,5,0.29,1.56.8,1-6-2,4570,19,1-6,1230,5,1-2-6,1120,7,1-6,1070,4,,,,,,,
20260115,江戸川,11,選抜戦,晴,南,7,15,5,3,3455,谷 本 幸 司,16,30,6.99,3,0.32,,1-6-2,4570,19,1-6,1230,5,1-2-6,1120,7,1-6,1070,4,,,,,,,
20260115,江戸川,11,選抜戦,晴,南,7,15,6,4,4778,堤 啓 輔,22,45,6.96,4,0.24,,1-6-2,4570,19,1-6,1230,5,1-2-6,1120,7,1-6,1070,4,,,,,,,
20260115,江戸川,12,優勝戦,晴,南,7,15,1,1,5199,垂 水 悠,66,58,7.00,1,0.12,1.54.4,1-3-5,2810,9,1-3,770,3,1-3-5,1220,8,1-3,550,3,,,,,,,
20260115,江戸川,12,優勝戦,晴,南,7,15,2,3,4866,橋 本 英 一,45,56,7.05,3,0.09,1.55.5,1-3-5,2810,9,1-3,770,3,1-3-5,1220,8,1-3,550,3,,,,,,,
20260115,江戸川,12,優勝戦,晴,南,7,15,3,5,4675,井 手 良 太,70,16,6.99,5,0.07,1.56.9,1-3-5,2810,9,1-3,770,3,1-3-5,1220,8,1-3,550,3,,,,,,,
20260115,江戸川,12,優勝戦,晴,南,7,15,4,4,4652,酒 見 峻 介,56,65,7.16,4,0.09,1.58.0,1-3-5,2810,9,1-3,770,3,1-3-5,1220,8,1-3,550,3,,,,,,,
20260115,江戸川,12,優勝戦,晴,南,7,15,5,6,4466,南 佑 典,10,21,7.13,6,0.17,,1-3-5,2810,9,1-3,770,3,1-3-5,1220,8,1-3,550,3,,,,,,,
20260115,江戸川,12,優勝戦,晴,南,7,15,6,2,4821,妻 鳥 晋 也,64,59,7.05,2,0.22,,1-3-5,2810,9,1-3,770,3,1-3-5,1220,8,1-3,550,3,,,,,,,
20260115,津,1,ツッキーレー,晴,南東,1,1,1,1,4109,谷 津 幸 宏,24,51,6.79,1,0.09,1.48.7,1-3-4,1080,5,1-3,410,2,1-3-4,520,3,1-3,520,2,,,,,,,
20260115,津,1,ツッキーレー,晴,南東,1,1,2,3,4442,松 竹 大 輔,57,21,6.87,3,0.12,1.50.2,1-3-4,1080,5,1-3,410,2,1-3-4,520,3,1-3,520,2,,,,,,,
20260115,津,1,ツッキーレー,晴,南東,1,1,3,4,5183,中 野 孝 二,23,11,6.82,4,0.12,1.52.3,1-3-4,1080,5,1-3,410,2,1-3-4,520,3,1-3,520,2,,,,,,,
20260115,津,1,ツッキーレー,晴,南東,1,1,4,5,5198,奥 村 明日香,61,57,6.88,5,0.20,1.52.5,1-3-4,1080,5,1-3,410,2,1-3-4,520,3,1-3,520,2,,,,,,,
20260115,津,1,ツッキーレー,晴,南東,1,1,5,2,5106,山 崎 祥,55,44,6.76,2,0.22,,1-3-4,1080,5,1-3,410,2,1-3-4,520,3,1-3,520,2,,,,,,,
20260115,津,1,ツッキーレー,晴,南東,1,1,6,6,5433,米 本 圭 佑,30,16,6.77,6,0.17,,1-3-4,1080,5,1-3,410,2,1-3-4,520,3,1-3,520,2,,,,,,,
20260115,津,2,予選,晴,南東,2,1,1,5,5285,若 林 麗,47,67,6.78,5,0.17,1.50.0,5-2-1,9720,32,5-2,4910,17,1-2-5,870,3,2-5,4260,11,,,,,,,
20260115,津,2,予選,晴,南東,2,1,2,2,4429,豊 田 泰 洋,33,39,6.84,2,0.21,1.51.8,5-2-1,9720,32,5-2,4910,17,1-2-5,870,3,2-5,4260,11,,,,,,,
20260115,津,2,予選,晴,南東,2,1,3,1,3392,小 森 信 雄,72,13,6.77,1,0.22,1.52.6,5-2-1,9720,32,5-2,4910,17,1-2-5,870,3,2-5,4260,11,,,,,,,
20260115,津,2,予選,晴,南東,2,1,4,6,5427,港 理 樹,50,20,6.71,6,0.27,1.54.3,5-2-1,9720,32,5-2,4910,17,1-2-5,870,3,2-5,4260,11,,,,,,,
20260115,津,2,予選,晴,南東,2,1,5,3,5333,山 下 智 己,46,27,6.79,3,0.19,,5-2-1,9720,32,5-2,4910,17,1-2-5,870,3,2-5,4260,11,,,,,,,
20260115,津,2,予選,晴,南東,2,1,6,4,5324,畑 田 希 咲,17,35,6.81,4,0.22,,5-2-1,9720,32,5-2,4910,17,1-2-5,870,3,2-5,4260,11,,,,,,,
20260115,津,3,予選,晴,東,1,1,1,1,4889,後 藤 盛 也,27,48,6.87,1,0.13,1.49.3,1-2-5,1090,2,1-2,270,1,1-2-5,450,2,1-2,190,1,,,,,,,
20260115,津,3,予選,晴,東,1,1,2,2,4828,松 山 将 吾,36,49,6.83,2,0.23,1.50.6,1-2-5,1090,2,1-2,270,1,1-2-5,450,2,1-2,190,1,,,,,,,
20260115,津,3,予選,晴,東,1,1,3,5,3350,藤 本 佳 史,56,32,6.82,5,0.22,1.52.4,1-2-5,1090,2,1-2,270,1,1-2-5,450,2,1-2,190,1,,,,,,,
20260115,津,3,予選,晴,東,1,1,4,3,4216,星 栄 爾,65,34,6.84,3,0.21,1.53.4,1-2-5,1090,2,1-2,270,1,1-2-5,450,2,1-2,190,1,,,,,,,
20260115,津,3,予選,晴,東,1,1,5,6,4447,深 川 麻奈美,43,19,6.81,6,0.27,,1-2-5,1090,2,1-2,270,1,1-2-5,450,2,1-2,190,1,,,,,,,
20260115,津,3,予選,晴,東,1,1,6,4,4110,小 澤 和 也,14,54,6.85,4,0.26,,1-2-5,1090,2,1-2,270,1,1-2-5,450,2,1-2,190,1,,,,,,,
20260115,津,4,予選,晴,東,3,2,1,5,4379,桑 島 和 宏,19,59,6.82,5,0.08,1.49.2,5-1-4,23780,71,5-1,4840,15,1-4-5,2950,14,1-5,1090,6,,,,,,,
20260115,津,4,予選,晴,東,3,2,2,1,4152,深 水 慎一郎,52,12,6.84,1,0.10,1.50.8,5-1-4,23780,71,5-1,4840,15,1-4-5,2950,14,1-5,1090,6,,,,,,,
20260115,津,4,予選,晴,東,3,2,3,4,4965,福 岡 泉 水,53,58,6.79,4,0.06,1.51.4,5-1-4,23780,71,5-1,4840,15,1-4-5,2950,14,1-5,1090,6,,,,,,,
20260115,津,4,予選,晴,東,3,2,4,2,4119,泥 谷 一 毅,73,29,6.81,2,0.12,1.52.5,5-1-4,23780,71,5-1,4840,15,1-4-5,2950,14,1-5,1090,6,,,,,,,
20260115,津,4,予選,晴,東,3,2,5,6,4614,石 倉 洋 行,67,37,6.81,6,0.09,,5-1-4,23780,71,5-1,4840,15,1-4-5,2950,14,1-5,1090,6,,,,,,,
20260115,津,4,予選,晴,東,3,2,6,3,4674,池 田 剛 規,62,52,6.86,3,0.18,,5-1-4,23780,71,5-1,4840,15,1-4-5,2950,14,1-5,1090,6,,,,,,,
20260115,津,5,５ールドレー,晴,東,2,1,1,1,4824,松 井 洪 弥,64,30,6.85,1,0.12,1.48.8,1-5-3,1540,7,1-5,400,3,1-3-5,560,3,1-5,630,4,,,,,,,
20260115,津,5,５ールドレー,晴,東,2,1,2,5,4785,木 幡 純 也,39,23,6.83,5,0.09,1.50.6,1-5-3,1540,7,1-5,400,3,1-3-5,560,3,1-5,630,4,,,,,,,
20260115,津,5,５ールドレー,晴,東,2,1,3,3,4023,柴 田 友 和,21,47,6.90,3,0.08,1.52.9,1-5-3,1540,7,1-5,400,3,1-3-5,560,3,1-5,630,4,,,,,,,
20260115,津,5,５ールドレー,晴,東,2,1,4,2,3807,岡 部 哲,26,31,6.88,2,0.15,1.54.3,1-5-3,1540,7,1-5,400,3,1-3-5,560,3,1-5,630,4,,,,,,,
20260115,津,5,５ールドレー,晴,東,2,1,5,6,5360,高 木 茉 白,11,61,6.80,6,0.05,,1-5-3,1540,7,1-5,400,3,1-3-5,560,3,1-5,630,4,,,,,,,
20260115,津,5,５ールドレー,晴,東,2,1,6,4,5292,佐 藤 右 京,12,41,6.86,4,0.07,,1-5-3,1540,7,1-5,400,3,1-3-5,560,3,1-5,630,4,,,,,,,
20260115,津,6,予選,晴,東,2,1,1,1,4105,松 下 直 也,41,55,6.88,1,0.24,1.49.2,1-6-2,4530,14,1-6,760,4,1-2-6,520,2,1-6,1140,7,,,,,,,
20260115,津,6,予選,晴,東,2,1,2,6,4961,西 橋 奈 未,31,38,6.80,5,0.12,1.50.1,1-6-2,4530,14,1-6,760,4,1-2-6,520,2,1-6,1140,7,,,,,,,
20260115,津,6,予選,晴,東,2,1,3,2,4700,金 子 和 之,63,14,6.78,2,0.19,1.51.9,1-6-2,4530,14,1-6,760,4,1-2-6,520,2,1-6,1140,7,,,,,,,
20260115,津,6,予選,晴,東,2,1,4,4,4442,松 竹 大 輔,57,21,6.92,4,0.11,1.53.2,1-6-2,4530,14,1-6,760,4,1-2-6,520,2,1-6,1140,7,,,,,,,
20260115,津,6,予選,晴,東,2,1,5,3,4594,谷 川 祐 一,25,26,6.89,3,0.18,,1-6-2,4530,14,1-6,760,4,1-2-6,520,2,1-6,1140,7,,,,,,,
20260115,津,6,予選,晴,東,2,1,6,5,5333,山 下 智 己,46,27,6.84,6,0.10,,1-6-2,4530,14,1-6,760,4,1-2-6,520,2,1-6,1140,7,,,,,,,
20260115,津,7,予選,晴,東,2,1,1,1,4744,伊 藤 玲 奈,68,56,6.89,1,0.24,1.48.7,1-4-2,3630,13,1-4,2240,9,1-2-4,560,2,1-4,370,2,,,,,,,
20260115,津,7,予選,晴,東,2,1,2,4,4218,吉 川 喜 継,37,18,6.80,3,0.22,1.50.0,1-4-2,3630,13,1-4,2240,9,1-2-4,560,2,1-4,370,2,,,,,,,
20260115,津,7,予選,晴,東,2,1,3,2,3350,藤 本 佳 史,56,32,6.83,2,0.20,1.52.4,1-4-2,3630,13,1-4,2240,9,1-2-4,560,2,1-4,370,2,,,,,,,
20260115,津,7,予選,晴,東,2,1,4,5,3392,小 森 信 雄,72,13,6.80,4,0.27,1.54.2,1-4-2,3630,13,1-4,2240,9,1-2-4,560,2,1-4,370,2,,,,,,,
20260115,津,7,予選,晴,東,2,1,5,6,4082,濱 崎 誠,59,50,6.85,6,0.28,,1-4-2,3630,13,1-4,2240,9,1-2-4,560,2,1-4,370,2,,,,,,,
20260115,津,7,予選,晴,東,2,1,6,3,4555,富 永 大 一,15,43,6.66,5,0.46,,1-4-2,3630,13,1-4,2240,9,1-2-4,560,2,1-4,370,2,,,,,,,
20260115,津,8,予選,晴,東,2,1,1,1,3944,山 口 裕 二,28,66,6.81,1,0.10,1.50.1,1-2-3,1670,6,1-2,1610,5,1-2-3,450,3,1-2,950,3,,,,,,,
20260115,津,8,予選,晴,東,2,1,2,2,5198,奥 村 明日香,61,57,6.88,2,0.11,1.50.3,1-2-3,1670,6,1-2,1610,5,1-2-3,450,3,1-2,950,3,,,,,,,
20260115,津,8,予選,晴,東,2,1,3,3,3556,田 中 信一郎,35,53,6.78,3,0.08,1.52.0,1-2-3,1670,6,1-2,1610,5,1-2-3,450,3,1-2,950,3,,,,,,,
20260115,津,8,予選,晴,東,2,1,4,4,4425,大 井 清 貴,66,15,6.87,4,0.23,1.53.6,1-2-3,1670,6,1-2,1610,5,1-2-3,450,3,1-2,950,3,,,,,,,
20260115,津,8,予選,晴,東,2,1,5,5,4674,池 田 剛 規,62,52,6.85,5,0.16,,1-2-3,1670,6,1-2,1610,5,1-2-3,450,3,1-2,950,3,,,,,,,
20260115,津,8,予選,晴,東,2,1,6,6,4429,豊 田 泰 洋,33,39,6.88,6,0.24,,1-2-3,1670,6,1-2,1610,5,1-2-3,450,3,1-2,950,3,,,,,,,
20260115,津,9,予選特賞,晴,東,2,1,1,1,4000,松 本 博 昭,70,24,6.79,1,0.19,1.49.1,1-3-6,10320,30,1-3,670,4,1-3-6,7500,15,1-3,610,2,,,,,,,
20260115,津,9,予選特賞,晴,東,2,1,2,3,5285,若 林 麗,47,67,6.84,3,0.12,1.51.5,1-3-6,10320,30,1-3,670,4,1-3-6,7500,15,1-3,610,2,,,,,,,
20260115,津,9,予選特賞,晴,東,2,1,3,6,4110,小 澤 和 也,14,54,6.80,6,0.15,1.52.9,1-3-6,10320,30,1-3,670,4,1-3-6,7500,15,1-3,610,2,,,,,,,
20260115,津,9,予選特賞,晴,東,2,1,4,2,5360,高 木 茉 白,11,61,6.77,2,0.19,1.54.0,1-3-6,10320,30,1-3,670,4,1-3-6,7500,15,1-3,610,2,,,,,,,
20260115,津,9,予選特賞,晴,東,2,1,5,5,4119,泥 谷 一 毅,73,29,6.83,5,0.17,,1-3-6,10320,30,1-3,670,4,1-3-6,7500,15,1-3,610,2,,,,,,,
20260115,津,9,予選特賞,晴,東,2,1,6,4,4679,植 田 太 一,34,46,6.75,4,0.13,,1-3-6,10320,30,1-3,670,4,1-3-6,7500,15,1-3,610,2,,,,,,,
20260115,津,10,予選特賞,晴,東,2,1,1,1,4523,中 村 辰 也,38,36,6.72,1,0.14,1.48.8,1-4-6,370,1,1-4,130,1,1-4-6,210,1,1-4,100,1,,,,,,,
20260115,津,10,予選特賞,晴,東,2,1,2,4,4653,小 野 達 哉,51,17,6.76,4,0.13,1.49.3,1-4-6,370,1,1-4,130,1,1-4-6,210,1,1-4,100,1,,,,,,,
20260115,津,10,予選特賞,晴,東,2,1,3,6,4700,金 子 和 之,63,14,6.77,6,0.10,1.52.8,1-4-6,370,1,1-4,130,1,1-4-6,210,1,1-4,100,1,,,,,,,
20260115,津,10,予選特賞,晴,東,2,1,4,5,5106,山 崎 祥,55,44,6.84,5,0.12,1.54.0,1-4-6,370,1,1-4,130,1,1-4-6,210,1,1-4,100,1,,,,,,,
20260115,津,10,予選特賞,晴,東,2,1,5,2,5292,佐 藤 右 京,12,41,6.84,2,0.01,,1-4-6,370,1,1-4,130,1,1-4-6,210,1,1-4,100,1,,,,,,,
20260115,津,11,予選特選,晴,東,2,1,1,1,4379,桑 島 和 宏,19,59,6.81,1,0.18,1.49.1,1-4-5,1690,5,1-4,590,4,1-4-5,1550,5,1-4,1200,4,,,,,,,
20260115,津,11,予選特選,晴,東,2,1,2,4,4216,星 栄 爾,65,34,6.89,4,0.14,1.51.1,1-4-5,1690,5,1-4,590,4,1-4-5,1550,5,1-4,1200,4,,,,,,,
20260115,津,11,予選特選,晴,東,2,1,3,5,4109,谷 津 幸 宏,24,51,6.89,5,0.14,1.52.5,1-4-5,1690,5,1-4,590,4,1-4-5,1550,5,1-4,1200,4,,,,,,,
20260115,津,11,予選特選,晴,東,2,1,4,3,4082,濱 崎 誠,59,50,6.88,3,0.12,1.53.4,1-4-5,1690,5,1-4,590,4,1-4-5,1550,5,1-4,1200,4,,,,,,,
20260115,津,11,予選特選,晴,東,2,1,5,2,5045,平 川 香 織,40,25,6.86,2,0.22,,1-4-5,1690,5,1-4,590,4,1-4-5,1550,5,1-4,1200,4,,,,,,,
20260115,津,11,予選特選,晴,東,2,1,6,6,4594,谷 川 祐 一,25,26,6.91,6,0.18,,1-4-5,1690,5,1-4,590,4,1-4-5,1550,5,1-4,1200,4,,,,,,,
20260115,津,12,ドリーム戦,晴,東,2,1,1,2,4218,吉 川 喜 継,37,18,6.77,2,0.04,1.48.4,2-1-3,5040,17,2-1,1160,6,1-2-3,340,1,1-2,220,1,,,,,,,
20260115,津,12,ドリーム戦,晴,東,2,1,2,1,3556,田 中 信一郎,35,53,6.77,1,0.03,1.49.9,2-1-3,5040,17,2-1,1160,6,1-2-3,340,1,1-2,220,1,,,,,,,
20260115,津,12,ドリーム戦,晴,東,2,1,3,3,4614,石 倉 洋 行,67,37,6.77,3,0.05,1.50.8,2-1-3,5040,17,2-1,1160,6,1-2-3,340,1,1-2,220,1,,,,,,,
20260115,津,12,ドリーム戦,晴,東,2,1,4,5,4824,松 井 洪 弥,64,30,6.85,5,0.05,1.51.5,2-1-3,5040,17,2-1,1160,6,1-2-3,340,1,1-2,220,1,,,,,,,
20260115,津,12,ドリーム戦,晴,東,2,1,5,4,4961,西 橋 奈 未,31,38,6.80,4,0.06,,2-1-3,5040,17,2-1,1160,6,1-2-3,340,1,1-2,220,1,,,,,,,
20260115,津,12,ドリーム戦,晴,東,2,1,6,6,4828,松 山 将 吾,36,49,6.84,6,0.12,,2-1-3,5040,17,2-1,1160,6,1-2-3,340,1,1-2,220,1,,,,,,,
20260115,浜名湖,1,予選,晴,西,2,1,1,3,5329,金 子 龍 斗,30,74,6.61,3,0.21,1.48.9,3-2-5,4880,20,3-2,1030,4,2-3-5,1910,6,2-3,840,4,,,,,,,
20260115,浜名湖,1,予選,晴,西,2,1,2,2,4389,伊 藤 喜 智,18,30,6.64,2,0.23,1.51.5,3-2-5,4880,20,3-2,1030,4,2-3-5,1910,6,2-3,840,4,,,,,,,
20260115,浜名湖,1,予選,晴,西,2,1,3,5,3277,齋 藤 勇,5,33,6.73,5,0.25,1.52.6,3-2-5,4880,20,3-2,1030,4,2-3-5,1910,6,2-3,840,4,,,,,,,
20260115,浜名湖,1,予選,晴,西,2,1,4,4,5061,中 村 駿 平,11,35,6.79,4,0.24,1.54.1,3-2-5,4880,20,3-2,1030,4,2-3-5,1910,6,2-3,840,4,,,,,,,
20260115,浜名湖,1,予選,晴,西,2,1,5,1,4229,市 川 美 宏,39,37,6.71,1,0.25,,3-2-5,4880,20,3-2,1030,4,2-3-5,1910,6,2-3,840,4,,,,,,,
20260115,浜名湖,1,予選,晴,西,2,1,6,6,5250,嶋 田 有 里,55,11,6.71,6,0.30,,3-2-5,4880,20,3-2,1030,4,2-3-5,1910,6,2-3,840,4,,,,,,,
20260115,浜名湖,2,予選,晴,西,2,1,1,2,3995,重 野 哲 之,25,59,6.67,2,0.11,1.48.4,2-3-4,1120,3,2-3,490,2,2-3-4,600,3,2-3,340,2,,,,,,,
20260115,浜名湖,2,予選,晴,西,2,1,2,3,3655,本 橋 克 洋,65,52,6.76,3,0.11,1.49.8,2-3-4,1120,3,2-3,490,2,2-3-4,600,3,2-3,340,2,,,,,,,
20260115,浜名湖,2,予選,晴,西,2,1,3,4,4047,吉 永 浩 則,44,49,6.71,4,0.16,1.52.6,2-3-4,1120,3,2-3,490,2,2-3-4,600,3,2-3,340,2,,,,,,,
20260115,浜名湖,2,予選,晴,西,2,1,4,5,4992,廣 瀬 篤 哉,8,32,6.78,5,0.14,1.53.4,2-3-4,1120,3,2-3,490,2,2-3-4,600,3,2-3,340,2,,,,,,,
20260115,浜名湖,2,予選,晴,西,2,1,5,1,4728,山 口 亮,9,38,6.73,1,0.21,,2-3-4,1120,3,2-3,490,2,2-3-4,600,3,2-3,340,2,,,,,,,
20260115,浜名湖,2,予選,晴,西,2,1,6,6,5347,井 澤 聖 奈,61,24,6.76,6,0.20,,2-3-4,1120,3,2-3,490,2,2-3-4,600,3,2-3,340,2,,,,,,,
20260115,浜名湖,3,予選,晴,西,2,1,1,5,5065,伊久間 陽 優,46,20,6.81,5,0.03,1.48.6,5-4-1,6970,23,5-4,3430,10,1-4-5,420,2,4-5,500,4,,,,,,,
20260115,浜名湖,3,予選,晴,西,2,1,2,4,4532,秋 元 哲,64,17,6.90,4,0.07,1.50.0,5-4-1,6970,23,5-4,3430,10,1-4-5,420,2,4-5,500,4,,,,,,,
20260115,浜名湖,3,予選,晴,西,2,1,3,1,4365,盛 本 真 輔,23,55,6.62,1,0.17,1.52.4,5-4-1,6970,23,5-4,3430,10,1-4-5,420,2,4-5,500,4,,,,,,,
20260115,浜名湖,3,予選,晴,西,2,1,4,6,3564,桑 原 啓,24,14,6.77,6,0.06,1.53.6,5-4-1,6970,23,5-4,3430,10,1-4-5,420,2,4-5,500,4,,,,,,,
20260115,浜名湖,3,予選,晴,西,2,1,5,2,4443,津 田 裕 絵,31,47,6.71,2,0.02,,5-4-1,6970,23,5-4,3430,10,1-4-5,420,2,4-5,500,4,,,,,,,
20260115,浜名湖,4,予選,晴,西,2,1,1,5,4505,島 田 賢 人,47,75,6.80,4,0.14,1.48.9,5-3-6,4590,19,5-3,2320,10,3-5-6,540,1,3-5,650,2,,,,,,,
20260115,浜名湖,4,予選,晴,西,2,1,2,3,4538,笠 置 博 之,53,70,6.54,3,0.18,1.49.9,5-3-6,4590,19,5-3,2320,10,3-5-6,540,1,3-5,650,2,,,,,,,
20260115,浜名湖,4,予選,晴,西,2,1,3,6,4174,赤 坂 俊 輔,48,51,6.80,5,0.19,1.51.7,5-3-6,4590,19,5-3,2320,10,3-5-6,540,1,3-5,650,2,,,,,,,
20260115,浜名湖,4,予選,晴,西,2,1,4,4,4211,村 田 敦,28,64,6.85,6,0.17,1.53.6,5-3-6,4590,19,5-3,2320,10,3-5-6,540,1,3-5,650,2,,,,,,,
20260115,浜名湖,4,予選,晴,西,2,1,5,1,4474,渡 辺 崇,3,72,6.82,1,0.13,,5-3-6,4590,19,5-3,2320,10,3-5-6,540,1,3-5,650,2,,,,,,,
20260115,浜名湖,4,予選,晴,西,2,1,6,2,4065,金 田 幸 子,33,25,6.80,2,0.16,,5-3-6,4590,19,5-3,2320,10,3-5-6,540,1,3-5,650,2,,,,,,,
20260115,浜名湖,5,ランチタイム,晴,西,3,1,1,4,3796,長 野 道 臣,21,31,6.67,4,0.06,1.49.5,4-5-3,12860,28,4-5,3060,9,3-4-5,1820,7,4-5,2720,5,,,,,,,
20260115,浜名湖,5,ランチタイム,晴,西,3,1,2,5,3313,本 吉 正 樹,49,63,6.73,5,0.09,1.50.2,4-5-3,12860,28,4-5,3060,9,3-4-5,1820,7,4-5,2720,5,,,,,,,
20260115,浜名湖,5,ランチタイム,晴,西,3,1,3,3,4146,柳 橋 宏 紀,32,62,6.71,3,0.24,1.51.4,4-5-3,12860,28,4-5,3060,9,3-4-5,1820,7,4-5,2720,5,,,,,,,
20260115,浜名湖,5,ランチタイム,晴,西,3,1,4,6,5011,高 木 圭 大,7,48,6.75,6,0.11,1.53.2,4-5-3,12860,28,4-5,3060,9,3-4-5,1820,7,4-5,2720,5,,,,,,,
20260115,浜名湖,5,ランチタイム,晴,西,3,1,5,1,4545,岡 村 慶 太,17,73,6.80,1,0.12,,4-5-3,12860,28,4-5,3060,9,3-4-5,1820,7,4-5,2720,5,,,,,,,
20260115,浜名湖,5,ランチタイム,晴,西,3,1,6,2,5100,栗 原 一 馬,26,12,6.81,2,0.22,,4-5-3,12860,28,4-5,3060,9,3-4-5,1820,7,4-5,2720,5,,,,,,,
20260115,浜名湖,6,予選,晴,西,2,1,1,1,3566,川 添 英 正,38,16,6.75,1,0.18,1.48.9,1-2-3,3680,10,1-2,1340,4,1-2-3,960,7,1-2,540,1,,,,,,,
20260115,浜名湖,6,予選,晴,西,2,1,2,2,4565,西 村 豪 洋,12,26,6.76,2,0.10,1.50.3,1-2-3,3680,10,1-2,1340,4,1-2-3,960,7,1-2,540,1,,,,,,,
20260115,浜名湖,6,予選,晴,西,2,1,3,3,5055,眞 鳥 章 太,19,54,6.81,3,0.11,1.51.6,1-2-3,3680,10,1-2,1340,4,1-2-3,960,7,1-2,540,1,,,,,,,
20260115,浜名湖,6,予選,晴,西,2,1,4,5,4134,杉 山 貴 博,13,13,6.70,5,0.12,1.52.1,1-2-3,3680,10,1-2,1340,4,1-2-3,960,7,1-2,540,1,,,,,,,
20260115,浜名湖,6,予選,晴,西,2,1,5,4,4389,伊 藤 喜 智,18,30,6.77,4,0.12,,1-2-3,3680,10,1-2,1340,4,1-2-3,960,7,1-2,540,1,,,,,,,
20260115,浜名湖,6,予選,晴,西,2,1,6,6,4512,高 野 哲 史,14,57,6.70,6,0.05,,1-2-3,3680,10,1-2,1340,4,1-2-3,960,7,1-2,540,1,,,,,,,
20260115,浜名湖,7,予選,晴,西,2,1,1,1,4964,土 屋 南,40,58,6.68,1,0.09,1.47.8,1-3-4,410,1,1-3,260,1,1-3-4,180,1,1-3,170,1,,,,,,,
20260115,浜名湖,7,予選,晴,西,2,1,2,3,4050,田 口 節 子,62,60,6.66,3,0.14,1.49.8,1-3-4,410,1,1-3,260,1,1-3-4,180,1,1-3,170,1,,,,,,,
20260115,浜名湖,7,予選,晴,西,2,1,3,4,4819,蜂 須 瑞 生,2,65,6.72,4,0.11,1.51.9,1-3-4,410,1,1-3,260,1,1-3-4,180,1,1-3,170,1,,,,,,,
20260115,浜名湖,7,予選,晴,西,2,1,4,5,4720,西 澤 日花里,6,27,6.73,5,0.23,1.52.8,1-3-4,410,1,1-3,260,1,1-3-4,180,1,1-3,170,1,,,,,,,
20260115,浜名湖,7,予選,晴,西,2,1,5,6,4443,津 田 裕 絵,31,47,6.77,6,0.28,,1-3-4,410,1,1-3,260,1,1-3-4,180,1,1-3,170,1,,,,,,,
20260115,浜名湖,7,予選,晴,西,2,1,6,2,5250,嶋 田 有 里,55,11,6.67,2,0.25,,1-3-4,410,1,1-3,260,1,1-3-4,180,1,1-3,170,1,,,,,,,
20260115,浜名湖,8,予選特賞,晴,西,2,1,1,1,4637,中 田 友 也,4,53,6.76,1,0.18,1.49.4,1-2-5,4040,16,1-2,300,1,1-2-5,840,4,1-2,170,1,,,,,,,
20260115,浜名湖,8,予選特賞,晴,西,2,1,2,2,4539,金 子 賢 志,59,28,6.67,2,0.17,1.50.4,1-2-5,4040,16,1-2,300,1,1-2-5,840,4,1-2,170,1,,,,,,,
20260115,浜名湖,8,予選特賞,晴,西,2,1,3,5,4047,吉 永 浩 則,44,49,6.65,5,0.15,1.52.4,1-2-5,4040,16,1-2,300,1,1-2-5,840,4,1-2,170,1,,,,,,,
20260115,浜名湖,8,予選特賞,晴,西,2,1,4,3,3564,桑 原 啓,24,14,6.69,3,0.19,1.52.8,1-2-5,4040,16,1-2,300,1,1-2-5,840,4,1-2,170,1,,,,,,,
20260115,浜名湖,8,予選特賞,晴,西,2,1,5,4,4053,芦 澤 望,34,39,6.69,4,0.34,,1-2-5,4040,16,1-2,300,1,1-2-5,840,4,1-2,170,1,,,,,,,
20260115,浜名湖,8,予選特賞,晴,西,2,1,6,6,5329,金 子 龍 斗,30,74,6.68,6,0.12,,1-2-5,4040,16,1-2,300,1,1-2-5,840,4,1-2,170,1,,,,,,,
20260115,浜名湖,9,ブレイクタイ,晴,西,2,1,1,4,4538,笠 置 博 之,53,70,6.48,4,0.12,1.49.2,4-1-3,1760,7,4-1,380,2,1-3-4,400,1,1-4,160,1,,,,,,,
20260115,浜名湖,9,ブレイクタイ,晴,西,2,1,2,1,4140,梶 野 学 志,43,56,6.67,1,0.09,1.50.4,4-1-3,1760,7,4-1,380,2,1-3-4,400,1,1-4,160,1,,,,,,,
20260115,浜名湖,9,ブレイクタイ,晴,西,2,1,3,3,4992,廣 瀬 篤 哉,8,32,6.74,3,0.11,1.51.9,4-1-3,1760,7,4-1,380,2,1-3-4,400,1,1-4,160,1,,,,,,,
20260115,浜名湖,9,ブレイクタイ,晴,西,2,1,4,6,3589,西 村 勝,66,36,6.80,6,0.16,1.52.9,4-1-3,1760,7,4-1,380,2,1-3-4,400,1,1-4,160,1,,,,,,,
20260115,浜名湖,9,ブレイクタイ,晴,西,2,1,5,2,5011,高 木 圭 大,7,48,6.53,2,0.13,,4-1-3,1760,7,4-1,380,2,1-3-4,400,1,1-4,160,1,,,,,,,
20260115,浜名湖,9,ブレイクタイ,晴,西,2,1,6,5,4229,市 川 美 宏,39,37,6.63,5,0.17,,4-1-3,1760,7,4-1,380,2,1-3-4,400,1,1-4,160,1,,,,,,,
20260115,浜名湖,10,予選特賞,晴,西,2,1,1,1,4134,杉 山 貴 博,13,13,6.64,1,0.16,1.48.6,1-3-5,770,2,1-3,360,1,1-3-5,570,2,1-3,250,1,,,,,,,
20260115,浜名湖,10,予選特賞,晴,西,2,1,2,3,4174,赤 坂 俊 輔,48,51,6.70,3,0.19,1.50.8,1-3-5,770,2,1-3,360,1,1-3-5,570,2,1-3,250,1,,,,,,,
20260115,浜名湖,10,予選特賞,晴,西,2,1,3,5,3655,本 橋 克 洋,65,52,6.74,4,0.21,1.52.2,1-3-5,770,2,1-3,360,1,1-3-5,570,2,1-3,250,1,,,,,,,
20260115,浜名湖,10,予選特賞,晴,西,2,1,4,4,4365,盛 本 真 輔,23,55,6.62,5,0.18,1.53.2,1-3-5,770,2,1-3,360,1,1-3-5,570,2,1-3,250,1,,,,,,,
20260115,浜名湖,10,予選特賞,晴,西,2,1,5,2,3313,本 吉 正 樹,49,63,6.64,2,0.21,,1-3-5,770,2,1-3,360,1,1-3-5,570,2,1-3,250,1,,,,,,,
20260115,浜名湖,10,予選特賞,晴,西,2,1,6,6,5061,中 村 駿 平,11,35,6.67,6,0.28,,1-3-5,770,2,1-3,360,1,1-3-5,570,2,1-3,250,1,,,,,,,
20260115,浜名湖,11,予選特選,晴,西,2,1,1,1,3965,北 中 元 樹,27,34,6.67,1,0.12,1.49.2,1-5-6,3670,13,1-5,590,3,1-5-6,1080,6,1-5,540,3,,,,,,,
20260115,浜名湖,11,予選特選,晴,西,2,1,2,5,4964,土 屋 南,40,58,6.66,4,0.12,1.50.1,1-5-6,3670,13,1-5,590,3,1-5-6,1080,6,1-5,540,3,,,,,,,
20260115,浜名湖,11,予選特選,晴,西,2,1,3,6,3805,高 橋 英 之,36,41,6.66,5,0.21,1.51.0,1-5-6,3670,13,1-5,590,3,1-5-6,1080,6,1-5,540,3,,,,,,,
20260115,浜名湖,11,予選特選,晴,西,2,1,4,3,4505,島 田 賢 人,47,75,6.67,3,0.13,1.52.2,1-5-6,3670,13,1-5,590,3,1-5-6,1080,6,1-5,540,3,,,,,,,
20260115,浜名湖,11,予選特選,晴,西,2,1,5,2,5055,眞 鳥 章 太,19,54,6.64,2,0.12,,1-5-6,3670,13,1-5,590,3,1-5-6,1080,6,1-5,540,3,,,,,,,
20260115,浜名湖,12,ドリーム戦,晴,西,1,1,1,1,4050,田 口 節 子,62,60,6.69,1,0.11,1.47.8,1-2-4,1350,4,1-2,530,2,1-2-4,670,3,1-2,200,1,,,,,,,
20260115,浜名湖,12,ドリーム戦,晴,西,1,1,2,2,4532,秋 元 哲,64,17,6.82,2,0.14,1.48.8,1-2-4,1350,4,1-2,530,2,1-2-4,670,3,1-2,200,1,,,,,,,
20260115,浜名湖,12,ドリーム戦,晴,西,1,1,3,4,4539,金 子 賢 志,59,28,6.70,4,0.12,1.50.9,1-2-4,1350,4,1-2,530,2,1-2-4,670,3,1-2,200,1,,,,,,,
20260115,浜名湖,12,ドリーム戦,晴,西,1,1,4,6,3995,重 野 哲 之,25,59,6.72,6,0.12,1.52.0,1-2-4,1350,4,1-2,530,2,1-2-4,670,3,1-2,200,1,,,,,,,
20260115,浜名湖,12,ドリーム戦,晴,西,1,1,5,3,4512,高 野 哲 史,14,57,6.67,3,0.09,,1-2-4,1350,4,1-2,530,2,1-2-4,670,3,1-2,200,1,,,,,,,
20260115,浜名湖,12,ドリーム戦,晴,西,1,1,6,5,4545,岡 村 慶 太,17,73,6.78,5,0.16,,1-2-4,1350,4,1-2,530,2,1-2-4,670,3,1-2,200,1,,,,,,,
20260115,福岡,1,カタメン１予,晴,南,2,2,1,1,3576,白 水 勝 也,25,122,6.80,1,0.15,1.48.6,1-2-4,590,3,1-2,160,1,1-2-4,420,2,1-2,120,1,,,,,,,
20260115,福岡,1,カタメン１予,晴,南,2,2,2,2,3643,米 田 隆 弘,37,169,6.81,2,0.20,1.51.2,1-2-4,590,3,1-2,160,1,1-2-4,420,2,1-2,120,1,,,,,,,
20260115,福岡,1,カタメン１予,晴,南,2,2,3,4,5209,小 野 京 平,47,141,6.81,4,0.19,1.52.0,1-2-4,590,3,1-2,160,1,1-2-4,420,2,1-2,120,1,,,,,,,
20260115,福岡,1,カタメン１予,晴,南,2,2,4,3,4665,加 藤 啓 太,45,136,6.86,3,0.20,1.53.6,1-2-4,590,3,1-2,160,1,1-2-4,420,2,1-2,120,1,,,,,,,
20260115,福岡,1,カタメン１予,晴,南,2,2,5,5,3569,増 田 進,16,140,6.91,5,0.27,,1-2-4,590,3,1-2,160,1,1-2-4,420,2,1-2,120,1,,,,,,,
20260115,福岡,1,カタメン１予,晴,南,2,2,6,6,5426,甲 斐 貴 大,50,152,6.82,6,0.23,,1-2-4,590,3,1-2,160,1,1-2-4,420,2,1-2,120,1,,,,,,,
20260115,福岡,2,予選,晴,南,4,4,1,3,4950,高 岡 竜 也,56,109,6.81,3,0.11,1.49.9,3-4-1,2860,12,3-4,1560,6,1-3-4,300,1,3-4,1030,5,,,,,,,
20260115,福岡,2,予選,晴,南,4,4,2,4,4345,西 舘 健,27,108,6.87,4,0.15,1.50.6,3-4-1,2860,12,3-4,1560,6,1-3-4,300,1,3-4,1030,5,,,,,,,
20260115,福岡,2,予選,晴,南,4,4,3,1,5274,城 間 盛 渚,52,132,6.76,1,0.18,1.51.0,3-4-1,2860,12,3-4,1560,6,1-3-4,300,1,3-4,1030,5,,,,,,,
20260115,福岡,2,予選,晴,南,4,4,4,6,3851,森 田 昭 彦,33,112,6.87,6,0.22,1.53.8,3-4-1,2860,12,3-4,1560,6,1-3-4,300,1,3-4,1030,5,,,,,,,
20260115,福岡,2,予選,晴,南,4,4,5,5,4948,木 場 悠 介,53,164,6.80,5,0.21,,3-4-1,2860,12,3-4,1560,6,1-3-4,300,1,3-4,1030,5,,,,,,,
20260115,福岡,2,予選,晴,南,4,4,6,2,3834,細 川 明 人,22,171,6.91,2,0.15,,3-4-1,2860,12,3-4,1560,6,1-3-4,300,1,3-4,1030,5,,,,,,,
20260115,福岡,3,カタメン３予,晴,南,3,3,1,3,5051,松 本 純 平,63,147,6.85,3,0.16,1.48.9,3-2-4,1240,5,3-2,510,3,2-3-4,750,3,2-3,520,2,,,,,,,
20260115,福岡,3,カタメン３予,晴,南,3,3,2,2,3745,橋 本 年 光,66,156,6.87,2,0.20,1.51.1,3-2-4,1240,5,3-2,510,3,2-3-4,750,3,2-3,520,2,,,,,,,
20260115,福岡,3,カタメン３予,晴,南,3,3,3,4,5175,島 崎 丈一朗,73,151,6.86,4,0.28,1.52.4,3-2-4,1240,5,3-2,510,3,2-3-4,750,3,2-3,520,2,,,,,,,
20260115,福岡,3,カタメン３予,晴,南,3,3,4,5,4440,萩 原 知 哉,11,133,6.88,5,0.32,1.53.0,3-2-4,1240,5,3-2,510,3,2-3-4,750,3,2-3,520,2,,,,,,,
20260115,福岡,3,カタメン３予,晴,南,3,3,5,1,3928,林 恵 祐,70,121,6.92,1,0.21,,3-2-4,1240,5,3-2,510,3,2-3-4,750,3,2-3,520,2,,,,,,,
20260115,福岡,3,カタメン３予,晴,南,3,3,6,6,4896,花 本 剛,71,143,6.93,6,0.50,,3-2-4,1240,5,3-2,510,3,2-3-4,750,3,2-3,520,2,,,,,,,
20260115,福岡,4,予選,晴,南,3,3,1,2,5054,佐々木 大 河,42,154,6.86,2,0.07,1.49.2,2-3-6,1670,3,2-3,590,3,2-3-6,660,3,2-3,440,2,,,,,,,
20260115,福岡,4,予選,晴,南,3,3,2,3,3911,鈴 木 猛,38,104,6.91,3,0.08,1.51.0,2-3-6,1670,3,2-3,590,3,2-3-6,660,3,2-3,440,2,,,,,,,
20260115,福岡,4,予選,晴,南,3,3,3,6,4852,川 原 祐 明,72,137,6.89,6,0.21,1.52.3,2-3-6,1670,3,2-3,590,3,2-3-6,660,3,2-3,440,2,,,,,,,
20260115,福岡,4,予選,晴,南,3,3,4,4,4247,齊 藤 優,24,161,6.91,4,0.11,1.52.5,2-3-6,1670,3,2-3,590,3,2-3-6,660,3,2-3,440,2,,,,,,,
20260115,福岡,4,予選,晴,南,3,3,5,1,3947,寺 本 昇 平,69,131,6.91,1,0.12,,2-3-6,1670,3,2-3,590,3,2-3-6,660,3,2-3,440,2,,,,,,,
20260115,福岡,4,予選,晴,南,3,3,6,5,4077,品 田 直 樹,58,113,6.83,5,0.10,,2-3-6,1670,3,2-3,590,3,2-3-6,660,3,2-3,440,2,,,,,,,
20260115,福岡,5,予選,晴,南,3,3,1,1,4957,竹之内 極,28,111,6.86,1,0.20,1.49.9,1-5-4,1980,6,1-5,590,3,1-4-5,570,2,1-5,810,4,,,,,,,
20260115,福岡,5,予選,晴,南,3,3,2,5,3740,大 澤 普 司,61,120,6.89,5,0.21,1.50.8,1-5-4,1980,6,1-5,590,3,1-4-5,570,2,1-5,810,4,,,,,,,
20260115,福岡,5,予選,晴,南,3,3,3,4,4348,宮 崎 奨,18,142,6.92,4,0.24,1.52.5,1-5-4,1980,6,1-5,590,3,1-4-5,570,2,1-5,810,4,,,,,,,
20260115,福岡,5,予選,晴,南,3,3,4,6,4394,永 嶋 裕 一,51,153,6.90,6,0.25,1.53.9,1-5-4,1980,6,1-5,590,3,1-4-5,570,2,1-5,810,4,,,,,,,
20260115,福岡,5,予選,晴,南,3,3,5,2,4665,加 藤 啓 太,45,136,6.91,2,0.24,,1-5-4,1980,6,1-5,590,3,1-4-5,570,2,1-5,810,4,,,,,,,
20260115,福岡,5,予選,晴,南,3,3,6,3,3284,渡 邊 伸太郎,32,146,6.91,3,0.19,,1-5-4,1980,6,1-5,590,3,1-4-5,570,2,1-5,810,4,,,,,,,
20260115,福岡,6,予選,晴,南西,4,4,1,6,3319,山 崎 義 明,41,173,6.93,6,0.15,1.50.0,6-3-5,137620,99,6-3,31010,26,3-5-6,2620,10,3-6,6160,11,,,,,,,
20260115,福岡,6,予選,晴,南西,4,4,2,3,3813,佐 藤 大 介,40,129,6.97,3,0.18,1.51.6,6-3-5,137620,99,6-3,31010,26,3-5-6,2620,10,3-6,6160,11,,,,,,,
20260115,福岡,6,予選,晴,南西,4,4,3,5,5166,仲 道 大 輔,74,167,6.87,5,0.11,1.53.5,6-3-5,137620,99,6-3,31010,26,3-5-6,2620,10,3-6,6160,11,,,,,,,
20260115,福岡,6,予選,晴,南西,4,4,4,4,4572,渡 部 悟,29,149,6.96,4,0.17,1.54.9,6-3-5,137620,99,6-3,31010,26,3-5-6,2620,10,3-6,6160,11,,,,,,,
20260115,福岡,6,予選,晴,南西,4,4,5,1,4550,石 岡 将 太,55,115,6.86,1,0.22,,6-3-5,137620,99,6-3,31010,26,3-5-6,2620,10,3-6,6160,11,,,,,,,
20260115,福岡,6,予選,晴,南西,4,4,6,2,5209,小 野 京 平,47,141,6.88,2,0.23,,6-3-5,137620,99,6-3,31010,26,3-5-6,2620,10,3-6,6160,11,,,,,,,
20260115,福岡,7,予選,晴,南,4,4,1,2,4950,高 岡 竜 也,56,109,6.88,2,0.13,1.50.9,2-5-4,21030,58,2-5,1990,8,2-4-5,7780,17,2-5,1010,5,,,,,,,
20260115,福岡,7,予選,晴,南,4,4,2,5,4552,杉 山 勝 匡,21,158,6.98,5,0.11,1.51.8,2-5-4,21030,58,2-5,1990,8,2-4-5,7780,17,2-5,1010,5,,,,,,,
20260115,福岡,7,予選,晴,南,4,4,3,4,3569,増 田 進,16,140,7.00,4,0.13,1.53.9,2-5-4,21030,58,2-5,1990,8,2-4-5,7780,17,2-5,1010,5,,,,,,,
20260115,福岡,7,予選,晴,南,4,4,4,3,3928,林 恵 祐,70,121,6.96,3,0.17,1.54.5,2-5-4,21030,58,2-5,1990,8,2-4-5,7780,17,2-5,1010,5,,,,,,,
20260115,福岡,7,予選,晴,南,4,4,5,6,4352,下 條 雄太郎,65,168,6.95,6,0.18,,2-5-4,21030,58,2-5,1990,8,2-4-5,7780,17,2-5,1010,5,,,,,,,
20260115,福岡,7,予選,晴,南,4,4,6,1,4438,森 作 雄 大,30,139,6.94,1,0.18,,2-5-4,21030,58,2-5,1990,8,2-4-5,7780,17,2-5,1010,5,,,,,,,
20260115,福岡,8,予選,晴,南,4,4,1,2,5274,城 間 盛 渚,52,132,6.87,2,0.10,1.49.2,2-6-4,6110,21,2-6,2870,8,2-4-6,1490,6,2-6,4080,6,,,,,,,
20260115,福岡,8,予選,晴,南,4,4,2,6,4305,金 子 拓 矢,54,165,6.97,5,0.17,1.51.5,2-6-4,6110,21,2-6,2870,8,2-4-6,1490,6,2-6,4080,6,,,,,,,
20260115,福岡,8,予選,晴,南,4,4,3,4,3947,寺 本 昇 平,69,131,6.95,4,0.20,1.53.2,2-6-4,6110,21,2-6,2870,8,2-4-6,1490,6,2-6,4080,6,,,,,,,
20260115,福岡,8,予選,晴,南,4,4,4,1,4598,加 藤 政 彦,68,144,6.90,1,0.15,1.54.3,2-6-4,6110,21,2-6,2870,8,2-4-6,1490,6,2-6,4080,6,,,,,,,
20260115,福岡,8,予選,晴,南,4,4,5,3,5175,島 崎 丈一朗,73,151,6.97,3,0.15,,2-6-4,6110,21,2-6,2870,8,2-4-6,1490,6,2-6,4080,6,,,,,,,
20260115,福岡,8,予選,晴,南,4,4,6,5,5426,甲 斐 貴 大,50,152,7.00,6,0.24,,2-6-4,6110,21,2-6,2870,8,2-4-6,1490,6,2-6,4080,6,,,,,,,
20260115,福岡,9,予選特賞,晴,南西,4,4,1,1,4413,水 摩 敦,67,116,7.02,1,0.13,1.50.5,1-2-3,1160,3,1-2,290,1,1-2-3,580,2,1-2,270,1,,,,,,,
20260115,福岡,9,予選特賞,晴,南西,4,4,2,2,3740,大 澤 普 司,61,120,6.95,2,0.10,1.51.0,1-2-3,1160,3,1-2,290,1,1-2-3,580,2,1-2,270,1,,,,,,,
20260115,福岡,9,予選特賞,晴,南西,4,4,3,3,4077,品 田 直 樹,58,113,6.82,3,0.10,1.52.0,1-2-3,1160,3,1-2,290,1,1-2-3,580,2,1-2,270,1,,,,,,,
20260115,福岡,9,予選特賞,晴,南西,4,4,4,6,4345,西 舘 健,27,108,7.00,6,0.19,1.53.5,1-2-3,1160,3,1-2,290,1,1-2-3,580,2,1-2,270,1,,,,,,,
20260115,福岡,9,予選特賞,晴,南西,4,4,5,5,3745,橋 本 年 光,66,156,6.97,5,0.22,,1-2-3,1160,3,1-2,290,1,1-2-3,580,2,1-2,270,1,,,,,,,
20260115,福岡,9,予選特賞,晴,南西,4,4,6,4,3576,白 水 勝 也,25,122,6.92,4,0.18,,1-2-3,1160,3,1-2,290,1,1-2-3,580,2,1-2,270,1,,,,,,,
20260115,福岡,10,予選特賞,晴,南西,4,4,1,1,4572,渡 部 悟,29,149,6.99,1,0.18,1.49.6,1-5-6,1760,2,1-5,820,4,1-5-6,680,2,1-5,560,1,,,,,,,
20260115,福岡,10,予選特賞,晴,南西,4,4,2,5,5054,佐々木 大 河,42,154,6.99,5,0.15,1.51.2,1-5-6,1760,2,1-5,820,4,1-5-6,680,2,1-5,560,1,,,,,,,
20260115,福岡,10,予選特賞,晴,南西,4,4,3,6,4734,安河内 将,49,130,6.92,6,0.14,1.52.9,1-5-6,1760,2,1-5,820,4,1-5-6,680,2,1-5,560,1,,,,,,,
20260115,福岡,10,予選特賞,晴,南西,4,4,4,3,4144,石 塚 久 也,23,103,7.03,3,0.22,1.53.6,1-5-6,1760,2,1-5,820,4,1-5-6,680,2,1-5,560,1,,,,,,,
20260115,福岡,10,予選特賞,晴,南西,4,4,5,2,3284,渡 邊 伸太郎,32,146,7.01,2,0.16,,1-5-6,1760,2,1-5,820,4,1-5-6,680,2,1-5,560,1,,,,,,,
20260115,福岡,10,予選特賞,晴,南西,4,4,6,4,3834,細 川 明 人,22,171,7.00,4,0.17,,1-5-6,1760,2,1-5,820,4,1-5-6,680,2,1-5,560,1,,,,,,,
20260115,福岡,11,予選特選,晴,南西,4,4,1,3,4394,永 嶋 裕 一,51,153,6.89,3,0.10,1.49.7,3-4-5,6010,23,3-4,2890,12,3-4-5,6690,15,3-4,1540,7,,,,,,,
20260115,福岡,11,予選特選,晴,南西,4,4,2,4,4438,森 作 雄 大,30,139,6.97,4,0.12,1.51.3,3-4-5,6010,23,3-4,2890,12,3-4-5,6690,15,3-4,1540,7,,,,,,,
20260115,福岡,11,予選特選,晴,南西,4,4,3,5,4852,川 原 祐 明,72,137,6.92,5,0.18,1.52.1,3-4-5,6010,23,3-4,2890,12,3-4-5,6690,15,3-4,1540,7,,,,,,,
20260115,福岡,11,予選特選,晴,南西,4,4,4,1,4055,吉 田 俊 彦,14,170,7.04,1,0.10,1.54.1,3-4-5,6010,23,3-4,2890,12,3-4-5,6690,15,3-4,1540,7,,,,,,,
20260115,福岡,11,予選特選,晴,南西,4,4,5,6,3643,米 田 隆 弘,37,169,6.88,6,0.16,,3-4-5,6010,23,3-4,2890,12,3-4-5,6690,15,3-4,1540,7,,,,,,,
20260115,福岡,11,予選特選,晴,南西,4,4,6,2,5166,仲 道 大 輔,74,167,6.93,2,0.08,,3-4-5,6010,23,3-4,2890,12,3-4-5,6690,15,3-4,1540,7,,,,,,,
20260115,福岡,12,福岡選抜,晴,南,3,3,1,1,5051,松 本 純 平,63,147,6.87,1,0.06,1.58.4,1-3-4,1040,4,1-3,370,2,1-3-4,510,3,1-3,300,2,,,,,,,
20260115,福岡,12,福岡選抜,晴,南,3,3,2,3,4348,宮 崎 奨,18,142,6.96,3,0.07,2.01.9,1-3-4,1040,4,1-3,370,2,1-3-4,510,3,1-3,300,2,,,,,,,
20260115,福岡,12,福岡選抜,晴,南,3,3,3,4,4352,下 條 雄太郎,65,168,6.94,4,0.10,2.04.0,1-3-4,1040,4,1-3,370,2,1-3-4,510,3,1-3,300,2,,,,,,,
20260115,福岡,12,福岡選抜,晴,南,3,3,4,6,3813,佐 藤 大 介,40,129,6.97,6,0.11,2.07.1,1-3-4,1040,4,1-3,370,2,1-3-4,510,3,1-3,300,2,,,,,,,
20260115,福岡,12,福岡選抜,晴,南,3,3,5,5,3911,鈴 木 猛,38,104,6.96,5,0.08,,1-3-4,1040,4,1-3,370,2,1-3-4,510,3,1-3,300,2,,,,,,,
20260115,芦屋,1,予選,晴,南西,2,2,1,1,4886,入 海 馨,49,139,6.78,1,0.15,1.47.6,1-5-4,6990,25,1-5,1390,5,1-4-5,1640,7,1-5,1130,6,,,,,,,
20260115,芦屋,1,予選,晴,南西,2,2,2,5,3590,濱野谷 憲 吾,32,125,6.80,5,0.15,1.48.8,1-5-4,6990,25,1-5,1390,5,1-4-5,1640,7,1-5,1130,6,,,,,,,
20260115,芦屋,1,予選,晴,南西,2,2,3,4,4364,池 永 太,54,122,6.72,4,0.11,1.49.7,1-5-4,6990,25,1-5,1390,5,1-4-5,1640,7,1-5,1130,6,,,,,,,
20260115,芦屋,1,予選,晴,南西,2,2,4,2,4831,羽 野 直 也,12,164,6.72,2,0.13,1.51.1,1-5-4,6990,25,1-5,1390,5,1-4-5,1640,7,1-5,1130,6,,,,,,,
20260115,芦屋,1,予選,晴,南西,2,2,5,3,4933,板 橋 侑 我,26,150,6.80,3,0.09,1.51.9,1-5-4,6990,25,1-5,1390,5,1-4-5,1640,7,1-5,1130,6,,,,,,,
20260115,芦屋,1,予選,晴,南西,2,2,6,6,4586,磯 部 誠,30,130,6.80,6,0.17,1.52.5,1-5-4,6990,25,1-5,1390,5,1-4-5,1640,7,1-5,1130,6,,,,,,,
20260115,芦屋,2,予選,晴,南西,4,4,1,1,4760,山 崎 郡,38,147,6.76,1,0.20,1.46.3,1-3-5,2850,12,1-3,530,2,1-3-5,1490,6,1-3,480,2,,,,,,,
20260115,芦屋,2,予選,晴,南西,4,4,2,3,4266,長 田 頼 宗,35,167,6.82,3,0.19,1.49.2,1-3-5,2850,12,1-3,530,2,1-3-5,1490,6,1-3,480,2,,,,,,,
20260115,芦屋,2,予選,晴,南西,4,4,3,5,4445,宮 地 元 輝,57,168,6.76,5,0.16,1.50.1,1-3-5,2850,12,1-3,530,2,1-3-5,1490,6,1-3,480,2,,,,,,,
20260115,芦屋,2,予選,晴,南西,4,4,4,6,3941,池 田 浩 二,37,111,6.73,6,0.17,1.50.6,1-3-5,2850,12,1-3,530,2,1-3-5,1490,6,1-3,480,2,,,,,,,
20260115,芦屋,2,予選,晴,南西,4,4,5,4,4494,河 合 佑 樹,44,123,6.71,4,0.18,1.51.6,1-3-5,2850,12,1-3,530,2,1-3-5,1490,6,1-3,480,2,,,,,,,
20260115,芦屋,2,予選,晴,南西,4,4,6,2,3783,瓜 生 正 義,45,143,6.71,2,0.20,1.52.8,1-3-5,2850,12,1-3,530,2,1-3-5,1490,6,1-3,480,2,,,,,,,
20260115,芦屋,3,予選,晴,南,4,4,1,5,4166,吉 田 拡 郎,59,162,6.74,6,0.19,1.47.2,5-1-2,8580,31,5-1,3490,12,1-2-5,540,2,1-5,900,4,,,,,,,
20260115,芦屋,3,予選,晴,南,4,4,2,1,4566,塩 田 北 斗,43,131,6.77,1,0.18,1.49.0,5-1-2,8580,31,5-1,3490,12,1-2-5,540,2,1-5,900,4,,,,,,,
20260115,芦屋,3,予選,晴,南,4,4,3,2,4719,上 條 暢 嵩,5,158,6.77,2,0.25,1.49.6,5-1-2,8580,31,5-1,3490,12,1-2-5,540,2,1-5,900,4,,,,,,,
20260115,芦屋,3,予選,晴,南,4,4,4,3,4030,森 高 一 真,20,165,6.86,3,0.29,1.51.4,5-1-2,8580,31,5-1,3490,12,1-2-5,540,2,1-5,900,4,,,,,,,
20260115,芦屋,3,予選,晴,南,4,4,5,4,4848,仲 谷 颯 仁,50,129,6.79,5,0.31,1.52.1,5-1-2,8580,31,5-1,3490,12,1-2-5,540,2,1-5,900,4,,,,,,,
20260115,芦屋,3,予選,晴,南,4,4,6,6,3897,白 井 英 治,23,135,6.79,4,0.48,1.53.0,5-1-2,8580,31,5-1,3490,12,1-2-5,540,2,1-5,900,4,,,,,,,
20260115,芦屋,4,予選,晴,南,4,4,1,1,4932,新 開 航,25,145,6.75,1,0.08,1.47.2,1-3-2,1100,3,1-3,320,1,1-2-3,410,2,1-3,250,1,,,,,,,
20260115,芦屋,4,予選,晴,南,4,4,2,3,4444,桐 生 順 平,42,161,6.82,3,0.05,1.48.2,1-3-2,1100,3,1-3,320,1,1-2-3,410,2,1-3,250,1,,,,,,,
20260115,芦屋,4,予選,晴,南,4,4,3,2,4504,前 田 将 太,55,116,6.73,2,0.12,1.49.1,1-3-2,1100,3,1-3,320,1,1-2-3,410,2,1-3,250,1,,,,,,,
20260115,芦屋,4,予選,晴,南,4,4,4,4,5028,原 田 才一郎,7,141,6.74,4,0.11,1.51.3,1-3-2,1100,3,1-3,320,1,1-2-3,410,2,1-3,250,1,,,,,,,
20260115,芦屋,4,予選,晴,南,4,4,5,6,4524,深 谷 知 博,10,124,6.75,6,0.04,1.52.0,1-3-2,1100,3,1-3,320,1,1-2-3,410,2,1-3,250,1,,,,,,,
20260115,芦屋,4,予選,晴,南,4,4,6,5,4851,関 浩 哉,14,132,6.76,5,0.07,1.53.3,1-3-2,1100,3,1-3,320,1,1-2-3,410,2,1-3,250,1,,,,,,,
20260115,芦屋,5,予選,晴,南,3,3,1,1,4980,佐々木 完 太,39,117,6.79,1,0.13,1.47.6,1-2-4,960,1,1-2,310,1,1-2-4,520,1,1-2,240,1,,,,,,,
20260115,芦屋,5,予選,晴,南,3,3,2,2,4371,西 山 貴 浩,2,154,6.79,2,0.19,1.49.3,1-2-4,960,1,1-2,310,1,1-2-4,520,1,1-2,240,1,,,,,,,
20260115,芦屋,5,予選,晴,南,3,3,3,4,3415,松 井 繁,34,144,6.76,4,0.23,1.49.8,1-2-4,960,1,1-2,310,1,1-2-4,520,1,1-2,240,1,,,,,,,
20260115,芦屋,5,予選,晴,南,3,3,4,6,4044,湯 川 浩 司,18,134,6.66,6,0.18,1.51.6,1-2-4,960,1,1-2,310,1,1-2-4,520,1,1-2,240,1,,,,,,,
20260115,芦屋,5,予選,晴,南,3,3,5,5,4787,椎 名 豊,16,115,6.75,5,0.21,1.53.1,1-2-4,960,1,1-2,310,1,1-2-4,520,1,1-2,240,1,,,,,,,
20260115,芦屋,5,予選,晴,南,3,3,6,3,4586,磯 部 誠,30,130,6.82,3,0.21,1.56.5,1-2-4,960,1,1-2,310,1,1-2-4,520,1,1-2,240,1,,,,,,,
20260115,芦屋,6,予選,晴,南,4,4,1,2,4266,長 田 頼 宗,35,167,6.82,2,0.14,1.47.6,2-1-4,6520,22,2-1,1930,7,1-2-4,590,2,1-2,340,2,,,,,,,
20260115,芦屋,6,予選,晴,南,4,4,2,1,4547,中 田 竜 太,46,118,6.79,1,0.11,1.48.1,2-1-4,6520,22,2-1,1930,7,1-2-4,590,2,1-2,340,2,,,,,,,
20260115,芦屋,6,予選,晴,南,4,4,3,4,4350,篠 崎 元 志,33,113,6.79,4,0.09,1.50.5,2-1-4,6520,22,2-1,1930,7,1-2-4,590,2,1-2,340,2,,,,,,,
20260115,芦屋,6,予選,晴,南,4,4,4,3,4757,山 田 祐 也,21,119,6.81,3,0.11,1.51.6,2-1-4,6520,22,2-1,1930,7,1-2-4,590,2,1-2,340,2,,,,,,,
20260115,芦屋,6,予選,晴,南,4,4,5,5,4364,池 永 太,54,122,6.80,5,0.09,1.52.1,2-1-4,6520,22,2-1,1930,7,1-2-4,590,2,1-2,340,2,,,,,,,
20260115,芦屋,6,予選,晴,南,4,4,6,6,4205,山 口 剛,28,138,6.76,6,0.11,1.53.7,2-1-4,6520,22,2-1,1930,7,1-2-4,590,2,1-2,340,2,,,,,,,
20260115,芦屋,7,予選,晴,南西,6,6,1,2,4337,平 本 真 之,56,163,6.90,1,0.12,1.48.5,2-3-4,2030,6,2-3,860,4,2-3-4,690,5,2-3,600,4,,,,,,,
20260115,芦屋,7,予選,晴,南西,6,6,2,3,4847,佐 藤 隆太郎,13,127,6.92,2,0.10,1.50.1,2-3-4,2030,6,2-3,860,4,2-3-4,690,5,2-3,600,4,,,,,,,
20260115,芦屋,7,予選,晴,南西,6,6,3,4,4760,山 崎 郡,38,147,6.88,3,0.18,1.51.6,2-3-4,2030,6,2-3,860,4,2-3-4,690,5,2-3,600,4,,,,,,,
20260115,芦屋,7,予選,晴,南西,6,6,4,5,4831,羽 野 直 也,12,164,6.88,4,0.20,1.53.4,2-3-4,2030,6,2-3,860,4,2-3-4,690,5,2-3,600,4,,,,,,,
20260115,芦屋,7,予選,晴,南西,6,6,5,6,4571,菅 章 哉,60,152,6.71,5,0.27,1.54.2,2-3-4,2030,6,2-3,860,4,2-3-4,690,5,2-3,600,4,,,,,,,
20260115,芦屋,8,予選,晴,南西,6,6,1,4,3942,寺 田 祥,4,151,6.93,4,0.20,1.48.8,4-1-2,32420,70,4-1,5830,16,1-2-4,1160,6,1-4,1050,5,,,,,,,
20260115,芦屋,8,予選,晴,南西,6,6,2,1,4851,関 浩 哉,14,132,6.91,1,0.25,1.49.3,4-1-2,32420,70,4-1,5830,16,1-2-4,1160,6,1-4,1050,5,,,,,,,
20260115,芦屋,8,予選,晴,南西,6,6,3,2,3590,濱野谷 憲 吾,32,125,6.92,2,0.27,1.51.8,4-1-2,32420,70,4-1,5830,16,1-2-4,1160,6,1-4,1050,5,,,,,,,
20260115,芦屋,8,予選,晴,南西,6,6,4,3,4959,井 上 忠 政,1,142,6.79,3,0.26,1.52.3,4-1-2,32420,70,4-1,5830,16,1-2-4,1160,6,1-4,1050,5,,,,,,,
20260115,芦屋,8,予選,晴,南西,6,6,5,5,4320,峰 竜 太,58,137,6.82,5,0.15,1.53.8,4-1-2,32420,70,4-1,5830,16,1-2-4,1160,6,1-4,1050,5,,,,,,,
20260115,芦屋,8,予選,晴,南西,6,6,6,6,4494,河 合 佑 樹,44,123,6.83,6,0.26,1.55.6,4-1-2,32420,70,4-1,5830,16,1-2-4,1160,6,1-4,1050,5,,,,,,,
20260115,芦屋,9,予選,晴,南西,7,7,1,3,3941,池 田 浩 二,37,111,6.84,3,0.04,1.48.8,3-1-6,4100,16,3-1,920,4,1-3-6,830,4,1-3,190,1,,,,,,,
20260115,芦屋,9,予選,晴,南西,7,7,2,1,4477,篠 崎 仁 志,17,148,6.82,1,0.05,1.50.2,3-1-6,4100,16,3-1,920,4,1-3-6,830,4,1-3,190,1,,,,,,,
20260115,芦屋,9,予選,晴,南西,7,7,3,6,4024,井 口 佳 典,48,153,6.84,6,0.09,1.51.9,3-1-6,4100,16,3-1,920,4,1-3-6,830,4,1-3,190,1,,,,,,,
20260115,芦屋,9,予選,晴,南西,7,7,4,5,4848,仲 谷 颯 仁,50,129,6.89,5,0.09,1.52.5,3-1-6,4100,16,3-1,920,4,1-3-6,830,4,1-3,190,1,,,,,,,
20260115,芦屋,9,予選,晴,南西,7,7,5,2,5043,中 村 日 向,11,156,6.81,2,0.08,1.52.8,3-1-6,4100,16,3-1,920,4,1-3-6,830,4,1-3,190,1,,,,,,,
20260115,芦屋,9,予選,晴,南西,7,7,6,4,4787,椎 名 豊,16,115,6.84,4,0.04,1.55.2,3-1-6,4100,16,3-1,920,4,1-3-6,830,4,1-3,190,1,,,,,,,
20260115,芦屋,10,予選,晴,南西,5,5,1,3,4980,佐々木 完 太,39,117,6.94,3,0.12,1.48.1,3-1-2,12920,38,3-1,3750,8,1-2-3,640,3,1-3,480,3,,,,,,,
20260115,芦屋,10,予選,晴,南西,5,5,2,1,4350,篠 崎 元 志,33,113,6.87,1,0.09,1.49.3,3-1-2,12920,38,3-1,3750,8,1-2-3,640,3,1-3,480,3,,,,,,,
20260115,芦屋,10,予選,晴,南西,5,5,3,2,4344,新 田 雄 史,52,149,6.90,2,0.10,1.50.2,3-1-2,12920,38,3-1,3750,8,1-2-3,640,3,1-3,480,3,,,,,,,
20260115,芦屋,10,予選,晴,南西,5,5,4,4,4932,新 開 航,25,145,6.87,4,0.16,1.50.8,3-1-2,12920,38,3-1,3750,8,1-2-3,640,3,1-3,480,3,,,,,,,
20260115,芦屋,10,予選,晴,南西,5,5,5,5,3783,瓜 生 正 義,45,143,6.81,5,0.24,1.52.9,3-1-2,12920,38,3-1,3750,8,1-2-3,640,3,1-3,480,3,,,,,,,
20260115,芦屋,10,予選,晴,南西,5,5,6,6,4933,板 橋 侑 我,26,150,6.89,6,0.21,1.54.0,3-1-2,12920,38,3-1,3750,8,1-2-3,640,3,1-3,480,3,,,,,,,
20260115,芦屋,11,予選,雨,南西,5,5,1,2,4914,吉 田 裕 平,9,140,6.73,2,0.03,1.46.8,2-6-4,30290,83,2-6,8090,21,2-4-6,3560,13,2-6,4120,14,,,,,,,
20260115,芦屋,11,予選,雨,南西,5,5,2,6,5121,定 松 勇 樹,6,166,6.88,6,0.12,1.49.0,2-6-4,30290,83,2-6,8090,21,2-4-6,3560,13,2-6,4120,14,,,,,,,
20260115,芦屋,11,予選,雨,南西,5,5,3,4,4044,湯 川 浩 司,18,134,6.72,4,0.08,1.50.7,2-6-4,30290,83,2-6,8090,21,2-4-6,3560,13,2-6,4120,14,,,,,,,
20260115,芦屋,11,予選,雨,南西,5,5,4,1,4262,馬 場 貴 也,19,155,6.80,1,0.10,1.51.9,2-6-4,30290,83,2-6,8090,21,2-4-6,3560,13,2-6,4120,14,,,,,,,
20260115,芦屋,11,予選,雨,南西,5,5,5,5,4524,深 谷 知 博,10,124,6.81,5,0.09,1.52.4,2-6-4,30290,83,2-6,8090,21,2-4-6,3560,13,2-6,4120,14,,,,,,,
20260115,芦屋,11,予選,雨,南西,5,5,6,3,5217,藤 原 碧 生,22,170,6.77,3,0.07,1.54.4,2-6-4,30290,83,2-6,8090,21,2-4-6,3560,13,2-6,4120,14,,,,,,,
20260115,芦屋,12,予選,晴,南西,5,5,1,3,4205,山 口 剛,28,138,6.83,3,0.14,1.46.5,3-5-6,30660,75,3-5,6480,21,3-5-6,5850,19,3-5,3550,13,,,,,,,
20260115,芦屋,12,予選,晴,南西,5,5,2,5,4337,平 本 真 之,56,163,6.82,5,0.13,1.48.8,3-5-6,30660,75,3-5,6480,21,3-5-6,5850,19,3-5,3550,13,,,,,,,
20260115,芦屋,12,予選,晴,南西,5,5,3,6,4959,井 上 忠 政,1,142,6.74,6,0.14,1.49.6,3-5-6,30660,75,3-5,6480,21,3-5-6,5850,19,3-5,3550,13,,,,,,,
20260115,芦屋,12,予選,晴,南西,5,5,4,1,4444,桐 生 順 平,42,161,6.85,1,0.15,1.51.6,3-5-6,30660,75,3-5,6480,21,3-5-6,5850,19,3-5,3550,13,,,,,,,
20260115,芦屋,12,予選,晴,南西,5,5,5,2,4544,松 田 大志郎,8,160,6.81,2,0.20,1.52.4,3-5-6,30660,75,3-5,6480,21,3-5-6,5850,19,3-5,3550,13,,,,,,,
20260115,芦屋,12,予選,晴,南西,5,5,6,4,4166,吉 田 拡 郎,59,162,6.80,4,0.13,1.53.4,3-5-6,30660,75,3-5,6480,21,3-5-6,5850,19,3-5,3550,13,,,,,,,
20260115,蒲郡,1,予選,曇り,無風,0,0,1,3,5091,為 本 智 也,38,39,6.65,3,0.20,1.48.6,3-1-4,1820,3,3-1,960,4,1-3-4,390,1,1-3,360,1,,,,,,,
20260115,蒲郡,1,予選,曇り,無風,0,0,2,1,3967,鈴 木 茂 高,28,72,6.68,1,0.18,1.50.2,3-1-4,1820,3,3-1,960,4,1-3-4,390,1,1-3,360,1,,,,,,,
20260115,蒲郡,1,予選,曇り,無風,0,0,3,4,3918,深 井 利 寿,29,40,6.64,4,0.20,1.51.5,3-1-4,1820,3,3-1,960,4,1-3-4,390,1,1-3,360,1,,,,,,,
20260115,蒲郡,1,予選,曇り,無風,0,0,4,6,4113,木 村 浩 士,54,26,6.58,6,0.15,1.53.2,3-1-4,1820,3,3-1,960,4,1-3-4,390,1,1-3,360,1,,,,,,,
20260115,蒲郡,1,予選,曇り,無風,0,0,5,5,3800,牧 宏 次,39,49,6.67,5,0.19,,3-1-4,1820,3,3-1,960,4,1-3-4,390,1,1-3,360,1,,,,,,,
20260115,蒲郡,1,予選,曇り,無風,0,0,6,2,5039,倉 田 茂 将,15,52,6.70,2,0.21,,3-1-4,1820,3,3-1,960,4,1-3-4,390,1,1-3,360,1,,,,,,,
20260115,蒲郡,2,予選,曇り,南西,2,1,1,2,4137,君 島 秀 三,16,61,6.54,3,0.09,1.48.7,2-3-6,6990,24,2-3,1370,4,2-3-6,3770,12,2-3,370,2,,,,,,,
20260115,蒲郡,2,予選,曇り,南西,2,1,2,3,4086,寺 本 重 宣,72,30,6.59,2,0.15,1.49.7,2-3-6,6990,24,2-3,1370,4,2-3-6,3770,12,2-3,370,2,,,,,,,
20260115,蒲郡,2,予選,曇り,南西,2,1,3,6,4943,八 木 治 樹,56,76,6.71,5,0.12,1.51.4,2-3-6,6990,24,2-3,1370,4,2-3-6,3770,12,2-3,370,2,,,,,,,
20260115,蒲郡,2,予選,曇り,南西,2,1,4,5,4463,三 苫 晃 幸,43,25,6.61,6,0.18,1.52.9,2-3-6,6990,24,2-3,1370,4,2-3-6,3770,12,2-3,370,2,,,,,,,
20260115,蒲郡,2,予選,曇り,南西,2,1,5,1,4902,山 川 雄 大,53,54,6.60,1,0.11,,2-3-6,6990,24,2-3,1370,4,2-3-6,3770,12,2-3,370,2,,,,,,,
20260115,蒲郡,2,予選,曇り,南西,2,1,6,4,4864,小 川 日紀太,24,53,6.63,4,0.16,,2-3-6,6990,24,2-3,1370,4,2-3-6,3770,12,2-3,370,2,,,,,,,
20260115,蒲郡,3,予選,曇り,無風,0,0,1,1,4175,川 尻 泰 輔,60,15,6.60,1,0.14,1.48.7,1-3-2,840,2,1-3,380,1,1-2-3,260,1,1-3,250,1,,,,,,,
20260115,蒲郡,3,予選,曇り,無風,0,0,2,3,4036,金 田 諭,17,27,6.66,3,0.09,1.49.7,1-3-2,840,2,1-3,380,1,1-2-3,260,1,1-3,250,1,,,,,,,
20260115,蒲郡,3,予選,曇り,無風,0,0,3,2,4624,高 田 明,21,77,6.68,2,0.10,1.50.9,1-3-2,840,2,1-3,380,1,1-2-3,260,1,1-3,250,1,,,,,,,
20260115,蒲郡,3,予選,曇り,無風,0,0,4,4,4508,野 間 大 樹,49,36,6.64,4,0.15,1.52.2,1-3-2,840,2,1-3,380,1,1-2-3,260,1,1-3,250,1,,,,,,,
20260115,蒲郡,3,予選,曇り,無風,0,0,5,6,5075,中 島 秀 治,52,71,6.70,6,0.15,,1-3-2,840,2,1-3,380,1,1-2-3,260,1,1-3,250,1,,,,,,,
20260115,蒲郡,3,予選,曇り,無風,0,0,6,5,4899,占 部 一 真,71,38,6.67,5,0.11,,1-3-2,840,2,1-3,380,1,1-2-3,260,1,1-3,250,1,,,,,,,
20260115,蒲郡,4,予選,晴,東,1,0,1,1,4711,前 出 達 吉,55,13,6.64,1,0.11,1.48.5,1-2-5,2830,9,1-2,490,1,1-2-5,1110,5,1-2,150,1,,,,,,,
20260115,蒲郡,4,予選,晴,東,1,0,2,2,4075,中 野 次 郎,32,35,6.58,2,0.19,1.50.1,1-2-5,2830,9,1-2,490,1,1-2-5,1110,5,1-2,150,1,,,,,,,
20260115,蒲郡,4,予選,晴,東,1,0,3,5,4904,松 本 一 毅,70,22,6.64,5,0.16,1.51.5,1-2-5,2830,9,1-2,490,1,1-2-5,1110,5,1-2,150,1,,,,,,,
20260115,蒲郡,4,予選,晴,東,1,0,4,6,4416,三 宅 健 太,19,60,6.57,6,0.16,1.52.9,1-2-5,2830,9,1-2,490,1,1-2-5,1110,5,1-2,150,1,,,,,,,
20260115,蒲郡,4,予選,晴,東,1,0,5,4,4883,岡 部 大 輝,77,20,6.66,4,0.20,,1-2-5,2830,9,1-2,490,1,1-2-5,1110,5,1-2,150,1,,,,,,,
20260115,蒲郡,4,予選,晴,東,1,0,6,3,4718,北 川 太 一,22,68,6.65,3,0.24,,1-2-5,2830,9,1-2,490,1,1-2-5,1110,5,1-2,150,1,,,,,,,
20260115,蒲郡,5,予選,曇り,北東,1,0,1,1,5289,佃 來 紀,76,23,6.56,1,0.03,1.47.7,1-5-3,1040,2,1-5,450,2,1-3-5,360,1,1-5,260,1,,,,,,,
20260115,蒲郡,5,予選,曇り,北東,1,0,2,5,4685,島 村 隆 幸,68,33,6.64,5,0.12,1.48.8,1-5-3,1040,2,1-5,450,2,1-3-5,360,1,1-5,260,1,,,,,,,
20260115,蒲郡,5,予選,曇り,北東,1,0,3,3,4789,古 賀 智 之,18,16,6.67,3,0.11,1.51.2,1-5-3,1040,2,1-5,450,2,1-3-5,360,1,1-5,260,1,,,,,,,
20260115,蒲郡,5,予選,曇り,北東,1,0,4,6,4308,河 村 了,63,66,6.64,6,0.09,1.52.4,1-5-3,1040,2,1-5,450,2,1-3-5,360,1,1-5,260,1,,,,,,,
20260115,蒲郡,5,予選,曇り,北東,1,0,5,4,4811,向井田 佑 紀,27,17,6.64,4,0.09,,1-5-3,1040,2,1-5,450,2,1-3-5,360,1,1-5,260,1,,,,,,,
20260115,蒲郡,5,予選,曇り,北東,1,0,6,2,5232,樅 山 拓 馬,57,19,6.61,2,0.16,,1-5-3,1040,2,1-5,450,2,1-3-5,360,1,1-5,260,1,,,,,,,
20260115,蒲郡,6,予選,曇り,無風,0,0,1,6,4168,石 野 貴 之,58,32,6.67,3,0.17,1.47.5,6-1-3,3150,10,6-1,1360,5,1-3-6,350,1,1-6,510,2,,,,,,,
20260115,蒲郡,6,予選,曇り,無風,0,0,2,1,5157,市 川 健 太,65,65,6.64,1,0.21,1.49.1,6-1-3,3150,10,6-1,1360,5,1-3-6,350,1,1-6,510,2,,,,,,,
20260115,蒲郡,6,予選,曇り,無風,0,0,3,3,4420,津久井 拓 也,30,37,6.70,4,0.15,1.50.7,6-1-3,3150,10,6-1,1360,5,1-3-6,350,1,1-6,510,2,,,,,,,
20260115,蒲郡,6,予選,曇り,無風,0,0,4,4,4691,水 原 慎,34,45,6.69,5,0.15,1.52.0,6-1-3,3150,10,6-1,1360,5,1-3-6,350,1,1-6,510,2,,,,,,,
20260115,蒲郡,6,予選,曇り,無風,0,0,5,2,3385,渡 邉 睦 広,13,28,6.70,2,0.17,,6-1-3,3150,10,6-1,1360,5,1-3-6,350,1,1-6,510,2,,,,,,,
20260115,蒲郡,6,予選,曇り,無風,0,0,6,5,4113,木 村 浩 士,54,26,6.67,6,0.17,,6-1-3,3150,10,6-1,1360,5,1-3-6,350,1,1-6,510,2,,,,,,,
20260115,蒲郡,7,予選 進入固定,曇り,無風,0,0,1,1,3918,深 井 利 寿,29,40,6.57,1,0.12,1.48.3,1-3-2,780,2,1-3,280,1,1-2-3,300,2,1-3,220,1,,,,,,,
20260115,蒲郡,7,予選 進入固定,曇り,無風,0,0,2,3,4377,濱 本 優 一,40,48,6.71,3,0.12,1.49.5,1-3-2,780,2,1-3,280,1,1-2-3,300,2,1-3,220,1,,,,,,,
20260115,蒲郡,7,予選 進入固定,曇り,無風,0,0,3,2,4508,野 間 大 樹,49,36,6.67,2,0.11,1.51.3,1-3-2,780,2,1-3,280,1,1-2-3,300,2,1-3,220,1,,,,,,,
20260115,蒲郡,7,予選 進入固定,曇り,無風,0,0,4,4,4121,富 永 修 一,33,50,6.75,4,0.12,1.52.3,1-3-2,780,2,1-3,280,1,1-2-3,300,2,1-3,220,1,,,,,,,
20260115,蒲郡,7,予選 進入固定,曇り,無風,0,0,5,5,4735,角 山 雄 哉,35,24,6.76,5,0.12,,1-3-2,780,2,1-3,280,1,1-2-3,300,2,1-3,220,1,,,,,,,
20260115,蒲郡,7,予選 進入固定,曇り,無風,0,0,6,6,4864,小 川 日紀太,24,53,6.72,6,0.17,,1-3-2,780,2,1-3,280,1,1-2-3,300,2,1-3,220,1,,,,,,,
20260115,蒲郡,8,予選,曇り,西,1,0,1,1,4560,庄 司 樹良々,31,74,6.67,1,0.09,1.48.4,1-5-2,2590,8,1-5,800,4,1-2-5,970,4,1-5,990,4,,,,,,,
20260115,蒲郡,8,予選,曇り,西,1,0,2,5,4732,堀 本 和 也,48,75,6.67,5,0.09,1.50.4,1-5-2,2590,8,1-5,800,4,1-2-5,970,4,1-5,990,4,,,,,,,
20260115,蒲郡,8,予選,曇り,西,1,0,3,2,5053,山 口 広 樹,59,14,6.62,2,0.12,1.51.1,1-5-2,2590,8,1-5,800,4,1-2-5,970,4,1-5,990,4,,,,,,,
20260115,蒲郡,8,予選,曇り,西,1,0,4,3,3554,仲 口 博 崇,61,12,6.64,3,0.12,1.52.7,1-5-2,2590,8,1-5,800,4,1-2-5,970,4,1-5,990,4,,,,,,,
20260115,蒲郡,8,予選,曇り,西,1,0,5,4,4943,八 木 治 樹,56,76,6.67,4,0.09,,1-5-2,2590,8,1-5,800,4,1-2-5,970,4,1-5,990,4,,,,,,,
20260115,蒲郡,8,予選,曇り,西,1,0,6,6,4899,占 部 一 真,71,38,6.67,6,0.07,,1-5-2,2590,8,1-5,800,4,1-2-5,970,4,1-5,990,4,,,,,,,
20260115,蒲郡,9,予選特賞,曇り,西,1,0,1,1,3848,川 上 聡 介,36,51,6.61,1,0.15,1.48.8,1-2-5,700,1,1-2,270,1,1-2-5,300,1,1-2,220,1,,,,,,,
20260115,蒲郡,9,予選特賞,曇り,西,1,0,2,2,4308,河 村 了,63,66,6.59,2,0.16,1.50.0,1-2-5,700,1,1-2,270,1,1-2-5,300,1,1-2,220,1,,,,,,,
20260115,蒲郡,9,予選特賞,曇り,西,1,0,3,5,4075,中 野 次 郎,32,35,6.65,5,0.17,1.51.6,1-2-5,700,1,1-2,270,1,1-2-5,300,1,1-2,220,1,,,,,,,
20260115,蒲郡,9,予選特賞,曇り,西,1,0,4,4,4902,山 川 雄 大,53,54,6.69,4,0.15,1.52.8,1-2-5,700,1,1-2,270,1,1-2-5,300,1,1-2,220,1,,,,,,,
20260115,蒲郡,9,予選特賞,曇り,西,1,0,5,3,5075,中 島 秀 治,52,71,6.67,3,0.22,,1-2-5,700,1,1-2,270,1,1-2-5,300,1,1-2,220,1,,,,,,,
20260115,蒲郡,9,予選特賞,曇り,西,1,0,6,6,3800,牧 宏 次,39,49,6.79,6,0.20,,1-2-5,700,1,1-2,270,1,1-2-5,300,1,1-2,220,1,,,,,,,
20260115,蒲郡,10,予選特賞,曇り,西,1,0,1,1,4287,今 井 貴 士,26,31,6.65,1,0.11,1.48.3,1-6-3,11630,30,1-6,2770,10,1-3-6,3660,10,1-6,2220,8,,,,,,,
20260115,蒲郡,10,予選特賞,曇り,西,1,0,2,6,4718,北 川 太 一,22,68,6.63,4,0.12,1.49.9,1-6-3,11630,30,1-6,2770,10,1-3-6,3660,10,1-6,2220,8,,,,,,,
20260115,蒲郡,10,予選特賞,曇り,西,1,0,3,3,4245,高 橋 直 哉,64,47,6.70,3,0.20,1.50.0,1-6-3,11630,30,1-6,2770,10,1-3-6,3660,10,1-6,2220,8,,,,,,,
20260115,蒲郡,10,予選特賞,曇り,西,1,0,4,4,4685,島 村 隆 幸,68,33,6.72,5,0.19,1.51.2,1-6-3,11630,30,1-6,2770,10,1-3-6,3660,10,1-6,2220,8,,,,,,,
20260115,蒲郡,10,予選特賞,曇り,西,1,0,5,2,5157,市 川 健 太,65,65,6.62,2,0.26,,1-6-3,11630,30,1-6,2770,10,1-3-6,3660,10,1-6,2220,8,,,,,,,
20260115,蒲郡,10,予選特賞,曇り,西,1,0,6,5,5039,倉 田 茂 将,15,52,6.77,6,0.23,,1-6-3,11630,30,1-6,2770,10,1-3-6,3660,10,1-6,2220,8,,,,,,,
20260115,蒲郡,11,予選特選,曇り,西,1,0,1,1,4377,濱 本 優 一,40,48,6.63,1,0.20,1.53.3,1-3-5,610,1,1-3,220,1,1-3-5,230,1,1-3,150,1,,,,,,,
20260115,蒲郡,11,予選特選,曇り,西,1,0,2,3,4168,石 野 貴 之,58,32,6.58,3,0.22,1.56.0,1-3-5,610,1,1-3,220,1,1-3-5,230,1,1-3,150,1,,,,,,,
20260115,蒲郡,11,予選特選,曇り,西,1,0,3,5,4624,高 田 明,21,77,6.71,5,0.32,1.59.2,1-3-5,610,1,1-3,220,1,1-3-5,230,1,1-3,150,1,,,,,,,
20260115,蒲郡,11,予選特選,曇り,西,1,0,4,2,4416,三 宅 健 太,19,60,6.73,2,0.25,2.01.0,1-3-5,610,1,1-3,220,1,1-3-5,230,1,1-3,150,1,,,,,,,
20260115,蒲郡,11,予選特選,曇り,西,1,0,5,4,3967,鈴 木 茂 高,28,72,6.70,4,0.29,,1-3-5,610,1,1-3,220,1,1-3-5,230,1,1-3,150,1,,,,,,,
20260115,蒲郡,12,予選記者特選,曇り,無風,0,0,1,4,4137,君 島 秀 三,16,61,6.67,4,0.17,1.48.4,4-1-5,4090,14,4-1,1560,5,1-4-5,710,4,1-4,260,2,,,,,,,
20260115,蒲郡,12,予選記者特選,曇り,無風,0,0,2,1,3554,仲 口 博 崇,61,12,6.63,1,0.19,1.49.7,4-1-5,4090,14,4-1,1560,5,1-4-5,710,4,1-4,260,2,,,,,,,
20260115,蒲郡,12,予選記者特選,曇り,無風,0,0,3,5,4420,津久井 拓 也,30,37,6.66,5,0.25,1.51.1,4-1-5,4090,14,4-1,1560,5,1-4-5,710,4,1-4,260,2,,,,,,,
20260115,蒲郡,12,予選記者特選,曇り,無風,0,0,4,2,4036,金 田 諭,17,27,6.69,2,0.19,1.51.9,4-1-5,4090,14,4-1,1560,5,1-4-5,710,4,1-4,260,2,,,,,,,
20260115,蒲郡,12,予選記者特選,曇り,無風,0,0,5,6,4121,富 永 修 一,33,50,6.73,6,0.17,,4-1-5,4090,14,4-1,1560,5,1-4-5,710,4,1-4,260,2,,,,,,,
20260115,蒲郡,12,予選記者特選,曇り,無風,0,0,6,3,4883,岡 部 大 輝,77,20,6.72,3,0.18,,4-1-5,4090,14,4-1,1560,5,1-4-5,710,4,1-4,260,2,,,,,,,
20260115,鳴門,1,予選,晴,南東,1,1,1,1,5196,鰐 部 太空海,34,76,6.61,1,0.23,1.46.1,1-3-4,830,4,1-3,300,2,1-3-4,460,3,1-3,260,2,,,,,,,
20260115,鳴門,1,予選,晴,南東,1,1,2,3,5266,石 田 勇 斗,67,35,6.76,3,0.21,1.49.1,1-3-4,830,4,1-3,300,2,1-3-4,460,3,1-3,260,2,,,,,,,
20260115,鳴門,1,予選,晴,南東,1,1,3,4,5338,香 月 大 輝,32,71,6.79,4,0.20,1.50.2,1-3-4,830,4,1-3,300,2,1-3-4,460,3,1-3,260,2,,,,,,,
20260115,鳴門,1,予選,晴,南東,1,1,4,2,5301,岩 下 巧 斗,66,37,6.78,2,0.27,1.50.8,1-3-4,830,4,1-3,300,2,1-3-4,460,3,1-3,260,2,,,,,,,
20260115,鳴門,1,予選,晴,南東,1,1,5,5,5375,庄 島 潤 成,63,83,6.70,5,0.17,,1-3-4,830,4,1-3,300,2,1-3-4,460,3,1-3,260,2,,,,,,,
20260115,鳴門,1,予選,晴,南東,1,1,6,6,5409,宮 本 琉 正,51,50,6.81,6,0.11,,1-3-4,830,4,1-3,300,2,1-3-4,460,3,1-3,260,2,,,,,,,
20260115,鳴門,2,予選,晴,東,2,2,1,4,5222,津 田 陸 翔,18,38,6.67,4,0.22,1.46.3,4-5-2,4080,14,4-5,540,1,2-4-5,1220,6,4-5,320,1,,,,,,,
20260115,鳴門,2,予選,晴,東,2,2,2,5,5034,若 林 義 人,50,30,6.65,5,0.19,1.48.1,4-5-2,4080,14,4-5,540,1,2-4-5,1220,6,4-5,320,1,,,,,,,
20260115,鳴門,2,予選,晴,東,2,2,3,2,5178,成 貞 琳 平,33,63,6.67,3,0.31,1.49.8,4-5-2,4080,14,4-5,540,1,2-4-5,1220,6,4-5,320,1,,,,,,,
20260115,鳴門,2,予選,晴,東,2,2,4,3,5240,高 橋 龍 治,64,52,6.67,2,0.28,1.50.9,4-5-2,4080,14,4-5,540,1,2-4-5,1220,6,4-5,320,1,,,,,,,
20260115,鳴門,2,予選,晴,東,2,2,5,1,5244,黒 田 剛,69,10,6.65,1,0.28,,4-5-2,4080,14,4-5,540,1,2-4-5,1220,6,4-5,320,1,,,,,,,
20260115,鳴門,2,予選,晴,東,2,2,6,6,5245,倉 富 大 誠,24,25,6.63,6,0.27,,4-5-2,4080,14,4-5,540,1,2-4-5,1220,6,4-5,320,1,,,,,,,
20260115,鳴門,3,予選,晴,東,2,2,1,1,5238,笹 木 香 吾,30,13,6.68,1,0.12,1.47.2,1-5-2,1250,4,1-5,250,1,1-2-5,530,3,1-5,220,1,,,,,,,
20260115,鳴門,3,予選,晴,東,2,2,2,5,5224,西 岡 顕 心,23,27,6.72,5,0.12,1.48.3,1-5-2,1250,4,1-5,250,1,1-2-5,530,3,1-5,220,1,,,,,,,
20260115,鳴門,3,予選,晴,東,2,2,3,2,5268,山 本 幸 也,16,77,6.75,2,0.11,1.50.0,1-5-2,1250,4,1-5,250,1,1-2-5,530,3,1-5,220,1,,,,,,,
20260115,鳴門,3,予選,晴,東,2,2,4,4,5381,有 山 望,20,82,6.68,4,0.08,1.51.6,1-5-2,1250,4,1-5,250,1,1-2-5,530,3,1-5,220,1,,,,,,,
20260115,鳴門,3,予選,晴,東,2,2,5,3,5302,秋 末 秦 悟,73,53,6.63,3,0.06,,1-5-2,1250,4,1-5,250,1,1-2-5,530,3,1-5,220,1,,,,,,,
20260115,鳴門,3,予選,晴,東,2,2,6,6,5403,藤 山 湧 太,55,79,6.78,6,0.14,,1-5-2,1250,4,1-5,250,1,1-2-5,530,3,1-5,220,1,,,,,,,
20260115,鳴門,4,予選,晴,南東,2,2,1,1,5249,三 木 晴 斗,80,15,6.59,1,0.09,1.46.6,1-2-5,2890,11,1-2,750,5,1-2-5,1390,6,1-2,680,4,,,,,,,
20260115,鳴門,4,予選,晴,南東,2,2,2,2,5299,西 丸 敦 基,27,23,6.70,2,0.09,1.48.6,1-2-5,2890,11,1-2,750,5,1-2-5,1390,6,1-2,680,4,,,,,,,
20260115,鳴門,4,予選,晴,南東,2,2,3,5,5226,藤 田 俊 祐,15,57,6.84,5,0.14,1.50.1,1-2-5,2890,11,1-2,750,5,1-2-5,1390,6,1-2,680,4,,,,,,,
20260115,鳴門,4,予選,晴,南東,2,2,4,4,5256,中 山 翔 太,25,67,6.65,4,0.11,1.51.7,1-2-5,2890,11,1-2,750,5,1-2-5,1390,6,1-2,680,4,,,,,,,
20260115,鳴門,4,予選,晴,南東,2,2,5,3,5318,河 内 一 馬,29,51,6.80,3,0.11,,1-2-5,2890,11,1-2,750,5,1-2-5,1390,6,1-2,680,4,,,,,,,
20260115,鳴門,4,予選,晴,南東,2,2,6,6,5311,小 林 京 平,54,17,6.81,6,0.10,,1-2-5,2890,11,1-2,750,5,1-2-5,1390,6,1-2,680,4,,,,,,,
20260115,鳴門,5,予選,晴,南東,2,2,1,4,5388,佐 野 優 都,26,11,6.70,4,0.01,1.46.5,4-2-3,31280,47,4-2,3460,10,2-3-4,3570,11,2-4,1260,4,,,,,,,
20260115,鳴門,5,予選,晴,南東,2,2,2,2,5278,田 中 駿 兵,75,80,6.76,2,0.12,1.48.1,4-2-3,31280,47,4-2,3460,10,2-3-4,3570,11,2-4,1260,4,,,,,,,
20260115,鳴門,5,予選,晴,南東,2,2,3,3,5170,佐 藤 太 亮,38,54,6.78,3,0.09,1.49.6,4-2-3,31280,47,4-2,3460,10,2-3-4,3570,11,2-4,1260,4,,,,,,,
20260115,鳴門,5,予選,晴,南東,2,2,4,6,5376,吉 田 一 心,74,73,6.67,6,0.07,1.50.3,4-2-3,31280,47,4-2,3460,10,2-3-4,3570,11,2-4,1260,4,,,,,,,
20260115,鳴門,5,予選,晴,南東,2,2,5,1,5221,竹 間 隆 晟,65,72,6.74,1,0.12,,4-2-3,31280,47,4-2,3460,10,2-3-4,3570,11,2-4,1260,4,,,,,,,
20260115,鳴門,5,予選,晴,南東,2,2,6,5,5313,鈴 木 唯 央,12,24,6.81,5,0.03,,4-2-3,31280,47,4-2,3460,10,2-3-4,3570,11,2-4,1260,4,,,,,,,
20260115,鳴門,6,予選,晴,南西,1,1,1,1,5089,前 田 翔,77,62,6.58,1,0.15,1.46.4,1-6-4,4650,14,1-6,950,4,1-4-6,1130,6,1-6,2180,5,,,,,,,
20260115,鳴門,6,予選,晴,南西,1,1,2,6,5172,田 村 慶,37,14,6.76,5,0.25,1.48.6,1-6-4,4650,14,1-6,950,4,1-4-6,1130,6,1-6,2180,5,,,,,,,
20260115,鳴門,6,予選,晴,南西,1,1,3,4,5252,荒 木 颯 斗,14,26,6.70,4,0.17,1.50.4,1-6-4,4650,14,1-6,950,4,1-4-6,1130,6,1-6,2180,5,,,,,,,
20260115,鳴門,6,予選,晴,南西,1,1,4,3,5330,安河内 鈴之介,21,84,6.74,3,0.16,1.50.9,1-6-4,4650,14,1-6,950,4,1-4-6,1130,6,1-6,2180,5,,,,,,,
20260115,鳴門,6,予選,晴,南西,1,1,5,2,5181,森 智 哉,10,66,6.73,2,0.17,,1-6-4,4650,14,1-6,950,4,1-4-6,1130,6,1-6,2180,5,,,,,,,
20260115,鳴門,6,予選,晴,南西,1,1,6,5,5409,宮 本 琉 正,51,50,6.73,6,0.15,,1-6-4,4650,14,1-6,950,4,1-4-6,1130,6,1-6,2180,5,,,,,,,
20260115,鳴門,7,予選,晴,南東,2,2,1,1,5302,秋 末 秦 悟,73,53,6.69,1,0.05,1.47.0,1-4-3,9780,31,1-4,3800,12,1-3-4,1230,5,1-4,2310,6,,,,,,,
20260115,鳴門,7,予選,晴,南東,2,2,2,4,5234,塚 越 海 斗,52,65,6.71,4,0.08,1.48.3,1-4-3,9780,31,1-4,3800,12,1-3-4,1230,5,1-4,2310,6,,,,,,,
20260115,鳴門,7,予選,晴,南東,2,2,3,3,5018,竹 下 大 樹,82,28,6.75,3,0.07,1.50.1,1-4-3,9780,31,1-4,3800,12,1-3-4,1230,5,1-4,2310,6,,,,,,,
20260115,鳴門,7,予選,晴,南東,2,2,4,6,5359,佐 藤 世 那,56,70,6.73,6,0.16,1.50.4,1-4-3,9780,31,1-4,3800,12,1-3-4,1230,5,1-4,2310,6,,,,,,,
20260115,鳴門,7,予選,晴,南東,2,2,5,5,5338,香 月 大 輝,32,71,6.83,5,0.03,,1-4-3,9780,31,1-4,3800,12,1-3-4,1230,5,1-4,2310,6,,,,,,,
20260115,鳴門,7,予選,晴,南東,2,2,6,2,5034,若 林 義 人,50,30,6.67,2,0.06,,1-4-3,9780,31,1-4,3800,12,1-3-4,1230,5,1-4,2310,6,,,,,,,
20260115,鳴門,8,予選,晴,南東,2,2,1,1,5275,松 田 淳 平,11,19,6.76,1,0.11,1.46.7,1-5-2,480,1,1-5,210,1,1-2-5,190,1,1-5,240,1,,,,,,,
20260115,鳴門,8,予選,晴,南東,2,2,2,5,5222,津 田 陸 翔,18,38,6.86,2,0.15,1.48.3,1-5-2,480,1,1-5,210,1,1-2-5,190,1,1-5,240,1,,,,,,,
20260115,鳴門,8,予選,晴,南東,2,2,3,2,5311,小 林 京 平,54,17,6.77,3,0.11,1.50.1,1-5-2,480,1,1-5,210,1,1-2-5,190,1,1-5,240,1,,,,,,,
20260115,鳴門,8,予選,晴,南東,2,2,4,4,5375,庄 島 潤 成,63,83,6.75,5,0.11,1.51.4,1-5-2,480,1,1-5,210,1,1-2-5,190,1,1-5,240,1,,,,,,,
20260115,鳴門,8,予選,晴,南東,2,2,5,6,5268,山 本 幸 也,16,77,6.86,6,0.19,,1-5-2,480,1,1-5,210,1,1-2-5,190,1,1-5,240,1,,,,,,,
20260115,鳴門,8,予選,晴,南東,2,2,6,3,5351,齊 藤 廉,60,18,6.89,4,0.12,,1-5-2,480,1,1-5,210,1,1-2-5,190,1,1-5,240,1,,,,,,,
20260115,鳴門,9,特賞,晴,南東,3,3,1,1,5170,佐 藤 太 亮,38,54,6.71,1,0.19,1.47.7,1-3-4,1860,7,1-3,720,3,1-3-4,420,2,1-3,170,1,,,,,,,
20260115,鳴門,9,特賞,晴,南東,3,3,2,3,5196,鰐 部 太空海,34,76,6.61,3,0.23,1.48.0,1-3-4,1860,7,1-3,720,3,1-3-4,420,2,1-3,170,1,,,,,,,
20260115,鳴門,9,特賞,晴,南東,3,3,3,4,5249,三 木 晴 斗,80,15,6.77,4,0.26,1.50.5,1-3-4,1860,7,1-3,720,3,1-3-4,420,2,1-3,170,1,,,,,,,
20260115,鳴門,9,特賞,晴,南東,3,3,4,5,5381,有 山 望,20,82,6.74,5,0.24,1.52.1,1-3-4,1860,7,1-3,720,3,1-3-4,420,2,1-3,170,1,,,,,,,
20260115,鳴門,9,特賞,晴,南東,3,3,5,6,5240,高 橋 龍 治,64,52,6.75,6,0.26,,1-3-4,1860,7,1-3,720,3,1-3-4,420,2,1-3,170,1,,,,,,,
20260115,鳴門,9,特賞,晴,南東,3,3,6,2,5160,藤 森 陸 斗,22,39,6.75,2,0.22,,1-3-4,1860,7,1-3,720,3,1-3-4,420,2,1-3,170,1,,,,,,,
20260115,鳴門,10,特賞,晴,南,3,3,1,1,5226,藤 田 俊 祐,15,57,6.80,1,0.09,1.47.6,1-5-4,2890,10,1-5,1340,5,1-4-5,710,3,1-5,4080,5,,,,,,,
20260115,鳴門,10,特賞,晴,南,3,3,2,5,5388,佐 野 優 都,26,11,6.67,5,0.15,1.48.7,1-5-4,2890,10,1-5,1340,5,1-4-5,710,3,1-5,4080,5,,,,,,,
20260115,鳴門,10,特賞,晴,南,3,3,3,4,5089,前 田 翔,77,62,6.62,4,0.12,1.50.2,1-5-4,2890,10,1-5,1340,5,1-4-5,710,3,1-5,4080,5,,,,,,,
20260115,鳴門,10,特賞,晴,南,3,3,4,2,5224,西 岡 顕 心,23,27,6.74,2,0.10,1.50.8,1-5-4,2890,10,1-5,1340,5,1-4-5,710,3,1-5,4080,5,,,,,,,
20260115,鳴門,10,特賞,晴,南,3,3,5,6,5301,岩 下 巧 斗,66,37,6.74,6,0.16,,1-5-4,2890,10,1-5,1340,5,1-4-5,710,3,1-5,4080,5,,,,,,,
20260115,鳴門,10,特賞,晴,南,3,3,6,3,5244,黒 田 剛,69,10,6.76,3,0.12,,1-5-4,2890,10,1-5,1340,5,1-4-5,710,3,1-5,4080,5,,,,,,,
20260115,鳴門,11,特選,晴,南東,2,2,1,1,5330,安河内 鈴之介,21,84,6.69,1,0.19,1.47.5,1-3-2,980,3,1-3,360,1,1-2-3,400,2,1-3,210,1,,,,,,,
20260115,鳴門,11,特選,晴,南東,2,2,2,3,5256,中 山 翔 太,25,67,6.69,3,0.22,1.48.9,1-3-2,980,3,1-3,360,1,1-2-3,400,2,1-3,210,1,,,,,,,
20260115,鳴門,11,特選,晴,南東,2,2,3,2,5234,塚 越 海 斗,52,65,6.71,2,0.23,1.49.9,1-3-2,980,3,1-3,360,1,1-2-3,400,2,1-3,210,1,,,,,,,
20260115,鳴門,11,特選,晴,南東,2,2,4,4,5278,田 中 駿 兵,75,80,6.78,4,0.18,1.51.3,1-3-2,980,3,1-3,360,1,1-2-3,400,2,1-3,210,1,,,,,,,
20260115,鳴門,11,特選,晴,南東,2,2,5,6,5178,成 貞 琳 平,33,63,6.70,6,0.22,,1-3-2,980,3,1-3,360,1,1-2-3,400,2,1-3,210,1,,,,,,,
20260115,鳴門,11,特選,晴,南東,2,2,6,5,5403,藤 山 湧 太,55,79,6.77,5,0.21,,1-3-2,980,3,1-3,360,1,1-2-3,400,2,1-3,210,1,,,,,,,
20260115,鳴門,12,特選,晴,南東,5,5,1,5,5275,松 田 淳 平,11,19,6.72,5,0.04,1.46.9,5-1-4,9350,27,5-1,2860,8,1-4-5,890,4,1-5,590,4,,,,,,,
20260115,鳴門,12,特選,晴,南東,5,5,2,1,5018,竹 下 大 樹,82,28,6.77,1,0.12,1.48.9,5-1-4,9350,27,5-1,2860,8,1-4-5,890,4,1-5,590,4,,,,,,,
20260115,鳴門,12,特選,晴,南東,5,5,3,4,5238,笹 木 香 吾,30,13,6.75,4,0.03,1.49.8,5-1-4,9350,27,5-1,2860,8,1-4-5,890,4,1-5,590,4,,,,,,,
20260115,鳴門,12,特選,晴,南東,5,5,4,6,5299,西 丸 敦 基,27,23,6.73,6,0.05,1.50.4,5-1-4,9350,27,5-1,2860,8,1-4-5,890,4,1-5,590,4,,,,,,,
20260115,鳴門,12,特選,晴,南東,5,5,5,3,5221,竹 間 隆 晟,65,72,6.78,3,0.12,,5-1-4,9350,27,5-1,2860,8,1-4-5,890,4,1-5,590,4,,,,,,,
20260115,鳴門,12,特選,晴,南東,5,5,6,2,5252,荒 木 颯 斗,14,26,6.77,2,0.24,,5-1-4,9350,27,5-1,2860,8,1-4-5,890,4,1-5,590,4,,,,,,,
