date,venue_name,race_no,race_type,weather,wind_dir,wind_ms,wave_cm,rank,waku,reg_no,name,motor_no,boat_no,exhibition_time,course_enter,st_timing,race_time,won3,won3_pay,won3_pop,won2,won2_pay,won2_pop,trio,trio_pay,trio_pop,pair,pair_pay,pair_pop,lap_time,turn_time,straight_time,lap_rank,turn_rank,straight_rank,exhibition_eval
20260623,びわこ,1,一般,晴,北東,1,1,1,1,3282,池 本 輝 明,43,36,6.76,1,0.17,1.50.2,1-2-3,810,3,1-2,330,2,1-2-3,410,2,1-2,160,1,,,,,,,
20260623,びわこ,1,一般,晴,北東,1,1,2,2,4155,長 野 壮志郎,20,43,6.72,2,0.18,1.51.3,1-2-3,810,3,1-2,330,2,1-2-3,410,2,1-2,160,1,,,,,,,
20260623,びわこ,1,一般,晴,北東,1,1,3,3,3809,吉 田 光,29,34,6.80,3,0.19,1.53.1,1-2-3,810,3,1-2,330,2,1-2-3,410,2,1-2,160,1,,,,,,,
20260623,びわこ,1,一般,晴,北東,1,1,4,5,4487,三 原 司,32,68,6.80,5,0.14,1.54.0,1-2-3,810,3,1-2,330,2,1-2-3,410,2,1-2,160,1,,,,,,,
20260623,びわこ,1,一般,晴,北東,1,1,5,4,3319,山 崎 義 明,67,33,6.79,4,0.14,,1-2-3,810,3,1-2,330,2,1-2-3,410,2,1-2,160,1,,,,,,,
20260623,びわこ,1,一般,晴,北東,1,1,6,6,5471,田 中 結,70,73,6.77,6,0.09,,1-2-3,810,3,1-2,330,2,1-2-3,410,2,1-2,160,1,,,,,,,
20260623,びわこ,2,一般,晴,無風,0,1,1,1,4175,川 尻 泰 輔,15,49,6.76,1,0.09,1.49.7,1-2-4,820,1,1-2,400,2,1-2-4,390,1,1-2,320,2,,,,,,,
20260623,びわこ,2,一般,晴,無風,0,1,2,2,3708,岡 部 貴 司,18,18,6.80,2,0.05,1.51.2,1-2-4,820,1,1-2,400,2,1-2-4,390,1,1-2,320,2,,,,,,,
20260623,びわこ,2,一般,晴,無風,0,1,3,4,4942,柴 田 朋 哉,13,29,6.70,4,0.10,1.52.3,1-2-4,820,1,1-2,400,2,1-2-4,390,1,1-2,320,2,,,,,,,
20260623,びわこ,2,一般,晴,無風,0,1,4,5,4495,森 晋太郎,69,37,6.83,5,0.11,1.53.6,1-2-4,820,1,1-2,400,2,1-2-4,390,1,1-2,320,2,,,,,,,
20260623,びわこ,2,一般,晴,無風,0,1,5,3,4563,齋 藤 真 之,40,70,6.75,3,0.09,,1-2-4,820,1,1-2,400,2,1-2-4,390,1,1-2,320,2,,,,,,,
20260623,びわこ,2,一般,晴,無風,0,1,6,6,5380,野 田 亜 湖,41,28,6.88,6,0.21,,1-2-4,820,1,1-2,400,2,1-2-4,390,1,1-2,320,2,,,,,,,
20260623,びわこ,3,一般,晴,北東,1,1,1,1,4257,古 川 健,30,40,6.70,1,0.11,1.50.4,1-3-4,2920,12,1-3,580,2,1-3-4,930,6,1-3,340,1,,,,,,,
20260623,びわこ,3,一般,晴,北東,1,1,2,3,5229,吉 川 晴 人,28,17,6.78,3,0.13,1.51.6,1-3-4,2920,12,1-3,580,2,1-3-4,930,6,1-3,340,1,,,,,,,
20260623,びわこ,3,一般,晴,北東,1,1,3,4,5156,坂 野 さくら,60,39,6.73,4,0.17,1.52.8,1-3-4,2920,12,1-3,580,2,1-3-4,930,6,1-3,340,1,,,,,,,
20260623,びわこ,3,一般,晴,北東,1,1,4,5,5058,前 原 大 道,71,54,6.67,5,0.16,1.53.4,1-3-4,2920,12,1-3,580,2,1-3-4,930,6,1-3,340,1,,,,,,,
20260623,びわこ,3,一般,晴,北東,1,1,5,2,3869,井 芹 大 志,58,71,6.80,2,0.09,,1-3-4,2920,12,1-3,580,2,1-3-4,930,6,1-3,340,1,,,,,,,
20260623,びわこ,3,一般,晴,北東,1,1,6,6,4139,丹 下 健,53,63,6.80,6,0.13,,1-3-4,2920,12,1-3,580,2,1-3-4,930,6,1-3,340,1,,,,,,,
20260623,びわこ,4,一般,曇り,北東,2,2,1,3,5139,大 場 恒 季,51,52,6.60,3,0.22,1.49.0,3-5-2,3150,11,3-5,790,3,2-3-5,1040,5,3-5,620,2,,,,,,,
20260623,びわこ,4,一般,曇り,北東,2,2,2,5,4090,中 村 尊,12,38,6.72,5,0.15,1.50.4,3-5-2,3150,11,3-5,790,3,2-3-5,1040,5,3-5,620,2,,,,,,,
20260623,びわこ,4,一般,曇り,北東,2,2,3,2,3212,亀 本 勇 樹,25,60,6.78,2,0.16,1.53.2,3-5-2,3150,11,3-5,790,3,2-3-5,1040,5,3-5,620,2,,,,,,,
20260623,びわこ,4,一般,曇り,北東,2,2,4,4,5323,香 川 陽 太,73,27,6.82,4,0.21,1.53.8,3-5-2,3150,11,3-5,790,3,2-3-5,1040,5,3-5,620,2,,,,,,,
20260623,びわこ,4,一般,曇り,北東,2,2,5,1,3730,塩 崎 優 司,59,14,6.75,1,0.17,,3-5-2,3150,11,3-5,790,3,2-3-5,1040,5,3-5,620,2,,,,,,,
20260623,びわこ,4,一般,曇り,北東,2,2,6,6,5295,田 上 凜,57,19,6.67,6,0.22,,3-5-2,3150,11,3-5,790,3,2-3-5,1040,5,3-5,620,2,,,,,,,
20260623,びわこ,5,一般,曇り,東,3,3,1,3,3503,堂 原 洋 史,11,22,6.58,3,0.16,1.51.0,3-1-2,6390,20,3-1,1810,6,1-2-3,340,2,1-3,480,2,,,,,,,
20260623,びわこ,5,一般,曇り,東,3,3,2,1,3436,柏 野 幸 二,38,25,6.77,1,0.20,1.52.2,3-1-2,6390,20,3-1,1810,6,1-2-3,340,2,1-3,480,2,,,,,,,
20260623,びわこ,5,一般,曇り,東,3,3,3,2,4823,中 村 桃 佳,62,21,6.71,2,0.24,1.53.5,3-1-2,6390,20,3-1,1810,6,1-2-3,340,2,1-3,480,2,,,,,,,
20260623,びわこ,5,一般,曇り,東,3,3,4,5,4458,抹 香 雄 三,47,15,6.75,5,0.17,1.54.8,3-1-2,6390,20,3-1,1810,6,1-2-3,340,2,1-3,480,2,,,,,,,
20260623,びわこ,5,一般,曇り,東,3,3,5,4,3282,池 本 輝 明,43,36,6.80,4,0.20,,3-1-2,6390,20,3-1,1810,6,1-2-3,340,2,1-3,480,2,,,,,,,
20260623,びわこ,5,一般,曇り,東,3,3,6,6,3412,鈴 木 博,26,47,6.73,6,0.16,,3-1-2,6390,20,3-1,1810,6,1-2-3,340,2,1-3,480,2,,,,,,,
20260623,びわこ,6,一般,曇り,北東,1,1,1,3,4138,中 井 俊 祐,45,61,6.84,3,0.11,1.50.4,3-5-1,30240,81,3-5,10300,25,1-3-5,3070,11,3-5,6590,14,,,,,,,
20260623,びわこ,6,一般,曇り,北東,1,1,2,5,4498,宮 本 夏 樹,21,31,6.79,5,0.09,1.51.7,3-5-1,30240,81,3-5,10300,25,1-3-5,3070,11,3-5,6590,14,,,,,,,
20260623,びわこ,6,一般,曇り,北東,1,1,3,1,3319,山 崎 義 明,67,33,6.79,1,0.15,1.52.8,3-5-1,30240,81,3-5,10300,25,1-3-5,3070,11,3-5,6590,14,,,,,,,
20260623,びわこ,6,一般,曇り,北東,1,1,4,2,4843,深 尾 巴 恵,66,56,6.75,2,0.11,1.54.2,3-5-1,30240,81,3-5,10300,25,1-3-5,3070,11,3-5,6590,14,,,,,,,
20260623,びわこ,6,一般,曇り,北東,1,1,5,4,4294,古 賀 繁 輝,34,64,6.74,4,0.10,,3-5-1,30240,81,3-5,10300,25,1-3-5,3070,11,3-5,6590,14,,,,,,,
20260623,びわこ,6,一般,曇り,北東,1,1,6,6,4643,近 江 翔 吾,56,23,6.79,6,0.26,,3-5-1,30240,81,3-5,10300,25,1-3-5,3070,11,3-5,6590,14,,,,,,,
20260623,びわこ,7,一般,曇り,東,2,2,1,4,4257,古 川 健,30,40,6.78,4,0.12,1.50.1,4-1-6,2890,10,4-1,2220,9,1-4-6,480,2,1-4,600,2,,,,,,,
20260623,びわこ,7,一般,曇り,東,2,2,2,1,4182,吉 田 和 仁,50,67,6.70,1,0.17,1.51.5,4-1-6,2890,10,4-1,2220,9,1-4-6,480,2,1-4,600,2,,,,,,,
20260623,びわこ,7,一般,曇り,東,2,2,3,6,4544,松 田 大志郎,61,24,6.77,6,0.23,1.52.6,4-1-6,2890,10,4-1,2220,9,1-4-6,480,2,1-4,600,2,,,,,,,
20260623,びわこ,7,一般,曇り,東,2,2,4,3,4487,三 原 司,32,68,6.74,3,0.16,1.54.7,4-1-6,2890,10,4-1,2220,9,1-4-6,480,2,1-4,600,2,,,,,,,
20260623,びわこ,7,一般,曇り,東,2,2,5,2,4666,日 笠 勝 弘,55,12,6.76,2,0.14,,4-1-6,2890,10,4-1,2220,9,1-4-6,480,2,1-4,600,2,,,,,,,
20260623,びわこ,7,一般,曇り,東,2,2,6,5,3701,大 西 隆 洋,35,44,6.86,5,0.17,,4-1-6,2890,10,4-1,2220,9,1-4-6,480,2,1-4,600,2,,,,,,,
20260623,びわこ,8,一般,曇り,北東,1,1,1,1,4004,山 本 浩 輔,54,13,6.77,1,0.00,1.50.5,1-2-4,870,2,1-2,460,2,1-2-4,310,1,1-2,380,2,,,,,,,
20260623,びわこ,8,一般,曇り,北東,1,1,2,2,3726,桂 林 寛,64,35,6.76,2,0.05,1.51.6,1-2-4,870,2,1-2,460,2,1-2-4,310,1,1-2,380,2,,,,,,,
20260623,びわこ,8,一般,曇り,北東,1,1,3,4,4175,川 尻 泰 輔,15,49,6.80,4,0.06,1.52.1,1-2-4,870,2,1-2,460,2,1-2-4,310,1,1-2,380,2,,,,,,,
20260623,びわこ,8,一般,曇り,北東,1,1,4,3,4400,加 藤 奈 月,22,65,6.84,3,0.04,1.54.1,1-2-4,870,2,1-2,460,2,1-2-4,310,1,1-2,380,2,,,,,,,
20260623,びわこ,8,一般,曇り,北東,1,1,5,6,5471,田 中 結,70,73,6.73,6,0.14,,1-2-4,870,2,1-2,460,2,1-2-4,310,1,1-2,380,2,,,,,,,
20260623,びわこ,8,一般,曇り,北東,1,1,6,5,3212,亀 本 勇 樹,25,60,6.82,5,0.11,,1-2-4,870,2,1-2,460,2,1-2-4,310,1,1-2,380,2,,,,,,,
20260623,びわこ,9,一般,曇り,北東,2,2,1,1,4730,土 屋 実沙希,19,32,6.79,1,0.07,1.50.7,1-3-6,8050,34,1-3,790,3,1-3-6,3200,13,1-3,1000,4,,,,,,,
20260623,びわこ,9,一般,曇り,北東,2,2,2,3,3891,谷 口 健 一,65,20,6.81,3,0.04,1.52.5,1-3-6,8050,34,1-3,790,3,1-3-6,3200,13,1-3,1000,4,,,,,,,
20260623,びわこ,9,一般,曇り,北東,2,2,3,6,4674,池 田 剛 規,46,59,6.74,6,0.06,1.53.1,1-3-6,8050,34,1-3,790,3,1-3-6,3200,13,1-3,1000,4,,,,,,,
20260623,びわこ,9,一般,曇り,北東,2,2,4,2,3503,堂 原 洋 史,11,22,6.78,2,0.11,1.53.8,1-3-6,8050,34,1-3,790,3,1-3-6,3200,13,1-3,1000,4,,,,,,,
20260623,びわこ,9,一般,曇り,北東,2,2,5,4,3730,塩 崎 優 司,59,14,6.80,4,0.05,,1-3-6,8050,34,1-3,790,3,1-3-6,3200,13,1-3,1000,4,,,,,,,
20260623,びわこ,9,一般,曇り,北東,2,2,6,5,4469,土 山 卓 也,16,45,6.70,5,0.08,,1-3-6,8050,34,1-3,790,3,1-3-6,3200,13,1-3,1000,4,,,,,,,
20260623,びわこ,10,準優勝戦,曇り,北東,2,2,1,1,4643,近 江 翔 吾,56,23,6.75,1,0.07,1.49.9,1-5-2,2880,10,1-5,960,4,1-2-5,680,3,1-5,980,4,,,,,,,
20260623,びわこ,10,準優勝戦,曇り,北東,2,2,2,5,4155,長 野 壮志郎,20,43,6.76,5,0.14,1.51.1,1-5-2,2880,10,1-5,960,4,1-2-5,680,3,1-5,980,4,,,,,,,
20260623,びわこ,10,準優勝戦,曇り,北東,2,2,3,2,5058,前 原 大 道,71,54,6.75,2,0.10,1.52.3,1-5-2,2880,10,1-5,960,4,1-2-5,680,3,1-5,980,4,,,,,,,
20260623,びわこ,10,準優勝戦,曇り,北東,2,2,4,4,5139,大 場 恒 季,51,52,6.65,4,0.09,1.52.8,1-5-2,2880,10,1-5,960,4,1-2-5,680,3,1-5,980,4,,,,,,,
20260623,びわこ,10,準優勝戦,曇り,北東,2,2,5,6,3436,柏 野 幸 二,38,25,6.74,6,0.14,,1-5-2,2880,10,1-5,960,4,1-2-5,680,3,1-5,980,4,,,,,,,
20260623,びわこ,10,準優勝戦,曇り,北東,2,2,6,3,4942,柴 田 朋 哉,13,29,6.69,3,0.09,,1-5-2,2880,10,1-5,960,4,1-2-5,680,3,1-5,980,4,,,,,,,
20260623,びわこ,11,準優勝戦,曇り,北東,1,1,1,4,5229,吉 川 晴 人,28,17,6.77,4,0.15,1.49.8,4-1-5,11910,33,4-1,3290,8,1-4-5,1760,6,1-4,590,3,,,,,,,
20260623,びわこ,11,準優勝戦,曇り,北東,1,1,2,1,3412,鈴 木 博,26,47,6.83,1,0.16,1.52.2,4-1-5,11910,33,4-1,3290,8,1-4-5,1760,6,1-4,590,3,,,,,,,
20260623,びわこ,11,準優勝戦,曇り,北東,1,1,3,5,3708,岡 部 貴 司,18,18,6.87,5,0.16,1.54.2,4-1-5,11910,33,4-1,3290,8,1-4-5,1760,6,1-4,590,3,,,,,,,
20260623,びわこ,11,準優勝戦,曇り,北東,1,1,4,2,4090,中 村 尊,12,38,6.72,2,0.15,1.54.2,4-1-5,11910,33,4-1,3290,8,1-4-5,1760,6,1-4,590,3,,,,,,,
20260623,びわこ,11,準優勝戦,曇り,北東,1,1,5,6,4182,吉 田 和 仁,50,67,6.81,6,0.18,,4-1-5,11910,33,4-1,3290,8,1-4-5,1760,6,1-4,590,3,,,,,,,
20260623,びわこ,11,準優勝戦,曇り,北東,1,1,6,3,4294,古 賀 繁 輝,34,64,6.82,3,0.14,,4-1-5,11910,33,4-1,3290,8,1-4-5,1760,6,1-4,590,3,,,,,,,
20260623,びわこ,12,準優勝戦,曇り,北東,1,1,1,4,4138,中 井 俊 祐,45,61,6.83,4,0.11,1.58.1,4-2-1,29710,46,4-2,13630,16,1-2-4,410,2,2-4,7720,10,,,,,,,
20260623,びわこ,12,準優勝戦,曇り,北東,1,1,2,2,4495,森 晋太郎,69,37,6.79,2,0.17,2.00.1,4-2-1,29710,46,4-2,13630,16,1-2-4,410,2,2-4,7720,10,,,,,,,
20260623,びわこ,12,準優勝戦,曇り,北東,1,1,3,1,4544,松 田 大志郎,61,24,6.73,1,0.17,2.01.7,4-2-1,29710,46,4-2,13630,16,1-2-4,410,2,2-4,7720,10,,,,,,,
20260623,びわこ,12,準優勝戦,曇り,北東,1,1,4,5,4823,中 村 桃 佳,62,21,6.79,5,0.09,2.08.6,4-2-1,29710,46,4-2,13630,16,1-2-4,410,2,2-4,7720,10,,,,,,,
20260623,びわこ,12,準優勝戦,曇り,北東,1,1,5,6,4004,山 本 浩 輔,54,13,6.76,6,0.17,,4-2-1,29710,46,4-2,13630,16,1-2-4,410,2,2-4,7720,10,,,,,,,
20260623,びわこ,12,準優勝戦,曇り,北東,1,1,S0,3,5156,坂 野 さくら,60,39,6.70,3,0.13,,4-2-1,29710,46,4-2,13630,16,1-2-4,410,2,2-4,7720,10,,,,,,,
20260623,三国,1,みくにあさイ,晴,北,7,7,1,1,4089,妹 尾 忠 幸,54,37,6.82,1,0.13,1.50.1,1-2-5,520,2,1-2,150,1,1-2-5,390,3,1-2,140,1,,,,,,,
20260623,三国,1,みくにあさイ,晴,北,7,7,2,2,3505,山 田 竜 一,39,33,6.80,2,0.13,1.51.2,1-2-5,520,2,1-2,150,1,1-2-5,390,3,1-2,140,1,,,,,,,
20260623,三国,1,みくにあさイ,晴,北,7,7,3,5,4837,酒 井 陽 祐,19,71,6.84,5,0.18,1.53.6,1-2-5,520,2,1-2,150,1,1-2-5,390,3,1-2,140,1,,,,,,,
20260623,三国,1,みくにあさイ,晴,北,7,7,4,3,3827,今 泉 徹,24,55,6.84,3,0.16,1.55.5,1-2-5,520,2,1-2,150,1,1-2-5,390,3,1-2,140,1,,,,,,,
20260623,三国,1,みくにあさイ,晴,北,7,7,5,4,3507,藤 井 徹,36,25,6.86,4,0.21,,1-2-5,520,2,1-2,150,1,1-2-5,390,3,1-2,140,1,,,,,,,
20260623,三国,1,みくにあさイ,晴,北,7,7,6,6,5204,宇 恵 有 香,69,46,6.78,6,0.26,,1-2-5,520,2,1-2,150,1,1-2-5,390,3,1-2,140,1,,,,,,,
20260623,三国,2,みくにあさガ,晴,北,4,4,1,2,4886,入 海 馨,63,21,6.83,2,0.17,1.50.2,2-1-3,1950,7,2-1,410,2,1-2-3,340,2,1-2,170,1,,,,,,,
20260623,三国,2,みくにあさガ,晴,北,4,4,2,1,4706,三 浦 洋次朗,40,39,6.78,1,0.19,1.52.5,2-1-3,1950,7,2-1,410,2,1-2-3,340,2,1-2,170,1,,,,,,,
20260623,三国,2,みくにあさガ,晴,北,4,4,3,3,4727,安 部 慎 一,29,42,6.82,3,0.16,1.53.7,2-1-3,1950,7,2-1,410,2,1-2-3,340,2,1-2,170,1,,,,,,,
20260623,三国,2,みくにあさガ,晴,北,4,4,4,6,5036,福 田 翔 吾,62,14,6.85,6,0.21,1.54.1,2-1-3,1950,7,2-1,410,2,1-2-3,340,2,1-2,170,1,,,,,,,
20260623,三国,2,みくにあさガ,晴,北,4,4,5,5,4866,橋 本 英 一,65,36,6.85,5,0.21,,2-1-3,1950,7,2-1,410,2,1-2-3,340,2,1-2,170,1,,,,,,,
20260623,三国,2,みくにあさガ,晴,北,4,4,6,4,4405,南 野 利 騰,17,40,6.89,4,0.24,,2-1-3,1950,7,2-1,410,2,1-2-3,340,2,1-2,170,1,,,,,,,
20260623,三国,3,みくにあさズ,晴,北,5,5,1,1,3841,佐々木 和 伸,56,50,6.85,1,0.16,1.50.6,1-2-3,850,3,1-2,490,2,1-2-3,240,1,1-2,520,2,,,,,,,
20260623,三国,3,みくにあさズ,晴,北,5,5,2,2,4031,飯 島 誠,50,23,6.84,2,0.16,1.52.3,1-2-3,850,3,1-2,490,2,1-2-3,240,1,1-2,520,2,,,,,,,
20260623,三国,3,みくにあさズ,晴,北,5,5,3,3,4482,守 屋 美 穂,12,15,6.75,3,0.17,1.53.9,1-2-3,850,3,1-2,490,2,1-2-3,240,1,1-2,520,2,,,,,,,
20260623,三国,3,みくにあさズ,晴,北,5,5,4,5,3564,桑 原 啓,30,29,6.77,5,0.18,1.54.4,1-2-3,850,3,1-2,490,2,1-2-3,240,1,1-2,520,2,,,,,,,
20260623,三国,3,みくにあさズ,晴,北,5,5,5,4,5356,長谷川 暖,22,26,6.80,4,0.20,,1-2-3,850,3,1-2,490,2,1-2-3,240,1,1-2,520,2,,,,,,,
20260623,三国,3,みくにあさズ,晴,北,5,5,6,6,5416,龍 田 真 白,14,45,6.78,6,0.23,,1-2-3,850,3,1-2,490,2,1-2-3,240,1,1-2,520,2,,,,,,,
20260623,三国,4,みくにあさ推,晴,北,3,3,1,4,4610,佐 藤 大 佑,52,38,6.77,4,0.09,1.50.7,4-5-2,8710,35,4-5,850,4,2-4-5,3740,14,4-5,810,5,,,,,,,
20260623,三国,4,みくにあさ推,晴,北,3,3,2,5,5321,一 色 颯 輝,31,51,6.82,5,0.04,1.51.4,4-5-2,8710,35,4-5,850,4,2-4-5,3740,14,4-5,810,5,,,,,,,
20260623,三国,4,みくにあさ推,晴,北,3,3,3,2,5061,中 村 駿 平,45,72,6.82,2,0.16,1.52.9,4-5-2,8710,35,4-5,850,4,2-4-5,3740,14,4-5,810,5,,,,,,,
20260623,三国,4,みくにあさ推,晴,北,3,3,4,6,4793,金 子 萌,37,70,6.84,6,0.11,1.54.1,4-5-2,8710,35,4-5,850,4,2-4-5,3740,14,4-5,810,5,,,,,,,
20260623,三国,4,みくにあさ推,晴,北,3,3,5,1,4589,塩 崎 桐 加,28,61,6.79,1,0.14,,4-5-2,8710,35,4-5,850,4,2-4-5,3740,14,4-5,810,5,,,,,,,
20260623,三国,4,みくにあさ推,晴,北,3,3,6,3,4693,松 下 誉 士,59,49,6.86,3,0.16,,4-5-2,8710,35,4-5,850,4,2-4-5,3740,14,4-5,810,5,,,,,,,
20260623,三国,5,一般,曇り,北,4,4,1,1,3718,伊 達 正 利,15,18,6.82,1,0.11,1.51.0,1-2-4,2760,9,1-2,890,3,1-2-4,1120,6,1-2,570,3,,,,,,,
20260623,三国,5,一般,曇り,北,4,4,2,2,4864,小 川 日紀太,49,62,6.80,2,0.15,1.52.1,1-2-4,2760,9,1-2,890,3,1-2-4,1120,6,1-2,570,3,,,,,,,
20260623,三国,5,一般,曇り,北,4,4,3,4,4033,伊 藤 将 吉,16,28,6.82,4,0.16,1.53.2,1-2-4,2760,9,1-2,890,3,1-2-4,1120,6,1-2,570,3,,,,,,,
20260623,三国,5,一般,曇り,北,4,4,4,5,3505,山 田 竜 一,39,33,6.80,5,0.14,1.53.8,1-2-4,2760,9,1-2,890,3,1-2-4,1120,6,1-2,570,3,,,,,,,
20260623,三国,5,一般,曇り,北,4,4,5,3,4732,堀 本 和 也,64,41,6.83,3,0.11,,1-2-4,2760,9,1-2,890,3,1-2-4,1120,6,1-2,570,3,,,,,,,
20260623,三国,5,一般,曇り,北,4,4,6,6,4876,梅 木 敬 太,68,20,6.85,6,0.19,,1-2-4,2760,9,1-2,890,3,1-2-4,1120,6,1-2,570,3,,,,,,,
20260623,三国,6,一般,曇り,北西,4,4,1,1,5204,宇 恵 有 香,69,46,6.74,1,0.12,1.49.9,1-6-4,12870,59,1-6,4160,22,1-4-6,1780,10,1-6,2040,13,,,,,,,
20260623,三国,6,一般,曇り,北西,4,4,2,6,4812,西 野 雄 貴,46,43,6.77,6,0.79,1.51.9,1-6-4,12870,59,1-6,4160,22,1-4-6,1780,10,1-6,2040,13,,,,,,,
20260623,三国,6,一般,曇り,北西,4,4,3,4,4761,山 田 晃 大,55,19,6.76,4,0.22,1.52.7,1-6-4,12870,59,1-6,4160,22,1-4-6,1780,10,1-6,2040,13,,,,,,,
20260623,三国,6,一般,曇り,北西,4,4,4,2,3790,佐 口 達 也,38,66,6.87,2,0.18,1.53.2,1-6-4,12870,59,1-6,4160,22,1-4-6,1780,10,1-6,2040,13,,,,,,,
20260623,三国,6,一般,曇り,北西,4,4,5,3,4700,金 子 和 之,60,65,6.76,3,0.22,,1-6-4,12870,59,1-6,4160,22,1-4-6,1780,10,1-6,2040,13,,,,,,,
20260623,三国,6,一般,曇り,北西,4,4,6,5,5085,中 村 栄 治,32,35,6.75,5,0.39,,1-6-4,12870,59,1-6,4160,22,1-4-6,1780,10,1-6,2040,13,,,,,,,
20260623,三国,7,一般,曇り,北西,4,4,1,3,4190,長 嶋 万 記,44,52,6.82,3,0.14,1.49.3,3-6-2,6930,21,3-6,1100,5,2-3-6,1860,7,3-6,600,2,,,,,,,
20260623,三国,7,一般,曇り,北西,4,4,2,6,3965,北 中 元 樹,43,12,6.88,5,0.18,1.51.5,3-6-2,6930,21,3-6,1100,5,2-3-6,1860,7,3-6,600,2,,,,,,,
20260623,三国,7,一般,曇り,北西,4,4,3,2,4866,橋 本 英 一,65,36,6.84,2,0.17,1.53.1,3-6-2,6930,21,3-6,1100,5,2-3-6,1860,7,3-6,600,2,,,,,,,
20260623,三国,7,一般,曇り,北西,4,4,4,1,5183,中 野 孝 二,35,24,6.74,1,0.16,1.54.3,3-6-2,6930,21,3-6,1100,5,2-3-6,1860,7,3-6,600,2,,,,,,,
20260623,三国,7,一般,曇り,北西,4,4,5,5,5416,龍 田 真 白,14,45,6.77,6,0.09,,3-6-2,6930,21,3-6,1100,5,2-3-6,1860,7,3-6,600,2,,,,,,,
20260623,三国,7,一般,曇り,北西,4,4,6,4,3827,今 泉 徹,24,55,6.87,4,0.18,,3-6-2,6930,21,3-6,1100,5,2-3-6,1860,7,3-6,600,2,,,,,,,
20260623,三国,8,一般,曇り,北西,3,3,1,1,3742,宮 地 秀 祈,70,13,6.82,1,0.18,1.51.2,1-3-5,930,4,1-3,310,1,1-3-5,490,3,1-3,260,1,,,,,,,
20260623,三国,8,一般,曇り,北西,3,3,2,3,3507,藤 井 徹,36,25,6.85,3,0.12,1.52.1,1-3-5,930,4,1-3,310,1,1-3-5,490,3,1-3,260,1,,,,,,,
20260623,三国,8,一般,曇り,北西,3,3,3,5,4031,飯 島 誠,50,23,6.86,5,0.06,1.53.6,1-3-5,930,4,1-3,310,1,1-3-5,490,3,1-3,260,1,,,,,,,
20260623,三国,8,一般,曇り,北西,3,3,4,2,4405,南 野 利 騰,17,40,6.92,2,0.15,1.54.5,1-3-5,930,4,1-3,310,1,1-3-5,490,3,1-3,260,1,,,,,,,
20260623,三国,8,一般,曇り,北西,3,3,5,6,4421,森 作 広 大,33,58,6.85,6,0.15,,1-3-5,930,4,1-3,310,1,1-3-5,490,3,1-3,260,1,,,,,,,
20260623,三国,8,一般,曇り,北西,3,3,6,4,5347,井 澤 聖 奈,26,59,6.82,4,0.15,,1-3-5,930,4,1-3,310,1,1-3-5,490,3,1-3,260,1,,,,,,,
20260623,三国,9,一般,曇り,北西,5,5,1,1,5036,福 田 翔 吾,62,14,6.77,1,0.06,1.50.6,1-2-4,1070,3,1-2,490,2,1-2-4,490,3,1-2,480,3,,,,,,,
20260623,三国,9,一般,曇り,北西,5,5,2,2,3564,桑 原 啓,30,29,6.74,2,0.09,1.51.7,1-2-4,1070,3,1-2,490,2,1-2-4,490,3,1-2,480,3,,,,,,,
20260623,三国,9,一般,曇り,北西,5,5,3,4,4466,南 佑 典,20,63,6.82,4,0.15,1.53.0,1-2-4,1070,3,1-2,490,2,1-2-4,490,3,1-2,480,3,,,,,,,
20260623,三国,9,一般,曇り,北西,5,5,4,3,3833,中 辻 博 訓,67,22,6.91,3,0.11,1.53.8,1-2-4,1070,3,1-2,490,2,1-2-4,490,3,1-2,480,3,,,,,,,
20260623,三国,9,一般,曇り,北西,5,5,5,6,3718,伊 達 正 利,15,18,6.83,6,0.19,,1-2-4,1070,3,1-2,490,2,1-2-4,490,3,1-2,480,3,,,,,,,
20260623,三国,9,一般,曇り,北西,5,5,6,5,5272,松 田 真 実,11,69,6.78,5,0.17,,1-2-4,1070,3,1-2,490,2,1-2-4,490,3,1-2,480,3,,,,,,,
20260623,三国,10,準優勝戦,曇り,北,3,3,1,1,4793,金 子 萌,37,70,6.80,1,0.04,1.49.2,1-3-5,2320,8,1-3,290,1,1-3-5,2140,7,1-3,260,2,,,,,,,
20260623,三国,10,準優勝戦,曇り,北,3,3,2,3,4761,山 田 晃 大,55,19,6.83,3,0.16,1.50.4,1-3-5,2320,8,1-3,290,1,1-3-5,2140,7,1-3,260,2,,,,,,,
20260623,三国,10,準優勝戦,曇り,北,3,3,3,5,4864,小 川 日紀太,49,62,6.82,5,0.12,1.52.7,1-3-5,2320,8,1-3,290,1,1-3-5,2140,7,1-3,260,2,,,,,,,
20260623,三国,10,準優勝戦,曇り,北,3,3,4,2,5085,中 村 栄 治,32,35,6.82,2,0.13,1.54.5,1-3-5,2320,8,1-3,290,1,1-3-5,2140,7,1-3,260,2,,,,,,,
20260623,三国,10,準優勝戦,曇り,北,3,3,5,6,4706,三 浦 洋次朗,40,39,6.81,6,0.16,,1-3-5,2320,8,1-3,290,1,1-3-5,2140,7,1-3,260,2,,,,,,,
20260623,三国,10,準優勝戦,曇り,北,3,3,6,4,4482,守 屋 美 穂,12,15,6.74,4,0.17,,1-3-5,2320,8,1-3,290,1,1-3-5,2140,7,1-3,260,2,,,,,,,
20260623,三国,11,準優勝戦,曇り,北西,5,5,1,1,4812,西 野 雄 貴,46,43,6.79,1,0.12,1.49.4,1-6-5,13580,31,1-6,2190,6,1-5-6,2630,10,1-6,1880,5,,,,,,,
20260623,三国,11,準優勝戦,曇り,北西,5,5,2,6,3841,佐々木 和 伸,56,50,6.87,6,0.24,1.51.2,1-6-5,13580,31,1-6,2190,6,1-5-6,2630,10,1-6,1880,5,,,,,,,
20260623,三国,11,準優勝戦,曇り,北西,5,5,3,5,5183,中 野 孝 二,35,24,6.75,5,0.20,1.52.7,1-6-5,13580,31,1-6,2190,6,1-5-6,2630,10,1-6,1880,5,,,,,,,
20260623,三国,11,準優勝戦,曇り,北西,5,5,4,2,5321,一 色 颯 輝,31,51,6.83,2,0.19,1.53.5,1-6-5,13580,31,1-6,2190,6,1-5-6,2630,10,1-6,1880,5,,,,,,,
20260623,三国,11,準優勝戦,曇り,北西,5,5,5,4,4589,塩 崎 桐 加,28,61,6.75,4,0.16,,1-6-5,13580,31,1-6,2190,6,1-5-6,2630,10,1-6,1880,5,,,,,,,
20260623,三国,11,準優勝戦,曇り,北西,5,5,6,3,4033,伊 藤 将 吉,16,28,6.88,3,0.22,,1-6-5,13580,31,1-6,2190,6,1-5-6,2630,10,1-6,1880,5,,,,,,,
20260623,三国,12,準優勝戦,曇り,北,4,4,1,1,3965,北 中 元 樹,43,12,6.92,1,0.04,1.50.1,1-2-3,670,1,1-2,300,1,1-2-3,330,2,1-2,290,1,,,,,,,
20260623,三国,12,準優勝戦,曇り,北,4,4,2,2,4610,佐 藤 大 佑,52,38,6.80,2,0.11,1.51.1,1-2-3,670,1,1-2,300,1,1-2-3,330,2,1-2,290,1,,,,,,,
20260623,三国,12,準優勝戦,曇り,北,4,4,3,3,4089,妹 尾 忠 幸,54,37,6.85,3,0.12,1.52.4,1-2-3,670,1,1-2,300,1,1-2-3,330,2,1-2,290,1,,,,,,,
20260623,三国,12,準優勝戦,曇り,北,4,4,4,4,4190,長 嶋 万 記,44,52,6.79,4,0.10,1.53.2,1-2-3,670,1,1-2,300,1,1-2-3,330,2,1-2,290,1,,,,,,,
20260623,三国,12,準優勝戦,曇り,北,4,4,5,5,3742,宮 地 秀 祈,70,13,6.83,5,0.13,,1-2-3,670,1,1-2,300,1,1-2-3,330,2,1-2,290,1,,,,,,,
20260623,三国,12,準優勝戦,曇り,北,4,4,6,6,3790,佐 口 達 也,38,66,7.03,6,0.22,,1-2-3,670,1,1-2,300,1,1-2-3,330,2,1-2,290,1,,,,,,,
20260623,下関,1,一般,雨,東,4,4,1,1,4277,金 田 大 輔,15,28,6.77,1,0.08,1.50.2,1-3-2,420,1,1-3,190,1,1-2-3,200,1,1-3,140,1,,,,,,,
20260623,下関,1,一般,雨,東,4,4,2,3,4506,稗 田 聖 也,70,64,6.82,3,0.02,1.51.5,1-3-2,420,1,1-3,190,1,1-2-3,200,1,1-3,140,1,,,,,,,
20260623,下関,1,一般,雨,東,4,4,3,2,5031,渡 辺 空 依,25,50,6.81,2,0.08,1.53.1,1-3-2,420,1,1-3,190,1,1-2-3,200,1,1-3,140,1,,,,,,,
20260623,下関,1,一般,雨,東,4,4,4,4,3509,池 千 夏,53,73,6.80,4,0.06,1.53.4,1-3-2,420,1,1-3,190,1,1-2-3,200,1,1-3,140,1,,,,,,,
20260623,下関,1,一般,雨,東,4,4,5,6,3680,森 林 太,30,14,6.81,6,0.13,,1-3-2,420,1,1-3,190,1,1-2-3,200,1,1-3,140,1,,,,,,,
20260623,下関,1,一般,雨,東,4,4,6,5,3539,金 子 順 一,26,53,6.82,5,0.11,,1-3-2,420,1,1-3,190,1,1-2-3,200,1,1-3,140,1,,,,,,,
20260623,下関,2,一般,曇り,東,4,4,1,4,3662,大 庭 元 明,14,11,6.79,4,0.19,1.49.7,4-5-3,8890,30,4-5,1340,6,3-4-5,2010,8,4-5,1100,5,,,,,,,
20260623,下関,2,一般,曇り,東,4,4,2,5,3550,都 築 正 治,60,70,6.81,5,0.19,1.50.9,4-5-3,8890,30,4-5,1340,6,3-4-5,2010,8,4-5,1100,5,,,,,,,
20260623,下関,2,一般,曇り,東,4,4,3,3,4527,高 野 心 吾,55,32,6.82,3,0.17,1.51.6,4-5-3,8890,30,4-5,1340,6,3-4-5,2010,8,4-5,1100,5,,,,,,,
20260623,下関,2,一般,曇り,東,4,4,4,1,4423,坂 口 貴 彦,59,37,6.79,1,0.29,1.52.7,4-5-3,8890,30,4-5,1340,6,3-4-5,2010,8,4-5,1100,5,,,,,,,
20260623,下関,2,一般,曇り,東,4,4,5,2,3631,田 添 康 介,67,13,6.80,2,0.44,,4-5-3,8890,30,4-5,1340,6,3-4-5,2010,8,4-5,1100,5,,,,,,,
20260623,下関,2,一般,曇り,東,4,4,6,6,3156,金 子 良 昭,43,59,6.85,6,0.26,,4-5-3,8890,30,4-5,1340,6,3-4-5,2010,8,4-5,1100,5,,,,,,,
20260623,下関,3,一般,雨,東,4,4,1,1,4711,前 出 達 吉,73,41,6.90,1,0.03,1.49.3,1-5-4,1610,5,1-5,510,2,1-4-5,360,1,1-5,690,4,,,,,,,
20260623,下関,3,一般,雨,東,4,4,2,5,3822,平 尾 崇 典,71,34,6.81,5,0.13,1.50.6,1-5-4,1610,5,1-5,510,2,1-4-5,360,1,1-5,690,4,,,,,,,
20260623,下関,3,一般,雨,東,4,4,3,4,3826,村 田 修 次,35,71,6.86,4,0.13,1.51.8,1-5-4,1610,5,1-5,510,2,1-4-5,360,1,1-5,690,4,,,,,,,
20260623,下関,3,一般,雨,東,4,4,4,3,4778,堤 啓 輔,52,44,6.87,3,0.09,1.52.0,1-5-4,1610,5,1-5,510,2,1-4-5,360,1,1-5,690,4,,,,,,,
20260623,下関,3,一般,雨,東,4,4,5,2,4871,菊 池 宏 志,28,22,6.90,2,0.06,,1-5-4,1610,5,1-5,510,2,1-4-5,360,1,1-5,690,4,,,,,,,
20260623,下関,3,一般,雨,東,4,4,6,6,5446,長 嶺 真李愛,41,47,6.84,6,0.19,,1-5-4,1610,5,1-5,510,2,1-4-5,360,1,1-5,690,4,,,,,,,
20260623,下関,4,一般,曇り,東,4,4,1,1,5110,杉 山 喜 一,36,72,6.80,1,0.12,1.49.2,1-2-4,1240,2,1-2,570,2,1-2-4,450,2,1-2,640,4,,,,,,,
20260623,下関,4,一般,曇り,東,4,4,2,2,4039,村 上 功 祐,40,60,6.82,2,0.14,1.50.1,1-2-4,1240,2,1-2,570,2,1-2-4,450,2,1-2,640,4,,,,,,,
20260623,下関,4,一般,曇り,東,4,4,3,4,4311,岡 村 仁,17,45,6.81,4,0.12,1.51.3,1-2-4,1240,2,1-2,570,2,1-2-4,450,2,1-2,640,4,,,,,,,
20260623,下関,4,一般,曇り,東,4,4,4,3,4879,山 崎 鉄 平,50,33,6.85,3,0.07,1.52.4,1-2-4,1240,2,1-2,570,2,1-2-4,450,2,1-2,640,4,,,,,,,
20260623,下関,4,一般,曇り,東,4,4,5,5,4985,井 本 昌 也,29,29,6.84,5,0.10,,1-2-4,1240,2,1-2,570,2,1-2-4,450,2,1-2,640,4,,,,,,,
20260623,下関,4,一般,曇り,東,4,4,6,6,4678,水 野 望 美,18,16,6.79,6,0.08,,1-2-4,1240,2,1-2,570,2,1-2-4,450,2,1-2,640,4,,,,,,,
20260623,下関,5,シーモ 戦,曇り,東,4,4,1,2,4287,今 井 貴 士,12,65,6.83,2,0.13,1.49.7,2-1-4,1040,4,2-1,530,2,1-2-4,220,1,1-2,180,1,,,,,,,
20260623,下関,5,シーモ 戦,曇り,東,4,4,2,1,3711,江 本 真 治,37,38,6.80,1,0.18,1.50.5,2-1-4,1040,4,2-1,530,2,1-2-4,220,1,1-2,180,1,,,,,,,
20260623,下関,5,シーモ 戦,曇り,東,4,4,3,4,3811,石 田 章 央,57,19,6.83,4,0.20,1.51.9,2-1-4,1040,4,2-1,530,2,1-2-4,220,1,1-2,180,1,,,,,,,
20260623,下関,5,シーモ 戦,曇り,東,4,4,4,3,3546,中 里 昌 志,45,66,6.86,3,0.09,1.53.7,2-1-4,1040,4,2-1,530,2,1-2-4,220,1,1-2,180,1,,,,,,,
20260623,下関,5,シーモ 戦,曇り,東,4,4,5,6,5420,吉 原 快 誓,42,30,6.84,6,0.11,,2-1-4,1040,4,2-1,530,2,1-2-4,220,1,1-2,180,1,,,,,,,
20260623,下関,5,シーモ 戦,曇り,東,4,4,6,5,5340,樋江井 舞,44,21,6.77,5,0.14,,2-1-4,1040,4,2-1,530,2,1-2-4,220,1,1-2,180,1,,,,,,,
20260623,下関,6,一般,曇り,東,4,4,1,1,4204,柴 田 大 輔,49,68,6.80,1,0.11,1.50.0,1-2-3,10690,32,1-2,4670,14,1-2-3,1920,5,1-2,3830,8,,,,,,,
20260623,下関,6,一般,曇り,東,4,4,2,2,5305,伊 藤 栞,56,62,6.80,2,0.09,1.50.5,1-2-3,10690,32,1-2,4670,14,1-2-3,1920,5,1-2,3830,8,,,,,,,
20260623,下関,6,一般,曇り,東,4,4,3,3,3232,山 川 美由紀,64,43,6.84,3,0.07,1.51.6,1-2-3,10690,32,1-2,4670,14,1-2-3,1920,5,1-2,3830,8,,,,,,,
20260623,下関,6,一般,曇り,東,4,4,4,5,5038,金 田 智 博,21,67,6.82,5,0.11,1.52.9,1-2-3,10690,32,1-2,4670,14,1-2-3,1920,5,1-2,3830,8,,,,,,,
20260623,下関,6,一般,曇り,東,4,4,5,4,4983,前 田 篤 哉,47,49,6.86,4,0.06,,1-2-3,10690,32,1-2,4670,14,1-2-3,1920,5,1-2,3830,8,,,,,,,
20260623,下関,6,一般,曇り,東,4,4,6,6,5412,久保田 凪 紗,48,55,6.86,6,0.10,,1-2-3,10690,32,1-2,4670,14,1-2-3,1920,5,1-2,3830,8,,,,,,,
20260623,下関,7,ふく～る 戦,曇り,東,4,4,1,2,4433,川 野 芽 唯,54,36,6.84,2,0.15,1.48.1,2-1-4,1240,3,2-1,750,5,1-2-4,190,1,1-2,260,1,,,,,,,
20260623,下関,7,ふく～る 戦,曇り,東,4,4,2,1,4527,高 野 心 吾,55,32,6.88,1,0.04,1.50.1,2-1-4,1240,3,2-1,750,5,1-2-4,190,1,1-2,260,1,,,,,,,
20260623,下関,7,ふく～る 戦,曇り,東,4,4,3,4,3556,田 中 信一郎,62,24,6.80,4,0.04,1.51.7,2-1-4,1240,3,2-1,750,5,1-2-4,190,1,1-2,260,1,,,,,,,
20260623,下関,7,ふく～る 戦,曇り,東,4,4,4,5,4752,西 尾 亮 輔,16,26,6.93,5,0.04,1.53.3,2-1-4,1240,3,2-1,750,5,1-2-4,190,1,1-2,260,1,,,,,,,
20260623,下関,7,ふく～る 戦,曇り,東,4,4,5,3,5031,渡 辺 空 依,25,50,6.87,3,0.06,,2-1-4,1240,3,2-1,750,5,1-2-4,190,1,1-2,260,1,,,,,,,
20260623,下関,7,ふく～る 戦,曇り,東,4,4,6,6,3539,金 子 順 一,26,53,6.90,6,0.08,,2-1-4,1240,3,2-1,750,5,1-2-4,190,1,1-2,260,1,,,,,,,
20260623,下関,8,一般 進入固定,曇り,東,4,4,1,1,3680,森 林 太,30,14,6.87,1,0.08,1.49.7,1-2-3,1100,2,1-2,370,1,1-2-3,430,2,1-2,260,1,,,,,,,
20260623,下関,8,一般 進入固定,曇り,東,4,4,2,2,4834,浜 本 裕 己,13,12,6.91,2,0.09,1.49.8,1-2-3,1100,2,1-2,370,1,1-2-3,430,2,1-2,260,1,,,,,,,
20260623,下関,8,一般 進入固定,曇り,東,4,4,3,3,4209,藤 田 竜 弘,27,20,6.88,3,0.11,1.52.5,1-2-3,1100,2,1-2,370,1,1-2-3,430,2,1-2,260,1,,,,,,,
20260623,下関,8,一般 進入固定,曇り,東,4,4,4,4,4191,赤 羽 克 也,69,18,6.90,4,0.17,1.52.6,1-2-3,1100,2,1-2,370,1,1-2-3,430,2,1-2,260,1,,,,,,,
20260623,下関,8,一般 進入固定,曇り,東,4,4,5,6,5389,恵 良 琴 美,32,57,6.82,6,0.13,,1-2-3,1100,2,1-2,370,1,1-2-3,430,2,1-2,260,1,,,,,,,
20260623,下関,8,一般 進入固定,曇り,東,4,4,6,5,4277,金 田 大 輔,15,28,6.85,5,0.23,,1-2-3,1100,2,1-2,370,1,1-2-3,430,2,1-2,260,1,,,,,,,
20260623,下関,9,準優勝戦,曇り,東,4,4,1,1,4985,井 本 昌 也,29,29,6.94,1,0.08,1.48.8,1-3-5,1360,5,1-3,270,1,1-3-5,860,4,1-3,300,2,,,,,,,
20260623,下関,9,準優勝戦,曇り,東,4,4,2,3,3811,石 田 章 央,57,19,6.87,3,0.09,1.49.9,1-3-5,1360,5,1-3,270,1,1-3-5,860,4,1-3,300,2,,,,,,,
20260623,下関,9,準優勝戦,曇り,東,4,4,3,5,4039,村 上 功 祐,40,60,6.89,5,0.07,1.52.2,1-3-5,1360,5,1-3,270,1,1-3-5,860,4,1-3,300,2,,,,,,,
20260623,下関,9,準優勝戦,曇り,東,4,4,4,6,4711,前 出 達 吉,73,41,6.87,6,0.14,1.52.4,1-3-5,1360,5,1-3,270,1,1-3-5,860,4,1-3,300,2,,,,,,,
20260623,下関,9,準優勝戦,曇り,東,4,4,5,2,3826,村 田 修 次,35,71,6.91,2,0.14,,1-3-5,1360,5,1-3,270,1,1-3-5,860,4,1-3,300,2,,,,,,,
20260623,下関,9,準優勝戦,曇り,東,4,4,6,4,4506,稗 田 聖 也,70,64,6.88,4,0.09,,1-3-5,1360,5,1-3,270,1,1-3-5,860,4,1-3,300,2,,,,,,,
20260623,下関,10,準優勝戦,曇り,東,4,4,1,1,3822,平 尾 崇 典,71,34,6.85,1,0.13,1.49.3,1-2-3,530,1,1-2,260,1,1-2-3,220,1,1-2,180,1,,,,,,,
20260623,下関,10,準優勝戦,曇り,東,4,4,2,2,4983,前 田 篤 哉,47,49,6.93,3,0.14,1.51.1,1-2-3,530,1,1-2,260,1,1-2-3,220,1,1-2,180,1,,,,,,,
20260623,下関,10,準優勝戦,曇り,東,4,4,3,3,4311,岡 村 仁,17,45,6.85,4,0.16,1.52.2,1-2-3,530,1,1-2,260,1,1-2-3,220,1,1-2,180,1,,,,,,,
20260623,下関,10,準優勝戦,曇り,東,4,4,4,4,4778,堤 啓 輔,52,44,6.91,2,0.16,1.52.9,1-2-3,530,1,1-2,260,1,1-2-3,220,1,1-2,180,1,,,,,,,
20260623,下関,10,準優勝戦,曇り,東,4,4,5,5,4287,今 井 貴 士,12,65,6.87,5,0.16,,1-2-3,530,1,1-2,260,1,1-2-3,220,1,1-2,180,1,,,,,,,
20260623,下関,10,準優勝戦,曇り,東,4,4,6,6,3546,中 里 昌 志,45,66,7.01,6,0.13,,1-2-3,530,1,1-2,260,1,1-2-3,220,1,1-2,180,1,,,,,,,
20260623,下関,11,準優勝戦,曇り,東,4,4,1,1,5038,金 田 智 博,21,67,6.83,1,0.16,1.49.1,1-5-2,1970,7,1-5,830,4,1-2-5,320,2,1-5,1140,3,,,,,,,
20260623,下関,11,準優勝戦,曇り,東,4,4,2,5,4433,川 野 芽 唯,54,36,6.86,5,0.23,1.50.3,1-5-2,1970,7,1-5,830,4,1-2-5,320,2,1-5,1140,3,,,,,,,
20260623,下関,11,準優勝戦,曇り,東,4,4,3,2,3556,田 中 信一郎,62,24,6.77,2,0.23,1.52.2,1-5-2,1970,7,1-5,830,4,1-2-5,320,2,1-5,1140,3,,,,,,,
20260623,下関,11,準優勝戦,曇り,東,4,4,4,6,5110,杉 山 喜 一,36,72,6.75,6,0.17,1.53.8,1-5-2,1970,7,1-5,830,4,1-2-5,320,2,1-5,1140,3,,,,,,,
20260623,下関,11,準優勝戦,曇り,東,4,4,5,4,4879,山 崎 鉄 平,50,33,6.90,4,0.14,,1-5-2,1970,7,1-5,830,4,1-2-5,320,2,1-5,1140,3,,,,,,,
20260623,下関,11,準優勝戦,曇り,東,4,4,6,3,3662,大 庭 元 明,14,11,6.84,3,0.22,,1-5-2,1970,7,1-5,830,4,1-2-5,320,2,1-5,1140,3,,,,,,,
20260623,下関,12,一般,曇り,東,4,4,1,1,4191,赤 羽 克 也,69,18,6.86,1,0.11,1.49.5,1-3-4,1000,4,1-3,320,1,1-3-4,510,2,1-3,290,2,,,,,,,
20260623,下関,12,一般,曇り,東,4,4,2,3,3711,江 本 真 治,37,38,6.85,3,0.10,1.50.4,1-3-4,1000,4,1-3,320,1,1-3-4,510,2,1-3,290,2,,,,,,,
20260623,下関,12,一般,曇り,東,4,4,3,4,4423,坂 口 貴 彦,59,37,6.85,4,0.11,1.52.5,1-3-4,1000,4,1-3,320,1,1-3-4,510,2,1-3,290,2,,,,,,,
20260623,下関,12,一般,曇り,東,4,4,4,5,4834,浜 本 裕 己,13,12,6.95,5,0.12,1.54.0,1-3-4,1000,4,1-3,320,1,1-3-4,510,2,1-3,290,2,,,,,,,
20260623,下関,12,一般,曇り,東,4,4,5,2,3550,都 築 正 治,60,70,6.78,2,0.07,,1-3-4,1000,4,1-3,320,1,1-3-4,510,2,1-3,290,2,,,,,,,
20260623,下関,12,一般,曇り,東,4,4,6,6,4871,菊 池 宏 志,28,22,6.90,6,0.12,,1-3-4,1000,4,1-3,320,1,1-3-4,510,2,1-3,290,2,,,,,,,
20260623,丸亀,1,予選,曇り,北,2,2,1,1,5328,井 上 慧 人,3,58,6.85,1,0.11,1.49.7,1-4-6,9940,46,1-4,2650,10,1-4-6,3240,19,1-4,1270,7,,,,,,,
20260623,丸亀,1,予選,曇り,北,2,2,2,4,5343,小 林 礼 央,34,30,6.85,4,0.14,1.50.9,1-4-6,9940,46,1-4,2650,10,1-4-6,3240,19,1-4,1270,7,,,,,,,
20260623,丸亀,1,予選,曇り,北,2,2,3,6,5368,宮 崎 心之介,10,63,6.74,6,0.11,1.53.3,1-4-6,9940,46,1-4,2650,10,1-4-6,3240,19,1-4,1270,7,,,,,,,
20260623,丸亀,1,予選,曇り,北,2,2,4,5,5339,石 井 伸 長,37,24,6.76,5,0.05,1.55.0,1-4-6,9940,46,1-4,2650,10,1-4-6,3240,19,1-4,1270,7,,,,,,,
20260623,丸亀,1,予選,曇り,北,2,2,5,3,5131,江 藤 敦 宏,2,65,6.84,3,0.16,1.56.1,1-4-6,9940,46,1-4,2650,10,1-4-6,3240,19,1-4,1270,7,,,,,,,
20260623,丸亀,1,予選,曇り,北,2,2,6,2,5186,遠 藤 圭 吾,9,47,6.80,2,0.19,1.58.1,1-4-6,9940,46,1-4,2650,10,1-4-6,3240,19,1-4,1270,7,,,,,,,
20260623,丸亀,2,予選,曇り,北西,1,1,1,3,5114,小 林 孝 彰,13,8,6.75,3,0.19,1.50.8,3-2-5,7490,31,3-2,1080,6,2-3-5,2700,9,2-3,850,3,,,,,,,
20260623,丸亀,2,予選,曇り,北西,1,1,2,2,5157,市 川 健 太,4,23,6.82,2,0.21,1.51.9,3-2-5,7490,31,3-2,1080,6,2-3-5,2700,9,2-3,850,3,,,,,,,
20260623,丸亀,2,予選,曇り,北西,1,1,3,5,5315,浅 井 翼,22,32,6.81,5,0.20,1.53.7,3-2-5,7490,31,3-2,1080,6,2-3-5,2700,9,2-3,850,3,,,,,,,
20260623,丸亀,2,予選,曇り,北西,1,1,4,4,5201,村 上 宗太郎,61,46,6.80,4,0.29,1.55.2,3-2-5,7490,31,3-2,1080,6,2-3-5,2700,9,2-3,850,3,,,,,,,
20260623,丸亀,2,予選,曇り,北西,1,1,5,1,5308,藤 森 拓 海,63,2,6.88,1,0.30,1.56.8,3-2-5,7490,31,3-2,1080,6,2-3-5,2700,9,2-3,850,3,,,,,,,
20260623,丸亀,2,予選,曇り,北西,1,1,6,6,5403,藤 山 湧 太,20,33,6.79,6,0.22,1.57.2,3-2-5,7490,31,3-2,1080,6,2-3-5,2700,9,2-3,850,3,,,,,,,
20260623,丸亀,3,予選,曇り,北西,1,1,1,3,5207,高 山 敬 悟,8,53,6.78,3,0.11,1.49.2,3-4-2,2550,9,3-4,1050,6,2-3-4,330,2,3-4,830,5,,,,,,,
20260623,丸亀,3,予選,曇り,北西,1,1,2,4,5299,西 丸 敦 基,33,22,6.81,4,0.08,1.51.2,3-4-2,2550,9,3-4,1050,6,2-3-4,330,2,3-4,830,5,,,,,,,
20260623,丸亀,3,予選,曇り,北西,1,1,3,2,5280,廣 瀬 凜,16,36,6.89,2,0.12,1.53.1,3-4-2,2550,9,3-4,1050,6,2-3-4,330,2,3-4,830,5,,,,,,,
20260623,丸亀,3,予選,曇り,北西,1,1,4,5,5359,佐 藤 世 那,31,50,6.83,5,0.09,1.53.2,3-4-2,2550,9,3-4,1050,6,2-3-4,330,2,3-4,830,5,,,,,,,
20260623,丸亀,3,予選,曇り,北西,1,1,5,1,5262,鈴 木 章 司,26,35,6.85,1,0.12,1.53.4,3-4-2,2550,9,3-4,1050,6,2-3-4,330,2,3-4,830,5,,,,,,,
20260623,丸亀,3,予選,曇り,北西,1,1,6,6,5143,常 盤 海 心,44,11,6.86,6,0.13,1.56.6,3-4-2,2550,9,3-4,1050,6,2-3-4,330,2,3-4,830,5,,,,,,,
20260623,丸亀,4,予選,曇り,北西,1,1,1,3,5191,飛 田 江 己,43,43,6.71,3,0.01,1.49.6,3-2-4,1960,9,3-2,630,3,2-3-4,550,3,2-3,300,1,,,,,,,
20260623,丸亀,4,予選,曇り,北西,1,1,2,2,5216,長谷川 晴 哉,46,17,6.80,2,0.07,1.50.6,3-2-4,1960,9,3-2,630,3,2-3-4,550,3,2-3,300,1,,,,,,,
20260623,丸亀,4,予選,曇り,北西,1,1,3,4,5271,杉 山 太 陽,41,18,6.76,4,0.05,1.53.7,3-2-4,1960,9,3-2,630,3,2-3-4,550,3,2-3,300,1,,,,,,,
20260623,丸亀,4,予選,曇り,北西,1,1,4,1,5258,仲 本 舜,21,56,6.88,1,0.22,1.54.4,3-2-4,1960,9,3-2,630,3,2-3-4,550,3,2-3,300,1,,,,,,,
20260623,丸亀,4,予選,曇り,北西,1,1,5,6,5325,澁 川 夏,60,39,6.78,6,0.06,1.56.5,3-2-4,1960,9,3-2,630,3,2-3-4,550,3,2-3,300,1,,,,,,,
20260623,丸亀,4,予選,曇り,北西,1,1,F,5,5431,得 山 大 輝,62,61,6.89,5,F0.04,,3-2-4,1960,9,3-2,630,3,2-3-4,550,3,2-3,300,1,,,,,,,
20260623,丸亀,5,予選,曇り,西,2,2,1,2,5018,竹 下 大 樹,51,54,6.79,2,0.09,1.50.9,2-3-1,3770,14,2-3,1570,7,1-2-3,430,1,2-3,770,4,,,,,,,
20260623,丸亀,5,予選,曇り,西,2,2,2,3,5276,大 島 隆乃介,59,5,6.70,3,0.10,1.51.7,2-3-1,3770,14,2-3,1570,7,1-2-3,430,1,2-3,770,4,,,,,,,
20260623,丸亀,5,予選,曇り,西,2,2,3,1,5211,高 井 駿 弥,55,14,6.81,1,0.11,1.53.5,2-3-1,3770,14,2-3,1570,7,1-2-3,430,1,2-3,770,4,,,,,,,
20260623,丸亀,5,予選,曇り,西,2,2,4,5,5150,坂 本 雄 紀,17,66,6.88,5,0.11,1.54.0,2-3-1,3770,14,2-3,1570,7,1-2-3,430,1,2-3,770,4,,,,,,,
20260623,丸亀,5,予選,曇り,西,2,2,5,6,5318,河 内 一 馬,12,40,6.95,6,0.20,1.56.2,2-3-1,3770,14,2-3,1570,7,1-2-3,430,1,2-3,770,4,,,,,,,
20260623,丸亀,5,予選,曇り,西,2,2,6,4,5282,中 本 大 樹,15,16,6.61,4,0.23,1.58.4,2-3-1,3770,14,2-3,1570,7,1-2-3,430,1,2-3,770,4,,,,,,,
20260623,丸亀,6,予選,曇り,南西,1,1,1,1,5237,永 松 良 教,45,59,6.85,1,0.04,2.01.7,1-2-6,13320,45,1-2,1310,6,1-2-6,4260,14,1-2,1910,8,,,,,,,
20260623,丸亀,6,予選,曇り,南西,1,1,2,2,5345,牧 村 俊 輝,39,34,6.81,2,0.08,2.05.5,1-2-6,13320,45,1-2,1310,6,1-2-6,4260,14,1-2,1910,8,,,,,,,
20260623,丸亀,6,予選,曇り,南西,1,1,3,6,5255,藤 原 仙 二,24,52,6.84,6,0.16,2.08.3,1-2-6,13320,45,1-2,1310,6,1-2-6,4260,14,1-2,1910,8,,,,,,,
20260623,丸亀,6,予選,曇り,南西,1,1,4,4,5328,井 上 慧 人,3,58,6.78,4,0.14,2.11.4,1-2-6,13320,45,1-2,1310,6,1-2-6,4260,14,1-2,1910,8,,,,,,,
20260623,丸亀,6,予選,曇り,南西,1,1,5,5,5224,西 岡 顕 心,66,27,6.87,5,0.16,2.14.8,1-2-6,13320,45,1-2,1310,6,1-2-6,4260,14,1-2,1910,8,,,,,,,
20260623,丸亀,6,予選,曇り,南西,1,1,S0,3,5190,大 月 遊 雅,52,19,6.85,3,0.10,,1-2-6,13320,45,1-2,1310,6,1-2-6,4260,14,1-2,1910,8,,,,,,,
20260623,丸亀,7,予選,曇り,西,1,1,1,4,5298,水 谷 理 人,54,15,6.70,4,0.06,1.50.4,4-6-2,3030,14,4-6,2030,8,2-4-6,430,2,4-6,1920,7,,,,,,,
20260623,丸亀,7,予選,曇り,西,1,1,2,6,5147,田 中 勇 輔,27,44,6.84,6,0.02,1.52.3,4-6-2,3030,14,4-6,2030,8,2-4-6,430,2,4-6,1920,7,,,,,,,
20260623,丸亀,7,予選,曇り,西,1,1,3,2,5028,原 田 才一郎,48,37,6.67,2,0.11,1.53.4,4-6-2,3030,14,4-6,2030,8,2-4-6,430,2,4-6,1920,7,,,,,,,
20260623,丸亀,7,予選,曇り,西,1,1,4,5,5308,藤 森 拓 海,63,2,7.03,5,0.06,1.55.4,4-6-2,3030,14,4-6,2030,8,2-4-6,430,2,4-6,1920,7,,,,,,,
20260623,丸亀,7,予選,曇り,西,1,1,5,1,5186,遠 藤 圭 吾,9,47,6.91,1,0.11,1.56.8,4-6-2,3030,14,4-6,2030,8,2-4-6,430,2,4-6,1920,7,,,,,,,
20260623,丸亀,7,予選,曇り,西,1,1,6,3,5143,常 盤 海 心,44,11,6.80,3,0.11,1.58.4,4-6-2,3030,14,4-6,2030,8,2-4-6,430,2,4-6,1920,7,,,,,,,
20260623,丸亀,8,予選,曇り,西,1,1,1,4,5221,竹 間 隆 晟,14,49,6.81,4,0.07,1.50.2,4-1-3,2300,9,4-1,720,4,1-3-4,270,2,1-4,150,1,,,,,,,
20260623,丸亀,8,予選,曇り,西,1,1,2,1,5114,小 林 孝 彰,13,8,6.78,1,0.12,1.52.2,4-1-3,2300,9,4-1,720,4,1-3-4,270,2,1-4,150,1,,,,,,,
20260623,丸亀,8,予選,曇り,西,1,1,3,3,5368,宮 崎 心之介,10,63,6.81,3,0.11,1.53.4,4-1-3,2300,9,4-1,720,4,1-3-4,270,2,1-4,150,1,,,,,,,
20260623,丸亀,8,予選,曇り,西,1,1,4,5,5288,尾 道 佳 諭,25,62,6.85,5,0.03,1.53.5,4-1-3,2300,9,4-1,720,4,1-3-4,270,2,1-4,150,1,,,,,,,
20260623,丸亀,8,予選,曇り,西,1,1,5,2,5359,佐 藤 世 那,31,50,6.86,2,0.13,1.56.0,4-1-3,2300,9,4-1,720,4,1-3-4,270,2,1-4,150,1,,,,,,,
20260623,丸亀,8,予選,曇り,西,1,1,F,6,5431,得 山 大 輝,62,61,6.82,6,F0.01,,4-1-3,2300,9,4-1,720,4,1-3-4,270,2,1-4,150,1,,,,,,,
20260623,丸亀,9,まるがめ特賞,曇り,西,1,1,1,1,5257,西 丸 侑太朗,1,12,6.87,1,0.12,1.50.4,1-2-4,7380,26,1-2,2520,10,1-2-4,2570,8,1-2,1500,6,,,,,,,
20260623,丸亀,9,まるがめ特賞,曇り,西,1,1,2,2,5315,浅 井 翼,22,32,6.85,2,0.18,1.52.4,1-2-4,7380,26,1-2,2520,10,1-2-4,2570,8,1-2,1500,6,,,,,,,
20260623,丸亀,9,まるがめ特賞,曇り,西,1,1,3,4,5216,長谷川 晴 哉,46,17,6.90,4,0.17,1.53.6,1-2-4,7380,26,1-2,2520,10,1-2-4,2570,8,1-2,1500,6,,,,,,,
20260623,丸亀,9,まるがめ特賞,曇り,西,1,1,4,6,5282,中 本 大 樹,15,16,6.68,6,0.17,1.54.4,1-2-4,7380,26,1-2,2520,10,1-2-4,2570,8,1-2,1500,6,,,,,,,
20260623,丸亀,9,まるがめ特賞,曇り,西,1,1,5,3,5330,安河内 鈴之介,64,3,6.82,3,0.14,1.54.8,1-2-4,7380,26,1-2,2520,10,1-2-4,2570,8,1-2,1500,6,,,,,,,
20260623,丸亀,9,まるがめ特賞,曇り,西,1,1,6,5,5262,鈴 木 章 司,26,35,6.90,5,0.19,1.56.7,1-2-4,7380,26,1-2,2520,10,1-2-4,2570,8,1-2,1500,6,,,,,,,
20260623,丸亀,10,蒼月まるる特,曇り,西,1,1,1,3,5280,廣 瀬 凜,16,36,6.88,3,0.14,1.50.7,3-1-6,4090,15,3-1,2060,7,1-3-6,230,1,1-3,280,2,,,,,,,
20260623,丸亀,10,蒼月まるる特,曇り,西,1,1,2,1,5068,前 田 滉,35,1,6.72,1,0.15,1.50.9,3-1-6,4090,15,3-1,2060,7,1-3-6,230,1,1-3,280,2,,,,,,,
20260623,丸亀,10,蒼月まるる特,曇り,西,1,1,3,6,5278,田 中 駿 兵,58,9,6.75,6,0.14,1.53.2,3-1-6,4090,15,3-1,2060,7,1-3-6,230,1,1-3,280,2,,,,,,,
20260623,丸亀,10,蒼月まるる特,曇り,西,1,1,4,5,5134,大 原 祥 昌,19,25,6.94,5,0.17,1.54.6,3-1-6,4090,15,3-1,2060,7,1-3-6,230,1,1-3,280,2,,,,,,,
20260623,丸亀,10,蒼月まるる特,曇り,西,1,1,5,2,5318,河 内 一 馬,12,40,6.89,2,0.13,1.55.4,3-1-6,4090,15,3-1,2060,7,1-3-6,230,1,1-3,280,2,,,,,,,
20260623,丸亀,10,蒼月まるる特,曇り,西,1,1,6,4,5131,江 藤 敦 宏,2,65,6.81,4,0.19,1.57.4,3-1-6,4090,15,3-1,2060,7,1-3-6,230,1,1-3,280,2,,,,,,,
20260623,丸亀,11,一般選抜,曇り,西,1,1,1,1,5191,飛 田 江 己,43,43,6.71,1,0.06,1.50.2,1-3-2,3660,14,1-3,1050,4,1-2-3,1130,6,1-3,800,5,,,,,,,
20260623,丸亀,11,一般選抜,曇り,西,1,1,2,3,5339,石 井 伸 長,37,24,6.91,3,0.11,1.51.7,1-3-2,3660,14,1-3,1050,4,1-2-3,1130,6,1-3,800,5,,,,,,,
20260623,丸亀,11,一般選抜,曇り,西,1,1,3,2,5255,藤 原 仙 二,24,52,6.77,2,0.12,1.53.3,1-3-2,3660,14,1-3,1050,4,1-2-3,1130,6,1-3,800,5,,,,,,,
20260623,丸亀,11,一般選抜,曇り,西,1,1,4,5,5018,竹 下 大 樹,51,54,6.80,5,0.18,1.53.6,1-3-2,3660,14,1-3,1050,4,1-2-3,1130,6,1-3,800,5,,,,,,,
20260623,丸亀,11,一般選抜,曇り,西,1,1,5,4,5207,高 山 敬 悟,8,53,6.80,4,0.13,1.54.7,1-3-2,3660,14,1-3,1050,4,1-2-3,1130,6,1-3,800,5,,,,,,,
20260623,丸亀,11,一般選抜,曇り,西,1,1,6,6,5298,水 谷 理 人,54,15,6.80,6,0.19,1.57.2,1-3-2,3660,14,1-3,1050,4,1-2-3,1130,6,1-3,800,5,,,,,,,
20260623,丸亀,12,一般選抜,曇り,西,1,1,1,1,5028,原 田 才一郎,48,37,6.71,1,0.07,1.50.0,1-2-4,2010,7,1-2,480,2,1-2-4,1010,5,1-2,320,2,,,,,,,
20260623,丸亀,12,一般選抜,曇り,西,1,1,2,2,5150,坂 本 雄 紀,17,66,6.80,2,0.08,1.51.5,1-2-4,2010,7,1-2,480,2,1-2-4,1010,5,1-2,320,2,,,,,,,
20260623,丸亀,12,一般選抜,曇り,西,1,1,3,4,5325,澁 川 夏,60,39,6.76,4,0.03,1.52.0,1-2-4,2010,7,1-2,480,2,1-2-4,1010,5,1-2,320,2,,,,,,,
20260623,丸亀,12,一般選抜,曇り,西,1,1,4,3,5224,西 岡 顕 心,66,27,6.86,3,0.08,1.52.6,1-2-4,2010,7,1-2,480,2,1-2-4,1010,5,1-2,320,2,,,,,,,
20260623,丸亀,12,一般選抜,曇り,西,1,1,5,5,5299,西 丸 敦 基,33,22,6.85,5,0.02,1.54.1,1-2-4,2010,7,1-2,480,2,1-2-4,1010,5,1-2,320,2,,,,,,,
20260623,丸亀,12,一般選抜,曇り,西,1,1,6,6,5221,竹 間 隆 晟,14,49,6.80,6,0.11,1.55.9,1-2-4,2010,7,1-2,480,2,1-2-4,1010,5,1-2,320,2,,,,,,,
20260623,児島,1,朝得ガァ～コ,曇り,南東,2,3,1,1,4142,平 野 和 明,32,65,6.77,1,0.16,1.49.5,1-4-2,1630,5,1-4,500,3,1-2-4,390,2,1-4,640,3,,,,,,,
20260623,児島,1,朝得ガァ～コ,曇り,南東,2,3,2,4,3842,星 野 太 郎,23,15,6.89,4,0.18,1.51.8,1-4-2,1630,5,1-4,500,3,1-2-4,390,2,1-4,640,3,,,,,,,
20260623,児島,1,朝得ガァ～コ,曇り,南東,2,3,3,2,4872,山 下 流 心,69,56,6.80,2,0.20,1.52.6,1-4-2,1630,5,1-4,500,3,1-2-4,390,2,1-4,640,3,,,,,,,
20260623,児島,1,朝得ガァ～コ,曇り,南東,2,3,4,6,5206,梅 原 祥 平,63,37,6.79,5,0.18,1.53.6,1-4-2,1630,5,1-4,500,3,1-2-4,390,2,1-4,640,3,,,,,,,
20260623,児島,1,朝得ガァ～コ,曇り,南東,2,3,5,5,5467,野 村 羽 玖,70,55,6.79,6,0.18,,1-4-2,1630,5,1-4,500,3,1-2-4,390,2,1-4,640,3,,,,,,,
20260623,児島,1,朝得ガァ～コ,曇り,南東,2,3,6,3,4891,寺 島 美 里,18,68,6.76,3,0.18,,1-4-2,1630,5,1-4,500,3,1-2-4,390,2,1-4,640,3,,,,,,,
20260623,児島,2,予選,曇り,南東,2,3,1,3,3895,堀 本 裕 也,41,53,6.76,3,0.22,1.50.9,3-6-1,22900,71,3-6,5750,21,1-3-6,1110,6,3-6,1760,8,,,,,,,
20260623,児島,2,予選,曇り,南東,2,3,2,6,4336,松 田 竜 馬,12,17,6.84,6,0.10,1.51.7,3-6-1,22900,71,3-6,5750,21,1-3-6,1110,6,3-6,1760,8,,,,,,,
20260623,児島,2,予選,曇り,南東,2,3,3,1,5317,長 尾 萌 加,67,16,6.76,1,0.27,1.53.3,3-6-1,22900,71,3-6,5750,21,1-3-6,1110,6,3-6,1760,8,,,,,,,
20260623,児島,2,予選,曇り,南東,2,3,4,5,3832,下 田 哲 也,48,54,6.87,5,0.14,1.55.1,3-6-1,22900,71,3-6,5750,21,1-3-6,1110,6,3-6,1760,8,,,,,,,
20260623,児島,2,予選,曇り,南東,2,3,5,2,4271,川 崎 公 靖,68,27,6.77,2,0.19,,3-6-1,22900,71,3-6,5750,21,1-3-6,1110,6,3-6,1760,8,,,,,,,
20260623,児島,2,予選,曇り,南東,2,3,6,4,5259,野 田 昇 吾,15,21,6.89,4,0.13,,3-6-1,22900,71,3-6,5750,21,1-3-6,1110,6,3-6,1760,8,,,,,,,
20260623,児島,3,予選,曇り,南東,1,1,1,3,3489,大 場 敏,13,49,6.74,3,0.08,1.49.0,3-1-2,5230,16,3-1,2460,8,1-2-3,270,1,1-3,400,2,,,,,,,
20260623,児島,3,予選,曇り,南東,1,1,2,1,5004,河 野 主 樹,29,60,6.79,1,0.12,1.50.5,3-1-2,5230,16,3-1,2460,8,1-2-3,270,1,1-3,400,2,,,,,,,
20260623,児島,3,予選,曇り,南東,1,1,3,2,4518,大須賀 友,44,74,6.69,2,0.10,1.51.9,3-1-2,5230,16,3-1,2460,8,1-2-3,270,1,1-3,400,2,,,,,,,
20260623,児島,3,予選,曇り,南東,1,1,4,4,4669,井 上 茂,59,32,6.89,4,0.16,1.52.2,3-1-2,5230,16,3-1,2460,8,1-2-3,270,1,1-3,400,2,,,,,,,
20260623,児島,3,予選,曇り,南東,1,1,5,5,4977,馬 野 耀,24,70,6.75,5,0.17,,3-1-2,5230,16,3-1,2460,8,1-2-3,270,1,1-3,400,2,,,,,,,
20260623,児島,3,予選,曇り,南東,1,1,6,6,3233,小 畑 実 成,37,51,6.80,6,0.25,,3-1-2,5230,16,3-1,2460,8,1-2-3,270,1,1-3,400,2,,,,,,,
20260623,児島,4,コジマだ４っ,曇り,南東,1,1,1,3,4743,木 村 仁 紀,42,59,6.83,3,0.08,1.49.7,3-1-6,6890,28,3-1,730,2,1-3-6,1770,8,1-3,450,2,,,,,,,
20260623,児島,4,コジマだ４っ,曇り,南東,1,1,2,1,4443,津 田 裕 絵,40,19,6.81,1,0.14,1.50.3,3-1-6,6890,28,3-1,730,2,1-3-6,1770,8,1-3,450,2,,,,,,,
20260623,児島,4,コジマだ４っ,曇り,南東,1,1,3,6,4840,鈴 木 秀 茉,30,41,6.69,6,0.02,1.52.1,3-1-6,6890,28,3-1,730,2,1-3-6,1770,8,1-3,450,2,,,,,,,
20260623,児島,4,コジマだ４っ,曇り,南東,1,1,4,4,4133,高 橋 正 男,36,64,6.84,4,0.03,1.53.3,3-1-6,6890,28,3-1,730,2,1-3-6,1770,8,1-3,450,2,,,,,,,
20260623,児島,4,コジマだ４っ,曇り,南東,1,1,5,2,3712,淺 香 文 武,33,40,6.87,2,0.14,,3-1-6,6890,28,3-1,730,2,1-3-6,1770,8,1-3,450,2,,,,,,,
20260623,児島,4,コジマだ４っ,曇り,南東,1,1,6,5,4656,大 崎 翔,51,45,6.79,5,0.05,,3-1-6,6890,28,3-1,730,2,1-3-6,1770,8,1-3,450,2,,,,,,,
20260623,児島,5,日替艇食戦,曇り,南東,1,1,1,3,4144,石 塚 久 也,49,23,6.72,3,0.18,1.50.0,3-2-1,7230,27,3-2,2030,9,1-2-3,610,4,2-3,900,5,,,,,,,
20260623,児島,5,日替艇食戦,曇り,南東,1,1,2,2,5248,本 田 愛,54,47,6.85,2,0.19,1.50.8,3-2-1,7230,27,3-2,2030,9,1-2-3,610,4,2-3,900,5,,,,,,,
20260623,児島,5,日替艇食戦,曇り,南東,1,1,3,1,5338,香 月 大 輝,61,12,6.79,1,0.09,1.53.0,3-2-1,7230,27,3-2,2030,9,1-2-3,610,4,2-3,900,5,,,,,,,
20260623,児島,5,日替艇食戦,曇り,南東,1,1,4,5,3746,岡 瀬 正 人,66,20,6.90,5,0.22,1.53.3,3-2-1,7230,27,3-2,2030,9,1-2-3,610,4,2-3,900,5,,,,,,,
20260623,児島,5,日替艇食戦,曇り,南東,1,1,5,6,5450,藤 本 遼 磨,52,75,6.83,6,0.23,,3-2-1,7230,27,3-2,2030,9,1-2-3,610,4,2-3,900,5,,,,,,,
20260623,児島,5,日替艇食戦,曇り,南東,1,1,6,4,3999,大 瀧 明日香,34,30,6.80,4,0.21,,3-2-1,7230,27,3-2,2030,9,1-2-3,610,4,2-3,900,5,,,,,,,
20260623,児島,6,予選,曇り,南東,1,1,1,3,5311,小 林 京 平,22,63,6.62,4,0.18,1.50.2,3-1-4,6990,32,3-1,3120,18,1-3-4,1030,6,1-3,840,6,,,,,,,
20260623,児島,6,予選,曇り,南東,1,1,2,1,3207,田 村 美 和,45,14,6.82,1,0.11,1.51.9,3-1-4,6990,32,3-1,3120,18,1-3-4,1030,6,1-3,840,6,,,,,,,
20260623,児島,6,予選,曇り,南東,1,1,3,4,4214,林 祐 介,19,22,6.77,3,0.13,1.53.4,3-1-4,6990,32,3-1,3120,18,1-3-4,1030,6,1-3,840,6,,,,,,,
20260623,児島,6,予選,曇り,南東,1,1,4,5,3422,服 部 幸 男,62,57,6.78,5,0.17,1.53.9,3-1-4,6990,32,3-1,3120,18,1-3-4,1030,6,1-3,840,6,,,,,,,
20260623,児島,6,予選,曇り,南東,1,1,5,6,5467,野 村 羽 玖,70,55,6.82,6,0.06,,3-1-4,6990,32,3-1,3120,18,1-3-4,1030,6,1-3,840,6,,,,,,,
20260623,児島,6,予選,曇り,南東,1,1,6,2,4358,松 本 庸 平,25,36,6.74,2,0.14,,3-1-4,6990,32,3-1,3120,18,1-3-4,1030,6,1-3,840,6,,,,,,,
20260623,児島,7,予選,曇り,南東,2,3,1,1,3842,星 野 太 郎,23,15,6.79,1,0.09,1.49.8,1-2-4,1590,1,1-2,620,2,1-2-4,580,3,1-2,410,1,,,,,,,
20260623,児島,7,予選,曇り,南東,2,3,2,2,4450,平 高 奈 菜,65,39,6.76,2,0.08,1.50.6,1-2-4,1590,1,1-2,620,2,1-2-4,580,3,1-2,410,1,,,,,,,
20260623,児島,7,予選,曇り,南東,2,3,3,4,4172,森 定 晃 史,14,25,6.84,4,0.13,1.52.1,1-2-4,1590,1,1-2,620,2,1-2-4,580,3,1-2,410,1,,,,,,,
20260623,児島,7,予選,曇り,南東,2,3,4,5,4832,権 藤 俊 光,11,34,6.85,5,0.15,1.52.5,1-2-4,1590,1,1-2,620,2,1-2-4,580,3,1-2,410,1,,,,,,,
20260623,児島,7,予選,曇り,南東,2,3,5,3,4271,川 崎 公 靖,68,27,6.80,3,0.11,,1-2-4,1590,1,1-2,620,2,1-2-4,580,3,1-2,410,1,,,,,,,
20260623,児島,7,予選,曇り,南東,2,3,6,6,4180,上 野 秀 和,38,33,6.80,6,0.12,,1-2-4,1590,1,1-2,620,2,1-2-4,580,3,1-2,410,1,,,,,,,
20260623,児島,8,予選,曇り,南東,2,3,1,1,3489,大 場 敏,13,49,6.76,1,0.17,1.49.6,1-3-4,510,1,1-3,230,1,1-3-4,150,1,1-3,170,1,,,,,,,
20260623,児島,8,予選,曇り,南東,2,3,2,3,4840,鈴 木 秀 茉,30,41,6.73,3,0.29,1.51.3,1-3-4,510,1,1-3,230,1,1-3-4,150,1,1-3,170,1,,,,,,,
20260623,児島,8,予選,曇り,南東,2,3,3,4,4521,小 池 公 生,47,24,6.85,4,0.27,1.52.6,1-3-4,510,1,1-3,230,1,1-3-4,150,1,1-3,170,1,,,,,,,
20260623,児島,8,予選,曇り,南東,2,3,4,2,3832,下 田 哲 也,48,54,6.81,2,0.30,1.53.0,1-3-4,510,1,1-3,230,1,1-3-4,150,1,1-3,170,1,,,,,,,
20260623,児島,8,予選,曇り,南東,2,3,5,5,4146,柳 橋 宏 紀,28,11,6.89,6,0.21,,1-3-4,510,1,1-3,230,1,1-3-4,150,1,1-3,170,1,,,,,,,
20260623,児島,8,予選,曇り,南東,2,3,6,6,4872,山 下 流 心,69,56,6.92,5,0.24,,1-3-4,510,1,1-3,230,1,1-3-4,150,1,1-3,170,1,,,,,,,
20260623,児島,9,これしか９じ,曇り,南東,1,1,1,2,4142,平 野 和 明,32,65,6.84,2,0.09,1.49.7,2-1-5,4070,13,2-1,1610,5,1-2-5,160,1,1-2,360,2,,,,,,,
20260623,児島,9,これしか９じ,曇り,南東,1,1,2,1,4977,馬 野 耀,24,70,6.77,1,0.04,1.50.7,2-1-5,4070,13,2-1,1610,5,1-2-5,160,1,1-2,360,2,,,,,,,
20260623,児島,9,これしか９じ,曇り,南東,1,1,3,5,4852,川 原 祐 明,20,48,6.92,5,0.12,1.52.2,2-1-5,4070,13,2-1,1610,5,1-2-5,160,1,1-2,360,2,,,,,,,
20260623,児島,9,これしか９じ,曇り,南東,1,1,4,3,5317,長 尾 萌 加,67,16,6.89,3,0.05,1.53.4,2-1-5,4070,13,2-1,1610,5,1-2-5,160,1,1-2,360,2,,,,,,,
20260623,児島,9,これしか９じ,曇り,南東,1,1,5,4,5404,内 田 壮,26,42,6.88,4,0.05,,2-1-5,4070,13,2-1,1610,5,1-2-5,160,1,1-2,360,2,,,,,,,
20260623,児島,9,これしか９じ,曇り,南東,1,1,6,6,3712,淺 香 文 武,33,40,6.90,6,0.15,,2-1-5,4070,13,2-1,1610,5,1-2-5,160,1,1-2,360,2,,,,,,,
20260623,児島,10,予選特賞,曇り,南東,1,1,1,3,3746,岡 瀬 正 人,66,20,6.83,3,0.16,1.49.5,3-2-1,8960,35,3-2,2450,9,1-2-3,250,1,2-3,470,2,,,,,,,
20260623,児島,10,予選特賞,曇り,南東,1,1,2,2,4036,金 田 諭,46,71,6.78,2,0.17,1.51.1,3-2-1,8960,35,3-2,2450,9,1-2-3,250,1,2-3,470,2,,,,,,,
20260623,児島,10,予選特賞,曇り,南東,1,1,3,1,4891,寺 島 美 里,18,68,6.80,1,0.22,1.52.6,3-2-1,8960,35,3-2,2450,9,1-2-3,250,1,2-3,470,2,,,,,,,
20260623,児島,10,予選特賞,曇り,南東,1,1,4,6,4133,高 橋 正 男,36,64,6.84,6,0.18,1.53.4,3-2-1,8960,35,3-2,2450,9,1-2-3,250,1,2-3,470,2,,,,,,,
20260623,児島,10,予選特賞,曇り,南東,1,1,5,4,4336,松 田 竜 馬,12,17,6.86,4,0.21,,3-2-1,8960,35,3-2,2450,9,1-2-3,250,1,2-3,470,2,,,,,,,
20260623,児島,10,予選特賞,曇り,南東,1,1,6,5,5004,河 野 主 樹,29,60,6.80,5,0.15,,3-2-1,8960,35,3-2,2450,9,1-2-3,250,1,2-3,470,2,,,,,,,
20260623,児島,11,予選特選,曇り,南東,2,3,1,3,4518,大須賀 友,44,74,6.78,3,0.21,1.49.0,3-1-2,1950,6,3-1,450,2,1-2-3,250,1,1-3,260,2,,,,,,,
20260623,児島,11,予選特選,曇り,南東,2,3,2,1,3422,服 部 幸 男,62,57,6.77,1,0.22,1.51.5,3-1-2,1950,6,3-1,450,2,1-2-3,250,1,1-3,260,2,,,,,,,
20260623,児島,11,予選特選,曇り,南東,2,3,3,2,4180,上 野 秀 和,38,33,6.75,2,0.23,1.52.4,3-1-2,1950,6,3-1,450,2,1-2-3,250,1,1-3,260,2,,,,,,,
20260623,児島,11,予選特選,曇り,南東,2,3,4,4,4443,津 田 裕 絵,40,19,6.93,4,0.21,1.53.5,3-1-2,1950,6,3-1,450,2,1-2-3,250,1,1-3,260,2,,,,,,,
20260623,児島,11,予選特選,曇り,南東,2,3,5,5,3999,大 瀧 明日香,34,30,6.91,5,0.21,,3-1-2,1950,6,3-1,450,2,1-2-3,250,1,1-3,260,2,,,,,,,
20260623,児島,11,予選特選,曇り,南東,2,3,6,6,4846,佐 藤 駿 介,64,35,6.84,6,0.18,,3-1-2,1950,6,3-1,450,2,1-2-3,250,1,1-3,260,2,,,,,,,
20260623,児島,12,記者選抜戦,曇り,南東,2,3,1,2,4214,林 祐 介,19,22,6.79,2,0.17,1.49.7,2-1-3,6130,20,2-1,2010,7,1-2-3,500,2,1-2,350,2,,,,,,,
20260623,児島,12,記者選抜戦,曇り,南東,2,3,2,1,4743,木 村 仁 紀,42,59,6.83,1,0.21,1.51.7,2-1-3,6130,20,2-1,2010,7,1-2-3,500,2,1-2,350,2,,,,,,,
20260623,児島,12,記者選抜戦,曇り,南東,2,3,3,3,4521,小 池 公 生,47,24,6.80,3,0.15,1.52.1,2-1-3,6130,20,2-1,2010,7,1-2-3,500,2,1-2,350,2,,,,,,,
20260623,児島,12,記者選抜戦,曇り,南東,2,3,4,5,4144,石 塚 久 也,49,23,6.83,5,0.15,1.52.7,2-1-3,6130,20,2-1,2010,7,1-2-3,500,2,1-2,350,2,,,,,,,
20260623,児島,12,記者選抜戦,曇り,南東,2,3,5,4,4832,権 藤 俊 光,11,34,6.83,4,0.15,,2-1-3,6130,20,2-1,2010,7,1-2-3,500,2,1-2,350,2,,,,,,,
20260623,児島,12,記者選抜戦,曇り,南東,2,3,6,6,4669,井 上 茂,59,32,6.83,6,0.16,,2-1-3,6130,20,2-1,2010,7,1-2-3,500,2,1-2,350,2,,,,,,,
20260623,唐津,1,朝１戦,雨,北,3,3,1,1,3439,大 平 誉史明,55,60,6.72,1,0.07,1.50.5,1-2-3,2080,8,1-2,690,4,1-2-3,980,6,1-2,950,4,,,,,,,
20260623,唐津,1,朝１戦,雨,北,3,3,2,2,5309,森 雄 利,51,12,6.73,2,0.02,1.51.9,1-2-3,2080,8,1-2,690,4,1-2-3,980,6,1-2,950,4,,,,,,,
20260623,唐津,1,朝１戦,雨,北,3,3,3,3,3928,林 恵 祐,32,46,6.79,3,0.06,1.53.9,1-2-3,2080,8,1-2,690,4,1-2-3,980,6,1-2,950,4,,,,,,,
20260623,唐津,1,朝１戦,雨,北,3,3,4,6,4981,牧 山 敦 也,10,32,6.79,5,0.13,1.54.4,1-2-3,2080,8,1-2,690,4,1-2-3,980,6,1-2,950,4,,,,,,,
20260623,唐津,1,朝１戦,雨,北,3,3,5,4,5307,富 永 夏哉人,47,41,6.77,4,0.08,1.56.3,1-2-3,2080,8,1-2,690,4,1-2-3,980,6,1-2,950,4,,,,,,,
20260623,唐津,1,朝１戦,雨,北,3,3,6,5,5458,田 中 大 輝,45,26,6.66,6,0.27,1.57.7,1-2-3,2080,8,1-2,690,4,1-2-3,980,6,1-2,950,4,,,,,,,
20260623,唐津,2,モー２ング戦,雨,北,3,3,1,1,3158,島 川 光 男,52,5,6.82,1,0.07,1.49.7,1-2-3,470,1,1-2,180,1,1-2-3,190,1,1-2,130,1,,,,,,,
20260623,唐津,2,モー２ング戦,雨,北,3,3,2,2,3743,林 美 憲,31,20,6.81,2,0.06,1.51.3,1-2-3,470,1,1-2,180,1,1-2-3,190,1,1-2,130,1,,,,,,,
20260623,唐津,2,モー２ング戦,雨,北,3,3,3,3,5417,小 柳 勝 希,21,25,6.76,3,0.16,1.52.5,1-2-3,470,1,1-2,180,1,1-2-3,190,1,1-2,130,1,,,,,,,
20260623,唐津,2,モー２ング戦,雨,北,3,3,4,4,3949,今 出 晋 二,13,17,6.79,4,0.21,1.53.6,1-2-3,470,1,1-2,180,1,1-2-3,190,1,1-2,130,1,,,,,,,
20260623,唐津,2,モー２ング戦,雨,北,3,3,5,6,3411,池 上 隆 行,16,58,6.82,5,0.24,1.53.8,1-2-3,470,1,1-2,180,1,1-2-3,190,1,1-2,130,1,,,,,,,
20260623,唐津,2,モー２ング戦,雨,北,3,3,6,5,5384,八 戸 琉 楓,15,11,6.76,6,0.32,1.54.6,1-2-3,470,1,1-2,180,1,1-2-3,190,1,1-2,130,1,,,,,,,
20260623,唐津,3,３ライズ戦,雨,北,3,3,1,1,4514,上 條 嘉 嗣,22,43,6.87,1,0.18,1.49.9,1-4-5,870,3,1-4,290,2,1-4-5,660,3,1-4,310,1,,,,,,,
20260623,唐津,3,３ライズ戦,雨,北,3,3,2,4,3888,山 本 英 志,18,18,6.81,4,0.21,1.50.9,1-4-5,870,3,1-4,290,2,1-4-5,660,3,1-4,310,1,,,,,,,
20260623,唐津,3,３ライズ戦,雨,北,3,3,3,5,4902,山 川 雄 大,34,45,6.84,5,0.17,1.52.6,1-4-5,870,3,1-4,290,2,1-4-5,660,3,1-4,310,1,,,,,,,
20260623,唐津,3,３ライズ戦,雨,北,3,3,4,2,5381,有 山 望,24,52,6.77,2,0.16,1.53.0,1-4-5,870,3,1-4,290,2,1-4-5,660,3,1-4,310,1,,,,,,,
20260623,唐津,3,３ライズ戦,雨,北,3,3,5,3,4196,田 中 太一郎,25,49,6.82,3,0.16,1.54.5,1-4-5,870,3,1-4,290,2,1-4-5,660,3,1-4,310,1,,,,,,,
20260623,唐津,3,３ライズ戦,雨,北,3,3,6,6,5210,藤 井 公 人,60,30,6.92,6,0.19,1.54.9,1-4-5,870,3,1-4,290,2,1-4-5,660,3,1-4,310,1,,,,,,,
20260623,唐津,4,おは４戦,雨,北,3,3,1,2,5160,藤 森 陸 斗,58,59,6.72,3,0.21,1.50.0,2-1-6,2970,8,2-1,940,3,1-2-6,750,3,1-2,330,1,,,,,,,
20260623,唐津,4,おは４戦,雨,北,3,3,2,1,3935,岩 津 徹 郎,12,28,6.77,1,0.17,1.50.7,2-1-6,2970,8,2-1,940,3,1-2-6,750,3,1-2,330,1,,,,,,,
20260623,唐津,4,おは４戦,雨,北,3,3,3,6,4199,北 川 潤 二,49,21,6.88,2,0.19,1.52.1,2-1-6,2970,8,2-1,940,3,1-2-6,750,3,1-2,330,1,,,,,,,
20260623,唐津,4,おは４戦,雨,北,3,3,4,4,4413,水 摩 敦,29,13,6.81,5,0.25,1.52.4,2-1-6,2970,8,2-1,940,3,1-2-6,750,3,1-2,330,1,,,,,,,
20260623,唐津,4,おは４戦,雨,北,3,3,5,3,4116,川 田 正 人,44,19,6.84,4,0.26,1.52.4,2-1-6,2970,8,2-1,940,3,1-2-6,750,3,1-2,330,1,,,,,,,
20260623,唐津,4,おは４戦,雨,北,3,3,6,5,4417,服 部 剛,42,33,6.80,6,0.28,1.54.7,2-1-6,2970,8,2-1,940,3,1-2-6,750,3,1-2,330,1,,,,,,,
20260623,唐津,5,レッツ５特賞,雨,北,3,3,1,1,4967,中 村 魁 生,8,23,6.80,1,0.13,1.48.9,1-2-3,1040,4,1-2,530,2,1-2-3,370,2,1-2,550,2,,,,,,,
20260623,唐津,5,レッツ５特賞,雨,北,3,3,2,2,3910,松 下 知 幸,36,8,6.86,2,0.15,1.51.4,1-2-3,1040,4,1-2,530,2,1-2-3,370,2,1-2,550,2,,,,,,,
20260623,唐津,5,レッツ５特賞,雨,北,3,3,3,3,4796,春 園 功 太,37,44,6.86,3,0.18,1.52.8,1-2-3,1040,4,1-2,530,2,1-2-3,370,2,1-2,550,2,,,,,,,
20260623,唐津,5,レッツ５特賞,雨,北,3,3,4,4,4022,待 鳥 雄 紀,43,2,6.81,4,0.18,1.54.0,1-2-3,1040,4,1-2,530,2,1-2-3,370,2,1-2,550,2,,,,,,,
20260623,唐津,5,レッツ５特賞,雨,北,3,3,5,6,4661,中 島 昂 章,30,6,6.82,6,0.16,1.54.6,1-2-3,1040,4,1-2,530,2,1-2-3,370,2,1-2,550,2,,,,,,,
20260623,唐津,5,レッツ５特賞,雨,北,3,3,6,5,5309,森 雄 利,51,12,6.77,5,0.09,1.57.1,1-2-3,1040,4,1-2,530,2,1-2-3,370,2,1-2,550,2,,,,,,,
20260623,唐津,6,予選,雨,北,1,1,1,3,4981,牧 山 敦 也,10,32,6.77,3,0.11,1.49.3,3-1-2,4780,20,3-1,2570,10,1-2-3,420,3,1-3,780,5,,,,,,,
20260623,唐津,6,予選,雨,北,1,1,2,1,3949,今 出 晋 二,13,17,6.70,1,0.07,1.50.6,3-1-2,4780,20,3-1,2570,10,1-2-3,420,3,1-3,780,5,,,,,,,
20260623,唐津,6,予選,雨,北,1,1,3,2,5161,登 玉 隼 百,28,57,6.69,2,0.07,1.52.0,3-1-2,4780,20,3-1,2570,10,1-2-3,420,3,1-3,780,5,,,,,,,
20260623,唐津,6,予選,雨,北,1,1,4,4,3256,三 角 哲 男,50,29,6.86,4,0.27,1.54.0,3-1-2,4780,20,3-1,2570,10,1-2-3,420,3,1-3,780,5,,,,,,,
20260623,唐津,6,予選,雨,北,1,1,5,5,3867,松 浦 勝,6,27,6.83,5,0.22,1.54.1,3-1-2,4780,20,3-1,2570,10,1-2-3,420,3,1-3,780,5,,,,,,,
20260623,唐津,6,予選,雨,北,1,1,6,6,5453,久 保 翔 耶,27,50,6.77,6,0.23,1.56.4,3-1-2,4780,20,3-1,2570,10,1-2-3,420,3,1-3,780,5,,,,,,,
20260623,唐津,7,予選,雨,南西,2,2,1,2,3888,山 本 英 志,18,18,6.71,2,0.10,1.50.6,2-3-5,5000,17,2-3,890,4,2-3-5,1490,6,2-3,490,3,,,,,,,
20260623,唐津,7,予選,雨,南西,2,2,2,3,3439,大 平 誉史明,55,60,6.72,3,0.13,1.51.6,2-3-5,5000,17,2-3,890,4,2-3-5,1490,6,2-3,490,3,,,,,,,
20260623,唐津,7,予選,雨,南西,2,2,3,5,4835,橋 本 明,2,35,6.84,5,0.08,1.53.1,2-3-5,5000,17,2-3,890,4,2-3-5,1490,6,2-3,490,3,,,,,,,
20260623,唐津,7,予選,雨,南西,2,2,4,1,4273,佐 藤 旭,4,1,6.74,1,0.21,1.54.0,2-3-5,5000,17,2-3,890,4,2-3-5,1490,6,2-3,490,3,,,,,,,
20260623,唐津,7,予選,雨,南西,2,2,5,4,4301,関 裕 也,56,34,6.85,4,0.20,1.55.5,2-3-5,5000,17,2-3,890,4,2-3-5,1490,6,2-3,490,3,,,,,,,
20260623,唐津,7,予選,雨,南西,2,2,6,6,5384,八 戸 琉 楓,15,11,6.78,6,0.47,1.58.8,2-3-5,5000,17,2-3,890,4,2-3-5,1490,6,2-3,490,3,,,,,,,
20260623,唐津,8,８っぴータイ,雨,南西,1,1,1,1,4200,早 川 尚 人,3,47,6.67,1,0.12,1.49.2,1-4-2,1270,2,1-4,560,2,1-2-4,260,1,1-4,310,1,,,,,,,
20260623,唐津,8,８っぴータイ,雨,南西,1,1,2,4,4850,野 中 一 平,20,7,6.69,4,0.15,1.50.4,1-4-2,1270,2,1-4,560,2,1-2-4,260,1,1-4,310,1,,,,,,,
20260623,唐津,8,８っぴータイ,雨,南西,1,1,3,2,3935,岩 津 徹 郎,12,28,6.73,2,0.20,1.51.7,1-4-2,1270,2,1-4,560,2,1-2-4,260,1,1-4,310,1,,,,,,,
20260623,唐津,8,８っぴータイ,雨,南西,1,1,4,3,5210,藤 井 公 人,60,30,6.74,3,0.09,1.53.3,1-4-2,1270,2,1-4,560,2,1-2-4,260,1,1-4,310,1,,,,,,,
20260623,唐津,8,８っぴータイ,雨,南西,1,1,5,5,5417,小 柳 勝 希,21,25,6.68,5,0.19,1.56.0,1-4-2,1270,2,1-4,560,2,1-2-4,260,1,1-4,310,1,,,,,,,
20260623,唐津,8,８っぴータイ,雨,南西,1,1,6,6,5458,田 中 大 輝,45,26,6.61,6,0.46,1.58.8,1-4-2,1270,2,1-4,560,2,1-2-4,260,1,1-4,310,1,,,,,,,
20260623,唐津,9,予選,雨,南西,1,1,1,3,4483,北 野 輝 季,5,15,6.73,3,0.06,1.48.5,3-6-1,6170,22,3-6,1800,7,1-3-6,880,4,3-6,1480,7,,,,,,,
20260623,唐津,9,予選,雨,南西,1,1,2,6,3478,嶋 田 貴 支,35,48,6.72,6,0.11,1.50.8,3-6-1,6170,22,3-6,1800,7,1-3-6,880,4,3-6,1480,7,,,,,,,
20260623,唐津,9,予選,雨,南西,1,1,3,1,4196,田 中 太一郎,25,49,6.71,1,0.24,1.53.2,3-6-1,6170,22,3-6,1800,7,1-3-6,880,4,3-6,1480,7,,,,,,,
20260623,唐津,9,予選,雨,南西,1,1,4,4,3928,林 恵 祐,32,46,6.71,5,0.11,1.54.2,3-6-1,6170,22,3-6,1800,7,1-3-6,880,4,3-6,1480,7,,,,,,,
20260623,唐津,9,予選,雨,南西,1,1,5,2,4116,川 田 正 人,44,19,6.75,2,0.23,1.54.9,3-6-1,6170,22,3-6,1800,7,1-3-6,880,4,3-6,1480,7,,,,,,,
20260623,唐津,9,予選,雨,南西,1,1,6,5,4796,春 園 功 太,37,44,6.76,4,0.11,2.01.2,3-6-1,6170,22,3-6,1800,7,1-3-6,880,4,3-6,1480,7,,,,,,,
20260623,唐津,10,予選特賞,雨,西,1,1,1,1,4902,山 川 雄 大,34,45,6.69,1,0.16,1.49.8,1-3-2,790,2,1-3,380,2,1-2-3,200,1,1-3,320,1,,,,,,,
20260623,唐津,10,予選特賞,雨,西,1,1,2,3,3743,林 美 憲,31,20,6.76,3,0.15,1.51.1,1-3-2,790,2,1-3,380,2,1-2-3,200,1,1-3,320,1,,,,,,,
20260623,唐津,10,予選特賞,雨,西,1,1,3,2,4199,北 川 潤 二,49,21,6.76,2,0.14,1.52.5,1-3-2,790,2,1-3,380,2,1-2-3,200,1,1-3,320,1,,,,,,,
20260623,唐津,10,予選特賞,雨,西,1,1,4,5,3256,三 角 哲 男,50,29,6.86,5,0.12,1.53.2,1-3-2,790,2,1-3,380,2,1-2-3,200,1,1-3,320,1,,,,,,,
20260623,唐津,10,予選特賞,雨,西,1,1,5,4,5177,松 井 貫 太,9,38,6.79,4,0.22,1.54.7,1-3-2,790,2,1-3,380,2,1-2-3,200,1,1-3,320,1,,,,,,,
20260623,唐津,10,予選特賞,雨,西,1,1,6,6,4615,板 倉 敦 史,7,36,6.76,6,0.13,1.55.4,1-3-2,790,2,1-3,380,2,1-2-3,200,1,1-3,320,1,,,,,,,
20260623,唐津,11,宝当特選,雨,無風,0,1,1,2,4967,中 村 魁 生,8,23,6.74,1,0.17,1.48.9,2-4-3,3000,12,2-4,700,2,2-3-4,1270,8,2-4,670,4,,,,,,,
20260623,唐津,11,宝当特選,雨,無風,0,1,2,4,4273,佐 藤 旭,4,1,6.81,4,0.21,1.50.3,2-4-3,3000,12,2-4,700,2,2-3-4,1270,8,2-4,670,4,,,,,,,
20260623,唐津,11,宝当特選,雨,無風,0,1,3,3,3882,新 田 智 彰,48,56,6.87,3,0.17,1.51.9,2-4-3,3000,12,2-4,700,2,2-3-4,1270,8,2-4,670,4,,,,,,,
20260623,唐津,11,宝当特選,雨,無風,0,1,4,6,4709,岡 村 将 也,38,14,6.73,6,0.18,1.52.4,2-4-3,3000,12,2-4,700,2,2-3-4,1270,8,2-4,670,4,,,,,,,
20260623,唐津,11,宝当特選,雨,無風,0,1,5,5,5160,藤 森 陸 斗,58,59,6.76,5,0.17,1.54.8,2-4-3,3000,12,2-4,700,2,2-3-4,1270,8,2-4,670,4,,,,,,,
20260623,唐津,11,宝当特選,雨,無風,0,1,6,1,3867,松 浦 勝,6,27,6.84,2,0.36,1.57.6,2-4-3,3000,12,2-4,700,2,2-3-4,1270,8,2-4,670,4,,,,,,,
20260623,唐津,12,からっキー選,雨,無風,0,1,1,1,4850,野 中 一 平,20,7,6.69,1,0.11,1.54.6,1-2-3,1050,4,1-2,580,3,1-2-3,450,3,1-2,390,2,,,,,,,
20260623,唐津,12,からっキー選,雨,無風,0,1,2,2,5307,富 永 夏哉人,47,41,6.74,2,0.16,1.56.9,1-2-3,1050,4,1-2,580,3,1-2-3,450,3,1-2,390,2,,,,,,,
20260623,唐津,12,からっキー選,雨,無風,0,1,3,3,4413,水 摩 敦,29,13,6.75,3,0.17,2.01.0,1-2-3,1050,4,1-2,580,3,1-2-3,450,3,1-2,390,2,,,,,,,
20260623,唐津,12,からっキー選,雨,無風,0,1,4,5,3158,島 川 光 男,52,5,6.77,5,0.15,2.03.4,1-2-3,1050,4,1-2,580,3,1-2-3,450,3,1-2,390,2,,,,,,,
20260623,唐津,12,からっキー選,雨,無風,0,1,S2,4,4661,中 島 昂 章,30,6,6.77,4,0.17,,1-2-3,1050,4,1-2,580,3,1-2-3,450,3,1-2,390,2,,,,,,,
20260623,唐津,12,からっキー選,雨,無風,0,1,S0,6,5161,登 玉 隼 百,28,57,6.72,6,0.15,,1-2-3,1050,4,1-2,580,3,1-2-3,450,3,1-2,390,2,,,,,,,
20260623,常滑,1,朝トコ小判Ｒ,晴,南西,3,1,1,1,4788,小 池 哲 也,50,44,6.80,1,0.19,1.49.9,1-2-4,800,3,1-2,170,1,1-2-4,540,3,1-2,180,1,,,,,,,
20260623,常滑,1,朝トコ小判Ｒ,晴,南西,3,1,2,2,5154,村 松 栄 太,39,37,6.71,2,0.24,1.52.0,1-2-4,800,3,1-2,170,1,1-2-4,540,3,1-2,180,1,,,,,,,
20260623,常滑,1,朝トコ小判Ｒ,晴,南西,3,1,3,4,3340,池 田 雷 太,48,60,6.79,4,0.24,1.53.5,1-2-4,800,3,1-2,170,1,1-2-4,540,3,1-2,180,1,,,,,,,
20260623,常滑,1,朝トコ小判Ｒ,晴,南西,3,1,4,6,5009,大 賀 龍之介,31,20,6.77,6,0.31,1.54.6,1-2-4,800,3,1-2,170,1,1-2-4,540,3,1-2,180,1,,,,,,,
20260623,常滑,1,朝トコ小判Ｒ,晴,南西,3,1,5,5,4097,貫地谷 直 人,26,74,6.80,5,0.27,,1-2-4,800,3,1-2,170,1,1-2-4,540,3,1-2,180,1,,,,,,,
20260623,常滑,1,朝トコ小判Ｒ,晴,南西,3,1,6,3,3306,武 田 正 紀,25,42,6.77,3,0.26,,1-2-4,800,3,1-2,170,1,1-2-4,540,3,1-2,180,1,,,,,,,
20260623,常滑,2,予選,曇り,南西,3,1,1,5,4926,吉 川 貴 仁,57,53,6.67,5,0.14,1.50.4,5-1-2,2800,11,5-1,590,1,1-2-5,580,2,1-5,400,1,,,,,,,
20260623,常滑,2,予選,曇り,南西,3,1,2,1,4054,福 嶋 智 之,55,14,6.84,1,0.12,1.51.0,5-1-2,2800,11,5-1,590,1,1-2-5,580,2,1-5,400,1,,,,,,,
20260623,常滑,2,予選,曇り,南西,3,1,3,2,3303,渡 辺 豊,23,47,6.84,2,0.23,1.53.4,5-1-2,2800,11,5-1,590,1,1-2-5,580,2,1-5,400,1,,,,,,,
20260623,常滑,2,予選,曇り,南西,3,1,4,3,5047,國 分 将太郎,3,38,6.85,3,0.12,1.53.8,5-1-2,2800,11,5-1,590,1,1-2-5,580,2,1-5,400,1,,,,,,,
20260623,常滑,2,予選,曇り,南西,3,1,5,6,4672,守 屋 大 地,10,36,6.70,6,0.08,,5-1-2,2800,11,5-1,590,1,1-2-5,580,2,1-5,400,1,,,,,,,
20260623,常滑,2,予選,曇り,南西,3,1,6,4,5354,渡 邊 雄 斗,12,13,6.73,4,0.13,,5-1-2,2800,11,5-1,590,1,1-2-5,580,2,1-5,400,1,,,,,,,
20260623,常滑,3,予選,曇り,南西,3,1,1,1,5102,原 田 雄 次,21,39,6.70,1,0.18,1.50.7,1-4-5,1190,1,1-4,420,1,1-4-5,430,1,1-4,390,2,,,,,,,
20260623,常滑,3,予選,曇り,南西,3,1,2,4,4377,濱 本 優 一,32,65,6.79,4,0.17,1.52.1,1-4-5,1190,1,1-4,420,1,1-4-5,430,1,1-4,390,2,,,,,,,
20260623,常滑,3,予選,曇り,南西,3,1,3,5,4797,中 山 将,54,23,6.71,5,0.17,1.53.0,1-4-5,1190,1,1-4,420,1,1-4-5,430,1,1-4,390,2,,,,,,,
20260623,常滑,3,予選,曇り,南西,3,1,4,6,4173,岡 谷 健 吾,18,69,6.77,6,0.22,1.54.7,1-4-5,1190,1,1-4,420,1,1-4-5,430,1,1-4,390,2,,,,,,,
20260623,常滑,3,予選,曇り,南西,3,1,5,2,3297,藤 丸 光 一,28,35,6.70,2,0.27,,1-4-5,1190,1,1-4,420,1,1-4-5,430,1,1-4,390,2,,,,,,,
20260623,常滑,3,予選,曇り,南西,3,1,6,3,4663,籾 山 佳 岳,7,57,6.72,3,0.20,,1-4-5,1190,1,1-4,420,1,1-4-5,430,1,1-4,390,2,,,,,,,
20260623,常滑,4,予選,曇り,南西,2,1,1,2,4052,興 津 藍,49,15,6.75,2,0.09,1.49.6,2-1-6,1640,6,2-1,670,3,1-2-6,170,1,1-2,240,1,,,,,,,
20260623,常滑,4,予選,曇り,南西,2,1,2,1,5041,荒 牧 凪 沙,4,27,6.69,1,0.08,1.50.8,2-1-6,1640,6,2-1,670,3,1-2-6,170,1,1-2,240,1,,,,,,,
20260623,常滑,4,予選,曇り,南西,2,1,3,6,4614,石 倉 洋 行,1,46,6.71,5,0.14,1.52.7,2-1-6,1640,6,2-1,670,3,1-2-6,170,1,1-2,240,1,,,,,,,
20260623,常滑,4,予選,曇り,南西,2,1,4,5,3653,品 川 賢 次,30,54,6.77,4,0.19,1.54.4,2-1-6,1640,6,2-1,670,3,1-2-6,170,1,1-2,240,1,,,,,,,
20260623,常滑,4,予選,曇り,南西,2,1,5,4,5405,竹 内 来,8,49,6.74,6,0.08,,2-1-6,1640,6,2-1,670,3,1-2-6,170,1,1-2,240,1,,,,,,,
20260623,常滑,4,予選,曇り,南西,2,1,6,3,3967,鈴 木 茂 高,33,73,6.75,3,0.17,,2-1-6,1640,6,2-1,670,3,1-2-6,170,1,1-2,240,1,,,,,,,
20260623,常滑,5,三Ａ傑戦,曇り,南東,3,1,1,4,4958,溝 口 海義也,24,66,6.76,4,0.15,1.50.9,4-3-6,10200,40,4-3,3570,14,3-4-6,2610,12,3-4,1450,6,,,,,,,
20260623,常滑,5,三Ａ傑戦,曇り,南東,3,1,2,3,4062,後 藤 陽 介,6,29,6.77,3,0.24,1.52.3,4-3-6,10200,40,4-3,3570,14,3-4-6,2610,12,3-4,1450,6,,,,,,,
20260623,常滑,5,三Ａ傑戦,曇り,南東,3,1,3,6,4551,三 川 昂 暁,14,43,6.73,6,0.11,1.53.0,4-3-6,10200,40,4-3,3570,14,3-4-6,2610,12,3-4,1450,6,,,,,,,
20260623,常滑,5,三Ａ傑戦,曇り,南東,3,1,4,5,4470,平 田 健之佑,59,50,6.80,5,0.14,1.54.6,4-3-6,10200,40,4-3,3570,14,3-4-6,2610,12,3-4,1450,6,,,,,,,
20260623,常滑,5,三Ａ傑戦,曇り,南東,3,1,5,1,4113,木 村 浩 士,9,22,6.78,1,0.28,,4-3-6,10200,40,4-3,3570,14,3-4-6,2610,12,3-4,1450,6,,,,,,,
20260623,常滑,5,三Ａ傑戦,曇り,南東,3,1,6,2,5122,相 馬 翔,45,45,6.75,2,0.24,,4-3-6,10200,40,4-3,3570,14,3-4-6,2610,12,3-4,1450,6,,,,,,,
20260623,常滑,6,昼トコ小判Ｒ,曇り,南東,2,1,1,1,4083,福 島 勇 樹,35,33,6.74,1,0.07,1.50.1,1-4-2,2220,10,1-4,590,4,1-2-4,810,4,1-4,450,3,,,,,,,
20260623,常滑,6,昼トコ小判Ｒ,曇り,南東,2,1,2,4,4672,守 屋 大 地,10,36,6.73,4,0.12,1.51.6,1-4-2,2220,10,1-4,590,4,1-2-4,810,4,1-4,450,3,,,,,,,
20260623,常滑,6,昼トコ小判Ｒ,曇り,南東,2,1,3,2,4836,大 谷 健 太,56,56,6.84,2,0.09,1.52.9,1-4-2,2220,10,1-4,590,4,1-2-4,810,4,1-4,450,3,,,,,,,
20260623,常滑,6,昼トコ小判Ｒ,曇り,南東,2,1,4,6,5154,村 松 栄 太,39,37,6.77,6,0.11,1.53.7,1-4-2,2220,10,1-4,590,4,1-2-4,810,4,1-4,450,3,,,,,,,
20260623,常滑,6,昼トコ小判Ｒ,曇り,南東,2,1,5,5,4148,枝 尾 賢,46,25,6.77,5,0.09,,1-4-2,2220,10,1-4,590,4,1-2-4,810,4,1-4,450,3,,,,,,,
20260623,常滑,6,昼トコ小判Ｒ,曇り,南東,2,1,6,3,4103,山 崎 善 庸,36,51,6.79,3,0.13,,1-4-2,2220,10,1-4,590,4,1-2-4,810,4,1-4,450,3,,,,,,,
20260623,常滑,7,予選,曇り,南東,2,1,1,1,4890,石 川 諒,60,19,6.78,1,0.13,1.49.7,1-5-3,3300,10,1-5,580,3,1-3-5,930,5,1-5,540,2,,,,,,,
20260623,常滑,7,予選,曇り,南東,2,1,2,5,4512,高 野 哲 史,11,40,6.76,3,0.16,1.50.2,1-5-3,3300,10,1-5,580,3,1-3-5,930,5,1-5,540,2,,,,,,,
20260623,常滑,7,予選,曇り,南東,2,1,3,3,4097,貫地谷 直 人,26,74,6.78,5,0.17,1.52.9,1-5-3,3300,10,1-5,580,3,1-3-5,930,5,1-5,540,2,,,,,,,
20260623,常滑,7,予選,曇り,南東,2,1,4,2,4842,山 下 昂 大,5,59,6.81,2,0.11,1.53.9,1-5-3,3300,10,1-5,580,3,1-3-5,930,5,1-5,540,2,,,,,,,
20260623,常滑,7,予選,曇り,南東,2,1,5,6,3303,渡 辺 豊,23,47,6.84,4,0.20,,1-5-3,3300,10,1-5,580,3,1-3-5,930,5,1-5,540,2,,,,,,,
20260623,常滑,7,予選,曇り,南東,2,1,6,4,5102,原 田 雄 次,21,39,6.77,6,0.23,,1-5-3,3300,10,1-5,580,3,1-3-5,930,5,1-5,540,2,,,,,,,
20260623,常滑,8,予選,曇り,南東,3,1,1,2,4278,藤 岡 俊 介,41,63,6.74,2,0.09,1.50.6,2-6-1,2540,7,2-6,1240,3,1-2-6,280,1,2-6,740,2,,,,,,,
20260623,常滑,8,予選,曇り,南東,3,1,2,6,4797,中 山 将,54,23,6.75,6,0.21,1.53.1,2-6-1,2540,7,2-6,1240,3,1-2-6,280,1,2-6,740,2,,,,,,,
20260623,常滑,8,予選,曇り,南東,3,1,3,1,4811,向井田 佑 紀,20,26,6.76,1,0.12,1.54.1,2-6-1,2540,7,2-6,1240,3,1-2-6,280,1,2-6,740,2,,,,,,,
20260623,常滑,8,予選,曇り,南東,3,1,4,4,5047,國 分 将太郎,3,38,6.83,4,0.14,1.54.3,2-6-1,2540,7,2-6,1240,3,1-2-6,280,1,2-6,740,2,,,,,,,
20260623,常滑,8,予選,曇り,南東,3,1,5,5,5041,荒 牧 凪 沙,4,27,6.74,5,0.13,,2-6-1,2540,7,2-6,1240,3,1-2-6,280,1,2-6,740,2,,,,,,,
20260623,常滑,8,予選,曇り,南東,3,1,6,3,3340,池 田 雷 太,48,60,6.77,3,0.22,,2-6-1,2540,7,2-6,1240,3,1-2-6,280,1,2-6,740,2,,,,,,,
20260623,常滑,9,予選特賞,曇り,南東,4,2,1,1,4377,濱 本 優 一,32,65,6.84,1,0.11,1.51.3,1-6-4,5210,16,1-6,1400,3,1-4-6,2460,8,1-6,830,3,,,,,,,
20260623,常滑,9,予選特賞,曇り,南東,4,2,2,6,4052,興 津 藍,49,15,6.78,6,0.31,1.52.4,1-6-4,5210,16,1-6,1400,3,1-4-6,2460,8,1-6,830,3,,,,,,,
20260623,常滑,9,予選特賞,曇り,南東,4,2,3,4,5009,大 賀 龍之介,31,20,6.84,4,0.25,1.54.0,1-6-4,5210,16,1-6,1400,3,1-4-6,2460,8,1-6,830,3,,,,,,,
20260623,常滑,9,予選特賞,曇り,南東,4,2,4,3,4470,平 田 健之佑,59,50,6.87,3,0.19,1.54.6,1-6-4,5210,16,1-6,1400,3,1-4-6,2460,8,1-6,830,3,,,,,,,
20260623,常滑,9,予選特賞,曇り,南東,4,2,5,2,5354,渡 邊 雄 斗,12,13,6.79,2,0.16,,1-6-4,5210,16,1-6,1400,3,1-4-6,2460,8,1-6,830,3,,,,,,,
20260623,常滑,9,予選特賞,曇り,南東,4,2,6,5,4636,赤 池 修 平,52,17,6.69,5,0.24,,1-6-4,5210,16,1-6,1400,3,1-4-6,2460,8,1-6,830,3,,,,,,,
20260623,常滑,10,予選特賞,曇り,南東,3,1,1,5,4083,福 島 勇 樹,35,33,6.78,5,0.08,1.51.1,5-4-3,25110,45,5-4,7170,11,3-4-5,2730,7,4-5,7140,10,,,,,,,
20260623,常滑,10,予選特賞,曇り,南東,3,1,2,4,3297,藤 丸 光 一,28,35,6.78,4,0.11,1.52.3,5-4-3,25110,45,5-4,7170,11,3-4-5,2730,7,4-5,7140,10,,,,,,,
20260623,常滑,10,予選特賞,曇り,南東,3,1,3,3,3499,市 川 哲 也,42,75,6.83,3,0.08,1.53.7,5-4-3,25110,45,5-4,7170,11,3-4-5,2730,7,4-5,7140,10,,,,,,,
20260623,常滑,10,予選特賞,曇り,南東,3,1,4,2,3653,品 川 賢 次,30,54,6.83,2,0.29,1.54.6,5-4-3,25110,45,5-4,7170,11,3-4-5,2730,7,4-5,7140,10,,,,,,,
20260623,常滑,10,予選特賞,曇り,南東,3,1,5,1,4958,溝 口 海義也,24,66,6.77,1,0.12,,5-4-3,25110,45,5-4,7170,11,3-4-5,2730,7,4-5,7140,10,,,,,,,
20260623,常滑,10,予選特賞,曇り,南東,3,1,6,6,3306,武 田 正 紀,25,42,6.81,6,0.11,,5-4-3,25110,45,5-4,7170,11,3-4-5,2730,7,4-5,7140,10,,,,,,,
20260623,常滑,11,予選特選,曇り,南東,3,1,1,3,4614,石 倉 洋 行,1,46,6.78,3,0.02,1.49.9,3-1-2,1790,6,3-1,500,2,1-2-3,170,1,1-3,190,1,,,,,,,
20260623,常滑,11,予選特選,曇り,南東,3,1,2,1,4148,枝 尾 賢,46,25,6.84,1,0.12,1.51.9,3-1-2,1790,6,3-1,500,2,1-2-3,170,1,1-3,190,1,,,,,,,
20260623,常滑,11,予選特選,曇り,南東,3,1,3,2,4663,籾 山 佳 岳,7,57,6.80,2,0.06,1.53.5,3-1-2,1790,6,3-1,500,2,1-2-3,170,1,1-3,190,1,,,,,,,
20260623,常滑,11,予選特選,曇り,南東,3,1,4,5,4306,畔 柳 俊 吾,34,67,6.83,5,0.11,1.54.9,3-1-2,1790,6,3-1,500,2,1-2-3,170,1,1-3,190,1,,,,,,,
20260623,常滑,11,予選特選,曇り,南東,3,1,5,6,4842,山 下 昂 大,5,59,6.84,6,0.20,,3-1-2,1790,6,3-1,500,2,1-2-3,170,1,1-3,190,1,,,,,,,
20260623,常滑,11,予選特選,曇り,南東,3,1,6,4,4054,福 嶋 智 之,55,14,6.86,4,0.09,,3-1-2,1790,6,3-1,500,2,1-2-3,170,1,1-3,190,1,,,,,,,
20260623,常滑,12,予選特選,曇り,南東,4,2,1,1,4512,高 野 哲 史,11,40,6.77,1,0.08,1.49.9,1-2-4,3920,13,1-2,920,4,1-2-4,1260,4,1-2,840,4,,,,,,,
20260623,常滑,12,予選特選,曇り,南東,4,2,2,2,4113,木 村 浩 士,9,22,6.82,2,0.13,1.51.2,1-2-4,3920,13,1-2,920,4,1-2-4,1260,4,1-2,840,4,,,,,,,
20260623,常滑,12,予選特選,曇り,南東,4,2,3,4,4278,藤 岡 俊 介,41,63,6.75,4,0.10,1.52.4,1-2-4,3920,13,1-2,920,4,1-2-4,1260,4,1-2,840,4,,,,,,,
20260623,常滑,12,予選特選,曇り,南東,4,2,4,6,4926,吉 川 貴 仁,57,53,6.62,6,0.11,1.53.5,1-2-4,3920,13,1-2,920,4,1-2-4,1260,4,1-2,840,4,,,,,,,
20260623,常滑,12,予選特選,曇り,南東,4,2,5,3,4788,小 池 哲 也,50,44,6.76,3,0.10,,1-2-4,3920,13,1-2,920,4,1-2-4,1260,4,1-2,840,4,,,,,,,
20260623,常滑,12,予選特選,曇り,南東,4,2,6,5,4173,岡 谷 健 吾,18,69,6.78,5,0.14,,1-2-4,3920,13,1-2,920,4,1-2-4,1260,4,1-2,840,4,,,,,,,
20260623,戸田,1,一般戦,曇り,東,3,1,1,2,4300,加 藤 綾,55,47,6.58,2,0.17,1.49.5,2-1-5,1810,6,2-1,640,2,1-2-5,430,2,1-2,180,1,,,,,,,
20260623,戸田,1,一般戦,曇り,東,3,1,2,1,3302,谷 川 里 江,2,17,6.65,1,0.12,1.51.8,2-1-5,1810,6,2-1,640,2,1-2-5,430,2,1-2,180,1,,,,,,,
20260623,戸田,1,一般戦,曇り,東,3,1,3,5,5079,大 石 真 央,25,40,6.67,5,0.14,1.53.1,2-1-5,1810,6,2-1,640,2,1-2-5,430,2,1-2,180,1,,,,,,,
20260623,戸田,1,一般戦,曇り,東,3,1,4,6,4317,木 村 紗友希,27,23,6.72,6,0.16,1.54.6,2-1-5,1810,6,2-1,640,2,1-2-5,430,2,1-2,180,1,,,,,,,
20260623,戸田,1,一般戦,曇り,東,3,1,5,4,4987,島 倉 都,51,38,6.78,4,0.11,,2-1-5,1810,6,2-1,640,2,1-2-5,430,2,1-2,180,1,,,,,,,
20260623,戸田,1,一般戦,曇り,東,3,1,6,3,5342,原 村 百 那,57,33,6.68,3,0.18,,2-1-5,1810,6,2-1,640,2,1-2-5,430,2,1-2,180,1,,,,,,,
20260623,戸田,2,一般戦,曇り,東,2,1,1,1,4900,中 田 夕 貴,12,30,6.54,1,0.13,1.48.6,1-2-4,3210,10,1-2,420,2,1-2-4,1520,5,1-2,420,2,,,,,,,
20260623,戸田,2,一般戦,曇り,東,2,1,2,2,4714,喜多須 杏 奈,9,77,6.64,2,0.10,1.51.6,1-2-4,3210,10,1-2,420,2,1-2-4,1520,5,1-2,420,2,,,,,,,
20260623,戸田,2,一般戦,曇り,東,2,1,3,4,5108,柴 田 愛 梨,10,48,6.63,4,0.12,1.53.2,1-2-4,3210,10,1-2,420,2,1-2-4,1520,5,1-2,420,2,,,,,,,
20260623,戸田,2,一般戦,曇り,東,2,1,4,5,5373,諏 訪 玲 奈,42,65,6.59,5,0.13,1.53.3,1-2-4,3210,10,1-2,420,2,1-2-4,1520,5,1-2,420,2,,,,,,,
20260623,戸田,2,一般戦,曇り,東,2,1,5,3,4738,清 埜 翔 子,41,59,6.74,3,0.11,,1-2-4,3210,10,1-2,420,2,1-2-4,1520,5,1-2,420,2,,,,,,,
20260623,戸田,2,一般戦,曇り,東,2,1,6,6,5283,植 木 美 帆,53,12,6.61,6,0.20,,1-2-4,3210,10,1-2,420,2,1-2-4,1520,5,1-2,420,2,,,,,,,
20260623,戸田,3,一般戦,曇り,東,3,1,1,2,5045,平 川 香 織,23,64,6.67,2,0.22,1.53.9,2-4-1,2460,9,2-4,640,2,1-2-4,500,1,2-4,500,2,,,,,,,
20260623,戸田,3,一般戦,曇り,東,3,1,2,4,4998,中 村 かなえ,21,68,6.70,4,0.20,1.57.6,2-4-1,2460,9,2-4,640,2,1-2-4,500,1,2-4,500,2,,,,,,,
20260623,戸田,3,一般戦,曇り,東,3,1,3,1,5322,根 岸 真 優,49,44,6.70,1,0.21,1.59.6,2-4-1,2460,9,2-4,640,2,1-2-4,500,1,2-4,500,2,,,,,,,
20260623,戸田,3,一般戦,曇り,東,3,1,4,6,5213,湯 淺 紀 香,20,73,6.59,6,0.33,2.02.1,2-4-1,2460,9,2-4,640,2,1-2-4,500,1,2-4,500,2,,,,,,,
20260623,戸田,3,一般戦,曇り,東,3,1,5,5,4385,鈴 木 祐美子,37,67,6.69,5,0.30,,2-4-1,2460,9,2-4,640,2,1-2-4,500,1,2-4,500,2,,,,,,,
20260623,戸田,3,一般戦,曇り,東,3,1,S1,3,5297,南 彩 寧,1,14,6.61,3,0.21,,2-4-1,2460,9,2-4,640,2,1-2-4,500,1,2-4,500,2,,,,,,,
20260623,戸田,4,一般戦,曇り,東,1,1,1,1,4501,樋 口 由加里,3,52,6.69,1,0.17,1.49.3,1-4-2,850,1,1-4,470,1,1-2-4,190,1,1-4,280,2,,,,,,,
20260623,戸田,4,一般戦,曇り,東,1,1,2,4,4974,安 井 瑞 紀,5,49,6.69,4,0.14,1.50.5,1-4-2,850,1,1-4,470,1,1-2-4,190,1,1-4,280,2,,,,,,,
20260623,戸田,4,一般戦,曇り,東,1,1,3,2,5117,冨名腰 桃 奈,4,41,6.63,2,0.18,1.51.6,1-4-2,850,1,1-4,470,1,1-2-4,190,1,1-4,280,2,,,,,,,
20260623,戸田,4,一般戦,曇り,東,1,1,4,3,5324,畑 田 希 咲,13,70,6.71,3,0.21,1.53.7,1-4-2,850,1,1-4,470,1,1-2-4,190,1,1-4,280,2,,,,,,,
20260623,戸田,4,一般戦,曇り,東,1,1,5,6,5264,登 みひ果,14,21,6.67,6,0.28,,1-4-2,850,1,1-4,470,1,1-2-4,190,1,1-4,280,2,,,,,,,
20260623,戸田,4,一般戦,曇り,東,1,1,6,5,5306,河 内 悠利杏,50,34,6.71,5,0.11,,1-4-2,850,1,1-4,470,1,1-2-4,190,1,1-4,280,2,,,,,,,
20260623,戸田,5,ウインウイン,曇り,南東,1,1,1,4,4117,廣 中 智紗衣,63,15,6.67,4,0.10,1.48.7,4-2-3,7420,27,4-2,1140,6,2-3-4,1220,6,2-4,470,3,,,,,,,
20260623,戸田,5,ウインウイン,曇り,南東,1,1,2,2,5003,来 田 衣 織,62,53,6.61,2,0.17,1.51.3,4-2-3,7420,27,4-2,1140,6,2-3-4,1220,6,2-4,470,3,,,,,,,
20260623,戸田,5,ウインウイン,曇り,南東,1,1,3,3,4987,島 倉 都,51,38,6.70,3,0.18,1.53.6,4-2-3,7420,27,4-2,1140,6,2-3-4,1220,6,2-4,470,3,,,,,,,
20260623,戸田,5,ウインウイン,曇り,南東,1,1,4,5,4300,加 藤 綾,55,47,6.70,5,0.11,1.54.8,4-2-3,7420,27,4-2,1140,6,2-3-4,1220,6,2-4,470,3,,,,,,,
20260623,戸田,5,ウインウイン,曇り,南東,1,1,5,1,4984,森 下 愛 梨,6,54,6.73,1,0.10,,4-2-3,7420,27,4-2,1140,6,2-3-4,1220,6,2-4,470,3,,,,,,,
20260623,戸田,5,ウインウイン,曇り,南東,1,1,6,6,5072,吉 田 杏 美,54,37,6.71,6,0.09,,4-2-3,7420,27,4-2,1140,6,2-3-4,1220,6,2-4,470,3,,,,,,,
20260623,戸田,6,一般戦,曇り,東,2,1,1,2,5174,川 井 萌,24,69,6.68,2,0.14,1.50.6,2-4-5,7260,31,2-4,1970,10,2-4-5,1980,9,2-4,1160,8,,,,,,,
20260623,戸田,6,一般戦,曇り,東,2,1,2,4,4714,喜多須 杏 奈,9,77,6.58,4,0.17,1.51.9,2-4-5,7260,31,2-4,1970,10,2-4-5,1980,9,2-4,1160,8,,,,,,,
20260623,戸田,6,一般戦,曇り,東,2,1,3,5,5231,寺 田 空 詩,18,27,6.73,5,0.15,1.53.0,2-4-5,7260,31,2-4,1970,10,2-4-5,1980,9,2-4,1160,8,,,,,,,
20260623,戸田,6,一般戦,曇り,東,2,1,4,1,4694,高 田 綾,26,32,6.67,1,0.13,1.53.1,2-4-5,7260,31,2-4,1970,10,2-4-5,1980,9,2-4,1160,8,,,,,,,
20260623,戸田,6,一般戦,曇り,東,2,1,5,3,4791,黒 澤 めぐみ,31,51,6.68,3,0.25,,2-4-5,7260,31,2-4,1970,10,2-4-5,1980,9,2-4,1160,8,,,,,,,
20260623,戸田,6,一般戦,曇り,東,2,1,6,6,4045,佐々木 裕 美,29,42,6.71,6,0.14,,2-4-5,7260,31,2-4,1970,10,2-4-5,1980,9,2-4,1160,8,,,,,,,
20260623,戸田,7,ウインウイン,曇り,東,3,1,1,1,4963,實 森 美 祐,15,75,6.70,1,0.10,1.49.8,1-6-4,1060,2,1-6,470,2,1-4-6,360,1,1-6,490,2,,,,,,,
20260623,戸田,7,ウインウイン,曇り,東,3,1,2,6,5146,野 田 彩 加,43,16,6.70,6,0.17,1.51.8,1-6-4,1060,2,1-6,470,2,1-4-6,360,1,1-6,490,2,,,,,,,
20260623,戸田,7,ウインウイン,曇り,東,3,1,3,4,5079,大 石 真 央,25,40,6.70,4,0.15,1.53.4,1-6-4,1060,2,1-6,470,2,1-4-6,360,1,1-6,490,2,,,,,,,
20260623,戸田,7,ウインウイン,曇り,東,3,1,4,3,5373,諏 訪 玲 奈,42,65,6.64,3,0.23,1.54.6,1-6-4,1060,2,1-6,470,2,1-4-6,360,1,1-6,490,2,,,,,,,
20260623,戸田,7,ウインウイン,曇り,東,3,1,5,2,5342,原 村 百 那,57,33,6.62,2,0.16,,1-6-4,1060,2,1-6,470,2,1-4-6,360,1,1-6,490,2,,,,,,,
20260623,戸田,7,ウインウイン,曇り,東,3,1,6,5,5297,南 彩 寧,1,14,6.59,5,0.16,,1-6-4,1060,2,1-6,470,2,1-4-6,360,1,1-6,490,2,,,,,,,
20260623,戸田,8,一般戦,曇り,東,4,2,1,3,4501,樋 口 由加里,3,52,6.67,3,0.20,1.50.2,3-1-5,1180,3,3-1,670,3,1-3-5,210,1,1-3,210,1,,,,,,,
20260623,戸田,8,一般戦,曇り,東,4,2,2,1,5013,山 下 夏 鈴,8,26,6.56,1,0.14,1.51.7,3-1-5,1180,3,3-1,670,3,1-3-5,210,1,1-3,210,1,,,,,,,
20260623,戸田,8,一般戦,曇り,東,4,2,3,5,4746,大豆生田 蒼,16,76,6.65,5,0.21,1.53.7,3-1-5,1180,3,3-1,670,3,1-3-5,210,1,1-3,210,1,,,,,,,
20260623,戸田,8,一般戦,曇り,東,4,2,4,2,5108,柴 田 愛 梨,10,48,6.65,2,0.25,1.55.4,3-1-5,1180,3,3-1,670,3,1-3-5,210,1,1-3,210,1,,,,,,,
20260623,戸田,8,一般戦,曇り,東,4,2,5,4,4385,鈴 木 祐美子,37,67,6.58,4,0.22,,3-1-5,1180,3,3-1,670,3,1-3-5,210,1,1-3,210,1,,,,,,,
20260623,戸田,8,一般戦,曇り,東,4,2,6,6,5287,滝 沢 織 寧,58,22,6.62,6,0.15,,3-1-5,1180,3,3-1,670,3,1-3-5,210,1,1-3,210,1,,,,,,,
20260623,戸田,9,戸田特選,曇り,東,4,2,1,1,5213,湯 淺 紀 香,20,73,6.62,1,0.17,1.50.2,1-5-6,820,1,1-5,400,1,1-5-6,280,1,1-5,280,1,,,,,,,
20260623,戸田,9,戸田特選,曇り,東,4,2,2,5,4998,中 村 かなえ,21,68,6.68,5,0.12,1.52.3,1-5-6,820,1,1-5,400,1,1-5-6,280,1,1-5,280,1,,,,,,,
20260623,戸田,9,戸田特選,曇り,東,4,2,3,6,4984,森 下 愛 梨,6,54,6.80,6,0.14,1.53.2,1-5-6,820,1,1-5,400,1,1-5-6,280,1,1-5,280,1,,,,,,,
20260623,戸田,9,戸田特選,曇り,東,4,2,4,2,5072,吉 田 杏 美,54,37,6.61,2,0.15,1.54.7,1-5-6,820,1,1-5,400,1,1-5-6,280,1,1-5,280,1,,,,,,,
20260623,戸田,9,戸田特選,曇り,東,4,2,5,3,5306,河 内 悠利杏,50,34,6.66,3,0.17,,1-5-6,820,1,1-5,400,1,1-5-6,280,1,1-5,280,1,,,,,,,
20260623,戸田,9,戸田特選,曇り,東,4,2,6,4,5324,畑 田 希 咲,13,70,6.76,4,0.14,,1-5-6,820,1,1-5,400,1,1-5-6,280,1,1-5,280,1,,,,,,,
20260623,戸田,10,選抜戦,曇り,東,5,3,1,3,5003,来 田 衣 織,62,53,6.55,3,0.13,1.49.9,3-4-6,9740,37,3-4,2070,10,3-4-6,4000,16,3-4,940,6,,,,,,,
20260623,戸田,10,選抜戦,曇り,東,5,3,2,4,5045,平 川 香 織,23,64,6.68,4,0.22,1.51.7,3-4-6,9740,37,3-4,2070,10,3-4-6,4000,16,3-4,940,6,,,,,,,
20260623,戸田,10,選抜戦,曇り,東,5,3,3,6,4694,高 田 綾,26,32,6.73,6,0.23,1.52.6,3-4-6,9740,37,3-4,2070,10,3-4-6,4000,16,3-4,940,6,,,,,,,
20260623,戸田,10,選抜戦,曇り,東,5,3,4,2,4738,清 埜 翔 子,41,59,6.61,2,0.13,1.54.1,3-4-6,9740,37,3-4,2070,10,3-4-6,4000,16,3-4,940,6,,,,,,,
20260623,戸田,10,選抜戦,曇り,東,5,3,5,1,4974,安 井 瑞 紀,5,49,6.67,1,0.14,,3-4-6,9740,37,3-4,2070,10,3-4-6,4000,16,3-4,940,6,,,,,,,
20260623,戸田,10,選抜戦,曇り,東,5,3,6,5,5322,根 岸 真 優,49,44,6.66,5,0.12,,3-4-6,9740,37,3-4,2070,10,3-4-6,4000,16,3-4,940,6,,,,,,,
20260623,戸田,11,選抜戦,曇り,東,5,3,1,5,4900,中 田 夕 貴,12,30,6.62,5,0.24,1.49.7,5-1-3,11960,45,5-1,2690,11,1-3-5,830,4,1-5,870,4,,,,,,,
20260623,戸田,11,選抜戦,曇り,東,5,3,2,1,4117,廣 中 智紗衣,63,15,6.66,1,0.27,1.51.0,5-1-3,11960,45,5-1,2690,11,1-3-5,830,4,1-5,870,4,,,,,,,
20260623,戸田,11,選抜戦,曇り,東,5,3,3,3,5117,冨名腰 桃 奈,4,41,6.69,3,0.22,1.52.6,5-1-3,11960,45,5-1,2690,11,1-3-5,830,4,1-5,870,4,,,,,,,
20260623,戸田,11,選抜戦,曇り,東,5,3,4,4,5174,川 井 萌,24,69,6.76,4,0.22,1.53.6,5-1-3,11960,45,5-1,2690,11,1-3-5,830,4,1-5,870,4,,,,,,,
20260623,戸田,11,選抜戦,曇り,東,5,3,5,6,4963,實 森 美 祐,15,75,6.66,6,0.17,,5-1-3,11960,45,5-1,2690,11,1-3-5,830,4,1-5,870,4,,,,,,,
20260623,戸田,11,選抜戦,曇り,東,5,3,6,2,4791,黒 澤 めぐみ,31,51,6.77,2,0.30,,5-1-3,11960,45,5-1,2690,11,1-3-5,830,4,1-5,870,4,,,,,,,
20260623,戸田,12,優勝戦,曇り,東,4,2,1,1,3435,寺 田 千 恵,38,62,6.54,1,0.11,1.48.5,1-4-5,2130,7,1-4,640,2,1-4-5,970,5,1-4,430,2,,,,,,,
20260623,戸田,12,優勝戦,曇り,東,4,2,2,4,4546,浜 田 亜理沙,40,29,6.75,4,0.08,1.50.5,1-4-5,2130,7,1-4,640,2,1-4-5,970,5,1-4,430,2,,,,,,,
20260623,戸田,12,優勝戦,曇り,東,4,2,3,5,4825,倉 持 莉 々,61,71,6.60,5,0.07,1.51.8,1-4-5,2130,7,1-4,640,2,1-4-5,970,5,1-4,430,2,,,,,,,
20260623,戸田,12,優勝戦,曇り,東,4,2,4,2,4387,平 山 智 加,36,63,6.62,2,0.09,1.53.9,1-4-5,2130,7,1-4,640,2,1-4-5,970,5,1-4,430,2,,,,,,,
20260623,戸田,12,優勝戦,曇り,東,4,2,5,3,4642,松 尾 夏 海,64,57,6.67,3,0.12,,1-4-5,2130,7,1-4,640,2,1-4-5,970,5,1-4,430,2,,,,,,,
20260623,戸田,12,優勝戦,曇り,東,4,2,6,6,5155,内 山 七 海,17,56,6.71,6,0.15,,1-4-5,2130,7,1-4,640,2,1-4-5,970,5,1-4,430,2,,,,,,,
20260623,浜名湖,1,予選,曇り,南,4,2,1,4,3896,上 田 洋 平,62,27,6.66,4,0.09,1.49.8,4-3-6,4890,12,4-3,2240,7,3-4-6,1130,4,3-4,1220,3,,,,,,,
20260623,浜名湖,1,予選,曇り,南,4,2,2,3,4003,表 憲 一,22,52,6.67,3,0.18,1.51.6,4-3-6,4890,12,4-3,2240,7,3-4-6,1130,4,3-4,1220,3,,,,,,,
20260623,浜名湖,1,予選,曇り,南,4,2,3,6,3224,栗 山 繁 洋,19,16,6.73,5,0.12,1.53.7,4-3-6,4890,12,4-3,2240,7,3-4-6,1130,4,3-4,1220,3,,,,,,,
20260623,浜名湖,1,予選,曇り,南,4,2,4,1,3987,後 藤 正 宗,60,51,6.68,1,0.39,1.55.2,4-3-6,4890,12,4-3,2240,7,3-4-6,1130,4,3-4,1220,3,,,,,,,
20260623,浜名湖,1,予選,曇り,南,4,2,5,5,5454,谷 島 咲 希,52,39,6.62,6,0.10,,4-3-6,4890,12,4-3,2240,7,3-4-6,1130,4,3-4,1220,3,,,,,,,
20260623,浜名湖,1,予選,曇り,南,4,2,6,2,5357,田 中 瀬里奈,53,11,6.67,2,0.27,,4-3-6,4890,12,4-3,2240,7,3-4-6,1130,4,3-4,1220,3,,,,,,,
20260623,浜名湖,2,予選,曇り,南,4,2,1,4,4102,益 田 啓 司,41,46,6.66,4,0.12,1.50.7,4-3-5,2080,3,4-3,730,2,3-4-5,590,1,3-4,670,1,,,,,,,
20260623,浜名湖,2,予選,曇り,南,4,2,2,3,3385,渡 邉 睦 広,59,54,6.66,3,0.10,1.51.3,4-3-5,2080,3,4-3,730,2,3-4-5,590,1,3-4,670,1,,,,,,,
20260623,浜名湖,2,予選,曇り,南,4,2,3,5,3333,丸 尾 義 孝,16,37,6.74,5,0.12,1.53.6,4-3-5,2080,3,4-3,730,2,3-4-5,590,1,3-4,670,1,,,,,,,
20260623,浜名湖,2,予選,曇り,南,4,2,4,6,5344,谷 口 丞,56,64,6.66,6,0.13,1.54.3,4-3-5,2080,3,4-3,730,2,3-4-5,590,1,3-4,670,1,,,,,,,
20260623,浜名湖,2,予選,曇り,南,4,2,5,2,4327,加 藤 翔,58,43,6.59,2,0.22,,4-3-5,2080,3,4-3,730,2,3-4-5,590,1,3-4,670,1,,,,,,,
20260623,浜名湖,2,予選,曇り,南,4,2,6,1,5182,宮 崎 安 奈,35,69,6.69,1,0.11,,4-3-5,2080,3,4-3,730,2,3-4-5,590,1,3-4,670,1,,,,,,,
20260623,浜名湖,3,予選,曇り,南,4,2,1,2,4361,柳 生 泰 二,20,62,6.67,2,0.10,1.50.8,2-4-5,2030,6,2-4,570,2,2-4-5,900,5,2-4,780,4,,,,,,,
20260623,浜名湖,3,予選,曇り,南,4,2,2,4,4395,下 河 雅 史,6,34,6.69,4,0.20,1.51.8,2-4-5,2030,6,2-4,570,2,2-4-5,900,5,2-4,780,4,,,,,,,
20260623,浜名湖,3,予選,曇り,南,4,2,3,5,5185,加 藤 優 弥,57,31,6.71,5,0.19,1.52.6,2-4-5,2030,6,2-4,570,2,2-4-5,900,5,2-4,780,4,,,,,,,
20260623,浜名湖,3,予選,曇り,南,4,2,4,3,4012,中 村 有 裕,45,29,6.74,3,0.20,1.54.2,2-4-5,2030,6,2-4,570,2,2-4-5,900,5,2-4,780,4,,,,,,,
20260623,浜名湖,3,予選,曇り,南,4,2,5,6,3548,室 田 泰 史,55,40,6.72,6,0.14,,2-4-5,2030,6,2-4,570,2,2-4-5,900,5,2-4,780,4,,,,,,,
20260623,浜名湖,3,予選,曇り,南,4,2,6,1,3293,宮 内 由紀英,18,48,6.76,1,0.05,,2-4-5,2030,6,2-4,570,2,2-4-5,900,5,2-4,780,4,,,,,,,
20260623,浜名湖,4,ランチタイム,曇り,南,4,2,1,1,4208,三 浦 永 理,28,68,6.69,1,0.20,1.49.8,1-2-3,460,1,1-2,150,1,1-2-3,340,2,1-2,140,1,,,,,,,
20260623,浜名湖,4,ランチタイム,曇り,南,4,2,2,2,5060,数 原 魁,37,59,6.64,2,0.22,1.51.3,1-2-3,460,1,1-2,150,1,1-2-3,340,2,1-2,140,1,,,,,,,
20260623,浜名湖,4,ランチタイム,曇り,南,4,2,3,3,4484,稲 生 夏 季,50,25,6.73,3,0.18,1.53.3,1-2-3,460,1,1-2,150,1,1-2-3,340,2,1-2,140,1,,,,,,,
20260623,浜名湖,4,ランチタイム,曇り,南,4,2,4,6,5106,山 崎 祥,63,61,6.64,6,0.20,1.54.8,1-2-3,460,1,1-2,150,1,1-2-3,340,2,1-2,140,1,,,,,,,
20260623,浜名湖,4,ランチタイム,曇り,南,4,2,5,4,4023,柴 田 友 和,32,17,6.70,4,0.22,,1-2-3,460,1,1-2,150,1,1-2-3,340,2,1-2,140,1,,,,,,,
20260623,浜名湖,4,ランチタイム,曇り,南,4,2,6,5,3313,本 吉 正 樹,21,55,6.72,5,0.23,,1-2-3,460,1,1-2,150,1,1-2-3,340,2,1-2,140,1,,,,,,,
20260623,浜名湖,5,予選,曇り,南,4,2,1,1,4382,高 山 智 至,24,60,6.66,1,0.14,1.51.3,1-5-2,1500,6,1-5,530,3,1-2-5,370,2,1-5,340,2,,,,,,,
20260623,浜名湖,5,予選,曇り,南,4,2,2,5,4356,長 岡 良 也,26,70,6.72,5,0.12,1.52.7,1-5-2,1500,6,1-5,530,3,1-2-5,370,2,1-5,340,2,,,,,,,
20260623,浜名湖,5,予選,曇り,南,4,2,3,2,4478,櫻 本 あゆみ,27,66,6.68,2,0.13,1.54.5,1-5-2,1500,6,1-5,530,3,1-2-5,370,2,1-5,340,2,,,,,,,
20260623,浜名湖,5,予選,曇り,南,4,2,4,6,4380,鈴 木 峻 佑,43,58,6.64,6,0.11,1.55.8,1-5-2,1500,6,1-5,530,3,1-2-5,370,2,1-5,340,2,,,,,,,
20260623,浜名湖,5,予選,曇り,南,4,2,5,4,5357,田 中 瀬里奈,53,11,6.72,4,0.11,,1-5-2,1500,6,1-5,530,3,1-2-5,370,2,1-5,340,2,,,,,,,
20260623,浜名湖,5,予選,曇り,南,4,2,6,3,3905,天 野 友 和,33,65,6.78,3,0.23,,1-5-2,1500,6,1-5,530,3,1-2-5,370,2,1-5,340,2,,,,,,,
20260623,浜名湖,6,予選,曇り,南,4,2,1,1,4247,齊 藤 優,66,75,6.64,1,0.08,1.50.5,1-2-5,2560,5,1-2,1670,9,1-2-5,530,1,1-2,700,4,,,,,,,
20260623,浜名湖,6,予選,曇り,南,4,2,2,2,3333,丸 尾 義 孝,16,37,6.70,2,0.07,1.51.5,1-2-5,2560,5,1-2,1670,9,1-2-5,530,1,1-2,700,4,,,,,,,
20260623,浜名湖,6,予選,曇り,南,4,2,3,5,4856,豊 田 健士郎,29,53,6.71,4,0.07,1.53.9,1-2-5,2560,5,1-2,1670,9,1-2-5,530,1,1-2,700,4,,,,,,,
20260623,浜名湖,6,予選,曇り,南,4,2,4,6,5454,谷 島 咲 希,52,39,6.62,6,0.13,1.54.1,1-2-5,2560,5,1-2,1670,9,1-2-5,530,1,1-2,700,4,,,,,,,
20260623,浜名湖,6,予選,曇り,南,4,2,5,4,4930,佐 藤 悠,46,13,6.56,5,0.06,,1-2-5,2560,5,1-2,1670,9,1-2-5,530,1,1-2,700,4,,,,,,,
20260623,浜名湖,6,予選,曇り,南,4,2,6,3,3502,渡 邉 英 児,3,47,6.73,3,0.12,,1-2-5,2560,5,1-2,1670,9,1-2-5,530,1,1-2,700,4,,,,,,,
20260623,浜名湖,7,予選,曇り,南,4,2,1,3,3548,室 田 泰 史,55,40,6.69,3,0.09,1.50.1,3-4-2,2520,10,3-4,480,2,2-3-4,870,3,3-4,120,1,,,,,,,
20260623,浜名湖,7,予選,曇り,南,4,2,2,4,4019,笠 原 亮,1,23,6.66,4,0.10,1.52.0,3-4-2,2520,10,3-4,480,2,2-3-4,870,3,3-4,120,1,,,,,,,
20260623,浜名湖,7,予選,曇り,南,4,2,3,2,5254,羽 田 妃 希,7,72,6.64,2,0.16,1.53.8,3-4-2,2520,10,3-4,480,2,2-3-4,870,3,3-4,120,1,,,,,,,
20260623,浜名湖,7,予選,曇り,南,4,2,4,5,3224,栗 山 繁 洋,19,16,6.71,5,0.19,1.55.1,3-4-2,2520,10,3-4,480,2,2-3-4,870,3,3-4,120,1,,,,,,,
20260623,浜名湖,7,予選,曇り,南,4,2,5,6,4789,古 賀 智 之,23,38,6.69,6,0.17,,3-4-2,2520,10,3-4,480,2,2-3-4,870,3,3-4,120,1,,,,,,,
20260623,浜名湖,7,予選,曇り,南,4,2,6,1,5366,塩 嶋 泰 空,15,19,6.65,1,0.08,,3-4-2,2520,10,3-4,480,2,2-3-4,870,3,3-4,120,1,,,,,,,
20260623,浜名湖,8,ブレイクタイ,曇り,南,3,1,1,4,4391,松 田 祐 季,10,41,6.67,4,0.13,1.51.0,4-2-5,2410,8,4-2,660,3,2-4-5,580,3,2-4,780,3,,,,,,,
20260623,浜名湖,8,ブレイクタイ,曇り,南,3,1,2,2,3293,宮 内 由紀英,18,48,6.74,2,0.06,1.52.2,4-2-5,2410,8,4-2,660,3,2-4-5,580,3,2-4,780,3,,,,,,,
20260623,浜名湖,8,ブレイクタイ,曇り,南,3,1,3,5,3987,後 藤 正 宗,60,51,6.69,5,0.12,1.54.3,4-2-5,2410,8,4-2,660,3,2-4-5,580,3,2-4,780,3,,,,,,,
20260623,浜名湖,8,ブレイクタイ,曇り,南,3,1,4,6,4023,柴 田 友 和,32,17,6.71,6,0.16,1.55.3,4-2-5,2410,8,4-2,660,3,2-4-5,580,3,2-4,780,3,,,,,,,
20260623,浜名湖,8,ブレイクタイ,曇り,南,3,1,5,3,4618,乃 村 康 友,39,36,6.72,3,0.10,,4-2-5,2410,8,4-2,660,3,2-4-5,580,3,2-4,780,3,,,,,,,
20260623,浜名湖,8,ブレイクタイ,曇り,南,3,1,F,1,4819,蜂 須 瑞 生,54,30,6.63,1,F0.01,,4-2-5,2410,8,4-2,660,3,2-4-5,580,3,2-4,780,3,,,,,,,
20260623,浜名湖,9,予選特賞,曇り,南,4,2,1,1,4012,中 村 有 裕,45,29,6.70,2,0.15,1.50.7,1-4-6,8760,32,1-4,2440,8,1-4-6,3640,12,1-4,1800,5,,,,,,,
20260623,浜名湖,9,予選特賞,曇り,南,4,2,2,4,3385,渡 邉 睦 広,59,54,6.64,5,0.17,1.51.4,1-4-6,8760,32,1-4,2440,8,1-4-6,3640,12,1-4,1800,5,,,,,,,
20260623,浜名湖,9,予選特賞,曇り,南,4,2,3,6,4003,表 憲 一,22,52,6.70,6,0.14,1.52.6,1-4-6,8760,32,1-4,2440,8,1-4-6,3640,12,1-4,1800,5,,,,,,,
20260623,浜名湖,9,予選特賞,曇り,南,4,2,4,5,3623,深 川 真 二,36,45,6.69,1,0.30,1.53.3,1-4-6,8760,32,1-4,2440,8,1-4-6,3640,12,1-4,1800,5,,,,,,,
20260623,浜名湖,9,予選特賞,曇り,南,4,2,5,3,4903,吉 田 凌太朗,61,26,6.69,4,0.15,,1-4-6,8760,32,1-4,2440,8,1-4-6,3640,12,1-4,1800,5,,,,,,,
20260623,浜名湖,9,予選特賞,曇り,南,4,2,6,2,3313,本 吉 正 樹,21,55,6.71,3,0.20,,1-4-6,8760,32,1-4,2440,8,1-4-6,3640,12,1-4,1800,5,,,,,,,
20260623,浜名湖,10,予選特賞,曇り,南,4,2,1,5,4361,柳 生 泰 二,20,62,6.65,4,0.14,1.50.1,5-2-1,4190,12,5-2,1840,6,1-2-5,200,1,2-5,920,4,,,,,,,
20260623,浜名湖,10,予選特賞,曇り,南,4,2,2,2,4208,三 浦 永 理,28,68,6.66,2,0.26,1.51.0,5-2-1,4190,12,5-2,1840,6,1-2-5,200,1,2-5,920,4,,,,,,,
20260623,浜名湖,10,予選特賞,曇り,南,4,2,3,1,4737,竹 井 貴 史,48,21,6.66,1,0.18,1.52.8,5-2-1,4190,12,5-2,1840,6,1-2-5,200,1,2-5,920,4,,,,,,,
20260623,浜名湖,10,予選特賞,曇り,南,4,2,4,4,5182,宮 崎 安 奈,35,69,6.71,6,0.12,1.54.4,5-2-1,4190,12,5-2,1840,6,1-2-5,200,1,2-5,920,4,,,,,,,
20260623,浜名湖,10,予選特賞,曇り,南,4,2,5,6,3905,天 野 友 和,33,65,6.70,5,0.08,,5-2-1,4190,12,5-2,1840,6,1-2-5,200,1,2-5,920,4,,,,,,,
20260623,浜名湖,10,予選特賞,曇り,南,4,2,6,3,3860,松 本 浩 貴,11,32,6.71,3,0.31,,5-2-1,4190,12,5-2,1840,6,1-2-5,200,1,2-5,920,4,,,,,,,
20260623,浜名湖,11,予選特選,曇り,南,2,1,1,1,4856,豊 田 健士郎,29,53,6.66,1,0.18,1.49.1,1-5-4,6070,20,1-5,1000,5,1-4-5,2340,9,1-5,880,3,,,,,,,
20260623,浜名湖,11,予選特選,曇り,南,2,1,2,5,5060,数 原 魁,37,59,6.61,5,0.13,1.50.3,1-5-4,6070,20,1-5,1000,5,1-4-5,2340,9,1-5,880,3,,,,,,,
20260623,浜名湖,11,予選特選,曇り,南,2,1,3,4,5185,加 藤 優 弥,57,31,6.69,4,0.12,1.51.2,1-5-4,6070,20,1-5,1000,5,1-4-5,2340,9,1-5,880,3,,,,,,,
20260623,浜名湖,11,予選特選,曇り,南,2,1,4,2,4102,益 田 啓 司,41,46,6.68,2,0.16,1.52.8,1-5-4,6070,20,1-5,1000,5,1-4-5,2340,9,1-5,880,3,,,,,,,
20260623,浜名湖,11,予選特選,曇り,南,2,1,5,3,3952,中 澤 和 志,51,63,6.66,3,0.11,,1-5-4,6070,20,1-5,1000,5,1-4-5,2340,9,1-5,880,3,,,,,,,
20260623,浜名湖,11,予選特選,曇り,南,2,1,6,6,4478,櫻 本 あゆみ,27,66,6.69,6,0.17,,1-5-4,6070,20,1-5,1000,5,1-4-5,2340,9,1-5,880,3,,,,,,,
20260623,浜名湖,12,予選特選,曇り,南,2,1,1,1,4019,笠 原 亮,1,23,6.70,1,0.12,1.50.3,1-2-6,4570,14,1-2,620,3,1-2-6,1510,7,1-2,570,3,,,,,,,
20260623,浜名湖,12,予選特選,曇り,南,2,1,2,2,5106,山 崎 祥,63,61,6.71,2,0.20,1.51.2,1-2-6,4570,14,1-2,620,3,1-2-6,1510,7,1-2,570,3,,,,,,,
20260623,浜名湖,12,予選特選,曇り,南,2,1,3,6,4930,佐 藤 悠,46,13,6.58,6,0.09,1.52.4,1-2-6,4570,14,1-2,620,3,1-2-6,1510,7,1-2,570,3,,,,,,,
20260623,浜名湖,12,予選特選,曇り,南,2,1,4,5,5344,谷 口 丞,56,64,6.72,5,0.16,1.54.0,1-2-6,4570,14,1-2,620,3,1-2-6,1510,7,1-2,570,3,,,,,,,
20260623,浜名湖,12,予選特選,曇り,南,2,1,5,4,4356,長 岡 良 也,26,70,6.72,4,0.15,,1-2-6,4570,14,1-2,620,3,1-2-6,1510,7,1-2,570,3,,,,,,,
20260623,浜名湖,12,予選特選,曇り,南,2,1,6,3,4391,松 田 祐 季,10,41,6.71,3,0.19,,1-2-6,4570,14,1-2,620,3,1-2-6,1510,7,1-2,570,3,,,,,,,
20260623,福岡,1,カタメン１予,雨,南,1,2,1,3,3722,西 村 秀 樹,17,155,6.87,3,0.13,1.50.4,3-5-1,53400,41,3-5,19580,17,1-3-5,1720,6,3-5,6400,8,,,,,,,
20260623,福岡,1,カタメン１予,雨,南,1,2,2,5,4592,小 林 孝 弘,32,125,6.88,5,0.14,1.51.4,3-5-1,53400,41,3-5,19580,17,1-3-5,1720,6,3-5,6400,8,,,,,,,
20260623,福岡,1,カタメン１予,雨,南,1,2,3,1,3966,作 間 章,51,121,6.81,1,0.12,1.52.8,3-5-1,53400,41,3-5,19580,17,1-3-5,1720,6,3-5,6400,8,,,,,,,
20260623,福岡,1,カタメン１予,雨,南,1,2,4,4,4167,片 岡 秀 樹,40,118,6.89,4,0.13,1.54.5,3-5-1,53400,41,3-5,19580,17,1-3-5,1720,6,3-5,6400,8,,,,,,,
20260623,福岡,1,カタメン１予,雨,南,1,2,5,2,5008,羽 野 諒,41,163,6.84,2,0.15,,3-5-1,53400,41,3-5,19580,17,1-3-5,1720,6,3-5,6400,8,,,,,,,
20260623,福岡,1,カタメン１予,雨,南,1,2,6,6,5429,吉 川 颯 汰,47,130,6.90,6,0.19,,3-5-1,53400,41,3-5,19580,17,1-3-5,1720,6,3-5,6400,8,,,,,,,
20260623,福岡,2,予選,雨,南,3,3,1,4,4396,大 田 直 弥,31,149,6.88,4,0.13,1.51.1,4-3-1,6080,25,4-3,2750,11,1-3-4,400,3,3-4,530,4,,,,,,,
20260623,福岡,2,予選,雨,南,3,3,2,3,4697,國 弘 翔 平,24,134,6.84,3,0.09,1.52.4,4-3-1,6080,25,4-3,2750,11,1-3-4,400,3,3-4,530,4,,,,,,,
20260623,福岡,2,予選,雨,南,3,3,3,1,3211,北 川 敏 弘,22,103,6.83,1,0.21,1.52.6,4-3-1,6080,25,4-3,2750,11,1-3-4,400,3,3-4,530,4,,,,,,,
20260623,福岡,2,予選,雨,南,3,3,4,2,5086,本 村 大,44,158,6.82,2,0.13,1.53.9,4-3-1,6080,25,4-3,2750,11,1-3-4,400,3,3-4,530,4,,,,,,,
20260623,福岡,2,予選,雨,南,3,3,5,5,5386,米玉利 大 悟,45,133,6.85,5,0.18,,4-3-1,6080,25,4-3,2750,11,1-3-4,400,3,3-4,530,4,,,,,,,
20260623,福岡,2,予選,雨,南,3,3,6,6,5468,山 口 隼 人,64,144,6.82,6,0.18,,4-3-1,6080,25,4-3,2750,11,1-3-4,400,3,3-4,530,4,,,,,,,
20260623,福岡,3,カタメン３予,雨,南,2,2,1,3,3940,飯 山 泰,36,153,6.77,3,0.11,1.49.8,3-4-2,1270,3,3-4,490,1,2-3-4,420,2,3-4,460,3,,,,,,,
20260623,福岡,3,カタメン３予,雨,南,2,2,2,4,4463,三 苫 晃 幸,18,124,6.81,4,0.12,1.51.7,3-4-2,1270,3,3-4,490,1,2-3-4,420,2,3-4,460,3,,,,,,,
20260623,福岡,3,カタメン３予,雨,南,2,2,3,2,4100,松 田 隆 司,63,154,6.85,2,0.17,1.53.6,3-4-2,1270,3,3-4,490,1,2-3-4,420,2,3-4,460,3,,,,,,,
20260623,福岡,3,カタメン３予,雨,南,2,2,4,5,3471,赤 峰 和 也,59,164,6.89,5,0.13,1.55.0,3-4-2,1270,3,3-4,490,1,2-3-4,420,2,3-4,460,3,,,,,,,
20260623,福岡,3,カタメン３予,雨,南,2,2,5,1,3362,間 嶋 仁 志,60,122,6.91,1,0.15,,3-4-2,1270,3,3-4,490,1,2-3-4,420,2,3-4,460,3,,,,,,,
20260623,福岡,3,カタメン３予,雨,南,2,2,6,6,5469,今 泉 博 人,13,131,6.78,6,0.16,,3-4-2,1270,3,3-4,490,1,2-3-4,420,2,3-4,460,3,,,,,,,
20260623,福岡,4,予選,雨,南,2,2,1,1,3054,北 川 幸 典,74,138,6.75,1,0.16,1.49.7,1-6-3,7570,22,1-6,4240,14,1-3-6,1090,5,1-6,3910,9,,,,,,,
20260623,福岡,4,予選,雨,南,2,2,2,6,4383,竹 田 吉 行,70,152,6.87,6,0.12,1.51.9,1-6-3,7570,22,1-6,4240,14,1-3-6,1090,5,1-6,3910,9,,,,,,,
20260623,福岡,4,予選,雨,南,2,2,3,3,4210,松 村 康 太,68,147,6.84,3,0.15,1.52.0,1-6-3,7570,22,1-6,4240,14,1-3-6,1090,5,1-6,3910,9,,,,,,,
20260623,福岡,4,予選,雨,南,2,2,4,2,3752,宇 土 泰 就,35,157,6.94,2,0.17,1.54.1,1-6-3,7570,22,1-6,4240,14,1-3-6,1090,5,1-6,3910,9,,,,,,,
20260623,福岡,4,予選,雨,南,2,2,5,5,4887,富 澤 祐 作,46,129,6.82,5,0.10,,1-6-3,7570,22,1-6,4240,14,1-3-6,1090,5,1-6,3910,9,,,,,,,
20260623,福岡,4,予選,雨,南,2,2,6,4,5394,福 西 広太郎,50,120,6.79,4,0.16,,1-6-3,7570,22,1-6,4240,14,1-3-6,1090,5,1-6,3910,9,,,,,,,
20260623,福岡,5,予選,雨,南,2,2,1,2,4058,野 末 智 一,25,132,6.81,2,0.23,1.49.3,2-3-1,3440,13,2-3,1560,8,1-2-3,320,1,2-3,1440,4,,,,,,,
20260623,福岡,5,予選,雨,南,2,2,2,3,5348,小 林 甘 寧,53,114,6.84,3,0.19,1.51.2,2-3-1,3440,13,2-3,1560,8,1-2-3,320,1,2-3,1440,4,,,,,,,
20260623,福岡,5,予選,雨,南,2,2,3,1,4016,西 川 新太郎,20,143,6.80,1,0.22,1.53.1,2-3-1,3440,13,2-3,1560,8,1-2-3,320,1,2-3,1440,4,,,,,,,
20260623,福岡,5,予選,雨,南,2,2,4,4,3497,後 藤 浩,37,128,6.91,4,0.22,1.54.7,2-3-1,3440,13,2-3,1560,8,1-2-3,320,1,2-3,1440,4,,,,,,,
20260623,福岡,5,予選,雨,南,2,2,5,6,3251,平 石 和 男,69,117,6.87,5,0.23,,2-3-1,3440,13,2-3,1560,8,1-2-3,320,1,2-3,1440,4,,,,,,,
20260623,福岡,5,予選,雨,南,2,2,6,5,5429,吉 川 颯 汰,47,130,6.93,6,0.27,,2-3-1,3440,13,2-3,1560,8,1-2-3,320,1,2-3,1440,4,,,,,,,
20260623,福岡,6,予選,雨,南,2,2,1,6,3956,横 澤 剛 治,27,167,6.89,4,0.19,1.50.8,6-2-3,1430,5,6-2,560,2,2-3-6,250,1,2-6,190,1,,,,,,,
20260623,福岡,6,予選,雨,南,2,2,2,2,5010,宇留田 翔 平,61,123,6.79,2,0.14,1.51.7,6-2-3,1430,5,6-2,560,2,2-3-6,250,1,2-6,190,1,,,,,,,
20260623,福岡,6,予選,雨,南,2,2,3,3,4167,片 岡 秀 樹,40,118,6.89,3,0.36,1.53.5,6-2-3,1430,5,6-2,560,2,2-3-6,250,1,2-6,190,1,,,,,,,
20260623,福岡,6,予選,雨,南,2,2,4,4,5426,甲 斐 貴 大,26,146,6.76,5,0.13,1.54.1,6-2-3,1430,5,6-2,560,2,2-3-6,250,1,2-6,190,1,,,,,,,
20260623,福岡,6,予選,雨,南,2,2,5,1,5355,萩 原 丈太朗,29,168,6.85,1,0.17,,6-2-3,1430,5,6-2,560,2,2-3-6,250,1,2-6,190,1,,,,,,,
20260623,福岡,6,予選,雨,南,2,2,6,5,5468,山 口 隼 人,64,144,6.82,6,0.15,,6-2-3,1430,5,6-2,560,2,2-3-6,250,1,2-6,190,1,,,,,,,
20260623,福岡,7,予選,雨,南,2,2,1,2,3475,橋 本 久 和,23,127,6.71,2,0.11,1.50.1,2-6-4,1770,5,2-6,660,2,2-4-6,340,1,2-6,790,4,,,,,,,
20260623,福岡,7,予選,雨,南,2,2,2,6,4002,古 結 宏,21,112,6.80,5,0.12,1.52.1,2-6-4,1770,5,2-6,660,2,2-4-6,340,1,2-6,790,4,,,,,,,
20260623,福岡,7,予選,雨,南,2,2,3,4,4394,永 嶋 裕 一,38,145,6.79,4,0.12,1.53.2,2-6-4,1770,5,2-6,660,2,2-4-6,340,1,2-6,790,4,,,,,,,
20260623,福岡,7,予選,雨,南,2,2,4,3,5008,羽 野 諒,41,163,6.84,3,0.09,1.55.3,2-6-4,1770,5,2-6,660,2,2-4-6,340,1,2-6,790,4,,,,,,,
20260623,福岡,7,予選,雨,南,2,2,5,5,5469,今 泉 博 人,13,131,6.77,6,0.14,,2-6-4,1770,5,2-6,660,2,2-4-6,340,1,2-6,790,4,,,,,,,
20260623,福岡,7,予選,雨,南,2,2,6,1,5086,本 村 大,44,158,6.81,1,0.22,,2-6-4,1770,5,2-6,660,2,2-4-6,340,1,2-6,790,4,,,,,,,
20260623,福岡,8,予選,雨,南東,3,3,1,1,4904,松 本 一 毅,12,115,6.87,1,0.16,1.51.0,1-2-6,630,1,1-2,320,1,1-2-6,170,1,1-2,340,2,,,,,,,
20260623,福岡,8,予選,雨,南東,3,3,2,2,4592,小 林 孝 弘,32,125,6.83,2,0.20,1.51.7,1-2-6,630,1,1-2,320,1,1-2-6,170,1,1-2,340,2,,,,,,,
20260623,福岡,8,予選,雨,南東,3,3,3,6,3737,上 平 真 二,73,116,6.83,6,0.22,1.52.4,1-2-6,630,1,1-2,320,1,1-2-6,170,1,1-2,340,2,,,,,,,
20260623,福岡,8,予選,雨,南東,3,3,4,4,3315,広 瀬 聖 仁,55,170,6.88,4,0.34,1.54.2,1-2-6,630,1,1-2,320,1,1-2-6,170,1,1-2,340,2,,,,,,,
20260623,福岡,8,予選,雨,南東,3,3,5,5,5394,福 西 広太郎,50,120,6.89,5,0.16,,1-2-6,630,1,1-2,320,1,1-2-6,170,1,1-2,340,2,,,,,,,
20260623,福岡,8,予選,雨,南東,3,3,6,3,5386,米玉利 大 悟,45,133,6.86,3,0.20,,1-2-6,630,1,1-2,320,1,1-2-6,170,1,1-2,340,2,,,,,,,
20260623,福岡,9,予選特賞,雨,東,4,4,1,5,3966,作 間 章,51,121,6.81,5,0.10,1.50.8,5-2-3,6120,23,5-2,3830,12,2-3-5,770,4,2-5,1700,7,,,,,,,
20260623,福岡,9,予選特賞,雨,東,4,4,2,2,4094,中 島 真 二,66,169,6.81,2,0.26,1.52.6,5-2-3,6120,23,5-2,3830,12,2-3-5,770,4,2-5,1700,7,,,,,,,
20260623,福岡,9,予選特賞,雨,東,4,4,3,3,3251,平 石 和 男,69,117,6.82,3,0.20,1.53.6,5-2-3,6120,23,5-2,3830,12,2-3-5,770,4,2-5,1700,7,,,,,,,
20260623,福岡,9,予選特賞,雨,東,4,4,4,1,4396,大 田 直 弥,31,149,6.89,1,0.22,1.54.1,5-2-3,6120,23,5-2,3830,12,2-3-5,770,4,2-5,1700,7,,,,,,,
20260623,福岡,9,予選特賞,雨,東,4,4,5,4,3752,宇 土 泰 就,35,157,6.89,4,0.20,,5-2-3,6120,23,5-2,3830,12,2-3-5,770,4,2-5,1700,7,,,,,,,
20260623,福岡,9,予選特賞,雨,東,4,4,6,6,3843,上 之 晃 弘,54,172,6.87,6,0.15,,5-2-3,6120,23,5-2,3830,12,2-3-5,770,4,2-5,1700,7,,,,,,,
20260623,福岡,10,予選特賞,雨,南,3,3,1,1,5010,宇留田 翔 平,61,123,6.82,1,0.24,1.50.9,1-3-2,910,3,1-3,220,1,1-2-3,370,2,1-3,210,1,,,,,,,
20260623,福岡,10,予選特賞,雨,南,3,3,2,3,4383,竹 田 吉 行,70,152,6.86,3,0.26,1.51.7,1-3-2,910,3,1-3,220,1,1-2-3,370,2,1-3,210,1,,,,,,,
20260623,福岡,10,予選特賞,雨,南,3,3,3,2,3471,赤 峰 和 也,59,164,6.87,2,0.20,1.53.9,1-3-2,910,3,1-3,220,1,1-2-3,370,2,1-3,210,1,,,,,,,
20260623,福岡,10,予選特賞,雨,南,3,3,4,4,3722,西 村 秀 樹,17,155,6.90,4,0.29,1.54.2,1-3-2,910,3,1-3,220,1,1-2-3,370,2,1-3,210,1,,,,,,,
20260623,福岡,10,予選特賞,雨,南,3,3,5,5,4000,松 本 博 昭,58,174,6.82,5,0.37,,1-3-2,910,3,1-3,220,1,1-2-3,370,2,1-3,210,1,,,,,,,
20260623,福岡,10,予選特賞,雨,南,3,3,6,6,3901,松 田 憲 幸,42,140,7.00,6,0.82,,1-3-2,910,3,1-3,220,1,1-2-3,370,2,1-3,210,1,,,,,,,
20260623,福岡,11,予選特選,雨,南,2,2,1,1,3813,佐 藤 大 介,57,111,6.88,1,0.10,1.50.4,1-5-3,2710,11,1-5,680,4,1-3-5,1130,4,1-5,560,4,,,,,,,
20260623,福岡,11,予選特選,雨,南,2,2,2,5,4058,野 末 智 一,25,132,6.85,5,0.27,1.51.1,1-5-3,2710,11,1-5,680,4,1-3-5,1130,4,1-5,560,4,,,,,,,
20260623,福岡,11,予選特選,雨,南,2,2,3,3,4100,松 田 隆 司,63,154,6.87,3,0.24,1.53.5,1-5-3,2710,11,1-5,680,4,1-3-5,1130,4,1-5,560,4,,,,,,,
20260623,福岡,11,予選特選,雨,南,2,2,4,4,4002,古 結 宏,21,112,6.87,4,0.18,1.54.8,1-5-3,2710,11,1-5,680,4,1-3-5,1130,4,1-5,560,4,,,,,,,
20260623,福岡,11,予選特選,雨,南,2,2,5,6,4697,國 弘 翔 平,24,134,6.85,6,0.25,,1-5-3,2710,11,1-5,680,4,1-3-5,1130,4,1-5,560,4,,,,,,,
20260623,福岡,11,予選特選,雨,南,2,2,6,2,4887,富 澤 祐 作,46,129,6.97,2,0.20,,1-5-3,2710,11,1-5,680,4,1-3-5,1130,4,1-5,560,4,,,,,,,
20260623,福岡,12,福岡選抜,雨,南,2,2,1,3,4904,松 本 一 毅,12,115,6.86,3,0.12,1.50.9,3-4-1,18870,30,3-4,7560,11,1-3-4,920,5,3-4,5190,9,,,,,,,
20260623,福岡,12,福岡選抜,雨,南,2,2,2,4,4210,松 村 康 太,68,147,6.88,4,0.13,1.51.3,3-4-1,18870,30,3-4,7560,11,1-3-4,920,5,3-4,5190,9,,,,,,,
20260623,福岡,12,福岡選抜,雨,南,2,2,3,1,3940,飯 山 泰,36,153,6.79,1,0.16,1.52.6,3-4-1,18870,30,3-4,7560,11,1-3-4,920,5,3-4,5190,9,,,,,,,
20260623,福岡,12,福岡選抜,雨,南,2,2,4,2,3956,横 澤 剛 治,27,167,6.87,2,0.15,1.53.7,3-4-1,18870,30,3-4,7560,11,1-3-4,920,5,3-4,5190,9,,,,,,,
20260623,福岡,12,福岡選抜,雨,南,2,2,5,5,4016,西 川 新太郎,20,143,6.83,5,0.16,,3-4-1,18870,30,3-4,7560,11,1-3-4,920,5,3-4,5190,9,,,,,,,
20260623,福岡,12,福岡選抜,雨,南,2,2,6,6,4394,永 嶋 裕 一,38,145,6.86,6,0.15,,3-4-1,18870,30,3-4,7560,11,1-3-4,920,5,3-4,5190,9,,,,,,,
20260623,蒲郡,1,予選,曇り,南,2,1,1,1,4665,加 藤 啓 太,40,30,6.60,1,0.04,1.50.0,1-3-2,2310,8,1-3,1390,6,1-2-3,530,3,1-3,520,3,,,,,,,
20260623,蒲郡,1,予選,曇り,南,2,1,2,3,5268,山 本 幸 也,61,58,6.70,3,0.05,1.50.8,1-3-2,2310,8,1-3,1390,6,1-2-3,530,3,1-3,520,3,,,,,,,
20260623,蒲郡,1,予選,曇り,南,2,1,3,2,4639,雑 賀 勇 貴,46,66,6.66,2,0.04,1.52.5,1-3-2,2310,8,1-3,1390,6,1-2-3,530,3,1-3,520,3,,,,,,,
20260623,蒲郡,1,予選,曇り,南,2,1,4,5,5245,倉 富 大 誠,36,77,6.69,5,0.13,1.53.0,1-3-2,2310,8,1-3,1390,6,1-2-3,530,3,1-3,520,3,,,,,,,
20260623,蒲郡,1,予選,曇り,南,2,1,5,4,4252,松 下 哲 也,16,74,6.71,4,0.13,,1-3-2,2310,8,1-3,1390,6,1-2-3,530,3,1-3,520,3,,,,,,,
20260623,蒲郡,1,予選,曇り,南,2,1,6,6,5461,板 頭 里 緒,33,40,6.72,6,0.14,,1-3-2,2310,8,1-3,1390,6,1-2-3,530,3,1-3,520,3,,,,,,,
20260623,蒲郡,2,予選,曇り,南,2,1,1,2,5292,佐 藤 右 京,26,75,6.67,2,0.15,1.49.1,2-3-1,4050,16,2-3,1790,8,1-2-3,360,2,2-3,600,4,,,,,,,
20260623,蒲郡,2,予選,曇り,南,2,1,2,3,4467,渡 邉 俊 介,17,36,6.63,3,0.13,1.50.4,2-3-1,4050,16,2-3,1790,8,1-2-3,360,2,2-3,600,4,,,,,,,
20260623,蒲郡,2,予選,曇り,南,2,1,3,1,3538,菊 池 峰 晴,52,39,6.71,1,0.19,1.52.4,2-3-1,4050,16,2-3,1790,8,1-2-3,360,2,2-3,600,4,,,,,,,
20260623,蒲郡,2,予選,曇り,南,2,1,4,6,3870,寺 嶋 雄,48,64,6.73,6,0.19,1.53.3,2-3-1,4050,16,2-3,1790,8,1-2-3,360,2,2-3,600,4,,,,,,,
20260623,蒲郡,2,予選,曇り,南,2,1,5,4,5105,富 田 恕 生,21,37,6.62,4,0.25,,2-3-1,4050,16,2-3,1790,8,1-2-3,360,2,2-3,600,4,,,,,,,
20260623,蒲郡,2,予選,曇り,南,2,1,6,5,3704,本 部 めぐみ,30,28,6.62,5,0.21,,2-3-1,4050,16,2-3,1790,8,1-2-3,360,2,2-3,600,4,,,,,,,
20260623,蒲郡,3,予選,曇り,南東,2,1,1,4,5223,森 清 友 翔,11,35,6.62,4,0.11,1.49.6,4-2-6,2610,11,4-2,1190,7,2-4-6,210,1,2-4,670,3,,,,,,,
20260623,蒲郡,3,予選,曇り,南東,2,1,2,2,4485,楠 原 正 剛,39,72,6.73,2,0.03,1.50.9,4-2-6,2610,11,4-2,1190,7,2-4-6,210,1,2-4,670,3,,,,,,,
20260623,蒲郡,3,予選,曇り,南東,2,1,3,6,4739,中 村 晃 朋,31,38,6.61,6,0.11,1.53.5,4-2-6,2610,11,4-2,1190,7,2-4-6,210,1,2-4,670,3,,,,,,,
20260623,蒲郡,3,予選,曇り,南東,2,1,4,3,5046,松 山 裕 基,62,29,6.66,3,0.05,1.54.1,4-2-6,2610,11,4-2,1190,7,2-4-6,210,1,2-4,670,3,,,,,,,
20260623,蒲郡,3,予選,曇り,南東,2,1,5,5,4664,東 口 晃,24,19,6.66,5,0.21,,4-2-6,2610,11,4-2,1190,7,2-4-6,210,1,2-4,670,3,,,,,,,
20260623,蒲郡,3,予選,曇り,南東,2,1,F,1,3871,池 田 紫 乃,77,13,6.63,1,F0.01,,4-2-6,2610,11,4-2,1190,7,2-4-6,210,1,2-4,670,3,,,,,,,
20260623,蒲郡,4,予選,曇り,南東,2,1,1,1,4648,木 村 亮 太,29,14,6.59,1,0.17,1.48.5,1-3-2,1870,7,1-3,900,3,1-2-3,340,2,1-3,1220,5,,,,,,,
20260623,蒲郡,4,予選,曇り,南東,2,1,2,3,5232,樅 山 拓 馬,32,27,6.68,3,0.11,1.50.4,1-3-2,1870,7,1-3,900,3,1-2-3,340,2,1-3,1220,5,,,,,,,
20260623,蒲郡,4,予選,曇り,南東,2,1,3,2,4953,尾 上 雅 也,35,33,6.63,2,0.14,1.52.9,1-3-2,1870,7,1-3,900,3,1-2-3,340,2,1-3,1220,5,,,,,,,
20260623,蒲郡,4,予選,曇り,南東,2,1,4,4,4240,今 井 裕 梨,18,51,6.62,4,0.11,1.54.1,1-3-2,1870,7,1-3,900,3,1-2-3,340,2,1-3,1220,5,,,,,,,
20260623,蒲郡,4,予選,曇り,南東,2,1,5,6,3986,沖 島 広 和,57,76,6.66,6,0.16,,1-3-2,1870,7,1-3,900,3,1-2-3,340,2,1-3,1220,5,,,,,,,
20260623,蒲郡,4,予選,曇り,南東,2,1,6,5,2538,高 橋 二 朗,20,22,6.62,5,0.15,,1-3-2,1870,7,1-3,900,3,1-2-3,340,2,1-3,1220,5,,,,,,,
20260623,蒲郡,5,予選,曇り,南東,2,1,1,2,5037,田 頭 虎 親,49,65,6.71,2,0.17,1.49.5,2-3-1,6780,22,2-3,3190,10,1-2-3,270,1,2-3,1400,6,,,,,,,
20260623,蒲郡,5,予選,曇り,南東,2,1,2,3,5243,三 馬 崇 史,22,31,6.63,3,0.15,1.50.8,2-3-1,6780,22,2-3,3190,10,1-2-3,270,1,2-3,1400,6,,,,,,,
20260623,蒲郡,5,予選,曇り,南東,2,1,3,1,4957,竹之内 極,19,50,6.64,1,0.12,1.52.3,2-3-1,6780,22,2-3,3190,10,1-2-3,270,1,2-3,1400,6,,,,,,,
20260623,蒲郡,5,予選,曇り,南東,2,1,4,6,3613,角 谷 健 吾,51,46,6.74,5,0.18,1.53.4,2-3-1,6780,22,2-3,3190,10,1-2-3,270,1,2-3,1400,6,,,,,,,
20260623,蒲郡,5,予選,曇り,南東,2,1,5,4,5268,山 本 幸 也,61,58,6.74,4,0.26,,2-3-1,6780,22,2-3,3190,10,1-2-3,270,1,2-3,1400,6,,,,,,,
20260623,蒲郡,5,予選,曇り,南東,2,1,6,5,5399,長 野 未 来,28,49,6.64,6,0.31,,2-3-1,6780,22,2-3,3190,10,1-2-3,270,1,2-3,1400,6,,,,,,,
20260623,蒲郡,6,予選,曇り,南東,2,1,1,4,4389,伊 藤 喜 智,76,70,6.67,4,0.15,1.50.2,4-2-1,7360,22,4-2,2360,6,1-2-4,310,1,2-4,520,2,,,,,,,
20260623,蒲郡,6,予選,曇り,南東,2,1,2,2,4857,加 藤 翔 馬,65,47,6.60,2,0.21,1.51.5,4-2-1,7360,22,4-2,2360,6,1-2-4,310,1,2-4,520,2,,,,,,,
20260623,蒲郡,6,予選,曇り,南東,2,1,3,1,3710,吉 永 泰 弘,64,12,6.70,1,0.25,1.52.1,4-2-1,7360,22,4-2,2360,6,1-2-4,310,1,2-4,520,2,,,,,,,
20260623,蒲郡,6,予選,曇り,南東,2,1,4,3,4252,松 下 哲 也,16,74,6.69,3,0.18,1.54.2,4-2-1,7360,22,4-2,2360,6,1-2-4,310,1,2-4,520,2,,,,,,,
20260623,蒲郡,6,予選,曇り,南東,2,1,5,5,4043,桐 本 康 臣,27,23,6.72,5,0.11,,4-2-1,7360,22,4-2,2360,6,1-2-4,310,1,2-4,520,2,,,,,,,
20260623,蒲郡,6,予選,曇り,南東,2,1,6,6,5472,中 川 海 虹,34,68,6.65,6,0.17,,4-2-1,7360,22,4-2,2360,6,1-2-4,310,1,2-4,520,2,,,,,,,
20260623,蒲郡,7,予選 進入固定,曇り,南東,2,1,1,1,4067,永 井 源,13,52,6.63,1,0.21,1.50.1,1-5-3,1190,4,1-5,420,2,1-3-5,360,2,1-5,400,2,,,,,,,
20260623,蒲郡,7,予選 進入固定,曇り,南東,2,1,2,5,5376,吉 田 一 心,56,25,6.66,5,0.30,1.50.6,1-5-3,1190,4,1-5,420,2,1-3-5,360,2,1-5,400,2,,,,,,,
20260623,蒲郡,7,予選 進入固定,曇り,南東,2,1,3,3,3406,中 里 英 夫,55,61,6.75,3,0.35,1.51.5,1-5-3,1190,4,1-5,420,2,1-3-5,360,2,1-5,400,2,,,,,,,
20260623,蒲郡,7,予選 進入固定,曇り,南東,2,1,4,2,3870,寺 嶋 雄,48,64,6.73,2,0.27,1.54.7,1-5-3,1190,4,1-5,420,2,1-3-5,360,2,1-5,400,2,,,,,,,
20260623,蒲郡,7,予選 進入固定,曇り,南東,2,1,5,6,5461,板 頭 里 緒,33,40,6.74,6,0.37,,1-5-3,1190,4,1-5,420,2,1-3-5,360,2,1-5,400,2,,,,,,,
20260623,蒲郡,7,予選 進入固定,曇り,南東,2,1,6,4,3852,澤 大 介,58,16,6.73,4,0.41,,1-5-3,1190,4,1-5,420,2,1-3-5,360,2,1-5,400,2,,,,,,,
20260623,蒲郡,8,予選,曇り,南東,2,1,1,2,4397,西 村 拓 也,63,60,6.62,2,0.17,1.49.1,2-3-4,1510,5,2-3,360,1,2-3-4,930,5,2-3,270,1,,,,,,,
20260623,蒲郡,8,予選,曇り,南東,2,1,2,3,5286,坂 井 滉 哉,72,32,6.65,3,0.12,1.51.0,2-3-4,1510,5,2-3,360,1,2-3-4,930,5,2-3,270,1,,,,,,,
20260623,蒲郡,8,予選,曇り,南東,2,1,3,4,4665,加 藤 啓 太,40,30,6.63,4,0.19,1.52.0,2-3-4,1510,5,2-3,360,1,2-3-4,930,5,2-3,270,1,,,,,,,
20260623,蒲郡,8,予選,曇り,南東,2,1,4,1,4664,東 口 晃,24,19,6.66,1,0.19,1.53.0,2-3-4,1510,5,2-3,360,1,2-3-4,930,5,2-3,270,1,,,,,,,
20260623,蒲郡,8,予選,曇り,南東,2,1,5,6,5105,富 田 恕 生,21,37,6.67,6,0.21,,2-3-4,1510,5,2-3,360,1,2-3-4,930,5,2-3,270,1,,,,,,,
20260623,蒲郡,8,予選,曇り,南東,2,1,6,5,3572,安 田 政 彦,54,54,6.74,5,0.21,,2-3-4,1510,5,2-3,360,1,2-3-4,930,5,2-3,270,1,,,,,,,
20260623,蒲郡,9,予選特賞,曇り,南東,2,1,1,1,4240,今 井 裕 梨,18,51,6.65,1,0.08,1.49.8,1-4-2,840,3,1-4,260,1,1-2-4,390,3,1-4,350,3,,,,,,,
20260623,蒲郡,9,予選特賞,曇り,南東,2,1,2,4,3871,池 田 紫 乃,77,13,6.74,4,0.25,1.51.0,1-4-2,840,3,1-4,260,1,1-2-4,390,3,1-4,350,3,,,,,,,
20260623,蒲郡,9,予選特賞,曇り,南東,2,1,3,2,3704,本 部 めぐみ,30,28,6.68,2,0.12,1.53.8,1-4-2,840,3,1-4,260,1,1-2-4,390,3,1-4,350,3,,,,,,,
20260623,蒲郡,9,予選特賞,曇り,南東,2,1,4,5,5346,中 村 紋夕梨,59,15,6.75,5,0.27,1.54.5,1-4-2,840,3,1-4,260,1,1-2-4,390,3,1-4,350,3,,,,,,,
20260623,蒲郡,9,予選特賞,曇り,南東,2,1,5,6,5399,長 野 未 来,28,49,6.72,6,0.30,,1-4-2,840,3,1-4,260,1,1-2-4,390,3,1-4,350,3,,,,,,,
20260623,蒲郡,9,予選特賞,曇り,南東,2,1,6,3,5335,森 陽 多,38,71,6.74,3,0.07,,1-4-2,840,3,1-4,260,1,1-2-4,390,3,1-4,350,3,,,,,,,
20260623,蒲郡,10,予選特賞,曇り,南東,2,1,1,1,5066,鈴 木 孝 明,60,41,6.71,1,0.04,1.54.9,1-5-4,2920,11,1-5,1330,5,1-4-5,530,2,1-5,860,4,,,,,,,
20260623,蒲郡,10,予選特賞,曇り,南東,2,1,2,5,4648,木 村 亮 太,29,14,6.71,5,0.13,1.57.2,1-5-4,2920,11,1-5,1330,5,1-4-5,530,2,1-5,860,4,,,,,,,
20260623,蒲郡,10,予選特賞,曇り,南東,2,1,3,4,4516,野 口 勝 弘,70,17,6.75,4,0.07,2.01.1,1-5-4,2920,11,1-5,1330,5,1-4-5,530,2,1-5,860,4,,,,,,,
20260623,蒲郡,10,予選特賞,曇り,南東,2,1,4,3,5292,佐 藤 右 京,26,75,6.77,3,0.14,2.04.1,1-5-4,2920,11,1-5,1330,5,1-4-5,530,2,1-5,860,4,,,,,,,
20260623,蒲郡,10,予選特賞,曇り,南東,2,1,5,6,4485,楠 原 正 剛,39,72,6.79,6,0.14,,1-5-4,2920,11,1-5,1330,5,1-4-5,530,2,1-5,860,4,,,,,,,
20260623,蒲郡,10,予選特賞,曇り,南東,2,1,S1,2,4389,伊 藤 喜 智,76,70,6.70,2,0.15,,1-5-4,2920,11,1-5,1330,5,1-4-5,530,2,1-5,860,4,,,,,,,
20260623,蒲郡,11,予選特選,曇り,東,2,1,1,1,4467,渡 邉 俊 介,17,36,6.69,1,0.14,1.49.3,1-2-3,710,2,1-2,240,1,1-2-3,420,2,1-2,140,1,,,,,,,
20260623,蒲郡,11,予選特選,曇り,東,2,1,2,2,4043,桐 本 康 臣,27,23,6.83,2,0.14,1.51.0,1-2-3,710,2,1-2,240,1,1-2-3,420,2,1-2,140,1,,,,,,,
20260623,蒲郡,11,予選特選,曇り,東,2,1,3,3,5223,森 清 友 翔,11,35,6.78,3,0.14,1.52.3,1-2-3,710,2,1-2,240,1,1-2-3,420,2,1-2,140,1,,,,,,,
20260623,蒲郡,11,予選特選,曇り,東,2,1,4,4,3406,中 里 英 夫,55,61,6.78,4,0.15,1.53.8,1-2-3,710,2,1-2,240,1,1-2-3,420,2,1-2,140,1,,,,,,,
20260623,蒲郡,11,予選特選,曇り,東,2,1,5,5,5037,田 頭 虎 親,49,65,6.80,6,0.14,,1-2-3,710,2,1-2,240,1,1-2-3,420,2,1-2,140,1,,,,,,,
20260623,蒲郡,11,予選特選,曇り,東,2,1,6,6,4639,雑 賀 勇 貴,46,66,6.74,5,0.15,,1-2-3,710,2,1-2,240,1,1-2-3,420,2,1-2,140,1,,,,,,,
20260623,蒲郡,12,ドリーム戦,曇り,東,1,0,1,1,4397,西 村 拓 也,63,60,6.71,1,0.14,1.47.6,1-5-2,2710,14,1-5,520,4,1-2-5,1250,7,1-5,520,3,,,,,,,
20260623,蒲郡,12,ドリーム戦,曇り,東,1,0,2,5,4857,加 藤 翔 馬,65,47,6.75,5,0.12,1.48.6,1-5-2,2710,14,1-5,520,4,1-2-5,1250,7,1-5,520,3,,,,,,,
20260623,蒲郡,12,ドリーム戦,曇り,東,1,0,3,2,3613,角 谷 健 吾,51,46,6.81,2,0.12,1.50.7,1-5-2,2710,14,1-5,520,4,1-2-5,1250,7,1-5,520,3,,,,,,,
20260623,蒲郡,12,ドリーム戦,曇り,東,1,0,4,3,4739,中 村 晃 朋,31,38,6.72,3,0.09,1.52.4,1-5-2,2710,14,1-5,520,4,1-2-5,1250,7,1-5,520,3,,,,,,,
20260623,蒲郡,12,ドリーム戦,曇り,東,1,0,5,6,4953,尾 上 雅 也,35,33,6.76,6,0.14,,1-5-2,2710,14,1-5,520,4,1-2-5,1250,7,1-5,520,3,,,,,,,
20260623,蒲郡,12,ドリーム戦,曇り,東,1,0,6,4,4067,永 井 源,13,52,6.75,4,0.15,,1-5-2,2710,14,1-5,520,4,1-2-5,1250,7,1-5,520,3,,,,,,,
20260623,鳴門,1,予選,曇り,北西,3,3,1,1,4502,遠 藤 エ ミ,30,37,6.82,1,0.09,1.47.0,1-5-2,2990,10,1-5,1000,4,1-2-5,710,4,1-5,800,4,,,,,,,
20260623,鳴門,1,予選,曇り,北西,3,3,2,5,4847,佐 藤 隆太郎,16,28,6.84,5,0.21,1.49.0,1-5-2,2990,10,1-5,1000,4,1-2-5,710,4,1-5,800,4,,,,,,,
20260623,鳴門,1,予選,曇り,北西,3,3,3,2,4719,上 條 暢 嵩,19,26,6.78,2,0.10,1.50.2,1-5-2,2990,10,1-5,1000,4,1-2-5,710,4,1-5,800,4,,,,,,,
20260623,鳴門,1,予選,曇り,北西,3,3,4,3,4237,大 峯 豊,57,83,6.80,3,0.12,1.51.9,1-5-2,2990,10,1-5,1000,4,1-2-5,710,4,1-5,800,4,,,,,,,
20260623,鳴門,1,予選,曇り,北西,3,3,5,4,4586,磯 部 誠,27,70,6.90,4,0.18,,1-5-2,2990,10,1-5,1000,4,1-2-5,710,4,1-5,800,4,,,,,,,
20260623,鳴門,1,予選,曇り,北西,3,3,6,6,4848,仲 谷 颯 仁,34,75,6.89,6,0.22,,1-5-2,2990,10,1-5,1000,4,1-2-5,710,4,1-5,800,4,,,,,,,
20260623,鳴門,2,予選,曇り,北西,3,3,1,1,4682,大 上 卓 人,65,21,6.88,1,0.13,1.47.5,1-2-5,1420,5,1-2,370,1,1-2-5,690,3,1-2,270,1,,,,,,,
20260623,鳴門,2,予選,曇り,北西,3,3,2,2,4344,新 田 雄 史,51,33,6.91,2,0.06,1.49.9,1-2-5,1420,5,1-2,370,1,1-2-5,690,3,1-2,270,1,,,,,,,
20260623,鳴門,2,予選,曇り,北西,3,3,3,5,3783,瓜 生 正 義,80,65,6.84,6,0.14,1.51.4,1-2-5,1420,5,1-2,370,1,1-2-5,690,3,1-2,270,1,,,,,,,
20260623,鳴門,2,予選,曇り,北西,3,3,4,4,4266,長 田 頼 宗,24,31,6.86,4,0.11,1.52.1,1-2-5,1420,5,1-2,370,1,1-2-5,690,3,1-2,270,1,,,,,,,
20260623,鳴門,2,予選,曇り,北西,3,3,5,3,4494,河 合 佑 樹,32,13,6.91,3,0.07,,1-2-5,1420,5,1-2,370,1,1-2-5,690,3,1-2,270,1,,,,,,,
20260623,鳴門,2,予選,曇り,北西,3,3,6,6,4500,山 田 康 二,69,52,6.92,5,0.12,,1-2-5,1420,5,1-2,370,1,1-2-5,690,3,1-2,270,1,,,,,,,
20260623,鳴門,3,予選,曇り,北西,2,2,1,1,4504,前 田 将 太,84,62,6.78,1,0.10,1.48.0,1-3-2,2980,10,1-3,920,3,1-2-3,630,2,1-3,740,3,,,,,,,
20260623,鳴門,3,予選,曇り,北西,2,2,2,3,4013,中 島 孝 平,74,12,6.90,3,0.09,1.49.3,1-3-2,2980,10,1-3,920,3,1-2-3,630,2,1-3,740,3,,,,,,,
20260623,鳴門,3,予選,曇り,北西,2,2,3,2,4205,山 口 剛,25,10,6.79,2,0.13,1.49.8,1-3-2,2980,10,1-3,920,3,1-2-3,630,2,1-3,740,3,,,,,,,
20260623,鳴門,3,予選,曇り,北西,2,2,4,6,4024,井 口 佳 典,29,56,6.84,6,0.17,1.51.2,1-3-2,2980,10,1-3,920,3,1-2-3,630,2,1-3,740,3,,,,,,,
20260623,鳴門,3,予選,曇り,北西,2,2,5,5,4262,馬 場 貴 也,82,64,6.80,5,0.16,,1-3-2,2980,10,1-3,920,3,1-2-3,630,2,1-3,740,3,,,,,,,
20260623,鳴門,3,予選,曇り,北西,2,2,6,4,4168,石 野 貴 之,81,78,6.95,4,0.15,,1-3-2,2980,10,1-3,920,3,1-2-3,630,2,1-3,740,3,,,,,,,
20260623,鳴門,4,予選,曇り,北西,2,2,1,1,3415,松 井 繁,58,58,6.72,1,0.09,1.48.3,1-4-6,2850,11,1-4,440,2,1-4-6,1610,7,1-4,400,2,,,,,,,
20260623,鳴門,4,予選,曇り,北西,2,2,2,4,3897,白 井 英 治,79,81,6.85,4,0.08,1.48.9,1-4-6,2850,11,1-4,440,2,1-4-6,1610,7,1-4,400,2,,,,,,,
20260623,鳴門,4,予選,曇り,北西,2,2,3,6,4524,深 谷 知 博,60,29,6.78,6,0.22,1.50.3,1-4-6,2850,11,1-4,440,2,1-4-6,1610,7,1-4,400,2,,,,,,,
20260623,鳴門,4,予選,曇り,北西,2,2,4,5,4851,関 浩 哉,35,74,6.90,5,0.11,1.50.8,1-4-6,2850,11,1-4,440,2,1-4-6,1610,7,1-4,400,2,,,,,,,
20260623,鳴門,4,予選,曇り,北西,2,2,5,2,4350,篠 崎 元 志,11,84,6.80,2,0.11,,1-4-6,2850,11,1-4,440,2,1-4-6,1610,7,1-4,400,2,,,,,,,
20260623,鳴門,4,予選,曇り,北西,2,2,6,3,4030,森 高 一 真,83,25,6.82,3,0.09,,1-4-6,2850,11,1-4,440,2,1-4-6,1610,7,1-4,400,2,,,,,,,
20260623,鳴門,5,予選,曇り,北西,1,1,1,1,3779,原 田 幸 哉,56,54,6.78,1,0.02,1.47.6,1-3-5,1980,4,1-3,540,2,1-3-5,960,5,1-3,480,2,,,,,,,
20260623,鳴門,5,予選,曇り,北西,1,1,2,3,4914,吉 田 裕 平,52,59,6.81,4,0.14,1.49.1,1-3-5,1980,4,1-3,540,2,1-3-5,960,5,1-3,480,2,,,,,,,
20260623,鳴門,5,予選,曇り,北西,1,1,3,5,4503,上 野 真之介,59,32,6.81,5,0.09,1.50.9,1-3-5,1980,4,1-3,540,2,1-3-5,960,5,1-3,480,2,,,,,,,
20260623,鳴門,5,予選,曇り,北西,1,1,4,2,4573,佐 藤 翼,55,14,6.73,2,0.18,1.51.4,1-3-5,1980,4,1-3,540,2,1-3-5,960,5,1-3,480,2,,,,,,,
20260623,鳴門,5,予選,曇り,北西,1,1,5,6,4932,新 開 航,31,68,6.92,6,0.11,,1-3-5,1980,4,1-3,540,2,1-3-5,960,5,1-3,480,2,,,,,,,
20260623,鳴門,5,予選,曇り,北西,1,1,6,4,4571,菅 章 哉,77,61,6.74,3,0.23,,1-3-5,1980,4,1-3,540,2,1-3-5,960,5,1-3,480,2,,,,,,,
20260623,鳴門,6,予選,曇り,北西,1,1,1,3,4686,丸 野 一 樹,67,72,6.90,2,0.14,1.47.6,3-4-2,27110,89,3-4,5050,15,2-3-4,2110,12,3-4,2860,12,,,,,,,
20260623,鳴門,6,予選,曇り,北西,1,1,2,4,4848,仲 谷 颯 仁,34,75,6.77,3,0.12,1.48.6,3-4-2,27110,89,3-4,5050,15,2-3-4,2110,12,3-4,2860,12,,,,,,,
20260623,鳴門,6,予選,曇り,北西,1,1,3,2,4166,吉 田 拡 郎,37,11,6.66,6,0.04,1.51.7,3-4-2,27110,89,3-4,5050,15,2-3-4,2110,12,3-4,2860,12,,,,,,,
20260623,鳴門,6,予選,曇り,北西,1,1,4,5,4324,海 野 康志郎,76,66,6.82,4,0.12,1.52.6,3-4-2,27110,89,3-4,5050,15,2-3-4,2110,12,3-4,2860,12,,,,,,,
20260623,鳴門,6,予選,曇り,北西,1,1,5,1,4459,片 岡 雅 裕,54,19,6.85,1,0.17,,3-4-2,27110,89,3-4,5050,15,2-3-4,2110,12,3-4,2860,12,,,,,,,
20260623,鳴門,6,予選,曇り,北西,1,1,6,6,5121,定 松 勇 樹,78,50,6.86,5,0.11,,3-4-2,27110,89,3-4,5050,15,2-3-4,2110,12,3-4,2860,12,,,,,,,
20260623,鳴門,7,予選,曇り,北西,3,3,1,1,4586,磯 部 誠,27,70,6.75,1,0.06,1.48.3,1-5-3,3450,15,1-5,580,3,1-3-5,1200,6,1-5,500,2,,,,,,,
20260623,鳴門,7,予選,曇り,北西,3,3,2,5,4760,山 崎 郡,15,18,6.82,5,0.06,1.49.1,1-5-3,3450,15,1-5,580,3,1-3-5,1200,6,1-5,500,2,,,,,,,
20260623,鳴門,7,予選,曇り,北西,3,3,3,3,3716,石 渡 鉄 兵,72,51,6.87,3,0.11,1.50.8,1-5-3,3450,15,1-5,580,3,1-3-5,1200,6,1-5,500,2,,,,,,,
20260623,鳴門,7,予選,曇り,北西,3,3,4,4,4362,土 屋 智 則,17,27,6.80,4,0.07,1.51.1,1-5-3,3450,15,1-5,580,3,1-3-5,1200,6,1-5,500,2,,,,,,,
20260623,鳴門,7,予選,曇り,北西,3,3,5,6,4344,新 田 雄 史,51,33,6.87,6,0.12,,1-5-3,3450,15,1-5,580,3,1-3-5,1200,6,1-5,500,2,,,,,,,
20260623,鳴門,7,予選,曇り,北西,3,3,6,2,4256,渡 辺 浩 司,70,76,6.90,2,0.08,,1-5-3,3450,15,1-5,580,3,1-3-5,1200,6,1-5,500,2,,,,,,,
20260623,鳴門,8,予選,曇り,北西,1,1,1,3,4024,井 口 佳 典,29,56,6.83,3,0.10,1.48.1,3-2-4,9380,32,3-2,2500,10,2-3-4,2110,11,2-3,900,5,,,,,,,
20260623,鳴門,8,予選,曇り,北西,1,1,2,2,4500,山 田 康 二,69,52,6.84,2,0.19,1.48.8,3-2-4,9380,32,3-2,2500,10,2-3-4,2110,11,2-3,900,5,,,,,,,
20260623,鳴門,8,予選,曇り,北西,1,1,3,4,4566,塩 田 北 斗,33,60,6.83,4,0.05,1.50.7,3-2-4,9380,32,3-2,2500,10,2-3-4,2110,11,2-3,900,5,,,,,,,
20260623,鳴門,8,予選,曇り,北西,1,1,4,5,4719,上 條 暢 嵩,19,26,6.80,5,0.11,1.51.3,3-2-4,9380,32,3-2,2500,10,2-3-4,2110,11,2-3,900,5,,,,,,,
20260623,鳴門,8,予選,曇り,北西,1,1,5,1,4547,中 田 竜 太,26,82,6.82,1,0.14,,3-2-4,9380,32,3-2,2500,10,2-3-4,2110,11,2-3,900,5,,,,,,,
20260623,鳴門,8,予選,曇り,北西,1,1,6,6,3946,赤 岩 善 生,12,71,6.89,6,0.12,,3-2-4,9380,32,3-2,2500,10,2-3-4,2110,11,2-3,900,5,,,,,,,
20260623,鳴門,9,予選,曇り,北西,1,1,1,2,4262,馬 場 貴 也,82,64,6.75,2,0.10,1.47.1,2-1-3,1610,5,2-1,540,2,1-2-3,410,2,1-2,230,1,,,,,,,
20260623,鳴門,9,予選,曇り,北西,1,1,2,1,4237,大 峯 豊,57,83,6.88,1,0.04,1.49.2,2-1-3,1610,5,2-1,540,2,1-2-3,410,2,1-2,230,1,,,,,,,
20260623,鳴門,9,予選,曇り,北西,1,1,3,3,4537,渡 邉 和 将,22,23,6.79,3,0.07,1.50.1,2-1-3,1610,5,2-1,540,2,1-2-3,410,2,1-2,230,1,,,,,,,
20260623,鳴門,9,予選,曇り,北西,1,1,4,4,4682,大 上 卓 人,65,21,6.81,4,0.11,1.50.9,2-1-3,1610,5,2-1,540,2,1-2-3,410,2,1-2,230,1,,,,,,,
20260623,鳴門,9,予選,曇り,北西,1,1,5,5,4337,平 本 真 之,66,17,6.83,5,0.13,,2-1-3,1610,5,2-1,540,2,1-2-3,410,2,1-2,230,1,,,,,,,
20260623,鳴門,9,予選,曇り,北西,1,1,6,6,4350,篠 崎 元 志,11,84,6.80,6,0.13,,2-1-3,1610,5,2-1,540,2,1-2-3,410,2,1-2,230,1,,,,,,,
20260623,鳴門,10,予選,曇り,西,1,1,1,1,4851,関 浩 哉,35,74,6.79,1,0.03,1.47.1,1-2-6,1350,4,1-2,290,1,1-2-6,860,4,1-2,180,1,,,,,,,
20260623,鳴門,10,予選,曇り,西,1,1,2,2,4847,佐 藤 隆太郎,16,28,6.80,2,0.05,1.48.4,1-2-6,1350,4,1-2,290,1,1-2-6,860,4,1-2,180,1,,,,,,,
20260623,鳴門,10,予選,曇り,西,1,1,3,6,4205,山 口 剛,25,10,6.79,6,0.07,1.50.2,1-2-6,1350,4,1-2,290,1,1-2-6,860,4,1-2,180,1,,,,,,,
20260623,鳴門,10,予選,曇り,西,1,1,4,3,4061,萩 原 秀 人,38,67,6.92,3,0.06,1.51.6,1-2-6,1350,4,1-2,290,1,1-2-6,860,4,1-2,180,1,,,,,,,
20260623,鳴門,10,予選,曇り,西,1,1,5,5,4914,吉 田 裕 平,52,59,6.87,5,0.06,,1-2-6,1350,4,1-2,290,1,1-2-6,860,4,1-2,180,1,,,,,,,
20260623,鳴門,10,予選,曇り,西,1,1,6,4,4494,河 合 佑 樹,32,13,6.93,4,0.09,,1-2-6,1350,4,1-2,290,1,1-2-6,860,4,1-2,180,1,,,,,,,
20260623,鳴門,11,予選,曇り,西,1,1,1,2,3721,守 田 俊 介,62,53,6.83,2,0.12,1.48.4,2-1-4,5730,21,2-1,1910,6,1-2-4,410,1,1-2,320,2,,,,,,,
20260623,鳴門,11,予選,曇り,西,1,1,2,1,3897,白 井 英 治,79,81,6.74,1,0.06,1.48.7,2-1-4,5730,21,2-1,1910,6,1-2-4,410,1,1-2,320,2,,,,,,,
20260623,鳴門,11,予選,曇り,西,1,1,3,4,4573,佐 藤 翼,55,14,6.74,4,0.11,1.50.0,2-1-4,5730,21,2-1,1910,6,1-2-4,410,1,1-2,320,2,,,,,,,
20260623,鳴門,11,予選,曇り,西,1,1,4,5,4459,片 岡 雅 裕,54,19,6.82,5,0.12,1.51.1,2-1-4,5730,21,2-1,1910,6,1-2-4,410,1,1-2,320,2,,,,,,,
20260623,鳴門,11,予選,曇り,西,1,1,5,6,4013,中 島 孝 平,74,12,6.85,6,0.13,,2-1-4,5730,21,2-1,1910,6,1-2-4,410,1,1-2,320,2,,,,,,,
20260623,鳴門,11,予選,曇り,西,1,1,6,3,3783,瓜 生 正 義,80,65,6.84,3,0.10,,2-1-4,5730,21,2-1,1910,6,1-2-4,410,1,1-2,320,2,,,,,,,
20260623,鳴門,12,ドリーム戦,曇り,北西,1,1,1,1,3941,池 田 浩 二,61,24,6.76,1,0.05,1.46.8,1-2-3,720,1,1-2,270,1,1-2-3,320,1,1-2,210,1,,,,,,,
20260623,鳴門,12,ドリーム戦,曇り,北西,1,1,2,2,4320,峰 竜 太,20,16,6.72,2,0.03,1.48.4,1-2-3,720,1,1-2,270,1,1-2-3,320,1,1-2,210,1,,,,,,,
20260623,鳴門,12,ドリーム戦,曇り,北西,1,1,3,3,4418,茅 原 悠 紀,71,39,6.81,3,0.05,1.49.3,1-2-3,720,1,1-2,270,1,1-2-3,320,1,1-2,210,1,,,,,,,
20260623,鳴門,12,ドリーム戦,曇り,北西,1,1,4,4,4371,西 山 貴 浩,63,22,6.82,4,0.04,1.51.1,1-2-3,720,1,1-2,270,1,1-2-3,320,1,1-2,210,1,,,,,,,
20260623,鳴門,12,ドリーム戦,曇り,北西,1,1,5,5,4444,桐 生 順 平,14,69,6.79,5,0.06,,1-2-3,720,1,1-2,270,1,1-2-3,320,1,1-2,210,1,,,,,,,
20260623,鳴門,12,ドリーム戦,曇り,北西,1,1,6,6,4445,宮 地 元 輝,50,77,6.81,6,0.03,,1-2-3,720,1,1-2,270,1,1-2-3,320,1,1-2,210,1,,,,,,,
