date,venue_name,race_no,race_type,weather,wind_dir,wind_ms,wave_cm,rank,waku,reg_no,name,motor_no,boat_no,exhibition_time,course_enter,st_timing,race_time,won3,won3_pay,won3_pop,won2,won2_pay,won2_pop,trio,trio_pay,trio_pop,pair,pair_pay,pair_pop,lap_time,turn_time,straight_time,lap_rank,turn_rank,straight_rank,exhibition_eval
20260214,びわこ,1,予選,晴,東,1,1,1,1,4182,吉 田 和 仁,58,12,6.66,1,0.14,1.48.1,1-4-3,2200,7,1-4,610,3,1-3-4,610,2,1-4,900,3,,,,,,,
20260214,びわこ,1,予選,晴,東,1,1,2,4,4905,土 井 祥 伍,37,59,6.74,4,0.14,1.49.5,1-4-3,2200,7,1-4,610,3,1-3-4,610,2,1-4,900,3,,,,,,,
20260214,びわこ,1,予選,晴,東,1,1,3,3,4733,赤 井 睦,11,51,6.71,3,0.13,1.51.1,1-4-3,2200,7,1-4,610,3,1-3-4,610,2,1-4,900,3,,,,,,,
20260214,びわこ,1,予選,晴,東,1,1,4,6,4887,富 澤 祐 作,29,37,6.69,6,0.17,1.52.6,1-4-3,2200,7,1-4,610,3,1-3-4,610,2,1-4,900,3,,,,,,,
20260214,びわこ,1,予選,晴,東,1,1,5,5,4248,岡 本 大,36,19,6.79,5,0.13,,1-4-3,2200,7,1-4,610,3,1-3-4,610,2,1-4,900,3,,,,,,,
20260214,びわこ,1,予選,晴,東,1,1,6,2,4277,金 田 大 輔,67,73,6.67,2,0.20,,1-4-3,2200,7,1-4,610,3,1-3-4,610,2,1-4,900,3,,,,,,,
20260214,びわこ,2,予選,晴,無風,0,1,1,2,3484,芝 田 浩 治,31,62,6.70,2,0.18,1.48.4,2-4-1,3110,12,2-4,950,4,1-2-4,540,2,2-4,560,4,,,,,,,
20260214,びわこ,2,予選,晴,無風,0,1,2,4,4900,中 田 夕 貴,53,21,6.64,4,0.18,1.49.3,2-4-1,3110,12,2-4,950,4,1-2-4,540,2,2-4,560,4,,,,,,,
20260214,びわこ,2,予選,晴,無風,0,1,3,1,4035,杉 江 浩 明,65,53,6.70,1,0.20,1.51.5,2-4-1,3110,12,2-4,950,4,1-2-4,540,2,2-4,560,4,,,,,,,
20260214,びわこ,2,予選,晴,無風,0,1,4,5,4522,古 澤 光 紀,69,67,6.74,5,0.16,1.52.9,2-4-1,3110,12,2-4,950,4,1-2-4,540,2,2-4,560,4,,,,,,,
20260214,びわこ,2,予選,晴,無風,0,1,5,3,5157,市 川 健 太,28,38,6.75,3,0.13,,2-4-1,3110,12,2-4,950,4,1-2-4,540,2,2-4,560,4,,,,,,,
20260214,びわこ,2,予選,晴,無風,0,1,6,6,3851,森 田 昭 彦,13,40,6.86,6,0.19,,2-4-1,3110,12,2-4,950,4,1-2-4,540,2,2-4,560,4,,,,,,,
20260214,びわこ,3,予選,晴,北東,1,1,1,1,3850,小 川 知 行,14,58,6.61,1,0.12,1.48.4,1-3-6,2580,8,1-3,450,1,1-3-6,860,4,1-3,310,1,,,,,,,
20260214,びわこ,3,予選,晴,北東,1,1,2,3,4938,小 芦 るり華,18,18,6.63,3,0.16,1.49.8,1-3-6,2580,8,1-3,450,1,1-3-6,860,4,1-3,310,1,,,,,,,
20260214,びわこ,3,予選,晴,北東,1,1,3,6,4161,黒 柳 浩 孝,61,71,6.72,5,0.25,1.51.7,1-3-6,2580,8,1-3,450,1,1-3-6,860,4,1-3,310,1,,,,,,,
20260214,びわこ,3,予選,晴,北東,1,1,4,2,3502,渡 邉 英 児,63,50,6.67,2,0.17,1.52.5,1-3-6,2580,8,1-3,450,1,1-3-6,860,4,1-3,310,1,,,,,,,
20260214,びわこ,3,予選,晴,北東,1,1,5,4,4796,春 園 功 太,20,24,6.72,4,0.13,,1-3-6,2580,8,1-3,450,1,1-3-6,860,4,1-3,310,1,,,,,,,
20260214,びわこ,3,予選,晴,北東,1,1,6,5,5270,小 玉 啓 太,57,45,6.79,6,0.33,,1-3-6,2580,8,1-3,450,1,1-3-6,860,4,1-3,310,1,,,,,,,
20260214,びわこ,4,予選,晴,東,1,1,1,2,5281,井 上 遥 妃,35,29,6.68,2,0.17,1.47.8,2-3-4,7850,20,2-3,1200,5,2-3-4,3230,10,2-3,940,3,,,,,,,
20260214,びわこ,4,予選,晴,東,1,1,2,3,4641,磯 村 匠,71,44,6.66,3,0.21,1.49.4,2-3-4,7850,20,2-3,1200,5,2-3-4,3230,10,2-3,940,3,,,,,,,
20260214,びわこ,4,予選,晴,東,1,1,3,4,3579,中 里 優 子,26,65,6.80,4,0.21,1.51.8,2-3-4,7850,20,2-3,1200,5,2-3-4,3230,10,2-3,940,3,,,,,,,
20260214,びわこ,4,予選,晴,東,1,1,4,6,3463,乙 津 康 志,22,43,6.80,6,0.32,1.53.0,2-3-4,7850,20,2-3,1200,5,2-3-4,3230,10,2-3,940,3,,,,,,,
20260214,びわこ,4,予選,晴,東,1,1,5,1,4199,北 川 潤 二,73,63,6.75,1,0.12,,2-3-4,7850,20,2-3,1200,5,2-3-4,3230,10,2-3,940,3,,,,,,,
20260214,びわこ,4,予選,晴,東,1,1,6,5,3722,西 村 秀 樹,30,13,6.91,5,0.28,,2-3-4,7850,20,2-3,1200,5,2-3-4,3230,10,2-3,940,3,,,,,,,
20260214,びわこ,5,予選,晴,北東,3,2,1,5,4277,金 田 大 輔,67,73,6.78,5,0.14,1.48.2,5-1-6,21690,72,5-1,5540,23,1-5-6,2720,11,1-5,2660,12,,,,,,,
20260214,びわこ,5,予選,晴,北東,3,2,2,1,3627,井 上 恵 一,12,70,6.70,1,0.15,1.50.1,5-1-6,21690,72,5-1,5540,23,1-5-6,2720,11,1-5,2660,12,,,,,,,
20260214,びわこ,5,予選,晴,北東,3,2,3,6,4002,古 結 宏,45,36,6.73,6,0.19,1.51.5,5-1-6,21690,72,5-1,5540,23,1-5-6,2720,11,1-5,2660,12,,,,,,,
20260214,びわこ,5,予選,晴,北東,3,2,4,2,4004,山 本 浩 輔,49,17,6.66,2,0.16,1.52.0,5-1-6,21690,72,5-1,5540,23,1-5-6,2720,11,1-5,2660,12,,,,,,,
20260214,びわこ,5,予選,晴,北東,3,2,5,4,5136,濱 野 斗 馬,38,68,6.76,4,0.18,,5-1-6,21690,72,5-1,5540,23,1-5-6,2720,11,1-5,2660,12,,,,,,,
20260214,びわこ,5,予選,晴,北東,3,2,6,3,3470,新 田 芳 美,41,25,6.72,3,0.17,,5-1-6,21690,72,5-1,5540,23,1-5-6,2720,11,1-5,2660,12,,,,,,,
20260214,びわこ,6,予選,晴,北東,4,2,1,4,4182,吉 田 和 仁,58,12,6.75,4,0.13,1.48.6,4-3-2,17310,61,4-3,2070,9,2-3-4,2070,10,3-4,1100,4,,,,,,,
20260214,びわこ,6,予選,晴,北東,4,2,2,3,5049,松 井 友 汰,34,33,6.69,3,0.22,1.50.2,4-3-2,17310,61,4-3,2070,9,2-3-4,2070,10,3-4,1100,4,,,,,,,
20260214,びわこ,6,予選,晴,北東,4,2,3,2,4381,田 路 朋 史,24,34,6.77,2,0.21,1.53.4,4-3-2,17310,61,4-3,2070,9,2-3-4,2070,10,3-4,1100,4,,,,,,,
20260214,びわこ,6,予選,晴,北東,4,2,4,6,3643,米 田 隆 弘,64,69,6.82,6,0.23,1.55.2,4-3-2,17310,61,4-3,2070,9,2-3-4,2070,10,3-4,1100,4,,,,,,,
20260214,びわこ,6,予選,晴,北東,4,2,5,1,4811,向井田 佑 紀,44,52,6.73,1,0.22,,4-3-2,17310,61,4-3,2070,9,2-3-4,2070,10,3-4,1100,4,,,,,,,
20260214,びわこ,6,予選,晴,北東,4,2,6,5,4819,蜂 須 瑞 生,70,61,6.77,5,0.21,,4-3-2,17310,61,4-3,2070,9,2-3-4,2070,10,3-4,1100,4,,,,,,,
20260214,びわこ,7,予選,晴,南西,4,2,1,2,4618,乃 村 康 友,52,35,6.70,2,0.26,1.49.4,2-4-5,1220,1,2-4,540,1,2-4-5,410,2,2-4,260,1,,,,,,,
20260214,びわこ,7,予選,晴,南西,4,2,2,4,4931,木 谷 賢 太,19,20,6.77,4,0.25,1.50.2,2-4-5,1220,1,2-4,540,1,2-4-5,410,2,2-4,260,1,,,,,,,
20260214,びわこ,7,予選,晴,南西,4,2,3,5,4900,中 田 夕 貴,53,21,6.72,5,0.31,1.52.7,2-4-5,1220,1,2-4,540,1,2-4-5,410,2,2-4,260,1,,,,,,,
20260214,びわこ,7,予選,晴,南西,4,2,4,1,5270,小 玉 啓 太,57,45,6.74,1,0.29,1.54.2,2-4-5,1220,1,2-4,540,1,2-4-5,410,2,2-4,260,1,,,,,,,
20260214,びわこ,7,予選,晴,南西,4,2,5,6,4234,野 相 弘 司,51,11,6.83,6,0.33,,2-4-5,1220,1,2-4,540,1,2-4-5,410,2,2-4,260,1,,,,,,,
20260214,びわこ,7,予選,晴,南西,4,2,6,3,3224,栗 山 繁 洋,68,41,6.85,3,0.29,,2-4-5,1220,1,2-4,540,1,2-4-5,410,2,2-4,260,1,,,,,,,
20260214,びわこ,8,予選,晴,南西,6,3,1,1,4905,土 井 祥 伍,37,59,6.73,1,0.39,1.50.4,1-2-6,4040,14,1-2,880,3,1-2-6,1960,14,1-2,650,4,,,,,,,
20260214,びわこ,8,予選,晴,南西,6,3,2,2,4360,庄 司 孝 輔,55,60,6.63,2,0.46,1.52.2,1-2-6,4040,14,1-2,880,3,1-2-6,1960,14,1-2,650,4,,,,,,,
20260214,びわこ,8,予選,晴,南西,6,3,3,6,4938,小 芦 るり華,18,18,6.68,6,0.46,1.53.7,1-2-6,4040,14,1-2,880,3,1-2-6,1960,14,1-2,650,4,,,,,,,
20260214,びわこ,8,予選,晴,南西,6,3,4,4,4641,磯 村 匠,71,44,6.63,4,0.48,1.54.6,1-2-6,4040,14,1-2,880,3,1-2-6,1960,14,1-2,650,4,,,,,,,
20260214,びわこ,8,予選,晴,南西,6,3,5,5,3484,芝 田 浩 治,31,62,6.71,5,0.47,,1-2-6,4040,14,1-2,880,3,1-2-6,1960,14,1-2,650,4,,,,,,,
20260214,びわこ,8,予選,晴,南西,6,3,6,3,3663,木 山 和 幸,60,14,6.73,3,0.53,,1-2-6,4040,14,1-2,880,3,1-2-6,1960,14,1-2,650,4,,,,,,,
20260214,びわこ,9,予選特賞,晴,南,3,2,1,2,5136,濱 野 斗 馬,38,68,6.73,2,0.09,1.50.0,2-3-4,6060,26,2-3,2040,12,2-3-4,1130,5,2-3,1540,7,,,,,,,
20260214,びわこ,9,予選特賞,晴,南,3,2,2,3,3851,森 田 昭 彦,13,40,6.72,3,0.08,1.51.6,2-3-4,6060,26,2-3,2040,12,2-3-4,1130,5,2-3,1540,7,,,,,,,
20260214,びわこ,9,予選特賞,晴,南,3,2,3,4,5281,井 上 遥 妃,35,29,6.72,4,0.14,1.52.0,2-3-4,6060,26,2-3,2040,12,2-3-4,1130,5,2-3,1540,7,,,,,,,
20260214,びわこ,9,予選特賞,晴,南,3,2,4,5,3850,小 川 知 行,14,58,6.57,5,0.13,1.55.8,2-3-4,6060,26,2-3,2040,12,2-3-4,1130,5,2-3,1540,7,,,,,,,
20260214,びわこ,9,予選特賞,晴,南,3,2,5,1,4346,前 田 健太郎,21,31,6.84,1,0.16,,2-3-4,6060,26,2-3,2040,12,2-3-4,1130,5,2-3,1540,7,,,,,,,
20260214,びわこ,9,予選特賞,晴,南,3,2,6,6,3932,池 田 浩 美,33,47,6.62,6,0.17,,2-3-4,6060,26,2-3,2040,12,2-3-4,1130,5,2-3,1540,7,,,,,,,
20260214,びわこ,10,予選特賞,晴,南,4,2,1,3,4002,古 結 宏,45,36,6.65,3,0.08,1.49.0,3-1-2,1730,7,3-1,450,2,1-2-3,410,2,1-3,160,1,,,,,,,
20260214,びわこ,10,予選特賞,晴,南,4,2,2,1,4819,蜂 須 瑞 生,70,61,6.72,1,0.05,1.50.5,3-1-2,1730,7,3-1,450,2,1-2-3,410,2,1-3,160,1,,,,,,,
20260214,びわこ,10,予選特賞,晴,南,4,2,3,2,3463,乙 津 康 志,22,43,6.66,2,0.11,1.51.6,3-1-2,1730,7,3-1,450,2,1-2-3,410,2,1-3,160,1,,,,,,,
20260214,びわこ,10,予選特賞,晴,南,4,2,4,6,4331,三 好 勇 人,16,23,6.80,6,0.25,1.54.0,3-1-2,1730,7,3-1,450,2,1-2-3,410,2,1-3,160,1,,,,,,,
20260214,びわこ,10,予選特賞,晴,南,4,2,5,4,4248,岡 本 大,36,19,6.70,4,0.17,,3-1-2,1730,7,3-1,450,2,1-2-3,410,2,1-3,160,1,,,,,,,
20260214,びわこ,10,予選特賞,晴,南,4,2,6,5,5157,市 川 健 太,28,38,6.76,5,0.18,,3-1-2,1730,7,3-1,450,2,1-2-3,410,2,1-3,160,1,,,,,,,
20260214,びわこ,11,予選特選,晴,南東,2,2,1,1,4522,古 澤 光 紀,69,67,6.66,1,0.14,1.48.9,1-3-5,1580,6,1-3,360,2,1-3-5,860,6,1-3,320,1,,,,,,,
20260214,びわこ,11,予選特選,晴,南東,2,2,2,3,3627,井 上 恵 一,12,70,6.67,3,0.16,1.51.1,1-3-5,1580,6,1-3,360,2,1-3-5,860,6,1-3,320,1,,,,,,,
20260214,びわこ,11,予選特選,晴,南東,2,2,3,5,4618,乃 村 康 友,52,35,6.68,5,0.19,1.51.9,1-3-5,1580,6,1-3,360,2,1-3-5,860,6,1-3,320,1,,,,,,,
20260214,びわこ,11,予選特選,晴,南東,2,2,4,4,4887,富 澤 祐 作,29,37,6.66,4,0.15,1.53.8,1-3-5,1580,6,1-3,360,2,1-3-5,860,6,1-3,320,1,,,,,,,
20260214,びわこ,11,予選特選,晴,南東,2,2,5,2,4161,黒 柳 浩 孝,61,71,6.62,2,0.12,,1-3-5,1580,6,1-3,360,2,1-3-5,860,6,1-3,320,1,,,,,,,
20260214,びわこ,11,予選特選,晴,南東,2,2,6,6,4381,田 路 朋 史,24,34,6.73,6,0.20,,1-3-5,1580,6,1-3,360,2,1-3-5,860,6,1-3,320,1,,,,,,,
20260214,びわこ,12,予選特選,晴,無風,0,1,1,1,4931,木 谷 賢 太,19,20,6.62,1,0.06,1.48.3,1-2-3,630,1,1-2,270,1,1-2-3,310,1,1-2,180,1,,,,,,,
20260214,びわこ,12,予選特選,晴,無風,0,1,2,2,4796,春 園 功 太,20,24,6.66,2,0.05,1.49.9,1-2-3,630,1,1-2,270,1,1-2-3,310,1,1-2,180,1,,,,,,,
20260214,びわこ,12,予選特選,晴,無風,0,1,3,3,3643,米 田 隆 弘,64,69,6.62,3,0.16,1.51.2,1-2-3,630,1,1-2,270,1,1-2-3,310,1,1-2,180,1,,,,,,,
20260214,びわこ,12,予選特選,晴,無風,0,1,4,4,4199,北 川 潤 二,73,63,6.71,4,0.16,1.53.0,1-2-3,630,1,1-2,270,1,1-2-3,310,1,1-2,180,1,,,,,,,
20260214,びわこ,12,予選特選,晴,無風,0,1,5,5,4733,赤 井 睦,11,51,6.71,5,0.14,,1-2-3,630,1,1-2,270,1,1-2-3,310,1,1-2,180,1,,,,,,,
20260214,びわこ,12,予選特選,晴,無風,0,1,6,6,3663,木 山 和 幸,60,14,6.62,6,0.21,,1-2-3,630,1,1-2,270,1,1-2-3,310,1,1-2,180,1,,,,,,,
20260214,下関,1,一般,雨,北,2,2,1,4,3976,内 田 圭,23,13,6.82,4,0.03,1.49.0,4-1-5,11850,25,4-1,2670,8,1-4-5,2720,7,1-4,550,3,,,,,,,
20260214,下関,1,一般,雨,北,2,2,2,1,5067,山 田 真 聖,53,47,6.78,1,0.14,1.50.4,4-1-5,11850,25,4-1,2670,8,1-4-5,2720,7,1-4,550,3,,,,,,,
20260214,下関,1,一般,雨,北,2,2,3,5,4020,川 上 清 人,13,34,6.89,5,0.10,1.51.7,4-1-5,11850,25,4-1,2670,8,1-4-5,2720,7,1-4,550,3,,,,,,,
20260214,下関,1,一般,雨,北,2,2,4,6,3989,熊 本 英 一,25,51,6.88,6,0.12,1.52.9,4-1-5,11850,25,4-1,2670,8,1-4-5,2720,7,1-4,550,3,,,,,,,
20260214,下関,1,一般,雨,北,2,2,5,2,3837,秋 山 広 一,60,43,6.87,2,0.09,,4-1-5,11850,25,4-1,2670,8,1-4-5,2720,7,1-4,550,3,,,,,,,
20260214,下関,1,一般,雨,北,2,2,6,3,4041,小 林 基 樹,55,38,6.77,3,0.09,,4-1-5,11850,25,4-1,2670,8,1-4-5,2720,7,1-4,550,3,,,,,,,
20260214,下関,2,一般,雨,北,1,1,1,1,4890,石 川 諒,57,17,6.77,1,0.18,1.59.9,1-5-3,1580,4,1-5,680,2,1-3-5,500,2,1-5,440,3,,,,,,,
20260214,下関,2,一般,雨,北,1,1,2,5,4639,雑 賀 勇 貴,42,45,6.73,4,0.23,2.03.5,1-5-3,1580,4,1-5,680,2,1-3-5,500,2,1-5,440,3,,,,,,,
20260214,下関,2,一般,雨,北,1,1,3,3,4580,長谷川 雅 和,54,28,6.84,3,0.26,2.06.8,1-5-3,1580,4,1-5,680,2,1-3-5,500,2,1-5,440,3,,,,,,,
20260214,下関,2,一般,雨,北,1,1,4,2,4251,川 崎 誠 志,44,59,6.83,2,0.29,2.09.6,1-5-3,1580,4,1-5,680,2,1-3-5,500,2,1-5,440,3,,,,,,,
20260214,下関,2,一般,雨,北,1,1,5,4,5336,瀬 川 大 地,69,52,6.79,5,0.28,,1-5-3,1580,4,1-5,680,2,1-3-5,500,2,1-5,440,3,,,,,,,
20260214,下関,3,一般,雨,北,1,1,1,3,4447,深 川 麻奈美,49,73,6.80,4,0.23,1.49.5,3-2-6,4140,16,3-2,1040,3,2-3-6,1340,8,2-3,520,2,,,,,,,
20260214,下関,3,一般,雨,北,1,1,2,2,4846,佐 藤 駿 介,62,30,6.70,3,0.11,1.50.8,3-2-6,4140,16,3-2,1040,3,2-3-6,1340,8,2-3,520,2,,,,,,,
20260214,下関,3,一般,雨,北,1,1,3,6,5057,上 田 紗 奈,52,23,6.73,5,0.09,1.52.9,3-2-6,4140,16,3-2,1040,3,2-3-6,1340,8,2-3,520,2,,,,,,,
20260214,下関,3,一般,雨,北,1,1,4,1,5102,原 田 雄 次,27,20,6.80,1,0.07,1.52.9,3-2-6,4140,16,3-2,1040,3,2-3-6,1340,8,2-3,520,2,,,,,,,
20260214,下関,3,一般,雨,北,1,1,5,4,5236,小 宮 涼 雅,35,39,6.79,6,0.13,,3-2-6,4140,16,3-2,1040,3,2-3-6,1340,8,2-3,520,2,,,,,,,
20260214,下関,3,一般,雨,北,1,1,6,5,4561,藤 山 翔 大,58,54,6.62,2,0.10,,3-2-6,4140,16,3-2,1040,3,2-3-6,1340,8,2-3,520,2,,,,,,,
20260214,下関,4,一般,雨,北,2,2,1,1,5224,西 岡 顕 心,43,25,6.77,1,0.10,1.48.1,1-2-3,520,3,1-2,330,2,1-2-3,210,1,1-2,380,2,,,,,,,
20260214,下関,4,一般,雨,北,2,2,2,2,5241,門 田 栞,47,35,6.73,2,0.12,1.48.6,1-2-3,520,3,1-2,330,2,1-2-3,210,1,1-2,380,2,,,,,,,
20260214,下関,4,一般,雨,北,2,2,3,3,4102,益 田 啓 司,18,46,6.77,3,0.09,1.51.7,1-2-3,520,3,1-2,330,2,1-2-3,210,1,1-2,380,2,,,,,,,
20260214,下関,4,一般,雨,北,2,2,4,4,3895,堀 本 裕 也,72,63,6.79,4,0.07,1.52.9,1-2-3,520,3,1-2,330,2,1-2-3,210,1,1-2,380,2,,,,,,,
20260214,下関,4,一般,雨,北,2,2,5,6,4661,中 島 昂 章,48,15,6.77,5,0.11,,1-2-3,520,3,1-2,330,2,1-2-3,210,1,1-2,380,2,,,,,,,
20260214,下関,4,一般,雨,北,2,2,6,5,5297,南 彩 寧,40,72,6.74,6,0.15,,1-2-3,520,3,1-2,330,2,1-2-3,210,1,1-2,380,2,,,,,,,
20260214,下関,5,シーモ 戦,雨,北,2,2,1,3,5003,来 田 衣 織,28,67,6.71,4,0.05,1.48.1,3-1-5,17870,63,3-1,4480,18,1-3-5,2210,10,1-3,1570,8,,,,,,,
20260214,下関,5,シーモ 戦,雨,北,2,2,2,1,4383,竹 田 吉 行,39,64,6.86,1,0.15,1.51.1,3-1-5,17870,63,3-1,4480,18,1-3-5,2210,10,1-3,1570,8,,,,,,,
20260214,下関,5,シーモ 戦,雨,北,2,2,3,5,5311,小 林 京 平,14,58,6.74,5,0.05,1.52.4,3-1-5,17870,63,3-1,4480,18,1-3-5,2210,10,1-3,1570,8,,,,,,,
20260214,下関,5,シーモ 戦,雨,北,2,2,4,4,4874,池 田 奈津美,17,65,6.80,2,0.09,1.53.3,3-1-5,17870,63,3-1,4480,18,1-3-5,2210,10,1-3,1570,8,,,,,,,
20260214,下関,5,シーモ 戦,雨,北,2,2,5,6,4706,三 浦 洋次朗,29,41,6.79,6,0.12,,3-1-5,17870,63,3-1,4480,18,1-3-5,2210,10,1-3,1570,8,,,,,,,
20260214,下関,5,シーモ 戦,雨,北,2,2,6,2,5145,島 川 海 輝,70,56,6.72,3,0.28,,3-1-5,17870,63,3-1,4480,18,1-3-5,2210,10,1-3,1570,8,,,,,,,
20260214,下関,6,一般,曇り,北東,1,1,1,6,4950,高 岡 竜 也,56,24,6.81,5,0.14,1.49.1,6-3-1,6840,27,6-3,1630,12,1-3-6,740,4,3-6,890,6,,,,,,,
20260214,下関,6,一般,曇り,北東,1,1,2,3,3976,内 田 圭,23,13,6.76,3,0.21,1.50.7,6-3-1,6840,27,6-3,1630,12,1-3-6,740,4,3-6,890,6,,,,,,,
20260214,下関,6,一般,曇り,北東,1,1,3,1,4636,赤 池 修 平,21,27,6.77,1,0.21,1.52.3,6-3-1,6840,27,6-3,1630,12,1-3-6,740,4,3-6,890,6,,,,,,,
20260214,下関,6,一般,曇り,北東,1,1,4,5,4251,川 崎 誠 志,44,59,6.83,6,0.23,1.53.2,6-3-1,6840,27,6-3,1630,12,1-3-6,740,4,3-6,890,6,,,,,,,
20260214,下関,6,一般,曇り,北東,1,1,5,4,4531,武 富 智 亮,41,55,6.86,4,0.19,,6-3-1,6840,27,6-3,1630,12,1-3-6,740,4,3-6,890,6,,,,,,,
20260214,下関,6,一般,曇り,北東,1,1,6,2,5336,瀬 川 大 地,69,52,6.81,2,0.20,,6-3-1,6840,27,6-3,1630,12,1-3-6,740,4,3-6,890,6,,,,,,,
20260214,下関,7,ふく～る 戦,曇り,北,2,2,1,1,4179,広 次 修,65,11,6.71,1,0.16,1.49.1,1-3-2,2820,12,1-3,620,3,1-2-3,1040,7,1-3,460,2,,,,,,,
20260214,下関,7,ふく～る 戦,曇り,北,2,2,2,3,5236,小 宮 涼 雅,35,39,6.87,3,0.11,1.50.0,1-3-2,2820,12,1-3,620,3,1-2-3,1040,7,1-3,460,2,,,,,,,
20260214,下関,7,ふく～る 戦,曇り,北,2,2,3,2,4020,川 上 清 人,13,34,6.81,2,0.18,1.51.3,1-3-2,2820,12,1-3,620,3,1-2-3,1040,7,1-3,460,2,,,,,,,
20260214,下関,7,ふく～る 戦,曇り,北,2,2,4,4,4580,長谷川 雅 和,54,28,6.86,4,0.13,1.52.8,1-3-2,2820,12,1-3,620,3,1-2-3,1040,7,1-3,460,2,,,,,,,
20260214,下関,7,ふく～る 戦,曇り,北,2,2,5,6,5330,安河内 鈴之介,30,71,6.84,5,0.14,,1-3-2,2820,12,1-3,620,3,1-2-3,1040,7,1-3,460,2,,,,,,,
20260214,下関,7,ふく～る 戦,曇り,北,2,2,6,5,4683,向井田 直 弥,31,22,6.71,6,0.18,,1-3-2,2820,12,1-3,620,3,1-2-3,1040,7,1-3,460,2,,,,,,,
20260214,下関,8,一般 進入固定,曇り,北,3,3,1,1,4561,藤 山 翔 大,58,54,6.60,1,0.11,1.49.4,1-4-3,2020,7,1-4,570,3,1-3-4,540,3,1-4,580,3,,,,,,,
20260214,下関,8,一般 進入固定,曇り,北,3,3,2,4,4661,中 島 昂 章,48,15,6.76,4,0.16,1.51.1,1-4-3,2020,7,1-4,570,3,1-3-4,540,3,1-4,580,3,,,,,,,
20260214,下関,8,一般 進入固定,曇り,北,3,3,3,3,3895,堀 本 裕 也,72,63,6.77,3,0.09,1.52.4,1-4-3,2020,7,1-4,570,3,1-3-4,540,3,1-4,580,3,,,,,,,
20260214,下関,8,一般 進入固定,曇り,北,3,3,4,6,5374,木 山 大 聖,22,16,6.77,6,0.07,1.53.7,1-4-3,2020,7,1-4,570,3,1-3-4,540,3,1-4,580,3,,,,,,,
20260214,下関,8,一般 進入固定,曇り,北,3,3,5,2,4639,雑 賀 勇 貴,42,45,6.78,2,0.10,,1-4-3,2020,7,1-4,570,3,1-3-4,540,3,1-4,580,3,,,,,,,
20260214,下関,8,一般 進入固定,曇り,北,3,3,6,5,4846,佐 藤 駿 介,62,30,6.77,5,0.17,,1-4-3,2020,7,1-4,570,3,1-3-4,540,3,1-4,580,3,,,,,,,
20260214,下関,9,シーモ特選,曇り,北,3,3,1,1,5057,上 田 紗 奈,52,23,6.71,1,0.13,1.48.1,1-4-3,1760,7,1-4,470,2,1-3-4,620,2,1-4,440,2,,,,,,,
20260214,下関,9,シーモ特選,曇り,北,3,3,2,4,5003,来 田 衣 織,28,67,6.69,4,0.15,1.50.2,1-4-3,1760,7,1-4,470,2,1-3-4,620,2,1-4,440,2,,,,,,,
20260214,下関,9,シーモ特選,曇り,北,3,3,3,3,4874,池 田 奈津美,17,65,6.85,3,0.11,1.52.2,1-4-3,1760,7,1-4,470,2,1-3-4,620,2,1-4,440,2,,,,,,,
20260214,下関,9,シーモ特選,曇り,北,3,3,4,6,4347,魚 谷 香 織,19,53,6.74,5,0.20,1.53.2,1-4-3,1760,7,1-4,470,2,1-3-4,620,2,1-4,440,2,,,,,,,
20260214,下関,9,シーモ特選,曇り,北,3,3,5,2,5297,南 彩 寧,40,72,6.73,2,0.17,,1-4-3,1760,7,1-4,470,2,1-3-4,620,2,1-4,440,2,,,,,,,
20260214,下関,9,シーモ特選,曇り,北,3,3,6,5,5241,門 田 栞,47,35,6.70,6,0.24,,1-4-3,1760,7,1-4,470,2,1-3-4,620,2,1-4,440,2,,,,,,,
20260214,下関,10,選抜戦,曇り,北東,3,3,1,1,4706,三 浦 洋次朗,29,41,6.77,1,0.14,1.49.4,1-4-3,3600,11,1-4,910,4,1-3-4,1470,6,1-4,650,3,,,,,,,
20260214,下関,10,選抜戦,曇り,北東,3,3,2,4,4102,益 田 啓 司,18,46,6.77,4,0.12,1.50.7,1-4-3,3600,11,1-4,910,4,1-3-4,1470,6,1-4,650,3,,,,,,,
20260214,下関,10,選抜戦,曇り,北東,3,3,3,3,3837,秋 山 広 一,60,43,6.91,3,0.15,1.51.8,1-4-3,3600,11,1-4,910,4,1-3-4,1470,6,1-4,650,3,,,,,,,
20260214,下関,10,選抜戦,曇り,北東,3,3,4,2,5224,西 岡 顕 心,43,25,6.76,2,0.14,1.53.2,1-4-3,3600,11,1-4,910,4,1-3-4,1470,6,1-4,650,3,,,,,,,
20260214,下関,10,選抜戦,曇り,北東,3,3,5,5,5067,山 田 真 聖,53,47,6.74,5,0.15,,1-4-3,3600,11,1-4,910,4,1-3-4,1470,6,1-4,650,3,,,,,,,
20260214,下関,10,選抜戦,曇り,北東,3,3,6,6,4890,石 川 諒,57,17,6.73,6,0.11,,1-4-3,3600,11,1-4,910,4,1-3-4,1470,6,1-4,650,3,,,,,,,
20260214,下関,11,選抜戦,曇り,北東,3,3,1,1,4950,高 岡 竜 也,56,24,6.77,1,0.07,1.49.0,1-2-3,1060,4,1-2,440,3,1-2-3,540,3,1-2,370,2,,,,,,,
20260214,下関,11,選抜戦,曇り,北東,3,3,2,2,5311,小 林 京 平,14,58,6.73,2,0.13,1.50.1,1-2-3,1060,4,1-2,440,3,1-2-3,540,3,1-2,370,2,,,,,,,
20260214,下関,11,選抜戦,曇り,北東,3,3,3,3,4531,武 富 智 亮,41,55,6.83,3,0.13,1.51.6,1-2-3,1060,4,1-2,440,3,1-2-3,540,3,1-2,370,2,,,,,,,
20260214,下関,11,選抜戦,曇り,北東,3,3,4,5,5145,島 川 海 輝,70,56,6.80,5,0.12,1.52.6,1-2-3,1060,4,1-2,440,3,1-2-3,540,3,1-2,370,2,,,,,,,
20260214,下関,11,選抜戦,曇り,北東,3,3,5,6,4447,深 川 麻奈美,49,73,6.84,6,0.20,,1-2-3,1060,4,1-2,440,3,1-2-3,540,3,1-2,370,2,,,,,,,
20260214,下関,11,選抜戦,曇り,北東,3,3,6,4,4179,広 次 修,65,11,6.70,4,0.10,,1-2-3,1060,4,1-2,440,3,1-2-3,540,3,1-2,370,2,,,,,,,
20260214,下関,12,優勝戦,曇り,北東,3,3,1,1,4236,松 村 敏,33,26,6.76,1,0.02,1.47.6,1-4-5,1970,8,1-4,510,3,1-4-5,1090,6,1-4,600,4,,,,,,,
20260214,下関,12,優勝戦,曇り,北東,3,3,2,4,5106,山 崎 祥,34,14,6.75,4,0.04,1.50.2,1-4-5,1970,8,1-4,510,3,1-4-5,1090,6,1-4,600,4,,,,,,,
20260214,下関,12,優勝戦,曇り,北東,3,3,3,5,5218,山 田 理 央,51,19,6.75,5,0.06,1.50.8,1-4-5,1970,8,1-4,510,3,1-4-5,1090,6,1-4,600,4,,,,,,,
20260214,下関,12,優勝戦,曇り,北東,3,3,4,2,5064,品 川 二千翔,68,18,6.78,2,0.06,1.51.6,1-4-5,1970,8,1-4,510,3,1-4-5,1090,6,1-4,600,4,,,,,,,
20260214,下関,12,優勝戦,曇り,北東,3,3,5,3,4710,福 田 宗 平,37,57,6.83,3,0.07,,1-4-5,1970,8,1-4,510,3,1-4-5,1090,6,1-4,600,4,,,,,,,
20260214,下関,12,優勝戦,曇り,北東,3,3,6,6,4433,川 野 芽 唯,71,70,6.79,6,0.12,,1-4-5,1970,8,1-4,510,3,1-4-5,1090,6,1-4,600,4,,,,,,,
20260214,丸亀,1,一般,晴,北,2,2,1,2,3467,森 弘 行,44,53,6.80,2,0.23,1.50.5,2-1-6,21000,54,2-1,2090,6,1-2-6,3350,12,1-2,300,2,,,,,,,
20260214,丸亀,1,一般,晴,北,2,2,2,1,4400,加 藤 奈 月,29,60,6.71,1,0.24,1.51.9,2-1-6,21000,54,2-1,2090,6,1-2-6,3350,12,1-2,300,2,,,,,,,
20260214,丸亀,1,一般,晴,北,2,2,3,6,3825,宮 嵜 隆太郎,37,21,6.74,6,0.14,1.54.1,2-1-6,21000,54,2-1,2090,6,1-2-6,3350,12,1-2,300,2,,,,,,,
20260214,丸亀,1,一般,晴,北,2,2,4,3,3893,汐 崎 正 則,8,56,6.73,3,0.17,1.54.9,2-1-6,21000,54,2-1,2090,6,1-2-6,3350,12,1-2,300,2,,,,,,,
20260214,丸亀,1,一般,晴,北,2,2,5,5,3477,近 藤 稔 也,47,11,6.74,5,0.14,1.55.5,2-1-6,21000,54,2-1,2090,6,1-2-6,3350,12,1-2,300,2,,,,,,,
20260214,丸亀,1,一般,晴,北,2,2,6,4,3596,河 上 年 昭,38,28,6.80,4,0.17,1.56.2,2-1-6,21000,54,2-1,2090,6,1-2-6,3350,12,1-2,300,2,,,,,,,
20260214,丸亀,2,一般,曇り,北,1,1,1,2,4821,妻 鳥 晋 也,15,22,6.75,2,0.21,1.49.3,2-1-3,2970,10,2-1,1730,8,1-2-3,480,2,1-2,310,1,,,,,,,
20260214,丸亀,2,一般,曇り,北,1,1,2,1,5308,藤 森 拓 海,65,18,6.72,1,0.22,1.51.3,2-1-3,2970,10,2-1,1730,8,1-2-3,480,2,1-2,310,1,,,,,,,
20260214,丸亀,2,一般,曇り,北,1,1,3,3,4549,小 林 文 彦,60,12,6.64,3,0.28,1.51.9,2-1-3,2970,10,2-1,1730,8,1-2-3,480,2,1-2,310,1,,,,,,,
20260214,丸亀,2,一般,曇り,北,1,1,4,6,5290,坂 本 一 真,46,2,6.81,6,0.21,1.53.2,2-1-3,2970,10,2-1,1730,8,1-2-3,480,2,1-2,310,1,,,,,,,
20260214,丸亀,2,一般,曇り,北,1,1,5,4,4564,山 本 景士郎,16,1,6.73,4,0.24,1.55.5,2-1-3,2970,10,2-1,1730,8,1-2-3,480,2,1-2,310,1,,,,,,,
20260214,丸亀,2,一般,曇り,北,1,1,6,5,3635,石 田 政 吾,24,31,6.80,5,0.25,1.58.6,2-1-3,2970,10,2-1,1730,8,1-2-3,480,2,1-2,310,1,,,,,,,
20260214,丸亀,3,一般,曇り,北西,1,1,1,4,3558,山 本 浩 次,36,46,6.62,4,0.18,1.49.9,4-2-5,4290,15,4-2,1980,11,2-4-5,910,5,2-4,970,6,,,,,,,
20260214,丸亀,3,一般,曇り,北西,1,1,2,2,3827,今 泉 徹,4,50,6.69,2,0.19,1.50.8,4-2-5,4290,15,4-2,1980,11,2-4-5,910,5,2-4,970,6,,,,,,,
20260214,丸亀,3,一般,曇り,北西,1,1,3,5,5205,刑 部 亜里紗,59,58,6.63,5,0.25,1.51.0,4-2-5,4290,15,4-2,1980,11,2-4-5,910,5,2-4,970,6,,,,,,,
20260214,丸亀,3,一般,曇り,北西,1,1,4,3,3882,新 田 智 彰,57,64,6.70,3,0.25,1.52.9,4-2-5,4290,15,4-2,1980,11,2-4-5,910,5,2-4,970,6,,,,,,,
20260214,丸亀,3,一般,曇り,北西,1,1,5,1,5305,伊 藤 栞,56,15,6.70,1,0.19,1.53.1,4-2-5,4290,15,4-2,1980,11,2-4-5,910,5,2-4,970,6,,,,,,,
20260214,丸亀,3,一般,曇り,北西,1,1,6,6,5310,土 屋 蘭,22,43,6.85,6,0.22,1.54.4,4-2-5,4290,15,4-2,1980,11,2-4-5,910,5,2-4,970,6,,,,,,,
20260214,丸亀,4,一般,曇り,東,1,1,1,3,5033,藤 原 孝 斗,51,14,6.74,3,0.13,1.48.8,3-1-5,3130,10,3-1,1540,6,1-3-5,350,1,1-3,310,1,,,,,,,
20260214,丸亀,4,一般,曇り,東,1,1,2,1,5292,佐 藤 右 京,25,57,6.67,1,0.12,1.49.4,3-1-5,3130,10,3-1,1540,6,1-3-5,350,1,1-3,310,1,,,,,,,
20260214,丸亀,4,一般,曇り,東,1,1,3,5,5222,津 田 陸 翔,18,63,6.79,5,0.18,1.51.7,3-1-5,3130,10,3-1,1540,6,1-3-5,350,1,1-3,310,1,,,,,,,
20260214,丸亀,4,一般,曇り,東,1,1,4,4,3507,藤 井 徹,5,59,6.81,4,0.18,1.53.7,3-1-5,3130,10,3-1,1540,6,1-3-5,350,1,1-3,310,1,,,,,,,
20260214,丸亀,4,一般,曇り,東,1,1,5,6,5208,屋 良 龍 紀,23,17,6.88,6,0.19,1.56.2,3-1-5,3130,10,3-1,1540,6,1-3-5,350,1,1-3,310,1,,,,,,,
20260214,丸亀,4,一般,曇り,東,1,1,6,2,3910,松 下 知 幸,33,20,6.82,2,0.10,2.05.6,3-1-5,3130,10,3-1,1540,6,1-3-5,350,1,1-3,310,1,,,,,,,
20260214,丸亀,5,一般,曇り,西,1,1,1,2,3251,平 石 和 男,50,10,6.77,2,0.13,1.48.3,2-1-3,4700,16,2-1,1010,5,1-2-3,460,2,1-2,300,1,,,,,,,
20260214,丸亀,5,一般,曇り,西,1,1,2,1,5252,荒 木 颯 斗,6,48,6.70,1,0.09,1.50.5,2-1-3,4700,16,2-1,1010,5,1-2-3,460,2,1-2,300,1,,,,,,,
20260214,丸亀,5,一般,曇り,西,1,1,3,3,4213,重 富 伸 也,10,29,6.70,5,0.04,1.52.1,2-1-3,4700,16,2-1,1010,5,1-2-3,460,2,1-2,300,1,,,,,,,
20260214,丸亀,5,一般,曇り,西,1,1,4,5,4486,野 村 誠,55,7,6.77,4,0.12,1.53.0,2-1-3,4700,16,2-1,1010,5,1-2-3,460,2,1-2,300,1,,,,,,,
20260214,丸亀,5,一般,曇り,西,1,1,5,4,3893,汐 崎 正 則,8,56,6.78,3,0.13,1.54.2,2-1-3,4700,16,2-1,1010,5,1-2-3,460,2,1-2,300,1,,,,,,,
20260214,丸亀,5,一般,曇り,西,1,1,6,6,3949,今 出 晋 二,35,3,6.68,6,0.11,1.56.2,2-1-3,4700,16,2-1,1010,5,1-2-3,460,2,1-2,300,1,,,,,,,
20260214,丸亀,6,かけうどん６,曇り,北西,1,1,1,6,4210,松 村 康 太,30,44,6.75,4,0.13,1.48.6,6-1-2,12600,33,6-1,5080,12,1-2-6,360,2,1-6,820,3,,,,,,,
20260214,丸亀,6,かけうどん６,曇り,北西,1,1,2,1,5150,坂 本 雄 紀,62,30,6.67,1,0.23,1.49.8,6-1-2,12600,33,6-1,5080,12,1-2-6,360,2,1-6,820,3,,,,,,,
20260214,丸亀,6,かけうどん６,曇り,北西,1,1,3,2,4028,田 村 隆 信,17,37,6.76,2,0.20,1.53.1,6-1-2,12600,33,6-1,5080,12,1-2-6,360,2,1-6,820,3,,,,,,,
20260214,丸亀,6,かけうどん６,曇り,北西,1,1,4,5,4821,妻 鳥 晋 也,15,22,6.80,6,0.12,1.53.9,6-1-2,12600,33,6-1,5080,12,1-2-6,360,2,1-6,820,3,,,,,,,
20260214,丸亀,6,かけうどん６,曇り,北西,1,1,5,4,5308,藤 森 拓 海,65,18,6.84,5,0.16,1.53.9,6-1-2,12600,33,6-1,5080,12,1-2-6,360,2,1-6,820,3,,,,,,,
20260214,丸亀,6,かけうどん６,曇り,北西,1,1,6,3,3596,河 上 年 昭,38,28,6.84,3,0.17,1.56.7,6-1-2,12600,33,6-1,5080,12,1-2-6,360,2,1-6,820,3,,,,,,,
20260214,丸亀,7,ざるうどん７,曇り,北西,1,1,1,5,4123,細 川 裕 子,41,54,6.70,5,0.19,1.49.0,5-3-6,11290,28,5-3,2370,7,3-5-6,2640,7,3-5,1010,4,,,,,,,
20260214,丸亀,7,ざるうどん７,曇り,北西,1,1,2,3,3558,山 本 浩 次,36,46,6.70,3,0.14,1.50.7,5-3-6,11290,28,5-3,2370,7,3-5-6,2640,7,3-5,1010,4,,,,,,,
20260214,丸亀,7,ざるうどん７,曇り,北西,1,1,3,6,4843,深 尾 巴 恵,49,26,6.71,6,0.27,1.52.3,5-3-6,11290,28,5-3,2370,7,3-5-6,2640,7,3-5,1010,4,,,,,,,
20260214,丸亀,7,ざるうどん７,曇り,北西,1,1,4,1,4761,山 田 晃 大,53,6,6.74,1,0.16,1.53.5,5-3-6,11290,28,5-3,2370,7,3-5-6,2640,7,3-5,1010,4,,,,,,,
20260214,丸亀,7,ざるうどん７,曇り,北西,1,1,5,4,5305,伊 藤 栞,56,15,6.78,4,0.19,1.55.0,5-3-6,11290,28,5-3,2370,7,3-5-6,2640,7,3-5,1010,4,,,,,,,
20260214,丸亀,7,ざるうどん７,曇り,北西,1,1,6,2,3477,近 藤 稔 也,47,11,6.75,2,0.21,1.57.1,5-3-6,11290,28,5-3,2370,7,3-5-6,2640,7,3-5,1010,4,,,,,,,
20260214,丸亀,8,釜揚げ８ 進入固定,曇り,南西,1,1,1,1,4388,是 澤 孝 宏,39,49,6.74,1,0.19,1.49.0,1-2-6,730,3,1-2,170,1,1-2-6,470,3,1-2,140,1,,,,,,,
20260214,丸亀,8,釜揚げ８ 進入固定,曇り,南西,1,1,2,2,5205,刑 部 亜里紗,59,58,6.69,2,0.15,1.49.2,1-2-6,730,3,1-2,170,1,1-2-6,470,3,1-2,140,1,,,,,,,
20260214,丸亀,8,釜揚げ８ 進入固定,曇り,南西,1,1,3,6,5033,藤 原 孝 斗,51,14,6.75,6,0.13,1.52.3,1-2-6,730,3,1-2,170,1,1-2-6,470,3,1-2,140,1,,,,,,,
20260214,丸亀,8,釜揚げ８ 進入固定,曇り,南西,1,1,4,3,3467,森 弘 行,44,53,6.77,3,0.16,1.54.0,1-2-6,730,3,1-2,170,1,1-2-6,470,3,1-2,140,1,,,,,,,
20260214,丸亀,8,釜揚げ８ 進入固定,曇り,南西,1,1,5,5,3827,今 泉 徹,4,50,6.79,5,0.15,1.55.4,1-2-6,730,3,1-2,170,1,1-2-6,470,3,1-2,140,1,,,,,,,
20260214,丸亀,8,釜揚げ８ 進入固定,曇り,南西,1,1,6,4,5290,坂 本 一 真,46,2,6.76,4,0.17,1.55.8,1-2-6,730,3,1-2,170,1,1-2-6,470,3,1-2,140,1,,,,,,,
20260214,丸亀,9,ウチまる選抜,曇り,南西,1,1,1,1,5310,土 屋 蘭,22,43,6.74,1,0.07,1.49.3,1-4-5,6620,23,1-4,980,3,1-4-5,1230,5,1-4,620,2,,,,,,,
20260214,丸亀,9,ウチまる選抜,曇り,南西,1,1,2,4,5222,津 田 陸 翔,18,63,6.78,4,0.06,1.51.5,1-4-5,6620,23,1-4,980,3,1-4-5,1230,5,1-4,620,2,,,,,,,
20260214,丸亀,9,ウチまる選抜,曇り,南西,1,1,3,5,4213,重 富 伸 也,10,29,6.71,5,0.02,1.52.5,1-4-5,6620,23,1-4,980,3,1-4-5,1230,5,1-4,620,2,,,,,,,
20260214,丸亀,9,ウチまる選抜,曇り,南西,1,1,4,3,4486,野 村 誠,55,7,6.77,3,0.06,1.52.8,1-4-5,6620,23,1-4,980,3,1-4-5,1230,5,1-4,620,2,,,,,,,
20260214,丸亀,9,ウチまる選抜,曇り,南西,1,1,5,2,3635,石 田 政 吾,24,31,6.70,2,0.07,1.54.3,1-4-5,6620,23,1-4,980,3,1-4-5,1230,5,1-4,620,2,,,,,,,
20260214,丸亀,9,ウチまる選抜,曇り,南西,1,1,6,6,4564,山 本 景士郎,16,1,6.82,6,0.09,1.56.6,1-4-5,6620,23,1-4,980,3,1-4-5,1230,5,1-4,620,2,,,,,,,
20260214,丸亀,10,特別選抜戦,曇り,南,1,1,1,4,5150,坂 本 雄 紀,62,30,6.81,4,0.11,1.48.9,4-1-2,2150,6,4-1,780,4,1-2-4,230,1,1-4,330,2,,,,,,,
20260214,丸亀,10,特別選抜戦,曇り,南,1,1,2,1,4210,松 村 康 太,30,44,6.79,1,0.14,1.50.7,4-1-2,2150,6,4-1,780,4,1-2-4,230,1,1-4,330,2,,,,,,,
20260214,丸亀,10,特別選抜戦,曇り,南,1,1,3,2,5252,荒 木 颯 斗,6,48,6.70,2,0.16,1.51.6,4-1-2,2150,6,4-1,780,4,1-2-4,230,1,1-4,330,2,,,,,,,
20260214,丸亀,10,特別選抜戦,曇り,南,1,1,4,6,4761,山 田 晃 大,53,6,6.79,6,0.11,1.52.9,4-1-2,2150,6,4-1,780,4,1-2-4,230,1,1-4,330,2,,,,,,,
20260214,丸亀,10,特別選抜戦,曇り,南,1,1,5,5,4400,加 藤 奈 月,29,60,6.73,5,0.13,1.54.0,4-1-2,2150,6,4-1,780,4,1-2-4,230,1,1-4,330,2,,,,,,,
20260214,丸亀,10,特別選抜戦,曇り,南,1,1,6,3,3910,松 下 知 幸,33,20,6.82,3,0.17,1.55.6,4-1-2,2150,6,4-1,780,4,1-2-4,230,1,1-4,330,2,,,,,,,
20260214,丸亀,11,特別選抜戦,曇り,東,1,1,1,1,4123,細 川 裕 子,41,54,6.68,1,0.16,1.49.1,1-2-6,1780,6,1-2,310,2,1-2-6,980,5,1-2,300,2,,,,,,,
20260214,丸亀,11,特別選抜戦,曇り,東,1,1,2,2,4388,是 澤 孝 宏,39,49,6.83,2,0.16,1.49.9,1-2-6,1780,6,1-2,310,2,1-2-6,980,5,1-2,300,2,,,,,,,
20260214,丸亀,11,特別選抜戦,曇り,東,1,1,3,6,4549,小 林 文 彦,60,12,6.76,6,0.11,1.51.2,1-2-6,1780,6,1-2,310,2,1-2-6,980,5,1-2,300,2,,,,,,,
20260214,丸亀,11,特別選抜戦,曇り,東,1,1,4,4,3882,新 田 智 彰,57,64,6.76,4,0.09,1.52.7,1-2-6,1780,6,1-2,310,2,1-2-6,980,5,1-2,300,2,,,,,,,
20260214,丸亀,11,特別選抜戦,曇り,東,1,1,5,3,4028,田 村 隆 信,17,37,6.83,3,0.15,1.53.7,1-2-6,1780,6,1-2,310,2,1-2-6,980,5,1-2,300,2,,,,,,,
20260214,丸亀,11,特別選抜戦,曇り,東,1,1,6,5,3251,平 石 和 男,50,10,6.87,5,0.19,1.54.5,1-2-6,1780,6,1-2,310,2,1-2-6,980,5,1-2,300,2,,,,,,,
20260214,丸亀,12,優勝戦,曇り,南東,2,2,1,1,4459,片 岡 雅 裕,34,24,6.85,1,0.06,1.47.8,1-4-2,870,2,1-4,360,2,1-2-4,330,1,1-4,300,1,,,,,,,
20260214,丸亀,12,優勝戦,曇り,南東,2,2,2,4,4296,岡 崎 恭 裕,20,33,6.72,4,0.06,1.50.5,1-4-2,870,2,1-4,360,2,1-2-4,330,1,1-4,300,1,,,,,,,
20260214,丸亀,12,優勝戦,曇り,南東,2,2,3,2,5257,西 丸 侑太朗,9,32,6.82,2,0.13,1.51.0,1-4-2,870,2,1-4,360,2,1-2-4,330,1,1-4,300,1,,,,,,,
20260214,丸亀,12,優勝戦,曇り,南東,2,2,4,3,4302,西 野 翔 太,13,65,6.76,3,0.11,1.52.1,1-4-2,870,2,1-4,360,2,1-2-4,330,1,1-4,300,1,,,,,,,
20260214,丸亀,12,優勝戦,曇り,南東,2,2,5,6,3541,三 嶌 誠 司,19,4,6.84,6,0.19,1.53.3,1-4-2,870,2,1-4,360,2,1-2-4,330,1,1-4,300,1,,,,,,,
20260214,丸亀,12,優勝戦,曇り,南東,2,2,6,5,5015,高 橋 竜 矢,63,52,6.79,5,0.13,1.54.9,1-4-2,870,2,1-4,360,2,1-2-4,330,1,1-4,300,1,,,,,,,
20260214,宮島,1,ファーストＢ,晴,北東,2,2,1,1,4377,濱 本 優 一,11,79,6.75,1,0.05,1.48.3,1-2-5,1030,4,1-2,230,1,1-2-5,640,3,1-2,170,1,,,,,,,
20260214,宮島,1,ファーストＢ,晴,北東,2,2,2,2,4872,山 下 流 心,52,52,6.75,2,0.08,1.50.8,1-2-5,1030,4,1-2,230,1,1-2-5,640,3,1-2,170,1,,,,,,,
20260214,宮島,1,ファーストＢ,晴,北東,2,2,3,5,5382,山 下 心 一,16,70,6.62,5,0.10,1.51.6,1-2-5,1030,4,1-2,230,1,1-2-5,640,3,1-2,170,1,,,,,,,
20260214,宮島,1,ファーストＢ,晴,北東,2,2,4,3,4423,坂 口 貴 彦,81,61,6.76,3,0.09,1.53.1,1-2-5,1030,4,1-2,230,1,1-2-5,640,3,1-2,170,1,,,,,,,
20260214,宮島,1,ファーストＢ,晴,北東,2,2,5,4,3567,吉 岡 誠,53,71,6.76,4,0.13,1.54.3,1-2-5,1030,4,1-2,230,1,1-2-5,640,3,1-2,170,1,,,,,,,
20260214,宮島,1,ファーストＢ,晴,北東,2,2,6,6,5395,日 高 龍之介,76,58,6.72,6,0.14,1.55.2,1-2-5,1030,4,1-2,230,1,1-2-5,640,3,1-2,170,1,,,,,,,
20260214,宮島,2,予選,晴,東,2,3,1,5,3933,山 地 正 樹,19,11,6.72,2,0.15,1.49.6,5-2-3,10090,36,5-2,2920,12,2-3-5,810,5,2-5,870,4,,,,,,,
20260214,宮島,2,予選,晴,東,2,3,2,2,4734,安河内 将,21,39,6.66,3,0.19,1.50.0,5-2-3,10090,36,5-2,2920,12,2-3-5,810,5,2-5,870,4,,,,,,,
20260214,宮島,2,予選,晴,東,2,3,3,3,4583,古 田 祐 貴,75,68,6.69,4,0.21,1.51.5,5-2-3,10090,36,5-2,2920,12,2-3-5,810,5,2-5,870,4,,,,,,,
20260214,宮島,2,予選,晴,東,2,3,4,1,3340,池 田 雷 太,15,36,6.67,1,0.14,1.52.4,5-2-3,10090,36,5-2,2920,12,2-3-5,810,5,2-5,870,4,,,,,,,
20260214,宮島,2,予選,晴,東,2,3,5,6,4792,杉 村 賢 也,13,77,6.73,6,0.23,1.55.5,5-2-3,10090,36,5-2,2920,12,2-3-5,810,5,2-5,870,4,,,,,,,
20260214,宮島,2,予選,晴,東,2,3,6,4,5199,垂 水 悠,28,25,6.70,5,0.22,1.56.6,5-2-3,10090,36,5-2,2920,12,2-3-5,810,5,2-5,870,4,,,,,,,
20260214,宮島,3,予選,晴,東,2,2,1,1,4395,下 河 雅 史,33,54,6.70,1,0.17,1.49.6,1-4-2,4920,16,1-4,2130,10,1-2-4,810,4,1-4,1170,8,,,,,,,
20260214,宮島,3,予選,晴,東,2,2,2,4,4461,安 田 吉 宏,77,37,6.74,5,0.13,1.51.3,1-4-2,4920,16,1-4,2130,10,1-2-4,810,4,1-4,1170,8,,,,,,,
20260214,宮島,3,予選,晴,東,2,2,3,2,3304,烏 野 賢 太,18,23,6.73,3,0.14,1.51.4,1-4-2,4920,16,1-4,2130,10,1-2-4,810,4,1-4,1170,8,,,,,,,
20260214,宮島,3,予選,晴,東,2,2,4,5,3072,西 田 靖,79,73,6.76,2,0.10,1.53.9,1-4-2,4920,16,1-4,2130,10,1-2-4,810,4,1-4,1170,8,,,,,,,
20260214,宮島,3,予選,晴,東,2,2,5,6,5388,佐 野 優 都,31,32,6.69,6,0.09,1.54.6,1-4-2,4920,16,1-4,2130,10,1-2-4,810,4,1-4,1170,8,,,,,,,
20260214,宮島,3,予選,晴,東,2,2,6,3,5101,表 健 太,20,35,6.69,4,0.16,1.55.8,1-4-2,4920,16,1-4,2130,10,1-2-4,810,4,1-4,1170,8,,,,,,,
20260214,宮島,4,予選,晴,東,1,2,1,2,5139,大 場 恒 季,30,56,6.70,2,0.18,1.49.0,2-1-3,1600,3,2-1,580,1,1-2-3,670,3,1-2,490,1,,,,,,,
20260214,宮島,4,予選,晴,東,1,2,2,1,3297,藤 丸 光 一,54,60,6.69,1,0.23,1.51.0,2-1-3,1600,3,2-1,580,1,1-2-3,670,3,1-2,490,1,,,,,,,
20260214,宮島,4,予選,晴,東,1,2,3,3,3907,村 越 篤,80,74,6.70,3,0.21,1.52.5,2-1-3,1600,3,2-1,580,1,1-2-3,670,3,1-2,490,1,,,,,,,
20260214,宮島,4,予選,晴,東,1,2,4,5,4949,横 田 貴 満,25,53,6.71,5,0.23,1.53.2,2-1-3,1600,3,2-1,580,1,1-2-3,670,3,1-2,490,1,,,,,,,
20260214,宮島,4,予選,晴,東,1,2,5,4,3757,畑 和 宏,32,75,6.78,4,0.21,1.54.0,2-1-3,1600,3,2-1,580,1,1-2-3,670,3,1-2,490,1,,,,,,,
20260214,宮島,4,予選,晴,東,1,2,6,6,3955,眞 田 英 二,50,67,6.81,6,0.33,1.55.9,2-1-3,1600,3,2-1,580,1,1-2-3,670,3,1-2,490,1,,,,,,,
20260214,宮島,5,予選,晴,東,1,1,1,1,4608,荒 井 翔 伍,23,66,6.69,1,0.11,1.49.6,1-3-2,650,2,1-3,320,2,1-2-3,300,1,1-3,310,2,,,,,,,
20260214,宮島,5,予選,晴,東,1,1,2,3,5262,鈴 木 章 司,37,65,6.70,3,0.11,1.50.4,1-3-2,650,2,1-3,320,2,1-2-3,300,1,1-3,310,2,,,,,,,
20260214,宮島,5,予選,晴,東,1,1,3,2,4466,南 佑 典,51,63,6.72,2,0.12,1.52.2,1-3-2,650,2,1-3,320,2,1-2-3,300,1,1-3,310,2,,,,,,,
20260214,宮島,5,予選,晴,東,1,1,4,5,3647,伊 藤 雄 二,69,22,6.74,5,0.19,1.53.5,1-3-2,650,2,1-3,320,2,1-2-3,300,1,1-3,310,2,,,,,,,
20260214,宮島,5,予選,晴,東,1,1,5,6,4163,山 崎 裕 司,56,50,6.68,6,0.24,1.54.2,1-3-2,650,2,1-3,320,2,1-2-3,300,1,1-3,310,2,,,,,,,
20260214,宮島,5,予選,晴,東,1,1,6,4,3432,宮 迫 暢 彦,12,72,6.75,4,0.17,1.54.3,1-3-2,650,2,1-3,320,2,1-2-3,300,1,1-3,310,2,,,,,,,
20260214,宮島,6,ランチ特賞,晴,東,2,2,1,1,4430,永 田 秀 二,38,55,6.68,1,0.14,1.48.7,1-5-4,1560,5,1-5,400,2,1-4-5,520,2,1-5,220,1,,,,,,,
20260214,宮島,6,ランチ特賞,晴,東,2,2,2,5,4230,濱 崎 直 矢,72,62,6.73,5,0.12,1.49.3,1-5-4,1560,5,1-5,400,2,1-4-5,520,2,1-5,220,1,,,,,,,
20260214,宮島,6,ランチ特賞,晴,東,2,2,3,4,3434,松 尾 宣 邦,74,81,6.74,4,0.15,1.52.3,1-5-4,1560,5,1-5,400,2,1-4-5,520,2,1-5,220,1,,,,,,,
20260214,宮島,6,ランチ特賞,晴,東,2,2,4,2,4318,桑 原 将 光,17,29,6.70,2,0.13,1.52.7,1-5-4,1560,5,1-5,400,2,1-4-5,520,2,1-5,220,1,,,,,,,
20260214,宮島,6,ランチ特賞,晴,東,2,2,5,6,4872,山 下 流 心,52,52,6.76,6,0.17,1.53.7,1-5-4,1560,5,1-5,400,2,1-4-5,520,2,1-5,220,1,,,,,,,
20260214,宮島,6,ランチ特賞,晴,東,2,2,6,3,4186,小 川 時 光,70,69,6.75,3,0.12,1.55.8,1-5-4,1560,5,1-5,400,2,1-4-5,520,2,1-5,220,1,,,,,,,
20260214,宮島,7,予選,晴,北東,1,1,1,3,4551,三 川 昂 暁,71,64,6.61,3,0.35,1.50.8,3-6-1,30220,69,3-6,4420,16,1-3-6,4170,14,3-6,8550,14,,,,,,,
20260214,宮島,7,予選,晴,北東,1,1,2,6,5101,表 健 太,20,35,6.76,6,0.24,1.51.9,3-6-1,30220,69,3-6,4420,16,1-3-6,4170,14,3-6,8550,14,,,,,,,
20260214,宮島,7,予選,晴,北東,1,1,3,1,3542,清 水 紀 克,65,28,6.72,1,0.19,1.53.6,3-6-1,30220,69,3-6,4420,16,1-3-6,4170,14,3-6,8550,14,,,,,,,
20260214,宮島,7,予選,晴,北東,1,1,4,2,4792,杉 村 賢 也,13,77,6.71,2,0.22,1.54.5,3-6-1,30220,69,3-6,4420,16,1-3-6,4170,14,3-6,8550,14,,,,,,,
20260214,宮島,7,予選,晴,北東,1,1,5,4,4374,永 田 義 紘,36,15,6.66,4,0.10,1.55.1,3-6-1,30220,69,3-6,4420,16,1-3-6,4170,14,3-6,8550,14,,,,,,,
20260214,宮島,7,予選,晴,北東,1,1,6,5,3567,吉 岡 誠,53,71,6.78,5,0.12,1.58.0,3-6-1,30220,69,3-6,4420,16,1-3-6,4170,14,3-6,8550,14,,,,,,,
20260214,宮島,8,予選,晴,東,2,2,1,1,3788,一 宮 稔 弘,55,57,6.74,1,0.14,1.49.9,1-3-2,740,2,1-3,420,1,1-2-3,280,1,1-3,140,1,,,,,,,
20260214,宮島,8,予選,晴,東,2,2,2,3,5139,大 場 恒 季,30,56,6.68,3,0.15,1.50.4,1-3-2,740,2,1-3,420,1,1-2-3,280,1,1-3,140,1,,,,,,,
20260214,宮島,8,予選,晴,東,2,2,3,2,3933,山 地 正 樹,19,11,6.68,2,0.17,1.52.1,1-3-2,740,2,1-3,420,1,1-2-3,280,1,1-3,140,1,,,,,,,
20260214,宮島,8,予選,晴,東,2,2,4,4,5382,山 下 心 一,16,70,6.63,4,0.12,1.53.5,1-3-2,740,2,1-3,420,1,1-2-3,280,1,1-3,140,1,,,,,,,
20260214,宮島,8,予選,晴,東,2,2,5,6,5143,常 盤 海 心,78,21,6.71,6,0.13,1.53.7,1-3-2,740,2,1-3,420,1,1-2-3,280,1,1-3,140,1,,,,,,,
20260214,宮島,8,予選,晴,東,2,2,6,5,4540,相 原 利 章,64,82,6.73,5,0.11,1.57.2,1-3-2,740,2,1-3,420,1,1-2-3,280,1,1-3,140,1,,,,,,,
20260214,宮島,9,予選,晴,南東,1,1,1,1,3516,吉 原 聖 人,82,80,6.70,1,0.23,1.50.5,1-3-5,910,1,1-3,360,1,1-3-5,410,2,1-3,310,1,,,,,,,
20260214,宮島,9,予選,晴,南東,1,1,2,3,3757,畑 和 宏,32,75,6.76,3,0.25,1.51.2,1-3-5,910,1,1-3,360,1,1-3-5,410,2,1-3,310,1,,,,,,,
20260214,宮島,9,予選,晴,南東,1,1,3,5,4461,安 田 吉 宏,77,37,6.73,5,0.34,1.52.7,1-3-5,910,1,1-3,360,1,1-3-5,410,2,1-3,310,1,,,,,,,
20260214,宮島,9,予選,晴,南東,1,1,4,2,3647,伊 藤 雄 二,69,22,6.73,2,0.20,1.54.1,1-3-5,910,1,1-3,360,1,1-3-5,410,2,1-3,310,1,,,,,,,
20260214,宮島,9,予選,晴,南東,1,1,5,4,5395,日 高 龍之介,76,58,6.69,4,0.41,1.56.1,1-3-5,910,1,1-3,360,1,1-3-5,410,2,1-3,310,1,,,,,,,
20260214,宮島,9,予選,晴,南東,1,1,6,6,5423,高 橋 嗣 穏,14,51,6.73,6,0.36,1.57.4,1-3-5,910,1,1-3,360,1,1-3-5,410,2,1-3,310,1,,,,,,,
20260214,宮島,10,特賞,曇り,南西,3,3,1,1,3072,西 田 靖,79,73,6.68,1,0.23,1.50.6,1-2-5,1560,3,1-2,400,1,1-2-5,700,4,1-2,200,1,,,,,,,
20260214,宮島,10,特賞,曇り,南西,3,3,2,2,4583,古 田 祐 貴,75,68,6.72,2,0.24,1.51.2,1-2-5,1560,3,1-2,400,1,1-2-5,700,4,1-2,200,1,,,,,,,
20260214,宮島,10,特賞,曇り,南西,3,3,3,5,5262,鈴 木 章 司,37,65,6.71,5,0.26,1.52.9,1-2-5,1560,3,1-2,400,1,1-2-5,700,4,1-2,200,1,,,,,,,
20260214,宮島,10,特賞,曇り,南西,3,3,4,3,3297,藤 丸 光 一,54,60,6.72,3,0.27,1.53.7,1-2-5,1560,3,1-2,400,1,1-2-5,700,4,1-2,200,1,,,,,,,
20260214,宮島,10,特賞,曇り,南西,3,3,5,6,4423,坂 口 貴 彦,81,61,6.69,6,0.24,1.54.1,1-2-5,1560,3,1-2,400,1,1-2-5,700,4,1-2,200,1,,,,,,,
20260214,宮島,10,特賞,曇り,南西,3,3,6,4,4318,桑 原 将 光,17,29,6.71,4,0.21,1.56.1,1-2-5,1560,3,1-2,400,1,1-2-5,700,4,1-2,200,1,,,,,,,
20260214,宮島,11,特選,曇り,南西,2,2,1,1,4230,濱 崎 直 矢,72,62,6.64,1,0.15,1.47.4,1-3-2,720,2,1-3,190,1,1-2-3,430,2,1-3,150,1,,,,,,,
20260214,宮島,11,特選,曇り,南西,2,2,2,3,4377,濱 本 優 一,11,79,6.74,3,0.20,1.49.2,1-3-2,720,2,1-3,190,1,1-2-3,430,2,1-3,150,1,,,,,,,
20260214,宮島,11,特選,曇り,南西,2,2,3,2,3955,眞 田 英 二,50,67,6.77,2,0.21,1.51.5,1-3-2,720,2,1-3,190,1,1-2-3,430,2,1-3,150,1,,,,,,,
20260214,宮島,11,特選,曇り,南西,2,2,4,4,3304,烏 野 賢 太,18,23,6.68,4,0.25,1.52.1,1-3-2,720,2,1-3,190,1,1-2-3,430,2,1-3,150,1,,,,,,,
20260214,宮島,11,特選,曇り,南西,2,2,5,6,4466,南 佑 典,51,63,6.66,6,0.37,1.53.9,1-3-2,720,2,1-3,190,1,1-2-3,430,2,1-3,150,1,,,,,,,
20260214,宮島,11,特選,曇り,南西,2,2,6,5,3340,池 田 雷 太,15,36,6.65,5,0.27,1.56.0,1-3-2,720,2,1-3,190,1,1-2-3,430,2,1-3,150,1,,,,,,,
20260214,宮島,12,モンタ特選,曇り,南西,2,2,1,3,4430,永 田 秀 二,38,55,6.64,3,0.10,1.48.7,3-1-5,6130,18,3-1,1900,6,1-3-5,540,2,1-3,270,2,,,,,,,
20260214,宮島,12,モンタ特選,曇り,南西,2,2,2,1,4734,安河内 将,21,39,6.63,1,0.11,1.49.1,3-1-5,6130,18,3-1,1900,6,1-3-5,540,2,1-3,270,2,,,,,,,
20260214,宮島,12,モンタ特選,曇り,南西,2,2,3,5,4551,三 川 昂 暁,71,64,6.58,5,0.10,1.51.9,3-1-5,6130,18,3-1,1900,6,1-3-5,540,2,1-3,270,2,,,,,,,
20260214,宮島,12,モンタ特選,曇り,南西,2,2,4,6,3907,村 越 篤,80,74,6.66,6,0.15,1.53.5,3-1-5,6130,18,3-1,1900,6,1-3-5,540,2,1-3,270,2,,,,,,,
20260214,宮島,12,モンタ特選,曇り,南西,2,2,5,2,4608,荒 井 翔 伍,23,66,6.65,2,0.16,1.54.7,3-1-5,6130,18,3-1,1900,6,1-3-5,540,2,1-3,270,2,,,,,,,
20260214,宮島,12,モンタ特選,曇り,南西,2,2,6,4,5388,佐 野 優 都,31,32,6.64,4,0.01,1.55.0,3-1-5,6130,18,3-1,1900,6,1-3-5,540,2,1-3,270,2,,,,,,,
20260214,尼崎,1,朝からセンプ,晴,無風,0,0,1,2,3838,伊 藤 啓 三,14,11,6.86,2,0.13,1.49.3,2-6-3,32720,65,2-6,8370,22,2-3-6,2240,10,2-6,3920,10,,,,,,,
20260214,尼崎,1,朝からセンプ,晴,無風,0,0,2,6,5036,福 田 翔 吾,9,53,6.77,5,0.20,1.50.6,2-6-3,32720,65,2-6,8370,22,2-3-6,2240,10,2-6,3920,10,,,,,,,
20260214,尼崎,1,朝からセンプ,晴,無風,0,0,3,3,5095,小 原 聡 将,25,14,6.77,3,0.10,1.51.4,2-6-3,32720,65,2-6,8370,22,2-3-6,2240,10,2-6,3920,10,,,,,,,
20260214,尼崎,1,朝からセンプ,晴,無風,0,0,4,1,4917,岩 橋 裕 馬,23,40,6.75,1,0.18,1.53.3,2-6-3,32720,65,2-6,8370,22,2-3-6,2240,10,2-6,3920,10,,,,,,,
20260214,尼崎,1,朝からセンプ,晴,無風,0,0,5,4,5204,宇 恵 有 香,2,50,6.80,4,0.09,1.54.1,2-6-3,32720,65,2-6,8370,22,2-3-6,2240,10,2-6,3920,10,,,,,,,
20260214,尼崎,1,朝からセンプ,晴,無風,0,0,6,5,4992,廣 瀬 篤 哉,43,28,6.82,6,0.19,1.55.0,2-6-3,32720,65,2-6,8370,22,2-3-6,2240,10,2-6,3920,10,,,,,,,
20260214,尼崎,2,一般,晴,無風,0,0,1,1,5004,河 野 主 樹,48,49,6.75,1,0.18,1.47.4,1-4-5,1310,3,1-4,500,3,1-4-5,360,1,1-4,380,2,,,,,,,
20260214,尼崎,2,一般,晴,無風,0,0,2,4,4556,竹 井 奈 美,59,55,6.83,4,0.13,1.49.0,1-4-5,1310,3,1-4,500,3,1-4-5,360,1,1-4,380,2,,,,,,,
20260214,尼崎,2,一般,晴,無風,0,0,3,5,4852,川 原 祐 明,38,47,6.76,5,0.07,1.50.5,1-4-5,1310,3,1-4,500,3,1-4-5,360,1,1-4,380,2,,,,,,,
20260214,尼崎,2,一般,晴,無風,0,0,4,3,4895,門 間 雄 大,57,58,6.81,3,0.26,1.52.5,1-4-5,1310,3,1-4,500,3,1-4-5,360,1,1-4,380,2,,,,,,,
20260214,尼崎,2,一般,晴,無風,0,0,5,2,5263,花 田 凱 成,11,34,6.78,2,0.20,1.54.1,1-4-5,1310,3,1-4,500,3,1-4-5,360,1,1-4,380,2,,,,,,,
20260214,尼崎,2,一般,晴,無風,0,0,6,6,5296,永 田 楽,20,52,6.82,6,0.13,1.55.6,1-4-5,1310,3,1-4,500,3,1-4-5,360,1,1-4,380,2,,,,,,,
20260214,尼崎,3,一般,晴,無風,0,0,1,1,4772,石 丸 海 渡,41,25,6.75,1,0.11,1.47.7,1-3-2,1270,6,1-3,400,3,1-2-3,340,2,1-3,390,3,,,,,,,
20260214,尼崎,3,一般,晴,無風,0,0,2,3,3769,佐 竹 恒 彦,30,44,6.87,3,0.12,1.50.9,1-3-2,1270,6,1-3,400,3,1-2-3,340,2,1-3,390,3,,,,,,,
20260214,尼崎,3,一般,晴,無風,0,0,3,2,5264,登 みひ果,7,32,6.73,2,0.14,1.51.5,1-3-2,1270,6,1-3,400,3,1-2-3,340,2,1-3,390,3,,,,,,,
20260214,尼崎,3,一般,晴,無風,0,0,4,4,4803,飯 田 庄 吾,10,46,6.78,4,0.19,1.52.2,1-3-2,1270,6,1-3,400,3,1-2-3,340,2,1-3,390,3,,,,,,,
20260214,尼崎,3,一般,晴,無風,0,0,5,6,5254,羽 田 妃 希,6,26,6.79,6,0.20,1.53.2,1-3-2,1270,6,1-3,400,3,1-2-3,340,2,1-3,390,3,,,,,,,
20260214,尼崎,3,一般,晴,無風,0,0,6,5,4155,長 野 壮志郎,37,64,6.78,5,0.17,1.55.7,1-3-2,1270,6,1-3,400,3,1-2-3,340,2,1-3,390,3,,,,,,,
20260214,尼崎,4,一般,晴,南西,2,0,1,5,4390,松 本 弓 雄,60,39,6.75,5,0.09,1.48.6,5-6-1,54180,72,5-6,14760,24,1-5-6,1820,8,5-6,4330,11,,,,,,,
20260214,尼崎,4,一般,晴,南西,2,0,2,6,4256,渡 辺 浩 司,21,19,6.77,6,0.11,1.50.3,5-6-1,54180,72,5-6,14760,24,1-5-6,1820,8,5-6,4330,11,,,,,,,
20260214,尼崎,4,一般,晴,南西,2,0,3,1,3711,江 本 真 治,42,72,6.73,1,0.19,1.50.4,5-6-1,54180,72,5-6,14760,24,1-5-6,1820,8,5-6,4330,11,,,,,,,
20260214,尼崎,4,一般,晴,南西,2,0,4,3,4463,三 苫 晃 幸,51,71,6.77,3,0.12,1.51.4,5-6-1,54180,72,5-6,14760,24,1-5-6,1820,8,5-6,4330,11,,,,,,,
20260214,尼崎,4,一般,晴,南西,2,0,5,2,4146,柳 橋 宏 紀,18,67,6.79,2,0.20,1.53.4,5-6-1,54180,72,5-6,14760,24,1-5-6,1820,8,5-6,4330,11,,,,,,,
20260214,尼崎,4,一般,晴,南西,2,0,6,4,3842,星 野 太 郎,35,36,6.81,4,0.10,1.55.2,5-6-1,54180,72,5-6,14760,24,1-5-6,1820,8,5-6,4330,11,,,,,,,
20260214,尼崎,5,一般,晴,南西,3,0,1,1,4052,興 津 藍,24,30,6.77,1,0.12,1.49.1,1-4-3,2230,10,1-4,470,2,1-3-4,790,5,1-4,520,2,,,,,,,
20260214,尼崎,5,一般,晴,南西,3,0,2,4,3505,山 田 竜 一,8,41,6.77,4,0.18,1.49.9,1-4-3,2230,10,1-4,470,2,1-3-4,790,5,1-4,520,2,,,,,,,
20260214,尼崎,5,一般,晴,南西,3,0,3,3,4927,関 野 文,47,21,6.78,3,0.24,1.51.5,1-4-3,2230,10,1-4,470,2,1-3-4,790,5,1-4,520,2,,,,,,,
20260214,尼崎,5,一般,晴,南西,3,0,4,2,4635,峰 重 力 也,19,63,6.79,2,0.13,1.52.6,1-4-3,2230,10,1-4,470,2,1-3-4,790,5,1-4,520,2,,,,,,,
20260214,尼崎,5,一般,晴,南西,3,0,5,6,3737,上 平 真 二,46,38,6.79,6,0.24,1.53.8,1-4-3,2230,10,1-4,470,2,1-3-4,790,5,1-4,520,2,,,,,,,
20260214,尼崎,5,一般,晴,南西,3,0,6,5,3838,伊 藤 啓 三,14,11,6.82,5,0.17,1.56.6,1-4-3,2230,10,1-4,470,2,1-3-4,790,5,1-4,520,2,,,,,,,
20260214,尼崎,6,昼どきピンク,晴,南西,3,0,1,1,3562,山 下 和 彦,53,51,6.79,1,0.13,1.48.2,1-4-2,600,2,1-4,340,1,1-2-4,190,1,1-4,240,1,,,,,,,
20260214,尼崎,6,昼どきピンク,晴,南西,3,0,2,4,4063,市 橋 卓 士,32,65,6.78,4,0.11,1.50.5,1-4-2,600,2,1-4,340,1,1-2-4,190,1,1-4,240,1,,,,,,,
20260214,尼崎,6,昼どきピンク,晴,南西,3,0,3,2,4410,井 上 大 輔,5,35,6.74,2,0.15,1.52.2,1-4-2,600,2,1-4,340,1,1-2-4,190,1,1-4,240,1,,,,,,,
20260214,尼崎,6,昼どきピンク,晴,南西,3,0,4,5,4917,岩 橋 裕 馬,23,40,6.77,5,0.13,1.53.4,1-4-2,600,2,1-4,340,1,1-2-4,190,1,1-4,240,1,,,,,,,
20260214,尼崎,6,昼どきピンク,晴,南西,3,0,5,6,5263,花 田 凱 成,11,34,6.74,6,0.16,1.55.5,1-4-2,600,2,1-4,340,1,1-2-4,190,1,1-4,240,1,,,,,,,
20260214,尼崎,6,昼どきピンク,晴,南西,3,0,6,3,3690,河 合 三 弘,34,37,6.83,3,0.15,1.58.4,1-4-2,600,2,1-4,340,1,1-2-4,190,1,1-4,240,1,,,,,,,
20260214,尼崎,7,一般,晴,南西,3,0,1,1,4600,井 内 将太郎,58,31,6.76,1,0.19,1.51.8,1-6-5,2100,8,1-6,820,4,1-5-6,600,3,1-6,690,3,,,,,,,
20260214,尼崎,7,一般,晴,南西,3,0,2,6,4050,田 口 節 子,16,33,6.77,6,0.21,1.54.3,1-6-5,2100,8,1-6,820,4,1-5-6,600,3,1-6,690,3,,,,,,,
20260214,尼崎,7,一般,晴,南西,3,0,3,5,4895,門 間 雄 大,57,58,6.77,5,0.20,1.56.1,1-6-5,2100,8,1-6,820,4,1-5-6,600,3,1-6,690,3,,,,,,,
20260214,尼崎,7,一般,晴,南西,3,0,4,4,3769,佐 竹 恒 彦,30,44,6.90,4,0.23,1.59.5,1-6-5,2100,8,1-6,820,4,1-5-6,600,3,1-6,690,3,,,,,,,
20260214,尼崎,7,一般,晴,南西,3,0,5,3,4992,廣 瀬 篤 哉,43,28,6.82,3,0.28,2.01.2,1-6-5,2100,8,1-6,820,4,1-5-6,600,3,1-6,690,3,,,,,,,
20260214,尼崎,8,一般,晴,西,2,0,1,1,4521,小 池 公 生,27,69,6.73,1,0.15,1.48.8,1-5-4,3080,12,1-5,1150,4,1-4-5,640,3,1-5,330,2,,,,,,,
20260214,尼崎,8,一般,晴,西,2,0,2,5,5264,登 みひ果,7,32,6.74,5,0.11,1.49.6,1-5-4,3080,12,1-5,1150,4,1-4-5,640,3,1-5,330,2,,,,,,,
20260214,尼崎,8,一般,晴,西,2,0,3,4,4700,金 子 和 之,13,60,6.78,4,0.03,1.49.7,1-5-4,3080,12,1-5,1150,4,1-4-5,640,3,1-5,330,2,,,,,,,
20260214,尼崎,8,一般,晴,西,2,0,4,6,4467,渡 邉 俊 介,26,18,6.78,6,0.09,1.51.4,1-5-4,3080,12,1-5,1150,4,1-4-5,640,3,1-5,330,2,,,,,,,
20260214,尼崎,8,一般,晴,西,2,0,5,2,5296,永 田 楽,20,52,6.68,2,0.20,1.53.5,1-5-4,3080,12,1-5,1150,4,1-4-5,640,3,1-5,330,2,,,,,,,
20260214,尼崎,8,一般,晴,西,2,0,6,3,4390,松 本 弓 雄,60,39,6.76,3,0.13,1.55.6,1-5-4,3080,12,1-5,1150,4,1-4-5,640,3,1-5,330,2,,,,,,,
20260214,尼崎,9,一般,晴,南西,5,3,1,1,4654,篠 田 優 也,61,29,6.78,1,0.12,1.49.5,1-2-6,1770,6,1-2,360,1,1-2-6,880,5,1-2,190,1,,,,,,,
20260214,尼崎,9,一般,晴,南西,5,3,2,2,5036,福 田 翔 吾,9,53,6.69,2,0.13,1.50.5,1-2-6,1770,6,1-2,360,1,1-2-6,880,5,1-2,190,1,,,,,,,
20260214,尼崎,9,一般,晴,南西,5,3,3,6,4596,葛 原 大 陽,39,74,6.85,6,0.11,1.52.1,1-2-6,1770,6,1-2,360,1,1-2-6,880,5,1-2,190,1,,,,,,,
20260214,尼崎,9,一般,晴,南西,5,3,4,3,5254,羽 田 妃 希,6,26,6.82,3,0.15,1.53.3,1-2-6,1770,6,1-2,360,1,1-2-6,880,5,1-2,190,1,,,,,,,
20260214,尼崎,9,一般,晴,南西,5,3,5,4,4049,荒 川 健 太,40,66,6.85,4,0.16,1.53.4,1-2-6,1770,6,1-2,360,1,1-2-6,880,5,1-2,190,1,,,,,,,
20260214,尼崎,9,一般,晴,南西,5,3,6,5,4463,三 苫 晃 幸,51,71,6.76,5,0.14,1.57.1,1-2-6,1770,6,1-2,360,1,1-2-6,880,5,1-2,190,1,,,,,,,
20260214,尼崎,10,準優勝戦,晴,西,4,0,1,2,4256,渡 辺 浩 司,21,19,6.77,2,0.17,1.49.5,2-1-3,2430,9,2-1,1170,4,1-2-3,270,1,1-2,170,1,,,,,,,
20260214,尼崎,10,準優勝戦,晴,西,4,0,2,1,4155,長 野 壮志郎,37,64,6.77,1,0.21,1.50.3,2-1-3,2430,9,2-1,1170,4,1-2-3,270,1,1-2,170,1,,,,,,,
20260214,尼崎,10,準優勝戦,晴,西,4,0,3,3,4556,竹 井 奈 美,59,55,6.77,3,0.20,1.51.9,2-1-3,2430,9,2-1,1170,4,1-2-3,270,1,1-2,170,1,,,,,,,
20260214,尼崎,10,準優勝戦,晴,西,4,0,4,5,4052,興 津 藍,24,30,6.82,5,0.10,1.52.0,2-1-3,2430,9,2-1,1170,4,1-2-3,270,1,1-2,170,1,,,,,,,
20260214,尼崎,10,準優勝戦,晴,西,4,0,5,6,3562,山 下 和 彦,53,51,6.77,6,0.12,1.53.6,2-1-3,2430,9,2-1,1170,4,1-2-3,270,1,1-2,170,1,,,,,,,
20260214,尼崎,10,準優勝戦,晴,西,4,0,6,4,5095,小 原 聡 将,25,14,6.78,4,0.12,1.54.1,2-1-3,2430,9,2-1,1170,4,1-2-3,270,1,1-2,170,1,,,,,,,
20260214,尼崎,11,準優勝戦,晴,南西,4,0,1,1,4063,市 橋 卓 士,32,65,6.73,1,0.17,1.49.4,1-3-5,790,3,1-3,280,2,1-3-5,550,2,1-3,260,2,,,,,,,
20260214,尼崎,11,準優勝戦,晴,南西,4,0,2,3,4772,石 丸 海 渡,41,25,6.76,3,0.13,1.49.9,1-3-5,790,3,1-3,280,2,1-3-5,550,2,1-3,260,2,,,,,,,
20260214,尼崎,11,準優勝戦,晴,南西,4,0,3,5,4600,井 内 将太郎,58,31,6.79,4,0.14,1.51.5,1-3-5,790,3,1-3,280,2,1-3-5,550,2,1-3,260,2,,,,,,,
20260214,尼崎,11,準優勝戦,晴,南西,4,0,4,2,3737,上 平 真 二,46,38,6.78,2,0.22,1.52.4,1-3-5,790,3,1-3,280,2,1-3-5,550,2,1-3,260,2,,,,,,,
20260214,尼崎,11,準優勝戦,晴,南西,4,0,5,6,5004,河 野 主 樹,48,49,6.74,5,0.16,1.54.2,1-3-5,790,3,1-3,280,2,1-3-5,550,2,1-3,260,2,,,,,,,
20260214,尼崎,11,準優勝戦,晴,南西,4,0,6,4,4146,柳 橋 宏 紀,18,67,6.76,6,0.19,1.54.7,1-3-5,790,3,1-3,280,2,1-3-5,550,2,1-3,260,2,,,,,,,
20260214,尼崎,12,準優勝戦,晴,西,4,0,1,1,4852,川 原 祐 明,38,47,6.72,1,0.22,1.47.7,1-2-4,540,1,1-2,210,1,1-2-4,280,1,1-2,180,1,,,,,,,
20260214,尼崎,12,準優勝戦,晴,西,4,0,2,2,4050,田 口 節 子,16,33,6.73,2,0.18,1.49.1,1-2-4,540,1,1-2,210,1,1-2-4,280,1,1-2,180,1,,,,,,,
20260214,尼崎,12,準優勝戦,晴,西,4,0,3,4,3711,江 本 真 治,42,72,6.74,4,0.11,1.51.8,1-2-4,540,1,1-2,210,1,1-2-4,280,1,1-2,180,1,,,,,,,
20260214,尼崎,12,準優勝戦,晴,西,4,0,4,6,4521,小 池 公 生,27,69,6.77,6,0.21,1.52.5,1-2-4,540,1,1-2,210,1,1-2-4,280,1,1-2,180,1,,,,,,,
20260214,尼崎,12,準優勝戦,晴,西,4,0,5,3,4410,井 上 大 輔,5,35,6.73,3,0.14,1.54.1,1-2-4,540,1,1-2,210,1,1-2-4,280,1,1-2,180,1,,,,,,,
20260214,尼崎,12,準優勝戦,晴,西,4,0,6,5,4635,峰 重 力 也,19,63,6.77,5,0.15,1.56.4,1-2-4,540,1,1-2,210,1,1-2-4,280,1,1-2,180,1,,,,,,,
20260214,常滑,1,朝トコ小判Ｒ,晴,北東,2,1,1,1,3439,大 平 誉史明,28,49,6.85,1,0.18,1.49.8,1-3-4,1210,4,1-3,450,2,1-3-4,620,3,1-3,310,2,,,,,,,
20260214,常滑,1,朝トコ小判Ｒ,晴,北東,2,1,2,3,3444,香 月 大 介,14,32,6.79,3,0.15,1.50.6,1-3-4,1210,4,1-3,450,2,1-3-4,620,3,1-3,310,2,,,,,,,
20260214,常滑,1,朝トコ小判Ｒ,晴,北東,2,1,3,4,4010,越 智 照 浩,6,53,6.87,4,0.20,1.51.9,1-3-4,1210,4,1-3,450,2,1-3-4,620,3,1-3,310,2,,,,,,,
20260214,常滑,1,朝トコ小判Ｒ,晴,北東,2,1,4,6,3523,寳 田 亮 治,33,45,6.84,6,0.21,1.52.8,1-3-4,1210,4,1-3,450,2,1-3-4,620,3,1-3,310,2,,,,,,,
20260214,常滑,1,朝トコ小判Ｒ,晴,北東,2,1,5,2,3637,齋 藤 和 政,1,44,6.81,2,0.16,,1-3-4,1210,4,1-3,450,2,1-3-4,620,3,1-3,310,2,,,,,,,
20260214,常滑,1,朝トコ小判Ｒ,晴,北東,2,1,6,5,4343,村 岡 賢,20,74,6.84,5,0.17,,1-3-4,1210,4,1-3,450,2,1-3-4,620,3,1-3,310,2,,,,,,,
20260214,常滑,2,予選,晴,北,2,1,1,1,3957,大 谷 直 弘,53,67,6.71,1,0.19,1.49.7,1-3-4,2380,9,1-3,560,2,1-3-4,1180,6,1-3,440,2,,,,,,,
20260214,常滑,2,予選,晴,北,2,1,2,3,3392,小 森 信 雄,5,47,6.73,3,0.24,1.51.0,1-3-4,2380,9,1-3,560,2,1-3-4,1180,6,1-3,440,2,,,,,,,
20260214,常滑,2,予選,晴,北,2,1,3,4,4203,小 倉 康 典,59,29,6.78,6,0.12,1.52.4,1-3-4,2380,9,1-3,560,2,1-3-4,1180,6,1-3,440,2,,,,,,,
20260214,常滑,2,予選,晴,北,2,1,4,2,4588,田 中 京 介,48,54,6.81,2,0.16,1.53.5,1-3-4,2380,9,1-3,560,2,1-3-4,1180,6,1-3,440,2,,,,,,,
20260214,常滑,2,予選,晴,北,2,1,5,6,3808,秋 田 健太郎,15,28,6.82,5,0.16,,1-3-4,2380,9,1-3,560,2,1-3-4,1180,6,1-3,440,2,,,,,,,
20260214,常滑,2,予選,晴,北,2,1,6,5,4215,吉 島 祥 之,4,14,6.79,4,0.23,,1-3-4,2380,9,1-3,560,2,1-3-4,1180,6,1-3,440,2,,,,,,,
20260214,常滑,3,予選,晴,北西,3,1,1,1,4209,藤 田 竜 弘,29,73,6.72,1,0.22,1.50.6,1-3-6,5360,19,1-3,670,3,1-3-6,3340,12,1-3,500,3,,,,,,,
20260214,常滑,3,予選,晴,北西,3,1,2,3,3920,正 木 聖 賢,46,16,6.74,3,0.17,1.51.2,1-3-6,5360,19,1-3,670,3,1-3-6,3340,12,1-3,500,3,,,,,,,
20260214,常滑,3,予選,晴,北西,3,1,3,6,5007,近 藤 雄一郎,7,39,6.72,6,0.28,1.52.3,1-3-6,5360,19,1-3,670,3,1-3-6,3340,12,1-3,500,3,,,,,,,
20260214,常滑,3,予選,晴,北西,3,1,4,2,4384,鶴 本 崇 文,44,48,6.82,2,0.23,1.53.8,1-3-6,5360,19,1-3,670,3,1-3-6,3340,12,1-3,500,3,,,,,,,
20260214,常滑,3,予選,晴,北西,3,1,5,5,4526,池 田 雄 祐,13,42,6.75,5,0.19,,1-3-6,5360,19,1-3,670,3,1-3-6,3340,12,1-3,500,3,,,,,,,
20260214,常滑,3,予選,晴,北西,3,1,6,4,5117,冨名腰 桃 奈,60,66,6.72,4,0.21,,1-3-6,5360,19,1-3,670,3,1-3-6,3340,12,1-3,500,3,,,,,,,
20260214,常滑,4,予選,晴,西,2,1,1,2,4017,向 井 美 鈴,54,19,6.74,2,0.24,1.49.0,2-4-6,6990,30,2-4,3440,20,2-4-6,2160,14,2-4,2020,11,,,,,,,
20260214,常滑,4,予選,晴,西,2,1,2,4,4731,間 野 兼 礼,50,26,6.73,4,0.17,1.51.2,2-4-6,6990,30,2-4,3440,20,2-4-6,2160,14,2-4,2020,11,,,,,,,
20260214,常滑,4,予選,晴,西,2,1,3,6,4295,小 坂 尚 哉,30,41,6.71,6,0.15,1.51.5,2-4-6,6990,30,2-4,3440,20,2-4-6,2160,14,2-4,2020,11,,,,,,,
20260214,常滑,4,予選,晴,西,2,1,4,5,3616,中 村 真,35,70,6.69,5,0.16,1.53.0,2-4-6,6990,30,2-4,3440,20,2-4-6,2160,14,2-4,2020,11,,,,,,,
20260214,常滑,4,予選,晴,西,2,1,5,3,3406,中 里 英 夫,39,18,6.74,3,0.23,,2-4-6,6990,30,2-4,3440,20,2-4-6,2160,14,2-4,2020,11,,,,,,,
20260214,常滑,4,予選,晴,西,2,1,6,1,3339,泉 具 巳,23,20,6.74,1,0.30,,2-4-6,6990,30,2-4,3440,20,2-4-6,2160,14,2-4,2020,11,,,,,,,
20260214,常滑,5,予選,晴,北西,2,1,1,1,4979,中 野 夢 斗,31,61,6.72,1,0.16,1.49.2,1-6-2,10720,32,1-6,1960,6,1-2-6,2300,10,1-6,1500,5,,,,,,,
20260214,常滑,5,予選,晴,北西,2,1,2,6,5065,伊久間 陽 優,21,36,6.75,6,0.10,1.49.9,1-6-2,10720,32,1-6,1960,6,1-2-6,2300,10,1-6,1500,5,,,,,,,
20260214,常滑,5,予選,晴,北西,2,1,3,2,5274,城 間 盛 渚,36,31,6.74,2,0.15,1.51.6,1-6-2,10720,32,1-6,1960,6,1-2-6,2300,10,1-6,1500,5,,,,,,,
20260214,常滑,5,予選,晴,北西,2,1,4,3,5163,清 水 愛 海,51,75,6.73,3,0.21,1.51.6,1-6-2,10720,32,1-6,1960,6,1-2-6,2300,10,1-6,1500,5,,,,,,,
20260214,常滑,5,予選,晴,北西,2,1,5,4,4068,幸 田 智 裕,55,72,6.74,4,0.28,,1-6-2,10720,32,1-6,1960,6,1-2-6,2300,10,1-6,1500,5,,,,,,,
20260214,常滑,5,予選,晴,北西,2,1,6,5,4553,坪 口 竜 也,18,63,6.75,5,0.30,,1-6-2,10720,32,1-6,1960,6,1-2-6,2300,10,1-6,1500,5,,,,,,,
20260214,常滑,6,昼トコ小判Ｒ,晴,西,1,1,1,1,4276,鈴 木 勝 博,8,59,6.71,1,0.21,1.48.4,1-3-2,870,3,1-3,240,1,1-2-3,410,2,1-3,150,1,,,,,,,
20260214,常滑,6,昼トコ小判Ｒ,晴,西,1,1,2,3,3556,田 中 信一郎,52,60,6.76,3,0.12,1.50.5,1-3-2,870,3,1-3,240,1,1-2-3,410,2,1-3,150,1,,,,,,,
20260214,常滑,6,昼トコ小判Ｒ,晴,西,1,1,3,2,3392,小 森 信 雄,5,47,6.68,2,0.17,1.51.4,1-3-2,870,3,1-3,240,1,1-2-3,410,2,1-3,150,1,,,,,,,
20260214,常滑,6,昼トコ小判Ｒ,晴,西,1,1,4,4,3444,香 月 大 介,14,32,6.70,4,0.14,1.52.6,1-3-2,870,3,1-3,240,1,1-2-3,410,2,1-3,150,1,,,,,,,
20260214,常滑,6,昼トコ小判Ｒ,晴,西,1,1,5,5,3349,吉 田 一 郎,10,23,6.79,5,0.09,,1-3-2,870,3,1-3,240,1,1-2-3,410,2,1-3,150,1,,,,,,,
20260214,常滑,6,昼トコ小判Ｒ,晴,西,1,1,6,6,5079,大 石 真 央,24,33,6.75,6,0.15,,1-3-2,870,3,1-3,240,1,1-2-3,410,2,1-3,150,1,,,,,,,
20260214,常滑,7,予選,晴,南東,2,1,1,1,4526,池 田 雄 祐,13,42,6.70,1,0.13,1.49.3,1-6-2,12990,32,1-6,2630,8,1-2-6,4180,10,1-6,2100,6,,,,,,,
20260214,常滑,7,予選,晴,南東,2,1,2,6,3748,小 黒 竜 吾,40,51,6.76,6,0.13,1.51.3,1-6-2,12990,32,1-6,2630,8,1-2-6,4180,10,1-6,2100,6,,,,,,,
20260214,常滑,7,予選,晴,南東,2,1,3,2,3808,秋 田 健太郎,15,28,6.84,2,0.17,1.52.8,1-6-2,12990,32,1-6,2630,8,1-2-6,4180,10,1-6,2100,6,,,,,,,
20260214,常滑,7,予選,晴,南東,2,1,4,4,5193,米 丸 乃 絵,32,15,6.77,4,0.15,1.53.3,1-6-2,12990,32,1-6,2630,8,1-2-6,4180,10,1-6,2100,6,,,,,,,
20260214,常滑,7,予選,晴,南東,2,1,5,3,4145,小 澤 学,37,43,6.74,3,0.25,,1-6-2,12990,32,1-6,2630,8,1-2-6,4180,10,1-6,2100,6,,,,,,,
20260214,常滑,7,予選,晴,南東,2,1,6,5,3637,齋 藤 和 政,1,44,6.73,5,0.17,,1-6-2,12990,32,1-6,2630,8,1-2-6,4180,10,1-6,2100,6,,,,,,,
20260214,常滑,8,予選,晴,南東,2,1,1,1,4731,間 野 兼 礼,50,26,6.78,1,0.12,1.49.7,1-4-3,2450,7,1-4,420,2,1-3-4,580,3,1-4,820,4,,,,,,,
20260214,常滑,8,予選,晴,南東,2,1,2,4,3362,間 嶋 仁 志,43,64,6.85,4,0.15,1.51.3,1-4-3,2450,7,1-4,420,2,1-3-4,580,3,1-4,820,4,,,,,,,
20260214,常滑,8,予選,晴,南東,2,1,3,3,3439,大 平 誉史明,28,49,6.80,3,0.17,1.52.5,1-4-3,2450,7,1-4,420,2,1-3-4,580,3,1-4,820,4,,,,,,,
20260214,常滑,8,予選,晴,南東,2,1,4,6,4387,平 山 智 加,58,30,6.72,6,0.05,1.52.9,1-4-3,2450,7,1-4,420,2,1-3-4,580,3,1-4,820,4,,,,,,,
20260214,常滑,8,予選,晴,南東,2,1,5,2,5007,近 藤 雄一郎,7,39,6.74,2,0.14,,1-4-3,2450,7,1-4,420,2,1-3-4,580,3,1-4,820,4,,,,,,,
20260214,常滑,8,予選,晴,南東,2,1,6,5,4203,小 倉 康 典,59,29,6.77,5,0.09,,1-4-3,2450,7,1-4,420,2,1-3-4,580,3,1-4,820,4,,,,,,,
20260214,常滑,9,予選特賞,晴,南,2,1,1,1,3920,正 木 聖 賢,46,16,6.75,1,0.15,1.49.7,1-3-2,1250,3,1-3,400,3,1-2-3,490,2,1-3,330,1,,,,,,,
20260214,常滑,9,予選特賞,晴,南,2,1,2,3,4738,清 埜 翔 子,42,37,6.77,3,0.07,1.51.1,1-3-2,1250,3,1-3,400,3,1-2-3,490,2,1-3,330,1,,,,,,,
20260214,常滑,9,予選特賞,晴,南,2,1,3,2,3523,寳 田 亮 治,33,45,6.79,2,0.20,1.51.4,1-3-2,1250,3,1-3,400,3,1-2-3,490,2,1-3,330,1,,,,,,,
20260214,常滑,9,予選特賞,晴,南,2,1,4,6,3681,山 谷 央,2,38,6.78,6,0.13,1.52.8,1-3-2,1250,3,1-3,400,3,1-2-3,490,2,1-3,330,1,,,,,,,
20260214,常滑,9,予選特賞,晴,南,2,1,5,4,4766,石 井 孝 之,27,46,6.74,4,0.07,,1-3-2,1250,3,1-3,400,3,1-2-3,490,2,1-3,330,1,,,,,,,
20260214,常滑,9,予選特賞,晴,南,2,1,6,5,4588,田 中 京 介,48,54,6.86,5,0.10,,1-3-2,1250,3,1-3,400,3,1-2-3,490,2,1-3,330,1,,,,,,,
20260214,常滑,10,予選特賞,晴,南西,2,1,1,3,4209,藤 田 竜 弘,29,73,6.76,3,0.18,1.50.0,3-1-4,1690,6,3-1,1140,5,1-3-4,230,1,1-3,220,1,,,,,,,
20260214,常滑,10,予選特賞,晴,南西,2,1,2,1,3406,中 里 英 夫,39,18,6.73,1,0.27,1.50.6,3-1-4,1690,6,3-1,1140,5,1-3-4,230,1,1-3,220,1,,,,,,,
20260214,常滑,10,予選特賞,晴,南西,2,1,3,4,4979,中 野 夢 斗,31,61,6.75,4,0.18,1.52.1,3-1-4,1690,6,3-1,1140,5,1-3-4,230,1,1-3,220,1,,,,,,,
20260214,常滑,10,予選特賞,晴,南西,2,1,4,2,4010,越 智 照 浩,6,53,6.76,2,0.23,1.53.8,3-1-4,1690,6,3-1,1140,5,1-3-4,230,1,1-3,220,1,,,,,,,
20260214,常滑,10,予選特賞,晴,南西,2,1,5,5,3518,倉 田 郁 美,57,69,6.75,5,0.21,,3-1-4,1690,6,3-1,1140,5,1-3-4,230,1,1-3,220,1,,,,,,,
20260214,常滑,10,予選特賞,晴,南西,2,1,6,6,4215,吉 島 祥 之,4,14,6.77,6,0.19,,3-1-4,1690,6,3-1,1140,5,1-3-4,230,1,1-3,220,1,,,,,,,
20260214,常滑,11,予選特選,晴,南西,2,1,1,1,4437,中 田 元 泰,17,21,6.77,1,0.08,1.49.3,1-3-2,3920,15,1-3,1430,6,1-2-3,1120,4,1-3,1110,4,,,,,,,
20260214,常滑,11,予選特選,晴,南西,2,1,2,3,5117,冨名腰 桃 奈,60,66,6.72,3,0.02,1.50.4,1-3-2,3920,15,1-3,1430,6,1-2-3,1120,4,1-3,1110,4,,,,,,,
20260214,常滑,11,予選特選,晴,南西,2,1,3,2,3957,大 谷 直 弘,53,67,6.72,2,0.08,1.51.9,1-3-2,3920,15,1-3,1430,6,1-2-3,1120,4,1-3,1110,4,,,,,,,
20260214,常滑,11,予選特選,晴,南西,2,1,4,4,4276,鈴 木 勝 博,8,59,6.70,4,0.12,1.52.0,1-3-2,3920,15,1-3,1430,6,1-2-3,1120,4,1-3,1110,4,,,,,,,
20260214,常滑,11,予選特選,晴,南西,2,1,5,5,3339,泉 具 巳,23,20,6.76,5,0.06,,1-3-2,3920,15,1-3,1430,6,1-2-3,1120,4,1-3,1110,4,,,,,,,
20260214,常滑,11,予選特選,晴,南西,2,1,6,6,4553,坪 口 竜 也,18,63,6.81,6,0.03,,1-3-2,3920,15,1-3,1430,6,1-2-3,1120,4,1-3,1110,4,,,,,,,
20260214,常滑,12,予選ドリーム,晴,南,1,0,1,1,3556,田 中 信一郎,52,60,6.76,1,0.06,1.47.6,1-2-4,690,2,1-2,250,1,1-2-4,400,2,1-2,230,1,,,,,,,
20260214,常滑,12,予選ドリーム,晴,南,1,0,2,2,4295,小 坂 尚 哉,30,41,6.75,2,0.08,1.49.5,1-2-4,690,2,1-2,250,1,1-2-4,400,2,1-2,230,1,,,,,,,
20260214,常滑,12,予選ドリーム,晴,南,1,0,3,4,4387,平 山 智 加,58,30,6.68,4,0.12,1.50.8,1-2-4,690,2,1-2,250,1,1-2-4,400,2,1-2,230,1,,,,,,,
20260214,常滑,12,予選ドリーム,晴,南,1,0,4,5,5193,米 丸 乃 絵,32,15,6.76,5,0.13,1.52.2,1-2-4,690,2,1-2,250,1,1-2-4,400,2,1-2,230,1,,,,,,,
20260214,常滑,12,予選ドリーム,晴,南,1,0,5,6,5163,清 水 愛 海,51,75,6.74,6,0.13,,1-2-4,690,2,1-2,250,1,1-2-4,400,2,1-2,230,1,,,,,,,
20260214,常滑,12,予選ドリーム,晴,南,1,0,6,3,4384,鶴 本 崇 文,44,48,6.83,3,0.14,,1-2-4,690,2,1-2,250,1,1-2-4,400,2,1-2,230,1,,,,,,,
20260214,平和島,1,予選,晴,北,1,3,1,3,4519,清 水 沙 樹,10,56,6.74,2,0.23,1.49.6,3-6-5,10790,45,3-6,4030,16,3-5-6,1140,5,3-6,2960,11,,,,,,,
20260214,平和島,1,予選,晴,北,1,3,2,6,5153,佐 藤 ほのか,14,37,6.80,6,0.12,1.51.7,3-6-5,10790,45,3-6,4030,16,3-5-6,1140,5,3-6,2960,11,,,,,,,
20260214,平和島,1,予選,晴,北,1,3,3,5,5277,井 上 未 都,40,10,6.78,5,0.10,1.53.9,3-6-5,10790,45,3-6,4030,16,3-5-6,1140,5,3-6,2960,11,,,,,,,
20260214,平和島,1,予選,晴,北,1,3,4,4,5334,樫 葉 新 心,28,48,6.72,4,0.18,1.54.8,3-6-5,10790,45,3-6,4030,16,3-5-6,1140,5,3-6,2960,11,,,,,,,
20260214,平和島,1,予選,晴,北,1,3,5,2,5198,奥 村 明日香,20,57,6.77,3,0.25,,3-6-5,10790,45,3-6,4030,16,3-5-6,1140,5,3-6,2960,11,,,,,,,
20260214,平和島,1,予選,晴,北,1,3,6,1,3207,田 村 美 和,17,30,6.75,1,0.27,,3-6-5,10790,45,3-6,4030,16,3-5-6,1140,5,3-6,2960,11,,,,,,,
20260214,平和島,2,予選,晴,北,1,3,1,1,4464,山 下 友 貴,57,62,6.76,1,0.20,1.49.5,1-2-5,3490,11,1-2,680,2,1-2-5,1590,7,1-2,440,2,,,,,,,
20260214,平和島,2,予選,晴,北,1,3,2,2,4414,大 澤 真 菜,29,67,6.73,2,0.07,1.51.5,1-2-5,3490,11,1-2,680,2,1-2-5,1590,7,1-2,440,2,,,,,,,
20260214,平和島,2,予選,晴,北,1,3,3,5,5019,柴 田 百 恵,49,73,6.78,5,0.05,1.53.0,1-2-5,3490,11,1-2,680,2,1-2-5,1590,7,1-2,440,2,,,,,,,
20260214,平和島,2,予選,晴,北,1,3,4,3,4014,片 岡 恵 里,66,51,6.74,3,0.19,1.54.6,1-2-5,3490,11,1-2,680,2,1-2-5,1590,7,1-2,440,2,,,,,,,
20260214,平和島,2,予選,晴,北,1,3,5,4,5365,石 村 日奈那,44,52,6.80,4,0.06,,1-2-5,3490,11,1-2,680,2,1-2-5,1590,7,1-2,440,2,,,,,,,
20260214,平和島,2,予選,晴,北,1,3,6,6,5156,坂 野 さくら,24,49,6.71,6,0.05,,1-2-5,3490,11,1-2,680,2,1-2-5,1590,7,1-2,440,2,,,,,,,
20260214,平和島,3,予選,晴,北,1,3,1,3,4071,古 賀 千 晶,71,40,6.81,3,0.13,1.49.8,3-2-1,7700,29,3-2,2320,10,1-2-3,420,2,2-3,880,5,,,,,,,
20260214,平和島,3,予選,晴,北,1,3,2,2,4373,若 狭 奈美子,19,74,6.81,2,0.12,1.51.2,3-2-1,7700,29,3-2,2320,10,1-2-3,420,2,2-3,880,5,,,,,,,
20260214,平和島,3,予選,晴,北,1,3,3,1,4726,島 田 なぎさ,53,60,6.78,1,0.20,1.53.3,3-2-1,7700,29,3-2,2320,10,1-2-3,420,2,2-3,880,5,,,,,,,
20260214,平和島,3,予選,晴,北,1,3,4,4,4385,鈴 木 祐美子,12,43,6.71,4,0.21,1.55.7,3-2-1,7700,29,3-2,2320,10,1-2-3,420,2,2-3,880,5,,,,,,,
20260214,平和島,3,予選,晴,北,1,3,5,5,4286,平 田 さやか,37,35,6.82,5,0.23,,3-2-1,7700,29,3-2,2320,10,1-2-3,420,2,2-3,880,5,,,,,,,
20260214,平和島,3,予選,晴,北,1,3,6,6,3778,安 達 美 帆,75,63,6.93,6,0.33,,3-2-1,7700,29,3-2,2320,10,1-2-3,420,2,2-3,880,5,,,,,,,
20260214,平和島,4,予選,晴,東,1,3,1,1,3993,永 井 聖 美,73,70,6.80,1,0.09,1.57.1,1-5-6,1350,1,1-5,530,1,1-5-6,480,1,1-5,430,1,,,,,,,
20260214,平和島,4,予選,晴,東,1,3,2,5,3232,山 川 美由紀,27,36,6.82,5,0.10,1.59.7,1-5-6,1350,1,1-5,530,1,1-5-6,480,1,1-5,430,1,,,,,,,
20260214,平和島,4,予選,晴,東,1,3,3,6,3618,海 野 ゆかり,45,69,6.72,6,0.14,2.03.0,1-5-6,1350,1,1-5,530,1,1-5-6,480,1,1-5,430,1,,,,,,,
20260214,平和島,4,予選,晴,東,1,3,4,4,4998,中 村 かなえ,60,50,6.80,4,0.13,2.07.5,1-5-6,1350,1,1-5,530,1,1-5-6,480,1,1-5,430,1,,,,,,,
20260214,平和島,5,東京ベイラン,晴,無風,0,3,1,1,4011,堀之内 紀代子,43,47,6.65,1,0.17,1.48.5,1-4-5,1550,5,1-4,370,1,1-4-5,820,5,1-4,240,1,,,,,,,
20260214,平和島,5,東京ベイラン,晴,無風,0,3,2,4,4349,犬 童 千 秋,34,34,6.64,4,0.16,1.50.7,1-4-5,1550,5,1-4,370,1,1-4-5,820,5,1-4,240,1,,,,,,,
20260214,平和島,5,東京ベイラン,晴,無風,0,3,3,5,4479,矢 野 真梨菜,70,59,6.73,5,0.17,1.52.3,1-4-5,1550,5,1-4,370,1,1-4-5,820,5,1-4,240,1,,,,,,,
20260214,平和島,5,東京ベイラン,晴,無風,0,3,4,3,4680,後 藤 美 翼,68,64,6.77,3,0.26,1.53.6,1-4-5,1550,5,1-4,370,1,1-4-5,820,5,1-4,240,1,,,,,,,
20260214,平和島,5,東京ベイラン,晴,無風,0,3,5,6,4878,西 岡 育 未,59,55,6.72,6,0.18,,1-4-5,1550,5,1-4,370,1,1-4-5,820,5,1-4,240,1,,,,,,,
20260214,平和島,5,東京ベイラン,晴,無風,0,3,6,2,3302,谷 川 里 江,23,65,6.77,2,0.25,,1-4-5,1550,5,1-4,370,1,1-4-5,820,5,1-4,240,1,,,,,,,
20260214,平和島,6,予選,晴,無風,0,3,1,1,3871,池 田 紫 乃,25,39,6.77,1,0.29,1.49.9,1-5-4,9450,33,1-5,3540,11,1-4-5,910,3,1-5,2010,7,,,,,,,
20260214,平和島,6,予選,晴,無風,0,3,2,5,4414,大 澤 真 菜,29,67,6.79,5,0.20,1.51.4,1-5-4,9450,33,1-5,3540,11,1-4-5,910,3,1-5,2010,7,,,,,,,
20260214,平和島,6,予選,晴,無風,0,3,3,4,5277,井 上 未 都,40,10,6.77,4,0.13,1.51.7,1-5-4,9450,33,1-5,3540,11,1-4-5,910,3,1-5,2010,7,,,,,,,
20260214,平和島,6,予選,晴,無風,0,3,4,3,3355,橋谷田 佳 織,55,33,6.78,3,0.28,1.54.6,1-5-4,9450,33,1-5,3540,11,1-4-5,910,3,1-5,2010,7,,,,,,,
20260214,平和島,6,予選,晴,無風,0,3,5,2,4746,大豆生田 蒼,56,53,6.76,2,0.30,,1-5-4,9450,33,1-5,3540,11,1-4-5,910,3,1-5,2010,7,,,,,,,
20260214,平和島,6,予選,晴,無風,0,3,6,6,5151,山 下 奈 緒,63,45,6.79,6,0.26,,1-5-4,9450,33,1-5,3540,11,1-4-5,910,3,1-5,2010,7,,,,,,,
20260214,平和島,7,予選,晴,南,1,3,1,2,4947,間 庭 菜 摘,64,66,6.83,2,0.23,1.49.0,2-6-3,130870,105,2-6,28590,26,2-3-6,13010,19,2-6,11890,15,,,,,,,
20260214,平和島,7,予選,晴,南,1,3,2,6,4484,稲 生 夏 季,36,31,6.87,6,0.21,1.51.7,2-6-3,130870,105,2-6,28590,26,2-3-6,13010,19,2-6,11890,15,,,,,,,
20260214,平和島,7,予選,晴,南,1,3,3,3,4373,若 狭 奈美子,19,74,6.86,3,0.19,1.53.0,2-6-3,130870,105,2-6,28590,26,2-3-6,13010,19,2-6,11890,15,,,,,,,
20260214,平和島,7,予選,晴,南,1,3,4,5,5045,平 川 香 織,41,32,6.79,5,0.15,1.54.5,2-6-3,130870,105,2-6,28590,26,2-3-6,13010,19,2-6,11890,15,,,,,,,
20260214,平和島,7,予選,晴,南,1,3,5,4,4289,落 合 直 子,58,12,6.89,4,0.16,,2-6-3,130870,105,2-6,28590,26,2-3-6,13010,19,2-6,11890,15,,,,,,,
20260214,平和島,7,予選,晴,南,1,3,6,1,4569,中 澤 宏 奈,22,75,6.71,1,0.33,,2-6-3,130870,105,2-6,28590,26,2-3-6,13010,19,2-6,11890,15,,,,,,,
20260214,平和島,8,ベイブレイク,曇り,無風,0,3,1,3,4464,山 下 友 貴,57,62,6.76,3,0.09,1.49.0,3-1-4,3260,10,3-1,1580,6,1-3-4,240,1,1-3,300,2,,,,,,,
20260214,平和島,8,ベイブレイク,曇り,無風,0,3,2,1,4627,藤 原 菜 希,54,61,6.77,1,0.15,1.50.3,3-1-4,3260,10,3-1,1580,6,1-3-4,240,1,1-3,300,2,,,,,,,
20260214,平和島,8,ベイブレイク,曇り,無風,0,3,3,4,3435,寺 田 千 恵,61,72,6.80,4,0.05,1.52.0,3-1-4,3260,10,3-1,1580,6,1-3-4,240,1,1-3,300,2,,,,,,,
20260214,平和島,8,ベイブレイク,曇り,無風,0,3,4,5,4071,古 賀 千 晶,71,40,6.79,5,0.08,1.54.3,3-1-4,3260,10,3-1,1580,6,1-3-4,240,1,1-3,300,2,,,,,,,
20260214,平和島,8,ベイブレイク,曇り,無風,0,3,5,2,5153,佐 藤 ほのか,14,37,6.82,2,0.12,,3-1-4,3260,10,3-1,1580,6,1-3-4,240,1,1-3,300,2,,,,,,,
20260214,平和島,8,ベイブレイク,曇り,無風,0,3,6,6,5436,市 川 瑚 幸,33,44,6.75,6,0.15,,3-1-4,3260,10,3-1,1580,6,1-3-4,240,1,1-3,300,2,,,,,,,
20260214,平和島,9,予選,曇り,東,1,3,1,4,4372,原 田 佑 実,72,71,6.78,4,0.11,1.49.4,4-5-6,11670,49,4-5,3210,15,4-5-6,4380,18,4-5,2240,10,,,,,,,
20260214,平和島,9,予選,曇り,東,1,3,2,5,5156,坂 野 さくら,24,49,6.78,5,0.11,1.51.0,4-5-6,11670,49,4-5,3210,15,4-5-6,4380,18,4-5,2240,10,,,,,,,
20260214,平和島,9,予選,曇り,東,1,3,3,6,4984,森 下 愛 梨,47,11,6.86,6,0.11,1.52.4,4-5-6,11670,49,4-5,3210,15,4-5-6,4380,18,4-5,2240,10,,,,,,,
20260214,平和島,9,予選,曇り,東,1,3,4,2,4878,西 岡 育 未,59,55,6.77,2,0.16,1.53.3,4-5-6,11670,49,4-5,3210,15,4-5-6,4380,18,4-5,2240,10,,,,,,,
20260214,平和島,9,予選,曇り,東,1,3,5,1,4283,石 井 裕 美,65,54,6.75,1,0.07,,4-5-6,11670,49,4-5,3210,15,4-5-6,4380,18,4-5,2240,10,,,,,,,
20260214,平和島,9,予選,曇り,東,1,3,6,3,3618,海 野 ゆかり,45,69,6.76,3,0.10,,4-5-6,11670,49,4-5,3210,15,4-5-6,4380,18,4-5,2240,10,,,,,,,
20260214,平和島,10,予選特賞,曇り,南,3,3,1,1,4014,片 岡 恵 里,66,51,6.75,1,0.15,1.49.8,1-3-4,8700,40,1-3,2140,9,1-3-4,2290,10,1-3,1690,9,,,,,,,
20260214,平和島,10,予選特賞,曇り,南,3,3,2,3,3778,安 達 美 帆,75,63,6.90,3,0.16,1.52.1,1-3-4,8700,40,1-3,2140,9,1-3-4,2290,10,1-3,1690,9,,,,,,,
20260214,平和島,10,予選特賞,曇り,南,3,3,3,4,4519,清 水 沙 樹,10,56,6.75,4,0.14,1.53.8,1-3-4,8700,40,1-3,2140,9,1-3-4,2290,10,1-3,1690,9,,,,,,,
20260214,平和島,10,予選特賞,曇り,南,3,3,4,5,4349,犬 童 千 秋,34,34,6.74,5,0.21,1.54.2,1-3-4,8700,40,1-3,2140,9,1-3-4,2290,10,1-3,1690,9,,,,,,,
20260214,平和島,10,予選特賞,曇り,南,3,3,5,2,4117,廣 中 智紗衣,62,38,6.72,2,0.16,,1-3-4,8700,40,1-3,2140,9,1-3-4,2290,10,1-3,1690,9,,,,,,,
20260214,平和島,10,予選特賞,曇り,南,3,3,6,6,4746,大豆生田 蒼,56,53,6.78,6,0.20,,1-3-4,8700,40,1-3,2140,9,1-3-4,2290,10,1-3,1690,9,,,,,,,
20260214,平和島,11,予選特選,曇り,南,3,3,1,1,5019,柴 田 百 恵,49,73,6.80,1,0.10,1.50.0,1-4-3,2000,5,1-4,700,3,1-3-4,530,2,1-4,670,3,,,,,,,
20260214,平和島,11,予選特選,曇り,南,3,3,2,4,4680,後 藤 美 翼,68,64,6.85,4,0.11,1.51.0,1-4-3,2000,5,1-4,700,3,1-3-4,530,2,1-4,670,3,,,,,,,
20260214,平和島,11,予選特選,曇り,南,3,3,3,3,3993,永 井 聖 美,73,70,6.89,3,0.08,1.52.7,1-4-3,2000,5,1-4,700,3,1-3-4,530,2,1-4,670,3,,,,,,,
20260214,平和島,11,予選特選,曇り,南,3,3,4,6,5198,奥 村 明日香,20,57,6.86,6,0.14,1.53.2,1-4-3,2000,5,1-4,700,3,1-3-4,530,2,1-4,670,3,,,,,,,
20260214,平和島,11,予選特選,曇り,南,3,3,5,2,4289,落 合 直 子,58,12,6.85,2,0.14,,1-4-3,2000,5,1-4,700,3,1-3-4,530,2,1-4,670,3,,,,,,,
20260214,平和島,11,予選特選,曇り,南,3,3,6,5,4726,島 田 なぎさ,53,60,6.92,5,0.09,,1-4-3,2000,5,1-4,700,3,1-3-4,530,2,1-4,670,3,,,,,,,
20260214,平和島,12,記者選抜,曇り,南,2,3,1,1,3435,寺 田 千 恵,61,72,6.72,1,0.18,1.49.3,1-2-4,1000,2,1-2,420,2,1-2-4,370,2,1-2,390,3,,,,,,,
20260214,平和島,12,記者選抜,曇り,南,2,3,2,2,4286,平 田 さやか,37,35,6.77,2,0.22,1.51.3,1-2-4,1000,2,1-2,420,2,1-2-4,370,2,1-2,390,3,,,,,,,
20260214,平和島,12,記者選抜,曇り,南,2,3,3,4,5045,平 川 香 織,41,32,6.85,4,0.32,1.52.1,1-2-4,1000,2,1-2,420,2,1-2-4,370,2,1-2,390,3,,,,,,,
20260214,平和島,12,記者選抜,曇り,南,2,3,4,5,5151,山 下 奈 緒,63,45,6.86,5,0.41,1.52.3,1-2-4,1000,2,1-2,420,2,1-2-4,370,2,1-2,390,3,,,,,,,
20260214,平和島,12,記者選抜,曇り,南,2,3,5,3,3232,山 川 美由紀,27,36,6.86,3,0.20,,1-2-4,1000,2,1-2,420,2,1-2-4,370,2,1-2,390,3,,,,,,,
20260214,平和島,12,記者選抜,曇り,南,2,3,6,6,4479,矢 野 真梨菜,70,59,6.92,6,0.51,,1-2-4,1000,2,1-2,420,2,1-2-4,370,2,1-2,390,3,,,,,,,
20260214,徳山,1,朝トク予選,晴,北東,1,1,1,1,4233,亀 山 雅 幸,38,38,6.82,1,0.02,1.50.5,1-3-5,660,4,1-3,300,2,1-3-5,290,3,1-3,300,3,,,,,,,
20260214,徳山,1,朝トク予選,晴,北東,1,1,2,3,5258,仲 本 舜,35,49,6.92,3,0.05,1.51.1,1-3-5,660,4,1-3,300,2,1-3-5,290,3,1-3,300,3,,,,,,,
20260214,徳山,1,朝トク予選,晴,北東,1,1,3,5,4007,榮 田 将 彦,73,54,6.88,5,0.02,1.53.7,1-3-5,660,4,1-3,300,2,1-3-5,290,3,1-3,300,3,,,,,,,
20260214,徳山,1,朝トク予選,晴,北東,1,1,4,2,3268,森 竜 也,42,24,6.93,2,0.09,1.55.8,1-3-5,660,4,1-3,300,2,1-3-5,290,3,1-3,300,3,,,,,,,
20260214,徳山,1,朝トク予選,晴,北東,1,1,5,6,5421,原 田 朱 理,11,55,6.91,6,0.05,,1-3-5,660,4,1-3,300,2,1-3-5,290,3,1-3,300,3,,,,,,,
20260214,徳山,2,狙いトク特選,晴,東,1,1,1,1,4133,高 橋 正 男,45,57,6.91,1,0.19,1.49.9,1-2-3,920,1,1-2,360,1,1-2-3,390,1,1-2,330,2,,,,,,,
20260214,徳山,2,狙いトク特選,晴,東,1,1,2,2,3717,立 間 充 宏,40,42,6.84,2,0.23,1.50.8,1-2-3,920,1,1-2,360,1,1-2-3,390,1,1-2,330,2,,,,,,,
20260214,徳山,2,狙いトク特選,晴,東,1,1,3,3,4357,田 中 和 也,49,60,6.89,3,0.21,1.52.8,1-2-3,920,1,1-2,360,1,1-2-3,390,1,1-2,330,2,,,,,,,
20260214,徳山,2,狙いトク特選,晴,東,1,1,4,5,5134,大 原 祥 昌,44,11,6.86,6,0.08,1.53.5,1-2-3,920,1,1-2,360,1,1-2-3,390,1,1-2,330,2,,,,,,,
20260214,徳山,2,狙いトク特選,晴,東,1,1,5,4,3984,坂 口 周,33,27,6.88,4,0.22,,1-2-3,920,1,1-2,360,1,1-2-3,390,1,1-2,330,2,,,,,,,
20260214,徳山,2,狙いトク特選,晴,東,1,1,6,6,3988,古 川 誠 之,19,39,6.89,5,0.09,,1-2-3,920,1,1-2,360,1,1-2-3,390,1,1-2,330,2,,,,,,,
20260214,徳山,3,決めトク予選,晴,北東,1,1,1,1,3912,川 原 正 明,30,71,6.87,1,0.21,1.50.2,1-3-2,780,2,1-3,270,1,1-2-3,310,1,1-3,190,1,,,,,,,
20260214,徳山,3,決めトク予選,晴,北東,1,1,2,3,4424,松 尾 昂 明,36,51,6.75,3,0.26,1.52.4,1-3-2,780,2,1-3,270,1,1-2-3,310,1,1-3,190,1,,,,,,,
20260214,徳山,3,決めトク予選,晴,北東,1,1,3,2,3319,山 崎 義 明,27,65,6.94,2,0.21,1.53.0,1-3-2,780,2,1-3,270,1,1-2-3,310,1,1-3,190,1,,,,,,,
20260214,徳山,3,決めトク予選,晴,北東,1,1,4,4,4047,吉 永 浩 則,23,44,6.97,4,0.27,1.55.0,1-3-2,780,2,1-3,270,1,1-2-3,310,1,1-3,190,1,,,,,,,
20260214,徳山,3,決めトク予選,晴,北東,1,1,5,6,5074,大 澤 誠 也,50,32,6.91,6,0.23,,1-3-2,780,2,1-3,270,1,1-2-3,310,1,1-3,190,1,,,,,,,
20260214,徳山,3,決めトク予選,晴,北東,1,1,6,5,4679,植 田 太 一,18,67,6.84,5,0.21,,1-3-2,780,2,1-3,270,1,1-2-3,310,1,1-3,190,1,,,,,,,
20260214,徳山,4,ガチトク予選,晴,南西,1,1,1,1,3499,市 川 哲 也,21,66,6.93,1,0.21,1.50.5,1-6-4,4240,15,1-6,970,4,1-4-6,1220,5,1-6,630,3,,,,,,,
20260214,徳山,4,ガチトク予選,晴,南西,1,1,2,6,5090,生 方 靖 亜,14,56,6.84,5,0.15,1.52.2,1-6-4,4240,15,1-6,970,4,1-4-6,1220,5,1-6,630,3,,,,,,,
20260214,徳山,4,ガチトク予選,晴,南西,1,1,3,4,4981,牧 山 敦 也,16,47,6.95,4,0.19,1.53.6,1-6-4,4240,15,1-6,970,4,1-4-6,1220,5,1-6,630,3,,,,,,,
20260214,徳山,4,ガチトク予選,晴,南西,1,1,4,2,3961,谷 村 一 哉,24,61,6.95,2,0.19,1.54.7,1-6-4,4240,15,1-6,970,4,1-4-6,1220,5,1-6,630,3,,,,,,,
20260214,徳山,4,ガチトク予選,晴,南西,1,1,5,3,3761,山 本 光 雄,46,58,6.98,3,0.32,,1-6-4,4240,15,1-6,970,4,1-4-6,1220,5,1-6,630,3,,,,,,,
20260214,徳山,4,ガチトク予選,晴,南西,1,1,6,5,5431,得 山 大 輝,47,21,6.92,6,0.12,,1-6-4,4240,15,1-6,970,4,1-4-6,1220,5,1-6,630,3,,,,,,,
20260214,徳山,5,買っトク特賞,晴,南西,1,1,1,3,5238,笹 木 香 吾,26,43,6.89,3,0.08,1.50.6,3-6-5,5700,21,3-6,1900,9,3-5-6,1010,6,3-6,2040,8,,,,,,,
20260214,徳山,5,買っトク特賞,晴,南西,1,1,2,6,3412,鈴 木 博,20,20,6.93,6,0.22,1.51.7,3-6-5,5700,21,3-6,1900,9,3-5-6,1010,6,3-6,2040,8,,,,,,,
20260214,徳山,5,買っトク特賞,晴,南西,1,1,3,5,4771,下 寺 秀 和,22,22,6.91,5,0.19,1.53.3,3-6-5,5700,21,3-6,1900,9,3-5-6,1010,6,3-6,2040,8,,,,,,,
20260214,徳山,5,買っトク特賞,晴,南西,1,1,4,2,5086,本 村 大,12,48,6.87,2,0.22,1.55.0,3-6-5,5700,21,3-6,1900,9,3-5-6,1010,6,3-6,2040,8,,,,,,,
20260214,徳山,5,買っトク特賞,晴,南西,1,1,5,4,5343,小 林 礼 央,34,34,6.95,4,0.21,,3-6-5,5700,21,3-6,1900,9,3-5-6,1010,6,3-6,2040,8,,,,,,,
20260214,徳山,5,買っトク特賞,晴,南西,1,1,6,1,4875,大 塚 康 雅,48,17,6.89,1,0.05,,3-6-5,5700,21,3-6,1900,9,3-5-6,1010,6,3-6,2040,8,,,,,,,
20260214,徳山,6,予選,晴,南西,1,1,1,2,4012,中 村 有 裕,74,74,6.89,2,0.08,1.51.0,2-4-3,4710,18,2-4,2130,11,2-3-4,900,6,2-4,870,4,,,,,,,
20260214,徳山,6,予選,晴,南西,1,1,2,4,5134,大 原 祥 昌,44,11,6.87,6,0.04,1.51.8,2-4-3,4710,18,2-4,2130,11,2-3-4,900,6,2-4,870,4,,,,,,,
20260214,徳山,6,予選,晴,南西,1,1,3,3,3833,中 辻 博 訓,32,46,6.94,3,0.02,1.53.0,2-4-3,4710,18,2-4,2130,11,2-3-4,900,6,2-4,870,4,,,,,,,
20260214,徳山,6,予選,晴,南西,1,1,4,5,4441,末 永 由 楽,13,31,6.90,4,0.05,1.54.2,2-4-3,4710,18,2-4,2130,11,2-3-4,900,6,2-4,870,4,,,,,,,
20260214,徳山,6,予選,晴,南西,1,1,5,6,3268,森 竜 也,42,24,6.93,5,0.08,,2-4-3,4710,18,2-4,2130,11,2-3-4,900,6,2-4,870,4,,,,,,,
20260214,徳山,6,予選,晴,南西,1,1,6,1,4022,待 鳥 雄 紀,28,35,6.90,1,0.15,,2-4-3,4710,18,2-4,2130,11,2-3-4,900,6,2-4,870,4,,,,,,,
20260214,徳山,7,予選,晴,南,2,2,1,2,3984,坂 口 周,33,27,6.87,2,0.17,1.51.2,2-1-3,920,1,2-1,440,1,1-2-3,430,3,1-2,290,1,,,,,,,
20260214,徳山,7,予選,晴,南,2,2,2,1,3448,高 山 秀 雄,39,73,6.97,1,0.21,1.52.2,2-1-3,920,1,2-1,440,1,1-2-3,430,3,1-2,290,1,,,,,,,
20260214,徳山,7,予選,晴,南,2,2,3,3,5214,田 中 宏 典,17,29,6.93,3,0.19,1.53.5,2-1-3,920,1,2-1,440,1,1-2-3,430,3,1-2,290,1,,,,,,,
20260214,徳山,7,予選,晴,南,2,2,4,4,3539,金 子 順 一,71,25,6.92,4,0.27,1.54.6,2-1-3,920,1,2-1,440,1,1-2-3,430,3,1-2,290,1,,,,,,,
20260214,徳山,7,予選,晴,南,2,2,5,6,4679,植 田 太 一,18,67,6.86,5,0.23,,2-1-3,920,1,2-1,440,1,1-2-3,430,3,1-2,290,1,,,,,,,
20260214,徳山,7,予選,晴,南,2,2,6,5,5421,原 田 朱 理,11,55,6.95,6,0.27,,2-1-3,920,1,2-1,440,1,1-2-3,430,3,1-2,290,1,,,,,,,
20260214,徳山,8,予選,曇り,南西,1,1,1,2,4537,渡 邉 和 将,75,30,6.87,2,0.10,1.50.3,2-1-6,1080,4,2-1,460,2,1-2-6,350,2,1-2,160,1,,,,,,,
20260214,徳山,8,予選,曇り,南西,1,1,2,1,4880,澤 崎 雄 哉,15,50,6.87,1,0.12,1.51.7,2-1-6,1080,4,2-1,460,2,1-2-6,350,2,1-2,160,1,,,,,,,
20260214,徳山,8,予選,曇り,南西,1,1,3,6,3961,谷 村 一 哉,24,61,6.95,6,0.18,1.53.4,2-1-6,1080,4,2-1,460,2,1-2-6,350,2,1-2,160,1,,,,,,,
20260214,徳山,8,予選,曇り,南西,1,1,4,5,4047,吉 永 浩 則,23,44,6.94,5,0.16,1.54.8,2-1-6,1080,4,2-1,460,2,1-2-6,350,2,1-2,160,1,,,,,,,
20260214,徳山,8,予選,曇り,南西,1,1,5,3,3988,古 川 誠 之,19,39,6.94,3,0.16,,2-1-6,1080,4,2-1,460,2,1-2-6,350,2,1-2,160,1,,,,,,,
20260214,徳山,8,予選,曇り,南西,1,1,6,4,5396,近 藤 来 希,41,53,6.95,4,0.21,,2-1-6,1080,4,2-1,460,2,1-2-6,350,2,1-2,160,1,,,,,,,
20260214,徳山,9,狙いトク特賞,曇り,南,2,2,1,1,5238,笹 木 香 吾,26,43,6.90,1,0.14,1.50.3,1-5-2,2370,12,1-5,360,3,1-2-5,810,6,1-5,420,2,,,,,,,
20260214,徳山,9,狙いトク特賞,曇り,南,2,2,2,5,4424,松 尾 昂 明,36,51,6.84,4,0.11,1.51.8,1-5-2,2370,12,1-5,360,3,1-2-5,810,6,1-5,420,2,,,,,,,
20260214,徳山,9,狙いトク特賞,曇り,南,2,2,3,2,3589,西 村 勝,31,16,6.94,2,0.12,1.52.9,1-5-2,2370,12,1-5,360,3,1-2-5,810,6,1-5,420,2,,,,,,,
20260214,徳山,9,狙いトク特賞,曇り,南,2,2,4,3,4007,榮 田 将 彦,73,54,6.90,3,0.09,1.54.2,1-5-2,2370,12,1-5,360,3,1-2-5,810,6,1-5,420,2,,,,,,,
20260214,徳山,9,狙いトク特賞,曇り,南,2,2,5,6,4357,田 中 和 也,49,60,6.93,5,0.16,,1-5-2,2370,12,1-5,360,3,1-2-5,810,6,1-5,420,2,,,,,,,
20260214,徳山,9,狙いトク特賞,曇り,南,2,2,6,4,5431,得 山 大 輝,47,21,6.91,6,0.16,,1-5-2,2370,12,1-5,360,3,1-2-5,810,6,1-5,420,2,,,,,,,
20260214,徳山,10,予選,晴,南,2,2,1,4,3412,鈴 木 博,20,20,6.91,4,0.14,1.50.0,4-3-5,16220,65,4-3,4380,20,3-4-5,2500,12,3-4,2890,11,,,,,,,
20260214,徳山,10,予選,晴,南,2,2,2,3,4669,井 上 茂,72,33,6.92,3,0.14,1.50.8,4-3-5,16220,65,4-3,4380,20,3-4-5,2500,12,3-4,2890,11,,,,,,,
20260214,徳山,10,予選,晴,南,2,2,3,5,3833,中 辻 博 訓,32,46,6.95,5,0.14,1.53.3,4-3-5,16220,65,4-3,4380,20,3-4-5,2500,12,3-4,2890,11,,,,,,,
20260214,徳山,10,予選,晴,南,2,2,4,6,3717,立 間 充 宏,40,42,6.91,6,0.25,1.53.4,4-3-5,16220,65,4-3,4380,20,3-4-5,2500,12,3-4,2890,11,,,,,,,
20260214,徳山,10,予選,晴,南,2,2,5,2,3912,川 原 正 明,30,71,6.90,2,0.15,,4-3-5,16220,65,4-3,4380,20,3-4-5,2500,12,3-4,2890,11,,,,,,,
20260214,徳山,10,予選,晴,南,2,2,6,1,4981,牧 山 敦 也,16,47,7.01,1,0.22,,4-3-5,16220,65,4-3,4380,20,3-4-5,2500,12,3-4,2890,11,,,,,,,
20260214,徳山,11,予選,晴,南,1,1,1,2,4441,末 永 由 楽,13,31,6.90,2,0.16,1.50.0,2-4-1,1930,6,2-4,610,3,1-2-4,280,1,2-4,720,3,,,,,,,
20260214,徳山,11,予選,晴,南,1,1,2,4,4133,高 橋 正 男,45,57,6.93,4,0.23,1.51.5,2-4-1,1930,6,2-4,610,3,1-2-4,280,1,2-4,720,3,,,,,,,
20260214,徳山,11,予選,晴,南,1,1,3,1,3843,上 之 晃 弘,43,28,6.94,1,0.14,1.53.1,2-4-1,1930,6,2-4,610,3,1-2-4,280,1,2-4,720,3,,,,,,,
20260214,徳山,11,予選,晴,南,1,1,4,3,5074,大 澤 誠 也,50,32,6.90,3,0.18,1.53.4,2-4-1,1930,6,2-4,610,3,1-2-4,280,1,2-4,720,3,,,,,,,
20260214,徳山,11,予選,晴,南,1,1,5,6,3761,山 本 光 雄,46,58,6.99,6,0.19,,2-4-1,1930,6,2-4,610,3,1-2-4,280,1,2-4,720,3,,,,,,,
20260214,徳山,11,予選,晴,南,1,1,6,5,4875,大 塚 康 雅,48,17,6.98,5,0.19,,2-4-1,1930,6,2-4,610,3,1-2-4,280,1,2-4,720,3,,,,,,,
20260214,徳山,12,すなっち特選,晴,南西,1,1,1,1,4771,下 寺 秀 和,22,22,6.89,1,0.04,1.50.5,1-2-4,3800,11,1-2,430,2,1-2-4,1660,6,1-2,330,2,,,,,,,
20260214,徳山,12,すなっち特選,晴,南西,1,1,2,2,4233,亀 山 雅 幸,38,38,6.90,2,0.14,1.51.9,1-2-4,3800,11,1-2,430,2,1-2-4,1660,6,1-2,330,2,,,,,,,
20260214,徳山,12,すなっち特選,晴,南西,1,1,3,4,5214,田 中 宏 典,17,29,6.92,5,0.08,1.53.1,1-2-4,3800,11,1-2,430,2,1-2-4,1660,6,1-2,330,2,,,,,,,
20260214,徳山,12,すなっち特選,晴,南西,1,1,4,3,4537,渡 邉 和 将,75,30,6.88,3,0.05,1.53.5,1-2-4,3800,11,1-2,430,2,1-2-4,1660,6,1-2,330,2,,,,,,,
20260214,徳山,12,すなっち特選,晴,南西,1,1,5,5,5090,生 方 靖 亜,14,56,6.91,6,0.17,,1-2-4,3800,11,1-2,430,2,1-2-4,1660,6,1-2,330,2,,,,,,,
20260214,徳山,12,すなっち特選,晴,南西,1,1,6,6,4012,中 村 有 裕,74,74,6.89,4,0.08,,1-2-4,3800,11,1-2,430,2,1-2-4,1660,6,1-2,330,2,,,,,,,
20260214,桐生,1,予選,曇り,東,3,2,1,4,5125,高 井 雄 基,15,14,6.81,4,0.23,1.49.3,4-3-1,3520,14,4-3,1180,6,1-3-4,370,1,3-4,520,3,,,,,,,
20260214,桐生,1,予選,曇り,東,3,2,2,3,5133,堀 越 雄 貴,69,41,6.80,3,0.30,1.50.6,4-3-1,3520,14,4-3,1180,6,1-3-4,370,1,3-4,520,3,,,,,,,
20260214,桐生,1,予選,曇り,東,3,2,3,1,3807,岡 部 哲,66,32,6.76,1,0.21,1.52.9,4-3-1,3520,14,4-3,1180,6,1-3-4,370,1,3-4,520,3,,,,,,,
20260214,桐生,1,予選,曇り,東,3,2,4,5,4204,柴 田 大 輔,63,71,6.71,5,0.29,1.53.8,4-3-1,3520,14,4-3,1180,6,1-3-4,370,1,3-4,520,3,,,,,,,
20260214,桐生,1,予選,曇り,東,3,2,5,6,5430,鳥 本 智 史,35,53,6.79,6,0.24,1.55.0,4-3-1,3520,14,4-3,1180,6,1-3-4,370,1,3-4,520,3,,,,,,,
20260214,桐生,1,予選,曇り,東,3,2,6,2,3652,森 下 勇,42,12,6.87,2,0.25,1.56.3,4-3-1,3520,14,4-3,1180,6,1-3-4,370,1,3-4,520,3,,,,,,,
20260214,桐生,2,予選,曇り,東,3,2,1,3,3641,一 瀬 明,12,55,6.79,3,0.23,1.49.4,3-5-1,1800,5,3-5,830,3,1-3-5,330,1,3-5,580,2,,,,,,,
20260214,桐生,2,予選,曇り,東,3,2,2,5,3811,石 田 章 央,51,18,6.64,5,0.14,1.51.0,3-5-1,1800,5,3-5,830,3,1-3-5,330,1,3-5,580,2,,,,,,,
20260214,桐生,2,予選,曇り,東,3,2,3,1,3892,草 場 康 幸,25,16,6.75,1,0.29,1.52.7,3-5-1,1800,5,3-5,830,3,1-3-5,330,1,3-5,580,2,,,,,,,
20260214,桐生,2,予選,曇り,東,3,2,4,6,4332,村 上 彰 一,49,34,6.65,6,0.23,1.53.1,3-5-1,1800,5,3-5,830,3,1-3-5,330,1,3-5,580,2,,,,,,,
20260214,桐生,2,予選,曇り,東,3,2,5,2,4491,田 中 堅,47,40,6.69,2,0.25,1.54.7,3-5-1,1800,5,3-5,830,3,1-3-5,330,1,3-5,580,2,,,,,,,
20260214,桐生,2,予選,曇り,東,3,2,6,4,3891,谷 口 健 一,19,57,6.72,4,0.18,1.55.4,3-5-1,1800,5,3-5,830,3,1-3-5,330,1,3-5,580,2,,,,,,,
20260214,桐生,3,予選,曇り,東,3,2,1,1,3642,大 塚 浩 二,56,30,6.82,1,0.20,1.49.3,1-4-3,4850,19,1-4,1870,10,1-3-4,460,2,1-4,1220,6,,,,,,,
20260214,桐生,3,予選,曇り,東,3,2,2,4,4545,岡 村 慶 太,37,45,6.76,4,0.14,1.50.0,1-4-3,4850,19,1-4,1870,10,1-3-4,460,2,1-4,1220,6,,,,,,,
20260214,桐生,3,予選,曇り,東,3,2,3,3,5141,大 澤 風 葵,74,15,6.64,3,0.18,1.52.0,1-4-3,4850,19,1-4,1870,10,1-3-4,460,2,1-4,1220,6,,,,,,,
20260214,桐生,3,予選,曇り,東,3,2,4,5,5023,久 永 祥 平,29,65,6.67,6,0.26,1.53.0,1-4-3,4850,19,1-4,1870,10,1-3-4,460,2,1-4,1220,6,,,,,,,
20260214,桐生,3,予選,曇り,東,3,2,5,2,5124,上 瀧 絢 也,21,27,6.63,2,0.19,1.54.6,1-4-3,4850,19,1-4,1870,10,1-3-4,460,2,1-4,1220,6,,,,,,,
20260214,桐生,3,予選,曇り,東,3,2,6,6,4711,前 出 達 吉,44,51,6.75,5,0.20,1.55.3,1-4-3,4850,19,1-4,1870,10,1-3-4,460,2,1-4,1220,6,,,,,,,
20260214,桐生,4,予選,曇り,東,1,1,1,4,4737,竹 井 貴 史,64,29,6.83,4,0.11,1.48.2,4-6-1,3900,14,4-6,910,3,1-4-6,1080,6,4-6,610,2,,,,,,,
20260214,桐生,4,予選,曇り,東,1,1,2,6,3997,北 村 征 嗣,17,38,6.69,5,0.10,1.50.1,4-6-1,3900,14,4-6,910,3,1-4-6,1080,6,4-6,610,2,,,,,,,
20260214,桐生,4,予選,曇り,東,1,1,3,1,4169,多 田 有 佑,68,72,6.86,1,0.25,1.51.6,4-6-1,3900,14,4-6,910,3,1-4-6,1080,6,4-6,610,2,,,,,,,
20260214,桐生,4,予選,曇り,東,1,1,4,2,4735,角 山 雄 哉,67,63,6.71,2,0.10,1.52.3,4-6-1,3900,14,4-6,910,3,1-4-6,1080,6,4-6,610,2,,,,,,,
20260214,桐生,4,予選,曇り,東,1,1,5,5,5130,上 野 拓 馬,36,73,6.81,6,0.13,1.53.2,4-6-1,3900,14,4-6,910,3,1-4-6,1080,6,4-6,610,2,,,,,,,
20260214,桐生,4,予選,曇り,東,1,1,6,3,5038,金 田 智 博,65,47,6.71,3,0.13,1.55.3,4-6-1,3900,14,4-6,910,3,1-4-6,1080,6,4-6,610,2,,,,,,,
20260214,桐生,5,予選,曇り,北東,1,1,1,2,4427,秦 英 悟,46,36,6.66,2,0.19,1.49.1,2-5-4,1390,3,2-5,510,1,2-4-5,460,1,2-5,320,2,,,,,,,
20260214,桐生,5,予選,曇り,北東,1,1,2,5,4156,浜 野 孝 志,32,60,6.69,5,0.19,1.50.7,2-5-4,1390,3,2-5,510,1,2-4-5,460,1,2-5,320,2,,,,,,,
20260214,桐生,5,予選,曇り,北東,1,1,3,4,3497,後 藤 浩,24,48,6.61,4,0.17,1.52.6,2-5-4,1390,3,2-5,510,1,2-4-5,460,1,2-5,320,2,,,,,,,
20260214,桐生,5,予選,曇り,北東,1,1,4,3,5318,河 内 一 馬,54,13,6.58,3,0.16,1.54.3,2-5-4,1390,3,2-5,510,1,2-4-5,460,1,2-5,320,2,,,,,,,
20260214,桐生,5,予選,曇り,北東,1,1,5,6,4314,青 木 幸太郎,39,21,6.78,6,0.26,1.55.3,2-5-4,1390,3,2-5,510,1,2-4-5,460,1,2-5,320,2,,,,,,,
20260214,桐生,5,予選,曇り,北東,1,1,6,1,4106,坂 井 康 嗣,18,11,6.70,1,0.18,2.00.7,2-5-4,1390,3,2-5,510,1,2-4-5,460,1,2-5,320,2,,,,,,,
20260214,桐生,6,ドラドキ目玉,曇り,北西,1,1,1,1,4025,山 本 隆 幸,72,39,6.70,1,0.21,1.49.1,1-3-6,4790,14,1-3,280,1,1-3-6,2710,8,1-3,180,1,,,,,,,
20260214,桐生,6,ドラドキ目玉,曇り,北西,1,1,2,3,3853,岩 崎 正 哉,43,25,6.86,3,0.19,1.50.6,1-3-6,4790,14,1-3,280,1,1-3-6,2710,8,1-3,180,1,,,,,,,
20260214,桐生,6,ドラドキ目玉,曇り,北西,1,1,3,6,5427,港 理 樹,70,46,6.70,6,0.10,1.50.8,1-3-6,4790,14,1-3,280,1,1-3-6,2710,8,1-3,180,1,,,,,,,
20260214,桐生,6,ドラドキ目玉,曇り,北西,1,1,4,4,4491,田 中 堅,47,40,6.74,4,0.20,1.52.6,1-3-6,4790,14,1-3,280,1,1-3-6,2710,8,1-3,180,1,,,,,,,
20260214,桐生,6,ドラドキ目玉,曇り,北西,1,1,5,5,3807,岡 部 哲,66,32,6.79,5,0.15,1.55.0,1-3-6,4790,14,1-3,280,1,1-3-6,2710,8,1-3,180,1,,,,,,,
20260214,桐生,6,ドラドキ目玉,曇り,北西,1,1,6,2,5128,坪 井 爽 佑,75,69,6.82,2,0.25,1.56.4,1-3-6,4790,14,1-3,280,1,1-3-6,2710,8,1-3,180,1,,,,,,,
20260214,桐生,7,ドラドキ３,曇り,北西,1,1,1,1,4260,中 越 博 紀,58,37,6.82,1,0.22,1.49.1,1-3-5,910,2,1-3,350,1,1-3-5,400,2,1-3,210,1,,,,,,,
20260214,桐生,7,ドラドキ３,曇り,北西,1,1,2,3,4066,東 本 勝 利,48,74,6.71,3,0.21,1.50.2,1-3-5,910,2,1-3,350,1,1-3-5,400,2,1-3,210,1,,,,,,,
20260214,桐生,7,ドラドキ３,曇り,北西,1,1,3,5,5105,富 田 恕 生,62,70,6.86,5,0.14,1.51.4,1-3-5,910,2,1-3,350,1,1-3-5,400,2,1-3,210,1,,,,,,,
20260214,桐生,7,ドラドキ３,曇り,北西,1,1,4,2,5023,久 永 祥 平,29,65,6.81,2,0.24,1.52.0,1-3-5,910,2,1-3,350,1,1-3-5,400,2,1-3,210,1,,,,,,,
20260214,桐生,7,ドラドキ３,曇り,北西,1,1,5,4,3156,金 子 良 昭,57,56,6.77,4,0.22,1.54.2,1-3-5,910,2,1-3,350,1,1-3-5,400,2,1-3,210,1,,,,,,,
20260214,桐生,7,ドラドキ３,曇り,北西,1,1,6,6,4724,吉 田 祐 貴,52,54,6.73,6,0.15,1.54.5,1-3-5,910,2,1-3,350,1,1-3-5,400,2,1-3,210,1,,,,,,,
20260214,桐生,8,ドラドキ５,曇り,無風,0,0,1,4,3642,大 塚 浩 二,56,30,6.82,4,0.24,1.49.5,4-5-2,33760,71,4-5,6130,17,2-4-5,5660,16,4-5,2690,8,,,,,,,
20260214,桐生,8,ドラドキ５,曇り,無風,0,0,2,5,3557,太 田 和 美,23,31,6.76,5,0.20,1.51.3,4-5-2,33760,71,4-5,6130,17,2-4-5,5660,16,4-5,2690,8,,,,,,,
20260214,桐生,8,ドラドキ５,曇り,無風,0,0,3,2,5133,堀 越 雄 貴,69,41,6.72,2,0.34,1.52.7,4-5-2,33760,71,4-5,6130,17,2-4-5,5660,16,4-5,2690,8,,,,,,,
20260214,桐生,8,ドラドキ５,曇り,無風,0,0,4,6,4329,小 松 卓 司,26,58,6.66,6,0.23,1.54.0,4-5-2,33760,71,4-5,6130,17,2-4-5,5660,16,4-5,2690,8,,,,,,,
20260214,桐生,8,ドラドキ５,曇り,無風,0,0,5,3,3892,草 場 康 幸,25,16,6.82,3,0.32,1.54.7,4-5-2,33760,71,4-5,6130,17,2-4-5,5660,16,4-5,2690,8,,,,,,,
20260214,桐生,8,ドラドキ５,曇り,無風,0,0,6,1,4348,宮 崎 奨,61,64,6.74,1,0.35,1.55.4,4-5-2,33760,71,4-5,6130,17,2-4-5,5660,16,4-5,2690,8,,,,,,,
20260214,桐生,9,予選特賞,曇り,無風,0,0,1,1,5141,大 澤 風 葵,74,15,6.80,1,0.21,1.48.0,1-4-5,5080,18,1-4,2530,8,1-4-5,1340,6,1-4,1610,6,,,,,,,
20260214,桐生,9,予選特賞,曇り,無風,0,0,2,4,5266,石 田 勇 斗,55,75,6.84,4,0.20,1.50.4,1-4-5,5080,18,1-4,2530,8,1-4-5,1340,6,1-4,1610,6,,,,,,,
20260214,桐生,9,予選特賞,曇り,無風,0,0,3,5,3641,一 瀬 明,12,55,6.69,5,0.20,1.50.6,1-4-5,5080,18,1-4,2530,8,1-4-5,1340,6,1-4,1610,6,,,,,,,
20260214,桐生,9,予選特賞,曇り,無風,0,0,4,6,5038,金 田 智 博,65,47,6.67,6,0.21,1.52.2,1-4-5,5080,18,1-4,2530,8,1-4-5,1340,6,1-4,1610,6,,,,,,,
20260214,桐生,9,予選特賞,曇り,無風,0,0,5,3,4204,柴 田 大 輔,63,71,6.78,3,0.25,1.54.4,1-4-5,5080,18,1-4,2530,8,1-4-5,1340,6,1-4,1610,6,,,,,,,
20260214,桐生,9,予選特賞,曇り,無風,0,0,6,2,3497,後 藤 浩,24,48,6.77,2,0.22,1.55.5,1-4-5,5080,18,1-4,2530,8,1-4-5,1340,6,1-4,1610,6,,,,,,,
20260214,桐生,10,予選特賞,曇り,無風,0,0,1,1,4156,浜 野 孝 志,32,60,6.65,1,0.14,1.56.1,1-6-2,10520,30,1-6,2400,8,1-2-6,2090,9,1-6,1720,6,,,,,,,
20260214,桐生,10,予選特賞,曇り,無風,0,0,2,6,4815,伏 島 祐 介,34,66,6.76,6,0.18,1.57.7,1-6-2,10520,30,1-6,2400,8,1-2-6,2090,9,1-6,1720,6,,,,,,,
20260214,桐生,10,予選特賞,曇り,無風,0,0,3,2,3853,岩 崎 正 哉,43,25,6.64,2,0.13,2.00.5,1-6-2,10520,30,1-6,2400,8,1-2-6,2090,9,1-6,1720,6,,,,,,,
20260214,桐生,10,予選特賞,曇り,無風,0,0,4,3,3811,石 田 章 央,51,18,6.68,3,0.12,2.03.1,1-6-2,10520,30,1-6,2400,8,1-2-6,2090,9,1-6,1720,6,,,,,,,
20260214,桐生,10,予選特賞,曇り,無風,0,0,5,4,4587,木 田 峰由季,16,35,6.73,4,0.11,2.06.8,1-6-2,10520,30,1-6,2400,8,1-2-6,2090,9,1-6,1720,6,,,,,,,
20260214,桐生,11,予選特選,曇り,西,1,1,1,1,4737,竹 井 貴 史,64,29,6.66,1,0.25,1.52.2,1-2-4,900,3,1-2,280,1,1-2-4,420,1,1-2,260,2,,,,,,,
20260214,桐生,11,予選特選,曇り,西,1,1,2,2,4260,中 越 博 紀,58,37,6.77,2,0.21,1.56.1,1-2-4,900,3,1-2,280,1,1-2-4,420,1,1-2,260,2,,,,,,,
20260214,桐生,11,予選特選,曇り,西,1,1,3,4,4314,青 木 幸太郎,39,21,6.71,4,0.22,1.58.3,1-2-4,900,3,1-2,280,1,1-2-4,420,1,1-2,260,2,,,,,,,
20260214,桐生,11,予選特選,曇り,西,1,1,4,3,4711,前 出 達 吉,44,51,6.62,3,0.19,1.59.3,1-2-4,900,3,1-2,280,1,1-2-4,420,1,1-2,260,2,,,,,,,
20260214,桐生,11,予選特選,曇り,西,1,1,5,6,5125,高 井 雄 基,15,14,6.72,6,0.26,2.01.8,1-2-4,900,3,1-2,280,1,1-2-4,420,1,1-2,260,2,,,,,,,
20260214,桐生,12,桐生ドリーム,曇り,北西,1,1,1,1,3557,太 田 和 美,23,31,6.78,1,0.23,1.49.1,1-2-5,2920,9,1-2,390,1,1-2-5,1220,7,1-2,320,2,,,,,,,
20260214,桐生,12,桐生ドリーム,曇り,北西,1,1,2,2,4025,山 本 隆 幸,72,39,6.82,2,0.22,1.50.2,1-2-5,2920,9,1-2,390,1,1-2-5,1220,7,1-2,320,2,,,,,,,
20260214,桐生,12,桐生ドリーム,曇り,北西,1,1,3,5,4066,東 本 勝 利,48,74,6.73,5,0.23,1.51.2,1-2-5,2920,9,1-2,390,1,1-2-5,1220,7,1-2,320,2,,,,,,,
20260214,桐生,12,桐生ドリーム,曇り,北西,1,1,4,4,4427,秦 英 悟,46,36,6.85,4,0.21,1.52.5,1-2-5,2920,9,1-2,390,1,1-2-5,1220,7,1-2,320,2,,,,,,,
20260214,桐生,12,桐生ドリーム,曇り,北西,1,1,5,3,3997,北 村 征 嗣,17,38,6.71,3,0.19,1.52.8,1-2-5,2920,9,1-2,390,1,1-2-5,1220,7,1-2,320,2,,,,,,,
20260214,桐生,12,桐生ドリーム,曇り,北西,1,1,6,6,4545,岡 村 慶 太,37,45,6.75,6,0.22,1.53.0,1-2-5,2920,9,1-2,390,1,1-2-5,1220,7,1-2,320,2,,,,,,,
20260214,浜名湖,1,一般,晴,北西,1,1,1,1,5294,豊 田 祥 生,18,53,6.75,1,0.08,1.50.2,1-2-5,1170,2,1-2,540,1,1-2-5,550,3,1-2,340,2,,,,,,,
20260214,浜名湖,1,一般,晴,北西,1,1,2,2,4407,鹿 島 敏 弘,20,55,6.72,2,0.14,1.51.2,1-2-5,1170,2,1-2,540,1,1-2-5,550,3,1-2,340,2,,,,,,,
20260214,浜名湖,1,一般,晴,北西,1,1,3,5,4725,佐 竹 太 一,30,54,6.70,5,0.23,1.52.1,1-2-5,1170,2,1-2,540,1,1-2-5,550,3,1-2,340,2,,,,,,,
20260214,浜名湖,1,一般,晴,北西,1,1,4,3,5300,横 田 海 人,2,74,6.74,3,0.17,1.53.7,1-2-5,1170,2,1-2,540,1,1-2-5,550,3,1-2,340,2,,,,,,,
20260214,浜名湖,1,一般,晴,北西,1,1,5,4,4863,三 浦 裕 貴,54,36,6.71,4,0.20,,1-2-5,1170,2,1-2,540,1,1-2-5,550,3,1-2,340,2,,,,,,,
20260214,浜名湖,1,一般,晴,北西,1,1,6,6,5371,早 川 颯 太,48,15,6.75,6,0.34,,1-2-5,1170,2,1-2,540,1,1-2-5,550,3,1-2,340,2,,,,,,,
20260214,浜名湖,2,一般,晴,西,1,1,1,1,5076,石 原 光,43,73,6.76,1,0.24,1.49.3,1-4-2,1490,6,1-4,380,1,1-2-4,560,2,1-4,250,1,,,,,,,
20260214,浜名湖,2,一般,晴,西,1,1,2,4,4471,新 田 泰 章,11,71,6.70,4,0.24,1.50.8,1-4-2,1490,6,1-4,380,1,1-2-4,560,2,1-4,250,1,,,,,,,
20260214,浜名湖,2,一般,晴,西,1,1,3,2,4245,高 橋 直 哉,37,11,6.75,2,0.20,1.52.0,1-4-2,1490,6,1-4,380,1,1-2-4,560,2,1-4,250,1,,,,,,,
20260214,浜名湖,2,一般,晴,西,1,1,4,3,5302,秋 末 秦 悟,16,76,6.73,3,0.12,1.52.6,1-4-2,1490,6,1-4,380,1,1-2-4,560,2,1-4,250,1,,,,,,,
20260214,浜名湖,2,一般,晴,西,1,1,5,5,4610,佐 藤 大 佑,38,48,6.67,5,0.22,,1-4-2,1490,6,1-4,380,1,1-2-4,560,2,1-4,250,1,,,,,,,
20260214,浜名湖,2,一般,晴,西,1,1,6,6,5422,真 田 聖 也,64,16,6.75,6,0.17,,1-4-2,1490,6,1-4,380,1,1-2-4,560,2,1-4,250,1,,,,,,,
20260214,浜名湖,3,一般,晴,南西,2,1,1,3,4762,藤 原 啓史朗,35,30,6.60,3,0.13,1.49.6,3-2-5,2180,8,3-2,1210,6,2-3-5,700,3,2-3,1000,4,,,,,,,
20260214,浜名湖,3,一般,晴,南西,2,1,2,2,3441,土 屋 太 朗,31,20,6.76,2,0.13,1.50.8,3-2-5,2180,8,3-2,1210,6,2-3-5,700,3,2-3,1000,4,,,,,,,
20260214,浜名湖,3,一般,晴,南西,2,1,3,5,4058,野 末 智 一,7,31,6.62,5,0.24,1.52.1,3-2-5,2180,8,3-2,1210,6,2-3-5,700,3,2-3,1000,4,,,,,,,
20260214,浜名湖,3,一般,晴,南西,2,1,4,1,3804,中 渡 修 作,59,62,6.64,1,0.15,1.52.4,3-2-5,2180,8,3-2,1210,6,2-3-5,700,3,2-3,1000,4,,,,,,,
20260214,浜名湖,3,一般,晴,南西,2,1,5,6,3445,加 藤 高 史,46,14,6.69,6,0.26,,3-2-5,2180,8,3-2,1210,6,2-3-5,700,3,2-3,1000,4,,,,,,,
20260214,浜名湖,3,一般,晴,南西,2,1,6,4,5315,浅 井 翼,61,58,6.74,4,0.23,,3-2-5,2180,8,3-2,1210,6,2-3-5,700,3,2-3,1000,4,,,,,,,
20260214,浜名湖,4,ランチタイム,晴,南西,4,2,1,1,4043,桐 本 康 臣,28,56,6.64,1,0.27,1.51.6,1-2-4,560,1,1-2,290,1,1-2-4,260,1,1-2,210,1,,,,,,,
20260214,浜名湖,4,ランチタイム,晴,南西,4,2,2,2,3885,久 田 武,40,39,6.57,2,0.24,1.51.9,1-2-4,560,1,1-2,290,1,1-2-4,260,1,1-2,210,1,,,,,,,
20260214,浜名湖,4,ランチタイム,晴,南西,4,2,3,4,4676,後 藤 隼 之,29,25,6.62,4,0.34,1.53.8,1-2-4,560,1,1-2,290,1,1-2-4,260,1,1-2,210,1,,,,,,,
20260214,浜名湖,4,ランチタイム,晴,南西,4,2,4,3,4253,西 川 真 人,47,29,6.56,3,0.29,1.54.2,1-2-4,560,1,1-2,290,1,1-2-4,260,1,1-2,210,1,,,,,,,
20260214,浜名湖,4,ランチタイム,晴,南西,4,2,5,5,4252,松 下 哲 也,27,38,6.62,6,0.33,,1-2-4,560,1,1-2,290,1,1-2-4,260,1,1-2,210,1,,,,,,,
20260214,浜名湖,4,ランチタイム,晴,南西,4,2,6,6,5122,相 馬 翔,13,44,6.57,5,0.35,,1-2-4,560,1,1-2,290,1,1-2-4,260,1,1-2,210,1,,,,,,,
20260214,浜名湖,5,一般,晴,南西,4,2,1,2,4713,白 神 優,50,59,6.70,2,0.05,1.50.5,2-6-3,4220,16,2-6,920,4,2-3-6,1010,4,2-6,580,3,,,,,,,
20260214,浜名湖,5,一般,晴,南西,4,2,2,6,5298,水 谷 理 人,53,61,6.61,4,0.27,1.52.1,2-6-3,4220,16,2-6,920,4,2-3-6,1010,4,2-6,580,3,,,,,,,
20260214,浜名湖,5,一般,晴,南西,4,2,3,3,4162,竹 本 太 樹,60,27,6.64,3,0.06,1.53.3,2-6-3,4220,16,2-6,920,4,2-3-6,1010,4,2-6,580,3,,,,,,,
20260214,浜名湖,5,一般,晴,南西,4,2,4,4,4407,鹿 島 敏 弘,20,55,6.64,5,0.23,1.54.1,2-6-3,4220,16,2-6,920,4,2-3-6,1010,4,2-6,580,3,,,,,,,
20260214,浜名湖,5,一般,晴,南西,4,2,5,1,3572,安 田 政 彦,10,49,6.61,1,0.08,,2-6-3,4220,16,2-6,920,4,2-3-6,1010,4,2-6,580,3,,,,,,,
20260214,浜名湖,5,一般,晴,南西,4,2,6,5,3852,澤 大 介,14,19,6.70,6,0.24,,2-6-3,4220,16,2-6,920,4,2-3-6,1010,4,2-6,580,3,,,,,,,
20260214,浜名湖,6,一般,晴,南西,4,2,1,6,3849,中 岡 正 彦,25,65,6.60,3,0.18,1.49.9,6-5-1,1650,5,6-5,790,3,1-5-6,220,1,5-6,530,2,,,,,,,
20260214,浜名湖,6,一般,晴,南西,4,2,2,5,3629,浅 見 昌 克,56,24,6.68,2,0.12,1.51.2,6-5-1,1650,5,6-5,790,3,1-5-6,220,1,5-6,530,2,,,,,,,
20260214,浜名湖,6,一般,晴,南西,4,2,3,1,4640,山ノ内 雅 人,23,26,6.66,1,0.09,1.53.1,6-5-1,1650,5,6-5,790,3,1-5-6,220,1,5-6,530,2,,,,,,,
20260214,浜名湖,6,一般,晴,南西,4,2,4,2,5286,坂 井 滉 哉,49,37,6.61,4,0.19,1.54.5,6-5-1,1650,5,6-5,790,3,1-5-6,220,1,5-6,530,2,,,,,,,
20260214,浜名湖,6,一般,晴,南西,4,2,5,3,4725,佐 竹 太 一,30,54,6.61,6,0.28,,6-5-1,1650,5,6-5,790,3,1-5-6,220,1,5-6,530,2,,,,,,,
20260214,浜名湖,6,一般,晴,南西,4,2,6,4,5302,秋 末 秦 悟,16,76,6.64,5,0.25,,6-5-1,1650,5,6-5,790,3,1-5-6,220,1,5-6,530,2,,,,,,,
20260214,浜名湖,7,一般,晴,南西,4,2,1,6,4238,毒 島 誠,6,21,6.62,3,0.14,1.50.9,6-4-3,2770,9,6-4,700,3,3-4-6,1270,4,4-6,770,2,,,,,,,
20260214,浜名湖,7,一般,晴,南西,4,2,2,4,5160,藤 森 陸 斗,41,34,6.61,5,0.15,1.53.0,6-4-3,2770,9,6-4,700,3,3-4-6,1270,4,4-6,770,2,,,,,,,
20260214,浜名湖,7,一般,晴,南西,4,2,3,3,4863,三 浦 裕 貴,54,36,6.71,4,0.13,1.54.6,6-4-3,2770,9,6-4,700,3,3-4-6,1270,4,4-6,770,2,,,,,,,
20260214,浜名湖,7,一般,晴,南西,4,2,4,2,3306,武 田 正 紀,45,46,6.66,2,0.20,1.56.8,6-4-3,2770,9,6-4,700,3,3-4-6,1270,4,4-6,770,2,,,,,,,
20260214,浜名湖,7,一般,晴,南西,4,2,5,5,5422,真 田 聖 也,64,16,6.69,6,0.17,,6-4-3,2770,9,6-4,700,3,3-4-6,1270,4,4-6,770,2,,,,,,,
20260214,浜名湖,7,一般,晴,南西,4,2,6,1,4042,丸 岡 正 典,5,47,6.68,1,0.16,,6-4-3,2770,9,6-4,700,3,3-4-6,1270,4,4-6,770,2,,,,,,,
20260214,浜名湖,8,一般,晴,南西,4,2,1,3,4452,松 尾 祭,8,18,6.69,3,0.21,1.50.5,3-5-2,74180,107,3-5,11680,25,2-3-5,12080,20,3-5,7030,14,,,,,,,
20260214,浜名湖,8,一般,晴,南西,4,2,2,5,5294,豊 田 祥 生,18,53,6.71,5,0.20,1.52.1,3-5-2,74180,107,3-5,11680,25,2-3-5,12080,20,3-5,7030,14,,,,,,,
20260214,浜名湖,8,一般,晴,南西,4,2,3,2,4252,松 下 哲 也,27,38,6.62,2,0.23,1.53.0,3-5-2,74180,107,3-5,11680,25,2-3-5,12080,20,3-5,7030,14,,,,,,,
20260214,浜名湖,8,一般,晴,南西,4,2,4,6,4121,富 永 修 一,57,51,6.65,6,0.44,1.53.0,3-5-2,74180,107,3-5,11680,25,2-3-5,12080,20,3-5,7030,14,,,,,,,
20260214,浜名湖,8,一般,晴,南西,4,2,5,1,4649,和 田 操 拓,9,64,6.68,1,0.28,,3-5-2,74180,107,3-5,11680,25,2-3-5,12080,20,3-5,7030,14,,,,,,,
20260214,浜名湖,8,一般,晴,南西,4,2,6,4,3947,寺 本 昇 平,32,68,6.67,4,0.17,,3-5-2,74180,107,3-5,11680,25,2-3-5,12080,20,3-5,7030,14,,,,,,,
20260214,浜名湖,9,ブレイクタイ,晴,南西,4,2,1,3,4626,伊 藤 紘 章,44,35,6.65,3,0.07,1.50.5,3-1-4,5040,13,3-1,1780,6,1-3-4,340,1,1-3,380,2,,,,,,,
20260214,浜名湖,9,ブレイクタイ,晴,南西,4,2,2,1,4798,浜 先 真 範,55,70,6.63,1,0.13,1.52.3,3-1-4,5040,13,3-1,1780,6,1-3-4,340,1,1-3,380,2,,,,,,,
20260214,浜名湖,9,ブレイクタイ,晴,南西,4,2,3,4,3445,加 藤 高 史,46,14,6.64,4,0.11,1.52.7,3-1-4,5040,13,3-1,1780,6,1-3-4,340,1,1-3,380,2,,,,,,,
20260214,浜名湖,9,ブレイクタイ,晴,南西,4,2,4,2,4899,占 部 一 真,66,57,6.60,2,0.09,1.54.6,3-1-4,5040,13,3-1,1780,6,1-3-4,340,1,1-3,380,2,,,,,,,
20260214,浜名湖,9,ブレイクタイ,晴,南西,4,2,5,6,4988,牟 田 奨 太,39,43,6.71,6,0.24,,3-1-4,5040,13,3-1,1780,6,1-3-4,340,1,1-3,380,2,,,,,,,
20260214,浜名湖,9,ブレイクタイ,晴,南西,4,2,6,5,5300,横 田 海 人,2,74,6.65,5,0.12,,3-1-4,5040,13,3-1,1780,6,1-3-4,340,1,1-3,380,2,,,,,,,
20260214,浜名湖,10,準優勝戦,晴,南西,4,2,1,1,5298,水 谷 理 人,53,61,6.67,1,0.22,1.48.8,1-3-4,960,3,1-3,430,2,1-3-4,440,3,1-3,290,2,,,,,,,
20260214,浜名湖,10,準優勝戦,晴,南西,4,2,2,3,4471,新 田 泰 章,11,71,6.70,3,0.12,1.49.9,1-3-4,960,3,1-3,430,2,1-3-4,440,3,1-3,290,2,,,,,,,
20260214,浜名湖,10,準優勝戦,晴,南西,4,2,3,4,4762,藤 原 啓史朗,35,30,6.61,4,0.11,1.51.8,1-3-4,960,3,1-3,430,2,1-3-4,440,3,1-3,290,2,,,,,,,
20260214,浜名湖,10,準優勝戦,晴,南西,4,2,4,2,4058,野 末 智 一,7,31,6.56,2,0.18,1.53.7,1-3-4,960,3,1-3,430,2,1-3-4,440,3,1-3,290,2,,,,,,,
20260214,浜名湖,10,準優勝戦,晴,南西,4,2,5,5,4640,山ノ内 雅 人,23,26,6.75,5,0.13,,1-3-4,960,3,1-3,430,2,1-3-4,440,3,1-3,290,2,,,,,,,
20260214,浜名湖,10,準優勝戦,晴,南西,4,2,6,6,3885,久 田 武,40,39,6.64,6,0.19,,1-3-4,960,3,1-3,430,2,1-3-4,440,3,1-3,290,2,,,,,,,
20260214,浜名湖,11,準優勝戦,晴,南西,4,2,1,1,3849,中 岡 正 彦,25,65,6.63,1,0.16,1.49.7,1-6-3,4730,15,1-6,1080,5,1-3-6,1270,5,1-6,1080,4,,,,,,,
20260214,浜名湖,11,準優勝戦,晴,南西,4,2,2,6,4042,丸 岡 正 典,5,47,6.61,6,0.26,1.51.2,1-6-3,4730,15,1-6,1080,5,1-3-6,1270,5,1-6,1080,4,,,,,,,
20260214,浜名湖,11,準優勝戦,晴,南西,4,2,3,3,4676,後 藤 隼 之,29,25,6.66,3,0.24,1.52.8,1-6-3,4730,15,1-6,1080,5,1-3-6,1270,5,1-6,1080,4,,,,,,,
20260214,浜名湖,11,準優勝戦,晴,南西,4,2,4,2,4610,佐 藤 大 佑,38,48,6.60,2,0.26,1.53.5,1-6-3,4730,15,1-6,1080,5,1-3-6,1270,5,1-6,1080,4,,,,,,,
20260214,浜名湖,11,準優勝戦,晴,南西,4,2,5,4,4162,竹 本 太 樹,60,27,6.69,4,0.22,,1-6-3,4730,15,1-6,1080,5,1-3-6,1270,5,1-6,1080,4,,,,,,,
20260214,浜名湖,11,準優勝戦,晴,南西,4,2,6,5,3804,中 渡 修 作,59,62,6.62,5,0.19,,1-6-3,4730,15,1-6,1080,5,1-3-6,1270,5,1-6,1080,4,,,,,,,
20260214,浜名湖,12,準優勝戦,晴,南西,4,2,1,1,4238,毒 島 誠,6,21,6.68,1,0.05,1.47.5,1-5-2,3510,14,1-5,1000,5,1-2-5,660,4,1-5,830,5,,,,,,,
20260214,浜名湖,12,準優勝戦,晴,南西,4,2,2,5,4043,桐 本 康 臣,28,56,6.67,4,0.14,1.50.7,1-5-2,3510,14,1-5,1000,5,1-2-5,660,4,1-5,830,5,,,,,,,
20260214,浜名湖,12,準優勝戦,晴,南西,4,2,3,2,3629,浅 見 昌 克,56,24,6.64,2,0.06,1.50.9,1-5-2,3510,14,1-5,1000,5,1-2-5,660,4,1-5,830,5,,,,,,,
20260214,浜名湖,12,準優勝戦,晴,南西,4,2,4,3,3947,寺 本 昇 平,32,68,6.64,3,0.07,1.52.1,1-5-2,3510,14,1-5,1000,5,1-2-5,660,4,1-5,830,5,,,,,,,
20260214,浜名湖,12,準優勝戦,晴,南西,4,2,5,6,4713,白 神 優,50,13,6.71,5,0.09,,1-5-2,3510,14,1-5,1000,5,1-2-5,660,4,1-5,830,5,,,,,,,
20260214,浜名湖,12,準優勝戦,晴,南西,4,2,6,4,5076,石 原 光,43,73,6.63,6,0.06,,1-5-2,3510,14,1-5,1000,5,1-2-5,660,4,1-5,830,5,,,,,,,
20260214,芦屋,1,サンライズＶ,晴,南,1,1,1,1,4994,山 本 梨 菜,49,158,6.71,1,0.16,1.48.2,1-3-5,870,1,1-3,290,1,1-3-5,450,1,1-3,250,1,,,,,,,
20260214,芦屋,1,サンライズＶ,晴,南,1,1,2,3,4006,小 野 勇 作,16,115,6.77,3,0.19,1.49.3,1-3-5,870,1,1-3,290,1,1-3-5,450,1,1-3,250,1,,,,,,,
20260214,芦屋,1,サンライズＶ,晴,南,1,1,3,5,3645,淺 田 千亜希,39,168,6.83,5,0.19,1.50.0,1-3-5,870,1,1-3,290,1,1-3-5,450,1,1-3,250,1,,,,,,,
20260214,芦屋,1,サンライズＶ,晴,南,1,1,4,6,3478,嶋 田 貴 支,6,169,6.86,6,0.25,1.50.9,1-3-5,870,1,1-3,290,1,1-3-5,450,1,1-3,250,1,,,,,,,
20260214,芦屋,1,サンライズＶ,晴,南,1,1,5,4,4417,服 部 剛,37,160,6.80,4,0.19,,1-3-5,870,1,1-3,290,1,1-3-5,450,1,1-3,250,1,,,,,,,
20260214,芦屋,1,サンライズＶ,晴,南,1,1,6,2,4219,本 岡 勝 利,15,165,6.78,2,0.21,,1-3-5,870,1,1-3,290,1,1-3-5,450,1,1-3,250,1,,,,,,,
20260214,芦屋,2,サンライズＷ,晴,東,2,2,1,5,3967,鈴 木 茂 高,17,163,6.79,5,0.06,1.48.1,5-4-1,9670,30,5-4,3880,11,1-4-5,360,2,4-5,600,3,,,,,,,
20260214,芦屋,2,サンライズＷ,晴,東,2,2,2,4,4963,實 森 美 祐,58,137,6.73,4,0.11,1.49.0,5-4-1,9670,30,5-4,3880,11,1-4-5,360,2,4-5,600,3,,,,,,,
20260214,芦屋,2,サンライズＷ,晴,東,2,2,3,1,4930,佐 藤 悠,45,114,6.67,1,0.35,1.50.7,5-4-1,9670,30,5-4,3880,11,1-4-5,360,2,4-5,600,3,,,,,,,
20260214,芦屋,2,サンライズＷ,晴,東,2,2,4,2,3868,尾 形 栄 治,1,131,6.72,2,0.20,1.50.9,5-4-1,9670,30,5-4,3880,11,1-4-5,360,2,4-5,600,3,,,,,,,
20260214,芦屋,2,サンライズＷ,晴,東,2,2,5,3,3353,前 田 光 昭,2,118,6.75,3,0.23,,5-4-1,9670,30,5-4,3880,11,1-4-5,360,2,4-5,600,3,,,,,,,
20260214,芦屋,2,サンライズＷ,晴,東,2,2,6,6,3992,関 口 智 久,3,142,6.80,6,0.08,,5-4-1,9670,30,5-4,3880,11,1-4-5,360,2,4-5,600,3,,,,,,,
20260214,芦屋,3,サンライズＸ,晴,南,1,1,1,1,5280,廣 瀬 凜,51,119,6.79,1,0.14,1.48.1,1-4-2,1880,7,1-4,550,3,1-2-4,750,4,1-4,430,2,,,,,,,
20260214,芦屋,3,サンライズＸ,晴,南,1,1,2,4,4077,品 田 直 樹,26,155,6.68,4,0.13,1.49.0,1-4-2,1880,7,1-4,550,3,1-2-4,750,4,1-4,430,2,,,,,,,
20260214,芦屋,3,サンライズＸ,晴,南,1,1,3,2,3784,中 島 友 和,56,148,6.76,2,0.11,1.50.3,1-4-2,1880,7,1-4,550,3,1-2-4,750,4,1-4,430,2,,,,,,,
20260214,芦屋,3,サンライズＸ,晴,南,1,1,4,3,4136,江 夏 満,27,170,6.72,3,0.12,1.51.3,1-4-2,1880,7,1-4,550,3,1-2-4,750,4,1-4,430,2,,,,,,,
20260214,芦屋,3,サンライズＸ,晴,南,1,1,5,5,3548,室 田 泰 史,22,150,6.78,5,0.15,,1-4-2,1880,7,1-4,550,3,1-2-4,750,4,1-4,430,2,,,,,,,
20260214,芦屋,3,サンライズＸ,晴,南,1,1,6,6,5428,古園井 綾 南,52,112,6.67,6,0.21,,1-4-2,1880,7,1-4,550,3,1-2-4,750,4,1-4,430,2,,,,,,,
20260214,芦屋,4,サンライズＹ 進入固定,晴,南,1,1,1,4,4122,安 東 幸 治,55,154,6.81,4,0.03,1.47.6,4-5-6,190,1,4-5,150,1,,,,4-5,100,1,,,,,,,
20260214,芦屋,4,サンライズＹ 進入固定,晴,南,1,1,2,5,4902,山 川 雄 大,28,139,6.73,5,0.07,1.50.7,4-5-6,190,1,4-5,150,1,,,,4-5,100,1,,,,,,,
20260214,芦屋,4,サンライズＹ 進入固定,晴,南,1,1,3,6,5412,久保田 凪 紗,35,146,6.79,6,0.06,1.52.9,4-5-6,190,1,4-5,150,1,,,,4-5,100,1,,,,,,,
20260214,芦屋,5,サンライズＺ,曇り,南,2,2,1,5,3915,繁野谷 圭 介,33,129,6.72,5,0.16,1.47.7,5-2-3,6600,27,5-2,3150,12,2-3-5,300,1,2-5,1420,6,,,,,,,
20260214,芦屋,5,サンライズＺ,曇り,南,2,2,2,2,2878,富 山 弘 幸,9,123,6.76,2,0.22,1.48.5,5-2-3,6600,27,5-2,3150,12,2-3-5,300,1,2-5,1420,6,,,,,,,
20260214,芦屋,5,サンライズＺ,曇り,南,2,2,3,3,4184,渡 邊 雄一郎,44,134,6.68,3,0.14,1.50.9,5-2-3,6600,27,5-2,3150,12,2-3-5,300,1,2-5,1420,6,,,,,,,
20260214,芦屋,5,サンライズＺ,曇り,南,2,2,4,6,3708,岡 部 貴 司,43,135,6.79,6,0.18,1.52.1,5-2-3,6600,27,5-2,3150,12,2-3-5,300,1,2-5,1420,6,,,,,,,
20260214,芦屋,5,サンライズＺ,曇り,南,2,2,5,4,4219,本 岡 勝 利,15,165,6.76,4,0.17,,5-2-3,6600,27,5-2,3150,12,2-3-5,300,1,2-5,1420,6,,,,,,,
20260214,芦屋,5,サンライズＺ,曇り,南,2,2,6,1,4619,伏 田 裕 隆,5,117,6.75,1,0.24,,5-2-3,6600,27,5-2,3150,12,2-3-5,300,1,2-5,1420,6,,,,,,,
20260214,芦屋,6,予選,曇り,南,1,1,1,1,4417,服 部 剛,37,160,6.74,1,0.19,1.48.4,1-5-2,22440,86,1-5,2760,14,1-2-5,2570,15,1-5,2670,14,,,,,,,
20260214,芦屋,6,予選,曇り,南,1,1,2,5,5337,出 畑 孝 成,54,151,6.64,6,0.23,1.49.9,1-5-2,22440,86,1-5,2760,14,1-2-5,2570,15,1-5,2670,14,,,,,,,
20260214,芦屋,6,予選,曇り,南,1,1,3,2,4633,森 智 也,60,111,6.74,4,0.16,1.51.1,1-5-2,22440,86,1-5,2760,14,1-2-5,2570,15,1-5,2670,14,,,,,,,
20260214,芦屋,6,予選,曇り,南,1,1,4,6,3582,吉 川 昭 男,10,159,6.71,3,0.12,1.52.1,1-5-2,22440,86,1-5,2760,14,1-2-5,2570,15,1-5,2670,14,,,,,,,
20260214,芦屋,6,予選,曇り,南,1,1,5,4,3265,今 村 暢 孝,38,143,6.76,2,0.19,,1-5-2,22440,86,1-5,2760,14,1-2-5,2570,15,1-5,2670,14,,,,,,,
20260214,芦屋,6,予選,曇り,南,1,1,6,3,3868,尾 形 栄 治,1,131,6.76,5,0.15,,1-5-2,22440,86,1-5,2760,14,1-2-5,2570,15,1-5,2670,14,,,,,,,
20260214,芦屋,7,予選 進入固定,曇り,南,1,1,1,1,4006,小 野 勇 作,16,115,6.72,1,0.14,1.48.0,1-4-3,2400,8,1-4,1440,7,1-3-4,420,3,1-4,1120,6,,,,,,,
20260214,芦屋,7,予選 進入固定,曇り,南,1,1,2,4,3614,谷 勝 幸,18,120,6.71,4,0.13,1.49.0,1-4-3,2400,8,1-4,1440,7,1-3-4,420,3,1-4,1120,6,,,,,,,
20260214,芦屋,7,予選 進入固定,曇り,南,1,1,3,3,4885,大 山 千 広,11,162,6.70,3,0.13,1.49.9,1-4-3,2400,8,1-4,1440,7,1-3-4,420,3,1-4,1120,6,,,,,,,
20260214,芦屋,7,予選 進入固定,曇り,南,1,1,4,5,4077,品 田 直 樹,26,155,6.77,5,0.20,1.50.9,1-4-3,2400,8,1-4,1440,7,1-3-4,420,3,1-4,1120,6,,,,,,,
20260214,芦屋,7,予選 進入固定,曇り,南,1,1,5,2,3992,関 口 智 久,3,142,6.77,2,0.11,,1-4-3,2400,8,1-4,1440,7,1-3-4,420,3,1-4,1120,6,,,,,,,
20260214,芦屋,7,予選 進入固定,曇り,南,1,1,6,6,4727,安 部 慎 一,23,132,6.82,6,0.15,,1-4-3,2400,8,1-4,1440,7,1-3-4,420,3,1-4,1120,6,,,,,,,
20260214,芦屋,8,予選,曇り,南,1,1,1,4,4930,佐 藤 悠,45,114,6.66,4,0.18,1.47.7,4-3-2,16310,44,4-3,5510,17,2-3-4,1090,5,3-4,3200,9,,,,,,,
20260214,芦屋,8,予選,曇り,南,1,1,2,3,3645,淺 田 千亜希,39,168,6.85,3,0.16,1.49.1,4-3-2,16310,44,4-3,5510,17,2-3-4,1090,5,3-4,3200,9,,,,,,,
20260214,芦屋,8,予選,曇り,南,1,1,3,2,4398,船 岡 洋一郎,59,166,6.69,2,0.14,1.50.5,4-3-2,16310,44,4-3,5510,17,2-3-4,1090,5,3-4,3200,9,,,,,,,
20260214,芦屋,8,予選,曇り,南,1,1,4,1,3784,中 島 友 和,56,148,6.71,1,0.14,1.51.8,4-3-2,16310,44,4-3,5510,17,2-3-4,1090,5,3-4,3200,9,,,,,,,
20260214,芦屋,8,予選,曇り,南,1,1,5,6,4973,栗 原 直 也,57,144,6.74,6,0.24,,4-3-2,16310,44,4-3,5510,17,2-3-4,1090,5,3-4,3200,9,,,,,,,
20260214,芦屋,8,予選,曇り,南,1,1,6,5,5412,久保田 凪 紗,35,146,6.83,5,0.22,,4-3-2,16310,44,4-3,5510,17,2-3-4,1090,5,3-4,3200,9,,,,,,,
20260214,芦屋,9,予選特賞,曇り,南,2,2,1,1,5166,仲 道 大 輔,4,164,6.72,1,0.14,1.48.7,1-4-5,1840,8,1-4,860,4,1-4-5,590,3,1-4,930,5,,,,,,,
20260214,芦屋,9,予選特賞,曇り,南,2,2,2,4,3353,前 田 光 昭,2,118,6.76,3,0.19,1.49.8,1-4-5,1840,8,1-4,860,4,1-4-5,590,3,1-4,930,5,,,,,,,
20260214,芦屋,9,予選特賞,曇り,南,2,2,3,5,4994,山 本 梨 菜,49,158,6.75,4,0.30,1.50.5,1-4-5,1840,8,1-4,860,4,1-4-5,590,3,1-4,930,5,,,,,,,
20260214,芦屋,9,予選特賞,曇り,南,2,2,4,3,4380,鈴 木 峻 佑,8,133,6.74,2,0.18,1.52.9,1-4-5,1840,8,1-4,860,4,1-4-5,590,3,1-4,930,5,,,,,,,
20260214,芦屋,9,予選特賞,曇り,南,2,2,5,2,4619,伏 田 裕 隆,5,117,6.69,5,0.58,,1-4-5,1840,8,1-4,860,4,1-4-5,590,3,1-4,930,5,,,,,,,
20260214,芦屋,9,予選特賞,曇り,南,2,2,6,6,5428,古園井 綾 南,52,112,6.74,6,0.23,,1-4-5,1840,8,1-4,860,4,1-4-5,590,3,1-4,930,5,,,,,,,
20260214,芦屋,10,予選特賞,曇り,南,2,2,1,2,4184,渡 邊 雄一郎,44,134,6.75,3,0.09,1.47.9,2-1-3,3670,14,2-1,810,3,1-2-3,790,4,1-2,280,1,,,,,,,
20260214,芦屋,10,予選特賞,曇り,南,2,2,2,1,3548,室 田 泰 史,22,150,6.84,1,0.12,1.48.9,2-1-3,3670,14,2-1,810,3,1-2-3,790,4,1-2,280,1,,,,,,,
20260214,芦屋,10,予選特賞,曇り,南,2,2,3,3,4902,山 川 雄 大,28,139,6.75,4,0.09,1.50.6,2-1-3,3670,14,2-1,810,3,1-2-3,790,4,1-2,280,1,,,,,,,
20260214,芦屋,10,予選特賞,曇り,南,2,2,4,6,4963,實 森 美 祐,58,137,6.76,6,0.17,1.51.4,2-1-3,3670,14,2-1,810,3,1-2-3,790,4,1-2,280,1,,,,,,,
20260214,芦屋,10,予選特賞,曇り,南,2,2,5,4,3519,冨 田 秀 幸,13,130,6.78,5,0.08,,2-1-3,3670,14,2-1,810,3,1-2-3,790,4,1-2,280,1,,,,,,,
20260214,芦屋,10,予選特賞,曇り,南,2,2,6,5,3582,吉 川 昭 男,10,159,6.75,2,0.12,,2-1-3,3670,14,2-1,810,3,1-2-3,790,4,1-2,280,1,,,,,,,
20260214,芦屋,11,予選特選,曇り,無風,0,1,1,1,4351,里 岡 右 貴,46,147,6.72,1,0.09,1.47.6,1-5-2,640,2,1-5,350,2,1-2-5,260,1,1-5,280,2,,,,,,,
20260214,芦屋,11,予選特選,曇り,無風,0,1,2,5,4643,近 江 翔 吾,14,122,6.71,5,0.12,1.48.1,1-5-2,640,2,1-5,350,2,1-2-5,260,1,1-5,280,2,,,,,,,
20260214,芦屋,11,予選特選,曇り,無風,0,1,3,2,5280,廣 瀬 凜,51,119,6.83,2,0.10,1.50.2,1-5-2,640,2,1-5,350,2,1-2-5,260,1,1-5,280,2,,,,,,,
20260214,芦屋,11,予選特選,曇り,無風,0,1,4,3,3478,嶋 田 貴 支,6,169,6.84,3,0.11,1.52.1,1-5-2,640,2,1-5,350,2,1-2-5,260,1,1-5,280,2,,,,,,,
20260214,芦屋,11,予選特選,曇り,無風,0,1,5,6,4936,戸 敷 晃 美,21,157,6.78,6,0.21,,1-5-2,640,2,1-5,350,2,1-2-5,260,1,1-5,280,2,,,,,,,
20260214,芦屋,11,予選特選,曇り,無風,0,1,6,4,4727,安 部 慎 一,23,132,6.85,4,0.05,,1-5-2,640,2,1-5,350,2,1-2-5,260,1,1-5,280,2,,,,,,,
20260214,芦屋,12,予選特選,曇り,南,1,1,1,1,4136,江 夏 満,27,170,6.75,1,0.20,1.46.7,1-5-3,1610,7,1-5,480,3,1-3-5,650,3,1-5,460,3,,,,,,,
20260214,芦屋,12,予選特選,曇り,南,1,1,2,5,4398,船 岡 洋一郎,59,166,6.70,5,0.19,1.48.5,1-5-3,1610,7,1-5,480,3,1-3-5,650,3,1-5,460,3,,,,,,,
20260214,芦屋,12,予選特選,曇り,南,1,1,3,3,4122,安 東 幸 治,55,154,6.76,3,0.14,1.49.9,1-5-3,1610,7,1-5,480,3,1-3-5,650,3,1-5,460,3,,,,,,,
20260214,芦屋,12,予選特選,曇り,南,1,1,4,2,4885,大 山 千 広,11,162,6.71,2,0.15,1.50.2,1-5-3,1610,7,1-5,480,3,1-3-5,650,3,1-5,460,3,,,,,,,
20260214,芦屋,12,予選特選,曇り,南,1,1,5,4,2878,富 山 弘 幸,9,123,6.73,4,0.17,,1-5-3,1610,7,1-5,480,3,1-3-5,650,3,1-5,460,3,,,,,,,
20260214,芦屋,12,予選特選,曇り,南,1,1,6,6,4633,森 智 也,60,111,6.77,6,0.21,,1-5-3,1610,7,1-5,480,3,1-3-5,650,3,1-5,460,3,,,,,,,
20260214,蒲郡,1,一般戦,晴,南西,3,1,1,3,4520,高 倉 孝 太,40,23,6.48,5,0.08,1.49.0,3-4-2,2640,11,3-4,940,5,2-3-4,800,4,3-4,980,5,,,,,,,
20260214,蒲郡,1,一般戦,晴,南西,3,1,2,4,3730,塩 崎 優 司,56,57,6.65,3,0.08,1.50.6,3-4-2,2640,11,3-4,940,5,2-3-4,800,4,3-4,980,5,,,,,,,
20260214,蒲郡,1,一般戦,晴,南西,3,1,3,2,4100,松 田 隆 司,21,61,6.65,2,0.04,1.52.7,3-4-2,2640,11,3-4,940,5,2-3-4,800,4,3-4,980,5,,,,,,,
20260214,蒲郡,1,一般戦,晴,南西,3,1,4,5,4355,小 川 広 大,52,75,6.71,4,0.18,1.54.3,3-4-2,2640,11,3-4,940,5,2-3-4,800,4,3-4,980,5,,,,,,,
20260214,蒲郡,1,一般戦,晴,南西,3,1,5,1,3981,今 坂 晃 広,34,37,6.56,1,0.10,,3-4-2,2640,11,3-4,940,5,2-3-4,800,4,3-4,980,5,,,,,,,
20260214,蒲郡,1,一般戦,晴,南西,3,1,6,6,5424,熊 倉 幹 太,70,66,6.55,6,0.08,,3-4-2,2640,11,3-4,940,5,2-3-4,800,4,3-4,980,5,,,,,,,
20260214,蒲郡,2,一般戦,晴,南西,3,1,1,4,5331,佐 藤 永 梧,72,63,6.52,4,0.15,1.48.9,4-2-6,9200,33,4-2,3190,13,2-4-6,1090,6,2-4,1240,7,,,,,,,
20260214,蒲郡,2,一般戦,晴,南西,3,1,2,2,4460,後 藤 翔 之,29,47,6.56,2,0.24,1.50.1,4-2-6,9200,33,4-2,3190,13,2-4-6,1090,6,2-4,1240,7,,,,,,,
20260214,蒲郡,2,一般戦,晴,南西,3,1,3,6,4715,村 上 遼,55,50,6.69,6,0.22,1.51.7,4-2-6,9200,33,4-2,3190,13,2-4-6,1090,6,2-4,1240,7,,,,,,,
20260214,蒲郡,2,一般戦,晴,南西,3,1,4,1,5276,大 島 隆乃介,20,36,6.55,1,0.20,1.52.6,4-2-6,9200,33,4-2,3190,13,2-4-6,1090,6,2-4,1240,7,,,,,,,
20260214,蒲郡,2,一般戦,晴,南西,3,1,5,3,3687,花 田 和 明,68,30,6.59,3,0.23,,4-2-6,9200,33,4-2,3190,13,2-4-6,1090,6,2-4,1240,7,,,,,,,
20260214,蒲郡,2,一般戦,晴,南西,3,1,6,5,5383,中 村 楓,31,67,6.58,5,0.29,,4-2-6,9200,33,4-2,3190,13,2-4-6,1090,6,2-4,1240,7,,,,,,,
20260214,蒲郡,3,一般戦,晴,南西,3,1,1,2,4625,渡 邊 裕 貴,54,29,6.52,2,0.13,1.48.4,2-5-3,12720,42,2-5,3100,11,2-3-5,1680,8,2-5,1290,6,,,,,,,
20260214,蒲郡,3,一般戦,晴,南西,3,1,2,5,4069,山 本 修 一,60,35,6.60,5,0.12,1.49.6,2-5-3,12720,42,2-5,3100,11,2-3-5,1680,8,2-5,1290,6,,,,,,,
20260214,蒲郡,3,一般戦,晴,南西,3,1,3,3,5190,大 月 遊 雅,11,46,6.54,3,0.10,1.51.7,2-5-3,12720,42,2-5,3100,11,2-3-5,1680,8,2-5,1290,6,,,,,,,
20260214,蒲郡,3,一般戦,晴,南西,3,1,4,1,5120,山 本 稔太朗,48,68,6.58,1,0.16,1.52.8,2-5-3,12720,42,2-5,3100,11,2-3-5,1680,8,2-5,1290,6,,,,,,,
20260214,蒲郡,3,一般戦,晴,南西,3,1,5,6,5394,福 西 広太郎,33,26,6.58,6,0.11,,2-5-3,12720,42,2-5,3100,11,2-3-5,1680,8,2-5,1290,6,,,,,,,
20260214,蒲郡,3,一般戦,晴,南西,3,1,6,4,4438,森 作 雄 大,19,52,6.65,4,0.09,,2-5-3,12720,42,2-5,3100,11,2-3-5,1680,8,2-5,1290,6,,,,,,,
20260214,蒲郡,4,一般戦,晴,南西,3,1,1,3,4496,内 堀 学,58,41,6.47,3,0.22,1.49.6,3-5-4,1490,3,3-5,850,4,3-4-5,320,1,3-5,430,2,,,,,,,
20260214,蒲郡,4,一般戦,晴,南西,3,1,2,5,5005,石 田 貴 洋,26,33,6.46,5,0.31,1.50.8,3-5-4,1490,3,3-5,850,4,3-4-5,320,1,3-5,430,2,,,,,,,
20260214,蒲郡,4,一般戦,晴,南西,3,1,3,4,4794,和 田 拓 也,77,64,6.52,4,0.23,1.51.5,3-5-4,1490,3,3-5,850,4,3-4-5,320,1,3-5,430,2,,,,,,,
20260214,蒲郡,4,一般戦,晴,南西,3,1,4,2,4367,山 口 修 路,27,34,6.53,2,0.24,1.53.0,3-5-4,1490,3,3-5,850,4,3-4-5,320,1,3-5,430,2,,,,,,,
20260214,蒲郡,4,一般戦,晴,南西,3,1,5,1,4054,福 嶋 智 之,49,11,6.59,1,0.23,,3-5-4,1490,3,3-5,850,4,3-4-5,320,1,3-5,430,2,,,,,,,
20260214,蒲郡,4,一般戦,晴,南西,3,1,6,6,5425,西 山 育,24,27,6.62,6,0.44,,3-5-4,1490,3,3-5,850,4,3-4-5,320,1,3-5,430,2,,,,,,,
20260214,蒲郡,5,一般戦,晴,南西,1,1,1,1,3730,塩 崎 優 司,56,57,6.65,1,0.06,1.49.3,1-2-5,900,1,1-2,480,1,1-2-5,230,1,1-2,340,1,,,,,,,
20260214,蒲郡,5,一般戦,晴,南西,1,1,2,2,4415,下 出 卓 矢,22,54,6.58,2,0.06,1.50.3,1-2-5,900,1,1-2,480,1,1-2-5,230,1,1-2,340,1,,,,,,,
20260214,蒲郡,5,一般戦,晴,南西,1,1,3,5,4298,宮 下 元 胤,46,38,6.48,5,0.11,1.50.6,1-2-5,900,1,1-2,480,1,1-2-5,230,1,1-2,340,1,,,,,,,
20260214,蒲郡,5,一般戦,晴,南西,1,1,4,3,5009,大 賀 龍之介,64,55,6.60,3,0.07,1.51.7,1-2-5,900,1,1-2,480,1,1-2-5,230,1,1-2,340,1,,,,,,,
20260214,蒲郡,5,一般戦,晴,南西,1,1,5,4,3741,松 尾 基 成,57,69,6.65,4,0.11,,1-2-5,900,1,1-2,480,1,1-2-5,230,1,1-2,340,1,,,,,,,
20260214,蒲郡,5,一般戦,晴,南西,1,1,6,6,5349,宮 崎 奏 磨,59,73,6.55,6,0.07,,1-2-5,900,1,1-2,480,1,1-2-5,230,1,1-2,340,1,,,,,,,
20260214,蒲郡,6,一般戦,晴,南東,2,1,1,3,4497,桑 原 悠,13,48,6.67,3,0.07,1.48.8,3-1-4,890,2,3-1,440,2,1-3-4,300,2,1-3,140,1,,,,,,,
20260214,蒲郡,6,一般戦,晴,南東,2,1,2,1,4840,鈴 木 秀 茉,32,28,6.54,1,0.09,1.49.9,3-1-4,890,2,3-1,440,2,1-3-4,300,2,1-3,140,1,,,,,,,
20260214,蒲郡,6,一般戦,晴,南東,2,1,3,4,4442,松 竹 大 輔,18,65,6.61,4,0.04,1.51.6,3-1-4,890,2,3-1,440,2,1-3-4,300,2,1-3,140,1,,,,,,,
20260214,蒲郡,6,一般戦,晴,南東,2,1,4,6,4191,赤 羽 克 也,36,51,6.71,5,0.08,1.52.9,3-1-4,890,2,3-1,440,2,1-3-4,300,2,1-3,140,1,,,,,,,
20260214,蒲郡,6,一般戦,晴,南東,2,1,5,2,5332,村 松 遥 輝,35,39,6.59,2,0.11,,3-1-4,890,2,3-1,440,2,1-3-4,300,2,1-3,140,1,,,,,,,
20260214,蒲郡,6,一般戦,晴,南東,2,1,6,5,5424,熊 倉 幹 太,70,66,6.61,6,0.12,,3-1-4,890,2,3-1,440,2,1-3-4,300,2,1-3,140,1,,,,,,,
20260214,蒲郡,7,一般戦 進入固定,晴,南東,1,0,1,4,4254,川 島 圭 司,39,62,6.65,4,0.08,1.49.4,4-5-2,8140,31,4-5,2110,8,2-4-5,1920,8,4-5,900,4,,,,,,,
20260214,蒲郡,7,一般戦 進入固定,晴,南東,1,0,2,5,4520,高 倉 孝 太,40,23,6.56,5,0.13,1.51.0,4-5-2,8140,31,4-5,2110,8,2-4-5,1920,8,4-5,900,4,,,,,,,
20260214,蒲郡,7,一般戦 進入固定,晴,南東,1,0,3,2,4404,岸 蔭 亮,30,45,6.73,2,0.10,1.52.7,4-5-2,8140,31,4-5,2110,8,2-4-5,1920,8,4-5,900,4,,,,,,,
20260214,蒲郡,7,一般戦 進入固定,晴,南東,1,0,4,3,4438,森 作 雄 大,19,52,6.64,3,0.09,1.54.4,4-5-2,8140,31,4-5,2110,8,2-4-5,1920,8,4-5,900,4,,,,,,,
20260214,蒲郡,7,一般戦 進入固定,晴,南東,1,0,5,6,5383,中 村 楓,31,67,6.71,6,0.13,,4-5-2,8140,31,4-5,2110,8,2-4-5,1920,8,4-5,900,4,,,,,,,
20260214,蒲郡,7,一般戦 進入固定,晴,南東,1,0,6,1,4538,笠 置 博 之,43,56,6.60,1,0.15,,4-5-2,8140,31,4-5,2110,8,2-4-5,1920,8,4-5,900,4,,,,,,,
20260214,蒲郡,8,準優進出戦,晴,北東,1,0,1,1,4834,浜 本 裕 己,65,58,6.64,1,0.05,1.47.9,1-2-3,480,1,1-2,310,1,1-2-3,190,1,1-2,240,2,,,,,,,
20260214,蒲郡,8,準優進出戦,晴,北東,1,0,2,2,4069,山 本 修 一,60,35,6.76,2,0.09,1.48.9,1-2-3,480,1,1-2,310,1,1-2-3,190,1,1-2,240,2,,,,,,,
20260214,蒲郡,8,準優進出戦,晴,北東,1,0,3,3,4715,村 上 遼,55,50,6.74,3,0.12,1.50.6,1-2-3,480,1,1-2,310,1,1-2-3,190,1,1-2,240,2,,,,,,,
20260214,蒲郡,8,準優進出戦,晴,北東,1,0,4,4,4100,松 田 隆 司,21,61,6.68,4,0.23,1.51.1,1-2-3,480,1,1-2,310,1,1-2-3,190,1,1-2,240,2,,,,,,,
20260214,蒲郡,8,準優進出戦,晴,北東,1,0,5,6,4431,石 塚 裕 介,63,31,6.67,6,0.15,,1-2-3,480,1,1-2,310,1,1-2-3,190,1,1-2,240,2,,,,,,,
20260214,蒲郡,8,準優進出戦,晴,北東,1,0,6,5,4054,福 嶋 智 之,49,11,6.70,5,0.10,,1-2-3,480,1,1-2,310,1,1-2-3,190,1,1-2,240,2,,,,,,,
20260214,蒲郡,9,準優進出戦,晴,無風,0,0,1,1,4794,和 田 拓 也,77,64,6.62,1,0.11,1.48.6,1-2-5,3370,11,1-2,270,1,1-2-5,1630,6,1-2,160,1,,,,,,,
20260214,蒲郡,9,準優進出戦,晴,無風,0,0,2,2,4298,宮 下 元 胤,46,38,6.59,3,0.10,1.50.8,1-2-5,3370,11,1-2,270,1,1-2-5,1630,6,1-2,160,1,,,,,,,
20260214,蒲郡,9,準優進出戦,晴,無風,0,0,3,5,5276,大 島 隆乃介,20,36,6.65,6,0.18,1.51.5,1-2-5,3370,11,1-2,270,1,1-2-5,1630,6,1-2,160,1,,,,,,,
20260214,蒲郡,9,準優進出戦,晴,無風,0,0,4,3,4089,妹 尾 忠 幸,17,25,6.67,4,0.11,1.52.3,1-2-5,3370,11,1-2,270,1,1-2-5,1630,6,1-2,160,1,,,,,,,
20260214,蒲郡,9,準優進出戦,晴,無風,0,0,5,4,3981,今 坂 晃 広,34,37,6.69,5,0.15,,1-2-5,3370,11,1-2,270,1,1-2-5,1630,6,1-2,160,1,,,,,,,
20260214,蒲郡,9,準優進出戦,晴,無風,0,0,6,6,5120,山 本 稔太朗,48,68,6.83,2,0.14,,1-2-5,3370,11,1-2,270,1,1-2-5,1630,6,1-2,160,1,,,,,,,
20260214,蒲郡,10,準優進出戦,晴,無風,0,0,1,1,4497,桑 原 悠,13,48,6.65,1,0.09,1.48.8,1-3-4,1410,5,1-3,510,2,1-3-4,830,4,1-3,390,2,,,,,,,
20260214,蒲郡,10,準優進出戦,晴,無風,0,0,2,3,4625,渡 邊 裕 貴,54,29,6.58,3,0.14,1.49.8,1-3-4,1410,5,1-3,510,2,1-3-4,830,4,1-3,390,2,,,,,,,
20260214,蒲郡,10,準優進出戦,晴,無風,0,0,3,4,4460,後 藤 翔 之,29,47,6.69,4,0.12,1.50.6,1-3-4,1410,5,1-3,510,2,1-3-4,830,4,1-3,390,2,,,,,,,
20260214,蒲郡,10,準優進出戦,晴,無風,0,0,4,2,5255,藤 原 仙 二,38,24,6.64,2,0.19,1.50.7,1-3-4,1410,5,1-3,510,2,1-3-4,830,4,1-3,390,2,,,,,,,
20260214,蒲郡,10,準優進出戦,晴,無風,0,0,5,5,3922,菅 沼 佳 昭,61,59,6.65,5,0.19,,1-3-4,1410,5,1-3,510,2,1-3-4,830,4,1-3,390,2,,,,,,,
20260214,蒲郡,10,準優進出戦,晴,無風,0,0,6,6,4415,下 出 卓 矢,22,54,6.68,6,0.21,,1-3-4,1410,5,1-3,510,2,1-3-4,830,4,1-3,390,2,,,,,,,
20260214,蒲郡,11,準優進出戦,晴,無風,0,0,1,1,5005,石 田 貴 洋,26,33,6.59,1,0.12,1.49.3,1-2-4,1850,4,1-2,560,2,1-2-4,720,3,1-2,440,2,,,,,,,
20260214,蒲郡,11,準優進出戦,晴,無風,0,0,2,2,4442,松 竹 大 輔,18,65,6.64,3,0.18,1.50.3,1-2-4,1850,4,1-2,560,2,1-2-4,720,3,1-2,440,2,,,,,,,
20260214,蒲郡,11,準優進出戦,晴,無風,0,0,3,4,3905,天 野 友 和,16,53,6.74,5,0.22,1.51.7,1-2-4,1850,4,1-2,560,2,1-2-4,720,3,1-2,440,2,,,,,,,
20260214,蒲郡,11,準優進出戦,晴,無風,0,0,4,3,3983,須 藤 博 倫,76,40,6.72,4,0.18,1.52.9,1-2-4,1850,4,1-2,560,2,1-2-4,720,3,1-2,440,2,,,,,,,
20260214,蒲郡,11,準優進出戦,晴,無風,0,0,5,5,3687,花 田 和 明,68,30,6.69,2,0.16,,1-2-4,1850,4,1-2,560,2,1-2-4,720,3,1-2,440,2,,,,,,,
20260214,蒲郡,11,準優進出戦,晴,無風,0,0,6,6,4538,笠 置 博 之,43,56,6.55,6,0.20,,1-2-4,1850,4,1-2,560,2,1-2-4,720,3,1-2,440,2,,,,,,,
20260214,蒲郡,12,一般戦,晴,無風,0,0,1,1,4254,川 島 圭 司,39,62,6.60,1,0.09,1.48.5,1-2-3,1200,3,1-2,360,1,1-2-3,670,3,1-2,270,1,,,,,,,
20260214,蒲郡,12,一般戦,晴,無風,0,0,2,2,4840,鈴 木 秀 茉,32,28,6.56,2,0.03,1.49.6,1-2-3,1200,3,1-2,360,1,1-2-3,670,3,1-2,270,1,,,,,,,
20260214,蒲郡,12,一般戦,晴,無風,0,0,3,3,5331,佐 藤 永 梧,72,63,6.64,3,0.01,1.51.4,1-2-3,1200,3,1-2,360,1,1-2-3,670,3,1-2,270,1,,,,,,,
20260214,蒲郡,12,一般戦,晴,無風,0,0,4,4,4496,内 堀 学,58,41,6.62,4,0.07,1.52.4,1-2-3,1200,3,1-2,360,1,1-2-3,670,3,1-2,270,1,,,,,,,
20260214,蒲郡,12,一般戦,晴,無風,0,0,5,5,5394,福 西 広太郎,33,26,6.70,5,0.21,,1-2-3,1200,3,1-2,360,1,1-2-3,670,3,1-2,270,1,,,,,,,
20260214,蒲郡,12,一般戦,晴,無風,0,0,6,6,5009,大 賀 龍之介,64,55,6.70,6,0.17,,1-2-3,1200,3,1-2,360,1,1-2-3,670,3,1-2,270,1,,,,,,,
20260214,鳴門,1,一般,晴,無風,0,1,1,1,5285,若 林 麗,72,39,6.82,1,0.16,1.47.6,1-6-2,6070,21,1-6,2580,11,1-2-6,810,3,1-6,1070,5,,,,,,,
20260214,鳴門,1,一般,晴,無風,0,1,2,6,5103,芝 田 京 介,60,57,6.73,6,0.21,1.50.0,1-6-2,6070,21,1-6,2580,11,1-2-6,810,3,1-6,1070,5,,,,,,,
20260214,鳴門,1,一般,晴,無風,0,1,3,2,3615,横 田 茂,37,75,6.79,2,0.14,1.50.0,1-6-2,6070,21,1-6,2580,11,1-2-6,810,3,1-6,1070,5,,,,,,,
20260214,鳴門,1,一般,晴,無風,0,1,4,3,4744,伊 藤 玲 奈,23,26,6.82,3,0.13,1.50.2,1-6-2,6070,21,1-6,2580,11,1-2-6,810,3,1-6,1070,5,,,,,,,
20260214,鳴門,1,一般,晴,無風,0,1,5,5,3820,樫 葉 次 郎,66,24,6.82,5,0.14,,1-6-2,6070,21,1-6,2580,11,1-2-6,810,3,1-6,1070,5,,,,,,,
20260214,鳴門,1,一般,晴,無風,0,1,6,4,3474,松 瀬 弘 美,32,67,6.81,4,0.14,,1-6-2,6070,21,1-6,2580,11,1-2-6,810,3,1-6,1070,5,,,,,,,
20260214,鳴門,2,一般,晴,東,1,1,1,2,3370,坪 内 実,81,20,6.73,2,0.19,1.47.3,2-6-1,44050,91,2-6,14240,29,1-2-6,1370,8,2-6,2600,10,,,,,,,
20260214,鳴門,2,一般,晴,東,1,1,2,6,5249,三 木 晴 斗,52,72,6.72,6,0.14,1.48.1,2-6-1,44050,91,2-6,14240,29,1-2-6,1370,8,2-6,2600,10,,,,,,,
20260214,鳴門,2,一般,晴,東,1,1,3,1,5213,湯 淺 紀 香,78,71,6.71,1,0.19,1.50.5,2-6-1,44050,91,2-6,14240,29,1-2-6,1370,8,2-6,2600,10,,,,,,,
20260214,鳴門,2,一般,晴,東,1,1,4,4,4113,木 村 浩 士,64,63,6.76,4,0.22,1.52.5,2-6-1,44050,91,2-6,14240,29,1-2-6,1370,8,2-6,2600,10,,,,,,,
20260214,鳴門,2,一般,晴,東,1,1,5,5,5307,富 永 夏哉人,22,53,6.75,5,0.17,,2-6-1,44050,91,2-6,14240,29,1-2-6,1370,8,2-6,2600,10,,,,,,,
20260214,鳴門,2,一般,晴,東,1,1,6,3,4339,平 瀬 城 啓,62,33,6.73,3,0.19,,2-6-1,44050,91,2-6,14240,29,1-2-6,1370,8,2-6,2600,10,,,,,,,
20260214,鳴門,3,一般,晴,無風,0,1,1,4,4443,津 田 裕 絵,21,35,6.78,4,0.18,1.47.5,4-1-2,6980,25,4-1,2240,7,1-2-4,540,3,1-4,350,3,,,,,,,
20260214,鳴門,3,一般,晴,無風,0,1,2,1,3286,坂 東 満,38,29,6.78,1,0.17,1.49.1,4-1-2,6980,25,4-1,2240,7,1-2-4,540,3,1-4,350,3,,,,,,,
20260214,鳴門,3,一般,晴,無風,0,1,3,2,4273,佐 藤 旭,68,17,6.78,2,0.17,1.49.8,4-1-2,6980,25,4-1,2240,7,1-2-4,540,3,1-4,350,3,,,,,,,
20260214,鳴門,3,一般,晴,無風,0,1,4,3,4224,大 橋 栄里佳,35,77,6.74,3,0.15,1.51.1,4-1-2,6980,25,4-1,2240,7,1-2-4,540,3,1-4,350,3,,,,,,,
20260214,鳴門,3,一般,晴,無風,0,1,5,6,5291,三 嶌 こころ,20,30,6.81,6,0.16,,4-1-2,6980,25,4-1,2240,7,1-2-4,540,3,1-4,350,3,,,,,,,
20260214,鳴門,3,一般,晴,無風,0,1,6,5,3793,高 橋 真 吾,19,76,6.90,5,0.12,,4-1-2,6980,25,4-1,2240,7,1-2-4,540,3,1-4,350,3,,,,,,,
20260214,鳴門,4,一般,晴,南東,2,2,1,5,4324,海 野 康志郎,74,79,6.68,5,0.21,1.49.1,5-6-1,2300,4,5-6,940,3,1-5-6,590,3,5-6,810,3,,,,,,,
20260214,鳴門,4,一般,晴,南東,2,2,2,6,5243,三 馬 崇 史,30,38,6.74,6,0.29,1.49.7,5-6-1,2300,4,5-6,940,3,1-5-6,590,3,5-6,810,3,,,,,,,
20260214,鳴門,4,一般,晴,南東,2,2,3,1,4116,川 田 正 人,53,19,6.69,1,0.24,1.51.1,5-6-1,2300,4,5-6,940,3,1-5-6,590,3,5-6,810,3,,,,,,,
20260214,鳴門,4,一般,晴,南東,2,2,4,3,5006,久保原 秀 人,67,81,6.77,3,0.26,1.52.4,5-6-1,2300,4,5-6,940,3,1-5-6,590,3,5-6,810,3,,,,,,,
20260214,鳴門,4,一般,晴,南東,2,2,5,4,4865,立 具 敬 司,16,68,6.77,4,0.24,,5-6-1,2300,4,5-6,940,3,1-5-6,590,3,5-6,810,3,,,,,,,
20260214,鳴門,4,一般,晴,南東,2,2,6,2,3875,廣 中 良 一,18,50,6.78,2,0.23,,5-6-1,2300,4,5-6,940,3,1-5-6,590,3,5-6,810,3,,,,,,,
20260214,鳴門,5,一般,晴,南東,2,2,1,4,4330,奈 須 啓 太,82,23,6.73,4,0.08,1.47.0,4-2-1,5510,19,4-2,1820,7,1-2-4,410,2,2-4,1100,5,,,,,,,
20260214,鳴門,5,一般,晴,南東,2,2,2,2,3401,上 田 隆 章,39,21,6.79,2,0.14,1.48.8,4-2-1,5510,19,4-2,1820,7,1-2-4,410,2,2-4,1100,5,,,,,,,
20260214,鳴門,5,一般,晴,南東,2,2,3,1,5114,小 林 孝 彰,25,60,6.75,1,0.13,1.49.7,4-2-1,5510,19,4-2,1820,7,1-2-4,410,2,2-4,1100,5,,,,,,,
20260214,鳴門,5,一般,晴,南東,2,2,4,6,3361,岡 部 浩,10,37,6.89,6,0.19,1.51.4,4-2-1,5510,19,4-2,1820,7,1-2-4,410,2,2-4,1100,5,,,,,,,
20260214,鳴門,5,一般,晴,南東,2,2,5,3,4274,長 畑 友 輔,27,83,6.72,3,0.21,,4-2-1,5510,19,4-2,1820,7,1-2-4,410,2,2-4,1100,5,,,,,,,
20260214,鳴門,5,一般,晴,南東,2,2,6,5,4439,近 藤 友 宝,11,62,6.70,5,0.13,,4-2-1,5510,19,4-2,1820,7,1-2-4,410,2,2-4,1100,5,,,,,,,
20260214,鳴門,6,一般,晴,南東,2,2,1,5,4614,石 倉 洋 行,73,27,6.68,5,0.11,1.46.9,5-1-4,2260,9,5-1,390,2,1-4-5,590,4,1-5,190,1,,,,,,,
20260214,鳴門,6,一般,晴,南東,2,2,2,1,3284,渡 邊 伸太郎,24,28,6.72,1,0.11,1.49.3,5-1-4,2260,9,5-1,390,2,1-4-5,590,4,1-5,190,1,,,,,,,
20260214,鳴門,6,一般,晴,南東,2,2,3,4,4744,伊 藤 玲 奈,23,26,6.85,4,0.20,1.51.2,5-1-4,2260,9,5-1,390,2,1-4-5,590,4,1-5,190,1,,,,,,,
20260214,鳴門,6,一般,晴,南東,2,2,4,2,3820,樫 葉 次 郎,66,24,6.76,2,0.13,1.53.2,5-1-4,2260,9,5-1,390,2,1-4-5,590,4,1-5,190,1,,,,,,,
20260214,鳴門,6,一般,晴,南東,2,2,5,6,3684,清 水 攻 二,36,84,6.85,6,0.21,,5-1-4,2260,9,5-1,390,2,1-4-5,590,4,1-5,190,1,,,,,,,
20260214,鳴門,6,一般,晴,南東,2,2,6,3,5265,大 廣 咲 季,12,66,6.89,3,0.17,,5-1-4,2260,9,5-1,390,2,1-4-5,590,4,1-5,190,1,,,,,,,
20260214,鳴門,7,一般,晴,東,2,2,1,1,5291,三 嶌 こころ,20,30,6.74,1,0.11,1.47.9,1-3-4,1260,3,1-3,760,3,1-3-4,340,1,1-3,320,1,,,,,,,
20260214,鳴門,7,一般,晴,東,2,2,2,3,4581,吉 村 誠,54,32,6.87,3,0.13,1.48.3,1-3-4,1260,3,1-3,760,3,1-3-4,340,1,1-3,320,1,,,,,,,
20260214,鳴門,7,一般,晴,東,2,2,3,4,4224,大 橋 栄里佳,35,77,6.72,4,0.12,1.50.0,1-3-4,1260,3,1-3,760,3,1-3-4,340,1,1-3,320,1,,,,,,,
20260214,鳴門,7,一般,晴,東,2,2,4,6,5285,若 林 麗,72,39,6.78,6,0.13,1.52.8,1-3-4,1260,3,1-3,760,3,1-3-4,340,1,1-3,320,1,,,,,,,
20260214,鳴門,7,一般,晴,東,2,2,5,5,3370,坪 内 実,81,20,6.80,5,0.12,,1-3-4,1260,3,1-3,760,3,1-3-4,340,1,1-3,320,1,,,,,,,
20260214,鳴門,7,一般,晴,東,2,2,6,2,5162,松 尾 怜 実,17,52,6.73,2,0.13,,1-3-4,1260,3,1-3,760,3,1-3-4,340,1,1-3,320,1,,,,,,,
20260214,鳴門,8,一般,晴,南東,2,2,1,2,3793,高 橋 真 吾,19,76,6.81,2,0.14,1.48.4,2-5-3,57920,83,2-5,10330,21,2-3-5,3840,14,2-5,3090,10,,,,,,,
20260214,鳴門,8,一般,晴,南東,2,2,2,5,3615,横 田 茂,37,75,6.73,5,0.17,1.50.2,2-5-3,57920,83,2-5,10330,21,2-3-5,3840,14,2-5,3090,10,,,,,,,
20260214,鳴門,8,一般,晴,南東,2,2,3,3,4113,木 村 浩 士,64,63,6.77,3,0.19,1.50.7,2-5-3,57920,83,2-5,10330,21,2-3-5,3840,14,2-5,3090,10,,,,,,,
20260214,鳴門,8,一般,晴,南東,2,2,4,4,4116,川 田 正 人,53,19,6.79,4,0.19,1.51.6,2-5-3,57920,83,2-5,10330,21,2-3-5,3840,14,2-5,3090,10,,,,,,,
20260214,鳴門,8,一般,晴,南東,2,2,5,1,5243,三 馬 崇 史,30,38,6.66,1,0.16,,2-5-3,57920,83,2-5,10330,21,2-3-5,3840,14,2-5,3090,10,,,,,,,
20260214,鳴門,8,一般,晴,南東,2,2,6,6,3286,坂 東 満,38,29,6.71,6,0.15,,2-5-3,57920,83,2-5,10330,21,2-3-5,3840,14,2-5,3090,10,,,,,,,
20260214,鳴門,9,なるちゃん特,晴,東,2,2,1,4,4274,長 畑 友 輔,27,83,6.72,5,0.14,1.47.9,4-3-2,12070,45,4-3,2260,10,2-3-4,1930,9,3-4,1200,4,,,,,,,
20260214,鳴門,9,なるちゃん特,晴,東,2,2,2,3,4865,立 具 敬 司,16,68,6.80,3,0.10,1.49.5,4-3-2,12070,45,4-3,2260,10,2-3-4,1930,9,3-4,1200,4,,,,,,,
20260214,鳴門,9,なるちゃん特,晴,東,2,2,3,2,4439,近 藤 友 宝,11,62,6.81,2,0.07,1.50.5,4-3-2,12070,45,4-3,2260,10,2-3-4,1930,9,3-4,1200,4,,,,,,,
20260214,鳴門,9,なるちゃん特,晴,東,2,2,4,6,5213,湯 淺 紀 香,78,71,6.81,6,0.23,1.51.9,4-3-2,12070,45,4-3,2260,10,2-3-4,1930,9,3-4,1200,4,,,,,,,
20260214,鳴門,9,なるちゃん特,晴,東,2,2,5,1,5103,芝 田 京 介,60,57,6.67,1,0.08,,4-3-2,12070,45,4-3,2260,10,2-3-4,1930,9,3-4,1200,4,,,,,,,
20260214,鳴門,9,なるちゃん特,晴,東,2,2,6,5,3875,廣 中 良 一,18,50,6.83,4,0.13,,4-3-2,12070,45,4-3,2260,10,2-3-4,1930,9,3-4,1200,4,,,,,,,
20260214,鳴門,10,選抜戦,晴,南東,2,2,1,2,4614,石 倉 洋 行,73,27,6.71,2,0.13,1.46.5,2-1-3,1050,3,2-1,560,2,1-2-3,180,1,1-2,190,1,,,,,,,
20260214,鳴門,10,選抜戦,晴,南東,2,2,2,1,5249,三 木 晴 斗,52,72,6.67,1,0.15,1.47.7,2-1-3,1050,3,2-1,560,2,1-2-3,180,1,1-2,190,1,,,,,,,
20260214,鳴門,10,選抜戦,晴,南東,2,2,3,3,4330,奈 須 啓 太,82,23,6.69,3,0.09,1.50.1,2-1-3,1050,3,2-1,560,2,1-2-3,180,1,1-2,190,1,,,,,,,
20260214,鳴門,10,選抜戦,晴,南東,2,2,4,5,4273,佐 藤 旭,68,17,6.88,5,0.17,1.51.4,2-1-3,1050,3,2-1,560,2,1-2-3,180,1,1-2,190,1,,,,,,,
20260214,鳴門,10,選抜戦,晴,南東,2,2,5,6,5114,小 林 孝 彰,25,60,6.76,6,0.25,,2-1-3,1050,3,2-1,560,2,1-2-3,180,1,1-2,190,1,,,,,,,
20260214,鳴門,10,選抜戦,晴,南東,2,2,6,4,5006,久保原 秀 人,67,81,6.76,4,0.15,,2-1-3,1050,3,2-1,560,2,1-2-3,180,1,1-2,190,1,,,,,,,
20260214,鳴門,11,選抜戦,晴,南東,2,2,1,2,4324,海 野 康志郎,74,79,6.71,2,0.20,1.48.4,2-3-4,1930,7,2-3,750,4,2-3-4,570,2,2-3,730,3,,,,,,,
20260214,鳴門,11,選抜戦,晴,南東,2,2,2,3,4443,津 田 裕 絵,21,35,6.87,3,0.26,1.49.3,2-3-4,1930,7,2-3,750,4,2-3-4,570,2,2-3,730,3,,,,,,,
20260214,鳴門,11,選抜戦,晴,南東,2,2,3,4,4581,吉 村 誠,54,32,6.82,4,0.31,1.51.3,2-3-4,1930,7,2-3,750,4,2-3-4,570,2,2-3,730,3,,,,,,,
20260214,鳴門,11,選抜戦,晴,南東,2,2,4,6,3284,渡 邊 伸太郎,24,28,6.70,5,0.43,1.52.6,2-3-4,1930,7,2-3,750,4,2-3-4,570,2,2-3,730,3,,,,,,,
20260214,鳴門,11,選抜戦,晴,南東,2,2,5,1,3361,岡 部 浩,10,37,6.75,1,0.22,,2-3-4,1930,7,2-3,750,4,2-3-4,570,2,2-3,730,3,,,,,,,
20260214,鳴門,11,選抜戦,晴,南東,2,2,6,5,3401,上 田 隆 章,39,21,6.74,6,0.41,,2-3-4,1930,7,2-3,750,4,2-3-4,570,2,2-3,730,3,,,,,,,
20260214,鳴門,12,優勝戦,晴,南東,2,2,1,1,5158,宮 脇 遼 太,71,10,6.70,1,0.05,1.47.0,1-4-6,2360,9,1-4,410,1,1-4-6,1080,6,1-4,290,1,,,,,,,
20260214,鳴門,12,優勝戦,晴,南東,2,2,2,4,4239,竹 田 辰 也,63,12,6.73,4,0.15,1.48.9,1-4-6,2360,9,1-4,410,1,1-4-6,1080,6,1-4,290,1,,,,,,,
20260214,鳴門,12,優勝戦,晴,南東,2,2,3,6,4958,溝 口 海義也,15,65,6.82,6,0.13,1.50.7,1-4-6,2360,9,1-4,410,1,1-4-6,1080,6,1-4,290,1,,,,,,,
20260214,鳴門,12,優勝戦,晴,南東,2,2,4,5,4991,宗 行 治 哉,51,74,6.72,5,0.16,1.50.9,1-4-6,2360,9,1-4,410,1,1-4-6,1080,6,1-4,290,1,,,,,,,
20260214,鳴門,12,優勝戦,晴,南東,2,2,5,2,4730,土 屋 実沙希,26,64,6.73,2,0.16,,1-4-6,2360,9,1-4,410,1,1-4-6,1080,6,1-4,290,1,,,,,,,
20260214,鳴門,12,優勝戦,晴,南東,2,2,6,3,3888,山 本 英 志,69,55,6.70,3,0.23,,1-4-6,2360,9,1-4,410,1,1-4-6,1080,6,1-4,290,1,,,,,,,
