date,venue_name,race_no,race_type,weather,wind_dir,wind_ms,wave_cm,rank,waku,reg_no,name,motor_no,boat_no,exhibition_time,course_enter,st_timing,race_time,won3,won3_pay,won3_pop,won2,won2_pay,won2_pop,trio,trio_pay,trio_pop,pair,pair_pay,pair_pop,lap_time,turn_time,straight_time,lap_rank,turn_rank,straight_rank,exhibition_eval
20260102,三国,1,みくにあさイ,雪,北,1,1,1,1,4469,土 山 卓 也,15,17,6.69,1,0.15,1.11.4,1-2-3,700,1,1-2,260,1,1-2-3,300,1,1-2,240,2,,,,,,,
20260102,三国,1,みくにあさイ,雪,北,1,1,2,2,4035,杉 江 浩 明,59,45,6.74,2,0.23,1.13.0,1-2-3,700,1,1-2,260,1,1-2-3,300,1,1-2,240,2,,,,,,,
20260102,三国,1,みくにあさイ,雪,北,1,1,3,3,3870,寺 嶋 雄,67,34,6.84,3,0.18,1.14.8,1-2-3,700,1,1-2,260,1,1-2-3,300,1,1-2,240,2,,,,,,,
20260102,三国,1,みくにあさイ,雪,北,1,1,4,6,4339,平 瀬 城 啓,62,51,6.69,6,0.21,1.15.6,1-2-3,700,1,1-2,260,1,1-2-3,300,1,1-2,240,2,,,,,,,
20260102,三国,1,みくにあさイ,雪,北,1,1,5,4,4176,樋 口 喜 彦,44,72,6.77,4,0.19,,1-2-3,700,1,1-2,260,1,1-2-3,300,1,1-2,240,2,,,,,,,
20260102,三国,1,みくにあさイ,雪,北,1,1,6,5,5344,谷 口 丞,22,60,6.74,5,0.36,,1-2-3,700,1,1-2,260,1,1-2-3,300,1,1-2,240,2,,,,,,,
20260102,三国,2,みくにあさガ,雪,北,1,1,1,2,3548,室 田 泰 史,37,28,6.79,2,0.07,1.11.7,2-1-6,1920,6,2-1,490,3,1-2-6,340,2,1-2,140,1,,,,,,,
20260102,三国,2,みくにあさガ,雪,北,1,1,2,1,4356,長 岡 良 也,69,22,6.70,1,0.13,1.12.0,2-1-6,1920,6,2-1,490,3,1-2-6,340,2,1-2,140,1,,,,,,,
20260102,三国,2,みくにあさガ,雪,北,1,1,3,6,4675,井 手 良 太,43,30,6.71,6,0.09,1.14.6,2-1-6,1920,6,2-1,490,3,1-2-6,340,2,1-2,140,1,,,,,,,
20260102,三国,2,みくにあさガ,雪,北,1,1,4,3,4405,南 野 利 騰,63,37,6.77,3,0.15,1.14.9,2-1-6,1920,6,2-1,490,3,1-2-6,340,2,1-2,140,1,,,,,,,
20260102,三国,2,みくにあさガ,雪,北,1,1,5,5,3577,向 所 浩 二,17,18,6.79,5,0.13,,2-1-6,1920,6,2-1,490,3,1-2-6,340,2,1-2,140,1,,,,,,,
20260102,三国,2,みくにあさガ,雪,北,1,1,6,4,5366,塩 嶋 泰 空,57,57,6.80,4,0.14,,2-1-6,1920,6,2-1,490,3,1-2-6,340,2,1-2,140,1,,,,,,,
20260102,三国,3,みくにあさズ,雪,東,1,1,1,1,4514,上 條 嘉 嗣,45,62,6.67,1,0.21,1.13.0,1-3-4,1270,4,1-3,260,1,1-3-4,800,3,1-3,160,1,,,,,,,
20260102,三国,3,みくにあさズ,雪,東,1,1,2,3,4587,木 田 峰由季,53,39,6.75,2,0.37,1.13.8,1-3-4,1270,4,1-3,260,1,1-3-4,800,3,1-3,160,1,,,,,,,
20260102,三国,3,みくにあさズ,雪,東,1,1,3,4,5282,中 本 大 樹,50,38,6.66,3,0.24,1.15.1,1-3-4,1270,4,1-3,260,1,1-3-4,800,3,1-3,160,1,,,,,,,
20260102,三国,3,みくにあさズ,雪,東,1,1,4,6,5085,中 村 栄 治,19,35,6.74,4,0.39,1.15.6,1-3-4,1270,4,1-3,260,1,1-3-4,800,3,1-3,160,1,,,,,,,
20260102,三国,3,みくにあさズ,雪,東,1,1,5,2,4665,加 藤 啓 太,56,52,6.66,5,0.30,,1-3-4,1270,4,1-3,260,1,1-3-4,800,3,1-3,160,1,,,,,,,
20260102,三国,3,みくにあさズ,雪,東,1,1,6,5,3922,菅 沼 佳 昭,33,48,6.66,6,0.27,,1-3-4,1270,4,1-3,260,1,1-3-4,800,3,1-3,160,1,,,,,,,
20260102,三国,4,みくにあさ推,雪,北,2,2,1,4,4436,渋 谷 明 憲,16,41,6.65,4,0.21,1.16.9,4-3-2,18360,40,4-3,5090,14,2-3-4,1430,6,3-4,2630,7,,,,,,,
20260102,三国,4,みくにあさ推,雪,北,2,2,2,3,5247,大 森 翼,48,29,6.71,3,0.27,1.20.4,4-3-2,18360,40,4-3,5090,14,2-3-4,1430,6,3-4,2630,7,,,,,,,
20260102,三国,4,みくにあさ推,雪,北,2,2,3,2,4415,下 出 卓 矢,40,55,6.61,2,0.21,1.22.1,4-3-2,18360,40,4-3,5090,14,2-3-4,1430,6,3-4,2630,7,,,,,,,
20260102,三国,4,みくにあさ推,雪,北,2,2,4,5,3891,谷 口 健 一,11,47,6.83,5,0.22,1.23.9,4-3-2,18360,40,4-3,5090,14,2-3-4,1430,6,3-4,2630,7,,,,,,,
20260102,三国,4,みくにあさ推,雪,北,2,2,5,1,4133,高 橋 正 男,41,69,6.70,1,0.24,,4-3-2,18360,40,4-3,5090,14,2-3-4,1430,6,3-4,2630,7,,,,,,,
20260102,三国,5,予選,雪,北東,1,1,1,1,5185,加 藤 優 弥,66,70,6.75,1,0.03,1.12.1,1-5-3,2150,7,1-5,870,4,1-3-5,710,5,1-5,470,2,,,,,,,
20260102,三国,5,予選,雪,北東,1,1,2,5,3833,中 辻 博 訓,47,49,6.81,5,0.08,1.12.6,1-5-3,2150,7,1-5,870,4,1-3-5,710,5,1-5,470,2,,,,,,,
20260102,三国,5,予選,雪,北東,1,1,3,3,4934,佐々木 翔 斗,54,23,6.74,3,0.06,1.13.7,1-5-3,2150,7,1-5,870,4,1-3-5,710,5,1-5,470,2,,,,,,,
20260102,三国,5,予選,雪,北東,1,1,4,4,4925,森 悠 稀,61,68,6.75,4,0.04,1.13.8,1-5-3,2150,7,1-5,870,4,1-3-5,710,5,1-5,470,2,,,,,,,
20260102,三国,5,予選,雪,北東,1,1,5,2,4210,松 村 康 太,55,20,6.70,2,0.09,,1-5-3,2150,7,1-5,870,4,1-3-5,710,5,1-5,470,2,,,,,,,
20260102,三国,5,予選,雪,北東,1,1,6,6,4253,西 川 真 人,29,44,6.74,6,0.09,,1-5-3,2150,7,1-5,870,4,1-3-5,710,5,1-5,470,2,,,,,,,
20260102,三国,6,予選,雪,北,1,1,1,1,4930,佐 藤 悠,13,67,6.64,1,0.04,1.12.6,1-3-4,1700,7,1-3,500,2,1-3-4,670,3,1-3,590,2,,,,,,,
20260102,三国,6,予選,雪,北,1,1,2,3,4003,表 憲 一,27,26,6.77,3,0.11,1.13.5,1-3-4,1700,7,1-3,500,2,1-3-4,670,3,1-3,590,2,,,,,,,
20260102,三国,6,予選,雪,北,1,1,3,4,3872,岡 田 憲 行,70,56,6.82,4,0.34,1.14.2,1-3-4,1700,7,1-3,500,2,1-3-4,670,3,1-3,590,2,,,,,,,
20260102,三国,6,予選,雪,北,1,1,4,2,4339,平 瀬 城 啓,62,51,6.76,2,0.22,1.15.4,1-3-4,1700,7,1-3,500,2,1-3-4,670,3,1-3,590,2,,,,,,,
20260102,三国,6,予選,雪,北,1,1,5,5,5091,為 本 智 也,21,71,6.66,5,0.10,,1-3-4,1700,7,1-3,500,2,1-3-4,670,3,1-3,590,2,,,,,,,
20260102,三国,6,予選,雪,北,1,1,6,6,5366,塩 嶋 泰 空,57,57,6.77,6,0.15,,1-3-4,1700,7,1-3,500,2,1-3-4,670,3,1-3,590,2,,,,,,,
20260102,三国,7,予選,雪,無風,0,0,1,2,3635,石 田 政 吾,24,40,6.74,2,0.09,1.12.5,2-6-5,23000,57,2-6,10960,19,2-5-6,1320,6,2-6,4710,10,,,,,,,
20260102,三国,7,予選,雪,無風,0,0,2,6,4711,前 出 達 吉,39,15,6.77,6,0.11,1.13.1,2-6-5,23000,57,2-6,10960,19,2-5-6,1320,6,2-6,4710,10,,,,,,,
20260102,三国,7,予選,雪,無風,0,0,3,5,4013,中 島 孝 平,58,53,6.81,5,0.09,1.14.0,2-6-5,23000,57,2-6,10960,19,2-5-6,1320,6,2-6,4710,10,,,,,,,
20260102,三国,7,予選,雪,無風,0,0,4,4,4977,馬 野 耀,18,50,6.70,4,0.11,1.14.9,2-6-5,23000,57,2-6,10960,19,2-5-6,1320,6,2-6,4710,10,,,,,,,
20260102,三国,7,予選,雪,無風,0,0,5,1,5282,中 本 大 樹,50,38,6.63,1,0.21,,2-6-5,23000,57,2-6,10960,19,2-5-6,1320,6,2-6,4710,10,,,,,,,
20260102,三国,7,予選,雪,無風,0,0,6,3,5344,谷 口 丞,22,60,6.74,3,0.14,,2-6-5,23000,57,2-6,10960,19,2-5-6,1320,6,2-6,4710,10,,,,,,,
20260102,三国,8,予選,雪,北東,1,1,1,1,4138,中 井 俊 祐,12,21,6.75,1,0.11,1.12.6,1-4-5,2590,8,1-4,650,2,1-4-5,670,3,1-4,540,4,,,,,,,
20260102,三国,8,予選,雪,北東,1,1,2,4,4061,萩 原 秀 人,49,11,6.79,4,0.21,1.13.1,1-4-5,2590,8,1-4,650,2,1-4-5,670,3,1-4,540,4,,,,,,,
20260102,三国,8,予選,雪,北東,1,1,3,5,4436,渋 谷 明 憲,16,41,6.69,5,0.18,1.13.8,1-4-5,2590,8,1-4,650,2,1-4-5,670,3,1-4,540,4,,,,,,,
20260102,三国,8,予選,雪,北東,1,1,4,2,4587,木 田 峰由季,53,39,6.75,2,0.12,1.15.0,1-4-5,2590,8,1-4,650,2,1-4-5,670,3,1-4,540,4,,,,,,,
20260102,三国,8,予選,雪,北東,1,1,5,6,4405,南 野 利 騰,63,37,6.75,6,0.29,,1-4-5,2590,8,1-4,650,2,1-4-5,670,3,1-4,540,4,,,,,,,
20260102,三国,8,予選,雪,北東,1,1,6,3,4176,樋 口 喜 彦,44,72,6.75,3,0.15,,1-4-5,2590,8,1-4,650,2,1-4-5,670,3,1-4,540,4,,,,,,,
20260102,三国,9,予選,雪,北東,1,1,1,5,4415,下 出 卓 矢,40,55,6.57,5,0.21,1.13.3,5-4-2,9460,51,5-4,1730,11,2-4-5,1310,8,4-5,800,5,,,,,,,
20260102,三国,9,予選,雪,北東,1,1,2,4,4520,高 倉 孝 太,26,27,6.79,4,0.19,1.13.8,5-4-2,9460,51,5-4,1730,11,2-4-5,1310,8,4-5,800,5,,,,,,,
20260102,三国,9,予選,雪,北東,1,1,3,2,5085,中 村 栄 治,19,13,6.79,2,0.32,1.15.6,5-4-2,9460,51,5-4,1730,11,2-4-5,1310,8,4-5,800,5,,,,,,,
20260102,三国,9,予選,雪,北東,1,1,4,3,4469,土 山 卓 也,15,17,6.65,3,0.33,1.15.6,5-4-2,9460,51,5-4,1730,11,2-4-5,1310,8,4-5,800,5,,,,,,,
20260102,三国,9,予選,雪,北東,1,1,5,1,4785,木 幡 純 也,38,42,6.55,1,0.25,,5-4-2,9460,51,5-4,1730,11,2-4-5,1310,8,4-5,800,5,,,,,,,
20260102,三国,9,予選,雪,北東,1,1,6,6,4578,藤 山 雅 弘,46,43,6.71,6,0.29,,5-4-2,9460,51,5-4,1730,11,2-4-5,1310,8,4-5,800,5,,,,,,,
20260102,三国,10,予選特賞,雪,無風,0,0,1,5,4930,佐 藤 悠,13,67,6.66,5,0.23,1.12.1,5-1-6,5120,24,5-1,2360,11,1-5-6,1970,9,1-5,990,7,,,,,,,
20260102,三国,10,予選特賞,雪,無風,0,0,2,1,4035,杉 江 浩 明,59,45,6.74,1,0.16,1.13.0,5-1-6,5120,24,5-1,2360,11,1-5-6,1970,9,1-5,990,7,,,,,,,
20260102,三国,10,予選特賞,雪,無風,0,0,3,6,4925,森 悠 稀,61,68,6.75,6,0.28,1.14.4,5-1-6,5120,24,5-1,2360,11,1-5-6,1970,9,1-5,990,7,,,,,,,
20260102,三国,10,予選特賞,雪,無風,0,0,4,2,4356,長 岡 良 也,69,22,6.74,2,0.17,1.14.8,5-1-6,5120,24,5-1,2360,11,1-5-6,1970,9,1-5,990,7,,,,,,,
20260102,三国,10,予選特賞,雪,無風,0,0,5,3,5114,小 林 孝 彰,25,19,6.69,3,0.26,,5-1-6,5120,24,5-1,2360,11,1-5-6,1970,9,1-5,990,7,,,,,,,
20260102,三国,10,予選特賞,雪,無風,0,0,6,4,3891,谷 口 健 一,11,47,6.87,4,0.28,,5-1-6,5120,24,5-1,2360,11,1-5-6,1970,9,1-5,990,7,,,,,,,
20260102,三国,11,記者特選,雪,無風,0,0,1,1,3872,岡 田 憲 行,70,56,6.86,1,0.25,1.12.6,1-3-4,910,1,1-3,360,1,1-3-4,380,1,1-3,240,1,,,,,,,
20260102,三国,11,記者特選,雪,無風,0,0,2,3,4514,上 條 嘉 嗣,45,62,6.85,3,0.21,1.13.1,1-3-4,910,1,1-3,360,1,1-3-4,380,1,1-3,240,1,,,,,,,
20260102,三国,11,記者特選,雪,無風,0,0,3,4,3548,室 田 泰 史,37,28,6.86,4,0.20,1.14.6,1-3-4,910,1,1-3,360,1,1-3-4,380,1,1-3,240,1,,,,,,,
20260102,三国,11,記者特選,雪,無風,0,0,4,5,4210,松 村 康 太,55,20,6.79,5,0.19,1.14.7,1-3-4,910,1,1-3,360,1,1-3-4,380,1,1-3,240,1,,,,,,,
20260102,三国,11,記者特選,雪,無風,0,0,5,2,5247,大 森 翼,48,29,6.88,2,0.24,,1-3-4,910,1,1-3,360,1,1-3-4,380,1,1-3,240,1,,,,,,,
20260102,三国,11,記者特選,雪,無風,0,0,6,6,3635,石 田 政 吾,24,40,6.79,6,0.19,,1-3-4,910,1,1-3,360,1,1-3-4,380,1,1-3,240,1,,,,,,,
20260102,三国,12,カニ坊選抜,雪,無風,0,0,1,1,4061,萩 原 秀 人,49,11,6.74,1,0.01,1.11.8,1-3-6,1850,8,1-3,650,4,1-3-6,950,6,1-3,480,3,,,,,,,
20260102,三国,12,カニ坊選抜,雪,無風,0,0,2,3,3922,菅 沼 佳 昭,33,48,6.67,3,0.01,1.13.8,1-3-6,1850,8,1-3,650,4,1-3-6,950,6,1-3,480,3,,,,,,,
20260102,三国,12,カニ坊選抜,雪,無風,0,0,3,6,4977,馬 野 耀,18,50,6.68,5,0.06,1.14.0,1-3-6,1850,8,1-3,650,4,1-3-6,950,6,1-3,480,3,,,,,,,
20260102,三国,12,カニ坊選抜,雪,無風,0,0,4,4,4133,高 橋 正 男,41,69,6.73,4,0.02,1.14.2,1-3-6,1850,8,1-3,650,4,1-3-6,950,6,1-3,480,3,,,,,,,
20260102,三国,12,カニ坊選抜,雪,無風,0,0,5,5,4934,佐々木 翔 斗,54,23,6.76,6,0.11,,1-3-6,1850,8,1-3,650,4,1-3-6,950,6,1-3,480,3,,,,,,,
20260102,下関,1,一般,晴,北西,5,5,1,1,3284,渡 邊 伸太郎,39,15,6.73,1,0.22,1.48.5,1-2-3,350,1,1-2,180,1,1-2-3,140,1,1-2,200,1,,,,,,,
20260102,下関,1,一般,晴,北西,5,5,2,2,4151,下 河 誉 史,70,43,6.69,2,0.24,1.50.3,1-2-3,350,1,1-2,180,1,1-2-3,140,1,1-2,200,1,,,,,,,
20260102,下関,1,一般,晴,北西,5,5,3,3,5146,野 田 彩 加,31,51,6.80,3,0.25,1.52.8,1-2-3,350,1,1-2,180,1,1-2-3,140,1,1-2,200,1,,,,,,,
20260102,下関,1,一般,晴,北西,5,5,4,4,5342,原 村 百 那,59,60,6.74,4,0.23,1.54.1,1-2-3,350,1,1-2,180,1,1-2-3,140,1,1-2,200,1,,,,,,,
20260102,下関,1,一般,晴,北西,5,5,5,6,5397,寺 田 夢 生,48,70,6.68,6,0.21,,1-2-3,350,1,1-2,180,1,1-2-3,140,1,1-2,200,1,,,,,,,
20260102,下関,1,一般,晴,北西,5,5,6,5,5336,瀬 川 大 地,23,20,6.68,5,0.21,,1-2-3,350,1,1-2,180,1,1-2-3,140,1,1-2,200,1,,,,,,,
20260102,下関,2,一般,雪,西,5,5,1,6,5117,冨名腰 桃 奈,20,64,6.73,5,0.31,1.49.2,6-4-2,74420,76,6-4,19370,26,2-4-6,3260,10,4-6,3730,9,,,,,,,
20260102,下関,2,一般,雪,西,5,5,2,4,3224,栗 山 繁 洋,62,30,6.69,4,0.31,1.51.8,6-4-2,74420,76,6-4,19370,26,2-4-6,3260,10,4-6,3730,9,,,,,,,
20260102,下関,2,一般,雪,西,5,5,3,2,4251,川 崎 誠 志,43,36,6.70,2,0.39,1.53.3,6-4-2,74420,76,6-4,19370,26,2-4-6,3260,10,4-6,3730,9,,,,,,,
20260102,下関,2,一般,雪,西,5,5,4,5,5406,小 畑 楓 夏,29,58,6.67,6,0.24,1.54.1,6-4-2,74420,76,6-4,19370,26,2-4-6,3260,10,4-6,3730,9,,,,,,,
20260102,下関,2,一般,雪,西,5,5,5,1,3305,小 野 信 樹,30,27,6.66,1,0.35,,6-4-2,74420,76,6-4,19370,26,2-4-6,3260,10,4-6,3730,9,,,,,,,
20260102,下関,2,一般,雪,西,5,5,6,3,5180,藤 本 紗弥香,60,22,6.76,3,0.42,,6-4-2,74420,76,6-4,19370,26,2-4-6,3260,10,4-6,3730,9,,,,,,,
20260102,下関,3,一般,雪,北西,3,3,1,1,4574,東 潤 樹,65,53,6.61,1,0.19,1.58.4,1-3-4,540,1,1-3,210,1,1-3-4,190,1,1-3,120,1,,,,,,,
20260102,下関,3,一般,雪,北西,3,3,2,3,4239,竹 田 辰 也,36,26,6.69,3,0.20,2.00.8,1-3-4,540,1,1-3,210,1,1-3-4,190,1,1-3,120,1,,,,,,,
20260102,下関,3,一般,雪,北西,3,3,3,4,4873,蒲 原 健 太,12,31,6.67,4,0.23,2.02.8,1-3-4,540,1,1-3,210,1,1-3-4,190,1,1-3,120,1,,,,,,,
20260102,下関,3,一般,雪,北西,3,3,4,2,5277,井 上 未 都,61,54,6.72,2,0.15,2.05.4,1-3-4,540,1,1-3,210,1,1-3-4,190,1,1-3,120,1,,,,,,,
20260102,下関,3,一般,雪,北西,3,3,5,5,4425,大 井 清 貴,28,50,6.72,5,0.23,,1-3-4,540,1,1-3,210,1,1-3-4,190,1,1-3,120,1,,,,,,,
20260102,下関,4,一般,雪,西,4,4,1,1,3661,柳 瀬 興 志,44,19,6.73,1,0.19,1.48.3,1-2-6,810,3,1-2,210,1,1-2-6,500,3,1-2,130,1,,,,,,,
20260102,下関,4,一般,雪,西,4,4,2,2,3574,大 神 康 司,42,46,6.82,2,0.18,1.50.3,1-2-6,810,3,1-2,210,1,1-2-6,500,3,1-2,130,1,,,,,,,
20260102,下関,4,一般,雪,西,4,4,3,6,5152,丸 山 祐 也,38,17,6.73,4,0.28,1.51.7,1-2-6,810,3,1-2,210,1,1-2-6,500,3,1-2,130,1,,,,,,,
20260102,下関,4,一般,雪,西,4,4,4,3,4990,田 中 博 子,16,13,6.71,3,0.21,1.52.7,1-2-6,810,3,1-2,210,1,1-2-6,500,3,1-2,130,1,,,,,,,
20260102,下関,4,一般,雪,西,4,4,5,4,4097,貫地谷 直 人,32,23,6.78,5,0.27,,1-2-6,810,3,1-2,210,1,1-2-6,500,3,1-2,130,1,,,,,,,
20260102,下関,4,一般,雪,西,4,4,6,5,5387,戸 田 海咲音,51,47,6.72,6,0.23,,1-2-6,810,3,1-2,210,1,1-2-6,500,3,1-2,130,1,,,,,,,
20260102,下関,5,長州 ファイ,雪,北西,3,3,1,3,4332,村 上 彰 一,67,68,6.68,3,0.28,1.49.2,3-2-1,18370,31,3-2,9620,14,1-2-3,250,1,2-3,3260,7,,,,,,,
20260102,下関,5,長州 ファイ,雪,北西,3,3,2,2,4158,木 場 雄二郎,11,42,6.71,2,0.26,1.50.8,3-2-1,18370,31,3-2,9620,14,1-2-3,250,1,2-3,3260,7,,,,,,,
20260102,下関,5,長州 ファイ,雪,北西,3,3,3,1,4009,小 林 一 樹,19,34,6.67,1,0.16,1.50.9,3-2-1,18370,31,3-2,9620,14,1-2-3,250,1,2-3,3260,7,,,,,,,
20260102,下関,5,長州 ファイ,雪,北西,3,3,4,5,3853,岩 崎 正 哉,22,35,6.71,4,0.28,1.52.9,3-2-1,18370,31,3-2,9620,14,1-2-3,250,1,2-3,3260,7,,,,,,,
20260102,下関,5,長州 ファイ,雪,北西,3,3,5,4,5375,庄 島 潤 成,47,11,6.67,5,0.27,,3-2-1,18370,31,3-2,9620,14,1-2-3,250,1,2-3,3260,7,,,,,,,
20260102,下関,5,長州 ファイ,雪,北西,3,3,6,6,5342,原 村 百 那,59,60,6.70,6,0.27,,3-2-1,18370,31,3-2,9620,14,1-2-3,250,1,2-3,3260,7,,,,,,,
20260102,下関,6,一般,雪,北西,3,3,1,1,4263,武 重 雄 介,37,40,6.77,1,0.14,1.48.7,1-3-4,900,4,1-3,550,3,1-3-4,280,1,1-3,460,2,,,,,,,
20260102,下関,6,一般,雪,北西,3,3,2,3,4343,村 岡 賢,52,29,6.76,3,0.17,1.49.7,1-3-4,900,4,1-3,550,3,1-3-4,280,1,1-3,460,2,,,,,,,
20260102,下関,6,一般,雪,北西,3,3,3,4,4475,末 永 祐 輝,55,41,6.70,4,0.24,1.50.9,1-3-4,900,4,1-3,550,3,1-3-4,280,1,1-3,460,2,,,,,,,
20260102,下関,6,一般,雪,北西,3,3,4,6,4251,川 崎 誠 志,43,36,6.73,6,0.29,1.52.7,1-3-4,900,4,1-3,550,3,1-3-4,280,1,1-3,460,2,,,,,,,
20260102,下関,6,一般,雪,北西,3,3,5,2,5117,冨名腰 桃 奈,20,64,6.72,2,0.20,,1-3-4,900,4,1-3,550,3,1-3-4,280,1,1-3,460,2,,,,,,,
20260102,下関,6,一般,雪,北西,3,3,6,5,5397,寺 田 夢 生,48,70,6.71,5,0.25,,1-3-4,900,4,1-3,550,3,1-3-4,280,1,1-3,460,2,,,,,,,
20260102,下関,7,ふく～る 戦,雪,北西,3,3,1,1,5064,品 川 二千翔,72,62,6.71,1,0.18,1.48.1,1-3-2,1520,6,1-3,700,4,1-2-3,380,2,1-3,560,4,,,,,,,
20260102,下関,7,ふく～る 戦,雪,北西,3,3,2,3,5192,中 尾 優 香,63,25,6.67,4,0.11,1.49.7,1-3-2,1520,6,1-3,700,4,1-2-3,380,2,1-3,560,4,,,,,,,
20260102,下関,7,ふく～る 戦,雪,北西,3,3,3,2,5067,山 田 真 聖,13,61,6.70,3,0.08,1.51.8,1-3-2,1520,6,1-3,700,4,1-2-3,380,2,1-3,560,4,,,,,,,
20260102,下関,7,ふく～る 戦,雪,北西,3,3,4,5,4151,下 河 誉 史,70,43,6.79,2,0.12,1.52.9,1-3-2,1520,6,1-3,700,4,1-2-3,380,2,1-3,560,4,,,,,,,
20260102,下関,7,ふく～る 戦,雪,北西,3,3,5,6,5406,小 畑 楓 夏,29,58,6.67,6,0.15,,1-3-2,1520,6,1-3,700,4,1-2-3,380,2,1-3,560,4,,,,,,,
20260102,下関,7,ふく～る 戦,雪,北西,3,3,6,4,5391,出 穂 和 鼓,26,21,6.69,5,0.11,,1-3-2,1520,6,1-3,700,4,1-2-3,380,2,1-3,560,4,,,,,,,
20260102,下関,8,一般 進入固定,曇り,北西,3,3,1,1,4817,渡 邉 翼,53,45,6.69,1,0.07,1.48.4,1-3-2,680,3,1-3,380,2,1-2-3,170,1,1-3,420,2,,,,,,,
20260102,下関,8,一般 進入固定,曇り,北西,3,3,2,3,5336,瀬 川 大 地,23,20,6.75,3,0.09,1.50.0,1-3-2,680,3,1-3,380,2,1-2-3,170,1,1-3,420,2,,,,,,,
20260102,下関,8,一般 進入固定,曇り,北西,3,3,3,2,5231,寺 田 空 詩,45,38,6.76,2,0.08,1.51.4,1-3-2,680,3,1-3,380,2,1-2-3,170,1,1-3,420,2,,,,,,,
20260102,下関,8,一般 進入固定,曇り,北西,3,3,4,4,4990,田 中 博 子,16,13,6.74,4,0.22,1.52.5,1-3-2,680,3,1-3,380,2,1-2-3,170,1,1-3,420,2,,,,,,,
20260102,下関,8,一般 進入固定,曇り,北西,3,3,5,5,5310,土 屋 蘭,25,56,6.74,5,0.15,,1-3-2,680,3,1-3,380,2,1-2-3,170,1,1-3,420,2,,,,,,,
20260102,下関,8,一般 進入固定,曇り,北西,3,3,6,6,5387,戸 田 海咲音,51,47,6.70,6,0.14,,1-3-2,680,3,1-3,380,2,1-2-3,170,1,1-3,420,2,,,,,,,
20260102,下関,9,シーモ特選,雪,北西,3,3,1,1,4873,蒲 原 健 太,12,31,6.72,1,0.23,1.47.8,1-3-4,810,1,1-3,390,3,1-3-4,410,3,1-3,340,3,,,,,,,
20260102,下関,9,シーモ特選,雪,北西,3,3,2,3,4097,貫地谷 直 人,32,23,6.81,3,0.17,1.49.8,1-3-4,810,1,1-3,390,3,1-3-4,410,3,1-3,340,3,,,,,,,
20260102,下関,9,シーモ特選,雪,北西,3,3,3,4,5146,野 田 彩 加,31,51,6.77,4,0.14,1.50.8,1-3-4,810,1,1-3,390,3,1-3-4,410,3,1-3,340,3,,,,,,,
20260102,下関,9,シーモ特選,雪,北西,3,3,4,5,5277,井 上 未 都,61,54,6.82,5,0.11,1.53.1,1-3-4,810,1,1-3,390,3,1-3-4,410,3,1-3,340,3,,,,,,,
20260102,下関,9,シーモ特選,雪,北西,3,3,5,2,5152,丸 山 祐 也,38,17,6.72,2,0.22,,1-3-4,810,1,1-3,390,3,1-3-4,410,3,1-3,340,3,,,,,,,
20260102,下関,9,シーモ特選,雪,北西,3,3,6,6,5375,庄 島 潤 成,47,11,6.71,6,0.12,,1-3-4,810,1,1-3,390,3,1-3-4,410,3,1-3,340,3,,,,,,,
20260102,下関,10,特別選抜戦,曇り,北,4,4,1,1,4475,末 永 祐 輝,55,41,6.76,1,0.19,1.48.7,1-4-5,5340,17,1-4,890,3,1-4-5,2250,8,1-4,630,3,,,,,,,
20260102,下関,10,特別選抜戦,曇り,北,4,4,2,4,4158,木 場 雄二郎,11,42,6.76,4,0.21,1.49.6,1-4-5,5340,17,1-4,890,3,1-4-5,2250,8,1-4,630,3,,,,,,,
20260102,下関,10,特別選抜戦,曇り,北,4,4,3,5,3284,渡 邊 伸太郎,39,15,6.82,5,0.26,1.51.5,1-4-5,5340,17,1-4,890,3,1-4-5,2250,8,1-4,630,3,,,,,,,
20260102,下関,10,特別選抜戦,曇り,北,4,4,4,2,3661,柳 瀬 興 志,44,19,6.77,2,0.23,1.52.3,1-4-5,5340,17,1-4,890,3,1-4-5,2250,8,1-4,630,3,,,,,,,
20260102,下関,10,特別選抜戦,曇り,北,4,4,5,3,5064,品 川 二千翔,72,62,6.74,3,0.21,,1-4-5,5340,17,1-4,890,3,1-4-5,2250,8,1-4,630,3,,,,,,,
20260102,下関,10,特別選抜戦,曇り,北,4,4,6,6,4263,武 重 雄 介,37,40,6.82,6,0.31,,1-4-5,5340,17,1-4,890,3,1-4-5,2250,8,1-4,630,3,,,,,,,
20260102,下関,11,特別選抜戦,曇り,北,3,3,1,2,4817,渡 邉 翼,53,45,6.72,2,0.11,1.46.9,2-1-3,2740,8,2-1,760,4,1-2-3,310,2,1-2,140,1,,,,,,,
20260102,下関,11,特別選抜戦,曇り,北,3,3,2,1,4239,竹 田 辰 也,36,26,6.73,1,0.15,1.47.6,2-1-3,2740,8,2-1,760,4,1-2-3,310,2,1-2,140,1,,,,,,,
20260102,下関,11,特別選抜戦,曇り,北,3,3,3,3,3574,大 神 康 司,42,46,6.80,3,0.13,1.50.5,2-1-3,2740,8,2-1,760,4,1-2-3,310,2,1-2,140,1,,,,,,,
20260102,下関,11,特別選抜戦,曇り,北,3,3,4,4,4009,小 林 一 樹,19,34,6.74,4,0.12,1.51.7,2-1-3,2740,8,2-1,760,4,1-2-3,310,2,1-2,140,1,,,,,,,
20260102,下関,11,特別選抜戦,曇り,北,3,3,5,5,3305,小 野 信 樹,30,27,6.77,5,0.18,,2-1-3,2740,8,2-1,760,4,1-2-3,310,2,1-2,140,1,,,,,,,
20260102,下関,11,特別選抜戦,曇り,北,3,3,6,6,4574,東 潤 樹,65,53,6.65,6,0.26,,2-1-3,2740,8,2-1,760,4,1-2-3,310,2,1-2,140,1,,,,,,,
20260102,下関,12,優勝戦,雪,北西,3,3,1,1,4361,柳 生 泰 二,49,49,6.75,1,0.06,1.46.9,1-2-6,1660,6,1-2,310,1,1-2-6,860,4,1-2,280,1,,,,,,,
20260102,下関,12,優勝戦,雪,北西,3,3,2,2,3942,寺 田 祥,56,71,6.74,3,0.09,1.48.0,1-2-6,1660,6,1-2,310,1,1-2-6,860,4,1-2,280,1,,,,,,,
20260102,下関,12,優勝戦,雪,北西,3,3,3,6,4980,佐々木 完 太,71,39,6.70,6,0.14,1.49.3,1-2-6,1660,6,1-2,310,1,1-2-6,860,4,1-2,280,1,,,,,,,
20260102,下関,12,優勝戦,雪,北西,3,3,4,4,4237,大 峯 豊,57,24,6.72,4,0.11,1.51.5,1-2-6,1660,6,1-2,310,1,1-2-6,860,4,1-2,280,1,,,,,,,
20260102,下関,12,優勝戦,雪,北西,3,3,5,3,4324,海 野 康志郎,64,57,6.80,2,0.08,,1-2-6,1660,6,1-2,310,1,1-2-6,860,4,1-2,280,1,,,,,,,
20260102,下関,12,優勝戦,雪,北西,3,3,6,5,3711,江 本 真 治,34,72,6.81,5,0.13,,1-2-6,1660,6,1-2,310,1,1-2-6,860,4,1-2,280,1,,,,,,,
20260102,丸亀,1,予選,曇り,北西,9,9,1,5,3710,吉 永 泰 弘,3,35,6.74,5,0.19,1.14.0,5-4-1,25970,101,5-4,5920,25,1-4-5,3140,19,4-5,1620,11,,,,,,,
20260102,丸亀,1,予選,曇り,北西,9,9,2,4,3701,大 西 隆 洋,36,14,6.75,4,0.11,1.14.8,5-4-1,25970,101,5-4,5920,25,1-4-5,3140,19,4-5,1620,11,,,,,,,
20260102,丸亀,1,予選,曇り,北西,9,9,3,1,3660,長谷川 親 王,9,51,6.74,1,0.24,1.16.0,5-4-1,25970,101,5-4,5920,25,1-4-5,3140,19,4-5,1620,11,,,,,,,
20260102,丸亀,1,予選,曇り,北西,9,9,4,2,5299,西 丸 敦 基,4,54,6.70,2,0.23,1.17.2,5-4-1,25970,101,5-4,5920,25,1-4-5,3140,19,4-5,1620,11,,,,,,,
20260102,丸亀,1,予選,曇り,北西,9,9,5,3,3910,松 下 知 幸,17,62,6.76,3,0.18,1.18.1,5-4-1,25970,101,5-4,5920,25,1-4-5,3140,19,4-5,1620,11,,,,,,,
20260102,丸亀,1,予選,曇り,北西,9,9,6,6,4823,中 村 桃 佳,52,32,6.76,6,0.19,1.19.3,5-4-1,25970,101,5-4,5920,25,1-4-5,3140,19,4-5,1620,11,,,,,,,
20260102,丸亀,2,予選,晴,北西,8,8,1,1,5326,三 嶌 さらら,54,4,6.67,1,0.15,1.13.4,1-4-3,12740,52,1-4,3240,15,1-3-4,1750,9,1-4,2030,10,,,,,,,
20260102,丸亀,2,予選,晴,北西,8,8,2,4,4821,妻 鳥 晋 也,21,66,6.70,4,0.11,1.14.8,1-4-3,12740,52,1-4,3240,15,1-3-4,1750,9,1-4,2030,10,,,,,,,
20260102,丸亀,2,予選,晴,北西,8,8,3,3,5298,水 谷 理 人,22,34,6.72,3,0.09,1.15.7,1-4-3,12740,52,1-4,3240,15,1-3-4,1750,9,1-4,2030,10,,,,,,,
20260102,丸亀,2,予選,晴,北西,8,8,4,6,5257,西 丸 侑太朗,55,41,6.74,6,0.13,1.15.9,1-4-3,12740,52,1-4,3240,15,1-3-4,1750,9,1-4,2030,10,,,,,,,
20260102,丸亀,2,予選,晴,北西,8,8,5,2,4010,越 智 照 浩,66,59,6.72,2,0.19,1.16.5,1-4-3,12740,52,1-4,3240,15,1-3-4,1750,9,1-4,2030,10,,,,,,,
20260102,丸亀,2,予選,晴,北西,8,8,6,5,4772,石 丸 海 渡,31,52,6.72,5,0.06,1.18.9,1-4-3,12740,52,1-4,3240,15,1-3-4,1750,9,1-4,2030,10,,,,,,,
20260102,丸亀,3,予選,晴,北西,7,7,1,2,4313,西 村 美智子,40,53,6.77,2,0.14,1.13.3,2-3-6,1320,1,2-3,620,1,2-3-6,460,1,2-3,330,1,,,,,,,
20260102,丸亀,3,予選,晴,北西,7,7,2,3,4931,木 谷 賢 太,65,18,6.83,3,0.22,1.14.3,2-3-6,1320,1,2-3,620,1,2-3-6,460,1,2-3,330,1,,,,,,,
20260102,丸亀,3,予選,晴,北西,7,7,3,6,4852,川 原 祐 明,16,30,6.81,6,0.29,1.15.7,2-3-6,1320,1,2-3,620,1,2-3-6,460,1,2-3,330,1,,,,,,,
20260102,丸亀,3,予選,晴,北西,7,7,4,5,3401,上 田 隆 章,29,25,6.79,5,0.32,1.17.1,2-3-6,1320,1,2-3,620,1,2-3-6,460,1,2-3,330,1,,,,,,,
20260102,丸亀,3,予選,晴,北西,7,7,5,1,5265,大 廣 咲 季,61,21,6.83,1,0.21,1.17.9,2-3-6,1320,1,2-3,620,1,2-3-6,460,1,2-3,330,1,,,,,,,
20260102,丸亀,3,予選,晴,北西,7,7,6,4,4020,川 上 清 人,25,29,6.81,4,0.28,1.18.2,2-3-6,1320,1,2-3,620,1,2-3-6,460,1,2-3,330,1,,,,,,,
20260102,丸亀,4,予選,晴,北西,6,6,1,2,4583,古 田 祐 貴,7,64,6.73,2,0.09,1.12.1,2-1-4,2110,7,2-1,1510,8,1-2-4,290,1,1-2,430,1,,,,,,,
20260102,丸亀,4,予選,晴,北西,6,6,2,1,3568,木 村 光 宏,59,47,6.62,1,0.13,1.13.8,2-1-4,2110,7,2-1,1510,8,1-2-4,290,1,1-2,430,1,,,,,,,
20260102,丸亀,4,予選,晴,北西,6,6,3,4,4739,中 村 晃 朋,45,39,6.75,4,0.13,1.14.5,2-1-4,2110,7,2-1,1510,8,1-2-4,290,1,1-2,430,1,,,,,,,
20260102,丸亀,4,予選,晴,北西,6,6,4,3,5037,田 頭 虎 親,51,63,6.68,3,0.15,1.14.6,2-1-4,2110,7,2-1,1510,8,1-2-4,290,1,1-2,430,1,,,,,,,
20260102,丸亀,4,予選,晴,北西,6,6,5,5,4331,三 好 勇 人,12,11,6.76,5,0.16,1.16.2,2-1-4,2110,7,2-1,1510,8,1-2-4,290,1,1-2,430,1,,,,,,,
20260102,丸亀,4,予選,晴,北西,6,6,6,6,5437,中 澤 里 桜,39,15,6.80,6,0.13,1.17.5,2-1-4,2110,7,2-1,1510,8,1-2-4,290,1,1-2,430,1,,,,,,,
20260102,丸亀,5,予選,晴,北西,6,6,1,4,3908,重 成 一 人,60,44,6.79,4,0.23,1.12.7,4-1-3,2350,7,4-1,1040,6,1-3-4,220,1,1-4,360,2,,,,,,,
20260102,丸亀,5,予選,晴,北西,6,6,2,1,3975,小野寺 智 洋,18,33,6.79,1,0.26,1.14.1,4-1-3,2350,7,4-1,1040,6,1-3-4,220,1,1-4,360,2,,,,,,,
20260102,丸亀,5,予選,晴,北西,6,6,3,3,4776,竹 田 和 哉,32,2,6.81,3,0.19,1.15.6,4-1-3,2350,7,4-1,1040,6,1-3-4,220,1,1-4,360,2,,,,,,,
20260102,丸亀,5,予選,晴,北西,6,6,4,2,5339,石 井 伸 長,34,9,6.73,2,0.26,1.16.5,4-1-3,2350,7,4-1,1040,6,1-3-4,220,1,1-4,360,2,,,,,,,
20260102,丸亀,5,予選,晴,北西,6,6,5,6,5173,谷 口 佳 蓮,14,7,6.84,6,0.26,1.16.9,4-1-3,2350,7,4-1,1040,6,1-3-4,220,1,1-4,360,2,,,,,,,
20260102,丸亀,5,予選,晴,北西,6,6,6,5,4154,森 安 弘 雅,27,37,6.81,5,0.22,1.16.9,4-1-3,2350,7,4-1,1040,6,1-3-4,220,1,1-4,360,2,,,,,,,
20260102,丸亀,6,かけうどん６,晴,西,5,5,1,1,4348,宮 崎 奨,58,57,6.74,1,0.27,1.13.6,1-2-4,3570,12,1-2,680,3,1-2-4,1970,9,1-2,520,3,,,,,,,
20260102,丸亀,6,かけうどん６,晴,西,5,5,2,2,5241,門 田 栞,43,56,6.76,2,0.29,1.14.5,1-2-4,3570,12,1-2,680,3,1-2-4,1970,9,1-2,520,3,,,,,,,
20260102,丸亀,6,かけうどん６,晴,西,5,5,3,4,3710,吉 永 泰 弘,3,35,6.75,4,0.32,1.15.0,1-2-4,3570,12,1-2,680,3,1-2-4,1970,9,1-2,520,3,,,,,,,
20260102,丸亀,6,かけうどん６,晴,西,5,5,4,6,4030,森 高 一 真,48,38,6.88,6,0.24,1.15.6,1-2-4,3570,12,1-2,680,3,1-2-4,1970,9,1-2,520,3,,,,,,,
20260102,丸亀,6,かけうどん６,晴,西,5,5,5,3,3442,宮 武 英 司,20,36,6.75,3,0.30,1.15.6,1-2-4,3570,12,1-2,680,3,1-2-4,1970,9,1-2,520,3,,,,,,,
20260102,丸亀,6,かけうどん６,晴,西,5,5,6,5,5043,中 村 日 向,11,10,6.84,5,0.21,1.17.3,1-2-4,3570,12,1-2,680,3,1-2-4,1970,9,1-2,520,3,,,,,,,
20260102,丸亀,7,ざるうどん７,晴,南西,5,5,1,3,4823,中 村 桃 佳,52,32,6.79,3,0.01,1.12.0,3-4-1,6640,24,3-4,2470,8,1-3-4,330,1,3-4,1690,7,,,,,,,
20260102,丸亀,7,ざるうどん７,晴,南西,5,5,2,4,4459,片 岡 雅 裕,24,45,6.86,4,0.05,1.12.7,3-4-1,6640,24,3-4,2470,8,1-3-4,330,1,3-4,1690,7,,,,,,,
20260102,丸亀,7,ざるうどん７,晴,南西,5,5,3,1,3837,秋 山 広 一,8,20,6.76,1,0.13,1.14.5,3-4-1,6640,24,3-4,2470,8,1-3-4,330,1,3-4,1690,7,,,,,,,
20260102,丸亀,7,ざるうどん７,晴,南西,5,5,4,5,4437,中 田 元 泰,35,50,6.77,5,0.08,1.15.7,3-4-1,6640,24,3-4,2470,8,1-3-4,330,1,3-4,1690,7,,,,,,,
20260102,丸亀,7,ざるうどん７,晴,南西,5,5,5,2,3578,塩 田 雄 一,28,13,6.75,2,0.11,1.15.8,3-4-1,6640,24,3-4,2470,8,1-3-4,330,1,3-4,1690,7,,,,,,,
20260102,丸亀,7,ざるうどん７,晴,南西,5,5,6,6,5298,水 谷 理 人,22,34,6.80,6,0.07,1.16.1,3-4-1,6640,24,3-4,2470,8,1-3-4,330,1,3-4,1690,7,,,,,,,
20260102,丸亀,8,釜揚げ８ 進入固定,晴,西,7,7,1,2,5224,西 岡 顕 心,30,60,6.84,2,0.19,1.13.0,2-1-3,1500,7,2-1,640,2,1-2-3,300,2,1-2,140,1,,,,,,,
20260102,丸亀,8,釜揚げ８ 進入固定,晴,西,7,7,2,1,5136,濱 野 斗 馬,50,28,6.80,1,0.17,1.14.3,2-1-3,1500,7,2-1,640,2,1-2-3,300,2,1-2,140,1,,,,,,,
20260102,丸亀,8,釜揚げ８ 進入固定,晴,西,7,7,3,3,3401,上 田 隆 章,29,25,6.78,3,0.28,1.14.8,2-1-3,1500,7,2-1,640,2,1-2-3,300,2,1-2,140,1,,,,,,,
20260102,丸亀,8,釜揚げ８ 進入固定,晴,西,7,7,4,4,4452,松 尾 祭,57,27,6.79,4,0.24,1.15.4,2-1-3,1500,7,2-1,640,2,1-2-3,300,2,1-2,140,1,,,,,,,
20260102,丸亀,8,釜揚げ８ 進入固定,晴,西,7,7,5,6,4821,妻 鳥 晋 也,21,66,6.79,6,0.18,1.16.8,2-1-3,1500,7,2-1,640,2,1-2-3,300,2,1-2,140,1,,,,,,,
20260102,丸亀,8,釜揚げ８ 進入固定,晴,西,7,7,6,5,3660,長谷川 親 王,9,51,6.79,5,0.22,1.18.2,2-1-3,1500,7,2-1,640,2,1-2-3,300,2,1-2,140,1,,,,,,,
20260102,丸亀,9,予選,晴,西,6,6,1,4,5299,西 丸 敦 基,4,54,6.85,4,0.21,1.16.2,4-2-1,11060,30,4-2,3760,11,1-2-4,340,2,2-4,1430,7,,,,,,,
20260102,丸亀,9,予選,晴,西,6,6,2,2,4739,中 村 晃 朋,45,39,6.77,2,0.21,1.18.9,4-2-1,11060,30,4-2,3760,11,1-2-4,340,2,2-4,1430,7,,,,,,,
20260102,丸亀,9,予選,晴,西,6,6,3,1,4931,木 谷 賢 太,65,18,6.83,1,0.22,1.19.5,4-2-1,11060,30,4-2,3760,11,1-2-4,340,2,2-4,1430,7,,,,,,,
20260102,丸亀,9,予選,晴,西,6,6,4,3,5352,西 岡 蒼 志,46,26,6.80,3,0.27,1.22.0,4-2-1,11060,30,4-2,3760,11,1-2-4,340,2,2-4,1430,7,,,,,,,
20260102,丸亀,9,予選,晴,西,6,6,5,5,4010,越 智 照 浩,66,59,6.92,6,0.28,1.27.2,4-2-1,11060,30,4-2,3760,11,1-2-4,340,2,2-4,1430,7,,,,,,,
20260102,丸亀,10,予選,晴,西,5,5,1,1,4772,石 丸 海 渡,31,52,6.77,1,0.11,1.12.6,1-4-2,630,1,1-4,280,1,1-2-4,280,1,1-4,240,1,,,,,,,
20260102,丸亀,10,予選,晴,西,5,5,2,4,4030,森 高 一 真,48,38,6.85,4,0.18,1.13.5,1-4-2,630,1,1-4,280,1,1-2-4,280,1,1-4,240,1,,,,,,,
20260102,丸亀,10,予選,晴,西,5,5,3,2,4331,三 好 勇 人,12,11,6.79,2,0.17,1.14.7,1-4-2,630,1,1-4,280,1,1-2-4,280,1,1-4,240,1,,,,,,,
20260102,丸亀,10,予選,晴,西,5,5,4,6,4154,森 安 弘 雅,27,37,6.89,6,0.21,1.15.3,1-4-2,630,1,1-4,280,1,1-2-4,280,1,1-4,240,1,,,,,,,
20260102,丸亀,10,予選,晴,西,5,5,5,5,4313,西 村 美智子,40,53,6.69,5,0.12,1.15.9,1-4-2,630,1,1-4,280,1,1-2-4,280,1,1-4,240,1,,,,,,,
20260102,丸亀,10,予選,晴,西,5,5,6,3,3701,大 西 隆 洋,36,14,6.86,3,0.23,1.16.3,1-4-2,630,1,1-4,280,1,1-2-4,280,1,1-4,240,1,,,,,,,
20260102,丸亀,11,予選選抜,晴,北西,5,5,1,2,4776,竹 田 和 哉,32,2,6.77,2,0.20,1.12.7,2-1-5,3680,11,2-1,730,4,1-2-5,540,2,1-2,160,1,,,,,,,
20260102,丸亀,11,予選選抜,晴,北西,5,5,2,1,5043,中 村 日 向,11,10,6.73,1,0.19,1.13.2,2-1-5,3680,11,2-1,730,4,1-2-5,540,2,1-2,160,1,,,,,,,
20260102,丸亀,11,予選選抜,晴,北西,5,5,3,5,4583,古 田 祐 貴,7,64,6.84,5,0.19,1.14.9,2-1-5,3680,11,2-1,730,4,1-2-5,540,2,1-2,160,1,,,,,,,
20260102,丸亀,11,予選選抜,晴,北西,5,5,4,3,4852,川 原 祐 明,16,23,6.74,3,0.22,1.15.8,2-1-5,3680,11,2-1,730,4,1-2-5,540,2,1-2,160,1,,,,,,,
20260102,丸亀,11,予選選抜,晴,北西,5,5,5,4,3578,塩 田 雄 一,28,13,6.79,4,0.18,1.16.8,2-1-5,3680,11,2-1,730,4,1-2-5,540,2,1-2,160,1,,,,,,,
20260102,丸亀,11,予選選抜,晴,北西,5,5,6,6,3910,松 下 知 幸,17,62,6.74,6,0.25,1.17.2,2-1-5,3680,11,2-1,730,4,1-2-5,540,2,1-2,160,1,,,,,,,
20260102,丸亀,12,予選選抜,晴,西,5,5,1,1,3908,重 成 一 人,60,44,6.66,1,0.16,1.12.0,1-3-5,2420,9,1-3,390,2,1-3-5,1820,7,1-3,310,2,,,,,,,
20260102,丸亀,12,予選選抜,晴,西,5,5,2,3,5136,濱 野 斗 馬,50,28,6.82,3,0.15,1.14.1,1-3-5,2420,9,1-3,390,2,1-3-5,1820,7,1-3,310,2,,,,,,,
20260102,丸亀,12,予選選抜,晴,西,5,5,3,5,4348,宮 崎 奨,58,57,6.78,5,0.21,1.14.4,1-3-5,2420,9,1-3,390,2,1-3-5,1820,7,1-3,310,2,,,,,,,
20260102,丸亀,12,予選選抜,晴,西,5,5,4,4,5257,西 丸 侑太朗,55,41,6.84,4,0.26,1.14.6,1-3-5,2420,9,1-3,390,2,1-3-5,1820,7,1-3,310,2,,,,,,,
20260102,丸亀,12,予選選抜,晴,西,5,5,5,6,5037,田 頭 虎 親,51,63,6.76,6,0.22,1.15.1,1-3-5,2420,9,1-3,390,2,1-3-5,1820,7,1-3,310,2,,,,,,,
20260102,丸亀,12,予選選抜,晴,西,5,5,6,2,4459,片 岡 雅 裕,24,45,6.79,2,0.16,1.16.0,1-3-5,2420,9,1-3,390,2,1-3-5,1820,7,1-3,310,2,,,,,,,
20260102,住之江,1,予選,晴,北東,2,1,1,1,4042,丸 岡 正 典,86,58,6.76,1,0.16,1.47.4,1-3-5,2260,9,1-3,910,4,1-3-5,1090,5,1-3,990,5,,,,,,,
20260102,住之江,1,予選,晴,北東,2,1,2,3,5302,秋 末 秦 悟,22,68,6.82,3,0.16,1.49.8,1-3-5,2260,9,1-3,910,4,1-3-5,1090,5,1-3,990,5,,,,,,,
20260102,住之江,1,予選,晴,北東,2,1,3,5,4826,井 上 一 輝,87,90,6.80,5,0.16,1.50.3,1-3-5,2260,9,1-3,910,4,1-3-5,1090,5,1-3,990,5,,,,,,,
20260102,住之江,1,予選,晴,北東,2,1,4,6,4489,岩 川 仁 士,26,65,6.88,6,0.21,1.51.2,1-3-5,2260,9,1-3,910,4,1-3-5,1090,5,1-3,990,5,,,,,,,
20260102,住之江,1,予選,晴,北東,2,1,5,4,4908,上 田 龍 星,52,63,6.85,4,0.23,1.52.1,1-3-5,2260,9,1-3,910,4,1-3-5,1090,5,1-3,990,5,,,,,,,
20260102,住之江,1,予選,晴,北東,2,1,6,2,5036,福 田 翔 吾,81,17,6.85,2,0.14,1.53.9,1-3-5,2260,9,1-3,910,4,1-3-5,1090,5,1-3,990,5,,,,,,,
20260102,住之江,2,予選,晴,無風,0,1,1,3,5049,松 井 友 汰,90,95,6.78,3,0.10,1.47.4,3-2-5,6880,30,3-2,3210,17,2-3-5,1300,6,2-3,1420,8,,,,,,,
20260102,住之江,2,予選,晴,無風,0,1,2,2,5376,吉 田 一 心,11,78,6.73,2,0.12,1.49.5,3-2-5,6880,30,3-2,3210,17,2-3-5,1300,6,2-3,1420,8,,,,,,,
20260102,住之江,2,予選,晴,無風,0,1,3,5,4168,石 野 貴 之,73,62,6.78,5,0.07,1.50.2,3-2-5,6880,30,3-2,3210,17,2-3-5,1300,6,2-3,1420,8,,,,,,,
20260102,住之江,2,予選,晴,無風,0,1,4,1,5046,松 山 裕 基,67,33,6.82,1,0.08,1.52.0,3-2-5,6880,30,3-2,3210,17,2-3-5,1300,6,2-3,1420,8,,,,,,,
20260102,住之江,2,予選,晴,無風,0,1,5,6,5221,竹 間 隆 晟,50,37,6.83,6,0.14,1.52.9,3-2-5,6880,30,3-2,3210,17,2-3-5,1300,6,2-3,1420,8,,,,,,,
20260102,住之江,2,予選,晴,無風,0,1,6,4,4631,新 井 英 孝,62,53,6.88,4,0.09,1.57.1,3-2-5,6880,30,3-2,3210,17,2-3-5,1300,6,2-3,1420,8,,,,,,,
20260102,住之江,3,予選,晴,南,2,1,1,1,4422,永 井 亮 次,16,24,6.80,1,0.16,1.48.3,1-6-5,15180,46,1-6,1830,9,1-5-6,3490,13,1-6,3590,10,,,,,,,
20260102,住之江,3,予選,晴,南,2,1,2,6,5289,佃 來 紀,18,80,6.79,6,0.19,1.49.5,1-6-5,15180,46,1-6,1830,9,1-5-6,3490,13,1-6,3590,10,,,,,,,
20260102,住之江,3,予選,晴,南,2,1,3,5,4377,濱 本 優 一,37,81,6.85,5,0.20,1.50.3,1-6-5,15180,46,1-6,1830,9,1-5-6,3490,13,1-6,3590,10,,,,,,,
20260102,住之江,3,予選,晴,南,2,1,4,4,4044,湯 川 浩 司,33,20,6.75,4,0.19,1.51.8,1-6-5,15180,46,1-6,1830,9,1-5-6,3490,13,1-6,3590,10,,,,,,,
20260102,住之江,3,予選,晴,南,2,1,5,2,4572,渡 部 悟,54,93,6.85,2,0.14,1.56.2,1-6-5,15180,46,1-6,1830,9,1-5-6,3490,13,1-6,3590,10,,,,,,,
20260102,住之江,3,予選,晴,南,2,1,6,3,3161,古 場 輝 義,56,70,6.84,3,0.25,1.59.0,1-6-5,15180,46,1-6,1830,9,1-5-6,3490,13,1-6,3590,10,,,,,,,
20260102,住之江,4,予選,晴,南東,5,2,1,3,4907,小 池 修 平,17,83,6.78,3,0.17,1.54.3,3-1-2,1380,4,3-1,550,3,1-2-3,210,1,1-3,240,1,,,,,,,
20260102,住之江,4,予選,晴,南東,5,2,2,1,4904,松 本 一 毅,78,75,6.85,1,0.14,1.57.1,3-1-2,1380,4,3-1,550,3,1-2-3,210,1,1-3,240,1,,,,,,,
20260102,住之江,4,予選,晴,南東,5,2,3,2,4653,小 野 達 哉,31,66,6.78,2,0.16,1.59.5,3-1-2,1380,4,3-1,550,3,1-2-3,210,1,1-3,240,1,,,,,,,
20260102,住之江,4,予選,晴,南東,5,2,4,4,3432,宮 迫 暢 彦,13,36,6.89,4,0.24,2.02.9,3-1-2,1380,4,3-1,550,3,1-2-3,210,1,1-3,240,1,,,,,,,
20260102,住之江,4,予選,晴,南東,5,2,5,6,5381,有 山 望,53,16,6.76,6,0.23,2.05.8,3-1-2,1380,4,3-1,550,3,1-2-3,210,1,1-3,240,1,,,,,,,
20260102,住之江,5,住之江ファイ,晴,南東,3,1,1,1,4967,中 村 魁 生,21,15,6.75,1,0.04,1.52.9,1-2-3,860,3,1-2,280,1,1-2-3,430,2,1-2,470,3,,,,,,,
20260102,住之江,5,住之江ファイ,晴,南東,3,1,2,2,5004,河 野 主 樹,27,31,6.74,2,0.05,1.55.6,1-2-3,860,3,1-2,280,1,1-2-3,430,2,1-2,470,3,,,,,,,
20260102,住之江,5,住之江ファイ,晴,南東,3,1,3,3,5325,澁 川 夏,70,34,6.72,3,0.02,1.58.5,1-2-3,860,3,1-2,280,1,1-2-3,430,2,1-2,470,3,,,,,,,
20260102,住之江,5,住之江ファイ,晴,南東,3,1,4,5,5036,福 田 翔 吾,81,21,6.79,6,0.15,2.01.1,1-2-3,860,3,1-2,280,1,1-2-3,430,2,1-2,470,3,,,,,,,
20260102,住之江,5,住之江ファイ,晴,南東,3,1,5,4,5235,岩 田 凌,58,18,6.84,4,0.08,2.04.9,1-2-3,860,3,1-2,280,1,1-2-3,430,2,1-2,470,3,,,,,,,
20260102,住之江,6,予選,晴,北,2,1,1,5,4719,上 條 暢 嵩,77,12,6.80,3,0.17,1.48.6,5-1-2,2310,4,5-1,1250,7,1-2-5,370,1,1-5,540,3,,,,,,,
20260102,住之江,6,予選,晴,北,2,1,2,1,4508,野 間 大 樹,12,86,6.75,1,0.13,1.50.0,5-1-2,2310,4,5-1,1250,7,1-2-5,370,1,1-5,540,3,,,,,,,
20260102,住之江,6,予選,晴,北,2,1,3,2,3997,北 村 征 嗣,25,55,6.81,2,0.18,1.52.2,5-1-2,2310,4,5-1,1250,7,1-2-5,370,1,1-5,540,3,,,,,,,
20260102,住之江,6,予選,晴,北,2,1,4,4,4561,藤 山 翔 大,88,26,6.73,5,0.30,1.53.6,5-1-2,2310,4,5-1,1250,7,1-2-5,370,1,1-5,540,3,,,,,,,
20260102,住之江,6,予選,晴,北,2,1,5,3,5376,吉 田 一 心,11,78,6.76,4,0.15,1.54.5,5-1-2,2310,4,5-1,1250,7,1-2-5,370,1,1-5,540,3,,,,,,,
20260102,住之江,6,予選,晴,北,2,1,6,6,5393,藤 原 駿,61,56,6.90,6,0.39,1.56.5,5-1-2,2310,4,5-1,1250,7,1-2-5,370,1,1-5,540,3,,,,,,,
20260102,住之江,7,予選,晴,南,2,1,1,1,3161,古 場 輝 義,56,70,6.80,1,0.17,1.49.0,1-3-2,1140,3,1-3,730,5,1-2-3,210,1,1-3,380,2,,,,,,,
20260102,住之江,7,予選,晴,南,2,1,2,3,4397,西 村 拓 也,38,84,6.75,3,0.11,1.49.5,1-3-2,1140,3,1-3,730,5,1-2-3,210,1,1-3,380,2,,,,,,,
20260102,住之江,7,予選,晴,南,2,1,3,2,4908,上 田 龍 星,52,63,6.81,2,0.12,1.50.7,1-3-2,1140,3,1-3,730,5,1-2-3,210,1,1-3,380,2,,,,,,,
20260102,住之江,7,予選,晴,南,2,1,4,4,3963,原 田 秀 弥,80,87,6.83,4,0.16,1.52.3,1-3-2,1140,3,1-3,730,5,1-2-3,210,1,1-3,380,2,,,,,,,
20260102,住之江,7,予選,晴,南,2,1,5,6,4834,浜 本 裕 己,72,77,6.83,6,0.10,1.53.8,1-3-2,1140,3,1-3,730,5,1-2-3,210,1,1-3,380,2,,,,,,,
20260102,住之江,7,予選,晴,南,2,1,6,5,4631,新 井 英 孝,62,53,6.81,5,0.10,1.55.6,1-3-2,1140,3,1-3,730,5,1-2-3,210,1,1-3,380,2,,,,,,,
20260102,住之江,8,予選,晴,南東,2,1,1,1,4319,三 宅 潤,29,88,6.76,1,0.11,1.48.7,1-6-4,9130,29,1-6,1700,7,1-4-6,2500,9,1-6,1330,6,,,,,,,
20260102,住之江,8,予選,晴,南東,2,1,2,6,4653,小 野 達 哉,31,66,6.76,6,0.12,1.49.3,1-6-4,9130,29,1-6,1700,7,1-4-6,2500,9,1-6,1330,6,,,,,,,
20260102,住之江,8,予選,晴,南東,2,1,3,4,4082,濱 崎 誠,32,35,6.86,4,0.23,1.51.2,1-6-4,9130,29,1-6,1700,7,1-4-6,2500,9,1-6,1330,6,,,,,,,
20260102,住之江,8,予選,晴,南東,2,1,4,3,4168,石 野 貴 之,73,62,6.80,3,0.15,1.52.3,1-6-4,9130,29,1-6,1700,7,1-4-6,2500,9,1-6,1330,6,,,,,,,
20260102,住之江,8,予選,晴,南東,2,1,5,2,5289,佃 來 紀,18,80,6.77,2,0.13,1.53.3,1-6-4,9130,29,1-6,1700,7,1-4-6,2500,9,1-6,1330,6,,,,,,,
20260102,住之江,8,予選,晴,南東,2,1,6,5,5302,秋 末 秦 悟,22,68,6.77,5,0.10,1.54.1,1-6-4,9130,29,1-6,1700,7,1-4-6,2500,9,1-6,1330,6,,,,,,,
20260102,住之江,9,予選特別Ｂ戦,晴,北,2,1,1,5,4659,木 下 翔 太,24,73,6.83,5,0.08,1.47.9,5-1-3,7180,22,5-1,1770,6,1-3-5,600,3,1-5,360,2,,,,,,,
20260102,住之江,9,予選特別Ｂ戦,晴,北,2,1,2,1,4826,井 上 一 輝,87,90,6.78,1,0.17,1.49.2,5-1-3,7180,22,5-1,1770,6,1-3-5,600,3,1-5,360,2,,,,,,,
20260102,住之江,9,予選特別Ｂ戦,晴,北,2,1,3,3,4422,永 井 亮 次,16,24,6.83,3,0.17,1.51.0,5-1-3,7180,22,5-1,1770,6,1-3-5,600,3,1-5,360,2,,,,,,,
20260102,住之江,9,予選特別Ｂ戦,晴,北,2,1,4,2,5267,石 本 裕 武,14,60,6.78,2,0.19,1.52.1,5-1-3,7180,22,5-1,1770,6,1-3-5,600,3,1-5,360,2,,,,,,,
20260102,住之江,9,予選特別Ｂ戦,晴,北,2,1,5,6,5049,松 井 友 汰,90,95,6.83,6,0.15,1.52.2,5-1-3,7180,22,5-1,1770,6,1-3-5,600,3,1-5,360,2,,,,,,,
20260102,住之江,9,予選特別Ｂ戦,晴,北,2,1,6,4,5381,有 山 望,53,16,6.76,4,0.09,1.54.4,5-1-3,7180,22,5-1,1770,6,1-3-5,600,3,1-5,360,2,,,,,,,
20260102,住之江,10,予選特別Ｂ戦,曇り,北,2,1,1,1,4044,湯 川 浩 司,33,20,6.72,1,0.07,1.48.2,1-3-4,2170,8,1-3,710,3,1-3-4,990,4,1-3,550,3,,,,,,,
20260102,住之江,10,予選特別Ｂ戦,曇り,北,2,1,2,3,5054,佐々木 大 河,39,57,6.83,3,0.05,1.49.8,1-3-4,2170,8,1-3,710,3,1-3-4,990,4,1-3,550,3,,,,,,,
20260102,住之江,10,予選特別Ｂ戦,曇り,北,2,1,3,4,4967,中 村 魁 生,21,15,6.85,4,0.07,1.50.8,1-3-4,2170,8,1-3,710,3,1-3-4,990,4,1-3,550,3,,,,,,,
20260102,住之江,10,予選特別Ｂ戦,曇り,北,2,1,4,6,3997,北 村 征 嗣,25,55,6.81,6,0.13,1.51.5,1-3-4,2170,8,1-3,710,3,1-3-4,990,4,1-3,550,3,,,,,,,
20260102,住之江,10,予選特別Ｂ戦,曇り,北,2,1,5,2,4832,権 藤 俊 光,20,54,6.79,2,0.07,1.52.5,1-3-4,2170,8,1-3,710,3,1-3-4,990,4,1-3,550,3,,,,,,,
20260102,住之江,10,予選特別Ｂ戦,曇り,北,2,1,6,5,5046,松 山 裕 基,67,33,6.88,5,0.33,1.56.4,1-3-4,2170,8,1-3,710,3,1-3-4,990,4,1-3,550,3,,,,,,,
20260102,住之江,11,予選特別Ａ戦,曇り,南,3,1,1,3,4719,上 條 暢 嵩,77,12,6.75,3,0.15,1.47.3,3-1-5,4670,15,3-1,440,2,1-3-5,1130,4,1-3,180,1,,,,,,,
20260102,住之江,11,予選特別Ａ戦,曇り,南,3,1,2,1,4907,小 池 修 平,17,83,6.78,1,0.15,1.49.5,3-1-5,4670,15,3-1,440,2,1-3-5,1130,4,1-3,180,1,,,,,,,
20260102,住之江,11,予選特別Ａ戦,曇り,南,3,1,3,5,4572,渡 部 悟,54,93,6.83,5,0.09,1.50.6,3-1-5,4670,15,3-1,440,2,1-3-5,1130,4,1-3,180,1,,,,,,,
20260102,住之江,11,予選特別Ａ戦,曇り,南,3,1,4,4,4042,丸 岡 正 典,86,58,6.75,4,0.15,1.51.4,3-1-5,4670,15,3-1,440,2,1-3-5,1130,4,1-3,180,1,,,,,,,
20260102,住之江,11,予選特別Ａ戦,曇り,南,3,1,5,6,4311,岡 村 仁,28,39,6.83,6,0.16,1.53.2,3-1-5,4670,15,3-1,440,2,1-3-5,1130,4,1-3,180,1,,,,,,,
20260102,住之江,11,予選特別Ａ戦,曇り,南,3,1,6,2,5221,竹 間 隆 晟,50,37,6.83,2,0.20,1.55.2,3-1-5,4670,15,3-1,440,2,1-3-5,1130,4,1-3,180,1,,,,,,,
20260102,住之江,12,王将ドリーム,晴,北東,3,1,1,2,4760,山 崎 郡,69,28,6.81,2,0.12,1.48.5,2-5-3,12640,39,2-5,4460,12,2-3-5,1930,8,2-5,1880,7,,,,,,,
20260102,住之江,12,王将ドリーム,晴,北東,3,1,2,5,4959,井 上 忠 政,60,13,6.70,5,0.18,1.50.0,2-5-3,12640,39,2-5,4460,12,2-3-5,1930,8,2-5,1880,7,,,,,,,
20260102,住之江,12,王将ドリーム,晴,北東,3,1,3,3,3557,太 田 和 美,36,61,6.77,3,0.12,1.51.7,2-5-3,12640,39,2-5,4460,12,2-3-5,1930,8,2-5,1880,7,,,,,,,
20260102,住之江,12,王将ドリーム,晴,北東,3,1,4,4,3556,田 中 信一郎,74,92,6.84,4,0.14,1.53.4,2-5-3,12640,39,2-5,4460,12,2-3-5,1930,8,2-5,1880,7,,,,,,,
20260102,住之江,12,王将ドリーム,晴,北東,3,1,5,1,3415,松 井 繁,66,32,6.88,1,0.17,1.54.9,2-5-3,12640,39,2-5,4460,12,2-3-5,1930,8,2-5,1880,7,,,,,,,
20260102,住之江,12,王将ドリーム,晴,北東,3,1,6,6,4427,秦 英 悟,84,91,6.83,6,0.19,1.56.0,2-5-3,12640,39,2-5,4460,12,2-3-5,1930,8,2-5,1880,7,,,,,,,
20260102,児島,1,一般,晴,南西,3,3,1,1,3357,福 島 陽 子,11,47,6.86,1,0.26,1.50.4,1-2-3,1360,1,1-2,720,3,1-2-3,390,1,1-2,330,1,,,,,,,
20260102,児島,1,一般,晴,南西,3,3,2,2,3300,川 崎 智 幸,26,43,6.96,2,0.29,1.51.4,1-2-3,1360,1,1-2,720,3,1-2-3,390,1,1-2,330,1,,,,,,,
20260102,児島,1,一般,晴,南西,3,3,3,3,4065,金 田 幸 子,66,55,6.90,3,0.26,1.52.6,1-2-3,1360,1,1-2,720,3,1-2-3,390,1,1-2,330,1,,,,,,,
20260102,児島,1,一般,晴,南西,3,3,4,5,4562,阪 本 勇 介,14,17,6.89,5,0.31,1.54.1,1-2-3,1360,1,1-2,720,3,1-2-3,390,1,1-2,330,1,,,,,,,
20260102,児島,1,一般,晴,南西,3,3,5,4,3982,福 田 理,58,69,6.91,4,0.26,,1-2-3,1360,1,1-2,720,3,1-2-3,390,1,1-2,330,1,,,,,,,
20260102,児島,1,一般,晴,南西,3,3,6,6,5374,木 山 大 聖,40,70,6.98,6,0.31,,1-2-3,1360,1,1-2,720,3,1-2-3,390,1,1-2,330,1,,,,,,,
20260102,児島,2,一般,晴,北東,5,5,1,2,5189,藤 原 早 菜,68,68,6.89,2,0.19,1.49.5,2-3-4,35980,76,2-3,6230,16,2-3-4,4190,14,2-3,2990,10,,,,,,,
20260102,児島,2,一般,晴,北東,5,5,2,3,4563,齋 藤 真 之,38,44,6.99,3,0.14,1.51.3,2-3-4,35980,76,2-3,6230,16,2-3-4,4190,14,2-3,2990,10,,,,,,,
20260102,児島,2,一般,晴,北東,5,5,3,4,5317,長 尾 萌 加,64,40,6.97,4,0.20,1.52.1,2-3-4,35980,76,2-3,6230,16,2-3-4,4190,14,2-3,2990,10,,,,,,,
20260102,児島,2,一般,晴,北東,5,5,4,1,4580,長谷川 雅 和,61,15,6.98,1,0.11,1.53.3,2-3-4,35980,76,2-3,6230,16,2-3-4,4190,14,2-3,2990,10,,,,,,,
20260102,児島,2,一般,晴,北東,5,5,5,6,4172,森 定 晃 史,67,62,6.99,6,0.26,,2-3-4,35980,76,2-3,6230,16,2-3-4,4190,14,2-3,2990,10,,,,,,,
20260102,児島,2,一般,晴,北東,5,5,6,5,4672,守 屋 大 地,69,49,6.96,5,0.21,,2-3-4,35980,76,2-3,6230,16,2-3-4,4190,14,2-3,2990,10,,,,,,,
20260102,児島,3,一般,晴,北西,5,5,1,1,4410,井 上 大 輔,54,19,6.92,1,0.22,1.49.6,1-2-6,1800,2,1-2,700,1,1-2-6,690,3,1-2,470,2,,,,,,,
20260102,児島,3,一般,晴,北西,5,5,2,2,4635,峰 重 力 也,36,14,6.97,3,0.24,1.50.4,1-2-6,1800,2,1-2,700,1,1-2-6,690,3,1-2,470,2,,,,,,,
20260102,児島,3,一般,晴,北西,5,5,3,6,4537,渡 邉 和 将,56,64,6.94,6,0.30,1.51.3,1-2-6,1800,2,1-2,700,1,1-2-6,690,3,1-2,470,2,,,,,,,
20260102,児島,3,一般,晴,北西,5,5,4,3,3746,岡 瀬 正 人,42,56,7.00,4,0.33,1.52.9,1-2-6,1800,2,1-2,700,1,1-2-6,690,3,1-2,470,2,,,,,,,
20260102,児島,3,一般,晴,北西,5,5,5,4,3933,山 地 正 樹,31,39,7.17,2,0.22,,1-2-6,1800,2,1-2,700,1,1-2-6,690,3,1-2,470,2,,,,,,,
20260102,児島,3,一般,晴,北西,5,5,6,5,4853,前 原 哉,70,11,6.97,5,0.31,,1-2-6,1800,2,1-2,700,1,1-2-6,690,3,1-2,470,2,,,,,,,
20260102,児島,4,一般,晴,北西,5,5,1,1,3685,荒 井 輝 年,62,30,6.93,1,0.05,1.49.1,1-3-6,1210,1,1-3,340,1,1-3-6,540,2,1-3,170,1,,,,,,,
20260102,児島,4,一般,晴,北西,5,5,2,3,4370,山 口 達 也,37,71,6.87,3,0.10,1.51.4,1-3-6,1210,1,1-3,340,1,1-3-6,540,2,1-3,170,1,,,,,,,
20260102,児島,4,一般,晴,北西,5,5,3,6,4089,妹 尾 忠 幸,39,75,7.01,6,0.11,1.52.9,1-3-6,1210,1,1-3,340,1,1-3-6,540,2,1-3,170,1,,,,,,,
20260102,児島,4,一般,晴,北西,5,5,4,2,5356,長谷川 暖,21,72,6.93,2,0.01,1.53.2,1-3-6,1210,1,1-3,340,1,1-3-6,540,2,1-3,170,1,,,,,,,
20260102,児島,4,一般,晴,北西,5,5,5,5,5181,森 智 哉,48,26,7.00,5,0.11,,1-3-6,1210,1,1-3,340,1,1-3-6,540,2,1-3,170,1,,,,,,,
20260102,児島,4,一般,晴,北西,5,5,6,4,5111,三 村 岳 人,50,28,7.08,4,0.12,,1-3-6,1210,1,1-3,340,1,1-3-6,540,2,1-3,170,1,,,,,,,
20260102,児島,5,一般,晴,北西,3,3,1,3,4054,福 嶋 智 之,28,60,6.99,3,0.17,1.49.7,3-5-6,32780,68,3-5,12220,22,3-5-6,3010,11,3-5,3830,12,,,,,,,
20260102,児島,5,一般,晴,北西,3,3,2,5,3935,岩 津 徹 郎,55,36,6.98,6,0.19,1.50.5,3-5-6,32780,68,3-5,12220,22,3-5-6,3010,11,3-5,3830,12,,,,,,,
20260102,児島,5,一般,晴,北西,3,3,3,6,4762,藤 原 啓史朗,27,38,6.77,5,0.14,1.52.7,3-5-6,32780,68,3-5,12220,22,3-5-6,3010,11,3-5,3830,12,,,,,,,
20260102,児島,5,一般,晴,北西,3,3,4,1,4533,峰 重 侑 治,63,58,6.96,1,0.20,1.54.5,3-5-6,32780,68,3-5,12220,22,3-5-6,3010,11,3-5,3830,12,,,,,,,
20260102,児島,5,一般,晴,北西,3,3,5,2,5165,小 林 愛 実,13,31,6.91,2,0.12,,3-5-6,32780,68,3-5,12220,22,3-5-6,3010,11,3-5,3830,12,,,,,,,
20260102,児島,5,一般,晴,北西,3,3,6,4,3357,福 島 陽 子,11,47,7.02,4,0.17,,3-5-6,32780,68,3-5,12220,22,3-5-6,3010,11,3-5,3830,12,,,,,,,
20260102,児島,6,一般,晴,北西,5,5,1,1,4713,白 神 優,25,73,6.94,1,0.20,1.49.5,1-6-3,4940,16,1-6,1660,6,1-3-6,1030,7,1-6,1550,5,,,,,,,
20260102,児島,6,一般,晴,北西,5,5,2,6,5189,藤 原 早 菜,68,68,7.03,6,0.31,1.50.7,1-6-3,4940,16,1-6,1660,6,1-3-6,1030,7,1-6,1550,5,,,,,,,
20260102,児島,6,一般,晴,北西,5,5,3,3,4214,林 祐 介,41,37,7.02,3,0.20,1.51.5,1-6-3,4940,16,1-6,1660,6,1-3-6,1030,7,1-6,1550,5,,,,,,,
20260102,児島,6,一般,晴,北西,5,5,4,4,3436,柏 野 幸 二,17,74,6.89,4,0.18,1.51.7,1-6-3,4940,16,1-6,1660,6,1-3-6,1030,7,1-6,1550,5,,,,,,,
20260102,児島,6,一般,晴,北西,5,5,5,2,4562,阪 本 勇 介,14,17,6.96,2,0.25,,1-6-3,4940,16,1-6,1660,6,1-3-6,1030,7,1-6,1550,5,,,,,,,
20260102,児島,6,一般,晴,北西,5,5,6,5,4974,安 井 瑞 紀,34,67,7.00,5,0.19,,1-6-3,4940,16,1-6,1660,6,1-3-6,1030,7,1-6,1550,5,,,,,,,
20260102,児島,7,一般,曇り,北,5,5,1,2,5317,長 尾 萌 加,64,40,6.90,2,0.10,1.49.0,2-1-4,7670,28,2-1,1450,6,1-2-4,970,7,1-2,420,2,,,,,,,
20260102,児島,7,一般,曇り,北,5,5,2,1,4065,金 田 幸 子,66,55,6.95,1,0.05,1.50.3,2-1-4,7670,28,2-1,1450,6,1-2-4,970,7,1-2,420,2,,,,,,,
20260102,児島,7,一般,曇り,北,5,5,3,4,4323,山 田 佑 樹,44,61,6.97,4,0.12,1.50.7,2-1-4,7670,28,2-1,1450,6,1-2-4,970,7,1-2,420,2,,,,,,,
20260102,児島,7,一般,曇り,北,5,5,4,5,5374,木 山 大 聖,40,70,6.98,5,0.09,1.52.6,2-1-4,7670,28,2-1,1450,6,1-2-4,970,7,1-2,420,2,,,,,,,
20260102,児島,7,一般,曇り,北,5,5,5,6,4069,山 本 修 一,35,66,6.96,6,0.11,,2-1-4,7670,28,2-1,1450,6,1-2-4,970,7,1-2,420,2,,,,,,,
20260102,児島,7,一般,曇り,北,5,5,6,3,3933,山 地 正 樹,31,39,6.94,3,0.13,,2-1-4,7670,28,2-1,1450,6,1-2-4,970,7,1-2,420,2,,,,,,,
20260102,児島,8,一般,曇り,北西,5,5,1,1,5111,三 村 岳 人,50,28,6.84,1,0.16,1.49.6,1-6-2,5050,19,1-6,930,4,1-2-6,1110,4,1-6,980,4,,,,,,,
20260102,児島,8,一般,曇り,北西,5,5,2,6,3300,川 崎 智 幸,26,43,7.01,6,0.15,1.51.1,1-6-2,5050,19,1-6,930,4,1-2-6,1110,4,1-6,980,4,,,,,,,
20260102,児島,8,一般,曇り,北西,5,5,3,2,4672,守 屋 大 地,69,49,6.89,2,0.20,1.52.7,1-6-2,5050,19,1-6,930,4,1-2-6,1110,4,1-6,980,4,,,,,,,
20260102,児島,8,一般,曇り,北西,5,5,4,5,5109,川 崎 智 稔,52,46,6.99,5,0.07,1.52.8,1-6-2,5050,19,1-6,930,4,1-2-6,1110,4,1-6,980,4,,,,,,,
20260102,児島,8,一般,曇り,北西,5,5,5,3,4853,前 原 哉,70,11,6.92,3,0.17,,1-6-2,5050,19,1-6,930,4,1-2-6,1110,4,1-6,980,4,,,,,,,
20260102,児島,8,一般,曇り,北西,5,5,6,4,4563,齋 藤 真 之,38,44,6.91,4,0.14,,1-6-2,5050,19,1-6,930,4,1-2-6,1110,4,1-6,980,4,,,,,,,
20260102,児島,9,一般,晴,北西,3,3,1,3,5356,長谷川 暖,21,72,6.89,3,0.10,1.47.7,3-1-6,4370,17,3-1,1030,4,1-3-6,770,4,1-3,290,1,,,,,,,
20260102,児島,9,一般,晴,北西,3,3,2,1,3746,岡 瀬 正 人,42,56,7.01,1,0.11,1.50.2,3-1-6,4370,17,3-1,1030,4,1-3-6,770,4,1-3,290,1,,,,,,,
20260102,児島,9,一般,晴,北西,3,3,3,6,4580,長谷川 雅 和,61,15,7.11,6,0.14,1.51.4,3-1-6,4370,17,3-1,1030,4,1-3-6,770,4,1-3,290,1,,,,,,,
20260102,児島,9,一般,晴,北西,3,3,4,5,5165,小 林 愛 実,13,31,6.94,5,0.15,1.52.0,3-1-6,4370,17,3-1,1030,4,1-3-6,770,4,1-3,290,1,,,,,,,
20260102,児島,9,一般,晴,北西,3,3,5,4,4635,峰 重 力 也,36,14,6.97,4,0.10,,3-1-6,4370,17,3-1,1030,4,1-3-6,770,4,1-3,290,1,,,,,,,
20260102,児島,9,一般,晴,北西,3,3,6,2,3982,福 田 理,58,69,7.01,2,0.20,,3-1-6,4370,17,3-1,1030,4,1-3-6,770,4,1-3,290,1,,,,,,,
20260102,児島,10,特別選抜戦,晴,北,2,3,1,1,4089,妹 尾 忠 幸,39,75,6.86,1,0.24,1.48.8,1-5-3,4690,16,1-5,2330,8,1-3-5,990,4,1-5,2120,6,,,,,,,
20260102,児島,10,特別選抜戦,晴,北,2,3,2,5,3685,荒 井 輝 年,62,30,6.87,5,0.23,1.49.8,1-5-3,4690,16,1-5,2330,8,1-3-5,990,4,1-5,2120,6,,,,,,,
20260102,児島,10,特別選抜戦,晴,北,2,3,3,3,4537,渡 邉 和 将,56,64,6.73,3,0.22,1.50.8,1-5-3,4690,16,1-5,2330,8,1-3-5,990,4,1-5,2120,6,,,,,,,
20260102,児島,10,特別選抜戦,晴,北,2,3,4,4,4172,森 定 晃 史,67,34,6.80,4,0.24,1.52.3,1-5-3,4690,16,1-5,2330,8,1-3-5,990,4,1-5,2120,6,,,,,,,
20260102,児島,10,特別選抜戦,晴,北,2,3,5,2,4713,白 神 優,25,73,6.88,2,0.26,,1-5-3,4690,16,1-5,2330,8,1-3-5,990,4,1-5,2120,6,,,,,,,
20260102,児島,10,特別選抜戦,晴,北,2,3,6,6,4533,峰 重 侑 治,63,58,6.95,6,0.32,,1-5-3,4690,16,1-5,2330,8,1-3-5,990,4,1-5,2120,6,,,,,,,
20260102,児島,11,特別選抜戦,晴,北西,3,3,1,1,4762,藤 原 啓史朗,27,38,6.79,1,0.15,1.49.1,1-5-3,1190,4,1-5,390,1,1-3-5,450,1,1-5,250,1,,,,,,,
20260102,児島,11,特別選抜戦,晴,北西,3,3,2,5,4370,山 口 達 也,37,71,6.94,5,0.17,1.50.9,1-5-3,1190,4,1-5,390,1,1-3-5,450,1,1-5,250,1,,,,,,,
20260102,児島,11,特別選抜戦,晴,北西,3,3,3,3,3436,柏 野 幸 二,17,74,6.94,3,0.16,1.51.3,1-5-3,1190,4,1-5,390,1,1-3-5,450,1,1-5,250,1,,,,,,,
20260102,児島,11,特別選抜戦,晴,北西,3,3,4,4,4214,林 祐 介,41,37,6.80,4,0.20,1.52.6,1-5-3,1190,4,1-5,390,1,1-3-5,450,1,1-5,250,1,,,,,,,
20260102,児島,11,特別選抜戦,晴,北西,3,3,5,6,4410,井 上 大 輔,54,19,6.87,6,0.17,,1-5-3,1190,4,1-5,390,1,1-3-5,450,1,1-5,250,1,,,,,,,
20260102,児島,11,特別選抜戦,晴,北西,3,3,6,2,3935,岩 津 徹 郎,55,36,6.93,2,0.21,,1-5-3,1190,4,1-5,390,1,1-3-5,450,1,1-5,250,1,,,,,,,
20260102,児島,12,優勝戦,晴,北西,4,3,1,4,5058,前 原 大 道,60,45,6.81,3,0.20,1.47.0,4-2-1,13900,46,4-2,5590,18,1-2-4,350,1,2-4,2490,9,,,,,,,
20260102,児島,12,優勝戦,晴,北西,4,3,2,2,3822,平 尾 崇 典,57,65,6.80,2,0.22,1.48.8,4-2-1,13900,46,4-2,5590,18,1-2-4,350,1,2-4,2490,9,,,,,,,
20260102,児島,12,優勝戦,晴,北西,4,3,3,1,4166,吉 田 拡 郎,24,24,6.86,1,0.25,1.50.5,4-2-1,13900,46,4-2,5590,18,1-2-4,350,1,2-4,2490,9,,,,,,,
20260102,児島,12,優勝戦,晴,北西,4,3,4,5,4584,村 岡 賢 人,47,54,6.87,5,0.16,1.51.8,4-2-1,13900,46,4-2,5590,18,1-2-4,350,1,2-4,2490,9,,,,,,,
20260102,児島,12,優勝戦,晴,北西,4,3,5,3,4277,金 田 大 輔,59,33,6.67,4,0.40,,4-2-1,13900,46,4-2,5590,18,1-2-4,350,1,2-4,2490,9,,,,,,,
20260102,児島,12,優勝戦,晴,北西,4,3,6,6,4964,土 屋 南,51,57,6.71,6,0.20,,4-2-1,13900,46,4-2,5590,18,1-2-4,350,1,2-4,2490,9,,,,,,,
20260102,宮島,1,ファーストＢ,晴,南西,3,3,1,1,4434,田 中 辰 彦,59,73,6.65,1,0.13,1.48.9,1-3-6,1040,4,1-3,280,1,1-3-6,540,4,1-3,280,1,,,,,,,
20260102,宮島,1,ファーストＢ,晴,南西,3,3,2,3,3614,谷 勝 幸,55,54,6.66,3,0.11,1.50.6,1-3-6,1040,4,1-3,280,1,1-3-6,540,4,1-3,280,1,,,,,,,
20260102,宮島,1,ファーストＢ,晴,南西,3,3,3,6,3663,木 山 和 幸,23,72,6.68,5,0.16,1.51.6,1-3-6,1040,4,1-3,280,1,1-3-6,540,4,1-3,280,1,,,,,,,
20260102,宮島,1,ファーストＢ,晴,南西,3,3,4,2,4219,本 岡 勝 利,60,61,6.72,2,0.11,1.52.0,1-3-6,1040,4,1-3,280,1,1-3-6,540,4,1-3,280,1,,,,,,,
20260102,宮島,1,ファーストＢ,晴,南西,3,3,5,4,4111,奥 田 誠,57,16,6.66,4,0.12,1.53.7,1-3-6,1040,4,1-3,280,1,1-3-6,540,4,1-3,280,1,,,,,,,
20260102,宮島,1,ファーストＢ,晴,南西,3,3,6,5,5435,中 西 月 輝,28,66,6.71,6,0.19,1.55.4,1-3-6,1040,4,1-3,280,1,1-3-6,540,4,1-3,280,1,,,,,,,
20260102,宮島,2,予選,晴,南西,3,3,1,1,4292,麻 生 慎 介,72,63,6.59,1,0.10,1.48.8,1-2-5,760,3,1-2,160,1,1-2-5,360,2,1-2,140,1,,,,,,,
20260102,宮島,2,予選,晴,南西,3,3,2,2,5222,津 田 陸 翔,21,64,6.58,2,0.16,1.50.3,1-2-5,760,3,1-2,160,1,1-2-5,360,2,1-2,140,1,,,,,,,
20260102,宮島,2,予選,晴,南西,3,3,3,5,3584,佐々木 英 樹,25,55,6.71,5,0.07,1.52.0,1-2-5,760,3,1-2,160,1,1-2-5,360,2,1-2,140,1,,,,,,,
20260102,宮島,2,予選,晴,南西,3,3,4,6,5348,小 林 甘 寧,33,39,6.62,6,0.12,1.52.3,1-2-5,760,3,1-2,160,1,1-2-5,360,2,1-2,140,1,,,,,,,
20260102,宮島,2,予選,晴,南西,3,3,5,3,4882,瀧 川 千 依,50,33,6.62,3,0.14,1.54.2,1-2-5,760,3,1-2,160,1,1-2-5,360,2,1-2,140,1,,,,,,,
20260102,宮島,2,予選,晴,南西,3,3,6,4,3797,岩 井 繁,14,74,6.69,4,0.15,1.57.3,1-2-5,760,3,1-2,160,1,1-2-5,360,2,1-2,140,1,,,,,,,
20260102,宮島,3,予選,晴,南西,4,4,1,1,4163,山 崎 裕 司,16,53,6.52,1,0.13,1.50.5,1-2-5,2500,11,1-2,470,2,1-2-5,1080,5,1-2,480,2,,,,,,,
20260102,宮島,3,予選,晴,南西,4,4,2,2,4978,山 田 和 佐,77,32,6.56,2,0.11,1.51.3,1-2-5,2500,11,1-2,470,2,1-2-5,1080,5,1-2,480,2,,,,,,,
20260102,宮島,3,予選,晴,南西,4,4,3,5,4564,山 本 景士郎,37,80,6.63,5,0.22,1.52.8,1-2-5,2500,11,1-2,470,2,1-2-5,1080,5,1-2,480,2,,,,,,,
20260102,宮島,3,予選,晴,南西,4,4,4,3,3499,市 川 哲 也,30,26,6.57,3,0.16,1.53.4,1-2-5,2500,11,1-2,470,2,1-2-5,1080,5,1-2,480,2,,,,,,,
20260102,宮島,3,予選,晴,南西,4,4,5,4,3615,横 田 茂,51,13,6.56,4,0.18,1.54.5,1-2-5,2500,11,1-2,470,2,1-2-5,1080,5,1-2,480,2,,,,,,,
20260102,宮島,3,予選,晴,南西,4,4,6,6,5401,谷 海夏人,80,27,6.57,6,0.15,1.57.9,1-2-5,2500,11,1-2,470,2,1-2-5,1080,5,1-2,480,2,,,,,,,
20260102,宮島,4,予選,晴,南西,4,4,1,4,4302,西 野 翔 太,38,29,6.58,2,0.15,1.49.2,4-2-5,1840,7,4-2,560,2,2-4-5,720,3,2-4,240,1,,,,,,,
20260102,宮島,4,予選,晴,南西,4,4,2,2,5134,大 原 祥 昌,31,59,6.54,4,0.37,1.49.9,4-2-5,1840,7,4-2,560,2,2-4-5,720,3,2-4,240,1,,,,,,,
20260102,宮島,4,予選,晴,南西,4,4,3,5,3411,池 上 隆 行,20,58,6.58,5,0.17,1.52.1,4-2-5,1840,7,4-2,560,2,2-4-5,720,3,2-4,240,1,,,,,,,
20260102,宮島,4,予選,晴,南西,4,4,4,1,4374,永 田 義 紘,12,57,6.70,1,0.23,1.55.8,4-2-5,1840,7,4-2,560,2,2-4-5,720,3,2-4,240,1,,,,,,,
20260102,宮島,4,予選,晴,南西,4,4,5,6,5372,上 岡 巧 汰,68,19,6.64,6,0.14,1.56.9,4-2-5,1840,7,4-2,560,2,2-4-5,720,3,2-4,240,1,,,,,,,
20260102,宮島,4,予選,晴,南西,4,4,6,3,4708,半 田 尚 也,82,68,6.67,3,0.23,2.02.1,4-2-5,1840,7,4-2,560,2,2-4-5,720,3,2-4,240,1,,,,,,,
20260102,宮島,5,予選,晴,南西,7,7,1,4,4991,宗 行 治 哉,17,28,6.59,3,0.21,1.59.0,4-2-6,17280,52,4-2,2030,8,2-4-6,5660,15,2-4,1130,5,,,,,,,
20260102,宮島,5,予選,晴,南西,7,7,2,2,4173,岡 谷 健 吾,62,76,6.63,5,0.20,2.01.3,4-2-6,17280,52,4-2,2030,8,2-4-6,5660,15,2-4,1130,5,,,,,,,
20260102,宮島,5,予選,晴,南西,7,7,3,6,4111,奥 田 誠,57,16,6.62,6,0.22,2.03.6,4-2-6,17280,52,4-2,2030,8,2-4-6,5660,15,2-4,1130,5,,,,,,,
20260102,宮島,5,予選,晴,南西,7,7,4,1,4811,向井田 佑 紀,35,35,6.61,1,0.20,2.06.1,4-2-6,17280,52,4-2,2030,8,2-4-6,5660,15,2-4,1130,5,,,,,,,
20260102,宮島,5,予選,晴,南西,7,7,5,5,5154,村 松 栄 太,70,82,6.65,4,0.21,2.10.2,4-2-6,17280,52,4-2,2030,8,2-4-6,5660,15,2-4,1130,5,,,,,,,
20260102,宮島,6,ランチタイム,晴,南西,5,5,1,2,5243,三 馬 崇 史,67,56,6.61,2,0.02,1.49.0,2-4-3,2920,10,2-4,790,3,2-3-4,440,1,2-4,350,2,,,,,,,
20260102,宮島,6,ランチタイム,晴,南西,5,5,2,4,4600,井 内 将太郎,32,17,6.56,3,0.02,1.50.3,2-4-3,2920,10,2-4,790,3,2-3-4,440,1,2-4,350,2,,,,,,,
20260102,宮島,6,ランチタイム,晴,南西,5,5,3,3,4872,山 下 流 心,63,21,6.65,4,0.18,1.51.9,2-4-3,2920,10,2-4,790,3,2-3-4,440,1,2-4,350,2,,,,,,,
20260102,宮島,6,ランチタイム,晴,南西,5,5,4,5,4219,本 岡 勝 利,60,61,6.62,5,0.23,1.53.5,2-4-3,2920,10,2-4,790,3,2-3-4,440,1,2-4,350,2,,,,,,,
20260102,宮島,6,ランチタイム,晴,南西,5,5,5,6,4784,向井田 真 紀,79,24,6.63,6,0.46,1.55.7,2-4-3,2920,10,2-4,790,3,2-3-4,440,1,2-4,350,2,,,,,,,
20260102,宮島,7,予選,晴,南西,4,4,1,2,4471,新 田 泰 章,18,78,6.77,2,0.06,1.50.4,2-3-4,1190,1,2-3,410,1,2-3-4,440,2,2-3,380,2,,,,,,,
20260102,宮島,7,予選,晴,南西,4,4,2,3,3663,木 山 和 幸,23,72,6.69,3,0.06,1.51.5,2-3-4,1190,1,2-3,410,1,2-3-4,440,2,2-3,380,2,,,,,,,
20260102,宮島,7,予選,晴,南西,4,4,3,4,5343,小 林 礼 央,19,37,6.68,4,0.09,1.52.5,2-3-4,1190,1,2-3,410,1,2-3-4,440,2,2-3,380,2,,,,,,,
20260102,宮島,7,予選,晴,南西,4,4,4,5,4271,川 崎 公 靖,39,69,6.69,5,0.14,1.52.8,2-3-4,1190,1,2-3,410,1,2-3-4,440,2,2-3,380,2,,,,,,,
20260102,宮島,7,予選,晴,南西,4,4,5,1,3797,岩 井 繁,14,74,6.76,1,0.05,1.54.7,2-3-4,1190,1,2-3,410,1,2-3-4,440,2,2-3,380,2,,,,,,,
20260102,宮島,7,予選,晴,南西,4,4,6,6,5442,池 田 美 優,36,62,6.73,6,0.23,1.55.7,2-3-4,1190,1,2-3,410,1,2-3-4,440,2,2-3,380,2,,,,,,,
20260102,宮島,8,予選,晴,南西,5,5,1,4,4844,村 上 奈 穂,81,30,6.64,4,0.25,1.48.8,4-3-1,20580,44,4-3,4580,14,1-3-4,790,4,3-4,1050,5,,,,,,,
20260102,宮島,8,予選,晴,南西,5,5,2,3,4798,浜 先 真 範,15,18,6.63,3,0.18,1.49.7,4-3-1,20580,44,4-3,4580,14,1-3-4,790,4,3-4,1050,5,,,,,,,
20260102,宮島,8,予選,晴,南西,5,5,3,1,3614,谷 勝 幸,55,54,6.67,1,0.16,1.51.3,4-3-1,20580,44,4-3,4580,14,1-3-4,790,4,3-4,1050,5,,,,,,,
20260102,宮島,8,予選,晴,南西,5,5,4,5,5348,小 林 甘 寧,33,39,6.70,5,0.21,1.53.5,4-3-1,20580,44,4-3,4580,14,1-3-4,790,4,3-4,1050,5,,,,,,,
20260102,宮島,8,予選,晴,南西,5,5,5,2,3615,横 田 茂,51,13,6.65,2,0.32,1.55.2,4-3-1,20580,44,4-3,4580,14,1-3-4,790,4,3-4,1050,5,,,,,,,
20260102,宮島,8,予選,晴,南西,5,5,6,6,5431,得 山 大 輝,53,12,6.66,6,0.20,1.57.2,4-3-1,20580,44,4-3,4580,14,1-3-4,790,4,3-4,1050,5,,,,,,,
20260102,宮島,9,予選,晴,南西,5,5,1,1,4882,瀧 川 千 依,50,33,6.72,1,0.14,1.49.2,1-6-4,8150,30,1-6,3810,14,1-4-6,550,1,1-6,2380,8,,,,,,,
20260102,宮島,9,予選,晴,南西,5,5,2,6,4173,岡 谷 健 吾,62,76,6.73,5,0.12,1.51.2,1-6-4,8150,30,1-6,3810,14,1-4-6,550,1,1-6,2380,8,,,,,,,
20260102,宮島,9,予選,晴,南西,5,5,3,4,4398,船 岡 洋一郎,52,65,6.68,4,0.12,1.52.2,1-6-4,8150,30,1-6,3810,14,1-4-6,550,1,1-6,2380,8,,,,,,,
20260102,宮島,9,予選,晴,南西,5,5,4,5,5401,谷 海夏人,80,27,6.71,6,0.16,1.53.7,1-6-4,8150,30,1-6,3810,14,1-4-6,550,1,1-6,2380,8,,,,,,,
20260102,宮島,9,予選,晴,南西,5,5,5,3,4374,永 田 義 紘,12,57,6.78,3,0.10,1.54.2,1-6-4,8150,30,1-6,3810,14,1-4-6,550,1,1-6,2380,8,,,,,,,
20260102,宮島,9,予選,晴,南西,5,5,6,2,3430,角 浜 修,65,77,6.74,2,0.24,1.56.9,1-6-4,8150,30,1-6,3810,14,1-4-6,550,1,1-6,2380,8,,,,,,,
20260102,宮島,10,予選,雪,南西,6,6,1,1,3499,市 川 哲 也,30,26,6.77,1,0.14,1.49.4,1-4-5,3700,14,1-4,750,4,1-4-5,2120,6,1-4,1060,4,,,,,,,
20260102,宮島,10,予選,雪,南西,6,6,2,4,3054,北 川 幸 典,58,71,6.74,4,0.15,1.50.4,1-4-5,3700,14,1-4,750,4,1-4-5,2120,6,1-4,1060,4,,,,,,,
20260102,宮島,10,予選,雪,南西,6,6,3,5,4811,向井田 佑 紀,35,35,6.72,5,0.17,1.52.5,1-4-5,3700,14,1-4,750,4,1-4-5,2120,6,1-4,1060,4,,,,,,,
20260102,宮島,10,予選,雪,南西,6,6,4,2,3411,池 上 隆 行,20,58,6.71,2,0.17,1.53.8,1-4-5,3700,14,1-4,750,4,1-4-5,2120,6,1-4,1060,4,,,,,,,
20260102,宮島,10,予選,雪,南西,6,6,5,3,5222,津 田 陸 翔,21,64,6.70,3,0.17,1.53.9,1-4-5,3700,14,1-4,750,4,1-4-5,2120,6,1-4,1060,4,,,,,,,
20260102,宮島,10,予選,雪,南西,6,6,6,6,5435,中 西 月 輝,28,66,6.74,6,0.38,1.55.8,1-4-5,3700,14,1-4,750,4,1-4-5,2120,6,1-4,1060,4,,,,,,,
20260102,宮島,11,特選,雪,南西,5,5,1,3,4292,麻 生 慎 介,72,63,6.70,3,0.11,1.48.5,3-1-5,4500,15,3-1,1090,4,1-3-5,780,5,1-3,230,1,,,,,,,
20260102,宮島,11,特選,雪,南西,5,5,2,1,4302,西 野 翔 太,38,29,6.61,1,0.09,1.50.5,3-1-5,4500,15,3-1,1090,4,1-3-5,780,5,1-3,230,1,,,,,,,
20260102,宮島,11,特選,雪,南西,5,5,3,5,5243,三 馬 崇 史,67,56,6.70,5,0.12,1.52.4,3-1-5,4500,15,3-1,1090,4,1-3-5,780,5,1-3,230,1,,,,,,,
20260102,宮島,11,特選,雪,南西,5,5,4,4,4434,田 中 辰 彦,59,73,6.70,4,0.14,1.53.2,3-1-5,4500,15,3-1,1090,4,1-3-5,780,5,1-3,230,1,,,,,,,
20260102,宮島,11,特選,雪,南西,5,5,5,2,4564,山 本 景士郎,37,80,6.69,2,0.21,1.56.7,3-1-5,4500,15,3-1,1090,4,1-3-5,780,5,1-3,230,1,,,,,,,
20260102,常滑,1,朝トコ小判Ｒ,晴,西,4,2,1,1,4786,佐 藤 博 亮,5,48,6.76,1,0.12,1.50.2,1-2-3,840,2,1-2,260,1,1-2-3,450,2,1-2,370,2,,,,,,,
20260102,常滑,1,朝トコ小判Ｒ,晴,西,4,2,2,2,3690,河 合 三 弘,30,29,6.87,2,0.20,1.51.4,1-2-3,840,2,1-2,260,1,1-2-3,450,2,1-2,370,2,,,,,,,
20260102,常滑,1,朝トコ小判Ｒ,晴,西,4,2,3,3,5127,沼 田 大 都,58,53,6.82,3,0.17,1.52.7,1-2-3,840,2,1-2,260,1,1-2-3,450,2,1-2,370,2,,,,,,,
20260102,常滑,1,朝トコ小判Ｒ,晴,西,4,2,4,6,5441,鈴 木 雄 登,24,72,6.82,6,0.27,1.53.7,1-2-3,840,2,1-2,260,1,1-2-3,450,2,1-2,370,2,,,,,,,
20260102,常滑,1,朝トコ小判Ｒ,晴,西,4,2,5,5,5098,大 江 純,51,11,6.84,5,0.19,,1-2-3,840,2,1-2,260,1,1-2-3,450,2,1-2,370,2,,,,,,,
20260102,常滑,1,朝トコ小判Ｒ,晴,西,4,2,6,4,4062,後 藤 陽 介,20,40,6.81,4,0.14,,1-2-3,840,2,1-2,260,1,1-2-3,450,2,1-2,370,2,,,,,,,
20260102,常滑,2,一般,晴,北西,5,3,1,5,4914,吉 田 裕 平,14,32,6.73,5,0.21,1.49.6,5-1-6,2110,7,5-1,480,2,1-5-6,990,4,1-5,270,1,,,,,,,
20260102,常滑,2,一般,晴,北西,5,3,2,1,3713,伊 藤 誠 二,38,25,6.83,1,0.27,1.51.3,5-1-6,2110,7,5-1,480,2,1-5-6,990,4,1-5,270,1,,,,,,,
20260102,常滑,2,一般,晴,北西,5,3,3,6,5125,高 井 雄 基,50,60,6.87,6,0.31,1.53.3,5-1-6,2110,7,5-1,480,2,1-5-6,990,4,1-5,270,1,,,,,,,
20260102,常滑,2,一般,晴,北西,5,3,4,2,4118,宇佐見 淳,25,54,6.83,2,0.21,1.53.8,5-1-6,2110,7,5-1,480,2,1-5-6,990,4,1-5,270,1,,,,,,,
20260102,常滑,2,一般,晴,北西,5,3,5,3,3718,伊 達 正 利,46,15,6.89,3,0.25,,5-1-6,2110,7,5-1,480,2,1-5-6,990,4,1-5,270,1,,,,,,,
20260102,常滑,2,一般,晴,北西,5,3,6,4,5345,牧 村 俊 輝,60,21,6.83,4,0.38,,5-1-6,2110,7,5-1,480,2,1-5-6,990,4,1-5,270,1,,,,,,,
20260102,常滑,3,一般,晴,北西,5,3,1,3,5110,杉 山 喜 一,53,62,6.77,3,0.22,1.49.7,3-1-5,3180,12,3-1,1940,6,1-3-5,250,1,1-3,310,2,,,,,,,
20260102,常滑,3,一般,晴,北西,5,3,2,1,5089,前 田 翔,49,28,6.74,1,0.15,1.52.0,3-1-5,3180,12,3-1,1940,6,1-3-5,250,1,1-3,310,2,,,,,,,
20260102,常滑,3,一般,晴,北西,5,3,3,5,4604,岩 瀬 裕 亮,32,55,6.76,5,0.18,1.53.1,3-1-5,3180,12,3-1,1940,6,1-3-5,250,1,1-3,310,2,,,,,,,
20260102,常滑,3,一般,晴,北西,5,3,4,2,5321,一 色 颯 輝,47,16,6.85,2,0.25,1.54.3,3-1-5,3180,12,3-1,1940,6,1-3-5,250,1,1-3,310,2,,,,,,,
20260102,常滑,3,一般,晴,北西,5,3,5,6,5405,竹 内 来,34,57,6.79,6,0.15,,3-1-5,3180,12,3-1,1940,6,1-3-5,250,1,1-3,310,2,,,,,,,
20260102,常滑,3,一般,晴,北西,5,3,6,4,3929,杢 野 誓 良,59,17,6.76,4,0.26,,3-1-5,3180,12,3-1,1940,6,1-3-5,250,1,1-3,310,2,,,,,,,
20260102,常滑,4,一般,晴,北西,6,4,1,2,4960,黒 野 元 基,15,47,6.79,4,0.22,1.51.4,2-3-1,4880,20,2-3,1980,8,1-2-3,260,1,2-3,840,4,,,,,,,
20260102,常滑,4,一般,晴,北西,6,4,2,3,4269,杉 山 裕 也,1,44,6.82,5,0.20,1.52.4,2-3-1,4880,20,2-3,1980,8,1-2-3,260,1,2-3,840,4,,,,,,,
20260102,常滑,4,一般,晴,北西,6,4,3,1,4308,河 村 了,52,67,6.75,1,0.30,1.54.0,2-3-1,4880,20,2-3,1980,8,1-2-3,260,1,2-3,840,4,,,,,,,
20260102,常滑,4,一般,晴,北西,6,4,4,4,3687,花 田 和 明,26,20,6.83,3,0.30,1.55.2,2-3-1,4880,20,2-3,1980,8,1-2-3,260,1,2-3,840,4,,,,,,,
20260102,常滑,4,一般,晴,北西,6,4,5,6,4067,永 井 源,11,73,6.81,6,0.25,,2-3-1,4880,20,2-3,1980,8,1-2-3,260,1,2-3,840,4,,,,,,,
20260102,常滑,4,一般,晴,北西,6,4,6,5,3542,清 水 紀 克,36,18,6.83,2,0.32,,2-3-1,4880,20,2-3,1980,8,1-2-3,260,1,2-3,840,4,,,,,,,
20260102,常滑,5,一般,晴,北西,7,6,1,5,4142,平 野 和 明,6,45,6.75,5,0.13,1.13.0,5-6-2,22800,55,5-6,9300,19,2-5-6,2060,8,5-6,3230,9,,,,,,,
20260102,常滑,5,一般,晴,北西,7,6,2,6,5196,鰐 部 太空海,9,38,6.74,6,0.05,1.13.8,5-6-2,22800,55,5-6,9300,19,2-5-6,2060,8,5-6,3230,9,,,,,,,
20260102,常滑,5,一般,晴,北西,7,6,3,2,3554,仲 口 博 崇,7,12,6.81,2,0.19,1.14.2,5-6-2,22800,55,5-6,9300,19,2-5-6,2060,8,5-6,3230,9,,,,,,,
20260102,常滑,5,一般,晴,北西,7,6,4,1,5252,荒 木 颯 斗,45,64,6.78,1,0.19,1.16.3,5-6-2,22800,55,5-6,9300,19,2-5-6,2060,8,5-6,3230,9,,,,,,,
20260102,常滑,5,一般,晴,北西,7,6,5,3,4228,吉 田 慎二郎,39,35,6.71,3,0.20,,5-6-2,22800,55,5-6,9300,19,2-5-6,2060,8,5-6,3230,9,,,,,,,
20260102,常滑,5,一般,晴,北西,7,6,6,4,3895,堀 本 裕 也,41,71,6.86,4,0.21,,5-6-2,22800,55,5-6,9300,19,2-5-6,2060,8,5-6,3230,9,,,,,,,
20260102,常滑,6,昼トコ小判Ｒ,晴,北西,7,6,1,4,4526,池 田 雄 祐,16,22,6.79,4,0.28,1.13.5,4-1-6,3310,13,4-1,1680,6,1-4-6,460,2,1-4,440,2,,,,,,,
20260102,常滑,6,昼トコ小判Ｒ,晴,北西,7,6,2,1,4199,北 川 潤 二,19,51,6.79,1,0.20,1.14.5,4-1-6,3310,13,4-1,1680,6,1-4-6,460,2,1-4,440,2,,,,,,,
20260102,常滑,6,昼トコ小判Ｒ,晴,北西,7,6,3,6,4483,北 野 輝 季,35,56,6.78,5,0.31,1.15.7,4-1-6,3310,13,4-1,1680,6,1-4-6,460,2,1-4,440,2,,,,,,,
20260102,常滑,6,昼トコ小判Ｒ,晴,北西,7,6,4,5,4435,服 部 達 哉,12,14,6.74,6,0.37,1.16.7,4-1-6,3310,13,4-1,1680,6,1-4-6,460,2,1-4,440,2,,,,,,,
20260102,常滑,6,昼トコ小判Ｒ,晴,北西,7,6,5,3,4273,佐 藤 旭,8,69,6.94,3,0.32,,4-1-6,3310,13,4-1,1680,6,1-4-6,460,2,1-4,440,2,,,,,,,
20260102,常滑,6,昼トコ小判Ｒ,晴,北西,7,6,6,2,3893,汐 崎 正 則,21,19,6.82,2,0.30,,4-1-6,3310,13,4-1,1680,6,1-4-6,460,2,1-4,440,2,,,,,,,
20260102,常滑,7,一般,晴,北西,6,5,1,1,4518,大須賀 友,54,26,6.72,1,0.15,1.13.5,1-6-5,1720,6,1-6,250,1,1-5-6,800,3,1-6,190,1,,,,,,,
20260102,常滑,7,一般,晴,北西,6,5,2,6,3941,池 田 浩 二,3,36,6.75,5,0.10,1.14.3,1-6-5,1720,6,1-6,250,1,1-5-6,800,3,1-6,190,1,,,,,,,
20260102,常滑,7,一般,晴,北西,6,5,3,5,3690,河 合 三 弘,30,29,6.88,4,0.12,1.14.9,1-6-5,1720,6,1-6,250,1,1-5-6,800,3,1-6,190,1,,,,,,,
20260102,常滑,7,一般,晴,北西,6,5,4,2,5110,杉 山 喜 一,53,62,6.79,2,0.15,1.15.2,1-6-5,1720,6,1-6,250,1,1-5-6,800,3,1-6,190,1,,,,,,,
20260102,常滑,7,一般,晴,北西,6,5,5,4,5441,鈴 木 雄 登,24,72,6.84,6,0.15,,1-6-5,1720,6,1-6,250,1,1-5-6,800,3,1-6,190,1,,,,,,,
20260102,常滑,7,一般,晴,北西,6,5,6,3,4293,鈴 木 智 啓,31,70,6.89,3,0.19,,1-6-5,1720,6,1-6,250,1,1-5-6,800,3,1-6,190,1,,,,,,,
20260102,常滑,8,一般,晴,西,8,6,1,1,4850,野 中 一 平,42,66,6.72,1,0.15,1.13.6,1-3-4,560,1,1-3,340,2,1-3-4,280,1,1-3,270,2,,,,,,,
20260102,常滑,8,一般,晴,西,8,6,2,3,5321,一 色 颯 輝,47,16,6.79,3,0.14,1.14.2,1-3-4,560,1,1-3,340,2,1-3-4,280,1,1-3,270,2,,,,,,,
20260102,常滑,8,一般,晴,西,8,6,3,4,4067,永 井 源,11,73,6.79,4,0.15,1.15.5,1-3-4,560,1,1-3,340,2,1-3-4,280,1,1-3,270,2,,,,,,,
20260102,常滑,8,一般,晴,西,8,6,4,6,4509,平 見 真 彦,56,23,6.81,5,0.18,1.16.2,1-3-4,560,1,1-3,340,2,1-3-4,280,1,1-3,270,2,,,,,,,
20260102,常滑,8,一般,晴,西,8,6,5,5,5345,牧 村 俊 輝,60,21,6.84,6,0.16,,1-3-4,560,1,1-3,340,2,1-3-4,280,1,1-3,270,2,,,,,,,
20260102,常滑,8,一般,晴,西,8,6,6,2,3542,清 水 紀 克,36,18,6.81,2,0.15,,1-3-4,560,1,1-3,340,2,1-3-4,280,1,1-3,270,2,,,,,,,
20260102,常滑,9,一般,晴,西,7,5,1,1,4228,吉 田 慎二郎,39,35,6.75,1,0.16,1.14.4,1-4-6,1600,5,1-4,400,2,1-4-6,690,3,1-4,370,2,,,,,,,
20260102,常滑,9,一般,晴,西,7,5,2,4,3621,天 野 晶 夫,29,39,6.79,4,0.18,1.14.9,1-4-6,1600,5,1-4,400,2,1-4-6,690,3,1-4,370,2,,,,,,,
20260102,常滑,9,一般,晴,西,7,5,3,6,5002,上 田 健 太,22,30,6.80,6,0.16,1.16.7,1-4-6,1600,5,1-4,400,2,1-4-6,690,3,1-4,370,2,,,,,,,
20260102,常滑,9,一般,晴,西,7,5,4,2,3687,花 田 和 明,26,20,6.81,2,0.19,1.17.2,1-4-6,1600,5,1-4,400,2,1-4-6,690,3,1-4,370,2,,,,,,,
20260102,常滑,9,一般,晴,西,7,5,5,5,4442,松 竹 大 輔,40,52,6.81,5,0.24,,1-4-6,1600,5,1-4,400,2,1-4-6,690,3,1-4,370,2,,,,,,,
20260102,常滑,9,一般,晴,西,7,5,6,3,3929,杢 野 誓 良,59,17,6.74,3,0.15,,1-4-6,1600,5,1-4,400,2,1-4-6,690,3,1-4,370,2,,,,,,,
20260102,常滑,10,準優勝戦,晴,西,8,6,1,1,4483,北 野 輝 季,35,56,6.70,1,0.15,1.13.7,1-3-5,3000,10,1-3,480,2,1-3-5,1700,6,1-3,560,2,,,,,,,
20260102,常滑,10,準優勝戦,晴,西,8,6,2,3,5089,前 田 翔,49,28,6.70,3,0.18,1.15.0,1-3-5,3000,10,1-3,480,2,1-3-5,1700,6,1-3,560,2,,,,,,,
20260102,常滑,10,準優勝戦,晴,西,8,6,3,5,3554,仲 口 博 崇,7,12,6.81,5,0.19,1.15.5,1-3-5,3000,10,1-3,480,2,1-3-5,1700,6,1-3,560,2,,,,,,,
20260102,常滑,10,準優勝戦,晴,西,8,6,4,6,4118,宇佐見 淳,25,54,6.78,6,0.14,1.16.1,1-3-5,3000,10,1-3,480,2,1-3-5,1700,6,1-3,560,2,,,,,,,
20260102,常滑,10,準優勝戦,晴,西,8,6,5,4,4960,黒 野 元 基,15,47,6.77,4,0.15,,1-3-5,3000,10,1-3,480,2,1-3-5,1700,6,1-3,560,2,,,,,,,
20260102,常滑,10,準優勝戦,晴,西,8,6,6,2,4914,吉 田 裕 平,14,32,6.66,2,0.14,,1-3-5,3000,10,1-3,480,2,1-3-5,1700,6,1-3,560,2,,,,,,,
20260102,常滑,11,準優勝戦,晴,西,8,6,1,1,5196,鰐 部 太空海,9,38,6.64,1,0.22,1.12.8,1-3-4,620,1,1-3,250,1,1-3-4,400,1,1-3,230,1,,,,,,,
20260102,常滑,11,準優勝戦,晴,西,8,6,2,3,4786,佐 藤 博 亮,5,48,6.75,3,0.19,1.13.7,1-3-4,620,1,1-3,250,1,1-3-4,400,1,1-3,230,1,,,,,,,
20260102,常滑,11,準優勝戦,晴,西,8,6,3,4,4308,河 村 了,52,67,6.76,4,0.21,1.14.9,1-3-4,620,1,1-3,250,1,1-3-4,400,1,1-3,230,1,,,,,,,
20260102,常滑,11,準優勝戦,晴,西,8,6,4,6,4269,杉 山 裕 也,1,44,6.74,6,0.19,1.16.0,1-3-4,620,1,1-3,250,1,1-3-4,400,1,1-3,230,1,,,,,,,
20260102,常滑,11,準優勝戦,晴,西,8,6,5,5,3713,伊 藤 誠 二,38,25,6.76,5,0.23,,1-3-4,620,1,1-3,250,1,1-3-4,400,1,1-3,230,1,,,,,,,
20260102,常滑,11,準優勝戦,晴,西,8,6,6,2,4435,服 部 達 哉,12,14,6.71,2,0.41,,1-3-4,620,1,1-3,250,1,1-3-4,400,1,1-3,230,1,,,,,,,
20260102,常滑,12,準優勝戦,晴,西,8,6,1,1,3941,池 田 浩 二,3,36,6.82,1,0.10,1.13.2,1-2-3,460,1,1-2,260,1,1-2-3,230,1,1-2,180,1,,,,,,,
20260102,常滑,12,準優勝戦,晴,西,8,6,2,2,4604,岩 瀬 裕 亮,32,55,6.79,2,0.12,1.13.9,1-2-3,460,1,1-2,260,1,1-2-3,230,1,1-2,180,1,,,,,,,
20260102,常滑,12,準優勝戦,晴,西,8,6,3,3,4518,大須賀 友,54,26,6.73,3,0.16,1.15.1,1-2-3,460,1,1-2,260,1,1-2-3,230,1,1-2,180,1,,,,,,,
20260102,常滑,12,準優勝戦,晴,西,8,6,4,4,4199,北 川 潤 二,19,51,6.80,4,0.14,1.15.7,1-2-3,460,1,1-2,260,1,1-2-3,230,1,1-2,180,1,,,,,,,
20260102,常滑,12,準優勝戦,晴,西,8,6,5,5,4850,野 中 一 平,42,66,6.79,5,0.24,,1-2-3,460,1,1-2,260,1,1-2-3,230,1,1-2,180,1,,,,,,,
20260102,常滑,12,準優勝戦,晴,西,8,6,6,6,5252,荒 木 颯 斗,45,64,6.73,6,0.26,,1-2-3,460,1,1-2,260,1,1-2-3,230,1,1-2,180,1,,,,,,,
20260102,徳山,1,朝トク予選,曇り,北東,4,4,1,1,4703,森 永 隆,41,33,7.00,1,0.22,1.51.0,1-4-5,1260,6,1-4,510,2,1-4-5,630,4,1-4,380,2,,,,,,,
20260102,徳山,1,朝トク予選,曇り,北東,4,4,2,4,3581,加 木 郁,49,12,7.07,4,0.27,1.53.4,1-4-5,1260,6,1-4,510,2,1-4-5,630,4,1-4,380,2,,,,,,,
20260102,徳山,1,朝トク予選,曇り,北東,4,4,3,5,5027,重 冨 勇 哉,63,48,6.95,5,0.29,1.54.6,1-4-5,1260,6,1-4,510,2,1-4-5,630,4,1-4,380,2,,,,,,,
20260102,徳山,1,朝トク予選,曇り,北東,4,4,4,2,3176,長谷川 巌,52,54,6.99,2,0.24,1.55.0,1-4-5,1260,6,1-4,510,2,1-4-5,630,4,1-4,380,2,,,,,,,
20260102,徳山,1,朝トク予選,曇り,北東,4,4,5,3,4846,佐 藤 駿 介,16,25,6.99,3,0.25,,1-4-5,1260,6,1-4,510,2,1-4-5,630,4,1-4,380,2,,,,,,,
20260102,徳山,1,朝トク予選,曇り,北東,4,4,6,6,5404,内 田 壮,57,45,6.94,6,0.32,,1-4-5,1260,6,1-4,510,2,1-4-5,630,4,1-4,380,2,,,,,,,
20260102,徳山,2,正月選抜,晴,東,5,5,1,4,4506,稗 田 聖 也,58,19,6.88,4,0.04,1.49.5,4-1-2,3820,12,4-1,1080,4,1-2-4,360,1,1-4,250,1,,,,,,,
20260102,徳山,2,正月選抜,晴,東,5,5,2,1,4264,長 尾 章 平,43,44,6.83,1,0.09,1.51.0,4-1-2,3820,12,4-1,1080,4,1-2-4,360,1,1-4,250,1,,,,,,,
20260102,徳山,2,正月選抜,晴,東,5,5,3,2,4179,広 次 修,28,37,6.89,2,0.07,1.53.3,4-1-2,3820,12,4-1,1080,4,1-2-4,360,1,1-4,250,1,,,,,,,
20260102,徳山,2,正月選抜,晴,東,5,5,4,5,5311,小 林 京 平,11,47,6.80,5,0.14,1.55.2,4-1-2,3820,12,4-1,1080,4,1-2-4,360,1,1-4,250,1,,,,,,,
20260102,徳山,2,正月選抜,晴,東,5,5,5,3,3350,藤 本 佳 史,33,49,6.95,3,0.08,,4-1-2,3820,12,4-1,1080,4,1-2-4,360,1,1-4,250,1,,,,,,,
20260102,徳山,2,正月選抜,晴,東,5,5,6,6,4395,下 河 雅 史,65,62,6.91,6,0.26,,4-1-2,3820,12,4-1,1080,4,1-2-4,360,1,1-4,250,1,,,,,,,
20260102,徳山,3,決めトク予選,晴,北東,5,5,1,1,4950,高 岡 竜 也,68,72,6.87,1,0.15,1.49.9,1-3-2,2000,6,1-3,790,3,1-2-3,670,3,1-3,600,3,,,,,,,
20260102,徳山,3,決めトク予選,晴,北東,5,5,2,3,3070,山 室 展 弘,17,68,6.86,3,0.19,1.51.8,1-3-2,2000,6,1-3,790,3,1-2-3,670,3,1-3,600,3,,,,,,,
20260102,徳山,3,決めトク予選,晴,北東,5,5,3,2,5000,岡 本 翔太郎,56,36,6.84,2,0.18,1.52.0,1-3-2,2000,6,1-3,790,3,1-2-3,670,3,1-3,600,3,,,,,,,
20260102,徳山,3,決めトク予選,晴,北東,5,5,4,4,4601,森 野 正 弘,48,64,6.91,4,0.18,1.54.3,1-3-2,2000,6,1-3,790,3,1-2-3,670,3,1-3,600,3,,,,,,,
20260102,徳山,3,決めトク予選,晴,北東,5,5,5,6,5177,松 井 貫 太,14,30,6.84,6,0.35,,1-3-2,2000,6,1-3,790,3,1-2-3,670,3,1-3,600,3,,,,,,,
20260102,徳山,3,決めトク予選,晴,北東,5,5,6,5,4406,幸 野 史 明,39,73,6.95,5,0.29,,1-3-2,2000,6,1-3,790,3,1-2-3,670,3,1-3,600,3,,,,,,,
20260102,徳山,4,ガチトク予選,晴,東,6,6,1,1,3473,石 川 真 二,15,67,6.86,1,0.07,1.51.2,1-2-4,580,1,1-2,240,1,1-2-4,260,1,1-2,240,1,,,,,,,
20260102,徳山,4,ガチトク予選,晴,東,6,6,2,2,4396,大 田 直 弥,53,40,6.91,2,0.15,1.52.7,1-2-4,580,1,1-2,240,1,1-2-4,260,1,1-2,240,1,,,,,,,
20260102,徳山,4,ガチトク予選,晴,東,6,6,3,4,5106,山 崎 祥,38,70,6.92,4,0.14,1.54.6,1-2-4,580,1,1-2,240,1,1-2-4,260,1,1-2,240,1,,,,,,,
20260102,徳山,4,ガチトク予選,晴,東,6,6,4,5,3282,池 本 輝 明,36,31,6.96,5,0.15,1.55.9,1-2-4,580,1,1-2,240,1,1-2-4,260,1,1-2,240,1,,,,,,,
20260102,徳山,4,ガチトク予選,晴,東,6,6,5,6,4272,大 場 広 孝,47,52,6.90,6,0.20,,1-2-4,580,1,1-2,240,1,1-2-4,260,1,1-2,240,1,,,,,,,
20260102,徳山,4,ガチトク予選,晴,東,6,6,6,3,4592,小 林 孝 弘,64,69,6.97,3,0.13,,1-2-4,580,1,1-2,240,1,1-2-4,260,1,1-2,240,1,,,,,,,
20260102,徳山,5,買っトク予選,晴,北東,5,5,1,1,4835,橋 本 明,44,57,6.92,1,0.22,1.50.4,1-2-3,1100,4,1-2,480,2,1-2-3,250,1,1-2,230,1,,,,,,,
20260102,徳山,5,買っトク予選,晴,北東,5,5,2,2,3897,白 井 英 治,46,26,6.96,2,0.24,1.51.8,1-2-3,1100,4,1-2,480,2,1-2-3,250,1,1-2,230,1,,,,,,,
20260102,徳山,5,買っトク予選,晴,北東,5,5,3,3,4108,吉 村 正 明,42,22,6.94,3,0.23,1.54.2,1-2-3,1100,4,1-2,480,2,1-2-3,250,1,1-2,230,1,,,,,,,
20260102,徳山,5,買っトク予選,晴,北東,5,5,4,5,5238,笹 木 香 吾,54,23,6.90,4,0.23,1.55.0,1-2-3,1100,4,1-2,480,2,1-2-3,250,1,1-2,230,1,,,,,,,
20260102,徳山,5,買っトク予選,晴,北東,5,5,5,6,5308,藤 森 拓 海,51,28,6.94,5,0.25,,1-2-3,1100,4,1-2,480,2,1-2-3,250,1,1-2,230,1,,,,,,,
20260102,徳山,5,買っトク予選,晴,北東,5,5,6,4,4346,前 田 健太郎,29,27,7.00,6,0.27,,1-2-3,1100,4,1-2,480,2,1-2-3,250,1,1-2,230,1,,,,,,,
20260102,徳山,6,予選,晴,東,4,4,1,3,5102,原 田 雄 次,12,65,6.96,3,0.19,1.59.7,3-1-6,10540,35,3-1,2880,11,1-3-6,1870,8,1-3,670,4,,,,,,,
20260102,徳山,6,予選,晴,東,4,4,2,1,4023,柴 田 友 和,19,42,6.96,1,0.26,2.04.8,3-1-6,10540,35,3-1,2880,11,1-3-6,1870,8,1-3,670,4,,,,,,,
20260102,徳山,6,予選,晴,東,4,4,3,6,4015,前 野 竜 一,32,32,7.00,5,0.15,2.06.9,3-1-6,10540,35,3-1,2880,11,1-3-6,1870,8,1-3,670,4,,,,,,,
20260102,徳山,6,予選,晴,東,4,4,4,2,4226,村 田 浩 司,40,13,6.90,2,0.28,2.08.3,3-1-6,10540,35,3-1,2880,11,1-3-6,1870,8,1-3,670,4,,,,,,,
20260102,徳山,6,予選,晴,東,4,4,5,5,5404,内 田 壮,57,45,6.91,6,0.20,,3-1-6,10540,35,3-1,2880,11,1-3-6,1870,8,1-3,670,4,,,,,,,
20260102,徳山,7,予選,晴,南東,6,6,1,3,4395,下 河 雅 史,65,62,6.97,3,0.04,1.51.0,3-4-1,21630,56,3-4,5460,16,1-3-4,1130,6,3-4,2860,9,,,,,,,
20260102,徳山,7,予選,晴,南東,6,6,2,4,4703,森 永 隆,41,33,6.93,4,0.14,1.51.6,3-4-1,21630,56,3-4,5460,16,1-3-4,1130,6,3-4,2860,9,,,,,,,
20260102,徳山,7,予選,晴,南東,6,6,3,1,4896,花 本 剛,26,58,6.97,1,0.01,1.53.0,3-4-1,21630,56,3-4,5460,16,1-3-4,1130,6,3-4,2860,9,,,,,,,
20260102,徳山,7,予選,晴,南東,6,6,4,6,3834,細 川 明 人,35,21,6.97,6,0.15,1.55.3,3-4-1,21630,56,3-4,5460,16,1-3-4,1130,6,3-4,2860,9,,,,,,,
20260102,徳山,7,予選,晴,南東,6,6,5,2,5145,島 川 海 輝,74,66,6.85,2,0.04,,3-4-1,21630,56,3-4,5460,16,1-3-4,1130,6,3-4,2860,9,,,,,,,
20260102,徳山,7,予選,晴,南東,6,6,6,5,5009,大 賀 龍之介,69,55,6.99,5,0.10,,3-4-1,21630,56,3-4,5460,16,1-3-4,1130,6,3-4,2860,9,,,,,,,
20260102,徳山,8,予選,晴,北東,6,6,1,2,4985,井 本 昌 也,61,16,6.94,2,0.35,1.51.5,2-6-3,5050,22,2-6,1320,6,2-3-6,1090,6,2-6,1230,5,,,,,,,
20260102,徳山,8,予選,晴,北東,6,6,2,6,4506,稗 田 聖 也,58,19,6.95,6,0.26,1.53.3,2-6-3,5050,22,2-6,1320,6,2-3-6,1090,6,2-6,1230,5,,,,,,,
20260102,徳山,8,予選,晴,北東,6,6,3,3,5027,重 冨 勇 哉,63,48,6.92,3,0.33,1.54.4,2-6-3,5050,22,2-6,1320,6,2-3-6,1090,6,2-6,1230,5,,,,,,,
20260102,徳山,8,予選,晴,北東,6,6,4,5,4950,高 岡 竜 也,68,72,6.91,5,0.27,1.54.6,2-6-3,5050,22,2-6,1320,6,2-3-6,1090,6,2-6,1230,5,,,,,,,
20260102,徳山,8,予選,晴,北東,6,6,5,1,4355,小 川 広 大,59,38,7.02,1,0.45,,2-6-3,5050,22,2-6,1320,6,2-3-6,1090,6,2-6,1230,5,,,,,,,
20260102,徳山,8,予選,晴,北東,6,6,6,4,4592,小 林 孝 弘,64,69,6.96,4,0.30,,2-6-3,5050,22,2-6,1320,6,2-3-6,1090,6,2-6,1230,5,,,,,,,
20260102,徳山,9,狙いトク予選,晴,北,5,5,1,3,5177,松 井 貫 太,14,30,6.92,3,0.07,1.52.6,3-4-6,800,2,3-4,370,1,3-4-6,270,2,3-4,260,1,,,,,,,
20260102,徳山,9,狙いトク予選,晴,北,5,5,2,4,3350,藤 本 佳 史,33,49,7.02,4,0.09,1.55.3,3-4-6,800,2,3-4,370,1,3-4-6,270,2,3-4,260,1,,,,,,,
20260102,徳山,9,狙いトク予選,晴,北,5,5,3,6,5106,山 崎 祥,38,70,6.92,6,0.18,1.55.6,3-4-6,800,2,3-4,370,1,3-4-6,270,2,3-4,260,1,,,,,,,
20260102,徳山,9,狙いトク予選,晴,北,5,5,4,5,4100,松 田 隆 司,13,35,6.97,5,0.12,1.58.2,3-4-6,800,2,3-4,370,1,3-4-6,270,2,3-4,260,1,,,,,,,
20260102,徳山,10,予選,晴,北東,5,5,1,3,4264,長 尾 章 平,43,44,6.87,3,0.15,1.50.1,3-4-2,3230,16,3-4,770,5,2-3-4,920,5,3-4,620,2,,,,,,,
20260102,徳山,10,予選,晴,北東,5,5,2,4,4957,竹之内 極,30,46,6.94,4,0.12,1.51.8,3-4-2,3230,16,3-4,770,5,2-3-4,920,5,3-4,620,2,,,,,,,
20260102,徳山,10,予選,晴,北東,5,5,3,2,4272,大 場 広 孝,47,52,6.93,2,0.17,1.52.9,3-4-2,3230,16,3-4,770,5,2-3-4,920,5,3-4,620,2,,,,,,,
20260102,徳山,10,予選,晴,北東,5,5,4,1,3581,加 木 郁,49,12,7.00,1,0.19,1.54.2,3-4-2,3230,16,3-4,770,5,2-3-4,920,5,3-4,620,2,,,,,,,
20260102,徳山,10,予選,晴,北東,5,5,5,5,5176,石 倉 拓 美,66,15,7.02,5,0.21,,3-4-2,3230,16,3-4,770,5,2-3-4,920,5,3-4,620,2,,,,,,,
20260102,徳山,10,予選,晴,北東,5,5,6,6,4108,吉 村 正 明,42,22,7.01,6,0.11,,3-4-2,3230,16,3-4,770,5,2-3-4,920,5,3-4,620,2,,,,,,,
20260102,徳山,11,予選,晴,南,4,4,1,4,3473,石 川 真 二,15,67,6.88,1,0.10,1.50.3,4-1-5,1120,2,4-1,490,1,1-4-5,450,2,1-4,290,1,,,,,,,
20260102,徳山,11,予選,晴,南,4,4,2,1,5102,原 田 雄 次,12,65,6.86,2,0.21,1.52.3,4-1-5,1120,2,4-1,490,1,1-4-5,450,2,1-4,290,1,,,,,,,
20260102,徳山,11,予選,晴,南,4,4,3,5,4179,広 次 修,28,37,6.84,5,0.19,1.54.0,4-1-5,1120,2,4-1,490,1,1-4-5,450,2,1-4,290,1,,,,,,,
20260102,徳山,11,予選,晴,南,4,4,4,3,4835,橋 本 明,44,57,6.92,4,0.24,1.55.0,4-1-5,1120,2,4-1,490,1,1-4-5,450,2,1-4,290,1,,,,,,,
20260102,徳山,11,予選,晴,南,4,4,5,2,3834,細 川 明 人,35,21,6.98,3,0.17,,4-1-5,1120,2,4-1,490,1,1-4-5,450,2,1-4,290,1,,,,,,,
20260102,徳山,11,予選,晴,南,4,4,6,6,5000,岡 本 翔太郎,56,36,6.89,6,0.14,,4-1-5,1120,2,4-1,490,1,1-4-5,450,2,1-4,290,1,,,,,,,
20260102,徳山,12,ドリーム戦,晴,東,5,5,1,1,3897,白 井 英 治,46,26,6.94,1,0.14,1.50.3,1-3-2,1230,6,1-3,330,2,1-2-3,380,3,1-3,270,1,,,,,,,
20260102,徳山,12,ドリーム戦,晴,東,5,5,2,3,4601,森 野 正 弘,48,64,6.90,3,0.12,1.51.6,1-3-2,1230,6,1-3,330,2,1-2-3,380,3,1-3,270,1,,,,,,,
20260102,徳山,12,ドリーム戦,晴,東,5,5,3,2,4015,前 野 竜 一,32,32,6.93,2,0.11,1.52.9,1-3-2,1230,6,1-3,330,2,1-2-3,380,3,1-3,270,1,,,,,,,
20260102,徳山,12,ドリーム戦,晴,東,5,5,4,5,4396,大 田 直 弥,53,40,6.92,5,0.18,1.53.0,1-3-2,1230,6,1-3,330,2,1-2-3,380,3,1-3,270,1,,,,,,,
20260102,徳山,12,ドリーム戦,晴,東,5,5,5,6,5145,島 川 海 輝,74,66,6.87,6,0.16,,1-3-2,1230,6,1-3,330,2,1-2-3,380,3,1-3,270,1,,,,,,,
20260102,徳山,12,ドリーム戦,晴,東,5,5,6,4,4985,井 本 昌 也,61,16,6.89,4,0.13,,1-3-2,1230,6,1-3,330,2,1-2-3,380,3,1-3,270,1,,,,,,,
20260102,桐生,1,予選,曇り,東,1,1,1,5,5313,鈴 木 唯 央,40,47,6.66,5,0.20,1.48.8,5-4-6,16540,70,5-4,5990,25,4-5-6,2520,15,4-5,2420,13,,,,,,,
20260102,桐生,1,予選,曇り,東,1,1,2,4,4973,栗 原 直 也,42,14,6.84,4,0.19,1.49.9,5-4-6,16540,70,5-4,5990,25,4-5-6,2520,15,4-5,2420,13,,,,,,,
20260102,桐生,1,予選,曇り,東,1,1,3,6,4819,蜂 須 瑞 生,26,67,6.67,6,0.25,1.52.7,5-4-6,16540,70,5-4,5990,25,4-5-6,2520,15,4-5,2420,13,,,,,,,
20260102,桐生,1,予選,曇り,東,1,1,4,2,3880,浅 見 宗 孝,22,73,6.76,2,0.34,1.54.2,5-4-6,16540,70,5-4,5990,25,4-5-6,2520,15,4-5,2420,13,,,,,,,
20260102,桐生,1,予選,曇り,東,1,1,5,3,3947,寺 本 昇 平,18,74,6.83,3,0.32,1.55.2,5-4-6,16540,70,5-4,5990,25,4-5-6,2520,15,4-5,2420,13,,,,,,,
20260102,桐生,1,予選,曇り,東,1,1,6,1,5006,久保原 秀 人,51,30,6.74,1,0.26,1.57.1,5-4-6,16540,70,5-4,5990,25,4-5-6,2520,15,4-5,2420,13,,,,,,,
20260102,桐生,2,予選,曇り,北西,3,2,1,1,4177,萬 正 嗣,16,29,6.92,1,0.07,1.49.8,1-5-3,5500,23,1-5,960,5,1-3-5,1120,5,1-5,630,3,,,,,,,
20260102,桐生,2,予選,曇り,北西,3,2,2,5,4700,金 子 和 之,31,15,6.95,6,0.20,1.50.7,1-5-3,5500,23,1-5,960,5,1-3-5,1120,5,1-5,630,3,,,,,,,
20260102,桐生,2,予選,曇り,北西,3,2,3,3,4987,島 倉 都,17,28,6.94,3,0.12,1.52.0,1-5-3,5500,23,1-5,960,5,1-3-5,1120,5,1-5,630,3,,,,,,,
20260102,桐生,2,予選,曇り,北西,3,2,4,4,5065,伊久間 陽 優,59,60,6.79,4,0.08,1.52.9,1-5-3,5500,23,1-5,960,5,1-3-5,1120,5,1-5,630,3,,,,,,,
20260102,桐生,2,予選,曇り,北西,3,2,5,2,3463,乙 津 康 志,75,50,6.90,2,0.17,1.53.1,1-5-3,5500,23,1-5,960,5,1-3-5,1120,5,1-5,630,3,,,,,,,
20260102,桐生,2,予選,曇り,北西,3,2,6,6,4420,津久井 拓 也,64,19,6.80,5,0.19,1.54.4,1-5-3,5500,23,1-5,960,5,1-3-5,1120,5,1-5,630,3,,,,,,,
20260102,桐生,3,予選,曇り,北西,4,3,1,4,5216,長谷川 晴 哉,56,43,6.82,4,0.17,1.49.7,4-2-3,6860,36,4-2,2040,12,2-3-4,990,4,2-4,820,6,,,,,,,
20260102,桐生,3,予選,曇り,北西,4,3,2,2,4888,金 児 隆 太,72,57,6.70,2,0.20,1.51.1,4-2-3,6860,36,4-2,2040,12,2-3-4,990,4,2-4,820,6,,,,,,,
20260102,桐生,3,予選,曇り,北西,4,3,3,3,5150,坂 本 雄 紀,34,59,6.86,3,0.14,1.52.8,4-2-3,6860,36,4-2,2040,12,2-3-4,990,4,2-4,820,6,,,,,,,
20260102,桐生,3,予選,曇り,北西,4,3,4,1,4113,木 村 浩 士,27,23,6.91,1,0.19,1.53.7,4-2-3,6860,36,4-2,2040,12,2-3-4,990,4,2-4,820,6,,,,,,,
20260102,桐生,3,予選,曇り,北西,4,3,5,5,4893,渡 邉 真奈美,24,34,6.81,5,0.20,1.54.2,4-2-3,6860,36,4-2,2040,12,2-3-4,990,4,2-4,820,6,,,,,,,
20260102,桐生,3,予選,曇り,北西,4,3,6,6,4225,土 屋 千 明,68,40,6.75,6,0.19,1.54.3,4-2-3,6860,36,4-2,2040,12,2-3-4,990,4,2-4,820,6,,,,,,,
20260102,桐生,4,予選,曇り,北西,4,3,1,4,4787,椎 名 豊,47,36,6.77,4,0.19,1.48.2,4-6-1,1480,3,4-6,440,1,1-4-6,390,1,4-6,280,1,,,,,,,
20260102,桐生,4,予選,曇り,北西,4,3,2,6,5141,大 澤 風 葵,30,41,6.78,6,0.15,1.49.8,4-6-1,1480,3,4-6,440,1,1-4-6,390,1,4-6,280,1,,,,,,,
20260102,桐生,4,予選,曇り,北西,4,3,3,1,4203,小 倉 康 典,19,56,6.85,1,0.11,1.52.5,4-6-1,1480,3,4-6,440,1,1-4-6,390,1,4-6,280,1,,,,,,,
20260102,桐生,4,予選,曇り,北西,4,3,4,3,3175,渡 辺 千 草,49,37,6.87,3,0.19,1.53.3,4-6-1,1480,3,4-6,440,1,1-4-6,390,1,4-6,280,1,,,,,,,
20260102,桐生,4,予選,曇り,北西,4,3,5,5,3686,鳥居塚 孝 博,73,31,6.96,5,0.21,1.54.8,4-6-1,1480,3,4-6,440,1,1-4-6,390,1,4-6,280,1,,,,,,,
20260102,桐生,4,予選,曇り,北西,4,3,6,2,5306,河 内 悠利杏,52,27,6.84,2,0.23,1.57.7,4-6-1,1480,3,4-6,440,1,1-4-6,390,1,4-6,280,1,,,,,,,
20260102,桐生,5,予選,曇り,北西,3,2,1,2,4238,毒 島 誠,53,12,6.82,2,0.15,1.48.3,2-3-1,2930,13,2-3,410,2,1-2-3,1200,7,2-3,510,4,,,,,,,
20260102,桐生,5,予選,曇り,北西,3,2,2,3,3664,鈴 木 賢 一,43,33,6.83,3,0.18,1.50.9,2-3-1,2930,13,2-3,410,2,1-2-3,1200,7,2-3,510,4,,,,,,,
20260102,桐生,5,予選,曇り,北西,3,2,3,1,4421,森 作 広 大,48,38,6.96,1,0.16,1.52.2,2-3-1,2930,13,2-3,410,2,1-2-3,1200,7,2-3,510,4,,,,,,,
20260102,桐生,5,予選,曇り,北西,3,2,4,6,3740,大 澤 普 司,57,64,6.96,6,0.14,1.54.0,2-3-1,2930,13,2-3,410,2,1-2-3,1200,7,2-3,510,4,,,,,,,
20260102,桐生,5,予選,曇り,北西,3,2,5,4,3406,中 里 英 夫,62,54,6.78,4,0.19,1.54.0,2-3-1,2930,13,2-3,410,2,1-2-3,1200,7,2-3,510,4,,,,,,,
20260102,桐生,5,予選,曇り,北西,3,2,6,5,3619,長谷川 充,74,51,6.98,5,0.20,1.56.0,2-3-1,2930,13,2-3,410,2,1-2-3,1200,7,2-3,510,4,,,,,,,
20260102,桐生,6,ドラドキ目玉,曇り,北西,3,2,1,1,3159,江 口 晃 生,67,17,6.87,1,0.22,1.49.8,1-5-4,870,3,1-5,300,1,1-4-5,290,1,1-5,370,2,,,,,,,
20260102,桐生,6,ドラドキ目玉,曇り,北西,3,2,2,5,3947,寺 本 昇 平,18,74,6.78,4,0.25,1.51.9,1-5-4,870,3,1-5,300,1,1-4-5,290,1,1-5,370,2,,,,,,,
20260102,桐生,6,ドラドキ目玉,曇り,北西,3,2,3,4,4177,萬 正 嗣,16,29,6.81,5,0.23,1.53.7,1-5-4,870,3,1-5,300,1,1-4-5,290,1,1-5,370,2,,,,,,,
20260102,桐生,6,ドラドキ目玉,曇り,北西,3,2,4,2,3419,栗 原 謙 治,58,69,6.90,2,0.26,1.53.7,1-5-4,870,3,1-5,300,1,1-4-5,290,1,1-5,370,2,,,,,,,
20260102,桐生,6,ドラドキ目玉,曇り,北西,3,2,5,3,3827,今 泉 徹,69,61,6.87,3,0.21,1.54.8,1-5-4,870,3,1-5,300,1,1-4-5,290,1,1-5,370,2,,,,,,,
20260102,桐生,6,ドラドキ目玉,曇り,北西,3,2,6,6,5108,柴 田 愛 梨,66,62,6.95,6,0.34,1.56.9,1-5-4,870,3,1-5,300,1,1-4-5,290,1,1-5,370,2,,,,,,,
20260102,桐生,7,ドラドキ３,曇り,南東,1,1,1,3,4851,関 浩 哉,70,20,6.80,3,0.19,1.47.9,3-1-2,760,4,3-1,250,2,1-2-3,240,2,1-3,110,1,,,,,,,
20260102,桐生,7,ドラドキ３,曇り,南東,1,1,2,1,5234,塚 越 海 斗,46,46,6.74,1,0.17,1.50.1,3-1-2,760,4,3-1,250,2,1-2-3,240,2,1-3,110,1,,,,,,,
20260102,桐生,7,ドラドキ３,曇り,南東,1,1,3,2,5153,佐 藤 ほのか,21,21,6.76,2,0.35,1.52.8,3-1-2,760,4,3-1,250,2,1-2-3,240,2,1-3,110,1,,,,,,,
20260102,桐生,7,ドラドキ３,曇り,南東,1,1,4,4,5320,岩 崎 麗 子,15,70,6.83,4,0.30,1.53.1,3-1-2,760,4,3-1,250,2,1-2-3,240,2,1-3,110,1,,,,,,,
20260102,桐生,7,ドラドキ３,曇り,南東,1,1,5,5,5006,久保原 秀 人,51,30,6.92,5,0.18,1.56.1,3-1-2,760,4,3-1,250,2,1-2-3,240,2,1-3,110,1,,,,,,,
20260102,桐生,8,ドラドキ５,曇り,南東,3,2,1,1,3482,金 子 猛 志,71,52,6.79,1,0.12,1.49.9,1-3-5,1510,2,1-3,760,3,1-3-5,280,1,1-3,550,3,,,,,,,
20260102,桐生,8,ドラドキ５,曇り,南東,3,2,2,3,5065,伊久間 陽 優,59,60,6.65,2,0.13,1.50.4,1-3-5,1510,2,1-3,760,3,1-3-5,280,1,1-3,550,3,,,,,,,
20260102,桐生,8,ドラドキ５,曇り,南東,3,2,3,5,4188,久 田 敏 之,60,11,6.73,4,0.14,1.51.6,1-3-5,1510,2,1-3,760,3,1-3-5,280,1,1-3,550,3,,,,,,,
20260102,桐生,8,ドラドキ５,曇り,南東,3,2,4,4,4113,木 村 浩 士,27,23,6.78,3,0.19,1.52.6,1-3-5,1510,2,1-3,760,3,1-3-5,280,1,1-3,550,3,,,,,,,
20260102,桐生,8,ドラドキ５,曇り,南東,3,2,5,2,4766,石 井 孝 之,63,39,6.63,5,0.15,1.52.9,1-3-5,1510,2,1-3,760,3,1-3-5,280,1,1-3,550,3,,,,,,,
20260102,桐生,8,ドラドキ５,曇り,南東,3,2,6,6,5390,高 橋 涼 夏,36,42,6.71,6,0.16,1.56.8,1-3-5,1510,2,1-3,760,3,1-3-5,280,1,1-3,550,3,,,,,,,
20260102,桐生,9,予選,曇り,東,3,2,1,1,3619,長谷川 充,74,51,6.68,1,0.23,1.49.4,1-2-6,6320,33,1-2,1150,5,1-2-6,1920,11,1-2,780,4,,,,,,,
20260102,桐生,9,予選,曇り,東,3,2,2,2,5051,松 本 純 平,35,44,6.73,2,0.18,1.50.2,1-2-6,6320,33,1-2,1150,5,1-2-6,1920,11,1-2,780,4,,,,,,,
20260102,桐生,9,予選,曇り,東,3,2,3,6,4700,金 子 和 之,31,15,6.70,6,0.20,1.52.7,1-2-6,6320,33,1-2,1150,5,1-2-6,1920,11,1-2,780,4,,,,,,,
20260102,桐生,9,予選,曇り,東,3,2,4,4,5141,大 澤 風 葵,30,41,6.65,4,0.23,1.52.8,1-2-6,6320,33,1-2,1150,5,1-2-6,1920,11,1-2,780,4,,,,,,,
20260102,桐生,9,予選,曇り,東,3,2,5,3,4819,蜂 須 瑞 生,26,67,6.78,3,0.20,1.53.8,1-2-6,6320,33,1-2,1150,5,1-2-6,1920,11,1-2,780,4,,,,,,,
20260102,桐生,9,予選,曇り,東,3,2,6,5,4888,金 児 隆 太,72,57,6.79,5,0.24,1.57.9,1-2-6,6320,33,1-2,1150,5,1-2-6,1920,11,1-2,780,4,,,,,,,
20260102,桐生,10,予選特別,曇り,東,3,2,1,1,3686,鳥居塚 孝 博,73,31,6.79,1,0.15,1.49.0,1-3-5,4770,14,1-3,1330,5,1-3-5,1420,7,1-3,1120,4,,,,,,,
20260102,桐生,10,予選特別,曇り,東,3,2,2,3,3880,浅 見 宗 孝,22,73,6.99,3,0.27,1.50.5,1-3-5,4770,14,1-3,1330,5,1-3-5,1420,7,1-3,1120,4,,,,,,,
20260102,桐生,10,予選特別,曇り,東,3,2,3,5,4420,津久井 拓 也,64,19,6.96,5,0.20,1.51.7,1-3-5,4770,14,1-3,1330,5,1-3-5,1420,7,1-3,1120,4,,,,,,,
20260102,桐生,10,予選特別,曇り,東,3,2,4,4,3655,本 橋 克 洋,45,24,6.80,4,0.21,1.52.5,1-3-5,4770,14,1-3,1330,5,1-3-5,1420,7,1-3,1120,4,,,,,,,
20260102,桐生,10,予選特別,曇り,東,3,2,5,2,3740,大 澤 普 司,57,64,6.80,2,0.19,1.54.4,1-3-5,4770,14,1-3,1330,5,1-3-5,1420,7,1-3,1120,4,,,,,,,
20260102,桐生,10,予選特別,曇り,東,3,2,6,6,4893,渡 邉 真奈美,24,34,6.94,6,0.19,1.55.3,1-3-5,4770,14,1-3,1330,5,1-3-5,1420,7,1-3,1120,4,,,,,,,
20260102,桐生,11,予選特別,曇り,東,2,1,1,1,4787,椎 名 豊,47,36,6.77,1,0.25,1.47.9,1-5-3,1130,4,1-5,710,3,1-3-5,340,2,1-5,450,3,,,,,,,
20260102,桐生,11,予選特別,曇り,東,2,1,2,5,5234,塚 越 海 斗,46,46,6.75,5,0.17,1.49.7,1-5-3,1130,4,1-5,710,3,1-3-5,340,2,1-5,450,3,,,,,,,
20260102,桐生,11,予選特別,曇り,東,2,1,3,3,4539,金 子 賢 志,65,26,6.62,3,0.24,1.51.4,1-5-3,1130,4,1-5,710,3,1-3-5,340,2,1-5,450,3,,,,,,,
20260102,桐生,11,予選特別,曇り,東,2,1,4,2,4225,土 屋 千 明,68,40,6.73,2,0.22,1.52.6,1-5-3,1130,4,1-5,710,3,1-3-5,340,2,1-5,450,3,,,,,,,
20260102,桐生,11,予選特別,曇り,東,2,1,5,4,3463,乙 津 康 志,75,50,6.74,4,0.28,1.54.0,1-5-3,1130,4,1-5,710,3,1-3-5,340,2,1-5,450,3,,,,,,,
20260102,桐生,11,予選特別,曇り,東,2,1,6,6,3664,鈴 木 賢 一,43,33,6.63,6,0.31,1.56.8,1-5-3,1130,4,1-5,710,3,1-3-5,340,2,1-5,450,3,,,,,,,
20260102,桐生,12,ドリーム戦,曇り,東,1,1,1,1,4851,関 浩 哉,70,20,6.67,1,0.20,1.46.9,1-2-6,700,1,1-2,300,1,1-2-6,310,1,1-2,280,1,,,,,,,
20260102,桐生,12,ドリーム戦,曇り,東,1,1,2,2,4188,久 田 敏 之,60,11,6.70,3,0.17,1.49.1,1-2-6,700,1,1-2,300,1,1-2-6,310,1,1-2,280,1,,,,,,,
20260102,桐生,12,ドリーム戦,曇り,東,1,1,3,6,4238,毒 島 誠,53,12,6.74,4,0.25,1.50.3,1-2-6,700,1,1-2,300,1,1-2-6,310,1,1-2,280,1,,,,,,,
20260102,桐生,12,ドリーム戦,曇り,東,1,1,4,5,3532,柴 田 光,37,45,6.85,6,0.20,1.51.9,1-2-6,700,1,1-2,300,1,1-2-6,310,1,1-2,280,1,,,,,,,
20260102,桐生,12,ドリーム戦,曇り,東,1,1,5,4,4305,金 子 拓 矢,61,48,6.87,5,0.26,1.54.1,1-2-6,700,1,1-2,300,1,1-2-6,310,1,1-2,280,1,,,,,,,
20260102,桐生,12,ドリーム戦,曇り,東,1,1,6,3,3159,江 口 晃 生,67,17,6.82,2,0.22,1.55.6,1-2-6,700,1,1-2,300,1,1-2-6,310,1,1-2,280,1,,,,,,,
20260102,江戸川,1,予選,曇り,北,3,5,1,5,5279,石 渡 翔一郎,69,59,6.56,5,0.17,1.50.7,5-3-6,11570,33,5-3,2290,8,3-5-6,4510,13,3-5,1510,5,,,,,,,
20260102,江戸川,1,予選,曇り,北,3,5,2,3,4723,寺 島 吉 彦,21,26,6.64,3,0.24,1.51.4,5-3-6,11570,33,5-3,2290,8,3-5-6,4510,13,3-5,1510,5,,,,,,,
20260102,江戸川,1,予選,曇り,北,3,5,3,6,5359,佐 藤 世 那,17,60,6.72,6,0.32,1.54.0,5-3-6,11570,33,5-3,2290,8,3-5-6,4510,13,3-5,1510,5,,,,,,,
20260102,江戸川,1,予選,曇り,北,3,5,4,1,4769,馬 場 剛,28,29,6.65,1,0.19,1.54.7,5-3-6,11570,33,5-3,2290,8,3-5-6,4510,13,3-5,1510,5,,,,,,,
20260102,江戸川,1,予選,曇り,北,3,5,5,2,4465,大 西 賢,58,27,6.77,2,0.26,,5-3-6,11570,33,5-3,2290,8,3-5-6,4510,13,3-5,1510,5,,,,,,,
20260102,江戸川,1,予選,曇り,北,3,5,6,4,5063,大 塚 雅 治,50,70,6.70,4,0.25,,5-3-6,11570,33,5-3,2290,8,3-5-6,4510,13,3-5,1510,5,,,,,,,
20260102,江戸川,2,予選,晴,北,3,5,1,2,4401,小 林 泰,71,58,6.66,2,0.17,1.51.0,2-4-3,2010,6,2-4,650,3,2-3-4,530,3,2-4,380,2,,,,,,,
20260102,江戸川,2,予選,晴,北,3,5,2,4,4318,桑 原 将 光,70,34,6.77,4,0.16,1.52.5,2-4-3,2010,6,2-4,650,3,2-3-4,530,3,2-4,380,2,,,,,,,
20260102,江戸川,2,予選,晴,北,3,5,3,3,4211,村 田 敦,60,45,6.61,3,0.14,1.54.9,2-4-3,2010,6,2-4,650,3,2-3-4,530,3,2-4,380,2,,,,,,,
20260102,江戸川,2,予選,晴,北,3,5,4,1,5285,若 林 麗,49,12,6.70,1,0.23,1.55.6,2-4-3,2010,6,2-4,650,3,2-3-4,530,3,2-4,380,2,,,,,,,
20260102,江戸川,2,予選,晴,北,3,5,5,6,5253,藤 井 太 雅,46,30,6.61,6,0.45,,2-4-3,2010,6,2-4,650,3,2-3-4,530,3,2-4,380,2,,,,,,,
20260102,江戸川,2,予選,晴,北,3,5,6,5,3629,浅 見 昌 克,26,53,6.63,5,0.17,,2-4-3,2010,6,2-4,650,3,2-3-4,530,3,2-4,380,2,,,,,,,
20260102,江戸川,3,予選,晴,北,4,5,1,4,4438,森 作 雄 大,63,13,6.67,4,0.13,1.50.7,4-5-2,2510,6,4-5,1240,4,2-4-5,720,3,4-5,620,4,,,,,,,
20260102,江戸川,3,予選,晴,北,4,5,2,5,5023,久 永 祥 平,23,37,6.63,5,0.21,1.51.8,4-5-2,2510,6,4-5,1240,4,2-4-5,720,3,4-5,620,4,,,,,,,
20260102,江戸川,3,予選,晴,北,4,5,3,2,4086,寺 本 重 宣,47,65,6.64,2,0.17,1.53.5,4-5-2,2510,6,4-5,1240,4,2-4-5,720,3,4-5,620,4,,,,,,,
20260102,江戸川,3,予選,晴,北,4,5,4,6,5292,佐 藤 右 京,61,24,6.57,6,0.33,1.55.2,4-5-2,2510,6,4-5,1240,4,2-4-5,720,3,4-5,620,4,,,,,,,
20260102,江戸川,3,予選,晴,北,4,5,5,3,3313,本 吉 正 樹,59,19,6.71,3,0.24,,4-5-2,2510,6,4-5,1240,4,2-4-5,720,3,4-5,620,4,,,,,,,
20260102,江戸川,3,予選,晴,北,4,5,6,1,4889,後 藤 盛 也,51,47,6.58,1,0.13,,4-5-2,2510,6,4-5,1240,4,2-4-5,720,3,4-5,620,4,,,,,,,
20260102,江戸川,4,予選,晴,北,4,5,1,1,4077,品 田 直 樹,25,55,6.84,1,0.14,1.51.8,1-2-3,1750,3,1-2,900,4,1-2-3,370,1,1-2,720,3,,,,,,,
20260102,江戸川,4,予選,晴,北,4,5,2,2,3569,増 田 進,41,38,6.91,2,0.14,1.53.0,1-2-3,1750,3,1-2,900,4,1-2-3,370,1,1-2,720,3,,,,,,,
20260102,江戸川,4,予選,晴,北,4,5,3,3,4568,廣 瀬 真 也,55,69,6.76,3,0.13,1.53.9,1-2-3,1750,3,1-2,900,4,1-2-3,370,1,1-2,720,3,,,,,,,
20260102,江戸川,4,予選,晴,北,4,5,4,6,4345,西 舘 健,52,18,6.90,6,0.21,1.55.1,1-2-3,1750,3,1-2,900,4,1-2-3,370,1,1-2,720,3,,,,,,,
20260102,江戸川,4,予選,晴,北,4,5,5,5,3596,河 上 年 昭,67,43,6.79,5,0.19,,1-2-3,1750,3,1-2,900,4,1-2-3,370,1,1-2,720,3,,,,,,,
20260102,江戸川,4,予選,晴,北,4,5,6,4,3868,尾 形 栄 治,64,32,6.79,4,0.24,,1-2-3,1750,3,1-2,900,4,1-2-3,370,1,1-2,720,3,,,,,,,
20260102,江戸川,5,予選,晴,北,3,5,1,3,4095,福 来 剛,12,50,6.73,3,0.24,1.51.0,3-4-1,5570,20,3-4,970,3,1-3-4,1030,5,3-4,620,2,,,,,,,
20260102,江戸川,5,予選,晴,北,3,5,2,4,4995,田 邉 亮 蔵,56,54,6.65,4,0.20,1.53.9,3-4-1,5570,20,3-4,970,3,1-3-4,1030,5,3-4,620,2,,,,,,,
20260102,江戸川,5,予選,晴,北,3,5,3,1,5290,坂 本 一 真,16,11,6.65,1,0.21,1.55.9,3-4-1,5570,20,3-4,970,3,1-3-4,1030,5,3-4,620,2,,,,,,,
20260102,江戸川,5,予選,晴,北,3,5,4,2,4610,佐 藤 大 佑,19,39,6.72,2,0.28,1.56.3,3-4-1,5570,20,3-4,970,3,1-3-4,1030,5,3-4,620,2,,,,,,,
20260102,江戸川,5,予選,晴,北,3,5,5,5,3277,齋 藤 勇,48,16,6.73,5,0.18,,3-4-1,5570,20,3-4,970,3,1-3-4,1030,5,3-4,620,2,,,,,,,
20260102,江戸川,5,予選,晴,北,3,5,6,6,3771,折 下 寛 法,39,64,6.82,6,0.21,,3-4-1,5570,20,3-4,970,3,1-3-4,1030,5,3-4,620,2,,,,,,,
20260102,江戸川,6,予選,晴,北東,3,5,1,2,4366,前 沢 丈 史,54,36,6.81,2,0.16,1.51.7,2-1-4,1200,2,2-1,740,3,1-2-4,290,1,1-2,390,2,,,,,,,
20260102,江戸川,6,予選,晴,北東,3,5,2,1,4440,萩 原 知 哉,36,21,6.71,1,0.12,1.53.2,2-1-4,1200,2,2-1,740,3,1-2-4,290,1,1-2,390,2,,,,,,,
20260102,江戸川,6,予選,晴,北東,3,5,3,4,3256,三 角 哲 男,57,71,6.79,4,0.36,1.54.1,2-1-4,1200,2,2-1,740,3,1-2-4,290,1,1-2,390,2,,,,,,,
20260102,江戸川,6,予選,晴,北東,3,5,4,5,3340,池 田 雷 太,37,46,6.74,5,0.34,1.55.2,2-1-4,1200,2,2-1,740,3,1-2-4,290,1,1-2,390,2,,,,,,,
20260102,江戸川,6,予選,晴,北東,3,5,5,3,5285,若 林 麗,49,12,6.86,3,0.19,,2-1-4,1200,2,2-1,740,3,1-2-4,290,1,1-2,390,2,,,,,,,
20260102,江戸川,6,予選,晴,北東,3,5,6,6,5007,近 藤 雄一郎,62,51,6.66,6,0.33,,2-1-4,1200,2,2-1,740,3,1-2-4,290,1,1-2,390,2,,,,,,,
20260102,江戸川,7,予選,曇り,北東,6,5,1,2,3716,石 渡 鉄 兵,66,56,6.67,2,0.05,1.57.0,2-1-4,950,2,2-1,350,1,1-2-4,410,2,1-2,200,1,,,,,,,
20260102,江戸川,7,予選,曇り,北東,6,5,2,1,4945,上 村 宏 太,15,28,6.64,1,0.07,1.59.1,2-1-4,950,2,2-1,350,1,1-2-4,410,2,1-2,200,1,,,,,,,
20260102,江戸川,7,予選,曇り,北東,6,5,3,4,4211,村 田 敦,60,45,6.80,4,0.04,2.02.9,2-1-4,950,2,2-1,350,1,1-2-4,410,2,1-2,200,1,,,,,,,
20260102,江戸川,7,予選,曇り,北東,6,5,4,3,5292,佐 藤 右 京,61,24,6.70,3,0.09,2.04.7,2-1-4,950,2,2-1,350,1,1-2-4,410,2,1-2,200,1,,,,,,,
20260102,江戸川,7,予選,曇り,北東,6,5,5,6,4644,山 田 亮 太,22,23,6.91,6,0.09,,2-1-4,950,2,2-1,350,1,1-2-4,410,2,1-2,200,1,,,,,,,
20260102,江戸川,8,予選,晴,北東,5,5,1,1,4318,桑 原 将 光,70,34,6.64,1,0.14,1.53.1,1-2-6,5130,19,1-2,1130,4,1-2-6,2620,10,1-2,810,4,,,,,,,
20260102,江戸川,8,予選,晴,北東,5,5,2,2,5063,大 塚 雅 治,50,70,6.81,2,0.19,1.55.2,1-2-6,5130,19,1-2,1130,4,1-2-6,2620,10,1-2,810,4,,,,,,,
20260102,江戸川,8,予選,晴,北東,5,5,3,6,3888,山 本 英 志,34,62,6.77,6,0.14,1.56.1,1-2-6,5130,19,1-2,1130,4,1-2-6,2620,10,1-2,810,4,,,,,,,
20260102,江戸川,8,予選,晴,北東,5,5,4,3,3596,河 上 年 昭,67,43,6.72,3,0.19,1.57.2,1-2-6,5130,19,1-2,1130,4,1-2-6,2620,10,1-2,810,4,,,,,,,
20260102,江戸川,8,予選,晴,北東,5,5,5,4,4430,永 田 秀 二,14,25,6.71,4,0.23,,1-2-6,5130,19,1-2,1130,4,1-2-6,2620,10,1-2,810,4,,,,,,,
20260102,江戸川,8,予選,晴,北東,5,5,6,5,3313,本 吉 正 樹,59,19,6.80,5,0.26,,1-2-6,5130,19,1-2,1130,4,1-2-6,2620,10,1-2,810,4,,,,,,,
20260102,江戸川,9,予選,晴,東,3,5,1,1,4438,森 作 雄 大,63,13,6.69,1,0.18,1.51.6,1-3-2,880,2,1-3,340,1,1-2-3,340,2,1-3,240,1,,,,,,,
20260102,江戸川,9,予選,晴,東,3,5,2,3,4728,山 口 亮,40,48,6.83,3,0.22,1.53.4,1-3-2,880,2,1-3,340,1,1-2-3,340,2,1-3,240,1,,,,,,,
20260102,江戸川,9,予選,晴,東,3,5,3,2,3202,三 品 隆 浩,27,68,6.86,2,0.24,1.55.2,1-3-2,880,2,1-3,340,1,1-2-3,340,2,1-3,240,1,,,,,,,
20260102,江戸川,9,予選,晴,東,3,5,4,4,3911,鈴 木 猛,32,57,6.87,4,0.21,1.55.9,1-3-2,880,2,1-3,340,1,1-2-3,340,2,1-3,240,1,,,,,,,
20260102,江戸川,9,予選,晴,東,3,5,5,5,5253,藤 井 太 雅,46,30,6.93,5,0.28,,1-3-2,880,2,1-3,340,1,1-2-3,340,2,1-3,240,1,,,,,,,
20260102,江戸川,9,予選,晴,東,3,5,6,6,3868,尾 形 栄 治,64,32,6.91,6,0.25,,1-3-2,880,2,1-3,340,1,1-2-3,340,2,1-3,240,1,,,,,,,
20260102,江戸川,10,予選ラリー選,晴,南東,3,5,1,1,4401,小 林 泰,71,58,6.76,1,0.13,1.51.3,1-3-2,1680,6,1-3,480,3,1-2-3,520,2,1-3,410,3,,,,,,,
20260102,江戸川,10,予選ラリー選,晴,南東,3,5,2,3,3277,齋 藤 勇,48,16,6.85,3,0.11,1.54.1,1-3-2,1680,6,1-3,480,3,1-2-3,520,2,1-3,410,3,,,,,,,
20260102,江戸川,10,予選ラリー選,晴,南東,3,5,3,2,5007,近 藤 雄一郎,62,51,6.86,2,0.12,1.55.4,1-3-2,1680,6,1-3,480,3,1-2-3,520,2,1-3,410,3,,,,,,,
20260102,江戸川,10,予選ラリー選,晴,南東,3,5,4,5,4086,寺 本 重 宣,47,65,6.80,5,0.16,1.55.5,1-3-2,1680,6,1-3,480,3,1-2-3,520,2,1-3,410,3,,,,,,,
20260102,江戸川,10,予選ラリー選,晴,南東,3,5,5,4,3105,内 山 文 典,38,22,6.82,4,0.11,,1-3-2,1680,6,1-3,480,3,1-2-3,520,2,1-3,410,3,,,,,,,
20260102,江戸川,10,予選ラリー選,晴,南東,3,5,6,6,4568,廣 瀬 真 也,55,69,6.89,6,0.24,,1-3-2,1680,6,1-3,480,3,1-2-3,520,2,1-3,410,3,,,,,,,
20260102,江戸川,11,予選バディ選,晴,無風,0,5,1,1,4575,戸 塚 邦 好,31,35,6.65,1,0.18,1.51.2,1-3-5,2520,10,1-3,290,1,1-3-5,1220,6,1-3,220,1,,,,,,,
20260102,江戸川,11,予選バディ選,晴,無風,0,5,2,3,5279,石 渡 翔一郎,69,59,6.78,3,0.14,1.53.0,1-3-5,2520,10,1-3,290,1,1-3-5,1220,6,1-3,220,1,,,,,,,
20260102,江戸川,11,予選バディ選,晴,無風,0,5,3,5,4889,後 藤 盛 也,51,47,6.95,5,0.17,1.54.6,1-3-5,2520,10,1-3,290,1,1-3-5,1220,6,1-3,220,1,,,,,,,
20260102,江戸川,11,予選バディ選,晴,無風,0,5,4,2,4995,田 邉 亮 蔵,56,54,6.81,2,0.20,1.56.2,1-3-5,2520,10,1-3,290,1,1-3-5,1220,6,1-3,220,1,,,,,,,
20260102,江戸川,11,予選バディ選,晴,無風,0,5,5,6,3256,三 角 哲 男,57,71,6.92,6,0.21,,1-3-5,2520,10,1-3,290,1,1-3-5,1220,6,1-3,220,1,,,,,,,
20260102,江戸川,11,予選バディ選,晴,無風,0,5,6,4,4345,西 舘 健,52,18,6.97,4,0.21,,1-3-5,2520,10,1-3,290,1,1-3-5,1220,6,1-3,220,1,,,,,,,
20260102,江戸川,12,江戸川選抜,晴,北東,5,5,1,3,4366,前 沢 丈 史,54,36,6.78,3,0.01,1.57.1,3-1-6,7950,26,3-1,1560,7,1-3-6,1620,8,1-3,280,2,,,,,,,
20260102,江戸川,12,江戸川選抜,晴,北東,5,5,2,1,3716,石 渡 鉄 兵,66,56,6.71,1,0.15,2.00.2,3-1-6,7950,26,3-1,1560,7,1-3-6,1620,8,1-3,280,2,,,,,,,
20260102,江戸川,12,江戸川選抜,晴,北東,5,5,3,6,4928,栗 城 匠,18,49,7.01,6,0.11,2.03.3,3-1-6,7950,26,3-1,1560,7,1-3-6,1620,8,1-3,280,2,,,,,,,
20260102,江戸川,12,江戸川選抜,晴,北東,5,5,4,5,4748,渡 邉 雄 朗,24,33,6.65,5,0.01,2.07.7,3-1-6,7950,26,3-1,1560,7,1-3-6,1620,8,1-3,280,2,,,,,,,
20260102,江戸川,12,江戸川選抜,晴,北東,5,5,5,4,4598,加 藤 政 彦,35,41,6.72,4,0.01,,3-1-6,7950,26,3-1,1560,7,1-3-6,1620,8,1-3,280,2,,,,,,,
20260102,津,1,ツッキーレー,晴,西,6,5,1,1,3984,坂 口 周,35,13,6.71,1,0.28,1.15.3,1-2-3,320,1,1-2,150,1,1-2-3,270,1,1-2,260,2,,,,,,,
20260102,津,1,ツッキーレー,晴,西,6,5,2,2,5130,上 野 拓 馬,45,68,6.81,2,0.31,1.16.4,1-2-3,320,1,1-2,150,1,1-2-3,270,1,1-2,260,2,,,,,,,
20260102,津,1,ツッキーレー,晴,西,6,5,3,3,3945,橋 口 真 樹,34,52,6.87,3,0.30,1.17.9,1-2-3,320,1,1-2,150,1,1-2-3,270,1,1-2,260,2,,,,,,,
20260102,津,1,ツッキーレー,晴,西,6,5,4,6,5354,渡 邊 雄 斗,12,55,6.73,5,0.30,1.18.4,1-2-3,320,1,1-2,150,1,1-2-3,270,1,1-2,260,2,,,,,,,
20260102,津,1,ツッキーレー,晴,西,6,5,5,4,5151,山 下 奈 緒,39,45,6.82,4,0.32,,1-2-3,320,1,1-2,150,1,1-2-3,270,1,1-2,260,2,,,,,,,
20260102,津,1,ツッキーレー,晴,西,6,5,6,5,5425,西 山 育,20,12,6.85,6,0.40,,1-2-3,320,1,1-2,150,1,1-2-3,270,1,1-2,260,2,,,,,,,
20260102,津,2,予選,晴,北西,6,5,1,1,4270,岸 本 雄 貴,33,41,6.76,1,0.12,1.14.5,1-2-3,1070,3,1-2,600,3,1-2-3,280,1,1-2,470,2,,,,,,,
20260102,津,2,予選,晴,北西,6,5,2,2,3156,金 子 良 昭,52,14,6.76,2,0.13,1.15.9,1-2-3,1070,3,1-2,600,3,1-2-3,280,1,1-2,470,2,,,,,,,
20260102,津,2,予選,晴,北西,6,5,3,3,4962,畑 竜 生,23,73,6.73,3,0.15,1.16.2,1-2-3,1070,3,1-2,600,3,1-2-3,280,1,1-2,470,2,,,,,,,
20260102,津,2,予選,晴,北西,6,5,4,4,3268,森 竜 也,13,15,6.87,4,0.36,1.17.7,1-2-3,1070,3,1-2,600,3,1-2-3,280,1,1-2,470,2,,,,,,,
20260102,津,2,予選,晴,北西,6,5,5,6,5430,鳥 本 智 史,19,43,6.78,6,0.27,,1-2-3,1070,3,1-2,600,3,1-2-3,280,1,1-2,470,2,,,,,,,
20260102,津,2,予選,晴,北西,6,5,6,5,5399,長 野 未 来,25,64,6.75,5,0.36,,1-2-3,1070,3,1-2,600,3,1-2-3,280,1,1-2,470,2,,,,,,,
20260102,津,3,予選,晴,西,6,5,1,3,4804,高 田 ひかる,58,75,6.55,3,0.09,1.14.0,3-4-5,940,1,3-4,450,2,3-4-5,300,1,3-4,240,1,,,,,,,
20260102,津,3,予選,晴,西,6,5,2,4,4692,酒 井 俊 弘,15,58,6.56,4,0.06,1.16.0,3-4-5,940,1,3-4,450,2,3-4-5,300,1,3-4,240,1,,,,,,,
20260102,津,3,予選,晴,西,6,5,3,5,4470,平 田 健之佑,17,69,6.78,5,0.14,1.16.2,3-4-5,940,1,3-4,450,2,3-4-5,300,1,3-4,240,1,,,,,,,
20260102,津,3,予選,晴,西,6,5,4,6,4808,松 尾 拓,26,56,6.73,6,0.15,1.16.8,3-4-5,940,1,3-4,450,2,3-4-5,300,1,3-4,240,1,,,,,,,
20260102,津,3,予選,晴,西,6,5,5,2,4840,鈴 木 秀 茉,14,57,6.73,2,0.05,,3-4-5,940,1,3-4,450,2,3-4-5,300,1,3-4,240,1,,,,,,,
20260102,津,4,予選,晴,西,7,5,1,2,3912,川 原 正 明,43,63,6.71,1,0.16,1.14.2,2-5-1,7890,34,2-5,720,2,1-2-5,1760,7,2-5,450,2,,,,,,,
20260102,津,4,予選,晴,西,7,5,2,5,4049,荒 川 健 太,32,76,6.75,3,0.27,1.15.7,2-5-1,7890,34,2-5,720,2,1-2-5,1760,7,2-5,450,2,,,,,,,
20260102,津,4,予選,晴,西,7,5,3,1,5295,田 上 凜,49,46,6.49,5,0.29,1.16.9,2-5-1,7890,34,2-5,720,2,1-2-5,1760,7,2-5,450,2,,,,,,,
20260102,津,4,予選,晴,西,7,5,4,6,4788,小 池 哲 也,64,18,6.75,4,0.20,1.17.7,2-5-1,7890,34,2-5,720,2,1-2-5,1760,7,2-5,450,2,,,,,,,
20260102,津,4,予選,晴,西,7,5,5,3,5275,松 田 淳 平,65,48,6.66,2,0.36,,2-5-1,7890,34,2-5,720,2,1-2-5,1760,7,2-5,450,2,,,,,,,
20260102,津,4,予選,晴,西,7,5,6,4,5383,中 村 楓,51,21,6.74,6,0.31,,2-5-1,7890,34,2-5,720,2,1-2-5,1760,7,2-5,450,2,,,,,,,
20260102,津,5,５ールドレー,晴,西,6,5,1,1,5256,中 山 翔 太,37,74,6.86,1,0.09,1.14.8,1-2-3,340,1,1-2,190,1,1-2-3,200,1,1-2,130,1,,,,,,,
20260102,津,5,５ールドレー,晴,西,6,5,2,2,4466,南 佑 典,31,16,6.81,2,0.11,1.15.9,1-2-3,340,1,1-2,190,1,1-2-3,200,1,1-2,130,1,,,,,,,
20260102,津,5,５ールドレー,晴,西,6,5,3,3,3605,中 村 守 成,36,39,6.83,3,0.10,1.17.0,1-2-3,340,1,1-2,190,1,1-2-3,200,1,1-2,130,1,,,,,,,
20260102,津,5,５ールドレー,晴,西,6,5,4,6,5130,上 野 拓 馬,45,68,6.80,6,0.14,1.17.9,1-2-3,340,1,1-2,190,1,1-2-3,200,1,1-2,130,1,,,,,,,
20260102,津,5,５ールドレー,晴,西,6,5,5,5,5416,龍 田 真 白,63,47,6.84,5,0.11,,1-2-3,340,1,1-2,190,1,1-2-3,200,1,1-2,130,1,,,,,,,
20260102,津,5,５ールドレー,晴,西,6,5,6,4,3801,五反田 忍,66,51,6.88,4,0.09,,1-2-3,340,1,1-2,190,1,1-2-3,200,1,1-2,130,1,,,,,,,
20260102,津,6,予選,晴,西,8,6,1,2,4344,新 田 雄 史,38,22,6.72,2,0.18,1.14.6,2-4-1,5300,17,2-4,1220,6,1-2-4,890,5,2-4,1030,4,,,,,,,
20260102,津,6,予選,晴,西,8,6,2,4,5183,中 野 孝 二,48,59,6.70,4,0.24,1.16.1,2-4-1,5300,17,2-4,1220,6,1-2-4,890,5,2-4,1030,4,,,,,,,
20260102,津,6,予選,晴,西,8,6,3,1,5156,坂 野 さくら,70,27,6.71,1,0.20,1.16.3,2-4-1,5300,17,2-4,1220,6,1-2-4,890,5,2-4,1030,4,,,,,,,
20260102,津,6,予選,晴,西,8,6,4,5,4156,浜 野 孝 志,61,44,6.76,5,0.21,1.17.1,2-4-1,5300,17,2-4,1220,6,1-2-4,890,5,2-4,1030,4,,,,,,,
20260102,津,6,予選,晴,西,8,6,5,3,3915,繁野谷 圭 介,56,19,6.72,3,0.23,,2-4-1,5300,17,2-4,1220,6,1-2-4,890,5,2-4,1030,4,,,,,,,
20260102,津,6,予選,晴,西,8,6,6,6,5425,西 山 育,20,12,6.73,6,0.46,,2-4-1,5300,17,2-4,1220,6,1-2-4,890,5,2-4,1030,4,,,,,,,
20260102,津,7,予選,晴,西,7,5,1,1,4209,藤 田 竜 弘,67,72,6.85,1,0.26,1.16.4,1-3-6,770,1,1-3,230,1,1-3-6,300,1,1-3,210,1,,,,,,,
20260102,津,7,予選,晴,西,7,5,2,3,4856,豊 田 健士郎,69,70,6.73,3,0.26,1.17.6,1-3-6,770,1,1-3,230,1,1-3-6,300,1,1-3,210,1,,,,,,,
20260102,津,7,予選,晴,西,7,5,3,6,3931,黒 崎 竜 也,54,66,6.78,5,0.42,1.18.1,1-3-6,770,1,1-3,230,1,1-3-6,300,1,1-3,210,1,,,,,,,
20260102,津,7,予選,晴,西,7,5,4,4,3945,橋 口 真 樹,34,52,6.79,4,0.50,1.18.2,1-3-6,770,1,1-3,230,1,1-3-6,300,1,1-3,210,1,,,,,,,
20260102,津,7,予選,晴,西,7,5,5,2,5020,宮 村 勇 哉,57,11,6.88,2,0.30,,1-3-6,770,1,1-3,230,1,1-3-6,300,1,1-3,210,1,,,,,,,
20260102,津,7,予選,晴,西,7,5,6,5,5430,鳥 本 智 史,19,43,6.79,6,0.41,,1-3-6,770,1,1-3,230,1,1-3-6,300,1,1-3,210,1,,,,,,,
20260102,津,8,予選,晴,西,7,5,1,1,4623,中 北 将 史,11,38,6.83,1,0.02,1.14.3,1-2-3,1160,1,1-2,490,1,1-2-3,290,1,1-2,340,2,,,,,,,
20260102,津,8,予選,晴,西,7,5,2,2,4808,松 尾 拓,26,56,6.82,2,0.09,1.15.2,1-2-3,1160,1,1-2,490,1,1-2-3,290,1,1-2,340,2,,,,,,,
20260102,津,8,予選,晴,西,7,5,3,3,4579,中 嶋 健一郎,53,67,6.84,3,0.10,1.16.5,1-2-3,1160,1,1-2,490,1,1-2-3,290,1,1-2,340,2,,,,,,,
20260102,津,8,予選,晴,西,7,5,4,5,4261,岡 祐 臣,21,17,6.71,5,0.20,1.16.7,1-2-3,1160,1,1-2,490,1,1-2-3,290,1,1-2,340,2,,,,,,,
20260102,津,8,予選,晴,西,7,5,5,4,5295,田 上 凜,49,46,6.59,4,0.22,,1-2-3,1160,1,1-2,490,1,1-2-3,290,1,1-2,340,2,,,,,,,
20260102,津,8,予選,晴,西,7,5,6,6,5399,長 野 未 来,25,64,6.75,6,0.24,,1-2-3,1160,1,1-2,490,1,1-2-3,290,1,1-2,340,2,,,,,,,
20260102,津,9,予選,晴,西,6,5,1,1,4804,高 田 ひかる,58,75,6.57,1,0.18,1.14.0,1-3-2,960,3,1-3,260,1,1-2-3,310,1,1-3,190,1,,,,,,,
20260102,津,9,予選,晴,西,6,5,2,3,5256,中 山 翔 太,37,74,6.82,2,0.23,1.16.3,1-3-2,960,3,1-3,260,1,1-2-3,310,1,1-3,190,1,,,,,,,
20260102,津,9,予選,晴,西,6,5,3,2,5078,山 川 波 乙,24,24,6.75,4,0.10,1.16.8,1-3-2,960,3,1-3,260,1,1-2-3,310,1,1-3,190,1,,,,,,,
20260102,津,9,予選,晴,西,6,5,4,6,3912,川 原 正 明,43,63,6.81,6,0.22,1.16.9,1-3-2,960,3,1-3,260,1,1-2-3,310,1,1-3,190,1,,,,,,,
20260102,津,9,予選,晴,西,6,5,5,5,3156,金 子 良 昭,52,14,6.88,3,0.13,,1-3-2,960,3,1-3,260,1,1-2-3,310,1,1-3,190,1,,,,,,,
20260102,津,9,予選,晴,西,6,5,6,4,5354,渡 邊 雄 斗,12,55,6.71,5,0.19,,1-3-2,960,3,1-3,260,1,1-2-3,310,1,1-3,190,1,,,,,,,
20260102,津,10,予選,晴,西,6,5,1,4,4788,小 池 哲 也,64,18,6.80,4,0.25,1.15.0,4-5-1,5610,22,4-5,2960,8,1-4-5,700,4,4-5,2000,7,,,,,,,
20260102,津,10,予選,晴,西,6,5,2,5,4270,岸 本 雄 貴,33,41,6.86,5,0.24,1.15.6,4-5-1,5610,22,4-5,2960,8,1-4-5,700,4,4-5,2000,7,,,,,,,
20260102,津,10,予選,晴,西,6,5,3,1,4227,安 達 裕 樹,59,62,6.81,1,0.22,1.16.5,4-5-1,5610,22,4-5,2960,8,1-4-5,700,4,4-5,2000,7,,,,,,,
20260102,津,10,予選,晴,西,6,5,4,6,3915,繁野谷 圭 介,56,19,6.76,6,0.25,1.16.7,4-5-1,5610,22,4-5,2960,8,1-4-5,700,4,4-5,2000,7,,,,,,,
20260102,津,10,予選,晴,西,6,5,5,2,3605,中 村 守 成,36,39,6.92,2,0.40,,4-5-1,5610,22,4-5,2960,8,1-4-5,700,4,4-5,2000,7,,,,,,,
20260102,津,10,予選,晴,西,6,5,6,3,5151,山 下 奈 緒,39,45,6.82,3,0.38,,4-5-1,5610,22,4-5,2960,8,1-4-5,700,4,4-5,2000,7,,,,,,,
20260102,津,11,新春特選,晴,西,6,5,1,1,4049,荒 川 健 太,32,76,6.73,1,0.04,1.14.4,1-3-5,1630,4,1-3,340,1,1-3-5,720,3,1-3,270,1,,,,,,,
20260102,津,11,新春特選,晴,西,6,5,2,3,4344,新 田 雄 史,38,22,6.75,3,0.06,1.15.0,1-3-5,1630,4,1-3,340,1,1-3-5,720,3,1-3,270,1,,,,,,,
20260102,津,11,新春特選,晴,西,6,5,3,5,4962,畑 竜 生,23,73,6.77,5,0.08,1.16.2,1-3-5,1630,4,1-3,340,1,1-3-5,720,3,1-3,270,1,,,,,,,
20260102,津,11,新春特選,晴,西,6,5,4,2,4692,酒 井 俊 弘,15,58,6.60,2,0.04,1.17.5,1-3-5,1630,4,1-3,340,1,1-3-5,720,3,1-3,270,1,,,,,,,
20260102,津,11,新春特選,晴,西,6,5,5,4,5010,宇留田 翔 平,47,20,6.76,4,0.08,,1-3-5,1630,4,1-3,340,1,1-3-5,720,3,1-3,270,1,,,,,,,
20260102,津,11,新春特選,晴,西,6,5,6,6,4466,南 佑 典,31,16,6.82,6,0.20,,1-3-5,1630,4,1-3,340,1,1-3-5,720,3,1-3,270,1,,,,,,,
20260102,津,12,ツッキー選抜,晴,西,6,5,1,1,4856,豊 田 健士郎,69,70,6.73,1,0.08,1.13.6,1-2-3,860,2,1-2,420,2,1-2-3,480,2,1-2,290,2,,,,,,,
20260102,津,12,ツッキー選抜,晴,西,6,5,2,2,4156,浜 野 孝 志,61,44,6.79,2,0.10,1.14.9,1-2-3,860,2,1-2,420,2,1-2-3,480,2,1-2,290,2,,,,,,,
20260102,津,12,ツッキー選抜,晴,西,6,5,3,3,4470,平 田 健之佑,17,69,6.78,3,0.07,1.15.8,1-2-3,860,2,1-2,420,2,1-2-3,480,2,1-2,290,2,,,,,,,
20260102,津,12,ツッキー選抜,晴,西,6,5,4,5,3984,坂 口 周,35,13,6.75,5,0.04,1.16.3,1-2-3,860,2,1-2,420,2,1-2-3,480,2,1-2,290,2,,,,,,,
20260102,津,12,ツッキー選抜,晴,西,6,5,5,6,5275,松 田 淳 平,65,48,6.75,6,0.03,,1-2-3,860,2,1-2,420,2,1-2-3,480,2,1-2,290,2,,,,,,,
20260102,津,12,ツッキー選抜,晴,西,6,5,6,4,3951,石 川 吉 鎬,62,49,6.72,4,0.06,,1-2-3,860,2,1-2,420,2,1-2-3,480,2,1-2,290,2,,,,,,,
20260102,浜名湖,1,一般,晴,北西,3,2,1,1,4076,杉 田 篤 光,18,55,6.67,1,0.05,1.49.8,1-3-2,690,1,1-3,300,1,1-2-3,200,1,1-3,140,1,,,,,,,
20260102,浜名湖,1,一般,晴,北西,3,2,2,3,4207,松 下 一 也,65,66,6.67,3,0.12,1.51.1,1-3-2,690,1,1-3,300,1,1-2-3,200,1,1-3,140,1,,,,,,,
20260102,浜名湖,1,一般,晴,北西,3,2,3,2,3294,野 中 義 生,26,26,6.70,2,0.08,1.52.1,1-3-2,690,1,1-3,300,1,1-2-3,200,1,1-3,140,1,,,,,,,
20260102,浜名湖,1,一般,晴,北西,3,2,4,4,4317,木 村 紗友希,49,15,6.65,4,0.15,1.52.9,1-3-2,690,1,1-3,300,1,1-2-3,200,1,1-3,140,1,,,,,,,
20260102,浜名湖,1,一般,晴,北西,3,2,5,5,4625,渡 邊 裕 貴,56,12,6.65,5,0.13,,1-3-2,690,1,1-3,300,1,1-2-3,200,1,1-3,140,1,,,,,,,
20260102,浜名湖,1,一般,晴,北西,3,2,6,6,5432,安 藤 瑠 希,4,23,6.75,6,0.18,,1-3-2,690,1,1-3,300,1,1-2-3,200,1,1-3,140,1,,,,,,,
20260102,浜名湖,2,一般,晴,西,3,2,1,1,4360,庄 司 孝 輔,37,25,6.70,1,0.13,1.49.4,1-2-5,2640,11,1-2,540,3,1-2-5,1210,7,1-2,520,2,,,,,,,
20260102,浜名湖,2,一般,晴,西,3,2,2,2,4216,星 栄 爾,30,37,6.82,2,0.14,1.50.6,1-2-5,2640,11,1-2,540,3,1-2-5,1210,7,1-2,520,2,,,,,,,
20260102,浜名湖,2,一般,晴,西,3,2,3,5,4417,服 部 剛,41,18,6.66,5,0.14,1.51.8,1-2-5,2640,11,1-2,540,3,1-2-5,1210,7,1-2,520,2,,,,,,,
20260102,浜名湖,2,一般,晴,西,3,2,4,4,3909,佐々木 康 幸,19,30,6.69,4,0.11,1.52.8,1-2-5,2640,11,1-2,540,3,1-2-5,1210,7,1-2,520,2,,,,,,,
20260102,浜名湖,2,一般,晴,西,3,2,5,6,5434,藤 田 康 生,8,51,6.82,6,0.14,,1-2-5,2640,11,1-2,540,3,1-2-5,1210,7,1-2,520,2,,,,,,,
20260102,浜名湖,2,一般,晴,西,3,2,6,3,4984,森 下 愛 梨,14,39,6.77,3,0.17,,1-2-5,2640,11,1-2,540,3,1-2-5,1210,7,1-2,520,2,,,,,,,
20260102,浜名湖,3,一般,晴,北西,3,2,1,1,4342,谷 野 錬 志,2,22,6.70,1,0.08,1.48.1,1-4-5,750,1,1-4,340,1,1-4-5,270,1,1-4,280,1,,,,,,,
20260102,浜名湖,3,一般,晴,北西,3,2,2,4,4933,板 橋 侑 我,66,44,6.71,4,0.07,1.50.2,1-4-5,750,1,1-4,340,1,1-4-5,270,1,1-4,280,1,,,,,,,
20260102,浜名湖,3,一般,晴,北西,3,2,3,5,3959,坪 井 康 晴,7,67,6.70,5,0.12,1.51.4,1-4-5,750,1,1-4,340,1,1-4-5,270,1,1-4,280,1,,,,,,,
20260102,浜名湖,3,一般,晴,北西,3,2,4,3,3990,芹 澤 克 彦,22,73,6.73,3,0.07,1.52.6,1-4-5,750,1,1-4,340,1,1-4-5,270,1,1-4,280,1,,,,,,,
20260102,浜名湖,3,一般,晴,北西,3,2,5,6,5019,柴 田 百 恵,55,40,6.69,6,0.17,,1-4-5,750,1,1-4,340,1,1-4-5,270,1,1-4,280,1,,,,,,,
20260102,浜名湖,3,一般,晴,北西,3,2,6,2,4740,齋 藤 達 希,27,47,6.67,2,0.07,,1-4-5,750,1,1-4,340,1,1-4-5,270,1,1-4,280,1,,,,,,,
20260102,浜名湖,4,一般,晴,西,3,2,1,5,5349,宮 崎 奏 磨,36,46,6.77,5,0.12,1.49.6,5-4-3,169820,102,5-4,24090,23,3-4-5,8220,15,4-5,3400,8,,,,,,,
20260102,浜名湖,4,一般,晴,西,3,2,2,4,4524,深 谷 知 博,9,21,6.80,4,0.15,1.50.9,5-4-3,169820,102,5-4,24090,23,3-4-5,8220,15,4-5,3400,8,,,,,,,
20260102,浜名湖,4,一般,晴,西,3,2,3,3,4150,山 田 雄 太,44,57,6.74,3,0.14,1.51.0,5-4-3,169820,102,5-4,24090,23,3-4-5,8220,15,4-5,3400,8,,,,,,,
20260102,浜名湖,4,一般,晴,西,3,2,4,1,3563,堤 昇,11,71,6.80,1,0.12,1.52.1,5-4-3,169820,102,5-4,24090,23,3-4-5,8220,15,4-5,3400,8,,,,,,,
20260102,浜名湖,4,一般,晴,西,3,2,5,6,4918,川 島 拓 郎,53,70,6.72,6,0.16,,5-4-3,169820,102,5-4,24090,23,3-4-5,8220,15,4-5,3400,8,,,,,,,
20260102,浜名湖,4,一般,晴,西,3,2,6,2,3422,服 部 幸 男,28,48,6.74,2,0.14,,5-4-3,169820,102,5-4,24090,23,3-4-5,8220,15,4-5,3400,8,,,,,,,
20260102,浜名湖,5,一般,晴,西,3,2,1,2,4581,吉 村 誠,40,61,6.74,2,0.16,1.49.7,2-1-4,3420,11,2-1,1510,6,1-2-4,520,3,1-2,530,3,,,,,,,
20260102,浜名湖,5,一般,晴,西,3,2,2,1,3502,渡 邉 英 児,31,58,6.65,1,0.14,1.51.0,2-1-4,3420,11,2-1,1510,6,1-2-4,520,3,1-2,530,3,,,,,,,
20260102,浜名湖,5,一般,晴,西,3,2,3,4,3489,大 場 敏,24,41,6.64,4,0.16,1.51.7,2-1-4,3420,11,2-1,1510,6,1-2-4,520,3,1-2,530,3,,,,,,,
20260102,浜名湖,5,一般,晴,西,3,2,4,5,5248,本 田 愛,47,34,6.75,5,0.22,1.52.1,2-1-4,3420,11,2-1,1510,6,1-2-4,520,3,1-2,530,3,,,,,,,
20260102,浜名湖,5,一般,晴,西,3,2,5,3,5034,若 林 義 人,48,76,6.67,3,0.14,,2-1-4,3420,11,2-1,1510,6,1-2-4,520,3,1-2,530,3,,,,,,,
20260102,浜名湖,5,一般,晴,西,3,2,6,6,3932,池 田 浩 美,45,45,6.79,6,0.21,,2-1-4,3420,11,2-1,1510,6,1-2-4,520,3,1-2,530,3,,,,,,,
20260102,浜名湖,6,ランチタイム,晴,西,3,2,1,1,3956,横 澤 剛 治,6,54,6.62,1,0.14,1.53.1,1-5-3,4280,14,1-5,1300,5,1-3-5,900,4,1-5,1100,4,,,,,,,
20260102,浜名湖,6,ランチタイム,晴,西,3,2,2,5,3294,野 中 義 生,26,26,6.72,5,0.19,1.55.4,1-5-3,4280,14,1-5,1300,5,1-3-5,900,4,1-5,1100,4,,,,,,,
20260102,浜名湖,6,ランチタイム,晴,西,3,2,3,3,5332,村 松 遥 輝,62,29,6.71,3,0.22,1.58.1,1-5-3,4280,14,1-5,1300,5,1-3-5,900,4,1-5,1100,4,,,,,,,
20260102,浜名湖,6,ランチタイム,晴,西,3,2,4,4,4730,土 屋 実沙希,10,72,6.66,4,0.16,2.02.9,1-5-3,4280,14,1-5,1300,5,1-3-5,900,4,1-5,1100,4,,,,,,,
20260102,浜名湖,7,一般,晴,北西,4,2,1,1,4124,池 田 雄 一,39,65,6.73,1,0.16,1.48.9,1-4-6,640,2,1-4,230,1,1-4-6,310,1,1-4,170,1,,,,,,,
20260102,浜名湖,7,一般,晴,北西,4,2,2,4,4494,河 合 佑 樹,12,32,6.65,4,0.14,1.50.8,1-4-6,640,2,1-4,230,1,1-4-6,310,1,1-4,170,1,,,,,,,
20260102,浜名湖,7,一般,晴,北西,4,2,3,6,4073,大 橋 純一郎,13,49,6.74,5,0.12,1.51.7,1-4-6,640,2,1-4,230,1,1-4-6,310,1,1-4,170,1,,,,,,,
20260102,浜名湖,7,一般,晴,北西,4,2,4,2,3474,松 瀬 弘 美,50,68,6.71,2,0.12,1.51.8,1-4-6,640,2,1-4,230,1,1-4-6,310,1,1-4,170,1,,,,,,,
20260102,浜名湖,7,一般,晴,北西,4,2,5,3,4740,齋 藤 達 希,27,47,6.72,3,0.10,,1-4-6,640,2,1-4,230,1,1-4-6,310,1,1-4,170,1,,,,,,,
20260102,浜名湖,7,一般,晴,北西,4,2,6,5,5434,藤 田 康 生,8,51,6.77,6,0.19,,1-4-6,640,2,1-4,230,1,1-4-6,310,1,1-4,170,1,,,,,,,
20260102,浜名湖,8,一般,晴,西,3,2,1,1,3987,後 藤 正 宗,25,24,6.80,1,0.19,1.49.9,1-2-4,670,1,1-2,380,1,1-2-4,280,2,1-2,240,1,,,,,,,
20260102,浜名湖,8,一般,晴,西,3,2,2,2,4150,山 田 雄 太,44,57,6.65,2,0.22,1.50.5,1-2-4,670,1,1-2,380,1,1-2-4,280,2,1-2,240,1,,,,,,,
20260102,浜名湖,8,一般,晴,西,3,2,3,4,4033,伊 藤 将 吉,34,74,6.69,4,0.28,1.51.9,1-2-4,670,1,1-2,380,1,1-2-4,280,2,1-2,240,1,,,,,,,
20260102,浜名湖,8,一般,晴,西,3,2,4,6,4317,木 村 紗友希,49,15,6.74,6,0.26,1.53.1,1-2-4,670,1,1-2,380,1,1-2-4,280,2,1-2,240,1,,,,,,,
20260102,浜名湖,8,一般,晴,西,3,2,5,3,4417,服 部 剛,41,18,6.75,3,0.25,,1-2-4,670,1,1-2,380,1,1-2-4,280,2,1-2,240,1,,,,,,,
20260102,浜名湖,8,一般,晴,西,3,2,6,5,5378,鈴 木 結平太,17,60,6.77,5,0.23,,1-2-4,670,1,1-2,380,1,1-2-4,280,2,1-2,240,1,,,,,,,
20260102,浜名湖,9,一般,晴,北西,3,2,1,3,3744,徳 増 秀 樹,60,69,6.63,3,0.23,1.49.4,3-1-5,2800,10,3-1,350,2,1-3-5,1130,4,1-3,150,1,,,,,,,
20260102,浜名湖,9,一般,晴,北西,3,2,2,1,4581,吉 村 誠,40,61,6.62,1,0.15,1.50.4,3-1-5,2800,10,3-1,350,2,1-3-5,1130,4,1-3,150,1,,,,,,,
20260102,浜名湖,9,一般,晴,北西,3,2,3,5,4984,森 下 愛 梨,14,39,6.65,5,0.18,1.51.9,3-1-5,2800,10,3-1,350,2,1-3-5,1130,4,1-3,150,1,,,,,,,
20260102,浜名湖,9,一般,晴,北西,3,2,4,4,4058,野 末 智 一,46,19,6.66,4,0.22,1.53.1,3-1-5,2800,10,3-1,350,2,1-3-5,1130,4,1-3,150,1,,,,,,,
20260102,浜名湖,9,一般,晴,北西,3,2,5,2,4843,深 尾 巴 恵,32,53,6.66,2,0.24,,3-1-5,2800,10,3-1,350,2,1-3-5,1130,4,1-3,150,1,,,,,,,
20260102,浜名湖,9,一般,晴,北西,3,2,6,6,5349,宮 崎 奏 磨,36,46,6.63,6,0.19,,3-1-5,2800,10,3-1,350,2,1-3-5,1130,4,1-3,150,1,,,,,,,
20260102,浜名湖,10,準優勝戦,晴,西,4,2,1,1,3909,佐々木 康 幸,19,30,6.64,1,0.11,1.48.9,1-3-4,2740,10,1-3,580,3,1-3-4,1700,6,1-3,490,2,,,,,,,
20260102,浜名湖,10,準優勝戦,晴,西,4,2,2,3,3956,横 澤 剛 治,6,54,6.68,3,0.09,1.49.6,1-3-4,2740,10,1-3,580,3,1-3-4,1700,6,1-3,490,2,,,,,,,
20260102,浜名湖,10,準優勝戦,晴,西,4,2,3,4,5034,若 林 義 人,48,76,6.75,4,0.06,1.50.5,1-3-4,2740,10,1-3,580,3,1-3-4,1700,6,1-3,490,2,,,,,,,
20260102,浜名湖,10,準優勝戦,晴,西,4,2,4,2,4524,深 谷 知 博,9,21,6.66,2,0.06,1.51.4,1-3-4,2740,10,1-3,580,3,1-3-4,1700,6,1-3,490,2,,,,,,,
20260102,浜名湖,10,準優勝戦,晴,西,4,2,5,6,4342,谷 野 錬 志,2,22,6.66,6,0.11,,1-3-4,2740,10,1-3,580,3,1-3-4,1700,6,1-3,490,2,,,,,,,
20260102,浜名湖,10,準優勝戦,晴,西,4,2,6,5,4207,松 下 一 也,65,66,6.66,5,0.09,,1-3-4,2740,10,1-3,580,3,1-3-4,1700,6,1-3,490,2,,,,,,,
20260102,浜名湖,11,準優勝戦,晴,北西,3,2,1,1,3959,坪 井 康 晴,7,67,6.58,1,0.14,1.48.0,1-5-3,3610,14,1-5,1310,6,1-3-5,640,2,1-5,1130,5,,,,,,,
20260102,浜名湖,11,準優勝戦,晴,北西,3,2,2,5,4360,庄 司 孝 輔,37,25,6.62,5,0.08,1.49.2,1-5-3,3610,14,1-5,1310,6,1-3-5,640,2,1-5,1130,5,,,,,,,
20260102,浜名湖,11,準優勝戦,晴,北西,3,2,3,3,4124,池 田 雄 一,39,65,6.84,3,0.27,1.51.3,1-5-3,3610,14,1-5,1310,6,1-3-5,640,2,1-5,1130,5,,,,,,,
20260102,浜名湖,11,準優勝戦,晴,北西,3,2,4,2,3489,大 場 敏,24,41,6.66,2,0.34,1.51.7,1-5-3,3610,14,1-5,1310,6,1-3-5,640,2,1-5,1130,5,,,,,,,
20260102,浜名湖,11,準優勝戦,晴,北西,3,2,5,4,5332,村 松 遥 輝,62,29,6.68,4,0.07,,1-5-3,3610,14,1-5,1310,6,1-3-5,640,2,1-5,1130,5,,,,,,,
20260102,浜名湖,11,準優勝戦,晴,北西,3,2,6,6,3563,堤 昇,11,71,6.78,6,0.06,,1-5-3,3610,14,1-5,1310,6,1-3-5,640,2,1-5,1130,5,,,,,,,
20260102,浜名湖,12,準優勝戦,晴,西,3,2,1,1,4494,河 合 佑 樹,12,32,6.71,1,0.07,1.49.3,1-3-2,1410,5,1-3,580,3,1-2-3,350,2,1-3,560,2,,,,,,,
20260102,浜名湖,12,準優勝戦,晴,西,3,2,2,3,3502,渡 邉 英 児,31,58,6.73,3,0.10,1.50.5,1-3-2,1410,5,1-3,580,3,1-2-3,350,2,1-3,560,2,,,,,,,
20260102,浜名湖,12,準優勝戦,晴,西,3,2,3,2,4933,板 橋 侑 我,66,44,6.69,2,0.08,1.51.7,1-3-2,1410,5,1-3,580,3,1-2-3,350,2,1-3,560,2,,,,,,,
20260102,浜名湖,12,準優勝戦,晴,西,3,2,4,6,4076,杉 田 篤 光,18,55,6.71,6,0.24,1.52.6,1-3-2,1410,5,1-3,580,3,1-2-3,350,2,1-3,560,2,,,,,,,
20260102,浜名湖,12,準優勝戦,晴,西,3,2,5,5,5269,山 口 晃 朋,43,50,6.65,5,0.12,,1-3-2,1410,5,1-3,580,3,1-2-3,350,2,1-3,560,2,,,,,,,
20260102,浜名湖,12,準優勝戦,晴,西,3,2,6,4,3987,後 藤 正 宗,25,24,6.72,4,0.13,,1-3-2,1410,5,1-3,580,3,1-2-3,350,2,1-3,560,2,,,,,,,
20260102,芦屋,1,サンライズＶ,雪,西,8,8,1,1,5158,宮 脇 遼 太,1,120,6.81,1,0.08,1.52.1,1-5-4,2670,11,1-5,1040,4,1-4-5,800,4,1-5,840,4,,,,,,,
20260102,芦屋,1,サンライズＶ,雪,西,8,8,2,5,3352,小 川 晃 司,11,123,6.89,6,0.13,1.53.5,1-5-4,2670,11,1-5,1040,4,1-4-5,800,4,1-5,840,4,,,,,,,
20260102,芦屋,1,サンライズＶ,雪,西,8,8,3,4,4180,上 野 秀 和,43,161,6.84,4,0.08,1.53.8,1-5-4,2670,11,1-5,1040,4,1-4-5,800,4,1-5,840,4,,,,,,,
20260102,芦屋,1,サンライズＶ,雪,西,8,8,4,2,4892,柴 田 直 哉,48,167,6.89,2,0.14,1.55.7,1-5-4,2670,11,1-5,1040,4,1-4-5,800,4,1-5,840,4,,,,,,,
20260102,芦屋,1,サンライズＶ,雪,西,8,8,5,3,4899,占 部 一 真,56,117,6.94,3,0.13,,1-5-4,2670,11,1-5,1040,4,1-4-5,800,4,1-5,840,4,,,,,,,
20260102,芦屋,1,サンライズＶ,雪,西,8,8,6,6,5286,坂 井 滉 哉,36,134,6.90,5,0.10,,1-5-4,2670,11,1-5,1040,4,1-4-5,800,4,1-5,840,4,,,,,,,
20260102,芦屋,2,サンライズＷ,雪,北西,8,8,1,1,4122,安 東 幸 治,8,125,6.87,1,0.16,1.49.7,1-3-4,1130,4,1-3,700,3,1-3-4,260,1,1-3,600,2,,,,,,,
20260102,芦屋,2,サンライズＷ,雪,北西,8,8,2,3,3747,國 崎 良 春,25,145,6.91,3,0.16,1.51.2,1-3-4,1130,4,1-3,700,3,1-3-4,260,1,1-3,600,2,,,,,,,
20260102,芦屋,2,サンライズＷ,雪,北西,8,8,3,4,4831,羽 野 直 也,45,129,6.79,4,0.15,1.52.3,1-3-4,1130,4,1-3,700,3,1-3-4,260,1,1-3,600,2,,,,,,,
20260102,芦屋,2,サンライズＷ,雪,北西,8,8,4,5,5338,香 月 大 輝,17,135,6.78,5,0.19,1.53.3,1-3-4,1130,4,1-3,700,3,1-3-4,260,1,1-3,600,2,,,,,,,
20260102,芦屋,2,サンライズＷ,雪,北西,8,8,5,2,3523,寳 田 亮 治,32,112,6.89,2,0.16,,1-3-4,1130,4,1-3,700,3,1-3-4,260,1,1-3,600,2,,,,,,,
20260102,芦屋,2,サンライズＷ,雪,北西,8,8,6,6,4367,山 口 修 路,12,111,6.80,6,0.46,,1-3-4,1130,4,1-3,700,3,1-3-4,260,1,1-3,600,2,,,,,,,
20260102,芦屋,3,サンライズＸ,曇り,北西,7,7,1,3,4932,新 開 航,54,166,6.84,3,0.29,1.48.7,3-1-2,830,2,3-1,440,2,1-2-3,170,1,1-3,250,1,,,,,,,
20260102,芦屋,3,サンライズＸ,曇り,北西,7,7,2,1,4640,山ノ内 雅 人,33,131,6.95,1,0.17,1.50.7,3-1-2,830,2,3-1,440,2,1-2-3,170,1,1-3,250,1,,,,,,,
20260102,芦屋,3,サンライズＸ,曇り,北西,7,7,3,2,5330,安河内 鈴之介,52,132,6.83,2,0.22,1.52.0,3-1-2,830,2,3-1,440,2,1-2-3,170,1,1-3,250,1,,,,,,,
20260102,芦屋,3,サンライズＸ,曇り,北西,7,7,4,5,5239,上 野 俊 樹,44,124,6.90,5,0.21,1.53.9,3-1-2,830,2,3-1,440,2,1-2-3,170,1,1-3,250,1,,,,,,,
20260102,芦屋,3,サンライズＸ,曇り,北西,7,7,5,6,5258,仲 本 舜,60,128,6.95,6,0.25,,3-1-2,830,2,3-1,440,2,1-2-3,170,1,1-3,250,1,,,,,,,
20260102,芦屋,3,サンライズＸ,曇り,北西,7,7,6,4,5392,安 武 一 也,9,157,6.85,4,0.33,,3-1-2,830,2,3-1,440,2,1-2-3,170,1,1-3,250,1,,,,,,,
20260102,芦屋,4,サンライズＹ 進入固定,晴,北西,6,6,1,1,4737,竹 井 貴 史,49,127,6.84,1,0.16,1.48.6,1-3-4,530,1,1-3,300,2,1-3-4,280,1,1-3,200,1,,,,,,,
20260102,芦屋,4,サンライズＹ 進入固定,晴,北西,6,6,2,3,4463,三 苫 晃 幸,58,160,6.87,3,0.13,1.50.3,1-3-4,530,1,1-3,300,2,1-3-4,280,1,1-3,200,1,,,,,,,
20260102,芦屋,4,サンライズＹ 進入固定,晴,北西,6,6,3,4,5104,山 田 丈,55,165,6.84,4,0.12,1.52.0,1-3-4,530,1,1-3,300,2,1-3-4,280,1,1-3,200,1,,,,,,,
20260102,芦屋,4,サンライズＹ 進入固定,晴,北西,6,6,4,6,5382,山 下 心 一,35,164,6.87,6,0.09,1.53.3,1-3-4,530,1,1-3,300,2,1-3-4,280,1,1-3,200,1,,,,,,,
20260102,芦屋,4,サンライズＹ 進入固定,晴,北西,6,6,5,2,5073,上 原 健次郎,10,147,6.84,2,0.15,,1-3-4,530,1,1-3,300,2,1-3-4,280,1,1-3,200,1,,,,,,,
20260102,芦屋,4,サンライズＹ 進入固定,晴,北西,6,6,6,5,5328,井 上 慧 人,21,148,6.95,5,0.14,,1-3-4,530,1,1-3,300,2,1-3-4,280,1,1-3,200,1,,,,,,,
20260102,芦屋,5,サンライズＺ,晴,北西,8,8,1,1,4296,岡 崎 恭 裕,42,113,6.92,1,0.14,1.50.4,1-2-3,540,2,1-2,290,2,1-2-3,240,1,1-2,310,2,,,,,,,
20260102,芦屋,5,サンライズＺ,晴,北西,8,8,2,2,5212,西 川 拓 利,57,139,6.85,2,0.12,1.51.5,1-2-3,540,2,1-2,290,2,1-2-3,240,1,1-2,310,2,,,,,,,
20260102,芦屋,5,サンライズＺ,晴,北西,8,8,3,3,4363,大 野 芳 顕,39,158,6.86,3,0.14,1.52.4,1-2-3,540,2,1-2,290,2,1-2-3,240,1,1-2,310,2,,,,,,,
20260102,芦屋,5,サンライズＺ,晴,北西,8,8,4,6,4551,三 川 昂 暁,26,153,6.83,5,0.28,1.52.8,1-2-3,540,2,1-2,290,2,1-2-3,240,1,1-2,310,2,,,,,,,
20260102,芦屋,5,サンライズＺ,晴,北西,8,8,5,4,4864,小 川 日紀太,15,151,6.83,4,0.17,,1-2-3,540,2,1-2,290,2,1-2-3,240,1,1-2,310,2,,,,,,,
20260102,芦屋,5,サンライズＺ,晴,北西,8,8,6,5,5409,宮 本 琉 正,28,149,6.92,6,0.16,,1-2-3,540,2,1-2,290,2,1-2-3,240,1,1-2,310,2,,,,,,,
20260102,芦屋,6,一般,晴,北西,8,8,1,1,5351,齊 藤 廉,22,130,6.80,1,0.21,1.49.3,1-3-2,980,4,1-3,440,2,1-2-3,310,1,1-3,400,2,,,,,,,
20260102,芦屋,6,一般,晴,北西,8,8,2,3,4193,郷 原 章 平,37,133,6.87,3,0.15,1.50.8,1-3-2,980,4,1-3,440,2,1-2-3,310,1,1-3,400,2,,,,,,,
20260102,芦屋,6,一般,晴,北西,8,8,3,2,4451,松 崎 祐太郎,19,116,6.91,2,0.18,1.52.2,1-3-2,980,4,1-3,440,2,1-2-3,310,1,1-3,400,2,,,,,,,
20260102,芦屋,6,一般,晴,北西,8,8,4,5,4367,山 口 修 路,12,111,6.89,5,0.35,1.52.7,1-3-2,980,4,1-3,440,2,1-2-3,310,1,1-3,400,2,,,,,,,
20260102,芦屋,6,一般,晴,北西,8,8,5,4,5028,原 田 才一郎,2,137,6.79,4,0.23,,1-3-2,980,4,1-3,440,2,1-2-3,310,1,1-3,400,2,,,,,,,
20260102,芦屋,6,一般,晴,北西,8,8,6,6,5209,小 野 京 平,38,168,6.85,6,0.19,,1-3-2,980,4,1-3,440,2,1-2-3,310,1,1-3,400,2,,,,,,,
20260102,芦屋,7,一般 進入固定,雪,西,8,8,1,1,5107,松 本 真 広,46,119,6.78,1,0.15,1.55.9,1-3-2,1190,4,1-3,320,1,1-2-3,430,1,1-3,320,2,,,,,,,
20260102,芦屋,7,一般 進入固定,雪,西,8,8,2,3,5219,森 口 和 紀,6,156,6.85,3,0.21,1.58.1,1-3-2,1190,4,1-3,320,1,1-2-3,430,1,1-3,320,2,,,,,,,
20260102,芦屋,7,一般 進入固定,雪,西,8,8,3,2,4899,占 部 一 真,56,117,6.90,2,0.13,2.01.6,1-3-2,1190,4,1-3,320,1,1-2-3,430,1,1-3,320,2,,,,,,,
20260102,芦屋,7,一般 進入固定,雪,西,8,8,4,5,5276,大 島 隆乃介,30,140,6.88,5,0.20,2.05.5,1-3-2,1190,4,1-3,320,1,1-2-3,430,1,1-3,320,2,,,,,,,
20260102,芦屋,7,一般 進入固定,雪,西,8,8,5,4,5338,香 月 大 輝,17,135,6.85,4,0.25,,1-3-2,1190,4,1-3,320,1,1-2-3,430,1,1-3,320,2,,,,,,,
20260102,芦屋,8,一般,晴,北西,8,8,1,3,4189,川 上 剛,5,144,6.86,3,0.14,1.50.0,3-4-6,2170,6,3-4,610,1,3-4-6,640,3,3-4,400,2,,,,,,,
20260102,芦屋,8,一般,晴,北西,8,8,2,4,4288,永 田 啓 二,18,142,6.84,4,0.15,1.50.3,3-4-6,2170,6,3-4,610,1,3-4-6,640,3,3-4,400,2,,,,,,,
20260102,芦屋,8,一般,晴,北西,8,8,3,6,4513,河 野 真 也,59,126,6.91,6,0.27,1.51.2,3-4-6,2170,6,3-4,610,1,3-4-6,640,3,3-4,400,2,,,,,,,
20260102,芦屋,8,一般,晴,北西,8,8,4,2,4180,上 野 秀 和,43,161,6.93,2,0.19,1.53.1,3-4-6,2170,6,3-4,610,1,3-4-6,640,3,3-4,400,2,,,,,,,
20260102,芦屋,8,一般,晴,北西,8,8,5,5,3523,寳 田 亮 治,32,112,6.95,5,0.21,,3-4-6,2170,6,3-4,610,1,3-4-6,640,3,3-4,400,2,,,,,,,
20260102,芦屋,8,一般,晴,北西,8,8,6,1,5328,井 上 慧 人,21,148,6.86,1,0.23,,3-4-6,2170,6,3-4,610,1,3-4-6,640,3,3-4,400,2,,,,,,,
20260102,芦屋,9,一般,雪,北西,7,7,1,1,4079,出 畑 孝 典,16,163,6.86,1,0.17,1.53.4,1-2-5,3930,15,1-2,300,1,1-2-5,2610,11,1-2,320,1,,,,,,,
20260102,芦屋,9,一般,雪,北西,7,7,2,2,3747,國 崎 良 春,25,145,6.99,2,0.19,1.55.5,1-2-5,3930,15,1-2,300,1,1-2-5,2610,11,1-2,320,1,,,,,,,
20260102,芦屋,9,一般,雪,北西,7,7,3,5,4864,小 川 日紀太,15,151,6.84,5,0.12,1.59.2,1-2-5,3930,15,1-2,300,1,1-2-5,2610,11,1-2,320,1,,,,,,,
20260102,芦屋,9,一般,雪,北西,7,7,4,3,5073,上 原 健次郎,10,147,6.90,3,0.17,2.01.5,1-2-5,3930,15,1-2,300,1,1-2-5,2610,11,1-2,320,1,,,,,,,
20260102,芦屋,9,一般,雪,北西,7,7,5,4,5093,浦 野 海,14,118,6.98,4,0.11,,1-2-5,3930,15,1-2,300,1,1-2-5,2610,11,1-2,320,1,,,,,,,
20260102,芦屋,10,準優勝戦,晴,北西,7,7,1,1,4831,羽 野 直 也,45,129,6.77,1,0.15,1.48.0,1-3-4,1020,4,1-3,370,2,1-3-4,570,3,1-3,350,2,,,,,,,
20260102,芦屋,10,準優勝戦,晴,北西,7,7,2,3,5028,原 田 才一郎,2,137,6.74,3,0.13,1.49.1,1-3-4,1020,4,1-3,370,2,1-3-4,570,3,1-3,350,2,,,,,,,
20260102,芦屋,10,準優勝戦,晴,北西,7,7,3,4,5330,安河内 鈴之介,52,132,6.75,4,0.11,1.50.6,1-3-4,1020,4,1-3,370,2,1-3-4,570,3,1-3,350,2,,,,,,,
20260102,芦屋,10,準優勝戦,晴,北西,7,7,4,2,4737,竹 井 貴 史,49,127,6.89,2,0.14,1.51.7,1-3-4,1020,4,1-3,370,2,1-3-4,570,3,1-3,350,2,,,,,,,
20260102,芦屋,10,準優勝戦,晴,北西,7,7,5,5,4463,三 苫 晃 幸,58,160,6.82,5,0.12,,1-3-4,1020,4,1-3,370,2,1-3-4,570,3,1-3,350,2,,,,,,,
20260102,芦屋,10,準優勝戦,晴,北西,7,7,6,6,5212,西 川 拓 利,57,139,6.80,6,0.06,,1-3-4,1020,4,1-3,370,2,1-3-4,570,3,1-3,350,2,,,,,,,
20260102,芦屋,11,準優勝戦,雪,北西,6,6,1,1,4932,新 開 航,54,166,6.75,1,0.13,1.47.6,1-5-4,3300,12,1-5,590,4,1-4-5,1210,6,1-5,550,4,,,,,,,
20260102,芦屋,11,準優勝戦,雪,北西,6,6,2,5,4451,松 崎 祐太郎,19,116,6.85,5,0.25,1.49.8,1-5-4,3300,12,1-5,590,4,1-4-5,1210,6,1-5,550,4,,,,,,,
20260102,芦屋,11,準優勝戦,雪,北西,6,6,3,4,4363,大 野 芳 顕,39,158,6.84,4,0.16,1.51.4,1-5-4,3300,12,1-5,590,4,1-4-5,1210,6,1-5,550,4,,,,,,,
20260102,芦屋,11,準優勝戦,雪,北西,6,6,4,3,5107,松 本 真 広,46,119,6.79,3,0.11,1.51.9,1-5-4,3300,12,1-5,590,4,1-4-5,1210,6,1-5,550,4,,,,,,,
20260102,芦屋,11,準優勝戦,雪,北西,6,6,5,2,4193,郷 原 章 平,37,133,6.83,2,0.26,,1-5-4,3300,12,1-5,590,4,1-4-5,1210,6,1-5,550,4,,,,,,,
20260102,芦屋,11,準優勝戦,雪,北西,6,6,6,6,4892,柴 田 直 哉,48,167,6.84,6,0.32,,1-5-4,3300,12,1-5,590,4,1-4-5,1210,6,1-5,550,4,,,,,,,
20260102,芦屋,12,準優勝戦,雪,北西,7,7,1,1,4288,永 田 啓 二,18,142,6.78,1,0.09,1.55.5,1-2-6,4470,14,1-2,230,1,1-2-6,2880,8,1-2,200,1,,,,,,,
20260102,芦屋,12,準優勝戦,雪,北西,7,7,2,2,4296,岡 崎 恭 裕,42,113,6.98,2,0.15,2.00.8,1-2-6,4470,14,1-2,230,1,1-2-6,2880,8,1-2,200,1,,,,,,,
20260102,芦屋,12,準優勝戦,雪,北西,7,7,3,6,5351,齊 藤 廉,22,130,6.83,6,0.24,2.04.3,1-2-6,4470,14,1-2,230,1,1-2-6,2880,8,1-2,200,1,,,,,,,
20260102,芦屋,12,準優勝戦,雪,北西,7,7,4,4,4189,川 上 剛,5,144,6.83,4,0.16,2.09.4,1-2-6,4470,14,1-2,230,1,1-2-6,2880,8,1-2,200,1,,,,,,,
20260102,若松,1,予選,晴,西,2,2,1,1,3953,志 道 吉 和,32,54,6.85,1,0.20,1.51.1,1-3-5,2830,7,1-3,670,1,1-3-5,1200,6,1-3,320,1,,,,,,,
20260102,若松,1,予選,晴,西,2,2,2,3,4697,國 弘 翔 平,21,29,6.82,3,0.15,1.51.9,1-3-5,2830,7,1-3,670,1,1-3-5,1200,6,1-3,320,1,,,,,,,
20260102,若松,1,予選,晴,西,2,2,3,5,4474,渡 辺 崇,57,25,6.88,5,0.13,1.53.1,1-3-5,2830,7,1-3,670,1,1-3-5,1200,6,1-3,320,1,,,,,,,
20260102,若松,1,予選,晴,西,2,2,4,4,5303,土 井 歩 夢,28,26,6.91,4,0.14,1.53.7,1-3-5,2830,7,1-3,670,1,1-3-5,1200,6,1-3,320,1,,,,,,,
20260102,若松,1,予選,晴,西,2,2,5,6,4060,島 田 一 生,4,62,6.86,6,0.08,,1-3-5,2830,7,1-3,670,1,1-3-5,1200,6,1-3,320,1,,,,,,,
20260102,若松,1,予選,晴,西,2,2,6,2,3444,香 月 大 介,9,64,6.87,2,0.19,,1-3-5,2830,7,1-3,670,1,1-3-5,1200,6,1-3,320,1,,,,,,,
20260102,若松,2,予選,晴,西,3,3,1,6,3876,中 辻 崇 人,23,36,6.69,6,0.11,1.50.6,6-1-2,1900,1,6-1,720,1,1-2-6,570,1,1-6,420,1,,,,,,,
20260102,若松,2,予選,晴,西,3,3,2,1,3564,桑 原 啓,47,17,6.77,1,0.12,1.51.4,6-1-2,1900,1,6-1,720,1,1-2-6,570,1,1-6,420,1,,,,,,,
20260102,若松,2,予選,晴,西,3,3,3,2,3627,井 上 恵 一,5,21,6.80,2,0.08,1.52.7,6-1-2,1900,1,6-1,720,1,1-2-6,570,1,1-6,420,1,,,,,,,
20260102,若松,2,予選,晴,西,3,3,4,5,4314,青 木 幸太郎,22,66,6.85,5,0.12,1.53.1,6-1-2,1900,1,6-1,720,1,1-2-6,570,1,1-6,420,1,,,,,,,
20260102,若松,2,予選,晴,西,3,3,5,4,4394,永 嶋 裕 一,42,16,6.84,4,0.11,,6-1-2,1900,1,6-1,720,1,1-2-6,570,1,1-6,420,1,,,,,,,
20260102,若松,2,予選,晴,西,3,3,6,3,4861,田 中 宏 樹,61,34,6.78,3,0.09,,6-1-2,1900,1,6-1,720,1,1-2-6,570,1,1-6,420,1,,,,,,,
20260102,若松,3,予選,晴,西,5,5,1,2,4424,松 尾 昂 明,43,41,6.72,2,0.17,1.50.8,2-6-3,2370,6,2-6,970,5,2-3-6,660,3,2-6,550,2,,,,,,,
20260102,若松,3,予選,晴,西,5,5,2,6,4364,池 永 太,51,18,6.78,6,0.23,1.53.0,2-6-3,2370,6,2-6,970,5,2-3-6,660,3,2-6,550,2,,,,,,,
20260102,若松,3,予選,晴,西,5,5,3,3,4607,鶴 田 勇 雄,29,11,6.85,3,0.19,1.53.0,2-6-3,2370,6,2-6,970,5,2-3-6,660,3,2-6,550,2,,,,,,,
20260102,若松,3,予選,晴,西,5,5,4,5,4485,楠 原 正 剛,46,63,6.86,5,0.29,1.53.7,2-6-3,2370,6,2-6,970,5,2-3-6,660,3,2-6,550,2,,,,,,,
20260102,若松,3,予選,晴,西,5,5,5,4,3928,林 恵 祐,7,32,6.89,4,0.31,,2-6-3,2370,6,2-6,970,5,2-3-6,660,3,2-6,550,2,,,,,,,
20260102,若松,4,予選,晴,西,4,4,1,1,5053,山 口 広 樹,1,43,6.86,1,0.22,1.51.6,1-4-3,2100,4,1-4,780,3,1-3-4,410,1,1-4,530,2,,,,,,,
20260102,若松,4,予選,晴,西,4,4,2,4,4403,木 下 大 將,54,57,6.84,4,0.25,1.52.1,1-4-3,2100,4,1-4,780,3,1-3-4,410,1,1-4,530,2,,,,,,,
20260102,若松,4,予選,晴,西,4,4,3,3,3898,平 田 忠 則,20,49,6.88,3,0.25,1.53.3,1-4-3,2100,4,1-4,780,3,1-3-4,410,1,1-4,530,2,,,,,,,
20260102,若松,4,予選,晴,西,4,4,4,2,5398,鐘ヶ江 真 司,31,37,6.83,2,0.23,1.53.9,1-4-3,2100,4,1-4,780,3,1-3-4,410,1,1-4,530,2,,,,,,,
20260102,若松,4,予選,晴,西,4,4,5,5,4287,今 井 貴 士,13,69,6.89,5,0.26,,1-4-3,2100,4,1-4,780,3,1-3-4,410,1,1-4,530,2,,,,,,,
20260102,若松,4,予選,晴,西,4,4,6,6,4413,水 摩 敦,52,47,6.84,6,0.26,,1-4-3,2100,4,1-4,780,3,1-3-4,410,1,1-4,530,2,,,,,,,
20260102,若松,5,進入固定戦隊 進入固定,晴,西,4,4,1,1,4614,石 倉 洋 行,49,68,6.75,1,0.13,1.48.8,1-4-3,1500,4,1-4,350,2,1-3-4,630,3,1-4,250,2,,,,,,,
20260102,若松,5,進入固定戦隊 進入固定,晴,西,4,4,2,4,4958,溝 口 海義也,34,39,6.77,4,0.16,1.51.7,1-4-3,1500,4,1-4,350,2,1-3-4,630,3,1-4,250,2,,,,,,,
20260102,若松,5,進入固定戦隊 進入固定,晴,西,4,4,3,3,3742,宮 地 秀 祈,60,71,6.83,3,0.14,1.53.1,1-4-3,1500,4,1-4,350,2,1-3-4,630,3,1-4,250,2,,,,,,,
20260102,若松,5,進入固定戦隊 進入固定,晴,西,4,4,4,6,5210,藤 井 公 人,30,48,6.84,6,0.16,1.54.1,1-4-3,1500,4,1-4,350,2,1-3-4,630,3,1-4,250,2,,,,,,,
20260102,若松,5,進入固定戦隊 進入固定,晴,西,4,4,5,2,5018,竹 下 大 樹,25,15,6.79,2,0.13,,1-4-3,1500,4,1-4,350,2,1-3-4,630,3,1-4,250,2,,,,,,,
20260102,若松,5,進入固定戦隊 進入固定,晴,西,4,4,6,5,4729,佐 藤 謙史朗,37,52,6.81,5,0.16,,1-4-3,1500,4,1-4,350,2,1-3-4,630,3,1-4,250,2,,,,,,,
20260102,若松,6,予選,晴,西,4,4,1,1,4588,田 中 京 介,33,75,6.89,1,0.04,1.57.3,1-2-3,3840,13,1-2,980,4,1-2-3,1580,6,1-2,830,3,,,,,,,
20260102,若松,6,予選,晴,西,4,4,2,2,4697,國 弘 翔 平,21,29,6.82,2,0.04,2.03.0,1-2-3,3840,13,1-2,980,4,1-2-3,1580,6,1-2,830,3,,,,,,,
20260102,若松,6,予選,晴,西,4,4,3,3,4942,柴 田 朋 哉,44,65,6.80,5,0.12,2.04.5,1-2-3,3840,13,1-2,980,4,1-2-3,1580,6,1-2,830,3,,,,,,,
20260102,若松,6,予選,晴,西,4,4,4,6,4736,高 倉 和 士,3,53,6.89,6,0.22,2.09.8,1-2-3,3840,13,1-2,980,4,1-2-3,1580,6,1-2,830,3,,,,,,,
20260102,若松,6,予選,晴,西,4,4,5,5,3576,白 水 勝 也,40,14,6.85,4,0.10,,1-2-3,3840,13,1-2,980,4,1-2-3,1580,6,1-2,830,3,,,,,,,
20260102,若松,7,予選,晴,西,3,3,1,2,4504,前 田 将 太,19,60,6.83,2,0.18,1.50.2,2-4-6,7200,23,2-4,2200,9,2-4-6,2330,9,2-4,980,5,,,,,,,
20260102,若松,7,予選,晴,西,3,3,2,4,4487,三 原 司,8,35,6.83,4,0.18,1.51.9,2-4-6,7200,23,2-4,2200,9,2-4-6,2330,9,2-4,980,5,,,,,,,
20260102,若松,7,予選,晴,西,3,3,3,6,4155,長 野 壮志郎,17,42,6.84,6,0.18,1.52.8,2-4-6,7200,23,2-4,2200,9,2-4-6,2330,9,2-4,980,5,,,,,,,
20260102,若松,7,予選,晴,西,3,3,4,5,3627,井 上 恵 一,5,21,6.80,5,0.23,1.54.7,2-4-6,7200,23,2-4,2200,9,2-4-6,2330,9,2-4,980,5,,,,,,,
20260102,若松,7,予選,晴,西,3,3,5,3,3953,志 道 吉 和,32,54,6.87,3,0.23,,2-4-6,7200,23,2-4,2200,9,2-4-6,2330,9,2-4,980,5,,,,,,,
20260102,若松,7,予選,晴,西,3,3,6,1,4684,楠 原 翔 太,12,46,6.85,1,0.27,,2-4-6,7200,23,2-4,2200,9,2-4-6,2330,9,2-4,980,5,,,,,,,
20260102,若松,8,エイトビート,晴,西,4,4,1,2,4364,池 永 太,51,18,6.76,1,0.09,1.49.5,2-5-3,16270,29,2-5,3580,8,2-3-5,3310,6,2-5,2170,7,,,,,,,
20260102,若松,8,エイトビート,晴,西,4,4,2,5,5303,土 井 歩 夢,28,26,6.80,5,0.14,1.51.9,2-5-3,16270,29,2-5,3580,8,2-3-5,3310,6,2-5,2170,7,,,,,,,
20260102,若松,8,エイトビート,晴,西,4,4,3,3,4314,青 木 幸太郎,22,66,6.84,3,0.13,1.53.0,2-5-3,16270,29,2-5,3580,8,2-3-5,3310,6,2-5,2170,7,,,,,,,
20260102,若松,8,エイトビート,晴,西,4,4,4,1,4102,益 田 啓 司,35,20,6.81,2,0.19,1.53.9,2-5-3,16270,29,2-5,3580,8,2-3-5,3310,6,2-5,2170,7,,,,,,,
20260102,若松,8,エイトビート,晴,西,4,4,5,4,4336,松 田 竜 馬,53,51,6.86,4,0.17,,2-5-3,16270,29,2-5,3580,8,2-3-5,3310,6,2-5,2170,7,,,,,,,
20260102,若松,8,エイトビート,晴,西,4,4,6,6,5408,中 山 鷹 輔,58,45,6.84,6,0.18,,2-5-3,16270,29,2-5,3580,8,2-3-5,3310,6,2-5,2170,7,,,,,,,
20260102,若松,9,予選,晴,西,3,3,1,1,4958,溝 口 海義也,34,39,6.74,1,0.08,1.49.9,1-2-4,900,3,1-2,310,2,1-2-4,520,3,1-2,210,1,,,,,,,
20260102,若松,9,予選,晴,西,3,3,2,2,5092,篠 原 晟 弥,36,73,6.83,2,0.09,1.50.5,1-2-4,900,3,1-2,310,2,1-2-4,520,3,1-2,210,1,,,,,,,
20260102,若松,9,予選,晴,西,3,3,3,4,4485,楠 原 正 剛,46,63,6.86,4,0.09,1.51.6,1-2-4,900,3,1-2,310,2,1-2-4,520,3,1-2,210,1,,,,,,,
20260102,若松,9,予選,晴,西,3,3,4,6,4566,塩 田 北 斗,50,13,6.84,5,0.11,1.53.0,1-2-4,900,3,1-2,310,2,1-2-4,520,3,1-2,210,1,,,,,,,
20260102,若松,9,予選,晴,西,3,3,5,5,5398,鐘ヶ江 真 司,31,37,6.84,6,0.13,,1-2-4,900,3,1-2,310,2,1-2-4,520,3,1-2,210,1,,,,,,,
20260102,若松,9,予選,晴,西,3,3,6,3,3444,香 月 大 介,9,64,6.80,3,0.14,,1-2-4,900,3,1-2,310,2,1-2-4,520,3,1-2,210,1,,,,,,,
20260102,若松,10,予選特賞,晴,西,3,3,1,1,4287,今 井 貴 士,13,69,6.85,1,0.17,2.05.1,1-5-6,14420,31,1-5,3320,8,1-5-6,6500,13,1-5,2050,7,,,,,,,
20260102,若松,10,予選特賞,晴,西,3,3,2,5,3742,宮 地 秀 祈,60,71,6.86,5,0.23,2.08.3,1-5-6,14420,31,1-5,3320,8,1-5-6,6500,13,1-5,2050,7,,,,,,,
20260102,若松,10,予選特賞,晴,西,3,3,3,6,4607,鶴 田 勇 雄,29,11,6.84,6,0.18,2.10.0,1-5-6,14420,31,1-5,3320,8,1-5-6,6500,13,1-5,2050,7,,,,,,,
20260102,若松,10,予選特賞,晴,西,3,3,4,4,4588,田 中 京 介,33,75,6.88,4,0.22,2.12.8,1-5-6,14420,31,1-5,3320,8,1-5-6,6500,13,1-5,2050,7,,,,,,,
20260102,若松,10,予選特賞,晴,西,3,3,5,2,4060,島 田 一 生,4,62,6.83,2,0.23,,1-5-6,14420,31,1-5,3320,8,1-5-6,6500,13,1-5,2050,7,,,,,,,
20260102,若松,11,予選特選,晴,西,3,3,1,3,5210,藤 井 公 人,30,48,6.80,3,0.15,1.50.5,3-2-1,17670,41,3-2,6440,17,1-2-3,470,2,2-3,2450,9,,,,,,,
20260102,若松,11,予選特選,晴,西,3,3,2,2,4413,水 摩 敦,52,47,6.82,2,0.13,1.51.0,3-2-1,17670,41,3-2,6440,17,1-2-3,470,2,2-3,2450,9,,,,,,,
20260102,若松,11,予選特選,晴,西,3,3,3,1,3576,白 水 勝 也,40,14,6.85,1,0.15,1.52.0,3-2-1,17670,41,3-2,6440,17,1-2-3,470,2,2-3,2450,9,,,,,,,
20260102,若松,11,予選特選,晴,西,3,3,4,4,4861,田 中 宏 樹,61,34,6.77,4,0.25,1.53.4,3-2-1,17670,41,3-2,6440,17,1-2-3,470,2,2-3,2450,9,,,,,,,
20260102,若松,11,予選特選,晴,西,3,3,5,6,4424,松 尾 昂 明,43,41,6.72,6,0.41,,3-2-1,17670,41,3-2,6440,17,1-2-3,470,2,2-3,2450,9,,,,,,,
20260102,若松,11,予選特選,晴,西,3,3,6,5,4684,楠 原 翔 太,12,46,6.92,5,0.33,,3-2-1,17670,41,3-2,6440,17,1-2-3,470,2,2-3,2450,9,,,,,,,
20260102,若松,12,ドリーム戦,晴,北西,1,1,1,1,4504,前 田 将 太,19,60,6.84,1,0.13,1.48.8,1-4-5,2190,5,1-4,610,3,1-4-5,640,2,1-4,440,2,,,,,,,
20260102,若松,12,ドリーム戦,晴,北西,1,1,2,4,3876,中 辻 崇 人,23,36,6.82,3,0.12,1.50.3,1-4-5,2190,5,1-4,610,3,1-4-5,640,2,1-4,440,2,,,,,,,
20260102,若松,12,ドリーム戦,晴,北西,1,1,3,5,4614,石 倉 洋 行,49,68,6.79,6,0.13,1.52.2,1-4-5,2190,5,1-4,610,3,1-4-5,640,2,1-4,440,2,,,,,,,
20260102,若松,12,ドリーム戦,晴,北西,1,1,4,6,3898,平 田 忠 則,20,49,6.79,4,0.11,1.52.7,1-4-5,2190,5,1-4,610,3,1-4-5,640,2,1-4,440,2,,,,,,,
20260102,若松,12,ドリーム戦,晴,北西,1,1,5,2,4736,高 倉 和 士,3,53,6.90,2,0.10,,1-4-5,2190,5,1-4,610,3,1-4-5,640,2,1-4,440,2,,,,,,,
20260102,若松,12,ドリーム戦,晴,北西,1,1,6,3,4102,益 田 啓 司,35,20,6.78,5,0.14,,1-4-5,2190,5,1-4,610,3,1-4-5,640,2,1-4,440,2,,,,,,,
20260102,蒲郡,1,予選,晴,北西,4,2,1,4,4903,吉 田 凌太朗,24,31,6.55,4,0.14,1.49.1,4-2-1,13270,42,4-2,3450,13,1-2-4,600,2,2-4,2180,9,,,,,,,
20260102,蒲郡,1,予選,晴,北西,4,2,2,2,4901,出 口 舞有子,18,11,6.49,2,0.11,1.50.2,4-2-1,13270,42,4-2,3450,13,1-2-4,600,2,2-4,2180,9,,,,,,,
20260102,蒲郡,1,予選,晴,北西,4,2,3,1,4979,中 野 夢 斗,57,68,6.50,1,0.17,1.52.1,4-2-1,13270,42,4-2,3450,13,1-2-4,600,2,2-4,2180,9,,,,,,,
20260102,蒲郡,1,予選,晴,北西,4,2,4,3,5340,樋江井 舞,27,55,6.48,3,0.15,1.53.3,4-2-1,13270,42,4-2,3450,13,1-2-4,600,2,2-4,2180,9,,,,,,,
20260102,蒲郡,1,予選,晴,北西,4,2,5,6,4231,鈴 木 裕 隆,36,35,6.47,6,0.18,,4-2-1,13270,42,4-2,3450,13,1-2-4,600,2,2-4,2180,9,,,,,,,
20260102,蒲郡,1,予選,晴,北西,4,2,6,5,5137,川 原 涼,32,66,6.46,5,0.12,,4-2-1,13270,42,4-2,3450,13,1-2-4,600,2,2-4,2180,9,,,,,,,
20260102,蒲郡,2,予選,晴,北西,3,1,1,4,4215,吉 島 祥 之,61,32,6.58,4,0.10,1.48.0,4-2-1,4180,18,4-2,1310,5,1-2-4,310,1,2-4,270,2,,,,,,,
20260102,蒲郡,2,予選,晴,北西,3,1,2,2,5068,前 田 滉,77,19,6.54,2,0.11,1.50.3,4-2-1,4180,18,4-2,1310,5,1-2-4,310,1,2-4,270,2,,,,,,,
20260102,蒲郡,2,予選,晴,北西,3,1,3,1,4457,神 田 達 也,29,50,6.63,1,0.12,1.51.0,4-2-1,4180,18,4-2,1310,5,1-2-4,310,1,2-4,270,2,,,,,,,
20260102,蒲郡,2,予選,晴,北西,3,1,4,5,5139,大 場 恒 季,71,45,6.64,5,0.10,1.53.0,4-2-1,4180,18,4-2,1310,5,1-2-4,310,1,2-4,270,2,,,,,,,
20260102,蒲郡,2,予選,晴,北西,3,1,5,3,3528,笠 野 友紀恵,19,13,6.59,3,0.13,,4-2-1,4180,18,4-2,1310,5,1-2-4,310,1,2-4,270,2,,,,,,,
20260102,蒲郡,2,予選,晴,北西,3,1,6,6,5439,志 賀 美 優,39,30,6.63,6,0.16,,4-2-1,4180,18,4-2,1310,5,1-2-4,310,1,2-4,270,2,,,,,,,
20260102,蒲郡,3,予選,晴,北西,3,1,1,1,5245,倉 富 大 誠,35,26,6.56,1,0.17,1.48.1,1-4-5,1210,4,1-4,490,1,1-4-5,200,1,1-4,400,2,,,,,,,
20260102,蒲郡,3,予選,晴,北西,3,1,2,4,4080,山 崎 哲 司,54,40,6.55,4,0.17,1.50.1,1-4-5,1210,4,1-4,490,1,1-4-5,200,1,1-4,400,2,,,,,,,
20260102,蒲郡,3,予選,晴,北西,3,1,3,5,4983,前 田 篤 哉,28,37,6.50,5,0.14,1.52.1,1-4-5,1210,4,1-4,490,1,1-4-5,200,1,1-4,400,2,,,,,,,
20260102,蒲郡,3,予選,晴,北西,3,1,4,3,3591,後 藤 孝 義,21,25,6.62,3,0.15,1.54.1,1-4-5,1210,4,1-4,490,1,1-4-5,200,1,1-4,400,2,,,,,,,
20260102,蒲郡,3,予選,晴,北西,3,1,5,2,3839,川 合 理 司,31,71,6.68,2,0.17,,1-4-5,1210,4,1-4,490,1,1-4-5,200,1,1-4,400,2,,,,,,,
20260102,蒲郡,3,予選,晴,北西,3,1,6,6,5410,今 泉 澪,30,77,6.53,6,0.13,,1-4-5,1210,4,1-4,490,1,1-4-5,200,1,1-4,400,2,,,,,,,
20260102,蒲郡,4,予選,晴,北西,3,1,1,4,4586,磯 部 誠,13,53,6.56,4,0.12,1.48.7,4-2-1,650,1,4-2,320,1,1-2-4,180,1,2-4,200,1,,,,,,,
20260102,蒲郡,4,予選,晴,北西,3,1,2,2,3811,石 田 章 央,55,16,6.59,2,0.23,1.50.0,4-2-1,650,1,4-2,320,1,1-2-4,180,1,2-4,200,1,,,,,,,
20260102,蒲郡,4,予選,晴,北西,3,1,3,1,5211,高 井 駿 弥,38,36,6.62,1,0.26,1.52.2,4-2-1,650,1,4-2,320,1,1-2-4,180,1,2-4,200,1,,,,,,,
20260102,蒲郡,4,予選,晴,北西,3,1,4,5,5347,井 澤 聖 奈,41,70,6.57,5,0.12,1.52.7,4-2-1,650,1,4-2,320,1,1-2-4,180,1,2-4,200,1,,,,,,,
20260102,蒲郡,4,予選,晴,北西,3,1,5,6,5169,堀 本 翔 太,72,23,6.65,6,0.08,,4-2-1,650,1,4-2,320,1,1-2-4,180,1,2-4,200,1,,,,,,,
20260102,蒲郡,4,予選,晴,北西,3,1,6,3,3642,大 塚 浩 二,17,63,6.60,3,0.29,,4-2-1,650,1,4-2,320,1,1-2-4,180,1,2-4,200,1,,,,,,,
20260102,蒲郡,5,予選,晴,北西,2,1,1,2,4516,野 口 勝 弘,59,47,6.56,3,0.22,1.48.3,2-1-4,7050,29,2-1,1350,6,1-2-4,1600,7,1-2,600,3,,,,,,,
20260102,蒲郡,5,予選,晴,北西,2,1,2,1,5266,石 田 勇 斗,56,38,6.66,1,0.24,1.49.7,2-1-4,7050,29,2-1,1350,6,1-2-4,1600,7,1-2,600,3,,,,,,,
20260102,蒲郡,5,予選,晴,北西,2,1,3,4,4197,渥 美 卓 郎,34,27,6.66,5,0.19,1.51.4,2-1-4,7050,29,2-1,1350,6,1-2-4,1600,7,1-2,600,3,,,,,,,
20260102,蒲郡,5,予選,晴,北西,2,1,4,5,3946,赤 岩 善 生,58,75,6.76,2,0.23,1.51.7,2-1-4,7050,29,2-1,1350,6,1-2-4,1600,7,1-2,600,3,,,,,,,
20260102,蒲郡,5,予選,晴,北西,2,1,5,3,4068,幸 田 智 裕,26,33,6.65,4,0.18,,2-1-4,7050,29,2-1,1350,6,1-2-4,1600,7,1-2,600,3,,,,,,,
20260102,蒲郡,5,予選,晴,北西,2,1,6,6,5444,林 風 音,62,69,6.69,6,0.16,,2-1-4,7050,29,2-1,1350,6,1-2-4,1600,7,1-2,600,3,,,,,,,
20260102,蒲郡,6,予選,晴,西,2,1,1,5,4337,平 本 真 之,52,20,6.66,5,0.11,1.48.9,5-4-6,1540,1,5-4,730,2,4-5-6,460,1,4-5,370,1,,,,,,,
20260102,蒲郡,6,予選,晴,西,2,1,2,4,3302,谷 川 里 江,76,65,6.61,4,0.11,1.49.8,5-4-6,1540,1,5-4,730,2,4-5-6,460,1,4-5,370,1,,,,,,,
20260102,蒲郡,6,予選,晴,西,2,1,3,6,4376,藤 田 靖 弘,65,72,6.55,6,0.15,1.51.1,5-4-6,1540,1,5-4,730,2,4-5-6,460,1,4-5,370,1,,,,,,,
20260102,蒲郡,6,予選,晴,西,2,1,4,3,3867,松 浦 勝,46,51,6.67,3,0.19,1.52.4,5-4-6,1540,1,5-4,730,2,4-5-6,460,1,4-5,370,1,,,,,,,
20260102,蒲郡,6,予選,晴,西,2,1,5,2,4457,神 田 達 也,29,50,6.64,2,0.13,,5-4-6,1540,1,5-4,730,2,4-5-6,460,1,4-5,370,1,,,,,,,
20260102,蒲郡,6,予選,晴,西,2,1,6,1,4901,出 口 舞有子,18,11,6.60,1,0.13,,5-4-6,1540,1,5-4,730,2,4-5-6,460,1,4-5,370,1,,,,,,,
20260102,蒲郡,7,予選 進入固定,晴,北西,3,1,1,1,4084,杉 山 正 樹,40,76,6.51,1,0.21,1.48.9,1-4-5,1970,8,1-4,350,2,1-4-5,1090,5,1-4,290,2,,,,,,,
20260102,蒲郡,7,予選 進入固定,晴,北西,3,1,2,4,4409,坂 元 浩 仁,43,49,6.75,4,0.09,1.49.2,1-4-5,1970,8,1-4,350,2,1-4-5,1090,5,1-4,290,2,,,,,,,
20260102,蒲郡,7,予選 進入固定,晴,北西,3,1,3,5,5232,樅 山 拓 馬,60,15,6.70,5,0.19,1.51.1,1-4-5,1970,8,1-4,350,2,1-4-5,1090,5,1-4,290,2,,,,,,,
20260102,蒲郡,7,予選 進入固定,晴,北西,3,1,4,3,4570,前 田 聖 文,70,12,6.66,3,0.18,1.53.2,1-4-5,1970,8,1-4,350,2,1-4-5,1090,5,1-4,290,2,,,,,,,
20260102,蒲郡,7,予選 進入固定,晴,北西,3,1,5,2,4979,中 野 夢 斗,57,68,6.73,2,0.25,,1-4-5,1970,8,1-4,350,2,1-4-5,1090,5,1-4,290,2,,,,,,,
20260102,蒲郡,7,予選 進入固定,晴,北西,3,1,6,6,5305,伊 藤 栞,63,34,6.69,6,0.14,,1-4-5,1970,8,1-4,350,2,1-4-5,1090,5,1-4,290,2,,,,,,,
20260102,蒲郡,8,予選,雨,西,2,1,1,1,4989,石 原 翼,64,14,6.57,1,0.11,1.48.6,1-2-6,5330,19,1-2,250,1,1-2-6,2040,7,1-2,170,1,,,,,,,
20260102,蒲郡,8,予選,雨,西,2,1,2,2,4910,中 村 泰 平,49,17,6.57,4,0.19,1.49.6,1-2-6,5330,19,1-2,250,1,1-2-6,2040,7,1-2,170,1,,,,,,,
20260102,蒲郡,8,予選,雨,西,2,1,3,6,3591,後 藤 孝 義,21,25,6.70,3,0.20,1.52.5,1-2-6,5330,19,1-2,250,1,1-2-6,2040,7,1-2,170,1,,,,,,,
20260102,蒲郡,8,予選,雨,西,2,1,4,3,5211,高 井 駿 弥,38,36,6.69,2,0.14,1.53.8,1-2-6,5330,19,1-2,250,1,1-2-6,2040,7,1-2,170,1,,,,,,,
20260102,蒲郡,8,予選,雨,西,2,1,5,4,4276,鈴 木 勝 博,22,60,6.64,5,0.22,,1-2-6,5330,19,1-2,250,1,1-2-6,2040,7,1-2,170,1,,,,,,,
20260102,蒲郡,8,予選,雨,西,2,1,6,5,5340,樋江井 舞,27,55,6.60,6,0.25,,1-2-6,5330,19,1-2,250,1,1-2-6,2040,7,1-2,170,1,,,,,,,
20260102,蒲郡,9,予選,晴,北西,2,1,1,1,4467,渡 邉 俊 介,33,61,6.60,1,0.17,1.48.2,1-4-2,610,2,1-4,290,1,1-2-4,200,1,1-4,460,2,,,,,,,
20260102,蒲郡,9,予選,晴,北西,2,1,2,4,4630,岩 永 雅 人,16,59,6.56,3,0.29,1.49.5,1-4-2,610,2,1-4,290,1,1-2-4,200,1,1-4,460,2,,,,,,,
20260102,蒲郡,9,予選,晴,北西,2,1,3,2,4369,丹 下 将,53,24,6.66,2,0.26,1.51.1,1-4-2,610,2,1-4,290,1,1-2-4,200,1,1-4,460,2,,,,,,,
20260102,蒲郡,9,予選,晴,北西,2,1,4,5,5266,石 田 勇 斗,56,38,6.68,6,0.27,1.52.3,1-4-2,610,2,1-4,290,1,1-2-4,200,1,1-4,460,2,,,,,,,
20260102,蒲郡,9,予選,晴,北西,2,1,5,3,3839,川 合 理 司,31,71,6.74,4,0.33,,1-4-2,610,2,1-4,290,1,1-2-4,200,1,1-4,460,2,,,,,,,
20260102,蒲郡,9,予選,晴,北西,2,1,6,6,3528,笠 野 友紀恵,19,13,6.70,5,0.34,,1-4-2,610,2,1-4,290,1,1-2-4,200,1,1-4,460,2,,,,,,,
20260102,蒲郡,10,一般戦,晴,北西,3,1,1,3,3946,赤 岩 善 生,58,75,6.69,3,0.16,1.48.5,3-4-5,20210,38,3-4,8050,16,3-4-5,2680,8,3-4,3080,7,,,,,,,
20260102,蒲郡,10,一般戦,晴,北西,3,1,2,4,3811,石 田 章 央,55,16,6.68,4,0.19,1.49.4,3-4-5,20210,38,3-4,8050,16,3-4-5,2680,8,3-4,3080,7,,,,,,,
20260102,蒲郡,10,一般戦,晴,北西,3,1,3,5,5068,前 田 滉,77,19,6.58,5,0.18,1.51.7,3-4-5,20210,38,3-4,8050,16,3-4-5,2680,8,3-4,3080,7,,,,,,,
20260102,蒲郡,10,一般戦,晴,北西,3,1,4,1,4080,山 崎 哲 司,54,40,6.61,1,0.13,1.52.8,3-4-5,20210,38,3-4,8050,16,3-4-5,2680,8,3-4,3080,7,,,,,,,
20260102,蒲郡,10,一般戦,晴,北西,3,1,5,2,4231,鈴 木 裕 隆,36,35,6.66,2,0.16,,3-4-5,20210,38,3-4,8050,16,3-4-5,2680,8,3-4,3080,7,,,,,,,
20260102,蒲郡,10,一般戦,晴,北西,3,1,6,6,3302,谷 川 里 江,76,65,6.70,6,0.18,,3-4-5,20210,38,3-4,8050,16,3-4-5,2680,8,3-4,3080,7,,,,,,,
20260102,蒲郡,11,一般特賞,晴,北西,2,1,1,1,4903,吉 田 凌太朗,24,31,6.68,1,0.11,1.47.9,1-2-5,650,1,1-2,220,1,1-2-5,260,1,1-2,190,1,,,,,,,
20260102,蒲郡,11,一般特賞,晴,北西,2,1,2,2,4586,磯 部 誠,13,53,6.56,2,0.14,1.48.7,1-2-5,650,1,1-2,220,1,1-2-5,260,1,1-2,190,1,,,,,,,
20260102,蒲郡,11,一般特賞,晴,北西,2,1,3,5,4084,杉 山 正 樹,40,76,6.58,5,0.25,1.50.4,1-2-5,650,1,1-2,220,1,1-2-5,260,1,1-2,190,1,,,,,,,
20260102,蒲郡,11,一般特賞,晴,北西,2,1,4,6,4215,吉 島 祥 之,61,32,6.60,6,0.21,1.51.9,1-2-5,650,1,1-2,220,1,1-2-5,260,1,1-2,190,1,,,,,,,
20260102,蒲郡,11,一般特賞,晴,北西,2,1,5,4,4068,幸 田 智 裕,26,33,6.60,4,0.23,,1-2-5,650,1,1-2,220,1,1-2-5,260,1,1-2,190,1,,,,,,,
20260102,蒲郡,11,一般特賞,晴,北西,2,1,6,3,4376,藤 田 靖 弘,65,72,6.62,3,0.17,,1-2-5,650,1,1-2,220,1,1-2-5,260,1,1-2,190,1,,,,,,,
20260102,蒲郡,12,一般特選,晴,北,2,1,1,1,4910,中 村 泰 平,49,17,6.59,1,0.05,1.48.1,1-2-5,2560,10,1-2,230,1,1-2-5,1770,7,1-2,280,1,,,,,,,
20260102,蒲郡,12,一般特選,晴,北,2,1,2,2,4983,前 田 篤 哉,28,37,6.65,2,0.19,1.49.1,1-2-5,2560,10,1-2,230,1,1-2-5,1770,7,1-2,280,1,,,,,,,
20260102,蒲郡,12,一般特選,晴,北,2,1,3,5,4516,野 口 勝 弘,59,47,6.64,4,0.12,1.50.1,1-2-5,2560,10,1-2,230,1,1-2-5,1770,7,1-2,280,1,,,,,,,
20260102,蒲郡,12,一般特選,晴,北,2,1,4,4,4337,平 本 真 之,52,20,6.56,5,0.12,1.51.4,1-2-5,2560,10,1-2,230,1,1-2-5,1770,7,1-2,280,1,,,,,,,
20260102,蒲郡,12,一般特選,晴,北,2,1,5,6,4409,坂 元 浩 仁,43,49,6.67,6,0.14,,1-2-5,2560,10,1-2,230,1,1-2-5,1770,7,1-2,280,1,,,,,,,
20260102,蒲郡,12,一般特選,晴,北,2,1,6,3,5139,大 場 恒 季,71,45,6.60,3,0.15,,1-2-5,2560,10,1-2,230,1,1-2-5,1770,7,1-2,280,1,,,,,,,
20260102,鳴門,1,とるならなる,晴,西,4,4,1,1,4732,堀 本 和 也,39,80,6.93,1,0.11,1.49.9,1-2-4,1220,8,1-2,440,3,1-2-4,550,3,1-2,480,3,,,,,,,
20260102,鳴門,1,とるならなる,晴,西,4,4,2,2,3820,樫 葉 次 郎,22,29,6.95,2,0.16,1.51.2,1-2-4,1220,8,1-2,440,3,1-2-4,550,3,1-2,480,3,,,,,,,
20260102,鳴門,1,とるならなる,晴,西,4,4,3,4,4894,原 村 拓 也,34,58,6.94,4,0.24,1.52.9,1-2-4,1220,8,1-2,440,3,1-2-4,550,3,1-2,480,3,,,,,,,
20260102,鳴門,1,とるならなる,晴,西,4,4,4,5,3775,泉 啓 文,64,78,7.02,5,0.24,1.54.0,1-2-4,1220,8,1-2,440,3,1-2-4,550,3,1-2,480,3,,,,,,,
20260102,鳴門,1,とるならなる,晴,西,4,4,5,3,3587,武 田 信 一,62,10,7.02,3,0.18,,1-2-4,1220,8,1-2,440,3,1-2-4,550,3,1-2,480,3,,,,,,,
20260102,鳴門,1,とるならなる,晴,西,4,4,6,6,5403,藤 山 湧 太,67,84,6.98,6,0.27,,1-2-4,1220,8,1-2,440,3,1-2-4,550,3,1-2,480,3,,,,,,,
20260102,鳴門,2,どーなるなる,晴,西,6,6,1,3,4691,水 原 慎,54,61,6.99,3,0.23,1.50.3,3-4-2,33500,66,3-4,9030,20,2-3-4,4120,10,3-4,3760,10,,,,,,,
20260102,鳴門,2,どーなるなる,晴,西,6,6,2,4,3304,烏 野 賢 太,77,81,6.97,4,0.24,1.51.5,3-4-2,33500,66,3-4,9030,20,2-3-4,4120,10,3-4,3760,10,,,,,,,
20260102,鳴門,2,どーなるなる,晴,西,6,6,3,2,5199,垂 水 悠,10,21,6.92,2,0.11,1.52.6,3-4-2,33500,66,3-4,9030,20,2-3-4,4120,10,3-4,3760,10,,,,,,,
20260102,鳴門,2,どーなるなる,晴,西,6,6,4,5,4685,島 村 隆 幸,51,77,6.82,5,0.18,1.52.7,3-4-2,33500,66,3-4,9030,20,2-3-4,4120,10,3-4,3760,10,,,,,,,
20260102,鳴門,2,どーなるなる,晴,西,6,6,5,1,4383,竹 田 吉 行,53,52,6.98,1,0.13,,3-4-2,33500,66,3-4,9030,20,2-3-4,4120,10,3-4,3760,10,,,,,,,
20260102,鳴門,2,どーなるなる,晴,西,6,6,6,6,5423,高 橋 嗣 穏,31,72,6.92,6,0.28,,3-4-2,33500,66,3-4,9030,20,2-3-4,4120,10,3-4,3760,10,,,,,,,
20260102,鳴門,3,どきどきなる,晴,西,5,5,1,1,3743,林 美 憲,35,75,6.96,1,0.09,1.50.0,1-2-5,960,1,1-2,520,2,1-2-5,510,1,1-2,350,2,,,,,,,
20260102,鳴門,3,どきどきなる,晴,西,5,5,2,2,3866,木 山 誠 一,27,36,7.00,2,0.07,1.52.1,1-2-5,960,1,1-2,520,2,1-2-5,510,1,1-2,350,2,,,,,,,
20260102,鳴門,3,どきどきなる,晴,西,5,5,3,5,3541,三 嶌 誠 司,71,16,6.92,5,0.16,1.52.7,1-2-5,960,1,1-2,520,2,1-2-5,510,1,1-2,350,2,,,,,,,
20260102,鳴門,3,どきどきなる,晴,西,5,5,4,3,3361,岡 部 浩,58,24,6.93,3,0.07,1.52.9,1-2-5,960,1,1-2,520,2,1-2-5,510,1,1-2,350,2,,,,,,,
20260102,鳴門,3,どきどきなる,晴,西,5,5,5,6,5388,佐 野 優 都,23,69,6.94,6,0.16,,1-2-5,960,1,1-2,520,2,1-2-5,510,1,1-2,350,2,,,,,,,
20260102,鳴門,3,どきどきなる,晴,西,5,5,6,4,4429,豊 田 泰 洋,55,64,7.00,4,0.16,,1-2-5,960,1,1-2,520,2,1-2-5,510,1,1-2,350,2,,,,,,,
20260102,鳴門,4,とにかくなる,晴,西,6,6,1,1,4052,興 津 藍,19,59,6.90,1,0.07,1.48.7,1-5-3,3260,13,1-5,820,4,1-3-5,1460,5,1-5,720,3,,,,,,,
20260102,鳴門,4,とにかくなる,晴,西,6,6,2,5,5143,常 盤 海 心,78,56,6.86,5,0.15,1.50.9,1-5-3,3260,13,1-5,820,4,1-3-5,1460,5,1-5,720,3,,,,,,,
20260102,鳴門,4,とにかくなる,晴,西,6,6,3,3,3708,岡 部 貴 司,81,70,7.03,3,0.08,1.50.9,1-5-3,3260,13,1-5,820,4,1-3-5,1460,5,1-5,720,3,,,,,,,
20260102,鳴門,4,とにかくなる,晴,西,6,6,4,2,4063,市 橋 卓 士,50,65,6.91,2,0.05,1.52.4,1-5-3,3260,13,1-5,820,4,1-3-5,1460,5,1-5,720,3,,,,,,,
20260102,鳴門,4,とにかくなる,晴,西,6,6,5,6,4704,河 野 大,73,33,6.95,6,0.15,,1-5-3,3260,13,1-5,820,4,1-3-5,1460,5,1-5,720,3,,,,,,,
20260102,鳴門,4,とにかくなる,晴,西,6,6,6,4,5236,小 宮 涼 雅,52,11,6.98,4,0.16,,1-5-3,3260,13,1-5,820,4,1-3-5,1460,5,1-5,720,3,,,,,,,
20260102,鳴門,5,予選,晴,西,6,6,1,5,3788,一 宮 稔 弘,59,18,7.00,5,0.06,1.49.0,5-4-3,7930,32,5-4,1450,9,3-4-5,1800,7,4-5,360,1,,,,,,,
20260102,鳴門,5,予選,晴,西,6,6,2,4,4757,山 田 祐 也,28,66,7.00,4,0.11,1.50.9,5-4-3,7930,32,5-4,1450,9,3-4-5,1800,7,4-5,360,1,,,,,,,
20260102,鳴門,5,予選,晴,西,6,6,3,3,3949,今 出 晋 二,57,19,7.02,3,0.09,1.52.3,5-4-3,7930,32,5-4,1450,9,3-4-5,1800,7,4-5,360,1,,,,,,,
20260102,鳴門,5,予選,晴,西,6,6,4,2,3841,佐々木 和 伸,24,25,7.06,2,0.15,1.53.6,5-4-3,7930,32,5-4,1450,9,3-4-5,1800,7,4-5,360,1,,,,,,,
20260102,鳴門,5,予選,晴,西,6,6,5,1,3477,近 藤 稔 也,36,55,6.97,1,0.13,,5-4-3,7930,32,5-4,1450,9,3-4-5,1800,7,4-5,360,1,,,,,,,
20260102,鳴門,5,予選,晴,西,6,6,6,6,4894,原 村 拓 也,34,58,6.93,6,0.14,,5-4-3,7930,32,5-4,1450,9,3-4-5,1800,7,4-5,360,1,,,,,,,
20260102,鳴門,6,予選,雪,西,7,7,1,6,4359,横 川 聖 志,76,31,7.01,5,0.06,1.48.4,6-2-4,9830,33,6-2,2840,9,2-4-6,970,4,2-6,1120,4,,,,,,,
20260102,鳴門,6,予選,雪,西,7,7,2,2,4596,葛 原 大 陽,65,15,6.95,2,0.11,1.50.1,6-2-4,9830,33,6-2,2840,9,2-4-6,970,4,2-6,1120,4,,,,,,,
20260102,鳴門,6,予選,雪,西,7,7,3,4,4416,三 宅 健 太,18,37,6.97,4,0.11,1.51.9,6-2-4,9830,33,6-2,2840,9,2-4-6,970,4,2-6,1120,4,,,,,,,
20260102,鳴門,6,予選,雪,西,7,7,4,3,3643,米 田 隆 弘,25,60,6.97,3,0.13,1.52.6,6-2-4,9830,33,6-2,2840,9,2-4-6,970,4,2-6,1120,4,,,,,,,
20260102,鳴門,6,予選,雪,西,7,7,5,1,4116,川 田 正 人,38,51,6.88,1,0.09,,6-2-4,9830,33,6-2,2840,9,2-4-6,970,4,2-6,1120,4,,,,,,,
20260102,鳴門,6,予選,雪,西,7,7,6,5,5403,藤 山 湧 太,67,84,6.95,6,0.14,,6-2-4,9830,33,6-2,2840,9,2-4-6,970,4,2-6,1120,4,,,,,,,
20260102,鳴門,7,予選,晴,西,3,3,1,4,4571,菅 章 哉,17,73,6.87,4,0.13,1.48.2,4-1-3,1830,5,4-1,470,2,1-3-4,840,4,1-4,420,2,,,,,,,
20260102,鳴門,7,予選,晴,西,3,3,2,1,3775,泉 啓 文,64,78,6.92,1,0.04,1.50.2,4-1-3,1830,5,4-1,470,2,1-3-4,840,4,1-4,420,2,,,,,,,
20260102,鳴門,7,予選,晴,西,3,3,3,3,3233,小 畑 実 成,83,27,7.12,3,0.07,1.51.9,4-1-3,1830,5,4-1,470,2,1-3-4,840,4,1-4,420,2,,,,,,,
20260102,鳴門,7,予選,晴,西,3,3,4,2,4429,豊 田 泰 洋,55,64,6.99,2,0.07,1.53.0,4-1-3,1830,5,4-1,470,2,1-3-4,840,4,1-4,420,2,,,,,,,
20260102,鳴門,7,予選,晴,西,3,3,5,6,3333,丸 尾 義 孝,68,39,7.02,5,0.16,,4-1-3,1830,5,4-1,470,2,1-3-4,840,4,1-4,420,2,,,,,,,
20260102,鳴門,7,予選,晴,西,3,3,6,5,5423,高 橋 嗣 穏,31,72,6.99,6,0.10,,4-1-3,1830,5,4-1,470,2,1-3-4,840,4,1-4,420,2,,,,,,,
20260102,鳴門,8,予選,晴,南西,5,5,1,2,5278,田 中 駿 兵,11,82,6.80,2,0.21,1.48.1,2-1-5,1090,2,2-1,410,2,1-2-5,390,2,1-2,270,1,,,,,,,
20260102,鳴門,8,予選,晴,南西,5,5,2,1,5143,常 盤 海 心,78,56,6.82,1,0.21,1.49.9,2-1-5,1090,2,2-1,410,2,1-2-5,390,2,1-2,270,1,,,,,,,
20260102,鳴門,8,予選,晴,南西,5,5,3,5,4383,竹 田 吉 行,53,52,6.87,5,0.16,1.52.1,2-1-5,1090,2,2-1,410,2,1-2-5,390,2,1-2,270,1,,,,,,,
20260102,鳴門,8,予選,晴,南西,5,5,4,4,3866,木 山 誠 一,27,36,6.93,4,0.11,1.52.8,2-1-5,1090,2,2-1,410,2,1-2-5,390,2,1-2,270,1,,,,,,,
20260102,鳴門,8,予選,晴,南西,5,5,5,6,3820,樫 葉 次 郎,22,29,6.95,6,0.25,,2-1-5,1090,2,2-1,410,2,1-2-5,390,2,1-2,270,1,,,,,,,
20260102,鳴門,8,予選,晴,南西,5,5,6,3,4034,西 原 明 生,79,68,6.87,3,0.17,,2-1-5,1090,2,2-1,410,2,1-2-5,390,2,1-2,270,1,,,,,,,
20260102,鳴門,9,予選,晴,西,4,4,1,2,4812,西 野 雄 貴,72,54,6.85,2,0.12,1.47.7,2-4-6,1010,2,2-4,490,2,2-4-6,440,2,2-4,310,1,,,,,,,
20260102,鳴門,9,予選,晴,西,4,4,2,4,5172,田 村 慶,63,79,6.97,4,0.15,1.49.4,2-4-6,1010,2,2-4,490,2,2-4-6,440,2,2-4,310,1,,,,,,,
20260102,鳴門,9,予選,晴,西,4,4,3,6,4063,市 橋 卓 士,50,65,6.93,6,0.05,1.51.5,2-4-6,1010,2,2-4,490,2,2-4-6,440,2,2-4,310,1,,,,,,,
20260102,鳴門,9,予選,晴,西,4,4,4,3,3477,近 藤 稔 也,36,55,6.99,3,0.15,1.53.1,2-4-6,1010,2,2-4,490,2,2-4-6,440,2,2-4,310,1,,,,,,,
20260102,鳴門,9,予選,晴,西,4,4,5,5,3361,岡 部 浩,58,24,6.99,5,0.16,,2-4-6,1010,2,2-4,490,2,2-4-6,440,2,2-4,310,1,,,,,,,
20260102,鳴門,9,予選,晴,西,4,4,6,1,4167,片 岡 秀 樹,69,20,6.93,1,0.13,,2-4-6,1010,2,2-4,490,2,2-4-6,440,2,2-4,310,1,,,,,,,
20260102,鳴門,10,なるちゃん特,晴,西,5,5,1,3,4704,河 野 大,73,33,6.91,3,0.12,1.48.4,3-4-1,3910,14,3-4,740,2,1-3-4,770,4,3-4,490,2,,,,,,,
20260102,鳴門,10,なるちゃん特,晴,西,5,5,2,4,3788,一 宮 稔 弘,59,18,6.93,4,0.11,1.50.2,3-4-1,3910,14,3-4,740,2,1-3-4,770,4,3-4,490,2,,,,,,,
20260102,鳴門,10,なるちゃん特,晴,西,5,5,3,1,3516,吉 原 聖 人,20,22,7.01,1,0.13,1.51.6,3-4-1,3910,14,3-4,740,2,1-3-4,770,4,3-4,490,2,,,,,,,
20260102,鳴門,10,なるちゃん特,晴,西,5,5,4,5,3743,林 美 憲,35,75,6.96,5,0.17,1.53.6,3-4-1,3910,14,3-4,740,2,1-3-4,770,4,3-4,490,2,,,,,,,
20260102,鳴門,10,なるちゃん特,晴,西,5,5,5,6,3587,武 田 信 一,62,10,6.97,6,0.20,,3-4-1,3910,14,3-4,740,2,1-3-4,770,4,3-4,490,2,,,,,,,
20260102,鳴門,10,なるちゃん特,晴,西,5,5,6,2,4636,赤 池 修 平,70,34,6.93,2,0.23,,3-4-1,3910,14,3-4,740,2,1-3-4,770,4,3-4,490,2,,,,,,,
20260102,鳴門,11,特選,晴,西,6,6,1,3,4757,山 田 祐 也,28,66,6.93,3,0.07,1.55.7,3-5-2,6430,22,3-5,880,4,2-3-5,1390,5,3-5,1210,4,,,,,,,
20260102,鳴門,11,特選,晴,西,6,6,2,5,4732,堀 本 和 也,39,80,6.96,5,0.04,1.57.7,3-5-2,6430,22,3-5,880,4,2-3-5,1390,5,3-5,1210,4,,,,,,,
20260102,鳴門,11,特選,晴,西,6,6,3,2,5249,三 木 晴 斗,75,74,6.87,2,0.17,2.00.1,3-5-2,6430,22,3-5,880,4,2-3-5,1390,5,3-5,1210,4,,,,,,,
20260102,鳴門,11,特選,晴,西,6,6,4,6,3708,岡 部 貴 司,81,70,6.98,6,0.01,2.03.4,3-5-2,6430,22,3-5,880,4,2-3-5,1390,5,3-5,1210,4,,,,,,,
20260102,鳴門,11,特選,晴,西,6,6,5,4,4116,川 田 正 人,38,51,6.93,4,0.08,,3-5-2,6430,22,3-5,880,4,2-3-5,1390,5,3-5,1210,4,,,,,,,
20260102,鳴門,12,特選,晴,西,6,6,1,1,4685,島 村 隆 幸,51,77,6.89,1,0.17,1.49.2,1-3-5,710,2,1-3,370,2,1-3-5,330,1,1-3,240,1,,,,,,,
20260102,鳴門,12,特選,晴,西,6,6,2,3,4596,葛 原 大 陽,65,15,6.99,3,0.16,1.50.5,1-3-5,710,2,1-3,370,2,1-3-5,330,1,1-3,240,1,,,,,,,
20260102,鳴門,12,特選,晴,西,6,6,3,5,4052,興 津 藍,19,59,6.96,5,0.22,1.52.2,1-3-5,710,2,1-3,370,2,1-3-5,330,1,1-3,240,1,,,,,,,
20260102,鳴門,12,特選,晴,西,6,6,4,4,3541,三 嶌 誠 司,71,16,7.02,4,0.19,1.53.7,1-3-5,710,2,1-3,370,2,1-3-5,330,1,1-3,240,1,,,,,,,
20260102,鳴門,12,特選,晴,西,6,6,5,2,3333,丸 尾 義 孝,68,39,7.06,2,0.17,,1-3-5,710,2,1-3,370,2,1-3-5,330,1,1-3,240,1,,,,,,,
20260102,鳴門,12,特選,晴,西,6,6,6,6,4034,西 原 明 生,79,68,6.92,6,0.28,,1-3-5,710,2,1-3,370,2,1-3-5,330,1,1-3,240,1,,,,,,,
