date,venue_name,race_no,race_type,weather,wind_dir,wind_ms,wave_cm,rank,waku,reg_no,name,motor_no,boat_no,exhibition_time,course_enter,st_timing,race_time,won3,won3_pay,won3_pop,won2,won2_pay,won2_pop,trio,trio_pay,trio_pop,pair,pair_pay,pair_pop,lap_time,turn_time,straight_time,lap_rank,turn_rank,straight_rank,exhibition_eval
20260226,びわこ,1,一般,曇り,無風,0,1,1,1,4263,武 重 雄 介,38,54,6.80,1,0.08,1.53.8,1-2-4,1100,3,1-2,460,2,1-2-4,330,1,1-2,330,2,,,,,,,
20260226,びわこ,1,一般,曇り,無風,0,1,2,2,5037,田 頭 虎 親,29,67,6.76,2,0.13,1.56.5,1-2-4,1100,3,1-2,460,2,1-2-4,330,1,1-2,330,2,,,,,,,
20260226,びわこ,1,一般,曇り,無風,0,1,3,4,5071,野見山 拓 己,61,12,6.70,4,0.03,1.59.0,1-2-4,1100,3,1-2,460,2,1-2-4,330,1,1-2,330,2,,,,,,,
20260226,びわこ,1,一般,曇り,無風,0,1,4,5,3998,冨 成 謙 児,28,38,6.77,5,0.10,2.01.8,1-2-4,1100,3,1-2,460,2,1-2-4,330,1,1-2,330,2,,,,,,,
20260226,びわこ,1,一般,曇り,無風,0,1,5,6,3796,長 野 道 臣,45,66,6.62,6,0.12,,1-2-4,1100,3,1-2,460,2,1-2-4,330,1,1-2,330,2,,,,,,,
20260226,びわこ,1,一般,曇り,無風,0,1,S1,3,4058,野 末 智 一,63,72,6.79,3,0.12,,1-2-4,1100,3,1-2,460,2,1-2-4,330,1,1-2,330,2,,,,,,,
20260226,びわこ,2,一般,曇り,無風,0,1,1,1,3761,山 本 光 雄,52,26,6.78,1,0.24,1.48.3,1-3-2,1160,5,1-3,490,2,1-2-3,410,2,1-3,290,2,,,,,,,
20260226,びわこ,2,一般,曇り,無風,0,1,2,3,5243,三 馬 崇 史,44,68,6.81,3,0.17,1.50.2,1-3-2,1160,5,1-3,490,2,1-2-3,410,2,1-3,290,2,,,,,,,
20260226,びわこ,2,一般,曇り,無風,0,1,3,2,3508,久 富 政 弘,68,60,6.79,2,0.17,1.51.3,1-3-2,1160,5,1-3,490,2,1-2-3,410,2,1-3,290,2,,,,,,,
20260226,びわこ,2,一般,曇り,無風,0,1,4,4,4394,永 嶋 裕 一,41,63,6.82,4,0.15,1.53.8,1-3-2,1160,5,1-3,490,2,1-2-3,410,2,1-3,290,2,,,,,,,
20260226,びわこ,2,一般,曇り,無風,0,1,5,6,5398,鐘ヶ江 真 司,60,59,6.75,6,0.18,,1-3-2,1160,5,1-3,490,2,1-2-3,410,2,1-3,290,2,,,,,,,
20260226,びわこ,2,一般,曇り,無風,0,1,6,5,4167,片 岡 秀 樹,21,56,6.91,5,0.18,,1-3-2,1160,5,1-3,490,2,1-2-3,410,2,1-3,290,2,,,,,,,
20260226,びわこ,3,一般,曇り,無風,0,1,1,1,4452,松 尾 祭,26,19,6.80,1,0.11,1.48.4,1-5-2,780,2,1-5,630,2,1-2-5,190,1,1-5,370,2,,,,,,,
20260226,びわこ,3,一般,曇り,無風,0,1,2,5,4702,三 浦 敬 太,16,32,6.71,5,0.15,1.49.3,1-5-2,780,2,1-5,630,2,1-2-5,190,1,1-5,370,2,,,,,,,
20260226,びわこ,3,一般,曇り,無風,0,1,3,2,4521,小 池 公 生,11,70,6.70,2,0.13,1.51.2,1-5-2,780,2,1-5,630,2,1-2-5,190,1,1-5,370,2,,,,,,,
20260226,びわこ,3,一般,曇り,無風,0,1,4,4,3591,後 藤 孝 義,22,20,6.77,4,0.15,1.53.2,1-5-2,780,2,1-5,630,2,1-2-5,190,1,1-5,370,2,,,,,,,
20260226,びわこ,3,一般,曇り,無風,0,1,5,6,5396,近 藤 来 希,53,35,6.66,6,0.21,,1-5-2,780,2,1-5,630,2,1-2-5,190,1,1-5,370,2,,,,,,,
20260226,びわこ,3,一般,曇り,無風,0,1,6,3,3339,泉 具 巳,27,73,6.75,3,0.12,,1-5-2,780,2,1-5,630,2,1-2-5,190,1,1-5,370,2,,,,,,,
20260226,びわこ,4,一般,曇り,北東,1,2,1,1,4146,柳 橋 宏 紀,62,24,6.75,1,0.03,1.48.3,1-4-5,890,1,1-4,320,1,1-4-5,370,1,1-4,190,1,,,,,,,
20260226,びわこ,4,一般,曇り,北東,1,2,2,4,4953,尾 上 雅 也,19,28,6.71,3,0.15,1.48.9,1-4-5,890,1,1-4,320,1,1-4-5,370,1,1-4,190,1,,,,,,,
20260226,びわこ,4,一般,曇り,北東,1,2,3,5,4904,松 本 一 毅,65,11,6.71,4,0.15,1.50.8,1-4-5,890,1,1-4,320,1,1-4-5,370,1,1-4,190,1,,,,,,,
20260226,びわこ,4,一般,曇り,北東,1,2,4,6,4428,有 賀 達 也,24,16,6.72,5,0.22,1.52.9,1-4-5,890,1,1-4,320,1,1-4-5,370,1,1-4,190,1,,,,,,,
20260226,びわこ,4,一般,曇り,北東,1,2,5,2,5329,金 子 龍 斗,12,25,6.80,2,0.03,,1-4-5,890,1,1-4,320,1,1-4-5,370,1,1-4,190,1,,,,,,,
20260226,びわこ,4,一般,曇り,北東,1,2,6,3,4956,齊 藤 大 将,54,34,6.89,6,0.27,,1-4-5,890,1,1-4,320,1,1-4-5,370,1,1-4,190,1,,,,,,,
20260226,びわこ,5,一般,曇り,無風,0,1,1,2,5245,倉 富 大 誠,35,15,6.80,2,0.14,1.48.5,2-1-3,6250,20,2-1,2820,7,1-2-3,330,2,1-2,450,2,,,,,,,
20260226,びわこ,5,一般,曇り,無風,0,1,2,1,5012,加 倉 侑 征,36,37,6.78,1,0.14,1.49.8,2-1-3,6250,20,2-1,2820,7,1-2-3,330,2,1-2,450,2,,,,,,,
20260226,びわこ,5,一般,曇り,無風,0,1,3,3,3679,飯 島 昌 弘,73,14,6.78,3,0.12,1.51.5,2-1-3,6250,20,2-1,2820,7,1-2-3,330,2,1-2,450,2,,,,,,,
20260226,びわこ,5,一般,曇り,無風,0,1,4,6,4852,川 原 祐 明,51,57,6.77,6,0.11,1.52.7,2-1-3,6250,20,2-1,2820,7,1-2-3,330,2,1-2,450,2,,,,,,,
20260226,びわこ,5,一般,曇り,無風,0,1,5,5,5009,大 賀 龍之介,58,22,6.71,5,0.16,,2-1-3,6250,20,2-1,2820,7,1-2-3,330,2,1-2,450,2,,,,,,,
20260226,びわこ,5,一般,曇り,無風,0,1,6,4,4103,山 崎 善 庸,13,48,6.77,4,0.25,,2-1-3,6250,20,2-1,2820,7,1-2-3,330,2,1-2,450,2,,,,,,,
20260226,びわこ,6,一般,曇り,北東,1,1,1,5,5280,廣 瀬 凜,18,36,6.78,5,0.17,1.49.1,5-2-1,5830,23,5-2,1380,7,1-2-5,630,3,2-5,280,1,,,,,,,
20260226,びわこ,6,一般,曇り,北東,1,1,2,2,5071,野見山 拓 己,61,12,6.68,2,0.17,1.50.7,5-2-1,5830,23,5-2,1380,7,1-2-5,630,3,2-5,280,1,,,,,,,
20260226,びわこ,6,一般,曇り,北東,1,1,3,1,3950,石 川 哲 秀,64,21,6.75,1,0.15,1.52.2,5-2-1,5830,23,5-2,1380,7,1-2-5,630,3,2-5,280,1,,,,,,,
20260226,びわこ,6,一般,曇り,北東,1,1,4,4,3867,松 浦 勝,69,49,6.75,4,0.19,1.53.0,5-2-1,5830,23,5-2,1380,7,1-2-5,630,3,2-5,280,1,,,,,,,
20260226,びわこ,6,一般,曇り,北東,1,1,5,6,5015,高 橋 竜 矢,49,50,6.69,6,0.18,,5-2-1,5830,23,5-2,1380,7,1-2-5,630,3,2-5,280,1,,,,,,,
20260226,びわこ,6,一般,曇り,北東,1,1,6,3,5061,中 村 駿 平,55,31,6.79,3,0.13,,5-2-1,5830,23,5-2,1380,7,1-2-5,630,3,2-5,280,1,,,,,,,
20260226,びわこ,7,一般,曇り,北東,1,1,1,4,4640,山ノ内 雅 人,70,18,6.78,4,0.11,1.48.9,4-2-5,26880,75,4-2,5230,16,2-4-5,6910,15,2-4,1970,9,,,,,,,
20260226,びわこ,7,一般,曇り,北東,1,1,2,2,3602,奥 平 拓 也,20,47,6.81,2,0.10,1.49.7,4-2-5,26880,75,4-2,5230,16,2-4-5,6910,15,2-4,1970,9,,,,,,,
20260226,びわこ,7,一般,曇り,北東,1,1,3,5,4058,野 末 智 一,63,72,6.83,5,0.14,1.51.5,4-2-5,26880,75,4-2,5230,16,2-4-5,6910,15,2-4,1970,9,,,,,,,
20260226,びわこ,7,一般,曇り,北東,1,1,4,6,4471,新 田 泰 章,15,39,6.79,6,0.14,1.52.4,4-2-5,26880,75,4-2,5230,16,2-4-5,6910,15,2-4,1970,9,,,,,,,
20260226,びわこ,7,一般,曇り,北東,1,1,5,3,4167,片 岡 秀 樹,21,56,6.82,3,0.15,,4-2-5,26880,75,4-2,5230,16,2-4-5,6910,15,2-4,1970,9,,,,,,,
20260226,びわこ,7,一般,曇り,北東,1,1,6,1,3661,柳 瀬 興 志,31,71,6.72,1,0.20,,4-2-5,26880,75,4-2,5230,16,2-4-5,6910,15,2-4,1970,9,,,,,,,
20260226,びわこ,8,一般,曇り,北東,2,2,1,1,3872,岡 田 憲 行,33,33,6.88,1,0.16,1.49.6,1-4-3,750,2,1-4,290,1,1-3-4,380,2,1-4,150,1,,,,,,,
20260226,びわこ,8,一般,曇り,北東,2,2,2,4,4136,江 夏 満,71,69,6.79,4,0.17,1.50.0,1-4-3,750,2,1-4,290,1,1-3-4,380,2,1-4,150,1,,,,,,,
20260226,びわこ,8,一般,曇り,北東,2,2,3,3,3998,冨 成 謙 児,28,38,6.86,3,0.14,1.51.9,1-4-3,750,2,1-4,290,1,1-3-4,380,2,1-4,150,1,,,,,,,
20260226,びわこ,8,一般,曇り,北東,2,2,4,5,5243,三 馬 崇 史,44,68,6.82,5,0.17,1.53.5,1-4-3,750,2,1-4,290,1,1-3-4,380,2,1-4,150,1,,,,,,,
20260226,びわこ,8,一般,曇り,北東,2,2,5,2,3591,後 藤 孝 義,22,20,6.80,2,0.13,,1-4-3,750,2,1-4,290,1,1-3-4,380,2,1-4,150,1,,,,,,,
20260226,びわこ,8,一般,曇り,北東,2,2,6,6,5385,鈴 木 柊 介,67,23,6.77,6,0.13,,1-4-3,750,2,1-4,290,1,1-3-4,380,2,1-4,150,1,,,,,,,
20260226,びわこ,9,一般,曇り,北東,2,2,1,3,4345,西 舘 健,37,65,6.81,3,0.16,1.49.3,3-1-4,5670,21,3-1,1920,7,1-3-4,740,3,1-3,420,2,,,,,,,
20260226,びわこ,9,一般,曇り,北東,2,2,2,1,4394,永 嶋 裕 一,41,63,6.94,1,0.14,1.50.5,3-1-4,5670,21,3-1,1920,7,1-3-4,740,3,1-3,420,2,,,,,,,
20260226,びわこ,9,一般,曇り,北東,2,2,3,4,3796,長 野 道 臣,45,66,6.70,4,0.19,1.52.0,3-1-4,5670,21,3-1,1920,7,1-3-4,740,3,1-3,420,2,,,,,,,
20260226,びわこ,9,一般,曇り,北東,2,2,4,2,5009,大 賀 龍之介,58,22,6.73,2,0.18,1.53.7,3-1-4,5670,21,3-1,1920,7,1-3-4,740,3,1-3,420,2,,,,,,,
20260226,びわこ,9,一般,曇り,北東,2,2,5,5,5329,金 子 龍 斗,12,25,6.83,5,0.21,,3-1-4,5670,21,3-1,1920,7,1-3-4,740,3,1-3,420,2,,,,,,,
20260226,びわこ,9,一般,曇り,北東,2,2,6,6,5441,鈴 木 雄 登,14,55,6.63,6,0.26,,3-1-4,5670,21,3-1,1920,7,1-3-4,740,3,1-3,420,2,,,,,,,
20260226,びわこ,10,準優勝戦,曇り,北東,2,2,1,1,4852,川 原 祐 明,51,57,6.76,1,0.07,1.48.4,1-5-3,4280,14,1-5,1140,5,1-3-5,1540,5,1-5,690,3,,,,,,,
20260226,びわこ,10,準優勝戦,曇り,北東,2,2,2,5,5037,田 頭 虎 親,29,67,6.79,5,0.08,1.49.8,1-5-3,4280,14,1-5,1140,5,1-3-5,1540,5,1-5,690,3,,,,,,,
20260226,びわこ,10,準優勝戦,曇り,北東,2,2,3,3,4146,柳 橋 宏 紀,62,24,6.84,3,0.13,1.51.5,1-5-3,4280,14,1-5,1140,5,1-3-5,1540,5,1-5,690,3,,,,,,,
20260226,びわこ,10,準優勝戦,曇り,北東,2,2,4,2,4702,三 浦 敬 太,16,32,6.81,2,0.11,1.52.5,1-5-3,4280,14,1-5,1140,5,1-3-5,1540,5,1-5,690,3,,,,,,,
20260226,びわこ,10,準優勝戦,曇り,北東,2,2,5,4,3761,山 本 光 雄,52,26,6.83,4,0.13,,1-5-3,4280,14,1-5,1140,5,1-3-5,1540,5,1-5,690,3,,,,,,,
20260226,びわこ,10,準優勝戦,曇り,北東,2,2,6,6,3950,石 川 哲 秀,64,21,6.79,6,0.13,,1-5-3,4280,14,1-5,1140,5,1-3-5,1540,5,1-5,690,3,,,,,,,
20260226,びわこ,11,準優勝戦,曇り,北,2,2,1,1,5015,高 橋 竜 矢,49,50,6.78,1,0.07,1.47.9,1-2-3,340,1,1-2,220,2,1-2-3,170,1,1-2,240,2,,,,,,,
20260226,びわこ,11,準優勝戦,曇り,北,2,2,2,2,4904,松 本 一 毅,65,11,6.76,2,0.09,1.49.4,1-2-3,340,1,1-2,220,2,1-2-3,170,1,1-2,240,2,,,,,,,
20260226,びわこ,11,準優勝戦,曇り,北,2,2,3,3,4640,山ノ内 雅 人,70,18,6.74,3,0.13,1.51.0,1-2-3,340,1,1-2,220,2,1-2-3,170,1,1-2,240,2,,,,,,,
20260226,びわこ,11,準優勝戦,曇り,北,2,2,4,4,3339,泉 具 巳,27,73,6.80,4,0.13,1.52.9,1-2-3,340,1,1-2,220,2,1-2-3,170,1,1-2,240,2,,,,,,,
20260226,びわこ,11,準優勝戦,曇り,北,2,2,5,6,5012,加 倉 侑 征,36,37,6.76,6,0.13,,1-2-3,340,1,1-2,220,2,1-2-3,170,1,1-2,240,2,,,,,,,
20260226,びわこ,11,準優勝戦,曇り,北,2,2,6,5,3508,久 富 政 弘,68,60,6.85,5,0.17,,1-2-3,340,1,1-2,220,2,1-2-3,170,1,1-2,240,2,,,,,,,
20260226,びわこ,12,準優勝戦,曇り,北東,2,2,1,1,4471,新 田 泰 章,15,39,6.76,1,0.10,1.49.0,1-3-2,560,2,1-3,220,1,1-2-3,190,1,1-3,200,1,,,,,,,
20260226,びわこ,12,準優勝戦,曇り,北東,2,2,2,3,4953,尾 上 雅 也,19,28,6.74,3,0.17,1.50.1,1-3-2,560,2,1-3,220,1,1-2-3,190,1,1-3,200,1,,,,,,,
20260226,びわこ,12,準優勝戦,曇り,北東,2,2,3,2,5280,廣 瀬 凜,18,36,6.84,2,0.09,1.51.9,1-3-2,560,2,1-3,220,1,1-2-3,190,1,1-3,200,1,,,,,,,
20260226,びわこ,12,準優勝戦,曇り,北東,2,2,4,5,4521,小 池 公 生,11,70,6.76,5,0.22,1.52.3,1-3-2,560,2,1-3,220,1,1-2-3,190,1,1-3,200,1,,,,,,,
20260226,びわこ,12,準優勝戦,曇り,北東,2,2,5,4,3679,飯 島 昌 弘,73,14,6.79,4,0.17,,1-3-2,560,2,1-3,220,1,1-2-3,190,1,1-3,200,1,,,,,,,
20260226,びわこ,12,準優勝戦,曇り,北東,2,2,6,6,3872,岡 田 憲 行,33,33,6.91,6,0.15,,1-3-2,560,2,1-3,220,1,1-2-3,190,1,1-3,200,1,,,,,,,
20260226,下関,1,予選,曇り,南西,2,2,1,2,4889,後 藤 盛 也,47,57,6.73,2,0.11,1.48.0,2-4-6,9070,32,2-4,1370,7,2-4-6,2550,9,2-4,870,4,,,,,,,
20260226,下関,1,予選,曇り,南西,2,2,2,4,4553,坪 口 竜 也,29,69,6.76,4,0.28,1.50.1,2-4-6,9070,32,2-4,1370,7,2-4-6,2550,9,2-4,870,4,,,,,,,
20260226,下関,1,予選,曇り,南西,2,2,3,6,5223,森 清 友 翔,56,42,6.77,5,0.41,1.52.0,2-4-6,9070,32,2-4,1370,7,2-4-6,2550,9,2-4,870,4,,,,,,,
20260226,下関,1,予選,曇り,南西,2,2,4,1,3616,中 村 真,28,17,6.75,1,0.24,1.53.3,2-4-6,9070,32,2-4,1370,7,2-4-6,2550,9,2-4,870,4,,,,,,,
20260226,下関,1,予選,曇り,南西,2,2,5,5,5134,大 原 祥 昌,60,43,6.74,6,0.31,,2-4-6,9070,32,2-4,1370,7,2-4-6,2550,9,2-4,870,4,,,,,,,
20260226,下関,1,予選,曇り,南西,2,2,6,3,4486,野 村 誠,41,27,6.80,3,0.23,,2-4-6,9070,32,2-4,1370,7,2-4-6,2550,9,2-4,870,4,,,,,,,
20260226,下関,2,予選,曇り,南西,1,1,1,2,3054,北 川 幸 典,18,71,6.77,2,0.14,1.49.3,2-1-3,3830,10,2-1,1290,4,1-2-3,360,1,1-2,220,1,,,,,,,
20260226,下関,2,予選,曇り,南西,1,1,2,1,4226,村 田 浩 司,30,38,6.77,1,0.15,1.50.7,2-1-3,3830,10,2-1,1290,4,1-2-3,360,1,1-2,220,1,,,,,,,
20260226,下関,2,予選,曇り,南西,1,1,3,3,4821,妻 鳥 晋 也,39,11,6.79,3,0.29,1.51.6,2-1-3,3830,10,2-1,1290,4,1-2-3,360,1,1-2,220,1,,,,,,,
20260226,下関,2,予選,曇り,南西,1,1,4,4,4753,森 照 夫,53,32,6.76,4,0.17,1.52.1,2-1-3,3830,10,2-1,1290,4,1-2-3,360,1,1-2,220,1,,,,,,,
20260226,下関,2,予選,曇り,南西,1,1,5,6,4360,庄 司 孝 輔,11,48,6.75,6,0.24,,2-1-3,3830,10,2-1,1290,4,1-2-3,360,1,1-2,220,1,,,,,,,
20260226,下関,2,予選,曇り,南西,1,1,6,5,4880,澤 崎 雄 哉,20,50,6.80,5,0.23,,2-1-3,3830,10,2-1,1290,4,1-2-3,360,1,1-2,220,1,,,,,,,
20260226,下関,3,予選,曇り,南東,1,1,1,6,3897,白 井 英 治,17,47,6.83,3,0.14,1.48.9,6-5-1,7310,36,6-5,2940,17,1-5-6,900,5,5-6,1120,6,,,,,,,
20260226,下関,3,予選,曇り,南東,1,1,2,5,5289,佃 來 紀,31,21,6.71,2,0.12,1.49.7,6-5-1,7310,36,6-5,2940,17,1-5-6,900,5,5-6,1120,6,,,,,,,
20260226,下関,3,予選,曇り,南東,1,1,3,1,5090,生 方 靖 亜,70,56,6.77,1,0.11,1.50.6,6-5-1,7310,36,6-5,2940,17,1-5-6,900,5,5-6,1120,6,,,,,,,
20260226,下関,3,予選,曇り,南東,1,1,4,2,3955,眞 田 英 二,72,60,6.78,4,0.23,1.51.8,6-5-1,7310,36,6-5,2940,17,1-5-6,900,5,5-6,1120,6,,,,,,,
20260226,下関,3,予選,曇り,南東,1,1,5,4,5210,藤 井 公 人,44,15,6.74,6,0.15,,6-5-1,7310,36,6-5,2940,17,1-5-6,900,5,5-6,1120,6,,,,,,,
20260226,下関,3,予選,曇り,南東,1,1,6,3,4260,中 越 博 紀,67,66,6.78,5,0.17,,6-5-1,7310,36,6-5,2940,17,1-5-6,900,5,5-6,1120,6,,,,,,,
20260226,下関,4,予選,曇り,南,2,2,1,2,4979,中 野 夢 斗,64,29,6.79,2,0.13,1.48.0,2-1-4,11620,33,2-1,2030,8,1-2-4,1520,5,1-2,350,2,,,,,,,
20260226,下関,4,予選,曇り,南,2,2,2,1,4463,三 苫 晃 幸,36,28,6.71,1,0.17,1.50.2,2-1-4,11620,33,2-1,2030,8,1-2-4,1520,5,1-2,350,2,,,,,,,
20260226,下関,4,予選,曇り,南,2,2,3,4,5110,杉 山 喜 一,33,33,6.76,4,0.09,1.51.1,2-1-4,11620,33,2-1,2030,8,1-2-4,1520,5,1-2,350,2,,,,,,,
20260226,下関,4,予選,曇り,南,2,2,4,3,5239,上 野 俊 樹,42,64,6.77,3,0.12,1.51.3,2-1-4,11620,33,2-1,2030,8,1-2-4,1520,5,1-2,350,2,,,,,,,
20260226,下関,4,予選,曇り,南,2,2,5,6,5307,富 永 夏哉人,32,34,6.74,6,0.13,,2-1-4,11620,33,2-1,2030,8,1-2-4,1520,5,1-2,350,2,,,,,,,
20260226,下関,4,予選,曇り,南,2,2,6,5,4262,馬 場 貴 也,13,49,6.72,5,0.08,,2-1-4,11620,33,2-1,2030,8,1-2-4,1520,5,1-2,350,2,,,,,,,
20260226,下関,5,予選,曇り,南,1,1,1,1,4348,宮 崎 奨,48,68,6.73,1,0.10,1.48.7,1-3-6,1630,5,1-3,770,4,1-3-6,910,4,1-3,670,4,,,,,,,
20260226,下関,5,予選,曇り,南,1,1,2,3,3771,折 下 寛 法,21,54,6.79,3,0.11,1.49.4,1-3-6,1630,5,1-3,770,4,1-3-6,910,4,1-3,670,4,,,,,,,
20260226,下関,5,予選,曇り,南,1,1,3,6,4719,上 條 暢 嵩,12,39,6.74,6,0.12,1.50.8,1-3-6,1630,5,1-3,770,4,1-3-6,910,4,1-3,670,4,,,,,,,
20260226,下関,5,予選,曇り,南,1,1,4,2,5004,河 野 主 樹,37,44,6.79,2,0.11,1.52.1,1-3-6,1630,5,1-3,770,4,1-3-6,910,4,1-3,670,4,,,,,,,
20260226,下関,5,予選,曇り,南,1,1,5,5,4180,上 野 秀 和,34,65,6.78,5,0.12,,1-3-6,1630,5,1-3,770,4,1-3-6,910,4,1-3,670,4,,,,,,,
20260226,下関,5,予選,曇り,南,1,1,6,4,4215,吉 島 祥 之,63,18,6.79,4,0.20,,1-3-6,1630,5,1-3,770,4,1-3-6,910,4,1-3,670,4,,,,,,,
20260226,下関,6,予選,曇り,南東,1,1,1,4,4619,伏 田 裕 隆,71,25,6.64,6,0.07,1.49.1,4-3-1,6610,25,4-3,1810,8,1-3-4,1460,5,3-4,1200,5,,,,,,,
20260226,下関,6,予選,曇り,南東,1,1,2,3,4350,篠 崎 元 志,19,35,6.76,2,0.14,1.50.0,4-3-1,6610,25,4-3,1810,8,1-3-4,1460,5,3-4,1200,5,,,,,,,
20260226,下関,6,予選,曇り,南東,1,1,3,1,5082,一 色 凌 雅,23,51,6.75,3,0.14,1.50.7,4-3-1,6610,25,4-3,1810,8,1-3-4,1460,5,3-4,1200,5,,,,,,,
20260226,下関,6,予選,曇り,南東,1,1,4,2,3779,原 田 幸 哉,25,26,6.79,1,0.08,1.53.3,4-3-1,6610,25,4-3,1810,8,1-3-4,1460,5,3-4,1200,5,,,,,,,
20260226,下関,6,予選,曇り,南東,1,1,5,6,4435,服 部 達 哉,62,40,6.72,5,0.12,,4-3-1,6610,25,4-3,1810,8,1-3-4,1460,5,3-4,1200,5,,,,,,,
20260226,下関,6,予選,曇り,南東,1,1,6,5,3616,中 村 真,28,17,6.82,4,0.20,,4-3-1,6610,25,4-3,1810,8,1-3-4,1460,5,3-4,1200,5,,,,,,,
20260226,下関,7,予選,曇り,南東,1,1,1,1,5289,佃 來 紀,31,21,6.73,1,0.09,1.47.7,1-3-4,1840,7,1-3,820,4,1-3-4,700,4,1-3,680,4,,,,,,,
20260226,下関,7,予選,曇り,南東,1,1,2,3,4753,森 照 夫,53,32,6.82,3,0.12,1.49.8,1-3-4,1840,7,1-3,820,4,1-3-4,700,4,1-3,680,4,,,,,,,
20260226,下関,7,予選,曇り,南東,1,1,3,4,5018,竹 下 大 樹,49,58,6.73,4,0.11,1.51.3,1-3-4,1840,7,1-3,820,4,1-3-4,700,4,1-3,680,4,,,,,,,
20260226,下関,7,予選,曇り,南東,1,1,4,6,4871,菊 池 宏 志,57,59,6.80,6,0.11,1.53.0,1-3-4,1840,7,1-3,820,4,1-3-4,700,4,1-3,680,4,,,,,,,
20260226,下関,7,予選,曇り,南東,1,1,5,2,4792,杉 村 賢 也,65,22,6.77,2,0.13,,1-3-4,1840,7,1-3,820,4,1-3-4,700,4,1-3,680,4,,,,,,,
20260226,下関,7,予選,曇り,南東,1,1,6,5,4118,宇佐見 淳,51,41,6.78,5,0.11,,1-3-4,1840,7,1-3,820,4,1-3-4,700,4,1-3,680,4,,,,,,,
20260226,下関,8,予選,曇り,東,1,1,1,4,4204,柴 田 大 輔,59,23,6.76,4,0.07,1.49.4,4-5-1,92100,95,4-5,16040,23,1-4-5,3540,12,4-5,10150,14,,,,,,,
20260226,下関,8,予選,曇り,東,1,1,2,5,4463,三 苫 晃 幸,36,28,6.74,5,0.06,1.50.2,4-5-1,92100,95,4-5,16040,23,1-4-5,3540,12,4-5,10150,14,,,,,,,
20260226,下関,8,予選,曇り,東,1,1,3,1,5134,大 原 祥 昌,60,43,6.77,1,0.08,1.51.3,4-5-1,92100,95,4-5,16040,23,1-4-5,3540,12,4-5,10150,14,,,,,,,
20260226,下関,8,予選,曇り,東,1,1,4,2,4497,桑 原 悠,54,45,6.82,2,0.17,1.52.9,4-5-1,92100,95,4-5,16040,23,1-4-5,3540,12,4-5,10150,14,,,,,,,
20260226,下関,8,予選,曇り,東,1,1,5,3,4061,萩 原 秀 人,52,73,6.75,3,0.21,,4-5-1,92100,95,4-5,16040,23,1-4-5,3540,12,4-5,10150,14,,,,,,,
20260226,下関,8,予選,曇り,東,1,1,6,6,3907,村 越 篤,14,61,6.72,6,0.10,,4-5-1,92100,95,4-5,16040,23,1-4-5,3540,12,4-5,10150,14,,,,,,,
20260226,下関,9,予選,曇り,南東,1,1,1,2,5210,藤 井 公 人,44,15,6.75,2,0.17,1.48.7,2-1-3,36710,38,2-1,7410,12,1-2-3,530,3,1-2,590,4,,,,,,,
20260226,下関,9,予選,曇り,南東,1,1,2,1,5121,定 松 勇 樹,43,36,6.75,1,0.16,1.49.6,2-1-3,36710,38,2-1,7410,12,1-2-3,530,3,1-2,590,4,,,,,,,
20260226,下関,9,予選,曇り,南東,1,1,3,3,4889,後 藤 盛 也,47,57,6.75,3,0.12,1.50.4,2-1-3,36710,38,2-1,7410,12,1-2-3,530,3,1-2,590,4,,,,,,,
20260226,下関,9,予選,曇り,南東,1,1,4,5,4587,木 田 峰由季,68,70,6.79,5,0.12,1.52.0,2-1-3,36710,38,2-1,7410,12,1-2-3,530,3,1-2,590,4,,,,,,,
20260226,下関,9,予選,曇り,南東,1,1,5,4,4180,上 野 秀 和,34,65,6.79,4,0.10,,2-1-3,36710,38,2-1,7410,12,1-2-3,530,3,1-2,590,4,,,,,,,
20260226,下関,9,予選,曇り,南東,1,1,6,6,3054,北 川 幸 典,18,71,6.78,6,0.15,,2-1-3,36710,38,2-1,7410,12,1-2-3,530,3,1-2,590,4,,,,,,,
20260226,下関,10,予選特賞,曇り,南東,1,1,1,2,4226,村 田 浩 司,30,38,6.84,1,0.09,1.49.3,2-3-1,8900,42,2-3,1670,7,1-2-3,1400,7,2-3,760,4,,,,,,,
20260226,下関,10,予選特賞,曇り,南東,1,1,2,3,5223,森 清 友 翔,56,42,6.74,2,0.13,1.50.1,2-3-1,8900,42,2-3,1670,7,1-2-3,1400,7,2-3,760,4,,,,,,,
20260226,下関,10,予選特賞,曇り,南東,1,1,3,1,4619,伏 田 裕 隆,71,25,6.62,6,0.16,1.52.0,2-3-1,8900,42,2-3,1670,7,1-2-3,1400,7,2-3,760,4,,,,,,,
20260226,下関,10,予選特賞,曇り,南東,1,1,4,4,4348,宮 崎 奨,48,68,6.81,4,0.13,1.53.0,2-3-1,8900,42,2-3,1670,7,1-2-3,1400,7,2-3,760,4,,,,,,,
20260226,下関,10,予選特賞,曇り,南東,1,1,5,6,4979,中 野 夢 斗,64,29,6.83,3,0.12,,2-3-1,8900,42,2-3,1670,7,1-2-3,1400,7,2-3,760,4,,,,,,,
20260226,下関,10,予選特賞,曇り,南東,1,1,6,5,3955,眞 田 英 二,72,60,6.85,5,0.15,,2-3-1,8900,42,2-3,1670,7,1-2-3,1400,7,2-3,760,4,,,,,,,
20260226,下関,11,予選特選,曇り,東,2,2,1,2,3897,白 井 英 治,17,47,6.80,2,0.16,1.47.5,2-1-3,2140,9,2-1,540,2,1-2-3,340,2,1-2,170,1,,,,,,,
20260226,下関,11,予選特選,曇り,東,2,2,2,1,4118,宇佐見 淳,51,41,6.76,1,0.14,1.49.9,2-1-3,2140,9,2-1,540,2,1-2-3,340,2,1-2,170,1,,,,,,,
20260226,下関,11,予選特選,曇り,東,2,2,3,3,4360,庄 司 孝 輔,11,48,6.71,3,0.12,1.51.4,2-1-3,2140,9,2-1,540,2,1-2-3,340,2,1-2,170,1,,,,,,,
20260226,下関,11,予選特選,曇り,東,2,2,4,6,5239,上 野 俊 樹,42,64,6.79,6,0.19,1.51.5,2-1-3,2140,9,2-1,540,2,1-2-3,340,2,1-2,170,1,,,,,,,
20260226,下関,11,予選特選,曇り,東,2,2,5,4,5082,一 色 凌 雅,23,51,6.73,5,0.12,,2-1-3,2140,9,2-1,540,2,1-2-3,340,2,1-2,170,1,,,,,,,
20260226,下関,11,予選特選,曇り,東,2,2,6,5,4553,坪 口 竜 也,29,69,6.78,4,0.17,,2-1-3,2140,9,2-1,540,2,1-2-3,340,2,1-2,170,1,,,,,,,
20260226,下関,12,ドリーム戦,曇り,北東,2,2,1,4,4061,萩 原 秀 人,52,73,6.78,4,0.11,1.47.3,4-2-1,19890,38,4-2,7250,14,1-2-4,350,2,2-4,1500,4,,,,,,,
20260226,下関,12,ドリーム戦,曇り,北東,2,2,2,2,4719,上 條 暢 嵩,12,39,6.77,2,0.11,1.48.4,4-2-1,19890,38,4-2,7250,14,1-2-4,350,2,2-4,1500,4,,,,,,,
20260226,下関,12,ドリーム戦,曇り,北東,2,2,3,1,4262,馬 場 貴 也,13,49,6.75,1,0.21,1.51.0,4-2-1,19890,38,4-2,7250,14,1-2-4,350,2,2-4,1500,4,,,,,,,
20260226,下関,12,ドリーム戦,曇り,北東,2,2,4,3,3779,原 田 幸 哉,25,26,6.76,3,0.11,1.51.5,4-2-1,19890,38,4-2,7250,14,1-2-4,350,2,2-4,1500,4,,,,,,,
20260226,下関,12,ドリーム戦,曇り,北東,2,2,5,5,5018,竹 下 大 樹,49,58,6.72,5,0.11,,4-2-1,19890,38,4-2,7250,14,1-2-4,350,2,2-4,1500,4,,,,,,,
20260226,下関,12,ドリーム戦,曇り,北東,2,2,6,6,4260,中 越 博 紀,67,66,6.78,6,0.14,,4-2-1,19890,38,4-2,7250,14,1-2-4,350,2,2-4,1500,4,,,,,,,
20260226,丸亀,1,一般,曇り,北,2,2,1,3,3566,川 添 英 正,25,35,6.77,3,0.15,1.50.5,3-2-6,43960,84,3-2,7100,17,2-3-6,9570,18,2-3,2130,7,,,,,,,
20260226,丸亀,1,一般,曇り,北,2,2,2,2,3647,伊 藤 雄 二,46,59,6.80,2,0.16,1.51.8,3-2-6,43960,84,3-2,7100,17,2-3-6,9570,18,2-3,2130,7,,,,,,,
20260226,丸亀,1,一般,曇り,北,2,2,3,6,5379,廣 部 大 明,52,21,6.62,6,0.15,1.52.6,3-2-6,43960,84,3-2,7100,17,2-3-6,9570,18,2-3,2130,7,,,,,,,
20260226,丸亀,1,一般,曇り,北,2,2,4,1,3643,米 田 隆 弘,61,66,6.78,1,0.20,1.53.4,3-2-6,43960,84,3-2,7100,17,2-3-6,9570,18,2-3,2130,7,,,,,,,
20260226,丸亀,1,一般,曇り,北,2,2,5,5,4442,松 竹 大 輔,50,8,6.69,5,0.18,1.54.9,3-2-6,43960,84,3-2,7100,17,2-3-6,9570,18,2-3,2130,7,,,,,,,
20260226,丸亀,1,一般,曇り,北,2,2,6,4,4034,西 原 明 生,17,60,6.79,4,0.21,1.55.2,3-2-6,43960,84,3-2,7100,17,2-3-6,9570,18,2-3,2130,7,,,,,,,
20260226,丸亀,2,一般,晴,北,3,3,1,1,4258,関 根 彰 人,57,44,6.77,1,0.11,1.49.6,1-4-3,1450,6,1-4,620,3,1-3-4,300,2,1-4,420,2,,,,,,,
20260226,丸亀,2,一般,晴,北,3,3,2,4,5014,梶 山 涼 斗,12,31,6.75,4,0.08,1.50.6,1-4-3,1450,6,1-4,620,3,1-3-4,300,2,1-4,420,2,,,,,,,
20260226,丸亀,2,一般,晴,北,3,3,3,3,4416,三 宅 健 太,11,51,6.73,3,0.10,1.52.8,1-4-3,1450,6,1-4,620,3,1-3-4,300,2,1-4,420,2,,,,,,,
20260226,丸亀,2,一般,晴,北,3,3,4,2,5000,岡 本 翔太郎,62,25,6.73,2,0.10,1.53.0,1-4-3,1450,6,1-4,620,3,1-3-4,300,2,1-4,420,2,,,,,,,
20260226,丸亀,2,一般,晴,北,3,3,5,5,3848,川 上 聡 介,40,2,6.76,5,0.12,1.55.3,1-4-3,1450,6,1-4,620,3,1-3-4,300,2,1-4,420,2,,,,,,,
20260226,丸亀,2,一般,晴,北,3,3,6,6,5429,吉 川 颯 汰,21,56,6.81,6,0.13,1.56.9,1-4-3,1450,6,1-4,620,3,1-3-4,300,2,1-4,420,2,,,,,,,
20260226,丸亀,3,一般,晴,北,2,2,1,1,4216,星 栄 爾,43,48,6.81,1,0.12,1.49.9,1-2-6,1070,4,1-2,300,2,1-2-6,570,3,1-2,260,2,,,,,,,
20260226,丸亀,3,一般,晴,北,2,2,2,2,5214,田 中 宏 典,44,36,6.90,2,0.19,1.51.3,1-2-6,1070,4,1-2,300,2,1-2-6,570,3,1-2,260,2,,,,,,,
20260226,丸亀,3,一般,晴,北,2,2,3,6,4574,東 潤 樹,54,30,6.81,5,0.26,1.52.7,1-2-6,1070,4,1-2,300,2,1-2-6,570,3,1-2,260,2,,,,,,,
20260226,丸亀,3,一般,晴,北,2,2,4,3,3805,高 橋 英 之,66,41,6.81,3,0.18,1.53.3,1-2-6,1070,4,1-2,300,2,1-2-6,570,3,1-2,260,2,,,,,,,
20260226,丸亀,3,一般,晴,北,2,2,5,4,4813,宮 内 直 哉,31,27,6.87,4,0.25,1.55.1,1-2-6,1070,4,1-2,300,2,1-2-6,570,3,1-2,260,2,,,,,,,
20260226,丸亀,3,一般,晴,北,2,2,6,5,5404,内 田 壮,5,3,6.82,6,0.21,1.55.6,1-2-6,1070,4,1-2,300,2,1-2-6,570,3,1-2,260,2,,,,,,,
20260226,丸亀,4,一般,晴,北,3,3,1,6,4568,廣 瀬 真 也,23,55,6.75,6,0.13,1.50.5,6-1-4,59480,83,6-1,8350,16,1-4-6,1910,6,1-6,1260,4,,,,,,,
20260226,丸亀,4,一般,晴,北,3,3,2,1,4705,吉 川 勇 作,48,58,6.76,1,0.14,1.52.0,6-1-4,59480,83,6-1,8350,16,1-4-6,1910,6,1-6,1260,4,,,,,,,
20260226,丸亀,4,一般,晴,北,3,3,3,4,4969,町 田 洸 希,27,50,6.77,4,0.23,1.53.2,6-1-4,59480,83,6-1,8350,16,1-4-6,1910,6,1-6,1260,4,,,,,,,
20260226,丸亀,4,一般,晴,北,3,3,4,2,3710,吉 永 泰 弘,1,26,6.77,2,0.16,1.53.8,6-1-4,59480,83,6-1,8350,16,1-4-6,1910,6,1-6,1260,4,,,,,,,
20260226,丸亀,4,一般,晴,北,3,3,5,3,4839,四 宮 与 寛,63,20,6.80,3,0.14,1.54.3,6-1-4,59480,83,6-1,8350,16,1-4-6,1910,6,1-6,1260,4,,,,,,,
20260226,丸亀,4,一般,晴,北,3,3,6,5,4143,浦 田 晃 嗣,49,46,6.79,5,0.21,1.57.6,6-1-4,59480,83,6-1,8350,16,1-4-6,1910,6,1-6,1260,4,,,,,,,
20260226,丸亀,5,一般,晴,東,2,2,1,1,3987,後 藤 正 宗,32,23,6.70,1,0.07,1.49.9,1-3-4,2410,8,1-3,670,2,1-3-4,1380,5,1-3,640,3,,,,,,,
20260226,丸亀,5,一般,晴,東,2,2,2,3,4487,三 原 司,15,45,6.82,3,0.11,1.50.9,1-3-4,2410,8,1-3,670,2,1-3-4,1380,5,1-3,640,3,,,,,,,
20260226,丸亀,5,一般,晴,東,2,2,3,4,3566,川 添 英 正,25,35,6.78,4,0.12,1.52.8,1-3-4,2410,8,1-3,670,2,1-3-4,1380,5,1-3,640,3,,,,,,,
20260226,丸亀,5,一般,晴,東,2,2,4,5,3647,伊 藤 雄 二,46,59,6.86,5,0.18,1.53.5,1-3-4,2410,8,1-3,670,2,1-3-4,1380,5,1-3,640,3,,,,,,,
20260226,丸亀,5,一般,晴,東,2,2,5,2,3944,山 口 裕 二,56,1,6.80,2,0.08,1.53.6,1-3-4,2410,8,1-3,670,2,1-3-4,1380,5,1-3,640,3,,,,,,,
20260226,丸亀,5,一般,晴,東,2,2,6,6,3711,江 本 真 治,39,40,6.84,6,0.13,1.55.2,1-3-4,2410,8,1-3,670,2,1-3-4,1380,5,1-3,640,3,,,,,,,
20260226,丸亀,6,かけうどん６,晴,南東,3,3,1,5,3574,大 神 康 司,3,24,6.97,2,0.22,1.49.5,5-3-4,6240,28,5-3,2770,13,3-4-5,750,3,3-5,1000,6,,,,,,,
20260226,丸亀,6,かけうどん６,晴,南東,3,3,2,3,5014,梶 山 涼 斗,12,31,6.85,4,0.17,1.51.0,5-3-4,6240,28,5-3,2770,13,3-4-5,750,3,3-5,1000,6,,,,,,,
20260226,丸亀,6,かけうどん６,晴,南東,3,3,3,4,4236,松 村 敏,41,29,6.91,5,0.15,1.52.5,5-3-4,6240,28,5-3,2770,13,3-4-5,750,3,3-5,1000,6,,,,,,,
20260226,丸亀,6,かけうどん６,晴,南東,3,3,4,6,4258,関 根 彰 人,57,44,6.92,6,0.19,1.53.7,5-3-4,6240,28,5-3,2770,13,3-4-5,750,3,3-5,1000,6,,,,,,,
20260226,丸亀,6,かけうどん６,晴,南東,3,3,5,1,3303,渡 辺 豊,13,64,6.94,1,0.55,1.54.2,5-3-4,6240,28,5-3,2770,13,3-4-5,750,3,3-5,1000,6,,,,,,,
20260226,丸亀,6,かけうどん６,晴,南東,3,3,6,2,4139,丹 下 健,10,18,6.96,3,0.22,1.57.0,5-3-4,6240,28,5-3,2770,13,3-4-5,750,3,3-5,1000,6,,,,,,,
20260226,丸亀,7,ざるうどん７,晴,東,2,2,1,2,4739,中 村 晃 朋,14,43,6.82,2,0.20,1.49.5,2-1-3,1270,5,2-1,500,2,1-2-3,200,1,1-2,120,1,,,,,,,
20260226,丸亀,7,ざるうどん７,晴,東,2,2,2,1,4677,片 橋 幸 貴,26,11,6.86,1,0.13,1.50.6,2-1-3,1270,5,2-1,500,2,1-2-3,200,1,1-2,120,1,,,,,,,
20260226,丸亀,7,ざるうどん７,晴,東,2,2,3,3,5214,田 中 宏 典,44,36,6.94,3,0.18,1.52.3,2-1-3,1270,5,2-1,500,2,1-2-3,200,1,1-2,120,1,,,,,,,
20260226,丸亀,7,ざるうどん７,晴,東,2,2,4,4,3643,米 田 隆 弘,61,66,6.98,4,0.24,1.54.7,2-1-3,1270,5,2-1,500,2,1-2-3,200,1,1-2,120,1,,,,,,,
20260226,丸亀,7,ざるうどん７,晴,東,2,2,5,5,4813,宮 内 直 哉,31,27,6.88,5,0.23,1.54.7,2-1-3,1270,5,2-1,500,2,1-2-3,200,1,1-2,120,1,,,,,,,
20260226,丸亀,7,ざるうどん７,晴,東,2,2,6,6,4583,古 田 祐 貴,38,17,6.93,6,0.27,1.58.0,2-1-3,1270,5,2-1,500,2,1-2-3,200,1,1-2,120,1,,,,,,,
20260226,丸亀,8,釜揚げ８ 進入固定,晴,東,2,2,1,1,3746,岡 瀬 正 人,7,53,6.80,1,0.16,1.49.6,1-4-2,1180,4,1-4,840,4,1-2-4,360,2,1-4,440,3,,,,,,,
20260226,丸亀,8,釜揚げ８ 進入固定,晴,東,2,2,2,4,3848,川 上 聡 介,40,2,6.96,4,0.12,1.50.8,1-4-2,1180,4,1-4,840,4,1-2-4,360,2,1-4,440,3,,,,,,,
20260226,丸亀,8,釜揚げ８ 進入固定,晴,東,2,2,3,2,4568,廣 瀬 真 也,23,55,6.81,2,0.12,1.51.0,1-4-2,1180,4,1-4,840,4,1-2-4,360,2,1-4,440,3,,,,,,,
20260226,丸亀,8,釜揚げ８ 進入固定,晴,東,2,2,4,5,4034,西 原 明 生,17,60,6.87,5,0.19,1.53.7,1-4-2,1180,4,1-4,840,4,1-2-4,360,2,1-4,440,3,,,,,,,
20260226,丸亀,8,釜揚げ８ 進入固定,晴,東,2,2,5,6,5404,内 田 壮,5,3,6.89,6,0.17,1.57.0,1-4-2,1180,4,1-4,840,4,1-2-4,360,2,1-4,440,3,,,,,,,
20260226,丸亀,8,釜揚げ８ 進入固定,晴,東,2,2,S0,3,4969,町 田 洸 希,27,50,6.83,3,0.21,,1-4-2,1180,4,1-4,840,4,1-2-4,360,2,1-4,440,3,,,,,,,
20260226,丸亀,9,ウチまる選抜,晴,東,2,2,1,1,3805,高 橋 英 之,66,41,6.78,1,0.12,1.49.8,1-3-2,840,2,1-3,250,1,1-2-3,420,2,1-3,110,1,,,,,,,
20260226,丸亀,9,ウチまる選抜,晴,東,2,2,2,3,4574,東 潤 樹,54,30,6.88,3,0.08,1.50.0,1-3-2,840,2,1-3,250,1,1-2-3,420,2,1-3,110,1,,,,,,,
20260226,丸亀,9,ウチまる選抜,晴,東,2,2,3,2,4143,浦 田 晃 嗣,49,46,6.84,2,0.16,1.53.0,1-3-2,840,2,1-3,250,1,1-2-3,420,2,1-3,110,1,,,,,,,
20260226,丸亀,9,ウチまる選抜,晴,東,2,2,4,5,5000,岡 本 翔太郎,62,25,6.79,5,0.17,1.53.4,1-3-2,840,2,1-3,250,1,1-2-3,420,2,1-3,110,1,,,,,,,
20260226,丸亀,9,ウチまる選抜,晴,東,2,2,5,6,4416,三 宅 健 太,11,51,6.84,6,0.32,1.55.0,1-3-2,840,2,1-3,250,1,1-2-3,420,2,1-3,110,1,,,,,,,
20260226,丸亀,9,ウチまる選抜,晴,東,2,2,6,4,4487,三 原 司,15,45,6.88,4,0.24,1.55.1,1-3-2,840,2,1-3,250,1,1-2-3,420,2,1-3,110,1,,,,,,,
20260226,丸亀,10,特別選抜戦,晴,東,1,1,1,1,3711,江 本 真 治,39,40,6.79,1,0.07,1.49.6,1-3-4,830,3,1-3,250,1,1-3-4,460,2,1-3,180,1,,,,,,,
20260226,丸亀,10,特別選抜戦,晴,東,1,1,2,3,4236,松 村 敏,41,29,6.74,3,0.02,1.50.5,1-3-4,830,3,1-3,250,1,1-3-4,460,2,1-3,180,1,,,,,,,
20260226,丸亀,10,特別選抜戦,晴,東,1,1,3,4,4216,星 栄 爾,43,48,6.81,4,0.04,1.51.9,1-3-4,830,3,1-3,250,1,1-3-4,460,2,1-3,180,1,,,,,,,
20260226,丸亀,10,特別選抜戦,晴,東,1,1,4,2,4677,片 橋 幸 貴,26,11,6.83,2,0.09,1.53.1,1-3-4,830,3,1-3,250,1,1-3-4,460,2,1-3,180,1,,,,,,,
20260226,丸亀,10,特別選抜戦,晴,東,1,1,5,5,3944,山 口 裕 二,56,1,6.86,5,0.12,1.54.6,1-3-4,830,3,1-3,250,1,1-3-4,460,2,1-3,180,1,,,,,,,
20260226,丸亀,10,特別選抜戦,晴,東,1,1,6,6,4705,吉 川 勇 作,48,58,6.87,6,0.13,1.56.1,1-3-4,830,3,1-3,250,1,1-3-4,460,2,1-3,180,1,,,,,,,
20260226,丸亀,11,特別選抜戦,晴,南東,1,1,1,1,3574,大 神 康 司,3,24,6.83,1,0.17,1.49.5,1-3-2,1460,3,1-3,430,2,1-2-3,360,1,1-3,420,2,,,,,,,
20260226,丸亀,11,特別選抜戦,晴,南東,1,1,2,3,3746,岡 瀬 正 人,7,53,6.89,4,0.26,1.51.0,1-3-2,1460,3,1-3,430,2,1-2-3,360,1,1-3,420,2,,,,,,,
20260226,丸亀,11,特別選抜戦,晴,南東,1,1,3,2,3987,後 藤 正 宗,32,23,6.79,3,0.23,1.51.6,1-3-2,1460,3,1-3,430,2,1-2-3,360,1,1-3,420,2,,,,,,,
20260226,丸亀,11,特別選抜戦,晴,南東,1,1,4,5,4739,中 村 晃 朋,14,43,6.80,6,0.25,1.51.6,1-3-2,1460,3,1-3,430,2,1-2-3,360,1,1-3,420,2,,,,,,,
20260226,丸亀,11,特別選抜戦,晴,南東,1,1,5,6,3303,渡 辺 豊,13,64,6.80,2,0.19,1.53.5,1-3-2,1460,3,1-3,430,2,1-2-3,360,1,1-3,420,2,,,,,,,
20260226,丸亀,11,特別選抜戦,晴,南東,1,1,6,4,4839,四 宮 与 寛,63,20,6.93,5,0.21,1.54.7,1-3-2,1460,3,1-3,430,2,1-2-3,360,1,1-3,420,2,,,,,,,
20260226,丸亀,12,優勝戦,晴,北,1,1,1,1,3849,中 岡 正 彦,60,47,6.67,1,0.13,1.48.0,1-2-3,710,1,1-2,300,1,1-2-3,360,1,1-2,210,1,,,,,,,
20260226,丸亀,12,優勝戦,晴,北,1,1,2,2,5087,佐 藤 航,45,19,6.74,2,0.12,1.49.5,1-2-3,710,1,1-2,300,1,1-2-3,360,1,1-2,210,1,,,,,,,
20260226,丸亀,12,優勝戦,晴,北,1,1,3,3,4042,丸 岡 正 典,58,15,6.74,3,0.12,1.51.0,1-2-3,710,1,1-2,300,1,1-2-3,360,1,1-2,210,1,,,,,,,
20260226,丸亀,12,優勝戦,晴,北,1,1,4,4,4237,大 峯 豊,28,12,6.75,4,0.19,1.51.8,1-2-3,710,1,1-2,300,1,1-2-3,360,1,1-2,210,1,,,,,,,
20260226,丸亀,12,優勝戦,晴,北,1,1,5,6,4539,金 子 賢 志,29,7,6.68,6,0.19,1.53.4,1-2-3,710,1,1-2,300,1,1-2-3,360,1,1-2,210,1,,,,,,,
20260226,丸亀,12,優勝戦,晴,北,1,1,6,5,4188,久 田 敏 之,37,16,6.77,5,0.19,1.55.0,1-2-3,710,1,1-2,300,1,1-2-3,360,1,1-2,210,1,,,,,,,
20260226,住之江,1,予選,曇り,北東,1,1,1,1,3977,山 本 兼 士,39,77,6.85,1,0.14,1.50.3,1-4-2,2140,7,1-4,880,4,1-2-4,390,2,1-4,910,4,,,,,,,
20260226,住之江,1,予選,曇り,北東,1,1,2,4,3982,福 田 理,27,15,6.87,4,0.18,1.51.3,1-4-2,2140,7,1-4,880,4,1-2-4,390,2,1-4,910,4,,,,,,,
20260226,住之江,1,予選,曇り,北東,1,1,3,2,5064,品 川 二千翔,90,51,6.89,2,0.20,1.52.2,1-4-2,2140,7,1-4,880,4,1-2-4,390,2,1-4,910,4,,,,,,,
20260226,住之江,1,予選,曇り,北東,1,1,4,6,4581,吉 村 誠,64,24,6.83,5,0.13,1.52.4,1-4-2,2140,7,1-4,880,4,1-2-4,390,2,1-4,910,4,,,,,,,
20260226,住之江,1,予選,曇り,北東,1,1,5,3,5176,石 倉 拓 美,18,86,6.94,3,0.22,1.55.5,1-4-2,2140,7,1-4,880,4,1-2-4,390,2,1-4,910,4,,,,,,,
20260226,住之江,1,予選,曇り,北東,1,1,6,5,5432,安 藤 瑠 希,12,38,6.92,6,0.27,1.56.1,1-4-2,2140,7,1-4,880,4,1-2-4,390,2,1-4,910,4,,,,,,,
20260226,住之江,2,予選,曇り,北,2,1,1,1,4109,谷 津 幸 宏,57,64,6.92,1,0.08,1.48.9,1-2-3,770,3,1-2,250,1,1-2-3,400,3,1-2,330,2,,,,,,,
20260226,住之江,2,予選,曇り,北,2,1,2,2,5032,谷 口 知 優,60,58,6.85,2,0.08,1.50.2,1-2-3,770,3,1-2,250,1,1-2-3,400,3,1-2,330,2,,,,,,,
20260226,住之江,2,予選,曇り,北,2,1,3,3,3664,鈴 木 賢 一,86,27,6.86,3,0.06,1.52.6,1-2-3,770,3,1-2,250,1,1-2-3,400,3,1-2,330,2,,,,,,,
20260226,住之江,2,予選,曇り,北,2,1,4,6,3990,芹 澤 克 彦,80,65,6.89,4,0.04,1.53.2,1-2-3,770,3,1-2,250,1,1-2-3,400,3,1-2,330,2,,,,,,,
20260226,住之江,2,予選,曇り,北,2,1,5,5,5096,上 原 崚,29,63,6.93,6,0.10,1.54.8,1-2-3,770,3,1-2,250,1,1-2-3,400,3,1-2,330,2,,,,,,,
20260226,住之江,2,予選,曇り,北,2,1,6,4,4708,半 田 尚 也,37,55,6.95,5,0.13,1.55.0,1-2-3,770,3,1-2,250,1,1-2-3,400,3,1-2,330,2,,,,,,,
20260226,住之江,3,予選,曇り,北東,2,1,1,1,4389,伊 藤 喜 智,35,37,6.91,1,0.15,1.49.8,1-5-2,950,1,1-5,400,1,1-2-5,360,1,1-5,310,1,,,,,,,
20260226,住之江,3,予選,曇り,北東,2,1,2,5,4357,田 中 和 也,87,62,6.89,2,0.20,1.51.2,1-5-2,950,1,1-5,400,1,1-2-5,360,1,1-5,310,1,,,,,,,
20260226,住之江,3,予選,曇り,北東,2,1,3,2,4649,和 田 操 拓,38,53,6.86,3,0.10,1.52.8,1-5-2,950,1,1-5,400,1,1-2-5,360,1,1-5,310,1,,,,,,,
20260226,住之江,3,予選,曇り,北東,2,1,4,6,3563,堤 昇,14,78,6.90,5,0.11,1.53.9,1-5-2,950,1,1-5,400,1,1-2-5,360,1,1-5,310,1,,,,,,,
20260226,住之江,3,予選,曇り,北東,2,1,5,4,4550,石 岡 将 太,36,83,6.87,4,0.12,1.54.3,1-5-2,950,1,1-5,400,1,1-2-5,360,1,1-5,310,1,,,,,,,
20260226,住之江,3,予選,曇り,北東,2,1,6,3,3857,阿 波 勝 哉,28,88,6.99,6,0.24,1.57.8,1-5-2,950,1,1-5,400,1,1-2-5,360,1,1-5,310,1,,,,,,,
20260226,住之江,4,予選,曇り,無風,0,1,1,1,4600,井 内 将太郎,11,81,6.81,1,0.18,1.48.4,1-2-6,810,3,1-2,180,1,1-2-6,530,2,1-2,100,1,,,,,,,
20260226,住之江,4,予選,曇り,無風,0,1,2,2,5298,水 谷 理 人,56,76,6.83,2,0.20,1.49.8,1-2-6,810,3,1-2,180,1,1-2-6,530,2,1-2,100,1,,,,,,,
20260226,住之江,4,予選,曇り,無風,0,1,3,6,4865,立 具 敬 司,89,39,6.88,6,0.20,1.52.1,1-2-6,810,3,1-2,180,1,1-2-6,530,2,1-2,100,1,,,,,,,
20260226,住之江,4,予選,曇り,無風,0,1,4,3,4723,寺 島 吉 彦,74,13,6.88,3,0.26,1.53.2,1-2-6,810,3,1-2,180,1,1-2-6,530,2,1-2,100,1,,,,,,,
20260226,住之江,4,予選,曇り,無風,0,1,5,5,5242,高 山 弘 斗,69,66,6.93,5,0.21,1.54.4,1-2-6,810,3,1-2,180,1,1-2-6,530,2,1-2,100,1,,,,,,,
20260226,住之江,4,予選,曇り,無風,0,1,6,4,5400,高 村 諒,16,72,6.95,4,0.16,1.54.6,1-2-6,810,3,1-2,180,1,1-2-6,530,2,1-2,100,1,,,,,,,
20260226,住之江,5,住之江ファイ,曇り,無風,0,1,1,1,4193,郷 原 章 平,22,56,6.89,1,0.14,1.49.0,1-3-6,650,3,1-3,350,2,1-3-6,340,2,1-3,410,2,,,,,,,
20260226,住之江,5,住之江ファイ,曇り,無風,0,1,2,3,5316,村 松 将 平,24,54,6.86,3,0.11,1.50.3,1-3-6,650,3,1-3,350,2,1-3-6,340,2,1-3,410,2,,,,,,,
20260226,住之江,5,住之江ファイ,曇り,無風,0,1,3,6,3737,上 平 真 二,20,61,6.85,6,0.12,1.51.7,1-3-6,650,3,1-3,350,2,1-3-6,340,2,1-3,410,2,,,,,,,
20260226,住之江,5,住之江ファイ,曇り,無風,0,1,4,2,5269,山 口 晃 朋,32,80,6.84,2,0.14,1.53.1,1-3-6,650,3,1-3,350,2,1-3-6,340,2,1-3,410,2,,,,,,,
20260226,住之江,5,住之江ファイ,曇り,無風,0,1,5,4,3742,宮 地 秀 祈,84,79,6.97,4,0.11,1.54.7,1-3-6,650,3,1-3,350,2,1-3-6,340,2,1-3,410,2,,,,,,,
20260226,住之江,5,住之江ファイ,曇り,無風,0,1,6,5,5176,石 倉 拓 美,18,86,6.90,5,0.07,1.56.5,1-3-6,650,3,1-3,350,2,1-3-6,340,2,1-3,410,2,,,,,,,
20260226,住之江,6,予選特別Ｂ戦,曇り,無風,0,1,1,1,4561,藤 山 翔 大,77,57,6.74,1,0.15,1.49.8,1-2-4,500,1,1-2,230,1,1-2-4,200,1,1-2,160,1,,,,,,,
20260226,住之江,6,予選特別Ｂ戦,曇り,無風,0,1,2,2,5029,中 亮 太,33,68,6.82,2,0.10,1.50.6,1-2-4,500,1,1-2,230,1,1-2-4,200,1,1-2,160,1,,,,,,,
20260226,住之江,6,予選特別Ｂ戦,曇り,無風,0,1,3,4,4643,近 江 翔 吾,70,12,6.80,4,0.15,1.51.3,1-2-4,500,1,1-2,230,1,1-2-4,200,1,1-2,160,1,,,,,,,
20260226,住之江,6,予選特別Ｂ戦,曇り,無風,0,1,4,3,3990,芹 澤 克 彦,80,65,6.82,3,0.10,1.53.3,1-2-4,500,1,1-2,230,1,1-2-4,200,1,1-2,160,1,,,,,,,
20260226,住之江,6,予選特別Ｂ戦,曇り,無風,0,1,5,5,4610,佐 藤 大 佑,23,25,6.85,5,0.16,1.55.0,1-2-4,500,1,1-2,230,1,1-2-4,200,1,1-2,160,1,,,,,,,
20260226,住之江,6,予選特別Ｂ戦,曇り,無風,0,1,6,6,5432,安 藤 瑠 希,12,38,6.86,6,0.10,1.57.0,1-2-4,500,1,1-2,230,1,1-2-4,200,1,1-2,160,1,,,,,,,
20260226,住之江,7,予選,曇り,無風,0,1,1,3,5115,香 川 颯 太,31,60,6.82,3,0.08,1.49.5,3-1-4,4630,12,3-1,1890,5,1-3-4,310,2,1-3,420,3,,,,,,,
20260226,住之江,7,予選,曇り,無風,0,1,2,1,4155,長 野 壮志郎,51,31,6.81,1,0.13,1.50.7,3-1-4,4630,12,3-1,1890,5,1-3-4,310,2,1-3,420,3,,,,,,,
20260226,住之江,7,予選,曇り,無風,0,1,3,4,3562,山 下 和 彦,63,22,6.80,4,0.01,1.52.0,3-1-4,4630,12,3-1,1890,5,1-3-4,310,2,1-3,420,3,,,,,,,
20260226,住之江,7,予選,曇り,無風,0,1,4,5,3857,阿 波 勝 哉,28,88,6.91,5,0.08,1.53.8,3-1-4,4630,12,3-1,1890,5,1-3-4,310,2,1-3,420,3,,,,,,,
20260226,住之江,7,予選,曇り,無風,0,1,5,2,5096,上 原 崚,29,63,6.84,2,0.15,1.54.5,3-1-4,4630,12,3-1,1890,5,1-3-4,310,2,1-3,420,3,,,,,,,
20260226,住之江,7,予選,曇り,無風,0,1,6,6,3982,福 田 理,27,15,6.82,6,0.11,1.55.5,3-1-4,4630,12,3-1,1890,5,1-3-4,310,2,1-3,420,3,,,,,,,
20260226,住之江,8,予選,曇り,北東,1,1,1,1,4983,前 田 篤 哉,50,30,6.72,1,0.12,1.48.9,1-3-2,1040,4,1-3,440,2,1-2-3,280,2,1-3,540,3,,,,,,,
20260226,住之江,8,予選,曇り,北東,1,1,2,3,4474,渡 辺 崇,17,92,6.84,3,0.12,1.50.3,1-3-2,1040,4,1-3,440,2,1-2-3,280,2,1-3,540,3,,,,,,,
20260226,住之江,8,予選,曇り,北東,1,1,3,2,4467,渡 邉 俊 介,25,28,6.80,2,0.10,1.51.3,1-3-2,1040,4,1-3,440,2,1-2-3,280,2,1-3,540,3,,,,,,,
20260226,住之江,8,予選,曇り,北東,1,1,4,5,5298,水 谷 理 人,56,76,6.84,5,0.20,1.53.0,1-3-2,1040,4,1-3,440,2,1-2-3,280,2,1-3,540,3,,,,,,,
20260226,住之江,8,予選,曇り,北東,1,1,5,4,3928,林 恵 祐,54,74,6.90,4,0.18,1.54.7,1-3-2,1040,4,1-3,440,2,1-2-3,280,2,1-3,540,3,,,,,,,
20260226,住之江,8,予選,曇り,北東,1,1,6,6,4389,伊 藤 喜 智,35,37,6.86,6,0.24,1.56.1,1-3-2,1040,4,1-3,440,2,1-2-3,280,2,1-3,540,3,,,,,,,
20260226,住之江,9,予選,曇り,北東,2,1,1,1,4069,山 本 修 一,72,84,6.84,1,0.06,1.49.2,1-5-3,2000,9,1-5,490,3,1-3-5,600,3,1-5,590,3,,,,,,,
20260226,住之江,9,予選,曇り,北東,2,1,2,5,5064,品 川 二千翔,90,51,6.82,5,0.10,1.50.5,1-5-3,2000,9,1-5,490,3,1-3-5,600,3,1-5,590,3,,,,,,,
20260226,住之江,9,予選,曇り,北東,2,1,3,3,3563,堤 昇,14,78,6.85,3,0.03,1.51.7,1-5-3,2000,9,1-5,490,3,1-3-5,600,3,1-5,590,3,,,,,,,
20260226,住之江,9,予選,曇り,北東,2,1,4,6,4193,郷 原 章 平,22,56,6.88,6,0.14,1.53.2,1-5-3,2000,9,1-5,490,3,1-3-5,600,3,1-5,590,3,,,,,,,
20260226,住之江,9,予選,曇り,北東,2,1,5,2,3664,鈴 木 賢 一,86,27,6.81,2,0.08,1.54.0,1-5-3,2000,9,1-5,490,3,1-3-5,600,3,1-5,590,3,,,,,,,
20260226,住之江,9,予選,曇り,北東,2,1,6,4,5242,高 山 弘 斗,69,66,6.93,4,0.10,1.54.2,1-5-3,2000,9,1-5,490,3,1-3-5,600,3,1-5,590,3,,,,,,,
20260226,住之江,10,予選特別Ｂ戦,曇り,南東,1,1,1,1,4581,吉 村 誠,64,24,6.78,1,0.11,1.48.9,1-4-5,5190,14,1-4,1370,5,1-4-5,1510,6,1-4,1010,4,,,,,,,
20260226,住之江,10,予選特別Ｂ戦,曇り,南東,1,1,2,4,5006,久保原 秀 人,67,70,6.86,3,0.13,1.50.9,1-4-5,5190,14,1-4,1370,5,1-4-5,1510,6,1-4,1010,4,,,,,,,
20260226,住之江,10,予選特別Ｂ戦,曇り,南東,1,1,3,5,4649,和 田 操 拓,38,53,6.80,5,0.11,1.52.9,1-4-5,5190,14,1-4,1370,5,1-4-5,1510,6,1-4,1010,4,,,,,,,
20260226,住之江,10,予選特別Ｂ戦,曇り,南東,1,1,4,6,4723,寺 島 吉 彦,74,13,6.86,6,0.09,1.53.5,1-4-5,5190,14,1-4,1370,5,1-4-5,1510,6,1-4,1010,4,,,,,,,
20260226,住之江,10,予選特別Ｂ戦,曇り,南東,1,1,5,3,3696,白 井 友 晴,21,75,6.84,4,0.15,1.54.7,1-4-5,5190,14,1-4,1370,5,1-4-5,1510,6,1-4,1010,4,,,,,,,
20260226,住之江,10,予選特別Ｂ戦,曇り,南東,1,1,6,2,4610,佐 藤 大 佑,23,25,6.84,2,0.11,1.54.7,1-4-5,5190,14,1-4,1370,5,1-4-5,1510,6,1-4,1010,4,,,,,,,
20260226,住之江,11,予選特別Ａ戦,曇り,無風,0,1,1,1,4713,白 神 優,62,73,6.80,1,0.13,1.49.4,1-4-6,3980,16,1-4,560,2,1-4-6,2440,8,1-4,540,3,,,,,,,
20260226,住之江,11,予選特別Ａ戦,曇り,無風,0,1,2,4,5115,香 川 颯 太,31,60,6.78,4,0.11,1.50.9,1-4-6,3980,16,1-4,560,2,1-4-6,2440,8,1-4,540,3,,,,,,,
20260226,住之江,11,予選特別Ａ戦,曇り,無風,0,1,3,6,4109,谷 津 幸 宏,57,64,6.87,6,0.32,1.51.8,1-4-6,3980,16,1-4,560,2,1-4-6,2440,8,1-4,540,3,,,,,,,
20260226,住之江,11,予選特別Ａ戦,曇り,無風,0,1,4,5,5029,中 亮 太,33,68,6.86,5,0.11,1.52.7,1-4-6,3980,16,1-4,560,2,1-4-6,2440,8,1-4,540,3,,,,,,,
20260226,住之江,11,予選特別Ａ戦,曇り,無風,0,1,5,2,4402,乙 藤 智 史,61,35,6.88,3,0.15,1.53.4,1-4-6,3980,16,1-4,560,2,1-4-6,2440,8,1-4,540,3,,,,,,,
20260226,住之江,11,予選特別Ａ戦,曇り,無風,0,1,6,3,4357,田 中 和 也,87,62,6.82,2,0.14,1.55.6,1-4-6,3980,16,1-4,560,2,1-4-6,2440,8,1-4,540,3,,,,,,,
20260226,住之江,12,一般特別戦,曇り,北東,2,1,1,1,4643,近 江 翔 吾,70,12,6.76,1,0.18,1.48.7,1-2-4,1020,3,1-2,170,1,1-2-4,630,3,1-2,160,1,,,,,,,
20260226,住之江,12,一般特別戦,曇り,北東,2,1,2,2,3737,上 平 真 二,20,61,6.79,2,0.17,1.49.9,1-2-4,1020,3,1-2,170,1,1-2-4,630,3,1-2,160,1,,,,,,,
20260226,住之江,12,一般特別戦,曇り,北東,2,1,3,4,5032,谷 口 知 優,60,58,6.80,4,0.20,1.50.4,1-2-4,1020,3,1-2,170,1,1-2-4,630,3,1-2,160,1,,,,,,,
20260226,住之江,12,一般特別戦,曇り,北東,2,1,4,3,4550,石 岡 将 太,36,83,6.85,3,0.18,1.52.3,1-2-4,1020,3,1-2,170,1,1-2-4,630,3,1-2,160,1,,,,,,,
20260226,住之江,12,一般特別戦,曇り,北東,2,1,5,5,4467,渡 邉 俊 介,25,28,6.85,5,0.12,1.52.9,1-2-4,1020,3,1-2,170,1,1-2-4,630,3,1-2,160,1,,,,,,,
20260226,住之江,12,一般特別戦,曇り,北東,2,1,6,6,4600,井 内 将太郎,11,81,6.81,6,0.17,1.55.5,1-2-4,1020,3,1-2,170,1,1-2-4,630,3,1-2,160,1,,,,,,,
20260226,児島,1,一般,晴,南東,3,3,1,3,3680,森 林 太,11,26,6.82,3,0.24,1.50.1,3-2-5,15660,61,3-2,5180,19,2-3-5,4600,20,2-3,2550,8,,,,,,,
20260226,児島,1,一般,晴,南東,3,3,2,2,3430,角 浜 修,46,66,6.90,2,0.22,1.51.0,3-2-5,15660,61,3-2,5180,19,2-3-5,4600,20,2-3,2550,8,,,,,,,
20260226,児島,1,一般,晴,南東,3,3,3,5,3922,菅 沼 佳 昭,43,37,6.65,5,0.20,1.51.9,3-2-5,15660,61,3-2,5180,19,2-3-5,4600,20,2-3,2550,8,,,,,,,
20260226,児島,1,一般,晴,南東,3,3,4,4,5198,奥 村 明日香,37,71,6.78,4,0.23,1.53.1,3-2-5,15660,61,3-2,5180,19,2-3-5,4600,20,2-3,2550,8,,,,,,,
20260226,児島,1,一般,晴,南東,3,3,5,1,4557,松 尾 光 広,32,38,6.83,1,0.22,,3-2-5,15660,61,3-2,5180,19,2-3-5,4600,20,2-3,2550,8,,,,,,,
20260226,児島,1,一般,晴,南東,3,3,6,6,4917,岩 橋 裕 馬,49,63,6.74,6,0.24,,3-2-5,15660,61,3-2,5180,19,2-3-5,4600,20,2-3,2550,8,,,,,,,
20260226,児島,2,一般,晴,南東,4,3,1,2,5255,藤 原 仙 二,50,25,6.62,2,0.16,1.48.5,2-1-4,1620,3,2-1,470,2,1-2-4,450,2,1-2,240,1,,,,,,,
20260226,児島,2,一般,晴,南東,4,3,2,1,3454,井 川 大 作,61,57,6.81,1,0.16,1.49.5,2-1-4,1620,3,2-1,470,2,1-2-4,450,2,1-2,240,1,,,,,,,
20260226,児島,2,一般,晴,南東,4,3,3,4,4196,田 中 太一郎,29,47,6.74,4,0.16,1.51.3,2-1-4,1620,3,2-1,470,2,1-2-4,450,2,1-2,240,1,,,,,,,
20260226,児島,2,一般,晴,南東,4,3,4,3,4092,岡 部 大 輔,41,11,6.69,3,0.11,1.52.7,2-1-4,1620,3,2-1,470,2,1-2-4,450,2,1-2,240,1,,,,,,,
20260226,児島,2,一般,晴,南東,4,3,5,5,3905,天 野 友 和,63,31,6.81,5,0.21,,2-1-4,1620,3,2-1,470,2,1-2-4,450,2,1-2,240,1,,,,,,,
20260226,児島,2,一般,晴,南東,4,3,6,6,3868,尾 形 栄 治,27,28,6.76,6,0.26,,2-1-4,1620,3,2-1,470,2,1-2-4,450,2,1-2,240,1,,,,,,,
20260226,児島,3,一般,晴,南東,3,3,1,6,4683,向井田 直 弥,38,69,6.58,6,0.00,1.49.3,6-4-2,5020,21,6-4,1270,5,2-4-6,2310,9,4-6,700,3,,,,,,,
20260226,児島,3,一般,晴,南東,3,3,2,4,4931,木 谷 賢 太,42,33,6.84,4,0.11,1.50.6,6-4-2,5020,21,6-4,1270,5,2-4-6,2310,9,4-6,700,3,,,,,,,
20260226,児島,3,一般,晴,南東,3,3,3,2,4164,岩 永 節 也,20,55,6.79,2,0.25,1.52.0,6-4-2,5020,21,6-4,1270,5,2-4-6,2310,9,4-6,700,3,,,,,,,
20260226,児島,3,一般,晴,南東,3,3,4,3,4834,浜 本 裕 己,40,45,6.73,3,0.23,1.52.3,6-4-2,5020,21,6-4,1270,5,2-4-6,2310,9,4-6,700,3,,,,,,,
20260226,児島,3,一般,晴,南東,3,3,5,1,5008,羽 野 諒,65,20,6.69,1,0.23,,6-4-2,5020,21,6-4,1270,5,2-4-6,2310,9,4-6,700,3,,,,,,,
20260226,児島,3,一般,晴,南東,3,3,6,5,3910,松 下 知 幸,12,54,6.66,5,0.08,,6-4-2,5020,21,6-4,1270,5,2-4-6,2310,9,4-6,700,3,,,,,,,
20260226,児島,4,一般,曇り,南東,4,3,1,1,4957,竹之内 極,54,17,6.76,1,0.09,1.49.1,1-3-4,1270,1,1-3,390,1,1-3-4,540,1,1-3,490,2,,,,,,,
20260226,児島,4,一般,曇り,南東,4,3,2,3,4012,中 村 有 裕,45,36,6.81,4,0.03,1.50.2,1-3-4,1270,1,1-3,390,1,1-3-4,540,1,1-3,490,2,,,,,,,
20260226,児島,4,一般,曇り,南東,4,3,3,4,4089,妹 尾 忠 幸,15,12,6.80,5,0.09,1.51.5,1-3-4,1270,1,1-3,390,1,1-3-4,540,1,1-3,490,2,,,,,,,
20260226,児島,4,一般,曇り,南東,4,3,4,5,4063,市 橋 卓 士,34,23,6.79,3,0.08,1.53.0,1-3-4,1270,1,1-3,390,1,1-3-4,540,1,1-3,490,2,,,,,,,
20260226,児島,4,一般,曇り,南東,4,3,5,2,5238,笹 木 香 吾,25,14,6.72,2,0.19,,1-3-4,1270,1,1-3,390,1,1-3-4,540,1,1-3,490,2,,,,,,,
20260226,児島,4,一般,曇り,南東,4,3,6,6,4592,小 林 孝 弘,13,41,6.76,6,0.11,,1-3-4,1270,1,1-3,390,1,1-3-4,540,1,1-3,490,2,,,,,,,
20260226,児島,5,一般,曇り,南東,3,3,1,1,5198,奥 村 明日香,37,71,6.76,1,0.15,1.47.8,1-4-2,20120,51,1-4,5110,14,1-2-4,2630,9,1-4,700,5,,,,,,,
20260226,児島,5,一般,曇り,南東,3,3,2,4,5291,三 嶌 こころ,17,24,6.76,4,0.20,1.50.5,1-4-2,20120,51,1-4,5110,14,1-2-4,2630,9,1-4,700,5,,,,,,,
20260226,児島,5,一般,曇り,南東,3,3,3,2,4289,落 合 直 子,47,21,6.80,2,0.10,1.50.8,1-4-2,20120,51,1-4,5110,14,1-2-4,2630,9,1-4,700,5,,,,,,,
20260226,児島,5,一般,曇り,南東,3,3,4,5,4994,山 本 梨 菜,66,43,6.82,5,0.17,1.51.5,1-4-2,20120,51,1-4,5110,14,1-2-4,2630,9,1-4,700,5,,,,,,,
20260226,児島,5,一般,曇り,南東,3,3,5,3,4349,犬 童 千 秋,14,56,6.69,3,0.08,,1-4-2,20120,51,1-4,5110,14,1-2-4,2630,9,1-4,700,5,,,,,,,
20260226,児島,5,一般,曇り,南東,3,3,6,6,5334,樫 葉 新 心,64,40,6.73,6,0.13,,1-4-2,20120,51,1-4,5110,14,1-2-4,2630,9,1-4,700,5,,,,,,,
20260226,児島,6,一般,晴,南東,2,3,1,1,4522,古 澤 光 紀,33,65,6.72,1,0.16,1.49.0,1-4-6,1270,6,1-4,310,2,1-4-6,990,4,1-4,260,2,,,,,,,
20260226,児島,6,一般,晴,南東,2,3,2,4,5330,安河内 鈴之介,39,44,6.75,4,0.14,1.50.0,1-4-6,1270,6,1-4,310,2,1-4-6,990,4,1-4,260,2,,,,,,,
20260226,児島,6,一般,晴,南東,2,3,3,6,4108,吉 村 正 明,62,60,6.87,6,0.17,1.51.7,1-4-6,1270,6,1-4,310,2,1-4-6,990,4,1-4,260,2,,,,,,,
20260226,児島,6,一般,晴,南東,2,3,4,3,4691,水 原 慎,31,18,6.71,3,0.09,1.52.5,1-4-6,1270,6,1-4,310,2,1-4-6,990,4,1-4,260,2,,,,,,,
20260226,児島,6,一般,晴,南東,2,3,5,2,5161,登 玉 隼 百,51,50,6.81,2,0.11,,1-4-6,1270,6,1-4,310,2,1-4-6,990,4,1-4,260,2,,,,,,,
20260226,児島,6,一般,晴,南東,2,3,6,5,4681,太 田 潮,18,27,6.87,5,0.18,,1-4-6,1270,6,1-4,310,2,1-4-6,990,4,1-4,260,2,,,,,,,
20260226,児島,7,一般,曇り,南東,4,3,1,1,4874,池 田 奈津美,30,34,6.81,1,0.16,1.49.9,1-3-2,2500,3,1-3,870,2,1-2-3,560,2,1-3,1130,6,,,,,,,
20260226,児島,7,一般,曇り,南東,4,3,2,3,4121,富 永 修 一,59,51,6.75,3,0.21,1.50.6,1-3-2,2500,3,1-3,870,2,1-2-3,560,2,1-3,1130,6,,,,,,,
20260226,児島,7,一般,曇り,南東,4,3,3,2,4092,岡 部 大 輔,41,11,6.75,2,0.17,1.51.6,1-3-2,2500,3,1-3,870,2,1-2-3,560,2,1-3,1130,6,,,,,,,
20260226,児島,7,一般,曇り,南東,4,3,4,6,3556,田 中 信一郎,22,52,6.74,5,0.25,1.52.7,1-3-2,2500,3,1-3,870,2,1-2-3,560,2,1-3,1130,6,,,,,,,
20260226,児島,7,一般,曇り,南東,4,3,5,4,3680,森 林 太,11,26,6.89,4,0.27,,1-3-2,2500,3,1-3,870,2,1-2-3,560,2,1-3,1130,6,,,,,,,
20260226,児島,7,一般,曇り,南東,4,3,6,5,4683,向井田 直 弥,38,69,6.65,6,0.36,,1-3-2,2500,3,1-3,870,2,1-2-3,560,2,1-3,1130,6,,,,,,,
20260226,児島,8,一般,晴,南東,3,3,1,1,3587,武 田 信 一,57,67,6.82,1,0.15,1.49.4,1-4-5,3420,13,1-4,1040,5,1-4-5,820,4,1-4,460,2,,,,,,,
20260226,児島,8,一般,晴,南東,3,3,2,4,4164,岩 永 節 也,20,55,6.83,4,0.15,1.50.1,1-4-5,3420,13,1-4,1040,5,1-4-5,820,4,1-4,460,2,,,,,,,
20260226,児島,8,一般,晴,南東,3,3,3,5,5255,藤 原 仙 二,50,25,6.70,5,0.17,1.51.6,1-4-5,3420,13,1-4,1040,5,1-4-5,820,4,1-4,460,2,,,,,,,
20260226,児島,8,一般,晴,南東,3,3,4,6,4254,川 島 圭 司,28,70,6.82,6,0.18,1.52.2,1-4-5,3420,13,1-4,1040,5,1-4-5,820,4,1-4,460,2,,,,,,,
20260226,児島,8,一般,晴,南東,3,3,5,2,4697,國 弘 翔 平,35,16,6.82,2,0.14,,1-4-5,3420,13,1-4,1040,5,1-4-5,820,4,1-4,460,2,,,,,,,
20260226,児島,8,一般,晴,南東,3,3,6,3,3922,菅 沼 佳 昭,43,37,6.77,3,0.15,,1-4-5,3420,13,1-4,1040,5,1-4-5,820,4,1-4,460,2,,,,,,,
20260226,児島,9,一般,晴,南東,3,3,1,1,3905,天 野 友 和,63,31,6.87,1,0.15,1.49.1,1-3-5,2810,12,1-3,890,6,1-3-5,900,5,1-3,560,4,,,,,,,
20260226,児島,9,一般,晴,南東,3,3,2,3,4557,松 尾 光 広,32,38,6.82,3,0.19,1.50.3,1-3-5,2810,12,1-3,890,6,1-3-5,900,5,1-3,560,4,,,,,,,
20260226,児島,9,一般,晴,南東,3,3,3,5,5238,笹 木 香 吾,25,14,6.80,5,0.13,1.51.6,1-3-5,2810,12,1-3,890,6,1-3-5,900,5,1-3,560,4,,,,,,,
20260226,児島,9,一般,晴,南東,3,3,4,4,5008,羽 野 諒,65,20,6.82,4,0.14,1.52.9,1-3-5,2810,12,1-3,890,6,1-3-5,900,5,1-3,560,4,,,,,,,
20260226,児島,9,一般,晴,南東,3,3,5,6,5291,三 嶌 こころ,17,24,6.79,6,0.23,,1-3-5,2810,12,1-3,890,6,1-3-5,900,5,1-3,560,4,,,,,,,
20260226,児島,9,一般,晴,南東,3,3,6,2,3401,上 田 隆 章,70,46,6.87,2,0.22,,1-3-5,2810,12,1-3,890,6,1-3-5,900,5,1-3,560,4,,,,,,,
20260226,児島,10,準優勝戦,晴,南東,2,3,1,1,4592,小 林 孝 弘,13,41,6.83,1,0.13,1.47.7,1-5-4,6700,28,1-5,2130,9,1-4-5,970,6,1-5,810,7,,,,,,,
20260226,児島,10,準優勝戦,晴,南東,2,3,2,5,4522,古 澤 光 紀,33,65,6.78,5,0.09,1.49.7,1-5-4,6700,28,1-5,2130,9,1-4-5,970,6,1-5,810,7,,,,,,,
20260226,児島,10,準優勝戦,晴,南東,2,3,3,4,4834,浜 本 裕 己,40,45,6.78,4,0.08,1.50.9,1-5-4,6700,28,1-5,2130,9,1-4-5,970,6,1-5,810,7,,,,,,,
20260226,児島,10,準優勝戦,晴,南東,2,3,4,2,4994,山 本 梨 菜,66,43,6.82,2,0.16,1.51.1,1-5-4,6700,28,1-5,2130,9,1-4-5,970,6,1-5,810,7,,,,,,,
20260226,児島,10,準優勝戦,晴,南東,2,3,5,3,4931,木 谷 賢 太,42,33,6.86,3,0.13,,1-5-4,6700,28,1-5,2130,9,1-4-5,970,6,1-5,810,7,,,,,,,
20260226,児島,10,準優勝戦,晴,南東,2,3,6,6,3454,井 川 大 作,61,57,6.89,6,0.18,,1-5-4,6700,28,1-5,2130,9,1-4-5,970,6,1-5,810,7,,,,,,,
20260226,児島,11,準優勝戦,晴,南,2,3,1,4,4012,中 村 有 裕,45,36,6.86,5,0.18,1.48.9,4-1-5,4410,13,4-1,1340,4,1-4-5,920,4,1-4,370,3,,,,,,,
20260226,児島,11,準優勝戦,晴,南,2,3,2,1,4108,吉 村 正 明,62,60,6.82,1,0.20,1.50.3,4-1-5,4410,13,4-1,1340,4,1-4-5,920,4,1-4,370,3,,,,,,,
20260226,児島,11,準優勝戦,晴,南,2,3,3,5,4289,落 合 直 子,47,21,6.91,4,0.22,1.51.9,4-1-5,4410,13,4-1,1340,4,1-4-5,920,4,1-4,370,3,,,,,,,
20260226,児島,11,準優勝戦,晴,南,2,3,4,2,4196,田 中 太一郎,29,47,6.84,2,0.19,1.53.3,4-1-5,4410,13,4-1,1340,4,1-4-5,920,4,1-4,370,3,,,,,,,
20260226,児島,11,準優勝戦,晴,南,2,3,5,6,4874,池 田 奈津美,30,34,6.93,3,0.12,,4-1-5,4410,13,4-1,1340,4,1-4-5,920,4,1-4,370,3,,,,,,,
20260226,児島,11,準優勝戦,晴,南,2,3,6,3,4089,妹 尾 忠 幸,15,12,6.88,6,0.23,,4-1-5,4410,13,4-1,1340,4,1-4-5,920,4,1-4,370,3,,,,,,,
20260226,児島,12,準優勝戦,晴,南東,2,3,1,3,5330,安河内 鈴之介,39,44,6.73,3,0.09,1.48.2,3-1-4,3960,12,3-1,1900,6,1-3-4,520,3,1-3,290,2,,,,,,,
20260226,児島,12,準優勝戦,晴,南東,2,3,2,1,3556,田 中 信一郎,22,52,6.75,1,0.11,1.49.9,3-1-4,3960,12,3-1,1900,6,1-3-4,520,3,1-3,290,2,,,,,,,
20260226,児島,12,準優勝戦,晴,南東,2,3,3,4,4121,富 永 修 一,59,51,6.86,4,0.09,1.51.6,3-1-4,3960,12,3-1,1900,6,1-3-4,520,3,1-3,290,2,,,,,,,
20260226,児島,12,準優勝戦,晴,南東,2,3,4,5,5161,登 玉 隼 百,51,50,6.80,5,0.13,1.51.7,3-1-4,3960,12,3-1,1900,6,1-3-4,520,3,1-3,290,2,,,,,,,
20260226,児島,12,準優勝戦,晴,南東,2,3,5,2,4063,市 橋 卓 士,34,23,6.79,2,0.10,,3-1-4,3960,12,3-1,1900,6,1-3-4,520,3,1-3,290,2,,,,,,,
20260226,児島,12,準優勝戦,晴,南東,2,3,6,6,3587,武 田 信 一,57,67,6.75,6,0.17,,3-1-4,3960,12,3-1,1900,6,1-3-4,520,3,1-3,290,2,,,,,,,
20260226,唐津,1,朝１戦,晴,北東,2,2,1,1,4734,安河内 将,55,43,6.69,1,0.07,1.47.3,1-2-4,580,3,1-2,420,3,1-2-4,240,1,1-2,440,3,,,,,,,
20260226,唐津,1,朝１戦,晴,北東,2,2,2,2,3370,坪 内 実,36,35,6.76,2,0.06,1.49.7,1-2-4,580,3,1-2,420,3,1-2-4,240,1,1-2,440,3,,,,,,,
20260226,唐津,1,朝１戦,晴,北東,2,2,3,4,3828,明 石 正 之,28,23,6.75,4,0.04,1.50.0,1-2-4,580,3,1-2,420,3,1-2-4,240,1,1-2,440,3,,,,,,,
20260226,唐津,1,朝１戦,晴,北東,2,2,4,3,3539,金 子 順 一,43,11,6.64,3,0.07,1.54.3,1-2-4,580,3,1-2,420,3,1-2-4,240,1,1-2,440,3,,,,,,,
20260226,唐津,1,朝１戦,晴,北東,2,2,5,6,3372,加 藤 雅 之,15,37,6.61,6,0.07,1.55.4,1-2-4,580,3,1-2,420,3,1-2-4,240,1,1-2,440,3,,,,,,,
20260226,唐津,1,朝１戦,晴,北東,2,2,6,5,5322,根 岸 真 優,41,50,6.67,5,0.11,1.57.0,1-2-4,580,3,1-2,420,3,1-2-4,240,1,1-2,440,3,,,,,,,
20260226,唐津,2,モー２ング戦,晴,北東,3,3,1,1,3997,北 村 征 嗣,45,27,6.71,1,0.11,1.49.7,1-2-3,300,1,1-2,160,1,1-2-3,230,1,1-2,130,1,,,,,,,
20260226,唐津,2,モー２ング戦,晴,北東,3,3,2,2,4122,安 東 幸 治,31,19,6.72,2,0.16,1.51.3,1-2-3,300,1,1-2,160,1,1-2-3,230,1,1-2,130,1,,,,,,,
20260226,唐津,2,モー２ング戦,晴,北東,3,3,3,3,4439,近 藤 友 宝,17,34,6.75,3,0.17,1.52.2,1-2-3,300,1,1-2,160,1,1-2-3,230,1,1-2,130,1,,,,,,,
20260226,唐津,2,モー２ング戦,晴,北東,3,3,4,6,5074,大 澤 誠 也,53,58,6.75,6,0.09,1.53.3,1-2-3,300,1,1-2,160,1,1-2-3,230,1,1-2,130,1,,,,,,,
20260226,唐津,2,モー２ング戦,晴,北東,3,3,5,4,3701,大 西 隆 洋,29,59,6.73,4,0.18,1.54.9,1-2-3,300,1,1-2,160,1,1-2-3,230,1,1-2,130,1,,,,,,,
20260226,唐津,2,モー２ング戦,晴,北東,3,3,6,5,5367,赤 松 咲 香,13,1,6.78,5,0.11,1.57.2,1-2-3,300,1,1-2,160,1,1-2-3,230,1,1-2,130,1,,,,,,,
20260226,唐津,3,３ライズ戦,晴,北東,4,4,1,1,4373,若 狭 奈美子,8,30,6.73,1,0.02,1.48.7,1-2-3,1400,4,1-2,340,1,1-2-3,510,2,1-2,370,1,,,,,,,
20260226,唐津,3,３ライズ戦,晴,北東,4,4,2,2,3831,安 藤 裕 貴,32,9,6.87,2,0.09,1.50.7,1-2-3,1400,4,1-2,340,1,1-2-3,510,2,1-2,370,1,,,,,,,
20260226,唐津,3,３ライズ戦,晴,北東,4,4,3,3,5211,高 井 駿 弥,37,5,6.82,3,0.10,1.51.6,1-2-3,1400,4,1-2,340,1,1-2-3,510,2,1-2,370,1,,,,,,,
20260226,唐津,3,３ライズ戦,晴,北東,4,4,4,5,4819,蜂 須 瑞 生,5,32,6.80,5,0.19,1.53.0,1-2-3,1400,4,1-2,340,1,1-2-3,510,2,1-2,370,1,,,,,,,
20260226,唐津,3,３ライズ戦,晴,北東,4,4,5,4,3976,内 田 圭,38,41,6.76,4,0.14,1.54.7,1-2-3,1400,4,1-2,340,1,1-2-3,510,2,1-2,370,1,,,,,,,
20260226,唐津,3,３ライズ戦,晴,北東,4,4,6,6,4632,長 尾 京志郎,4,40,6.83,6,0.21,1.54.9,1-2-3,1400,4,1-2,340,1,1-2-3,510,2,1-2,370,1,,,,,,,
20260226,唐津,4,おは４戦,晴,北東,5,5,1,3,4538,笠 置 博 之,9,57,6.60,5,0.05,1.50.7,3-1-6,5510,24,3-1,850,4,1-3-6,3110,11,1-3,540,2,,,,,,,
20260226,唐津,4,おは４戦,晴,北東,5,5,2,1,4301,関 裕 也,60,48,6.89,1,0.11,1.51.9,3-1-6,5510,24,3-1,850,4,1-3-6,3110,11,1-3,540,2,,,,,,,
20260226,唐津,4,おは４戦,晴,北東,5,5,3,6,5403,藤 山 湧 太,20,36,6.73,6,0.10,1.52.7,3-1-6,5510,24,3-1,850,4,1-3-6,3110,11,1-3,540,2,,,,,,,
20260226,唐津,4,おは４戦,晴,北東,5,5,4,5,4163,山 崎 裕 司,14,42,6.79,4,0.13,1.53.9,3-1-6,5510,24,3-1,850,4,1-3-6,3110,11,1-3,540,2,,,,,,,
20260226,唐津,4,おは４戦,晴,北東,5,5,5,4,3541,三 嶌 誠 司,59,7,6.87,3,0.12,1.55.0,3-1-6,5510,24,3-1,850,4,1-3-6,3110,11,1-3,540,2,,,,,,,
20260226,唐津,4,おは４戦,晴,北東,5,5,6,2,5287,滝 沢 織 寧,18,20,6.75,2,0.08,1.56.1,3-1-6,5510,24,3-1,850,4,1-3-6,3110,11,1-3,540,2,,,,,,,
20260226,唐津,5,レッツ５特賞,晴,北東,6,6,1,4,4112,大久保 信一郎,30,4,6.84,4,0.13,1.49.4,4-1-2,6820,17,4-1,1940,5,1-2-4,480,2,1-4,370,2,,,,,,,
20260226,唐津,5,レッツ５特賞,晴,北東,6,6,2,1,3613,角 谷 健 吾,47,52,6.83,1,0.07,1.50.2,4-1-2,6820,17,4-1,1940,5,1-2-4,480,2,1-4,370,2,,,,,,,
20260226,唐津,5,レッツ５特賞,晴,北東,6,6,3,2,5177,松 井 貫 太,51,60,6.83,2,0.14,1.51.0,4-1-2,6820,17,4-1,1940,5,1-2-4,480,2,1-4,370,2,,,,,,,
20260226,唐津,5,レッツ５特賞,晴,北東,6,6,4,3,4540,相 原 利 章,57,13,6.86,3,0.09,1.53.9,4-1-2,6820,17,4-1,1940,5,1-2-4,480,2,1-4,370,2,,,,,,,
20260226,唐津,5,レッツ５特賞,晴,北東,6,6,5,5,3825,宮 嵜 隆太郎,48,47,6.84,5,0.09,1.55.6,4-1-2,6820,17,4-1,1940,5,1-2-4,480,2,1-4,370,2,,,,,,,
20260226,唐津,5,レッツ５特賞,晴,北東,6,6,6,6,3964,宮 地 博 士,50,3,6.84,6,0.31,1.55.8,4-1-2,6820,17,4-1,1940,5,1-2-4,480,2,1-4,370,2,,,,,,,
20260226,唐津,6,予選,晴,北東,5,5,1,3,4633,森 智 也,42,29,6.80,3,0.10,1.48.9,3-2-6,1680,6,3-2,530,2,2-3-6,340,2,2-3,180,1,,,,,,,
20260226,唐津,6,予選,晴,北東,5,5,2,2,4377,濱 本 優 一,26,14,6.78,2,0.11,1.50.1,3-2-6,1680,6,3-2,530,2,2-3-6,340,2,2-3,180,1,,,,,,,
20260226,唐津,6,予選,晴,北東,5,5,3,6,4359,横 川 聖 志,27,38,6.87,6,0.05,1.52.2,3-2-6,1680,6,3-2,530,2,2-3-6,340,2,2-3,180,1,,,,,,,
20260226,唐津,6,予選,晴,北東,5,5,4,1,5165,小 林 愛 実,39,2,6.88,1,0.11,1.52.7,3-2-6,1680,6,3-2,530,2,2-3-6,340,2,2-3,180,1,,,,,,,
20260226,唐津,6,予選,晴,北東,5,5,5,5,4439,近 藤 友 宝,17,34,6.85,4,0.06,1.55.0,3-2-6,1680,6,3-2,530,2,2-3-6,340,2,2-3,180,1,,,,,,,
20260226,唐津,6,予選,晴,北東,5,5,6,4,5322,根 岸 真 優,41,50,6.71,5,0.09,1.56.6,3-2-6,1680,6,3-2,530,2,2-3-6,340,2,2-3,180,1,,,,,,,
20260226,唐津,7,予選,晴,北東,5,5,1,4,4438,森 作 雄 大,25,46,6.81,4,0.08,2.00.1,4-5-1,3560,20,4-5,1550,8,1-4-5,1090,5,4-5,720,6,,,,,,,
20260226,唐津,7,予選,晴,北東,5,5,2,5,3503,堂 原 洋 史,33,51,6.83,5,0.21,2.03.5,4-5-1,3560,20,4-5,1550,8,1-4-5,1090,5,4-5,720,6,,,,,,,
20260226,唐津,7,予選,晴,北東,5,5,3,1,3370,坪 内 実,36,35,6.81,1,0.17,2.05.8,4-5-1,3560,20,4-5,1550,8,1-4-5,1090,5,4-5,720,6,,,,,,,
20260226,唐津,7,予選,晴,北東,5,5,4,6,5367,赤 松 咲 香,13,1,6.82,6,0.25,2.11.2,4-5-1,3560,20,4-5,1550,8,1-4-5,1090,5,4-5,720,6,,,,,,,
20260226,唐津,7,予選,晴,北東,5,5,5,2,4632,長 尾 京志郎,4,40,6.83,2,0.14,2.21.9,4-5-1,3560,20,4-5,1550,8,1-4-5,1090,5,4-5,720,6,,,,,,,
20260226,唐津,7,予選,晴,北東,5,5,S0,3,5045,平 川 香 織,58,45,6.83,3,0.13,,4-5-1,3560,20,4-5,1550,8,1-4-5,1090,5,4-5,720,6,,,,,,,
20260226,唐津,8,８っぴータイ,晴,北東,5,5,1,1,3976,内 田 圭,38,41,6.89,1,0.18,1.49.8,1-6-3,12090,36,1-6,1070,4,1-3-6,4030,11,1-6,1190,4,,,,,,,
20260226,唐津,8,８っぴータイ,晴,北東,5,5,2,6,4027,松 江 秀 徳,16,6,6.88,4,0.12,1.51.1,1-6-3,12090,36,1-6,1070,4,1-3-6,4030,11,1-6,1190,4,,,,,,,
20260226,唐津,8,８っぴータイ,晴,北東,5,5,3,3,5287,滝 沢 織 寧,18,20,6.90,3,0.15,1.52.2,1-6-3,12090,36,1-6,1070,4,1-3-6,4030,11,1-6,1190,4,,,,,,,
20260226,唐津,8,８っぴータイ,晴,北東,5,5,4,2,3293,宮 内 由紀英,19,33,6.92,2,0.19,1.53.5,1-6-3,12090,36,1-6,1070,4,1-3-6,4030,11,1-6,1190,4,,,,,,,
20260226,唐津,8,８っぴータイ,晴,北東,5,5,5,5,5390,高 橋 涼 夏,44,12,6.79,6,0.11,1.54.4,1-6-3,12090,36,1-6,1070,4,1-3-6,4030,11,1-6,1190,4,,,,,,,
20260226,唐津,8,８っぴータイ,晴,北東,5,5,6,4,4798,浜 先 真 範,35,54,6.84,5,0.15,1.55.8,1-6-3,12090,36,1-6,1070,4,1-3-6,4030,11,1-6,1190,4,,,,,,,
20260226,唐津,9,予選,晴,北東,5,5,1,3,4122,安 東 幸 治,31,19,6.91,3,0.23,1.50.1,3-1-4,1870,6,3-1,760,3,1-3-4,230,1,1-3,360,1,,,,,,,
20260226,唐津,9,予選,晴,北東,5,5,2,1,5211,高 井 駿 弥,37,5,7.00,1,0.20,1.51.8,3-1-4,1870,6,3-1,760,3,1-3-4,230,1,1-3,360,1,,,,,,,
20260226,唐津,9,予選,晴,北東,5,5,3,4,3915,繁野谷 圭 介,22,28,6.90,4,0.23,1.53.1,3-1-4,1870,6,3-1,760,3,1-3-4,230,1,1-3,360,1,,,,,,,
20260226,唐津,9,予選,晴,北東,5,5,4,2,3964,宮 地 博 士,50,3,6.88,2,0.21,1.53.7,3-1-4,1870,6,3-1,760,3,1-3-4,230,1,1-3,360,1,,,,,,,
20260226,唐津,9,予選,晴,北東,5,5,5,5,5403,藤 山 湧 太,20,36,6.83,5,0.24,1.56.2,3-1-4,1870,6,3-1,760,3,1-3-4,230,1,1-3,360,1,,,,,,,
20260226,唐津,9,予選,晴,北東,5,5,6,6,4872,山 下 流 心,56,44,6.97,6,0.39,1.58.4,3-1-4,1870,6,3-1,760,3,1-3-4,230,1,1-3,360,1,,,,,,,
20260226,唐津,10,予選特賞,晴,北東,6,6,1,1,5177,松 井 貫 太,51,60,6.89,1,0.11,1.51.0,1-3-4,3300,14,1-3,2910,9,1-3-4,830,4,1-3,1030,7,,,,,,,
20260226,唐津,10,予選特賞,晴,北東,6,6,2,3,4861,田 中 宏 樹,3,53,6.87,3,0.11,1.51.6,1-3-4,3300,14,1-3,2910,9,1-3-4,830,4,1-3,1030,7,,,,,,,
20260226,唐津,10,予選特賞,晴,北東,6,6,3,4,4377,濱 本 優 一,26,14,6.87,4,0.19,1.52.8,1-3-4,3300,14,1-3,2910,9,1-3-4,830,4,1-3,1030,7,,,,,,,
20260226,唐津,10,予選特賞,晴,北東,6,6,4,5,4004,山 本 浩 輔,54,24,6.86,5,0.17,1.54.6,1-3-4,3300,14,1-3,2910,9,1-3-4,830,4,1-3,1030,7,,,,,,,
20260226,唐津,10,予選特賞,晴,北東,6,6,5,2,3541,三 嶌 誠 司,59,7,7.01,2,0.12,1.55.9,1-3-4,3300,14,1-3,2910,9,1-3-4,830,4,1-3,1030,7,,,,,,,
20260226,唐津,10,予選特賞,晴,北東,6,6,6,6,3701,大 西 隆 洋,29,59,6.92,6,0.13,1.57.2,1-3-4,3300,14,1-3,2910,9,1-3-4,830,4,1-3,1030,7,,,,,,,
20260226,唐津,11,宝当特選,晴,北,6,6,1,4,4373,若 狭 奈美子,8,30,6.90,4,0.14,1.49.9,4-3-6,18180,53,4-3,1790,10,3-4-6,5380,11,3-4,650,4,,,,,,,
20260226,唐津,11,宝当特選,晴,北,6,6,2,3,4438,森 作 雄 大,25,46,6.89,3,0.07,1.51.7,4-3-6,18180,53,4-3,1790,10,3-4-6,5380,11,3-4,650,4,,,,,,,
20260226,唐津,11,宝当特選,晴,北,6,6,3,6,4020,川 上 清 人,52,26,7.07,6,0.13,1.53.6,4-3-6,18180,53,4-3,1790,10,3-4-6,5380,11,3-4,650,4,,,,,,,
20260226,唐津,11,宝当特選,晴,北,6,6,4,2,4163,山 崎 裕 司,14,42,6.86,2,0.13,1.54.5,4-3-6,18180,53,4-3,1790,10,3-4-6,5380,11,3-4,650,4,,,,,,,
20260226,唐津,11,宝当特選,晴,北,6,6,5,5,3828,明 石 正 之,28,23,6.85,5,0.16,1.55.6,4-3-6,18180,53,4-3,1790,10,3-4-6,5380,11,3-4,650,4,,,,,,,
20260226,唐津,11,宝当特選,晴,北,6,6,6,1,3825,宮 嵜 隆太郎,48,47,6.89,1,0.05,1.58.7,4-3-6,18180,53,4-3,1790,10,3-4-6,5380,11,3-4,650,4,,,,,,,
20260226,唐津,12,からっキー選,晴,北,6,6,1,1,4798,浜 先 真 範,35,54,6.80,1,0.11,1.48.6,1-3-5,680,2,1-3,210,1,1-3-5,390,2,1-3,140,1,,,,,,,
20260226,唐津,12,からっキー選,晴,北,6,6,2,3,4734,安河内 将,55,43,6.82,3,0.20,1.50.6,1-3-5,680,2,1-3,210,1,1-3-5,390,2,1-3,140,1,,,,,,,
20260226,唐津,12,からっキー選,晴,北,6,6,3,5,3613,角 谷 健 吾,47,52,6.88,5,0.19,1.51.9,1-3-5,680,2,1-3,210,1,1-3-5,390,2,1-3,140,1,,,,,,,
20260226,唐津,12,からっキー選,晴,北,6,6,4,2,4819,蜂 須 瑞 生,5,32,6.87,2,0.19,1.53.7,1-3-5,680,2,1-3,210,1,1-3-5,390,2,1-3,140,1,,,,,,,
20260226,唐津,12,からっキー選,晴,北,6,6,5,4,5045,平 川 香 織,58,45,6.86,4,0.19,1.53.8,1-3-5,680,2,1-3,210,1,1-3-5,390,2,1-3,140,1,,,,,,,
20260226,唐津,12,からっキー選,晴,北,6,6,6,6,4633,森 智 也,42,29,6.87,6,0.29,1.55.8,1-3-5,680,2,1-3,210,1,1-3-5,390,2,1-3,140,1,,,,,,,
20260226,多摩川,1,一般,曇り,北,3,2,1,1,4728,山 口 亮,57,22,6.84,1,0.29,1.49.2,1-2-3,720,2,1-2,170,1,1-2-3,370,1,1-2,180,1,,,,,,,
20260226,多摩川,1,一般,曇り,北,3,2,2,2,4656,大 崎 翔,63,21,6.74,2,0.29,1.50.4,1-2-3,720,2,1-2,170,1,1-2-3,370,1,1-2,180,1,,,,,,,
20260226,多摩川,1,一般,曇り,北,3,2,3,3,4253,西 川 真 人,13,33,6.73,3,0.30,1.52.7,1-2-3,720,2,1-2,170,1,1-2-3,370,1,1-2,180,1,,,,,,,
20260226,多摩川,1,一般,曇り,北,3,2,4,5,3572,安 田 政 彦,38,74,6.71,5,0.32,1.53.7,1-2-3,720,2,1-2,170,1,1-2-3,370,1,1-2,180,1,,,,,,,
20260226,多摩川,1,一般,曇り,北,3,2,5,6,3202,三 品 隆 浩,66,27,6.76,6,0.32,,1-2-3,720,2,1-2,170,1,1-2-3,370,1,1-2,180,1,,,,,,,
20260226,多摩川,1,一般,曇り,北,3,2,6,4,3948,大 町 利 克,42,78,6.73,4,0.32,,1-2-3,720,2,1-2,170,1,1-2-3,370,1,1-2,180,1,,,,,,,
20260226,多摩川,2,一般,曇り,北,2,1,1,2,3377,塚 田 修 二,31,73,6.67,2,0.24,1.49.5,2-6-1,81230,102,2-6,14520,25,1-2-6,3570,15,2-6,11780,15,,,,,,,
20260226,多摩川,2,一般,曇り,北,2,1,2,6,3385,渡 邉 睦 広,25,53,6.80,6,0.05,1.50.3,2-6-1,81230,102,2-6,14520,25,1-2-6,3570,15,2-6,11780,15,,,,,,,
20260226,多摩川,2,一般,曇り,北,2,1,3,1,3653,品 川 賢 次,61,47,6.70,1,0.18,1.50.8,2-6-1,81230,102,2-6,14520,25,1-2-6,3570,15,2-6,11780,15,,,,,,,
20260226,多摩川,2,一般,曇り,北,2,1,4,3,5167,小 川 竜太朗,59,42,6.64,3,0.19,1.52.5,2-6-1,81230,102,2-6,14520,25,1-2-6,3570,15,2-6,11780,15,,,,,,,
20260226,多摩川,2,一般,曇り,北,2,1,5,4,4631,新 井 英 孝,72,29,6.68,4,0.09,,2-6-1,81230,102,2-6,14520,25,1-2-6,3570,15,2-6,11780,15,,,,,,,
20260226,多摩川,2,一般,曇り,北,2,1,6,5,3880,浅 見 宗 孝,26,71,6.77,5,0.08,,2-6-1,81230,102,2-6,14520,25,1-2-6,3570,15,2-6,11780,15,,,,,,,
20260226,多摩川,3,一般,曇り,北東,2,1,1,4,5147,田 中 勇 輔,22,23,6.65,4,0.06,1.47.6,4-3-5,15600,48,4-3,10910,23,3-4-5,1730,9,3-4,3130,10,,,,,,,
20260226,多摩川,3,一般,曇り,北東,2,1,2,3,4133,高 橋 正 男,35,84,6.69,3,0.14,1.48.3,4-3-5,15600,48,4-3,10910,23,3-4-5,1730,9,3-4,3130,10,,,,,,,
20260226,多摩川,3,一般,曇り,北東,2,1,3,5,5035,櫻 井 優,73,49,6.55,5,0.07,1.51.5,4-3-5,15600,48,4-3,10910,23,3-4-5,1730,9,3-4,3130,10,,,,,,,
20260226,多摩川,3,一般,曇り,北東,2,1,4,1,4651,佐 藤 大 騎,11,59,6.63,1,0.15,1.52.5,4-3-5,15600,48,4-3,10910,23,3-4-5,1730,9,3-4,3130,10,,,,,,,
20260226,多摩川,3,一般,曇り,北東,2,1,5,2,3467,森 弘 行,32,64,6.68,2,0.16,,4-3-5,15600,48,4-3,10910,23,3-4-5,1730,9,3-4,3130,10,,,,,,,
20260226,多摩川,3,一般,曇り,北東,2,1,6,6,3313,本 吉 正 樹,54,36,6.67,6,0.13,,4-3-5,15600,48,4-3,10910,23,3-4-5,1730,9,3-4,3130,10,,,,,,,
20260226,多摩川,4,一般,曇り,北,2,1,1,2,4794,和 田 拓 也,51,25,6.61,2,0.13,1.49.7,2-4-6,7230,27,2-4,690,3,2-4-6,3050,9,2-4,550,3,,,,,,,
20260226,多摩川,4,一般,曇り,北,2,1,2,4,3463,乙 津 康 志,53,48,6.61,4,0.13,1.50.9,2-4-6,7230,27,2-4,690,3,2-4-6,3050,9,2-4,550,3,,,,,,,
20260226,多摩川,4,一般,曇り,北,2,1,3,6,3812,山 崎 聖 司,18,79,6.62,6,0.14,1.52.0,2-4-6,7230,27,2-4,690,3,2-4-6,3050,9,2-4,550,3,,,,,,,
20260226,多摩川,4,一般,曇り,北,2,1,4,5,3381,滝 沢 芳 行,33,51,6.56,5,0.12,1.53.1,2-4-6,7230,27,2-4,690,3,2-4-6,3050,9,2-4,550,3,,,,,,,
20260226,多摩川,4,一般,曇り,北,2,1,5,1,3827,今 泉 徹,70,63,6.72,1,0.13,,2-4-6,7230,27,2-4,690,3,2-4-6,3050,9,2-4,550,3,,,,,,,
20260226,多摩川,4,一般,曇り,北,2,1,6,3,3870,寺 嶋 雄,58,58,6.63,3,0.18,,2-4-6,7230,27,2-4,690,3,2-4-6,3050,9,2-4,550,3,,,,,,,
20260226,多摩川,5,一般,晴,北東,4,3,1,5,3557,太 田 和 美,55,60,6.66,5,0.21,1.48.7,5-1-2,1460,3,5-1,770,4,1-2-5,200,1,1-5,630,4,,,,,,,
20260226,多摩川,5,一般,晴,北東,4,3,2,1,4407,鹿 島 敏 弘,29,66,6.69,1,0.10,1.49.9,5-1-2,1460,3,5-1,770,4,1-2-5,200,1,1-5,630,4,,,,,,,
20260226,多摩川,5,一般,晴,北東,4,3,3,2,4925,森 悠 稀,30,81,6.65,2,0.15,1.52.4,5-1-2,1460,3,5-1,770,4,1-2-5,200,1,1-5,630,4,,,,,,,
20260226,多摩川,5,一般,晴,北東,4,3,4,3,4995,田 邉 亮 蔵,64,28,6.67,3,0.17,1.53.2,5-1-2,1460,3,5-1,770,4,1-2-5,200,1,1-5,630,4,,,,,,,
20260226,多摩川,5,一般,晴,北東,4,3,5,6,4944,田 代 達 也,50,52,6.70,6,0.21,,5-1-2,1460,3,5-1,770,4,1-2-5,200,1,1-5,630,4,,,,,,,
20260226,多摩川,5,一般,晴,北東,4,3,6,4,5341,山 道 諄 也,19,43,6.77,4,0.21,,5-1-2,1460,3,5-1,770,4,1-2-5,200,1,1-5,630,4,,,,,,,
20260226,多摩川,6,一般,晴,北東,2,1,1,1,3882,新 田 智 彰,46,50,6.72,1,0.04,1.48.6,1-2-4,3880,14,1-2,690,3,1-2-4,1460,6,1-2,840,4,,,,,,,
20260226,多摩川,6,一般,晴,北東,2,1,2,2,3948,大 町 利 克,42,78,6.79,2,0.09,1.50.3,1-2-4,3880,14,1-2,690,3,1-2-4,1460,6,1-2,840,4,,,,,,,
20260226,多摩川,6,一般,晴,北東,2,1,3,4,3377,塚 田 修 二,31,73,6.72,4,0.09,1.51.8,1-2-4,3880,14,1-2,690,3,1-2-4,1460,6,1-2,840,4,,,,,,,
20260226,多摩川,6,一般,晴,北東,2,1,4,5,3888,山 本 英 志,24,54,6.72,5,0.08,1.52.5,1-2-4,3880,14,1-2,690,3,1-2-4,1460,6,1-2,840,4,,,,,,,
20260226,多摩川,6,一般,晴,北東,2,1,5,3,4120,柘 植 政 浩,41,61,6.74,3,0.11,,1-2-4,3880,14,1-2,690,3,1-2-4,1460,6,1-2,840,4,,,,,,,
20260226,多摩川,6,一般,晴,北東,2,1,6,6,5304,井 田 涼 介,68,34,6.79,6,0.09,,1-2-4,3880,14,1-2,690,3,1-2-4,1460,6,1-2,840,4,,,,,,,
20260226,多摩川,7,一般,晴,北東,2,1,1,3,5147,田 中 勇 輔,22,23,6.77,3,0.12,1.48.9,3-4-6,32330,73,3-4,4070,15,3-4-6,20930,20,3-4,3560,10,,,,,,,
20260226,多摩川,7,一般,晴,北東,2,1,2,4,3467,森 弘 行,32,64,6.84,4,0.13,1.51.4,3-4-6,32330,73,3-4,4070,15,3-4-6,20930,20,3-4,3560,10,,,,,,,
20260226,多摩川,7,一般,晴,北東,2,1,3,6,3699,富 永 正 人,37,76,6.77,6,0.08,1.51.5,3-4-6,32330,73,3-4,4070,15,3-4-6,20930,20,3-4,3560,10,,,,,,,
20260226,多摩川,7,一般,晴,北東,2,1,4,1,4003,表 憲 一,27,70,6.79,1,0.22,1.51.8,3-4-6,32330,73,3-4,4070,15,3-4-6,20930,20,3-4,3560,10,,,,,,,
20260226,多摩川,7,一般,晴,北東,2,1,5,5,4710,福 田 宗 平,67,83,6.75,5,0.04,,3-4-6,32330,73,3-4,4070,15,3-4-6,20930,20,3-4,3560,10,,,,,,,
20260226,多摩川,7,一般,晴,北東,2,1,6,2,3202,三 品 隆 浩,66,27,6.79,2,0.25,,3-4-6,32330,73,3-4,4070,15,3-4-6,20930,20,3-4,3560,10,,,,,,,
20260226,多摩川,8,一般,曇り,北,2,1,1,2,5167,小 川 竜太朗,59,42,6.73,2,0.12,1.48.9,2-6-1,8730,39,2-6,1670,9,1-2-6,1170,6,2-6,890,3,,,,,,,
20260226,多摩川,8,一般,曇り,北,2,1,2,6,4305,金 子 拓 矢,52,67,6.77,6,0.05,1.49.6,2-6-1,8730,39,2-6,1670,9,1-2-6,1170,6,2-6,890,3,,,,,,,
20260226,多摩川,8,一般,曇り,北,2,1,3,1,4253,西 川 真 人,13,33,6.82,1,0.11,1.50.8,2-6-1,8730,39,2-6,1670,9,1-2-6,1170,6,2-6,890,3,,,,,,,
20260226,多摩川,8,一般,曇り,北,2,1,4,5,3686,鳥居塚 孝 博,14,37,6.84,5,0.04,1.51.1,2-6-1,8730,39,2-6,1670,9,1-2-6,1170,6,2-6,890,3,,,,,,,
20260226,多摩川,8,一般,曇り,北,2,1,5,3,4728,山 口 亮,57,22,6.77,3,0.09,,2-6-1,8730,39,2-6,1670,9,1-2-6,1170,6,2-6,890,3,,,,,,,
20260226,多摩川,8,一般,曇り,北,2,1,6,4,4140,梶 野 学 志,69,44,6.80,4,0.08,,2-6-1,8730,39,2-6,1670,9,1-2-6,1170,6,2-6,890,3,,,,,,,
20260226,多摩川,9,一般,晴,北東,3,2,1,4,5095,小 原 聡 将,36,26,6.76,4,0.10,1.49.5,4-1-3,6360,23,4-1,1220,6,1-3-4,570,3,1-4,440,1,,,,,,,
20260226,多摩川,9,一般,晴,北東,3,2,2,1,2878,富 山 弘 幸,43,62,6.71,1,0.22,1.50.7,4-1-3,6360,23,4-1,1220,6,1-3-4,570,3,1-4,440,1,,,,,,,
20260226,多摩川,9,一般,晴,北東,3,2,3,3,3827,今 泉 徹,70,63,6.71,3,0.16,1.52.2,4-1-3,6360,23,4-1,1220,6,1-3-4,570,3,1-4,440,1,,,,,,,
20260226,多摩川,9,一般,晴,北東,3,2,4,6,3833,中 辻 博 訓,17,40,6.78,6,0.16,1.52.4,4-1-3,6360,23,4-1,1220,6,1-3-4,570,3,1-4,440,1,,,,,,,
20260226,多摩川,9,一般,晴,北東,3,2,5,5,3445,加 藤 高 史,12,68,6.81,5,0.12,,4-1-3,6360,23,4-1,1220,6,1-3-4,570,3,1-4,440,1,,,,,,,
20260226,多摩川,9,一般,晴,北東,3,2,6,2,3313,本 吉 正 樹,54,36,6.73,2,0.32,,4-1-3,6360,23,4-1,1220,6,1-3-4,570,3,1-4,440,1,,,,,,,
20260226,多摩川,10,準優勝戦,晴,北,2,1,1,1,5035,櫻 井 優,73,49,6.65,1,0.15,1.48.1,1-4-3,2320,8,1-4,540,3,1-3-4,1040,5,1-4,740,3,,,,,,,
20260226,多摩川,10,準優勝戦,晴,北,2,1,2,4,4120,柘 植 政 浩,41,61,6.72,4,0.14,1.49.1,1-4-3,2320,8,1-4,540,3,1-3-4,1040,5,1-4,740,3,,,,,,,
20260226,多摩川,10,準優勝戦,晴,北,2,1,3,3,4631,新 井 英 孝,72,29,6.68,3,0.11,1.50.9,1-4-3,2320,8,1-4,540,3,1-3-4,1040,5,1-4,740,3,,,,,,,
20260226,多摩川,10,準優勝戦,晴,北,2,1,4,5,4925,森 悠 稀,30,81,6.67,5,0.12,1.51.4,1-4-3,2320,8,1-4,540,3,1-3-4,1040,5,1-4,740,3,,,,,,,
20260226,多摩川,10,準優勝戦,晴,北,2,1,5,6,3653,品 川 賢 次,61,47,6.76,6,0.10,,1-4-3,2320,8,1-4,540,3,1-3-4,1040,5,1-4,740,3,,,,,,,
20260226,多摩川,10,準優勝戦,晴,北,2,1,6,2,3381,滝 沢 芳 行,33,51,6.63,2,0.11,,1-4-3,2320,8,1-4,540,3,1-3-4,1040,5,1-4,740,3,,,,,,,
20260226,多摩川,11,準優勝戦,晴,北東,4,3,1,2,3557,太 田 和 美,55,60,6.67,2,0.15,1.48.6,2-1-4,970,3,2-1,480,2,1-2-4,260,1,1-2,200,1,,,,,,,
20260226,多摩川,11,準優勝戦,晴,北東,4,3,2,1,3880,浅 見 宗 孝,26,71,6.72,1,0.08,1.50.1,2-1-4,970,3,2-1,480,2,1-2-4,260,1,1-2,200,1,,,,,,,
20260226,多摩川,11,準優勝戦,晴,北東,4,3,3,4,4133,高 橋 正 男,35,84,6.69,4,0.15,1.51.5,2-1-4,970,3,2-1,480,2,1-2-4,260,1,1-2,200,1,,,,,,,
20260226,多摩川,11,準優勝戦,晴,北東,4,3,4,3,3463,乙 津 康 志,53,48,6.71,3,0.14,1.52.6,2-1-4,970,3,2-1,480,2,1-2-4,260,1,1-2,200,1,,,,,,,
20260226,多摩川,11,準優勝戦,晴,北東,4,3,5,5,4656,大 崎 翔,63,21,6.68,5,0.17,,2-1-4,970,3,2-1,480,2,1-2-4,260,1,1-2,200,1,,,,,,,
20260226,多摩川,11,準優勝戦,晴,北東,4,3,6,6,4003,表 憲 一,27,70,6.77,6,0.18,,2-1-4,970,3,2-1,480,2,1-2-4,260,1,1-2,200,1,,,,,,,
20260226,多摩川,12,準優勝戦,晴,北,2,1,1,1,4305,金 子 拓 矢,52,67,6.78,1,0.13,1.47.5,1-5-4,3930,10,1-5,610,3,1-4-5,1640,6,1-5,310,3,,,,,,,
20260226,多摩川,12,準優勝戦,晴,北,2,1,2,5,4794,和 田 拓 也,51,25,6.70,6,0.13,1.49.8,1-5-4,3930,10,1-5,610,3,1-4-5,1640,6,1-5,310,3,,,,,,,
20260226,多摩川,12,準優勝戦,晴,北,2,1,3,4,4995,田 邉 亮 蔵,64,28,6.72,4,0.18,1.51.6,1-5-4,3930,10,1-5,610,3,1-4-5,1640,6,1-5,310,3,,,,,,,
20260226,多摩川,12,準優勝戦,晴,北,2,1,4,3,4140,梶 野 学 志,69,44,6.78,3,0.13,1.53.0,1-5-4,3930,10,1-5,610,3,1-4-5,1640,6,1-5,310,3,,,,,,,
20260226,多摩川,12,準優勝戦,晴,北,2,1,5,2,4710,福 田 宗 平,67,55,6.75,2,0.18,,1-5-4,3930,10,1-5,610,3,1-4-5,1640,6,1-5,310,3,,,,,,,
20260226,多摩川,12,準優勝戦,晴,北,2,1,6,6,4651,佐 藤 大 騎,11,59,6.74,5,0.29,,1-5-4,3930,10,1-5,610,3,1-4-5,1640,6,1-5,310,3,,,,,,,
20260226,大村,1,予選 進入固定,晴,北西,1,1,1,3,5270,小 玉 啓 太,53,35,6.85,3,0.07,1.50.1,3-2-5,8270,20,3-2,4000,9,2-3-5,1040,3,2-3,670,3,,,,,,,
20260226,大村,1,予選 進入固定,晴,北西,1,1,2,2,5141,大 澤 風 葵,30,46,6.83,2,0.08,1.52.0,3-2-5,8270,20,3-2,4000,9,2-3-5,1040,3,2-3,670,3,,,,,,,
20260226,大村,1,予選 進入固定,晴,北西,1,1,3,5,5369,岡 崎 凪 汰,43,57,6.78,5,0.18,1.52.8,3-2-5,8270,20,3-2,4000,9,2-3-5,1040,3,2-3,670,3,,,,,,,
20260226,大村,1,予選 進入固定,晴,北西,1,1,4,1,5276,大 島 隆乃介,71,20,6.82,1,0.12,1.54.1,3-2-5,8270,20,3-2,4000,9,2-3-5,1040,3,2-3,670,3,,,,,,,
20260226,大村,1,予選 進入固定,晴,北西,1,1,5,6,5336,瀬 川 大 地,45,34,6.87,6,0.22,,3-2-5,8270,20,3-2,4000,9,2-3-5,1040,3,2-3,670,3,,,,,,,
20260226,大村,1,予選 進入固定,晴,北西,1,1,6,4,5345,牧 村 俊 輝,57,12,6.85,4,0.23,,3-2-5,8270,20,3-2,4000,9,2-3-5,1040,3,2-3,670,3,,,,,,,
20260226,大村,2,予選 進入固定,晴,北西,1,1,1,1,5294,豊 田 祥 生,50,47,6.87,1,0.03,1.50.7,1-3-4,620,1,1-3,370,2,1-3-4,180,1,1-3,260,2,,,,,,,
20260226,大村,2,予選 進入固定,晴,北西,1,1,2,3,5160,藤 森 陸 斗,19,25,6.88,3,0.15,1.52.2,1-3-4,620,1,1-3,370,2,1-3-4,180,1,1-3,260,2,,,,,,,
20260226,大村,2,予選 進入固定,晴,北西,1,1,3,4,5356,長谷川 暖,47,76,6.87,4,0.18,1.53.2,1-3-4,620,1,1-3,370,2,1-3-4,180,1,1-3,260,2,,,,,,,
20260226,大村,2,予選 進入固定,晴,北西,1,1,4,5,5372,上 岡 巧 汰,35,65,6.85,5,0.15,1.54.8,1-3-4,620,1,1-3,370,2,1-3-4,180,1,1-3,260,2,,,,,,,
20260226,大村,2,予選 進入固定,晴,北西,1,1,5,2,5309,森 雄 利,17,22,6.86,2,0.11,,1-3-4,620,1,1-3,370,2,1-3-4,180,1,1-3,260,2,,,,,,,
20260226,大村,2,予選 進入固定,晴,北西,1,1,6,6,5417,小 柳 勝 希,56,67,6.95,6,0.23,,1-3-4,620,1,1-3,370,2,1-3-4,180,1,1-3,260,2,,,,,,,
20260226,大村,3,予選 進入固定,晴,北西,1,1,1,2,5299,西 丸 敦 基,15,36,6.82,2,0.09,2.00.2,2-5-4,2620,12,2-5,460,2,2-4-5,900,4,2-5,220,1,,,,,,,
20260226,大村,3,予選 進入固定,晴,北西,1,1,2,5,5278,田 中 駿 兵,33,74,6.80,5,0.12,2.05.0,2-5-4,2620,12,2-5,460,2,2-4-5,900,4,2-5,220,1,,,,,,,
20260226,大村,3,予選 進入固定,晴,北西,1,1,3,4,5209,小 野 京 平,51,53,6.93,4,0.12,2.08.3,2-5-4,2620,12,2-5,460,2,2-4-5,900,4,2-5,220,1,,,,,,,
20260226,大村,3,予選 進入固定,晴,北西,1,1,4,6,5290,坂 本 一 真,23,38,6.81,6,0.07,2.10.7,2-5-4,2620,12,2-5,460,2,2-4-5,900,4,2-5,220,1,,,,,,,
20260226,大村,3,予選 進入固定,晴,北西,1,1,5,1,5355,萩 原 丈太朗,52,55,6.88,1,0.05,,2-5-4,2620,12,2-5,460,2,2-4-5,900,4,2-5,220,1,,,,,,,
20260226,大村,3,予選 進入固定,晴,北西,1,1,S1,3,5315,浅 井 翼,68,48,6.87,3,0.09,,2-5-4,2620,12,2-5,460,2,2-4-5,900,4,2-5,220,1,,,,,,,
20260226,大村,4,予選 進入固定,晴,南西,2,1,1,1,5311,小 林 京 平,46,56,6.80,1,0.18,1.50.3,1-2-4,630,2,1-2,190,1,1-2-4,390,2,1-2,120,1,,,,,,,
20260226,大村,4,予選 進入固定,晴,南西,2,1,2,2,5220,青 木 蓮,76,18,6.81,2,0.19,1.52.2,1-2-4,630,2,1-2,190,1,1-2-4,390,2,1-2,120,1,,,,,,,
20260226,大村,4,予選 進入固定,晴,南西,2,1,3,4,5266,石 田 勇 斗,60,37,6.90,4,0.16,1.53.5,1-2-4,630,2,1-2,190,1,1-2-4,390,2,1-2,120,1,,,,,,,
20260226,大村,4,予選 進入固定,晴,南西,2,1,4,5,5152,丸 山 祐 也,70,64,6.92,5,0.31,1.53.9,1-2-4,630,2,1-2,190,1,1-2-4,390,2,1-2,120,1,,,,,,,
20260226,大村,4,予選 進入固定,晴,南西,2,1,5,3,5190,大 月 遊 雅,69,41,6.83,3,0.18,,1-2-4,630,2,1-2,190,1,1-2-4,390,2,1-2,120,1,,,,,,,
20260226,大村,4,予選 進入固定,晴,南西,2,1,6,6,5395,日 高 龍之介,12,69,6.88,6,0.33,,1-2-4,630,2,1-2,190,1,1-2-4,390,2,1-2,120,1,,,,,,,
20260226,大村,5,予選 進入固定,曇り,南西,2,1,1,1,5301,岩 下 巧 斗,59,78,6.88,1,0.14,1.50.4,1-3-4,4330,17,1-3,1780,8,1-3-4,860,4,1-3,1620,7,,,,,,,
20260226,大村,5,予選 進入固定,曇り,南西,2,1,2,3,5292,佐 藤 右 京,55,14,6.89,3,0.14,1.51.8,1-3-4,4330,17,1-3,1780,8,1-3-4,860,4,1-3,1620,7,,,,,,,
20260226,大村,5,予選 進入固定,曇り,南西,2,1,3,4,5034,若 林 義 人,72,19,6.85,4,0.15,1.53.8,1-3-4,4330,17,1-3,1780,8,1-3-4,860,4,1-3,1620,7,,,,,,,
20260226,大村,5,予選 進入固定,曇り,南西,2,1,4,2,5261,岡 暢 祐,37,40,6.88,2,0.14,1.54.4,1-3-4,4330,17,1-3,1780,8,1-3-4,860,4,1-3,1620,7,,,,,,,
20260226,大村,5,予選 進入固定,曇り,南西,2,1,5,6,5154,村 松 栄 太,62,30,6.88,6,0.19,,1-3-4,4330,17,1-3,1780,8,1-3-4,860,4,1-3,1620,7,,,,,,,
20260226,大村,5,予選 進入固定,曇り,南西,2,1,6,5,5337,出 畑 孝 成,63,31,6.87,5,0.27,,1-3-4,4330,17,1-3,1780,8,1-3-4,860,4,1-3,1620,7,,,,,,,
20260226,大村,6,予選 進入固定,曇り,南西,2,1,1,4,5158,宮 脇 遼 太,40,28,6.76,4,0.11,1.50.5,4-1-3,1430,5,4-1,820,5,1-3-4,160,1,1-4,440,3,,,,,,,
20260226,大村,6,予選 進入固定,曇り,南西,2,1,2,1,5212,西 川 拓 利,27,63,6.86,1,0.16,1.51.6,4-1-3,1430,5,4-1,820,5,1-3-4,160,1,1-4,440,3,,,,,,,
20260226,大村,6,予選 進入固定,曇り,南西,2,1,3,3,5196,鰐 部 太空海,64,33,6.86,3,0.19,1.52.4,4-1-3,1430,5,4-1,820,5,1-3-4,160,1,1-4,440,3,,,,,,,
20260226,大村,6,予選 進入固定,曇り,南西,2,1,4,6,5285,若 林 麗,29,43,6.86,6,0.13,1.54.6,4-1-3,1430,5,4-1,820,5,1-3-4,160,1,1-4,440,3,,,,,,,
20260226,大村,6,予選 進入固定,曇り,南西,2,1,5,5,5236,小 宮 涼 雅,49,73,6.95,5,0.17,,4-1-3,1430,5,4-1,820,5,1-3-4,160,1,1-4,440,3,,,,,,,
20260226,大村,6,予選 進入固定,曇り,南西,2,1,6,2,5336,瀬 川 大 地,45,34,6.90,2,0.18,,4-1-3,1430,5,4-1,820,5,1-3-4,160,1,1-4,440,3,,,,,,,
20260226,大村,7,予選 進入固定,曇り,南西,2,1,1,3,5207,高 山 敬 悟,67,24,6.86,3,0.20,1.49.3,3-2-1,26960,31,3-2,8690,12,1-2-3,320,1,2-3,3050,5,,,,,,,
20260226,大村,7,予選 進入固定,曇り,南西,2,1,2,2,5369,岡 崎 凪 汰,43,57,6.79,2,0.22,1.52.2,3-2-1,26960,31,3-2,8690,12,1-2-3,320,1,2-3,3050,5,,,,,,,
20260226,大村,7,予選 進入固定,曇り,南西,2,1,3,1,5089,前 田 翔,16,77,6.88,1,0.17,1.52.5,3-2-1,26960,31,3-2,8690,12,1-2-3,320,1,2-3,3050,5,,,,,,,
20260226,大村,7,予選 進入固定,曇り,南西,2,1,4,4,5350,網 代 良 芽,32,16,6.80,4,0.16,1.54.1,3-2-1,26960,31,3-2,8690,12,1-2-3,320,1,2-3,3050,5,,,,,,,
20260226,大村,7,予選 進入固定,曇り,南西,2,1,5,6,5372,上 岡 巧 汰,35,65,6.89,6,0.21,,3-2-1,26960,31,3-2,8690,12,1-2-3,320,1,2-3,3050,5,,,,,,,
20260226,大村,7,予選 進入固定,曇り,南西,2,1,6,5,5206,梅 原 祥 平,31,60,6.92,5,0.16,,3-2-1,26960,31,3-2,8690,12,1-2-3,320,1,2-3,3050,5,,,,,,,
20260226,大村,8,予選 進入固定,曇り,南西,2,1,1,1,5126,山 下 大 輝,34,75,6.78,1,0.11,1.50.2,1-4-6,450,1,1-4,280,1,1-4-6,210,1,1-4,220,1,,,,,,,
20260226,大村,8,予選 進入固定,曇り,南西,2,1,2,4,5388,佐 野 優 都,28,62,6.86,4,0.16,1.52.4,1-4-6,450,1,1-4,280,1,1-4-6,210,1,1-4,220,1,,,,,,,
20260226,大村,8,予選 進入固定,曇り,南西,2,1,3,6,5136,濱 野 斗 馬,66,58,6.95,6,0.20,1.53.7,1-4-6,450,1,1-4,280,1,1-4-6,210,1,1-4,220,1,,,,,,,
20260226,大村,8,予選 進入固定,曇り,南西,2,1,4,5,5417,小 柳 勝 希,56,67,6.95,5,0.23,1.55.0,1-4-6,450,1,1-4,280,1,1-4-6,210,1,1-4,220,1,,,,,,,
20260226,大村,8,予選 進入固定,曇り,南西,2,1,5,2,5209,小 野 京 平,51,53,7.01,2,0.21,,1-4-6,450,1,1-4,280,1,1-4-6,210,1,1-4,220,1,,,,,,,
20260226,大村,8,予選 進入固定,曇り,南西,2,1,6,3,5345,牧 村 俊 輝,57,12,6.91,3,0.13,,1-4-6,450,1,1-4,280,1,1-4-6,210,1,1-4,220,1,,,,,,,
20260226,大村,9,予選特賞 進入固定,曇り,南西,2,1,1,1,5286,坂 井 滉 哉,41,13,6.86,1,0.12,1.50.6,1-3-2,4360,13,1-3,2510,8,1-2-3,660,3,1-3,1150,4,,,,,,,
20260226,大村,9,予選特賞 進入固定,曇り,南西,2,1,2,3,5309,森 雄 利,17,22,6.90,3,0.18,1.51.4,1-3-2,4360,13,1-3,2510,8,1-2-3,660,3,1-3,1150,4,,,,,,,
20260226,大村,9,予選特賞 進入固定,曇り,南西,2,1,3,2,5114,小 林 孝 彰,20,71,6.81,2,0.13,1.52.3,1-3-2,4360,13,1-3,2510,8,1-2-3,660,3,1-3,1150,4,,,,,,,
20260226,大村,9,予選特賞 進入固定,曇り,南西,2,1,4,6,5139,大 場 恒 季,14,11,6.90,6,0.09,1.53.6,1-3-2,4360,13,1-3,2510,8,1-2-3,660,3,1-3,1150,4,,,,,,,
20260226,大村,9,予選特賞 進入固定,曇り,南西,2,1,5,4,5315,浅 井 翼,68,48,6.88,4,0.16,,1-3-2,4360,13,1-3,2510,8,1-2-3,660,3,1-3,1150,4,,,,,,,
20260226,大村,9,予選特賞 進入固定,曇り,南西,2,1,6,5,5395,日 高 龍之介,12,69,6.92,5,0.15,,1-3-2,4360,13,1-3,2510,8,1-2-3,660,3,1-3,1150,4,,,,,,,
20260226,大村,10,予選特賞 進入固定,曇り,南西,1,1,1,3,5125,高 井 雄 基,75,68,6.99,3,0.09,1.49.7,3-1-2,5900,17,3-1,1670,6,1-2-3,360,1,1-3,320,2,,,,,,,
20260226,大村,10,予選特賞 進入固定,曇り,南西,1,1,2,1,5160,藤 森 陸 斗,19,25,6.88,1,0.07,1.51.7,3-1-2,5900,17,3-1,1670,6,1-2-3,360,1,1-3,320,2,,,,,,,
20260226,大村,10,予選特賞 進入固定,曇り,南西,1,1,3,2,5270,小 玉 啓 太,53,35,6.87,2,0.08,1.52.6,3-1-2,5900,17,3-1,1670,6,1-2-3,360,1,1-3,320,2,,,,,,,
20260226,大村,10,予選特賞 進入固定,曇り,南西,1,1,4,4,5190,大 月 遊 雅,69,41,6.87,4,0.13,1.54.0,3-1-2,5900,17,3-1,1670,6,1-2-3,360,1,1-3,320,2,,,,,,,
20260226,大村,10,予選特賞 進入固定,曇り,南西,1,1,5,5,5301,岩 下 巧 斗,59,78,6.84,5,0.18,,3-1-2,5900,17,3-1,1670,6,1-2-3,360,1,1-3,320,2,,,,,,,
20260226,大村,10,予選特賞 進入固定,曇り,南西,1,1,6,6,5240,高 橋 龍 治,13,17,6.88,6,0.16,,3-1-2,5900,17,3-1,1670,6,1-2-3,360,1,1-3,320,2,,,,,,,
20260226,大村,11,予選特選 進入固定,曇り,南西,2,1,1,1,5158,宮 脇 遼 太,40,28,6.83,1,0.09,1.50.4,1-3-2,580,1,1-3,230,1,1-2-3,290,1,1-3,160,1,,,,,,,
20260226,大村,11,予選特選 進入固定,曇り,南西,2,1,2,3,5141,大 澤 風 葵,30,46,6.89,3,0.14,1.51.0,1-3-2,580,1,1-3,230,1,1-2-3,290,1,1-3,160,1,,,,,,,
20260226,大村,11,予選特選 進入固定,曇り,南西,2,1,3,2,5356,長谷川 暖,47,76,6.89,2,0.15,1.52.0,1-3-2,580,1,1-3,230,1,1-2-3,290,1,1-3,160,1,,,,,,,
20260226,大村,11,予選特選 進入固定,曇り,南西,2,1,4,6,5299,西 丸 敦 基,15,36,6.89,6,0.11,1.53.7,1-3-2,580,1,1-3,230,1,1-2-3,290,1,1-3,160,1,,,,,,,
20260226,大村,11,予選特選 進入固定,曇り,南西,2,1,5,4,5337,出 畑 孝 成,63,31,6.91,4,0.12,,1-3-2,580,1,1-3,230,1,1-2-3,290,1,1-3,160,1,,,,,,,
20260226,大村,11,予選特選 進入固定,曇り,南西,2,1,6,5,5311,小 林 京 平,46,56,6.83,5,0.17,,1-3-2,580,1,1-3,230,1,1-2-3,290,1,1-3,160,1,,,,,,,
20260226,大村,12,発祥地選抜 進入固定,曇り,南,1,1,1,3,5034,若 林 義 人,72,19,6.88,3,0.17,1.50.2,3-4-2,30170,58,3-4,8880,16,2-3-4,6580,12,3-4,2830,7,,,,,,,
20260226,大村,12,発祥地選抜 進入固定,曇り,南,1,1,2,4,5126,山 下 大 輝,34,75,6.74,4,0.18,1.51.0,3-4-2,30170,58,3-4,8880,16,2-3-4,6580,12,3-4,2830,7,,,,,,,
20260226,大村,12,発祥地選抜 進入固定,曇り,南,1,1,3,2,5278,田 中 駿 兵,33,74,6.86,2,0.19,1.52.2,3-4-2,30170,58,3-4,8880,16,2-3-4,6580,12,3-4,2830,7,,,,,,,
20260226,大村,12,発祥地選抜 進入固定,曇り,南,1,1,4,5,5089,前 田 翔,16,77,6.88,5,0.23,1.53.1,3-4-2,30170,58,3-4,8880,16,2-3-4,6580,12,3-4,2830,7,,,,,,,
20260226,大村,12,発祥地選抜 進入固定,曇り,南,1,1,5,6,5220,青 木 蓮,76,18,6.83,6,0.16,,3-4-2,30170,58,3-4,8880,16,2-3-4,6580,12,3-4,2830,7,,,,,,,
20260226,大村,12,発祥地選抜 進入固定,曇り,南,1,1,6,1,5196,鰐 部 太空海,64,33,6.85,1,0.14,,3-4-2,30170,58,3-4,8880,16,2-3-4,6580,12,3-4,2830,7,,,,,,,
20260226,尼崎,1,朝からセンプ,曇り,北東,3,0,1,1,4520,高 倉 孝 太,42,29,6.76,1,0.13,1.49.2,1-3-2,620,1,1-3,300,1,1-2-3,230,1,1-3,180,1,,,,,,,
20260226,尼崎,1,朝からセンプ,曇り,北東,3,0,2,3,4796,春 園 功 太,44,17,6.79,3,0.15,1.51.1,1-3-2,620,1,1-3,300,1,1-2-3,230,1,1-3,180,1,,,,,,,
20260226,尼崎,1,朝からセンプ,曇り,北東,3,0,3,2,3105,内 山 文 典,2,34,6.87,2,0.14,1.52.3,1-3-2,620,1,1-3,300,1,1-2-3,230,1,1-3,180,1,,,,,,,
20260226,尼崎,1,朝からセンプ,曇り,北東,3,0,4,5,5310,土 屋 蘭,5,57,6.81,5,0.15,1.52.9,1-3-2,620,1,1-3,300,1,1-2-3,230,1,1-3,180,1,,,,,,,
20260226,尼崎,1,朝からセンプ,曇り,北東,3,0,5,4,4162,竹 本 太 樹,26,40,6.86,4,0.21,1.55.4,1-3-2,620,1,1-3,300,1,1-2-3,230,1,1-3,180,1,,,,,,,
20260226,尼崎,1,朝からセンプ,曇り,北東,3,0,6,6,3730,塩 崎 優 司,16,14,6.83,6,0.17,1.55.7,1-3-2,620,1,1-3,300,1,1-2-3,230,1,1-3,180,1,,,,,,,
20260226,尼崎,2,予選,曇り,東,3,0,1,1,4878,西 岡 育 未,58,23,6.84,1,0.10,1.49.6,1-5-6,3760,12,1-5,860,3,1-5-6,960,5,1-5,780,4,,,,,,,
20260226,尼崎,2,予選,曇り,東,3,0,2,5,3412,鈴 木 博,23,45,6.82,4,0.22,1.50.2,1-5-6,3760,12,1-5,860,3,1-5-6,960,5,1-5,780,4,,,,,,,
20260226,尼崎,2,予選,曇り,東,3,0,3,6,5155,内 山 七 海,53,33,6.74,5,0.24,1.51.5,1-5-6,3760,12,1-5,860,3,1-5-6,960,5,1-5,780,4,,,,,,,
20260226,尼崎,2,予選,曇り,東,3,0,4,3,3294,野 中 義 生,50,21,6.81,3,0.13,1.53.2,1-5-6,3760,12,1-5,860,3,1-5-6,960,5,1-5,780,4,,,,,,,
20260226,尼崎,2,予選,曇り,東,3,0,5,2,4314,青 木 幸太郎,29,24,6.79,2,0.14,1.54.8,1-5-6,3760,12,1-5,860,3,1-5-6,960,5,1-5,780,4,,,,,,,
20260226,尼崎,2,予選,曇り,東,3,0,6,4,5405,竹 内 来,17,70,6.81,6,0.18,1.56.1,1-5-6,3760,12,1-5,860,3,1-5-6,960,5,1-5,780,4,,,,,,,
20260226,尼崎,3,予選,曇り,無風,0,0,1,4,4465,大 西 賢,41,75,6.79,4,0.03,1.49.3,4-6-5,23590,58,4-6,4310,13,4-5-6,4810,16,4-6,3100,9,,,,,,,
20260226,尼崎,3,予選,曇り,無風,0,0,2,6,4447,深 川 麻奈美,20,31,6.80,6,0.22,1.50.7,4-6-5,23590,58,4-6,4310,13,4-5-6,4810,16,4-6,3100,9,,,,,,,
20260226,尼崎,3,予選,曇り,無風,0,0,3,5,4672,守 屋 大 地,33,41,6.87,5,0.12,1.52.9,4-6-5,23590,58,4-6,4310,13,4-5-6,4810,16,4-6,3100,9,,,,,,,
20260226,尼崎,3,予選,曇り,無風,0,0,4,2,4161,黒 柳 浩 孝,60,37,6.77,2,0.20,1.53.9,4-6-5,23590,58,4-6,4310,13,4-5-6,4810,16,4-6,3100,9,,,,,,,
20260226,尼崎,3,予選,曇り,無風,0,0,5,1,5053,山 口 広 樹,18,71,6.81,1,0.18,1.55.1,4-6-5,23590,58,4-6,4310,13,4-5-6,4810,16,4-6,3100,9,,,,,,,
20260226,尼崎,3,予選,曇り,無風,0,0,6,3,4186,小 川 時 光,11,39,6.82,3,0.24,1.57.0,4-6-5,23590,58,4-6,4310,13,4-5-6,4810,16,4-6,3100,9,,,,,,,
20260226,尼崎,4,予選,曇り,東,3,0,1,1,3577,向 所 浩 二,3,35,6.80,1,0.15,1.49.8,1-2-6,780,1,1-2,360,1,1-2-6,320,1,1-2,330,2,,,,,,,
20260226,尼崎,4,予選,曇り,東,3,0,2,2,3963,原 田 秀 弥,32,58,6.93,2,0.11,1.50.0,1-2-6,780,1,1-2,360,1,1-2-6,320,1,1-2,330,2,,,,,,,
20260226,尼崎,4,予選,曇り,東,3,0,3,6,5267,石 本 裕 武,43,73,6.83,6,0.02,1.50.9,1-2-6,780,1,1-2,360,1,1-2-6,320,1,1-2,330,2,,,,,,,
20260226,尼崎,4,予選,曇り,東,3,0,4,3,4984,森 下 愛 梨,13,25,6.86,3,0.03,1.52.2,1-2-6,780,1,1-2,360,1,1-2-6,320,1,1-2,330,2,,,,,,,
20260226,尼崎,4,予選,曇り,東,3,0,5,4,4836,大 谷 健 太,24,42,6.95,5,0.05,1.54.3,1-2-6,780,1,1-2,360,1,1-2-6,320,1,1-2,330,2,,,,,,,
20260226,尼崎,4,予選,曇り,東,3,0,F,5,3302,谷 川 里 江,59,63,6.93,4,F0.06,,1-2-6,780,1,1-2,360,1,1-2-6,320,1,1-2,330,2,,,,,,,
20260226,尼崎,5,予選,曇り,東,3,0,1,1,4778,堤 啓 輔,45,54,6.87,1,0.16,1.49.4,1-4-3,6010,21,1-4,1140,5,1-3-4,1690,7,1-4,900,4,,,,,,,
20260226,尼崎,5,予選,曇り,東,3,0,2,4,4533,峰 重 侑 治,49,74,6.81,4,0.17,1.50.1,1-4-3,6010,21,1-4,1140,5,1-3-4,1690,7,1-4,900,4,,,,,,,
20260226,尼崎,5,予選,曇り,東,3,0,3,3,4464,山 下 友 貴,35,65,6.85,3,0.20,1.51.2,1-4-3,6010,21,1-4,1140,5,1-3-4,1690,7,1-4,900,4,,,,,,,
20260226,尼崎,5,予選,曇り,東,3,0,4,6,4019,笠 原 亮,9,72,6.87,6,0.17,1.52.0,1-4-3,6010,21,1-4,1140,5,1-3-4,1690,7,1-4,900,4,,,,,,,
20260226,尼崎,5,予選,曇り,東,3,0,5,5,4175,川 尻 泰 輔,61,61,6.91,5,0.15,1.54.3,1-4-3,6010,21,1-4,1140,5,1-3-4,1690,7,1-4,900,4,,,,,,,
20260226,尼崎,5,予選,曇り,東,3,0,6,2,4436,渋 谷 明 憲,48,47,6.90,2,0.15,1.55.8,1-4-3,6010,21,1-4,1140,5,1-3-4,1690,7,1-4,900,4,,,,,,,
20260226,尼崎,6,昼どきピンク,曇り,北東,2,0,1,1,4383,竹 田 吉 行,40,67,6.89,1,0.20,1.50.3,1-2-3,1310,5,1-2,270,1,1-2-3,740,4,1-2,410,2,,,,,,,
20260226,尼崎,6,昼どきピンク,曇り,北東,2,0,2,2,5022,伊 藤 尚 汰,10,56,6.79,2,0.17,1.51.2,1-2-3,1310,5,1-2,270,1,1-2-3,740,4,1-2,410,2,,,,,,,
20260226,尼崎,6,昼どきピンク,曇り,北東,2,0,3,3,3105,内 山 文 典,2,34,6.89,3,0.16,1.52.2,1-2-3,1310,5,1-2,270,1,1-2-3,740,4,1-2,410,2,,,,,,,
20260226,尼崎,6,昼どきピンク,曇り,北東,2,0,4,5,4247,齊 藤 優,15,15,6.86,5,0.15,1.52.8,1-2-3,1310,5,1-2,270,1,1-2-3,740,4,1-2,410,2,,,,,,,
20260226,尼崎,6,昼どきピンク,曇り,北東,2,0,5,4,4011,堀之内 紀代子,55,13,6.79,4,0.20,1.53.5,1-2-3,1310,5,1-2,270,1,1-2-3,740,4,1-2,410,2,,,,,,,
20260226,尼崎,6,昼どきピンク,曇り,北東,2,0,6,6,5405,竹 内 来,17,70,6.86,6,0.11,1.56.1,1-2-3,1310,5,1-2,270,1,1-2-3,740,4,1-2,410,2,,,,,,,
20260226,尼崎,7,予選,曇り,東,2,0,1,3,3730,塩 崎 優 司,16,14,6.96,4,0.12,1.58.2,3-5-6,3000,8,3-5,1060,3,3-5-6,1240,7,3-5,780,4,,,,,,,
20260226,尼崎,7,予選,曇り,東,2,0,2,5,4381,田 路 朋 史,28,32,6.87,5,0.15,2.03.3,3-5-6,3000,8,3-5,1060,3,3-5-6,1240,7,3-5,780,4,,,,,,,
20260226,尼崎,7,予選,曇り,東,2,0,3,6,4927,関 野 文,12,60,6.82,6,0.22,2.06.3,3-5-6,3000,8,3-5,1060,3,3-5-6,1240,7,3-5,780,4,,,,,,,
20260226,尼崎,7,予選,曇り,東,2,0,4,2,4672,守 屋 大 地,33,41,6.92,3,0.25,2.09.2,3-5-6,3000,8,3-5,1060,3,3-5-6,1240,7,3-5,780,4,,,,,,,
20260226,尼崎,7,予選,曇り,東,2,0,S2,1,3294,野 中 義 生,50,21,6.85,1,0.24,,3-5-6,3000,8,3-5,1060,3,3-5-6,1240,7,3-5,780,4,,,,,,,
20260226,尼崎,7,予選,曇り,東,2,0,S0,4,3265,今 村 暢 孝,27,55,6.88,2,0.25,,3-5-6,3000,8,3-5,1060,3,3-5-6,1240,7,3-5,780,4,,,,,,,
20260226,尼崎,8,予選,曇り,北東,2,0,1,2,5267,石 本 裕 武,43,73,6.82,2,0.26,1.48.9,2-3-1,4740,12,2-3,1740,4,1-2-3,200,1,2-3,1510,4,,,,,,,
20260226,尼崎,8,予選,曇り,北東,2,0,2,3,5310,土 屋 蘭,5,57,6.82,3,0.22,1.49.6,2-3-1,4740,12,2-3,1740,4,1-2-3,200,1,2-3,1510,4,,,,,,,
20260226,尼崎,8,予選,曇り,北東,2,0,3,1,3811,石 田 章 央,8,53,6.83,1,0.23,1.51.1,2-3-1,4740,12,2-3,1740,4,1-2-3,200,1,2-3,1510,4,,,,,,,
20260226,尼崎,8,予選,曇り,北東,2,0,4,6,4314,青 木 幸太郎,29,24,6.81,6,0.23,1.53.4,2-3-1,4740,12,2-3,1740,4,1-2-3,200,1,2-3,1510,4,,,,,,,
20260226,尼崎,8,予選,曇り,北東,2,0,5,4,5133,堀 越 雄 貴,52,66,6.87,4,0.28,1.54.0,2-3-1,4740,12,2-3,1740,4,1-2-3,200,1,2-3,1510,4,,,,,,,
20260226,尼崎,8,予選,曇り,北東,2,0,6,5,5053,山 口 広 樹,18,71,6.84,5,0.32,1.57.5,2-3-1,4740,12,2-3,1740,4,1-2-3,200,1,2-3,1510,4,,,,,,,
20260226,尼崎,9,予選特賞,曇り,北東,3,0,1,1,4436,渋 谷 明 憲,48,47,6.84,1,0.08,1.47.5,1-2-3,850,3,1-2,280,1,1-2-3,340,2,1-2,270,2,,,,,,,
20260226,尼崎,9,予選特賞,曇り,北東,3,0,2,2,4725,佐 竹 太 一,36,22,6.83,2,0.12,1.49.6,1-2-3,850,3,1-2,280,1,1-2-3,340,2,1-2,270,2,,,,,,,
20260226,尼崎,9,予選特賞,曇り,北東,3,0,3,3,4465,大 西 賢,41,75,6.84,3,0.13,1.51.7,1-2-3,850,3,1-2,280,1,1-2-3,340,2,1-2,270,2,,,,,,,
20260226,尼崎,9,予選特賞,曇り,北東,3,0,4,6,4984,森 下 愛 梨,13,25,6.83,6,0.18,1.52.8,1-2-3,850,3,1-2,280,1,1-2-3,340,2,1-2,270,2,,,,,,,
20260226,尼崎,9,予選特賞,曇り,北東,3,0,5,4,3412,鈴 木 博,23,45,6.86,4,0.14,1.54.5,1-2-3,850,3,1-2,280,1,1-2-3,340,2,1-2,270,2,,,,,,,
20260226,尼崎,9,予選特賞,曇り,北東,3,0,6,5,5318,河 内 一 馬,6,16,6.92,5,0.12,1.56.1,1-2-3,850,3,1-2,280,1,1-2-3,340,2,1-2,270,2,,,,,,,
20260226,尼崎,10,予選特賞,曇り,無風,0,0,1,1,4797,中 山 将,14,27,6.83,1,0.12,1.48.6,1-2-3,720,2,1-2,180,1,1-2-3,360,2,1-2,180,1,,,,,,,
20260226,尼崎,10,予選特賞,曇り,無風,0,0,2,2,4019,笠 原 亮,9,72,6.84,2,0.10,1.50.1,1-2-3,720,2,1-2,180,1,1-2-3,360,2,1-2,180,1,,,,,,,
20260226,尼崎,10,予選特賞,曇り,無風,0,0,3,3,4836,大 谷 健 太,24,42,6.90,3,0.14,1.52.1,1-2-3,720,2,1-2,180,1,1-2-3,360,2,1-2,180,1,,,,,,,
20260226,尼崎,10,予選特賞,曇り,無風,0,0,4,5,4879,山 崎 鉄 平,31,64,6.89,5,0.17,1.52.4,1-2-3,720,2,1-2,180,1,1-2-3,360,2,1-2,180,1,,,,,,,
20260226,尼崎,10,予選特賞,曇り,無風,0,0,5,4,4161,黒 柳 浩 孝,60,37,6.81,4,0.22,1.53.1,1-2-3,720,2,1-2,180,1,1-2-3,360,2,1-2,180,1,,,,,,,
20260226,尼崎,10,予選特賞,曇り,無風,0,0,6,6,5022,伊 藤 尚 汰,10,56,6.79,6,0.18,1.55.6,1-2-3,720,2,1-2,180,1,1-2-3,360,2,1-2,180,1,,,,,,,
20260226,尼崎,11,予選特選,曇り,東,2,0,1,1,3265,今 村 暢 孝,27,55,6.88,1,0.13,1.49.5,1-2-3,640,1,1-2,350,1,1-2-3,270,1,1-2,140,1,,,,,,,
20260226,尼崎,11,予選特選,曇り,東,2,0,2,2,4796,春 園 功 太,44,17,6.81,2,0.12,1.50.7,1-2-3,640,1,1-2,350,1,1-2-3,270,1,1-2,140,1,,,,,,,
20260226,尼崎,11,予選特選,曇り,東,2,0,3,3,4383,竹 田 吉 行,40,67,6.94,3,0.22,1.51.8,1-2-3,640,1,1-2,350,1,1-2-3,270,1,1-2,140,1,,,,,,,
20260226,尼崎,11,予選特選,曇り,東,2,0,4,4,5155,内 山 七 海,53,33,6.81,4,0.20,1.52.6,1-2-3,640,1,1-2,350,1,1-2-3,270,1,1-2,140,1,,,,,,,
20260226,尼崎,11,予選特選,曇り,東,2,0,5,6,3963,原 田 秀 弥,32,58,6.93,6,0.23,1.54.2,1-2-3,640,1,1-2,350,1,1-2-3,270,1,1-2,140,1,,,,,,,
20260226,尼崎,11,予選特選,曇り,東,2,0,6,5,4186,小 川 時 光,11,39,6.96,5,0.26,1.55.7,1-2-3,640,1,1-2,350,1,1-2-3,270,1,1-2,140,1,,,,,,,
20260226,尼崎,12,予選特選,曇り,北東,2,0,1,1,4011,堀之内 紀代子,55,13,6.84,1,0.16,1.48.1,1-3-4,500,1,1-3,230,1,1-3-4,270,1,1-3,250,1,,,,,,,
20260226,尼崎,12,予選特選,曇り,北東,2,0,2,3,4927,関 野 文,12,60,6.92,3,0.19,1.49.4,1-3-4,500,1,1-3,230,1,1-3-4,270,1,1-3,250,1,,,,,,,
20260226,尼崎,12,予選特選,曇り,北東,2,0,3,4,4447,深 川 麻奈美,20,31,6.86,4,0.24,1.52.1,1-3-4,500,1,1-3,230,1,1-3-4,270,1,1-3,250,1,,,,,,,
20260226,尼崎,12,予選特選,曇り,北東,2,0,4,6,4464,山 下 友 貴,35,65,6.87,6,0.20,1.52.9,1-3-4,500,1,1-3,230,1,1-3-4,270,1,1-3,250,1,,,,,,,
20260226,尼崎,12,予選特選,曇り,北東,2,0,5,2,3302,谷 川 里 江,59,63,6.87,2,0.22,1.54.8,1-3-4,500,1,1-3,230,1,1-3-4,270,1,1-3,250,1,,,,,,,
20260226,尼崎,12,予選特選,曇り,北東,2,0,6,5,3528,笠 野 友紀恵,1,68,6.87,5,0.21,1.55.6,1-3-4,500,1,1-3,230,1,1-3-4,270,1,1-3,250,1,,,,,,,
20260226,常滑,1,朝トコ小判Ｒ,晴,北西,2,1,1,1,4516,野 口 勝 弘,24,11,6.65,1,0.27,1.49.8,1-3-2,900,4,1-3,430,2,1-2-3,350,2,1-3,320,2,,,,,,,
20260226,常滑,1,朝トコ小判Ｒ,晴,北西,2,1,2,3,4252,松 下 哲 也,22,18,6.77,4,0.28,1.51.9,1-3-2,900,4,1-3,430,2,1-2-3,350,2,1-3,320,2,,,,,,,
20260226,常滑,1,朝トコ小判Ｒ,晴,北西,2,1,3,2,3842,星 野 太 郎,10,74,6.74,2,0.22,1.53.0,1-3-2,900,4,1-3,430,2,1-2-3,350,2,1-3,320,2,,,,,,,
20260226,常滑,1,朝トコ小判Ｒ,晴,北西,2,1,4,4,3505,山 田 竜 一,37,69,6.75,3,0.26,1.53.6,1-3-2,900,4,1-3,430,2,1-2-3,350,2,1-3,320,2,,,,,,,
20260226,常滑,1,朝トコ小判Ｒ,晴,北西,2,1,5,5,5033,藤 原 孝 斗,47,49,6.70,5,0.22,,1-3-2,900,4,1-3,430,2,1-2-3,350,2,1-3,320,2,,,,,,,
20260226,常滑,1,朝トコ小判Ｒ,晴,北西,2,1,6,6,5440,薗 頭 心,29,25,6.73,6,0.17,,1-3-2,900,4,1-3,430,2,1-2-3,350,2,1-3,320,2,,,,,,,
20260226,常滑,2,予選,曇り,北西,3,1,1,4,3994,小 野 桜,38,32,6.75,4,0.24,1.49.8,4-1-6,3920,12,4-1,1000,4,1-4-6,690,4,1-4,180,1,,,,,,,
20260226,常滑,2,予選,曇り,北西,3,1,2,1,4419,原 加央理,12,67,6.63,1,0.30,1.51.7,4-1-6,3920,12,4-1,1000,4,1-4-6,690,4,1-4,180,1,,,,,,,
20260226,常滑,2,予選,曇り,北西,3,1,3,6,4283,石 井 裕 美,11,26,6.79,6,0.31,1.53.4,4-1-6,3920,12,4-1,1000,4,1-4-6,690,4,1-4,180,1,,,,,,,
20260226,常滑,2,予選,曇り,北西,3,1,4,2,3207,田 村 美 和,20,14,6.73,2,0.30,1.53.9,4-1-6,3920,12,4-1,1000,4,1-4-6,690,4,1-4,180,1,,,,,,,
20260226,常滑,2,予選,曇り,北西,3,1,5,5,5297,南 彩 寧,27,19,6.74,5,0.28,,4-1-6,3920,12,4-1,1000,4,1-4-6,690,4,1-4,180,1,,,,,,,
20260226,常滑,2,予選,曇り,北西,3,1,6,3,3551,藤 田 美 代,17,51,6.76,3,0.29,,4-1-6,3920,12,4-1,1000,4,1-4-6,690,4,1-4,180,1,,,,,,,
20260226,常滑,3,予選,曇り,北西,2,1,1,3,4174,赤 坂 俊 輔,16,13,6.82,3,0.16,1.49.8,3-2-4,6920,40,3-2,1500,7,2-3-4,1890,8,2-3,990,7,,,,,,,
20260226,常滑,3,予選,曇り,北西,2,1,2,2,4331,三 好 勇 人,55,54,6.78,2,0.15,1.51.3,3-2-4,6920,40,3-2,1500,7,2-3-4,1890,8,2-3,990,7,,,,,,,
20260226,常滑,3,予選,曇り,北西,2,1,3,4,4635,峰 重 力 也,52,16,6.78,4,0.15,1.52.8,3-2-4,6920,40,3-2,1500,7,2-3-4,1890,8,2-3,990,7,,,,,,,
20260226,常滑,3,予選,曇り,北西,2,1,4,6,4195,前 川 守 嗣,4,47,6.82,6,0.25,1.54.2,3-2-4,6920,40,3-2,1500,7,2-3-4,1890,8,2-3,990,7,,,,,,,
20260226,常滑,3,予選,曇り,北西,2,1,5,1,3441,土 屋 太 朗,44,40,6.81,1,0.24,,3-2-4,6920,40,3-2,1500,7,2-3-4,1890,8,2-3,990,7,,,,,,,
20260226,常滑,3,予選,曇り,北西,2,1,6,5,4496,内 堀 学,3,59,6.69,5,0.22,,3-2-4,6920,40,3-2,1500,7,2-3-4,1890,8,2-3,990,7,,,,,,,
20260226,常滑,4,予選,曇り,北西,2,1,1,2,5010,宇留田 翔 平,18,39,6.75,2,0.10,1.50.2,2-5-4,17790,53,2-5,7370,18,2-4-5,930,4,2-5,6550,11,,,,,,,
20260226,常滑,4,予選,曇り,北西,2,1,2,5,3319,山 崎 義 明,46,23,6.75,5,0.17,1.50.7,2-5-4,17790,53,2-5,7370,18,2-4-5,930,4,2-5,6550,11,,,,,,,
20260226,常滑,4,予選,曇り,北西,2,1,3,4,5257,西 丸 侑太朗,13,65,6.71,4,0.20,1.52.0,2-5-4,17790,53,2-5,7370,18,2-4-5,930,4,2-5,6550,11,,,,,,,
20260226,常滑,4,予選,曇り,北西,2,1,4,1,4417,服 部 剛,5,50,6.70,1,0.13,1.52.3,2-5-4,17790,53,2-5,7370,18,2-4-5,930,4,2-5,6550,11,,,,,,,
20260226,常滑,4,予選,曇り,北西,2,1,5,6,4875,大 塚 康 雅,1,62,6.76,6,0.18,,2-5-4,17790,53,2-5,7370,18,2-4-5,930,4,2-5,6550,11,,,,,,,
20260226,常滑,4,予選,曇り,北西,2,1,6,3,5273,山 下 拓 巳,6,38,6.77,3,0.14,,2-5-4,17790,53,2-5,7370,18,2-4-5,930,4,2-5,6550,11,,,,,,,
20260226,常滑,5,予選,曇り,北西,2,1,1,1,4626,伊 藤 紘 章,19,22,6.70,1,0.15,1.50.4,1-6-3,950,2,1-6,460,2,1-3-6,290,2,1-6,180,1,,,,,,,
20260226,常滑,5,予選,曇り,北西,2,1,2,6,4686,丸 野 一 樹,43,71,6.77,5,0.28,1.51.1,1-6-3,950,2,1-6,460,2,1-3-6,290,2,1-6,180,1,,,,,,,
20260226,常滑,5,予選,曇り,北西,2,1,3,3,4119,泥 谷 一 毅,34,15,6.80,3,0.24,1.52.9,1-6-3,950,2,1-6,460,2,1-3-6,290,2,1-6,180,1,,,,,,,
20260226,常滑,5,予選,曇り,北西,2,1,4,2,4948,木 場 悠 介,49,35,6.81,2,0.16,1.53.3,1-6-3,950,2,1-6,460,2,1-3-6,290,2,1-6,180,1,,,,,,,
20260226,常滑,5,予選,曇り,北西,2,1,5,4,4987,島 倉 都,56,17,6.83,4,0.21,,1-6-3,950,2,1-6,460,2,1-3-6,290,2,1-6,180,1,,,,,,,
20260226,常滑,5,予選,曇り,北西,2,1,S1,5,5430,鳥 本 智 史,45,72,6.73,6,0.20,,1-6-3,950,2,1-6,460,2,1-3-6,290,2,1-6,180,1,,,,,,,
20260226,常滑,6,昼トコ小判Ｒ,晴,北西,2,1,1,1,4815,伏 島 祐 介,26,44,6.72,1,0.11,1.49.3,1-5-4,860,2,1-5,270,1,1-4-5,210,1,1-5,180,1,,,,,,,
20260226,常滑,6,昼トコ小判Ｒ,晴,北西,2,1,2,5,3783,瓜 生 正 義,59,43,6.72,5,0.20,1.50.3,1-5-4,860,2,1-5,270,1,1-4-5,210,1,1-5,180,1,,,,,,,
20260226,常滑,6,昼トコ小判Ｒ,晴,北西,2,1,3,4,5128,坪 井 爽 佑,30,33,6.69,4,0.24,1.52.4,1-5-4,860,2,1-5,270,1,1-4-5,210,1,1-5,180,1,,,,,,,
20260226,常滑,6,昼トコ小判Ｒ,晴,北西,2,1,4,2,4405,南 野 利 騰,25,57,6.78,2,0.15,1.52.8,1-5-4,860,2,1-5,270,1,1-4-5,210,1,1-5,180,1,,,,,,,
20260226,常滑,6,昼トコ小判Ｒ,晴,北西,2,1,5,6,3505,山 田 竜 一,37,69,6.84,6,0.15,,1-5-4,860,2,1-5,270,1,1-4-5,210,1,1-5,180,1,,,,,,,
20260226,常滑,6,昼トコ小判Ｒ,晴,北西,2,1,6,3,5297,南 彩 寧,27,19,6.71,3,0.19,,1-5-4,860,2,1-5,270,1,1-4-5,210,1,1-5,180,1,,,,,,,
20260226,常滑,7,予選,晴,北西,2,1,1,1,4711,前 出 達 吉,36,75,6.75,1,0.09,1.49.1,1-3-6,660,1,1-3,320,1,1-3-6,250,1,1-3,290,2,,,,,,,
20260226,常滑,7,予選,晴,北西,2,1,2,3,4207,松 下 一 也,9,29,6.78,3,0.08,1.50.7,1-3-6,660,1,1-3,320,1,1-3-6,250,1,1-3,290,2,,,,,,,
20260226,常滑,7,予選,晴,北西,2,1,3,6,4547,中 田 竜 太,32,56,6.80,5,0.21,1.52.4,1-3-6,660,1,1-3,320,1,1-3-6,250,1,1-3,290,2,,,,,,,
20260226,常滑,7,予選,晴,北西,2,1,4,2,4195,前 川 守 嗣,4,47,6.86,2,0.15,1.54.4,1-3-6,660,1,1-3,320,1,1-3-6,250,1,1-3,290,2,,,,,,,
20260226,常滑,7,予選,晴,北西,2,1,5,4,5344,谷 口 丞,54,37,6.72,4,0.14,,1-3-6,660,1,1-3,320,1,1-3-6,250,1,1-3,290,2,,,,,,,
20260226,常滑,7,予選,晴,北西,2,1,6,5,5440,薗 頭 心,29,25,6.77,6,0.17,,1-3-6,660,1,1-3,320,1,1-3-6,250,1,1-3,290,2,,,,,,,
20260226,常滑,8,予選,晴,北西,2,1,1,1,4491,田 中 堅,35,34,6.82,1,0.09,1.50.0,1-3-2,1810,8,1-3,960,4,1-2-3,270,1,1-3,990,5,,,,,,,
20260226,常滑,8,予選,晴,北西,2,1,2,3,4635,峰 重 力 也,52,16,6.84,3,0.12,1.50.8,1-3-2,1810,8,1-3,960,4,1-2-3,270,1,1-3,990,5,,,,,,,
20260226,常滑,8,予選,晴,北西,2,1,3,2,4659,木 下 翔 太,58,63,6.76,2,0.25,1.53.0,1-3-2,1810,8,1-3,960,4,1-2-3,270,1,1-3,990,5,,,,,,,
20260226,常滑,8,予選,晴,北西,2,1,4,4,4376,藤 田 靖 弘,57,30,6.75,4,0.15,1.53.7,1-3-2,1810,8,1-3,960,4,1-2-3,270,1,1-3,990,5,,,,,,,
20260226,常滑,8,予選,晴,北西,2,1,5,6,4252,松 下 哲 也,22,18,6.79,6,0.20,,1-3-2,1810,8,1-3,960,4,1-2-3,270,1,1-3,990,5,,,,,,,
20260226,常滑,8,予選,晴,北西,2,1,6,5,3207,田 村 美 和,20,14,6.80,5,0.20,,1-3-2,1810,8,1-3,960,4,1-2-3,270,1,1-3,990,5,,,,,,,
20260226,常滑,9,予選特賞,晴,北西,2,1,1,1,4365,盛 本 真 輔,41,61,6.74,1,0.07,1.50.5,1-2-4,3320,11,1-2,520,2,1-2-4,3310,12,1-2,1180,2,,,,,,,
20260226,常滑,9,予選特賞,晴,北西,2,1,2,2,5033,藤 原 孝 斗,47,49,6.77,2,0.11,1.51.5,1-2-4,3320,11,1-2,520,2,1-2-4,3310,12,1-2,1180,2,,,,,,,
20260226,常滑,9,予選特賞,晴,北西,2,1,3,4,3441,土 屋 太 朗,44,40,6.83,4,0.18,1.53.6,1-2-4,3320,11,1-2,520,2,1-2-4,3310,12,1-2,1180,2,,,,,,,
20260226,常滑,9,予選特賞,晴,北西,2,1,4,5,4119,泥 谷 一 毅,34,15,6.81,5,0.17,1.54.6,1-2-4,3320,11,1-2,520,2,1-2-4,3310,12,1-2,1180,2,,,,,,,
20260226,常滑,9,予選特賞,晴,北西,2,1,5,6,5010,宇留田 翔 平,18,39,6.77,6,0.15,,1-2-4,3320,11,1-2,520,2,1-2-4,3310,12,1-2,1180,2,,,,,,,
20260226,常滑,9,予選特賞,晴,北西,2,1,6,3,4460,後 藤 翔 之,48,64,6.82,3,0.14,,1-2-4,3320,11,1-2,520,2,1-2-4,3310,12,1-2,1180,2,,,,,,,
20260226,常滑,10,予選特賞,晴,北西,2,1,1,1,4842,山 下 昂 大,39,46,6.71,1,0.18,1.50.5,1-4-2,2020,8,1-4,930,5,1-2-4,420,2,1-4,820,4,,,,,,,
20260226,常滑,10,予選特賞,晴,北西,2,1,2,4,3842,星 野 太 郎,10,74,6.76,4,0.21,1.51.3,1-4-2,2020,8,1-4,930,5,1-2-4,420,2,1-4,820,4,,,,,,,
20260226,常滑,10,予選特賞,晴,北西,2,1,3,2,4496,内 堀 学,3,59,6.79,2,0.22,1.53.0,1-4-2,2020,8,1-4,930,5,1-2-4,420,2,1-4,820,4,,,,,,,
20260226,常滑,10,予選特賞,晴,北西,2,1,4,3,3994,小 野 桜,38,32,6.76,3,0.23,1.53.6,1-4-2,2020,8,1-4,930,5,1-2-4,420,2,1-4,820,4,,,,,,,
20260226,常滑,10,予選特賞,晴,北西,2,1,5,6,4948,木 場 悠 介,49,35,6.79,6,0.18,,1-4-2,2020,8,1-4,930,5,1-2-4,420,2,1-4,820,4,,,,,,,
20260226,常滑,10,予選特賞,晴,北西,2,1,6,5,4815,伏 島 祐 介,26,44,6.76,5,0.18,,1-4-2,2020,8,1-4,930,5,1-2-4,420,2,1-4,820,4,,,,,,,
20260226,常滑,11,予選特選,晴,北西,2,1,1,1,4207,松 下 一 也,9,29,6.69,1,0.13,1.49.7,1-6-4,4650,15,1-6,1980,7,1-4-6,480,3,1-6,1570,6,,,,,,,
20260226,常滑,11,予選特選,晴,北西,2,1,2,6,4331,三 好 勇 人,55,54,6.82,6,0.20,1.51.1,1-6-4,4650,15,1-6,1980,7,1-4-6,480,3,1-6,1570,6,,,,,,,
20260226,常滑,11,予選特選,晴,北西,2,1,3,4,4516,野 口 勝 弘,24,11,6.70,4,0.16,1.52.3,1-6-4,4650,15,1-6,1980,7,1-4-6,480,3,1-6,1570,6,,,,,,,
20260226,常滑,11,予選特選,晴,北西,2,1,4,3,3319,山 崎 義 明,46,23,6.77,3,0.17,1.52.7,1-6-4,4650,15,1-6,1980,7,1-4-6,480,3,1-6,1570,6,,,,,,,
20260226,常滑,11,予選特選,晴,北西,2,1,5,2,4283,石 井 裕 美,11,26,6.80,2,0.21,,1-6-4,4650,15,1-6,1980,7,1-4-6,480,3,1-6,1570,6,,,,,,,
20260226,常滑,11,予選特選,晴,北西,2,1,6,5,4405,南 野 利 騰,25,57,6.81,5,0.19,,1-6-4,4650,15,1-6,1980,7,1-4-6,480,3,1-6,1570,6,,,,,,,
20260226,常滑,12,予選ドリーム,晴,北西,2,1,1,1,3783,瓜 生 正 義,59,43,6.72,1,0.15,1.49.0,1-2-5,2720,11,1-2,290,1,1-2-5,1550,8,1-2,210,1,,,,,,,
20260226,常滑,12,予選ドリーム,晴,北西,2,1,2,2,4686,丸 野 一 樹,43,71,6.72,2,0.11,1.49.9,1-2-5,2720,11,1-2,290,1,1-2-5,1550,8,1-2,210,1,,,,,,,
20260226,常滑,12,予選ドリーム,晴,北西,2,1,3,5,4174,赤 坂 俊 輔,16,13,6.81,5,0.10,1.52.1,1-2-5,2720,11,1-2,290,1,1-2-5,1550,8,1-2,210,1,,,,,,,
20260226,常滑,12,予選ドリーム,晴,北西,2,1,4,4,4659,木 下 翔 太,58,63,6.75,4,0.12,1.54.3,1-2-5,2720,11,1-2,290,1,1-2-5,1550,8,1-2,210,1,,,,,,,
20260226,常滑,12,予選ドリーム,晴,北西,2,1,5,6,5257,西 丸 侑太朗,13,65,6.72,6,0.10,,1-2-5,2720,11,1-2,290,1,1-2-5,1550,8,1-2,210,1,,,,,,,
20260226,常滑,12,予選ドリーム,晴,北西,2,1,6,3,4547,中 田 竜 太,32,56,6.76,3,0.07,,1-2-5,2720,11,1-2,290,1,1-2-5,1550,8,1-2,210,1,,,,,,,
20260226,平和島,1,一般,曇り,北,6,4,1,1,4200,早 川 尚 人,25,32,6.69,1,0.24,1.52.2,1-3-6,2880,4,1-3,1230,4,1-3-6,1230,5,1-3,890,5,,,,,,,
20260226,平和島,1,一般,曇り,北,6,4,2,3,4197,渥 美 卓 郎,72,13,6.67,3,0.25,1.53.1,1-3-6,2880,4,1-3,1230,4,1-3-6,1230,5,1-3,890,5,,,,,,,
20260226,平和島,1,一般,曇り,北,6,4,3,6,4298,宮 下 元 胤,46,23,6.69,6,0.31,1.55.0,1-3-6,2880,4,1-3,1230,4,1-3-6,1230,5,1-3,890,5,,,,,,,
20260226,平和島,1,一般,曇り,北,6,4,4,2,4339,平 瀬 城 啓,34,40,6.68,2,0.31,1.55.7,1-3-6,2880,4,1-3,1230,4,1-3-6,1230,5,1-3,890,5,,,,,,,
20260226,平和島,1,一般,曇り,北,6,4,5,4,4641,磯 村 匠,10,61,6.80,4,0.29,,1-3-6,2880,4,1-3,1230,4,1-3-6,1230,5,1-3,890,5,,,,,,,
20260226,平和島,1,一般,曇り,北,6,4,6,5,4060,島 田 一 生,31,20,6.77,5,0.22,,1-3-6,2880,4,1-3,1230,4,1-3-6,1230,5,1-3,890,5,,,,,,,
20260226,平和島,2,一般,曇り,北,5,4,1,4,3612,馬 袋 義 則,60,36,6.71,4,0.05,1.51.0,4-3-2,4740,18,4-3,1210,5,2-3-4,580,2,3-4,1080,4,,,,,,,
20260226,平和島,2,一般,曇り,北,5,4,2,3,4093,吉 田 宗 弘,54,27,6.83,3,0.14,1.52.8,4-3-2,4740,18,4-3,1210,5,2-3-4,580,2,3-4,1080,4,,,,,,,
20260226,平和島,2,一般,曇り,北,5,4,3,2,5203,神 里 琴 音,41,33,6.82,2,0.16,1.54.3,4-3-2,4740,18,4-3,1210,5,2-3-4,580,2,3-4,1080,4,,,,,,,
20260226,平和島,2,一般,曇り,北,5,4,4,6,5410,今 泉 澪,50,35,6.82,6,0.13,1.55.3,4-3-2,4740,18,4-3,1210,5,2-3-4,580,2,3-4,1080,4,,,,,,,
20260226,平和島,2,一般,曇り,北,5,4,5,5,3340,池 田 雷 太,22,70,6.75,5,0.16,,4-3-2,4740,18,4-3,1210,5,2-3-4,580,2,3-4,1080,4,,,,,,,
20260226,平和島,2,一般,曇り,北,5,4,6,1,5185,加 藤 優 弥,48,38,6.88,1,0.08,,4-3-2,4740,18,4-3,1210,5,2-3-4,580,2,3-4,1080,4,,,,,,,
20260226,平和島,3,一般,曇り,北,6,4,1,1,3475,橋 本 久 和,43,53,6.75,1,0.12,1.50.3,1-4-3,3740,17,1-4,1100,7,1-3-4,950,5,1-4,420,2,,,,,,,
20260226,平和島,3,一般,曇り,北,6,4,2,4,4653,小 野 達 哉,44,31,6.69,4,0.15,1.51.5,1-4-3,3740,17,1-4,1100,7,1-3-4,950,5,1-4,420,2,,,,,,,
20260226,平和島,3,一般,曇り,北,6,4,3,3,4689,豊 田 結,63,16,6.83,3,0.12,1.52.6,1-4-3,3740,17,1-4,1100,7,1-3-4,950,5,1-4,420,2,,,,,,,
20260226,平和島,3,一般,曇り,北,6,4,4,2,4362,土 屋 智 則,23,22,6.82,2,0.13,1.54.1,1-4-3,3740,17,1-4,1100,7,1-3-4,950,5,1-4,420,2,,,,,,,
20260226,平和島,3,一般,曇り,北,6,4,5,5,5319,近 藤 颯 斗,36,50,6.71,5,0.17,,1-4-3,3740,17,1-4,1100,7,1-3-4,950,5,1-4,420,2,,,,,,,
20260226,平和島,3,一般,曇り,北,6,4,6,6,5439,志 賀 美 優,18,30,6.70,6,0.35,,1-4-3,3740,17,1-4,1100,7,1-3-4,950,5,1-4,420,2,,,,,,,
20260226,平和島,4,一般,曇り,北,6,4,1,5,3159,江 口 晃 生,73,54,6.86,2,0.19,1.51.7,5-3-4,3490,9,5-3,1200,6,3-4-5,610,3,3-5,930,6,,,,,,,
20260226,平和島,4,一般,曇り,北,6,4,2,3,3931,黒 崎 竜 也,26,25,6.80,4,0.20,1.52.6,5-3-4,3490,9,5-3,1200,6,3-4-5,610,3,3-5,930,6,,,,,,,
20260226,平和島,4,一般,曇り,北,6,4,3,4,4420,津久井 拓 也,17,26,6.77,5,0.26,1.54.6,5-3-4,3490,9,5-3,1200,6,3-4-5,610,3,3-5,930,6,,,,,,,
20260226,平和島,4,一般,曇り,北,6,4,4,2,3772,一 柳 和 孝,14,18,6.77,3,0.18,1.55.9,5-3-4,3490,9,5-3,1200,6,3-4-5,610,3,3-5,930,6,,,,,,,
20260226,平和島,4,一般,曇り,北,6,4,5,6,4527,高 野 心 吾,45,52,6.80,6,0.29,,5-3-4,3490,9,5-3,1200,6,3-4-5,610,3,3-5,930,6,,,,,,,
20260226,平和島,4,一般,曇り,北,6,4,6,1,3474,松 瀬 弘 美,24,43,6.75,1,0.35,,5-3-4,3490,9,5-3,1200,6,3-4-5,610,3,3-5,930,6,,,,,,,
20260226,平和島,5,一般,曇り,北,6,4,1,3,4292,麻 生 慎 介,38,39,6.81,3,0.18,1.50.5,3-6-1,14450,60,3-6,2870,14,1-3-6,1740,11,3-6,2950,12,,,,,,,
20260226,平和島,5,一般,曇り,北,6,4,2,6,3352,小 川 晃 司,27,15,6.85,6,0.10,1.52.8,3-6-1,14450,60,3-6,2870,14,1-3-6,1740,11,3-6,2950,12,,,,,,,
20260226,平和島,5,一般,曇り,北,6,4,3,1,3546,中 里 昌 志,19,49,6.80,1,0.18,1.54.3,3-6-1,14450,60,3-6,2870,14,1-3-6,1740,11,3-6,2950,12,,,,,,,
20260226,平和島,5,一般,曇り,北,6,4,4,2,4181,花 本 夏 樹,75,47,6.79,2,0.33,1.54.7,3-6-1,14450,60,3-6,2870,14,1-3-6,1740,11,3-6,2950,12,,,,,,,
20260226,平和島,5,一般,曇り,北,6,4,5,5,4043,桐 本 康 臣,68,55,6.88,5,0.13,,3-6-1,14450,60,3-6,2870,14,1-3-6,1740,11,3-6,2950,12,,,,,,,
20260226,平和島,5,一般,曇り,北,6,4,6,4,4403,木 下 大 將,39,46,6.76,4,0.11,,3-6-1,14450,60,3-6,2870,14,1-3-6,1740,11,3-6,2950,12,,,,,,,
20260226,平和島,6,一般,曇り,北,5,4,1,3,4057,松 井 賢 治,66,73,6.81,3,0.19,1.51.3,3-1-4,1840,5,3-1,1270,7,1-3-4,210,1,1-3,510,3,,,,,,,
20260226,平和島,6,一般,曇り,北,5,4,2,1,4339,平 瀬 城 啓,34,40,6.79,1,0.21,1.52.5,3-1-4,1840,5,3-1,1270,7,1-3-4,210,1,1-3,510,3,,,,,,,
20260226,平和島,6,一般,曇り,北,5,4,3,4,4398,船 岡 洋一郎,67,17,6.74,4,0.13,1.53.7,3-1-4,1840,5,3-1,1270,7,1-3-4,210,1,1-3,510,3,,,,,,,
20260226,平和島,6,一般,曇り,北,5,4,4,6,3945,橋 口 真 樹,40,24,6.82,6,0.23,1.55.0,3-1-4,1840,5,3-1,1270,7,1-3-4,210,1,1-3,510,3,,,,,,,
20260226,平和島,6,一般,曇り,北,5,4,5,5,4197,渥 美 卓 郎,72,13,6.86,5,0.17,,3-1-4,1840,5,3-1,1270,7,1-3-4,210,1,1-3,510,3,,,,,,,
20260226,平和島,6,一般,曇り,北,5,4,6,2,5185,加 藤 優 弥,48,38,6.85,2,0.21,,3-1-4,1840,5,3-1,1270,7,1-3-4,210,1,1-3,510,3,,,,,,,
20260226,平和島,7,一般,曇り,北,3,3,1,2,5319,近 藤 颯 斗,36,50,6.67,2,0.19,1.49.7,2-1-4,2010,4,2-1,910,3,1-2-4,260,1,1-2,380,2,,,,,,,
20260226,平和島,7,一般,曇り,北,3,3,2,1,4231,鈴 木 裕 隆,62,51,6.74,1,0.27,1.51.0,2-1-4,2010,4,2-1,910,3,1-2-4,260,1,1-2,380,2,,,,,,,
20260226,平和島,7,一般,曇り,北,3,3,3,4,4505,島 田 賢 人,57,44,6.70,4,0.25,1.52.9,2-1-4,2010,4,2-1,910,3,1-2-4,260,1,1-2,380,2,,,,,,,
20260226,平和島,7,一般,曇り,北,3,3,4,3,3340,池 田 雷 太,22,70,6.70,3,0.23,1.54.2,2-1-4,2010,4,2-1,910,3,1-2-4,260,1,1-2,380,2,,,,,,,
20260226,平和島,7,一般,曇り,北,3,3,5,5,4200,早 川 尚 人,25,32,6.71,6,0.31,,2-1-4,2010,4,2-1,910,3,1-2-4,260,1,1-2,380,2,,,,,,,
20260226,平和島,7,一般,曇り,北,3,3,6,6,4093,吉 田 宗 弘,54,27,6.75,5,0.25,,2-1-4,2010,4,2-1,910,3,1-2-4,260,1,1-2,380,2,,,,,,,
20260226,平和島,8,一般,曇り,北,4,3,1,2,3475,橋 本 久 和,43,53,6.75,2,0.23,1.50.4,2-6-4,24250,62,2-6,1140,5,2-4-6,4520,15,2-6,970,5,,,,,,,
20260226,平和島,8,一般,曇り,北,4,3,2,6,4575,戸 塚 邦 好,51,65,6.81,6,0.19,1.51.2,2-6-4,24250,62,2-6,1140,5,2-4-6,4520,15,2-6,970,5,,,,,,,
20260226,平和島,8,一般,曇り,北,4,3,3,4,5361,植 竹 玲 奈,59,37,6.78,4,0.16,1.54.0,2-6-4,24250,62,2-6,1140,5,2-4-6,4520,15,2-6,970,5,,,,,,,
20260226,平和島,8,一般,曇り,北,4,3,4,1,4689,豊 田 結,63,16,6.77,1,0.20,1.54.8,2-6-4,24250,62,2-6,1140,5,2-4-6,4520,15,2-6,970,5,,,,,,,
20260226,平和島,8,一般,曇り,北,4,3,5,5,5203,神 里 琴 音,41,33,6.82,5,0.19,,2-6-4,24250,62,2-6,1140,5,2-4-6,4520,15,2-6,970,5,,,,,,,
20260226,平和島,8,一般,曇り,北,4,3,6,3,4641,磯 村 匠,10,61,6.88,3,0.26,,2-6-4,24250,62,2-6,1140,5,2-4-6,4520,15,2-6,970,5,,,,,,,
20260226,平和島,9,一般特選,曇り,北,3,3,1,1,4298,宮 下 元 胤,46,23,6.86,1,0.10,1.51.6,1-3-4,1070,3,1-3,260,1,1-3-4,630,2,1-3,240,1,,,,,,,
20260226,平和島,9,一般特選,曇り,北,3,3,2,3,4043,桐 本 康 臣,68,55,6.84,3,0.15,1.52.3,1-3-4,1070,3,1-3,260,1,1-3-4,630,2,1-3,240,1,,,,,,,
20260226,平和島,9,一般特選,曇り,北,3,3,3,4,4527,高 野 心 吾,45,52,6.80,4,0.17,1.53.3,1-3-4,1070,3,1-3,260,1,1-3-4,630,2,1-3,240,1,,,,,,,
20260226,平和島,9,一般特選,曇り,北,3,3,4,2,4060,島 田 一 生,31,20,6.86,2,0.15,1.53.9,1-3-4,1070,3,1-3,260,1,1-3-4,630,2,1-3,240,1,,,,,,,
20260226,平和島,9,一般特選,曇り,北,3,3,5,5,3474,松 瀬 弘 美,24,43,6.82,6,0.25,,1-3-4,1070,3,1-3,260,1,1-3-4,630,2,1-3,240,1,,,,,,,
20260226,平和島,9,一般特選,曇り,北,3,3,6,6,3546,中 里 昌 志,19,49,6.75,5,0.20,,1-3-4,1070,3,1-3,260,1,1-3-4,630,2,1-3,240,1,,,,,,,
20260226,平和島,10,選抜,曇り,北,6,4,1,4,4292,麻 生 慎 介,38,39,6.78,4,0.17,1.51.1,4-1-2,7620,20,4-1,1830,5,1-2-4,350,2,1-4,480,3,,,,,,,
20260226,平和島,10,選抜,曇り,北,6,4,2,1,3612,馬 袋 義 則,60,36,6.75,1,0.20,1.52.9,4-1-2,7620,20,4-1,1830,5,1-2-4,350,2,1-4,480,3,,,,,,,
20260226,平和島,10,選抜,曇り,北,6,4,3,2,4653,小 野 達 哉,44,31,6.68,2,0.16,1.53.0,4-1-2,7620,20,4-1,1830,5,1-2-4,350,2,1-4,480,3,,,,,,,
20260226,平和島,10,選抜,曇り,北,6,4,4,6,3931,黒 崎 竜 也,26,25,6.68,6,0.14,1.54.4,4-1-2,7620,20,4-1,1830,5,1-2-4,350,2,1-4,480,3,,,,,,,
20260226,平和島,10,選抜,曇り,北,6,4,5,3,4420,津久井 拓 也,17,26,6.76,3,0.14,,4-1-2,7620,20,4-1,1830,5,1-2-4,350,2,1-4,480,3,,,,,,,
20260226,平和島,10,選抜,曇り,北,6,4,6,5,4181,花 本 夏 樹,75,47,6.74,5,0.19,,4-1-2,7620,20,4-1,1830,5,1-2-4,350,2,1-4,480,3,,,,,,,
20260226,平和島,11,選抜,曇り,北,6,4,1,1,3159,江 口 晃 生,73,54,6.82,1,0.10,1.50.8,1-2-3,1270,4,1-2,560,2,1-2-3,390,1,1-2,410,2,,,,,,,
20260226,平和島,11,選抜,曇り,北,6,4,2,2,4403,木 下 大 將,39,46,6.82,2,0.11,1.51.5,1-2-3,1270,4,1-2,560,2,1-2-3,390,1,1-2,410,2,,,,,,,
20260226,平和島,11,選抜,曇り,北,6,4,3,3,4398,船 岡 洋一郎,67,17,6.73,3,0.15,1.52.8,1-2-3,1270,4,1-2,560,2,1-2-3,390,1,1-2,410,2,,,,,,,
20260226,平和島,11,選抜,曇り,北,6,4,4,6,3772,一 柳 和 孝,14,18,6.85,6,0.14,1.54.0,1-2-3,1270,4,1-2,560,2,1-2-3,390,1,1-2,410,2,,,,,,,
20260226,平和島,11,選抜,曇り,北,6,4,5,4,4057,松 井 賢 治,66,73,6.70,4,0.18,,1-2-3,1270,4,1-2,560,2,1-2-3,390,1,1-2,410,2,,,,,,,
20260226,平和島,11,選抜,曇り,北,6,4,6,5,4362,土 屋 智 則,23,22,6.80,5,0.16,,1-2-3,1270,4,1-2,560,2,1-2-3,390,1,1-2,410,2,,,,,,,
20260226,平和島,12,優勝戦,曇り,北,6,4,1,1,4544,松 田 大志郎,37,29,6.83,1,0.20,1.49.2,1-4-6,2930,12,1-4,520,3,1-4-6,1550,7,1-4,520,3,,,,,,,
20260226,平和島,12,優勝戦,曇り,北,6,4,2,4,4134,杉 山 貴 博,71,21,6.80,4,0.27,1.50.9,1-4-6,2930,12,1-4,520,3,1-4-6,1550,7,1-4,520,3,,,,,,,
20260226,平和島,12,優勝戦,曇り,北,6,4,3,6,4369,丹 下 将,56,48,6.85,6,0.27,1.53.1,1-4-6,2930,12,1-4,520,3,1-4-6,1550,7,1-4,520,3,,,,,,,
20260226,平和島,12,優勝戦,曇り,北,6,4,4,3,3514,山 一 鉄 也,61,28,6.72,3,0.26,1.53.6,1-4-6,2930,12,1-4,520,3,1-4-6,1550,7,1-4,520,3,,,,,,,
20260226,平和島,12,優勝戦,曇り,北,6,4,5,5,4073,大 橋 純一郎,53,34,6.80,5,0.25,,1-4-6,2930,12,1-4,520,3,1-4-6,1550,7,1-4,520,3,,,,,,,
20260226,平和島,12,優勝戦,曇り,北,6,4,6,2,4504,前 田 将 太,55,12,6.87,2,0.34,,1-4-6,2930,12,1-4,520,3,1-4-6,1550,7,1-4,520,3,,,,,,,
20260226,戸田,1,予選,曇り,北,3,3,1,2,3929,杢 野 誓 良,51,67,6.78,2,0.10,1.48.9,2-6-4,2980,7,2-6,1550,7,2-4-6,750,4,2-6,710,4,,,,,,,
20260226,戸田,1,予選,曇り,北,3,3,2,6,5368,宮 崎 心之介,9,12,6.78,5,0.09,1.49.7,2-6-4,2980,7,2-6,1550,7,2-4-6,750,4,2-6,710,4,,,,,,,
20260226,戸田,1,予選,曇り,北,3,3,3,4,4457,神 田 達 也,15,58,6.90,4,0.07,1.51.8,2-6-4,2980,7,2-6,1550,7,2-4-6,750,4,2-6,710,4,,,,,,,
20260226,戸田,1,予選,曇り,北,3,3,4,3,3839,川 合 理 司,23,55,7.02,3,0.07,1.54.9,2-6-4,2980,7,2-6,1550,7,2-4-6,750,4,2-6,710,4,,,,,,,
20260226,戸田,1,予選,曇り,北,3,3,5,5,5411,木 下 虎之輔,64,11,6.78,6,0.16,,2-6-4,2980,7,2-6,1550,7,2-4-6,750,4,2-6,710,4,,,,,,,
20260226,戸田,1,予選,曇り,北,3,3,6,1,5077,滝 沢 崚,20,25,6.79,1,0.23,,2-6-4,2980,7,2-6,1550,7,2-4-6,750,4,2-6,710,4,,,,,,,
20260226,戸田,2,予選,曇り,北,2,2,1,2,5005,石 田 貴 洋,31,53,6.81,2,0.12,1.49.5,2-4-1,5110,20,2-4,660,2,1-2-4,840,4,2-4,640,3,,,,,,,
20260226,戸田,2,予選,曇り,北,2,2,2,4,4191,赤 羽 克 也,7,47,6.99,4,0.22,1.50.7,2-4-1,5110,20,2-4,660,2,1-2-4,840,4,2-4,640,3,,,,,,,
20260226,戸田,2,予選,曇り,北,2,2,3,1,4840,鈴 木 秀 茉,28,41,6.83,1,0.12,1.51.4,2-4-1,5110,20,2-4,660,2,1-2-4,840,4,2-4,640,3,,,,,,,
20260226,戸田,2,予選,曇り,北,2,2,4,5,4549,小 林 文 彦,63,26,6.84,5,0.25,1.53.0,2-4-1,5110,20,2-4,660,2,1-2-4,840,4,2-4,640,3,,,,,,,
20260226,戸田,2,予選,曇り,北,2,2,5,3,3717,立 間 充 宏,22,19,6.82,3,0.20,,2-4-1,5110,20,2-4,660,2,1-2-4,840,4,2-4,640,3,,,,,,,
20260226,戸田,2,予選,曇り,北,2,2,6,6,4462,夏 山 亮 平,30,54,6.75,6,0.21,,2-4-1,5110,20,2-4,660,2,1-2-4,840,4,2-4,640,3,,,,,,,
20260226,戸田,3,予選,曇り,北西,1,1,1,5,4351,里 岡 右 貴,37,20,6.85,5,0.05,1.48.3,5-1-2,1290,2,5-1,460,2,1-2-5,290,1,1-5,200,1,,,,,,,
20260226,戸田,3,予選,曇り,北西,1,1,2,1,5183,中 野 孝 二,12,23,6.80,1,0.04,1.50.1,5-1-2,1290,2,5-1,460,2,1-2-5,290,1,1-5,200,1,,,,,,,
20260226,戸田,3,予選,曇り,北西,1,1,3,2,4211,村 田 敦,60,66,6.98,2,0.02,1.51.8,5-1-2,1290,2,5-1,460,2,1-2-5,290,1,1-5,200,1,,,,,,,
20260226,戸田,3,予選,曇り,北西,1,1,4,6,3637,齋 藤 和 政,57,30,6.82,6,0.15,1.53.4,5-1-2,1290,2,5-1,460,2,1-2-5,290,1,1-5,200,1,,,,,,,
20260226,戸田,3,予選,曇り,北西,1,1,5,4,4846,佐 藤 駿 介,24,59,6.85,4,0.12,,5-1-2,1290,2,5-1,460,2,1-2-5,290,1,1-5,200,1,,,,,,,
20260226,戸田,3,予選,曇り,北西,1,1,F,3,5049,松 井 友 汰,18,52,6.79,3,F0.01,,5-1-2,1290,2,5-1,460,2,1-2-5,290,1,1-5,200,1,,,,,,,
20260226,戸田,4,予選,曇り,北,1,1,1,1,3662,大 庭 元 明,1,27,6.82,1,0.25,1.49.0,1-5-4,3160,14,1-5,1380,6,1-4-5,550,2,1-5,820,7,,,,,,,
20260226,戸田,4,予選,曇り,北,1,1,2,5,4230,濱 崎 直 矢,32,64,6.86,5,0.23,1.49.8,1-5-4,3160,14,1-5,1380,6,1-4-5,550,2,1-5,820,7,,,,,,,
20260226,戸田,4,予選,曇り,北,1,1,3,4,5166,仲 道 大 輔,45,43,6.89,4,0.23,1.52.7,1-5-4,3160,14,1-5,1380,6,1-4-5,550,2,1-5,820,7,,,,,,,
20260226,戸田,4,予選,曇り,北,1,1,4,3,3615,横 田 茂,33,73,6.75,3,0.26,1.53.5,1-5-4,3160,14,1-5,1380,6,1-4-5,550,2,1-5,820,7,,,,,,,
20260226,戸田,4,予選,曇り,北,1,1,5,6,5427,港 理 樹,62,76,6.86,6,0.23,,1-5-4,3160,14,1-5,1380,6,1-4-5,550,2,1-5,820,7,,,,,,,
20260226,戸田,4,予選,曇り,北,1,1,6,2,4085,荻 野 裕 介,65,18,6.89,2,0.28,,1-5-4,3160,14,1-5,1380,6,1-4-5,550,2,1-5,820,7,,,,,,,
20260226,戸田,5,ウインウイン,曇り,北東,3,2,1,3,4639,雑 賀 勇 貴,6,70,6.87,3,0.22,1.49.1,3-4-5,6680,22,3-4,2120,7,3-4-5,1550,6,3-4,1480,6,,,,,,,
20260226,戸田,5,ウインウイン,曇り,北東,3,2,2,4,4295,小 坂 尚 哉,16,36,6.93,4,0.14,1.49.7,3-4-5,6680,22,3-4,2120,7,3-4-5,1550,6,3-4,1480,6,,,,,,,
20260226,戸田,5,ウインウイン,曇り,北東,3,2,3,5,3860,松 本 浩 貴,11,63,6.79,5,0.18,1.52.3,3-4-5,6680,22,3-4,2120,7,3-4-5,1550,6,3-4,1480,6,,,,,,,
20260226,戸田,5,ウインウイン,曇り,北東,3,2,4,1,3641,一 瀬 明,10,16,6.87,1,0.22,1.52.9,3-4-5,6680,22,3-4,2120,7,3-4-5,1550,6,3-4,1480,6,,,,,,,
20260226,戸田,5,ウインウイン,曇り,北東,3,2,5,6,5411,木 下 虎之輔,64,11,6.89,6,0.21,,3-4-5,6680,22,3-4,2120,7,3-4-5,1550,6,3-4,1480,6,,,,,,,
20260226,戸田,5,ウインウイン,曇り,北東,3,2,6,2,4209,藤 田 竜 弘,58,32,6.93,2,0.24,,3-4-5,6680,22,3-4,2120,7,3-4-5,1550,6,3-4,1480,6,,,,,,,
20260226,戸田,6,予選,曇り,北東,3,2,1,1,3947,寺 本 昇 平,25,46,6.87,1,0.13,1.49.9,1-5-4,11290,58,1-5,2570,12,1-4-5,2690,13,1-5,2210,12,,,,,,,
20260226,戸田,6,予選,曇り,北東,3,2,2,5,3988,古 川 誠 之,13,28,6.80,5,0.11,1.50.8,1-5-4,11290,58,1-5,2570,12,1-4-5,2690,13,1-5,2210,12,,,,,,,
20260226,戸田,6,予選,曇り,北東,3,2,3,4,5368,宮 崎 心之介,9,12,6.80,4,0.21,1.52.5,1-5-4,11290,58,1-5,2570,12,1-4-5,2690,13,1-5,2210,12,,,,,,,
20260226,戸田,6,予選,曇り,北東,3,2,4,3,4066,東 本 勝 利,19,22,6.72,3,0.15,1.53.6,1-5-4,11290,58,1-5,2570,12,1-4-5,2690,13,1-5,2210,12,,,,,,,
20260226,戸田,6,予選,曇り,北東,3,2,5,6,4150,山 田 雄 太,14,40,6.77,6,0.15,,1-5-4,11290,58,1-5,2570,12,1-4-5,2690,13,1-5,2210,12,,,,,,,
20260226,戸田,6,予選,曇り,北東,3,2,6,2,3850,小 川 知 行,40,61,6.79,2,0.12,,1-5-4,11290,58,1-5,2570,12,1-4-5,2690,13,1-5,2210,12,,,,,,,
20260226,戸田,7,ウインウイン,曇り,無風,0,0,1,1,4545,岡 村 慶 太,3,38,6.88,1,0.17,1.48.0,1-3-5,2170,9,1-3,480,3,1-3-5,1250,8,1-3,460,3,,,,,,,
20260226,戸田,7,ウインウイン,曇り,無風,0,0,2,3,4564,山 本 景士郎,21,24,6.84,3,0.20,1.50.5,1-3-5,2170,9,1-3,480,3,1-3-5,1250,8,1-3,460,3,,,,,,,
20260226,戸田,7,ウインウイン,曇り,無風,0,0,3,5,3929,杢 野 誓 良,51,67,6.94,5,0.16,1.52.2,1-3-5,2170,9,1-3,480,3,1-3-5,1250,8,1-3,460,3,,,,,,,
20260226,戸田,7,ウインウイン,曇り,無風,0,0,4,2,3714,梶 原 正,26,50,6.78,2,0.18,1.53.6,1-3-5,2170,9,1-3,480,3,1-3-5,1250,8,1-3,460,3,,,,,,,
20260226,戸田,7,ウインウイン,曇り,無風,0,0,5,6,5044,渡 邉 健,27,68,6.82,6,0.14,,1-3-5,2170,9,1-3,480,3,1-3-5,1250,8,1-3,460,3,,,,,,,
20260226,戸田,7,ウインウイン,曇り,無風,0,0,6,4,5246,楠 将太郎,61,34,6.90,4,0.15,,1-3-5,2170,9,1-3,480,3,1-3-5,1250,8,1-3,460,3,,,,,,,
20260226,戸田,8,予選,曇り,北,1,1,1,4,4930,佐 藤 悠,17,17,6.77,5,0.23,1.49.0,4-3-6,7720,39,4-3,2290,13,3-4-6,1710,9,3-4,1080,8,,,,,,,
20260226,戸田,8,予選,曇り,北,1,1,2,3,3637,齋 藤 和 政,57,30,6.83,4,0.18,1.50.8,4-3-6,7720,39,4-3,2290,13,3-4-6,1710,9,3-4,1080,8,,,,,,,
20260226,戸田,8,予選,曇り,北,1,1,3,6,3933,山 地 正 樹,59,44,6.82,2,0.31,1.52.9,4-3-6,7720,39,4-3,2290,13,3-4-6,1710,9,3-4,1080,8,,,,,,,
20260226,戸田,8,予選,曇り,北,1,1,4,1,4457,神 田 達 也,15,58,6.93,1,0.15,1.53.0,4-3-6,7720,39,4-3,2290,13,3-4-6,1710,9,3-4,1080,8,,,,,,,
20260226,戸田,8,予選,曇り,北,1,1,5,5,5427,港 理 樹,62,76,6.84,6,0.23,,4-3-6,7720,39,4-3,2290,13,3-4-6,1710,9,3-4,1080,8,,,,,,,
20260226,戸田,8,予選,曇り,北,1,1,6,2,4191,赤 羽 克 也,7,47,6.86,3,0.24,,4-3-6,7720,39,4-3,2290,13,3-4-6,1710,9,3-4,1080,8,,,,,,,
20260226,戸田,9,戸田特賞,曇り,北,1,1,1,1,4549,小 林 文 彦,63,26,6.74,1,0.15,1.49.6,1-3-2,1720,5,1-3,840,3,1-2-3,300,1,1-3,790,3,,,,,,,
20260226,戸田,9,戸田特賞,曇り,北,1,1,2,3,3161,古 場 輝 義,4,49,6.85,3,0.11,1.50.3,1-3-2,1720,5,1-3,840,3,1-2-3,300,1,1-3,790,3,,,,,,,
20260226,戸田,9,戸田特賞,曇り,北,1,1,3,2,4351,里 岡 右 貴,37,20,6.84,2,0.09,1.51.7,1-3-2,1720,5,1-3,840,3,1-2-3,300,1,1-3,790,3,,,,,,,
20260226,戸田,9,戸田特賞,曇り,北,1,1,4,6,5166,仲 道 大 輔,45,43,6.91,6,0.24,1.52.8,1-3-2,1720,5,1-3,840,3,1-2-3,300,1,1-3,790,3,,,,,,,
20260226,戸田,9,戸田特賞,曇り,北,1,1,5,5,4639,雑 賀 勇 貴,6,70,6.84,5,0.12,,1-3-2,1720,5,1-3,840,3,1-2-3,300,1,1-3,790,3,,,,,,,
20260226,戸田,9,戸田特賞,曇り,北,1,1,6,4,5077,滝 沢 崚,20,25,6.84,4,0.09,,1-3-2,1720,5,1-3,840,3,1-2-3,300,1,1-3,790,3,,,,,,,
20260226,戸田,10,戸田特賞,曇り,北,1,1,1,3,5005,石 田 貴 洋,31,53,6.68,3,0.08,1.49.5,3-1-5,2910,8,3-1,990,6,1-3-5,940,3,1-3,630,2,,,,,,,
20260226,戸田,10,戸田特賞,曇り,北,1,1,2,1,3615,横 田 茂,33,73,6.76,1,0.10,1.51.8,3-1-5,2910,8,3-1,990,6,1-3-5,940,3,1-3,630,2,,,,,,,
20260226,戸田,10,戸田特賞,曇り,北,1,1,3,5,3641,一 瀬 明,10,16,6.88,5,0.12,1.52.0,3-1-5,2910,8,3-1,990,6,1-3-5,940,3,1-3,630,2,,,,,,,
20260226,戸田,10,戸田特賞,曇り,北,1,1,4,4,3895,堀 本 裕 也,29,69,6.88,4,0.09,1.53.5,3-1-5,2910,8,3-1,990,6,1-3-5,940,3,1-3,630,2,,,,,,,
20260226,戸田,10,戸田特賞,曇り,北,1,1,5,6,4066,東 本 勝 利,19,22,6.78,6,0.14,,3-1-5,2910,8,3-1,990,6,1-3-5,940,3,1-3,630,2,,,,,,,
20260226,戸田,10,戸田特賞,曇り,北,1,1,6,2,4526,池 田 雄 祐,2,51,6.80,2,0.10,,3-1-5,2910,8,3-1,990,6,1-3-5,940,3,1-3,630,2,,,,,,,
20260226,戸田,11,戸田特選,曇り,北,1,1,1,3,4230,濱 崎 直 矢,32,64,6.89,3,0.08,1.48.1,3-5-2,8100,32,3-5,2190,8,2-3-5,2610,12,3-5,1350,6,,,,,,,
20260226,戸田,11,戸田特選,曇り,北,1,1,2,5,5246,楠 将太郎,61,34,6.93,5,0.12,1.49.8,3-5-2,8100,32,3-5,2190,8,2-3-5,2610,12,3-5,1350,6,,,,,,,
20260226,戸田,11,戸田特選,曇り,北,1,1,3,2,4462,夏 山 亮 平,30,54,6.79,2,0.17,1.51.5,3-5-2,8100,32,3-5,2190,8,2-3-5,2610,12,3-5,1350,6,,,,,,,
20260226,戸田,11,戸田特選,曇り,北,1,1,4,6,3548,室 田 泰 史,5,33,6.86,6,0.14,1.52.9,3-5-2,8100,32,3-5,2190,8,2-3-5,2610,12,3-5,1350,6,,,,,,,
20260226,戸田,11,戸田特選,曇り,北,1,1,5,4,4209,藤 田 竜 弘,58,32,6.91,4,0.13,,3-5-2,8100,32,3-5,2190,8,2-3-5,2610,12,3-5,1350,6,,,,,,,
20260226,戸田,11,戸田特選,曇り,北,1,1,6,1,3988,古 川 誠 之,13,28,6.85,1,0.16,,3-5-2,8100,32,3-5,2190,8,2-3-5,2610,12,3-5,1350,6,,,,,,,
20260226,戸田,12,記者選抜戦,曇り,北,1,1,1,1,4295,小 坂 尚 哉,16,36,6.82,1,0.10,1.47.9,1-2-3,940,2,1-2,470,2,1-2-3,300,1,1-2,470,2,,,,,,,
20260226,戸田,12,記者選抜戦,曇り,北,1,1,2,2,4150,山 田 雄 太,14,40,6.82,2,0.14,1.49.4,1-2-3,940,2,1-2,470,2,1-2-3,300,1,1-2,470,2,,,,,,,
20260226,戸田,12,記者選抜戦,曇り,北,1,1,3,3,4545,岡 村 慶 太,3,38,6.87,3,0.15,1.50.7,1-2-3,940,2,1-2,470,2,1-2-3,300,1,1-2,470,2,,,,,,,
20260226,戸田,12,記者選抜戦,曇り,北,1,1,4,5,3717,立 間 充 宏,22,19,6.89,5,0.20,1.51.5,1-2-3,940,2,1-2,470,2,1-2-3,300,1,1-2,470,2,,,,,,,
20260226,戸田,12,記者選抜戦,曇り,北,1,1,5,4,5049,松 井 友 汰,18,52,6.81,4,0.27,,1-2-3,940,2,1-2,470,2,1-2-3,300,1,1-2,470,2,,,,,,,
20260226,戸田,12,記者選抜戦,曇り,北,1,1,6,6,4930,佐 藤 悠,17,17,6.78,6,0.29,,1-2-3,940,2,1-2,470,2,1-2-3,300,1,1-2,470,2,,,,,,,
20260226,桐生,1,予選,曇り,北西,2,1,1,1,4113,木 村 浩 士,30,73,6.68,1,0.20,1.57.8,1-2-5,1250,4,1-2,180,1,1-2-5,670,3,1-2,190,1,,,,,,,
20260226,桐生,1,予選,曇り,北西,2,1,2,2,3713,伊 藤 誠 二,26,59,6.78,2,0.22,2.01.1,1-2-5,1250,4,1-2,180,1,1-2-5,670,3,1-2,190,1,,,,,,,
20260226,桐生,1,予選,曇り,北西,2,1,3,5,3477,近 藤 稔 也,46,75,6.76,5,0.12,2.03.3,1-2-5,1250,4,1-2,180,1,1-2-5,670,3,1-2,190,1,,,,,,,
20260226,桐生,1,予選,曇り,北西,2,1,4,4,5394,福 西 広太郎,60,17,6.72,4,0.12,2.05.2,1-2-5,1250,4,1-2,180,1,1-2-5,670,3,1-2,190,1,,,,,,,
20260226,桐生,1,予選,曇り,北西,2,1,5,6,4404,岸 蔭 亮,56,32,6.77,6,0.16,2.09.4,1-2-5,1250,4,1-2,180,1,1-2-5,670,3,1-2,190,1,,,,,,,
20260226,桐生,1,予選,曇り,北西,2,1,S1,3,3814,金 子 貴 志,65,62,6.83,3,0.33,,1-2-5,1250,4,1-2,180,1,1-2-5,670,3,1-2,190,1,,,,,,,
20260226,桐生,2,予選,曇り,北東,1,1,1,6,4002,古 結 宏,13,58,6.68,4,0.13,1.49.0,6-4-2,25470,60,6-4,15460,25,2-4-6,1550,6,4-6,2710,10,,,,,,,
20260226,桐生,2,予選,曇り,北東,1,1,2,4,3747,國 崎 良 春,62,72,6.73,3,0.18,1.50.2,6-4-2,25470,60,6-4,15460,25,2-4-6,1550,6,4-6,2710,10,,,,,,,
20260226,桐生,2,予選,曇り,北東,1,1,3,2,3983,須 藤 博 倫,51,23,6.63,2,0.24,1.52.2,6-4-2,25470,60,6-4,15460,25,2-4-6,1550,6,4-6,2710,10,,,,,,,
20260226,桐生,2,予選,曇り,北東,1,1,4,3,3893,汐 崎 正 則,55,67,6.79,5,0.14,1.53.7,6-4-2,25470,60,6-4,15460,25,2-4-6,1550,6,4-6,2710,10,,,,,,,
20260226,桐生,2,予選,曇り,北東,1,1,5,5,3838,伊 藤 啓 三,74,37,6.80,6,0.17,1.54.1,6-4-2,25470,60,6-4,15460,25,2-4-6,1550,6,4-6,2710,10,,,,,,,
20260226,桐生,2,予選,曇り,北東,1,1,6,1,4506,稗 田 聖 也,53,48,6.66,1,0.32,1.55.4,6-4-2,25470,60,6-4,15460,25,2-4-6,1550,6,4-6,2710,10,,,,,,,
20260226,桐生,3,予選,曇り,東,2,1,1,3,4233,亀 山 雅 幸,17,26,6.68,3,0.10,1.49.4,3-4-2,26650,56,3-4,3060,11,2-3-4,3830,14,3-4,4580,13,,,,,,,
20260226,桐生,3,予選,曇り,東,2,1,2,4,4664,東 口 晃,42,64,6.85,4,0.18,1.50.9,3-4-2,26650,56,3-4,3060,11,2-3-4,3830,14,3-4,4580,13,,,,,,,
20260226,桐生,3,予選,曇り,東,2,1,3,2,4182,吉 田 和 仁,15,42,6.71,2,0.19,1.52.3,3-4-2,26650,56,3-4,3060,11,2-3-4,3830,14,3-4,4580,13,,,,,,,
20260226,桐生,3,予選,曇り,東,2,1,4,5,3826,村 田 修 次,45,63,6.78,5,0.13,1.53.4,3-4-2,26650,56,3-4,3060,11,2-3-4,3830,14,3-4,4580,13,,,,,,,
20260226,桐生,3,予選,曇り,東,2,1,5,6,3843,上 之 晃 弘,44,11,6.84,6,0.15,1.55.3,3-4-2,26650,56,3-4,3060,11,2-3-4,3830,14,3-4,4580,13,,,,,,,
20260226,桐生,3,予選,曇り,東,2,1,6,1,3712,淺 香 文 武,33,68,6.80,1,0.14,1.56.9,3-4-2,26650,56,3-4,3060,11,2-3-4,3830,14,3-4,4580,13,,,,,,,
20260226,桐生,4,予選,曇り,南東,2,1,1,5,4199,北 川 潤 二,59,24,6.65,3,0.17,1.48.5,5-4-6,3580,13,5-4,750,3,4-5-6,890,4,4-5,390,1,,,,,,,
20260226,桐生,4,予選,曇り,南東,2,1,2,4,3719,辻 栄 蔵,27,33,6.66,5,0.22,1.49.2,5-4-6,3580,13,5-4,750,3,4-5-6,890,4,4-5,390,1,,,,,,,
20260226,桐生,4,予選,曇り,南東,2,1,3,6,5258,仲 本 舜,69,19,6.67,6,0.24,1.51.6,5-4-6,3580,13,5-4,750,3,4-5-6,890,4,4-5,390,1,,,,,,,
20260226,桐生,4,予選,曇り,南東,2,1,4,3,3224,栗 山 繁 洋,37,45,6.71,4,0.22,1.53.6,5-4-6,3580,13,5-4,750,3,4-5-6,890,4,4-5,390,1,,,,,,,
20260226,桐生,4,予選,曇り,南東,2,1,5,2,3484,芝 田 浩 治,22,31,6.77,2,0.19,1.55.0,5-4-6,3580,13,5-4,750,3,4-5-6,890,4,4-5,390,1,,,,,,,
20260226,桐生,4,予選,曇り,南東,2,1,6,1,4271,川 崎 公 靖,29,18,6.70,1,0.18,1.56.0,5-4-6,3580,13,5-4,750,3,4-5-6,890,4,4-5,390,1,,,,,,,
20260226,桐生,5,予選,晴,南東,1,1,1,5,4949,横 田 貴 満,28,39,6.76,5,0.15,1.49.3,5-1-6,6480,25,5-1,2210,10,1-5-6,1050,5,1-5,810,3,,,,,,,
20260226,桐生,5,予選,晴,南東,1,1,2,1,4638,小 林 遼 太,75,50,6.62,1,0.21,1.50.7,5-1-6,6480,25,5-1,2210,10,1-5-6,1050,5,1-5,810,3,,,,,,,
20260226,桐生,5,予選,晴,南東,1,1,3,6,4424,松 尾 昂 明,32,22,6.70,6,0.14,1.52.1,5-1-6,6480,25,5-1,2210,10,1-5-6,1050,5,1-5,810,3,,,,,,,
20260226,桐生,5,予選,晴,南東,1,1,4,4,5383,中 村 楓,47,29,6.70,4,0.27,1.53.9,5-1-6,6480,25,5-1,2210,10,1-5-6,1050,5,1-5,810,3,,,,,,,
20260226,桐生,5,予選,晴,南東,1,1,5,2,4218,吉 川 喜 継,16,51,6.65,2,0.24,1.54.0,5-1-6,6480,25,5-1,2210,10,1-5-6,1050,5,1-5,810,3,,,,,,,
20260226,桐生,5,予選,晴,南東,1,1,6,3,4257,古 川 健,31,38,6.70,3,0.30,1.55.4,5-1-6,6480,25,5-1,2210,10,1-5-6,1050,5,1-5,810,3,,,,,,,
20260226,桐生,6,ドラドキ目玉,晴,南東,2,1,1,1,3960,菊 地 孝 平,34,49,6.67,1,0.15,1.48.5,1-3-2,550,3,1-3,290,2,1-2-3,170,1,1-3,270,2,,,,,,,
20260226,桐生,6,ドラドキ目玉,晴,南東,2,1,2,3,3790,佐 口 達 也,73,52,6.77,3,0.12,1.50.3,1-3-2,550,3,1-3,290,2,1-2-3,170,1,1-3,270,2,,,,,,,
20260226,桐生,6,ドラドキ目玉,晴,南東,2,1,3,2,4489,岩 川 仁 士,38,13,6.76,2,0.17,1.52.3,1-3-2,550,3,1-3,290,2,1-2-3,170,1,1-3,270,2,,,,,,,
20260226,桐生,6,ドラドキ目玉,晴,南東,2,1,4,4,3477,近 藤 稔 也,46,75,6.79,4,0.13,1.53.5,1-3-2,550,3,1-3,290,2,1-2-3,170,1,1-3,270,2,,,,,,,
20260226,桐生,6,ドラドキ目玉,晴,南東,2,1,5,5,5364,金 子 怜 央,71,44,6.63,5,0.01,1.54.1,1-3-2,550,3,1-3,290,2,1-2-3,170,1,1-3,270,2,,,,,,,
20260226,桐生,6,ドラドキ目玉,晴,南東,2,1,F,6,5433,米 本 圭 佑,12,12,6.70,6,F0.06,,1-3-2,550,3,1-3,290,2,1-2-3,170,1,1-3,270,2,,,,,,,
20260226,桐生,7,ドラドキ３,晴,南東,2,1,1,1,3984,坂 口 周,35,61,6.68,1,0.18,1.48.8,1-3-2,500,1,1-3,180,1,1-2-3,310,1,1-3,150,1,,,,,,,
20260226,桐生,7,ドラドキ３,晴,南東,2,1,2,3,4352,下 條 雄太郎,40,53,6.83,3,0.19,1.50.5,1-3-2,500,1,1-3,180,1,1-2-3,310,1,1-3,150,1,,,,,,,
20260226,桐生,7,ドラドキ３,晴,南東,2,1,3,2,5007,近 藤 雄一郎,20,30,6.81,2,0.21,1.52.0,1-3-2,500,1,1-3,180,1,1-2-3,310,1,1-3,150,1,,,,,,,
20260226,桐生,7,ドラドキ３,晴,南東,2,1,4,5,5354,渡 邊 雄 斗,49,40,6.64,5,0.15,1.53.4,1-3-2,500,1,1-3,180,1,1-2-3,310,1,1-3,150,1,,,,,,,
20260226,桐生,7,ドラドキ３,晴,南東,2,1,5,4,3814,金 子 貴 志,65,62,6.84,4,0.25,1.54.3,1-3-2,500,1,1-3,180,1,1-2-3,310,1,1-3,150,1,,,,,,,
20260226,桐生,7,ドラドキ３,晴,南東,2,1,6,6,3838,伊 藤 啓 三,74,37,6.67,6,0.15,1.55.9,1-3-2,500,1,1-3,180,1,1-2-3,310,1,1-3,150,1,,,,,,,
20260226,桐生,8,ドラドキ５,晴,南東,3,2,1,1,3826,村 田 修 次,45,63,6.65,1,0.21,1.48.9,1-2-4,3820,13,1-2,640,3,1-2-4,1410,6,1-2,550,3,,,,,,,
20260226,桐生,8,ドラドキ５,晴,南東,3,2,2,2,5258,仲 本 舜,69,19,6.70,2,0.22,1.50.8,1-2-4,3820,13,1-2,640,3,1-2-4,1410,6,1-2,550,3,,,,,,,
20260226,桐生,8,ドラドキ５,晴,南東,3,2,3,4,3893,汐 崎 正 則,55,67,6.75,4,0.22,1.52.2,1-2-4,3820,13,1-2,640,3,1-2-4,1410,6,1-2,550,3,,,,,,,
20260226,桐生,8,ドラドキ５,晴,南東,3,2,4,3,4113,木 村 浩 士,30,73,6.65,3,0.22,1.52.8,1-2-4,3820,13,1-2,640,3,1-2-4,1410,6,1-2,550,3,,,,,,,
20260226,桐生,8,ドラドキ５,晴,南東,3,2,5,5,4514,上 條 嘉 嗣,72,15,6.70,5,0.28,1.54.4,1-2-4,3820,13,1-2,640,3,1-2-4,1410,6,1-2,550,3,,,,,,,
20260226,桐生,8,ドラドキ５,晴,南東,3,2,6,6,5422,真 田 聖 也,41,36,6.65,6,0.09,1.56.8,1-2-4,3820,13,1-2,640,3,1-2-4,1410,6,1-2,550,3,,,,,,,
20260226,桐生,9,予選特賞,晴,南東,2,1,1,1,4949,横 田 貴 満,28,39,6.62,1,0.16,1.48.8,1-3-5,2020,7,1-3,340,2,1-3-5,1050,6,1-3,320,2,,,,,,,
20260226,桐生,9,予選特賞,晴,南東,2,1,2,3,4506,稗 田 聖 也,53,48,6.71,3,0.12,1.50.0,1-3-5,2020,7,1-3,340,2,1-3-5,1050,6,1-3,320,2,,,,,,,
20260226,桐生,9,予選特賞,晴,南東,2,1,3,5,5394,福 西 広太郎,60,17,6.59,5,0.03,1.51.9,1-3-5,2020,7,1-3,340,2,1-3-5,1050,6,1-3,320,2,,,,,,,
20260226,桐生,9,予選特賞,晴,南東,2,1,4,2,4233,亀 山 雅 幸,17,26,6.62,2,0.17,1.53.3,1-3-5,2020,7,1-3,340,2,1-3-5,1050,6,1-3,320,2,,,,,,,
20260226,桐生,9,予選特賞,晴,南東,2,1,5,6,4608,荒 井 翔 伍,70,20,6.69,6,0.14,1.54.0,1-3-5,2020,7,1-3,340,2,1-3-5,1050,6,1-3,320,2,,,,,,,
20260226,桐生,9,予選特賞,晴,南東,2,1,6,4,4271,川 崎 公 靖,29,18,6.74,4,0.12,1.55.2,1-3-5,2020,7,1-3,340,2,1-3-5,1050,6,1-3,320,2,,,,,,,
20260226,桐生,10,予選特賞,晴,南東,2,1,1,1,3590,濱野谷 憲 吾,50,55,6.62,1,0.16,1.49.2,1-3-2,690,2,1-3,380,2,1-2-3,220,1,1-3,360,2,,,,,,,
20260226,桐生,10,予選特賞,晴,南東,2,1,2,3,3747,國 崎 良 春,62,72,6.65,3,0.19,1.50.2,1-3-2,690,2,1-3,380,2,1-2-3,220,1,1-3,360,2,,,,,,,
20260226,桐生,10,予選特賞,晴,南東,2,1,3,2,4199,北 川 潤 二,59,24,6.56,2,0.18,1.51.5,1-3-2,690,2,1-3,380,2,1-2-3,220,1,1-3,360,2,,,,,,,
20260226,桐生,10,予選特賞,晴,南東,2,1,4,4,3712,淺 香 文 武,33,68,6.61,4,0.17,1.52.0,1-3-2,690,2,1-3,380,2,1-2-3,220,1,1-3,360,2,,,,,,,
20260226,桐生,10,予選特賞,晴,南東,2,1,5,5,4638,小 林 遼 太,75,50,6.54,5,0.15,1.53.2,1-3-2,690,2,1-3,380,2,1-2-3,220,1,1-3,360,2,,,,,,,
20260226,桐生,10,予選特賞,晴,南東,2,1,6,6,3713,伊 藤 誠 二,26,59,6.52,6,0.12,1.54.9,1-3-2,690,2,1-3,380,2,1-2-3,220,1,1-3,360,2,,,,,,,
20260226,桐生,11,予選特選,晴,無風,0,0,1,1,4352,下 條 雄太郎,40,53,6.60,1,0.15,1.49.0,1-3-4,1730,6,1-3,420,2,1-3-4,1850,5,1-3,310,2,,,,,,,
20260226,桐生,11,予選特選,晴,無風,0,0,2,3,4424,松 尾 昂 明,32,22,6.60,3,0.13,1.50.5,1-3-4,1730,6,1-3,420,2,1-3-4,1850,5,1-3,310,2,,,,,,,
20260226,桐生,11,予選特選,晴,無風,0,0,3,4,3286,坂 東 満,64,16,6.78,4,0.13,1.52.8,1-3-4,1730,6,1-3,420,2,1-3-4,1850,5,1-3,310,2,,,,,,,
20260226,桐生,11,予選特選,晴,無風,0,0,4,2,4002,古 結 宏,13,58,6.70,2,0.17,1.53.5,1-3-4,1730,6,1-3,420,2,1-3-4,1850,5,1-3,310,2,,,,,,,
20260226,桐生,11,予選特選,晴,無風,0,0,5,6,4182,吉 田 和 仁,15,42,6.71,6,0.19,1.53.6,1-3-4,1730,6,1-3,420,2,1-3-4,1850,5,1-3,310,2,,,,,,,
20260226,桐生,11,予選特選,晴,無風,0,0,6,5,3484,芝 田 浩 治,22,31,6.66,5,0.16,1.55.3,1-3-4,1730,6,1-3,420,2,1-3-4,1850,5,1-3,310,2,,,,,,,
20260226,桐生,12,桐生特選,晴,無風,0,0,1,2,3719,辻 栄 蔵,27,33,6.66,2,0.22,1.48.2,2-1-5,970,3,2-1,420,2,1-2-5,250,1,1-2,180,1,,,,,,,
20260226,桐生,12,桐生特選,晴,無風,0,0,2,1,4218,吉 川 喜 継,16,51,6.77,1,0.13,1.49.1,2-1-5,970,3,2-1,420,2,1-2-5,250,1,1-2,180,1,,,,,,,
20260226,桐生,12,桐生特選,晴,無風,0,0,3,5,3984,坂 口 周,35,61,6.65,5,0.23,1.51.0,2-1-5,970,3,2-1,420,2,1-2-5,250,1,1-2,180,1,,,,,,,
20260226,桐生,12,桐生特選,晴,無風,0,0,4,6,3983,須 藤 博 倫,51,23,6.65,6,0.32,1.53.1,2-1-5,970,3,2-1,420,2,1-2-5,250,1,1-2,180,1,,,,,,,
20260226,桐生,12,桐生特選,晴,無風,0,0,5,3,4489,岩 川 仁 士,38,13,6.79,3,0.18,1.54.2,2-1-5,970,3,2-1,420,2,1-2-5,250,1,1-2,180,1,,,,,,,
20260226,桐生,12,桐生特選,晴,無風,0,0,6,4,3843,上 之 晃 弘,44,11,6.78,4,0.20,1.55.5,2-1-5,970,3,2-1,420,2,1-2-5,250,1,1-2,180,1,,,,,,,
20260226,芦屋,1,サンライズＶ,曇り,無風,0,1,1,4,5268,山 本 幸 也,60,142,6.76,5,0.13,1.48.7,4-1-3,7430,20,4-1,1720,5,1-3-4,590,3,1-4,390,2,,,,,,,
20260226,芦屋,1,サンライズＶ,曇り,無風,0,1,2,1,4228,吉 田 慎二郎,15,166,6.71,1,0.26,1.49.7,4-1-3,7430,20,4-1,1720,5,1-3-4,590,3,1-4,390,2,,,,,,,
20260226,芦屋,1,サンライズＶ,曇り,無風,0,1,3,3,5151,山 下 奈 緒,18,164,6.68,3,0.28,1.51.9,4-1-3,7430,20,4-1,1720,5,1-3-4,590,3,1-4,390,2,,,,,,,
20260226,芦屋,1,サンライズＶ,曇り,無風,0,1,4,6,3471,赤 峰 和 也,13,144,6.80,4,0.37,1.53.9,4-1-3,7430,20,4-1,1720,5,1-3-4,590,3,1-4,390,2,,,,,,,
20260226,芦屋,1,サンライズＶ,曇り,無風,0,1,5,5,5296,永 田 楽,48,119,6.76,6,0.15,,4-1-3,7430,20,4-1,1720,5,1-3-4,590,3,1-4,390,2,,,,,,,
20260226,芦屋,1,サンライズＶ,曇り,無風,0,1,6,2,3444,香 月 大 介,12,155,6.69,2,0.30,,4-1-3,7430,20,4-1,1720,5,1-3-4,590,3,1-4,390,2,,,,,,,
20260226,芦屋,2,サンライズＷ,曇り,無風,0,1,1,1,3158,島 川 光 男,32,133,6.72,1,0.12,1.48.0,1-2-4,860,4,1-2,420,2,1-2-4,280,2,1-2,460,3,,,,,,,
20260226,芦屋,2,サンライズＷ,曇り,無風,0,1,2,2,5295,田 上 凜,11,136,6.63,2,0.13,1.50.2,1-2-4,860,4,1-2,420,2,1-2-4,280,2,1-2,460,3,,,,,,,
20260226,芦屋,2,サンライズＷ,曇り,無風,0,1,3,4,4239,竹 田 辰 也,43,124,6.78,4,0.11,1.50.9,1-2-4,860,4,1-2,420,2,1-2-4,280,2,1-2,460,3,,,,,,,
20260226,芦屋,2,サンライズＷ,曇り,無風,0,1,4,3,5208,屋 良 龍 紀,19,153,6.77,3,0.12,1.52.9,1-2-4,860,4,1-2,420,2,1-2-4,280,2,1-2,460,3,,,,,,,
20260226,芦屋,2,サンライズＷ,曇り,無風,0,1,5,5,5346,中 村 紋夕梨,45,112,6.70,5,0.13,,1-2-4,860,4,1-2,420,2,1-2-4,280,2,1-2,460,3,,,,,,,
20260226,芦屋,2,サンライズＷ,曇り,無風,0,1,6,6,3906,飯 山 晃 三,35,163,6.80,6,0.24,,1-2-4,860,4,1-2,420,2,1-2-4,280,2,1-2,460,3,,,,,,,
20260226,芦屋,3,サンライズＸ,曇り,北東,2,2,1,4,3305,小 野 信 樹,54,116,6.76,4,0.11,1.48.5,4-5-1,14160,35,4-5,7230,14,1-4-5,1390,5,4-5,2450,9,,,,,,,
20260226,芦屋,3,サンライズＸ,曇り,北東,2,2,2,5,4330,奈 須 啓 太,21,160,6.74,5,0.10,1.50.3,4-5-1,14160,35,4-5,7230,14,1-4-5,1390,5,4-5,2450,9,,,,,,,
20260226,芦屋,3,サンライズＸ,曇り,北東,2,2,3,1,4706,三 浦 洋次朗,34,129,6.75,1,0.17,1.51.7,4-5-1,14160,35,4-5,7230,14,1-4-5,1390,5,4-5,2450,9,,,,,,,
20260226,芦屋,3,サンライズＸ,曇り,北東,2,2,4,2,3455,谷 本 幸 司,33,125,6.79,2,0.18,1.52.5,4-5-1,14160,35,4-5,7230,14,1-4-5,1390,5,4-5,2450,9,,,,,,,
20260226,芦屋,3,サンライズＸ,曇り,北東,2,2,5,3,4294,古 賀 繁 輝,37,157,6.80,3,0.23,,4-5-1,14160,35,4-5,7230,14,1-4-5,1390,5,4-5,2450,9,,,,,,,
20260226,芦屋,3,サンライズＸ,曇り,北東,2,2,6,6,5443,西 村 仁 吾,47,139,6.76,6,0.42,,4-5-1,14160,35,4-5,7230,14,1-4-5,1390,5,4-5,2450,9,,,,,,,
20260226,芦屋,4,サンライズＹ 進入固定,曇り,北東,3,3,1,1,4302,西 野 翔 太,36,135,6.70,1,0.16,1.48.2,1-4-5,640,3,1-4,240,2,1-4-5,360,2,1-4,210,1,,,,,,,
20260226,芦屋,4,サンライズＹ 進入固定,曇り,北東,3,3,2,4,3684,清 水 攻 二,59,140,6.77,4,0.19,1.49.1,1-4-5,640,3,1-4,240,2,1-4-5,360,2,1-4,210,1,,,,,,,
20260226,芦屋,4,サンライズＹ 進入固定,曇り,北東,3,3,3,5,3930,岸 本 隆,53,162,6.75,5,0.17,1.51.4,1-4-5,640,3,1-4,240,2,1-4-5,360,2,1-4,210,1,,,,,,,
20260226,芦屋,4,サンライズＹ 進入固定,曇り,北東,3,3,4,2,4325,新 出 浩 司,52,111,6.73,2,0.21,1.52.5,1-4-5,640,3,1-4,240,2,1-4-5,360,2,1-4,210,1,,,,,,,
20260226,芦屋,4,サンライズＹ 進入固定,曇り,北東,3,3,5,3,5305,伊 藤 栞,10,122,6.75,3,0.19,,1-4-5,640,3,1-4,240,2,1-4-5,360,2,1-4,210,1,,,,,,,
20260226,芦屋,4,サンライズＹ 進入固定,曇り,北東,3,3,6,6,5418,堀 内 亜 海,50,168,6.76,6,0.22,,1-4-5,640,3,1-4,240,2,1-4-5,360,2,1-4,210,1,,,,,,,
20260226,芦屋,5,サンライズＺ,曇り,北東,2,2,1,1,3499,市 川 哲 也,6,165,6.77,1,0.16,1.48.6,1-4-2,1030,3,1-4,340,2,1-2-4,440,2,1-4,190,1,,,,,,,
20260226,芦屋,5,サンライズＺ,曇り,北東,2,2,2,4,4950,高 岡 竜 也,8,130,6.68,4,0.25,1.49.3,1-4-2,1030,3,1-4,340,2,1-2-4,440,2,1-4,190,1,,,,,,,
20260226,芦屋,5,サンライズＺ,曇り,北東,2,2,3,2,4272,大 場 広 孝,31,113,6.73,2,0.15,1.50.4,1-4-2,1030,3,1-4,340,2,1-2-4,440,2,1-4,190,1,,,,,,,
20260226,芦屋,5,サンライズＺ,曇り,北東,2,2,4,6,4228,吉 田 慎二郎,15,166,6.68,6,0.20,1.51.8,1-4-2,1030,3,1-4,340,2,1-2-4,440,2,1-4,190,1,,,,,,,
20260226,芦屋,5,サンライズＺ,曇り,北東,2,2,5,5,3620,信 濃 由 行,9,145,6.79,5,0.23,,1-4-2,1030,3,1-4,340,2,1-2-4,440,2,1-4,190,1,,,,,,,
20260226,芦屋,5,サンライズＺ,曇り,北東,2,2,6,3,4210,松 村 康 太,30,149,6.77,3,0.19,,1-4-2,1030,3,1-4,340,2,1-2-4,440,2,1-4,190,1,,,,,,,
20260226,芦屋,6,一般,曇り,北東,2,2,1,3,4654,篠 田 優 也,22,148,6.66,3,0.08,1.48.4,3-2-5,6310,24,3-2,870,5,2-3-5,2990,11,2-3,520,3,,,,,,,
20260226,芦屋,6,一般,曇り,北東,2,2,2,2,4031,飯 島 誠,25,137,6.79,2,0.06,1.49.5,3-2-5,6310,24,3-2,870,5,2-3-5,2990,11,2-3,520,3,,,,,,,
20260226,芦屋,6,一般,曇り,北東,2,2,3,5,3471,赤 峰 和 也,13,144,6.80,5,0.09,1.51.3,3-2-5,6310,24,3-2,870,5,2-3-5,2990,11,2-3,520,3,,,,,,,
20260226,芦屋,6,一般,曇り,北東,2,2,4,6,4584,村 岡 賢 人,46,117,6.74,6,0.14,1.52.2,3-2-5,6310,24,3-2,870,5,2-3-5,2990,11,2-3,520,3,,,,,,,
20260226,芦屋,6,一般,曇り,北東,2,2,5,4,5208,屋 良 龍 紀,19,153,6.79,4,0.29,,3-2-5,6310,24,3-2,870,5,2-3-5,2990,11,2-3,520,3,,,,,,,
20260226,芦屋,6,一般,曇り,北東,2,2,6,1,4853,前 原 哉,39,152,6.75,1,0.05,,3-2-5,6310,24,3-2,870,5,2-3-5,2990,11,2-3,520,3,,,,,,,
20260226,芦屋,7,一般 進入固定,曇り,北東,3,3,1,4,5295,田 上 凜,11,136,6.53,4,0.11,1.49.1,4-2-1,3800,13,4-2,1740,8,1-2-4,780,4,2-4,1360,5,,,,,,,
20260226,芦屋,7,一般 進入固定,曇り,北東,3,3,2,2,3305,小 野 信 樹,54,116,6.73,2,0.15,1.50.3,4-2-1,3800,13,4-2,1740,8,1-2-4,780,4,2-4,1360,5,,,,,,,
20260226,芦屋,7,一般 進入固定,曇り,北東,3,3,3,1,5048,眞 鳥 康 太,17,127,6.66,1,0.16,1.51.2,4-2-1,3800,13,4-2,1740,8,1-2-4,780,4,2-4,1360,5,,,,,,,
20260226,芦屋,7,一般 進入固定,曇り,北東,3,3,4,3,3745,橋 本 年 光,2,143,6.72,3,0.19,1.53.4,4-2-1,3800,13,4-2,1740,8,1-2-4,780,4,2-4,1360,5,,,,,,,
20260226,芦屋,7,一般 進入固定,曇り,北東,3,3,5,5,5151,山 下 奈 緒,18,164,6.67,5,0.21,,4-2-1,3800,13,4-2,1740,8,1-2-4,780,4,2-4,1360,5,,,,,,,
20260226,芦屋,7,一般 進入固定,曇り,北東,3,3,6,6,5443,西 村 仁 吾,47,139,6.78,6,0.30,,4-2-1,3800,13,4-2,1740,8,1-2-4,780,4,2-4,1360,5,,,,,,,
20260226,芦屋,8,一般,曇り,東,3,3,1,1,4440,萩 原 知 哉,28,161,6.70,1,0.22,1.49.1,1-3-6,1030,2,1-3,370,2,1-3-6,190,1,1-3,150,1,,,,,,,
20260226,芦屋,8,一般,曇り,東,3,3,2,3,4330,奈 須 啓 太,21,160,6.70,3,0.28,1.50.6,1-3-6,1030,2,1-3,370,2,1-3-6,190,1,1-3,150,1,,,,,,,
20260226,芦屋,8,一般,曇り,東,3,3,3,6,4715,村 上 遼,26,156,6.76,6,0.31,1.51.9,1-3-6,1030,2,1-3,370,2,1-3-6,190,1,1-3,150,1,,,,,,,
20260226,芦屋,8,一般,曇り,東,3,3,4,5,3444,香 月 大 介,12,155,6.69,5,0.24,1.52.4,1-3-6,1030,2,1-3,370,2,1-3-6,190,1,1-3,150,1,,,,,,,
20260226,芦屋,8,一般,曇り,東,3,3,5,4,5346,中 村 紋夕梨,45,112,6.67,4,0.31,,1-3-6,1030,2,1-3,370,2,1-3-6,190,1,1-3,150,1,,,,,,,
20260226,芦屋,8,一般,曇り,東,3,3,6,2,5296,永 田 楽,48,119,6.77,2,0.29,,1-3-6,1030,2,1-3,370,2,1-3-6,190,1,1-3,150,1,,,,,,,
20260226,芦屋,9,アシ夢特選,曇り,東,2,2,1,5,3158,島 川 光 男,32,133,6.73,5,0.08,1.47.6,5-1-6,8310,23,5-1,3180,7,1-5-6,750,3,1-5,380,2,,,,,,,
20260226,芦屋,9,アシ夢特選,曇り,東,2,2,2,1,4239,竹 田 辰 也,43,124,6.75,1,0.12,1.50.0,5-1-6,8310,23,5-1,3180,7,1-5-6,750,3,1-5,380,2,,,,,,,
20260226,芦屋,9,アシ夢特選,曇り,東,2,2,3,6,4706,三 浦 洋次朗,34,129,6.79,6,0.09,1.51.7,5-1-6,8310,23,5-1,3180,7,1-5-6,750,3,1-5,380,2,,,,,,,
20260226,芦屋,9,アシ夢特選,曇り,東,2,2,4,3,4325,新 出 浩 司,52,111,6.70,3,0.14,1.53.1,5-1-6,8310,23,5-1,3180,7,1-5-6,750,3,1-5,380,2,,,,,,,
20260226,芦屋,9,アシ夢特選,曇り,東,2,2,5,4,3434,松 尾 宣 邦,7,141,6.79,4,0.08,,5-1-6,8310,23,5-1,3180,7,1-5-6,750,3,1-5,380,2,,,,,,,
20260226,芦屋,9,アシ夢特選,曇り,東,2,2,6,2,5305,伊 藤 栞,10,122,6.74,2,0.14,,5-1-6,8310,23,5-1,3180,7,1-5-6,750,3,1-5,380,2,,,,,,,
20260226,芦屋,10,選抜戦,晴,北東,3,3,1,1,4950,高 岡 竜 也,8,130,6.71,1,0.21,1.48.3,1-4-3,1200,6,1-4,450,2,1-3-4,770,3,1-4,350,3,,,,,,,
20260226,芦屋,10,選抜戦,晴,北東,3,3,2,4,4302,西 野 翔 太,36,135,6.77,4,0.17,1.49.6,1-4-3,1200,6,1-4,450,2,1-3-4,770,3,1-4,350,3,,,,,,,
20260226,芦屋,10,選抜戦,晴,北東,3,3,3,3,3684,清 水 攻 二,59,140,6.78,3,0.19,1.50.3,1-4-3,1200,6,1-4,450,2,1-3-4,770,3,1-4,350,3,,,,,,,
20260226,芦屋,10,選抜戦,晴,北東,3,3,4,2,4654,篠 田 優 也,22,148,6.69,2,0.21,1.51.8,1-4-3,1200,6,1-4,450,2,1-3-4,770,3,1-4,350,3,,,,,,,
20260226,芦屋,10,選抜戦,晴,北東,3,3,5,5,4272,大 場 広 孝,31,113,6.76,5,0.22,,1-4-3,1200,6,1-4,450,2,1-3-4,770,3,1-4,350,3,,,,,,,
20260226,芦屋,10,選抜戦,晴,北東,3,3,6,6,3455,谷 本 幸 司,33,125,6.74,6,0.22,,1-4-3,1200,6,1-4,450,2,1-3-4,770,3,1-4,350,3,,,,,,,
20260226,芦屋,11,選抜戦,晴,北,3,3,1,3,3499,市 川 哲 也,6,165,6.74,3,0.08,1.49.0,3-1-4,2880,7,3-1,1110,4,1-3-4,310,2,1-3,270,1,,,,,,,
20260226,芦屋,11,選抜戦,晴,北,3,3,2,1,4210,松 村 康 太,30,149,6.76,1,0.11,1.50.7,3-1-4,2880,7,3-1,1110,4,1-3-4,310,2,1-3,270,1,,,,,,,
20260226,芦屋,11,選抜戦,晴,北,3,3,3,4,4294,古 賀 繁 輝,37,157,6.78,4,0.06,1.51.9,3-1-4,2880,7,3-1,1110,4,1-3-4,310,2,1-3,270,1,,,,,,,
20260226,芦屋,11,選抜戦,晴,北,3,3,4,6,5268,山 本 幸 也,60,142,6.67,6,0.21,1.52.6,3-1-4,2880,7,3-1,1110,4,1-3-4,310,2,1-3,270,1,,,,,,,
20260226,芦屋,11,選抜戦,晴,北,3,3,5,5,4031,飯 島 誠,25,137,6.80,5,0.12,,3-1-4,2880,7,3-1,1110,4,1-3-4,310,2,1-3,270,1,,,,,,,
20260226,芦屋,11,選抜戦,晴,北,3,3,6,2,3745,橋 本 年 光,2,143,6.74,2,0.19,,3-1-4,2880,7,3-1,1110,4,1-3-4,310,2,1-3,270,1,,,,,,,
20260226,芦屋,12,優勝戦,晴,北東,4,4,1,1,3952,中 澤 和 志,44,114,6.70,1,0.01,1.47.9,1-3-4,310,1,1-3,260,2,1-3-4,180,1,1-3,190,1,,,,,,,
20260226,芦屋,12,優勝戦,晴,北東,4,4,2,3,4102,益 田 啓 司,14,151,6.70,3,0.04,1.49.6,1-3-4,310,1,1-3,260,2,1-3-4,180,1,1-3,190,1,,,,,,,
20260226,芦屋,12,優勝戦,晴,北東,4,4,3,4,4256,渡 辺 浩 司,38,150,6.70,4,0.00,1.51.5,1-3-4,310,1,1-3,260,2,1-3-4,180,1,1-3,190,1,,,,,,,
20260226,芦屋,12,優勝戦,晴,北東,4,4,4,5,3731,高 濱 芳 久,1,132,6.73,5,0.01,1.52.8,1-3-4,310,1,1-3,260,2,1-3-4,180,1,1-3,190,1,,,,,,,
20260226,芦屋,12,優勝戦,晴,北東,4,4,5,6,3792,田 中 豪,55,118,6.69,6,0.05,,1-3-4,310,1,1-3,260,2,1-3-4,180,1,1-3,190,1,,,,,,,
20260226,芦屋,12,優勝戦,晴,北東,4,4,F,2,4967,中 村 魁 生,56,138,6.69,2,F0.01,,1-3-4,310,1,1-3,260,2,1-3-4,180,1,1-3,190,1,,,,,,,
20260226,鳴門,1,予選,曇り,北西,2,2,1,1,5163,清 水 愛 海,22,80,6.76,1,0.04,1.59.3,1-4-2,2890,10,1-4,850,4,1-2-4,730,4,1-4,820,3,,,,,,,
20260226,鳴門,1,予選,曇り,北西,2,2,2,4,4473,藤 堂 里 香,73,24,6.81,4,0.08,2.03.3,1-4-2,2890,10,1-4,850,4,1-2-4,730,4,1-4,820,3,,,,,,,
20260226,鳴門,1,予選,曇り,北西,2,2,3,2,4733,赤 井 睦,75,34,6.87,2,0.05,2.05.4,1-4-2,2890,10,1-4,850,4,1-2-4,730,4,1-4,820,3,,,,,,,
20260226,鳴門,1,予選,曇り,北西,2,2,4,5,4964,土 屋 南,83,52,6.86,5,0.09,2.06.5,1-4-2,2890,10,1-4,850,4,1-2-4,730,4,1-4,820,3,,,,,,,
20260226,鳴門,1,予選,曇り,北西,2,2,5,6,4947,間 庭 菜 摘,21,77,6.88,6,0.05,,1-4-2,2890,10,1-4,850,4,1-2-4,730,4,1-4,820,3,,,,,,,
20260226,鳴門,1,予選,曇り,北西,2,2,S1,3,4961,西 橋 奈 未,29,36,6.89,3,0.07,,1-4-2,2890,10,1-4,850,4,1-2-4,730,4,1-4,820,3,,,,,,,
20260226,鳴門,2,予選,曇り,北西,2,2,1,2,4627,藤 原 菜 希,62,51,6.85,2,0.16,1.47.8,2-3-1,4480,17,2-3,1420,5,1-2-3,460,1,2-3,790,3,,,,,,,
20260226,鳴門,2,予選,曇り,北西,2,2,2,3,4530,小 野 生 奈,10,56,6.91,3,0.11,1.50.0,2-3-1,4480,17,2-3,1420,5,1-2-3,460,1,2-3,790,3,,,,,,,
20260226,鳴門,2,予選,曇り,北西,2,2,3,1,4286,平 田 さやか,82,25,6.86,1,0.14,1.51.7,2-3-1,4480,17,2-3,1420,5,1-2-3,460,1,2-3,790,3,,,,,,,
20260226,鳴門,2,予選,曇り,北西,2,2,4,6,5088,高 憧 四 季,68,64,6.86,6,0.23,1.52.2,2-3-1,4480,17,2-3,1420,5,1-2-3,460,1,2-3,790,3,,,,,,,
20260226,鳴門,2,予選,曇り,北西,2,2,5,5,4611,今 井 美 亜,27,38,6.78,5,0.12,,2-3-1,4480,17,2-3,1420,5,1-2-3,460,1,2-3,790,3,,,,,,,
20260226,鳴門,2,予選,曇り,北西,2,2,6,4,4738,清 埜 翔 子,52,20,6.82,4,0.12,,2-3-1,4480,17,2-3,1420,5,1-2-3,460,1,2-3,790,3,,,,,,,
20260226,鳴門,3,予選,晴,北西,1,1,1,2,4123,細 川 裕 子,71,55,6.78,2,0.13,1.47.1,2-1-4,1960,6,2-1,1060,4,1-2-4,220,1,1-2,210,1,,,,,,,
20260226,鳴門,3,予選,晴,北西,1,1,2,1,5205,刑 部 亜里紗,28,69,6.76,1,0.13,1.48.9,2-1-4,1960,6,2-1,1060,4,1-2-4,220,1,1-2,210,1,,,,,,,
20260226,鳴門,3,予選,晴,北西,1,1,3,4,4050,田 口 節 子,37,61,6.87,4,0.12,1.50.6,2-1-4,1960,6,2-1,1060,4,1-2-4,220,1,1-2,210,1,,,,,,,
20260226,鳴門,3,予選,晴,北西,1,1,4,3,4017,向 井 美 鈴,23,22,6.92,3,0.13,1.51.8,2-1-4,1960,6,2-1,1060,4,1-2-4,220,1,1-2,210,1,,,,,,,
20260226,鳴門,3,予選,晴,北西,1,1,5,5,4900,中 田 夕 貴,14,58,6.86,5,0.13,,2-1-4,1960,6,2-1,1060,4,1-2-4,220,1,1-2,210,1,,,,,,,
20260226,鳴門,3,予選,晴,北西,1,1,6,6,4936,戸 敷 晃 美,63,57,6.78,6,0.09,,2-1-4,1960,6,2-1,1060,4,1-2-4,220,1,1-2,210,1,,,,,,,
20260226,鳴門,4,予選,晴,北西,2,2,1,1,4589,塩 崎 桐 加,69,73,6.82,1,0.06,1.47.4,1-3-2,3870,17,1-3,690,2,1-2-3,1260,7,1-3,550,3,,,,,,,
20260226,鳴門,4,予選,晴,北西,2,2,2,3,3435,寺 田 千 恵,74,28,6.87,3,0.11,1.49.7,1-3-2,3870,17,1-3,690,2,1-2-3,1260,7,1-3,550,3,,,,,,,
20260226,鳴門,4,予選,晴,北西,2,2,3,2,5277,井 上 未 都,32,23,6.88,2,0.09,1.51.3,1-3-2,3870,17,1-3,690,2,1-2-3,1260,7,1-3,550,3,,,,,,,
20260226,鳴門,4,予選,晴,北西,2,2,4,6,4891,寺 島 美 里,79,37,6.80,6,0.20,1.52.4,1-3-2,3870,17,1-3,690,2,1-2-3,1260,7,1-3,550,3,,,,,,,
20260226,鳴門,4,予選,晴,北西,2,2,5,5,4482,守 屋 美 穂,56,72,6.93,5,0.21,,1-3-2,3870,17,1-3,690,2,1-2-3,1260,7,1-3,550,3,,,,,,,
20260226,鳴門,4,予選,晴,北西,2,2,6,4,4938,小 芦 るり華,31,19,6.79,4,0.12,,1-3-2,3870,17,1-3,690,2,1-2-3,1260,7,1-3,550,3,,,,,,,
20260226,鳴門,5,予選,晴,北西,2,2,1,4,4433,川 野 芽 唯,35,81,6.95,4,0.12,1.46.1,4-2-6,19680,45,4-2,4050,11,2-4-6,1890,7,2-4,660,3,,,,,,,
20260226,鳴門,5,予選,晴,北西,2,2,2,2,4502,遠 藤 エ ミ,59,67,6.79,2,0.24,1.48.0,4-2-6,19680,45,4-2,4050,11,2-4-6,1890,7,2-4,660,3,,,,,,,
20260226,鳴門,5,予選,晴,北西,2,2,3,6,4825,倉 持 莉 々,65,39,6.83,6,0.18,1.50.7,4-2-6,19680,45,4-2,4050,11,2-4-6,1890,7,2-4,660,3,,,,,,,
20260226,鳴門,5,予選,晴,北西,2,2,4,5,5129,山 口 真喜子,78,18,6.84,5,0.11,1.50.8,4-2-6,19680,45,4-2,4050,11,2-4-6,1890,7,2-4,660,3,,,,,,,
20260226,鳴門,5,予選,晴,北西,2,2,5,3,3611,岩 崎 芳 美,58,11,6.79,3,0.26,,4-2-6,19680,45,4-2,4050,11,2-4-6,1890,7,2-4,660,3,,,,,,,
20260226,鳴門,5,予選,晴,北西,2,2,6,1,5174,川 井 萌,36,29,6.84,1,0.21,,4-2-6,19680,45,4-2,4050,11,2-4-6,1890,7,2-4,660,3,,,,,,,
20260226,鳴門,6,予選,晴,北西,2,2,1,1,5193,米 丸 乃 絵,80,54,6.80,1,0.08,1.46.8,1-3-5,9050,28,1-3,1210,4,1-3-5,3360,13,1-3,970,4,,,,,,,
20260226,鳴門,6,予選,晴,北西,2,2,2,3,4286,平 田 さやか,82,25,6.86,4,0.11,1.49.6,1-3-5,9050,28,1-3,1210,4,1-3-5,3360,13,1-3,970,4,,,,,,,
20260226,鳴門,6,予選,晴,北西,2,2,3,5,4746,大豆生田 蒼,11,68,6.83,6,0.18,1.51.3,1-3-5,9050,28,1-3,1210,4,1-3-5,3360,13,1-3,970,4,,,,,,,
20260226,鳴門,6,予選,晴,北西,2,2,4,2,4546,浜 田 亜理沙,34,70,6.77,2,0.09,1.51.7,1-3-5,9050,28,1-3,1210,4,1-3-5,3360,13,1-3,970,4,,,,,,,
20260226,鳴門,6,予選,晴,北西,2,2,5,4,4556,竹 井 奈 美,19,16,6.85,5,0.16,,1-3-5,9050,28,1-3,1210,4,1-3-5,3360,13,1-3,970,4,,,,,,,
20260226,鳴門,6,予選,晴,北西,2,2,6,6,4450,平 高 奈 菜,18,76,6.89,3,0.10,,1-3-5,9050,28,1-3,1210,4,1-3-5,3360,13,1-3,970,4,,,,,,,
20260226,鳴門,7,予選,晴,北西,2,2,1,3,4738,清 埜 翔 子,52,20,6.85,3,0.09,1.47.2,3-6-2,37680,78,3-6,5760,17,2-3-6,8440,19,3-6,4190,12,,,,,,,
20260226,鳴門,7,予選,晴,北西,2,2,2,6,4208,三 浦 永 理,38,84,6.92,6,0.01,1.48.6,3-6-2,37680,78,3-6,5760,17,2-3-6,8440,19,3-6,4190,12,,,,,,,
20260226,鳴門,7,予選,晴,北西,2,2,3,2,4900,中 田 夕 貴,14,58,6.83,2,0.11,1.50.6,3-6-2,37680,78,3-6,5760,17,2-3-6,8440,19,3-6,4190,12,,,,,,,
20260226,鳴門,7,予選,晴,北西,2,2,4,4,5281,井 上 遥 妃,72,33,6.82,4,0.03,1.50.8,3-6-2,37680,78,3-6,5760,17,2-3-6,8440,19,3-6,4190,12,,,,,,,
20260226,鳴門,7,予選,晴,北西,2,2,5,1,4961,西 橋 奈 未,29,36,6.79,1,0.06,,3-6-2,37680,78,3-6,5760,17,2-3-6,8440,19,3-6,4190,12,,,,,,,
20260226,鳴門,7,予選,晴,北西,2,2,6,5,5264,登 みひ果,64,65,6.83,5,0.02,,3-6-2,37680,78,3-6,5760,17,2-3-6,8440,19,3-6,4190,12,,,,,,,
20260226,鳴門,8,予選,晴,北西,1,1,1,4,4845,前 田 紗 希,39,66,6.86,4,0.02,1.47.6,4-6-1,27450,90,4-6,6350,23,1-4-6,4080,16,4-6,2550,11,,,,,,,
20260226,鳴門,8,予選,晴,北西,1,1,2,6,4627,藤 原 菜 希,62,51,6.86,6,0.09,1.48.7,4-6-1,27450,90,4-6,6350,23,1-4-6,4080,16,4-6,2550,11,,,,,,,
20260226,鳴門,8,予選,晴,北西,1,1,3,1,4473,藤 堂 里 香,73,24,6.78,1,0.23,1.50.2,4-6-1,27450,90,4-6,6350,23,1-4-6,4080,16,4-6,2550,11,,,,,,,
20260226,鳴門,8,予選,晴,北西,1,1,4,5,4590,渡 邉 優 美,50,78,6.88,5,0.01,1.51.5,4-6-1,27450,90,4-6,6350,23,1-4-6,4080,16,4-6,2550,11,,,,,,,
20260226,鳴門,8,予選,晴,北西,1,1,5,2,3999,大 瀧 明日香,20,62,6.86,2,0.21,,4-6-1,27450,90,4-6,6350,23,1-4-6,4080,16,4-6,2550,11,,,,,,,
20260226,鳴門,8,予選,晴,北西,1,1,6,3,4936,戸 敷 晃 美,63,57,6.77,3,0.18,,4-6-1,27450,90,4-6,6350,23,1-4-6,4080,16,4-6,2550,11,,,,,,,
20260226,鳴門,9,予選,晴,北西,1,1,1,2,4456,鎌 倉 涼,70,31,6.87,2,0.11,1.46.4,2-6-5,14170,51,2-6,1670,5,2-5-6,3380,15,2-6,1250,6,,,,,,,
20260226,鳴門,9,予選,晴,北西,1,1,2,6,4530,小 野 生 奈,10,56,6.87,6,0.14,1.49.1,2-6-5,14170,51,2-6,1670,5,2-5-6,3380,15,2-6,1250,6,,,,,,,
20260226,鳴門,9,予選,晴,北西,1,1,3,5,4017,向 井 美 鈴,23,22,7.02,5,0.17,1.51.2,2-6-5,14170,51,2-6,1670,5,2-5-6,3380,15,2-6,1250,6,,,,,,,
20260226,鳴門,9,予選,晴,北西,1,1,4,1,3618,海 野 ゆかり,24,15,6.88,1,0.15,1.52.3,2-6-5,14170,51,2-6,1670,5,2-5-6,3380,15,2-6,1250,6,,,,,,,
20260226,鳴門,9,予選,晴,北西,1,1,5,4,4733,赤 井 睦,75,34,6.88,4,0.14,,2-6-5,14170,51,2-6,1670,5,2-5-6,3380,15,2-6,1250,6,,,,,,,
20260226,鳴門,9,予選,晴,北西,1,1,6,3,5277,井 上 未 都,32,23,6.87,3,0.13,,2-6-5,14170,51,2-6,1670,5,2-5-6,3380,15,2-6,1250,6,,,,,,,
20260226,鳴門,10,予選,晴,北西,3,3,1,4,5088,高 憧 四 季,68,64,6.89,4,0.13,1.48.3,4-3-6,5270,20,4-3,3030,17,3-4-6,830,2,3-4,1290,7,,,,,,,
20260226,鳴門,10,予選,晴,北西,3,3,2,3,5188,武 井 莉里佳,12,74,6.85,3,0.21,1.50.2,4-3-6,5270,20,4-3,3030,17,3-4-6,830,2,3-4,1290,7,,,,,,,
20260226,鳴門,10,予選,晴,北西,3,3,3,6,4502,遠 藤 エ ミ,59,67,6.81,6,0.21,1.51.4,4-3-6,5270,20,4-3,3030,17,3-4-6,830,2,3-4,1290,7,,,,,,,
20260226,鳴門,10,予選,晴,北西,3,3,4,2,5057,上 田 紗 奈,67,82,6.75,2,0.10,1.52.0,4-3-6,5270,20,4-3,3030,17,3-4-6,830,2,3-4,1290,7,,,,,,,
20260226,鳴門,10,予選,晴,北西,3,3,5,1,4746,大豆生田 蒼,11,68,6.86,1,0.11,,4-3-6,5270,20,4-3,3030,17,3-4-6,830,2,3-4,1290,7,,,,,,,
20260226,鳴門,10,予選,晴,北西,3,3,6,5,4589,塩 崎 桐 加,69,73,6.82,5,0.17,,4-3-6,5270,20,4-3,3030,17,3-4-6,830,2,3-4,1290,7,,,,,,,
20260226,鳴門,11,予選,晴,北西,3,3,1,2,5129,山 口 真喜子,78,18,6.83,2,0.16,1.46.2,2-3-1,11950,41,2-3,4510,18,1-2-3,450,2,2-3,1750,8,,,,,,,
20260226,鳴門,11,予選,晴,北西,3,3,2,3,4546,浜 田 亜理沙,34,70,6.86,3,0.15,1.48.8,2-3-1,11950,41,2-3,4510,18,1-2-3,450,2,2-3,1750,8,,,,,,,
20260226,鳴門,11,予選,晴,北西,3,3,3,1,4823,中 村 桃 佳,53,59,6.85,1,0.16,1.50.3,2-3-1,11950,41,2-3,4510,18,1-2-3,450,2,2-3,1750,8,,,,,,,
20260226,鳴門,11,予選,晴,北西,3,3,4,5,4240,今 井 裕 梨,76,75,6.85,5,0.15,1.51.9,2-3-1,11950,41,2-3,4510,18,1-2-3,450,2,2-3,1750,8,,,,,,,
20260226,鳴門,11,予選,晴,北西,3,3,5,6,3900,香 川 素 子,77,79,6.97,6,0.17,,2-3-1,11950,41,2-3,4510,18,1-2-3,450,2,2-3,1750,8,,,,,,,
20260226,鳴門,11,予選,晴,北西,3,3,6,4,4519,清 水 沙 樹,17,13,6.89,4,0.15,,2-3-1,11950,41,2-3,4510,18,1-2-3,450,2,2-3,1750,8,,,,,,,
20260226,鳴門,12,予選,晴,北西,1,1,1,1,4482,守 屋 美 穂,56,72,6.81,1,0.06,1.45.6,1-3-4,750,2,1-3,220,1,1-3-4,490,3,1-3,240,1,,,,,,,
20260226,鳴門,12,予選,晴,北西,1,1,2,3,4433,川 野 芽 唯,35,81,6.89,3,0.08,1.48.5,1-3-4,750,2,1-3,220,1,1-3-4,490,3,1-3,240,1,,,,,,,
20260226,鳴門,12,予選,晴,北西,1,1,3,4,5205,刑 部 亜里紗,28,69,6.89,4,0.14,1.50.7,1-3-4,750,2,1-3,220,1,1-3-4,490,3,1-3,240,1,,,,,,,
20260226,鳴門,12,予選,晴,北西,1,1,4,2,5264,登 みひ果,64,65,6.78,2,0.07,1.52.0,1-3-4,750,2,1-3,220,1,1-3-4,490,3,1-3,240,1,,,,,,,
20260226,鳴門,12,予選,晴,北西,1,1,5,5,4387,平 山 智 加,54,27,6.85,5,0.15,,1-3-4,750,2,1-3,220,1,1-3-4,490,3,1-3,240,1,,,,,,,
20260226,鳴門,12,予選,晴,北西,1,1,6,6,4117,廣 中 智紗衣,25,12,6.99,6,0.19,,1-3-4,750,2,1-3,220,1,1-3-4,490,3,1-3,240,1,,,,,,,
