date,venue_name,race_no,race_type,weather,wind_dir,wind_ms,wave_cm,rank,waku,reg_no,name,motor_no,boat_no,exhibition_time,course_enter,st_timing,race_time,won3,won3_pay,won3_pop,won2,won2_pay,won2_pop,trio,trio_pay,trio_pop,pair,pair_pay,pair_pop,lap_time,turn_time,straight_time,lap_rank,turn_rank,straight_rank,exhibition_eval
20260801,びわこ,1,一般,晴,南,3,2,1,1,4847,佐 藤 隆太郎,70,27,6.57,1,0.14,1.50.6,1-6-5,5960,20,1-6,980,4,1-5-6,1790,9,1-6,780,4,,,,,,,
20260801,びわこ,1,一般,晴,南,3,2,2,6,4760,山 崎 郡,20,23,6.60,6,0.14,1.52.2,1-6-5,5960,20,1-6,980,4,1-5-6,1790,9,1-6,780,4,,,,,,,
20260801,びわこ,1,一般,晴,南,3,2,3,5,4832,権 藤 俊 光,12,65,6.75,5,0.10,1.53.3,1-6-5,5960,20,1-6,980,4,1-5-6,1790,9,1-6,780,4,,,,,,,
20260801,びわこ,1,一般,晴,南,3,2,4,3,4030,森 高 一 真,73,38,6.65,3,0.17,1.54.6,1-6-5,5960,20,1-6,980,4,1-5-6,1790,9,1-6,780,4,,,,,,,
20260801,びわこ,1,一般,晴,南,3,2,5,2,3719,辻 栄 蔵,45,18,6.64,2,0.27,,1-6-5,5960,20,1-6,980,4,1-5-6,1790,9,1-6,780,4,,,,,,,
20260801,びわこ,1,一般,晴,南,3,2,6,4,4933,板 橋 侑 我,36,35,6.74,4,0.17,,1-6-5,5960,20,1-6,980,4,1-5-6,1790,9,1-6,780,4,,,,,,,
20260801,びわこ,2,一般,晴,南,2,2,1,1,4371,西 山 貴 浩,49,37,6.65,1,0.13,2.08.8,1-2-6,2330,13,1-2,550,3,1-2-6,1010,9,1-2,400,2,,,,,,,
20260801,びわこ,2,一般,晴,南,2,2,2,2,4590,渡 邉 優 美,26,61,6.64,2,0.17,2.09.5,1-2-6,2330,13,1-2,550,3,1-2-6,1010,9,1-2,400,2,,,,,,,
20260801,びわこ,2,一般,晴,南,2,2,3,6,4502,遠 藤 エ ミ,32,20,6.71,6,0.13,2.11.4,1-2-6,2330,13,1-2,550,3,1-2-6,1010,9,1-2,400,2,,,,,,,
20260801,びわこ,2,一般,晴,南,2,2,4,5,4290,稲 田 浩 二,33,64,6.72,5,0.09,2.16.9,1-2-6,2330,13,1-2,550,3,1-2-6,1010,9,1-2,400,2,,,,,,,
20260801,びわこ,2,一般,晴,南,2,2,5,3,4547,中 田 竜 太,58,30,6.68,3,0.24,,1-2-6,2330,13,1-2,550,3,1-2-6,1010,9,1-2,400,2,,,,,,,
20260801,びわこ,3,一般,晴,南西,3,2,1,3,4459,片 岡 雅 裕,61,29,6.70,3,0.10,1.50.6,3-5-4,20940,91,3-5,5420,25,3-4-5,3380,20,3-5,2830,14,,,,,,,
20260801,びわこ,3,一般,晴,南西,3,2,2,5,4851,関 浩 哉,59,31,6.72,5,0.19,1.51.5,3-5-4,20940,91,3-5,5420,25,3-4-5,3380,20,3-5,2830,14,,,,,,,
20260801,びわこ,3,一般,晴,南西,3,2,3,4,3415,松 井 繁,46,47,6.68,4,0.14,1.53.8,3-5-4,20940,91,3-5,5420,25,3-4-5,3380,20,3-5,2830,14,,,,,,,
20260801,びわこ,3,一般,晴,南西,3,2,4,1,3978,齊 藤 仁,28,67,6.71,1,0.16,1.55.1,3-5-4,20940,91,3-5,5420,25,3-4-5,3380,20,3-5,2830,14,,,,,,,
20260801,びわこ,3,一般,晴,南西,3,2,5,2,4757,山 田 祐 也,68,34,6.70,2,0.13,,3-5-4,20940,91,3-5,5420,25,3-4-5,3380,20,3-5,2830,14,,,,,,,
20260801,びわこ,3,一般,晴,南西,3,2,6,6,4719,上 條 暢 嵩,18,44,6.69,6,0.18,,3-5-4,20940,91,3-5,5420,25,3-4-5,3380,20,3-5,2830,14,,,,,,,
20260801,びわこ,4,一般,晴,南東,1,1,1,1,3779,原 田 幸 哉,37,11,6.65,1,0.17,1.50.7,1-5-6,2900,11,1-5,940,3,1-5-6,1420,8,1-5,790,4,,,,,,,
20260801,びわこ,4,一般,晴,南東,1,1,2,5,4573,佐 藤 翼,23,68,6.71,5,0.16,1.51.9,1-5-6,2900,11,1-5,940,3,1-5-6,1420,8,1-5,790,4,,,,,,,
20260801,びわこ,4,一般,晴,南東,1,1,3,6,4337,平 本 真 之,35,46,6.64,6,0.15,1.53.2,1-5-6,2900,11,1-5,940,3,1-5-6,1420,8,1-5,790,4,,,,,,,
20260801,びわこ,4,一般,晴,南東,1,1,4,4,4075,中 野 次 郎,16,33,6.69,4,0.13,1.54.4,1-5-6,2900,11,1-5,940,3,1-5-6,1420,8,1-5,790,4,,,,,,,
20260801,びわこ,4,一般,晴,南東,1,1,5,2,4024,井 口 佳 典,39,66,6.66,2,0.18,,1-5-6,2900,11,1-5,940,3,1-5-6,1420,8,1-5,790,4,,,,,,,
20260801,びわこ,4,一般,晴,南東,1,1,6,3,3960,菊 地 孝 平,17,24,6.63,3,0.15,,1-5-6,2900,11,1-5,940,3,1-5-6,1420,8,1-5,790,4,,,,,,,
20260801,びわこ,5,一般,晴,北東,3,2,1,1,4932,新 開 航,21,50,6.67,1,0.17,1.50.4,1-4-3,1610,6,1-4,530,3,1-3-4,470,2,1-4,490,3,,,,,,,
20260801,びわこ,5,一般,晴,北東,3,2,2,4,4166,吉 田 拡 郎,71,72,6.73,4,0.18,1.51.9,1-4-3,1610,6,1-4,530,3,1-3-4,470,2,1-4,490,3,,,,,,,
20260801,びわこ,5,一般,晴,北東,3,2,3,3,4832,権 藤 俊 光,12,65,6.73,3,0.23,1.53.4,1-4-3,1610,6,1-4,530,3,1-3-4,470,2,1-4,490,3,,,,,,,
20260801,びわこ,5,一般,晴,北東,3,2,4,5,3716,石 渡 鉄 兵,52,63,6.76,5,0.14,1.54.3,1-4-3,1610,6,1-4,530,3,1-3-4,470,2,1-4,490,3,,,,,,,
20260801,びわこ,5,一般,晴,北東,3,2,5,6,4604,岩 瀬 裕 亮,30,26,6.73,6,0.17,,1-4-3,1610,6,1-4,530,3,1-3-4,470,2,1-4,490,3,,,,,,,
20260801,びわこ,5,一般,晴,北東,3,2,6,2,4266,長 田 頼 宗,47,62,6.77,2,0.73,,1-4-3,1610,6,1-4,530,3,1-3-4,470,2,1-4,490,3,,,,,,,
20260801,びわこ,6,一般,晴,北東,4,3,1,1,4503,上 野 真之介,56,32,6.82,1,0.08,1.51.5,1-4-3,1180,3,1-4,480,2,1-3-4,410,1,1-4,420,2,,,,,,,
20260801,びわこ,6,一般,晴,北東,4,3,2,4,3959,坪 井 康 晴,50,57,6.76,4,0.12,1.52.7,1-4-3,1180,3,1-4,480,2,1-3-4,410,1,1-4,420,2,,,,,,,
20260801,びわこ,6,一般,晴,北東,4,3,3,3,4847,佐 藤 隆太郎,70,27,6.80,3,0.09,1.53.9,1-4-3,1180,3,1-4,480,2,1-3-4,410,1,1-4,420,2,,,,,,,
20260801,びわこ,6,一般,晴,北東,4,3,4,5,3783,瓜 生 正 義,44,13,6.75,5,0.13,1.54.5,1-4-3,1180,3,1-4,480,2,1-3-4,410,1,1-4,420,2,,,,,,,
20260801,びわこ,6,一般,晴,北東,4,3,5,6,4590,渡 邉 優 美,26,58,6.75,6,0.13,,1-4-3,1180,3,1-4,480,2,1-3-4,410,1,1-4,420,2,,,,,,,
20260801,びわこ,6,一般,晴,北東,4,3,6,2,4933,板 橋 侑 我,36,35,6.74,2,0.06,,1-4-3,1180,3,1-4,480,2,1-3-4,410,1,1-4,420,2,,,,,,,
20260801,びわこ,7,一般,晴,北東,4,4,1,1,4719,上 條 暢 嵩,18,44,6.73,1,0.15,1.51.4,1-3-5,2090,9,1-3,580,3,1-3-5,860,6,1-3,500,3,,,,,,,
20260801,びわこ,7,一般,晴,北東,4,4,2,3,4886,入 海 馨,22,16,6.97,3,0.09,1.53.7,1-3-5,2090,9,1-3,580,3,1-3-5,860,6,1-3,500,3,,,,,,,
20260801,びわこ,7,一般,晴,北東,4,4,3,5,4757,山 田 祐 也,68,34,6.79,5,0.16,1.54.1,1-3-5,2090,9,1-3,580,3,1-3-5,860,6,1-3,500,3,,,,,,,
20260801,びわこ,7,一般,晴,北東,4,4,4,4,4030,森 高 一 真,73,38,6.93,4,0.13,1.55.8,1-3-5,2090,9,1-3,580,3,1-3-5,860,6,1-3,500,3,,,,,,,
20260801,びわこ,8,一般,晴,北東,5,5,1,1,4760,山 崎 郡,20,23,6.78,1,0.17,1.51.7,1-2-3,780,2,1-2,360,2,1-2-3,300,1,1-2,340,2,,,,,,,
20260801,びわこ,8,一般,晴,北東,5,5,2,2,4290,稲 田 浩 二,33,64,6.81,2,0.12,1.52.5,1-2-3,780,2,1-2,360,2,1-2-3,300,1,1-2,340,2,,,,,,,
20260801,びわこ,8,一般,晴,北東,5,5,3,3,4851,関 浩 哉,59,31,6.85,3,0.15,1.54.6,1-2-3,780,2,1-2,360,2,1-2-3,300,1,1-2,340,2,,,,,,,
20260801,びわこ,8,一般,晴,北東,5,5,4,4,4024,井 口 佳 典,39,66,6.81,4,0.16,1.54.7,1-2-3,780,2,1-2,360,2,1-2-3,300,1,1-2,340,2,,,,,,,
20260801,びわこ,8,一般,晴,北東,5,5,5,6,3978,齊 藤 仁,28,67,6.85,6,0.23,,1-2-3,780,2,1-2,360,2,1-2-3,300,1,1-2,340,2,,,,,,,
20260801,びわこ,8,一般,晴,北東,5,5,6,5,3719,辻 栄 蔵,45,18,6.85,5,0.15,,1-2-3,780,2,1-2,360,2,1-2-3,300,1,1-2,340,2,,,,,,,
20260801,びわこ,9,一般,晴,北東,5,6,1,1,4502,遠 藤 エ ミ,32,20,6.84,1,0.09,1.50.9,1-4-6,4860,16,1-4,560,3,1-4-6,2850,11,1-4,560,3,,,,,,,
20260801,びわこ,9,一般,晴,北東,5,6,2,4,4459,片 岡 雅 裕,61,29,6.89,4,0.10,1.53.4,1-4-6,4860,16,1-4,560,3,1-4-6,2850,11,1-4,560,3,,,,,,,
20260801,びわこ,9,一般,晴,北東,5,6,3,6,3960,菊 地 孝 平,17,24,6.74,6,0.10,1.54.4,1-4-6,4860,16,1-4,560,3,1-4-6,2850,11,1-4,560,3,,,,,,,
20260801,びわこ,9,一般,晴,北東,5,6,4,2,4573,佐 藤 翼,23,68,6.79,2,0.08,1.55.6,1-4-6,4860,16,1-4,560,3,1-4-6,2850,11,1-4,560,3,,,,,,,
20260801,びわこ,9,一般,晴,北東,5,6,5,3,4604,岩 瀬 裕 亮,30,26,6.81,3,0.11,,1-4-6,4860,16,1-4,560,3,1-4-6,2850,11,1-4,560,3,,,,,,,
20260801,びわこ,9,一般,晴,北東,5,6,6,5,3415,松 井 繁,46,47,6.82,5,0.10,,1-4-6,4860,16,1-4,560,3,1-4-6,2850,11,1-4,560,3,,,,,,,
20260801,びわこ,10,準優勝戦,晴,北東,4,6,1,1,4320,峰 竜 太,72,49,6.69,1,0.06,1.51.0,1-4-3,1530,7,1-4,500,3,1-3-4,590,3,1-4,540,3,,,,,,,
20260801,びわこ,10,準優勝戦,晴,北東,4,6,2,4,4682,大 上 卓 人,19,60,6.85,4,0.06,1.52.1,1-4-3,1530,7,1-4,500,3,1-3-4,590,3,1-4,540,3,,,,,,,
20260801,びわこ,10,準優勝戦,晴,北東,4,6,3,3,3897,白 井 英 治,11,25,6.80,3,0.04,1.53.6,1-4-3,1530,7,1-4,500,3,1-3-4,590,3,1-4,540,3,,,,,,,
20260801,びわこ,10,準優勝戦,晴,北東,4,6,4,5,4477,篠 崎 仁 志,34,39,6.84,5,0.12,1.55.2,1-4-3,1530,7,1-4,500,3,1-3-4,590,3,1-4,540,3,,,,,,,
20260801,びわこ,10,準優勝戦,晴,北東,4,6,5,2,4980,佐々木 完 太,40,43,6.73,2,0.07,,1-4-3,1530,7,1-4,500,3,1-3-4,590,3,1-4,540,3,,,,,,,
20260801,びわこ,10,準優勝戦,晴,北東,4,6,6,6,3941,池 田 浩 二,48,59,6.69,6,0.12,,1-4-3,1530,7,1-4,500,3,1-3-4,590,3,1-4,540,3,,,,,,,
20260801,びわこ,11,準優勝戦,晴,北東,3,4,1,1,5121,定 松 勇 樹,38,71,6.82,1,0.07,1.51.4,1-3-4,1850,7,1-3,480,2,1-3-4,990,5,1-3,380,2,,,,,,,
20260801,びわこ,11,準優勝戦,晴,北東,3,4,2,3,5224,西 岡 顕 心,41,53,6.75,3,0.11,1.52.5,1-3-4,1850,7,1-3,480,2,1-3-4,990,5,1-3,380,2,,,,,,,
20260801,びわこ,11,準優勝戦,晴,北東,3,4,3,4,4659,木 下 翔 太,57,54,6.79,4,0.13,1.54.3,1-3-4,1850,7,1-3,480,2,1-3-4,990,5,1-3,380,2,,,,,,,
20260801,びわこ,11,準優勝戦,晴,北東,3,4,4,2,4344,新 田 雄 史,31,41,6.76,2,0.12,1.54.6,1-3-4,1850,7,1-3,480,2,1-3-4,990,5,1-3,380,2,,,,,,,
20260801,びわこ,11,準優勝戦,晴,北東,3,4,5,5,4418,茅 原 悠 紀,64,19,6.74,5,0.15,,1-3-4,1850,7,1-3,480,2,1-3-4,990,5,1-3,380,2,,,,,,,
20260801,びわこ,11,準優勝戦,晴,北東,3,4,6,6,4959,井 上 忠 政,54,55,6.72,6,0.17,,1-3-4,1850,7,1-3,480,2,1-3-4,990,5,1-3,380,2,,,,,,,
20260801,びわこ,12,準優勝戦,晴,北,3,4,1,5,4848,仲 谷 颯 仁,14,36,6.77,6,0.01,1.50.6,5-2-1,12310,34,5-2,3570,11,1-2-5,780,4,2-5,2470,8,,,,,,,
20260801,びわこ,12,準優勝戦,晴,北,3,4,2,2,4686,丸 野 一 樹,29,69,6.81,2,0.09,1.51.9,5-2-1,12310,34,5-2,3570,11,1-2-5,780,4,2-5,2470,8,,,,,,,
20260801,びわこ,12,準優勝戦,晴,北,3,4,3,1,4586,磯 部 誠,51,52,6.66,1,0.11,1.53.4,5-2-1,12310,34,5-2,3570,11,1-2-5,780,4,2-5,2470,8,,,,,,,
20260801,びわこ,12,準優勝戦,晴,北,3,4,4,3,4044,湯 川 浩 司,67,21,6.88,5,0.02,1.55.2,5-2-1,12310,34,5-2,3570,11,1-2-5,780,4,2-5,2470,8,,,,,,,
20260801,びわこ,12,準優勝戦,晴,北,3,4,5,6,4262,馬 場 貴 也,69,22,6.73,4,0.08,,5-2-1,12310,34,5-2,3570,11,1-2-5,780,4,2-5,2470,8,,,,,,,
20260801,びわこ,12,準優勝戦,晴,北,3,4,6,4,4914,吉 田 裕 平,13,12,6.78,3,0.16,,5-2-1,12310,34,5-2,3570,11,1-2-5,780,4,2-5,2470,8,,,,,,,
20260801,三国,1,みくにあさイ,曇り,南東,2,2,1,1,4608,荒 井 翔 伍,60,47,6.79,1,0.12,1.51.6,1-2-4,850,1,1-2,320,1,1-2-4,340,1,1-2,360,3,,,,,,,
20260801,三国,1,みくにあさイ,曇り,南東,2,2,2,2,4104,木 下 陽 介,21,60,6.79,2,0.11,1.52.8,1-2-4,850,1,1-2,320,1,1-2-4,340,1,1-2,360,3,,,,,,,
20260801,三国,1,みくにあさイ,曇り,南東,2,2,3,4,4725,佐 竹 太 一,13,52,6.80,4,0.12,1.53.6,1-2-4,850,1,1-2,320,1,1-2-4,340,1,1-2,360,3,,,,,,,
20260801,三国,1,みくにあさイ,曇り,南東,2,2,4,6,3350,藤 本 佳 史,15,25,6.80,6,0.17,1.55.3,1-2-4,850,1,1-2,320,1,1-2-4,340,1,1-2,360,3,,,,,,,
20260801,三国,1,みくにあさイ,曇り,南東,2,2,5,3,3722,西 村 秀 樹,24,21,6.79,3,0.13,,1-2-4,850,1,1-2,320,1,1-2-4,340,1,1-2,360,3,,,,,,,
20260801,三国,1,みくにあさイ,曇り,南東,2,2,6,5,4143,浦 田 晃 嗣,34,29,6.77,5,0.14,,1-2-4,850,1,1-2,320,1,1-2-4,340,1,1-2,360,3,,,,,,,
20260801,三国,2,みくにあさガ,曇り,南東,1,1,1,1,4077,品 田 直 樹,70,30,6.85,1,0.09,1.50.4,1-3-2,1280,3,1-3,510,2,1-2-3,310,1,1-3,470,2,,,,,,,
20260801,三国,2,みくにあさガ,曇り,南東,1,1,2,3,4942,柴 田 朋 哉,50,70,6.79,3,0.05,1.51.6,1-3-2,1280,3,1-3,510,2,1-2-3,310,1,1-3,470,2,,,,,,,
20260801,三国,2,みくにあさガ,曇り,南東,1,1,3,2,4895,門 間 雄 大,25,41,6.80,2,0.06,1.52.9,1-3-2,1280,3,1-3,510,2,1-2-3,310,1,1-3,470,2,,,,,,,
20260801,三国,2,みくにあさガ,曇り,南東,1,1,4,4,5154,村 松 栄 太,66,54,6.83,4,0.13,1.54.3,1-3-2,1280,3,1-3,510,2,1-2-3,310,1,1-3,470,2,,,,,,,
20260801,三国,2,みくにあさガ,曇り,南東,1,1,5,5,4380,鈴 木 峻 佑,46,11,6.77,5,0.07,,1-3-2,1280,3,1-3,510,2,1-2-3,310,1,1-3,470,2,,,,,,,
20260801,三国,2,みくにあさガ,曇り,南東,1,1,6,6,4766,石 井 孝 之,65,58,6.74,6,0.09,,1-3-2,1280,3,1-3,510,2,1-2-3,310,1,1-3,470,2,,,,,,,
20260801,三国,3,みくにあさズ,曇り,南東,1,1,1,4,4744,伊 藤 玲 奈,68,49,6.81,4,0.09,1.50.9,4-3-5,12030,27,4-3,4170,11,3-4-5,1800,6,3-4,1530,5,,,,,,,
20260801,三国,3,みくにあさズ,曇り,南東,1,1,2,3,4974,安 井 瑞 紀,23,35,6.70,3,0.24,1.53.1,4-3-5,12030,27,4-3,4170,11,3-4-5,1800,6,3-4,1530,5,,,,,,,
20260801,三国,3,みくにあさズ,曇り,南東,1,1,3,5,5144,中 尾 彩 香,45,66,6.71,5,0.04,1.54.5,4-3-5,12030,27,4-3,4170,11,3-4-5,1800,6,3-4,1530,5,,,,,,,
20260801,三国,3,みくにあさズ,曇り,南東,1,1,4,1,4804,高 田 ひかる,61,43,6.65,1,0.21,1.55.7,4-3-5,12030,27,4-3,4170,11,3-4-5,1800,6,3-4,1530,5,,,,,,,
20260801,三国,3,みくにあさズ,曇り,南東,1,1,5,2,3943,三 松 直 美,41,37,6.86,2,0.20,,4-3-5,12030,27,4-3,4170,11,3-4-5,1800,6,3-4,1530,5,,,,,,,
20260801,三国,3,みくにあさズ,曇り,南東,1,1,6,6,5461,板 頭 里 緒,53,55,6.78,6,0.03,,4-3-5,12030,27,4-3,4170,11,3-4-5,1800,6,3-4,1530,5,,,,,,,
20260801,三国,4,みくにあさ推,曇り,西,2,2,1,1,4486,野 村 誠,54,68,6.83,1,0.13,1.51.5,1-5-6,1580,5,1-5,450,1,1-5-6,750,4,1-5,490,2,,,,,,,
20260801,三国,4,みくにあさ推,曇り,西,2,2,2,5,4769,馬 場 剛,32,38,6.75,5,0.16,1.52.4,1-5-6,1580,5,1-5,450,1,1-5-6,750,4,1-5,490,2,,,,,,,
20260801,三国,4,みくにあさ推,曇り,西,2,2,3,6,4159,向 後 龍 一,58,42,6.82,6,0.16,1.53.7,1-5-6,1580,5,1-5,450,1,1-5-6,750,4,1-5,490,2,,,,,,,
20260801,三国,4,みくにあさ推,曇り,西,2,2,4,4,5048,眞 鳥 康 太,49,63,6.77,4,0.21,1.55.1,1-5-6,1580,5,1-5,450,1,1-5-6,750,4,1-5,490,2,,,,,,,
20260801,三国,4,みくにあさ推,曇り,西,2,2,5,2,5124,上 瀧 絢 也,33,50,6.77,2,0.17,,1-5-6,1580,5,1-5,450,1,1-5-6,750,4,1-5,490,2,,,,,,,
20260801,三国,4,みくにあさ推,曇り,西,2,2,6,3,4461,安 田 吉 宏,59,16,6.85,3,0.42,,1-5-6,1580,5,1-5,450,1,1-5-6,750,4,1-5,490,2,,,,,,,
20260801,三国,5,一般,曇り,南,2,2,1,1,3158,島 川 光 男,36,34,6.80,1,0.14,1.51.3,1-4-6,970,1,1-4,420,1,1-4-6,440,2,1-4,230,1,,,,,,,
20260801,三国,5,一般,曇り,南,2,2,2,4,4144,石 塚 久 也,16,26,6.78,4,0.13,1.52.8,1-4-6,970,1,1-4,420,1,1-4-6,440,2,1-4,230,1,,,,,,,
20260801,三国,5,一般,曇り,南,2,2,3,6,3576,白 水 勝 也,64,23,6.82,6,0.14,1.54.8,1-4-6,970,1,1-4,420,1,1-4-6,440,2,1-4,230,1,,,,,,,
20260801,三国,5,一般,曇り,南,2,2,4,2,3577,向 所 浩 二,67,72,6.84,2,0.14,1.54.9,1-4-6,970,1,1-4,420,1,1-4-6,440,2,1-4,230,1,,,,,,,
20260801,三国,5,一般,曇り,南,2,2,5,5,4695,尾 崎 雄 二,35,20,6.81,5,0.13,,1-4-6,970,1,1-4,420,1,1-4-6,440,2,1-4,230,1,,,,,,,
20260801,三国,5,一般,曇り,南,2,2,6,3,3303,渡 辺 豊,26,62,6.90,3,0.13,,1-4-6,970,1,1-4,420,1,1-4-6,440,2,1-4,230,1,,,,,,,
20260801,三国,6,一般,晴,南西,1,1,1,1,4640,山ノ内 雅 人,11,24,6.77,1,0.09,1.51.7,1-4-6,2510,8,1-4,560,3,1-4-6,1000,4,1-4,330,2,,,,,,,
20260801,三国,6,一般,晴,南西,1,1,2,4,4210,松 村 康 太,47,45,6.81,4,0.07,1.53.6,1-4-6,2510,8,1-4,560,3,1-4-6,1000,4,1-4,330,2,,,,,,,
20260801,三国,6,一般,晴,南西,1,1,3,6,4077,品 田 直 樹,70,30,6.81,6,0.17,1.54.5,1-4-6,2510,8,1-4,560,3,1-4-6,1000,4,1-4,330,2,,,,,,,
20260801,三国,6,一般,晴,南西,1,1,4,5,4843,深 尾 巴 恵,56,65,6.76,5,0.03,1.55.1,1-4-6,2510,8,1-4,560,3,1-4-6,1000,4,1-4,330,2,,,,,,,
20260801,三国,6,一般,晴,南西,1,1,5,2,3581,加 木 郁,22,48,6.80,2,0.11,,1-4-6,2510,8,1-4,560,3,1-4-6,1000,4,1-4,330,2,,,,,,,
20260801,三国,6,一般,晴,南西,1,1,6,3,4725,佐 竹 太 一,13,52,6.87,3,0.15,,1-4-6,2510,8,1-4,560,3,1-4-6,1000,4,1-4,330,2,,,,,,,
20260801,三国,7,一般,晴,西,1,1,1,4,4974,安 井 瑞 紀,23,35,6.71,4,0.15,1.50.9,4-1-6,1630,2,4-1,800,2,1-4-6,330,1,1-4,350,1,,,,,,,
20260801,三国,7,一般,晴,西,1,1,2,1,5316,村 松 将 平,18,14,6.79,1,0.11,1.52.2,4-1-6,1630,2,4-1,800,2,1-4-6,330,1,1-4,350,1,,,,,,,
20260801,三国,7,一般,晴,西,1,1,3,6,4505,島 田 賢 人,69,13,6.78,6,0.14,1.53.8,4-1-6,1630,2,4-1,800,2,1-4-6,330,1,1-4,350,1,,,,,,,
20260801,三国,7,一般,晴,西,1,1,4,5,4895,門 間 雄 大,25,41,6.86,5,0.21,1.55.5,4-1-6,1630,2,4-1,800,2,1-4-6,330,1,1-4,350,1,,,,,,,
20260801,三国,7,一般,晴,西,1,1,5,3,4752,西 尾 亮 輔,38,51,6.84,3,0.23,,4-1-6,1630,2,4-1,800,2,1-4-6,330,1,1-4,350,1,,,,,,,
20260801,三国,7,一般,晴,西,1,1,6,2,4143,浦 田 晃 嗣,34,29,6.78,2,0.17,,4-1-6,1630,2,4-1,800,2,1-4-6,330,1,1-4,350,1,,,,,,,
20260801,三国,8,一般,晴,西,3,3,1,1,3350,藤 本 佳 史,15,25,6.91,1,0.16,1.51.6,1-3-4,2270,6,1-3,910,4,1-3-4,780,3,1-3,600,3,,,,,,,
20260801,三国,8,一般,晴,西,3,3,2,3,4664,東 口 晃,19,69,6.88,3,0.13,1.52.6,1-3-4,2270,6,1-3,910,4,1-3-4,780,3,1-3,600,3,,,,,,,
20260801,三国,8,一般,晴,西,3,3,3,4,4942,柴 田 朋 哉,50,70,6.80,4,0.18,1.54.6,1-3-4,2270,6,1-3,910,4,1-3-4,780,3,1-3,600,3,,,,,,,
20260801,三国,8,一般,晴,西,3,3,4,6,5373,諏 訪 玲 奈,14,22,6.81,6,0.12,1.55.8,1-3-4,2270,6,1-3,910,4,1-3-4,780,3,1-3,600,3,,,,,,,
20260801,三国,8,一般,晴,西,3,3,5,5,5124,上 瀧 絢 也,33,50,6.88,5,0.16,,1-3-4,2270,6,1-3,910,4,1-3-4,780,3,1-3,600,3,,,,,,,
20260801,三国,8,一般,晴,西,3,3,6,2,5144,中 尾 彩 香,45,66,6.83,2,0.16,,1-3-4,2270,6,1-3,910,4,1-3-4,780,3,1-3,600,3,,,,,,,
20260801,三国,9,一般特選,晴,西,1,1,1,1,4695,尾 崎 雄 二,35,20,6.83,1,0.08,1.51.8,1-2-3,1190,4,1-2,540,2,1-2-3,420,1,1-2,460,2,,,,,,,
20260801,三国,9,一般特選,晴,西,1,1,2,2,4380,鈴 木 峻 佑,46,11,6.83,3,0.09,1.52.3,1-2-3,1190,4,1-2,540,2,1-2-3,420,1,1-2,460,2,,,,,,,
20260801,三国,9,一般特選,晴,西,1,1,3,3,4159,向 後 龍 一,58,42,6.89,2,0.04,1.53.8,1-2-3,1190,4,1-2,540,2,1-2-3,420,1,1-2,460,2,,,,,,,
20260801,三国,9,一般特選,晴,西,1,1,4,4,3722,西 村 秀 樹,24,21,6.84,4,0.14,1.55.3,1-2-3,1190,4,1-2,540,2,1-2-3,420,1,1-2,460,2,,,,,,,
20260801,三国,9,一般特選,晴,西,1,1,5,5,4608,荒 井 翔 伍,60,47,6.91,5,0.15,,1-2-3,1190,4,1-2,540,2,1-2-3,420,1,1-2,460,2,,,,,,,
20260801,三国,9,一般特選,晴,西,1,1,6,6,4804,高 田 ひかる,61,43,6.77,6,0.21,,1-2-3,1190,4,1-2,540,2,1-2-3,420,1,1-2,460,2,,,,,,,
20260801,三国,10,選抜戦,晴,南西,2,2,1,1,4769,馬 場 剛,32,38,6.87,1,0.12,1.51.3,1-3-4,550,1,1-3,200,1,1-3-4,300,1,1-3,170,1,,,,,,,
20260801,三国,10,選抜戦,晴,南西,2,2,2,3,4144,石 塚 久 也,16,26,6.81,3,0.27,1.52.4,1-3-4,550,1,1-3,200,1,1-3-4,300,1,1-3,170,1,,,,,,,
20260801,三国,10,選抜戦,晴,南西,2,2,3,4,4486,野 村 誠,54,68,6.88,4,0.33,1.53.7,1-3-4,550,1,1-3,200,1,1-3-4,300,1,1-3,170,1,,,,,,,
20260801,三国,10,選抜戦,晴,南西,2,2,4,6,4104,木 下 陽 介,21,60,6.91,6,0.22,1.55.0,1-3-4,550,1,1-3,200,1,1-3-4,300,1,1-3,170,1,,,,,,,
20260801,三国,10,選抜戦,晴,南西,2,2,5,5,3581,加 木 郁,22,48,6.89,5,0.29,,1-3-4,550,1,1-3,200,1,1-3-4,300,1,1-3,170,1,,,,,,,
20260801,三国,10,選抜戦,晴,南西,2,2,6,2,5154,村 松 栄 太,66,54,6.84,2,0.22,,1-3-4,550,1,1-3,200,1,1-3-4,300,1,1-3,170,1,,,,,,,
20260801,三国,11,選抜戦,晴,無風,0,0,1,1,4505,島 田 賢 人,69,13,6.79,1,0.09,1.50.9,1-2-4,760,1,1-2,440,2,1-2-4,380,1,1-2,380,3,,,,,,,
20260801,三国,11,選抜戦,晴,無風,0,0,2,2,4766,石 井 孝 之,65,58,6.80,2,0.11,1.52.4,1-2-4,760,1,1-2,440,2,1-2-4,380,1,1-2,380,3,,,,,,,
20260801,三国,11,選抜戦,晴,無風,0,0,3,4,3158,島 川 光 男,36,34,6.80,4,0.14,1.53.7,1-2-4,760,1,1-2,440,2,1-2-4,380,1,1-2,380,3,,,,,,,
20260801,三国,11,選抜戦,晴,無風,0,0,4,5,5316,村 松 将 平,18,14,6.83,5,0.16,1.54.0,1-2-4,760,1,1-2,440,2,1-2-4,380,1,1-2,380,3,,,,,,,
20260801,三国,11,選抜戦,晴,無風,0,0,5,6,4640,山ノ内 雅 人,11,24,6.82,6,0.15,,1-2-4,760,1,1-2,440,2,1-2-4,380,1,1-2,380,3,,,,,,,
20260801,三国,11,選抜戦,晴,無風,0,0,6,3,5048,眞 鳥 康 太,49,63,6.83,3,0.19,,1-2-4,760,1,1-2,440,2,1-2-4,380,1,1-2,380,3,,,,,,,
20260801,三国,12,優勝戦,晴,西,3,3,1,6,4926,吉 川 貴 仁,29,71,6.79,6,0.08,1.51.0,6-4-5,105110,97,6-4,13050,21,4-5-6,4230,11,4-6,2570,8,,,,,,,
20260801,三国,12,優勝戦,晴,西,3,3,2,4,4415,下 出 卓 矢,28,61,6.77,4,0.03,1.52.0,6-4-5,105110,97,6-4,13050,21,4-5-6,4230,11,4-6,2570,8,,,,,,,
20260801,三国,12,優勝戦,晴,西,3,3,3,5,4506,稗 田 聖 也,62,17,6.79,5,0.09,1.53.0,6-4-5,105110,97,6-4,13050,21,4-5-6,4230,11,4-6,2570,8,,,,,,,
20260801,三国,12,優勝戦,晴,西,3,3,4,1,4350,篠 崎 元 志,44,15,6.76,1,0.11,1.53.9,6-4-5,105110,97,6-4,13050,21,4-5-6,4230,11,4-6,2570,8,,,,,,,
20260801,三国,12,優勝戦,晴,西,3,3,5,2,4661,中 島 昂 章,40,44,6.69,2,0.10,,6-4-5,105110,97,6-4,13050,21,4-5-6,4230,11,4-6,2570,8,,,,,,,
20260801,三国,12,優勝戦,晴,西,3,3,6,3,4308,河 村 了,48,53,6.74,3,0.06,,6-4-5,105110,97,6-4,13050,21,4-5-6,4230,11,4-6,2570,8,,,,,,,
20260801,丸亀,1,一般,晴,西,3,3,1,1,3550,都 築 正 治,31,66,6.87,1,0.13,1.51.5,1-5-2,4090,17,1-5,1290,5,1-2-5,880,4,1-5,750,3,,,,,,,
20260801,丸亀,1,一般,晴,西,3,3,2,5,5102,原 田 雄 次,64,1,6.91,5,0.28,1.53.4,1-5-2,4090,17,1-5,1290,5,1-2-5,880,4,1-5,750,3,,,,,,,
20260801,丸亀,1,一般,晴,西,3,3,3,2,4467,渡 邉 俊 介,46,52,6.91,2,0.16,1.54.2,1-5-2,4090,17,1-5,1290,5,1-2-5,880,4,1-5,750,3,,,,,,,
20260801,丸亀,1,一般,晴,西,3,3,4,6,4771,下 寺 秀 和,22,4,6.83,6,0.21,1.54.5,1-5-2,4090,17,1-5,1290,5,1-2-5,880,4,1-5,750,3,,,,,,,
20260801,丸亀,1,一般,晴,西,3,3,5,4,4424,松 尾 昂 明,14,60,6.89,4,0.25,1.55.4,1-5-2,4090,17,1-5,1290,5,1-2-5,880,4,1-5,750,3,,,,,,,
20260801,丸亀,1,一般,晴,西,3,3,6,3,3731,高 濱 芳 久,51,44,6.84,3,0.17,1.57.5,1-5-2,4090,17,1-5,1290,5,1-2-5,880,4,1-5,750,3,,,,,,,
20260801,丸亀,2,一般,晴,西,2,2,1,1,4150,山 田 雄 太,24,61,6.79,1,0.09,1.50.8,1-5-3,810,2,1-5,360,1,1-3-5,230,1,1-5,370,2,,,,,,,
20260801,丸亀,2,一般,晴,西,2,2,2,5,4852,川 原 祐 明,30,31,6.81,5,0.19,1.52.3,1-5-3,810,2,1-5,360,1,1-3-5,230,1,1-5,370,2,,,,,,,
20260801,丸亀,2,一般,晴,西,2,2,3,3,3966,作 間 章,59,46,6.92,3,0.09,1.53.7,1-5-3,810,2,1-5,360,1,1-3-5,230,1,1-5,370,2,,,,,,,
20260801,丸亀,2,一般,晴,西,2,2,4,6,5469,今 泉 博 人,58,5,6.84,6,0.19,1.55.4,1-5-3,810,2,1-5,360,1,1-3-5,230,1,1-5,370,2,,,,,,,
20260801,丸亀,2,一般,晴,西,2,2,5,2,3478,嶋 田 貴 支,2,47,6.92,2,0.08,1.56.5,1-5-3,810,2,1-5,360,1,1-3-5,230,1,1-5,370,2,,,,,,,
20260801,丸亀,2,一般,晴,西,2,2,6,4,3825,宮 嵜 隆太郎,60,57,6.85,4,0.12,1.58.9,1-5-3,810,2,1-5,360,1,1-3-5,230,1,1-5,370,2,,,,,,,
20260801,丸亀,3,一般,晴,北西,2,2,1,1,5142,常 住 蓮,28,38,6.81,1,0.17,1.50.8,1-2-5,710,3,1-2,320,1,1-2-5,280,2,1-2,210,1,,,,,,,
20260801,丸亀,3,一般,晴,北西,2,2,2,2,3800,牧 宏 次,55,65,6.88,2,0.22,1.52.3,1-2-5,710,3,1-2,320,1,1-2-5,280,2,1-2,210,1,,,,,,,
20260801,丸亀,3,一般,晴,北西,2,2,3,5,4903,吉 田 凌太朗,20,59,6.87,5,0.15,1.53.9,1-2-5,710,3,1-2,320,1,1-2-5,280,2,1-2,210,1,,,,,,,
20260801,丸亀,3,一般,晴,北西,2,2,4,4,5060,数 原 魁,16,2,6.83,4,0.16,1.54.6,1-2-5,710,3,1-2,320,1,1-2-5,280,2,1-2,210,1,,,,,,,
20260801,丸亀,3,一般,晴,北西,2,2,5,3,3224,栗 山 繁 洋,57,53,6.89,3,0.19,1.55.5,1-2-5,710,3,1-2,320,1,1-2-5,280,2,1-2,210,1,,,,,,,
20260801,丸亀,3,一般,晴,北西,2,2,6,6,5429,吉 川 颯 汰,3,56,6.94,6,0.21,1.58.3,1-2-5,710,3,1-2,320,1,1-2-5,280,2,1-2,210,1,,,,,,,
20260801,丸亀,4,一般,晴,北西,3,3,1,5,4938,小 芦 るり華,15,26,6.93,5,0.09,1.50.2,5-1-6,5640,30,5-1,2910,18,1-5-6,890,4,1-5,1290,9,,,,,,,
20260801,丸亀,4,一般,晴,北西,3,3,2,1,4400,加 藤 奈 月,13,51,6.92,1,0.08,1.52.2,5-1-6,5640,30,5-1,2910,18,1-5-6,890,4,1-5,1290,9,,,,,,,
20260801,丸亀,4,一般,晴,北西,3,3,3,6,4433,川 野 芽 唯,48,41,6.71,6,0.13,1.53.0,5-1-6,5640,30,5-1,2910,18,1-5-6,890,4,1-5,1290,9,,,,,,,
20260801,丸亀,4,一般,晴,北西,3,3,4,3,3611,岩 崎 芳 美,53,55,6.81,3,0.12,1.53.6,5-1-6,5640,30,5-1,2910,18,1-5-6,890,4,1-5,1290,9,,,,,,,
20260801,丸亀,4,一般,晴,北西,3,3,5,4,3551,藤 田 美 代,45,62,6.84,4,0.12,1.55.6,5-1-6,5640,30,5-1,2910,18,1-5-6,890,4,1-5,1290,9,,,,,,,
20260801,丸亀,4,一般,晴,北西,3,3,6,2,3900,香 川 素 子,18,7,6.94,2,0.14,1.56.4,5-1-6,5640,30,5-1,2910,18,1-5-6,890,4,1-5,1290,9,,,,,,,
20260801,丸亀,5,一般,晴,西,3,3,1,1,4536,喜 井 つかさ,66,12,6.90,1,0.18,1.51.0,1-3-6,1090,2,1-3,460,1,1-3-6,330,2,1-3,280,1,,,,,,,
20260801,丸亀,5,一般,晴,西,3,3,2,3,4450,平 高 奈 菜,36,34,6.85,3,0.23,1.52.2,1-3-6,1090,2,1-3,460,1,1-3-6,330,2,1-3,280,1,,,,,,,
20260801,丸亀,5,一般,晴,西,3,3,3,6,5088,高 憧 四 季,54,39,6.85,6,0.20,1.53.7,1-3-6,1090,2,1-3,460,1,1-3-6,330,2,1-3,280,1,,,,,,,
20260801,丸亀,5,一般,晴,西,3,3,4,2,5250,嶋 田 有 里,9,29,6.91,2,0.23,1.54.8,1-3-6,1090,2,1-3,460,1,1-3-6,330,2,1-3,280,1,,,,,,,
20260801,丸亀,5,一般,晴,西,3,3,5,4,4963,實 森 美 祐,44,40,6.94,4,0.21,1.55.0,1-3-6,1090,2,1-3,460,1,1-3-6,330,2,1-3,280,1,,,,,,,
20260801,丸亀,5,一般,晴,西,3,3,6,5,5370,日 隈 茜,35,21,6.86,5,0.21,1.58.0,1-3-6,1090,2,1-3,460,1,1-3-6,330,2,1-3,280,1,,,,,,,
20260801,丸亀,6,一般,晴,南西,2,2,1,5,4642,松 尾 夏 海,6,27,6.85,5,0.08,1.50.2,5-1-2,4780,18,5-1,1760,11,1-2-5,440,1,1-5,510,2,,,,,,,
20260801,丸亀,6,一般,晴,南西,2,2,2,1,5189,藤 原 早 菜,43,33,6.83,1,0.11,1.52.2,5-1-2,4780,18,5-1,1760,11,1-2-5,440,1,1-5,510,2,,,,,,,
20260801,丸亀,6,一般,晴,南西,2,2,3,2,4823,中 村 桃 佳,26,28,6.87,2,0.13,1.53.4,5-1-2,4780,18,5-1,1760,11,1-2-5,440,1,1-5,510,2,,,,,,,
20260801,丸亀,6,一般,晴,南西,2,2,4,4,5146,野 田 彩 加,1,49,6.96,4,0.08,1.55.0,5-1-2,4780,18,5-1,1760,11,1-2-5,440,1,1-5,510,2,,,,,,,
20260801,丸亀,6,一般,晴,南西,2,2,5,6,5193,米 丸 乃 絵,34,54,6.80,6,0.09,1.55.8,5-1-2,4780,18,5-1,1760,11,1-2-5,440,1,1-5,510,2,,,,,,,
20260801,丸亀,6,一般,晴,南西,2,2,6,3,4853,前 原 哉,21,22,6.92,3,0.12,1.56.0,5-1-2,4780,18,5-1,1760,11,1-2-5,440,1,1-5,510,2,,,,,,,
20260801,丸亀,7,一般,晴,南西,2,2,1,1,4424,松 尾 昂 明,14,60,6.78,1,0.12,1.51.1,1-3-4,920,1,1-3,400,1,1-3-4,480,1,1-3,340,2,,,,,,,
20260801,丸亀,7,一般,晴,南西,2,2,2,3,3911,鈴 木 猛,40,64,6.82,3,0.14,1.52.2,1-3-4,920,1,1-3,400,1,1-3-4,480,1,1-3,340,2,,,,,,,
20260801,丸亀,7,一般,晴,南西,2,2,3,4,4435,服 部 達 哉,33,43,6.85,4,0.13,1.53.4,1-3-4,920,1,1-3,400,1,1-3-4,480,1,1-3,340,2,,,,,,,
20260801,丸亀,7,一般,晴,南西,2,2,4,2,5329,金 子 龍 斗,4,32,6.83,2,0.18,1.54.4,1-3-4,920,1,1-3,400,1,1-3-4,480,1,1-3,340,2,,,,,,,
20260801,丸亀,7,一般,晴,南西,2,2,5,5,4131,原 豊 土,39,36,6.84,5,0.13,1.56.0,1-3-4,920,1,1-3,400,1,1-3-4,480,1,1-3,340,2,,,,,,,
20260801,丸亀,7,一般,晴,南西,2,2,6,6,5032,谷 口 知 優,25,25,6.84,6,0.12,1.57.5,1-3-4,920,1,1-3,400,1,1-3-4,480,1,1-3,340,2,,,,,,,
20260801,丸亀,8,準優勝戦,晴,南西,2,2,1,1,4903,吉 田 凌太朗,20,59,6.84,1,0.10,1.50.6,1-2-3,400,1,1-2,200,1,1-2-3,190,1,1-2,110,1,,,,,,,
20260801,丸亀,8,準優勝戦,晴,南西,2,2,2,2,4771,下 寺 秀 和,22,4,6.85,2,0.10,1.52.0,1-2-3,400,1,1-2,200,1,1-2-3,190,1,1-2,110,1,,,,,,,
20260801,丸亀,8,準優勝戦,晴,南西,2,2,3,3,5060,数 原 魁,16,2,6.82,3,0.08,1.52.8,1-2-3,400,1,1-2,200,1,1-2-3,190,1,1-2,110,1,,,,,,,
20260801,丸亀,8,準優勝戦,晴,南西,2,2,4,5,3478,嶋 田 貴 支,2,47,6.89,5,0.11,1.54.7,1-2-3,400,1,1-2,200,1,1-2-3,190,1,1-2,110,1,,,,,,,
20260801,丸亀,8,準優勝戦,晴,南西,2,2,5,4,3731,高 濱 芳 久,51,44,6.82,4,0.11,1.56.6,1-2-3,400,1,1-2,200,1,1-2-3,190,1,1-2,110,1,,,,,,,
20260801,丸亀,8,準優勝戦,晴,南西,2,2,6,6,4150,山 田 雄 太,24,61,6.86,6,0.09,1.58.5,1-2-3,400,1,1-2,200,1,1-2-3,190,1,1-2,110,1,,,,,,,
20260801,丸亀,9,準優勝戦,晴,南西,2,2,1,1,4852,川 原 祐 明,30,31,6.87,1,0.15,1.50.3,1-3-5,1230,5,1-3,200,1,1-3-5,690,3,1-3,160,1,,,,,,,
20260801,丸亀,9,準優勝戦,晴,南西,2,2,2,3,5142,常 住 蓮,28,38,6.94,3,0.11,1.51.2,1-3-5,1230,5,1-3,200,1,1-3-5,690,3,1-3,160,1,,,,,,,
20260801,丸亀,9,準優勝戦,晴,南西,2,2,3,5,3800,牧 宏 次,55,65,6.97,5,0.17,1.52.6,1-3-5,1230,5,1-3,200,1,1-3-5,690,3,1-3,160,1,,,,,,,
20260801,丸亀,9,準優勝戦,晴,南西,2,2,4,4,3966,作 間 章,59,46,6.82,4,0.18,1.53.7,1-3-5,1230,5,1-3,200,1,1-3-5,690,3,1-3,160,1,,,,,,,
20260801,丸亀,9,準優勝戦,晴,南西,2,2,5,6,4467,渡 邉 俊 介,46,52,6.92,6,0.19,1.53.8,1-3-5,1230,5,1-3,200,1,1-3-5,690,3,1-3,160,1,,,,,,,
20260801,丸亀,9,準優勝戦,晴,南西,2,2,6,2,5102,原 田 雄 次,64,1,6.91,2,0.17,1.55.8,1-3-5,1230,5,1-3,200,1,1-3-5,690,3,1-3,160,1,,,,,,,
20260801,丸亀,10,準優勝戦,晴,南西,1,1,1,1,4433,川 野 芽 唯,48,41,6.87,1,0.12,1.49.3,1-4-2,1500,5,1-4,530,3,1-2-4,480,3,1-4,550,3,,,,,,,
20260801,丸亀,10,準優勝戦,晴,南西,1,1,2,4,4450,平 高 奈 菜,36,34,6.90,4,0.19,1.51.4,1-4-2,1500,5,1-4,530,3,1-2-4,480,3,1-4,550,3,,,,,,,
20260801,丸亀,10,準優勝戦,晴,南西,1,1,3,2,4642,松 尾 夏 海,6,27,6.81,2,0.13,1.52.4,1-4-2,1500,5,1-4,530,3,1-2-4,480,3,1-4,550,3,,,,,,,
20260801,丸亀,10,準優勝戦,晴,南西,1,1,4,3,5088,高 憧 四 季,54,39,6.87,3,0.14,1.53.9,1-4-2,1500,5,1-4,530,3,1-2-4,480,3,1-4,550,3,,,,,,,
20260801,丸亀,10,準優勝戦,晴,南西,1,1,5,5,3900,香 川 素 子,18,7,6.94,5,0.25,1.55.5,1-4-2,1500,5,1-4,530,3,1-2-4,480,3,1-4,550,3,,,,,,,
20260801,丸亀,10,準優勝戦,晴,南西,1,1,6,6,5189,藤 原 早 菜,43,33,6.84,6,0.31,1.56.6,1-4-2,1500,5,1-4,530,3,1-2-4,480,3,1-4,550,3,,,,,,,
20260801,丸亀,11,準優勝戦,晴,南西,2,2,1,1,5193,米 丸 乃 絵,34,54,6.80,1,0.04,1.50.1,1-2-3,530,1,1-2,170,1,1-2-3,250,1,1-2,180,1,,,,,,,
20260801,丸亀,11,準優勝戦,晴,南西,2,2,2,2,4938,小 芦 るり華,15,26,6.94,2,0.13,1.51.6,1-2-3,530,1,1-2,170,1,1-2-3,250,1,1-2,180,1,,,,,,,
20260801,丸亀,11,準優勝戦,晴,南西,2,2,3,3,4963,實 森 美 祐,44,40,7.01,3,0.09,1.53.2,1-2-3,530,1,1-2,170,1,1-2-3,250,1,1-2,180,1,,,,,,,
20260801,丸亀,11,準優勝戦,晴,南西,2,2,4,6,4536,喜 井 つかさ,66,12,6.93,6,0.07,1.54.4,1-2-3,530,1,1-2,170,1,1-2-3,250,1,1-2,180,1,,,,,,,
20260801,丸亀,11,準優勝戦,晴,南西,2,2,5,5,4823,中 村 桃 佳,26,28,6.94,5,0.07,1.54.6,1-2-3,530,1,1-2,170,1,1-2-3,250,1,1-2,180,1,,,,,,,
20260801,丸亀,11,準優勝戦,晴,南西,2,2,6,4,3611,岩 崎 芳 美,53,55,6.94,4,0.05,1.56.4,1-2-3,530,1,1-2,170,1,1-2-3,250,1,1-2,180,1,,,,,,,
20260801,丸亀,12,一般,晴,南西,2,2,1,1,4994,山 本 梨 菜,52,63,6.84,1,0.15,1.51.8,1-3-6,910,3,1-3,340,2,1-3-6,460,3,1-3,330,2,,,,,,,
20260801,丸亀,12,一般,晴,南西,2,2,2,3,5335,森 陽 多,8,35,6.97,3,0.18,1.52.5,1-3-6,910,3,1-3,340,2,1-3-6,460,3,1-3,330,2,,,,,,,
20260801,丸亀,12,一般,晴,南西,2,2,3,6,5146,野 田 彩 加,1,49,6.94,6,0.19,1.54.5,1-3-6,910,3,1-3,340,2,1-3-6,460,3,1-3,330,2,,,,,,,
20260801,丸亀,12,一般,晴,南西,2,2,4,5,5164,森 田 梨 湖,12,30,6.93,5,0.18,1.55.9,1-3-6,910,3,1-3,340,2,1-3-6,460,3,1-3,330,2,,,,,,,
20260801,丸亀,12,一般,晴,南西,2,2,5,2,4924,中 北 涼,37,11,6.98,2,0.16,1.56.6,1-3-6,910,3,1-3,340,2,1-3-6,460,3,1-3,330,2,,,,,,,
20260801,丸亀,12,一般,晴,南西,2,2,6,4,5342,原 村 百 那,63,6,6.94,4,0.22,1.58.2,1-3-6,910,3,1-3,340,2,1-3-6,460,3,1-3,330,2,,,,,,,
20260801,児島,1,朝得ガァ～コ,晴,北東,1,3,1,1,4294,古 賀 繁 輝,14,22,6.88,1,0.11,1.50.8,1-6-4,2660,10,1-6,1220,4,1-4-6,850,4,1-6,910,4,,,,,,,
20260801,児島,1,朝得ガァ～コ,晴,北東,1,3,2,6,4563,齋 藤 真 之,61,66,7.10,5,0.14,1.52.4,1-6-4,2660,10,1-6,1220,4,1-4-6,850,4,1-6,910,4,,,,,,,
20260801,児島,1,朝得ガァ～コ,晴,北東,1,3,3,4,4692,酒 井 俊 弘,25,57,6.95,4,0.11,1.54.3,1-6-4,2660,10,1-6,1220,4,1-4-6,850,4,1-6,910,4,,,,,,,
20260801,児島,1,朝得ガァ～コ,晴,北東,1,3,4,2,3828,明 石 正 之,42,21,7.03,2,0.23,1.55.6,1-6-4,2660,10,1-6,1220,4,1-4-6,850,4,1-6,910,4,,,,,,,
20260801,児島,1,朝得ガァ～コ,晴,北東,1,3,5,3,4246,喜 多 那由夏,63,61,7.11,3,0.18,,1-6-4,2660,10,1-6,1220,4,1-4-6,850,4,1-6,910,4,,,,,,,
20260801,児島,1,朝得ガァ～コ,晴,北東,1,3,6,5,5442,池 田 美 優,16,11,7.03,6,0.12,,1-6-4,2660,10,1-6,1220,4,1-4-6,850,4,1-6,910,4,,,,,,,
20260801,児島,2,一般,晴,南東,2,3,1,1,5328,井 上 慧 人,35,41,6.86,1,0.19,1.50.6,1-4-3,950,2,1-4,480,1,1-3-4,250,1,1-4,350,2,,,,,,,
20260801,児島,2,一般,晴,南東,2,3,2,4,5112,砂 長 知 輝,28,65,6.92,4,0.18,1.52.1,1-4-3,950,2,1-4,480,1,1-3-4,250,1,1-4,350,2,,,,,,,
20260801,児島,2,一般,晴,南東,2,3,3,3,3930,岸 本 隆,24,25,6.94,3,0.18,1.54.1,1-4-3,950,2,1-4,480,1,1-3-4,250,1,1-4,350,2,,,,,,,
20260801,児島,2,一般,晴,南東,2,3,4,2,4273,佐 藤 旭,40,24,6.95,2,0.21,1.54.4,1-4-3,950,2,1-4,480,1,1-3-4,250,1,1-4,350,2,,,,,,,
20260801,児島,2,一般,晴,南東,2,3,5,5,3910,松 下 知 幸,34,59,7.04,5,0.25,,1-4-3,950,2,1-4,480,1,1-3-4,250,1,1-4,350,2,,,,,,,
20260801,児島,2,一般,晴,南東,2,3,6,6,5440,薗 頭 心,52,20,6.91,6,0.32,,1-4-3,950,2,1-4,480,1,1-3-4,250,1,1-4,350,2,,,,,,,
20260801,児島,3,一般,晴,南東,3,3,1,5,4324,海 野 康志郎,50,46,6.83,5,0.21,1.52.2,5-4-1,1220,4,5-4,790,4,1-4-5,130,1,4-5,340,2,,,,,,,
20260801,児島,3,一般,晴,南東,3,3,2,4,3265,今 村 暢 孝,31,34,6.88,2,0.17,1.52.8,5-4-1,1220,4,5-4,790,4,1-4-5,130,1,4-5,340,2,,,,,,,
20260801,児島,3,一般,晴,南東,3,3,3,1,3439,大 平 誉史明,15,44,6.90,1,0.22,1.54.2,5-4-1,1220,4,5-4,790,4,1-4-5,130,1,4-5,340,2,,,,,,,
20260801,児島,3,一般,晴,南東,3,3,4,2,3860,松 本 浩 貴,29,74,6.96,3,0.23,1.56.5,5-4-1,1220,4,5-4,790,4,1-4-5,130,1,4-5,340,2,,,,,,,
20260801,児島,3,一般,晴,南東,3,3,5,3,3340,池 田 雷 太,23,32,6.98,4,0.19,,5-4-1,1220,4,5-4,790,4,1-4-5,130,1,4-5,340,2,,,,,,,
20260801,児島,3,一般,晴,南東,3,3,6,6,5444,林 風 音,33,60,6.92,6,0.29,,5-4-1,1220,4,5-4,790,4,1-4-5,130,1,4-5,340,2,,,,,,,
20260801,児島,4,一般,晴,南,4,5,1,1,4775,千 葉 真 弥,38,16,6.79,1,0.15,1.50.7,1-3-6,1020,1,1-3,450,2,1-3-6,370,1,1-3,240,1,,,,,,,
20260801,児島,4,一般,晴,南,4,5,2,3,5344,谷 口 丞,65,72,6.90,4,0.13,1.52.4,1-3-6,1020,1,1-3,450,2,1-3-6,370,1,1-3,240,1,,,,,,,
20260801,児島,4,一般,晴,南,4,5,3,6,4611,今 井 美 亜,48,35,7.01,3,0.16,1.54.1,1-3-6,1020,1,1-3,450,2,1-3-6,370,1,1-3,240,1,,,,,,,
20260801,児島,4,一般,晴,南,4,5,4,5,3401,上 田 隆 章,56,23,6.91,6,0.14,1.55.9,1-3-6,1020,1,1-3,450,2,1-3-6,370,1,1-3,240,1,,,,,,,
20260801,児島,4,一般,晴,南,4,5,5,4,3558,山 本 浩 次,53,48,6.92,5,0.12,,1-3-6,1020,1,1-3,450,2,1-3-6,370,1,1-3,240,1,,,,,,,
20260801,児島,4,一般,晴,南,4,5,6,2,3539,金 子 順 一,18,51,6.85,2,0.16,,1-3-6,1020,1,1-3,450,2,1-3-6,370,1,1-3,240,1,,,,,,,
20260801,児島,5,日替艇食戦,晴,北東,1,3,1,1,5323,香 川 陽 太,43,13,6.91,1,0.18,1.50.9,1-3-6,4420,16,1-3,2020,10,1-3-6,2030,7,1-3,780,4,,,,,,,
20260801,児島,5,日替艇食戦,晴,北東,1,3,2,3,3929,杢 野 誓 良,37,38,6.79,3,0.11,1.51.8,1-3-6,4420,16,1-3,2020,10,1-3-6,2030,7,1-3,780,4,,,,,,,
20260801,児島,5,日替艇食戦,晴,北東,1,3,3,6,4739,中 村 晃 朋,66,63,6.89,6,0.16,1.53.2,1-3-6,4420,16,1-3,2020,10,1-3-6,2030,7,1-3,780,4,,,,,,,
20260801,児島,5,日替艇食戦,晴,北東,1,3,4,4,5269,山 口 晃 朋,46,28,6.81,4,0.07,1.54.2,1-3-6,4420,16,1-3,2020,10,1-3-6,2030,7,1-3,780,4,,,,,,,
20260801,児島,5,日替艇食戦,晴,北東,1,3,5,2,4002,古 結 宏,32,69,6.84,2,0.14,,1-3-6,4420,16,1-3,2020,10,1-3-6,2030,7,1-3,780,4,,,,,,,
20260801,児島,5,日替艇食戦,晴,北東,1,3,6,5,4200,早 川 尚 人,57,43,6.83,5,0.14,,1-3-6,4420,16,1-3,2020,10,1-3-6,2030,7,1-3,780,4,,,,,,,
20260801,児島,6,一般,晴,南西,2,3,1,1,3885,久 田 武,62,30,6.85,1,0.15,1.50.9,1-2-5,1840,4,1-2,700,3,1-2-5,720,4,1-2,510,3,,,,,,,
20260801,児島,6,一般,晴,南西,2,3,2,2,4692,酒 井 俊 弘,25,57,6.87,3,0.24,1.52.6,1-2-5,1840,4,1-2,700,3,1-2-5,720,4,1-2,510,3,,,,,,,
20260801,児島,6,一般,晴,南西,2,3,3,5,4816,村 松 修 二,39,17,6.86,5,0.09,1.53.7,1-2-5,1840,4,1-2,700,3,1-2-5,720,4,1-2,510,3,,,,,,,
20260801,児島,6,一般,晴,南西,2,3,4,3,2538,高 橋 二 朗,26,12,6.80,2,0.25,1.54.6,1-2-5,1840,4,1-2,700,3,1-2-5,720,4,1-2,510,3,,,,,,,
20260801,児島,6,一般,晴,南西,2,3,5,6,4677,片 橋 幸 貴,11,14,6.74,6,0.09,,1-2-5,1840,4,1-2,700,3,1-2-5,720,4,1-2,510,3,,,,,,,
20260801,児島,6,一般,晴,南西,2,3,6,4,3507,藤 井 徹,55,56,6.88,4,0.13,,1-2-5,1840,4,1-2,700,3,1-2-5,720,4,1-2,510,3,,,,,,,
20260801,児島,7,一般,晴,南西,1,3,1,1,4207,松 下 一 也,22,19,6.79,1,0.05,1.51.1,1-4-6,1060,1,1-4,320,1,1-4-6,480,1,1-4,300,1,,,,,,,
20260801,児島,7,一般,晴,南西,1,3,2,4,4738,清 埜 翔 子,12,50,6.69,4,0.24,1.52.1,1-4-6,1060,1,1-4,320,1,1-4-6,480,1,1-4,300,1,,,,,,,
20260801,児島,7,一般,晴,南西,1,3,3,6,4496,内 堀 学,21,18,6.80,5,0.08,1.53.1,1-4-6,1060,1,1-4,320,1,1-4-6,480,1,1-4,300,1,,,,,,,
20260801,児島,7,一般,晴,南西,1,3,4,5,3828,明 石 正 之,42,21,6.83,6,0.22,1.54.0,1-4-6,1060,1,1-4,320,1,1-4-6,480,1,1-4,300,1,,,,,,,
20260801,児島,7,一般,晴,南西,1,3,5,2,3910,松 下 知 幸,34,59,6.82,2,0.09,,1-4-6,1060,1,1-4,320,1,1-4-6,480,1,1-4,300,1,,,,,,,
20260801,児島,7,一般,晴,南西,1,3,6,3,5128,坪 井 爽 佑,17,67,6.69,3,0.10,,1-4-6,1060,1,1-4,320,1,1-4-6,480,1,1-4,300,1,,,,,,,
20260801,児島,8,一般,晴,南東,1,1,1,1,3558,山 本 浩 次,53,48,6.89,1,0.25,1.51.6,1-4-6,2030,8,1-4,1100,4,1-4-6,1050,5,1-4,730,4,,,,,,,
20260801,児島,8,一般,晴,南東,1,1,2,4,4246,喜 多 那由夏,63,61,6.97,4,0.23,1.53.0,1-4-6,2030,8,1-4,1100,4,1-4-6,1050,5,1-4,730,4,,,,,,,
20260801,児島,8,一般,晴,南東,1,1,3,6,4111,奥 田 誠,54,27,6.94,5,0.21,1.54.2,1-4-6,2030,8,1-4,1100,4,1-4-6,1050,5,1-4,730,4,,,,,,,
20260801,児島,8,一般,晴,南東,1,1,4,5,5440,薗 頭 心,52,20,6.85,6,0.21,1.55.7,1-4-6,2030,8,1-4,1100,4,1-4-6,1050,5,1-4,730,4,,,,,,,
20260801,児島,8,一般,晴,南東,1,1,5,3,3508,久 富 政 弘,70,53,6.94,3,0.25,,1-4-6,2030,8,1-4,1100,4,1-4-6,1050,5,1-4,730,4,,,,,,,
20260801,児島,8,一般,晴,南東,1,1,6,2,3340,池 田 雷 太,23,32,6.86,2,0.23,,1-4-6,2030,8,1-4,1100,4,1-4-6,1050,5,1-4,730,4,,,,,,,
20260801,児島,9,これしか９じ,晴,南東,1,3,1,1,4520,高 倉 孝 太,59,70,6.83,1,0.29,1.50.4,1-4-3,1060,6,1-4,460,3,1-3-4,370,2,1-4,240,1,,,,,,,
20260801,児島,9,これしか９じ,晴,南東,1,3,2,4,4273,佐 藤 旭,40,24,6.88,4,0.33,1.51.9,1-4-3,1060,6,1-4,460,3,1-3-4,370,2,1-4,240,1,,,,,,,
20260801,児島,9,これしか９じ,晴,南東,1,3,3,3,3401,上 田 隆 章,56,23,6.84,3,0.35,1.53.1,1-4-3,1060,6,1-4,460,3,1-3-4,370,2,1-4,240,1,,,,,,,
20260801,児島,9,これしか９じ,晴,南東,1,3,4,2,4200,早 川 尚 人,57,43,6.77,2,0.24,1.53.8,1-4-3,1060,6,1-4,460,3,1-3-4,370,2,1-4,240,1,,,,,,,
20260801,児島,9,これしか９じ,晴,南東,1,3,5,6,5442,池 田 美 優,16,11,6.81,6,0.22,,1-4-3,1060,6,1-4,460,3,1-3-4,370,2,1-4,240,1,,,,,,,
20260801,児島,9,これしか９じ,晴,南東,1,3,6,5,3860,松 本 浩 貴,29,74,6.88,5,0.30,,1-4-3,1060,6,1-4,460,3,1-3-4,370,2,1-4,240,1,,,,,,,
20260801,児島,10,準優勝戦,晴,南,2,3,1,1,4677,片 橋 幸 貴,11,14,6.78,1,0.14,1.50.3,1-4-2,2640,8,1-4,1260,4,1-2-4,470,2,1-4,750,3,,,,,,,
20260801,児島,10,準優勝戦,晴,南,2,3,2,4,5344,谷 口 丞,65,72,6.78,4,0.19,1.52.2,1-4-2,2640,8,1-4,1260,4,1-2-4,470,2,1-4,750,3,,,,,,,
20260801,児島,10,準優勝戦,晴,南,2,3,3,2,4324,海 野 康志郎,50,46,6.87,3,0.27,1.53.5,1-4-2,2640,8,1-4,1260,4,1-2-4,470,2,1-4,750,3,,,,,,,
20260801,児島,10,準優勝戦,晴,南,2,3,4,6,5328,井 上 慧 人,35,41,6.74,6,0.11,1.54.4,1-4-2,2640,8,1-4,1260,4,1-2-4,470,2,1-4,750,3,,,,,,,
20260801,児島,10,準優勝戦,晴,南,2,3,5,3,3265,今 村 暢 孝,31,34,6.84,2,0.26,,1-4-2,2640,8,1-4,1260,4,1-2-4,470,2,1-4,750,3,,,,,,,
20260801,児島,10,準優勝戦,晴,南,2,3,6,5,4002,古 結 宏,32,69,6.90,5,0.16,,1-4-2,2640,8,1-4,1260,4,1-2-4,470,2,1-4,750,3,,,,,,,
20260801,児島,11,準優勝戦,晴,北西,1,1,1,1,4739,中 村 晃 朋,66,63,6.84,1,0.07,1.50.2,1-3-2,630,2,1-3,260,2,1-2-3,140,1,1-3,360,2,,,,,,,
20260801,児島,11,準優勝戦,晴,北西,1,1,2,3,4207,松 下 一 也,22,19,6.78,3,0.14,1.51.1,1-3-2,630,2,1-3,260,2,1-2-3,140,1,1-3,360,2,,,,,,,
20260801,児島,11,準優勝戦,晴,北西,1,1,3,2,4294,古 賀 繁 輝,14,22,6.70,2,0.05,1.53.0,1-3-2,630,2,1-3,260,2,1-2-3,140,1,1-3,360,2,,,,,,,
20260801,児島,11,準優勝戦,晴,北西,1,1,4,4,3930,岸 本 隆,24,25,6.87,4,0.14,1.54.0,1-3-2,630,2,1-3,260,2,1-2-3,140,1,1-3,360,2,,,,,,,
20260801,児島,11,準優勝戦,晴,北西,1,1,5,5,3539,金 子 順 一,18,51,6.93,5,0.21,,1-3-2,630,2,1-3,260,2,1-2-3,140,1,1-3,360,2,,,,,,,
20260801,児島,11,準優勝戦,晴,北西,1,1,6,6,3885,久 田 武,62,30,6.88,6,0.26,,1-3-2,630,2,1-3,260,2,1-2-3,140,1,1-3,360,2,,,,,,,
20260801,児島,12,準優勝戦,晴,北,3,3,1,1,4496,内 堀 学,21,18,6.81,1,0.07,1.51.4,1-6-2,10590,23,1-6,3890,8,1-2-6,2520,8,1-6,2210,6,,,,,,,
20260801,児島,12,準優勝戦,晴,北,3,3,2,6,5323,香 川 陽 太,43,13,6.88,6,0.11,1.52.0,1-6-2,10590,23,1-6,3890,8,1-2-6,2520,8,1-6,2210,6,,,,,,,
20260801,児島,12,準優勝戦,晴,北,3,3,3,2,4816,村 松 修 二,39,17,6.82,2,0.08,1.53.1,1-6-2,10590,23,1-6,3890,8,1-2-6,2520,8,1-6,2210,6,,,,,,,
20260801,児島,12,準優勝戦,晴,北,3,3,4,5,4775,千 葉 真 弥,38,16,6.82,5,0.08,1.54.3,1-6-2,10590,23,1-6,3890,8,1-2-6,2520,8,1-6,2210,6,,,,,,,
20260801,児島,12,準優勝戦,晴,北,3,3,5,4,3439,大 平 誉史明,15,44,6.86,4,0.03,,1-6-2,10590,23,1-6,3890,8,1-2-6,2520,8,1-6,2210,6,,,,,,,
20260801,児島,12,準優勝戦,晴,北,3,3,6,3,5112,砂 長 知 輝,28,65,6.81,3,0.08,,1-6-2,10590,23,1-6,3890,8,1-2-6,2520,8,1-6,2210,6,,,,,,,
20260801,唐津,1,朝１戦,晴,南西,3,3,1,1,3975,小野寺 智 洋,32,6,6.67,1,0.17,1.50.9,1-2-3,650,2,1-2,230,1,1-2-3,340,2,1-2,180,1,,,,,,,
20260801,唐津,1,朝１戦,晴,南西,3,3,2,2,4976,金 山 立 樹,52,58,6.73,2,0.20,1.51.9,1-2-3,650,2,1-2,230,1,1-2-3,340,2,1-2,180,1,,,,,,,
20260801,唐津,1,朝１戦,晴,南西,3,3,3,3,3775,泉 啓 文,12,7,6.73,3,0.28,1.54.2,1-2-3,650,2,1-2,230,1,1-2-3,340,2,1-2,180,1,,,,,,,
20260801,唐津,1,朝１戦,晴,南西,3,3,4,5,3901,松 田 憲 幸,58,16,6.77,5,0.19,1.55.3,1-2-3,650,2,1-2,230,1,1-2-3,340,2,1-2,180,1,,,,,,,
20260801,唐津,1,朝１戦,晴,南西,3,3,5,6,5392,安 武 一 也,23,49,6.72,6,0.17,1.56.8,1-2-3,650,2,1-2,230,1,1-2-3,340,2,1-2,180,1,,,,,,,
20260801,唐津,1,朝１戦,晴,南西,3,3,6,4,4592,小 林 孝 弘,7,34,6.74,4,0.27,1.59.2,1-2-3,650,2,1-2,230,1,1-2-3,340,2,1-2,180,1,,,,,,,
20260801,唐津,2,モー２ング戦,晴,南,3,3,1,1,4377,濱 本 優 一,6,22,6.75,1,0.20,1.51.2,1-5-6,8070,20,1-5,2540,5,1-5-6,2510,8,1-5,1710,5,,,,,,,
20260801,唐津,2,モー２ング戦,晴,南,3,3,2,5,3714,梶 原 正,8,1,6.76,5,0.16,1.52.7,1-5-6,8070,20,1-5,2540,5,1-5-6,2510,8,1-5,1710,5,,,,,,,
20260801,唐津,2,モー２ング戦,晴,南,3,3,3,6,4598,加 藤 政 彦,48,47,6.77,6,0.20,1.54.3,1-5-6,8070,20,1-5,2540,5,1-5-6,2510,8,1-5,1710,5,,,,,,,
20260801,唐津,2,モー２ング戦,晴,南,3,3,4,2,4475,末 永 祐 輝,2,13,6.70,2,0.29,1.55.5,1-5-6,8070,20,1-5,2540,5,1-5-6,2510,8,1-5,1710,5,,,,,,,
20260801,唐津,2,モー２ング戦,晴,南,3,3,5,4,5405,竹 内 来,45,30,6.75,4,0.27,1.56.6,1-5-6,8070,20,1-5,2540,5,1-5-6,2510,8,1-5,1710,5,,,,,,,
20260801,唐津,2,モー２ング戦,晴,南,3,3,6,3,4060,島 田 一 生,53,28,6.70,3,0.29,1.57.6,1-5-6,8070,20,1-5,2540,5,1-5-6,2510,8,1-5,1710,5,,,,,,,
20260801,唐津,3,３ライズ戦,晴,南,4,4,1,1,4737,竹 井 貴 史,54,23,6.72,1,0.24,1.50.6,1-5-6,4510,16,1-5,690,4,1-5-6,2560,9,1-5,500,4,,,,,,,
20260801,唐津,3,３ライズ戦,晴,南,4,4,2,5,4189,川 上 剛,9,41,6.76,3,0.28,1.52.5,1-5-6,4510,16,1-5,690,4,1-5-6,2560,9,1-5,500,4,,,,,,,
20260801,唐津,3,３ライズ戦,晴,南,4,4,3,6,4303,牧 原 崇,40,60,6.77,5,0.25,1.53.7,1-5-6,4510,16,1-5,690,4,1-5-6,2560,9,1-5,500,4,,,,,,,
20260801,唐津,3,３ライズ戦,晴,南,4,4,4,2,4440,萩 原 知 哉,14,42,6.71,6,0.26,1.54.1,1-5-6,4510,16,1-5,690,4,1-5-6,2560,9,1-5,500,4,,,,,,,
20260801,唐津,3,３ライズ戦,晴,南,4,4,5,4,4873,蒲 原 健 太,44,11,6.78,2,0.25,1.55.8,1-5-6,4510,16,1-5,690,4,1-5-6,2560,9,1-5,500,4,,,,,,,
20260801,唐津,3,３ライズ戦,晴,南,4,4,6,3,4558,宮 野 仁,10,39,6.74,4,0.32,1.58.5,1-5-6,4510,16,1-5,690,4,1-5-6,2560,9,1-5,500,4,,,,,,,
20260801,唐津,4,おは４戦,晴,西,3,3,1,2,4857,加 藤 翔 馬,13,27,6.74,2,0.13,1.50.9,2-3-4,2760,9,2-3,360,1,2-3-4,1160,4,2-3,460,2,,,,,,,
20260801,唐津,4,おは４戦,晴,西,3,3,2,3,4513,河 野 真 也,36,21,6.75,3,0.17,1.52.6,2-3-4,2760,9,2-3,360,1,2-3-4,1160,4,2-3,460,2,,,,,,,
20260801,唐津,4,おは４戦,晴,西,3,3,3,4,5067,山 田 真 聖,25,29,6.82,4,0.18,1.53.8,2-3-4,2760,9,2-3,360,1,2-3-4,1160,4,2-3,460,2,,,,,,,
20260801,唐津,4,おは４戦,晴,西,3,3,4,1,4899,占 部 一 真,19,45,6.78,1,0.15,1.54.8,2-3-4,2760,9,2-3,360,1,2-3-4,1160,4,2-3,460,2,,,,,,,
20260801,唐津,4,おは４戦,晴,西,3,3,5,6,5214,田 中 宏 典,24,33,6.75,6,0.20,1.55.3,2-3-4,2760,9,2-3,360,1,2-3-4,1160,4,2-3,460,2,,,,,,,
20260801,唐津,4,おは４戦,晴,西,3,3,6,5,3613,角 谷 健 吾,55,46,6.76,5,0.19,1.55.8,2-3-4,2760,9,2-3,360,1,2-3-4,1160,4,2-3,460,2,,,,,,,
20260801,唐津,5,レッツ５特賞,晴,西,3,3,1,1,4931,木 谷 賢 太,46,53,6.75,1,0.05,1.50.5,1-3-4,580,1,1-3,340,2,1-3-4,250,1,1-3,360,2,,,,,,,
20260801,唐津,5,レッツ５特賞,晴,西,3,3,2,3,4118,宇佐見 淳,34,4,6.81,3,0.07,1.52.7,1-3-4,580,1,1-3,340,2,1-3-4,250,1,1-3,360,2,,,,,,,
20260801,唐津,5,レッツ５特賞,晴,西,3,3,3,4,5005,石 田 貴 洋,22,15,6.71,4,0.16,1.54.8,1-3-4,580,1,1-3,340,2,1-3-4,250,1,1-3,360,2,,,,,,,
20260801,唐津,5,レッツ５特賞,晴,西,3,3,4,2,5356,長谷川 暖,29,25,6.77,2,0.10,1.55.2,1-3-4,580,1,1-3,340,2,1-3-4,250,1,1-3,360,2,,,,,,,
20260801,唐津,5,レッツ５特賞,晴,西,3,3,5,6,4675,井 手 良 太,27,38,6.82,6,0.06,1.55.9,1-3-4,580,1,1-3,340,2,1-3-4,250,1,1-3,360,2,,,,,,,
20260801,唐津,5,レッツ５特賞,晴,西,3,3,6,5,5392,安 武 一 也,23,49,6.83,5,0.18,1.57.2,1-3-4,580,1,1-3,340,2,1-3-4,250,1,1-3,360,2,,,,,,,
20260801,唐津,6,予選,晴,南西,4,4,1,1,3901,松 田 憲 幸,58,16,6.76,1,0.22,1.51.7,1-2-4,1880,7,1-2,490,2,1-2-4,540,3,1-2,230,1,,,,,,,
20260801,唐津,6,予選,晴,南西,4,4,2,2,4112,大久保 信一郎,16,51,6.72,2,0.19,1.52.2,1-2-4,1880,7,1-2,490,2,1-2-4,540,3,1-2,230,1,,,,,,,
20260801,唐津,6,予選,晴,南西,4,4,3,4,4861,田 中 宏 樹,60,40,6.71,4,0.17,1.53.7,1-2-4,1880,7,1-2,490,2,1-2-4,540,3,1-2,230,1,,,,,,,
20260801,唐津,6,予選,晴,南西,4,4,4,3,4593,小 坂 宗 司,18,26,6.76,3,0.28,1.54.6,1-2-4,1880,7,1-2,490,2,1-2-4,540,3,1-2,230,1,,,,,,,
20260801,唐津,6,予選,晴,南西,4,4,5,6,4201,佐 竹 友 樹,31,43,6.79,6,0.21,1.55.3,1-2-4,1880,7,1-2,490,2,1-2-4,540,3,1-2,230,1,,,,,,,
20260801,唐津,6,予選,晴,南西,4,4,6,5,5046,松 山 裕 基,38,18,6.74,5,0.21,1.55.7,1-2-4,1880,7,1-2,490,2,1-2-4,540,3,1-2,230,1,,,,,,,
20260801,唐津,7,予選,晴,南西,4,4,1,6,3876,中 辻 崇 人,35,31,6.80,1,0.19,1.50.6,6-4-1,4430,16,6-4,760,2,1-4-6,920,4,4-6,370,1,,,,,,,
20260801,唐津,7,予選,晴,南西,4,4,2,4,4737,竹 井 貴 史,54,23,6.79,5,0.11,1.52.0,6-4-1,4430,16,6-4,760,2,1-4-6,920,4,4-6,370,1,,,,,,,
20260801,唐津,7,予選,晴,南西,4,4,3,1,5262,鈴 木 章 司,28,12,6.81,2,0.12,1.53.5,6-4-1,4430,16,6-4,760,2,1-4-6,920,4,4-6,370,1,,,,,,,
20260801,唐津,7,予選,晴,南西,4,4,4,3,4331,三 好 勇 人,5,32,6.76,4,0.11,1.54.5,6-4-1,4430,16,6-4,760,2,1-4-6,920,4,4-6,370,1,,,,,,,
20260801,唐津,7,予選,晴,南西,4,4,5,2,4592,小 林 孝 弘,7,34,6.74,3,0.08,1.54.6,6-4-1,4430,16,6-4,760,2,1-4-6,920,4,4-6,370,1,,,,,,,
20260801,唐津,7,予選,晴,南西,4,4,6,5,5405,竹 内 来,45,30,6.84,6,0.13,1.56.6,6-4-1,4430,16,6-4,760,2,1-4-6,920,4,4-6,370,1,,,,,,,
20260801,唐津,8,８っぴータイ,晴,西,4,4,1,5,4295,小 坂 尚 哉,43,52,6.71,5,0.07,1.50.1,5-4-1,1480,3,5-4,610,2,1-4-5,190,1,4-5,120,1,,,,,,,
20260801,唐津,8,８っぴータイ,晴,西,4,4,2,4,4619,伏 田 裕 隆,3,24,6.58,4,0.21,1.52.8,5-4-1,1480,3,5-4,610,2,1-4-5,190,1,4-5,120,1,,,,,,,
20260801,唐津,8,８っぴータイ,晴,西,4,4,3,1,5067,山 田 真 聖,25,29,6.76,1,0.26,1.53.2,5-4-1,1480,3,5-4,610,2,1-4-5,190,1,4-5,120,1,,,,,,,
20260801,唐津,8,８っぴータイ,晴,西,4,4,4,6,3775,泉 啓 文,12,7,6.74,6,0.18,1.55.4,5-4-1,1480,3,5-4,610,2,1-4-5,190,1,4-5,120,1,,,,,,,
20260801,唐津,8,８っぴータイ,晴,西,4,4,5,3,4303,牧 原 崇,40,60,6.77,3,0.31,1.57.1,5-4-1,1480,3,5-4,610,2,1-4-5,190,1,4-5,120,1,,,,,,,
20260801,唐津,8,８っぴータイ,晴,西,4,4,6,2,3714,梶 原 正,8,1,6.77,2,0.29,1.59.0,5-4-1,1480,3,5-4,610,2,1-4-5,190,1,4-5,120,1,,,,,,,
20260801,唐津,9,予選,晴,北西,3,3,1,1,4403,木 下 大 將,15,5,6.74,1,0.03,1.50.2,1-2-3,960,3,1-2,310,1,1-2-3,320,1,1-2,380,3,,,,,,,
20260801,唐津,9,予選,晴,北西,3,3,2,2,3613,角 谷 健 吾,55,46,6.75,2,0.11,1.51.6,1-2-3,960,3,1-2,310,1,1-2-3,320,1,1-2,380,3,,,,,,,
20260801,唐津,9,予選,晴,北西,3,3,3,3,5035,櫻 井 優,20,48,6.72,3,0.09,1.53.2,1-2-3,960,3,1-2,310,1,1-2-3,320,1,1-2,380,3,,,,,,,
20260801,唐津,9,予選,晴,北西,3,3,4,6,4475,末 永 祐 輝,2,13,6.77,6,0.09,1.54.2,1-2-3,960,3,1-2,310,1,1-2-3,320,1,1-2,380,3,,,,,,,
20260801,唐津,9,予選,晴,北西,3,3,5,5,3805,高 橋 英 之,42,9,6.80,5,0.06,1.54.2,1-2-3,960,3,1-2,310,1,1-2-3,320,1,1-2,380,3,,,,,,,
20260801,唐津,9,予選,晴,北西,3,3,6,4,4931,木 谷 賢 太,46,53,6.81,4,0.07,1.56.0,1-2-3,960,3,1-2,310,1,1-2-3,320,1,1-2,380,3,,,,,,,
20260801,唐津,10,予選特賞,晴,西,5,5,1,1,4857,加 藤 翔 馬,13,27,6.70,1,0.08,1.49.8,1-3-5,4280,11,1-3,300,2,1-3-5,3340,9,1-3,290,2,,,,,,,
20260801,唐津,10,予選特賞,晴,西,5,5,2,3,4861,田 中 宏 樹,60,40,6.69,3,0.15,1.52.6,1-3-5,4280,11,1-3,300,2,1-3-5,3340,9,1-3,290,2,,,,,,,
20260801,唐津,10,予選特賞,晴,西,5,5,3,5,5284,嘉手苅 徹 哉,4,55,6.82,5,0.16,1.54.5,1-3-5,4280,11,1-3,300,2,1-3-5,3340,9,1-3,290,2,,,,,,,
20260801,唐津,10,予選特賞,晴,西,5,5,4,4,4118,宇佐見 淳,34,4,6.75,4,0.17,1.55.8,1-3-5,4280,11,1-3,300,2,1-3-5,3340,9,1-3,290,2,,,,,,,
20260801,唐津,10,予選特賞,晴,西,5,5,5,6,5111,三 村 岳 人,21,36,6.80,6,0.19,1.57.2,1-3-5,4280,11,1-3,300,2,1-3-5,3340,9,1-3,290,2,,,,,,,
20260801,唐津,10,予選特賞,晴,西,5,5,6,2,4377,濱 本 優 一,6,22,6.76,2,0.13,1.59.6,1-3-5,4280,11,1-3,300,2,1-3-5,3340,9,1-3,290,2,,,,,,,
20260801,唐津,11,宝当特選,晴,南西,4,4,1,4,4513,河 野 真 也,36,21,6.72,3,0.18,1.50.7,4-5-3,21670,57,4-5,8030,16,3-4-5,3150,11,4-5,3210,8,,,,,,,
20260801,唐津,11,宝当特選,晴,南西,4,4,2,5,4112,大久保 信一郎,16,51,6.73,5,0.33,1.51.6,4-5-3,21670,57,4-5,8030,16,3-4-5,3150,11,4-5,3210,8,,,,,,,
20260801,唐津,11,宝当特選,晴,南西,4,4,3,3,5005,石 田 貴 洋,22,15,6.68,4,0.22,1.54.8,4-5-3,21670,57,4-5,8030,16,3-4-5,3150,11,4-5,3210,8,,,,,,,
20260801,唐津,11,宝当特選,晴,南西,4,4,4,1,4189,川 上 剛,9,41,6.74,1,0.12,1.55.4,4-5-3,21670,57,4-5,8030,16,3-4-5,3150,11,4-5,3210,8,,,,,,,
20260801,唐津,11,宝当特選,晴,南西,4,4,5,6,4331,三 好 勇 人,5,32,6.82,6,0.35,1.56.9,4-5-3,21670,57,4-5,8030,16,3-4-5,3150,11,4-5,3210,8,,,,,,,
20260801,唐津,11,宝当特選,晴,南西,4,4,6,2,4598,加 藤 政 彦,48,47,6.78,2,0.16,1.59.9,4-5-3,21670,57,4-5,8030,16,3-4-5,3150,11,4-5,3210,8,,,,,,,
20260801,唐津,12,からっキー選,晴,西,3,3,1,2,3876,中 辻 崇 人,35,31,6.80,1,0.20,1.50.6,2-5-1,43320,64,2-5,30480,27,1-2-5,2210,7,2-5,7030,12,,,,,,,
20260801,唐津,12,からっキー選,晴,西,3,3,2,5,4440,萩 原 知 哉,14,42,6.72,5,0.15,1.53.0,2-5-1,43320,64,2-5,30480,27,1-2-5,2210,7,2-5,7030,12,,,,,,,
20260801,唐津,12,からっキー選,晴,西,3,3,3,1,4295,小 坂 尚 哉,43,52,6.70,2,0.19,1.54.5,2-5-1,43320,64,2-5,30480,27,1-2-5,2210,7,2-5,7030,12,,,,,,,
20260801,唐津,12,からっキー選,晴,西,3,3,4,4,4675,井 手 良 太,27,38,6.76,4,0.08,1.56.5,2-5-1,43320,64,2-5,30480,27,1-2-5,2210,7,2-5,7030,12,,,,,,,
20260801,唐津,12,からっキー選,晴,西,3,3,5,6,4593,小 坂 宗 司,18,26,6.71,6,0.19,1.57.7,2-5-1,43320,64,2-5,30480,27,1-2-5,2210,7,2-5,7030,12,,,,,,,
20260801,多摩川,1,予選,晴,東,2,2,1,3,4228,吉 田 慎二郎,55,30,6.72,3,0.16,1.49.1,3-1-5,1150,2,3-1,750,3,1-3-5,240,1,1-3,410,2,,,,,,,
20260801,多摩川,1,予選,晴,東,2,2,2,1,3306,武 田 正 紀,17,34,6.71,1,0.17,1.52.6,3-1-5,1150,2,3-1,750,3,1-3-5,240,1,1-3,410,2,,,,,,,
20260801,多摩川,1,予選,晴,東,2,2,3,5,4518,大須賀 友,70,39,6.73,5,0.26,1.53.7,3-1-5,1150,2,3-1,750,3,1-3-5,240,1,1-3,410,2,,,,,,,
20260801,多摩川,1,予選,晴,東,2,2,4,2,3643,米 田 隆 弘,22,63,6.80,2,0.18,1.54.1,3-1-5,1150,2,3-1,750,3,1-3-5,240,1,1-3,410,2,,,,,,,
20260801,多摩川,1,予選,晴,東,2,2,5,4,4340,土 性 雅 也,18,28,6.83,4,0.26,,3-1-5,1150,2,3-1,750,3,1-3-5,240,1,1-3,410,2,,,,,,,
20260801,多摩川,1,予選,晴,東,2,2,6,6,5454,谷 島 咲 希,11,71,6.76,6,0.31,,3-1-5,1150,2,3-1,750,3,1-3-5,240,1,1-3,410,2,,,,,,,
20260801,多摩川,2,予選,晴,東,1,2,1,3,4836,大 谷 健 太,43,44,6.77,3,0.06,1.51.4,3-5-1,9540,41,3-5,3070,13,1-3-5,820,3,3-5,1990,13,,,,,,,
20260801,多摩川,2,予選,晴,東,1,2,2,5,3436,柏 野 幸 二,48,43,6.77,5,0.11,1.52.1,3-5-1,9540,41,3-5,3070,13,1-3-5,820,3,3-5,1990,13,,,,,,,
20260801,多摩川,2,予選,晴,東,1,2,3,1,4076,杉 田 篤 光,33,27,6.82,1,0.13,1.53.1,3-5-1,9540,41,3-5,3070,13,1-3-5,820,3,3-5,1990,13,,,,,,,
20260801,多摩川,2,予選,晴,東,1,2,4,4,5216,長谷川 晴 哉,45,41,6.82,4,0.12,1.54.0,3-5-1,9540,41,3-5,3070,13,1-3-5,820,3,3-5,1990,13,,,,,,,
20260801,多摩川,2,予選,晴,東,1,2,5,6,3256,三 角 哲 男,37,79,6.83,6,0.19,,3-5-1,9540,41,3-5,3070,13,1-3-5,820,3,3-5,1990,13,,,,,,,
20260801,多摩川,2,予選,晴,東,1,2,6,2,3994,小 野 桜,39,23,6.82,2,0.15,,3-5-1,9540,41,3-5,3070,13,1-3-5,820,3,3-5,1990,13,,,,,,,
20260801,多摩川,3,予選,晴,北,1,2,1,1,4568,廣 瀬 真 也,47,55,6.82,1,0.11,1.50.4,1-2-4,1270,4,1-2,630,3,1-2-4,410,2,1-2,580,3,,,,,,,
20260801,多摩川,3,予選,晴,北,1,2,2,2,5057,上 田 紗 奈,13,54,6.77,2,0.16,1.51.2,1-2-4,1270,4,1-2,630,3,1-2-4,410,2,1-2,580,3,,,,,,,
20260801,多摩川,3,予選,晴,北,1,2,3,4,4362,土 屋 智 則,29,49,6.81,4,0.23,1.52.5,1-2-4,1270,4,1-2,630,3,1-2-4,410,2,1-2,580,3,,,,,,,
20260801,多摩川,3,予選,晴,北,1,2,4,3,4526,池 田 雄 祐,14,45,6.77,3,0.14,1.54.3,1-2-4,1270,4,1-2,630,3,1-2-4,410,2,1-2,580,3,,,,,,,
20260801,多摩川,3,予選,晴,北,1,2,5,6,4389,伊 藤 喜 智,24,64,6.85,6,0.25,,1-2-4,1270,4,1-2,630,3,1-2-4,410,2,1-2,580,3,,,,,,,
20260801,多摩川,3,予選,晴,北,1,2,6,5,4306,畔 柳 俊 吾,62,58,6.79,5,0.21,,1-2-4,1270,4,1-2,630,3,1-2-4,410,2,1-2,580,3,,,,,,,
20260801,多摩川,4,予選,晴,西,1,2,1,1,5082,一 色 凌 雅,38,37,6.78,1,0.16,1.50.8,1-6-2,2690,9,1-6,1950,7,1-2-6,440,2,1-6,1120,6,,,,,,,
20260801,多摩川,4,予選,晴,西,1,2,2,6,4384,鶴 本 崇 文,27,82,6.78,4,0.09,1.52.0,1-6-2,2690,9,1-6,1950,7,1-2-6,440,2,1-6,1120,6,,,,,,,
20260801,多摩川,4,予選,晴,西,1,2,3,2,4759,今 泉 友 吾,49,38,6.79,2,0.12,1.52.8,1-6-2,2690,9,1-6,1950,7,1-2-6,440,2,1-6,1120,6,,,,,,,
20260801,多摩川,4,予選,晴,西,1,2,4,4,5232,樅 山 拓 馬,61,59,6.82,5,0.08,1.53.4,1-6-2,2690,9,1-6,1950,7,1-2-6,440,2,1-6,1120,6,,,,,,,
20260801,多摩川,4,予選,晴,西,1,2,5,3,4356,長 岡 良 也,65,72,6.81,3,0.09,,1-6-2,2690,9,1-6,1950,7,1-2-6,440,2,1-6,1120,6,,,,,,,
20260801,多摩川,4,予選,晴,西,1,2,6,5,5383,中 村 楓,26,36,6.78,6,0.09,,1-6-2,2690,9,1-6,1950,7,1-2-6,440,2,1-6,1120,6,,,,,,,
20260801,多摩川,5,予選,晴,北,1,2,1,3,5230,石 原 凪 紗,66,31,6.78,3,0.22,1.50.8,3-6-4,91580,99,3-6,19230,26,3-4-6,26800,19,3-6,8250,13,,,,,,,
20260801,多摩川,5,予選,晴,北,1,2,2,6,4254,川 島 圭 司,68,21,6.81,6,0.15,1.53.1,3-6-4,91580,99,3-6,19230,26,3-4-6,26800,19,3-6,8250,13,,,,,,,
20260801,多摩川,5,予選,晴,北,1,2,3,4,5434,藤 田 康 生,60,83,6.88,4,0.15,1.53.7,3-6-4,91580,99,3-6,19230,26,3-4-6,26800,19,3-6,8250,13,,,,,,,
20260801,多摩川,5,予選,晴,北,1,2,4,5,4084,杉 山 正 樹,73,40,6.74,5,0.16,1.55.6,3-6-4,91580,99,3-6,19230,26,3-4-6,26800,19,3-6,8250,13,,,,,,,
20260801,多摩川,5,予選,晴,北,1,2,5,1,4540,相 原 利 章,25,80,6.84,1,0.33,,3-6-4,91580,99,3-6,19230,26,3-4-6,26800,19,3-6,8250,13,,,,,,,
20260801,多摩川,5,予選,晴,北,1,2,6,2,5360,高 木 茉 白,19,76,6.79,2,0.25,,3-6-4,91580,99,3-6,19230,26,3-4-6,26800,19,3-6,8250,13,,,,,,,
20260801,多摩川,6,予選,晴,無風,0,2,1,1,3659,藤 生 雄 人,69,46,6.82,1,0.08,1.50.9,1-4-6,870,1,1-4,470,1,1-4-6,240,1,1-4,370,1,,,,,,,
20260801,多摩川,6,予選,晴,無風,0,2,2,4,4754,松 尾 充,67,26,6.79,4,0.11,1.52.0,1-4-6,870,1,1-4,470,1,1-4-6,240,1,1-4,370,1,,,,,,,
20260801,多摩川,6,予選,晴,無風,0,2,3,6,4095,福 来 剛,63,47,6.76,5,0.15,1.53.1,1-4-6,870,1,1-4,470,1,1-4-6,240,1,1-4,370,1,,,,,,,
20260801,多摩川,6,予選,晴,無風,0,2,4,3,3850,小 川 知 行,32,81,6.70,3,0.11,1.53.6,1-4-6,870,1,1-4,470,1,1-4-6,240,1,1-4,370,1,,,,,,,
20260801,多摩川,6,予選,晴,無風,0,2,5,5,3643,米 田 隆 弘,22,63,6.80,6,0.29,,1-4-6,870,1,1-4,470,1,1-4-6,240,1,1-4,370,1,,,,,,,
20260801,多摩川,6,予選,晴,無風,0,2,6,2,4997,濱 崎 寿里矢,34,78,6.84,2,0.13,,1-4-6,870,1,1-4,470,1,1-4-6,240,1,1-4,370,1,,,,,,,
20260801,多摩川,7,予選,晴,南,2,2,1,1,4581,吉 村 誠,53,68,6.74,1,0.21,1.51.2,1-3-4,470,1,1-3,210,1,1-3-4,220,1,1-3,190,1,,,,,,,
20260801,多摩川,7,予選,晴,南,2,2,2,3,4119,泥 谷 一 毅,23,25,6.76,3,0.25,1.52.0,1-3-4,470,1,1-3,210,1,1-3-4,220,1,1-3,190,1,,,,,,,
20260801,多摩川,7,予選,晴,南,2,2,3,4,4053,芦 澤 望,72,33,6.84,4,0.29,1.53.9,1-3-4,470,1,1-3,210,1,1-3-4,220,1,1-3,190,1,,,,,,,
20260801,多摩川,7,予選,晴,南,2,2,4,2,4728,山 口 亮,46,70,6.80,2,0.29,1.54.3,1-3-4,470,1,1-3,210,1,1-3-4,220,1,1-3,190,1,,,,,,,
20260801,多摩川,7,予選,晴,南,2,2,5,5,4548,篠 木 亜衣花,71,61,6.81,5,0.31,,1-3-4,470,1,1-3,210,1,1-3-4,220,1,1-3,190,1,,,,,,,
20260801,多摩川,7,予選,晴,南,2,2,6,6,5454,谷 島 咲 希,11,71,6.81,6,0.29,,1-3-4,470,1,1-3,210,1,1-3-4,220,1,1-3,190,1,,,,,,,
20260801,多摩川,8,予選,晴,南,2,2,1,1,4526,池 田 雄 祐,14,45,6.78,1,0.23,1.50.3,1-3-2,1290,4,1-3,850,3,1-2-3,210,1,1-3,1300,3,,,,,,,
20260801,多摩川,8,予選,晴,南,2,2,2,3,4340,土 性 雅 也,18,28,6.91,3,0.23,1.52.5,1-3-2,1290,4,1-3,850,3,1-2-3,210,1,1-3,1300,3,,,,,,,
20260801,多摩川,8,予選,晴,南,2,2,3,2,3256,三 角 哲 男,37,79,6.85,2,0.22,1.53.3,1-3-2,1290,4,1-3,850,3,1-2-3,210,1,1-3,1300,3,,,,,,,
20260801,多摩川,8,予選,晴,南,2,2,4,6,3339,泉 具 巳,35,84,6.70,6,0.12,1.54.7,1-3-2,1290,4,1-3,850,3,1-2-3,210,1,1-3,1300,3,,,,,,,
20260801,多摩川,8,予選,晴,南,2,2,5,4,5383,中 村 楓,26,36,6.82,4,0.19,,1-3-2,1290,4,1-3,850,3,1-2-3,210,1,1-3,1300,3,,,,,,,
20260801,多摩川,8,予選,晴,南,2,2,6,5,5153,佐 藤 ほのか,15,29,6.79,5,0.16,,1-3-2,1290,4,1-3,850,3,1-2-3,210,1,1-3,1300,3,,,,,,,
20260801,多摩川,9,予選特賞,晴,南,2,2,1,1,4834,浜 本 裕 己,74,74,6.81,1,0.19,1.50.0,1-6-5,2840,8,1-6,480,3,1-5-6,1000,4,1-6,150,1,,,,,,,
20260801,多摩川,9,予選特賞,晴,南,2,2,2,6,4444,桐 生 順 平,16,66,6.77,2,0.26,1.52.0,1-6-5,2840,8,1-6,480,3,1-5-6,1000,4,1-6,150,1,,,,,,,
20260801,多摩川,9,予選特賞,晴,南,2,2,3,5,4389,伊 藤 喜 智,24,64,6.85,5,0.21,1.54.5,1-6-5,2840,8,1-6,480,3,1-5-6,1000,4,1-6,150,1,,,,,,,
20260801,多摩川,9,予選特賞,晴,南,2,2,4,3,5360,高 木 茉 白,19,76,6.78,6,0.21,1.55.0,1-6-5,2840,8,1-6,480,3,1-5-6,1000,4,1-6,150,1,,,,,,,
20260801,多摩川,9,予選特賞,晴,南,2,2,5,2,4518,大須賀 友,70,39,6.81,3,0.35,,1-6-5,2840,8,1-6,480,3,1-5-6,1000,4,1-6,150,1,,,,,,,
20260801,多摩川,9,予選特賞,晴,南,2,2,6,4,5082,一 色 凌 雅,38,37,6.88,4,0.28,,1-6-5,2840,8,1-6,480,3,1-5-6,1000,4,1-6,150,1,,,,,,,
20260801,多摩川,10,予選特賞,晴,南,1,2,1,1,4084,杉 山 正 樹,73,40,6.77,1,0.19,1.51.3,1-3-6,2150,9,1-3,270,1,1-3-6,1600,7,1-3,150,1,,,,,,,
20260801,多摩川,10,予選特賞,晴,南,1,2,2,3,4384,鶴 本 崇 文,27,82,6.82,3,0.19,1.53.1,1-3-6,2150,9,1-3,270,1,1-3-6,1600,7,1-3,150,1,,,,,,,
20260801,多摩川,10,予選特賞,晴,南,1,2,3,6,5004,河 野 主 樹,30,35,6.82,6,0.14,1.54.1,1-3-6,2150,9,1-3,270,1,1-3-6,1600,7,1-3,150,1,,,,,,,
20260801,多摩川,10,予選特賞,晴,南,1,2,4,5,5216,長谷川 晴 哉,45,41,6.86,5,0.14,1.55.0,1-3-6,2150,9,1-3,270,1,1-3-6,1600,7,1-3,150,1,,,,,,,
20260801,多摩川,10,予選特賞,晴,南,1,2,5,2,4568,廣 瀬 真 也,47,55,6.86,2,0.19,,1-3-6,2150,9,1-3,270,1,1-3-6,1600,7,1-3,150,1,,,,,,,
20260801,多摩川,10,予選特賞,晴,南,1,2,6,4,4182,吉 田 和 仁,54,32,6.81,4,0.20,,1-3-6,2150,9,1-3,270,1,1-3-6,1600,7,1-3,150,1,,,,,,,
20260801,多摩川,11,予選特選,晴,南,2,2,1,1,4759,今 泉 友 吾,49,38,6.79,1,0.06,1.50.0,1-3-4,680,1,1-3,390,2,1-3-4,350,1,1-3,510,3,,,,,,,
20260801,多摩川,11,予選特選,晴,南,2,2,2,3,3659,藤 生 雄 人,69,46,6.88,3,0.06,1.52.0,1-3-4,680,1,1-3,390,2,1-3-4,350,1,1-3,510,3,,,,,,,
20260801,多摩川,11,予選特選,晴,南,2,2,3,4,4581,吉 村 誠,53,68,6.79,4,0.07,1.53.7,1-3-4,680,1,1-3,390,2,1-3-4,350,1,1-3,510,3,,,,,,,
20260801,多摩川,11,予選特選,晴,南,2,2,4,2,4306,畔 柳 俊 吾,62,58,6.79,2,0.04,1.55.2,1-3-4,680,1,1-3,390,2,1-3-4,350,1,1-3,510,3,,,,,,,
20260801,多摩川,11,予選特選,晴,南,2,2,5,5,4254,川 島 圭 司,68,21,6.87,5,0.09,,1-3-4,680,1,1-3,390,2,1-3-4,350,1,1-3,510,3,,,,,,,
20260801,多摩川,11,予選特選,晴,南,2,2,6,6,4836,大 谷 健 太,43,44,6.79,6,0.03,,1-3-4,680,1,1-3,390,2,1-3-4,350,1,1-3,510,3,,,,,,,
20260801,多摩川,12,記者選抜戦,晴,南,1,2,1,3,5232,樅 山 拓 馬,61,59,6.82,3,0.12,1.49.0,3-1-5,11510,27,3-1,1690,6,1-3-5,870,6,1-3,370,2,,,,,,,
20260801,多摩川,12,記者選抜戦,晴,南,1,2,2,1,4362,土 屋 智 則,29,49,6.77,1,0.16,1.51.2,3-1-5,11510,27,3-1,1690,6,1-3-5,870,6,1-3,370,2,,,,,,,
20260801,多摩川,12,記者選抜戦,晴,南,1,2,3,5,4053,芦 澤 望,72,33,6.85,5,0.23,1.54.0,3-1-5,11510,27,3-1,1690,6,1-3-5,870,6,1-3,370,2,,,,,,,
20260801,多摩川,12,記者選抜戦,晴,南,1,2,4,4,3994,小 野 桜,39,23,6.83,4,0.23,1.54.5,3-1-5,11510,27,3-1,1690,6,1-3-5,870,6,1-3,370,2,,,,,,,
20260801,多摩川,12,記者選抜戦,晴,南,1,2,5,2,4540,相 原 利 章,25,80,6.84,2,0.11,,3-1-5,11510,27,3-1,1690,6,1-3-5,870,6,1-3,370,2,,,,,,,
20260801,多摩川,12,記者選抜戦,晴,南,1,2,6,6,4754,松 尾 充,67,26,6.88,6,0.21,,3-1-5,11510,27,3-1,1690,6,1-3-5,870,6,1-3,370,2,,,,,,,
20260801,尼崎,1,朝からセンプ,晴,南西,2,0,1,2,5365,石 村 日奈那,20,25,6.87,2,0.18,1.59.9,2-5-1,201040,107,2-5,34060,28,1-2-5,5240,11,2-5,9810,15,,,,,,,
20260801,尼崎,1,朝からセンプ,晴,南西,2,0,2,5,3471,赤 峰 和 也,41,57,6.95,4,0.14,2.03.2,2-5-1,201040,107,2-5,34060,28,1-2-5,5240,11,2-5,9810,15,,,,,,,
20260801,尼崎,1,朝からセンプ,晴,南西,2,0,3,1,4110,小 澤 和 也,27,61,6.88,1,0.25,2.05.7,2-5-1,201040,107,2-5,34060,28,1-2-5,5240,11,2-5,9810,15,,,,,,,
20260801,尼崎,1,朝からセンプ,晴,南西,2,0,4,6,4003,表 憲 一,29,20,6.88,5,0.22,2.08.3,2-5-1,201040,107,2-5,34060,28,1-2-5,5240,11,2-5,9810,15,,,,,,,
20260801,尼崎,1,朝からセンプ,晴,南西,2,0,5,3,4302,西 野 翔 太,5,69,6.86,3,0.11,2.11.3,2-5-1,201040,107,2-5,34060,28,1-2-5,5240,11,2-5,9810,15,,,,,,,
20260801,尼崎,2,予選,晴,南,2,0,1,1,4431,石 塚 裕 介,56,32,6.80,1,0.19,1.51.3,1-3-2,2880,10,1-3,470,2,1-2-3,1760,6,1-3,300,2,,,,,,,
20260801,尼崎,2,予選,晴,南,2,0,2,3,4809,外 崎 悟,63,55,6.85,3,0.23,1.52.1,1-3-2,2880,10,1-3,470,2,1-2-3,1760,6,1-3,300,2,,,,,,,
20260801,尼崎,2,予選,晴,南,2,0,3,2,5386,米玉利 大 悟,24,54,6.89,2,0.21,1.53.6,1-3-2,2880,10,1-3,470,2,1-2-3,1760,6,1-3,300,2,,,,,,,
20260801,尼崎,2,予選,晴,南,2,0,4,6,4831,羽 野 直 也,37,30,6.87,5,0.13,1.54.5,1-3-2,2880,10,1-3,470,2,1-2-3,1760,6,1-3,300,2,,,,,,,
20260801,尼崎,2,予選,晴,南,2,0,5,4,4229,市 川 美 宏,45,71,6.89,4,0.17,1.56.6,1-3-2,2880,10,1-3,470,2,1-2-3,1760,6,1-3,300,2,,,,,,,
20260801,尼崎,2,予選,晴,南,2,0,6,5,5447,岡 本 亜 子,42,14,6.87,6,0.27,1.58.4,1-3-2,2880,10,1-3,470,2,1-2-3,1760,6,1-3,300,2,,,,,,,
20260801,尼崎,3,予選,晴,南西,3,0,1,2,4934,佐々木 翔 斗,16,44,6.85,2,0.24,1.50.7,2-6-3,4910,20,2-6,2950,13,2-3-6,760,4,2-6,1610,6,,,,,,,
20260801,尼崎,3,予選,晴,南西,3,0,2,6,4013,中 島 孝 平,39,50,6.87,5,0.22,1.51.4,2-6-3,4910,20,2-6,2950,13,2-3-6,760,4,2-6,1610,6,,,,,,,
20260801,尼崎,3,予選,晴,南西,3,0,3,3,4584,村 岡 賢 人,2,15,6.85,3,0.17,1.53.4,2-6-3,4910,20,2-6,2950,13,2-3-6,760,4,2-6,1610,6,,,,,,,
20260801,尼崎,3,予選,晴,南西,3,0,4,1,4992,廣 瀬 篤 哉,53,28,6.86,1,0.16,1.54.1,2-6-3,4910,20,2-6,2950,13,2-3-6,760,4,2-6,1610,6,,,,,,,
20260801,尼崎,3,予選,晴,南西,3,0,5,5,3873,別 府 昌 樹,40,23,6.94,4,0.16,1.57.9,2-6-3,4910,20,2-6,2950,13,2-3-6,760,4,2-6,1610,6,,,,,,,
20260801,尼崎,3,予選,晴,南西,3,0,6,4,5472,中 川 海 虹,14,42,6.86,6,0.29,2.00.1,2-6-3,4910,20,2-6,2950,13,2-3-6,760,4,2-6,1610,6,,,,,,,
20260801,尼崎,4,予選,晴,南,2,0,1,2,3915,繁野谷 圭 介,47,47,6.88,2,0.20,1.50.8,2-1-5,1380,4,2-1,930,3,1-2-5,220,1,1-2,330,1,,,,,,,
20260801,尼崎,4,予選,晴,南,2,0,2,1,4909,薮 内 瑞 希,36,39,6.84,1,0.21,1.52.1,2-1-5,1380,4,2-1,930,3,1-2-5,220,1,1-2,330,1,,,,,,,
20260801,尼崎,4,予選,晴,南,2,0,3,5,4543,重 木 輝 彦,11,13,6.81,5,0.15,1.52.8,2-1-5,1380,4,2-1,930,3,1-2-5,220,1,1-2,330,1,,,,,,,
20260801,尼崎,4,予選,晴,南,2,0,4,3,5130,上 野 拓 馬,19,60,6.89,3,0.24,1.54.8,2-1-5,1380,4,2-1,930,3,1-2-5,220,1,1-2,330,1,,,,,,,
20260801,尼崎,4,予選,晴,南,2,0,5,6,4330,奈 須 啓 太,22,11,6.86,6,0.12,1.56.5,2-1-5,1380,4,2-1,930,3,1-2-5,220,1,1-2,330,1,,,,,,,
20260801,尼崎,4,予選,晴,南,2,0,6,4,5346,中 村 紋夕梨,49,48,6.87,4,0.22,1.56.7,2-1-5,1380,4,2-1,930,3,1-2-5,220,1,1-2,330,1,,,,,,,
20260801,尼崎,5,予選,晴,南西,4,0,1,2,4102,益 田 啓 司,61,53,6.77,2,0.27,1.50.1,2-5-1,9050,24,2-5,3790,9,1-2-5,530,2,2-5,5130,9,,,,,,,
20260801,尼崎,5,予選,晴,南西,4,0,2,5,3993,永 井 聖 美,10,65,6.83,4,0.18,1.51.4,2-5-1,9050,24,2-5,3790,9,1-2-5,530,2,2-5,5130,9,,,,,,,
20260801,尼崎,5,予選,晴,南西,4,0,3,1,4808,松 尾 拓,31,45,6.83,1,0.31,1.53.3,2-5-1,9050,24,2-5,3790,9,1-2-5,530,2,2-5,5130,9,,,,,,,
20260801,尼崎,5,予選,晴,南西,4,0,4,6,4357,田 中 和 也,32,40,6.84,5,0.30,1.54.2,2-5-1,9050,24,2-5,3790,9,1-2-5,530,2,2-5,5130,9,,,,,,,
20260801,尼崎,5,予選,晴,南西,4,0,5,4,5450,藤 本 遼 磨,6,70,6.88,6,0.32,1.56.7,2-5-1,9050,24,2-5,3790,9,1-2-5,530,2,2-5,5130,9,,,,,,,
20260801,尼崎,5,予選,晴,南西,4,0,6,3,3471,赤 峰 和 也,41,57,6.95,3,0.32,1.58.6,2-5-1,9050,24,2-5,3790,9,1-2-5,530,2,2-5,5130,9,,,,,,,
20260801,尼崎,6,昼どきピンク,晴,南西,5,3,1,4,5058,前 原 大 道,3,33,6.86,4,0.06,1.49.1,4-1-2,1350,4,4-1,480,2,1-2-4,270,1,1-4,180,1,,,,,,,
20260801,尼崎,6,昼どきピンク,晴,南西,5,3,2,1,4460,後 藤 翔 之,60,16,6.85,1,0.05,1.52.1,4-1-2,1350,4,4-1,480,2,1-2-4,270,1,1-4,180,1,,,,,,,
20260801,尼崎,6,昼どきピンク,晴,南西,5,3,3,2,4003,表 憲 一,29,20,6.85,2,0.09,1.53.7,4-1-2,1350,4,4-1,480,2,1-2-4,270,1,1-4,180,1,,,,,,,
20260801,尼崎,6,昼どきピンク,晴,南西,5,3,4,3,4871,菊 池 宏 志,48,24,6.84,3,0.21,1.55.4,4-1-2,1350,4,4-1,480,2,1-2-4,270,1,1-4,180,1,,,,,,,
20260801,尼崎,6,昼どきピンク,晴,南西,5,3,5,6,5211,高 井 駿 弥,50,51,6.89,6,0.10,1.57.3,4-1-2,1350,4,4-1,480,2,1-2-4,270,1,1-4,180,1,,,,,,,
20260801,尼崎,6,昼どきピンク,晴,南西,5,3,6,5,5386,米玉利 大 悟,24,54,6.88,5,0.14,1.58.1,4-1-2,1350,4,4-1,480,2,1-2-4,270,1,1-4,180,1,,,,,,,
20260801,尼崎,7,予選,晴,西,5,3,1,2,4193,郷 原 章 平,30,73,6.87,2,0.09,1.50.9,2-6-5,7990,29,2-6,2660,12,2-5-6,1600,7,2-6,1470,7,,,,,,,
20260801,尼崎,7,予選,晴,西,5,3,2,6,5017,澤 田 尚 也,46,63,6.85,5,0.17,1.51.6,2-6-5,7990,29,2-6,2660,12,2-5-6,1600,7,2-6,1470,7,,,,,,,
20260801,尼崎,7,予選,晴,西,5,3,3,5,4302,西 野 翔 太,5,69,6.86,3,0.19,1.53.9,2-6-5,7990,29,2-6,2660,12,2-5-6,1600,7,2-6,1470,7,,,,,,,
20260801,尼崎,7,予選,晴,西,5,3,4,1,4925,森 悠 稀,57,19,6.82,1,0.21,1.54.7,2-6-5,7990,29,2-6,2660,12,2-5-6,1600,7,2-6,1470,7,,,,,,,
20260801,尼崎,7,予選,晴,西,5,3,5,3,4880,澤 崎 雄 哉,34,17,6.86,4,0.17,1.56.6,2-6-5,7990,29,2-6,2660,12,2-5-6,1600,7,2-6,1470,7,,,,,,,
20260801,尼崎,7,予選,晴,西,5,3,6,4,5447,岡 本 亜 子,42,14,6.85,6,0.19,1.58.0,2-6-5,7990,29,2-6,2660,12,2-5-6,1600,7,2-6,1470,7,,,,,,,
20260801,尼崎,8,予選,晴,南西,5,3,1,4,4013,中 島 孝 平,39,50,6.87,4,0.13,1.50.1,4-6-5,2310,9,4-6,1000,4,4-5-6,820,4,4-6,880,3,,,,,,,
20260801,尼崎,8,予選,晴,南西,5,3,2,6,4360,庄 司 孝 輔,21,66,6.78,6,0.12,1.52.0,4-6-5,2310,9,4-6,1000,4,4-5-6,820,4,4-6,880,3,,,,,,,
20260801,尼崎,8,予選,晴,南西,5,3,3,5,4057,松 井 賢 治,51,38,6.83,5,0.14,1.53.2,4-6-5,2310,9,4-6,1000,4,4-5-6,820,4,4-6,880,3,,,,,,,
20260801,尼崎,8,予選,晴,南西,5,3,4,2,4229,市 川 美 宏,45,71,6.81,2,0.28,1.55.2,4-6-5,2310,9,4-6,1000,4,4-5-6,820,4,4-6,880,3,,,,,,,
20260801,尼崎,8,予選,晴,南西,5,3,5,1,3514,山 一 鉄 也,7,59,6.82,1,0.32,1.56.3,4-6-5,2310,9,4-6,1000,4,4-5-6,820,4,4-6,880,3,,,,,,,
20260801,尼崎,8,予選,晴,南西,5,3,6,3,5346,中 村 紋夕梨,49,48,6.86,3,0.23,1.58.2,4-6-5,2310,9,4-6,1000,4,4-5-6,820,4,4-6,880,3,,,,,,,
20260801,尼崎,9,予選特賞,晴,西,3,0,1,1,3993,永 井 聖 美,10,65,6.82,1,0.20,1.50.9,1-3-2,1300,4,1-3,440,1,1-2-3,390,2,1-3,420,2,,,,,,,
20260801,尼崎,9,予選特賞,晴,西,3,0,2,3,4678,水 野 望 美,58,58,6.88,3,0.08,1.52.5,1-3-2,1300,4,1-3,440,1,1-2-3,390,2,1-3,420,2,,,,,,,
20260801,尼崎,9,予選特賞,晴,西,3,0,3,2,4900,中 田 夕 貴,28,27,6.82,2,0.11,1.54.3,1-3-2,1300,4,1-3,440,1,1-2-3,390,2,1-3,420,2,,,,,,,
20260801,尼崎,9,予選特賞,晴,西,3,0,4,6,5173,谷 口 佳 蓮,44,67,6.82,6,0.14,1.54.7,1-3-2,1300,4,1-3,440,1,1-2-3,390,2,1-3,420,2,,,,,,,
20260801,尼崎,9,予選特賞,晴,西,3,0,5,5,5365,石 村 日奈那,20,25,6.81,5,0.19,1.55.6,1-3-2,1300,4,1-3,440,1,1-2-3,390,2,1-3,420,2,,,,,,,
20260801,尼崎,9,予選特賞,晴,西,3,0,6,4,4909,薮 内 瑞 希,36,39,6.81,4,0.15,1.57.3,1-3-2,1300,4,1-3,440,1,1-2-3,390,2,1-3,420,2,,,,,,,
20260801,尼崎,10,予選特賞,晴,南西,5,3,1,3,4831,羽 野 直 也,37,30,6.85,3,0.08,1.49.7,3-1-4,1510,5,3-1,350,2,1-3-4,370,2,1-3,130,1,,,,,,,
20260801,尼崎,10,予選特賞,晴,南西,5,3,2,1,4584,村 岡 賢 人,2,15,6.82,1,0.09,1.51.4,3-1-4,1510,5,3-1,350,2,1-3-4,370,2,1-3,130,1,,,,,,,
20260801,尼崎,10,予選特賞,晴,南西,5,3,3,4,3454,井 川 大 作,55,52,6.91,4,0.05,1.52.1,3-1-4,1510,5,3-1,350,2,1-3-4,370,2,1-3,130,1,,,,,,,
20260801,尼崎,10,予選特賞,晴,南西,5,3,4,5,4460,後 藤 翔 之,60,16,6.89,5,0.11,1.53.6,3-1-4,1510,5,3-1,350,2,1-3-4,370,2,1-3,130,1,,,,,,,
20260801,尼崎,10,予選特賞,晴,南西,5,3,5,6,4102,益 田 啓 司,61,53,6.79,6,0.14,1.54.8,3-1-4,1510,5,3-1,350,2,1-3-4,370,2,1-3,130,1,,,,,,,
20260801,尼崎,10,予選特賞,晴,南西,5,3,6,2,5130,上 野 拓 馬,19,60,6.91,2,0.12,1.56.6,3-1-4,1510,5,3-1,350,2,1-3-4,370,2,1-3,130,1,,,,,,,
20260801,尼崎,11,予選特選,晴,南,5,3,1,1,4543,重 木 輝 彦,11,13,6.82,1,0.04,1.50.0,1-3-6,1840,7,1-3,300,1,1-3-6,980,4,1-3,280,2,,,,,,,
20260801,尼崎,11,予選特選,晴,南,5,3,2,3,4808,松 尾 拓,31,45,6.84,3,0.03,1.51.6,1-3-6,1840,7,1-3,300,1,1-3-6,980,4,1-3,280,2,,,,,,,
20260801,尼崎,11,予選特選,晴,南,5,3,3,6,4934,佐々木 翔 斗,16,44,6.86,6,0.06,1.53.7,1-3-6,1840,7,1-3,300,1,1-3-6,980,4,1-3,280,2,,,,,,,
20260801,尼崎,11,予選特選,晴,南,5,3,4,4,4193,郷 原 章 平,30,73,6.89,4,0.00,1.55.7,1-3-6,1840,7,1-3,300,1,1-3-6,980,4,1-3,280,2,,,,,,,
20260801,尼崎,11,予選特選,晴,南,5,3,5,5,4871,菊 池 宏 志,48,24,6.82,5,0.20,1.59.6,1-3-6,1840,7,1-3,300,1,1-3-6,980,4,1-3,280,2,,,,,,,
20260801,尼崎,11,予選特選,晴,南,5,3,6,2,4718,北 川 太 一,8,62,6.85,2,0.05,2.01.1,1-3-6,1840,7,1-3,300,1,1-3-6,980,4,1-3,280,2,,,,,,,
20260801,尼崎,12,予選特選,晴,南西,4,0,1,1,5058,前 原 大 道,3,33,6.85,1,0.23,1.50.8,1-4-5,3240,13,1-4,930,4,1-4-5,2330,7,1-4,650,4,,,,,,,
20260801,尼崎,12,予選特選,晴,南西,4,0,2,4,3514,山 一 鉄 也,7,59,6.84,4,0.25,1.52.0,1-4-5,3240,13,1-4,930,4,1-4-5,2330,7,1-4,650,4,,,,,,,
20260801,尼崎,12,予選特選,晴,南西,4,0,3,5,3915,繁野谷 圭 介,47,47,6.82,5,0.24,1.53.7,1-4-5,3240,13,1-4,930,4,1-4-5,2330,7,1-4,650,4,,,,,,,
20260801,尼崎,12,予選特選,晴,南西,4,0,4,6,4809,外 崎 悟,63,55,6.82,6,0.24,1.54.2,1-4-5,3240,13,1-4,930,4,1-4-5,2330,7,1-4,650,4,,,,,,,
20260801,尼崎,12,予選特選,晴,南西,4,0,5,3,4357,田 中 和 也,32,40,6.80,3,0.19,1.55.0,1-4-5,3240,13,1-4,930,4,1-4-5,2330,7,1-4,650,4,,,,,,,
20260801,尼崎,12,予選特選,晴,南西,4,0,6,2,3873,別 府 昌 樹,40,23,6.92,2,0.22,1.57.0,1-4-5,3240,13,1-4,930,4,1-4-5,2330,7,1-4,650,4,,,,,,,
20260801,常滑,1,朝トコ小判Ｒ 進入固定,晴,南西,2,1,1,2,5279,石 渡 翔一郎,60,75,6.78,2,0.12,1.50.5,2-1-4,2220,8,2-1,520,2,1-2-4,400,2,1-2,100,1,,,,,,,
20260801,常滑,1,朝トコ小判Ｒ 進入固定,晴,南西,2,1,2,1,5252,荒 木 颯 斗,8,17,6.74,1,0.12,1.52.5,2-1-4,2220,8,2-1,520,2,1-2-4,400,2,1-2,100,1,,,,,,,
20260801,常滑,1,朝トコ小判Ｒ 進入固定,晴,南西,2,1,3,4,5394,福 西 広太郎,48,61,6.74,4,0.22,1.53.9,2-1-4,2220,8,2-1,520,2,1-2-4,400,2,1-2,100,1,,,,,,,
20260801,常滑,1,朝トコ小判Ｒ 進入固定,晴,南西,2,1,4,5,5253,藤 井 太 雅,33,22,6.80,5,0.21,1.56.3,2-1-4,2220,8,2-1,520,2,1-2-4,400,2,1-2,100,1,,,,,,,
20260801,常滑,1,朝トコ小判Ｒ 進入固定,晴,南西,2,1,5,3,5300,横 田 海 人,23,37,6.75,3,0.11,,2-1-4,2220,8,2-1,520,2,1-2-4,400,2,1-2,100,1,,,,,,,
20260801,常滑,1,朝トコ小判Ｒ 進入固定,晴,南西,2,1,6,6,5352,西 岡 蒼 志,49,60,6.84,6,0.18,,2-1-4,2220,8,2-1,520,2,1-2-4,400,2,1-2,100,1,,,,,,,
20260801,常滑,2,予選 進入固定,晴,南西,2,1,1,1,5376,吉 田 一 心,43,72,6.75,1,0.09,1.50.7,1-2-5,600,1,1-2,360,2,1-2-5,240,1,1-2,140,1,,,,,,,
20260801,常滑,2,予選 進入固定,晴,南西,2,1,2,2,5132,中 野 希 一,28,36,6.70,2,0.13,1.51.8,1-2-5,600,1,1-2,360,2,1-2-5,240,1,1-2,140,1,,,,,,,
20260801,常滑,2,予選 進入固定,晴,南西,2,1,3,5,5226,藤 田 俊 祐,38,47,6.70,5,0.18,1.54.1,1-2-5,600,1,1-2,360,2,1-2-5,240,1,1-2,140,1,,,,,,,
20260801,常滑,2,予選 進入固定,晴,南西,2,1,4,3,5288,尾 道 佳 諭,22,70,6.79,3,0.09,1.54.5,1-2-5,600,1,1-2,360,2,1-2-5,240,1,1-2,140,1,,,,,,,
20260801,常滑,2,予選 進入固定,晴,南西,2,1,5,4,5404,内 田 壮,6,16,6.75,4,0.12,,1-2-5,600,1,1-2,360,2,1-2-5,240,1,1-2,140,1,,,,,,,
20260801,常滑,2,予選 進入固定,晴,南西,2,1,6,6,5137,川 原 涼,21,34,6.71,6,0.18,,1-2-5,600,1,1-2,360,2,1-2-5,240,1,1-2,140,1,,,,,,,
20260801,常滑,3,予選 進入固定,晴,南西,2,1,1,1,5282,中 本 大 樹,20,19,6.80,1,0.11,1.51.1,1-2-4,740,1,1-2,340,1,1-2-4,210,1,1-2,140,1,,,,,,,
20260801,常滑,3,予選 進入固定,晴,南西,2,1,2,2,5066,鈴 木 孝 明,26,71,6.74,2,0.13,1.51.7,1-2-4,740,1,1-2,340,1,1-2-4,210,1,1-2,140,1,,,,,,,
20260801,常滑,3,予選 進入固定,晴,南西,2,1,3,4,5212,西 川 拓 利,47,59,6.77,4,0.10,1.53.0,1-2-4,740,1,1-2,340,1,1-2-4,210,1,1-2,140,1,,,,,,,
20260801,常滑,3,予選 進入固定,晴,南西,2,1,4,3,5219,森 口 和 紀,45,40,6.75,3,0.10,1.54.4,1-2-4,740,1,1-2,340,1,1-2-4,210,1,1-2,140,1,,,,,,,
20260801,常滑,3,予選 進入固定,晴,南西,2,1,5,6,5197,中 野 仁 照,53,74,6.73,6,0.13,,1-2-4,740,1,1-2,340,1,1-2-4,210,1,1-2,140,1,,,,,,,
20260801,常滑,3,予選 進入固定,晴,南西,2,1,6,5,5348,小 林 甘 寧,34,42,6.79,5,0.16,,1-2-4,740,1,1-2,340,1,1-2-4,210,1,1-2,140,1,,,,,,,
20260801,常滑,4,予選 進入固定,晴,南西,2,1,1,5,5368,宮 崎 心之介,36,77,6.74,5,0.11,1.50.2,5-1-2,3250,11,5-1,1300,6,1-2-5,190,1,1-5,500,2,,,,,,,
20260801,常滑,4,予選 進入固定,晴,南西,2,1,2,1,5135,仲 航 太,56,58,6.80,1,0.16,1.52.2,5-1-2,3250,11,5-1,1300,6,1-2-5,190,1,1-5,500,2,,,,,,,
20260801,常滑,4,予選 進入固定,晴,南西,2,1,3,2,5280,廣 瀬 凜,5,30,6.79,2,0.20,1.53.5,5-1-2,3250,11,5-1,1300,6,1-2-5,190,1,1-5,500,2,,,,,,,
20260801,常滑,4,予選 進入固定,晴,南西,2,1,4,6,5085,中 村 栄 治,11,39,6.74,6,0.22,1.55.6,5-1-2,3250,11,5-1,1300,6,1-2-5,190,1,1-5,500,2,,,,,,,
20260801,常滑,4,予選 進入固定,晴,南西,2,1,5,4,5364,金 子 怜 央,15,50,6.81,4,0.30,,5-1-2,3250,11,5-1,1300,6,1-2-5,190,1,1-5,500,2,,,,,,,
20260801,常滑,4,予選 進入固定,晴,南西,2,1,6,3,5345,牧 村 俊 輝,40,51,6.79,3,0.26,,5-1-2,3250,11,5-1,1300,6,1-2-5,190,1,1-5,500,2,,,,,,,
20260801,常滑,5,三Ａ傑戦 進入固定,晴,南西,2,1,1,1,5253,藤 井 太 雅,33,22,6.83,1,0.12,1.50.1,1-3-2,6540,28,1-3,1960,9,1-2-3,1450,6,1-3,730,4,,,,,,,
20260801,常滑,5,三Ａ傑戦 進入固定,晴,南西,2,1,2,3,4983,前 田 篤 哉,58,45,6.73,3,0.13,1.52.8,1-3-2,6540,28,1-3,1960,9,1-2-3,1450,6,1-3,730,4,,,,,,,
20260801,常滑,5,三Ａ傑戦 進入固定,晴,南西,2,1,3,2,5308,藤 森 拓 海,37,29,6.76,2,0.09,1.54.4,1-3-2,6540,28,1-3,1960,9,1-2-3,1450,6,1-3,730,4,,,,,,,
20260801,常滑,5,三Ａ傑戦 進入固定,晴,南西,2,1,4,4,5145,島 川 海 輝,9,48,6.75,4,0.12,1.55.6,1-3-2,6540,28,1-3,1960,9,1-2-3,1450,6,1-3,730,4,,,,,,,
20260801,常滑,5,三Ａ傑戦 進入固定,晴,南西,2,1,5,6,5271,杉 山 太 陽,46,27,6.83,6,0.13,,1-3-2,6540,28,1-3,1960,9,1-2-3,1450,6,1-3,730,4,,,,,,,
20260801,常滑,5,三Ａ傑戦 進入固定,晴,南西,2,1,6,5,5222,津 田 陸 翔,52,78,6.70,5,0.14,,1-3-2,6540,28,1-3,1960,9,1-2-3,1450,6,1-3,730,4,,,,,,,
20260801,常滑,6,昼トコ小判Ｒ 進入固定,晴,南西,3,1,1,1,5228,若 林 樹 蘭,13,21,6.78,1,0.08,1.51.6,1-2-3,1050,3,1-2,330,1,1-2-3,560,3,1-2,270,1,,,,,,,
20260801,常滑,6,昼トコ小判Ｒ 進入固定,晴,南西,3,1,2,2,5150,坂 本 雄 紀,16,56,6.81,2,0.11,1.52.8,1-2-3,1050,3,1-2,330,1,1-2-3,560,3,1-2,270,1,,,,,,,
20260801,常滑,6,昼トコ小判Ｒ 進入固定,晴,南西,3,1,3,3,5201,村 上 宗太郎,24,18,6.75,3,0.12,1.54.4,1-2-3,1050,3,1-2,330,1,1-2-3,560,3,1-2,270,1,,,,,,,
20260801,常滑,6,昼トコ小判Ｒ 進入固定,晴,南西,3,1,4,4,5352,西 岡 蒼 志,49,60,6.75,4,0.16,1.54.5,1-2-3,1050,3,1-2,330,1,1-2-3,560,3,1-2,270,1,,,,,,,
20260801,常滑,6,昼トコ小判Ｒ 進入固定,晴,南西,3,1,5,5,5034,若 林 義 人,41,67,6.74,5,0.19,,1-2-3,1050,3,1-2,330,1,1-2-3,560,3,1-2,270,1,,,,,,,
20260801,常滑,6,昼トコ小判Ｒ 進入固定,晴,南西,3,1,6,6,5127,沼 田 大 都,51,62,6.77,6,0.19,,1-2-3,1050,3,1-2,330,1,1-2-3,560,3,1-2,270,1,,,,,,,
20260801,常滑,7,予選 進入固定,晴,南西,3,1,1,1,5379,廣 部 大 明,4,52,6.79,1,0.03,1.52.1,1-2-3,4140,17,1-2,2020,9,1-2-3,830,5,1-2,690,4,,,,,,,
20260801,常滑,7,予選 進入固定,晴,南西,3,1,2,2,5282,中 本 大 樹,20,19,6.80,2,0.10,1.52.9,1-2-3,4140,17,1-2,2020,9,1-2-3,830,5,1-2,690,4,,,,,,,
20260801,常滑,7,予選 進入固定,晴,南西,3,1,3,3,5234,塚 越 海 斗,1,23,6.76,3,0.18,1.54.0,1-2-3,4140,17,1-2,2020,9,1-2-3,830,5,1-2,690,4,,,,,,,
20260801,常滑,7,予選 進入固定,晴,南西,3,1,4,6,5279,石 渡 翔一郎,60,75,6.79,6,0.15,1.54.4,1-2-3,4140,17,1-2,2020,9,1-2-3,830,5,1-2,690,4,,,,,,,
20260801,常滑,7,予選 進入固定,晴,南西,3,1,5,5,5432,安 藤 瑠 希,32,35,6.78,5,0.09,,1-2-3,4140,17,1-2,2020,9,1-2-3,830,5,1-2,690,4,,,,,,,
20260801,常滑,7,予選 進入固定,晴,南西,3,1,6,4,5137,川 原 涼,21,34,6.72,4,0.24,,1-2-3,4140,17,1-2,2020,9,1-2-3,830,5,1-2,690,4,,,,,,,
20260801,常滑,8,予選 進入固定,晴,南西,4,2,1,1,5348,小 林 甘 寧,34,42,6.82,1,0.10,1.50.7,1-3-2,870,2,1-3,450,1,1-2-3,210,1,1-3,280,1,,,,,,,
20260801,常滑,8,予選 進入固定,晴,南西,4,2,2,3,5280,廣 瀬 凜,5,30,6.82,3,0.16,1.52.2,1-3-2,870,2,1-3,450,1,1-2-3,210,1,1-3,280,1,,,,,,,
20260801,常滑,8,予選 進入固定,晴,南西,4,2,3,2,5289,佃 來 紀,50,25,6.81,2,0.05,1.53.7,1-3-2,870,2,1-3,450,1,1-2-3,210,1,1-3,280,1,,,,,,,
20260801,常滑,8,予選 進入固定,晴,南西,4,2,4,5,5394,福 西 広太郎,48,61,6.79,5,0.19,1.55.5,1-3-2,870,2,1-3,450,1,1-2-3,210,1,1-3,280,1,,,,,,,
20260801,常滑,8,予選 進入固定,晴,南西,4,2,5,6,5134,大 原 祥 昌,25,13,6.78,6,0.16,,1-3-2,870,2,1-3,450,1,1-2-3,210,1,1-3,280,1,,,,,,,
20260801,常滑,8,予選 進入固定,晴,南西,4,2,6,4,5288,尾 道 佳 諭,22,70,6.80,4,0.15,,1-3-2,870,2,1-3,450,1,1-2-3,210,1,1-3,280,1,,,,,,,
20260801,常滑,9,予選特賞 進入固定,晴,南西,4,2,1,1,5226,藤 田 俊 祐,38,47,6.75,1,0.09,1.50.9,1-4-3,850,2,1-4,390,2,1-3-4,180,1,1-4,410,2,,,,,,,
20260801,常滑,9,予選特賞 進入固定,晴,南西,4,2,2,4,5066,鈴 木 孝 明,26,71,6.73,4,0.11,1.52.5,1-4-3,850,2,1-4,390,2,1-3-4,180,1,1-4,410,2,,,,,,,
20260801,常滑,9,予選特賞 進入固定,晴,南西,4,2,3,3,5145,島 川 海 輝,9,48,6.70,3,0.12,1.54.9,1-4-3,850,2,1-4,390,2,1-3-4,180,1,1-4,410,2,,,,,,,
20260801,常滑,9,予選特賞 進入固定,晴,南西,4,2,4,6,5243,三 馬 崇 史,29,68,6.78,6,0.14,1.55.4,1-4-3,850,2,1-4,390,2,1-3-4,180,1,1-4,410,2,,,,,,,
20260801,常滑,9,予選特賞 進入固定,晴,南西,4,2,5,2,5345,牧 村 俊 輝,40,51,6.83,2,0.13,,1-4-3,850,2,1-4,390,2,1-3-4,180,1,1-4,410,2,,,,,,,
20260801,常滑,9,予選特賞 進入固定,晴,南西,4,2,6,5,5300,横 田 海 人,23,37,6.78,5,0.16,,1-4-3,850,2,1-4,390,2,1-3-4,180,1,1-4,410,2,,,,,,,
20260801,常滑,10,予選特賞 進入固定,晴,南西,4,2,1,1,4983,前 田 篤 哉,58,45,6.74,1,0.09,1.51.3,1-3-6,2740,10,1-3,160,1,1-3-6,1840,5,1-3,100,1,,,,,,,
20260801,常滑,10,予選特賞 進入固定,晴,南西,4,2,2,3,5034,若 林 義 人,41,67,6.73,3,0.07,1.52.5,1-3-6,2740,10,1-3,160,1,1-3-6,1840,5,1-3,100,1,,,,,,,
20260801,常滑,10,予選特賞 進入固定,晴,南西,4,2,3,6,5404,内 田 壮,6,16,6.75,6,0.12,1.54.5,1-3-6,2740,10,1-3,160,1,1-3-6,1840,5,1-3,100,1,,,,,,,
20260801,常滑,10,予選特賞 進入固定,晴,南西,4,2,4,2,5286,坂 井 滉 哉,18,43,6.76,2,0.07,1.56.2,1-3-6,2740,10,1-3,160,1,1-3-6,1840,5,1-3,100,1,,,,,,,
20260801,常滑,10,予選特賞 進入固定,晴,南西,4,2,5,4,5407,中 岡 駿,7,12,6.75,4,0.13,,1-3-6,2740,10,1-3,160,1,1-3-6,1840,5,1-3,100,1,,,,,,,
20260801,常滑,10,予選特賞 進入固定,晴,南西,4,2,6,5,5197,中 野 仁 照,53,74,6.74,5,0.14,,1-3-6,2740,10,1-3,160,1,1-3-6,1840,5,1-3,100,1,,,,,,,
20260801,常滑,11,予選特選 進入固定,晴,南西,5,2,1,1,5222,津 田 陸 翔,52,78,6.76,1,0.28,1.52.1,1-3-4,610,1,1-3,250,1,1-3-4,310,1,1-3,160,1,,,,,,,
20260801,常滑,11,予選特選 進入固定,晴,南西,5,2,2,3,5132,中 野 希 一,28,36,6.74,3,0.23,1.54.0,1-3-4,610,1,1-3,250,1,1-3-4,310,1,1-3,160,1,,,,,,,
20260801,常滑,11,予選特選 進入固定,晴,南西,5,2,3,4,5252,荒 木 颯 斗,8,17,6.73,4,0.17,1.54.2,1-3-4,610,1,1-3,250,1,1-3-4,310,1,1-3,160,1,,,,,,,
20260801,常滑,11,予選特選 進入固定,晴,南西,5,2,4,2,5127,沼 田 大 都,51,62,6.78,2,0.30,1.56.4,1-3-4,610,1,1-3,250,1,1-3-4,310,1,1-3,160,1,,,,,,,
20260801,常滑,11,予選特選 進入固定,晴,南西,5,2,5,5,5092,篠 原 晟 弥,10,55,6.78,5,0.27,,1-3-4,610,1,1-3,250,1,1-3-4,310,1,1-3,160,1,,,,,,,
20260801,常滑,11,予選特選 進入固定,晴,南西,5,2,6,6,5299,西 丸 敦 基,54,69,6.69,6,0.28,,1-3-4,610,1,1-3,250,1,1-3-4,310,1,1-3,160,1,,,,,,,
20260801,常滑,12,予選特選 進入固定,晴,南西,4,2,1,2,5134,大 原 祥 昌,25,13,6.80,2,0.08,1.51.6,2-3-5,48060,59,2-3,6140,11,2-3-5,7350,11,2-3,3160,6,,,,,,,
20260801,常滑,12,予選特選 進入固定,晴,南西,4,2,2,3,5368,宮 崎 心之介,36,77,6.72,3,0.14,1.52.7,2-3-5,48060,59,2-3,6140,11,2-3-5,7350,11,2-3,3160,6,,,,,,,
20260801,常滑,12,予選特選 進入固定,晴,南西,4,2,3,5,5150,坂 本 雄 紀,16,56,6.80,5,0.12,1.54.0,2-3-5,48060,59,2-3,6140,11,2-3-5,7350,11,2-3,3160,6,,,,,,,
20260801,常滑,12,予選特選 進入固定,晴,南西,4,2,4,1,5234,塚 越 海 斗,1,23,6.71,1,0.05,1.54.1,2-3-5,48060,59,2-3,6140,11,2-3-5,7350,11,2-3,3160,6,,,,,,,
20260801,常滑,12,予選特選 進入固定,晴,南西,4,2,5,6,5212,西 川 拓 利,47,59,6.75,6,0.11,,2-3-5,48060,59,2-3,6140,11,2-3-5,7350,11,2-3,3160,6,,,,,,,
20260801,常滑,12,予選特選 進入固定,晴,南西,4,2,6,4,5308,藤 森 拓 海,37,29,6.77,4,0.06,,2-3-5,48060,59,2-3,6140,11,2-3-5,7350,11,2-3,3160,6,,,,,,,
20260801,徳山,1,朝トク一般,晴,南,2,2,1,1,4133,高 橋 正 男,41,19,6.97,1,0.10,1.52.0,1-2-3,540,1,1-2,260,1,1-2-3,260,1,1-2,220,1,,,,,,,
20260801,徳山,1,朝トク一般,晴,南,2,2,2,2,4697,國 弘 翔 平,71,44,6.94,2,0.13,1.54.0,1-2-3,540,1,1-2,260,1,1-2-3,260,1,1-2,220,1,,,,,,,
20260801,徳山,1,朝トク一般,晴,南,2,2,3,3,3680,森 林 太,52,45,7.02,3,0.15,1.56.0,1-2-3,540,1,1-2,260,1,1-2-3,260,1,1-2,220,1,,,,,,,
20260801,徳山,1,朝トク一般,晴,南,2,2,4,6,4100,松 田 隆 司,39,18,7.02,5,0.09,1.57.0,1-2-3,540,1,1-2,260,1,1-2-3,260,1,1-2,220,1,,,,,,,
20260801,徳山,1,朝トク一般,晴,南,2,2,5,5,5470,坂 口 諒 宗,66,74,6.97,6,0.12,,1-2-3,540,1,1-2,260,1,1-2-3,260,1,1-2,220,1,,,,,,,
20260801,徳山,1,朝トク一般,晴,南,2,2,6,4,5309,森 雄 利,49,58,6.94,4,0.04,,1-2-3,540,1,1-2,260,1,1-2-3,260,1,1-2,220,1,,,,,,,
20260801,徳山,2,狙いトク一般,晴,南,3,3,1,1,5106,山 崎 祥,43,26,6.99,1,0.22,1.51.8,1-6-3,980,2,1-6,420,2,1-3-6,260,1,1-6,250,1,,,,,,,
20260801,徳山,2,狙いトク一般,晴,南,3,3,2,6,4148,枝 尾 賢,28,20,7.06,3,0.13,1.53.5,1-6-3,980,2,1-6,420,2,1-3-6,260,1,1-6,250,1,,,,,,,
20260801,徳山,2,狙いトク一般,晴,南,3,3,3,3,4063,市 橋 卓 士,31,27,7.05,5,0.09,1.54.5,1-6-3,980,2,1-6,420,2,1-3-6,260,1,1-6,250,1,,,,,,,
20260801,徳山,2,狙いトク一般,晴,南,3,3,4,2,4954,内 山 峻 輔,18,72,7.05,4,0.14,1.55.8,1-6-3,980,2,1-6,420,2,1-3-6,260,1,1-6,250,1,,,,,,,
20260801,徳山,2,狙いトク一般,晴,南,3,3,5,4,5011,高 木 圭 大,72,55,6.99,6,0.21,,1-6-3,980,2,1-6,420,2,1-3-6,260,1,1-6,250,1,,,,,,,
20260801,徳山,2,狙いトク一般,晴,南,3,3,6,5,4727,安 部 慎 一,60,62,7.05,2,0.26,,1-6-3,980,2,1-6,420,2,1-3-6,260,1,1-6,250,1,,,,,,,
20260801,徳山,3,決めトク一般,晴,南西,2,2,1,1,4264,長 尾 章 平,16,23,7.07,1,0.23,1.53.5,1-2-6,570,1,1-2,200,1,1-2-6,330,1,1-2,170,1,,,,,,,
20260801,徳山,3,決めトク一般,晴,南西,2,2,2,2,4383,竹 田 吉 行,62,17,7.07,2,0.27,1.54.6,1-2-6,570,1,1-2,200,1,1-2-6,330,1,1-2,170,1,,,,,,,
20260801,徳山,3,決めトク一般,晴,南西,2,2,3,6,4171,榎 幸 司,11,66,7.06,6,0.29,1.55.7,1-2-6,570,1,1-2,200,1,1-2-6,330,1,1-2,170,1,,,,,,,
20260801,徳山,3,決めトク一般,晴,南西,2,2,4,3,5292,佐 藤 右 京,25,35,7.06,3,0.23,1.56.5,1-2-6,570,1,1-2,200,1,1-2-6,330,1,1-2,170,1,,,,,,,
20260801,徳山,3,決めトク一般,晴,南西,2,2,5,5,4511,中 岡 健 人,57,63,7.06,5,0.25,,1-2-6,570,1,1-2,200,1,1-2-6,330,1,1-2,170,1,,,,,,,
20260801,徳山,3,決めトク一般,晴,南西,2,2,6,4,5343,小 林 礼 央,22,16,7.01,4,0.20,,1-2-6,570,1,1-2,200,1,1-2-6,330,1,1-2,170,1,,,,,,,
20260801,徳山,4,ガチトク一般,晴,南西,2,2,1,1,4928,栗 城 匠,59,70,7.02,1,0.16,1.52.0,1-3-2,1090,5,1-3,340,3,1-2-3,330,2,1-3,570,3,,,,,,,
20260801,徳山,4,ガチトク一般,晴,南西,2,2,2,3,4252,松 下 哲 也,58,73,7.06,3,0.07,1.54.3,1-3-2,1090,5,1-3,340,3,1-2-3,330,2,1-3,570,3,,,,,,,
20260801,徳山,4,ガチトク一般,晴,南西,2,2,3,2,4009,小 林 一 樹,40,56,7.02,2,0.11,1.55.3,1-3-2,1090,5,1-3,340,3,1-2-3,330,2,1-3,570,3,,,,,,,
20260801,徳山,4,ガチトク一般,晴,南西,2,2,4,5,3896,上 田 洋 平,23,33,7.04,5,0.07,1.56.0,1-3-2,1090,5,1-3,340,3,1-2-3,330,2,1-3,570,3,,,,,,,
20260801,徳山,4,ガチトク一般,晴,南西,2,2,5,4,4257,古 川 健,21,36,7.00,4,0.04,,1-3-2,1090,5,1-3,340,3,1-2-3,330,2,1-3,570,3,,,,,,,
20260801,徳山,4,ガチトク一般,晴,南西,2,2,6,6,5458,田 中 大 輝,32,14,7.04,6,0.06,,1-3-2,1090,5,1-3,340,3,1-2-3,330,2,1-3,570,3,,,,,,,
20260801,徳山,5,一般,晴,南西,4,4,1,2,4004,山 本 浩 輔,70,65,6.98,2,0.18,1.53.2,2-1-4,10260,25,2-1,1650,5,1-2-4,1260,5,1-2,450,2,,,,,,,
20260801,徳山,5,一般,晴,南西,4,4,2,1,5246,楠 将太郎,56,52,7.04,1,0.15,1.53.8,2-1-4,10260,25,2-1,1650,5,1-2-4,1260,5,1-2,450,2,,,,,,,
20260801,徳山,5,一般,晴,南西,4,4,3,4,4697,國 弘 翔 平,71,44,7.01,4,0.25,1.55.6,2-1-4,10260,25,2-1,1650,5,1-2-4,1260,5,1-2,450,2,,,,,,,
20260801,徳山,5,一般,晴,南西,4,4,4,6,5075,中 島 秀 治,34,67,6.97,6,0.21,1.56.0,2-1-4,10260,25,2-1,1650,5,1-2-4,1260,5,1-2,450,2,,,,,,,
20260801,徳山,5,一般,晴,南西,4,4,5,3,4028,田 村 隆 信,44,21,7.09,3,0.17,,2-1-4,10260,25,2-1,1650,5,1-2-4,1260,5,1-2,450,2,,,,,,,
20260801,徳山,5,一般,晴,南西,4,4,6,5,5309,森 雄 利,49,58,6.99,5,0.23,,2-1-4,10260,25,2-1,1650,5,1-2-4,1260,5,1-2,450,2,,,,,,,
20260801,徳山,6,一般,晴,南西,1,1,1,5,4298,宮 下 元 胤,38,30,6.97,4,0.14,1.52.6,5-4-3,4610,18,5-4,3060,13,3-4-5,390,2,4-5,1080,5,,,,,,,
20260801,徳山,6,一般,晴,南西,1,1,2,4,4292,麻 生 慎 介,48,59,7.03,5,0.13,1.53.6,5-4-3,4610,18,5-4,3060,13,3-4-5,390,2,4-5,1080,5,,,,,,,
20260801,徳山,6,一般,晴,南西,1,1,3,3,4512,高 野 哲 史,29,24,7.08,3,0.15,1.54.9,5-4-3,4610,18,5-4,3060,13,3-4-5,390,2,4-5,1080,5,,,,,,,
20260801,徳山,6,一般,晴,南西,1,1,4,2,3680,森 林 太,52,45,7.07,2,0.21,1.55.5,5-4-3,4610,18,5-4,3060,13,3-4-5,390,2,4-5,1080,5,,,,,,,
20260801,徳山,6,一般,晴,南西,1,1,5,1,4034,西 原 明 生,65,29,7.07,1,0.21,,5-4-3,4610,18,5-4,3060,13,3-4-5,390,2,4-5,1080,5,,,,,,,
20260801,徳山,6,一般,晴,南西,1,1,6,6,5470,坂 口 諒 宗,66,74,7.03,6,0.39,,5-4-3,4610,18,5-4,3060,13,3-4-5,390,2,4-5,1080,5,,,,,,,
20260801,徳山,7,一般,晴,南西,3,3,1,2,4727,安 部 慎 一,60,62,6.99,2,0.13,1.53.2,2-3-5,22620,44,2-3,3200,9,2-3-5,6590,12,2-3,2900,5,,,,,,,
20260801,徳山,7,一般,晴,南西,3,3,2,3,4511,中 岡 健 人,57,63,7.05,3,0.15,1.55.2,2-3-5,22620,44,2-3,3200,9,2-3-5,6590,12,2-3,2900,5,,,,,,,
20260801,徳山,7,一般,晴,南西,3,3,3,5,5292,佐 藤 右 京,25,35,7.03,5,0.11,1.56.0,2-3-5,22620,44,2-3,3200,9,2-3-5,6590,12,2-3,2900,5,,,,,,,
20260801,徳山,7,一般,晴,南西,3,3,4,4,4213,重 富 伸 也,45,54,7.04,4,0.11,1.56.7,2-3-5,22620,44,2-3,3200,9,2-3-5,6590,12,2-3,2900,5,,,,,,,
20260801,徳山,7,一般,晴,南西,3,3,5,1,4527,高 野 心 吾,54,32,6.99,1,0.24,,2-3-5,22620,44,2-3,3200,9,2-3-5,6590,12,2-3,2900,5,,,,,,,
20260801,徳山,7,一般,晴,南西,3,3,6,6,3617,竹 田 広 樹,36,38,6.97,6,0.14,,2-3-5,22620,44,2-3,3200,9,2-3-5,6590,12,2-3,2900,5,,,,,,,
20260801,徳山,8,一般,晴,南西,4,4,1,3,4567,上 村 慎太郎,63,11,6.97,3,0.14,1.53.8,3-1-4,6990,27,3-1,1750,6,1-3-4,820,2,1-3,620,3,,,,,,,
20260801,徳山,8,一般,晴,南西,4,4,2,1,4100,松 田 隆 司,39,18,7.00,1,0.15,1.54.4,3-1-4,6990,27,3-1,1750,6,1-3-4,820,2,1-3,620,3,,,,,,,
20260801,徳山,8,一般,晴,南西,4,4,3,4,4252,松 下 哲 也,58,73,7.05,4,0.12,1.55.8,3-1-4,6990,27,3-1,1750,6,1-3-4,820,2,1-3,620,3,,,,,,,
20260801,徳山,8,一般,晴,南西,4,4,4,5,4383,竹 田 吉 行,62,17,7.03,5,0.09,1.56.5,3-1-4,6990,27,3-1,1750,6,1-3-4,820,2,1-3,620,3,,,,,,,
20260801,徳山,8,一般,晴,南西,4,4,5,2,5343,小 林 礼 央,22,16,6.98,2,0.16,,3-1-4,6990,27,3-1,1750,6,1-3-4,820,2,1-3,620,3,,,,,,,
20260801,徳山,8,一般,晴,南西,4,4,6,6,5106,山 崎 祥,43,26,6.97,6,0.07,,3-1-4,6990,27,3-1,1750,6,1-3-4,820,2,1-3,620,3,,,,,,,
20260801,徳山,9,推しトク特選,晴,南西,3,3,1,1,4028,田 村 隆 信,44,21,7.05,1,0.10,1.52.8,1-3-2,1100,4,1-3,300,1,1-2-3,460,3,1-3,360,2,,,,,,,
20260801,徳山,9,推しトク特選,晴,南西,3,3,2,3,3896,上 田 洋 平,23,33,7.02,3,0.06,1.54.3,1-3-2,1100,4,1-3,300,1,1-2-3,460,3,1-3,360,2,,,,,,,
20260801,徳山,9,推しトク特選,晴,南西,3,3,3,2,5011,高 木 圭 大,72,55,6.98,2,0.07,1.55.6,1-3-2,1100,4,1-3,300,1,1-2-3,460,3,1-3,360,2,,,,,,,
20260801,徳山,9,推しトク特選,晴,南西,3,3,4,6,4009,小 林 一 樹,40,56,7.01,6,0.06,1.56.5,1-3-2,1100,4,1-3,300,1,1-2-3,460,3,1-3,360,2,,,,,,,
20260801,徳山,9,推しトク特選,晴,南西,3,3,5,4,4004,山 本 浩 輔,70,65,6.98,4,0.08,,1-3-2,1100,4,1-3,300,1,1-2-3,460,3,1-3,360,2,,,,,,,
20260801,徳山,9,推しトク特選,晴,南西,3,3,6,5,5396,近 藤 来 希,67,68,7.04,5,0.11,,1-3-2,1100,4,1-3,300,1,1-2-3,460,3,1-3,360,2,,,,,,,
20260801,徳山,10,のんた選抜,晴,南西,4,4,1,3,4292,麻 生 慎 介,48,59,7.01,3,0.03,1.52.3,3-1-2,4060,14,3-1,920,3,1-2-3,250,1,1-3,250,2,,,,,,,
20260801,徳山,10,のんた選抜,晴,南西,4,4,2,1,5075,中 島 秀 治,34,67,6.98,1,0.05,1.53.3,3-1-2,4060,14,3-1,920,3,1-2-3,250,1,1-3,250,2,,,,,,,
20260801,徳山,10,のんた選抜,晴,南西,4,4,3,2,4298,宮 下 元 胤,38,30,6.93,2,0.06,1.55.2,3-1-2,4060,14,3-1,920,3,1-2-3,250,1,1-3,250,2,,,,,,,
20260801,徳山,10,のんた選抜,晴,南西,4,4,4,4,5246,楠 将太郎,56,52,7.06,4,0.04,1.55.4,3-1-2,4060,14,3-1,920,3,1-2-3,250,1,1-3,250,2,,,,,,,
20260801,徳山,10,のんた選抜,晴,南西,4,4,5,5,4063,市 橋 卓 士,31,27,7.04,5,0.03,,3-1-2,4060,14,3-1,920,3,1-2-3,250,1,1-3,250,2,,,,,,,
20260801,徳山,10,のんた選抜,晴,南西,4,4,6,6,4527,高 野 心 吾,54,32,7.02,6,0.13,,3-1-2,4060,14,3-1,920,3,1-2-3,250,1,1-3,250,2,,,,,,,
20260801,徳山,11,それっちゃ選,晴,南西,4,4,1,2,4148,枝 尾 賢,28,20,7.02,2,0.13,1.59.1,2-1-4,4470,16,2-1,1370,6,1-2-4,420,1,1-2,270,1,,,,,,,
20260801,徳山,11,それっちゃ選,晴,南西,4,4,2,1,4171,榎 幸 司,11,66,7.05,1,0.17,2.04.5,2-1-4,4470,16,2-1,1370,6,1-2-4,420,1,1-2,270,1,,,,,,,
20260801,徳山,11,それっちゃ選,晴,南西,4,4,3,4,4512,高 野 哲 史,29,24,7.04,4,0.10,2.06.6,2-1-4,4470,16,2-1,1370,6,1-2-4,420,1,1-2,270,1,,,,,,,
20260801,徳山,11,それっちゃ選,晴,南西,4,4,4,3,4133,高 橋 正 男,41,19,7.06,3,0.09,2.08.3,2-1-4,4470,16,2-1,1370,6,1-2-4,420,1,1-2,270,1,,,,,,,
20260801,徳山,11,それっちゃ選,晴,南西,4,4,5,6,4264,長 尾 章 平,16,23,7.14,6,0.22,,2-1-4,4470,16,2-1,1370,6,1-2-4,420,1,1-2,270,1,,,,,,,
20260801,徳山,12,優勝戦,晴,南西,4,4,1,1,5068,前 田 滉,61,22,6.87,1,0.09,1.51.6,1-2-5,730,2,1-2,240,1,1-2-5,440,2,1-2,210,1,,,,,,,
20260801,徳山,12,優勝戦,晴,南西,4,4,2,2,5029,中 亮 太,75,25,6.98,2,0.09,1.52.9,1-2-5,730,2,1-2,240,1,1-2-5,440,2,1-2,210,1,,,,,,,
20260801,徳山,12,優勝戦,晴,南西,4,4,3,5,4256,渡 辺 浩 司,51,15,6.92,5,0.23,1.54.8,1-2-5,730,2,1-2,240,1,1-2-5,440,2,1-2,210,1,,,,,,,
20260801,徳山,12,優勝戦,晴,南西,4,4,4,3,5220,青 木 蓮,42,75,7.00,3,0.13,1.55.3,1-2-5,730,2,1-2,240,1,1-2-5,440,2,1-2,210,1,,,,,,,
20260801,徳山,12,優勝戦,晴,南西,4,4,5,4,4209,藤 田 竜 弘,12,69,6.97,4,0.21,,1-2-5,730,2,1-2,240,1,1-2-5,440,2,1-2,210,1,,,,,,,
20260801,徳山,12,優勝戦,晴,南西,4,4,6,6,4146,柳 橋 宏 紀,24,40,6.99,6,0.23,,1-2-5,730,2,1-2,240,1,1-2-5,440,2,1-2,210,1,,,,,,,
20260801,桐生,1,予選,曇り,北西,5,4,1,1,5108,柴 田 愛 梨,27,46,6.82,1,0.19,1.51.2,1-6-5,8870,38,1-6,2190,11,1-5-6,1750,14,1-6,1190,9,,,,,,,
20260801,桐生,1,予選,曇り,北西,5,4,2,6,4965,福 岡 泉 水,35,37,6.76,6,0.02,1.52.4,1-6-5,8870,38,1-6,2190,11,1-5-6,1750,14,1-6,1190,9,,,,,,,
20260801,桐生,1,予選,曇り,北西,5,4,3,5,5291,三 嶌 こころ,72,67,6.89,5,0.07,1.54.5,1-6-5,8870,38,1-6,2190,11,1-5-6,1750,14,1-6,1190,9,,,,,,,
20260801,桐生,1,予選,曇り,北西,5,4,4,3,4408,仁 科 さやか,36,40,6.80,3,0.10,1.56.0,1-6-5,8870,38,1-6,2190,11,1-5-6,1750,14,1-6,1190,9,,,,,,,
20260801,桐生,1,予選,曇り,北西,5,4,5,2,4275,菅 野 はやか,44,70,6.89,2,0.18,1.57.5,1-6-5,8870,38,1-6,2190,11,1-5-6,1750,14,1-6,1190,9,,,,,,,
20260801,桐生,1,予選,曇り,北西,5,4,6,4,5416,龍 田 真 白,57,50,6.71,4,0.06,1.58.6,1-6-5,8870,38,1-6,2190,11,1-5-6,1750,14,1-6,1190,9,,,,,,,
20260801,桐生,2,予選,曇り,北西,4,3,1,4,4927,関 野 文,50,36,6.79,4,0.16,1.51.1,4-1-3,3460,12,4-1,820,3,1-3-4,420,2,1-4,380,1,,,,,,,
20260801,桐生,2,予選,曇り,北西,4,3,2,1,3302,谷 川 里 江,28,18,6.80,1,0.20,1.53.8,4-1-3,3460,12,4-1,820,3,1-3-4,420,2,1-4,380,1,,,,,,,
20260801,桐生,2,予選,曇り,北西,4,3,3,3,3474,松 瀬 弘 美,17,71,6.73,3,0.23,1.54.7,4-1-3,3460,12,4-1,820,3,1-3-4,420,2,1-4,380,1,,,,,,,
20260801,桐生,2,予選,曇り,北西,4,3,4,6,3604,武 藤 綾 子,69,41,6.94,6,0.18,1.55.9,4-1-3,3460,12,4-1,820,3,1-3-4,420,2,1-4,380,1,,,,,,,
20260801,桐生,2,予選,曇り,北西,4,3,5,5,4733,赤 井 睦,37,53,6.79,5,0.16,1.57.2,4-1-3,3460,12,4-1,820,3,1-3-4,420,2,1-4,380,1,,,,,,,
20260801,桐生,2,予選,曇り,北西,4,3,6,2,5184,飯 塚 響,21,16,6.87,2,0.25,1.58.4,4-1-3,3460,12,4-1,820,3,1-3-4,420,2,1-4,380,1,,,,,,,
20260801,桐生,3,予選,曇り,北西,4,3,1,1,3470,新 田 芳 美,29,55,6.89,1,0.08,1.52.9,1-2-4,3500,12,1-2,560,3,1-2-4,1720,7,1-2,230,1,,,,,,,
20260801,桐生,3,予選,曇り,北西,4,3,2,2,3845,中 谷 朋 子,30,26,6.70,2,0.19,1.54.2,1-2-4,3500,12,1-2,560,3,1-2-4,1720,7,1-2,230,1,,,,,,,
20260801,桐生,3,予選,曇り,北西,4,3,3,4,3355,橋谷田 佳 織,43,14,6.81,4,0.23,1.55.9,1-2-4,3500,12,1-2,560,3,1-2-4,1720,7,1-2,230,1,,,,,,,
20260801,桐生,3,予選,曇り,北西,4,3,4,5,5390,高 橋 涼 夏,68,60,6.84,5,0.11,1.55.9,1-2-4,3500,12,1-2,560,3,1-2-4,1720,7,1-2,230,1,,,,,,,
20260801,桐生,3,予選,曇り,北西,4,3,5,3,5117,冨名腰 桃 奈,62,22,6.83,3,0.20,1.57.0,1-2-4,3500,12,1-2,560,3,1-2-4,1720,7,1-2,230,1,,,,,,,
20260801,桐生,3,予選,曇り,北西,4,3,6,6,5204,宇 恵 有 香,32,19,6.69,6,0.13,1.58.4,1-2-4,3500,12,1-2,560,3,1-2-4,1720,7,1-2,230,1,,,,,,,
20260801,桐生,4,予選,曇り,北西,4,3,1,4,5069,山 崎 小葉音,56,42,6.78,4,0.10,1.51.7,4-5-3,8460,40,4-5,1170,6,3-4-5,2740,14,4-5,700,3,,,,,,,
20260801,桐生,4,予選,曇り,北西,4,3,2,5,4045,佐々木 裕 美,47,59,6.80,5,0.05,1.53.2,4-5-3,8460,40,4-5,1170,6,3-4-5,2740,14,4-5,700,3,,,,,,,
20260801,桐生,4,予選,曇り,北西,4,3,3,3,4300,加 藤 綾,26,75,6.87,3,0.14,1.53.8,4-5-3,8460,40,4-5,1170,6,3-4-5,2740,14,4-5,700,3,,,,,,,
20260801,桐生,4,予選,曇り,北西,4,3,4,6,4901,出 口 舞有子,24,47,6.82,6,0.02,1.55.0,4-5-3,8460,40,4-5,1170,6,3-4-5,2740,14,4-5,700,3,,,,,,,
20260801,桐生,4,予選,曇り,北西,4,3,5,2,5129,山 口 真喜子,51,66,6.83,2,0.11,1.55.5,4-5-3,8460,40,4-5,1170,6,3-4-5,2740,14,4-5,700,3,,,,,,,
20260801,桐生,4,予選,曇り,北西,4,3,6,1,3528,笠 野 友紀恵,67,63,6.86,1,0.16,1.57.7,4-5-3,8460,40,4-5,1170,6,3-4-5,2740,14,4-5,700,3,,,,,,,
20260801,桐生,5,予選,曇り,北西,4,3,1,1,5180,藤 本 紗弥香,25,48,6.79,1,0.19,1.51.9,1-2-5,6550,28,1-2,1720,7,1-2-5,2220,13,1-2,1050,6,,,,,,,
20260801,桐生,5,予選,曇り,北西,4,3,2,2,4965,福 岡 泉 水,35,37,6.96,2,0.14,1.53.2,1-2-5,6550,28,1-2,1720,7,1-2-5,2220,13,1-2,1050,6,,,,,,,
20260801,桐生,5,予選,曇り,北西,4,3,3,5,5003,来 田 衣 織,59,58,6.81,5,0.27,1.55.0,1-2-5,6550,28,1-2,1720,7,1-2-5,2220,13,1-2,1050,6,,,,,,,
20260801,桐生,5,予選,曇り,北西,4,3,4,6,5163,清 水 愛 海,38,68,6.91,6,0.24,1.57.9,1-2-5,6550,28,1-2,1720,7,1-2-5,2220,13,1-2,1050,6,,,,,,,
20260801,桐生,5,予選,曇り,北西,4,3,5,3,4990,田 中 博 子,74,62,6.92,3,0.19,1.58.6,1-2-5,6550,28,1-2,1720,7,1-2-5,2220,13,1-2,1050,6,,,,,,,
20260801,桐生,5,予選,曇り,北西,4,3,6,4,5182,宮 崎 安 奈,13,34,6.83,4,0.21,2.01.0,1-2-5,6550,28,1-2,1720,7,1-2-5,2220,13,1-2,1050,6,,,,,,,
20260801,桐生,6,ドラドキ目玉,曇り,北西,4,3,1,1,4936,戸 敷 晃 美,11,30,6.79,1,0.26,1.49.5,1-4-2,1550,2,1-4,550,2,1-2-4,460,1,1-4,420,1,,,,,,,
20260801,桐生,6,ドラドキ目玉,曇り,北西,4,3,2,4,3175,渡 辺 千 草,63,54,6.83,3,0.24,1.53.0,1-4-2,1550,2,1-4,550,2,1-2-4,460,1,1-4,420,1,,,,,,,
20260801,桐生,6,ドラドキ目玉,曇り,北西,4,3,3,2,5123,福 山 恵里奈,20,64,6.92,2,0.25,1.54.4,1-4-2,1550,2,1-4,550,2,1-2-4,460,1,1-4,420,1,,,,,,,
20260801,桐生,6,ドラドキ目玉,曇り,北西,4,3,4,3,5184,飯 塚 響,21,16,6.85,4,0.20,1.55.6,1-4-2,1550,2,1-4,550,2,1-2-4,460,1,1-4,420,1,,,,,,,
20260801,桐生,6,ドラドキ目玉,曇り,北西,4,3,5,6,4784,向井田 真 紀,41,25,6.76,6,0.16,1.56.5,1-4-2,1550,2,1-4,550,2,1-2-4,460,1,1-4,420,1,,,,,,,
20260801,桐生,6,ドラドキ目玉,曇り,北西,4,3,6,5,5416,龍 田 真 白,57,50,6.80,5,0.14,1.58.8,1-4-2,1550,2,1-4,550,2,1-2-4,460,1,1-4,420,1,,,,,,,
20260801,桐生,7,ドラドキ３,曇り,北西,4,3,1,3,4885,大 山 千 広,71,12,6.89,3,0.08,1.51.2,3-2-1,2440,8,3-2,1570,7,1-2-3,220,1,2-3,970,3,,,,,,,
20260801,桐生,7,ドラドキ３,曇り,北西,4,3,2,2,4947,間 庭 菜 摘,22,39,6.67,2,0.26,1.53.6,3-2-1,2440,8,3-2,1570,7,1-2-3,220,1,2-3,970,3,,,,,,,
20260801,桐生,7,ドラドキ３,曇り,北西,4,3,3,1,4927,関 野 文,50,36,6.90,1,0.17,1.53.7,3-2-1,2440,8,3-2,1570,7,1-2-3,220,1,2-3,970,3,,,,,,,
20260801,桐生,7,ドラドキ３,曇り,北西,4,3,4,5,4408,仁 科 さやか,36,40,6.80,5,0.17,1.55.8,3-2-1,2440,8,3-2,1570,7,1-2-3,220,1,2-3,970,3,,,,,,,
20260801,桐生,7,ドラドキ３,曇り,北西,4,3,5,4,4987,島 倉 都,64,69,6.84,4,0.13,1.57.3,3-2-1,2440,8,3-2,1570,7,1-2-3,220,1,2-3,970,3,,,,,,,
20260801,桐生,7,ドラドキ３,曇り,北西,4,3,6,6,3355,橋谷田 佳 織,43,14,6.82,6,0.18,2.00.9,3-2-1,2440,8,3-2,1570,7,1-2-3,220,1,2-3,970,3,,,,,,,
20260801,桐生,8,ドラドキ５,曇り,北西,5,4,1,1,5129,山 口 真喜子,51,66,6.87,1,0.12,1.51.4,1-2-6,2080,5,1-2,450,2,1-2-6,1130,5,1-2,350,2,,,,,,,
20260801,桐生,8,ドラドキ５,曇り,北西,5,4,2,2,3604,武 藤 綾 子,69,41,6.96,2,0.20,1.53.9,1-2-6,2080,5,1-2,450,2,1-2-6,1130,5,1-2,350,2,,,,,,,
20260801,桐生,8,ドラドキ５,曇り,北西,5,4,3,6,5340,樋江井 舞,12,43,6.82,6,0.26,1.55.4,1-2-6,2080,5,1-2,450,2,1-2-6,1130,5,1-2,350,2,,,,,,,
20260801,桐生,8,ドラドキ５,曇り,北西,5,4,4,3,4275,菅 野 はやか,44,70,6.92,3,0.19,1.55.7,1-2-6,2080,5,1-2,450,2,1-2-6,1130,5,1-2,350,2,,,,,,,
20260801,桐生,8,ドラドキ５,曇り,北西,5,4,5,4,5390,高 橋 涼 夏,68,60,6.90,4,0.21,1.56.6,1-2-6,2080,5,1-2,450,2,1-2-6,1130,5,1-2,350,2,,,,,,,
20260801,桐生,8,ドラドキ５,曇り,北西,5,4,6,5,4773,中 川 り な,40,33,6.85,5,0.24,1.57.3,1-2-6,2080,5,1-2,450,2,1-2-6,1130,5,1-2,350,2,,,,,,,
20260801,桐生,9,予選,曇り,北西,3,2,1,4,3302,谷 川 里 江,28,18,6.77,4,0.12,1.51.4,4-5-1,4620,23,4-5,1620,8,1-4-5,1510,6,4-5,1460,7,,,,,,,
20260801,桐生,9,予選,曇り,北西,3,2,2,5,3509,池 千 夏,49,65,6.88,5,0.09,1.53.1,4-5-1,4620,23,4-5,1620,8,1-4-5,1510,6,4-5,1460,7,,,,,,,
20260801,桐生,9,予選,曇り,北西,3,2,3,1,4589,塩 崎 桐 加,75,49,6.76,1,0.18,1.54.5,4-5-1,4620,23,4-5,1620,8,1-4-5,1510,6,4-5,1460,7,,,,,,,
20260801,桐生,9,予選,曇り,北西,3,2,4,3,5291,三 嶌 こころ,72,67,6.86,3,0.19,1.55.5,4-5-1,4620,23,4-5,1620,8,1-4-5,1510,6,4-5,1460,7,,,,,,,
20260801,桐生,9,予選,曇り,北西,3,2,5,6,4240,今 井 裕 梨,33,28,6.88,6,0.09,1.56.4,4-5-1,4620,23,4-5,1620,8,1-4-5,1510,6,4-5,1460,7,,,,,,,
20260801,桐生,9,予選,曇り,北西,3,2,6,2,4300,加 藤 綾,26,75,6.80,2,0.19,1.58.2,4-5-1,4620,23,4-5,1620,8,1-4-5,1510,6,4-5,1460,7,,,,,,,
20260801,桐生,10,予選特賞,曇り,北西,2,1,1,2,5204,宇 恵 有 香,32,19,6.77,2,0.20,1.51.1,2-3-1,7440,24,2-3,4020,12,1-2-3,320,1,2-3,990,4,,,,,,,
20260801,桐生,10,予選特賞,曇り,北西,2,1,2,3,4936,戸 敷 晃 美,11,30,6.73,3,0.22,1.52.4,2-3-1,7440,24,2-3,4020,12,1-2-3,320,1,2-3,990,4,,,,,,,
20260801,桐生,10,予選特賞,曇り,北西,2,1,3,1,4045,佐々木 裕 美,47,59,6.72,1,0.22,1.52.6,2-3-1,7440,24,2-3,4020,12,1-2-3,320,1,2-3,990,4,,,,,,,
20260801,桐生,10,予選特賞,曇り,北西,2,1,4,4,4071,古 賀 千 晶,52,56,6.76,4,0.13,1.55.0,2-3-1,7440,24,2-3,4020,12,1-2-3,320,1,2-3,990,4,,,,,,,
20260801,桐生,10,予選特賞,曇り,北西,2,1,5,6,3518,倉 田 郁 美,42,11,6.87,6,0.16,1.57.2,2-3-1,7440,24,2-3,4020,12,1-2-3,320,1,2-3,990,4,,,,,,,
20260801,桐生,10,予選特賞,曇り,北西,2,1,6,5,4990,田 中 博 子,74,62,6.78,5,0.12,1.57.9,2-3-1,7440,24,2-3,4020,12,1-2-3,320,1,2-3,990,4,,,,,,,
20260801,桐生,11,予選特選,曇り,東,2,1,1,1,4733,赤 井 睦,37,53,6.73,1,0.21,1.51.1,1-2-3,660,1,1-2,300,1,1-2-3,220,1,1-2,220,1,,,,,,,
20260801,桐生,11,予選特選,曇り,東,2,1,2,2,5163,清 水 愛 海,38,68,6.71,2,0.24,1.53.4,1-2-3,660,1,1-2,300,1,1-2-3,220,1,1-2,220,1,,,,,,,
20260801,桐生,11,予選特選,曇り,東,2,1,3,3,3334,角 ひとみ,14,21,6.70,3,0.22,1.54.8,1-2-3,660,1,1-2,300,1,1-2-3,220,1,1-2,220,1,,,,,,,
20260801,桐生,11,予選特選,曇り,東,2,1,4,4,4947,間 庭 菜 摘,22,39,6.73,4,0.28,1.55.7,1-2-3,660,1,1-2,300,1,1-2-3,220,1,1-2,220,1,,,,,,,
20260801,桐生,11,予選特選,曇り,東,2,1,5,5,4901,出 口 舞有子,24,47,6.74,5,0.22,1.56.1,1-2-3,660,1,1-2,300,1,1-2-3,220,1,1-2,220,1,,,,,,,
20260801,桐生,11,予選特選,曇り,東,2,1,6,6,3778,安 達 美 帆,70,13,6.80,6,0.31,1.58.7,1-2-3,660,1,1-2,300,1,1-2-3,220,1,1-2,220,1,,,,,,,
20260801,桐生,12,ＤＫドリーム,曇り,東,1,1,1,1,4885,大 山 千 広,71,12,6.60,1,0.17,1.50.6,1-2-3,1240,5,1-2,390,3,1-2-3,470,2,1-2,330,2,,,,,,,
20260801,桐生,12,ＤＫドリーム,曇り,東,1,1,2,2,4773,中 川 り な,40,33,6.79,2,0.30,1.52.1,1-2-3,1240,5,1-2,390,3,1-2-3,470,2,1-2,330,2,,,,,,,
20260801,桐生,12,ＤＫドリーム,曇り,東,1,1,3,3,4014,片 岡 恵 里,53,35,6.77,3,0.27,1.54.5,1-2-3,1240,5,1-2,390,3,1-2-3,470,2,1-2,330,2,,,,,,,
20260801,桐生,12,ＤＫドリーム,曇り,東,1,1,4,4,3845,中 谷 朋 子,30,26,6.60,4,0.31,1.56.0,1-2-3,1240,5,1-2,390,3,1-2-3,470,2,1-2,330,2,,,,,,,
20260801,桐生,12,ＤＫドリーム,曇り,東,1,1,5,5,5069,山 崎 小葉音,56,42,6.61,5,0.27,1.57.4,1-2-3,1240,5,1-2,390,3,1-2-3,470,2,1-2,330,2,,,,,,,
20260801,桐生,12,ＤＫドリーム,曇り,東,1,1,6,6,5182,宮 崎 安 奈,13,34,6.70,6,0.28,1.58.6,1-2-3,1240,5,1-2,390,3,1-2-3,470,2,1-2,330,2,,,,,,,
20260801,浜名湖,1,予選,晴,西,3,2,1,2,4086,寺 本 重 宣,40,72,6.85,2,0.10,1.51.6,2-1-5,12870,34,2-1,1170,6,1-2-5,3330,9,1-2,480,3,,,,,,,
20260801,浜名湖,1,予選,晴,西,3,2,2,1,3630,黒 田 誠 司,3,32,6.91,1,0.11,1.53.0,2-1-5,12870,34,2-1,1170,6,1-2-5,3330,9,1-2,480,3,,,,,,,
20260801,浜名湖,1,予選,晴,西,3,2,3,5,3953,志 道 吉 和,38,71,6.82,5,0.17,1.54.6,2-1-5,12870,34,2-1,1170,6,1-2-5,3330,9,1-2,480,3,,,,,,,
20260801,浜名湖,1,予選,晴,西,3,2,4,3,3983,須 藤 博 倫,22,73,6.74,3,0.09,1.55.5,2-1-5,12870,34,2-1,1170,6,1-2-5,3330,9,1-2,480,3,,,,,,,
20260801,浜名湖,1,予選,晴,西,3,2,5,6,3564,桑 原 啓,51,27,6.83,6,0.07,,2-1-5,12870,34,2-1,1170,6,1-2-5,3330,9,1-2,480,3,,,,,,,
20260801,浜名湖,1,予選,晴,西,3,2,6,4,3459,中 野 和 裕,46,66,6.86,4,0.09,,2-1-5,12870,34,2-1,1170,6,1-2-5,3330,9,1-2,480,3,,,,,,,
20260801,浜名湖,2,予選,晴,西,3,2,1,1,4007,榮 田 将 彦,17,46,6.77,1,0.13,1.51.1,1-2-6,1070,2,1-2,340,1,1-2-6,620,2,1-2,320,1,,,,,,,
20260801,浜名湖,2,予選,晴,西,3,2,2,2,3713,伊 藤 誠 二,63,30,6.77,2,0.17,1.52.3,1-2-6,1070,2,1-2,340,1,1-2-6,620,2,1-2,320,1,,,,,,,
20260801,浜名湖,2,予選,晴,西,3,2,3,6,4064,原 田 篤 志,61,59,6.72,6,0.20,1.53.0,1-2-6,1070,2,1-2,340,1,1-2-6,620,2,1-2,320,1,,,,,,,
20260801,浜名湖,2,予選,晴,西,3,2,4,4,3988,古 川 誠 之,34,33,6.79,4,0.16,1.54.3,1-2-6,1070,2,1-2,340,1,1-2-6,620,2,1-2,320,1,,,,,,,
20260801,浜名湖,2,予選,晴,西,3,2,5,3,3990,芹 澤 克 彦,28,70,6.81,3,0.12,,1-2-6,1070,2,1-2,340,1,1-2-6,620,2,1-2,320,1,,,,,,,
20260801,浜名湖,2,予選,晴,西,3,2,6,5,3054,北 川 幸 典,20,19,6.76,5,0.22,,1-2-6,1070,2,1-2,340,1,1-2-6,620,2,1-2,320,1,,,,,,,
20260801,浜名湖,3,予選,晴,西,3,2,1,2,3445,加 藤 高 史,37,44,6.74,2,0.09,1.50.8,2-6-4,12680,53,2-6,4560,20,2-4-6,1330,6,2-6,2460,12,,,,,,,
20260801,浜名湖,3,予選,晴,西,3,2,2,6,4061,萩 原 秀 人,52,34,6.77,6,0.14,1.52.5,2-6-4,12680,53,2-6,4560,20,2-4-6,1330,6,2-6,2460,12,,,,,,,
20260801,浜名湖,3,予選,晴,西,3,2,3,4,4040,廣 瀬 将 亨,62,50,6.79,5,0.13,1.53.8,2-6-4,12680,53,2-6,4560,20,2-4-6,1330,6,2-6,2460,12,,,,,,,
20260801,浜名湖,3,予選,晴,西,3,2,4,1,3690,河 合 三 弘,10,53,6.81,1,0.07,1.55.2,2-6-4,12680,53,2-6,4560,20,2-4-6,1330,6,2-6,2460,12,,,,,,,
20260801,浜名湖,3,予選,晴,西,3,2,5,5,3563,堤 昇,9,23,6.87,3,0.13,,2-6-4,12680,53,2-6,4560,20,2-4-6,1330,6,2-6,2460,12,,,,,,,
20260801,浜名湖,3,予選,晴,西,3,2,6,3,3541,三 嶌 誠 司,48,57,6.84,4,0.19,,2-6-4,12680,53,2-6,4560,20,2-4-6,1330,6,2-6,2460,12,,,,,,,
20260801,浜名湖,4,ランチタイム,晴,西,3,2,1,1,3984,坂 口 周,23,48,6.73,1,0.10,1.51.5,1-4-6,1780,8,1-4,390,3,1-4-6,1160,7,1-4,390,3,,,,,,,
20260801,浜名湖,4,ランチタイム,晴,西,3,2,2,4,3718,伊 達 正 利,24,41,6.87,4,0.12,1.53.4,1-4-6,1780,8,1-4,390,3,1-4-6,1160,7,1-4,390,3,,,,,,,
20260801,浜名湖,4,ランチタイム,晴,西,3,2,3,6,3352,小 川 晃 司,29,68,6.87,6,0.12,1.54.0,1-4-6,1780,8,1-4,390,3,1-4-6,1160,7,1-4,390,3,,,,,,,
20260801,浜名湖,4,ランチタイム,晴,西,3,2,4,2,3934,鋤 柄 貴 俊,4,13,6.83,2,0.18,1.54.4,1-4-6,1780,8,1-4,390,3,1-4-6,1160,7,1-4,390,3,,,,,,,
20260801,浜名湖,4,ランチタイム,晴,西,3,2,5,3,3870,寺 嶋 雄,54,31,6.76,3,0.08,,1-4-6,1780,8,1-4,390,3,1-4-6,1160,7,1-4,390,3,,,,,,,
20260801,浜名湖,4,ランチタイム,晴,西,3,2,6,5,3928,林 恵 祐,11,24,6.83,5,0.09,,1-4-6,1780,8,1-4,390,3,1-4-6,1160,7,1-4,390,3,,,,,,,
20260801,浜名湖,5,予選,晴,西,3,2,1,1,3998,冨 成 謙 児,5,35,6.77,1,0.23,1.51.9,1-5-3,12330,51,1-5,3280,15,1-3-5,2840,13,1-5,1940,9,,,,,,,
20260801,浜名湖,5,予選,晴,西,3,2,2,5,3742,宮 地 秀 祈,19,29,6.81,4,0.27,1.52.7,1-5-3,12330,51,1-5,3280,15,1-3-5,2840,13,1-5,1940,9,,,,,,,
20260801,浜名湖,5,予選,晴,西,3,2,3,3,3319,山 崎 義 明,8,60,6.78,3,0.19,1.54.2,1-5-3,12330,51,1-5,3280,15,1-3-5,2840,13,1-5,1940,9,,,,,,,
20260801,浜名湖,5,予選,晴,西,3,2,4,2,4152,深 水 慎一郎,53,17,6.74,2,0.22,1.54.8,1-5-3,12330,51,1-5,3280,15,1-3-5,2840,13,1-5,1940,9,,,,,,,
20260801,浜名湖,5,予選,晴,西,3,2,5,4,4006,小 野 勇 作,1,37,6.78,6,0.28,,1-5-3,12330,51,1-5,3280,15,1-3-5,2840,13,1-5,1940,9,,,,,,,
20260801,浜名湖,5,予選,晴,西,3,2,6,6,3744,徳 増 秀 樹,7,67,6.84,5,0.28,,1-5-3,12330,51,1-5,3280,15,1-3-5,2840,13,1-5,1940,9,,,,,,,
20260801,浜名湖,6,予選,晴,西,2,1,1,2,3956,横 澤 剛 治,32,25,6.81,2,0.16,1.51.2,2-3-1,2460,9,2-3,670,3,1-2-3,380,2,2-3,460,3,,,,,,,
20260801,浜名湖,6,予選,晴,西,2,1,2,3,3940,飯 山 泰,45,45,6.79,3,0.11,1.52.3,2-3-1,2460,9,2-3,670,3,1-2-3,380,2,2-3,460,3,,,,,,,
20260801,浜名湖,6,予選,晴,西,2,1,3,1,4010,越 智 照 浩,26,76,6.76,1,0.16,1.53.2,2-3-1,2460,9,2-3,670,3,1-2-3,380,2,2-3,460,3,,,,,,,
20260801,浜名湖,6,予選,晴,西,2,1,4,5,3612,馬 袋 義 則,66,12,6.83,5,0.12,1.54.8,2-3-1,2460,9,2-3,670,3,1-2-3,380,2,2-3,460,3,,,,,,,
20260801,浜名湖,6,予選,晴,西,2,1,5,6,3315,広 瀬 聖 仁,47,22,6.85,6,0.13,,2-3-1,2460,9,2-3,670,3,1-2-3,380,2,2-3,460,3,,,,,,,
20260801,浜名湖,6,予選,晴,西,2,1,6,4,3953,志 道 吉 和,38,71,6.76,4,0.18,,2-3-1,2460,9,2-3,670,3,1-2-3,380,2,2-3,460,3,,,,,,,
20260801,浜名湖,7,予選,晴,西,2,1,1,4,3997,北 村 征 嗣,2,47,6.77,4,0.17,1.50.5,4-3-5,2170,4,4-3,920,3,3-4-5,390,2,3-4,350,1,,,,,,,
20260801,浜名湖,7,予選,晴,西,2,1,2,3,3909,佐々木 康 幸,6,21,6.80,3,0.15,1.52.4,4-3-5,2170,4,4-3,920,3,3-4-5,390,2,3-4,350,1,,,,,,,
20260801,浜名湖,7,予選,晴,西,2,1,3,5,3562,山 下 和 彦,13,63,6.79,5,0.18,1.53.5,4-3-5,2170,4,4-3,920,3,3-4-5,390,2,3-4,350,1,,,,,,,
20260801,浜名湖,7,予選,晴,西,2,1,4,6,3990,芹 澤 克 彦,28,70,6.84,6,0.31,1.54.9,4-3-5,2170,4,4-3,920,3,3-4-5,390,2,3-4,350,1,,,,,,,
20260801,浜名湖,7,予選,晴,西,2,1,5,2,3710,吉 永 泰 弘,59,69,6.79,2,0.24,,4-3-5,2170,4,4-3,920,3,3-4-5,390,2,3-4,350,1,,,,,,,
20260801,浜名湖,7,予選,晴,西,2,1,6,1,3459,中 野 和 裕,46,66,6.76,1,0.35,,4-3-5,2170,4,4-3,920,3,3-4-5,390,2,3-4,350,1,,,,,,,
20260801,浜名湖,8,ブレイクタイ,晴,南西,3,2,1,4,3854,吉 川 元 浩,44,15,6.79,3,0.10,1.51.0,4-3-1,4100,14,4-3,1930,5,1-3-4,210,1,3-4,1290,5,,,,,,,
20260801,浜名湖,8,ブレイクタイ,晴,南西,3,2,2,3,3445,加 藤 高 史,37,44,6.74,4,0.27,1.52.1,4-3-1,4100,14,4-3,1930,5,1-3-4,210,1,3-4,1290,5,,,,,,,
20260801,浜名湖,8,ブレイクタイ,晴,南西,3,2,3,1,3713,伊 藤 誠 二,63,30,6.76,1,0.16,1.54.5,4-3-1,4100,14,4-3,1930,5,1-3-4,210,1,3-4,1290,5,,,,,,,
20260801,浜名湖,8,ブレイクタイ,晴,南西,3,2,4,6,3882,新 田 智 彰,57,65,6.81,6,0.17,1.55.8,4-3-1,4100,14,4-3,1930,5,1-3-4,210,1,3-4,1290,5,,,,,,,
20260801,浜名湖,8,ブレイクタイ,晴,南西,3,2,5,5,3630,黒 田 誠 司,3,32,6.86,5,0.06,,4-3-1,4100,14,4-3,1930,5,1-3-4,210,1,3-4,1290,5,,,,,,,
20260801,浜名湖,8,ブレイクタイ,晴,南西,3,2,6,2,3712,淺 香 文 武,18,62,6.87,2,0.12,,4-3-1,4100,14,4-3,1930,5,1-3-4,210,1,3-4,1290,5,,,,,,,
20260801,浜名湖,9,予選,晴,南西,2,1,1,3,4061,萩 原 秀 人,52,34,6.74,3,0.09,1.49.9,3-1-6,980,3,3-1,360,2,1-3-6,380,2,1-3,180,1,,,,,,,
20260801,浜名湖,9,予選,晴,南西,2,1,2,1,3988,古 川 誠 之,34,33,6.78,1,0.07,1.51.7,3-1-6,980,3,3-1,360,2,1-3-6,380,2,1-3,180,1,,,,,,,
20260801,浜名湖,9,予選,晴,南西,2,1,3,6,3983,須 藤 博 倫,22,73,6.69,6,0.25,1.53.4,3-1-6,980,3,3-1,360,2,1-3-6,380,2,1-3,180,1,,,,,,,
20260801,浜名湖,9,予選,晴,南西,2,1,4,5,3870,寺 嶋 雄,54,31,6.75,5,0.17,1.54.2,3-1-6,980,3,3-1,360,2,1-3-6,380,2,1-3,180,1,,,,,,,
20260801,浜名湖,9,予選,晴,南西,2,1,5,2,3730,塩 崎 優 司,49,51,6.81,2,0.09,,3-1-6,980,3,3-1,360,2,1-3-6,380,2,1-3,180,1,,,,,,,
20260801,浜名湖,9,予選,晴,南西,2,1,6,4,3931,黒 崎 竜 也,14,58,6.73,4,0.23,,3-1-6,980,3,3-1,360,2,1-3-6,380,2,1-3,180,1,,,,,,,
20260801,浜名湖,10,予選特賞,晴,南西,3,2,1,1,4040,廣 瀬 将 亨,62,50,6.73,1,0.21,1.51.1,1-5-4,2890,14,1-5,490,2,1-4-5,1560,7,1-5,350,2,,,,,,,
20260801,浜名湖,10,予選特賞,晴,南西,3,2,2,5,4025,山 本 隆 幸,55,18,6.71,5,0.08,1.52.5,1-5-4,2890,14,1-5,490,2,1-4-5,1560,7,1-5,350,2,,,,,,,
20260801,浜名湖,10,予選特賞,晴,南西,3,2,3,4,3934,鋤 柄 貴 俊,4,13,6.86,4,0.11,1.53.7,1-5-4,2890,14,1-5,490,2,1-4-5,1560,7,1-5,350,2,,,,,,,
20260801,浜名湖,10,予選特賞,晴,南西,3,2,4,6,4086,寺 本 重 宣,40,72,6.78,6,0.01,1.55.1,1-5-4,2890,14,1-5,490,2,1-4-5,1560,7,1-5,350,2,,,,,,,
20260801,浜名湖,10,予選特賞,晴,南西,3,2,5,2,3054,北 川 幸 典,20,19,6.78,2,0.22,,1-5-4,2890,14,1-5,490,2,1-4-5,1560,7,1-5,350,2,,,,,,,
20260801,浜名湖,10,予選特賞,晴,南西,3,2,6,3,3744,徳 増 秀 樹,7,67,6.85,3,0.18,,1-5-4,2890,14,1-5,490,2,1-4-5,1560,7,1-5,350,2,,,,,,,
20260801,浜名湖,11,予選特選,晴,西,2,1,1,5,3956,横 澤 剛 治,32,25,6.74,5,0.14,1.51.1,5-4-6,52700,62,5-4,11460,18,4-5-6,9200,15,4-5,4870,9,,,,,,,
20260801,浜名湖,11,予選特選,晴,西,2,1,2,4,3563,堤 昇,9,23,6.73,4,0.15,1.52.3,5-4-6,52700,62,5-4,11460,18,4-5-6,9200,15,4-5,4870,9,,,,,,,
20260801,浜名湖,11,予選特選,晴,西,2,1,3,6,3319,山 崎 義 明,8,60,6.77,6,0.12,1.54.1,5-4-6,52700,62,5-4,11460,18,4-5-6,9200,15,4-5,4870,9,,,,,,,
20260801,浜名湖,11,予選特選,晴,西,2,1,4,1,3997,北 村 征 嗣,2,47,6.72,1,0.25,1.54.5,5-4-6,52700,62,5-4,11460,18,4-5-6,9200,15,4-5,4870,9,,,,,,,
20260801,浜名湖,11,予選特選,晴,西,2,1,5,3,4064,原 田 篤 志,61,59,6.69,3,0.29,,5-4-6,52700,62,5-4,11460,18,4-5-6,9200,15,4-5,4870,9,,,,,,,
20260801,浜名湖,11,予選特選,晴,西,2,1,6,2,3928,林 恵 祐,11,24,6.75,2,0.25,,5-4-6,52700,62,5-4,11460,18,4-5-6,9200,15,4-5,4870,9,,,,,,,
20260801,浜名湖,12,予選特選,晴,北西,3,2,1,1,3854,吉 川 元 浩,44,15,6.75,1,0.16,1.51.0,1-2-4,1710,6,1-2,560,3,1-2-4,810,4,1-2,370,3,,,,,,,
20260801,浜名湖,12,予選特選,晴,北西,3,2,2,2,4006,小 野 勇 作,1,37,6.82,2,0.19,1.52.1,1-2-4,1710,6,1-2,560,3,1-2-4,810,4,1-2,370,3,,,,,,,
20260801,浜名湖,12,予選特選,晴,北西,3,2,3,4,3541,三 嶌 誠 司,48,57,6.81,4,0.22,1.53.8,1-2-4,1710,6,1-2,560,3,1-2-4,810,4,1-2,370,3,,,,,,,
20260801,浜名湖,12,予選特選,晴,北西,3,2,4,6,3612,馬 袋 義 則,66,12,6.90,6,0.18,1.54.8,1-2-4,1710,6,1-2,560,3,1-2-4,810,4,1-2,370,3,,,,,,,
20260801,浜名湖,12,予選特選,晴,北西,3,2,5,5,3710,吉 永 泰 弘,59,69,6.85,5,0.23,,1-2-4,1710,6,1-2,560,3,1-2-4,810,4,1-2,370,3,,,,,,,
20260801,浜名湖,12,予選特選,晴,北西,3,2,6,3,3984,坂 口 周,23,48,6.83,3,0.20,,1-2-4,1710,6,1-2,560,3,1-2-4,810,4,1-2,370,3,,,,,,,
20260801,福岡,1,カタメン１予,晴,北西,3,3,1,1,4036,金 田 諭,73,149,6.94,1,0.14,1.51.7,1-2-3,690,2,1-2,230,1,1-2-3,380,2,1-2,170,1,,,,,,,
20260801,福岡,1,カタメン１予,晴,北西,3,3,2,2,5351,齊 藤 廉,33,150,6.97,2,0.11,1.52.5,1-2-3,690,2,1-2,230,1,1-2-3,380,2,1-2,170,1,,,,,,,
20260801,福岡,1,カタメン１予,晴,北西,3,3,3,3,3867,松 浦 勝,44,110,6.98,3,0.13,1.55.3,1-2-3,690,2,1-2,230,1,1-2-3,380,2,1-2,170,1,,,,,,,
20260801,福岡,1,カタメン１予,晴,北西,3,3,4,4,4988,牟 田 奨 太,72,121,6.99,4,0.13,1.56.4,1-2-3,690,2,1-2,230,1,1-2-3,380,2,1-2,170,1,,,,,,,
20260801,福岡,1,カタメン１予,晴,北西,3,3,5,5,5223,森 清 友 翔,25,147,6.94,5,0.09,,1-2-3,690,2,1-2,230,1,1-2-3,380,2,1-2,170,1,,,,,,,
20260801,福岡,1,カタメン１予,晴,北西,3,3,6,6,5372,上 岡 巧 汰,57,120,6.89,6,0.25,,1-2-3,690,2,1-2,230,1,1-2-3,380,2,1-2,170,1,,,,,,,
20260801,福岡,2,予選,晴,北西,3,3,1,1,3463,乙 津 康 志,48,165,6.93,1,0.23,1.53.0,1-3-4,4290,19,1-3,940,6,1-3-4,1490,6,1-3,420,2,,,,,,,
20260801,福岡,2,予選,晴,北西,3,3,2,3,4022,待 鳥 雄 紀,50,157,6.98,3,0.17,1.54.7,1-3-4,4290,19,1-3,940,6,1-3-4,1490,6,1-3,420,2,,,,,,,
20260801,福岡,2,予選,晴,北西,3,3,3,4,4035,杉 江 浩 明,75,131,7.07,4,0.23,1.55.3,1-3-4,4290,19,1-3,940,6,1-3-4,1490,6,1-3,420,2,,,,,,,
20260801,福岡,2,予選,晴,北西,3,3,4,2,4180,上 野 秀 和,18,139,6.92,2,0.18,1.55.6,1-3-4,4290,19,1-3,940,6,1-3-4,1490,6,1-3,420,2,,,,,,,
20260801,福岡,2,予選,晴,北西,3,3,5,5,5073,上 原 健次郎,63,127,6.94,5,0.18,,1-3-4,4290,19,1-3,940,6,1-3-4,1490,6,1-3,420,2,,,,,,,
20260801,福岡,2,予選,晴,北西,3,3,6,6,5452,上馬場 風 依,41,106,6.94,6,0.20,,1-3-4,4290,19,1-3,940,6,1-3-4,1490,6,1-3,420,2,,,,,,,
20260801,福岡,3,カタメン３予,晴,北西,3,3,1,3,4427,秦 英 悟,52,133,6.94,3,0.15,1.51.1,3-2-4,2930,11,3-2,720,3,2-3-4,1480,7,2-3,640,2,,,,,,,
20260801,福岡,3,カタメン３予,晴,北西,3,3,2,2,4875,大 塚 康 雅,45,155,6.96,2,0.20,1.52.9,3-2-4,2930,11,3-2,720,3,2-3-4,1480,7,2-3,640,2,,,,,,,
20260801,福岡,3,カタメン３予,晴,北西,3,3,3,4,4406,幸 野 史 明,15,164,6.96,5,0.21,1.54.1,3-2-4,2930,11,3-2,720,3,2-3-4,1480,7,2-3,640,2,,,,,,,
20260801,福岡,3,カタメン３予,晴,北西,3,3,4,5,5377,鳥居塚 嶺 王,68,130,6.91,6,0.19,1.54.7,3-2-4,2930,11,3-2,720,3,2-3-4,1480,7,2-3,640,2,,,,,,,
20260801,福岡,3,カタメン３予,晴,北西,3,3,5,1,5105,富 田 恕 生,53,162,6.96,1,0.29,,3-2-4,2930,11,3-2,720,3,2-3-4,1480,7,2-3,640,2,,,,,,,
20260801,福岡,3,カタメン３予,晴,北西,3,3,6,6,3297,藤 丸 光 一,29,112,6.89,4,0.22,,3-2-4,2930,11,3-2,720,3,2-3-4,1480,7,2-3,640,2,,,,,,,
20260801,福岡,4,予選,晴,北西,3,3,1,3,3661,柳 瀬 興 志,32,158,6.98,3,0.12,1.57.0,3-2-1,5530,19,3-2,2870,10,1-2-3,290,1,2-3,610,2,,,,,,,
20260801,福岡,4,予選,晴,北西,3,3,2,2,4776,竹 田 和 哉,54,142,7.00,2,0.05,2.00.3,3-2-1,5530,19,3-2,2870,10,1-2-3,290,1,2-3,610,2,,,,,,,
20260801,福岡,4,予選,晴,北西,3,3,3,1,4277,金 田 大 輔,17,151,6.96,1,0.07,2.03.1,3-2-1,5530,19,3-2,2870,10,1-2-3,290,1,2-3,610,2,,,,,,,
20260801,福岡,4,予選,晴,北西,3,3,4,5,4272,大 場 広 孝,37,154,7.03,5,0.17,2.05.3,3-2-1,5530,19,3-2,2870,10,1-2-3,290,1,2-3,610,2,,,,,,,
20260801,福岡,4,予選,晴,北西,3,3,5,6,3904,森 貴 洋,21,122,7.05,6,0.19,,3-2-1,5530,19,3-2,2870,10,1-2-3,290,1,2-3,610,2,,,,,,,
20260801,福岡,5,予選,晴,北,3,3,1,2,4199,北 川 潤 二,23,129,6.97,2,0.17,1.52.1,2-3-5,2330,7,2-3,500,1,2-3-5,1020,4,2-3,320,1,,,,,,,
20260801,福岡,5,予選,晴,北,3,3,2,3,3679,飯 島 昌 弘,61,118,7.00,3,0.21,1.53.6,2-3-5,2330,7,2-3,500,1,2-3-5,1020,4,2-3,320,1,,,,,,,
20260801,福岡,5,予選,晴,北,3,3,3,5,5351,齊 藤 廉,33,150,6.98,5,0.21,1.54.7,2-3-5,2330,7,2-3,500,1,2-3-5,1020,4,2-3,320,1,,,,,,,
20260801,福岡,5,予選,晴,北,3,3,4,4,5103,芝 田 京 介,51,103,6.91,4,0.28,1.55.7,2-3-5,2330,7,2-3,500,1,2-3-5,1020,4,2-3,320,1,,,,,,,
20260801,福岡,5,予選,晴,北,3,3,5,1,4382,高 山 智 至,70,163,6.98,1,0.20,,2-3-5,2330,7,2-3,500,1,2-3-5,1020,4,2-3,320,1,,,,,,,
20260801,福岡,5,予選,晴,北,3,3,6,6,3385,渡 邉 睦 広,36,114,7.02,6,0.25,,2-3-5,2330,7,2-3,500,1,2-3-5,1020,4,2-3,320,1,,,,,,,
20260801,福岡,6,予選,晴,北,3,3,1,1,5223,森 清 友 翔,25,147,6.96,1,0.14,1.51.8,1-2-4,940,2,1-2,480,2,1-2-4,310,2,1-2,230,1,,,,,,,
20260801,福岡,6,予選,晴,北,3,3,2,2,4537,渡 邉 和 将,66,141,6.93,2,0.13,1.53.4,1-2-4,940,2,1-2,480,2,1-2-4,310,2,1-2,230,1,,,,,,,
20260801,福岡,6,予選,晴,北,3,3,3,4,4550,石 岡 将 太,12,138,6.96,4,0.19,1.54.8,1-2-4,940,2,1-2,480,2,1-2-4,310,2,1-2,230,1,,,,,,,
20260801,福岡,6,予選,晴,北,3,3,4,3,4438,森 作 雄 大,64,145,6.99,3,0.14,1.56.1,1-2-4,940,2,1-2,480,2,1-2-4,310,2,1-2,230,1,,,,,,,
20260801,福岡,6,予選,晴,北,3,3,5,6,3548,室 田 泰 史,35,111,7.01,5,0.11,,1-2-4,940,2,1-2,480,2,1-2-4,310,2,1-2,230,1,,,,,,,
20260801,福岡,6,予選,晴,北,3,3,6,5,5452,上馬場 風 依,41,106,6.94,6,0.13,,1-2-4,940,2,1-2,480,2,1-2-4,310,2,1-2,230,1,,,,,,,
20260801,福岡,7,予選,晴,北,2,2,1,1,4988,牟 田 奨 太,72,121,6.94,1,0.09,1.52.9,1-3-5,4930,19,1-3,610,3,1-3-5,2170,12,1-3,420,2,,,,,,,
20260801,福岡,7,予選,晴,北,2,2,2,3,3463,乙 津 康 志,48,165,6.90,3,0.15,1.54.4,1-3-5,4930,19,1-3,610,3,1-3-5,2170,12,1-3,420,2,,,,,,,
20260801,福岡,7,予選,晴,北,2,2,3,5,4578,藤 山 雅 弘,11,143,6.93,5,0.18,1.55.2,1-3-5,4930,19,1-3,610,3,1-3-5,2170,12,1-3,420,2,,,,,,,
20260801,福岡,7,予選,晴,北,2,2,4,6,3837,秋 山 広 一,40,153,7.06,6,0.22,1.56.8,1-3-5,4930,19,1-3,610,3,1-3-5,2170,12,1-3,420,2,,,,,,,
20260801,福岡,7,予選,晴,北,2,2,5,4,3557,太 田 和 美,24,171,6.99,4,0.17,,1-3-5,4930,19,1-3,610,3,1-3-5,2170,12,1-3,420,2,,,,,,,
20260801,福岡,7,予選,晴,北,2,2,6,2,5377,鳥居塚 嶺 王,68,130,6.93,2,0.10,,1-3-5,4930,19,1-3,610,3,1-3-5,2170,12,1-3,420,2,,,,,,,
20260801,福岡,8,予選,晴,北西,3,3,1,1,4676,後 藤 隼 之,65,115,6.96,1,0.16,1.52.7,1-5-6,13100,39,1-5,880,5,1-5-6,7370,11,1-5,570,3,,,,,,,
20260801,福岡,8,予選,晴,北西,3,3,2,5,4180,上 野 秀 和,18,139,6.93,5,0.20,1.54.2,1-5-6,13100,39,1-5,880,5,1-5-6,7370,11,1-5,570,3,,,,,,,
20260801,福岡,8,予選,晴,北西,3,3,3,6,3867,松 浦 勝,44,110,7.01,6,0.18,1.55.6,1-5-6,13100,39,1-5,880,5,1-5-6,7370,11,1-5,570,3,,,,,,,
20260801,福岡,8,予選,晴,北西,3,3,4,2,4271,川 崎 公 靖,14,166,6.95,2,0.16,1.57.9,1-5-6,13100,39,1-5,880,5,1-5-6,7370,11,1-5,570,3,,,,,,,
20260801,福岡,8,予選,晴,北西,3,3,5,4,4875,大 塚 康 雅,45,155,6.94,4,0.19,,1-5-6,13100,39,1-5,880,5,1-5-6,7370,11,1-5,570,3,,,,,,,
20260801,福岡,8,予選,晴,北西,3,3,6,3,3968,茶 谷 信 次,19,146,7.00,3,0.31,,1-5-6,13100,39,1-5,880,5,1-5-6,7370,11,1-5,570,3,,,,,,,
20260801,福岡,9,予選特賞,晴,北,3,3,1,1,4960,黒 野 元 基,22,169,6.95,1,0.11,1.51.7,1-2-3,420,1,1-2,170,1,1-2-3,220,1,1-2,190,1,,,,,,,
20260801,福岡,9,予選特賞,晴,北,3,3,2,2,3385,渡 邉 睦 広,36,114,6.99,2,0.17,1.53.6,1-2-3,420,1,1-2,170,1,1-2-3,220,1,1-2,190,1,,,,,,,
20260801,福岡,9,予選特賞,晴,北,3,3,3,3,3297,藤 丸 光 一,29,112,6.92,3,0.21,1.54.8,1-2-3,420,1,1-2,170,1,1-2-3,220,1,1-2,190,1,,,,,,,
20260801,福岡,9,予選特賞,晴,北,3,3,4,5,3293,宮 内 由紀英,46,134,7.00,5,0.13,1.56.2,1-2-3,420,1,1-2,170,1,1-2-3,220,1,1-2,190,1,,,,,,,
20260801,福岡,9,予選特賞,晴,北,3,3,5,4,3661,柳 瀬 興 志,32,158,7.00,4,0.18,,1-2-3,420,1,1-2,170,1,1-2-3,220,1,1-2,190,1,,,,,,,
20260801,福岡,9,予選特賞,晴,北,3,3,6,6,4035,杉 江 浩 明,75,131,7.11,6,0.13,,1-2-3,420,1,1-2,170,1,1-2-3,220,1,1-2,190,1,,,,,,,
20260801,福岡,10,予選特賞,晴,北西,3,3,1,3,4036,金 田 諭,73,149,6.96,3,0.18,1.51.9,3-4-1,8100,31,3-4,2430,11,1-3-4,1020,5,3-4,2150,6,,,,,,,
20260801,福岡,10,予選特賞,晴,北西,3,3,2,4,5105,富 田 恕 生,53,162,7.01,4,0.20,1.52.8,3-4-1,8100,31,3-4,2430,11,1-3-4,1020,5,3-4,2150,6,,,,,,,
20260801,福岡,10,予選特賞,晴,北西,3,3,3,1,4842,山 下 昂 大,38,104,7.05,1,0.26,1.55.2,3-4-1,8100,31,3-4,2430,11,1-3-4,1020,5,3-4,2150,6,,,,,,,
20260801,福岡,10,予選特賞,晴,北西,3,3,4,2,5073,上 原 健次郎,63,127,6.94,2,0.28,1.55.8,3-4-1,8100,31,3-4,2430,11,1-3-4,1020,5,3-4,2150,6,,,,,,,
20260801,福岡,10,予選特賞,晴,北西,3,3,5,6,5103,芝 田 京 介,51,103,6.96,6,0.21,,3-4-1,8100,31,3-4,2430,11,1-3-4,1020,5,3-4,2150,6,,,,,,,
20260801,福岡,10,予選特賞,晴,北西,3,3,6,5,4537,渡 邉 和 将,66,141,6.97,5,0.21,,3-4-1,8100,31,3-4,2430,11,1-3-4,1020,5,3-4,2150,6,,,,,,,
20260801,福岡,11,予選特選,晴,北西,3,3,1,3,4199,北 川 潤 二,23,129,7.05,3,0.13,1.51.5,3-1-4,2680,11,3-1,740,5,1-3-4,590,3,1-3,140,1,,,,,,,
20260801,福岡,11,予選特選,晴,北西,3,3,2,1,4019,笠 原 亮,27,123,7.02,1,0.14,1.53.3,3-1-4,2680,11,3-1,740,5,1-3-4,590,3,1-3,140,1,,,,,,,
20260801,福岡,11,予選特選,晴,北西,3,3,3,4,4578,藤 山 雅 弘,11,143,7.03,4,0.11,1.54.5,3-1-4,2680,11,3-1,740,5,1-3-4,590,3,1-3,140,1,,,,,,,
20260801,福岡,11,予選特選,晴,北西,3,3,4,5,4776,竹 田 和 哉,54,142,7.09,5,0.18,1.56.2,3-1-4,2680,11,3-1,740,5,1-3-4,590,3,1-3,140,1,,,,,,,
20260801,福岡,11,予選特選,晴,北西,3,3,5,2,3548,室 田 泰 史,35,111,7.06,2,0.12,,3-1-4,2680,11,3-1,740,5,1-3-4,590,3,1-3,140,1,,,,,,,
20260801,福岡,11,予選特選,晴,北西,3,3,6,6,4406,幸 野 史 明,15,164,6.96,6,0.17,,3-1-4,2680,11,3-1,740,5,1-3-4,590,3,1-3,140,1,,,,,,,
20260801,福岡,12,福岡選抜,晴,北西,3,3,1,1,4427,秦 英 悟,52,133,6.95,1,0.09,1.55.1,1-2-5,730,3,1-2,180,1,1-2-5,300,2,1-2,150,1,,,,,,,
20260801,福岡,12,福岡選抜,晴,北西,3,3,2,2,3557,太 田 和 美,24,171,6.94,2,0.12,1.59.2,1-2-5,730,3,1-2,180,1,1-2-5,300,2,1-2,150,1,,,,,,,
20260801,福岡,12,福岡選抜,晴,北西,3,3,3,5,4550,石 岡 将 太,12,138,6.95,5,0.15,2.01.8,1-2-5,730,3,1-2,180,1,1-2-5,300,2,1-2,150,1,,,,,,,
20260801,福岡,12,福岡選抜,晴,北西,3,3,4,3,4272,大 場 広 孝,37,154,7.05,3,0.12,2.03.4,1-2-5,730,3,1-2,180,1,1-2-5,300,2,1-2,150,1,,,,,,,
20260801,福岡,12,福岡選抜,晴,北西,3,3,5,6,3679,飯 島 昌 弘,61,118,6.99,6,0.16,,1-2-5,730,3,1-2,180,1,1-2-5,300,2,1-2,150,1,,,,,,,
20260801,若松,1,予選,晴,北,2,2,1,3,3839,川 合 理 司,37,49,6.93,3,0.09,1.53.3,3-1-6,20640,50,3-1,4070,11,1-3-6,1650,6,1-3,590,3,,,,,,,
20260801,若松,1,予選,晴,北,2,2,2,1,3517,高 橋 勲,57,57,6.88,1,0.12,1.54.5,3-1-6,20640,50,3-1,4070,11,1-3-6,1650,6,1-3,590,3,,,,,,,
20260801,若松,1,予選,晴,北,2,2,3,6,4394,永 嶋 裕 一,33,28,6.87,6,0.07,1.55.5,3-1-6,20640,50,3-1,4070,11,1-3-6,1650,6,1-3,590,3,,,,,,,
20260801,若松,1,予選,晴,北,2,2,4,5,3827,今 泉 徹,55,19,6.91,5,0.05,1.56.6,3-1-6,20640,50,3-1,4070,11,1-3-6,1650,6,1-3,590,3,,,,,,,
20260801,若松,1,予選,晴,北,2,2,5,2,3701,大 西 隆 洋,29,73,6.90,2,0.15,,3-1-6,20640,50,3-1,4070,11,1-3-6,1650,6,1-3,590,3,,,,,,,
20260801,若松,1,予選,晴,北,2,2,6,4,4750,井 上 尚 悟,21,24,6.90,4,0.06,,3-1-6,20640,50,3-1,4070,11,1-3-6,1650,6,1-3,590,3,,,,,,,
20260801,若松,2,予選,晴,北,2,2,1,1,4989,石 原 翼,12,33,6.89,1,0.20,1.51.8,1-6-3,1370,2,1-6,850,3,1-3-6,350,1,1-6,410,2,,,,,,,
20260801,若松,2,予選,晴,北,2,2,2,6,5026,安河内 健,42,32,6.80,6,0.21,1.53.1,1-6-3,1370,2,1-6,850,3,1-3-6,350,1,1-6,410,2,,,,,,,
20260801,若松,2,予選,晴,北,2,2,3,3,4625,渡 邊 裕 貴,44,36,6.87,3,0.18,1.54.8,1-6-3,1370,2,1-6,850,3,1-3-6,350,1,1-6,410,2,,,,,,,
20260801,若松,2,予選,晴,北,2,2,4,4,3832,下 田 哲 也,1,38,6.85,4,0.21,1.54.9,1-6-3,1370,2,1-6,850,3,1-3-6,350,1,1-6,410,2,,,,,,,
20260801,若松,2,予選,晴,北,2,2,5,2,5359,佐 藤 世 那,9,15,6.86,2,0.21,,1-6-3,1370,2,1-6,850,3,1-3-6,350,1,1-6,410,2,,,,,,,
20260801,若松,2,予選,晴,北,2,2,6,5,3973,崎 利 仁,7,11,6.88,5,0.22,,1-6-3,1370,2,1-6,850,3,1-3-6,350,1,1-6,410,2,,,,,,,
20260801,若松,3,予選,晴,北,3,3,1,1,4089,妹 尾 忠 幸,61,56,6.84,1,0.14,1.51.4,1-5-6,1640,5,1-5,440,1,1-5-6,660,3,1-5,340,1,,,,,,,
20260801,若松,3,予選,晴,北,3,3,2,5,5141,大 澤 風 葵,4,53,6.84,5,0.17,1.53.4,1-5-6,1640,5,1-5,440,1,1-5-6,660,3,1-5,340,1,,,,,,,
20260801,若松,3,予選,晴,北,3,3,3,6,4319,三 宅 潤,6,30,6.91,6,0.16,1.55.1,1-5-6,1640,5,1-5,440,1,1-5-6,660,3,1-5,340,1,,,,,,,
20260801,若松,3,予選,晴,北,3,3,4,4,3788,一 宮 稔 弘,40,67,6.92,4,0.13,1.56.4,1-5-6,1640,5,1-5,440,1,1-5-6,660,3,1-5,340,1,,,,,,,
20260801,若松,3,予選,晴,北,3,3,5,2,4417,服 部 剛,39,66,6.89,2,0.17,,1-5-6,1640,5,1-5,440,1,1-5-6,660,3,1-5,340,1,,,,,,,
20260801,若松,3,予選,晴,北,3,3,6,3,4097,貫地谷 直 人,30,31,7.00,3,0.12,,1-5-6,1640,5,1-5,440,1,1-5-6,660,3,1-5,340,1,,,,,,,
20260801,若松,4,予選,晴,北,2,2,1,3,5022,伊 藤 尚 汰,22,52,6.90,3,0.22,1.52.5,3-6-4,26910,60,3-6,7360,17,3-4-6,4230,13,3-6,2910,10,,,,,,,
20260801,若松,4,予選,晴,北,2,2,2,6,4736,高 倉 和 士,27,42,6.91,6,0.15,1.53.5,3-6-4,26910,60,3-6,7360,17,3-4-6,4230,13,3-6,2910,10,,,,,,,
20260801,若松,4,予選,晴,北,2,2,3,4,4202,浮 田 圭 浩,20,46,6.91,4,0.18,1.54.9,3-6-4,26910,60,3-6,7360,17,3-4-6,4230,13,3-6,2910,10,,,,,,,
20260801,若松,4,予選,晴,北,2,2,4,2,5229,吉 川 晴 人,54,17,6.88,2,0.25,1.56.4,3-6-4,26910,60,3-6,7360,17,3-4-6,4230,13,3-6,2910,10,,,,,,,
20260801,若松,4,予選,晴,北,2,2,5,1,4515,藤 田 浩 人,10,65,6.92,1,0.26,,3-6-4,26910,60,3-6,7360,17,3-4-6,4230,13,3-6,2910,10,,,,,,,
20260801,若松,4,予選,晴,北,2,2,6,5,4047,吉 永 浩 則,14,50,6.84,5,0.21,,3-6-4,26910,60,3-6,7360,17,3-4-6,4230,13,3-6,2910,10,,,,,,,
20260801,若松,5,進入固定戦隊 進入固定,晴,北西,3,3,1,4,4633,森 智 也,18,12,6.87,4,0.21,1.51.5,4-1-2,7760,18,4-1,3490,6,1-2-4,240,1,1-4,650,2,,,,,,,
20260801,若松,5,進入固定戦隊 進入固定,晴,北西,3,3,2,1,4624,高 田 明,47,13,6.86,1,0.27,1.53.7,4-1-2,7760,18,4-1,3490,6,1-2-4,240,1,1-4,650,2,,,,,,,
20260801,若松,5,進入固定戦隊 進入固定,晴,北西,3,3,3,2,4566,塩 田 北 斗,38,75,6.91,2,0.26,1.55.6,4-1-2,7760,18,4-1,3490,6,1-2-4,240,1,1-4,650,2,,,,,,,
20260801,若松,5,進入固定戦隊 進入固定,晴,北西,3,3,4,6,4594,谷 川 祐 一,24,74,6.92,6,0.21,1.56.7,4-1-2,7760,18,4-1,3490,6,1-2-4,240,1,1-4,650,2,,,,,,,
20260801,若松,5,進入固定戦隊 進入固定,晴,北西,3,3,5,5,3839,川 合 理 司,37,49,6.96,5,0.23,,4-1-2,7760,18,4-1,3490,6,1-2-4,240,1,1-4,650,2,,,,,,,
20260801,若松,5,進入固定戦隊 進入固定,晴,北西,3,3,6,3,4894,原 村 拓 也,45,44,6.88,3,0.24,,4-1-2,7760,18,4-1,3490,6,1-2-4,240,1,1-4,650,2,,,,,,,
20260801,若松,6,予選,晴,北西,3,3,1,1,4361,柳 生 泰 二,49,72,6.90,1,0.18,1.52.3,1-6-2,2710,15,1-6,420,2,1-2-6,880,5,1-6,840,4,,,,,,,
20260801,若松,6,予選,晴,北西,3,3,2,6,4679,植 田 太 一,16,59,6.94,3,0.18,1.53.5,1-6-2,2710,15,1-6,420,2,1-2-6,880,5,1-6,840,4,,,,,,,
20260801,若松,6,予選,晴,北西,3,3,3,2,4552,杉 山 勝 匡,2,29,6.89,2,0.24,1.55.7,1-6-2,2710,15,1-6,420,2,1-2-6,880,5,1-6,840,4,,,,,,,
20260801,若松,6,予選,晴,北西,3,3,4,4,3955,眞 田 英 二,36,60,6.97,5,0.31,1.57.2,1-6-2,2710,15,1-6,420,2,1-2-6,880,5,1-6,840,4,,,,,,,
20260801,若松,6,予選,晴,北西,3,3,5,5,4625,渡 邊 裕 貴,44,36,6.93,6,0.29,,1-6-2,2710,15,1-6,420,2,1-2-6,880,5,1-6,840,4,,,,,,,
20260801,若松,6,予選,晴,北西,3,3,6,3,4423,坂 口 貴 彦,62,40,6.89,4,0.25,,1-6-2,2710,15,1-6,420,2,1-2-6,880,5,1-6,840,4,,,,,,,
20260801,若松,7,予選特賞,晴,北西,3,3,1,5,4445,宮 地 元 輝,50,62,6.88,5,0.19,1.52.1,5-1-2,1720,5,5-1,460,2,1-2-5,250,1,1-5,220,1,,,,,,,
20260801,若松,7,予選特賞,晴,北西,3,3,2,1,4108,吉 村 正 明,52,58,6.94,1,0.19,1.53.8,5-1-2,1720,5,5-1,460,2,1-2-5,250,1,1-5,220,1,,,,,,,
20260801,若松,7,予選特賞,晴,北西,3,3,3,2,4835,橋 本 明,35,47,6.89,2,0.23,1.54.2,5-1-2,1720,5,5-1,460,2,1-2-5,250,1,1-5,220,1,,,,,,,
20260801,若松,7,予選特賞,晴,北西,3,3,4,6,3484,芝 田 浩 治,8,26,6.87,6,0.26,1.56.3,5-1-2,1720,5,5-1,460,2,1-2-5,250,1,1-5,220,1,,,,,,,
20260801,若松,7,予選特賞,晴,北西,3,3,5,3,3832,下 田 哲 也,1,38,6.90,3,0.34,,5-1-2,1720,5,5-1,460,2,1-2-5,250,1,1-5,220,1,,,,,,,
20260801,若松,7,予選特賞,晴,北西,3,3,6,4,3701,大 西 隆 洋,29,73,6.94,4,0.34,,5-1-2,1720,5,5-1,460,2,1-2-5,250,1,1-5,220,1,,,,,,,
20260801,若松,8,エイトビート,晴,北西,3,3,1,1,5125,高 井 雄 基,11,69,6.96,1,0.20,1.52.4,1-3-2,840,3,1-3,540,3,1-2-3,150,1,1-3,440,2,,,,,,,
20260801,若松,8,エイトビート,晴,北西,3,3,2,3,4394,永 嶋 裕 一,33,28,6.87,3,0.17,1.53.6,1-3-2,840,3,1-3,540,3,1-2-3,150,1,1-3,440,2,,,,,,,
20260801,若松,8,エイトビート,晴,北西,3,3,3,2,5026,安河内 健,42,32,6.84,2,0.16,1.53.9,1-3-2,840,3,1-3,540,3,1-2-3,150,1,1-3,440,2,,,,,,,
20260801,若松,8,エイトビート,晴,北西,3,3,4,5,4097,貫地谷 直 人,30,31,6.96,5,0.18,1.55.4,1-3-2,840,3,1-3,540,3,1-2-3,150,1,1-3,440,2,,,,,,,
20260801,若松,8,エイトビート,晴,北西,3,3,5,6,3662,大 庭 元 明,59,37,6.96,6,0.13,,1-3-2,840,3,1-3,540,3,1-2-3,150,1,1-3,440,2,,,,,,,
20260801,若松,8,エイトビート,晴,北西,3,3,6,4,4626,伊 藤 紘 章,56,18,6.92,4,0.37,,1-3-2,840,3,1-3,540,3,1-2-3,150,1,1-3,440,2,,,,,,,
20260801,若松,9,予選,晴,北西,4,4,1,4,4319,三 宅 潤,6,30,6.89,4,0.10,1.52.5,4-3-1,5980,19,4-3,2700,8,1-3-4,190,1,3-4,920,4,,,,,,,
20260801,若松,9,予選,晴,北西,4,4,2,3,4624,高 田 明,47,13,6.84,3,0.10,1.53.9,4-3-1,5980,19,4-3,2700,8,1-3-4,190,1,3-4,920,4,,,,,,,
20260801,若松,9,予選,晴,北西,4,4,3,1,4379,桑 島 和 宏,28,16,6.85,1,0.19,1.54.5,4-3-1,5980,19,4-3,2700,8,1-3-4,190,1,3-4,920,4,,,,,,,
20260801,若松,9,予選,晴,北西,4,4,4,6,4452,松 尾 祭,46,61,6.90,6,0.07,1.56.6,4-3-1,5980,19,4-3,2700,8,1-3-4,190,1,3-4,920,4,,,,,,,
20260801,若松,9,予選,晴,北西,4,4,5,2,3827,今 泉 徹,55,19,6.90,2,0.18,,4-3-1,5980,19,4-3,2700,8,1-3-4,190,1,3-4,920,4,,,,,,,
20260801,若松,9,予選,晴,北西,4,4,6,5,4202,浮 田 圭 浩,20,46,6.90,5,0.11,,4-3-1,5980,19,4-3,2700,8,1-3-4,190,1,3-4,920,4,,,,,,,
20260801,若松,10,予選特賞,晴,北西,4,4,1,1,5141,大 澤 風 葵,4,53,6.85,1,0.20,1.51.8,1-4-3,1100,4,1-4,380,2,1-3-4,340,1,1-4,370,2,,,,,,,
20260801,若松,10,予選特賞,晴,北西,4,4,2,4,3517,高 橋 勲,57,57,6.92,4,0.11,1.53.5,1-4-3,1100,4,1-4,380,2,1-3-4,340,1,1-4,370,2,,,,,,,
20260801,若松,10,予選特賞,晴,北西,4,4,3,3,4515,藤 田 浩 人,10,65,6.91,3,0.12,1.54.0,1-4-3,1100,4,1-4,380,2,1-3-4,340,1,1-4,370,2,,,,,,,
20260801,若松,10,予選特賞,晴,北西,4,4,4,6,4633,森 智 也,18,12,6.88,6,0.18,1.54.8,1-4-3,1100,4,1-4,380,2,1-3-4,340,1,1-4,370,2,,,,,,,
20260801,若松,10,予選特賞,晴,北西,4,4,5,5,4423,坂 口 貴 彦,62,40,6.89,5,0.14,,1-4-3,1100,4,1-4,380,2,1-3-4,340,1,1-4,370,2,,,,,,,
20260801,若松,10,予選特賞,晴,北西,4,4,6,2,3973,崎 利 仁,7,11,6.90,2,0.25,,1-4-3,1100,4,1-4,380,2,1-3-4,340,1,1-4,370,2,,,,,,,
20260801,若松,11,一般特選,晴,北西,4,4,1,1,4566,塩 田 北 斗,38,75,6.89,1,0.07,1.51.8,1-2-3,770,3,1-2,580,2,1-2-3,360,2,1-2,280,1,,,,,,,
20260801,若松,11,一般特選,晴,北西,4,4,2,2,3788,一 宮 稔 弘,40,67,6.90,2,0.05,1.53.1,1-2-3,770,3,1-2,580,2,1-2-3,360,2,1-2,280,1,,,,,,,
20260801,若松,11,一般特選,晴,北西,4,4,3,3,4736,高 倉 和 士,27,42,6.92,3,0.05,1.53.3,1-2-3,770,3,1-2,580,2,1-2-3,360,2,1-2,280,1,,,,,,,
20260801,若松,11,一般特選,晴,北西,4,4,4,4,4108,吉 村 正 明,52,58,6.92,4,0.09,1.55.7,1-2-3,770,3,1-2,580,2,1-2-3,360,2,1-2,280,1,,,,,,,
20260801,若松,11,一般特選,晴,北西,4,4,5,5,4989,石 原 翼,12,33,6.85,5,0.15,,1-2-3,770,3,1-2,580,2,1-2-3,360,2,1-2,280,1,,,,,,,
20260801,若松,11,一般特選,晴,北西,4,4,6,6,4552,杉 山 勝 匡,2,29,6.89,6,0.19,,1-2-3,770,3,1-2,580,2,1-2-3,360,2,1-2,280,1,,,,,,,
20260801,若松,12,一般特選,晴,西,4,4,1,5,4361,柳 生 泰 二,49,72,6.87,5,0.21,1.51.6,5-4-6,12730,31,5-4,3940,9,4-5-6,3490,11,4-5,1940,5,,,,,,,
20260801,若松,12,一般特選,晴,西,4,4,2,4,4594,谷 川 祐 一,24,74,6.87,4,0.19,1.52.5,5-4-6,12730,31,5-4,3940,9,4-5-6,3490,11,4-5,1940,5,,,,,,,
20260801,若松,12,一般特選,晴,西,4,4,3,6,5229,吉 川 晴 人,54,17,6.92,6,0.22,1.54.4,5-4-6,12730,31,5-4,3940,9,4-5-6,3490,11,4-5,1940,5,,,,,,,
20260801,若松,12,一般特選,晴,西,4,4,4,1,4445,宮 地 元 輝,50,62,6.85,1,0.29,1.57.3,5-4-6,12730,31,5-4,3940,9,4-5-6,3490,11,4-5,1940,5,,,,,,,
20260801,若松,12,一般特選,晴,西,4,4,5,2,4089,妹 尾 忠 幸,61,56,6.86,2,0.28,,5-4-6,12730,31,5-4,3940,9,4-5-6,3490,11,4-5,1940,5,,,,,,,
20260801,若松,12,一般特選,晴,西,4,4,6,3,5125,高 井 雄 基,11,69,6.96,3,0.28,,5-4-6,12730,31,5-4,3940,9,4-5-6,3490,11,4-5,1940,5,,,,,,,
