date,venue_name,race_no,race_type,weather,wind_dir,wind_ms,wave_cm,rank,waku,reg_no,name,motor_no,boat_no,exhibition_time,course_enter,st_timing,race_time,won3,won3_pay,won3_pop,won2,won2_pay,won2_pop,trio,trio_pay,trio_pop,pair,pair_pay,pair_pop
20260907,びわこ,1,予選,曇り,無風,0,1,1,3,5368,宮 崎 心之介,26,40,6.76,3,0.10,1.50.4,3-4-5,1900,4,3-4,820,4,3-4-5,540,2,3-4,330,2
20260907,びわこ,1,予選,曇り,無風,0,1,2,4,5298,水 谷 理 人,52,43,6.85,4,0.06,1.51.6,3-4-5,1900,4,3-4,820,4,3-4-5,540,2,3-4,330,2
20260907,びわこ,1,予選,曇り,無風,0,1,3,5,5343,小 林 礼 央,27,26,6.74,5,0.19,1.54.0,3-4-5,1900,4,3-4,820,4,3-4-5,540,2,3-4,330,2
20260907,びわこ,1,予選,曇り,無風,0,1,4,1,5379,廣 部 大 明,17,36,6.75,1,0.12,1.55.5,3-4-5,1900,4,3-4,820,4,3-4-5,540,2,3-4,330,2
20260907,びわこ,1,予選,曇り,無風,0,1,5,6,5273,山 下 拓 巳,63,16,6.66,6,0.31,,3-4-5,1900,4,3-4,820,4,3-4-5,540,2,3-4,330,2
20260907,びわこ,1,予選,曇り,無風,0,1,6,2,5271,杉 山 太 陽,14,21,6.64,2,0.13,,3-4-5,1900,4,3-4,820,4,3-4-5,540,2,3-4,330,2
20260907,びわこ,2,予選,曇り,北東,1,2,1,6,5216,長谷川 晴 哉,48,56,6.78,5,0.18,1.50.3,6-4-5,27710,53,6-4,9990,17,4-5-6,6260,13,4-6,3270,7
20260907,びわこ,2,予選,曇り,北東,1,2,2,4,5290,坂 本 一 真,13,52,6.74,4,0.16,1.51.2,6-4-5,27710,53,6-4,9990,17,4-5-6,6260,13,4-6,3270,7
20260907,びわこ,2,予選,曇り,北東,1,2,3,5,5388,佐 野 優 都,60,20,6.71,6,0.17,1.52.5,6-4-5,27710,53,6-4,9990,17,4-5-6,6260,13,4-6,3270,7
20260907,びわこ,2,予選,曇り,北東,1,2,4,3,5179,藤 本 元 輝,30,47,6.69,3,0.28,1.53.7,6-4-5,27710,53,6-4,9990,17,4-5-6,6260,13,4-6,3270,7
20260907,びわこ,2,予選,曇り,北東,1,2,5,2,5157,市 川 健 太,41,25,6.79,2,0.26,,6-4-5,27710,53,6-4,9990,17,4-5-6,6260,13,4-6,3270,7
20260907,びわこ,2,予選,曇り,北東,1,2,6,1,5234,塚 越 海 斗,45,65,6.69,1,0.18,,6-4-5,27710,53,6-4,9990,17,4-5-6,6260,13,4-6,3270,7
20260907,びわこ,3,予選,曇り,南東,1,1,1,1,5186,遠 藤 圭 吾,49,28,6.72,1,0.17,1.50.6,1-2-3,1910,3,1-2,820,3,1-2-3,610,3,1-2,430,2
20260907,びわこ,3,予選,曇り,南東,1,1,2,2,5106,山 崎 祥,64,24,6.68,2,0.21,1.51.6,1-2-3,1910,3,1-2,820,3,1-2-3,610,3,1-2,430,2
20260907,びわこ,3,予選,曇り,南東,1,1,3,3,5135,仲 航 太,47,15,6.71,3,0.17,1.53.0,1-2-3,1910,3,1-2,820,3,1-2-3,610,3,1-2,430,2
20260907,びわこ,3,予選,曇り,南東,1,1,4,4,5255,藤 原 仙 二,15,59,6.81,4,0.21,1.53.5,1-2-3,1910,3,1-2,820,3,1-2-3,610,3,1-2,430,2
20260907,びわこ,3,予選,曇り,南東,1,1,5,6,5010,宇留田 翔 平,29,49,6.71,5,0.22,,1-2-3,1910,3,1-2,820,3,1-2-3,610,3,1-2,430,2
20260907,びわこ,3,予選,曇り,南東,1,1,6,5,5268,山 本 幸 也,46,32,6.80,6,0.23,,1-2-3,1910,3,1-2,820,3,1-2-3,610,3,1-2,430,2
20260907,びわこ,4,予選,曇り,無風,0,1,1,5,5376,吉 田 一 心,32,46,6.78,6,0.15,1.51.1,5-1-2,11840,39,5-1,3850,13,1-2-5,1750,6,1-5,1060,6
20260907,びわこ,4,予選,曇り,無風,0,1,2,1,5177,松 井 貫 太,58,67,6.72,1,0.32,1.52.1,5-1-2,11840,39,5-1,3850,13,1-2-5,1750,6,1-5,1060,6
20260907,びわこ,4,予選,曇り,無風,0,1,3,2,5060,数 原 魁,22,60,6.71,2,0.21,1.54.1,5-1-2,11840,39,5-1,3850,13,1-2-5,1750,6,1-5,1060,6
20260907,びわこ,4,予選,曇り,無風,0,1,4,6,5154,村 松 栄 太,57,72,6.75,4,0.17,1.54.9,5-1-2,11840,39,5-1,3850,13,1-2-5,1750,6,1-5,1060,6
20260907,びわこ,4,予選,曇り,無風,0,1,5,3,5222,津 田 陸 翔,37,31,6.60,3,0.20,,5-1-2,11840,39,5-1,3850,13,1-2-5,1750,6,1-5,1060,6
20260907,びわこ,4,予選,曇り,無風,0,1,6,4,5421,原 田 朱 理,23,22,6.78,5,0.26,,5-1-2,11840,39,5-1,3850,13,1-2-5,1750,6,1-5,1060,6
20260907,びわこ,5,予選,曇り,無風,0,1,1,1,5136,濱 野 斗 馬,61,64,6.68,1,0.12,1.50.7,1-2-3,560,1,1-2,240,1,1-2-3,280,1,1-2,190,1
20260907,びわこ,5,予選,曇り,無風,0,1,2,2,5212,西 川 拓 利,21,30,6.74,2,0.09,1.51.8,1-2-3,560,1,1-2,240,1,1-2-3,280,1,1-2,190,1
20260907,びわこ,5,予選,曇り,無風,0,1,3,3,5354,渡 邊 雄 斗,24,61,6.69,3,0.06,1.53.1,1-2-3,560,1,1-2,240,1,1-2-3,280,1,1-2,190,1
20260907,びわこ,5,予選,曇り,無風,0,1,4,6,5210,藤 井 公 人,20,11,6.67,6,0.21,1.54.1,1-2-3,560,1,1-2,240,1,1-2-3,280,1,1-2,190,1
20260907,びわこ,5,予選,曇り,無風,0,1,5,4,5343,小 林 礼 央,27,26,6.66,4,0.04,,1-2-3,560,1,1-2,240,1,1-2-3,280,1,1-2,190,1
20260907,びわこ,5,予選,曇り,無風,0,1,6,5,5329,金 子 龍 斗,54,53,6.64,5,0.31,,1-2-3,560,1,1-2,240,1,1-2-3,280,1,1-2,190,1
20260907,びわこ,6,予選,曇り,無風,0,1,1,1,5134,大 原 祥 昌,33,54,6.72,1,0.19,1.50.4,1-2-3,1270,5,1-2,830,3,1-2-3,200,1,1-2,730,2
20260907,びわこ,6,予選,曇り,無風,0,1,2,2,5167,小 川 竜太朗,62,33,6.74,2,0.13,1.51.9,1-2-3,1270,5,1-2,830,3,1-2-3,200,1,1-2,730,2
20260907,びわこ,6,予選,曇り,無風,0,1,3,3,5280,廣 瀬 凜,11,19,6.79,3,0.12,1.53.0,1-2-3,1270,5,1-2,830,3,1-2-3,200,1,1-2,730,2
20260907,びわこ,6,予選,曇り,無風,0,1,4,6,5276,大 島 隆乃介,51,51,6.69,5,0.15,1.55.5,1-2-3,1270,5,1-2,830,3,1-2-3,200,1,1-2,730,2
20260907,びわこ,6,予選,曇り,無風,0,1,5,4,5271,杉 山 太 陽,14,21,6.79,4,0.16,,1-2-3,1270,5,1-2,830,3,1-2-3,200,1,1-2,730,2
20260907,びわこ,6,予選,曇り,無風,0,1,6,5,5460,早 川 理 稀,65,44,6.73,6,0.17,,1-2-3,1270,5,1-2,830,3,1-2-3,200,1,1-2,730,2
20260907,びわこ,7,予選,雨,東,1,1,1,4,5018,竹 下 大 樹,66,62,6.71,4,0.14,1.49.5,4-2-3,1560,4,4-2,500,2,2-3-4,250,1,2-4,250,1
20260907,びわこ,7,予選,雨,東,1,1,2,2,5298,水 谷 理 人,52,43,6.75,2,0.13,1.51.6,4-2-3,1560,4,4-2,500,2,2-3-4,250,1,2-4,250,1
20260907,びわこ,7,予選,雨,東,1,1,3,3,5157,市 川 健 太,41,25,6.69,3,0.15,1.52.6,4-2-3,1560,4,4-2,500,2,2-3-4,250,1,2-4,250,1
20260907,びわこ,7,予選,雨,東,1,1,4,6,5377,鳥居塚 嶺 王,36,17,6.72,6,0.23,1.54.1,4-2-3,1560,4,4-2,500,2,2-3-4,250,1,2-4,250,1
20260907,びわこ,7,予選,雨,東,1,1,5,5,5130,上 野 拓 馬,44,73,6.68,5,0.21,,4-2-3,1560,4,4-2,500,2,2-3-4,250,1,2-4,250,1
20260907,びわこ,7,予選,雨,東,1,1,6,1,5152,丸 山 祐 也,68,18,6.78,1,0.32,,4-2-3,1560,4,4-2,500,2,2-3-4,250,1,2-4,250,1
20260907,びわこ,8,予選,曇り,東,1,1,1,1,5268,山 本 幸 也,46,32,6.69,1,0.12,1.51.7,1-2-5,960,2,1-2,610,3,1-2-5,210,1,1-2,270,1
20260907,びわこ,8,予選,曇り,東,1,1,2,2,5238,笹 木 香 吾,53,69,6.68,2,0.14,1.53.4,1-2-5,960,2,1-2,610,3,1-2-5,210,1,1-2,270,1
20260907,びわこ,8,予選,曇り,東,1,1,3,5,5275,松 田 淳 平,19,57,6.64,5,0.08,1.55.7,1-2-5,960,2,1-2,610,3,1-2-5,210,1,1-2,270,1
20260907,びわこ,8,予選,曇り,東,1,1,4,6,5247,大 森 翼,35,13,6.69,6,0.11,1.56.9,1-2-5,960,2,1-2,610,3,1-2-5,210,1,1-2,270,1
20260907,びわこ,8,予選,曇り,東,1,1,5,3,5379,廣 部 大 明,17,36,6.71,3,0.04,,1-2-5,960,2,1-2,610,3,1-2-5,210,1,1-2,270,1
20260907,びわこ,8,予選,曇り,東,1,1,6,4,5421,原 田 朱 理,23,22,6.68,4,0.12,,1-2-5,960,2,1-2,610,3,1-2-5,210,1,1-2,270,1
20260907,びわこ,9,予選特賞,雨,東,1,1,1,1,5221,竹 間 隆 晟,18,48,6.67,1,0.09,1.50.0,1-4-5,2980,13,1-4,950,5,1-4-5,1020,5,1-4,1070,5
20260907,びわこ,9,予選特賞,雨,東,1,1,2,4,5186,遠 藤 圭 吾,49,28,6.83,4,0.11,1.52.6,1-4-5,2980,13,1-4,950,5,1-4-5,1020,5,1-4,1070,5
20260907,びわこ,9,予選特賞,雨,東,1,1,3,5,5212,西 川 拓 利,21,30,6.82,5,0.08,1.53.8,1-4-5,2980,13,1-4,950,5,1-4-5,1020,5,1-4,1070,5
20260907,びわこ,9,予選特賞,雨,東,1,1,4,3,5177,松 井 貫 太,58,67,6.75,3,0.14,1.54.1,1-4-5,2980,13,1-4,950,5,1-4-5,1020,5,1-4,1070,5
20260907,びわこ,9,予選特賞,雨,東,1,1,5,6,5226,藤 田 俊 祐,72,66,6.74,6,0.12,,1-4-5,2980,13,1-4,950,5,1-4-5,1020,5,1-4,1070,5
20260907,びわこ,9,予選特賞,雨,東,1,1,6,2,5246,楠 将太郎,73,38,6.84,2,0.12,,1-4-5,2980,13,1-4,950,5,1-4-5,1020,5,1-4,1070,5
20260907,びわこ,10,予選特賞,曇り,無風,0,1,1,1,5222,津 田 陸 翔,37,31,6.69,1,0.19,1.50.7,1-5-6,11420,28,1-5,1670,5,1-5-6,4870,13,1-5,1150,5
20260907,びわこ,10,予選特賞,曇り,無風,0,1,2,5,5167,小 川 竜太朗,62,33,6.79,5,0.18,1.52.6,1-5-6,11420,28,1-5,1670,5,1-5-6,4870,13,1-5,1150,5
20260907,びわこ,10,予選特賞,曇り,無風,0,1,3,6,5135,仲 航 太,47,15,6.79,6,0.22,1.53.6,1-5-6,11420,28,1-5,1670,5,1-5-6,4870,13,1-5,1150,5
20260907,びわこ,10,予選特賞,曇り,無風,0,1,4,3,5136,濱 野 斗 馬,61,64,6.77,3,0.16,1.54.9,1-5-6,11420,28,1-5,1670,5,1-5-6,4870,13,1-5,1150,5
20260907,びわこ,10,予選特賞,曇り,無風,0,1,5,4,5303,土 井 歩 夢,34,23,6.72,4,0.17,,1-5-6,11420,28,1-5,1670,5,1-5-6,4870,13,1-5,1150,5
20260907,びわこ,10,予選特賞,曇り,無風,0,1,6,2,5199,垂 水 悠,38,50,6.78,2,0.27,,1-5-6,11420,28,1-5,1670,5,1-5-6,4870,13,1-5,1150,5
20260907,びわこ,11,予選特選,曇り,無風,0,1,1,1,5255,藤 原 仙 二,15,59,6.77,1,0.22,1.50.3,1-4-5,1070,3,1-4,420,2,1-4-5,450,2,1-4,130,1
20260907,びわこ,11,予選特選,曇り,無風,0,1,2,4,5234,塚 越 海 斗,45,65,6.75,4,0.10,1.52.3,1-4-5,1070,3,1-4,420,2,1-4-5,450,2,1-4,130,1
20260907,びわこ,11,予選特選,曇り,無風,0,1,3,5,5060,数 原 魁,22,60,6.67,5,0.18,1.53.7,1-4-5,1070,3,1-4,420,2,1-4-5,450,2,1-4,130,1
20260907,びわこ,11,予選特選,曇り,無風,0,1,4,2,5134,大 原 祥 昌,33,54,6.83,2,0.17,1.54.6,1-4-5,1070,3,1-4,420,2,1-4-5,450,2,1-4,130,1
20260907,びわこ,11,予選特選,曇り,無風,0,1,5,3,5152,丸 山 祐 也,68,18,6.68,3,0.14,,1-4-5,1070,3,1-4,420,2,1-4-5,450,2,1-4,130,1
20260907,びわこ,11,予選特選,曇り,無風,0,1,6,6,5354,渡 邊 雄 斗,24,61,6.74,6,0.27,,1-4-5,1070,3,1-4,420,2,1-4-5,450,2,1-4,130,1
20260907,びわこ,12,予選特選,曇り,南東,1,1,1,1,5018,竹 下 大 樹,66,62,6.65,1,0.11,1.49.1,1-5-6,3170,15,1-5,750,4,1-5-6,2180,10,1-5,1020,4
20260907,びわこ,12,予選特選,曇り,南東,1,1,2,5,5368,宮 崎 心之介,26,40,6.74,5,0.08,1.51.7,1-5-6,3170,15,1-5,750,4,1-5-6,2180,10,1-5,1020,4
20260907,びわこ,12,予選特選,曇り,南東,1,1,3,6,5106,山 崎 祥,64,24,6.81,6,0.17,1.53.2,1-5-6,3170,15,1-5,750,4,1-5-6,2180,10,1-5,1020,4
20260907,びわこ,12,予選特選,曇り,南東,1,1,4,2,5216,長谷川 晴 哉,48,56,6.76,2,0.18,1.54.1,1-5-6,3170,15,1-5,750,4,1-5-6,2180,10,1-5,1020,4
20260907,びわこ,12,予選特選,曇り,南東,1,1,5,3,5154,村 松 栄 太,57,72,6.71,3,0.19,,1-5-6,3170,15,1-5,750,4,1-5-6,2180,10,1-5,1020,4
20260907,びわこ,12,予選特選,曇り,南東,1,1,6,4,5238,笹 木 香 吾,53,69,6.86,4,0.22,,1-5-6,3170,15,1-5,750,4,1-5-6,2180,10,1-5,1020,4
20260907,三国,1,みくにあさイ,曇り,南東,2,2,1,3,5115,香 川 颯 太,25,37,6.69,3,0.08,1.51.7,3-5-1,3250,12,3-5,1590,6,1-3-5,390,3,3-5,1030,5
20260907,三国,1,みくにあさイ,曇り,南東,2,2,2,5,4128,川 口 貴 久,30,44,6.81,5,0.21,1.53.1,3-5-1,3250,12,3-5,1590,6,1-3-5,390,3,3-5,1030,5
20260907,三国,1,みくにあさイ,曇り,南東,2,2,3,1,4394,永 嶋 裕 一,61,43,6.83,1,0.11,1.54.0,3-5-1,3250,12,3-5,1590,6,1-3-5,390,3,3-5,1030,5
20260907,三国,1,みくにあさイ,曇り,南東,2,2,4,4,4879,山 崎 鉄 平,58,50,6.85,4,0.16,1.55.3,3-5-1,3250,12,3-5,1590,6,1-3-5,390,3,3-5,1030,5
20260907,三国,1,みくにあさイ,曇り,南東,2,2,5,6,4169,多 田 有 佑,37,32,6.72,6,0.23,,3-5-1,3250,12,3-5,1590,6,1-3-5,390,3,3-5,1030,5
20260907,三国,1,みくにあさイ,曇り,南東,2,2,6,2,4552,杉 山 勝 匡,22,59,6.81,2,0.17,,3-5-1,3250,12,3-5,1590,6,1-3-5,390,3,3-5,1030,5
20260907,三国,2,みくにあさガ,曇り,南東,4,4,1,1,4061,萩 原 秀 人,28,60,6.83,1,0.22,1.50.7,1-2-3,1210,4,1-2,190,1,1-2-3,640,3,1-2,150,1
20260907,三国,2,みくにあさガ,曇り,南東,4,4,2,2,4509,平 見 真 彦,56,65,6.75,2,0.24,1.51.8,1-2-3,1210,4,1-2,190,1,1-2-3,640,3,1-2,150,1
20260907,三国,2,みくにあさガ,曇り,南東,4,4,3,3,4340,土 性 雅 也,48,42,6.80,3,0.29,1.53.9,1-2-3,1210,4,1-2,190,1,1-2-3,640,3,1-2,150,1
20260907,三国,2,みくにあさガ,曇り,南東,4,4,4,4,4252,松 下 哲 也,31,22,6.67,4,0.27,1.55.3,1-2-3,1210,4,1-2,190,1,1-2-3,640,3,1-2,150,1
20260907,三国,2,みくにあさガ,曇り,南東,4,4,5,5,4489,岩 川 仁 士,44,19,6.73,5,0.21,,1-2-3,1210,4,1-2,190,1,1-2-3,640,3,1-2,150,1
20260907,三国,2,みくにあさガ,曇り,南東,4,4,6,6,4346,前 田 健太郎,41,33,6.83,6,0.23,,1-2-3,1210,4,1-2,190,1,1-2-3,640,3,1-2,150,1
20260907,三国,3,みくにあさズ,曇り,南東,2,2,1,1,4215,吉 島 祥 之,65,48,6.78,1,0.13,2.00.8,1-2-4,5670,15,1-2,1540,6,1-2-4,2820,8,1-2,1000,5
20260907,三国,3,みくにあさズ,曇り,南東,2,2,2,2,5027,重 冨 勇 哉,18,69,6.71,2,0.19,2.03.8,1-2-4,5670,15,1-2,1540,6,1-2-4,2820,8,1-2,1000,5
20260907,三国,3,みくにあさズ,曇り,南東,2,2,3,4,4580,長谷川 雅 和,32,41,6.81,4,0.15,2.08.2,1-2-4,5670,15,1-2,1540,6,1-2-4,2820,8,1-2,1000,5
20260907,三国,3,みくにあさズ,曇り,南東,2,2,4,6,5470,坂 口 諒 宗,50,68,6.74,6,0.36,2.10.9,1-2-4,5670,15,1-2,1540,6,1-2-4,2820,8,1-2,1000,5
20260907,三国,3,みくにあさズ,曇り,南東,2,2,5,5,5037,田 頭 虎 親,55,61,6.74,5,0.17,,1-2-4,5670,15,1-2,1540,6,1-2-4,2820,8,1-2,1000,5
20260907,三国,3,みくにあさズ,曇り,南東,2,2,S1,3,3959,坪 井 康 晴,24,24,6.70,3,0.21,,1-2-4,5670,15,1-2,1540,6,1-2-4,2820,8,1-2,1000,5
20260907,三国,4,みくにあさ推,曇り,南東,1,1,1,3,4669,井 上 茂,66,52,6.71,3,0.13,1.50.1,3-1-5,5760,19,3-1,4250,10,1-3-5,330,2,1-3,510,3
20260907,三国,4,みくにあさ推,曇り,南東,1,1,2,1,4822,百 武 翔,70,53,6.78,1,0.05,1.51.6,3-1-5,5760,19,3-1,4250,10,1-3-5,330,2,1-3,510,3
20260907,三国,4,みくにあさ推,曇り,南東,1,1,3,5,4166,吉 田 拡 郎,49,21,6.72,5,0.12,1.53.2,3-1-5,5760,19,3-1,4250,10,1-3-5,330,2,1-3,510,3
20260907,三国,4,みくにあさ推,曇り,南東,1,1,4,4,4575,戸 塚 邦 好,38,55,6.78,4,0.16,1.54.5,3-1-5,5760,19,3-1,4250,10,1-3-5,330,2,1-3,510,3
20260907,三国,4,みくにあさ推,曇り,南東,1,1,5,6,3812,山 崎 聖 司,20,49,6.74,6,0.22,,3-1-5,5760,19,3-1,4250,10,1-3-5,330,2,1-3,510,3
20260907,三国,4,みくにあさ推,曇り,南東,1,1,6,2,3730,塩 崎 優 司,68,28,6.88,2,0.14,,3-1-5,5760,19,3-1,4250,10,1-3-5,330,2,1-3,510,3
20260907,三国,5,一般,曇り,南西,1,1,1,2,3804,中 渡 修 作,26,35,6.75,2,0.17,1.50.7,2-1-5,5830,23,2-1,1910,8,1-2-5,710,4,1-2,910,4
20260907,三国,5,一般,曇り,南西,1,1,2,1,4709,岡 村 将 也,69,29,6.76,1,0.22,1.52.4,2-1-5,5830,23,2-1,1910,8,1-2-5,710,4,1-2,910,4
20260907,三国,5,一般,曇り,南西,1,1,3,5,4073,大 橋 純一郎,67,67,6.76,5,0.14,1.52.6,2-1-5,5830,23,2-1,1910,8,1-2-5,710,4,1-2,910,4
20260907,三国,5,一般,曇り,南西,1,1,4,3,4731,間 野 兼 礼,62,23,6.69,3,0.14,1.54.0,2-1-5,5830,23,2-1,1910,8,1-2-5,710,4,1-2,910,4
20260907,三国,5,一般,曇り,南西,1,1,5,6,4270,岸 本 雄 貴,23,17,6.82,6,0.16,,2-1-5,5830,23,2-1,1910,8,1-2-5,710,4,1-2,910,4
20260907,三国,5,一般,曇り,南西,1,1,6,4,5023,久 永 祥 平,39,39,6.72,4,0.13,,2-1-5,5830,23,2-1,1910,8,1-2-5,710,4,1-2,910,4
20260907,三国,6,一般,曇り,南西,1,1,1,1,4346,前 田 健太郎,41,33,6.83,1,0.07,1.50.9,1-3-5,3790,15,1-3,1690,7,1-3-5,730,4,1-3,940,5
20260907,三国,6,一般,曇り,南西,1,1,2,3,4982,中 村 将 隆,34,38,6.79,3,0.04,1.51.2,1-3-5,3790,15,1-3,1690,7,1-3-5,730,4,1-3,940,5
20260907,三国,6,一般,曇り,南西,1,1,3,5,4685,島 村 隆 幸,11,36,6.85,5,0.08,1.53.1,1-3-5,3790,15,1-3,1690,7,1-3-5,730,4,1-3,940,5
20260907,三国,6,一般,曇り,南西,1,1,4,4,4933,板 橋 侑 我,29,31,6.80,4,0.03,1.54.3,1-3-5,3790,15,1-3,1690,7,1-3-5,730,4,1-3,940,5
20260907,三国,6,一般,曇り,南西,1,1,5,6,3776,横 井 健 太,16,70,6.79,6,0.15,,1-3-5,3790,15,1-3,1690,7,1-3-5,730,4,1-3,940,5
20260907,三国,6,一般,曇り,南西,1,1,6,2,4169,多 田 有 佑,37,32,6.78,2,0.05,,1-3-5,3790,15,1-3,1690,7,1-3-5,730,4,1-3,940,5
20260907,三国,7,一般,曇り,南西,2,2,1,4,3989,熊 本 英 一,33,58,6.79,2,0.22,1.50.3,4-3-5,46870,75,4-3,13730,23,3-4-5,3980,13,3-4,6630,11
20260907,三国,7,一般,曇り,南西,2,2,2,3,4252,松 下 哲 也,31,22,6.79,6,0.16,1.52.4,4-3-5,46870,75,4-3,13730,23,3-4-5,3980,13,3-4,6630,11
20260907,三国,7,一般,曇り,南西,2,2,3,5,4168,石 野 貴 之,43,20,6.69,3,0.13,1.52.7,4-3-5,46870,75,4-3,13730,23,3-4-5,3980,13,3-4,6630,11
20260907,三国,7,一般,曇り,南西,2,2,4,1,4633,森 智 也,19,57,6.79,1,0.14,1.52.7,4-3-5,46870,75,4-3,13730,23,3-4-5,3980,13,3-4,6630,11
20260907,三国,7,一般,曇り,南西,2,2,5,2,4128,川 口 貴 久,30,44,6.85,4,0.15,,4-3-5,46870,75,4-3,13730,23,3-4-5,3980,13,3-4,6630,11
20260907,三国,7,一般,曇り,南西,2,2,6,6,5282,中 本 大 樹,60,51,6.80,5,0.17,,4-3-5,46870,75,4-3,13730,23,3-4-5,3980,13,3-4,6630,11
20260907,三国,8,一般,曇り,西,1,1,1,5,5027,重 冨 勇 哉,18,69,6.69,5,0.04,1.50.9,5-1-2,8910,24,5-1,2950,8,1-2-5,620,3,1-5,1210,4
20260907,三国,8,一般,曇り,西,1,1,2,1,3692,竹 腰 正 樹,46,40,6.72,1,0.09,1.52.0,5-1-2,8910,24,5-1,2950,8,1-2-5,620,3,1-5,1210,4
20260907,三国,8,一般,曇り,西,1,1,3,2,4489,岩 川 仁 士,44,19,6.72,2,0.11,1.53.7,5-1-2,8910,24,5-1,2950,8,1-2-5,620,3,1-5,1210,4
20260907,三国,8,一般,曇り,西,1,1,4,4,4511,中 岡 健 人,14,56,6.81,4,0.05,1.54.0,5-1-2,8910,24,5-1,2950,8,1-2-5,620,3,1-5,1210,4
20260907,三国,8,一般,曇り,西,1,1,5,6,4552,杉 山 勝 匡,22,59,6.64,6,0.01,,5-1-2,8910,24,5-1,2950,8,1-2-5,620,3,1-5,1210,4
20260907,三国,8,一般,曇り,西,1,1,6,3,4664,東 口 晃,17,66,6.76,3,0.13,,5-1-2,8910,24,5-1,2950,8,1-2-5,620,3,1-5,1210,4
20260907,三国,9,一般,曇り,西,1,1,1,2,5037,田 頭 虎 親,55,14,6.77,2,0.19,1.49.9,2-3-5,7400,27,2-3,1640,8,2-3-5,2420,10,2-3,1090,5
20260907,三国,9,一般,曇り,西,1,1,2,3,4196,田 中 太一郎,53,15,6.84,3,0.16,1.51.5,2-3-5,7400,27,2-3,1640,8,2-3-5,2420,10,2-3,1090,5
20260907,三国,9,一般,曇り,西,1,1,3,5,3804,中 渡 修 作,26,35,6.85,5,0.21,1.53.0,2-3-5,7400,27,2-3,1640,8,2-3-5,2420,10,2-3,1090,5
20260907,三国,9,一般,曇り,西,1,1,4,4,5161,登 玉 隼 百,59,63,6.74,4,0.15,1.53.0,2-3-5,7400,27,2-3,1640,8,2-3-5,2420,10,2-3,1090,5
20260907,三国,9,一般,曇り,西,1,1,5,6,3730,塩 崎 優 司,68,28,6.97,6,0.22,,2-3-5,7400,27,2-3,1640,8,2-3-5,2420,10,2-3,1090,5
20260907,三国,9,一般,曇り,西,1,1,6,1,4718,北 川 太 一,47,46,6.75,1,0.27,,2-3-5,7400,27,2-3,1640,8,2-3-5,2420,10,2-3,1090,5
20260907,三国,10,準優勝戦,曇り,西,2,2,1,1,4933,板 橋 侑 我,29,31,6.83,1,0.14,1.50.4,1-5-2,3450,14,1-5,1510,6,1-2-5,850,3,1-5,1250,4
20260907,三国,10,準優勝戦,曇り,西,2,2,2,5,4394,永 嶋 裕 一,61,43,6.81,4,0.07,1.52.0,1-5-2,3450,14,1-5,1510,6,1-2-5,850,3,1-5,1250,4
20260907,三国,10,準優勝戦,曇り,西,2,2,3,2,4073,大 橋 純一郎,67,67,6.83,2,0.17,1.53.8,1-5-2,3450,14,1-5,1510,6,1-2-5,850,3,1-5,1250,4
20260907,三国,10,準優勝戦,曇り,西,2,2,4,6,4215,吉 島 祥 之,65,48,6.88,5,0.17,1.54.8,1-5-2,3450,14,1-5,1510,6,1-2-5,850,3,1-5,1250,4
20260907,三国,10,準優勝戦,曇り,西,2,2,5,4,5115,香 川 颯 太,25,37,6.72,6,0.12,,1-5-2,3450,14,1-5,1510,6,1-2-5,850,3,1-5,1250,4
20260907,三国,10,準優勝戦,曇り,西,2,2,6,3,4575,戸 塚 邦 好,38,55,6.82,3,0.25,,1-5-2,3450,14,1-5,1510,6,1-2-5,850,3,1-5,1250,4
20260907,三国,11,準優勝戦,曇り,西,2,2,1,4,3959,坪 井 康 晴,24,24,6.80,4,0.07,1.49.8,4-2-5,19000,42,4-2,3930,9,2-4-5,4690,13,2-4,1330,5
20260907,三国,11,準優勝戦,曇り,西,2,2,2,2,4166,吉 田 拡 郎,49,21,6.84,2,0.21,1.51.5,4-2-5,19000,42,4-2,3930,9,2-4-5,4690,13,2-4,1330,5
20260907,三国,11,準優勝戦,曇り,西,2,2,3,5,4633,森 智 也,19,57,6.83,5,0.13,1.52.6,4-2-5,19000,42,4-2,3930,9,2-4-5,4690,13,2-4,1330,5
20260907,三国,11,準優勝戦,曇り,西,2,2,4,3,5023,久 永 祥 平,39,39,6.83,3,0.19,1.53.9,4-2-5,19000,42,4-2,3930,9,2-4-5,4690,13,2-4,1330,5
20260907,三国,11,準優勝戦,曇り,西,2,2,5,1,4685,島 村 隆 幸,11,36,6.85,1,0.14,,4-2-5,19000,42,4-2,3930,9,2-4-5,4690,13,2-4,1330,5
20260907,三国,11,準優勝戦,曇り,西,2,2,6,6,4061,萩 原 秀 人,28,60,6.87,6,0.14,,4-2-5,19000,42,4-2,3930,9,2-4-5,4690,13,2-4,1330,5
20260907,三国,12,準優勝戦,曇り,西,1,1,1,1,4168,石 野 貴 之,43,20,6.75,1,0.11,1.49.8,1-6-3,17120,27,1-6,2840,5,1-3-6,2050,10,1-6,2600,6
20260907,三国,12,準優勝戦,曇り,西,1,1,2,6,3692,竹 腰 正 樹,46,40,6.82,6,0.17,1.52.1,1-6-3,17120,27,1-6,2840,5,1-3-6,2050,10,1-6,2600,6
20260907,三国,12,準優勝戦,曇り,西,1,1,3,3,3989,熊 本 英 一,33,58,6.84,3,0.22,1.52.8,1-6-3,17120,27,1-6,2840,5,1-3-6,2050,10,1-6,2600,6
20260907,三国,12,準優勝戦,曇り,西,1,1,4,4,4509,平 見 真 彦,56,65,6.81,4,0.15,1.53.7,1-6-3,17120,27,1-6,2840,5,1-3-6,2050,10,1-6,2600,6
20260907,三国,12,準優勝戦,曇り,西,1,1,5,2,4580,長谷川 雅 和,32,41,6.88,2,0.17,,1-6-3,17120,27,1-6,2840,5,1-3-6,2050,10,1-6,2600,6
20260907,三国,12,準優勝戦,曇り,西,1,1,6,5,4822,百 武 翔,70,53,6.84,5,0.18,,1-6-3,17120,27,1-6,2840,5,1-3-6,2050,10,1-6,2600,6
20260907,児島,1,朝得ガァ～コ,曇り,南,2,3,1,1,4441,末 永 由 楽,66,36,6.90,1,0.22,1.50.6,1-3-5,1330,7,1-3,300,2,1-3-5,960,5,1-3,220,1
20260907,児島,1,朝得ガァ～コ,曇り,南,2,3,2,3,5286,坂 井 滉 哉,52,39,6.91,3,0.31,1.52.9,1-3-5,1330,7,1-3,300,2,1-3-5,960,5,1-3,220,1
20260907,児島,1,朝得ガァ～コ,曇り,南,2,3,3,5,4343,村 岡 賢,54,13,6.95,5,0.36,1.54.3,1-3-5,1330,7,1-3,300,2,1-3-5,960,5,1-3,220,1
20260907,児島,1,朝得ガァ～コ,曇り,南,2,3,4,4,3284,渡 邊 伸太郎,64,15,6.97,4,0.36,1.55.3,1-3-5,1330,7,1-3,300,2,1-3-5,960,5,1-3,220,1
20260907,児島,1,朝得ガァ～コ,曇り,南,2,3,5,2,4924,中 北 涼,67,75,6.88,2,0.30,,1-3-5,1330,7,1-3,300,2,1-3-5,960,5,1-3,220,1
20260907,児島,1,朝得ガァ～コ,曇り,南,2,3,6,6,5423,高 橋 嗣 穏,33,29,6.92,6,0.43,,1-3-5,1330,7,1-3,300,2,1-3-5,960,5,1-3,220,1
20260907,児島,2,予選,曇り,南,3,3,1,5,5047,國 分 将太郎,15,59,6.97,5,0.14,1.51.3,5-1-4,6700,26,5-1,1390,5,1-4-5,600,2,1-5,520,3
20260907,児島,2,予選,曇り,南,3,3,2,1,4410,井 上 大 輔,24,20,6.87,1,0.14,1.52.7,5-1-4,6700,26,5-1,1390,5,1-4-5,600,2,1-5,520,3
20260907,児島,2,予選,曇り,南,3,3,3,4,4374,永 田 義 紘,46,54,6.88,4,0.13,1.54.6,5-1-4,6700,26,5-1,1390,5,1-4-5,600,2,1-5,520,3
20260907,児島,2,予選,曇り,南,3,3,4,3,5326,三 嶌 さらら,53,53,6.92,3,0.13,1.55.0,5-1-4,6700,26,5-1,1390,5,1-4-5,600,2,1-5,520,3
20260907,児島,2,予選,曇り,南,3,3,5,2,5124,上 瀧 絢 也,11,51,6.94,2,0.15,,5-1-4,6700,26,5-1,1390,5,1-4-5,600,2,1-5,520,3
20260907,児島,2,予選,曇り,南,3,3,6,6,5338,香 月 大 輝,16,70,6.89,6,0.06,,5-1-4,6700,26,5-1,1390,5,1-4-5,600,2,1-5,520,3
20260907,児島,3,予選,曇り,南西,1,3,1,4,4460,後 藤 翔 之,23,41,6.80,4,0.38,1.50.0,4-2-5,8890,45,4-2,3180,20,2-4-5,950,6,2-4,1430,9
20260907,児島,3,予選,曇り,南西,1,3,2,2,4131,原 豊 土,39,34,6.87,2,0.37,1.51.0,4-2-5,8890,45,4-2,3180,20,2-4-5,950,6,2-4,1430,9
20260907,児島,3,予選,曇り,南西,1,3,3,5,4072,森 永 淳,21,58,6.84,5,0.31,1.52.8,4-2-5,8890,45,4-2,3180,20,2-4-5,950,6,2-4,1430,9
20260907,児島,3,予選,曇り,南西,1,3,4,3,4314,青 木 幸太郎,58,40,6.76,3,0.45,1.54.3,4-2-5,8890,45,4-2,3180,20,2-4-5,950,6,2-4,1430,9
20260907,児島,3,予選,曇り,南西,1,3,5,1,5074,大 澤 誠 也,38,38,6.82,1,0.34,,4-2-5,8890,45,4-2,3180,20,2-4-5,950,6,2-4,1430,9
20260907,児島,3,予選,曇り,南西,1,3,6,6,4499,滝 川 真由子,26,46,6.85,6,0.38,,4-2-5,8890,45,4-2,3180,20,2-4-5,950,6,2-4,1430,9
20260907,児島,4,コジマだ４っ,曇り,南,2,3,1,2,5109,川 崎 智 稔,68,61,6.84,2,0.11,1.50.5,2-4-5,13560,53,2-4,2770,12,2-4-5,3120,14,2-4,1300,7
20260907,児島,4,コジマだ４っ,曇り,南,2,3,2,4,4828,松 山 将 吾,42,67,6.91,4,0.14,1.52.8,2-4-5,13560,53,2-4,2770,12,2-4-5,3120,14,2-4,1300,7
20260907,児島,4,コジマだ４っ,曇り,南,2,3,3,5,4449,中 嶋 達 也,63,69,6.91,5,0.11,1.53.6,2-4-5,13560,53,2-4,2770,12,2-4-5,3120,14,2-4,1300,7
20260907,児島,4,コジマだ４っ,曇り,南,2,3,4,3,4286,平 田 さやか,17,11,6.81,3,0.11,1.54.8,2-4-5,13560,53,2-4,2770,12,2-4-5,3120,14,2-4,1300,7
20260907,児島,4,コジマだ４っ,曇り,南,2,3,5,6,4789,古 賀 智 之,37,12,6.91,6,0.28,,2-4-5,13560,53,2-4,2770,12,2-4-5,3120,14,2-4,1300,7
20260907,児島,4,コジマだ４っ,曇り,南,2,3,6,1,5076,石 原 光,22,56,6.89,1,0.40,,2-4-5,13560,53,2-4,2770,12,2-4-5,3120,14,2-4,1300,7
20260907,児島,5,日替艇食戦,曇り,南,3,3,1,1,3988,古 川 誠 之,61,52,6.76,1,0.11,1.50.9,1-4-5,780,1,1-4,360,1,1-4-5,230,1,1-4,370,1
20260907,児島,5,日替艇食戦,曇り,南,3,3,2,4,5299,西 丸 敦 基,62,37,6.88,4,0.04,1.52.3,1-4-5,780,1,1-4,360,1,1-4-5,230,1,1-4,370,1
20260907,児島,5,日替艇食戦,曇り,南,3,3,3,5,4350,篠 崎 元 志,28,28,6.91,5,0.06,1.54.2,1-4-5,780,1,1-4,360,1,1-4-5,230,1,1-4,370,1
20260907,児島,5,日替艇食戦,曇り,南,3,3,4,6,4382,高 山 智 至,31,68,6.86,6,0.10,1.55.8,1-4-5,780,1,1-4,360,1,1-4-5,230,1,1-4,370,1
20260907,児島,5,日替艇食戦,曇り,南,3,3,5,3,5063,大 塚 雅 治,34,23,6.89,3,0.11,,1-4-5,780,1,1-4,360,1,1-4-5,230,1,1-4,370,1
20260907,児島,5,日替艇食戦,曇り,南,3,3,6,2,5335,森 陽 多,20,45,6.80,2,0.19,,1-4-5,780,1,1-4,360,1,1-4-5,230,1,1-4,370,1
20260907,児島,6,予選,曇り,南,4,3,1,4,4067,永 井 源,14,14,6.88,4,0.19,1.50.1,4-1-3,2470,15,4-1,970,7,1-3-4,360,1,1-4,450,2
20260907,児島,6,予選,曇り,南,4,3,2,1,4728,山 口 亮,60,33,6.93,1,0.24,1.51.8,4-1-3,2470,15,4-1,970,7,1-3-4,360,1,1-4,450,2
20260907,児島,6,予選,曇り,南,4,3,3,3,4549,小 林 文 彦,43,63,6.90,3,0.30,1.55.1,4-1-3,2470,15,4-1,970,7,1-3-4,360,1,1-4,450,2
20260907,児島,6,予選,曇り,南,4,3,4,2,4446,和 田 兼 輔,18,62,6.94,2,0.20,1.55.7,4-1-3,2470,15,4-1,970,7,1-3-4,360,1,1-4,450,2
20260907,児島,6,予選,曇り,南,4,3,5,6,3866,木 山 誠 一,40,42,7.00,5,0.31,,4-1-3,2470,15,4-1,970,7,1-3-4,360,1,1-4,450,2
20260907,児島,6,予選,曇り,南,4,3,6,5,5423,高 橋 嗣 穏,33,29,6.94,6,0.32,,4-1-3,2470,15,4-1,970,7,1-3-4,360,1,1-4,450,2
20260907,児島,7,予選,曇り,南東,3,3,1,1,5047,國 分 将太郎,15,59,6.79,1,0.13,1.50.6,1-3-5,1640,4,1-3,990,4,1-3-5,670,4,1-3,1040,7
20260907,児島,7,予選,曇り,南東,3,3,2,3,3284,渡 邊 伸太郎,64,15,6.86,3,0.26,1.51.7,1-3-5,1640,4,1-3,990,4,1-3-5,670,4,1-3,1040,7
20260907,児島,7,予選,曇り,南東,3,3,3,5,4030,森 高 一 真,48,22,6.89,5,0.30,1.52.8,1-3-5,1640,4,1-3,990,4,1-3-5,670,4,1-3,1040,7
20260907,児島,7,予選,曇り,南東,3,3,4,4,4359,横 川 聖 志,36,31,6.92,4,0.26,1.54.8,1-3-5,1640,4,1-3,990,4,1-3-5,670,4,1-3,1040,7
20260907,児島,7,予選,曇り,南東,3,3,5,2,4788,小 池 哲 也,56,49,6.79,2,0.20,,1-3-5,1640,4,1-3,990,4,1-3-5,670,4,1-3,1040,7
20260907,児島,7,予選,曇り,南東,3,3,6,6,5464,宮 田 栞,65,16,6.78,6,0.29,,1-3-5,1640,4,1-3,990,4,1-3-5,670,4,1-3,1040,7
20260907,児島,8,予選,曇り,無風,0,1,1,2,4441,末 永 由 楽,66,36,6.87,2,0.03,1.50.1,2-3-1,18800,68,2-3,4690,20,1-2-3,1420,7,2-3,4150,12
20260907,児島,8,予選,曇り,無風,0,1,2,3,5292,佐 藤 右 京,25,55,6.95,3,0.06,1.51.6,2-3-1,18800,68,2-3,4690,20,1-2-3,1420,7,2-3,4150,12
20260907,児島,8,予選,曇り,無風,0,1,3,1,4374,永 田 義 紘,46,54,6.81,1,0.06,1.53.3,2-3-1,18800,68,2-3,4690,20,1-2-3,1420,7,2-3,4150,12
20260907,児島,8,予選,曇り,無風,0,1,4,5,4131,原 豊 土,39,34,6.82,5,0.10,1.54.0,2-3-1,18800,68,2-3,4690,20,1-2-3,1420,7,2-3,4150,12
20260907,児島,8,予選,曇り,無風,0,1,5,6,4364,池 永 太,50,66,6.86,6,0.09,,2-3-1,18800,68,2-3,4690,20,1-2-3,1420,7,2-3,4150,12
20260907,児島,8,予選,曇り,無風,0,1,6,4,4754,松 尾 充,32,25,6.86,4,0.07,,2-3-1,18800,68,2-3,4690,20,1-2-3,1420,7,2-3,4150,12
20260907,児島,9,これしか９じ,曇り,無風,0,1,1,3,4499,滝 川 真由子,26,46,6.85,3,0.22,1.50.2,3-1-5,5080,17,3-1,1090,5,1-3-5,940,5,1-3,260,2
20260907,児島,9,これしか９じ,曇り,無風,0,1,2,1,4286,平 田 さやか,17,11,6.78,1,0.19,1.51.7,3-1-5,5080,17,3-1,1090,5,1-3-5,940,5,1-3,260,2
20260907,児島,9,これしか９じ,曇り,無風,0,1,3,5,4924,中 北 涼,67,75,6.90,5,0.18,1.53.6,3-1-5,5080,17,3-1,1090,5,1-3-5,940,5,1-3,260,2
20260907,児島,9,これしか９じ,曇り,無風,0,1,4,4,5326,三 嶌 さらら,53,53,6.89,4,0.19,1.53.8,3-1-5,5080,17,3-1,1090,5,1-3-5,940,5,1-3,260,2
20260907,児島,9,これしか９じ,曇り,無風,0,1,5,2,5265,大 廣 咲 季,27,21,6.80,2,0.18,,3-1-5,5080,17,3-1,1090,5,1-3-5,940,5,1-3,260,2
20260907,児島,9,これしか９じ,曇り,無風,0,1,6,6,5358,増 本 杏 珠,41,47,6.94,6,0.35,,3-1-5,5080,17,3-1,1090,5,1-3-5,940,5,1-3,260,2
20260907,児島,10,予選特賞,曇り,南東,1,1,1,1,4314,青 木 幸太郎,58,40,6.87,1,0.04,1.50.1,1-3-2,1140,3,1-3,290,1,1-2-3,690,3,1-3,190,1
20260907,児島,10,予選特賞,曇り,南東,1,1,2,3,5299,西 丸 敦 基,62,37,6.85,3,0.03,1.51.8,1-3-2,1140,3,1-3,290,1,1-2-3,690,3,1-3,190,1
20260907,児島,10,予選特賞,曇り,南東,1,1,3,2,4343,村 岡 賢,54,13,6.93,2,0.09,1.54.0,1-3-2,1140,3,1-3,290,1,1-2-3,690,3,1-3,190,1
20260907,児島,10,予選特賞,曇り,南東,1,1,4,4,4797,中 山 将,57,60,6.88,4,0.18,1.54.2,1-3-2,1140,3,1-3,290,1,1-2-3,690,3,1-3,190,1
20260907,児島,10,予選特賞,曇り,南東,1,1,5,6,5124,上 瀧 絢 也,11,51,6.86,6,0.10,,1-3-2,1140,3,1-3,290,1,1-2-3,690,3,1-3,190,1
20260907,児島,10,予選特賞,曇り,南東,1,1,6,5,5109,川 崎 智 稔,68,61,6.90,5,0.11,,1-3-2,1140,3,1-3,290,1,1-2-3,690,3,1-3,190,1
20260907,児島,11,予選特選,曇り,北東,1,1,1,2,3988,古 川 誠 之,61,52,6.86,2,0.18,1.49.9,2-5-1,30180,54,2-5,8240,17,1-2-5,1420,6,2-5,3460,8
20260907,児島,11,予選特選,曇り,北東,1,1,2,5,5076,石 原 光,22,56,7.00,5,0.13,1.50.9,2-5-1,30180,54,2-5,8240,17,1-2-5,1420,6,2-5,3460,8
20260907,児島,11,予選特選,曇り,北東,1,1,3,1,4436,渋 谷 明 憲,12,35,6.97,1,0.15,1.52.4,2-5-1,30180,54,2-5,8240,17,1-2-5,1420,6,2-5,3460,8
20260907,児島,11,予選特選,曇り,北東,1,1,4,4,4549,小 林 文 彦,43,63,6.99,4,0.18,1.54.3,2-5-1,30180,54,2-5,8240,17,1-2-5,1420,6,2-5,3460,8
20260907,児島,11,予選特選,曇り,北東,1,1,5,3,4410,井 上 大 輔,24,20,6.97,3,0.14,,2-5-1,30180,54,2-5,8240,17,1-2-5,1420,6,2-5,3460,8
20260907,児島,11,予選特選,曇り,北東,1,1,6,6,4460,後 藤 翔 之,23,41,6.93,6,0.10,,2-5-1,30180,54,2-5,8240,17,1-2-5,1420,6,2-5,3460,8
20260907,児島,12,大スポ選抜,曇り,北,4,3,1,1,4350,篠 崎 元 志,28,28,6.92,1,0.08,1.50.9,1-4-5,2800,10,1-4,560,3,1-4-5,1240,5,1-4,790,3
20260907,児島,12,大スポ選抜,曇り,北,4,3,2,4,4364,池 永 太,50,66,6.98,4,0.08,1.52.3,1-4-5,2800,10,1-4,560,3,1-4-5,1240,5,1-4,790,3
20260907,児島,12,大スポ選抜,曇り,北,4,3,3,5,4446,和 田 兼 輔,18,62,6.85,5,0.16,1.53.7,1-4-5,2800,10,1-4,560,3,1-4-5,1240,5,1-4,790,3
20260907,児島,12,大スポ選抜,曇り,北,4,3,4,2,4030,森 高 一 真,48,22,6.90,2,0.12,1.54.0,1-4-5,2800,10,1-4,560,3,1-4-5,1240,5,1-4,790,3
20260907,児島,12,大スポ選抜,曇り,北,4,3,5,6,4828,松 山 将 吾,42,67,7.00,6,0.16,,1-4-5,2800,10,1-4,560,3,1-4-5,1240,5,1-4,790,3
20260907,児島,12,大スポ選抜,曇り,北,4,3,6,3,4072,森 永 淳,21,58,6.91,3,0.11,,1-4-5,2800,10,1-4,560,3,1-4-5,1240,5,1-4,790,3
20260907,大村,1,予選,晴,北東,6,5,1,1,4715,村 上 遼,57,37,6.93,1,0.10,1.51.5,1-3-2,930,2,1-3,420,2,1-2-3,340,1,1-3,290,2
20260907,大村,1,予選,晴,北東,6,5,2,3,4398,船 岡 洋一郎,68,32,6.98,3,0.15,1.53.1,1-3-2,930,2,1-3,420,2,1-2-3,340,1,1-3,290,2
20260907,大村,1,予選,晴,北東,6,5,3,2,5026,安河内 健,69,60,6.94,2,0.13,1.54.1,1-3-2,930,2,1-3,420,2,1-2-3,340,1,1-3,290,2
20260907,大村,1,予選,晴,北東,6,5,4,4,5058,前 原 大 道,76,71,7.00,4,0.10,1.55.2,1-3-2,930,2,1-3,420,2,1-2-3,340,1,1-3,290,2
20260907,大村,1,予選,晴,北東,6,5,5,6,4960,黒 野 元 基,56,11,6.91,6,0.05,,1-3-2,930,2,1-3,420,2,1-2-3,340,1,1-3,290,2
20260907,大村,1,予選,晴,北東,6,5,6,5,3909,佐々木 康 幸,73,59,6.94,5,0.08,,1-3-2,930,2,1-3,420,2,1-2-3,340,1,1-3,290,2
20260907,大村,2,予選,晴,北東,7,6,1,3,3822,平 尾 崇 典,53,39,6.98,3,0.17,1.53.1,3-4-5,18550,68,3-4,4830,20,3-4-5,2470,14,3-4,2070,9
20260907,大村,2,予選,晴,北東,7,6,2,4,4096,石 橋 道 友,19,55,6.94,4,0.23,1.54.3,3-4-5,18550,68,3-4,4830,20,3-4-5,2470,14,3-4,2070,9
20260907,大村,2,予選,晴,北東,7,6,3,5,4188,久 田 敏 之,81,31,7.01,5,0.11,1.56.2,3-4-5,18550,68,3-4,4830,20,3-4-5,2470,14,3-4,2070,9
20260907,大村,2,予選,晴,北東,7,6,4,6,4524,深 谷 知 博,55,17,6.98,6,0.21,1.56.7,3-4-5,18550,68,3-4,4830,20,3-4-5,2470,14,3-4,2070,9
20260907,大村,2,予選,晴,北東,7,6,5,2,4483,北 野 輝 季,70,57,6.95,2,0.21,,3-4-5,18550,68,3-4,4830,20,3-4-5,2470,14,3-4,2070,9
20260907,大村,2,予選,晴,北東,7,6,6,1,5088,高 憧 四 季,62,56,6.91,1,0.16,,3-4-5,18550,68,3-4,4830,20,3-4-5,2470,14,3-4,2070,9
20260907,大村,3,予選,晴,北東,7,6,1,1,4688,永 井 彪 也,54,62,6.93,1,0.19,1.52.4,1-6-4,3030,9,1-6,560,2,1-4-6,1550,6,1-6,550,2
20260907,大村,3,予選,晴,北東,7,6,2,6,3415,松 井 繁,52,25,6.96,2,0.18,1.54.0,1-6-4,3030,9,1-6,560,2,1-4-6,1550,6,1-6,550,2
20260907,大村,3,予選,晴,北東,7,6,3,4,4704,河 野 大,65,72,6.95,5,0.26,1.55.4,1-6-4,3030,9,1-6,560,2,1-4-6,1550,6,1-6,550,2
20260907,大村,3,予選,晴,北東,7,6,4,2,4482,守 屋 美 穂,46,47,6.90,3,0.20,1.55.8,1-6-4,3030,9,1-6,560,2,1-4-6,1550,6,1-6,550,2
20260907,大村,3,予選,晴,北東,7,6,5,3,5224,西 岡 顕 心,14,82,6.99,4,0.26,,1-6-4,3030,9,1-6,560,2,1-4-6,1550,6,1-6,550,2
20260907,大村,3,予選,晴,北東,7,6,6,5,5028,原 田 才一郎,60,29,6.90,6,0.29,,1-6-4,3030,9,1-6,560,2,1-4-6,1550,6,1-6,550,2
20260907,大村,4,予選,晴,北東,6,5,1,1,5191,飛 田 江 己,59,19,6.91,1,0.11,1.52.0,1-3-5,1770,8,1-3,430,2,1-3-5,1030,6,1-3,460,2
20260907,大村,4,予選,晴,北東,6,5,2,3,4776,竹 田 和 哉,49,27,6.97,3,0.08,1.52.7,1-3-5,1770,8,1-3,430,2,1-3-5,1030,6,1-3,460,2
20260907,大村,4,予選,晴,北東,6,5,3,5,4494,河 合 佑 樹,27,77,6.95,5,0.09,1.54.0,1-3-5,1770,8,1-3,430,2,1-3-5,1030,6,1-3,460,2
20260907,大村,4,予選,晴,北東,6,5,4,6,4544,松 田 大志郎,74,68,6.95,6,0.19,1.54.6,1-3-5,1770,8,1-3,430,2,1-3-5,1030,6,1-3,460,2
20260907,大村,4,予選,晴,北東,6,5,5,2,4908,上 田 龍 星,33,40,6.97,2,0.15,,1-3-5,1770,8,1-3,430,2,1-3-5,1030,6,1-3,460,2
20260907,大村,4,予選,晴,北東,6,5,6,4,3590,濱野谷 憲 吾,58,46,6.99,4,0.07,,1-3-5,1770,8,1-3,430,2,1-3-5,1030,6,1-3,460,2
20260907,大村,5,予選,晴,北東,6,5,1,1,4961,西 橋 奈 未,38,48,6.85,1,0.04,1.51.0,1-4-5,3170,11,1-4,1120,4,1-4-5,730,2,1-4,740,4
20260907,大村,5,予選,晴,北東,6,5,2,4,4571,菅 章 哉,44,35,6.91,5,0.06,1.53.6,1-4-5,3170,11,1-4,1120,4,1-4-5,730,2,1-4,740,4
20260907,大村,5,予選,晴,北東,6,5,3,5,4497,桑 原 悠,63,85,6.93,3,0.06,1.54.0,1-4-5,3170,11,1-4,1120,4,1-4-5,730,2,1-4,740,4
20260907,大村,5,予選,晴,北東,6,5,4,6,4335,若 林 将,47,34,6.92,6,0.05,1.55.5,1-4-5,3170,11,1-4,1120,4,1-4-5,730,2,1-4,740,4
20260907,大村,5,予選,晴,北東,6,5,5,2,3952,中 澤 和 志,43,43,6.97,2,0.08,,1-4-5,3170,11,1-4,1120,4,1-4-5,730,2,1-4,740,4
20260907,大村,5,予選,晴,北東,6,5,6,3,5016,宮 田 龍 馬,12,24,6.91,4,0.05,,1-4-5,3170,11,1-4,1120,4,1-4-5,730,2,1-4,740,4
20260907,大村,6,予選,晴,北東,5,4,1,1,5058,前 原 大 道,76,71,7.03,1,0.12,1.57.8,1-3-5,1700,4,1-3,500,2,1-3-5,950,5,1-3,430,2
20260907,大村,6,予選,晴,北東,5,4,2,3,4907,小 池 修 平,13,70,6.99,3,0.13,2.05.9,1-3-5,1700,4,1-3,500,2,1-3-5,950,5,1-3,430,2
20260907,大村,6,予選,晴,北東,5,4,3,5,4084,杉 山 正 樹,41,75,6.97,5,0.12,2.16.6,1-3-5,1700,4,1-3,500,2,1-3-5,950,5,1-3,430,2
20260907,大村,6,予選,晴,北東,5,4,4,4,3983,須 藤 博 倫,75,15,7.06,4,0.14,2.21.8,1-3-5,1700,4,1-3,500,2,1-3-5,950,5,1-3,430,2
20260907,大村,6,予選,晴,北東,5,4,S2,2,4504,前 田 将 太,24,73,6.95,2,0.16,,1-3-5,1700,4,1-3,500,2,1-3-5,950,5,1-3,430,2
20260907,大村,6,予選,晴,北東,5,4,S0,6,4262,馬 場 貴 也,37,38,6.97,6,0.14,,1-3-5,1700,4,1-3,500,2,1-3-5,950,5,1-3,430,2
20260907,大村,7,予選,晴,北東,5,4,1,1,4188,久 田 敏 之,81,31,6.94,1,0.07,1.51.8,1-2-5,1550,6,1-2,460,3,1-2-5,800,4,1-2,430,3
20260907,大村,7,予選,晴,北東,5,4,2,2,4910,中 村 泰 平,48,54,6.98,2,0.14,1.53.7,1-2-5,1550,6,1-2,460,3,1-2-5,800,4,1-2,430,3
20260907,大村,7,予選,晴,北東,5,4,3,5,4715,村 上 遼,57,37,6.93,5,0.11,1.54.9,1-2-5,1550,6,1-2,460,3,1-2-5,800,4,1-2,430,3
20260907,大村,7,予選,晴,北東,5,4,4,6,3716,石 渡 鉄 兵,45,12,6.98,6,0.11,1.55.4,1-2-5,1550,6,1-2,460,3,1-2-5,800,4,1-2,430,3
20260907,大村,7,予選,晴,北東,5,4,5,4,5051,松 本 純 平,23,81,7.00,4,0.21,,1-2-5,1550,6,1-2,460,3,1-2-5,800,4,1-2,430,3
20260907,大村,7,予選,晴,北東,5,4,6,3,4503,上 野 真之介,16,50,7.02,3,0.20,,1-2-5,1550,6,1-2,460,3,1-2-5,800,4,1-2,430,3
20260907,大村,8,予選,晴,北東,5,4,1,4,4960,黒 野 元 基,56,11,6.97,4,0.13,1.51.6,4-3-6,18490,58,4-3,3420,10,3-4-6,4840,16,3-4,1850,8
20260907,大村,8,予選,晴,北東,5,4,2,3,4174,赤 坂 俊 輔,17,51,6.94,3,0.30,1.52.8,4-3-6,18490,58,4-3,3420,10,3-4-6,4840,16,3-4,1850,8
20260907,大村,8,予選,晴,北東,5,4,3,6,4075,中 野 次 郎,36,36,6.98,6,0.23,1.54.9,4-3-6,18490,58,4-3,3420,10,3-4-6,4840,16,3-4,1850,8
20260907,大村,8,予選,晴,北東,5,4,4,1,3822,平 尾 崇 典,53,39,6.96,1,0.14,1.55.8,4-3-6,18490,58,4-3,3420,10,3-4-6,4840,16,3-4,1850,8
20260907,大村,8,予選,晴,北東,5,4,5,2,3415,松 井 繁,52,25,6.99,2,0.20,,4-3-6,18490,58,4-3,3420,10,3-4-6,4840,16,3-4,1850,8
20260907,大村,8,予選,晴,北東,5,4,6,5,4543,重 木 輝 彦,22,66,6.93,5,0.18,,4-3-6,18490,58,4-3,3420,10,3-4-6,4840,16,3-4,1850,8
20260907,大村,9,予選,晴,北東,5,4,1,1,3590,濱野谷 憲 吾,58,46,6.97,1,0.02,1.51.0,1-3-5,1750,7,1-3,400,2,1-3-5,1080,5,1-3,470,3
20260907,大村,9,予選,晴,北東,5,4,2,3,5028,原 田 才一郎,60,29,6.97,3,0.11,1.53.2,1-3-5,1750,7,1-3,400,2,1-3-5,1080,5,1-3,470,3
20260907,大村,9,予選,晴,北東,5,4,3,5,4352,下 條 雄太郎,25,20,6.97,5,0.22,1.54.7,1-3-5,1750,7,1-3,400,2,1-3-5,1080,5,1-3,470,3
20260907,大村,9,予選,晴,北東,5,4,4,6,4483,北 野 輝 季,70,57,6.91,6,0.15,1.55.6,1-3-5,1750,7,1-3,400,2,1-3-5,1080,5,1-3,470,3
20260907,大村,9,予選,晴,北東,5,4,5,2,3909,佐々木 康 幸,73,59,6.97,2,0.03,,1-3-5,1750,7,1-3,400,2,1-3-5,1080,5,1-3,470,3
20260907,大村,9,予選,晴,北東,5,4,6,4,3719,辻 栄 蔵,20,64,6.96,4,0.14,,1-3-5,1750,7,1-3,400,2,1-3-5,1080,5,1-3,470,3
20260907,大村,10,予選,晴,北東,5,4,1,1,3783,瓜 生 正 義,26,58,6.96,1,0.01,1.51.0,1-5-3,1310,6,1-5,470,3,1-3-5,450,2,1-5,270,2
20260907,大村,10,予選,晴,北東,5,4,2,5,5191,飛 田 江 己,59,19,6.90,5,0.05,1.52.8,1-5-3,1310,6,1-5,470,3,1-3-5,450,2,1-5,270,2
20260907,大村,10,予選,晴,北東,5,4,3,3,5088,高 憧 四 季,62,56,6.93,3,0.01,1.54.0,1-5-3,1310,6,1-5,470,3,1-3-5,450,2,1-5,270,2
20260907,大村,10,予選,晴,北東,5,4,4,4,5026,安河内 健,69,60,6.94,4,0.08,1.55.0,1-5-3,1310,6,1-5,470,3,1-3-5,450,2,1-5,270,2
20260907,大村,10,予選,晴,北東,5,4,5,6,4704,河 野 大,65,72,6.95,6,0.09,,1-5-3,1310,6,1-5,470,3,1-3-5,450,2,1-5,270,2
20260907,大村,10,予選,晴,北東,5,4,F,2,4497,桑 原 悠,63,85,6.93,2,F0.01,,1-5-3,1310,6,1-5,470,3,1-3-5,450,2,1-5,270,2
20260907,大村,11,予選,晴,北東,6,5,1,1,3983,須 藤 博 倫,75,15,6.95,1,0.16,1.52.1,1-2-3,1100,2,1-2,510,2,1-2-3,310,1,1-2,450,2
20260907,大村,11,予選,晴,北東,6,5,2,2,4544,松 田 大志郎,74,68,6.86,2,0.20,1.53.3,1-2-3,1100,2,1-2,510,2,1-2-3,310,1,1-2,450,2
20260907,大村,11,予選,晴,北東,6,5,3,3,4320,峰 竜 太,28,14,6.96,3,0.16,1.54.4,1-2-3,1100,2,1-2,510,2,1-2-3,310,1,1-2,450,2
20260907,大村,11,予選,晴,北東,6,5,4,5,4688,永 井 彪 也,54,62,6.96,5,0.15,1.54.6,1-2-3,1100,2,1-2,510,2,1-2-3,310,1,1-2,450,2
20260907,大村,11,予選,晴,北東,6,5,5,6,4398,船 岡 洋一郎,68,32,6.93,6,0.17,,1-2-3,1100,2,1-2,510,2,1-2-3,310,1,1-2,450,2
20260907,大村,11,予選,晴,北東,6,5,6,4,4524,深 谷 知 博,55,17,6.95,4,0.21,,1-2-3,1100,2,1-2,510,2,1-2-3,310,1,1-2,450,2
20260907,大村,12,発祥地ＤＲ,晴,北東,5,4,1,1,4238,毒 島 誠,61,74,6.92,1,0.08,1.49.5,1-2-3,650,1,1-2,230,1,1-2-3,390,1,1-2,170,1
20260907,大村,12,発祥地ＤＲ,晴,北東,5,4,2,2,4371,西 山 貴 浩,29,76,6.96,2,0.14,1.52.9,1-2-3,650,1,1-2,230,1,1-2-3,390,1,1-2,170,1
20260907,大村,12,発祥地ＤＲ,晴,北東,5,4,3,3,3779,原 田 幸 哉,77,49,6.95,3,0.13,1.53.4,1-2-3,650,1,1-2,230,1,1-2-3,390,1,1-2,170,1
20260907,大村,12,発祥地ＤＲ,晴,北東,5,4,4,4,4686,丸 野 一 樹,31,69,6.99,4,0.20,1.54.8,1-2-3,650,1,1-2,230,1,1-2-3,390,1,1-2,170,1
20260907,大村,12,発祥地ＤＲ,晴,北東,5,4,5,5,4500,山 田 康 二,34,67,6.96,5,0.18,,1-2-3,650,1,1-2,230,1,1-2-3,390,1,1-2,170,1
20260907,大村,12,発祥地ＤＲ,晴,北東,5,4,6,6,4719,上 條 暢 嵩,40,84,7.00,6,0.19,,1-2-3,650,1,1-2,230,1,1-2-3,390,1,1-2,170,1
20260907,尼崎,1,朝からセンプ,曇り,北,2,0,1,4,4902,山 川 雄 大,37,39,6.96,4,0.26,1.50.8,4-1-2,7270,24,4-1,1450,6,1-2-4,620,3,1-4,560,3
20260907,尼崎,1,朝からセンプ,曇り,北,2,0,2,1,4750,井 上 尚 悟,53,22,6.92,1,0.14,1.52.2,4-1-2,7270,24,4-1,1450,6,1-2-4,620,3,1-4,560,3
20260907,尼崎,1,朝からセンプ,曇り,北,2,0,3,2,5307,富 永 夏哉人,36,66,6.92,2,0.24,1.52.9,4-1-2,7270,24,4-1,1450,6,1-2-4,620,3,1-4,560,3
20260907,尼崎,1,朝からセンプ,曇り,北,2,0,4,3,4172,森 定 晃 史,41,59,6.95,3,0.23,1.53.8,4-1-2,7270,24,4-1,1450,6,1-2-4,620,3,1-4,560,3
20260907,尼崎,1,朝からセンプ,曇り,北,2,0,5,6,5372,上 岡 巧 汰,61,57,6.88,6,0.24,1.57.0,4-1-2,7270,24,4-1,1450,6,1-2-4,620,3,1-4,560,3
20260907,尼崎,1,朝からセンプ,曇り,北,2,0,6,5,3860,松 本 浩 貴,40,61,7.00,5,0.24,1.59.5,4-1-2,7270,24,4-1,1450,6,1-2-4,620,3,1-4,560,3
20260907,尼崎,2,予選,曇り,北,1,0,1,2,4608,荒 井 翔 伍,62,67,6.98,2,0.19,1.50.9,2-3-4,1470,1,2-3,650,1,2-3-4,440,2,2-3,450,1
20260907,尼崎,2,予選,曇り,北,1,0,2,3,2878,富 山 弘 幸,55,58,6.93,3,0.23,1.52.2,2-3-4,1470,1,2-3,650,1,2-3-4,440,2,2-3,450,1
20260907,尼崎,2,予選,曇り,北,1,0,3,4,3548,室 田 泰 史,3,13,7.00,4,0.25,1.54.1,2-3-4,1470,1,2-3,650,1,2-3-4,440,2,2-3,450,1
20260907,尼崎,2,予選,曇り,北,1,0,4,6,3663,木 山 和 幸,43,28,6.93,5,0.28,1.54.3,2-3-4,1470,1,2-3,650,1,2-3-4,440,2,2-3,450,1
20260907,尼崎,2,予選,曇り,北,1,0,5,1,4176,樋 口 喜 彦,26,15,6.98,1,0.37,1.55.3,2-3-4,1470,1,2-3,650,1,2-3-4,440,2,2-3,450,1
20260907,尼崎,2,予選,曇り,北,1,0,6,5,4567,上 村 慎太郎,22,45,6.97,6,0.38,1.59.5,2-3-4,1470,1,2-3,650,1,2-3-4,440,2,2-3,450,1
20260907,尼崎,3,予選,雨,北東,2,0,1,3,4247,齊 藤 優,14,34,6.95,3,0.16,1.50.8,3-4-1,9270,33,3-4,2530,11,1-3-4,1030,5,3-4,810,5
20260907,尼崎,3,予選,雨,北東,2,0,2,4,4042,丸 岡 正 典,51,63,6.90,4,0.16,1.51.6,3-4-1,9270,33,3-4,2530,11,1-3-4,1030,5,3-4,810,5
20260907,尼崎,3,予選,雨,北東,2,0,3,1,3731,高 濱 芳 久,60,12,6.97,1,0.21,1.53.1,3-4-1,9270,33,3-4,2530,11,1-3-4,1030,5,3-4,810,5
20260907,尼崎,3,予選,雨,北東,2,0,4,2,4308,河 村 了,12,33,6.94,2,0.15,1.53.2,3-4-1,9270,33,3-4,2530,11,1-3-4,1030,5,3-4,810,5
20260907,尼崎,3,予選,雨,北東,2,0,5,5,5244,黒 田 剛,44,21,6.91,5,0.22,1.56.2,3-4-1,9270,33,3-4,2530,11,1-3-4,1030,5,3-4,810,5
20260907,尼崎,3,予選,雨,北東,2,0,6,6,5448,福 田 柊 人,29,44,6.96,6,0.33,1.59.8,3-4-1,9270,33,3-4,2530,11,1-3-4,1030,5,3-4,810,5
20260907,尼崎,4,予選,雨,東,3,0,1,6,5339,石 井 伸 長,16,60,6.87,6,0.18,1.49.6,6-2-3,25680,86,6-2,4240,18,2-3-6,3820,15,2-6,1140,5
20260907,尼崎,4,予選,雨,東,3,0,2,2,4121,富 永 修 一,28,49,6.92,2,0.22,1.51.6,6-2-3,25680,86,6-2,4240,18,2-3-6,3820,15,2-6,1140,5
20260907,尼崎,4,予選,雨,東,3,0,3,3,3643,米 田 隆 弘,20,50,6.98,3,0.25,1.53.9,6-2-3,25680,86,6-2,4240,18,2-3-6,3820,15,2-6,1140,5
20260907,尼崎,4,予選,雨,東,3,0,4,5,3984,坂 口 周,59,54,6.95,5,0.22,1.54.4,6-2-3,25680,86,6-2,4240,18,2-3-6,3820,15,2-6,1140,5
20260907,尼崎,4,予選,雨,東,3,0,5,1,3577,向 所 浩 二,5,48,6.93,1,0.21,1.54.9,6-2-3,25680,86,6-2,4240,18,2-3-6,3820,15,2-6,1140,5
20260907,尼崎,4,予選,雨,東,3,0,6,4,3736,岡 本 猛,7,70,6.97,4,0.27,1.58.6,6-2-3,25680,86,6-2,4240,18,2-3-6,3820,15,2-6,1140,5
20260907,尼崎,5,予選,曇り,東,3,0,1,2,5089,前 田 翔,54,25,6.88,2,0.09,1.49.3,2-1-3,710,2,2-1,340,1,1-2-3,250,1,1-2,150,1
20260907,尼崎,5,予選,曇り,東,3,0,2,1,3838,伊 藤 啓 三,9,27,6.95,1,0.08,1.51.2,2-1-3,710,2,2-1,340,1,1-2-3,250,1,1-2,150,1
20260907,尼崎,5,予選,曇り,東,3,0,3,3,4515,藤 田 浩 人,23,17,6.87,3,0.09,1.52.4,2-1-3,710,2,2-1,340,1,1-2-3,250,1,1-2,150,1
20260907,尼崎,5,予選,曇り,東,3,0,4,5,4729,佐 藤 謙史朗,31,75,6.89,5,0.06,1.53.6,2-1-3,710,2,2-1,340,1,1-2-3,250,1,1-2,150,1
20260907,尼崎,5,予選,曇り,東,3,0,5,4,4049,荒 川 健 太,46,19,7.04,4,0.09,1.54.5,2-1-3,710,2,2-1,340,1,1-2-3,250,1,1-2,150,1
20260907,尼崎,5,予選,曇り,東,3,0,6,6,4251,川 崎 誠 志,4,55,6.89,6,0.11,1.56.3,2-1-3,710,2,2-1,340,1,1-2-3,250,1,1-2,150,1
20260907,尼崎,6,昼どきピンク,曇り,東,4,0,1,1,4184,渡 邊 雄一郎,63,23,6.87,1,0.16,1.49.8,1-3-5,1540,5,1-3,530,2,1-3-5,1070,6,1-3,220,1
20260907,尼崎,6,昼どきピンク,曇り,東,4,0,2,3,4672,守 屋 大 地,39,52,6.87,3,0.15,1.52.8,1-3-5,1540,5,1-3,530,2,1-3-5,1070,6,1-3,220,1
20260907,尼崎,6,昼どきピンク,曇り,東,4,0,3,5,5328,井 上 慧 人,30,24,6.92,5,0.18,1.53.3,1-3-5,1540,5,1-3,530,2,1-3-5,1070,6,1-3,220,1
20260907,尼崎,6,昼どきピンク,曇り,東,4,0,4,4,4036,金 田 諭,21,69,6.88,4,0.08,1.54.7,1-3-5,1540,5,1-3,530,2,1-3-5,1070,6,1-3,220,1
20260907,尼崎,6,昼どきピンク,曇り,東,4,0,5,6,3584,佐々木 英 樹,58,51,7.02,6,0.22,1.55.8,1-3-5,1540,5,1-3,530,2,1-3-5,1070,6,1-3,220,1
20260907,尼崎,6,昼どきピンク,曇り,東,4,0,6,2,3870,寺 嶋 雄,10,46,6.96,2,0.18,1.57.3,1-3-5,1540,5,1-3,530,2,1-3-5,1070,6,1-3,220,1
20260907,尼崎,7,予選,曇り,東,2,0,1,4,3574,大 神 康 司,47,11,6.96,2,0.18,1.51.0,4-3-2,14390,46,4-3,5680,17,2-3-4,1010,5,3-4,3040,9
20260907,尼崎,7,予選,曇り,東,2,0,2,3,3663,木 山 和 幸,43,28,6.95,4,0.15,1.52.1,4-3-2,14390,46,4-3,5680,17,2-3-4,1010,5,3-4,3040,9
20260907,尼崎,7,予選,曇り,東,2,0,3,2,4297,山 田 哲 也,17,41,6.90,3,0.16,1.52.7,4-3-2,14390,46,4-3,5680,17,2-3-4,1010,5,3-4,3040,9
20260907,尼崎,7,予選,曇り,東,2,0,4,1,4039,村 上 功 祐,27,26,7.00,1,0.19,1.53.0,4-3-2,14390,46,4-3,5680,17,2-3-4,1010,5,3-4,3040,9
20260907,尼崎,7,予選,曇り,東,2,0,5,6,5307,富 永 夏哉人,36,66,6.91,6,0.17,1.55.0,4-3-2,14390,46,4-3,5680,17,2-3-4,1010,5,3-4,3040,9
20260907,尼崎,7,予選,曇り,東,2,0,6,5,3975,小野寺 智 洋,42,53,6.90,5,0.15,1.57.9,4-3-2,14390,46,4-3,5680,17,2-3-4,1010,5,3-4,3040,9
20260907,尼崎,8,予選,曇り,東,3,0,1,3,4002,古 結 宏,2,36,6.95,3,0.19,1.50.8,3-1-2,2280,9,3-1,640,2,1-2-3,490,3,1-3,190,1
20260907,尼崎,8,予選,曇り,東,3,0,2,1,3548,室 田 泰 史,3,13,7.01,1,0.18,1.52.2,3-1-2,2280,9,3-1,640,2,1-2-3,490,3,1-3,190,1
20260907,尼崎,8,予選,曇り,東,3,0,3,2,3581,加 木 郁,33,32,6.97,2,0.22,1.53.5,3-1-2,2280,9,3-1,640,2,1-2-3,490,3,1-3,190,1
20260907,尼崎,8,予選,曇り,東,3,0,4,4,3853,岩 崎 正 哉,19,35,6.97,4,0.29,1.54.8,3-1-2,2280,9,3-1,640,2,1-2-3,490,3,1-3,190,1
20260907,尼崎,8,予選,曇り,東,3,0,5,6,4247,齊 藤 優,14,34,6.94,6,0.24,1.55.7,3-1-2,2280,9,3-1,640,2,1-2-3,490,3,1-3,190,1
20260907,尼崎,8,予選,曇り,東,3,0,6,5,4750,井 上 尚 悟,53,22,6.92,5,0.27,1.58.2,3-1-2,2280,9,3-1,640,2,1-2-3,490,3,1-3,190,1
20260907,尼崎,9,予選特賞,曇り,北東,4,0,1,1,4049,荒 川 健 太,46,19,6.97,1,0.15,1.51.5,1-3-2,690,2,1-3,180,1,1-2-3,360,1,1-3,210,1
20260907,尼崎,9,予選特賞,曇り,北東,4,0,2,3,4079,出 畑 孝 典,1,40,6.98,3,0.12,1.52.5,1-3-2,690,2,1-3,180,1,1-2-3,360,1,1-3,210,1
20260907,尼崎,9,予選特賞,曇り,北東,4,0,3,2,3860,松 本 浩 貴,40,61,6.99,2,0.25,1.54.6,1-3-2,690,2,1-3,180,1,1-2-3,360,1,1-3,210,1
20260907,尼崎,9,予選特賞,曇り,北東,4,0,4,6,4152,深 水 慎一郎,24,68,6.96,6,0.15,1.55.8,1-3-2,690,2,1-3,180,1,1-2-3,360,1,1-3,210,1
20260907,尼崎,9,予選特賞,曇り,北東,4,0,5,4,3643,米 田 隆 弘,20,50,7.02,5,0.15,1.57.7,1-3-2,690,2,1-3,180,1,1-2-3,360,1,1-3,210,1
20260907,尼崎,9,予選特賞,曇り,北東,4,0,6,5,3731,高 濱 芳 久,60,12,7.01,4,0.12,1.58.0,1-3-2,690,2,1-3,180,1,1-2-3,360,1,1-3,210,1
20260907,尼崎,10,予選特賞,曇り,東,2,0,1,1,4042,丸 岡 正 典,51,63,6.88,1,0.16,1.50.2,1-2-5,2050,8,1-2,310,1,1-2-5,1070,7,1-2,330,1
20260907,尼崎,10,予選特賞,曇り,東,2,0,2,2,4902,山 川 雄 大,37,39,6.90,2,0.14,1.53.5,1-2-5,2050,8,1-2,310,1,1-2-5,1070,7,1-2,330,1
20260907,尼崎,10,予選特賞,曇り,東,2,0,3,5,3838,伊 藤 啓 三,9,27,6.97,5,0.06,1.53.8,1-2-5,2050,8,1-2,310,1,1-2-5,1070,7,1-2,330,1
20260907,尼崎,10,予選特賞,曇り,東,2,0,4,4,4608,荒 井 翔 伍,62,67,7.00,4,0.05,1.54.2,1-2-5,2050,8,1-2,310,1,1-2-5,1070,7,1-2,330,1
20260907,尼崎,10,予選特賞,曇り,東,2,0,5,3,3584,佐々木 英 樹,58,51,7.00,3,0.15,1.54.6,1-2-5,2050,8,1-2,310,1,1-2-5,1070,7,1-2,330,1
20260907,尼崎,10,予選特賞,曇り,東,2,0,6,6,4121,富 永 修 一,28,49,6.93,6,0.08,1.55.6,1-2-5,2050,8,1-2,310,1,1-2-5,1070,7,1-2,330,1
20260907,尼崎,11,予選特選,曇り,東,4,0,1,1,4036,金 田 諭,21,69,6.91,1,0.09,1.50.0,1-3-2,890,3,1-3,370,2,1-2-3,270,1,1-3,340,2
20260907,尼崎,11,予選特選,曇り,東,4,0,2,3,5339,石 井 伸 長,16,60,6.87,3,0.09,1.51.3,1-3-2,890,3,1-3,370,2,1-2-3,270,1,1-3,340,2
20260907,尼崎,11,予選特選,曇り,東,4,0,3,2,3574,大 神 康 司,47,11,6.98,2,0.11,1.53.2,1-3-2,890,3,1-3,370,2,1-2-3,270,1,1-3,340,2
20260907,尼崎,11,予選特選,曇り,東,4,0,4,4,4515,藤 田 浩 人,23,17,6.92,4,0.12,1.53.6,1-3-2,890,3,1-3,370,2,1-2-3,270,1,1-3,340,2
20260907,尼崎,11,予選特選,曇り,東,4,0,5,5,2878,富 山 弘 幸,55,58,6.99,5,0.13,1.55.1,1-3-2,890,3,1-3,370,2,1-2-3,270,1,1-3,340,2
20260907,尼崎,11,予選特選,曇り,東,4,0,6,6,4172,森 定 晃 史,41,59,6.96,6,0.21,1.55.5,1-3-2,890,3,1-3,370,2,1-2-3,270,1,1-3,340,2
20260907,尼崎,12,報知選抜戦,曇り,東,2,0,1,1,4002,古 結 宏,2,36,6.92,1,0.14,1.50.0,1-4-3,1260,3,1-4,520,2,1-3-4,430,1,1-4,300,2
20260907,尼崎,12,報知選抜戦,曇り,東,2,0,2,4,4308,河 村 了,12,33,6.91,4,0.15,1.51.2,1-4-3,1260,3,1-4,520,2,1-3-4,430,1,1-4,300,2
20260907,尼崎,12,報知選抜戦,曇り,東,2,0,3,3,4184,渡 邊 雄一郎,63,23,6.89,3,0.13,1.52.6,1-4-3,1260,3,1-4,520,2,1-3-4,430,1,1-4,300,2
20260907,尼崎,12,報知選抜戦,曇り,東,2,0,4,5,4297,山 田 哲 也,17,41,6.92,5,0.12,1.53.6,1-4-3,1260,3,1-4,520,2,1-3-4,430,1,1-4,300,2
20260907,尼崎,12,報知選抜戦,曇り,東,2,0,5,6,5089,前 田 翔,54,25,6.92,6,0.14,1.53.8,1-4-3,1260,3,1-4,520,2,1-3-4,430,1,1-4,300,2
20260907,尼崎,12,報知選抜戦,曇り,東,2,0,6,2,3984,坂 口 周,59,54,6.97,2,0.12,1.57.0,1-4-3,1260,3,1-4,520,2,1-3-4,430,1,1-4,300,2
20260907,平和島,1,予選,雨,南,1,3,1,5,4501,樋 口 由加里,17,20,6.84,5,0.07,1.52.0,5-6-2,2250,10,5-6,1740,9,2-5-6,280,1,5-6,1140,4
20260907,平和島,1,予選,雨,南,1,3,2,6,4175,川 尻 泰 輔,35,56,6.90,6,0.07,1.53.3,5-6-2,2250,10,5-6,1740,9,2-5-6,280,1,5-6,1140,4
20260907,平和島,1,予選,雨,南,1,3,3,2,4893,渡 邉 真奈美,29,39,6.86,2,0.04,1.54.9,5-6-2,2250,10,5-6,1740,9,2-5-6,280,1,5-6,1140,4
20260907,平和島,1,予選,雨,南,1,3,4,3,5357,田 中 瀬里奈,67,29,6.89,3,0.01,1.55.6,5-6-2,2250,10,5-6,1740,9,2-5-6,280,1,5-6,1140,4
20260907,平和島,1,予選,雨,南,1,3,5,1,4781,西 舘 果 里,45,31,6.84,1,0.13,,5-6-2,2250,10,5-6,1740,9,2-5-6,280,1,5-6,1140,4
20260907,平和島,1,予選,雨,南,1,3,F,4,4854,大 橋 由 珠,60,11,6.72,4,F0.01,,5-6-2,2250,10,5-6,1740,9,2-5-6,280,1,5-6,1140,4
20260907,平和島,2,予選,雨,南,2,3,1,2,4895,門 間 雄 大,56,23,6.95,2,0.05,1.55.5,2-3-4,3470,15,2-3,720,2,2-3-4,1190,6,2-3,670,4
20260907,平和島,2,予選,雨,南,2,3,2,3,5277,井 上 未 都,75,13,6.86,3,0.03,1.57.9,2-3-4,3470,15,2-3,720,2,2-3-4,1190,6,2-3,670,4
20260907,平和島,2,予選,雨,南,2,3,3,4,5310,土 屋 蘭,57,36,6.93,5,0.16,2.00.3,2-3-4,3470,15,2-3,720,2,2-3-4,1190,6,2-3,670,4
20260907,平和島,2,予選,雨,南,2,3,4,1,3551,藤 田 美 代,40,27,6.89,1,0.09,2.01.3,2-3-4,3470,15,2-3,720,2,2-3-4,1190,6,2-3,670,4
20260907,平和島,2,予選,雨,南,2,3,5,5,3993,永 井 聖 美,20,49,6.88,4,0.26,,2-3-4,3470,15,2-3,720,2,2-3-4,1190,6,2-3,670,4
20260907,平和島,2,予選,雨,南,2,3,S1,6,5454,谷 島 咲 希,65,18,6.91,6,0.16,,2-3-4,3470,15,2-3,720,2,2-3-4,1190,6,2-3,670,4
20260907,平和島,3,予選,曇り,南,2,3,1,2,4690,高 石 梨 菜,37,33,6.85,2,0.12,1.51.1,2-3-4,7680,29,2-3,2040,8,2-3-4,2630,12,2-3,1430,7
20260907,平和島,3,予選,曇り,南,2,3,2,3,4882,瀧 川 千 依,71,38,6.90,3,0.12,1.52.7,2-3-4,7680,29,2-3,2040,8,2-3-4,2630,12,2-3,1430,7
20260907,平和島,3,予選,曇り,南,2,3,3,4,4289,落 合 直 子,59,19,6.91,4,0.23,1.54.1,2-3-4,7680,29,2-3,2040,8,2-3-4,2630,12,2-3,1430,7
20260907,平和島,3,予選,曇り,南,2,3,4,5,4536,喜 井 つかさ,53,45,6.87,5,0.20,1.54.3,2-3-4,7680,29,2-3,2040,8,2-3-4,2630,12,2-3,1430,7
20260907,平和島,3,予選,曇り,南,2,3,5,1,5264,登 みひ果,72,28,6.78,1,0.13,,2-3-4,7680,29,2-3,2040,8,2-3-4,2630,12,2-3,1430,7
20260907,平和島,3,予選,曇り,南,2,3,6,6,5201,村 上 宗太郎,33,53,6.90,6,0.32,,2-3-4,7680,29,2-3,2040,8,2-3-4,2630,12,2-3,1430,7
20260907,平和島,4,予選,雨,南,2,3,1,1,5003,来 田 衣 織,32,16,6.77,1,0.03,1.51.2,1-4-3,4450,18,1-4,590,1,1-3-4,790,3,1-4,440,2
20260907,平和島,4,予選,雨,南,2,3,2,4,4927,関 野 文,13,47,6.95,5,0.10,1.53.4,1-4-3,4450,18,1-4,590,1,1-3-4,790,3,1-4,440,2
20260907,平和島,4,予選,雨,南,2,3,3,3,5164,森 田 梨 湖,52,58,6.87,4,0.10,1.54.4,1-4-3,4450,18,1-4,590,1,1-3-4,790,3,1-4,440,2
20260907,平和島,4,予選,雨,南,2,3,4,5,5320,岩 崎 麗 子,70,12,6.97,6,0.09,1.54.9,1-4-3,4450,18,1-4,590,1,1-3-4,790,3,1-4,440,2
20260907,平和島,4,予選,雨,南,2,3,5,2,5253,藤 井 太 雅,69,24,6.91,3,0.34,,1-4-3,4450,18,1-4,590,1,1-3-4,790,3,1-4,440,2
20260907,平和島,4,予選,雨,南,2,3,6,6,4874,池 田 奈津美,55,15,6.93,2,0.25,,1-4-3,4450,18,1-4,590,1,1-3-4,790,3,1-4,440,2
20260907,平和島,5,予選,雨,南,2,3,1,1,4730,土 屋 実沙希,16,52,6.81,1,0.11,1.50.3,1-2-5,2340,6,1-2,430,1,1-2-5,860,3,1-2,210,1
20260907,平和島,5,予選,雨,南,2,3,2,2,4090,中 村 尊,48,54,6.92,2,0.09,1.52.9,1-2-5,2340,6,1-2,430,1,1-2-5,860,3,1-2,210,1
20260907,平和島,5,予選,雨,南,2,3,3,5,5213,湯 淺 紀 香,54,57,6.90,5,0.14,1.54.6,1-2-5,2340,6,1-2,430,1,1-2-5,860,3,1-2,210,1
20260907,平和島,5,予選,雨,南,2,3,4,3,3845,中 谷 朋 子,18,41,6.98,3,0.08,1.56.9,1-2-5,2340,6,1-2,430,1,1-2-5,860,3,1-2,210,1
20260907,平和島,5,予選,雨,南,2,3,5,4,4998,中 村 かなえ,15,17,6.93,4,0.06,,1-2-5,2340,6,1-2,430,1,1-2-5,860,3,1-2,210,1
20260907,平和島,5,予選,雨,南,2,3,6,6,4844,村 上 奈 穂,43,37,6.96,6,0.16,,1-2-5,2340,6,1-2,430,1,1-2-5,860,3,1-2,210,1
20260907,平和島,6,予選,雨,南,1,3,1,1,4065,金 田 幸 子,64,26,6.89,1,0.15,1.51.4,1-2-3,880,2,1-2,470,3,1-2-3,260,1,1-2,210,1
20260907,平和島,6,予選,雨,南,1,3,2,2,4266,長 田 頼 宗,23,21,6.90,2,0.14,1.52.7,1-2-3,880,2,1-2,470,3,1-2-3,260,1,1-2,210,1
20260907,平和島,6,予選,雨,南,1,3,3,3,4525,真 子 奈津実,28,40,6.92,3,0.13,1.53.8,1-2-3,880,2,1-2,470,3,1-2-3,260,1,1-2,210,1
20260907,平和島,6,予選,雨,南,1,3,4,6,4893,渡 邉 真奈美,29,39,6.91,6,0.16,1.55.9,1-2-3,880,2,1-2,470,3,1-2-3,260,1,1-2,210,1
20260907,平和島,6,予選,雨,南,1,3,5,4,5314,中 曽 瑠 華,34,44,6.91,4,0.23,,1-2-3,880,2,1-2,470,3,1-2-3,260,1,1-2,210,1
20260907,平和島,6,予選,雨,南,1,3,6,5,5370,日 隈 茜,49,50,6.87,5,0.16,,1-2-3,880,2,1-2,470,3,1-2-3,260,1,1-2,210,1
20260907,平和島,7,予選,雨,南,1,3,1,5,5361,植 竹 玲 奈,27,22,6.73,5,0.16,1.51.0,5-1-2,18680,49,5-1,7900,18,1-2-5,920,4,1-5,4220,14
20260907,平和島,7,予選,雨,南,1,3,2,1,4414,大 澤 真 菜,44,43,6.92,1,0.17,1.52.8,5-1-2,18680,49,5-1,7900,18,1-2-5,920,4,1-5,4220,14
20260907,平和島,7,予選,雨,南,1,3,3,2,4387,平 山 智 加,21,30,6.90,2,0.14,1.55.0,5-1-2,18680,49,5-1,7900,18,1-2-5,920,4,1-5,4220,14
20260907,平和島,7,予選,雨,南,1,3,4,4,4186,小 川 時 光,47,35,6.92,4,0.06,1.55.9,5-1-2,18680,49,5-1,7900,18,1-2-5,920,4,1-5,4220,14
20260907,平和島,7,予選,雨,南,1,3,5,6,4240,今 井 裕 梨,39,25,6.91,6,0.16,,5-1-2,18680,49,5-1,7900,18,1-2-5,920,4,1-5,4220,14
20260907,平和島,7,予選,雨,南,1,3,6,3,3551,藤 田 美 代,40,27,6.93,3,0.09,,5-1-2,18680,49,5-1,7900,18,1-2-5,920,4,1-5,4220,14
20260907,平和島,8,予選,雨,無風,0,3,1,4,4847,佐 藤 隆太郎,26,55,6.83,4,0.07,1.51.1,4-6-2,890,2,4-6,370,1,2-4-6,520,2,4-6,310,1
20260907,平和島,8,予選,雨,無風,0,3,2,6,4536,喜 井 つかさ,53,45,6.95,5,0.17,1.53.5,4-6-2,890,2,4-6,370,1,2-4-6,520,2,4-6,310,1
20260907,平和島,8,予選,雨,無風,0,3,3,2,4283,石 井 裕 美,73,51,6.87,2,0.29,1.55.1,4-6-2,890,2,4-6,370,1,2-4-6,520,2,4-6,310,1
20260907,平和島,8,予選,雨,無風,0,3,4,1,4275,菅 野 はやか,63,48,6.90,1,0.25,1.55.9,4-6-2,890,2,4-6,370,1,2-4-6,520,2,4-6,310,1
20260907,平和島,8,予選,雨,無風,0,3,5,3,5165,小 林 愛 実,22,66,6.86,3,0.49,,4-6-2,890,2,4-6,370,1,2-4-6,520,2,4-6,310,1
20260907,平和島,8,予選,雨,無風,0,3,6,5,5454,谷 島 咲 希,65,18,6.89,6,0.34,,4-6-2,890,2,4-6,370,1,2-4-6,520,2,4-6,310,1
20260907,平和島,9,予選特賞,雨,北,1,3,1,1,4289,落 合 直 子,59,19,6.86,1,0.14,1.51.7,1-5-2,4140,15,1-5,770,2,1-2-5,950,5,1-5,680,3
20260907,平和島,9,予選特賞,雨,北,1,3,2,5,4478,櫻 本 あゆみ,74,32,6.86,5,0.14,1.53.5,1-5-2,4140,15,1-5,770,2,1-2-5,950,5,1-5,680,3
20260907,平和島,9,予選特賞,雨,北,1,3,3,2,4854,大 橋 由 珠,60,11,6.69,2,0.21,1.54.7,1-5-2,4140,15,1-5,770,2,1-2-5,950,5,1-5,680,3
20260907,平和島,9,予選特賞,雨,北,1,3,4,6,4090,中 村 尊,48,54,6.97,6,0.20,1.54.7,1-5-2,4140,15,1-5,770,2,1-2-5,950,5,1-5,680,3
20260907,平和島,9,予選特賞,雨,北,1,3,5,4,5320,岩 崎 麗 子,70,12,6.91,4,0.09,,1-5-2,4140,15,1-5,770,2,1-2-5,950,5,1-5,680,3
20260907,平和島,9,予選特賞,雨,北,1,3,6,3,3993,永 井 聖 美,20,49,6.80,3,0.16,,1-5-2,4140,15,1-5,770,2,1-2-5,950,5,1-5,680,3
20260907,平和島,10,予選特賞,雨,無風,0,3,1,3,4791,黒 澤 めぐみ,66,14,6.84,3,0.06,2.00.0,3-1-4,5170,16,3-1,1960,8,1-3-4,630,3,1-3,280,2
20260907,平和島,10,予選特賞,雨,無風,0,3,2,1,4927,関 野 文,13,47,6.84,1,0.15,2.02.8,3-1-4,5170,16,3-1,1960,8,1-3-4,630,3,1-3,280,2
20260907,平和島,10,予選特賞,雨,無風,0,3,3,4,4175,川 尻 泰 輔,35,56,6.94,4,0.07,2.06.8,3-1-4,5170,16,3-1,1960,8,1-3-4,630,3,1-3,280,2
20260907,平和島,10,予選特賞,雨,無風,0,3,4,6,4525,真 子 奈津実,28,40,6.85,6,0.16,2.08.1,3-1-4,5170,16,3-1,1960,8,1-3-4,630,3,1-3,280,2
20260907,平和島,10,予選特賞,雨,無風,0,3,5,2,4730,土 屋 実沙希,16,52,6.85,2,0.11,,3-1-4,5170,16,3-1,1960,8,1-3-4,630,3,1-3,280,2
20260907,平和島,10,予選特賞,雨,無風,0,3,S1,5,5264,登 みひ果,72,28,6.88,5,0.11,,3-1-4,5170,16,3-1,1960,8,1-3-4,630,3,1-3,280,2
20260907,平和島,11,予選特選,雨,無風,0,3,1,1,3845,中 谷 朋 子,18,41,6.90,1,0.21,1.51.3,1-3-4,840,1,1-3,400,1,1-3-4,330,1,1-3,290,1
20260907,平和島,11,予選特選,雨,無風,0,3,2,3,4690,高 石 梨 菜,37,33,6.91,3,0.32,1.53.1,1-3-4,840,1,1-3,400,1,1-3-4,330,1,1-3,290,1
20260907,平和島,11,予選特選,雨,無風,0,3,3,4,4895,門 間 雄 大,56,23,6.92,4,0.20,1.54.5,1-3-4,840,1,1-3,400,1,1-3-4,330,1,1-3,290,1
20260907,平和島,11,予選特選,雨,無風,0,3,4,5,4941,孫 崎 百 世,31,34,6.88,5,0.21,1.54.8,1-3-4,840,1,1-3,400,1,1-3-4,330,1,1-3,290,1
20260907,平和島,11,予選特選,雨,無風,0,3,5,6,4501,樋 口 由加里,17,20,6.82,6,0.17,,1-3-4,840,1,1-3,400,1,1-3-4,330,1,1-3,290,1
20260907,平和島,11,予選特選,雨,無風,0,3,6,2,5164,森 田 梨 湖,52,58,6.90,2,0.29,,1-3-4,840,1,1-3,400,1,1-3-4,330,1,1-3,290,1
20260907,平和島,12,記者選抜,雨,無風,0,3,1,1,4266,長 田 頼 宗,23,21,6.82,1,0.16,1.50.3,1-4-6,2010,11,1-4,380,2,1-4-6,1310,8,1-4,390,3
20260907,平和島,12,記者選抜,雨,無風,0,3,2,4,5003,来 田 衣 織,32,16,6.81,4,0.13,1.52.5,1-4-6,2010,11,1-4,380,2,1-4-6,1310,8,1-4,390,3
20260907,平和島,12,記者選抜,雨,無風,0,3,3,6,4998,中 村 かなえ,15,17,6.98,6,0.05,1.53.4,1-4-6,2010,11,1-4,380,2,1-4-6,1310,8,1-4,390,3
20260907,平和島,12,記者選抜,雨,無風,0,3,4,2,4882,瀧 川 千 依,71,38,6.85,2,0.15,1.54.7,1-4-6,2010,11,1-4,380,2,1-4-6,1310,8,1-4,390,3
20260907,平和島,12,記者選抜,雨,無風,0,3,5,3,4240,今 井 裕 梨,39,25,6.86,3,0.12,,1-4-6,2010,11,1-4,380,2,1-4-6,1310,8,1-4,390,3
20260907,平和島,12,記者選抜,雨,無風,0,3,6,5,5277,井 上 未 都,75,13,6.86,5,0.16,,1-4-6,2010,11,1-4,380,2,1-4-6,1310,8,1-4,390,3
20260907,桐生,1,予選,曇り,東,3,2,1,1,5070,中 島 航,73,64,6.81,1,0.13,1.51.2,1-6-2,2310,5,1-6,550,1,1-2-6,630,2,1-6,540,3
20260907,桐生,1,予選,曇り,東,3,2,2,6,4025,山 本 隆 幸,41,27,6.82,4,0.15,1.52.8,1-6-2,2310,5,1-6,550,1,1-2-6,630,2,1-6,540,3
20260907,桐生,1,予選,曇り,東,3,2,3,2,4557,松 尾 光 広,64,52,6.76,2,0.15,1.53.2,1-6-2,2310,5,1-6,550,1,1-2-6,630,2,1-6,540,3
20260907,桐生,1,予選,曇り,東,3,2,4,5,3653,品 川 賢 次,71,38,6.92,6,0.25,1.54.0,1-6-2,2310,5,1-6,550,1,1-2-6,630,2,1-6,540,3
20260907,桐生,1,予選,曇り,東,3,2,5,4,4195,前 川 守 嗣,43,45,6.73,3,0.12,1.54.9,1-6-2,2310,5,1-6,550,1,1-2-6,630,2,1-6,540,3
20260907,桐生,1,予選,曇り,東,3,2,6,3,4562,阪 本 勇 介,34,12,6.84,5,0.27,1.57.4,1-6-2,2310,5,1-6,550,1,1-2-6,630,2,1-6,540,3
20260907,桐生,2,予選,曇り,東,4,3,1,5,3874,山 本 寛 久,62,35,6.72,5,0.13,1.50.5,5-3-1,17040,61,5-3,6460,21,1-3-5,1690,8,3-5,3590,14
20260907,桐生,2,予選,曇り,東,4,3,2,3,5122,相 馬 翔,57,42,6.88,3,0.21,1.52.7,5-3-1,17040,61,5-3,6460,21,1-3-5,1690,8,3-5,3590,14
20260907,桐生,2,予選,曇り,東,4,3,3,1,5012,加 倉 侑 征,60,15,6.78,1,0.17,1.53.7,5-3-1,17040,61,5-3,6460,21,1-3-5,1690,8,3-5,3590,14
20260907,桐生,2,予選,曇り,東,4,3,4,6,4019,笠 原 亮,12,33,6.68,6,0.18,1.53.9,5-3-1,17040,61,5-3,6460,21,1-3-5,1690,8,3-5,3590,14
20260907,桐生,2,予選,曇り,東,4,3,5,4,4943,八 木 治 樹,17,39,6.90,4,0.16,1.57.1,5-3-1,17040,61,5-3,6460,21,1-3-5,1690,8,3-5,3590,14
20260907,桐生,2,予選,曇り,東,4,3,6,2,4380,鈴 木 峻 佑,68,51,6.78,2,0.16,1.58.8,5-3-1,17040,61,5-3,6460,21,1-3-5,1690,8,3-5,3590,14
20260907,桐生,3,予選,曇り,東,3,2,1,5,5048,眞 鳥 康 太,74,55,6.89,6,0.17,1.56.4,5-4-1,36370,113,5-4,4600,24,1-4-5,3590,15,4-5,2250,12
20260907,桐生,3,予選,曇り,東,3,2,2,4,3686,鳥居塚 孝 博,47,59,6.81,4,0.31,2.00.1,5-4-1,36370,113,5-4,4600,24,1-4-5,3590,15,4-5,2250,12
20260907,桐生,3,予選,曇り,東,3,2,3,1,5107,松 本 真 広,25,44,6.85,1,0.17,2.03.3,5-4-1,36370,113,5-4,4600,24,1-4-5,3590,15,4-5,2250,12
20260907,桐生,3,予選,曇り,東,3,2,4,6,3743,林 美 憲,70,40,6.73,3,0.19,2.08.4,5-4-1,36370,113,5-4,4600,24,1-4-5,3590,15,4-5,2250,12
20260907,桐生,3,予選,曇り,東,3,2,5,3,5181,森 智 哉,63,24,6.86,5,0.24,2.13.7,5-4-1,36370,113,5-4,4600,24,1-4-5,3590,15,4-5,2250,12
20260907,桐生,3,予選,曇り,東,3,2,S1,2,3852,澤 大 介,69,62,6.69,2,0.18,,5-4-1,36370,113,5-4,4600,24,1-4-5,3590,15,4-5,2250,12
20260907,桐生,4,予選,雨,東,2,1,1,1,4919,吉 田 翔 悟,72,50,6.69,1,0.08,1.51.3,1-5-4,11120,42,1-5,5730,27,1-4-5,1230,8,1-5,1920,8
20260907,桐生,4,予選,雨,東,2,1,2,5,4232,笠 雅 雄,42,68,6.81,5,0.19,1.52.4,1-5-4,11120,42,1-5,5730,27,1-4-5,1230,8,1-5,1920,8
20260907,桐生,4,予選,雨,東,2,1,3,4,3946,赤 岩 善 生,51,74,6.69,2,0.13,1.54.2,1-5-4,11120,42,1-5,5730,27,1-4-5,1230,8,1-5,1920,8
20260907,桐生,4,予選,雨,東,2,1,4,6,4513,河 野 真 也,36,20,6.87,6,0.24,1.54.7,1-5-4,11120,42,1-5,5730,27,1-4-5,1230,8,1-5,1920,8
20260907,桐生,4,予選,雨,東,2,1,5,3,3202,三 品 隆 浩,48,18,6.83,4,0.26,1.55.2,1-5-4,11120,42,1-5,5730,27,1-4-5,1230,8,1-5,1920,8
20260907,桐生,4,予選,雨,東,2,1,6,2,4161,黒 柳 浩 孝,46,56,6.76,3,0.11,1.57.2,1-5-4,11120,42,1-5,5730,27,1-4-5,1230,8,1-5,1920,8
20260907,桐生,5,予選,曇り,東,2,1,1,1,5344,谷 口 丞,32,21,6.67,1,0.15,1.50.4,1-5-4,1590,5,1-5,900,5,1-4-5,230,1,1-5,490,2
20260907,桐生,5,予選,曇り,東,2,1,2,5,4118,宇佐見 淳,27,47,6.82,5,0.12,1.51.6,1-5-4,1590,5,1-5,900,5,1-4-5,230,1,1-5,490,2
20260907,桐生,5,予選,曇り,東,2,1,3,4,4044,湯 川 浩 司,29,60,6.72,4,0.11,1.54.3,1-5-4,1590,5,1-5,900,5,1-4-5,230,1,1-5,490,2
20260907,桐生,5,予選,曇り,東,2,1,4,2,3681,山 谷 央,37,69,6.78,2,0.13,1.54.9,1-5-4,1590,5,1-5,900,5,1-4-5,230,1,1-5,490,2
20260907,桐生,5,予選,曇り,東,2,1,5,3,3305,小 野 信 樹,11,71,6.75,3,0.13,1.56.3,1-5-4,1590,5,1-5,900,5,1-4-5,230,1,1-5,490,2
20260907,桐生,5,予選,曇り,東,2,1,6,6,4562,阪 本 勇 介,34,12,6.83,6,0.10,1.56.6,1-5-4,1590,5,1-5,900,5,1-4-5,230,1,1-5,490,2
20260907,桐生,6,ドラドキ目玉,雨,東,2,1,1,4,5122,相 馬 翔,57,42,6.82,4,0.13,1.51.4,4-1-5,4130,15,4-1,2340,10,1-4-5,460,3,1-4,440,3
20260907,桐生,6,ドラドキ目玉,雨,東,2,1,2,1,4538,笠 置 博 之,26,46,6.86,1,0.16,1.51.8,4-1-5,4130,15,4-1,2340,10,1-4-5,460,3,1-4,440,3
20260907,桐生,6,ドラドキ目玉,雨,東,2,1,3,5,3475,橋 本 久 和,31,34,6.75,5,0.17,1.54.6,4-1-5,4130,15,4-1,2340,10,1-4-5,460,3,1-4,440,3
20260907,桐生,6,ドラドキ目玉,雨,東,2,1,4,3,3867,松 浦 勝,40,41,6.91,3,0.12,1.56.2,4-1-5,4130,15,4-1,2340,10,1-4-5,460,3,1-4,440,3
20260907,桐生,6,ドラドキ目玉,雨,東,2,1,5,2,4992,廣 瀬 篤 哉,53,73,6.86,2,0.09,1.57.4,4-1-5,4130,15,4-1,2340,10,1-4-5,460,3,1-4,440,3
20260907,桐生,6,ドラドキ目玉,雨,東,2,1,6,6,5430,鳥 本 智 史,44,66,6.93,6,0.20,1.59.4,4-1-5,4130,15,4-1,2340,10,1-4-5,460,3,1-4,440,3
20260907,桐生,7,ドラドキ３,雨,南東,2,1,1,4,3277,齋 藤 勇,52,31,6.82,4,0.12,1.53.2,4-6-5,87250,87,4-6,13030,21,4-5-6,10780,17,4-6,6860,12
20260907,桐生,7,ドラドキ３,雨,南東,2,1,2,6,4181,花 本 夏 樹,50,61,6.83,5,0.14,1.54.6,4-6-5,87250,87,4-6,13030,21,4-5-6,10780,17,4-6,6860,12
20260907,桐生,7,ドラドキ３,雨,南東,2,1,3,5,5181,森 智 哉,63,24,6.99,6,0.16,1.55.9,4-6-5,87250,87,4-6,13030,21,4-5-6,10780,17,4-6,6860,12
20260907,桐生,7,ドラドキ３,雨,南東,2,1,4,1,3319,山 崎 義 明,24,57,6.80,1,0.19,1.57.5,4-6-5,87250,87,4-6,13030,21,4-5-6,10780,17,4-6,6860,12
20260907,桐生,7,ドラドキ３,雨,南東,2,1,5,2,3653,品 川 賢 次,71,38,6.82,2,0.20,1.59.3,4-6-5,87250,87,4-6,13030,21,4-5-6,10780,17,4-6,6860,12
20260907,桐生,7,ドラドキ３,雨,南東,2,1,S0,3,4877,鈴 谷 一 平,20,54,6.88,3,0.11,,4-6-5,87250,87,4-6,13030,21,4-5-6,10780,17,4-6,6860,12
20260907,桐生,8,ドラドキ５,雨,南東,1,1,1,1,4027,松 江 秀 徳,75,48,6.78,1,0.19,1.51.4,1-5-2,1430,2,1-5,430,1,1-2-5,400,2,1-5,200,1
20260907,桐生,8,ドラドキ５,雨,南東,1,1,2,5,4019,笠 原 亮,12,33,6.85,5,0.10,1.52.6,1-5-2,1430,2,1-5,430,1,1-2-5,400,2,1-5,200,1
20260907,桐生,8,ドラドキ５,雨,南東,1,1,3,2,4440,萩 原 知 哉,49,36,6.71,2,0.17,1.53.5,1-5-2,1430,2,1-5,430,1,1-2-5,400,2,1-5,200,1
20260907,桐生,8,ドラドキ５,雨,南東,1,1,4,4,4161,黒 柳 浩 孝,46,56,6.72,4,0.14,1.55.6,1-5-2,1430,2,1-5,430,1,1-2-5,400,2,1-5,200,1
20260907,桐生,8,ドラドキ５,雨,南東,1,1,5,6,4195,前 川 守 嗣,43,45,6.84,6,0.09,1.57.7,1-5-2,1430,2,1-5,430,1,1-2-5,400,2,1-5,200,1
20260907,桐生,8,ドラドキ５,雨,南東,1,1,S1,3,5107,松 本 真 広,25,44,6.80,3,0.13,,1-5-2,1430,2,1-5,430,1,1-2-5,400,2,1-5,200,1
20260907,桐生,9,予選特賞,雨,南東,2,1,1,1,4232,笠 雅 雄,42,68,6.74,1,0.23,1.50.6,1-3-5,1220,2,1-3,350,1,1-3-5,450,2,1-3,240,1
20260907,桐生,9,予選特賞,雨,南東,2,1,2,3,4025,山 本 隆 幸,41,27,6.77,3,0.21,1.52.7,1-3-5,1220,2,1-3,350,1,1-3-5,450,2,1-3,240,1
20260907,桐生,9,予選特賞,雨,南東,2,1,3,5,4033,伊 藤 将 吉,38,30,6.67,5,0.14,1.53.4,1-3-5,1220,2,1-3,350,1,1-3-5,450,2,1-3,240,1
20260907,桐生,9,予選特賞,雨,南東,2,1,4,2,3686,鳥居塚 孝 博,47,59,6.84,2,0.24,1.54.5,1-3-5,1220,2,1-3,350,1,1-3-5,450,2,1-3,240,1
20260907,桐生,9,予選特賞,雨,南東,2,1,5,6,3681,山 谷 央,37,69,6.91,6,0.16,1.55.4,1-3-5,1220,2,1-3,350,1,1-3-5,450,2,1-3,240,1
20260907,桐生,9,予選特賞,雨,南東,2,1,6,4,5012,加 倉 侑 征,60,15,6.86,4,0.15,1.57.2,1-3-5,1220,2,1-3,350,1,1-3-5,450,2,1-3,240,1
20260907,桐生,10,予選特賞,曇り,南東,2,1,1,1,5228,若 林 樹 蘭,65,70,6.76,1,0.16,1.50.2,1-2-4,1200,4,1-2,230,1,1-2-4,600,3,1-2,150,1
20260907,桐生,10,予選特賞,曇り,南東,2,1,2,2,3946,赤 岩 善 生,51,74,6.77,2,0.22,1.51.1,1-2-4,1200,4,1-2,230,1,1-2-4,600,3,1-2,150,1
20260907,桐生,10,予選特賞,曇り,南東,2,1,3,4,3852,澤 大 介,69,62,6.69,4,0.17,1.53.5,1-2-4,1200,4,1-2,230,1,1-2-4,600,3,1-2,150,1
20260907,桐生,10,予選特賞,曇り,南東,2,1,4,3,4040,廣 瀬 将 亨,21,19,6.87,3,0.15,1.53.7,1-2-4,1200,4,1-2,230,1,1-2-4,600,3,1-2,150,1
20260907,桐生,10,予選特賞,曇り,南東,2,1,5,6,4531,武 富 智 亮,22,37,6.92,6,0.11,1.55.8,1-2-4,1200,4,1-2,230,1,1-2-4,600,3,1-2,150,1
20260907,桐生,10,予選特賞,曇り,南東,2,1,6,5,4943,八 木 治 樹,17,39,6.89,5,0.10,1.56.3,1-2-4,1200,4,1-2,230,1,1-2-4,600,3,1-2,150,1
20260907,桐生,11,予選特選,曇り,南東,1,1,1,1,4028,田 村 隆 信,13,17,6.88,1,0.11,1.50.8,1-2-3,710,1,1-2,360,1,1-2-3,260,1,1-2,320,1
20260907,桐生,11,予選特選,曇り,南東,1,1,2,2,3874,山 本 寛 久,62,35,6.81,2,0.14,1.51.3,1-2-3,710,1,1-2,360,1,1-2-3,260,1,1-2,320,1
20260907,桐生,11,予選特選,曇り,南東,1,1,3,3,4342,谷 野 錬 志,67,29,6.89,3,0.10,1.54.0,1-2-3,710,1,1-2,360,1,1-2-3,260,1,1-2,320,1
20260907,桐生,11,予選特選,曇り,南東,1,1,4,6,5048,眞 鳥 康 太,74,55,6.86,6,0.16,1.55.3,1-2-3,710,1,1-2,360,1,1-2-3,260,1,1-2,320,1
20260907,桐生,11,予選特選,曇り,南東,1,1,5,4,4118,宇佐見 淳,27,47,6.87,4,0.16,1.55.6,1-2-3,710,1,1-2,360,1,1-2-3,260,1,1-2,320,1
20260907,桐生,11,予選特選,曇り,南東,1,1,6,5,3277,齋 藤 勇,52,31,6.84,5,0.15,1.56.5,1-2-3,710,1,1-2,360,1,1-2-3,260,1,1-2,320,1
20260907,桐生,12,桐生特選,曇り,南東,2,1,1,1,4044,湯 川 浩 司,29,60,6.78,1,0.20,1.51.3,1-3-2,910,3,1-3,370,2,1-2-3,250,1,1-3,320,2
20260907,桐生,12,桐生特選,曇り,南東,2,1,2,3,4513,河 野 真 也,36,20,6.88,3,0.26,1.52.1,1-3-2,910,3,1-3,370,2,1-2-3,250,1,1-3,320,2
20260907,桐生,12,桐生特選,曇り,南東,2,1,3,2,3743,林 美 憲,70,40,6.74,2,0.23,1.53.9,1-3-2,910,3,1-3,370,2,1-2-3,250,1,1-3,320,2
20260907,桐生,12,桐生特選,曇り,南東,2,1,4,5,4992,廣 瀬 篤 哉,53,73,6.90,5,0.17,1.54.7,1-3-2,910,3,1-3,370,2,1-2-3,250,1,1-3,320,2
20260907,桐生,12,桐生特選,曇り,南東,2,1,5,6,4440,萩 原 知 哉,49,36,6.87,6,0.27,1.54.9,1-3-2,910,3,1-3,370,2,1-2-3,250,1,1-3,320,2
20260907,桐生,12,桐生特選,曇り,南東,2,1,6,4,3319,山 崎 義 明,24,57,6.69,4,0.19,1.55.7,1-3-2,910,3,1-3,370,2,1-2-3,250,1,1-3,320,2
20260907,江戸川,1,予選,雨,南西,1,5,1,2,5120,山 本 稔太朗,33,25,6.69,2,0.13,1.53.1,2-1-6,2270,7,2-1,810,3,1-2-6,980,4,1-2,320,1
20260907,江戸川,1,予選,雨,南西,1,5,2,1,3303,渡 辺 豊,11,37,6.84,1,0.14,1.55.3,2-1-6,2270,7,2-1,810,3,1-2-6,980,4,1-2,320,1
20260907,江戸川,1,予選,雨,南西,1,5,3,6,4623,中 北 将 史,52,48,6.77,6,0.28,1.56.0,2-1-6,2270,7,2-1,810,3,1-2-6,980,4,1-2,320,1
20260907,江戸川,1,予選,雨,南西,1,5,4,3,4257,古 川 健,34,65,6.63,3,0.13,1.57.7,2-1-6,2270,7,2-1,810,3,1-2-6,980,4,1-2,320,1
20260907,江戸川,1,予選,雨,南西,1,5,5,4,5315,浅 井 翼,60,23,6.67,4,0.33,,2-1-6,2270,7,2-1,810,3,1-2-6,980,4,1-2,320,1
20260907,江戸川,1,予選,雨,南西,1,5,6,5,3839,川 合 理 司,27,46,6.79,5,0.22,,2-1-6,2270,7,2-1,810,3,1-2-6,980,4,1-2,320,1
20260907,江戸川,2,予選,雨,南,3,5,1,2,4661,中 島 昂 章,50,22,6.71,2,0.08,1.53.3,2-1-6,2070,6,2-1,560,2,1-2-6,920,5,1-2,270,1
20260907,江戸川,2,予選,雨,南,3,5,2,1,3859,多羅尾 達 之,61,43,6.73,1,0.03,1.54.6,2-1-6,2070,6,2-1,560,2,1-2-6,920,5,1-2,270,1
20260907,江戸川,2,予選,雨,南,3,5,3,6,4583,古 田 祐 貴,43,56,6.67,6,0.24,1.56.8,2-1-6,2070,6,2-1,560,2,1-2-6,920,5,1-2,270,1
20260907,江戸川,2,予選,雨,南,3,5,4,5,4004,山 本 浩 輔,35,17,6.74,5,0.16,1.57.4,2-1-6,2070,6,2-1,560,2,1-2-6,920,5,1-2,270,1
20260907,江戸川,2,予選,雨,南,3,5,5,4,4173,岡 谷 健 吾,51,70,6.80,4,0.15,,2-1-6,2070,6,2-1,560,2,1-2-6,920,5,1-2,270,1
20260907,江戸川,2,予選,雨,南,3,5,6,3,4179,広 次 修,47,24,6.80,3,0.11,,2-1-6,2070,6,2-1,560,2,1-2-6,920,5,1-2,270,1
20260907,江戸川,3,予選,雨,南,3,5,1,1,4258,関 根 彰 人,29,38,6.81,1,0.17,1.53.5,1-3-2,7600,40,1-3,1430,6,1-2-3,1330,8,1-3,910,7
20260907,江戸川,3,予選,雨,南,3,5,2,3,4888,金 児 隆 太,17,71,6.66,3,0.11,1.54.8,1-3-2,7600,40,1-3,1430,6,1-2-3,1330,8,1-3,910,7
20260907,江戸川,3,予選,雨,南,3,5,3,2,5071,野見山 拓 己,32,10,6.66,2,0.09,1.55.5,1-3-2,7600,40,1-3,1430,6,1-2-3,1330,8,1-3,910,7
20260907,江戸川,3,予選,雨,南,3,5,4,5,4604,岩 瀬 裕 亮,13,60,6.72,5,0.15,1.56.3,1-3-2,7600,40,1-3,1430,6,1-2-3,1330,8,1-3,910,7
20260907,江戸川,3,予選,雨,南,3,5,5,4,3944,山 口 裕 二,58,19,6.75,4,0.13,,1-3-2,7600,40,1-3,1430,6,1-2-3,1330,8,1-3,910,7
20260907,江戸川,3,予選,雨,南,3,5,6,6,5098,大 江 純,24,14,6.74,6,0.17,,1-3-2,7600,40,1-3,1430,6,1-2-3,1330,8,1-3,910,7
20260907,江戸川,4,予選,雨,南,3,5,1,1,5138,村 本 大 成,37,63,6.68,1,0.12,1.52.4,1-2-4,2260,5,1-2,670,1,1-2-4,770,3,1-2,510,4
20260907,江戸川,4,予選,雨,南,3,5,2,2,3857,阿 波 勝 哉,30,61,6.78,2,0.13,1.53.9,1-2-4,2260,5,1-2,670,1,1-2-4,770,3,1-2,510,4
20260907,江戸川,4,予選,雨,南,3,5,3,4,3850,小 川 知 行,62,16,6.66,4,0.12,1.56.3,1-2-4,2260,5,1-2,670,1,1-2-4,770,3,1-2,510,4
20260907,江戸川,4,予選,雨,南,3,5,4,5,4427,秦 英 悟,40,21,6.86,5,0.26,1.57.1,1-2-4,2260,5,1-2,670,1,1-2-4,770,3,1-2,510,4
20260907,江戸川,4,予選,雨,南,3,5,5,6,3685,荒 井 輝 年,66,69,6.83,6,0.36,,1-2-4,2260,5,1-2,670,1,1-2-4,770,3,1-2,510,4
20260907,江戸川,4,予選,雨,南,3,5,6,3,5378,鈴 木 結平太,68,33,6.66,3,0.16,,1-2-4,2260,5,1-2,670,1,1-2-4,770,3,1-2,510,4
20260907,江戸川,5,予選,雨,南,2,5,1,6,4418,茅 原 悠 紀,48,15,6.60,6,0.07,1.51.1,6-1-4,6650,32,6-1,1710,11,1-4-6,560,2,1-6,740,4
20260907,江戸川,5,予選,雨,南,2,5,2,1,5053,山 口 広 樹,10,26,6.74,1,0.17,1.55.0,6-1-4,6650,32,6-1,1710,11,1-4-6,560,2,1-6,740,4
20260907,江戸川,5,予選,雨,南,2,5,3,4,4189,川 上 剛,28,11,6.69,4,0.22,1.55.9,6-1-4,6650,32,6-1,1710,11,1-4-6,560,2,1-6,740,4
20260907,江戸川,5,予選,雨,南,2,5,4,2,3655,本 橋 克 洋,23,64,6.81,2,0.19,1.56.5,6-1-4,6650,32,6-1,1710,11,1-4-6,560,2,1-6,740,4
20260907,江戸川,5,予選,雨,南,2,5,5,5,5427,港 理 樹,16,47,6.79,5,0.13,,6-1-4,6650,32,6-1,1710,11,1-4-6,560,2,1-6,740,4
20260907,江戸川,5,予選,雨,南,2,5,6,3,4880,澤 崎 雄 哉,59,40,6.70,3,0.22,,6-1-4,6650,32,6-1,1710,11,1-4-6,560,2,1-6,740,4
20260907,江戸川,6,予選,雨,南,2,5,1,2,4438,森 作 雄 大,67,57,6.78,2,0.11,1.52.9,2-3-1,3170,16,2-3,1180,8,1-2-3,380,1,2-3,670,4
20260907,江戸川,6,予選,雨,南,2,5,2,3,3256,三 角 哲 男,56,68,6.77,3,0.08,1.53.4,2-3-1,3170,16,2-3,1180,8,1-2-3,380,1,2-3,670,4
20260907,江戸川,6,予選,雨,南,2,5,3,1,4407,鹿 島 敏 弘,45,29,6.83,1,0.03,1.56.4,2-3-1,3170,16,2-3,1180,8,1-2-3,380,1,2-3,670,4
20260907,江戸川,6,予選,雨,南,2,5,4,4,4000,松 本 博 昭,38,49,6.76,4,0.13,1.58.3,2-3-1,3170,16,2-3,1180,8,1-2-3,380,1,2-3,670,4
20260907,江戸川,6,予選,雨,南,2,5,5,5,4173,岡 谷 健 吾,51,70,6.75,5,0.16,,2-3-1,3170,16,2-3,1180,8,1-2-3,380,1,2-3,670,4
20260907,江戸川,6,予選,雨,南,2,5,6,6,3839,川 合 理 司,27,46,6.86,6,0.20,,2-3-1,3170,16,2-3,1180,8,1-2-3,380,1,2-3,670,4
20260907,江戸川,7,予選,雨,南,3,5,1,4,4471,新 田 泰 章,49,67,6.84,4,0.11,1.53.0,4-3-1,1630,5,4-3,720,4,1-3-4,220,1,3-4,310,1
20260907,江戸川,7,予選,雨,南,3,5,2,3,5087,佐 藤 航,15,59,6.75,3,0.25,1.54.7,4-3-1,1630,5,4-3,720,4,1-3-4,220,1,3-4,310,1
20260907,江戸川,7,予選,雨,南,3,5,3,1,5071,野見山 拓 己,32,10,6.78,1,0.18,1.57.0,4-3-1,1630,5,4-3,720,4,1-3-4,220,1,3-4,310,1
20260907,江戸川,7,予選,雨,南,3,5,4,6,4896,花 本 剛,12,50,6.88,6,0.25,1.58.4,4-3-1,1630,5,4-3,720,4,1-3-4,220,1,3-4,310,1
20260907,江戸川,7,予選,雨,南,3,5,5,2,3859,多羅尾 達 之,61,43,6.94,2,0.23,,4-3-1,1630,5,4-3,720,4,1-3-4,220,1,3-4,310,1
20260907,江戸川,7,予選,雨,南,3,5,6,5,5315,浅 井 翼,60,58,6.70,5,0.21,,4-3-1,1630,5,4-3,720,4,1-3-4,220,1,3-4,310,1
20260907,江戸川,8,予選,雨,南,2,5,1,2,3664,鈴 木 賢 一,65,12,6.85,2,0.25,1.53.5,2-4-6,22670,60,2-4,5510,16,2-4-6,3640,14,2-4,2500,10
20260907,江戸川,8,予選,雨,南,2,5,2,4,4598,加 藤 政 彦,71,39,6.69,4,0.14,1.55.0,2-4-6,22670,60,2-4,5510,16,2-4-6,3640,14,2-4,2500,10
20260907,江戸川,8,予選,雨,南,2,5,3,6,4452,松 尾 祭,69,62,6.76,6,0.18,1.55.4,2-4-6,22670,60,2-4,5510,16,2-4-6,3640,14,2-4,2500,10
20260907,江戸川,8,予選,雨,南,2,5,4,1,3956,横 澤 剛 治,63,53,6.73,1,0.21,1.56.0,2-4-6,22670,60,2-4,5510,16,2-4-6,3640,14,2-4,2500,10
20260907,江戸川,8,予選,雨,南,2,5,5,5,4583,古 田 祐 貴,43,56,6.71,5,0.17,,2-4-6,22670,60,2-4,5510,16,2-4-6,3640,14,2-4,2500,10
20260907,江戸川,8,予選,雨,南,2,5,6,3,3857,阿 波 勝 哉,30,61,6.75,3,0.25,,2-4-6,22670,60,2-4,5510,16,2-4-6,3640,14,2-4,2500,10
20260907,江戸川,9,予選特賞,雨,東,1,5,1,1,4640,山ノ内 雅 人,22,35,6.63,1,0.06,1.52.7,1-4-2,2830,9,1-4,770,3,1-2-4,650,2,1-4,540,2
20260907,江戸川,9,予選特賞,雨,東,1,5,2,4,4427,秦 英 悟,40,21,6.89,4,0.10,1.54.2,1-4-2,2830,9,1-4,770,3,1-2-4,650,2,1-4,540,2
20260907,江戸川,9,予選特賞,雨,東,1,5,3,2,4880,澤 崎 雄 哉,59,40,6.71,2,0.06,1.56.3,1-4-2,2830,9,1-4,770,3,1-2-4,650,2,1-4,540,2
20260907,江戸川,9,予選特賞,雨,東,1,5,4,3,5279,石 渡 翔一郎,18,52,6.72,3,0.02,1.56.4,1-4-2,2830,9,1-4,770,3,1-2-4,650,2,1-4,540,2
20260907,江戸川,9,予選特賞,雨,東,1,5,5,5,4661,中 島 昂 章,50,22,6.74,5,0.16,,1-4-2,2830,9,1-4,770,3,1-2-4,650,2,1-4,540,2
20260907,江戸川,9,予選特賞,雨,東,1,5,6,6,4257,古 川 健,34,65,6.66,6,0.16,,1-4-2,2830,9,1-4,770,3,1-2-4,650,2,1-4,540,2
20260907,江戸川,10,予選特賞,雨,東,1,5,1,1,3931,黒 崎 竜 也,20,66,6.62,1,0.09,1.50.9,1-2-5,1060,6,1-2,280,2,1-2-5,390,2,1-2,150,1
20260907,江戸川,10,予選特賞,雨,東,1,5,2,2,4418,茅 原 悠 紀,48,15,6.65,2,0.09,1.52.5,1-2-5,1060,6,1-2,280,2,1-2-5,390,2,1-2,150,1
20260907,江戸川,10,予選特賞,雨,東,1,5,3,5,4623,中 北 将 史,52,48,6.69,5,0.13,1.55.7,1-2-5,1060,6,1-2,280,2,1-2-5,390,2,1-2,150,1
20260907,江戸川,10,予選特賞,雨,東,1,5,4,3,4258,関 根 彰 人,29,38,6.74,3,0.26,1.56.4,1-2-5,1060,6,1-2,280,2,1-2-5,390,2,1-2,150,1
20260907,江戸川,10,予選特賞,雨,東,1,5,5,6,4179,広 次 修,47,24,6.71,6,0.12,,1-2-5,1060,6,1-2,280,2,1-2-5,390,2,1-2,150,1
20260907,江戸川,10,予選特賞,雨,東,1,5,6,4,4407,鹿 島 敏 弘,45,29,6.72,4,0.11,,1-2-5,1060,6,1-2,280,2,1-2-5,390,2,1-2,150,1
20260907,江戸川,11,予選特選,雨,南,1,5,1,4,3256,三 角 哲 男,56,68,6.57,4,0.11,1.51.5,4-2-1,2330,5,4-2,1180,4,1-2-4,240,1,2-4,890,3
20260907,江戸川,11,予選特選,雨,南,1,5,2,2,3944,山 口 裕 二,58,19,6.69,2,0.20,1.53.8,4-2-1,2330,5,4-2,1180,4,1-2-4,240,1,2-4,890,3
20260907,江戸川,11,予選特選,雨,南,1,5,3,1,4142,平 野 和 明,64,27,6.60,1,0.14,1.55.4,4-2-1,2330,5,4-2,1180,4,1-2-4,240,1,2-4,890,3
20260907,江戸川,11,予選特選,雨,南,1,5,4,6,3850,小 川 知 行,62,16,6.60,6,0.11,1.56.2,4-2-1,2330,5,4-2,1180,4,1-2-4,240,1,2-4,890,3
20260907,江戸川,11,予選特選,雨,南,1,5,5,3,4004,山 本 浩 輔,35,17,6.73,3,0.16,,4-2-1,2330,5,4-2,1180,4,1-2-4,240,1,2-4,890,3
20260907,江戸川,11,予選特選,雨,南,1,5,6,5,5120,山 本 稔太朗,33,25,6.61,5,0.12,,4-2-1,2330,5,4-2,1180,4,1-2-4,240,1,2-4,890,3
20260907,江戸川,12,記者選抜戦,雨,東,1,5,1,1,4471,新 田 泰 章,49,67,6.60,1,0.30,1.52.5,1-4-6,3280,10,1-4,800,3,1-4-6,1040,5,1-4,590,3
20260907,江戸川,12,記者選抜戦,雨,東,1,5,2,4,5098,大 江 純,24,14,6.52,4,0.22,1.53.5,1-4-6,3280,10,1-4,800,3,1-4-6,1040,5,1-4,590,3
20260907,江戸川,12,記者選抜戦,雨,東,1,5,3,6,4000,松 本 博 昭,38,49,6.79,6,0.28,1.55.3,1-4-6,3280,10,1-4,800,3,1-4-6,1040,5,1-4,590,3
20260907,江戸川,12,記者選抜戦,雨,東,1,5,4,5,5138,村 本 大 成,37,63,6.78,5,0.23,1.56.4,1-4-6,3280,10,1-4,800,3,1-4-6,1040,5,1-4,590,3
20260907,江戸川,12,記者選抜戦,雨,東,1,5,5,2,4189,川 上 剛,28,11,6.60,2,0.56,,1-4-6,3280,10,1-4,800,3,1-4-6,1040,5,1-4,590,3
20260907,江戸川,12,記者選抜戦,雨,東,1,5,6,3,4981,牧 山 敦 也,14,13,6.73,3,0.30,,1-4-6,3280,10,1-4,800,3,1-4-6,1040,5,1-4,590,3
20260907,津,1,一般,曇り,無風,0,0,1,1,4547,中 田 竜 太,66,61,6.83,1,0.12,1.49.9,1-2-3,1500,3,1-2,360,1,1-2-3,650,4,1-2,300,1
20260907,津,1,一般,曇り,無風,0,0,2,2,4713,白 神 優,33,57,6.81,2,0.09,1.51.0,1-2-3,1500,3,1-2,360,1,1-2-3,650,4,1-2,300,1
20260907,津,1,一般,曇り,無風,0,0,3,3,4804,高 田 ひかる,50,56,6.71,3,0.10,1.51.4,1-2-3,1500,3,1-2,360,1,1-2-3,650,4,1-2,300,1
20260907,津,1,一般,曇り,無風,0,0,4,4,4743,木 村 仁 紀,52,66,6.81,4,0.07,1.53.6,1-2-3,1500,3,1-2,360,1,1-2-3,650,4,1-2,300,1
20260907,津,1,一般,曇り,無風,0,0,5,6,4468,大 池 佑 来,53,29,6.77,6,0.07,,1-2-3,1500,3,1-2,360,1,1-2-3,650,4,1-2,300,1
20260907,津,1,一般,曇り,無風,0,0,6,5,4980,佐々木 完 太,22,22,6.79,5,0.08,,1-2-3,1500,3,1-2,360,1,1-2-3,650,4,1-2,300,1
20260907,津,2,一般,曇り,無風,0,0,1,1,4415,下 出 卓 矢,67,15,6.79,1,0.08,1.50.9,1-3-6,6210,25,1-3,480,3,1-3-6,3420,14,1-3,580,3
20260907,津,2,一般,曇り,無風,0,0,2,3,4537,渡 邉 和 将,59,46,6.80,3,0.05,1.51.5,1-3-6,6210,25,1-3,480,3,1-3-6,3420,14,1-3,580,3
20260907,津,2,一般,曇り,無風,0,0,3,6,5034,若 林 義 人,40,59,6.69,6,0.07,1.53.1,1-3-6,6210,25,1-3,480,3,1-3-6,3420,14,1-3,580,3
20260907,津,2,一般,曇り,無風,0,0,4,4,5017,澤 田 尚 也,38,26,6.65,4,0.05,1.53.3,1-3-6,6210,25,1-3,480,3,1-3-6,3420,14,1-3,580,3
20260907,津,2,一般,曇り,無風,0,0,5,5,4013,中 島 孝 平,14,40,6.77,5,0.06,,1-3-6,6210,25,1-3,480,3,1-3-6,3420,14,1-3,580,3
20260907,津,2,一般,曇り,無風,0,0,6,2,4472,尾 嶋 一 広,60,16,6.75,2,0.14,,1-3-6,6210,25,1-3,480,3,1-3-6,3420,14,1-3,580,3
20260907,津,3,一般,曇り,北西,1,1,1,1,4772,石 丸 海 渡,13,21,6.77,1,0.16,1.50.0,1-4-6,4450,17,1-4,620,3,1-4-6,3070,10,1-4,640,4
20260907,津,3,一般,曇り,北西,1,1,2,4,4337,平 本 真 之,27,45,6.95,4,0.11,1.51.3,1-4-6,4450,17,1-4,620,3,1-4-6,3070,10,1-4,640,4
20260907,津,3,一般,曇り,北西,1,1,3,6,4361,柳 生 泰 二,37,55,6.83,6,0.15,1.52.9,1-4-6,4450,17,1-4,620,3,1-4-6,3070,10,1-4,640,4
20260907,津,3,一般,曇り,北西,1,1,4,2,4528,黒 井 達 矢,56,70,6.78,2,0.17,1.53.8,1-4-6,4450,17,1-4,620,3,1-4-6,3070,10,1-4,640,4
20260907,津,3,一般,曇り,北西,1,1,5,3,4391,松 田 祐 季,31,63,6.85,3,0.12,,1-4-6,4450,17,1-4,620,3,1-4-6,3070,10,1-4,640,4
20260907,津,3,一般,曇り,北西,1,1,6,5,4796,春 園 功 太,70,75,6.77,5,0.13,,1-4-6,4450,17,1-4,620,3,1-4-6,3070,10,1-4,640,4
20260907,津,4,一般,雨,無風,0,0,1,1,4477,篠 崎 仁 志,54,37,6.77,1,0.08,1.50.2,1-2-4,400,1,1-2,230,1,1-2-4,220,1,1-2,160,1
20260907,津,4,一般,雨,無風,0,0,2,2,4856,豊 田 健士郎,32,28,6.68,2,0.08,1.51.2,1-2-4,400,1,1-2,230,1,1-2-4,220,1,1-2,160,1
20260907,津,4,一般,雨,無風,0,0,3,4,3941,池 田 浩 二,12,31,6.75,4,0.05,1.52.0,1-2-4,400,1,1-2,230,1,1-2-4,220,1,1-2,160,1
20260907,津,4,一般,雨,無風,0,0,4,3,4852,川 原 祐 明,64,12,6.76,3,0.05,1.53.0,1-2-4,400,1,1-2,230,1,1-2-4,220,1,1-2,160,1
20260907,津,4,一般,雨,無風,0,0,5,6,4953,尾 上 雅 也,72,34,6.77,6,0.11,,1-2-4,400,1,1-2,230,1,1-2-4,220,1,1-2,160,1
20260907,津,4,一般,雨,無風,0,0,6,5,4456,鎌 倉 涼,71,19,6.80,5,0.10,,1-2-4,400,1,1-2,230,1,1-2-4,220,1,1-2,160,1
20260907,津,5,一般,曇り,東,1,1,1,1,4445,宮 地 元 輝,20,33,6.69,1,0.08,1.49.9,1-3-4,600,1,1-3,230,1,1-3-4,440,2,1-3,200,1
20260907,津,5,一般,曇り,東,1,1,2,3,4760,山 崎 郡,39,48,6.75,3,0.10,1.50.9,1-3-4,600,1,1-3,230,1,1-3-4,440,2,1-3,200,1
20260907,津,5,一般,曇り,東,1,1,3,4,4857,加 藤 翔 馬,16,67,6.79,4,0.09,1.51.4,1-3-4,600,1,1-3,230,1,1-3-4,440,2,1-3,200,1
20260907,津,5,一般,曇り,東,1,1,4,2,4980,佐々木 完 太,22,22,6.83,2,0.10,1.53.4,1-3-4,600,1,1-3,230,1,1-3-4,440,2,1-3,200,1
20260907,津,5,一般,曇り,東,1,1,5,5,4713,白 神 優,33,57,6.81,5,0.09,,1-3-4,600,1,1-3,230,1,1-3-4,440,2,1-3,200,1
20260907,津,5,一般,曇り,東,1,1,6,6,5256,中 山 翔 太,15,62,6.76,6,0.13,,1-3-4,600,1,1-3,230,1,1-3-4,440,2,1-3,200,1
20260907,津,6,一般,曇り,東,1,1,1,1,5017,澤 田 尚 也,38,26,6.68,1,0.12,1.49.8,1-4-6,2550,9,1-4,420,3,1-4-6,1530,7,1-4,360,3
20260907,津,6,一般,曇り,東,1,1,2,4,4547,中 田 竜 太,66,61,6.84,4,0.11,1.51.2,1-4-6,2550,9,1-4,420,3,1-4-6,1530,7,1-4,360,3
20260907,津,6,一般,曇り,東,1,1,3,6,4739,中 村 晃 朋,61,30,6.90,6,0.16,1.53.5,1-4-6,2550,9,1-4,420,3,1-4-6,1530,7,1-4,360,3
20260907,津,6,一般,曇り,東,1,1,4,2,4468,大 池 佑 来,53,29,6.75,2,0.14,1.54.5,1-4-6,2550,9,1-4,420,3,1-4-6,1530,7,1-4,360,3
20260907,津,6,一般,曇り,東,1,1,5,3,4205,山 口 剛,55,38,6.85,3,0.15,,1-4-6,2550,9,1-4,420,3,1-4-6,1530,7,1-4,360,3
20260907,津,6,一般,曇り,東,1,1,6,5,4415,下 出 卓 矢,67,15,6.76,5,0.18,,1-4-6,2550,9,1-4,420,3,1-4-6,1530,7,1-4,360,3
20260907,津,7,一般,曇り,東,1,1,1,3,4013,中 島 孝 平,14,40,6.86,3,0.07,1.49.4,3-1-5,6360,21,3-1,2170,6,1-3-5,520,2,1-3,290,1
20260907,津,7,一般,曇り,東,1,1,2,1,4743,木 村 仁 紀,52,66,6.81,1,0.13,1.51.0,3-1-5,6360,21,3-1,2170,6,1-3-5,520,2,1-3,290,1
20260907,津,7,一般,曇り,東,1,1,3,5,4772,石 丸 海 渡,13,21,6.79,5,0.05,1.51.6,3-1-5,6360,21,3-1,2170,6,1-3-5,520,2,1-3,290,1
20260907,津,7,一般,曇り,東,1,1,4,4,4804,高 田 ひかる,50,56,6.77,4,0.15,1.52.3,3-1-5,6360,21,3-1,2170,6,1-3-5,520,2,1-3,290,1
20260907,津,7,一般,曇り,東,1,1,5,2,5112,砂 長 知 輝,25,73,6.80,2,0.14,,3-1-5,6360,21,3-1,2170,6,1-3-5,520,2,1-3,290,1
20260907,津,7,一般,曇り,東,1,1,6,6,4472,尾 嶋 一 広,60,16,6.70,6,0.08,,3-1-5,6360,21,3-1,2170,6,1-3-5,520,2,1-3,290,1
20260907,津,8,一般,曇り,東,1,1,1,3,5034,若 林 義 人,40,59,6.77,3,0.14,1.49.2,3-1-6,1940,6,3-1,770,4,1-3-6,500,2,1-3,200,1
20260907,津,8,一般,曇り,東,1,1,2,1,4337,平 本 真 之,27,45,6.89,1,0.13,1.51.6,3-1-6,1940,6,3-1,770,4,1-3-6,500,2,1-3,200,1
20260907,津,8,一般,曇り,東,1,1,3,6,4856,豊 田 健士郎,32,28,6.78,6,0.19,1.53.0,3-1-6,1940,6,3-1,770,4,1-3-6,500,2,1-3,200,1
20260907,津,8,一般,曇り,東,1,1,4,4,4528,黒 井 達 矢,56,70,6.79,4,0.17,1.53.7,3-1-6,1940,6,3-1,770,4,1-3-6,500,2,1-3,200,1
20260907,津,8,一般,曇り,東,1,1,5,5,4537,渡 邉 和 将,59,46,6.84,5,0.16,,3-1-6,1940,6,3-1,770,4,1-3-6,500,2,1-3,200,1
20260907,津,8,一般,曇り,東,1,1,6,2,4456,鎌 倉 涼,71,19,6.80,2,0.15,,3-1-6,1940,6,3-1,770,4,1-3-6,500,2,1-3,200,1
20260907,津,9,一般,曇り,無風,0,0,1,1,3941,池 田 浩 二,12,31,6.77,1,0.14,1.50.2,1-3-2,1260,6,1-3,420,3,1-2-3,410,2,1-3,410,3
20260907,津,9,一般,曇り,無風,0,0,2,3,4796,春 園 功 太,70,75,6.78,2,0.12,1.50.9,1-3-2,1260,6,1-3,420,3,1-2-3,410,2,1-3,410,3
20260907,津,9,一般,曇り,無風,0,0,3,2,4857,加 藤 翔 馬,16,67,6.80,3,0.19,1.51.3,1-3-2,1260,6,1-3,420,3,1-2-3,410,2,1-3,410,3
20260907,津,9,一般,曇り,無風,0,0,4,5,4477,篠 崎 仁 志,54,37,6.83,5,0.17,1.53.1,1-3-2,1260,6,1-3,420,3,1-2-3,410,2,1-3,410,3
20260907,津,9,一般,曇り,無風,0,0,5,4,4445,宮 地 元 輝,20,33,6.79,4,0.15,,1-3-2,1260,6,1-3,420,3,1-2-3,410,2,1-3,410,3
20260907,津,9,一般,曇り,無風,0,0,6,6,4391,松 田 祐 季,31,63,6.93,6,0.21,,1-3-2,1260,6,1-3,420,3,1-2-3,410,2,1-3,410,3
20260907,津,10,準優勝戦,曇り,無風,0,0,1,1,4444,桐 生 順 平,51,39,6.76,1,0.17,1.49.6,1-2-6,1680,7,1-2,220,1,1-2-6,940,6,1-2,190,1
20260907,津,10,準優勝戦,曇り,無風,0,0,2,2,4586,磯 部 誠,11,76,6.83,2,0.16,1.51.7,1-2-6,1680,7,1-2,220,1,1-2-6,940,6,1-2,190,1
20260907,津,10,準優勝戦,曇り,無風,0,0,3,6,4826,井 上 一 輝,47,11,6.67,6,0.17,1.52.7,1-2-6,1680,7,1-2,220,1,1-2-6,940,6,1-2,190,1
20260907,津,10,準優勝戦,曇り,無風,0,0,4,3,4024,井 口 佳 典,68,60,6.81,3,0.17,1.54.5,1-2-6,1680,7,1-2,220,1,1-2-6,940,6,1-2,190,1
20260907,津,10,準優勝戦,曇り,無風,0,0,5,4,4512,高 野 哲 史,30,25,6.84,4,0.09,,1-2-6,1680,7,1-2,220,1,1-2-6,940,6,1-2,190,1
20260907,津,10,準優勝戦,曇り,無風,0,0,6,5,4566,塩 田 北 斗,49,44,6.84,5,0.15,,1-2-6,1680,7,1-2,220,1,1-2-6,940,6,1-2,190,1
20260907,津,11,準優勝戦,曇り,無風,0,0,1,1,4851,関 浩 哉,35,64,6.78,1,0.11,1.48.7,1-2-5,1450,4,1-2,270,1,1-2-5,580,2,1-2,220,1
20260907,津,11,準優勝戦,曇り,無風,0,0,2,2,5267,石 本 裕 武,23,13,6.79,2,0.15,1.50.8,1-2-5,1450,4,1-2,270,1,1-2-5,580,2,1-2,220,1
20260907,津,11,準優勝戦,曇り,無風,0,0,3,5,4397,西 村 拓 也,73,49,6.61,6,0.09,1.51.5,1-2-5,1450,4,1-2,270,1,1-2-5,580,2,1-2,220,1
20260907,津,11,準優勝戦,曇り,無風,0,0,4,3,4305,金 子 拓 矢,24,72,6.85,3,0.14,1.53.0,1-2-5,1450,4,1-2,270,1,1-2-5,580,2,1-2,220,1
20260907,津,11,準優勝戦,曇り,無風,0,0,5,6,4502,遠 藤 エ ミ,44,23,6.84,5,0.14,,1-2-5,1450,4,1-2,270,1,1-2-5,580,2,1-2,220,1
20260907,津,11,準優勝戦,曇り,無風,0,0,6,4,5015,高 橋 竜 矢,41,32,6.76,4,0.16,,1-2-5,1450,4,1-2,270,1,1-2-5,580,2,1-2,220,1
20260907,津,12,準優勝戦,雨,西,1,1,1,1,3960,菊 地 孝 平,48,65,6.76,1,0.10,1.48.6,1-6-3,3900,13,1-6,1250,4,1-3-6,820,5,1-6,880,4
20260907,津,12,準優勝戦,雨,西,1,1,2,6,5084,末 永 和 也,36,24,6.76,6,0.14,1.50.8,1-6-3,3900,13,1-6,1250,4,1-3-6,820,5,1-6,880,4
20260907,津,12,準優勝戦,雨,西,1,1,3,3,3897,白 井 英 治,69,69,6.87,3,0.17,1.52.7,1-6-3,3900,13,1-6,1250,4,1-3-6,820,5,1-6,880,4
20260907,津,12,準優勝戦,雨,西,1,1,4,2,4256,渡 辺 浩 司,43,20,6.82,2,0.18,1.53.2,1-6-3,3900,13,1-6,1250,4,1-3-6,820,5,1-6,880,4
20260907,津,12,準優勝戦,雨,西,1,1,5,5,4083,福 島 勇 樹,28,17,6.82,5,0.15,,1-6-3,3900,13,1-6,1250,4,1-3-6,820,5,1-6,880,4
20260907,津,12,準優勝戦,雨,西,1,1,6,4,4448,青 木 玄 太,26,18,6.84,4,0.13,,1-6-3,3900,13,1-6,1250,4,1-3-6,820,5,1-6,880,4
20260907,福岡,1,一般戦,曇り,北,4,4,1,1,3966,作 間 章,61,139,6.87,1,0.20,1.51.4,1-3-4,550,1,1-3,260,1,1-3-4,230,1,1-3,200,1
20260907,福岡,1,一般戦,曇り,北,4,4,2,3,5133,堀 越 雄 貴,57,134,6.85,3,0.12,1.53.0,1-3-4,550,1,1-3,260,1,1-3-4,230,1,1-3,200,1
20260907,福岡,1,一般戦,曇り,北,4,4,3,4,5004,河 野 主 樹,62,158,6.86,4,0.12,1.54.3,1-3-4,550,1,1-3,260,1,1-3-4,230,1,1-3,200,1
20260907,福岡,1,一般戦,曇り,北,4,4,4,2,3467,森 弘 行,49,171,6.90,2,0.12,1.55.8,1-3-4,550,1,1-3,260,1,1-3-4,230,1,1-3,200,1
20260907,福岡,1,一般戦,曇り,北,4,4,5,6,5381,有 山 望,56,104,6.86,6,0.14,,1-3-4,550,1,1-3,260,1,1-3-4,230,1,1-3,200,1
20260907,福岡,1,一般戦,曇り,北,4,4,6,5,3928,林 恵 祐,74,128,6.93,5,0.21,,1-3-4,550,1,1-3,260,1,1-3-4,230,1,1-3,200,1
20260907,福岡,2,一般戦,曇り,北,4,4,1,1,5289,佃 來 紀,34,138,6.85,1,0.20,1.50.8,1-2-3,1400,6,1-2,480,3,1-2-3,650,4,1-2,290,1
20260907,福岡,2,一般戦,曇り,北,4,4,2,2,3523,寳 田 亮 治,35,106,6.91,2,0.21,1.52.5,1-2-3,1400,6,1-2,480,3,1-2-3,650,4,1-2,290,1
20260907,福岡,2,一般戦,曇り,北,4,4,3,3,5007,近 藤 雄一郎,65,131,6.92,3,0.19,1.53.6,1-2-3,1400,6,1-2,480,3,1-2-3,650,4,1-2,290,1
20260907,福岡,2,一般戦,曇り,北,4,4,4,4,4632,長 尾 京志郎,15,124,6.95,4,0.18,1.54.2,1-2-3,1400,6,1-2,480,3,1-2-3,650,4,1-2,290,1
20260907,福岡,2,一般戦,曇り,北,4,4,5,5,4114,深 澤 達 徳,37,122,6.93,5,0.24,,1-2-3,1400,6,1-2,480,3,1-2-3,650,4,1-2,290,1
20260907,福岡,2,一般戦,曇り,北,4,4,6,6,4095,福 来 剛,39,101,6.84,6,0.21,,1-2-3,1400,6,1-2,480,3,1-2-3,650,4,1-2,290,1
20260907,福岡,3,一般戦,曇り,北,4,4,1,2,4377,濱 本 優 一,22,164,6.91,2,0.09,1.52.2,2-4-6,2110,4,2-4,850,3,2-4-6,870,5,2-4,500,2
20260907,福岡,3,一般戦,曇り,北,4,4,2,4,4379,桑 島 和 宏,67,111,6.90,4,0.14,1.52.9,2-4-6,2110,4,2-4,850,3,2-4-6,870,5,2-4,500,2
20260907,福岡,3,一般戦,曇り,北,4,4,3,6,4904,松 本 一 毅,13,129,6.86,6,0.19,1.54.3,2-4-6,2110,4,2-4,850,3,2-4-6,870,5,2-4,500,2
20260907,福岡,3,一般戦,曇り,北,4,4,4,3,4368,山 口 隆 史,20,114,6.90,3,0.13,1.56.0,2-4-6,2110,4,2-4,850,3,2-4-6,870,5,2-4,500,2
20260907,福岡,3,一般戦,曇り,北,4,4,5,1,3432,宮 迫 暢 彦,33,136,6.87,1,0.15,,2-4-6,2110,4,2-4,850,3,2-4-6,870,5,2-4,500,2
20260907,福岡,3,一般戦,曇り,北,4,4,6,5,4792,杉 村 賢 也,46,108,6.86,5,0.16,,2-4-6,2110,4,2-4,850,3,2-4-6,870,5,2-4,500,2
20260907,福岡,4,一般戦,曇り,北,4,4,1,4,4958,溝 口 海義也,70,170,6.86,4,0.09,1.52.6,4-2-1,1790,6,4-2,1030,5,1-2-4,170,1,2-4,510,3
20260907,福岡,4,一般戦,曇り,北,4,4,2,2,5081,篠 原 飛 翔,32,157,6.90,2,0.14,1.53.4,4-2-1,1790,6,4-2,1030,5,1-2-4,170,1,2-4,510,3
20260907,福岡,4,一般戦,曇り,北,4,4,3,1,4815,伏 島 祐 介,19,115,6.88,1,0.18,1.54.9,4-2-1,1790,6,4-2,1030,5,1-2-4,170,1,2-4,510,3
20260907,福岡,4,一般戦,曇り,北,4,4,4,5,5371,早 川 颯 太,30,147,6.89,5,0.02,1.56.5,4-2-1,1790,6,4-2,1030,5,1-2-4,170,1,2-4,510,3
20260907,福岡,4,一般戦,曇り,北,4,4,5,6,5190,大 月 遊 雅,43,135,6.87,6,0.24,,4-2-1,1790,6,4-2,1030,5,1-2-4,170,1,2-4,510,3
20260907,福岡,4,一般戦,曇り,北,4,4,6,3,3948,大 町 利 克,71,174,6.92,3,0.16,,4-2-1,1790,6,4-2,1030,5,1-2-4,170,1,2-4,510,3
20260907,福岡,5,一般戦,曇り,北,5,5,1,4,5054,佐々木 大 河,52,119,6.90,3,0.14,1.52.6,4-6-5,6530,27,4-6,4420,16,4-5-6,2280,10,4-6,2610,11
20260907,福岡,5,一般戦,曇り,北,5,5,2,6,4944,田 代 達 也,12,109,6.84,5,0.15,1.54.4,4-6-5,6530,27,4-6,4420,16,4-5-6,2280,10,4-6,2610,11
20260907,福岡,5,一般戦,曇り,北,5,5,3,5,4100,松 田 隆 司,25,142,6.94,4,0.16,1.56.1,4-6-5,6530,27,4-6,4420,16,4-5-6,2280,10,4-6,2610,11
20260907,福岡,5,一般戦,曇り,北,5,5,4,1,3107,平 岡 重 典,11,149,6.86,1,0.19,1.57.2,4-6-5,6530,27,4-6,4420,16,4-5-6,2280,10,4-6,2610,11
20260907,福岡,5,一般戦,曇り,北,5,5,5,3,5381,有 山 望,56,104,6.87,6,0.15,,4-6-5,6530,27,4-6,4420,16,4-5-6,2280,10,4-6,2610,11
20260907,福岡,5,一般戦,曇り,北,5,5,6,2,3703,鳥 飼 眞,21,117,6.93,2,0.28,,4-6-5,6530,27,4-6,4420,16,4-5-6,2280,10,4-6,2610,11
20260907,福岡,6,一般戦,曇り,北,4,4,1,1,3888,山 本 英 志,44,121,6.88,1,0.13,1.52.3,1-4-6,1720,5,1-4,410,1,1-4-6,730,2,1-4,310,2
20260907,福岡,6,一般戦,曇り,北,4,4,2,4,4759,今 泉 友 吾,58,105,6.84,4,0.13,1.54.0,1-4-6,1720,5,1-4,410,1,1-4-6,730,2,1-4,310,2
20260907,福岡,6,一般戦,曇り,北,4,4,3,6,5133,堀 越 雄 貴,57,134,6.85,6,0.12,1.54.4,1-4-6,1720,5,1-4,410,1,1-4-6,730,2,1-4,310,2
20260907,福岡,6,一般戦,曇り,北,4,4,4,2,4301,関 裕 也,18,152,6.81,2,0.10,1.54.4,1-4-6,1720,5,1-4,410,1,1-4-6,730,2,1-4,310,2
20260907,福岡,6,一般戦,曇り,北,4,4,5,3,5235,岩 田 凌,16,113,6.90,3,0.13,,1-4-6,1720,5,1-4,410,1,1-4-6,730,2,1-4,310,2
20260907,福岡,6,一般戦,曇り,北,4,4,6,5,3523,寳 田 亮 治,35,106,7.00,5,0.10,,1-4-6,1720,5,1-4,410,1,1-4-6,730,2,1-4,310,2
20260907,福岡,7,一般戦,曇り,北,4,4,1,1,4148,枝 尾 賢,29,169,6.84,1,0.13,1.53.4,1-2-4,800,2,1-2,310,2,1-2-4,440,2,1-2,150,1
20260907,福岡,7,一般戦,曇り,北,4,4,2,2,4114,深 澤 達 徳,37,122,6.92,2,0.17,1.54.8,1-2-4,800,2,1-2,310,2,1-2-4,440,2,1-2,150,1
20260907,福岡,7,一般戦,曇り,北,4,4,3,4,4792,杉 村 賢 也,46,108,6.88,4,0.13,1.55.7,1-2-4,800,2,1-2,310,2,1-2-4,440,2,1-2,150,1
20260907,福岡,7,一般戦,曇り,北,4,4,4,3,3928,林 恵 祐,74,128,6.93,3,0.16,1.56.7,1-2-4,800,2,1-2,310,2,1-2-4,440,2,1-2,150,1
20260907,福岡,7,一般戦,曇り,北,4,4,5,5,4905,土 井 祥 伍,53,151,7.01,5,0.15,,1-2-4,800,2,1-2,310,2,1-2-4,440,2,1-2,150,1
20260907,福岡,7,一般戦,曇り,北,4,4,6,6,5426,甲 斐 貴 大,28,103,6.99,6,0.13,,1-2-4,800,2,1-2,310,2,1-2-4,440,2,1-2,150,1
20260907,福岡,8,一般戦,曇り,北,4,4,1,1,4379,桑 島 和 宏,67,111,6.88,1,0.12,1.51.7,1-2-4,1280,6,1-2,290,1,1-2-4,470,2,1-2,240,1
20260907,福岡,8,一般戦,曇り,北,4,4,2,2,4632,長 尾 京志郎,15,124,6.92,2,0.15,1.53.0,1-2-4,1280,6,1-2,290,1,1-2-4,470,2,1-2,240,1
20260907,福岡,8,一般戦,曇り,北,4,4,3,4,4651,佐 藤 大 騎,63,130,6.91,4,0.21,1.54.1,1-2-4,1280,6,1-2,290,1,1-2-4,470,2,1-2,240,1
20260907,福岡,8,一般戦,曇り,北,4,4,4,5,5004,河 野 主 樹,62,158,6.88,5,0.13,1.55.1,1-2-4,1280,6,1-2,290,1,1-2-4,470,2,1-2,240,1
20260907,福岡,8,一般戦,曇り,北,4,4,5,3,4393,田 中 孝 明,48,102,6.90,3,0.15,,1-2-4,1280,6,1-2,290,1,1-2-4,470,2,1-2,240,1
20260907,福岡,8,一般戦,曇り,北,4,4,6,6,5371,早 川 颯 太,30,147,6.89,6,0.21,,1-2-4,1280,6,1-2,290,1,1-2-4,470,2,1-2,240,1
20260907,福岡,9,一般戦,曇り,北,4,4,1,1,5081,篠 原 飛 翔,32,157,6.88,1,0.25,1.52.4,1-2-3,460,1,1-2,200,1,1-2-3,220,1,1-2,150,1
20260907,福岡,9,一般戦,曇り,北,4,4,2,2,5054,佐々木 大 河,52,119,6.89,2,0.25,1.54.2,1-2-3,460,1,1-2,200,1,1-2-3,220,1,1-2,150,1
20260907,福岡,9,一般戦,曇り,北,4,4,3,3,4329,小 松 卓 司,72,146,6.87,3,0.20,1.55.6,1-2-3,460,1,1-2,200,1,1-2-3,220,1,1-2,150,1
20260907,福岡,9,一般戦,曇り,北,4,4,4,6,5007,近 藤 雄一郎,65,131,6.92,6,0.23,1.55.7,1-2-3,460,1,1-2,200,1,1-2-3,220,1,1-2,150,1
20260907,福岡,9,一般戦,曇り,北,4,4,5,5,3467,森 弘 行,49,171,6.90,5,0.22,,1-2-3,460,1,1-2,200,1,1-2-3,220,1,1-2,150,1
20260907,福岡,9,一般戦,曇り,北,4,4,6,4,4368,山 口 隆 史,20,114,6.91,4,0.24,,1-2-3,460,1,1-2,200,1,1-2-3,220,1,1-2,150,1
20260907,福岡,10,選抜戦,雨,北,5,5,1,2,4958,溝 口 海義也,70,170,6.80,3,0.15,1.51.5,2-3-1,3280,10,2-3,770,4,1-2-3,310,1,2-3,510,3
20260907,福岡,10,選抜戦,雨,北,5,5,2,3,4759,今 泉 友 吾,58,105,6.84,4,0.12,1.52.2,2-3-1,3280,10,2-3,770,4,1-2-3,310,1,2-3,510,3
20260907,福岡,10,選抜戦,雨,北,5,5,3,1,4904,松 本 一 毅,13,129,6.83,1,0.26,1.54.5,2-3-1,3280,10,2-3,770,4,1-2-3,310,1,2-3,510,3
20260907,福岡,10,選抜戦,雨,北,5,5,4,4,3966,作 間 章,61,139,6.93,5,0.12,1.55.4,2-3-1,3280,10,2-3,770,4,1-2-3,310,1,2-3,510,3
20260907,福岡,10,選抜戦,雨,北,5,5,5,6,3703,鳥 飼 眞,21,117,6.91,2,0.20,,2-3-1,3280,10,2-3,770,4,1-2-3,310,1,2-3,510,3
20260907,福岡,10,選抜戦,雨,北,5,5,6,5,5289,佃 來 紀,34,138,6.89,6,0.09,,2-3-1,3280,10,2-3,770,4,1-2-3,310,1,2-3,510,3
20260907,福岡,11,選抜戦,雨,北,5,5,1,6,4301,関 裕 也,18,152,6.84,5,0.06,1.51.7,6-5-1,81690,105,6-5,24640,30,1-5-6,2780,10,5-6,4920,13
20260907,福岡,11,選抜戦,雨,北,5,5,2,5,4148,枝 尾 賢,29,169,6.87,6,0.11,1.53.3,6-5-1,81690,105,6-5,24640,30,1-5-6,2780,10,5-6,4920,13
20260907,福岡,11,選抜戦,雨,北,5,5,3,1,4095,福 来 剛,39,101,6.80,1,0.12,1.54.7,6-5-1,81690,105,6-5,24640,30,1-5-6,2780,10,5-6,4920,13
20260907,福岡,11,選抜戦,雨,北,5,5,4,2,4100,松 田 隆 司,25,142,6.90,2,0.11,1.56.4,6-5-1,81690,105,6-5,24640,30,1-5-6,2780,10,5-6,4920,13
20260907,福岡,11,選抜戦,雨,北,5,5,5,3,4377,濱 本 優 一,22,164,6.90,3,0.12,,6-5-1,81690,105,6-5,24640,30,1-5-6,2780,10,5-6,4920,13
20260907,福岡,11,選抜戦,雨,北,5,5,6,4,4815,伏 島 祐 介,19,115,6.85,4,0.16,,6-5-1,81690,105,6-5,24640,30,1-5-6,2780,10,5-6,4920,13
20260907,福岡,12,優勝戦,曇り,北,4,4,1,1,4932,新 開 航,59,168,6.83,1,0.16,1.51.7,1-2-5,1200,5,1-2,310,2,1-2-5,870,5,1-2,130,1
20260907,福岡,12,優勝戦,曇り,北,4,4,2,2,4077,品 田 直 樹,26,153,6.79,2,0.24,1.53.1,1-2-5,1200,5,1-2,310,2,1-2-5,870,5,1-2,130,1
20260907,福岡,12,優勝戦,曇り,北,4,4,3,5,4737,竹 井 貴 史,31,155,6.91,5,0.18,1.54.5,1-2-5,1200,5,1-2,310,2,1-2-5,870,5,1-2,130,1
20260907,福岡,12,優勝戦,曇り,北,4,4,4,3,4535,北 山 康 介,51,161,6.92,3,0.25,1.55.4,1-2-5,1200,5,1-2,310,2,1-2-5,870,5,1-2,130,1
20260907,福岡,12,優勝戦,曇り,北,4,4,5,4,3915,繁野谷 圭 介,36,127,6.90,4,0.21,,1-2-5,1200,5,1-2,310,2,1-2-5,870,5,1-2,130,1
20260907,福岡,12,優勝戦,曇り,北,4,4,6,6,4155,長 野 壮志郎,27,156,6.88,6,0.15,,1-2-5,1200,5,1-2,310,2,1-2-5,870,5,1-2,130,1
20260907,蒲郡,1,一般戦,曇り,北西,1,0,1,4,4016,西 川 新太郎,24,37,6.73,4,0.09,1.50.3,4-3-2,2700,11,4-3,1130,5,2-3-4,310,1,3-4,540,3
20260907,蒲郡,1,一般戦,曇り,北西,1,0,2,3,3401,上 田 隆 章,19,17,6.74,3,0.12,1.50.8,4-3-2,2700,11,4-3,1130,5,2-3-4,310,1,3-4,540,3
20260907,蒲郡,1,一般戦,曇り,北西,1,0,3,2,4469,土 山 卓 也,61,53,6.76,2,0.12,1.53.9,4-3-2,2700,11,4-3,1130,5,2-3-4,310,1,3-4,540,3
20260907,蒲郡,1,一般戦,曇り,北西,1,0,4,5,3546,中 里 昌 志,27,16,6.76,5,0.09,1.55.0,4-3-2,2700,11,4-3,1130,5,2-3-4,310,1,3-4,540,3
20260907,蒲郡,1,一般戦,曇り,北西,1,0,5,6,3773,津 留 浩一郎,57,47,6.69,6,0.09,,4-3-2,2700,11,4-3,1130,5,2-3-4,310,1,3-4,540,3
20260907,蒲郡,1,一般戦,曇り,北西,1,0,6,1,5349,宮 崎 奏 磨,16,46,6.61,1,0.13,,4-3-2,2700,11,4-3,1130,5,2-3-4,310,1,3-4,540,3
20260907,蒲郡,2,一般戦,雨,北西,1,0,1,1,3652,森 下 勇,49,34,6.68,1,0.11,1.50.2,1-5-2,1970,6,1-5,1000,5,1-2-5,380,2,1-5,790,5
20260907,蒲郡,2,一般戦,雨,北西,1,0,2,5,4459,片 岡 雅 裕,66,35,6.68,5,0.17,1.51.1,1-5-2,1970,6,1-5,1000,5,1-2-5,380,2,1-5,790,5
20260907,蒲郡,2,一般戦,雨,北西,1,0,3,2,4523,中 村 辰 也,28,40,6.66,2,0.11,1.52.7,1-5-2,1970,6,1-5,1000,5,1-2-5,380,2,1-5,790,5
20260907,蒲郡,2,一般戦,雨,北西,1,0,4,3,4214,林 祐 介,52,23,6.67,3,0.11,1.54.2,1-5-2,1970,6,1-5,1000,5,1-2-5,380,2,1-5,790,5
20260907,蒲郡,2,一般戦,雨,北西,1,0,5,6,4527,高 野 心 吾,62,18,6.70,6,0.23,,1-5-2,1970,6,1-5,1000,5,1-2-5,380,2,1-5,790,5
20260907,蒲郡,2,一般戦,雨,北西,1,0,6,4,4197,渥 美 卓 郎,58,31,6.81,4,0.21,,1-5-2,1970,6,1-5,1000,5,1-2-5,380,2,1-5,790,5
20260907,蒲郡,3,一般戦,雨,無風,0,0,1,2,3875,廣 中 良 一,65,43,6.72,2,0.11,1.49.9,2-3-6,26000,59,2-3,1570,9,2-3-6,17510,15,2-3,910,4
20260907,蒲郡,3,一般戦,雨,無風,0,0,2,3,4323,山 田 佑 樹,64,41,6.69,3,0.11,1.50.8,2-3-6,26000,59,2-3,1570,9,2-3-6,17510,15,2-3,910,4
20260907,蒲郡,3,一般戦,雨,無風,0,0,3,6,4219,本 岡 勝 利,15,27,6.72,6,0.19,1.52.7,2-3-6,26000,59,2-3,1570,9,2-3-6,17510,15,2-3,910,4
20260907,蒲郡,3,一般戦,雨,無風,0,0,4,5,4914,吉 田 裕 平,31,13,6.69,5,0.11,1.53.9,2-3-6,26000,59,2-3,1570,9,2-3-6,17510,15,2-3,910,4
20260907,蒲郡,3,一般戦,雨,無風,0,0,5,4,4435,服 部 達 哉,26,77,6.74,4,0.09,,2-3-6,26000,59,2-3,1570,9,2-3-6,17510,15,2-3,910,4
20260907,蒲郡,3,一般戦,雨,無風,0,0,6,1,5366,塩 嶋 泰 空,77,54,6.62,1,0.19,,2-3-6,26000,59,2-3,1570,9,2-3-6,17510,15,2-3,910,4
20260907,蒲郡,4,一般戦,雨,無風,0,0,1,3,4151,下 河 誉 史,11,20,6.62,1,0.17,1.49.8,3-4-5,3840,15,3-4,1210,6,3-4-5,880,5,3-4,640,4
20260907,蒲郡,4,一般戦,雨,無風,0,0,2,4,4362,土 屋 智 則,12,25,6.64,2,0.19,1.51.6,3-4-5,3840,15,3-4,1210,6,3-4-5,880,5,3-4,640,4
20260907,蒲郡,4,一般戦,雨,無風,0,0,3,5,4365,盛 本 真 輔,56,36,6.82,3,0.19,1.53.6,3-4-5,3840,15,3-4,1210,6,3-4-5,880,5,3-4,640,4
20260907,蒲郡,4,一般戦,雨,無風,0,0,4,2,4693,松 下 誉 士,60,28,6.73,5,0.21,1.54.8,3-4-5,3840,15,3-4,1210,6,3-4-5,880,5,3-4,640,4
20260907,蒲郡,4,一般戦,雨,無風,0,0,5,6,3660,長谷川 親 王,23,32,6.80,6,0.37,,3-4-5,3840,15,3-4,1210,6,3-4-5,880,5,3-4,640,4
20260907,蒲郡,4,一般戦,雨,無風,0,0,6,1,3981,今 坂 晃 広,17,56,6.73,4,0.19,,3-4-5,3840,15,3-4,1210,6,3-4-5,880,5,3-4,640,4
20260907,蒲郡,5,一般戦,雨,無風,0,0,1,1,3825,宮 嵜 隆太郎,14,11,6.63,1,0.09,1.50.2,1-3-6,570,1,1-3,290,1,1-3-6,300,1,1-3,200,1
20260907,蒲郡,5,一般戦,雨,無風,0,0,2,3,3679,飯 島 昌 弘,50,33,6.75,3,0.08,1.51.1,1-3-6,570,1,1-3,290,1,1-3-6,300,1,1-3,200,1
20260907,蒲郡,5,一般戦,雨,無風,0,0,3,6,4682,大 上 卓 人,25,12,6.70,5,0.14,1.52.2,1-3-6,570,1,1-3,290,1,1-3-6,300,1,1-3,200,1
20260907,蒲郡,5,一般戦,雨,無風,0,0,4,2,3680,森 林 太,13,29,6.74,2,0.11,1.53.1,1-3-6,570,1,1-3,290,1,1-3-6,300,1,1-3,200,1
20260907,蒲郡,5,一般戦,雨,無風,0,0,5,5,3957,大 谷 直 弘,51,39,6.76,6,0.19,,1-3-6,570,1,1-3,290,1,1-3-6,300,1,1-3,200,1
20260907,蒲郡,5,一般戦,雨,無風,0,0,6,4,3773,津 留 浩一郎,57,47,6.71,4,0.06,,1-3-6,570,1,1-3,290,1,1-3-6,300,1,1-3,200,1
20260907,蒲郡,6,一般戦,雨,無風,0,0,1,1,5064,品 川 二千翔,20,14,6.71,1,0.17,1.49.8,1-5-4,1000,4,1-5,320,1,1-4-5,440,3,1-5,290,1
20260907,蒲郡,6,一般戦,雨,無風,0,0,2,5,4237,大 峯 豊,59,55,6.83,5,0.10,1.50.9,1-5-4,1000,4,1-5,320,1,1-4-5,440,3,1-5,290,1
20260907,蒲郡,6,一般戦,雨,無風,0,0,3,4,4603,谷 川 将 太,21,22,6.82,4,0.10,1.51.9,1-5-4,1000,4,1-5,320,1,1-4-5,440,3,1-5,290,1
20260907,蒲郡,6,一般戦,雨,無風,0,0,4,2,3282,池 本 輝 明,30,52,6.79,2,0.15,1.52.3,1-5-4,1000,4,1-5,320,1,1-4-5,440,3,1-5,290,1
20260907,蒲郡,6,一般戦,雨,無風,0,0,5,3,4520,高 倉 孝 太,55,15,6.84,3,0.12,,1-5-4,1000,4,1-5,320,1,1-4-5,440,3,1-5,290,1
20260907,蒲郡,6,一般戦,雨,無風,0,0,6,6,4197,渥 美 卓 郎,58,31,6.86,6,0.13,,1-5-4,1000,4,1-5,320,1,1-4-5,440,3,1-5,290,1
20260907,蒲郡,7,一般戦 進入固定,雨,無風,0,0,1,1,5196,鰐 部 太空海,54,24,6.70,1,0.21,1.49.7,1-4-6,2660,10,1-4,390,2,1-4-6,1070,6,1-4,490,2
20260907,蒲郡,7,一般戦 進入固定,雨,無風,0,0,2,4,3661,柳 瀬 興 志,46,45,6.76,4,0.17,1.51.4,1-4-6,2660,10,1-4,390,2,1-4-6,1070,6,1-4,490,2
20260907,蒲郡,7,一般戦 進入固定,雨,無風,0,0,3,6,4872,山 下 流 心,53,48,6.80,6,0.18,1.53.4,1-4-6,2660,10,1-4,390,2,1-4-6,1070,6,1-4,490,2
20260907,蒲郡,7,一般戦 進入固定,雨,無風,0,0,4,5,4234,野 相 弘 司,63,51,6.78,5,0.18,1.53.7,1-4-6,2660,10,1-4,390,2,1-4-6,1070,6,1-4,490,2
20260907,蒲郡,7,一般戦 進入固定,雨,無風,0,0,5,3,4319,三 宅 潤,47,19,6.81,3,0.20,,1-4-6,2660,10,1-4,390,2,1-4-6,1070,6,1-4,490,2
20260907,蒲郡,7,一般戦 進入固定,雨,無風,0,0,6,2,3945,橋 口 真 樹,22,50,6.80,2,0.19,,1-4-6,2660,10,1-4,390,2,1-4-6,1070,6,1-4,490,2
20260907,蒲郡,8,一般戦,雨,無風,0,0,1,5,3876,中 辻 崇 人,48,26,6.75,5,0.17,1.48.5,5-3-1,8980,30,5-3,3410,9,1-3-5,420,2,3-5,1390,6
20260907,蒲郡,8,一般戦,雨,無風,0,0,2,3,4041,小 林 基 樹,18,21,6.74,3,0.23,1.50.0,5-3-1,8980,30,5-3,3410,9,1-3-5,420,2,3-5,1390,6
20260907,蒲郡,8,一般戦,雨,無風,0,0,3,1,4469,土 山 卓 也,61,53,6.76,1,0.32,1.51.5,5-3-1,8980,30,5-3,3410,9,1-3-5,420,2,3-5,1390,6
20260907,蒲郡,8,一般戦,雨,無風,0,0,4,2,4917,岩 橋 裕 馬,32,49,6.79,2,0.23,1.53.3,5-3-1,8980,30,5-3,3410,9,1-3-5,420,2,3-5,1390,6
20260907,蒲郡,8,一般戦,雨,無風,0,0,5,6,3872,岡 田 憲 行,29,38,6.82,6,0.18,,5-3-1,8980,30,5-3,3410,9,1-3-5,420,2,3-5,1390,6
20260907,蒲郡,8,一般戦,雨,無風,0,0,6,4,3652,森 下 勇,49,34,6.82,4,0.22,,5-3-1,8980,30,5-3,3410,9,1-3-5,420,2,3-5,1390,6
20260907,蒲郡,9,準優勝戦,雨,西,1,0,1,1,4682,大 上 卓 人,25,12,6.73,1,0.19,1.49.3,1-5-2,890,3,1-5,580,2,1-2-5,230,1,1-5,490,2
20260907,蒲郡,9,準優勝戦,雨,西,1,0,2,5,4362,土 屋 智 則,12,25,6.76,3,0.22,1.50.5,1-5-2,890,3,1-5,580,2,1-2-5,230,1,1-5,490,2
20260907,蒲郡,9,準優勝戦,雨,西,1,0,3,2,4914,吉 田 裕 平,31,13,6.78,2,0.14,1.51.8,1-5-2,890,3,1-5,580,2,1-2-5,230,1,1-5,490,2
20260907,蒲郡,9,準優勝戦,雨,西,1,0,4,4,4214,林 祐 介,52,23,6.77,4,0.17,1.53.8,1-5-2,890,3,1-5,580,2,1-2-5,230,1,1-5,490,2
20260907,蒲郡,9,準優勝戦,雨,西,1,0,5,6,4016,西 川 新太郎,24,37,6.84,5,0.17,,1-5-2,890,3,1-5,580,2,1-2-5,230,1,1-5,490,2
20260907,蒲郡,9,準優勝戦,雨,西,1,0,6,3,3680,森 林 太,13,29,6.80,6,0.26,,1-5-2,890,3,1-5,580,2,1-2-5,230,1,1-5,490,2
20260907,蒲郡,10,準優勝戦,雨,無風,0,0,1,1,4459,片 岡 雅 裕,66,35,6.72,1,0.17,1.49.1,1-2-4,450,1,1-2,190,1,1-2-4,230,1,1-2,180,1
20260907,蒲郡,10,準優勝戦,雨,無風,0,0,2,2,5064,品 川 二千翔,20,14,6.73,2,0.15,1.50.3,1-2-4,450,1,1-2,190,1,1-2-4,230,1,1-2,180,1
20260907,蒲郡,10,準優勝戦,雨,無風,0,0,3,4,4323,山 田 佑 樹,64,41,6.79,4,0.09,1.51.8,1-2-4,450,1,1-2,190,1,1-2-4,230,1,1-2,180,1
20260907,蒲郡,10,準優勝戦,雨,無風,0,0,4,6,3679,飯 島 昌 弘,50,33,6.81,6,0.14,1.53.6,1-2-4,450,1,1-2,190,1,1-2-4,230,1,1-2,180,1
20260907,蒲郡,10,準優勝戦,雨,無風,0,0,5,5,4693,松 下 誉 士,60,28,6.81,5,0.18,,1-2-4,450,1,1-2,190,1,1-2-4,230,1,1-2,180,1
20260907,蒲郡,10,準優勝戦,雨,無風,0,0,6,3,3546,中 里 昌 志,27,16,6.87,3,0.15,,1-2-4,450,1,1-2,190,1,1-2-4,230,1,1-2,180,1
20260907,蒲郡,11,準優勝戦,雨,無風,0,0,1,1,4237,大 峯 豊,59,55,6.69,1,0.15,1.50.4,1-5-2,2460,12,1-5,660,4,1-2-5,910,6,1-5,590,4
20260907,蒲郡,11,準優勝戦,雨,無風,0,0,2,5,4523,中 村 辰 也,28,40,6.71,5,0.26,1.51.3,1-5-2,2460,12,1-5,660,4,1-2-5,910,6,1-5,590,4
20260907,蒲郡,11,準優勝戦,雨,無風,0,0,3,2,3825,宮 嵜 隆太郎,14,11,6.74,2,0.13,1.52.4,1-5-2,2460,12,1-5,660,4,1-2-5,910,6,1-5,590,4
20260907,蒲郡,11,準優勝戦,雨,無風,0,0,4,4,4151,下 河 誉 史,11,20,6.67,4,0.30,1.52.9,1-5-2,2460,12,1-5,660,4,1-2-5,910,6,1-5,590,4
20260907,蒲郡,11,準優勝戦,雨,無風,0,0,5,3,5196,鰐 部 太空海,54,24,6.80,3,0.20,,1-5-2,2460,12,1-5,660,4,1-2-5,910,6,1-5,590,4
20260907,蒲郡,11,準優勝戦,雨,無風,0,0,6,6,4435,服 部 達 哉,26,77,6.86,6,0.18,,1-5-2,2460,12,1-5,660,4,1-2-5,910,6,1-5,590,4
20260907,蒲郡,12,一般戦,雨,無風,0,0,1,1,3876,中 辻 崇 人,48,26,6.73,1,0.24,1.49.7,1-2-4,630,1,1-2,210,1,1-2-4,280,1,1-2,520,3
20260907,蒲郡,12,一般戦,雨,無風,0,0,2,2,4527,高 野 心 吾,62,18,6.79,2,0.27,1.51.1,1-2-4,630,1,1-2,210,1,1-2-4,280,1,1-2,520,3
20260907,蒲郡,12,一般戦,雨,無風,0,0,3,4,4520,高 倉 孝 太,55,15,6.85,4,0.23,1.52.8,1-2-4,630,1,1-2,210,1,1-2-4,280,1,1-2,520,3
20260907,蒲郡,12,一般戦,雨,無風,0,0,4,6,3945,橋 口 真 樹,22,50,6.86,6,0.09,1.53.8,1-2-4,630,1,1-2,210,1,1-2-4,280,1,1-2,520,3
20260907,蒲郡,12,一般戦,雨,無風,0,0,5,3,3660,長谷川 親 王,23,32,6.85,3,0.18,,1-2-4,630,1,1-2,210,1,1-2-4,280,1,1-2,520,3
20260907,蒲郡,12,一般戦,雨,無風,0,0,6,5,4219,本 岡 勝 利,15,27,6.85,5,0.14,,1-2-4,630,1,1-2,210,1,1-2-4,280,1,1-2,520,3
20260907,鳴門,1,とるならなる,曇り,北西,2,2,1,1,4347,魚 谷 香 織,76,67,6.78,1,0.12,1.49.0,1-3-6,570,2,1-3,160,1,1-3-6,340,2,1-3,140,1
20260907,鳴門,1,とるならなる,曇り,北西,2,2,2,3,4900,中 田 夕 貴,54,38,6.89,3,0.13,1.50.7,1-3-6,570,2,1-3,160,1,1-3-6,340,2,1-3,140,1
20260907,鳴門,1,とるならなる,曇り,北西,2,2,3,6,5056,西 岡 成 美,60,61,6.89,6,0.18,1.52.0,1-3-6,570,2,1-3,160,1,1-3-6,340,2,1-3,140,1
20260907,鳴門,1,とるならなる,曇り,北西,2,2,4,4,4720,西 澤 日花里,59,24,6.85,4,0.18,1.52.9,1-3-6,570,2,1-3,160,1,1-3-6,340,2,1-3,140,1
20260907,鳴門,1,とるならなる,曇り,北西,2,2,5,2,5108,柴 田 愛 梨,52,35,6.88,2,0.31,,1-3-6,570,2,1-3,160,1,1-3-6,340,2,1-3,140,1
20260907,鳴門,1,とるならなる,曇り,北西,2,2,6,5,5380,野 田 亜 湖,27,54,6.97,5,0.22,,1-3-6,570,2,1-3,160,1,1-3-6,340,2,1-3,140,1
20260907,鳴門,2,どーなるなる,曇り,北西,2,2,1,2,4845,前 田 紗 希,36,33,6.89,2,0.19,1.50.2,2-4-3,6280,27,2-4,2070,10,2-3-4,1190,6,2-4,1940,12
20260907,鳴門,2,どーなるなる,曇り,北西,2,2,2,4,4784,向井田 真 紀,51,17,6.95,4,0.13,1.52.4,2-4-3,6280,27,2-4,2070,10,2-3-4,1190,6,2-4,1940,12
20260907,鳴門,2,どーなるなる,曇り,北西,2,2,3,3,4689,豊 田 結,78,62,6.88,3,0.15,1.52.4,2-4-3,6280,27,2-4,2070,10,2-3-4,1190,6,2-4,1940,12
20260907,鳴門,2,どーなるなる,曇り,北西,2,2,4,6,4974,安 井 瑞 紀,55,60,6.89,6,0.15,1.54.8,2-4-3,6280,27,2-4,2070,10,2-3-4,1190,6,2-4,1940,12
20260907,鳴門,2,どーなるなる,曇り,北西,2,2,5,1,5334,樫 葉 新 心,32,19,6.80,1,0.17,,2-4-3,6280,27,2-4,2070,10,2-3-4,1190,6,2-4,1940,12
20260907,鳴門,2,どーなるなる,曇り,北西,2,2,6,5,4746,大豆生田 蒼,24,82,6.95,5,0.17,,2-4-3,6280,27,2-4,2070,10,2-3-4,1190,6,2-4,1940,12
20260907,鳴門,3,どきどきなる,曇り,北西,2,2,1,1,4642,松 尾 夏 海,35,66,6.79,1,0.08,1.49.0,1-3-2,1010,3,1-3,290,1,1-2-3,690,4,1-3,280,1
20260907,鳴門,3,どきどきなる,曇り,北西,2,2,2,3,4901,出 口 舞有子,28,74,6.86,3,0.19,1.50.3,1-3-2,1010,3,1-3,290,1,1-2-3,690,4,1-3,280,1
20260907,鳴門,3,どきどきなる,曇り,北西,2,2,3,2,5153,佐 藤 ほのか,10,37,6.87,2,0.15,1.52.2,1-3-2,1010,3,1-3,290,1,1-2-3,690,4,1-3,280,1
20260907,鳴門,3,どきどきなる,曇り,北西,2,2,4,6,4965,福 岡 泉 水,31,50,6.97,6,0.12,1.53.5,1-3-2,1010,3,1-3,290,1,1-2-3,690,4,1-3,280,1
20260907,鳴門,3,どきどきなる,曇り,北西,2,2,5,4,4678,水 野 望 美,80,20,6.94,4,0.11,,1-3-2,1010,3,1-3,290,1,1-2-3,690,4,1-3,280,1
20260907,鳴門,3,どきどきなる,曇り,北西,2,2,6,5,4611,今 井 美 亜,71,32,6.89,5,0.09,,1-3-2,1010,3,1-3,290,1,1-2-3,690,4,1-3,280,1
20260907,鳴門,4,とにかくなる,曇り,北西,2,2,1,1,5193,米 丸 乃 絵,30,15,6.77,1,0.16,1.48.6,1-5-2,3180,10,1-5,1140,4,1-2-5,1040,5,1-5,610,3
20260907,鳴門,4,とにかくなる,曇り,北西,2,2,2,5,4733,赤 井 睦,21,76,6.86,5,0.14,1.50.7,1-5-2,3180,10,1-5,1140,4,1-2-5,1040,5,1-5,610,3
20260907,鳴門,4,とにかくなる,曇り,北西,2,2,3,2,5069,山 崎 小葉音,61,58,6.89,2,0.14,1.52.1,1-5-2,3180,10,1-5,1140,4,1-2-5,1040,5,1-5,610,3
20260907,鳴門,4,とにかくなる,曇り,北西,2,2,4,6,4627,藤 原 菜 希,23,83,6.94,6,0.11,1.53.1,1-5-2,3180,10,1-5,1140,4,1-2-5,1040,5,1-5,610,3
20260907,鳴門,4,とにかくなる,曇り,北西,2,2,5,3,4372,原 田 佑 実,56,79,6.86,3,0.16,,1-5-2,3180,10,1-5,1140,4,1-2-5,1040,5,1-5,610,3
20260907,鳴門,4,とにかくなる,曇り,北西,2,2,6,4,4400,加 藤 奈 月,70,25,6.97,4,0.17,,1-5-2,3180,10,1-5,1140,4,1-2-5,1040,5,1-5,610,3
20260907,鳴門,5,予選,曇り,北西,2,2,1,2,4885,大 山 千 広,68,27,6.77,2,0.17,1.57.1,2-4-3,1240,2,2-4,350,1,2-3-4,530,2,2-4,340,1
20260907,鳴門,5,予選,曇り,北西,2,2,2,4,4680,後 藤 美 翼,26,36,6.90,4,0.14,2.02.1,2-4-3,1240,2,2-4,350,1,2-3-4,530,2,2-4,340,1
20260907,鳴門,5,予選,曇り,北西,2,2,3,3,4843,深 尾 巴 恵,69,18,6.89,3,0.16,2.05.1,2-4-3,1240,2,2-4,350,1,2-3-4,530,2,2-4,340,1
20260907,鳴門,5,予選,曇り,北西,2,2,4,6,4984,森 下 愛 梨,33,68,6.89,6,0.19,2.07.5,2-4-3,1240,2,2-4,350,1,2-3-4,530,2,2-4,340,1
20260907,鳴門,5,予選,曇り,北西,2,2,5,5,4714,喜多須 杏 奈,16,84,6.87,5,0.19,,2-4-3,1240,2,2-4,350,1,2-3-4,530,2,2-4,340,1
20260907,鳴門,5,予選,曇り,北西,2,2,S1,1,5342,原 村 百 那,79,77,6.86,1,0.20,,2-4-3,1240,2,2-4,350,1,2-3-4,530,2,2-4,340,1
20260907,鳴門,6,予選,曇り,北西,1,1,1,2,4050,田 口 節 子,73,63,6.81,2,0.24,1.49.6,2-1-4,1010,2,2-1,520,2,1-2-4,220,1,1-2,250,1
20260907,鳴門,6,予選,曇り,北西,1,1,2,1,5198,奥 村 明日香,29,73,6.82,1,0.24,1.51.2,2-1-4,1010,2,2-1,520,2,1-2-4,220,1,1-2,250,1
20260907,鳴門,6,予選,曇り,北西,1,1,3,4,4450,平 高 奈 菜,38,39,6.85,4,0.27,1.51.5,2-1-4,1010,2,2-1,520,2,1-2-4,220,1,1-2,250,1
20260907,鳴門,6,予選,曇り,北西,1,1,4,3,5195,北 村 寧 々,12,13,6.96,3,0.25,1.53.6,2-1-4,1010,2,2-1,520,2,1-2-4,220,1,1-2,250,1
20260907,鳴門,6,予選,曇り,北西,1,1,5,5,5108,柴 田 愛 梨,52,35,6.98,5,0.24,,2-1-4,1010,2,2-1,520,2,1-2-4,220,1,1-2,250,1
20260907,鳴門,6,予選,曇り,北西,1,1,6,6,5390,高 橋 涼 夏,17,30,6.98,6,0.29,,2-1-4,1010,2,2-1,520,2,1-2-4,220,1,1-2,250,1
20260907,鳴門,7,予選,曇り,北,1,1,1,1,4746,大豆生田 蒼,24,82,6.81,1,0.06,1.49.8,1-2-5,870,1,1-2,470,1,1-2-5,250,1,1-2,440,3
20260907,鳴門,7,予選,曇り,北,1,1,2,2,4775,千 葉 真 弥,53,80,6.84,2,0.03,1.50.4,1-2-5,870,1,1-2,470,1,1-2-5,250,1,1-2,440,3
20260907,鳴門,7,予選,曇り,北,1,1,3,5,4530,小 野 生 奈,39,56,6.88,5,0.04,1.50.7,1-2-5,870,1,1-2,470,1,1-2-5,250,1,1-2,440,3
20260907,鳴門,7,予選,曇り,北,1,1,4,4,5189,藤 原 早 菜,74,71,6.94,4,0.11,1.53.6,1-2-5,870,1,1-2,470,1,1-2-5,250,1,1-2,440,3
20260907,鳴門,7,予選,曇り,北,1,1,5,3,5180,藤 本 紗弥香,84,22,6.79,3,0.04,,1-2-5,870,1,1-2,470,1,1-2-5,250,1,1-2,440,3
20260907,鳴門,7,予選,曇り,北,1,1,6,6,5380,野 田 亜 湖,27,54,6.91,6,0.17,,1-2-5,870,1,1-2,470,1,1-2-5,250,1,1-2,440,3
20260907,鳴門,8,予選,曇り,北西,1,1,1,1,4901,出 口 舞有子,28,74,6.78,1,0.18,1.48.7,1-3-4,7590,21,1-3,1110,4,1-3-4,2240,10,1-3,920,2
20260907,鳴門,8,予選,曇り,北西,1,1,2,3,4071,古 賀 千 晶,11,57,6.90,3,0.15,1.51.4,1-3-4,7590,21,1-3,1110,4,1-3-4,2240,10,1-3,920,2
20260907,鳴門,8,予選,曇り,北西,1,1,3,4,4878,西 岡 育 未,25,65,6.93,4,0.17,1.52.5,1-3-4,7590,21,1-3,1110,4,1-3-4,2240,10,1-3,920,2
20260907,鳴門,8,予選,曇り,北西,1,1,4,5,4845,前 田 紗 希,36,33,6.93,5,0.23,1.53.1,1-3-4,7590,21,1-3,1110,4,1-3-4,2240,10,1-3,920,2
20260907,鳴門,8,予選,曇り,北西,1,1,5,2,4546,浜 田 亜理沙,65,70,6.87,2,0.19,,1-3-4,7590,21,1-3,1110,4,1-3-4,2240,10,1-3,920,2
20260907,鳴門,8,予選,曇り,北西,1,1,6,6,5069,山 崎 小葉音,61,58,6.82,6,0.17,,1-3-4,7590,21,1-3,1110,4,1-3-4,2240,10,1-3,920,2
20260907,鳴門,9,特賞,曇り,北西,1,1,1,4,4642,松 尾 夏 海,35,66,6.86,4,0.19,1.49.5,4-1-2,4890,25,4-1,1380,8,1-2-4,580,3,1-4,410,2
20260907,鳴門,9,特賞,曇り,北西,1,1,2,1,3470,新 田 芳 美,83,26,6.88,1,0.20,1.52.0,4-1-2,4890,25,4-1,1380,8,1-2-4,580,3,1-4,410,2
20260907,鳴門,9,特賞,曇り,北西,1,1,3,2,4984,森 下 愛 梨,33,68,6.90,2,0.24,1.52.8,4-1-2,4890,25,4-1,1380,8,1-2-4,580,3,1-4,410,2
20260907,鳴門,9,特賞,曇り,北西,1,1,4,3,4627,藤 原 菜 希,23,83,6.90,3,0.21,1.54.0,4-1-2,4890,25,4-1,1380,8,1-2-4,580,3,1-4,410,2
20260907,鳴門,9,特賞,曇り,北西,1,1,5,5,4900,中 田 夕 貴,54,38,6.87,5,0.14,,4-1-2,4890,25,4-1,1380,8,1-2-4,580,3,1-4,410,2
20260907,鳴門,9,特賞,曇り,北西,1,1,6,6,5440,薗 頭 心,58,34,6.88,6,0.15,,4-1-2,4890,25,4-1,1380,8,1-2-4,580,3,1-4,410,2
20260907,鳴門,10,特賞,曇り,北西,2,2,1,1,4738,清 埜 翔 子,75,14,6.82,1,0.08,1.49.6,1-3-4,1020,4,1-3,750,4,1-3-4,310,2,1-3,420,3
20260907,鳴門,10,特賞,曇り,北西,2,2,2,3,4714,喜多須 杏 奈,16,84,6.92,3,0.08,1.51.3,1-3-4,1020,4,1-3,750,4,1-3-4,310,2,1-3,420,3
20260907,鳴門,10,特賞,曇り,北西,2,2,3,4,4050,田 口 節 子,73,63,6.88,4,0.11,1.52.7,1-3-4,1020,4,1-3,750,4,1-3-4,310,2,1-3,420,3
20260907,鳴門,10,特賞,曇り,北西,2,2,4,2,5056,西 岡 成 美,60,61,6.83,2,0.09,1.53.6,1-3-4,1020,4,1-3,750,4,1-3-4,310,2,1-3,420,3
20260907,鳴門,10,特賞,曇り,北西,2,2,5,6,4400,加 藤 奈 月,70,25,7.02,6,0.21,,1-3-4,1020,4,1-3,750,4,1-3-4,310,2,1-3,420,3
20260907,鳴門,10,特賞,曇り,北西,2,2,6,5,5153,佐 藤 ほのか,10,37,6.89,5,0.14,,1-3-4,1020,4,1-3,750,4,1-3-4,310,2,1-3,420,3
20260907,鳴門,11,特選,曇り,北西,2,2,1,3,5189,藤 原 早 菜,74,71,6.95,3,0.16,1.49.4,3-4-6,10930,59,3-4,4640,22,3-4-6,1570,8,3-4,3040,14
20260907,鳴門,11,特選,曇り,北西,2,2,2,4,4974,安 井 瑞 紀,55,60,6.81,4,0.12,1.51.4,3-4-6,10930,59,3-4,4640,22,3-4-6,1570,8,3-4,3040,14
20260907,鳴門,11,特選,曇り,北西,2,2,3,6,4885,大 山 千 広,68,27,6.73,5,0.03,1.52.4,3-4-6,10930,59,3-4,4640,22,3-4-6,1570,8,3-4,3040,14
20260907,鳴門,11,特選,曇り,北西,2,2,4,5,5195,北 村 寧 々,12,13,6.85,6,0.08,1.52.7,3-4-6,10930,59,3-4,4640,22,3-4-6,1570,8,3-4,3040,14
20260907,鳴門,11,特選,曇り,北西,2,2,5,1,4678,水 野 望 美,80,20,6.83,1,0.13,,3-4-6,10930,59,3-4,4640,22,3-4-6,1570,8,3-4,3040,14
20260907,鳴門,11,特選,曇り,北西,2,2,6,2,4733,赤 井 睦,21,76,6.90,2,0.14,,3-4-6,10930,59,3-4,4640,22,3-4-6,1570,8,3-4,3040,14
20260907,鳴門,12,ドリーム戦,曇り,北,2,2,1,1,4530,小 野 生 奈,39,56,6.75,1,0.19,1.48.6,1-3-4,870,2,1-3,280,1,1-3-4,500,2,1-3,270,2
20260907,鳴門,12,ドリーム戦,曇り,北,2,2,2,3,4450,平 高 奈 菜,38,39,6.87,3,0.17,1.50.3,1-3-4,870,2,1-3,280,1,1-3-4,500,2,1-3,270,2
20260907,鳴門,12,ドリーム戦,曇り,北,2,2,3,4,4347,魚 谷 香 織,76,67,6.87,4,0.15,1.50.8,1-3-4,870,2,1-3,280,1,1-3-4,500,2,1-3,270,2
20260907,鳴門,12,ドリーム戦,曇り,北,2,2,4,6,4546,浜 田 亜理沙,65,70,6.89,6,0.12,1.51.4,1-3-4,870,2,1-3,280,1,1-3-4,500,2,1-3,270,2
20260907,鳴門,12,ドリーム戦,曇り,北,2,2,5,2,4611,今 井 美 亜,71,32,6.83,2,0.16,,1-3-4,870,2,1-3,280,1,1-3-4,500,2,1-3,270,2
20260907,鳴門,12,ドリーム戦,曇り,北,2,2,6,5,4372,原 田 佑 実,56,79,6.83,5,0.08,,1-3-4,870,2,1-3,280,1,1-3-4,500,2,1-3,270,2
