date,venue_name,race_no,race_type,weather,wind_dir,wind_ms,wave_cm,rank,waku,reg_no,name,motor_no,boat_no,exhibition_time,course_enter,st_timing,race_time,won3,won3_pay,won3_pop,won2,won2_pay,won2_pop,trio,trio_pay,trio_pop,pair,pair_pay,pair_pop,lap_time,turn_time,straight_time,lap_rank,turn_rank,straight_rank,exhibition_eval
20260716,びわこ,1,予選,晴,北東,3,3,1,3,4271,川 崎 公 靖,29,50,6.81,3,0.18,1.52.7,3-4-1,7900,31,3-4,2300,9,1-3-4,600,2,3-4,1840,7,,,,,,,
20260716,びわこ,1,予選,晴,北東,3,3,2,4,4213,重 富 伸 也,15,49,6.74,4,0.23,1.54.2,3-4-1,7900,31,3-4,2300,9,1-3-4,600,2,3-4,1840,7,,,,,,,
20260716,びわこ,1,予選,晴,北東,3,3,3,1,4202,浮 田 圭 浩,58,33,6.77,1,0.14,1.55.5,3-4-1,7900,31,3-4,2300,9,1-3-4,600,2,3-4,1840,7,,,,,,,
20260716,びわこ,1,予選,晴,北東,3,3,4,5,4031,飯 島 誠,69,24,6.89,5,0.18,1.56.3,3-4-1,7900,31,3-4,2300,9,1-3-4,600,2,3-4,1840,7,,,,,,,
20260716,びわこ,1,予選,晴,北東,3,3,5,6,5318,河 内 一 馬,38,34,6.79,6,0.24,,3-4-1,7900,31,3-4,2300,9,1-3-4,600,2,3-4,1840,7,,,,,,,
20260716,びわこ,1,予選,晴,北東,3,3,6,2,4892,柴 田 直 哉,53,16,6.81,2,0.18,,3-4-1,7900,31,3-4,2300,9,1-3-4,600,2,3-4,1840,7,,,,,,,
20260716,びわこ,2,予選,晴,北東,5,4,1,1,4725,佐 竹 太 一,22,62,6.86,1,0.17,1.51.9,1-2-3,1520,3,1-2,720,3,1-2-3,360,2,1-2,570,3,,,,,,,
20260716,びわこ,2,予選,晴,北東,5,4,2,2,4118,宇佐見 淳,43,30,6.78,2,0.22,1.53.7,1-2-3,1520,3,1-2,720,3,1-2-3,360,2,1-2,570,3,,,,,,,
20260716,びわこ,2,予選,晴,北東,5,4,3,3,4624,高 田 明,72,47,6.79,3,0.27,1.55.7,1-2-3,1520,3,1-2,720,3,1-2-3,360,2,1-2,570,3,,,,,,,
20260716,びわこ,2,予選,晴,北東,5,4,4,4,5187,小 坂 風 太,50,55,6.86,5,0.29,1.56.0,1-2-3,1520,3,1-2,720,3,1-2-3,360,2,1-2,570,3,,,,,,,
20260716,びわこ,2,予選,晴,北東,5,4,5,5,3327,野長瀬 正 孝,28,67,6.81,4,0.41,,1-2-3,1520,3,1-2,720,3,1-2-3,360,2,1-2,570,3,,,,,,,
20260716,びわこ,2,予選,晴,北東,5,4,6,6,4697,國 弘 翔 平,55,57,6.85,6,0.22,,1-2-3,1520,3,1-2,720,3,1-2-3,360,2,1-2,570,3,,,,,,,
20260716,びわこ,3,予選,晴,北東,5,5,1,1,4100,松 田 隆 司,46,29,6.89,1,0.10,1.52.7,1-3-2,1970,7,1-3,990,4,1-2-3,480,3,1-3,920,2,,,,,,,
20260716,びわこ,3,予選,晴,北東,5,5,2,3,4200,早 川 尚 人,20,70,6.85,3,0.13,1.54.2,1-3-2,1970,7,1-3,990,4,1-2-3,480,3,1-3,920,2,,,,,,,
20260716,びわこ,3,予選,晴,北東,5,5,3,2,4467,渡 邉 俊 介,35,48,6.89,2,0.14,1.55.6,1-3-2,1970,7,1-3,990,4,1-2-3,480,3,1-3,920,2,,,,,,,
20260716,びわこ,3,予選,晴,北東,5,5,4,5,3251,平 石 和 男,27,51,6.96,5,0.17,1.56.1,1-3-2,1970,7,1-3,990,4,1-2-3,480,3,1-3,920,2,,,,,,,
20260716,びわこ,3,予選,晴,北東,5,5,5,6,3643,米 田 隆 弘,19,65,6.87,6,0.13,,1-3-2,1970,7,1-3,990,4,1-2-3,480,3,1-3,920,2,,,,,,,
20260716,びわこ,3,予選,晴,北東,5,5,6,4,3508,久 富 政 弘,70,19,6.97,4,0.22,,1-3-2,1970,7,1-3,990,4,1-2-3,480,3,1-3,920,2,,,,,,,
20260716,びわこ,4,予選,晴,北東,5,5,1,5,4350,篠 崎 元 志,66,31,6.86,5,0.10,1.53.1,5-3-6,15290,49,5-3,4100,13,3-5-6,7260,16,3-5,2730,10,,,,,,,
20260716,びわこ,4,予選,晴,北東,5,5,2,3,3839,川 合 理 司,51,56,6.92,3,0.11,1.55.1,5-3-6,15290,49,5-3,4100,13,3-5-6,7260,16,3-5,2730,10,,,,,,,
20260716,びわこ,4,予選,晴,北東,5,5,3,6,4462,夏 山 亮 平,47,41,6.89,6,0.27,1.57.2,5-3-6,15290,49,5-3,4100,13,3-5-6,7260,16,3-5,2730,10,,,,,,,
20260716,びわこ,4,予選,晴,北東,5,5,4,2,3775,泉 啓 文,56,59,6.83,2,0.14,1.57.6,5-3-6,15290,49,5-3,4100,13,3-5-6,7260,16,3-5,2730,10,,,,,,,
20260716,びわこ,4,予選,晴,北東,5,5,5,4,4695,尾 崎 雄 二,64,71,6.89,4,0.09,,5-3-6,15290,49,5-3,4100,13,3-5-6,7260,16,3-5,2730,10,,,,,,,
20260716,びわこ,4,予選,晴,北東,5,5,6,1,4552,杉 山 勝 匡,25,13,6.86,1,0.13,,5-3-6,15290,49,5-3,4100,13,3-5-6,7260,16,3-5,2730,10,,,,,,,
20260716,びわこ,5,予選,晴,北東,5,5,1,1,4210,松 村 康 太,32,15,6.85,1,0.11,1.53.4,1-4-3,3520,16,1-4,890,4,1-3-4,1300,7,1-4,820,4,,,,,,,
20260716,びわこ,5,予選,晴,北東,5,5,2,4,4272,大 場 広 孝,62,46,6.86,4,0.12,1.54.1,1-4-3,3520,16,1-4,890,4,1-3-4,1300,7,1-4,820,4,,,,,,,
20260716,びわこ,5,予選,晴,北東,5,5,3,3,3761,山 本 光 雄,26,25,6.90,3,0.14,1.55.2,1-4-3,3520,16,1-4,890,4,1-3-4,1300,7,1-4,820,4,,,,,,,
20260716,びわこ,5,予選,晴,北東,5,5,4,6,3940,飯 山 泰,16,17,6.84,6,0.15,1.56.4,1-4-3,3520,16,1-4,890,4,1-3-4,1300,7,1-4,820,4,,,,,,,
20260716,びわこ,5,予選,晴,北東,5,5,5,5,4593,小 坂 宗 司,48,52,6.85,5,0.11,,1-4-3,3520,16,1-4,890,4,1-3-4,1300,7,1-4,820,4,,,,,,,
20260716,びわこ,5,予選,晴,北東,5,5,6,2,3286,坂 東 満,23,28,6.91,2,0.11,,1-4-3,3520,16,1-4,890,4,1-3-4,1300,7,1-4,820,4,,,,,,,
20260716,びわこ,6,予選,晴,北東,5,5,1,1,4031,飯 島 誠,69,24,6.98,1,0.10,1.52.8,1-3-6,9020,37,1-3,680,2,1-3-6,4580,15,1-3,320,1,,,,,,,
20260716,びわこ,6,予選,晴,北東,5,5,2,3,3975,小野寺 智 洋,39,45,6.84,3,0.09,1.54.1,1-3-6,9020,37,1-3,680,2,1-3-6,4580,15,1-3,320,1,,,,,,,
20260716,びわこ,6,予選,晴,北東,5,5,3,6,5223,森 清 友 翔,68,40,6.76,6,0.11,1.55.4,1-3-6,9020,37,1-3,680,2,1-3-6,4580,15,1-3,320,1,,,,,,,
20260716,びわこ,6,予選,晴,北東,5,5,4,2,4382,高 山 智 至,54,14,6.86,2,0.09,1.55.5,1-3-6,9020,37,1-3,680,2,1-3-6,4580,15,1-3,320,1,,,,,,,
20260716,びわこ,6,予選,晴,北東,5,5,5,5,3612,馬 袋 義 則,31,43,6.79,5,0.12,,1-3-6,9020,37,1-3,680,2,1-3-6,4580,15,1-3,320,1,,,,,,,
20260716,びわこ,6,予選,晴,北東,5,5,6,4,3831,安 藤 裕 貴,36,66,6.88,4,0.19,,1-3-6,9020,37,1-3,680,2,1-3-6,4580,15,1-3,320,1,,,,,,,
20260716,びわこ,7,予選,晴,北東,4,4,1,4,4207,松 下 一 也,30,36,6.89,4,0.03,1.54.1,4-5-1,1910,6,4-5,1020,4,1-4-5,340,2,4-5,1370,5,,,,,,,
20260716,びわこ,7,予選,晴,北東,4,4,2,5,3105,内 山 文 典,65,61,6.87,5,0.04,1.54.8,4-5-1,1910,6,4-5,1020,4,1-4-5,340,2,4-5,1370,5,,,,,,,
20260716,びわこ,7,予選,晴,北東,4,4,3,1,3843,上 之 晃 弘,63,44,6.80,1,0.10,1.55.8,4-5-1,1910,6,4-5,1020,4,1-4-5,340,2,4-5,1370,5,,,,,,,
20260716,びわこ,7,予選,晴,北東,4,4,4,2,4697,國 弘 翔 平,55,57,6.75,2,0.04,1.58.0,4-5-1,1910,6,4-5,1020,4,1-4-5,340,2,4-5,1370,5,,,,,,,
20260716,びわこ,7,予選,晴,北東,4,4,5,6,3306,武 田 正 紀,17,68,6.83,6,0.06,,4-5-1,1910,6,4-5,1020,4,1-4-5,340,2,4-5,1370,5,,,,,,,
20260716,びわこ,7,予選,晴,北東,4,4,F,3,5075,中 島 秀 治,60,39,6.82,3,F0.01,,4-5-1,1910,6,4-5,1020,4,1-4-5,340,2,4-5,1370,5,,,,,,,
20260716,びわこ,8,予選,晴,北東,3,3,1,1,5187,小 坂 風 太,50,55,6.87,1,0.18,1.52.4,1-3-2,3550,13,1-3,1500,6,1-2-3,320,2,1-3,610,4,,,,,,,
20260716,びわこ,8,予選,晴,北東,3,3,2,3,3837,秋 山 広 一,52,72,6.94,3,0.22,1.52.9,1-3-2,3550,13,1-3,1500,6,1-2-3,320,2,1-3,610,4,,,,,,,
20260716,びわこ,8,予選,晴,北東,3,3,3,2,4292,麻 生 慎 介,59,60,6.83,2,0.18,1.54.4,1-3-2,3550,13,1-3,1500,6,1-2-3,320,2,1-3,610,4,,,,,,,
20260716,びわこ,8,予選,晴,北東,3,3,4,6,4200,早 川 尚 人,20,70,6.88,6,0.23,1.55.5,1-3-2,3550,13,1-3,1500,6,1-2-3,320,2,1-3,610,4,,,,,,,
20260716,びわこ,8,予選,晴,北東,3,3,5,4,4202,浮 田 圭 浩,58,33,6.91,4,0.27,,1-3-2,3550,13,1-3,1500,6,1-2-3,320,2,1-3,610,4,,,,,,,
20260716,びわこ,8,予選,晴,北東,3,3,6,5,4402,乙 藤 智 史,34,54,6.86,5,0.27,,1-3-2,3550,13,1-3,1500,6,1-2-3,320,2,1-3,610,4,,,,,,,
20260716,びわこ,9,予選特賞,晴,北東,4,4,1,1,3508,久 富 政 弘,70,19,6.84,1,0.09,1.52.6,1-3-6,1320,2,1-3,320,1,1-3-6,570,2,1-3,210,1,,,,,,,
20260716,びわこ,9,予選特賞,晴,北東,4,4,2,3,4593,小 坂 宗 司,48,52,6.84,3,0.06,1.53.2,1-3-6,1320,2,1-3,320,1,1-3-6,570,2,1-3,210,1,,,,,,,
20260716,びわこ,9,予選特賞,晴,北東,4,4,3,6,5282,中 本 大 樹,11,53,6.74,6,0.01,1.55.4,1-3-6,1320,2,1-3,320,1,1-3-6,570,2,1-3,210,1,,,,,,,
20260716,びわこ,9,予選特賞,晴,北東,4,4,4,5,4118,宇佐見 淳,43,30,6.90,5,0.06,1.56.6,1-3-6,1320,2,1-3,320,1,1-3-6,570,2,1-3,210,1,,,,,,,
20260716,びわこ,9,予選特賞,晴,北東,4,4,5,4,3775,泉 啓 文,56,59,6.82,4,0.07,,1-3-6,1320,2,1-3,320,1,1-3-6,570,2,1-3,210,1,,,,,,,
20260716,びわこ,9,予選特賞,晴,北東,4,4,6,2,5318,河 内 一 馬,38,34,6.81,2,0.08,,1-3-6,1320,2,1-3,320,1,1-3-6,570,2,1-3,210,1,,,,,,,
20260716,びわこ,10,予選特賞,晴,北東,3,3,1,1,4695,尾 崎 雄 二,64,63,6.77,1,0.19,1.52.3,1-2-3,1300,4,1-2,410,2,1-2-3,700,3,1-2,370,2,,,,,,,
20260716,びわこ,10,予選特賞,晴,北東,3,3,2,2,4272,大 場 広 孝,62,46,6.82,2,0.18,1.53.2,1-2-3,1300,4,1-2,410,2,1-2-3,700,3,1-2,370,2,,,,,,,
20260716,びわこ,10,予選特賞,晴,北東,3,3,3,3,3327,野長瀬 正 孝,28,67,6.82,3,0.16,1.55.1,1-2-3,1300,4,1-2,410,2,1-2-3,700,3,1-2,370,2,,,,,,,
20260716,びわこ,10,予選特賞,晴,北東,3,3,4,5,4382,高 山 智 至,54,14,6.86,5,0.21,1.56.4,1-2-3,1300,4,1-2,410,2,1-2-3,700,3,1-2,370,2,,,,,,,
20260716,びわこ,10,予選特賞,晴,北東,3,3,5,4,4467,渡 邉 俊 介,35,48,6.83,4,0.14,,1-2-3,1300,4,1-2,410,2,1-2-3,700,3,1-2,370,2,,,,,,,
20260716,びわこ,10,予選特賞,晴,北東,3,3,6,6,4271,川 崎 公 靖,29,50,6.89,6,0.29,,1-2-3,1300,4,1-2,410,2,1-2-3,700,3,1-2,370,2,,,,,,,
20260716,びわこ,11,予選特選,晴,北東,2,2,1,3,4462,夏 山 亮 平,47,41,6.92,3,0.19,1.52.5,3-1-6,12870,32,3-1,2320,7,1-3-6,1280,6,1-3,590,3,,,,,,,
20260716,びわこ,11,予選特選,晴,北東,2,2,2,1,4207,松 下 一 也,30,36,6.90,1,0.15,1.53.6,3-1-6,12870,32,3-1,2320,7,1-3-6,1280,6,1-3,590,3,,,,,,,
20260716,びわこ,11,予選特選,晴,北東,2,2,3,6,3975,小野寺 智 洋,39,45,6.79,6,0.10,1.54.9,3-1-6,12870,32,3-1,2320,7,1-3-6,1280,6,1-3,590,3,,,,,,,
20260716,びわこ,11,予選特選,晴,北東,2,2,4,2,3251,平 石 和 男,27,51,6.86,2,0.25,1.55.5,3-1-6,12870,32,3-1,2320,7,1-3-6,1280,6,1-3,590,3,,,,,,,
20260716,びわこ,11,予選特選,晴,北東,2,2,5,4,4210,松 村 康 太,32,15,6.84,4,0.36,,3-1-6,12870,32,3-1,2320,7,1-3-6,1280,6,1-3,590,3,,,,,,,
20260716,びわこ,11,予選特選,晴,北東,2,2,6,5,4892,柴 田 直 哉,53,16,6.84,5,0.14,,3-1-6,12870,32,3-1,2320,7,1-3-6,1280,6,1-3,590,3,,,,,,,
20260716,びわこ,12,京都新聞ＤＲ,晴,北東,1,1,1,1,4350,篠 崎 元 志,66,31,6.78,1,0.15,1.51.8,1-3-4,710,1,1-3,290,1,1-3-4,560,3,1-3,280,2,,,,,,,
20260716,びわこ,12,京都新聞ＤＲ,晴,北東,1,1,2,3,3940,飯 山 泰,16,17,6.79,3,0.18,1.52.5,1-3-4,710,1,1-3,290,1,1-3-4,560,3,1-3,280,2,,,,,,,
20260716,びわこ,12,京都新聞ＤＲ,晴,北東,1,1,3,4,4292,麻 生 慎 介,59,60,6.74,4,0.33,1.52.7,1-3-4,710,1,1-3,290,1,1-3-4,560,3,1-3,280,2,,,,,,,
20260716,びわこ,12,京都新聞ＤＲ,晴,北東,1,1,4,2,3612,馬 袋 義 則,31,43,6.83,2,0.18,1.54.7,1-3-4,710,1,1-3,290,1,1-3-4,560,3,1-3,280,2,,,,,,,
20260716,びわこ,12,京都新聞ＤＲ,晴,北東,1,1,5,6,5075,中 島 秀 治,60,39,6.82,6,0.51,,1-3-4,710,1,1-3,290,1,1-3-4,560,3,1-3,280,2,,,,,,,
20260716,びわこ,12,京都新聞ＤＲ,晴,北東,1,1,6,5,4624,高 田 明,72,47,6.72,5,0.35,,1-3-4,710,1,1-3,290,1,1-3-4,560,3,1-3,280,2,,,,,,,
20260716,住之江,1,予選,晴,南東,4,2,1,4,5379,廣 部 大 明,36,23,6.89,5,0.10,1.52.7,4-2-5,15010,42,4-2,3560,13,2-4-5,2410,8,2-4,1560,6,,,,,,,
20260716,住之江,1,予選,晴,南東,4,2,2,2,4567,上 村 慎太郎,19,34,6.86,2,0.24,1.54.8,4-2-5,15010,42,4-2,3560,13,2-4-5,2410,8,2-4,1560,6,,,,,,,
20260716,住之江,1,予選,晴,南東,4,2,3,5,2538,高 橋 二 朗,32,69,6.91,3,0.18,1.56.3,4-2-5,15010,42,4-2,3560,13,2-4-5,2410,8,2-4,1560,6,,,,,,,
20260716,住之江,1,予選,晴,南東,4,2,4,3,5396,近 藤 来 希,30,83,6.84,6,0.13,1.56.4,4-2-5,15010,42,4-2,3560,13,2-4-5,2410,8,2-4,1560,6,,,,,,,
20260716,住之江,1,予選,晴,南東,4,2,5,1,3161,古 場 輝 義,85,19,6.91,1,0.20,1.56.8,4-2-5,15010,42,4-2,3560,13,2-4-5,2410,8,2-4,1560,6,,,,,,,
20260716,住之江,1,予選,晴,南東,4,2,6,6,3741,松 尾 基 成,81,62,6.96,4,0.20,1.58.4,4-2-5,15010,42,4-2,3560,13,2-4-5,2410,8,2-4,1560,6,,,,,,,
20260716,住之江,2,予選,晴,南,4,2,1,2,5338,香 月 大 輝,16,37,6.87,2,0.19,1.51.5,2-3-1,9120,48,2-3,2770,15,1-2-3,1300,8,2-3,1140,7,,,,,,,
20260716,住之江,2,予選,晴,南,4,2,2,3,3873,別 府 昌 樹,51,60,6.93,3,0.24,1.53.1,2-3-1,9120,48,2-3,2770,15,1-2-3,1300,8,2-3,1140,7,,,,,,,
20260716,住之江,2,予選,晴,南,4,2,3,1,3340,池 田 雷 太,29,53,6.90,1,0.26,1.54.7,2-3-1,9120,48,2-3,2770,15,1-2-3,1300,8,2-3,1140,7,,,,,,,
20260716,住之江,2,予選,晴,南,4,2,4,4,3997,北 村 征 嗣,78,26,6.86,4,0.26,1.54.9,2-3-1,9120,48,2-3,2770,15,1-2-3,1300,8,2-3,1140,7,,,,,,,
20260716,住之江,2,予選,晴,南,4,2,5,5,3297,藤 丸 光 一,70,38,6.89,5,0.27,1.57.2,2-3-1,9120,48,2-3,2770,15,1-2-3,1300,8,2-3,1140,7,,,,,,,
20260716,住之江,2,予選,晴,南,4,2,6,6,5470,坂 口 諒 宗,53,54,6.93,6,0.23,1.57.9,2-3-1,9120,48,2-3,2770,15,1-2-3,1300,8,2-3,1140,7,,,,,,,
20260716,住之江,3,予選,晴,南,4,2,1,4,4295,小 坂 尚 哉,25,63,6.92,4,0.03,1.51.1,4-1-2,2340,11,4-1,1000,4,1-2-4,270,1,1-4,410,2,,,,,,,
20260716,住之江,3,予選,晴,南,4,2,2,1,3680,森 林 太,26,65,6.92,1,0.23,1.53.9,4-1-2,2340,11,4-1,1000,4,1-2-4,270,1,1-4,410,2,,,,,,,
20260716,住之江,3,予選,晴,南,4,2,3,2,4906,鈴 木 雅 希,13,13,6.87,2,0.12,1.54.7,4-1-2,2340,11,4-1,1000,4,1-2-4,270,1,1-4,410,2,,,,,,,
20260716,住之江,3,予選,晴,南,4,2,4,3,3617,竹 田 広 樹,12,68,6.82,3,0.10,1.55.7,4-1-2,2340,11,4-1,1000,4,1-2-4,270,1,1-4,410,2,,,,,,,
20260716,住之江,3,予選,晴,南,4,2,5,5,5022,伊 藤 尚 汰,63,16,6.86,5,0.08,1.57.5,4-1-2,2340,11,4-1,1000,4,1-2-4,270,1,1-4,410,2,,,,,,,
20260716,住之江,3,予選,晴,南,4,2,6,6,5420,吉 原 快 誓,72,20,6.95,6,0.16,1.59.1,4-1-2,2340,11,4-1,1000,4,1-2-4,270,1,1-4,410,2,,,,,,,
20260716,住之江,4,予選,晴,南,3,1,1,4,3478,嶋 田 貴 支,22,87,6.94,4,0.09,1.51.9,4-3-2,10230,34,4-3,2510,8,2-3-4,640,4,3-4,660,3,,,,,,,
20260716,住之江,4,予選,晴,南,3,1,2,3,4739,中 村 晃 朋,60,24,6.92,3,0.10,1.54.9,4-3-2,10230,34,4-3,2510,8,2-3-4,640,4,3-4,660,3,,,,,,,
20260716,住之江,4,予選,晴,南,3,1,3,2,4669,井 上 茂,21,77,6.93,2,0.08,1.55.2,4-3-2,10230,34,4-3,2510,8,2-3-4,640,4,3-4,660,3,,,,,,,
20260716,住之江,4,予選,晴,南,3,1,4,5,5383,中 村 楓,18,72,6.89,5,0.07,1.56.4,4-3-2,10230,34,4-3,2510,8,2-3-4,640,4,3-4,660,3,,,,,,,
20260716,住之江,4,予選,晴,南,3,1,5,1,5262,鈴 木 章 司,54,66,6.89,1,0.12,1.57.6,4-3-2,10230,34,4-3,2510,8,2-3-4,640,4,3-4,660,3,,,,,,,
20260716,住之江,4,予選,晴,南,3,1,6,6,3885,久 田 武,82,58,6.88,6,0.05,1.59.7,4-3-2,10230,34,4-3,2510,8,2-3-4,640,4,3-4,660,3,,,,,,,
20260716,住之江,5,住之江ファイ,晴,南東,3,1,1,4,4619,伏 田 裕 隆,77,73,6.83,4,0.11,1.51.3,4-6-5,1770,4,4-6,670,3,4-5-6,1160,6,4-6,450,2,,,,,,,
20260716,住之江,5,住之江ファイ,晴,南東,3,1,2,6,4677,片 橋 幸 貴,56,79,6.96,5,0.15,1.51.9,4-6-5,1770,4,4-6,670,3,4-5-6,1160,6,4-6,450,2,,,,,,,
20260716,住之江,5,住之江ファイ,晴,南東,3,1,3,5,3550,都 築 正 治,50,36,6.91,6,0.24,1.54.7,4-6-5,1770,4,4-6,670,3,4-5-6,1160,6,4-6,450,2,,,,,,,
20260716,住之江,5,住之江ファイ,晴,南東,3,1,4,3,3161,古 場 輝 義,85,19,6.98,3,0.24,1.56.2,4-6-5,1770,4,4-6,670,3,4-5-6,1160,6,4-6,450,2,,,,,,,
20260716,住之江,5,住之江ファイ,晴,南東,3,1,5,2,4896,花 本 剛,35,11,6.90,2,0.25,1.56.4,4-6-5,1770,4,4-6,670,3,4-5-6,1160,6,4-6,450,2,,,,,,,
20260716,住之江,5,住之江ファイ,晴,南東,3,1,6,1,5134,大 原 祥 昌,79,31,6.86,1,0.20,1.56.9,4-6-5,1770,4,4-6,670,3,4-5-6,1160,6,4-6,450,2,,,,,,,
20260716,住之江,6,予選特別Ｂ戦,晴,南東,2,1,1,1,4173,岡 谷 健 吾,52,89,6.91,1,0.24,1.51.1,1-5-2,2270,8,1-5,960,5,1-2-5,490,3,1-5,820,4,,,,,,,
20260716,住之江,6,予選特別Ｂ戦,晴,南東,2,1,2,5,5269,山 口 晃 朋,80,82,6.88,5,0.14,1.52.1,1-5-2,2270,8,1-5,960,5,1-2-5,490,3,1-5,820,4,,,,,,,
20260716,住之江,6,予選特別Ｂ戦,晴,南東,2,1,3,2,4294,古 賀 繁 輝,66,90,6.94,2,0.28,1.54.2,1-5-2,2270,8,1-5,960,5,1-2-5,490,3,1-5,820,4,,,,,,,
20260716,住之江,6,予選特別Ｂ戦,晴,南東,2,1,4,4,4718,北 川 太 一,38,15,6.91,4,0.20,1.55.3,1-5-2,2270,8,1-5,960,5,1-2-5,490,3,1-5,820,4,,,,,,,
20260716,住之江,6,予選特別Ｂ戦,晴,南東,2,1,5,6,5396,近 藤 来 希,30,83,6.88,6,0.39,1.55.5,1-5-2,2270,8,1-5,960,5,1-2-5,490,3,1-5,820,4,,,,,,,
20260716,住之江,6,予選特別Ｂ戦,晴,南東,2,1,6,3,3297,藤 丸 光 一,70,38,6.92,3,0.26,1.58.9,1-5-2,2270,8,1-5,960,5,1-2-5,490,3,1-5,820,4,,,,,,,
20260716,住之江,7,予選,晴,南東,2,1,1,1,4155,長 野 壮志郎,33,28,6.84,1,0.17,1.51.1,1-2-3,1110,4,1-2,470,2,1-2-3,390,1,1-2,230,1,,,,,,,
20260716,住之江,7,予選,晴,南東,2,1,2,2,5067,山 田 真 聖,65,17,6.95,2,0.18,1.53.5,1-2-3,1110,4,1-2,470,2,1-2-3,390,1,1-2,230,1,,,,,,,
20260716,住之江,7,予選,晴,南東,2,1,3,3,3997,北 村 征 嗣,78,26,6.88,3,0.19,1.54.4,1-2-3,1110,4,1-2,470,2,1-2-3,390,1,1-2,230,1,,,,,,,
20260716,住之江,7,予選,晴,南東,2,1,4,5,5379,廣 部 大 明,36,23,6.86,5,0.17,1.56.2,1-2-3,1110,4,1-2,470,2,1-2-3,390,1,1-2,230,1,,,,,,,
20260716,住之江,7,予選,晴,南東,2,1,5,6,4057,松 井 賢 治,27,74,6.89,6,0.20,1.57.3,1-2-3,1110,4,1-2,470,2,1-2-3,390,1,1-2,230,1,,,,,,,
20260716,住之江,7,予選,晴,南東,2,1,6,4,5022,伊 藤 尚 汰,63,16,6.90,4,0.16,1.58.7,1-2-3,1110,4,1-2,470,2,1-2-3,390,1,1-2,230,1,,,,,,,
20260716,住之江,8,予選,晴,南,3,1,1,1,4470,平 田 健之佑,57,32,6.87,1,0.13,1.50.6,1-3-2,1010,4,1-3,280,1,1-2-3,580,3,1-3,160,1,,,,,,,
20260716,住之江,8,予選,晴,南,3,1,2,3,4960,黒 野 元 基,73,71,6.84,3,0.11,1.52.5,1-3-2,1010,4,1-3,280,1,1-2-3,580,3,1-3,160,1,,,,,,,
20260716,住之江,8,予選,晴,南,3,1,3,2,3442,宮 武 英 司,28,33,6.96,2,0.12,1.53.8,1-3-2,1010,4,1-3,280,1,1-2-3,580,3,1-3,160,1,,,,,,,
20260716,住之江,8,予選,晴,南,3,1,4,5,4834,浜 本 裕 己,62,56,6.91,5,0.12,1.54.4,1-3-2,1010,4,1-3,280,1,1-2-3,580,3,1-3,160,1,,,,,,,
20260716,住之江,8,予選,晴,南,3,1,5,4,3340,池 田 雷 太,29,53,6.94,4,0.15,1.56.2,1-3-2,1010,4,1-3,280,1,1-2-3,580,3,1-3,160,1,,,,,,,
20260716,住之江,8,予選,晴,南,3,1,6,6,3617,竹 田 広 樹,12,68,6.91,6,0.18,1.58.3,1-3-2,1010,4,1-3,280,1,1-2-3,580,3,1-3,160,1,,,,,,,
20260716,住之江,9,予選,晴,南,2,1,1,2,4659,木 下 翔 太,55,59,6.92,2,0.17,1.51.9,2-1-3,1620,8,2-1,330,2,1-2-3,420,4,1-2,120,1,,,,,,,
20260716,住之江,9,予選,晴,南,2,1,2,1,4228,吉 田 慎二郎,74,76,6.88,1,0.22,1.52.8,2-1-3,1620,8,2-1,330,2,1-2-3,420,4,1-2,120,1,,,,,,,
20260716,住之江,9,予選,晴,南,2,1,3,3,2538,高 橋 二 朗,32,69,6.92,3,0.26,1.54.4,2-1-3,1620,8,2-1,330,2,1-2-3,420,4,1-2,120,1,,,,,,,
20260716,住之江,9,予選,晴,南,2,1,4,6,4906,鈴 木 雅 希,13,13,6.93,6,0.30,1.54.5,2-1-3,1620,8,2-1,330,2,1-2-3,420,4,1-2,120,1,,,,,,,
20260716,住之江,9,予選,晴,南,2,1,5,5,5338,香 月 大 輝,16,37,6.89,5,0.35,1.55.8,2-1-3,1620,8,2-1,330,2,1-2-3,420,4,1-2,120,1,,,,,,,
20260716,住之江,9,予選,晴,南,2,1,6,4,5105,富 田 恕 生,14,14,6.99,4,0.30,1.58.7,2-1-3,1620,8,2-1,330,2,1-2-3,420,4,1-2,120,1,,,,,,,
20260716,住之江,10,予選特別Ｂ戦,晴,南,2,1,1,1,4295,小 坂 尚 哉,25,63,6.89,1,0.23,1.50.9,1-2-5,920,3,1-2,230,1,1-2-5,430,3,1-2,150,1,,,,,,,
20260716,住之江,10,予選特別Ｂ戦,晴,南,2,1,2,2,5269,山 口 晃 朋,80,82,6.90,2,0.31,1.52.4,1-2-5,920,3,1-2,230,1,1-2-5,430,3,1-2,150,1,,,,,,,
20260716,住之江,10,予選特別Ｂ戦,晴,南,2,1,3,5,5134,大 原 祥 昌,79,31,6.94,6,0.24,1.53.5,1-2-5,920,3,1-2,230,1,1-2-5,430,3,1-2,150,1,,,,,,,
20260716,住之江,10,予選特別Ｂ戦,晴,南,2,1,4,6,4739,中 村 晃 朋,60,24,6.94,5,0.20,1.54.8,1-2-5,920,3,1-2,230,1,1-2-5,430,3,1-2,150,1,,,,,,,
20260716,住之江,10,予選特別Ｂ戦,晴,南,2,1,5,3,4306,畔 柳 俊 吾,17,12,6.95,3,0.29,1.56.1,1-2-5,920,3,1-2,230,1,1-2-5,430,3,1-2,150,1,,,,,,,
20260716,住之江,10,予選特別Ｂ戦,晴,南,2,1,6,4,3741,松 尾 基 成,81,62,6.97,4,0.22,1.59.7,1-2-5,920,3,1-2,230,1,1-2-5,430,3,1-2,150,1,,,,,,,
20260716,住之江,11,予選特別Ａ戦,晴,無風,0,1,1,1,4074,柳 沢 一,20,30,6.90,1,0.20,1.51.4,1-5-3,1670,9,1-5,720,4,1-3-5,560,4,1-5,770,4,,,,,,,
20260716,住之江,11,予選特別Ａ戦,晴,無風,0,1,2,5,4155,長 野 壮志郎,33,28,6.93,4,0.20,1.52.1,1-5-3,1670,9,1-5,720,4,1-3-5,560,4,1-5,770,4,,,,,,,
20260716,住之江,11,予選特別Ａ戦,晴,無風,0,1,3,3,3826,村 田 修 次,31,75,6.92,5,0.27,1.53.7,1-5-3,1670,9,1-5,720,4,1-3-5,560,4,1-5,770,4,,,,,,,
20260716,住之江,11,予選特別Ａ戦,晴,無風,0,1,4,2,4417,服 部 剛,76,86,6.90,2,0.31,1.54.9,1-5-3,1670,9,1-5,720,4,1-3-5,560,4,1-5,770,4,,,,,,,
20260716,住之江,11,予選特別Ａ戦,晴,無風,0,1,5,6,4567,上 村 慎太郎,19,34,6.96,6,0.30,1.56.2,1-5-3,1670,9,1-5,720,4,1-3-5,560,4,1-5,770,4,,,,,,,
20260716,住之江,11,予選特別Ａ戦,晴,無風,0,1,6,4,4002,古 結 宏,37,18,6.94,3,0.30,1.56.9,1-5-3,1670,9,1-5,720,4,1-3-5,560,4,1-5,770,4,,,,,,,
20260716,住之江,12,予選特別Ａ戦,晴,無風,0,1,1,1,4960,黒 野 元 基,73,71,6.87,1,0.17,1.51.0,1-5-3,1130,5,1-5,540,3,1-3-5,360,2,1-5,320,3,,,,,,,
20260716,住之江,12,予選特別Ａ戦,晴,無風,0,1,2,5,4294,古 賀 繁 輝,66,90,6.99,5,0.11,1.53.5,1-5-3,1130,5,1-5,540,3,1-3-5,360,2,1-5,320,3,,,,,,,
20260716,住之江,12,予選特別Ａ戦,晴,無風,0,1,3,3,4057,松 井 賢 治,27,74,6.91,3,0.19,1.54.2,1-5-3,1130,5,1-5,540,3,1-3-5,360,2,1-5,320,3,,,,,,,
20260716,住之江,12,予選特別Ａ戦,晴,無風,0,1,4,2,3885,久 田 武,82,58,6.94,2,0.26,1.55.7,1-5-3,1130,5,1-5,540,3,1-3-5,360,2,1-5,320,3,,,,,,,
20260716,住之江,12,予選特別Ａ戦,晴,無風,0,1,5,6,3873,別 府 昌 樹,51,60,7.01,6,0.13,1.56.4,1-5-3,1130,5,1-5,540,3,1-3-5,360,2,1-5,320,3,,,,,,,
20260716,住之江,12,予選特別Ａ戦,晴,無風,0,1,6,4,4896,花 本 剛,35,11,7.00,4,0.16,1.58.7,1-5-3,1130,5,1-5,540,3,1-3-5,360,2,1-5,320,3,,,,,,,
20260716,多摩川,1,一般,晴,東,1,2,1,1,4660,宇田川 信 一,48,41,6.87,1,0.22,1.51.7,1-6-5,8260,34,1-6,2070,9,1-5-6,2090,14,1-6,900,4,,,,,,,
20260716,多摩川,1,一般,晴,東,1,2,2,6,4809,外 崎 悟,49,32,6.85,6,0.11,1.52.5,1-6-5,8260,34,1-6,2070,9,1-5-6,2090,14,1-6,900,4,,,,,,,
20260716,多摩川,1,一般,晴,東,1,2,3,5,3455,谷 本 幸 司,16,71,6.87,5,0.08,1.53.7,1-6-5,8260,34,1-6,2070,9,1-5-6,2090,14,1-6,900,4,,,,,,,
20260716,多摩川,1,一般,晴,東,1,2,4,3,4905,土 井 祥 伍,26,59,6.83,3,0.13,1.54.4,1-6-5,8260,34,1-6,2070,9,1-5-6,2090,14,1-6,900,4,,,,,,,
20260716,多摩川,1,一般,晴,東,1,2,5,4,5201,村 上 宗太郎,24,55,6.80,4,0.09,,1-6-5,8260,34,1-6,2070,9,1-5-6,2090,14,1-6,900,4,,,,,,,
20260716,多摩川,1,一般,晴,東,1,2,6,2,5185,加 藤 優 弥,22,34,6.88,2,0.17,,1-6-5,8260,34,1-6,2070,9,1-5-6,2090,14,1-6,900,4,,,,,,,
20260716,多摩川,2,一般,晴,東,1,2,1,1,5178,成 貞 琳 平,41,62,6.85,1,0.14,1.51.1,1-6-2,3380,9,1-6,680,3,1-2-6,1160,5,1-6,260,1,,,,,,,
20260716,多摩川,2,一般,晴,東,1,2,2,6,4191,赤 羽 克 也,57,51,6.83,6,0.20,1.51.9,1-6-2,3380,9,1-6,680,3,1-2-6,1160,5,1-6,260,1,,,,,,,
20260716,多摩川,2,一般,晴,東,1,2,3,2,3891,谷 口 健 一,28,42,6.93,2,0.14,1.54.5,1-6-2,3380,9,1-6,680,3,1-2-6,1160,5,1-6,260,1,,,,,,,
20260716,多摩川,2,一般,晴,東,1,2,4,3,4837,酒 井 陽 祐,37,58,6.89,3,0.09,1.54.6,1-6-2,3380,9,1-6,680,3,1-2-6,1160,5,1-6,260,1,,,,,,,
20260716,多摩川,2,一般,晴,東,1,2,5,4,4651,佐 藤 大 騎,73,49,6.88,4,0.13,,1-6-2,3380,9,1-6,680,3,1-2-6,1160,5,1-6,260,1,,,,,,,
20260716,多摩川,2,一般,晴,東,1,2,6,5,5044,渡 邉 健,15,75,6.85,5,0.12,,1-6-2,3380,9,1-6,680,3,1-2-6,1160,5,1-6,260,1,,,,,,,
20260716,多摩川,3,一般,晴,東,5,2,1,5,4901,出 口 舞有子,45,60,6.81,5,0.13,1.49.6,5-2-4,18830,60,5-2,3290,14,2-4-5,2070,8,2-5,1650,6,,,,,,,
20260716,多摩川,3,一般,晴,東,5,2,2,2,4891,寺 島 美 里,61,24,6.82,2,0.16,1.51.8,5-2-4,18830,60,5-2,3290,14,2-4-5,2070,8,2-5,1650,6,,,,,,,
20260716,多摩川,3,一般,晴,東,5,2,3,4,4746,大豆生田 蒼,68,38,6.84,4,0.17,1.52.9,5-2-4,18830,60,5-2,3290,14,2-4-5,2070,8,2-5,1650,6,,,,,,,
20260716,多摩川,3,一般,晴,東,5,2,4,1,4819,蜂 須 瑞 生,38,67,6.92,1,0.23,1.55.7,5-2-4,18830,60,5-2,3290,14,2-4-5,2070,8,2-5,1650,6,,,,,,,
20260716,多摩川,3,一般,晴,東,5,2,5,6,5140,吉 田 彩 乃,33,74,6.87,6,0.16,,5-2-4,18830,60,5-2,3290,14,2-4-5,2070,8,2-5,1650,6,,,,,,,
20260716,多摩川,3,一般,晴,東,5,2,6,3,4781,西 舘 果 里,66,45,6.79,3,0.11,,5-2-4,18830,60,5-2,3290,14,2-4-5,2070,8,2-5,1650,6,,,,,,,
20260716,多摩川,4,一般,晴,東,1,2,1,4,4380,鈴 木 峻 佑,62,70,6.77,4,0.12,1.49.9,4-1-6,13330,47,4-1,3450,13,1-4-6,2560,12,1-4,820,3,,,,,,,
20260716,多摩川,4,一般,晴,東,1,2,2,1,4405,南 野 利 騰,31,52,6.77,1,0.16,1.51.2,4-1-6,13330,47,4-1,3450,13,1-4-6,2560,12,1-4,820,3,,,,,,,
20260716,多摩川,4,一般,晴,東,1,2,3,6,4175,川 尻 泰 輔,46,36,6.77,6,0.11,1.53.3,4-1-6,13330,47,4-1,3450,13,1-4-6,2560,12,1-4,820,3,,,,,,,
20260716,多摩川,4,一般,晴,東,1,2,4,3,4977,馬 野 耀,44,26,6.76,3,0.09,1.53.9,4-1-6,13330,47,4-1,3450,13,1-4-6,2560,12,1-4,820,3,,,,,,,
20260716,多摩川,4,一般,晴,東,1,2,5,2,4533,峰 重 侑 治,51,79,6.75,2,0.16,,4-1-6,13330,47,4-1,3450,13,1-4-6,2560,12,1-4,820,3,,,,,,,
20260716,多摩川,4,一般,晴,東,1,2,6,5,4761,山 田 晃 大,70,54,6.82,5,0.12,,4-1-6,13330,47,4-1,3450,13,1-4-6,2560,12,1-4,820,3,,,,,,,
20260716,多摩川,5,一般,晴,東,2,2,1,2,4836,大 谷 健 太,43,85,6.88,2,0.12,1.50.9,2-3-1,8220,30,2-3,3940,14,1-2-3,500,2,2-3,1740,8,,,,,,,
20260716,多摩川,5,一般,晴,東,2,2,2,3,4428,有 賀 達 也,65,50,6.84,3,0.12,1.51.8,2-3-1,8220,30,2-3,3940,14,1-2-3,500,2,2-3,1740,8,,,,,,,
20260716,多摩川,5,一般,晴,東,2,2,3,1,4422,永 井 亮 次,19,77,6.84,1,0.14,1.53.7,2-3-1,8220,30,2-3,3940,14,1-2-3,500,2,2-3,1740,8,,,,,,,
20260716,多摩川,5,一般,晴,東,2,2,4,4,5179,藤 本 元 輝,36,73,6.81,4,0.15,1.54.8,2-3-1,8220,30,2-3,3940,14,1-2-3,500,2,2-3,1740,8,,,,,,,
20260716,多摩川,5,一般,晴,東,2,2,5,5,4514,上 條 嘉 嗣,34,22,6.86,5,0.18,,2-3-1,8220,30,2-3,3940,14,1-2-3,500,2,2-3,1740,8,,,,,,,
20260716,多摩川,5,一般,晴,東,2,2,6,6,4793,金 子 萌,67,81,6.86,6,0.16,,2-3-1,8220,30,2-3,3940,14,1-2-3,500,2,2-3,1740,8,,,,,,,
20260716,多摩川,6,一般,晴,東,3,2,1,1,3822,平 尾 崇 典,60,82,6.83,1,0.13,1.51.2,1-3-4,1750,8,1-3,290,1,1-3-4,850,4,1-3,280,2,,,,,,,
20260716,多摩川,6,一般,晴,東,3,2,2,3,4039,村 上 功 祐,30,69,6.85,3,0.17,1.52.8,1-3-4,1750,8,1-3,290,1,1-3-4,850,4,1-3,280,2,,,,,,,
20260716,多摩川,6,一般,晴,東,3,2,3,4,5178,成 貞 琳 平,41,62,6.87,4,0.16,1.54.1,1-3-4,1750,8,1-3,290,1,1-3-4,850,4,1-3,280,2,,,,,,,
20260716,多摩川,6,一般,晴,東,3,2,4,6,4137,君 島 秀 三,39,43,6.87,6,0.12,1.54.7,1-3-4,1750,8,1-3,290,1,1-3-4,850,4,1-3,280,2,,,,,,,
20260716,多摩川,6,一般,晴,東,3,2,5,5,4854,大 橋 由 珠,55,46,6.84,5,0.13,,1-3-4,1750,8,1-3,290,1,1-3-4,850,4,1-3,280,2,,,,,,,
20260716,多摩川,6,一般,晴,東,3,2,6,2,5044,渡 邉 健,15,75,6.82,2,0.09,,1-3-4,1750,8,1-3,290,1,1-3-4,850,4,1-3,280,2,,,,,,,
20260716,多摩川,7,一般,曇り,東,3,2,1,1,4415,下 出 卓 矢,56,29,6.75,1,0.14,1.52.1,1-5-3,2330,9,1-5,500,3,1-3-5,690,4,1-5,590,3,,,,,,,
20260716,多摩川,7,一般,曇り,東,3,2,2,5,4837,酒 井 陽 祐,37,58,6.91,5,0.15,1.52.7,1-5-3,2330,9,1-5,500,3,1-3-5,690,4,1-5,590,3,,,,,,,
20260716,多摩川,7,一般,曇り,東,3,2,3,3,3812,山 崎 聖 司,23,48,6.86,3,0.17,1.54.7,1-5-3,2330,9,1-5,500,3,1-3-5,690,4,1-5,590,3,,,,,,,
20260716,多摩川,7,一般,曇り,東,3,2,4,6,4651,佐 藤 大 騎,73,49,6.87,6,0.17,1.56.0,1-5-3,2330,9,1-5,500,3,1-3-5,690,4,1-5,590,3,,,,,,,
20260716,多摩川,7,一般,曇り,東,3,2,5,2,3455,谷 本 幸 司,16,71,6.84,2,0.19,,1-5-3,2330,9,1-5,500,3,1-3-5,690,4,1-5,590,3,,,,,,,
20260716,多摩川,7,一般,曇り,東,3,2,6,4,4781,西 舘 果 里,66,45,6.80,4,0.23,,1-5-3,2330,9,1-5,500,3,1-3-5,690,4,1-5,590,3,,,,,,,
20260716,多摩川,8,一般,曇り,東,4,2,1,3,4405,南 野 利 騰,31,52,6.92,3,0.16,1.50.4,3-6-4,24210,60,3-6,5640,18,3-4-6,2780,10,3-6,6770,14,,,,,,,
20260716,多摩川,8,一般,曇り,東,4,2,2,6,4905,土 井 祥 伍,26,59,6.85,6,0.21,1.52.9,3-6-4,24210,60,3-6,5640,18,3-4-6,2780,10,3-6,6770,14,,,,,,,
20260716,多摩川,8,一般,曇り,東,4,2,3,4,4891,寺 島 美 里,61,24,6.87,4,0.18,1.53.6,3-6-4,24210,60,3-6,5640,18,3-4-6,2780,10,3-6,6770,14,,,,,,,
20260716,多摩川,8,一般,曇り,東,4,2,4,2,4761,山 田 晃 大,70,54,6.88,2,0.15,1.54.8,3-6-4,24210,60,3-6,5640,18,3-4-6,2780,10,3-6,6770,14,,,,,,,
20260716,多摩川,8,一般,曇り,東,4,2,5,1,5061,中 村 駿 平,47,83,6.94,1,0.20,,3-6-4,24210,60,3-6,5640,18,3-4-6,2780,10,3-6,6770,14,,,,,,,
20260716,多摩川,8,一般,曇り,東,4,2,6,5,3891,谷 口 健 一,28,42,6.87,5,0.18,,3-6-4,24210,60,3-6,5640,18,3-4-6,2780,10,3-6,6770,14,,,,,,,
20260716,多摩川,9,静波まつり選,曇り,東,4,2,1,1,4175,川 尻 泰 輔,46,36,6.86,1,0.11,1.50.7,1-3-5,1740,6,1-3,400,2,1-3-5,1060,4,1-3,450,2,,,,,,,
20260716,多摩川,9,静波まつり選,曇り,東,4,2,2,3,4793,金 子 萌,67,81,6.83,3,0.08,1.51.8,1-3-5,1740,6,1-3,400,2,1-3-5,1060,4,1-3,450,2,,,,,,,
20260716,多摩川,9,静波まつり選,曇り,東,4,2,3,5,4533,峰 重 侑 治,51,79,6.79,5,0.09,1.52.9,1-3-5,1740,6,1-3,400,2,1-3-5,1060,4,1-3,450,2,,,,,,,
20260716,多摩川,9,静波まつり選,曇り,東,4,2,4,2,4809,外 崎 悟,49,32,6.83,2,0.11,1.54.1,1-3-5,1740,6,1-3,400,2,1-3-5,1060,4,1-3,450,2,,,,,,,
20260716,多摩川,9,静波まつり選,曇り,東,4,2,5,4,4819,蜂 須 瑞 生,38,67,6.89,4,0.11,,1-3-5,1740,6,1-3,400,2,1-3-5,1060,4,1-3,450,2,,,,,,,
20260716,多摩川,9,静波まつり選,曇り,東,4,2,6,6,4422,永 井 亮 次,19,77,6.84,6,0.16,,1-3-5,1740,6,1-3,400,2,1-3-5,1060,4,1-3,450,2,,,,,,,
20260716,多摩川,10,選抜戦,曇り,東,2,2,1,4,4039,村 上 功 祐,30,69,6.87,4,0.14,1.50.2,4-3-5,131130,115,4-3,27490,30,3-4-5,15340,20,3-4,10290,14,,,,,,,
20260716,多摩川,10,選抜戦,曇り,東,2,2,2,3,5179,藤 本 元 輝,36,73,6.79,3,0.27,1.51.8,4-3-5,131130,115,4-3,27490,30,3-4-5,15340,20,3-4,10290,14,,,,,,,
20260716,多摩川,10,選抜戦,曇り,東,2,2,3,5,4977,馬 野 耀,44,26,6.83,5,0.18,1.52.9,4-3-5,131130,115,4-3,27490,30,3-4-5,15340,20,3-4,10290,14,,,,,,,
20260716,多摩川,10,選抜戦,曇り,東,2,2,4,6,3822,平 尾 崇 典,60,82,6.80,6,0.19,1.54.5,4-3-5,131130,115,4-3,27490,30,3-4-5,15340,20,3-4,10290,14,,,,,,,
20260716,多摩川,10,選抜戦,曇り,東,2,2,5,1,4191,赤 羽 克 也,57,51,6.80,1,0.26,,4-3-5,131130,115,4-3,27490,30,3-4-5,15340,20,3-4,10290,14,,,,,,,
20260716,多摩川,10,選抜戦,曇り,東,2,2,6,2,4514,上 條 嘉 嗣,34,22,6.81,2,0.25,,4-3-5,131130,115,4-3,27490,30,3-4-5,15340,20,3-4,10290,14,,,,,,,
20260716,多摩川,11,選抜戦,曇り,西,2,2,1,1,4137,君 島 秀 三,39,43,6.84,1,0.19,1.51.4,1-6-4,2500,8,1-6,1140,4,1-4-6,500,2,1-6,640,4,,,,,,,
20260716,多摩川,11,選抜戦,曇り,西,2,2,2,6,4415,下 出 卓 矢,56,29,6.73,6,0.27,1.52.5,1-6-4,2500,8,1-6,1140,4,1-4-6,500,2,1-6,640,4,,,,,,,
20260716,多摩川,11,選抜戦,曇り,西,2,2,3,4,4428,有 賀 達 也,65,50,6.85,4,0.18,1.52.8,1-6-4,2500,8,1-6,1140,4,1-4-6,500,2,1-6,640,4,,,,,,,
20260716,多摩川,11,選抜戦,曇り,西,2,2,4,2,4901,出 口 舞有子,45,60,6.81,2,0.21,1.55.0,1-6-4,2500,8,1-6,1140,4,1-4-6,500,2,1-6,640,4,,,,,,,
20260716,多摩川,11,選抜戦,曇り,西,2,2,5,3,4380,鈴 木 峻 佑,62,70,6.80,3,0.24,,1-6-4,2500,8,1-6,1140,4,1-4-6,500,2,1-6,640,4,,,,,,,
20260716,多摩川,11,選抜戦,曇り,西,2,2,6,5,4836,大 谷 健 太,43,85,6.83,5,0.28,,1-6-4,2500,8,1-6,1140,4,1-4-6,500,2,1-6,640,4,,,,,,,
20260716,多摩川,12,優勝戦,雨,西,4,2,1,1,5126,山 下 大 輝,42,53,6.72,1,0.14,1.49.8,1-3-6,2090,8,1-3,350,1,1-3-6,1300,7,1-3,270,1,,,,,,,
20260716,多摩川,12,優勝戦,雨,西,4,2,2,3,4850,野 中 一 平,75,33,6.79,3,0.12,1.51.8,1-3-6,2090,8,1-3,350,1,1-3-6,1300,7,1-3,270,1,,,,,,,
20260716,多摩川,12,優勝戦,雨,西,4,2,3,6,4886,入 海 馨,20,25,6.73,6,0.04,1.52.8,1-3-6,2090,8,1-3,350,1,1-3-6,1300,7,1-3,270,1,,,,,,,
20260716,多摩川,12,優勝戦,雨,西,4,2,4,4,5096,上 原 崚,52,56,6.75,4,0.11,1.53.6,1-3-6,2090,8,1-3,350,1,1-3-6,1300,7,1-3,270,1,,,,,,,
20260716,多摩川,12,優勝戦,雨,西,4,2,5,5,4743,木 村 仁 紀,59,61,6.77,5,0.07,,1-3-6,2090,8,1-3,350,1,1-3-6,1300,7,1-3,270,1,,,,,,,
20260716,多摩川,12,優勝戦,雨,西,4,2,6,2,3746,岡 瀬 正 人,50,78,6.75,2,0.17,,1-3-6,2090,8,1-3,350,1,1-3-6,1300,7,1-3,270,1,,,,,,,
20260716,大村,1,一般,曇り,南西,1,1,1,1,5311,小 林 京 平,26,67,6.92,1,0.15,1.50.8,1-5-4,2870,11,1-5,460,2,1-4-5,1410,7,1-5,280,1,,,,,,,
20260716,大村,1,一般,曇り,南西,1,1,2,5,4161,黒 柳 浩 孝,24,71,6.93,5,0.18,1.55.0,1-5-4,2870,11,1-5,460,2,1-4-5,1410,7,1-5,280,1,,,,,,,
20260716,大村,1,一般,曇り,南西,1,1,3,4,4440,萩 原 知 哉,30,11,7.02,4,0.11,1.56.0,1-5-4,2870,11,1-5,460,2,1-4-5,1410,7,1-5,280,1,,,,,,,
20260716,大村,1,一般,曇り,南西,1,1,4,2,4004,山 本 浩 輔,51,39,7.04,2,0.20,1.57.2,1-5-4,2870,11,1-5,460,2,1-4-5,1410,7,1-5,280,1,,,,,,,
20260716,大村,1,一般,曇り,南西,1,1,5,6,4674,池 田 剛 規,62,16,6.95,6,0.16,,1-5-4,2870,11,1-5,460,2,1-4-5,1410,7,1-5,280,1,,,,,,,
20260716,大村,1,一般,曇り,南西,1,1,6,3,4196,田 中 太一郎,11,41,7.04,3,0.19,,1-5-4,2870,11,1-5,460,2,1-4-5,1410,7,1-5,280,1,,,,,,,
20260716,大村,2,一般,曇り,南西,1,1,1,2,5063,大 塚 雅 治,41,13,7.03,2,0.10,1.51.4,2-3-1,4500,18,2-3,900,4,1-2-3,320,1,2-3,890,5,,,,,,,
20260716,大村,2,一般,曇り,南西,1,1,2,3,4067,永 井 源,81,70,6.97,3,0.17,1.52.4,2-3-1,4500,18,2-3,900,4,1-2-3,320,1,2-3,890,5,,,,,,,
20260716,大村,2,一般,曇り,南西,1,1,3,1,4626,伊 藤 紘 章,45,85,6.98,1,0.11,1.54.1,2-3-1,4500,18,2-3,900,4,1-2-3,320,1,2-3,890,5,,,,,,,
20260716,大村,2,一般,曇り,南西,1,1,4,4,5207,高 山 敬 悟,76,59,7.00,4,0.13,1.54.6,2-3-1,4500,18,2-3,900,4,1-2-3,320,1,2-3,890,5,,,,,,,
20260716,大村,2,一般,曇り,南西,1,1,5,5,5385,鈴 木 柊 介,20,46,7.03,5,0.12,,2-3-1,4500,18,2-3,900,4,1-2-3,320,1,2-3,890,5,,,,,,,
20260716,大村,2,一般,曇り,南西,1,1,6,6,4259,真 庭 明 志,61,34,7.00,6,0.18,,2-3-1,4500,18,2-3,900,4,1-2-3,320,1,2-3,890,5,,,,,,,
20260716,大村,3,一般,曇り,南西,1,1,1,1,4575,戸 塚 邦 好,74,37,6.93,1,0.16,1.50.6,1-4-6,4050,12,1-4,1360,6,1-4-6,1830,8,1-4,1150,5,,,,,,,
20260716,大村,3,一般,曇り,南西,1,1,2,4,5381,有 山 望,36,63,6.96,4,0.14,1.52.3,1-4-6,4050,12,1-4,1360,6,1-4-6,1830,8,1-4,1150,5,,,,,,,
20260716,大村,3,一般,曇り,南西,1,1,3,6,4495,森 晋太郎,63,77,6.95,6,0.17,1.54.7,1-4-6,4050,12,1-4,1360,6,1-4-6,1830,8,1-4,1150,5,,,,,,,
20260716,大村,3,一般,曇り,南西,1,1,4,5,4180,上 野 秀 和,78,78,6.98,5,0.19,1.55.8,1-4-6,4050,12,1-4,1360,6,1-4-6,1830,8,1-4,1150,5,,,,,,,
20260716,大村,3,一般,曇り,南西,1,1,5,2,3939,渡 辺 真 至,33,18,6.99,2,0.16,,1-4-6,4050,12,1-4,1360,6,1-4-6,1830,8,1-4,1150,5,,,,,,,
20260716,大村,3,一般,曇り,南西,1,1,6,3,3467,森 弘 行,52,45,6.99,3,0.19,,1-4-6,4050,12,1-4,1360,6,1-4-6,1830,8,1-4,1150,5,,,,,,,
20260716,大村,4,一般,曇り,南西,1,1,1,1,4786,佐 藤 博 亮,21,31,6.97,1,0.06,1.52.2,1-6-3,1530,5,1-6,230,1,1-3-6,940,4,1-6,330,1,,,,,,,
20260716,大村,4,一般,曇り,南西,1,1,2,6,3623,深 川 真 二,27,47,6.98,2,0.07,1.53.7,1-6-3,1530,5,1-6,230,1,1-3-6,940,4,1-6,330,1,,,,,,,
20260716,大村,4,一般,曇り,南西,1,1,3,3,3441,土 屋 太 朗,67,83,7.01,4,0.19,1.55.0,1-6-3,1530,5,1-6,230,1,1-3-6,940,4,1-6,330,1,,,,,,,
20260716,大村,4,一般,曇り,南西,1,1,4,5,5048,眞 鳥 康 太,23,54,6.90,6,0.18,1.56.4,1-6-3,1530,5,1-6,230,1,1-3-6,940,4,1-6,330,1,,,,,,,
20260716,大村,4,一般,曇り,南西,1,1,5,2,4179,広 次 修,66,33,7.00,3,0.18,,1-6-3,1530,5,1-6,230,1,1-3-6,940,4,1-6,330,1,,,,,,,
20260716,大村,4,一般,曇り,南西,1,1,6,4,5343,小 林 礼 央,50,68,7.00,5,0.16,,1-6-3,1530,5,1-6,230,1,1-3-6,940,4,1-6,330,1,,,,,,,
20260716,大村,5,一般,曇り,南,1,1,1,5,4797,中 山 将,43,49,6.98,5,0.13,1.52.2,5-1-2,3100,11,5-1,790,4,1-2-5,350,2,1-5,250,1,,,,,,,
20260716,大村,5,一般,曇り,南,1,1,2,1,3918,深 井 利 寿,79,12,7.02,1,0.18,1.54.4,5-1-2,3100,11,5-1,790,4,1-2-5,350,2,1-5,250,1,,,,,,,
20260716,大村,5,一般,曇り,南,1,1,3,2,5271,杉 山 太 陽,54,35,6.99,2,0.21,1.55.0,5-1-2,3100,11,5-1,790,4,1-2-5,350,2,1-5,250,1,,,,,,,
20260716,大村,5,一般,曇り,南,1,1,4,4,4866,橋 本 英 一,58,80,6.98,4,0.14,1.55.5,5-1-2,3100,11,5-1,790,4,1-2-5,350,2,1-5,250,1,,,,,,,
20260716,大村,5,一般,曇り,南,1,1,5,6,4945,上 村 宏 太,15,86,7.02,6,0.15,,5-1-2,3100,11,5-1,790,4,1-2-5,350,2,1-5,250,1,,,,,,,
20260716,大村,5,一般,曇り,南,1,1,6,3,3544,豊 田 訓 靖,35,72,7.03,3,0.23,,5-1-2,3100,11,5-1,790,4,1-2-5,350,2,1-5,250,1,,,,,,,
20260716,大村,6,一般,曇り,南西,1,1,1,1,4545,岡 村 慶 太,18,51,6.98,1,0.11,1.52.3,1-4-5,650,1,1-4,290,2,1-4-5,290,1,1-4,250,1,,,,,,,
20260716,大村,6,一般,曇り,南西,1,1,2,4,4466,南 佑 典,46,58,7.01,4,0.12,1.53.8,1-4-5,650,1,1-4,290,2,1-4-5,290,1,1-4,250,1,,,,,,,
20260716,大村,6,一般,曇り,南西,1,1,3,5,4644,山 田 亮 太,28,60,7.03,5,0.12,1.54.7,1-4-5,650,1,1-4,290,2,1-4-5,290,1,1-4,250,1,,,,,,,
20260716,大村,6,一般,曇り,南西,1,1,4,2,5033,藤 原 孝 斗,12,66,6.95,2,0.11,1.55.4,1-4-5,650,1,1-4,290,2,1-4-5,290,1,1-4,250,1,,,,,,,
20260716,大村,6,一般,曇り,南西,1,1,5,6,5426,甲 斐 貴 大,13,61,7.01,6,0.16,,1-4-5,650,1,1-4,290,2,1-4-5,290,1,1-4,250,1,,,,,,,
20260716,大村,6,一般,曇り,南西,1,1,6,3,3967,鈴 木 茂 高,29,79,7.06,3,0.13,,1-4-5,650,1,1-4,290,2,1-4-5,290,1,1-4,250,1,,,,,,,
20260716,大村,7,一般 進入固定,曇り,南,1,1,1,1,4962,畑 竜 生,25,55,6.98,1,0.08,1.52.2,1-3-2,590,2,1-3,280,2,1-2-3,230,1,1-3,250,2,,,,,,,
20260716,大村,7,一般 進入固定,曇り,南,1,1,2,3,3740,大 澤 普 司,32,56,7.10,3,0.12,1.53.3,1-3-2,590,2,1-3,280,2,1-2-3,230,1,1-3,250,2,,,,,,,
20260716,大村,7,一般 進入固定,曇り,南,1,1,3,2,5325,澁 川 夏,71,75,6.97,2,0.13,1.54.3,1-3-2,590,2,1-3,280,2,1-2-3,230,1,1-3,250,2,,,,,,,
20260716,大村,7,一般 進入固定,曇り,南,1,1,4,4,3211,北 川 敏 弘,56,52,7.01,4,0.06,1.55.4,1-3-2,590,2,1-3,280,2,1-2-3,230,1,1-3,250,2,,,,,,,
20260716,大村,7,一般 進入固定,曇り,南,1,1,5,6,5385,鈴 木 柊 介,20,46,7.00,6,0.07,,1-3-2,590,2,1-3,280,2,1-2-3,230,1,1-3,250,2,,,,,,,
20260716,大村,7,一般 進入固定,曇り,南,1,1,6,5,4215,吉 島 祥 之,70,44,7.02,5,0.13,,1-3-2,590,2,1-3,280,2,1-2-3,230,1,1-3,250,2,,,,,,,
20260716,大村,8,一般,曇り,東,1,1,1,1,4560,庄 司 樹良々,64,69,6.96,1,0.07,1.51.6,1-3-2,740,1,1-3,220,1,1-2-3,260,1,1-3,210,1,,,,,,,
20260716,大村,8,一般,曇り,東,1,1,2,3,4254,川 島 圭 司,55,15,6.99,3,0.11,1.53.0,1-3-2,740,1,1-3,220,1,1-2-3,260,1,1-3,210,1,,,,,,,
20260716,大村,8,一般,曇り,東,1,1,3,2,5207,高 山 敬 悟,76,59,6.93,2,0.14,1.54.1,1-3-2,740,1,1-3,220,1,1-2-3,260,1,1-3,210,1,,,,,,,
20260716,大村,8,一般,曇り,東,1,1,4,6,4440,萩 原 知 哉,30,11,6.98,6,0.12,1.54.4,1-3-2,740,1,1-3,220,1,1-2-3,260,1,1-3,210,1,,,,,,,
20260716,大村,8,一般,曇り,東,1,1,5,4,4872,山 下 流 心,77,38,7.03,4,0.15,,1-3-2,740,1,1-3,220,1,1-2-3,260,1,1-3,210,1,,,,,,,
20260716,大村,8,一般,曇り,東,1,1,6,5,3956,横 澤 剛 治,22,84,7.02,5,0.17,,1-3-2,740,1,1-3,220,1,1-2-3,260,1,1-3,210,1,,,,,,,
20260716,大村,9,準優勝戦,曇り,南東,1,1,1,1,3623,深 川 真 二,27,47,6.95,1,0.09,1.51.4,1-2-3,710,3,1-2,210,1,1-2-3,400,2,1-2,190,1,,,,,,,
20260716,大村,9,準優勝戦,曇り,南東,1,1,2,2,3918,深 井 利 寿,79,12,6.98,2,0.16,1.54.1,1-2-3,710,3,1-2,210,1,1-2-3,400,2,1-2,190,1,,,,,,,
20260716,大村,9,準優勝戦,曇り,南東,1,1,3,3,4180,上 野 秀 和,78,78,6.98,3,0.12,1.54.7,1-2-3,710,3,1-2,210,1,1-2-3,400,2,1-2,190,1,,,,,,,
20260716,大村,9,準優勝戦,曇り,南東,1,1,4,4,4067,永 井 源,81,70,6.92,4,0.15,1.55.4,1-2-3,710,3,1-2,210,1,1-2-3,400,2,1-2,190,1,,,,,,,
20260716,大村,9,準優勝戦,曇り,南東,1,1,5,5,3939,渡 辺 真 至,33,18,6.98,5,0.14,,1-2-3,710,3,1-2,210,1,1-2-3,400,2,1-2,190,1,,,,,,,
20260716,大村,9,準優勝戦,曇り,南東,1,1,6,6,4179,広 次 修,66,33,6.98,6,0.15,,1-2-3,710,3,1-2,210,1,1-2-3,400,2,1-2,190,1,,,,,,,
20260716,大村,10,準優勝戦,曇り,東,1,1,1,5,5311,小 林 京 平,26,67,6.91,5,0.08,1.51.9,5-6-1,43710,37,5-6,16950,14,1-5-6,2350,6,5-6,6210,8,,,,,,,
20260716,大村,10,準優勝戦,曇り,東,1,1,2,6,5343,小 林 礼 央,50,68,7.01,6,0.12,1.53.1,5-6-1,43710,37,5-6,16950,14,1-5-6,2350,6,5-6,6210,8,,,,,,,
20260716,大村,10,準優勝戦,曇り,東,1,1,3,1,4259,真 庭 明 志,61,34,6.93,1,0.10,1.54.2,5-6-1,43710,37,5-6,16950,14,1-5-6,2350,6,5-6,6210,8,,,,,,,
20260716,大村,10,準優勝戦,曇り,東,1,1,4,2,4545,岡 村 慶 太,18,51,7.02,2,0.12,1.55.6,5-6-1,43710,37,5-6,16950,14,1-5-6,2350,6,5-6,6210,8,,,,,,,
20260716,大村,10,準優勝戦,曇り,東,1,1,5,3,4575,戸 塚 邦 好,74,37,6.94,3,0.14,,5-6-1,43710,37,5-6,16950,14,1-5-6,2350,6,5-6,6210,8,,,,,,,
20260716,大村,10,準優勝戦,曇り,東,1,1,F,4,4797,中 山 将,43,49,6.98,4,F0.01,,5-6-1,43710,37,5-6,16950,14,1-5-6,2350,6,5-6,6210,8,,,,,,,
20260716,大村,11,準優勝戦,曇り,南西,1,1,1,1,4495,森 晋太郎,63,77,6.94,1,0.16,1.51.6,1-3-2,610,2,1-3,320,2,1-2-3,240,1,1-3,310,2,,,,,,,
20260716,大村,11,準優勝戦,曇り,南西,1,1,2,3,4644,山 田 亮 太,28,60,7.03,3,0.13,1.52.7,1-3-2,610,2,1-3,320,2,1-2-3,240,1,1-3,310,2,,,,,,,
20260716,大村,11,準優勝戦,曇り,南西,1,1,3,2,4786,佐 藤 博 亮,21,31,7.02,2,0.21,1.54.0,1-3-2,610,2,1-3,320,2,1-2-3,240,1,1-3,310,2,,,,,,,
20260716,大村,11,準優勝戦,曇り,南西,1,1,4,4,4626,伊 藤 紘 章,45,85,6.98,4,0.24,1.55.4,1-3-2,610,2,1-3,320,2,1-2-3,240,1,1-3,310,2,,,,,,,
20260716,大村,11,準優勝戦,曇り,南西,1,1,5,6,4004,山 本 浩 輔,51,39,7.00,6,0.25,,1-3-2,610,2,1-3,320,2,1-2-3,240,1,1-3,310,2,,,,,,,
20260716,大村,11,準優勝戦,曇り,南西,1,1,6,5,4962,畑 竜 生,25,55,6.99,5,0.28,,1-3-2,610,2,1-3,320,2,1-2-3,240,1,1-3,310,2,,,,,,,
20260716,大村,12,一般,曇り,東,1,1,1,3,4215,吉 島 祥 之,70,44,7.02,3,0.21,1.52.4,3-4-1,19190,42,3-4,7400,17,1-3-4,770,4,3-4,2360,8,,,,,,,
20260716,大村,12,一般,曇り,東,1,1,2,4,5048,眞 鳥 康 太,23,54,6.96,4,0.19,1.53.7,3-4-1,19190,42,3-4,7400,17,1-3-4,770,4,3-4,2360,8,,,,,,,
20260716,大村,12,一般,曇り,東,1,1,3,1,4466,南 佑 典,46,58,6.89,1,0.21,1.54.2,3-4-1,19190,42,3-4,7400,17,1-3-4,770,4,3-4,2360,8,,,,,,,
20260716,大村,12,一般,曇り,東,1,1,4,5,3740,大 澤 普 司,32,56,6.97,5,0.15,1.55.9,3-4-1,19190,42,3-4,7400,17,1-3-4,770,4,3-4,2360,8,,,,,,,
20260716,大村,12,一般,曇り,東,1,1,5,6,4560,庄 司 樹良々,64,69,6.96,6,0.22,,3-4-1,19190,42,3-4,7400,17,1-3-4,770,4,3-4,2360,8,,,,,,,
20260716,大村,12,一般,曇り,東,1,1,6,2,5381,有 山 望,36,63,6.95,2,0.33,,3-4-1,19190,42,3-4,7400,17,1-3-4,770,4,3-4,2360,8,,,,,,,
20260716,宮島,1,ファーストＢ,晴,東,4,4,1,5,3745,橋 本 年 光,53,59,6.83,5,0.17,1.52.5,5-2-3,34740,59,5-2,3230,10,2-3-5,2910,8,2-5,1590,5,,,,,,,
20260716,宮島,1,ファーストＢ,晴,東,4,4,2,2,4811,向井田 佑 紀,33,64,6.85,2,0.23,1.55.2,5-2-3,34740,59,5-2,3230,10,2-3-5,2910,8,2-5,1590,5,,,,,,,
20260716,宮島,1,ファーストＢ,晴,東,4,4,3,3,4853,前 原 哉,67,26,6.90,3,0.32,1.56.2,5-2-3,34740,59,5-2,3230,10,2-3-5,2910,8,2-5,1590,5,,,,,,,
20260716,宮島,1,ファーストＢ,晴,東,4,4,4,6,3934,鋤 柄 貴 俊,52,55,6.87,6,0.16,1.56.3,5-2-3,34740,59,5-2,3230,10,2-3-5,2910,8,2-5,1590,5,,,,,,,
20260716,宮島,1,ファーストＢ,晴,東,4,4,5,1,4140,梶 野 学 志,21,19,6.86,1,0.20,1.57.7,5-2-3,34740,59,5-2,3230,10,2-3-5,2910,8,2-5,1590,5,,,,,,,
20260716,宮島,1,ファーストＢ,晴,東,4,4,6,4,5300,横 田 海 人,31,14,6.85,4,0.19,1.59.0,5-2-3,34740,59,5-2,3230,10,2-3-5,2910,8,2-5,1590,5,,,,,,,
20260716,宮島,2,予選,晴,東,3,4,1,1,3054,北 川 幸 典,71,25,6.84,1,0.15,1.51.9,1-3-2,780,2,1-3,310,1,1-2-3,340,1,1-3,200,1,,,,,,,
20260716,宮島,2,予選,晴,東,3,4,2,3,4257,古 川 健,19,36,6.87,3,0.23,1.53.3,1-3-2,780,2,1-3,310,1,1-2-3,340,1,1-3,200,1,,,,,,,
20260716,宮島,2,予選,晴,東,3,4,3,2,3910,松 下 知 幸,77,65,6.85,2,0.13,1.55.6,1-3-2,780,2,1-3,310,1,1-2-3,340,1,1-3,200,1,,,,,,,
20260716,宮島,2,予選,晴,東,3,4,4,4,4666,日 笠 勝 弘,39,73,6.87,4,0.21,1.55.7,1-3-2,780,2,1-3,310,1,1-2-3,340,1,1-3,200,1,,,,,,,
20260716,宮島,2,予選,晴,東,3,4,5,5,5358,増 本 杏 珠,11,71,6.82,5,0.25,1.57.4,1-3-2,780,2,1-3,310,1,1-2-3,340,1,1-3,200,1,,,,,,,
20260716,宮島,2,予選,晴,東,3,4,6,6,4840,鈴 木 秀 茉,60,32,6.82,6,0.19,1.59.3,1-3-2,780,2,1-3,310,1,1-2-3,340,1,1-3,200,1,,,,,,,
20260716,宮島,3,予選,晴,東,3,3,1,2,4184,渡 邊 雄一郎,70,60,6.78,2,0.19,1.52.4,2-1-3,610,1,2-1,370,2,1-2-3,190,1,1-2,270,2,,,,,,,
20260716,宮島,3,予選,晴,東,3,3,2,1,3701,大 西 隆 洋,69,21,6.88,1,0.16,1.54.1,2-1-3,610,1,2-1,370,2,1-2-3,190,1,1-2,270,2,,,,,,,
20260716,宮島,3,予選,晴,東,3,3,3,3,4509,平 見 真 彦,36,15,6.75,3,0.23,1.55.8,2-1-3,610,1,2-1,370,2,1-2-3,190,1,1-2,270,2,,,,,,,
20260716,宮島,3,予選,晴,東,3,3,4,5,4527,高 野 心 吾,74,29,6.81,5,0.23,1.57.4,2-1-3,610,1,2-1,370,2,1-2-3,190,1,1-2,270,2,,,,,,,
20260716,宮島,3,予選,晴,東,3,3,5,4,5398,鐘ヶ江 真 司,23,68,6.82,4,0.23,1.57.8,2-1-3,610,1,2-1,370,2,1-2-3,190,1,1-2,270,2,,,,,,,
20260716,宮島,3,予選,晴,東,3,3,6,6,5446,長 嶺 真李愛,55,52,6.87,6,0.27,2.01.8,2-1-3,610,1,2-1,370,2,1-2-3,190,1,1-2,270,2,,,,,,,
20260716,宮島,4,予選,晴,東,2,2,1,2,4133,高 橋 正 男,58,69,6.83,3,0.19,1.51.0,2-4-5,12750,42,2-4,1400,8,2-4-5,4250,10,2-4,790,6,,,,,,,
20260716,宮島,4,予選,晴,東,2,2,2,4,3265,今 村 暢 孝,80,17,6.84,1,0.20,1.53.4,2-4-5,12750,42,2-4,1400,8,2-4-5,4250,10,2-4,790,6,,,,,,,
20260716,宮島,4,予選,晴,東,2,2,3,5,5405,竹 内 来,79,57,6.78,5,0.21,1.55.5,2-4-5,12750,42,2-4,1400,8,2-4-5,4250,10,2-4,790,6,,,,,,,
20260716,宮島,4,予選,晴,東,2,2,4,6,4252,松 下 哲 也,14,22,6.87,6,0.24,1.56.9,2-4-5,12750,42,2-4,1400,8,2-4-5,4250,10,2-4,790,6,,,,,,,
20260716,宮島,4,予選,晴,東,2,2,5,3,4387,平 山 智 加,57,53,6.83,4,0.24,1.58.0,2-4-5,12750,42,2-4,1400,8,2-4-5,4250,10,2-4,790,6,,,,,,,
20260716,宮島,4,予選,晴,東,2,2,6,1,3981,今 坂 晃 広,22,33,6.82,2,0.26,1.58.4,2-4-5,12750,42,2-4,1400,8,2-4-5,4250,10,2-4,790,6,,,,,,,
20260716,宮島,5,ランチ特賞,晴,東,3,3,1,3,4150,山 田 雄 太,56,81,6.76,3,0.15,1.51.4,3-5-1,1620,5,3-5,830,4,1-3-5,180,1,3-5,740,4,,,,,,,
20260716,宮島,5,ランチ特賞,晴,東,3,3,2,5,4772,石 丸 海 渡,35,50,6.82,5,0.17,1.53.6,3-5-1,1620,5,3-5,830,4,1-3-5,180,1,3-5,740,4,,,,,,,
20260716,宮島,5,ランチ特賞,晴,東,3,3,3,1,4015,前 野 竜 一,38,78,6.74,1,0.12,1.54.5,3-5-1,1620,5,3-5,830,4,1-3-5,180,1,3-5,740,4,,,,,,,
20260716,宮島,5,ランチ特賞,晴,東,3,3,4,6,5071,野見山 拓 己,27,75,6.79,6,0.20,1.56.2,3-5-1,1620,5,3-5,830,4,1-3-5,180,1,3-5,740,4,,,,,,,
20260716,宮島,5,ランチ特賞,晴,東,3,3,5,4,5317,長 尾 萌 加,24,38,6.77,4,0.22,1.56.5,3-5-1,1620,5,3-5,830,4,1-3-5,180,1,3-5,740,4,,,,,,,
20260716,宮島,5,ランチ特賞,晴,東,3,3,6,2,4068,幸 田 智 裕,62,61,6.81,2,0.14,1.57.4,3-5-1,1620,5,3-5,830,4,1-3-5,180,1,3-5,740,4,,,,,,,
20260716,宮島,6,予選,晴,南,2,2,1,4,4776,竹 田 和 哉,18,62,6.88,4,0.10,1.50.9,4-5-2,1780,3,4-5,730,3,2-4-5,390,2,4-5,270,1,,,,,,,
20260716,宮島,6,予選,晴,南,2,2,2,5,5348,小 林 甘 寧,61,16,6.83,5,0.16,1.52.2,4-5-2,1780,3,4-5,730,3,2-4-5,390,2,4-5,270,1,,,,,,,
20260716,宮島,6,予選,晴,南,2,2,3,2,4058,野 末 智 一,65,27,6.80,2,0.21,1.54.7,4-5-2,1780,3,4-5,730,3,2-4-5,390,2,4-5,270,1,,,,,,,
20260716,宮島,6,予選,晴,南,2,2,4,6,4006,小 野 勇 作,72,54,6.81,6,0.23,1.55.5,4-5-2,1780,3,4-5,730,3,2-4-5,390,2,4-5,270,1,,,,,,,
20260716,宮島,6,予選,晴,南,2,2,5,1,3730,塩 崎 優 司,68,20,6.88,1,0.14,1.57.8,4-5-2,1780,3,4-5,730,3,2-4-5,390,2,4-5,270,1,,,,,,,
20260716,宮島,6,予選,晴,南,2,2,6,3,5300,横 田 海 人,31,14,6.84,3,0.17,1.59.1,4-5-2,1780,3,4-5,730,3,2-4-5,390,2,4-5,270,1,,,,,,,
20260716,宮島,7,予選,晴,南,4,4,1,4,4826,井 上 一 輝,25,39,6.66,4,0.09,1.52.4,4-5-3,2530,11,4-5,600,3,3-4-5,1030,4,4-5,1140,5,,,,,,,
20260716,宮島,7,予選,晴,南,4,4,2,5,4293,鈴 木 智 啓,16,12,6.85,5,0.18,1.54.1,4-5-3,2530,11,4-5,600,3,3-4-5,1030,4,4-5,1140,5,,,,,,,
20260716,宮島,7,予選,晴,南,4,4,3,3,4811,向井田 佑 紀,33,64,6.75,3,0.20,1.55.2,4-5-3,2530,11,4-5,600,3,3-4-5,1030,4,4-5,1140,5,,,,,,,
20260716,宮島,7,予選,晴,南,4,4,4,6,5358,増 本 杏 珠,11,71,6.77,6,0.23,1.55.7,4-5-3,2530,11,4-5,600,3,3-4-5,1030,4,4-5,1140,5,,,,,,,
20260716,宮島,7,予選,晴,南,4,4,5,2,5144,中 尾 彩 香,82,23,6.75,2,0.21,1.57.6,4-5-3,2530,11,4-5,600,3,3-4-5,1030,4,4-5,1140,5,,,,,,,
20260716,宮島,7,予選,晴,南,4,4,6,1,4515,藤 田 浩 人,73,31,6.78,1,0.51,1.58.7,4-5-3,2530,11,4-5,600,3,3-4-5,1030,4,4-5,1140,5,,,,,,,
20260716,宮島,8,予選,晴,南,3,3,1,1,4527,高 野 心 吾,74,29,6.75,1,0.16,1.51.7,1-3-2,1380,4,1-3,540,1,1-2-3,360,2,1-3,500,3,,,,,,,
20260716,宮島,8,予選,晴,南,3,3,2,3,3745,橋 本 年 光,53,59,6.79,3,0.19,1.53.1,1-3-2,1380,4,1-3,540,1,1-2-3,360,2,1-3,500,3,,,,,,,
20260716,宮島,8,予選,晴,南,3,3,3,2,4748,渡 邉 雄 朗,15,67,6.78,2,0.20,1.55.6,1-3-2,1380,4,1-3,540,1,1-2-3,360,2,1-3,500,3,,,,,,,
20260716,宮島,8,予選,晴,南,3,3,4,5,4313,西 村 美智子,30,30,6.74,5,0.12,1.56.1,1-3-2,1380,4,1-3,540,1,1-2-3,360,2,1-3,500,3,,,,,,,
20260716,宮島,8,予選,晴,南,3,3,5,6,3910,松 下 知 幸,77,65,6.75,6,0.13,1.56.2,1-3-2,1380,4,1-3,540,1,1-2-3,360,2,1-3,500,3,,,,,,,
20260716,宮島,8,予選,晴,南,3,3,6,4,5389,恵 良 琴 美,59,28,6.74,4,0.19,2.00.0,1-3-2,1380,4,1-3,540,1,1-2-3,360,2,1-3,500,3,,,,,,,
20260716,宮島,9,予選,晴,南,3,3,1,1,4666,日 笠 勝 弘,39,73,6.81,1,0.20,1.52.2,1-2-3,2120,7,1-2,960,3,1-2-3,760,5,1-2,870,5,,,,,,,
20260716,宮島,9,予選,晴,南,3,3,2,2,4425,大 井 清 貴,13,34,6.83,2,0.15,1.53.1,1-2-3,2120,7,1-2,960,3,1-2-3,760,5,1-2,870,5,,,,,,,
20260716,宮島,9,予選,晴,南,3,3,3,3,3934,鋤 柄 貴 俊,52,55,6.80,3,0.19,1.54.2,1-2-3,2120,7,1-2,960,3,1-2-3,760,5,1-2,870,5,,,,,,,
20260716,宮島,9,予選,晴,南,3,3,4,6,4574,東 潤 樹,66,66,6.77,5,0.20,1.55.7,1-2-3,2120,7,1-2,960,3,1-2-3,760,5,1-2,870,5,,,,,,,
20260716,宮島,9,予選,晴,南,3,3,5,4,4387,平 山 智 加,57,53,6.79,4,0.19,1.57.1,1-2-3,2120,7,1-2,960,3,1-2-3,760,5,1-2,870,5,,,,,,,
20260716,宮島,9,予選,晴,南,3,3,6,5,5446,長 嶺 真李愛,55,52,6.77,6,0.26,2.02.0,1-2-3,2120,7,1-2,960,3,1-2-3,760,5,1-2,870,5,,,,,,,
20260716,宮島,10,特賞,晴,南西,3,3,1,3,4772,石 丸 海 渡,35,50,6.78,3,0.20,1.51.4,3-5-6,2110,7,3-5,430,2,3-5-6,1740,6,3-5,550,3,,,,,,,
20260716,宮島,10,特賞,晴,南西,3,3,2,5,3054,北 川 幸 典,71,25,6.75,4,0.18,1.52.1,3-5-6,2110,7,3-5,430,2,3-5-6,1740,6,3-5,550,3,,,,,,,
20260716,宮島,10,特賞,晴,南西,3,3,3,6,4853,前 原 哉,67,26,6.80,6,0.19,1.54.9,3-5-6,2110,7,3-5,430,2,3-5-6,1740,6,3-5,550,3,,,,,,,
20260716,宮島,10,特賞,晴,南西,3,3,4,1,3703,鳥 飼 眞,12,56,6.76,1,0.28,1.57.1,3-5-6,2110,7,3-5,430,2,3-5-6,1740,6,3-5,550,3,,,,,,,
20260716,宮島,10,特賞,晴,南西,3,3,5,2,5398,鐘ヶ江 真 司,23,68,6.81,2,0.24,1.57.7,3-5-6,2110,7,3-5,430,2,3-5-6,1740,6,3-5,550,3,,,,,,,
20260716,宮島,10,特賞,晴,南西,3,3,6,4,5405,竹 内 来,79,57,6.77,5,0.29,1.59.2,3-5-6,2110,7,3-5,430,2,3-5-6,1740,6,3-5,550,3,,,,,,,
20260716,宮島,11,特選,晴,南西,3,3,1,1,4776,竹 田 和 哉,18,62,6.81,1,0.05,1.50.7,1-2-4,3870,13,1-2,550,2,1-2-4,2370,7,1-2,470,2,,,,,,,
20260716,宮島,11,特選,晴,南西,3,3,2,2,3265,今 村 暢 孝,80,17,6.83,2,0.05,1.53.2,1-2-4,3870,13,1-2,550,2,1-2-4,2370,7,1-2,470,2,,,,,,,
20260716,宮島,11,特選,晴,南西,3,3,3,4,4840,鈴 木 秀 茉,60,32,6.79,4,0.10,1.54.2,1-2-4,3870,13,1-2,550,2,1-2-4,2370,7,1-2,470,2,,,,,,,
20260716,宮島,11,特選,晴,南西,3,3,4,6,4150,山 田 雄 太,56,81,6.76,6,0.11,1.55.1,1-2-4,3870,13,1-2,550,2,1-2-4,2370,7,1-2,470,2,,,,,,,
20260716,宮島,11,特選,晴,南西,3,3,5,3,4184,渡 邊 雄一郎,70,60,6.75,3,0.08,1.55.5,1-2-4,3870,13,1-2,550,2,1-2-4,2370,7,1-2,470,2,,,,,,,
20260716,宮島,11,特選,晴,南西,3,3,6,5,4140,梶 野 学 志,21,19,6.75,5,0.13,1.58.8,1-2-4,3870,13,1-2,550,2,1-2-4,2370,7,1-2,470,2,,,,,,,
20260716,宮島,12,モンタ特選,晴,南西,2,2,1,1,4826,井 上 一 輝,25,39,6.74,1,0.01,1.50.1,1-3-2,690,1,1-3,230,1,1-2-3,290,1,1-3,270,1,,,,,,,
20260716,宮島,12,モンタ特選,晴,南西,2,2,2,3,4133,高 橋 正 男,58,69,6.84,3,0.03,1.50.9,1-3-2,690,1,1-3,230,1,1-2-3,290,1,1-3,270,1,,,,,,,
20260716,宮島,12,モンタ特選,晴,南西,2,2,3,2,4015,前 野 竜 一,38,78,6.79,2,0.08,1.52.5,1-3-2,690,1,1-3,230,1,1-2-3,290,1,1-3,270,1,,,,,,,
20260716,宮島,12,モンタ特選,晴,南西,2,2,4,5,4748,渡 邉 雄 朗,15,67,6.77,5,0.11,1.56.1,1-3-2,690,1,1-3,230,1,1-2-3,290,1,1-3,270,1,,,,,,,
20260716,宮島,12,モンタ特選,晴,南西,2,2,5,4,4058,野 末 智 一,65,27,6.78,4,0.16,1.56.4,1-3-2,690,1,1-3,230,1,1-2-3,290,1,1-3,270,1,,,,,,,
20260716,宮島,12,モンタ特選,晴,南西,2,2,6,6,4509,平 見 真 彦,36,79,6.80,6,0.12,1.56.7,1-3-2,690,1,1-3,230,1,1-2-3,290,1,1-3,270,1,,,,,,,
20260716,尼崎,1,予選,晴,南西,4,0,1,1,4534,坂 咲友理,55,39,6.79,1,0.11,1.50.7,1-2-5,2990,11,1-2,1650,7,1-2-5,420,3,1-2,1120,4,,,,,,,
20260716,尼崎,1,予選,晴,南西,4,0,2,2,3932,池 田 浩 美,13,58,6.88,2,0.09,1.52.5,1-2-5,2990,11,1-2,1650,7,1-2-5,420,3,1-2,1120,4,,,,,,,
20260716,尼崎,1,予選,晴,南西,4,0,3,5,4804,高 田 ひかる,35,65,6.79,4,0.21,1.53.6,1-2-5,2990,11,1-2,1650,7,1-2-5,420,3,1-2,1120,4,,,,,,,
20260716,尼崎,1,予選,晴,南西,4,0,4,6,5264,登 みひ果,21,17,6.81,5,0.19,1.55.8,1-2-5,2990,11,1-2,1650,7,1-2-5,420,3,1-2,1120,4,,,,,,,
20260716,尼崎,1,予選,晴,南西,4,0,5,4,5440,薗 頭 心,14,70,6.80,6,0.07,1.56.4,1-2-5,2990,11,1-2,1650,7,1-2-5,420,3,1-2,1120,4,,,,,,,
20260716,尼崎,1,予選,晴,南西,4,0,6,3,5200,筒 井 美 琴,31,42,6.81,3,0.13,1.57.0,1-2-5,2990,11,1-2,1650,7,1-2-5,420,3,1-2,1120,4,,,,,,,
20260716,尼崎,2,予選,晴,南西,4,0,1,2,4123,細 川 裕 子,9,54,6.88,2,0.26,1.50.5,2-5-6,6670,21,2-5,1150,4,2-5-6,3090,8,2-5,550,3,,,,,,,
20260716,尼崎,2,予選,晴,南西,4,0,2,5,5265,大 廣 咲 季,51,62,6.84,4,0.19,1.53.0,2-5-6,6670,21,2-5,1150,4,2-5-6,3090,8,2-5,550,3,,,,,,,
20260716,尼崎,2,予選,晴,南西,4,0,3,6,3509,池 千 夏,59,32,6.91,5,0.29,1.55.4,2-5-6,6670,21,2-5,1150,4,2-5-6,3090,8,2-5,550,3,,,,,,,
20260716,尼崎,2,予選,晴,南西,4,0,4,1,5320,岩 崎 麗 子,37,11,6.84,1,0.33,1.55.9,2-5-6,6670,21,2-5,1150,4,2-5-6,3090,8,2-5,550,3,,,,,,,
20260716,尼崎,2,予選,晴,南西,4,0,5,4,5442,池 田 美 優,8,47,6.91,6,0.34,1.56.4,2-5-6,6670,21,2-5,1150,4,2-5-6,3090,8,2-5,550,3,,,,,,,
20260716,尼崎,2,予選,晴,南西,4,0,6,3,4071,古 賀 千 晶,60,33,6.87,3,0.30,2.08.8,2-5-6,6670,21,2-5,1150,4,2-5-6,3090,8,2-5,550,3,,,,,,,
20260716,尼崎,3,予選,晴,南西,7,5,1,3,4546,浜 田 亜理沙,40,45,6.86,3,0.14,1.51.2,3-4-2,3140,9,3-4,1120,5,2-3-4,600,2,3-4,1200,5,,,,,,,
20260716,尼崎,3,予選,晴,南西,7,5,2,4,4744,伊 藤 玲 奈,50,19,6.85,4,0.22,1.52.9,3-4-2,3140,9,3-4,1120,5,2-3-4,600,2,3-4,1200,5,,,,,,,
20260716,尼崎,3,予選,晴,南西,7,5,3,2,5326,三 嶌 さらら,56,51,6.81,2,0.21,1.55.0,3-4-2,3140,9,3-4,1120,5,2-3-4,600,2,3-4,1200,5,,,,,,,
20260716,尼崎,3,予選,晴,南西,7,5,4,1,5324,畑 田 希 咲,27,23,6.88,1,0.18,1.56.3,3-4-2,3140,9,3-4,1120,5,2-3-4,600,2,3-4,1200,5,,,,,,,
20260716,尼崎,3,予選,晴,南西,7,5,5,6,5340,樋江井 舞,28,48,6.89,6,0.21,1.57.3,3-4-2,3140,9,3-4,1120,5,2-3-4,600,2,3-4,1200,5,,,,,,,
20260716,尼崎,3,予選,晴,南西,7,5,6,5,4590,渡 邉 優 美,49,30,6.87,5,0.22,1.57.7,3-4-2,3140,9,3-4,1120,5,2-3-4,600,2,3-4,1200,5,,,,,,,
20260716,尼崎,4,予選,晴,南,5,3,1,2,4456,鎌 倉 涼,12,22,6.81,2,0.15,1.49.9,2-1-6,23070,48,2-1,400,1,1-2-6,10440,14,1-2,230,1,,,,,,,
20260716,尼崎,4,予選,晴,南,5,3,2,1,4414,大 澤 真 菜,63,38,6.85,1,0.19,1.52.3,2-1-6,23070,48,2-1,400,1,1-2-6,10440,14,1-2,230,1,,,,,,,
20260716,尼崎,4,予選,晴,南,5,3,3,6,5437,中 澤 里 桜,29,66,6.89,6,0.09,1.55.4,2-1-6,23070,48,2-1,400,1,1-2-6,10440,14,1-2,230,1,,,,,,,
20260716,尼崎,4,予選,晴,南,5,3,4,4,4408,仁 科 さやか,24,35,6.83,4,0.20,1.57.4,2-1-6,23070,48,2-1,400,1,1-2-6,10440,14,1-2,230,1,,,,,,,
20260716,尼崎,4,予選,晴,南,5,3,5,3,3778,安 達 美 帆,11,16,6.84,3,0.14,1.59.4,2-1-6,23070,48,2-1,400,1,1-2-6,10440,14,1-2,230,1,,,,,,,
20260716,尼崎,4,予選,晴,南,5,3,6,5,3611,岩 崎 芳 美,15,21,6.87,5,0.14,2.02.5,2-1-6,23070,48,2-1,400,1,1-2-6,10440,14,1-2,230,1,,,,,,,
20260716,尼崎,5,予選,晴,南西,6,4,1,1,4733,赤 井 睦,3,61,6.82,1,0.17,1.51.8,1-2-3,810,2,1-2,470,2,1-2-3,260,1,1-2,340,2,,,,,,,
20260716,尼崎,5,予選,晴,南西,6,4,2,2,3435,寺 田 千 恵,33,26,6.89,2,0.21,1.53.0,1-2-3,810,2,1-2,470,2,1-2-3,260,1,1-2,340,2,,,,,,,
20260716,尼崎,5,予選,晴,南西,6,4,3,3,4530,小 野 生 奈,38,24,6.81,3,0.13,1.54.2,1-2-3,810,2,1-2,470,2,1-2-3,260,1,1-2,340,2,,,,,,,
20260716,尼崎,5,予選,晴,南西,6,4,4,4,5078,山 川 波 乙,44,13,6.83,4,0.14,1.54.9,1-2-3,810,2,1-2,470,2,1-2-3,260,1,1-2,340,2,,,,,,,
20260716,尼崎,5,予選,晴,南西,6,4,5,5,4347,魚 谷 香 織,18,20,6.85,5,0.08,1.56.9,1-2-3,810,2,1-2,470,2,1-2-3,260,1,1-2,340,2,,,,,,,
20260716,尼崎,5,予選,晴,南西,6,4,6,6,5440,薗 頭 心,14,70,6.82,6,0.07,1.58.4,1-2-3,810,2,1-2,470,2,1-2-3,260,1,1-2,340,2,,,,,,,
20260716,尼崎,6,予選,晴,南西,4,0,1,3,4990,田 中 博 子,6,50,6.86,3,0.18,1.51.9,3-4-1,18350,39,3-4,9590,18,1-3-4,670,3,3-4,1920,7,,,,,,,
20260716,尼崎,6,予選,晴,南西,4,0,2,4,4208,三 浦 永 理,20,15,6.87,4,0.13,1.52.3,3-4-1,18350,39,3-4,9590,18,1-3-4,670,3,3-4,1920,7,,,,,,,
20260716,尼崎,6,予選,晴,南西,4,0,3,1,4419,原 加央理,1,52,6.80,1,0.25,1.54.4,3-4-1,18350,39,3-4,9590,18,1-3-4,670,3,3-4,1920,7,,,,,,,
20260716,尼崎,6,予選,晴,南西,4,0,4,6,4224,大 橋 栄里佳,48,73,6.82,5,0.21,1.54.9,3-4-1,18350,39,3-4,9590,18,1-3-4,670,3,3-4,1920,7,,,,,,,
20260716,尼崎,6,予選,晴,南西,4,0,5,2,4965,福 岡 泉 水,52,71,6.89,2,0.24,1.57.7,3-4-1,18350,39,3-4,9590,18,1-3-4,670,3,3-4,1920,7,,,,,,,
20260716,尼崎,6,予選,晴,南西,4,0,6,5,5442,池 田 美 優,8,47,6.91,6,0.29,1.58.9,3-4-1,18350,39,3-4,9590,18,1-3-4,670,3,3-4,1920,7,,,,,,,
20260716,尼崎,7,予選,晴,南西,3,0,1,5,5069,山 崎 小葉音,22,69,6.86,5,0.21,1.52.1,5-3-2,39860,66,5-3,16160,22,2-3-5,1090,4,3-5,4370,12,,,,,,,
20260716,尼崎,7,予選,晴,南西,3,0,2,3,4590,渡 邉 優 美,49,30,6.85,3,0.23,1.52.9,5-3-2,39860,66,5-3,16160,22,2-3-5,1090,4,3-5,4370,12,,,,,,,
20260716,尼崎,7,予選,晴,南西,3,0,3,2,4642,松 尾 夏 海,2,25,6.87,2,0.26,1.53.9,5-3-2,39860,66,5-3,16160,22,2-3-5,1090,4,3-5,4370,12,,,,,,,
20260716,尼崎,7,予選,晴,南西,3,0,4,1,5265,大 廣 咲 季,51,62,6.84,1,0.15,1.56.1,5-3-2,39860,66,5-3,16160,22,2-3-5,1090,4,3-5,4370,12,,,,,,,
20260716,尼崎,7,予選,晴,南西,3,0,5,6,5148,松 本 怜,42,53,6.86,6,0.33,1.56.5,5-3-2,39860,66,5-3,16160,22,2-3-5,1090,4,3-5,4370,12,,,,,,,
20260716,尼崎,7,予選,晴,南西,3,0,6,4,3932,池 田 浩 美,13,58,6.90,4,0.17,2.00.6,5-3-2,39860,66,5-3,16160,22,2-3-5,1090,4,3-5,4370,12,,,,,,,
20260716,尼崎,8,予選,晴,南西,8,6,1,1,4546,浜 田 亜理沙,40,45,6.77,1,0.18,1.50.9,1-2-3,600,2,1-2,210,1,1-2-3,340,2,1-2,230,1,,,,,,,
20260716,尼崎,8,予選,晴,南西,8,6,2,2,4117,廣 中 智紗衣,19,40,6.85,2,0.24,1.52.0,1-2-3,600,2,1-2,210,1,1-2-3,340,2,1-2,230,1,,,,,,,
20260716,尼崎,8,予選,晴,南西,8,6,3,3,4414,大 澤 真 菜,63,38,6.82,3,0.22,1.54.0,1-2-3,600,2,1-2,210,1,1-2-3,340,2,1-2,230,1,,,,,,,
20260716,尼崎,8,予選,晴,南西,8,6,4,4,5200,筒 井 美 琴,31,42,6.81,4,0.13,1.55.2,1-2-3,600,2,1-2,210,1,1-2-3,340,2,1-2,230,1,,,,,,,
20260716,尼崎,8,予選,晴,南西,8,6,5,6,4123,細 川 裕 子,9,54,6.85,6,0.15,1.55.2,1-2-3,600,2,1-2,210,1,1-2-3,340,2,1-2,230,1,,,,,,,
20260716,尼崎,8,予選,晴,南西,8,6,6,5,4275,菅 野 はやか,61,18,6.78,5,0.14,2.00.3,1-2-3,600,2,1-2,210,1,1-2-3,340,2,1-2,230,1,,,,,,,
20260716,尼崎,9,予選,晴,南西,3,0,1,3,4450,平 高 奈 菜,53,67,6.86,3,0.17,1.50.7,3-1-4,1020,4,3-1,590,3,1-3-4,130,1,1-3,140,1,,,,,,,
20260716,尼崎,9,予選,晴,南西,3,0,2,1,4530,小 野 生 奈,38,24,6.80,1,0.20,1.51.6,3-1-4,1020,4,3-1,590,3,1-3-4,130,1,1-3,140,1,,,,,,,
20260716,尼崎,9,予選,晴,南西,3,0,3,4,4243,西 村 歩,45,57,6.87,4,0.20,1.54.1,3-1-4,1020,4,3-1,590,3,1-3-4,130,1,1-3,140,1,,,,,,,
20260716,尼崎,9,予選,晴,南西,3,0,4,5,3778,安 達 美 帆,11,16,6.87,5,0.15,1.55.7,3-1-4,1020,4,3-1,590,3,1-3-4,130,1,1-3,140,1,,,,,,,
20260716,尼崎,9,予選,晴,南西,3,0,5,6,3604,武 藤 綾 子,39,63,6.86,6,0.29,1.56.9,3-1-4,1020,4,3-1,590,3,1-3-4,130,1,1-3,140,1,,,,,,,
20260716,尼崎,9,予選,晴,南西,3,0,6,2,5324,畑 田 希 咲,27,23,6.86,2,0.23,1.57.9,3-1-4,1020,4,3-1,590,3,1-3-4,130,1,1-3,140,1,,,,,,,
20260716,尼崎,10,予選特賞,晴,西,4,0,1,1,4456,鎌 倉 涼,12,22,6.81,1,0.18,1.49.9,1-2-3,620,1,1-2,260,1,1-2-3,380,1,1-2,220,1,,,,,,,
20260716,尼崎,10,予選特賞,晴,西,4,0,2,2,4419,原 加央理,1,52,6.84,2,0.15,1.52.4,1-2-3,620,1,1-2,260,1,1-2-3,380,1,1-2,220,1,,,,,,,
20260716,尼崎,10,予選特賞,晴,西,4,0,3,3,4744,伊 藤 玲 奈,50,19,6.86,3,0.17,1.52.6,1-2-3,620,1,1-2,260,1,1-2-3,380,1,1-2,220,1,,,,,,,
20260716,尼崎,10,予選特賞,晴,西,4,0,4,4,5250,嶋 田 有 里,46,68,6.89,4,0.14,1.53.6,1-2-3,620,1,1-2,260,1,1-2-3,380,1,1-2,220,1,,,,,,,
20260716,尼崎,10,予選特賞,晴,西,4,0,5,6,3435,寺 田 千 恵,33,26,6.87,6,0.24,1.55.7,1-2-3,620,1,1-2,260,1,1-2-3,380,1,1-2,220,1,,,,,,,
20260716,尼崎,10,予選特賞,晴,西,4,0,6,5,4534,坂 咲友理,55,39,6.85,5,0.19,1.57.2,1-2-3,620,1,1-2,260,1,1-2-3,380,1,1-2,220,1,,,,,,,
20260716,尼崎,11,予選特選,晴,南西,5,3,1,1,4804,高 田 ひかる,35,65,6.77,1,0.27,1.50.4,1-3-2,760,3,1-3,330,1,1-2-3,270,1,1-3,240,1,,,,,,,
20260716,尼崎,11,予選特選,晴,南西,5,3,2,3,4642,松 尾 夏 海,2,25,6.82,3,0.29,1.51.8,1-3-2,760,3,1-3,330,1,1-2-3,270,1,1-3,240,1,,,,,,,
20260716,尼崎,11,予選特選,晴,南西,5,3,3,2,3611,岩 崎 芳 美,15,21,6.83,2,0.28,1.53.7,1-3-2,760,3,1-3,330,1,1-2-3,270,1,1-3,240,1,,,,,,,
20260716,尼崎,11,予選特選,晴,南西,5,3,4,6,3845,中 谷 朋 子,4,34,6.83,4,0.26,1.56.1,1-3-2,760,3,1-3,330,1,1-2-3,270,1,1-3,240,1,,,,,,,
20260716,尼崎,11,予選特選,晴,南西,5,3,5,4,5320,岩 崎 麗 子,37,11,6.83,5,0.19,1.57.5,1-3-2,760,3,1-3,330,1,1-2-3,270,1,1-3,240,1,,,,,,,
20260716,尼崎,11,予選特選,晴,南西,5,3,6,5,5340,樋江井 舞,28,48,6.86,6,0.22,1.58.6,1-3-2,760,3,1-3,330,1,1-2-3,270,1,1-3,240,1,,,,,,,
20260716,尼崎,12,予選特選,晴,南西,2,0,1,2,4347,魚 谷 香 織,18,20,6.84,2,0.14,1.50.4,2-1-5,7270,21,2-1,1340,6,1-2-5,540,2,1-2,180,1,,,,,,,
20260716,尼崎,12,予選特選,晴,南西,2,0,2,1,4208,三 浦 永 理,20,15,6.84,1,0.23,1.52.1,2-1-5,7270,21,2-1,1340,6,1-2-5,540,2,1-2,180,1,,,,,,,
20260716,尼崎,12,予選特選,晴,南西,2,0,3,5,5241,門 田 栞,34,75,6.84,5,0.06,1.53.2,2-1-5,7270,21,2-1,1340,6,1-2-5,540,2,1-2,180,1,,,,,,,
20260716,尼崎,12,予選特選,晴,南西,2,0,4,4,4117,廣 中 智紗衣,19,40,6.89,4,0.10,1.54.6,2-1-5,7270,21,2-1,1340,6,1-2-5,540,2,1-2,180,1,,,,,,,
20260716,尼崎,12,予選特選,晴,南西,2,0,5,6,5326,三 嶌 さらら,56,51,6.81,6,0.04,1.55.0,2-1-5,7270,21,2-1,1340,6,1-2-5,540,2,1-2,180,1,,,,,,,
20260716,尼崎,12,予選特選,晴,南西,2,0,6,3,4408,仁 科 さやか,24,35,6.84,3,0.11,1.57.7,2-1-5,7270,21,2-1,1340,6,1-2-5,540,2,1-2,180,1,,,,,,,
20260716,常滑,1,朝トコ小判Ｒ,晴,南西,2,1,1,1,4463,三 苫 晃 幸,57,72,6.69,1,0.13,1.51.9,1-4-6,1270,5,1-4,450,2,1-4-6,610,4,1-4,230,1,,,,,,,
20260716,常滑,1,朝トコ小判Ｒ,晴,南西,2,1,2,4,4104,木 下 陽 介,42,26,6.77,4,0.13,1.53.1,1-4-6,1270,5,1-4,450,2,1-4-6,610,4,1-4,230,1,,,,,,,
20260716,常滑,1,朝トコ小判Ｒ,晴,南西,2,1,3,6,3896,上 田 洋 平,35,70,6.83,6,0.22,1.54.6,1-4-6,1270,5,1-4,450,2,1-4-6,610,4,1-4,230,1,,,,,,,
20260716,常滑,1,朝トコ小判Ｒ,晴,南西,2,1,4,5,4340,土 性 雅 也,32,77,6.86,5,0.27,1.55.5,1-4-6,1270,5,1-4,450,2,1-4-6,610,4,1-4,230,1,,,,,,,
20260716,常滑,1,朝トコ小判Ｒ,晴,南西,2,1,5,3,3630,黒 田 誠 司,47,76,6.86,3,0.21,,1-4-6,1270,5,1-4,450,2,1-4-6,610,4,1-4,230,1,,,,,,,
20260716,常滑,1,朝トコ小判Ｒ,晴,南西,2,1,6,2,3637,齋 藤 和 政,10,68,6.76,2,0.21,,1-4-6,1270,5,1-4,450,2,1-4-6,610,4,1-4,230,1,,,,,,,
20260716,常滑,2,予選,晴,南西,2,1,1,1,5245,倉 富 大 誠,60,53,6.76,1,0.13,1.51.4,1-3-2,1760,6,1-3,690,2,1-2-3,590,3,1-3,520,3,,,,,,,
20260716,常滑,2,予選,晴,南西,2,1,2,3,4549,小 林 文 彦,5,50,6.79,3,0.15,1.53.1,1-3-2,1760,6,1-3,690,2,1-2-3,590,3,1-3,520,3,,,,,,,
20260716,常滑,2,予選,晴,南西,2,1,3,2,4094,中 島 真 二,45,44,6.74,2,0.08,1.55.2,1-3-2,1760,6,1-3,690,2,1-2-3,590,3,1-3,520,3,,,,,,,
20260716,常滑,2,予選,晴,南西,2,1,4,6,5456,今 村 天次朗,55,42,6.79,6,0.05,1.55.9,1-3-2,1760,6,1-3,690,2,1-2-3,590,3,1-3,520,3,,,,,,,
20260716,常滑,2,予選,晴,南西,2,1,5,5,4472,尾 嶋 一 広,51,69,6.72,5,0.07,,1-3-2,1760,6,1-3,690,2,1-2-3,590,3,1-3,520,3,,,,,,,
20260716,常滑,2,予選,晴,南西,2,1,6,4,4665,加 藤 啓 太,7,58,6.73,4,0.09,,1-3-2,1760,6,1-3,690,2,1-2-3,590,3,1-3,520,3,,,,,,,
20260716,常滑,3,予選,晴,南西,2,1,1,1,4273,佐 藤 旭,3,23,6.77,1,0.18,1.50.3,1-3-6,920,2,1-3,180,1,1-3-6,400,2,1-3,140,1,,,,,,,
20260716,常滑,3,予選,晴,南西,2,1,2,3,4488,小 山 勉,29,52,6.74,3,0.10,1.52.1,1-3-6,920,2,1-3,180,1,1-3-6,400,2,1-3,140,1,,,,,,,
20260716,常滑,3,予選,晴,南西,2,1,3,6,3769,佐 竹 恒 彦,34,47,6.78,6,0.13,1.54.0,1-3-6,920,2,1-3,180,1,1-3-6,400,2,1-3,140,1,,,,,,,
20260716,常滑,3,予選,晴,南西,2,1,4,2,5386,米玉利 大 悟,40,71,6.81,2,0.13,1.55.4,1-3-6,920,2,1-3,180,1,1-3-6,400,2,1-3,140,1,,,,,,,
20260716,常滑,3,予選,晴,南西,2,1,5,5,4129,宇 野 博 之,28,25,6.79,5,0.08,,1-3-6,920,2,1-3,180,1,1-3-6,400,2,1-3,140,1,,,,,,,
20260716,常滑,3,予選,晴,南西,2,1,6,4,3315,広 瀬 聖 仁,13,51,6.82,4,0.09,,1-3-6,920,2,1-3,180,1,1-3-6,400,2,1-3,140,1,,,,,,,
20260716,常滑,4,予選,晴,南西,2,1,1,2,4877,鈴 谷 一 平,53,78,6.81,2,0.20,1.52.1,2-3-4,1360,4,2-3,990,5,2-3-4,340,3,2-3,490,3,,,,,,,
20260716,常滑,4,予選,晴,南西,2,1,2,3,4902,山 川 雄 大,41,24,6.73,3,0.19,1.53.5,2-3-4,1360,4,2-3,990,5,2-3-4,340,3,2-3,490,3,,,,,,,
20260716,常滑,4,予選,晴,南西,2,1,3,4,4298,宮 下 元 胤,38,17,6.76,4,0.24,1.54.3,2-3-4,1360,4,2-3,990,5,2-3-4,340,3,2-3,490,3,,,,,,,
20260716,常滑,4,予選,晴,南西,2,1,4,1,4116,川 田 正 人,50,15,6.81,1,0.33,1.55.9,2-3-4,1360,4,2-3,990,5,2-3-4,340,3,2-3,490,3,,,,,,,
20260716,常滑,4,予選,晴,南西,2,1,5,5,4943,八 木 治 樹,4,38,6.77,5,0.19,,2-3-4,1360,4,2-3,990,5,2-3-4,340,3,2-3,490,3,,,,,,,
20260716,常滑,4,予選,晴,南西,2,1,6,6,4181,花 本 夏 樹,25,12,6.83,6,0.32,,2-3-4,1360,4,2-3,990,5,2-3-4,340,3,2-3,490,3,,,,,,,
20260716,常滑,5,三Ａ傑戦,晴,南西,2,1,1,6,3349,吉 田 一 郎,31,21,6.79,2,0.14,1.51.3,6-1-4,4610,25,6-1,1720,10,1-4-6,670,4,1-6,600,2,,,,,,,
20260716,常滑,5,三Ａ傑戦,晴,南西,2,1,2,1,5292,佐 藤 右 京,30,29,6.76,1,0.17,1.52.0,6-1-4,4610,25,6-1,1720,10,1-4-6,670,4,1-6,600,2,,,,,,,
20260716,常滑,5,三Ａ傑戦,晴,南西,2,1,3,4,4463,三 苫 晃 幸,57,72,6.72,5,0.19,1.54.7,6-1-4,4610,25,6-1,1720,10,1-4-6,670,4,1-6,600,2,,,,,,,
20260716,常滑,5,三Ａ傑戦,晴,南西,2,1,4,5,5103,芝 田 京 介,16,40,6.82,6,0.36,1.55.8,6-1-4,4610,25,6-1,1720,10,1-4-6,670,4,1-6,600,2,,,,,,,
20260716,常滑,5,三Ａ傑戦,晴,南西,2,1,5,3,3722,西 村 秀 樹,20,18,6.81,4,0.17,,6-1-4,4610,25,6-1,1720,10,1-4-6,670,4,1-6,600,2,,,,,,,
20260716,常滑,5,三Ａ傑戦,晴,南西,2,1,6,2,3743,林 美 憲,37,66,6.81,3,0.18,,6-1-4,4610,25,6-1,1720,10,1-4-6,670,4,1-6,600,2,,,,,,,
20260716,常滑,6,昼トコ小判Ｒ,晴,西,1,1,1,4,3630,黒 田 誠 司,47,76,6.82,4,0.17,1.51.6,4-3-6,43080,70,4-3,8690,15,3-4-6,7710,13,3-4,3250,9,,,,,,,
20260716,常滑,6,昼トコ小判Ｒ,晴,西,1,1,2,3,3576,白 水 勝 也,58,22,6.85,2,0.24,1.53.3,4-3-6,43080,70,4-3,8690,15,3-4-6,7710,13,3-4,3250,9,,,,,,,
20260716,常滑,6,昼トコ小判Ｒ,晴,西,1,1,3,6,3911,鈴 木 猛,24,74,6.82,6,0.12,1.54.1,4-3-6,43080,70,4-3,8690,15,3-4-6,7710,13,3-4,3250,9,,,,,,,
20260716,常滑,6,昼トコ小判Ｒ,晴,西,1,1,4,1,4318,桑 原 将 光,54,75,6.77,1,0.26,1.55.9,4-3-6,43080,70,4-3,8690,15,3-4-6,7710,13,3-4,3250,9,,,,,,,
20260716,常滑,6,昼トコ小判Ｒ,晴,西,1,1,5,5,4824,松 井 洪 弥,43,45,6.84,5,0.14,,4-3-6,43080,70,4-3,8690,15,3-4-6,7710,13,3-4,3250,9,,,,,,,
20260716,常滑,6,昼トコ小判Ｒ,晴,西,1,1,6,2,5309,森 雄 利,52,46,6.80,3,0.31,,4-3-6,43080,70,4-3,8690,15,3-4-6,7710,13,3-4,3250,9,,,,,,,
20260716,常滑,7,予選,晴,南西,1,1,1,1,4022,待 鳥 雄 紀,17,73,6.82,1,0.09,1.51.6,1-3-6,1990,5,1-3,510,2,1-3-6,520,3,1-3,490,2,,,,,,,
20260716,常滑,7,予選,晴,南西,1,1,2,3,4104,木 下 陽 介,42,26,6.78,3,0.22,1.52.9,1-3-6,1990,5,1-3,510,2,1-3-6,520,3,1-3,490,2,,,,,,,
20260716,常滑,7,予選,晴,南西,1,1,3,6,4472,尾 嶋 一 広,51,69,6.74,6,0.19,1.54.4,1-3-6,1990,5,1-3,510,2,1-3-6,520,3,1-3,490,2,,,,,,,
20260716,常滑,7,予選,晴,南西,1,1,4,2,4434,田 中 辰 彦,22,30,6.85,2,0.21,1.55.3,1-3-6,1990,5,1-3,510,2,1-3-6,520,3,1-3,490,2,,,,,,,
20260716,常滑,7,予選,晴,南西,1,1,5,4,3602,奥 平 拓 也,15,36,6.91,4,0.19,,1-3-6,1990,5,1-3,510,2,1-3-6,520,3,1-3,490,2,,,,,,,
20260716,常滑,7,予選,晴,南西,1,1,6,5,5386,米玉利 大 悟,40,71,6.80,5,0.19,,1-3-6,1990,5,1-3,510,2,1-3-6,520,3,1-3,490,2,,,,,,,
20260716,常滑,8,予選,晴,西,2,1,1,1,3859,多羅尾 達 之,1,67,6.74,1,0.06,1.51.4,1-6-3,1670,4,1-6,1130,4,1-3-6,240,1,1-6,950,4,,,,,,,
20260716,常滑,8,予選,晴,西,2,1,2,6,4910,中 村 泰 平,39,60,6.74,6,0.08,1.51.5,1-6-3,1670,4,1-6,1130,4,1-3-6,240,1,1-6,950,4,,,,,,,
20260716,常滑,8,予選,晴,西,2,1,3,3,5050,木 下 雄 介,19,19,6.73,3,0.06,1.53.4,1-6-3,1670,4,1-6,1130,4,1-3-6,240,1,1-6,950,4,,,,,,,
20260716,常滑,8,予選,晴,西,2,1,4,2,3752,宇 土 泰 就,12,54,6.81,2,0.10,1.55.9,1-6-3,1670,4,1-6,1130,4,1-3-6,240,1,1-6,950,4,,,,,,,
20260716,常滑,8,予選,晴,西,2,1,5,4,4340,土 性 雅 也,32,77,6.85,4,0.18,,1-6-3,1670,4,1-6,1130,4,1-3-6,240,1,1-6,950,4,,,,,,,
20260716,常滑,8,予選,晴,西,2,1,6,5,3315,広 瀬 聖 仁,13,51,6.85,5,0.12,,1-6-3,1670,4,1-6,1130,4,1-3-6,240,1,1-6,950,4,,,,,,,
20260716,常滑,9,予選特賞,晴,南西,2,1,1,1,4943,八 木 治 樹,4,38,6.76,1,0.13,1.51.7,1-2-5,2480,7,1-2,810,2,1-2-5,920,4,1-2,210,1,,,,,,,
20260716,常滑,9,予選特賞,晴,南西,2,1,2,2,3349,吉 田 一 郎,31,21,6.74,2,0.13,1.52.0,1-2-5,2480,7,1-2,810,2,1-2-5,920,4,1-2,210,1,,,,,,,
20260716,常滑,9,予選特賞,晴,南西,2,1,3,5,3731,高 濱 芳 久,26,56,6.75,4,0.19,1.54.0,1-2-5,2480,7,1-2,810,2,1-2-5,920,4,1-2,210,1,,,,,,,
20260716,常滑,9,予選特賞,晴,南西,2,1,4,3,3637,齋 藤 和 政,10,68,6.78,3,0.17,1.54.9,1-2-5,2480,7,1-2,810,2,1-2-5,920,4,1-2,210,1,,,,,,,
20260716,常滑,9,予選特賞,晴,南西,2,1,5,6,4488,小 山 勉,29,52,6.79,6,0.19,,1-2-5,2480,7,1-2,810,2,1-2-5,920,4,1-2,210,1,,,,,,,
20260716,常滑,9,予選特賞,晴,南西,2,1,6,4,4094,中 島 真 二,45,44,6.75,5,0.21,,1-2-5,2480,7,1-2,810,2,1-2-5,920,4,1-2,210,1,,,,,,,
20260716,常滑,10,予選特賞,晴,南西,2,1,1,1,3158,島 川 光 男,59,55,6.77,1,0.21,1.51.3,1-2-6,3260,11,1-2,310,1,1-2-6,1770,6,1-2,170,1,,,,,,,
20260716,常滑,10,予選特賞,晴,南西,2,1,2,2,4273,佐 藤 旭,3,23,6.78,3,0.28,1.52.9,1-2-6,3260,11,1-2,310,1,1-2-6,1770,6,1-2,170,1,,,,,,,
20260716,常滑,10,予選特賞,晴,南西,2,1,3,6,4665,加 藤 啓 太,7,58,6.76,6,0.20,1.54.4,1-2-6,3260,11,1-2,310,1,1-2-6,1770,6,1-2,170,1,,,,,,,
20260716,常滑,10,予選特賞,晴,南西,2,1,4,4,4318,桑 原 将 光,54,75,6.75,4,0.26,1.55.4,1-2-6,3260,11,1-2,310,1,1-2-6,1770,6,1-2,170,1,,,,,,,
20260716,常滑,10,予選特賞,晴,南西,2,1,5,5,4877,鈴 谷 一 平,53,78,6.82,5,0.22,,1-2-6,3260,11,1-2,310,1,1-2-6,1770,6,1-2,170,1,,,,,,,
20260716,常滑,10,予選特賞,晴,南西,2,1,6,3,5103,芝 田 京 介,16,40,6.81,2,0.26,,1-2-6,3260,11,1-2,310,1,1-2-6,1770,6,1-2,170,1,,,,,,,
20260716,常滑,11,予選特選,晴,南西,2,1,1,1,3576,白 水 勝 也,58,22,6.77,1,0.18,1.51.5,1-6-2,5960,23,1-6,1360,6,1-2-6,1350,7,1-6,1170,5,,,,,,,
20260716,常滑,11,予選特選,晴,南西,2,1,2,6,4549,小 林 文 彦,5,50,6.77,6,0.29,1.53.2,1-6-2,5960,23,1-6,1360,6,1-2-6,1350,7,1-6,1170,5,,,,,,,
20260716,常滑,11,予選特選,晴,南西,2,1,3,2,4022,待 鳥 雄 紀,17,73,6.79,2,0.16,1.54.8,1-6-2,5960,23,1-6,1360,6,1-2-6,1350,7,1-6,1170,5,,,,,,,
20260716,常滑,11,予選特選,晴,南西,2,1,4,4,4902,山 川 雄 大,41,24,6.68,4,0.21,1.55.1,1-6-2,5960,23,1-6,1360,6,1-2-6,1350,7,1-6,1170,5,,,,,,,
20260716,常滑,11,予選特選,晴,南西,2,1,5,3,3769,佐 竹 恒 彦,34,47,6.77,3,0.27,,1-6-2,5960,23,1-6,1360,6,1-2-6,1350,7,1-6,1170,5,,,,,,,
20260716,常滑,11,予選特選,晴,南西,2,1,6,5,5292,佐 藤 右 京,30,29,6.82,5,0.28,,1-6-2,5960,23,1-6,1360,6,1-2-6,1350,7,1-6,1170,5,,,,,,,
20260716,常滑,12,予選特選,晴,西,2,1,1,4,4910,中 村 泰 平,39,60,6.71,4,0.10,1.51.3,4-5-2,2240,10,4-5,470,2,2-4-5,1340,5,4-5,400,2,,,,,,,
20260716,常滑,12,予選特選,晴,西,2,1,2,5,5245,倉 富 大 誠,60,53,6.76,5,0.19,1.53.1,4-5-2,2240,10,4-5,470,2,2-4-5,1340,5,4-5,400,2,,,,,,,
20260716,常滑,12,予選特選,晴,西,2,1,3,2,3896,上 田 洋 平,35,70,6.70,2,0.20,1.53.7,4-5-2,2240,10,4-5,470,2,2-4-5,1340,5,4-5,400,2,,,,,,,
20260716,常滑,12,予選特選,晴,西,2,1,4,1,3743,林 美 憲,37,66,6.78,1,0.12,1.55.5,4-5-2,2240,10,4-5,470,2,2-4-5,1340,5,4-5,400,2,,,,,,,
20260716,常滑,12,予選特選,晴,西,2,1,5,6,4824,松 井 洪 弥,43,45,6.81,6,0.19,,4-5-2,2240,10,4-5,470,2,2-4-5,1340,5,4-5,400,2,,,,,,,
20260716,常滑,12,予選特選,晴,西,2,1,6,3,3602,奥 平 拓 也,15,36,6.79,3,0.22,,4-5-2,2240,10,4-5,470,2,2-4-5,1340,5,4-5,400,2,,,,,,,
20260716,徳山,1,朝トク予選,晴,南,3,3,1,1,3747,國 崎 良 春,63,11,7.02,1,0.13,1.53.2,1-2-3,960,3,1-2,300,1,1-2-3,520,3,1-2,170,1,,,,,,,
20260716,徳山,1,朝トク予選,晴,南,3,3,2,2,5172,田 村 慶,50,72,6.97,2,0.25,1.53.9,1-2-3,960,3,1-2,300,1,1-2-3,520,3,1-2,170,1,,,,,,,
20260716,徳山,1,朝トク予選,晴,南,3,3,3,3,4041,小 林 基 樹,62,13,7.04,3,0.22,1.55.8,1-2-3,960,3,1-2,300,1,1-2-3,520,3,1-2,170,1,,,,,,,
20260716,徳山,1,朝トク予選,晴,南,3,3,4,4,4047,吉 永 浩 則,29,52,7.05,4,0.24,1.56.9,1-2-3,960,3,1-2,300,1,1-2-3,520,3,1-2,170,1,,,,,,,
20260716,徳山,1,朝トク予選,晴,南,3,3,5,5,4485,楠 原 正 剛,40,29,7.02,5,0.22,,1-2-3,960,3,1-2,300,1,1-2-3,520,3,1-2,170,1,,,,,,,
20260716,徳山,1,朝トク予選,晴,南,3,3,6,6,5453,久 保 翔 耶,52,63,7.01,6,0.26,,1-2-3,960,3,1-2,300,1,1-2-3,520,3,1-2,170,1,,,,,,,
20260716,徳山,2,狙いトク特選,晴,南,4,4,1,4,3233,小 畑 実 成,59,42,7.09,4,0.08,2.05.8,4-6-1,65870,90,4-6,12090,25,1-4-6,3420,11,4-6,8600,13,,,,,,,
20260716,徳山,2,狙いトク特選,晴,南,4,4,2,6,3352,小 川 晃 司,25,70,7.07,6,0.13,2.09.5,4-6-1,65870,90,4-6,12090,25,1-4-6,3420,11,4-6,8600,13,,,,,,,
20260716,徳山,2,狙いトク特選,晴,南,4,4,3,1,3439,大 平 誉史明,34,22,7.06,1,0.23,2.10.9,4-6-1,65870,90,4-6,12090,25,1-4-6,3420,11,4-6,8600,13,,,,,,,
20260716,徳山,2,狙いトク特選,晴,南,4,4,4,3,4486,野 村 誠,58,53,7.08,3,0.24,2.14.0,4-6-1,65870,90,4-6,12090,25,1-4-6,3420,11,4-6,8600,13,,,,,,,
20260716,徳山,2,狙いトク特選,晴,南,4,4,5,2,4010,越 智 照 浩,26,74,7.02,2,0.30,,4-6-1,65870,90,4-6,12090,25,1-4-6,3420,11,4-6,8600,13,,,,,,,
20260716,徳山,2,狙いトク特選,晴,南,4,4,S1,5,4890,石 川 諒,54,32,6.99,5,0.03,,4-6-1,65870,90,4-6,12090,25,1-4-6,3420,11,4-6,8600,13,,,,,,,
20260716,徳山,3,決めトク特賞,晴,南,4,4,1,4,4427,秦 英 悟,27,50,7.03,4,0.10,1.53.1,4-1-3,1220,4,4-1,690,3,1-3-4,210,1,1-4,200,1,,,,,,,
20260716,徳山,3,決めトク特賞,晴,南,4,4,2,1,3385,渡 邉 睦 広,60,17,7.04,1,0.12,1.54.9,4-1-3,1220,4,4-1,690,3,1-3-4,210,1,1-4,200,1,,,,,,,
20260716,徳山,3,決めトク特賞,晴,南,4,4,3,3,3841,佐々木 和 伸,56,58,7.02,3,0.11,1.56.8,4-1-3,1220,4,4-1,690,3,1-3-4,210,1,1-4,200,1,,,,,,,
20260716,徳山,3,決めトク特賞,晴,南,4,4,4,5,5407,中 岡 駿,38,68,6.99,5,0.09,1.58.6,4-1-3,1220,4,4-1,690,3,1-3-4,210,1,1-4,200,1,,,,,,,
20260716,徳山,3,決めトク特賞,晴,南,4,4,5,6,4139,丹 下 健,37,57,7.02,6,0.15,,4-1-3,1220,4,4-1,690,3,1-3-4,210,1,1-4,200,1,,,,,,,
20260716,徳山,3,決めトク特賞,晴,南,4,4,6,2,5328,井 上 慧 人,20,12,7.04,2,0.15,,4-1-3,1220,4,4-1,690,3,1-3-4,210,1,1-4,200,1,,,,,,,
20260716,徳山,4,ガチトク予選,晴,南西,4,4,1,3,3742,宮 地 秀 祈,39,39,7.06,3,0.12,1.53.8,3-1-5,11820,25,3-1,3000,7,1-3-5,1800,7,1-3,420,2,,,,,,,
20260716,徳山,4,ガチトク予選,晴,南西,4,4,2,1,4278,藤 岡 俊 介,48,31,7.01,1,0.11,1.55.5,3-1-5,11820,25,3-1,3000,7,1-3-5,1800,7,1-3,420,2,,,,,,,
20260716,徳山,4,ガチトク予選,晴,南西,4,4,3,5,3973,崎 利 仁,19,48,7.02,5,0.22,1.56.6,3-1-5,11820,25,3-1,3000,7,1-3-5,1800,7,1-3,420,2,,,,,,,
20260716,徳山,4,ガチトク予選,晴,南西,4,4,4,6,4423,坂 口 貴 彦,55,21,7.07,6,0.15,1.57.3,3-1-5,11820,25,3-1,3000,7,1-3-5,1800,7,1-3,420,2,,,,,,,
20260716,徳山,4,ガチトク予選,晴,南西,4,4,5,2,4066,東 本 勝 利,30,51,7.02,2,0.17,,3-1-5,11820,25,3-1,3000,7,1-3-5,1800,7,1-3,420,2,,,,,,,
20260716,徳山,4,ガチトク予選,晴,南西,4,4,6,4,5364,金 子 怜 央,43,45,7.01,4,0.12,,3-1-5,11820,25,3-1,3000,7,1-3-5,1800,7,1-3,420,2,,,,,,,
20260716,徳山,5,予選,晴,南,5,5,1,1,4144,石 塚 久 也,47,28,7.02,1,0.16,1.53.6,1-2-4,2140,8,1-2,370,2,1-2-4,1070,6,1-2,380,2,,,,,,,
20260716,徳山,5,予選,晴,南,5,5,2,2,4274,長 畑 友 輔,35,43,7.14,2,0.17,1.54.9,1-2-4,2140,8,1-2,370,2,1-2-4,1070,6,1-2,380,2,,,,,,,
20260716,徳山,5,予選,晴,南,5,5,3,4,3928,林 恵 祐,53,14,7.08,4,0.15,1.56.3,1-2-4,2140,8,1-2,370,2,1-2-4,1070,6,1-2,380,2,,,,,,,
20260716,徳山,5,予選,晴,南,5,5,4,5,4287,今 井 貴 士,51,23,7.11,5,0.15,1.56.8,1-2-4,2140,8,1-2,370,2,1-2-4,1070,6,1-2,380,2,,,,,,,
20260716,徳山,5,予選,晴,南,5,5,5,3,5023,久 永 祥 平,21,47,7.10,3,0.12,,1-2-4,2140,8,1-2,370,2,1-2-4,1070,6,1-2,380,2,,,,,,,
20260716,徳山,5,予選,晴,南,5,5,6,6,5463,出 口 飛 龍,28,25,7.12,6,0.22,,1-2-4,2140,8,1-2,370,2,1-2-4,1070,6,1-2,380,2,,,,,,,
20260716,徳山,6,予選,晴,北東,5,5,1,1,3350,藤 本 佳 史,45,60,7.07,1,0.14,1.53.0,1-3-2,3850,13,1-3,1550,7,1-2-3,560,2,1-3,1140,5,,,,,,,
20260716,徳山,6,予選,晴,北東,5,5,2,3,4010,越 智 照 浩,26,74,7.02,3,0.12,1.54.1,1-3-2,3850,13,1-3,1550,7,1-2-3,560,2,1-3,1140,5,,,,,,,
20260716,徳山,6,予選,晴,北東,5,5,3,2,4754,松 尾 充,42,62,7.08,2,0.13,1.55.5,1-3-2,3850,13,1-3,1550,7,1-2-3,560,2,1-3,1140,5,,,,,,,
20260716,徳山,6,予選,晴,北東,5,5,4,4,5434,藤 田 康 生,61,55,7.03,5,0.24,1.56.6,1-3-2,3850,13,1-3,1550,7,1-2-3,560,2,1-3,1140,5,,,,,,,
20260716,徳山,6,予選,晴,北東,5,5,5,6,4446,和 田 兼 輔,22,26,6.98,4,0.11,,1-3-2,3850,13,1-3,1550,7,1-2-3,560,2,1-3,1140,5,,,,,,,
20260716,徳山,6,予選,晴,北東,5,5,6,5,4047,吉 永 浩 則,29,52,7.07,6,0.23,,1-3-2,3850,13,1-3,1550,7,1-2-3,560,2,1-3,1140,5,,,,,,,
20260716,徳山,7,予選,晴,南,4,4,1,2,4852,川 原 祐 明,23,61,7.05,2,0.11,1.53.3,2-1-6,1170,4,2-1,340,1,1-2-6,310,1,1-2,180,1,,,,,,,
20260716,徳山,7,予選,晴,南,4,4,2,1,3904,森 貴 洋,49,36,7.01,1,0.15,1.54.2,2-1-6,1170,4,2-1,340,1,1-2-6,310,1,1-2,180,1,,,,,,,
20260716,徳山,7,予選,晴,南,4,4,3,6,3489,大 場 敏,46,33,7.09,4,0.17,1.56.0,2-1-6,1170,4,2-1,340,1,1-2-6,310,1,1-2,180,1,,,,,,,
20260716,徳山,7,予選,晴,南,4,4,4,5,3352,小 川 晃 司,25,70,7.09,6,0.16,1.57.0,2-1-6,1170,4,2-1,340,1,1-2-6,310,1,1-2,180,1,,,,,,,
20260716,徳山,7,予選,晴,南,4,4,5,3,4303,牧 原 崇,41,40,7.04,3,0.14,,2-1-6,1170,4,2-1,340,1,1-2-6,310,1,1-2,180,1,,,,,,,
20260716,徳山,7,予選,晴,南,4,4,6,4,5328,井 上 慧 人,20,12,7.04,5,0.22,,2-1-6,1170,4,2-1,340,1,1-2-6,310,1,1-2,180,1,,,,,,,
20260716,徳山,8,予選,晴,南西,3,3,1,1,4693,松 下 誉 士,36,16,6.91,1,0.19,1.53.4,1-4-3,2750,9,1-4,730,2,1-3-4,670,5,1-4,1130,4,,,,,,,
20260716,徳山,8,予選,晴,南西,3,3,2,4,4066,東 本 勝 利,30,51,6.98,5,0.14,1.54.7,1-4-3,2750,9,1-4,730,2,1-3-4,670,5,1-4,1130,4,,,,,,,
20260716,徳山,8,予選,晴,南西,3,3,3,3,3838,伊 藤 啓 三,57,54,6.97,3,0.12,1.55.3,1-4-3,2750,9,1-4,730,2,1-3-4,670,5,1-4,1130,4,,,,,,,
20260716,徳山,8,予選,晴,南西,3,3,4,2,3233,小 畑 実 成,59,42,7.01,2,0.18,1.57.4,1-4-3,2750,9,1-4,730,2,1-3-4,670,5,1-4,1130,4,,,,,,,
20260716,徳山,8,予選,晴,南西,3,3,5,6,3966,作 間 章,44,71,7.00,4,0.19,,1-4-3,2750,9,1-4,730,2,1-3-4,670,5,1-4,1130,4,,,,,,,
20260716,徳山,8,予選,晴,南西,3,3,6,5,5393,藤 原 駿,24,35,7.02,6,0.15,,1-4-3,2750,9,1-4,730,2,1-3-4,670,5,1-4,1130,4,,,,,,,
20260716,徳山,9,推しトク特賞,晴,東,3,3,1,1,3742,宮 地 秀 祈,39,39,6.99,1,0.13,1.53.0,1-6-2,1540,4,1-6,850,3,1-2-6,280,1,1-6,660,3,,,,,,,
20260716,徳山,9,推しトク特賞,晴,東,3,3,2,6,4019,笠 原 亮,32,37,7.07,5,0.18,1.54.2,1-6-2,1540,4,1-6,850,3,1-2-6,280,1,1-6,660,3,,,,,,,
20260716,徳山,9,推しトク特賞,晴,東,3,3,3,2,3385,渡 邉 睦 広,60,17,7.07,2,0.12,1.55.1,1-6-2,1540,4,1-6,850,3,1-2-6,280,1,1-6,660,3,,,,,,,
20260716,徳山,9,推しトク特賞,晴,東,3,3,4,4,4486,野 村 誠,58,53,7.00,3,0.15,1.56.4,1-6-2,1540,4,1-6,850,3,1-2-6,280,1,1-6,660,3,,,,,,,
20260716,徳山,9,推しトク特賞,晴,東,3,3,5,5,5453,久 保 翔 耶,52,63,6.99,6,0.14,,1-6-2,1540,4,1-6,850,3,1-2-6,280,1,1-6,660,3,,,,,,,
20260716,徳山,9,推しトク特賞,晴,東,3,3,6,3,3928,林 恵 祐,53,14,7.04,4,0.18,,1-6-2,1540,4,1-6,850,3,1-2-6,280,1,1-6,660,3,,,,,,,
20260716,徳山,10,予選,晴,南西,4,4,1,1,4485,楠 原 正 剛,40,29,6.97,1,0.11,1.52.9,1-3-2,960,2,1-3,380,1,1-2-3,310,1,1-3,220,1,,,,,,,
20260716,徳山,10,予選,晴,南西,4,4,2,3,4446,和 田 兼 輔,22,26,6.98,3,0.09,1.55.3,1-3-2,960,2,1-3,380,1,1-2-3,310,1,1-3,220,1,,,,,,,
20260716,徳山,10,予選,晴,南西,4,4,3,2,4139,丹 下 健,37,57,6.98,2,0.12,1.56.7,1-3-2,960,2,1-3,380,1,1-2-3,310,1,1-3,220,1,,,,,,,
20260716,徳山,10,予選,晴,南西,4,4,4,6,4890,石 川 諒,54,32,6.97,6,0.27,1.57.2,1-3-2,960,2,1-3,380,1,1-2-3,310,1,1-3,220,1,,,,,,,
20260716,徳山,10,予選,晴,南西,4,4,5,4,4274,長 畑 友 輔,35,43,7.00,4,0.17,,1-3-2,960,2,1-3,380,1,1-2-3,310,1,1-3,220,1,,,,,,,
20260716,徳山,10,予選,晴,南西,4,4,6,5,5364,金 子 怜 央,43,41,6.93,5,0.19,,1-3-2,960,2,1-3,380,1,1-2-3,310,1,1-3,220,1,,,,,,,
20260716,徳山,11,予選,晴,南西,4,4,1,2,3747,國 崎 良 春,63,11,7.00,2,0.16,1.52.9,2-1-3,6410,19,2-1,860,4,1-2-3,530,2,1-2,240,1,,,,,,,
20260716,徳山,11,予選,晴,南西,4,4,2,1,4281,大 澤 大 夢,33,34,6.95,1,0.25,1.54.1,2-1-3,6410,19,2-1,860,4,1-2-3,530,2,1-2,240,1,,,,,,,
20260716,徳山,11,予選,晴,南西,4,4,3,3,4113,木 村 浩 士,31,64,7.11,3,0.21,1.55.0,2-1-3,6410,19,2-1,860,4,1-2-3,530,2,1-2,240,1,,,,,,,
20260716,徳山,11,予選,晴,南西,4,4,4,5,5434,藤 田 康 生,61,55,6.98,5,0.14,1.55.6,2-1-3,6410,19,2-1,860,4,1-2-3,530,2,1-2,240,1,,,,,,,
20260716,徳山,11,予選,晴,南西,4,4,5,6,3841,佐々木 和 伸,56,58,7.01,6,0.16,,2-1-3,6410,19,2-1,860,4,1-2-3,530,2,1-2,240,1,,,,,,,
20260716,徳山,11,予選,晴,南西,4,4,6,4,3439,大 平 誉史明,34,22,7.02,4,0.13,,2-1-3,6410,19,2-1,860,4,1-2-3,530,2,1-2,240,1,,,,,,,
20260716,徳山,12,ドリーム戦,晴,南西,5,5,1,2,3489,大 場 敏,46,33,7.00,2,0.13,1.52.5,2-1-6,33020,44,2-1,4150,8,1-2-6,2240,8,1-2,260,1,,,,,,,
20260716,徳山,12,ドリーム戦,晴,南西,5,5,2,1,4427,秦 英 悟,27,50,6.99,1,0.13,1.53.1,2-1-6,33020,44,2-1,4150,8,1-2-6,2240,8,1-2,260,1,,,,,,,
20260716,徳山,12,ドリーム戦,晴,南西,5,5,3,6,4754,松 尾 充,42,62,7.03,6,0.22,1.55.4,2-1-6,33020,44,2-1,4150,8,1-2-6,2240,8,1-2,260,1,,,,,,,
20260716,徳山,12,ドリーム戦,晴,南西,5,5,4,3,3966,作 間 章,44,71,7.04,3,0.21,1.56.7,2-1-6,33020,44,2-1,4150,8,1-2-6,2240,8,1-2,260,1,,,,,,,
20260716,徳山,12,ドリーム戦,晴,南西,5,5,5,5,4144,石 塚 久 也,47,28,7.03,5,0.16,,2-1-6,33020,44,2-1,4150,8,1-2-6,2240,8,1-2,260,1,,,,,,,
20260716,徳山,12,ドリーム戦,晴,南西,5,5,6,4,4278,藤 岡 俊 介,48,31,7.04,4,0.15,,2-1-6,33020,44,2-1,4150,8,1-2-6,2240,8,1-2,260,1,,,,,,,
20260716,桐生,1,予選,曇り,北,4,3,1,5,4124,池 田 雄 一,28,61,6.61,5,0.18,1.51.8,5-2-3,3460,7,5-2,970,3,2-3-5,600,2,2-5,440,1,,,,,,,
20260716,桐生,1,予選,曇り,北,4,3,2,2,5377,鳥居塚 嶺 王,17,67,6.61,2,0.15,1.53.2,5-2-3,3460,7,5-2,970,3,2-3-5,600,2,2-5,440,1,,,,,,,
20260716,桐生,1,予選,曇り,北,4,3,3,3,4035,杉 江 浩 明,30,38,6.65,3,0.27,1.54.8,5-2-3,3460,7,5-2,970,3,2-3-5,600,2,2-5,440,1,,,,,,,
20260716,桐生,1,予選,曇り,北,4,3,4,6,4876,梅 木 敬 太,59,33,6.83,6,0.17,1.56.8,5-2-3,3460,7,5-2,970,3,2-3-5,600,2,2-5,440,1,,,,,,,
20260716,桐生,1,予選,曇り,北,4,3,5,1,3591,後 藤 孝 義,71,29,6.80,1,0.09,1.59.5,5-2-3,3460,7,5-2,970,3,2-3-5,600,2,2-5,440,1,,,,,,,
20260716,桐生,1,予選,曇り,北,4,3,S1,4,5211,高 井 駿 弥,75,19,6.79,4,0.11,,5-2-3,3460,7,5-2,970,3,2-3-5,600,2,2-5,440,1,,,,,,,
20260716,桐生,2,予選,雨,北西,5,4,1,3,3811,石 田 章 央,57,39,6.98,4,0.19,1.52.6,3-5-6,2410,3,3-5,800,2,3-5-6,950,4,3-5,430,2,,,,,,,
20260716,桐生,2,予選,雨,北西,5,4,2,5,4706,三 浦 洋次朗,43,68,6.90,5,0.22,1.54.8,3-5-6,2410,3,3-5,800,2,3-5-6,950,4,3-5,430,2,,,,,,,
20260716,桐生,2,予選,雨,北西,5,4,3,6,4874,池 田 奈津美,12,49,6.99,2,0.20,1.56.4,3-5-6,2410,3,3-5,800,2,3-5-6,950,4,3-5,430,2,,,,,,,
20260716,桐生,2,予選,雨,北西,5,4,4,4,5432,安 藤 瑠 希,20,13,6.80,6,0.23,1.56.7,3-5-6,2410,3,3-5,800,2,3-5-6,950,4,3-5,430,2,,,,,,,
20260716,桐生,2,予選,雨,北西,5,4,5,1,5288,尾 道 佳 諭,41,28,6.81,1,0.15,1.57.4,3-5-6,2410,3,3-5,800,2,3-5-6,950,4,3-5,430,2,,,,,,,
20260716,桐生,2,予選,雨,北西,5,4,6,2,5285,若 林 麗,36,58,6.80,3,0.29,1.58.8,3-5-6,2410,3,3-5,800,2,3-5-6,950,4,3-5,430,2,,,,,,,
20260716,桐生,3,予選,雨,南東,2,1,1,2,4888,金 児 隆 太,48,43,6.97,2,0.21,1.52.9,2-4-6,8080,35,2-4,3600,14,2-4-6,2130,9,2-4,2940,11,,,,,,,
20260716,桐生,3,予選,雨,南東,2,1,2,4,4487,三 原 司,74,47,7.01,4,0.15,1.53.4,2-4-6,8080,35,2-4,3600,14,2-4-6,2130,9,2-4,2940,11,,,,,,,
20260716,桐生,3,予選,雨,南東,2,1,3,6,3813,佐 藤 大 介,34,60,6.92,6,0.20,1.55.0,2-4-6,8080,35,2-4,3600,14,2-4-6,2130,9,2-4,2940,11,,,,,,,
20260716,桐生,3,予選,雨,南東,2,1,4,5,4023,柴 田 友 和,49,24,6.97,5,0.17,1.56.8,2-4-6,8080,35,2-4,3600,14,2-4-6,2130,9,2-4,2940,11,,,,,,,
20260716,桐生,3,予選,雨,南東,2,1,5,3,3505,山 田 竜 一,70,48,6.98,3,0.19,1.56.9,2-4-6,8080,35,2-4,3600,14,2-4-6,2130,9,2-4,2940,11,,,,,,,
20260716,桐生,3,予選,雨,南東,2,1,6,1,5156,坂 野 さくら,33,63,6.83,1,0.25,1.58.5,2-4-6,8080,35,2-4,3600,14,2-4-6,2130,9,2-4,2940,11,,,,,,,
20260716,桐生,4,予選,雨,北西,3,2,1,3,4108,吉 村 正 明,27,56,7.09,3,0.10,1.52.2,3-2-4,3910,17,3-2,1060,6,2-3-4,1120,5,2-3,330,1,,,,,,,
20260716,桐生,4,予選,雨,北西,3,2,2,2,4225,土 屋 千 明,24,27,7.01,2,0.19,1.53.7,3-2-4,3910,17,3-2,1060,6,2-3-4,1120,5,2-3,330,1,,,,,,,
20260716,桐生,4,予選,雨,北西,3,2,3,4,3776,横 井 健 太,35,59,6.86,4,0.09,1.53.8,3-2-4,3910,17,3-2,1060,6,2-3-4,1120,5,2-3,330,1,,,,,,,
20260716,桐生,4,予選,雨,北西,3,2,4,5,4791,黒 澤 めぐみ,40,72,6.92,5,0.07,1.55.0,3-2-4,3910,17,3-2,1060,6,2-3-4,1120,5,2-3,330,1,,,,,,,
20260716,桐生,4,予選,雨,北西,3,2,5,1,3303,渡 辺 豊,37,20,6.94,1,0.17,1.56.9,3-2-4,3910,17,3-2,1060,6,2-3-4,1120,5,2-3,330,1,,,,,,,
20260716,桐生,4,予選,雨,北西,3,2,6,6,4778,堤 啓 輔,72,44,6.95,6,0.17,1.57.7,3-2-4,3910,17,3-2,1060,6,2-3-4,1120,5,2-3,330,1,,,,,,,
20260716,桐生,5,予選,雨,北東,2,1,1,4,5150,坂 本 雄 紀,62,50,6.93,4,0.35,1.51.9,4-6-3,3980,14,4-6,1180,7,3-4-6,630,3,4-6,1050,4,,,,,,,
20260716,桐生,5,予選,雨,北東,2,1,2,6,4711,前 出 達 吉,26,31,7.00,6,0.18,1.53.1,4-6-3,3980,14,4-6,1180,7,3-4-6,630,3,4-6,1050,4,,,,,,,
20260716,桐生,5,予選,雨,北東,2,1,3,3,4638,小 林 遼 太,14,30,6.89,3,0.26,1.54.9,4-6-3,3980,14,4-6,1180,7,3-4-6,630,3,4-6,1050,4,,,,,,,
20260716,桐生,5,予選,雨,北東,2,1,4,5,3591,後 藤 孝 義,71,29,6.96,5,0.27,1.57.2,4-6-3,3980,14,4-6,1180,7,3-4-6,630,3,4-6,1050,4,,,,,,,
20260716,桐生,5,予選,雨,北東,2,1,5,2,3502,渡 邉 英 児,21,74,6.93,2,0.28,1.58.6,4-6-3,3980,14,4-6,1180,7,3-4-6,630,3,4-6,1050,4,,,,,,,
20260716,桐生,5,予選,雨,北東,2,1,6,1,3293,宮 内 由紀英,69,11,6.93,1,0.25,2.00.2,4-6-3,3980,14,4-6,1180,7,3-4-6,630,3,4-6,1050,4,,,,,,,
20260716,桐生,6,ドラドキ目玉,雨,東,3,2,1,1,4230,濱 崎 直 矢,73,53,6.94,1,0.09,1.51.1,1-4-2,550,1,1-4,210,1,1-2-4,240,1,1-4,200,1,,,,,,,
20260716,桐生,6,ドラドキ目玉,雨,東,3,2,2,4,5308,藤 森 拓 海,32,69,6.92,4,0.03,1.53.5,1-4-2,550,1,1-4,210,1,1-2-4,240,1,1-4,200,1,,,,,,,
20260716,桐生,6,ドラドキ目玉,雨,東,3,2,3,2,5288,尾 道 佳 諭,41,28,6.76,2,0.04,1.53.7,1-4-2,550,1,1-4,210,1,1-2-4,240,1,1-4,200,1,,,,,,,
20260716,桐生,6,ドラドキ目玉,雨,東,3,2,4,5,5211,高 井 駿 弥,75,19,6.85,5,0.09,1.56.1,1-4-2,550,1,1-4,210,1,1-2-4,240,1,1-4,200,1,,,,,,,
20260716,桐生,6,ドラドキ目玉,雨,東,3,2,5,6,4246,喜 多 那由夏,53,12,6.97,6,0.12,1.57.5,1-4-2,550,1,1-4,210,1,1-2-4,240,1,1-4,200,1,,,,,,,
20260716,桐生,6,ドラドキ目玉,雨,東,3,2,6,3,5347,井 澤 聖 奈,64,25,6.74,3,0.01,1.58.0,1-4-2,550,1,1-4,210,1,1-2-4,240,1,1-4,200,1,,,,,,,
20260716,桐生,7,ドラドキ３,雨,北東,2,1,1,3,4614,石 倉 洋 行,31,57,6.84,3,0.11,1.51.2,3-4-1,2040,7,3-4,770,4,1-3-4,210,1,3-4,570,2,,,,,,,
20260716,桐生,7,ドラドキ３,雨,北東,2,1,2,4,4663,籾 山 佳 岳,46,32,6.85,4,0.24,1.53.1,3-4-1,2040,7,3-4,770,4,1-3-4,210,1,3-4,570,2,,,,,,,
20260716,桐生,7,ドラドキ３,雨,北東,2,1,3,1,3963,原 田 秀 弥,38,18,7.04,1,0.26,1.55.1,3-4-1,2040,7,3-4,770,4,1-3-4,210,1,3-4,570,2,,,,,,,
20260716,桐生,7,ドラドキ３,雨,北東,2,1,4,2,4393,田 中 孝 明,65,16,6.83,2,0.20,1.56.0,3-4-1,2040,7,3-4,770,4,1-3-4,210,1,3-4,570,2,,,,,,,
20260716,桐生,7,ドラドキ３,雨,北東,2,1,5,5,5285,若 林 麗,36,58,6.99,5,0.27,1.58.7,3-4-1,2040,7,3-4,770,4,1-3-4,210,1,3-4,570,2,,,,,,,
20260716,桐生,7,ドラドキ３,雨,北東,2,1,6,6,5439,志 賀 美 優,42,65,7.01,6,0.32,1.59.4,3-4-1,2040,7,3-4,770,4,1-3-4,210,1,3-4,570,2,,,,,,,
20260716,桐生,8,ドラドキ５,雨,北西,2,1,1,1,4345,西 舘 健,56,62,6.93,1,0.10,1.50.9,1-2-4,4520,18,1-2,940,4,1-2-4,1670,8,1-2,1250,7,,,,,,,
20260716,桐生,8,ドラドキ５,雨,北西,2,1,2,2,4023,柴 田 友 和,49,24,6.81,2,0.15,1.53.2,1-2-4,4520,18,1-2,940,4,1-2-4,1670,8,1-2,1250,7,,,,,,,
20260716,桐生,8,ドラドキ５,雨,北西,2,1,3,4,5057,上 田 紗 奈,67,23,6.74,4,0.07,1.54.2,1-2-4,4520,18,1-2,940,4,1-2-4,1670,8,1-2,1250,7,,,,,,,
20260716,桐生,8,ドラドキ５,雨,北西,2,1,4,3,5377,鳥居塚 嶺 王,17,67,6.85,3,0.09,1.55.3,1-2-4,4520,18,1-2,940,4,1-2-4,1670,8,1-2,1250,7,,,,,,,
20260716,桐生,8,ドラドキ５,雨,北西,2,1,5,5,3641,一 瀬 明,50,42,6.90,5,0.07,1.55.9,1-2-4,4520,18,1-2,940,4,1-2-4,1670,8,1-2,1250,7,,,,,,,
20260716,桐生,8,ドラドキ５,雨,北西,2,1,6,6,3776,横 井 健 太,35,59,6.84,6,0.08,1.58.4,1-2-4,4520,18,1-2,940,4,1-2-4,1670,8,1-2,1250,7,,,,,,,
20260716,桐生,9,予選特賞,雨,北,1,1,1,4,4734,安河内 将,60,36,6.77,4,0.07,1.51.0,4-2-5,5060,24,4-2,1260,7,2-4-5,1490,9,2-4,630,3,,,,,,,
20260716,桐生,9,予選特賞,雨,北,1,1,2,2,4124,池 田 雄 一,28,61,6.93,2,0.14,1.52.8,4-2-5,5060,24,4-2,1260,7,2-4-5,1490,9,2-4,630,3,,,,,,,
20260716,桐生,9,予選特賞,雨,北,1,1,3,5,4846,佐 藤 駿 介,15,71,6.78,5,0.10,1.54.0,4-2-5,5060,24,4-2,1260,7,2-4-5,1490,9,2-4,630,3,,,,,,,
20260716,桐生,9,予選特賞,雨,北,1,1,4,1,4888,金 児 隆 太,48,43,6.90,1,0.10,1.55.0,4-2-5,5060,24,4-2,1260,7,2-4-5,1490,9,2-4,630,3,,,,,,,
20260716,桐生,9,予選特賞,雨,北,1,1,5,6,4108,吉 村 正 明,27,56,6.94,6,0.13,1.56.0,4-2-5,5060,24,4-2,1260,7,2-4-5,1490,9,2-4,630,3,,,,,,,
20260716,桐生,9,予選特賞,雨,北,1,1,6,3,4706,三 浦 洋次朗,43,68,6.97,3,0.12,1.59.9,4-2-5,5060,24,4-2,1260,7,2-4-5,1490,9,2-4,630,3,,,,,,,
20260716,桐生,10,予選特賞,雨,南東,2,1,1,3,4760,山 崎 郡,11,45,6.83,3,0.20,1.51.4,3-2-1,1430,4,3-2,780,4,1-2-3,190,1,2-3,440,3,,,,,,,
20260716,桐生,10,予選特賞,雨,南東,2,1,2,2,5150,坂 本 雄 紀,62,50,6.87,2,0.21,1.53.3,3-2-1,1430,4,3-2,780,4,1-2-3,190,1,2-3,440,3,,,,,,,
20260716,桐生,10,予選特賞,雨,南東,2,1,3,1,4424,松 尾 昂 明,63,22,7.01,1,0.25,1.54.6,3-2-1,1430,4,3-2,780,4,1-2-3,190,1,2-3,440,3,,,,,,,
20260716,桐生,10,予選特賞,雨,南東,2,1,4,4,5156,坂 野 さくら,33,63,6.80,4,0.25,1.54.7,3-2-1,1430,4,3-2,780,4,1-2-3,190,1,2-3,440,3,,,,,,,
20260716,桐生,10,予選特賞,雨,南東,2,1,5,6,4389,伊 藤 喜 智,45,75,6.93,6,0.16,1.55.6,3-2-1,1430,4,3-2,780,4,1-2-3,190,1,2-3,440,3,,,,,,,
20260716,桐生,10,予選特賞,雨,南東,2,1,6,5,3303,渡 辺 豊,37,20,7.00,5,0.27,1.58.5,3-2-1,1430,4,3-2,780,4,1-2-3,190,1,2-3,440,3,,,,,,,
20260716,桐生,11,予選特選,雨,南東,3,2,1,1,3811,石 田 章 央,57,39,6.87,1,0.28,1.51.2,1-4-3,7310,21,1-4,1450,5,1-3-4,2650,9,1-4,1500,4,,,,,,,
20260716,桐生,11,予選特選,雨,南東,3,2,2,4,4035,杉 江 浩 明,30,38,6.77,4,0.20,1.52.4,1-4-3,7310,21,1-4,1450,5,1-3-4,2650,9,1-4,1500,4,,,,,,,
20260716,桐生,11,予選特選,雨,南東,3,2,3,3,3963,原 田 秀 弥,38,18,6.90,3,0.51,1.53.9,1-4-3,7310,21,1-4,1450,5,1-3-4,2650,9,1-4,1500,4,,,,,,,
20260716,桐生,11,予選特選,雨,南東,3,2,4,6,4638,小 林 遼 太,14,30,6.78,6,0.16,1.55.1,1-4-3,7310,21,1-4,1450,5,1-3-4,2650,9,1-4,1500,4,,,,,,,
20260716,桐生,11,予選特選,雨,南東,3,2,5,2,3813,佐 藤 大 介,34,60,6.90,2,0.33,1.55.7,1-4-3,7310,21,1-4,1450,5,1-3-4,2650,9,1-4,1500,4,,,,,,,
20260716,桐生,11,予選特選,雨,南東,3,2,6,5,4225,土 屋 千 明,24,27,6.86,5,0.13,1.57.3,1-4-3,7310,21,1-4,1450,5,1-3-4,2650,9,1-4,1500,4,,,,,,,
20260716,桐生,12,桐生特選,雨,南東,1,1,1,4,4230,濱 崎 直 矢,73,53,6.80,4,0.18,1.50.0,4-1-2,2890,8,4-1,690,4,1-2-4,250,1,1-4,350,2,,,,,,,
20260716,桐生,12,桐生特選,雨,南東,1,1,2,1,4614,石 倉 洋 行,31,57,6.80,1,0.18,1.52.0,4-1-2,2890,8,4-1,690,4,1-2-4,250,1,1-4,350,2,,,,,,,
20260716,桐生,12,桐生特選,雨,南東,1,1,3,2,3641,一 瀬 明,50,42,6.67,2,0.23,1.53.2,4-1-2,2890,8,4-1,690,4,1-2-4,250,1,1-4,350,2,,,,,,,
20260716,桐生,12,桐生特選,雨,南東,1,1,4,5,4487,三 原 司,74,47,6.72,5,0.20,1.54.7,4-1-2,2890,8,4-1,690,4,1-2-4,250,1,1-4,350,2,,,,,,,
20260716,桐生,12,桐生特選,雨,南東,1,1,5,3,4791,黒 澤 めぐみ,40,72,6.63,3,0.24,1.55.1,4-1-2,2890,8,4-1,690,4,1-2-4,250,1,1-4,350,2,,,,,,,
20260716,桐生,12,桐生特選,雨,南東,1,1,6,6,3502,渡 邉 英 児,21,74,6.68,6,0.18,1.58.4,4-1-2,2890,8,4-1,690,4,1-2-4,250,1,1-4,350,2,,,,,,,
20260716,江戸川,1,一般,晴,東,1,5,1,1,3202,三 品 隆 浩,63,47,6.91,1,0.06,1.54.2,1-3-2,1200,3,1-3,680,3,1-2-3,270,1,1-3,280,1,,,,,,,
20260716,江戸川,1,一般,晴,東,1,5,2,3,3790,佐 口 達 也,49,24,6.96,3,0.09,1.55.3,1-3-2,1200,3,1-3,680,3,1-2-3,270,1,1-3,280,1,,,,,,,
20260716,江戸川,1,一般,晴,東,1,5,3,2,5109,川 崎 智 稔,26,64,6.70,2,0.04,1.56.5,1-3-2,1200,3,1-3,680,3,1-2-3,270,1,1-3,280,1,,,,,,,
20260716,江戸川,1,一般,晴,東,1,5,4,6,5031,渡 辺 空 依,68,55,6.70,6,0.18,1.58.2,1-3-2,1200,3,1-3,680,3,1-2-3,270,1,1-3,280,1,,,,,,,
20260716,江戸川,1,一般,晴,東,1,5,5,4,5169,堀 本 翔 太,70,11,6.82,4,0.13,,1-3-2,1200,3,1-3,680,3,1-2-3,270,1,1-3,280,1,,,,,,,
20260716,江戸川,1,一般,晴,東,1,5,6,5,5411,木 下 虎之輔,51,68,6.78,5,0.11,,1-3-2,1200,3,1-3,680,3,1-2-3,270,1,1-3,280,1,,,,,,,
20260716,江戸川,2,一般,晴,北東,1,5,1,4,3319,山 崎 義 明,12,35,6.92,4,0.08,1.52.4,4-5-2,19240,55,4-5,5550,19,2-4-5,4120,11,4-5,7100,10,,,,,,,
20260716,江戸川,2,一般,晴,北東,1,5,2,5,5433,米 本 圭 佑,15,48,6.85,5,0.15,1.54.7,4-5-2,19240,55,4-5,5550,19,2-4-5,4120,11,4-5,7100,10,,,,,,,
20260716,江戸川,2,一般,晴,北東,1,5,3,2,4752,西 尾 亮 輔,20,56,6.81,2,0.25,1.56.5,4-5-2,19240,55,4-5,5550,19,2-4-5,4120,11,4-5,7100,10,,,,,,,
20260716,江戸川,2,一般,晴,北東,1,5,4,6,4879,山 崎 鉄 平,13,10,6.88,6,0.21,1.57.3,4-5-2,19240,55,4-5,5550,19,2-4-5,4120,11,4-5,7100,10,,,,,,,
20260716,江戸川,2,一般,晴,北東,1,5,5,3,5177,松 井 貫 太,58,20,6.83,3,0.19,,4-5-2,19240,55,4-5,5550,19,2-4-5,4120,11,4-5,7100,10,,,,,,,
20260716,江戸川,2,一般,晴,北東,1,5,6,1,5349,宮 崎 奏 磨,66,70,6.70,1,0.35,,4-5-2,19240,55,4-5,5550,19,2-4-5,4120,11,4-5,7100,10,,,,,,,
20260716,江戸川,3,一般,曇り,南東,2,5,1,5,4277,金 田 大 輔,57,66,6.81,5,0.18,1.54.6,5-2-6,39410,88,5-2,7800,21,2-5-6,8100,18,2-5,2590,10,,,,,,,
20260716,江戸川,3,一般,曇り,南東,2,5,2,2,4176,樋 口 喜 彦,11,46,6.90,2,0.17,1.56.3,5-2-6,39410,88,5-2,7800,21,2-5-6,8100,18,2-5,2590,10,,,,,,,
20260716,江戸川,3,一般,曇り,南東,2,5,3,6,5133,堀 越 雄 貴,10,53,6.88,6,0.29,1.56.8,5-2-6,39410,88,5-2,7800,21,2-5-6,8100,18,2-5,2590,10,,,,,,,
20260716,江戸川,3,一般,曇り,南東,2,5,4,3,3888,山 本 英 志,65,21,6.90,3,0.28,1.59.4,5-2-6,39410,88,5-2,7800,21,2-5-6,8100,18,2-5,2590,10,,,,,,,
20260716,江戸川,3,一般,曇り,南東,2,5,5,1,4211,村 田 敦,22,19,6.89,1,0.22,,5-2-6,39410,88,5-2,7800,21,2-5-6,8100,18,2-5,2590,10,,,,,,,
20260716,江戸川,3,一般,曇り,南東,2,5,6,4,5315,浅 井 翼,52,26,6.86,4,0.18,,5-2-6,39410,88,5-2,7800,21,2-5-6,8100,18,2-5,2590,10,,,,,,,
20260716,江戸川,4,一般,晴,東,2,5,1,2,5170,佐 藤 太 亮,56,30,6.93,2,0.16,1.53.5,2-4-3,1640,1,2-4,400,2,2-3-4,530,3,2-4,270,1,,,,,,,
20260716,江戸川,4,一般,晴,東,2,5,2,4,4420,津久井 拓 也,64,39,6.92,4,0.24,1.56.2,2-4-3,1640,1,2-4,400,2,2-3-4,530,3,2-4,270,1,,,,,,,
20260716,江戸川,4,一般,晴,東,2,5,3,3,4562,阪 本 勇 介,17,58,6.96,3,0.36,1.57.4,2-4-3,1640,1,2-4,400,2,2-3-4,530,3,2-4,270,1,,,,,,,
20260716,江戸川,4,一般,晴,東,2,5,4,6,4054,福 嶋 智 之,60,69,6.80,6,0.23,1.58.4,2-4-3,1640,1,2-4,400,2,2-3-4,530,3,2-4,270,1,,,,,,,
20260716,江戸川,4,一般,晴,東,2,5,5,1,5345,牧 村 俊 輝,21,50,6.92,1,0.15,,2-4-3,1640,1,2-4,400,2,2-3-4,530,3,2-4,270,1,,,,,,,
20260716,江戸川,4,一般,晴,東,2,5,6,5,5427,港 理 樹,37,18,6.92,5,0.40,,2-4-3,1640,1,2-4,400,2,2-3-4,530,3,2-4,270,1,,,,,,,
20260716,江戸川,5,一般,晴,東,2,5,1,5,4089,妹 尾 忠 幸,59,17,7.12,5,0.17,1.54.7,5-3-4,7240,30,5-3,1470,7,3-4-5,910,4,3-5,1250,6,,,,,,,
20260716,江戸川,5,一般,晴,東,2,5,2,3,3647,伊 藤 雄 二,25,43,7.06,3,0.13,1.55.9,5-3-4,7240,30,5-3,1470,7,3-4-5,910,4,3-5,1250,6,,,,,,,
20260716,江戸川,5,一般,晴,東,2,5,3,4,3313,本 吉 正 樹,54,67,6.94,4,0.22,1.57.7,5-3-4,7240,30,5-3,1470,7,3-4-5,910,4,3-5,1250,6,,,,,,,
20260716,江戸川,5,一般,晴,東,2,5,4,2,4563,齋 藤 真 之,29,36,6.93,2,0.34,1.59.0,5-3-4,7240,30,5-3,1470,7,3-4-5,910,4,3-5,1250,6,,,,,,,
20260716,江戸川,5,一般,晴,東,2,5,5,6,5169,堀 本 翔 太,70,11,6.96,6,0.11,,5-3-4,7240,30,5-3,1470,7,3-4-5,910,4,3-5,1250,6,,,,,,,
20260716,江戸川,5,一般,晴,東,2,5,6,1,5273,山 下 拓 巳,24,13,6.85,1,0.33,,5-3-4,7240,30,5-3,1470,7,3-4-5,910,4,3-5,1250,6,,,,,,,
20260716,江戸川,6,一般,晴,南,4,5,1,6,4064,原 田 篤 志,23,52,6.95,6,0.13,1.54.3,6-3-2,6100,27,6-3,2050,9,2-3-6,570,3,3-6,540,3,,,,,,,
20260716,江戸川,6,一般,晴,南,4,5,2,3,5049,松 井 友 汰,28,16,6.98,3,0.09,1.55.5,6-3-2,6100,27,6-3,2050,9,2-3-6,570,3,3-6,540,3,,,,,,,
20260716,江戸川,6,一般,晴,南,4,5,3,2,4197,渥 美 卓 郎,33,54,7.05,2,0.14,1.57.5,6-3-2,6100,27,6-3,2050,9,2-3-6,570,3,3-6,540,3,,,,,,,
20260716,江戸川,6,一般,晴,南,4,5,4,5,3202,三 品 隆 浩,63,47,6.88,5,0.12,1.58.1,6-3-2,6100,27,6-3,2050,9,2-3-6,570,3,3-6,540,3,,,,,,,
20260716,江戸川,6,一般,晴,南,4,5,5,1,5369,岡 崎 凪 汰,31,57,6.93,1,0.19,,6-3-2,6100,27,6-3,2050,9,2-3-6,570,3,3-6,540,3,,,,,,,
20260716,江戸川,6,一般,晴,南,4,5,6,4,5349,宮 崎 奏 磨,66,70,6.97,4,0.17,,6-3-2,6100,27,6-3,2050,9,2-3-6,570,3,3-6,540,3,,,,,,,
20260716,江戸川,7,一般,晴,南東,3,5,1,3,4277,金 田 大 輔,57,66,6.94,3,0.18,1.54.6,3-1-4,7740,38,3-1,2650,13,1-3-4,1720,9,1-3,820,5,,,,,,,
20260716,江戸川,7,一般,晴,南東,3,5,2,1,5315,浅 井 翼,52,26,6.99,1,0.12,1.55.8,3-1-4,7740,38,3-1,2650,13,1-3-4,1720,9,1-3,820,5,,,,,,,
20260716,江戸川,7,一般,晴,南東,3,5,3,4,5177,松 井 貫 太,58,20,6.85,4,0.23,1.56.1,3-1-4,7740,38,3-1,2650,13,1-3-4,1720,9,1-3,820,5,,,,,,,
20260716,江戸川,7,一般,晴,南東,3,5,4,2,5186,遠 藤 圭 吾,32,51,7.06,2,0.15,1.57.3,3-1-4,7740,38,3-1,2650,13,1-3-4,1720,9,1-3,820,5,,,,,,,
20260716,江戸川,7,一般,晴,南東,3,5,5,5,4122,安 東 幸 治,45,45,7.04,5,0.25,,3-1-4,7740,38,3-1,2650,13,1-3-4,1720,9,1-3,820,5,,,,,,,
20260716,江戸川,7,一般,晴,南東,3,5,6,6,5411,木 下 虎之輔,51,68,6.87,6,0.25,,3-1-4,7740,38,3-1,2650,13,1-3-4,1720,9,1-3,820,5,,,,,,,
20260716,江戸川,8,一般,晴,南,4,5,1,3,4752,西 尾 亮 輔,20,56,7.11,3,0.16,1.55.1,3-1-2,6790,26,3-1,2670,13,1-2-3,530,3,1-3,440,3,,,,,,,
20260716,江戸川,8,一般,晴,南,4,5,2,1,5133,堀 越 雄 貴,10,53,7.02,1,0.16,1.56.5,3-1-2,6790,26,3-1,2670,13,1-2-3,530,3,1-3,440,3,,,,,,,
20260716,江戸川,8,一般,晴,南,4,5,3,2,4740,齋 藤 達 希,43,31,7.02,2,0.18,1.57.0,3-1-2,6790,26,3-1,2670,13,1-2-3,530,3,1-3,440,3,,,,,,,
20260716,江戸川,8,一般,晴,南,4,5,4,4,3790,佐 口 達 也,49,24,7.19,4,0.22,1.58.8,3-1-2,6790,26,3-1,2670,13,1-2-3,530,3,1-3,440,3,,,,,,,
20260716,江戸川,8,一般,晴,南,4,5,5,5,4176,樋 口 喜 彦,11,46,7.21,5,0.35,,3-1-2,6790,26,3-1,2670,13,1-2-3,530,3,1-3,440,3,,,,,,,
20260716,江戸川,8,一般,晴,南,4,5,6,6,5433,米 本 圭 佑,15,48,7.08,6,0.34,,3-1-2,6790,26,3-1,2670,13,1-2-3,530,3,1-3,440,3,,,,,,,
20260716,江戸川,9,一般特選,晴,南,2,5,1,1,5031,渡 辺 空 依,68,55,6.98,1,0.09,1.53.8,1-6-4,3370,10,1-6,920,4,1-4-6,800,3,1-6,930,3,,,,,,,
20260716,江戸川,9,一般特選,晴,南,2,5,2,6,4305,金 子 拓 矢,48,49,7.24,6,0.24,1.55.8,1-6-4,3370,10,1-6,920,4,1-4-6,800,3,1-6,930,3,,,,,,,
20260716,江戸川,9,一般特選,晴,南,2,5,3,4,3647,伊 藤 雄 二,25,43,7.25,4,0.14,1.57.6,1-6-4,3370,10,1-6,920,4,1-4-6,800,3,1-6,930,3,,,,,,,
20260716,江戸川,9,一般特選,晴,南,2,5,4,5,4562,阪 本 勇 介,17,58,7.17,5,0.23,1.59.0,1-6-4,3370,10,1-6,920,4,1-4-6,800,3,1-6,930,3,,,,,,,
20260716,江戸川,9,一般特選,晴,南,2,5,5,3,5345,牧 村 俊 輝,21,50,7.14,3,0.15,,1-6-4,3370,10,1-6,920,4,1-4-6,800,3,1-6,930,3,,,,,,,
20260716,江戸川,9,一般特選,晴,南,2,5,6,2,3313,本 吉 正 樹,54,67,7.20,2,0.12,,1-6-4,3370,10,1-6,920,4,1-4-6,800,3,1-6,930,3,,,,,,,
20260716,江戸川,10,選抜戦,晴,南東,4,5,1,3,4420,津久井 拓 也,64,39,7.06,3,0.06,1.55.0,3-1-2,3050,11,3-1,1820,9,1-2-3,290,1,1-3,400,2,,,,,,,
20260716,江戸川,10,選抜戦,晴,南東,4,5,2,1,4879,山 崎 鉄 平,13,10,7.13,1,0.24,1.56.0,3-1-2,3050,11,3-1,1820,9,1-2-3,290,1,1-3,400,2,,,,,,,
20260716,江戸川,10,選抜戦,晴,南東,4,5,3,2,4089,妹 尾 忠 幸,59,17,7.46,2,0.13,1.57.4,3-1-2,3050,11,3-1,1820,9,1-2-3,290,1,1-3,400,2,,,,,,,
20260716,江戸川,10,選抜戦,晴,南東,4,5,4,6,4211,村 田 敦,22,19,7.13,6,0.02,1.58.5,3-1-2,3050,11,3-1,1820,9,1-2-3,290,1,1-3,400,2,,,,,,,
20260716,江戸川,10,選抜戦,晴,南東,4,5,5,4,5049,松 井 友 汰,28,16,7.17,4,0.08,,3-1-2,3050,11,3-1,1820,9,1-2-3,290,1,1-3,400,2,,,,,,,
20260716,江戸川,10,選抜戦,晴,南東,4,5,6,5,5109,川 崎 智 稔,26,64,7.01,5,0.04,,3-1-2,3050,11,3-1,1820,9,1-2-3,290,1,1-3,400,2,,,,,,,
20260716,江戸川,11,選抜戦,曇り,南東,5,5,1,3,3319,山 崎 義 明,12,35,7.19,3,0.13,1.55.4,3-2-1,12500,31,3-2,8870,18,1-2-3,330,1,2-3,1350,5,,,,,,,
20260716,江戸川,11,選抜戦,曇り,南東,5,5,2,2,4122,安 東 幸 治,45,45,7.19,2,0.18,1.57.8,3-2-1,12500,31,3-2,8870,18,1-2-3,330,1,2-3,1350,5,,,,,,,
20260716,江戸川,11,選抜戦,曇り,南東,5,5,3,1,4064,原 田 篤 志,23,52,7.11,1,0.11,1.58.5,3-2-1,12500,31,3-2,8870,18,1-2-3,330,1,2-3,1350,5,,,,,,,
20260716,江戸川,11,選抜戦,曇り,南東,5,5,4,4,3888,山 本 英 志,65,21,7.08,4,0.08,1.59.1,3-2-1,12500,31,3-2,8870,18,1-2-3,330,1,2-3,1350,5,,,,,,,
20260716,江戸川,11,選抜戦,曇り,南東,5,5,5,5,5170,佐 藤 太 亮,56,30,6.94,5,0.21,,3-2-1,12500,31,3-2,8870,18,1-2-3,330,1,2-3,1350,5,,,,,,,
20260716,江戸川,11,選抜戦,曇り,南東,5,5,6,6,5273,山 下 拓 巳,24,13,7.06,6,0.18,,3-2-1,12500,31,3-2,8870,18,1-2-3,330,1,2-3,1350,5,,,,,,,
20260716,江戸川,12,優勝戦,晴,北東,2,5,1,1,4352,下 條 雄太郎,46,41,6.87,1,0.09,2.03.3,1-2-5,930,1,1-2,260,1,1-2-5,460,2,1-2,210,1,,,,,,,
20260716,江戸川,12,優勝戦,晴,北東,2,5,2,2,4769,馬 場 剛,30,59,6.95,2,0.10,2.07.3,1-2-5,930,1,1-2,260,1,1-2-5,460,2,1-2,210,1,,,,,,,
20260716,江戸川,12,優勝戦,晴,北東,2,5,3,5,4787,椎 名 豊,71,37,7.10,5,0.26,2.10.1,1-2-5,930,1,1-2,260,1,1-2-5,460,2,1-2,210,1,,,,,,,
20260716,江戸川,12,優勝戦,晴,北東,2,5,4,4,5026,安河内 健,36,61,7.09,4,0.21,2.13.7,1-2-5,930,1,1-2,260,1,1-2-5,460,2,1-2,210,1,,,,,,,
20260716,江戸川,12,優勝戦,晴,北東,2,5,5,6,5082,一 色 凌 雅,62,40,7.26,6,0.31,,1-2-5,930,1,1-2,260,1,1-2-5,460,2,1-2,210,1,,,,,,,
20260716,江戸川,12,優勝戦,晴,北東,2,5,S1,3,4460,後 藤 翔 之,69,32,7.00,3,0.14,,1-2-5,930,1,1-2,260,1,1-2-5,460,2,1-2,210,1,,,,,,,
20260716,芦屋,1,サンライズＶ,晴,南西,3,3,1,3,3828,明 石 正 之,11,121,6.93,3,0.08,1.51.2,3-2-4,27090,54,3-2,5230,13,2-3-4,4890,14,2-3,1340,5,,,,,,,
20260716,芦屋,1,サンライズＶ,晴,南西,3,3,2,2,3955,眞 田 英 二,13,135,6.94,2,0.12,1.52.6,3-2-4,27090,54,3-2,5230,13,2-3-4,4890,14,2-3,1340,5,,,,,,,
20260716,芦屋,1,サンライズＶ,晴,南西,3,3,3,4,3551,藤 田 美 代,10,147,6.82,4,0.07,1.54.2,3-2-4,27090,54,3-2,5230,13,2-3-4,4890,14,2-3,1340,5,,,,,,,
20260716,芦屋,1,サンライズＶ,晴,南西,3,3,4,5,5102,原 田 雄 次,36,138,6.92,5,0.19,1.54.5,3-2-4,27090,54,3-2,5230,13,2-3-4,4890,14,2-3,1340,5,,,,,,,
20260716,芦屋,1,サンライズＶ,晴,南西,3,3,5,1,4823,中 村 桃 佳,23,146,6.91,1,0.20,,3-2-4,27090,54,3-2,5230,13,2-3-4,4890,14,2-3,1340,5,,,,,,,
20260716,芦屋,1,サンライズＶ,晴,南西,3,3,6,6,3825,宮 嵜 隆太郎,20,162,6.97,6,0.15,,3-2-4,27090,54,3-2,5230,13,2-3-4,4890,14,2-3,1340,5,,,,,,,
20260716,芦屋,2,サンライズＷ,晴,西,4,4,1,4,4704,河 野 大,16,127,6.93,4,0.10,1.49.7,4-5-1,6480,19,4-5,3410,10,1-4-5,840,4,4-5,2210,8,,,,,,,
20260716,芦屋,2,サンライズＷ,晴,西,4,4,2,5,4349,犬 童 千 秋,48,164,6.90,5,0.15,1.51.6,4-5-1,6480,19,4-5,3410,10,1-4-5,840,4,4-5,2210,8,,,,,,,
20260716,芦屋,2,サンライズＷ,晴,西,4,4,3,1,4000,松 本 博 昭,30,156,6.83,1,0.16,1.53.0,4-5-1,6480,19,4-5,3410,10,1-4-5,840,4,4-5,2210,8,,,,,,,
20260716,芦屋,2,サンライズＷ,晴,西,4,4,4,2,4555,富 永 大 一,40,126,6.88,2,0.19,1.54.4,4-5-1,6480,19,4-5,3410,10,1-4-5,840,4,4-5,2210,8,,,,,,,
20260716,芦屋,2,サンライズＷ,晴,西,4,4,5,6,5464,宮 田 栞,18,119,6.91,6,0.32,,4-5-1,6480,19,4-5,3410,10,1-4-5,840,4,4-5,2210,8,,,,,,,
20260716,芦屋,2,サンライズＷ,晴,西,4,4,6,3,4954,内 山 峻 輔,19,151,6.96,3,0.17,,4-5-1,6480,19,4-5,3410,10,1-4-5,840,4,4-5,2210,8,,,,,,,
20260716,芦屋,3,サンライズＸ,晴,西,5,5,1,1,4413,水 摩 敦,14,139,7.03,1,0.15,1.51.1,1-3-5,830,2,1-3,280,1,1-3-5,350,2,1-3,140,1,,,,,,,
20260716,芦屋,3,サンライズＸ,晴,西,5,5,2,3,4762,藤 原 啓史朗,4,144,6.91,3,0.19,1.53.3,1-3-5,830,2,1-3,280,1,1-3-5,350,2,1-3,140,1,,,,,,,
20260716,芦屋,3,サンライズＸ,晴,西,5,5,3,5,4452,松 尾 祭,45,153,7.08,5,0.13,1.54.3,1-3-5,830,2,1-3,280,1,1-3-5,350,2,1-3,140,1,,,,,,,
20260716,芦屋,3,サンライズＸ,晴,西,5,5,4,6,3708,岡 部 貴 司,15,124,7.05,6,0.12,1.55.6,1-3-5,830,2,1-3,280,1,1-3-5,350,2,1-3,140,1,,,,,,,
20260716,芦屋,3,サンライズＸ,晴,西,5,5,5,4,4034,西 原 明 生,41,123,6.98,4,0.21,,1-3-5,830,2,1-3,280,1,1-3-5,350,2,1-3,140,1,,,,,,,
20260716,芦屋,3,サンライズＸ,晴,西,5,5,6,2,3993,永 井 聖 美,34,129,6.94,2,0.13,,1-3-5,830,2,1-3,280,1,1-3-5,350,2,1-3,140,1,,,,,,,
20260716,芦屋,4,サンライズＹ 進入固定,晴,南西,5,5,1,1,3556,田 中 信一郎,55,166,6.88,1,0.07,1.49.6,1-4-5,1210,4,1-4,310,2,1-4-5,670,2,1-4,280,2,,,,,,,
20260716,芦屋,4,サンライズＹ 進入固定,晴,南西,5,5,2,4,4156,浜 野 孝 志,21,169,6.95,4,0.09,1.52.5,1-4-5,1210,4,1-4,310,2,1-4-5,670,2,1-4,280,2,,,,,,,
20260716,芦屋,4,サンライズＹ 進入固定,晴,南西,5,5,3,5,4569,中 澤 宏 奈,27,152,6.91,5,0.12,1.54.1,1-4-5,1210,4,1-4,310,2,1-4-5,670,2,1-4,280,2,,,,,,,
20260716,芦屋,4,サンライズＹ 進入固定,晴,南西,5,5,4,2,3805,高 橋 英 之,47,163,6.92,2,0.11,1.54.8,1-4-5,1210,4,1-4,310,2,1-4-5,670,2,1-4,280,2,,,,,,,
20260716,芦屋,4,サンライズＹ 進入固定,晴,南西,5,5,5,3,5334,樫 葉 新 心,24,131,6.95,3,0.10,,1-4-5,1210,4,1-4,310,2,1-4-5,670,2,1-4,280,2,,,,,,,
20260716,芦屋,4,サンライズＹ 進入固定,晴,南西,5,5,6,6,4911,片 岡 大 地,37,165,7.02,6,0.18,,1-4-5,1210,4,1-4,310,2,1-4-5,670,2,1-4,280,2,,,,,,,
20260716,芦屋,5,サンライズＺ,晴,西,6,6,1,1,3942,寺 田 祥,7,155,6.91,1,0.09,1.51.5,1-3-2,890,2,1-3,370,2,1-2-3,300,1,1-3,300,2,,,,,,,
20260716,芦屋,5,サンライズＺ,晴,西,6,6,2,3,5047,國 分 将太郎,28,149,6.95,3,0.08,1.52.3,1-3-2,890,2,1-3,370,2,1-2-3,300,1,1-3,300,2,,,,,,,
20260716,芦屋,5,サンライズＺ,晴,西,6,6,3,2,4469,土 山 卓 也,46,148,7.00,2,0.10,1.54.1,1-3-2,890,2,1-3,370,2,1-2-3,300,1,1-3,300,2,,,,,,,
20260716,芦屋,5,サンライズＺ,晴,西,6,6,4,4,3539,金 子 順 一,38,158,6.97,4,0.12,1.55.7,1-3-2,890,2,1-3,370,2,1-2-3,300,1,1-3,300,2,,,,,,,
20260716,芦屋,5,サンライズＺ,晴,西,6,6,5,5,3955,眞 田 英 二,13,135,7.01,5,0.11,,1-3-2,890,2,1-3,370,2,1-2-3,300,1,1-3,300,2,,,,,,,
20260716,芦屋,5,サンライズＺ,晴,西,6,6,6,6,4172,森 定 晃 史,29,145,7.02,6,0.15,,1-3-2,890,2,1-3,370,2,1-2-3,300,1,1-3,300,2,,,,,,,
20260716,芦屋,6,予選,晴,西,6,6,1,1,3663,木 山 和 幸,9,167,6.96,1,0.12,1.50.9,1-4-2,3690,10,1-4,1830,7,1-2-4,290,1,1-4,1420,6,,,,,,,
20260716,芦屋,6,予選,晴,西,6,6,2,4,4007,榮 田 将 彦,31,160,6.96,4,0.03,1.52.1,1-4-2,3690,10,1-4,1830,7,1-2-4,290,1,1-4,1420,6,,,,,,,
20260716,芦屋,6,予選,晴,西,6,6,3,2,4702,三 浦 敬 太,43,115,6.90,2,0.08,1.53.0,1-4-2,3690,10,1-4,1830,7,1-2-4,290,1,1-4,1420,6,,,,,,,
20260716,芦屋,6,予選,晴,西,6,6,4,5,3645,淺 田 千亜希,49,161,7.02,5,0.05,1.54.9,1-4-2,3690,10,1-4,1830,7,1-2-4,290,1,1-4,1420,6,,,,,,,
20260716,芦屋,6,予選,晴,西,6,6,5,6,4043,桐 本 康 臣,32,159,7.02,6,0.07,,1-4-2,3690,10,1-4,1830,7,1-2-4,290,1,1-4,1420,6,,,,,,,
20260716,芦屋,6,予選,晴,西,6,6,6,3,4615,板 倉 敦 史,12,130,7.01,3,0.06,,1-4-2,3690,10,1-4,1830,7,1-2-4,290,1,1-4,1420,6,,,,,,,
20260716,芦屋,7,予選 進入固定,晴,西,6,6,1,1,5102,原 田 雄 次,36,138,6.95,1,0.10,1.50.1,1-2-4,1400,3,1-2,490,1,1-2-4,560,2,1-2,310,1,,,,,,,
20260716,芦屋,7,予選 進入固定,晴,西,6,6,2,2,5344,谷 口 丞,2,120,6.89,2,0.13,1.51.9,1-2-4,1400,3,1-2,490,1,1-2-4,560,2,1-2,310,1,,,,,,,
20260716,芦屋,7,予選 進入固定,晴,西,6,6,3,4,5258,仲 本 舜,3,170,6.89,4,0.09,1.53.3,1-2-4,1400,3,1-2,490,1,1-2-4,560,2,1-2,310,1,,,,,,,
20260716,芦屋,7,予選 進入固定,晴,西,6,6,4,6,4349,犬 童 千 秋,48,164,6.90,6,0.10,1.54.2,1-2-4,1400,3,1-2,490,1,1-2-4,560,2,1-2,310,1,,,,,,,
20260716,芦屋,7,予選 進入固定,晴,西,6,6,5,3,4904,松 本 一 毅,26,122,6.94,3,0.09,,1-2-4,1400,3,1-2,490,1,1-2-4,560,2,1-2,310,1,,,,,,,
20260716,芦屋,7,予選 進入固定,晴,西,6,6,6,5,3993,永 井 聖 美,34,129,6.96,5,0.09,,1-2-4,1400,3,1-2,490,1,1-2-4,560,2,1-2,310,1,,,,,,,
20260716,芦屋,8,予選,晴,西,6,6,1,1,3551,藤 田 美 代,10,118,6.83,1,0.25,1.50.5,1-3-5,4900,20,1-3,1960,10,1-3-5,1670,8,1-3,1260,6,,,,,,,
20260716,芦屋,8,予選,晴,西,6,6,2,3,4555,富 永 大 一,40,126,6.91,3,0.13,1.51.6,1-3-5,4900,20,1-3,1960,10,1-3-5,1670,8,1-3,1260,6,,,,,,,
20260716,芦屋,8,予選,晴,西,6,6,3,5,3556,田 中 信一郎,55,166,6.89,5,0.13,1.52.6,1-3-5,4900,20,1-3,1960,10,1-3-5,1670,8,1-3,1260,6,,,,,,,
20260716,芦屋,8,予選,晴,西,6,6,4,2,3965,北 中 元 樹,33,117,6.99,2,0.16,1.54.6,1-3-5,4900,20,1-3,1960,10,1-3-5,1670,8,1-3,1260,6,,,,,,,
20260716,芦屋,8,予選,晴,西,6,6,5,6,4033,伊 藤 将 吉,42,143,6.91,6,0.16,,1-3-5,4900,20,1-3,1960,10,1-3-5,1670,8,1-3,1260,6,,,,,,,
20260716,芦屋,8,予選,晴,西,6,6,6,4,4835,橋 本 明,1,128,7.00,4,0.10,,1-3-5,4900,20,1-3,1960,10,1-3-5,1670,8,1-3,1260,6,,,,,,,
20260716,芦屋,9,予選特賞,晴,西,5,5,1,2,5047,國 分 将太郎,28,149,6.97,2,0.12,1.50.5,2-1-4,5440,17,2-1,1200,5,1-2-4,750,5,1-2,300,2,,,,,,,
20260716,芦屋,9,予選特賞,晴,西,5,5,2,1,3833,中 辻 博 訓,44,113,7.01,1,0.12,1.51.6,2-1-4,5440,17,2-1,1200,5,1-2-4,750,5,1-2,300,2,,,,,,,
20260716,芦屋,9,予選特賞,晴,西,5,5,3,4,3990,芹 澤 克 彦,51,141,7.04,4,0.14,1.53.8,2-1-4,5440,17,2-1,1200,5,1-2-4,750,5,1-2,300,2,,,,,,,
20260716,芦屋,9,予選特賞,晴,西,5,5,4,3,4569,中 澤 宏 奈,27,152,6.94,3,0.11,1.54.8,2-1-4,5440,17,2-1,1200,5,1-2-4,750,5,1-2,300,2,,,,,,,
20260716,芦屋,9,予選特賞,晴,西,5,5,5,6,4512,高 野 哲 史,17,111,6.91,6,0.20,,2-1-4,5440,17,2-1,1200,5,1-2-4,750,5,1-2,300,2,,,,,,,
20260716,芦屋,9,予選特賞,晴,西,5,5,6,5,4034,西 原 明 生,41,123,6.95,5,0.17,,2-1-4,5440,17,2-1,1200,5,1-2-4,750,5,1-2,300,2,,,,,,,
20260716,芦屋,10,予選特賞,晴,西,6,6,1,4,3828,明 石 正 之,11,121,6.97,4,0.11,1.50.7,4-1-3,19410,43,4-1,1210,5,1-3-4,970,5,1-4,510,3,,,,,,,
20260716,芦屋,10,予選特賞,晴,西,6,6,2,1,4469,土 山 卓 也,46,148,7.01,1,0.26,1.52.2,4-1-3,19410,43,4-1,1210,5,1-3-4,970,5,1-4,510,3,,,,,,,
20260716,芦屋,10,予選特賞,晴,西,6,6,3,3,4911,片 岡 大 地,37,165,7.00,3,0.26,1.55.9,4-1-3,19410,43,4-1,1210,5,1-3-4,970,5,1-4,510,3,,,,,,,
20260716,芦屋,10,予選特賞,晴,西,6,6,4,2,4727,安 部 慎 一,6,140,7.06,2,0.20,1.57.5,4-1-3,19410,43,4-1,1210,5,1-3-4,970,5,1-4,510,3,,,,,,,
20260716,芦屋,10,予選特賞,晴,西,6,6,5,6,4702,三 浦 敬 太,43,115,6.99,6,0.12,,4-1-3,19410,43,4-1,1210,5,1-3-4,970,5,1-4,510,3,,,,,,,
20260716,芦屋,10,予選特賞,晴,西,6,6,6,5,4954,内 山 峻 輔,19,151,7.01,5,0.07,,4-1-3,19410,43,4-1,1210,5,1-3-4,970,5,1-4,510,3,,,,,,,
20260716,芦屋,11,予選特選,晴,西,5,5,1,6,4156,浜 野 孝 志,21,169,6.96,6,0.17,1.51.3,6-2-5,76730,95,6-2,21700,26,2-5-6,3240,8,2-6,6250,11,,,,,,,
20260716,芦屋,11,予選特選,晴,西,5,5,2,2,3942,寺 田 祥,7,155,6.95,2,0.17,1.53.0,6-2-5,76730,95,6-2,21700,26,2-5-6,3240,8,2-6,6250,11,,,,,,,
20260716,芦屋,11,予選特選,晴,西,5,5,3,5,4000,松 本 博 昭,30,156,6.89,5,0.17,1.53.9,6-2-5,76730,95,6-2,21700,26,2-5-6,3240,8,2-6,6250,11,,,,,,,
20260716,芦屋,11,予選特選,晴,西,5,5,4,3,5344,谷 口 丞,2,120,6.97,3,0.22,1.57.4,6-2-5,76730,95,6-2,21700,26,2-5-6,3240,8,2-6,6250,11,,,,,,,
20260716,芦屋,11,予選特選,晴,西,5,5,5,4,3645,淺 田 千亜希,49,161,7.03,4,0.13,,6-2-5,76730,95,6-2,21700,26,2-5-6,3240,8,2-6,6250,11,,,,,,,
20260716,芦屋,11,予選特選,晴,西,5,5,6,1,4452,松 尾 祭,45,153,7.02,1,0.22,,6-2-5,76730,95,6-2,21700,26,2-5-6,3240,8,2-6,6250,11,,,,,,,
20260716,芦屋,12,予選特選,晴,西,5,5,1,1,4704,河 野 大,16,127,6.96,1,0.06,1.50.7,1-3-2,1080,4,1-3,550,2,1-2-3,380,1,1-3,230,1,,,,,,,
20260716,芦屋,12,予選特選,晴,西,5,5,2,3,3805,高 橋 英 之,47,163,6.94,3,0.09,1.52.1,1-3-2,1080,4,1-3,550,2,1-2-3,380,1,1-3,230,1,,,,,,,
20260716,芦屋,12,予選特選,晴,西,5,5,3,2,4172,森 定 晃 史,29,145,7.02,2,0.14,1.53.9,1-3-2,1080,4,1-3,550,2,1-2-3,380,1,1-3,230,1,,,,,,,
20260716,芦屋,12,予選特選,晴,西,5,5,4,5,4823,中 村 桃 佳,23,146,6.99,5,0.12,1.54.1,1-3-2,1080,4,1-3,550,2,1-2-3,380,1,1-3,230,1,,,,,,,
20260716,芦屋,12,予選特選,晴,西,5,5,5,6,3965,北 中 元 樹,33,117,6.96,6,0.11,,1-3-2,1080,4,1-3,550,2,1-2-3,380,1,1-3,230,1,,,,,,,
20260716,芦屋,12,予選特選,晴,西,5,5,6,4,4904,松 本 一 毅,26,122,6.98,4,0.16,,1-3-2,1080,4,1-3,550,2,1-2-3,380,1,1-3,230,1,,,,,,,
20260716,蒲郡,1,予選,晴,北西,2,1,1,1,4539,金 子 賢 志,24,37,6.72,1,0.21,1.52.0,1-6-5,12770,56,1-6,1780,7,1-5-6,1820,11,1-6,1050,4,,,,,,,
20260716,蒲郡,1,予選,晴,北西,2,1,2,6,3983,須 藤 博 倫,21,58,6.66,6,0.23,1.53.2,1-6-5,12770,56,1-6,1780,7,1-5-6,1820,11,1-6,1050,4,,,,,,,
20260716,蒲郡,1,予選,晴,北西,2,1,3,5,4561,藤 山 翔 大,18,12,6.60,2,0.34,1.54.2,1-6-5,12770,56,1-6,1780,7,1-5-6,1820,11,1-6,1050,4,,,,,,,
20260716,蒲郡,1,予選,晴,北西,2,1,4,2,4759,今 泉 友 吾,76,11,6.72,3,0.26,1.55.2,1-6-5,12770,56,1-6,1780,7,1-5-6,1820,11,1-6,1050,4,,,,,,,
20260716,蒲郡,1,予選,晴,北西,2,1,5,4,4296,岡 崎 恭 裕,56,55,6.73,4,0.26,,1-6-5,12770,56,1-6,1780,7,1-5-6,1820,11,1-6,1050,4,,,,,,,
20260716,蒲郡,1,予選,晴,北西,2,1,6,3,3711,江 本 真 治,72,46,6.73,5,0.26,,1-6-5,12770,56,1-6,1780,7,1-5-6,1820,11,1-6,1050,4,,,,,,,
20260716,蒲郡,2,予選,晴,西,2,1,1,1,4012,中 村 有 裕,11,14,6.74,1,0.08,1.51.2,1-2-6,1080,1,1-2,380,1,1-2-6,390,1,1-2,180,1,,,,,,,
20260716,蒲郡,2,予選,晴,西,2,1,2,2,4645,上 村 純 一,65,19,6.61,2,0.11,1.52.3,1-2-6,1080,1,1-2,380,1,1-2-6,390,1,1-2,180,1,,,,,,,
20260716,蒲郡,2,予選,晴,西,2,1,3,6,4168,石 野 貴 之,33,36,6.69,5,0.21,1.53.5,1-2-6,1080,1,1-2,380,1,1-2-6,390,1,1-2,180,1,,,,,,,
20260716,蒲郡,2,予選,晴,西,2,1,4,3,4276,鈴 木 勝 博,15,41,6.74,3,0.26,1.54.5,1-2-6,1080,1,1-2,380,1,1-2-6,390,1,1-2,180,1,,,,,,,
20260716,蒲郡,2,予選,晴,西,2,1,5,4,3779,原 田 幸 哉,27,60,6.75,4,0.21,,1-2-6,1080,1,1-2,380,1,1-2-6,390,1,1-2,180,1,,,,,,,
20260716,蒲郡,2,予選,晴,西,2,1,6,5,4040,廣 瀬 将 亨,28,63,6.64,6,0.18,,1-2-6,1080,1,1-2,380,1,1-2-6,390,1,1-2,180,1,,,,,,,
20260716,蒲郡,3,予選,晴,南西,4,2,1,3,4290,稲 田 浩 二,14,23,6.72,4,0.33,1.51.7,3-2-5,13460,59,3-2,3620,19,2-3-5,3890,17,2-3,1920,11,,,,,,,
20260716,蒲郡,3,予選,晴,南西,4,2,2,2,4437,中 田 元 泰,52,67,6.72,5,0.31,1.53.2,3-2-5,13460,59,3-2,3620,19,2-3-5,3890,17,2-3,1920,11,,,,,,,
20260716,蒲郡,3,予選,晴,南西,4,2,3,5,4847,佐 藤 隆太郎,22,28,6.68,2,0.29,1.54.0,3-2-5,13460,59,3-2,3620,19,2-3-5,3890,17,2-3,1920,11,,,,,,,
20260716,蒲郡,3,予選,晴,南西,4,2,4,4,4342,谷 野 錬 志,13,68,6.70,6,0.25,1.55.1,3-2-5,13460,59,3-2,3620,19,2-3-5,3890,17,2-3,1920,11,,,,,,,
20260716,蒲郡,3,予選,晴,南西,4,2,5,6,3946,赤 岩 善 生,38,29,6.71,3,0.22,,3-2-5,13460,59,3-2,3620,19,2-3-5,3890,17,2-3,1920,11,,,,,,,
20260716,蒲郡,3,予選,晴,南西,4,2,6,1,4430,永 田 秀 二,57,39,6.67,1,0.25,,3-2-5,13460,59,3-2,3620,19,2-3-5,3890,17,2-3,1920,11,,,,,,,
20260716,蒲郡,4,予選,晴,南西,4,2,1,1,3931,黒 崎 竜 也,54,70,6.61,1,0.09,1.51.2,1-3-5,3750,12,1-3,270,1,1-3-5,2000,9,1-3,200,1,,,,,,,
20260716,蒲郡,4,予選,晴,南西,4,2,2,3,3415,松 井 繁,31,22,6.69,3,0.11,1.52.9,1-3-5,3750,12,1-3,270,1,1-3-5,2000,9,1-3,200,1,,,,,,,
20260716,蒲郡,4,予選,晴,南西,4,2,3,5,3685,荒 井 輝 年,61,54,6.73,5,0.13,1.54.5,1-3-5,3750,12,1-3,270,1,1-3-5,2000,9,1-3,200,1,,,,,,,
20260716,蒲郡,4,予選,晴,南西,4,2,4,4,3995,重 野 哲 之,47,66,6.70,4,0.07,1.54.9,1-3-5,3750,12,1-3,270,1,1-3-5,2000,9,1-3,200,1,,,,,,,
20260716,蒲郡,4,予選,晴,南西,4,2,5,6,4604,岩 瀬 裕 亮,34,72,6.61,6,0.15,,1-3-5,3750,12,1-3,270,1,1-3-5,2000,9,1-3,200,1,,,,,,,
20260716,蒲郡,4,予選,晴,南西,4,2,6,2,3499,市 川 哲 也,45,52,6.71,2,0.14,,1-3-5,3750,12,1-3,270,1,1-3-5,2000,9,1-3,200,1,,,,,,,
20260716,蒲郡,5,予選,晴,南西,5,3,1,6,4320,峰 竜 太,48,27,6.64,4,0.16,1.50.4,6-3-1,12800,44,6-3,2210,9,1-3-6,1570,6,3-6,1200,5,,,,,,,
20260716,蒲郡,5,予選,晴,南西,5,3,2,3,4227,安 達 裕 樹,51,75,6.71,3,0.18,1.52.5,6-3-1,12800,44,6-3,2210,9,1-3-6,1570,6,3-6,1200,5,,,,,,,
20260716,蒲郡,5,予選,晴,南西,5,3,3,1,4027,松 江 秀 徳,50,30,6.66,1,0.18,1.53.6,6-3-1,12800,44,6-3,2210,9,1-3-6,1570,6,3-6,1200,5,,,,,,,
20260716,蒲郡,5,予選,晴,南西,5,3,4,4,4715,村 上 遼,75,50,6.68,5,0.22,1.55.4,6-3-1,12800,44,6-3,2210,9,1-3-6,1570,6,3-6,1200,5,,,,,,,
20260716,蒲郡,5,予選,晴,南西,5,3,5,2,4030,森 高 一 真,40,25,6.63,2,0.16,,6-3-1,12800,44,6-3,2210,9,1-3-6,1570,6,3-6,1200,5,,,,,,,
20260716,蒲郡,5,予選,晴,南西,5,3,6,5,4109,谷 津 幸 宏,55,76,6.70,6,0.18,,6-3-1,12800,44,6-3,2210,9,1-3-6,1570,6,3-6,1200,5,,,,,,,
20260716,蒲郡,6,予選,晴,南西,5,3,1,5,4757,山 田 祐 也,59,38,6.64,5,0.09,1.50.7,5-4-1,14550,34,5-4,5170,14,1-4-5,980,4,4-5,2100,5,,,,,,,
20260716,蒲郡,6,予選,晴,南西,5,3,2,4,4269,杉 山 裕 也,46,61,6.62,4,0.17,1.51.9,5-4-1,14550,34,5-4,5170,14,1-4-5,980,4,4-5,2100,5,,,,,,,
20260716,蒲郡,6,予選,晴,南西,5,3,3,1,4324,海 野 康志郎,29,69,6.66,1,0.19,1.53.8,5-4-1,14550,34,5-4,5170,14,1-4-5,980,4,4-5,2100,5,,,,,,,
20260716,蒲郡,6,予選,晴,南西,5,3,4,3,4477,篠 崎 仁 志,77,17,6.70,3,0.24,1.55.5,5-4-1,14550,34,5-4,5170,14,1-4-5,980,4,4-5,2100,5,,,,,,,
20260716,蒲郡,6,予選,晴,南西,5,3,5,6,3978,齊 藤 仁,58,35,6.67,6,0.14,,5-4-1,14550,34,5-4,5170,14,1-4-5,980,4,4-5,2100,5,,,,,,,
20260716,蒲郡,6,予選,晴,南西,5,3,6,2,4505,島 田 賢 人,20,31,6.62,2,0.42,,5-4-1,14550,34,5-4,5170,14,1-4-5,980,4,4-5,2100,5,,,,,,,
20260716,蒲郡,7,予選,晴,南西,4,2,1,1,4856,豊 田 健士郎,17,65,6.66,1,0.14,1.50.3,1-5-2,1880,6,1-5,730,3,1-2-5,510,2,1-5,490,2,,,,,,,
20260716,蒲郡,7,予選,晴,南西,4,2,2,5,3783,瓜 生 正 義,41,49,6.75,6,0.09,1.52.0,1-5-2,1880,6,1-5,730,3,1-2-5,510,2,1-5,490,2,,,,,,,
20260716,蒲郡,7,予選,晴,南西,4,2,3,2,3983,須 藤 博 倫,21,58,6.62,2,0.19,1.52.9,1-5-2,1880,6,1-5,730,3,1-2-5,510,2,1-5,490,2,,,,,,,
20260716,蒲郡,7,予選,晴,南西,4,2,4,3,4055,吉 田 俊 彦,49,13,6.76,4,0.12,1.54.8,1-5-2,1880,6,1-5,730,3,1-2-5,510,2,1-5,490,2,,,,,,,
20260716,蒲郡,7,予選,晴,南西,4,2,5,6,3721,守 田 俊 介,39,47,6.71,3,0.14,,1-5-2,1880,6,1-5,730,3,1-2-5,510,2,1-5,490,2,,,,,,,
20260716,蒲郡,7,予選,晴,南西,4,2,6,4,4148,枝 尾 賢,19,40,6.68,5,0.11,,1-5-2,1880,6,1-5,730,3,1-2-5,510,2,1-5,490,2,,,,,,,
20260716,蒲郡,8,予選,晴,西,3,1,1,6,4903,吉 田 凌太朗,70,74,6.67,6,0.15,1.50.6,6-4-2,22830,50,6-4,5840,13,2-4-6,1270,5,4-6,1250,5,,,,,,,
20260716,蒲郡,8,予選,晴,西,3,1,2,4,3941,池 田 浩 二,64,16,6.71,3,0.13,1.51.8,6-4-2,22830,50,6-4,5840,13,2-4-6,1270,5,4-6,1250,5,,,,,,,
20260716,蒲郡,8,予選,晴,西,3,1,3,2,4643,近 江 翔 吾,37,33,6.62,2,0.13,1.53.0,6-4-2,22830,50,6-4,5840,13,2-4-6,1270,5,4-6,1250,5,,,,,,,
20260716,蒲郡,8,予選,晴,西,3,1,4,3,3717,立 間 充 宏,16,15,6.68,5,0.25,1.55.1,6-4-2,22830,50,6-4,5840,13,2-4-6,1270,5,4-6,1250,5,,,,,,,
20260716,蒲郡,8,予選,晴,西,3,1,5,1,3779,原 田 幸 哉,27,60,6.70,1,0.16,,6-4-2,22830,50,6-4,5840,13,2-4-6,1270,5,4-6,1250,5,,,,,,,
20260716,蒲郡,8,予選,晴,西,3,1,6,5,3499,市 川 哲 也,45,52,6.72,4,0.14,,6-4-2,22830,50,6-4,5840,13,2-4-6,1270,5,4-6,1250,5,,,,,,,
20260716,蒲郡,9,予選,晴,南西,3,1,1,1,4847,佐 藤 隆太郎,22,28,6.62,1,0.15,1.50.3,1-3-4,790,1,1-3,250,1,1-3-4,420,2,1-3,200,1,,,,,,,
20260716,蒲郡,9,予選,晴,南西,3,1,2,3,4831,羽 野 直 也,30,51,6.74,3,0.14,1.52.0,1-3-4,790,1,1-3,250,1,1-3-4,420,2,1-3,200,1,,,,,,,
20260716,蒲郡,9,予選,晴,南西,3,1,3,4,3874,山 本 寛 久,63,64,6.70,4,0.10,1.53.2,1-3-4,790,1,1-3,250,1,1-3-4,420,2,1-3,200,1,,,,,,,
20260716,蒲郡,9,予選,晴,南西,3,1,4,6,3422,服 部 幸 男,26,18,6.73,5,0.17,1.54.9,1-3-4,790,1,1-3,250,1,1-3-4,420,2,1-3,200,1,,,,,,,
20260716,蒲郡,9,予選,晴,南西,3,1,5,5,4539,金 子 賢 志,24,37,6.68,6,0.17,,1-3-4,790,1,1-3,250,1,1-3-4,420,2,1-3,200,1,,,,,,,
20260716,蒲郡,9,予選,晴,南西,3,1,6,2,4715,村 上 遼,75,50,6.70,2,0.10,,1-3-4,790,1,1-3,250,1,1-3-4,420,2,1-3,200,1,,,,,,,
20260716,蒲郡,10,予選,晴,南西,2,1,1,2,4320,峰 竜 太,48,27,6.76,2,0.19,1.50.4,2-1-4,1120,3,2-1,290,1,1-2-4,380,2,1-2,130,1,,,,,,,
20260716,蒲郡,10,予選,晴,南西,2,1,2,1,4290,稲 田 浩 二,14,23,6.79,1,0.25,1.51.7,2-1-4,1120,3,2-1,290,1,1-2-4,380,2,1-2,130,1,,,,,,,
20260716,蒲郡,10,予選,晴,南西,2,1,3,4,4042,丸 岡 正 典,32,71,6.77,4,0.11,1.53.1,2-1-4,1120,3,2-1,290,1,1-2-4,380,2,1-2,130,1,,,,,,,
20260716,蒲郡,10,予選,晴,南西,2,1,4,6,3719,辻 栄 蔵,60,77,6.80,6,0.12,1.53.3,2-1-4,1120,3,2-1,290,1,1-2-4,380,2,1-2,130,1,,,,,,,
20260716,蒲郡,10,予選,晴,南西,2,1,5,3,4645,上 村 純 一,65,19,6.77,3,0.13,,2-1-4,1120,3,2-1,290,1,1-2-4,380,2,1-2,130,1,,,,,,,
20260716,蒲郡,10,予選,晴,南西,2,1,6,5,4505,島 田 賢 人,20,31,6.78,5,0.05,,2-1-4,1120,3,2-1,290,1,1-2-4,380,2,1-2,130,1,,,,,,,
20260716,蒲郡,11,予選,晴,南西,1,0,1,1,4477,篠 崎 仁 志,77,17,6.75,1,0.17,1.49.9,1-3-4,1660,5,1-3,330,2,1-3-4,1000,4,1-3,280,1,,,,,,,
20260716,蒲郡,11,予選,晴,南西,1,0,2,3,4261,岡 祐 臣,35,32,6.74,3,0.21,1.50.6,1-3-4,1660,5,1-3,330,2,1-3-4,1000,4,1-3,280,1,,,,,,,
20260716,蒲郡,11,予選,晴,南西,1,0,3,4,4759,今 泉 友 吾,76,11,6.83,4,0.21,1.52.0,1-3-4,1660,5,1-3,330,2,1-3-4,1000,4,1-3,280,1,,,,,,,
20260716,蒲郡,11,予選,晴,南西,1,0,4,6,4030,森 高 一 真,40,25,6.76,6,0.21,1.53.2,1-3-4,1660,5,1-3,330,2,1-3-4,1000,4,1-3,280,1,,,,,,,
20260716,蒲郡,11,予選,晴,南西,1,0,5,5,4856,豊 田 健士郎,17,65,6.79,5,0.19,,1-3-4,1660,5,1-3,330,2,1-3-4,1000,4,1-3,280,1,,,,,,,
20260716,蒲郡,11,予選,晴,南西,1,0,6,2,4168,石 野 貴 之,33,36,6.75,2,0.25,,1-3-4,1660,5,1-3,330,2,1-3-4,1000,4,1-3,280,1,,,,,,,
20260716,蒲郡,12,一般戦,晴,北東,2,1,1,1,4757,山 田 祐 也,59,38,6.88,1,0.05,1.50.2,1-3-4,410,1,1-3,230,1,1-3-4,220,1,1-3,260,2,,,,,,,
20260716,蒲郡,12,一般戦,晴,北東,2,1,2,3,4437,中 田 元 泰,52,67,6.88,3,0.02,1.51.9,1-3-4,410,1,1-3,230,1,1-3-4,220,1,1-3,260,2,,,,,,,
20260716,蒲郡,12,一般戦,晴,北東,2,1,3,4,4227,安 達 裕 樹,51,75,6.89,4,0.06,1.53.3,1-3-4,410,1,1-3,230,1,1-3-4,220,1,1-3,260,2,,,,,,,
20260716,蒲郡,12,一般戦,晴,北東,2,1,4,5,4148,枝 尾 賢,19,40,6.90,5,0.04,1.54.6,1-3-4,410,1,1-3,230,1,1-3-4,220,1,1-3,260,2,,,,,,,
20260716,蒲郡,12,一般戦,晴,北東,2,1,5,6,4276,鈴 木 勝 博,15,41,6.85,6,0.07,,1-3-4,410,1,1-3,230,1,1-3-4,220,1,1-3,260,2,,,,,,,
20260716,蒲郡,12,一般戦,晴,北東,2,1,F,2,3995,重 野 哲 之,47,66,6.82,2,F0.01,,1-3-4,410,1,1-3,230,1,1-3-4,220,1,1-3,260,2,,,,,,,
