date,venue_name,race_no,race_type,weather,wind_dir,wind_ms,wave_cm,rank,waku,reg_no,name,motor_no,boat_no,exhibition_time,course_enter,st_timing,race_time,won3,won3_pay,won3_pop,won2,won2_pay,won2_pop,trio,trio_pay,trio_pop,pair,pair_pay,pair_pop
20260830,びわこ,1,一般,晴,南,2,2,1,5,3882,新 田 智 彰,21,41,6.80,5,0.14,1.52.3,5-4-1,35910,78,5-4,9470,23,1-4-5,1420,7,4-5,4110,10
20260830,びわこ,1,一般,晴,南,2,2,2,4,3619,長谷川 充,12,57,6.79,4,0.17,1.53.6,5-4-1,35910,78,5-4,9470,23,1-4-5,1420,7,4-5,4110,10
20260830,びわこ,1,一般,晴,南,2,2,3,1,3807,岡 部 哲,33,73,6.70,1,0.11,1.55.1,5-4-1,35910,78,5-4,9470,23,1-4-5,1420,7,4-5,4110,10
20260830,びわこ,1,一般,晴,南,2,2,4,6,4846,佐 藤 駿 介,40,45,6.69,6,0.16,1.56.2,5-4-1,35910,78,5-4,9470,23,1-4-5,1420,7,4-5,4110,10
20260830,びわこ,1,一般,晴,南,2,2,5,2,4209,藤 田 竜 弘,73,50,6.71,2,0.16,,5-4-1,35910,78,5-4,9470,23,1-4-5,1420,7,4-5,4110,10
20260830,びわこ,1,一般,晴,南,2,2,6,3,5294,豊 田 祥 生,38,16,6.82,3,0.23,,5-4-1,35910,78,5-4,9470,23,1-4-5,1420,7,4-5,4110,10
20260830,びわこ,2,一般,晴,南西,2,2,1,1,5279,石 渡 翔一郎,45,58,6.71,1,0.05,1.50.8,1-3-5,2830,9,1-3,910,3,1-3-5,1370,7,1-3,600,2
20260830,びわこ,2,一般,晴,南西,2,2,2,3,4711,前 出 達 吉,57,71,6.75,3,0.13,1.52.1,1-3-5,2830,9,1-3,910,3,1-3-5,1370,7,1-3,600,2
20260830,びわこ,2,一般,晴,南西,2,2,3,5,4754,松 尾 充,39,56,6.79,5,0.13,1.53.6,1-3-5,2830,9,1-3,910,3,1-3-5,1370,7,1-3,600,2
20260830,びわこ,2,一般,晴,南西,2,2,4,2,4427,秦 英 悟,23,61,6.70,2,0.12,1.55.2,1-3-5,2830,9,1-3,910,3,1-3-5,1370,7,1-3,600,2
20260830,びわこ,2,一般,晴,南西,2,2,5,6,3156,金 子 良 昭,22,28,6.66,6,0.15,,1-3-5,2830,9,1-3,910,3,1-3-5,1370,7,1-3,600,2
20260830,びわこ,2,一般,晴,南西,2,2,6,4,4151,下 河 誉 史,37,27,6.75,4,0.11,,1-3-5,2830,9,1-3,910,3,1-3-5,1370,7,1-3,600,2
20260830,びわこ,3,一般,晴,南東,1,1,1,2,3984,坂 口 周,63,62,6.72,2,0.16,1.50.8,2-1-6,8790,32,2-1,820,3,1-2-6,2070,9,1-2,340,1
20260830,びわこ,3,一般,晴,南東,1,1,2,1,3430,角 浜 修,31,47,6.71,1,0.13,1.51.8,2-1-6,8790,32,2-1,820,3,1-2-6,2070,9,1-2,340,1
20260830,びわこ,3,一般,晴,南東,1,1,3,6,5085,中 村 栄 治,24,54,6.72,6,0.26,1.53.3,2-1-6,8790,32,2-1,820,3,1-2-6,2070,9,1-2,340,1
20260830,びわこ,3,一般,晴,南東,1,1,4,3,5075,中 島 秀 治,16,52,6.74,3,0.20,1.54.2,2-1-6,8790,32,2-1,820,3,1-2-6,2070,9,1-2,340,1
20260830,びわこ,3,一般,晴,南東,1,1,5,5,3563,堤 昇,55,37,6.69,5,0.22,,2-1-6,8790,32,2-1,820,3,1-2-6,2070,9,1-2,340,1
20260830,びわこ,3,一般,晴,南東,1,1,6,4,4866,橋 本 英 一,67,33,6.71,4,0.21,,2-1-6,8790,32,2-1,820,3,1-2-6,2070,9,1-2,340,1
20260830,びわこ,4,一般,晴,南東,1,1,1,2,3473,石 川 真 二,27,48,6.78,2,0.09,1.50.2,2-1-5,2110,6,2-1,820,3,1-2-5,380,1,1-2,430,2
20260830,びわこ,4,一般,晴,南東,1,1,2,1,3516,吉 原 聖 人,25,43,6.59,1,0.15,1.52.3,2-1-5,2110,6,2-1,820,3,1-2-5,380,1,1-2,430,2
20260830,びわこ,4,一般,晴,南東,1,1,3,5,5064,品 川 二千翔,11,46,6.73,5,0.17,1.52.6,2-1-5,2110,6,2-1,820,3,1-2-5,380,1,1-2,430,2
20260830,びわこ,4,一般,晴,南東,1,1,4,3,4424,松 尾 昂 明,26,23,6.59,3,0.13,1.54.7,2-1-5,2110,6,2-1,820,3,1-2-5,380,1,1-2,430,2
20260830,びわこ,4,一般,晴,南東,1,1,5,4,3614,谷 勝 幸,51,36,6.77,4,0.19,,2-1-5,2110,6,2-1,820,3,1-2-5,380,1,1-2,430,2
20260830,びわこ,4,一般,晴,南東,1,1,6,6,5456,今 村 天次朗,35,12,6.61,6,0.16,,2-1-5,2110,6,2-1,820,3,1-2-5,380,1,1-2,430,2
20260830,びわこ,5,一般,晴,南,5,4,1,1,4261,岡 祐 臣,70,55,6.76,1,0.15,1.52.2,1-2-6,920,1,1-2,570,3,1-2-6,430,2,1-2,410,2
20260830,びわこ,5,一般,晴,南,5,4,2,2,5350,網 代 良 芽,32,44,6.68,2,0.20,1.53.9,1-2-6,920,1,1-2,570,3,1-2-6,430,2,1-2,410,2
20260830,びわこ,5,一般,晴,南,5,4,3,6,4483,北 野 輝 季,65,22,6.74,6,0.21,1.54.8,1-2-6,920,1,1-2,570,3,1-2-6,430,2,1-2,410,2
20260830,びわこ,5,一般,晴,南,5,4,4,5,5393,藤 原 駿,48,63,6.77,5,0.21,1.55.2,1-2-6,920,1,1-2,570,3,1-2-6,430,2,1-2,410,2
20260830,びわこ,5,一般,晴,南,5,4,5,3,5333,山 下 智 己,30,35,6.72,3,0.21,,1-2-6,920,1,1-2,570,3,1-2-6,430,2,1-2,410,2
20260830,びわこ,5,一般,晴,南,5,4,6,4,3740,大 澤 普 司,71,17,6.83,4,0.25,,1-2-6,920,1,1-2,570,3,1-2-6,430,2,1-2,410,2
20260830,びわこ,6,一般,晴,南,3,2,1,1,4311,岡 村 仁,52,68,6.70,1,0.14,1.51.5,1-2-6,2170,10,1-2,320,1,1-2-6,900,4,1-2,530,3
20260830,びわこ,6,一般,晴,南,3,2,2,2,5240,高 橋 龍 治,69,14,6.70,2,0.10,1.53.1,1-2-6,2170,10,1-2,320,1,1-2-6,900,4,1-2,530,3
20260830,びわこ,6,一般,晴,南,3,2,3,6,5016,宮 田 龍 馬,36,70,6.69,6,0.15,1.54.5,1-2-6,2170,10,1-2,320,1,1-2-6,900,4,1-2,530,3
20260830,びわこ,6,一般,晴,南,3,2,4,5,4555,富 永 大 一,59,39,6.80,5,0.18,1.55.0,1-2-6,2170,10,1-2,320,1,1-2-6,900,4,1-2,530,3
20260830,びわこ,6,一般,晴,南,3,2,5,3,3807,岡 部 哲,33,73,6.71,3,0.15,,1-2-6,2170,10,1-2,320,1,1-2-6,900,4,1-2,530,3
20260830,びわこ,6,一般,晴,南,3,2,6,4,5228,若 林 樹 蘭,72,38,6.75,4,0.18,,1-2-6,2170,10,1-2,320,1,1-2-6,900,4,1-2,530,3
20260830,びわこ,7,一般,晴,南,4,3,1,1,4151,下 河 誉 史,37,27,6.67,1,0.22,1.53.2,1-5-4,22610,65,1-5,3000,12,1-4-5,7040,17,1-5,1960,8
20260830,びわこ,7,一般,晴,南,4,3,2,5,5313,鈴 木 唯 央,50,19,6.65,6,0.18,1.53.9,1-5-4,22610,65,1-5,3000,12,1-4-5,7040,17,1-5,1960,8
20260830,びわこ,7,一般,晴,南,4,3,3,4,5427,港 理 樹,15,69,6.79,5,0.17,1.55.0,1-5-4,22610,65,1-5,3000,12,1-4-5,7040,17,1-5,1960,8
20260830,びわこ,7,一般,晴,南,4,3,4,6,3582,吉 川 昭 男,47,34,6.73,3,0.19,1.55.6,1-5-4,22610,65,1-5,3000,12,1-4-5,7040,17,1-5,1960,8
20260830,びわこ,7,一般,晴,南,4,3,5,3,5196,鰐 部 太空海,28,30,6.68,4,0.19,,1-5-4,22610,65,1-5,3000,12,1-4-5,7040,17,1-5,1960,8
20260830,びわこ,7,一般,晴,南,4,3,6,2,3619,長谷川 充,12,57,6.81,2,0.25,,1-5-4,22610,65,1-5,3000,12,1-4-5,7040,17,1-5,1960,8
20260830,びわこ,8,一般,晴,南西,2,2,1,1,5160,藤 森 陸 斗,43,11,6.61,1,0.13,1.51.2,1-2-3,2580,10,1-2,440,1,1-2-3,1820,8,1-2,350,2
20260830,びわこ,8,一般,晴,南西,2,2,2,2,3882,新 田 智 彰,21,41,6.77,2,0.17,1.52.3,1-2-3,2580,10,1-2,440,1,1-2-3,1820,8,1-2,350,2
20260830,びわこ,8,一般,晴,南西,2,2,3,3,4110,小 澤 和 也,60,13,6.74,3,0.22,1.53.2,1-2-3,2580,10,1-2,440,1,1-2-3,1820,8,1-2,350,2
20260830,びわこ,8,一般,晴,南西,2,2,4,6,4520,高 倉 孝 太,14,24,6.57,6,0.24,1.54.3,1-2-3,2580,10,1-2,440,1,1-2-3,1820,8,1-2,350,2
20260830,びわこ,8,一般,晴,南西,2,2,5,5,4587,木 田 峰由季,56,26,6.74,5,0.23,,1-2-3,2580,10,1-2,440,1,1-2-3,1820,8,1-2,350,2
20260830,びわこ,8,一般,晴,南西,2,2,6,4,3430,角 浜 修,31,47,6.72,4,0.21,,1-2-3,2580,10,1-2,440,1,1-2-3,1820,8,1-2,350,2
20260830,びわこ,9,一般,晴,南,1,1,1,3,3516,吉 原 聖 人,25,43,6.66,3,0.12,1.51.3,3-1-6,14990,49,3-1,1700,6,1-3-6,3380,14,1-3,450,2
20260830,びわこ,9,一般,晴,南,1,1,2,1,4711,前 出 達 吉,57,71,6.69,1,0.03,1.52.6,3-1-6,14990,49,3-1,1700,6,1-3-6,3380,14,1-3,450,2
20260830,びわこ,9,一般,晴,南,1,1,3,6,3212,亀 本 勇 樹,68,53,6.83,4,0.09,1.53.8,3-1-6,14990,49,3-1,1700,6,1-3-6,3380,14,1-3,450,2
20260830,びわこ,9,一般,晴,南,1,1,4,5,5255,藤 原 仙 二,46,60,6.79,5,0.11,1.54.0,3-1-6,14990,49,3-1,1700,6,1-3-6,3380,14,1-3,450,2
20260830,びわこ,9,一般,晴,南,1,1,5,2,4866,橋 本 英 一,67,33,6.88,2,0.11,,3-1-6,14990,49,3-1,1700,6,1-3-6,3380,14,1-3,450,2
20260830,びわこ,9,一般,晴,南,1,1,6,4,5350,網 代 良 芽,32,44,6.73,6,0.11,,3-1-6,14990,49,3-1,1700,6,1-3-6,3380,14,1-3,450,2
20260830,びわこ,10,準優勝戦,晴,南西,1,1,1,1,5016,宮 田 龍 馬,36,70,6.71,1,0.08,1.50.9,1-2-5,660,2,1-2,190,1,1-2-5,340,2,1-2,230,1
20260830,びわこ,10,準優勝戦,晴,南西,1,1,2,2,5064,品 川 二千翔,11,46,6.73,2,0.15,1.52.3,1-2-5,660,2,1-2,190,1,1-2-5,340,2,1-2,230,1
20260830,びわこ,10,準優勝戦,晴,南西,1,1,3,5,4427,秦 英 悟,23,61,6.82,5,0.22,1.54.0,1-2-5,660,2,1-2,190,1,1-2-5,340,2,1-2,230,1
20260830,びわこ,10,準優勝戦,晴,南西,1,1,4,3,3740,大 澤 普 司,71,17,6.87,3,0.13,1.55.1,1-2-5,660,2,1-2,190,1,1-2-5,340,2,1-2,230,1
20260830,びわこ,10,準優勝戦,晴,南西,1,1,5,6,3984,坂 口 周,63,62,6.79,6,0.21,,1-2-5,660,2,1-2,190,1,1-2-5,340,2,1-2,230,1
20260830,びわこ,10,準優勝戦,晴,南西,1,1,6,4,5294,豊 田 祥 生,38,16,6.72,4,0.15,,1-2-5,660,2,1-2,190,1,1-2-5,340,2,1-2,230,1
20260830,びわこ,11,準優勝戦,晴,南,5,4,1,1,4483,北 野 輝 季,65,22,6.65,1,0.12,1.51.9,1-4-6,3300,12,1-4,550,3,1-4-6,1710,8,1-4,370,3
20260830,びわこ,11,準優勝戦,晴,南,5,4,2,4,4424,松 尾 昂 明,26,23,6.62,4,0.10,1.53.7,1-4-6,3300,12,1-4,550,3,1-4-6,1710,8,1-4,370,3
20260830,びわこ,11,準優勝戦,晴,南,5,4,3,6,5279,石 渡 翔一郎,45,58,6.76,6,0.07,1.54.3,1-4-6,3300,12,1-4,550,3,1-4-6,1710,8,1-4,370,3
20260830,びわこ,11,準優勝戦,晴,南,5,4,4,3,5228,若 林 樹 蘭,72,38,6.66,3,0.15,1.54.7,1-4-6,3300,12,1-4,550,3,1-4-6,1710,8,1-4,370,3
20260830,びわこ,11,準優勝戦,晴,南,5,4,5,2,3563,堤 昇,55,37,6.75,2,0.18,,1-4-6,3300,12,1-4,550,3,1-4-6,1710,8,1-4,370,3
20260830,びわこ,11,準優勝戦,晴,南,5,4,6,5,4209,藤 田 竜 弘,73,50,6.71,5,0.12,,1-4-6,3300,12,1-4,550,3,1-4-6,1710,8,1-4,370,3
20260830,びわこ,12,準優勝戦,晴,南,1,1,1,1,3582,吉 川 昭 男,47,34,6.73,1,0.12,1.51.6,1-5-2,1470,3,1-5,790,3,1-2-5,650,3,1-5,190,1
20260830,びわこ,12,準優勝戦,晴,南,1,1,2,5,3473,石 川 真 二,27,48,6.77,2,0.11,1.52.4,1-5-2,1470,3,1-5,790,3,1-2-5,650,3,1-5,190,1
20260830,びわこ,12,準優勝戦,晴,南,1,1,3,2,4754,松 尾 充,39,56,6.78,3,0.14,1.53.5,1-5-2,1470,3,1-5,790,3,1-2-5,650,3,1-5,190,1
20260830,びわこ,12,準優勝戦,晴,南,1,1,4,4,5075,中 島 秀 治,16,52,6.66,5,0.13,1.53.5,1-5-2,1470,3,1-5,790,3,1-2-5,650,3,1-5,190,1
20260830,びわこ,12,準優勝戦,晴,南,1,1,5,6,5160,藤 森 陸 斗,43,11,6.62,6,0.17,,1-5-2,1470,3,1-5,790,3,1-2-5,650,3,1-5,190,1
20260830,びわこ,12,準優勝戦,晴,南,1,1,6,3,4311,岡 村 仁,52,68,6.73,4,0.15,,1-5-2,1470,3,1-5,790,3,1-2-5,650,3,1-5,190,1
20260830,下関,1,予選,晴,西,3,3,1,1,5311,小 林 京 平,53,71,6.78,1,0.10,1.50.0,1-3-2,1330,4,1-3,260,1,1-2-3,790,4,1-3,250,1
20260830,下関,1,予選,晴,西,3,3,2,3,3558,山 本 浩 次,62,21,6.78,3,0.13,1.51.9,1-3-2,1330,4,1-3,260,1,1-2-3,790,4,1-3,250,1
20260830,下関,1,予選,晴,西,3,3,3,2,5241,門 田 栞,45,14,6.84,2,0.12,1.52.7,1-3-2,1330,4,1-3,260,1,1-2-3,790,4,1-3,250,1
20260830,下関,1,予選,晴,西,3,3,4,5,4163,山 崎 裕 司,13,55,6.80,5,0.13,1.54.1,1-3-2,1330,4,1-3,260,1,1-2-3,790,4,1-3,250,1
20260830,下関,1,予選,晴,西,3,3,5,4,4017,向 井 美 鈴,51,60,6.86,4,0.17,,1-3-2,1330,4,1-3,260,1,1-2-3,790,4,1-3,250,1
20260830,下関,1,予選,晴,西,3,3,6,6,5148,松 本 怜,36,18,6.85,6,0.18,,1-3-2,1330,4,1-3,260,1,1-2-3,790,4,1-3,250,1
20260830,下関,2,予選,晴,西,3,3,1,2,5356,長谷川 暖,30,34,6.82,2,0.14,1.50.9,2-4-5,6340,30,2-4,3320,14,2-4-5,1360,8,2-4,1240,9
20260830,下関,2,予選,晴,西,3,3,2,4,5083,柳 瀬 幹 太,64,39,6.88,4,0.08,1.52.2,2-4-5,6340,30,2-4,3320,14,2-4-5,1360,8,2-4,1240,9
20260830,下関,2,予選,晴,西,3,3,3,5,4710,福 田 宗 平,66,58,6.83,5,0.06,1.53.9,2-4-5,6340,30,2-4,3320,14,2-4-5,1360,8,2-4,1240,9
20260830,下関,2,予選,晴,西,3,3,4,3,4417,服 部 剛,68,40,6.86,3,0.13,1.54.7,2-4-5,6340,30,2-4,3320,14,2-4-5,1360,8,2-4,1240,9
20260830,下関,2,予選,晴,西,3,3,5,1,3951,石 川 吉 鎬,41,31,6.86,1,0.23,,2-4-5,6340,30,2-4,3320,14,2-4-5,1360,8,2-4,1240,9
20260830,下関,2,予選,晴,西,3,3,6,6,5459,田 中 き ら,35,12,6.84,6,0.08,,2-4-5,6340,30,2-4,3320,14,2-4-5,1360,8,2-4,1240,9
20260830,下関,3,予選,晴,西,3,3,1,3,4798,浜 先 真 範,44,19,6.83,3,0.11,1.49.9,3-1-5,2920,10,3-1,570,2,1-3-5,930,4,1-3,290,1
20260830,下関,3,予選,晴,西,3,3,2,1,4836,大 谷 健 太,40,43,6.77,1,0.14,1.51.6,3-1-5,2920,10,3-1,570,2,1-3-5,930,4,1-3,290,1
20260830,下関,3,予選,晴,西,3,3,3,5,4139,丹 下 健,57,29,6.86,5,0.14,1.53.5,3-1-5,2920,10,3-1,570,2,1-3-5,930,4,1-3,290,1
20260830,下関,3,予選,晴,西,3,3,4,4,4363,大 野 芳 顕,39,11,6.81,4,0.14,1.54.6,3-1-5,2920,10,3-1,570,2,1-3-5,930,4,1-3,290,1
20260830,下関,3,予選,晴,西,3,3,5,6,4156,浜 野 孝 志,27,63,6.87,6,0.13,,3-1-5,2920,10,3-1,570,2,1-3-5,930,4,1-3,290,1
20260830,下関,3,予選,晴,西,3,3,6,2,5296,永 田 楽,21,67,6.77,2,0.15,,3-1-5,2920,10,3-1,570,2,1-3-5,930,4,1-3,290,1
20260830,下関,4,予選,晴,西,2,2,1,1,4422,永 井 亮 次,33,51,6.74,1,0.15,1.50.5,1-3-5,3000,14,1-3,810,5,1-3-5,1180,8,1-3,780,5
20260830,下関,4,予選,晴,西,2,2,2,3,3712,淺 香 文 武,14,61,6.82,3,0.09,1.51.6,1-3-5,3000,14,1-3,810,5,1-3-5,1180,8,1-3,780,5
20260830,下関,4,予選,晴,西,2,2,3,5,4539,金 子 賢 志,71,46,6.79,5,0.14,1.52.7,1-3-5,3000,14,1-3,810,5,1-3-5,1180,8,1-3,780,5
20260830,下関,4,予選,晴,西,2,2,4,2,4111,奥 田 誠,15,56,6.80,2,0.16,1.54.1,1-3-5,3000,14,1-3,810,5,1-3-5,1180,8,1-3,780,5
20260830,下関,4,予選,晴,西,2,2,5,4,4364,池 永 太,58,44,6.79,4,0.07,,1-3-5,3000,14,1-3,810,5,1-3-5,1180,8,1-3,780,5
20260830,下関,4,予選,晴,西,2,2,6,6,5391,出 穂 和 鼓,37,41,6.82,6,0.21,,1-3-5,3000,14,1-3,810,5,1-3-5,1180,8,1-3,780,5
20260830,下関,5,シーモ戦,晴,西,3,3,1,4,4381,田 路 朋 史,50,15,6.78,4,0.13,1.51.6,4-5-2,13850,23,4-5,5090,8,2-4-5,6070,9,4-5,3520,6
20260830,下関,5,シーモ戦,晴,西,3,3,2,5,5341,山 道 諄 也,18,49,6.87,5,0.21,1.52.7,4-5-2,13850,23,4-5,5090,8,2-4-5,6070,9,4-5,3520,6
20260830,下関,5,シーモ戦,晴,西,3,3,3,2,5173,谷 口 佳 蓮,61,50,6.77,2,0.36,1.54.4,4-5-2,13850,23,4-5,5090,8,2-4-5,6070,9,4-5,3520,6
20260830,下関,5,シーモ戦,晴,西,3,3,4,1,4762,藤 原 啓史朗,25,25,6.76,1,0.37,1.54.5,4-5-2,13850,23,4-5,5090,8,2-4-5,6070,9,4-5,3520,6
20260830,下関,5,シーモ戦,晴,西,3,3,5,6,5397,寺 田 夢 生,11,32,6.82,6,0.16,,4-5-2,13850,23,4-5,5090,8,2-4-5,6070,9,4-5,3520,6
20260830,下関,5,シーモ戦,晴,西,3,3,6,3,3967,鈴 木 茂 高,72,38,6.86,3,0.74,,4-5-2,13850,23,4-5,5090,8,2-4-5,6070,9,4-5,3520,6
20260830,下関,6,予選,晴,北西,2,2,1,3,4850,野 中 一 平,28,23,6.83,3,0.06,1.49.7,3-4-2,3810,16,3-4,670,2,2-3-4,1130,5,3-4,360,1
20260830,下関,6,予選,晴,北西,2,2,2,4,4295,小 坂 尚 哉,12,45,6.78,4,0.06,1.50.3,3-4-2,3810,16,3-4,670,2,2-3-4,1130,5,3-4,360,1
20260830,下関,6,予選,晴,北西,2,2,3,2,4017,向 井 美 鈴,51,60,6.88,2,0.13,1.53.0,3-4-2,3810,16,3-4,670,2,2-3-4,1130,5,3-4,360,1
20260830,下関,6,予選,晴,北西,2,2,4,5,3719,辻 栄 蔵,65,68,6.80,5,0.18,1.53.5,3-4-2,3810,16,3-4,670,2,2-3-4,1130,5,3-4,360,1
20260830,下関,6,予選,晴,北西,2,2,5,6,4562,阪 本 勇 介,70,72,6.86,6,0.20,,3-4-2,3810,16,3-4,670,2,2-3-4,1130,5,3-4,360,1
20260830,下関,6,予選,晴,北西,2,2,6,1,5117,冨名腰 桃 奈,20,20,6.84,1,0.20,,3-4-2,3810,16,3-4,670,2,2-3-4,1130,5,3-4,360,1
20260830,下関,7,ふく～る特賞,晴,西,1,1,1,4,5311,小 林 京 平,53,71,6.75,4,0.12,1.49.2,4-5-6,6820,24,4-5,3090,10,4-5-6,3590,9,4-5,1680,6
20260830,下関,7,ふく～る特賞,晴,西,1,1,2,5,4417,服 部 剛,68,40,6.81,5,0.19,1.51.0,4-5-6,6820,24,4-5,3090,10,4-5-6,3590,9,4-5,1680,6
20260830,下関,7,ふく～る特賞,晴,西,1,1,3,6,4108,吉 村 正 明,16,64,6.82,6,0.14,1.53.0,4-5-6,6820,24,4-5,3090,10,4-5-6,3590,9,4-5,1680,6
20260830,下関,7,ふく～る特賞,晴,西,1,1,4,2,4398,船 岡 洋一郎,63,27,6.75,2,0.18,1.53.0,4-5-6,6820,24,4-5,3090,10,4-5-6,3590,9,4-5,1680,6
20260830,下関,7,ふく～る特賞,晴,西,1,1,5,1,3613,角 谷 健 吾,19,62,6.81,1,0.14,,4-5-6,6820,24,4-5,3090,10,4-5-6,3590,9,4-5,1680,6
20260830,下関,7,ふく～る特賞,晴,西,1,1,6,3,4404,岸 蔭 亮,60,59,6.80,3,0.22,,4-5-6,6820,24,4-5,3090,10,4-5-6,3590,9,4-5,1680,6
20260830,下関,8,予選,晴,北西,1,1,1,6,3721,守 田 俊 介,69,26,6.92,4,0.05,1.48.5,6-4-2,7590,22,6-4,2220,6,2-4-6,2460,8,4-6,1390,6
20260830,下関,8,予選,晴,北西,1,1,2,4,4139,丹 下 健,57,29,6.79,5,0.08,1.51.6,6-4-2,7590,22,6-4,2220,6,2-4-6,2460,8,4-6,1390,6
20260830,下関,8,予選,晴,北西,1,1,3,2,3558,山 本 浩 次,62,21,6.77,2,0.19,1.53.0,6-4-2,7590,22,6-4,2220,6,2-4-6,2460,8,4-6,1390,6
20260830,下関,8,予選,晴,北西,1,1,4,1,4496,内 堀 学,17,73,6.78,1,0.25,1.53.5,6-4-2,7590,22,6-4,2220,6,2-4-6,2460,8,4-6,1390,6
20260830,下関,8,予選,晴,北西,1,1,5,3,5035,櫻 井 優,42,36,6.80,3,0.19,,6-4-2,7590,22,6-4,2220,6,2-4-6,2460,8,4-6,1390,6
20260830,下関,8,予選,晴,北西,1,1,6,5,5459,田 中 き ら,35,12,6.81,6,0.13,,6-4-2,7590,22,6-4,2220,6,2-4-6,2460,8,4-6,1390,6
20260830,下関,9,予選,晴,北,2,2,1,1,4012,中 村 有 裕,46,33,6.86,1,0.13,1.50.6,1-2-5,2820,10,1-2,320,1,1-2-5,1890,9,1-2,230,1
20260830,下関,9,予選,晴,北,2,2,2,2,4588,田 中 京 介,47,69,6.84,2,0.17,1.52.6,1-2-5,2820,10,1-2,320,1,1-2-5,1890,9,1-2,230,1
20260830,下関,9,予選,晴,北,2,2,3,5,5241,門 田 栞,45,14,6.80,5,0.28,1.54.2,1-2-5,2820,10,1-2,320,1,1-2-5,1890,9,1-2,230,1
20260830,下関,9,予選,晴,北,2,2,4,4,4836,大 谷 健 太,40,43,6.80,4,0.24,1.54.3,1-2-5,2820,10,1-2,320,1,1-2-5,1890,9,1-2,230,1
20260830,下関,9,予選,晴,北,2,2,5,6,4524,深 谷 知 博,43,42,6.89,6,0.23,,1-2-5,2820,10,1-2,320,1,1-2-5,1890,9,1-2,230,1
20260830,下関,9,予選,晴,北,2,2,6,3,3951,石 川 吉 鎬,41,31,6.89,3,0.24,,1-2-5,2820,10,1-2,320,1,1-2-5,1890,9,1-2,230,1
20260830,下関,10,予選特賞,晴,北,2,2,1,2,4850,野 中 一 平,28,23,6.89,1,0.07,1.50.0,2-3-6,580,1,2-3,280,1,2-3-6,260,1,2-3,240,1
20260830,下関,10,予選特賞,晴,北,2,2,2,3,4163,山 崎 裕 司,13,55,6.86,2,0.15,1.51.3,2-3-6,580,1,2-3,280,1,2-3-6,260,1,2-3,240,1
20260830,下関,10,予選特賞,晴,北,2,2,3,6,4798,浜 先 真 範,44,19,6.90,5,0.16,1.52.6,2-3-6,580,1,2-3,280,1,2-3-6,260,1,2-3,240,1
20260830,下関,10,予選特賞,晴,北,2,2,4,4,5356,長谷川 暖,30,34,6.90,3,0.15,1.52.6,2-3-6,580,1,2-3,280,1,2-3-6,260,1,2-3,240,1
20260830,下関,10,予選特賞,晴,北,2,2,5,5,5173,谷 口 佳 蓮,61,50,6.92,4,0.23,,2-3-6,580,1,2-3,280,1,2-3-6,260,1,2-3,240,1
20260830,下関,10,予選特賞,晴,北,2,2,K0,1,4364,池 永 太,58,44 K,,,,,2-3-6,580,1,2-3,280,1,2-3-6,260,1,2-3,240,1
20260830,下関,11,予選特選,晴,北西,1,1,1,1,3719,辻 栄 蔵,65,68,6.90,1,0.13,1.50.0,1-2-3,510,2,1-2,290,2,1-2-3,210,1,1-2,270,2
20260830,下関,11,予選特選,晴,北西,1,1,2,2,4381,田 路 朋 史,50,15,6.80,2,0.15,1.50.9,1-2-3,510,2,1-2,290,2,1-2-3,210,1,1-2,270,2
20260830,下関,11,予選特選,晴,北西,1,1,3,3,4539,金 子 賢 志,71,46,6.87,3,0.14,1.52.6,1-2-3,510,2,1-2,290,2,1-2-3,210,1,1-2,270,2
20260830,下関,11,予選特選,晴,北西,1,1,4,4,5148,松 本 怜,36,18,7.00,4,0.18,1.53.8,1-2-3,510,2,1-2,290,2,1-2-3,210,1,1-2,270,2
20260830,下関,11,予選特選,晴,北西,1,1,5,6,4363,大 野 芳 顕,39,11,6.86,6,0.11,,1-2-3,510,2,1-2,290,2,1-2-3,210,1,1-2,270,2
20260830,下関,11,予選特選,晴,北西,1,1,6,5,5083,柳 瀬 幹 太,64,39,6.91,5,0.12,,1-2-3,510,2,1-2,290,2,1-2-3,210,1,1-2,270,2
20260830,下関,12,シーボー特選,晴,北東,2,2,1,1,4295,小 坂 尚 哉,12,45,6.82,1,0.07,1.49.0,1-2-6,990,3,1-2,210,1,1-2-6,440,2,1-2,200,1
20260830,下関,12,シーボー特選,晴,北東,2,2,2,2,4762,藤 原 啓史朗,25,25,6.85,2,0.15,1.51.3,1-2-6,990,3,1-2,210,1,1-2-6,440,2,1-2,200,1
20260830,下関,12,シーボー特選,晴,北東,2,2,3,6,4398,船 岡 洋一郎,63,27,6.84,5,0.02,1.52.4,1-2-6,990,3,1-2,210,1,1-2-6,440,2,1-2,200,1
20260830,下関,12,シーボー特選,晴,北東,2,2,4,3,4111,奥 田 誠,15,56,6.90,3,0.08,1.53.6,1-2-6,990,3,1-2,210,1,1-2-6,440,2,1-2,200,1
20260830,下関,12,シーボー特選,晴,北東,2,2,5,5,4496,内 堀 学,17,73,6.89,4,0.04,,1-2-6,990,3,1-2,210,1,1-2-6,440,2,1-2,200,1
20260830,下関,12,シーボー特選,晴,北東,2,2,6,4,4710,福 田 宗 平,66,58,6.92,6,0.05,,1-2-6,990,3,1-2,210,1,1-2-6,440,2,1-2,200,1
20260830,児島,1,朝得ガァ～コ,晴,南,5,3,1,3,3361,岡 部 浩,45,13,6.99,3,0.14,1.52.2,3-4-2,31700,48,3-4,6050,13,2-3-4,3740,10,3-4,8790,9
20260830,児島,1,朝得ガァ～コ,晴,南,5,3,2,4,4666,日 笠 勝 弘,44,56,7.03,4,0.09,1.53.5,3-4-2,31700,48,3-4,6050,13,2-3-4,3740,10,3-4,8790,9
20260830,児島,1,朝得ガァ～コ,晴,南,5,3,3,2,4060,島 田 一 生,66,30,6.96,2,0.12,1.54.4,3-4-2,31700,48,3-4,6050,13,2-3-4,3740,10,3-4,8790,9
20260830,児島,1,朝得ガァ～コ,晴,南,5,3,4,1,3300,川 崎 智 幸,33,48,6.92,1,0.15,1.55.2,3-4-2,31700,48,3-4,6050,13,2-3-4,3740,10,3-4,8790,9
20260830,児島,1,朝得ガァ～コ,晴,南,5,3,5,5,5187,小 坂 風 太,35,11,6.94,5,0.15,,3-4-2,31700,48,3-4,6050,13,2-3-4,3740,10,3-4,8790,9
20260830,児島,1,朝得ガァ～コ,晴,南,5,3,6,6,5453,久 保 翔 耶,40,15,6.93,6,0.16,,3-4-2,31700,48,3-4,6050,13,2-3-4,3740,10,3-4,8790,9
20260830,児島,2,予選,晴,南,4,3,1,2,5352,西 岡 蒼 志,61,46,6.81,2,0.12,1.50.4,2-3-4,2550,8,2-3,600,3,2-3-4,980,5,2-3,360,2
20260830,児島,2,予選,晴,南,4,3,2,3,4778,堤 啓 輔,68,64,6.87,3,0.11,1.52.8,2-3-4,2550,8,2-3,600,3,2-3-4,980,5,2-3,360,2
20260830,児島,2,予選,晴,南,4,3,3,4,5285,若 林 麗,43,26,6.86,4,0.09,1.55.6,2-3-4,2550,8,2-3,600,3,2-3-4,980,5,2-3,360,2
20260830,児島,2,予選,晴,南,4,3,4,1,4429,豊 田 泰 洋,25,75,6.80,1,0.21,1.56.1,2-3-4,2550,8,2-3,600,3,2-3-4,980,5,2-3,360,2
20260830,児島,2,予選,晴,南,4,3,5,6,3775,泉 啓 文,41,19,6.90,5,0.08,,2-3-4,2550,8,2-3,600,3,2-3-4,980,5,2-3,360,2
20260830,児島,2,予選,晴,南,4,3,6,5,5465,直 江 健 成,27,35,6.87,6,0.15,,2-3-4,2550,8,2-3,600,3,2-3-4,980,5,2-3,360,2
20260830,児島,3,予選,晴,南,5,3,1,5,4624,高 田 明,13,71,6.89,5,0.16,1.51.0,5-4-1,5470,26,5-4,1510,7,1-4-5,400,1,4-5,710,5
20260830,児島,3,予選,晴,南,5,3,2,4,4388,是 澤 孝 宏,14,66,6.82,4,0.12,1.52.6,5-4-1,5470,26,5-4,1510,7,1-4-5,400,1,4-5,710,5
20260830,児島,3,予選,晴,南,5,3,3,1,4458,抹 香 雄 三,36,21,6.73,1,0.15,1.53.9,5-4-1,5470,26,5-4,1510,7,1-4-5,400,1,4-5,710,5
20260830,児島,3,予選,晴,南,5,3,4,6,4287,今 井 貴 士,32,69,6.90,6,0.17,1.55.7,5-4-1,5470,26,5-4,1510,7,1-4-5,400,1,4-5,710,5
20260830,児島,3,予選,晴,南,5,3,5,3,4303,牧 原 崇,15,28,6.92,3,0.15,,5-4-1,5470,26,5-4,1510,7,1-4-5,400,1,4-5,710,5
20260830,児島,3,予選,晴,南,5,3,6,2,4405,南 野 利 騰,23,25,6.89,2,0.22,,5-4-1,5470,26,5-4,1510,7,1-4-5,400,1,4-5,710,5
20260830,児島,4,予選,晴,南,6,5,1,6,4614,石 倉 洋 行,39,68,6.89,5,0.17,1.50.4,6-4-5,11080,55,6-4,2050,10,4-5-6,1760,10,4-6,200,1
20260830,児島,4,予選,晴,南,6,5,2,4,4949,横 田 貴 満,42,16,6.89,4,0.12,1.53.9,6-4-5,11080,55,6-4,2050,10,4-5-6,1760,10,4-6,200,1
20260830,児島,4,予選,晴,南,6,5,3,5,3891,谷 口 健 一,16,55,6.94,6,0.29,1.55.6,6-4-5,11080,55,6-4,2050,10,4-5-6,1760,10,4-6,200,1
20260830,児島,4,予選,晴,南,6,5,4,3,4082,濱 崎 誠,49,72,6.76,3,0.20,1.56.8,6-4-5,11080,55,6-4,2050,10,4-5-6,1760,10,4-6,200,1
20260830,児島,4,予選,晴,南,6,5,5,2,4842,山 下 昂 大,21,39,6.88,2,0.28,,6-4-5,11080,55,6-4,2050,10,4-5-6,1760,10,4-6,200,1
20260830,児島,4,予選,晴,南,6,5,6,1,3377,塚 田 修 二,31,24,6.78,1,0.28,,6-4-5,11080,55,6-4,2050,10,4-5-6,1760,10,4-6,200,1
20260830,児島,5,日替艇食戦,晴,南,4,3,1,3,4369,丹 下 将,54,53,6.86,3,0.09,1.50.9,3-5-1,6630,28,3-5,1700,9,1-3-5,850,4,3-5,1300,7
20260830,児島,5,日替艇食戦,晴,南,4,3,2,5,5043,中 村 日 向,19,12,6.85,5,0.12,1.52.1,3-5-1,6630,28,3-5,1700,9,1-3-5,850,4,3-5,1300,7
20260830,児島,5,日替艇食戦,晴,南,4,3,3,1,3161,古 場 輝 義,48,47,6.90,1,0.07,1.53.3,3-5-1,6630,28,3-5,1700,9,1-3-5,850,4,3-5,1300,7
20260830,児島,5,日替艇食戦,晴,南,4,3,4,4,4950,高 岡 竜 也,55,67,6.84,4,0.13,1.54.3,3-5-1,6630,28,3-5,1700,9,1-3-5,850,4,3-5,1300,7
20260830,児島,5,日替艇食戦,晴,南,4,3,5,2,3434,松 尾 宣 邦,60,18,6.85,2,0.08,,3-5-1,6630,28,3-5,1700,9,1-3-5,850,4,3-5,1300,7
20260830,児島,5,日替艇食戦,晴,南,4,3,6,6,4875,大 塚 康 雅,12,41,6.83,6,0.11,,3-5-1,6630,28,3-5,1700,9,1-3-5,850,4,3-5,1300,7
20260830,児島,6,予選,晴,南,4,3,1,5,3349,吉 田 一 郎,69,43,6.93,5,0.22,1.51.4,5-3-1,13710,60,5-3,2740,16,1-3-5,1020,8,3-5,830,6
20260830,児島,6,予選,晴,南,4,3,2,3,5000,岡 本 翔太郎,20,44,6.86,3,0.27,1.52.8,5-3-1,13710,60,5-3,2740,16,1-3-5,1020,8,3-5,830,6
20260830,児島,6,予選,晴,南,4,3,3,1,5353,草 川 壮 良,64,73,6.82,1,0.35,1.54.5,5-3-1,13710,60,5-3,2740,16,1-3-5,1020,8,3-5,830,6
20260830,児島,6,予選,晴,南,4,3,4,4,4434,田 中 辰 彦,18,37,6.91,4,0.25,1.56.1,5-3-1,13710,60,5-3,2740,16,1-3-5,1020,8,3-5,830,6
20260830,児島,6,予選,晴,南,4,3,5,2,4384,鶴 本 崇 文,29,34,6.86,2,0.34,,5-3-1,13710,60,5-3,2740,16,1-3-5,1020,8,3-5,830,6
20260830,児島,6,予選,晴,南,4,3,6,6,5465,直 江 健 成,27,35,6.95,6,0.49,,5-3-1,13710,60,5-3,2740,16,1-3-5,1020,8,3-5,830,6
20260830,児島,7,予選,晴,南西,2,3,1,1,4303,牧 原 崇,15,28,6.85,1,0.12,1.51.5,1-3-2,1480,4,1-3,640,1,1-2-3,600,3,1-3,510,3
20260830,児島,7,予選,晴,南西,2,3,2,3,4886,入 海 馨,52,17,6.78,3,0.13,1.52.7,1-3-2,1480,4,1-3,640,1,1-2-3,600,3,1-3,510,3
20260830,児島,7,予選,晴,南西,2,3,3,2,4099,吉 永 則 雄,65,62,6.82,2,0.12,1.53.8,1-3-2,1480,4,1-3,640,1,1-2-3,600,3,1-3,510,3
20260830,児島,7,予選,晴,南西,2,3,4,4,4174,赤 坂 俊 輔,62,49,6.79,4,0.20,1.54.7,1-3-2,1480,4,1-3,640,1,1-2-3,600,3,1-3,510,3
20260830,児島,7,予選,晴,南西,2,3,5,5,3361,岡 部 浩,45,13,6.94,5,0.29,,1-3-2,1480,4,1-3,640,1,1-2-3,600,3,1-3,510,3
20260830,児島,7,予選,晴,南西,2,3,6,6,5285,若 林 麗,43,26,6.86,6,0.26,,1-3-2,1480,4,1-3,640,1,1-2-3,600,3,1-3,510,3
20260830,児島,8,予選,晴,南西,2,3,1,1,4543,重 木 輝 彦,59,74,6.85,1,0.10,1.50.2,1-2-5,1110,4,1-2,270,1,1-2-5,600,2,1-2,290,2
20260830,児島,8,予選,晴,南西,2,3,2,2,4778,堤 啓 輔,68,64,6.89,2,0.11,1.51.6,1-2-5,1110,4,1-2,270,1,1-2-5,600,2,1-2,290,2
20260830,児島,8,予選,晴,南西,2,3,3,5,4666,日 笠 勝 弘,44,56,6.85,5,0.10,1.54.0,1-2-5,1110,4,1-2,270,1,1-2-5,600,2,1-2,290,2
20260830,児島,8,予選,晴,南西,2,3,4,4,4405,南 野 利 騰,23,25,6.95,4,0.12,1.54.8,1-2-5,1110,4,1-2,270,1,1-2-5,600,2,1-2,290,2
20260830,児島,8,予選,晴,南西,2,3,5,6,3757,畑 和 宏,63,63,6.94,6,0.17,,1-2-5,1110,4,1-2,270,1,1-2-5,600,2,1-2,290,2
20260830,児島,8,予選,晴,南西,2,3,6,3,4842,山 下 昂 大,21,39,7.02,3,0.11,,1-2-5,1110,4,1-2,270,1,1-2-5,600,2,1-2,290,2
20260830,児島,9,これしか９じ,晴,南西,1,3,1,1,4388,是 澤 孝 宏,14,66,6.79,1,0.10,1.50.4,1-6-3,43310,63,1-6,4770,10,1-3-6,5860,13,1-6,3170,8
20260830,児島,9,これしか９じ,晴,南西,1,3,2,6,4081,樋 口 範 政,37,32,6.89,6,0.17,1.52.2,1-6-3,43310,63,1-6,4770,10,1-3-6,5860,13,1-6,3170,8
20260830,児島,9,これしか９じ,晴,南西,1,3,3,3,4429,豊 田 泰 洋,25,75,6.86,3,0.12,1.53.9,1-6-3,43310,63,1-6,4770,10,1-3-6,5860,13,1-6,3170,8
20260830,児島,9,これしか９じ,晴,南西,1,3,4,2,4950,高 岡 竜 也,55,67,6.77,2,0.12,1.54.8,1-6-3,43310,63,1-6,4770,10,1-3-6,5860,13,1-6,3170,8
20260830,児島,9,これしか９じ,晴,南西,1,3,5,5,4060,島 田 一 生,66,30,6.94,5,0.16,,1-6-3,43310,63,1-6,4770,10,1-3-6,5860,13,1-6,3170,8
20260830,児島,9,これしか９じ,晴,南西,1,3,6,4,4757,山 田 祐 也,46,57,6.92,4,0.13,,1-6-3,43310,63,1-6,4770,10,1-3-6,5860,13,1-6,3170,8
20260830,児島,10,予選特賞,晴,北西,1,3,1,4,4082,濱 崎 誠,49,72,6.75,4,0.12,1.50.8,4-5-6,13350,49,4-5,2660,10,4-5-6,4190,13,4-5,1520,6
20260830,児島,10,予選特賞,晴,北西,1,3,2,5,3388,今 垣 光太郎,22,14,6.85,5,0.18,1.51.4,4-5-6,13350,49,4-5,2660,10,4-5-6,4190,13,4-5,1520,6
20260830,児島,10,予選特賞,晴,北西,1,3,3,6,3434,松 尾 宣 邦,60,18,6.83,6,0.22,1.52.0,4-5-6,13350,49,4-5,2660,10,4-5-6,4190,13,4-5,1520,6
20260830,児島,10,予選特賞,晴,北西,1,3,4,1,4607,鶴 田 勇 雄,30,50,6.75,1,0.19,1.54.2,4-5-6,13350,49,4-5,2660,10,4-5-6,4190,13,4-5,1520,6
20260830,児島,10,予選特賞,晴,北西,1,3,5,2,4624,高 田 明,13,71,6.78,2,0.16,,4-5-6,13350,49,4-5,2660,10,4-5-6,4190,13,4-5,1520,6
20260830,児島,10,予選特賞,晴,北西,1,3,6,3,4434,田 中 辰 彦,18,37,6.87,3,0.19,,4-5-6,13350,49,4-5,2660,10,4-5-6,4190,13,4-5,1520,6
20260830,児島,11,予選特選,晴,北西,1,1,1,2,3300,川 崎 智 幸,33,48,6.90,2,0.23,1.58.9,2-3-4,52390,75,2-3,6190,16,2-3-4,5950,14,2-3,2080,8
20260830,児島,11,予選特選,晴,北西,1,1,2,3,4614,石 倉 洋 行,39,68,6.75,3,0.24,2.01.1,2-3-4,52390,75,2-3,6190,16,2-3-4,5950,14,2-3,2080,8
20260830,児島,11,予選特選,晴,北西,1,1,3,4,4369,丹 下 将,54,53,6.87,4,0.16,2.06.1,2-3-4,52390,75,2-3,6190,16,2-3-4,5950,14,2-3,2080,8
20260830,児島,11,予選特選,晴,北西,1,1,4,6,4384,鶴 本 崇 文,29,34,6.86,6,0.22,2.11.8,2-3-4,52390,75,2-3,6190,16,2-3-4,5950,14,2-3,2080,8
20260830,児島,11,予選特選,晴,北西,1,1,S0,1,4174,赤 坂 俊 輔,62,49,6.75,1,0.20,,2-3-4,52390,75,2-3,6190,16,2-3-4,5950,14,2-3,2080,8
20260830,児島,11,予選特選,晴,北西,1,1,S2,5,5352,西 岡 蒼 志,61,46,6.85,5,0.15,,2-3-4,52390,75,2-3,6190,16,2-3-4,5950,14,2-3,2080,8
20260830,児島,12,記者選抜戦,晴,北西,1,1,1,1,5043,中 村 日 向,19,12,6.72,1,0.23,1.49.3,1-4-3,1150,5,1-4,400,3,1-3-4,330,1,1-4,290,2
20260830,児島,12,記者選抜戦,晴,北西,1,1,2,4,4543,重 木 輝 彦,59,74,6.73,4,0.20,1.50.9,1-4-3,1150,5,1-4,400,3,1-3-4,330,1,1-4,290,2
20260830,児島,12,記者選抜戦,晴,北西,1,1,3,3,4287,今 井 貴 士,32,69,6.86,3,0.27,1.52.1,1-4-3,1150,5,1-4,400,3,1-3-4,330,1,1-4,290,2
20260830,児島,12,記者選抜戦,晴,北西,1,1,4,2,3349,吉 田 一 郎,69,43,6.76,2,0.22,1.53.3,1-4-3,1150,5,1-4,400,3,1-3-4,330,1,1-4,290,2
20260830,児島,12,記者選抜戦,晴,北西,1,1,5,6,4949,横 田 貴 満,42,16,6.84,6,0.15,,1-4-3,1150,5,1-4,400,3,1-3-4,330,1,1-4,290,2
20260830,児島,12,記者選抜戦,晴,北西,1,1,6,5,4099,吉 永 則 雄,65,62,6.88,5,0.16,,1-4-3,1150,5,1-4,400,3,1-3-4,330,1,1-4,290,2
20260830,唐津,1,朝１戦,雨,北西,1,1,1,1,4974,安 井 瑞 紀,31,24,6.74,1,0.08,1.49.8,1-3-4,660,1,1-3,210,1,1-3-4,330,1,1-3,240,1
20260830,唐津,1,朝１戦,雨,北西,1,1,2,3,4764,小 池 礼 乃,1,45,6.75,2,0.07,1.51.0,1-3-4,660,1,1-3,210,1,1-3-4,330,1,1-3,240,1
20260830,唐津,1,朝１戦,雨,北西,1,1,3,4,5206,梅 原 祥 平,43,29,6.79,3,0.13,1.52.0,1-3-4,660,1,1-3,210,1,1-3-4,330,1,1-3,240,1
20260830,唐津,1,朝１戦,雨,北西,1,1,4,5,5417,小 柳 勝 希,22,28,6.77,5,0.19,1.54.3,1-3-4,660,1,1-3,210,1,1-3-4,330,1,1-3,240,1
20260830,唐津,1,朝１戦,雨,北西,1,1,5,2,3471,赤 峰 和 也,20,6,6.76,4,0.11,1.55.8,1-3-4,660,1,1-3,210,1,1-3-4,330,1,1-3,240,1
20260830,唐津,1,朝１戦,雨,北西,1,1,6,6,5442,池 田 美 優,32,58,6.66,6,0.09,1.57.6,1-3-4,660,1,1-3,210,1,1-3-4,330,1,1-3,240,1
20260830,唐津,2,モー２ング戦,曇り,西,1,1,1,1,3641,一 瀬 明,34,37,6.77,1,0.13,1.51.3,1-3-5,2340,8,1-3,780,3,1-3-5,1180,5,1-3,380,2
20260830,唐津,2,モー２ング戦,曇り,西,1,1,2,3,3906,飯 山 晃 三,55,38,6.83,3,0.11,1.52.6,1-3-5,2340,8,1-3,780,3,1-3-5,1180,5,1-3,380,2
20260830,唐津,2,モー２ング戦,曇り,西,1,1,3,5,3606,川 北 浩 貴,50,33,6.81,5,0.07,1.54.0,1-3-5,2340,8,1-3,780,3,1-3-5,1180,5,1-3,380,2
20260830,唐津,2,モー２ング戦,曇り,西,1,1,4,2,3548,室 田 泰 史,25,12,6.83,2,0.09,1.54.9,1-3-5,2340,8,1-3,780,3,1-3-5,1180,5,1-3,380,2
20260830,唐津,2,モー２ング戦,曇り,西,1,1,5,4,5123,福 山 恵里奈,29,4,6.77,4,0.11,1.55.4,1-3-5,2340,8,1-3,780,3,1-3-5,1180,5,1-3,380,2
20260830,唐津,2,モー２ング戦,曇り,西,1,1,6,6,5406,小 畑 楓 夏,54,41,6.78,6,0.11,1.59.2,1-3-5,2340,8,1-3,780,3,1-3-5,1180,5,1-3,380,2
20260830,唐津,3,３ライズ戦,晴,南西,1,1,1,1,4715,村 上 遼,53,42,6.78,1,0.08,1.50.1,1-3-2,410,2,1-3,210,1,1-2-3,150,1,1-3,150,1
20260830,唐津,3,３ライズ戦,晴,南西,1,1,2,3,3833,中 辻 博 訓,2,15,6.85,3,0.07,1.52.0,1-3-2,410,2,1-3,210,1,1-2-3,150,1,1-3,150,1
20260830,唐津,3,３ライズ戦,晴,南西,1,1,3,2,2878,富 山 弘 幸,4,30,6.73,2,0.08,1.53.0,1-3-2,410,2,1-3,210,1,1-2-3,150,1,1-3,150,1
20260830,唐津,3,３ライズ戦,晴,南西,1,1,4,4,5236,小 宮 涼 雅,37,7,6.76,4,0.07,1.54.7,1-3-2,410,2,1-3,210,1,1-2-3,150,1,1-3,150,1
20260830,唐津,3,３ライズ戦,晴,南西,1,1,5,6,3630,黒 田 誠 司,15,52,6.80,5,0.14,1.55.5,1-3-2,410,2,1-3,210,1,1-2-3,150,1,1-3,150,1
20260830,唐津,3,３ライズ戦,晴,南西,1,1,6,5,5446,長 嶺 真李愛,24,39,6.74,6,0.13,1.59.5,1-3-2,410,2,1-3,210,1,1-2-3,150,1,1-3,150,1
20260830,唐津,4,一般,晴,南西,2,2,1,1,4551,三 川 昂 暁,7,35,6.74,1,0.12,1.50.2,1-3-5,2920,10,1-3,600,2,1-3-5,2140,8,1-3,450,2
20260830,唐津,4,一般,晴,南西,2,2,2,3,4684,楠 原 翔 太,48,19,6.81,3,0.11,1.51.1,1-3-5,2920,10,1-3,600,2,1-3-5,2140,8,1-3,450,2
20260830,唐津,4,一般,晴,南西,2,2,3,5,5229,吉 川 晴 人,33,36,6.87,5,0.15,1.52.8,1-3-5,2920,10,1-3,600,2,1-3-5,2140,8,1-3,450,2
20260830,唐津,4,一般,晴,南西,2,2,4,4,5298,水 谷 理 人,58,49,6.81,4,0.21,1.54.4,1-3-5,2920,10,1-3,600,2,1-3-5,2140,8,1-3,450,2
20260830,唐津,4,一般,晴,南西,2,2,5,6,4771,下 寺 秀 和,40,21,6.75,6,0.11,1.56.0,1-3-5,2920,10,1-3,600,2,1-3-5,2140,8,1-3,450,2
20260830,唐津,4,一般,晴,南西,2,2,6,2,3509,池 千 夏,9,22,6.79,2,0.09,1.56.5,1-3-5,2920,10,1-3,600,2,1-3-5,2140,8,1-3,450,2
20260830,唐津,5,一般,晴,南西,2,2,1,1,4380,鈴 木 峻 佑,10,25,6.74,1,0.14,1.50.6,1-6-2,3280,11,1-6,1480,6,1-2-6,450,2,1-6,930,4
20260830,唐津,5,一般,晴,南西,2,2,2,6,4601,森 野 正 弘,12,44,6.78,6,0.09,1.52.1,1-6-2,3280,11,1-6,1480,6,1-2-6,450,2,1-6,930,4
20260830,唐津,5,一般,晴,南西,2,2,3,2,4319,三 宅 潤,13,8,6.74,2,0.27,1.53.5,1-6-2,3280,11,1-6,1480,6,1-2-6,450,2,1-6,930,4
20260830,唐津,5,一般,晴,南西,2,2,4,5,5134,大 原 祥 昌,35,9,6.75,5,0.12,1.53.7,1-6-2,3280,11,1-6,1480,6,1-2-6,450,2,1-6,930,4
20260830,唐津,5,一般,晴,南西,2,2,5,4,4764,小 池 礼 乃,1,45,6.79,4,0.37,1.56.2,1-6-2,3280,11,1-6,1480,6,1-2-6,450,2,1-6,930,4
20260830,唐津,5,一般,晴,南西,2,2,6,3,2538,高 橋 二 朗,23,16,6.82,3,0.24,1.57.0,1-6-2,3280,11,1-6,1480,6,1-2-6,450,2,1-6,930,4
20260830,唐津,6,一般,晴,南西,1,1,1,1,4728,山 口 亮,8,53,6.78,1,0.19,1.50.6,1-2-5,1190,1,1-2,340,1,1-2-5,570,3,1-2,440,1
20260830,唐津,6,一般,晴,南西,1,1,2,2,4661,中 島 昂 章,60,13,6.70,2,0.21,1.51.4,1-2-5,1190,1,1-2,340,1,1-2-5,570,3,1-2,440,1
20260830,唐津,6,一般,晴,南西,1,1,3,5,4436,渋 谷 明 憲,18,57,6.69,5,0.18,1.53.3,1-2-5,1190,1,1-2,340,1,1-2-5,570,3,1-2,440,1
20260830,唐津,6,一般,晴,南西,1,1,4,3,5123,福 山 恵里奈,29,4,6.78,3,0.19,1.54.5,1-2-5,1190,1,1-2,340,1,1-2-5,570,3,1-2,440,1
20260830,唐津,6,一般,晴,南西,1,1,5,6,4907,小 池 修 平,44,5,6.74,6,0.15,1.55.1,1-2-5,1190,1,1-2,340,1,1-2-5,570,3,1-2,440,1
20260830,唐津,6,一般,晴,南西,1,1,6,4,4574,東 潤 樹,27,56,6.72,4,0.22,1.55.9,1-2-5,1190,1,1-2,340,1,1-2-5,570,3,1-2,440,1
20260830,唐津,7,一般,晴,南西,3,3,1,3,4347,魚 谷 香 織,3,31,6.75,3,0.16,1.55.8,3-4-2,77410,89,3-4,7790,15,2-3-4,20200,19,3-4,3840,9
20260830,唐津,7,一般,晴,南西,3,3,2,4,3906,飯 山 晃 三,55,38,6.82,6,0.21,1.59.8,3-4-2,77410,89,3-4,7790,15,2-3-4,20200,19,3-4,3840,9
20260830,唐津,7,一般,晴,南西,3,3,3,2,3293,宮 内 由紀英,14,20,6.76,2,0.26,2.16.3,3-4-2,77410,89,3-4,7790,15,2-3-4,20200,19,3-4,3840,9
20260830,唐津,7,一般,晴,南西,3,3,S0,1,4146,柳 橋 宏 紀,16,1,6.73,1,0.26,,3-4-2,77410,89,3-4,7790,15,2-3-4,20200,19,3-4,3840,9
20260830,唐津,7,一般,晴,南西,3,3,S2,5,2878,富 山 弘 幸,4,30,6.77,4,0.11,,3-4-2,77410,89,3-4,7790,15,2-3-4,20200,19,3-4,3840,9
20260830,唐津,7,一般,晴,南西,3,3,S0,6,4703,森 永 隆,5,48,6.78,5,0.13,,3-4-2,77410,89,3-4,7790,15,2-3-4,20200,19,3-4,3840,9
20260830,唐津,8,一般,晴,北西,2,2,1,4,4684,楠 原 翔 太,48,19,6.74,3,0.24,1.50.4,4-6-1,2600,12,4-6,1150,6,1-4-6,510,3,4-6,500,2
20260830,唐津,8,一般,晴,北西,2,2,2,6,5142,常 住 蓮,41,34,6.70,4,0.24,1.51.7,4-6-1,2600,12,4-6,1150,6,1-4-6,510,3,4-6,500,2
20260830,唐津,8,一般,晴,北西,2,2,3,1,5236,小 宮 涼 雅,37,7,6.71,1,0.25,1.53.1,4-6-1,2600,12,4-6,1150,6,1-4-6,510,3,4-6,500,2
20260830,唐津,8,一般,晴,北西,2,2,4,3,5417,小 柳 勝 希,22,28,6.73,5,0.42,1.54.8,4-6-1,2600,12,4-6,1150,6,1-4-6,510,3,4-6,500,2
20260830,唐津,8,一般,晴,北西,2,2,5,2,5229,吉 川 晴 人,33,36,6.82,2,0.26,1.56.6,4-6-1,2600,12,4-6,1150,6,1-4-6,510,3,4-6,500,2
20260830,唐津,8,一般,晴,北西,2,2,6,5,5442,池 田 美 優,32,58,6.60,6,0.28,1.56.9,4-6-1,2600,12,4-6,1150,6,1-4-6,510,3,4-6,500,2
20260830,唐津,9,一般,晴,南西,2,2,1,1,5206,梅 原 祥 平,43,29,6.71,1,0.16,1.50.4,1-4-3,1300,3,1-4,530,2,1-3-4,410,1,1-4,390,2
20260830,唐津,9,一般,晴,南西,2,2,2,4,3548,室 田 泰 史,25,12,6.87,4,0.13,1.52.0,1-4-3,1300,3,1-4,530,2,1-3-4,410,1,1-4,390,2
20260830,唐津,9,一般,晴,南西,2,2,3,3,3606,川 北 浩 貴,50,33,6.80,3,0.17,1.54.1,1-4-3,1300,3,1-4,530,2,1-3-4,410,1,1-4,390,2
20260830,唐津,9,一般,晴,南西,2,2,4,2,3834,細 川 明 人,26,54,6.77,2,0.13,1.55.3,1-4-3,1300,3,1-4,530,2,1-3-4,410,1,1-4,390,2
20260830,唐津,9,一般,晴,南西,2,2,5,5,4469,土 山 卓 也,42,43,6.82,5,0.13,1.55.6,1-4-3,1300,3,1-4,530,2,1-3-4,410,1,1-4,390,2
20260830,唐津,9,一般,晴,南西,2,2,6,6,5446,長 嶺 真李愛,24,39,6.76,6,0.14,1.57.4,1-4-3,1300,3,1-4,530,2,1-3-4,410,1,1-4,390,2
20260830,唐津,10,準優勝戦,晴,南西,2,2,1,1,4771,下 寺 秀 和,40,21,6.71,1,0.07,1.50.0,1-2-5,1310,5,1-2,200,1,1-2-5,670,3,1-2,260,2
20260830,唐津,10,準優勝戦,晴,南西,2,2,2,2,4436,渋 谷 明 憲,18,57,6.69,2,0.09,1.50.7,1-2-5,1310,5,1-2,200,1,1-2-5,670,3,1-2,260,2
20260830,唐津,10,準優勝戦,晴,南西,2,2,3,5,4319,三 宅 潤,13,8,6.71,5,0.11,1.52.4,1-2-5,1310,5,1-2,200,1,1-2-5,670,3,1-2,260,2
20260830,唐津,10,準優勝戦,晴,南西,2,2,4,3,4715,村 上 遼,53,42,6.84,3,0.04,1.52.4,1-2-5,1310,5,1-2,200,1,1-2-5,670,3,1-2,260,2
20260830,唐津,10,準優勝戦,晴,南西,2,2,5,4,4661,中 島 昂 章,60,13,6.70,4,0.07,1.55.6,1-2-5,1310,5,1-2,200,1,1-2-5,670,3,1-2,260,2
20260830,唐津,10,準優勝戦,晴,南西,2,2,6,6,4974,安 井 瑞 紀,31,24,6.70,6,0.14,1.58.6,1-2-5,1310,5,1-2,200,1,1-2-5,670,3,1-2,260,2
20260830,唐津,11,準優勝戦,晴,西,1,1,1,1,4907,小 池 修 平,44,5,6.73,1,0.11,1.49.6,1-2-4,1370,5,1-2,330,2,1-2-4,960,5,1-2,270,2
20260830,唐津,11,準優勝戦,晴,西,1,1,2,2,5134,大 原 祥 昌,35,9,6.74,2,0.10,1.50.4,1-2-4,1370,5,1-2,330,2,1-2-4,960,5,1-2,270,2
20260830,唐津,11,準優勝戦,晴,西,1,1,3,4,3641,一 瀬 明,34,37,6.79,4,0.17,1.52.6,1-2-4,1370,5,1-2,330,2,1-2-4,960,5,1-2,270,2
20260830,唐津,11,準優勝戦,晴,西,1,1,4,3,4601,森 野 正 弘,12,44,6.76,3,0.09,1.53.2,1-2-4,1370,5,1-2,330,2,1-2-4,960,5,1-2,270,2
20260830,唐津,11,準優勝戦,晴,西,1,1,5,5,3833,中 辻 博 訓,2,15,6.76,5,0.14,1.55.6,1-2-4,1370,5,1-2,330,2,1-2-4,960,5,1-2,270,2
20260830,唐津,11,準優勝戦,晴,西,1,1,K0,6,4146,柳 橋 宏 紀,16,1 K,,,,,1-2-4,1370,5,1-2,330,2,1-2-4,960,5,1-2,270,2
20260830,唐津,12,準優勝戦,晴,北,2,2,1,1,5142,常 住 蓮,41,34,6.68,1,0.10,1.50.2,1-4-2,3150,9,1-4,1060,4,1-2-4,820,3,1-4,1330,4
20260830,唐津,12,準優勝戦,晴,北,2,2,2,4,4728,山 口 亮,8,53,6.79,4,0.26,1.51.0,1-4-2,3150,9,1-4,1060,4,1-2-4,820,3,1-4,1330,4
20260830,唐津,12,準優勝戦,晴,北,2,2,3,2,5298,水 谷 理 人,58,49,6.73,2,0.11,1.51.4,1-4-2,3150,9,1-4,1060,4,1-2-4,820,3,1-4,1330,4
20260830,唐津,12,準優勝戦,晴,北,2,2,4,3,4703,森 永 隆,5,27,6.79,3,0.14,1.53.7,1-4-2,3150,9,1-4,1060,4,1-2-4,820,3,1-4,1330,4
20260830,唐津,12,準優勝戦,晴,北,2,2,5,6,4551,三 川 昂 暁,7,35,6.80,6,0.27,1.55.1,1-4-2,3150,9,1-4,1060,4,1-2-4,820,3,1-4,1330,4
20260830,唐津,12,準優勝戦,晴,北,2,2,6,5,4380,鈴 木 峻 佑,10,25,6.74,5,0.38,1.57.5,1-4-2,3150,9,1-4,1060,4,1-2-4,820,3,1-4,1330,4
20260830,多摩川,1,予選,曇り,無風,0,2,1,1,4740,齋 藤 達 希,65,27,6.81,1,0.19,1.49.3,1-4-2,8920,34,1-4,2120,10,1-2-4,2110,9,1-4,1960,7
20260830,多摩川,1,予選,曇り,無風,0,2,2,4,3454,井 川 大 作,71,56,6.89,4,0.14,1.49.6,1-4-2,8920,34,1-4,2120,10,1-2-4,2110,9,1-4,1960,7
20260830,多摩川,1,予選,曇り,無風,0,2,3,2,3805,高 橋 英 之,20,51,6.77,2,0.20,1.52.1,1-4-2,8920,34,1-4,2120,10,1-2-4,2110,9,1-4,1960,7
20260830,多摩川,1,予選,曇り,無風,0,2,4,3,4930,佐 藤 悠,51,59,6.71,3,0.19,1.56.9,1-4-2,8920,34,1-4,2120,10,1-2-4,2110,9,1-4,1960,7
20260830,多摩川,1,予選,曇り,無風,0,2,5,6,5114,小 林 孝 彰,12,21,6.80,6,0.22,,1-4-2,8920,34,1-4,2120,10,1-2-4,2110,9,1-4,1960,7
20260830,多摩川,1,予選,曇り,無風,0,2,S0,5,4345,西 舘 健,56,35,6.89,5,0.19,,1-4-2,8920,34,1-4,2120,10,1-2-4,2110,9,1-4,1960,7
20260830,多摩川,2,予選,曇り,無風,0,2,1,3,4832,権 藤 俊 光,31,82,6.71,4,0.20,1.49.4,3-1-2,8290,35,3-1,990,3,1-2-3,960,4,1-3,500,2
20260830,多摩川,2,予選,曇り,無風,0,2,2,1,5091,為 本 智 也,34,30,6.72,2,0.22,1.51.5,3-1-2,8290,35,3-1,990,3,1-2-3,960,4,1-3,500,2
20260830,多摩川,2,予選,曇り,無風,0,2,3,2,5036,福 田 翔 吾,54,29,6.74,1,0.18,1.52.8,3-1-2,8290,35,3-1,990,3,1-2-3,960,4,1-3,500,2
20260830,多摩川,2,予選,曇り,無風,0,2,4,4,5089,前 田 翔,21,66,6.71,5,0.25,1.53.6,3-1-2,8290,35,3-1,990,3,1-2-3,960,4,1-3,500,2
20260830,多摩川,2,予選,曇り,無風,0,2,5,6,4594,谷 川 祐 一,68,48,6.77,3,0.24,,3-1-2,8290,35,3-1,990,3,1-2-3,960,4,1-3,500,2
20260830,多摩川,2,予選,曇り,無風,0,2,6,5,4769,馬 場 剛,70,78,6.71,6,0.12,,3-1-2,8290,35,3-1,990,3,1-2-3,960,4,1-3,500,2
20260830,多摩川,3,予選,曇り,東,1,2,1,3,4630,岩 永 雅 人,44,25,6.72,4,0.05,1.50.0,3-5-6,91810,111,3-5,13690,26,3-5-6,9310,20,3-5,5480,12
20260830,多摩川,3,予選,曇り,東,1,2,2,5,3381,滝 沢 芳 行,64,53,6.71,6,0.07,1.51.2,3-5-6,91810,111,3-5,13690,26,3-5-6,9310,20,3-5,5480,12
20260830,多摩川,3,予選,曇り,東,1,2,3,6,3441,土 屋 太 朗,61,61,6.73,3,0.20,1.52.8,3-5-6,91810,111,3-5,13690,26,3-5-6,9310,20,3-5,5480,12
20260830,多摩川,3,予選,曇り,東,1,2,4,4,4967,中 村 魁 生,26,50,6.73,5,0.06,1.54.1,3-5-6,91810,111,3-5,13690,26,3-5-6,9310,20,3-5,5480,12
20260830,多摩川,3,予選,曇り,東,1,2,5,1,3912,川 原 正 明,32,31,6.66,1,0.21,,3-5-6,91810,111,3-5,13690,26,3-5-6,9310,20,3-5,5480,12
20260830,多摩川,3,予選,曇り,東,1,2,6,2,3654,武 田 光 史,66,45,6.72,2,0.16,,3-5-6,91810,111,3-5,13690,26,3-5-6,9310,20,3-5,5480,12
20260830,多摩川,4,予選,曇り,無風,0,2,1,2,4808,松 尾 拓,37,32,6.81,2,0.11,1.49.6,2-3-5,2940,6,2-3,820,1,2-3-5,770,3,2-3,420,1
20260830,多摩川,4,予選,曇り,無風,0,2,2,3,5050,木 下 雄 介,75,46,6.75,3,0.09,1.50.7,2-3-5,2940,6,2-3,820,1,2-3-5,770,3,2-3,420,1
20260830,多摩川,4,予選,曇り,無風,0,2,3,5,4692,酒 井 俊 弘,28,80,6.60,5,0.17,1.52.4,2-3-5,2940,6,2-3,820,1,2-3-5,770,3,2-3,420,1
20260830,多摩川,4,予選,曇り,無風,0,2,4,4,4572,渡 部 悟,39,57,6.80,4,0.16,1.53.0,2-3-5,2940,6,2-3,820,1,2-3-5,770,3,2-3,420,1
20260830,多摩川,4,予選,曇り,無風,0,2,5,1,3880,浅 見 宗 孝,18,62,6.78,1,0.16,,2-3-5,2940,6,2-3,820,1,2-3-5,770,3,2-3,420,1
20260830,多摩川,4,予選,曇り,無風,0,2,6,6,5096,上 原 崚,46,37,6.78,6,0.21,,2-3-5,2940,6,2-3,820,1,2-3-5,770,3,2-3,420,1
20260830,多摩川,5,予選,曇り,無風,0,2,1,4,5280,廣 瀬 凜,45,52,6.70,4,0.20,1.49.1,4-1-6,5640,20,4-1,1600,7,1-4-6,1490,6,1-4,830,4
20260830,多摩川,5,予選,曇り,無風,0,2,2,1,4639,雑 賀 勇 貴,67,33,6.72,1,0.15,1.49.8,4-1-6,5640,20,4-1,1600,7,1-4-6,1490,6,1-4,830,4
20260830,多摩川,5,予選,曇り,無風,0,2,3,6,4702,三 浦 敬 太,19,72,6.66,6,0.16,1.52.3,4-1-6,5640,20,4-1,1600,7,1-4-6,1490,6,1-4,830,4
20260830,多摩川,5,予選,曇り,無風,0,2,4,2,4898,菊 地 敬 介,42,40,6.64,2,0.20,1.54.0,4-1-6,5640,20,4-1,1600,7,1-4-6,1490,6,1-4,830,4
20260830,多摩川,5,予選,曇り,無風,0,2,5,5,5166,仲 道 大 輔,57,60,6.69,5,0.17,,4-1-6,5640,20,4-1,1600,7,1-4-6,1490,6,1-4,830,4
20260830,多摩川,5,予選,曇り,無風,0,2,6,3,5114,小 林 孝 彰,12,21,6.70,3,0.25,,4-1-6,5640,20,4-1,1600,7,1-4-6,1490,6,1-4,830,4
20260830,多摩川,6,予選,曇り,無風,0,2,1,4,4649,和 田 操 拓,17,76,6.75,4,0.09,1.49.1,4-3-1,8740,31,4-3,3860,13,1-3-4,410,2,3-4,1510,6
20260830,多摩川,6,予選,曇り,無風,0,2,2,3,4532,秋 元 哲,27,26,6.72,3,0.14,1.50.4,4-3-1,8740,31,4-3,3860,13,1-3-4,410,2,3-4,1510,6
20260830,多摩川,6,予選,曇り,無風,0,2,3,1,4930,佐 藤 悠,51,59,6.72,1,0.10,1.50.7,4-3-1,8740,31,4-3,3860,13,1-3-4,410,2,3-4,1510,6
20260830,多摩川,6,予選,曇り,無風,0,2,4,2,3482,金 子 猛 志,74,81,6.76,2,0.17,1.53.1,4-3-1,8740,31,4-3,3860,13,1-3-4,410,2,3-4,1510,6
20260830,多摩川,6,予選,曇り,無風,0,2,5,5,3497,後 藤 浩,14,68,6.73,6,0.15,,4-3-1,8740,31,4-3,3860,13,1-3-4,410,2,3-4,1510,6
20260830,多摩川,6,予選,曇り,無風,0,2,6,6,3909,佐々木 康 幸,49,49,6.72,5,0.09,,4-3-1,8740,31,4-3,3860,13,1-3-4,410,2,3-4,1510,6
20260830,多摩川,7,予選,曇り,無風,0,2,1,1,5038,金 田 智 博,36,69,6.74,1,0.11,1.49.8,1-3-4,910,1,1-3,350,1,1-3-4,380,1,1-3,370,2
20260830,多摩川,7,予選,曇り,無風,0,2,2,3,5036,福 田 翔 吾,54,29,6.72,3,0.11,1.51.1,1-3-4,910,1,1-3,350,1,1-3-4,380,1,1-3,370,2
20260830,多摩川,7,予選,曇り,無風,0,2,3,4,4910,中 村 泰 平,60,47,6.79,5,0.16,1.52.0,1-3-4,910,1,1-3,350,1,1-3-4,380,1,1-3,370,2
20260830,多摩川,7,予選,曇り,無風,0,2,4,5,3912,川 原 正 明,32,31,6.71,4,0.11,1.52.6,1-3-4,910,1,1-3,350,1,1-3-4,380,1,1-3,370,2
20260830,多摩川,7,予選,曇り,無風,0,2,5,6,3556,田 中 信一郎,13,54,6.70,6,0.35,,1-3-4,910,1,1-3,350,1,1-3-4,380,1,1-3,370,2
20260830,多摩川,7,予選,曇り,無風,0,2,6,2,5301,岩 下 巧 斗,11,77,6.75,2,0.18,,1-3-4,910,1,1-3,350,1,1-3-4,380,1,1-3,370,2
20260830,多摩川,8,予選,曇り,無風,0,2,1,6,3381,滝 沢 芳 行,64,53,6.67,5,0.10,1.49.4,6-3-5,14370,49,6-3,5250,15,3-5-6,2970,10,3-6,3610,10
20260830,多摩川,8,予選,曇り,無風,0,2,2,3,4973,栗 原 直 也,43,24,6.74,2,0.21,1.49.6,6-3-5,14370,49,6-3,5250,15,3-5-6,2970,10,3-6,3610,10
20260830,多摩川,8,予選,曇り,無風,0,2,3,5,5091,為 本 智 也,34,30,6.73,4,0.22,1.52.0,6-3-5,14370,49,6-3,5250,15,3-5-6,2970,10,3-6,3610,10
20260830,多摩川,8,予選,曇り,無風,0,2,4,4,4808,松 尾 拓,37,32,6.75,3,0.20,1.53.5,6-3-5,14370,49,6-3,5250,15,3-5-6,2970,10,3-6,3610,10
20260830,多摩川,8,予選,曇り,無風,0,2,5,2,4962,畑 竜 生,41,85,6.65,1,0.15,,6-3-5,14370,49,6-3,5250,15,3-5-6,2970,10,3-6,3610,10
20260830,多摩川,8,予選,曇り,無風,0,2,K0,1,4345,西 舘 健,56,35 K,,,,,6-3-5,14370,49,6-3,5250,15,3-5-6,2970,10,3-6,3610,10
20260830,多摩川,9,予選,曇り,無風,0,2,1,6,4692,酒 井 俊 弘,28,80,6.63,6,0.02,1.50.1,6-4-2,18470,37,6-4,5680,14,2-4-6,2310,6,4-6,4450,9
20260830,多摩川,9,予選,曇り,無風,0,2,2,4,4630,岩 永 雅 人,44,25,6.73,4,0.12,1.51.8,6-4-2,18470,37,6-4,5680,14,2-4-6,2310,6,4-6,4450,9
20260830,多摩川,9,予選,曇り,無風,0,2,3,2,4832,権 藤 俊 光,31,82,6.72,2,0.29,1.52.5,6-4-2,18470,37,6-4,5680,14,2-4-6,2310,6,4-6,4450,9
20260830,多摩川,9,予選,曇り,無風,0,2,4,3,3454,井 川 大 作,71,56,6.81,3,0.23,1.58.6,6-4-2,18470,37,6-4,5680,14,2-4-6,2310,6,4-6,4450,9
20260830,多摩川,9,予選,曇り,無風,0,2,5,1,5166,仲 道 大 輔,57,60,6.66,1,0.19,,6-4-2,18470,37,6-4,5680,14,2-4-6,2310,6,4-6,4450,9
20260830,多摩川,9,予選,曇り,無風,0,2,S1,5,4631,新 井 英 孝,16,38,6.78,5,0.06,,6-4-2,18470,37,6-4,5680,14,2-4-6,2310,6,4-6,4450,9
20260830,多摩川,10,予選特賞,曇り,無風,0,2,1,1,5066,鈴 木 孝 明,50,83,6.65,1,0.15,1.48.6,1-3-4,540,2,1-3,180,1,1-3-4,320,2,1-3,160,1
20260830,多摩川,10,予選特賞,曇り,無風,0,2,2,3,5280,廣 瀬 凜,45,52,6.75,2,0.22,1.50.1,1-3-4,540,2,1-3,180,1,1-3-4,320,2,1-3,160,1
20260830,多摩川,10,予選特賞,曇り,無風,0,2,3,4,3805,高 橋 英 之,20,51,6.72,3,0.16,1.51.5,1-3-4,540,2,1-3,180,1,1-3-4,320,2,1-3,160,1
20260830,多摩川,10,予選特賞,曇り,無風,0,2,4,5,4967,中 村 魁 生,26,50,6.78,4,0.14,1.52.4,1-3-4,540,2,1-3,180,1,1-3-4,320,2,1-3,160,1
20260830,多摩川,10,予選特賞,曇り,無風,0,2,5,6,4572,渡 部 悟,39,57,6.85,5,0.13,,1-3-4,540,2,1-3,180,1,1-3-4,320,2,1-3,160,1
20260830,多摩川,10,予選特賞,曇り,無風,0,2,K0,2,4769,馬 場 剛,70,78 K,,,,,1-3-4,540,2,1-3,180,1,1-3-4,320,2,1-3,160,1
20260830,多摩川,11,予選特選,曇り,無風,0,2,1,1,4532,秋 元 哲,27,26,6.68,1,0.07,1.48.4,1-2-3,1790,4,1-2,360,1,1-2-3,1000,6,1-2,310,2
20260830,多摩川,11,予選特選,曇り,無風,0,2,2,2,4594,谷 川 祐 一,68,48,6.73,2,0.09,1.49.7,1-2-3,1790,4,1-2,360,1,1-2-3,1000,6,1-2,310,2
20260830,多摩川,11,予選特選,曇り,無風,0,2,3,3,4876,梅 木 敬 太,55,75,6.70,3,0.07,1.51.3,1-2-3,1790,4,1-2,360,1,1-2-3,1000,6,1-2,310,2
20260830,多摩川,11,予選特選,曇り,無風,0,2,4,6,3654,武 田 光 史,66,45,6.72,6,0.07,1.52.4,1-2-3,1790,4,1-2,360,1,1-2-3,1000,6,1-2,310,2
20260830,多摩川,11,予選特選,曇り,無風,0,2,5,4,4702,三 浦 敬 太,19,72,6.67,4,0.07,,1-2-3,1790,4,1-2,360,1,1-2-3,1000,6,1-2,310,2
20260830,多摩川,11,予選特選,曇り,無風,0,2,6,5,5050,木 下 雄 介,75,46,6.77,5,0.08,,1-2-3,1790,4,1-2,360,1,1-2-3,1000,6,1-2,310,2
20260830,多摩川,12,記者選抜戦,曇り,無風,0,2,1,1,5089,前 田 翔,21,66,6.72,1,0.15,1.47.5,1-2-3,680,2,1-2,280,1,1-2-3,320,1,1-2,250,1
20260830,多摩川,12,記者選抜戦,曇り,無風,0,2,2,2,5096,上 原 崚,46,37,6.76,2,0.14,1.49.9,1-2-3,680,2,1-2,280,1,1-2-3,320,1,1-2,250,1
20260830,多摩川,12,記者選抜戦,曇り,無風,0,2,3,3,4150,山 田 雄 太,63,55,6.78,3,0.20,1.51.2,1-2-3,680,2,1-2,280,1,1-2-3,320,1,1-2,250,1
20260830,多摩川,12,記者選抜戦,曇り,無風,0,2,4,4,4973,栗 原 直 也,43,24,6.78,4,0.21,1.53.3,1-2-3,680,2,1-2,280,1,1-2-3,320,1,1-2,250,1
20260830,多摩川,12,記者選抜戦,曇り,無風,0,2,5,5,5038,金 田 智 博,36,69,6.71,5,0.17,,1-2-3,680,2,1-2,280,1,1-2-3,320,1,1-2,250,1
20260830,多摩川,12,記者選抜戦,曇り,無風,0,2,6,6,3497,後 藤 浩,14,68,6.74,6,0.26,,1-2-3,680,2,1-2,280,1,1-2-3,320,1,1-2,250,1
20260830,宮島,1,ファーストＢ,晴,南,4,4,1,1,5222,津 田 陸 翔,11,12,6.67,1,0.28,1.51.1,1-2-3,480,1,1-2,210,1,1-2-3,310,2,1-2,130,1
20260830,宮島,1,ファーストＢ,晴,南,4,4,2,2,4750,井 上 尚 悟,32,69,6.67,2,0.32,1.52.9,1-2-3,480,1,1-2,210,1,1-2-3,310,2,1-2,130,1
20260830,宮島,1,ファーストＢ,晴,南,4,4,3,3,4349,犬 童 千 秋,33,35,6.75,3,0.26,1.53.1,1-2-3,480,1,1-2,210,1,1-2-3,310,2,1-2,130,1
20260830,宮島,1,ファーストＢ,晴,南,4,4,4,5,3870,寺 嶋 雄,13,72,6.72,5,0.31,1.55.4,1-2-3,480,1,1-2,210,1,1-2-3,310,2,1-2,130,1
20260830,宮島,1,ファーストＢ,晴,南,4,4,5,4,3519,冨 田 秀 幸,63,71,6.75,4,0.33,1.56.6,1-2-3,480,1,1-2,210,1,1-2-3,310,2,1-2,130,1
20260830,宮島,1,ファーストＢ,晴,南,4,4,6,6,5437,中 澤 里 桜,17,32,6.71,6,0.35,1.56.8,1-2-3,480,1,1-2,210,1,1-2-3,310,2,1-2,130,1
20260830,宮島,2,一般戦,晴,南西,4,4,1,1,3541,三 嶌 誠 司,18,15,6.70,1,0.19,1.51.9,1-4-2,1270,4,1-4,450,2,1-2-4,270,1,1-4,490,2
20260830,宮島,2,一般戦,晴,南西,4,4,2,4,5195,北 村 寧 々,53,56,6.73,4,0.24,1.53.6,1-4-2,1270,4,1-4,450,2,1-2-4,270,1,1-4,490,2
20260830,宮島,2,一般戦,晴,南西,4,4,3,2,4121,富 永 修 一,24,37,6.77,2,0.16,1.55.2,1-4-2,1270,4,1-4,450,2,1-2-4,270,1,1-4,490,2
20260830,宮島,2,一般戦,晴,南西,4,4,4,3,5373,諏 訪 玲 奈,70,67,6.67,3,0.17,1.55.5,1-4-2,1270,4,1-4,450,2,1-2-4,270,1,1-4,490,2
20260830,宮島,2,一般戦,晴,南西,4,4,5,5,3814,金 子 貴 志,57,23,6.79,5,0.38,1.56.2,1-4-2,1270,4,1-4,450,2,1-2-4,270,1,1-4,490,2
20260830,宮島,2,一般戦,晴,南西,4,4,6,6,5434,藤 田 康 生,36,76,6.74,6,0.23,2.00.0,1-4-2,1270,4,1-4,450,2,1-2-4,270,1,1-4,490,2
20260830,宮島,3,一般戦,晴,南,2,3,1,3,5376,吉 田 一 心,16,66,6.68,3,0.13,1.51.0,3-1-2,2080,8,3-1,750,3,1-2-3,280,1,1-3,260,2
20260830,宮島,3,一般戦,晴,南,2,3,2,1,4043,桐 本 康 臣,59,61,6.74,1,0.06,1.54.0,3-1-2,2080,8,3-1,750,3,1-2-3,280,1,1-3,260,2
20260830,宮島,3,一般戦,晴,南,2,3,3,2,4739,中 村 晃 朋,82,50,6.72,2,0.14,1.55.7,3-1-2,2080,8,3-1,750,3,1-2-3,280,1,1-3,260,2
20260830,宮島,3,一般戦,晴,南,2,3,4,5,4789,古 賀 智 之,19,53,6.76,5,0.09,1.56.3,3-1-2,2080,8,3-1,750,3,1-2-3,280,1,1-3,260,2
20260830,宮島,3,一般戦,晴,南,2,3,5,6,3507,藤 井 徹,52,19,6.73,6,0.11,1.57.1,3-1-2,2080,8,3-1,750,3,1-2-3,280,1,1-3,260,2
20260830,宮島,3,一般戦,晴,南,2,3,6,4,4501,樋 口 由加里,62,64,6.77,4,0.11,1.58.8,3-1-2,2080,8,3-1,750,3,1-2-3,280,1,1-3,260,2
20260830,宮島,4,一般戦,晴,南,4,4,1,3,4330,奈 須 啓 太,21,24,6.70,3,0.09,1.51.0,3-1-5,1650,5,3-1,580,2,1-3-5,430,2,1-3,230,1
20260830,宮島,4,一般戦,晴,南,4,4,2,1,5129,山 口 真喜子,25,68,6.67,1,0.11,1.52.5,3-1-5,1650,5,3-1,580,2,1-3-5,430,2,1-3,230,1
20260830,宮島,4,一般戦,晴,南,4,4,3,5,4460,後 藤 翔 之,37,22,6.79,4,0.13,1.53.7,3-1-5,1650,5,3-1,580,2,1-3-5,430,2,1-3,230,1
20260830,宮島,4,一般戦,晴,南,4,4,4,6,4000,松 本 博 昭,38,73,6.71,5,0.10,1.54.5,3-1-5,1650,5,3-1,580,2,1-3-5,430,2,1-3,230,1
20260830,宮島,4,一般戦,晴,南,4,4,5,2,4625,渡 邊 裕 貴,34,57,6.73,2,0.10,1.56.5,3-1-5,1650,5,3-1,580,2,1-3-5,430,2,1-3,230,1
20260830,宮島,4,一般戦,晴,南,4,4,6,4,5396,近 藤 来 希,67,29,6.73,6,0.11,1.59.7,3-1-5,1650,5,3-1,580,2,1-3-5,430,2,1-3,230,1
20260830,宮島,5,ランチタイム,晴,南,2,2,1,4,3995,重 野 哲 之,23,65,6.70,4,0.15,1.51.5,4-1-3,15240,35,4-1,1710,6,1-3-4,360,1,1-4,380,2
20260830,宮島,5,ランチタイム,晴,南,2,2,2,1,4168,石 野 貴 之,27,75,6.76,1,0.23,1.53.0,4-1-3,15240,35,4-1,1710,6,1-3-4,360,1,1-4,380,2
20260830,宮島,5,ランチタイム,晴,南,2,2,3,3,4336,松 田 竜 馬,66,51,6.80,3,0.16,1.53.3,4-1-3,15240,35,4-1,1710,6,1-3-4,360,1,1-4,380,2
20260830,宮島,5,ランチタイム,晴,南,2,2,4,5,3692,竹 腰 正 樹,79,63,6.67,5,0.13,1.54.8,4-1-3,15240,35,4-1,1710,6,1-3-4,360,1,1-4,380,2
20260830,宮島,5,ランチタイム,晴,南,2,2,5,6,5136,濱 野 斗 馬,51,25,6.72,6,0.13,1.55.2,4-1-3,15240,35,4-1,1710,6,1-3-4,360,1,1-4,380,2
20260830,宮島,5,ランチタイム,晴,南,2,2,6,2,4349,犬 童 千 秋,33,35,6.70,2,0.47,1.57.8,4-1-3,15240,35,4-1,1710,6,1-3-4,360,1,1-4,380,2
20260830,宮島,6,一般戦,晴,南,3,3,1,4,4750,井 上 尚 悟,32,69,6.72,4,0.10,1.52.0,4-2-6,10650,39,4-2,2050,10,2-4-6,3040,14,2-4,1220,8
20260830,宮島,6,一般戦,晴,南,3,3,2,2,4708,半 田 尚 也,71,17,6.79,2,0.16,1.53.3,4-2-6,10650,39,4-2,2050,10,2-4-6,3040,14,2-4,1220,8
20260830,宮島,6,一般戦,晴,南,3,3,3,6,5434,藤 田 康 生,36,76,6.73,6,0.13,1.55.0,4-2-6,10650,39,4-2,2050,10,2-4-6,3040,14,2-4,1220,8
20260830,宮島,6,一般戦,晴,南,3,3,4,3,4813,宮 内 直 哉,54,79,6.77,3,0.15,1.56.1,4-2-6,10650,39,4-2,2050,10,2-4-6,3040,14,2-4,1220,8
20260830,宮島,6,一般戦,晴,南,3,3,5,5,5337,出 畑 孝 成,73,78,6.77,5,0.11,1.56.9,4-2-6,10650,39,4-2,2050,10,2-4-6,3040,14,2-4,1220,8
20260830,宮島,6,一般戦,晴,南,3,3,6,1,5386,米玉利 大 悟,20,62,6.74,1,0.11,1.57.2,4-2-6,10650,39,4-2,2050,10,2-4-6,3040,14,2-4,1220,8
20260830,宮島,7,一般戦,晴,南,4,4,1,1,4991,宗 行 治 哉,61,60,6.72,1,0.16,1.51.8,1-2-5,790,2,1-2,400,3,1-2-5,370,2,1-2,370,2
20260830,宮島,7,一般戦,晴,南,4,4,2,2,4501,樋 口 由加里,62,64,6.75,2,0.10,1.52.8,1-2-5,790,2,1-2,400,3,1-2-5,370,2,1-2,370,2
20260830,宮島,7,一般戦,晴,南,4,4,3,5,4739,中 村 晃 朋,82,50,6.83,5,0.17,1.54.7,1-2-5,790,2,1-2,400,3,1-2-5,370,2,1-2,370,2
20260830,宮島,7,一般戦,晴,南,4,4,4,3,3519,冨 田 秀 幸,63,71,6.77,3,0.14,1.55.7,1-2-5,790,2,1-2,400,3,1-2-5,370,2,1-2,370,2
20260830,宮島,7,一般戦,晴,南,4,4,5,4,3814,金 子 貴 志,57,23,6.79,4,0.36,1.57.0,1-2-5,790,2,1-2,400,3,1-2-5,370,2,1-2,370,2
20260830,宮島,7,一般戦,晴,南,4,4,6,6,5437,中 澤 里 桜,17,32,6.72,6,0.38,1.58.2,1-2-5,790,2,1-2,400,3,1-2-5,370,2,1-2,370,2
20260830,宮島,8,一般戦,晴,南,3,3,1,1,5195,北 村 寧 々,53,56,6.75,1,0.03,1.50.9,1-2-4,830,2,1-2,260,1,1-2-4,460,2,1-2,190,1
20260830,宮島,8,一般戦,晴,南,3,3,2,2,5376,吉 田 一 心,16,66,6.71,2,0.07,1.52.3,1-2-4,830,2,1-2,260,1,1-2-4,460,2,1-2,190,1
20260830,宮島,8,一般戦,晴,南,3,3,3,4,3870,寺 嶋 雄,13,72,6.78,3,0.13,1.53.9,1-2-4,830,2,1-2,260,1,1-2-4,460,2,1-2,190,1
20260830,宮島,8,一般戦,晴,南,3,3,4,6,4460,後 藤 翔 之,37,22,6.81,4,0.16,1.54.7,1-2-4,830,2,1-2,260,1,1-2-4,460,2,1-2,190,1
20260830,宮島,8,一般戦,晴,南,3,3,5,5,5373,諏 訪 玲 奈,70,67,6.77,6,0.24,1.56.8,1-2-4,830,2,1-2,260,1,1-2-4,460,2,1-2,190,1
20260830,宮島,8,一般戦,晴,南,3,3,6,3,5396,近 藤 来 希,67,29,6.72,5,0.30,1.58.9,1-2-4,830,2,1-2,260,1,1-2-4,460,2,1-2,190,1
20260830,宮島,9,一般特選,晴,南,1,1,1,1,4789,古 賀 智 之,19,53,6.86,1,0.05,1.51.3,1-2-3,990,1,1-2,440,2,1-2-3,560,2,1-2,410,2
20260830,宮島,9,一般特選,晴,南,1,1,2,2,4336,松 田 竜 馬,66,51,6.90,2,0.05,1.52.2,1-2-3,990,1,1-2,440,2,1-2-3,560,2,1-2,410,2
20260830,宮島,9,一般特選,晴,南,1,1,3,3,3692,竹 腰 正 樹,79,63,6.79,3,0.11,1.53.5,1-2-3,990,1,1-2,440,2,1-2-3,560,2,1-2,410,2
20260830,宮島,9,一般特選,晴,南,1,1,4,5,5239,上 野 俊 樹,29,36,6.76,5,0.14,1.54.0,1-2-3,990,1,1-2,440,2,1-2-3,560,2,1-2,410,2
20260830,宮島,9,一般特選,晴,南,1,1,5,4,4625,渡 邊 裕 貴,34,57,6.81,4,0.16,1.55.5,1-2-3,990,1,1-2,440,2,1-2-3,560,2,1-2,410,2
20260830,宮島,9,一般特選,晴,南,1,1,6,6,4043,桐 本 康 臣,59,61,6.86,6,0.22,1.59.6,1-2-3,990,1,1-2,440,2,1-2-3,560,2,1-2,410,2
20260830,宮島,10,選抜戦,晴,南西,3,3,1,2,4168,石 野 貴 之,27,75,6.79,1,0.12,1.50.7,2-3-1,1960,8,2-3,1140,5,1-2-3,310,1,2-3,680,3
20260830,宮島,10,選抜戦,晴,南西,3,3,2,3,3541,三 嶌 誠 司,18,15,6.83,3,0.15,1.52.7,2-3-1,1960,8,2-3,1140,5,1-2-3,310,1,2-3,680,3
20260830,宮島,10,選抜戦,晴,南西,3,3,3,1,4000,松 本 博 昭,38,73,6.77,2,0.18,1.54.2,2-3-1,1960,8,2-3,1140,5,1-2-3,310,1,2-3,680,3
20260830,宮島,10,選抜戦,晴,南西,3,3,4,6,5129,山 口 真喜子,25,68,6.82,6,0.14,1.57.1,2-3-1,1960,8,2-3,1140,5,1-2-3,310,1,2-3,680,3
20260830,宮島,10,選抜戦,晴,南西,3,3,5,4,5222,津 田 陸 翔,11,12,6.83,4,0.15,1.58.9,2-3-1,1960,8,2-3,1140,5,1-2-3,310,1,2-3,680,3
20260830,宮島,10,選抜戦,晴,南西,3,3,6,5,5386,米玉利 大 悟,20,62,6.84,5,0.15,2.01.4,2-3-1,1960,8,2-3,1140,5,1-2-3,310,1,2-3,680,3
20260830,宮島,11,選抜戦,晴,南西,2,2,1,1,5136,濱 野 斗 馬,51,25,6.78,1,0.14,1.50.9,1-5-6,18020,30,1-5,1870,5,1-5-6,10020,16,1-5,2600,4
20260830,宮島,11,選抜戦,晴,南西,2,2,2,5,4121,富 永 修 一,24,37,6.81,5,0.16,1.52.4,1-5-6,18020,30,1-5,1870,5,1-5-6,10020,16,1-5,2600,4
20260830,宮島,11,選抜戦,晴,南西,2,2,3,6,4708,半 田 尚 也,71,17,6.86,6,0.19,1.54.3,1-5-6,18020,30,1-5,1870,5,1-5-6,10020,16,1-5,2600,4
20260830,宮島,11,選抜戦,晴,南西,2,2,4,4,4330,奈 須 啓 太,21,24,6.77,4,0.15,1.55.7,1-5-6,18020,30,1-5,1870,5,1-5-6,10020,16,1-5,2600,4
20260830,宮島,11,選抜戦,晴,南西,2,2,5,3,3995,重 野 哲 之,23,65,6.75,3,0.14,1.55.7,1-5-6,18020,30,1-5,1870,5,1-5-6,10020,16,1-5,2600,4
20260830,宮島,11,選抜戦,晴,南西,2,2,6,2,4991,宗 行 治 哉,61,60,6.79,2,0.13,1.58.0,1-5-6,18020,30,1-5,1870,5,1-5-6,10020,16,1-5,2600,4
20260830,宮島,12,優勝戦,晴,南西,2,2,1,1,4502,遠 藤 エ ミ,72,70,6.73,1,0.16,1.59.2,1-2-3,470,1,1-2,280,1,1-2-3,170,1,1-2,200,1
20260830,宮島,12,優勝戦,晴,南西,2,2,2,2,5267,石 本 裕 武,30,21,6.70,2,0.10,2.03.1,1-2-3,470,1,1-2,280,1,1-2-3,170,1,1-2,200,1
20260830,宮島,12,優勝戦,晴,南西,2,2,3,3,5084,末 永 和 也,65,58,6.80,3,0.14,2.05.3,1-2-3,470,1,1-2,280,1,1-2-3,170,1,1-2,200,1
20260830,宮島,12,優勝戦,晴,南西,2,2,4,5,4308,河 村 了,55,34,6.78,5,0.17,2.08.7,1-2-3,470,1,1-2,280,1,1-2-3,170,1,1-2,200,1
20260830,宮島,12,優勝戦,晴,南西,2,2,5,6,5264,登 みひ果,15,16,6.75,6,0.16,2.12.1,1-2-3,470,1,1-2,280,1,1-2-3,170,1,1-2,200,1
20260830,宮島,12,優勝戦,晴,南西,2,2,S1,4,5243,三 馬 崇 史,60,13,6.84,4,0.09,,1-2-3,470,1,1-2,280,1,1-2-3,170,1,1-2,200,1
20260830,常滑,1,朝トコ小判Ｒ,晴,南西,2,1,1,6,5467,野 村 羽 玖,14,71,6.78,6,0.17,1.49.4,6-5-2,158020,111,6-5,11250,19,2-5-6,11600,16,5-6,8100,8
20260830,常滑,1,朝トコ小判Ｒ,晴,南西,2,1,2,5,4203,小 倉 康 典,34,33,6.81,4,0.18,1.53.3,6-5-2,158020,111,6-5,11250,19,2-5-6,11600,16,5-6,8100,8
20260830,常滑,1,朝トコ小判Ｒ,晴,南西,2,1,3,2,3072,西 田 靖,5,48,6.80,2,0.22,1.55.1,6-5-2,158020,111,6-5,11250,19,2-5-6,11600,16,5-6,8100,8
20260830,常滑,1,朝トコ小判Ｒ,晴,南西,2,1,4,3,4592,小 林 孝 弘,20,12,6.80,3,0.22,1.56.3,6-5-2,158020,111,6-5,11250,19,2-5-6,11600,16,5-6,8100,8
20260830,常滑,1,朝トコ小判Ｒ,晴,南西,2,1,5,1,4254,川 島 圭 司,48,70,6.77,1,0.25,,6-5-2,158020,111,6-5,11250,19,2-5-6,11600,16,5-6,8100,8
20260830,常滑,1,朝トコ小判Ｒ,晴,南西,2,1,6,4,3587,武 田 信 一,6,14,6.88,5,0.23,,6-5-2,158020,111,6-5,11250,19,2-5-6,11600,16,5-6,8100,8
20260830,常滑,2,予選,晴,南西,2,1,1,2,3952,中 澤 和 志,51,21,6.79,2,0.23,1.51.9,2-4-1,1600,4,2-4,550,1,1-2-4,360,1,2-4,280,1
20260830,常滑,2,予選,晴,南西,2,1,2,4,4925,森 悠 稀,47,73,6.80,4,0.16,1.53.1,2-4-1,1600,4,2-4,550,1,1-2-4,360,1,2-4,280,1
20260830,常滑,2,予選,晴,南西,2,1,3,1,4626,伊 藤 紘 章,11,78,6.78,1,0.22,1.54.8,2-4-1,1600,4,2-4,550,1,1-2-4,360,1,2-4,280,1
20260830,常滑,2,予選,晴,南西,2,1,4,6,5049,松 井 友 汰,53,43,6.79,6,0.19,1.55.8,2-4-1,1600,4,2-4,550,1,1-2-4,360,1,2-4,280,1
20260830,常滑,2,予選,晴,南西,2,1,5,5,5383,中 村 楓,58,56,6.81,5,0.23,,2-4-1,1600,4,2-4,550,1,1-2-4,360,1,2-4,280,1
20260830,常滑,2,予選,晴,南西,2,1,6,3,3895,堀 本 裕 也,31,13,6.77,3,0.49,,2-4-1,1600,4,2-4,550,1,1-2-4,360,1,2-4,280,1
20260830,常滑,3,予選,晴,南西,2,1,1,2,4906,鈴 木 雅 希,12,52,6.73,2,0.06,1.51.0,2-1-4,10540,32,2-1,1010,5,1-2-4,2910,7,1-2,910,4
20260830,常滑,3,予選,晴,南西,2,1,2,1,3842,星 野 太 郎,1,69,6.71,1,0.05,1.52.0,2-1-4,10540,32,2-1,1010,5,1-2-4,2910,7,1-2,910,4
20260830,常滑,3,予選,晴,南西,2,1,3,4,4248,岡 本 大,26,66,6.76,4,0.16,1.53.6,2-1-4,10540,32,2-1,1010,5,1-2-4,2910,7,1-2,910,4
20260830,常滑,3,予選,晴,南西,2,1,4,5,5158,宮 脇 遼 太,56,34,6.78,5,0.14,1.53.7,2-1-4,10540,32,2-1,1010,5,1-2-4,2910,7,1-2,910,4
20260830,常滑,3,予選,晴,南西,2,1,5,3,5028,原 田 才一郎,59,47,6.74,3,0.10,,2-1-4,10540,32,2-1,1010,5,1-2-4,2910,7,1-2,910,4
20260830,常滑,3,予選,晴,南西,2,1,6,6,5375,庄 島 潤 成,9,54,6.81,6,0.21,,2-1-4,10540,32,2-1,1010,5,1-2-4,2910,7,1-2,910,4
20260830,常滑,4,予選,晴,南,1,1,1,3,3708,岡 部 貴 司,57,68,6.74,3,0.11,1.51.1,3-6-2,3770,17,3-6,1940,9,2-3-6,580,3,3-6,840,6
20260830,常滑,4,予選,晴,南,1,1,2,6,4239,竹 田 辰 也,3,42,6.79,5,0.15,1.51.8,3-6-2,3770,17,3-6,1940,9,2-3-6,580,3,3-6,840,6
20260830,常滑,4,予選,晴,南,1,1,3,2,4401,小 林 泰,21,39,6.80,2,0.18,1.53.3,3-6-2,3770,17,3-6,1940,9,2-3-6,580,3,3-6,840,6
20260830,常滑,4,予選,晴,南,1,1,4,4,5073,上 原 健次郎,40,27,6.75,4,0.19,1.55.7,3-6-2,3770,17,3-6,1940,9,2-3-6,580,3,3-6,840,6
20260830,常滑,4,予選,晴,南,1,1,5,1,4200,早 川 尚 人,35,46,6.79,1,0.22,,3-6-2,3770,17,3-6,1940,9,2-3-6,580,3,3-6,840,6
20260830,常滑,4,予選,晴,南,1,1,6,5,5425,西 山 育,32,77,6.81,6,0.11,,3-6-2,3770,17,3-6,1940,9,2-3-6,580,3,3-6,840,6
20260830,常滑,5,三Ａ傑戦,晴,南,1,1,1,1,4608,荒 井 翔 伍,28,75,6.78,1,0.08,1.53.6,1-2-4,3580,11,1-2,920,4,1-2-4,1380,6,1-2,440,2
20260830,常滑,5,三Ａ傑戦,晴,南,1,1,2,2,4432,黄金井 力 良,55,35,6.81,2,0.16,1.55.0,1-2-4,3580,11,1-2,920,4,1-2-4,1380,6,1-2,440,2
20260830,常滑,5,三Ａ傑戦,晴,南,1,1,3,4,3656,伯 母 芳 恒,4,29,6.77,4,0.20,1.57.6,1-2-4,3580,11,1-2,920,4,1-2-4,1380,6,1-2,440,2
20260830,常滑,5,三Ａ傑戦,晴,南,1,1,4,3,4704,河 野 大,25,64,6.83,3,0.15,1.58.6,1-2-4,3580,11,1-2,920,4,1-2-4,1380,6,1-2,440,2
20260830,常滑,5,三Ａ傑戦,晴,南,1,1,5,5,5110,杉 山 喜 一,8,31,6.86,5,0.15,,1-2-4,3580,11,1-2,920,4,1-2-4,1380,6,1-2,440,2
20260830,常滑,5,三Ａ傑戦,晴,南,1,1,S1,6,3822,平 尾 崇 典,46,15,6.79,6,0.09,,1-2-4,3580,11,1-2,920,4,1-2-4,1380,6,1-2,440,2
20260830,常滑,6,昼トコ小判Ｒ,晴,南西,2,1,1,1,4677,片 橋 幸 貴,29,60,6.77,1,0.13,1.49.8,1-6-3,4040,11,1-6,810,2,1-3-6,970,5,1-6,570,2
20260830,常滑,6,昼トコ小判Ｒ,晴,南西,2,1,2,6,4883,岡 部 大 輝,7,30,6.74,5,0.26,1.51.8,1-6-3,4040,11,1-6,810,2,1-3-6,970,5,1-6,570,2
20260830,常滑,6,昼トコ小判Ｒ,晴,南西,2,1,3,3,3718,伊 達 正 利,45,28,6.84,3,0.22,1.53.3,1-6-3,4040,11,1-6,810,2,1-3-6,970,5,1-6,570,2
20260830,常滑,6,昼トコ小判Ｒ,晴,南西,2,1,4,2,4467,渡 邉 俊 介,41,57,6.75,2,0.16,1.53.6,1-6-3,4040,11,1-6,810,2,1-3-6,970,5,1-6,570,2
20260830,常滑,6,昼トコ小判Ｒ,晴,南西,2,1,5,4,5467,野 村 羽 玖,14,71,6.77,6,0.27,,1-6-3,4040,11,1-6,810,2,1-3-6,970,5,1-6,570,2
20260830,常滑,6,昼トコ小判Ｒ,晴,南西,2,1,6,5,4626,伊 藤 紘 章,11,78,6.82,4,0.32,,1-6-3,4040,11,1-6,810,2,1-3-6,970,5,1-6,570,2
20260830,常滑,7,予選,晴,南,1,1,1,5,4544,松 田 大志郎,10,72,6.73,5,0.28,1.50.1,5-1-3,1060,3,5-1,530,2,1-3-5,210,1,1-5,210,1
20260830,常滑,7,予選,晴,南,1,1,2,1,4066,東 本 勝 利,37,32,6.76,1,0.17,1.51.3,5-1-3,1060,3,5-1,530,2,1-3-5,210,1,1-5,210,1
20260830,常滑,7,予選,晴,南,1,1,3,3,4254,川 島 圭 司,48,70,6.77,3,0.24,1.53.9,5-1-3,1060,3,5-1,530,2,1-3-5,210,1,1-5,210,1
20260830,常滑,7,予選,晴,南,1,1,4,6,3448,高 山 秀 雄,38,38,6.79,6,0.29,1.55.0,5-1-3,1060,3,5-1,530,2,1-3-5,210,1,1-5,210,1
20260830,常滑,7,予選,晴,南,1,1,5,4,5375,庄 島 潤 成,9,54,6.81,4,0.27,,5-1-3,1060,3,5-1,530,2,1-3-5,210,1,1-5,210,1
20260830,常滑,7,予選,晴,南,1,1,6,2,3895,堀 本 裕 也,31,13,6.74,2,0.27,,5-1-3,1060,3,5-1,530,2,1-3-5,210,1,1-5,210,1
20260830,常滑,8,予選,晴,南,2,1,1,6,4906,鈴 木 雅 希,12,52,6.73,5,0.18,1.51.5,6-3-4,33220,54,6-3,2800,13,3-4-6,5960,14,3-6,1610,6
20260830,常滑,8,予選,晴,南,2,1,2,3,3811,石 田 章 央,16,49,6.82,3,0.17,1.52.7,6-3-4,33220,54,6-3,2800,13,3-4-6,5960,14,3-6,1610,6
20260830,常滑,8,予選,晴,南,2,1,3,4,4186,小 川 時 光,42,37,6.80,4,0.18,1.53.8,6-3-4,33220,54,6-3,2800,13,3-4-6,5960,14,3-6,1610,6
20260830,常滑,8,予選,晴,南,2,1,4,1,3708,岡 部 貴 司,57,68,6.76,1,0.26,1.54.8,6-3-4,33220,54,6-3,2800,13,3-4-6,5960,14,3-6,1610,6
20260830,常滑,8,予選,晴,南,2,1,5,2,5049,松 井 友 汰,53,43,6.86,2,0.22,,6-3-4,33220,54,6-3,2800,13,3-4-6,5960,14,3-6,1610,6
20260830,常滑,8,予選,晴,南,2,1,6,5,3587,武 田 信 一,6,14,6.83,6,0.20,,6-3-4,33220,54,6-3,2800,13,3-4-6,5960,14,3-6,1610,6
20260830,常滑,9,予選特賞,晴,南西,2,1,1,4,4375,照 屋 厚 仁,30,25,6.77,4,0.08,1.50.3,4-1-5,1980,5,4-1,770,4,1-4-5,530,2,1-4,410,1
20260830,常滑,9,予選特賞,晴,南西,2,1,2,1,4248,岡 本 大,26,66,6.79,1,0.16,1.52.2,4-1-5,1980,5,4-1,770,4,1-4-5,530,2,1-4,410,1
20260830,常滑,9,予選特賞,晴,南西,2,1,3,5,4608,荒 井 翔 伍,28,75,6.83,5,0.10,1.53.9,4-1-5,1980,5,4-1,770,4,1-4-5,530,2,1-4,410,1
20260830,常滑,9,予選特賞,晴,南西,2,1,4,6,3605,中 村 守 成,39,58,6.84,6,0.17,1.55.7,4-1-5,1980,5,4-1,770,4,1-4-5,530,2,1-4,410,1
20260830,常滑,9,予選特賞,晴,南西,2,1,5,3,4203,小 倉 康 典,34,33,6.82,3,0.15,,4-1-5,1980,5,4-1,770,4,1-4-5,530,2,1-4,410,1
20260830,常滑,9,予選特賞,晴,南西,2,1,6,2,5073,上 原 健次郎,40,27,6.81,2,0.15,,4-1-5,1980,5,4-1,770,4,1-4-5,530,2,1-4,410,1
20260830,常滑,10,予選特賞,晴,南西,2,1,1,3,4883,岡 部 大 輝,7,30,6.79,3,0.21,1.50.1,3-1-6,3330,14,3-1,650,2,1-3-6,680,3,1-3,200,1
20260830,常滑,10,予選特賞,晴,南西,2,1,2,1,4441,末 永 由 楽,19,36,6.75,1,0.12,1.51.6,3-1-6,3330,14,3-1,650,2,1-3-6,680,3,1-3,200,1
20260830,常滑,10,予選特賞,晴,南西,2,1,3,6,4925,森 悠 稀,47,73,6.79,6,0.15,1.53.1,3-1-6,3330,14,3-1,650,2,1-3-6,680,3,1-3,200,1
20260830,常滑,10,予選特賞,晴,南西,2,1,4,2,3699,富 永 正 人,33,24,6.84,2,0.23,1.54.2,3-1-6,3330,14,3-1,650,2,1-3-6,680,3,1-3,200,1
20260830,常滑,10,予選特賞,晴,南西,2,1,5,4,3842,星 野 太 郎,1,69,6.75,4,0.19,,3-1-6,3330,14,3-1,650,2,1-3-6,680,3,1-3,200,1
20260830,常滑,10,予選特賞,晴,南西,2,1,6,5,4704,河 野 大,25,64,6.82,5,0.24,,3-1-6,3330,14,3-1,650,2,1-3-6,680,3,1-3,200,1
20260830,常滑,11,予選特選,晴,南西,2,1,1,1,5158,宮 脇 遼 太,56,34,6.80,1,0.09,1.50.9,1-4-3,1250,6,1-4,370,3,1-3-4,520,2,1-4,410,2
20260830,常滑,11,予選特選,晴,南西,2,1,2,4,4066,東 本 勝 利,37,32,6.79,4,0.16,1.52.1,1-4-3,1250,6,1-4,370,3,1-3-4,520,2,1-4,410,2
20260830,常滑,11,予選特選,晴,南西,2,1,3,3,4695,尾 崎 雄 二,50,76,6.81,3,0.13,1.53.0,1-4-3,1250,6,1-4,370,3,1-3-4,520,2,1-4,410,2
20260830,常滑,11,予選特選,晴,南西,2,1,4,2,5110,杉 山 喜 一,8,31,6.85,2,0.15,1.53.7,1-4-3,1250,6,1-4,370,3,1-3-4,520,2,1-4,410,2
20260830,常滑,11,予選特選,晴,南西,2,1,5,6,4467,渡 邉 俊 介,41,57,6.73,6,0.25,,1-4-3,1250,6,1-4,370,3,1-3-4,520,2,1-4,410,2
20260830,常滑,11,予選特選,晴,南西,2,1,6,5,4592,小 林 孝 弘,20,12,6.80,5,0.15,,1-4-3,1250,6,1-4,370,3,1-3-4,520,2,1-4,410,2
20260830,常滑,12,予選ドリーム,晴,南,2,1,1,1,4544,松 田 大志郎,10,72,6.81,1,0.20,1.50.1,1-3-5,1490,6,1-3,370,1,1-3-5,790,4,1-3,270,2
20260830,常滑,12,予選ドリーム,晴,南,2,1,2,3,4239,竹 田 辰 也,3,42,6.82,3,0.24,1.51.0,1-3-5,1490,6,1-3,370,1,1-3-5,790,4,1-3,270,2
20260830,常滑,12,予選ドリーム,晴,南,2,1,3,5,4677,片 橋 幸 貴,29,60,6.83,5,0.26,1.52.7,1-3-5,1490,6,1-3,370,1,1-3-5,790,4,1-3,270,2
20260830,常滑,12,予選ドリーム,晴,南,2,1,4,6,5028,原 田 才一郎,59,47,6.70,6,0.29,1.53.5,1-3-5,1490,6,1-3,370,1,1-3-5,790,4,1-3,270,2
20260830,常滑,12,予選ドリーム,晴,南,2,1,5,2,3822,平 尾 崇 典,46,15,6.83,2,0.19,,1-3-5,1490,6,1-3,370,1,1-3-5,790,4,1-3,270,2
20260830,常滑,12,予選ドリーム,晴,南,2,1,6,4,3952,中 澤 和 志,51,21,6.83,4,0.25,,1-3-5,1490,6,1-3,370,1,1-3-5,790,4,1-3,270,2
20260830,平和島,1,一般,曇り,無風,0,3,1,1,3589,西 村 勝,47,65,6.77,1,0.13,1.50.2,1-2-5,780,1,1-2,400,1,1-2-5,260,1,1-2,310,1
20260830,平和島,1,一般,曇り,無風,0,3,2,2,5010,宇留田 翔 平,45,75,6.67,2,0.15,1.51.5,1-2-5,780,1,1-2,400,1,1-2-5,260,1,1-2,310,1
20260830,平和島,1,一般,曇り,無風,0,3,3,5,3837,秋 山 広 一,63,32,6.84,5,0.20,1.53.1,1-2-5,780,1,1-2,400,1,1-2-5,260,1,1-2,310,1
20260830,平和島,1,一般,曇り,無風,0,3,4,3,4747,山 戸 信 二,70,64,6.72,3,0.19,1.54.4,1-2-5,780,1,1-2,400,1,1-2-5,260,1,1-2,310,1
20260830,平和島,1,一般,曇り,無風,0,3,5,4,3797,岩 井 繁,24,63,6.91,4,0.21,,1-2-5,780,1,1-2,400,1,1-2-5,260,1,1-2,310,1
20260830,平和島,1,一般,曇り,無風,0,3,6,6,3957,大 谷 直 弘,59,44,6.71,6,0.23,,1-2-5,780,1,1-2,400,1,1-2-5,260,1,1-2,310,1
20260830,平和島,2,一般,曇り,無風,0,3,1,3,4376,藤 田 靖 弘,65,49,6.74,3,0.10,1.50.9,3-2-5,2390,3,3-2,970,2,2-3-5,480,1,2-3,670,3
20260830,平和島,2,一般,曇り,無風,0,3,2,2,4944,田 代 達 也,72,71,6.63,2,0.13,1.51.9,3-2-5,2390,3,3-2,970,2,2-3-5,480,1,2-3,670,3
20260830,平和島,2,一般,曇り,無風,0,3,3,5,4207,松 下 一 也,10,54,6.71,5,0.09,1.53.5,3-2-5,2390,3,3-2,970,2,2-3-5,480,1,2-3,670,3
20260830,平和島,2,一般,曇り,無風,0,3,4,1,4339,平 瀬 城 啓,67,37,6.77,1,0.16,1.55.2,3-2-5,2390,3,3-2,970,2,2-3-5,480,1,2-3,670,3
20260830,平和島,2,一般,曇り,無風,0,3,5,4,4022,待 鳥 雄 紀,39,46,6.80,4,0.09,,3-2-5,2390,3,3-2,970,2,2-3-5,480,1,2-3,670,3
20260830,平和島,2,一般,曇り,無風,0,3,6,6,4593,小 坂 宗 司,55,55,6.69,6,0.17,,3-2-5,2390,3,3-2,970,2,2-3-5,480,1,2-3,670,3
20260830,平和島,3,一般,曇り,無風,0,3,1,2,4733,赤 井 睦,41,69,6.86,2,0.15,1.50.5,2-1-4,9920,42,2-1,1340,8,1-2-4,3720,14,1-2,660,2
20260830,平和島,3,一般,曇り,無風,0,3,2,1,5153,佐 藤 ほのか,35,60,6.89,1,0.14,1.51.4,2-1-4,9920,42,2-1,1340,8,1-2-4,3720,14,1-2,660,2
20260830,平和島,3,一般,曇り,無風,0,3,3,4,5056,西 岡 成 美,17,70,6.75,4,0.12,1.53.4,2-1-4,9920,42,2-1,1340,8,1-2-4,3720,14,1-2,660,2
20260830,平和島,3,一般,曇り,無風,0,3,4,6,4482,守 屋 美 穂,37,74,6.79,6,0.15,1.54.6,2-1-4,9920,42,2-1,1340,8,1-2-4,3720,14,1-2,660,2
20260830,平和島,3,一般,曇り,無風,0,3,5,5,4909,薮 内 瑞 希,66,68,6.83,5,0.16,,2-1-4,9920,42,2-1,1340,8,1-2-4,3720,14,1-2,660,2
20260830,平和島,3,一般,曇り,無風,0,3,6,3,3175,渡 辺 千 草,50,57,6.79,3,0.12,,2-1-4,9920,42,2-1,1340,8,1-2-4,3720,14,1-2,660,2
20260830,平和島,4,一般,晴,南,1,3,1,2,4230,濱 崎 直 矢,22,52,6.95,2,0.08,1.50.3,2-1-4,3820,12,2-1,1410,7,1-2-4,860,6,1-2,550,3
20260830,平和島,4,一般,晴,南,1,3,2,1,3455,谷 本 幸 司,68,66,6.94,1,0.10,1.52.1,2-1-4,3820,12,2-1,1410,7,1-2-4,860,6,1-2,550,3
20260830,平和島,4,一般,晴,南,1,3,3,4,4241,大 串 重 幸,57,47,6.73,4,0.10,1.53.7,2-1-4,3820,12,2-1,1410,7,1-2-4,860,6,1-2,550,3
20260830,平和島,4,一般,晴,南,1,3,4,6,4430,永 田 秀 二,12,43,6.84,6,0.10,1.54.6,2-1-4,3820,12,2-1,1410,7,1-2-4,860,6,1-2,550,3
20260830,平和島,4,一般,晴,南,1,3,5,5,4899,占 部 一 真,61,40,6.81,5,0.09,,2-1-4,3820,12,2-1,1410,7,1-2-4,860,6,1-2,550,3
20260830,平和島,4,一般,晴,南,1,3,6,3,3333,丸 尾 義 孝,32,51,6.88,3,0.08,,2-1-4,3820,12,2-1,1410,7,1-2-4,860,6,1-2,550,3
20260830,平和島,5,一般,晴,南,2,3,1,4,4688,永 井 彪 也,16,67,6.73,4,0.08,1.50.4,4-5-6,13330,42,4-5,1800,9,4-5-6,6760,11,4-5,1090,5
20260830,平和島,5,一般,晴,南,2,3,2,5,4816,村 松 修 二,13,10,6.81,5,0.09,1.51.9,4-5-6,13330,42,4-5,1800,9,4-5-6,6760,11,4-5,1090,5
20260830,平和島,5,一般,晴,南,2,3,3,6,3615,横 田 茂,64,58,6.83,6,0.09,1.54.3,4-5-6,13330,42,4-5,1800,9,4-5-6,6760,11,4-5,1090,5
20260830,平和島,5,一般,晴,南,2,3,4,1,4437,中 田 元 泰,49,59,6.87,1,0.20,1.54.5,4-5-6,13330,42,4-5,1800,9,4-5-6,6760,11,4-5,1090,5
20260830,平和島,5,一般,晴,南,2,3,5,3,4957,竹之内 極,26,62,6.80,3,0.18,,4-5-6,13330,42,4-5,1800,9,4-5-6,6760,11,4-5,1090,5
20260830,平和島,5,一般,晴,南,2,3,6,2,3931,黒 崎 竜 也,38,45,6.83,2,0.27,,4-5-6,13330,42,4-5,1800,9,4-5-6,6760,11,4-5,1090,5
20260830,平和島,6,一般,曇り,南東,1,3,1,3,3965,北 中 元 樹,53,56,6.90,3,0.12,1.51.1,3-1-4,8320,32,3-1,1640,6,1-3-4,2040,9,1-3,690,3
20260830,平和島,6,一般,曇り,南東,1,3,2,1,3306,武 田 正 紀,48,50,6.81,1,0.10,1.52.4,3-1-4,8320,32,3-1,1640,6,1-3-4,2040,9,1-3,690,3
20260830,平和島,6,一般,曇り,南東,1,3,3,4,4474,渡 辺 崇,44,72,6.81,4,0.21,1.55.5,3-1-4,8320,32,3-1,1640,6,1-3-4,2040,9,1-3,690,3
20260830,平和島,6,一般,曇り,南東,1,3,4,5,4797,中 山 将,19,36,6.85,5,0.21,1.56.6,3-1-4,8320,32,3-1,1640,6,1-3-4,2040,9,1-3,690,3
20260830,平和島,6,一般,曇り,南東,1,3,5,2,5221,竹 間 隆 晟,71,53,6.82,2,0.16,,3-1-4,8320,32,3-1,1640,6,1-3-4,2040,9,1-3,690,3
20260830,平和島,6,一般,曇り,南東,1,3,6,6,4944,田 代 達 也,72,71,6.66,6,0.20,,3-1-4,8320,32,3-1,1640,6,1-3-4,2040,9,1-3,690,3
20260830,平和島,7,一般,曇り,南,2,3,1,2,3837,秋 山 広 一,63,32,6.89,2,0.12,1.50.5,2-1-5,4740,15,2-1,1330,5,1-2-5,1330,5,1-2,750,4
20260830,平和島,7,一般,曇り,南,2,3,2,1,3797,岩 井 繁,24,63,6.95,1,0.12,1.52.4,2-1-5,4740,15,2-1,1330,5,1-2-5,1330,5,1-2,750,4
20260830,平和島,7,一般,曇り,南,2,3,3,5,4428,有 賀 達 也,20,31,6.87,5,0.23,1.53.6,2-1-5,4740,15,2-1,1330,5,1-2-5,1330,5,1-2,750,4
20260830,平和島,7,一般,曇り,南,2,3,4,3,4835,橋 本 明,25,34,6.85,3,0.18,1.54.3,2-1-5,4740,15,2-1,1330,5,1-2-5,1330,5,1-2,750,4
20260830,平和島,7,一般,曇り,南,2,3,5,6,4828,松 山 将 吾,34,35,6.79,6,0.30,,2-1-5,4740,15,2-1,1330,5,1-2-5,1330,5,1-2,750,4
20260830,平和島,7,一般,曇り,南,2,3,6,4,5172,田 村 慶,33,61,6.89,4,0.31,,2-1-5,4740,15,2-1,1330,5,1-2-5,1330,5,1-2,750,4
20260830,平和島,8,一般,曇り,南,2,3,1,2,4207,松 下 一 也,10,54,6.68,2,0.03,1.51.2,2-4-3,4280,17,2-4,830,4,2-3-4,1400,6,2-4,660,3
20260830,平和島,8,一般,曇り,南,2,3,2,4,3696,白 井 友 晴,56,33,6.84,4,0.08,1.51.9,2-4-3,4280,17,2-4,830,4,2-3-4,1400,6,2-4,660,3
20260830,平和島,8,一般,曇り,南,2,3,3,3,5153,佐 藤 ほのか,35,60,6.86,3,0.06,1.53.4,2-4-3,4280,17,2-4,830,4,2-3-4,1400,6,2-4,660,3
20260830,平和島,8,一般,曇り,南,2,3,4,5,5010,宇留田 翔 平,45,75,6.86,5,0.08,1.54.3,2-4-3,4280,17,2-4,830,4,2-3-4,1400,6,2-4,660,3
20260830,平和島,8,一般,曇り,南,2,3,5,1,4022,待 鳥 雄 紀,39,46,6.81,1,0.10,,2-4-3,4280,17,2-4,830,4,2-3-4,1400,6,2-4,660,3
20260830,平和島,8,一般,曇り,南,2,3,6,6,5056,西 岡 成 美,17,70,6.77,6,0.14,,2-4-3,4280,17,2-4,830,4,2-3-4,1400,6,2-4,660,3
20260830,平和島,9,一般特賞,曇り,南,2,3,1,5,4230,濱 崎 直 矢,22,52,6.86,5,0.17,1.50.6,5-1-3,10400,32,5-1,1560,7,1-3-5,820,5,1-5,500,3
20260830,平和島,9,一般特賞,曇り,南,2,3,2,1,4189,川 上 剛,69,41,6.77,1,0.13,1.52.4,5-1-3,10400,32,5-1,1560,7,1-3-5,820,5,1-5,500,3
20260830,平和島,9,一般特賞,曇り,南,2,3,3,3,4909,薮 内 瑞 希,66,68,6.82,3,0.13,1.53.7,5-1-3,10400,32,5-1,1560,7,1-3-5,820,5,1-5,500,3
20260830,平和島,9,一般特賞,曇り,南,2,3,4,2,4899,占 部 一 真,61,40,6.83,2,0.09,1.53.9,5-1-3,10400,32,5-1,1560,7,1-3-5,820,5,1-5,500,3
20260830,平和島,9,一般特賞,曇り,南,2,3,5,4,4376,藤 田 靖 弘,65,49,6.77,4,0.18,,5-1-3,10400,32,5-1,1560,7,1-3-5,820,5,1-5,500,3
20260830,平和島,9,一般特賞,曇り,南,2,3,6,6,4747,山 戸 信 二,70,64,6.73,6,0.18,,5-1-3,10400,32,5-1,1560,7,1-3-5,820,5,1-5,500,3
20260830,平和島,10,一般特賞,曇り,北,1,3,1,2,4816,村 松 修 二,13,10,6.92,2,0.06,1.51.4,2-3-6,7980,37,2-3,2440,11,2-3-6,3280,14,2-3,2110,10
20260830,平和島,10,一般特賞,曇り,北,1,3,2,3,4339,平 瀬 城 啓,67,37,6.98,3,0.11,1.52.9,2-3-6,7980,37,2-3,2440,11,2-3-6,3280,14,2-3,2110,10
20260830,平和島,10,一般特賞,曇り,北,1,3,3,6,3557,太 田 和 美,54,39,6.98,6,0.13,1.53.4,2-3-6,7980,37,2-3,2440,11,2-3-6,3280,14,2-3,2110,10
20260830,平和島,10,一般特賞,曇り,北,1,3,4,4,3589,西 村 勝,47,65,6.97,4,0.11,1.54.6,2-3-6,7980,37,2-3,2440,11,2-3-6,3280,14,2-3,2110,10
20260830,平和島,10,一般特賞,曇り,北,1,3,5,5,4003,表 憲 一,52,48,6.95,5,0.11,,2-3-6,7980,37,2-3,2440,11,2-3-6,3280,14,2-3,2110,10
20260830,平和島,10,一般特賞,曇り,北,1,3,6,1,4797,中 山 将,19,36,6.82,1,0.24,,2-3-6,7980,37,2-3,2440,11,2-3-6,3280,14,2-3,2110,10
20260830,平和島,11,準優勝戦,曇り,北,1,3,1,1,4482,守 屋 美 穂,37,74,6.71,1,0.07,1.49.9,1-3-6,3050,11,1-3,480,2,1-3-6,1610,8,1-3,480,3
20260830,平和島,11,準優勝戦,曇り,北,1,3,2,3,4241,大 串 重 幸,57,47,6.66,3,0.09,1.51.7,1-3-6,3050,11,1-3,480,2,1-3-6,1610,8,1-3,480,3
20260830,平和島,11,準優勝戦,曇り,北,1,3,3,6,4437,中 田 元 泰,49,59,6.75,6,0.10,1.52.4,1-3-6,3050,11,1-3,480,2,1-3-6,1610,8,1-3,480,3
20260830,平和島,11,準優勝戦,曇り,北,1,3,4,2,4430,永 田 秀 二,12,43,6.69,2,0.09,1.53.4,1-3-6,3050,11,1-3,480,2,1-3-6,1610,8,1-3,480,3
20260830,平和島,11,準優勝戦,曇り,北,1,3,5,5,3931,黒 崎 竜 也,38,45,6.84,5,0.12,,1-3-6,3050,11,1-3,480,2,1-3-6,1610,8,1-3,480,3
20260830,平和島,11,準優勝戦,曇り,北,1,3,6,4,3965,北 中 元 樹,53,56,6.94,4,0.11,,1-3-6,3050,11,1-3,480,2,1-3-6,1610,8,1-3,480,3
20260830,平和島,12,準優勝戦,曇り,無風,0,3,1,1,4828,松 山 将 吾,34,35,6.82,1,0.11,1.50.2,1-3-2,840,1,1-3,330,1,1-2-3,330,1,1-3,220,1
20260830,平和島,12,準優勝戦,曇り,無風,0,3,2,3,4688,永 井 彪 也,16,67,6.71,3,0.09,1.51.5,1-3-2,840,1,1-3,330,1,1-2-3,330,1,1-3,220,1
20260830,平和島,12,準優勝戦,曇り,無風,0,3,3,2,4428,有 賀 達 也,20,31,6.86,2,0.09,1.52.7,1-3-2,840,1,1-3,330,1,1-2-3,330,1,1-3,220,1
20260830,平和島,12,準優勝戦,曇り,無風,0,3,4,5,5221,竹 間 隆 晟,71,53,6.76,5,0.12,1.53.3,1-3-2,840,1,1-3,330,1,1-2-3,330,1,1-3,220,1
20260830,平和島,12,準優勝戦,曇り,無風,0,3,5,4,3333,丸 尾 義 孝,32,51,6.90,4,0.09,,1-3-2,840,1,1-3,330,1,1-2-3,330,1,1-3,220,1
20260830,平和島,12,準優勝戦,曇り,無風,0,3,6,6,3455,谷 本 幸 司,68,66,6.97,6,0.14,,1-3-2,840,1,1-3,330,1,1-2-3,330,1,1-3,220,1
20260830,桐生,1,一般,晴,南東,1,1,1,4,4444,桐 生 順 平,53,51,6.85,4,0.05,1.49.1,4-1-2,6670,18,4-1,1550,5,1-2-4,430,1,1-4,290,1
20260830,桐生,1,一般,晴,南東,1,1,2,1,4939,宮之原 輝 紀,49,30,6.86,1,0.12,1.50.5,4-1-2,6670,18,4-1,1550,5,1-2-4,430,1,1-4,290,1
20260830,桐生,1,一般,晴,南東,1,1,3,2,4848,仲 谷 颯 仁,24,69,6.77,2,0.16,1.52.2,4-1-2,6670,18,4-1,1550,5,1-2-4,430,1,1-4,290,1
20260830,桐生,1,一般,晴,南東,1,1,4,6,4166,吉 田 拡 郎,25,37,6.89,6,0.06,1.52.8,4-1-2,6670,18,4-1,1550,5,1-2-4,430,1,1-4,290,1
20260830,桐生,1,一般,晴,南東,1,1,5,3,4361,柳 生 泰 二,56,66,6.74,3,0.13,1.54.4,4-1-2,6670,18,4-1,1550,5,1-2-4,430,1,1-4,290,1
20260830,桐生,1,一般,晴,南東,1,1,6,5,3590,濱野谷 憲 吾,60,57,6.67,5,0.04,1.56.7,4-1-2,6670,18,4-1,1550,5,1-2-4,430,1,1-4,290,1
20260830,桐生,2,一般,曇り,西,1,1,1,1,4682,大 上 卓 人,47,38,6.70,1,0.14,1.49.4,1-3-4,740,2,1-3,250,1,1-3-4,390,2,1-3,140,1
20260830,桐生,2,一般,曇り,西,1,1,2,3,4851,関 浩 哉,67,29,6.74,3,0.15,1.49.9,1-3-4,740,2,1-3,250,1,1-3-4,390,2,1-3,140,1
20260830,桐生,2,一般,曇り,西,1,1,3,4,3415,松 井 繁,62,40,6.82,4,0.12,1.51.9,1-3-4,740,2,1-3,250,1,1-3-4,390,2,1-3,140,1
20260830,桐生,2,一般,曇り,西,1,1,4,2,3716,石 渡 鉄 兵,75,35,6.72,2,0.16,1.52.6,1-3-4,740,2,1-3,250,1,1-3-4,390,2,1-3,140,1
20260830,桐生,2,一般,曇り,西,1,1,5,5,4030,森 高 一 真,21,47,6.87,5,0.13,1.53.9,1-3-4,740,2,1-3,250,1,1-3-4,390,2,1-3,140,1
20260830,桐生,2,一般,曇り,西,1,1,6,6,3854,吉 川 元 浩,57,72,6.81,6,0.14,1.55.8,1-3-4,740,2,1-3,250,1,1-3-4,390,2,1-3,140,1
20260830,桐生,3,一般,晴,西,1,1,1,2,4344,新 田 雄 史,44,27,6.74,2,0.08,1.49.3,2-3-1,13310,34,2-3,7260,14,1-2-3,340,1,2-3,2110,6
20260830,桐生,3,一般,晴,西,1,1,2,3,4205,山 口 剛,50,59,6.68,3,0.06,1.50.1,2-3-1,13310,34,2-3,7260,14,1-2-3,340,1,2-3,2110,6
20260830,桐生,3,一般,晴,西,1,1,3,1,4013,中 島 孝 平,26,62,6.73,1,0.10,1.51.4,2-3-1,13310,34,2-3,7260,14,1-2-3,340,1,2-3,2110,6
20260830,桐生,3,一般,晴,西,1,1,4,4,3783,瓜 生 正 義,46,56,6.81,4,0.13,1.52.7,2-3-1,13310,34,2-3,7260,14,1-2-3,340,1,2-3,2110,6
20260830,桐生,3,一般,晴,西,1,1,5,6,4237,大 峯 豊,20,22,6.64,6,0.12,1.53.7,2-3-1,13310,34,2-3,7260,14,1-2-3,340,1,2-3,2110,6
20260830,桐生,3,一般,晴,西,1,1,6,5,4847,佐 藤 隆太郎,12,25,6.80,5,0.07,1.55.1,2-3-1,13310,34,2-3,7260,14,1-2-3,340,1,2-3,2110,6
20260830,桐生,4,一般,曇り,南東,2,1,1,4,4446,和 田 兼 輔,32,26,6.76,4,0.07,1.49.5,4-1-3,14800,35,4-1,3630,10,1-3-4,620,3,1-4,590,3
20260830,桐生,4,一般,曇り,南東,2,1,2,1,4445,宮 地 元 輝,65,39,6.83,1,0.13,1.51.2,4-1-3,14800,35,4-1,3630,10,1-3-4,620,3,1-4,590,3
20260830,桐生,4,一般,曇り,南東,2,1,3,3,4352,下 條 雄太郎,14,75,6.84,3,0.04,1.51.8,4-1-3,14800,35,4-1,3630,10,1-3-4,620,3,1-4,590,3
20260830,桐生,4,一般,曇り,南東,2,1,4,5,3942,寺 田 祥,69,36,6.87,5,0.07,1.53.8,4-1-3,14800,35,4-1,3630,10,1-3-4,620,3,1-4,590,3
20260830,桐生,4,一般,曇り,南東,2,1,5,6,4266,長 田 頼 宗,35,20,6.71,6,0.09,1.54.7,4-1-3,14800,35,4-1,3630,10,1-3-4,620,3,1-4,590,3
20260830,桐生,4,一般,曇り,南東,2,1,6,2,4362,土 屋 智 則,71,70,6.92,2,0.10,1.56.2,4-1-3,14800,35,4-1,3630,10,1-3-4,620,3,1-4,590,3
20260830,桐生,5,一般,曇り,南東,1,1,1,1,4188,久 田 敏 之,51,17,6.71,1,0.13,1.49.4,1-5-3,3200,10,1-5,1410,5,1-3-5,680,4,1-5,1090,4
20260830,桐生,5,一般,曇り,南東,1,1,2,5,4371,西 山 貴 浩,52,61,6.85,5,0.15,1.51.1,1-5-3,3200,10,1-5,1410,5,1-3-5,680,4,1-5,1090,4
20260830,桐生,5,一般,曇り,南東,1,1,3,3,4262,馬 場 貴 也,59,60,6.62,2,0.12,1.52.6,1-5-3,3200,10,1-5,1410,5,1-3-5,680,4,1-5,1090,4
20260830,桐生,5,一般,曇り,南東,1,1,4,4,4494,河 合 佑 樹,29,12,6.73,4,0.15,1.54.0,1-5-3,3200,10,1-5,1410,5,1-3-5,680,4,1-5,1090,4
20260830,桐生,5,一般,曇り,南東,1,1,5,2,4571,菅 章 哉,17,19,6.65,3,0.12,1.55.1,1-5-3,3200,10,1-5,1410,5,1-3-5,680,4,1-5,1090,4
20260830,桐生,5,一般,曇り,南東,1,1,6,6,4547,中 田 竜 太,40,44,6.80,6,0.11,1.57.4,1-5-3,3200,10,1-5,1410,5,1-3-5,680,4,1-5,1090,4
20260830,桐生,6,一般,曇り,南東,2,1,1,1,4719,上 條 暢 嵩,15,55,6.76,1,0.19,1.49.9,1-6-4,10380,25,1-6,1910,6,1-4-6,3210,10,1-6,1650,5
20260830,桐生,6,一般,曇り,南東,2,1,2,6,4061,萩 原 秀 人,33,71,6.82,6,0.18,1.50.3,1-6-4,10380,25,1-6,1910,6,1-4-6,3210,10,1-6,1650,5
20260830,桐生,6,一般,曇り,南東,2,1,3,4,4497,桑 原 悠,34,21,6.85,4,0.17,1.52.0,1-6-4,10380,25,1-6,1910,6,1-4-6,3210,10,1-6,1650,5
20260830,桐生,6,一般,曇り,南東,2,1,4,2,4685,島 村 隆 幸,37,67,6.87,2,0.19,1.53.3,1-6-4,10380,25,1-6,1910,6,1-4-6,3210,10,1-6,1650,5
20260830,桐生,6,一般,曇り,南東,2,1,5,3,4477,篠 崎 仁 志,30,15,6.70,3,0.17,1.53.7,1-6-4,10380,25,1-6,1910,6,1-4-6,3210,10,1-6,1650,5
20260830,桐生,6,一般,曇り,南東,2,1,6,5,4337,平 本 真 之,43,18,6.77,5,0.16,1.55.5,1-6-4,10380,25,1-6,1910,6,1-4-6,3210,10,1-6,1650,5
20260830,桐生,7,一般,曇り,南東,2,1,1,1,3959,坪 井 康 晴,45,74,6.65,1,0.15,1.48.7,1-2-3,1330,3,1-2,530,2,1-2-3,460,1,1-2,390,2
20260830,桐生,7,一般,曇り,南東,2,1,2,2,5224,西 岡 顕 心,28,31,6.68,2,0.13,1.50.3,1-2-3,1330,3,1-2,530,2,1-2-3,460,1,1-2,390,2
20260830,桐生,7,一般,曇り,南東,2,1,3,3,4444,桐 生 順 平,53,51,6.78,3,0.14,1.51.8,1-2-3,1330,3,1-2,530,2,1-2-3,460,1,1-2,390,2
20260830,桐生,7,一般,曇り,南東,2,1,4,6,4344,新 田 雄 史,44,27,6.79,6,0.23,1.53.0,1-2-3,1330,3,1-2,530,2,1-2-3,460,1,1-2,390,2
20260830,桐生,7,一般,曇り,南東,2,1,5,4,4831,羽 野 直 也,11,52,6.60,4,0.13,1.54.1,1-2-3,1330,3,1-2,530,2,1-2-3,460,1,1-2,390,2
20260830,桐生,7,一般,曇り,南東,2,1,6,5,4851,関 浩 哉,67,29,6.80,5,0.16,1.55.5,1-2-3,1330,3,1-2,530,2,1-2-3,460,1,1-2,390,2
20260830,桐生,8,一般,曇り,南東,2,1,1,1,4787,椎 名 豊,48,48,6.60,1,0.05,1.48.9,1-2-4,1210,4,1-2,450,3,1-2-4,510,2,1-2,440,3
20260830,桐生,8,一般,曇り,南東,2,1,2,2,4604,岩 瀬 裕 亮,13,54,6.78,2,0.11,1.50.5,1-2-4,1210,4,1-2,450,3,1-2-4,510,2,1-2,440,3
20260830,桐生,8,一般,曇り,南東,2,1,3,4,4352,下 條 雄太郎,14,75,6.75,4,0.09,1.52.3,1-2-4,1210,4,1-2,450,3,1-2-4,510,2,1-2,440,3
20260830,桐生,8,一般,曇り,南東,2,1,4,3,4024,井 口 佳 典,36,28,6.63,3,0.12,1.53.1,1-2-4,1210,4,1-2,450,3,1-2-4,510,2,1-2,440,3
20260830,桐生,8,一般,曇り,南東,2,1,5,6,4205,山 口 剛,50,59,6.60,6,0.13,1.53.7,1-2-4,1210,4,1-2,450,3,1-2-4,510,2,1-2,440,3
20260830,桐生,8,一般,曇り,南東,2,1,6,5,4366,前 沢 丈 史,38,16,6.76,5,0.07,1.57.6,1-2-4,1210,4,1-2,450,3,1-2-4,510,2,1-2,440,3
20260830,桐生,9,みどモス選抜,曇り,東,1,1,1,1,4547,中 田 竜 太,40,44,6.61,1,0.12,1.48.8,1-4-6,4200,14,1-4,470,3,1-4-6,2150,8,1-4,390,3
20260830,桐生,9,みどモス選抜,曇り,東,1,1,2,4,4686,丸 野 一 樹,64,23,6.75,4,0.07,1.51.0,1-4-6,4200,14,1-4,470,3,1-4-6,2150,8,1-4,390,3
20260830,桐生,9,みどモス選抜,曇り,東,1,1,3,6,3716,石 渡 鉄 兵,75,35,6.62,6,0.10,1.52.2,1-4-6,4200,14,1-4,470,3,1-4-6,2150,8,1-4,390,3
20260830,桐生,9,みどモス選抜,曇り,東,1,1,4,3,4350,篠 崎 元 志,70,34,6.75,3,0.10,1.53.5,1-4-6,4200,14,1-4,470,3,1-4-6,2150,8,1-4,390,3
20260830,桐生,9,みどモス選抜,曇り,東,1,1,5,2,4266,長 田 頼 宗,35,20,6.65,2,0.09,1.53.8,1-4-6,4200,14,1-4,470,3,1-4-6,2150,8,1-4,390,3
20260830,桐生,9,みどモス選抜,曇り,東,1,1,6,5,3783,瓜 生 正 義,46,56,6.75,5,0.10,1.54.9,1-4-6,4200,14,1-4,470,3,1-4-6,2150,8,1-4,390,3
20260830,桐生,10,特別選抜戦,曇り,東,1,1,1,1,4262,馬 場 貴 也,59,60,6.62,1,0.08,1.48.6,1-2-4,800,1,1-2,280,1,1-2-4,430,1,1-2,230,1
20260830,桐生,10,特別選抜戦,曇り,東,1,1,2,2,4477,篠 崎 仁 志,30,15,6.65,2,0.08,1.50.1,1-2-4,800,1,1-2,280,1,1-2-4,430,1,1-2,230,1
20260830,桐生,10,特別選抜戦,曇り,東,1,1,3,4,4719,上 條 暢 嵩,15,55,6.80,4,0.10,1.51.2,1-2-4,800,1,1-2,280,1,1-2-4,430,1,1-2,230,1
20260830,桐生,10,特別選抜戦,曇り,東,1,1,4,5,4188,久 田 敏 之,51,17,6.60,5,0.08,1.52.8,1-2-4,800,1,1-2,280,1,1-2-4,430,1,1-2,230,1
20260830,桐生,10,特別選抜戦,曇り,東,1,1,5,3,4682,大 上 卓 人,47,38,6.59,3,0.10,1.53.3,1-2-4,800,1,1-2,280,1,1-2-4,430,1,1-2,230,1
20260830,桐生,10,特別選抜戦,曇り,東,1,1,6,6,4445,宮 地 元 輝,65,39,6.72,6,0.09,1.54.3,1-2-4,800,1,1-2,280,1,1-2-4,430,1,1-2,230,1
20260830,桐生,11,特別選抜戦,曇り,無風,0,0,1,1,4362,土 屋 智 則,71,70,6.75,1,0.10,1.49.2,1-2-3,880,1,1-2,350,2,1-2-3,330,1,1-2,300,2
20260830,桐生,11,特別選抜戦,曇り,無風,0,0,2,2,4831,羽 野 直 也,11,52,6.70,2,0.15,1.50.4,1-2-3,880,1,1-2,350,2,1-2-3,330,1,1-2,300,2
20260830,桐生,11,特別選抜戦,曇り,無風,0,0,3,3,4787,椎 名 豊,48,48,6.88,3,0.12,1.52.0,1-2-3,880,1,1-2,350,2,1-2-3,330,1,1-2,300,2
20260830,桐生,11,特別選抜戦,曇り,無風,0,0,4,6,3959,坪 井 康 晴,45,74,6.92,6,0.16,1.53.0,1-2-3,880,1,1-2,350,2,1-2-3,330,1,1-2,300,2
20260830,桐生,11,特別選抜戦,曇り,無風,0,0,5,5,4939,宮之原 輝 紀,49,30,6.88,5,0.14,1.54.1,1-2-3,880,1,1-2,350,2,1-2-3,330,1,1-2,300,2
20260830,桐生,11,特別選抜戦,曇り,無風,0,0,6,4,4013,中 島 孝 平,26,62,6.72,4,0.08,1.54.9,1-2-3,880,1,1-2,350,2,1-2-3,330,1,1-2,300,2
20260830,桐生,12,優勝戦,曇り,無風,0,0,1,1,4320,峰 竜 太,27,41,6.73,1,0.05,1.47.7,1-2-3,580,1,1-2,240,1,1-2-3,280,1,1-2,170,1
20260830,桐生,12,優勝戦,曇り,無風,0,0,2,2,4238,毒 島 誠,73,33,6.92,2,0.06,1.50.1,1-2-3,580,1,1-2,240,1,1-2-3,280,1,1-2,170,1
20260830,桐生,12,優勝戦,曇り,無風,0,0,3,3,3941,池 田 浩 二,72,42,6.85,3,0.04,1.51.0,1-2-3,580,1,1-2,240,1,1-2-3,280,1,1-2,170,1
20260830,桐生,12,優勝戦,曇り,無風,0,0,4,5,5121,定 松 勇 樹,74,45,6.94,5,0.10,1.52.2,1-2-3,580,1,1-2,240,1,1-2-3,280,1,1-2,170,1
20260830,桐生,12,優勝戦,曇り,無風,0,0,5,6,4418,茅 原 悠 紀,31,73,6.80,6,0.10,1.52.7,1-2-3,580,1,1-2,240,1,1-2-3,280,1,1-2,170,1
20260830,桐生,12,優勝戦,曇り,無風,0,0,6,4,4586,磯 部 誠,41,68,6.74,4,0.02,1.54.4,1-2-3,580,1,1-2,240,1,1-2-3,280,1,1-2,170,1
20260830,津,1,一般,晴,北西,3,2,1,1,4152,深 水 慎一郎,72,13,6.79,1,0.25,1.51.3,1-3-2,830,2,1-3,380,1,1-2-3,300,1,1-3,300,1
20260830,津,1,一般,晴,北西,3,2,2,3,5348,小 林 甘 寧,29,71,6.76,3,0.23,1.51.7,1-3-2,830,2,1-3,380,1,1-2-3,300,1,1-3,300,1
20260830,津,1,一般,晴,北西,3,2,3,2,4104,木 下 陽 介,26,43,6.73,2,0.23,1.54.2,1-3-2,830,2,1-3,380,1,1-2-3,300,1,1-3,300,1
20260830,津,1,一般,晴,北西,3,2,4,6,5275,松 田 淳 平,46,29,6.77,6,0.14,1.56.0,1-3-2,830,2,1-3,380,1,1-2-3,300,1,1-3,300,1
20260830,津,1,一般,晴,北西,3,2,5,4,4395,下 河 雅 史,55,68,6.83,4,0.24,,1-3-2,830,2,1-3,380,1,1-2-3,300,1,1-3,300,1
20260830,津,1,一般,晴,北西,3,2,6,5,4871,菊 池 宏 志,21,41,6.72,5,0.17,,1-3-2,830,2,1-3,380,1,1-2-3,300,1,1-3,300,1
20260830,津,2,一般,晴,北西,3,2,1,6,4843,深 尾 巴 恵,20,38,6.70,6,0.18,1.52.5,6-1-3,33620,89,6-1,2790,11,1-3-6,2920,14,1-6,1710,9
20260830,津,2,一般,晴,北西,3,2,2,1,4940,白 石 有 美,18,63,6.76,1,0.14,1.53.3,6-1-3,33620,89,6-1,2790,11,1-3-6,2920,14,1-6,1710,9
20260830,津,2,一般,晴,北西,3,2,3,3,5365,石 村 日奈那,54,34,6.74,3,0.21,1.54.9,6-1-3,33620,89,6-1,2790,11,1-3-6,2920,14,1-6,1710,9
20260830,津,2,一般,晴,北西,3,2,4,5,4385,鈴 木 祐美子,33,56,6.71,5,0.15,1.57.2,6-1-3,33620,89,6-1,2790,11,1-3-6,2920,14,1-6,1710,9
20260830,津,2,一般,晴,北西,3,2,5,4,4065,金 田 幸 子,17,40,6.78,4,0.19,,6-1-3,33620,89,6-1,2790,11,1-3-6,2920,14,1-6,1710,9
20260830,津,2,一般,晴,北西,3,2,6,2,5078,山 川 波 乙,34,70,6.85,2,0.16,,6-1-3,33620,89,6-1,2790,11,1-3-6,2920,14,1-6,1710,9
20260830,津,3,一般,晴,北西,3,2,1,1,5325,澁 川 夏,35,48,6.72,1,0.13,1.50.4,1-3-2,1440,6,1-3,390,1,1-2-3,640,3,1-3,440,3
20260830,津,3,一般,晴,北西,3,2,2,3,4513,河 野 真 也,71,50,6.82,3,0.16,1.52.8,1-3-2,1440,6,1-3,390,1,1-2-3,640,3,1-3,440,3
20260830,津,3,一般,晴,北西,3,2,3,2,4179,広 次 修,19,18,6.70,2,0.15,1.53.6,1-3-2,1440,6,1-3,390,1,1-2-3,640,3,1-3,440,3
20260830,津,3,一般,晴,北西,3,2,4,4,4470,平 田 健之佑,50,31,6.84,4,0.10,1.54.2,1-3-2,1440,6,1-3,390,1,1-2-3,640,3,1-3,440,3
20260830,津,3,一般,晴,北西,3,2,5,5,5292,佐 藤 右 京,32,67,6.79,5,0.16,,1-3-2,1440,6,1-3,390,1,1-2-3,640,3,1-3,440,3
20260830,津,3,一般,晴,北西,3,2,6,6,5364,金 子 怜 央,52,11,6.75,6,0.18,,1-3-2,1440,6,1-3,390,1,1-2-3,640,3,1-3,440,3
20260830,津,4,一般,晴,北西,3,2,1,1,4300,加 藤 綾,36,24,6.74,1,0.19,1.51.4,1-2-6,2960,10,1-2,1410,6,1-2-6,1380,8,1-2,980,4
20260830,津,4,一般,晴,北西,3,2,2,2,4548,篠 木 亜衣花,23,62,6.75,2,0.22,1.53.2,1-2-6,2960,10,1-2,1410,6,1-2-6,1380,8,1-2,980,4
20260830,津,4,一般,晴,北西,3,2,3,6,4450,平 高 奈 菜,66,22,6.81,6,0.21,1.54.1,1-2-6,2960,10,1-2,1410,6,1-2-6,1380,8,1-2,980,4
20260830,津,4,一般,晴,北西,3,2,4,3,5144,中 尾 彩 香,45,58,6.76,3,0.12,1.55.3,1-2-6,2960,10,1-2,1410,6,1-2-6,1380,8,1-2,980,4
20260830,津,4,一般,晴,北西,3,2,5,4,4283,石 井 裕 美,60,61,6.73,4,0.27,,1-2-6,2960,10,1-2,1410,6,1-2-6,1380,8,1-2,980,4
20260830,津,4,一般,晴,北西,3,2,6,5,5272,松 田 真 実,11,73,6.71,5,0.37,,1-2-6,2960,10,1-2,1410,6,1-2-6,1380,8,1-2,980,4
20260830,津,5,一般,晴,北西,1,1,1,1,4324,海 野 康志郎,62,25,6.76,1,0.15,1.51.5,1-6-2,3410,12,1-6,1380,5,1-2-6,600,3,1-6,1340,5
20260830,津,5,一般,晴,北西,1,1,2,6,4978,山 田 和 佐,43,76,6.70,6,0.25,1.52.1,1-6-2,3410,12,1-6,1380,5,1-2-6,600,3,1-6,1340,5
20260830,津,5,一般,晴,北西,1,1,3,2,4420,津久井 拓 也,69,72,6.81,2,0.23,1.54.1,1-6-2,3410,12,1-6,1380,5,1-2-6,600,3,1-6,1340,5
20260830,津,5,一般,晴,北西,1,1,4,5,4104,木 下 陽 介,26,43,6.69,5,0.14,1.55.1,1-6-2,3410,12,1-6,1380,5,1-2-6,600,3,1-6,1340,5
20260830,津,5,一般,晴,北西,1,1,5,3,4871,菊 池 宏 志,21,41,6.71,3,0.22,,1-6-2,3410,12,1-6,1380,5,1-2-6,600,3,1-6,1340,5
20260830,津,5,一般,晴,北西,1,1,6,4,4461,安 田 吉 宏,49,21,6.76,4,0.19,,1-6-2,3410,12,1-6,1380,5,1-2-6,600,3,1-6,1340,5
20260830,津,6,一般,晴,北西,2,1,1,1,5165,小 林 愛 実,51,23,6.70,1,0.20,1.50.8,1-6-3,5000,19,1-6,1560,6,1-3-6,1290,8,1-6,1170,5
20260830,津,6,一般,晴,北西,2,1,2,6,5291,三 嶌 こころ,48,26,6.78,6,0.30,1.51.8,1-6-3,5000,19,1-6,1560,6,1-3-6,1290,8,1-6,1170,5
20260830,津,6,一般,晴,北西,2,1,3,3,4385,鈴 木 祐美子,33,56,6.70,3,0.20,1.55.1,1-6-3,5000,19,1-6,1560,6,1-3-6,1290,8,1-6,1170,5
20260830,津,6,一般,晴,北西,2,1,4,2,4479,矢 野 真梨菜,14,51,6.77,2,0.19,1.55.7,1-6-3,5000,19,1-6,1560,6,1-3-6,1290,8,1-6,1170,5
20260830,津,6,一般,晴,北西,2,1,5,4,5078,山 川 波 乙,34,70,6.72,4,0.19,,1-6-3,5000,19,1-6,1560,6,1-3-6,1290,8,1-6,1170,5
20260830,津,6,一般,晴,北西,2,1,6,5,3334,角 ひとみ,59,35,6.80,5,0.25,,1-6-3,5000,19,1-6,1560,6,1-3-6,1290,8,1-6,1170,5
20260830,津,7,一般,晴,北西,1,1,1,1,4179,広 次 修,19,18,6.78,1,0.16,1.52.4,1-3-6,1150,3,1-3,250,1,1-3-6,510,2,1-3,210,1
20260830,津,7,一般,晴,北西,1,1,2,3,4152,深 水 慎一郎,72,13,6.80,3,0.19,1.53.3,1-3-6,1150,3,1-3,250,1,1-3-6,510,2,1-3,210,1
20260830,津,7,一般,晴,北西,1,1,3,6,5348,小 林 甘 寧,29,71,6.81,6,0.12,1.54.0,1-3-6,1150,3,1-3,250,1,1-3-6,510,2,1-3,210,1
20260830,津,7,一般,晴,北西,1,1,4,2,4395,下 河 雅 史,55,68,6.83,2,0.24,1.55.2,1-3-6,1150,3,1-3,250,1,1-3-6,510,2,1-3,210,1
20260830,津,7,一般,晴,北西,1,1,5,5,4513,河 野 真 也,71,50,6.86,5,0.19,,1-3-6,1150,3,1-3,250,1,1-3-6,510,2,1-3,210,1
20260830,津,7,一般,晴,北西,1,1,6,4,5364,金 子 怜 央,52,11,6.81,4,0.15,,1-3-6,1150,3,1-3,250,1,1-3-6,510,2,1-3,210,1
20260830,津,8,一般,晴,東,1,1,1,1,4065,金 田 幸 子,17,40,6.84,1,0.17,1.51.5,1-6-5,30220,61,1-6,3610,12,1-5-6,4840,14,1-6,2630,8
20260830,津,8,一般,晴,東,1,1,2,6,5365,石 村 日奈那,54,34,6.81,6,0.22,1.52.7,1-6-5,30220,61,1-6,3610,12,1-5-6,4840,14,1-6,2630,8
20260830,津,8,一般,晴,東,1,1,3,5,4548,篠 木 亜衣花,23,62,6.83,5,0.28,1.55.2,1-6-5,30220,61,1-6,3610,12,1-5-6,4840,14,1-6,2630,8
20260830,津,8,一般,晴,東,1,1,4,3,4283,石 井 裕 美,60,61,6.76,3,0.24,1.56.1,1-6-5,30220,61,1-6,3610,12,1-5-6,4840,14,1-6,2630,8
20260830,津,8,一般,晴,東,1,1,5,2,4843,深 尾 巴 恵,20,38,6.81,2,0.21,,1-6-5,30220,61,1-6,3610,12,1-5-6,4840,14,1-6,2630,8
20260830,津,8,一般,晴,東,1,1,6,4,5144,中 尾 彩 香,45,58,6.82,4,0.42,,1-6-5,30220,61,1-6,3610,12,1-5-6,4840,14,1-6,2630,8
20260830,津,9,ツックン選抜,晴,東,2,1,1,2,5275,松 田 淳 平,46,29,6.91,2,0.06,1.51.6,2-5-6,4380,18,2-5,1040,5,2-5-6,1630,6,2-5,570,4
20260830,津,9,ツックン選抜,晴,東,2,1,2,5,4324,海 野 康志郎,62,25,6.92,5,0.03,1.53.4,2-5-6,4380,18,2-5,1040,5,2-5-6,1630,6,2-5,570,4
20260830,津,9,ツックン選抜,晴,東,2,1,3,6,4420,津久井 拓 也,69,72,7.08,6,0.11,1.54.4,2-5-6,4380,18,2-5,1040,5,2-5-6,1630,6,2-5,570,4
20260830,津,9,ツックン選抜,晴,東,2,1,4,3,4470,平 田 健之佑,50,31,6.98,3,0.07,1.55.5,2-5-6,4380,18,2-5,1040,5,2-5-6,1630,6,2-5,570,4
20260830,津,9,ツックン選抜,晴,東,2,1,5,1,5292,佐 藤 右 京,32,67,6.90,1,0.30,,2-5-6,4380,18,2-5,1040,5,2-5-6,1630,6,2-5,570,4
20260830,津,9,ツックン選抜,晴,東,2,1,F,4,5325,澁 川 夏,35,48,6.88,4,F0.04,,2-5-6,4380,18,2-5,1040,5,2-5-6,1630,6,2-5,570,4
20260830,津,10,ツーコ選抜戦,晴,東,3,2,1,1,5272,松 田 真 実,11,73,6.79,1,0.12,1.50.9,1-5-2,2240,6,1-5,780,3,1-2-5,630,3,1-5,750,3
20260830,津,10,ツーコ選抜戦,晴,東,3,2,2,5,5165,小 林 愛 実,51,23,6.87,5,0.06,1.52.5,1-5-2,2240,6,1-5,780,3,1-2-5,630,3,1-5,750,3
20260830,津,10,ツーコ選抜戦,晴,東,3,2,3,2,3334,角 ひとみ,59,35,6.96,2,0.09,1.54.0,1-5-2,2240,6,1-5,780,3,1-2-5,630,3,1-5,750,3
20260830,津,10,ツーコ選抜戦,晴,東,3,2,4,4,4479,矢 野 真梨菜,14,51,6.89,4,0.17,1.55.2,1-5-2,2240,6,1-5,780,3,1-2-5,630,3,1-5,750,3
20260830,津,10,ツーコ選抜戦,晴,東,3,2,5,3,4300,加 藤 綾,36,24,6.92,3,0.07,,1-5-2,2240,6,1-5,780,3,1-2-5,630,3,1-5,750,3
20260830,津,10,ツーコ選抜戦,晴,東,3,2,6,6,4940,白 石 有 美,18,63,7.02,6,0.06,,1-5-2,2240,6,1-5,780,3,1-2-5,630,3,1-5,750,3
20260830,津,11,ツッキー優勝,晴,東,3,2,1,3,4732,堀 本 和 也,40,55,6.96,2,0.06,1.50.2,3-1-4,8950,24,3-1,1700,5,1-3-4,1180,4,1-3,190,1
20260830,津,11,ツッキー優勝,晴,東,3,2,2,1,4471,新 田 泰 章,47,64,6.90,1,0.04,1.51.6,3-1-4,8950,24,3-1,1700,5,1-3-4,1180,4,1-3,190,1
20260830,津,11,ツッキー優勝,晴,東,3,2,3,4,4674,池 田 剛 規,64,60,6.96,4,0.15,1.53.7,3-1-4,8950,24,3-1,1700,5,1-3-4,1180,4,1-3,190,1
20260830,津,11,ツッキー優勝,晴,東,3,2,4,6,5047,國 分 将太郎,38,52,6.88,6,0.22,1.54.5,3-1-4,8950,24,3-1,1700,5,1-3-4,1180,4,1-3,190,1
20260830,津,11,ツッキー優勝,晴,東,3,2,5,2,4959,井 上 忠 政,63,30,6.91,3,0.08,,3-1-4,8950,24,3-1,1700,5,1-3-4,1180,4,1-3,190,1
20260830,津,11,ツッキー優勝,晴,東,3,2,6,5,5278,田 中 駿 兵,53,74,6.92,5,0.21,,3-1-4,8950,24,3-1,1700,5,1-3-4,1180,4,1-3,190,1
20260830,津,12,ツッピー優勝,晴,東,2,1,1,2,5163,清 水 愛 海,31,15,6.91,2,0.16,1.50.6,2-1-5,2770,11,2-1,580,3,1-2-5,570,3,1-2,160,1
20260830,津,12,ツッピー優勝,晴,東,2,1,2,1,4530,小 野 生 奈,13,49,6.80,1,0.10,1.52.5,2-1-5,2770,11,2-1,580,3,1-2-5,570,3,1-2,160,1
20260830,津,12,ツッピー優勝,晴,東,2,1,3,5,4589,塩 崎 桐 加,30,20,6.85,5,0.09,1.53.6,2-1-5,2770,11,2-1,580,3,1-2-5,570,3,1-2,160,1
20260830,津,12,ツッピー優勝,晴,東,2,1,4,4,3845,中 谷 朋 子,70,69,6.83,4,0.14,1.54.0,2-1-5,2770,11,2-1,580,3,1-2-5,570,3,1-2,160,1
20260830,津,12,ツッピー優勝,晴,東,2,1,5,3,4286,平 田 さやか,16,57,6.85,3,0.09,,2-1-5,2770,11,2-1,580,3,1-2-5,570,3,1-2,160,1
20260830,津,12,ツッピー優勝,晴,東,2,1,6,6,4738,清 埜 翔 子,68,54,6.84,6,0.11,,2-1-5,2770,11,2-1,580,3,1-2-5,570,3,1-2,160,1
20260830,浜名湖,1,予選,晴,南,3,1,1,4,3579,中 里 優 子,58,23,6.71,4,0.15,1.52.4,4-5-2,13950,43,4-5,4240,15,2-4-5,2010,9,4-5,3200,10
20260830,浜名湖,1,予選,晴,南,3,1,2,5,3357,福 島 陽 子,41,51,6.73,5,0.24,1.53.2,4-5-2,13950,43,4-5,4240,15,2-4-5,2010,9,4-5,3200,10
20260830,浜名湖,1,予選,晴,南,3,1,3,2,3302,谷 川 里 江,17,71,6.66,2,0.28,1.54.5,4-5-2,13950,43,4-5,4240,15,2-4-5,2010,9,4-5,3200,10
20260830,浜名湖,1,予選,晴,南,3,1,4,3,3232,山 川 美由紀,30,45,6.74,3,0.19,1.55.7,4-5-2,13950,43,4-5,4240,15,2-4-5,2010,9,4-5,3200,10
20260830,浜名湖,1,予選,晴,南,3,1,5,1,3518,倉 田 郁 美,32,33,6.71,1,0.48,,4-5-2,13950,43,4-5,4240,15,2-4-5,2010,9,4-5,3200,10
20260830,浜名湖,1,予選,晴,南,3,1,6,6,5436,市 川 瑚 幸,51,67,6.73,6,0.29,,4-5-2,13950,43,4-5,4240,15,2-4-5,2010,9,4-5,3200,10
20260830,浜名湖,2,予選,晴,南,4,2,1,5,3611,岩 崎 芳 美,55,62,6.67,5,0.20,1.51.4,5-2-3,8320,34,5-2,3090,14,2-3-5,600,4,2-5,1640,7
20260830,浜名湖,2,予選,晴,南,4,2,2,2,4117,廣 中 智紗衣,49,65,6.72,2,0.32,1.52.5,5-2-3,8320,34,5-2,3090,14,2-3-5,600,4,2-5,1640,7
20260830,浜名湖,2,予選,晴,南,4,2,3,3,4225,土 屋 千 明,20,14,6.69,3,0.19,1.54.3,5-2-3,8320,34,5-2,3090,14,2-3-5,600,4,2-5,1640,7
20260830,浜名湖,2,予選,晴,南,4,2,4,6,5346,中 村 紋夕梨,19,76,6.73,6,0.26,1.55.1,5-2-3,8320,34,5-2,3090,14,2-3-5,600,4,2-5,1640,7
20260830,浜名湖,2,予選,晴,南,4,2,5,1,5079,大 石 真 央,2,15,6.69,1,0.25,,5-2-3,8320,34,5-2,3090,14,2-3-5,600,4,2-5,1640,7
20260830,浜名湖,2,予選,晴,南,4,2,6,4,4317,木 村 紗友希,14,48,6.76,4,0.26,,5-2-3,8320,34,5-2,3090,14,2-3-5,600,4,2-5,1640,7
20260830,浜名湖,3,予選,晴,南,4,2,1,3,5340,樋江井 舞,8,66,6.72,3,0.17,1.51.3,3-2-4,5390,23,3-2,2660,10,2-3-4,610,3,2-3,650,3
20260830,浜名湖,3,予選,晴,南,4,2,2,2,4208,三 浦 永 理,61,22,6.74,2,0.13,1.52.7,3-2-4,5390,23,3-2,2660,10,2-3-4,610,3,2-3,650,3
20260830,浜名湖,3,予選,晴,南,4,2,3,4,4994,山 本 梨 菜,53,44,6.61,4,0.22,1.54.8,3-2-4,5390,23,3-2,2660,10,2-3-4,610,3,2-3,650,3
20260830,浜名湖,3,予選,晴,南,4,2,4,5,4246,喜 多 那由夏,1,29,6.69,5,0.18,1.55.9,3-2-4,5390,23,3-2,2660,10,2-3-4,610,3,2-3,650,3
20260830,浜名湖,3,予選,晴,南,4,2,5,1,4098,赤 澤 文 香,11,57,6.71,1,0.25,,3-2-4,5390,23,3-2,2660,10,2-3-4,610,3,2-3,650,3
20260830,浜名湖,3,予選,晴,南,4,2,6,6,4313,西 村 美智子,24,30,6.71,6,0.26,,3-2-4,5390,23,3-2,2660,10,2-3-4,610,3,2-3,650,3
20260830,浜名湖,4,ランチタイム,晴,南,5,3,1,1,5188,武 井 莉里佳,54,63,6.73,1,0.17,1.51.9,1-3-2,920,3,1-3,280,2,1-2-3,240,1,1-3,460,2
20260830,浜名湖,4,ランチタイム,晴,南,5,3,2,3,3474,松 瀬 弘 美,6,24,6.76,3,0.24,1.53.2,1-3-2,920,3,1-3,280,2,1-2-3,240,1,1-3,460,2
20260830,浜名湖,4,ランチタイム,晴,南,5,3,3,2,3932,池 田 浩 美,5,19,6.73,2,0.19,1.55.5,1-3-2,920,3,1-3,280,2,1-2-3,240,1,1-3,460,2
20260830,浜名湖,4,ランチタイム,晴,南,5,3,4,4,4484,稲 生 夏 季,66,46,6.79,4,0.27,1.56.4,1-3-2,920,3,1-3,280,2,1-2-3,240,1,1-3,460,2
20260830,浜名湖,4,ランチタイム,晴,南,5,3,5,5,5052,赤 井 星璃菜,18,50,6.81,6,0.29,,1-3-2,920,3,1-3,280,2,1-2-3,240,1,1-3,460,2
20260830,浜名湖,4,ランチタイム,晴,南,5,3,6,6,4510,坂 本 奈 央,34,72,6.80,5,0.29,,1-3-2,920,3,1-3,280,2,1-2-3,240,1,1-3,460,2
20260830,浜名湖,5,予選,晴,南,5,3,1,3,3528,笠 野 友紀恵,48,61,6.74,3,0.21,1.52.2,3-2-4,7990,33,3-2,3160,13,2-3-4,910,3,2-3,860,5
20260830,浜名湖,5,予選,晴,南,5,3,2,2,4419,原 加央理,38,12,6.73,2,0.22,1.53.0,3-2-4,7990,33,3-2,3160,13,2-3-4,910,3,2-3,860,5
20260830,浜名湖,5,予選,晴,南,5,3,3,4,5248,本 田 愛,45,32,6.74,4,0.24,1.54.9,3-2-4,7990,33,3-2,3160,13,2-3-4,910,3,2-3,860,5
20260830,浜名湖,5,予選,晴,南,5,3,4,5,5389,恵 良 琴 美,56,59,6.68,5,0.24,1.56.4,3-2-4,7990,33,3-2,3160,13,2-3-4,910,3,2-3,860,5
20260830,浜名湖,5,予選,晴,南,5,3,5,6,4938,小 芦 るり華,7,58,6.75,6,0.20,,3-2-4,7990,33,3-2,3160,13,2-3-4,910,3,2-3,860,5
20260830,浜名湖,5,予選,晴,南,5,3,6,1,5324,畑 田 希 咲,62,68,6.76,1,0.36,,3-2-4,7990,33,3-2,3160,13,2-3-4,910,3,2-3,860,5
20260830,浜名湖,6,予選,晴,南,5,3,1,3,4936,戸 敷 晃 美,23,13,6.68,3,0.20,1.51.0,3-6-2,3250,16,3-6,1240,7,2-3-6,460,4,3-6,770,6
20260830,浜名湖,6,予選,晴,南,5,3,2,6,4190,長 嶋 万 記,59,35,6.69,5,0.15,1.52.7,3-6-2,3250,16,3-6,1240,7,2-3-6,460,4,3-6,770,6
20260830,浜名湖,6,予選,晴,南,5,3,3,2,4900,中 田 夕 貴,13,41,6.71,2,0.16,1.55.0,3-6-2,3250,16,3-6,1240,7,2-3-6,460,4,3-6,770,6
20260830,浜名湖,6,予選,晴,南,5,3,4,1,4853,前 原 哉,52,60,6.72,1,0.30,1.56.1,3-6-2,3250,16,3-6,1240,7,2-3-6,460,4,3-6,770,6
20260830,浜名湖,6,予選,晴,南,5,3,5,4,5151,山 下 奈 緒,16,53,6.80,4,0.20,,3-6-2,3250,16,3-6,1240,7,2-3-6,460,4,3-6,770,6
20260830,浜名湖,6,予選,晴,南,5,3,6,5,5436,市 川 瑚 幸,51,67,6.74,6,0.19,,3-6-2,3250,16,3-6,1240,7,2-3-6,460,4,3-6,770,6
20260830,浜名湖,7,予選,晴,南,5,3,1,3,4433,川 野 芽 唯,37,37,6.71,3,0.27,1.51.0,3-2-6,3400,11,3-2,640,3,2-3-6,1790,7,2-3,450,3
20260830,浜名湖,7,予選,晴,南,5,3,2,2,3580,水 口 由 紀,3,17,6.75,2,0.24,1.54.7,3-2-6,3400,11,3-2,640,3,2-3-6,1790,7,2-3,450,3
20260830,浜名湖,7,予選,晴,南,5,3,3,6,4317,木 村 紗友希,14,48,6.71,6,0.23,1.55.2,3-2-6,3400,11,3-2,640,3,2-3-6,1790,7,2-3,450,3
20260830,浜名湖,7,予選,晴,南,5,3,4,5,5146,野 田 彩 加,57,73,6.72,5,0.25,1.55.9,3-2-6,3400,11,3-2,640,3,2-3-6,1790,7,2-3,450,3
20260830,浜名湖,7,予選,晴,南,5,3,5,1,3357,福 島 陽 子,41,51,6.71,1,0.29,,3-2-6,3400,11,3-2,640,3,2-3-6,1790,7,2-3,450,3
20260830,浜名湖,7,予選,晴,南,5,3,6,4,5439,志 賀 美 優,22,21,6.73,4,0.29,,3-2-6,3400,11,3-2,640,3,2-3-6,1790,7,2-3,450,3
20260830,浜名湖,8,ブレイクタイ,晴,南,5,3,1,4,4825,倉 持 莉 々,46,56,6.71,4,0.19,1.52.7,4-1-2,2160,9,4-1,400,2,1-2-4,530,4,1-4,180,1
20260830,浜名湖,8,ブレイクタイ,晴,南,5,3,2,1,4994,山 本 梨 菜,53,44,6.66,1,0.19,1.54.5,4-1-2,2160,9,4-1,400,2,1-2-4,530,4,1-4,180,1
20260830,浜名湖,8,ブレイクタイ,晴,南,5,3,3,2,3778,安 達 美 帆,44,25,6.70,2,0.23,1.56.2,4-1-2,2160,9,4-1,400,2,1-2-4,530,4,1-4,180,1
20260830,浜名湖,8,ブレイクタイ,晴,南,5,3,4,5,3518,倉 田 郁 美,32,33,6.67,6,0.23,1.57.3,4-1-2,2160,9,4-1,400,2,1-2-4,530,4,1-4,180,1
20260830,浜名湖,8,ブレイクタイ,晴,南,5,3,5,6,3801,五反田 忍,9,18,6.81,5,0.18,,4-1-2,2160,9,4-1,400,2,1-2-4,530,4,1-4,180,1
20260830,浜名湖,8,ブレイクタイ,晴,南,5,3,6,3,5346,中 村 紋夕梨,19,76,6.69,3,0.55,,4-1-2,2160,9,4-1,400,2,1-2-4,530,4,1-4,180,1
20260830,浜名湖,9,予選,晴,南,5,3,1,2,4011,堀之内 紀代子,26,34,6.63,2,0.06,1.52.5,2-3-1,3560,13,2-3,1730,6,1-2-3,410,2,2-3,1120,5
20260830,浜名湖,9,予選,晴,南,5,3,2,3,3579,中 里 優 子,58,23,6.72,3,0.07,1.53.9,2-3-1,3560,13,2-3,1730,6,1-2-3,410,2,2-3,1120,5
20260830,浜名湖,9,予選,晴,南,5,3,3,1,4225,土 屋 千 明,20,14,6.71,1,0.16,1.55.4,2-3-1,3560,13,2-3,1730,6,1-2-3,410,2,2-3,1120,5
20260830,浜名湖,9,予選,晴,南,5,3,4,5,3528,笠 野 友紀恵,48,61,6.73,5,0.11,1.57.2,2-3-1,3560,13,2-3,1730,6,1-2-3,410,2,2-3,1120,5
20260830,浜名湖,9,予選,晴,南,5,3,5,4,4313,西 村 美智子,24,30,6.71,4,0.08,,2-3-1,3560,13,2-3,1730,6,1-2-3,410,2,2-3,1120,5
20260830,浜名湖,9,予選,晴,南,5,3,6,6,3474,松 瀬 弘 美,6,24,6.70,6,0.13,,2-3-1,3560,13,2-3,1730,6,1-2-3,410,2,2-3,1120,5
20260830,浜名湖,10,予選特賞,晴,南,5,3,1,3,4419,原 加央理,38,12,6.65,3,0.15,1.52.1,3-6-1,4450,19,3-6,1610,8,1-3-6,420,1,3-6,1200,7
20260830,浜名湖,10,予選特賞,晴,南,5,3,2,6,4117,廣 中 智紗衣,49,65,6.72,6,0.26,1.53.1,3-6-1,4450,19,3-6,1610,8,1-3-6,420,1,3-6,1200,7
20260830,浜名湖,10,予選特賞,晴,南,5,3,3,1,4464,山 下 友 貴,36,69,6.66,1,0.16,1.55.7,3-6-1,4450,19,3-6,1610,8,1-3-6,420,1,3-6,1200,7
20260830,浜名湖,10,予選特賞,晴,南,5,3,4,4,4098,赤 澤 文 香,11,57,6.68,4,0.20,1.56.8,3-6-1,4450,19,3-6,1610,8,1-3-6,420,1,3-6,1200,7
20260830,浜名湖,10,予選特賞,晴,南,5,3,5,5,3302,谷 川 里 江,17,71,6.69,5,0.16,,3-6-1,4450,19,3-6,1610,8,1-3-6,420,1,3-6,1200,7
20260830,浜名湖,10,予選特賞,晴,南,5,3,6,2,5052,赤 井 星璃菜,18,50,6.70,2,0.13,,3-6-1,4450,19,3-6,1610,8,1-3-6,420,1,3-6,1200,7
20260830,浜名湖,11,予選特選,晴,南,5,3,1,4,3232,山 川 美由紀,30,45,6.78,4,0.10,1.52.5,4-1-6,5860,18,4-1,2210,6,1-4-6,1190,4,1-4,780,2
20260830,浜名湖,11,予選特選,晴,南,5,3,2,1,3618,海 野 ゆかり,63,64,6.74,1,0.26,1.54.1,4-1-6,5860,18,4-1,2210,6,1-4-6,1190,4,1-4,780,2
20260830,浜名湖,11,予選特選,晴,南,5,3,3,6,4936,戸 敷 晃 美,23,13,6.73,6,0.20,1.55.1,4-1-6,5860,18,4-1,2210,6,1-4-6,1190,4,1-4,780,2
20260830,浜名湖,11,予選特選,晴,南,5,3,4,5,5324,畑 田 希 咲,62,68,6.73,5,0.15,1.56.0,4-1-6,5860,18,4-1,2210,6,1-4-6,1190,4,1-4,780,2
20260830,浜名湖,11,予選特選,晴,南,5,3,5,2,3611,岩 崎 芳 美,55,62,6.73,2,0.25,,4-1-6,5860,18,4-1,2210,6,1-4-6,1190,4,1-4,780,2
20260830,浜名湖,11,予選特選,晴,南,5,3,6,3,4246,喜 多 那由夏,1,29,6.72,3,0.19,,4-1-6,5860,18,4-1,2210,6,1-4-6,1190,4,1-4,780,2
20260830,浜名湖,12,ドリーム戦,晴,南,5,3,1,4,5188,武 井 莉里佳,54,63,6.68,4,0.14,1.51.5,4-5-6,8110,25,4-5,3620,10,4-5-6,3770,11,4-5,2400,8
20260830,浜名湖,12,ドリーム戦,晴,南,5,3,2,5,4208,三 浦 永 理,61,22,6.77,5,0.17,1.53.3,4-5-6,8110,25,4-5,3620,10,4-5-6,3770,11,4-5,2400,8
20260830,浜名湖,12,ドリーム戦,晴,南,5,3,3,6,4433,川 野 芽 唯,37,37,6.73,6,0.23,1.54.6,4-5-6,8110,25,4-5,3620,10,4-5-6,3770,11,4-5,2400,8
20260830,浜名湖,12,ドリーム戦,晴,南,5,3,4,2,4190,長 嶋 万 記,59,35,6.72,2,0.16,1.54.8,4-5-6,8110,25,4-5,3620,10,4-5-6,3770,11,4-5,2400,8
20260830,浜名湖,12,ドリーム戦,晴,南,5,3,5,3,4938,小 芦 るり華,7,58,6.73,3,0.20,,4-5-6,8110,25,4-5,3620,10,4-5-6,3770,11,4-5,2400,8
20260830,浜名湖,12,ドリーム戦,晴,南,5,3,6,1,4825,倉 持 莉 々,46,56,6.67,1,0.19,,4-5-6,8110,25,4-5,3620,10,4-5-6,3770,11,4-5,2400,8
20260830,芦屋,1,サンライズＶ,晴,南,1,1,1,4,3477,近 藤 稔 也,40,117,6.83,4,0.08,1.49.3,4-2-5,79740,67,4-2,15470,17,2-4-5,9470,14,2-4,2290,6
20260830,芦屋,1,サンライズＶ,晴,南,1,1,2,2,4119,泥 谷 一 毅,57,144,6.81,2,0.18,1.50.9,4-2-5,79740,67,4-2,15470,17,2-4-5,9470,14,2-4,2290,6
20260830,芦屋,1,サンライズＶ,晴,南,1,1,3,5,4421,森 作 広 大,44,169,6.88,5,0.15,1.52.6,4-2-5,79740,67,4-2,15470,17,2-4-5,9470,14,2-4,2290,6
20260830,芦屋,1,サンライズＶ,晴,南,1,1,4,6,5284,嘉手苅 徹 哉,16,156,6.81,6,0.13,1.54.7,4-2-5,79740,67,4-2,15470,17,2-4-5,9470,14,2-4,2290,6
20260830,芦屋,1,サンライズＶ,晴,南,1,1,5,3,4274,長 畑 友 輔,17,140,6.81,3,0.17,,4-2-5,79740,67,4-2,15470,17,2-4-5,9470,14,2-4,2290,6
20260830,芦屋,1,サンライズＶ,晴,南,1,1,6,1,4679,植 田 太 一,28,143,6.75,1,0.22,,4-2-5,79740,67,4-2,15470,17,2-4-5,9470,14,2-4,2290,6
20260830,芦屋,2,サンライズＷ,晴,南東,1,1,1,4,4075,中 野 次 郎,60,114,6.85,4,0.06,1.50.2,4-3-1,18050,39,4-3,5390,13,1-3-4,840,3,3-4,2950,8
20260830,芦屋,2,サンライズＷ,晴,南東,1,1,2,3,3503,堂 原 洋 史,49,150,6.84,3,0.23,1.51.2,4-3-1,18050,39,4-3,5390,13,1-3-4,840,3,3-4,2950,8
20260830,芦屋,2,サンライズＷ,晴,南東,1,1,3,1,4015,前 野 竜 一,50,128,6.79,1,0.18,1.52.3,4-3-1,18050,39,4-3,5390,13,1-3-4,840,3,3-4,2950,8
20260830,芦屋,2,サンライズＷ,晴,南東,1,1,4,6,3647,伊 藤 雄 二,2,167,6.87,6,0.05,1.52.8,4-3-1,18050,39,4-3,5390,13,1-3-4,840,3,3-4,2950,8
20260830,芦屋,2,サンライズＷ,晴,南東,1,1,5,5,3907,村 越 篤,51,149,6.86,5,0.08,,4-3-1,18050,39,4-3,5390,13,1-3-4,840,3,3-4,2950,8
20260830,芦屋,2,サンライズＷ,晴,南東,1,1,6,2,4325,新 出 浩 司,5,145,6.82,2,0.15,,4-3-1,18050,39,4-3,5390,13,1-3-4,840,3,3-4,2950,8
20260830,芦屋,3,サンライズＸ,晴,南,2,2,1,3,4584,村 岡 賢 人,36,157,6.80,3,0.08,1.48.7,3-2-5,11760,31,3-2,4140,11,2-3-5,2410,8,2-3,2090,8
20260830,芦屋,3,サンライズＸ,晴,南,2,2,2,2,4358,松 本 庸 平,55,165,6.77,2,0.23,1.51.4,3-2-5,11760,31,3-2,4140,11,2-3-5,2410,8,2-3,2090,8
20260830,芦屋,3,サンライズＸ,晴,南,2,2,3,5,4977,馬 野 耀,52,163,6.82,5,0.14,1.51.5,3-2-5,11760,31,3-2,4140,11,2-3-5,2410,8,2-3,2090,8
20260830,芦屋,3,サンライズＸ,晴,南,2,2,4,1,4644,山 田 亮 太,35,124,6.86,1,0.23,1.53.4,3-2-5,11760,31,3-2,4140,11,2-3-5,2410,8,2-3,2090,8
20260830,芦屋,3,サンライズＸ,晴,南,2,2,5,4,5207,高 山 敬 悟,25,121,6.80,4,0.10,,3-2-5,11760,31,3-2,4140,11,2-3-5,2410,8,2-3,2090,8
20260830,芦屋,3,サンライズＸ,晴,南,2,2,6,6,5458,田 中 大 輝,24,161,6.68,6,0.09,,3-2-5,11760,31,3-2,4140,11,2-3-5,2410,8,2-3,2090,8
20260830,芦屋,4,サンライズＹ 進入固定,晴,西,2,2,1,1,4776,竹 田 和 哉,8,134,6.86,1,0.08,1.48.6,1-2-4,690,1,1-2,300,1,1-2-4,340,1,1-2,320,1
20260830,芦屋,4,サンライズＹ 進入固定,晴,西,2,2,2,2,4318,桑 原 将 光,30,159,6.80,2,0.07,1.50.2,1-2-4,690,1,1-2,300,1,1-2-4,340,1,1-2,320,1
20260830,芦屋,4,サンライズＹ 進入固定,晴,西,2,2,3,4,4292,麻 生 慎 介,59,160,6.87,4,0.05,1.51.3,1-2-4,690,1,1-2,300,1,1-2-4,340,1,1-2,320,1
20260830,芦屋,4,サンライズＹ 進入固定,晴,西,2,2,4,3,4431,石 塚 裕 介,53,158,6.88,3,0.06,1.52.1,1-2-4,690,1,1-2,300,1,1-2-4,340,1,1-2,320,1
20260830,芦屋,4,サンライズＹ 進入固定,晴,西,2,2,5,6,4824,松 井 洪 弥,22,125,6.78,6,0.08,,1-2-4,690,1,1-2,300,1,1-2-4,340,1,1-2,320,1
20260830,芦屋,4,サンライズＹ 進入固定,晴,西,2,2,6,5,4229,市 川 美 宏,18,133,6.84,5,0.08,,1-2-4,690,1,1-2,300,1,1-2-4,340,1,1-2,320,1
20260830,芦屋,5,サンライズＺ,晴,北西,3,3,1,2,4158,木 場 雄二郎,58,136,6.83,5,0.08,1.50.3,2-4-6,29360,71,2-4,5070,13,2-4-6,5950,16,2-4,2010,8
20260830,芦屋,5,サンライズＺ,晴,北西,3,3,2,4,4191,赤 羽 克 也,37,146,6.85,3,0.16,1.50.8,2-4-6,29360,71,2-4,5070,13,2-4-6,5950,16,2-4,2010,8
20260830,芦屋,5,サンライズＺ,晴,北西,3,3,3,6,3742,宮 地 秀 祈,9,142,6.88,4,0.15,1.52.6,2-4-6,29360,71,2-4,5070,13,2-4-6,5950,16,2-4,2010,8
20260830,芦屋,5,サンライズＺ,晴,北西,3,3,4,3,3265,今 村 暢 孝,20,155,6.87,2,0.18,1.53.8,2-4-6,29360,71,2-4,5070,13,2-4-6,5950,16,2-4,2010,8
20260830,芦屋,5,サンライズＺ,晴,北西,3,3,5,5,4583,古 田 祐 貴,21,139,6.85,6,0.12,,2-4-6,29360,71,2-4,5070,13,2-4-6,5950,16,2-4,2010,8
20260830,芦屋,5,サンライズＺ,晴,北西,3,3,6,1,4096,石 橋 道 友,1,168,6.78,1,0.12,,2-4-6,29360,71,2-4,5070,13,2-4-6,5950,16,2-4,2010,8
20260830,芦屋,6,予選,晴,北西,3,3,1,4,4227,安 達 裕 樹,43,147,6.86,3,0.10,1.50.2,4-5-2,3360,7,4-5,890,2,2-4-5,550,1,4-5,510,1
20260830,芦屋,6,予選,晴,北西,3,3,2,5,4064,原 田 篤 志,34,154,6.78,4,0.09,1.51.5,4-5-2,3360,7,4-5,890,2,2-4-5,550,1,4-5,510,1
20260830,芦屋,6,予選,晴,北西,3,3,3,2,4890,石 川 諒,6,115,6.84,2,0.19,1.53.3,4-5-2,3360,7,4-5,890,2,2-4-5,550,1,4-5,510,1
20260830,芦屋,6,予選,晴,北西,3,3,4,3,5128,坪 井 爽 佑,23,152,6.82,6,0.08,1.54.7,4-5-2,3360,7,4-5,890,2,2-4-5,550,1,4-5,510,1
20260830,芦屋,6,予選,晴,北西,3,3,5,6,4600,井 内 将太郎,39,162,6.86,5,0.08,,4-5-2,3360,7,4-5,890,2,2-4-5,550,1,4-5,510,1
20260830,芦屋,6,予選,晴,北西,3,3,6,1,3477,近 藤 稔 也,40,117,6.85,1,0.22,,4-5-2,3360,7,4-5,890,2,2-4-5,550,1,4-5,510,1
20260830,芦屋,7,予選 進入固定,晴,北西,3,3,1,1,3741,松 尾 基 成,19,151,6.93,1,0.08,1.50.0,1-2-6,13000,59,1-2,1430,6,1-2-6,5400,17,1-2,830,4
20260830,芦屋,7,予選 進入固定,晴,北西,3,3,2,2,5284,嘉手苅 徹 哉,16,156,6.85,2,0.13,1.50.8,1-2-6,13000,59,1-2,1430,6,1-2-6,5400,17,1-2,830,4
20260830,芦屋,7,予選 進入固定,晴,北西,3,3,3,6,5207,高 山 敬 悟,25,121,6.83,6,0.19,1.53.5,1-2-6,13000,59,1-2,1430,6,1-2-6,5400,17,1-2,830,4
20260830,芦屋,7,予選 進入固定,晴,北西,3,3,4,3,3907,村 越 篤,51,149,6.89,3,0.17,1.53.9,1-2-6,13000,59,1-2,1430,6,1-2-6,5400,17,1-2,830,4
20260830,芦屋,7,予選 進入固定,晴,北西,3,3,5,4,4226,村 田 浩 司,48,112,6.83,4,0.22,,1-2-6,13000,59,1-2,1430,6,1-2-6,5400,17,1-2,830,4
20260830,芦屋,7,予選 進入固定,晴,北西,3,3,6,5,4273,佐 藤 旭,45,166,6.88,5,0.27,,1-2-6,13000,59,1-2,1430,6,1-2-6,5400,17,1-2,830,4
20260830,芦屋,8,予選,晴,北西,3,3,1,3,4679,植 田 太 一,28,143,6.82,4,0.11,1.49.5,3-6-2,6820,24,3-6,3000,11,2-3-6,640,3,3-6,2400,8
20260830,芦屋,8,予選,晴,北西,3,3,2,6,4259,真 庭 明 志,26,137,6.88,5,0.10,1.50.2,3-6-2,6820,24,3-6,3000,11,2-3-6,640,3,3-6,2400,8
20260830,芦屋,8,予選,晴,北西,3,3,3,2,5058,前 原 大 道,56,135,6.85,2,0.18,1.52.4,3-6-2,6820,24,3-6,3000,11,2-3-6,640,3,3-6,2400,8
20260830,芦屋,8,予選,晴,北西,3,3,4,4,4396,大 田 直 弥,54,111,6.89,6,0.13,1.52.6,3-6-2,6820,24,3-6,3000,11,2-3-6,640,3,3-6,2400,8
20260830,芦屋,8,予選,晴,北西,3,3,5,5,4358,松 本 庸 平,55,165,6.86,3,0.22,,3-6-2,6820,24,3-6,3000,11,2-3-6,640,3,3-6,2400,8
20260830,芦屋,8,予選,晴,北西,3,3,6,1,3503,堂 原 洋 史,49,150,6.84,1,0.19,,3-6-2,6820,24,3-6,3000,11,2-3-6,640,3,3-6,2400,8
20260830,芦屋,9,予選特賞,晴,北西,4,4,1,2,4421,森 作 広 大,44,169,6.85,4,0.13,1.50.6,2-3-4,23480,75,2-3,3790,17,2-3-4,2760,12,2-3,3540,12
20260830,芦屋,9,予選特賞,晴,北西,4,4,2,3,3788,一 宮 稔 弘,46,130,6.86,3,0.13,1.51.6,2-3-4,23480,75,2-3,3790,17,2-3-4,2760,12,2-3,3540,12
20260830,芦屋,9,予選特賞,晴,北西,4,4,3,4,4977,馬 野 耀,52,163,6.83,5,0.12,1.52.4,2-3-4,23480,75,2-3,3790,17,2-3-4,2760,12,2-3,3540,12
20260830,芦屋,9,予選特賞,晴,北西,4,4,4,6,4292,麻 生 慎 介,59,160,6.85,2,0.22,1.53.8,2-3-4,23480,75,2-3,3790,17,2-3-4,2760,12,2-3,3540,12
20260830,芦屋,9,予選特賞,晴,北西,4,4,5,5,4325,新 出 浩 司,5,145,6.86,6,0.11,,2-3-4,23480,75,2-3,3790,17,2-3-4,2760,12,2-3,3540,12
20260830,芦屋,9,予選特賞,晴,北西,4,4,6,1,3265,今 村 暢 孝,20,155,6.86,1,0.15,,2-3-4,23480,75,2-3,3790,17,2-3-4,2760,12,2-3,3540,12
20260830,芦屋,10,予選特賞,晴,北西,4,4,1,5,4119,泥 谷 一 毅,57,144,6.95,4,0.08,1.49.9,5-2-1,18660,64,5-2,4820,18,1-2-5,1270,5,2-5,1380,6
20260830,芦屋,10,予選特賞,晴,北西,4,4,2,2,4824,松 井 洪 弥,22,125,6.86,2,0.10,1.51.0,5-2-1,18660,64,5-2,4820,18,1-2-5,1270,5,2-5,1380,6
20260830,芦屋,10,予選特賞,晴,北西,4,4,3,1,4383,竹 田 吉 行,31,127,6.93,1,0.15,1.53.2,5-2-1,18660,64,5-2,4820,18,1-2-5,1270,5,2-5,1380,6
20260830,芦屋,10,予選特賞,晴,北西,4,4,4,3,4583,古 田 祐 貴,21,139,6.90,3,0.12,1.53.5,5-2-1,18660,64,5-2,4820,18,1-2-5,1270,5,2-5,1380,6
20260830,芦屋,10,予選特賞,晴,北西,4,4,5,6,4227,安 達 裕 樹,43,147,6.88,5,0.11,,5-2-1,18660,64,5-2,4820,18,1-2-5,1270,5,2-5,1380,6
20260830,芦屋,10,予選特賞,晴,北西,4,4,6,4,4644,山 田 亮 太,35,124,6.98,6,0.11,,5-2-1,18660,64,5-2,4820,18,1-2-5,1270,5,2-5,1380,6
20260830,芦屋,11,予選特選,晴,北西,4,4,1,4,4015,前 野 竜 一,50,128,6.91,4,0.14,1.49.6,4-6-1,18040,47,4-6,6540,19,1-4-6,1580,5,4-6,4500,11
20260830,芦屋,11,予選特選,晴,北西,4,4,2,6,4318,桑 原 将 光,30,159,6.84,6,0.13,1.51.1,4-6-1,18040,47,4-6,6540,19,1-4-6,1580,5,4-6,4500,11
20260830,芦屋,11,予選特選,晴,北西,4,4,3,1,4191,赤 羽 克 也,37,146,6.90,1,0.27,1.52.8,4-6-1,18040,47,4-6,6540,19,1-4-6,1580,5,4-6,4500,11
20260830,芦屋,11,予選特選,晴,北西,4,4,4,2,4273,佐 藤 旭,45,166,6.90,2,0.34,1.53.0,4-6-1,18040,47,4-6,6540,19,1-4-6,1580,5,4-6,4500,11
20260830,芦屋,11,予選特選,晴,北西,4,4,5,5,4274,長 畑 友 輔,17,140,6.84,5,0.11,,4-6-1,18040,47,4-6,6540,19,1-4-6,1580,5,4-6,4500,11
20260830,芦屋,11,予選特選,晴,北西,4,4,6,3,4600,井 内 将太郎,39,162,6.87,3,0.31,,4-6-1,18040,47,4-6,6540,19,1-4-6,1580,5,4-6,4500,11
20260830,芦屋,12,ドリームレー,晴,北西,3,3,1,2,4064,原 田 篤 志,34,154,6.79,2,0.20,1.48.9,2-6-5,27800,72,2-6,5670,16,2-5-6,2750,12,2-6,3670,11
20260830,芦屋,12,ドリームレー,晴,北西,3,3,2,6,5058,前 原 大 道,56,135,6.80,6,0.24,1.50.3,2-6-5,27800,72,2-6,5670,16,2-5-6,2750,12,2-6,3670,11
20260830,芦屋,12,ドリームレー,晴,北西,3,3,3,5,4776,竹 田 和 哉,8,134,6.87,5,0.17,1.52.0,2-6-5,27800,72,2-6,5670,16,2-5-6,2750,12,2-6,3670,11
20260830,芦屋,12,ドリームレー,晴,北西,3,3,4,4,4584,村 岡 賢 人,36,157,6.86,4,0.17,1.52.7,2-6-5,27800,72,2-6,5670,16,2-5-6,2750,12,2-6,3670,11
20260830,芦屋,12,ドリームレー,晴,北西,3,3,5,1,4075,中 野 次 郎,60,114,6.84,1,0.18,,2-6-5,27800,72,2-6,5670,16,2-5-6,2750,12,2-6,3670,11
20260830,芦屋,12,ドリームレー,晴,北西,3,3,6,3,4096,石 橋 道 友,1,168,6.86,3,0.24,,2-6-5,27800,72,2-6,5670,16,2-5-6,2750,12,2-6,3670,11
20260830,蒲郡,1,予選,晴,南西,4,2,1,5,4928,栗 城 匠,49,21,6.71,5,0.11,1.51.2,5-1-2,1520,4,5-1,810,5,1-2-5,160,1,1-5,360,2
20260830,蒲郡,1,予選,晴,南西,4,2,2,1,3714,梶 原 正,45,18,6.71,1,0.12,1.53.5,5-1-2,1520,4,5-1,810,5,1-2-5,160,1,1-5,360,2
20260830,蒲郡,1,予選,晴,南西,4,2,3,2,4761,山 田 晃 大,76,32,6.72,2,0.12,1.54.5,5-1-2,1520,4,5-1,810,5,1-2-5,160,1,1-5,360,2
20260830,蒲郡,1,予選,晴,南西,4,2,4,6,3973,崎 利 仁,12,57,6.68,6,0.13,1.56.1,5-1-2,1520,4,5-1,810,5,1-2-5,160,1,1-5,360,2
20260830,蒲郡,1,予選,晴,南西,4,2,5,4,5404,内 田 壮,38,65,6.82,4,0.35,,5-1-2,1520,4,5-1,810,5,1-2-5,160,1,1-5,360,2
20260830,蒲郡,1,予選,晴,南西,4,2,6,3,3922,菅 沼 佳 昭,69,75,6.63,3,0.26,,5-1-2,1520,4,5-1,810,5,1-2-5,160,1,1-5,360,2
20260830,蒲郡,2,予選,晴,南西,6,3,1,1,3567,吉 岡 誠,71,70,6.71,1,0.18,1.52.5,1-2-5,6510,21,1-2,2850,17,1-2-5,1560,7,1-2,1410,8
20260830,蒲郡,2,予選,晴,南西,6,3,2,2,3793,高 橋 真 吾,15,28,6.59,2,0.34,1.53.8,1-2-5,6510,21,1-2,2850,17,1-2-5,1560,7,1-2,1410,8
20260830,蒲郡,2,予選,晴,南西,6,3,3,5,4839,四 宮 与 寛,22,14,6.64,5,0.07,1.54.8,1-2-5,6510,21,1-2,2850,17,1-2-5,1560,7,1-2,1410,8
20260830,蒲郡,2,予選,晴,南西,6,3,4,6,4788,小 池 哲 也,40,76,6.71,6,0.09,1.55.7,1-2-5,6510,21,1-2,2850,17,1-2-5,1560,7,1-2,1410,8
20260830,蒲郡,2,予選,晴,南西,6,3,5,4,3713,伊 藤 誠 二,56,59,6.73,4,0.15,,1-2-5,6510,21,1-2,2850,17,1-2-5,1560,7,1-2,1410,8
20260830,蒲郡,2,予選,晴,南西,6,3,6,3,4766,石 井 孝 之,51,30,6.67,3,0.27,,1-2-5,6510,21,1-2,2850,17,1-2-5,1560,7,1-2,1410,8
20260830,蒲郡,3,予選,晴,南西,6,3,1,3,4514,上 條 嘉 嗣,43,25,6.59,4,0.21,1.50.1,3-4-5,950,1,3-4,500,1,3-4-5,500,2,3-4,500,2
20260830,蒲郡,3,予選,晴,南西,6,3,2,4,4451,松 崎 祐太郎,39,15,6.67,5,0.16,1.51.3,3-4-5,950,1,3-4,500,1,3-4-5,500,2,3-4,500,2
20260830,蒲郡,3,予選,晴,南西,6,3,3,5,4090,中 村 尊,19,77,6.57,6,0.22,1.53.5,3-4-5,950,1,3-4,500,1,3-4-5,500,2,3-4,500,2
20260830,蒲郡,3,予選,晴,南西,6,3,4,2,4834,浜 本 裕 己,18,31,6.63,2,0.19,1.54.9,3-4-5,950,1,3-4,500,1,3-4-5,500,2,3-4,500,2
20260830,蒲郡,3,予選,晴,南西,6,3,5,6,3297,藤 丸 光 一,46,41,6.66,3,0.29,,3-4-5,950,1,3-4,500,1,3-4-5,500,2,3-4,500,2
20260830,蒲郡,3,予選,晴,南西,6,3,6,1,4818,伏 見 俊 介,67,20,6.65,1,0.18,,3-4-5,950,1,3-4,500,1,3-4-5,500,2,3-4,500,2
20260830,蒲郡,4,予選,晴,南西,5,2,1,3,4218,吉 川 喜 継,41,19,6.67,3,0.16,1.50.2,3-2-4,2360,7,3-2,860,5,2-3-4,530,3,2-3,140,1
20260830,蒲郡,4,予選,晴,南西,5,2,2,2,3997,北 村 征 嗣,34,63,6.62,2,0.15,1.50.7,3-2-4,2360,7,3-2,860,5,2-3-4,530,3,2-3,140,1
20260830,蒲郡,4,予選,晴,南西,5,2,3,4,5339,石 井 伸 長,72,16,6.67,4,0.06,1.53.4,3-2-4,2360,7,3-2,860,5,2-3-4,530,3,2-3,140,1
20260830,蒲郡,4,予選,晴,南西,5,2,4,5,3627,井 上 恵 一,74,69,6.68,5,0.32,1.54.9,3-2-4,2360,7,3-2,860,5,2-3-4,530,3,2-3,140,1
20260830,蒲郡,4,予選,晴,南西,5,2,5,1,3392,小 森 信 雄,55,26,6.64,1,0.19,,3-2-4,2360,7,3-2,860,5,2-3-4,530,3,2-3,140,1
20260830,蒲郡,4,予選,晴,南西,5,2,6,6,4216,星 栄 爾,16,64,6.62,6,0.27,,3-2-4,2360,7,3-2,860,5,2-3-4,530,3,2-3,140,1
20260830,蒲郡,5,予選,晴,南西,3,1,1,5,3268,森 竜 也,52,67,6.68,1,0.08,1.50.6,5-2-4,2720,15,5-2,1130,6,2-4-5,440,3,2-5,400,3
20260830,蒲郡,5,予選,晴,南西,3,1,2,2,5009,大 賀 龍之介,37,11,6.70,3,0.06,1.52.4,5-2-4,2720,15,5-2,1130,6,2-4-5,440,3,2-5,400,3
20260830,蒲郡,5,予選,晴,南西,3,1,3,4,5011,高 木 圭 大,47,24,6.71,6,0.02,1.54.5,5-2-4,2720,15,5-2,1130,6,2-4-5,440,3,2-5,400,3
20260830,蒲郡,5,予選,晴,南西,3,1,4,1,3827,今 泉 徹,21,72,6.75,2,0.18,1.56.4,5-2-4,2720,15,5-2,1130,6,2-4-5,440,3,2-5,400,3
20260830,蒲郡,5,予選,晴,南西,3,1,F,3,5042,畑 田 汰 一,35,71,6.64,4,F0.02,,5-2-4,2720,15,5-2,1130,6,2-4-5,440,3,2-5,400,3
20260830,蒲郡,5,予選,晴,南西,3,1,F,6,3777,樋 口 亮,20,13,6.69,5,F0.01,,5-2-4,2720,15,5-2,1130,6,2-4-5,440,3,2-5,400,3
20260830,蒲郡,6,予選,晴,南西,3,1,1,1,4839,四 宮 与 寛,22,14,6.71,1,0.11,1.49.7,1-4-5,1010,2,1-4,640,3,1-4-5,220,1,1-4,530,4
20260830,蒲郡,6,予選,晴,南西,3,1,2,4,4793,金 子 萌,36,22,6.70,4,0.07,1.50.6,1-4-5,1010,2,1-4,640,3,1-4-5,220,1,1-4,530,4
20260830,蒲郡,6,予選,晴,南西,3,1,3,5,4503,上 野 真之介,53,17,6.78,5,0.10,1.52.9,1-4-5,1010,2,1-4,640,3,1-4-5,220,1,1-4,530,4
20260830,蒲郡,6,予選,晴,南西,3,1,4,2,4727,安 部 慎 一,33,29,6.69,2,0.13,1.54.5,1-4-5,1010,2,1-4,640,3,1-4-5,220,1,1-4,530,4
20260830,蒲郡,6,予選,晴,南西,3,1,5,3,3714,梶 原 正,45,18,6.76,3,0.11,,1-4-5,1010,2,1-4,640,3,1-4-5,220,1,1-4,530,4
20260830,蒲郡,6,予選,晴,南西,3,1,6,6,5455,澁 澤 周 羽,50,60,6.66,6,0.06,,1-4-5,1010,2,1-4,640,3,1-4-5,220,1,1-4,530,4
20260830,蒲郡,7,予選 進入固定,晴,南西,2,1,1,1,5139,大 場 恒 季,48,58,6.65,1,0.01,1.49.9,1-3-5,810,3,1-3,190,1,1-3-5,460,2,1-3,220,1
20260830,蒲郡,7,予選 進入固定,晴,南西,2,1,2,3,4009,小 林 一 樹,14,74,6.64,3,0.08,1.51.5,1-3-5,810,3,1-3,190,1,1-3-5,460,2,1-3,220,1
20260830,蒲郡,7,予選 進入固定,晴,南西,2,1,3,5,4779,伊 倉 光,77,73,6.67,5,0.02,1.52.7,1-3-5,810,3,1-3,190,1,1-3-5,460,2,1-3,220,1
20260830,蒲郡,7,予選 進入固定,晴,南西,2,1,4,2,3297,藤 丸 光 一,46,41,6.65,2,0.09,1.54.0,1-3-5,810,3,1-3,190,1,1-3-5,460,2,1-3,220,1
20260830,蒲郡,7,予選 進入固定,晴,南西,2,1,5,4,5299,西 丸 敦 基,17,66,6.74,4,0.06,,1-3-5,810,3,1-3,190,1,1-3-5,460,2,1-3,220,1
20260830,蒲郡,7,予選 進入固定,晴,南西,2,1,6,6,5404,内 田 壮,38,65,6.79,6,0.14,,1-3-5,810,3,1-3,190,1,1-3-5,460,2,1-3,220,1
20260830,蒲郡,8,予選,雨,南西,1,0,1,1,3627,井 上 恵 一,74,69,6.73,1,0.13,1.50.6,1-3-2,1150,3,1-3,450,2,1-2-3,450,2,1-3,220,1
20260830,蒲郡,8,予選,雨,南西,1,0,2,3,4812,西 野 雄 貴,68,27,6.76,3,0.15,1.51.4,1-3-2,1150,3,1-3,450,2,1-2-3,450,2,1-3,220,1
20260830,蒲郡,8,予選,雨,南西,1,0,3,2,4201,佐 竹 友 樹,11,68,6.72,2,0.15,1.51.7,1-3-2,1150,3,1-3,450,2,1-2-3,450,2,1-3,220,1
20260830,蒲郡,8,予選,雨,南西,1,0,4,5,4788,小 池 哲 也,40,76,6.82,5,0.18,1.54.4,1-3-2,1150,3,1-3,450,2,1-2-3,450,2,1-3,220,1
20260830,蒲郡,8,予選,雨,南西,1,0,5,4,3973,崎 利 仁,12,57,6.76,4,0.20,,1-3-2,1150,3,1-3,450,2,1-2-3,450,2,1-3,220,1
20260830,蒲郡,8,予選,雨,南西,1,0,6,6,3748,小 黒 竜 吾,75,23,6.76,6,0.25,,1-3-2,1150,3,1-3,450,2,1-2-3,450,2,1-3,220,1
20260830,蒲郡,9,予選特賞,曇り,北東,2,1,1,1,4761,山 田 晃 大,76,32,6.80,1,0.12,1.49.9,1-2-4,410,1,1-2,230,1,1-2-4,150,1,1-2,170,1
20260830,蒲郡,9,予選特賞,曇り,北東,2,1,2,2,3813,佐 藤 大 介,73,61,6.75,2,0.15,1.50.8,1-2-4,410,1,1-2,230,1,1-2-4,150,1,1-2,170,1
20260830,蒲郡,9,予選特賞,曇り,北東,2,1,3,4,4002,古 結 宏,54,62,6.79,4,0.19,1.51.7,1-2-4,410,1,1-2,230,1,1-2-4,150,1,1-2,170,1
20260830,蒲郡,9,予選特賞,曇り,北東,2,1,4,3,4818,伏 見 俊 介,67,20,6.85,3,0.15,1.54.1,1-2-4,410,1,1-2,230,1,1-2-4,150,1,1-2,170,1
20260830,蒲郡,9,予選特賞,曇り,北東,2,1,5,6,5011,高 木 圭 大,47,24,6.85,6,0.28,,1-2-4,410,1,1-2,230,1,1-2-4,150,1,1-2,170,1
20260830,蒲郡,9,予選特賞,曇り,北東,2,1,6,5,3572,安 田 政 彦,70,12,6.83,5,0.27,,1-2-4,410,1,1-2,230,1,1-2-4,150,1,1-2,170,1
20260830,蒲郡,10,一般特賞,曇り,西,2,1,1,1,4514,上 條 嘉 嗣,43,25,6.71,1,0.17,1.49.5,1-4-3,1840,10,1-4,310,2,1-3-4,850,6,1-4,200,1
20260830,蒲郡,10,一般特賞,曇り,西,2,1,2,4,4928,栗 城 匠,49,21,6.85,4,0.11,1.51.2,1-4-3,1840,10,1-4,310,2,1-3-4,850,6,1-4,200,1
20260830,蒲郡,10,一般特賞,曇り,西,2,1,3,3,3268,森 竜 也,52,67,6.84,3,0.15,1.52.0,1-4-3,1840,10,1-4,310,2,1-3-4,850,6,1-4,200,1
20260830,蒲郡,10,一般特賞,曇り,西,2,1,4,5,4793,金 子 萌,36,22,6.82,5,0.10,1.52.1,1-4-3,1840,10,1-4,310,2,1-3-4,850,6,1-4,200,1
20260830,蒲郡,10,一般特賞,曇り,西,2,1,5,6,3713,伊 藤 誠 二,56,59,6.86,6,0.21,,1-4-3,1840,10,1-4,310,2,1-3-4,850,6,1-4,200,1
20260830,蒲郡,10,一般特賞,曇り,西,2,1,6,2,4216,星 栄 爾,16,64,6.83,2,0.14,,1-4-3,1840,10,1-4,310,2,1-3-4,850,6,1-4,200,1
20260830,蒲郡,11,一般特選,曇り,西,2,1,1,1,4218,吉 川 喜 継,41,19,6.77,1,0.12,1.49.2,1-2-3,500,1,1-2,240,1,1-2-3,250,1,1-2,210,1
20260830,蒲郡,11,一般特選,曇り,西,2,1,2,2,4451,松 崎 祐太郎,39,15,6.72,2,0.12,1.50.4,1-2-3,500,1,1-2,240,1,1-2-3,250,1,1-2,210,1
20260830,蒲郡,11,一般特選,曇り,西,2,1,3,3,5139,大 場 恒 季,48,58,6.76,3,0.13,1.52.4,1-2-3,500,1,1-2,240,1,1-2-3,250,1,1-2,210,1
20260830,蒲郡,11,一般特選,曇り,西,2,1,4,5,5042,畑 田 汰 一,35,71,6.80,5,0.17,1.53.1,1-2-3,500,1,1-2,240,1,1-2-3,250,1,1-2,210,1
20260830,蒲郡,11,一般特選,曇り,西,2,1,5,6,4727,安 部 慎 一,33,29,6.83,6,0.19,,1-2-3,500,1,1-2,240,1,1-2-3,250,1,1-2,210,1
20260830,蒲郡,11,一般特選,曇り,西,2,1,6,4,4766,石 井 孝 之,51,30,6.79,4,0.12,,1-2-3,500,1,1-2,240,1,1-2-3,250,1,1-2,210,1
20260830,蒲郡,12,一般記者特選,曇り,北東,2,1,1,1,4812,西 野 雄 貴,68,27,6.81,1,0.12,1.49.2,1-4-5,920,3,1-4,380,2,1-4-5,450,2,1-4,290,2
20260830,蒲郡,12,一般記者特選,曇り,北東,2,1,2,4,4503,上 野 真之介,53,17,6.87,4,0.12,1.50.7,1-4-5,920,3,1-4,380,2,1-4-5,450,2,1-4,290,2
20260830,蒲郡,12,一般記者特選,曇り,北東,2,1,3,5,3997,北 村 征 嗣,34,63,6.78,5,0.12,1.52.5,1-4-5,920,3,1-4,380,2,1-4-5,450,2,1-4,290,2
20260830,蒲郡,12,一般記者特選,曇り,北東,2,1,4,2,3777,樋 口 亮,20,13,6.84,2,0.17,1.53.5,1-4-5,920,3,1-4,380,2,1-4-5,450,2,1-4,290,2
20260830,蒲郡,12,一般記者特選,曇り,北東,2,1,5,3,4090,中 村 尊,19,77,6.85,3,0.08,,1-4-5,920,3,1-4,380,2,1-4-5,450,2,1-4,290,2
20260830,蒲郡,12,一般記者特選,曇り,北東,2,1,6,6,5299,西 丸 敦 基,17,66,6.83,6,0.10,,1-4-5,920,3,1-4,380,2,1-4-5,450,2,1-4,290,2
20260830,鳴門,1,とるならなる,晴,南東,2,2,1,1,3975,小野寺 智 洋,84,77,6.86,1,0.15,1.50.3,1-5-3,4350,14,1-5,1000,4,1-3-5,1080,6,1-5,1280,4
20260830,鳴門,1,とるならなる,晴,南東,2,2,2,5,3863,海老澤 泰 行,36,74,6.92,5,0.17,1.51.3,1-5-3,4350,14,1-5,1000,4,1-3-5,1080,6,1-5,1280,4
20260830,鳴門,1,とるならなる,晴,南東,2,2,3,3,3868,尾 形 栄 治,74,26,6.88,3,0.19,1.52.9,1-5-3,4350,14,1-5,1000,4,1-3-5,1080,6,1-5,1280,4
20260830,鳴門,1,とるならなる,晴,南東,2,2,4,2,3977,山 本 兼 士,55,29,6.79,2,0.16,1.54.0,1-5-3,4350,14,1-5,1000,4,1-3-5,1080,6,1-5,1280,4
20260830,鳴門,1,とるならなる,晴,南東,2,2,5,4,3901,松 田 憲 幸,14,71,6.79,4,0.19,,1-5-3,4350,14,1-5,1000,4,1-3-5,1080,6,1-5,1280,4
20260830,鳴門,1,とるならなる,晴,南東,2,2,6,6,5200,筒 井 美 琴,31,12,6.84,6,0.20,,1-5-3,4350,14,1-5,1000,4,1-3-5,1080,6,1-5,1280,4
20260830,鳴門,2,どーなるなる,晴,南東,2,2,1,6,4210,松 村 康 太,28,54,6.83,6,0.13,1.50.5,6-5-3,26030,93,6-5,7710,29,3-5-6,1250,6,5-6,3100,15
20260830,鳴門,2,どーなるなる,晴,南東,2,2,2,5,4891,寺 島 美 里,18,16,6.82,5,0.13,1.51.1,6-5-3,26030,93,6-5,7710,29,3-5-6,1250,6,5-6,3100,15
20260830,鳴門,2,どーなるなる,晴,南東,2,2,3,3,4423,坂 口 貴 彦,10,13,6.78,3,0.10,1.52.0,6-5-3,26030,93,6-5,7710,29,3-5-6,1250,6,5-6,3100,15
20260830,鳴門,2,どーなるなる,晴,南東,2,2,4,2,3848,川 上 聡 介,83,73,6.91,2,0.19,1.53.6,6-5-3,26030,93,6-5,7710,29,3-5-6,1250,6,5-6,3100,15
20260830,鳴門,2,どーなるなる,晴,南東,2,2,5,4,5326,三 嶌 さらら,62,57,6.78,4,0.10,,6-5-3,26030,93,6-5,7710,29,3-5-6,1250,6,5-6,3100,15
20260830,鳴門,2,どーなるなる,晴,南東,2,2,6,1,5265,大 廣 咲 季,19,64,6.81,1,0.16,,6-5-3,26030,93,6-5,7710,29,3-5-6,1250,6,5-6,3100,15
20260830,鳴門,3,どきどきなる,晴,東,2,2,1,6,4675,井 手 良 太,81,23,6.82,6,0.07,1.49.1,6-1-5,8510,22,6-1,3260,6,1-5-6,460,2,1-6,400,2
20260830,鳴門,3,どきどきなる,晴,東,2,2,2,1,4856,豊 田 健士郎,64,10,6.80,1,0.16,1.49.5,6-1-5,8510,22,6-1,3260,6,1-5-6,460,2,1-6,400,2
20260830,鳴門,3,どきどきなる,晴,東,2,2,3,5,4811,向井田 佑 紀,78,25,6.91,5,0.17,1.52.8,6-1-5,8510,22,6-1,3260,6,1-5-6,460,2,1-6,400,2
20260830,鳴門,3,どきどきなる,晴,東,2,2,4,4,4744,伊 藤 玲 奈,29,59,6.81,4,0.16,1.53.5,6-1-5,8510,22,6-1,3260,6,1-5-6,460,2,1-6,400,2
20260830,鳴門,3,どきどきなる,晴,東,2,2,5,2,3604,武 藤 綾 子,39,83,6.83,2,0.28,,6-1-5,8510,22,6-1,3260,6,1-5-6,460,2,1-6,400,2
20260830,鳴門,3,どきどきなる,晴,東,2,2,6,3,4390,松 本 弓 雄,69,24,6.83,3,0.21,,6-1-5,8510,22,6-1,3260,6,1-5-6,460,2,1-6,400,2
20260830,鳴門,4,とにかくなる,晴,東,2,2,1,3,5008,羽 野 諒,21,21,6.86,3,0.07,1.49.4,3-1-4,5340,23,3-1,2450,9,1-3-4,410,2,1-3,740,3
20260830,鳴門,4,とにかくなる,晴,東,2,2,2,1,4637,中 田 友 也,25,63,6.74,1,0.11,1.50.7,3-1-4,5340,23,3-1,2450,9,1-3-4,410,2,1-3,740,3
20260830,鳴門,4,とにかくなる,晴,東,2,2,3,4,4397,西 村 拓 也,60,28,6.96,4,0.17,1.51.9,3-1-4,5340,23,3-1,2450,9,1-3-4,410,2,1-3,740,3
20260830,鳴門,4,とにかくなる,晴,東,2,2,4,5,5282,中 本 大 樹,75,53,6.92,5,0.15,1.52.1,3-1-4,5340,23,3-1,2450,9,1-3-4,410,2,1-3,740,3
20260830,鳴門,4,とにかくなる,晴,東,2,2,5,6,4052,興 津 藍,22,37,6.79,6,0.18,,3-1-4,5340,23,3-1,2450,9,1-3-4,410,2,1-3,740,3
20260830,鳴門,4,とにかくなる,晴,東,2,2,6,2,5204,宇 恵 有 香,73,70,6.84,2,0.15,,3-1-4,5340,23,3-1,2450,9,1-3-4,410,2,1-3,740,3
20260830,鳴門,5,一般,晴,南東,2,2,1,1,5106,山 崎 祥,38,22,6.73,1,0.09,1.49.3,1-2-4,4350,13,1-2,650,2,1-2-4,2110,9,1-2,530,2
20260830,鳴門,5,一般,晴,南東,2,2,2,2,4410,井 上 大 輔,72,80,6.93,2,0.15,1.51.6,1-2-4,4350,13,1-2,650,2,1-2-4,2110,9,1-2,530,2
20260830,鳴門,5,一般,晴,南東,2,2,3,4,3977,山 本 兼 士,55,29,6.90,4,0.13,1.52.4,1-2-4,4350,13,1-2,650,2,1-2-4,2110,9,1-2,530,2
20260830,鳴門,5,一般,晴,南東,2,2,4,3,4452,松 尾 祭,63,36,6.91,3,0.18,1.53.3,1-2-4,4350,13,1-2,650,2,1-2-4,2110,9,1-2,530,2
20260830,鳴門,5,一般,晴,南東,2,2,5,6,4861,田 中 宏 樹,68,51,6.74,6,0.11,,1-2-4,4350,13,1-2,650,2,1-2-4,2110,9,1-2,530,2
20260830,鳴門,5,一般,晴,南東,2,2,6,5,4462,夏 山 亮 平,57,20,6.88,5,0.13,,1-2-4,4350,13,1-2,650,2,1-2-4,2110,9,1-2,530,2
20260830,鳴門,6,一般,晴,南東,3,3,1,1,5115,香 川 颯 太,34,27,6.75,1,0.12,1.48.6,1-6-3,3340,12,1-6,1090,4,1-3-6,800,6,1-6,790,4
20260830,鳴門,6,一般,晴,南東,3,3,2,6,4579,中 嶋 健一郎,52,75,6.86,6,0.08,1.51.5,1-6-3,3340,12,1-6,1090,4,1-3-6,800,6,1-6,790,4
20260830,鳴門,6,一般,晴,南東,3,3,3,3,4499,滝 川 真由子,77,69,6.93,3,0.09,1.52.4,1-6-3,3340,12,1-6,1090,4,1-3-6,800,6,1-6,790,4
20260830,鳴門,6,一般,晴,南東,3,3,4,4,4423,坂 口 貴 彦,10,13,6.88,4,0.06,1.53.6,1-6-3,3340,12,1-6,1090,4,1-3-6,800,6,1-6,790,4
20260830,鳴門,6,一般,晴,南東,3,3,5,5,4359,横 川 聖 志,17,52,6.89,5,0.07,,1-6-3,3340,12,1-6,1090,4,1-3-6,800,6,1-6,790,4
20260830,鳴門,6,一般,晴,南東,3,3,6,2,4408,仁 科 さやか,50,33,6.76,2,0.21,,1-6-3,3340,12,1-6,1090,4,1-3-6,800,6,1-6,790,4
20260830,鳴門,7,一般,晴,南東,2,2,1,1,4210,松 村 康 太,28,54,6.82,1,0.14,1.49.6,1-6-2,940,2,1-6,390,1,1-2-6,310,1,1-6,190,1
20260830,鳴門,7,一般,晴,南東,2,2,2,6,4772,石 丸 海 渡,66,61,6.82,6,0.12,1.51.0,1-6-2,940,2,1-6,390,1,1-2-6,310,1,1-6,190,1
20260830,鳴門,7,一般,晴,南東,2,2,3,2,4891,寺 島 美 里,18,16,6.84,2,0.13,1.52.3,1-6-2,940,2,1-6,390,1,1-2-6,310,1,1-6,190,1
20260830,鳴門,7,一般,晴,南東,2,2,4,3,3863,海老澤 泰 行,36,74,6.89,3,0.15,1.54.4,1-6-2,940,2,1-6,390,1,1-2-6,310,1,1-6,190,1
20260830,鳴門,7,一般,晴,南東,2,2,5,4,4390,松 本 弓 雄,69,24,6.87,4,0.19,,1-6-2,940,2,1-6,390,1,1-2-6,310,1,1-6,190,1
20260830,鳴門,7,一般,晴,南東,2,2,6,5,3604,武 藤 綾 子,39,83,6.85,5,0.19,,1-6-2,940,2,1-6,390,1,1-2-6,310,1,1-6,190,1
20260830,鳴門,8,一般,晴,南東,2,2,1,2,4811,向井田 佑 紀,78,25,6.87,2,0.15,1.50.3,2-4-6,2060,7,2-4,1270,5,2-4-6,390,2,2-4,960,5
20260830,鳴門,8,一般,晴,南東,2,2,2,4,3848,川 上 聡 介,83,73,6.93,4,0.16,1.51.2,2-4-6,2060,7,2-4,1270,5,2-4-6,390,2,2-4,960,5
20260830,鳴門,8,一般,晴,南東,2,2,3,6,4448,青 木 玄 太,20,78,6.85,6,0.15,1.52.5,2-4-6,2060,7,2-4,1270,5,2-4-6,390,2,2-4,960,5
20260830,鳴門,8,一般,晴,南東,2,2,4,5,5265,大 廣 咲 季,19,64,6.83,5,0.14,1.53.2,2-4-6,2060,7,2-4,1270,5,2-4-6,390,2,2-4,960,5
20260830,鳴門,8,一般,晴,南東,2,2,5,3,3901,松 田 憲 幸,14,71,6.88,3,0.16,,2-4-6,2060,7,2-4,1270,5,2-4-6,390,2,2-4,960,5
20260830,鳴門,8,一般,晴,南東,2,2,6,1,5200,筒 井 美 琴,31,12,6.75,1,0.22,,2-4-6,2060,7,2-4,1270,5,2-4-6,390,2,2-4,960,5
20260830,鳴門,9,なるちゃん特,晴,東,2,2,1,4,5008,羽 野 諒,21,21,6.85,4,0.05,1.49.6,4-1-2,5220,16,4-1,1340,5,1-2-4,410,1,1-4,380,2
20260830,鳴門,9,なるちゃん特,晴,東,2,2,2,1,4675,井 手 良 太,81,23,6.82,1,0.11,1.51.0,4-1-2,5220,16,4-1,1340,5,1-2-4,410,1,1-4,380,2
20260830,鳴門,9,なるちゃん特,晴,東,2,2,3,2,4462,夏 山 亮 平,57,20,6.88,2,0.16,1.52.3,4-1-2,5220,16,4-1,1340,5,1-2-4,410,1,1-4,380,2
20260830,鳴門,9,なるちゃん特,晴,東,2,2,4,6,3975,小野寺 智 洋,84,77,6.79,6,0.11,1.53.2,4-1-2,5220,16,4-1,1340,5,1-2-4,410,1,1-4,380,2
20260830,鳴門,9,なるちゃん特,晴,東,2,2,5,5,5204,宇 恵 有 香,73,70,6.89,5,0.08,,4-1-2,5220,16,4-1,1340,5,1-2-4,410,1,1-4,380,2
20260830,鳴門,9,なるちゃん特,晴,東,2,2,6,3,4744,伊 藤 玲 奈,29,59,6.78,3,0.18,,4-1-2,5220,16,4-1,1340,5,1-2-4,410,1,1-4,380,2
20260830,鳴門,10,選抜戦,晴,南東,3,3,1,1,4052,興 津 藍,22,37,6.77,1,0.13,1.49.5,1-4-2,990,1,1-4,310,1,1-2-4,360,1,1-4,280,1
20260830,鳴門,10,選抜戦,晴,南東,3,3,2,4,4856,豊 田 健士郎,64,10,6.88,4,0.16,1.50.3,1-4-2,990,1,1-4,310,1,1-2-4,360,1,1-4,280,1
20260830,鳴門,10,選抜戦,晴,南東,3,3,3,2,4359,横 川 聖 志,17,52,6.91,2,0.16,1.52.0,1-4-2,990,1,1-4,310,1,1-2-4,360,1,1-4,280,1
20260830,鳴門,10,選抜戦,晴,南東,3,3,4,5,5106,山 崎 祥,38,22,6.91,5,0.18,1.53.2,1-4-2,990,1,1-4,310,1,1-2-4,360,1,1-4,280,1
20260830,鳴門,10,選抜戦,晴,南東,3,3,5,6,5115,香 川 颯 太,34,27,6.71,6,0.21,,1-4-2,990,1,1-4,310,1,1-2-4,360,1,1-4,280,1
20260830,鳴門,10,選抜戦,晴,南東,3,3,6,3,4410,井 上 大 輔,72,80,6.85,3,0.17,,1-4-2,990,1,1-4,310,1,1-2-4,360,1,1-4,280,1
20260830,鳴門,11,選抜戦,晴,南東,3,3,1,1,4579,中 嶋 健一郎,52,75,6.76,1,0.08,1.48.3,1-3-2,500,1,1-3,240,1,1-2-3,190,1,1-3,170,1
20260830,鳴門,11,選抜戦,晴,南東,3,3,2,3,4397,西 村 拓 也,60,28,6.81,3,0.12,1.49.5,1-3-2,500,1,1-3,240,1,1-2-3,190,1,1-3,170,1
20260830,鳴門,11,選抜戦,晴,南東,3,3,3,2,4452,松 尾 祭,63,36,6.77,2,0.12,1.51.1,1-3-2,500,1,1-3,240,1,1-2-3,190,1,1-3,170,1
20260830,鳴門,11,選抜戦,晴,南東,3,3,4,6,4637,中 田 友 也,25,63,6.83,6,0.17,1.53.4,1-3-2,500,1,1-3,240,1,1-2-3,190,1,1-3,170,1
20260830,鳴門,11,選抜戦,晴,南東,3,3,5,5,5326,三 嶌 さらら,62,57,6.76,5,0.11,,1-3-2,500,1,1-3,240,1,1-2-3,190,1,1-3,170,1
20260830,鳴門,11,選抜戦,晴,南東,3,3,6,4,4499,滝 川 真由子,77,69,6.78,4,0.12,,1-3-2,500,1,1-3,240,1,1-2-3,190,1,1-3,170,1
20260830,鳴門,12,優勝戦,晴,南東,2,2,1,1,4305,金 子 拓 矢,53,55,6.82,1,0.01,1.48.8,1-4-2,1620,5,1-4,650,3,1-2-4,480,2,1-4,690,3
20260830,鳴門,12,優勝戦,晴,南東,2,2,2,4,3983,須 藤 博 倫,37,14,6.79,4,0.07,1.49.9,1-4-2,1620,5,1-4,650,3,1-2-4,480,2,1-4,690,3
20260830,鳴門,12,優勝戦,晴,南東,2,2,3,2,4645,上 村 純 一,82,11,6.76,2,0.03,1.50.6,1-4-2,1620,5,1-4,650,3,1-2-4,480,2,1-4,690,3
20260830,鳴門,12,優勝戦,晴,南東,2,2,4,3,5015,高 橋 竜 矢,13,32,6.80,3,0.05,1.51.6,1-4-2,1620,5,1-4,650,3,1-2-4,480,2,1-4,690,3
20260830,鳴門,12,優勝戦,晴,南東,2,2,5,6,5217,藤 原 碧 生,15,79,6.86,6,0.14,,1-4-2,1620,5,1-4,650,3,1-2-4,480,2,1-4,690,3
20260830,鳴門,12,優勝戦,晴,南東,2,2,6,5,4908,上 田 龍 星,67,81,6.84,5,0.14,,1-4-2,1620,5,1-4,650,3,1-2-4,480,2,1-4,690,3
