date,venue_name,race_no,race_type,weather,wind_dir,wind_ms,wave_cm,rank,waku,reg_no,name,motor_no,boat_no,exhibition_time,course_enter,st_timing,race_time,won3,won3_pay,won3_pop,won2,won2_pay,won2_pop,trio,trio_pay,trio_pop,pair,pair_pay,pair_pop
20260922,びわこ,1,予選,晴,北,1,1,1,1,4232,笠 雅 雄,29,30,6.78,1,0.08,1.51.2,1-5-6,6360,25,1-5,1440,7,1-5-6,1910,9,1-5,1060,5
20260922,びわこ,1,予選,晴,北,1,1,2,5,3663,木 山 和 幸,14,72,6.97,5,0.16,1.53.0,1-5-6,6360,25,1-5,1440,7,1-5-6,1910,9,1-5,1060,5
20260922,びわこ,1,予選,晴,北,1,1,3,6,4710,福 田 宗 平,66,58,6.90,6,0.10,1.53.8,1-5-6,6360,25,1-5,1440,7,1-5-6,1910,9,1-5,1060,5
20260922,びわこ,1,予選,晴,北,1,1,4,4,5071,野見山 拓 己,55,24,6.86,4,0.08,1.53.9,1-5-6,6360,25,1-5,1440,7,1-5-6,1910,9,1-5,1060,5
20260922,びわこ,1,予選,晴,北,1,1,5,3,5047,國 分 将太郎,32,22,6.91,3,0.12,,1-5-6,6360,25,1-5,1440,7,1-5-6,1910,9,1-5,1060,5
20260922,びわこ,1,予選,晴,北,1,1,6,2,4258,関 根 彰 人,33,47,6.91,2,0.11,,1-5-6,6360,25,1-5,1440,7,1-5-6,1910,9,1-5,1060,5
20260922,びわこ,2,予選,晴,北,4,4,1,2,4739,中 村 晃 朋,19,12,6.84,2,0.15,1.50.7,2-3-4,1930,7,2-3,470,1,2-3-4,590,3,2-3,340,1
20260922,びわこ,2,予選,晴,北,4,4,2,3,4759,今 泉 友 吾,39,69,6.80,3,0.13,1.51.6,2-3-4,1930,7,2-3,470,1,2-3-4,590,3,2-3,340,1
20260922,びわこ,2,予選,晴,北,4,4,3,4,5012,加 倉 侑 征,58,60,6.83,4,0.15,1.53.3,2-3-4,1930,7,2-3,470,1,2-3-4,590,3,2-3,340,1
20260922,びわこ,2,予選,晴,北,4,4,4,1,4489,岩 川 仁 士,56,70,6.90,1,0.11,1.55.4,2-3-4,1930,7,2-3,470,1,2-3-4,590,3,2-3,340,1
20260922,びわこ,2,予選,晴,北,4,4,5,5,5050,木 下 雄 介,45,71,6.89,5,0.20,,2-3-4,1930,7,2-3,470,1,2-3-4,590,3,2-3,340,1
20260922,びわこ,2,予選,晴,北,4,4,6,6,4840,鈴 木 秀 茉,52,29,6.86,6,0.25,,2-3-4,1930,7,2-3,470,1,2-3-4,590,3,2-3,340,1
20260922,びわこ,3,予選,晴,北,1,1,1,1,4842,山 下 昂 大,13,21,6.98,1,0.16,1.51.4,1-2-4,1710,4,1-2,940,4,1-2-4,480,2,1-2,560,2
20260922,びわこ,3,予選,晴,北,1,1,2,2,4234,野 相 弘 司,12,53,6.92,2,0.14,1.53.5,1-2-4,1710,4,1-2,940,4,1-2-4,480,2,1-2,560,2
20260922,びわこ,3,予選,晴,北,1,1,3,4,4614,石 倉 洋 行,37,49,6.84,4,0.18,1.54.1,1-2-4,1710,4,1-2,940,4,1-2-4,480,2,1-2,560,2
20260922,びわこ,3,予選,晴,北,1,1,4,6,3942,寺 田 祥,61,52,6.96,6,0.20,1.54.6,1-2-4,1710,4,1-2,940,4,1-2-4,480,2,1-2,560,2
20260922,びわこ,3,予選,晴,北,1,1,5,3,5074,大 澤 誠 也,51,18,6.87,3,0.21,,1-2-4,1710,4,1-2,940,4,1-2-4,480,2,1-2,560,2
20260922,びわこ,3,予選,晴,北,1,1,6,5,3814,金 子 貴 志,25,25,6.91,5,0.24,,1-2-4,1710,4,1-2,940,4,1-2-4,480,2,1-2,560,2
20260922,びわこ,4,予選,晴,北東,1,1,1,4,4067,永 井 源,65,20,6.71,4,0.11,1.51.0,4-2-5,4020,16,4-2,2090,12,2-4-5,470,2,2-4,590,3
20260922,びわこ,4,予選,晴,北東,1,1,2,2,4796,春 園 功 太,50,34,6.85,2,0.16,1.52.1,4-2-5,4020,16,4-2,2090,12,2-4-5,470,2,2-4,590,3
20260922,びわこ,4,予選,晴,北東,1,1,3,5,3721,守 田 俊 介,26,43,6.92,5,0.13,1.53.8,4-2-5,4020,16,4-2,2090,12,2-4-5,470,2,2-4,590,3
20260922,びわこ,4,予選,晴,北東,1,1,4,3,4572,渡 部 悟,36,65,6.87,3,0.09,1.54.7,4-2-5,4020,16,4-2,2090,12,2-4-5,470,2,2-4,590,3
20260922,びわこ,4,予選,晴,北東,1,1,5,1,4880,澤 崎 雄 哉,67,62,6.89,1,0.19,,4-2-5,4020,16,4-2,2090,12,2-4-5,470,2,2-4,590,3
20260922,びわこ,4,予選,晴,北東,1,1,6,6,5122,相 馬 翔,70,23,6.91,6,0.28,,4-2-5,4020,16,4-2,2090,12,2-4-5,470,2,2-4,590,3
20260922,びわこ,5,予選,晴,北西,3,3,1,1,4760,山 崎 郡,20,19,6.84,1,0.17,1.51.6,1-2-5,3270,12,1-2,820,4,1-2-5,1370,6,1-2,860,4
20260922,びわこ,5,予選,晴,北西,3,3,2,2,4114,深 澤 達 徳,46,15,6.92,2,0.16,1.53.0,1-2-5,3270,12,1-2,820,4,1-2-5,1370,6,1-2,860,4
20260922,びわこ,5,予選,晴,北西,3,3,3,5,5289,佃 來 紀,48,54,6.88,5,0.25,1.54.1,1-2-5,3270,12,1-2,820,4,1-2-5,1370,6,1-2,860,4
20260922,びわこ,5,予選,晴,北西,3,3,4,4,4232,笠 雅 雄,29,30,6.73,4,0.21,1.55.7,1-2-5,3270,12,1-2,820,4,1-2-5,1370,6,1-2,860,4
20260922,びわこ,5,予選,晴,北西,3,3,5,3,3502,渡 邉 英 児,71,44,6.85,3,0.17,,1-2-5,3270,12,1-2,820,4,1-2-5,1370,6,1-2,860,4
20260922,びわこ,5,予選,晴,北西,3,3,6,6,5109,川 崎 智 稔,31,41,6.86,6,0.24,,1-2-5,3270,12,1-2,820,4,1-2-5,1370,6,1-2,860,4
20260922,びわこ,6,予選,晴,北,1,1,1,1,4410,井 上 大 輔,72,11,6.94,1,0.18,1.52.0,1-5-4,14810,45,1-5,2360,8,1-4-5,3340,12,1-5,2080,6
20260922,びわこ,6,予選,晴,北,1,1,2,5,4824,松 井 洪 弥,34,68,6.80,5,0.19,1.52.5,1-5-4,14810,45,1-5,2360,8,1-4-5,3340,12,1-5,2080,6
20260922,びわこ,6,予選,晴,北,1,1,3,4,3497,後 藤 浩,11,50,6.81,4,0.18,1.52.5,1-5-4,14810,45,1-5,2360,8,1-4-5,3340,12,1-5,2080,6
20260922,びわこ,6,予選,晴,北,1,1,4,6,5047,國 分 将太郎,32,22,6.84,6,0.25,1.54.0,1-5-4,14810,45,1-5,2360,8,1-4-5,3340,12,1-5,2080,6
20260922,びわこ,6,予選,晴,北,1,1,5,2,4448,青 木 玄 太,21,38,6.85,2,0.20,,1-5-4,14810,45,1-5,2360,8,1-4-5,3340,12,1-5,2080,6
20260922,びわこ,6,予選,晴,北,1,1,6,3,4977,馬 野 耀,47,61,6.87,3,0.19,,1-5-4,14810,45,1-5,2360,8,1-4-5,3340,12,1-5,2080,6
20260922,びわこ,7,予選,晴,北東,4,4,1,1,5071,野見山 拓 己,55,24,6.89,1,0.13,1.51.2,1-5-2,14890,50,1-5,3450,12,1-2-5,3210,12,1-5,2290,8
20260922,びわこ,7,予選,晴,北東,4,4,2,5,4195,前 川 守 嗣,27,46,7.00,5,0.13,1.53.2,1-5-2,14890,50,1-5,3450,12,1-2-5,3210,12,1-5,2290,8
20260922,びわこ,7,予選,晴,北東,4,4,3,2,4318,桑 原 将 光,44,59,6.98,2,0.18,1.54.5,1-5-2,14890,50,1-5,3450,12,1-2-5,3210,12,1-5,2290,8
20260922,びわこ,7,予選,晴,北東,4,4,4,4,4013,中 島 孝 平,57,39,7.03,4,0.12,1.54.5,1-5-2,14890,50,1-5,3450,12,1-2-5,3210,12,1-5,2290,8
20260922,びわこ,7,予選,晴,北東,4,4,5,3,4840,鈴 木 秀 茉,52,29,6.92,3,0.11,,1-5-2,14890,50,1-5,3450,12,1-2-5,3210,12,1-5,2290,8
20260922,びわこ,7,予選,晴,北東,4,4,6,6,5137,川 原 涼,16,26,6.90,6,0.17,,1-5-2,14890,50,1-5,3450,12,1-2-5,3210,12,1-5,2290,8
20260922,びわこ,8,予選,晴,北,4,4,1,3,4710,福 田 宗 平,66,58,6.82,3,0.09,1.49.9,3-5-1,3740,13,3-5,1410,6,1-3-5,520,2,3-5,920,4
20260922,びわこ,8,予選,晴,北,4,4,2,5,4600,井 内 将太郎,40,27,6.90,5,0.17,1.52.6,3-5-1,3740,13,3-5,1410,6,1-3-5,520,2,3-5,920,4
20260922,びわこ,8,予選,晴,北,4,4,3,1,5012,加 倉 侑 征,58,60,6.90,1,0.13,1.54.0,3-5-1,3740,13,3-5,1410,6,1-3-5,520,2,3-5,920,4
20260922,びわこ,8,予選,晴,北,4,4,4,2,4890,石 川 諒,68,64,6.93,2,0.13,1.54.1,3-5-1,3740,13,3-5,1410,6,1-3-5,520,2,3-5,920,4
20260922,びわこ,8,予選,晴,北,4,4,5,4,5339,石 井 伸 長,18,33,6.83,4,0.12,,3-5-1,3740,13,3-5,1410,6,1-3-5,520,2,3-5,920,4
20260922,びわこ,8,予選,晴,北,4,4,6,6,4598,加 藤 政 彦,53,17,6.86,6,0.15,,3-5-1,3740,13,3-5,1410,6,1-3-5,520,2,3-5,920,4
20260922,びわこ,9,予選,晴,北東,1,1,1,1,4430,永 田 秀 二,49,31,6.88,1,0.11,1.50.9,1-3-6,970,2,1-3,270,1,1-3-6,380,1,1-3,260,1
20260922,びわこ,9,予選,晴,北東,1,1,2,3,5050,木 下 雄 介,45,71,6.88,3,0.12,1.52.1,1-3-6,970,2,1-3,270,1,1-3-6,380,1,1-3,260,1
20260922,びわこ,9,予選,晴,北東,1,1,3,6,4796,春 園 功 太,50,34,6.86,6,0.09,1.54.2,1-3-6,970,2,1-3,270,1,1-3-6,380,1,1-3,260,1
20260922,びわこ,9,予選,晴,北東,1,1,4,4,4842,山 下 昂 大,13,21,6.97,4,0.05,1.55.7,1-3-6,970,2,1-3,270,1,1-3-6,380,1,1-3,260,1
20260922,びわこ,9,予選,晴,北東,1,1,5,2,3731,高 濱 芳 久,54,35,6.93,2,0.15,,1-3-6,970,2,1-3,270,1,1-3-6,380,1,1-3,260,1
20260922,びわこ,9,予選,晴,北東,1,1,6,5,4258,関 根 彰 人,33,47,6.92,5,0.04,,1-3-6,970,2,1-3,270,1,1-3-6,380,1,1-3,260,1
20260922,びわこ,10,予選特賞,晴,北,2,3,1,3,4953,尾 上 雅 也,41,37,6.86,3,0.15,1.50.6,3-1-2,1510,6,3-1,370,2,1-2-3,290,1,1-3,140,1
20260922,びわこ,10,予選特賞,晴,北,2,3,2,1,4067,永 井 源,65,20,6.86,1,0.16,1.53.7,3-1-2,1510,6,3-1,370,2,1-2-3,290,1,1-3,140,1
20260922,びわこ,10,予選特賞,晴,北,2,3,3,2,3663,木 山 和 幸,14,72,6.92,2,0.17,1.55.0,3-1-2,1510,6,3-1,370,2,1-2-3,290,1,1-3,140,1
20260922,びわこ,10,予選特賞,晴,北,2,3,4,4,4114,深 澤 達 徳,46,15,6.89,4,0.21,1.55.6,3-1-2,1510,6,3-1,370,2,1-2-3,290,1,1-3,140,1
20260922,びわこ,10,予選特賞,晴,北,2,3,5,6,4977,馬 野 耀,47,61,6.93,6,0.31,,3-1-2,1510,6,3-1,370,2,1-2-3,290,1,1-3,140,1
20260922,びわこ,10,予選特賞,晴,北,2,3,6,5,4234,野 相 弘 司,12,53,6.92,5,0.25,,3-1-2,1510,6,3-1,370,2,1-2-3,290,1,1-3,140,1
20260922,びわこ,11,予選特選,晴,北東,5,5,1,1,4614,石 倉 洋 行,37,49,6.86,1,0.09,1.49.8,1-3-5,4640,14,1-3,780,3,1-3-5,1600,7,1-3,660,3
20260922,びわこ,11,予選特選,晴,北東,5,5,2,3,5109,川 崎 智 稔,31,41,6.87,3,0.17,1.52.5,1-3-5,4640,14,1-3,780,3,1-3-5,1600,7,1-3,660,3
20260922,びわこ,11,予選特選,晴,北東,5,5,3,5,4572,渡 部 悟,36,65,7.00,5,0.19,1.54.4,1-3-5,4640,14,1-3,780,3,1-3-5,1600,7,1-3,660,3
20260922,びわこ,11,予選特選,晴,北東,5,5,4,4,4739,中 村 晃 朋,19,12,6.89,4,0.17,1.55.1,1-3-5,4640,14,1-3,780,3,1-3-5,1600,7,1-3,660,3
20260922,びわこ,11,予選特選,晴,北東,5,5,5,6,4318,桑 原 将 光,44,59,7.02,6,0.21,,1-3-5,4640,14,1-3,780,3,1-3-5,1600,7,1-3,660,3
20260922,びわこ,11,予選特選,晴,北東,5,5,6,2,4824,松 井 洪 弥,34,68,6.94,2,0.12,,1-3-5,4640,14,1-3,780,3,1-3-5,1600,7,1-3,660,3
20260922,びわこ,12,つるやパンＤ,晴,北東,5,5,1,4,4760,山 崎 郡,20,19,6.80,4,0.10,1.50.9,4-2-6,10190,31,4-2,2760,9,2-4-6,3640,13,2-4,1790,8
20260922,びわこ,12,つるやパンＤ,晴,北東,5,5,2,2,4013,中 島 孝 平,57,39,7.03,2,0.12,1.51.6,4-2-6,10190,31,4-2,2760,9,2-4-6,3640,13,2-4,1790,8
20260922,びわこ,12,つるやパンＤ,晴,北東,5,5,3,6,4759,今 泉 友 吾,39,69,6.93,6,0.09,1.52.7,4-2-6,10190,31,4-2,2760,9,2-4-6,3640,13,2-4,1790,8
20260922,びわこ,12,つるやパンＤ,晴,北東,5,5,4,1,3721,守 田 俊 介,26,43,7.09,1,0.09,1.54.2,4-2-6,10190,31,4-2,2760,9,2-4-6,3640,13,2-4,1790,8
20260922,びわこ,12,つるやパンＤ,晴,北東,5,5,5,3,3942,寺 田 祥,61,52,6.99,3,0.09,,4-2-6,10190,31,4-2,2760,9,2-4-6,3640,13,2-4,1790,8
20260922,びわこ,12,つるやパンＤ,晴,北東,5,5,6,5,4448,青 木 玄 太,21,38,6.88,5,0.09,,4-2-6,10190,31,4-2,2760,9,2-4-6,3640,13,2-4,1790,8
20260922,三国,1,みくにあさイ,晴,北,6,6,1,1,5038,金 田 智 博,23,50,6.80,1,0.18,1.51.6,1-4-6,470,1,1-4,270,1,1-4-6,240,1,1-4,180,1
20260922,三国,1,みくにあさイ,晴,北,6,6,2,4,5352,西 岡 蒼 志,16,51,6.88,4,0.26,1.52.4,1-4-6,470,1,1-4,270,1,1-4-6,240,1,1-4,180,1
20260922,三国,1,みくにあさイ,晴,北,6,6,3,6,4315,山 崎 昂 介,56,32,6.80,5,0.27,1.53.4,1-4-6,470,1,1-4,270,1,1-4-6,240,1,1-4,180,1
20260922,三国,1,みくにあさイ,晴,北,6,6,4,3,3461,渡 邊 哲 也,33,20,6.91,3,0.21,1.55.3,1-4-6,470,1,1-4,270,1,1-4-6,240,1,1-4,180,1
20260922,三国,1,みくにあさイ,晴,北,6,6,5,5,5453,久 保 翔 耶,46,65,6.81,6,0.24,,1-4-6,470,1,1-4,270,1,1-4-6,240,1,1-4,180,1
20260922,三国,1,みくにあさイ,晴,北,6,6,6,2,3617,竹 田 広 樹,65,14,6.79,2,0.26,,1-4-6,470,1,1-4,270,1,1-4-6,240,1,1-4,180,1
20260922,三国,2,みくにあさガ,晴,北,6,6,1,1,5009,大 賀 龍之介,32,31,6.90,1,0.13,1.51.2,1-4-2,1720,7,1-4,800,3,1-2-4,230,1,1-4,820,2
20260922,三国,2,みくにあさガ,晴,北,6,6,2,4,4004,山 本 浩 輔,44,46,6.88,4,0.14,1.52.3,1-4-2,1720,7,1-4,800,3,1-2-4,230,1,1-4,820,2
20260922,三国,2,みくにあさガ,晴,北,6,6,3,2,3641,一 瀬 明,19,35,6.86,2,0.15,1.54.0,1-4-2,1720,7,1-4,800,3,1-2-4,230,1,1-4,820,2
20260922,三国,2,みくにあさガ,晴,北,6,6,4,5,4902,山 川 雄 大,20,72,6.80,5,0.16,1.54.5,1-4-2,1720,7,1-4,800,3,1-2-4,230,1,1-4,820,2
20260922,三国,2,みくにあさガ,晴,北,6,6,5,6,5167,小 川 竜太朗,48,56,6.81,6,0.18,,1-4-2,1720,7,1-4,800,3,1-2-4,230,1,1-4,820,2
20260922,三国,2,みくにあさガ,晴,北,6,6,6,3,3652,森 下 勇,17,27,6.99,3,0.14,,1-4-2,1720,7,1-4,800,3,1-2-4,230,1,1-4,820,2
20260922,三国,3,みくにあさズ,晴,北,6,6,1,1,4241,大 串 重 幸,37,58,6.98,1,0.09,1.51.4,1-4-2,1220,5,1-4,660,3,1-2-4,410,3,1-4,450,3
20260922,三国,3,みくにあさズ,晴,北,6,6,2,4,5344,谷 口 丞,38,62,6.86,4,0.10,1.53.2,1-4-2,1220,5,1-4,660,3,1-2-4,410,3,1-4,450,3
20260922,三国,3,みくにあさズ,晴,北,6,6,3,2,5143,常 盤 海 心,55,12,6.82,2,0.14,1.54.4,1-4-2,1220,5,1-4,660,3,1-2-4,410,3,1-4,450,3
20260922,三国,3,みくにあさズ,晴,北,6,6,4,5,4016,西 川 新太郎,41,24,6.93,5,0.12,1.55.7,1-4-2,1220,5,1-4,660,3,1-2-4,410,3,1-4,450,3
20260922,三国,3,みくにあさズ,晴,北,6,6,5,3,4424,松 尾 昂 明,26,34,6.90,3,0.15,,1-4-2,1220,5,1-4,660,3,1-2-4,410,3,1-4,450,3
20260922,三国,3,みくにあさズ,晴,北,6,6,6,6,5465,直 江 健 成,53,57,6.90,6,0.13,,1-4-2,1220,5,1-4,660,3,1-2-4,410,3,1-4,450,3
20260922,三国,4,みくにあさ推,晴,北,6,6,1,2,5329,金 子 龍 斗,49,63,6.89,2,0.17,1.50.8,2-1-3,3390,13,2-1,990,5,1-2-3,610,3,1-2,400,3
20260922,三国,4,みくにあさ推,晴,北,6,6,2,1,4112,大久保 信一郎,22,61,6.89,1,0.12,1.52.9,2-1-3,3390,13,2-1,990,5,1-2-3,610,3,1-2,400,3
20260922,三国,4,みくにあさ推,晴,北,6,6,3,3,4675,井 手 良 太,68,67,6.93,3,0.14,1.54.3,2-1-3,3390,13,2-1,990,5,1-2-3,610,3,1-2,400,3
20260922,三国,4,みくにあさ推,晴,北,6,6,4,5,4894,原 村 拓 也,39,25,7.01,5,0.15,1.54.5,2-1-3,3390,13,2-1,990,5,1-2-3,610,3,1-2,400,3
20260922,三国,4,みくにあさ推,晴,北,6,6,5,6,3838,伊 藤 啓 三,63,69,7.02,6,0.13,,2-1-3,3390,13,2-1,990,5,1-2-3,610,3,1-2,400,3
20260922,三国,4,みくにあさ推,晴,北,6,6,6,4,3811,石 田 章 央,58,38,6.91,4,0.21,,2-1-3,3390,13,2-1,990,5,1-2-3,610,3,1-2,400,3
20260922,三国,5,予選,晴,北,8,8,1,3,4418,茅 原 悠 紀,34,48,6.83,3,0.16,1.51.2,3-2-1,1500,6,3-2,270,1,1-2-3,510,3,2-3,210,1
20260922,三国,5,予選,晴,北,8,8,2,2,4711,前 出 達 吉,15,42,6.96,2,0.13,1.53.4,3-2-1,1500,6,3-2,270,1,1-2-3,510,3,2-3,210,1
20260922,三国,5,予選,晴,北,8,8,3,1,4197,渥 美 卓 郎,11,26,7.00,1,0.24,1.55.9,3-2-1,1500,6,3-2,270,1,1-2-3,510,3,2-3,210,1
20260922,三国,5,予選,晴,北,8,8,4,5,4363,大 野 芳 顕,66,68,6.92,5,0.12,1.56.6,3-2-1,1500,6,3-2,270,1,1-2-3,510,3,2-3,210,1
20260922,三国,5,予選,晴,北,8,8,5,6,4888,金 児 隆 太,30,70,6.91,6,0.14,,3-2-1,1500,6,3-2,270,1,1-2-3,510,3,2-3,210,1
20260922,三国,5,予選,晴,北,8,8,6,4,5366,塩 嶋 泰 空,59,19,6.96,4,0.20,,3-2-1,1500,6,3-2,270,1,1-2-3,510,3,2-3,210,1
20260922,三国,6,予選,晴,北,8,8,1,1,5282,中 本 大 樹,36,30,6.92,1,0.01,1.51.9,1-2-3,1020,2,1-2,760,2,1-2-3,210,1,1-2,420,3
20260922,三国,6,予選,晴,北,8,8,2,2,3837,秋 山 広 一,28,13,7.02,2,0.09,1.53.3,1-2-3,1020,2,1-2,760,2,1-2-3,210,1,1-2,420,3
20260922,三国,6,予選,晴,北,8,8,3,3,4441,末 永 由 楽,69,11,6.91,3,0.07,1.54.0,1-2-3,1020,2,1-2,760,2,1-2-3,210,1,1-2,420,3
20260922,三国,6,予選,晴,北,8,8,4,5,3965,北 中 元 樹,50,21,7.08,5,0.08,1.56.0,1-2-3,1020,2,1-2,760,2,1-2-3,210,1,1-2,420,3
20260922,三国,6,予選,晴,北,8,8,5,4,5090,生 方 靖 亜,25,53,6.95,4,0.11,,1-2-3,1020,2,1-2,760,2,1-2-3,210,1,1-2,420,3
20260922,三国,6,予選,晴,北,8,8,6,6,5453,久 保 翔 耶,46,65,6.91,6,0.07,,1-2-3,1020,2,1-2,760,2,1-2-3,210,1,1-2,420,3
20260922,三国,7,予選,晴,北西,8,8,1,4,4357,田 中 和 也,52,33,6.86,4,0.17,1.14.9,4-3-2,3730,18,4-3,2430,11,2-3-4,260,1,3-4,1100,5
20260922,三国,7,予選,晴,北西,8,8,2,3,5143,常 盤 海 心,55,12,6.85,3,0.24,1.16.1,4-3-2,3730,18,4-3,2430,11,2-3-4,260,1,3-4,1100,5
20260922,三国,7,予選,晴,北西,8,8,3,2,3333,丸 尾 義 孝,31,41,6.93,2,0.16,1.16.3,4-3-2,3730,18,4-3,2430,11,2-3-4,260,1,3-4,1100,5
20260922,三国,7,予選,晴,北西,8,8,4,1,3617,竹 田 広 樹,65,14,6.88,1,0.19,1.18.2,4-3-2,3730,18,4-3,2430,11,2-3-4,260,1,3-4,1100,5
20260922,三国,7,予選,晴,北西,8,8,5,6,5345,牧 村 俊 輝,47,40,6.90,6,0.22,,4-3-2,3730,18,4-3,2430,11,2-3-4,260,1,3-4,1100,5
20260922,三国,7,予選,晴,北西,8,8,6,5,4360,庄 司 孝 輔,18,52,6.86,5,0.22,,4-3-2,3730,18,4-3,2430,11,2-3-4,260,1,3-4,1100,5
20260922,三国,8,予選,晴,北西,8,8,1,1,5190,大 月 遊 雅,62,59,7.03,1,0.13,1.14.6,1-2-4,3210,10,1-2,1170,5,1-2-4,810,4,1-2,480,1
20260922,三国,8,予選,晴,北西,8,8,2,2,4210,松 村 康 太,29,37,7.10,2,0.18,1.15.9,1-2-4,3210,10,1-2,1170,5,1-2-4,810,4,1-2,480,1
20260922,三国,8,予選,晴,北西,8,8,3,4,5009,大 賀 龍之介,32,31,6.90,4,0.11,1.16.5,1-2-4,3210,10,1-2,1170,5,1-2-4,810,4,1-2,480,1
20260922,三国,8,予選,晴,北西,8,8,4,3,4016,西 川 新太郎,41,24,6.95,3,0.15,1.17.7,1-2-4,3210,10,1-2,1170,5,1-2-4,810,4,1-2,480,1
20260922,三国,8,予選,晴,北西,8,8,5,5,4295,小 坂 尚 哉,61,22,6.97,5,0.12,,1-2-4,3210,10,1-2,1170,5,1-2-4,810,4,1-2,480,1
20260922,三国,8,予選,晴,北西,8,8,6,6,4894,原 村 拓 也,39,25,6.89,6,0.19,,1-2-4,3210,10,1-2,1170,5,1-2-4,810,4,1-2,480,1
20260922,三国,9,予選特賞,晴,北西,8,8,1,1,4004,山 本 浩 輔,44,46,6.84,1,0.15,1.14.9,1-5-2,1310,4,1-5,500,3,1-2-5,370,2,1-5,510,3
20260922,三国,9,予選特賞,晴,北西,8,8,2,5,4150,山 田 雄 太,14,36,6.96,4,0.13,1.15.4,1-5-2,1310,4,1-5,500,3,1-2-5,370,2,1-5,510,3
20260922,三国,9,予選特賞,晴,北西,8,8,3,2,4315,山 崎 昂 介,56,32,7.05,2,0.22,1.17.3,1-5-2,1310,4,1-5,500,3,1-2-5,370,2,1-5,510,3
20260922,三国,9,予選特賞,晴,北西,8,8,4,4,4888,金 児 隆 太,30,70,6.94,3,0.25,1.17.9,1-5-2,1310,4,1-5,500,3,1-2-5,370,2,1-5,510,3
20260922,三国,9,予選特賞,晴,北西,8,8,5,6,4424,松 尾 昂 明,26,34,6.97,5,0.16,,1-5-2,1310,4,1-5,500,3,1-2-5,370,2,1-5,510,3
20260922,三国,9,予選特賞,晴,北西,8,8,K0,3,3811,石 田 章 央,58,38 K,,,,,1-5-2,1310,4,1-5,500,3,1-2-5,370,2,1-5,510,3
20260922,三国,10,予選特賞,晴,北,8,8,1,3,5167,小 川 竜太朗,48,56,6.93,3,0.05,1.14.5,3-5-1,9410,40,3-5,1150,6,1-3-5,1620,8,3-5,470,2
20260922,三国,10,予選特賞,晴,北,8,8,2,5,4418,茅 原 悠 紀,34,48,6.83,4,0.19,1.15.3,3-5-1,9410,40,3-5,1150,6,1-3-5,1620,8,3-5,470,2
20260922,三国,10,予選特賞,晴,北,8,8,3,1,4020,川 上 清 人,60,47,7.04,1,0.07,1.16.8,3-5-1,9410,40,3-5,1150,6,1-3-5,1620,8,3-5,470,2
20260922,三国,10,予選特賞,晴,北,8,8,4,2,4675,井 手 良 太,68,67,6.99,2,0.09,1.17.3,3-5-1,9410,40,3-5,1150,6,1-3-5,1620,8,3-5,470,2
20260922,三国,10,予選特賞,晴,北,8,8,5,6,4441,末 永 由 楽,69,11,6.88,5,0.10,,3-5-1,9410,40,3-5,1150,6,1-3-5,1620,8,3-5,470,2
20260922,三国,10,予選特賞,晴,北,8,8,6,4,4241,大 串 重 幸,37,58,7.04,6,0.11,,3-5-1,9410,40,3-5,1150,6,1-3-5,1620,8,3-5,470,2
20260922,三国,11,記者特選,晴,北,8,8,1,1,5344,谷 口 丞,38,62,7.05,1,0.16,1.15.2,1-2-4,1600,4,1-2,440,1,1-2-4,550,1,1-2,270,1
20260922,三国,11,記者特選,晴,北,8,8,2,2,3965,北 中 元 樹,50,21,7.15,2,0.18,1.15.6,1-2-4,1600,4,1-2,440,1,1-2-4,550,1,1-2,270,1
20260922,三国,11,記者特選,晴,北,8,8,3,4,4711,前 出 達 吉,15,42,6.97,4,0.15,1.16.6,1-2-4,1600,4,1-2,440,1,1-2-4,550,1,1-2,270,1
20260922,三国,11,記者特選,晴,北,8,8,4,3,5038,金 田 智 博,23,50,7.03,3,0.24,1.18.1,1-2-4,1600,4,1-2,440,1,1-2-4,550,1,1-2,270,1
20260922,三国,11,記者特選,晴,北,8,8,5,6,3333,丸 尾 義 孝,31,41,7.04,6,0.08,,1-2-4,1600,4,1-2,440,1,1-2-4,550,1,1-2,270,1
20260922,三国,11,記者特選,晴,北,8,8,6,5,5329,金 子 龍 斗,49,63,6.96,5,0.09,,1-2-4,1600,4,1-2,440,1,1-2-4,550,1,1-2,270,1
20260922,三国,12,カニ坊選抜,晴,北,8,8,1,1,4357,田 中 和 也,52,33,6.86,1,0.29,1.15.5,1-2-6,5080,16,1-2,570,3,1-2-6,3280,10,1-2,390,3
20260922,三国,12,カニ坊選抜,晴,北,8,8,2,2,5090,生 方 靖 亜,25,53,7.00,2,0.35,1.17.1,1-2-6,5080,16,1-2,570,3,1-2-6,3280,10,1-2,390,3
20260922,三国,12,カニ坊選抜,晴,北,8,8,3,6,5352,西 岡 蒼 志,16,51,7.03,6,0.27,1.18.1,1-2-6,5080,16,1-2,570,3,1-2-6,3280,10,1-2,390,3
20260922,三国,12,カニ坊選抜,晴,北,8,8,4,3,4112,大久保 信一郎,22,61,6.95,3,0.26,1.18.3,1-2-6,5080,16,1-2,570,3,1-2-6,3280,10,1-2,390,3
20260922,三国,12,カニ坊選抜,晴,北,8,8,5,5,4210,松 村 康 太,29,37,7.08,5,0.27,,1-2-6,5080,16,1-2,570,3,1-2-6,3280,10,1-2,390,3
20260922,三国,12,カニ坊選抜,晴,北,8,8,6,4,3641,一 瀬 明,19,35,6.92,4,0.19,,1-2-6,5080,16,1-2,570,3,1-2-6,3280,10,1-2,390,3
20260922,住之江,1,一般戦,晴,北,5,2,1,1,3988,古 川 誠 之,14,34,6.97,1,0.17,1.50.9,1-5-3,1210,5,1-5,570,3,1-3-5,340,1,1-5,430,2
20260922,住之江,1,一般戦,晴,北,5,2,2,5,4118,宇佐見 淳,79,80,6.94,5,0.14,1.52.1,1-5-3,1210,5,1-5,570,3,1-3-5,340,1,1-5,430,2
20260922,住之江,1,一般戦,晴,北,5,2,3,3,3853,岩 崎 正 哉,76,32,6.96,3,0.22,1.53.3,1-5-3,1210,5,1-5,570,3,1-3-5,340,1,1-5,430,2
20260922,住之江,1,一般戦,晴,北,5,2,4,4,3935,岩 津 徹 郎,19,21,6.98,4,0.15,1.54.3,1-5-3,1210,5,1-5,570,3,1-3-5,340,1,1-5,430,2
20260922,住之江,1,一般戦,晴,北,5,2,5,2,3282,池 本 輝 明,15,39,6.95,2,0.23,1.54.9,1-5-3,1210,5,1-5,570,3,1-3-5,340,1,1-5,430,2
20260922,住之江,1,一般戦,晴,北,5,2,6,6,5425,西 山 育,56,64,7.06,6,0.16,1.57.9,1-5-3,1210,5,1-5,570,3,1-3-5,340,1,1-5,430,2
20260922,住之江,2,一般戦,晴,北,4,2,1,2,4618,乃 村 康 友,54,29,6.99,2,0.15,1.50.4,2-1-3,3330,11,2-1,1930,6,1-2-3,180,1,1-2,320,2
20260922,住之江,2,一般戦,晴,北,4,2,2,1,4578,藤 山 雅 弘,85,66,6.94,1,0.17,1.51.6,2-1-3,3330,11,2-1,1930,6,1-2-3,180,1,1-2,320,2
20260922,住之江,2,一般戦,晴,北,4,2,3,3,4040,廣 瀬 将 亨,69,67,6.96,3,0.16,1.53.3,2-1-3,3330,11,2-1,1930,6,1-2-3,180,1,1-2,320,2
20260922,住之江,2,一般戦,晴,北,4,2,4,4,4000,松 本 博 昭,33,13,7.04,4,0.16,1.55.4,2-1-3,3330,11,2-1,1930,6,1-2-3,180,1,1-2,320,2
20260922,住之江,2,一般戦,晴,北,4,2,5,5,4010,越 智 照 浩,27,54,7.06,5,0.12,1.56.2,2-1-3,3330,11,2-1,1930,6,1-2-3,180,1,1-2,320,2
20260922,住之江,2,一般戦,晴,北,4,2,6,6,5378,鈴 木 結平太,36,60,7.06,6,0.10,1.56.4,2-1-3,3330,11,2-1,1930,6,1-2-3,180,1,1-2,320,2
20260922,住之江,3,一般戦,晴,北,5,2,1,2,4215,吉 島 祥 之,23,58,6.95,2,0.07,1.51.0,2-1-3,1910,5,2-1,640,3,1-2-3,260,1,1-2,230,1
20260922,住之江,3,一般戦,晴,北,5,2,2,1,4389,伊 藤 喜 智,39,18,6.93,1,0.09,1.52.1,2-1-3,1910,5,2-1,640,3,1-2-3,260,1,1-2,230,1
20260922,住之江,3,一般戦,晴,北,5,2,3,3,4495,森 晋太郎,59,75,6.90,3,0.07,1.53.2,2-1-3,1910,5,2-1,640,3,1-2-3,260,1,1-2,230,1
20260922,住之江,3,一般戦,晴,北,5,2,4,4,4027,松 江 秀 徳,30,53,6.89,4,0.12,1.54.7,2-1-3,1910,5,2-1,640,3,1-2-3,260,1,1-2,230,1
20260922,住之江,3,一般戦,晴,北,5,2,5,5,3875,廣 中 良 一,37,83,6.97,5,0.12,1.55.8,2-1-3,1910,5,2-1,640,3,1-2-3,260,1,1-2,230,1
20260922,住之江,3,一般戦,晴,北,5,2,6,6,5374,木 山 大 聖,13,85,6.87,6,0.09,1.57.3,2-1-3,1910,5,2-1,640,3,1-2-3,260,1,1-2,230,1
20260922,住之江,4,一般戦,晴,北,4,2,1,2,4394,永 嶋 裕 一,75,17,7.09,2,0.11,1.51.1,2-1-3,2390,7,2-1,950,4,1-2-3,250,1,1-2,240,1
20260922,住之江,4,一般戦,晴,北,4,2,2,1,3813,佐 藤 大 介,50,23,7.04,1,0.11,1.52.1,2-1-3,2390,7,2-1,950,4,1-2-3,250,1,1-2,240,1
20260922,住之江,4,一般戦,晴,北,4,2,3,3,4603,谷 川 将 太,12,65,6.97,3,0.16,1.52.7,2-1-3,2390,7,2-1,950,4,1-2-3,250,1,1-2,240,1
20260922,住之江,4,一般戦,晴,北,4,2,4,6,4472,尾 嶋 一 広,29,62,6.98,6,0.16,1.53.7,2-1-3,2390,7,2-1,950,4,1-2-3,250,1,1-2,240,1
20260922,住之江,4,一般戦,晴,北,4,2,5,4,4103,山 崎 善 庸,32,56,7.07,4,0.18,1.56.4,2-1-3,2390,7,2-1,950,4,1-2-3,250,1,1-2,240,1
20260922,住之江,4,一般戦,晴,北,4,2,6,5,4552,杉 山 勝 匡,53,63,7.00,5,0.15,1.58.2,2-1-3,2390,7,2-1,950,4,1-2-3,250,1,1-2,240,1
20260922,住之江,5,住之江ファイ,晴,北,4,2,1,6,4645,上 村 純 一,22,24,6.91,5,0.24,1.50.2,6-5-1,20320,49,6-5,10330,23,1-5-6,1510,6,5-6,4780,12
20260922,住之江,5,住之江ファイ,晴,北,4,2,2,5,4306,畔 柳 俊 吾,83,38,7.01,4,0.12,1.51.7,6-5-1,20320,49,6-5,10330,23,1-5-6,1510,6,5-6,4780,12
20260922,住之江,5,住之江ファイ,晴,北,4,2,3,1,4073,大 橋 純一郎,68,71,7.01,1,0.11,1.53.0,6-5-1,20320,49,6-5,10330,23,1-5-6,1510,6,5-6,4780,12
20260922,住之江,5,住之江ファイ,晴,北,4,2,4,3,3680,森 林 太,80,88,6.97,3,0.17,1.53.9,6-5-1,20320,49,6-5,10330,23,1-5-6,1510,6,5-6,4780,12
20260922,住之江,5,住之江ファイ,晴,北,4,2,5,2,4393,田 中 孝 明,51,26,6.95,2,0.22,1.56.7,6-5-1,20320,49,6-5,10330,23,1-5-6,1510,6,5-6,4780,12
20260922,住之江,5,住之江ファイ,晴,北,4,2,6,4,4988,牟 田 奨 太,74,59,7.11,6,0.09,2.00.9,6-5-1,20320,49,6-5,10330,23,1-5-6,1510,6,5-6,4780,12
20260922,住之江,6,一般戦,晴,北,5,2,1,1,5051,松 本 純 平,34,84,6.90,1,0.07,1.50.4,1-2-6,500,1,1-2,190,1,1-2-6,250,1,1-2,190,1
20260922,住之江,6,一般戦,晴,北,5,2,2,2,5106,山 崎 祥,62,79,6.92,2,0.12,1.51.3,1-2-6,500,1,1-2,190,1,1-2-6,250,1,1-2,190,1
20260922,住之江,6,一般戦,晴,北,5,2,3,6,4497,桑 原 悠,81,61,6.93,6,0.14,1.52.9,1-2-6,500,1,1-2,190,1,1-2-6,250,1,1-2,190,1
20260922,住之江,6,一般戦,晴,北,5,2,4,4,3893,汐 崎 正 則,63,25,6.99,4,0.11,1.53.4,1-2-6,500,1,1-2,190,1,1-2-6,250,1,1-2,190,1
20260922,住之江,6,一般戦,晴,北,5,2,5,3,3568,木 村 光 宏,77,68,7.09,3,0.15,1.56.5,1-2-6,500,1,1-2,190,1,1-2-6,250,1,1-2,190,1
20260922,住之江,6,一般戦,晴,北,5,2,6,5,5425,西 山 育,56,64,7.00,5,0.12,2.00.0,1-2-6,500,1,1-2,190,1,1-2-6,250,1,1-2,190,1
20260922,住之江,7,一般戦,晴,北,5,2,1,1,4601,森 野 正 弘,66,57,6.92,1,0.16,1.50.1,1-2-6,860,2,1-2,390,2,1-2-6,420,3,1-2,350,3
20260922,住之江,7,一般戦,晴,北,5,2,2,2,4303,牧 原 崇,64,90,6.99,2,0.16,1.51.7,1-2-6,860,2,1-2,390,2,1-2-6,420,3,1-2,350,3
20260922,住之江,7,一般戦,晴,北,5,2,3,6,4762,藤 原 啓史朗,35,73,6.92,6,0.15,1.52.8,1-2-6,860,2,1-2,390,2,1-2-6,420,3,1-2,350,3
20260922,住之江,7,一般戦,晴,北,5,2,4,4,4580,長谷川 雅 和,31,37,7.04,4,0.25,1.54.8,1-2-6,860,2,1-2,390,2,1-2-6,420,3,1-2,350,3
20260922,住之江,7,一般戦,晴,北,5,2,5,5,4301,関 裕 也,21,77,6.98,5,0.16,1.56.1,1-2-6,860,2,1-2,390,2,1-2-6,420,3,1-2,350,3
20260922,住之江,7,一般戦,晴,北,5,2,6,3,4000,松 本 博 昭,33,13,6.92,3,0.20,1.57.7,1-2-6,860,2,1-2,390,2,1-2-6,420,3,1-2,350,3
20260922,住之江,8,一般戦,晴,北東,7,3,1,1,3975,小野寺 智 洋,60,12,7.00,1,0.16,1.51.0,1-3-2,1060,4,1-3,650,3,1-2-3,190,1,1-3,330,2
20260922,住之江,8,一般戦,晴,北東,7,3,2,3,4420,津久井 拓 也,17,76,7.00,3,0.15,1.52.1,1-3-2,1060,4,1-3,650,3,1-2-3,190,1,1-3,330,2
20260922,住之江,8,一般戦,晴,北東,7,3,3,2,4118,宇佐見 淳,79,80,7.03,2,0.17,1.53.0,1-3-2,1060,4,1-3,650,3,1-2-3,190,1,1-3,330,2
20260922,住之江,8,一般戦,晴,北東,7,3,4,4,4905,土 井 祥 伍,65,36,7.13,4,0.21,1.53.7,1-3-2,1060,4,1-3,650,3,1-2-3,190,1,1-3,330,2
20260922,住之江,8,一般戦,晴,北東,7,3,5,6,3713,伊 藤 誠 二,67,82,7.04,6,0.20,1.55.3,1-3-2,1060,4,1-3,650,3,1-2-3,190,1,1-3,330,2
20260922,住之江,8,一般戦,晴,北東,7,3,6,5,5130,上 野 拓 馬,16,69,7.06,5,0.17,1.59.3,1-3-2,1060,4,1-3,650,3,1-2-3,190,1,1-3,330,2
20260922,住之江,9,準優勝戦,晴,北,5,2,1,1,4472,尾 嶋 一 広,29,62,7.02,1,0.12,1.49.8,1-2-4,640,2,1-2,250,1,1-2-4,400,2,1-2,190,1
20260922,住之江,9,準優勝戦,晴,北,5,2,2,2,4073,大 橋 純一郎,68,71,7.04,2,0.14,1.51.1,1-2-4,640,2,1-2,250,1,1-2-4,400,2,1-2,190,1
20260922,住之江,9,準優勝戦,晴,北,5,2,3,4,3853,岩 崎 正 哉,76,32,6.95,4,0.13,1.52.8,1-2-4,640,2,1-2,250,1,1-2-4,400,2,1-2,190,1
20260922,住之江,9,準優勝戦,晴,北,5,2,4,5,4215,吉 島 祥 之,23,58,7.06,5,0.10,1.53.9,1-2-4,640,2,1-2,250,1,1-2-4,400,2,1-2,190,1
20260922,住之江,9,準優勝戦,晴,北,5,2,5,3,3988,古 川 誠 之,14,34,7.00,3,0.08,1.54.2,1-2-4,640,2,1-2,250,1,1-2-4,400,2,1-2,190,1
20260922,住之江,9,準優勝戦,晴,北,5,2,6,6,4495,森 晋太郎,59,75,6.96,6,0.12,1.56.2,1-2-4,640,2,1-2,250,1,1-2-4,400,2,1-2,190,1
20260922,住之江,10,準優勝戦,晴,北,2,1,1,1,4645,上 村 純 一,22,24,6.90,1,0.15,1.49.4,1-2-4,980,4,1-2,220,1,1-2-4,620,2,1-2,210,1
20260922,住之江,10,準優勝戦,晴,北,2,1,2,2,4497,桑 原 悠,81,61,6.93,2,0.11,1.50.8,1-2-4,980,4,1-2,220,1,1-2-4,620,2,1-2,210,1
20260922,住之江,10,準優勝戦,晴,北,2,1,3,4,4578,藤 山 雅 弘,85,66,6.94,4,0.09,1.51.5,1-2-4,980,4,1-2,220,1,1-2-4,620,2,1-2,210,1
20260922,住之江,10,準優勝戦,晴,北,2,1,4,3,5051,松 本 純 平,34,84,6.89,3,0.09,1.53.0,1-2-4,980,4,1-2,220,1,1-2-4,620,2,1-2,210,1
20260922,住之江,10,準優勝戦,晴,北,2,1,5,6,4389,伊 藤 喜 智,39,18,6.95,6,0.11,1.54.5,1-2-4,980,4,1-2,220,1,1-2-4,620,2,1-2,210,1
20260922,住之江,10,準優勝戦,晴,北,2,1,6,5,4394,永 嶋 裕 一,75,17,7.06,5,0.07,1.54.6,1-2-4,980,4,1-2,220,1,1-2-4,620,2,1-2,210,1
20260922,住之江,11,準優勝戦,晴,北東,5,2,1,1,4762,藤 原 啓史朗,35,73,6.85,1,0.08,1.49.7,1-3-2,460,2,1-3,200,1,1-2-3,190,1,1-3,220,2
20260922,住之江,11,準優勝戦,晴,北東,5,2,2,3,4601,森 野 正 弘,66,57,6.87,3,0.12,1.50.6,1-3-2,460,2,1-3,200,1,1-2-3,190,1,1-3,220,2
20260922,住之江,11,準優勝戦,晴,北東,5,2,3,2,3813,佐 藤 大 介,50,23,6.89,2,0.09,1.51.3,1-3-2,460,2,1-3,200,1,1-2-3,190,1,1-3,220,2
20260922,住之江,11,準優勝戦,晴,北東,5,2,4,5,4618,乃 村 康 友,54,29,6.90,5,0.13,1.53.1,1-3-2,460,2,1-3,200,1,1-2-3,190,1,1-3,220,2
20260922,住之江,11,準優勝戦,晴,北東,5,2,5,6,5106,山 崎 祥,62,79,6.92,6,0.16,1.54.1,1-3-2,460,2,1-3,200,1,1-2-3,190,1,1-3,220,2
20260922,住之江,11,準優勝戦,晴,北東,5,2,6,4,4603,谷 川 将 太,12,65,6.93,4,0.12,1.55.0,1-3-2,460,2,1-3,200,1,1-2-3,190,1,1-3,220,2
20260922,住之江,12,一般戦,晴,北,4,2,1,1,3713,伊 藤 誠 二,67,82,6.96,1,0.14,1.50.0,1-3-4,990,1,1-3,450,3,1-3-4,440,2,1-3,470,3
20260922,住之江,12,一般戦,晴,北,4,2,2,3,3893,汐 崎 正 則,63,25,7.00,3,0.14,1.51.4,1-3-4,990,1,1-3,450,3,1-3-4,440,2,1-3,470,3
20260922,住之江,12,一般戦,晴,北,4,2,3,4,4040,廣 瀬 将 亨,69,67,6.94,4,0.13,1.52.6,1-3-4,990,1,1-3,450,3,1-3-4,440,2,1-3,470,3
20260922,住之江,12,一般戦,晴,北,4,2,4,2,4552,杉 山 勝 匡,53,63,6.95,2,0.11,1.53.9,1-3-4,990,1,1-3,450,3,1-3-4,440,2,1-3,470,3
20260922,住之江,12,一般戦,晴,北,4,2,5,5,4303,牧 原 崇,64,90,6.97,5,0.18,1.54.9,1-3-4,990,1,1-3,450,3,1-3-4,440,2,1-3,470,3
20260922,住之江,12,一般戦,晴,北,4,2,6,6,3975,小野寺 智 洋,60,12,6.95,6,0.15,1.55.8,1-3-4,990,1,1-3,450,3,1-3-4,440,2,1-3,470,3
20260922,児島,1,朝得ガァ～コ,晴,北,6,5,1,5,4213,重 富 伸 也,11,13,6.87,5,0.09,1.52.7,5-4-3,1970,11,5-4,1070,6,3-4-5,230,2,4-5,450,3
20260922,児島,1,朝得ガァ～コ,晴,北,6,5,2,4,4129,宇 野 博 之,69,17,6.96,4,0.08,1.54.3,5-4-3,1970,11,5-4,1070,6,3-4-5,230,2,4-5,450,3
20260922,児島,1,朝得ガァ～コ,晴,北,6,5,3,3,3911,鈴 木 猛,40,32,6.94,3,0.03,1.55.6,5-4-3,1970,11,5-4,1070,6,3-4-5,230,2,4-5,450,3
20260922,児島,1,朝得ガァ～コ,晴,北,6,5,4,6,5458,田 中 大 輝,35,66,6.82,6,0.04,1.56.3,5-4-3,1970,11,5-4,1070,6,3-4-5,230,2,4-5,450,3
20260922,児島,1,朝得ガァ～コ,晴,北,6,5,F,1,4069,山 本 修 一,56,67,6.89,1,F0.01,,5-4-3,1970,11,5-4,1070,6,3-4-5,230,2,4-5,450,3
20260922,児島,1,朝得ガァ～コ,晴,北,6,5,F,2,5284,嘉手苅 徹 哉,28,23,6.88,2,F0.02,,5-4-3,1970,11,5-4,1070,6,3-4-5,230,2,4-5,450,3
20260922,児島,2,一般,晴,北東,2,3,1,2,5271,杉 山 太 陽,20,44,6.77,2,0.01,1.50.0,2-5-1,3010,11,2-5,1310,5,1-2-5,380,1,2-5,990,5
20260922,児島,2,一般,晴,北東,2,3,2,5,3982,福 田 理,55,38,6.80,5,0.05,1.51.2,2-5-1,3010,11,2-5,1310,5,1-2-5,380,1,2-5,990,5
20260922,児島,2,一般,晴,北東,2,3,3,1,4563,齋 藤 真 之,45,45,6.82,1,0.01,1.52.3,2-5-1,3010,11,2-5,1310,5,1-2-5,380,1,2-5,990,5
20260922,児島,2,一般,晴,北東,2,3,4,3,4145,小 澤 学,66,74,6.81,3,0.13,1.53.4,2-5-1,3010,11,2-5,1310,5,1-2-5,380,1,2-5,990,5
20260922,児島,2,一般,晴,北東,2,3,5,6,5419,櫻 井 隼,26,20,6.85,6,0.02,,2-5-1,3010,11,2-5,1310,5,1-2-5,380,1,2-5,990,5
20260922,児島,2,一般,晴,北東,2,3,6,4,5336,瀬 川 大 地,67,55,6.86,4,0.07,,2-5-1,3010,11,2-5,1310,5,1-2-5,380,1,2-5,990,5
20260922,児島,3,一般,晴,北東,3,3,1,2,4028,田 村 隆 信,48,71,6.91,2,0.15,1.50.7,2-1-6,1410,3,2-1,530,2,1-2-6,340,1,1-2,100,1
20260922,児島,3,一般,晴,北東,3,3,2,1,4077,品 田 直 樹,33,31,6.82,1,0.18,1.51.4,2-1-6,1410,3,2-1,530,2,1-2-6,340,1,1-2,100,1
20260922,児島,3,一般,晴,北東,3,3,3,6,4342,谷 野 錬 志,46,37,6.99,6,0.19,1.53.3,2-1-6,1410,3,2-1,530,2,1-2-6,340,1,1-2,100,1
20260922,児島,3,一般,晴,北東,3,3,4,3,3831,安 藤 裕 貴,36,46,6.96,3,0.21,1.53.9,2-1-6,1410,3,2-1,530,2,1-2-6,340,1,1-2,100,1
20260922,児島,3,一般,晴,北東,3,3,5,5,3642,大 塚 浩 二,30,73,6.77,5,0.18,,2-1-6,1410,3,2-1,530,2,1-2-6,340,1,1-2,100,1
20260922,児島,3,一般,晴,北東,3,3,6,4,5107,松 本 真 広,31,41,6.89,4,0.21,,2-1-6,1410,3,2-1,530,2,1-2-6,340,1,1-2,100,1
20260922,児島,4,コジマだ４っ,晴,北,2,3,1,3,3870,寺 嶋 雄,19,26,6.81,3,0.08,1.50.1,3-1-4,6090,22,3-1,1930,9,1-3-4,960,4,1-3,830,4
20260922,児島,4,コジマだ４っ,晴,北,2,3,2,1,4723,寺 島 吉 彦,58,16,6.71,1,0.12,1.50.9,3-1-4,6090,22,3-1,1930,9,1-3-4,960,4,1-3,830,4
20260922,児島,4,コジマだ４っ,晴,北,2,3,3,4,4122,安 東 幸 治,53,28,6.79,4,0.04,1.52.6,3-1-4,6090,22,3-1,1930,9,1-3-4,960,4,1-3,830,4
20260922,児島,4,コジマだ４っ,晴,北,2,3,4,6,3997,北 村 征 嗣,29,21,6.89,6,0.07,1.52.8,3-1-4,6090,22,3-1,1930,9,1-3-4,960,4,1-3,830,4
20260922,児島,4,コジマだ４っ,晴,北,2,3,5,5,3977,山 本 兼 士,50,24,6.89,5,0.15,,3-1-4,6090,22,3-1,1930,9,1-3-4,960,4,1-3,830,4
20260922,児島,4,コジマだ４っ,晴,北,2,3,6,2,4785,木 幡 純 也,52,52,6.85,2,0.25,,3-1-4,6090,22,3-1,1930,9,1-3-4,960,4,1-3,830,4
20260922,児島,5,日替艇食戦,晴,北東,2,3,1,4,3319,山 崎 義 明,38,51,6.97,4,0.09,1.49.6,4-2-1,6700,22,4-2,4070,14,1-2-4,320,1,2-4,1230,6
20260922,児島,5,日替艇食戦,晴,北東,2,3,2,2,4105,松 下 直 也,44,18,6.91,2,0.12,1.51.2,4-2-1,6700,22,4-2,4070,14,1-2-4,320,1,2-4,1230,6
20260922,児島,5,日替艇食戦,晴,北東,2,3,3,1,4179,広 次 修,24,48,6.77,1,0.11,1.53.0,4-2-1,6700,22,4-2,4070,14,1-2-4,320,1,2-4,1230,6
20260922,児島,5,日替艇食戦,晴,北東,2,3,4,6,4319,三 宅 潤,62,19,6.92,5,0.12,1.53.0,4-2-1,6700,22,4-2,4070,14,1-2-4,320,1,2-4,1230,6
20260922,児島,5,日替艇食戦,晴,北東,2,3,5,3,4439,近 藤 友 宝,57,29,6.98,3,0.13,,4-2-1,6700,22,4-2,4070,14,1-2-4,320,1,2-4,1230,6
20260922,児島,5,日替艇食戦,晴,北東,2,3,6,5,5458,田 中 大 輝,35,66,6.69,6,0.10,,4-2-1,6700,22,4-2,4070,14,1-2-4,320,1,2-4,1230,6
20260922,児島,6,一般,晴,南西,2,3,1,4,4145,小 澤 学,66,74,6.84,4,0.28,1.50.4,4-3-2,68920,94,4-3,13360,25,2-3-4,3780,10,3-4,7410,14
20260922,児島,6,一般,晴,南西,2,3,2,3,3773,津 留 浩一郎,15,63,6.89,3,0.24,1.51.6,4-3-2,68920,94,4-3,13360,25,2-3-4,3780,10,3-4,7410,14
20260922,児島,6,一般,晴,南西,2,3,3,2,4506,稗 田 聖 也,16,43,6.82,2,0.14,1.52.4,4-3-2,68920,94,4-3,13360,25,2-3-4,3780,10,3-4,7410,14
20260922,児島,6,一般,晴,南西,2,3,4,6,5467,野 村 羽 玖,63,61,6.88,6,0.25,1.53.0,4-3-2,68920,94,4-3,13360,25,2-3-4,3780,10,3-4,7410,14
20260922,児島,6,一般,晴,南西,2,3,5,5,3911,鈴 木 猛,40,32,7.07,5,0.19,,4-3-2,68920,94,4-3,13360,25,2-3-4,3780,10,3-4,7410,14
20260922,児島,6,一般,晴,南西,2,3,6,1,3872,岡 田 憲 行,49,12,6.94,1,0.21,,4-3-2,68920,94,4-3,13360,25,2-3-4,3780,10,3-4,7410,14
20260922,児島,7,一般,晴,北,1,3,1,1,4411,沢 田 昭 宏,34,72,6.88,1,0.14,1.50.7,1-2-4,730,1,1-2,400,1,1-2-4,350,1,1-2,240,1
20260922,児島,7,一般,晴,北,1,3,2,2,3730,塩 崎 優 司,14,39,6.82,2,0.13,1.51.7,1-2-4,730,1,1-2,400,1,1-2-4,350,1,1-2,240,1
20260922,児島,7,一般,晴,北,1,3,3,4,5271,杉 山 太 陽,20,44,6.80,4,0.17,1.52.7,1-2-4,730,1,1-2,400,1,1-2-4,350,1,1-2,240,1
20260922,児島,7,一般,晴,北,1,3,4,6,3458,東 健 介,54,65,6.82,6,0.23,1.53.9,1-2-4,730,1,1-2,400,1,1-2-4,350,1,1-2,240,1
20260922,児島,7,一般,晴,北,1,3,5,3,3642,大 塚 浩 二,30,73,6.84,3,0.17,,1-2-4,730,1,1-2,400,1,1-2-4,350,1,1-2,240,1
20260922,児島,7,一般,晴,北,1,3,6,5,5284,嘉手苅 徹 哉,28,23,6.90,5,0.22,,1-2-4,730,1,1-2,400,1,1-2-4,350,1,1-2,240,1
20260922,児島,8,一般,晴,北,5,3,1,2,4129,宇 野 博 之,69,17,6.90,2,0.19,1.50.7,2-1-5,13520,31,2-1,4230,10,1-2-5,710,3,1-2,460,2
20260922,児島,8,一般,晴,北,5,3,2,1,3826,村 田 修 次,59,42,6.84,1,0.15,1.51.4,2-1-5,13520,31,2-1,4230,10,1-2-5,710,3,1-2,460,2
20260922,児島,8,一般,晴,北,5,3,3,5,4785,木 幡 純 也,52,52,6.86,5,0.18,1.53.3,2-1-5,13520,31,2-1,4230,10,1-2-5,710,3,1-2,460,2
20260922,児島,8,一般,晴,北,5,3,4,6,4469,土 山 卓 也,32,27,6.91,6,0.18,1.53.8,2-1-5,13520,31,2-1,4230,10,1-2-5,710,3,1-2,460,2
20260922,児島,8,一般,晴,北,5,3,5,4,5419,櫻 井 隼,26,20,6.86,4,0.20,,2-1-5,13520,31,2-1,4230,10,1-2-5,710,3,1-2,460,2
20260922,児島,8,一般,晴,北,5,3,6,3,5107,松 本 真 広,31,41,6.87,3,0.23,,2-1-5,13520,31,2-1,4230,10,1-2-5,710,3,1-2,460,2
20260922,児島,9,これしか９じ,晴,北東,4,3,1,3,4904,松 本 一 毅,61,53,6.88,3,0.14,1.50.7,3-4-1,2880,11,3-4,1850,8,1-3-4,330,1,3-4,750,4
20260922,児島,9,これしか９じ,晴,北東,4,3,2,4,4319,三 宅 潤,62,19,6.91,4,0.17,1.51.2,3-4-1,2880,11,3-4,1850,8,1-3-4,330,1,3-4,750,4
20260922,児島,9,これしか９じ,晴,北東,4,3,3,1,4122,安 東 幸 治,53,28,6.90,1,0.16,1.53.3,3-4-1,2880,11,3-4,1850,8,1-3-4,330,1,3-4,750,4
20260922,児島,9,これしか９じ,晴,北東,4,3,4,6,4563,齋 藤 真 之,45,45,6.94,6,0.19,1.54.3,3-4-1,2880,11,3-4,1850,8,1-3-4,330,1,3-4,750,4
20260922,児島,9,これしか９じ,晴,北東,4,3,5,5,3831,安 藤 裕 貴,36,46,6.98,5,0.13,,3-4-1,2880,11,3-4,1850,8,1-3-4,330,1,3-4,750,4
20260922,児島,9,これしか９じ,晴,北東,4,3,6,2,4213,重 富 伸 也,11,13,6.86,2,0.19,,3-4-1,2880,11,3-4,1850,8,1-3-4,330,1,3-4,750,4
20260922,児島,10,選抜戦,晴,北,4,5,1,1,4342,谷 野 錬 志,46,37,7.05,1,0.15,1.50.8,1-2-3,2140,9,1-2,910,4,1-2-3,650,3,1-2,630,3
20260922,児島,10,選抜戦,晴,北,4,5,2,2,3977,山 本 兼 士,50,24,7.01,2,0.13,1.51.7,1-2-3,2140,9,1-2,910,4,1-2-3,650,3,1-2,630,3
20260922,児島,10,選抜戦,晴,北,4,5,3,3,3319,山 崎 義 明,38,51,7.02,3,0.18,1.52.8,1-2-3,2140,9,1-2,910,4,1-2-3,650,3,1-2,630,3
20260922,児島,10,選抜戦,晴,北,4,5,4,4,4506,稗 田 聖 也,16,43,6.87,4,0.16,1.53.6,1-2-3,2140,9,1-2,910,4,1-2-3,650,3,1-2,630,3
20260922,児島,10,選抜戦,晴,北,4,5,5,6,4723,寺 島 吉 彦,58,16,6.95,6,0.19,,1-2-3,2140,9,1-2,910,4,1-2-3,650,3,1-2,630,3
20260922,児島,10,選抜戦,晴,北,4,5,6,5,4105,松 下 直 也,44,18,7.00,5,0.20,,1-2-3,2140,9,1-2,910,4,1-2-3,650,3,1-2,630,3
20260922,児島,11,選抜戦,晴,北東,4,5,1,1,3997,北 村 征 嗣,29,21,6.96,1,0.20,1.51.0,1-2-5,2100,6,1-2,330,1,1-2-5,1040,5,1-2,250,1
20260922,児島,11,選抜戦,晴,北東,4,5,2,2,4179,広 次 修,24,48,6.91,2,0.19,1.52.2,1-2-5,2100,6,1-2,330,1,1-2-5,1040,5,1-2,250,1
20260922,児島,11,選抜戦,晴,北東,4,5,3,5,3730,塩 崎 優 司,14,39,6.87,4,0.18,1.53.1,1-2-5,2100,6,1-2,330,1,1-2-5,1040,5,1-2,250,1
20260922,児島,11,選抜戦,晴,北東,4,5,4,4,4069,山 本 修 一,56,67,7.00,6,0.32,1.53.8,1-2-5,2100,6,1-2,330,1,1-2-5,1040,5,1-2,250,1
20260922,児島,11,選抜戦,晴,北東,4,5,5,6,4028,田 村 隆 信,48,71,7.02,5,0.20,,1-2-5,2100,6,1-2,330,1,1-2-5,1040,5,1-2,250,1
20260922,児島,11,選抜戦,晴,北東,4,5,6,3,5467,野 村 羽 玖,63,61,6.98,3,0.23,,1-2-5,2100,6,1-2,330,1,1-2-5,1040,5,1-2,250,1
20260922,児島,12,優勝戦,晴,北,4,5,1,4,4019,笠 原 亮,39,57,6.98,4,0.12,1.50.3,4-6-2,14200,49,4-6,4260,13,2-4-6,2500,12,4-6,3230,10
20260922,児島,12,優勝戦,晴,北,4,5,2,6,4903,吉 田 凌太朗,25,25,6.91,6,0.07,1.51.2,4-6-2,14200,49,4-6,4260,13,2-4-6,2500,12,4-6,3230,10
20260922,児島,12,優勝戦,晴,北,4,5,3,2,3933,山 地 正 樹,13,60,6.90,2,0.08,1.52.4,4-6-2,14200,49,4-6,4260,13,2-4-6,2500,12,4-6,3230,10
20260922,児島,12,優勝戦,晴,北,4,5,4,3,4007,榮 田 将 彦,27,22,6.94,3,0.03,1.54.1,4-6-2,14200,49,4-6,4260,13,2-4-6,2500,12,4-6,3230,10
20260922,児島,12,優勝戦,晴,北,4,5,5,1,3743,林 美 憲,68,75,6.93,1,0.15,,4-6-2,14200,49,4-6,4260,13,2-4-6,2500,12,4-6,3230,10
20260922,児島,12,優勝戦,晴,北,4,5,6,5,5002,上 田 健 太,17,11,6.92,5,0.11,,4-6-2,14200,49,4-6,4260,13,2-4-6,2500,12,4-6,3230,10
20260922,宮島,1,ファーストＢ,晴,北東,5,5,1,1,4680,後 藤 美 翼,25,14,6.79,1,0.15,1.52.2,1-2-4,1080,5,1-2,380,2,1-2-4,380,3,1-2,240,1
20260922,宮島,1,ファーストＢ,晴,北東,5,5,2,2,3528,笠 野 友紀恵,29,21,6.87,2,0.18,1.53.4,1-2-4,1080,5,1-2,380,2,1-2-4,380,3,1-2,240,1
20260922,宮島,1,ファーストＢ,晴,北東,5,5,3,4,4784,向井田 真 紀,24,36,6.87,4,0.16,1.55.2,1-2-4,1080,5,1-2,380,2,1-2-4,380,3,1-2,240,1
20260922,宮島,1,ファーストＢ,晴,北東,5,5,4,5,3509,池 千 夏,20,71,6.88,5,0.16,1.55.9,1-2-4,1080,5,1-2,380,2,1-2-4,380,3,1-2,240,1
20260922,宮島,1,ファーストＢ,晴,北東,5,5,5,3,3551,藤 田 美 代,65,76,6.78,3,0.14,1.57.2,1-2-4,1080,5,1-2,380,2,1-2-4,380,3,1-2,240,1
20260922,宮島,1,ファーストＢ,晴,北東,5,5,6,6,5399,長 野 未 来,70,34,6.87,6,0.18,1.58.7,1-2-4,1080,5,1-2,380,2,1-2-4,380,3,1-2,240,1
20260922,宮島,2,一般戦,晴,北東,3,4,1,1,4844,村 上 奈 穂,59,17,6.90,1,0.04,1.51.5,1-3-6,1100,1,1-3,510,1,1-3-6,480,1,1-3,360,1
20260922,宮島,2,一般戦,晴,北東,3,4,2,3,4689,豊 田 結,38,77,6.86,3,0.08,1.53.2,1-3-6,1100,1,1-3,510,1,1-3-6,480,1,1-3,360,1
20260922,宮島,2,一般戦,晴,北東,3,4,3,6,4804,高 田 ひかる,13,37,6.84,6,0.22,1.54.5,1-3-6,1100,1,1-3,510,1,1-3-6,480,1,1-3,360,1
20260922,宮島,2,一般戦,晴,北東,3,4,4,5,5287,滝 沢 織 寧,71,53,6.90,5,0.10,1.55.7,1-3-6,1100,1,1-3,510,1,1-3-6,480,1,1-3,360,1
20260922,宮島,2,一般戦,晴,北東,3,4,5,2,4283,石 井 裕 美,55,57,6.89,2,0.08,1.55.8,1-3-6,1100,1,1-3,510,1,1-3-6,480,1,1-3,360,1
20260922,宮島,2,一般戦,晴,北東,3,4,6,4,3993,永 井 聖 美,51,62,6.89,4,0.10,1.56.5,1-3-6,1100,1,1-3,510,1,1-3-6,480,1,1-3,360,1
20260922,宮島,3,一般戦,晴,北東,4,5,1,1,5189,藤 原 早 菜,53,56,6.83,1,0.19,1.51.9,1-4-3,1340,4,1-4,330,1,1-3-4,610,3,1-4,260,1
20260922,宮島,3,一般戦,晴,北東,4,5,2,4,5165,小 林 愛 実,32,23,6.87,4,0.14,1.52.3,1-4-3,1340,4,1-4,330,1,1-3-4,610,3,1-4,260,1
20260922,宮島,3,一般戦,晴,北東,4,5,3,3,4244,鈴 木 成 美,19,27,6.92,3,0.15,1.55.1,1-4-3,1340,4,1-4,330,1,1-3-4,610,3,1-4,260,1
20260922,宮島,3,一般戦,晴,北東,4,5,4,2,4400,加 藤 奈 月,62,58,6.96,2,0.18,1.55.7,1-4-3,1340,4,1-4,330,1,1-3-4,610,3,1-4,260,1
20260922,宮島,3,一般戦,晴,北東,4,5,5,5,3334,角 ひとみ,54,65,6.86,5,0.22,1.57.1,1-4-3,1340,4,1-4,330,1,1-3-4,610,3,1-4,260,1
20260922,宮島,3,一般戦,晴,北東,4,5,6,6,5387,戸 田 海咲音,60,75,6.81,6,0.14,1.59.2,1-4-3,1340,4,1-4,330,1,1-3-4,610,3,1-4,260,1
20260922,宮島,4,一般戦,晴,北東,5,5,1,1,4791,黒 澤 めぐみ,34,81,6.85,1,0.21,1.50.7,1-4-3,2490,10,1-4,560,3,1-3-4,950,3,1-4,370,2
20260922,宮島,4,一般戦,晴,北東,5,5,2,4,4011,堀之内 紀代子,33,69,6.82,4,0.20,1.53.6,1-4-3,2490,10,1-4,560,3,1-3-4,950,3,1-4,370,2
20260922,宮島,4,一般戦,晴,北東,5,5,3,3,4275,菅 野 はやか,16,80,6.81,3,0.24,1.55.1,1-4-3,2490,10,1-4,560,3,1-3-4,950,3,1-4,370,2
20260922,宮島,4,一般戦,晴,北東,5,5,4,5,5361,植 竹 玲 奈,11,39,6.86,5,0.29,1.56.9,1-4-3,2490,10,1-4,560,3,1-3-4,950,3,1-4,370,2
20260922,宮島,4,一般戦,晴,北東,5,5,5,2,4482,守 屋 美 穂,37,61,6.86,2,0.31,1.58.1,1-4-3,2490,10,1-4,560,3,1-3-4,950,3,1-4,370,2
20260922,宮島,4,一般戦,晴,北東,5,5,6,6,5464,宮 田 栞,57,24,6.81,6,0.22,1.58.2,1-4-3,2490,10,1-4,560,3,1-3-4,950,3,1-4,370,2
20260922,宮島,5,ランチタイム,晴,北東,6,6,1,4,5320,岩 崎 麗 子,52,12,6.82,4,0.24,1.52.0,4-1-6,3170,14,4-1,1890,8,1-4-6,380,1,1-4,430,3
20260922,宮島,5,ランチタイム,晴,北東,6,6,2,1,4289,落 合 直 子,66,78,6.92,1,0.23,1.54.0,4-1-6,3170,14,4-1,1890,8,1-4-6,380,1,1-4,430,3
20260922,宮島,5,ランチタイム,晴,北東,6,6,3,6,4387,平 山 智 加,67,18,6.88,6,0.31,1.54.7,4-1-6,3170,14,4-1,1890,8,1-4-6,380,1,1-4,430,3
20260922,宮島,5,ランチタイム,晴,北東,6,6,4,3,4940,白 石 有 美,56,70,6.96,3,0.20,1.55.7,4-1-6,3170,14,4-1,1890,8,1-4-6,380,1,1-4,430,3
20260922,宮島,5,ランチタイム,晴,北東,6,6,5,5,4678,水 野 望 美,36,64,6.93,5,0.26,1.57.3,4-1-6,3170,14,4-1,1890,8,1-4-6,380,1,1-4,430,3
20260922,宮島,5,ランチタイム,晴,北東,6,6,6,2,3355,橋谷田 佳 織,72,38,6.96,2,0.28,2.02.5,4-1-6,3170,14,4-1,1890,8,1-4-6,380,1,1-4,430,3
20260922,宮島,6,一般戦,晴,北東,4,4,1,3,5117,冨名腰 桃 奈,58,51,7.04,3,0.15,1.51.6,3-1-6,8330,19,3-1,2090,6,1-3-6,590,3,1-3,340,2
20260922,宮島,6,一般戦,晴,北東,4,4,2,1,4450,平 高 奈 菜,61,63,6.97,1,0.19,1.53.0,3-1-6,8330,19,3-1,2090,6,1-3-6,590,3,1-3,340,2
20260922,宮島,6,一般戦,晴,北東,4,4,3,6,3618,海 野 ゆかり,30,35,7.03,6,0.20,1.55.2,3-1-6,8330,19,3-1,2090,6,1-3-6,590,3,1-3,340,2
20260922,宮島,6,一般戦,晴,北東,4,4,4,2,5069,山 崎 小葉音,78,73,6.93,2,0.19,1.56.8,3-1-6,8330,19,3-1,2090,6,1-3-6,590,3,1-3,340,2
20260922,宮島,6,一般戦,晴,北東,4,4,5,4,3528,笠 野 友紀恵,29,21,6.90,4,0.17,1.57.0,3-1-6,8330,19,3-1,2090,6,1-3-6,590,3,1-3,340,2
20260922,宮島,6,一般戦,晴,北東,4,4,6,5,4997,濱 崎 寿里矢,27,32,6.98,5,0.17,2.00.4,3-1-6,8330,19,3-1,2090,6,1-3-6,590,3,1-3,340,2
20260922,宮島,7,一般戦,晴,北東,5,5,1,1,4372,原 田 佑 実,15,26,6.92,1,0.02,1.51.2,1-2-4,2770,9,1-2,450,3,1-2-4,1180,4,1-2,400,2
20260922,宮島,7,一般戦,晴,北東,5,5,2,2,3551,藤 田 美 代,65,76,6.87,2,0.02,1.52.8,1-2-4,2770,9,1-2,450,3,1-2-4,1180,4,1-2,400,2
20260922,宮島,7,一般戦,晴,北東,5,5,3,4,5334,樫 葉 新 心,82,72,6.95,4,0.18,1.54.9,1-2-4,2770,9,1-2,450,3,1-2-4,1180,4,1-2,400,2
20260922,宮島,7,一般戦,晴,北東,5,5,4,3,5326,三 嶌 さらら,63,19,6.83,3,0.05,1.56.2,1-2-4,2770,9,1-2,450,3,1-2-4,1180,4,1-2,400,2
20260922,宮島,7,一般戦,晴,北東,5,5,5,6,5442,池 田 美 優,21,13,6.89,6,0.26,1.56.5,1-2-4,2770,9,1-2,450,3,1-2-4,1180,4,1-2,400,2
20260922,宮島,7,一般戦,晴,北東,5,5,6,5,4400,加 藤 奈 月,62,58,7.05,5,0.21,1.58.1,1-2-4,2770,9,1-2,450,3,1-2-4,1180,4,1-2,400,2
20260922,宮島,8,一般戦,晴,北東,6,6,1,1,4536,喜 井 つかさ,23,16,6.89,1,0.14,1.53.1,1-5-3,1770,10,1-5,670,4,1-3-5,520,4,1-5,840,4
20260922,宮島,8,一般戦,晴,北東,6,6,2,5,4784,向井田 真 紀,24,36,6.89,5,0.18,1.54.4,1-5-3,1770,10,1-5,670,4,1-3-5,520,4,1-5,840,4
20260922,宮島,8,一般戦,晴,北東,6,6,3,3,4878,西 岡 育 未,17,25,6.87,3,0.09,1.56.1,1-5-3,1770,10,1-5,670,4,1-3-5,520,4,1-5,840,4
20260922,宮島,8,一般戦,晴,北東,6,6,4,4,4283,石 井 裕 美,55,57,6.88,4,0.09,1.56.2,1-5-3,1770,10,1-5,670,4,1-3-5,520,4,1-5,840,4
20260922,宮島,8,一般戦,晴,北東,6,6,5,2,4244,鈴 木 成 美,19,27,6.92,2,0.14,1.58.1,1-5-3,1770,10,1-5,670,4,1-3-5,520,4,1-5,840,4
20260922,宮島,8,一般戦,晴,北東,6,6,6,6,5380,野 田 亜 湖,79,30,6.80,6,0.19,2.00.4,1-5-3,1770,10,1-5,670,4,1-3-5,520,4,1-5,840,4
20260922,宮島,9,一般戦,晴,北東,5,5,1,3,3993,永 井 聖 美,51,62,6.88,3,0.16,1.52.2,3-4-2,2500,9,3-4,580,3,2-3-4,750,3,3-4,410,2
20260922,宮島,9,一般戦,晴,北東,5,5,2,4,3845,中 谷 朋 子,18,29,6.91,4,0.22,1.54.4,3-4-2,2500,9,3-4,580,3,2-3-4,750,3,3-4,410,2
20260922,宮島,9,一般戦,晴,北東,5,5,3,2,3509,池 千 夏,20,71,6.88,2,0.15,1.56.0,3-4-2,2500,9,3-4,580,3,2-3-4,750,3,3-4,410,2
20260922,宮島,9,一般戦,晴,北東,5,5,4,6,5360,高 木 茉 白,80,22,6.84,6,0.40,1.57.3,3-4-2,2500,9,3-4,580,3,2-3-4,750,3,3-4,410,2
20260922,宮島,9,一般戦,晴,北東,5,5,5,5,3355,橋谷田 佳 織,72,38,6.94,5,0.27,1.58.6,3-4-2,2500,9,3-4,580,3,2-3-4,750,3,3-4,410,2
20260922,宮島,9,一般戦,晴,北東,5,5,6,1,4275,菅 野 はやか,16,80,6.82,1,0.21,1.58.7,3-4-2,2500,9,3-4,580,3,2-3-4,750,3,3-4,410,2
20260922,宮島,10,準優勝戦,晴,北東,5,5,1,1,4387,平 山 智 加,67,18,6.92,1,0.05,1.59.4,1-2-4,940,3,1-2,260,1,1-2-4,490,2,1-2,250,1
20260922,宮島,10,準優勝戦,晴,北東,5,5,2,2,3334,角 ひとみ,54,65,6.90,2,0.06,2.01.7,1-2-4,940,3,1-2,260,1,1-2-4,490,2,1-2,250,1
20260922,宮島,10,準優勝戦,晴,北東,5,5,3,4,4689,豊 田 結,38,77,6.95,4,0.05,2.06.3,1-2-4,940,3,1-2,260,1,1-2-4,490,2,1-2,250,1
20260922,宮島,10,準優勝戦,晴,北東,5,5,4,6,4680,後 藤 美 翼,25,14,6.85,6,0.17,2.08.6,1-2-4,940,3,1-2,260,1,1-2-4,490,2,1-2,250,1
20260922,宮島,10,準優勝戦,晴,北東,5,5,5,5,5069,山 崎 小葉音,78,73,6.92,5,0.09,2.13.4,1-2-4,940,3,1-2,260,1,1-2-4,490,2,1-2,250,1
20260922,宮島,10,準優勝戦,晴,北東,5,5,S0,3,5189,藤 原 早 菜,53,56,6.88,3,0.05,,1-2-4,940,3,1-2,260,1,1-2-4,490,2,1-2,250,1
20260922,宮島,11,準優勝戦,晴,北東,5,5,1,1,4804,高 田 ひかる,13,37,6.96,1,0.20,1.50.7,1-5-2,2370,7,1-5,1120,5,1-2-5,590,3,1-5,780,3
20260922,宮島,11,準優勝戦,晴,北東,5,5,2,5,4791,黒 澤 めぐみ,34,81,6.91,5,0.22,1.51.3,1-5-2,2370,7,1-5,1120,5,1-2-5,590,3,1-5,780,3
20260922,宮島,11,準優勝戦,晴,北東,5,5,3,2,4450,平 高 奈 菜,61,63,7.02,2,0.26,1.53.6,1-5-2,2370,7,1-5,1120,5,1-2-5,590,3,1-5,780,3
20260922,宮島,11,準優勝戦,晴,北東,5,5,4,6,4289,落 合 直 子,66,78,6.97,6,0.19,1.55.3,1-5-2,2370,7,1-5,1120,5,1-2-5,590,3,1-5,780,3
20260922,宮島,11,準優勝戦,晴,北東,5,5,5,4,5326,三 嶌 さらら,63,19,6.88,4,0.21,1.56.0,1-5-2,2370,7,1-5,1120,5,1-2-5,590,3,1-5,780,3
20260922,宮島,11,準優勝戦,晴,北東,5,5,6,3,5165,小 林 愛 実,32,23,6.95,3,0.17,1.56.4,1-5-2,2370,7,1-5,1120,5,1-2-5,590,3,1-5,780,3
20260922,宮島,12,準優勝戦,晴,北,5,5,1,1,3618,海 野 ゆかり,30,35,6.99,1,0.21,1.51.1,1-5-2,2710,10,1-5,870,4,1-2-5,870,4,1-5,950,4
20260922,宮島,12,準優勝戦,晴,北,5,5,2,5,4482,守 屋 美 穂,37,61,6.97,5,0.26,1.52.9,1-5-2,2710,10,1-5,870,4,1-2-5,870,4,1-5,950,4
20260922,宮島,12,準優勝戦,晴,北,5,5,3,2,4536,喜 井 つかさ,23,16,6.96,2,0.22,1.53.7,1-5-2,2710,10,1-5,870,4,1-2-5,870,4,1-5,950,4
20260922,宮島,12,準優勝戦,晴,北,5,5,4,3,4011,堀之内 紀代子,33,69,6.91,3,0.25,1.53.8,1-5-2,2710,10,1-5,870,4,1-2-5,870,4,1-5,950,4
20260922,宮島,12,準優勝戦,晴,北,5,5,5,4,4372,原 田 佑 実,15,26,6.89,4,0.22,1.55.0,1-5-2,2710,10,1-5,870,4,1-2-5,870,4,1-5,950,4
20260922,宮島,12,準優勝戦,晴,北,5,5,6,6,4844,村 上 奈 穂,59,17,6.93,6,0.29,1.57.3,1-5-2,2710,10,1-5,870,4,1-2-5,870,4,1-5,950,4
20260922,常滑,1,朝トコ小判Ｒ,晴,南西,5,3,1,1,4209,藤 田 竜 弘,34,78,6.65,1,0.15,1.51.2,1-2-4,1090,3,1-2,350,2,1-2-4,640,2,1-2,210,1
20260922,常滑,1,朝トコ小判Ｒ,晴,南西,5,3,2,2,4669,井 上 茂,50,31,6.57,2,0.17,1.51.6,1-2-4,1090,3,1-2,350,2,1-2-4,640,2,1-2,210,1
20260922,常滑,1,朝トコ小判Ｒ,晴,南西,5,3,3,4,5053,山 口 広 樹,19,75,6.60,4,0.25,1.53.4,1-2-4,1090,3,1-2,350,2,1-2-4,640,2,1-2,210,1
20260922,常滑,1,朝トコ小判Ｒ,晴,南西,5,3,4,3,4425,大 井 清 貴,35,22,6.61,3,0.18,1.55.0,1-2-4,1090,3,1-2,350,2,1-2-4,640,2,1-2,210,1
20260922,常滑,1,朝トコ小判Ｒ,晴,南西,5,3,5,5,4511,中 岡 健 人,32,21,6.66,5,0.28,,1-2-4,1090,3,1-2,350,2,1-2-4,640,2,1-2,210,1
20260922,常滑,1,朝トコ小判Ｒ,晴,南西,5,3,6,6,5455,澁 澤 周 羽,26,58,6.58,6,0.22,,1-2-4,1090,3,1-2,350,2,1-2-4,640,2,1-2,210,1
20260922,常滑,2,予選,晴,南西,4,2,1,2,3968,茶 谷 信 次,1,52,6.63,2,0.14,1.49.6,2-4-6,26790,67,2-4,2590,9,2-4-6,10800,17,2-4,5700,12
20260922,常滑,2,予選,晴,南西,4,2,2,4,5396,近 藤 来 希,29,74,6.62,4,0.30,1.51.9,2-4-6,26790,67,2-4,2590,9,2-4-6,10800,17,2-4,5700,12
20260922,常滑,2,予選,晴,南西,4,2,3,6,4407,鹿 島 敏 弘,56,32,6.58,6,0.26,1.53.7,2-4-6,26790,67,2-4,2590,9,2-4-6,10800,17,2-4,5700,12
20260922,常滑,2,予選,晴,南西,4,2,4,5,4588,田 中 京 介,52,47,6.63,5,0.26,1.55.2,2-4-6,26790,67,2-4,2590,9,2-4-6,10800,17,2-4,5700,12
20260922,常滑,2,予選,晴,南西,4,2,5,1,3867,松 浦 勝,12,26,6.65,1,0.25,,2-4-6,26790,67,2-4,2590,9,2-4-6,10800,17,2-4,5700,12
20260922,常滑,2,予選,晴,南西,4,2,6,3,5138,村 本 大 成,28,46,6.61,3,0.23,,2-4-6,26790,67,2-4,2590,9,2-4-6,10800,17,2-4,5700,12
20260922,常滑,3,予選,晴,南西,4,2,1,5,4532,秋 元 哲,10,59,6.58,5,0.10,1.49.5,5-2-1,4880,23,5-2,1610,10,1-2-5,1050,4,2-5,920,3
20260922,常滑,3,予選,晴,南西,4,2,2,2,3635,石 田 政 吾,53,53,6.61,2,0.03,1.51.4,5-2-1,4880,23,5-2,1610,10,1-2-5,1050,4,2-5,920,3
20260922,常滑,3,予選,晴,南西,4,2,3,1,3945,橋 口 真 樹,17,73,6.62,1,0.10,1.52.8,5-2-1,4880,23,5-2,1610,10,1-2-5,1050,4,2-5,920,3
20260922,常滑,3,予選,晴,南西,4,2,4,3,4146,柳 橋 宏 紀,3,12,6.64,3,0.05,1.54.2,5-2-1,4880,23,5-2,1610,10,1-2-5,1050,4,2-5,920,3
20260922,常滑,3,予選,晴,南西,4,2,5,6,5152,丸 山 祐 也,55,25,6.61,6,0.26,,5-2-1,4880,23,5-2,1610,10,1-2-5,1050,4,2-5,920,3
20260922,常滑,3,予選,晴,南西,4,2,6,4,4438,森 作 雄 大,9,64,6.61,4,0.06,,5-2-1,4880,23,5-2,1610,10,1-2-5,1050,4,2-5,920,3
20260922,常滑,4,予選,晴,南西,4,2,1,6,4437,中 田 元 泰,7,69,6.58,6,0.17,1.49.9,6-5-1,26700,78,6-5,4630,18,1-5-6,2520,11,5-6,2380,10
20260922,常滑,4,予選,晴,南西,4,2,2,5,3905,天 野 友 和,46,42,6.66,5,0.20,1.51.5,6-5-1,26700,78,6-5,4630,18,1-5-6,2520,11,5-6,2380,10
20260922,常滑,4,予選,晴,南西,4,2,3,1,4557,松 尾 光 広,47,65,6.67,1,0.32,1.54.4,6-5-1,26700,78,6-5,4630,18,1-5-6,2520,11,5-6,2380,10
20260922,常滑,4,予選,晴,南西,4,2,4,2,5070,中 島 航,60,60,6.59,2,0.29,1.55.0,6-5-1,26700,78,6-5,4630,18,1-5-6,2520,11,5-6,2380,10
20260922,常滑,4,予選,晴,南西,4,2,5,4,4252,松 下 哲 也,41,49,6.68,4,0.32,,6-5-1,26700,78,6-5,4630,18,1-5-6,2520,11,5-6,2380,10
20260922,常滑,4,予選,晴,南西,4,2,6,3,4950,高 岡 竜 也,39,13,6.58,3,0.31,,6-5-1,26700,78,6-5,4630,18,1-5-6,2520,11,5-6,2380,10
20260922,常滑,5,三Ａ傑戦,晴,南西,4,2,1,6,4886,入 海 馨,21,30,6.60,6,0.17,1.50.5,6-4-2,45600,70,6-4,8510,11,2-4-6,7900,16,4-6,2300,8
20260922,常滑,5,三Ａ傑戦,晴,南西,4,2,2,4,3788,一 宮 稔 弘,58,51,6.64,4,0.12,1.52.6,6-4-2,45600,70,6-4,8510,11,2-4-6,7900,16,4-6,2300,8
20260922,常滑,5,三Ａ傑戦,晴,南西,4,2,3,2,4390,松 本 弓 雄,30,37,6.62,2,0.20,1.53.7,6-4-2,45600,70,6-4,8510,11,2-4-6,7900,16,4-6,2300,8
20260922,常滑,5,三Ａ傑戦,晴,南西,4,2,4,5,4425,大 井 清 貴,35,22,6.67,5,0.15,1.55.1,6-4-2,45600,70,6-4,8510,11,2-4-6,7900,16,4-6,2300,8
20260922,常滑,5,三Ａ傑戦,晴,南西,4,2,5,1,4794,和 田 拓 也,59,43,6.56,1,0.27,,6-4-2,45600,70,6-4,8510,11,2-4-6,7900,16,4-6,2300,8
20260922,常滑,5,三Ａ傑戦,晴,南西,4,2,6,3,3251,平 石 和 男,24,48,6.62,3,0.19,,6-4-2,45600,70,6-4,8510,11,2-4-6,7900,16,4-6,2300,8
20260922,常滑,6,昼トコ小判Ｒ,晴,南西,4,2,1,1,4786,佐 藤 博 亮,36,29,6.58,1,0.18,1.49.9,1-4-3,2990,11,1-4,840,3,1-3-4,420,2,1-4,860,4
20260922,常滑,6,昼トコ小判Ｒ,晴,南西,4,2,2,4,4896,花 本 剛,57,17,6.58,4,0.22,1.52.1,1-4-3,2990,11,1-4,840,3,1-3-4,420,2,1-4,860,4
20260922,常滑,6,昼トコ小判Ｒ,晴,南西,4,2,3,3,4033,伊 藤 将 吉,38,67,6.61,3,0.23,1.53.5,1-4-3,2990,11,1-4,840,3,1-3-4,420,2,1-4,860,4
20260922,常滑,6,昼トコ小判Ｒ,晴,南西,4,2,4,5,3833,中 辻 博 訓,31,76,6.63,5,0.19,1.54.5,1-4-3,2990,11,1-4,840,3,1-3-4,420,2,1-4,860,4
20260922,常滑,6,昼トコ小判Ｒ,晴,南西,4,2,5,6,4731,間 野 兼 礼,14,36,6.55,6,0.19,,1-4-3,2990,11,1-4,840,3,1-3-4,420,2,1-4,860,4
20260922,常滑,6,昼トコ小判Ｒ,晴,南西,4,2,6,2,5053,山 口 広 樹,19,75,6.59,2,0.22,,1-4-3,2990,11,1-4,840,3,1-3-4,420,2,1-4,860,4
20260922,常滑,7,予選,晴,南西,4,2,1,1,4438,森 作 雄 大,9,64,6.59,1,0.14,1.50.9,1-6-2,890,2,1-6,440,1,1-2-6,180,1,1-6,260,1
20260922,常滑,7,予選,晴,南西,4,2,2,6,4199,北 川 潤 二,5,71,6.61,2,0.15,1.52.2,1-6-2,890,2,1-6,440,1,1-2-6,180,1,1-6,260,1
20260922,常滑,7,予選,晴,南西,4,2,3,2,5111,三 村 岳 人,54,34,6.59,3,0.22,1.53.5,1-6-2,890,2,1-6,440,1,1-2-6,180,1,1-6,260,1
20260922,常滑,7,予選,晴,南西,4,2,4,5,3867,松 浦 勝,12,26,6.61,5,0.17,1.55.2,1-6-2,890,2,1-6,440,1,1-2-6,180,1,1-6,260,1
20260922,常滑,7,予選,晴,南西,4,2,5,4,5455,澁 澤 周 羽,26,58,6.62,6,0.16,,1-6-2,890,2,1-6,440,1,1-2-6,180,1,1-6,260,1
20260922,常滑,7,予選,晴,南西,4,2,6,3,5268,山 本 幸 也,20,72,6.67,4,0.17,,1-6-2,890,2,1-6,440,1,1-2-6,180,1,1-6,260,1
20260922,常滑,8,予選,晴,南西,5,3,1,3,4437,中 田 元 泰,7,69,6.55,3,0.12,1.50.0,3-1-2,2070,6,3-1,410,2,1-2-3,570,3,1-3,140,1
20260922,常滑,8,予選,晴,南西,5,3,2,1,4650,中 山 雄 太,40,56,6.59,1,0.13,1.51.9,3-1-2,2070,6,3-1,410,2,1-2-3,570,3,1-3,140,1
20260922,常滑,8,予選,晴,南西,5,3,3,2,5152,丸 山 祐 也,55,25,6.61,2,0.19,1.54.0,3-1-2,2070,6,3-1,410,2,1-2-3,570,3,1-3,140,1
20260922,常滑,8,予選,晴,南西,5,3,4,6,4058,野 末 智 一,13,33,6.63,6,0.21,1.55.5,3-1-2,2070,6,3-1,410,2,1-2-3,570,3,1-3,140,1
20260922,常滑,8,予選,晴,南西,5,3,5,5,5138,村 本 大 成,28,46,6.63,5,0.23,,3-1-2,2070,6,3-1,410,2,1-2-3,570,3,1-3,140,1
20260922,常滑,8,予選,晴,南西,5,3,6,4,3850,小 川 知 行,42,18,6.58,4,0.12,,3-1-2,2070,6,3-1,410,2,1-2-3,570,3,1-3,140,1
20260922,常滑,9,予選特賞,晴,南西,4,2,1,1,4562,阪 本 勇 介,25,45,6.58,1,0.28,1.52.2,1-3-6,5640,24,1-3,950,5,1-3-6,1230,5,1-3,550,3
20260922,常滑,9,予選特賞,晴,南西,4,2,2,3,4055,吉 田 俊 彦,51,62,6.67,3,0.17,1.52.9,1-3-6,5640,24,1-3,950,5,1-3-6,1230,5,1-3,550,3
20260922,常滑,9,予選特賞,晴,南西,4,2,3,6,4390,松 本 弓 雄,30,37,6.67,4,0.18,1.53.4,1-3-6,5640,24,1-3,950,5,1-3-6,1230,5,1-3,550,3
20260922,常滑,9,予選特賞,晴,南西,4,2,4,2,5252,荒 木 颯 斗,8,15,6.61,2,0.20,1.54.6,1-3-6,5640,24,1-3,950,5,1-3-6,1230,5,1-3,550,3
20260922,常滑,9,予選特賞,晴,南西,4,2,5,4,4557,松 尾 光 広,47,65,6.66,5,0.21,,1-3-6,5640,24,1-3,950,5,1-3-6,1230,5,1-3,550,3
20260922,常滑,9,予選特賞,晴,南西,4,2,6,5,4146,柳 橋 宏 紀,3,12,6.64,6,0.17,,1-3-6,5640,24,1-3,950,5,1-3-6,1230,5,1-3,550,3
20260922,常滑,10,予選特賞,晴,南西,4,2,1,3,3635,石 田 政 吾,53,53,6.66,3,0.11,1.51.2,3-1-6,14860,29,3-1,5520,10,1-3-6,1080,5,1-3,440,3
20260922,常滑,10,予選特賞,晴,南西,4,2,2,1,3833,中 辻 博 訓,31,76,6.59,1,0.20,1.52.0,3-1-6,14860,29,3-1,5520,10,1-3-6,1080,5,1-3,440,3
20260922,常滑,10,予選特賞,晴,南西,4,2,3,6,3968,茶 谷 信 次,1,52,6.60,6,0.24,1.53.4,3-1-6,14860,29,3-1,5520,10,1-3-6,1080,5,1-3,440,3
20260922,常滑,10,予選特賞,晴,南西,4,2,4,4,4209,藤 田 竜 弘,34,78,6.64,4,0.19,1.54.2,3-1-6,14860,29,3-1,5520,10,1-3-6,1080,5,1-3,440,3
20260922,常滑,10,予選特賞,晴,南西,4,2,5,5,5337,出 畑 孝 成,16,27,6.65,5,0.17,,3-1-6,14860,29,3-1,5520,10,1-3-6,1080,5,1-3,440,3
20260922,常滑,10,予選特賞,晴,南西,4,2,6,2,3788,一 宮 稔 弘,58,51,6.62,2,0.15,,3-1-6,14860,29,3-1,5520,10,1-3-6,1080,5,1-3,440,3
20260922,常滑,11,予選特選,晴,南西,5,3,1,2,4886,入 海 馨,21,30,6.62,2,0.07,1.50.5,2-1-5,920,3,2-1,360,2,1-2-5,240,1,1-2,120,1
20260922,常滑,11,予選特選,晴,南西,5,3,2,1,3905,天 野 友 和,46,42,6.62,1,0.06,1.51.9,2-1-5,920,3,2-1,360,2,1-2-5,240,1,1-2,120,1
20260922,常滑,11,予選特選,晴,南西,5,3,3,5,5111,三 村 岳 人,54,34,6.59,5,0.11,1.53.4,2-1-5,920,3,2-1,360,2,1-2-5,240,1,1-2,120,1
20260922,常滑,11,予選特選,晴,南西,5,3,4,4,5240,高 橋 龍 治,4,41,6.64,4,0.19,1.55.2,2-1-5,920,3,2-1,360,2,1-2-5,240,1,1-2,120,1
20260922,常滑,11,予選特選,晴,南西,5,3,5,3,4407,鹿 島 敏 弘,56,32,6.62,3,0.12,,2-1-5,920,3,2-1,360,2,1-2-5,240,1,1-2,120,1
20260922,常滑,11,予選特選,晴,南西,5,3,6,6,4669,井 上 茂,50,31,6.64,6,0.15,,2-1-5,920,3,2-1,360,2,1-2-5,240,1,1-2,120,1
20260922,常滑,12,予選ドリーム,晴,南西,4,2,1,1,4532,秋 元 哲,10,59,6.63,1,0.11,1.50.8,1-4-5,1300,3,1-4,360,2,1-4-5,530,2,1-4,390,2
20260922,常滑,12,予選ドリーム,晴,南西,4,2,2,4,4786,佐 藤 博 亮,36,29,6.58,4,0.17,1.51.3,1-4-5,1300,3,1-4,360,2,1-4-5,530,2,1-4,390,2
20260922,常滑,12,予選ドリーム,晴,南西,4,2,3,5,4794,和 田 拓 也,59,43,6.62,5,0.17,1.52.9,1-4-5,1300,3,1-4,360,2,1-4-5,530,2,1-4,390,2
20260922,常滑,12,予選ドリーム,晴,南西,4,2,4,3,4058,野 末 智 一,13,33,6.65,3,0.17,1.53.5,1-4-5,1300,3,1-4,360,2,1-4-5,530,2,1-4,390,2
20260922,常滑,12,予選ドリーム,晴,南西,4,2,5,2,4199,北 川 潤 二,5,71,6.66,2,0.15,,1-4-5,1300,3,1-4,360,2,1-4-5,530,2,1-4,390,2
20260922,常滑,12,予選ドリーム,晴,南西,4,2,6,6,4950,高 岡 竜 也,39,13,6.61,6,0.23,,1-4-5,1300,3,1-4,360,2,1-4-5,530,2,1-4,390,2
20260922,徳山,1,朝トク予選,晴,北,3,3,1,1,4883,岡 部 大 輝,19,11,6.87,1,0.06,1.50.4,1-3-2,610,2,1-3,200,1,1-2-3,320,2,1-3,190,1
20260922,徳山,1,朝トク予選,晴,北,3,3,2,3,4158,木 場 雄二郎,30,45,6.88,3,0.11,1.52.0,1-3-2,610,2,1-3,200,1,1-2-3,320,2,1-3,190,1
20260922,徳山,1,朝トク予選,晴,北,3,3,3,2,3804,中 渡 修 作,11,71,6.84,2,0.10,1.53.5,1-3-2,610,2,1-3,200,1,1-2-3,320,2,1-3,190,1
20260922,徳山,1,朝トク予選,晴,北,3,3,4,4,3519,冨 田 秀 幸,12,60,6.91,4,0.13,1.55.3,1-3-2,610,2,1-3,200,1,1-2-3,320,2,1-3,190,1
20260922,徳山,1,朝トク予選,晴,北,3,3,5,6,5460,早 川 理 稀,41,39,6.92,6,0.25,,1-3-2,610,2,1-3,200,1,1-2-3,320,2,1-3,190,1
20260922,徳山,1,朝トク予選,晴,北,3,3,6,5,4090,中 村 尊,51,73,6.90,5,0.12,,1-3-2,610,2,1-3,200,1,1-2-3,320,2,1-3,190,1
20260922,徳山,2,狙いトク特選,晴,北東,1,1,1,1,4816,村 松 修 二,57,15,6.87,1,0.03,1.50.2,1-6-4,1620,5,1-6,440,2,1-4-6,930,4,1-6,400,2
20260922,徳山,2,狙いトク特選,晴,北東,1,1,2,6,4757,山 田 祐 也,29,70,6.91,5,0.08,1.51.8,1-6-4,1620,5,1-6,440,2,1-4-6,930,4,1-6,400,2
20260922,徳山,2,狙いトク特選,晴,北東,1,1,3,4,4173,岡 谷 健 吾,25,20,6.88,4,0.13,1.53.6,1-6-4,1620,5,1-6,440,2,1-4-6,930,4,1-6,400,2
20260922,徳山,2,狙いトク特選,晴,北東,1,1,4,3,4624,高 田 明,18,25,6.87,3,0.10,1.54.4,1-6-4,1620,5,1-6,440,2,1-4-6,930,4,1-6,400,2
20260922,徳山,2,狙いトク特選,晴,北東,1,1,5,5,3577,向 所 浩 二,28,75,6.90,6,0.09,,1-6-4,1620,5,1-6,440,2,1-4-6,930,4,1-6,400,2
20260922,徳山,2,狙いトク特選,晴,北東,1,1,6,2,5286,坂 井 滉 哉,49,21,6.86,2,0.09,,1-6-4,1620,5,1-6,440,2,1-4-6,930,4,1-6,400,2
20260922,徳山,3,決めトク特賞,晴,北東,1,1,1,1,4732,堀 本 和 也,47,34,6.88,1,0.15,1.51.9,1-4-6,2500,9,1-4,260,1,1-4-6,1140,5,1-4,170,1
20260922,徳山,3,決めトク特賞,晴,北東,1,1,2,4,4136,江 夏 満,43,14,6.87,4,0.18,1.52.6,1-4-6,2500,9,1-4,260,1,1-4-6,1140,5,1-4,170,1
20260922,徳山,3,決めトク特賞,晴,北東,1,1,3,6,3401,上 田 隆 章,24,12,6.88,6,0.20,1.54.6,1-4-6,2500,9,1-4,260,1,1-4-6,1140,5,1-4,170,1
20260922,徳山,3,決めトク特賞,晴,北東,1,1,4,2,4981,牧 山 敦 也,52,40,6.94,2,0.19,1.55.9,1-4-6,2500,9,1-4,260,1,1-4-6,1140,5,1-4,170,1
20260922,徳山,3,決めトク特賞,晴,北東,1,1,5,5,5206,梅 原 祥 平,16,17,6.92,5,0.13,,1-4-6,2500,9,1-4,260,1,1-4-6,1140,5,1-4,170,1
20260922,徳山,3,決めトク特賞,晴,北東,1,1,6,3,4911,片 岡 大 地,34,41,6.92,3,0.12,,1-4-6,2500,9,1-4,260,1,1-4-6,1140,5,1-4,170,1
20260922,徳山,4,ガチトク予選,晴,北西,4,4,1,4,4323,山 田 佑 樹,73,19,6.84,4,0.08,1.50.9,4-5-2,4720,17,4-5,2110,8,2-4-5,2100,6,4-5,2330,6
20260922,徳山,4,ガチトク予選,晴,北西,4,4,2,5,5027,重 冨 勇 哉,22,53,6.90,5,0.13,1.53.2,4-5-2,4720,17,4-5,2110,8,2-4-5,2100,6,4-5,2330,6
20260922,徳山,4,ガチトク予選,晴,北西,4,4,3,2,4163,山 崎 裕 司,36,69,6.78,2,0.27,1.54.5,4-5-2,4720,17,4-5,2110,8,2-4-5,2100,6,4-5,2330,6
20260922,徳山,4,ガチトク予選,晴,北西,4,4,4,1,4677,片 橋 幸 貴,65,46,6.86,1,0.16,1.55.3,4-5-2,4720,17,4-5,2110,8,2-4-5,2100,6,4-5,2330,6
20260922,徳山,4,ガチトク予選,晴,北西,4,4,5,3,3808,秋 田 健太郎,20,35,6.98,3,0.89,,4-5-2,4720,17,4-5,2110,8,2-4-5,2100,6,4-5,2330,6
20260922,徳山,4,ガチトク予選,晴,北西,4,4,6,6,5392,安 武 一 也,45,65,6.87,6,0.24,,4-5-2,4720,17,4-5,2110,8,2-4-5,2100,6,4-5,2330,6
20260922,徳山,5,予選,晴,北,4,4,1,1,5338,香 月 大 輝,75,55,6.81,1,0.10,1.51.1,1-5-6,3020,14,1-5,630,3,1-5-6,1320,6,1-5,550,2
20260922,徳山,5,予選,晴,北,4,4,2,5,4679,植 田 太 一,35,13,6.78,5,0.11,1.52.8,1-5-6,3020,14,1-5,630,3,1-5-6,1320,6,1-5,550,2
20260922,徳山,5,予選,晴,北,4,4,3,6,3684,清 水 攻 二,39,61,6.87,6,0.18,1.53.4,1-5-6,3020,14,1-5,630,3,1-5-6,1320,6,1-5,550,2
20260922,徳山,5,予選,晴,北,4,4,4,3,4811,向井田 佑 紀,15,28,6.84,3,0.14,1.55.0,1-5-6,3020,14,1-5,630,3,1-5-6,1320,6,1-5,550,2
20260922,徳山,5,予選,晴,北,4,4,5,2,4702,三 浦 敬 太,14,67,6.89,2,0.13,,1-5-6,3020,14,1-5,630,3,1-5-6,1320,6,1-5,550,2
20260922,徳山,5,予選,晴,北,4,4,6,4,3637,齋 藤 和 政,31,29,6.92,4,0.15,,1-5-6,3020,14,1-5,630,3,1-5-6,1320,6,1-5,550,2
20260922,徳山,6,予選,晴,北,3,3,1,2,3473,石 川 真 二,17,54,6.83,1,0.15,1.51.3,2-3-5,3690,12,2-3,530,2,2-3-5,1970,9,2-3,480,2
20260922,徳山,6,予選,晴,北,3,3,2,3,3577,向 所 浩 二,28,75,6.91,3,0.07,1.53.1,2-3-5,3690,12,2-3,530,2,2-3-5,1970,9,2-3,480,2
20260922,徳山,6,予選,晴,北,3,3,3,5,3519,冨 田 秀 幸,12,60,6.90,5,0.13,1.53.9,2-3-5,3690,12,2-3,530,2,2-3-5,1970,9,2-3,480,2
20260922,徳山,6,予選,晴,北,3,3,4,6,4388,是 澤 孝 宏,48,43,6.93,6,0.09,1.54.3,2-3-5,3690,12,2-3,530,2,2-3-5,1970,9,2-3,480,2
20260922,徳山,6,予選,晴,北,3,3,5,4,4839,四 宮 与 寛,27,23,6.93,4,0.28,,2-3-5,3690,12,2-3,530,2,2-3-5,1970,9,2-3,480,2
20260922,徳山,6,予選,晴,北,3,3,6,1,5124,上 瀧 絢 也,37,58,6.92,2,0.19,,2-3-5,3690,12,2-3,530,2,2-3-5,1970,9,2-3,480,2
20260922,徳山,7,予選,晴,北,3,3,1,3,4700,金 子 和 之,42,31,6.95,3,0.10,1.50.6,3-4-6,13840,50,3-4,620,2,3-4-6,4750,12,3-4,270,1
20260922,徳山,7,予選,晴,北,3,3,2,4,4529,嶋 義 信,33,52,6.88,4,0.12,1.52.9,3-4-6,13840,50,3-4,620,2,3-4-6,4750,12,3-4,270,1
20260922,徳山,7,予選,晴,北,3,3,3,6,5286,坂 井 滉 哉,49,21,6.93,6,0.14,1.53.5,3-4-6,13840,50,3-4,620,2,3-4-6,4750,12,3-4,270,1
20260922,徳山,7,予選,晴,北,3,3,4,5,4079,出 畑 孝 典,21,66,6.92,5,0.14,1.54.1,3-4-6,13840,50,3-4,620,2,3-4-6,4750,12,3-4,270,1
20260922,徳山,7,予選,晴,北,3,3,5,2,4663,籾 山 佳 岳,38,62,6.96,2,0.21,,3-4-6,13840,50,3-4,620,2,3-4-6,4750,12,3-4,270,1
20260922,徳山,7,予選,晴,北,3,3,6,1,4981,牧 山 敦 也,52,40,6.99,1,0.32,,3-4-6,13840,50,3-4,620,2,3-4-6,4750,12,3-4,270,1
20260922,徳山,8,予選,晴,西,2,2,1,1,3804,中 渡 修 作,11,71,6.86,1,0.05,1.51.2,1-3-4,300,1,1-3,240,1,1-3-4,140,1,1-3,160,1
20260922,徳山,8,予選,晴,西,2,2,2,3,4159,向 後 龍 一,74,63,6.87,3,0.02,1.52.0,1-3-4,300,1,1-3,240,1,1-3-4,140,1,1-3,160,1
20260922,徳山,8,予選,晴,西,2,2,3,4,4583,古 田 祐 貴,46,57,6.96,4,0.02,1.53.0,1-3-4,300,1,1-3,240,1,1-3-4,140,1,1-3,160,1
20260922,徳山,8,予選,晴,西,2,2,4,2,5290,坂 本 一 真,72,42,6.88,2,0.07,1.54.6,1-3-4,300,1,1-3,240,1,1-3-4,140,1,1-3,160,1
20260922,徳山,8,予選,晴,西,2,2,F,5,5392,安 武 一 也,45,65,6.88,5,F0.03,,1-3-4,300,1,1-3,240,1,1-3-4,140,1,1-3,160,1
20260922,徳山,8,予選,晴,西,2,2,F,6,4624,高 田 明,18,25,6.89,6,F0.02,,1-3-4,300,1,1-3,240,1,1-3-4,140,1,1-3,160,1
20260922,徳山,9,推しトク特賞,晴,南西,3,3,1,1,4136,江 夏 満,43,14,6.88,1,0.07,1.51.5,1-3-6,4680,20,1-3,720,3,1-3-6,2240,11,1-3,730,3
20260922,徳山,9,推しトク特賞,晴,南西,3,3,2,3,4943,八 木 治 樹,26,44,6.92,3,0.09,1.53.4,1-3-6,4680,20,1-3,720,3,1-3-6,2240,11,1-3,730,3
20260922,徳山,9,推しトク特賞,晴,南西,3,3,3,6,4163,山 崎 裕 司,36,69,6.85,6,0.16,1.53.8,1-3-6,4680,20,1-3,720,3,1-3-6,2240,11,1-3,730,3
20260922,徳山,9,推しトク特賞,晴,南西,3,3,4,2,3772,一 柳 和 孝,23,27,6.99,2,0.10,1.53.9,1-3-6,4680,20,1-3,720,3,1-3-6,2240,11,1-3,730,3
20260922,徳山,9,推しトク特賞,晴,南西,3,3,5,5,4594,谷 川 祐 一,13,36,6.92,5,0.15,,1-3-6,4680,20,1-3,720,3,1-3-6,2240,11,1-3,730,3
20260922,徳山,9,推しトク特賞,晴,南西,3,3,6,4,4883,岡 部 大 輝,19,11,6.94,4,0.17,,1-3-6,4680,20,1-3,720,3,1-3-6,2240,11,1-3,730,3
20260922,徳山,10,予選,晴,南西,4,4,1,1,4158,木 場 雄二郎,30,45,6.91,1,0.16,1.50.4,1-2-5,960,3,1-2,270,1,1-2-5,480,2,1-2,200,1
20260922,徳山,10,予選,晴,南西,4,4,2,2,4679,植 田 太 一,35,13,6.86,2,0.15,1.51.0,1-2-5,960,3,1-2,270,1,1-2-5,480,2,1-2,200,1
20260922,徳山,10,予選,晴,南西,4,4,3,5,4375,照 屋 厚 仁,32,24,6.93,5,0.12,1.52.8,1-2-5,960,3,1-2,270,1,1-2-5,480,2,1-2,200,1
20260922,徳山,10,予選,晴,南西,4,4,4,3,3401,上 田 隆 章,24,12,6.96,3,0.23,1.53.8,1-2-5,960,3,1-2,270,1,1-2-5,480,2,1-2,200,1
20260922,徳山,10,予選,晴,南西,4,4,5,4,4388,是 澤 孝 宏,48,43,6.94,4,0.16,,1-2-5,960,3,1-2,270,1,1-2-5,480,2,1-2,200,1
20260922,徳山,10,予選,晴,南西,4,4,6,6,3808,秋 田 健太郎,20,35,6.98,6,0.22,,1-2-5,960,3,1-2,270,1,1-2-5,480,2,1-2,200,1
20260922,徳山,11,予選,晴,南西,4,4,1,3,4090,中 村 尊,51,73,6.96,3,0.13,1.51.0,3-5-4,9740,36,3-5,3260,12,3-4-5,2480,9,3-5,1170,6
20260922,徳山,11,予選,晴,南西,4,4,2,5,4816,村 松 修 二,57,15,6.90,5,0.16,1.53.3,3-5-4,9740,36,3-5,3260,12,3-4-5,2480,9,3-5,1170,6
20260922,徳山,11,予選,晴,南西,4,4,3,4,5338,香 月 大 輝,75,55,6.90,4,0.08,1.53.9,3-5-4,9740,36,3-5,3260,12,3-4-5,2480,9,3-5,1170,6
20260922,徳山,11,予選,晴,南西,4,4,4,2,4839,四 宮 与 寛,27,23,6.91,2,0.12,1.54.4,3-5-4,9740,36,3-5,3260,12,3-4-5,2480,9,3-5,1170,6
20260922,徳山,11,予選,晴,南西,4,4,5,1,4663,籾 山 佳 岳,38,62,6.89,1,0.16,,3-5-4,9740,36,3-5,3260,12,3-4-5,2480,9,3-5,1170,6
20260922,徳山,11,予選,晴,南西,4,4,6,6,4911,片 岡 大 地,34,41,6.97,6,0.19,,3-5-4,9740,36,3-5,3260,12,3-4-5,2480,9,3-5,1170,6
20260922,徳山,12,ドリーム戦,晴,南西,2,2,1,1,3473,石 川 真 二,17,54,6.92,1,0.20,1.50.8,1-3-2,1200,3,1-3,280,1,1-2-3,390,1,1-3,170,1
20260922,徳山,12,ドリーム戦,晴,南西,2,2,2,3,4529,嶋 義 信,33,52,6.88,3,0.17,1.52.3,1-3-2,1200,3,1-3,280,1,1-2-3,390,1,1-3,170,1
20260922,徳山,12,ドリーム戦,晴,南西,2,2,3,2,3684,清 水 攻 二,39,61,6.91,2,0.21,1.53.8,1-3-2,1200,3,1-3,280,1,1-2-3,390,1,1-3,170,1
20260922,徳山,12,ドリーム戦,晴,南西,2,2,4,6,4159,向 後 龍 一,74,63,6.87,6,0.06,1.54.5,1-3-2,1200,3,1-3,280,1,1-2-3,390,1,1-3,170,1
20260922,徳山,12,ドリーム戦,晴,南西,2,2,5,5,4732,堀 本 和 也,47,34,6.96,5,0.08,,1-3-2,1200,3,1-3,280,1,1-2-3,390,1,1-3,170,1
20260922,徳山,12,ドリーム戦,晴,南西,2,2,6,4,4677,片 橋 幸 貴,65,46,6.87,4,0.11,,1-3-2,1200,3,1-3,280,1,1-2-3,390,1,1-3,170,1
20260922,戸田,1,予選,晴,北西,3,2,1,4,5416,龍 田 真 白,31,76,6.77,4,0.10,1.50.7,4-1-6,12870,39,4-1,2110,10,1-4-6,3290,10,1-4,520,2
20260922,戸田,1,予選,晴,北西,3,2,2,1,3546,中 里 昌 志,57,32,6.74,1,0.12,1.52.7,4-1-6,12870,39,4-1,2110,10,1-4-6,3290,10,1-4,520,2
20260922,戸田,1,予選,晴,北西,3,2,3,6,3928,林 恵 祐,41,26,6.88,6,0.20,1.54.2,4-1-6,12870,39,4-1,2110,10,1-4-6,3290,10,1-4,520,2
20260922,戸田,1,予選,晴,北西,3,2,4,5,4803,飯 田 庄 吾,44,30,6.78,5,0.17,1.55.4,4-1-6,12870,39,4-1,2110,10,1-4-6,3290,10,1-4,520,2
20260922,戸田,1,予選,晴,北西,3,2,5,3,3543,福 田 雅 一,40,57,6.82,3,0.11,,4-1-6,12870,39,4-1,2110,10,1-4-6,3290,10,1-4,520,2
20260922,戸田,1,予選,晴,北西,3,2,6,2,5362,中 嶋 世 奈,63,69,6.72,2,0.20,,4-1-6,12870,39,4-1,2110,10,1-4-6,3290,10,1-4,520,2
20260922,戸田,2,予選,晴,北西,3,2,1,2,4314,青 木 幸太郎,62,18,6.81,2,0.11,1.50.3,2-5-6,4630,16,2-5,1490,7,2-5-6,1360,6,2-5,1270,5
20260922,戸田,2,予選,晴,北西,3,2,2,5,5322,根 岸 真 優,53,15,6.91,5,0.06,1.52.0,2-5-6,4630,16,2-5,1490,7,2-5-6,1360,6,2-5,1270,5
20260922,戸田,2,予選,晴,北西,3,2,3,6,4459,片 岡 雅 裕,3,11,6.85,6,0.13,1.53.1,2-5-6,4630,16,2-5,1490,7,2-5-6,1360,6,2-5,1270,5
20260922,戸田,2,予選,晴,北西,3,2,4,1,3467,森 弘 行,39,62,6.84,1,0.13,1.54.1,2-5-6,4630,16,2-5,1490,7,2-5-6,1360,6,2-5,1270,5
20260922,戸田,2,予選,晴,北西,3,2,5,3,4329,小 松 卓 司,1,37,6.83,3,0.09,,2-5-6,4630,16,2-5,1490,7,2-5-6,1360,6,2-5,1270,5
20260922,戸田,2,予選,晴,北西,3,2,6,4,3647,伊 藤 雄 二,15,43,6.92,4,0.05,,2-5-6,4630,16,2-5,1490,7,2-5-6,1360,6,2-5,1270,5
20260922,戸田,3,予選,晴,北西,2,1,1,2,4531,武 富 智 亮,50,14,6.79,2,0.13,1.50.5,2-1-4,1340,5,2-1,460,2,1-2-4,440,3,1-2,290,2
20260922,戸田,3,予選,晴,北西,2,1,2,1,3761,山 本 光 雄,32,77,6.85,1,0.15,1.51.6,2-1-4,1340,5,2-1,460,2,1-2-4,440,3,1-2,290,2
20260922,戸田,3,予選,晴,北西,2,1,3,4,4901,出 口 舞有子,27,33,6.82,4,0.20,1.52.3,2-1-4,1340,5,2-1,460,2,1-2-4,440,3,1-2,290,2
20260922,戸田,3,予選,晴,北西,2,1,4,5,4036,金 田 諭,35,71,6.82,5,0.20,1.54.1,2-1-4,1340,5,2-1,460,2,1-2-4,440,3,1-2,290,2
20260922,戸田,3,予選,晴,北西,2,1,5,3,3889,須 藤 隆 雄,2,38,6.97,3,0.13,,2-1-4,1340,5,2-1,460,2,1-2-4,440,3,1-2,290,2
20260922,戸田,3,予選,晴,北西,2,1,6,6,5444,林 風 音,28,64,6.85,6,0.26,,2-1-4,1340,5,2-1,460,2,1-2-4,440,3,1-2,290,2
20260922,戸田,4,予選,晴,北,1,1,1,2,4120,柘 植 政 浩,52,65,6.77,2,0.10,1.49.6,2-1-4,3300,12,2-1,1200,5,1-2-4,900,4,1-2,660,3
20260922,戸田,4,予選,晴,北,1,1,2,1,4100,松 田 隆 司,58,16,6.77,1,0.11,1.51.5,2-1-4,3300,12,2-1,1200,5,1-2-4,900,4,1-2,660,3
20260922,戸田,4,予選,晴,北,1,1,3,4,4792,杉 村 賢 也,29,56,6.75,4,0.08,1.52.0,2-1-4,3300,12,2-1,1200,5,1-2-4,900,4,1-2,660,3
20260922,戸田,4,予選,晴,北,1,1,4,3,4808,松 尾 拓,51,46,6.78,3,0.06,1.52.4,2-1-4,3300,12,2-1,1200,5,1-2-4,900,4,1-2,660,3
20260922,戸田,4,予選,晴,北,1,1,5,6,4488,小 山 勉,61,19,6.75,6,0.12,,2-1-4,3300,12,2-1,1200,5,1-2-4,900,4,1-2,660,3
20260922,戸田,4,予選,晴,北,1,1,6,5,3544,豊 田 訓 靖,37,31,6.92,5,0.11,,2-1-4,3300,12,2-1,1200,5,1-2-4,900,4,1-2,660,3
20260922,戸田,5,ウインウイン,晴,北,1,1,1,3,4917,岩 橋 裕 馬,26,61,6.71,4,0.11,1.51.5,3-1-4,2430,10,3-1,1720,10,1-3-4,220,1,1-3,820,4
20260922,戸田,5,ウインウイン,晴,北,1,1,2,1,5150,坂 本 雄 紀,65,34,6.69,1,0.15,1.53.1,3-1-4,2430,10,3-1,1720,10,1-3-4,220,1,1-3,820,4
20260922,戸田,5,ウインウイン,晴,北,1,1,3,4,4771,下 寺 秀 和,34,74,6.78,5,0.20,1.54.5,3-1-4,2430,10,3-1,1720,10,1-3-4,220,1,1-3,820,4
20260922,戸田,5,ウインウイン,晴,北,1,1,4,5,3542,清 水 紀 克,56,68,6.88,2,0.15,1.55.4,3-1-4,2430,10,3-1,1720,10,1-3-4,220,1,1-3,820,4
20260922,戸田,5,ウインウイン,晴,北,1,1,5,2,4729,佐 藤 謙史朗,46,60,6.69,3,0.16,,3-1-4,2430,10,3-1,1720,10,1-3-4,220,1,1-3,820,4
20260922,戸田,5,ウインウイン,晴,北,1,1,6,6,5461,板 頭 里 緒,33,53,6.84,6,0.23,,3-1-4,2430,10,3-1,1720,10,1-3-4,220,1,1-3,820,4
20260922,戸田,6,予選,晴,無風,0,0,1,3,4503,上 野 真之介,60,73,6.75,3,0.15,1.49.7,3-1-6,5150,22,3-1,580,2,1-3-6,2020,8,1-3,340,2
20260922,戸田,6,予選,晴,無風,0,0,2,1,4564,山 本 景士郎,36,17,6.64,1,0.15,1.51.2,3-1-6,5150,22,3-1,580,2,1-3-6,2020,8,1-3,340,2
20260922,戸田,6,予選,晴,無風,0,0,3,6,4803,飯 田 庄 吾,44,30,6.76,6,0.14,1.52.5,3-1-6,5150,22,3-1,580,2,1-3-6,2020,8,1-3,340,2
20260922,戸田,6,予選,晴,無風,0,0,4,2,4286,平 田 さやか,59,44,6.73,2,0.10,1.52.9,3-1-6,5150,22,3-1,580,2,1-3-6,2020,8,1-3,340,2
20260922,戸田,6,予選,晴,無風,0,0,5,5,4359,横 川 聖 志,54,21,6.93,5,0.13,,3-1-6,5150,22,3-1,580,2,1-3-6,2020,8,1-3,340,2
20260922,戸田,6,予選,晴,無風,0,0,6,4,3467,森 弘 行,39,62,6.84,4,0.17,,3-1-6,5150,22,3-1,580,2,1-3-6,2020,8,1-3,340,2
20260922,戸田,7,ウインウイン,晴,無風,0,0,1,1,4538,笠 置 博 之,12,51,6.66,1,0.17,1.50.4,1-3-4,1130,4,1-3,240,1,1-3-4,550,3,1-3,180,1
20260922,戸田,7,ウインウイン,晴,無風,0,0,2,3,3761,山 本 光 雄,32,77,6.84,3,0.16,1.52.8,1-3-4,1130,4,1-3,240,1,1-3-4,550,3,1-3,180,1
20260922,戸田,7,ウインウイン,晴,無風,0,0,3,4,3660,長谷川 親 王,8,63,6.79,4,0.19,1.54.2,1-3-4,1130,4,1-3,240,1,1-3-4,550,3,1-3,180,1
20260922,戸田,7,ウインウイン,晴,無風,0,0,4,2,3647,伊 藤 雄 二,15,43,6.79,2,0.14,1.54.3,1-3-4,1130,4,1-3,240,1,1-3-4,550,3,1-3,180,1
20260922,戸田,7,ウインウイン,晴,無風,0,0,5,5,5362,中 嶋 世 奈,63,69,6.78,5,0.28,,1-3-4,1130,4,1-3,240,1,1-3-4,550,3,1-3,180,1
20260922,戸田,7,ウインウイン,晴,無風,0,0,6,6,4730,土 屋 実沙希,30,13,6.74,6,0.25,,1-3-4,1130,4,1-3,240,1,1-3-4,550,3,1-3,180,1
20260922,戸田,8,予選,晴,無風,0,0,1,1,3556,田 中 信一郎,49,58,6.71,1,0.11,1.49.5,1-6-2,1150,6,1-6,500,3,1-2-6,280,1,1-6,560,3
20260922,戸田,8,予選,晴,無風,0,0,2,6,3489,大 場 敏,42,66,6.88,4,0.09,1.51.0,1-6-2,1150,6,1-6,500,3,1-2-6,280,1,1-6,560,3
20260922,戸田,8,予選,晴,無風,0,0,3,2,4365,盛 本 真 輔,55,29,6.67,2,0.16,1.53.3,1-6-2,1150,6,1-6,500,3,1-2-6,280,1,1-6,560,3
20260922,戸田,8,予選,晴,無風,0,0,4,3,5322,根 岸 真 優,53,15,6.73,3,0.09,1.53.7,1-6-2,1150,6,1-6,500,3,1-2-6,280,1,1-6,560,3
20260922,戸田,8,予選,晴,無風,0,0,5,4,3544,豊 田 訓 靖,37,31,6.83,5,0.11,,1-6-2,1150,6,1-6,500,3,1-2-6,280,1,1-6,560,3
20260922,戸田,8,予選,晴,無風,0,0,6,5,5444,林 風 音,28,64,6.88,6,0.09,,1-6-2,1150,6,1-6,500,3,1-2-6,280,1,1-6,560,3
20260922,戸田,9,戸田特賞,晴,北,1,1,1,1,4036,金 田 諭,35,71,6.59,1,0.10,1.49.6,1-2-3,740,1,1-2,320,1,1-2-3,320,1,1-2,200,1
20260922,戸田,9,戸田特賞,晴,北,1,1,2,2,3931,黒 崎 竜 也,48,72,6.63,2,0.20,1.50.7,1-2-3,740,1,1-2,320,1,1-2-3,320,1,1-2,200,1
20260922,戸田,9,戸田特賞,晴,北,1,1,3,3,4314,青 木 幸太郎,62,18,6.70,3,0.21,1.52.4,1-2-3,740,1,1-2,320,1,1-2-3,320,1,1-2,200,1
20260922,戸田,9,戸田特賞,晴,北,1,1,4,4,4120,柘 植 政 浩,52,65,6.74,4,0.20,1.53.4,1-2-3,740,1,1-2,320,1,1-2-3,320,1,1-2,200,1
20260922,戸田,9,戸田特賞,晴,北,1,1,5,6,4917,岩 橋 裕 馬,26,61,6.64,6,0.14,,1-2-3,740,1,1-2,320,1,1-2-3,320,1,1-2,200,1
20260922,戸田,9,戸田特賞,晴,北,1,1,6,5,5416,龍 田 真 白,31,76,6.76,5,0.15,,1-2-3,740,1,1-2,320,1,1-2-3,320,1,1-2,200,1
20260922,戸田,10,戸田特賞,晴,北西,1,1,1,1,4812,西 野 雄 貴,45,70,6.67,1,0.06,1.49.0,1-2-4,1580,5,1-2,260,1,1-2-4,790,4,1-2,170,1
20260922,戸田,10,戸田特賞,晴,北西,1,1,2,2,4459,片 岡 雅 裕,3,11,6.78,2,0.12,1.50.6,1-2-4,1580,5,1-2,260,1,1-2-4,790,4,1-2,170,1
20260922,戸田,10,戸田特賞,晴,北西,1,1,3,4,4564,山 本 景士郎,36,17,6.77,4,0.08,1.52.8,1-2-4,1580,5,1-2,260,1,1-2-4,790,4,1-2,170,1
20260922,戸田,10,戸田特賞,晴,北西,1,1,4,6,4808,松 尾 拓,51,46,6.79,6,0.02,1.53.6,1-2-4,1580,5,1-2,260,1,1-2-4,790,4,1-2,170,1
20260922,戸田,10,戸田特賞,晴,北西,1,1,5,3,4901,出 口 舞有子,27,33,6.78,3,0.10,,1-2-4,1580,5,1-2,260,1,1-2-4,790,4,1-2,170,1
20260922,戸田,10,戸田特賞,晴,北西,1,1,6,5,5150,坂 本 雄 紀,65,34,6.81,5,0.04,,1-2-4,1580,5,1-2,260,1,1-2-4,790,4,1-2,170,1
20260922,戸田,11,戸田特選,晴,北西,1,1,1,5,4531,武 富 智 亮,50,14,6.78,5,0.12,1.56.0,5-2-4,69740,75,5-2,8210,14,2-4-5,10050,16,2-5,4590,10
20260922,戸田,11,戸田特選,晴,北西,1,1,2,2,3660,長谷川 親 王,8,63,6.80,2,0.18,1.59.8,5-2-4,69740,75,5-2,8210,14,2-4-5,10050,16,2-5,4590,10
20260922,戸田,11,戸田特選,晴,北西,1,1,3,4,3546,中 里 昌 志,57,32,6.84,4,0.14,2.03.0,5-2-4,69740,75,5-2,8210,14,2-4-5,10050,16,2-5,4590,10
20260922,戸田,11,戸田特選,晴,北西,1,1,4,6,4329,小 松 卓 司,1,37,6.79,6,0.20,2.04.9,5-2-4,69740,75,5-2,8210,14,2-4-5,10050,16,2-5,4590,10
20260922,戸田,11,戸田特選,晴,北西,1,1,5,3,4359,横 川 聖 志,54,21,6.89,3,0.17,,5-2-4,69740,75,5-2,8210,14,2-4-5,10050,16,2-5,4590,10
20260922,戸田,11,戸田特選,晴,北西,1,1,S1,1,4771,下 寺 秀 和,34,74,6.71,1,0.16,,5-2-4,69740,75,5-2,8210,14,2-4-5,10050,16,2-5,4590,10
20260922,戸田,12,記者選抜戦,晴,北東,2,2,1,1,4503,上 野 真之介,60,73,6.74,1,0.27,1.50.0,1-3-5,1620,7,1-3,370,2,1-3-5,1060,5,1-3,280,2
20260922,戸田,12,記者選抜戦,晴,北東,2,2,2,3,4608,荒 井 翔 伍,43,55,6.72,4,0.28,1.51.8,1-3-5,1620,7,1-3,370,2,1-3-5,1060,5,1-3,280,2
20260922,戸田,12,記者選抜戦,晴,北東,2,2,3,5,4792,杉 村 賢 也,29,56,6.74,5,0.26,1.53.6,1-3-5,1620,7,1-3,370,2,1-3-5,1060,5,1-3,280,2
20260922,戸田,12,記者選抜戦,晴,北東,2,2,4,4,4365,盛 本 真 輔,55,29,6.77,3,0.28,1.54.4,1-3-5,1620,7,1-3,370,2,1-3-5,1060,5,1-3,280,2
20260922,戸田,12,記者選抜戦,晴,北東,2,2,5,2,4538,笠 置 博 之,12,51,6.71,2,0.40,,1-3-5,1620,7,1-3,370,2,1-3-5,1060,5,1-3,280,2
20260922,戸田,12,記者選抜戦,晴,北東,2,2,6,6,3543,福 田 雅 一,40,57,6.83,6,0.26,,1-3-5,1620,7,1-3,370,2,1-3-5,1060,5,1-3,280,2
20260922,桐生,1,予選男子,晴,北東,3,2,1,2,3654,武 田 光 史,64,17,6.88,2,0.03,1.50.3,2-3-4,1770,5,2-3,450,1,2-3-4,800,3,2-3,290,2
20260922,桐生,1,予選男子,晴,北東,3,2,2,3,4834,浜 本 裕 己,48,39,6.82,3,0.08,1.50.9,2-3-4,1770,5,2-3,450,1,2-3-4,800,3,2-3,290,2
20260922,桐生,1,予選男子,晴,北東,3,2,3,4,5427,港 理 樹,46,68,6.80,4,0.14,1.53.4,2-3-4,1770,5,2-3,450,1,2-3-4,800,3,2-3,290,2
20260922,桐生,1,予選男子,晴,北東,3,2,4,6,3352,小 川 晃 司,24,42,6.90,6,0.15,1.54.7,2-3-4,1770,5,2-3,450,1,2-3-4,800,3,2-3,290,2
20260922,桐生,1,予選男子,晴,北東,3,2,5,5,3538,菊 池 峰 晴,15,29,6.93,5,0.14,1.55.6,2-3-4,1770,5,2-3,450,1,2-3-4,800,3,2-3,290,2
20260922,桐生,1,予選男子,晴,北東,3,2,6,1,5201,村 上 宗太郎,11,33,6.79,1,0.13,1.57.3,2-3-4,1770,5,2-3,450,1,2-3-4,800,3,2-3,290,2
20260922,桐生,2,予選女子,晴,北東,3,2,1,1,5265,大 廣 咲 季,40,56,6.76,1,0.21,1.51.2,1-2-4,1970,2,1-2,770,2,1-2-4,650,2,1-2,670,3
20260922,桐生,2,予選女子,晴,北東,3,2,2,2,4987,島 倉 都,62,67,6.88,2,0.16,1.52.0,1-2-4,1970,2,1-2,770,2,1-2-4,650,2,1-2,670,3
20260922,桐生,2,予選女子,晴,北東,3,2,3,4,4443,津 田 裕 絵,73,52,6.78,4,0.15,1.52.6,1-2-4,1970,2,1-2,770,2,1-2-4,650,2,1-2,670,3
20260922,桐生,2,予選女子,晴,北東,3,2,4,3,3994,小 野 桜,56,32,6.89,3,0.17,1.54.6,1-2-4,1970,2,1-2,770,2,1-2-4,650,2,1-2,670,3
20260922,桐生,2,予選女子,晴,北東,3,2,5,6,4478,櫻 本 あゆみ,26,57,6.72,6,0.12,1.55.4,1-2-4,1970,2,1-2,770,2,1-2-4,650,2,1-2,670,3
20260922,桐生,2,予選女子,晴,北東,3,2,6,5,5415,阿 部 未 侑,14,51,6.95,5,0.19,1.56.7,1-2-4,1970,2,1-2,770,2,1-2-4,650,2,1-2,670,3
20260922,桐生,3,予選男子,晴,北東,2,1,1,2,4330,奈 須 啓 太,27,24,6.68,2,0.11,1.50.7,2-6-4,17900,54,2-6,5490,17,2-4-6,2100,8,2-6,4830,12
20260922,桐生,3,予選男子,晴,北東,2,1,2,6,4485,楠 原 正 剛,65,75,6.86,6,0.22,1.51.4,2-6-4,17900,54,2-6,5490,17,2-4-6,2100,8,2-6,4830,12
20260922,桐生,3,予選男子,晴,北東,2,1,3,4,4798,浜 先 真 範,21,36,6.71,5,0.07,1.53.1,2-6-4,17900,54,2-6,5490,17,2-4-6,2100,8,2-6,4830,12
20260922,桐生,3,予選男子,晴,北東,2,1,4,5,3054,北 川 幸 典,12,60,6.87,4,0.10,1.53.6,2-6-4,17900,54,2-6,5490,17,2-4-6,2100,8,2-6,4830,12
20260922,桐生,3,予選男子,晴,北東,2,1,5,3,4311,岡 村 仁,31,15,6.72,3,0.18,1.55.2,2-6-4,17900,54,2-6,5490,17,2-4-6,2100,8,2-6,4830,12
20260922,桐生,3,予選男子,晴,北東,2,1,6,1,5061,中 村 駿 平,28,71,6.83,1,0.12,1.57.2,2-6-4,17900,54,2-6,5490,17,2-4-6,2100,8,2-6,4830,12
20260922,桐生,4,予選女子,晴,北東,2,1,1,2,4627,藤 原 菜 希,75,37,6.80,2,0.19,1.51.0,2-1-4,1960,7,2-1,370,2,1-2-4,700,3,1-2,190,1
20260922,桐生,4,予選女子,晴,北東,2,1,2,1,4501,樋 口 由加里,51,59,6.76,1,0.14,1.51.8,2-1-4,1960,7,2-1,370,2,1-2-4,700,3,1-2,190,1
20260922,桐生,4,予選女子,晴,北東,2,1,3,4,4720,西 澤 日花里,72,14,6.91,4,0.17,1.54.1,2-1-4,1960,7,2-1,370,2,1-2-4,700,3,1-2,190,1
20260922,桐生,4,予選女子,晴,北東,2,1,4,6,4065,金 田 幸 子,57,48,6.90,5,0.18,1.55.5,2-1-4,1960,7,2-1,370,2,1-2-4,700,3,1-2,190,1
20260922,桐生,4,予選女子,晴,北東,2,1,5,5,5437,中 澤 里 桜,47,46,6.80,6,0.23,1.55.9,2-1-4,1960,7,2-1,370,2,1-2-4,700,3,1-2,190,1
20260922,桐生,4,予選女子,晴,北東,2,1,6,3,4819,蜂 須 瑞 生,29,23,6.98,3,0.18,1.58.0,2-1-4,1960,7,2-1,370,2,1-2-4,700,3,1-2,190,1
20260922,桐生,5,予選男子,晴,北,2,1,1,4,4434,田 中 辰 彦,67,27,6.92,4,0.05,1.49.6,4-1-3,8690,23,4-1,1410,5,1-3-4,520,3,1-4,290,2
20260922,桐生,5,予選男子,晴,北,2,1,2,1,5114,小 林 孝 彰,35,26,6.85,1,0.15,1.51.8,4-1-3,8690,23,4-1,1410,5,1-3-4,520,3,1-4,290,2
20260922,桐生,5,予選男子,晴,北,2,1,3,3,4228,吉 田 慎二郎,25,66,6.92,3,0.12,1.53.8,4-1-3,8690,23,4-1,1410,5,1-3-4,520,3,1-4,290,2
20260922,桐生,5,予選男子,晴,北,2,1,4,2,3792,田 中 豪,42,47,6.76,2,0.15,1.54.7,4-1-3,8690,23,4-1,1410,5,1-3-4,520,3,1-4,290,2
20260922,桐生,5,予選男子,晴,北,2,1,5,5,5201,村 上 宗太郎,11,33,6.84,5,0.02,1.55.3,4-1-3,8690,23,4-1,1410,5,1-3-4,520,3,1-4,290,2
20260922,桐生,5,予選男子,晴,北,2,1,F,6,3740,大 澤 普 司,32,31,6.80,6,F0.03,,4-1-3,8690,23,4-1,1410,5,1-3-4,520,3,1-4,290,2
20260922,桐生,6,ＤＤ目玉女子,曇り,北,2,1,1,1,4373,若 狭 奈美子,45,73,6.76,1,0.24,1.50.4,1-5-4,1140,3,1-5,420,2,1-4-5,370,2,1-5,380,2
20260922,桐生,6,ＤＤ目玉女子,曇り,北,2,1,2,5,5213,湯 淺 紀 香,38,35,6.83,5,0.30,1.52.2,1-5-4,1140,3,1-5,420,2,1-4-5,370,2,1-5,380,2
20260922,桐生,6,ＤＤ目玉女子,曇り,北,2,1,3,4,4414,大 澤 真 菜,33,50,6.90,4,0.25,1.53.8,1-5-4,1140,3,1-5,420,2,1-4-5,370,2,1-5,380,2
20260922,桐生,6,ＤＤ目玉女子,曇り,北,2,1,4,2,5184,飯 塚 響,70,38,6.84,2,0.27,1.54.2,1-5-4,1140,3,1-5,420,2,1-4-5,370,2,1-5,380,2
20260922,桐生,6,ＤＤ目玉女子,曇り,北,2,1,5,3,3357,福 島 陽 子,69,44,6.74,3,0.26,1.54.4,1-5-4,1140,3,1-5,420,2,1-4-5,370,2,1-5,380,2
20260922,桐生,6,ＤＤ目玉女子,曇り,北,2,1,6,6,5436,市 川 瑚 幸,13,22,6.92,6,0.28,1.58.5,1-5-4,1140,3,1-5,420,2,1-4-5,370,2,1-5,380,2
20260922,桐生,7,ドラドキ３男,曇り,北西,2,1,1,3,4798,浜 先 真 範,21,36,6.71,3,0.11,1.49.8,3-5-1,3670,12,3-5,2000,5,1-3-5,270,2,3-5,1920,4
20260922,桐生,7,ドラドキ３男,曇り,北西,2,1,2,5,4892,柴 田 直 哉,59,12,6.82,5,0.20,1.50.4,3-5-1,3670,12,3-5,2000,5,1-3-5,270,2,3-5,1920,4
20260922,桐生,7,ドラドキ３男,曇り,北西,2,1,3,1,4351,里 岡 右 貴,36,21,6.70,1,0.18,1.52.8,3-5-1,3670,12,3-5,2000,5,1-3-5,270,2,3-5,1920,4
20260922,桐生,7,ドラドキ３男,曇り,北西,2,1,4,4,5179,藤 本 元 輝,53,28,6.85,4,0.13,1.55.0,3-5-1,3670,12,3-5,2000,5,1-3-5,270,2,3-5,1920,4
20260922,桐生,7,ドラドキ３男,曇り,北西,2,1,5,2,5185,加 藤 優 弥,71,34,6.70,2,0.21,1.55.2,3-5-1,3670,12,3-5,2000,5,1-3-5,270,2,3-5,1920,4
20260922,桐生,7,ドラドキ３男,曇り,北西,2,1,6,6,4872,山 下 流 心,37,11,6.83,6,0.25,1.55.8,3-5-1,3670,12,3-5,2000,5,1-3-5,270,2,3-5,1920,4
20260922,桐生,8,ドラドキ５女,曇り,北東,2,1,1,1,5195,北 村 寧 々,49,70,6.80,1,0.18,1.49.9,1-3-5,710,1,1-3,260,1,1-3-5,230,1,1-3,170,1
20260922,桐生,8,ドラドキ５女,曇り,北東,2,1,2,3,4746,大豆生田 蒼,41,54,6.72,3,0.16,1.50.7,1-3-5,710,1,1-3,260,1,1-3-5,230,1,1-3,170,1
20260922,桐生,8,ドラドキ５女,曇り,北東,2,1,3,5,4642,松 尾 夏 海,17,41,6.88,5,0.21,1.53.4,1-3-5,710,1,1-3,260,1,1-3-5,230,1,1-3,170,1
20260922,桐生,8,ドラドキ５女,曇り,北東,2,1,4,4,4501,樋 口 由加里,51,59,6.88,4,0.20,1.55.5,1-3-5,710,1,1-3,260,1,1-3-5,230,1,1-3,170,1
20260922,桐生,8,ドラドキ５女,曇り,北東,2,1,5,6,4443,津 田 裕 絵,73,52,6.83,6,0.20,1.56.5,1-3-5,710,1,1-3,260,1,1-3-5,230,1,1-3,170,1
20260922,桐生,8,ドラドキ５女,曇り,北東,2,1,6,2,5335,森 陽 多,74,61,6.75,2,0.19,1.59.5,1-3-5,710,1,1-3,260,1,1-3-5,230,1,1-3,170,1
20260922,桐生,9,予選特賞男子,曇り,北,1,1,1,1,4434,田 中 辰 彦,67,27,6.66,1,0.18,1.49.9,1-2-4,600,1,1-2,290,2,1-2-4,230,1,1-2,200,1
20260922,桐生,9,予選特賞男子,曇り,北,1,1,2,2,3740,大 澤 普 司,32,31,6.88,2,0.18,1.50.8,1-2-4,600,1,1-2,290,2,1-2-4,230,1,1-2,200,1
20260922,桐生,9,予選特賞男子,曇り,北,1,1,3,4,4834,浜 本 裕 己,48,39,6.65,4,0.14,1.52.9,1-2-4,600,1,1-2,290,2,1-2-4,230,1,1-2,200,1
20260922,桐生,9,予選特賞男子,曇り,北,1,1,4,6,4311,岡 村 仁,31,15,6.87,6,0.19,1.53.1,1-2-4,600,1,1-2,290,2,1-2-4,230,1,1-2,200,1
20260922,桐生,9,予選特賞男子,曇り,北,1,1,5,3,3538,菊 池 峰 晴,15,29,6.81,3,0.15,1.55.2,1-2-4,600,1,1-2,290,2,1-2-4,230,1,1-2,200,1
20260922,桐生,9,予選特賞男子,曇り,北,1,1,6,5,5061,中 村 駿 平,28,71,6.77,5,0.10,1.58.5,1-2-4,600,1,1-2,290,2,1-2-4,230,1,1-2,200,1
20260922,桐生,10,予選特賞女子,曇り,北東,2,1,1,3,4478,櫻 本 あゆみ,26,57,6.75,3,0.17,1.53.0,3-4-2,5490,24,3-4,1600,7,2-3-4,2090,9,3-4,1190,6
20260922,桐生,10,予選特賞女子,曇り,北東,2,1,2,4,5250,嶋 田 有 里,30,30,6.74,4,0.18,1.56.4,3-4-2,5490,24,3-4,1600,7,2-3-4,2090,9,3-4,1190,6
20260922,桐生,10,予選特賞女子,曇り,北東,2,1,3,2,3994,小 野 桜,56,32,6.76,2,0.20,1.58.4,3-4-2,5490,24,3-4,1600,7,2-3-4,2090,9,3-4,1190,6
20260922,桐生,10,予選特賞女子,曇り,北東,2,1,4,5,4373,若 狭 奈美子,45,73,6.65,5,0.23,2.03.0,3-4-2,5490,24,3-4,1600,7,2-3-4,2090,9,3-4,1190,6
20260922,桐生,10,予選特賞女子,曇り,北東,2,1,5,1,4690,高 石 梨 菜,60,19,6.83,1,0.19,2.04.3,3-4-2,5490,24,3-4,1600,7,2-3-4,2090,9,3-4,1190,6
20260922,桐生,10,予選特賞女子,曇り,北東,2,1,S1,6,5437,中 澤 里 桜,47,46,6.74,6,0.21,,3-4-2,5490,24,3-4,1600,7,2-3-4,2090,9,3-4,1190,6
20260922,桐生,11,予選特選男子,雨,東,5,4,1,1,4654,篠 田 優 也,50,69,6.69,1,0.28,1.51.3,1-5-6,5100,16,1-5,460,2,1-5-6,3520,8,1-5,450,2
20260922,桐生,11,予選特選男子,雨,東,5,4,2,5,3654,武 田 光 史,64,17,6.73,4,0.18,1.52.8,1-5-6,5100,16,1-5,460,2,1-5-6,3520,8,1-5,450,2
20260922,桐生,11,予選特選男子,雨,東,5,4,3,6,5427,港 理 樹,46,68,6.73,5,0.18,1.54.6,1-5-6,5100,16,1-5,460,2,1-5-6,3520,8,1-5,450,2
20260922,桐生,11,予選特選男子,雨,東,5,4,4,2,4485,楠 原 正 剛,65,75,6.78,2,0.31,1.54.9,1-5-6,5100,16,1-5,460,2,1-5-6,3520,8,1-5,450,2
20260922,桐生,11,予選特選男子,雨,東,5,4,5,4,3792,田 中 豪,42,47,6.63,6,0.20,1.55.4,1-5-6,5100,16,1-5,460,2,1-5-6,3520,8,1-5,450,2
20260922,桐生,11,予選特選男子,雨,東,5,4,6,3,3659,藤 生 雄 人,34,45,6.62,3,0.25,2.00.0,1-5-6,5100,16,1-5,460,2,1-5-6,3520,8,1-5,450,2
20260922,桐生,12,桐生特選女子,雨,東,4,3,1,3,4642,松 尾 夏 海,17,41,6.61,3,0.17,1.49.3,3-1-4,2080,8,3-1,740,3,1-3-4,380,1,1-3,290,1
20260922,桐生,12,桐生特選女子,雨,東,4,3,2,1,5213,湯 淺 紀 香,38,35,6.67,1,0.22,1.51.9,3-1-4,2080,8,3-1,740,3,1-3-4,380,1,1-3,290,1
20260922,桐生,12,桐生特選女子,雨,東,4,3,3,4,4746,大豆生田 蒼,41,54,6.70,4,0.18,1.52.2,3-1-4,2080,8,3-1,740,3,1-3-4,380,1,1-3,290,1
20260922,桐生,12,桐生特選女子,雨,東,4,3,4,2,4065,金 田 幸 子,57,48,6.64,2,0.29,1.53.9,3-1-4,2080,8,3-1,740,3,1-3-4,380,1,1-3,290,1
20260922,桐生,12,桐生特選女子,雨,東,4,3,5,6,4627,藤 原 菜 希,75,37,6.67,6,0.19,1.56.4,3-1-4,2080,8,3-1,740,3,1-3-4,380,1,1-3,290,1
20260922,桐生,12,桐生特選女子,雨,東,4,3,6,5,3357,福 島 陽 子,69,44,6.67,5,0.20,1.58.2,3-1-4,2080,8,3-1,740,3,1-3-4,380,1,1-3,290,1
20260922,江戸川,1,予選,晴,北,4,5,1,1,4093,吉 田 宗 弘,56,51,6.69,1,0.18,1.52.8,1-5-3,1560,4,1-5,980,5,1-3-5,380,2,1-5,740,4
20260922,江戸川,1,予選,晴,北,4,5,2,5,4491,田 中 堅,24,23,6.74,5,0.23,1.53.9,1-5-3,1560,4,1-5,980,5,1-3-5,380,2,1-5,740,4
20260922,江戸川,1,予選,晴,北,4,5,3,3,3340,池 田 雷 太,49,41,6.56,3,0.14,1.55.2,1-5-3,1560,4,1-5,980,5,1-3-5,380,2,1-5,740,4
20260922,江戸川,1,予選,晴,北,4,5,4,4,5398,鐘ヶ江 真 司,66,20,6.66,4,0.23,1.56.7,1-5-3,1560,4,1-5,980,5,1-3-5,380,2,1-5,740,4
20260922,江戸川,1,予選,晴,北,4,5,5,2,5309,森 雄 利,68,63,6.69,2,0.16,,1-5-3,1560,4,1-5,980,5,1-3-5,380,2,1-5,740,4
20260922,江戸川,1,予選,晴,北,4,5,6,6,5402,塚 越 陸 斗,63,30,6.63,6,0.19,,1-5-3,1560,4,1-5,980,5,1-3-5,380,2,1-5,740,4
20260922,江戸川,2,予選,晴,北東,4,5,1,1,5381,有 山 望,58,11,6.60,1,0.04,1.51.5,1-4-5,3330,13,1-4,1130,7,1-4-5,870,4,1-4,820,5
20260922,江戸川,2,予選,晴,北東,4,5,2,4,4575,戸 塚 邦 好,28,12,6.64,4,0.09,1.52.6,1-4-5,3330,13,1-4,1130,7,1-4-5,870,4,1-4,820,5
20260922,江戸川,2,予選,晴,北東,4,5,3,5,4245,高 橋 直 哉,27,28,6.65,5,0.17,1.54.5,1-4-5,3330,13,1-4,1130,7,1-4-5,870,4,1-4,820,5
20260922,江戸川,2,予選,晴,北東,4,5,4,3,5383,中 村 楓,62,37,6.63,3,0.09,1.56.7,1-4-5,3330,13,1-4,1130,7,1-4-5,870,4,1-4,820,5
20260922,江戸川,2,予選,晴,北東,4,5,5,2,3686,鳥居塚 孝 博,65,26,6.65,2,0.07,,1-4-5,3330,13,1-4,1130,7,1-4-5,870,4,1-4,820,5
20260922,江戸川,2,予選,晴,北東,4,5,6,6,5349,宮 崎 奏 磨,20,52,6.77,6,0.27,,1-4-5,3330,13,1-4,1130,7,1-4-5,870,4,1-4,820,5
20260922,江戸川,3,予選,晴,北,4,5,1,5,5054,佐々木 大 河,71,64,6.65,5,0.21,1.52.7,5-3-4,4180,20,5-3,850,4,3-4-5,1140,5,3-5,480,3
20260922,江戸川,3,予選,晴,北,4,5,2,3,3888,山 本 英 志,23,66,6.62,3,0.30,1.54.2,5-3-4,4180,20,5-3,850,4,3-4-5,1140,5,3-5,480,3
20260922,江戸川,3,予選,晴,北,4,5,3,4,3370,坪 内 実,70,62,6.65,4,0.41,1.56.0,5-3-4,4180,20,5-3,850,4,3-4-5,1140,5,3-5,480,3
20260922,江戸川,3,予選,晴,北,4,5,4,2,5183,中 野 孝 二,60,29,6.57,2,0.23,1.56.7,5-3-4,4180,20,5-3,850,4,3-4-5,1140,5,3-5,480,3
20260922,江戸川,3,予選,晴,北,4,5,5,6,5405,竹 内 来,22,27,6.65,6,0.23,,5-3-4,4180,20,5-3,850,4,3-4-5,1140,5,3-5,480,3
20260922,江戸川,3,予選,晴,北,4,5,6,1,4664,東 口 晃,13,54,6.65,1,0.36,,5-3-4,4180,20,5-3,850,4,3-4-5,1140,5,3-5,480,3
20260922,江戸川,4,予選,晴,北,3,5,1,1,5037,田 頭 虎 親,64,69,6.74,1,0.05,1.51.1,1-2-6,2390,7,1-2,340,1,1-2-6,920,4,1-2,360,1
20260922,江戸川,4,予選,晴,北,3,5,2,2,4172,森 定 晃 史,55,59,6.72,2,0.04,1.52.4,1-2-6,2390,7,1-2,340,1,1-2-6,920,4,1-2,360,1
20260922,江戸川,4,予選,晴,北,3,5,3,6,4735,角 山 雄 哉,69,57,6.71,6,0.15,1.54.0,1-2-6,2390,7,1-2,340,1,1-2-6,920,4,1-2,360,1
20260922,江戸川,4,予選,晴,北,3,5,4,4,4042,丸 岡 正 典,11,32,6.71,4,0.09,1.54.9,1-2-6,2390,7,1-2,340,1,1-2-6,920,4,1-2,360,1
20260922,江戸川,4,予選,晴,北,3,5,5,3,3895,堀 本 裕 也,54,14,6.69,3,0.07,,1-2-6,2390,7,1-2,340,1,1-2-6,920,4,1-2,360,1
20260922,江戸川,4,予選,晴,北,3,5,6,5,4979,中 野 夢 斗,32,61,6.78,5,0.09,,1-2-6,2390,7,1-2,340,1,1-2-6,920,4,1-2,360,1
20260922,江戸川,5,予選,晴,北,3,5,1,2,3548,室 田 泰 史,53,35,6.69,2,0.24,1.51.8,2-4-6,9630,31,2-4,2060,9,2-4-6,6770,15,2-4,3120,7
20260922,江戸川,5,予選,晴,北,3,5,2,4,5402,塚 越 陸 斗,63,30,6.63,4,0.21,1.53.8,2-4-6,9630,31,2-4,2060,9,2-4-6,6770,15,2-4,3120,7
20260922,江戸川,5,予選,晴,北,3,5,3,6,4368,山 口 隆 史,45,60,6.58,6,0.27,1.55.4,2-4-6,9630,31,2-4,2060,9,2-4-6,6770,15,2-4,3120,7
20260922,江戸川,5,予選,晴,北,3,5,4,3,4466,南 佑 典,67,45,6.72,3,0.29,1.56.3,2-4-6,9630,31,2-4,2060,9,2-4-6,6770,15,2-4,3120,7
20260922,江戸川,5,予選,晴,北,3,5,5,1,4632,長 尾 京志郎,47,71,6.84,1,0.37,,2-4-6,9630,31,2-4,2060,9,2-4-6,6770,15,2-4,3120,7
20260922,江戸川,5,予選,晴,北,3,5,6,5,5294,豊 田 祥 生,15,34,6.61,5,0.30,,2-4-6,9630,31,2-4,2060,9,2-4-6,6770,15,2-4,3120,7
20260922,江戸川,6,予選,晴,北,3,5,1,1,4470,平 田 健之佑,12,15,6.65,1,0.13,1.51.6,1-2-3,410,1,1-2,220,1,1-2-3,250,1,1-2,140,1
20260922,江戸川,6,予選,晴,北,3,5,2,2,4174,赤 坂 俊 輔,19,70,6.66,2,0.17,1.53.3,1-2-3,410,1,1-2,220,1,1-2-3,250,1,1-2,140,1
20260922,江戸川,6,予選,晴,北,3,5,3,3,4358,松 本 庸 平,43,19,6.60,3,0.27,1.55.3,1-2-3,410,1,1-2,220,1,1-2-3,250,1,1-2,140,1
20260922,江戸川,6,予選,晴,北,3,5,4,5,5398,鐘ヶ江 真 司,66,20,6.70,5,0.34,1.56.3,1-2-3,410,1,1-2,220,1,1-2-3,250,1,1-2,140,1
20260922,江戸川,6,予選,晴,北,3,5,5,6,3569,増 田 進,37,33,6.72,6,0.37,,1-2-3,410,1,1-2,220,1,1-2-3,250,1,1-2,140,1
20260922,江戸川,6,予選,晴,北,3,5,6,4,5381,有 山 望,58,11,6.73,4,0.27,,1-2-3,410,1,1-2,220,1,1-2-3,250,1,1-2,140,1
20260922,江戸川,7,予選,晴,北東,1,5,1,1,4467,渡 邉 俊 介,41,21,6.70,1,0.13,1.50.8,1-5-6,21520,40,1-5,4350,9,1-5-6,4840,14,1-5,3220,8
20260922,江戸川,7,予選,晴,北東,1,5,2,5,5405,竹 内 来,22,27,6.71,5,0.15,1.53.4,1-5-6,21520,40,1-5,4350,9,1-5-6,4840,14,1-5,3220,8
20260922,江戸川,7,予選,晴,北東,1,5,3,6,4725,佐 竹 太 一,25,48,6.65,6,0.12,1.55.2,1-5-6,21520,40,1-5,4350,9,1-5-6,4840,14,1-5,3220,8
20260922,江戸川,7,予選,晴,北東,1,5,4,4,5383,中 村 楓,62,37,6.56,4,0.19,1.57.1,1-5-6,21520,40,1-5,4350,9,1-5-6,4840,14,1-5,3220,8
20260922,江戸川,7,予選,晴,北東,1,5,5,3,5309,森 雄 利,68,63,6.56,3,0.19,,1-5-6,21520,40,1-5,4350,9,1-5-6,4840,14,1-5,3220,8
20260922,江戸川,7,予選,晴,北東,1,5,6,2,3541,三 嶌 誠 司,57,31,6.68,2,0.25,,1-5-6,21520,40,1-5,4350,9,1-5-6,4840,14,1-5,3220,8
20260922,江戸川,8,予選,晴,南東,3,5,1,1,4384,鶴 本 崇 文,26,68,6.76,1,0.16,1.53.2,1-3-4,980,2,1-3,250,1,1-3-4,560,2,1-3,310,1
20260922,江戸川,8,予選,晴,南東,3,5,2,3,4509,平 見 真 彦,50,50,6.68,3,0.20,1.54.0,1-3-4,980,2,1-3,250,1,1-3-4,560,2,1-3,310,1
20260922,江戸川,8,予選,晴,南東,3,5,3,4,4664,東 口 晃,13,54,6.69,4,0.31,1.55.6,1-3-4,980,2,1-3,250,1,1-3-4,560,2,1-3,310,1
20260922,江戸川,8,予選,晴,南東,3,5,4,2,3895,堀 本 裕 也,54,14,6.78,2,0.23,1.57.5,1-3-4,980,2,1-3,250,1,1-3-4,560,2,1-3,310,1
20260922,江戸川,8,予選,晴,南東,3,5,5,6,3340,池 田 雷 太,49,41,6.66,6,0.21,,1-3-4,980,2,1-3,250,1,1-3-4,560,2,1-3,310,1
20260922,江戸川,8,予選,晴,南東,3,5,6,5,5351,齊 藤 廉,29,67,6.77,5,0.28,,1-3-4,980,2,1-3,250,1,1-3-4,560,2,1-3,310,1
20260922,江戸川,9,予選特賞,晴,南,5,5,1,1,4483,北 野 輝 季,46,18,6.81,1,0.11,1.53.4,1-2-3,360,1,1-2,140,1,1-2-3,230,1,1-2,150,1
20260922,江戸川,9,予選特賞,晴,南,5,5,2,2,4148,枝 尾 賢,48,40,6.70,2,0.13,1.54.3,1-2-3,360,1,1-2,140,1,1-2-3,230,1,1-2,150,1
20260922,江戸川,9,予選特賞,晴,南,5,5,3,3,5037,田 頭 虎 親,64,69,6.73,3,0.15,1.54.5,1-2-3,360,1,1-2,140,1,1-2-3,230,1,1-2,150,1
20260922,江戸川,9,予選特賞,晴,南,5,5,4,4,4466,南 佑 典,67,45,6.83,4,0.36,1.56.7,1-2-3,360,1,1-2,140,1,1-2-3,230,1,1-2,150,1
20260922,江戸川,9,予選特賞,晴,南,5,5,5,5,5349,宮 崎 奏 磨,20,52,6.78,5,0.39,,1-2-3,360,1,1-2,140,1,1-2-3,230,1,1-2,150,1
20260922,江戸川,9,予選特賞,晴,南,5,5,6,6,3370,坪 内 実,70,62,6.76,6,0.76,,1-2-3,360,1,1-2,140,1,1-2-3,230,1,1-2,150,1
20260922,江戸川,10,予選特賞,晴,南東,4,5,1,1,4174,赤 坂 俊 輔,19,70,6.82,1,0.18,1.52.2,1-4-3,1520,4,1-4,260,2,1-3-4,320,1,1-4,430,2
20260922,江戸川,10,予選特賞,晴,南東,4,5,2,4,3888,山 本 英 志,23,66,6.77,4,0.16,1.53.6,1-4-3,1520,4,1-4,260,2,1-3-4,320,1,1-4,430,2
20260922,江戸川,10,予選特賞,晴,南東,4,5,3,3,4093,吉 田 宗 弘,56,51,6.73,3,0.18,1.55.5,1-4-3,1520,4,1-4,260,2,1-3-4,320,1,1-4,430,2
20260922,江戸川,10,予選特賞,晴,南東,4,5,4,6,4172,森 定 晃 史,55,59,6.75,5,0.25,1.56.3,1-4-3,1520,4,1-4,260,2,1-3-4,320,1,1-4,430,2
20260922,江戸川,10,予選特賞,晴,南東,4,5,5,2,5293,眞 崎 武 蔵,36,16,6.80,2,0.25,,1-4-3,1520,4,1-4,260,2,1-3-4,320,1,1-4,430,2
20260922,江戸川,10,予選特賞,晴,南東,4,5,K0,5,3686,鳥居塚 孝 博,65,26 K,,,,,1-4-3,1520,4,1-4,260,2,1-3-4,320,1,1-4,430,2
20260922,江戸川,11,予選特選,晴,南東,3,5,1,1,5054,佐々木 大 河,71,64,6.69,1,0.13,1.52.8,1-2-3,350,1,1-2,200,1,1-2-3,110,1,1-2,160,1
20260922,江戸川,11,予選特選,晴,南東,3,5,2,2,4850,野 中 一 平,38,24,6.84,2,0.11,1.54.1,1-2-3,350,1,1-2,200,1,1-2-3,110,1,1-2,160,1
20260922,江戸川,11,予選特選,晴,南東,3,5,3,3,3548,室 田 泰 史,53,35,6.77,3,0.14,1.55.2,1-2-3,350,1,1-2,200,1,1-2-3,110,1,1-2,160,1
20260922,江戸川,11,予選特選,晴,南東,3,5,4,6,4491,田 中 堅,24,23,6.77,5,0.11,1.56.1,1-2-3,350,1,1-2,200,1,1-2-3,110,1,1-2,160,1
20260922,江戸川,11,予選特選,晴,南東,3,5,5,4,4735,角 山 雄 哉,69,57,6.83,4,0.13,,1-2-3,350,1,1-2,200,1,1-2-3,110,1,1-2,160,1
20260922,江戸川,11,予選特選,晴,南東,3,5,K0,5,3541,三 嶌 誠 司,57,31 K,,,,,1-2-3,350,1,1-2,200,1,1-2-3,110,1,1-2,160,1
20260922,江戸川,12,記者選抜戦,晴,南,5,5,1,1,4370,山 口 達 也,34,49,6.72,1,0.17,1.53.0,1-4-2,2720,9,1-4,980,5,1-2-4,740,3,1-4,1080,4
20260922,江戸川,12,記者選抜戦,晴,南,5,5,2,4,5183,中 野 孝 二,60,29,6.63,4,0.22,1.54.2,1-4-2,2720,9,1-4,980,5,1-2-4,740,3,1-4,1080,4
20260922,江戸川,12,記者選抜戦,晴,南,5,5,3,2,4042,丸 岡 正 典,11,32,6.63,2,0.19,1.55.0,1-4-2,2720,9,1-4,980,5,1-2-4,740,3,1-4,1080,4
20260922,江戸川,12,記者選抜戦,晴,南,5,5,4,6,4509,平 見 真 彦,50,38,6.72,6,0.19,1.55.9,1-4-2,2720,9,1-4,980,5,1-2-4,740,3,1-4,1080,4
20260922,江戸川,12,記者選抜戦,晴,南,5,5,5,5,4470,平 田 健之佑,12,15,6.76,5,0.15,,1-4-2,2720,9,1-4,980,5,1-2-4,740,3,1-4,1080,4
20260922,江戸川,12,記者選抜戦,晴,南,5,5,6,3,5294,豊 田 祥 生,15,34,6.78,3,0.27,,1-4-2,2720,9,1-4,980,5,1-2-4,740,3,1-4,1080,4
20260922,浜名湖,1,予選,晴,北西,3,1,1,1,3523,寳 田 亮 治,11,69,6.80,1,0.18,1.51.1,1-2-4,3800,15,1-2,830,4,1-2-4,1540,6,1-2,670,2
20260922,浜名湖,1,予選,晴,北西,3,1,2,2,4196,田 中 太一郎,54,44,6.81,2,0.15,1.52.2,1-2-4,3800,15,1-2,830,4,1-2-4,1540,6,1-2,670,2
20260922,浜名湖,1,予選,晴,北西,3,1,3,4,4151,下 河 誉 史,60,14,6.89,4,0.31,1.52.2,1-2-4,3800,15,1-2,830,4,1-2-4,1540,6,1-2,670,2
20260922,浜名湖,1,予選,晴,北西,3,1,4,3,4436,渋 谷 明 憲,12,17,6.81,3,0.19,1.53.8,1-2-4,3800,15,1-2,830,4,1-2-4,1540,6,1-2,670,2
20260922,浜名湖,1,予選,晴,北西,3,1,5,6,5046,松 山 裕 基,56,15,6.80,6,0.29,,1-2-4,3800,15,1-2,830,4,1-2-4,1540,6,1-2,670,2
20260922,浜名湖,1,予選,晴,北西,3,1,6,5,4049,荒 川 健 太,33,21,6.88,5,0.23,,1-2-4,3800,15,1-2,830,4,1-2-4,1540,6,1-2,670,2
20260922,浜名湖,2,予選,晴,北西,3,1,1,1,5400,高 村 諒,34,27,6.78,1,0.12,1.50.0,1-6-4,9650,55,1-6,2760,17,1-4-6,1380,9,1-6,1570,10
20260922,浜名湖,2,予選,晴,北西,3,1,2,6,4518,大須賀 友,14,22,6.73,5,0.19,1.50.9,1-6-4,9650,55,1-6,2760,17,1-4-6,1380,9,1-6,1570,10
20260922,浜名湖,2,予選,晴,北西,3,1,3,4,4992,廣 瀬 篤 哉,5,43,6.81,6,0.17,1.53.2,1-6-4,9650,55,1-6,2760,17,1-4-6,1380,9,1-6,1570,10
20260922,浜名湖,2,予選,晴,北西,3,1,4,2,3711,江 本 真 治,43,29,6.84,2,0.16,1.53.9,1-6-4,9650,55,1-6,2760,17,1-4-6,1380,9,1-6,1570,10
20260922,浜名湖,2,予選,晴,北西,3,1,5,3,4128,川 口 貴 久,2,24,6.83,3,0.17,,1-6-4,9650,55,1-6,2760,17,1-4-6,1380,9,1-6,1570,10
20260922,浜名湖,2,予選,晴,北西,3,1,6,5,4753,森 照 夫,24,18,6.89,4,0.18,,1-6-4,9650,55,1-6,2760,17,1-4-6,1380,9,1-6,1570,10
20260922,浜名湖,3,予選,晴,北西,2,1,1,1,4263,武 重 雄 介,28,60,6.82,1,0.22,1.50.2,1-3-2,1710,6,1-3,610,2,1-2-3,410,2,1-3,360,2
20260922,浜名湖,3,予選,晴,北西,2,1,2,3,4570,前 田 聖 文,36,71,6.75,3,0.21,1.51.8,1-3-2,1710,6,1-3,610,2,1-2-3,410,2,1-3,360,2
20260922,浜名湖,3,予選,晴,北西,2,1,3,2,4661,中 島 昂 章,15,37,6.80,2,0.27,1.52.9,1-3-2,1710,6,1-3,610,2,1-2-3,410,2,1-3,360,2
20260922,浜名湖,3,予選,晴,北西,2,1,4,4,4460,後 藤 翔 之,37,23,6.75,4,0.22,1.53.0,1-3-2,1710,6,1-3,610,2,1-2-3,410,2,1-3,360,2
20260922,浜名湖,3,予選,晴,北西,2,1,5,6,3910,松 下 知 幸,50,33,6.81,5,0.26,,1-3-2,1710,6,1-3,610,2,1-2-3,410,2,1-3,360,2
20260922,浜名湖,3,予選,晴,北西,2,1,6,5,4561,藤 山 翔 大,18,56,6.82,6,0.45,,1-3-2,1710,6,1-3,610,2,1-2-3,410,2,1-3,360,2
20260922,浜名湖,4,ランチタイム,晴,北西,2,1,1,1,4302,西 野 翔 太,57,65,6.75,1,0.05,1.51.0,1-3-2,810,3,1-3,380,2,1-2-3,390,2,1-3,410,3
20260922,浜名湖,4,ランチタイム,晴,北西,2,1,2,3,3655,本 橋 克 洋,49,12,6.78,3,0.14,1.52.2,1-3-2,810,3,1-3,380,2,1-2-3,390,2,1-3,410,3
20260922,浜名湖,4,ランチタイム,晴,北西,2,1,3,2,3294,野 中 義 生,45,67,6.73,2,0.12,1.53.9,1-3-2,810,3,1-3,380,2,1-2-3,390,2,1-3,410,3
20260922,浜名湖,4,ランチタイム,晴,北西,2,1,4,4,4327,加 藤 翔,29,19,6.78,4,0.14,1.53.9,1-3-2,810,3,1-3,380,2,1-2-3,390,2,1-3,410,3
20260922,浜名湖,4,ランチタイム,晴,北西,2,1,5,5,3989,熊 本 英 一,46,25,6.83,6,0.15,,1-3-2,810,3,1-3,380,2,1-2-3,390,2,1-3,410,3
20260922,浜名湖,4,ランチタイム,晴,北西,2,1,6,6,5083,柳 瀬 幹 太,4,51,6.78,5,0.15,,1-3-2,810,3,1-3,380,2,1-2-3,390,2,1-3,410,3
20260922,浜名湖,5,予選,晴,北西,2,1,1,1,4143,浦 田 晃 嗣,8,64,6.79,1,0.08,1.50.7,1-5-2,6310,28,1-5,2070,11,1-2-5,1160,6,1-5,2050,6
20260922,浜名湖,5,予選,晴,北西,2,1,2,5,4793,金 子 萌,35,32,6.79,5,0.08,1.51.0,1-5-2,6310,28,1-5,2070,11,1-2-5,1160,6,1-5,2050,6
20260922,浜名湖,5,予選,晴,北西,2,1,3,2,3517,高 橋 勲,47,57,6.81,2,0.08,1.52.4,1-5-2,6310,28,1-5,2070,11,1-2-5,1160,6,1-5,2050,6
20260922,浜名湖,5,予選,晴,北西,2,1,4,3,5299,西 丸 敦 基,40,72,6.82,3,0.09,1.54.5,1-5-2,6310,28,1-5,2070,11,1-2-5,1160,6,1-5,2050,6
20260922,浜名湖,5,予選,晴,北西,2,1,5,6,4189,川 上 剛,7,41,6.75,6,0.21,,1-5-2,6310,28,1-5,2070,11,1-2-5,1160,6,1-5,2050,6
20260922,浜名湖,5,予選,晴,北西,2,1,6,4,4196,田 中 太一郎,54,44,6.76,4,0.21,,1-5-2,6310,28,1-5,2070,11,1-2-5,1160,6,1-5,2050,6
20260922,浜名湖,6,予選,晴,西,2,1,1,4,4352,下 條 雄太郎,38,76,6.74,4,0.11,1.50.0,4-1-3,1620,4,4-1,570,3,1-3-4,200,1,1-4,220,1
20260922,浜名湖,6,予選,晴,西,2,1,2,1,4593,小 坂 宗 司,9,58,6.67,1,0.13,1.51.2,4-1-3,1620,4,4-1,570,3,1-3-4,200,1,1-4,220,1
20260922,浜名湖,6,予選,晴,西,2,1,3,3,3613,角 谷 健 吾,59,68,6.79,3,0.21,1.52.8,4-1-3,1620,4,4-1,570,3,1-3-4,200,1,1-4,220,1
20260922,浜名湖,6,予選,晴,西,2,1,4,5,4945,上 村 宏 太,30,66,6.70,5,0.08,1.54.6,4-1-3,1620,4,4-1,570,3,1-3-4,200,1,1-4,220,1
20260922,浜名湖,6,予選,晴,西,2,1,5,2,5046,松 山 裕 基,56,15,6.70,2,0.21,,4-1-3,1620,4,4-1,570,3,1-3-4,200,1,1-4,220,1
20260922,浜名湖,6,予選,晴,西,2,1,6,6,4992,廣 瀬 篤 哉,5,43,6.73,6,0.12,,4-1-3,1620,4,4-1,570,3,1-3-4,200,1,1-4,220,1
20260922,浜名湖,7,予選,晴,南,3,1,1,4,5368,宮 崎 心之介,64,61,6.73,4,0.01,1.55.5,4-3-1,3700,16,4-3,2040,9,1-3-4,320,2,3-4,570,3
20260922,浜名湖,7,予選,晴,南,3,1,2,3,4518,大須賀 友,14,22,6.66,3,0.17,1.59.3,4-3-1,3700,16,4-3,2040,9,1-3-4,320,2,3-4,570,3
20260922,浜名湖,7,予選,晴,南,3,1,3,1,4151,下 河 誉 史,60,14,6.76,1,0.14,2.00.1,4-3-1,3700,16,4-3,2040,9,1-3-4,320,2,3-4,570,3
20260922,浜名湖,7,予選,晴,南,3,1,4,2,3514,山 一 鉄 也,51,45,6.70,2,0.08,2.02.1,4-3-1,3700,16,4-3,2040,9,1-3-4,320,2,3-4,570,3
20260922,浜名湖,7,予選,晴,南,3,1,5,6,4561,藤 山 翔 大,18,56,6.84,6,0.29,,4-3-1,3700,16,4-3,2040,9,1-3-4,320,2,3-4,570,3
20260922,浜名湖,7,予選,晴,南,3,1,S0,5,5007,近 藤 雄一郎,21,50,6.88,5,0.16,,4-3-1,3700,16,4-3,2040,9,1-3-4,320,2,3-4,570,3
20260922,浜名湖,8,ブレイクタイ,晴,南,3,1,1,6,3294,野 中 義 生,45,67,6.68,6,0.08,1.50.4,6-2-3,207790,112,6-2,32720,29,2-3-6,8600,16,2-6,18520,14
20260922,浜名湖,8,ブレイクタイ,晴,南,3,1,2,2,4753,森 照 夫,24,18,6.78,2,0.17,1.52.3,6-2-3,207790,112,6-2,32720,29,2-3-6,8600,16,2-6,18520,14
20260922,浜名湖,8,ブレイクタイ,晴,南,3,1,3,3,3523,寳 田 亮 治,11,69,6.75,3,0.16,1.53.8,6-2-3,207790,112,6-2,32720,29,2-3-6,8600,16,2-6,18520,14
20260922,浜名湖,8,ブレイクタイ,晴,南,3,1,4,4,4044,湯 川 浩 司,25,46,6.73,4,0.03,1.55.4,6-2-3,207790,112,6-2,32720,29,2-3-6,8600,16,2-6,18520,14
20260922,浜名湖,8,ブレイクタイ,晴,南,3,1,5,1,4460,後 藤 翔 之,37,23,6.69,1,0.11,,6-2-3,207790,112,6-2,32720,29,2-3-6,8600,16,2-6,18520,14
20260922,浜名湖,8,ブレイクタイ,晴,南,3,1,6,5,5371,早 川 颯 太,3,34,6.75,5,0.06,,6-2-3,207790,112,6-2,32720,29,2-3-6,8600,16,2-6,18520,14
20260922,浜名湖,9,予選特賞,晴,南,3,1,1,1,3475,橋 本 久 和,65,48,6.67,1,0.12,1.50.7,1-5-2,1910,7,1-5,830,4,1-2-5,330,2,1-5,710,4
20260922,浜名湖,9,予選特賞,晴,南,3,1,2,5,4570,前 田 聖 文,36,71,6.72,5,0.09,1.52.0,1-5-2,1910,7,1-5,830,4,1-2-5,330,2,1-5,710,4
20260922,浜名湖,9,予選特賞,晴,南,3,1,3,2,4436,渋 谷 明 憲,12,17,6.69,2,0.14,1.53.4,1-5-2,1910,7,1-5,830,4,1-2-5,330,2,1-5,710,4
20260922,浜名湖,9,予選特賞,晴,南,3,1,4,3,4140,梶 野 学 志,39,53,6.78,3,0.12,1.55.1,1-5-2,1910,7,1-5,830,4,1-2-5,330,2,1-5,710,4
20260922,浜名湖,9,予選特賞,晴,南,3,1,5,4,5400,高 村 諒,34,27,6.71,4,0.06,,1-5-2,1910,7,1-5,830,4,1-2-5,330,2,1-5,710,4
20260922,浜名湖,9,予選特賞,晴,南,3,1,6,6,5379,廣 部 大 明,31,59,6.72,6,0.08,,1-5-2,1910,7,1-5,830,4,1-2-5,330,2,1-5,710,4
20260922,浜名湖,10,予選特賞,晴,南,3,1,1,4,5348,小 林 甘 寧,58,63,6.69,4,0.14,1.49.3,4-6-5,6620,25,4-6,1760,8,4-5-6,3190,12,4-6,1360,5
20260922,浜名湖,10,予選特賞,晴,南,3,1,2,6,4227,安 達 裕 樹,27,35,6.69,6,0.41,1.52.5,4-6-5,6620,25,4-6,1760,8,4-5-6,3190,12,4-6,1360,5
20260922,浜名湖,10,予選特賞,晴,南,3,1,3,5,3910,松 下 知 幸,50,33,6.75,5,0.25,1.53.2,4-6-5,6620,25,4-6,1760,8,4-5-6,3190,12,4-6,1360,5
20260922,浜名湖,10,予選特賞,晴,南,3,1,4,1,4049,荒 川 健 太,33,21,6.70,1,0.30,1.54.6,4-6-5,6620,25,4-6,1760,8,4-5-6,3190,12,4-6,1360,5
20260922,浜名湖,10,予選特賞,晴,南,3,1,5,3,4189,川 上 剛,7,41,6.74,3,0.27,,4-6-5,6620,25,4-6,1760,8,4-5-6,3190,12,4-6,1360,5
20260922,浜名湖,10,予選特賞,晴,南,3,1,6,2,3989,熊 本 英 一,46,25,6.76,2,0.58,,4-6-5,6620,25,4-6,1760,8,4-5-6,3190,12,4-6,1360,5
20260922,浜名湖,11,予選特選,晴,南,3,1,1,1,4352,下 條 雄太郎,38,76,6.67,1,0.15,1.49.4,1-4-3,1860,8,1-4,350,2,1-3-4,910,3,1-4,200,1
20260922,浜名湖,11,予選特選,晴,南,3,1,2,4,4428,有 賀 達 也,10,30,6.68,4,0.10,1.51.3,1-4-3,1860,8,1-4,350,2,1-3-4,910,3,1-4,200,1
20260922,浜名湖,11,予選特選,晴,南,3,1,3,3,4919,吉 田 翔 悟,66,62,6.71,3,0.10,1.52.4,1-4-3,1860,8,1-4,350,2,1-3-4,910,3,1-4,200,1
20260922,浜名湖,11,予選特選,晴,南,3,1,4,2,4793,金 子 萌,35,32,6.68,2,0.11,1.54.2,1-4-3,1860,8,1-4,350,2,1-3-4,910,3,1-4,200,1
20260922,浜名湖,11,予選特選,晴,南,3,1,5,6,4661,中 島 昂 章,15,37,6.75,6,0.24,,1-4-3,1860,8,1-4,350,2,1-3-4,910,3,1-4,200,1
20260922,浜名湖,11,予選特選,晴,南,3,1,6,5,5083,柳 瀬 幹 太,4,51,6.68,5,0.15,,1-4-3,1860,8,1-4,350,2,1-3-4,910,3,1-4,200,1
20260922,浜名湖,12,予選特選,晴,南,3,1,1,1,4044,湯 川 浩 司,25,46,6.69,1,0.14,1.51.0,1-2-3,980,3,1-2,240,1,1-2-3,370,2,1-2,230,1
20260922,浜名湖,12,予選特選,晴,南,3,1,2,2,3613,角 谷 健 吾,59,68,6.69,2,0.15,1.51.8,1-2-3,980,3,1-2,240,1,1-2-3,370,2,1-2,230,1
20260922,浜名湖,12,予選特選,晴,南,3,1,3,3,5368,宮 崎 心之介,64,61,6.68,3,0.16,1.52.8,1-2-3,980,3,1-2,240,1,1-2-3,370,2,1-2,230,1
20260922,浜名湖,12,予選特選,晴,南,3,1,4,5,4128,川 口 貴 久,2,24,6.73,5,0.16,1.55.0,1-2-3,980,3,1-2,240,1,1-2-3,370,2,1-2,230,1
20260922,浜名湖,12,予選特選,晴,南,3,1,5,4,4302,西 野 翔 太,57,65,6.61,4,0.18,,1-2-3,980,3,1-2,240,1,1-2-3,370,2,1-2,230,1
20260922,浜名湖,12,予選特選,晴,南,3,1,6,6,5299,西 丸 敦 基,40,72,6.74,6,0.21,,1-2-3,980,3,1-2,240,1,1-2-3,370,2,1-2,230,1
20260922,福岡,1,カタメン１予,晴,北東,5,5,1,1,4826,井 上 一 輝,75,121,6.79,1,0.17,1.51.4,1-2-4,1860,8,1-2,210,1,1-2-4,1130,5,1-2,150,1
20260922,福岡,1,カタメン１予,晴,北東,5,5,2,2,3643,米 田 隆 弘,57,110,6.81,2,0.15,1.53.2,1-2-4,1860,8,1-2,210,1,1-2-4,1130,5,1-2,150,1
20260922,福岡,1,カタメン１予,晴,北東,5,5,3,4,5253,藤 井 太 雅,53,167,6.89,4,0.22,1.54.2,1-2-4,1860,8,1-2,210,1,1-2-4,1130,5,1-2,150,1
20260922,福岡,1,カタメン１予,晴,北東,5,5,4,5,4161,黒 柳 浩 孝,74,139,6.85,5,0.22,1.56.1,1-2-4,1860,8,1-2,210,1,1-2-4,1130,5,1-2,150,1
20260922,福岡,1,カタメン１予,晴,北東,5,5,5,3,4623,中 北 将 史,37,145,6.85,3,0.19,,1-2-4,1860,8,1-2,210,1,1-2-4,1130,5,1-2,150,1
20260922,福岡,1,カタメン１予,晴,北東,5,5,6,6,4947,間 庭 菜 摘,23,118,6.78,6,0.20,,1-2-4,1860,8,1-2,210,1,1-2-4,1130,5,1-2,150,1
20260922,福岡,2,予選,晴,北東,6,6,1,2,4063,市 橋 卓 士,68,103,6.92,2,0.20,1.52.5,2-1-4,1640,5,2-1,500,2,1-2-4,620,2,1-2,210,1
20260922,福岡,2,予選,晴,北東,6,6,2,1,4257,古 川 健,56,126,6.87,1,0.20,1.54.3,2-1-4,1640,5,2-1,500,2,1-2-4,620,2,1-2,210,1
20260922,福岡,2,予選,晴,北東,6,6,3,4,5013,山 下 夏 鈴,64,109,6.81,4,0.26,1.54.5,2-1-4,1640,5,2-1,500,2,1-2-4,620,2,1-2,210,1
20260922,福岡,2,予選,晴,北東,6,6,4,3,4607,鶴 田 勇 雄,17,106,6.82,3,0.23,1.54.7,2-1-4,1640,5,2-1,500,2,1-2-4,620,2,1-2,210,1
20260922,福岡,2,予選,晴,北東,6,6,5,5,3664,鈴 木 賢 一,63,148,6.92,5,0.35,,2-1-4,1640,5,2-1,500,2,1-2-4,620,2,1-2,210,1
20260922,福岡,2,予選,晴,北東,6,6,6,6,5459,田 中 き ら,48,127,6.90,6,0.41,,2-1-4,1640,5,2-1,500,2,1-2-4,620,2,1-2,210,1
20260922,福岡,3,カタメン３予,晴,北東,6,6,1,3,4024,井 口 佳 典,61,142,6.84,3,0.14,1.52.3,3-2-6,9830,32,3-2,440,2,2-3-6,4050,11,2-3,620,4
20260922,福岡,3,カタメン３予,晴,北東,6,6,2,2,4764,小 池 礼 乃,66,136,6.83,2,0.16,1.53.1,3-2-6,9830,32,3-2,440,2,2-3-6,4050,11,2-3,620,4
20260922,福岡,3,カタメン３予,晴,北東,6,6,3,6,3866,木 山 誠 一,47,130,6.90,6,0.25,1.54.4,3-2-6,9830,32,3-2,440,2,2-3-6,4050,11,2-3,620,4
20260922,福岡,3,カタメン３予,晴,北東,6,6,4,4,4649,和 田 操 拓,38,129,6.88,4,0.21,1.56.3,3-2-6,9830,32,3-2,440,2,2-3-6,4050,11,2-3,620,4
20260922,福岡,3,カタメン３予,晴,北東,6,6,5,1,4691,水 原 慎,54,162,6.83,1,0.11,,3-2-6,9830,32,3-2,440,2,2-3-6,4050,11,2-3,620,4
20260922,福岡,3,カタメン３予,晴,北東,6,6,6,5,5063,大 塚 雅 治,29,112,6.90,5,0.22,,3-2-6,9830,32,3-2,440,2,2-3-6,4050,11,2-3,620,4
20260922,福岡,4,予選,晴,北東,6,6,1,1,5276,大 島 隆乃介,22,108,6.88,1,0.15,1.53.1,1-2-4,560,1,1-2,530,2,1-2-4,200,1,1-2,240,1
20260922,福岡,4,予選,晴,北東,6,6,2,2,4066,東 本 勝 利,11,115,6.87,2,0.11,1.53.5,1-2-4,560,1,1-2,530,2,1-2-4,200,1,1-2,240,1
20260922,福岡,4,予選,晴,北東,6,6,3,4,4254,川 島 圭 司,20,113,6.87,4,0.09,1.55.3,1-2-4,560,1,1-2,530,2,1-2-4,200,1,1-2,240,1
20260922,福岡,4,予選,晴,北東,6,6,4,3,3303,渡 辺 豊,19,124,6.93,3,0.12,1.56.7,1-2-4,560,1,1-2,530,2,1-2-4,200,1,1-2,240,1
20260922,福岡,4,予選,晴,北東,6,6,5,5,4449,中 嶋 達 也,69,131,6.91,5,0.09,,1-2-4,560,1,1-2,530,2,1-2-4,200,1,1-2,240,1
20260922,福岡,4,予選,晴,北東,6,6,6,6,5447,岡 本 亜 子,60,125,6.88,6,0.26,,1-2-4,560,1,1-2,530,2,1-2-4,200,1,1-2,240,1
20260922,福岡,5,予選,晴,北東,7,7,1,3,4269,杉 山 裕 也,40,152,6.91,3,0.20,1.53.3,3-1-6,1620,3,3-1,540,3,1-3-6,440,2,1-3,390,2
20260922,福岡,5,予選,晴,北東,7,7,2,1,4181,花 本 夏 樹,27,120,6.95,1,0.22,1.54.6,3-1-6,1620,3,3-1,540,3,1-3-6,440,2,1-3,390,2
20260922,福岡,5,予選,晴,北東,7,7,3,6,5015,高 橋 竜 矢,25,117,6.97,6,0.21,1.55.7,3-1-6,1620,3,3-1,540,3,1-3-6,440,2,1-3,390,2
20260922,福岡,5,予選,晴,北東,7,7,4,4,5085,中 村 栄 治,45,140,6.95,4,0.18,1.57.0,3-1-6,1620,3,3-1,540,3,1-3-6,440,2,1-3,390,2
20260922,福岡,5,予選,晴,北東,7,7,5,2,5253,藤 井 太 雅,53,167,6.97,2,0.26,,3-1-6,1620,3,3-1,540,3,1-3-6,440,2,1-3,390,2
20260922,福岡,5,予選,晴,北東,7,7,6,5,4017,向 井 美 鈴,14,137,7.04,5,0.22,,3-1-6,1620,3,3-1,540,3,1-3-6,440,2,1-3,390,2
20260922,福岡,6,予選,晴,北東,7,7,1,2,3300,川 崎 智 幸,46,170,6.92,2,0.13,1.52.4,2-1-3,3240,11,2-1,780,4,1-2-3,670,3,1-2,480,2
20260922,福岡,6,予選,晴,北東,7,7,2,1,5180,藤 本 紗弥香,16,102,6.92,1,0.30,1.54.7,2-1-3,3240,11,2-1,780,4,1-2-3,670,3,1-2,480,2
20260922,福岡,6,予選,晴,北東,7,7,3,3,4257,古 川 健,56,126,6.96,3,0.12,1.54.8,2-1-3,3240,11,2-1,780,4,1-2-3,670,3,1-2,480,2
20260922,福岡,6,予選,晴,北東,7,7,4,6,4391,松 田 祐 季,72,158,6.93,6,0.17,1.56.9,2-1-3,3240,11,2-1,780,4,1-2-3,670,3,1-2,480,2
20260922,福岡,6,予選,晴,北東,7,7,5,4,4656,大 崎 翔,50,141,6.97,4,0.15,,2-1-3,3240,11,2-1,780,4,1-2-3,670,3,1-2,480,2
20260922,福岡,6,予選,晴,北東,7,7,6,5,4623,中 北 将 史,37,145,6.92,5,0.13,,2-1-3,3240,11,2-1,780,4,1-2-3,670,3,1-2,480,2
20260922,福岡,7,予選,晴,北東,7,7,1,1,3629,浅 見 昌 克,31,160,6.91,1,0.15,1.53.1,1-4-3,1510,5,1-4,280,1,1-3-4,480,3,1-4,180,1
20260922,福岡,7,予選,晴,北東,7,7,2,4,4736,高 倉 和 士,21,132,6.98,4,0.11,1.53.6,1-4-3,1510,5,1-4,280,1,1-3-4,480,3,1-4,180,1
20260922,福岡,7,予選,晴,北東,7,7,3,3,5302,秋 末 秦 悟,24,105,6.90,3,0.14,1.55.8,1-4-3,1510,5,1-4,280,1,1-3-4,480,3,1-4,180,1
20260922,福岡,7,予選,晴,北東,7,7,4,5,3643,米 田 隆 弘,57,110,7.02,5,0.14,1.57.2,1-4-3,1510,5,1-4,280,1,1-3-4,480,3,1-4,180,1
20260922,福岡,7,予選,晴,北東,7,7,5,2,5261,岡 暢 祐,30,107,6.93,2,0.13,,1-4-3,1510,5,1-4,280,1,1-3-4,480,3,1-4,180,1
20260922,福岡,7,予選,晴,北東,7,7,6,6,5013,山 下 夏 鈴,64,109,6.89,6,0.15,,1-4-3,1510,5,1-4,280,1,1-3-4,480,3,1-4,180,1
20260922,福岡,8,予選,晴,北東,7,7,1,1,3388,今 垣 光太郎,55,146,6.96,1,0.22,1.54.1,1-3-5,820,3,1-3,170,1,1-3-5,460,2,1-3,170,1
20260922,福岡,8,予選,晴,北東,7,7,2,3,4695,尾 崎 雄 二,35,168,6.93,3,0.22,1.54.9,1-3-5,820,3,1-3,170,1,1-3-5,460,2,1-3,170,1
20260922,福岡,8,予選,晴,北東,7,7,3,5,2878,富 山 弘 幸,42,111,6.92,4,0.23,1.56.7,1-3-5,820,3,1-3,170,1,1-3-5,460,2,1-3,170,1
20260922,福岡,8,予選,晴,北東,7,7,4,2,3664,鈴 木 賢 一,63,148,6.95,2,0.21,1.56.8,1-3-5,820,3,1-3,170,1,1-3-5,460,2,1-3,170,1
20260922,福岡,8,予選,晴,北東,7,7,5,4,4947,間 庭 菜 摘,23,118,6.82,5,0.18,,1-3-5,820,3,1-3,170,1,1-3-5,460,2,1-3,170,1
20260922,福岡,8,予選,晴,北東,7,7,6,6,4649,和 田 操 拓,38,129,6.89,6,0.19,,1-3-5,820,3,1-3,170,1,1-3-5,460,2,1-3,170,1
20260922,福岡,9,予選特賞,晴,北東,7,7,1,1,4287,今 井 貴 士,73,165,7.00,1,0.13,1.53.8,1-3-5,3450,10,1-3,290,2,1-3-5,2270,7,1-3,260,1
20260922,福岡,9,予選特賞,晴,北東,7,7,2,3,5085,中 村 栄 治,45,140,6.98,3,0.15,1.55.2,1-3-5,3450,10,1-3,290,2,1-3-5,2270,7,1-3,260,1
20260922,福岡,9,予選特賞,晴,北東,7,7,3,5,4909,薮 内 瑞 希,41,101,6.98,5,0.21,1.56.3,1-3-5,3450,10,1-3,290,2,1-3-5,2270,7,1-3,260,1
20260922,福岡,9,予選特賞,晴,北東,7,7,4,6,4066,東 本 勝 利,11,115,6.98,6,0.19,1.56.4,1-3-5,3450,10,1-3,290,2,1-3-5,2270,7,1-3,260,1
20260922,福岡,9,予選特賞,晴,北東,7,7,5,2,4161,黒 柳 浩 孝,74,139,6.95,2,0.21,,1-3-5,3450,10,1-3,290,2,1-3-5,2270,7,1-3,260,1
20260922,福岡,9,予選特賞,晴,北東,7,7,6,4,5134,大 原 祥 昌,58,155,6.96,4,0.17,,1-3-5,3450,10,1-3,290,2,1-3-5,2270,7,1-3,260,1
20260922,福岡,10,予選特賞,晴,北東,7,7,1,2,4017,向 井 美 鈴,14,137,7.01,2,0.25,1.54.0,2-1-4,6390,23,2-1,2120,6,1-2-4,420,1,1-2,150,1
20260922,福岡,10,予選特賞,晴,北東,7,7,2,1,3582,吉 川 昭 男,70,134,6.92,1,0.21,1.55.5,2-1-4,6390,23,2-1,2120,6,1-2-4,420,1,1-2,150,1
20260922,福岡,10,予選特賞,晴,北東,7,7,3,4,4962,畑 竜 生,28,161,6.95,4,0.24,1.56.5,2-1-4,6390,23,2-1,2120,6,1-2-4,420,1,1-2,150,1
20260922,福岡,10,予選特賞,晴,北東,7,7,4,5,3303,渡 辺 豊,19,124,6.96,5,0.29,1.57.8,2-1-4,6390,23,2-1,2120,6,1-2-4,420,1,1-2,150,1
20260922,福岡,10,予選特賞,晴,北東,7,7,5,3,4656,大 崎 翔,50,141,7.05,3,0.20,,2-1-4,6390,23,2-1,2120,6,1-2-4,420,1,1-2,150,1
20260922,福岡,10,予選特賞,晴,北東,7,7,6,6,4607,鶴 田 勇 雄,17,106,6.93,6,0.27,,2-1-4,6390,23,2-1,2120,6,1-2-4,420,1,1-2,150,1
20260922,福岡,11,予選特選,晴,北東,7,7,1,1,4063,市 橋 卓 士,68,103,6.95,1,0.12,1.53.1,1-2-4,1050,4,1-2,350,2,1-2-4,530,3,1-2,230,1
20260922,福岡,11,予選特選,晴,北東,7,7,2,2,3629,浅 見 昌 克,31,160,6.95,2,0.16,1.54.1,1-2-4,1050,4,1-2,350,2,1-2-4,530,3,1-2,230,1
20260922,福岡,11,予選特選,晴,北東,7,7,3,4,3300,川 崎 智 幸,46,170,6.97,4,0.17,1.55.5,1-2-4,1050,4,1-2,350,2,1-2-4,530,3,1-2,230,1
20260922,福岡,11,予選特選,晴,北東,7,7,4,3,4254,川 島 圭 司,20,113,6.90,3,0.14,1.56.2,1-2-4,1050,4,1-2,350,2,1-2-4,530,3,1-2,230,1
20260922,福岡,11,予選特選,晴,北東,7,7,5,6,4269,杉 山 裕 也,40,152,6.90,6,0.18,,1-2-4,1050,4,1-2,350,2,1-2-4,530,3,1-2,230,1
20260922,福岡,11,予選特選,晴,北東,7,7,6,5,4764,小 池 礼 乃,66,136,6.90,5,0.17,,1-2-4,1050,4,1-2,350,2,1-2-4,530,3,1-2,230,1
20260922,福岡,12,ファン選抜,晴,北東,7,7,1,1,4024,井 口 佳 典,61,142,6.85,1,0.26,1.51.6,1-4-2,2180,8,1-4,500,3,1-2-4,490,3,1-4,410,3
20260922,福岡,12,ファン選抜,晴,北東,7,7,2,4,4391,松 田 祐 季,72,158,6.94,4,0.13,1.53.1,1-4-2,2180,8,1-4,500,3,1-2-4,490,3,1-4,410,3
20260922,福岡,12,ファン選抜,晴,北東,7,7,3,2,3388,今 垣 光太郎,55,146,6.99,2,0.21,1.54.2,1-4-2,2180,8,1-4,500,3,1-2-4,490,3,1-4,410,3
20260922,福岡,12,ファン選抜,晴,北東,7,7,4,5,4826,井 上 一 輝,75,121,6.93,5,0.14,1.54.8,1-4-2,2180,8,1-4,500,3,1-2-4,490,3,1-4,410,3
20260922,福岡,12,ファン選抜,晴,北東,7,7,5,3,5015,高 橋 竜 矢,25,117,6.92,3,0.14,,1-4-2,2180,8,1-4,500,3,1-2-4,490,3,1-4,410,3
20260922,福岡,12,ファン選抜,晴,北東,7,7,6,6,4736,高 倉 和 士,21,132,6.91,6,0.14,,1-4-2,2180,8,1-4,500,3,1-2-4,490,3,1-4,410,3
20260922,若松,1,予選,晴,北東,5,5,1,1,5029,中 亮 太,6,17,6.88,1,0.10,1.50.2,1-2-3,590,1,1-2,350,2,1-2-3,240,1,1-2,290,2
20260922,若松,1,予選,晴,北東,5,5,2,2,5257,西 丸 侑太朗,12,12,6.90,2,0.17,1.52.3,1-2-3,590,1,1-2,350,2,1-2-3,240,1,1-2,290,2
20260922,若松,1,予選,晴,北東,5,5,3,3,5016,宮 田 龍 馬,14,61,6.86,3,0.21,1.54.3,1-2-3,590,1,1-2,350,2,1-2-3,240,1,1-2,290,2
20260922,若松,1,予選,晴,北東,5,5,4,5,5255,藤 原 仙 二,60,35,6.92,5,0.28,1.55.1,1-2-3,590,1,1-2,350,2,1-2-3,240,1,1-2,290,2
20260922,若松,1,予選,晴,北東,5,5,5,4,4994,山 本 梨 菜,7,71,6.96,4,0.27,,1-2-3,590,1,1-2,350,2,1-2-3,240,1,1-2,290,2
20260922,若松,1,予選,晴,北東,5,5,6,6,5196,鰐 部 太空海,30,36,6.89,6,0.27,,1-2-3,590,1,1-2,350,2,1-2-3,240,1,1-2,290,2
20260922,若松,2,予選,晴,北東,5,5,1,2,5298,水 谷 理 人,32,63,7.01,2,0.15,1.50.0,2-5-1,7540,23,2-5,2820,8,1-2-5,490,1,2-5,1490,5
20260922,若松,2,予選,晴,北東,5,5,2,5,5267,石 本 裕 武,16,75,6.91,5,0.11,1.51.8,2-5-1,7540,23,2-5,2820,8,1-2-5,490,1,2-5,1490,5
20260922,若松,2,予選,晴,北東,5,5,3,1,4938,小 芦 るり華,5,24,6.97,1,0.18,1.53.4,2-5-1,7540,23,2-5,2820,8,1-2-5,490,1,2-5,1490,5
20260922,若松,2,予選,晴,北東,5,5,4,4,5017,澤 田 尚 也,3,39,6.91,4,0.12,1.55.1,2-5-1,7540,23,2-5,2820,8,1-2-5,490,1,2-5,1490,5
20260922,若松,2,予選,晴,北東,5,5,5,3,5064,品 川 二千翔,28,21,6.98,3,0.17,,2-5-1,7540,23,2-5,2820,8,1-2-5,490,1,2-5,1490,5
20260922,若松,2,予選,晴,北東,5,5,6,6,5217,藤 原 碧 生,41,38,6.91,6,0.19,,2-5-1,7540,23,2-5,2820,8,1-2-5,490,1,2-5,1490,5
20260922,若松,3,予選,晴,北東,5,5,1,1,5112,砂 長 知 輝,36,67,6.87,1,0.22,1.50.7,1-2-5,1350,4,1-2,440,2,1-2-5,720,3,1-2,320,2
20260922,若松,3,予選,晴,北東,5,5,2,2,4985,井 本 昌 也,13,43,6.87,2,0.15,1.52.9,1-2-5,1350,4,1-2,440,2,1-2-5,720,3,1-2,320,2
20260922,若松,3,予選,晴,北東,5,5,3,5,4983,前 田 篤 哉,34,20,6.84,5,0.21,1.54.3,1-2-5,1350,4,1-2,440,2,1-2-5,720,3,1-2,320,2
20260922,若松,3,予選,晴,北東,5,5,4,6,5191,飛 田 江 己,57,53,6.83,6,0.21,1.55.4,1-2-5,1350,4,1-2,440,2,1-2-5,720,3,1-2,320,2
20260922,若松,3,予選,晴,北東,5,5,5,3,5280,廣 瀬 凜,25,62,6.90,3,0.11,,1-2-5,1350,4,1-2,440,2,1-2-5,720,3,1-2,320,2
20260922,若松,3,予選,晴,北東,5,5,6,4,5330,安河内 鈴之介,47,54,6.85,4,0.21,,1-2-5,1350,4,1-2,440,2,1-2-5,720,3,1-2,320,2
20260922,若松,4,予選,晴,北東,4,4,1,3,5042,畑 田 汰 一,43,51,6.89,3,0.09,1.49.7,3-1-6,10080,38,3-1,2240,9,1-3-6,2630,12,1-3,580,2
20260922,若松,4,予選,晴,北東,4,4,2,1,5234,塚 越 海 斗,54,31,6.96,1,0.04,1.50.7,3-1-6,10080,38,3-1,2240,9,1-3-6,2630,12,1-3,580,2
20260922,若松,4,予選,晴,北東,4,4,3,6,4857,加 藤 翔 馬,4,34,6.90,6,0.12,1.52.2,3-1-6,10080,38,3-1,2240,9,1-3-6,2630,12,1-3,580,2
20260922,若松,4,予選,晴,北東,4,4,4,5,5220,青 木 蓮,53,42,6.85,5,0.09,1.53.2,3-1-6,10080,38,3-1,2240,9,1-3-6,2630,12,1-3,580,2
20260922,若松,4,予選,晴,北東,4,4,5,4,5193,米 丸 乃 絵,38,15,6.91,4,0.08,,3-1-6,10080,38,3-1,2240,9,1-3-6,2630,12,1-3,580,2
20260922,若松,4,予選,晴,北東,4,4,6,2,5034,若 林 義 人,49,65,6.83,2,0.07,,3-1-6,10080,38,3-1,2240,9,1-3-6,2630,12,1-3,580,2
20260922,若松,5,予選,晴,北東,4,4,1,5,5043,中 村 日 向,45,73,6.86,5,0.11,1.49.5,5-4-3,5810,24,5-4,1870,8,3-4-5,1150,7,4-5,700,5
20260922,若松,5,予選,晴,北東,4,4,2,4,4939,宮之原 輝 紀,52,48,7.02,4,0.09,1.52.1,5-4-3,5810,24,5-4,1870,8,3-4-5,1150,7,4-5,700,5
20260922,若松,5,予選,晴,北東,4,4,3,3,5166,仲 道 大 輔,39,25,6.97,3,0.12,1.54.2,5-4-3,5810,24,5-4,1870,8,3-4-5,1150,7,4-5,700,5
20260922,若松,5,予選,晴,北東,4,4,4,1,5066,鈴 木 孝 明,50,47,6.95,1,0.08,1.55.3,5-4-3,5810,24,5-4,1870,8,3-4-5,1150,7,4-5,700,5
20260922,若松,5,予選,晴,北東,4,4,5,6,5092,篠 原 晟 弥,2,27,7.02,6,0.11,,5-4-3,5810,24,5-4,1870,8,3-4-5,1150,7,4-5,700,5
20260922,若松,5,予選,晴,北東,4,4,6,2,5218,山 田 理 央,26,13,6.91,2,0.16,,5-4-3,5810,24,5-4,1870,8,3-4-5,1150,7,4-5,700,5
20260922,若松,6,予選,晴,北東,4,4,1,2,5145,島 川 海 輝,42,60,6.93,2,0.11,1.50.8,2-6-4,24220,80,2-6,6850,22,2-4-6,5690,17,2-6,3160,11
20260922,若松,6,予選,晴,北東,4,4,2,6,5141,大 澤 風 葵,35,16,6.84,6,0.11,1.51.9,2-6-4,24220,80,2-6,6850,22,2-4-6,5690,17,2-6,3160,11
20260922,若松,6,予選,晴,北東,4,4,3,4,5256,中 山 翔 太,61,33,6.98,4,0.11,1.53.5,2-6-4,24220,80,2-6,6850,22,2-4-6,5690,17,2-6,3160,11
20260922,若松,6,予選,晴,北東,4,4,4,5,5028,原 田 才一郎,33,74,6.89,5,0.13,1.54.8,2-6-4,24220,80,2-6,6850,22,2-4-6,5690,17,2-6,3160,11
20260922,若松,6,予選,晴,北東,4,4,5,3,5045,平 川 香 織,9,55,6.99,3,0.13,,2-6-4,24220,80,2-6,6850,22,2-4-6,5690,17,2-6,3160,11
20260922,若松,6,予選,晴,北東,4,4,6,1,5255,藤 原 仙 二,60,35,6.97,1,0.22,,2-6-4,24220,80,2-6,6850,22,2-4-6,5690,17,2-6,3160,11
20260922,若松,7,予選,晴,北東,5,5,1,1,5089,前 田 翔,15,23,6.98,1,0.05,1.49.4,1-3-5,1750,5,1-3,390,1,1-3-5,980,4,1-3,280,1
20260922,若松,7,予選,晴,北東,5,5,2,3,5267,石 本 裕 武,16,75,6.94,3,0.03,1.51.2,1-3-5,1750,5,1-3,390,1,1-3-5,980,4,1-3,280,1
20260922,若松,7,予選,晴,北東,5,5,3,5,5016,宮 田 龍 馬,14,61,6.89,5,0.08,1.52.4,1-3-5,1750,5,1-3,390,1,1-3-5,980,4,1-3,280,1
20260922,若松,7,予選,晴,北東,5,5,4,4,5018,竹 下 大 樹,20,64,6.89,4,0.01,1.53.1,1-3-5,1750,5,1-3,390,1,1-3-5,980,4,1-3,280,1
20260922,若松,7,予選,晴,北東,5,5,5,2,5191,飛 田 江 己,57,53,6.96,2,0.11,,1-3-5,1750,5,1-3,390,1,1-3-5,980,4,1-3,280,1
20260922,若松,7,予選,晴,北東,5,5,6,6,5136,濱 野 斗 馬,51,46,6.83,6,0.12,,1-3-5,1750,5,1-3,390,1,1-3-5,980,4,1-3,280,1
20260922,若松,8,予選,晴,北東,5,5,1,1,5017,澤 田 尚 也,3,39,6.87,1,0.04,1.50.8,1-3-5,1230,2,1-3,360,1,1-3-5,610,2,1-3,370,2
20260922,若松,8,予選,晴,北東,5,5,2,3,5193,米 丸 乃 絵,38,15,6.94,3,0.12,1.51.8,1-3-5,1230,2,1-3,360,1,1-3-5,610,2,1-3,370,2
20260922,若松,8,予選,晴,北東,5,5,3,5,5275,松 田 淳 平,59,45,6.90,5,0.13,1.52.9,1-3-5,1230,2,1-3,360,1,1-3-5,610,2,1-3,370,2
20260922,若松,8,予選,晴,北東,5,5,4,6,4991,宗 行 治 哉,23,68,6.95,6,0.17,1.54.6,1-3-5,1230,2,1-3,360,1,1-3-5,610,2,1-3,370,2
20260922,若松,8,予選,晴,北東,5,5,5,2,5196,鰐 部 太空海,30,36,6.91,2,0.12,,1-3-5,1230,2,1-3,360,1,1-3-5,610,2,1-3,370,2
20260922,若松,8,予選,晴,北東,5,5,6,4,4985,井 本 昌 也,13,43,6.97,4,0.14,,1-3-5,1230,2,1-3,360,1,1-3-5,610,2,1-3,370,2
20260922,若松,9,予選,晴,北東,4,4,1,1,5043,中 村 日 向,45,73,6.85,1,0.09,1.49.9,1-2-6,1810,5,1-2,400,2,1-2-6,800,6,1-2,350,2
20260922,若松,9,予選,晴,北東,4,4,2,2,4938,小 芦 るり華,5,24,6.88,3,0.13,1.51.4,1-2-6,1810,5,1-2,400,2,1-2-6,800,6,1-2,350,2
20260922,若松,9,予選,晴,北東,4,4,3,6,5139,大 場 恒 季,22,26,6.93,2,0.10,1.53.4,1-2-6,1810,5,1-2,400,2,1-2-6,800,6,1-2,350,2
20260922,若松,9,予選,晴,北東,4,4,4,5,5280,廣 瀬 凜,25,62,6.92,6,0.15,1.53.8,1-2-6,1810,5,1-2,400,2,1-2-6,800,6,1-2,350,2
20260922,若松,9,予選,晴,北東,4,4,5,4,5042,畑 田 汰 一,43,51,6.97,5,0.18,,1-2-6,1810,5,1-2,400,2,1-2-6,800,6,1-2,350,2
20260922,若松,9,予選,晴,北東,4,4,6,3,5158,宮 脇 遼 太,18,59,6.93,4,0.15,,1-2-6,1810,5,1-2,400,2,1-2-6,800,6,1-2,350,2
20260922,若松,10,予選,晴,北東,3,3,1,3,4939,宮之原 輝 紀,52,48,6.91,1,0.13,1.49.8,3-1-4,4240,13,3-1,850,3,1-3-4,750,3,1-3,290,1
20260922,若松,10,予選,晴,北東,3,3,2,1,5163,清 水 愛 海,48,41,6.88,2,0.27,1.51.4,3-1-4,4240,13,3-1,850,3,1-3-4,750,3,1-3,290,1
20260922,若松,10,予選,晴,北東,3,3,3,4,5234,塚 越 海 斗,54,31,6.91,4,0.19,1.52.9,3-1-4,4240,13,3-1,850,3,1-3-4,750,3,1-3,290,1
20260922,若松,10,予選,晴,北東,3,3,4,2,4983,前 田 篤 哉,34,20,6.82,3,0.22,1.54.1,3-1-4,4240,13,3-1,850,3,1-3-4,750,3,1-3,290,1
20260922,若松,10,予選,晴,北東,3,3,5,5,5298,水 谷 理 人,32,63,6.88,5,0.15,,3-1-4,4240,13,3-1,850,3,1-3-4,750,3,1-3,290,1
20260922,若松,10,予選,晴,北東,3,3,6,6,5087,佐 藤 航,19,37,6.88,6,0.17,,3-1-4,4240,13,3-1,850,3,1-3-4,750,3,1-3,290,1
20260922,若松,11,予選,晴,北東,4,4,1,2,4857,加 藤 翔 馬,4,34,6.91,2,0.18,1.49.2,2-1-3,6740,19,2-1,1130,5,1-2-3,450,1,1-2,240,1
20260922,若松,11,予選,晴,北東,4,4,2,1,5028,原 田 才一郎,33,74,6.85,1,0.19,1.50.6,2-1-3,6740,19,2-1,1130,5,1-2-3,450,1,1-2,240,1
20260922,若松,11,予選,晴,北東,4,4,3,3,5281,井 上 遥 妃,24,72,6.87,3,0.17,1.52.1,2-1-3,6740,19,2-1,1130,5,1-2-3,450,1,1-2,240,1
20260922,若松,11,予選,晴,北東,4,4,4,5,5089,前 田 翔,15,23,6.89,5,0.21,1.53.8,2-1-3,6740,19,2-1,1130,5,1-2-3,450,1,1-2,240,1
20260922,若松,11,予選,晴,北東,4,4,5,6,5222,津 田 陸 翔,31,57,6.83,6,0.26,,2-1-3,6740,19,2-1,1130,5,1-2-3,450,1,1-2,240,1
20260922,若松,11,予選,晴,北東,4,4,6,4,5112,砂 長 知 輝,36,67,6.94,4,0.20,,2-1-3,6740,19,2-1,1130,5,1-2-3,450,1,1-2,240,1
20260922,若松,12,ドリーム戦,晴,北東,3,3,1,1,5142,常 住 蓮,46,30,6.85,1,0.12,1.49.3,1-2-3,570,1,1-2,250,1,1-2-3,250,1,1-2,240,1
20260922,若松,12,ドリーム戦,晴,北東,3,3,2,2,4914,吉 田 裕 平,40,70,6.89,2,0.13,1.50.5,1-2-3,570,1,1-2,250,1,1-2-3,250,1,1-2,240,1
20260922,若松,12,ドリーム戦,晴,北東,3,3,3,3,5224,西 岡 顕 心,58,69,6.90,3,0.18,1.50.9,1-2-3,570,1,1-2,250,1,1-2-3,250,1,1-2,240,1
20260922,若松,12,ドリーム戦,晴,北東,3,3,4,5,5278,田 中 駿 兵,21,11,6.87,5,0.09,1.52.4,1-2-3,570,1,1-2,250,1,1-2-3,250,1,1-2,240,1
20260922,若松,12,ドリーム戦,晴,北東,3,3,5,6,5132,中 野 希 一,17,32,6.91,6,0.16,,1-2-3,570,1,1-2,250,1,1-2-3,250,1,1-2,240,1
20260922,若松,12,ドリーム戦,晴,北東,3,3,6,4,5088,高 憧 四 季,44,44,6.90,4,0.15,,1-2-3,570,1,1-2,250,1,1-2-3,250,1,1-2,240,1
